Date,flow_cms,ssc_mg_L,ssc_sand_mg_L,ssc_silt_mg_L,ssc_clay_mg_L
1995-10-01,0.0,0.0,0.0,0.0,0.0
1995-10-02,0.0,0.0,0.0,0.0,0.0
1995-10-03,0.0,0.0,0.0,0.0,0.0
1995-10-04,0.0,0.0,0.0,0.0,0.0
1995-10-05,0.0,0.0,0.0,0.0,0.0
1995-10-06,0.0,0.0,0.0,0.0,0.0
1995-10-07,0.0,0.0,0.0,0.0,0.0
1995-10-08,0.0,0.0,0.0,0.0,0.0
1995-10-09,0.0,0.0,0.0,0.0,0.0
1995-10-10,0.0,0.0,0.0,0.0,0.0
1995-10-11,0.0,0.0,0.0,0.0,0.0
1995-10-12,0.0,0.0,0.0,0.0,0.0
1995-10-13,0.0,0.0,0.0,0.0,0.0
1995-10-14,0.0,0.0,0.0,0.0,0.0
1995-10-15,0.0,0.0,0.0,0.0,0.0
1995-10-16,0.0,0.0,0.0,0.0,0.0
1995-10-17,0.0,0.0,0.0,0.0,0.0
1995-10-18,0.0,0.0,0.0,0.0,0.0
1995-10-19,0.0,0.0,0.0,0.0,0.0
1995-10-20,0.0,0.0,0.0,0.0,0.0
1995-10-21,0.0,0.0,0.0,0.0,0.0
1995-10-22,0.0,0.0,0.0,0.0,0.0
1995-10-23,0.0,0.0,0.0,0.0,0.0
1995-10-24,0.0,0.0,0.0,0.0,0.0
1995-10-25,0.0,0.0,0.0,0.0,0.0
1995-10-26,0.0,0.0,0.0,0.0,0.0
1995-10-27,0.0,0.0,0.0,0.0,0.0
1995-10-28,0.0,0.0,0.0,0.0,0.0
1995-10-29,0.0,0.0,0.0,0.0,0.0
1995-10-30,0.0,0.0,0.0,0.0,0.0
1995-10-31,0.0,0.0,0.0,0.0,0.0
1995-11-01,0.0,0.0,0.0,0.0,0.0
1995-11-02,0.0,0.0,0.0,0.0,0.0
1995-11-03,0.0,0.0,0.0,0.0,0.0
1995-11-04,0.0,0.0,0.0,0.0,0.0
1995-11-05,0.0,0.0,0.0,0.0,0.0
1995-11-06,0.0,0.0,0.0,0.0,0.0
1995-11-07,0.0,0.0,0.0,0.0,0.0
1995-11-08,0.0,0.0,0.0,0.0,0.0
1995-11-09,0.0,0.0,0.0,0.0,0.0
1995-11-10,0.0,0.0,0.0,0.0,0.0
1995-11-11,0.0,0.0,0.0,0.0,0.0
1995-11-12,0.0,0.0,0.0,0.0,0.0
1995-11-13,0.0,0.0,0.0,0.0,0.0
1995-11-14,0.0,0.0,0.0,0.0,0.0
1995-11-15,0.0,0.0,0.0,0.0,0.0
1995-11-16,0.0,0.0,0.0,0.0,0.0
1995-11-17,0.0,0.0,0.0,0.0,0.0
1995-11-18,0.0,0.0,0.0,0.0,0.0
1995-11-19,0.0,0.0,0.0,0.0,0.0
1995-11-20,0.0,0.0,0.0,0.0,0.0
1995-11-21,0.0,0.0,0.0,0.0,0.0
1995-11-22,0.0,0.0,0.0,0.0,0.0
1995-11-23,0.0,0.0,0.0,0.0,0.0
1995-11-24,0.0,0.0,0.0,0.0,0.0
1995-11-25,0.0,0.0,0.0,0.0,0.0
1995-11-26,0.0,0.0,0.0,0.0,0.0
1995-11-27,0.0,0.0,0.0,0.0,0.0
1995-11-28,0.0,0.0,0.0,0.0,0.0
1995-11-29,0.0,0.0,0.0,0.0,0.0
1995-11-30,0.0,0.0,0.0,0.0,0.0
1995-12-01,0.0,0.0,0.0,0.0,0.0
1995-12-02,0.0,0.0,0.0,0.0,0.0
1995-12-03,0.0,0.0,0.0,0.0,0.0
1995-12-04,0.0,0.0,0.0,0.0,0.0
1995-12-05,0.0,0.0,0.0,0.0,0.0
1995-12-06,0.0,0.0,0.0,0.0,0.0
1995-12-07,0.0,0.0,0.0,0.0,0.0
1995-12-08,0.0,0.0,0.0,0.0,0.0
1995-12-09,0.0,0.0,0.0,0.0,0.0
1995-12-10,0.262,381.86,11.17,160.07,210.62
1995-12-11,3.902,516.7,12.98,217.52,286.2
1995-12-12,2.795,300.91,12.99,124.33,163.59
1995-12-13,0.843,197.76,12.29,80.09,105.38
1995-12-14,0.375,102.76,11.72,39.31,51.73
1995-12-15,0.764,109.63,11.82,42.24,55.57
1995-12-16,0.279,74.96,12.22,27.09,35.65
1995-12-17,0.149,32.11,11.95,7.25,12.91
1995-12-18,0.288,60.14,11.57,20.38,28.19
1995-12-19,0.178,32.12,12.02,7.71,12.4
1995-12-20,0.16,23.25,11.76,2.94,8.55
1995-12-21,0.183,44.75,10.7,13.43,20.62
1995-12-22,0.376,160.56,12.12,63.95,84.49
1995-12-23,0.183,66.53,12.06,21.29,33.18
1995-12-24,0.116,22.27,11.94,0.03,10.3
1995-12-25,0.086,15.25,11.86,0.01,3.39
1995-12-26,0.077,13.37,11.78,0.0,1.59
1995-12-27,0.076,12.99,11.77,0.0,1.21
1995-12-28,0.073,12.94,11.79,0.0,1.15
1995-12-29,0.425,66.74,11.08,23.74,31.92
1995-12-30,0.472,61.46,12.14,21.24,28.08
1995-12-31,0.192,34.59,12.12,8.78,13.68
1996-01-01,0.116,16.85,11.92,0.03,4.9
1996-01-02,0.095,13.78,11.81,0.01,1.97
1996-01-03,0.087,13.11,11.8,0.01,1.3
1996-01-04,0.079,12.98,11.81,0.0,1.17
1996-01-05,0.069,12.93,11.8,0.0,1.13
1996-01-06,0.065,12.91,11.8,0.0,1.11
1996-01-07,0.058,12.89,11.82,0.0,1.08
1996-01-08,0.052,12.84,11.83,0.0,1.01
1996-01-09,0.045,12.72,11.79,0.0,0.93
1996-01-10,0.042,12.71,11.8,0.0,0.9
1996-01-11,0.036,12.73,11.87,0.0,0.85
1996-01-12,0.03,12.59,11.8,0.0,0.79
1996-01-13,0.028,12.57,11.79,0.0,0.78
1996-01-14,0.024,12.66,11.91,0.0,0.75
1996-01-15,0.572,165.34,10.9,65.31,89.12
1996-01-16,1.426,127.7,11.7,49.89,66.11
1996-01-17,0.906,145.89,11.96,57.78,76.16
1996-01-18,0.815,133.05,11.62,52.42,69.01
1996-01-19,0.837,64.82,11.99,22.81,30.02
1996-01-20,0.623,45.84,11.24,14.94,19.66
1996-01-21,1.024,89.55,12.01,33.48,44.05
1996-01-22,0.6,37.85,11.93,11.19,14.73
1996-01-23,0.652,32.04,11.36,8.93,11.75
1996-01-24,1.295,51.17,11.46,17.15,22.56
1996-01-25,1.49,50.67,11.96,16.71,21.99
1996-01-26,1.146,31.13,11.72,8.38,11.03
1996-01-27,2.27,101.18,11.56,38.7,50.92
1996-01-28,1.798,44.08,11.92,13.89,18.27
1996-01-29,1.396,21.17,11.81,4.04,5.32
1996-01-30,1.821,62.48,11.15,22.16,29.16
1996-01-31,4.29,114.03,13.72,43.32,56.99
1996-02-01,2.998,37.0,11.87,10.85,14.28
1996-02-02,2.43,19.05,11.86,3.11,4.09
1996-02-03,2.589,28.03,11.45,7.16,9.42
1996-02-04,5.594,77.7,15.27,26.96,35.47
1996-02-05,4.867,36.14,14.93,9.16,12.05
1996-02-06,3.597,17.72,12.54,2.24,2.94
1996-02-07,2.92,14.51,11.86,1.14,1.5
1996-02-08,2.318,14.02,11.88,0.93,1.22
1996-02-09,1.807,13.91,11.88,0.88,1.15
1996-02-10,1.404,13.89,11.88,0.87,1.14
1996-02-11,1.086,13.88,11.88,0.86,1.14
1996-02-12,0.828,13.89,11.89,0.86,1.13
1996-02-13,0.634,13.88,11.88,0.86,1.13
1996-02-14,0.486,13.88,11.89,0.86,1.13
1996-02-15,0.581,86.63,11.03,32.65,42.96
1996-02-16,1.158,113.41,11.88,43.84,57.69
1996-02-17,0.946,40.27,11.82,12.29,16.17
1996-02-18,1.078,50.62,11.1,17.06,22.45
1996-02-19,2.836,76.46,11.57,28.02,36.87
1996-02-20,4.196,45.15,13.1,13.84,18.21
1996-02-21,5.771,50.68,15.84,15.05,19.8
1996-02-22,4.444,22.76,14.16,3.72,4.89
1996-02-23,3.306,15.34,12.13,1.38,1.82
1996-02-24,2.581,14.16,11.89,0.98,1.29
1996-02-25,1.941,13.96,11.9,0.89,1.17
1996-02-26,1.433,13.92,11.91,0.87,1.14
1996-02-27,1.579,40.21,11.64,12.34,16.24
1996-02-28,1.762,28.33,11.7,7.18,9.45
1996-02-29,1.791,21.11,11.8,4.02,5.29
1996-03-01,1.402,15.81,11.9,1.69,2.22
1996-03-02,1.042,14.37,11.9,1.06,1.4
1996-03-03,0.787,13.99,11.88,0.91,1.2
1996-03-04,1.325,43.86,11.28,14.07,18.51
1996-03-05,1.942,35.31,11.81,10.15,13.35
1996-03-06,1.526,18.99,11.89,3.06,4.03
1996-03-07,1.146,15.13,11.9,1.4,1.84
1996-03-08,0.832,14.23,11.93,1.0,1.31
1996-03-09,0.59,14.0,11.93,0.9,1.18
1996-03-10,0.448,13.86,11.85,0.87,1.14
1996-03-11,0.902,74.24,11.14,27.25,35.86
1996-03-12,2.619,83.42,11.58,31.02,40.82
1996-03-13,2.151,32.42,11.9,8.86,11.65
1996-03-14,1.582,18.49,11.91,2.84,3.74
1996-03-15,1.156,15.05,11.91,1.36,1.78
1996-03-16,0.84,14.2,11.92,0.99,1.3
1996-03-17,0.594,14.0,11.93,0.89,1.18
1996-03-18,0.415,13.95,11.93,0.87,1.14
1996-03-19,0.284,13.95,11.95,0.86,1.14
1996-03-20,0.194,13.78,11.94,0.71,1.13
1996-03-21,0.13,13.29,11.97,0.19,1.13
1996-03-22,0.081,13.15,12.02,0.01,1.13
1996-03-23,0.051,12.96,11.92,0.0,1.04
1996-03-24,0.034,12.83,11.97,0.0,0.86
1996-03-25,0.02,12.74,12.04,0.0,0.7
1996-03-26,0.009,12.71,12.17,0.0,0.54
1996-03-27,0.003,12.66,12.33,0.0,0.32
1996-03-28,0.001,12.73,12.44,0.0,0.29
1996-03-29,0.0,12.64,12.56,0.0,0.08
1996-03-30,0.0,12.58,12.56,0.0,0.02
1996-03-31,0.0,12.56,12.56,0.0,0.0
1996-04-01,1.363,415.55,11.29,174.57,229.7
1996-04-02,0.957,168.5,12.05,67.56,88.89
1996-04-03,0.604,58.52,11.94,20.11,26.46
1996-04-04,0.419,25.64,11.94,5.92,7.79
1996-04-05,0.298,16.9,11.91,2.15,2.83
1996-04-06,0.218,14.63,11.91,1.16,1.56
1996-04-07,0.158,13.78,11.92,0.62,1.24
1996-04-08,0.114,13.11,11.91,0.04,1.16
1996-04-09,0.082,13.07,11.93,0.01,1.14
1996-04-10,0.059,12.99,11.9,0.0,1.09
1996-04-11,0.042,12.9,11.95,0.0,0.95
1996-04-12,0.026,12.74,11.97,0.0,0.77
1996-04-13,0.015,12.69,12.04,0.0,0.64
1996-04-14,0.006,12.71,12.23,0.0,0.48
1996-04-15,0.001,12.71,12.56,0.0,0.15
1996-04-16,0.091,39.13,11.33,1.35,26.45
1996-04-17,0.082,28.63,11.04,1.26,16.33
1996-04-18,0.239,37.35,11.8,8.87,16.67
1996-04-19,0.146,21.02,11.93,2.65,6.44
1996-04-20,0.106,14.41,11.92,0.02,2.46
1996-04-21,0.081,13.28,11.84,0.01,1.44
1996-04-22,0.065,13.11,11.92,0.0,1.18
1996-04-23,0.046,12.92,11.91,0.0,1.01
1996-04-24,0.031,12.72,11.89,0.0,0.83
1996-04-25,0.024,12.71,11.96,0.0,0.75
1996-04-26,0.012,12.77,12.16,0.0,0.6
1996-04-27,0.005,12.65,12.21,0.0,0.45
1996-04-28,0.001,12.69,12.54,0.0,0.15
1996-04-29,0.0,12.6,12.56,0.0,0.04
1996-04-30,0.0,12.57,12.56,0.0,0.01
1996-05-01,0.0,12.56,12.56,0.0,0.0
1996-05-02,0.0,12.56,12.56,0.0,0.0
1996-05-03,0.0,12.56,12.56,0.0,0.0
1996-05-04,0.0,12.56,12.56,0.0,0.0
1996-05-05,0.0,12.56,12.56,0.0,0.0
1996-05-06,0.0,0.0,0.0,0.0,0.0
1996-05-07,0.0,0.0,0.0,0.0,0.0
1996-05-08,0.0,0.0,0.0,0.0,0.0
1996-05-09,0.0,0.0,0.0,0.0,0.0
1996-05-10,0.0,0.0,0.0,0.0,0.0
1996-05-11,0.0,0.0,0.0,0.0,0.0
1996-05-12,0.0,0.0,0.0,0.0,0.0
1996-05-13,0.0,0.0,0.0,0.0,0.0
1996-05-14,0.398,109.08,11.17,40.21,57.7
1996-05-15,0.931,110.82,11.07,42.69,57.06
1996-05-16,1.693,106.18,11.97,40.64,53.56
1996-05-17,1.001,49.22,11.8,16.15,21.27
1996-05-18,0.854,33.44,11.97,9.27,12.2
1996-05-19,0.597,18.99,11.92,3.05,4.02
1996-05-20,0.444,15.13,11.89,1.4,1.84
1996-05-21,0.408,13.95,11.71,0.97,1.27
1996-05-22,0.344,14.03,11.95,0.9,1.18
1996-05-23,0.244,13.93,11.92,0.87,1.14
1996-05-24,0.174,13.68,11.9,0.65,1.13
1996-05-25,0.136,13.24,11.88,0.22,1.13
1996-05-26,0.105,13.03,11.87,0.02,1.13
1996-05-27,0.083,12.99,11.85,0.01,1.13
1996-05-28,0.066,12.97,11.86,0.0,1.1
1996-05-29,0.053,12.91,11.87,0.0,1.04
1996-05-30,0.039,12.84,11.92,0.0,0.91
1996-05-31,0.026,12.74,11.98,0.0,0.77
1996-06-01,0.015,12.64,11.99,0.0,0.65
1996-06-02,0.008,12.68,12.13,0.0,0.56
1996-06-03,0.002,12.69,12.44,0.0,0.25
1996-06-04,0.0,12.63,12.56,0.0,0.07
1996-06-05,0.0,12.58,12.56,0.0,0.02
1996-06-06,0.0,12.56,12.56,0.0,0.0
1996-06-07,0.0,12.56,12.56,0.0,0.0
1996-06-08,0.0,12.56,12.56,0.0,0.0
1996-06-09,0.0,12.56,12.56,0.0,0.0
1996-06-10,0.0,12.56,12.56,0.0,0.0
1996-06-11,0.0,0.0,0.0,0.0,0.0
1996-06-12,0.0,0.0,0.0,0.0,0.0
1996-06-13,0.0,0.0,0.0,0.0,0.0
1996-06-14,0.0,0.0,0.0,0.0,0.0
1996-06-15,0.0,0.0,0.0,0.0,0.0
1996-06-16,0.0,0.0,0.0,0.0,0.0
1996-06-17,0.0,0.0,0.0,0.0,0.0
1996-06-18,0.0,0.0,0.0,0.0,0.0
1996-06-19,0.0,0.0,0.0,0.0,0.0
1996-06-20,0.0,0.0,0.0,0.0,0.0
1996-06-21,0.0,0.0,0.0,0.0,0.0
1996-06-22,0.0,0.0,0.0,0.0,0.0
1996-06-23,0.0,0.0,0.0,0.0,0.0
1996-06-24,0.0,0.0,0.0,0.0,0.0
1996-06-25,0.0,0.0,0.0,0.0,0.0
1996-06-26,0.0,0.0,0.0,0.0,0.0
1996-06-27,0.0,0.0,0.0,0.0,0.0
1996-06-28,0.0,0.0,0.0,0.0,0.0
1996-06-29,0.0,0.0,0.0,0.0,0.0
1996-06-30,0.0,0.0,0.0,0.0,0.0
1996-07-01,0.0,0.0,0.0,0.0,0.0
1996-07-02,0.0,0.0,0.0,0.0,0.0
1996-07-03,0.0,0.0,0.0,0.0,0.0
1996-07-04,0.0,0.0,0.0,0.0,0.0
1996-07-05,0.0,0.0,0.0,0.0,0.0
1996-07-06,0.0,0.0,0.0,0.0,0.0
1996-07-07,0.0,0.0,0.0,0.0,0.0
1996-07-08,0.0,0.0,0.0,0.0,0.0
1996-07-09,0.0,0.0,0.0,0.0,0.0
1996-07-10,0.0,0.0,0.0,0.0,0.0
1996-07-11,0.0,0.0,0.0,0.0,0.0
1996-07-12,0.0,0.0,0.0,0.0,0.0
1996-07-13,0.0,0.0,0.0,0.0,0.0
1996-07-14,0.0,0.0,0.0,0.0,0.0
1996-07-15,0.0,0.0,0.0,0.0,0.0
1996-07-16,0.0,0.0,0.0,0.0,0.0
1996-07-17,0.0,0.0,0.0,0.0,0.0
1996-07-18,0.0,0.0,0.0,0.0,0.0
1996-07-19,0.0,0.0,0.0,0.0,0.0
1996-07-20,0.0,0.0,0.0,0.0,0.0
1996-07-21,0.0,0.0,0.0,0.0,0.0
1996-07-22,0.0,0.0,0.0,0.0,0.0
1996-07-23,0.0,0.0,0.0,0.0,0.0
1996-07-24,0.0,0.0,0.0,0.0,0.0
1996-07-25,0.0,0.0,0.0,0.0,0.0
1996-07-26,0.0,0.0,0.0,0.0,0.0
1996-07-27,0.0,0.0,0.0,0.0,0.0
1996-07-28,0.0,0.0,0.0,0.0,0.0
1996-07-29,0.0,0.0,0.0,0.0,0.0
1996-07-30,0.0,0.0,0.0,0.0,0.0
1996-07-31,0.0,0.0,0.0,0.0,0.0
1996-08-01,0.0,0.0,0.0,0.0,0.0
1996-08-02,0.0,0.0,0.0,0.0,0.0
1996-08-03,0.0,0.0,0.0,0.0,0.0
1996-08-04,0.0,0.0,0.0,0.0,0.0
1996-08-05,0.0,0.0,0.0,0.0,0.0
1996-08-06,0.0,0.0,0.0,0.0,0.0
1996-08-07,0.0,0.0,0.0,0.0,0.0
1996-08-08,0.0,0.0,0.0,0.0,0.0
1996-08-09,0.0,0.0,0.0,0.0,0.0
1996-08-10,0.0,0.0,0.0,0.0,0.0
1996-08-11,0.0,0.0,0.0,0.0,0.0
1996-08-12,0.0,0.0,0.0,0.0,0.0
1996-08-13,0.0,0.0,0.0,0.0,0.0
1996-08-14,0.0,0.0,0.0,0.0,0.0
1996-08-15,0.0,0.0,0.0,0.0,0.0
1996-08-16,0.0,0.0,0.0,0.0,0.0
1996-08-17,0.0,0.0,0.0,0.0,0.0
1996-08-18,0.0,0.0,0.0,0.0,0.0
1996-08-19,0.0,0.0,0.0,0.0,0.0
1996-08-20,0.0,0.0,0.0,0.0,0.0
1996-08-21,0.0,0.0,0.0,0.0,0.0
1996-08-22,0.0,0.0,0.0,0.0,0.0
1996-08-23,0.0,0.0,0.0,0.0,0.0
1996-08-24,0.0,0.0,0.0,0.0,0.0
1996-08-25,0.0,0.0,0.0,0.0,0.0
1996-08-26,0.0,0.0,0.0,0.0,0.0
1996-08-27,0.0,0.0,0.0,0.0,0.0
1996-08-28,0.0,0.0,0.0,0.0,0.0
1996-08-29,0.0,0.0,0.0,0.0,0.0
1996-08-30,0.0,0.0,0.0,0.0,0.0
1996-08-31,0.0,0.0,0.0,0.0,0.0
1996-09-01,0.0,0.0,0.0,0.0,0.0
1996-09-02,0.0,0.0,0.0,0.0,0.0
1996-09-03,0.0,0.0,0.0,0.0,0.0
1996-09-04,0.0,0.0,0.0,0.0,0.0
1996-09-05,0.0,0.0,0.0,0.0,0.0
1996-09-06,0.0,0.0,0.0,0.0,0.0
1996-09-07,0.0,0.0,0.0,0.0,0.0
1996-09-08,0.0,0.0,0.0,0.0,0.0
1996-09-09,0.0,0.0,0.0,0.0,0.0
1996-09-10,0.0,0.0,0.0,0.0,0.0
1996-09-11,0.0,0.0,0.0,0.0,0.0
1996-09-12,0.0,0.0,0.0,0.0,0.0
1996-09-13,0.0,0.0,0.0,0.0,0.0
1996-09-14,0.0,0.0,0.0,0.0,0.0
1996-09-15,0.0,0.0,0.0,0.0,0.0
1996-09-16,0.0,0.0,0.0,0.0,0.0
1996-09-17,0.0,0.0,0.0,0.0,0.0
1996-09-18,0.0,0.0,0.0,0.0,0.0
1996-09-19,0.0,0.0,0.0,0.0,0.0
1996-09-20,0.0,0.0,0.0,0.0,0.0
1996-09-21,0.0,0.0,0.0,0.0,0.0
1996-09-22,0.0,0.0,0.0,0.0,0.0
1996-09-23,0.0,0.0,0.0,0.0,0.0
1996-09-24,0.0,0.0,0.0,0.0,0.0
1996-09-25,0.0,0.0,0.0,0.0,0.0
1996-09-26,0.0,0.0,0.0,0.0,0.0
1996-09-27,0.0,0.0,0.0,0.0,0.0
1996-09-28,0.0,0.0,0.0,0.0,0.0
1996-09-29,0.0,0.0,0.0,0.0,0.0
1996-09-30,0.0,0.0,0.0,0.0,0.0
1996-10-01,0.0,0.0,0.0,0.0,0.0
1996-10-02,0.0,0.0,0.0,0.0,0.0
1996-10-03,0.0,0.0,0.0,0.0,0.0
1996-10-04,0.0,0.0,0.0,0.0,0.0
1996-10-05,0.0,0.0,0.0,0.0,0.0
1996-10-06,0.0,0.0,0.0,0.0,0.0
1996-10-07,0.0,0.0,0.0,0.0,0.0
1996-10-08,0.0,0.0,0.0,0.0,0.0
1996-10-09,0.0,0.0,0.0,0.0,0.0
1996-10-10,0.0,0.0,0.0,0.0,0.0
1996-10-11,0.0,0.0,0.0,0.0,0.0
1996-10-12,0.0,0.0,0.0,0.0,0.0
1996-10-13,0.0,0.0,0.0,0.0,0.0
1996-10-14,0.0,0.0,0.0,0.0,0.0
1996-10-15,0.0,0.0,0.0,0.0,0.0
1996-10-16,0.0,0.0,0.0,0.0,0.0
1996-10-17,0.0,0.0,0.0,0.0,0.0
1996-10-18,0.0,0.0,0.0,0.0,0.0
1996-10-19,0.0,0.0,0.0,0.0,0.0
1996-10-20,0.0,0.0,0.0,0.0,0.0
1996-10-21,0.0,0.0,0.0,0.0,0.0
1996-10-22,0.0,0.0,0.0,0.0,0.0
1996-10-23,0.0,0.0,0.0,0.0,0.0
1996-10-24,0.0,0.0,0.0,0.0,0.0
1996-10-25,0.0,0.0,0.0,0.0,0.0
1996-10-26,0.0,0.0,0.0,0.0,0.0
1996-10-27,0.0,0.0,0.0,0.0,0.0
1996-10-28,0.0,0.0,0.0,0.0,0.0
1996-10-29,0.752,288.73,11.36,119.77,157.61
1996-10-30,0.405,164.5,12.26,65.74,86.5
1996-10-31,0.096,101.74,12.55,19.23,69.96
1996-11-01,0.02,56.77,12.54,0.0,44.23
1996-11-02,0.004,26.15,12.54,0.0,13.61
1996-11-03,0.001,15.84,12.51,0.0,3.33
1996-11-04,0.0,13.2,12.4,0.0,0.8
1996-11-05,0.0,12.59,12.17,0.0,0.42
1996-11-06,0.0,12.46,11.95,0.0,0.51
1996-11-07,0.0,12.44,11.86,0.0,0.57
1996-11-08,0.0,12.46,11.88,0.0,0.58
1996-11-09,0.0,12.44,11.85,0.0,0.58
1996-11-10,0.0,12.43,11.83,0.0,0.6
1996-11-11,0.0,12.43,11.83,0.0,0.6
1996-11-12,0.0,12.4,11.8,0.0,0.61
1996-11-13,0.0,12.46,11.87,0.0,0.59
1996-11-14,0.0,12.45,11.86,0.0,0.59
1996-11-15,0.0,12.39,11.79,0.0,0.6
1996-11-16,0.163,118.7,8.7,47.37,62.64
1996-11-17,1.66,259.22,11.73,106.85,140.64
1996-11-18,0.686,176.41,12.31,70.85,93.25
1996-11-19,0.354,109.41,11.81,42.14,55.46
1996-11-20,0.174,75.94,12.34,24.03,39.56
1996-11-21,0.124,55.06,10.55,13.84,30.67
1996-11-22,0.359,88.81,12.01,32.55,44.25
1996-11-23,0.106,65.48,12.45,12.91,40.12
1996-11-24,0.032,32.61,12.29,0.0,20.32
1996-11-25,0.014,16.17,11.99,0.0,4.18
1996-11-26,0.01,12.89,11.95,0.0,0.94
1996-11-27,0.006,12.52,11.92,0.0,0.6
1996-11-28,0.005,12.62,11.99,0.0,0.62
1996-11-29,0.002,12.55,12.15,0.0,0.4
1996-11-30,0.001,12.51,11.98,0.0,0.53
1996-12-01,0.021,22.57,11.46,0.01,11.09
1996-12-02,0.007,17.08,12.51,0.0,4.57
1996-12-03,0.002,13.62,12.46,0.0,1.16
1996-12-04,0.078,94.57,7.16,35.46,51.96
1996-12-05,1.311,231.12,11.78,94.24,125.1
1996-12-06,0.331,218.55,12.52,88.51,117.53
1996-12-07,0.08,105.9,12.43,5.24,88.24
1996-12-08,0.028,45.93,12.14,0.0,33.79
1996-12-09,0.72,135.09,11.02,53.52,70.55
1996-12-10,1.401,175.5,11.86,70.66,92.98
1996-12-11,0.67,139.66,11.28,55.44,72.95
1996-12-12,0.978,154.5,12.03,61.52,80.95
1996-12-13,0.574,107.66,12.24,41.2,54.21
1996-12-14,0.242,54.5,12.07,18.32,24.11
1996-12-15,0.151,24.13,11.92,4.36,7.85
1996-12-16,0.132,14.36,11.77,0.05,2.53
1996-12-17,0.119,13.29,11.84,0.03,1.42
1996-12-18,0.094,13.03,11.83,0.01,1.2
1996-12-19,0.093,12.92,11.76,0.01,1.15
1996-12-20,0.088,12.96,11.81,0.01,1.14
1996-12-21,2.105,316.25,11.32,131.67,173.27
1996-12-22,1.295,174.59,12.17,70.13,92.28
1996-12-23,0.638,84.6,12.04,31.33,41.23
1996-12-24,0.438,32.6,11.88,8.95,11.77
1996-12-25,0.369,17.87,11.82,2.61,3.44
1996-12-26,0.848,75.69,10.84,28.0,36.84
1996-12-27,1.351,124.13,12.07,48.39,63.67
1996-12-28,1.0,58.28,11.81,20.07,26.4
1996-12-29,1.179,65.66,11.57,23.36,30.74
1996-12-30,1.18,48.87,11.84,15.99,21.04
1996-12-31,1.074,28.47,11.6,7.28,9.58
1997-01-01,4.824,413.46,14.78,172.16,226.52
1997-01-02,4.001,138.34,13.19,54.04,71.11
1997-01-03,3.122,42.14,11.95,13.04,17.16
1997-01-04,2.527,20.14,11.85,3.58,4.71
1997-01-05,2.062,15.26,11.86,1.47,1.93
1997-01-06,1.681,14.16,11.85,1.0,1.31
1997-01-07,1.394,13.91,11.85,0.89,1.17
1997-01-08,1.154,13.86,11.85,0.87,1.14
1997-01-09,0.958,13.85,11.85,0.86,1.14
1997-01-10,0.797,13.84,11.84,0.86,1.14
1997-01-11,0.668,13.84,11.84,0.86,1.14
1997-01-12,0.732,23.71,11.67,5.2,6.84
1997-01-13,0.632,18.78,11.91,2.97,3.9
1997-01-14,0.478,15.05,11.88,1.37,1.8
1997-01-15,0.546,26.61,11.67,6.45,8.49
1997-01-16,0.467,17.83,11.86,2.58,3.39
1997-01-17,0.38,14.75,11.86,1.25,1.64
1997-01-18,0.302,14.06,11.86,0.95,1.25
1997-01-19,0.258,13.86,11.82,0.88,1.16
1997-01-20,0.324,21.04,11.64,4.06,5.34
1997-01-21,0.454,56.45,11.36,19.47,25.62
1997-01-22,2.246,138.89,11.18,55.15,72.56
1997-01-23,2.81,83.52,11.92,30.92,40.68
1997-01-24,2.542,69.04,11.7,24.76,32.58
1997-01-25,5.102,139.43,14.87,53.79,70.78
1997-01-26,4.81,59.2,14.65,19.24,25.31
1997-01-27,3.469,22.49,12.34,4.38,5.77
1997-01-28,2.804,15.59,11.86,1.61,2.12
1997-01-29,2.205,14.28,11.88,1.04,1.36
1997-01-30,1.71,13.97,11.88,0.9,1.19
1997-01-31,1.338,13.89,11.87,0.87,1.15
1997-02-01,1.043,13.89,11.88,0.86,1.14
1997-02-02,0.802,13.88,11.88,0.86,1.13
1997-02-03,0.626,13.87,11.87,0.86,1.13
1997-02-04,0.486,13.88,11.88,0.86,1.13
1997-02-05,0.374,13.88,11.88,0.86,1.13
1997-02-06,0.292,13.87,11.88,0.86,1.13
1997-02-07,0.234,13.85,11.85,0.86,1.13
1997-02-08,0.175,13.73,11.94,0.65,1.14
1997-02-09,0.129,13.08,11.89,0.06,1.13
1997-02-10,0.099,13.03,11.88,0.01,1.13
1997-02-11,0.076,13.02,11.89,0.0,1.13
1997-02-12,0.055,13.04,11.95,0.0,1.09
1997-02-13,0.037,12.8,11.91,0.0,0.89
1997-02-14,0.027,12.69,11.91,0.0,0.77
1997-02-15,0.019,12.66,11.97,0.0,0.69
1997-02-16,0.011,12.63,12.01,0.0,0.62
1997-02-17,0.006,12.46,11.92,0.0,0.54
1997-02-18,0.005,12.65,12.02,0.0,0.63
1997-02-19,0.001,12.59,12.3,0.0,0.28
1997-02-20,0.001,12.48,11.93,0.0,0.54
1997-02-21,0.001,12.55,12.01,0.0,0.54
1997-02-22,0.0,12.66,12.22,0.0,0.45
1997-02-23,0.0,12.7,12.56,0.0,0.14
1997-02-24,0.0,12.59,12.56,0.0,0.03
1997-02-25,0.0,12.57,12.56,0.0,0.01
1997-02-26,0.0,12.56,12.56,0.0,0.0
1997-02-27,0.0,12.56,12.56,0.0,0.0
1997-02-28,0.0,12.56,12.56,0.0,0.0
1997-03-01,0.0,0.0,0.0,0.0,0.0
1997-03-02,0.0,0.0,0.0,0.0,0.0
1997-03-03,0.0,0.0,0.0,0.0,0.0
1997-03-04,0.0,0.0,0.0,0.0,0.0
1997-03-05,0.0,0.0,0.0,0.0,0.0
1997-03-06,0.0,0.0,0.0,0.0,0.0
1997-03-07,0.0,0.0,0.0,0.0,0.0
1997-03-08,0.0,0.0,0.0,0.0,0.0
1997-03-09,0.0,0.0,0.0,0.0,0.0
1997-03-10,0.0,0.0,0.0,0.0,0.0
1997-03-11,0.0,0.0,0.0,0.0,0.0
1997-03-12,0.0,0.0,0.0,0.0,0.0
1997-03-13,0.0,0.0,0.0,0.0,0.0
1997-03-14,0.0,0.0,0.0,0.0,0.0
1997-03-15,0.0,0.0,0.0,0.0,0.0
1997-03-16,0.039,32.34,9.86,1.88,20.6
1997-03-17,0.087,31.55,12.34,0.27,18.94
1997-03-18,0.034,19.49,12.11,0.0,7.38
1997-03-19,0.02,13.7,12.01,0.0,1.68
1997-03-20,0.011,12.74,12.02,0.0,0.72
1997-03-21,0.006,12.55,11.97,0.0,0.58
1997-03-22,0.004,12.67,12.12,0.0,0.55
1997-03-23,0.001,12.73,12.53,0.0,0.2
1997-03-24,0.0,12.61,12.56,0.0,0.05
1997-03-25,0.0,12.57,12.56,0.0,0.01
1997-03-26,0.0,12.56,12.56,0.0,0.0
1997-03-27,0.0,12.56,12.56,0.0,0.0
1997-03-28,0.0,12.56,12.56,0.0,0.0
1997-03-29,0.0,12.56,12.56,0.0,0.0
1997-03-30,0.0,0.0,0.0,0.0,0.0
1997-03-31,0.0,0.0,0.0,0.0,0.0
1997-04-01,0.0,0.0,0.0,0.0,0.0
1997-04-02,0.0,0.0,0.0,0.0,0.0
1997-04-03,0.0,0.0,0.0,0.0,0.0
1997-04-04,0.0,0.0,0.0,0.0,0.0
1997-04-05,0.0,0.0,0.0,0.0,0.0
1997-04-06,0.0,0.0,0.0,0.0,0.0
1997-04-07,0.0,0.0,0.0,0.0,0.0
1997-04-08,0.0,0.0,0.0,0.0,0.0
1997-04-09,0.0,0.0,0.0,0.0,0.0
1997-04-10,0.0,0.0,0.0,0.0,0.0
1997-04-11,0.0,0.0,0.0,0.0,0.0
1997-04-12,0.0,0.0,0.0,0.0,0.0
1997-04-13,0.0,0.0,0.0,0.0,0.0
1997-04-14,0.0,0.0,0.0,0.0,0.0
1997-04-15,0.0,0.0,0.0,0.0,0.0
1997-04-16,0.0,0.0,0.0,0.0,0.0
1997-04-17,0.0,0.0,0.0,0.0,0.0
1997-04-18,0.007,5.28,2.01,0.92,2.35
1997-04-19,0.157,87.69,12.05,26.52,49.12
1997-04-20,0.036,49.02,12.47,0.0,36.55
1997-04-21,0.01,23.72,12.32,0.0,11.4
1997-04-22,0.005,13.98,12.16,0.0,1.83
1997-04-23,0.002,12.79,12.21,0.0,0.57
1997-04-24,0.0,12.73,12.55,0.0,0.17
1997-04-25,0.0,12.6,12.54,0.0,0.06
1997-04-26,0.0,12.58,12.52,0.0,0.06
1997-04-27,0.0,12.58,12.55,0.0,0.03
1997-04-28,0.0,12.57,12.56,0.0,0.01
1997-04-29,0.0,12.56,12.56,0.0,0.0
1997-04-30,0.0,12.56,12.56,0.0,0.0
1997-05-01,0.0,0.0,0.0,0.0,0.0
1997-05-02,0.0,0.0,0.0,0.0,0.0
1997-05-03,0.0,0.0,0.0,0.0,0.0
1997-05-04,0.0,0.0,0.0,0.0,0.0
1997-05-05,0.0,0.0,0.0,0.0,0.0
1997-05-06,0.0,0.0,0.0,0.0,0.0
1997-05-07,0.0,0.0,0.0,0.0,0.0
1997-05-08,0.0,0.0,0.0,0.0,0.0
1997-05-09,0.0,0.0,0.0,0.0,0.0
1997-05-10,0.0,0.0,0.0,0.0,0.0
1997-05-11,0.0,0.0,0.0,0.0,0.0
1997-05-12,0.0,0.0,0.0,0.0,0.0
1997-05-13,0.0,0.0,0.0,0.0,0.0
1997-05-14,0.0,0.0,0.0,0.0,0.0
1997-05-15,0.0,0.0,0.0,0.0,0.0
1997-05-16,0.0,0.0,0.0,0.0,0.0
1997-05-17,0.0,0.0,0.0,0.0,0.0
1997-05-18,0.0,0.0,0.0,0.0,0.0
1997-05-19,0.0,0.0,0.0,0.0,0.0
1997-05-20,0.0,0.0,0.0,0.0,0.0
1997-05-21,0.0,0.0,0.0,0.0,0.0
1997-05-22,0.0,0.0,0.0,0.0,0.0
1997-05-23,0.345,201.38,11.59,79.64,110.15
1997-05-24,0.106,146.19,12.54,33.11,100.53
1997-05-25,0.022,78.75,12.54,0.0,66.21
1997-05-26,0.005,34.01,12.56,0.0,21.46
1997-05-27,0.001,18.01,12.55,0.0,5.46
1997-05-28,0.0,13.85,12.53,0.0,1.31
1997-05-29,0.0,12.83,12.47,0.0,0.36
1997-05-30,0.0,12.57,12.31,0.0,0.26
1997-05-31,0.0,12.53,12.11,0.0,0.42
1997-06-01,0.0,12.54,12.06,0.0,0.48
1997-06-02,0.0,12.5,12.02,0.0,0.48
1997-06-03,0.0,12.31,11.82,0.0,0.49
1997-06-04,0.0,12.52,11.91,0.0,0.61
1997-06-05,0.0,12.52,11.93,0.0,0.59
1997-06-06,0.0,12.64,12.35,0.0,0.29
1997-06-07,0.0,12.67,12.56,0.0,0.11
1997-06-08,0.0,0.0,0.0,0.0,0.0
1997-06-09,0.0,0.0,0.0,0.0,0.0
1997-06-10,0.0,0.0,0.0,0.0,0.0
1997-06-11,0.0,0.0,0.0,0.0,0.0
1997-06-12,0.0,0.0,0.0,0.0,0.0
1997-06-13,0.0,0.0,0.0,0.0,0.0
1997-06-14,0.0,0.0,0.0,0.0,0.0
1997-06-15,0.0,0.0,0.0,0.0,0.0
1997-06-16,0.0,0.0,0.0,0.0,0.0
1997-06-17,0.0,0.0,0.0,0.0,0.0
1997-06-18,0.0,0.0,0.0,0.0,0.0
1997-06-19,0.0,0.0,0.0,0.0,0.0
1997-06-20,0.0,0.0,0.0,0.0,0.0
1997-06-21,0.0,0.0,0.0,0.0,0.0
1997-06-22,0.0,0.0,0.0,0.0,0.0
1997-06-23,0.0,0.0,0.0,0.0,0.0
1997-06-24,0.0,0.0,0.0,0.0,0.0
1997-06-25,0.0,0.0,0.0,0.0,0.0
1997-06-26,0.0,0.0,0.0,0.0,0.0
1997-06-27,0.0,0.0,0.0,0.0,0.0
1997-06-28,0.0,0.0,0.0,0.0,0.0
1997-06-29,0.0,0.0,0.0,0.0,0.0
1997-06-30,0.0,0.0,0.0,0.0,0.0
1997-07-01,0.0,0.0,0.0,0.0,0.0
1997-07-02,0.0,0.0,0.0,0.0,0.0
1997-07-03,0.0,0.0,0.0,0.0,0.0
1997-07-04,0.0,0.0,0.0,0.0,0.0
1997-07-05,0.0,0.0,0.0,0.0,0.0
1997-07-06,0.0,0.0,0.0,0.0,0.0
1997-07-07,0.0,0.0,0.0,0.0,0.0
1997-07-08,0.0,0.0,0.0,0.0,0.0
1997-07-09,0.0,0.0,0.0,0.0,0.0
1997-07-10,0.0,0.0,0.0,0.0,0.0
1997-07-11,0.0,0.0,0.0,0.0,0.0
1997-07-12,0.0,0.0,0.0,0.0,0.0
1997-07-13,0.0,0.0,0.0,0.0,0.0
1997-07-14,0.0,0.0,0.0,0.0,0.0
1997-07-15,0.0,0.0,0.0,0.0,0.0
1997-07-16,0.0,0.0,0.0,0.0,0.0
1997-07-17,0.0,0.0,0.0,0.0,0.0
1997-07-18,0.0,0.0,0.0,0.0,0.0
1997-07-19,0.0,0.0,0.0,0.0,0.0
1997-07-20,0.0,0.0,0.0,0.0,0.0
1997-07-21,0.0,0.0,0.0,0.0,0.0
1997-07-22,0.0,0.0,0.0,0.0,0.0
1997-07-23,0.0,0.0,0.0,0.0,0.0
1997-07-24,0.0,0.0,0.0,0.0,0.0
1997-07-25,0.0,0.0,0.0,0.0,0.0
1997-07-26,0.0,0.0,0.0,0.0,0.0
1997-07-27,0.0,0.0,0.0,0.0,0.0
1997-07-28,0.0,0.0,0.0,0.0,0.0
1997-07-29,0.0,0.0,0.0,0.0,0.0
1997-07-30,0.0,0.0,0.0,0.0,0.0
1997-07-31,0.0,0.0,0.0,0.0,0.0
1997-08-01,0.0,0.0,0.0,0.0,0.0
1997-08-02,0.0,0.0,0.0,0.0,0.0
1997-08-03,0.0,0.0,0.0,0.0,0.0
1997-08-04,0.0,0.0,0.0,0.0,0.0
1997-08-05,0.0,0.0,0.0,0.0,0.0
1997-08-06,0.0,0.0,0.0,0.0,0.0
1997-08-07,0.0,0.0,0.0,0.0,0.0
1997-08-08,0.0,0.0,0.0,0.0,0.0
1997-08-09,0.0,0.0,0.0,0.0,0.0
1997-08-10,0.0,0.0,0.0,0.0,0.0
1997-08-11,0.0,0.0,0.0,0.0,0.0
1997-08-12,0.0,0.0,0.0,0.0,0.0
1997-08-13,0.0,0.0,0.0,0.0,0.0
1997-08-14,0.0,0.0,0.0,0.0,0.0
1997-08-15,0.0,0.0,0.0,0.0,0.0
1997-08-16,0.0,0.0,0.0,0.0,0.0
1997-08-17,0.0,0.0,0.0,0.0,0.0
1997-08-18,0.0,0.0,0.0,0.0,0.0
1997-08-19,0.0,0.0,0.0,0.0,0.0
1997-08-20,0.0,0.0,0.0,0.0,0.0
1997-08-21,0.0,0.0,0.0,0.0,0.0
1997-08-22,0.0,0.0,0.0,0.0,0.0
1997-08-23,0.0,0.0,0.0,0.0,0.0
1997-08-24,0.0,0.0,0.0,0.0,0.0
1997-08-25,0.0,0.0,0.0,0.0,0.0
1997-08-26,0.0,0.0,0.0,0.0,0.0
1997-08-27,0.0,0.0,0.0,0.0,0.0
1997-08-28,0.0,0.0,0.0,0.0,0.0
1997-08-29,0.0,0.0,0.0,0.0,0.0
1997-08-30,0.0,0.0,0.0,0.0,0.0
1997-08-31,0.0,0.0,0.0,0.0,0.0
1997-09-01,0.0,0.0,0.0,0.0,0.0
1997-09-02,0.0,0.0,0.0,0.0,0.0
1997-09-03,0.0,0.0,0.0,0.0,0.0
1997-09-04,0.0,0.0,0.0,0.0,0.0
1997-09-05,0.0,0.0,0.0,0.0,0.0
1997-09-06,0.0,0.0,0.0,0.0,0.0
1997-09-07,0.0,0.0,0.0,0.0,0.0
1997-09-08,0.0,0.0,0.0,0.0,0.0
1997-09-09,0.0,0.0,0.0,0.0,0.0
1997-09-10,0.0,0.0,0.0,0.0,0.0
1997-09-11,0.0,0.0,0.0,0.0,0.0
1997-09-12,0.0,0.0,0.0,0.0,0.0
1997-09-13,0.0,0.0,0.0,0.0,0.0
1997-09-14,0.0,0.0,0.0,0.0,0.0
1997-09-15,0.0,0.0,0.0,0.0,0.0
1997-09-16,0.0,0.0,0.0,0.0,0.0
1997-09-17,0.0,0.0,0.0,0.0,0.0
1997-09-18,0.0,0.0,0.0,0.0,0.0
1997-09-19,0.0,0.0,0.0,0.0,0.0
1997-09-20,0.0,0.0,0.0,0.0,0.0
1997-09-21,0.0,0.0,0.0,0.0,0.0
1997-09-22,0.0,0.0,0.0,0.0,0.0
1997-09-23,0.0,0.0,0.0,0.0,0.0
1997-09-24,0.0,0.0,0.0,0.0,0.0
1997-09-25,0.0,0.0,0.0,0.0,0.0
1997-09-26,0.0,0.0,0.0,0.0,0.0
1997-09-27,0.0,0.0,0.0,0.0,0.0
1997-09-28,0.0,0.0,0.0,0.0,0.0
1997-09-29,0.0,0.0,0.0,0.0,0.0
1997-09-30,0.0,0.0,0.0,0.0,0.0
1997-10-01,0.0,0.0,0.0,0.0,0.0
1997-10-02,0.0,0.0,0.0,0.0,0.0
1997-10-03,0.0,0.0,0.0,0.0,0.0
1997-10-04,0.0,0.0,0.0,0.0,0.0
1997-10-05,0.0,0.0,0.0,0.0,0.0
1997-10-06,0.0,0.0,0.0,0.0,0.0
1997-10-07,0.0,0.0,0.0,0.0,0.0
1997-10-08,0.0,0.0,0.0,0.0,0.0
1997-10-09,0.886,306.88,11.66,127.48,167.74
1997-10-10,0.21,278.63,12.56,104.65,161.42
1997-10-11,0.043,146.57,12.56,0.0,134.01
1997-10-12,0.009,69.47,12.56,0.0,56.91
1997-10-13,0.002,27.73,12.54,0.0,15.19
1997-10-14,0.0,16.01,12.49,0.0,3.52
1997-10-15,0.0,13.16,12.34,0.0,0.83
1997-10-16,0.0,12.56,12.1,0.0,0.47
1997-10-17,0.0,12.45,11.92,0.0,0.53
1997-10-18,0.0,12.44,11.86,0.0,0.58
1997-10-19,0.0,12.42,11.83,0.0,0.6
1997-10-20,0.0,12.43,11.83,0.0,0.6
1997-10-21,0.0,12.44,11.84,0.0,0.6
1997-10-22,0.0,12.44,11.84,0.0,0.6
1997-10-23,0.0,12.43,11.83,0.0,0.6
1997-10-24,0.0,12.53,11.94,0.0,0.58
1997-10-25,0.0,12.37,11.79,0.0,0.57
1997-10-26,0.0,12.46,11.86,0.0,0.6
1997-10-27,0.0,12.43,11.84,0.0,0.59
1997-10-28,0.0,12.46,11.87,0.0,0.59
1997-10-29,0.0,12.46,11.88,0.0,0.59
1997-10-30,0.0,12.41,11.82,0.0,0.59
1997-10-31,0.0,12.51,11.92,0.0,0.59
1997-11-01,0.0,12.46,11.89,0.0,0.57
1997-11-02,0.0,12.56,12.01,0.0,0.55
1997-11-03,0.0,12.52,12.01,0.0,0.5
1997-11-04,0.0,12.56,12.17,0.0,0.39
1997-11-05,0.0,12.72,12.56,0.0,0.16
1997-11-06,0.0,0.0,0.0,0.0,0.0
1997-11-07,0.0,0.0,0.0,0.0,0.0
1997-11-08,0.0,0.0,0.0,0.0,0.0
1997-11-09,0.0,0.0,0.0,0.0,0.0
1997-11-10,0.848,307.14,11.72,127.57,167.86
1997-11-11,0.368,242.89,12.52,99.48,130.89
1997-11-12,0.076,137.12,12.55,9.86,114.71
1997-11-13,0.358,103.15,11.12,37.71,54.32
1997-11-14,0.773,182.63,11.76,73.6,97.27
1997-11-15,0.442,162.25,12.01,64.81,85.42
1997-11-16,0.174,110.23,12.24,38.16,59.83
1997-11-17,0.046,53.16,12.45,0.0,40.71
1997-11-18,0.02,22.39,10.95,0.01,11.43
1997-11-19,0.226,131.3,11.65,48.01,71.64
1997-11-20,0.055,72.01,12.47,0.0,59.53
1997-11-21,0.015,34.34,12.34,0.0,22.0
1997-11-22,0.003,18.46,12.47,0.0,5.99
1997-11-23,0.01,14.74,11.25,0.0,3.49
1997-11-24,0.035,35.18,10.52,0.76,23.9
1997-11-25,0.331,182.26,7.81,73.04,101.4
1997-11-26,2.48,456.58,12.05,191.86,252.67
1997-11-27,0.801,295.5,12.46,122.17,160.87
1997-11-28,0.213,196.59,12.33,73.44,110.82
1997-11-29,0.144,85.04,9.65,19.14,56.25
1997-11-30,0.805,223.25,11.94,90.48,120.83
1997-12-01,0.255,145.78,12.28,57.14,76.36
1997-12-02,0.12,46.29,12.0,3.96,30.33
1997-12-03,0.084,20.68,11.95,0.01,8.73
1997-12-04,0.055,15.19,12.05,0.0,3.14
1997-12-05,0.151,42.19,11.42,8.0,22.76
1997-12-06,0.168,41.75,11.61,9.23,20.91
1997-12-07,1.589,339.13,11.44,141.41,186.29
1997-12-08,0.763,211.07,12.24,85.82,113.01
1997-12-09,0.321,100.13,12.07,38.01,50.05
1997-12-10,0.209,37.96,11.89,11.25,14.82
1997-12-11,0.169,18.62,11.85,2.55,4.22
1997-12-12,0.144,13.83,11.83,0.21,1.79
1997-12-13,0.121,13.17,11.86,0.03,1.28
1997-12-14,0.778,113.5,11.32,44.04,58.13
1997-12-15,0.504,96.96,12.2,36.58,48.19
1997-12-16,0.275,41.5,11.94,12.76,16.8
1997-12-17,0.216,20.22,11.83,3.62,4.77
1997-12-18,0.172,15.05,11.91,1.16,1.97
1997-12-19,0.14,13.22,11.8,0.11,1.32
1997-12-20,0.127,13.12,11.89,0.05,1.18
1997-12-21,0.092,13.08,11.93,0.01,1.15
1997-12-22,0.06,12.85,11.76,0.0,1.09
1997-12-23,0.077,12.81,11.7,0.0,1.11
1997-12-24,0.069,13.12,11.99,0.0,1.13
1997-12-25,0.038,12.64,11.74,0.0,0.9
1997-12-26,0.051,12.66,11.69,0.0,0.97
1997-12-27,0.052,12.76,11.77,0.0,0.99
1997-12-28,0.047,12.83,11.87,0.0,0.96
1997-12-29,0.034,12.74,11.9,0.0,0.84
1997-12-30,0.028,12.6,11.83,0.0,0.77
1997-12-31,0.025,12.55,11.8,0.0,0.76
1998-01-01,0.024,12.53,11.77,0.0,0.76
1998-01-02,0.345,100.07,10.97,37.33,51.77
1998-01-03,0.422,70.22,11.58,25.05,33.58
1998-01-04,1.045,157.23,11.79,62.78,82.65
1998-01-05,0.412,93.78,12.19,35.22,46.37
1998-01-06,0.245,39.11,11.74,11.82,15.55
1998-01-07,0.351,31.9,11.78,8.69,11.43
1998-01-08,0.224,20.1,11.92,3.53,4.65
1998-01-09,0.285,54.57,11.29,18.69,24.59
1998-01-10,0.636,74.73,11.65,27.24,35.84
1998-01-11,0.918,118.55,11.02,46.43,61.1
1998-01-12,2.098,154.12,11.81,61.45,80.86
1998-01-13,1.353,88.68,11.89,33.16,43.63
1998-01-14,1.623,74.78,11.54,27.3,35.93
1998-01-15,2.374,79.59,11.73,29.3,38.56
1998-01-16,1.897,39.38,11.89,11.87,15.62
1998-01-17,2.178,249.76,11.71,102.79,135.25
1998-01-18,2.449,230.61,11.53,94.61,124.48
1998-01-19,2.511,141.35,11.93,55.89,73.53
1998-01-20,1.889,45.69,11.88,14.6,19.21
1998-01-21,1.514,21.08,11.86,3.98,5.24
1998-01-22,1.258,15.42,11.84,1.55,2.04
1998-01-23,1.055,14.18,11.84,1.01,1.33
1998-01-24,0.888,13.91,11.84,0.9,1.18
1998-01-25,0.744,13.86,11.84,0.87,1.14
1998-01-26,0.655,14.21,11.72,1.07,1.41
1998-01-27,0.673,18.68,11.84,2.95,3.89
1998-01-28,0.542,15.5,11.87,1.57,2.06
1998-01-29,1.97,318.52,11.49,132.58,174.45
1998-01-30,1.223,117.99,11.96,45.78,60.24
1998-01-31,1.254,63.46,11.66,22.37,29.43
1998-02-01,2.039,83.64,11.39,31.2,41.05
1998-02-02,4.567,124.8,13.7,47.97,63.12
1998-02-03,8.41,168.92,18.89,64.79,85.24
1998-02-04,5.926,42.98,16.26,11.54,15.18
1998-02-05,5.972,44.74,16.05,12.39,16.3
1998-02-06,6.771,66.04,16.69,21.31,28.04
1998-02-07,7.958,68.13,17.97,21.66,28.5
1998-02-08,7.915,49.51,18.37,13.45,17.69
1998-02-09,5.884,24.38,16.33,3.47,4.57
1998-02-10,4.279,18.32,13.8,1.95,2.57
1998-02-11,3.891,28.42,13.03,6.64,8.74
1998-02-12,3.122,22.4,11.82,4.57,6.01
1998-02-13,2.526,17.98,11.9,2.63,3.46
1998-02-14,3.669,143.29,12.52,56.47,74.3
1998-02-15,3.193,51.36,11.88,17.05,22.44
1998-02-16,2.675,32.79,11.79,9.07,11.93
1998-02-17,2.371,27.12,11.89,6.58,8.65
1998-02-18,1.726,17.25,11.92,2.3,3.03
1998-02-19,2.799,180.17,11.49,72.84,95.84
1998-02-20,2.861,109.48,11.9,42.13,55.44
1998-02-21,4.503,473.27,13.84,198.39,261.04
1998-02-22,4.025,128.6,13.39,49.75,65.46
1998-02-23,4.059,66.64,13.23,23.06,30.34
1998-02-24,3.183,31.29,12.12,8.28,10.9
1998-02-25,2.331,18.07,11.92,2.66,3.5
1998-02-26,1.676,14.97,11.92,1.32,1.73
1998-02-27,1.206,14.17,11.91,0.98,1.28
1998-02-28,0.867,13.98,11.92,0.89,1.17
1998-03-01,0.629,13.92,11.91,0.87,1.14
1998-03-02,0.466,13.89,11.9,0.86,1.13
1998-03-03,0.324,13.99,11.99,0.86,1.14
1998-03-04,0.215,13.9,11.92,0.86,1.13
1998-03-05,0.216,37.72,11.03,11.43,15.26
1998-03-06,0.493,55.88,11.79,19.0,25.1
1998-03-07,0.427,26.72,11.82,6.43,8.48
1998-03-08,0.384,21.53,11.85,4.18,5.5
1998-03-09,0.284,15.86,11.94,1.69,2.23
1998-03-10,0.201,14.28,11.92,0.95,1.41
1998-03-11,0.143,13.5,11.93,0.37,1.21
1998-03-12,0.108,13.02,11.86,0.01,1.15
1998-03-13,0.503,83.42,11.29,29.11,43.02
1998-03-14,0.487,35.31,11.92,9.65,13.75
1998-03-15,0.346,19.42,11.93,3.12,4.37
1998-03-16,0.236,15.41,11.95,1.46,2.0
1998-03-17,0.164,14.02,11.92,0.74,1.36
1998-03-18,0.115,13.16,11.94,0.03,1.19
1998-03-19,0.078,13.09,11.95,0.0,1.14
1998-03-20,0.053,13.02,11.94,0.0,1.07
1998-03-21,0.037,12.79,11.9,0.0,0.89
1998-03-22,0.069,46.79,11.38,0.16,35.25
1998-03-23,0.282,88.73,10.43,30.29,48.01
1998-03-24,0.806,63.0,11.84,21.52,29.65
1998-03-25,0.852,37.32,11.73,10.95,14.64
1998-03-26,0.652,20.17,11.91,3.54,4.71
1998-03-27,0.473,15.48,11.92,1.53,2.03
1998-03-28,0.35,14.26,11.88,1.03,1.35
1998-03-29,0.258,14.02,11.93,0.9,1.19
1998-03-30,0.186,13.76,11.92,0.69,1.15
1998-03-31,0.505,56.59,11.28,19.5,25.82
1998-04-01,0.574,29.37,11.87,7.54,9.95
1998-04-02,0.434,17.74,11.9,2.52,3.32
1998-04-03,0.588,40.01,11.37,12.36,16.27
1998-04-04,0.847,37.46,11.79,11.08,14.58
1998-04-05,0.657,19.71,11.91,3.37,4.43
1998-04-06,0.522,15.16,11.84,1.43,1.89
1998-04-07,0.39,14.27,11.94,1.0,1.32
1998-04-08,0.305,13.89,11.82,0.89,1.17
1998-04-09,0.231,13.98,11.95,0.87,1.15
1998-04-10,0.161,13.66,11.92,0.61,1.13
1998-04-11,0.113,13.16,11.98,0.04,1.14
1998-04-12,0.123,45.97,9.75,15.35,20.86
1998-04-13,0.81,95.95,11.67,36.39,47.9
1998-04-14,0.616,38.02,11.91,11.27,14.84
1998-04-15,0.447,19.98,11.92,3.48,4.58
1998-04-16,0.317,15.48,11.93,1.53,2.02
1998-04-17,0.232,14.27,11.9,1.03,1.35
1998-04-18,0.174,13.76,11.89,0.68,1.19
1998-04-19,0.131,13.2,11.89,0.16,1.15
1998-04-20,0.1,13.06,11.9,0.02,1.14
1998-04-21,0.074,13.03,11.9,0.0,1.12
1998-04-22,0.055,12.97,11.9,0.0,1.06
1998-04-23,0.04,12.79,11.87,0.0,0.92
1998-04-24,0.032,12.7,11.87,0.0,0.82
1998-04-25,0.025,12.65,11.89,0.0,0.75
1998-04-26,0.017,12.64,11.95,0.0,0.68
1998-04-27,0.01,12.66,12.07,0.0,0.59
1998-04-28,0.004,12.75,12.29,0.0,0.46
1998-04-29,0.001,12.7,12.56,0.0,0.14
1998-04-30,0.0,12.59,12.56,0.0,0.03
1998-05-01,0.0,12.57,12.56,0.0,0.01
1998-05-02,0.0,12.56,12.56,0.0,0.0
1998-05-03,0.0,12.56,12.56,0.0,0.0
1998-05-04,0.15,102.13,11.3,27.85,62.98
1998-05-05,0.114,42.2,11.93,0.08,30.19
1998-05-06,0.084,21.53,11.93,0.01,9.6
1998-05-07,0.063,14.99,11.9,0.0,3.09
1998-05-08,0.05,13.25,11.86,0.0,1.39
1998-05-09,0.037,12.87,11.92,0.0,0.95
1998-05-10,0.029,12.65,11.85,0.0,0.8
1998-05-11,0.021,12.7,11.97,0.0,0.73
1998-05-12,0.298,71.13,10.66,22.64,37.83
1998-05-13,0.483,62.68,12.08,21.34,29.26
1998-05-14,0.299,28.2,11.93,6.88,9.4
1998-05-15,0.22,17.33,11.91,2.24,3.18
1998-05-16,0.165,14.15,11.88,0.65,1.63
1998-05-17,0.129,13.31,11.89,0.16,1.25
1998-05-18,0.1,13.04,11.86,0.02,1.16
1998-05-19,0.08,13.0,11.86,0.01,1.13
1998-05-20,0.062,12.98,11.88,0.0,1.09
1998-05-21,0.047,12.87,11.87,0.0,1.0
1998-05-22,0.037,12.78,11.9,0.0,0.88
1998-05-23,0.024,12.64,11.89,0.0,0.74
1998-05-24,0.019,12.62,11.9,0.0,0.71
1998-05-25,0.011,12.79,12.18,0.0,0.61
1998-05-26,0.004,12.52,12.08,0.0,0.44
1998-05-27,0.423,85.33,10.88,30.4,44.06
1998-05-28,1.432,112.3,11.54,43.36,57.4
1998-05-29,1.383,58.29,11.81,20.04,26.43
1998-05-30,1.046,26.23,11.9,6.18,8.15
1998-05-31,0.807,16.78,11.88,2.12,2.79
1998-06-01,0.638,14.53,11.87,1.15,1.52
1998-06-02,0.515,14.01,11.86,0.93,1.22
1998-06-03,0.434,13.86,11.83,0.88,1.15
1998-06-04,0.336,13.93,11.92,0.87,1.14
1998-06-05,0.26,13.83,11.84,0.86,1.13
1998-06-06,0.211,13.81,11.88,0.79,1.14
1998-06-07,0.163,13.48,11.87,0.47,1.13
1998-06-08,0.13,13.16,11.87,0.15,1.14
1998-06-09,0.1,13.03,11.88,0.02,1.13
1998-06-10,0.083,12.93,11.8,0.01,1.13
1998-06-11,0.068,13.02,11.9,0.0,1.12
1998-06-12,0.05,12.94,11.9,0.0,1.03
1998-06-13,0.037,12.78,11.89,0.0,0.89
1998-06-14,0.027,12.7,11.92,0.0,0.78
1998-06-15,0.016,12.79,12.13,0.0,0.66
1998-06-16,0.005,12.66,12.25,0.0,0.41
1998-06-17,0.001,12.69,12.56,0.0,0.13
1998-06-18,0.0,12.59,12.56,0.0,0.03
1998-06-19,0.0,12.57,12.56,0.0,0.01
1998-06-20,0.0,12.56,12.56,0.0,0.0
1998-06-21,0.0,12.56,12.56,0.0,0.0
1998-06-22,0.0,12.56,12.56,0.0,0.0
1998-06-23,0.0,12.56,12.56,0.0,0.0
1998-06-24,0.0,12.56,12.56,0.0,0.0
1998-06-25,0.0,0.0,0.0,0.0,0.0
1998-06-26,0.0,0.0,0.0,0.0,0.0
1998-06-27,0.0,0.0,0.0,0.0,0.0
1998-06-28,0.0,0.0,0.0,0.0,0.0
1998-06-29,0.0,0.0,0.0,0.0,0.0
1998-06-30,0.0,0.0,0.0,0.0,0.0
1998-07-01,0.0,0.0,0.0,0.0,0.0
1998-07-02,0.0,0.0,0.0,0.0,0.0
1998-07-03,0.0,0.0,0.0,0.0,0.0
1998-07-04,0.0,0.0,0.0,0.0,0.0
1998-07-05,0.0,0.0,0.0,0.0,0.0
1998-07-06,0.0,0.0,0.0,0.0,0.0
1998-07-07,0.0,0.0,0.0,0.0,0.0
1998-07-08,0.0,0.0,0.0,0.0,0.0
1998-07-09,0.0,0.0,0.0,0.0,0.0
1998-07-10,0.0,0.0,0.0,0.0,0.0
1998-07-11,0.0,0.0,0.0,0.0,0.0
1998-07-12,0.0,0.0,0.0,0.0,0.0
1998-07-13,0.0,0.0,0.0,0.0,0.0
1998-07-14,0.0,0.0,0.0,0.0,0.0
1998-07-15,0.0,0.0,0.0,0.0,0.0
1998-07-16,0.0,0.0,0.0,0.0,0.0
1998-07-17,0.0,0.0,0.0,0.0,0.0
1998-07-18,0.0,0.0,0.0,0.0,0.0
1998-07-19,0.0,0.0,0.0,0.0,0.0
1998-07-20,0.0,0.0,0.0,0.0,0.0
1998-07-21,0.0,0.0,0.0,0.0,0.0
1998-07-22,0.0,0.0,0.0,0.0,0.0
1998-07-23,0.0,0.0,0.0,0.0,0.0
1998-07-24,0.0,0.0,0.0,0.0,0.0
1998-07-25,0.0,0.0,0.0,0.0,0.0
1998-07-26,0.0,0.0,0.0,0.0,0.0
1998-07-27,0.0,0.0,0.0,0.0,0.0
1998-07-28,0.0,0.0,0.0,0.0,0.0
1998-07-29,0.0,0.0,0.0,0.0,0.0
1998-07-30,0.0,0.0,0.0,0.0,0.0
1998-07-31,0.0,0.0,0.0,0.0,0.0
1998-08-01,0.0,0.0,0.0,0.0,0.0
1998-08-02,0.0,0.0,0.0,0.0,0.0
1998-08-03,0.0,0.0,0.0,0.0,0.0
1998-08-04,0.0,0.0,0.0,0.0,0.0
1998-08-05,0.0,0.0,0.0,0.0,0.0
1998-08-06,0.0,0.0,0.0,0.0,0.0
1998-08-07,0.0,0.0,0.0,0.0,0.0
1998-08-08,0.0,0.0,0.0,0.0,0.0
1998-08-09,0.0,0.0,0.0,0.0,0.0
1998-08-10,0.0,0.0,0.0,0.0,0.0
1998-08-11,0.0,0.0,0.0,0.0,0.0
1998-08-12,0.0,0.0,0.0,0.0,0.0
1998-08-13,0.0,0.0,0.0,0.0,0.0
1998-08-14,0.0,0.0,0.0,0.0,0.0
1998-08-15,0.0,0.0,0.0,0.0,0.0
1998-08-16,0.0,0.0,0.0,0.0,0.0
1998-08-17,0.0,0.0,0.0,0.0,0.0
1998-08-18,0.0,0.0,0.0,0.0,0.0
1998-08-19,0.0,0.0,0.0,0.0,0.0
1998-08-20,0.0,0.0,0.0,0.0,0.0
1998-08-21,0.0,0.0,0.0,0.0,0.0
1998-08-22,0.0,0.0,0.0,0.0,0.0
1998-08-23,0.0,0.0,0.0,0.0,0.0
1998-08-24,0.0,0.0,0.0,0.0,0.0
1998-08-25,0.0,0.0,0.0,0.0,0.0
1998-08-26,0.0,0.0,0.0,0.0,0.0
1998-08-27,0.0,0.0,0.0,0.0,0.0
1998-08-28,0.0,0.0,0.0,0.0,0.0
1998-08-29,0.0,0.0,0.0,0.0,0.0
1998-08-30,0.0,0.0,0.0,0.0,0.0
1998-08-31,0.0,0.0,0.0,0.0,0.0
1998-09-01,0.0,0.0,0.0,0.0,0.0
1998-09-02,0.0,0.0,0.0,0.0,0.0
1998-09-03,0.0,0.0,0.0,0.0,0.0
1998-09-04,0.0,0.0,0.0,0.0,0.0
1998-09-05,0.0,0.0,0.0,0.0,0.0
1998-09-06,0.0,0.0,0.0,0.0,0.0
1998-09-07,0.0,0.0,0.0,0.0,0.0
1998-09-08,0.0,0.0,0.0,0.0,0.0
1998-09-09,0.0,0.0,0.0,0.0,0.0
1998-09-10,0.0,0.0,0.0,0.0,0.0
1998-09-11,0.0,0.0,0.0,0.0,0.0
1998-09-12,0.0,0.0,0.0,0.0,0.0
1998-09-13,0.0,0.0,0.0,0.0,0.0
1998-09-14,0.0,0.0,0.0,0.0,0.0
1998-09-15,0.0,0.0,0.0,0.0,0.0
1998-09-16,0.0,0.0,0.0,0.0,0.0
1998-09-17,0.0,0.0,0.0,0.0,0.0
1998-09-18,0.0,0.0,0.0,0.0,0.0
1998-09-19,0.0,0.0,0.0,0.0,0.0
1998-09-20,0.0,0.0,0.0,0.0,0.0
1998-09-21,0.0,0.0,0.0,0.0,0.0
1998-09-22,0.0,0.0,0.0,0.0,0.0
1998-09-23,0.0,0.0,0.0,0.0,0.0
1998-09-24,0.0,0.0,0.0,0.0,0.0
1998-09-25,0.0,0.0,0.0,0.0,0.0
1998-09-26,0.0,0.0,0.0,0.0,0.0
1998-09-27,0.0,0.0,0.0,0.0,0.0
1998-09-28,0.0,0.0,0.0,0.0,0.0
1998-09-29,0.0,0.0,0.0,0.0,0.0
1998-09-30,0.0,0.0,0.0,0.0,0.0
1998-10-01,0.0,0.0,0.0,0.0,0.0
1998-10-02,0.0,0.0,0.0,0.0,0.0
1998-10-03,0.0,0.0,0.0,0.0,0.0
1998-10-04,0.0,0.0,0.0,0.0,0.0
1998-10-05,0.0,0.0,0.0,0.0,0.0
1998-10-06,0.0,0.0,0.0,0.0,0.0
1998-10-07,0.0,0.0,0.0,0.0,0.0
1998-10-08,0.0,0.0,0.0,0.0,0.0
1998-10-09,0.0,0.0,0.0,0.0,0.0
1998-10-10,0.0,0.0,0.0,0.0,0.0
1998-10-11,0.0,0.0,0.0,0.0,0.0
1998-10-12,0.0,0.0,0.0,0.0,0.0
1998-10-13,0.0,0.0,0.0,0.0,0.0
1998-10-14,0.0,0.0,0.0,0.0,0.0
1998-10-15,0.0,0.0,0.0,0.0,0.0
1998-10-16,0.0,0.0,0.0,0.0,0.0
1998-10-17,0.0,0.0,0.0,0.0,0.0
1998-10-18,0.0,0.0,0.0,0.0,0.0
1998-10-19,0.0,0.0,0.0,0.0,0.0
1998-10-20,0.0,0.0,0.0,0.0,0.0
1998-10-21,0.0,0.0,0.0,0.0,0.0
1998-10-22,0.0,0.0,0.0,0.0,0.0
1998-10-23,0.0,0.0,0.0,0.0,0.0
1998-10-24,0.392,158.74,11.6,62.73,84.41
1998-10-25,0.147,138.43,12.56,42.36,83.51
1998-10-26,0.03,75.52,12.55,0.0,62.97
1998-10-27,0.006,35.38,12.56,0.0,22.82
1998-10-28,0.001,18.49,12.55,0.0,5.94
1998-10-29,0.0,13.95,12.52,0.0,1.42
1998-10-30,0.0,12.82,12.41,0.0,0.4
1998-10-31,0.0,12.54,12.19,0.0,0.35
1998-11-01,0.0,12.43,11.94,0.0,0.49
1998-11-02,0.0,12.42,11.84,0.0,0.58
1998-11-03,0.0,12.42,11.82,0.0,0.6
1998-11-04,0.0,12.43,11.82,0.0,0.6
1998-11-05,0.0,12.49,11.9,0.0,0.59
1998-11-06,0.0,12.35,11.74,0.0,0.6
1998-11-07,0.623,124.62,11.44,48.87,64.31
1998-11-08,0.207,107.35,12.43,36.64,58.27
1998-11-09,0.056,54.36,12.55,0.0,41.81
1998-11-10,0.012,32.92,12.56,0.0,20.37
1998-11-11,0.003,17.22,12.28,0.0,4.93
1998-11-12,0.002,12.99,12.05,0.0,0.94
1998-11-13,0.001,12.61,12.07,0.0,0.54
1998-11-14,0.0,12.69,12.44,0.0,0.25
1998-11-15,0.0,12.51,12.21,0.0,0.3
1998-11-16,0.0,12.47,12.0,0.0,0.47
1998-11-17,0.0,12.44,11.88,0.0,0.55
1998-11-18,0.0,12.43,11.84,0.0,0.59
1998-11-19,0.0,12.43,11.83,0.0,0.6
1998-11-20,0.0,12.43,11.84,0.0,0.6
1998-11-21,0.0,12.37,11.74,0.0,0.62
1998-11-22,0.0,3.87,3.69,0.0,0.18
1998-11-23,0.569,95.56,11.23,35.81,48.51
1998-11-24,0.354,76.84,12.39,27.63,36.83
1998-11-25,0.077,47.1,12.55,3.04,31.52
1998-11-26,0.018,29.01,12.48,0.0,16.53
1998-11-27,0.011,13.93,7.77,0.03,6.13
1998-11-28,0.063,30.97,12.31,0.13,18.54
1998-11-29,0.799,122.62,11.2,48.03,63.39
1998-11-30,1.088,126.96,11.72,49.75,65.49
1998-12-01,0.533,122.52,12.44,47.53,62.55
1998-12-02,0.149,77.01,12.0,20.95,44.06
1998-12-03,0.419,109.68,11.68,40.51,57.49
1998-12-04,0.129,89.44,12.43,23.61,53.4
1998-12-05,0.099,107.46,10.72,36.63,60.11
1998-12-06,0.139,143.12,12.47,42.66,87.99
1998-12-07,0.048,56.67,12.18,0.0,44.49
1998-12-08,0.026,21.25,11.87,0.0,9.38
1998-12-09,0.024,13.31,11.79,0.0,1.52
1998-12-10,0.021,12.63,11.83,0.0,0.8
1998-12-11,0.019,12.56,11.83,0.0,0.72
1998-12-12,0.015,12.69,12.0,0.0,0.69
1998-12-13,0.007,12.65,12.1,0.0,0.54
1998-12-14,0.005,11.77,11.2,0.0,0.57
1998-12-15,0.011,12.44,11.69,0.0,0.74
1998-12-16,0.009,12.68,12.04,0.0,0.64
1998-12-17,0.006,12.28,11.68,0.0,0.61
1998-12-18,0.006,12.47,11.81,0.0,0.66
1998-12-19,0.005,12.69,12.07,0.0,0.62
1998-12-20,0.001,12.77,12.56,0.0,0.21
1998-12-21,0.0,12.61,12.56,0.0,0.05
1998-12-22,0.0,12.57,12.54,0.0,0.03
1998-12-23,0.0,12.56,12.52,0.0,0.04
1998-12-24,0.0,12.58,12.49,0.0,0.09
1998-12-25,0.0,12.58,12.48,0.0,0.1
1998-12-26,0.0,12.6,12.56,0.0,0.04
1998-12-27,0.0,12.57,12.56,0.0,0.01
1998-12-28,0.0,0.0,0.0,0.0,0.0
1998-12-29,0.0,0.0,0.0,0.0,0.0
1998-12-30,0.0,0.0,0.0,0.0,0.0
1998-12-31,0.0,0.0,0.0,0.0,0.0
1999-01-01,0.0,0.0,0.0,0.0,0.0
1999-01-02,0.0,0.0,0.0,0.0,0.0
1999-01-03,0.0,0.0,0.0,0.0,0.0
1999-01-04,0.0,0.0,0.0,0.0,0.0
1999-01-05,0.0,0.0,0.0,0.0,0.0
1999-01-06,0.0,0.0,0.0,0.0,0.0
1999-01-07,0.0,0.0,0.0,0.0,0.0
1999-01-08,0.0,0.0,0.0,0.0,0.0
1999-01-09,0.0,0.0,0.0,0.0,0.0
1999-01-10,0.0,0.0,0.0,0.0,0.0
1999-01-11,0.0,0.0,0.0,0.0,0.0
1999-01-12,0.0,0.0,0.0,0.0,0.0
1999-01-13,0.0,0.0,0.0,0.0,0.0
1999-01-14,0.0,0.0,0.0,0.0,0.0
1999-01-15,0.012,72.93,9.83,20.18,42.92
1999-01-16,0.174,56.34,11.88,9.81,34.65
1999-01-17,0.121,40.84,11.8,3.07,25.97
1999-01-18,0.716,117.88,11.31,45.26,61.31
1999-01-19,0.759,113.54,11.56,43.91,58.07
1999-01-20,0.814,153.15,12.03,60.92,80.2
1999-01-21,0.369,115.95,12.32,44.74,58.89
1999-01-22,0.125,55.48,11.56,11.02,32.9
1999-01-23,0.638,106.04,11.61,40.21,54.23
1999-01-24,0.243,83.24,12.35,29.3,41.59
1999-01-25,0.098,31.57,12.08,0.07,19.42
1999-01-26,0.225,66.86,11.48,23.19,32.2
1999-01-27,0.129,44.03,12.17,9.72,22.13
1999-01-28,0.074,19.71,11.93,0.0,7.78
1999-01-29,0.06,14.32,11.82,0.0,2.49
1999-01-30,0.05,13.15,11.88,0.0,1.27
1999-01-31,0.688,373.51,11.46,156.31,205.74
1999-02-01,0.26,288.29,12.34,117.96,157.99
1999-02-02,0.108,84.39,12.05,2.57,69.76
1999-02-03,0.074,31.28,11.88,0.0,19.4
1999-02-04,0.056,17.11,11.92,0.0,5.19
1999-02-05,0.046,13.49,11.84,0.0,1.65
1999-02-06,0.415,122.47,10.35,48.38,63.74
1999-02-07,2.502,268.13,11.92,110.63,145.57
1999-02-08,1.181,222.83,12.16,90.97,119.7
1999-02-09,1.987,283.51,11.61,117.41,154.49
1999-02-10,1.059,162.21,12.09,64.82,85.29
1999-02-11,0.674,56.33,11.91,19.18,25.24
1999-02-12,0.54,23.47,11.84,5.02,6.61
1999-02-13,0.483,15.75,11.79,1.71,2.25
1999-02-14,0.457,15.74,11.79,1.7,2.24
1999-02-15,0.387,14.7,11.85,1.23,1.62
1999-02-16,0.664,62.53,10.77,22.35,29.41
1999-02-17,1.682,108.44,11.88,41.69,54.86
1999-02-18,1.141,60.8,11.81,21.15,27.84
1999-02-19,0.918,38.56,11.93,11.5,15.13
1999-02-20,0.964,36.58,11.34,10.9,14.34
1999-02-21,1.453,50.21,11.89,16.55,21.77
1999-02-22,1.065,24.73,11.87,5.55,7.31
1999-02-23,0.872,16.28,11.84,1.92,2.52
1999-02-24,0.75,14.34,11.83,1.09,1.43
1999-02-25,0.962,36.48,11.65,10.72,14.11
1999-02-26,0.784,22.75,11.87,4.7,6.18
1999-02-27,0.646,15.79,11.83,1.71,2.25
1999-02-28,0.565,14.22,11.81,1.04,1.37
1999-03-01,0.464,13.98,11.89,0.9,1.19
1999-03-02,0.371,13.89,11.87,0.87,1.15
1999-03-03,0.302,13.89,11.83,0.89,1.17
1999-03-04,0.253,13.89,11.84,0.88,1.16
1999-03-05,0.221,13.83,11.82,0.87,1.14
1999-03-06,0.2,13.77,11.77,0.86,1.14
1999-03-07,0.166,13.68,11.91,0.63,1.14
1999-03-08,0.277,106.34,10.91,40.99,54.43
1999-03-09,0.698,104.52,11.83,40.0,52.69
1999-03-10,0.409,46.21,11.96,14.78,19.47
1999-03-11,0.288,22.27,11.92,4.46,5.88
1999-03-12,0.223,15.82,11.86,1.71,2.25
1999-03-13,0.182,14.08,11.86,0.84,1.38
1999-03-14,0.182,14.89,11.3,1.31,2.27
1999-03-15,0.375,38.84,11.8,11.63,15.41
1999-03-16,0.237,24.0,11.97,5.18,6.85
1999-03-17,0.174,15.95,11.87,1.53,2.54
1999-03-18,0.14,13.53,11.86,0.22,1.45
1999-03-19,0.125,13.48,11.69,0.08,1.72
1999-03-20,0.122,14.46,11.9,0.05,2.5
1999-03-21,0.1,13.27,11.83,0.01,1.44
1999-03-22,0.082,13.1,11.89,0.01,1.2
1999-03-23,0.068,12.96,11.83,0.0,1.12
1999-03-24,0.094,24.19,9.64,5.48,9.08
1999-03-25,0.638,117.4,11.75,45.34,60.3
1999-03-26,0.322,67.99,12.11,24.03,31.85
1999-03-27,0.191,29.31,11.95,6.78,10.58
1999-03-28,0.142,15.55,11.86,0.25,3.44
1999-03-29,0.117,13.51,11.84,0.03,1.64
1999-03-30,0.095,13.16,11.9,0.01,1.25
1999-03-31,0.184,104.04,11.56,37.05,55.42
1999-04-01,0.119,40.06,11.99,0.35,27.71
1999-04-02,0.084,19.86,11.9,0.01,7.96
1999-04-03,0.064,14.64,11.97,0.0,2.67
1999-04-04,0.04,13.08,11.83,0.0,1.25
1999-04-05,0.304,163.8,11.01,65.81,86.98
1999-04-06,0.39,99.86,12.03,37.88,49.95
1999-04-07,0.209,44.38,12.05,13.15,19.19
1999-04-08,0.468,120.89,11.49,46.56,62.83
1999-04-09,0.295,70.65,12.07,25.1,33.48
1999-04-10,0.214,27.97,11.8,6.93,9.24
1999-04-11,1.085,170.79,11.4,68.83,90.57
1999-04-12,0.715,94.18,12.07,35.46,46.66
1999-04-13,0.455,36.83,11.92,10.76,14.15
1999-04-14,0.338,19.51,11.9,3.29,4.33
1999-04-15,0.254,15.24,11.88,1.45,1.91
1999-04-16,0.208,14.11,11.85,0.96,1.31
1999-04-17,0.175,13.64,11.84,0.63,1.17
1999-04-18,0.144,13.26,11.86,0.26,1.14
1999-04-19,0.116,13.07,11.88,0.04,1.14
1999-04-20,0.091,13.01,11.86,0.01,1.13
1999-04-21,0.072,12.98,11.86,0.0,1.12
1999-04-22,0.059,12.96,11.88,0.0,1.08
1999-04-23,0.038,12.84,11.93,0.0,0.91
1999-04-24,0.032,12.66,11.83,0.0,0.82
1999-04-25,0.026,12.68,11.91,0.0,0.77
1999-04-26,0.017,12.66,11.98,0.0,0.68
1999-04-27,0.01,12.68,12.09,0.0,0.59
1999-04-28,0.003,12.64,12.29,0.0,0.35
1999-04-29,0.001,12.67,12.56,0.0,0.11
1999-04-30,0.0,12.59,12.56,0.0,0.03
1999-05-01,0.0,12.57,12.56,0.0,0.01
1999-05-02,0.0,12.56,12.56,0.0,0.0
1999-05-03,0.0,12.56,12.56,0.0,0.0
1999-05-04,0.0,12.56,12.56,0.0,0.0
1999-05-05,0.0,12.56,12.56,0.0,0.0
1999-05-06,0.0,0.0,0.0,0.0,0.0
1999-05-07,0.0,0.0,0.0,0.0,0.0
1999-05-08,0.0,0.0,0.0,0.0,0.0
1999-05-09,0.0,0.0,0.0,0.0,0.0
1999-05-10,0.0,0.0,0.0,0.0,0.0
1999-05-11,0.0,0.0,0.0,0.0,0.0
1999-05-12,0.0,0.0,0.0,0.0,0.0
1999-05-13,0.0,0.0,0.0,0.0,0.0
1999-05-14,0.0,0.0,0.0,0.0,0.0
1999-05-15,0.0,0.0,0.0,0.0,0.0
1999-05-16,0.0,0.0,0.0,0.0,0.0
1999-05-17,0.0,0.0,0.0,0.0,0.0
1999-05-18,0.0,0.0,0.0,0.0,0.0
1999-05-19,0.0,0.0,0.0,0.0,0.0
1999-05-20,0.0,0.0,0.0,0.0,0.0
1999-05-21,0.0,0.0,0.0,0.0,0.0
1999-05-22,0.0,0.0,0.0,0.0,0.0
1999-05-23,0.0,0.0,0.0,0.0,0.0
1999-05-24,0.0,0.0,0.0,0.0,0.0
1999-05-25,0.0,0.0,0.0,0.0,0.0
1999-05-26,0.0,0.0,0.0,0.0,0.0
1999-05-27,0.0,0.0,0.0,0.0,0.0
1999-05-28,0.0,0.0,0.0,0.0,0.0
1999-05-29,0.0,0.0,0.0,0.0,0.0
1999-05-30,0.0,0.0,0.0,0.0,0.0
1999-05-31,0.0,0.0,0.0,0.0,0.0
1999-06-01,0.0,0.0,0.0,0.0,0.0
1999-06-02,0.0,0.0,0.0,0.0,0.0
1999-06-03,0.0,0.0,0.0,0.0,0.0
1999-06-04,0.0,0.0,0.0,0.0,0.0
1999-06-05,0.0,0.0,0.0,0.0,0.0
1999-06-06,0.0,0.0,0.0,0.0,0.0
1999-06-07,0.0,0.0,0.0,0.0,0.0
1999-06-08,0.0,0.0,0.0,0.0,0.0
1999-06-09,0.0,0.0,0.0,0.0,0.0
1999-06-10,0.0,0.0,0.0,0.0,0.0
1999-06-11,0.0,0.0,0.0,0.0,0.0
1999-06-12,0.0,0.0,0.0,0.0,0.0
1999-06-13,0.0,0.0,0.0,0.0,0.0
1999-06-14,0.0,0.0,0.0,0.0,0.0
1999-06-15,0.0,0.0,0.0,0.0,0.0
1999-06-16,0.0,0.0,0.0,0.0,0.0
1999-06-17,0.0,0.0,0.0,0.0,0.0
1999-06-18,0.0,0.0,0.0,0.0,0.0
1999-06-19,0.0,0.0,0.0,0.0,0.0
1999-06-20,0.0,0.0,0.0,0.0,0.0
1999-06-21,0.0,0.0,0.0,0.0,0.0
1999-06-22,0.0,0.0,0.0,0.0,0.0
1999-06-23,0.0,0.0,0.0,0.0,0.0
1999-06-24,0.0,0.0,0.0,0.0,0.0
1999-06-25,0.0,0.0,0.0,0.0,0.0
1999-06-26,0.0,0.0,0.0,0.0,0.0
1999-06-27,0.0,0.0,0.0,0.0,0.0
1999-06-28,0.0,0.0,0.0,0.0,0.0
1999-06-29,0.0,0.0,0.0,0.0,0.0
1999-06-30,0.0,0.0,0.0,0.0,0.0
1999-07-01,0.0,0.0,0.0,0.0,0.0
1999-07-02,0.0,0.0,0.0,0.0,0.0
1999-07-03,0.0,0.0,0.0,0.0,0.0
1999-07-04,0.0,0.0,0.0,0.0,0.0
1999-07-05,0.0,0.0,0.0,0.0,0.0
1999-07-06,0.0,0.0,0.0,0.0,0.0
1999-07-07,0.0,0.0,0.0,0.0,0.0
1999-07-08,0.0,0.0,0.0,0.0,0.0
1999-07-09,0.0,0.0,0.0,0.0,0.0
1999-07-10,0.0,0.0,0.0,0.0,0.0
1999-07-11,0.0,0.0,0.0,0.0,0.0
1999-07-12,0.0,0.0,0.0,0.0,0.0
1999-07-13,0.0,0.0,0.0,0.0,0.0
1999-07-14,0.0,0.0,0.0,0.0,0.0
1999-07-15,0.0,0.0,0.0,0.0,0.0
1999-07-16,0.0,0.0,0.0,0.0,0.0
1999-07-17,0.0,0.0,0.0,0.0,0.0
1999-07-18,0.0,0.0,0.0,0.0,0.0
1999-07-19,0.0,0.0,0.0,0.0,0.0
1999-07-20,0.0,0.0,0.0,0.0,0.0
1999-07-21,0.0,0.0,0.0,0.0,0.0
1999-07-22,0.0,0.0,0.0,0.0,0.0
1999-07-23,0.0,0.0,0.0,0.0,0.0
1999-07-24,0.0,0.0,0.0,0.0,0.0
1999-07-25,0.0,0.0,0.0,0.0,0.0
1999-07-26,0.0,0.0,0.0,0.0,0.0
1999-07-27,0.0,0.0,0.0,0.0,0.0
1999-07-28,0.0,0.0,0.0,0.0,0.0
1999-07-29,0.0,0.0,0.0,0.0,0.0
1999-07-30,0.0,0.0,0.0,0.0,0.0
1999-07-31,0.0,0.0,0.0,0.0,0.0
1999-08-01,0.0,0.0,0.0,0.0,0.0
1999-08-02,0.0,0.0,0.0,0.0,0.0
1999-08-03,0.0,0.0,0.0,0.0,0.0
1999-08-04,0.0,0.0,0.0,0.0,0.0
1999-08-05,0.0,0.0,0.0,0.0,0.0
1999-08-06,0.0,0.0,0.0,0.0,0.0
1999-08-07,0.0,0.0,0.0,0.0,0.0
1999-08-08,0.0,0.0,0.0,0.0,0.0
1999-08-09,0.0,0.0,0.0,0.0,0.0
1999-08-10,0.0,0.0,0.0,0.0,0.0
1999-08-11,0.0,0.0,0.0,0.0,0.0
1999-08-12,0.0,0.0,0.0,0.0,0.0
1999-08-13,0.0,0.0,0.0,0.0,0.0
1999-08-14,0.0,0.0,0.0,0.0,0.0
1999-08-15,0.0,0.0,0.0,0.0,0.0
1999-08-16,0.0,0.0,0.0,0.0,0.0
1999-08-17,0.0,0.0,0.0,0.0,0.0
1999-08-18,0.0,0.0,0.0,0.0,0.0
1999-08-19,0.0,0.0,0.0,0.0,0.0
1999-08-20,0.0,0.0,0.0,0.0,0.0
1999-08-21,0.0,0.0,0.0,0.0,0.0
1999-08-22,0.0,0.0,0.0,0.0,0.0
1999-08-23,0.0,0.0,0.0,0.0,0.0
1999-08-24,0.0,0.0,0.0,0.0,0.0
1999-08-25,0.0,0.0,0.0,0.0,0.0
1999-08-26,0.0,0.0,0.0,0.0,0.0
1999-08-27,0.0,0.0,0.0,0.0,0.0
1999-08-28,0.0,0.0,0.0,0.0,0.0
1999-08-29,0.0,0.0,0.0,0.0,0.0
1999-08-30,0.0,0.0,0.0,0.0,0.0
1999-08-31,0.0,0.0,0.0,0.0,0.0
1999-09-01,0.0,0.0,0.0,0.0,0.0
1999-09-02,0.0,0.0,0.0,0.0,0.0
1999-09-03,0.0,0.0,0.0,0.0,0.0
1999-09-04,0.0,0.0,0.0,0.0,0.0
1999-09-05,0.0,0.0,0.0,0.0,0.0
1999-09-06,0.0,0.0,0.0,0.0,0.0
1999-09-07,0.0,0.0,0.0,0.0,0.0
1999-09-08,0.0,0.0,0.0,0.0,0.0
1999-09-09,0.0,0.0,0.0,0.0,0.0
1999-09-10,0.0,0.0,0.0,0.0,0.0
1999-09-11,0.0,0.0,0.0,0.0,0.0
1999-09-12,0.0,0.0,0.0,0.0,0.0
1999-09-13,0.0,0.0,0.0,0.0,0.0
1999-09-14,0.0,0.0,0.0,0.0,0.0
1999-09-15,0.0,0.0,0.0,0.0,0.0
1999-09-16,0.0,0.0,0.0,0.0,0.0
1999-09-17,0.0,0.0,0.0,0.0,0.0
1999-09-18,0.0,0.0,0.0,0.0,0.0
1999-09-19,0.0,0.0,0.0,0.0,0.0
1999-09-20,0.0,0.0,0.0,0.0,0.0
1999-09-21,0.0,0.0,0.0,0.0,0.0
1999-09-22,0.0,0.0,0.0,0.0,0.0
1999-09-23,0.0,0.0,0.0,0.0,0.0
1999-09-24,0.0,0.0,0.0,0.0,0.0
1999-09-25,0.0,0.0,0.0,0.0,0.0
1999-09-26,0.0,0.0,0.0,0.0,0.0
1999-09-27,0.0,0.0,0.0,0.0,0.0
1999-09-28,0.0,0.0,0.0,0.0,0.0
1999-09-29,0.0,0.0,0.0,0.0,0.0
1999-09-30,0.0,0.0,0.0,0.0,0.0
1999-10-01,0.0,0.0,0.0,0.0,0.0
1999-10-02,0.0,0.0,0.0,0.0,0.0
1999-10-03,0.0,0.0,0.0,0.0,0.0
1999-10-04,0.0,0.0,0.0,0.0,0.0
1999-10-05,0.0,0.0,0.0,0.0,0.0
1999-10-06,0.0,0.0,0.0,0.0,0.0
1999-10-07,0.0,0.0,0.0,0.0,0.0
1999-10-08,0.0,0.0,0.0,0.0,0.0
1999-10-09,0.0,0.0,0.0,0.0,0.0
1999-10-10,0.0,0.0,0.0,0.0,0.0
1999-10-11,0.0,0.0,0.0,0.0,0.0
1999-10-12,0.0,0.0,0.0,0.0,0.0
1999-10-13,0.0,0.0,0.0,0.0,0.0
1999-10-14,0.0,0.0,0.0,0.0,0.0
1999-10-15,0.0,0.0,0.0,0.0,0.0
1999-10-16,0.0,0.0,0.0,0.0,0.0
1999-10-17,0.0,0.0,0.0,0.0,0.0
1999-10-18,0.0,0.0,0.0,0.0,0.0
1999-10-19,0.0,0.0,0.0,0.0,0.0
1999-10-20,0.0,0.0,0.0,0.0,0.0
1999-10-21,0.0,0.0,0.0,0.0,0.0
1999-10-22,0.0,0.0,0.0,0.0,0.0
1999-10-23,0.0,0.0,0.0,0.0,0.0
1999-10-24,0.0,0.0,0.0,0.0,0.0
1999-10-25,0.0,0.0,0.0,0.0,0.0
1999-10-26,0.0,0.0,0.0,0.0,0.0
1999-10-27,0.018,32.67,5.17,8.09,19.42
1999-10-28,0.274,165.17,12.04,63.39,89.73
1999-10-29,0.083,115.74,12.56,14.56,88.62
1999-10-30,0.017,65.63,12.56,0.0,53.07
1999-10-31,0.003,28.68,12.56,0.0,16.12
1999-11-01,0.001,16.59,12.55,0.0,4.04
1999-11-02,0.0,13.49,12.52,0.0,0.97
1999-11-03,0.0,12.72,12.4,0.0,0.31
1999-11-04,0.0,12.53,12.19,0.0,0.34
1999-11-05,0.0,12.45,11.96,0.0,0.49
1999-11-06,0.0,12.42,11.85,0.0,0.57
1999-11-07,0.106,124.38,10.43,49.21,64.75
1999-11-08,0.517,140.69,11.76,55.67,73.25
1999-11-09,0.138,119.21,12.56,35.0,71.65
1999-11-10,0.028,65.94,12.56,0.0,53.38
1999-11-11,0.006,31.35,12.55,0.0,18.8
1999-11-12,0.001,17.34,12.54,0.0,4.8
1999-11-13,0.0,13.6,12.47,0.0,1.13
1999-11-14,0.0,12.69,12.28,0.0,0.41
1999-11-15,0.0,12.48,12.03,0.0,0.45
1999-11-16,0.135,132.28,10.58,52.55,69.15
1999-11-17,0.207,113.63,12.25,41.83,59.55
1999-11-18,0.055,59.35,12.56,0.01,46.78
1999-11-19,0.482,311.76,10.97,129.65,171.14
1999-11-20,0.385,346.15,12.56,144.01,189.59
1999-11-21,0.121,144.7,12.15,16.44,116.11
1999-11-22,0.033,85.5,12.52,0.0,72.97
1999-11-23,0.008,35.72,12.39,0.0,23.33
1999-11-24,0.002,17.1,12.36,0.0,4.73
1999-11-25,0.001,13.56,12.46,0.0,1.1
1999-11-26,0.0,12.68,12.27,0.0,0.41
1999-11-27,0.0,12.49,12.03,0.0,0.45
1999-11-28,0.0,12.44,11.89,0.0,0.55
1999-11-29,0.0,12.43,11.84,0.0,0.59
1999-11-30,0.036,70.75,9.69,20.35,40.7
1999-12-01,0.163,60.31,11.97,12.49,35.85
1999-12-02,0.046,37.54,12.35,0.0,25.19
1999-12-03,0.013,22.19,12.53,0.0,9.66
1999-12-04,0.003,14.96,12.44,0.0,2.52
1999-12-05,0.001,13.03,12.38,0.0,0.65
1999-12-06,0.0,12.7,12.46,0.0,0.24
1999-12-07,0.0,12.55,12.29,0.0,0.26
1999-12-08,0.0,12.46,12.03,0.0,0.43
1999-12-09,0.087,33.38,10.99,4.02,18.37
1999-12-10,0.069,31.85,12.49,0.14,19.22
1999-12-11,0.016,22.38,12.52,0.0,9.86
1999-12-12,0.004,15.25,12.49,0.0,2.75
1999-12-13,0.001,13.08,12.37,0.0,0.71
1999-12-14,0.0,12.73,12.51,0.0,0.22
1999-12-15,0.0,12.56,12.38,0.0,0.18
1999-12-16,0.0,12.5,12.16,0.0,0.34
1999-12-17,0.0,12.45,11.95,0.0,0.5
1999-12-18,0.0,12.44,11.87,0.0,0.57
1999-12-19,0.0,12.58,12.01,0.0,0.57
1999-12-20,0.0,12.37,11.85,0.0,0.52
1999-12-21,0.0,12.56,11.97,0.0,0.6
1999-12-22,0.0,12.34,11.83,0.0,0.51
1999-12-23,0.0,12.43,11.79,0.0,0.64
1999-12-24,0.0,12.47,11.87,0.0,0.6
1999-12-25,0.0,12.47,11.9,0.0,0.58
1999-12-26,0.0,12.53,11.96,0.0,0.57
1999-12-27,0.0,12.62,12.08,0.0,0.54
1999-12-28,0.0,12.62,12.28,0.0,0.34
1999-12-29,0.0,12.68,12.56,0.0,0.12
1999-12-30,0.0,0.0,0.0,0.0,0.0
1999-12-31,0.0,0.0,0.0,0.0,0.0
2000-01-01,0.0,0.0,0.0,0.0,0.0
2000-01-02,0.0,0.0,0.0,0.0,0.0
2000-01-03,0.0,0.0,0.0,0.0,0.0
2000-01-04,0.0,0.0,0.0,0.0,0.0
2000-01-05,0.0,0.0,0.0,0.0,0.0
2000-01-06,0.0,0.0,0.0,0.0,0.0
2000-01-07,0.0,0.0,0.0,0.0,0.0
2000-01-08,0.0,0.0,0.0,0.0,0.0
2000-01-09,0.0,0.0,0.0,0.0,0.0
2000-01-10,0.0,0.0,0.0,0.0,0.0
2000-01-11,0.345,362.73,11.39,151.72,199.63
2000-01-12,0.257,362.78,12.56,144.6,205.63
2000-01-13,0.052,188.07,12.56,0.01,175.49
2000-01-14,0.011,93.68,12.52,0.0,81.16
2000-01-15,0.003,30.93,12.42,0.0,18.51
2000-01-16,0.656,299.21,11.5,124.24,163.47
2000-01-17,0.167,263.44,12.55,91.3,159.59
2000-01-18,0.588,138.79,11.47,51.12,76.2
2000-01-19,0.281,114.97,12.14,42.91,59.92
2000-01-20,0.123,65.5,12.29,15.52,37.69
2000-01-21,0.031,35.71,12.38,0.0,23.33
2000-01-22,0.039,24.31,11.49,0.03,12.79
2000-01-23,1.111,152.71,10.73,60.66,81.31
2000-01-24,3.175,203.12,11.91,82.53,108.69
2000-01-25,1.47,170.27,12.4,68.15,89.72
2000-01-26,0.47,103.58,12.23,39.44,51.91
2000-01-27,0.241,45.69,11.97,14.55,19.16
2000-01-28,0.178,20.98,11.87,3.53,5.59
2000-01-29,0.148,14.22,11.83,0.28,2.11
2000-01-30,0.28,81.99,11.48,30.23,40.28
2000-01-31,0.228,60.17,11.98,20.75,27.44
2000-02-01,0.152,24.94,11.94,4.68,8.31
2000-02-02,0.118,14.68,11.84,0.03,2.81
2000-02-03,0.113,13.22,11.75,0.02,1.46
2000-02-04,0.102,13.08,11.85,0.01,1.21
2000-02-05,0.113,18.07,11.57,0.5,6.0
2000-02-06,0.109,17.68,11.93,0.02,5.73
2000-02-07,0.085,14.07,11.85,0.01,2.21
2000-02-08,0.073,13.19,11.84,0.0,1.35
2000-02-09,0.066,12.91,11.76,0.0,1.15
2000-02-10,0.341,127.12,11.31,49.94,65.86
2000-02-11,0.73,150.53,10.82,60.33,79.39
2000-02-12,1.249,143.28,12.11,56.64,74.53
2000-02-13,2.179,152.91,11.29,61.15,80.47
2000-02-14,3.164,212.6,12.18,86.54,113.87
2000-02-15,1.867,106.23,12.0,40.69,53.54
2000-02-16,1.337,37.31,11.87,10.99,14.46
2000-02-17,1.093,19.07,11.85,3.12,4.1
2000-02-18,0.921,14.96,11.83,1.35,1.78
2000-02-19,0.791,14.07,11.83,0.97,1.27
2000-02-20,0.812,35.06,11.58,10.14,13.34
2000-02-21,1.035,60.8,11.82,21.15,27.83
2000-02-22,1.1,60.03,11.14,21.11,27.78
2000-02-23,2.535,126.96,11.76,49.74,65.45
2000-02-24,1.878,56.82,11.92,19.39,25.51
2000-02-25,1.448,24.01,11.86,5.25,6.9
2000-02-26,1.274,20.79,11.57,3.98,5.24
2000-02-27,2.083,68.56,11.71,24.55,32.3
2000-02-28,1.732,33.55,11.89,9.35,12.3
2000-02-29,1.62,27.65,11.75,6.87,9.04
2000-03-01,1.373,19.15,11.87,3.14,4.14
2000-03-02,1.228,17.1,11.74,2.31,3.04
2000-03-03,1.135,17.65,11.86,2.5,3.29
2000-03-04,0.969,18.51,11.6,2.98,3.93
2000-03-05,1.252,40.65,11.82,12.45,16.38
2000-03-06,1.476,66.52,11.71,23.67,31.14
2000-03-07,1.13,29.07,11.88,7.43,9.77
2000-03-08,1.208,43.31,11.51,13.73,18.07
2000-03-09,1.783,53.65,11.73,18.1,23.82
2000-03-10,1.491,27.31,11.89,6.66,8.76
2000-03-11,1.165,17.0,11.87,2.21,2.91
2000-03-12,0.926,14.58,11.87,1.17,1.54
2000-03-13,0.733,14.04,11.87,0.93,1.23
2000-03-14,0.576,13.91,11.87,0.88,1.16
2000-03-15,0.447,13.91,11.9,0.87,1.14
2000-03-16,0.323,13.92,11.92,0.86,1.14
2000-03-17,0.245,13.87,11.88,0.86,1.13
2000-03-18,0.19,13.73,11.89,0.7,1.14
2000-03-19,0.142,13.33,11.91,0.28,1.14
2000-03-20,0.097,13.1,11.95,0.01,1.13
2000-03-21,0.069,12.99,11.87,0.0,1.11
2000-03-22,0.055,12.98,11.92,0.0,1.06
2000-03-23,0.036,12.79,11.9,0.0,0.88
2000-03-24,0.028,12.68,11.9,0.0,0.79
2000-03-25,0.02,12.65,11.95,0.0,0.7
2000-03-26,0.012,12.64,12.01,0.0,0.62
2000-03-27,0.006,12.68,12.15,0.0,0.53
2000-03-28,0.002,12.65,12.32,0.0,0.34
2000-03-29,0.001,12.63,12.4,0.0,0.24
2000-03-30,0.0,12.64,12.56,0.0,0.08
2000-03-31,0.0,12.58,12.56,0.0,0.02
2000-04-01,0.0,12.56,12.56,0.0,0.0
2000-04-02,0.0,12.56,12.56,0.0,0.0
2000-04-03,0.0,12.56,12.56,0.0,0.0
2000-04-04,0.0,12.56,12.56,0.0,0.0
2000-04-05,0.0,0.0,0.0,0.0,0.0
2000-04-06,0.0,0.0,0.0,0.0,0.0
2000-04-07,0.0,0.0,0.0,0.0,0.0
2000-04-08,0.0,0.0,0.0,0.0,0.0
2000-04-09,0.0,0.0,0.0,0.0,0.0
2000-04-10,0.0,0.0,0.0,0.0,0.0
2000-04-11,0.0,0.0,0.0,0.0,0.0
2000-04-12,0.013,39.89,6.48,9.72,23.69
2000-04-13,0.162,77.88,12.09,20.62,45.17
2000-04-14,0.1,35.81,12.02,0.58,23.22
2000-04-15,0.046,23.96,12.13,0.0,11.82
2000-04-16,0.026,14.16,11.43,0.0,2.73
2000-04-17,0.73,159.08,11.45,63.55,84.08
2000-04-18,0.357,107.38,12.11,41.06,54.2
2000-04-19,0.183,47.93,12.06,13.83,22.04
2000-04-20,0.116,19.13,11.92,0.05,7.16
2000-04-21,0.088,14.45,11.88,0.01,2.57
2000-04-22,0.07,13.31,11.87,0.0,1.44
2000-04-23,0.055,12.98,11.86,0.0,1.12
2000-04-24,0.043,12.86,11.89,0.0,0.96
2000-04-25,0.031,12.68,11.87,0.0,0.81
2000-04-26,0.024,12.7,11.95,0.0,0.75
2000-04-27,0.013,12.65,12.05,0.0,0.6
2000-04-28,0.007,12.69,12.11,0.0,0.58
2000-04-29,0.002,12.65,12.29,0.0,0.36
2000-04-30,0.001,12.67,12.56,0.0,0.11
2000-05-01,0.0,12.59,12.56,0.0,0.03
2000-05-02,0.0,12.57,12.56,0.0,0.01
2000-05-03,0.0,12.56,12.56,0.0,0.0
2000-05-04,0.0,12.56,12.56,0.0,0.0
2000-05-05,0.0,12.56,12.56,0.0,0.0
2000-05-06,0.0,12.56,12.56,0.0,0.0
2000-05-07,0.195,64.85,10.4,21.47,32.99
2000-05-08,0.718,111.05,11.86,42.52,56.67
2000-05-09,0.224,85.29,12.34,29.28,43.67
2000-05-10,0.088,32.82,12.14,0.01,20.67
2000-05-11,0.047,18.9,11.95,0.0,6.95
2000-05-12,0.034,13.74,11.96,0.0,1.78
2000-05-13,0.018,12.91,12.09,0.0,0.82
2000-05-14,0.007,12.58,12.07,0.0,0.51
2000-05-15,0.276,162.37,11.43,65.17,85.77
2000-05-16,0.104,104.43,12.37,21.51,70.54
2000-05-17,0.04,41.52,12.14,0.0,29.38
2000-05-18,0.02,18.12,12.06,0.0,6.06
2000-05-19,0.01,13.44,12.14,0.0,1.31
2000-05-20,0.004,12.73,12.19,0.0,0.53
2000-05-21,0.001,12.72,12.55,0.0,0.17
2000-05-22,0.0,12.6,12.54,0.0,0.06
2000-05-23,0.0,12.57,12.51,0.0,0.06
2000-05-24,0.0,12.57,12.49,0.0,0.09
2000-05-25,0.0,12.58,12.53,0.0,0.05
2000-05-26,0.0,12.58,12.56,0.0,0.01
2000-05-27,0.0,12.56,12.56,0.0,0.0
2000-05-28,0.0,12.56,12.56,0.0,0.0
2000-05-29,0.0,0.0,0.0,0.0,0.0
2000-05-30,0.0,0.0,0.0,0.0,0.0
2000-05-31,0.0,0.0,0.0,0.0,0.0
2000-06-01,0.0,0.0,0.0,0.0,0.0
2000-06-02,0.0,0.0,0.0,0.0,0.0
2000-06-03,0.0,0.0,0.0,0.0,0.0
2000-06-04,0.0,0.0,0.0,0.0,0.0
2000-06-05,0.0,0.0,0.0,0.0,0.0
2000-06-06,0.0,0.0,0.0,0.0,0.0
2000-06-07,0.0,0.0,0.0,0.0,0.0
2000-06-08,0.0,0.0,0.0,0.0,0.0
2000-06-09,0.0,0.0,0.0,0.0,0.0
2000-06-10,0.0,0.0,0.0,0.0,0.0
2000-06-11,0.0,0.0,0.0,0.0,0.0
2000-06-12,0.0,0.0,0.0,0.0,0.0
2000-06-13,0.0,0.0,0.0,0.0,0.0
2000-06-14,0.0,0.0,0.0,0.0,0.0
2000-06-15,0.0,0.0,0.0,0.0,0.0
2000-06-16,0.0,0.0,0.0,0.0,0.0
2000-06-17,0.0,0.0,0.0,0.0,0.0
2000-06-18,0.0,0.0,0.0,0.0,0.0
2000-06-19,0.0,0.0,0.0,0.0,0.0
2000-06-20,0.0,0.0,0.0,0.0,0.0
2000-06-21,0.0,0.0,0.0,0.0,0.0
2000-06-22,0.0,0.0,0.0,0.0,0.0
2000-06-23,0.0,0.0,0.0,0.0,0.0
2000-06-24,0.0,0.0,0.0,0.0,0.0
2000-06-25,0.0,0.0,0.0,0.0,0.0
2000-06-26,0.0,0.0,0.0,0.0,0.0
2000-06-27,0.0,0.0,0.0,0.0,0.0
2000-06-28,0.0,0.0,0.0,0.0,0.0
2000-06-29,0.0,0.0,0.0,0.0,0.0
2000-06-30,0.0,0.0,0.0,0.0,0.0
2000-07-01,0.0,0.0,0.0,0.0,0.0
2000-07-02,0.0,0.0,0.0,0.0,0.0
2000-07-03,0.0,0.0,0.0,0.0,0.0
2000-07-04,0.0,0.0,0.0,0.0,0.0
2000-07-05,0.0,0.0,0.0,0.0,0.0
2000-07-06,0.0,0.0,0.0,0.0,0.0
2000-07-07,0.0,0.0,0.0,0.0,0.0
2000-07-08,0.0,0.0,0.0,0.0,0.0
2000-07-09,0.0,0.0,0.0,0.0,0.0
2000-07-10,0.0,0.0,0.0,0.0,0.0
2000-07-11,0.0,0.0,0.0,0.0,0.0
2000-07-12,0.0,0.0,0.0,0.0,0.0
2000-07-13,0.0,0.0,0.0,0.0,0.0
2000-07-14,0.0,0.0,0.0,0.0,0.0
2000-07-15,0.0,0.0,0.0,0.0,0.0
2000-07-16,0.0,0.0,0.0,0.0,0.0
2000-07-17,0.0,0.0,0.0,0.0,0.0
2000-07-18,0.0,0.0,0.0,0.0,0.0
2000-07-19,0.0,0.0,0.0,0.0,0.0
2000-07-20,0.0,0.0,0.0,0.0,0.0
2000-07-21,0.0,0.0,0.0,0.0,0.0
2000-07-22,0.0,0.0,0.0,0.0,0.0
2000-07-23,0.0,0.0,0.0,0.0,0.0
2000-07-24,0.0,0.0,0.0,0.0,0.0
2000-07-25,0.0,0.0,0.0,0.0,0.0
2000-07-26,0.0,0.0,0.0,0.0,0.0
2000-07-27,0.0,0.0,0.0,0.0,0.0
2000-07-28,0.0,0.0,0.0,0.0,0.0
2000-07-29,0.0,0.0,0.0,0.0,0.0
2000-07-30,0.0,0.0,0.0,0.0,0.0
2000-07-31,0.0,0.0,0.0,0.0,0.0
2000-08-01,0.0,0.0,0.0,0.0,0.0
2000-08-02,0.0,0.0,0.0,0.0,0.0
2000-08-03,0.0,0.0,0.0,0.0,0.0
2000-08-04,0.0,0.0,0.0,0.0,0.0
2000-08-05,0.0,0.0,0.0,0.0,0.0
2000-08-06,0.0,0.0,0.0,0.0,0.0
2000-08-07,0.0,0.0,0.0,0.0,0.0
2000-08-08,0.0,0.0,0.0,0.0,0.0
2000-08-09,0.0,0.0,0.0,0.0,0.0
2000-08-10,0.0,0.0,0.0,0.0,0.0
2000-08-11,0.0,0.0,0.0,0.0,0.0
2000-08-12,0.0,0.0,0.0,0.0,0.0
2000-08-13,0.0,0.0,0.0,0.0,0.0
2000-08-14,0.0,0.0,0.0,0.0,0.0
2000-08-15,0.0,0.0,0.0,0.0,0.0
2000-08-16,0.0,0.0,0.0,0.0,0.0
2000-08-17,0.0,0.0,0.0,0.0,0.0
2000-08-18,0.0,0.0,0.0,0.0,0.0
2000-08-19,0.0,0.0,0.0,0.0,0.0
2000-08-20,0.0,0.0,0.0,0.0,0.0
2000-08-21,0.0,0.0,0.0,0.0,0.0
2000-08-22,0.0,0.0,0.0,0.0,0.0
2000-08-23,0.0,0.0,0.0,0.0,0.0
2000-08-24,0.0,0.0,0.0,0.0,0.0
2000-08-25,0.0,0.0,0.0,0.0,0.0
2000-08-26,0.0,0.0,0.0,0.0,0.0
2000-08-27,0.0,0.0,0.0,0.0,0.0
2000-08-28,0.0,0.0,0.0,0.0,0.0
2000-08-29,0.0,0.0,0.0,0.0,0.0
2000-08-30,0.0,0.0,0.0,0.0,0.0
2000-08-31,0.0,0.0,0.0,0.0,0.0
2000-09-01,0.0,0.0,0.0,0.0,0.0
2000-09-02,0.0,0.0,0.0,0.0,0.0
2000-09-03,0.0,0.0,0.0,0.0,0.0
2000-09-04,0.0,0.0,0.0,0.0,0.0
2000-09-05,0.0,0.0,0.0,0.0,0.0
2000-09-06,0.0,0.0,0.0,0.0,0.0
2000-09-07,0.0,0.0,0.0,0.0,0.0
2000-09-08,0.0,0.0,0.0,0.0,0.0
2000-09-09,0.0,0.0,0.0,0.0,0.0
2000-09-10,0.0,0.0,0.0,0.0,0.0
2000-09-11,0.0,0.0,0.0,0.0,0.0
2000-09-12,0.0,0.0,0.0,0.0,0.0
2000-09-13,0.0,0.0,0.0,0.0,0.0
2000-09-14,0.0,0.0,0.0,0.0,0.0
2000-09-15,0.0,0.0,0.0,0.0,0.0
2000-09-16,0.0,0.0,0.0,0.0,0.0
2000-09-17,0.0,0.0,0.0,0.0,0.0
2000-09-18,0.0,0.0,0.0,0.0,0.0
2000-09-19,0.0,0.0,0.0,0.0,0.0
2000-09-20,0.0,0.0,0.0,0.0,0.0
2000-09-21,0.0,0.0,0.0,0.0,0.0
2000-09-22,0.0,0.0,0.0,0.0,0.0
2000-09-23,0.0,0.0,0.0,0.0,0.0
2000-09-24,0.0,0.0,0.0,0.0,0.0
2000-09-25,0.0,0.0,0.0,0.0,0.0
2000-09-26,0.0,0.0,0.0,0.0,0.0
2000-09-27,0.0,0.0,0.0,0.0,0.0
2000-09-28,0.0,0.0,0.0,0.0,0.0
2000-09-29,0.0,0.0,0.0,0.0,0.0
2000-09-30,0.0,0.0,0.0,0.0,0.0
2000-10-01,0.0,0.0,0.0,0.0,0.0
2000-10-02,0.0,0.0,0.0,0.0,0.0
2000-10-03,0.0,0.0,0.0,0.0,0.0
2000-10-04,0.0,0.0,0.0,0.0,0.0
2000-10-05,0.0,0.0,0.0,0.0,0.0
2000-10-06,0.0,0.0,0.0,0.0,0.0
2000-10-07,0.0,0.0,0.0,0.0,0.0
2000-10-08,0.0,0.0,0.0,0.0,0.0
2000-10-09,0.0,0.0,0.0,0.0,0.0
2000-10-10,0.0,0.0,0.0,0.0,0.0
2000-10-11,0.092,107.62,11.22,35.47,60.93
2000-10-12,0.057,78.05,12.56,0.03,65.45
2000-10-13,0.012,44.72,12.56,0.0,32.16
2000-10-14,0.002,21.64,12.56,0.0,9.08
2000-10-15,0.0,14.81,12.56,0.0,2.25
2000-10-16,0.0,13.09,12.55,0.0,0.55
2000-10-17,0.0,12.68,12.51,0.0,0.17
2000-10-18,0.0,12.56,12.4,0.0,0.16
2000-10-19,0.0,12.51,12.2,0.0,0.31
2000-10-20,0.0,12.48,12.02,0.0,0.46
2000-10-21,0.0,12.59,12.08,0.0,0.51
2000-10-22,0.0,12.73,12.56,0.0,0.17
2000-10-23,0.0,12.61,12.56,0.0,0.05
2000-10-24,0.0,0.0,0.0,0.0,0.0
2000-10-25,0.0,0.0,0.0,0.0,0.0
2000-10-26,0.677,152.19,11.5,60.75,79.94
2000-10-27,0.398,133.41,12.35,52.28,68.79
2000-10-28,0.397,177.76,11.26,67.67,98.84
2000-10-29,0.358,175.59,11.99,69.37,94.22
2000-10-30,0.495,111.85,11.8,43.04,57.01
2000-10-31,0.182,92.16,12.54,29.84,49.78
2000-11-01,0.04,50.6,12.51,0.0,38.1
2000-11-02,0.01,25.24,12.35,0.0,12.89
2000-11-03,0.003,14.84,12.3,0.0,2.55
2000-11-04,0.001,13.11,12.47,0.0,0.64
2000-11-05,0.0,12.62,12.29,0.0,0.32
2000-11-06,0.0,12.5,12.07,0.0,0.42
2000-11-07,0.0,12.45,11.92,0.0,0.53
2000-11-08,0.0,12.44,11.86,0.0,0.58
2000-11-09,0.0,12.45,11.87,0.0,0.58
2000-11-10,0.0,12.44,11.84,0.0,0.59
2000-11-11,0.0,12.44,11.85,0.0,0.59
2000-11-12,0.0,12.45,11.86,0.0,0.59
2000-11-13,0.0,12.39,11.78,0.0,0.61
2000-11-14,0.0,12.47,11.89,0.0,0.58
2000-11-15,0.0,12.43,11.84,0.0,0.59
2000-11-16,0.0,12.46,11.88,0.0,0.58
2000-11-17,0.0,12.44,11.85,0.0,0.59
2000-11-18,0.0,12.43,11.84,0.0,0.6
2000-11-19,0.0,12.44,11.85,0.0,0.59
2000-11-20,0.0,12.48,11.89,0.0,0.59
2000-11-21,0.003,13.34,6.71,0.05,6.58
2000-11-22,0.015,21.28,12.56,0.0,8.72
2000-11-23,0.003,15.09,12.55,0.0,2.54
2000-11-24,0.001,13.14,12.5,0.0,0.64
2000-11-25,0.0,12.69,12.4,0.0,0.28
2000-11-26,0.0,12.63,12.51,0.0,0.12
2000-11-27,0.0,12.56,12.41,0.0,0.15
2000-11-28,0.0,12.51,12.21,0.0,0.31
2000-11-29,0.224,156.8,11.38,62.57,82.84
2000-11-30,0.083,105.92,12.55,13.0,80.37
2000-12-01,0.017,59.15,12.53,0.0,46.62
2000-12-02,0.004,25.03,12.44,0.0,12.59
2000-12-03,0.001,15.01,12.39,0.0,2.62
2000-12-04,0.0,13.16,12.53,0.0,0.63
2000-12-05,0.0,12.67,12.43,0.0,0.23
2000-12-06,0.0,12.52,12.22,0.0,0.3
2000-12-07,0.0,12.45,11.98,0.0,0.47
2000-12-08,0.0,12.44,11.88,0.0,0.56
2000-12-09,0.0,12.42,11.82,0.0,0.6
2000-12-10,0.0,12.44,11.85,0.0,0.59
2000-12-11,0.0,12.44,11.84,0.0,0.6
2000-12-12,0.167,141.06,11.39,53.93,75.74
2000-12-13,0.063,83.52,12.27,0.21,71.05
2000-12-14,0.243,93.63,11.24,33.02,49.38
2000-12-15,0.167,58.42,12.47,16.16,29.78
2000-12-16,0.036,35.26,12.53,0.0,22.73
2000-12-17,0.008,20.45,12.46,0.0,7.99
2000-12-18,0.002,14.64,12.55,0.0,2.09
2000-12-19,0.0,13.03,12.5,0.0,0.53
2000-12-20,0.0,12.62,12.37,0.0,0.25
2000-12-21,0.0,12.48,12.1,0.0,0.38
2000-12-22,0.0,12.45,11.93,0.0,0.52
2000-12-23,0.0,12.42,11.84,0.0,0.58
2000-12-24,0.0,12.46,11.87,0.0,0.59
2000-12-25,0.0,12.47,11.89,0.0,0.58
2000-12-26,0.0,12.43,11.84,0.0,0.59
2000-12-27,0.0,12.43,11.83,0.0,0.6
2000-12-28,0.0,12.44,11.84,0.0,0.6
2000-12-29,0.0,12.42,11.82,0.0,0.6
2000-12-30,0.0,12.44,11.84,0.0,0.6
2000-12-31,0.0,12.43,11.83,0.0,0.6
2001-01-01,0.0,12.43,11.83,0.0,0.6
2001-01-02,0.0,12.48,11.9,0.0,0.58
2001-01-03,0.0,12.46,11.88,0.0,0.58
2001-01-04,0.0,12.46,11.87,0.0,0.58
2001-01-05,0.0,12.46,11.88,0.0,0.58
2001-01-06,0.0,12.48,11.9,0.0,0.58
2001-01-07,0.0,12.67,12.11,0.0,0.56
2001-01-08,0.3,120.74,11.4,47.13,62.21
2001-01-09,0.107,92.03,12.55,20.46,59.02
2001-01-10,0.517,181.1,11.01,72.66,97.43
2001-01-11,0.835,129.51,11.8,50.75,66.97
2001-01-12,0.38,117.71,12.52,45.39,59.8
2001-01-13,0.086,68.25,12.48,7.64,48.12
2001-01-14,0.024,35.18,12.29,0.0,22.9
2001-01-15,0.011,16.25,12.17,0.0,4.08
2001-01-16,0.004,13.01,12.03,0.0,0.98
2001-01-17,0.003,12.47,11.81,0.0,0.66
2001-01-18,0.002,12.65,12.06,0.0,0.58
2001-01-19,0.001,12.64,12.31,0.0,0.33
2001-01-20,0.0,12.61,12.38,0.0,0.22
2001-01-21,0.0,12.51,12.16,0.0,0.35
2001-01-22,0.0,12.47,11.97,0.0,0.49
2001-01-23,0.017,23.28,10.07,0.06,13.14
2001-01-24,0.175,49.74,11.6,12.57,25.57
2001-01-25,0.553,311.64,10.98,128.71,171.96
2001-01-26,0.636,284.82,12.28,117.52,155.03
2001-01-27,0.158,197.51,12.5,65.68,119.32
2001-01-28,0.041,89.47,12.34,0.0,77.13
2001-01-29,0.016,30.56,12.11,0.0,18.45
2001-01-30,0.011,14.28,11.91,0.0,2.37
2001-01-31,0.008,12.65,11.89,0.0,0.76
2001-02-01,0.006,12.54,11.93,0.0,0.61
2001-02-02,0.003,12.68,12.13,0.0,0.55
2001-02-03,0.001,12.68,12.42,0.0,0.26
2001-02-04,0.0,12.61,12.46,0.0,0.15
2001-02-05,0.0,12.53,12.29,0.0,0.24
2001-02-06,0.0,12.54,12.15,0.0,0.39
2001-02-07,0.0,12.47,11.98,0.0,0.49
2001-02-08,0.0,12.48,11.92,0.0,0.56
2001-02-09,0.277,140.99,10.6,56.31,74.09
2001-02-10,0.757,114.38,11.72,44.33,58.33
2001-02-11,0.905,141.02,11.68,55.85,73.49
2001-02-12,1.165,131.0,11.77,51.48,67.74
2001-02-13,0.429,106.54,12.44,40.63,53.47
2001-02-14,0.138,58.35,12.19,15.5,30.65
2001-02-15,0.076,22.85,11.95,0.0,10.89
2001-02-16,0.057,15.13,11.86,0.0,3.27
2001-02-17,0.05,13.45,11.34,0.04,2.07
2001-02-18,0.246,60.09,11.58,19.96,28.55
2001-02-19,0.541,145.7,11.24,57.79,76.68
2001-02-20,0.884,142.85,11.85,56.53,74.47
2001-02-21,0.613,88.47,11.89,33.06,43.52
2001-02-22,0.326,57.48,11.5,19.85,26.13
2001-02-23,0.558,77.66,11.95,28.37,37.34
2001-02-24,1.38,173.77,11.46,70.09,92.23
2001-02-25,0.808,96.95,12.14,36.62,48.19
2001-02-26,0.447,41.49,11.97,12.75,16.77
2001-02-27,0.319,20.91,11.9,3.89,5.12
2001-02-28,0.252,15.47,11.86,1.56,2.05
2001-03-01,0.216,14.16,11.82,1.01,1.33
2001-03-02,0.258,18.43,11.6,2.95,3.88
2001-03-03,0.237,17.74,11.92,2.52,3.31
2001-03-04,0.59,95.37,11.18,36.35,47.83
2001-03-05,0.715,84.51,12.02,31.3,41.19
2001-03-06,0.384,39.4,12.0,11.83,15.56
2001-03-07,0.267,20.52,11.89,3.73,4.9
2001-03-08,0.218,15.31,11.84,1.5,1.97
2001-03-09,0.182,13.98,11.86,0.8,1.32
2001-03-10,0.153,13.29,11.81,0.3,1.17
2001-03-11,0.136,13.08,11.81,0.13,1.14
2001-03-12,0.117,13.01,11.84,0.03,1.14
2001-03-13,0.099,12.97,11.83,0.01,1.14
2001-03-14,0.083,12.99,11.85,0.01,1.13
2001-03-15,0.069,12.95,11.83,0.0,1.11
2001-03-16,0.058,12.97,11.89,0.0,1.08
2001-03-17,0.046,12.79,11.83,0.0,0.97
2001-03-18,0.039,12.73,11.84,0.0,0.89
2001-03-19,0.033,12.68,11.85,0.0,0.83
2001-03-20,0.026,12.65,11.88,0.0,0.77
2001-03-21,0.02,12.61,11.9,0.0,0.71
2001-03-22,0.014,12.52,11.86,0.0,0.66
2001-03-23,0.01,12.57,11.94,0.0,0.63
2001-03-24,0.006,12.67,12.1,0.0,0.57
2001-03-25,0.022,23.6,11.42,0.02,12.17
2001-03-26,0.01,18.12,12.39,0.0,5.73
2001-03-27,0.002,14.07,12.54,0.0,1.53
2001-03-28,0.0,12.94,12.56,0.0,0.38
2001-03-29,0.0,12.65,12.56,0.0,0.09
2001-03-30,0.0,12.58,12.56,0.0,0.02
2001-03-31,0.0,12.57,12.56,0.0,0.01
2001-04-01,0.0,12.56,12.56,0.0,0.0
2001-04-02,0.0,12.56,12.56,0.0,0.0
2001-04-03,0.0,12.56,12.56,0.0,0.0
2001-04-04,0.0,0.0,0.0,0.0,0.0
2001-04-05,0.0,0.0,0.0,0.0,0.0
2001-04-06,0.042,53.29,10.91,2.35,40.03
2001-04-07,0.334,173.65,11.59,67.17,94.89
2001-04-08,0.104,143.13,12.48,30.85,99.8
2001-04-09,0.029,64.01,12.28,0.0,51.73
2001-04-10,0.014,21.11,12.14,0.0,8.98
2001-04-11,0.003,14.57,12.28,0.0,2.3
2001-04-12,0.003,12.73,12.0,0.0,0.74
2001-04-13,0.001,12.79,12.55,0.0,0.24
2001-04-14,0.0,12.61,12.53,0.0,0.08
2001-04-15,0.0,12.56,12.47,0.0,0.09
2001-04-16,0.0,12.55,12.34,0.0,0.2
2001-04-17,0.0,12.57,12.23,0.0,0.34
2001-04-18,0.0,12.63,12.29,0.0,0.34
2001-04-19,0.0,12.64,12.47,0.0,0.17
2001-04-20,0.377,172.59,11.01,69.32,92.26
2001-04-21,0.291,178.52,12.5,70.34,95.67
2001-04-22,0.074,81.36,12.4,0.51,68.45
2001-04-23,0.024,39.1,12.25,0.0,26.86
2001-04-24,0.009,17.47,12.23,0.0,5.24
2001-04-25,0.003,13.53,12.34,0.0,1.2
2001-04-26,0.001,12.86,12.54,0.0,0.32
2001-04-27,0.0,12.62,12.49,0.0,0.13
2001-04-28,0.0,12.56,12.38,0.0,0.18
2001-04-29,0.0,12.52,12.19,0.0,0.33
2001-04-30,0.0,12.5,12.04,0.0,0.46
2001-05-01,0.0,12.6,12.08,0.0,0.52
2001-05-02,0.0,12.63,12.22,0.0,0.41
2001-05-03,0.0,12.68,12.56,0.0,0.12
2001-05-04,0.0,12.59,12.56,0.0,0.03
2001-05-05,0.0,0.0,0.0,0.0,0.0
2001-05-06,0.0,0.0,0.0,0.0,0.0
2001-05-07,0.0,0.0,0.0,0.0,0.0
2001-05-08,0.0,0.0,0.0,0.0,0.0
2001-05-09,0.0,0.0,0.0,0.0,0.0
2001-05-10,0.0,0.0,0.0,0.0,0.0
2001-05-11,0.0,0.0,0.0,0.0,0.0
2001-05-12,0.0,0.0,0.0,0.0,0.0
2001-05-13,0.0,0.0,0.0,0.0,0.0
2001-05-14,0.0,0.0,0.0,0.0,0.0
2001-05-15,0.0,0.0,0.0,0.0,0.0
2001-05-16,0.0,0.0,0.0,0.0,0.0
2001-05-17,0.0,0.0,0.0,0.0,0.0
2001-05-18,0.0,0.0,0.0,0.0,0.0
2001-05-19,0.0,0.0,0.0,0.0,0.0
2001-05-20,0.0,0.0,0.0,0.0,0.0
2001-05-21,0.0,0.0,0.0,0.0,0.0
2001-05-22,0.0,0.0,0.0,0.0,0.0
2001-05-23,0.0,0.0,0.0,0.0,0.0
2001-05-24,0.0,0.0,0.0,0.0,0.0
2001-05-25,0.0,0.0,0.0,0.0,0.0
2001-05-26,0.0,0.0,0.0,0.0,0.0
2001-05-27,0.0,0.0,0.0,0.0,0.0
2001-05-28,0.0,0.0,0.0,0.0,0.0
2001-05-29,0.0,0.0,0.0,0.0,0.0
2001-05-30,0.0,0.0,0.0,0.0,0.0
2001-05-31,0.0,0.0,0.0,0.0,0.0
2001-06-01,0.0,0.0,0.0,0.0,0.0
2001-06-02,0.0,0.0,0.0,0.0,0.0
2001-06-03,0.0,0.0,0.0,0.0,0.0
2001-06-04,0.0,0.0,0.0,0.0,0.0
2001-06-05,0.0,0.0,0.0,0.0,0.0
2001-06-06,0.0,0.0,0.0,0.0,0.0
2001-06-07,0.0,0.0,0.0,0.0,0.0
2001-06-08,0.0,0.0,0.0,0.0,0.0
2001-06-09,0.0,0.0,0.0,0.0,0.0
2001-06-10,0.0,0.0,0.0,0.0,0.0
2001-06-11,0.0,0.0,0.0,0.0,0.0
2001-06-12,0.0,0.0,0.0,0.0,0.0
2001-06-13,0.0,0.0,0.0,0.0,0.0
2001-06-14,0.0,0.0,0.0,0.0,0.0
2001-06-15,0.0,0.0,0.0,0.0,0.0
2001-06-16,0.0,0.0,0.0,0.0,0.0
2001-06-17,0.0,0.0,0.0,0.0,0.0
2001-06-18,0.0,0.0,0.0,0.0,0.0
2001-06-19,0.0,0.0,0.0,0.0,0.0
2001-06-20,0.0,0.0,0.0,0.0,0.0
2001-06-21,0.0,0.0,0.0,0.0,0.0
2001-06-22,0.0,0.0,0.0,0.0,0.0
2001-06-23,0.0,0.0,0.0,0.0,0.0
2001-06-24,0.0,0.0,0.0,0.0,0.0
2001-06-25,0.0,0.0,0.0,0.0,0.0
2001-06-26,0.0,0.0,0.0,0.0,0.0
2001-06-27,0.0,0.0,0.0,0.0,0.0
2001-06-28,0.0,0.0,0.0,0.0,0.0
2001-06-29,0.0,0.0,0.0,0.0,0.0
2001-06-30,0.0,0.0,0.0,0.0,0.0
2001-07-01,0.0,0.0,0.0,0.0,0.0
2001-07-02,0.0,0.0,0.0,0.0,0.0
2001-07-03,0.0,0.0,0.0,0.0,0.0
2001-07-04,0.0,0.0,0.0,0.0,0.0
2001-07-05,0.0,0.0,0.0,0.0,0.0
2001-07-06,0.0,0.0,0.0,0.0,0.0
2001-07-07,0.0,0.0,0.0,0.0,0.0
2001-07-08,0.0,0.0,0.0,0.0,0.0
2001-07-09,0.0,0.0,0.0,0.0,0.0
2001-07-10,0.0,0.0,0.0,0.0,0.0
2001-07-11,0.0,0.0,0.0,0.0,0.0
2001-07-12,0.0,0.0,0.0,0.0,0.0
2001-07-13,0.0,0.0,0.0,0.0,0.0
2001-07-14,0.0,0.0,0.0,0.0,0.0
2001-07-15,0.0,0.0,0.0,0.0,0.0
2001-07-16,0.0,0.0,0.0,0.0,0.0
2001-07-17,0.0,0.0,0.0,0.0,0.0
2001-07-18,0.0,0.0,0.0,0.0,0.0
2001-07-19,0.0,0.0,0.0,0.0,0.0
2001-07-20,0.0,0.0,0.0,0.0,0.0
2001-07-21,0.0,0.0,0.0,0.0,0.0
2001-07-22,0.0,0.0,0.0,0.0,0.0
2001-07-23,0.0,0.0,0.0,0.0,0.0
2001-07-24,0.0,0.0,0.0,0.0,0.0
2001-07-25,0.0,0.0,0.0,0.0,0.0
2001-07-26,0.0,0.0,0.0,0.0,0.0
2001-07-27,0.0,0.0,0.0,0.0,0.0
2001-07-28,0.0,0.0,0.0,0.0,0.0
2001-07-29,0.0,0.0,0.0,0.0,0.0
2001-07-30,0.0,0.0,0.0,0.0,0.0
2001-07-31,0.0,0.0,0.0,0.0,0.0
2001-08-01,0.0,0.0,0.0,0.0,0.0
2001-08-02,0.0,0.0,0.0,0.0,0.0
2001-08-03,0.0,0.0,0.0,0.0,0.0
2001-08-04,0.0,0.0,0.0,0.0,0.0
2001-08-05,0.0,0.0,0.0,0.0,0.0
2001-08-06,0.0,0.0,0.0,0.0,0.0
2001-08-07,0.0,0.0,0.0,0.0,0.0
2001-08-08,0.0,0.0,0.0,0.0,0.0
2001-08-09,0.0,0.0,0.0,0.0,0.0
2001-08-10,0.0,0.0,0.0,0.0,0.0
2001-08-11,0.0,0.0,0.0,0.0,0.0
2001-08-12,0.0,0.0,0.0,0.0,0.0
2001-08-13,0.0,0.0,0.0,0.0,0.0
2001-08-14,0.0,0.0,0.0,0.0,0.0
2001-08-15,0.0,0.0,0.0,0.0,0.0
2001-08-16,0.0,0.0,0.0,0.0,0.0
2001-08-17,0.0,0.0,0.0,0.0,0.0
2001-08-18,0.0,0.0,0.0,0.0,0.0
2001-08-19,0.0,0.0,0.0,0.0,0.0
2001-08-20,0.0,0.0,0.0,0.0,0.0
2001-08-21,0.0,0.0,0.0,0.0,0.0
2001-08-22,0.0,0.0,0.0,0.0,0.0
2001-08-23,0.0,0.0,0.0,0.0,0.0
2001-08-24,0.0,0.0,0.0,0.0,0.0
2001-08-25,0.0,0.0,0.0,0.0,0.0
2001-08-26,0.0,0.0,0.0,0.0,0.0
2001-08-27,0.0,0.0,0.0,0.0,0.0
2001-08-28,0.0,0.0,0.0,0.0,0.0
2001-08-29,0.0,0.0,0.0,0.0,0.0
2001-08-30,0.0,0.0,0.0,0.0,0.0
2001-08-31,0.0,0.0,0.0,0.0,0.0
2001-09-01,0.0,0.0,0.0,0.0,0.0
2001-09-02,0.0,0.0,0.0,0.0,0.0
2001-09-03,0.0,0.0,0.0,0.0,0.0
2001-09-04,0.0,0.0,0.0,0.0,0.0
2001-09-05,0.0,0.0,0.0,0.0,0.0
2001-09-06,0.0,0.0,0.0,0.0,0.0
2001-09-07,0.0,0.0,0.0,0.0,0.0
2001-09-08,0.0,0.0,0.0,0.0,0.0
2001-09-09,0.0,0.0,0.0,0.0,0.0
2001-09-10,0.0,0.0,0.0,0.0,0.0
2001-09-11,0.0,0.0,0.0,0.0,0.0
2001-09-12,0.0,0.0,0.0,0.0,0.0
2001-09-13,0.0,0.0,0.0,0.0,0.0
2001-09-14,0.0,0.0,0.0,0.0,0.0
2001-09-15,0.0,0.0,0.0,0.0,0.0
2001-09-16,0.0,0.0,0.0,0.0,0.0
2001-09-17,0.0,0.0,0.0,0.0,0.0
2001-09-18,0.0,0.0,0.0,0.0,0.0
2001-09-19,0.0,0.0,0.0,0.0,0.0
2001-09-20,0.0,0.0,0.0,0.0,0.0
2001-09-21,0.0,0.0,0.0,0.0,0.0
2001-09-22,0.0,0.0,0.0,0.0,0.0
2001-09-23,0.0,0.0,0.0,0.0,0.0
2001-09-24,0.0,0.0,0.0,0.0,0.0
2001-09-25,0.013,24.23,11.41,0.42,12.39
2001-09-26,0.011,20.42,12.56,0.0,7.86
2001-09-27,0.002,14.76,12.56,0.0,2.2
2001-09-28,0.0,13.11,12.56,0.0,0.55
2001-09-29,0.0,12.69,12.56,0.0,0.13
2001-09-30,0.0,12.59,12.56,0.0,0.03
2001-10-01,0.0,12.57,12.56,0.0,0.01
2001-10-02,0.0,12.56,12.56,0.0,0.0
2001-10-03,0.0,12.56,12.56,0.0,0.0
2001-10-04,0.0,12.56,12.56,0.0,0.0
2001-10-05,0.0,0.0,0.0,0.0,0.0
2001-10-06,0.0,0.0,0.0,0.0,0.0
2001-10-07,0.0,0.0,0.0,0.0,0.0
2001-10-08,0.0,0.0,0.0,0.0,0.0
2001-10-09,0.0,0.0,0.0,0.0,0.0
2001-10-10,0.0,0.0,0.0,0.0,0.0
2001-10-11,0.0,0.0,0.0,0.0,0.0
2001-10-12,0.0,0.0,0.0,0.0,0.0
2001-10-13,0.0,0.0,0.0,0.0,0.0
2001-10-14,0.0,0.0,0.0,0.0,0.0
2001-10-15,0.0,0.0,0.0,0.0,0.0
2001-10-16,0.0,0.0,0.0,0.0,0.0
2001-10-17,0.0,0.0,0.0,0.0,0.0
2001-10-18,0.0,0.0,0.0,0.0,0.0
2001-10-19,0.0,0.0,0.0,0.0,0.0
2001-10-20,0.0,0.0,0.0,0.0,0.0
2001-10-21,0.0,0.0,0.0,0.0,0.0
2001-10-22,0.0,0.0,0.0,0.0,0.0
2001-10-23,0.0,0.0,0.0,0.0,0.0
2001-10-24,0.0,0.0,0.0,0.0,0.0
2001-10-25,0.0,0.0,0.0,0.0,0.0
2001-10-26,0.0,0.0,0.0,0.0,0.0
2001-10-27,0.0,0.0,0.0,0.0,0.0
2001-10-28,0.0,0.0,0.0,0.0,0.0
2001-10-29,0.0,0.0,0.0,0.0,0.0
2001-10-30,0.288,217.39,11.43,88.54,117.42
2001-10-31,0.107,163.83,12.56,38.74,112.53
2001-11-01,0.022,88.15,12.56,0.0,75.59
2001-11-02,0.004,37.07,12.56,0.0,24.51
2001-11-03,0.001,18.78,12.55,0.0,6.23
2001-11-04,0.0,14.01,12.52,0.0,1.49
2001-11-05,0.0,12.84,12.42,0.0,0.41
2001-11-06,0.0,12.55,12.21,0.0,0.34
2001-11-07,0.0,12.42,11.92,0.0,0.5
2001-11-08,0.0,12.47,11.9,0.0,0.57
2001-11-09,0.0,12.44,11.85,0.0,0.59
2001-11-10,0.0,7.67,7.1,0.0,0.58
2001-11-11,0.138,97.03,11.48,26.8,58.75
2001-11-12,1.304,427.74,11.36,178.73,237.65
2001-11-13,0.553,423.86,12.56,177.11,234.19
2001-11-14,0.114,299.74,12.55,79.54,207.65
2001-11-15,0.025,147.47,12.48,0.0,134.98
2001-11-16,0.007,47.3,12.36,0.0,34.94
2001-11-17,0.002,17.8,12.16,0.0,5.63
2001-11-18,0.001,13.37,12.25,0.0,1.12
2001-11-19,0.0,12.72,12.31,0.0,0.4
2001-11-20,0.0,12.51,12.08,0.0,0.43
2001-11-21,0.012,13.48,2.98,0.38,10.12
2001-11-22,0.186,81.85,12.11,24.22,45.52
2001-11-23,0.043,49.33,12.55,0.0,36.78
2001-11-24,1.029,461.97,11.36,194.51,256.1
2001-11-25,0.415,415.2,12.56,173.84,228.8
2001-11-26,0.089,245.8,12.51,39.18,194.11
2001-11-27,0.023,111.59,12.39,0.0,99.2
2001-11-28,0.083,97.15,7.73,37.79,51.62
2001-11-29,1.014,179.01,11.76,72.21,95.03
2001-11-30,0.335,184.28,12.51,74.11,97.65
2001-12-01,0.683,95.79,11.15,33.36,51.28
2001-12-02,2.094,274.65,11.65,113.36,149.64
2001-12-03,1.037,204.13,12.18,82.81,109.14
2001-12-04,0.344,125.06,12.24,48.68,64.15
2001-12-05,0.307,57.41,11.21,19.94,26.26
2001-12-06,0.475,51.63,12.01,17.11,22.51
2001-12-07,0.223,29.87,12.07,7.69,10.11
2001-12-08,0.146,17.45,11.9,1.93,3.62
2001-12-09,0.112,13.57,11.83,0.01,1.72
2001-12-10,0.102,13.11,11.84,0.01,1.26
2001-12-11,0.09,12.95,11.79,0.01,1.16
2001-12-12,0.087,12.92,11.78,0.01,1.14
2001-12-13,0.102,25.35,10.37,6.08,8.9
2001-12-14,0.925,361.33,11.64,150.98,198.7
2001-12-15,0.357,303.42,12.24,125.73,165.45
2001-12-16,0.184,115.0,11.94,43.94,59.12
2001-12-17,0.449,157.78,11.5,61.93,84.35
2001-12-18,0.273,102.71,12.1,38.71,51.9
2001-12-19,0.182,37.18,11.64,10.59,14.96
2001-12-20,0.556,94.27,11.16,35.65,47.46
2001-12-21,0.634,76.49,12.15,27.75,36.59
2001-12-22,0.731,121.45,11.49,47.48,62.48
2001-12-23,0.63,83.38,12.02,30.81,40.54
2001-12-24,0.381,35.14,11.94,10.02,13.18
2001-12-25,0.296,18.81,11.84,3.01,3.96
2001-12-26,0.255,14.87,11.82,1.32,1.73
2001-12-27,0.238,13.97,11.77,0.95,1.25
2001-12-28,1.411,170.16,11.13,68.67,90.36
2001-12-29,1.866,103.42,11.83,39.55,52.04
2001-12-30,1.809,71.07,11.57,25.69,33.81
2001-12-31,2.304,108.15,11.86,41.58,54.71
2002-01-01,1.662,50.06,11.88,16.49,21.69
2002-01-02,2.483,63.87,11.55,22.59,29.72
2002-01-03,2.196,34.24,11.89,9.65,12.7
2002-01-04,1.738,18.54,11.86,2.89,3.8
2002-01-05,1.535,21.84,11.74,4.36,5.74
2002-01-06,1.53,26.38,11.82,6.29,8.27
2002-01-07,1.262,17.22,11.86,2.32,3.05
2002-01-08,1.057,14.56,11.83,1.18,1.55
2002-01-09,0.892,14.0,11.84,0.93,1.23
2002-01-10,0.749,13.87,11.84,0.88,1.15
2002-01-11,0.628,13.85,11.85,0.87,1.14
2002-01-12,0.527,13.84,11.84,0.86,1.14
2002-01-13,0.446,13.84,11.84,0.86,1.14
2002-01-14,0.372,13.85,11.85,0.86,1.14
2002-01-15,0.305,13.85,11.85,0.86,1.14
2002-01-16,0.255,13.83,11.84,0.86,1.13
2002-01-17,0.215,13.84,11.84,0.86,1.14
2002-01-18,0.178,13.67,11.85,0.69,1.14
2002-01-19,0.144,13.3,11.88,0.28,1.14
2002-01-20,0.117,12.99,11.83,0.02,1.13
2002-01-21,0.107,12.93,11.79,0.01,1.13
2002-01-22,0.081,13.09,11.95,0.0,1.14
2002-01-23,0.067,12.9,11.79,0.0,1.11
2002-01-24,0.059,12.92,11.83,0.0,1.08
2002-01-25,0.049,12.86,11.86,0.0,0.99
2002-01-26,0.218,81.73,11.2,30.08,40.46
2002-01-27,0.199,58.21,12.12,18.28,27.8
2002-01-28,0.175,36.5,11.68,8.05,16.77
2002-01-29,0.137,24.94,11.95,3.86,9.13
2002-01-30,0.106,14.88,11.84,0.01,3.02
2002-01-31,0.091,13.36,11.82,0.01,1.53
2002-02-01,0.084,13.0,11.78,0.0,1.21
2002-02-02,0.072,13.0,11.85,0.0,1.15
2002-02-03,0.059,12.95,11.85,0.0,1.1
2002-02-04,0.048,12.85,11.86,0.0,0.99
2002-02-05,0.039,12.75,11.86,0.0,0.89
2002-02-06,0.031,12.71,11.91,0.0,0.8
2002-02-07,0.022,12.68,11.96,0.0,0.72
2002-02-08,0.017,12.47,11.78,0.0,0.68
2002-02-09,0.149,135.8,11.49,43.55,80.75
2002-02-10,0.067,54.62,12.07,0.0,42.55
2002-02-11,0.044,22.07,11.92,0.0,10.15
2002-02-12,0.033,14.05,11.89,0.0,2.16
2002-02-13,0.027,12.75,11.83,0.0,0.92
2002-02-14,0.022,12.6,11.85,0.0,0.75
2002-02-15,0.019,12.58,11.87,0.0,0.71
2002-02-16,0.032,25.29,10.71,0.36,14.21
2002-02-17,0.575,150.73,11.44,59.0,80.3
2002-02-18,0.304,91.67,12.16,33.9,45.61
2002-02-19,0.366,53.68,11.21,18.28,24.2
2002-02-20,0.548,46.7,11.92,15.01,19.77
2002-02-21,0.352,24.94,11.95,5.61,7.38
2002-02-22,0.256,16.64,11.9,2.05,2.69
2002-02-23,0.206,14.44,11.82,1.13,1.48
2002-02-24,0.177,13.76,11.84,0.71,1.21
2002-02-25,0.15,13.29,11.84,0.3,1.15
2002-02-26,0.124,13.04,11.85,0.05,1.14
2002-02-27,0.101,13.0,11.85,0.01,1.14
2002-02-28,0.086,12.98,11.84,0.01,1.14
2002-03-01,0.064,13.03,11.92,0.0,1.11
2002-03-02,0.052,12.9,11.86,0.0,1.03
2002-03-03,0.042,12.76,11.83,0.0,0.92
2002-03-04,0.035,12.72,11.87,0.0,0.85
2002-03-05,0.028,12.64,11.85,0.0,0.78
2002-03-06,0.095,76.09,10.02,28.45,37.62
2002-03-07,0.551,156.99,11.64,62.76,82.59
2002-03-08,0.312,121.3,12.19,47.12,62.0
2002-03-09,0.178,45.58,11.92,13.11,20.55
2002-03-10,0.429,69.47,11.49,24.32,33.66
2002-03-11,0.296,40.51,12.0,12.12,16.39
2002-03-12,0.203,20.68,11.95,3.55,5.19
2002-03-13,0.133,14.54,11.94,0.36,2.25
2002-03-14,0.109,13.2,11.81,0.02,1.38
2002-03-15,0.096,13.05,11.85,0.01,1.19
2002-03-16,0.076,13.0,11.86,0.0,1.14
2002-03-17,0.372,158.83,11.28,63.63,83.91
2002-03-18,0.281,110.2,12.16,42.31,55.73
2002-03-19,0.163,41.03,11.93,10.85,18.25
2002-03-20,0.125,17.15,11.87,0.06,5.22
2002-03-21,0.1,13.94,11.86,0.01,2.07
2002-03-22,0.09,13.1,11.77,0.01,1.32
2002-03-23,0.496,96.61,11.43,36.73,48.44
2002-03-24,0.284,56.52,12.1,19.17,25.25
2002-03-25,0.177,25.19,11.92,5.11,8.16
2002-03-26,0.137,14.83,11.86,0.18,2.79
2002-03-27,0.11,13.39,11.86,0.02,1.51
2002-03-28,0.09,13.08,11.86,0.01,1.22
2002-03-29,0.074,13.0,11.86,0.0,1.14
2002-03-30,0.06,12.95,11.86,0.0,1.09
2002-03-31,0.049,12.86,11.85,0.0,1.01
2002-04-01,0.04,12.76,11.85,0.0,0.91
2002-04-02,0.032,12.68,11.86,0.0,0.82
2002-04-03,0.025,12.63,11.87,0.0,0.76
2002-04-04,0.019,12.6,11.89,0.0,0.7
2002-04-05,0.014,12.64,11.98,0.0,0.65
2002-04-06,0.008,12.54,11.97,0.0,0.58
2002-04-07,0.004,12.67,12.12,0.0,0.55
2002-04-08,0.001,12.75,12.56,0.0,0.19
2002-04-09,0.0,12.61,12.56,0.0,0.05
2002-04-10,0.0,12.57,12.56,0.0,0.01
2002-04-11,0.0,12.56,12.56,0.0,0.0
2002-04-12,0.0,12.56,12.56,0.0,0.0
2002-04-13,0.0,12.56,12.56,0.0,0.0
2002-04-14,0.0,12.56,12.56,0.0,0.0
2002-04-15,0.0,12.56,12.56,0.0,0.0
2002-04-16,0.0,0.0,0.0,0.0,0.0
2002-04-17,0.008,16.6,11.48,0.09,5.03
2002-04-18,0.004,14.41,12.45,0.0,1.97
2002-04-19,0.001,13.06,12.56,0.0,0.5
2002-04-20,0.0,12.68,12.56,0.0,0.12
2002-04-21,0.0,12.59,12.56,0.0,0.03
2002-04-22,0.0,12.57,12.56,0.0,0.01
2002-04-23,0.0,12.56,12.56,0.0,0.0
2002-04-24,0.0,12.56,12.56,0.0,0.0
2002-04-25,0.0,12.56,12.56,0.0,0.0
2002-04-26,0.0,0.0,0.0,0.0,0.0
2002-04-27,0.0,0.0,0.0,0.0,0.0
2002-04-28,0.0,0.0,0.0,0.0,0.0
2002-04-29,0.0,0.0,0.0,0.0,0.0
2002-04-30,0.0,0.0,0.0,0.0,0.0
2002-05-01,0.0,0.0,0.0,0.0,0.0
2002-05-02,0.0,0.0,0.0,0.0,0.0
2002-05-03,0.0,0.0,0.0,0.0,0.0
2002-05-04,0.0,0.0,0.0,0.0,0.0
2002-05-05,0.0,0.0,0.0,0.0,0.0
2002-05-06,0.0,0.0,0.0,0.0,0.0
2002-05-07,0.0,0.0,0.0,0.0,0.0
2002-05-08,0.0,0.0,0.0,0.0,0.0
2002-05-09,0.0,0.0,0.0,0.0,0.0
2002-05-10,0.0,0.0,0.0,0.0,0.0
2002-05-11,0.0,0.0,0.0,0.0,0.0
2002-05-12,0.0,0.0,0.0,0.0,0.0
2002-05-13,0.0,0.0,0.0,0.0,0.0
2002-05-14,0.0,0.0,0.0,0.0,0.0
2002-05-15,0.0,0.0,0.0,0.0,0.0
2002-05-16,0.0,0.0,0.0,0.0,0.0
2002-05-17,0.0,0.0,0.0,0.0,0.0
2002-05-18,0.0,0.0,0.0,0.0,0.0
2002-05-19,0.275,171.75,11.59,69.16,91.0
2002-05-20,0.546,126.72,11.47,49.77,65.48
2002-05-21,0.561,136.65,12.08,53.79,70.78
2002-05-22,0.15,109.02,12.45,33.82,62.75
2002-05-23,0.043,50.24,12.29,0.0,37.95
2002-05-24,0.016,21.94,12.24,0.0,9.7
2002-05-25,0.005,14.43,12.24,0.0,2.2
2002-05-26,0.002,12.81,12.17,0.0,0.64
2002-05-27,0.0,12.72,12.49,0.0,0.23
2002-05-28,0.0,12.56,12.34,0.0,0.21
2002-05-29,0.0,12.53,12.18,0.0,0.35
2002-05-30,0.0,12.5,12.02,0.0,0.48
2002-05-31,0.0,12.48,11.94,0.0,0.54
2002-06-01,0.0,12.45,11.88,0.0,0.57
2002-06-02,0.0,12.45,11.87,0.0,0.59
2002-06-03,0.0,12.49,11.9,0.0,0.58
2002-06-04,0.0,12.52,11.96,0.0,0.56
2002-06-05,0.0,12.58,12.05,0.0,0.53
2002-06-06,0.0,12.57,12.11,0.0,0.46
2002-06-07,0.0,12.65,12.43,0.0,0.22
2002-06-08,0.0,12.63,12.56,0.0,0.07
2002-06-09,0.0,0.0,0.0,0.0,0.0
2002-06-10,0.0,0.0,0.0,0.0,0.0
2002-06-11,0.0,0.0,0.0,0.0,0.0
2002-06-12,0.0,0.0,0.0,0.0,0.0
2002-06-13,0.0,0.0,0.0,0.0,0.0
2002-06-14,0.0,0.0,0.0,0.0,0.0
2002-06-15,0.0,0.0,0.0,0.0,0.0
2002-06-16,0.0,0.0,0.0,0.0,0.0
2002-06-17,0.0,0.0,0.0,0.0,0.0
2002-06-18,0.0,0.0,0.0,0.0,0.0
2002-06-19,0.0,0.0,0.0,0.0,0.0
2002-06-20,0.0,0.0,0.0,0.0,0.0
2002-06-21,0.0,0.0,0.0,0.0,0.0
2002-06-22,0.0,0.0,0.0,0.0,0.0
2002-06-23,0.0,0.0,0.0,0.0,0.0
2002-06-24,0.0,0.0,0.0,0.0,0.0
2002-06-25,0.0,0.0,0.0,0.0,0.0
2002-06-26,0.0,0.0,0.0,0.0,0.0
2002-06-27,0.0,0.0,0.0,0.0,0.0
2002-06-28,0.0,0.0,0.0,0.0,0.0
2002-06-29,0.0,0.0,0.0,0.0,0.0
2002-06-30,0.0,0.0,0.0,0.0,0.0
2002-07-01,0.0,0.0,0.0,0.0,0.0
2002-07-02,0.0,0.0,0.0,0.0,0.0
2002-07-03,0.0,0.0,0.0,0.0,0.0
2002-07-04,0.0,0.0,0.0,0.0,0.0
2002-07-05,0.0,0.0,0.0,0.0,0.0
2002-07-06,0.0,0.0,0.0,0.0,0.0
2002-07-07,0.0,0.0,0.0,0.0,0.0
2002-07-08,0.0,0.0,0.0,0.0,0.0
2002-07-09,0.0,0.0,0.0,0.0,0.0
2002-07-10,0.0,0.0,0.0,0.0,0.0
2002-07-11,0.0,0.0,0.0,0.0,0.0
2002-07-12,0.0,0.0,0.0,0.0,0.0
2002-07-13,0.0,0.0,0.0,0.0,0.0
2002-07-14,0.0,0.0,0.0,0.0,0.0
2002-07-15,0.0,0.0,0.0,0.0,0.0
2002-07-16,0.0,0.0,0.0,0.0,0.0
2002-07-17,0.0,0.0,0.0,0.0,0.0
2002-07-18,0.0,0.0,0.0,0.0,0.0
2002-07-19,0.0,0.0,0.0,0.0,0.0
2002-07-20,0.0,0.0,0.0,0.0,0.0
2002-07-21,0.0,0.0,0.0,0.0,0.0
2002-07-22,0.0,0.0,0.0,0.0,0.0
2002-07-23,0.0,0.0,0.0,0.0,0.0
2002-07-24,0.0,0.0,0.0,0.0,0.0
2002-07-25,0.0,0.0,0.0,0.0,0.0
2002-07-26,0.0,0.0,0.0,0.0,0.0
2002-07-27,0.0,0.0,0.0,0.0,0.0
2002-07-28,0.0,0.0,0.0,0.0,0.0
2002-07-29,0.0,0.0,0.0,0.0,0.0
2002-07-30,0.0,0.0,0.0,0.0,0.0
2002-07-31,0.0,0.0,0.0,0.0,0.0
2002-08-01,0.0,0.0,0.0,0.0,0.0
2002-08-02,0.0,0.0,0.0,0.0,0.0
2002-08-03,0.0,0.0,0.0,0.0,0.0
2002-08-04,0.0,0.0,0.0,0.0,0.0
2002-08-05,0.0,0.0,0.0,0.0,0.0
2002-08-06,0.0,0.0,0.0,0.0,0.0
2002-08-07,0.0,0.0,0.0,0.0,0.0
2002-08-08,0.0,0.0,0.0,0.0,0.0
2002-08-09,0.0,0.0,0.0,0.0,0.0
2002-08-10,0.0,0.0,0.0,0.0,0.0
2002-08-11,0.0,0.0,0.0,0.0,0.0
2002-08-12,0.0,0.0,0.0,0.0,0.0
2002-08-13,0.0,0.0,0.0,0.0,0.0
2002-08-14,0.0,0.0,0.0,0.0,0.0
2002-08-15,0.0,0.0,0.0,0.0,0.0
2002-08-16,0.0,0.0,0.0,0.0,0.0
2002-08-17,0.0,0.0,0.0,0.0,0.0
2002-08-18,0.0,0.0,0.0,0.0,0.0
2002-08-19,0.0,0.0,0.0,0.0,0.0
2002-08-20,0.0,0.0,0.0,0.0,0.0
2002-08-21,0.0,0.0,0.0,0.0,0.0
2002-08-22,0.0,0.0,0.0,0.0,0.0
2002-08-23,0.0,0.0,0.0,0.0,0.0
2002-08-24,0.0,0.0,0.0,0.0,0.0
2002-08-25,0.0,0.0,0.0,0.0,0.0
2002-08-26,0.0,0.0,0.0,0.0,0.0
2002-08-27,0.0,0.0,0.0,0.0,0.0
2002-08-28,0.0,0.0,0.0,0.0,0.0
2002-08-29,0.0,0.0,0.0,0.0,0.0
2002-08-30,0.0,0.0,0.0,0.0,0.0
2002-08-31,0.0,0.0,0.0,0.0,0.0
2002-09-01,0.0,0.0,0.0,0.0,0.0
2002-09-02,0.0,0.0,0.0,0.0,0.0
2002-09-03,0.0,0.0,0.0,0.0,0.0
2002-09-04,0.0,0.0,0.0,0.0,0.0
2002-09-05,0.0,0.0,0.0,0.0,0.0
2002-09-06,0.0,0.0,0.0,0.0,0.0
2002-09-07,0.0,0.0,0.0,0.0,0.0
2002-09-08,0.0,0.0,0.0,0.0,0.0
2002-09-09,0.0,0.0,0.0,0.0,0.0
2002-09-10,0.0,0.0,0.0,0.0,0.0
2002-09-11,0.0,0.0,0.0,0.0,0.0
2002-09-12,0.0,0.0,0.0,0.0,0.0
2002-09-13,0.0,0.0,0.0,0.0,0.0
2002-09-14,0.0,0.0,0.0,0.0,0.0
2002-09-15,0.0,0.0,0.0,0.0,0.0
2002-09-16,0.0,0.0,0.0,0.0,0.0
2002-09-17,0.0,0.0,0.0,0.0,0.0
2002-09-18,0.0,0.0,0.0,0.0,0.0
2002-09-19,0.0,0.0,0.0,0.0,0.0
2002-09-20,0.0,0.0,0.0,0.0,0.0
2002-09-21,0.0,0.0,0.0,0.0,0.0
2002-09-22,0.0,0.0,0.0,0.0,0.0
2002-09-23,0.0,0.0,0.0,0.0,0.0
2002-09-24,0.0,0.0,0.0,0.0,0.0
2002-09-25,0.0,0.0,0.0,0.0,0.0
2002-09-26,0.0,0.0,0.0,0.0,0.0
2002-09-27,0.0,0.0,0.0,0.0,0.0
2002-09-28,0.0,0.0,0.0,0.0,0.0
2002-09-29,0.0,0.0,0.0,0.0,0.0
2002-09-30,0.0,0.0,0.0,0.0,0.0
2002-10-01,0.0,0.0,0.0,0.0,0.0
2002-10-02,0.0,0.0,0.0,0.0,0.0
2002-10-03,0.0,0.0,0.0,0.0,0.0
2002-10-04,0.0,0.0,0.0,0.0,0.0
2002-10-05,0.0,0.0,0.0,0.0,0.0
2002-10-06,0.0,0.0,0.0,0.0,0.0
2002-10-07,0.0,0.0,0.0,0.0,0.0
2002-10-08,0.0,0.0,0.0,0.0,0.0
2002-10-09,0.0,0.0,0.0,0.0,0.0
2002-10-10,0.0,0.0,0.0,0.0,0.0
2002-10-11,0.0,0.0,0.0,0.0,0.0
2002-10-12,0.0,0.0,0.0,0.0,0.0
2002-10-13,0.0,0.0,0.0,0.0,0.0
2002-10-14,0.0,0.0,0.0,0.0,0.0
2002-10-15,0.0,0.0,0.0,0.0,0.0
2002-10-16,0.0,0.0,0.0,0.0,0.0
2002-10-17,0.0,0.0,0.0,0.0,0.0
2002-10-18,0.0,0.0,0.0,0.0,0.0
2002-10-19,0.0,0.0,0.0,0.0,0.0
2002-10-20,0.0,0.0,0.0,0.0,0.0
2002-10-21,0.0,0.0,0.0,0.0,0.0
2002-10-22,0.0,0.0,0.0,0.0,0.0
2002-10-23,0.0,0.0,0.0,0.0,0.0
2002-10-24,0.0,0.0,0.0,0.0,0.0
2002-10-25,0.0,0.0,0.0,0.0,0.0
2002-10-26,0.0,0.0,0.0,0.0,0.0
2002-10-27,0.0,0.0,0.0,0.0,0.0
2002-10-28,0.0,0.0,0.0,0.0,0.0
2002-10-29,0.0,0.0,0.0,0.0,0.0
2002-10-30,0.0,0.0,0.0,0.0,0.0
2002-10-31,0.0,0.0,0.0,0.0,0.0
2002-11-01,0.0,0.0,0.0,0.0,0.0
2002-11-02,0.0,0.0,0.0,0.0,0.0
2002-11-03,0.0,0.0,0.0,0.0,0.0
2002-11-04,0.0,0.0,0.0,0.0,0.0
2002-11-05,0.0,0.0,0.0,0.0,0.0
2002-11-06,0.0,0.0,0.0,0.0,0.0
2002-11-07,0.551,163.39,10.84,64.59,87.97
2002-11-08,3.242,787.9,13.68,334.27,439.95
2002-11-09,1.111,706.23,12.49,299.55,394.2
2002-11-10,0.336,465.28,12.19,195.64,257.45
2002-11-11,0.112,237.44,12.44,60.56,164.44
2002-11-12,0.035,94.44,12.21,0.0,82.23
2002-11-13,0.019,25.86,12.0,0.0,13.86
2002-11-14,0.013,13.82,11.88,0.0,1.94
2002-11-15,0.01,12.64,11.89,0.0,0.74
2002-11-16,0.007,12.57,11.95,0.0,0.62
2002-11-17,0.005,12.56,11.98,0.0,0.58
2002-11-18,0.003,12.58,12.04,0.0,0.54
2002-11-19,0.001,12.59,12.21,0.0,0.37
2002-11-20,0.0,12.67,12.47,0.0,0.19
2002-11-21,0.0,12.55,12.32,0.0,0.23
2002-11-22,0.0,12.51,12.13,0.0,0.38
2002-11-23,0.0,12.5,12.0,0.0,0.49
2002-11-24,0.0,12.49,11.95,0.0,0.54
2002-11-25,0.0,12.63,12.09,0.0,0.54
2002-11-26,0.0,12.57,12.28,0.0,0.29
2002-11-27,0.0,12.6,12.05,0.0,0.55
2002-11-28,0.0,12.69,12.27,0.0,0.42
2002-11-29,0.0,12.69,12.56,0.0,0.13
2002-11-30,0.0,12.6,12.56,0.0,0.04
2002-12-01,0.0,0.0,0.0,0.0,0.0
2002-12-02,0.0,0.0,0.0,0.0,0.0
2002-12-03,0.0,0.0,0.0,0.0,0.0
2002-12-04,0.0,0.0,0.0,0.0,0.0
2002-12-05,0.0,0.0,0.0,0.0,0.0
2002-12-06,0.0,0.0,0.0,0.0,0.0
2002-12-07,0.0,0.0,0.0,0.0,0.0
2002-12-08,0.0,0.0,0.0,0.0,0.0
2002-12-09,0.044,52.14,11.23,4.64,36.27
2002-12-10,0.251,86.68,11.6,28.45,46.63
2002-12-11,0.088,67.75,12.54,8.56,46.65
2002-12-12,0.019,40.35,12.53,0.0,27.81
2002-12-13,1.224,207.24,10.78,84.82,111.64
2002-12-14,2.056,243.68,11.92,100.07,131.68
2002-12-15,0.992,248.87,12.11,102.24,134.53
2002-12-16,2.445,380.38,11.69,159.21,209.48
2002-12-17,1.444,243.31,12.01,99.88,131.42
2002-12-18,0.638,125.4,12.1,48.92,64.37
2002-12-19,1.356,359.86,11.19,150.56,198.11
2002-12-20,2.245,258.63,11.72,106.62,140.29
2002-12-21,2.135,124.8,11.87,48.77,64.17
2002-12-22,1.374,55.23,11.94,18.69,24.6
2002-12-23,1.052,23.66,11.85,5.1,6.71
2002-12-24,0.897,15.92,11.82,1.77,2.33
2002-12-25,0.783,14.26,11.82,1.05,1.38
2002-12-26,0.69,13.9,11.81,0.9,1.19
2002-12-27,0.613,13.83,11.82,0.87,1.15
2002-12-28,0.963,99.97,11.29,38.29,50.39
2002-12-29,1.545,95.16,11.83,35.98,47.35
2002-12-30,1.062,39.88,11.91,12.08,15.89
2002-12-31,1.717,85.92,11.55,32.11,42.25
2003-01-01,1.378,41.54,11.91,12.79,16.83
2003-01-02,1.073,20.32,11.86,3.65,4.81
2003-01-03,0.891,15.25,11.84,1.47,1.94
2003-01-04,0.762,14.13,11.83,0.99,1.31
2003-01-05,0.654,13.9,11.84,0.89,1.17
2003-01-06,0.541,13.87,11.85,0.87,1.14
2003-01-07,0.45,13.85,11.85,0.86,1.14
2003-01-08,0.386,13.81,11.81,0.86,1.13
2003-01-09,0.484,46.83,11.21,15.38,20.24
2003-01-10,1.326,136.85,11.63,54.07,71.15
2003-01-11,1.035,65.61,11.93,23.18,30.5
2003-01-12,0.766,27.0,11.88,6.53,8.59
2003-01-13,0.667,18.08,11.8,2.71,3.57
2003-01-14,0.565,14.98,11.84,1.36,1.78
2003-01-15,0.478,14.08,11.83,0.97,1.27
2003-01-16,0.4,13.91,11.85,0.89,1.17
2003-01-17,0.334,13.84,11.84,0.87,1.14
2003-01-18,0.286,13.83,11.83,0.86,1.14
2003-01-19,0.245,13.83,11.83,0.86,1.14
2003-01-20,0.209,13.84,11.84,0.86,1.14
2003-01-21,0.353,54.44,11.53,18.53,24.38
2003-01-22,0.324,32.52,11.5,9.08,11.94
2003-01-23,0.5,46.77,11.87,15.07,19.83
2003-01-24,0.344,22.96,11.9,4.78,6.29
2003-01-25,0.27,15.96,11.86,1.77,2.33
2003-01-26,0.225,14.3,11.84,1.06,1.4
2003-01-27,0.192,13.92,11.83,0.9,1.19
2003-01-28,0.16,13.62,11.86,0.61,1.15
2003-01-29,0.133,13.05,11.84,0.07,1.14
2003-01-30,0.111,12.99,11.84,0.02,1.14
2003-01-31,0.093,12.99,11.85,0.01,1.14
2003-02-01,0.075,13.07,11.93,0.0,1.13
2003-02-02,0.055,12.86,11.8,0.0,1.05
2003-02-03,0.049,12.83,11.84,0.0,0.99
2003-02-04,0.038,12.84,11.95,0.0,0.89
2003-02-05,0.015,12.72,12.11,0.0,0.6
2003-02-06,0.018,12.62,11.87,0.0,0.75
2003-02-07,0.007,12.69,12.19,0.0,0.49
2003-02-08,0.008,12.37,11.7,0.0,0.67
2003-02-09,0.007,12.54,11.9,0.0,0.64
2003-02-10,0.004,12.6,12.04,0.0,0.57
2003-02-11,0.002,12.67,12.22,0.0,0.46
2003-02-12,0.122,76.34,10.55,26.04,39.75
2003-02-13,0.316,70.98,11.79,24.98,34.21
2003-02-14,0.182,46.56,12.16,13.05,21.35
2003-02-15,0.17,41.08,9.52,11.33,20.22
2003-02-16,1.397,296.47,11.74,122.77,161.95
2003-02-17,0.671,156.81,12.07,62.44,82.31
2003-02-18,0.43,54.46,11.91,18.35,24.19
2003-02-19,0.343,23.11,11.85,4.86,6.4
2003-02-20,0.279,15.93,11.85,1.76,2.32
2003-02-21,0.236,14.27,11.83,1.06,1.39
2003-02-22,0.2,13.88,11.84,0.84,1.19
2003-02-23,0.167,13.55,11.85,0.55,1.15
2003-02-24,0.14,13.14,11.83,0.17,1.14
2003-02-25,0.121,12.99,11.82,0.03,1.14
2003-02-26,0.103,13.03,11.88,0.01,1.14
2003-02-27,0.082,12.94,11.8,0.01,1.13
2003-02-28,0.074,12.97,11.84,0.0,1.13
2003-03-01,0.06,12.91,11.82,0.0,1.09
2003-03-02,0.053,12.88,11.84,0.0,1.03
2003-03-03,0.043,12.83,11.88,0.0,0.94
2003-03-04,0.034,12.67,11.83,0.0,0.84
2003-03-05,0.029,12.63,11.85,0.0,0.79
2003-03-06,0.023,12.6,11.86,0.0,0.74
2003-03-07,0.018,12.57,11.87,0.0,0.7
2003-03-08,0.014,12.56,11.89,0.0,0.67
2003-03-09,0.01,12.55,11.92,0.0,0.63
2003-03-10,0.007,12.57,11.98,0.0,0.59
2003-03-11,0.004,12.67,12.14,0.0,0.53
2003-03-12,0.001,12.73,12.55,0.0,0.19
2003-03-13,0.0,12.61,12.56,0.0,0.05
2003-03-14,0.053,122.16,8.54,49.07,64.56
2003-03-15,1.292,550.94,11.58,232.91,306.45
2003-03-16,0.59,354.21,12.08,147.74,194.39
2003-03-17,0.283,148.63,12.12,58.95,77.56
2003-03-18,0.168,51.32,11.93,14.89,24.51
2003-03-19,0.132,18.52,11.85,0.12,6.55
2003-03-20,0.111,14.16,11.83,0.02,2.31
2003-03-21,0.094,13.25,11.85,0.01,1.39
2003-03-22,0.079,13.03,11.84,0.01,1.18
2003-03-23,0.137,41.53,11.58,8.91,21.04
2003-03-24,0.093,23.22,11.99,0.01,11.21
2003-03-25,0.066,15.54,11.9,0.0,3.63
2003-03-26,0.05,13.4,11.87,0.0,1.53
2003-03-27,0.041,12.82,11.82,0.0,0.99
2003-03-28,0.035,12.72,11.86,0.0,0.86
2003-03-29,0.026,12.66,11.89,0.0,0.76
2003-03-30,0.02,12.66,11.94,0.0,0.72
2003-03-31,0.012,12.66,12.05,0.0,0.61
2003-04-01,0.006,12.57,12.04,0.0,0.53
2003-04-02,0.002,12.67,12.34,0.0,0.33
2003-04-03,0.002,12.42,11.81,0.0,0.6
2003-04-04,0.361,185.87,11.41,73.17,101.29
2003-04-05,0.143,137.29,12.37,41.7,83.22
2003-04-06,0.053,52.04,12.1,0.0,39.93
2003-04-07,0.034,20.12,11.91,0.0,8.21
2003-04-08,0.025,13.53,11.88,0.0,1.64
2003-04-09,0.019,12.69,11.9,0.0,0.79
2003-04-10,0.014,12.58,11.92,0.0,0.67
2003-04-11,0.009,12.6,11.98,0.0,0.61
2003-04-12,0.533,236.8,10.87,97.56,128.37
2003-04-13,1.361,268.71,11.79,110.94,145.98
2003-04-14,0.547,181.76,12.21,73.22,96.34
2003-04-15,0.27,75.88,12.03,27.57,36.28
2003-04-16,0.188,28.94,11.87,6.75,10.32
2003-04-17,0.152,15.42,11.86,0.36,3.2
2003-04-18,0.122,13.55,11.87,0.08,1.6
2003-04-19,0.101,13.09,11.84,0.02,1.24
2003-04-20,0.084,13.02,11.86,0.01,1.16
2003-04-21,0.069,12.95,11.84,0.0,1.11
2003-04-22,0.058,12.86,11.79,0.0,1.06
2003-04-23,0.055,12.85,11.81,0.0,1.04
2003-04-24,0.147,59.02,11.49,17.73,29.79
2003-04-25,0.14,36.64,11.73,4.53,20.38
2003-04-26,0.097,23.96,12.08,0.02,11.86
2003-04-27,0.094,35.92,9.99,10.04,15.89
2003-04-28,0.347,97.43,11.66,36.98,48.79
2003-04-29,0.365,71.99,12.05,25.88,34.07
2003-04-30,0.179,40.25,12.11,10.73,17.41
2003-05-01,0.108,17.99,11.94,0.03,6.03
2003-05-02,0.131,23.63,10.86,4.71,8.06
2003-05-03,0.92,132.63,11.5,52.26,68.87
2003-05-04,0.522,98.9,12.19,37.43,49.28
2003-05-05,0.277,43.0,11.98,13.39,17.63
2003-05-06,0.218,20.5,11.79,3.76,4.95
2003-05-07,0.177,15.13,11.92,1.21,2.0
2003-05-08,0.134,13.38,11.87,0.18,1.34
2003-05-09,0.109,13.05,11.84,0.03,1.18
2003-05-10,0.092,13.0,11.84,0.01,1.14
2003-05-11,0.077,12.97,11.83,0.01,1.13
2003-05-12,0.064,12.96,11.86,0.0,1.1
2003-05-13,0.051,12.88,11.86,0.0,1.03
2003-05-14,0.041,12.77,11.85,0.0,0.92
2003-05-15,0.034,12.71,11.87,0.0,0.84
2003-05-16,0.024,12.77,12.02,0.0,0.76
2003-05-17,0.013,12.62,12.02,0.0,0.61
2003-05-18,0.007,12.51,11.95,0.0,0.55
2003-05-19,0.004,12.6,12.05,0.0,0.55
2003-05-20,0.001,12.73,12.56,0.0,0.17
2003-05-21,0.0,12.6,12.56,0.0,0.04
2003-05-22,0.0,12.57,12.56,0.0,0.01
2003-05-23,0.0,12.56,12.56,0.0,0.0
2003-05-24,0.0,12.56,12.56,0.0,0.0
2003-05-25,0.0,12.56,12.56,0.0,0.0
2003-05-26,0.0,12.56,12.56,0.0,0.0
2003-05-27,0.0,0.0,0.0,0.0,0.0
2003-05-28,0.0,0.0,0.0,0.0,0.0
2003-05-29,0.0,0.0,0.0,0.0,0.0
2003-05-30,0.0,0.0,0.0,0.0,0.0
2003-05-31,0.0,0.0,0.0,0.0,0.0
2003-06-01,0.0,0.0,0.0,0.0,0.0
2003-06-02,0.0,0.0,0.0,0.0,0.0
2003-06-03,0.0,0.0,0.0,0.0,0.0
2003-06-04,0.0,0.0,0.0,0.0,0.0
2003-06-05,0.0,0.0,0.0,0.0,0.0
2003-06-06,0.0,0.0,0.0,0.0,0.0
2003-06-07,0.0,0.0,0.0,0.0,0.0
2003-06-08,0.0,0.0,0.0,0.0,0.0
2003-06-09,0.0,0.0,0.0,0.0,0.0
2003-06-10,0.0,0.0,0.0,0.0,0.0
2003-06-11,0.0,0.0,0.0,0.0,0.0
2003-06-12,0.0,0.0,0.0,0.0,0.0
2003-06-13,0.0,0.0,0.0,0.0,0.0
2003-06-14,0.0,0.0,0.0,0.0,0.0
2003-06-15,0.0,0.0,0.0,0.0,0.0
2003-06-16,0.0,0.0,0.0,0.0,0.0
2003-06-17,0.0,0.0,0.0,0.0,0.0
2003-06-18,0.0,0.0,0.0,0.0,0.0
2003-06-19,0.0,0.0,0.0,0.0,0.0
2003-06-20,0.0,0.0,0.0,0.0,0.0
2003-06-21,0.0,0.0,0.0,0.0,0.0
2003-06-22,0.0,0.0,0.0,0.0,0.0
2003-06-23,0.0,0.0,0.0,0.0,0.0
2003-06-24,0.0,0.0,0.0,0.0,0.0
2003-06-25,0.0,0.0,0.0,0.0,0.0
2003-06-26,0.0,0.0,0.0,0.0,0.0
2003-06-27,0.0,0.0,0.0,0.0,0.0
2003-06-28,0.0,0.0,0.0,0.0,0.0
2003-06-29,0.0,0.0,0.0,0.0,0.0
2003-06-30,0.0,0.0,0.0,0.0,0.0
2003-07-01,0.0,0.0,0.0,0.0,0.0
2003-07-02,0.0,0.0,0.0,0.0,0.0
2003-07-03,0.0,0.0,0.0,0.0,0.0
2003-07-04,0.0,0.0,0.0,0.0,0.0
2003-07-05,0.0,0.0,0.0,0.0,0.0
2003-07-06,0.0,0.0,0.0,0.0,0.0
2003-07-07,0.0,0.0,0.0,0.0,0.0
2003-07-08,0.0,0.0,0.0,0.0,0.0
2003-07-09,0.0,0.0,0.0,0.0,0.0
2003-07-10,0.0,0.0,0.0,0.0,0.0
2003-07-11,0.0,0.0,0.0,0.0,0.0
2003-07-12,0.0,0.0,0.0,0.0,0.0
2003-07-13,0.0,0.0,0.0,0.0,0.0
2003-07-14,0.0,0.0,0.0,0.0,0.0
2003-07-15,0.0,0.0,0.0,0.0,0.0
2003-07-16,0.0,0.0,0.0,0.0,0.0
2003-07-17,0.0,0.0,0.0,0.0,0.0
2003-07-18,0.0,0.0,0.0,0.0,0.0
2003-07-19,0.0,0.0,0.0,0.0,0.0
2003-07-20,0.0,0.0,0.0,0.0,0.0
2003-07-21,0.0,0.0,0.0,0.0,0.0
2003-07-22,0.0,0.0,0.0,0.0,0.0
2003-07-23,0.0,0.0,0.0,0.0,0.0
2003-07-24,0.0,0.0,0.0,0.0,0.0
2003-07-25,0.0,0.0,0.0,0.0,0.0
2003-07-26,0.0,0.0,0.0,0.0,0.0
2003-07-27,0.0,0.0,0.0,0.0,0.0
2003-07-28,0.0,0.0,0.0,0.0,0.0
2003-07-29,0.0,0.0,0.0,0.0,0.0
2003-07-30,0.0,0.0,0.0,0.0,0.0
2003-07-31,0.0,0.0,0.0,0.0,0.0
2003-08-01,0.0,0.0,0.0,0.0,0.0
2003-08-02,0.0,0.0,0.0,0.0,0.0
2003-08-03,0.0,0.0,0.0,0.0,0.0
2003-08-04,0.0,0.0,0.0,0.0,0.0
2003-08-05,0.0,0.0,0.0,0.0,0.0
2003-08-06,0.0,0.0,0.0,0.0,0.0
2003-08-07,0.0,0.0,0.0,0.0,0.0
2003-08-08,0.0,0.0,0.0,0.0,0.0
2003-08-09,0.0,0.0,0.0,0.0,0.0
2003-08-10,0.0,0.0,0.0,0.0,0.0
2003-08-11,0.0,0.0,0.0,0.0,0.0
2003-08-12,0.0,0.0,0.0,0.0,0.0
2003-08-13,0.0,0.0,0.0,0.0,0.0
2003-08-14,0.0,0.0,0.0,0.0,0.0
2003-08-15,0.0,0.0,0.0,0.0,0.0
2003-08-16,0.0,0.0,0.0,0.0,0.0
2003-08-17,0.0,0.0,0.0,0.0,0.0
2003-08-18,0.0,0.0,0.0,0.0,0.0
2003-08-19,0.0,0.0,0.0,0.0,0.0
2003-08-20,0.0,0.0,0.0,0.0,0.0
2003-08-21,0.0,0.0,0.0,0.0,0.0
2003-08-22,0.0,0.0,0.0,0.0,0.0
2003-08-23,0.0,0.0,0.0,0.0,0.0
2003-08-24,0.0,0.0,0.0,0.0,0.0
2003-08-25,0.0,0.0,0.0,0.0,0.0
2003-08-26,0.0,0.0,0.0,0.0,0.0
2003-08-27,0.0,0.0,0.0,0.0,0.0
2003-08-28,0.0,0.0,0.0,0.0,0.0
2003-08-29,0.0,0.0,0.0,0.0,0.0
2003-08-30,0.0,0.0,0.0,0.0,0.0
2003-08-31,0.0,0.0,0.0,0.0,0.0
2003-09-01,0.0,0.0,0.0,0.0,0.0
2003-09-02,0.0,0.0,0.0,0.0,0.0
2003-09-03,0.0,0.0,0.0,0.0,0.0
2003-09-04,0.0,0.0,0.0,0.0,0.0
2003-09-05,0.0,0.0,0.0,0.0,0.0
2003-09-06,0.0,0.0,0.0,0.0,0.0
2003-09-07,0.0,0.0,0.0,0.0,0.0
2003-09-08,0.0,0.0,0.0,0.0,0.0
2003-09-09,0.0,0.0,0.0,0.0,0.0
2003-09-10,0.0,0.0,0.0,0.0,0.0
2003-09-11,0.0,0.0,0.0,0.0,0.0
2003-09-12,0.0,0.0,0.0,0.0,0.0
2003-09-13,0.0,0.0,0.0,0.0,0.0
2003-09-14,0.0,0.0,0.0,0.0,0.0
2003-09-15,0.0,0.0,0.0,0.0,0.0
2003-09-16,0.0,0.0,0.0,0.0,0.0
2003-09-17,0.0,0.0,0.0,0.0,0.0
2003-09-18,0.0,0.0,0.0,0.0,0.0
2003-09-19,0.0,0.0,0.0,0.0,0.0
2003-09-20,0.0,0.0,0.0,0.0,0.0
2003-09-21,0.0,0.0,0.0,0.0,0.0
2003-09-22,0.0,0.0,0.0,0.0,0.0
2003-09-23,0.0,0.0,0.0,0.0,0.0
2003-09-24,0.0,0.0,0.0,0.0,0.0
2003-09-25,0.0,0.0,0.0,0.0,0.0
2003-09-26,0.0,0.0,0.0,0.0,0.0
2003-09-27,0.0,0.0,0.0,0.0,0.0
2003-09-28,0.0,0.0,0.0,0.0,0.0
2003-09-29,0.0,0.0,0.0,0.0,0.0
2003-09-30,0.0,0.0,0.0,0.0,0.0
2003-10-01,0.0,0.0,0.0,0.0,0.0
2003-10-02,0.0,0.0,0.0,0.0,0.0
2003-10-03,0.0,0.0,0.0,0.0,0.0
2003-10-04,0.0,0.0,0.0,0.0,0.0
2003-10-05,0.0,0.0,0.0,0.0,0.0
2003-10-06,0.0,0.0,0.0,0.0,0.0
2003-10-07,0.0,0.0,0.0,0.0,0.0
2003-10-08,0.0,0.0,0.0,0.0,0.0
2003-10-09,0.0,0.0,0.0,0.0,0.0
2003-10-10,0.0,0.0,0.0,0.0,0.0
2003-10-11,0.0,0.0,0.0,0.0,0.0
2003-10-12,0.0,0.0,0.0,0.0,0.0
2003-10-13,0.0,0.0,0.0,0.0,0.0
2003-10-14,0.0,0.0,0.0,0.0,0.0
2003-10-15,0.0,0.0,0.0,0.0,0.0
2003-10-16,0.0,0.0,0.0,0.0,0.0
2003-10-17,0.0,0.0,0.0,0.0,0.0
2003-10-18,0.0,0.0,0.0,0.0,0.0
2003-10-19,0.0,0.0,0.0,0.0,0.0
2003-10-20,0.0,0.0,0.0,0.0,0.0
2003-10-21,0.0,0.0,0.0,0.0,0.0
2003-10-22,0.0,0.0,0.0,0.0,0.0
2003-10-23,0.0,0.0,0.0,0.0,0.0
2003-10-24,0.0,0.0,0.0,0.0,0.0
2003-10-25,0.0,0.0,0.0,0.0,0.0
2003-10-26,0.0,0.0,0.0,0.0,0.0
2003-10-27,0.0,0.0,0.0,0.0,0.0
2003-10-28,0.0,0.0,0.0,0.0,0.0
2003-10-29,0.0,0.0,0.0,0.0,0.0
2003-10-30,0.0,0.0,0.0,0.0,0.0
2003-10-31,0.0,0.0,0.0,0.0,0.0
2003-11-01,0.0,0.0,0.0,0.0,0.0
2003-11-02,0.0,0.0,0.0,0.0,0.0
2003-11-03,0.058,54.74,12.28,2.77,39.7
2003-11-04,0.017,36.87,12.56,0.0,24.31
2003-11-05,0.003,19.96,12.56,0.0,7.4
2003-11-06,0.001,14.43,12.56,0.0,1.87
2003-11-07,0.0,13.01,12.56,0.0,0.46
2003-11-08,0.151,209.66,10.29,83.76,115.6
2003-11-09,0.69,286.92,11.64,118.23,157.06
2003-11-10,0.294,327.39,12.56,132.9,181.93
2003-11-11,0.06,170.09,12.55,0.35,157.18
2003-11-12,0.012,92.1,12.56,0.0,79.54
2003-11-13,0.003,34.88,12.54,0.0,22.34
2003-11-14,0.001,17.7,12.49,0.0,5.21
2003-11-15,0.027,31.06,11.25,0.06,19.75
2003-11-16,0.014,25.41,12.56,0.0,12.85
2003-11-17,0.003,16.24,12.54,0.0,3.7
2003-11-18,0.001,13.39,12.48,0.0,0.91
2003-11-19,0.0,12.72,12.41,0.0,0.3
2003-11-20,0.0,12.53,12.19,0.0,0.34
2003-11-21,0.0,12.48,12.01,0.0,0.47
2003-11-22,0.0,12.43,11.87,0.0,0.56
2003-11-23,0.0,12.43,11.84,0.0,0.59
2003-11-24,0.0,12.42,11.82,0.0,0.6
2003-11-25,0.0,12.44,11.84,0.0,0.6
2003-11-26,0.0,12.42,11.81,0.0,0.6
2003-11-27,0.0,12.46,11.86,0.0,0.6
2003-11-28,0.0,12.49,11.89,0.0,0.59
2003-11-29,0.0,12.55,12.0,0.0,0.55
2003-11-30,0.132,81.57,10.61,25.14,45.83
2003-12-01,0.323,88.99,11.6,31.61,45.77
2003-12-02,0.35,72.08,12.08,25.61,34.39
2003-12-03,0.087,50.21,12.54,6.29,31.38
2003-12-04,0.019,30.95,12.52,0.0,18.42
2003-12-05,0.171,79.52,11.41,25.99,42.11
2003-12-06,0.291,182.69,10.61,70.37,101.71
2003-12-07,0.6,258.24,12.18,105.89,140.17
2003-12-08,0.143,209.77,12.54,66.15,131.08
2003-12-09,0.033,98.01,11.25,0.0,86.76
2003-12-10,0.352,88.01,10.66,31.01,46.34
2003-12-11,0.597,186.86,12.21,75.16,99.49
2003-12-12,0.163,144.04,12.52,47.39,84.13
2003-12-13,0.039,71.47,12.43,0.0,59.05
2003-12-14,0.606,407.09,11.49,170.65,224.95
2003-12-15,0.174,352.3,12.49,126.05,213.76
2003-12-16,0.047,149.74,12.3,0.0,137.43
2003-12-17,0.02,44.46,12.12,0.0,32.34
2003-12-18,0.009,17.87,12.31,0.0,5.57
2003-12-19,0.039,49.6,10.47,2.91,36.22
2003-12-20,0.289,148.28,11.23,55.01,82.04
2003-12-21,0.324,150.53,12.12,58.84,79.57
2003-12-22,0.091,84.89,12.43,11.12,61.33
2003-12-23,0.298,102.24,11.4,37.96,52.88
2003-12-24,0.54,188.08,11.58,76.09,100.41
2003-12-25,0.311,169.3,12.16,67.81,89.32
2003-12-26,0.106,91.42,12.38,18.95,60.09
2003-12-27,0.044,35.88,11.97,0.0,23.91
2003-12-28,0.031,16.29,11.99,0.0,4.3
2003-12-29,1.008,303.15,10.85,126.21,166.09
2003-12-30,1.25,322.54,12.21,134.01,176.33
2003-12-31,0.417,241.21,12.31,98.84,130.05
2004-01-01,2.287,481.77,11.87,202.91,266.99
2004-01-02,1.329,361.74,12.11,150.98,198.65
2004-01-03,0.658,151.88,12.11,60.35,79.41
2004-01-04,0.416,53.58,11.89,18.0,23.69
2004-01-05,0.335,22.82,11.84,4.74,6.24
2004-01-06,0.287,15.72,11.82,1.69,2.22
2004-01-07,0.262,14.17,11.79,1.03,1.35
2004-01-08,0.27,18.52,11.78,2.91,3.83
2004-01-09,0.238,17.6,11.7,2.55,3.35
2004-01-10,0.249,18.53,11.84,2.89,3.8
2004-01-11,0.201,14.92,11.84,1.33,1.75
2004-01-12,0.175,13.86,11.81,0.78,1.26
2004-01-13,0.155,13.36,11.82,0.38,1.16
2004-01-14,0.14,13.03,11.8,0.09,1.14
2004-01-15,0.123,12.99,11.82,0.03,1.14
2004-01-16,0.109,12.96,11.81,0.01,1.14
2004-01-17,0.098,12.95,11.81,0.01,1.14
2004-01-18,0.087,12.96,11.82,0.01,1.14
2004-01-19,0.078,12.94,11.81,0.0,1.13
2004-01-20,0.069,12.95,11.82,0.0,1.12
2004-01-21,0.059,12.93,11.84,0.0,1.09
2004-01-22,0.052,12.82,11.81,0.0,1.01
2004-01-23,0.047,12.76,11.8,0.0,0.95
2004-01-24,0.042,12.72,11.82,0.0,0.9
2004-01-25,0.036,12.7,11.84,0.0,0.85
2004-01-26,0.033,12.63,11.81,0.0,0.82
2004-01-27,0.027,12.56,11.8,0.0,0.76
2004-01-28,0.027,12.56,11.79,0.0,0.77
2004-01-29,0.025,12.53,11.77,0.0,0.76
2004-01-30,0.022,12.77,12.03,0.0,0.74
2004-01-31,0.013,12.37,11.74,0.0,0.63
2004-02-01,0.014,12.51,11.81,0.0,0.7
2004-02-02,0.588,340.03,11.26,141.96,186.81
2004-02-03,0.547,210.9,12.0,85.89,113.01
2004-02-04,0.215,110.09,12.19,39.75,58.15
2004-02-05,0.118,32.04,11.94,0.07,20.03
2004-02-06,0.092,17.42,11.85,0.01,5.56
2004-02-07,0.077,13.91,11.82,0.0,2.09
2004-02-08,0.069,13.12,11.81,0.0,1.31
2004-02-09,0.058,12.99,11.87,0.0,1.12
2004-02-10,0.047,12.8,11.82,0.0,0.98
2004-02-11,0.042,12.73,11.82,0.0,0.91
2004-02-12,0.036,12.7,11.84,0.0,0.85
2004-02-13,0.03,12.7,11.9,0.0,0.8
2004-02-14,0.022,12.55,11.82,0.0,0.73
2004-02-15,0.02,12.57,11.84,0.0,0.73
2004-02-16,0.673,124.08,11.03,48.71,64.34
2004-02-17,0.732,108.84,11.78,41.88,55.17
2004-02-18,1.593,343.52,11.73,143.27,188.52
2004-02-19,0.699,220.11,12.15,89.8,118.16
2004-02-20,0.423,75.86,11.9,27.62,36.34
2004-02-21,0.348,27.52,11.82,6.78,8.92
2004-02-22,0.326,17.66,11.78,2.54,3.34
2004-02-23,0.27,15.1,11.88,1.39,1.83
2004-02-24,0.23,14.05,11.8,0.97,1.28
2004-02-25,1.644,319.19,11.27,132.96,174.95
2004-02-26,1.446,193.37,11.98,78.33,103.06
2004-02-27,1.026,73.51,11.92,26.6,35.0
2004-02-28,0.74,29.74,11.88,7.71,10.15
2004-02-29,0.604,17.37,11.84,2.39,3.14
2004-03-01,0.527,14.54,11.81,1.18,1.55
2004-03-02,0.447,14.02,11.86,0.93,1.23
2004-03-03,0.38,13.85,11.82,0.88,1.15
2004-03-04,0.323,13.86,11.85,0.87,1.14
2004-03-05,0.278,13.81,11.81,0.86,1.14
2004-03-06,0.234,13.86,11.86,0.86,1.14
2004-03-07,0.193,13.7,11.85,0.72,1.14
2004-03-08,0.159,13.38,11.84,0.4,1.13
2004-03-09,0.135,13.11,11.84,0.14,1.14
2004-03-10,0.111,13.02,11.86,0.02,1.14
2004-03-11,0.091,12.99,11.85,0.01,1.14
2004-03-12,0.075,12.98,11.85,0.0,1.13
2004-03-13,0.062,12.95,11.85,0.0,1.09
2004-03-14,0.051,12.91,11.89,0.0,1.03
2004-03-15,0.04,12.75,11.85,0.0,0.9
2004-03-16,0.032,12.68,11.86,0.0,0.82
2004-03-17,0.025,12.63,11.87,0.0,0.76
2004-03-18,0.019,12.68,11.97,0.0,0.71
2004-03-19,0.012,12.49,11.87,0.0,0.63
2004-03-20,0.009,12.6,11.98,0.0,0.62
2004-03-21,0.004,12.68,12.15,0.0,0.52
2004-03-22,0.001,12.73,12.55,0.0,0.19
2004-03-23,0.0,12.61,12.56,0.0,0.05
2004-03-24,0.0,12.57,12.56,0.0,0.01
2004-03-25,0.094,149.51,10.5,60.03,78.98
2004-03-26,0.125,125.37,12.48,34.99,77.9
2004-03-27,0.035,56.33,12.24,0.0,44.09
2004-03-28,0.018,19.8,12.0,0.0,7.8
2004-03-29,0.012,13.39,12.02,0.0,1.37
2004-03-30,0.005,12.8,12.21,0.0,0.59
2004-03-31,0.002,12.62,12.23,0.0,0.39
2004-04-01,0.0,12.68,12.56,0.0,0.13
2004-04-02,0.0,12.59,12.55,0.0,0.04
2004-04-03,0.0,12.57,12.56,0.0,0.01
2004-04-04,0.0,12.56,12.56,0.0,0.0
2004-04-05,0.0,12.56,12.56,0.0,0.0
2004-04-06,0.0,12.56,12.56,0.0,0.0
2004-04-07,0.0,12.56,12.56,0.0,0.0
2004-04-08,0.0,0.0,0.0,0.0,0.0
2004-04-09,0.0,0.0,0.0,0.0,0.0
2004-04-10,0.0,0.0,0.0,0.0,0.0
2004-04-11,0.0,0.0,0.0,0.0,0.0
2004-04-12,0.0,0.0,0.0,0.0,0.0
2004-04-13,0.0,0.0,0.0,0.0,0.0
2004-04-14,0.0,0.0,0.0,0.0,0.0
2004-04-15,0.0,0.0,0.0,0.0,0.0
2004-04-16,0.0,0.0,0.0,0.0,0.0
2004-04-17,0.0,0.0,0.0,0.0,0.0
2004-04-18,0.0,0.0,0.0,0.0,0.0
2004-04-19,0.0,0.0,0.0,0.0,0.0
2004-04-20,0.0,0.0,0.0,0.0,0.0
2004-04-21,0.0,0.0,0.0,0.0,0.0
2004-04-22,0.0,0.0,0.0,0.0,0.0
2004-04-23,0.0,0.0,0.0,0.0,0.0
2004-04-24,0.0,0.0,0.0,0.0,0.0
2004-04-25,0.0,0.0,0.0,0.0,0.0
2004-04-26,0.0,0.0,0.0,0.0,0.0
2004-04-27,0.0,0.0,0.0,0.0,0.0
2004-04-28,0.0,0.0,0.0,0.0,0.0
2004-04-29,0.0,0.0,0.0,0.0,0.0
2004-04-30,0.0,0.0,0.0,0.0,0.0
2004-05-01,0.0,0.0,0.0,0.0,0.0
2004-05-02,0.0,0.0,0.0,0.0,0.0
2004-05-03,0.0,0.0,0.0,0.0,0.0
2004-05-04,0.0,0.0,0.0,0.0,0.0
2004-05-05,0.0,0.0,0.0,0.0,0.0
2004-05-06,0.0,0.0,0.0,0.0,0.0
2004-05-07,0.0,0.0,0.0,0.0,0.0
2004-05-08,0.0,0.0,0.0,0.0,0.0
2004-05-09,0.0,0.0,0.0,0.0,0.0
2004-05-10,0.0,0.0,0.0,0.0,0.0
2004-05-11,0.0,0.0,0.0,0.0,0.0
2004-05-12,0.0,0.0,0.0,0.0,0.0
2004-05-13,0.0,0.0,0.0,0.0,0.0
2004-05-14,0.0,0.0,0.0,0.0,0.0
2004-05-15,0.0,0.0,0.0,0.0,0.0
2004-05-16,0.0,0.0,0.0,0.0,0.0
2004-05-17,0.0,0.0,0.0,0.0,0.0
2004-05-18,0.0,0.0,0.0,0.0,0.0
2004-05-19,0.0,0.0,0.0,0.0,0.0
2004-05-20,0.0,0.0,0.0,0.0,0.0
2004-05-21,0.0,0.0,0.0,0.0,0.0
2004-05-22,0.0,0.0,0.0,0.0,0.0
2004-05-23,0.0,0.0,0.0,0.0,0.0
2004-05-24,0.0,0.0,0.0,0.0,0.0
2004-05-25,0.0,0.0,0.0,0.0,0.0
2004-05-26,0.0,0.0,0.0,0.0,0.0
2004-05-27,0.0,0.0,0.0,0.0,0.0
2004-05-28,0.0,0.0,0.0,0.0,0.0
2004-05-29,0.0,0.0,0.0,0.0,0.0
2004-05-30,0.0,0.0,0.0,0.0,0.0
2004-05-31,0.0,0.0,0.0,0.0,0.0
2004-06-01,0.0,0.0,0.0,0.0,0.0
2004-06-02,0.0,0.0,0.0,0.0,0.0
2004-06-03,0.0,0.0,0.0,0.0,0.0
2004-06-04,0.0,0.0,0.0,0.0,0.0
2004-06-05,0.0,0.0,0.0,0.0,0.0
2004-06-06,0.0,0.0,0.0,0.0,0.0
2004-06-07,0.0,0.0,0.0,0.0,0.0
2004-06-08,0.0,0.0,0.0,0.0,0.0
2004-06-09,0.0,0.0,0.0,0.0,0.0
2004-06-10,0.0,0.0,0.0,0.0,0.0
2004-06-11,0.0,0.0,0.0,0.0,0.0
2004-06-12,0.0,0.0,0.0,0.0,0.0
2004-06-13,0.0,0.0,0.0,0.0,0.0
2004-06-14,0.0,0.0,0.0,0.0,0.0
2004-06-15,0.0,0.0,0.0,0.0,0.0
2004-06-16,0.0,0.0,0.0,0.0,0.0
2004-06-17,0.0,0.0,0.0,0.0,0.0
2004-06-18,0.0,0.0,0.0,0.0,0.0
2004-06-19,0.0,0.0,0.0,0.0,0.0
2004-06-20,0.0,0.0,0.0,0.0,0.0
2004-06-21,0.0,0.0,0.0,0.0,0.0
2004-06-22,0.0,0.0,0.0,0.0,0.0
2004-06-23,0.0,0.0,0.0,0.0,0.0
2004-06-24,0.0,0.0,0.0,0.0,0.0
2004-06-25,0.0,0.0,0.0,0.0,0.0
2004-06-26,0.0,0.0,0.0,0.0,0.0
2004-06-27,0.0,0.0,0.0,0.0,0.0
2004-06-28,0.0,0.0,0.0,0.0,0.0
2004-06-29,0.0,0.0,0.0,0.0,0.0
2004-06-30,0.0,0.0,0.0,0.0,0.0
2004-07-01,0.0,0.0,0.0,0.0,0.0
2004-07-02,0.0,0.0,0.0,0.0,0.0
2004-07-03,0.0,0.0,0.0,0.0,0.0
2004-07-04,0.0,0.0,0.0,0.0,0.0
2004-07-05,0.0,0.0,0.0,0.0,0.0
2004-07-06,0.0,0.0,0.0,0.0,0.0
2004-07-07,0.0,0.0,0.0,0.0,0.0
2004-07-08,0.0,0.0,0.0,0.0,0.0
2004-07-09,0.0,0.0,0.0,0.0,0.0
2004-07-10,0.0,0.0,0.0,0.0,0.0
2004-07-11,0.0,0.0,0.0,0.0,0.0
2004-07-12,0.0,0.0,0.0,0.0,0.0
2004-07-13,0.0,0.0,0.0,0.0,0.0
2004-07-14,0.0,0.0,0.0,0.0,0.0
2004-07-15,0.0,0.0,0.0,0.0,0.0
2004-07-16,0.0,0.0,0.0,0.0,0.0
2004-07-17,0.0,0.0,0.0,0.0,0.0
2004-07-18,0.0,0.0,0.0,0.0,0.0
2004-07-19,0.0,0.0,0.0,0.0,0.0
2004-07-20,0.0,0.0,0.0,0.0,0.0
2004-07-21,0.0,0.0,0.0,0.0,0.0
2004-07-22,0.0,0.0,0.0,0.0,0.0
2004-07-23,0.0,0.0,0.0,0.0,0.0
2004-07-24,0.0,0.0,0.0,0.0,0.0
2004-07-25,0.0,0.0,0.0,0.0,0.0
2004-07-26,0.0,0.0,0.0,0.0,0.0
2004-07-27,0.0,0.0,0.0,0.0,0.0
2004-07-28,0.0,0.0,0.0,0.0,0.0
2004-07-29,0.0,0.0,0.0,0.0,0.0
2004-07-30,0.0,0.0,0.0,0.0,0.0
2004-07-31,0.0,0.0,0.0,0.0,0.0
2004-08-01,0.0,0.0,0.0,0.0,0.0
2004-08-02,0.0,0.0,0.0,0.0,0.0
2004-08-03,0.0,0.0,0.0,0.0,0.0
2004-08-04,0.0,0.0,0.0,0.0,0.0
2004-08-05,0.0,0.0,0.0,0.0,0.0
2004-08-06,0.0,0.0,0.0,0.0,0.0
2004-08-07,0.0,0.0,0.0,0.0,0.0
2004-08-08,0.0,0.0,0.0,0.0,0.0
2004-08-09,0.0,0.0,0.0,0.0,0.0
2004-08-10,0.0,0.0,0.0,0.0,0.0
2004-08-11,0.0,0.0,0.0,0.0,0.0
2004-08-12,0.0,0.0,0.0,0.0,0.0
2004-08-13,0.0,0.0,0.0,0.0,0.0
2004-08-14,0.0,0.0,0.0,0.0,0.0
2004-08-15,0.0,0.0,0.0,0.0,0.0
2004-08-16,0.0,0.0,0.0,0.0,0.0
2004-08-17,0.0,0.0,0.0,0.0,0.0
2004-08-18,0.0,0.0,0.0,0.0,0.0
2004-08-19,0.0,0.0,0.0,0.0,0.0
2004-08-20,0.0,0.0,0.0,0.0,0.0
2004-08-21,0.0,0.0,0.0,0.0,0.0
2004-08-22,0.0,0.0,0.0,0.0,0.0
2004-08-23,0.0,0.0,0.0,0.0,0.0
2004-08-24,0.0,0.0,0.0,0.0,0.0
2004-08-25,0.0,0.0,0.0,0.0,0.0
2004-08-26,0.0,0.0,0.0,0.0,0.0
2004-08-27,0.0,0.0,0.0,0.0,0.0
2004-08-28,0.0,0.0,0.0,0.0,0.0
2004-08-29,0.0,0.0,0.0,0.0,0.0
2004-08-30,0.0,0.0,0.0,0.0,0.0
2004-08-31,0.0,0.0,0.0,0.0,0.0
2004-09-01,0.0,0.0,0.0,0.0,0.0
2004-09-02,0.0,0.0,0.0,0.0,0.0
2004-09-03,0.0,0.0,0.0,0.0,0.0
2004-09-04,0.0,0.0,0.0,0.0,0.0
2004-09-05,0.0,0.0,0.0,0.0,0.0
2004-09-06,0.0,0.0,0.0,0.0,0.0
2004-09-07,0.0,0.0,0.0,0.0,0.0
2004-09-08,0.0,0.0,0.0,0.0,0.0
2004-09-09,0.0,0.0,0.0,0.0,0.0
2004-09-10,0.0,0.0,0.0,0.0,0.0
2004-09-11,0.0,0.0,0.0,0.0,0.0
2004-09-12,0.0,0.0,0.0,0.0,0.0
2004-09-13,0.0,0.0,0.0,0.0,0.0
2004-09-14,0.0,0.0,0.0,0.0,0.0
2004-09-15,0.0,0.0,0.0,0.0,0.0
2004-09-16,0.0,0.0,0.0,0.0,0.0
2004-09-17,0.0,0.0,0.0,0.0,0.0
2004-09-18,0.0,0.0,0.0,0.0,0.0
2004-09-19,0.0,0.0,0.0,0.0,0.0
2004-09-20,0.0,0.0,0.0,0.0,0.0
2004-09-21,0.0,0.0,0.0,0.0,0.0
2004-09-22,0.0,0.0,0.0,0.0,0.0
2004-09-23,0.0,0.0,0.0,0.0,0.0
2004-09-24,0.0,0.0,0.0,0.0,0.0
2004-09-25,0.0,0.0,0.0,0.0,0.0
2004-09-26,0.0,0.0,0.0,0.0,0.0
2004-09-27,0.0,0.0,0.0,0.0,0.0
2004-09-28,0.0,0.0,0.0,0.0,0.0
2004-09-29,0.0,0.0,0.0,0.0,0.0
2004-09-30,0.0,0.0,0.0,0.0,0.0
2004-10-01,0.0,0.0,0.0,0.0,0.0
2004-10-02,0.0,0.0,0.0,0.0,0.0
2004-10-03,0.0,0.0,0.0,0.0,0.0
2004-10-04,0.0,0.0,0.0,0.0,0.0
2004-10-05,0.0,0.0,0.0,0.0,0.0
2004-10-06,0.0,0.0,0.0,0.0,0.0
2004-10-07,0.0,0.0,0.0,0.0,0.0
2004-10-08,0.0,0.0,0.0,0.0,0.0
2004-10-09,0.0,0.0,0.0,0.0,0.0
2004-10-10,0.0,0.0,0.0,0.0,0.0
2004-10-11,0.0,0.0,0.0,0.0,0.0
2004-10-12,0.0,0.0,0.0,0.0,0.0
2004-10-13,0.0,0.0,0.0,0.0,0.0
2004-10-14,0.0,0.0,0.0,0.0,0.0
2004-10-15,0.0,0.0,0.0,0.0,0.0
2004-10-16,0.0,0.0,0.0,0.0,0.0
2004-10-17,0.0,0.0,0.0,0.0,0.0
2004-10-18,0.0,0.0,0.0,0.0,0.0
2004-10-19,0.827,187.19,11.13,75.98,100.09
2004-10-20,0.918,147.96,12.09,58.66,77.21
2004-10-21,0.216,132.29,12.56,47.46,72.27
2004-10-22,0.045,72.06,12.54,0.0,59.52
2004-10-23,0.009,38.17,12.55,0.0,25.62
2004-10-24,0.002,19.27,12.52,0.0,6.75
2004-10-25,0.0,13.95,12.42,0.0,1.53
2004-10-26,1.613,621.41,11.5,263.29,346.63
2004-10-27,0.416,601.69,12.55,254.34,334.8
2004-10-28,0.09,352.81,12.51,59.48,280.82
2004-10-29,0.022,163.84,12.42,0.0,151.43
2004-10-30,0.006,47.15,12.3,0.0,34.86
2004-10-31,0.002,18.61,12.28,0.0,6.33
2004-11-01,0.001,13.77,12.4,0.0,1.36
2004-11-02,0.0,12.69,12.2,0.0,0.49
2004-11-03,0.027,46.71,4.62,16.98,25.11
2004-11-04,0.36,109.93,11.98,41.81,56.14
2004-11-05,0.112,75.66,12.55,17.19,45.92
2004-11-06,0.025,41.88,12.47,0.0,29.41
2004-11-07,0.007,19.63,12.27,0.0,7.36
2004-11-08,0.003,13.49,12.17,0.0,1.32
2004-11-09,0.001,12.69,12.2,0.0,0.49
2004-11-10,0.006,18.16,9.63,0.02,8.51
2004-11-11,0.686,117.79,11.2,44.93,61.66
2004-11-12,0.392,126.92,12.54,48.93,65.44
2004-11-13,0.116,67.0,12.22,9.57,45.21
2004-11-14,0.033,38.86,12.36,0.0,26.5
2004-11-15,0.013,18.12,12.17,0.0,5.95
2004-11-16,0.006,13.15,11.96,0.0,1.19
2004-11-17,0.005,12.48,11.82,0.0,0.65
2004-11-18,0.004,12.54,11.95,0.0,0.6
2004-11-19,0.002,12.65,12.12,0.0,0.54
2004-11-20,0.001,12.72,12.52,0.0,0.2
2004-11-21,0.0,12.59,12.48,0.0,0.11
2004-11-22,0.0,12.51,12.28,0.0,0.24
2004-11-23,0.0,12.49,12.07,0.0,0.42
2004-11-24,0.0,12.48,11.95,0.0,0.52
2004-11-25,0.0,12.49,11.93,0.0,0.56
2004-11-26,0.0,12.48,11.91,0.0,0.57
2004-11-27,0.149,106.83,11.37,38.64,56.81
2004-11-28,0.057,65.51,12.56,0.03,52.93
2004-11-29,0.012,38.57,12.56,0.0,26.02
2004-11-30,0.002,19.74,12.53,0.0,7.21
2004-12-01,0.001,14.3,12.54,0.0,1.76
2004-12-02,0.0,12.95,12.5,0.0,0.45
2004-12-03,0.0,12.61,12.38,0.0,0.23
2004-12-04,0.0,12.51,12.16,0.0,0.35
2004-12-05,0.0,12.53,12.07,0.0,0.46
2004-12-06,0.014,0.0,0.0,0.0,0.0
2004-12-07,0.874,254.45,11.51,104.9,138.03
2004-12-08,1.863,223.75,11.56,91.63,120.56
2004-12-09,0.822,177.6,12.43,71.33,93.85
2004-12-10,0.228,117.91,12.32,43.3,62.29
2004-12-11,0.097,39.3,12.05,0.04,27.21
2004-12-12,0.067,19.84,11.87,0.0,7.97
2004-12-13,0.058,14.18,11.8,0.0,2.38
2004-12-14,0.052,13.05,11.81,0.0,1.23
2004-12-15,0.046,12.8,11.82,0.0,0.98
2004-12-16,0.039,12.76,11.87,0.0,0.89
2004-12-17,0.031,12.64,11.84,0.0,0.8
2004-12-18,0.027,12.61,11.84,0.0,0.77
2004-12-19,0.023,12.52,11.78,0.0,0.74
2004-12-20,0.023,12.51,11.77,0.0,0.75
2004-12-21,0.019,12.66,11.94,0.0,0.72
2004-12-22,0.009,12.69,12.15,0.0,0.54
2004-12-23,0.007,12.39,11.76,0.0,0.63
2004-12-24,0.008,12.44,11.77,0.0,0.67
2004-12-25,0.007,12.42,11.77,0.0,0.65
2004-12-26,0.006,12.71,12.09,0.0,0.62
2004-12-27,1.408,218.82,11.19,89.66,117.97
2004-12-28,1.273,180.12,11.99,72.6,95.53
2004-12-29,0.745,147.2,11.86,58.44,76.9
2004-12-30,1.144,122.78,11.49,48.06,63.23
2004-12-31,1.096,112.45,11.89,43.43,57.14
2005-01-01,1.051,80.57,11.93,29.64,39.0
2005-01-02,1.179,58.88,11.43,20.49,26.96
2005-01-03,1.311,50.36,11.89,16.61,21.86
2005-01-04,1.003,28.09,11.94,6.97,9.17
2005-01-05,0.751,17.3,11.86,2.35,3.09
2005-01-06,0.634,14.57,11.83,1.18,1.56
2005-01-07,0.993,41.34,11.52,12.88,16.94
2005-01-08,1.266,50.47,11.63,16.77,22.07
2005-01-09,1.21,43.84,11.89,13.79,18.15
2005-01-10,1.055,42.64,11.58,13.42,17.65
2005-01-11,1.879,129.65,11.69,50.93,67.02
2005-01-12,1.39,60.98,11.92,21.19,27.88
2005-01-13,1.081,24.87,11.85,5.62,7.39
2005-01-14,0.91,16.21,11.83,1.89,2.49
2005-01-15,0.777,14.34,11.84,1.08,1.42
2005-01-16,0.662,13.94,11.83,0.91,1.2
2005-01-17,0.57,13.85,11.82,0.87,1.15
2005-01-18,0.49,13.84,11.84,0.87,1.14
2005-01-19,0.411,13.85,11.85,0.86,1.14
2005-01-20,0.351,13.82,11.83,0.86,1.14
2005-01-21,0.303,13.83,11.83,0.86,1.14
2005-01-22,0.259,13.84,11.84,0.86,1.14
2005-01-23,0.218,13.84,11.84,0.86,1.14
2005-01-24,0.181,13.68,11.85,0.69,1.14
2005-01-25,0.163,13.32,11.78,0.42,1.13
2005-01-26,0.398,70.42,11.44,25.38,33.61
2005-01-27,0.308,47.26,12.03,15.19,20.04
2005-01-28,0.646,83.21,11.39,31.01,40.81
2005-01-29,0.551,48.08,12.0,15.58,20.5
2005-01-30,0.391,22.62,11.87,4.64,6.1
2005-01-31,0.323,15.75,11.83,1.69,2.23
2005-02-01,0.264,14.31,11.88,1.05,1.38
2005-02-02,0.21,13.94,11.85,0.9,1.19
2005-02-03,0.179,13.66,11.83,0.68,1.15
2005-02-04,0.153,13.31,11.84,0.34,1.14
2005-02-05,0.13,13.04,11.84,0.06,1.14
2005-02-06,0.106,13.03,11.88,0.02,1.14
2005-02-07,0.087,12.93,11.8,0.01,1.13
2005-02-08,0.079,12.98,11.84,0.0,1.14
2005-02-09,0.063,12.97,11.86,0.0,1.11
2005-02-10,0.052,12.89,11.86,0.0,1.03
2005-02-11,0.041,12.8,11.88,0.0,0.92
2005-02-12,0.034,12.66,11.83,0.0,0.83
2005-02-13,0.03,12.59,11.8,0.0,0.8
2005-02-14,0.101,70.24,10.56,25.16,34.52
2005-02-15,1.011,138.69,10.98,55.08,72.63
2005-02-16,1.676,115.52,11.91,44.73,58.88
2005-02-17,1.047,56.62,11.98,19.27,25.36
2005-02-18,1.191,63.35,11.55,22.37,29.43
2005-02-19,1.354,62.62,11.68,22.0,28.94
2005-02-20,1.443,38.34,11.84,11.44,15.06
2005-02-21,1.683,61.55,11.6,21.57,28.38
2005-02-22,1.567,58.92,11.9,20.3,26.72
2005-02-23,1.229,24.31,11.86,5.38,7.08
2005-02-24,1.014,16.15,11.85,1.86,2.45
2005-02-25,0.845,14.35,11.85,1.08,1.42
2005-02-26,0.701,13.96,11.85,0.91,1.2
2005-02-27,0.611,17.11,11.71,2.33,3.07
2005-02-28,0.904,115.58,11.7,44.86,59.02
2005-03-01,0.736,56.3,11.53,19.33,25.43
2005-03-02,1.107,63.55,11.81,22.34,29.4
2005-03-03,0.869,30.13,11.85,7.9,10.39
2005-03-04,1.32,51.86,11.54,17.41,22.91
2005-03-05,1.194,32.25,11.91,8.78,11.56
2005-03-06,0.922,18.19,11.87,2.73,3.59
2005-03-07,0.747,14.82,11.85,1.28,1.69
2005-03-08,0.605,14.08,11.86,0.96,1.26
2005-03-09,0.486,13.91,11.87,0.88,1.16
2005-03-10,0.38,13.89,11.89,0.87,1.14
2005-03-11,0.287,13.9,11.9,0.86,1.14
2005-03-12,0.226,13.86,11.87,0.86,1.13
2005-03-13,0.183,13.67,11.85,0.68,1.13
2005-03-14,0.137,13.33,11.93,0.26,1.14
2005-03-15,0.102,13.02,11.88,0.02,1.13
2005-03-16,0.08,13.04,11.9,0.01,1.13
2005-03-17,0.059,13.0,11.91,0.0,1.09
2005-03-18,0.049,12.71,11.74,0.0,0.97
2005-03-19,0.4,155.21,11.33,61.63,82.25
2005-03-20,0.273,101.1,12.11,38.22,50.77
2005-03-21,0.219,41.25,10.67,12.15,18.43
2005-03-22,1.385,100.62,11.37,38.39,50.86
2005-03-23,1.725,62.33,11.85,21.78,28.71
2005-03-24,1.249,27.33,11.9,6.66,8.78
2005-03-25,0.972,17.01,11.87,2.22,2.92
2005-03-26,0.798,14.53,11.84,1.16,1.53
2005-03-27,0.731,22.54,11.63,4.71,6.2
2005-03-28,0.816,41.21,11.89,12.66,16.66
2005-03-29,0.913,36.74,11.66,10.83,14.25
2005-03-30,0.75,22.45,11.9,4.56,5.99
2005-03-31,0.589,15.84,11.86,1.72,2.26
2005-04-01,0.507,14.22,11.8,1.04,1.37
2005-04-02,0.404,14.02,11.92,0.91,1.19
2005-04-03,0.498,67.3,11.17,24.24,31.9
2005-04-04,1.011,154.07,11.79,61.44,80.84
2005-04-05,0.7,77.73,11.96,28.4,37.37
2005-04-06,0.497,30.24,11.9,7.92,10.42
2005-04-07,0.381,17.74,11.86,2.54,3.34
2005-04-08,0.608,98.79,11.51,37.69,49.59
2005-04-09,0.526,60.55,11.95,20.99,27.62
2005-04-10,0.383,25.6,11.89,5.92,7.79
2005-04-11,0.289,16.72,11.9,2.08,2.74
2005-04-12,0.217,14.52,11.9,1.1,1.52
2005-04-13,0.163,13.68,11.89,0.56,1.23
2005-04-14,0.124,13.15,11.89,0.1,1.16
2005-04-15,0.096,13.02,11.87,0.01,1.14
2005-04-16,0.075,13.02,11.89,0.0,1.13
2005-04-17,0.056,12.98,11.91,0.0,1.07
2005-04-18,0.038,12.86,11.95,0.0,0.91
2005-04-19,0.026,12.67,11.91,0.0,0.76
2005-04-20,0.018,12.64,11.95,0.0,0.69
2005-04-21,0.01,12.68,12.09,0.0,0.6
2005-04-22,0.003,12.76,12.39,0.0,0.37
2005-04-23,0.001,12.67,12.56,0.0,0.11
2005-04-24,0.0,12.59,12.56,0.0,0.03
2005-04-25,0.0,12.57,12.56,0.0,0.01
2005-04-26,0.0,12.56,12.56,0.0,0.0
2005-04-27,0.0,12.56,12.56,0.0,0.0
2005-04-28,0.25,166.91,11.37,66.97,88.58
2005-04-29,0.12,100.19,12.27,26.41,61.51
2005-04-30,0.053,37.23,12.1,0.0,25.14
2005-05-01,0.03,17.77,11.94,0.0,5.83
2005-05-02,0.021,13.25,11.94,0.0,1.31
2005-05-03,0.013,12.81,12.11,0.0,0.7
2005-05-04,0.053,39.72,8.85,9.84,21.03
2005-05-05,0.556,159.36,11.74,63.14,84.49
2005-05-06,0.213,112.74,12.26,39.94,60.54
2005-05-07,0.097,36.79,12.04,0.02,24.73
2005-05-08,0.279,76.46,10.12,27.87,38.47
2005-05-09,0.709,129.75,12.12,50.73,66.9
2005-05-10,0.335,61.2,12.1,21.18,27.92
2005-05-11,0.208,27.05,11.92,6.15,8.98
2005-05-12,0.158,15.41,11.88,0.52,3.02
2005-05-13,0.121,13.54,11.88,0.08,1.58
2005-05-14,0.096,13.12,11.87,0.01,1.24
2005-05-15,0.078,12.96,11.81,0.0,1.15
2005-05-16,0.062,13.03,11.92,0.0,1.11
2005-05-17,0.049,12.9,11.89,0.0,1.01
2005-05-18,0.033,12.64,11.81,0.0,0.83
2005-05-19,0.251,107.52,11.45,41.44,54.63
2005-05-20,0.127,61.65,12.17,16.01,33.47
2005-05-21,0.067,24.15,12.03,0.0,12.12
2005-05-22,0.039,15.55,12.0,0.0,3.55
2005-05-23,0.025,13.03,11.88,0.0,1.15
2005-05-24,0.019,12.63,11.88,0.0,0.74
2005-05-25,0.012,12.71,12.08,0.0,0.63
2005-05-26,0.005,12.67,12.16,0.0,0.51
2005-05-27,0.001,12.71,12.54,0.0,0.18
2005-05-28,0.0,12.61,12.56,0.0,0.05
2005-05-29,0.0,12.57,12.56,0.0,0.01
2005-05-30,0.0,12.56,12.56,0.0,0.0
2005-05-31,0.0,12.56,12.56,0.0,0.0
2005-06-01,0.0,12.56,12.56,0.0,0.0
2005-06-02,0.0,12.56,12.56,0.0,0.0
2005-06-03,0.0,12.56,12.56,0.0,0.0
2005-06-04,0.0,0.0,0.0,0.0,0.0
2005-06-05,0.0,0.0,0.0,0.0,0.0
2005-06-06,0.0,0.0,0.0,0.0,0.0
2005-06-07,0.0,0.0,0.0,0.0,0.0
2005-06-08,0.0,0.0,0.0,0.0,0.0
2005-06-09,0.0,0.0,0.0,0.0,0.0
2005-06-10,0.0,0.0,0.0,0.0,0.0
2005-06-11,0.0,0.0,0.0,0.0,0.0
2005-06-12,0.0,0.0,0.0,0.0,0.0
2005-06-13,0.0,0.0,0.0,0.0,0.0
2005-06-14,0.0,0.0,0.0,0.0,0.0
2005-06-15,0.0,0.0,0.0,0.0,0.0
2005-06-16,0.0,0.0,0.0,0.0,0.0
2005-06-17,0.0,0.0,0.0,0.0,0.0
2005-06-18,0.0,0.0,0.0,0.0,0.0
2005-06-19,0.0,0.0,0.0,0.0,0.0
2005-06-20,0.0,0.0,0.0,0.0,0.0
2005-06-21,0.0,0.0,0.0,0.0,0.0
2005-06-22,0.0,0.0,0.0,0.0,0.0
2005-06-23,0.0,0.0,0.0,0.0,0.0
2005-06-24,0.0,0.0,0.0,0.0,0.0
2005-06-25,0.0,0.0,0.0,0.0,0.0
2005-06-26,0.0,0.0,0.0,0.0,0.0
2005-06-27,0.0,0.0,0.0,0.0,0.0
2005-06-28,0.0,0.0,0.0,0.0,0.0
2005-06-29,0.0,0.0,0.0,0.0,0.0
2005-06-30,0.0,0.0,0.0,0.0,0.0
2005-07-01,0.0,0.0,0.0,0.0,0.0
2005-07-02,0.0,0.0,0.0,0.0,0.0
2005-07-03,0.0,0.0,0.0,0.0,0.0
2005-07-04,0.0,0.0,0.0,0.0,0.0
2005-07-05,0.0,0.0,0.0,0.0,0.0
2005-07-06,0.0,0.0,0.0,0.0,0.0
2005-07-07,0.0,0.0,0.0,0.0,0.0
2005-07-08,0.0,0.0,0.0,0.0,0.0
2005-07-09,0.0,0.0,0.0,0.0,0.0
2005-07-10,0.0,0.0,0.0,0.0,0.0
2005-07-11,0.0,0.0,0.0,0.0,0.0
2005-07-12,0.0,0.0,0.0,0.0,0.0
2005-07-13,0.0,0.0,0.0,0.0,0.0
2005-07-14,0.0,0.0,0.0,0.0,0.0
2005-07-15,0.0,0.0,0.0,0.0,0.0
2005-07-16,0.0,0.0,0.0,0.0,0.0
2005-07-17,0.0,0.0,0.0,0.0,0.0
2005-07-18,0.0,0.0,0.0,0.0,0.0
2005-07-19,0.0,0.0,0.0,0.0,0.0
2005-07-20,0.0,0.0,0.0,0.0,0.0
2005-07-21,0.0,0.0,0.0,0.0,0.0
2005-07-22,0.0,0.0,0.0,0.0,0.0
2005-07-23,0.0,0.0,0.0,0.0,0.0
2005-07-24,0.0,0.0,0.0,0.0,0.0
2005-07-25,0.0,0.0,0.0,0.0,0.0
2005-07-26,0.0,0.0,0.0,0.0,0.0
2005-07-27,0.0,0.0,0.0,0.0,0.0
2005-07-28,0.0,0.0,0.0,0.0,0.0
2005-07-29,0.0,0.0,0.0,0.0,0.0
2005-07-30,0.0,0.0,0.0,0.0,0.0
2005-07-31,0.0,0.0,0.0,0.0,0.0
2005-08-01,0.0,0.0,0.0,0.0,0.0
2005-08-02,0.0,0.0,0.0,0.0,0.0
2005-08-03,0.0,0.0,0.0,0.0,0.0
2005-08-04,0.0,0.0,0.0,0.0,0.0
2005-08-05,0.0,0.0,0.0,0.0,0.0
2005-08-06,0.0,0.0,0.0,0.0,0.0
2005-08-07,0.0,0.0,0.0,0.0,0.0
2005-08-08,0.0,0.0,0.0,0.0,0.0
2005-08-09,0.0,0.0,0.0,0.0,0.0
2005-08-10,0.0,0.0,0.0,0.0,0.0
2005-08-11,0.0,0.0,0.0,0.0,0.0
2005-08-12,0.0,0.0,0.0,0.0,0.0
2005-08-13,0.0,0.0,0.0,0.0,0.0
2005-08-14,0.0,0.0,0.0,0.0,0.0
2005-08-15,0.0,0.0,0.0,0.0,0.0
2005-08-16,0.0,0.0,0.0,0.0,0.0
2005-08-17,0.0,0.0,0.0,0.0,0.0
2005-08-18,0.0,0.0,0.0,0.0,0.0
2005-08-19,0.0,0.0,0.0,0.0,0.0
2005-08-20,0.0,0.0,0.0,0.0,0.0
2005-08-21,0.0,0.0,0.0,0.0,0.0
2005-08-22,0.0,0.0,0.0,0.0,0.0
2005-08-23,0.0,0.0,0.0,0.0,0.0
2005-08-24,0.0,0.0,0.0,0.0,0.0
2005-08-25,0.0,0.0,0.0,0.0,0.0
2005-08-26,0.0,0.0,0.0,0.0,0.0
2005-08-27,0.0,0.0,0.0,0.0,0.0
2005-08-28,0.0,0.0,0.0,0.0,0.0
2005-08-29,0.0,0.0,0.0,0.0,0.0
2005-08-30,0.0,0.0,0.0,0.0,0.0
2005-08-31,0.0,0.0,0.0,0.0,0.0
2005-09-01,0.0,0.0,0.0,0.0,0.0
2005-09-02,0.0,0.0,0.0,0.0,0.0
2005-09-03,0.0,0.0,0.0,0.0,0.0
2005-09-04,0.0,0.0,0.0,0.0,0.0
2005-09-05,0.0,0.0,0.0,0.0,0.0
2005-09-06,0.0,0.0,0.0,0.0,0.0
2005-09-07,0.0,0.0,0.0,0.0,0.0
2005-09-08,0.0,0.0,0.0,0.0,0.0
2005-09-09,0.0,0.0,0.0,0.0,0.0
2005-09-10,0.0,0.0,0.0,0.0,0.0
2005-09-11,0.0,0.0,0.0,0.0,0.0
2005-09-12,0.0,0.0,0.0,0.0,0.0
2005-09-13,0.0,0.0,0.0,0.0,0.0
2005-09-14,0.0,0.0,0.0,0.0,0.0
2005-09-15,0.0,0.0,0.0,0.0,0.0
2005-09-16,0.0,0.0,0.0,0.0,0.0
2005-09-17,0.0,0.0,0.0,0.0,0.0
2005-09-18,0.0,0.0,0.0,0.0,0.0
2005-09-19,0.0,0.0,0.0,0.0,0.0
2005-09-20,0.0,0.0,0.0,0.0,0.0
2005-09-21,0.0,0.0,0.0,0.0,0.0
2005-09-22,0.0,0.0,0.0,0.0,0.0
2005-09-23,0.0,0.0,0.0,0.0,0.0
2005-09-24,0.0,0.0,0.0,0.0,0.0
2005-09-25,0.0,0.0,0.0,0.0,0.0
2005-09-26,0.0,0.0,0.0,0.0,0.0
2005-09-27,0.0,0.0,0.0,0.0,0.0
2005-09-28,0.0,0.0,0.0,0.0,0.0
2005-09-29,0.0,0.0,0.0,0.0,0.0
2005-09-30,0.0,0.0,0.0,0.0,0.0
2005-10-01,0.0,0.0,0.0,0.0,0.0
2005-10-02,0.0,0.0,0.0,0.0,0.0
2005-10-03,0.0,0.0,0.0,0.0,0.0
2005-10-04,0.0,0.0,0.0,0.0,0.0
2005-10-05,0.0,0.0,0.0,0.0,0.0
2005-10-06,0.0,0.0,0.0,0.0,0.0
2005-10-07,0.0,0.0,0.0,0.0,0.0
2005-10-08,0.0,0.0,0.0,0.0,0.0
2005-10-09,0.0,0.0,0.0,0.0,0.0
2005-10-10,0.0,0.0,0.0,0.0,0.0
2005-10-11,0.0,0.0,0.0,0.0,0.0
2005-10-12,0.0,0.0,0.0,0.0,0.0
2005-10-13,0.0,0.0,0.0,0.0,0.0
2005-10-14,0.0,0.0,0.0,0.0,0.0
2005-10-15,0.0,0.0,0.0,0.0,0.0
2005-10-16,0.0,0.0,0.0,0.0,0.0
2005-10-17,0.0,0.0,0.0,0.0,0.0
2005-10-18,0.0,0.0,0.0,0.0,0.0
2005-10-19,0.0,0.0,0.0,0.0,0.0
2005-10-20,0.0,0.0,0.0,0.0,0.0
2005-10-21,0.0,0.0,0.0,0.0,0.0
2005-10-22,0.0,0.0,0.0,0.0,0.0
2005-10-23,0.0,0.0,0.0,0.0,0.0
2005-10-24,0.0,0.0,0.0,0.0,0.0
2005-10-25,0.0,0.0,0.0,0.0,0.0
2005-10-26,0.0,0.0,0.0,0.0,0.0
2005-10-27,0.0,0.0,0.0,0.0,0.0
2005-10-28,0.0,0.0,0.0,0.0,0.0
2005-10-29,0.0,0.0,0.0,0.0,0.0
2005-10-30,0.0,0.0,0.0,0.0,0.0
2005-10-31,0.0,0.0,0.0,0.0,0.0
2005-11-01,0.0,0.0,0.0,0.0,0.0
2005-11-02,0.0,0.0,0.0,0.0,0.0
2005-11-03,0.0,0.0,0.0,0.0,0.0
2005-11-04,0.0,0.0,0.0,0.0,0.0
2005-11-05,0.0,0.0,0.0,0.0,0.0
2005-11-06,0.0,0.0,0.0,0.0,0.0
2005-11-07,0.008,21.88,6.43,1.06,14.39
2005-11-08,0.312,82.02,11.63,28.7,41.69
2005-11-09,0.083,59.65,12.56,6.58,40.51
2005-11-10,0.017,36.79,12.56,0.0,24.23
2005-11-11,0.003,19.92,12.56,0.0,7.37
2005-11-12,0.001,14.4,12.55,0.0,1.85
2005-11-13,0.0,12.98,12.51,0.0,0.46
2005-11-14,0.0,12.61,12.39,0.0,0.23
2005-11-15,0.0,12.54,12.22,0.0,0.31
2005-11-16,0.0,12.42,11.94,0.0,0.48
2005-11-17,0.0,12.47,11.89,0.0,0.58
2005-11-18,0.0,12.41,11.83,0.0,0.58
2005-11-19,0.0,12.43,11.82,0.0,0.61
2005-11-20,0.0,12.41,11.81,0.0,0.6
2005-11-21,0.0,12.43,11.82,0.0,0.61
2005-11-22,0.0,12.42,11.82,0.0,0.61
2005-11-23,0.0,12.44,11.84,0.0,0.6
2005-11-24,0.0,12.61,12.02,0.0,0.59
2005-11-25,0.078,69.23,11.23,13.57,44.43
2005-11-26,0.041,54.05,12.55,0.0,41.5
2005-11-27,0.008,29.72,12.56,0.0,17.17
2005-11-28,0.07,140.87,9.35,56.74,74.77
2005-11-29,0.456,102.24,11.77,39.06,51.4
2005-11-30,0.162,81.18,12.56,24.56,44.06
2005-12-01,0.776,141.51,11.04,55.03,75.44
2005-12-02,0.811,189.17,12.21,76.12,100.84
2005-12-03,0.221,206.18,12.55,77.08,116.55
2005-12-04,0.048,105.75,12.51,0.0,93.24
2005-12-05,0.011,51.71,12.47,0.0,39.24
2005-12-06,0.003,19.54,12.26,0.0,7.28
2005-12-07,0.001,13.96,12.43,0.0,1.53
2005-12-08,0.0,12.77,12.3,0.0,0.48
2005-12-09,0.0,12.5,12.06,0.0,0.45
2005-12-10,0.0,12.46,11.92,0.0,0.54
2005-12-11,0.0,12.44,11.86,0.0,0.58
2005-12-12,0.0,12.44,11.85,0.0,0.59
2005-12-13,0.0,12.44,11.85,0.0,0.59
2005-12-14,0.0,12.44,11.85,0.0,0.59
2005-12-15,0.0,12.44,11.85,0.0,0.59
2005-12-16,0.0,12.44,11.84,0.0,0.59
2005-12-17,0.025,28.16,3.26,9.54,15.36
2005-12-18,3.062,486.04,12.6,204.33,269.11
2005-12-19,1.571,434.76,12.27,182.4,240.09
2005-12-20,0.393,329.36,12.43,136.83,180.1
2005-12-21,0.415,145.45,11.48,57.84,76.12
2005-12-22,1.17,262.78,11.38,108.56,142.84
2005-12-23,0.751,290.83,12.36,120.25,158.22
2005-12-24,0.272,153.78,12.15,61.16,80.47
2005-12-25,0.266,77.17,11.07,27.3,38.8
2005-12-26,0.942,184.34,11.6,74.3,98.44
2005-12-27,0.704,174.34,11.88,70.08,92.37
2005-12-28,1.289,199.76,11.61,81.24,106.91
2005-12-29,0.719,130.95,12.13,51.31,67.51
2005-12-30,0.637,63.25,10.89,22.61,29.75
2005-12-31,5.445,658.43,16.19,277.33,364.9
2006-01-01,2.337,308.54,11.91,128.09,168.54
2006-01-02,3.014,153.63,12.18,61.08,80.37
2006-01-03,2.566,84.3,11.94,31.25,41.12
2006-01-04,1.962,30.76,11.86,8.16,10.74
2006-01-05,1.602,17.64,11.85,2.5,3.29
2006-01-06,1.344,14.66,11.84,1.22,1.6
2006-01-07,1.136,14.01,11.84,0.94,1.24
2006-01-08,0.964,13.87,11.84,0.88,1.16
2006-01-09,0.823,13.84,11.83,0.87,1.14
2006-01-10,0.713,13.82,11.82,0.86,1.14
2006-01-11,0.615,13.83,11.83,0.86,1.14
2006-01-12,0.523,13.84,11.84,0.86,1.14
2006-01-13,0.45,13.82,11.82,0.86,1.13
2006-01-14,0.689,64.07,11.52,22.69,29.85
2006-01-15,0.614,41.49,11.93,12.76,16.8
2006-01-16,0.483,20.21,11.84,3.62,4.76
2006-01-17,0.409,15.21,11.84,1.46,1.91
2006-01-18,0.647,67.41,11.51,24.14,31.76
2006-01-19,0.595,41.05,11.9,12.58,16.56
2006-01-20,0.466,20.26,11.86,3.63,4.77
2006-01-21,0.407,15.41,11.8,1.56,2.05
2006-01-22,0.339,14.28,11.88,1.04,1.37
2006-01-23,0.273,13.93,11.84,0.9,1.19
2006-01-24,0.23,13.86,11.84,0.87,1.15
2006-01-25,0.198,13.83,11.83,0.86,1.14
2006-01-26,0.161,13.63,11.88,0.61,1.14
2006-01-27,0.132,13.01,11.81,0.06,1.13
2006-01-28,0.127,12.9,11.74,0.03,1.13
2006-01-29,0.117,12.99,11.83,0.02,1.14
2006-01-30,0.278,98.61,11.23,37.57,49.81
2006-01-31,0.294,73.85,12.06,26.65,35.15
2006-02-01,0.225,31.63,11.59,8.65,11.4
2006-02-02,0.393,32.05,11.67,8.8,11.58
2006-02-03,0.294,22.11,11.95,4.39,5.77
2006-02-04,0.213,15.94,11.9,1.74,2.3
2006-02-05,0.164,14.06,11.88,0.78,1.41
2006-02-06,0.129,13.11,11.85,0.06,1.2
2006-02-07,0.109,12.98,11.82,0.02,1.15
2006-02-08,0.098,12.98,11.83,0.01,1.14
2006-02-09,0.081,12.99,11.85,0.0,1.13
2006-02-10,0.071,12.94,11.81,0.0,1.12
2006-02-11,0.062,12.93,11.83,0.0,1.1
2006-02-12,0.052,12.88,11.85,0.0,1.03
2006-02-13,0.041,12.8,11.88,0.0,0.92
2006-02-14,0.031,12.86,12.04,0.0,0.83
2006-02-15,0.015,12.49,11.88,0.0,0.62
2006-02-16,0.016,12.53,11.82,0.0,0.71
2006-02-17,0.011,12.55,11.91,0.0,0.64
2006-02-18,0.01,12.42,11.76,0.0,0.66
2006-02-19,0.009,12.46,11.81,0.0,0.65
2006-02-20,0.009,12.37,11.7,0.0,0.67
2006-02-21,0.009,12.47,11.8,0.0,0.67
2006-02-22,0.007,12.52,11.88,0.0,0.64
2006-02-23,0.005,12.57,11.97,0.0,0.6
2006-02-24,0.003,12.64,12.12,0.0,0.52
2006-02-25,0.001,12.67,12.32,0.0,0.34
2006-02-26,0.072,111.08,10.14,43.44,57.5
2006-02-27,0.84,163.62,10.96,65.91,86.76
2006-02-28,1.5,152.51,11.89,60.72,79.9
2006-03-01,0.908,67.89,12.01,24.13,31.76
2006-03-02,0.775,35.93,11.79,10.42,13.72
2006-03-03,1.034,66.07,11.62,23.51,30.94
2006-03-04,0.823,32.2,11.89,8.77,11.54
2006-03-05,0.832,40.24,11.26,12.51,16.47
2006-03-06,2.161,133.19,11.55,52.52,69.11
2006-03-07,2.11,97.52,11.9,36.97,48.64
2006-03-08,1.594,34.47,11.88,9.75,12.83
2006-03-09,1.252,18.65,11.88,2.92,3.85
2006-03-10,1.02,14.9,11.84,1.32,1.74
2006-03-11,0.865,14.07,11.84,0.96,1.27
2006-03-12,0.89,36.8,11.62,10.87,14.31
2006-03-13,0.904,36.34,11.89,10.56,13.89
2006-03-14,1.626,84.88,11.53,31.67,41.67
2006-03-15,1.319,39.75,11.89,12.03,15.83
2006-03-16,1.122,26.4,11.67,6.36,8.37
2006-03-17,1.411,53.85,11.7,18.2,23.95
2006-03-18,1.353,45.92,11.87,14.7,19.35
2006-03-19,1.065,22.44,11.88,4.56,6.0
2006-03-20,1.06,33.36,11.67,9.37,12.33
2006-03-21,1.134,31.24,11.81,8.39,11.04
2006-03-22,0.896,18.38,11.87,2.81,3.69
2006-03-23,0.737,14.83,11.84,1.29,1.7
2006-03-24,0.621,13.73,11.57,0.94,1.23
2006-03-25,1.907,166.85,11.55,67.06,88.24
2006-03-26,1.413,68.99,11.93,24.64,32.42
2006-03-27,1.09,27.92,11.8,6.96,9.16
2006-03-28,1.066,24.4,11.79,5.44,7.16
2006-03-29,1.712,91.57,11.57,34.55,45.46
2006-03-30,1.434,42.56,11.9,13.24,17.42
2006-03-31,1.424,51.75,11.57,17.35,22.83
2006-04-01,1.666,46.67,11.84,15.04,19.79
2006-04-02,1.453,30.9,11.64,8.32,10.94
2006-04-03,2.222,53.02,11.63,17.87,23.52
2006-04-04,3.306,95.73,12.27,36.04,47.42
2006-04-05,2.996,48.96,11.86,16.02,21.08
2006-04-06,2.323,22.27,11.89,4.48,5.9
2006-04-07,1.825,18.05,11.83,2.69,3.54
2006-04-08,1.725,22.56,11.82,4.64,6.11
2006-04-09,1.374,16.33,11.88,1.92,2.53
2006-04-10,1.061,14.46,11.88,1.11,1.46
2006-04-11,1.169,38.38,11.45,11.63,15.3
2006-04-12,2.301,73.24,11.52,26.65,35.07
2006-04-13,2.386,47.71,11.9,15.46,20.35
2006-04-14,1.82,21.95,11.88,4.35,5.72
2006-04-15,1.381,15.84,11.9,1.7,2.24
2006-04-16,1.814,72.05,11.57,26.12,34.37
2006-04-17,1.617,38.63,11.9,11.54,15.18
2006-04-18,1.201,20.01,11.9,3.5,4.6
2006-04-19,0.89,15.4,11.9,1.51,1.99
2006-04-20,0.663,14.26,11.9,1.02,1.34
2006-04-21,0.494,13.99,11.9,0.9,1.18
2006-04-22,0.35,13.96,11.95,0.87,1.15
2006-04-23,0.28,13.8,11.8,0.86,1.13
2006-04-24,0.214,13.91,11.96,0.81,1.14
2006-04-25,0.156,13.49,11.88,0.47,1.13
2006-04-26,0.109,13.14,11.97,0.03,1.14
2006-04-27,0.074,13.06,11.93,0.0,1.12
2006-04-28,0.051,12.97,11.93,0.0,1.04
2006-04-29,0.035,12.81,11.94,0.0,0.87
2006-04-30,0.022,12.72,11.99,0.0,0.72
2006-05-01,0.012,12.67,12.06,0.0,0.61
2006-05-02,0.006,12.66,12.14,0.0,0.52
2006-05-03,0.002,12.6,12.16,0.0,0.44
2006-05-04,0.001,12.64,12.19,0.0,0.45
2006-05-05,0.0,12.7,12.34,0.0,0.35
2006-05-06,0.0,12.66,12.56,0.0,0.1
2006-05-07,0.0,12.58,12.56,0.0,0.02
2006-05-08,0.0,12.57,12.56,0.0,0.01
2006-05-09,0.0,12.56,12.56,0.0,0.0
2006-05-10,0.0,12.56,12.56,0.0,0.0
2006-05-11,0.0,12.56,12.56,0.0,0.0
2006-05-12,0.0,0.0,0.0,0.0,0.0
2006-05-13,0.0,0.0,0.0,0.0,0.0
2006-05-14,0.0,0.0,0.0,0.0,0.0
2006-05-15,0.0,0.0,0.0,0.0,0.0
2006-05-16,0.0,0.0,0.0,0.0,0.0
2006-05-17,0.0,0.0,0.0,0.0,0.0
2006-05-18,0.0,0.0,0.0,0.0,0.0
2006-05-19,0.0,0.0,0.0,0.0,0.0
2006-05-20,0.0,0.0,0.0,0.0,0.0
2006-05-21,0.254,183.17,10.6,73.09,99.48
2006-05-22,0.565,145.5,11.99,57.14,76.37
2006-05-23,0.287,75.52,12.07,27.22,36.23
2006-05-24,0.175,30.67,11.97,7.12,11.58
2006-05-25,0.122,15.89,11.92,0.11,3.87
2006-05-26,0.089,13.72,11.9,0.01,1.81
2006-05-27,0.066,13.13,11.86,0.0,1.26
2006-05-28,0.053,12.95,11.87,0.0,1.07
2006-05-29,0.04,12.82,11.9,0.0,0.92
2006-05-30,0.027,12.72,11.95,0.0,0.78
2006-05-31,0.017,12.71,12.04,0.0,0.67
2006-06-01,0.008,12.66,12.11,0.0,0.54
2006-06-02,0.003,12.62,12.25,0.0,0.37
2006-06-03,0.001,12.67,12.52,0.0,0.15
2006-06-04,0.0,12.6,12.56,0.0,0.04
2006-06-05,0.0,12.57,12.56,0.0,0.01
2006-06-06,0.0,12.56,12.56,0.0,0.0
2006-06-07,0.0,12.56,12.56,0.0,0.0
2006-06-08,0.0,12.56,12.56,0.0,0.0
2006-06-09,0.0,12.56,12.56,0.0,0.0
2006-06-10,0.0,0.0,0.0,0.0,0.0
2006-06-11,0.0,0.0,0.0,0.0,0.0
2006-06-12,0.0,0.0,0.0,0.0,0.0
2006-06-13,0.0,0.0,0.0,0.0,0.0
2006-06-14,0.0,0.0,0.0,0.0,0.0
2006-06-15,0.0,0.0,0.0,0.0,0.0
2006-06-16,0.0,0.0,0.0,0.0,0.0
2006-06-17,0.0,0.0,0.0,0.0,0.0
2006-06-18,0.0,0.0,0.0,0.0,0.0
2006-06-19,0.0,0.0,0.0,0.0,0.0
2006-06-20,0.0,0.0,0.0,0.0,0.0
2006-06-21,0.0,0.0,0.0,0.0,0.0
2006-06-22,0.0,0.0,0.0,0.0,0.0
2006-06-23,0.0,0.0,0.0,0.0,0.0
2006-06-24,0.0,0.0,0.0,0.0,0.0
2006-06-25,0.0,0.0,0.0,0.0,0.0
2006-06-26,0.0,0.0,0.0,0.0,0.0
2006-06-27,0.0,0.0,0.0,0.0,0.0
2006-06-28,0.0,0.0,0.0,0.0,0.0
2006-06-29,0.0,0.0,0.0,0.0,0.0
2006-06-30,0.0,0.0,0.0,0.0,0.0
2006-07-01,0.0,0.0,0.0,0.0,0.0
2006-07-02,0.0,0.0,0.0,0.0,0.0
2006-07-03,0.0,0.0,0.0,0.0,0.0
2006-07-04,0.0,0.0,0.0,0.0,0.0
2006-07-05,0.0,0.0,0.0,0.0,0.0
2006-07-06,0.0,0.0,0.0,0.0,0.0
2006-07-07,0.0,0.0,0.0,0.0,0.0
2006-07-08,0.0,0.0,0.0,0.0,0.0
2006-07-09,0.0,0.0,0.0,0.0,0.0
2006-07-10,0.0,0.0,0.0,0.0,0.0
2006-07-11,0.0,0.0,0.0,0.0,0.0
2006-07-12,0.0,0.0,0.0,0.0,0.0
2006-07-13,0.0,0.0,0.0,0.0,0.0
2006-07-14,0.0,0.0,0.0,0.0,0.0
2006-07-15,0.0,0.0,0.0,0.0,0.0
2006-07-16,0.0,0.0,0.0,0.0,0.0
2006-07-17,0.0,0.0,0.0,0.0,0.0
2006-07-18,0.0,0.0,0.0,0.0,0.0
2006-07-19,0.0,0.0,0.0,0.0,0.0
2006-07-20,0.0,0.0,0.0,0.0,0.0
2006-07-21,0.0,0.0,0.0,0.0,0.0
2006-07-22,0.0,0.0,0.0,0.0,0.0
2006-07-23,0.0,0.0,0.0,0.0,0.0
2006-07-24,0.0,0.0,0.0,0.0,0.0
2006-07-25,0.0,0.0,0.0,0.0,0.0
2006-07-26,0.0,0.0,0.0,0.0,0.0
2006-07-27,0.0,0.0,0.0,0.0,0.0
2006-07-28,0.0,0.0,0.0,0.0,0.0
2006-07-29,0.0,0.0,0.0,0.0,0.0
2006-07-30,0.0,0.0,0.0,0.0,0.0
2006-07-31,0.0,0.0,0.0,0.0,0.0
2006-08-01,0.0,0.0,0.0,0.0,0.0
2006-08-02,0.0,0.0,0.0,0.0,0.0
2006-08-03,0.0,0.0,0.0,0.0,0.0
2006-08-04,0.0,0.0,0.0,0.0,0.0
2006-08-05,0.0,0.0,0.0,0.0,0.0
2006-08-06,0.0,0.0,0.0,0.0,0.0
2006-08-07,0.0,0.0,0.0,0.0,0.0
2006-08-08,0.0,0.0,0.0,0.0,0.0
2006-08-09,0.0,0.0,0.0,0.0,0.0
2006-08-10,0.0,0.0,0.0,0.0,0.0
2006-08-11,0.0,0.0,0.0,0.0,0.0
2006-08-12,0.0,0.0,0.0,0.0,0.0
2006-08-13,0.0,0.0,0.0,0.0,0.0
2006-08-14,0.0,0.0,0.0,0.0,0.0
2006-08-15,0.0,0.0,0.0,0.0,0.0
2006-08-16,0.0,0.0,0.0,0.0,0.0
2006-08-17,0.0,0.0,0.0,0.0,0.0
2006-08-18,0.0,0.0,0.0,0.0,0.0
2006-08-19,0.0,0.0,0.0,0.0,0.0
2006-08-20,0.0,0.0,0.0,0.0,0.0
2006-08-21,0.0,0.0,0.0,0.0,0.0
2006-08-22,0.0,0.0,0.0,0.0,0.0
2006-08-23,0.0,0.0,0.0,0.0,0.0
2006-08-24,0.0,0.0,0.0,0.0,0.0
2006-08-25,0.0,0.0,0.0,0.0,0.0
2006-08-26,0.0,0.0,0.0,0.0,0.0
2006-08-27,0.0,0.0,0.0,0.0,0.0
2006-08-28,0.0,0.0,0.0,0.0,0.0
2006-08-29,0.0,0.0,0.0,0.0,0.0
2006-08-30,0.0,0.0,0.0,0.0,0.0
2006-08-31,0.0,0.0,0.0,0.0,0.0
2006-09-01,0.0,0.0,0.0,0.0,0.0
2006-09-02,0.0,0.0,0.0,0.0,0.0
2006-09-03,0.0,0.0,0.0,0.0,0.0
2006-09-04,0.0,0.0,0.0,0.0,0.0
2006-09-05,0.0,0.0,0.0,0.0,0.0
2006-09-06,0.0,0.0,0.0,0.0,0.0
2006-09-07,0.0,0.0,0.0,0.0,0.0
2006-09-08,0.0,0.0,0.0,0.0,0.0
2006-09-09,0.0,0.0,0.0,0.0,0.0
2006-09-10,0.0,0.0,0.0,0.0,0.0
2006-09-11,0.0,0.0,0.0,0.0,0.0
2006-09-12,0.0,0.0,0.0,0.0,0.0
2006-09-13,0.0,0.0,0.0,0.0,0.0
2006-09-14,0.0,0.0,0.0,0.0,0.0
2006-09-15,0.0,0.0,0.0,0.0,0.0
2006-09-16,0.0,0.0,0.0,0.0,0.0
2006-09-17,0.0,0.0,0.0,0.0,0.0
2006-09-18,0.0,0.0,0.0,0.0,0.0
2006-09-19,0.0,0.0,0.0,0.0,0.0
2006-09-20,0.0,0.0,0.0,0.0,0.0
2006-09-21,0.0,0.0,0.0,0.0,0.0
2006-09-22,0.0,0.0,0.0,0.0,0.0
2006-09-23,0.0,0.0,0.0,0.0,0.0
2006-09-24,0.0,0.0,0.0,0.0,0.0
2006-09-25,0.0,0.0,0.0,0.0,0.0
2006-09-26,0.0,0.0,0.0,0.0,0.0
2006-09-27,0.0,0.0,0.0,0.0,0.0
2006-09-28,0.0,0.0,0.0,0.0,0.0
2006-09-29,0.0,0.0,0.0,0.0,0.0
2006-09-30,0.0,0.0,0.0,0.0,0.0
2006-10-01,0.0,0.0,0.0,0.0,0.0
2006-10-02,0.0,0.0,0.0,0.0,0.0
2006-10-03,0.0,0.0,0.0,0.0,0.0
2006-10-04,0.0,0.0,0.0,0.0,0.0
2006-10-05,0.098,57.49,11.71,8.87,36.9
2006-10-06,0.032,42.88,12.55,0.0,30.33
2006-10-07,0.007,23.85,12.56,0.0,11.29
2006-10-08,0.001,15.53,12.56,0.0,2.97
2006-10-09,0.0,13.29,12.56,0.0,0.73
2006-10-10,0.0,12.73,12.54,0.0,0.18
2006-10-11,0.0,12.6,12.51,0.0,0.09
2006-10-12,0.0,12.56,12.44,0.0,0.11
2006-10-13,0.0,12.52,12.34,0.0,0.19
2006-10-14,0.0,12.56,12.28,0.0,0.28
2006-10-15,0.0,12.66,12.56,0.0,0.1
2006-10-16,0.0,0.0,0.0,0.0,0.0
2006-10-17,0.0,0.0,0.0,0.0,0.0
2006-10-18,0.0,0.0,0.0,0.0,0.0
2006-10-19,0.0,0.0,0.0,0.0,0.0
2006-10-20,0.0,0.0,0.0,0.0,0.0
2006-10-21,0.0,0.0,0.0,0.0,0.0
2006-10-22,0.0,0.0,0.0,0.0,0.0
2006-10-23,0.0,0.0,0.0,0.0,0.0
2006-10-24,0.0,0.0,0.0,0.0,0.0
2006-10-25,0.0,0.0,0.0,0.0,0.0
2006-10-26,0.0,0.0,0.0,0.0,0.0
2006-10-27,0.0,0.0,0.0,0.0,0.0
2006-10-28,0.0,0.0,0.0,0.0,0.0
2006-10-29,0.0,0.0,0.0,0.0,0.0
2006-10-30,0.0,0.0,0.0,0.0,0.0
2006-10-31,0.0,0.0,0.0,0.0,0.0
2006-11-01,0.0,0.0,0.0,0.0,0.0
2006-11-02,0.156,100.43,10.84,34.68,54.92
2006-11-03,0.161,89.17,12.42,25.48,51.27
2006-11-04,0.036,51.2,12.55,0.0,38.64
2006-11-05,0.007,27.43,12.55,0.0,14.89
2006-11-06,0.002,16.5,12.56,0.0,3.94
2006-11-07,0.0,13.5,12.54,0.0,0.96
2006-11-08,0.0,12.76,12.49,0.0,0.27
2006-11-09,0.0,12.53,12.3,0.0,0.23
2006-11-10,0.0,12.5,12.08,0.0,0.42
2006-11-11,0.161,99.83,11.4,30.23,58.19
2006-11-12,0.056,67.52,12.55,0.02,54.95
2006-11-13,0.119,98.45,10.1,33.99,54.36
2006-11-14,0.215,118.75,12.51,39.84,66.39
2006-11-15,0.045,66.6,12.55,0.0,54.04
2006-11-16,0.009,35.77,12.53,0.0,23.24
2006-11-17,0.002,18.03,12.41,0.0,5.63
2006-11-18,0.001,13.48,12.31,0.0,1.17
2006-11-19,0.0,12.8,12.45,0.0,0.35
2006-11-20,0.0,12.55,12.26,0.0,0.29
2006-11-21,0.0,12.45,11.99,0.0,0.46
2006-11-22,0.0,12.46,11.9,0.0,0.56
2006-11-23,0.0,12.43,11.86,0.0,0.58
2006-11-24,0.0,12.43,11.83,0.0,0.6
2006-11-25,0.0,12.42,11.82,0.0,0.6
2006-11-26,0.043,62.33,10.58,7.38,44.36
2006-11-27,0.109,42.97,11.93,0.59,30.45
2006-11-28,0.032,32.79,12.55,0.0,20.24
2006-11-29,0.007,19.93,12.55,0.0,7.38
2006-11-30,0.001,14.49,12.55,0.0,1.93
2006-12-01,0.0,13.01,12.52,0.0,0.48
2006-12-02,0.0,12.64,12.44,0.0,0.2
2006-12-03,0.0,12.53,12.26,0.0,0.27
2006-12-04,0.0,12.45,11.99,0.0,0.46
2006-12-05,0.0,12.43,11.86,0.0,0.57
2006-12-06,0.0,12.41,11.81,0.0,0.6
2006-12-07,0.0,12.42,11.81,0.0,0.61
2006-12-08,0.0,12.53,11.94,0.0,0.58
2006-12-09,0.146,99.19,10.45,35.72,53.01
2006-12-10,0.721,229.49,11.69,93.82,123.98
2006-12-11,0.236,221.43,12.49,84.42,124.52
2006-12-12,1.309,218.93,11.5,87.74,119.7
2006-12-13,0.416,199.72,12.51,79.79,107.42
2006-12-14,0.093,120.17,12.49,20.01,87.66
2006-12-15,0.024,58.03,12.38,0.0,45.64
2006-12-16,0.007,23.15,12.28,0.0,10.87
2006-12-17,0.003,13.8,11.84,0.0,1.96
2006-12-18,0.004,12.37,11.62,0.0,0.74
2006-12-19,0.004,12.56,11.92,0.0,0.64
2006-12-20,0.002,12.7,12.19,0.0,0.51
2006-12-21,0.17,135.7,10.47,54.07,71.15
2006-12-22,0.38,170.13,12.08,68.25,89.8
2006-12-23,0.096,120.17,12.53,23.04,84.61
2006-12-24,0.02,66.42,12.55,0.0,53.87
2006-12-25,0.005,25.41,12.29,0.0,13.11
2006-12-26,0.069,101.43,9.8,39.55,52.09
2006-12-27,0.403,178.3,11.83,71.88,94.58
2006-12-28,0.104,141.0,12.53,32.16,96.3
2006-12-29,0.027,64.89,12.34,0.0,52.54
2006-12-30,0.011,22.34,12.09,0.0,10.24
2006-12-31,0.006,13.47,11.94,0.0,1.53
2007-01-01,0.005,12.58,11.91,0.0,0.67
2007-01-02,0.003,12.57,11.99,0.0,0.58
2007-01-03,0.002,12.62,12.09,0.0,0.53
2007-01-04,0.001,12.62,12.26,0.0,0.36
2007-01-05,0.0,12.65,12.48,0.0,0.17
2007-01-06,0.0,12.53,12.31,0.0,0.22
2007-01-07,0.0,12.5,12.1,0.0,0.4
2007-01-08,0.0,12.5,11.99,0.0,0.51
2007-01-09,0.0,12.47,11.92,0.0,0.55
2007-01-10,0.0,12.53,11.95,0.0,0.57
2007-01-11,0.0,12.55,12.02,0.0,0.53
2007-01-12,0.0,12.66,12.18,0.0,0.48
2007-01-13,0.0,12.43,12.18,0.0,0.24
2007-01-14,0.0,12.48,11.85,0.0,0.63
2007-01-15,0.0,12.78,12.47,0.0,0.31
2007-01-16,0.0,12.66,12.56,0.0,0.1
2007-01-17,0.0,0.0,0.0,0.0,0.0
2007-01-18,0.0,0.0,0.0,0.0,0.0
2007-01-19,0.0,0.0,0.0,0.0,0.0
2007-01-20,0.0,0.0,0.0,0.0,0.0
2007-01-21,0.0,0.0,0.0,0.0,0.0
2007-01-22,0.0,0.0,0.0,0.0,0.0
2007-01-23,0.0,0.0,0.0,0.0,0.0
2007-01-24,0.0,0.0,0.0,0.0,0.0
2007-01-25,0.0,0.0,0.0,0.0,0.0
2007-01-26,0.0,0.0,0.0,0.0,0.0
2007-01-27,0.016,28.76,11.42,0.85,16.5
2007-01-28,0.084,38.18,11.67,0.77,25.75
2007-01-29,0.024,32.43,12.54,0.0,19.89
2007-01-30,0.005,18.71,12.46,0.0,6.25
2007-01-31,0.002,13.71,12.35,0.0,1.37
2007-02-01,0.0,12.9,12.55,0.0,0.35
2007-02-02,0.0,12.63,12.53,0.0,0.11
2007-02-03,0.0,12.57,12.47,0.0,0.11
2007-02-04,0.0,12.54,12.34,0.0,0.21
2007-02-05,0.0,12.5,12.12,0.0,0.38
2007-02-06,0.0,12.58,12.09,0.0,0.49
2007-02-07,0.015,25.35,6.92,0.76,17.66
2007-02-08,0.283,90.18,11.07,30.66,48.44
2007-02-09,0.589,93.35,11.81,34.88,46.66
2007-02-10,0.862,103.11,11.3,39.6,52.2
2007-02-11,0.707,155.85,12.43,61.92,81.5
2007-02-12,0.184,106.53,12.21,34.13,60.2
2007-02-13,0.103,45.63,11.9,0.6,33.13
2007-02-14,0.066,35.37,12.31,0.0,23.06
2007-02-15,0.029,18.95,12.01,0.0,6.94
2007-02-16,0.021,13.35,11.93,0.0,1.42
2007-02-17,0.01,12.7,12.03,0.0,0.67
2007-02-18,0.01,12.55,11.86,0.0,0.69
2007-02-19,0.006,12.48,11.9,0.0,0.57
2007-02-20,0.005,12.61,11.99,0.0,0.62
2007-02-21,0.003,12.56,12.02,0.0,0.53
2007-02-22,0.458,155.27,11.38,61.77,82.13
2007-02-23,0.174,135.19,12.53,45.11,77.54
2007-02-24,0.043,65.35,12.05,0.0,53.3
2007-02-25,0.141,47.04,11.19,9.85,26.01
2007-02-26,0.454,69.27,11.32,23.8,34.16
2007-02-27,0.499,80.74,11.86,29.54,39.34
2007-02-28,0.272,87.79,12.45,31.68,43.65
2007-03-01,0.08,39.76,12.26,0.08,27.42
2007-03-02,0.039,20.73,11.99,0.0,8.73
2007-03-03,0.028,13.73,11.88,0.0,1.86
2007-03-04,0.022,12.82,11.97,0.0,0.85
2007-03-05,0.012,12.45,11.83,0.0,0.62
2007-03-06,0.013,12.54,11.84,0.0,0.7
2007-03-07,0.008,12.54,11.94,0.0,0.6
2007-03-08,0.007,12.47,11.82,0.0,0.65
2007-03-09,0.005,12.63,12.04,0.0,0.6
2007-03-10,0.002,12.6,12.12,0.0,0.48
2007-03-11,0.001,12.72,12.55,0.0,0.17
2007-03-12,0.0,12.6,12.53,0.0,0.06
2007-03-13,0.0,12.57,12.49,0.0,0.08
2007-03-14,0.0,12.56,12.41,0.0,0.16
2007-03-15,0.0,12.6,12.38,0.0,0.22
2007-03-16,0.0,12.64,12.56,0.0,0.08
2007-03-17,0.0,12.58,12.56,0.0,0.02
2007-03-18,0.0,12.57,12.56,0.0,0.01
2007-03-19,0.0,0.0,0.0,0.0,0.0
2007-03-20,0.0,0.0,0.0,0.0,0.0
2007-03-21,0.0,0.0,0.0,0.0,0.0
2007-03-22,0.0,0.0,0.0,0.0,0.0
2007-03-23,0.0,0.0,0.0,0.0,0.0
2007-03-24,0.0,0.0,0.0,0.0,0.0
2007-03-25,0.0,0.0,0.0,0.0,0.0
2007-03-26,0.0,0.0,0.0,0.0,0.0
2007-03-27,0.0,0.0,0.0,0.0,0.0
2007-03-28,0.0,0.0,0.0,0.0,0.0
2007-03-29,0.0,0.0,0.0,0.0,0.0
2007-03-30,0.0,0.0,0.0,0.0,0.0
2007-03-31,0.0,0.0,0.0,0.0,0.0
2007-04-01,0.0,0.0,0.0,0.0,0.0
2007-04-02,0.0,0.0,0.0,0.0,0.0
2007-04-03,0.0,0.0,0.0,0.0,0.0
2007-04-04,0.0,0.0,0.0,0.0,0.0
2007-04-05,0.0,0.0,0.0,0.0,0.0
2007-04-06,0.0,0.0,0.0,0.0,0.0
2007-04-07,0.0,0.0,0.0,0.0,0.0
2007-04-08,0.0,0.0,0.0,0.0,0.0
2007-04-09,0.0,0.0,0.0,0.0,0.0
2007-04-10,0.0,0.0,0.0,0.0,0.0
2007-04-11,0.0,0.0,0.0,0.0,0.0
2007-04-12,0.0,0.0,0.0,0.0,0.0
2007-04-13,0.0,0.0,0.0,0.0,0.0
2007-04-14,0.19,168.31,11.93,67.53,88.85
2007-04-15,0.096,117.94,12.55,22.86,82.53
2007-04-16,0.02,64.95,12.55,0.0,52.4
2007-04-17,0.004,29.09,12.56,0.0,16.53
2007-04-18,0.001,16.75,12.55,0.0,4.19
2007-04-19,0.0,13.55,12.53,0.0,1.01
2007-04-20,0.178,57.14,11.48,12.14,33.52
2007-04-21,0.057,37.5,10.89,0.0,26.6
2007-04-22,0.53,142.47,11.66,56.32,74.49
2007-04-23,0.152,121.3,12.54,37.81,70.94
2007-04-24,0.032,65.81,12.53,0.0,53.28
2007-04-25,0.007,32.23,12.55,0.0,19.68
2007-04-26,0.001,17.63,12.54,0.0,5.09
2007-04-27,0.0,13.69,12.49,0.0,1.21
2007-04-28,0.0,12.74,12.35,0.0,0.39
2007-04-29,0.0,12.52,12.12,0.0,0.4
2007-04-30,0.0,12.49,11.98,0.0,0.51
2007-05-01,0.0,12.47,11.92,0.0,0.55
2007-05-02,0.042,39.03,11.39,0.11,27.53
2007-05-03,0.015,30.2,12.55,0.0,17.64
2007-05-04,0.005,15.91,12.02,0.0,3.89
2007-05-05,0.002,13.44,12.46,0.0,0.98
2007-05-06,0.0,12.81,12.55,0.0,0.25
2007-05-07,0.0,12.62,12.54,0.0,0.08
2007-05-08,0.0,12.57,12.48,0.0,0.09
2007-05-09,0.0,12.57,12.42,0.0,0.15
2007-05-10,0.0,12.57,12.36,0.0,0.21
2007-05-11,0.0,12.62,12.52,0.0,0.09
2007-05-12,0.0,12.59,12.56,0.0,0.03
2007-05-13,0.0,0.0,0.0,0.0,0.0
2007-05-14,0.0,0.0,0.0,0.0,0.0
2007-05-15,0.0,0.0,0.0,0.0,0.0
2007-05-16,0.0,0.0,0.0,0.0,0.0
2007-05-17,0.0,0.0,0.0,0.0,0.0
2007-05-18,0.0,0.0,0.0,0.0,0.0
2007-05-19,0.0,0.0,0.0,0.0,0.0
2007-05-20,0.0,0.0,0.0,0.0,0.0
2007-05-21,0.0,0.0,0.0,0.0,0.0
2007-05-22,0.0,0.0,0.0,0.0,0.0
2007-05-23,0.0,0.0,0.0,0.0,0.0
2007-05-24,0.0,0.0,0.0,0.0,0.0
2007-05-25,0.0,0.0,0.0,0.0,0.0
2007-05-26,0.0,0.0,0.0,0.0,0.0
2007-05-27,0.0,0.0,0.0,0.0,0.0
2007-05-28,0.0,0.0,0.0,0.0,0.0
2007-05-29,0.0,0.0,0.0,0.0,0.0
2007-05-30,0.0,0.0,0.0,0.0,0.0
2007-05-31,0.0,0.0,0.0,0.0,0.0
2007-06-01,0.0,0.0,0.0,0.0,0.0
2007-06-02,0.0,0.0,0.0,0.0,0.0
2007-06-03,0.0,0.0,0.0,0.0,0.0
2007-06-04,0.0,0.0,0.0,0.0,0.0
2007-06-05,0.0,0.0,0.0,0.0,0.0
2007-06-06,0.0,0.0,0.0,0.0,0.0
2007-06-07,0.0,0.0,0.0,0.0,0.0
2007-06-08,0.0,0.0,0.0,0.0,0.0
2007-06-09,0.0,0.0,0.0,0.0,0.0
2007-06-10,0.0,0.0,0.0,0.0,0.0
2007-06-11,0.0,0.0,0.0,0.0,0.0
2007-06-12,0.0,0.0,0.0,0.0,0.0
2007-06-13,0.0,0.0,0.0,0.0,0.0
2007-06-14,0.0,0.0,0.0,0.0,0.0
2007-06-15,0.0,0.0,0.0,0.0,0.0
2007-06-16,0.0,0.0,0.0,0.0,0.0
2007-06-17,0.0,0.0,0.0,0.0,0.0
2007-06-18,0.0,0.0,0.0,0.0,0.0
2007-06-19,0.0,0.0,0.0,0.0,0.0
2007-06-20,0.0,0.0,0.0,0.0,0.0
2007-06-21,0.0,0.0,0.0,0.0,0.0
2007-06-22,0.0,0.0,0.0,0.0,0.0
2007-06-23,0.0,0.0,0.0,0.0,0.0
2007-06-24,0.0,0.0,0.0,0.0,0.0
2007-06-25,0.0,0.0,0.0,0.0,0.0
2007-06-26,0.0,0.0,0.0,0.0,0.0
2007-06-27,0.0,0.0,0.0,0.0,0.0
2007-06-28,0.0,0.0,0.0,0.0,0.0
2007-06-29,0.0,0.0,0.0,0.0,0.0
2007-06-30,0.0,0.0,0.0,0.0,0.0
2007-07-01,0.0,0.0,0.0,0.0,0.0
2007-07-02,0.0,0.0,0.0,0.0,0.0
2007-07-03,0.0,0.0,0.0,0.0,0.0
2007-07-04,0.0,0.0,0.0,0.0,0.0
2007-07-05,0.0,0.0,0.0,0.0,0.0
2007-07-06,0.0,0.0,0.0,0.0,0.0
2007-07-07,0.0,0.0,0.0,0.0,0.0
2007-07-08,0.0,0.0,0.0,0.0,0.0
2007-07-09,0.0,0.0,0.0,0.0,0.0
2007-07-10,0.0,0.0,0.0,0.0,0.0
2007-07-11,0.0,0.0,0.0,0.0,0.0
2007-07-12,0.0,0.0,0.0,0.0,0.0
2007-07-13,0.0,0.0,0.0,0.0,0.0
2007-07-14,0.0,0.0,0.0,0.0,0.0
2007-07-15,0.0,0.0,0.0,0.0,0.0
2007-07-16,0.0,0.0,0.0,0.0,0.0
2007-07-17,0.0,0.0,0.0,0.0,0.0
2007-07-18,0.0,0.0,0.0,0.0,0.0
2007-07-19,0.0,0.0,0.0,0.0,0.0
2007-07-20,0.0,0.0,0.0,0.0,0.0
2007-07-21,0.0,0.0,0.0,0.0,0.0
2007-07-22,0.0,0.0,0.0,0.0,0.0
2007-07-23,0.0,0.0,0.0,0.0,0.0
2007-07-24,0.0,0.0,0.0,0.0,0.0
2007-07-25,0.0,0.0,0.0,0.0,0.0
2007-07-26,0.0,0.0,0.0,0.0,0.0
2007-07-27,0.0,0.0,0.0,0.0,0.0
2007-07-28,0.0,0.0,0.0,0.0,0.0
2007-07-29,0.0,0.0,0.0,0.0,0.0
2007-07-30,0.0,0.0,0.0,0.0,0.0
2007-07-31,0.0,0.0,0.0,0.0,0.0
2007-08-01,0.0,0.0,0.0,0.0,0.0
2007-08-02,0.0,0.0,0.0,0.0,0.0
2007-08-03,0.0,0.0,0.0,0.0,0.0
2007-08-04,0.0,0.0,0.0,0.0,0.0
2007-08-05,0.0,0.0,0.0,0.0,0.0
2007-08-06,0.0,0.0,0.0,0.0,0.0
2007-08-07,0.0,0.0,0.0,0.0,0.0
2007-08-08,0.0,0.0,0.0,0.0,0.0
2007-08-09,0.0,0.0,0.0,0.0,0.0
2007-08-10,0.0,0.0,0.0,0.0,0.0
2007-08-11,0.0,0.0,0.0,0.0,0.0
2007-08-12,0.0,0.0,0.0,0.0,0.0
2007-08-13,0.0,0.0,0.0,0.0,0.0
2007-08-14,0.0,0.0,0.0,0.0,0.0
2007-08-15,0.0,0.0,0.0,0.0,0.0
2007-08-16,0.0,0.0,0.0,0.0,0.0
2007-08-17,0.0,0.0,0.0,0.0,0.0
2007-08-18,0.0,0.0,0.0,0.0,0.0
2007-08-19,0.0,0.0,0.0,0.0,0.0
2007-08-20,0.0,0.0,0.0,0.0,0.0
2007-08-21,0.0,0.0,0.0,0.0,0.0
2007-08-22,0.0,0.0,0.0,0.0,0.0
2007-08-23,0.0,0.0,0.0,0.0,0.0
2007-08-24,0.0,0.0,0.0,0.0,0.0
2007-08-25,0.0,0.0,0.0,0.0,0.0
2007-08-26,0.0,0.0,0.0,0.0,0.0
2007-08-27,0.0,0.0,0.0,0.0,0.0
2007-08-28,0.0,0.0,0.0,0.0,0.0
2007-08-29,0.0,0.0,0.0,0.0,0.0
2007-08-30,0.0,0.0,0.0,0.0,0.0
2007-08-31,0.0,0.0,0.0,0.0,0.0
2007-09-01,0.0,0.0,0.0,0.0,0.0
2007-09-02,0.0,0.0,0.0,0.0,0.0
2007-09-03,0.0,0.0,0.0,0.0,0.0
2007-09-04,0.0,0.0,0.0,0.0,0.0
2007-09-05,0.0,0.0,0.0,0.0,0.0
2007-09-06,0.0,0.0,0.0,0.0,0.0
2007-09-07,0.0,0.0,0.0,0.0,0.0
2007-09-08,0.0,0.0,0.0,0.0,0.0
2007-09-09,0.0,0.0,0.0,0.0,0.0
2007-09-10,0.0,0.0,0.0,0.0,0.0
2007-09-11,0.0,0.0,0.0,0.0,0.0
2007-09-12,0.0,0.0,0.0,0.0,0.0
2007-09-13,0.0,0.0,0.0,0.0,0.0
2007-09-14,0.0,0.0,0.0,0.0,0.0
2007-09-15,0.0,0.0,0.0,0.0,0.0
2007-09-16,0.0,0.0,0.0,0.0,0.0
2007-09-17,0.0,0.0,0.0,0.0,0.0
2007-09-18,0.0,0.0,0.0,0.0,0.0
2007-09-19,0.0,0.0,0.0,0.0,0.0
2007-09-20,0.0,0.0,0.0,0.0,0.0
2007-09-21,0.0,0.0,0.0,0.0,0.0
2007-09-22,0.0,0.0,0.0,0.0,0.0
2007-09-23,0.0,0.0,0.0,0.0,0.0
2007-09-24,0.0,0.0,0.0,0.0,0.0
2007-09-25,0.0,0.0,0.0,0.0,0.0
2007-09-26,0.0,0.0,0.0,0.0,0.0
2007-09-27,0.0,0.0,0.0,0.0,0.0
2007-09-28,0.0,0.0,0.0,0.0,0.0
2007-09-29,0.0,0.0,0.0,0.0,0.0
2007-09-30,0.0,0.0,0.0,0.0,0.0
2007-10-01,0.0,0.0,0.0,0.0,0.0
2007-10-02,0.0,0.0,0.0,0.0,0.0
2007-10-03,0.0,0.0,0.0,0.0,0.0
2007-10-04,0.0,0.0,0.0,0.0,0.0
2007-10-05,0.0,0.0,0.0,0.0,0.0
2007-10-06,0.0,0.0,0.0,0.0,0.0
2007-10-07,0.0,0.0,0.0,0.0,0.0
2007-10-08,0.0,0.0,0.0,0.0,0.0
2007-10-09,0.021,349.63,11.76,145.9,191.98
2007-10-10,0.916,306.89,11.79,127.43,167.67
2007-10-11,0.211,262.87,12.56,98.69,151.62
2007-10-12,0.727,240.19,11.18,94.91,134.11
2007-10-13,0.541,252.72,12.39,102.66,137.67
2007-10-14,0.258,198.22,12.02,76.4,109.81
2007-10-15,0.054,108.84,12.54,0.01,96.3
2007-10-16,0.011,57.05,12.51,0.0,44.54
2007-10-17,0.059,45.14,11.36,0.76,33.03
2007-10-18,0.026,40.0,12.54,0.0,27.45
2007-10-19,0.006,21.59,12.51,0.0,9.08
2007-10-20,0.001,14.75,12.51,0.0,2.24
2007-10-21,0.0,12.98,12.4,0.0,0.58
2007-10-22,0.0,12.57,12.19,0.0,0.38
2007-10-23,0.0,12.48,12.0,0.0,0.48
2007-10-24,0.0,12.46,11.91,0.0,0.55
2007-10-25,0.0,12.45,11.88,0.0,0.58
2007-10-26,0.0,12.43,11.84,0.0,0.59
2007-10-27,0.0,12.45,11.86,0.0,0.59
2007-10-28,0.0,12.49,11.92,0.0,0.58
2007-10-29,0.0,12.45,11.87,0.0,0.57
2007-10-30,0.0,12.44,11.85,0.0,0.59
2007-10-31,0.0,12.46,11.87,0.0,0.59
2007-11-01,0.0,12.45,11.86,0.0,0.59
2007-11-02,0.0,12.49,11.92,0.0,0.58
2007-11-03,0.0,12.49,11.92,0.0,0.57
2007-11-04,0.0,12.56,12.01,0.0,0.54
2007-11-05,0.0,12.52,11.97,0.0,0.55
2007-11-06,0.0,12.53,12.0,0.0,0.53
2007-11-07,0.0,12.62,12.14,0.0,0.48
2007-11-08,0.0,12.72,12.56,0.0,0.16
2007-11-09,0.0,12.62,12.56,0.0,0.06
2007-11-10,0.0,0.0,0.0,0.0,0.0
2007-11-11,0.0,0.0,0.0,0.0,0.0
2007-11-12,0.0,0.0,0.0,0.0,0.0
2007-11-13,0.0,0.0,0.0,0.0,0.0
2007-11-14,0.499,397.39,11.88,166.47,219.04
2007-11-15,0.354,331.15,12.01,137.81,181.33
2007-11-16,0.098,219.46,12.55,46.75,160.16
2007-11-17,0.02,114.18,12.53,0.0,101.65
2007-11-18,0.005,41.58,12.48,0.0,29.1
2007-11-19,0.001,19.61,12.53,0.0,7.08
2007-11-20,0.0,14.04,12.44,0.0,1.6
2007-11-21,0.0,12.74,12.23,0.0,0.51
2007-11-22,0.0,12.49,12.01,0.0,0.48
2007-11-23,0.0,12.47,11.92,0.0,0.55
2007-11-24,0.0,12.44,11.86,0.0,0.58
2007-11-25,0.0,12.46,11.87,0.0,0.58
2007-11-26,0.0,12.43,11.83,0.0,0.59
2007-11-27,0.0,12.45,11.85,0.0,0.59
2007-11-28,0.0,12.46,11.87,0.0,0.59
2007-11-29,0.0,12.42,11.82,0.0,0.6
2007-11-30,0.0,12.46,11.87,0.0,0.59
2007-12-01,0.0,12.43,11.84,0.0,0.59
2007-12-02,0.0,12.48,11.89,0.0,0.59
2007-12-03,0.0,12.66,12.11,0.0,0.55
2007-12-04,0.0,12.16,11.63,0.0,0.53
2007-12-05,0.0,12.42,11.78,0.0,0.64
2007-12-06,0.061,51.66,8.18,14.93,28.54
2007-12-07,0.82,125.04,11.77,48.33,64.95
2007-12-08,0.311,151.01,12.07,59.71,79.22
2007-12-09,0.11,139.26,12.56,34.19,92.51
2007-12-10,0.024,71.51,12.46,0.0,59.05
2007-12-11,0.771,764.98,11.28,325.39,428.31
2007-12-12,0.371,628.46,12.55,265.94,349.98
2007-12-13,0.083,330.79,12.47,35.93,282.39
2007-12-14,0.024,137.96,12.26,0.0,125.71
2007-12-15,0.012,30.65,11.95,0.0,18.69
2007-12-16,0.009,14.13,11.99,0.0,2.14
2007-12-17,0.006,12.71,11.98,0.0,0.73
2007-12-18,0.003,12.16,11.63,0.0,0.53
2007-12-19,0.004,12.69,12.02,0.0,0.67
2007-12-20,0.001,12.21,11.92,0.0,0.29
2007-12-21,0.171,179.79,11.38,67.48,100.93
2007-12-22,0.693,799.05,11.48,335.94,451.63
2007-12-23,0.34,660.15,12.25,278.2,369.71
2007-12-24,0.594,324.2,11.59,130.3,182.31
2007-12-25,0.197,250.82,12.48,89.31,149.03
2007-12-26,0.055,106.91,12.34,0.0,94.57
2007-12-27,0.022,38.44,12.1,0.0,26.34
2007-12-28,0.011,15.99,11.87,0.0,4.12
2007-12-29,0.011,12.54,11.65,0.0,0.89
2007-12-30,0.014,12.46,11.73,0.0,0.73
2007-12-31,0.012,12.76,12.1,0.0,0.67
2008-01-01,0.003,12.61,12.35,0.0,0.25
2008-01-02,0.003,12.39,11.76,0.0,0.63
2008-01-03,0.022,23.28,9.98,0.06,13.23
2008-01-04,2.578,420.1,12.67,175.76,231.67
2008-01-05,1.722,343.74,12.08,143.16,188.49
2008-01-06,0.811,204.09,12.31,82.8,108.99
2008-01-07,0.429,92.86,11.97,34.92,45.97
2008-01-08,0.449,76.49,11.5,28.06,36.93
2008-01-09,0.385,65.16,12.08,22.92,30.16
2008-01-10,0.349,35.66,11.7,10.35,13.61
2008-01-11,0.267,23.65,11.95,5.05,6.65
2008-01-12,0.206,16.11,11.84,1.85,2.43
2008-01-13,0.177,14.11,11.83,0.87,1.41
2008-01-14,0.154,13.36,11.82,0.34,1.19
2008-01-15,0.137,13.04,11.81,0.08,1.15
2008-01-16,0.117,13.06,11.89,0.03,1.14
2008-01-17,0.091,12.93,11.8,0.01,1.13
2008-01-18,0.089,12.93,11.78,0.01,1.14
2008-01-19,0.082,12.94,11.79,0.0,1.14
2008-01-20,0.074,12.97,11.84,0.0,1.13
2008-01-21,0.134,34.56,10.63,9.28,14.65
2008-01-22,0.337,54.05,11.7,17.91,24.44
2008-01-23,0.622,91.16,11.67,34.29,45.2
2008-01-24,0.441,61.78,11.91,21.52,28.34
2008-01-25,1.11,122.67,10.98,48.23,63.46
2008-01-26,1.357,110.93,11.97,42.73,56.23
2008-01-27,1.717,116.36,11.75,45.17,59.44
2008-01-28,1.363,58.54,11.91,20.13,26.49
2008-01-29,0.98,26.21,11.87,6.19,8.14
2008-01-30,0.895,19.56,11.8,3.35,4.41
2008-01-31,0.924,30.79,11.54,8.31,10.94
2008-02-01,1.154,60.59,11.84,21.05,27.7
2008-02-02,1.032,39.71,11.54,12.16,16.0
2008-02-03,1.396,43.62,11.84,13.72,18.06
2008-02-04,1.056,23.09,11.89,4.83,6.36
2008-02-05,0.856,15.9,11.83,1.75,2.31
2008-02-06,0.733,14.27,11.83,1.05,1.38
2008-02-07,0.628,13.92,11.83,0.9,1.19
2008-02-08,0.538,13.85,11.83,0.87,1.15
2008-02-09,0.45,13.85,11.85,0.87,1.14
2008-02-10,0.379,13.83,11.83,0.86,1.14
2008-02-11,0.323,13.84,11.84,0.86,1.14
2008-02-12,0.271,13.84,11.85,0.86,1.14
2008-02-13,0.221,13.9,11.9,0.87,1.14
2008-02-14,0.149,13.57,11.9,0.55,1.13
2008-02-15,0.138,13.03,11.78,0.12,1.13
2008-02-16,0.126,13.0,11.82,0.04,1.14
2008-02-17,0.11,12.98,11.83,0.02,1.14
2008-02-18,0.093,12.99,11.85,0.01,1.14
2008-02-19,0.181,115.25,10.06,45.21,59.99
2008-02-20,0.709,173.42,11.87,69.74,91.81
2008-02-21,0.503,84.65,11.84,31.44,41.38
2008-02-22,0.509,45.92,11.76,14.75,19.41
2008-02-23,0.462,36.35,11.62,10.68,14.05
2008-02-24,1.078,70.83,11.51,25.61,33.7
2008-02-25,0.859,42.85,11.99,13.32,17.53
2008-02-26,0.611,21.26,11.88,4.05,5.33
2008-02-27,0.496,15.5,11.85,1.58,2.07
2008-02-28,0.412,14.21,11.85,1.02,1.34
2008-02-29,0.346,13.92,11.84,0.9,1.18
2008-03-01,0.279,13.9,11.89,0.87,1.15
2008-03-02,0.217,13.87,11.87,0.86,1.14
2008-03-03,0.178,13.63,11.83,0.66,1.13
2008-03-04,0.153,13.29,11.83,0.32,1.14
2008-03-05,0.127,13.05,11.85,0.06,1.14
2008-03-06,0.107,12.97,11.82,0.02,1.13
2008-03-07,0.089,13.05,11.9,0.01,1.14
2008-03-08,0.068,12.99,11.87,0.0,1.12
2008-03-09,0.054,12.91,11.86,0.0,1.05
2008-03-10,0.043,12.82,11.88,0.0,0.95
2008-03-11,0.034,12.7,11.86,0.0,0.84
2008-03-12,0.026,12.79,12.01,0.0,0.78
2008-03-13,0.014,12.44,11.83,0.0,0.61
2008-03-14,0.013,12.61,11.93,0.0,0.69
2008-03-15,0.006,12.38,11.85,0.0,0.53
2008-03-16,0.008,12.62,11.93,0.0,0.69
2008-03-17,0.003,12.64,12.23,0.0,0.42
2008-03-18,0.001,12.68,12.46,0.0,0.22
2008-03-19,0.0,12.63,12.56,0.0,0.07
2008-03-20,0.0,12.58,12.56,0.0,0.02
2008-03-21,0.0,12.56,12.56,0.0,0.0
2008-03-22,0.0,12.56,12.56,0.0,0.0
2008-03-23,0.0,12.56,12.56,0.0,0.0
2008-03-24,0.0,12.56,12.56,0.0,0.0
2008-03-25,0.0,0.0,0.0,0.0,0.0
2008-03-26,0.0,0.0,0.0,0.0,0.0
2008-03-27,0.0,0.0,0.0,0.0,0.0
2008-03-28,0.0,0.0,0.0,0.0,0.0
2008-03-29,0.0,0.0,0.0,0.0,0.0
2008-03-30,0.0,0.0,0.0,0.0,0.0
2008-03-31,0.0,0.0,0.0,0.0,0.0
2008-04-01,0.0,0.0,0.0,0.0,0.0
2008-04-02,0.0,0.0,0.0,0.0,0.0
2008-04-03,0.0,0.0,0.0,0.0,0.0
2008-04-04,0.0,0.0,0.0,0.0,0.0
2008-04-05,0.0,0.0,0.0,0.0,0.0
2008-04-06,0.0,0.0,0.0,0.0,0.0
2008-04-07,0.0,0.0,0.0,0.0,0.0
2008-04-08,0.0,0.0,0.0,0.0,0.0
2008-04-09,0.0,0.0,0.0,0.0,0.0
2008-04-10,0.0,0.0,0.0,0.0,0.0
2008-04-11,0.0,0.0,0.0,0.0,0.0
2008-04-12,0.0,0.0,0.0,0.0,0.0
2008-04-13,0.0,0.0,0.0,0.0,0.0
2008-04-14,0.0,0.0,0.0,0.0,0.0
2008-04-15,0.0,0.0,0.0,0.0,0.0
2008-04-16,0.0,0.0,0.0,0.0,0.0
2008-04-17,0.0,0.0,0.0,0.0,0.0
2008-04-18,0.0,0.0,0.0,0.0,0.0
2008-04-19,0.0,0.0,0.0,0.0,0.0
2008-04-20,0.0,0.0,0.0,0.0,0.0
2008-04-21,0.0,0.0,0.0,0.0,0.0
2008-04-22,0.0,0.0,0.0,0.0,0.0
2008-04-23,0.0,0.0,0.0,0.0,0.0
2008-04-24,0.0,0.0,0.0,0.0,0.0
2008-04-25,0.0,0.0,0.0,0.0,0.0
2008-04-26,0.0,0.0,0.0,0.0,0.0
2008-04-27,0.0,0.0,0.0,0.0,0.0
2008-04-28,0.0,0.0,0.0,0.0,0.0
2008-04-29,0.0,0.0,0.0,0.0,0.0
2008-04-30,0.0,0.0,0.0,0.0,0.0
2008-05-01,0.0,0.0,0.0,0.0,0.0
2008-05-02,0.0,0.0,0.0,0.0,0.0
2008-05-03,0.0,0.0,0.0,0.0,0.0
2008-05-04,0.0,0.0,0.0,0.0,0.0
2008-05-05,0.0,0.0,0.0,0.0,0.0
2008-05-06,0.0,0.0,0.0,0.0,0.0
2008-05-07,0.0,0.0,0.0,0.0,0.0
2008-05-08,0.0,0.0,0.0,0.0,0.0
2008-05-09,0.0,0.0,0.0,0.0,0.0
2008-05-10,0.0,0.0,0.0,0.0,0.0
2008-05-11,0.0,0.0,0.0,0.0,0.0
2008-05-12,0.0,0.0,0.0,0.0,0.0
2008-05-13,0.0,0.0,0.0,0.0,0.0
2008-05-14,0.0,0.0,0.0,0.0,0.0
2008-05-15,0.0,0.0,0.0,0.0,0.0
2008-05-16,0.0,0.0,0.0,0.0,0.0
2008-05-17,0.0,0.0,0.0,0.0,0.0
2008-05-18,0.0,0.0,0.0,0.0,0.0
2008-05-19,0.0,0.0,0.0,0.0,0.0
2008-05-20,0.0,0.0,0.0,0.0,0.0
2008-05-21,0.0,0.0,0.0,0.0,0.0
2008-05-22,0.0,0.0,0.0,0.0,0.0
2008-05-23,0.0,0.0,0.0,0.0,0.0
2008-05-24,0.0,0.0,0.0,0.0,0.0
2008-05-25,0.0,0.0,0.0,0.0,0.0
2008-05-26,0.0,0.0,0.0,0.0,0.0
2008-05-27,0.0,0.0,0.0,0.0,0.0
2008-05-28,0.0,0.0,0.0,0.0,0.0
2008-05-29,0.0,0.0,0.0,0.0,0.0
2008-05-30,0.0,0.0,0.0,0.0,0.0
2008-05-31,0.0,0.0,0.0,0.0,0.0
2008-06-01,0.0,0.0,0.0,0.0,0.0
2008-06-02,0.0,0.0,0.0,0.0,0.0
2008-06-03,0.0,0.0,0.0,0.0,0.0
2008-06-04,0.0,0.0,0.0,0.0,0.0
2008-06-05,0.0,0.0,0.0,0.0,0.0
2008-06-06,0.0,0.0,0.0,0.0,0.0
2008-06-07,0.0,0.0,0.0,0.0,0.0
2008-06-08,0.0,0.0,0.0,0.0,0.0
2008-06-09,0.0,0.0,0.0,0.0,0.0
2008-06-10,0.0,0.0,0.0,0.0,0.0
2008-06-11,0.0,0.0,0.0,0.0,0.0
2008-06-12,0.0,0.0,0.0,0.0,0.0
2008-06-13,0.0,0.0,0.0,0.0,0.0
2008-06-14,0.0,0.0,0.0,0.0,0.0
2008-06-15,0.0,0.0,0.0,0.0,0.0
2008-06-16,0.0,0.0,0.0,0.0,0.0
2008-06-17,0.0,0.0,0.0,0.0,0.0
2008-06-18,0.0,0.0,0.0,0.0,0.0
2008-06-19,0.0,0.0,0.0,0.0,0.0
2008-06-20,0.0,0.0,0.0,0.0,0.0
2008-06-21,0.0,0.0,0.0,0.0,0.0
2008-06-22,0.0,0.0,0.0,0.0,0.0
2008-06-23,0.0,0.0,0.0,0.0,0.0
2008-06-24,0.0,0.0,0.0,0.0,0.0
2008-06-25,0.0,0.0,0.0,0.0,0.0
2008-06-26,0.0,0.0,0.0,0.0,0.0
2008-06-27,0.0,0.0,0.0,0.0,0.0
2008-06-28,0.0,0.0,0.0,0.0,0.0
2008-06-29,0.0,0.0,0.0,0.0,0.0
2008-06-30,0.0,0.0,0.0,0.0,0.0
2008-07-01,0.0,0.0,0.0,0.0,0.0
2008-07-02,0.0,0.0,0.0,0.0,0.0
2008-07-03,0.0,0.0,0.0,0.0,0.0
2008-07-04,0.0,0.0,0.0,0.0,0.0
2008-07-05,0.0,0.0,0.0,0.0,0.0
2008-07-06,0.0,0.0,0.0,0.0,0.0
2008-07-07,0.0,0.0,0.0,0.0,0.0
2008-07-08,0.0,0.0,0.0,0.0,0.0
2008-07-09,0.0,0.0,0.0,0.0,0.0
2008-07-10,0.0,0.0,0.0,0.0,0.0
2008-07-11,0.0,0.0,0.0,0.0,0.0
2008-07-12,0.0,0.0,0.0,0.0,0.0
2008-07-13,0.0,0.0,0.0,0.0,0.0
2008-07-14,0.0,0.0,0.0,0.0,0.0
2008-07-15,0.0,0.0,0.0,0.0,0.0
2008-07-16,0.0,0.0,0.0,0.0,0.0
2008-07-17,0.0,0.0,0.0,0.0,0.0
2008-07-18,0.0,0.0,0.0,0.0,0.0
2008-07-19,0.0,0.0,0.0,0.0,0.0
2008-07-20,0.0,0.0,0.0,0.0,0.0
2008-07-21,0.0,0.0,0.0,0.0,0.0
2008-07-22,0.0,0.0,0.0,0.0,0.0
2008-07-23,0.0,0.0,0.0,0.0,0.0
2008-07-24,0.0,0.0,0.0,0.0,0.0
2008-07-25,0.0,0.0,0.0,0.0,0.0
2008-07-26,0.0,0.0,0.0,0.0,0.0
2008-07-27,0.0,0.0,0.0,0.0,0.0
2008-07-28,0.0,0.0,0.0,0.0,0.0
2008-07-29,0.0,0.0,0.0,0.0,0.0
2008-07-30,0.0,0.0,0.0,0.0,0.0
2008-07-31,0.0,0.0,0.0,0.0,0.0
2008-08-01,0.0,0.0,0.0,0.0,0.0
2008-08-02,0.0,0.0,0.0,0.0,0.0
2008-08-03,0.0,0.0,0.0,0.0,0.0
2008-08-04,0.0,0.0,0.0,0.0,0.0
2008-08-05,0.0,0.0,0.0,0.0,0.0
2008-08-06,0.0,0.0,0.0,0.0,0.0
2008-08-07,0.0,0.0,0.0,0.0,0.0
2008-08-08,0.0,0.0,0.0,0.0,0.0
2008-08-09,0.0,0.0,0.0,0.0,0.0
2008-08-10,0.0,0.0,0.0,0.0,0.0
2008-08-11,0.0,0.0,0.0,0.0,0.0
2008-08-12,0.0,0.0,0.0,0.0,0.0
2008-08-13,0.0,0.0,0.0,0.0,0.0
2008-08-14,0.0,0.0,0.0,0.0,0.0
2008-08-15,0.0,0.0,0.0,0.0,0.0
2008-08-16,0.0,0.0,0.0,0.0,0.0
2008-08-17,0.0,0.0,0.0,0.0,0.0
2008-08-18,0.0,0.0,0.0,0.0,0.0
2008-08-19,0.0,0.0,0.0,0.0,0.0
2008-08-20,0.0,0.0,0.0,0.0,0.0
2008-08-21,0.0,0.0,0.0,0.0,0.0
2008-08-22,0.0,0.0,0.0,0.0,0.0
2008-08-23,0.0,0.0,0.0,0.0,0.0
2008-08-24,0.0,0.0,0.0,0.0,0.0
2008-08-25,0.0,0.0,0.0,0.0,0.0
2008-08-26,0.0,0.0,0.0,0.0,0.0
2008-08-27,0.0,0.0,0.0,0.0,0.0
2008-08-28,0.0,0.0,0.0,0.0,0.0
2008-08-29,0.0,0.0,0.0,0.0,0.0
2008-08-30,0.0,0.0,0.0,0.0,0.0
2008-08-31,0.0,0.0,0.0,0.0,0.0
2008-09-01,0.0,0.0,0.0,0.0,0.0
2008-09-02,0.0,0.0,0.0,0.0,0.0
2008-09-03,0.0,0.0,0.0,0.0,0.0
2008-09-04,0.0,0.0,0.0,0.0,0.0
2008-09-05,0.0,0.0,0.0,0.0,0.0
2008-09-06,0.0,0.0,0.0,0.0,0.0
2008-09-07,0.0,0.0,0.0,0.0,0.0
2008-09-08,0.0,0.0,0.0,0.0,0.0
2008-09-09,0.0,0.0,0.0,0.0,0.0
2008-09-10,0.0,0.0,0.0,0.0,0.0
2008-09-11,0.0,0.0,0.0,0.0,0.0
2008-09-12,0.0,0.0,0.0,0.0,0.0
2008-09-13,0.0,0.0,0.0,0.0,0.0
2008-09-14,0.0,0.0,0.0,0.0,0.0
2008-09-15,0.0,0.0,0.0,0.0,0.0
2008-09-16,0.0,0.0,0.0,0.0,0.0
2008-09-17,0.0,0.0,0.0,0.0,0.0
2008-09-18,0.0,0.0,0.0,0.0,0.0
2008-09-19,0.0,0.0,0.0,0.0,0.0
2008-09-20,0.0,0.0,0.0,0.0,0.0
2008-09-21,0.0,0.0,0.0,0.0,0.0
2008-09-22,0.0,0.0,0.0,0.0,0.0
2008-09-23,0.0,0.0,0.0,0.0,0.0
2008-09-24,0.0,0.0,0.0,0.0,0.0
2008-09-25,0.0,0.0,0.0,0.0,0.0
2008-09-26,0.0,0.0,0.0,0.0,0.0
2008-09-27,0.0,0.0,0.0,0.0,0.0
2008-09-28,0.0,0.0,0.0,0.0,0.0
2008-09-29,0.0,0.0,0.0,0.0,0.0
2008-09-30,0.0,0.0,0.0,0.0,0.0
2008-10-01,0.0,0.0,0.0,0.0,0.0
2008-10-02,0.0,0.0,0.0,0.0,0.0
2008-10-03,0.0,0.0,0.0,0.0,0.0
2008-10-04,0.284,424.74,12.49,178.02,234.23
2008-10-05,0.082,257.71,12.56,33.53,211.62
2008-10-06,0.017,138.36,12.56,0.0,125.8
2008-10-07,0.003,50.65,12.56,0.0,38.09
2008-10-08,0.001,22.1,12.55,0.0,9.54
2008-10-09,0.0,14.81,12.54,0.0,2.27
2008-10-10,0.0,13.04,12.48,0.0,0.56
2008-10-11,0.0,12.58,12.27,0.0,0.31
2008-10-12,0.0,12.5,12.07,0.0,0.43
2008-10-13,0.0,12.45,11.92,0.0,0.53
2008-10-14,0.0,12.42,11.83,0.0,0.59
2008-10-15,0.0,12.47,11.87,0.0,0.6
2008-10-16,0.0,12.48,11.92,0.0,0.57
2008-10-17,0.0,12.55,11.98,0.0,0.57
2008-10-18,0.0,12.48,12.04,0.0,0.43
2008-10-19,0.0,12.46,11.87,0.0,0.58
2008-10-20,0.0,12.52,12.05,0.0,0.46
2008-10-21,0.0,12.75,12.56,0.0,0.19
2008-10-22,0.0,0.0,0.0,0.0,0.0
2008-10-23,0.0,0.0,0.0,0.0,0.0
2008-10-24,0.0,0.0,0.0,0.0,0.0
2008-10-25,0.0,0.0,0.0,0.0,0.0
2008-10-26,0.0,0.0,0.0,0.0,0.0
2008-10-27,0.0,0.0,0.0,0.0,0.0
2008-10-28,0.0,0.0,0.0,0.0,0.0
2008-10-29,0.0,0.0,0.0,0.0,0.0
2008-10-30,0.0,0.0,0.0,0.0,0.0
2008-10-31,0.0,0.0,0.0,0.0,0.0
2008-11-01,0.985,300.06,11.04,124.16,164.86
2008-11-02,0.737,315.4,12.43,130.5,172.47
2008-11-03,0.614,158.79,11.63,63.48,83.69
2008-11-04,0.377,136.37,12.27,53.57,70.53
2008-11-05,0.11,88.69,12.55,20.37,55.77
2008-11-06,0.023,50.15,12.53,0.0,37.62
2008-11-07,0.006,21.57,12.3,0.0,9.27
2008-11-08,0.002,14.18,12.32,0.0,1.86
2008-11-09,0.001,12.91,12.41,0.0,0.51
2008-11-10,0.0,12.55,12.19,0.0,0.37
2008-11-11,0.0,12.47,11.98,0.0,0.49
2008-11-12,0.0,12.45,11.89,0.0,0.56
2008-11-13,0.0,12.45,11.87,0.0,0.58
2008-11-14,0.0,12.48,11.9,0.0,0.58
2008-11-15,0.0,12.45,11.88,0.0,0.57
2008-11-16,0.0,12.44,11.85,0.0,0.59
2008-11-17,0.0,12.45,11.86,0.0,0.59
2008-11-18,0.0,12.45,11.86,0.0,0.59
2008-11-19,0.0,12.45,11.86,0.0,0.59
2008-11-20,0.0,12.45,11.86,0.0,0.59
2008-11-21,0.0,12.45,11.87,0.0,0.59
2008-11-22,0.0,12.45,11.86,0.0,0.59
2008-11-23,0.0,12.45,11.86,0.0,0.59
2008-11-24,0.0,12.48,11.9,0.0,0.58
2008-11-25,0.0,12.51,11.95,0.0,0.56
2008-11-26,0.046,33.68,10.82,0.6,22.26
2008-11-27,0.043,34.93,12.56,0.0,22.38
2008-11-28,0.009,21.87,12.54,0.0,9.33
2008-11-29,0.002,14.85,12.47,0.0,2.38
2008-11-30,0.001,12.99,12.35,0.0,0.64
2008-12-01,0.0,12.72,12.53,0.0,0.19
2008-12-02,0.0,12.58,12.46,0.0,0.12
2008-12-03,0.0,12.52,12.29,0.0,0.24
2008-12-04,0.0,12.49,12.07,0.0,0.42
2008-12-05,0.0,12.55,12.04,0.0,0.51
2008-12-06,0.0,12.51,12.0,0.0,0.51
2008-12-07,0.0,12.49,11.93,0.0,0.55
2008-12-08,0.0,12.53,11.98,0.0,0.55
2008-12-09,0.0,12.64,12.12,0.0,0.52
2008-12-10,0.0,12.69,12.47,0.0,0.22
2008-12-11,0.0,12.66,12.56,0.0,0.1
2008-12-12,0.0,0.0,0.0,0.0,0.0
2008-12-13,0.0,0.0,0.0,0.0,0.0
2008-12-14,0.102,118.01,10.19,46.27,61.54
2008-12-15,0.334,90.6,11.92,33.87,44.81
2008-12-16,0.272,84.33,11.86,31.27,41.2
2008-12-17,0.087,65.36,12.54,8.76,44.06
2008-12-18,0.019,37.86,12.51,0.0,25.35
2008-12-19,0.233,150.38,11.46,59.82,79.1
2008-12-20,0.074,91.88,12.54,4.49,74.85
2008-12-21,0.144,59.08,10.84,12.35,35.89
2008-12-22,0.172,52.78,12.4,11.59,28.78
2008-12-23,0.098,56.61,11.91,6.92,37.78
2008-12-24,0.192,53.88,11.34,14.76,27.78
2008-12-25,0.544,103.5,11.66,39.0,52.84
2008-12-26,0.154,88.9,12.53,26.43,49.93
2008-12-27,0.037,46.51,12.42,0.0,34.1
2008-12-28,0.012,21.61,12.2,0.0,9.41
2008-12-29,0.007,13.31,11.84,0.0,1.46
2008-12-30,0.006,12.55,11.87,0.0,0.68
2008-12-31,0.004,12.5,11.89,0.0,0.61
2009-01-01,0.003,12.65,12.08,0.0,0.57
2009-01-02,0.002,12.36,11.85,0.0,0.51
2009-01-03,0.001,12.4,11.8,0.0,0.61
2009-01-04,0.001,12.51,11.89,0.0,0.62
2009-01-05,0.0,12.73,12.35,0.0,0.37
2009-01-06,0.001,12.31,11.62,0.0,0.69
2009-01-07,0.0,12.66,12.14,0.0,0.53
2009-01-08,0.0,12.69,12.47,0.0,0.22
2009-01-09,0.0,12.56,12.33,0.0,0.23
2009-01-10,0.0,12.53,12.16,0.0,0.37
2009-01-11,0.0,12.45,11.94,0.0,0.51
2009-01-12,0.0,12.55,12.01,0.0,0.54
2009-01-13,0.0,12.47,11.93,0.0,0.54
2009-01-14,0.0,12.44,11.85,0.0,0.58
2009-01-15,0.0,12.57,12.0,0.0,0.57
2009-01-16,0.0,12.56,12.07,0.0,0.49
2009-01-17,0.0,12.57,12.05,0.0,0.52
2009-01-18,0.0,12.64,12.22,0.0,0.43
2009-01-19,0.0,12.71,12.56,0.0,0.15
2009-01-20,0.0,0.0,0.0,0.0,0.0
2009-01-21,0.012,14.69,3.54,3.13,8.02
2009-01-22,0.864,167.84,11.6,67.21,89.04
2009-01-23,0.399,120.7,12.02,46.83,61.86
2009-01-24,0.156,73.81,12.54,21.6,39.68
2009-01-25,0.036,40.67,12.41,0.0,28.25
2009-01-26,0.013,18.84,12.12,0.0,6.72
2009-01-27,0.008,13.12,11.92,0.0,1.2
2009-01-28,0.006,12.54,11.88,0.0,0.66
2009-01-29,0.004,12.65,12.06,0.0,0.59
2009-01-30,0.002,12.6,12.2,0.0,0.41
2009-01-31,0.0,12.68,12.5,0.0,0.19
2009-02-01,0.0,12.56,12.37,0.0,0.19
2009-02-02,0.0,12.51,12.16,0.0,0.35
2009-02-03,0.0,12.47,11.98,0.0,0.49
2009-02-04,0.0,12.46,11.9,0.0,0.56
2009-02-05,0.0,12.42,11.83,0.0,0.59
2009-02-06,0.129,67.16,10.89,17.46,38.81
2009-02-07,0.121,58.68,12.47,8.76,37.45
2009-02-08,0.047,50.55,10.98,5.69,33.87
2009-02-09,0.073,58.82,12.34,0.14,46.33
2009-02-10,0.02,35.7,12.49,0.0,23.22
2009-02-11,0.172,141.84,10.8,55.61,75.43
2009-02-12,0.192,123.44,12.41,42.46,68.58
2009-02-13,0.539,147.93,11.14,57.13,79.65
2009-02-14,0.448,119.46,12.37,45.82,61.27
2009-02-15,0.888,129.53,10.91,51.18,67.43
2009-02-16,1.582,166.46,11.89,66.74,87.82
2009-02-17,1.872,151.93,11.62,60.59,79.72
2009-02-18,1.017,128.43,12.33,50.13,65.97
2009-02-19,0.419,64.42,12.08,22.6,29.74
2009-02-20,0.27,28.14,11.9,7.01,9.23
2009-02-21,0.219,17.05,11.85,2.24,2.95
2009-02-22,1.035,114.64,11.03,44.74,58.87
2009-02-23,1.214,97.69,11.93,37.03,48.72
2009-02-24,1.11,86.48,11.97,32.17,42.34
2009-02-25,0.663,37.16,11.92,10.9,14.34
2009-02-26,0.534,19.54,11.83,3.33,4.38
2009-02-27,0.448,15.23,11.84,1.46,1.93
2009-02-28,0.367,14.18,11.87,1.0,1.31
2009-03-01,0.473,32.36,11.5,9.01,11.86
2009-03-02,1.036,76.13,11.48,27.92,36.73
2009-03-03,1.494,84.54,11.56,31.51,41.46
2009-03-04,1.322,55.89,12.02,18.95,24.93
2009-03-05,1.474,61.25,11.68,21.4,28.16
2009-03-06,1.077,30.37,11.9,7.97,10.49
2009-03-07,0.86,17.6,11.85,2.48,3.27
2009-03-08,0.719,14.66,11.85,1.22,1.6
2009-03-09,0.591,14.03,11.85,0.94,1.24
2009-03-10,0.497,13.87,11.83,0.88,1.16
2009-03-11,0.421,13.85,11.84,0.87,1.14
2009-03-12,0.354,13.84,11.84,0.86,1.14
2009-03-13,0.292,13.85,11.85,0.86,1.14
2009-03-14,0.238,13.86,11.86,0.86,1.14
2009-03-15,0.216,13.75,11.76,0.86,1.13
2009-03-16,0.2,13.81,11.81,0.86,1.14
2009-03-17,0.161,13.66,11.91,0.61,1.14
2009-03-18,0.123,13.06,11.87,0.05,1.13
2009-03-19,0.096,13.03,11.88,0.01,1.13
2009-03-20,0.076,12.99,11.86,0.0,1.13
2009-03-21,0.061,13.0,11.9,0.0,1.1
2009-03-22,0.063,17.88,11.69,0.05,6.14
2009-03-23,0.051,15.62,11.91,0.0,3.71
2009-03-24,0.04,13.18,11.85,0.0,1.33
2009-03-25,0.031,12.77,11.9,0.0,0.87
2009-03-26,0.023,12.62,11.87,0.0,0.74
2009-03-27,0.017,12.62,11.93,0.0,0.68
2009-03-28,0.01,12.67,12.06,0.0,0.61
2009-03-29,0.004,12.64,12.17,0.0,0.48
2009-03-30,0.001,12.73,12.56,0.0,0.17
2009-03-31,0.0,12.6,12.56,0.0,0.04
2009-04-01,0.0,12.57,12.56,0.0,0.01
2009-04-02,0.0,12.56,12.56,0.0,0.0
2009-04-03,0.0,12.56,12.56,0.0,0.0
2009-04-04,0.0,12.56,12.56,0.0,0.0
2009-04-05,0.0,12.56,12.56,0.0,0.0
2009-04-06,0.0,12.56,12.56,0.0,0.0
2009-04-07,0.102,93.16,10.31,35.69,47.15
2009-04-08,0.557,131.43,11.68,51.7,68.05
2009-04-09,0.216,110.89,12.37,39.27,59.25
2009-04-10,0.082,41.1,12.14,0.01,28.95
2009-04-11,0.048,20.45,11.93,0.0,8.52
2009-04-12,0.036,13.91,11.87,0.0,2.03
2009-04-13,0.028,12.87,11.94,0.0,0.93
2009-04-14,0.014,12.85,12.22,0.0,0.63
2009-04-15,0.005,12.4,11.95,0.0,0.45
2009-04-16,0.005,12.56,11.91,0.0,0.65
2009-04-17,0.002,12.71,12.36,0.0,0.35
2009-04-18,0.0,12.66,12.55,0.0,0.1
2009-04-19,0.0,12.59,12.55,0.0,0.04
2009-04-20,0.0,12.57,12.56,0.0,0.01
2009-04-21,0.0,12.56,12.56,0.0,0.0
2009-04-22,0.0,12.56,12.56,0.0,0.0
2009-04-23,0.0,12.56,12.56,0.0,0.0
2009-04-24,0.0,12.56,12.56,0.0,0.0
2009-04-25,0.0,0.0,0.0,0.0,0.0
2009-04-26,0.0,0.0,0.0,0.0,0.0
2009-04-27,0.0,0.0,0.0,0.0,0.0
2009-04-28,0.0,0.0,0.0,0.0,0.0
2009-04-29,0.0,0.0,0.0,0.0,0.0
2009-04-30,0.0,0.0,0.0,0.0,0.0
2009-05-01,0.163,117.78,10.75,45.02,62.0
2009-05-02,0.417,165.98,11.84,66.13,88.01
2009-05-03,0.162,148.36,12.48,48.82,87.06
2009-05-04,0.045,66.23,12.36,0.0,53.87
2009-05-05,0.096,30.57,11.46,1.02,18.08
2009-05-06,0.05,24.13,12.24,0.0,11.88
2009-05-07,0.023,15.29,12.1,0.0,3.19
2009-05-08,0.011,13.08,12.13,0.0,0.95
2009-05-09,0.005,12.7,12.17,0.0,0.53
2009-05-10,0.001,12.71,12.54,0.0,0.18
2009-05-11,0.0,12.6,12.53,0.0,0.07
2009-05-12,0.0,12.56,12.47,0.0,0.09
2009-05-13,0.0,12.56,12.36,0.0,0.2
2009-05-14,0.0,12.53,12.23,0.0,0.3
2009-05-15,0.0,12.6,12.18,0.0,0.42
2009-05-16,0.0,12.63,12.3,0.0,0.33
2009-05-17,0.0,12.66,12.56,0.0,0.1
2009-05-18,0.0,12.59,12.56,0.0,0.03
2009-05-19,0.0,0.0,0.0,0.0,0.0
2009-05-20,0.0,0.0,0.0,0.0,0.0
2009-05-21,0.0,0.0,0.0,0.0,0.0
2009-05-22,0.0,0.0,0.0,0.0,0.0
2009-05-23,0.0,0.0,0.0,0.0,0.0
2009-05-24,0.0,0.0,0.0,0.0,0.0
2009-05-25,0.0,0.0,0.0,0.0,0.0
2009-05-26,0.0,0.0,0.0,0.0,0.0
2009-05-27,0.0,0.0,0.0,0.0,0.0
2009-05-28,0.0,0.0,0.0,0.0,0.0
2009-05-29,0.0,0.0,0.0,0.0,0.0
2009-05-30,0.0,0.0,0.0,0.0,0.0
2009-05-31,0.0,0.0,0.0,0.0,0.0
2009-06-01,0.0,0.0,0.0,0.0,0.0
2009-06-02,0.0,0.0,0.0,0.0,0.0
2009-06-03,0.0,0.0,0.0,0.0,0.0
2009-06-04,0.0,0.0,0.0,0.0,0.0
2009-06-05,0.0,0.0,0.0,0.0,0.0
2009-06-06,0.0,0.0,0.0,0.0,0.0
2009-06-07,0.0,0.0,0.0,0.0,0.0
2009-06-08,0.0,0.0,0.0,0.0,0.0
2009-06-09,0.0,0.0,0.0,0.0,0.0
2009-06-10,0.0,0.0,0.0,0.0,0.0
2009-06-11,0.0,0.0,0.0,0.0,0.0
2009-06-12,0.0,0.0,0.0,0.0,0.0
2009-06-13,0.0,0.0,0.0,0.0,0.0
2009-06-14,0.0,0.0,0.0,0.0,0.0
2009-06-15,0.0,0.0,0.0,0.0,0.0
2009-06-16,0.0,0.0,0.0,0.0,0.0
2009-06-17,0.0,0.0,0.0,0.0,0.0
2009-06-18,0.0,0.0,0.0,0.0,0.0
2009-06-19,0.0,0.0,0.0,0.0,0.0
2009-06-20,0.0,0.0,0.0,0.0,0.0
2009-06-21,0.0,0.0,0.0,0.0,0.0
2009-06-22,0.0,0.0,0.0,0.0,0.0
2009-06-23,0.0,0.0,0.0,0.0,0.0
2009-06-24,0.0,0.0,0.0,0.0,0.0
2009-06-25,0.0,0.0,0.0,0.0,0.0
2009-06-26,0.0,0.0,0.0,0.0,0.0
2009-06-27,0.0,0.0,0.0,0.0,0.0
2009-06-28,0.0,0.0,0.0,0.0,0.0
2009-06-29,0.0,0.0,0.0,0.0,0.0
2009-06-30,0.0,0.0,0.0,0.0,0.0
2009-07-01,0.0,0.0,0.0,0.0,0.0
2009-07-02,0.0,0.0,0.0,0.0,0.0
2009-07-03,0.0,0.0,0.0,0.0,0.0
2009-07-04,0.0,0.0,0.0,0.0,0.0
2009-07-05,0.0,0.0,0.0,0.0,0.0
2009-07-06,0.0,0.0,0.0,0.0,0.0
2009-07-07,0.0,0.0,0.0,0.0,0.0
2009-07-08,0.0,0.0,0.0,0.0,0.0
2009-07-09,0.0,0.0,0.0,0.0,0.0
2009-07-10,0.0,0.0,0.0,0.0,0.0
2009-07-11,0.0,0.0,0.0,0.0,0.0
2009-07-12,0.0,0.0,0.0,0.0,0.0
2009-07-13,0.0,0.0,0.0,0.0,0.0
2009-07-14,0.0,0.0,0.0,0.0,0.0
2009-07-15,0.0,0.0,0.0,0.0,0.0
2009-07-16,0.0,0.0,0.0,0.0,0.0
2009-07-17,0.0,0.0,0.0,0.0,0.0
2009-07-18,0.0,0.0,0.0,0.0,0.0
2009-07-19,0.0,0.0,0.0,0.0,0.0
2009-07-20,0.0,0.0,0.0,0.0,0.0
2009-07-21,0.0,0.0,0.0,0.0,0.0
2009-07-22,0.0,0.0,0.0,0.0,0.0
2009-07-23,0.0,0.0,0.0,0.0,0.0
2009-07-24,0.0,0.0,0.0,0.0,0.0
2009-07-25,0.0,0.0,0.0,0.0,0.0
2009-07-26,0.0,0.0,0.0,0.0,0.0
2009-07-27,0.0,0.0,0.0,0.0,0.0
2009-07-28,0.0,0.0,0.0,0.0,0.0
2009-07-29,0.0,0.0,0.0,0.0,0.0
2009-07-30,0.0,0.0,0.0,0.0,0.0
2009-07-31,0.0,0.0,0.0,0.0,0.0
2009-08-01,0.0,0.0,0.0,0.0,0.0
2009-08-02,0.0,0.0,0.0,0.0,0.0
2009-08-03,0.0,0.0,0.0,0.0,0.0
2009-08-04,0.0,0.0,0.0,0.0,0.0
2009-08-05,0.0,0.0,0.0,0.0,0.0
2009-08-06,0.0,0.0,0.0,0.0,0.0
2009-08-07,0.0,0.0,0.0,0.0,0.0
2009-08-08,0.0,0.0,0.0,0.0,0.0
2009-08-09,0.0,0.0,0.0,0.0,0.0
2009-08-10,0.0,0.0,0.0,0.0,0.0
2009-08-11,0.0,0.0,0.0,0.0,0.0
2009-08-12,0.0,0.0,0.0,0.0,0.0
2009-08-13,0.0,0.0,0.0,0.0,0.0
2009-08-14,0.0,0.0,0.0,0.0,0.0
2009-08-15,0.0,0.0,0.0,0.0,0.0
2009-08-16,0.0,0.0,0.0,0.0,0.0
2009-08-17,0.0,0.0,0.0,0.0,0.0
2009-08-18,0.0,0.0,0.0,0.0,0.0
2009-08-19,0.0,0.0,0.0,0.0,0.0
2009-08-20,0.0,0.0,0.0,0.0,0.0
2009-08-21,0.0,0.0,0.0,0.0,0.0
2009-08-22,0.0,0.0,0.0,0.0,0.0
2009-08-23,0.0,0.0,0.0,0.0,0.0
2009-08-24,0.0,0.0,0.0,0.0,0.0
2009-08-25,0.0,0.0,0.0,0.0,0.0
2009-08-26,0.0,0.0,0.0,0.0,0.0
2009-08-27,0.0,0.0,0.0,0.0,0.0
2009-08-28,0.0,0.0,0.0,0.0,0.0
2009-08-29,0.0,0.0,0.0,0.0,0.0
2009-08-30,0.0,0.0,0.0,0.0,0.0
2009-08-31,0.0,0.0,0.0,0.0,0.0
2009-09-01,0.0,0.0,0.0,0.0,0.0
2009-09-02,0.0,0.0,0.0,0.0,0.0
2009-09-03,0.0,0.0,0.0,0.0,0.0
2009-09-04,0.0,0.0,0.0,0.0,0.0
2009-09-05,0.0,0.0,0.0,0.0,0.0
2009-09-06,0.0,0.0,0.0,0.0,0.0
2009-09-07,0.0,0.0,0.0,0.0,0.0
2009-09-08,0.0,0.0,0.0,0.0,0.0
2009-09-09,0.0,0.0,0.0,0.0,0.0
2009-09-10,0.0,0.0,0.0,0.0,0.0
2009-09-11,0.0,0.0,0.0,0.0,0.0
2009-09-12,0.0,0.0,0.0,0.0,0.0
2009-09-13,0.0,0.0,0.0,0.0,0.0
2009-09-14,0.081,89.03,11.39,16.35,61.3
2009-09-15,0.031,66.45,12.56,0.0,53.89
2009-09-16,0.006,32.31,12.56,0.0,19.75
2009-09-17,0.001,17.75,12.56,0.0,5.19
2009-09-18,0.0,13.83,12.56,0.0,1.27
2009-09-19,0.0,12.87,12.56,0.0,0.31
2009-09-20,0.0,12.63,12.55,0.0,0.08
2009-09-21,0.0,12.58,12.56,0.0,0.02
2009-09-22,0.0,12.57,12.56,0.0,0.0
2009-09-23,0.0,12.56,12.56,0.0,0.0
2009-09-24,0.0,12.56,12.56,0.0,0.0
2009-09-25,0.0,0.0,0.0,0.0,0.0
2009-09-26,0.0,0.0,0.0,0.0,0.0
2009-09-27,0.0,0.0,0.0,0.0,0.0
2009-09-28,0.0,0.0,0.0,0.0,0.0
2009-09-29,0.0,0.0,0.0,0.0,0.0
2009-09-30,0.0,0.0,0.0,0.0,0.0
2009-10-01,0.0,0.0,0.0,0.0,0.0
2009-10-02,0.0,0.0,0.0,0.0,0.0
2009-10-03,0.0,0.0,0.0,0.0,0.0
2009-10-04,0.0,0.0,0.0,0.0,0.0
2009-10-05,0.0,0.0,0.0,0.0,0.0
2009-10-06,0.0,0.0,0.0,0.0,0.0
2009-10-07,0.0,0.0,0.0,0.0,0.0
2009-10-08,0.0,0.0,0.0,0.0,0.0
2009-10-09,0.0,0.0,0.0,0.0,0.0
2009-10-10,0.0,0.0,0.0,0.0,0.0
2009-10-11,0.0,0.0,0.0,0.0,0.0
2009-10-12,0.0,0.0,0.0,0.0,0.0
2009-10-13,3.487,545.9,14.66,229.4,301.84
2009-10-14,1.738,470.64,12.39,197.88,260.37
2009-10-15,0.402,384.68,12.52,160.71,211.46
2009-10-16,0.099,209.33,12.4,39.76,157.18
2009-10-17,0.034,81.05,12.21,0.0,68.84
2009-10-18,0.016,24.74,12.02,0.0,12.72
2009-10-19,0.311,318.19,10.97,132.64,174.58
2009-10-20,0.257,329.5,12.51,131.15,185.85
2009-10-21,0.065,144.55,12.38,0.02,132.15
2009-10-22,0.024,54.89,12.14,0.0,42.75
2009-10-23,0.013,18.3,12.03,0.0,6.27
2009-10-24,0.007,13.19,12.0,0.0,1.19
2009-10-25,0.005,12.64,12.01,0.0,0.63
2009-10-26,0.001,12.64,12.3,0.0,0.35
2009-10-27,0.0,12.68,12.53,0.0,0.15
2009-10-28,0.0,12.58,12.47,0.0,0.1
2009-10-29,0.0,12.54,12.33,0.0,0.21
2009-10-30,0.0,12.54,12.17,0.0,0.36
2009-10-31,0.0,12.55,12.09,0.0,0.46
2009-11-01,0.0,12.6,12.12,0.0,0.48
2009-11-02,0.0,12.66,12.23,0.0,0.43
2009-11-03,0.0,12.7,12.56,0.0,0.14
2009-11-04,0.0,12.6,12.56,0.0,0.04
2009-11-05,0.0,0.0,0.0,0.0,0.0
2009-11-06,0.0,0.0,0.0,0.0,0.0
2009-11-07,0.0,0.0,0.0,0.0,0.0
2009-11-08,0.0,0.0,0.0,0.0,0.0
2009-11-09,0.0,0.0,0.0,0.0,0.0
2009-11-10,0.0,0.0,0.0,0.0,0.0
2009-11-11,0.0,0.0,0.0,0.0,0.0
2009-11-12,0.0,0.0,0.0,0.0,0.0
2009-11-13,0.0,0.0,0.0,0.0,0.0
2009-11-14,0.0,0.0,0.0,0.0,0.0
2009-11-15,0.0,0.0,0.0,0.0,0.0
2009-11-16,0.0,0.0,0.0,0.0,0.0
2009-11-17,0.0,0.0,0.0,0.0,0.0
2009-11-18,0.0,0.0,0.0,0.0,0.0
2009-11-19,0.0,0.0,0.0,0.0,0.0
2009-11-20,0.056,56.74,11.94,4.4,40.4
2009-11-21,0.039,47.31,12.55,0.0,34.76
2009-11-22,0.008,26.17,12.52,0.0,13.65
2009-11-23,0.002,15.45,12.4,0.0,3.05
2009-11-24,0.001,13.1,12.35,0.0,0.75
2009-11-25,0.0,12.76,12.54,0.0,0.21
2009-11-26,0.0,12.6,12.51,0.0,0.09
2009-11-27,0.0,12.59,12.46,0.0,0.14
2009-11-28,0.0,12.6,12.53,0.0,0.08
2009-11-29,0.0,12.33,12.26,0.0,0.07
2009-11-30,0.0,12.46,11.87,0.0,0.6
2009-12-01,0.0,12.6,12.03,0.0,0.57
2009-12-02,0.0,12.75,12.56,0.0,0.19
2009-12-03,0.0,0.0,0.0,0.0,0.0
2009-12-04,0.0,0.0,0.0,0.0,0.0
2009-12-05,0.0,0.0,0.0,0.0,0.0
2009-12-06,0.012,6.52,2.13,1.23,3.16
2009-12-07,0.532,114.64,11.67,44.3,58.66
2009-12-08,0.167,97.12,12.54,30.68,53.91
2009-12-09,0.037,52.62,12.5,0.0,40.12
2009-12-10,0.008,28.25,12.56,0.0,15.7
2009-12-11,0.105,70.11,9.94,22.72,37.45
2009-12-12,0.501,89.58,11.34,32.95,45.29
2009-12-13,0.915,102.97,11.8,39.29,51.89
2009-12-14,0.386,86.6,12.47,31.97,42.15
2009-12-15,0.099,50.53,12.41,7.82,30.3
2009-12-16,0.035,25.16,12.07,0.0,13.09
2009-12-17,0.026,14.1,11.83,0.0,2.27
2009-12-18,0.023,12.69,11.81,0.0,0.88
2009-12-19,0.021,12.55,11.81,0.0,0.74
2009-12-20,0.019,12.54,11.83,0.0,0.71
2009-12-21,0.016,12.63,11.94,0.0,0.69
2009-12-22,0.008,12.57,12.04,0.0,0.53
2009-12-23,0.009,12.28,11.58,0.0,0.7
2009-12-24,0.01,12.57,11.89,0.0,0.68
2009-12-25,0.008,12.43,11.79,0.0,0.64
2009-12-26,0.025,32.33,6.2,9.7,16.43
2009-12-27,0.263,112.92,11.99,42.0,58.93
2009-12-28,0.084,71.87,12.47,6.77,52.63
2009-12-29,0.025,36.04,12.29,0.0,23.75
2009-12-30,0.08,61.78,11.44,7.25,43.08
2009-12-31,0.035,45.42,12.4,0.0,33.02
2010-01-01,0.013,19.68,12.05,0.0,7.63
2010-01-02,0.01,12.96,11.75,0.0,1.21
2010-01-03,0.01,12.52,11.82,0.0,0.7
2010-01-04,0.009,12.48,11.82,0.0,0.66
2010-01-05,0.007,12.58,11.95,0.0,0.62
2010-01-06,0.005,12.6,12.01,0.0,0.59
2010-01-07,0.003,12.33,11.76,0.0,0.56
2010-01-08,0.002,12.44,11.84,0.0,0.6
2010-01-09,0.002,12.59,11.97,0.0,0.62
2010-01-10,0.001,12.54,12.0,0.0,0.53
2010-01-11,0.0,12.74,12.55,0.0,0.19
2010-01-12,0.11,46.29,10.22,5.67,30.39
2010-01-13,0.299,126.59,12.02,47.85,66.72
2010-01-14,0.091,72.75,12.5,10.54,49.71
2010-01-15,0.024,37.98,12.36,0.0,25.62
2010-01-16,0.009,17.52,12.23,0.0,5.29
2010-01-17,0.003,13.28,12.13,0.0,1.15
2010-01-18,0.737,342.34,11.27,142.96,188.11
2010-01-19,1.721,288.07,11.52,119.42,157.13
2010-01-20,2.574,837.99,12.58,356.43,468.98
2010-01-21,1.349,490.22,11.74,206.62,271.87
2010-01-22,1.254,168.12,12.01,67.41,88.7
2010-01-23,1.027,82.02,11.8,30.32,39.89
2010-01-24,0.637,38.82,11.95,11.61,15.27
2010-01-25,0.907,66.88,11.42,23.95,31.51
2010-01-26,1.243,89.2,11.76,33.44,44.0
2010-01-27,0.894,57.99,11.98,19.87,26.14
2010-01-28,0.654,24.82,11.86,5.59,7.36
2010-01-29,0.566,17.39,11.73,2.44,3.22
2010-01-30,0.624,30.47,11.81,8.06,10.6
2010-01-31,0.507,19.16,11.84,3.16,4.16
2010-02-01,0.438,14.94,11.82,1.35,1.77
2010-02-02,0.389,14.04,11.81,0.96,1.27
2010-02-03,0.34,13.88,11.83,0.88,1.16
2010-02-04,0.317,17.56,11.46,2.64,3.47
2010-02-05,0.411,33.48,11.95,9.3,12.23
2010-02-06,0.875,92.18,11.52,34.83,45.83
2010-02-07,0.584,46.09,11.99,14.72,19.37
2010-02-08,0.423,21.93,11.87,4.34,5.72
2010-02-09,0.496,40.78,11.68,12.56,16.53
2010-02-10,0.401,24.2,11.87,5.32,7.01
2010-02-11,0.339,16.05,11.83,1.82,2.4
2010-02-12,0.288,14.31,11.83,1.07,1.41
2010-02-13,0.246,13.94,11.84,0.91,1.19
2010-02-14,0.208,13.86,11.84,0.87,1.15
2010-02-15,0.175,13.64,11.84,0.66,1.14
2010-02-16,0.149,13.25,11.83,0.28,1.14
2010-02-17,0.128,13.01,11.82,0.05,1.14
2010-02-18,0.112,12.98,11.82,0.02,1.14
2010-02-19,0.096,12.98,11.83,0.01,1.14
2010-02-20,0.081,12.99,11.85,0.0,1.13
2010-02-21,0.074,13.37,11.52,0.05,1.8
2010-02-22,0.228,112.74,11.58,42.96,58.2
2010-02-23,0.475,86.23,10.9,31.45,43.88
2010-02-24,0.856,76.32,11.98,27.5,36.84
2010-02-25,0.489,39.35,11.99,11.72,15.63
2010-02-26,0.672,141.2,11.38,56.05,73.78
2010-02-27,0.929,124.48,11.85,48.64,64.0
2010-02-28,0.605,50.17,11.94,16.51,21.72
2010-03-01,0.458,22.56,11.86,4.62,6.08
2010-03-02,0.601,48.43,11.6,15.9,20.92
2010-03-03,1.243,132.85,11.51,52.4,68.95
2010-03-04,1.01,66.46,11.94,23.54,30.97
2010-03-05,0.744,27.22,11.87,6.63,8.72
2010-03-06,0.611,16.8,11.84,2.14,2.82
2010-03-07,0.507,14.5,11.85,1.14,1.51
2010-03-08,0.419,13.99,11.85,0.92,1.22
2010-03-09,0.34,13.9,11.87,0.88,1.15
2010-03-10,0.279,13.82,11.82,0.86,1.14
2010-03-11,0.247,13.81,11.81,0.86,1.14
2010-03-12,0.537,73.73,11.23,26.99,35.51
2010-03-13,0.585,62.07,12.05,21.6,28.42
2010-03-14,0.384,27.22,11.9,6.61,8.7
2010-03-15,0.299,16.98,11.87,2.21,2.9
2010-03-16,0.254,14.48,11.82,1.15,1.51
2010-03-17,0.209,13.97,11.88,0.87,1.22
2010-03-18,0.166,13.57,11.87,0.55,1.15
2010-03-19,0.128,13.13,11.87,0.12,1.14
2010-03-20,0.107,13.0,11.84,0.02,1.14
2010-03-21,0.09,12.98,11.84,0.01,1.14
2010-03-22,0.073,13.01,11.88,0.0,1.13
2010-03-23,0.058,12.95,11.88,0.0,1.08
2010-03-24,0.046,12.84,11.87,0.0,0.97
2010-03-25,0.035,12.71,11.86,0.0,0.86
2010-03-26,0.031,12.62,11.81,0.0,0.81
2010-03-27,0.026,12.63,11.86,0.0,0.77
2010-03-28,0.019,12.65,11.94,0.0,0.71
2010-03-29,0.012,12.7,12.07,0.0,0.63
2010-03-30,0.003,12.68,12.42,0.0,0.26
2010-03-31,0.036,40.28,9.08,7.77,23.44
2010-04-01,0.167,49.66,12.01,9.83,27.82
2010-04-02,0.073,29.16,12.18,0.0,16.98
2010-04-03,0.04,17.06,11.98,0.0,5.08
2010-04-04,0.231,112.31,10.48,43.13,58.7
2010-04-05,0.724,95.62,11.8,35.93,47.89
2010-04-06,0.383,58.45,12.15,19.9,26.4
2010-04-07,0.219,27.82,11.95,6.72,9.15
2010-04-08,0.161,16.4,11.88,1.4,3.12
2010-04-09,0.129,13.54,11.85,0.11,1.59
2010-04-10,0.104,13.13,11.87,0.02,1.24
2010-04-11,0.547,140.71,10.91,55.98,73.82
2010-04-12,0.897,97.67,11.97,37.0,48.7
2010-04-13,1.103,326.55,11.67,135.97,178.91
2010-04-14,0.623,156.68,12.0,62.48,82.21
2010-04-15,0.425,52.02,11.91,17.32,22.79
2010-04-16,0.318,23.17,11.9,4.87,6.4
2010-04-17,0.253,15.97,11.85,1.78,2.34
2010-04-18,0.206,14.21,11.86,0.95,1.4
2010-04-19,0.175,13.52,11.82,0.51,1.19
2010-04-20,0.767,202.77,11.46,82.57,108.74
2010-04-21,0.569,103.92,11.86,39.75,52.32
2010-04-22,0.392,45.7,11.99,14.55,19.16
2010-04-23,0.278,22.03,11.89,4.38,5.76
2010-04-24,0.218,15.74,11.86,1.67,2.21
2010-04-25,0.174,14.04,11.87,0.79,1.38
2010-04-26,0.137,13.32,11.89,0.23,1.19
2010-04-27,0.113,12.97,11.8,0.02,1.14
2010-04-28,0.099,13.01,11.86,0.01,1.14
2010-04-29,0.08,12.96,11.83,0.01,1.13
2010-04-30,0.07,12.93,11.82,0.0,1.11
2010-05-01,0.06,12.92,11.85,0.0,1.07
2010-05-02,0.048,12.85,11.85,0.0,1.0
2010-05-03,0.038,12.78,11.89,0.0,0.89
2010-05-04,0.028,12.71,11.92,0.0,0.79
2010-05-05,0.016,12.69,12.04,0.0,0.65
2010-05-06,0.009,12.66,12.08,0.0,0.59
2010-05-07,0.004,12.63,12.13,0.0,0.5
2010-05-08,0.001,12.71,12.55,0.0,0.16
2010-05-09,0.0,12.6,12.56,0.0,0.04
2010-05-10,0.007,17.86,10.89,0.01,6.96
2010-05-11,0.007,16.32,12.48,0.0,3.85
2010-05-12,0.001,13.56,12.56,0.0,1.0
2010-05-13,0.0,12.81,12.56,0.0,0.25
2010-05-14,0.0,12.62,12.56,0.0,0.06
2010-05-15,0.0,12.57,12.56,0.0,0.01
2010-05-16,0.0,12.56,12.56,0.0,0.0
2010-05-17,0.0,12.56,12.56,0.0,0.0
2010-05-18,0.0,12.56,12.56,0.0,0.0
2010-05-19,0.0,12.56,12.56,0.0,0.0
2010-05-20,0.0,0.0,0.0,0.0,0.0
2010-05-21,0.0,0.0,0.0,0.0,0.0
2010-05-22,0.0,0.0,0.0,0.0,0.0
2010-05-23,0.0,0.0,0.0,0.0,0.0
2010-05-24,0.0,0.0,0.0,0.0,0.0
2010-05-25,0.006,14.66,9.86,0.1,4.7
2010-05-26,0.081,28.76,11.65,0.31,16.8
2010-05-27,0.334,181.41,11.3,73.08,97.02
2010-05-28,0.183,160.3,12.46,55.79,92.04
2010-05-29,0.053,68.44,12.31,0.0,56.13
2010-05-30,0.019,29.06,12.28,0.0,16.79
2010-05-31,0.005,16.99,12.43,0.0,4.56
2010-06-01,0.002,13.06,12.09,0.0,0.97
2010-06-02,0.0,12.81,12.54,0.0,0.27
2010-06-03,0.0,12.61,12.5,0.0,0.11
2010-06-04,0.0,12.55,12.38,0.0,0.16
2010-06-05,0.0,12.54,12.22,0.0,0.32
2010-06-06,0.0,12.54,12.11,0.0,0.43
2010-06-07,0.0,12.54,12.05,0.0,0.48
2010-06-08,0.0,12.63,12.17,0.0,0.46
2010-06-09,0.0,12.7,12.56,0.0,0.14
2010-06-10,0.0,12.6,12.56,0.0,0.04
2010-06-11,0.0,0.0,0.0,0.0,0.0
2010-06-12,0.0,0.0,0.0,0.0,0.0
2010-06-13,0.0,0.0,0.0,0.0,0.0
2010-06-14,0.0,0.0,0.0,0.0,0.0
2010-06-15,0.0,0.0,0.0,0.0,0.0
2010-06-16,0.0,0.0,0.0,0.0,0.0
2010-06-17,0.0,0.0,0.0,0.0,0.0
2010-06-18,0.0,0.0,0.0,0.0,0.0
2010-06-19,0.0,0.0,0.0,0.0,0.0
2010-06-20,0.0,0.0,0.0,0.0,0.0
2010-06-21,0.0,0.0,0.0,0.0,0.0
2010-06-22,0.0,0.0,0.0,0.0,0.0
2010-06-23,0.0,0.0,0.0,0.0,0.0
2010-06-24,0.0,0.0,0.0,0.0,0.0
2010-06-25,0.0,0.0,0.0,0.0,0.0
2010-06-26,0.0,0.0,0.0,0.0,0.0
2010-06-27,0.0,0.0,0.0,0.0,0.0
2010-06-28,0.0,0.0,0.0,0.0,0.0
2010-06-29,0.0,0.0,0.0,0.0,0.0
2010-06-30,0.0,0.0,0.0,0.0,0.0
2010-07-01,0.0,0.0,0.0,0.0,0.0
2010-07-02,0.0,0.0,0.0,0.0,0.0
2010-07-03,0.0,0.0,0.0,0.0,0.0
2010-07-04,0.0,0.0,0.0,0.0,0.0
2010-07-05,0.0,0.0,0.0,0.0,0.0
2010-07-06,0.0,0.0,0.0,0.0,0.0
2010-07-07,0.0,0.0,0.0,0.0,0.0
2010-07-08,0.0,0.0,0.0,0.0,0.0
2010-07-09,0.0,0.0,0.0,0.0,0.0
2010-07-10,0.0,0.0,0.0,0.0,0.0
2010-07-11,0.0,0.0,0.0,0.0,0.0
2010-07-12,0.0,0.0,0.0,0.0,0.0
2010-07-13,0.0,0.0,0.0,0.0,0.0
2010-07-14,0.0,0.0,0.0,0.0,0.0
2010-07-15,0.0,0.0,0.0,0.0,0.0
2010-07-16,0.0,0.0,0.0,0.0,0.0
2010-07-17,0.0,0.0,0.0,0.0,0.0
2010-07-18,0.0,0.0,0.0,0.0,0.0
2010-07-19,0.0,0.0,0.0,0.0,0.0
2010-07-20,0.0,0.0,0.0,0.0,0.0
2010-07-21,0.0,0.0,0.0,0.0,0.0
2010-07-22,0.0,0.0,0.0,0.0,0.0
2010-07-23,0.0,0.0,0.0,0.0,0.0
2010-07-24,0.0,0.0,0.0,0.0,0.0
2010-07-25,0.0,0.0,0.0,0.0,0.0
2010-07-26,0.0,0.0,0.0,0.0,0.0
2010-07-27,0.0,0.0,0.0,0.0,0.0
2010-07-28,0.0,0.0,0.0,0.0,0.0
2010-07-29,0.0,0.0,0.0,0.0,0.0
2010-07-30,0.0,0.0,0.0,0.0,0.0
2010-07-31,0.0,0.0,0.0,0.0,0.0
2010-08-01,0.0,0.0,0.0,0.0,0.0
2010-08-02,0.0,0.0,0.0,0.0,0.0
2010-08-03,0.0,0.0,0.0,0.0,0.0
2010-08-04,0.0,0.0,0.0,0.0,0.0
2010-08-05,0.0,0.0,0.0,0.0,0.0
2010-08-06,0.0,0.0,0.0,0.0,0.0
2010-08-07,0.0,0.0,0.0,0.0,0.0
2010-08-08,0.0,0.0,0.0,0.0,0.0
2010-08-09,0.0,0.0,0.0,0.0,0.0
2010-08-10,0.0,0.0,0.0,0.0,0.0
2010-08-11,0.0,0.0,0.0,0.0,0.0
2010-08-12,0.0,0.0,0.0,0.0,0.0
2010-08-13,0.0,0.0,0.0,0.0,0.0
2010-08-14,0.0,0.0,0.0,0.0,0.0
2010-08-15,0.0,0.0,0.0,0.0,0.0
2010-08-16,0.0,0.0,0.0,0.0,0.0
2010-08-17,0.0,0.0,0.0,0.0,0.0
2010-08-18,0.0,0.0,0.0,0.0,0.0
2010-08-19,0.0,0.0,0.0,0.0,0.0
2010-08-20,0.0,0.0,0.0,0.0,0.0
2010-08-21,0.0,0.0,0.0,0.0,0.0
2010-08-22,0.0,0.0,0.0,0.0,0.0
2010-08-23,0.0,0.0,0.0,0.0,0.0
2010-08-24,0.0,0.0,0.0,0.0,0.0
2010-08-25,0.0,0.0,0.0,0.0,0.0
2010-08-26,0.0,0.0,0.0,0.0,0.0
2010-08-27,0.0,0.0,0.0,0.0,0.0
2010-08-28,0.0,0.0,0.0,0.0,0.0
2010-08-29,0.0,0.0,0.0,0.0,0.0
2010-08-30,0.0,0.0,0.0,0.0,0.0
2010-08-31,0.0,0.0,0.0,0.0,0.0
2010-09-01,0.0,0.0,0.0,0.0,0.0
2010-09-02,0.0,0.0,0.0,0.0,0.0
2010-09-03,0.0,0.0,0.0,0.0,0.0
2010-09-04,0.0,0.0,0.0,0.0,0.0
2010-09-05,0.0,0.0,0.0,0.0,0.0
2010-09-06,0.0,0.0,0.0,0.0,0.0
2010-09-07,0.0,0.0,0.0,0.0,0.0
2010-09-08,0.0,0.0,0.0,0.0,0.0
2010-09-09,0.0,0.0,0.0,0.0,0.0
2010-09-10,0.0,0.0,0.0,0.0,0.0
2010-09-11,0.0,0.0,0.0,0.0,0.0
2010-09-12,0.0,0.0,0.0,0.0,0.0
2010-09-13,0.0,0.0,0.0,0.0,0.0
2010-09-14,0.0,0.0,0.0,0.0,0.0
2010-09-15,0.0,0.0,0.0,0.0,0.0
2010-09-16,0.0,0.0,0.0,0.0,0.0
2010-09-17,0.0,0.0,0.0,0.0,0.0
2010-09-18,0.0,0.0,0.0,0.0,0.0
2010-09-19,0.0,0.0,0.0,0.0,0.0
2010-09-20,0.0,0.0,0.0,0.0,0.0
2010-09-21,0.0,0.0,0.0,0.0,0.0
2010-09-22,0.0,0.0,0.0,0.0,0.0
2010-09-23,0.0,0.0,0.0,0.0,0.0
2010-09-24,0.0,0.0,0.0,0.0,0.0
2010-09-25,0.0,0.0,0.0,0.0,0.0
2010-09-26,0.0,0.0,0.0,0.0,0.0
2010-09-27,0.0,0.0,0.0,0.0,0.0
2010-09-28,0.0,0.0,0.0,0.0,0.0
2010-09-29,0.0,0.0,0.0,0.0,0.0
2010-09-30,0.0,0.0,0.0,0.0,0.0
2010-10-01,0.0,0.0,0.0,0.0,0.0
2010-10-02,0.0,0.0,0.0,0.0,0.0
2010-10-03,0.0,0.0,0.0,0.0,0.0
2010-10-04,0.0,0.0,0.0,0.0,0.0
2010-10-05,0.0,0.0,0.0,0.0,0.0
2010-10-06,0.0,0.0,0.0,0.0,0.0
2010-10-07,0.0,0.0,0.0,0.0,0.0
2010-10-08,0.0,0.0,0.0,0.0,0.0
2010-10-09,0.0,0.0,0.0,0.0,0.0
2010-10-10,0.0,0.0,0.0,0.0,0.0
2010-10-11,0.0,0.0,0.0,0.0,0.0
2010-10-12,0.0,0.0,0.0,0.0,0.0
2010-10-13,0.0,0.0,0.0,0.0,0.0
2010-10-14,0.0,0.0,0.0,0.0,0.0
2010-10-15,0.0,0.0,0.0,0.0,0.0
2010-10-16,0.0,0.0,0.0,0.0,0.0
2010-10-17,0.0,0.0,0.0,0.0,0.0
2010-10-18,0.0,0.0,0.0,0.0,0.0
2010-10-19,0.0,0.0,0.0,0.0,0.0
2010-10-20,0.0,0.0,0.0,0.0,0.0
2010-10-21,0.0,0.0,0.0,0.0,0.0
2010-10-22,0.0,0.0,0.0,0.0,0.0
2010-10-23,0.009,18.24,8.09,0.18,9.97
2010-10-24,0.657,195.41,11.21,79.21,105.0
2010-10-25,0.391,220.05,12.56,89.49,117.99
2010-10-26,0.08,130.98,12.55,14.74,103.68
2010-10-27,0.016,73.46,12.56,0.0,60.91
2010-10-28,0.003,30.76,12.55,0.0,18.21
2010-10-29,0.001,16.91,12.51,0.0,4.4
2010-10-30,0.0,13.38,12.38,0.0,1.01
2010-10-31,0.0,12.61,12.14,0.0,0.46
2010-11-01,0.0,12.46,11.94,0.0,0.52
2010-11-02,0.0,12.43,11.86,0.0,0.58
2010-11-03,0.0,12.43,11.84,0.0,0.59
2010-11-04,0.0,12.43,11.84,0.0,0.6
2010-11-05,0.0,12.43,11.84,0.0,0.6
2010-11-06,0.0,12.42,11.81,0.0,0.6
2010-11-07,0.35,160.32,11.35,63.83,85.14
2010-11-08,0.141,138.31,12.56,41.52,84.23
2010-11-09,0.029,75.02,12.55,0.0,62.47
2010-11-10,0.006,33.91,12.49,0.0,21.42
2010-11-11,0.002,16.72,12.37,0.0,4.36
2010-11-12,0.0,13.52,12.5,0.0,1.02
2010-11-13,0.0,12.72,12.37,0.0,0.35
2010-11-14,0.0,12.52,12.14,0.0,0.37
2010-11-15,0.0,12.46,11.95,0.0,0.51
2010-11-16,0.0,12.43,11.85,0.0,0.58
2010-11-17,0.0,12.42,11.83,0.0,0.6
2010-11-18,0.0,12.43,11.82,0.0,0.6
2010-11-19,0.054,105.24,7.42,40.98,56.84
2010-11-20,0.646,249.48,11.17,102.54,135.77
2010-11-21,0.7,313.17,12.41,129.81,170.94
2010-11-22,0.148,237.55,12.55,77.02,147.97
2010-11-23,0.177,67.89,11.6,11.29,45.0
2010-11-24,0.057,48.64,12.55,0.01,36.07
2010-11-25,0.014,28.01,12.41,0.0,15.6
2010-11-26,0.004,15.77,12.25,0.0,3.52
2010-11-27,0.059,41.2,11.03,0.83,29.34
2010-11-28,0.044,40.08,12.53,0.0,27.55
2010-11-29,0.01,22.96,12.44,0.0,10.52
2010-11-30,0.003,14.98,12.46,0.0,2.52
2010-12-01,0.001,12.75,12.05,0.0,0.7
2010-12-02,0.0,12.73,12.46,0.0,0.28
2010-12-03,0.0,12.54,12.27,0.0,0.27
2010-12-04,0.0,12.46,12.02,0.0,0.45
2010-12-05,0.247,269.56,10.52,109.94,149.11
2010-12-06,0.378,241.79,12.34,97.73,131.72
2010-12-07,0.085,138.82,12.53,19.04,107.25
2010-12-08,0.487,115.33,10.98,42.65,61.69
2010-12-09,0.418,119.89,12.47,45.58,61.84
2010-12-10,0.099,73.72,12.46,12.96,48.29
2010-12-11,0.029,36.28,12.27,0.0,24.01
2010-12-12,0.014,16.28,11.97,0.0,4.31
2010-12-13,0.011,12.81,11.87,0.0,0.95
2010-12-14,0.104,118.61,10.53,46.46,61.62
2010-12-15,0.136,105.38,12.49,30.27,62.62
2010-12-16,0.036,50.96,12.35,0.0,38.61
2010-12-17,0.348,109.27,10.56,42.32,56.39
2010-12-18,0.74,120.33,11.99,46.75,61.59
2010-12-19,1.874,314.39,11.51,130.79,172.1
2010-12-20,0.938,226.07,12.14,92.38,121.55
2010-12-21,0.441,122.34,11.97,47.66,62.71
2010-12-22,0.654,88.94,11.85,33.29,43.8
2010-12-23,0.285,49.65,12.11,16.21,21.33
2010-12-24,0.175,23.5,11.92,4.48,7.11
2010-12-25,0.508,177.97,10.98,71.84,95.15
2010-12-26,0.598,161.13,12.23,64.25,84.65
2010-12-27,0.278,71.98,12.02,25.87,34.09
2010-12-28,0.613,149.38,10.05,60.17,79.17
2010-12-29,1.45,214.88,12.27,87.49,115.12
2010-12-30,0.587,104.63,12.06,39.97,52.6
2010-12-31,0.396,38.32,11.88,11.42,15.02
2011-01-01,0.531,51.41,11.6,17.19,22.62
2011-01-02,0.793,88.59,11.68,33.21,43.7
2011-01-03,0.521,46.81,11.95,15.05,19.81
2011-01-04,0.395,21.74,11.85,4.27,5.62
2011-01-05,0.338,15.49,11.82,1.59,2.09
2011-01-06,0.3,14.15,11.81,1.01,1.33
2011-01-07,0.272,13.87,11.8,0.89,1.17
2011-01-08,0.248,13.82,11.8,0.87,1.14
2011-01-09,0.218,13.84,11.83,0.87,1.14
2011-01-10,0.187,13.82,11.84,0.84,1.14
2011-01-11,0.167,13.63,11.78,0.72,1.13
2011-01-12,0.15,13.31,11.83,0.34,1.14
2011-01-13,0.135,12.97,11.79,0.05,1.13
2011-01-14,0.119,13.0,11.84,0.02,1.14
2011-01-15,0.103,12.97,11.82,0.01,1.14
2011-01-16,0.09,12.96,11.82,0.01,1.14
2011-01-17,0.08,12.94,11.8,0.0,1.13
2011-01-18,0.081,12.87,11.73,0.0,1.13
2011-01-19,0.07,13.01,11.88,0.0,1.13
2011-01-20,0.055,12.94,11.87,0.0,1.07
2011-01-21,0.047,12.78,11.81,0.0,0.97
2011-01-22,0.042,12.73,11.82,0.0,0.9
2011-01-23,0.034,12.71,11.87,0.0,0.83
2011-01-24,0.028,12.62,11.84,0.0,0.78
2011-01-25,0.024,12.59,11.85,0.0,0.75
2011-01-26,0.02,12.6,11.89,0.0,0.71
2011-01-27,0.016,12.51,11.82,0.0,0.68
2011-01-28,0.013,12.55,11.88,0.0,0.66
2011-01-29,0.01,12.53,11.89,0.0,0.64
2011-01-30,0.446,90.09,11.36,33.27,45.46
2011-01-31,0.209,72.63,12.32,23.67,36.64
2011-02-01,0.086,28.89,12.12,0.01,16.77
2011-02-02,0.045,17.74,11.94,0.0,5.8
2011-02-03,0.041,13.29,11.78,0.0,1.51
2011-02-04,0.038,12.74,11.81,0.0,0.94
2011-02-05,0.03,12.82,12.0,0.0,0.82
2011-02-06,0.016,12.52,11.89,0.0,0.63
2011-02-07,0.017,12.53,11.8,0.0,0.72
2011-02-08,0.009,12.82,12.24,0.0,0.57
2011-02-09,0.006,12.44,11.84,0.0,0.6
2011-02-10,0.005,12.42,11.79,0.0,0.63
2011-02-11,0.004,12.54,11.95,0.0,0.59
2011-02-12,0.002,12.66,12.13,0.0,0.53
2011-02-13,0.0,12.73,12.55,0.0,0.18
2011-02-14,0.017,26.78,6.21,1.05,19.52
2011-02-15,0.18,58.43,9.71,14.48,34.24
2011-02-16,1.013,199.33,11.89,80.62,106.81
2011-02-17,1.25,162.42,11.48,65.13,85.81
2011-02-18,1.222,120.57,11.67,47.02,61.89
2011-02-19,1.524,75.45,11.82,27.48,36.15
2011-02-20,1.061,41.56,12.01,12.76,16.79
2011-02-21,0.762,20.83,11.86,3.88,5.1
2011-02-22,0.628,15.39,11.85,1.53,2.01
2011-02-23,0.53,14.17,11.84,1.01,1.32
2011-02-24,0.519,19.28,11.33,3.43,4.52
2011-02-25,1.501,96.88,11.66,36.8,48.42
2011-02-26,0.986,51.39,11.96,17.03,22.4
2011-02-27,0.74,22.94,11.86,4.78,6.29
2011-02-28,0.617,15.82,11.84,1.72,2.26
2011-03-01,0.522,14.26,11.84,1.05,1.38
2011-03-02,0.492,14.89,11.75,1.36,1.79
2011-03-03,0.442,14.46,11.84,1.13,1.49
2011-03-04,0.365,14.0,11.86,0.92,1.21
2011-03-05,0.304,13.87,11.84,0.88,1.15
2011-03-06,0.651,46.58,11.3,15.23,20.05
2011-03-07,0.646,36.24,12.04,10.45,13.75
2011-03-08,0.462,19.48,11.84,3.3,4.34
2011-03-09,0.381,15.11,11.86,1.4,1.84
2011-03-10,0.32,14.09,11.82,0.98,1.29
2011-03-11,0.258,13.96,11.9,0.89,1.17
2011-03-12,0.206,13.81,11.85,0.83,1.14
2011-03-13,0.211,17.24,11.27,2.5,3.47
2011-03-14,0.436,39.95,11.8,12.13,16.02
2011-03-15,0.452,50.36,11.2,16.91,22.26
2011-03-16,0.65,60.09,12.04,20.75,27.3
2011-03-17,0.402,27.71,11.94,6.81,8.96
2011-03-18,0.891,160.53,11.23,64.47,84.83
2011-03-19,1.438,93.63,11.46,35.48,46.69
2011-03-20,2.026,72.49,11.85,26.19,34.46
2011-03-21,1.504,30.72,11.9,8.13,10.69
2011-03-22,1.181,17.75,11.86,2.55,3.35
2011-03-23,1.522,49.32,11.59,16.29,21.43
2011-03-24,2.879,112.9,12.0,43.57,57.33
2011-03-25,3.061,63.0,11.88,22.08,29.05
2011-03-26,3.283,38.39,11.85,11.46,15.08
2011-03-27,2.767,21.22,11.87,4.04,5.32
2011-03-28,2.187,15.57,11.87,1.59,2.1
2011-03-29,1.732,14.26,11.87,1.03,1.36
2011-03-30,1.364,13.97,11.88,0.9,1.19
2011-03-31,1.062,13.9,11.88,0.87,1.15
2011-04-01,0.828,13.88,11.88,0.86,1.14
2011-04-02,0.642,13.88,11.88,0.86,1.14
2011-04-03,0.489,13.89,11.89,0.86,1.13
2011-04-04,0.364,13.9,11.91,0.86,1.13
2011-04-05,0.271,13.9,11.9,0.86,1.13
2011-04-06,0.201,13.78,11.91,0.73,1.13
2011-04-07,0.144,13.34,11.9,0.31,1.13
2011-04-08,0.112,13.04,11.87,0.03,1.13
2011-04-09,0.085,13.05,11.91,0.01,1.13
2011-04-10,0.063,13.0,11.89,0.0,1.1
2011-04-11,0.046,12.89,11.9,0.0,0.99
2011-04-12,0.033,12.8,11.96,0.0,0.84
2011-04-13,0.02,12.62,11.93,0.0,0.69
2011-04-14,0.014,12.65,11.99,0.0,0.66
2011-04-15,0.007,12.59,12.07,0.0,0.52
2011-04-16,0.004,12.62,12.05,0.0,0.57
2011-04-17,0.001,12.73,12.39,0.0,0.34
2011-04-18,0.0,12.66,12.56,0.0,0.1
2011-04-19,0.0,12.58,12.56,0.0,0.02
2011-04-20,0.0,12.57,12.56,0.0,0.01
2011-04-21,0.0,12.56,12.56,0.0,0.0
2011-04-22,0.0,12.56,12.56,0.0,0.0
2011-04-23,0.0,12.56,12.56,0.0,0.0
2011-04-24,0.0,12.56,12.56,0.0,0.0
2011-04-25,0.0,0.0,0.0,0.0,0.0
2011-04-26,0.0,0.0,0.0,0.0,0.0
2011-04-27,0.0,0.0,0.0,0.0,0.0
2011-04-28,0.0,0.0,0.0,0.0,0.0
2011-04-29,0.0,0.0,0.0,0.0,0.0
2011-04-30,0.0,0.0,0.0,0.0,0.0
2011-05-01,0.0,0.0,0.0,0.0,0.0
2011-05-02,0.0,0.0,0.0,0.0,0.0
2011-05-03,0.0,0.0,0.0,0.0,0.0
2011-05-04,0.0,0.0,0.0,0.0,0.0
2011-05-05,0.0,0.0,0.0,0.0,0.0
2011-05-06,0.0,0.0,0.0,0.0,0.0
2011-05-07,0.0,0.0,0.0,0.0,0.0
2011-05-08,0.0,0.0,0.0,0.0,0.0
2011-05-09,0.0,0.0,0.0,0.0,0.0
2011-05-10,0.0,0.0,0.0,0.0,0.0
2011-05-11,0.0,0.0,0.0,0.0,0.0
2011-05-12,0.0,0.0,0.0,0.0,0.0
2011-05-13,0.0,0.0,0.0,0.0,0.0
2011-05-14,0.0,27.64,11.76,6.86,9.02
2011-05-15,0.084,31.08,11.48,0.2,19.4
2011-05-16,0.059,31.45,10.72,1.9,18.82
2011-05-17,0.184,51.59,11.59,11.77,28.23
2011-05-18,0.137,44.2,12.35,8.88,22.96
2011-05-19,0.047,24.33,12.21,0.0,12.12
2011-05-20,0.021,15.46,12.16,0.0,3.3
2011-05-21,0.009,13.07,12.13,0.0,0.94
2011-05-22,0.004,12.69,12.16,0.0,0.53
2011-05-23,0.001,12.72,12.55,0.0,0.16
2011-05-24,0.0,12.6,12.54,0.0,0.06
2011-05-25,0.0,12.56,12.49,0.0,0.07
2011-05-26,0.0,12.53,12.34,0.0,0.19
2011-05-27,0.0,12.56,12.2,0.0,0.36
2011-05-28,0.0,12.65,12.29,0.0,0.36
2011-05-29,0.0,12.56,12.21,0.0,0.35
2011-05-30,0.0,12.57,12.29,0.0,0.28
2011-05-31,0.0,12.67,12.56,0.0,0.11
2011-06-01,0.049,40.67,11.87,0.89,27.91
2011-06-02,0.016,28.66,12.5,0.0,16.16
2011-06-03,0.003,17.37,12.56,0.0,4.81
2011-06-04,0.809,189.76,11.32,75.8,102.64
2011-06-05,0.406,185.33,12.39,74.08,98.86
2011-06-06,0.121,100.29,12.26,26.28,61.75
2011-06-07,0.059,35.18,12.02,0.0,23.15
2011-06-08,0.038,17.27,11.92,0.0,5.35
2011-06-09,0.027,13.34,11.94,0.0,1.39
2011-06-10,0.017,12.76,12.01,0.0,0.75
2011-06-11,0.01,12.65,12.05,0.0,0.6
2011-06-12,0.005,12.6,12.07,0.0,0.52
2011-06-13,0.001,12.63,12.35,0.0,0.29
2011-06-14,0.0,12.64,12.53,0.0,0.11
2011-06-15,0.0,12.57,12.47,0.0,0.1
2011-06-16,0.0,12.54,12.34,0.0,0.2
2011-06-17,0.0,12.51,12.15,0.0,0.37
2011-06-18,0.0,12.56,12.09,0.0,0.47
2011-06-19,0.0,12.6,12.14,0.0,0.46
2011-06-20,0.0,12.61,12.29,0.0,0.32
2011-06-21,0.0,12.66,12.56,0.0,0.1
2011-06-22,0.0,12.59,12.56,0.0,0.03
2011-06-23,0.0,0.0,0.0,0.0,0.0
2011-06-24,0.0,0.0,0.0,0.0,0.0
2011-06-25,0.0,0.0,0.0,0.0,0.0
2011-06-26,0.0,0.0,0.0,0.0,0.0
2011-06-27,0.0,0.0,0.0,0.0,0.0
2011-06-28,0.456,240.92,11.51,99.06,130.34
2011-06-29,0.321,225.46,12.54,91.3,121.62
2011-06-30,0.073,110.69,12.48,1.93,96.28
2011-07-01,0.018,58.87,12.42,0.0,46.45
2011-07-02,0.004,25.07,12.45,0.0,12.63
2011-07-03,0.001,15.64,12.54,0.0,3.1
2011-07-04,0.0,13.25,12.5,0.0,0.75
2011-07-05,0.0,12.67,12.38,0.0,0.3
2011-07-06,0.0,12.53,12.18,0.0,0.35
2011-07-07,0.0,12.47,11.99,0.0,0.48
2011-07-08,0.0,12.5,11.94,0.0,0.55
2011-07-09,0.0,12.49,11.94,0.0,0.55
2011-07-10,0.0,12.54,11.98,0.0,0.56
2011-07-11,0.0,12.53,12.02,0.0,0.52
2011-07-12,0.0,12.56,12.09,0.0,0.47
2011-07-13,0.0,12.61,12.32,0.0,0.28
2011-07-14,0.0,12.65,12.56,0.0,0.09
2011-07-15,0.0,0.0,0.0,0.0,0.0
2011-07-16,0.0,0.0,0.0,0.0,0.0
2011-07-17,0.0,0.0,0.0,0.0,0.0
2011-07-18,0.0,0.0,0.0,0.0,0.0
2011-07-19,0.0,0.0,0.0,0.0,0.0
2011-07-20,0.0,0.0,0.0,0.0,0.0
2011-07-21,0.0,0.0,0.0,0.0,0.0
2011-07-22,0.0,0.0,0.0,0.0,0.0
2011-07-23,0.0,0.0,0.0,0.0,0.0
2011-07-24,0.0,0.0,0.0,0.0,0.0
2011-07-25,0.0,0.0,0.0,0.0,0.0
2011-07-26,0.0,0.0,0.0,0.0,0.0
2011-07-27,0.0,0.0,0.0,0.0,0.0
2011-07-28,0.0,0.0,0.0,0.0,0.0
2011-07-29,0.0,0.0,0.0,0.0,0.0
2011-07-30,0.0,0.0,0.0,0.0,0.0
2011-07-31,0.0,0.0,0.0,0.0,0.0
2011-08-01,0.0,0.0,0.0,0.0,0.0
2011-08-02,0.0,0.0,0.0,0.0,0.0
2011-08-03,0.0,0.0,0.0,0.0,0.0
2011-08-04,0.0,0.0,0.0,0.0,0.0
2011-08-05,0.0,0.0,0.0,0.0,0.0
2011-08-06,0.0,0.0,0.0,0.0,0.0
2011-08-07,0.0,0.0,0.0,0.0,0.0
2011-08-08,0.0,0.0,0.0,0.0,0.0
2011-08-09,0.0,0.0,0.0,0.0,0.0
2011-08-10,0.0,0.0,0.0,0.0,0.0
2011-08-11,0.0,0.0,0.0,0.0,0.0
2011-08-12,0.0,0.0,0.0,0.0,0.0
2011-08-13,0.0,0.0,0.0,0.0,0.0
2011-08-14,0.0,0.0,0.0,0.0,0.0
2011-08-15,0.0,0.0,0.0,0.0,0.0
2011-08-16,0.0,0.0,0.0,0.0,0.0
2011-08-17,0.0,0.0,0.0,0.0,0.0
2011-08-18,0.0,0.0,0.0,0.0,0.0
2011-08-19,0.0,0.0,0.0,0.0,0.0
2011-08-20,0.0,0.0,0.0,0.0,0.0
2011-08-21,0.0,0.0,0.0,0.0,0.0
2011-08-22,0.0,0.0,0.0,0.0,0.0
2011-08-23,0.0,0.0,0.0,0.0,0.0
2011-08-24,0.0,0.0,0.0,0.0,0.0
2011-08-25,0.0,0.0,0.0,0.0,0.0
2011-08-26,0.0,0.0,0.0,0.0,0.0
2011-08-27,0.0,0.0,0.0,0.0,0.0
2011-08-28,0.0,0.0,0.0,0.0,0.0
2011-08-29,0.0,0.0,0.0,0.0,0.0
2011-08-30,0.0,0.0,0.0,0.0,0.0
2011-08-31,0.0,0.0,0.0,0.0,0.0
2011-09-01,0.0,0.0,0.0,0.0,0.0
2011-09-02,0.0,0.0,0.0,0.0,0.0
2011-09-03,0.0,0.0,0.0,0.0,0.0
2011-09-04,0.0,0.0,0.0,0.0,0.0
2011-09-05,0.0,0.0,0.0,0.0,0.0
2011-09-06,0.0,0.0,0.0,0.0,0.0
2011-09-07,0.0,0.0,0.0,0.0,0.0
2011-09-08,0.0,0.0,0.0,0.0,0.0
2011-09-09,0.0,0.0,0.0,0.0,0.0
2011-09-10,0.0,0.0,0.0,0.0,0.0
2011-09-11,0.0,0.0,0.0,0.0,0.0
2011-09-12,0.0,0.0,0.0,0.0,0.0
2011-09-13,0.0,0.0,0.0,0.0,0.0
2011-09-14,0.0,0.0,0.0,0.0,0.0
2011-09-15,0.0,0.0,0.0,0.0,0.0
2011-09-16,0.0,0.0,0.0,0.0,0.0
2011-09-17,0.0,0.0,0.0,0.0,0.0
2011-09-18,0.0,0.0,0.0,0.0,0.0
2011-09-19,0.0,0.0,0.0,0.0,0.0
2011-09-20,0.0,0.0,0.0,0.0,0.0
2011-09-21,0.0,0.0,0.0,0.0,0.0
2011-09-22,0.0,0.0,0.0,0.0,0.0
2011-09-23,0.0,0.0,0.0,0.0,0.0
2011-09-24,0.0,0.0,0.0,0.0,0.0
2011-09-25,0.0,0.0,0.0,0.0,0.0
2011-09-26,0.0,0.0,0.0,0.0,0.0
2011-09-27,0.0,0.0,0.0,0.0,0.0
2011-09-28,0.0,0.0,0.0,0.0,0.0
2011-09-29,0.0,0.0,0.0,0.0,0.0
2011-09-30,0.0,0.0,0.0,0.0,0.0
2011-10-01,0.0,0.0,0.0,0.0,0.0
2011-10-02,0.0,0.0,0.0,0.0,0.0
2011-10-03,0.0,0.0,0.0,0.0,0.0
2011-10-04,0.038,55.57,5.73,17.66,32.18
2011-10-05,0.689,204.77,11.81,82.18,110.77
2011-10-06,0.324,139.62,12.0,54.67,72.95
2011-10-07,0.11,89.31,12.55,20.66,56.1
2011-10-08,0.023,49.73,12.53,0.0,37.2
2011-10-09,0.005,24.7,12.55,0.0,12.15
2011-10-10,0.001,15.56,12.52,0.0,3.04
2011-10-11,0.0,13.17,12.42,0.0,0.74
2011-10-12,0.0,12.6,12.22,0.0,0.38
2011-10-13,0.0,12.48,12.01,0.0,0.47
2011-10-14,0.0,12.46,11.9,0.0,0.55
2011-10-15,0.0,12.41,11.81,0.0,0.59
2011-10-16,0.0,12.45,11.86,0.0,0.59
2011-10-17,0.0,12.43,11.84,0.0,0.59
2011-10-18,0.0,12.45,11.86,0.0,0.59
2011-10-19,0.0,12.41,11.81,0.0,0.6
2011-10-20,0.0,12.44,11.83,0.0,0.6
2011-10-21,0.0,12.42,11.83,0.0,0.6
2011-10-22,0.0,12.44,11.84,0.0,0.6
2011-10-23,0.0,12.47,11.88,0.0,0.59
2011-10-24,0.0,12.45,11.86,0.0,0.59
2011-10-25,0.0,12.46,11.87,0.0,0.59
2011-10-26,0.0,12.45,11.85,0.0,0.59
2011-10-27,0.0,12.51,11.92,0.0,0.58
2011-10-28,0.0,12.44,11.87,0.0,0.57
2011-10-29,0.0,12.48,11.9,0.0,0.58
2011-10-30,0.0,12.5,11.93,0.0,0.57
2011-10-31,0.0,12.57,12.02,0.0,0.54
2011-11-01,0.0,12.56,12.09,0.0,0.47
2011-11-02,0.0,12.72,12.56,0.0,0.16
2011-11-03,0.0,0.0,0.0,0.0,0.0
2011-11-04,0.0,0.0,0.0,0.0,0.0
2011-11-05,0.154,158.65,10.78,63.85,84.01
2011-11-06,0.266,159.2,12.53,61.2,85.47
2011-11-07,0.056,83.9,12.55,0.02,71.33
2011-11-08,0.012,46.31,12.53,0.0,33.78
2011-11-09,0.003,21.72,12.52,0.0,9.19
2011-11-10,0.001,14.78,12.54,0.0,2.24
2011-11-11,0.0,13.03,12.47,0.0,0.56
2011-11-12,0.0,12.57,12.25,0.0,0.32
2011-11-13,0.0,12.48,12.03,0.0,0.45
2011-11-14,0.0,12.44,11.89,0.0,0.55
2011-11-15,0.0,12.42,11.83,0.0,0.59
2011-11-16,0.0,12.43,11.83,0.0,0.6
2011-11-17,0.0,12.43,11.83,0.0,0.6
2011-11-18,0.0,12.48,11.89,0.0,0.59
2011-11-19,0.007,16.16,4.34,0.32,11.5
2011-11-20,0.148,38.89,11.71,4.63,22.55
2011-11-21,0.062,32.76,12.55,0.05,20.17
2011-11-22,0.013,22.76,12.54,0.0,10.22
2011-11-23,0.003,15.26,12.5,0.0,2.77
2011-11-24,0.077,40.05,11.39,1.14,27.53
2011-11-25,0.029,35.54,12.55,0.0,22.99
2011-11-26,0.006,20.32,12.52,0.0,7.8
2011-11-27,0.002,14.23,12.4,0.0,1.83
2011-11-28,0.0,12.97,12.49,0.0,0.48
2011-11-29,0.0,12.64,12.45,0.0,0.19
2011-11-30,0.0,12.56,12.3,0.0,0.26
2011-12-01,0.0,12.63,12.33,0.0,0.3
2011-12-02,0.0,12.3,11.83,0.0,0.47
2011-12-03,0.0,12.56,12.05,0.0,0.52
2011-12-04,0.0,12.23,11.55,0.0,0.67
2011-12-05,0.0,12.47,11.84,0.0,0.63
2011-12-06,0.0,12.39,11.79,0.0,0.6
2011-12-07,0.0,12.41,11.79,0.0,0.62
2011-12-08,0.0,12.41,11.8,0.0,0.61
2011-12-09,0.0,12.45,11.86,0.0,0.6
2011-12-10,0.0,12.44,11.84,0.0,0.6
2011-12-11,0.0,12.48,11.89,0.0,0.59
2011-12-12,0.0,12.42,11.82,0.0,0.59
2011-12-13,0.0,12.45,11.86,0.0,0.59
2011-12-14,0.0,12.42,11.83,0.0,0.59
2011-12-15,0.0,12.4,11.79,0.0,0.61
2011-12-16,0.0,12.46,11.86,0.0,0.6
2011-12-17,0.0,12.4,11.8,0.0,0.61
2011-12-18,0.0,12.48,11.87,0.0,0.6
2011-12-19,0.0,12.56,11.99,0.0,0.57
2011-12-20,0.0,12.63,12.11,0.0,0.52
2011-12-21,0.0,12.65,12.31,0.02,0.32
2011-12-22,0.0,0.0,0.0,0.0,0.0
2011-12-23,0.0,0.0,0.0,0.0,0.0
2011-12-24,0.0,0.0,0.0,0.0,0.0
2011-12-25,0.0,0.0,0.0,0.0,0.0
2011-12-26,0.0,0.0,0.0,0.0,0.0
2011-12-27,0.0,0.0,0.0,0.0,0.0
2011-12-28,0.0,0.0,0.0,0.0,0.0
2011-12-29,0.0,0.0,0.0,0.0,0.0
2011-12-30,0.0,0.0,0.0,0.0,0.0
2011-12-31,0.0,0.0,0.0,0.0,0.0
2012-01-01,0.0,0.0,0.0,0.0,0.0
2012-01-02,0.0,0.0,0.0,0.0,0.0
2012-01-03,0.0,0.0,0.0,0.0,0.0
2012-01-04,0.0,0.0,0.0,0.0,0.0
2012-01-05,0.0,0.0,0.0,0.0,0.0
2012-01-06,0.0,0.0,0.0,0.0,0.0
2012-01-07,0.0,0.0,0.0,0.0,0.0
2012-01-08,0.0,0.0,0.0,0.0,0.0
2012-01-09,0.0,0.0,0.0,0.0,0.0
2012-01-10,0.0,0.0,0.0,0.0,0.0
2012-01-11,0.0,0.0,0.0,0.0,0.0
2012-01-12,0.0,0.0,0.0,0.0,0.0
2012-01-13,0.0,0.0,0.0,0.0,0.0
2012-01-14,0.0,0.0,0.0,0.0,0.0
2012-01-15,0.0,0.0,0.0,0.0,0.0
2012-01-16,0.0,0.0,0.0,0.0,0.0
2012-01-17,0.0,0.0,0.0,0.0,0.0
2012-01-18,0.0,0.0,0.0,0.0,0.0
2012-01-19,0.005,15.53,6.74,0.12,8.67
2012-01-20,0.62,166.27,9.6,66.97,89.69
2012-01-21,1.535,362.39,12.43,151.05,198.91
2012-01-22,0.488,231.72,11.66,94.99,125.07
2012-01-23,1.081,164.29,11.85,65.82,86.62
2012-01-24,0.278,143.57,12.52,55.06,75.99
2012-01-25,0.068,68.77,12.39,0.07,56.3
2012-01-26,0.025,31.06,12.13,0.0,18.93
2012-01-27,0.014,15.0,12.02,0.0,2.98
2012-01-28,0.007,13.03,12.2,0.0,0.83
2012-01-29,0.004,12.25,11.69,0.0,0.56
2012-01-30,0.004,12.49,11.84,0.0,0.65
2012-01-31,0.003,12.64,12.06,0.0,0.58
2012-02-01,0.001,12.57,12.14,0.0,0.43
2012-02-02,0.0,12.68,12.45,0.0,0.22
2012-02-03,0.0,12.54,12.28,0.0,0.26
2012-02-04,0.0,12.5,12.08,0.0,0.42
2012-02-05,0.0,12.5,11.99,0.0,0.51
2012-02-06,0.0,12.5,11.95,0.0,0.54
2012-02-07,0.168,49.37,11.42,10.89,27.06
2012-02-08,0.056,36.33,12.53,0.0,23.79
2012-02-09,0.013,23.25,12.47,0.0,10.79
2012-02-10,0.004,14.81,12.36,0.0,2.45
2012-02-11,0.001,13.16,12.54,0.0,0.62
2012-02-12,0.0,12.69,12.51,0.0,0.18
2012-02-13,0.0,12.55,12.39,0.0,0.17
2012-02-14,0.0,12.51,12.17,0.0,0.33
2012-02-15,0.0,12.5,12.02,0.0,0.47
2012-02-16,0.0,12.48,11.93,0.0,0.55
2012-02-17,0.0,12.5,11.93,0.0,0.56
2012-02-18,0.0,12.6,12.04,0.0,0.55
2012-02-19,0.0,12.48,12.0,0.0,0.48
2012-02-20,0.0,12.54,12.01,0.0,0.53
2012-02-21,0.0,12.63,12.11,0.0,0.52
2012-02-22,0.0,12.73,12.56,0.0,0.17
2012-02-23,0.0,12.62,12.56,0.0,0.06
2012-02-24,0.0,0.0,0.0,0.0,0.0
2012-02-25,0.0,0.0,0.0,0.0,0.0
2012-02-26,0.0,0.0,0.0,0.0,0.0
2012-02-27,0.0,0.0,0.0,0.0,0.0
2012-02-28,0.0,0.0,0.0,0.0,0.0
2012-02-29,0.331,178.38,11.45,72.01,94.92
2012-03-01,0.166,111.32,12.05,27.81,71.45
2012-03-02,0.059,63.13,12.52,0.01,50.6
2012-03-03,0.014,35.07,12.46,0.0,22.61
2012-03-04,0.003,18.73,12.52,0.0,6.21
2012-03-05,0.001,14.06,12.54,0.0,1.53
2012-03-06,0.0,12.89,12.48,0.0,0.4
2012-03-07,0.0,12.58,12.33,0.0,0.25
2012-03-08,0.0,12.49,12.09,0.0,0.4
2012-03-09,0.0,12.48,11.96,0.0,0.52
2012-03-10,0.0,12.45,11.88,0.0,0.57
2012-03-11,0.0,12.48,11.9,0.0,0.58
2012-03-12,0.0,12.52,11.95,0.0,0.57
2012-03-13,0.369,95.3,10.93,34.86,49.51
2012-03-14,1.704,172.18,11.4,69.28,91.5
2012-03-15,0.963,155.1,12.47,61.54,81.09
2012-03-16,0.801,128.31,11.26,50.54,66.52
2012-03-17,0.639,148.25,12.5,58.62,77.13
2012-03-18,0.164,98.95,12.36,31.61,54.98
2012-03-19,0.07,35.89,11.99,0.0,23.89
2012-03-20,0.047,18.21,11.95,0.0,6.26
2012-03-21,0.035,13.5,11.85,0.0,1.65
2012-03-22,0.032,12.71,11.8,0.0,0.9
2012-03-23,0.027,12.67,11.88,0.0,0.79
2012-03-24,0.357,109.99,9.84,42.14,58.0
2012-03-25,0.991,137.99,12.22,53.99,71.77
2012-03-26,0.258,102.6,12.38,37.43,52.79
2012-03-27,0.543,237.92,10.58,95.94,131.4
2012-03-28,0.781,260.51,12.41,106.71,141.39
2012-03-29,0.248,154.15,12.22,60.29,81.64
2012-03-30,0.127,48.86,11.99,7.12,29.75
2012-03-31,0.278,93.33,11.46,34.17,47.69
2012-04-01,0.171,69.96,12.18,21.26,36.51
2012-04-02,0.099,24.19,11.94,0.01,12.24
2012-04-03,0.074,15.7,11.89,0.0,3.8
2012-04-04,0.058,13.49,11.85,0.0,1.63
2012-04-05,0.049,12.9,11.81,0.0,1.09
2012-04-06,0.043,12.76,11.82,0.0,0.94
2012-04-07,0.036,12.7,11.84,0.0,0.86
2012-04-08,0.03,12.65,11.85,0.0,0.8
2012-04-09,0.024,12.65,11.9,0.0,0.75
2012-04-10,0.331,78.73,10.55,28.36,39.81
2012-04-11,0.507,88.11,12.33,32.43,43.36
2012-04-12,0.55,177.83,10.73,72.11,94.99
2012-04-13,1.413,250.87,11.96,103.16,135.75
2012-04-14,0.471,164.93,12.27,65.92,86.74
2012-04-15,0.222,70.92,12.02,24.62,34.28
2012-04-16,0.149,24.43,11.91,2.41,10.12
2012-04-17,0.119,15.06,11.84,0.05,3.18
2012-04-18,0.1,13.45,11.86,0.01,1.58
2012-04-19,0.083,13.07,11.84,0.01,1.23
2012-04-20,0.071,12.98,11.84,0.0,1.13
2012-04-21,0.058,12.92,11.85,0.0,1.07
2012-04-22,0.048,12.84,11.85,0.0,0.99
2012-04-23,0.039,12.75,11.86,0.0,0.89
2012-04-24,0.03,12.71,11.9,0.0,0.81
2012-04-25,0.022,12.62,11.89,0.0,0.73
2012-04-26,0.04,18.27,11.51,0.02,6.75
2012-04-27,0.027,15.46,12.11,0.0,3.35
2012-04-28,0.014,12.99,12.0,0.0,1.0
2012-04-29,0.009,12.64,12.01,0.0,0.63
2012-04-30,0.004,12.74,12.24,0.0,0.5
2012-05-01,0.001,12.69,12.5,0.0,0.19
2012-05-02,0.0,12.61,12.56,0.0,0.05
2012-05-03,0.0,12.57,12.56,0.0,0.01
2012-05-04,0.0,12.56,12.56,0.0,0.0
2012-05-05,0.0,12.56,12.56,0.0,0.0
2012-05-06,0.0,12.56,12.56,0.0,0.0
2012-05-07,0.0,12.56,12.56,0.0,0.0
2012-05-08,0.0,0.0,0.0,0.0,0.0
2012-05-09,0.0,0.0,0.0,0.0,0.0
2012-05-10,0.0,0.0,0.0,0.0,0.0
2012-05-11,0.0,0.0,0.0,0.0,0.0
2012-05-12,0.0,0.0,0.0,0.0,0.0
2012-05-13,0.0,0.0,0.0,0.0,0.0
2012-05-14,0.0,0.0,0.0,0.0,0.0
2012-05-15,0.0,0.0,0.0,0.0,0.0
2012-05-16,0.0,0.0,0.0,0.0,0.0
2012-05-17,0.0,0.0,0.0,0.0,0.0
2012-05-18,0.0,0.0,0.0,0.0,0.0
2012-05-19,0.0,0.0,0.0,0.0,0.0
2012-05-20,0.0,0.0,0.0,0.0,0.0
2012-05-21,0.0,0.0,0.0,0.0,0.0
2012-05-22,0.0,0.0,0.0,0.0,0.0
2012-05-23,0.0,0.0,0.0,0.0,0.0
2012-05-24,0.0,0.0,0.0,0.0,0.0
2012-05-25,0.0,0.0,0.0,0.0,0.0
2012-05-26,0.0,0.0,0.0,0.0,0.0
2012-05-27,0.0,0.0,0.0,0.0,0.0
2012-05-28,0.0,0.0,0.0,0.0,0.0
2012-05-29,0.0,0.0,0.0,0.0,0.0
2012-05-30,0.0,0.0,0.0,0.0,0.0
2012-05-31,0.0,0.0,0.0,0.0,0.0
2012-06-01,0.0,0.0,0.0,0.0,0.0
2012-06-02,0.0,0.0,0.0,0.0,0.0
2012-06-03,0.0,0.0,0.0,0.0,0.0
2012-06-04,0.0,0.0,0.0,0.0,0.0
2012-06-05,0.0,0.0,0.0,0.0,0.0
2012-06-06,0.0,0.0,0.0,0.0,0.0
2012-06-07,0.0,0.0,0.0,0.0,0.0
2012-06-08,0.0,0.0,0.0,0.0,0.0
2012-06-09,0.0,0.0,0.0,0.0,0.0
2012-06-10,0.0,0.0,0.0,0.0,0.0
2012-06-11,0.0,0.0,0.0,0.0,0.0
2012-06-12,0.0,0.0,0.0,0.0,0.0
2012-06-13,0.0,0.0,0.0,0.0,0.0
2012-06-14,0.0,0.0,0.0,0.0,0.0
2012-06-15,0.0,0.0,0.0,0.0,0.0
2012-06-16,0.0,0.0,0.0,0.0,0.0
2012-06-17,0.0,0.0,0.0,0.0,0.0
2012-06-18,0.0,0.0,0.0,0.0,0.0
2012-06-19,0.0,0.0,0.0,0.0,0.0
2012-06-20,0.0,0.0,0.0,0.0,0.0
2012-06-21,0.0,0.0,0.0,0.0,0.0
2012-06-22,0.0,0.0,0.0,0.0,0.0
2012-06-23,0.0,0.0,0.0,0.0,0.0
2012-06-24,0.0,0.0,0.0,0.0,0.0
2012-06-25,0.0,0.0,0.0,0.0,0.0
2012-06-26,0.0,0.0,0.0,0.0,0.0
2012-06-27,0.0,0.0,0.0,0.0,0.0
2012-06-28,0.0,0.0,0.0,0.0,0.0
2012-06-29,0.0,0.0,0.0,0.0,0.0
2012-06-30,0.0,0.0,0.0,0.0,0.0
2012-07-01,0.0,0.0,0.0,0.0,0.0
2012-07-02,0.0,0.0,0.0,0.0,0.0
2012-07-03,0.0,0.0,0.0,0.0,0.0
2012-07-04,0.0,0.0,0.0,0.0,0.0
2012-07-05,0.0,0.0,0.0,0.0,0.0
2012-07-06,0.0,0.0,0.0,0.0,0.0
2012-07-07,0.0,0.0,0.0,0.0,0.0
2012-07-08,0.0,0.0,0.0,0.0,0.0
2012-07-09,0.0,0.0,0.0,0.0,0.0
2012-07-10,0.0,0.0,0.0,0.0,0.0
2012-07-11,0.0,0.0,0.0,0.0,0.0
2012-07-12,0.0,0.0,0.0,0.0,0.0
2012-07-13,0.0,0.0,0.0,0.0,0.0
2012-07-14,0.0,0.0,0.0,0.0,0.0
2012-07-15,0.0,0.0,0.0,0.0,0.0
2012-07-16,0.0,0.0,0.0,0.0,0.0
2012-07-17,0.0,0.0,0.0,0.0,0.0
2012-07-18,0.0,0.0,0.0,0.0,0.0
2012-07-19,0.0,0.0,0.0,0.0,0.0
2012-07-20,0.0,0.0,0.0,0.0,0.0
2012-07-21,0.0,0.0,0.0,0.0,0.0
2012-07-22,0.0,0.0,0.0,0.0,0.0
2012-07-23,0.0,0.0,0.0,0.0,0.0
2012-07-24,0.0,0.0,0.0,0.0,0.0
2012-07-25,0.0,0.0,0.0,0.0,0.0
2012-07-26,0.0,0.0,0.0,0.0,0.0
2012-07-27,0.0,0.0,0.0,0.0,0.0
2012-07-28,0.0,0.0,0.0,0.0,0.0
2012-07-29,0.0,0.0,0.0,0.0,0.0
2012-07-30,0.0,0.0,0.0,0.0,0.0
2012-07-31,0.0,0.0,0.0,0.0,0.0
2012-08-01,0.0,0.0,0.0,0.0,0.0
2012-08-02,0.0,0.0,0.0,0.0,0.0
2012-08-03,0.0,0.0,0.0,0.0,0.0
2012-08-04,0.0,0.0,0.0,0.0,0.0
2012-08-05,0.0,0.0,0.0,0.0,0.0
2012-08-06,0.0,0.0,0.0,0.0,0.0
2012-08-07,0.0,0.0,0.0,0.0,0.0
2012-08-08,0.0,0.0,0.0,0.0,0.0
2012-08-09,0.0,0.0,0.0,0.0,0.0
2012-08-10,0.0,0.0,0.0,0.0,0.0
2012-08-11,0.0,0.0,0.0,0.0,0.0
2012-08-12,0.0,0.0,0.0,0.0,0.0
2012-08-13,0.0,0.0,0.0,0.0,0.0
2012-08-14,0.0,0.0,0.0,0.0,0.0
2012-08-15,0.0,0.0,0.0,0.0,0.0
2012-08-16,0.0,0.0,0.0,0.0,0.0
2012-08-17,0.0,0.0,0.0,0.0,0.0
2012-08-18,0.0,0.0,0.0,0.0,0.0
2012-08-19,0.0,0.0,0.0,0.0,0.0
2012-08-20,0.0,0.0,0.0,0.0,0.0
2012-08-21,0.0,0.0,0.0,0.0,0.0
2012-08-22,0.0,0.0,0.0,0.0,0.0
2012-08-23,0.0,0.0,0.0,0.0,0.0
2012-08-24,0.0,0.0,0.0,0.0,0.0
2012-08-25,0.0,0.0,0.0,0.0,0.0
2012-08-26,0.0,0.0,0.0,0.0,0.0
2012-08-27,0.0,0.0,0.0,0.0,0.0
2012-08-28,0.0,0.0,0.0,0.0,0.0
2012-08-29,0.0,0.0,0.0,0.0,0.0
2012-08-30,0.0,0.0,0.0,0.0,0.0
2012-08-31,0.0,0.0,0.0,0.0,0.0
2012-09-01,0.0,0.0,0.0,0.0,0.0
2012-09-02,0.0,0.0,0.0,0.0,0.0
2012-09-03,0.0,0.0,0.0,0.0,0.0
2012-09-04,0.0,0.0,0.0,0.0,0.0
2012-09-05,0.0,0.0,0.0,0.0,0.0
2012-09-06,0.0,0.0,0.0,0.0,0.0
2012-09-07,0.0,0.0,0.0,0.0,0.0
2012-09-08,0.0,0.0,0.0,0.0,0.0
2012-09-09,0.0,0.0,0.0,0.0,0.0
2012-09-10,0.0,0.0,0.0,0.0,0.0
2012-09-11,0.0,0.0,0.0,0.0,0.0
2012-09-12,0.0,0.0,0.0,0.0,0.0
2012-09-13,0.0,0.0,0.0,0.0,0.0
2012-09-14,0.0,0.0,0.0,0.0,0.0
2012-09-15,0.0,0.0,0.0,0.0,0.0
2012-09-16,0.0,0.0,0.0,0.0,0.0
2012-09-17,0.0,0.0,0.0,0.0,0.0
2012-09-18,0.0,0.0,0.0,0.0,0.0
2012-09-19,0.0,0.0,0.0,0.0,0.0
2012-09-20,0.0,0.0,0.0,0.0,0.0
2012-09-21,0.0,0.0,0.0,0.0,0.0
2012-09-22,0.0,0.0,0.0,0.0,0.0
2012-09-23,0.0,0.0,0.0,0.0,0.0
2012-09-24,0.0,0.0,0.0,0.0,0.0
2012-09-25,0.0,0.0,0.0,0.0,0.0
2012-09-26,0.0,0.0,0.0,0.0,0.0
2012-09-27,0.0,0.0,0.0,0.0,0.0
2012-09-28,0.0,0.0,0.0,0.0,0.0
2012-09-29,0.0,0.0,0.0,0.0,0.0
2012-09-30,0.0,0.0,0.0,0.0,0.0
2012-10-01,0.0,0.0,0.0,0.0,0.0
2012-10-02,0.0,0.0,0.0,0.0,0.0
2012-10-03,0.0,0.0,0.0,0.0,0.0
2012-10-04,0.0,0.0,0.0,0.0,0.0
2012-10-05,0.0,0.0,0.0,0.0,0.0
2012-10-06,0.0,0.0,0.0,0.0,0.0
2012-10-07,0.0,0.0,0.0,0.0,0.0
2012-10-08,0.0,0.0,0.0,0.0,0.0
2012-10-09,0.0,0.0,0.0,0.0,0.0
2012-10-10,0.0,0.0,0.0,0.0,0.0
2012-10-11,0.0,0.0,0.0,0.0,0.0
2012-10-12,0.0,0.0,0.0,0.0,0.0
2012-10-13,0.0,0.0,0.0,0.0,0.0
2012-10-14,0.0,0.0,0.0,0.0,0.0
2012-10-15,0.0,0.0,0.0,0.0,0.0
2012-10-16,0.0,0.0,0.0,0.0,0.0
2012-10-17,0.0,0.0,0.0,0.0,0.0
2012-10-18,0.0,0.0,0.0,0.0,0.0
2012-10-19,0.0,0.0,0.0,0.0,0.0
2012-10-20,0.0,0.0,0.0,0.0,0.0
2012-10-21,0.0,0.0,0.0,0.0,0.0
2012-10-22,0.462,111.08,10.83,40.82,59.43
2012-10-23,0.54,156.03,12.35,61.57,82.1
2012-10-24,0.11,114.58,12.56,27.44,74.59
2012-10-25,0.023,63.46,12.56,0.0,50.9
2012-10-26,0.005,28.4,12.51,0.0,15.89
2012-10-27,0.001,16.45,12.53,0.0,3.93
2012-10-28,0.0,13.37,12.43,0.0,0.93
2012-10-29,0.0,12.63,12.22,0.0,0.41
2012-10-30,0.0,12.47,11.98,0.0,0.49
2012-10-31,0.0,1.2,1.15,0.0,0.05
2012-11-01,0.223,98.51,11.54,35.18,51.79
2012-11-02,0.051,59.48,12.56,0.0,46.93
2012-11-03,0.011,33.98,12.54,0.0,21.44
2012-11-04,0.002,18.44,12.55,0.0,5.89
2012-11-05,0.0,13.95,12.52,0.0,1.43
2012-11-06,0.0,12.82,12.41,0.0,0.41
2012-11-07,0.0,12.53,12.18,0.0,0.36
2012-11-08,0.0,12.49,12.01,0.0,0.48
2012-11-09,0.002,12.78,11.3,0.0,1.48
2012-11-10,0.001,13.14,12.55,0.0,0.6
2012-11-11,0.0,12.69,12.51,0.0,0.17
2012-11-12,0.0,12.56,12.4,0.0,0.16
2012-11-13,0.0,12.5,12.18,0.0,0.33
2012-11-14,0.0,12.44,11.94,0.0,0.5
2012-11-15,0.0,12.46,11.89,0.0,0.57
2012-11-16,0.005,0.01,0.01,0.0,0.0
2012-11-17,0.39,107.14,10.68,38.9,57.56
2012-11-18,0.482,210.0,12.54,84.86,112.6
2012-11-19,0.099,141.93,12.56,29.6,99.77
2012-11-20,0.035,45.28,7.5,0.0,37.78
2012-11-21,0.954,219.16,11.69,89.53,117.95
2012-11-22,0.234,191.29,12.54,72.28,106.47
2012-11-23,0.052,96.94,12.48,0.0,84.45
2012-11-24,0.014,42.8,12.32,0.0,30.48
2012-11-25,0.006,17.29,12.14,0.0,5.15
2012-11-26,0.003,13.18,12.17,0.0,1.01
2012-11-27,0.001,12.72,12.26,0.0,0.46
2012-11-28,0.141,103.57,11.21,38.08,54.28
2012-11-29,0.078,71.06,12.37,5.02,53.67
2012-11-30,1.786,217.7,11.36,88.88,117.46
2012-12-01,0.924,166.72,12.1,66.69,87.93
2012-12-02,1.913,378.18,11.61,158.29,208.29
2012-12-03,0.741,373.19,12.45,155.77,204.97
2012-12-04,0.226,222.14,12.25,87.0,122.9
2012-12-05,0.703,240.89,11.46,95.95,133.48
2012-12-06,0.34,178.1,12.26,70.42,95.41
2012-12-07,0.165,69.78,11.99,21.26,36.54
2012-12-08,0.121,21.78,11.86,0.03,9.9
2012-12-09,0.103,14.84,11.82,0.01,3.01
2012-12-10,0.092,13.33,11.8,0.01,1.52
2012-12-11,0.085,13.01,11.79,0.01,1.21
2012-12-12,0.074,13.02,11.87,0.0,1.15
2012-12-13,0.066,12.85,11.74,0.0,1.11
2012-12-14,0.064,12.91,11.8,0.0,1.1
2012-12-15,0.06,12.87,11.8,0.0,1.07
2012-12-16,0.054,12.76,11.75,0.0,1.01
2012-12-17,0.254,85.18,11.45,31.56,42.17
2012-12-18,0.131,60.66,12.26,15.48,32.91
2012-12-19,0.067,24.14,11.89,0.0,12.24
2012-12-20,0.055,15.18,11.89,0.0,3.3
2012-12-21,0.092,46.2,9.84,15.05,21.31
2012-12-22,0.974,180.47,11.48,72.87,96.11
2012-12-23,1.553,149.54,11.5,59.6,78.45
2012-12-24,1.064,128.11,12.25,50.03,65.84
2012-12-25,1.039,125.46,11.27,49.31,64.88
2012-12-26,1.198,126.97,12.11,49.6,65.26
2012-12-27,0.695,49.63,11.94,16.28,21.42
2012-12-28,0.552,22.01,11.83,4.4,5.79
2012-12-29,0.47,15.58,11.83,1.62,2.13
2012-12-30,0.417,14.17,11.81,1.02,1.34
2012-12-31,0.374,13.88,11.81,0.89,1.18
2013-01-01,0.333,13.84,11.82,0.87,1.15
2013-01-02,0.291,13.82,11.82,0.86,1.14
2013-01-03,0.257,13.81,11.81,0.86,1.14
2013-01-04,0.226,13.83,11.83,0.86,1.14
2013-01-05,0.215,14.62,11.5,1.35,1.78
2013-01-06,0.286,23.95,11.89,5.21,6.85
2013-01-07,0.212,16.49,11.88,1.99,2.62
2013-01-08,0.174,14.19,11.83,0.9,1.46
2013-01-09,0.149,13.38,11.86,0.31,1.21
2013-01-10,0.121,13.02,11.85,0.03,1.15
2013-01-11,0.105,12.96,11.81,0.01,1.14
2013-01-12,0.095,12.94,11.8,0.01,1.14
2013-01-13,0.084,12.95,11.81,0.01,1.14
2013-01-14,0.07,12.97,11.85,0.0,1.12
2013-01-15,0.064,12.89,11.79,0.0,1.1
2013-01-16,0.058,12.89,11.82,0.0,1.07
2013-01-17,0.048,12.87,11.87,0.0,0.99
2013-01-18,0.039,12.72,11.83,0.0,0.89
2013-01-19,0.032,12.7,11.88,0.0,0.82
2013-01-20,0.025,12.6,11.85,0.0,0.75
2013-01-21,0.02,12.64,11.93,0.0,0.71
2013-01-22,0.016,12.46,11.77,0.0,0.69
2013-01-23,0.01,12.78,12.16,0.0,0.61
2013-01-24,0.007,12.11,11.49,0.0,0.62
2013-01-25,0.011,12.46,11.73,0.0,0.72
2013-01-26,0.01,12.54,11.88,0.0,0.66
2013-01-27,0.008,12.6,11.96,0.0,0.64
2013-01-28,0.004,12.44,11.94,0.0,0.5
2013-01-29,0.003,12.51,11.88,0.0,0.63
2013-01-30,0.002,12.66,12.11,0.0,0.55
2013-01-31,0.0,12.74,12.54,0.0,0.19
2013-02-01,0.0,12.61,12.56,0.0,0.05
2013-02-02,0.0,12.57,12.56,0.0,0.01
2013-02-03,0.0,12.56,12.56,0.0,0.0
2013-02-04,0.0,12.56,12.56,0.0,0.0
2013-02-05,0.0,12.56,12.56,0.0,0.0
2013-02-06,0.0,12.56,12.56,0.0,0.0
2013-02-07,0.0,0.0,0.0,0.0,0.0
2013-02-08,0.0,0.0,0.0,0.0,0.0
2013-02-09,0.0,0.0,0.0,0.0,0.0
2013-02-10,0.0,0.0,0.0,0.0,0.0
2013-02-11,0.0,0.0,0.0,0.0,0.0
2013-02-12,0.0,0.0,0.0,0.0,0.0
2013-02-13,0.0,0.0,0.0,0.0,0.0
2013-02-14,0.0,0.0,0.0,0.0,0.0
2013-02-15,0.0,0.0,0.0,0.0,0.0
2013-02-16,0.0,0.0,0.0,0.0,0.0
2013-02-17,0.0,0.0,0.0,0.0,0.0
2013-02-18,0.0,0.0,0.0,0.0,0.0
2013-02-19,0.103,61.96,11.53,14.65,35.78
2013-02-20,0.067,45.49,12.48,0.14,32.88
2013-02-21,0.019,25.9,12.3,0.0,13.6
2013-02-22,0.008,14.76,12.15,0.0,2.61
2013-02-23,0.003,12.92,12.18,0.0,0.74
2013-02-24,0.001,12.78,12.56,0.0,0.22
2013-02-25,0.0,12.61,12.55,0.0,0.06
2013-02-26,0.0,12.57,12.51,0.0,0.05
2013-02-27,0.0,12.55,12.43,0.0,0.12
2013-02-28,0.0,12.54,12.29,0.0,0.25
2013-03-01,0.0,12.58,12.2,0.0,0.38
2013-03-02,0.0,12.65,12.31,0.0,0.34
2013-03-03,0.0,12.67,12.56,0.0,0.11
2013-03-04,0.0,12.6,12.56,0.0,0.04
2013-03-05,0.0,0.0,0.0,0.0,0.0
2013-03-06,0.169,81.63,11.5,24.76,45.37
2013-03-07,0.047,47.99,12.47,0.0,35.53
2013-03-08,0.011,26.33,12.41,0.0,13.92
2013-03-09,0.005,14.39,12.12,0.0,2.27
2013-03-10,0.002,12.94,12.28,0.0,0.65
2013-03-11,0.0,12.74,12.55,0.0,0.19
2013-03-12,0.0,12.6,12.53,0.0,0.07
2013-03-13,0.0,12.56,12.46,0.0,0.1
2013-03-14,0.0,12.53,12.3,0.0,0.23
2013-03-15,0.0,12.5,12.1,0.0,0.4
2013-03-16,0.0,12.59,12.1,0.0,0.49
2013-03-17,0.0,12.54,12.08,0.0,0.46
2013-03-18,0.0,12.69,12.4,0.0,0.28
2013-03-19,0.0,12.66,12.56,0.0,0.1
2013-03-20,0.0,0.0,0.0,0.0,0.0
2013-03-21,0.0,0.0,0.0,0.0,0.0
2013-03-22,0.0,0.0,0.0,0.0,0.0
2013-03-23,0.0,0.0,0.0,0.0,0.0
2013-03-24,0.0,0.0,0.0,0.0,0.0
2013-03-25,0.0,0.0,0.0,0.0,0.0
2013-03-26,0.0,0.0,0.0,0.0,0.0
2013-03-27,0.0,0.0,0.0,0.0,0.0
2013-03-28,0.0,0.0,0.0,0.0,0.0
2013-03-29,0.0,0.0,0.0,0.0,0.0
2013-03-30,0.0,0.0,0.0,0.0,0.0
2013-03-31,0.0,0.0,0.0,0.0,0.0
2013-04-01,0.461,133.07,11.54,51.44,70.09
2013-04-02,0.136,107.03,12.5,30.36,64.17
2013-04-03,0.034,53.1,12.39,0.0,40.71
2013-04-04,0.236,185.4,11.48,74.75,99.18
2013-04-05,0.079,103.33,12.46,5.65,85.21
2013-04-06,0.023,49.25,12.27,0.0,36.98
2013-04-07,0.01,18.67,12.2,0.0,6.47
2013-04-08,0.002,14.19,12.52,0.0,1.67
2013-04-09,0.001,12.71,12.11,0.0,0.59
2013-04-10,0.0,12.71,12.51,0.0,0.2
2013-04-11,0.0,12.56,12.37,0.0,0.18
2013-04-12,0.0,12.5,12.14,0.0,0.35
2013-04-13,0.0,12.48,11.98,0.0,0.5
2013-04-14,0.0,12.48,11.92,0.0,0.56
2013-04-15,0.0,12.48,11.9,0.0,0.58
2013-04-16,0.0,12.45,11.87,0.0,0.57
2013-04-17,0.0,12.45,11.88,0.0,0.57
2013-04-18,0.0,12.46,11.88,0.0,0.59
2013-04-19,0.0,12.52,11.95,0.0,0.57
2013-04-20,0.0,12.59,12.05,0.0,0.53
2013-04-21,0.0,12.69,12.26,0.0,0.44
2013-04-22,0.0,12.68,12.56,0.0,0.12
2013-04-23,0.0,12.6,12.56,0.0,0.04
2013-04-24,0.0,0.0,0.0,0.0,0.0
2013-04-25,0.0,0.0,0.0,0.0,0.0
2013-04-26,0.0,0.0,0.0,0.0,0.0
2013-04-27,0.0,0.0,0.0,0.0,0.0
2013-04-28,0.0,0.0,0.0,0.0,0.0
2013-04-29,0.0,0.0,0.0,0.0,0.0
2013-04-30,0.0,0.0,0.0,0.0,0.0
2013-05-01,0.0,0.0,0.0,0.0,0.0
2013-05-02,0.0,0.0,0.0,0.0,0.0
2013-05-03,0.0,0.0,0.0,0.0,0.0
2013-05-04,0.0,0.0,0.0,0.0,0.0
2013-05-05,0.0,0.0,0.0,0.0,0.0
2013-05-06,0.0,0.0,0.0,0.0,0.0
2013-05-07,0.0,0.0,0.0,0.0,0.0
2013-05-08,0.0,0.0,0.0,0.0,0.0
2013-05-09,0.0,0.0,0.0,0.0,0.0
2013-05-10,0.0,0.0,0.0,0.0,0.0
2013-05-11,0.0,0.0,0.0,0.0,0.0
2013-05-12,0.0,0.0,0.0,0.0,0.0
2013-05-13,0.0,0.0,0.0,0.0,0.0
2013-05-14,0.0,0.0,0.0,0.0,0.0
2013-05-15,0.0,0.0,0.0,0.0,0.0
2013-05-16,0.0,0.0,0.0,0.0,0.0
2013-05-17,0.0,0.0,0.0,0.0,0.0
2013-05-18,0.0,0.0,0.0,0.0,0.0
2013-05-19,0.0,0.0,0.0,0.0,0.0
2013-05-20,0.0,0.0,0.0,0.0,0.0
2013-05-21,0.0,0.0,0.0,0.0,0.0
2013-05-22,0.0,0.0,0.0,0.0,0.0
2013-05-23,0.0,0.0,0.0,0.0,0.0
2013-05-24,0.0,0.0,0.0,0.0,0.0
2013-05-25,0.0,0.0,0.0,0.0,0.0
2013-05-26,0.0,0.0,0.0,0.0,0.0
2013-05-27,0.0,0.0,0.0,0.0,0.0
2013-05-28,0.0,0.0,0.0,0.0,0.0
2013-05-29,0.0,0.0,0.0,0.0,0.0
2013-05-30,0.0,0.0,0.0,0.0,0.0
2013-05-31,0.0,0.0,0.0,0.0,0.0
2013-06-01,0.0,0.0,0.0,0.0,0.0
2013-06-02,0.0,0.0,0.0,0.0,0.0
2013-06-03,0.0,0.0,0.0,0.0,0.0
2013-06-04,0.0,0.0,0.0,0.0,0.0
2013-06-05,0.0,0.0,0.0,0.0,0.0
2013-06-06,0.0,0.0,0.0,0.0,0.0
2013-06-07,0.0,0.0,0.0,0.0,0.0
2013-06-08,0.0,0.0,0.0,0.0,0.0
2013-06-09,0.0,0.0,0.0,0.0,0.0
2013-06-10,0.0,0.0,0.0,0.0,0.0
2013-06-11,0.0,0.0,0.0,0.0,0.0
2013-06-12,0.0,0.0,0.0,0.0,0.0
2013-06-13,0.0,0.0,0.0,0.0,0.0
2013-06-14,0.0,0.0,0.0,0.0,0.0
2013-06-15,0.0,0.0,0.0,0.0,0.0
2013-06-16,0.0,0.0,0.0,0.0,0.0
2013-06-17,0.0,0.0,0.0,0.0,0.0
2013-06-18,0.0,0.0,0.0,0.0,0.0
2013-06-19,0.0,0.0,0.0,0.0,0.0
2013-06-20,0.0,0.0,0.0,0.0,0.0
2013-06-21,0.0,0.0,0.0,0.0,0.0
2013-06-22,0.0,0.0,0.0,0.0,0.0
2013-06-23,0.0,0.0,0.0,0.0,0.0
2013-06-24,0.0,0.0,0.0,0.0,0.0
2013-06-25,0.0,0.0,0.0,0.0,0.0
2013-06-26,0.0,0.0,0.0,0.0,0.0
2013-06-27,0.0,0.0,0.0,0.0,0.0
2013-06-28,0.0,0.0,0.0,0.0,0.0
2013-06-29,0.0,0.0,0.0,0.0,0.0
2013-06-30,0.0,0.0,0.0,0.0,0.0
2013-07-01,0.0,0.0,0.0,0.0,0.0
2013-07-02,0.0,0.0,0.0,0.0,0.0
2013-07-03,0.0,0.0,0.0,0.0,0.0
2013-07-04,0.0,0.0,0.0,0.0,0.0
2013-07-05,0.0,0.0,0.0,0.0,0.0
2013-07-06,0.0,0.0,0.0,0.0,0.0
2013-07-07,0.0,0.0,0.0,0.0,0.0
2013-07-08,0.0,0.0,0.0,0.0,0.0
2013-07-09,0.0,0.0,0.0,0.0,0.0
2013-07-10,0.0,0.0,0.0,0.0,0.0
2013-07-11,0.0,0.0,0.0,0.0,0.0
2013-07-12,0.0,0.0,0.0,0.0,0.0
2013-07-13,0.0,0.0,0.0,0.0,0.0
2013-07-14,0.0,0.0,0.0,0.0,0.0
2013-07-15,0.0,0.0,0.0,0.0,0.0
2013-07-16,0.0,0.0,0.0,0.0,0.0
2013-07-17,0.0,0.0,0.0,0.0,0.0
2013-07-18,0.0,0.0,0.0,0.0,0.0
2013-07-19,0.0,0.0,0.0,0.0,0.0
2013-07-20,0.0,0.0,0.0,0.0,0.0
2013-07-21,0.0,0.0,0.0,0.0,0.0
2013-07-22,0.0,0.0,0.0,0.0,0.0
2013-07-23,0.0,0.0,0.0,0.0,0.0
2013-07-24,0.0,0.0,0.0,0.0,0.0
2013-07-25,0.0,0.0,0.0,0.0,0.0
2013-07-26,0.0,0.0,0.0,0.0,0.0
2013-07-27,0.0,0.0,0.0,0.0,0.0
2013-07-28,0.0,0.0,0.0,0.0,0.0
2013-07-29,0.0,0.0,0.0,0.0,0.0
2013-07-30,0.0,0.0,0.0,0.0,0.0
2013-07-31,0.0,0.0,0.0,0.0,0.0
2013-08-01,0.0,0.0,0.0,0.0,0.0
2013-08-02,0.0,0.0,0.0,0.0,0.0
2013-08-03,0.0,0.0,0.0,0.0,0.0
2013-08-04,0.0,0.0,0.0,0.0,0.0
2013-08-05,0.0,0.0,0.0,0.0,0.0
2013-08-06,0.0,0.0,0.0,0.0,0.0
2013-08-07,0.0,0.0,0.0,0.0,0.0
2013-08-08,0.0,0.0,0.0,0.0,0.0
2013-08-09,0.0,0.0,0.0,0.0,0.0
2013-08-10,0.0,0.0,0.0,0.0,0.0
2013-08-11,0.0,0.0,0.0,0.0,0.0
2013-08-12,0.0,0.0,0.0,0.0,0.0
2013-08-13,0.0,0.0,0.0,0.0,0.0
2013-08-14,0.0,0.0,0.0,0.0,0.0
2013-08-15,0.0,0.0,0.0,0.0,0.0
2013-08-16,0.0,0.0,0.0,0.0,0.0
2013-08-17,0.0,0.0,0.0,0.0,0.0
2013-08-18,0.0,0.0,0.0,0.0,0.0
2013-08-19,0.0,0.0,0.0,0.0,0.0
2013-08-20,0.0,0.0,0.0,0.0,0.0
2013-08-21,0.0,0.0,0.0,0.0,0.0
2013-08-22,0.0,0.0,0.0,0.0,0.0
2013-08-23,0.0,0.0,0.0,0.0,0.0
2013-08-24,0.0,0.0,0.0,0.0,0.0
2013-08-25,0.0,0.0,0.0,0.0,0.0
2013-08-26,0.0,0.0,0.0,0.0,0.0
2013-08-27,0.0,0.0,0.0,0.0,0.0
2013-08-28,0.0,0.0,0.0,0.0,0.0
2013-08-29,0.0,0.0,0.0,0.0,0.0
2013-08-30,0.0,0.0,0.0,0.0,0.0
2013-08-31,0.0,0.0,0.0,0.0,0.0
2013-09-01,0.0,0.0,0.0,0.0,0.0
2013-09-02,0.0,0.0,0.0,0.0,0.0
2013-09-03,0.0,0.0,0.0,0.0,0.0
2013-09-04,0.0,0.0,0.0,0.0,0.0
2013-09-05,0.0,0.0,0.0,0.0,0.0
2013-09-06,0.0,0.0,0.0,0.0,0.0
2013-09-07,0.0,0.0,0.0,0.0,0.0
2013-09-08,0.0,0.0,0.0,0.0,0.0
2013-09-09,0.0,0.0,0.0,0.0,0.0
2013-09-10,0.0,0.0,0.0,0.0,0.0
2013-09-11,0.0,0.0,0.0,0.0,0.0
2013-09-12,0.0,0.0,0.0,0.0,0.0
2013-09-13,0.0,0.0,0.0,0.0,0.0
2013-09-14,0.0,0.0,0.0,0.0,0.0
2013-09-15,0.0,0.0,0.0,0.0,0.0
2013-09-16,0.0,0.0,0.0,0.0,0.0
2013-09-17,0.0,0.0,0.0,0.0,0.0
2013-09-18,0.0,0.0,0.0,0.0,0.0
2013-09-19,0.0,0.0,0.0,0.0,0.0
2013-09-20,0.0,0.0,0.0,0.0,0.0
2013-09-21,0.298,293.91,11.66,121.88,160.37
2013-09-22,0.167,271.73,12.56,94.09,165.08
2013-09-23,0.034,143.15,12.56,0.0,130.59
2013-09-24,0.007,62.44,12.56,0.0,49.88
2013-09-25,0.001,25.72,12.56,0.0,13.16
2013-09-26,0.0,15.71,12.54,0.0,3.18
2013-09-27,0.0,13.25,12.48,0.0,0.77
2013-09-28,0.0,12.66,12.33,0.0,0.33
2013-09-29,0.0,12.46,12.05,0.0,0.41
2013-09-30,0.0,12.45,11.91,0.0,0.54
2013-10-01,0.0,12.47,11.88,0.0,0.58
2013-10-02,0.0,12.45,11.87,0.0,0.58
2013-10-03,0.0,12.55,11.96,0.0,0.59
2013-10-04,0.0,12.71,12.51,0.0,0.2
2013-10-05,0.0,12.47,12.08,0.0,0.39
2013-10-06,0.0,12.41,11.77,0.0,0.64
2013-10-07,0.0,12.78,12.56,0.0,0.22
2013-10-08,0.0,11.86,11.76,0.01,0.1
2013-10-09,0.0,0.0,0.0,0.0,0.0
2013-10-10,0.0,0.0,0.0,0.0,0.0
2013-10-11,0.0,0.0,0.0,0.0,0.0
2013-10-12,0.0,0.0,0.0,0.0,0.0
2013-10-13,0.0,0.0,0.0,0.0,0.0
2013-10-14,0.0,0.0,0.0,0.0,0.0
2013-10-15,0.0,0.0,0.0,0.0,0.0
2013-10-16,0.0,0.0,0.0,0.0,0.0
2013-10-17,0.0,0.0,0.0,0.0,0.0
2013-10-18,0.0,0.0,0.0,0.0,0.0
2013-10-19,0.0,0.0,0.0,0.0,0.0
2013-10-20,0.0,0.0,0.0,0.0,0.0
2013-10-21,0.0,0.0,0.0,0.0,0.0
2013-10-22,0.0,0.0,0.0,0.0,0.0
2013-10-23,0.0,0.0,0.0,0.0,0.0
2013-10-24,0.0,0.0,0.0,0.0,0.0
2013-10-25,0.0,0.0,0.0,0.0,0.0
2013-10-26,0.0,0.0,0.0,0.0,0.0
2013-10-27,0.0,0.0,0.0,0.0,0.0
2013-10-28,0.0,0.0,0.0,0.0,0.0
2013-10-29,0.0,0.0,0.0,0.0,0.0
2013-10-30,0.0,0.0,0.0,0.0,0.0
2013-10-31,0.0,0.0,0.0,0.0,0.0
2013-11-01,0.0,0.0,0.0,0.0,0.0
2013-11-02,0.0,0.0,0.0,0.0,0.0
2013-11-03,0.0,0.0,0.0,0.0,0.0
2013-11-04,0.0,0.0,0.0,0.0,0.0
2013-11-05,0.0,0.0,0.0,0.0,0.0
2013-11-06,0.0,0.0,0.0,0.0,0.0
2013-11-07,0.0,0.0,0.0,0.0,0.0
2013-11-08,0.0,0.0,0.0,0.0,0.0
2013-11-09,0.0,0.0,0.0,0.0,0.0
2013-11-10,0.0,0.0,0.0,0.0,0.0
2013-11-11,0.0,0.0,0.0,0.0,0.0
2013-11-12,0.0,0.0,0.0,0.0,0.0
2013-11-13,0.0,0.0,0.0,0.0,0.0
2013-11-14,0.0,0.0,0.0,0.0,0.0
2013-11-15,0.0,0.0,0.0,0.0,0.0
2013-11-16,0.0,0.0,0.0,0.0,0.0
2013-11-17,0.0,0.0,0.0,0.0,0.0
2013-11-18,0.0,0.0,0.0,0.0,0.0
2013-11-19,0.121,132.59,8.78,53.25,70.56
2013-11-20,0.918,217.61,11.69,88.87,117.06
2013-11-21,0.468,229.72,12.45,93.8,123.47
2013-11-22,0.099,151.35,12.56,32.03,106.75
2013-11-23,0.02,81.88,12.56,0.0,69.33
2013-11-24,0.004,34.27,12.54,0.0,21.73
2013-11-25,0.001,17.73,12.5,0.0,5.23
2013-11-26,0.0,13.52,12.35,0.0,1.16
2013-11-27,0.0,12.6,12.1,0.0,0.5
2013-11-28,0.0,12.46,11.93,0.0,0.53
2013-11-29,0.0,12.43,11.85,0.0,0.58
2013-11-30,0.0,12.43,11.84,0.0,0.59
2013-12-01,0.0,12.43,11.83,0.0,0.6
2013-12-02,0.0,12.44,11.84,0.0,0.6
2013-12-03,0.0,12.46,11.88,0.0,0.59
2013-12-04,0.0,12.41,11.81,0.0,0.6
2013-12-05,0.0,12.42,11.82,0.0,0.6
2013-12-06,0.034,95.07,4.64,39.05,51.39
2013-12-07,0.67,304.86,11.83,126.53,166.49
2013-12-08,0.188,288.36,12.56,104.97,170.83
2013-12-09,0.038,151.43,12.56,0.0,138.87
2013-12-10,0.008,68.35,12.55,0.0,55.8
2013-12-11,0.002,27.12,12.53,0.0,14.59
2013-12-12,0.0,15.74,12.46,0.0,3.28
2013-12-13,0.0,13.04,12.26,0.0,0.78
2013-12-14,0.0,12.53,12.03,0.0,0.5
2013-12-15,0.0,12.46,11.91,0.0,0.55
2013-12-16,0.0,12.46,11.89,0.0,0.57
2013-12-17,0.0,12.42,11.83,0.0,0.59
2013-12-18,0.0,12.41,11.8,0.0,0.61
2013-12-19,0.0,12.48,11.91,0.0,0.58
2013-12-20,0.0,12.43,11.84,0.0,0.59
2013-12-21,0.0,12.42,11.82,0.0,0.6
2013-12-22,0.0,12.44,11.84,0.0,0.6
2013-12-23,0.0,12.44,11.84,0.0,0.6
2013-12-24,0.0,12.44,11.84,0.0,0.6
2013-12-25,0.0,12.47,11.88,0.0,0.59
2013-12-26,0.0,12.48,11.91,0.0,0.57
2013-12-27,0.0,12.45,11.87,0.0,0.58
2013-12-28,0.0,12.39,11.79,0.0,0.61
2013-12-29,0.0,12.64,12.07,0.0,0.57
2013-12-30,0.0,12.36,11.85,0.0,0.51
2013-12-31,0.0,12.46,11.87,0.0,0.59
2014-01-01,0.0,12.56,11.98,0.0,0.58
2014-01-02,0.0,12.58,12.05,0.0,0.53
2014-01-03,0.0,12.57,12.14,0.0,0.43
2014-01-04,0.0,12.72,12.56,0.0,0.16
2014-01-05,0.0,0.0,0.0,0.0,0.0
2014-01-06,0.0,0.0,0.0,0.0,0.0
2014-01-07,0.0,0.0,0.0,0.0,0.0
2014-01-08,0.0,0.0,0.0,0.0,0.0
2014-01-09,0.0,0.0,0.0,0.0,0.0
2014-01-10,0.0,0.0,0.0,0.0,0.0
2014-01-11,0.0,0.0,0.0,0.0,0.0
2014-01-12,0.0,0.0,0.0,0.0,0.0
2014-01-13,0.0,0.0,0.0,0.0,0.0
2014-01-14,0.0,0.0,0.0,0.0,0.0
2014-01-15,0.0,0.0,0.0,0.0,0.0
2014-01-16,0.0,0.0,0.0,0.0,0.0
2014-01-17,0.0,0.0,0.0,0.0,0.0
2014-01-18,0.0,0.0,0.0,0.0,0.0
2014-01-19,0.0,0.0,0.0,0.0,0.0
2014-01-20,0.0,0.0,0.0,0.0,0.0
2014-01-21,0.0,0.0,0.0,0.0,0.0
2014-01-22,0.0,0.0,0.0,0.0,0.0
2014-01-23,0.0,0.0,0.0,0.0,0.0
2014-01-24,0.0,0.0,0.0,0.0,0.0
2014-01-25,0.0,0.0,0.0,0.0,0.0
2014-01-26,0.0,0.0,0.0,0.0,0.0
2014-01-27,0.0,0.0,0.0,0.0,0.0
2014-01-28,0.0,0.0,0.0,0.0,0.0
2014-01-29,0.0,0.0,0.0,0.0,0.0
2014-01-30,0.0,0.0,0.0,0.0,0.0
2014-01-31,0.0,0.0,0.0,0.0,0.0
2014-02-01,0.0,0.0,0.0,0.0,0.0
2014-02-02,0.087,64.93,11.27,11.12,42.53
2014-02-03,0.044,51.43,12.55,0.0,38.88
2014-02-04,0.009,29.22,12.56,0.0,16.66
2014-02-05,0.002,17.09,12.55,0.0,4.54
2014-02-06,0.886,220.98,11.45,89.46,120.07
2014-02-07,0.47,153.43,11.7,60.82,80.92
2014-02-08,0.886,97.03,11.52,36.89,48.63
2014-02-09,1.539,151.15,11.71,60.21,79.23
2014-02-10,0.594,130.74,12.53,51.04,67.17
2014-02-11,0.137,92.0,12.45,26.2,53.35
2014-02-12,0.042,41.73,12.24,0.0,29.49
2014-02-13,0.021,18.25,11.99,0.0,6.26
2014-02-14,0.014,13.11,11.89,0.0,1.22
2014-02-15,0.011,12.59,11.9,0.0,0.69
2014-02-16,0.008,12.58,11.95,0.0,0.62
2014-02-17,0.005,12.51,11.94,0.0,0.58
2014-02-18,0.003,12.66,12.14,0.0,0.52
2014-02-19,0.001,12.72,12.51,0.0,0.2
2014-02-20,0.0,12.57,12.41,0.0,0.16
2014-02-21,0.0,12.54,12.26,0.0,0.28
2014-02-22,0.0,12.5,12.07,0.0,0.43
2014-02-23,0.0,12.49,11.97,0.0,0.52
2014-02-24,0.0,12.5,11.95,0.0,0.55
2014-02-25,0.0,12.52,11.97,0.0,0.55
2014-02-26,0.327,92.13,10.47,34.1,47.56
2014-02-27,0.498,110.17,12.36,41.9,55.9
2014-02-28,1.064,183.6,11.52,74.28,97.81
2014-03-01,0.416,146.42,12.42,57.85,76.15
2014-03-02,0.107,85.08,12.39,17.81,54.88
2014-03-03,0.041,35.33,12.07,0.0,23.26
2014-03-04,0.034,16.21,11.79,0.0,4.42
2014-03-05,0.086,163.47,7.29,67.28,88.9
2014-03-06,0.434,381.85,12.45,159.51,209.89
2014-03-07,0.112,214.98,12.36,53.9,148.72
2014-03-08,0.043,77.2,12.14,0.0,65.06
2014-03-09,0.023,24.6,12.03,0.0,12.57
2014-03-10,0.013,14.09,11.93,0.0,2.15
2014-03-11,0.01,12.77,12.0,0.0,0.77
2014-03-12,0.002,12.82,12.56,0.0,0.27
2014-03-13,0.001,12.49,12.18,0.0,0.31
2014-03-14,0.0,12.69,12.53,0.0,0.16
2014-03-15,0.0,12.59,12.48,0.0,0.11
2014-03-16,0.0,12.56,12.38,0.0,0.18
2014-03-17,0.0,12.59,12.32,0.0,0.27
2014-03-18,0.0,12.63,12.42,0.0,0.21
2014-03-19,0.0,12.63,12.56,0.0,0.07
2014-03-20,0.0,12.58,12.56,0.0,0.02
2014-03-21,0.0,0.0,0.0,0.0,0.0
2014-03-22,0.0,0.0,0.0,0.0,0.0
2014-03-23,0.0,0.0,0.0,0.0,0.0
2014-03-24,0.0,0.0,0.0,0.0,0.0
2014-03-25,0.0,0.0,0.0,0.0,0.0
2014-03-26,0.46,189.42,11.51,76.82,101.08
2014-03-27,0.343,145.12,12.2,57.4,75.52
2014-03-28,0.081,80.31,12.48,5.87,61.97
2014-03-29,0.541,286.6,11.23,118.37,157.0
2014-03-30,0.314,274.5,12.5,112.26,149.73
2014-03-31,0.479,243.08,11.14,92.68,139.26
2014-04-01,0.934,187.8,11.48,75.41,100.91
2014-04-02,0.796,169.23,12.29,67.61,89.32
2014-04-03,0.232,109.88,12.31,39.77,57.8
2014-04-04,0.127,34.77,11.89,0.62,22.26
2014-04-05,0.083,19.78,11.96,0.01,7.81
2014-04-06,0.063,14.46,11.86,0.0,2.6
2014-04-07,0.052,13.16,11.85,0.0,1.3
2014-04-08,0.042,12.83,11.86,0.0,0.97
2014-04-09,0.033,12.69,11.85,0.0,0.84
2014-04-10,0.027,12.63,11.85,0.0,0.78
2014-04-11,0.021,12.66,11.94,0.0,0.72
2014-04-12,0.015,12.54,11.88,0.0,0.66
2014-04-13,0.01,12.63,12.0,0.0,0.62
2014-04-14,0.005,12.62,12.09,0.0,0.53
2014-04-15,0.001,12.73,12.53,0.0,0.21
2014-04-16,0.0,12.61,12.56,0.0,0.05
2014-04-17,0.0,12.57,12.56,0.0,0.01
2014-04-18,0.0,12.56,12.56,0.0,0.0
2014-04-19,0.0,12.56,12.56,0.0,0.0
2014-04-20,0.0,12.56,12.56,0.0,0.0
2014-04-21,0.0,12.56,12.56,0.0,0.0
2014-04-22,0.0,12.56,12.56,0.0,0.0
2014-04-23,0.0,0.0,0.0,0.0,0.0
2014-04-24,0.0,0.0,0.0,0.0,0.0
2014-04-25,0.098,58.24,10.68,13.42,34.14
2014-04-26,0.12,59.41,12.55,9.94,36.91
2014-04-27,0.025,38.46,12.54,0.0,25.92
2014-04-28,0.006,20.52,12.5,0.0,8.02
2014-04-29,0.001,14.62,12.56,0.0,2.07
2014-04-30,0.0,13.06,12.55,0.0,0.51
2014-05-01,0.0,12.68,12.54,0.0,0.14
2014-05-02,0.0,12.59,12.54,0.0,0.05
2014-05-03,0.0,12.57,12.56,0.0,0.01
2014-05-04,0.0,12.56,12.56,0.0,0.0
2014-05-05,0.0,12.56,12.56,0.0,0.0
2014-05-06,0.0,12.56,12.56,0.0,0.0
2014-05-07,0.0,0.0,0.0,0.0,0.0
2014-05-08,0.0,0.0,0.0,0.0,0.0
2014-05-09,0.0,0.0,0.0,0.0,0.0
2014-05-10,0.0,0.0,0.0,0.0,0.0
2014-05-11,0.0,0.0,0.0,0.0,0.0
2014-05-12,0.0,0.0,0.0,0.0,0.0
2014-05-13,0.0,0.0,0.0,0.0,0.0
2014-05-14,0.0,0.0,0.0,0.0,0.0
2014-05-15,0.0,0.0,0.0,0.0,0.0
2014-05-16,0.0,0.0,0.0,0.0,0.0
2014-05-17,0.0,0.0,0.0,0.0,0.0
2014-05-18,0.0,0.0,0.0,0.0,0.0
2014-05-19,0.0,0.0,0.0,0.0,0.0
2014-05-20,0.0,0.0,0.0,0.0,0.0
2014-05-21,0.0,0.0,0.0,0.0,0.0
2014-05-22,0.0,0.0,0.0,0.0,0.0
2014-05-23,0.0,0.0,0.0,0.0,0.0
2014-05-24,0.0,0.0,0.0,0.0,0.0
2014-05-25,0.0,0.0,0.0,0.0,0.0
2014-05-26,0.0,0.0,0.0,0.0,0.0
2014-05-27,0.0,0.0,0.0,0.0,0.0
2014-05-28,0.0,0.0,0.0,0.0,0.0
2014-05-29,0.0,0.0,0.0,0.0,0.0
2014-05-30,0.0,0.0,0.0,0.0,0.0
2014-05-31,0.0,0.0,0.0,0.0,0.0
2014-06-01,0.0,0.0,0.0,0.0,0.0
2014-06-02,0.0,0.0,0.0,0.0,0.0
2014-06-03,0.0,0.0,0.0,0.0,0.0
2014-06-04,0.0,0.0,0.0,0.0,0.0
2014-06-05,0.0,0.0,0.0,0.0,0.0
2014-06-06,0.0,0.0,0.0,0.0,0.0
2014-06-07,0.0,0.0,0.0,0.0,0.0
2014-06-08,0.0,0.0,0.0,0.0,0.0
2014-06-09,0.0,0.0,0.0,0.0,0.0
2014-06-10,0.0,0.0,0.0,0.0,0.0
2014-06-11,0.0,0.0,0.0,0.0,0.0
2014-06-12,0.0,0.0,0.0,0.0,0.0
2014-06-13,0.0,0.0,0.0,0.0,0.0
2014-06-14,0.0,0.0,0.0,0.0,0.0
2014-06-15,0.0,0.0,0.0,0.0,0.0
2014-06-16,0.0,0.0,0.0,0.0,0.0
2014-06-17,0.0,0.0,0.0,0.0,0.0
2014-06-18,0.0,0.0,0.0,0.0,0.0
2014-06-19,0.0,0.0,0.0,0.0,0.0
2014-06-20,0.0,0.0,0.0,0.0,0.0
2014-06-21,0.0,0.0,0.0,0.0,0.0
2014-06-22,0.0,0.0,0.0,0.0,0.0
2014-06-23,0.0,0.0,0.0,0.0,0.0
2014-06-24,0.0,0.0,0.0,0.0,0.0
2014-06-25,0.0,0.0,0.0,0.0,0.0
2014-06-26,0.0,0.0,0.0,0.0,0.0
2014-06-27,0.0,0.0,0.0,0.0,0.0
2014-06-28,0.0,0.0,0.0,0.0,0.0
2014-06-29,0.0,0.0,0.0,0.0,0.0
2014-06-30,0.0,0.0,0.0,0.0,0.0
2014-07-01,0.0,0.0,0.0,0.0,0.0
2014-07-02,0.0,0.0,0.0,0.0,0.0
2014-07-03,0.0,0.0,0.0,0.0,0.0
2014-07-04,0.0,0.0,0.0,0.0,0.0
2014-07-05,0.0,0.0,0.0,0.0,0.0
2014-07-06,0.0,0.0,0.0,0.0,0.0
2014-07-07,0.0,0.0,0.0,0.0,0.0
2014-07-08,0.0,0.0,0.0,0.0,0.0
2014-07-09,0.0,0.0,0.0,0.0,0.0
2014-07-10,0.0,0.0,0.0,0.0,0.0
2014-07-11,0.0,0.0,0.0,0.0,0.0
2014-07-12,0.0,0.0,0.0,0.0,0.0
2014-07-13,0.0,0.0,0.0,0.0,0.0
2014-07-14,0.0,0.0,0.0,0.0,0.0
2014-07-15,0.0,0.0,0.0,0.0,0.0
2014-07-16,0.0,0.0,0.0,0.0,0.0
2014-07-17,0.0,0.0,0.0,0.0,0.0
2014-07-18,0.0,0.0,0.0,0.0,0.0
2014-07-19,0.0,0.0,0.0,0.0,0.0
2014-07-20,0.0,0.0,0.0,0.0,0.0
2014-07-21,0.0,0.0,0.0,0.0,0.0
2014-07-22,0.0,0.0,0.0,0.0,0.0
2014-07-23,0.0,0.0,0.0,0.0,0.0
2014-07-24,0.0,0.0,0.0,0.0,0.0
2014-07-25,0.0,0.0,0.0,0.0,0.0
2014-07-26,0.0,0.0,0.0,0.0,0.0
2014-07-27,0.0,0.0,0.0,0.0,0.0
2014-07-28,0.0,0.0,0.0,0.0,0.0
2014-07-29,0.0,0.0,0.0,0.0,0.0
2014-07-30,0.0,0.0,0.0,0.0,0.0
2014-07-31,0.0,0.0,0.0,0.0,0.0
2014-08-01,0.0,0.0,0.0,0.0,0.0
2014-08-02,0.0,0.0,0.0,0.0,0.0
2014-08-03,0.0,0.0,0.0,0.0,0.0
2014-08-04,0.0,0.0,0.0,0.0,0.0
2014-08-05,0.0,0.0,0.0,0.0,0.0
2014-08-06,0.0,0.0,0.0,0.0,0.0
2014-08-07,0.0,0.0,0.0,0.0,0.0
2014-08-08,0.0,0.0,0.0,0.0,0.0
2014-08-09,0.0,0.0,0.0,0.0,0.0
2014-08-10,0.0,0.0,0.0,0.0,0.0
2014-08-11,0.0,0.0,0.0,0.0,0.0
2014-08-12,0.0,0.0,0.0,0.0,0.0
2014-08-13,0.0,0.0,0.0,0.0,0.0
2014-08-14,0.0,0.0,0.0,0.0,0.0
2014-08-15,0.0,0.0,0.0,0.0,0.0
2014-08-16,0.0,0.0,0.0,0.0,0.0
2014-08-17,0.0,0.0,0.0,0.0,0.0
2014-08-18,0.0,0.0,0.0,0.0,0.0
2014-08-19,0.0,0.0,0.0,0.0,0.0
2014-08-20,0.0,0.0,0.0,0.0,0.0
2014-08-21,0.0,0.0,0.0,0.0,0.0
2014-08-22,0.0,0.0,0.0,0.0,0.0
2014-08-23,0.0,0.0,0.0,0.0,0.0
2014-08-24,0.0,0.0,0.0,0.0,0.0
2014-08-25,0.0,0.0,0.0,0.0,0.0
2014-08-26,0.0,0.0,0.0,0.0,0.0
2014-08-27,0.0,0.0,0.0,0.0,0.0
2014-08-28,0.0,0.0,0.0,0.0,0.0
2014-08-29,0.0,0.0,0.0,0.0,0.0
2014-08-30,0.0,0.0,0.0,0.0,0.0
2014-08-31,0.0,0.0,0.0,0.0,0.0
2014-09-01,0.0,0.0,0.0,0.0,0.0
2014-09-02,0.0,0.0,0.0,0.0,0.0
2014-09-03,0.0,0.0,0.0,0.0,0.0
2014-09-04,0.0,0.0,0.0,0.0,0.0
2014-09-05,0.0,0.0,0.0,0.0,0.0
2014-09-06,0.0,0.0,0.0,0.0,0.0
2014-09-07,0.0,0.0,0.0,0.0,0.0
2014-09-08,0.0,0.0,0.0,0.0,0.0
2014-09-09,0.0,0.0,0.0,0.0,0.0
2014-09-10,0.0,0.0,0.0,0.0,0.0
2014-09-11,0.0,0.0,0.0,0.0,0.0
2014-09-12,0.0,0.0,0.0,0.0,0.0
2014-09-13,0.0,0.0,0.0,0.0,0.0
2014-09-14,0.0,0.0,0.0,0.0,0.0
2014-09-15,0.0,0.0,0.0,0.0,0.0
2014-09-16,0.0,0.0,0.0,0.0,0.0
2014-09-17,0.0,0.0,0.0,0.0,0.0
2014-09-18,0.0,0.0,0.0,0.0,0.0
2014-09-19,0.0,0.0,0.0,0.0,0.0
2014-09-20,0.0,0.0,0.0,0.0,0.0
2014-09-21,0.0,0.0,0.0,0.0,0.0
2014-09-22,0.0,0.0,0.0,0.0,0.0
2014-09-23,0.0,0.0,0.0,0.0,0.0
2014-09-24,0.0,0.0,0.0,0.0,0.0
2014-09-25,0.25,155.8,11.72,59.06,85.02
2014-09-26,0.079,104.72,12.56,9.9,82.26
2014-09-27,0.016,60.55,12.56,0.0,47.99
2014-09-28,0.003,26.97,12.56,0.0,14.41
2014-09-29,0.001,16.17,12.55,0.0,3.61
2014-09-30,0.0,13.41,12.53,0.0,0.87
2014-10-01,0.0,12.73,12.46,0.0,0.26
2014-10-02,0.0,12.57,12.32,0.0,0.25
2014-10-03,0.0,12.54,12.17,0.0,0.37
2014-10-04,0.0,12.46,11.97,0.0,0.5
2014-10-05,0.0,12.51,11.97,0.0,0.54
2014-10-06,0.0,12.48,11.96,0.0,0.53
2014-10-07,0.0,12.5,12.02,0.0,0.48
2014-10-08,0.0,12.47,11.97,0.0,0.49
2014-10-09,0.0,12.75,12.56,0.0,0.19
2014-10-10,0.0,0.0,0.0,0.0,0.0
2014-10-11,0.0,0.0,0.0,0.0,0.0
2014-10-12,0.0,0.0,0.0,0.0,0.0
2014-10-13,0.0,0.0,0.0,0.0,0.0
2014-10-14,0.0,0.0,0.0,0.0,0.0
2014-10-15,0.0,0.0,0.0,0.0,0.0
2014-10-16,0.0,0.0,0.0,0.0,0.0
2014-10-17,0.0,0.0,0.0,0.0,0.0
2014-10-18,0.0,0.0,0.0,0.0,0.0
2014-10-19,0.0,0.0,0.0,0.0,0.0
2014-10-20,0.0,0.0,0.0,0.0,0.0
2014-10-21,0.0,0.0,0.0,0.0,0.0
2014-10-22,0.0,0.0,0.0,0.0,0.0
2014-10-23,0.0,0.0,0.0,0.0,0.0
2014-10-24,0.0,0.0,0.0,0.0,0.0
2014-10-25,0.134,78.81,11.93,20.03,46.84
2014-10-26,0.045,53.74,12.56,0.0,41.18
2014-10-27,0.009,30.65,12.56,0.0,18.09
2014-10-28,0.002,17.51,12.56,0.0,4.95
2014-10-29,0.0,13.77,12.55,0.0,1.22
2014-10-30,0.0,12.85,12.54,0.0,0.31
2014-10-31,0.141,96.42,11.17,31.49,53.76
2014-11-01,0.082,77.83,12.56,7.48,57.79
2014-11-02,0.017,46.85,12.56,0.0,34.29
2014-11-03,0.003,22.95,12.56,0.0,10.39
2014-11-04,0.001,15.16,12.55,0.0,2.61
2014-11-05,0.0,13.16,12.53,0.0,0.64
2014-11-06,0.0,12.66,12.43,0.0,0.23
2014-11-07,0.0,12.51,12.2,0.0,0.31
2014-11-08,0.0,12.46,11.98,0.0,0.48
2014-11-09,0.0,12.42,11.85,0.0,0.57
2014-11-10,0.0,12.44,11.85,0.0,0.59
2014-11-11,0.0,12.44,11.85,0.0,0.59
2014-11-12,0.0,12.44,11.84,0.0,0.6
2014-11-13,0.064,34.72,11.32,0.21,23.18
2014-11-14,0.027,30.7,12.55,0.0,18.15
2014-11-15,0.006,18.88,12.56,0.0,6.32
2014-11-16,0.001,14.2,12.56,0.0,1.64
2014-11-17,0.0,12.96,12.55,0.0,0.41
2014-11-18,0.0,12.65,12.53,0.0,0.12
2014-11-19,0.016,21.15,10.43,0.03,10.69
2014-11-20,0.514,233.1,10.85,95.09,127.16
2014-11-21,0.481,244.04,12.56,99.47,132.01
2014-11-22,0.675,214.22,11.56,87.45,115.21
2014-11-23,0.23,194.8,12.55,73.43,108.82
2014-11-24,0.049,101.43,12.53,0.0,88.9
2014-11-25,0.01,51.59,12.53,0.0,39.06
2014-11-26,0.002,22.98,12.52,0.0,10.46
2014-11-27,0.001,14.77,12.43,0.0,2.34
2014-11-28,0.0,12.85,12.21,0.0,0.63
2014-11-29,0.0,12.49,11.98,0.0,0.51
2014-11-30,0.307,104.34,10.8,38.23,55.31
2014-12-01,0.29,116.35,12.56,43.12,60.67
2014-12-02,1.708,317.0,11.41,131.14,174.44
2014-12-03,2.278,292.76,11.61,121.29,159.85
2014-12-04,1.075,221.27,12.43,90.14,118.7
2014-12-05,0.284,157.19,12.35,62.51,82.34
2014-12-06,0.367,90.21,11.63,31.21,47.37
2014-12-07,0.165,54.9,12.16,14.84,27.89
2014-12-08,0.095,21.59,11.94,0.01,9.64
2014-12-09,0.079,14.74,11.76,0.0,2.98
2014-12-10,0.07,13.43,11.92,0.0,1.51
2014-12-11,3.131,406.68,13.74,169.63,223.31
2014-12-12,2.789,276.09,13.27,113.47,149.34
2014-12-13,1.191,120.85,12.08,46.97,61.81
2014-12-14,0.77,43.92,11.88,13.84,18.21
2014-12-15,2.024,129.28,11.44,50.89,66.96
2014-12-16,2.291,108.39,11.61,41.79,54.99
2014-12-17,2.202,97.06,11.9,36.78,48.39
2014-12-18,1.758,40.59,11.9,12.39,16.3
2014-12-19,1.971,51.86,11.58,17.39,22.88
2014-12-20,1.916,37.46,11.9,11.04,14.52
2014-12-21,1.588,19.8,11.83,3.44,4.53
2014-12-22,1.318,15.27,11.85,1.48,1.95
2014-12-23,1.107,14.15,11.84,1.0,1.31
2014-12-24,0.944,13.9,11.83,0.89,1.17
2014-12-25,0.781,13.87,11.86,0.87,1.14
2014-12-26,0.65,13.83,11.83,0.86,1.14
2014-12-27,0.56,13.83,11.83,0.86,1.14
2014-12-28,0.482,13.83,11.83,0.86,1.14
2014-12-29,0.412,13.84,11.84,0.86,1.14
2014-12-30,0.32,13.98,11.97,0.87,1.14
2014-12-31,0.212,13.82,11.84,0.85,1.12
2015-01-01,0.204,13.77,11.77,0.86,1.13
2015-01-02,0.186,13.76,11.81,0.81,1.14
2015-01-03,0.162,13.5,11.83,0.53,1.14
2015-01-04,0.139,13.06,11.83,0.09,1.14
2015-01-05,0.114,13.03,11.87,0.02,1.14
2015-01-06,0.09,12.99,11.85,0.01,1.13
2015-01-07,0.075,12.98,11.85,0.0,1.13
2015-01-08,0.064,12.93,11.82,0.0,1.11
2015-01-09,0.055,12.88,11.82,0.0,1.05
2015-01-10,0.048,12.81,11.84,0.0,0.98
2015-01-11,0.04,12.74,11.85,0.0,0.89
2015-01-12,0.033,12.67,11.85,0.0,0.82
2015-01-13,0.027,12.63,11.87,0.0,0.76
2015-01-14,0.02,12.61,11.9,0.0,0.71
2015-01-15,0.015,12.64,11.97,0.0,0.66
2015-01-16,0.009,12.62,12.02,0.0,0.6
2015-01-17,0.004,12.44,11.96,0.0,0.48
2015-01-18,0.004,12.47,11.82,0.0,0.65
2015-01-19,0.003,12.58,11.99,0.0,0.59
2015-01-20,0.002,12.63,12.14,0.0,0.49
2015-01-21,0.001,12.65,12.29,0.0,0.36
2015-01-22,0.0,12.65,12.39,0.0,0.27
2015-01-23,0.0,12.65,12.56,0.0,0.09
2015-01-24,0.0,12.58,12.56,0.0,0.02
2015-01-25,0.0,12.57,12.56,0.0,0.01
2015-01-26,0.0,12.56,12.56,0.0,0.0
2015-01-27,0.0,12.56,12.56,0.0,0.0
2015-01-28,0.0,0.0,0.0,0.0,0.0
2015-01-29,0.0,0.0,0.0,0.0,0.0
2015-01-30,0.0,0.0,0.0,0.0,0.0
2015-01-31,0.0,0.0,0.0,0.0,0.0
2015-02-01,0.0,0.0,0.0,0.0,0.0
2015-02-02,0.0,0.0,0.0,0.0,0.0
2015-02-03,0.0,0.0,0.0,0.0,0.0
2015-02-04,0.0,0.0,0.0,0.0,0.0
2015-02-05,0.0,0.0,0.0,0.0,0.0
2015-02-06,0.539,194.49,10.4,79.49,104.6
2015-02-07,0.995,183.75,12.3,74.03,97.41
2015-02-08,1.627,241.09,11.36,99.2,130.53
2015-02-09,1.285,154.22,12.13,61.36,80.74
2015-02-10,0.762,56.93,11.93,19.43,25.57
2015-02-11,0.585,24.05,11.86,5.26,6.93
2015-02-12,0.489,16.06,11.84,1.82,2.4
2015-02-13,0.417,14.3,11.83,1.07,1.4
2015-02-14,0.357,13.93,11.83,0.91,1.19
2015-02-15,0.303,13.86,11.84,0.87,1.15
2015-02-16,0.256,13.84,11.84,0.86,1.14
2015-02-17,0.22,13.83,11.83,0.86,1.14
2015-02-18,0.187,13.69,11.84,0.71,1.14
2015-02-19,0.16,13.36,11.83,0.4,1.14
2015-02-20,0.138,13.1,11.83,0.13,1.14
2015-02-21,0.116,13.0,11.84,0.02,1.14
2015-02-22,0.092,13.09,11.94,0.01,1.14
2015-02-23,0.06,13.0,11.9,0.0,1.1
2015-02-24,0.055,12.8,11.77,0.0,1.03
2015-02-25,0.051,12.81,11.81,0.0,1.0
2015-02-26,0.041,12.84,11.91,0.0,0.93
2015-02-27,0.032,12.69,11.87,0.0,0.82
2015-02-28,0.025,12.6,11.84,0.0,0.75
2015-03-01,0.021,12.56,11.83,0.0,0.72
2015-03-02,0.017,12.56,11.87,0.0,0.69
2015-03-03,0.013,12.56,11.9,0.0,0.66
2015-03-04,0.009,12.57,11.96,0.0,0.62
2015-03-05,0.005,12.64,12.08,0.0,0.56
2015-03-06,0.002,12.7,12.33,0.0,0.37
2015-03-07,0.0,12.68,12.56,0.0,0.12
2015-03-08,0.0,12.59,12.56,0.0,0.03
2015-03-09,0.0,12.57,12.56,0.0,0.01
2015-03-10,0.0,12.56,12.56,0.0,0.0
2015-03-11,0.0,12.56,12.56,0.0,0.0
2015-03-12,0.0,12.56,12.56,0.0,0.0
2015-03-13,0.0,12.56,12.56,0.0,0.0
2015-03-14,0.0,0.0,0.0,0.0,0.0
2015-03-15,0.0,0.0,0.0,0.0,0.0
2015-03-16,0.0,0.0,0.0,0.0,0.0
2015-03-17,0.0,0.0,0.0,0.0,0.0
2015-03-18,0.0,0.0,0.0,0.0,0.0
2015-03-19,0.0,0.0,0.0,0.0,0.0
2015-03-20,0.0,0.0,0.0,0.0,0.0
2015-03-21,0.0,0.0,0.0,0.0,0.0
2015-03-22,0.0,0.0,0.0,0.0,0.0
2015-03-23,0.0,0.0,0.0,0.0,0.0
2015-03-24,0.0,0.0,0.0,0.0,0.0
2015-03-25,0.0,0.0,0.0,0.0,0.0
2015-03-26,0.0,0.0,0.0,0.0,0.0
2015-03-27,0.0,0.0,0.0,0.0,0.0
2015-03-28,0.0,0.0,0.0,0.0,0.0
2015-03-29,0.0,0.0,0.0,0.0,0.0
2015-03-30,0.0,0.0,0.0,0.0,0.0
2015-03-31,0.0,0.0,0.0,0.0,0.0
2015-04-01,0.0,0.0,0.0,0.0,0.0
2015-04-02,0.0,0.0,0.0,0.0,0.0
2015-04-03,0.0,0.0,0.0,0.0,0.0
2015-04-04,0.0,0.0,0.0,0.0,0.0
2015-04-05,0.0,0.0,0.0,0.0,0.0
2015-04-06,0.0,0.0,0.0,0.0,0.0
2015-04-07,0.671,294.56,11.5,121.76,161.31
2015-04-08,0.209,258.38,12.47,96.75,149.16
2015-04-09,0.06,104.9,12.29,0.0,92.6
2015-04-10,0.025,38.26,12.1,0.0,26.16
2015-04-11,0.013,16.21,12.01,0.0,4.2
2015-04-12,0.008,12.98,12.03,0.0,0.96
2015-04-13,0.004,12.73,12.21,0.0,0.52
2015-04-14,0.001,12.72,12.55,0.0,0.18
2015-04-15,0.0,12.59,12.51,0.0,0.08
2015-04-16,0.0,12.55,12.4,0.0,0.15
2015-04-17,0.0,12.52,12.2,0.0,0.32
2015-04-18,0.0,12.48,12.01,0.0,0.47
2015-04-19,0.0,12.47,11.93,0.0,0.55
2015-04-20,0.0,12.48,11.91,0.0,0.57
2015-04-21,0.0,12.5,11.93,0.0,0.56
2015-04-22,0.0,12.53,11.98,0.0,0.55
2015-04-23,0.0,12.68,12.19,0.0,0.49
2015-04-24,0.012,190.62,0.0,82.31,108.31
2015-04-25,0.486,255.16,11.82,105.08,138.26
2015-04-26,0.108,177.97,12.5,43.4,122.06
2015-04-27,0.026,86.43,12.48,0.0,73.95
2015-04-28,0.005,36.7,12.52,0.0,24.17
2015-04-29,0.001,18.71,12.55,0.0,6.16
2015-04-30,0.0,13.99,12.52,0.0,1.47
2015-05-01,0.0,12.84,12.44,0.0,0.41
2015-05-02,0.0,12.56,12.24,0.0,0.32
2015-05-03,0.0,12.48,12.02,0.0,0.46
2015-05-04,0.0,12.47,11.92,0.0,0.55
2015-05-05,0.0,12.48,11.91,0.0,0.57
2015-05-06,0.0,12.54,11.97,0.0,0.56
2015-05-07,0.0,12.54,12.01,0.0,0.53
2015-05-08,0.0,12.53,12.0,0.0,0.52
2015-05-09,0.0,12.64,12.21,0.0,0.42
2015-05-10,0.0,12.68,12.56,0.0,0.12
2015-05-11,0.0,12.61,12.56,0.0,0.05
2015-05-12,0.0,0.0,0.0,0.0,0.0
2015-05-13,0.0,0.0,0.0,0.0,0.0
2015-05-14,0.0,0.0,0.0,0.0,0.0
2015-05-15,0.0,0.0,0.0,0.0,0.0
2015-05-16,0.0,0.0,0.0,0.0,0.0
2015-05-17,0.0,0.0,0.0,0.0,0.0
2015-05-18,0.0,0.0,0.0,0.0,0.0
2015-05-19,0.0,0.0,0.0,0.0,0.0
2015-05-20,0.0,0.0,0.0,0.0,0.0
2015-05-21,0.0,0.0,0.0,0.0,0.0
2015-05-22,0.0,0.0,0.0,0.0,0.0
2015-05-23,0.0,0.0,0.0,0.0,0.0
2015-05-24,0.0,0.0,0.0,0.0,0.0
2015-05-25,0.0,0.0,0.0,0.0,0.0
2015-05-26,0.0,0.0,0.0,0.0,0.0
2015-05-27,0.0,0.0,0.0,0.0,0.0
2015-05-28,0.0,0.0,0.0,0.0,0.0
2015-05-29,0.0,0.0,0.0,0.0,0.0
2015-05-30,0.0,0.0,0.0,0.0,0.0
2015-05-31,0.0,0.0,0.0,0.0,0.0
2015-06-01,0.0,0.0,0.0,0.0,0.0
2015-06-02,0.0,0.0,0.0,0.0,0.0
2015-06-03,0.0,0.0,0.0,0.0,0.0
2015-06-04,0.0,0.0,0.0,0.0,0.0
2015-06-05,0.0,0.0,0.0,0.0,0.0
2015-06-06,0.0,0.0,0.0,0.0,0.0
2015-06-07,0.0,0.0,0.0,0.0,0.0
2015-06-08,0.0,0.0,0.0,0.0,0.0
2015-06-09,0.0,0.0,0.0,0.0,0.0
2015-06-10,0.047,36.4,11.06,0.35,24.99
2015-06-11,0.034,35.19,12.55,0.0,22.64
2015-06-12,0.007,21.14,12.56,0.0,8.58
2015-06-13,0.001,14.83,12.56,0.0,2.27
2015-06-14,0.0,13.12,12.56,0.0,0.56
2015-06-15,0.0,12.7,12.56,0.0,0.13
2015-06-16,0.0,12.59,12.56,0.0,0.03
2015-06-17,0.0,12.57,12.56,0.0,0.01
2015-06-18,0.0,12.56,12.56,0.0,0.0
2015-06-19,0.0,12.56,12.56,0.0,0.0
2015-06-20,0.0,12.56,12.56,0.0,0.0
2015-06-21,0.0,0.0,0.0,0.0,0.0
2015-06-22,0.0,0.0,0.0,0.0,0.0
2015-06-23,0.0,0.0,0.0,0.0,0.0
2015-06-24,0.0,0.0,0.0,0.0,0.0
2015-06-25,0.0,0.0,0.0,0.0,0.0
2015-06-26,0.0,0.0,0.0,0.0,0.0
2015-06-27,0.0,0.0,0.0,0.0,0.0
2015-06-28,0.0,0.0,0.0,0.0,0.0
2015-06-29,0.0,0.0,0.0,0.0,0.0
2015-06-30,0.0,0.0,0.0,0.0,0.0
2015-07-01,0.0,0.0,0.0,0.0,0.0
2015-07-02,0.0,0.0,0.0,0.0,0.0
2015-07-03,0.0,0.0,0.0,0.0,0.0
2015-07-04,0.0,0.0,0.0,0.0,0.0
2015-07-05,0.0,0.0,0.0,0.0,0.0
2015-07-06,0.0,0.0,0.0,0.0,0.0
2015-07-07,0.0,0.0,0.0,0.0,0.0
2015-07-08,0.0,0.0,0.0,0.0,0.0
2015-07-09,0.0,0.0,0.0,0.0,0.0
2015-07-10,0.0,0.0,0.0,0.0,0.0
2015-07-11,0.0,0.0,0.0,0.0,0.0
2015-07-12,0.0,0.0,0.0,0.0,0.0
2015-07-13,0.0,0.0,0.0,0.0,0.0
2015-07-14,0.0,0.0,0.0,0.0,0.0
2015-07-15,0.0,0.0,0.0,0.0,0.0
2015-07-16,0.0,0.0,0.0,0.0,0.0
2015-07-17,0.0,0.0,0.0,0.0,0.0
2015-07-18,0.0,0.0,0.0,0.0,0.0
2015-07-19,0.0,0.0,0.0,0.0,0.0
2015-07-20,0.0,0.0,0.0,0.0,0.0
2015-07-21,0.0,0.0,0.0,0.0,0.0
2015-07-22,0.0,0.0,0.0,0.0,0.0
2015-07-23,0.0,0.0,0.0,0.0,0.0
2015-07-24,0.0,0.0,0.0,0.0,0.0
2015-07-25,0.0,0.0,0.0,0.0,0.0
2015-07-26,0.0,0.0,0.0,0.0,0.0
2015-07-27,0.0,0.0,0.0,0.0,0.0
2015-07-28,0.0,0.0,0.0,0.0,0.0
2015-07-29,0.0,0.0,0.0,0.0,0.0
2015-07-30,0.0,0.0,0.0,0.0,0.0
2015-07-31,0.0,0.0,0.0,0.0,0.0
2015-08-01,0.0,0.0,0.0,0.0,0.0
2015-08-02,0.0,0.0,0.0,0.0,0.0
2015-08-03,0.0,0.0,0.0,0.0,0.0
2015-08-04,0.0,0.0,0.0,0.0,0.0
2015-08-05,0.0,0.0,0.0,0.0,0.0
2015-08-06,0.0,0.0,0.0,0.0,0.0
2015-08-07,0.0,0.0,0.0,0.0,0.0
2015-08-08,0.0,0.0,0.0,0.0,0.0
2015-08-09,0.0,0.0,0.0,0.0,0.0
2015-08-10,0.0,0.0,0.0,0.0,0.0
2015-08-11,0.0,0.0,0.0,0.0,0.0
2015-08-12,0.0,0.0,0.0,0.0,0.0
2015-08-13,0.0,0.0,0.0,0.0,0.0
2015-08-14,0.0,0.0,0.0,0.0,0.0
2015-08-15,0.0,0.0,0.0,0.0,0.0
2015-08-16,0.0,0.0,0.0,0.0,0.0
2015-08-17,0.0,0.0,0.0,0.0,0.0
2015-08-18,0.0,0.0,0.0,0.0,0.0
2015-08-19,0.0,0.0,0.0,0.0,0.0
2015-08-20,0.0,0.0,0.0,0.0,0.0
2015-08-21,0.0,0.0,0.0,0.0,0.0
2015-08-22,0.0,0.0,0.0,0.0,0.0
2015-08-23,0.0,0.0,0.0,0.0,0.0
2015-08-24,0.0,0.0,0.0,0.0,0.0
2015-08-25,0.0,0.0,0.0,0.0,0.0
2015-08-26,0.0,0.0,0.0,0.0,0.0
2015-08-27,0.0,0.0,0.0,0.0,0.0
2015-08-28,0.0,0.0,0.0,0.0,0.0
2015-08-29,0.0,0.0,0.0,0.0,0.0
2015-08-30,0.0,0.0,0.0,0.0,0.0
2015-08-31,0.0,0.0,0.0,0.0,0.0
2015-09-01,0.0,0.0,0.0,0.0,0.0
2015-09-02,0.0,0.0,0.0,0.0,0.0
2015-09-03,0.0,0.0,0.0,0.0,0.0
2015-09-04,0.0,0.0,0.0,0.0,0.0
2015-09-05,0.0,0.0,0.0,0.0,0.0
2015-09-06,0.0,0.0,0.0,0.0,0.0
2015-09-07,0.0,0.0,0.0,0.0,0.0
2015-09-08,0.0,0.0,0.0,0.0,0.0
2015-09-09,0.0,0.0,0.0,0.0,0.0
2015-09-10,0.0,0.0,0.0,0.0,0.0
2015-09-11,0.0,0.0,0.0,0.0,0.0
2015-09-12,0.0,0.0,0.0,0.0,0.0
2015-09-13,0.0,0.0,0.0,0.0,0.0
2015-09-14,0.0,0.0,0.0,0.0,0.0
2015-09-15,0.0,0.0,0.0,0.0,0.0
2015-09-16,0.0,0.0,0.0,0.0,0.0
2015-09-17,0.0,0.0,0.0,0.0,0.0
2015-09-18,0.0,0.0,0.0,0.0,0.0
2015-09-19,0.0,0.0,0.0,0.0,0.0
2015-09-20,0.0,0.0,0.0,0.0,0.0
2015-09-21,0.0,0.0,0.0,0.0,0.0
2015-09-22,0.0,0.0,0.0,0.0,0.0
2015-09-23,0.0,0.0,0.0,0.0,0.0
2015-09-24,0.0,0.0,0.0,0.0,0.0
2015-09-25,0.0,0.0,0.0,0.0,0.0
2015-09-26,0.0,0.0,0.0,0.0,0.0
2015-09-27,0.0,0.0,0.0,0.0,0.0
2015-09-28,0.0,0.0,0.0,0.0,0.0
2015-09-29,0.0,0.0,0.0,0.0,0.0
2015-09-30,0.0,0.0,0.0,0.0,0.0
2015-10-01,0.0,0.0,0.0,0.0,0.0
2015-10-02,0.0,0.0,0.0,0.0,0.0
2015-10-03,0.0,0.0,0.0,0.0,0.0
2015-10-04,0.0,0.0,0.0,0.0,0.0
2015-10-05,0.0,0.0,0.0,0.0,0.0
2015-10-06,0.0,0.0,0.0,0.0,0.0
2015-10-07,0.0,0.0,0.0,0.0,0.0
2015-10-08,0.0,0.0,0.0,0.0,0.0
2015-10-09,0.0,0.0,0.0,0.0,0.0
2015-10-10,0.0,0.0,0.0,0.0,0.0
2015-10-11,0.0,0.0,0.0,0.0,0.0
2015-10-12,0.0,0.0,0.0,0.0,0.0
2015-10-13,0.0,0.0,0.0,0.0,0.0
2015-10-14,0.0,0.0,0.0,0.0,0.0
2015-10-15,0.0,0.0,0.0,0.0,0.0
2015-10-16,0.0,0.0,0.0,0.0,0.0
2015-10-17,0.0,0.0,0.0,0.0,0.0
2015-10-18,0.0,0.0,0.0,0.0,0.0
2015-10-19,0.0,0.0,0.0,0.0,0.0
2015-10-20,0.0,0.0,0.0,0.0,0.0
2015-10-21,0.0,0.0,0.0,0.0,0.0
2015-10-22,0.0,0.0,0.0,0.0,0.0
2015-10-23,0.0,0.0,0.0,0.0,0.0
2015-10-24,0.0,0.0,0.0,0.0,0.0
2015-10-25,0.0,0.0,0.0,0.0,0.0
2015-10-26,0.0,0.0,0.0,0.0,0.0
2015-10-27,0.0,0.0,0.0,0.0,0.0
2015-10-28,0.0,0.0,0.0,0.0,0.0
2015-10-29,0.0,0.0,0.0,0.0,0.0
2015-10-30,0.0,0.0,0.0,0.0,0.0
2015-10-31,0.0,0.0,0.0,0.0,0.0
2015-11-01,0.009,157.47,11.76,62.92,82.79
2015-11-02,0.702,185.55,11.56,75.13,98.86
2015-11-03,0.242,176.24,12.56,66.7,96.98
2015-11-04,0.049,94.64,12.56,0.0,82.08
2015-11-05,0.01,50.06,12.56,0.0,37.5
2015-11-06,0.002,22.79,12.54,0.0,10.24
2015-11-07,0.0,14.92,12.5,0.0,2.42
2015-11-08,0.0,12.97,12.35,0.0,0.62
2015-11-09,0.241,161.54,11.28,64.89,85.38
2015-11-10,0.115,131.26,12.56,33.44,85.27
2015-11-11,0.024,71.3,12.55,0.0,58.75
2015-11-12,0.005,31.98,12.55,0.0,19.43
2015-11-13,0.001,17.41,12.53,0.0,4.88
2015-11-14,0.0,13.59,12.45,0.0,1.14
2015-11-15,0.24,146.94,11.4,55.34,80.2
2015-11-16,0.085,107.51,12.56,14.24,80.71
2015-11-17,0.017,61.34,12.56,0.0,48.78
2015-11-18,0.004,27.35,12.55,0.0,14.8
2015-11-19,0.001,16.15,12.52,0.0,3.63
2015-11-20,0.0,13.29,12.43,0.0,0.86
2015-11-21,0.0,12.62,12.22,0.0,0.4
2015-11-22,0.0,12.46,11.98,0.0,0.48
2015-11-23,0.0,12.43,11.87,0.0,0.57
2015-11-24,0.031,34.24,11.19,0.1,22.96
2015-11-25,0.017,29.17,12.56,0.0,16.61
2015-11-26,0.004,17.59,12.55,0.0,5.04
2015-11-27,0.001,13.82,12.55,0.0,1.27
2015-11-28,0.0,12.84,12.51,0.0,0.33
2015-11-29,0.0,12.58,12.39,0.0,0.2
2015-11-30,0.0,12.5,12.14,0.0,0.35
2015-12-01,0.0,12.45,11.95,0.0,0.5
2015-12-02,0.0,12.46,11.89,0.0,0.57
2015-12-03,0.198,203.27,11.04,82.89,109.34
2015-12-04,0.142,175.19,12.55,54.22,108.42
2015-12-05,0.029,93.22,12.55,0.0,80.67
2015-12-06,0.006,41.29,12.54,0.0,28.75
2015-12-07,0.002,18.32,12.32,0.0,6.0
2015-12-08,0.001,13.3,12.19,0.0,1.11
2015-12-09,0.0,12.81,12.48,0.0,0.33
2015-12-10,0.169,81.02,10.34,21.74,48.94
2015-12-11,0.579,198.15,11.93,78.63,107.59
2015-12-12,0.138,162.89,12.55,48.39,101.96
2015-12-13,0.786,476.95,11.34,199.78,265.83
2015-12-14,0.352,490.87,12.56,205.77,272.54
2015-12-15,0.075,255.17,12.51,12.7,229.96
2015-12-16,0.018,124.87,12.39,0.0,112.48
2015-12-17,0.006,34.62,12.21,0.0,22.4
2015-12-18,0.053,63.28,7.8,19.48,36.0
2015-12-19,0.344,126.78,12.11,47.17,67.5
2015-12-20,0.218,90.88,10.37,25.99,54.52
2015-12-21,1.787,179.95,11.3,72.55,96.1
2015-12-22,1.523,182.67,12.31,73.5,96.85
2015-12-23,0.384,139.12,12.44,54.66,72.02
2015-12-24,0.186,73.54,11.89,21.43,40.23
2015-12-25,0.099,34.46,12.08,0.23,22.15
2015-12-26,0.067,18.58,11.86,0.0,6.72
2015-12-27,0.058,13.93,11.81,0.0,2.12
2015-12-28,0.052,12.99,11.8,0.0,1.19
2015-12-29,0.05,12.77,11.77,0.0,1.0
2015-12-30,0.047,12.74,11.79,0.0,0.95
2015-12-31,0.042,12.74,11.83,0.0,0.91
2016-01-01,0.034,12.75,11.9,0.0,0.84
2016-01-02,0.021,12.83,12.12,0.0,0.71
2016-01-03,0.012,12.43,11.83,0.0,0.6
2016-01-04,0.012,12.27,11.58,0.0,0.68
2016-01-05,0.904,177.61,11.36,71.79,94.47
2016-01-06,1.453,227.49,11.45,93.29,122.75
2016-01-07,0.965,162.42,12.31,64.82,85.29
2016-01-08,0.377,84.72,12.12,31.35,41.25
2016-01-09,0.296,37.83,11.77,11.25,14.81
2016-01-10,0.216,21.84,11.94,4.28,5.63
2016-01-11,0.168,15.33,11.83,1.32,2.18
2016-01-12,0.145,13.44,11.84,0.24,1.36
2016-01-13,0.503,129.9,11.53,51.04,67.33
2016-01-14,0.317,65.12,11.69,23.05,30.38
2016-01-15,0.327,38.76,11.25,11.87,15.63
2016-01-16,0.791,97.76,11.81,37.12,48.84
2016-01-17,0.939,103.09,10.65,39.91,52.52
2016-01-18,2.659,269.3,12.32,110.97,146.01
2016-01-19,3.083,218.85,12.32,89.18,117.35
2016-01-20,2.055,109.77,11.98,42.23,55.56
2016-01-21,1.475,38.18,11.88,11.36,14.94
2016-01-22,1.475,28.25,11.56,7.21,9.48
2016-01-23,1.762,46.18,11.83,14.83,19.51
2016-01-24,1.435,23.43,11.87,5.0,6.57
2016-01-25,1.176,15.97,11.85,1.78,2.34
2016-01-26,0.994,14.29,11.83,1.06,1.4
2016-01-27,0.846,13.93,11.84,0.91,1.19
2016-01-28,0.731,13.84,11.82,0.87,1.15
2016-01-29,0.768,24.92,11.43,5.82,7.66
2016-01-30,0.965,39.09,11.95,11.72,15.42
2016-01-31,0.701,20.23,11.89,3.6,4.74
2016-02-01,0.559,15.28,11.84,1.49,1.96
2016-02-02,0.495,14.1,11.8,0.99,1.3
2016-02-03,0.434,13.89,11.83,0.89,1.17
2016-02-04,0.358,13.88,11.87,0.87,1.14
2016-02-05,0.292,13.85,11.85,0.86,1.14
2016-02-06,0.24,13.85,11.85,0.86,1.14
2016-02-07,0.193,13.73,11.87,0.72,1.14
2016-02-08,0.151,13.4,11.88,0.38,1.14
2016-02-09,0.126,13.0,11.82,0.04,1.13
2016-02-10,0.109,12.98,11.82,0.02,1.14
2016-02-11,0.092,12.99,11.85,0.01,1.14
2016-02-12,0.076,12.99,11.85,0.0,1.13
2016-02-13,0.061,12.97,11.87,0.0,1.1
2016-02-14,0.047,12.89,11.9,0.0,1.0
2016-02-15,0.036,12.74,11.87,0.0,0.87
2016-02-16,0.028,12.69,11.91,0.0,0.78
2016-02-17,0.23,276.35,9.51,114.04,152.8
2016-02-18,1.002,211.81,11.95,85.79,114.07
2016-02-19,0.479,95.85,12.06,35.98,47.8
2016-02-20,0.305,37.34,11.93,10.92,14.5
2016-02-21,0.236,19.35,11.85,3.23,4.28
2016-02-22,0.193,14.88,11.86,1.19,1.83
2016-02-23,0.159,13.55,11.84,0.42,1.29
2016-02-24,0.133,13.12,11.84,0.11,1.17
2016-02-25,0.112,13.0,11.84,0.02,1.14
2016-02-26,0.092,13.02,11.87,0.01,1.14
2016-02-27,0.074,12.98,11.85,0.0,1.13
2016-02-28,0.061,12.96,11.87,0.0,1.09
2016-02-29,0.048,12.88,11.88,0.0,1.0
2016-03-01,0.037,12.76,11.88,0.0,0.88
2016-03-02,0.029,12.69,11.89,0.0,0.8
2016-03-03,0.021,12.59,11.87,0.0,0.71
2016-03-04,0.067,25.58,10.88,0.22,14.47
2016-03-05,1.757,251.05,11.52,103.18,136.36
2016-03-06,2.875,284.55,12.83,117.31,154.42
2016-03-07,3.042,126.55,11.81,49.54,65.2
2016-03-08,2.23,46.3,11.9,14.85,19.55
2016-03-09,1.908,23.18,11.79,4.92,6.47
2016-03-10,2.32,80.73,11.54,29.88,39.31
2016-03-11,3.543,85.27,12.27,31.52,41.48
2016-03-12,3.641,59.62,12.53,20.33,26.75
2016-03-13,6.434,88.12,16.43,30.96,40.74
2016-03-14,5.396,39.27,15.75,10.15,13.36
2016-03-15,3.892,18.47,13.16,2.29,3.02
2016-03-16,3.061,14.5,11.87,1.14,1.5
2016-03-17,2.41,14.03,11.88,0.93,1.22
2016-03-18,1.844,13.92,11.89,0.88,1.15
2016-03-19,1.405,13.89,11.89,0.87,1.14
2016-03-20,1.181,18.55,11.76,2.94,3.86
2016-03-21,1.244,33.68,11.71,9.49,12.48
2016-03-22,1.225,28.41,11.86,7.15,9.4
2016-03-23,0.936,17.38,11.89,2.37,3.12
2016-03-24,0.709,14.73,11.9,1.22,1.61
2016-03-25,0.523,14.12,11.92,0.95,1.25
2016-03-26,0.373,13.98,11.93,0.88,1.16
2016-03-27,0.265,13.94,11.93,0.87,1.14
2016-03-28,0.182,13.74,11.94,0.67,1.13
2016-03-29,0.131,13.19,11.9,0.16,1.13
2016-03-30,0.094,13.07,11.93,0.01,1.13
2016-03-31,0.067,13.04,11.92,0.0,1.11
2016-04-01,0.047,12.93,11.93,0.0,1.0
2016-04-02,0.032,12.78,11.95,0.0,0.83
2016-04-03,0.02,12.68,11.98,0.0,0.7
2016-04-04,0.012,12.67,12.05,0.0,0.61
2016-04-05,0.005,12.64,12.16,0.0,0.48
2016-04-06,0.002,12.68,12.27,0.0,0.42
2016-04-07,0.001,12.62,12.33,0.0,0.29
2016-04-08,0.0,12.65,12.56,0.0,0.09
2016-04-09,0.966,110.45,11.07,42.91,56.46
2016-04-10,1.207,55.37,11.89,18.77,24.7
2016-04-11,0.831,25.11,11.94,5.69,7.49
2016-04-12,0.605,16.69,11.9,2.07,2.72
2016-04-13,0.445,14.61,11.92,1.16,1.53
2016-04-14,0.322,14.07,11.91,0.94,1.23
2016-04-15,0.244,13.92,11.88,0.88,1.16
2016-04-16,0.187,13.71,11.89,0.68,1.14
2016-04-17,0.139,13.3,11.91,0.26,1.14
2016-04-18,0.103,13.08,11.92,0.02,1.14
2016-04-19,0.075,13.03,11.91,0.0,1.12
2016-04-20,0.052,12.97,11.91,0.0,1.05
2016-04-21,0.038,12.8,11.9,0.0,0.9
2016-04-22,0.195,75.48,11.29,27.68,36.52
2016-04-23,0.152,47.68,12.13,12.79,22.76
2016-04-24,0.084,20.22,12.02,0.01,8.19
2016-04-25,0.05,14.9,11.92,0.0,2.98
2016-04-26,0.038,13.17,11.95,0.0,1.22
2016-04-27,0.021,12.66,11.9,0.0,0.75
2016-04-28,0.019,12.6,11.87,0.0,0.73
2016-04-29,0.012,12.68,12.06,0.0,0.62
2016-04-30,0.005,12.74,12.27,0.0,0.47
2016-05-01,0.001,12.67,12.47,0.0,0.2
2016-05-02,0.0,12.62,12.56,0.0,0.06
2016-05-03,0.0,12.57,12.56,0.0,0.01
2016-05-04,0.0,12.56,12.56,0.0,0.0
2016-05-05,0.0,12.56,12.56,0.0,0.0
2016-05-06,0.0,12.56,12.56,0.0,0.0
2016-05-07,0.0,12.56,12.56,0.0,0.0
2016-05-08,0.0,12.56,12.56,0.0,0.0
2016-05-09,0.0,0.0,0.0,0.0,0.0
2016-05-10,0.0,0.0,0.0,0.0,0.0
2016-05-11,0.0,0.0,0.0,0.0,0.0
2016-05-12,0.0,0.0,0.0,0.0,0.0
2016-05-13,0.0,0.0,0.0,0.0,0.0
2016-05-14,0.0,0.0,0.0,0.0,0.0
2016-05-15,0.0,0.0,0.0,0.0,0.0
2016-05-16,0.0,0.0,0.0,0.0,0.0
2016-05-17,0.0,0.0,0.0,0.0,0.0
2016-05-18,0.0,0.0,0.0,0.0,0.0
2016-05-19,0.0,0.0,0.0,0.0,0.0
2016-05-20,0.0,0.0,0.0,0.0,0.0
2016-05-21,0.0,0.0,0.0,0.0,0.0
2016-05-22,0.0,0.0,0.0,0.0,0.0
2016-05-23,0.0,0.0,0.0,0.0,0.0
2016-05-24,0.0,0.0,0.0,0.0,0.0
2016-05-25,0.0,0.0,0.0,0.0,0.0
2016-05-26,0.0,0.0,0.0,0.0,0.0
2016-05-27,0.0,0.0,0.0,0.0,0.0
2016-05-28,0.0,0.0,0.0,0.0,0.0
2016-05-29,0.0,0.0,0.0,0.0,0.0
2016-05-30,0.0,0.0,0.0,0.0,0.0
2016-05-31,0.0,0.0,0.0,0.0,0.0
2016-06-01,0.0,0.0,0.0,0.0,0.0
2016-06-02,0.0,0.0,0.0,0.0,0.0
2016-06-03,0.0,0.0,0.0,0.0,0.0
2016-06-04,0.0,0.0,0.0,0.0,0.0
2016-06-05,0.0,0.0,0.0,0.0,0.0
2016-06-06,0.0,0.0,0.0,0.0,0.0
2016-06-07,0.0,0.0,0.0,0.0,0.0
2016-06-08,0.0,0.0,0.0,0.0,0.0
2016-06-09,0.0,0.0,0.0,0.0,0.0
2016-06-10,0.0,0.0,0.0,0.0,0.0
2016-06-11,0.0,0.0,0.0,0.0,0.0
2016-06-12,0.0,0.0,0.0,0.0,0.0
2016-06-13,0.0,0.0,0.0,0.0,0.0
2016-06-14,0.0,0.0,0.0,0.0,0.0
2016-06-15,0.0,0.0,0.0,0.0,0.0
2016-06-16,0.0,0.0,0.0,0.0,0.0
2016-06-17,0.0,0.0,0.0,0.0,0.0
2016-06-18,0.0,0.0,0.0,0.0,0.0
2016-06-19,0.0,0.0,0.0,0.0,0.0
2016-06-20,0.0,0.0,0.0,0.0,0.0
2016-06-21,0.0,0.0,0.0,0.0,0.0
2016-06-22,0.0,0.0,0.0,0.0,0.0
2016-06-23,0.0,0.0,0.0,0.0,0.0
2016-06-24,0.0,0.0,0.0,0.0,0.0
2016-06-25,0.0,0.0,0.0,0.0,0.0
2016-06-26,0.0,0.0,0.0,0.0,0.0
2016-06-27,0.0,0.0,0.0,0.0,0.0
2016-06-28,0.0,0.0,0.0,0.0,0.0
2016-06-29,0.0,0.0,0.0,0.0,0.0
2016-06-30,0.0,0.0,0.0,0.0,0.0
2016-07-01,0.0,0.0,0.0,0.0,0.0
2016-07-02,0.0,0.0,0.0,0.0,0.0
2016-07-03,0.0,0.0,0.0,0.0,0.0
2016-07-04,0.0,0.0,0.0,0.0,0.0
2016-07-05,0.0,0.0,0.0,0.0,0.0
2016-07-06,0.0,0.0,0.0,0.0,0.0
2016-07-07,0.0,0.0,0.0,0.0,0.0
2016-07-08,0.0,0.0,0.0,0.0,0.0
2016-07-09,0.0,0.0,0.0,0.0,0.0
2016-07-10,0.0,0.0,0.0,0.0,0.0
2016-07-11,0.0,0.0,0.0,0.0,0.0
2016-07-12,0.0,0.0,0.0,0.0,0.0
2016-07-13,0.0,0.0,0.0,0.0,0.0
2016-07-14,0.0,0.0,0.0,0.0,0.0
2016-07-15,0.0,0.0,0.0,0.0,0.0
2016-07-16,0.0,0.0,0.0,0.0,0.0
2016-07-17,0.0,0.0,0.0,0.0,0.0
2016-07-18,0.0,0.0,0.0,0.0,0.0
2016-07-19,0.0,0.0,0.0,0.0,0.0
2016-07-20,0.0,0.0,0.0,0.0,0.0
2016-07-21,0.0,0.0,0.0,0.0,0.0
2016-07-22,0.0,0.0,0.0,0.0,0.0
2016-07-23,0.0,0.0,0.0,0.0,0.0
2016-07-24,0.0,0.0,0.0,0.0,0.0
2016-07-25,0.0,0.0,0.0,0.0,0.0
2016-07-26,0.0,0.0,0.0,0.0,0.0
2016-07-27,0.0,0.0,0.0,0.0,0.0
2016-07-28,0.0,0.0,0.0,0.0,0.0
2016-07-29,0.0,0.0,0.0,0.0,0.0
2016-07-30,0.0,0.0,0.0,0.0,0.0
2016-07-31,0.0,0.0,0.0,0.0,0.0
2016-08-01,0.0,0.0,0.0,0.0,0.0
2016-08-02,0.0,0.0,0.0,0.0,0.0
2016-08-03,0.0,0.0,0.0,0.0,0.0
2016-08-04,0.0,0.0,0.0,0.0,0.0
2016-08-05,0.0,0.0,0.0,0.0,0.0
2016-08-06,0.0,0.0,0.0,0.0,0.0
2016-08-07,0.0,0.0,0.0,0.0,0.0
2016-08-08,0.0,0.0,0.0,0.0,0.0
2016-08-09,0.0,0.0,0.0,0.0,0.0
2016-08-10,0.0,0.0,0.0,0.0,0.0
2016-08-11,0.0,0.0,0.0,0.0,0.0
2016-08-12,0.0,0.0,0.0,0.0,0.0
2016-08-13,0.0,0.0,0.0,0.0,0.0
2016-08-14,0.0,0.0,0.0,0.0,0.0
2016-08-15,0.0,0.0,0.0,0.0,0.0
2016-08-16,0.0,0.0,0.0,0.0,0.0
2016-08-17,0.0,0.0,0.0,0.0,0.0
2016-08-18,0.0,0.0,0.0,0.0,0.0
2016-08-19,0.0,0.0,0.0,0.0,0.0
2016-08-20,0.0,0.0,0.0,0.0,0.0
2016-08-21,0.0,0.0,0.0,0.0,0.0
2016-08-22,0.0,0.0,0.0,0.0,0.0
2016-08-23,0.0,0.0,0.0,0.0,0.0
2016-08-24,0.0,0.0,0.0,0.0,0.0
2016-08-25,0.0,0.0,0.0,0.0,0.0
2016-08-26,0.0,0.0,0.0,0.0,0.0
2016-08-27,0.0,0.0,0.0,0.0,0.0
2016-08-28,0.0,0.0,0.0,0.0,0.0
2016-08-29,0.0,0.0,0.0,0.0,0.0
2016-08-30,0.0,0.0,0.0,0.0,0.0
2016-08-31,0.0,0.0,0.0,0.0,0.0
2016-09-01,0.0,0.0,0.0,0.0,0.0
2016-09-02,0.0,0.0,0.0,0.0,0.0
2016-09-03,0.0,0.0,0.0,0.0,0.0
2016-09-04,0.0,0.0,0.0,0.0,0.0
2016-09-05,0.0,0.0,0.0,0.0,0.0
2016-09-06,0.0,0.0,0.0,0.0,0.0
2016-09-07,0.0,0.0,0.0,0.0,0.0
2016-09-08,0.0,0.0,0.0,0.0,0.0
2016-09-09,0.0,0.0,0.0,0.0,0.0
2016-09-10,0.0,0.0,0.0,0.0,0.0
2016-09-11,0.0,0.0,0.0,0.0,0.0
2016-09-12,0.0,0.0,0.0,0.0,0.0
2016-09-13,0.0,0.0,0.0,0.0,0.0
2016-09-14,0.0,0.0,0.0,0.0,0.0
2016-09-15,0.0,0.0,0.0,0.0,0.0
2016-09-16,0.0,0.0,0.0,0.0,0.0
2016-09-17,0.0,0.0,0.0,0.0,0.0
2016-09-18,0.0,0.0,0.0,0.0,0.0
2016-09-19,0.0,0.0,0.0,0.0,0.0
2016-09-20,0.0,0.0,0.0,0.0,0.0
2016-09-21,0.0,0.0,0.0,0.0,0.0
2016-09-22,0.0,0.0,0.0,0.0,0.0
2016-09-23,0.0,0.0,0.0,0.0,0.0
2016-09-24,0.0,0.0,0.0,0.0,0.0
2016-09-25,0.0,0.0,0.0,0.0,0.0
2016-09-26,0.0,0.0,0.0,0.0,0.0
2016-09-27,0.0,0.0,0.0,0.0,0.0
2016-09-28,0.0,0.0,0.0,0.0,0.0
2016-09-29,0.0,0.0,0.0,0.0,0.0
2016-09-30,0.0,0.0,0.0,0.0,0.0
2016-10-01,0.0,0.0,0.0,0.0,0.0
2016-10-02,0.0,0.0,0.0,0.0,0.0
2016-10-03,0.0,0.0,0.0,0.0,0.0
2016-10-04,0.0,0.0,0.0,0.0,0.0
2016-10-05,0.0,0.0,0.0,0.0,0.0
2016-10-06,0.0,0.0,0.0,0.0,0.0
2016-10-07,0.0,0.0,0.0,0.0,0.0
2016-10-08,0.0,0.0,0.0,0.0,0.0
2016-10-09,0.0,0.0,0.0,0.0,0.0
2016-10-10,0.0,0.0,0.0,0.0,0.0
2016-10-11,0.0,0.0,0.0,0.0,0.0
2016-10-12,0.0,0.0,0.0,0.0,0.0
2016-10-13,0.0,0.0,0.0,0.0,0.0
2016-10-14,0.749,256.81,11.31,106.01,139.49
2016-10-15,0.705,298.74,11.64,123.98,163.13
2016-10-16,1.37,300.51,11.62,124.75,164.14
2016-10-17,0.686,259.88,12.55,106.8,140.53
2016-10-18,0.145,195.96,12.53,62.46,120.97
2016-10-19,0.033,96.53,12.46,0.0,84.06
2016-10-20,0.008,39.12,12.4,0.0,26.72
2016-10-21,0.002,18.74,12.47,0.0,6.27
2016-10-22,0.001,13.73,12.36,0.0,1.37
2016-10-23,0.0,12.66,12.14,0.0,0.52
2016-10-24,0.0,12.49,11.98,0.0,0.51
2016-10-25,0.0,12.43,11.87,0.0,0.57
2016-10-26,0.0,12.47,11.9,0.0,0.58
2016-10-27,0.096,100.09,7.96,39.78,52.35
2016-10-28,0.792,132.44,11.98,52.02,68.44
2016-10-29,0.186,110.35,12.54,37.11,60.7
2016-10-30,0.824,479.86,11.33,201.25,267.27
2016-10-31,0.418,462.89,12.42,194.14,256.33
2016-11-01,0.296,241.21,11.9,98.38,130.93
2016-11-02,0.081,110.2,12.35,2.99,94.86
2016-11-03,0.032,45.5,12.09,0.0,33.41
2016-11-04,0.02,17.25,11.97,0.0,5.28
2016-11-05,0.014,13.02,11.91,0.0,1.11
2016-11-06,0.01,12.59,11.92,0.0,0.67
2016-11-07,0.007,12.5,11.88,0.0,0.62
2016-11-08,0.005,12.52,11.92,0.0,0.6
2016-11-09,0.003,12.6,12.04,0.0,0.56
2016-11-10,0.001,12.67,12.24,0.0,0.43
2016-11-11,0.0,12.69,12.53,0.0,0.16
2016-11-12,0.0,12.58,12.47,0.0,0.11
2016-11-13,0.0,12.54,12.33,0.0,0.21
2016-11-14,0.0,12.53,12.16,0.0,0.37
2016-11-15,0.0,12.59,12.13,0.0,0.46
2016-11-16,0.0,12.59,12.12,0.0,0.47
2016-11-17,0.0,12.57,12.14,0.0,0.42
2016-11-18,0.0,12.71,12.56,0.0,0.15
2016-11-19,0.151,71.7,10.75,23.37,37.58
2016-11-20,0.484,173.94,11.59,69.53,92.82
2016-11-21,0.234,194.14,12.53,73.33,108.28
2016-11-22,0.062,83.8,11.1,0.0,72.7
2016-11-23,0.215,115.04,11.94,40.11,62.98
2016-11-24,0.057,57.38,12.38,0.0,45.01
2016-11-25,0.021,26.14,12.22,0.0,13.92
2016-11-26,0.073,38.69,9.3,8.64,20.75
2016-11-27,0.353,91.8,12.05,33.76,45.99
2016-11-28,0.087,55.13,12.42,5.11,37.6
2016-11-29,0.031,27.15,12.1,0.0,15.04
2016-11-30,0.02,14.45,11.9,0.0,2.55
2016-12-01,0.015,12.75,11.91,0.0,0.84
2016-12-02,0.01,12.61,11.99,0.0,0.63
2016-12-03,0.008,12.4,11.75,0.0,0.65
2016-12-04,0.007,12.54,11.9,0.0,0.64
2016-12-05,0.005,12.57,11.97,0.0,0.6
2016-12-06,0.003,12.53,11.97,0.0,0.56
2016-12-07,0.009,2.38,2.25,0.0,0.13
2016-12-08,0.607,92.05,11.2,34.91,45.94
2016-12-09,0.572,85.15,12.17,31.51,41.47
2016-12-10,1.284,202.64,11.36,82.6,108.68
2016-12-11,0.741,218.66,12.46,89.04,117.16
2016-12-12,0.225,132.67,12.23,49.84,70.61
2016-12-13,0.125,36.1,11.91,0.23,23.96
2016-12-14,0.094,18.56,11.9,0.01,6.66
2016-12-15,1.606,389.71,11.75,163.08,214.88
2016-12-16,1.913,361.94,12.49,150.86,198.59
2016-12-17,0.702,185.86,12.11,75.01,98.74
2016-12-18,0.432,64.64,11.91,22.76,29.97
2016-12-19,0.349,25.28,11.83,5.8,7.64
2016-12-20,0.301,16.25,11.83,1.91,2.51
2016-12-21,0.258,14.34,11.83,1.08,1.43
2016-12-22,0.237,13.88,11.78,0.91,1.19
2016-12-23,0.985,227.24,11.4,93.2,122.63
2016-12-24,0.633,138.05,12.13,54.37,71.55
2016-12-25,0.388,50.72,11.91,16.76,22.05
2016-12-26,0.302,22.46,11.85,4.58,6.03
2016-12-27,0.265,15.59,11.8,1.63,2.15
2016-12-28,0.236,14.19,11.82,1.02,1.34
2016-12-29,0.204,13.9,11.83,0.9,1.18
2016-12-30,0.183,13.76,11.8,0.82,1.14
2016-12-31,0.175,13.7,11.77,0.79,1.14
2017-01-01,0.151,13.57,11.87,0.55,1.14
2017-01-02,0.125,13.0,11.83,0.04,1.13
2017-01-03,0.642,91.11,10.9,34.59,45.63
2017-01-04,1.894,149.6,11.62,59.58,78.4
2017-01-05,1.243,79.0,12.09,28.89,38.02
2017-01-06,0.777,32.82,11.91,9.03,11.88
2017-01-07,1.014,43.42,11.25,13.89,18.28
2017-01-08,4.046,163.09,13.43,64.63,85.04
2017-01-09,3.785,109.33,12.99,41.6,54.74
2017-01-10,7.148,122.7,16.81,45.73,60.17
2017-01-11,7.281,83.81,18.07,28.39,37.35
2017-01-12,5.899,31.63,16.11,6.7,8.82
2017-01-13,4.467,18.64,14.19,1.92,2.53
2017-01-14,3.434,14.67,12.25,1.04,1.37
2017-01-15,2.786,13.95,11.87,0.9,1.19
2017-01-16,2.193,13.9,11.88,0.87,1.15
2017-01-17,1.702,13.88,11.88,0.86,1.14
2017-01-18,2.307,68.23,11.48,24.51,32.24
2017-01-19,3.176,60.32,11.85,20.93,27.54
2017-01-20,5.104,136.62,14.69,52.65,69.28
2017-01-21,4.656,52.28,14.18,16.46,21.65
2017-01-22,6.713,75.5,16.68,25.4,33.42
2017-01-23,6.339,44.66,16.78,12.04,15.84
2017-01-24,4.531,20.81,14.4,2.77,3.64
2017-01-25,3.255,14.89,12.1,1.21,1.59
2017-01-26,2.462,14.09,11.91,0.94,1.24
2017-01-27,1.78,13.96,11.92,0.88,1.16
2017-01-28,1.272,13.93,11.92,0.87,1.14
2017-01-29,0.905,13.92,11.93,0.86,1.13
2017-01-30,0.64,13.92,11.93,0.86,1.13
2017-01-31,0.457,13.91,11.92,0.86,1.13
2017-02-01,0.33,13.9,11.91,0.86,1.13
2017-02-02,0.306,23.65,11.73,5.15,6.77
2017-02-03,1.788,326.85,11.25,136.28,179.32
2017-02-04,2.489,119.52,11.74,46.54,61.24
2017-02-05,2.031,46.82,11.77,15.14,19.92
2017-02-06,2.792,57.17,11.55,19.7,25.92
2017-02-07,8.736,327.19,18.45,133.32,175.42
2017-02-08,8.71,102.16,18.76,36.01,47.38
2017-02-09,9.156,342.9,18.94,139.27,184.68
2017-02-10,8.617,152.6,19.03,57.32,76.24
2017-02-11,5.527,33.72,15.99,7.62,10.12
2017-02-12,3.64,17.36,12.81,1.96,2.6
2017-02-13,2.676,14.47,11.91,1.1,1.46
2017-02-14,1.913,14.07,11.93,0.92,1.22
2017-02-15,1.367,13.94,11.91,0.88,1.15
2017-02-16,1.911,355.49,11.55,148.52,195.42
2017-02-17,3.002,126.32,11.87,49.42,65.03
2017-02-18,3.933,50.03,13.26,15.88,20.89
2017-02-19,3.046,23.64,11.84,5.1,6.71
2017-02-20,8.123,827.61,17.87,347.37,462.37
2017-02-21,10.374,351.73,20.07,140.12,191.54
2017-02-22,7.581,57.26,18.33,16.53,22.4
2017-02-23,4.726,21.69,14.81,2.93,3.94
2017-02-24,3.211,15.01,12.13,1.24,1.65
2017-02-25,2.374,14.12,11.91,0.95,1.26
2017-02-26,1.678,13.99,11.94,0.88,1.17
2017-02-27,1.363,18.84,11.83,3.03,3.98
2017-02-28,1.023,15.37,11.91,1.49,1.97
2017-03-01,0.742,14.27,11.91,1.02,1.34
2017-03-02,0.54,14.0,11.91,0.9,1.19
2017-03-03,0.394,13.93,11.91,0.87,1.15
2017-03-04,0.472,468.22,10.21,197.78,260.23
2017-03-05,2.633,656.68,11.6,278.56,366.53
2017-03-06,2.989,133.13,11.73,52.42,68.98
2017-03-07,2.357,42.95,11.93,13.39,17.62
2017-03-08,1.604,21.72,11.95,4.22,5.55
2017-03-09,1.087,16.02,11.94,1.76,2.32
2017-03-10,0.752,14.47,11.93,1.1,1.44
2017-03-11,0.511,14.1,11.96,0.92,1.22
2017-03-12,0.339,13.99,11.96,0.88,1.15
2017-03-13,0.226,13.95,11.95,0.86,1.14
2017-03-14,0.154,13.66,11.95,0.59,1.13
2017-03-15,0.103,13.1,11.95,0.02,1.13
2017-03-16,0.068,13.09,11.97,0.0,1.12
2017-03-17,0.044,12.96,11.98,0.0,0.98
2017-03-18,0.027,12.75,11.97,0.0,0.78
2017-03-19,0.017,12.65,11.98,0.0,0.67
2017-03-20,0.214,225.84,8.47,90.66,126.71
2017-03-21,1.95,154.29,11.58,60.99,81.71
2017-03-22,3.805,544.81,12.72,229.7,302.38
2017-03-23,2.676,158.47,11.94,63.26,83.27
2017-03-24,2.418,83.41,11.66,30.98,40.77
2017-03-25,2.293,43.85,11.91,13.79,18.15
2017-03-26,1.649,21.5,11.92,4.14,5.45
2017-03-27,1.146,15.94,11.95,1.72,2.26
2017-03-28,0.779,14.47,11.94,1.09,1.43
2017-03-29,0.542,14.06,11.93,0.92,1.21
2017-03-30,0.362,14.02,11.99,0.88,1.16
2017-03-31,0.234,13.95,11.95,0.86,1.13
2017-04-01,0.161,13.67,11.93,0.61,1.13
2017-04-02,0.11,13.11,11.95,0.03,1.13
2017-04-03,0.074,13.08,11.96,0.0,1.12
2017-04-04,0.049,12.97,11.94,0.0,1.03
2017-04-05,0.032,12.89,12.04,0.0,0.85
2017-04-06,0.524,821.13,9.07,350.65,461.4
2017-04-07,3.116,715.01,11.84,303.64,399.53
2017-04-08,4.003,957.98,13.61,407.8,536.57
2017-04-09,2.705,221.18,11.93,90.36,118.89
2017-04-10,1.877,68.35,11.93,24.36,32.06
2017-04-11,1.349,27.69,11.9,6.82,8.97
2017-04-12,1.113,21.36,11.8,4.13,5.43
2017-04-13,1.222,26.22,11.72,6.26,8.24
2017-04-14,0.991,17.87,11.91,2.58,3.39
2017-04-15,0.726,14.89,11.91,1.29,1.69
2017-04-16,0.606,16.0,11.76,1.83,2.41
2017-04-17,0.746,23.58,11.59,5.18,6.81
2017-04-18,0.781,21.58,11.87,4.19,5.52
2017-04-19,0.577,15.59,11.7,1.68,2.21
2017-04-20,0.74,68.33,11.82,24.4,32.1
2017-04-21,0.533,28.0,11.94,6.93,9.12
2017-04-22,0.363,17.71,11.95,2.49,3.27
2017-04-23,0.247,14.94,11.94,1.3,1.7
2017-04-24,0.191,14.03,11.82,0.95,1.26
2017-04-25,0.145,13.66,11.95,0.54,1.17
2017-04-26,0.108,13.03,11.88,0.02,1.14
2017-04-27,0.077,13.13,11.99,0.0,1.13
2017-04-28,0.049,12.97,11.94,0.0,1.04
2017-04-29,0.031,12.79,11.96,0.0,0.83
2017-04-30,0.021,12.67,11.94,0.0,0.72
2017-05-01,0.012,12.79,12.18,0.0,0.6
2017-05-02,0.004,12.65,12.26,0.0,0.39
2017-05-03,0.001,12.67,12.4,0.0,0.28
2017-05-04,0.0,12.64,12.56,0.0,0.08
2017-05-05,0.0,12.58,12.56,0.0,0.02
2017-05-06,0.0,12.56,12.56,0.0,0.0
2017-05-07,0.0,12.56,12.56,0.0,0.0
2017-05-08,0.0,12.56,12.56,0.0,0.0
2017-05-09,0.0,12.56,12.56,0.0,0.0
2017-05-10,0.0,12.56,12.56,0.0,0.0
2017-05-11,0.0,0.0,0.0,0.0,0.0
2017-05-12,0.0,0.0,0.0,0.0,0.0
2017-05-13,0.0,0.0,0.0,0.0,0.0
2017-05-14,0.0,0.0,0.0,0.0,0.0
2017-05-15,0.0,0.0,0.0,0.0,0.0
2017-05-16,0.0,0.0,0.0,0.0,0.0
2017-05-17,0.0,0.0,0.0,0.0,0.0
2017-05-18,0.0,0.0,0.0,0.0,0.0
2017-05-19,0.0,0.0,0.0,0.0,0.0
2017-05-20,0.0,0.0,0.0,0.0,0.0
2017-05-21,0.0,0.0,0.0,0.0,0.0
2017-05-22,0.0,0.0,0.0,0.0,0.0
2017-05-23,0.0,0.0,0.0,0.0,0.0
2017-05-24,0.0,0.0,0.0,0.0,0.0
2017-05-25,0.0,0.0,0.0,0.0,0.0
2017-05-26,0.0,0.0,0.0,0.0,0.0
2017-05-27,0.0,0.0,0.0,0.0,0.0
2017-05-28,0.0,0.0,0.0,0.0,0.0
2017-05-29,0.0,0.0,0.0,0.0,0.0
2017-05-30,0.0,0.0,0.0,0.0,0.0
2017-05-31,0.0,0.0,0.0,0.0,0.0
2017-06-01,0.0,0.0,0.0,0.0,0.0
2017-06-02,0.0,0.0,0.0,0.0,0.0
2017-06-03,0.0,0.0,0.0,0.0,0.0
2017-06-04,0.0,0.0,0.0,0.0,0.0
2017-06-05,0.0,0.0,0.0,0.0,0.0
2017-06-06,0.0,0.0,0.0,0.0,0.0
2017-06-07,0.0,0.0,0.0,0.0,0.0
2017-06-08,0.0,0.0,0.0,0.0,0.0
2017-06-09,0.0,0.0,0.0,0.0,0.0
2017-06-10,0.0,0.0,0.0,0.0,0.0
2017-06-11,0.0,0.0,0.0,0.0,0.0
2017-06-12,0.0,0.0,0.0,0.0,0.0
2017-06-13,0.0,0.0,0.0,0.0,0.0
2017-06-14,0.0,0.0,0.0,0.0,0.0
2017-06-15,0.0,0.0,0.0,0.0,0.0
2017-06-16,0.0,0.0,0.0,0.0,0.0
2017-06-17,0.0,0.0,0.0,0.0,0.0
2017-06-18,0.0,0.0,0.0,0.0,0.0
2017-06-19,0.0,0.0,0.0,0.0,0.0
2017-06-20,0.0,0.0,0.0,0.0,0.0
2017-06-21,0.0,0.0,0.0,0.0,0.0
2017-06-22,0.0,0.0,0.0,0.0,0.0
2017-06-23,0.0,0.0,0.0,0.0,0.0
2017-06-24,0.0,0.0,0.0,0.0,0.0
2017-06-25,0.0,0.0,0.0,0.0,0.0
2017-06-26,0.0,0.0,0.0,0.0,0.0
2017-06-27,0.0,0.0,0.0,0.0,0.0
2017-06-28,0.0,0.0,0.0,0.0,0.0
2017-06-29,0.0,0.0,0.0,0.0,0.0
2017-06-30,0.0,0.0,0.0,0.0,0.0
2017-07-01,0.0,0.0,0.0,0.0,0.0
2017-07-02,0.0,0.0,0.0,0.0,0.0
2017-07-03,0.0,0.0,0.0,0.0,0.0
2017-07-04,0.0,0.0,0.0,0.0,0.0
2017-07-05,0.0,0.0,0.0,0.0,0.0
2017-07-06,0.0,0.0,0.0,0.0,0.0
2017-07-07,0.0,0.0,0.0,0.0,0.0
2017-07-08,0.0,0.0,0.0,0.0,0.0
2017-07-09,0.0,0.0,0.0,0.0,0.0
2017-07-10,0.0,0.0,0.0,0.0,0.0
2017-07-11,0.0,0.0,0.0,0.0,0.0
2017-07-12,0.0,0.0,0.0,0.0,0.0
2017-07-13,0.0,0.0,0.0,0.0,0.0
2017-07-14,0.0,0.0,0.0,0.0,0.0
2017-07-15,0.0,0.0,0.0,0.0,0.0
2017-07-16,0.0,0.0,0.0,0.0,0.0
2017-07-17,0.0,0.0,0.0,0.0,0.0
2017-07-18,0.0,0.0,0.0,0.0,0.0
2017-07-19,0.0,0.0,0.0,0.0,0.0
2017-07-20,0.0,0.0,0.0,0.0,0.0
2017-07-21,0.0,0.0,0.0,0.0,0.0
2017-07-22,0.0,0.0,0.0,0.0,0.0
2017-07-23,0.0,0.0,0.0,0.0,0.0
2017-07-24,0.0,0.0,0.0,0.0,0.0
2017-07-25,0.0,0.0,0.0,0.0,0.0
2017-07-26,0.0,0.0,0.0,0.0,0.0
2017-07-27,0.0,0.0,0.0,0.0,0.0
2017-07-28,0.0,0.0,0.0,0.0,0.0
2017-07-29,0.0,0.0,0.0,0.0,0.0
2017-07-30,0.0,0.0,0.0,0.0,0.0
2017-07-31,0.0,0.0,0.0,0.0,0.0
2017-08-01,0.0,0.0,0.0,0.0,0.0
2017-08-02,0.0,0.0,0.0,0.0,0.0
2017-08-03,0.0,0.0,0.0,0.0,0.0
2017-08-04,0.0,0.0,0.0,0.0,0.0
2017-08-05,0.0,0.0,0.0,0.0,0.0
2017-08-06,0.0,0.0,0.0,0.0,0.0
2017-08-07,0.0,0.0,0.0,0.0,0.0
2017-08-08,0.0,0.0,0.0,0.0,0.0
2017-08-09,0.0,0.0,0.0,0.0,0.0
2017-08-10,0.0,0.0,0.0,0.0,0.0
2017-08-11,0.0,0.0,0.0,0.0,0.0
2017-08-12,0.0,0.0,0.0,0.0,0.0
2017-08-13,0.0,0.0,0.0,0.0,0.0
2017-08-14,0.0,0.0,0.0,0.0,0.0
2017-08-15,0.0,0.0,0.0,0.0,0.0
2017-08-16,0.0,0.0,0.0,0.0,0.0
2017-08-17,0.0,0.0,0.0,0.0,0.0
2017-08-18,0.0,0.0,0.0,0.0,0.0
2017-08-19,0.0,0.0,0.0,0.0,0.0
2017-08-20,0.0,0.0,0.0,0.0,0.0
2017-08-21,0.0,0.0,0.0,0.0,0.0
2017-08-22,0.0,0.0,0.0,0.0,0.0
2017-08-23,0.0,0.0,0.0,0.0,0.0
2017-08-24,0.0,0.0,0.0,0.0,0.0
2017-08-25,0.0,0.0,0.0,0.0,0.0
2017-08-26,0.0,0.0,0.0,0.0,0.0
2017-08-27,0.0,0.0,0.0,0.0,0.0
2017-08-28,0.0,0.0,0.0,0.0,0.0
2017-08-29,0.0,0.0,0.0,0.0,0.0
2017-08-30,0.0,0.0,0.0,0.0,0.0
2017-08-31,0.0,0.0,0.0,0.0,0.0
2017-09-01,0.0,0.0,0.0,0.0,0.0
2017-09-02,0.0,0.0,0.0,0.0,0.0
2017-09-03,0.0,0.0,0.0,0.0,0.0
2017-09-04,0.0,0.0,0.0,0.0,0.0
2017-09-05,0.0,0.0,0.0,0.0,0.0
2017-09-06,0.0,0.0,0.0,0.0,0.0
2017-09-07,0.0,0.0,0.0,0.0,0.0
2017-09-08,0.0,0.0,0.0,0.0,0.0
2017-09-09,0.0,0.0,0.0,0.0,0.0
2017-09-10,0.0,0.0,0.0,0.0,0.0
2017-09-11,0.0,0.0,0.0,0.0,0.0
2017-09-12,0.0,0.0,0.0,0.0,0.0
2017-09-13,0.0,0.0,0.0,0.0,0.0
2017-09-14,0.0,0.0,0.0,0.0,0.0
2017-09-15,0.0,0.0,0.0,0.0,0.0
2017-09-16,0.0,0.0,0.0,0.0,0.0
2017-09-17,0.0,0.0,0.0,0.0,0.0
2017-09-18,0.0,0.0,0.0,0.0,0.0
2017-09-19,0.0,0.0,0.0,0.0,0.0
2017-09-20,0.0,0.0,0.0,0.0,0.0
2017-09-21,0.0,0.0,0.0,0.0,0.0
2017-09-22,0.0,0.0,0.0,0.0,0.0
2017-09-23,0.0,0.0,0.0,0.0,0.0
2017-09-24,0.0,0.0,0.0,0.0,0.0
2017-09-25,0.0,0.0,0.0,0.0,0.0
2017-09-26,0.0,0.0,0.0,0.0,0.0
2017-09-27,0.0,0.0,0.0,0.0,0.0
2017-09-28,0.0,0.0,0.0,0.0,0.0
2017-09-29,0.0,0.0,0.0,0.0,0.0
2017-09-30,0.0,0.0,0.0,0.0,0.0
2017-10-01,0.0,0.0,0.0,0.0,0.0
2017-10-02,0.0,0.0,0.0,0.0,0.0
2017-10-03,0.0,0.0,0.0,0.0,0.0
2017-10-04,0.0,0.0,0.0,0.0,0.0
2017-10-05,0.0,0.0,0.0,0.0,0.0
2017-10-06,0.0,0.0,0.0,0.0,0.0
2017-10-07,0.0,0.0,0.0,0.0,0.0
2017-10-08,0.0,0.0,0.0,0.0,0.0
2017-10-09,0.0,0.0,0.0,0.0,0.0
2017-10-10,0.0,0.0,0.0,0.0,0.0
2017-10-11,0.0,0.0,0.0,0.0,0.0
2017-10-12,0.0,0.0,0.0,0.0,0.0
2017-10-13,0.0,0.0,0.0,0.0,0.0
2017-10-14,0.0,0.0,0.0,0.0,0.0
2017-10-15,0.0,0.0,0.0,0.0,0.0
2017-10-16,0.0,0.0,0.0,0.0,0.0
2017-10-17,0.0,0.0,0.0,0.0,0.0
2017-10-18,0.0,0.0,0.0,0.0,0.0
2017-10-19,0.009,156.1,11.76,62.33,82.02
2017-10-20,0.204,128.17,12.05,45.59,70.52
2017-10-21,0.043,71.42,12.56,0.0,58.87
2017-10-22,0.009,37.77,12.56,0.0,25.21
2017-10-23,0.002,19.41,12.56,0.0,6.85
2017-10-24,0.0,14.23,12.55,0.0,1.68
2017-10-25,0.0,12.94,12.52,0.0,0.42
2017-10-26,0.0,12.62,12.43,0.0,0.19
2017-10-27,0.0,12.53,12.24,0.0,0.29
2017-10-28,0.0,12.46,12.01,0.0,0.45
2017-10-29,0.0,12.44,11.88,0.0,0.56
2017-10-30,0.0,12.41,11.83,0.0,0.59
2017-10-31,0.0,12.45,11.85,0.0,0.6
2017-11-01,0.0,12.47,11.88,0.0,0.59
2017-11-02,0.0,12.48,11.9,0.0,0.58
2017-11-03,0.0,12.51,11.95,0.0,0.56
2017-11-04,0.195,127.26,11.44,48.27,67.55
2017-11-05,0.06,76.26,12.56,0.13,63.57
2017-11-06,0.012,44.46,12.55,0.0,31.91
2017-11-07,0.003,21.63,12.56,0.0,9.08
2017-11-08,0.024,44.81,3.95,17.63,23.24
2017-11-09,0.423,137.72,11.97,54.3,71.45
2017-11-10,0.096,92.25,12.56,17.42,62.28
2017-11-11,0.02,52.0,12.54,0.0,39.46
2017-11-12,0.005,23.84,12.49,0.0,11.35
2017-11-13,0.001,15.34,12.54,0.0,2.8
2017-11-14,0.0,13.16,12.47,0.0,0.69
2017-11-15,0.104,130.78,5.98,52.15,72.65
2017-11-16,3.035,323.23,12.14,134.12,176.96
2017-11-17,1.143,257.1,12.51,105.53,139.07
2017-11-18,0.258,205.25,12.47,80.35,112.44
2017-11-19,0.076,82.08,12.28,0.07,69.73
2017-11-20,0.031,35.6,12.07,0.0,23.52
2017-11-21,0.023,15.17,11.83,0.0,3.34
2017-11-22,0.02,12.8,11.85,0.0,0.95
2017-11-23,0.016,12.67,11.96,0.0,0.71
2017-11-24,0.011,12.41,11.78,0.0,0.63
2017-11-25,0.01,12.68,12.03,0.0,0.66
2017-11-26,0.045,31.26,10.82,0.28,20.15
2017-11-27,0.602,202.52,11.59,81.79,109.14
2017-11-28,0.151,155.96,12.46,49.62,93.87
2017-11-29,0.045,66.61,12.25,0.0,54.36
2017-11-30,0.022,23.44,12.0,0.0,11.44
2017-12-01,0.016,13.64,11.87,0.0,1.77
2017-12-02,0.012,12.7,11.95,0.0,0.75
2017-12-03,0.007,12.68,12.08,0.0,0.59
2017-12-04,0.004,12.56,12.02,0.0,0.54
2017-12-05,0.001,12.74,12.55,0.0,0.19
2017-12-06,0.0,12.6,12.52,0.0,0.08
2017-12-07,0.0,12.56,12.46,0.0,0.1
2017-12-08,0.0,12.55,12.33,0.0,0.22
2017-12-09,0.0,12.56,12.2,0.0,0.36
2017-12-10,0.0,12.62,12.2,0.0,0.42
2017-12-11,0.0,12.61,12.22,0.0,0.39
2017-12-12,0.0,12.62,12.4,0.0,0.23
2017-12-13,0.0,12.65,12.56,0.0,0.09
2017-12-14,0.0,0.0,0.0,0.0,0.0
2017-12-15,0.0,0.0,0.0,0.0,0.0
2017-12-16,0.0,0.0,0.0,0.0,0.0
2017-12-17,0.0,0.0,0.0,0.0,0.0
2017-12-18,0.0,0.0,0.0,0.0,0.0
2017-12-19,0.0,0.0,0.0,0.0,0.0
2017-12-20,0.0,0.0,0.0,0.0,0.0
2017-12-21,0.0,0.0,0.0,0.0,0.0
2017-12-22,0.0,0.0,0.0,0.0,0.0
2017-12-23,0.0,0.0,0.0,0.0,0.0
2017-12-24,0.0,0.0,0.0,0.0,0.0
2017-12-25,0.0,0.0,0.0,0.0,0.0
2017-12-26,0.0,0.0,0.0,0.0,0.0
2017-12-27,0.0,0.0,0.0,0.0,0.0
2017-12-28,0.0,0.0,0.0,0.0,0.0
2017-12-29,0.0,0.0,0.0,0.0,0.0
2017-12-30,0.0,0.0,0.0,0.0,0.0
2017-12-31,0.0,0.0,0.0,0.0,0.0
2018-01-01,0.0,0.0,0.0,0.0,0.0
2018-01-02,0.0,0.0,0.0,0.0,0.0
2018-01-03,0.197,173.07,9.31,68.85,94.9
2018-01-04,0.513,239.08,12.43,97.1,129.55
2018-01-05,0.346,119.31,11.41,46.38,61.51
2018-01-06,0.293,88.99,12.48,32.65,43.86
2018-01-07,0.072,45.37,12.45,0.41,32.51
2018-01-08,1.875,213.62,10.66,87.52,115.44
2018-01-09,2.605,257.71,13.07,105.62,139.02
2018-01-10,0.733,170.19,12.3,68.17,89.72
2018-01-11,0.341,75.06,12.0,27.23,35.84
2018-01-12,0.239,29.73,11.89,7.7,10.14
2018-01-13,0.189,17.21,11.87,2.14,3.21
2018-01-14,0.162,13.85,11.81,0.47,1.57
2018-01-15,0.149,13.23,11.79,0.21,1.22
2018-01-16,0.143,12.97,11.75,0.07,1.15
2018-01-17,0.133,13.02,11.83,0.05,1.14
2018-01-18,0.14,17.57,11.49,2.21,3.86
2018-01-19,0.153,24.41,12.02,4.37,8.02
2018-01-20,0.102,14.91,11.87,0.01,3.03
2018-01-21,0.087,13.36,11.81,0.01,1.54
2018-01-22,0.388,91.78,11.46,34.61,45.71
2018-01-23,0.208,61.32,12.15,19.81,29.36
2018-01-24,0.361,134.08,10.82,51.74,71.52
2018-01-25,0.529,143.11,12.21,56.3,74.61
2018-01-26,0.261,64.04,12.04,22.37,29.63
2018-01-27,0.166,26.97,11.93,5.66,9.38
2018-01-28,0.132,14.92,11.83,0.06,3.02
2018-01-29,0.114,13.39,11.83,0.02,1.54
2018-01-30,0.101,13.02,11.8,0.01,1.22
2018-01-31,0.092,12.96,11.8,0.01,1.15
2018-02-01,0.08,12.97,11.83,0.0,1.14
2018-02-02,0.07,12.94,11.82,0.0,1.12
2018-02-03,0.061,12.92,11.83,0.0,1.09
2018-02-04,0.052,12.86,11.83,0.0,1.03
2018-02-05,0.044,12.79,11.85,0.0,0.94
2018-02-06,0.036,12.73,11.88,0.0,0.86
2018-02-07,0.028,12.64,11.86,0.0,0.77
2018-02-08,0.023,12.59,11.84,0.0,0.74
2018-02-09,0.019,12.58,11.87,0.0,0.71
2018-02-10,0.015,12.58,11.91,0.0,0.68
2018-02-11,0.011,12.59,11.95,0.0,0.64
2018-02-12,0.007,12.44,11.84,0.0,0.6
2018-02-13,0.004,12.7,12.16,0.0,0.54
2018-02-14,0.002,12.58,12.08,0.0,0.51
2018-02-15,0.0,12.73,12.56,0.0,0.17
2018-02-16,0.0,12.6,12.56,0.0,0.04
2018-02-17,0.0,12.57,12.56,0.0,0.01
2018-02-18,0.0,12.56,12.56,0.0,0.0
2018-02-19,0.0,12.56,12.56,0.0,0.0
2018-02-20,0.0,12.56,12.56,0.0,0.0
2018-02-21,0.0,12.56,12.56,0.0,0.0
2018-02-22,0.0,0.0,0.0,0.0,0.0
2018-02-23,0.0,0.0,0.0,0.0,0.0
2018-02-24,0.0,0.0,0.0,0.0,0.0
2018-02-25,0.0,0.0,0.0,0.0,0.0
2018-02-26,0.144,106.99,11.72,38.22,57.05
2018-02-27,0.102,64.59,12.52,9.66,42.4
2018-02-28,0.026,35.96,12.35,0.0,23.61
2018-03-01,1.649,228.23,11.28,93.66,123.29
2018-03-02,1.08,186.25,12.1,75.19,98.95
2018-03-03,0.648,108.29,12.02,41.57,54.7
2018-03-04,0.349,65.0,12.09,22.85,30.06
2018-03-05,0.21,28.98,11.93,7.11,9.94
2018-03-06,0.164,16.18,11.84,1.16,3.18
2018-03-07,0.143,13.58,11.82,0.2,1.56
2018-03-08,0.126,13.08,11.81,0.05,1.22
2018-03-09,0.112,13.0,11.82,0.02,1.15
2018-03-10,0.097,12.98,11.83,0.01,1.14
2018-03-11,0.084,12.97,11.83,0.01,1.14
2018-03-12,0.072,12.95,11.83,0.0,1.12
2018-03-13,0.515,143.79,11.06,57.0,75.72
2018-03-14,0.689,115.59,11.97,44.67,58.94
2018-03-15,0.533,92.61,11.08,35.19,46.34
2018-03-16,1.007,113.58,12.03,43.85,57.7
2018-03-17,0.493,54.29,12.04,18.25,24.01
2018-03-18,0.329,24.88,11.9,5.61,7.38
2018-03-19,0.256,16.44,11.87,1.97,2.6
2018-03-20,0.504,77.83,10.69,28.99,38.15
2018-03-21,1.314,98.77,11.76,37.57,49.44
2018-03-22,2.164,170.44,11.66,68.56,90.21
2018-03-23,1.324,88.18,12.01,32.89,43.28
2018-03-24,1.216,42.84,11.75,13.42,17.66
2018-03-25,0.975,22.33,11.86,4.52,5.95
2018-03-26,0.786,15.8,11.86,1.7,2.24
2018-03-27,0.65,14.27,11.85,1.05,1.38
2018-03-28,0.538,13.94,11.85,0.9,1.19
2018-03-29,0.437,13.88,11.86,0.87,1.15
2018-03-30,0.352,13.86,11.86,0.86,1.14
2018-03-31,0.288,13.85,11.85,0.86,1.14
2018-04-01,0.238,13.85,11.85,0.86,1.14
2018-04-02,0.198,13.71,11.84,0.73,1.14
2018-04-03,0.164,13.41,11.85,0.42,1.14
2018-04-04,0.138,13.17,11.85,0.19,1.14
2018-04-05,0.119,15.05,11.4,1.11,2.54
2018-04-06,1.825,166.83,10.97,67.28,88.58
2018-04-07,3.356,160.78,12.75,63.92,84.11
2018-04-08,1.923,61.36,11.95,21.34,28.08
2018-04-09,1.42,25.57,11.88,5.91,7.78
2018-04-10,1.127,16.54,11.86,2.02,2.66
2018-04-11,0.98,17.34,11.73,2.42,3.19
2018-04-12,0.917,22.13,11.89,4.42,5.82
2018-04-13,0.719,15.8,11.87,1.7,2.23
2018-04-14,0.574,14.31,11.87,1.05,1.39
2018-04-15,0.495,15.06,11.75,1.43,1.88
2018-04-16,0.759,60.88,11.62,21.27,27.99
2018-04-17,0.584,38.06,11.95,11.28,14.84
2018-04-18,0.438,19.71,11.86,3.39,4.46
2018-04-19,0.334,15.32,11.92,1.47,1.93
2018-04-20,0.252,14.21,11.88,1.01,1.32
2018-04-21,0.197,13.8,11.87,0.75,1.18
2018-04-22,0.152,13.38,11.89,0.35,1.15
2018-04-23,0.117,13.08,11.89,0.05,1.14
2018-04-24,0.089,13.02,11.88,0.01,1.13
2018-04-25,0.069,12.99,11.88,0.0,1.11
2018-04-26,0.053,12.93,11.88,0.0,1.04
2018-04-27,0.04,12.81,11.9,0.0,0.91
2018-04-28,0.028,12.75,11.96,0.0,0.79
2018-04-29,0.017,12.63,11.96,0.0,0.67
2018-04-30,0.01,12.69,12.1,0.0,0.59
2018-05-01,0.003,12.72,12.31,0.0,0.4
2018-05-02,0.001,12.67,12.53,0.0,0.14
2018-05-03,0.0,12.6,12.56,0.0,0.04
2018-05-04,0.0,12.57,12.56,0.0,0.01
2018-05-05,0.0,12.56,12.56,0.0,0.0
2018-05-06,0.0,12.56,12.56,0.0,0.0
2018-05-07,0.0,12.56,12.56,0.0,0.0
2018-05-08,0.0,12.56,12.56,0.0,0.0
2018-05-09,0.0,0.0,0.0,0.0,0.0
2018-05-10,0.0,0.0,0.0,0.0,0.0
2018-05-11,0.0,0.0,0.0,0.0,0.0
2018-05-12,0.0,0.0,0.0,0.0,0.0
2018-05-13,0.0,0.0,0.0,0.0,0.0
2018-05-14,0.0,0.0,0.0,0.0,0.0
2018-05-15,0.0,0.0,0.0,0.0,0.0
2018-05-16,0.0,0.0,0.0,0.0,0.0
2018-05-17,0.0,0.0,0.0,0.0,0.0
2018-05-18,0.0,0.0,0.0,0.0,0.0
2018-05-19,0.0,0.0,0.0,0.0,0.0
2018-05-20,0.0,0.0,0.0,0.0,0.0
2018-05-21,0.0,0.0,0.0,0.0,0.0
2018-05-22,0.0,0.0,0.0,0.0,0.0
2018-05-23,0.0,0.0,0.0,0.0,0.0
2018-05-24,0.0,0.0,0.0,0.0,0.0
2018-05-25,0.0,0.0,0.0,0.0,0.0
2018-05-26,0.0,0.0,0.0,0.0,0.0
2018-05-27,0.0,0.0,0.0,0.0,0.0
2018-05-28,0.0,0.0,0.0,0.0,0.0
2018-05-29,0.0,0.0,0.0,0.0,0.0
2018-05-30,0.0,0.0,0.0,0.0,0.0
2018-05-31,0.0,0.0,0.0,0.0,0.0
2018-06-01,0.0,0.0,0.0,0.0,0.0
2018-06-02,0.0,0.0,0.0,0.0,0.0
2018-06-03,0.0,0.0,0.0,0.0,0.0
2018-06-04,0.0,0.0,0.0,0.0,0.0
2018-06-05,0.0,0.0,0.0,0.0,0.0
2018-06-06,0.0,0.0,0.0,0.0,0.0
2018-06-07,0.0,0.0,0.0,0.0,0.0
2018-06-08,0.0,0.0,0.0,0.0,0.0
2018-06-09,0.0,0.0,0.0,0.0,0.0
2018-06-10,0.0,0.0,0.0,0.0,0.0
2018-06-11,0.0,0.0,0.0,0.0,0.0
2018-06-12,0.0,0.0,0.0,0.0,0.0
2018-06-13,0.0,0.0,0.0,0.0,0.0
2018-06-14,0.0,0.0,0.0,0.0,0.0
2018-06-15,0.0,0.0,0.0,0.0,0.0
2018-06-16,0.0,0.0,0.0,0.0,0.0
2018-06-17,0.0,0.0,0.0,0.0,0.0
2018-06-18,0.0,0.0,0.0,0.0,0.0
2018-06-19,0.0,0.0,0.0,0.0,0.0
2018-06-20,0.0,0.0,0.0,0.0,0.0
2018-06-21,0.0,0.0,0.0,0.0,0.0
2018-06-22,0.0,0.0,0.0,0.0,0.0
2018-06-23,0.0,0.0,0.0,0.0,0.0
2018-06-24,0.0,0.0,0.0,0.0,0.0
2018-06-25,0.0,0.0,0.0,0.0,0.0
2018-06-26,0.0,0.0,0.0,0.0,0.0
2018-06-27,0.0,0.0,0.0,0.0,0.0
2018-06-28,0.0,0.0,0.0,0.0,0.0
2018-06-29,0.0,0.0,0.0,0.0,0.0
2018-06-30,0.0,0.0,0.0,0.0,0.0
2018-07-01,0.0,0.0,0.0,0.0,0.0
2018-07-02,0.0,0.0,0.0,0.0,0.0
2018-07-03,0.0,0.0,0.0,0.0,0.0
2018-07-04,0.0,0.0,0.0,0.0,0.0
2018-07-05,0.0,0.0,0.0,0.0,0.0
2018-07-06,0.0,0.0,0.0,0.0,0.0
2018-07-07,0.0,0.0,0.0,0.0,0.0
2018-07-08,0.0,0.0,0.0,0.0,0.0
2018-07-09,0.0,0.0,0.0,0.0,0.0
2018-07-10,0.0,0.0,0.0,0.0,0.0
2018-07-11,0.0,0.0,0.0,0.0,0.0
2018-07-12,0.0,0.0,0.0,0.0,0.0
2018-07-13,0.0,0.0,0.0,0.0,0.0
2018-07-14,0.0,0.0,0.0,0.0,0.0
2018-07-15,0.0,0.0,0.0,0.0,0.0
2018-07-16,0.0,0.0,0.0,0.0,0.0
2018-07-17,0.0,0.0,0.0,0.0,0.0
2018-07-18,0.0,0.0,0.0,0.0,0.0
2018-07-19,0.0,0.0,0.0,0.0,0.0
2018-07-20,0.0,0.0,0.0,0.0,0.0
2018-07-21,0.0,0.0,0.0,0.0,0.0
2018-07-22,0.0,0.0,0.0,0.0,0.0
2018-07-23,0.0,0.0,0.0,0.0,0.0
2018-07-24,0.0,0.0,0.0,0.0,0.0
2018-07-25,0.0,0.0,0.0,0.0,0.0
2018-07-26,0.0,0.0,0.0,0.0,0.0
2018-07-27,0.0,0.0,0.0,0.0,0.0
2018-07-28,0.0,0.0,0.0,0.0,0.0
2018-07-29,0.0,0.0,0.0,0.0,0.0
2018-07-30,0.0,0.0,0.0,0.0,0.0
2018-07-31,0.0,0.0,0.0,0.0,0.0
2018-08-01,0.0,0.0,0.0,0.0,0.0
2018-08-02,0.0,0.0,0.0,0.0,0.0
2018-08-03,0.0,0.0,0.0,0.0,0.0
2018-08-04,0.0,0.0,0.0,0.0,0.0
2018-08-05,0.0,0.0,0.0,0.0,0.0
2018-08-06,0.0,0.0,0.0,0.0,0.0
2018-08-07,0.0,0.0,0.0,0.0,0.0
2018-08-08,0.0,0.0,0.0,0.0,0.0
2018-08-09,0.0,0.0,0.0,0.0,0.0
2018-08-10,0.0,0.0,0.0,0.0,0.0
2018-08-11,0.0,0.0,0.0,0.0,0.0
2018-08-12,0.0,0.0,0.0,0.0,0.0
2018-08-13,0.0,0.0,0.0,0.0,0.0
2018-08-14,0.0,0.0,0.0,0.0,0.0
2018-08-15,0.0,0.0,0.0,0.0,0.0
2018-08-16,0.0,0.0,0.0,0.0,0.0
2018-08-17,0.0,0.0,0.0,0.0,0.0
2018-08-18,0.0,0.0,0.0,0.0,0.0
2018-08-19,0.0,0.0,0.0,0.0,0.0
2018-08-20,0.0,0.0,0.0,0.0,0.0
2018-08-21,0.0,0.0,0.0,0.0,0.0
2018-08-22,0.0,0.0,0.0,0.0,0.0
2018-08-23,0.0,0.0,0.0,0.0,0.0
2018-08-24,0.0,0.0,0.0,0.0,0.0
2018-08-25,0.0,0.0,0.0,0.0,0.0
2018-08-26,0.0,0.0,0.0,0.0,0.0
2018-08-27,0.0,0.0,0.0,0.0,0.0
2018-08-28,0.0,0.0,0.0,0.0,0.0
2018-08-29,0.0,0.0,0.0,0.0,0.0
2018-08-30,0.0,0.0,0.0,0.0,0.0
2018-08-31,0.0,0.0,0.0,0.0,0.0
2018-09-01,0.0,0.0,0.0,0.0,0.0
2018-09-02,0.0,0.0,0.0,0.0,0.0
2018-09-03,0.0,0.0,0.0,0.0,0.0
2018-09-04,0.0,0.0,0.0,0.0,0.0
2018-09-05,0.0,0.0,0.0,0.0,0.0
2018-09-06,0.0,0.0,0.0,0.0,0.0
2018-09-07,0.0,0.0,0.0,0.0,0.0
2018-09-08,0.0,0.0,0.0,0.0,0.0
2018-09-09,0.0,0.0,0.0,0.0,0.0
2018-09-10,0.0,0.0,0.0,0.0,0.0
2018-09-11,0.0,0.0,0.0,0.0,0.0
2018-09-12,0.0,0.0,0.0,0.0,0.0
2018-09-13,0.0,0.0,0.0,0.0,0.0
2018-09-14,0.0,0.0,0.0,0.0,0.0
2018-09-15,0.0,0.0,0.0,0.0,0.0
2018-09-16,0.0,0.0,0.0,0.0,0.0
2018-09-17,0.0,0.0,0.0,0.0,0.0
2018-09-18,0.0,0.0,0.0,0.0,0.0
2018-09-19,0.0,0.0,0.0,0.0,0.0
2018-09-20,0.0,0.0,0.0,0.0,0.0
2018-09-21,0.0,0.0,0.0,0.0,0.0
2018-09-22,0.0,0.0,0.0,0.0,0.0
2018-09-23,0.0,0.0,0.0,0.0,0.0
2018-09-24,0.0,0.0,0.0,0.0,0.0
2018-09-25,0.0,0.0,0.0,0.0,0.0
2018-09-26,0.0,0.0,0.0,0.0,0.0
2018-09-27,0.0,0.0,0.0,0.0,0.0
2018-09-28,0.0,0.0,0.0,0.0,0.0
2018-09-29,0.0,0.0,0.0,0.0,0.0
2018-09-30,0.0,0.0,0.0,0.0,0.0
2018-10-01,0.0,0.0,0.0,0.0,0.0
2018-10-02,0.0,0.0,0.0,0.0,0.0
2018-10-03,0.0,0.0,0.0,0.0,0.0
2018-10-04,0.0,0.0,0.0,0.0,0.0
2018-10-05,0.0,0.0,0.0,0.0,0.0
2018-10-06,0.0,0.0,0.0,0.0,0.0
2018-10-07,0.0,0.0,0.0,0.0,0.0
2018-10-08,0.0,0.0,0.0,0.0,0.0
2018-10-09,0.0,0.0,0.0,0.0,0.0
2018-10-10,0.0,0.0,0.0,0.0,0.0
2018-10-11,0.0,0.0,0.0,0.0,0.0
2018-10-12,0.0,0.0,0.0,0.0,0.0
2018-10-13,0.0,0.0,0.0,0.0,0.0
2018-10-14,0.0,0.0,0.0,0.0,0.0
2018-10-15,0.0,0.0,0.0,0.0,0.0
2018-10-16,0.0,0.0,0.0,0.0,0.0
2018-10-17,0.0,0.0,0.0,0.0,0.0
2018-10-18,0.0,0.0,0.0,0.0,0.0
2018-10-19,0.0,0.0,0.0,0.0,0.0
2018-10-20,0.0,0.0,0.0,0.0,0.0
2018-10-21,0.0,0.0,0.0,0.0,0.0
2018-10-22,0.0,0.0,0.0,0.0,0.0
2018-10-23,0.0,0.0,0.0,0.0,0.0
2018-10-24,0.0,0.0,0.0,0.0,0.0
2018-10-25,0.0,0.0,0.0,0.0,0.0
2018-10-26,0.0,0.0,0.0,0.0,0.0
2018-10-27,0.0,0.0,0.0,0.0,0.0
2018-10-28,0.0,0.0,0.0,0.0,0.0
2018-10-29,0.0,0.0,0.0,0.0,0.0
2018-10-30,0.0,0.0,0.0,0.0,0.0
2018-10-31,0.0,0.0,0.0,0.0,0.0
2018-11-01,0.0,0.0,0.0,0.0,0.0
2018-11-02,0.0,0.0,0.0,0.0,0.0
2018-11-03,0.0,0.0,0.0,0.0,0.0
2018-11-04,0.0,0.0,0.0,0.0,0.0
2018-11-05,0.0,0.0,0.0,0.0,0.0
2018-11-06,0.0,0.0,0.0,0.0,0.0
2018-11-07,0.0,0.0,0.0,0.0,0.0
2018-11-08,0.0,0.0,0.0,0.0,0.0
2018-11-09,0.0,0.0,0.0,0.0,0.0
2018-11-10,0.0,0.0,0.0,0.0,0.0
2018-11-11,0.0,0.0,0.0,0.0,0.0
2018-11-12,0.0,0.0,0.0,0.0,0.0
2018-11-13,0.0,0.0,0.0,0.0,0.0
2018-11-14,0.0,0.0,0.0,0.0,0.0
2018-11-15,0.0,0.0,0.0,0.0,0.0
2018-11-16,0.0,0.0,0.0,0.0,0.0
2018-11-17,0.0,0.0,0.0,0.0,0.0
2018-11-18,0.0,0.0,0.0,0.0,0.0
2018-11-19,0.0,0.0,0.0,0.0,0.0
2018-11-20,0.0,0.0,0.0,0.0,0.0
2018-11-21,0.834,315.62,11.3,131.41,172.91
2018-11-22,0.93,277.42,11.22,114.95,151.25
2018-11-23,1.919,268.54,11.85,110.85,145.85
2018-11-24,0.999,205.92,12.47,83.54,109.92
2018-11-25,0.222,163.75,12.5,60.47,90.78
2018-11-26,0.058,73.93,12.35,0.0,61.58
2018-11-27,0.022,30.59,12.13,0.0,18.46
2018-11-28,0.16,204.51,5.2,85.97,113.35
2018-11-29,2.551,543.5,11.9,229.56,302.05
2018-11-30,0.785,400.5,12.47,167.56,220.47
2018-12-01,0.522,170.6,11.74,68.6,90.26
2018-12-02,0.243,96.67,12.23,36.4,48.04
2018-12-03,0.12,33.35,12.06,2.83,18.46
2018-12-04,0.069,18.45,11.94,0.0,6.51
2018-12-05,0.124,20.41,11.52,0.34,8.56
2018-12-06,0.094,16.15,11.94,0.01,4.2
2018-12-07,0.078,13.62,11.81,0.0,1.81
2018-12-08,0.07,13.06,11.8,0.0,1.26
2018-12-09,0.065,12.93,11.8,0.0,1.13
2018-12-10,0.06,12.88,11.79,0.0,1.08
2018-12-11,0.054,12.85,11.81,0.0,1.04
2018-12-12,0.048,12.79,11.82,0.0,0.97
2018-12-13,0.041,12.76,11.86,0.0,0.91
2018-12-14,0.035,12.63,11.79,0.0,0.84
2018-12-15,0.033,12.61,11.79,0.0,0.82
2018-12-16,0.518,213.25,10.07,87.72,115.47
2018-12-17,1.049,234.48,12.36,95.91,126.21
2018-12-18,0.312,149.6,12.27,59.3,78.03
2018-12-19,0.149,59.43,12.0,17.0,30.43
2018-12-20,0.107,20.48,11.87,0.01,8.59
2018-12-21,0.142,25.23,11.61,4.01,9.62
2018-12-22,0.111,17.64,11.95,0.02,5.67
2018-12-23,0.089,13.97,11.81,0.01,2.16
2018-12-24,0.517,247.06,10.79,101.94,134.33
2018-12-25,0.662,194.41,12.3,78.62,103.49
2018-12-26,0.252,100.44,12.11,38.14,50.2
2018-12-27,0.152,37.15,11.96,9.23,15.96
2018-12-28,0.114,16.57,11.82,0.02,4.73
2018-12-29,0.106,13.63,11.78,0.01,1.84
2018-12-30,0.1,13.07,11.79,0.01,1.27
2018-12-31,0.082,13.16,11.98,0.01,1.18
2019-01-01,0.053,12.79,11.75,0.0,1.04
2019-01-02,0.061,12.79,11.73,0.0,1.06
2019-01-03,0.059,12.86,11.8,0.0,1.07
2019-01-04,0.054,12.82,11.79,0.0,1.03
2019-01-05,0.103,34.47,10.33,8.32,15.82
2019-01-06,1.646,248.63,11.09,102.38,135.17
2019-01-07,1.627,239.72,12.31,98.16,129.24
2019-01-08,0.685,111.61,12.07,42.96,56.57
2019-01-09,0.662,61.74,11.61,21.64,28.48
2019-01-10,0.564,44.31,11.96,13.97,18.38
2019-01-11,0.431,21.05,11.84,3.98,5.23
2019-01-12,0.371,15.35,11.82,1.52,2.0
2019-01-13,0.322,14.15,11.83,1.0,1.32
2019-01-14,0.282,13.88,11.82,0.89,1.17
2019-01-15,0.608,67.27,11.1,24.26,31.92
2019-01-16,2.136,208.47,11.83,84.91,111.73
2019-01-17,3.282,263.07,12.57,108.17,142.33
2019-01-18,2.044,103.39,11.96,39.48,51.95
2019-01-19,1.508,35.95,11.87,10.4,13.68
2019-01-20,1.702,35.48,11.57,10.32,13.58
2019-01-21,1.729,28.77,11.88,7.29,9.6
2019-01-22,1.376,17.28,11.85,2.34,3.08
2019-01-23,1.152,14.58,11.84,1.18,1.56
2019-01-24,0.975,14.0,11.84,0.93,1.23
2019-01-25,0.818,13.88,11.84,0.88,1.16
2019-01-26,0.684,13.85,11.85,0.87,1.14
2019-01-27,0.572,13.84,11.84,0.86,1.14
2019-01-28,0.488,13.83,11.83,0.86,1.14
2019-01-29,0.415,13.84,11.84,0.86,1.14
2019-01-30,0.351,13.83,11.84,0.86,1.14
2019-01-31,0.295,13.84,11.84,0.86,1.14
2019-02-01,0.312,24.56,11.34,5.71,7.51
2019-02-02,1.191,118.8,11.31,46.41,61.07
2019-02-03,1.414,75.54,11.88,27.49,36.17
2019-02-04,2.008,73.43,11.49,26.75,35.19
2019-02-05,2.004,45.82,11.9,14.65,19.27
2019-02-06,1.554,21.37,11.86,4.1,5.4
2019-02-07,1.263,15.53,11.85,1.59,2.09
2019-02-08,1.31,43.1,11.58,13.61,17.91
2019-02-09,1.744,55.19,11.51,18.86,24.82
2019-02-10,2.488,50.69,11.81,16.79,22.09
2019-02-11,1.95,22.99,11.87,4.8,6.32
2019-02-12,1.584,16.94,11.73,2.25,2.96
2019-02-13,5.522,192.87,15.44,76.62,100.81
2019-02-14,8.166,115.43,18.16,42.0,55.27
2019-02-15,7.189,52.48,17.73,15.01,19.74
2019-02-16,5.756,26.92,16.01,4.71,6.2
2019-02-17,4.237,17.59,13.81,1.63,2.15
2019-02-18,3.187,14.35,11.99,1.02,1.34
2019-02-19,2.463,13.98,11.89,0.9,1.18
2019-02-20,1.828,13.93,11.91,0.87,1.15
2019-02-21,1.327,13.92,11.92,0.86,1.14
2019-02-22,0.969,13.9,11.9,0.86,1.13
2019-02-23,0.727,13.89,11.89,0.86,1.13
2019-02-24,0.549,13.89,11.89,0.86,1.13
2019-02-25,0.486,22.16,11.56,4.58,6.02
2019-02-26,1.901,70.96,11.13,25.83,33.99
2019-02-27,4.174,71.5,13.25,25.15,33.09
2019-02-28,3.335,27.99,12.26,6.79,8.94
2019-03-01,2.541,17.03,11.9,2.22,2.91
2019-03-02,3.055,93.77,11.72,35.43,46.62
2019-03-03,2.62,44.31,11.91,13.99,18.41
2019-03-04,1.891,21.61,11.92,4.18,5.5
2019-03-05,1.461,19.58,11.78,3.37,4.43
2019-03-06,3.233,108.21,11.85,41.61,54.75
2019-03-07,3.066,42.82,11.88,13.36,17.58
2019-03-08,2.265,21.16,11.92,3.99,5.25
2019-03-09,1.695,18.35,11.86,2.81,3.69
2019-03-10,1.502,22.72,11.79,4.72,6.21
2019-03-11,1.233,19.08,11.91,3.1,4.07
2019-03-12,0.889,15.23,11.93,1.43,1.88
2019-03-13,0.62,14.27,11.93,1.01,1.33
2019-03-14,0.433,14.02,11.93,0.9,1.18
2019-03-15,0.298,13.96,11.95,0.87,1.15
2019-03-16,0.205,13.84,11.94,0.77,1.13
2019-03-17,0.141,13.44,11.94,0.36,1.13
2019-03-18,0.096,13.09,11.95,0.01,1.13
2019-03-19,0.064,13.09,11.98,0.0,1.11
2019-03-20,0.647,149.14,11.26,59.52,78.36
2019-03-21,0.579,59.57,11.95,20.56,27.06
2019-03-22,0.49,29.8,11.28,8.0,10.52
2019-03-23,1.175,70.02,11.71,25.18,33.13
2019-03-24,0.895,28.43,11.91,7.13,9.38
2019-03-25,1.142,102.26,11.14,39.35,51.78
2019-03-26,1.969,99.26,11.86,37.74,49.66
2019-03-27,1.731,40.12,11.79,12.23,16.1
2019-03-28,1.415,22.4,11.9,4.54,5.97
2019-03-29,1.045,16.0,11.91,1.77,2.33
2019-03-30,0.763,14.43,11.91,1.09,1.43
2019-03-31,0.549,14.05,11.92,0.92,1.21
2019-04-01,0.423,13.87,11.85,0.87,1.15
2019-04-02,0.327,13.92,11.91,0.87,1.14
2019-04-03,0.231,13.94,11.94,0.86,1.14
2019-04-04,0.166,13.66,11.91,0.63,1.13
2019-04-05,0.166,31.97,11.65,8.41,11.91
2019-04-06,0.164,23.08,11.83,4.09,7.15
2019-04-07,0.12,14.68,11.98,0.06,2.63
2019-04-08,0.079,13.53,11.99,0.01,1.54
2019-04-09,0.05,13.08,11.94,0.0,1.14
2019-04-10,0.036,12.78,11.89,0.0,0.89
2019-04-11,0.024,12.72,11.97,0.0,0.75
2019-04-12,0.015,12.61,11.96,0.0,0.65
2019-04-13,0.009,12.64,12.05,0.0,0.59
2019-04-14,0.004,12.63,12.16,0.0,0.47
2019-04-15,0.001,12.68,12.29,0.0,0.39
2019-04-16,0.001,12.33,11.91,0.0,0.42
2019-04-17,0.001,12.56,11.94,0.0,0.62
2019-04-18,0.0,12.74,12.37,0.0,0.37
2019-04-19,0.0,12.66,12.56,0.0,0.1
2019-04-20,0.0,12.59,12.56,0.0,0.02
2019-04-21,0.0,12.57,12.56,0.0,0.01
2019-04-22,0.0,12.56,12.56,0.0,0.0
2019-04-23,0.0,12.56,12.56,0.0,0.0
2019-04-24,0.0,0.0,0.0,0.0,0.0
2019-04-25,0.0,0.0,0.0,0.0,0.0
2019-04-26,0.0,0.0,0.0,0.0,0.0
2019-04-27,0.0,0.0,0.0,0.0,0.0
2019-04-28,0.0,0.0,0.0,0.0,0.0
2019-04-29,0.0,0.0,0.0,0.0,0.0
2019-04-30,0.0,0.0,0.0,0.0,0.0
2019-05-01,0.0,0.0,0.0,0.0,0.0
2019-05-02,0.0,0.0,0.0,0.0,0.0
2019-05-03,0.0,0.0,0.0,0.0,0.0
2019-05-04,0.0,0.0,0.0,0.0,0.0
2019-05-05,0.0,0.0,0.0,0.0,0.0
2019-05-06,0.0,0.0,0.0,0.0,0.0
2019-05-07,0.0,0.0,0.0,0.0,0.0
2019-05-08,0.0,0.0,0.0,0.0,0.0
2019-05-09,0.0,0.0,0.0,0.0,0.0
2019-05-10,0.0,0.0,0.0,0.0,0.0
2019-05-11,0.0,0.0,0.0,0.0,0.0
2019-05-12,0.0,0.0,0.0,0.0,0.0
2019-05-13,0.0,0.0,0.0,0.0,0.0
2019-05-14,0.0,0.0,0.0,0.0,0.0
2019-05-15,0.385,213.68,9.79,88.05,115.85
2019-05-16,1.207,167.46,11.97,67.14,88.35
2019-05-17,0.745,72.66,12.05,26.18,34.44
2019-05-18,0.811,60.44,10.88,21.4,28.16
2019-05-19,2.262,166.26,11.77,66.71,87.78
2019-05-20,1.594,71.09,11.95,25.54,33.6
2019-05-21,1.218,28.39,11.85,7.14,9.4
2019-05-22,0.974,17.45,11.87,2.41,3.17
2019-05-23,0.779,14.68,11.87,1.21,1.6
2019-05-24,0.621,14.05,11.87,0.94,1.24
2019-05-25,0.491,13.92,11.88,0.88,1.16
2019-05-26,0.401,13.82,11.82,0.86,1.14
2019-05-27,0.32,13.92,11.92,0.87,1.14
2019-05-28,0.239,13.89,11.89,0.86,1.13
2019-05-29,0.179,13.71,11.91,0.67,1.14
2019-05-30,0.134,13.22,11.88,0.2,1.13
2019-05-31,0.104,13.03,11.88,0.02,1.13
2019-06-01,0.08,13.02,11.88,0.01,1.13
2019-06-02,0.061,12.98,11.89,0.0,1.09
2019-06-03,0.045,12.89,11.91,0.0,0.98
2019-06-04,0.031,12.78,11.96,0.0,0.82
2019-06-05,0.017,12.81,12.14,0.0,0.66
2019-06-06,0.006,12.62,12.14,0.0,0.48
2019-06-07,0.002,12.56,12.16,0.0,0.4
2019-06-08,0.001,12.7,12.56,0.0,0.14
2019-06-09,0.0,12.59,12.56,0.0,0.03
2019-06-10,0.0,12.57,12.56,0.0,0.01
2019-06-11,0.0,12.56,12.56,0.0,0.0
2019-06-12,0.0,12.56,12.56,0.0,0.0
2019-06-13,0.0,12.56,12.56,0.0,0.0
2019-06-14,0.0,12.56,12.56,0.0,0.0
2019-06-15,0.0,0.0,0.0,0.0,0.0
2019-06-16,0.0,0.0,0.0,0.0,0.0
2019-06-17,0.0,0.0,0.0,0.0,0.0
2019-06-18,0.0,0.0,0.0,0.0,0.0
2019-06-19,0.0,0.0,0.0,0.0,0.0
2019-06-20,0.0,0.0,0.0,0.0,0.0
2019-06-21,0.0,0.0,0.0,0.0,0.0
2019-06-22,0.0,0.0,0.0,0.0,0.0
2019-06-23,0.0,0.0,0.0,0.0,0.0
2019-06-24,0.0,0.0,0.0,0.0,0.0
2019-06-25,0.0,0.0,0.0,0.0,0.0
2019-06-26,0.0,0.0,0.0,0.0,0.0
2019-06-27,0.0,0.0,0.0,0.0,0.0
2019-06-28,0.0,0.0,0.0,0.0,0.0
2019-06-29,0.0,0.0,0.0,0.0,0.0
2019-06-30,0.0,0.0,0.0,0.0,0.0
2019-07-01,0.0,0.0,0.0,0.0,0.0
2019-07-02,0.0,0.0,0.0,0.0,0.0
2019-07-03,0.0,0.0,0.0,0.0,0.0
2019-07-04,0.0,0.0,0.0,0.0,0.0
2019-07-05,0.0,0.0,0.0,0.0,0.0
2019-07-06,0.0,0.0,0.0,0.0,0.0
2019-07-07,0.0,0.0,0.0,0.0,0.0
2019-07-08,0.0,0.0,0.0,0.0,0.0
2019-07-09,0.0,0.0,0.0,0.0,0.0
2019-07-10,0.0,0.0,0.0,0.0,0.0
2019-07-11,0.0,0.0,0.0,0.0,0.0
2019-07-12,0.0,0.0,0.0,0.0,0.0
2019-07-13,0.0,0.0,0.0,0.0,0.0
2019-07-14,0.0,0.0,0.0,0.0,0.0
2019-07-15,0.0,0.0,0.0,0.0,0.0
2019-07-16,0.0,0.0,0.0,0.0,0.0
2019-07-17,0.0,0.0,0.0,0.0,0.0
2019-07-18,0.0,0.0,0.0,0.0,0.0
2019-07-19,0.0,0.0,0.0,0.0,0.0
2019-07-20,0.0,0.0,0.0,0.0,0.0
2019-07-21,0.0,0.0,0.0,0.0,0.0
2019-07-22,0.0,0.0,0.0,0.0,0.0
2019-07-23,0.0,0.0,0.0,0.0,0.0
2019-07-24,0.0,0.0,0.0,0.0,0.0
2019-07-25,0.0,0.0,0.0,0.0,0.0
2019-07-26,0.0,0.0,0.0,0.0,0.0
2019-07-27,0.0,0.0,0.0,0.0,0.0
2019-07-28,0.0,0.0,0.0,0.0,0.0
2019-07-29,0.0,0.0,0.0,0.0,0.0
2019-07-30,0.0,0.0,0.0,0.0,0.0
2019-07-31,0.0,0.0,0.0,0.0,0.0
2019-08-01,0.0,0.0,0.0,0.0,0.0
2019-08-02,0.0,0.0,0.0,0.0,0.0
2019-08-03,0.0,0.0,0.0,0.0,0.0
2019-08-04,0.0,0.0,0.0,0.0,0.0
2019-08-05,0.0,0.0,0.0,0.0,0.0
2019-08-06,0.0,0.0,0.0,0.0,0.0
2019-08-07,0.0,0.0,0.0,0.0,0.0
2019-08-08,0.0,0.0,0.0,0.0,0.0
2019-08-09,0.0,0.0,0.0,0.0,0.0
2019-08-10,0.0,0.0,0.0,0.0,0.0
2019-08-11,0.0,0.0,0.0,0.0,0.0
2019-08-12,0.0,0.0,0.0,0.0,0.0
2019-08-13,0.0,0.0,0.0,0.0,0.0
2019-08-14,0.0,0.0,0.0,0.0,0.0
2019-08-15,0.0,0.0,0.0,0.0,0.0
2019-08-16,0.0,0.0,0.0,0.0,0.0
2019-08-17,0.0,0.0,0.0,0.0,0.0
2019-08-18,0.0,0.0,0.0,0.0,0.0
2019-08-19,0.0,0.0,0.0,0.0,0.0
2019-08-20,0.0,0.0,0.0,0.0,0.0
2019-08-21,0.0,0.0,0.0,0.0,0.0
2019-08-22,0.0,0.0,0.0,0.0,0.0
2019-08-23,0.0,0.0,0.0,0.0,0.0
2019-08-24,0.0,0.0,0.0,0.0,0.0
2019-08-25,0.0,0.0,0.0,0.0,0.0
2019-08-26,0.0,0.0,0.0,0.0,0.0
2019-08-27,0.0,0.0,0.0,0.0,0.0
2019-08-28,0.0,0.0,0.0,0.0,0.0
2019-08-29,0.0,0.0,0.0,0.0,0.0
2019-08-30,0.0,0.0,0.0,0.0,0.0
2019-08-31,0.0,0.0,0.0,0.0,0.0
2019-09-01,0.0,0.0,0.0,0.0,0.0
2019-09-02,0.0,0.0,0.0,0.0,0.0
2019-09-03,0.0,0.0,0.0,0.0,0.0
2019-09-04,0.0,0.0,0.0,0.0,0.0
2019-09-05,0.0,0.0,0.0,0.0,0.0
2019-09-06,0.0,0.0,0.0,0.0,0.0
2019-09-07,0.0,0.0,0.0,0.0,0.0
2019-09-08,0.0,0.0,0.0,0.0,0.0
2019-09-09,0.0,0.0,0.0,0.0,0.0
2019-09-10,0.0,0.0,0.0,0.0,0.0
2019-09-11,0.0,0.0,0.0,0.0,0.0
2019-09-12,0.0,0.0,0.0,0.0,0.0
2019-09-13,0.0,0.0,0.0,0.0,0.0
2019-09-14,0.0,0.0,0.0,0.0,0.0
2019-09-15,0.0,0.0,0.0,0.0,0.0
2019-09-16,0.0,0.0,0.0,0.0,0.0
2019-09-17,0.0,0.0,0.0,0.0,0.0
2019-09-18,0.0,0.0,0.0,0.0,0.0
2019-09-19,0.0,0.0,0.0,0.0,0.0
2019-09-20,0.0,0.0,0.0,0.0,0.0
2019-09-21,0.0,0.0,0.0,0.0,0.0
2019-09-22,0.0,0.0,0.0,0.0,0.0
2019-09-23,0.0,0.0,0.0,0.0,0.0
2019-09-24,0.0,0.0,0.0,0.0,0.0
2019-09-25,0.0,0.0,0.0,0.0,0.0
2019-09-26,0.0,0.0,0.0,0.0,0.0
2019-09-27,0.0,0.0,0.0,0.0,0.0
2019-09-28,0.0,0.0,0.0,0.0,0.0
2019-09-29,0.0,0.0,0.0,0.0,0.0
2019-09-30,0.0,0.0,0.0,0.0,0.0
2019-10-01,0.0,0.0,0.0,0.0,0.0
2019-10-02,0.0,0.0,0.0,0.0,0.0
2019-10-03,0.0,0.0,0.0,0.0,0.0
2019-10-04,0.0,0.0,0.0,0.0,0.0
2019-10-05,0.0,0.0,0.0,0.0,0.0
2019-10-06,0.0,0.0,0.0,0.0,0.0
2019-10-07,0.0,0.0,0.0,0.0,0.0
2019-10-08,0.0,0.0,0.0,0.0,0.0
2019-10-09,0.0,0.0,0.0,0.0,0.0
2019-10-10,0.0,0.0,0.0,0.0,0.0
2019-10-11,0.0,0.0,0.0,0.0,0.0
2019-10-12,0.0,0.0,0.0,0.0,0.0
2019-10-13,0.0,0.0,0.0,0.0,0.0
2019-10-14,0.0,0.0,0.0,0.0,0.0
2019-10-15,0.0,0.0,0.0,0.0,0.0
2019-10-16,0.0,0.0,0.0,0.0,0.0
2019-10-17,0.0,0.0,0.0,0.0,0.0
2019-10-18,0.0,0.0,0.0,0.0,0.0
2019-10-19,0.0,0.0,0.0,0.0,0.0
2019-10-20,0.0,0.0,0.0,0.0,0.0
2019-10-21,0.0,0.0,0.0,0.0,0.0
2019-10-22,0.0,0.0,0.0,0.0,0.0
2019-10-23,0.0,0.0,0.0,0.0,0.0
2019-10-24,0.0,0.0,0.0,0.0,0.0
2019-10-25,0.0,0.0,0.0,0.0,0.0
2019-10-26,0.0,0.0,0.0,0.0,0.0
2019-10-27,0.0,0.0,0.0,0.0,0.0
2019-10-28,0.0,0.0,0.0,0.0,0.0
2019-10-29,0.0,0.0,0.0,0.0,0.0
2019-10-30,0.0,0.0,0.0,0.0,0.0
2019-10-31,0.0,0.0,0.0,0.0,0.0
2019-11-01,0.0,0.0,0.0,0.0,0.0
2019-11-02,0.0,0.0,0.0,0.0,0.0
2019-11-03,0.0,0.0,0.0,0.0,0.0
2019-11-04,0.0,0.0,0.0,0.0,0.0
2019-11-05,0.0,0.0,0.0,0.0,0.0
2019-11-06,0.0,0.0,0.0,0.0,0.0
2019-11-07,0.0,0.0,0.0,0.0,0.0
2019-11-08,0.0,0.0,0.0,0.0,0.0
2019-11-09,0.0,0.0,0.0,0.0,0.0
2019-11-10,0.0,0.0,0.0,0.0,0.0
2019-11-11,0.0,0.0,0.0,0.0,0.0
2019-11-12,0.0,0.0,0.0,0.0,0.0
2019-11-13,0.0,0.0,0.0,0.0,0.0
2019-11-14,0.0,0.0,0.0,0.0,0.0
2019-11-15,0.0,0.0,0.0,0.0,0.0
2019-11-16,0.0,0.0,0.0,0.0,0.0
2019-11-17,0.0,0.0,0.0,0.0,0.0
2019-11-18,0.0,0.0,0.0,0.0,0.0
2019-11-19,0.0,0.0,0.0,0.0,0.0
2019-11-20,0.0,0.0,0.0,0.0,0.0
2019-11-21,0.0,0.0,0.0,0.0,0.0
2019-11-22,0.0,0.0,0.0,0.0,0.0
2019-11-23,0.0,0.0,0.0,0.0,0.0
2019-11-24,0.0,0.0,0.0,0.0,0.0
2019-11-25,0.0,0.0,0.0,0.0,0.0
2019-11-26,0.362,370.7,10.07,155.14,205.49
2019-11-27,0.76,359.19,12.26,149.48,197.45
2019-11-28,0.322,188.61,12.31,75.49,100.81
2019-11-29,0.068,100.99,12.55,1.66,86.79
2019-11-30,0.09,78.39,10.76,25.71,41.92
2019-12-01,0.435,75.39,11.32,27.52,36.55
2019-12-02,0.754,94.1,11.83,35.51,46.76
2019-12-03,0.239,92.42,12.54,32.47,47.41
2019-12-04,0.305,75.91,11.59,24.78,39.54
2019-12-05,0.104,55.68,12.5,9.75,33.43
2019-12-06,0.094,85.39,9.14,30.62,45.62
2019-12-07,0.993,378.79,11.28,158.67,208.84
2019-12-08,0.932,406.16,12.31,170.07,223.78
2019-12-09,0.232,293.45,12.46,114.03,166.96
2019-12-10,0.091,99.78,11.35,3.98,84.44
2019-12-11,0.104,62.88,12.38,6.9,43.61
2019-12-12,0.129,33.66,11.56,2.49,19.61
2019-12-13,0.07,24.9,11.97,0.02,12.91
2019-12-14,0.058,20.76,12.15,0.01,8.61
2019-12-15,0.024,15.03,11.94,0.0,3.09
2019-12-16,0.021,12.81,11.87,0.0,0.94
2019-12-17,0.014,12.66,11.99,0.0,0.67
2019-12-18,0.247,96.0,11.16,35.1,49.74
2019-12-19,0.294,64.46,12.0,22.28,30.17
2019-12-20,0.092,34.65,12.31,2.27,20.07
2019-12-21,0.039,19.99,12.11,0.0,7.88
2019-12-22,0.366,162.46,11.35,65.2,85.91
2019-12-23,0.18,127.68,12.39,43.58,71.71
2019-12-24,0.064,48.73,12.17,0.0,36.56
2019-12-25,0.341,207.66,11.5,84.25,111.91
2019-12-26,0.122,149.59,12.36,39.56,97.67
2019-12-27,0.056,50.26,11.99,0.0,38.27
2019-12-28,0.042,19.3,11.84,0.0,7.46
2019-12-29,0.126,104.23,10.02,40.45,53.77
2019-12-30,0.289,133.23,12.31,52.17,68.74
2019-12-31,0.099,54.03,12.21,4.21,37.62
2020-01-01,0.053,25.1,11.96,0.0,13.14
2020-01-02,0.041,14.74,11.84,0.0,2.9
2020-01-03,0.035,12.91,11.82,0.0,1.09
2020-01-04,0.031,12.64,11.81,0.0,0.83
2020-01-05,0.027,12.61,11.84,0.0,0.77
2020-01-06,0.023,12.55,11.81,0.0,0.74
2020-01-07,0.021,12.54,11.81,0.0,0.73
2020-01-08,0.017,12.62,11.92,0.0,0.7
2020-01-09,0.032,20.03,11.47,0.02,8.54
2020-01-10,0.023,15.93,12.06,0.0,3.87
2020-01-11,0.015,12.93,11.93,0.0,1.0
2020-01-12,0.012,12.48,11.79,0.0,0.69
2020-01-13,0.011,12.54,11.87,0.0,0.67
2020-01-14,0.009,12.41,11.77,0.0,0.65
2020-01-15,0.009,12.54,11.87,0.0,0.67
2020-01-16,0.772,507.62,11.21,214.36,282.06
2020-01-17,0.448,466.19,12.47,195.92,257.79
2020-01-18,0.127,252.66,12.29,73.89,166.48
2020-01-19,0.054,81.33,12.06,0.0,69.27
2020-01-20,0.038,24.82,11.84,0.0,12.97
2020-01-21,0.048,15.82,10.68,0.17,4.97
2020-01-22,0.104,25.13,12.11,0.35,12.67
2020-01-23,0.049,17.44,12.03,0.0,5.41
2020-01-24,0.036,13.38,11.82,0.0,1.56
2020-01-25,0.032,12.72,11.83,0.0,0.89
2020-01-26,0.082,25.94,11.54,0.28,14.13
2020-01-27,0.047,20.27,12.06,0.0,8.21
2020-01-28,0.031,13.92,11.9,0.0,2.02
2020-01-29,0.025,12.76,11.87,0.0,0.88
2020-01-30,0.021,12.53,11.79,0.0,0.74
2020-01-31,0.019,12.53,11.82,0.0,0.72
2020-02-01,0.016,12.56,11.87,0.0,0.69
2020-02-02,0.012,12.7,12.04,0.0,0.66
2020-02-03,0.006,12.55,12.0,0.0,0.56
2020-02-04,0.002,12.43,12.19,0.0,0.24
2020-02-05,0.002,12.46,11.8,0.0,0.66
2020-02-06,0.001,12.67,12.15,0.0,0.52
2020-02-07,0.0,12.73,12.56,0.0,0.17
2020-02-08,0.0,12.6,12.56,0.0,0.04
2020-02-09,0.0,12.57,12.56,0.0,0.01
2020-02-10,0.0,12.56,12.56,0.0,0.0
2020-02-11,0.0,12.56,12.56,0.0,0.0
2020-02-12,0.0,12.56,12.56,0.0,0.0
2020-02-13,0.0,12.56,12.56,0.0,0.0
2020-02-14,0.0,0.0,0.0,0.0,0.0
2020-02-15,0.0,0.0,0.0,0.0,0.0
2020-02-16,0.0,0.0,0.0,0.0,0.0
2020-02-17,0.0,0.0,0.0,0.0,0.0
2020-02-18,0.0,0.0,0.0,0.0,0.0
2020-02-19,0.0,0.0,0.0,0.0,0.0
2020-02-20,0.0,0.0,0.0,0.0,0.0
2020-02-21,0.0,0.0,0.0,0.0,0.0
2020-02-22,0.0,0.0,0.0,0.0,0.0
2020-02-23,0.0,0.0,0.0,0.0,0.0
2020-02-24,0.0,0.0,0.0,0.0,0.0
2020-02-25,0.0,0.0,0.0,0.0,0.0
2020-02-26,0.0,0.0,0.0,0.0,0.0
2020-02-27,0.0,0.0,0.0,0.0,0.0
2020-02-28,0.0,0.0,0.0,0.0,0.0
2020-02-29,0.0,0.0,0.0,0.0,0.0
2020-03-01,0.0,0.0,0.0,0.0,0.0
2020-03-02,0.0,0.0,0.0,0.0,0.0
2020-03-03,0.0,0.0,0.0,0.0,0.0
2020-03-04,0.0,0.0,0.0,0.0,0.0
2020-03-05,0.0,0.0,0.0,0.0,0.0
2020-03-06,0.0,0.0,0.0,0.0,0.0
2020-03-07,0.0,0.0,0.0,0.0,0.0
2020-03-08,0.0,0.0,0.0,0.0,0.0
2020-03-09,0.0,0.0,0.0,0.0,0.0
2020-03-10,0.0,0.0,0.0,0.0,0.0
2020-03-11,0.0,0.0,0.0,0.0,0.0
2020-03-12,0.0,0.0,0.0,0.0,0.0
2020-03-13,0.0,0.0,0.0,0.0,0.0
2020-03-14,0.374,123.28,11.24,46.62,65.42
2020-03-15,0.729,110.43,11.63,42.31,56.48
2020-03-16,0.735,105.18,11.96,40.19,53.03
2020-03-17,0.19,85.15,12.46,27.81,44.87
2020-03-18,0.056,39.5,12.24,0.0,27.26
2020-03-19,0.028,18.74,11.98,0.0,6.76
2020-03-20,0.02,13.36,11.95,0.0,1.4
2020-03-21,0.014,12.55,11.83,0.0,0.72
2020-03-22,0.011,12.62,11.96,0.0,0.65
2020-03-23,0.006,12.5,11.93,0.0,0.57
2020-03-24,0.004,12.62,12.06,0.0,0.56
2020-03-25,0.002,12.48,11.94,0.0,0.54
2020-03-26,0.001,12.54,12.01,0.0,0.52
2020-03-27,0.0,12.72,12.52,0.0,0.21
2020-03-28,0.0,12.56,12.39,0.0,0.17
2020-03-29,0.0,12.52,12.2,0.0,0.32
2020-03-30,0.0,12.5,12.03,0.0,0.46
2020-03-31,0.0,12.49,11.95,0.0,0.54
2020-04-01,0.0,12.5,11.94,0.0,0.56
2020-04-02,0.0,12.46,11.9,0.0,0.57
2020-04-03,0.0,12.53,11.96,0.0,0.57
2020-04-04,0.164,126.82,10.25,50.29,66.28
2020-04-05,1.097,274.31,11.59,113.44,149.28
2020-04-06,0.56,255.21,12.11,104.97,138.13
2020-04-07,0.254,161.57,12.41,62.06,87.09
2020-04-08,0.076,65.69,12.28,0.04,53.37
2020-04-09,0.034,28.94,12.04,0.0,16.9
2020-04-10,0.021,14.88,11.93,0.0,2.95
2020-04-11,0.016,12.78,11.89,0.0,0.9
2020-04-12,0.011,12.6,11.95,0.0,0.65
2020-04-13,0.007,12.61,12.01,0.0,0.6
2020-04-14,0.003,12.73,12.27,0.0,0.45
2020-04-15,0.001,12.69,12.53,0.0,0.15
2020-04-16,0.0,12.57,12.47,0.0,0.11
2020-04-17,0.0,12.54,12.33,0.0,0.21
2020-04-18,0.0,12.52,12.16,0.0,0.37
2020-04-19,0.0,12.5,12.01,0.0,0.49
2020-04-20,0.0,12.5,11.97,0.0,0.54
2020-04-21,0.0,12.48,11.92,0.0,0.56
2020-04-22,0.0,12.6,12.06,0.0,0.54
2020-04-23,0.0,12.63,12.2,0.0,0.43
2020-04-24,0.0,12.7,12.56,0.0,0.13
2020-04-25,0.0,12.6,12.56,0.0,0.03
2020-04-26,0.0,0.0,0.0,0.0,0.0
2020-04-27,0.0,0.0,0.0,0.0,0.0
2020-04-28,0.0,0.0,0.0,0.0,0.0
2020-04-29,0.0,0.0,0.0,0.0,0.0
2020-04-30,0.0,0.0,0.0,0.0,0.0
2020-05-01,0.0,0.0,0.0,0.0,0.0
2020-05-02,0.0,0.0,0.0,0.0,0.0
2020-05-03,0.0,0.0,0.0,0.0,0.0
2020-05-04,0.0,0.0,0.0,0.0,0.0
2020-05-05,0.0,0.0,0.0,0.0,0.0
2020-05-06,0.0,0.0,0.0,0.0,0.0
2020-05-07,0.0,0.0,0.0,0.0,0.0
2020-05-08,0.0,0.0,0.0,0.0,0.0
2020-05-09,0.0,0.0,0.0,0.0,0.0
2020-05-10,0.0,0.0,0.0,0.0,0.0
2020-05-11,0.022,45.29,10.13,0.77,34.39
2020-05-12,0.143,85.61,11.75,21.97,51.89
2020-05-13,0.038,57.0,12.54,0.0,44.45
2020-05-14,0.008,30.3,12.56,0.0,17.74
2020-05-15,0.002,17.3,12.56,0.0,4.74
2020-05-16,0.0,13.72,12.55,0.0,1.16
2020-05-17,0.187,110.62,11.09,39.77,59.76
2020-05-18,0.284,96.36,11.96,31.1,53.31
2020-05-19,0.067,58.05,12.54,0.46,45.06
2020-05-20,0.014,36.62,12.56,0.0,24.06
2020-05-21,0.003,19.52,12.55,0.0,6.97
2020-05-22,0.001,14.27,12.54,0.0,1.72
2020-05-23,0.0,12.94,12.5,0.0,0.44
2020-05-24,0.0,12.61,12.37,0.0,0.24
2020-05-25,0.0,12.52,12.17,0.0,0.35
2020-05-26,0.0,12.51,12.03,0.0,0.48
2020-05-27,0.0,12.57,12.05,0.0,0.52
2020-05-28,0.0,12.57,12.07,0.0,0.5
2020-05-29,0.0,12.57,12.12,0.0,0.45
2020-05-30,0.0,12.7,12.56,0.0,0.14
2020-05-31,0.0,12.6,12.56,0.0,0.04
2020-06-01,0.0,0.0,0.0,0.0,0.0
2020-06-02,0.0,0.0,0.0,0.0,0.0
2020-06-03,0.0,0.0,0.0,0.0,0.0
2020-06-04,0.0,0.0,0.0,0.0,0.0
2020-06-05,0.0,0.0,0.0,0.0,0.0
2020-06-06,0.0,0.0,0.0,0.0,0.0
2020-06-07,0.0,0.0,0.0,0.0,0.0
2020-06-08,0.0,0.0,0.0,0.0,0.0
2020-06-09,0.0,0.0,0.0,0.0,0.0
2020-06-10,0.0,0.0,0.0,0.0,0.0
2020-06-11,0.0,0.0,0.0,0.0,0.0
2020-06-12,0.0,0.0,0.0,0.0,0.0
2020-06-13,0.0,0.0,0.0,0.0,0.0
2020-06-14,0.0,0.0,0.0,0.0,0.0
2020-06-15,0.0,0.0,0.0,0.0,0.0
2020-06-16,0.0,0.0,0.0,0.0,0.0
2020-06-17,0.0,0.0,0.0,0.0,0.0
2020-06-18,0.0,0.0,0.0,0.0,0.0
2020-06-19,0.0,0.0,0.0,0.0,0.0
2020-06-20,0.0,0.0,0.0,0.0,0.0
2020-06-21,0.0,0.0,0.0,0.0,0.0
2020-06-22,0.0,0.0,0.0,0.0,0.0
2020-06-23,0.0,0.0,0.0,0.0,0.0
2020-06-24,0.0,0.0,0.0,0.0,0.0
2020-06-25,0.0,0.0,0.0,0.0,0.0
2020-06-26,0.0,0.0,0.0,0.0,0.0
2020-06-27,0.0,0.0,0.0,0.0,0.0
2020-06-28,0.0,0.0,0.0,0.0,0.0
2020-06-29,0.0,0.0,0.0,0.0,0.0
2020-06-30,0.0,0.0,0.0,0.0,0.0
2020-07-01,0.0,0.0,0.0,0.0,0.0
2020-07-02,0.0,0.0,0.0,0.0,0.0
2020-07-03,0.0,0.0,0.0,0.0,0.0
2020-07-04,0.0,0.0,0.0,0.0,0.0
2020-07-05,0.0,0.0,0.0,0.0,0.0
2020-07-06,0.0,0.0,0.0,0.0,0.0
2020-07-07,0.0,0.0,0.0,0.0,0.0
2020-07-08,0.0,0.0,0.0,0.0,0.0
2020-07-09,0.0,0.0,0.0,0.0,0.0
2020-07-10,0.0,0.0,0.0,0.0,0.0
2020-07-11,0.0,0.0,0.0,0.0,0.0
2020-07-12,0.0,0.0,0.0,0.0,0.0
2020-07-13,0.0,0.0,0.0,0.0,0.0
2020-07-14,0.0,0.0,0.0,0.0,0.0
2020-07-15,0.0,0.0,0.0,0.0,0.0
2020-07-16,0.0,0.0,0.0,0.0,0.0
2020-07-17,0.0,0.0,0.0,0.0,0.0
2020-07-18,0.0,0.0,0.0,0.0,0.0
2020-07-19,0.0,0.0,0.0,0.0,0.0
2020-07-20,0.0,0.0,0.0,0.0,0.0
2020-07-21,0.0,0.0,0.0,0.0,0.0
2020-07-22,0.0,0.0,0.0,0.0,0.0
2020-07-23,0.0,0.0,0.0,0.0,0.0
2020-07-24,0.0,0.0,0.0,0.0,0.0
2020-07-25,0.0,0.0,0.0,0.0,0.0
2020-07-26,0.0,0.0,0.0,0.0,0.0
2020-07-27,0.0,0.0,0.0,0.0,0.0
2020-07-28,0.0,0.0,0.0,0.0,0.0
2020-07-29,0.0,0.0,0.0,0.0,0.0
2020-07-30,0.0,0.0,0.0,0.0,0.0
2020-07-31,0.0,0.0,0.0,0.0,0.0
2020-08-01,0.0,0.0,0.0,0.0,0.0
2020-08-02,0.0,0.0,0.0,0.0,0.0
2020-08-03,0.0,0.0,0.0,0.0,0.0
2020-08-04,0.0,0.0,0.0,0.0,0.0
2020-08-05,0.0,0.0,0.0,0.0,0.0
2020-08-06,0.0,0.0,0.0,0.0,0.0
2020-08-07,0.0,0.0,0.0,0.0,0.0
2020-08-08,0.0,0.0,0.0,0.0,0.0
2020-08-09,0.0,0.0,0.0,0.0,0.0
2020-08-10,0.0,0.0,0.0,0.0,0.0
2020-08-11,0.0,0.0,0.0,0.0,0.0
2020-08-12,0.0,0.0,0.0,0.0,0.0
2020-08-13,0.0,0.0,0.0,0.0,0.0
2020-08-14,0.0,0.0,0.0,0.0,0.0
2020-08-15,0.0,0.0,0.0,0.0,0.0
2020-08-16,0.0,0.0,0.0,0.0,0.0
2020-08-17,0.0,0.0,0.0,0.0,0.0
2020-08-18,0.0,0.0,0.0,0.0,0.0
2020-08-19,0.0,0.0,0.0,0.0,0.0
2020-08-20,0.0,0.0,0.0,0.0,0.0
2020-08-21,0.0,0.0,0.0,0.0,0.0
2020-08-22,0.0,0.0,0.0,0.0,0.0
2020-08-23,0.0,0.0,0.0,0.0,0.0
2020-08-24,0.0,0.0,0.0,0.0,0.0
2020-08-25,0.0,0.0,0.0,0.0,0.0
2020-08-26,0.0,0.0,0.0,0.0,0.0
2020-08-27,0.0,0.0,0.0,0.0,0.0
2020-08-28,0.0,0.0,0.0,0.0,0.0
2020-08-29,0.0,0.0,0.0,0.0,0.0
2020-08-30,0.0,0.0,0.0,0.0,0.0
2020-08-31,0.0,0.0,0.0,0.0,0.0
2020-09-01,0.0,0.0,0.0,0.0,0.0
2020-09-02,0.0,0.0,0.0,0.0,0.0
2020-09-03,0.0,0.0,0.0,0.0,0.0
2020-09-04,0.0,0.0,0.0,0.0,0.0
2020-09-05,0.0,0.0,0.0,0.0,0.0
2020-09-06,0.0,0.0,0.0,0.0,0.0
2020-09-07,0.0,0.0,0.0,0.0,0.0
2020-09-08,0.0,0.0,0.0,0.0,0.0
2020-09-09,0.0,0.0,0.0,0.0,0.0
2020-09-10,0.0,0.0,0.0,0.0,0.0
2020-09-11,0.0,0.0,0.0,0.0,0.0
2020-09-12,0.0,0.0,0.0,0.0,0.0
2020-09-13,0.0,0.0,0.0,0.0,0.0
2020-09-14,0.0,0.0,0.0,0.0,0.0
2020-09-15,0.0,0.0,0.0,0.0,0.0
2020-09-16,0.0,0.0,0.0,0.0,0.0
2020-09-17,0.0,0.0,0.0,0.0,0.0
2020-09-18,0.0,0.0,0.0,0.0,0.0
2020-09-19,0.0,0.0,0.0,0.0,0.0
2020-09-20,0.0,0.0,0.0,0.0,0.0
2020-09-21,0.0,0.0,0.0,0.0,0.0
2020-09-22,0.0,0.0,0.0,0.0,0.0
2020-09-23,0.0,0.0,0.0,0.0,0.0
2020-09-24,0.0,0.0,0.0,0.0,0.0
2020-09-25,0.0,0.0,0.0,0.0,0.0
2020-09-26,0.0,0.0,0.0,0.0,0.0
2020-09-27,0.0,0.0,0.0,0.0,0.0
2020-09-28,0.0,0.0,0.0,0.0,0.0
2020-09-29,0.0,0.0,0.0,0.0,0.0
2020-09-30,0.0,0.0,0.0,0.0,0.0
2020-10-01,0.0,0.0,0.0,0.0,0.0
2020-10-02,0.0,0.0,0.0,0.0,0.0
2020-10-03,0.0,0.0,0.0,0.0,0.0
2020-10-04,0.0,0.0,0.0,0.0,0.0
2020-10-05,0.0,0.0,0.0,0.0,0.0
2020-10-06,0.0,0.0,0.0,0.0,0.0
2020-10-07,0.0,0.0,0.0,0.0,0.0
2020-10-08,0.0,0.0,0.0,0.0,0.0
2020-10-09,0.0,0.0,0.0,0.0,0.0
2020-10-10,0.0,0.0,0.0,0.0,0.0
2020-10-11,0.0,0.0,0.0,0.0,0.0
2020-10-12,0.0,0.0,0.0,0.0,0.0
2020-10-13,0.0,0.0,0.0,0.0,0.0
2020-10-14,0.0,0.0,0.0,0.0,0.0
2020-10-15,0.0,0.0,0.0,0.0,0.0
2020-10-16,0.0,0.0,0.0,0.0,0.0
2020-10-17,0.0,0.0,0.0,0.0,0.0
2020-10-18,0.0,0.0,0.0,0.0,0.0
2020-10-19,0.0,0.0,0.0,0.0,0.0
2020-10-20,0.0,0.0,0.0,0.0,0.0
2020-10-21,0.0,0.0,0.0,0.0,0.0
2020-10-22,0.0,0.0,0.0,0.0,0.0
2020-10-23,0.0,0.0,0.0,0.0,0.0
2020-10-24,0.0,0.0,0.0,0.0,0.0
2020-10-25,0.0,0.0,0.0,0.0,0.0
2020-10-26,0.0,0.0,0.0,0.0,0.0
2020-10-27,0.0,0.0,0.0,0.0,0.0
2020-10-28,0.0,0.0,0.0,0.0,0.0
2020-10-29,0.0,0.0,0.0,0.0,0.0
2020-10-30,0.0,0.0,0.0,0.0,0.0
2020-10-31,0.0,0.0,0.0,0.0,0.0
2020-11-01,0.0,0.0,0.0,0.0,0.0
2020-11-02,0.0,0.0,0.0,0.0,0.0
2020-11-03,0.0,0.0,0.0,0.0,0.0
2020-11-04,0.0,0.0,0.0,0.0,0.0
2020-11-05,0.0,0.0,0.0,0.0,0.0
2020-11-06,0.0,0.0,0.0,0.0,0.0
2020-11-07,0.0,0.0,0.0,0.0,0.0
2020-11-08,0.0,0.0,0.0,0.0,0.0
2020-11-09,0.0,0.0,0.0,0.0,0.0
2020-11-10,0.0,0.0,0.0,0.0,0.0
2020-11-11,0.0,0.0,0.0,0.0,0.0
2020-11-12,0.0,0.0,0.0,0.0,0.0
2020-11-13,0.0,0.0,0.0,0.0,0.0
2020-11-14,0.0,0.0,0.0,0.0,0.0
2020-11-15,0.0,0.0,0.0,0.0,0.0
2020-11-16,0.0,0.0,0.0,0.0,0.0
2020-11-17,0.103,96.04,10.29,34.08,51.66
2020-11-18,0.431,97.95,11.93,36.5,49.51
2020-11-19,0.107,73.61,12.56,15.48,45.58
2020-11-20,0.022,43.16,12.56,0.0,30.6
2020-11-21,0.004,22.46,12.56,0.0,9.91
2020-11-22,0.001,15.05,12.54,0.0,2.5
2020-11-23,0.0,13.1,12.48,0.0,0.62
2020-11-24,0.0,12.61,12.31,0.0,0.3
2020-11-25,0.0,12.49,12.08,0.0,0.42
2020-11-26,0.0,12.47,11.94,0.0,0.53
2020-11-27,0.0,12.4,11.82,0.0,0.58
2020-11-28,0.0,12.41,11.8,0.0,0.61
2020-11-29,0.0,12.42,11.81,0.0,0.61
2020-11-30,0.0,12.41,11.8,0.0,0.61
2020-12-01,0.0,12.42,11.81,0.0,0.61
2020-12-02,0.0,12.43,11.83,0.0,0.6
2020-12-03,0.0,12.42,11.81,0.0,0.6
2020-12-04,0.0,12.43,11.83,0.0,0.6
2020-12-05,0.0,12.43,11.83,0.0,0.6
2020-12-06,0.0,12.41,11.81,0.0,0.6
2020-12-07,0.0,12.56,11.98,0.0,0.57
2020-12-08,0.0,12.36,11.78,0.0,0.58
2020-12-09,0.0,12.4,11.78,0.0,0.62
2020-12-10,0.0,12.5,11.9,0.0,0.6
2020-12-11,0.0,0.04,0.03,0.0,0.0
2020-12-12,0.128,49.3,11.57,6.2,31.53
2020-12-13,0.701,140.95,11.29,55.29,74.37
2020-12-14,0.35,143.76,12.56,56.28,74.92
2020-12-15,0.072,81.41,12.55,3.29,65.57
2020-12-16,0.016,45.36,11.94,0.0,33.42
2020-12-17,0.453,99.3,11.5,37.74,50.06
2020-12-18,0.128,80.82,12.55,21.22,47.06
2020-12-19,0.028,45.12,12.5,0.0,32.62
2020-12-20,0.007,21.65,12.37,0.0,9.28
2020-12-21,0.003,14.02,12.25,0.0,1.77
2020-12-22,0.001,12.88,12.36,0.0,0.52
2020-12-23,0.0,12.63,12.35,0.0,0.27
2020-12-24,0.0,12.49,12.1,0.0,0.39
2020-12-25,0.022,35.39,8.56,2.44,24.39
2020-12-26,0.071,44.23,12.56,0.32,31.35
2020-12-27,0.015,29.68,12.55,0.0,17.13
2020-12-28,0.003,17.52,12.53,0.0,4.99
2020-12-29,0.001,13.46,12.32,0.0,1.14
2020-12-30,0.0,12.7,12.18,0.0,0.52
2020-12-31,0.0,12.38,11.97,0.0,0.41
2021-01-01,0.0,12.57,11.99,0.0,0.59
2021-01-02,0.058,28.04,11.07,0.18,16.79
2021-01-03,0.04,27.33,12.54,0.0,14.78
2021-01-04,0.422,130.89,11.11,51.02,68.76
2021-01-05,0.279,135.08,12.55,51.0,71.53
2021-01-06,0.059,72.57,12.54,0.05,59.99
2021-01-07,0.013,39.84,12.44,0.0,27.4
2021-01-08,0.003,18.89,12.41,0.0,6.48
2021-01-09,0.002,13.1,11.99,0.0,1.1
2021-01-10,0.001,12.6,12.04,0.0,0.56
2021-01-11,0.0,12.7,12.46,0.0,0.24
2021-01-12,0.0,12.53,12.25,0.0,0.28
2021-01-13,0.0,12.49,12.05,0.0,0.44
2021-01-14,0.0,12.45,11.9,0.0,0.54
2021-01-15,0.0,12.45,11.87,0.0,0.58
2021-01-16,0.0,12.46,11.88,0.0,0.58
2021-01-17,0.0,12.44,11.86,0.0,0.59
2021-01-18,0.0,12.61,12.04,0.0,0.57
2021-01-19,0.0,12.73,12.42,0.0,0.31
2021-01-20,0.0,12.14,11.52,0.0,0.62
2021-01-21,0.0,12.45,11.8,0.0,0.65
2021-01-22,0.14,222.88,11.15,91.43,120.3
2021-01-23,0.084,156.2,12.55,21.53,122.12
2021-01-24,0.018,83.93,12.54,0.0,71.39
2021-01-25,0.004,34.3,12.56,0.0,21.75
2021-01-26,0.072,121.64,5.74,50.01,65.88
2021-01-27,1.117,214.34,11.75,87.48,115.11
2021-01-28,0.907,119.7,11.91,46.55,61.25
2021-01-29,0.698,98.8,11.93,37.51,49.36
2021-01-30,0.19,80.54,12.48,26.06,41.99
2021-01-31,0.049,40.95,12.4,0.0,28.55
2021-02-01,0.081,60.18,8.31,21.05,30.82
2021-02-02,0.901,118.74,11.8,46.04,60.9
2021-02-03,0.27,99.36,12.45,36.57,50.34
2021-02-04,0.084,42.18,12.22,0.12,29.83
2021-02-05,0.043,21.52,11.97,0.0,9.55
2021-02-06,0.032,13.92,11.86,0.0,2.06
2021-02-07,0.026,12.77,11.87,0.0,0.9
2021-02-08,0.021,12.7,11.96,0.0,0.74
2021-02-09,0.012,12.62,11.99,0.0,0.63
2021-02-10,0.01,12.26,11.62,0.0,0.64
2021-02-11,0.122,159.42,9.55,64.62,85.26
2021-02-12,0.28,191.49,12.51,75.23,103.75
2021-02-13,0.069,88.64,12.45,0.14,76.06
2021-02-14,0.018,45.41,12.21,0.0,33.2
2021-02-15,0.23,69.23,11.4,21.68,36.16
2021-02-16,0.098,51.31,12.41,6.86,32.05
2021-02-17,0.033,26.53,12.2,0.0,14.32
2021-02-18,0.016,15.1,12.11,0.0,2.99
2021-02-19,0.024,19.81,11.39,0.01,8.4
2021-02-20,0.05,21.92,11.7,0.03,10.19
2021-02-21,0.022,15.97,12.13,0.0,3.84
2021-02-22,0.013,12.95,11.95,0.0,1.0
2021-02-23,0.008,12.69,12.05,0.0,0.64
2021-02-24,0.004,12.58,12.08,0.0,0.5
2021-02-25,0.001,12.74,12.56,0.0,0.18
2021-02-26,0.0,12.6,12.55,0.0,0.05
2021-02-27,0.0,12.57,12.53,0.0,0.04
2021-02-28,0.0,12.57,12.51,0.0,0.06
2021-03-01,0.0,12.58,12.53,0.0,0.04
2021-03-02,0.0,12.57,12.56,0.0,0.01
2021-03-03,0.0,12.56,12.56,0.0,0.0
2021-03-04,0.0,12.56,12.56,0.0,0.0
2021-03-05,0.0,0.0,0.0,0.0,0.0
2021-03-06,0.166,89.49,11.67,27.16,50.67
2021-03-07,0.043,56.47,12.53,0.0,43.94
2021-03-08,0.01,29.81,12.48,0.0,17.32
2021-03-09,0.006,7.79,5.1,0.01,2.69
2021-03-10,0.261,56.03,11.26,16.53,28.24
2021-03-11,0.363,79.89,11.99,28.95,38.96
2021-03-12,0.094,52.39,12.48,7.54,32.37
2021-03-13,0.025,29.0,12.35,0.0,16.65
2021-03-14,0.093,87.33,9.47,30.89,46.96
2021-03-15,0.216,130.18,12.55,44.7,72.94
2021-03-16,0.05,67.36,12.44,0.0,54.91
2021-03-17,0.015,31.16,12.33,0.0,18.83
2021-03-18,0.184,89.83,10.53,34.13,45.17
2021-03-19,0.232,87.7,12.53,30.34,44.83
2021-03-20,0.054,46.14,12.42,0.0,33.72
2021-03-21,0.017,23.73,12.26,0.0,11.47
2021-03-22,0.006,14.53,12.23,0.0,2.3
2021-03-23,0.002,12.98,12.34,0.0,0.64
2021-03-24,0.0,12.72,12.52,0.0,0.2
2021-03-25,0.0,12.58,12.44,0.0,0.14
2021-03-26,0.0,12.53,12.26,0.0,0.27
2021-03-27,0.0,12.51,12.09,0.0,0.42
2021-03-28,0.0,12.51,12.0,0.0,0.51
2021-03-29,0.0,12.49,11.95,0.0,0.54
2021-03-30,0.0,12.55,12.0,0.0,0.55
2021-03-31,0.0,12.62,12.13,0.0,0.49
2021-04-01,0.0,12.61,12.2,0.0,0.41
2021-04-02,0.0,12.7,12.56,0.0,0.14
2021-04-03,0.0,12.6,12.56,0.0,0.04
2021-04-04,0.0,0.0,0.0,0.0,0.0
2021-04-05,0.0,0.0,0.0,0.0,0.0
2021-04-06,0.0,0.0,0.0,0.0,0.0
2021-04-07,0.0,0.0,0.0,0.0,0.0
2021-04-08,0.0,0.0,0.0,0.0,0.0
2021-04-09,0.0,0.0,0.0,0.0,0.0
2021-04-10,0.0,0.0,0.0,0.0,0.0
2021-04-11,0.0,0.0,0.0,0.0,0.0
2021-04-12,0.0,0.0,0.0,0.0,0.0
2021-04-13,0.0,0.0,0.0,0.0,0.0
2021-04-14,0.0,0.0,0.0,0.0,0.0
2021-04-15,0.0,0.0,0.0,0.0,0.0
2021-04-16,0.0,0.0,0.0,0.0,0.0
2021-04-17,0.0,0.0,0.0,0.0,0.0
2021-04-18,0.0,0.0,0.0,0.0,0.0
2021-04-19,0.0,0.0,0.0,0.0,0.0
2021-04-20,0.0,0.0,0.0,0.0,0.0
2021-04-21,0.0,0.0,0.0,0.0,0.0
2021-04-22,0.0,0.0,0.0,0.0,0.0
2021-04-23,0.0,0.0,0.0,0.0,0.0
2021-04-24,0.0,0.0,0.0,0.0,0.0
2021-04-25,0.0,0.0,0.0,0.0,0.0
2021-04-26,0.0,0.0,0.0,0.0,0.0
2021-04-27,0.0,0.0,0.0,0.0,0.0
2021-04-28,0.0,0.0,0.0,0.0,0.0
2021-04-29,0.0,0.0,0.0,0.0,0.0
2021-04-30,0.0,0.0,0.0,0.0,0.0
2021-05-01,0.0,0.0,0.0,0.0,0.0
2021-05-02,0.0,0.0,0.0,0.0,0.0
2021-05-03,0.0,0.0,0.0,0.0,0.0
2021-05-04,0.0,0.0,0.0,0.0,0.0
2021-05-05,0.0,0.0,0.0,0.0,0.0
2021-05-06,0.0,0.0,0.0,0.0,0.0
2021-05-07,0.0,0.0,0.0,0.0,0.0
2021-05-08,0.0,0.0,0.0,0.0,0.0
2021-05-09,0.0,0.0,0.0,0.0,0.0
2021-05-10,0.0,0.0,0.0,0.0,0.0
2021-05-11,0.0,0.0,0.0,0.0,0.0
2021-05-12,0.0,0.0,0.0,0.0,0.0
2021-05-13,0.0,0.0,0.0,0.0,0.0
2021-05-14,0.0,0.0,0.0,0.0,0.0
2021-05-15,0.0,0.0,0.0,0.0,0.0
2021-05-16,0.0,0.0,0.0,0.0,0.0
2021-05-17,0.0,0.0,0.0,0.0,0.0
2021-05-18,0.0,0.0,0.0,0.0,0.0
2021-05-19,0.0,0.0,0.0,0.0,0.0
2021-05-20,0.0,0.0,0.0,0.0,0.0
2021-05-21,0.0,0.0,0.0,0.0,0.0
2021-05-22,0.0,0.0,0.0,0.0,0.0
2021-05-23,0.0,0.0,0.0,0.0,0.0
2021-05-24,0.0,0.0,0.0,0.0,0.0
2021-05-25,0.0,0.0,0.0,0.0,0.0
2021-05-26,0.0,0.0,0.0,0.0,0.0
2021-05-27,0.0,0.0,0.0,0.0,0.0
2021-05-28,0.0,0.0,0.0,0.0,0.0
2021-05-29,0.0,0.0,0.0,0.0,0.0
2021-05-30,0.0,0.0,0.0,0.0,0.0
2021-05-31,0.0,0.0,0.0,0.0,0.0
2021-06-01,0.0,0.0,0.0,0.0,0.0
2021-06-02,0.0,0.0,0.0,0.0,0.0
2021-06-03,0.0,0.0,0.0,0.0,0.0
2021-06-04,0.0,0.0,0.0,0.0,0.0
2021-06-05,0.0,0.0,0.0,0.0,0.0
2021-06-06,0.0,0.0,0.0,0.0,0.0
2021-06-07,0.0,0.0,0.0,0.0,0.0
2021-06-08,0.0,0.0,0.0,0.0,0.0
2021-06-09,0.0,0.0,0.0,0.0,0.0
2021-06-10,0.0,0.0,0.0,0.0,0.0
2021-06-11,0.0,0.0,0.0,0.0,0.0
2021-06-12,0.0,0.0,0.0,0.0,0.0
2021-06-13,0.0,0.0,0.0,0.0,0.0
2021-06-14,0.0,0.0,0.0,0.0,0.0
2021-06-15,0.0,0.0,0.0,0.0,0.0
2021-06-16,0.0,0.0,0.0,0.0,0.0
2021-06-17,0.0,0.0,0.0,0.0,0.0
2021-06-18,0.0,0.0,0.0,0.0,0.0
2021-06-19,0.0,0.0,0.0,0.0,0.0
2021-06-20,0.0,0.0,0.0,0.0,0.0
2021-06-21,0.0,0.0,0.0,0.0,0.0
2021-06-22,0.0,0.0,0.0,0.0,0.0
2021-06-23,0.0,0.0,0.0,0.0,0.0
2021-06-24,0.0,0.0,0.0,0.0,0.0
2021-06-25,0.0,0.0,0.0,0.0,0.0
2021-06-26,0.0,0.0,0.0,0.0,0.0
2021-06-27,0.0,0.0,0.0,0.0,0.0
2021-06-28,0.0,0.0,0.0,0.0,0.0
2021-06-29,0.0,0.0,0.0,0.0,0.0
2021-06-30,0.0,0.0,0.0,0.0,0.0
2021-07-01,0.0,0.0,0.0,0.0,0.0
2021-07-02,0.0,0.0,0.0,0.0,0.0
2021-07-03,0.0,0.0,0.0,0.0,0.0
2021-07-04,0.0,0.0,0.0,0.0,0.0
2021-07-05,0.0,0.0,0.0,0.0,0.0
2021-07-06,0.0,0.0,0.0,0.0,0.0
2021-07-07,0.0,0.0,0.0,0.0,0.0
2021-07-08,0.0,0.0,0.0,0.0,0.0
2021-07-09,0.0,0.0,0.0,0.0,0.0
2021-07-10,0.0,0.0,0.0,0.0,0.0
2021-07-11,0.0,0.0,0.0,0.0,0.0
2021-07-12,0.0,0.0,0.0,0.0,0.0
2021-07-13,0.0,0.0,0.0,0.0,0.0
2021-07-14,0.0,0.0,0.0,0.0,0.0
2021-07-15,0.0,0.0,0.0,0.0,0.0
2021-07-16,0.0,0.0,0.0,0.0,0.0
2021-07-17,0.0,0.0,0.0,0.0,0.0
2021-07-18,0.0,0.0,0.0,0.0,0.0
2021-07-19,0.0,0.0,0.0,0.0,0.0
2021-07-20,0.0,0.0,0.0,0.0,0.0
2021-07-21,0.0,0.0,0.0,0.0,0.0
2021-07-22,0.0,0.0,0.0,0.0,0.0
2021-07-23,0.0,0.0,0.0,0.0,0.0
2021-07-24,0.0,0.0,0.0,0.0,0.0
2021-07-25,0.0,0.0,0.0,0.0,0.0
2021-07-26,0.0,0.0,0.0,0.0,0.0
2021-07-27,0.0,0.0,0.0,0.0,0.0
2021-07-28,0.0,0.0,0.0,0.0,0.0
2021-07-29,0.0,0.0,0.0,0.0,0.0
2021-07-30,0.0,0.0,0.0,0.0,0.0
2021-07-31,0.0,0.0,0.0,0.0,0.0
2021-08-01,0.0,0.0,0.0,0.0,0.0
2021-08-02,0.0,0.0,0.0,0.0,0.0
2021-08-03,0.0,0.0,0.0,0.0,0.0
2021-08-04,0.0,0.0,0.0,0.0,0.0
2021-08-05,0.0,0.0,0.0,0.0,0.0
2021-08-06,0.0,0.0,0.0,0.0,0.0
2021-08-07,0.0,0.0,0.0,0.0,0.0
2021-08-08,0.0,0.0,0.0,0.0,0.0
2021-08-09,0.0,0.0,0.0,0.0,0.0
2021-08-10,0.0,0.0,0.0,0.0,0.0
2021-08-11,0.0,0.0,0.0,0.0,0.0
2021-08-12,0.0,0.0,0.0,0.0,0.0
2021-08-13,0.0,0.0,0.0,0.0,0.0
2021-08-14,0.0,0.0,0.0,0.0,0.0
2021-08-15,0.0,0.0,0.0,0.0,0.0
2021-08-16,0.0,0.0,0.0,0.0,0.0
2021-08-17,0.0,0.0,0.0,0.0,0.0
2021-08-18,0.0,0.0,0.0,0.0,0.0
2021-08-19,0.0,0.0,0.0,0.0,0.0
2021-08-20,0.0,0.0,0.0,0.0,0.0
2021-08-21,0.0,0.0,0.0,0.0,0.0
2021-08-22,0.0,0.0,0.0,0.0,0.0
2021-08-23,0.0,0.0,0.0,0.0,0.0
2021-08-24,0.0,0.0,0.0,0.0,0.0
2021-08-25,0.0,0.0,0.0,0.0,0.0
2021-08-26,0.0,0.0,0.0,0.0,0.0
2021-08-27,0.0,0.0,0.0,0.0,0.0
2021-08-28,0.0,0.0,0.0,0.0,0.0
2021-08-29,0.0,0.0,0.0,0.0,0.0
2021-08-30,0.0,0.0,0.0,0.0,0.0
2021-08-31,0.0,0.0,0.0,0.0,0.0
2021-09-01,0.0,0.0,0.0,0.0,0.0
2021-09-02,0.0,0.0,0.0,0.0,0.0
2021-09-03,0.0,0.0,0.0,0.0,0.0
2021-09-04,0.0,0.0,0.0,0.0,0.0
2021-09-05,0.0,0.0,0.0,0.0,0.0
2021-09-06,0.0,0.0,0.0,0.0,0.0
2021-09-07,0.0,0.0,0.0,0.0,0.0
2021-09-08,0.0,0.0,0.0,0.0,0.0
2021-09-09,0.0,0.0,0.0,0.0,0.0
2021-09-10,0.0,0.0,0.0,0.0,0.0
2021-09-11,0.0,0.0,0.0,0.0,0.0
2021-09-12,0.0,0.0,0.0,0.0,0.0
2021-09-13,0.0,0.0,0.0,0.0,0.0
2021-09-14,0.0,0.0,0.0,0.0,0.0
2021-09-15,0.0,0.0,0.0,0.0,0.0
2021-09-16,0.0,0.0,0.0,0.0,0.0
2021-09-17,0.0,0.0,0.0,0.0,0.0
2021-09-18,0.0,0.0,0.0,0.0,0.0
2021-09-19,0.0,0.0,0.0,0.0,0.0
2021-09-20,0.0,0.0,0.0,0.0,0.0
2021-09-21,0.0,0.0,0.0,0.0,0.0
2021-09-22,0.0,0.0,0.0,0.0,0.0
2021-09-23,0.0,0.0,0.0,0.0,0.0
2021-09-24,0.0,0.0,0.0,0.0,0.0
2021-09-25,0.0,0.0,0.0,0.0,0.0
2021-09-26,0.0,0.0,0.0,0.0,0.0
2021-09-27,0.0,0.0,0.0,0.0,0.0
2021-09-28,0.0,0.0,0.0,0.0,0.0
2021-09-29,0.0,0.0,0.0,0.0,0.0
2021-09-30,0.0,0.0,0.0,0.0,0.0
2021-10-01,0.0,0.0,0.0,0.0,0.0
2021-10-02,0.0,0.0,0.0,0.0,0.0
2021-10-03,0.0,0.0,0.0,0.0,0.0
2021-10-04,0.0,0.0,0.0,0.0,0.0
2021-10-05,0.0,0.0,0.0,0.0,0.0
2021-10-06,0.0,0.0,0.0,0.0,0.0
2021-10-07,0.0,0.0,0.0,0.0,0.0
2021-10-08,0.0,0.0,0.0,0.0,0.0
2021-10-09,0.0,0.0,0.0,0.0,0.0
2021-10-10,0.0,0.0,0.0,0.0,0.0
2021-10-11,0.0,0.0,0.0,0.0,0.0
2021-10-12,0.0,0.0,0.0,0.0,0.0
2021-10-13,0.0,0.0,0.0,0.0,0.0
2021-10-14,0.0,0.0,0.0,0.0,0.0
2021-10-15,0.0,0.0,0.0,0.0,0.0
2021-10-16,0.0,0.0,0.0,0.0,0.0
2021-10-17,0.0,0.0,0.0,0.0,0.0
2021-10-18,0.0,0.0,0.0,0.0,0.0
2021-10-19,0.0,0.0,0.0,0.0,0.0
2021-10-20,0.022,62.94,8.59,20.46,33.89
2021-10-21,0.324,75.28,11.71,26.08,37.48
2021-10-22,0.483,117.43,11.62,44.92,60.89
2021-10-23,0.222,101.85,10.88,33.8,57.17
2021-10-24,6.033,461.3,16.64,191.86,252.8
2021-10-25,3.943,424.78,15.95,176.51,232.31
2021-10-26,1.014,241.65,12.29,99.03,130.33
2021-10-27,0.449,107.43,12.05,41.18,54.2
2021-10-28,0.298,39.56,11.9,11.94,15.72
2021-10-29,0.241,19.62,11.84,3.36,4.42
2021-10-30,0.211,15.0,11.81,1.38,1.82
2021-10-31,0.191,14.01,11.81,0.93,1.27
2021-11-01,0.27,30.44,11.06,8.35,11.03
2021-11-02,0.438,44.13,12.03,13.86,18.24
2021-11-03,0.238,24.38,12.0,5.34,7.03
2021-11-04,0.238,22.31,11.71,4.58,6.02
2021-11-05,0.182,17.13,11.89,2.02,3.22
2021-11-06,0.157,13.7,11.8,0.33,1.57
2021-11-07,0.132,13.18,11.86,0.09,1.23
2021-11-08,0.142,29.2,10.25,7.8,11.15
2021-11-09,1.228,155.37,11.65,62.04,81.67
2021-11-10,0.534,89.29,12.15,33.3,43.83
2021-11-11,0.305,37.86,11.94,11.19,14.73
2021-11-12,0.238,19.43,11.84,3.28,4.31
2021-11-13,0.204,15.01,11.83,1.38,1.81
2021-11-14,0.176,13.86,11.83,0.76,1.28
2021-11-15,0.154,13.32,11.82,0.33,1.17
2021-11-16,0.132,13.04,11.83,0.07,1.14
2021-11-17,0.118,12.97,11.81,0.02,1.14
2021-11-18,0.114,12.9,11.75,0.02,1.13
2021-11-19,0.101,13.0,11.85,0.01,1.14
2021-11-20,0.087,12.96,11.82,0.01,1.14
2021-11-21,0.071,13.04,11.91,0.0,1.13
2021-11-22,0.055,12.86,11.8,0.0,1.05
2021-11-23,0.052,12.8,11.79,0.0,1.01
2021-11-24,0.046,12.8,11.84,0.0,0.96
2021-11-25,0.038,12.72,11.85,0.0,0.87
2021-11-26,0.033,12.62,11.8,0.0,0.82
2021-11-27,0.029,12.62,11.83,0.0,0.79
2021-11-28,0.025,12.59,11.83,0.0,0.76
2021-11-29,0.022,12.56,11.83,0.0,0.73
2021-11-30,0.019,12.54,11.83,0.0,0.71
2021-12-01,0.015,12.58,11.9,0.0,0.68
2021-12-02,0.012,12.5,11.84,0.0,0.65
2021-12-03,0.01,12.5,11.86,0.0,0.65
2021-12-04,0.008,12.51,11.88,0.0,0.63
2021-12-05,0.006,12.52,11.91,0.0,0.61
2021-12-06,0.004,12.71,12.14,0.0,0.57
2021-12-07,0.001,12.51,12.29,0.0,0.22
2021-12-08,0.001,12.54,11.91,0.0,0.63
2021-12-09,0.0,12.77,12.56,0.0,0.21
2021-12-10,0.0,12.61,12.56,0.0,0.05
2021-12-11,0.0,12.57,12.56,0.0,0.01
2021-12-12,0.156,76.95,9.0,27.13,40.82
2021-12-13,4.228,299.3,13.91,123.14,162.26
2021-12-14,3.131,183.93,13.04,73.78,97.12
2021-12-15,1.767,67.69,11.76,24.15,31.78
2021-12-16,3.162,113.96,11.9,44.07,57.99
2021-12-17,2.28,46.26,11.9,14.84,19.52
2021-12-18,1.796,21.33,11.86,4.09,5.39
2021-12-19,1.497,15.47,11.84,1.57,2.06
2021-12-20,1.265,14.19,11.84,1.02,1.34
2021-12-21,1.075,13.88,11.81,0.89,1.18
2021-12-22,1.52,40.57,11.57,12.52,16.48
2021-12-23,3.728,191.43,12.97,77.06,101.4
2021-12-24,3.56,88.39,12.35,32.84,43.2
2021-12-25,4.022,48.76,13.09,15.4,20.27
2021-12-26,3.668,28.13,12.56,6.72,8.85
2021-12-27,4.056,30.91,13.21,7.64,10.06
2021-12-28,3.212,19.06,11.95,3.07,4.04
2021-12-29,3.283,26.28,11.76,6.27,8.25
2021-12-30,2.864,19.55,11.87,3.32,4.36
2021-12-31,2.238,15.2,11.88,1.43,1.89
2022-01-01,1.741,14.19,11.88,1.0,1.31
2022-01-02,1.361,13.94,11.87,0.89,1.18
2022-01-03,1.146,18.17,11.64,2.82,3.71
2022-01-04,2.563,76.83,11.53,28.19,37.1
2022-01-05,2.287,36.22,11.89,10.51,13.83
2022-01-06,1.753,19.19,11.88,3.15,4.15
2022-01-07,1.357,15.12,11.88,1.4,1.84
2022-01-08,1.048,14.18,11.89,0.99,1.3
2022-01-09,0.806,13.95,11.88,0.89,1.17
2022-01-10,0.621,13.9,11.88,0.87,1.14
2022-01-11,0.48,13.88,11.88,0.86,1.14
2022-01-12,0.368,13.89,11.89,0.86,1.13
2022-01-13,0.285,13.87,11.88,0.86,1.13
2022-01-14,0.22,13.89,11.89,0.86,1.13
2022-01-15,0.158,13.66,11.94,0.59,1.13
2022-01-16,0.122,13.01,11.85,0.02,1.13
2022-01-17,0.096,13.03,11.89,0.01,1.14
2022-01-18,0.074,13.02,11.88,0.0,1.13
2022-01-19,0.057,12.97,11.88,0.0,1.09
2022-01-20,0.044,12.84,11.89,0.0,0.96
2022-01-21,0.03,12.95,12.13,0.0,0.82
2022-01-22,0.007,12.7,12.33,0.0,0.37
2022-01-23,0.007,12.41,11.76,0.0,0.64
2022-01-24,0.005,12.6,12.0,0.0,0.6
2022-01-25,0.003,12.58,12.06,0.0,0.52
2022-01-26,0.001,12.57,12.08,0.0,0.49
2022-01-27,0.001,12.59,12.09,0.0,0.5
2022-01-28,0.0,12.66,12.21,0.0,0.45
2022-01-29,0.0,12.71,12.56,0.0,0.15
2022-01-30,0.0,12.6,12.56,0.0,0.04
2022-01-31,0.0,12.57,12.56,0.0,0.01
2022-02-01,0.0,12.56,12.56,0.0,0.0
2022-02-02,0.0,12.56,12.56,0.0,0.0
2022-02-03,0.0,12.56,12.56,0.0,0.0
2022-02-04,0.0,0.0,0.0,0.0,0.0
2022-02-05,0.0,0.0,0.0,0.0,0.0
2022-02-06,0.0,0.0,0.0,0.0,0.0
2022-02-07,0.0,0.0,0.0,0.0,0.0
2022-02-08,0.0,0.0,0.0,0.0,0.0
2022-02-09,0.0,0.0,0.0,0.0,0.0
2022-02-10,0.0,0.0,0.0,0.0,0.0
2022-02-11,0.0,0.0,0.0,0.0,0.0
2022-02-12,0.0,0.0,0.0,0.0,0.0
2022-02-13,0.0,0.0,0.0,0.0,0.0
2022-02-14,0.0,0.0,0.0,0.0,0.0
2022-02-15,0.0,0.0,0.0,0.0,0.0
2022-02-16,0.0,0.0,0.0,0.0,0.0
2022-02-17,0.0,0.0,0.0,0.0,0.0
2022-02-18,0.0,0.0,0.0,0.0,0.0
2022-02-19,0.0,0.0,0.0,0.0,0.0
2022-02-20,0.0,0.0,0.0,0.0,0.0
2022-02-21,0.0,0.0,0.0,0.0,0.0
2022-02-22,0.0,0.0,0.0,0.0,0.0
2022-02-23,0.0,0.0,0.0,0.0,0.0
2022-02-24,0.0,0.0,0.0,0.0,0.0
2022-02-25,0.0,0.0,0.0,0.0,0.0
2022-02-26,0.0,0.0,0.0,0.0,0.0
2022-02-27,0.0,0.0,0.0,0.0,0.0
2022-02-28,0.0,0.0,0.0,0.0,0.0
2022-03-01,0.0,0.0,0.0,0.0,0.0
2022-03-02,0.0,0.0,0.0,0.0,0.0
2022-03-03,0.0,0.0,0.0,0.0,0.0
2022-03-04,0.0,0.0,0.0,0.0,0.0
2022-03-05,0.0,0.0,0.0,0.0,0.0
2022-03-06,0.0,0.0,0.0,0.0,0.0
2022-03-07,0.0,0.0,0.0,0.0,0.0
2022-03-08,0.0,0.0,0.0,0.0,0.0
2022-03-09,0.0,0.0,0.0,0.0,0.0
2022-03-10,0.0,0.0,0.0,0.0,0.0
2022-03-11,0.0,0.0,0.0,0.0,0.0
2022-03-12,0.0,0.0,0.0,0.0,0.0
2022-03-13,0.0,0.0,0.0,0.0,0.0
2022-03-14,0.0,0.0,0.0,0.0,0.0
2022-03-15,0.0,0.0,0.0,0.0,0.0
2022-03-16,0.0,0.0,0.0,0.0,0.0
2022-03-17,0.0,0.0,0.0,0.0,0.0
2022-03-18,0.0,0.0,0.0,0.0,0.0
2022-03-19,0.0,0.0,0.0,0.0,0.0
2022-03-20,0.0,0.0,0.0,0.0,0.0
2022-03-21,0.0,0.0,0.0,0.0,0.0
2022-03-22,0.0,0.0,0.0,0.0,0.0
2022-03-23,0.0,0.0,0.0,0.0,0.0
2022-03-24,0.0,0.0,0.0,0.0,0.0
2022-03-25,0.0,0.0,0.0,0.0,0.0
2022-03-26,0.0,0.0,0.0,0.0,0.0
2022-03-27,0.015,27.49,6.83,0.91,19.75
2022-03-28,0.329,69.6,11.66,22.36,35.58
2022-03-29,0.122,53.2,12.36,11.52,29.32
2022-03-30,0.047,25.87,12.12,0.0,13.75
2022-03-31,0.027,15.1,11.96,0.0,3.14
2022-04-01,0.019,12.88,11.91,0.0,0.97
2022-04-02,0.013,12.63,11.96,0.0,0.68
2022-04-03,0.008,12.67,12.08,0.0,0.59
2022-04-04,0.002,12.76,12.54,0.0,0.21
2022-04-05,0.0,12.61,12.44,0.0,0.16
2022-04-06,0.0,12.61,12.53,0.0,0.08
2022-04-07,0.0,12.56,12.47,0.0,0.09
2022-04-08,0.0,12.55,12.35,0.0,0.2
2022-04-09,0.0,12.57,12.23,0.0,0.34
2022-04-10,0.0,12.66,12.34,0.0,0.33
2022-04-11,0.0,12.65,12.56,0.0,0.09
2022-04-12,0.0,12.59,12.56,0.0,0.03
2022-04-13,0.0,0.0,0.0,0.0,0.0
2022-04-14,0.0,0.0,0.0,0.0,0.0
2022-04-15,0.0,0.0,0.0,0.0,0.0
2022-04-16,0.653,155.12,11.4,60.92,82.8
2022-04-17,0.255,138.45,12.44,51.55,74.46
2022-04-18,0.079,56.27,12.26,0.02,43.99
2022-04-19,0.056,26.65,11.79,0.03,14.84
2022-04-20,0.046,20.57,10.37,1.85,8.35
2022-04-21,0.56,92.27,11.58,33.9,46.79
2022-04-22,0.319,70.85,12.0,25.11,33.74
2022-04-23,0.143,40.73,12.18,9.79,18.76
2022-04-24,0.078,18.94,11.96,0.0,6.97
2022-04-25,0.054,14.39,11.93,0.0,2.45
2022-04-26,0.035,13.04,11.91,0.0,1.13
2022-04-27,0.03,12.72,11.88,0.0,0.84
2022-04-28,0.02,12.56,11.86,0.0,0.7
2022-04-29,0.018,12.61,11.89,0.0,0.72
2022-04-30,0.011,12.67,12.06,0.0,0.61
2022-05-01,0.006,12.64,12.07,0.0,0.56
2022-05-02,0.001,12.71,12.49,0.0,0.23
2022-05-03,0.0,12.62,12.53,0.0,0.08
2022-05-04,0.0,12.57,12.5,0.0,0.07
2022-05-05,0.0,12.54,12.38,0.0,0.16
2022-05-06,0.0,12.52,12.21,0.0,0.31
2022-05-07,0.0,12.57,12.1,0.0,0.47
2022-05-08,0.0,12.66,12.32,0.0,0.33
2022-05-09,0.0,12.64,12.5,0.0,0.14
2022-05-10,0.0,12.59,12.52,0.0,0.07
2022-05-11,0.0,0.0,0.0,0.0,0.0
2022-05-12,0.0,0.0,0.0,0.0,0.0
2022-05-13,0.0,0.0,0.0,0.0,0.0
2022-05-14,0.0,0.0,0.0,0.0,0.0
2022-05-15,0.0,0.0,0.0,0.0,0.0
2022-05-16,0.0,0.0,0.0,0.0,0.0
2022-05-17,0.0,0.0,0.0,0.0,0.0
2022-05-18,0.0,0.0,0.0,0.0,0.0
2022-05-19,0.0,0.0,0.0,0.0,0.0
2022-05-20,0.0,0.0,0.0,0.0,0.0
2022-05-21,0.0,0.0,0.0,0.0,0.0
2022-05-22,0.0,0.0,0.0,0.0,0.0
2022-05-23,0.0,0.0,0.0,0.0,0.0
2022-05-24,0.0,0.0,0.0,0.0,0.0
2022-05-25,0.0,0.0,0.0,0.0,0.0
2022-05-26,0.0,0.0,0.0,0.0,0.0
2022-05-27,0.0,0.0,0.0,0.0,0.0
2022-05-28,0.0,0.0,0.0,0.0,0.0
2022-05-29,0.0,0.0,0.0,0.0,0.0
2022-05-30,0.0,0.0,0.0,0.0,0.0
2022-05-31,0.0,0.0,0.0,0.0,0.0
2022-06-01,0.0,0.0,0.0,0.0,0.0
2022-06-02,0.0,0.0,0.0,0.0,0.0
2022-06-03,0.0,0.0,0.0,0.0,0.0
2022-06-04,0.0,0.0,0.0,0.0,0.0
2022-06-05,0.016,16.65,10.92,0.01,5.73
2022-06-06,0.013,16.26,12.52,0.0,3.74
2022-06-07,0.003,13.63,12.56,0.0,1.07
2022-06-08,0.001,12.83,12.56,0.0,0.27
2022-06-09,0.0,12.63,12.56,0.0,0.07
2022-06-10,0.0,12.58,12.56,0.0,0.02
2022-06-11,0.0,12.56,12.56,0.0,0.0
2022-06-12,0.0,12.56,12.56,0.0,0.0
2022-06-13,0.0,12.56,12.56,0.0,0.0
2022-06-14,0.0,12.56,12.56,0.0,0.0
2022-06-15,0.0,0.0,0.0,0.0,0.0
2022-06-16,0.0,0.0,0.0,0.0,0.0
2022-06-17,0.0,0.0,0.0,0.0,0.0
2022-06-18,0.0,0.0,0.0,0.0,0.0
2022-06-19,0.0,0.0,0.0,0.0,0.0
2022-06-20,0.0,0.0,0.0,0.0,0.0
2022-06-21,0.0,0.0,0.0,0.0,0.0
2022-06-22,0.0,0.0,0.0,0.0,0.0
2022-06-23,0.0,0.0,0.0,0.0,0.0
2022-06-24,0.0,0.0,0.0,0.0,0.0
2022-06-25,0.0,0.0,0.0,0.0,0.0
2022-06-26,0.0,0.0,0.0,0.0,0.0
2022-06-27,0.0,0.0,0.0,0.0,0.0
2022-06-28,0.0,0.0,0.0,0.0,0.0
2022-06-29,0.0,0.0,0.0,0.0,0.0
2022-06-30,0.0,0.0,0.0,0.0,0.0
2022-07-01,0.0,0.0,0.0,0.0,0.0
2022-07-02,0.0,0.0,0.0,0.0,0.0
2022-07-03,0.0,0.0,0.0,0.0,0.0
2022-07-04,0.0,0.0,0.0,0.0,0.0
2022-07-05,0.0,0.0,0.0,0.0,0.0
2022-07-06,0.0,0.0,0.0,0.0,0.0
2022-07-07,0.0,0.0,0.0,0.0,0.0
2022-07-08,0.0,0.0,0.0,0.0,0.0
2022-07-09,0.0,0.0,0.0,0.0,0.0
2022-07-10,0.0,0.0,0.0,0.0,0.0
2022-07-11,0.0,0.0,0.0,0.0,0.0
2022-07-12,0.0,0.0,0.0,0.0,0.0
2022-07-13,0.0,0.0,0.0,0.0,0.0
2022-07-14,0.0,0.0,0.0,0.0,0.0
2022-07-15,0.0,0.0,0.0,0.0,0.0
2022-07-16,0.0,0.0,0.0,0.0,0.0
2022-07-17,0.0,0.0,0.0,0.0,0.0
2022-07-18,0.0,0.0,0.0,0.0,0.0
2022-07-19,0.0,0.0,0.0,0.0,0.0
2022-07-20,0.0,0.0,0.0,0.0,0.0
2022-07-21,0.0,0.0,0.0,0.0,0.0
2022-07-22,0.0,0.0,0.0,0.0,0.0
2022-07-23,0.0,0.0,0.0,0.0,0.0
2022-07-24,0.0,0.0,0.0,0.0,0.0
2022-07-25,0.0,0.0,0.0,0.0,0.0
2022-07-26,0.0,0.0,0.0,0.0,0.0
2022-07-27,0.0,0.0,0.0,0.0,0.0
2022-07-28,0.0,0.0,0.0,0.0,0.0
2022-07-29,0.0,0.0,0.0,0.0,0.0
2022-07-30,0.0,0.0,0.0,0.0,0.0
2022-07-31,0.0,0.0,0.0,0.0,0.0
2022-08-01,0.0,0.0,0.0,0.0,0.0
2022-08-02,0.0,0.0,0.0,0.0,0.0
2022-08-03,0.0,0.0,0.0,0.0,0.0
2022-08-04,0.0,0.0,0.0,0.0,0.0
2022-08-05,0.0,0.0,0.0,0.0,0.0
2022-08-06,0.0,0.0,0.0,0.0,0.0
2022-08-07,0.0,0.0,0.0,0.0,0.0
2022-08-08,0.0,0.0,0.0,0.0,0.0
2022-08-09,0.0,0.0,0.0,0.0,0.0
2022-08-10,0.0,0.0,0.0,0.0,0.0
2022-08-11,0.0,0.0,0.0,0.0,0.0
2022-08-12,0.0,0.0,0.0,0.0,0.0
2022-08-13,0.0,0.0,0.0,0.0,0.0
2022-08-14,0.0,0.0,0.0,0.0,0.0
2022-08-15,0.0,0.0,0.0,0.0,0.0
2022-08-16,0.0,0.0,0.0,0.0,0.0
2022-08-17,0.0,0.0,0.0,0.0,0.0
2022-08-18,0.0,0.0,0.0,0.0,0.0
2022-08-19,0.0,0.0,0.0,0.0,0.0
2022-08-20,0.0,0.0,0.0,0.0,0.0
2022-08-21,0.0,0.0,0.0,0.0,0.0
2022-08-22,0.0,0.0,0.0,0.0,0.0
2022-08-23,0.0,0.0,0.0,0.0,0.0
2022-08-24,0.0,0.0,0.0,0.0,0.0
2022-08-25,0.0,0.0,0.0,0.0,0.0
2022-08-26,0.0,0.0,0.0,0.0,0.0
2022-08-27,0.0,0.0,0.0,0.0,0.0
2022-08-28,0.0,0.0,0.0,0.0,0.0
2022-08-29,0.0,0.0,0.0,0.0,0.0
2022-08-30,0.0,0.0,0.0,0.0,0.0
2022-08-31,0.0,0.0,0.0,0.0,0.0
2022-09-01,0.0,0.0,0.0,0.0,0.0
2022-09-02,0.0,0.0,0.0,0.0,0.0
2022-09-03,0.0,0.0,0.0,0.0,0.0
2022-09-04,0.0,0.0,0.0,0.0,0.0
2022-09-05,0.0,0.0,0.0,0.0,0.0
2022-09-06,0.0,0.0,0.0,0.0,0.0
2022-09-07,0.0,0.0,0.0,0.0,0.0
2022-09-08,0.0,0.0,0.0,0.0,0.0
2022-09-09,0.0,0.0,0.0,0.0,0.0
2022-09-10,0.0,0.0,0.0,0.0,0.0
2022-09-11,0.0,0.0,0.0,0.0,0.0
2022-09-12,0.0,0.0,0.0,0.0,0.0
2022-09-13,0.0,0.0,0.0,0.0,0.0
2022-09-14,0.0,0.0,0.0,0.0,0.0
2022-09-15,0.0,0.0,0.0,0.0,0.0
2022-09-16,0.0,0.0,0.0,0.0,0.0
2022-09-17,0.0,0.0,0.0,0.0,0.0
2022-09-18,0.0,0.0,0.0,0.0,0.0
2022-09-19,0.0,0.0,0.0,0.0,0.0
2022-09-20,0.0,0.0,0.0,0.0,0.0
2022-09-21,0.0,0.0,0.0,0.0,0.0
2022-09-22,0.0,0.0,0.0,0.0,0.0
2022-09-23,0.0,0.0,0.0,0.0,0.0
2022-09-24,0.0,0.0,0.0,0.0,0.0
2022-09-25,0.0,0.0,0.0,0.0,0.0
2022-09-26,0.0,0.0,0.0,0.0,0.0
2022-09-27,0.0,0.0,0.0,0.0,0.0
2022-09-28,0.0,0.0,0.0,0.0,0.0
2022-09-29,0.0,0.0,0.0,0.0,0.0
2022-09-30,0.0,0.0,0.0,0.0,0.0
2022-10-01,0.0,0.0,0.0,0.0,0.0
2022-10-02,0.0,0.0,0.0,0.0,0.0
2022-10-03,0.0,0.0,0.0,0.0,0.0
2022-10-04,0.0,0.0,0.0,0.0,0.0
2022-10-05,0.0,0.0,0.0,0.0,0.0
2022-10-06,0.0,0.0,0.0,0.0,0.0
2022-10-07,0.0,0.0,0.0,0.0,0.0
2022-10-08,0.0,0.0,0.0,0.0,0.0
2022-10-09,0.0,0.0,0.0,0.0,0.0
2022-10-10,0.0,0.0,0.0,0.0,0.0
2022-10-11,0.0,0.0,0.0,0.0,0.0
2022-10-12,0.0,0.0,0.0,0.0,0.0
2022-10-13,0.0,0.0,0.0,0.0,0.0
2022-10-14,0.0,0.0,0.0,0.0,0.0
2022-10-15,0.0,0.0,0.0,0.0,0.0
2022-10-16,0.0,0.0,0.0,0.0,0.0
2022-10-17,0.0,0.0,0.0,0.0,0.0
2022-10-18,0.0,0.0,0.0,0.0,0.0
2022-10-19,0.0,0.0,0.0,0.0,0.0
2022-10-20,0.0,0.0,0.0,0.0,0.0
2022-10-21,0.0,0.0,0.0,0.0,0.0
2022-10-22,0.0,0.0,0.0,0.0,0.0
2022-10-23,0.0,0.0,0.0,0.0,0.0
2022-10-24,0.0,0.0,0.0,0.0,0.0
2022-10-25,0.0,0.0,0.0,0.0,0.0
2022-10-26,0.0,0.0,0.0,0.0,0.0
2022-10-27,0.0,0.0,0.0,0.0,0.0
2022-10-28,0.0,0.0,0.0,0.0,0.0
2022-10-29,0.0,0.0,0.0,0.0,0.0
2022-10-30,0.0,0.0,0.0,0.0,0.0
2022-10-31,0.0,0.0,0.0,0.0,0.0
2022-11-01,0.106,76.05,11.01,23.36,41.68
2022-11-02,0.089,64.9,12.56,7.73,44.61
2022-11-03,0.018,40.16,12.56,0.0,27.6
2022-11-04,0.004,21.1,12.56,0.0,8.54
2022-11-05,0.001,14.71,12.55,0.0,2.16
2022-11-06,0.0,13.07,12.54,0.0,0.53
2022-11-07,0.0,12.66,12.49,0.0,0.17
2022-11-08,0.95,262.02,11.29,107.95,142.78
2022-11-09,0.434,261.02,12.56,107.15,141.32
2022-11-10,0.089,165.17,12.55,27.73,124.88
2022-11-11,0.019,87.14,12.53,0.0,74.61
2022-11-12,0.004,35.29,12.54,0.0,22.75
2022-11-13,0.001,17.93,12.49,0.0,5.43
2022-11-14,0.0,13.53,12.34,0.0,1.19
2022-11-15,0.0,12.61,12.1,0.0,0.51
2022-11-16,0.0,12.46,11.92,0.0,0.53
2022-11-17,0.0,12.43,11.85,0.0,0.58
2022-11-18,0.0,12.43,11.84,0.0,0.59
2022-11-19,0.0,12.46,11.88,0.0,0.58
2022-11-20,0.0,12.42,11.83,0.0,0.59
2022-11-21,0.0,12.43,11.83,0.0,0.6
2022-11-22,0.0,12.42,11.82,0.0,0.6
2022-11-23,0.0,12.43,11.83,0.0,0.6
2022-11-24,0.0,12.47,11.88,0.0,0.59
2022-11-25,0.0,12.43,11.84,0.0,0.59
2022-11-26,0.0,12.42,11.82,0.0,0.6
2022-11-27,0.0,12.42,11.82,0.0,0.6
2022-11-28,0.0,12.47,11.87,0.0,0.59
2022-11-29,0.0,12.41,11.81,0.0,0.6
2022-11-30,0.0,12.43,11.82,0.0,0.61
2022-12-01,0.614,220.75,11.27,89.26,120.23
2022-12-02,0.298,207.67,12.56,81.93,113.18
2022-12-03,0.547,115.78,10.69,40.25,64.85
2022-12-04,0.641,157.7,12.54,61.82,83.35
2022-12-05,0.283,97.19,11.97,36.45,48.78
2022-12-06,0.086,57.3,12.49,6.25,38.55
2022-12-07,0.023,31.15,12.32,0.0,18.84
2022-12-08,0.009,15.84,12.21,0.0,3.62
2022-12-09,0.005,12.88,12.01,0.0,0.88
2022-12-10,0.886,186.44,10.87,75.75,99.82
2022-12-11,1.347,141.18,11.92,55.8,73.45
2022-12-12,0.819,96.75,12.2,36.51,48.04
2022-12-13,0.225,70.91,12.38,23.71,34.82
2022-12-14,0.084,29.56,12.11,0.01,17.44
2022-12-15,0.052,17.43,11.9,0.0,5.53
2022-12-16,0.043,13.46,11.83,0.0,1.63
2022-12-17,0.038,12.76,11.8,0.0,0.95
2022-12-18,0.035,12.64,11.8,0.0,0.84
2022-12-19,0.031,12.64,11.84,0.0,0.8
2022-12-20,0.027,12.59,11.82,0.0,0.77
2022-12-21,0.023,12.56,11.82,0.0,0.74
2022-12-22,0.02,12.59,11.88,0.0,0.72
2022-12-23,0.016,12.46,11.79,0.0,0.68
2022-12-24,0.016,12.48,11.77,0.0,0.71
2022-12-25,0.014,12.51,11.83,0.0,0.68
2022-12-26,0.037,40.84,6.4,14.79,19.66
2022-12-27,2.188,281.81,11.51,116.72,153.58
2022-12-28,0.784,246.37,12.44,101.01,132.91
2022-12-29,0.458,101.88,11.32,39.11,51.45
2022-12-30,1.439,93.24,11.27,35.4,46.57
2022-12-31,6.158,389.51,16.73,160.97,211.81
2023-01-01,8.1,3701.17,20.5,1567.44,2113.23
2023-01-02,2.821,1409.33,11.83,592.79,804.71
2023-01-03,2.551,311.97,11.89,127.43,172.65
2023-01-04,2.952,95.36,11.73,35.77,47.85
2023-01-05,5.354,82.73,15.16,29.14,38.43
2023-01-06,4.313,33.81,13.97,8.56,11.28
2023-01-07,3.41,17.36,12.02,2.31,3.04
2023-01-08,3.699,34.67,12.51,9.57,12.59
2023-01-09,6.166,264.19,16.12,107.12,140.95
2023-01-10,6.306,113.4,16.37,41.9,55.13
2023-01-11,6.608,46.9,16.84,12.98,17.08
2023-01-12,5.379,24.6,15.64,3.87,5.09
2023-01-13,5.208,37.21,14.97,9.61,12.64
2023-01-14,8.078,214.89,17.87,85.08,111.94
2023-01-15,8.461,74.1,18.44,24.03,31.62
2023-01-16,11.458,195.01,20.84,66.2,107.97
2023-01-17,7.931,45.44,18.56,8.82,18.07
2023-01-18,5.332,20.6,15.64,1.81,3.16
2023-01-19,3.723,15.34,12.87,1.01,1.46
2023-01-20,2.85,13.98,11.88,0.89,1.2
2023-01-21,2.16,13.92,11.9,0.87,1.15
2023-01-22,1.618,13.9,11.9,0.86,1.14
2023-01-23,1.205,13.89,11.9,0.86,1.13
2023-01-24,0.916,13.88,11.89,0.86,1.13
2023-01-25,0.7,13.88,11.89,0.86,1.13
2023-01-26,0.526,13.9,11.9,0.86,1.13
2023-01-27,0.407,13.87,11.87,0.86,1.13
2023-01-28,0.319,13.87,11.88,0.86,1.13
2023-01-29,0.248,13.88,11.89,0.86,1.13
2023-01-30,0.178,13.73,11.94,0.66,1.13
2023-01-31,0.133,13.09,11.87,0.09,1.13
2023-02-01,0.106,13.01,11.87,0.01,1.13
2023-02-02,0.084,13.02,11.88,0.01,1.14
2023-02-03,0.367,71.2,11.18,23.35,36.67
2023-02-04,0.66,51.94,11.24,17.08,23.62
2023-02-05,1.392,51.46,11.69,17.13,22.64
2023-02-06,1.223,25.03,11.89,5.67,7.48
2023-02-07,0.919,16.6,11.9,2.03,2.67
2023-02-08,0.676,14.58,11.91,1.15,1.51
2023-02-09,0.49,14.08,11.92,0.93,1.23
2023-02-10,0.357,13.96,11.92,0.88,1.16
2023-02-11,0.321,24.19,11.72,5.39,7.09
2023-02-12,0.272,19.75,11.93,3.38,4.44
2023-02-13,0.191,15.2,11.94,1.28,1.99
2023-02-14,0.129,13.49,11.96,0.16,1.36
2023-02-15,0.093,13.06,11.87,0.01,1.19
2023-02-16,0.072,13.02,11.88,0.0,1.14
2023-02-17,0.052,13.02,11.95,0.0,1.07
2023-02-18,0.037,12.8,11.91,0.0,0.88
2023-02-19,0.026,12.71,11.95,0.0,0.76
2023-02-20,0.017,12.63,11.96,0.0,0.68
2023-02-21,0.011,12.72,12.11,0.0,0.61
2023-02-22,0.002,12.78,12.56,0.0,0.22
2023-02-23,0.001,12.57,12.44,0.0,0.13
2023-02-24,1.569,150.07,11.23,59.96,78.89
2023-02-25,1.495,56.45,11.88,19.25,25.32
2023-02-26,1.404,43.07,11.62,13.58,17.87
2023-02-27,2.396,55.94,11.51,19.19,25.25
2023-02-28,3.54,46.07,12.27,14.59,19.2
2023-03-01,3.227,25.58,12.1,5.82,7.66
2023-03-02,2.488,16.52,11.89,2.0,2.63
2023-03-03,1.881,14.53,11.9,1.14,1.5
2023-03-04,1.418,14.04,11.89,0.93,1.22
2023-03-05,1.486,27.49,11.69,6.82,8.98
2023-03-06,1.25,18.42,11.88,2.82,3.71
2023-03-07,0.984,16.25,11.87,1.89,2.49
2023-03-08,1.356,40.4,11.54,12.46,16.4
2023-03-09,2.785,487.85,12.75,205.16,269.95
2023-03-10,7.5,490.52,17.85,204.11,268.56
2023-03-11,4.926,94.3,14.99,34.25,45.06
2023-03-12,3.75,30.45,12.83,7.61,10.01
2023-03-13,3.054,18.52,11.85,2.88,3.79
2023-03-14,4.255,156.24,13.63,61.58,81.03
2023-03-15,3.458,57.84,12.5,19.58,25.76
2023-03-16,2.579,23.71,11.9,5.1,6.71
2023-03-17,1.902,16.33,11.91,1.91,2.51
2023-03-18,1.396,14.5,11.91,1.12,1.48
2023-03-19,1.837,45.45,11.52,14.65,19.28
2023-03-20,1.953,26.7,11.84,6.42,8.44
2023-03-21,3.983,182.69,13.53,73.05,96.12
2023-03-22,6.693,115.35,17.23,42.37,55.75
2023-03-23,4.365,30.01,14.19,6.83,8.99
2023-03-24,3.066,16.61,11.96,2.01,2.64
2023-03-25,2.262,14.56,11.92,1.14,1.5
2023-03-26,1.614,14.08,11.92,0.93,1.23
2023-03-27,1.149,13.96,11.92,0.88,1.16
2023-03-28,1.718,102.15,11.24,39.26,51.65
2023-03-29,4.843,110.32,14.42,41.41,54.49
2023-03-30,4.761,48.29,14.87,14.43,18.99
2023-03-31,3.19,19.92,12.14,3.36,4.42
2023-04-01,2.306,15.34,11.93,1.47,1.94
2023-04-02,1.598,14.31,11.94,1.02,1.34
2023-04-03,1.074,14.05,11.96,0.9,1.19
2023-04-04,0.718,13.97,11.95,0.87,1.15
2023-04-05,0.48,13.95,11.96,0.86,1.13
2023-04-06,0.318,13.95,11.96,0.86,1.13
2023-04-07,0.214,13.92,11.94,0.86,1.13
2023-04-08,0.142,13.66,11.98,0.55,1.13
2023-04-09,0.092,13.12,11.98,0.01,1.13
2023-04-10,0.06,13.05,11.95,0.0,1.1
2023-04-11,0.037,12.93,12.02,0.0,0.91
2023-04-12,0.02,12.73,12.04,0.0,0.69
2023-04-13,0.011,12.67,12.07,0.0,0.6
2023-04-14,0.005,12.64,12.15,0.0,0.49
2023-04-15,0.002,12.64,12.24,0.0,0.4
2023-04-16,0.001,12.67,12.35,0.0,0.32
2023-04-17,0.0,12.66,12.56,0.0,0.1
2023-04-18,0.0,12.58,12.56,0.0,0.02
2023-04-19,0.0,12.57,12.56,0.0,0.01
2023-04-20,0.0,12.56,12.56,0.0,0.0
2023-04-21,0.0,12.56,12.56,0.0,0.0
2023-04-22,0.0,12.56,12.56,0.0,0.0
2023-04-23,0.0,0.0,0.0,0.0,0.0
2023-04-24,0.0,0.0,0.0,0.0,0.0
2023-04-25,0.0,0.0,0.0,0.0,0.0
2023-04-26,0.0,0.0,0.0,0.0,0.0
2023-04-27,0.0,0.0,0.0,0.0,0.0
2023-04-28,0.0,0.0,0.0,0.0,0.0
2023-04-29,0.0,0.0,0.0,0.0,0.0
2023-04-30,0.0,0.0,0.0,0.0,0.0
2023-05-01,0.0,0.0,0.0,0.0,0.0
2023-05-02,0.179,65.64,10.89,15.39,39.36
2023-05-03,0.602,55.02,11.55,17.98,25.49
2023-05-04,0.506,26.03,11.89,5.93,8.2
2023-05-05,0.394,16.7,11.87,2.05,2.79
2023-05-06,0.367,25.09,11.75,5.75,7.58
2023-05-07,0.305,20.12,11.9,3.55,4.67
2023-05-08,0.228,15.43,11.91,1.52,2.0
2023-05-09,0.163,14.03,11.92,0.75,1.35
2023-05-10,0.117,13.16,11.92,0.06,1.19
2023-05-11,0.086,13.05,11.9,0.01,1.14
2023-05-12,0.064,13.0,11.89,0.0,1.1
2023-05-13,0.047,12.91,11.91,0.0,1.0
2023-05-14,0.031,12.79,11.96,0.0,0.83
2023-05-15,0.02,12.7,12.01,0.0,0.7
2023-05-16,0.01,12.76,12.19,0.0,0.58
2023-05-17,0.003,12.68,12.33,0.0,0.35
2023-05-18,0.001,12.67,12.56,0.0,0.11
2023-05-19,0.0,12.59,12.56,0.0,0.03
2023-05-20,0.0,12.57,12.56,0.0,0.01
2023-05-21,0.0,12.56,12.56,0.0,0.0
2023-05-22,0.0,12.56,12.56,0.0,0.0
2023-05-23,0.0,12.56,12.56,0.0,0.0
2023-05-24,0.0,12.56,12.56,0.0,0.0
2023-05-25,0.0,0.0,0.0,0.0,0.0
2023-05-26,0.0,0.0,0.0,0.0,0.0
2023-05-27,0.0,0.0,0.0,0.0,0.0
2023-05-28,0.0,0.0,0.0,0.0,0.0
2023-05-29,0.0,0.0,0.0,0.0,0.0
2023-05-30,0.0,0.0,0.0,0.0,0.0
2023-05-31,0.0,0.0,0.0,0.0,0.0
2023-06-01,0.0,0.0,0.0,0.0,0.0
2023-06-02,0.0,0.0,0.0,0.0,0.0
2023-06-03,0.0,0.0,0.0,0.0,0.0
2023-06-04,0.0,0.0,0.0,0.0,0.0
2023-06-05,0.0,0.0,0.0,0.0,0.0
2023-06-06,0.0,0.0,0.0,0.0,0.0
2023-06-07,0.0,0.0,0.0,0.0,0.0
2023-06-08,0.0,0.0,0.0,0.0,0.0
2023-06-09,0.0,0.0,0.0,0.0,0.0
2023-06-10,0.0,0.0,0.0,0.0,0.0
2023-06-11,0.0,0.0,0.0,0.0,0.0
2023-06-12,0.0,0.0,0.0,0.0,0.0
2023-06-13,0.0,0.0,0.0,0.0,0.0
2023-06-14,0.0,0.0,0.0,0.0,0.0
2023-06-15,0.0,0.0,0.0,0.0,0.0
2023-06-16,0.0,0.0,0.0,0.0,0.0
2023-06-17,0.0,0.0,0.0,0.0,0.0
2023-06-18,0.0,0.0,0.0,0.0,0.0
2023-06-19,0.0,0.0,0.0,0.0,0.0
2023-06-20,0.0,0.0,0.0,0.0,0.0
2023-06-21,0.0,0.0,0.0,0.0,0.0
2023-06-22,0.0,0.0,0.0,0.0,0.0
2023-06-23,0.0,0.0,0.0,0.0,0.0
2023-06-24,0.0,0.0,0.0,0.0,0.0
2023-06-25,0.0,0.0,0.0,0.0,0.0
2023-06-26,0.0,0.0,0.0,0.0,0.0
2023-06-27,0.0,0.0,0.0,0.0,0.0
2023-06-28,0.0,0.0,0.0,0.0,0.0
2023-06-29,0.0,0.0,0.0,0.0,0.0
2023-06-30,0.0,0.0,0.0,0.0,0.0
2023-07-01,0.0,0.0,0.0,0.0,0.0
2023-07-02,0.0,0.0,0.0,0.0,0.0
2023-07-03,0.0,0.0,0.0,0.0,0.0
2023-07-04,0.0,0.0,0.0,0.0,0.0
2023-07-05,0.0,0.0,0.0,0.0,0.0
2023-07-06,0.0,0.0,0.0,0.0,0.0
2023-07-07,0.0,0.0,0.0,0.0,0.0
2023-07-08,0.0,0.0,0.0,0.0,0.0
2023-07-09,0.0,0.0,0.0,0.0,0.0
2023-07-10,0.0,0.0,0.0,0.0,0.0
2023-07-11,0.0,0.0,0.0,0.0,0.0
2023-07-12,0.0,0.0,0.0,0.0,0.0
2023-07-13,0.0,0.0,0.0,0.0,0.0
2023-07-14,0.0,0.0,0.0,0.0,0.0
2023-07-15,0.0,0.0,0.0,0.0,0.0
2023-07-16,0.0,0.0,0.0,0.0,0.0
2023-07-17,0.0,0.0,0.0,0.0,0.0
2023-07-18,0.0,0.0,0.0,0.0,0.0
2023-07-19,0.0,0.0,0.0,0.0,0.0
2023-07-20,0.0,0.0,0.0,0.0,0.0
2023-07-21,0.0,0.0,0.0,0.0,0.0
2023-07-22,0.0,0.0,0.0,0.0,0.0
2023-07-23,0.0,0.0,0.0,0.0,0.0
2023-07-24,0.0,0.0,0.0,0.0,0.0
2023-07-25,0.0,0.0,0.0,0.0,0.0
2023-07-26,0.0,0.0,0.0,0.0,0.0
2023-07-27,0.0,0.0,0.0,0.0,0.0
2023-07-28,0.0,0.0,0.0,0.0,0.0
2023-07-29,0.0,0.0,0.0,0.0,0.0
2023-07-30,0.0,0.0,0.0,0.0,0.0
2023-07-31,0.0,0.0,0.0,0.0,0.0
2023-08-01,0.0,0.0,0.0,0.0,0.0
2023-08-02,0.0,0.0,0.0,0.0,0.0
2023-08-03,0.0,0.0,0.0,0.0,0.0
2023-08-04,0.0,0.0,0.0,0.0,0.0
2023-08-05,0.0,0.0,0.0,0.0,0.0
2023-08-06,0.0,0.0,0.0,0.0,0.0
2023-08-07,0.0,0.0,0.0,0.0,0.0
2023-08-08,0.0,0.0,0.0,0.0,0.0
2023-08-09,0.0,0.0,0.0,0.0,0.0
2023-08-10,0.0,0.0,0.0,0.0,0.0
2023-08-11,0.0,0.0,0.0,0.0,0.0
2023-08-12,0.0,0.0,0.0,0.0,0.0
2023-08-13,0.0,0.0,0.0,0.0,0.0
2023-08-14,0.0,0.0,0.0,0.0,0.0
2023-08-15,0.0,0.0,0.0,0.0,0.0
2023-08-16,0.0,0.0,0.0,0.0,0.0
2023-08-17,0.0,0.0,0.0,0.0,0.0
2023-08-18,0.0,0.0,0.0,0.0,0.0
2023-08-19,0.0,0.0,0.0,0.0,0.0
2023-08-20,0.0,0.0,0.0,0.0,0.0
2023-08-21,0.0,0.0,0.0,0.0,0.0
2023-08-22,0.0,0.0,0.0,0.0,0.0
2023-08-23,0.0,0.0,0.0,0.0,0.0
2023-08-24,0.0,0.0,0.0,0.0,0.0
2023-08-25,0.0,0.0,0.0,0.0,0.0
2023-08-26,0.0,0.0,0.0,0.0,0.0
2023-08-27,0.0,0.0,0.0,0.0,0.0
2023-08-28,0.0,0.0,0.0,0.0,0.0
2023-08-29,0.0,0.0,0.0,0.0,0.0
2023-08-30,0.0,0.0,0.0,0.0,0.0
2023-08-31,0.0,0.0,0.0,0.0,0.0
2023-09-01,0.0,0.0,0.0,0.0,0.0
2023-09-02,0.0,0.0,0.0,0.0,0.0
2023-09-03,0.0,0.0,0.0,0.0,0.0
2023-09-04,0.0,0.0,0.0,0.0,0.0
2023-09-05,0.0,0.0,0.0,0.0,0.0
2023-09-06,0.0,0.0,0.0,0.0,0.0
2023-09-07,0.0,0.0,0.0,0.0,0.0
2023-09-08,0.0,0.0,0.0,0.0,0.0
2023-09-09,0.0,0.0,0.0,0.0,0.0
2023-09-10,0.0,0.0,0.0,0.0,0.0
2023-09-11,0.0,0.0,0.0,0.0,0.0
2023-09-12,0.0,0.0,0.0,0.0,0.0
2023-09-13,0.0,0.0,0.0,0.0,0.0
2023-09-14,0.0,0.0,0.0,0.0,0.0
2023-09-15,0.0,0.0,0.0,0.0,0.0
2023-09-16,0.0,0.0,0.0,0.0,0.0
2023-09-17,0.0,0.0,0.0,0.0,0.0
2023-09-18,0.0,0.0,0.0,0.0,0.0
2023-09-19,0.0,0.0,0.0,0.0,0.0
2023-09-20,0.0,0.0,0.0,0.0,0.0
2023-09-21,0.0,0.0,0.0,0.0,0.0
2023-09-22,0.0,0.0,0.0,0.0,0.0
2023-09-23,0.0,0.0,0.0,0.0,0.0
2023-09-24,0.0,0.0,0.0,0.0,0.0
2023-09-25,0.0,0.0,0.0,0.0,0.0
2023-09-26,0.0,0.0,0.0,0.0,0.0
2023-09-27,0.0,0.0,0.0,0.0,0.0
2023-09-28,0.0,0.0,0.0,0.0,0.0
2023-09-29,0.0,0.0,0.0,0.0,0.0
2023-09-30,0.0,0.0,0.0,0.0,0.0
2023-10-01,0.0,0.0,0.0,0.0,0.0
2023-10-02,0.0,0.0,0.0,0.0,0.0
2023-10-03,0.0,0.0,0.0,0.0,0.0
2023-10-04,0.0,0.0,0.0,0.0,0.0
2023-10-05,0.0,0.0,0.0,0.0,0.0
2023-10-06,0.0,0.0,0.0,0.0,0.0
2023-10-07,0.0,0.0,0.0,0.0,0.0
2023-10-08,0.0,0.0,0.0,0.0,0.0
2023-10-09,0.0,0.0,0.0,0.0,0.0
2023-10-10,0.0,0.0,0.0,0.0,0.0
2023-10-11,0.0,0.0,0.0,0.0,0.0
2023-10-12,0.0,0.0,0.0,0.0,0.0
2023-10-13,0.0,0.0,0.0,0.0,0.0
2023-10-14,0.0,0.0,0.0,0.0,0.0
2023-10-15,0.0,0.0,0.0,0.0,0.0
2023-10-16,0.0,0.0,0.0,0.0,0.0
2023-10-17,0.0,0.0,0.0,0.0,0.0
2023-10-18,0.0,0.0,0.0,0.0,0.0
2023-10-19,0.0,0.0,0.0,0.0,0.0
2023-10-20,0.0,0.0,0.0,0.0,0.0
2023-10-21,0.0,0.0,0.0,0.0,0.0
2023-10-22,0.083,54.42,10.56,13.3,30.56
2023-10-23,0.163,45.96,12.24,10.08,23.64
2023-10-24,0.036,31.27,12.56,0.0,18.72
2023-10-25,0.007,19.85,12.56,0.0,7.29
2023-10-26,0.001,14.5,12.56,0.0,1.94
2023-10-27,0.0,13.03,12.55,0.0,0.48
2023-10-28,0.0,12.66,12.51,0.0,0.15
2023-10-29,0.0,12.56,12.4,0.0,0.16
2023-10-30,0.0,12.49,12.16,0.0,0.33
2023-10-31,0.0,12.44,11.93,0.0,0.51
2023-11-01,0.0,12.48,11.9,0.0,0.58
2023-11-02,0.0,12.49,11.92,0.0,0.58
2023-11-03,0.0,12.42,11.84,0.0,0.57
2023-11-04,0.0,12.4,11.8,0.0,0.6
2023-11-05,0.0,12.57,11.99,0.0,0.59
2023-11-06,0.022,21.42,11.28,0.01,10.12
2023-11-07,0.01,17.9,12.54,0.0,5.36
2023-11-08,0.002,14.04,12.56,0.0,1.48
2023-11-09,0.0,12.93,12.56,0.0,0.37
2023-11-10,0.0,12.65,12.55,0.0,0.09
2023-11-11,0.0,12.58,12.53,0.0,0.04
2023-11-12,0.0,12.56,12.48,0.0,0.08
2023-11-13,0.0,12.57,12.39,0.0,0.17
2023-11-14,0.0,12.62,12.56,0.0,0.06
2023-11-15,0.0,12.58,12.56,0.0,0.02
2023-11-16,0.0,0.0,0.0,0.0,0.0
2023-11-17,0.006,11.55,3.81,2.17,5.57
2023-11-18,0.555,89.91,11.47,32.11,46.33
2023-11-19,0.218,86.88,12.56,28.78,45.55
2023-11-20,0.045,50.57,12.56,0.0,38.01
2023-11-21,0.009,29.03,12.56,0.0,16.48
2023-11-22,0.002,17.0,12.55,0.0,4.45
2023-11-23,0.0,13.58,12.5,0.0,1.08
2023-11-24,0.0,12.73,12.37,0.0,0.36
2023-11-25,0.0,12.52,12.14,0.0,0.38
2023-11-26,0.0,12.45,11.94,0.0,0.51
2023-11-27,0.0,12.43,11.85,0.0,0.58
2023-11-28,0.0,12.42,11.82,0.0,0.6
2023-11-29,0.142,58.77,11.35,15.27,32.15
2023-11-30,0.057,44.22,12.55,0.01,31.65
2023-12-01,0.012,27.96,12.55,0.0,15.41
2023-12-02,0.002,16.77,12.53,0.0,4.25
2023-12-03,0.001,13.23,12.24,0.0,0.99
2023-12-04,0.0,12.49,11.92,0.0,0.56
2023-12-05,0.0,12.61,12.02,0.0,0.59
2023-12-06,0.062,58.79,9.51,16.53,32.75
2023-12-07,0.162,61.04,12.34,13.44,35.27
2023-12-08,0.046,36.32,12.54,0.0,23.77
2023-12-09,0.01,22.7,12.54,0.0,10.17
2023-12-10,0.002,15.22,12.51,0.0,2.71
2023-12-11,0.0,13.19,12.52,0.0,0.67
2023-12-12,0.0,12.66,12.41,0.0,0.25
2023-12-13,0.0,12.52,12.2,0.0,0.32
2023-12-14,0.0,12.47,11.99,0.0,0.48
2023-12-15,0.0,12.46,11.91,0.0,0.55
2023-12-16,0.0,12.44,11.86,0.0,0.58
2023-12-17,0.002,0.07,0.06,0.0,0.0
2023-12-18,1.199,144.37,11.21,56.85,76.31
2023-12-19,1.221,132.72,12.07,51.98,68.68
2023-12-20,0.922,130.34,11.69,51.2,67.44
2023-12-21,0.354,120.63,12.51,46.67,61.45
2023-12-22,0.09,62.88,12.37,6.27,44.25
2023-12-23,0.035,29.15,12.08,0.0,17.06
2023-12-24,0.023,14.82,11.88,0.0,2.94
2023-12-25,0.019,12.76,11.85,0.0,0.91
2023-12-26,0.015,12.64,11.95,0.0,0.69
2023-12-27,0.07,52.8,9.81,14.71,28.29
2023-12-28,0.149,63.5,12.47,14.97,36.06
2023-12-29,0.6,155.7,10.22,61.69,83.79
2023-12-30,1.221,219.87,12.31,89.5,118.07
2023-12-31,0.314,163.16,12.41,65.0,85.75
2024-01-01,0.109,65.86,12.14,8.18,45.54
2024-01-02,0.347,160.44,10.58,63.16,86.71
2024-01-03,0.767,192.29,12.06,77.57,102.66
2024-01-04,0.259,139.08,12.28,54.61,72.19
2024-01-05,0.13,43.52,11.94,4.76,26.81
2024-01-06,0.178,93.58,11.44,33.74,48.4
2024-01-07,0.151,88.19,12.13,27.0,49.07
2024-01-08,0.1,26.25,11.86,0.01,14.39
2024-01-09,0.083,15.86,11.82,0.0,4.03
2024-01-10,0.27,131.87,11.34,51.86,68.67
2024-01-11,0.187,109.79,12.24,37.62,59.92
2024-01-12,0.103,32.45,11.89,0.01,20.55
2024-01-13,0.891,326.17,10.89,135.93,179.35
2024-01-14,0.922,300.3,12.37,124.3,163.64
2024-01-15,0.341,154.9,12.14,61.63,81.14
2024-01-16,0.451,151.44,11.05,60.62,79.77
2024-01-17,0.55,170.7,12.23,68.43,90.04
2024-01-18,0.275,70.94,12.0,25.45,33.49
2024-01-19,0.21,27.64,11.77,6.85,9.02
2024-01-20,0.349,47.67,11.23,15.73,20.7
2024-01-21,0.682,148.7,10.76,59.57,78.38
2024-01-22,1.909,207.05,11.9,84.27,110.88
2024-01-23,0.985,95.76,12.09,36.13,47.54
2024-01-24,1.208,102.75,11.62,39.35,51.78
2024-01-25,0.864,56.1,11.96,19.06,25.08
2024-01-26,0.663,23.84,11.84,5.18,6.82
2024-01-27,0.556,16.01,11.84,1.8,2.37
2024-01-28,0.485,14.26,11.81,1.06,1.39
2024-01-29,0.425,13.93,11.83,0.9,1.19
2024-01-30,0.365,13.86,11.84,0.87,1.15
2024-01-31,1.021,106.77,10.88,41.41,54.48
2024-02-01,2.259,116.16,11.83,45.05,59.28
2024-02-02,1.615,74.12,11.86,26.89,35.38
2024-02-03,1.322,45.31,11.53,14.59,19.19
2024-02-04,3.12,103.11,11.62,39.51,51.98
2024-02-05,2.886,45.27,11.88,14.42,18.97
2024-02-06,2.334,22.46,11.86,4.57,6.02
2024-02-07,2.333,38.26,11.66,11.49,15.11
2024-02-08,2.226,32.87,11.88,9.06,11.92
2024-02-09,1.772,18.2,11.86,2.74,3.6
2024-02-10,1.438,14.83,11.86,1.28,1.69
2024-02-11,1.176,14.07,11.85,0.96,1.26
2024-02-12,0.967,13.9,11.85,0.88,1.16
2024-02-13,0.797,13.86,11.85,0.87,1.14
2024-02-14,0.7,16.33,11.69,2.0,2.63
2024-02-15,0.701,24.36,11.89,5.39,7.09
2024-02-16,0.551,16.29,11.86,1.91,2.51
2024-02-17,0.647,41.26,11.25,12.96,17.05
2024-02-18,1.278,82.91,11.33,30.91,40.67
2024-02-19,2.179,84.6,11.8,31.44,41.37
2024-02-20,2.289,55.85,11.63,19.09,25.12
2024-02-21,2.352,42.07,11.88,13.04,17.15
2024-02-22,1.83,20.49,11.87,3.72,4.9
2024-02-23,1.446,15.4,11.87,1.52,2.0
2024-02-24,1.156,14.2,11.86,1.01,1.33
2024-02-25,0.923,13.95,11.87,0.9,1.18
2024-02-26,0.743,13.87,11.85,0.87,1.14
2024-02-27,0.583,13.89,11.89,0.87,1.14
2024-02-28,0.45,13.88,11.88,0.86,1.13
2024-02-29,0.387,14.44,11.56,1.25,1.64
2024-03-01,1.088,81.36,11.02,30.37,39.97
2024-03-02,2.476,82.89,11.68,30.75,40.46
2024-03-03,2.331,33.25,11.84,9.24,12.16
2024-03-04,1.933,18.56,11.86,2.89,3.81
2024-03-05,1.536,14.95,11.87,1.33,1.75
2024-03-06,1.21,14.12,11.88,0.97,1.28
2024-03-07,0.939,13.94,11.88,0.89,1.17
2024-03-08,0.731,13.89,11.88,0.87,1.14
2024-03-09,0.58,13.86,11.86,0.86,1.14
2024-03-10,0.465,13.86,11.86,0.86,1.14
2024-03-11,0.618,39.44,11.64,12.0,15.79
2024-03-12,0.58,23.2,11.76,4.94,6.5
2024-03-13,0.462,16.78,11.92,2.1,2.76
2024-03-14,0.315,14.75,11.98,1.19,1.57
2024-03-15,0.206,13.99,11.92,0.82,1.25
2024-03-16,0.166,13.48,11.86,0.46,1.16
2024-03-17,0.13,13.14,11.88,0.11,1.14
2024-03-18,0.097,13.06,11.91,0.01,1.14
2024-03-19,0.07,13.05,11.93,0.0,1.12
2024-03-20,0.05,12.96,11.93,0.0,1.03
2024-03-21,0.035,12.79,11.93,0.0,0.86
2024-03-22,0.144,90.36,9.33,32.54,48.49
2024-03-23,0.951,82.59,11.66,29.93,41.0
2024-03-24,0.818,35.02,11.89,9.84,13.29
2024-03-25,0.624,18.99,11.86,3.04,4.09
2024-03-26,0.484,15.1,11.9,1.38,1.83
2024-03-27,0.401,14.06,11.81,0.97,1.28
2024-03-28,0.307,14.04,11.97,0.89,1.18
2024-03-29,0.426,44.99,11.35,14.53,19.11
2024-03-30,0.542,36.06,11.89,10.44,13.74
2024-03-31,0.388,19.68,11.91,3.36,4.42
2024-04-01,0.285,15.35,11.91,1.48,1.95
2024-04-02,0.214,14.19,11.88,0.98,1.33
2024-04-03,0.169,13.64,11.87,0.59,1.18
2024-04-04,0.629,79.88,11.08,29.64,39.16
2024-04-05,0.794,51.82,11.96,17.2,22.66
2024-04-06,0.591,24.18,11.9,5.3,6.98
2024-04-07,0.451,16.34,11.89,1.92,2.53
2024-04-08,0.342,14.48,11.9,1.12,1.47
2024-04-09,0.26,14.02,11.88,0.92,1.21
2024-04-10,0.202,13.79,11.88,0.76,1.15
2024-04-11,0.155,13.44,11.9,0.4,1.14
2024-04-12,0.122,13.02,11.84,0.04,1.13
2024-04-13,0.561,70.0,11.34,25.28,33.39
2024-04-14,0.748,59.48,11.55,20.69,27.24
2024-04-15,1.176,61.88,11.66,21.68,28.53
2024-04-16,0.947,32.39,11.91,8.84,11.63
2024-04-17,0.721,18.29,11.87,2.77,3.65
2024-04-18,0.574,14.87,11.87,1.3,1.71
2024-04-19,0.451,14.11,11.88,0.96,1.27
2024-04-20,0.342,13.96,11.9,0.89,1.17
2024-04-21,0.258,13.89,11.88,0.87,1.14
2024-04-22,0.197,13.74,11.89,0.71,1.14
2024-04-23,0.148,13.36,11.9,0.32,1.13
2024-04-24,0.112,13.07,11.9,0.04,1.13
2024-04-25,0.086,13.02,11.88,0.01,1.13
2024-04-26,0.062,13.03,11.92,0.0,1.11
2024-04-27,0.048,12.89,11.88,0.0,1.0
2024-04-28,0.034,12.79,11.93,0.0,0.86
2024-04-29,0.021,12.75,12.03,0.0,0.72
2024-04-30,0.011,12.68,12.11,0.0,0.57
2024-05-01,0.004,12.68,12.27,0.0,0.41
2024-05-02,0.001,12.68,12.56,0.0,0.12
2024-05-03,0.0,12.59,12.56,0.0,0.03
2024-05-04,1.175,225.07,11.17,92.02,121.89
2024-05-05,0.898,143.38,12.2,56.5,74.68
2024-05-06,0.471,58.86,11.99,20.19,26.68
2024-05-07,0.319,25.98,11.93,6.06,8.0
2024-05-08,0.225,16.93,11.94,2.08,2.91
2024-05-09,0.16,14.08,11.9,0.59,1.59
2024-05-10,0.124,13.25,11.89,0.12,1.24
2024-05-11,0.096,13.04,11.87,0.01,1.16
2024-05-12,0.075,13.01,11.87,0.0,1.13
2024-05-13,0.058,12.96,11.88,0.0,1.08
2024-05-14,0.043,12.86,11.9,0.0,0.95
2024-05-15,0.03,12.75,11.94,0.0,0.81
2024-05-16,0.018,12.74,12.05,0.0,0.68
2024-05-17,0.009,12.66,12.11,0.0,0.55
2024-05-18,0.003,12.64,12.2,0.0,0.44
2024-05-19,0.001,12.7,12.56,0.0,0.14
2024-05-20,0.0,12.59,12.56,0.0,0.03
2024-05-21,0.0,12.57,12.56,0.0,0.01
2024-05-22,0.0,12.56,12.56,0.0,0.0
2024-05-23,0.0,12.56,12.56,0.0,0.0
2024-05-24,0.0,12.56,12.56,0.0,0.0
2024-05-25,0.0,12.56,12.56,0.0,0.0
2024-05-26,0.0,0.0,0.0,0.0,0.0
2024-05-27,0.0,0.0,0.0,0.0,0.0
2024-05-28,0.0,0.0,0.0,0.0,0.0
2024-05-29,0.0,0.0,0.0,0.0,0.0
2024-05-30,0.0,0.0,0.0,0.0,0.0
2024-05-31,0.0,0.0,0.0,0.0,0.0
2024-06-01,0.0,0.0,0.0,0.0,0.0
2024-06-02,0.0,0.0,0.0,0.0,0.0
2024-06-03,0.0,0.0,0.0,0.0,0.0
2024-06-04,0.0,0.0,0.0,0.0,0.0
2024-06-05,0.0,0.0,0.0,0.0,0.0
2024-06-06,0.0,0.0,0.0,0.0,0.0
2024-06-07,0.0,0.0,0.0,0.0,0.0
2024-06-08,0.0,0.0,0.0,0.0,0.0
2024-06-09,0.0,0.0,0.0,0.0,0.0
2024-06-10,0.0,0.0,0.0,0.0,0.0
2024-06-11,0.0,0.0,0.0,0.0,0.0
2024-06-12,0.0,0.0,0.0,0.0,0.0
2024-06-13,0.0,0.0,0.0,0.0,0.0
2024-06-14,0.0,0.0,0.0,0.0,0.0
2024-06-15,0.0,0.0,0.0,0.0,0.0
2024-06-16,0.0,0.0,0.0,0.0,0.0
2024-06-17,0.0,0.0,0.0,0.0,0.0
2024-06-18,0.0,0.0,0.0,0.0,0.0
2024-06-19,0.0,0.0,0.0,0.0,0.0
2024-06-20,0.0,0.0,0.0,0.0,0.0
2024-06-21,0.0,0.0,0.0,0.0,0.0
2024-06-22,0.0,0.0,0.0,0.0,0.0
2024-06-23,0.0,0.0,0.0,0.0,0.0
2024-06-24,0.0,0.0,0.0,0.0,0.0
2024-06-25,0.0,0.0,0.0,0.0,0.0
2024-06-26,0.0,0.0,0.0,0.0,0.0
2024-06-27,0.0,0.0,0.0,0.0,0.0
2024-06-28,0.0,0.0,0.0,0.0,0.0
2024-06-29,0.0,0.0,0.0,0.0,0.0
2024-06-30,0.0,0.0,0.0,0.0,0.0
2024-07-01,0.0,0.0,0.0,0.0,0.0
2024-07-02,0.0,0.0,0.0,0.0,0.0
2024-07-03,0.0,0.0,0.0,0.0,0.0
2024-07-04,0.0,0.0,0.0,0.0,0.0
2024-07-05,0.0,0.0,0.0,0.0,0.0
2024-07-06,0.0,0.0,0.0,0.0,0.0
2024-07-07,0.0,0.0,0.0,0.0,0.0
2024-07-08,0.0,0.0,0.0,0.0,0.0
2024-07-09,0.0,0.0,0.0,0.0,0.0
2024-07-10,0.0,0.0,0.0,0.0,0.0
2024-07-11,0.0,0.0,0.0,0.0,0.0
2024-07-12,0.0,0.0,0.0,0.0,0.0
2024-07-13,0.0,0.0,0.0,0.0,0.0
2024-07-14,0.0,0.0,0.0,0.0,0.0
2024-07-15,0.0,0.0,0.0,0.0,0.0
2024-07-16,0.0,0.0,0.0,0.0,0.0
2024-07-17,0.0,0.0,0.0,0.0,0.0
2024-07-18,0.0,0.0,0.0,0.0,0.0
2024-07-19,0.0,0.0,0.0,0.0,0.0
2024-07-20,0.0,0.0,0.0,0.0,0.0
2024-07-21,0.0,0.0,0.0,0.0,0.0
2024-07-22,0.0,0.0,0.0,0.0,0.0
2024-07-23,0.0,0.0,0.0,0.0,0.0
2024-07-24,0.0,0.0,0.0,0.0,0.0
2024-07-25,0.0,0.0,0.0,0.0,0.0
2024-07-26,0.0,0.0,0.0,0.0,0.0
2024-07-27,0.0,0.0,0.0,0.0,0.0
2024-07-28,0.0,0.0,0.0,0.0,0.0
2024-07-29,0.0,0.0,0.0,0.0,0.0
2024-07-30,0.0,0.0,0.0,0.0,0.0
2024-07-31,0.0,0.0,0.0,0.0,0.0
2024-08-01,0.0,0.0,0.0,0.0,0.0
2024-08-02,0.0,0.0,0.0,0.0,0.0
2024-08-03,0.0,0.0,0.0,0.0,0.0
2024-08-04,0.0,0.0,0.0,0.0,0.0
2024-08-05,0.0,0.0,0.0,0.0,0.0
2024-08-06,0.0,0.0,0.0,0.0,0.0
2024-08-07,0.0,0.0,0.0,0.0,0.0
2024-08-08,0.0,0.0,0.0,0.0,0.0
2024-08-09,0.0,0.0,0.0,0.0,0.0
2024-08-10,0.0,0.0,0.0,0.0,0.0
2024-08-11,0.0,0.0,0.0,0.0,0.0
2024-08-12,0.0,0.0,0.0,0.0,0.0
2024-08-13,0.0,0.0,0.0,0.0,0.0
2024-08-14,0.0,0.0,0.0,0.0,0.0
2024-08-15,0.0,0.0,0.0,0.0,0.0
2024-08-16,0.0,0.0,0.0,0.0,0.0
2024-08-17,0.0,0.0,0.0,0.0,0.0
2024-08-18,0.0,0.0,0.0,0.0,0.0
2024-08-19,0.0,0.0,0.0,0.0,0.0
2024-08-20,0.0,0.0,0.0,0.0,0.0
2024-08-21,0.0,0.0,0.0,0.0,0.0
2024-08-22,0.0,0.0,0.0,0.0,0.0
2024-08-23,0.0,0.0,0.0,0.0,0.0
2024-08-24,0.0,0.0,0.0,0.0,0.0
2024-08-25,0.0,0.0,0.0,0.0,0.0
2024-08-26,0.0,0.0,0.0,0.0,0.0
2024-08-27,0.0,0.0,0.0,0.0,0.0
2024-08-28,0.0,0.0,0.0,0.0,0.0
2024-08-29,0.0,0.0,0.0,0.0,0.0
2024-08-30,0.0,0.0,0.0,0.0,0.0
2024-08-31,0.0,0.0,0.0,0.0,0.0
2024-09-01,0.0,0.0,0.0,0.0,0.0
2024-09-02,0.0,0.0,0.0,0.0,0.0
2024-09-03,0.0,0.0,0.0,0.0,0.0
2024-09-04,0.0,0.0,0.0,0.0,0.0
2024-09-05,0.0,0.0,0.0,0.0,0.0
2024-09-06,0.0,0.0,0.0,0.0,0.0
2024-09-07,0.0,0.0,0.0,0.0,0.0
2024-09-08,0.0,0.0,0.0,0.0,0.0
2024-09-09,0.0,0.0,0.0,0.0,0.0
2024-09-10,0.0,0.0,0.0,0.0,0.0
2024-09-11,0.0,0.0,0.0,0.0,0.0
2024-09-12,0.0,0.0,0.0,0.0,0.0
2024-09-13,0.0,0.0,0.0,0.0,0.0
2024-09-14,0.0,0.0,0.0,0.0,0.0
2024-09-15,0.0,0.0,0.0,0.0,0.0
2024-09-16,0.0,0.0,0.0,0.0,0.0
2024-09-17,0.0,0.0,0.0,0.0,0.0
2024-09-18,0.0,0.0,0.0,0.0,0.0
2024-09-19,0.0,0.0,0.0,0.0,0.0
2024-09-20,0.0,0.0,0.0,0.0,0.0
2024-09-21,0.0,0.0,0.0,0.0,0.0
2024-09-22,0.0,0.0,0.0,0.0,0.0
2024-09-23,0.0,0.0,0.0,0.0,0.0
2024-09-24,0.0,0.0,0.0,0.0,0.0
2024-09-25,0.0,0.0,0.0,0.0,0.0
2024-09-26,0.0,0.0,0.0,0.0,0.0
2024-09-27,0.0,0.0,0.0,0.0,0.0
2024-09-28,0.0,0.0,0.0,0.0,0.0
2024-09-29,0.0,0.0,0.0,0.0,0.0
2024-09-30,0.0,0.0,0.0,0.0,0.0
2024-10-01,0.0,0.0,0.0,0.0,0.0
2024-10-02,0.0,0.0,0.0,0.0,0.0
2024-10-03,0.0,0.0,0.0,0.0,0.0
2024-10-04,0.0,0.0,0.0,0.0,0.0
2024-10-05,0.0,0.0,0.0,0.0,0.0
2024-10-06,0.0,0.0,0.0,0.0,0.0
2024-10-07,0.0,0.0,0.0,0.0,0.0
2024-10-08,0.0,0.0,0.0,0.0,0.0
2024-10-09,0.0,0.0,0.0,0.0,0.0
2024-10-10,0.0,0.0,0.0,0.0,0.0
2024-10-11,0.0,0.0,0.0,0.0,0.0
2024-10-12,0.0,0.0,0.0,0.0,0.0
2024-10-13,0.0,0.0,0.0,0.0,0.0
2024-10-14,0.0,0.0,0.0,0.0,0.0
2024-10-15,0.0,0.0,0.0,0.0,0.0
2024-10-16,0.0,0.0,0.0,0.0,0.0
2024-10-17,0.0,0.0,0.0,0.0,0.0
2024-10-18,0.0,0.0,0.0,0.0,0.0
2024-10-19,0.0,0.0,0.0,0.0,0.0
2024-10-20,0.0,0.0,0.0,0.0,0.0
2024-10-21,0.0,0.0,0.0,0.0,0.0
2024-10-22,0.0,0.0,0.0,0.0,0.0
2024-10-23,0.0,0.0,0.0,0.0,0.0
2024-10-24,0.0,0.0,0.0,0.0,0.0
2024-10-25,0.0,0.0,0.0,0.0,0.0
2024-10-26,0.0,0.0,0.0,0.0,0.0
2024-10-27,0.0,0.0,0.0,0.0,0.0
2024-10-28,0.0,0.0,0.0,0.0,0.0
2024-10-29,0.0,0.0,0.0,0.0,0.0
2024-10-30,0.0,0.0,0.0,0.0,0.0
2024-10-31,0.023,24.96,11.83,0.35,12.78
2024-11-01,0.006,18.03,12.56,0.0,5.47
2024-11-02,0.041,33.25,11.52,0.09,21.64
2024-11-03,0.011,23.86,12.56,0.0,11.3
2024-11-04,0.002,15.72,12.56,0.0,3.16
2024-11-05,0.0,13.34,12.56,0.0,0.78
2024-11-06,0.0,12.75,12.56,0.0,0.19
2024-11-07,0.0,12.61,12.56,0.0,0.05
2024-11-08,0.0,12.57,12.55,0.0,0.02
2024-11-09,0.0,12.56,12.53,0.0,0.02
2024-11-10,0.0,12.57,12.56,0.0,0.01
2024-11-11,0.195,77.11,11.16,25.3,40.65
2024-11-12,0.114,64.78,12.56,13.16,39.07
2024-11-13,0.023,39.65,12.56,0.0,27.09
2024-11-14,0.033,27.19,11.08,0.07,16.04
2024-11-15,0.027,26.96,12.55,0.0,14.41
2024-11-16,0.005,17.51,12.55,0.0,4.96
2024-11-17,0.001,13.83,12.55,0.0,1.28
2024-11-18,0.0,12.86,12.53,0.0,0.33
2024-11-19,0.0,12.6,12.44,0.0,0.16
2024-11-20,0.019,31.35,6.75,2.5,22.09
2024-11-21,0.314,64.47,11.78,19.85,32.84
2024-11-22,1.804,345.23,11.7,143.52,190.01
2024-11-23,1.891,362.64,12.61,151.04,198.99
2024-11-24,0.419,300.98,12.53,124.47,163.99
2024-11-25,0.173,112.87,11.62,22.82,78.43
2024-11-26,0.132,48.03,12.36,5.73,29.94
2024-11-27,0.043,28.42,12.24,0.0,16.18
2024-11-28,0.022,15.64,11.99,0.0,3.65
2024-11-29,0.016,12.86,11.9,0.0,0.96
2024-11-30,0.012,12.58,11.89,0.0,0.68
2024-12-01,0.006,12.82,12.31,0.0,0.51
2024-12-02,0.004,12.22,11.64,0.0,0.59
2024-12-03,0.004,12.43,11.77,0.0,0.66
2024-12-04,0.004,12.51,11.89,0.0,0.61
2024-12-05,0.002,12.58,12.02,0.0,0.56
2024-12-06,0.001,12.65,12.15,0.0,0.5
2024-12-07,0.0,12.71,12.52,0.0,0.19
2024-12-08,0.0,12.58,12.43,0.0,0.15
2024-12-09,0.0,12.55,12.29,0.0,0.26
2024-12-10,0.0,12.52,12.14,0.0,0.39
2024-12-11,0.002,0.02,0.02,0.0,0.0
2024-12-12,0.84,211.89,11.47,86.03,114.38
2024-12-13,0.358,133.72,11.56,52.53,69.63
2024-12-14,1.954,263.12,11.59,108.61,142.92
2024-12-15,0.694,249.13,12.47,102.19,134.47
2024-12-16,0.646,121.13,11.48,47.35,62.3
2024-12-17,0.402,93.28,12.33,34.96,45.99
2024-12-18,0.165,45.51,12.08,12.46,20.97
2024-12-19,0.109,18.53,11.89,0.02,6.63
2024-12-20,0.091,14.16,11.83,0.01,2.33
2024-12-21,0.084,13.11,11.73,0.0,1.37
2024-12-22,0.239,72.5,10.34,26.67,35.49
2024-12-23,0.571,87.01,11.95,32.39,42.67
2024-12-24,0.969,85.9,11.67,32.05,42.18
2024-12-25,0.458,58.24,12.2,19.88,26.16
2024-12-26,0.332,41.8,10.81,13.38,17.61
2024-12-27,1.008,95.21,11.89,35.98,47.34
2024-12-28,0.484,48.89,12.03,15.92,20.94
2024-12-29,0.894,103.61,11.53,39.76,52.32
2024-12-30,0.58,65.81,12.04,23.22,30.55
2024-12-31,0.396,27.69,11.88,6.83,8.98
2025-01-01,0.337,16.76,11.81,2.14,2.81
2025-01-02,0.289,14.47,11.84,1.13,1.49
2025-01-03,0.29,14.77,11.7,1.33,1.74
2025-01-04,0.264,14.8,11.87,1.27,1.67
2025-01-05,0.225,14.0,11.81,0.95,1.25
2025-01-06,0.201,13.85,11.81,0.88,1.16
2025-01-07,0.166,13.69,11.91,0.63,1.15
2025-01-08,0.126,12.98,11.82,0.03,1.13
2025-01-09,0.121,12.95,11.79,0.03,1.14
2025-01-10,0.11,12.96,11.81,0.02,1.14
2025-01-11,0.096,13.01,11.86,0.01,1.14
2025-01-12,0.078,12.94,11.81,0.0,1.13
2025-01-13,0.069,12.96,11.84,0.0,1.12
2025-01-14,0.062,12.89,11.79,0.0,1.09
2025-01-15,0.057,12.86,11.8,0.0,1.06
2025-01-16,0.051,12.81,11.81,0.0,1.0
2025-01-17,0.046,12.75,11.81,0.0,0.94
2025-01-18,0.041,12.7,11.81,0.0,0.89
2025-01-19,0.036,12.67,11.82,0.0,0.85
2025-01-20,0.029,12.77,11.98,0.0,0.79
2025-01-21,0.02,12.49,11.79,0.0,0.7
2025-01-22,0.018,12.53,11.82,0.0,0.71
2025-01-23,0.014,12.58,11.91,0.0,0.67
2025-01-24,0.011,12.54,11.89,0.0,0.64
2025-01-25,0.008,12.65,12.02,0.0,0.62
2025-01-26,0.003,12.62,12.23,0.0,0.4
2025-01-27,0.002,12.36,11.75,0.0,0.61
2025-01-28,0.001,12.66,12.13,0.0,0.54
2025-01-29,0.0,12.73,12.56,0.0,0.17
2025-01-30,0.0,12.6,12.56,0.0,0.04
2025-01-31,0.0,12.57,12.56,0.0,0.01
2025-02-01,0.689,132.33,11.02,51.09,70.22
2025-02-02,1.296,108.39,11.64,41.56,55.19
2025-02-03,0.842,78.74,11.96,28.78,38.01
2025-02-04,2.714,164.89,11.52,66.22,87.14
2025-02-05,2.188,118.83,12.09,46.09,60.65
2025-02-06,1.893,53.58,11.57,18.14,23.87
2025-02-07,1.916,38.01,11.93,11.26,14.82
2025-02-08,1.461,19.61,11.86,3.34,4.4
2025-02-09,1.211,15.1,11.84,1.41,1.85
2025-02-10,1.028,14.1,11.84,0.98,1.29
2025-02-11,0.872,13.9,11.84,0.89,1.17
2025-02-12,0.78,15.89,11.37,1.95,2.57
2025-02-13,4.383,210.78,13.6,85.15,112.04
2025-02-14,3.418,76.75,12.63,27.69,36.43
2025-02-15,2.617,27.5,11.86,6.76,8.89
2025-02-16,2.122,16.92,11.86,2.19,2.88
2025-02-17,1.721,14.55,11.86,1.16,1.53
2025-02-18,1.393,14.01,11.86,0.93,1.22
2025-02-19,1.139,13.88,11.85,0.88,1.15
2025-02-20,0.93,13.87,11.87,0.87,1.14
2025-02-21,0.747,13.86,11.86,0.86,1.14
2025-02-22,0.604,13.86,11.86,0.86,1.14
2025-02-23,0.503,13.83,11.83,0.86,1.13
2025-02-24,0.415,13.86,11.86,0.86,1.14
2025-02-25,0.324,13.9,11.9,0.86,1.14
2025-02-26,0.243,13.89,11.89,0.86,1.13
2025-02-27,0.189,13.7,11.87,0.7,1.13
2025-02-28,0.149,13.35,11.88,0.34,1.13
2025-03-01,0.115,13.05,11.89,0.03,1.14
2025-03-02,0.088,13.03,11.89,0.01,1.13
2025-03-03,0.07,12.97,11.85,0.0,1.12
2025-03-04,0.061,12.9,11.81,0.0,1.08
2025-03-05,0.048,12.94,11.92,0.0,1.01
2025-03-06,0.035,12.76,11.9,0.0,0.86
2025-03-07,0.027,12.66,11.89,0.0,0.77
2025-03-08,0.019,12.62,11.92,0.0,0.7
2025-03-09,0.013,12.61,11.98,0.0,0.64
2025-03-10,0.007,12.62,12.06,0.0,0.56
2025-03-11,0.003,12.67,12.19,0.0,0.48
2025-03-12,0.43,152.9,10.66,61.42,80.82
2025-03-13,0.704,94.51,12.1,35.59,46.82
2025-03-14,0.939,67.27,11.5,24.09,31.69
2025-03-15,0.781,36.3,11.95,10.51,13.83
2025-03-16,0.604,18.97,11.71,3.14,4.13
2025-03-17,0.782,40.32,11.78,12.32,16.21
2025-03-18,0.58,21.79,11.89,4.27,5.62
2025-03-19,0.472,15.6,11.83,1.63,2.14
2025-03-20,0.386,14.27,11.88,1.03,1.36
2025-03-21,0.299,13.97,11.88,0.9,1.19
2025-03-22,0.265,13.78,11.77,0.87,1.14
2025-03-23,0.214,13.9,11.92,0.84,1.14
2025-03-24,0.159,13.57,11.89,0.54,1.13
2025-03-25,0.122,13.09,11.89,0.06,1.13
2025-03-26,0.093,13.06,11.91,0.01,1.14
2025-03-27,0.075,12.93,11.8,0.0,1.12
2025-03-28,0.064,12.95,11.84,0.0,1.1
2025-03-29,0.053,12.93,11.88,0.0,1.05
2025-03-30,0.039,12.76,11.86,0.0,0.9
2025-03-31,0.134,61.42,11.56,13.88,35.98
2025-04-01,0.131,37.23,11.65,4.35,21.24
2025-04-02,0.091,22.29,12.01,0.01,10.27
2025-04-03,0.063,15.32,11.89,0.0,3.42
2025-04-04,0.048,13.33,11.87,0.0,1.45
2025-04-05,0.037,12.83,11.88,0.0,0.95
2025-04-06,0.028,12.7,11.91,0.0,0.79
2025-04-07,0.018,12.6,11.93,0.0,0.67
2025-04-08,0.014,12.58,11.9,0.0,0.68
2025-04-09,0.009,12.65,12.05,0.0,0.6
2025-04-10,0.003,12.75,12.33,0.0,0.41
2025-04-11,0.001,12.68,12.56,0.0,0.12
2025-04-12,0.0,12.59,12.56,0.0,0.03
2025-04-13,0.0,12.57,12.56,0.0,0.01
2025-04-14,0.0,12.56,12.56,0.0,0.0
2025-04-15,0.0,12.56,12.56,0.0,0.0
2025-04-16,0.0,12.56,12.56,0.0,0.0
2025-04-17,0.0,12.56,12.56,0.0,0.0
2025-04-18,0.0,0.0,0.0,0.0,0.0
2025-04-19,0.0,0.0,0.0,0.0,0.0
2025-04-20,0.0,0.0,0.0,0.0,0.0
2025-04-21,0.0,0.0,0.0,0.0,0.0
2025-04-22,0.0,0.0,0.0,0.0,0.0
2025-04-23,0.0,0.0,0.0,0.0,0.0
2025-04-24,0.0,0.0,0.0,0.0,0.0
2025-04-25,0.0,0.0,0.0,0.0,0.0
2025-04-26,0.0,0.0,0.0,0.0,0.0
2025-04-27,0.0,0.0,0.0,0.0,0.0
2025-04-28,0.0,0.0,0.0,0.0,0.0
2025-04-29,0.0,0.0,0.0,0.0,0.0
2025-04-30,0.0,0.0,0.0,0.0,0.0
2025-05-01,0.0,0.0,0.0,0.0,0.0
2025-05-02,0.0,0.0,0.0,0.0,0.0
2025-05-03,0.0,0.0,0.0,0.0,0.0
2025-05-04,0.0,0.0,0.0,0.0,0.0
2025-05-05,0.0,0.0,0.0,0.0,0.0
2025-05-06,0.0,0.0,0.0,0.0,0.0
2025-05-07,0.0,0.0,0.0,0.0,0.0
2025-05-08,0.0,0.0,0.0,0.0,0.0
2025-05-09,0.0,0.0,0.0,0.0,0.0
2025-05-10,0.0,0.0,0.0,0.0,0.0
2025-05-11,0.0,0.0,0.0,0.0,0.0
2025-05-12,0.069,63.44,11.64,6.99,44.81
2025-05-13,0.033,50.85,12.52,0.0,38.32
2025-05-14,0.007,26.89,12.56,0.0,14.33
2025-05-15,0.001,16.35,12.56,0.0,3.79
2025-05-16,0.0,13.49,12.56,0.0,0.93
2025-05-17,0.0,12.78,12.56,0.0,0.22
2025-05-18,0.0,12.61,12.56,0.0,0.05
2025-05-19,0.0,12.57,12.56,0.0,0.01
2025-05-20,0.0,12.56,12.56,0.0,0.0
2025-05-21,0.0,12.56,12.56,0.0,0.0
2025-05-22,0.0,12.56,12.56,0.0,0.0
2025-05-23,0.0,0.0,0.0,0.0,0.0
2025-05-24,0.0,0.0,0.0,0.0,0.0
2025-05-25,0.0,0.0,0.0,0.0,0.0
2025-05-26,0.0,0.0,0.0,0.0,0.0
2025-05-27,0.0,0.0,0.0,0.0,0.0
2025-05-28,0.0,0.0,0.0,0.0,0.0
2025-05-29,0.0,0.0,0.0,0.0,0.0
2025-05-30,0.0,0.0,0.0,0.0,0.0
2025-05-31,0.0,0.0,0.0,0.0,0.0
2025-06-01,0.0,0.0,0.0,0.0,0.0
2025-06-02,0.0,0.0,0.0,0.0,0.0
2025-06-03,0.0,0.0,0.0,0.0,0.0
2025-06-04,0.0,0.0,0.0,0.0,0.0
2025-06-05,0.0,0.0,0.0,0.0,0.0
2025-06-06,0.0,0.0,0.0,0.0,0.0
2025-06-07,0.0,0.0,0.0,0.0,0.0
2025-06-08,0.0,0.0,0.0,0.0,0.0
2025-06-09,0.0,0.0,0.0,0.0,0.0
2025-06-10,0.0,0.0,0.0,0.0,0.0
2025-06-11,0.0,0.0,0.0,0.0,0.0
2025-06-12,0.0,0.0,0.0,0.0,0.0
2025-06-13,0.0,0.0,0.0,0.0,0.0
2025-06-14,0.0,0.0,0.0,0.0,0.0
2025-06-15,0.0,0.0,0.0,0.0,0.0
2025-06-16,0.0,0.0,0.0,0.0,0.0
2025-06-17,0.0,0.0,0.0,0.0,0.0
2025-06-18,0.0,0.0,0.0,0.0,0.0
2025-06-19,0.0,0.0,0.0,0.0,0.0
2025-06-20,0.0,0.0,0.0,0.0,0.0
2025-06-21,0.0,0.0,0.0,0.0,0.0
2025-06-22,0.0,0.0,0.0,0.0,0.0
2025-06-23,0.0,0.0,0.0,0.0,0.0
2025-06-24,0.0,0.0,0.0,0.0,0.0
2025-06-25,0.0,0.0,0.0,0.0,0.0
2025-06-26,0.0,0.0,0.0,0.0,0.0
2025-06-27,0.0,0.0,0.0,0.0,0.0
2025-06-28,0.0,0.0,0.0,0.0,0.0
2025-06-29,0.0,0.0,0.0,0.0,0.0
2025-06-30,0.0,0.0,0.0,0.0,0.0
2025-07-01,0.0,0.0,0.0,0.0,0.0
2025-07-02,0.0,0.0,0.0,0.0,0.0
2025-07-03,0.0,0.0,0.0,0.0,0.0
2025-07-04,0.0,0.0,0.0,0.0,0.0
2025-07-05,0.0,0.0,0.0,0.0,0.0
2025-07-06,0.0,0.0,0.0,0.0,0.0
2025-07-07,0.0,0.0,0.0,0.0,0.0
2025-07-08,0.0,0.0,0.0,0.0,0.0
2025-07-09,0.0,0.0,0.0,0.0,0.0
2025-07-10,0.0,0.0,0.0,0.0,0.0
2025-07-11,0.0,0.0,0.0,0.0,0.0
2025-07-12,0.0,0.0,0.0,0.0,0.0
2025-07-13,0.0,0.0,0.0,0.0,0.0
2025-07-14,0.0,0.0,0.0,0.0,0.0
2025-07-15,0.0,0.0,0.0,0.0,0.0
2025-07-16,0.0,0.0,0.0,0.0,0.0
2025-07-17,0.0,0.0,0.0,0.0,0.0
2025-07-18,0.0,0.0,0.0,0.0,0.0
2025-07-19,0.0,0.0,0.0,0.0,0.0
2025-07-20,0.0,0.0,0.0,0.0,0.0
2025-07-21,0.0,0.0,0.0,0.0,0.0
2025-07-22,0.0,0.0,0.0,0.0,0.0
2025-07-23,0.0,0.0,0.0,0.0,0.0
2025-07-24,0.0,0.0,0.0,0.0,0.0
2025-07-25,0.0,0.0,0.0,0.0,0.0
2025-07-26,0.0,0.0,0.0,0.0,0.0
2025-07-27,0.0,0.0,0.0,0.0,0.0
2025-07-28,0.0,0.0,0.0,0.0,0.0
2025-07-29,0.0,0.0,0.0,0.0,0.0
2025-07-30,0.0,0.0,0.0,0.0,0.0
2025-07-31,0.0,0.0,0.0,0.0,0.0
2025-08-01,0.0,0.0,0.0,0.0,0.0
2025-08-02,0.0,0.0,0.0,0.0,0.0
2025-08-03,0.0,0.0,0.0,0.0,0.0
2025-08-04,0.0,0.0,0.0,0.0,0.0
2025-08-05,0.0,0.0,0.0,0.0,0.0
2025-08-06,0.0,0.0,0.0,0.0,0.0
2025-08-07,0.0,0.0,0.0,0.0,0.0
2025-08-08,0.0,0.0,0.0,0.0,0.0
2025-08-09,0.0,0.0,0.0,0.0,0.0
2025-08-10,0.0,0.0,0.0,0.0,0.0
2025-08-11,0.0,0.0,0.0,0.0,0.0
2025-08-12,0.0,0.0,0.0,0.0,0.0
2025-08-13,0.0,0.0,0.0,0.0,0.0
2025-08-14,0.0,0.0,0.0,0.0,0.0
2025-08-15,0.0,0.0,0.0,0.0,0.0
2025-08-16,0.0,0.0,0.0,0.0,0.0
2025-08-17,0.0,0.0,0.0,0.0,0.0
2025-08-18,0.0,0.0,0.0,0.0,0.0
2025-08-19,0.0,0.0,0.0,0.0,0.0
2025-08-20,0.0,0.0,0.0,0.0,0.0
2025-08-21,0.0,0.0,0.0,0.0,0.0
2025-08-22,0.0,0.0,0.0,0.0,0.0
2025-08-23,0.0,0.0,0.0,0.0,0.0
2025-08-24,0.0,0.0,0.0,0.0,0.0
2025-08-25,0.0,0.0,0.0,0.0,0.0
2025-08-26,0.0,0.0,0.0,0.0,0.0
2025-08-27,0.0,0.0,0.0,0.0,0.0
2025-08-28,0.0,0.0,0.0,0.0,0.0
2025-08-29,0.0,0.0,0.0,0.0,0.0
2025-08-30,0.0,0.0,0.0,0.0,0.0
2025-08-31,0.0,0.0,0.0,0.0,0.0
2025-09-01,0.0,0.0,0.0,0.0,0.0
2025-09-02,0.0,0.0,0.0,0.0,0.0
2025-09-03,0.0,0.0,0.0,0.0,0.0
2025-09-04,0.0,0.0,0.0,0.0,0.0
2025-09-05,0.0,0.0,0.0,0.0,0.0
2025-09-06,0.0,0.0,0.0,0.0,0.0
2025-09-07,0.0,0.0,0.0,0.0,0.0
2025-09-08,0.0,0.0,0.0,0.0,0.0
2025-09-09,0.0,0.0,0.0,0.0,0.0
2025-09-10,0.0,0.0,0.0,0.0,0.0
2025-09-11,0.0,0.0,0.0,0.0,0.0
2025-09-12,0.0,0.0,0.0,0.0,0.0
2025-09-13,0.0,0.0,0.0,0.0,0.0
2025-09-14,0.0,0.0,0.0,0.0,0.0
2025-09-15,0.0,0.0,0.0,0.0,0.0
2025-09-16,0.0,0.0,0.0,0.0,0.0
2025-09-17,0.0,0.0,0.0,0.0,0.0
2025-09-18,0.0,0.0,0.0,0.0,0.0
2025-09-19,0.0,0.0,0.0,0.0,0.0
2025-09-20,0.0,0.0,0.0,0.0,0.0
2025-09-21,0.0,0.0,0.0,0.0,0.0
2025-09-22,0.0,0.0,0.0,0.0,0.0
2025-09-23,0.0,0.0,0.0,0.0,0.0
2025-09-24,0.0,0.0,0.0,0.0,0.0
2025-09-25,0.0,0.0,0.0,0.0,0.0
2025-09-26,0.0,0.0,0.0,0.0,0.0
2025-09-27,0.0,0.0,0.0,0.0,0.0
2025-09-28,0.0,0.0,0.0,0.0,0.0
2025-09-29,0.0,0.0,0.0,0.0,0.0
2025-09-30,0.0,0.0,0.0,0.0,0.0
