Date,flow_cms,ssc_mg_L,ssc_sand_mg_L,ssc_silt_mg_L,ssc_clay_mg_L
1995-10-01,0.0,0.0,0.0,0.0,0.0
1995-10-02,0.0,0.0,0.0,0.0,0.0
1995-10-03,0.0,0.0,0.0,0.0,0.0
1995-10-04,0.0,0.0,0.0,0.0,0.0
1995-10-05,0.0,0.0,0.0,0.0,0.0
1995-10-06,0.0,0.0,0.0,0.0,0.0
1995-10-07,0.0,0.0,0.0,0.0,0.0
1995-10-08,0.0,0.0,0.0,0.0,0.0
1995-10-09,0.0,0.0,0.0,0.0,0.0
1995-10-10,0.0,0.0,0.0,0.0,0.0
1995-10-11,0.0,0.0,0.0,0.0,0.0
1995-10-12,0.0,0.0,0.0,0.0,0.0
1995-10-13,0.0,0.0,0.0,0.0,0.0
1995-10-14,0.0,0.0,0.0,0.0,0.0
1995-10-15,0.0,0.0,0.0,0.0,0.0
1995-10-16,0.0,0.0,0.0,0.0,0.0
1995-10-17,0.0,0.0,0.0,0.0,0.0
1995-10-18,0.0,0.0,0.0,0.0,0.0
1995-10-19,0.0,0.0,0.0,0.0,0.0
1995-10-20,0.0,0.0,0.0,0.0,0.0
1995-10-21,0.0,0.0,0.0,0.0,0.0
1995-10-22,0.0,0.0,0.0,0.0,0.0
1995-10-23,0.0,0.0,0.0,0.0,0.0
1995-10-24,0.0,0.0,0.0,0.0,0.0
1995-10-25,0.0,0.0,0.0,0.0,0.0
1995-10-26,0.0,0.0,0.0,0.0,0.0
1995-10-27,0.0,0.0,0.0,0.0,0.0
1995-10-28,0.0,0.0,0.0,0.0,0.0
1995-10-29,0.0,0.0,0.0,0.0,0.0
1995-10-30,0.0,0.0,0.0,0.0,0.0
1995-10-31,0.0,0.0,0.0,0.0,0.0
1995-11-01,0.0,0.0,0.0,0.0,0.0
1995-11-02,0.0,0.0,0.0,0.0,0.0
1995-11-03,0.0,0.0,0.0,0.0,0.0
1995-11-04,0.0,0.0,0.0,0.0,0.0
1995-11-05,0.0,0.0,0.0,0.0,0.0
1995-11-06,0.0,0.0,0.0,0.0,0.0
1995-11-07,0.0,0.0,0.0,0.0,0.0
1995-11-08,0.0,0.0,0.0,0.0,0.0
1995-11-09,0.0,0.0,0.0,0.0,0.0
1995-11-10,0.0,0.0,0.0,0.0,0.0
1995-11-11,0.0,0.0,0.0,0.0,0.0
1995-11-12,0.0,0.0,0.0,0.0,0.0
1995-11-13,0.0,0.0,0.0,0.0,0.0
1995-11-14,0.0,0.0,0.0,0.0,0.0
1995-11-15,0.0,0.0,0.0,0.0,0.0
1995-11-16,0.0,0.0,0.0,0.0,0.0
1995-11-17,0.0,0.0,0.0,0.0,0.0
1995-11-18,0.0,0.0,0.0,0.0,0.0
1995-11-19,0.0,0.0,0.0,0.0,0.0
1995-11-20,0.0,0.0,0.0,0.0,0.0
1995-11-21,0.0,0.0,0.0,0.0,0.0
1995-11-22,0.0,0.0,0.0,0.0,0.0
1995-11-23,0.0,0.0,0.0,0.0,0.0
1995-11-24,0.0,0.0,0.0,0.0,0.0
1995-11-25,0.0,0.0,0.0,0.0,0.0
1995-11-26,0.0,0.0,0.0,0.0,0.0
1995-11-27,0.0,0.0,0.0,0.0,0.0
1995-11-28,0.197,424.25,16.4,176.12,231.73
1995-11-29,0.956,435.38,14.48,181.75,239.14
1995-11-30,0.077,264.82,6.98,102.07,155.76
1995-12-01,0.011,115.73,6.98,0.0,108.75
1995-12-02,0.001,38.82,6.97,0.0,31.85
1995-12-03,0.0,13.58,6.95,0.0,6.63
1995-12-04,0.482,76.15,7.77,29.29,39.1
1995-12-05,0.091,56.94,6.97,20.28,29.69
1995-12-06,0.013,28.6,6.98,0.0,21.63
1995-12-07,0.002,13.72,6.97,0.0,6.75
1995-12-08,0.0,8.35,6.92,0.0,1.43
1995-12-09,0.0,7.23,6.79,0.0,0.44
1995-12-10,0.571,124.66,9.86,49.57,65.23
1995-12-11,12.016,364.37,22.65,147.56,194.16
1995-12-12,5.447,174.48,20.81,66.36,87.31
1995-12-13,0.929,71.58,9.44,26.84,35.31
1995-12-14,0.51,51.65,7.44,19.09,25.12
1995-12-15,3.054,127.74,15.56,48.44,63.74
1995-12-16,0.225,65.08,7.24,24.97,32.86
1995-12-17,0.038,37.64,6.87,8.71,22.06
1995-12-18,0.11,26.54,6.21,8.19,12.15
1995-12-19,0.05,23.22,6.89,5.54,10.79
1995-12-20,0.812,321.01,10.81,133.92,176.28
1995-12-21,0.32,204.52,7.2,84.76,112.56
1995-12-22,1.55,174.23,12.33,69.65,92.26
1995-12-23,0.21,74.53,7.01,29.1,38.42
1995-12-24,0.036,41.74,6.87,9.54,25.33
1995-12-25,0.009,14.88,6.69,0.0,8.19
1995-12-26,0.006,7.66,6.46,0.0,1.2
1995-12-27,0.006,7.19,6.43,0.0,0.77
1995-12-28,0.006,7.22,6.48,0.0,0.73
1995-12-29,3.16,157.44,17.02,60.63,79.78
1995-12-30,1.606,102.2,14.42,37.9,49.87
1995-12-31,0.121,58.05,6.92,21.92,29.21
1996-01-01,0.026,22.82,6.77,0.24,15.82
1996-01-02,0.012,9.56,6.5,0.0,3.06
1996-01-03,0.011,7.39,6.46,0.0,0.93
1996-01-04,0.009,7.25,6.46,0.0,0.79
1996-01-05,0.008,7.2,6.45,0.0,0.75
1996-01-06,0.008,7.21,6.44,0.0,0.76
1996-01-07,0.007,7.21,6.46,0.0,0.75
1996-01-08,0.006,7.2,6.47,0.0,0.73
1996-01-09,0.005,7.17,6.45,0.0,0.72
1996-01-10,0.005,7.19,6.48,0.0,0.71
1996-01-11,0.003,7.19,6.51,0.0,0.68
1996-01-12,0.003,7.12,6.43,0.0,0.69
1996-01-13,0.003,7.16,6.46,0.0,0.7
1996-01-14,0.002,7.29,6.62,0.0,0.67
1996-01-15,0.741,86.2,9.12,33.28,43.8
1996-01-16,5.407,165.49,18.13,63.63,83.72
1996-01-17,0.976,105.69,10.93,40.92,53.84
1996-01-18,1.799,125.87,13.43,48.55,63.89
1996-01-19,1.255,73.7,12.02,26.63,35.04
1996-01-20,0.69,98.93,9.33,38.69,50.91
1996-01-21,1.505,132.54,14.7,50.88,66.95
1996-01-22,0.131,62.22,6.84,23.91,31.46
1996-01-23,0.068,21.17,5.28,5.32,10.57
1996-01-24,2.265,83.99,12.68,30.78,40.53
1996-01-25,2.282,85.79,14.41,30.82,40.56
1996-01-26,0.518,51.39,7.5,18.95,24.94
1996-01-27,4.034,136.72,16.2,52.04,68.48
1996-01-28,0.616,53.48,10.16,18.7,24.61
1996-01-29,0.149,21.14,6.63,6.27,8.24
1996-01-30,2.709,179.8,16.13,70.67,92.99
1996-01-31,6.287,192.49,21.48,73.84,97.16
1996-02-01,0.449,46.65,7.92,16.73,22.01
1996-02-02,0.231,15.24,6.52,3.77,4.96
1996-02-03,1.133,42.25,8.77,14.46,19.02
1996-02-04,5.836,130.51,17.82,48.66,64.03
1996-02-05,1.52,93.48,14.51,34.1,44.87
1996-02-06,0.361,19.54,6.54,5.62,7.39
1996-02-07,0.273,10.15,6.49,1.58,2.08
1996-02-08,0.223,8.71,6.48,0.96,1.27
1996-02-09,0.183,8.51,6.48,0.88,1.15
1996-02-10,0.152,8.48,6.48,0.86,1.14
1996-02-11,0.124,8.48,6.48,0.86,1.14
1996-02-12,0.1,8.48,6.49,0.86,1.14
1996-02-13,0.082,8.47,6.47,0.86,1.14
1996-02-14,0.068,8.48,6.48,0.86,1.14
1996-02-15,0.634,183.78,11.43,74.41,97.94
1996-02-16,0.791,154.74,10.69,62.2,81.85
1996-02-17,0.19,50.81,6.6,19.09,25.12
1996-02-18,0.781,79.11,9.17,30.2,39.74
1996-02-19,4.17,111.7,16.19,41.24,54.26
1996-02-20,3.489,86.24,14.65,30.91,40.68
1996-02-21,4.517,121.3,17.58,44.79,58.93
1996-02-22,1.227,43.37,10.91,14.01,18.44
1996-02-23,0.409,14.12,6.68,3.21,4.23
1996-02-24,0.306,9.29,6.49,1.21,1.59
1996-02-25,0.242,8.6,6.49,0.91,1.2
1996-02-26,0.191,8.5,6.49,0.87,1.14
1996-02-27,0.494,61.88,7.79,23.36,30.74
1996-02-28,0.424,37.61,6.75,13.32,17.53
1996-02-29,0.514,50.68,7.8,18.52,24.36
1996-03-01,0.187,26.79,6.66,8.7,11.44
1996-03-02,0.105,12.21,6.53,2.45,3.23
1996-03-03,0.081,9.01,6.47,1.1,1.44
1996-03-04,2.264,95.78,12.9,35.79,47.09
1996-03-05,1.144,86.09,13.02,31.55,41.51
1996-03-06,0.221,26.27,6.62,8.48,11.16
1996-03-07,0.136,11.78,6.51,2.27,2.99
1996-03-08,0.1,9.01,6.51,1.08,1.42
1996-03-09,0.076,8.57,6.5,0.9,1.18
1996-03-10,0.063,8.46,6.46,0.87,1.14
1996-03-11,1.563,92.54,10.8,35.3,46.44
1996-03-12,4.826,176.48,18.96,68.02,89.5
1996-03-13,0.432,40.08,7.57,14.04,18.47
1996-03-14,0.236,13.99,6.53,3.22,4.24
1996-03-15,0.174,9.34,6.5,1.23,1.62
1996-03-16,0.133,8.62,6.5,0.92,1.21
1996-03-17,0.101,8.52,6.5,0.87,1.15
1996-03-18,0.076,8.5,6.5,0.86,1.14
1996-03-19,0.058,8.25,6.51,0.61,1.14
1996-03-20,0.042,7.7,6.52,0.05,1.13
1996-03-21,0.206,100.45,6.93,40.32,53.2
1996-03-22,0.175,101.26,6.88,40.74,53.64
1996-03-23,0.045,43.59,6.71,12.5,24.38
1996-03-24,0.022,12.91,6.57,0.0,6.34
1996-03-25,0.014,8.04,6.53,0.0,1.51
1996-03-26,0.01,7.37,6.53,0.0,0.83
1996-03-27,0.007,7.2,6.47,0.0,0.73
1996-03-28,0.005,7.24,6.54,0.0,0.7
1996-03-29,0.004,7.23,6.53,0.0,0.7
1996-03-30,0.002,7.21,6.58,0.0,0.63
1996-03-31,0.001,7.24,6.71,0.0,0.53
1996-04-01,2.078,110.33,13.56,41.79,54.98
1996-04-02,0.384,75.75,8.61,28.99,38.14
1996-04-03,0.084,35.8,6.72,12.07,17.01
1996-04-04,0.039,11.63,6.57,0.06,4.99
1996-04-05,0.026,8.26,6.51,0.0,1.75
1996-04-06,0.019,7.58,6.5,0.0,1.08
1996-04-07,0.014,7.41,6.52,0.0,0.89
1996-04-08,0.01,7.3,6.51,0.0,0.8
1996-04-09,0.008,7.27,6.52,0.0,0.75
1996-04-10,0.005,7.21,6.51,0.0,0.7
1996-04-11,0.003,7.28,6.6,0.0,0.68
1996-04-12,0.001,7.15,6.61,0.0,0.55
1996-04-13,0.001,7.18,6.67,0.0,0.51
1996-04-14,0.0,7.12,6.97,0.0,0.15
1996-04-15,0.0,7.01,6.98,0.0,0.03
1996-04-16,0.14,42.44,6.19,15.61,20.63
1996-04-17,0.569,89.9,8.93,34.96,46.01
1996-04-18,1.059,86.63,11.53,32.43,42.67
1996-04-19,0.111,51.63,6.88,19.13,25.62
1996-04-20,0.029,18.51,6.71,0.17,11.63
1996-04-21,0.015,9.05,6.51,0.0,2.54
1996-04-22,0.011,7.48,6.53,0.0,0.95
1996-04-23,0.008,7.27,6.51,0.0,0.76
1996-04-24,0.006,7.2,6.49,0.0,0.71
1996-04-25,0.004,7.24,6.53,0.0,0.71
1996-04-26,0.003,7.23,6.59,0.0,0.64
1996-04-27,0.001,7.29,6.73,0.0,0.56
1996-04-28,0.0,7.13,6.98,0.0,0.15
1996-04-29,0.0,7.01,6.98,0.0,0.03
1996-04-30,0.0,6.99,6.98,0.0,0.01
1996-05-01,0.0,6.98,6.98,0.0,0.0
1996-05-02,0.0,6.98,6.98,0.0,0.0
1996-05-03,0.0,0.0,0.0,0.0,0.0
1996-05-04,0.0,0.0,0.0,0.0,0.0
1996-05-05,0.0,0.0,0.0,0.0,0.0
1996-05-06,0.0,0.0,0.0,0.0,0.0
1996-05-07,0.0,0.0,0.0,0.0,0.0
1996-05-08,0.0,0.0,0.0,0.0,0.0
1996-05-09,0.0,0.0,0.0,0.0,0.0
1996-05-10,0.0,0.0,0.0,0.0,0.0
1996-05-11,0.0,0.0,0.0,0.0,0.0
1996-05-12,0.0,0.0,0.0,0.0,0.0
1996-05-13,0.0,0.0,0.0,0.0,0.0
1996-05-14,0.047,23.53,5.55,7.2,10.78
1996-05-15,3.005,143.81,16.13,55.13,72.56
1996-05-16,2.976,131.67,18.23,48.99,64.46
1996-05-17,0.177,55.32,6.87,20.92,27.53
1996-05-18,0.046,26.14,6.74,6.6,12.81
1996-05-19,0.022,10.32,6.57,0.0,3.75
1996-05-20,0.014,7.7,6.52,0.0,1.18
1996-05-21,0.014,7.2,6.34,0.0,0.87
1996-05-22,0.012,7.42,6.57,0.0,0.85
1996-05-23,0.008,7.26,6.5,0.0,0.76
1996-05-24,0.005,7.25,6.58,0.0,0.67
1996-05-25,0.004,7.23,6.52,0.0,0.71
1996-05-26,0.002,7.28,6.66,0.0,0.62
1996-05-27,0.001,7.11,6.54,0.0,0.57
1996-05-28,0.001,7.15,6.53,0.0,0.62
1996-05-29,0.0,7.16,6.58,0.0,0.58
1996-05-30,0.0,7.15,6.93,0.0,0.22
1996-05-31,0.0,7.08,6.86,0.0,0.23
1996-06-01,0.0,7.09,6.79,0.0,0.31
1996-06-02,0.0,7.07,6.98,0.0,0.09
1996-06-03,0.0,7.0,6.98,0.0,0.02
1996-06-04,0.0,0.0,0.0,0.0,0.0
1996-06-05,0.0,0.0,0.0,0.0,0.0
1996-06-06,0.0,0.0,0.0,0.0,0.0
1996-06-07,0.0,0.0,0.0,0.0,0.0
1996-06-08,0.0,0.0,0.0,0.0,0.0
1996-06-09,0.0,0.0,0.0,0.0,0.0
1996-06-10,0.0,0.0,0.0,0.0,0.0
1996-06-11,0.0,0.0,0.0,0.0,0.0
1996-06-12,0.0,0.0,0.0,0.0,0.0
1996-06-13,0.0,0.0,0.0,0.0,0.0
1996-06-14,0.0,0.0,0.0,0.0,0.0
1996-06-15,0.0,0.0,0.0,0.0,0.0
1996-06-16,0.0,0.0,0.0,0.0,0.0
1996-06-17,0.0,0.0,0.0,0.0,0.0
1996-06-18,0.0,0.0,0.0,0.0,0.0
1996-06-19,0.0,0.0,0.0,0.0,0.0
1996-06-20,0.0,0.0,0.0,0.0,0.0
1996-06-21,0.0,0.0,0.0,0.0,0.0
1996-06-22,0.0,0.0,0.0,0.0,0.0
1996-06-23,0.0,0.0,0.0,0.0,0.0
1996-06-24,0.0,0.0,0.0,0.0,0.0
1996-06-25,0.0,0.0,0.0,0.0,0.0
1996-06-26,0.0,0.0,0.0,0.0,0.0
1996-06-27,0.0,0.0,0.0,0.0,0.0
1996-06-28,0.0,0.0,0.0,0.0,0.0
1996-06-29,0.0,0.0,0.0,0.0,0.0
1996-06-30,0.0,0.0,0.0,0.0,0.0
1996-07-01,0.0,0.0,0.0,0.0,0.0
1996-07-02,0.0,0.0,0.0,0.0,0.0
1996-07-03,0.0,0.0,0.0,0.0,0.0
1996-07-04,0.0,0.0,0.0,0.0,0.0
1996-07-05,0.0,0.0,0.0,0.0,0.0
1996-07-06,0.0,0.0,0.0,0.0,0.0
1996-07-07,0.0,0.0,0.0,0.0,0.0
1996-07-08,0.0,0.0,0.0,0.0,0.0
1996-07-09,0.0,0.0,0.0,0.0,0.0
1996-07-10,0.0,0.0,0.0,0.0,0.0
1996-07-11,0.0,0.0,0.0,0.0,0.0
1996-07-12,0.0,0.0,0.0,0.0,0.0
1996-07-13,0.0,0.0,0.0,0.0,0.0
1996-07-14,0.0,0.0,0.0,0.0,0.0
1996-07-15,0.0,0.0,0.0,0.0,0.0
1996-07-16,0.0,0.0,0.0,0.0,0.0
1996-07-17,0.0,0.0,0.0,0.0,0.0
1996-07-18,0.0,0.0,0.0,0.0,0.0
1996-07-19,0.0,0.0,0.0,0.0,0.0
1996-07-20,0.0,0.0,0.0,0.0,0.0
1996-07-21,0.0,0.0,0.0,0.0,0.0
1996-07-22,0.0,0.0,0.0,0.0,0.0
1996-07-23,0.0,0.0,0.0,0.0,0.0
1996-07-24,0.0,0.0,0.0,0.0,0.0
1996-07-25,0.0,0.0,0.0,0.0,0.0
1996-07-26,0.0,0.0,0.0,0.0,0.0
1996-07-27,0.0,0.0,0.0,0.0,0.0
1996-07-28,0.0,0.0,0.0,0.0,0.0
1996-07-29,0.0,0.0,0.0,0.0,0.0
1996-07-30,0.0,0.0,0.0,0.0,0.0
1996-07-31,0.0,0.0,0.0,0.0,0.0
1996-08-01,0.0,0.0,0.0,0.0,0.0
1996-08-02,0.0,0.0,0.0,0.0,0.0
1996-08-03,0.0,0.0,0.0,0.0,0.0
1996-08-04,0.0,0.0,0.0,0.0,0.0
1996-08-05,0.0,0.0,0.0,0.0,0.0
1996-08-06,0.0,0.0,0.0,0.0,0.0
1996-08-07,0.0,0.0,0.0,0.0,0.0
1996-08-08,0.0,0.0,0.0,0.0,0.0
1996-08-09,0.0,0.0,0.0,0.0,0.0
1996-08-10,0.0,0.0,0.0,0.0,0.0
1996-08-11,0.0,0.0,0.0,0.0,0.0
1996-08-12,0.0,0.0,0.0,0.0,0.0
1996-08-13,0.0,0.0,0.0,0.0,0.0
1996-08-14,0.0,0.0,0.0,0.0,0.0
1996-08-15,0.0,0.0,0.0,0.0,0.0
1996-08-16,0.0,0.0,0.0,0.0,0.0
1996-08-17,0.0,0.0,0.0,0.0,0.0
1996-08-18,0.0,0.0,0.0,0.0,0.0
1996-08-19,0.0,0.0,0.0,0.0,0.0
1996-08-20,0.0,0.0,0.0,0.0,0.0
1996-08-21,0.0,0.0,0.0,0.0,0.0
1996-08-22,0.0,0.0,0.0,0.0,0.0
1996-08-23,0.0,0.0,0.0,0.0,0.0
1996-08-24,0.0,0.0,0.0,0.0,0.0
1996-08-25,0.0,0.0,0.0,0.0,0.0
1996-08-26,0.0,0.0,0.0,0.0,0.0
1996-08-27,0.0,0.0,0.0,0.0,0.0
1996-08-28,0.0,0.0,0.0,0.0,0.0
1996-08-29,0.0,0.0,0.0,0.0,0.0
1996-08-30,0.0,0.0,0.0,0.0,0.0
1996-08-31,0.0,0.0,0.0,0.0,0.0
1996-09-01,0.0,0.0,0.0,0.0,0.0
1996-09-02,0.0,0.0,0.0,0.0,0.0
1996-09-03,0.0,0.0,0.0,0.0,0.0
1996-09-04,0.0,0.0,0.0,0.0,0.0
1996-09-05,0.0,0.0,0.0,0.0,0.0
1996-09-06,0.0,0.0,0.0,0.0,0.0
1996-09-07,0.0,0.0,0.0,0.0,0.0
1996-09-08,0.0,0.0,0.0,0.0,0.0
1996-09-09,0.0,0.0,0.0,0.0,0.0
1996-09-10,0.0,0.0,0.0,0.0,0.0
1996-09-11,0.0,0.0,0.0,0.0,0.0
1996-09-12,0.0,0.0,0.0,0.0,0.0
1996-09-13,0.0,0.0,0.0,0.0,0.0
1996-09-14,0.0,0.0,0.0,0.0,0.0
1996-09-15,0.0,0.0,0.0,0.0,0.0
1996-09-16,0.0,0.0,0.0,0.0,0.0
1996-09-17,0.0,0.0,0.0,0.0,0.0
1996-09-18,0.0,0.0,0.0,0.0,0.0
1996-09-19,0.0,0.0,0.0,0.0,0.0
1996-09-20,0.0,0.0,0.0,0.0,0.0
1996-09-21,0.0,0.0,0.0,0.0,0.0
1996-09-22,0.0,0.0,0.0,0.0,0.0
1996-09-23,0.0,0.0,0.0,0.0,0.0
1996-09-24,0.0,0.0,0.0,0.0,0.0
1996-09-25,0.0,0.0,0.0,0.0,0.0
1996-09-26,0.0,0.0,0.0,0.0,0.0
1996-09-27,0.0,0.0,0.0,0.0,0.0
1996-09-28,0.0,0.0,0.0,0.0,0.0
1996-09-29,0.0,0.0,0.0,0.0,0.0
1996-09-30,0.0,0.0,0.0,0.0,0.0
1996-10-01,0.0,0.0,0.0,0.0,0.0
1996-10-02,0.0,0.0,0.0,0.0,0.0
1996-10-03,0.0,0.0,0.0,0.0,0.0
1996-10-04,0.0,0.0,0.0,0.0,0.0
1996-10-05,0.0,0.0,0.0,0.0,0.0
1996-10-06,0.0,0.0,0.0,0.0,0.0
1996-10-07,0.0,0.0,0.0,0.0,0.0
1996-10-08,0.0,0.0,0.0,0.0,0.0
1996-10-09,0.0,0.0,0.0,0.0,0.0
1996-10-10,0.0,0.0,0.0,0.0,0.0
1996-10-11,0.0,0.0,0.0,0.0,0.0
1996-10-12,0.0,0.0,0.0,0.0,0.0
1996-10-13,0.0,0.0,0.0,0.0,0.0
1996-10-14,0.0,0.0,0.0,0.0,0.0
1996-10-15,0.0,0.0,0.0,0.0,0.0
1996-10-16,0.0,0.0,0.0,0.0,0.0
1996-10-17,0.0,0.0,0.0,0.0,0.0
1996-10-18,0.0,0.0,0.0,0.0,0.0
1996-10-19,0.0,0.0,0.0,0.0,0.0
1996-10-20,0.0,0.0,0.0,0.0,0.0
1996-10-21,0.0,0.0,0.0,0.0,0.0
1996-10-22,0.0,0.0,0.0,0.0,0.0
1996-10-23,0.0,0.0,0.0,0.0,0.0
1996-10-24,0.0,0.0,0.0,0.0,0.0
1996-10-25,0.0,0.0,0.0,0.0,0.0
1996-10-26,0.0,0.0,0.0,0.0,0.0
1996-10-27,0.0,0.0,0.0,0.0,0.0
1996-10-28,0.0,0.0,0.0,0.0,0.0
1996-10-29,2.036,109.5,12.47,41.9,55.13
1996-10-30,1.707,86.38,12.57,31.87,41.94
1996-10-31,0.191,56.96,7.01,21.57,28.38
1996-11-01,0.027,34.56,6.98,4.88,22.7
1996-11-02,0.004,16.8,6.96,0.0,9.84
1996-11-03,0.001,9.05,6.91,0.0,2.14
1996-11-04,0.0,7.3,6.72,0.0,0.58
1996-11-05,0.0,7.12,6.54,0.0,0.58
1996-11-06,0.0,7.11,6.48,0.0,0.64
1996-11-07,0.0,7.12,6.47,0.0,0.65
1996-11-08,0.0,7.14,6.49,0.0,0.64
1996-11-09,0.0,7.12,6.47,0.0,0.65
1996-11-10,0.0,7.12,6.46,0.0,0.66
1996-11-11,0.0,7.12,6.47,0.0,0.65
1996-11-12,0.0,7.11,6.44,0.0,0.66
1996-11-13,0.0,7.14,6.49,0.0,0.65
1996-11-14,0.0,7.13,6.49,0.0,0.64
1996-11-15,0.0,7.09,6.43,0.0,0.66
1996-11-16,1.766,166.47,14.39,65.61,86.46
1996-11-17,8.754,359.0,23.95,144.67,190.37
1996-11-18,0.972,78.2,11.07,28.99,38.14
1996-11-19,1.231,88.22,11.58,33.1,43.55
1996-11-20,0.281,75.67,7.65,29.37,38.65
1996-11-21,0.563,65.25,8.28,24.18,32.78
1996-11-22,1.43,98.25,11.99,37.21,49.05
1996-11-23,0.175,66.59,6.96,25.74,33.89
1996-11-24,0.027,36.37,6.92,4.46,24.98
1996-11-25,0.006,14.68,6.76,0.0,7.91
1996-11-26,0.002,7.81,6.62,0.0,1.19
1996-11-27,0.001,7.15,6.56,0.0,0.59
1996-11-28,1.76,230.32,14.11,93.36,122.85
1996-11-29,0.303,202.06,8.2,83.71,110.15
1996-11-30,0.04,128.25,6.96,37.69,83.61
1996-12-01,0.079,31.95,6.32,9.14,16.49
1996-12-02,0.021,18.83,6.92,0.09,11.83
1996-12-03,0.004,10.17,6.73,0.0,3.44
1996-12-04,0.735,138.79,9.74,55.67,73.38
1996-12-05,4.835,216.28,20.41,84.57,111.3
1996-12-06,0.315,75.57,7.03,29.6,38.95
1996-12-07,0.056,46.64,6.9,14.52,25.21
1996-12-08,0.013,17.74,6.74,0.0,11.01
1996-12-09,2.41,129.61,13.65,50.04,65.93
1996-12-10,5.075,186.88,18.67,72.64,95.57
1996-12-11,1.0,56.71,8.17,20.96,27.58
1996-12-12,1.563,119.8,13.71,45.81,60.28
1996-12-13,0.464,86.23,9.25,33.24,43.74
1996-12-14,0.073,47.08,6.83,15.92,24.32
1996-12-15,0.025,15.25,6.6,0.0,8.65
1996-12-16,0.019,8.23,6.45,0.0,1.78
1996-12-17,0.016,7.47,6.5,0.0,0.98
1996-12-18,0.013,7.28,6.44,0.0,0.83
1996-12-19,0.013,7.28,6.42,0.0,0.85
1996-12-20,0.013,7.31,6.47,0.0,0.84
1996-12-21,10.16,245.46,21.59,96.67,127.2
1996-12-22,2.416,171.71,15.74,67.35,88.62
1996-12-23,0.288,119.25,7.22,48.37,63.65
1996-12-24,0.11,39.94,6.58,14.41,18.96
1996-12-25,0.079,13.48,6.48,3.02,3.98
1996-12-26,1.512,111.12,12.23,42.7,56.19
1996-12-27,1.525,158.0,14.24,62.08,81.68
1996-12-28,0.388,55.95,7.2,21.05,27.7
1996-12-29,1.732,161.24,13.97,63.59,83.67
1996-12-30,0.747,88.89,9.2,34.41,45.28
1996-12-31,0.385,34.6,6.52,12.13,15.96
1997-01-01,9.575,330.35,22.33,133.01,175.01
1997-01-02,6.457,157.49,18.9,59.85,78.74
1997-01-03,1.343,69.68,13.4,24.3,31.98
1997-01-04,0.424,14.78,6.53,3.56,4.69
1997-01-05,0.659,41.46,8.33,14.31,18.83
1997-01-06,0.306,14.17,6.52,3.31,4.35
1997-01-07,0.238,9.31,6.48,1.22,1.61
1997-01-08,0.194,8.59,6.48,0.91,1.2
1997-01-09,0.16,8.49,6.48,0.87,1.14
1997-01-10,0.133,8.47,6.47,0.86,1.14
1997-01-11,0.111,8.47,6.47,0.86,1.14
1997-01-12,0.157,21.42,6.0,6.66,8.76
1997-01-13,0.19,34.4,6.77,11.93,15.69
1997-01-14,0.077,15.76,6.58,3.96,5.22
1997-01-15,0.938,95.87,9.77,37.18,48.92
1997-01-16,0.164,43.77,6.73,15.99,21.04
1997-01-17,0.076,17.15,6.56,4.58,6.02
1997-01-18,0.053,9.43,6.5,1.0,1.93
1997-01-19,0.044,7.75,6.47,0.03,1.24
1997-01-20,0.894,97.67,9.69,37.98,50.0
1997-01-21,0.624,42.95,7.24,15.42,20.29
1997-01-22,7.109,181.66,18.67,70.38,92.61
1997-01-23,1.769,135.97,16.65,51.52,67.79
1997-01-24,2.117,209.52,15.3,83.87,110.35
1997-01-25,4.747,221.55,18.64,87.62,115.29
1997-01-26,3.45,135.48,17.09,51.12,67.27
1997-01-27,0.561,26.33,7.73,8.03,10.57
1997-01-28,0.397,10.46,6.48,1.72,2.26
1997-01-29,0.314,8.78,6.49,0.99,1.3
1997-01-30,0.244,8.53,6.49,0.88,1.16
1997-01-31,0.191,8.49,6.49,0.87,1.14
1997-02-01,0.149,8.49,6.49,0.86,1.14
1997-02-02,0.115,8.49,6.49,0.86,1.13
1997-02-03,0.09,8.49,6.49,0.86,1.13
1997-02-04,0.069,8.49,6.5,0.86,1.13
1997-02-05,0.053,8.18,6.5,0.55,1.13
1997-02-06,0.041,7.65,6.49,0.02,1.14
1997-02-07,0.033,7.62,6.48,0.01,1.13
1997-02-08,0.024,7.63,6.53,0.0,1.1
1997-02-09,0.018,7.45,6.49,0.0,0.96
1997-02-10,0.014,7.36,6.49,0.0,0.87
1997-02-11,0.011,7.31,6.5,0.0,0.8
1997-02-12,0.008,7.3,6.56,0.0,0.74
1997-02-13,0.004,7.23,6.59,0.0,0.64
1997-02-14,0.003,7.19,6.52,0.0,0.67
1997-02-15,0.002,7.23,6.58,0.0,0.64
1997-02-16,0.001,7.26,6.73,0.0,0.53
1997-02-17,0.019,10.78,6.21,0.03,4.54
1997-02-18,0.008,9.39,6.88,0.0,2.51
1997-02-19,0.001,7.65,6.97,0.0,0.68
1997-02-20,0.0,7.13,6.83,0.0,0.3
1997-02-21,0.0,7.1,6.84,0.0,0.26
1997-02-22,0.0,7.16,6.72,0.0,0.44
1997-02-23,0.0,7.12,6.98,0.0,0.14
1997-02-24,0.0,7.01,6.98,0.0,0.03
1997-02-25,0.0,6.99,6.98,0.0,0.01
1997-02-26,0.0,0.0,0.0,0.0,0.0
1997-02-27,0.0,0.0,0.0,0.0,0.0
1997-02-28,0.0,0.0,0.0,0.0,0.0
1997-03-01,0.0,0.0,0.0,0.0,0.0
1997-03-02,0.0,0.0,0.0,0.0,0.0
1997-03-03,0.0,0.0,0.0,0.0,0.0
1997-03-04,0.0,0.0,0.0,0.0,0.0
1997-03-05,0.0,0.0,0.0,0.0,0.0
1997-03-06,0.0,0.0,0.0,0.0,0.0
1997-03-07,0.0,0.0,0.0,0.0,0.0
1997-03-08,0.0,0.0,0.0,0.0,0.0
1997-03-09,0.0,0.0,0.0,0.0,0.0
1997-03-10,0.0,0.0,0.0,0.0,0.0
1997-03-11,0.0,0.0,0.0,0.0,0.0
1997-03-12,0.0,0.0,0.0,0.0,0.0
1997-03-13,0.0,0.0,0.0,0.0,0.0
1997-03-14,0.0,0.0,0.0,0.0,0.0
1997-03-15,0.0,0.0,0.0,0.0,0.0
1997-03-16,0.0,0.0,0.0,0.0,0.0
1997-03-17,0.0,0.0,0.0,0.0,0.0
1997-03-18,0.0,0.0,0.0,0.0,0.0
1997-03-19,0.0,0.0,0.0,0.0,0.0
1997-03-20,0.0,0.0,0.0,0.0,0.0
1997-03-21,0.0,0.0,0.0,0.0,0.0
1997-03-22,0.0,0.0,0.0,0.0,0.0
1997-03-23,0.0,0.0,0.0,0.0,0.0
1997-03-24,0.0,0.0,0.0,0.0,0.0
1997-03-25,0.0,0.0,0.0,0.0,0.0
1997-03-26,0.0,0.0,0.0,0.0,0.0
1997-03-27,0.0,0.0,0.0,0.0,0.0
1997-03-28,0.0,0.0,0.0,0.0,0.0
1997-03-29,0.0,0.0,0.0,0.0,0.0
1997-03-30,0.0,0.0,0.0,0.0,0.0
1997-03-31,0.0,0.0,0.0,0.0,0.0
1997-04-01,0.0,0.0,0.0,0.0,0.0
1997-04-02,0.0,0.0,0.0,0.0,0.0
1997-04-03,0.0,0.0,0.0,0.0,0.0
1997-04-04,0.0,0.0,0.0,0.0,0.0
1997-04-05,0.0,0.0,0.0,0.0,0.0
1997-04-06,0.0,0.0,0.0,0.0,0.0
1997-04-07,0.0,0.0,0.0,0.0,0.0
1997-04-08,0.0,0.0,0.0,0.0,0.0
1997-04-09,0.0,0.0,0.0,0.0,0.0
1997-04-10,0.0,0.0,0.0,0.0,0.0
1997-04-11,0.0,0.0,0.0,0.0,0.0
1997-04-12,0.0,0.0,0.0,0.0,0.0
1997-04-13,0.0,0.0,0.0,0.0,0.0
1997-04-14,0.0,0.0,0.0,0.0,0.0
1997-04-15,0.0,0.0,0.0,0.0,0.0
1997-04-16,0.0,0.0,0.0,0.0,0.0
1997-04-17,0.0,0.0,0.0,0.0,0.0
1997-04-18,0.0,23.11,6.42,7.2,9.48
1997-04-19,0.229,63.47,6.34,24.59,32.54
1997-04-20,0.034,45.2,6.98,10.22,28.01
1997-04-21,0.005,21.0,6.98,0.0,14.02
1997-04-22,0.001,10.39,6.98,0.0,3.41
1997-04-23,0.0,7.7,6.97,0.0,0.73
1997-04-24,0.0,7.13,6.98,0.0,0.15
1997-04-25,0.0,7.01,6.98,0.0,0.03
1997-04-26,0.0,6.99,6.98,0.0,0.01
1997-04-27,0.0,6.98,6.98,0.0,0.0
1997-04-28,0.0,0.0,0.0,0.0,0.0
1997-04-29,0.0,0.0,0.0,0.0,0.0
1997-04-30,0.0,0.0,0.0,0.0,0.0
1997-05-01,0.0,0.0,0.0,0.0,0.0
1997-05-02,0.0,0.0,0.0,0.0,0.0
1997-05-03,0.0,0.0,0.0,0.0,0.0
1997-05-04,0.0,0.0,0.0,0.0,0.0
1997-05-05,0.0,0.0,0.0,0.0,0.0
1997-05-06,0.0,0.0,0.0,0.0,0.0
1997-05-07,0.0,0.0,0.0,0.0,0.0
1997-05-08,0.0,0.0,0.0,0.0,0.0
1997-05-09,0.0,0.0,0.0,0.0,0.0
1997-05-10,0.0,0.0,0.0,0.0,0.0
1997-05-11,0.0,0.0,0.0,0.0,0.0
1997-05-12,0.0,0.0,0.0,0.0,0.0
1997-05-13,0.0,0.0,0.0,0.0,0.0
1997-05-14,0.0,0.0,0.0,0.0,0.0
1997-05-15,0.0,0.0,0.0,0.0,0.0
1997-05-16,0.0,0.0,0.0,0.0,0.0
1997-05-17,0.0,0.0,0.0,0.0,0.0
1997-05-18,0.0,0.0,0.0,0.0,0.0
1997-05-19,0.0,0.0,0.0,0.0,0.0
1997-05-20,0.0,0.0,0.0,0.0,0.0
1997-05-21,0.0,0.0,0.0,0.0,0.0
1997-05-22,0.0,0.0,0.0,0.0,0.0
1997-05-23,0.591,112.88,9.82,44.5,58.56
1997-05-24,0.123,89.68,6.98,35.07,47.63
1997-05-25,0.017,43.95,6.98,0.03,36.94
1997-05-26,0.002,20.2,6.98,0.0,13.22
1997-05-27,0.0,9.93,6.97,0.0,2.96
1997-05-28,0.0,7.59,6.96,0.0,0.63
1997-05-29,0.0,7.12,6.9,0.0,0.22
1997-05-30,0.0,7.03,6.94,0.0,0.1
1997-05-31,0.0,7.06,6.62,0.0,0.44
1997-06-01,0.0,7.12,6.98,0.0,0.14
1997-06-02,0.0,0.0,0.0,0.0,0.0
1997-06-03,0.029,43.06,5.0,16.43,21.62
1997-06-04,0.144,44.69,6.84,16.35,21.51
1997-06-05,0.023,24.05,6.98,1.68,15.38
1997-06-06,0.003,13.39,6.98,0.0,6.41
1997-06-07,0.0,8.47,6.98,0.0,1.49
1997-06-08,0.0,7.29,6.98,0.0,0.32
1997-06-09,0.0,7.04,6.98,0.0,0.07
1997-06-10,0.0,6.99,6.98,0.0,0.01
1997-06-11,0.0,6.98,6.98,0.0,0.0
1997-06-12,0.0,6.98,6.98,0.0,0.0
1997-06-13,0.0,0.0,0.0,0.0,0.0
1997-06-14,0.0,0.0,0.0,0.0,0.0
1997-06-15,0.0,0.0,0.0,0.0,0.0
1997-06-16,0.0,0.0,0.0,0.0,0.0
1997-06-17,0.0,0.0,0.0,0.0,0.0
1997-06-18,0.0,0.0,0.0,0.0,0.0
1997-06-19,0.0,0.0,0.0,0.0,0.0
1997-06-20,0.0,0.0,0.0,0.0,0.0
1997-06-21,0.0,0.0,0.0,0.0,0.0
1997-06-22,0.0,0.0,0.0,0.0,0.0
1997-06-23,0.0,0.0,0.0,0.0,0.0
1997-06-24,0.0,0.0,0.0,0.0,0.0
1997-06-25,0.0,0.0,0.0,0.0,0.0
1997-06-26,0.0,0.0,0.0,0.0,0.0
1997-06-27,0.0,0.0,0.0,0.0,0.0
1997-06-28,0.0,0.0,0.0,0.0,0.0
1997-06-29,0.0,0.0,0.0,0.0,0.0
1997-06-30,0.0,0.0,0.0,0.0,0.0
1997-07-01,0.0,0.0,0.0,0.0,0.0
1997-07-02,0.0,0.0,0.0,0.0,0.0
1997-07-03,0.0,0.0,0.0,0.0,0.0
1997-07-04,0.0,0.0,0.0,0.0,0.0
1997-07-05,0.0,0.0,0.0,0.0,0.0
1997-07-06,0.0,0.0,0.0,0.0,0.0
1997-07-07,0.0,0.0,0.0,0.0,0.0
1997-07-08,0.0,0.0,0.0,0.0,0.0
1997-07-09,0.0,0.0,0.0,0.0,0.0
1997-07-10,0.0,0.0,0.0,0.0,0.0
1997-07-11,0.0,0.0,0.0,0.0,0.0
1997-07-12,0.0,0.0,0.0,0.0,0.0
1997-07-13,0.0,0.0,0.0,0.0,0.0
1997-07-14,0.0,0.0,0.0,0.0,0.0
1997-07-15,0.0,0.0,0.0,0.0,0.0
1997-07-16,0.0,0.0,0.0,0.0,0.0
1997-07-17,0.0,0.0,0.0,0.0,0.0
1997-07-18,0.0,0.0,0.0,0.0,0.0
1997-07-19,0.0,0.0,0.0,0.0,0.0
1997-07-20,0.0,0.0,0.0,0.0,0.0
1997-07-21,0.0,0.0,0.0,0.0,0.0
1997-07-22,0.0,0.0,0.0,0.0,0.0
1997-07-23,0.0,0.0,0.0,0.0,0.0
1997-07-24,0.0,0.0,0.0,0.0,0.0
1997-07-25,0.0,0.0,0.0,0.0,0.0
1997-07-26,0.0,0.0,0.0,0.0,0.0
1997-07-27,0.0,0.0,0.0,0.0,0.0
1997-07-28,0.0,0.0,0.0,0.0,0.0
1997-07-29,0.0,0.0,0.0,0.0,0.0
1997-07-30,0.0,0.0,0.0,0.0,0.0
1997-07-31,0.0,0.0,0.0,0.0,0.0
1997-08-01,0.0,0.0,0.0,0.0,0.0
1997-08-02,0.0,0.0,0.0,0.0,0.0
1997-08-03,0.0,0.0,0.0,0.0,0.0
1997-08-04,0.0,0.0,0.0,0.0,0.0
1997-08-05,0.0,0.0,0.0,0.0,0.0
1997-08-06,0.0,0.0,0.0,0.0,0.0
1997-08-07,0.0,0.0,0.0,0.0,0.0
1997-08-08,0.0,0.0,0.0,0.0,0.0
1997-08-09,0.0,0.0,0.0,0.0,0.0
1997-08-10,0.0,0.0,0.0,0.0,0.0
1997-08-11,0.0,0.0,0.0,0.0,0.0
1997-08-12,0.0,0.0,0.0,0.0,0.0
1997-08-13,0.0,0.0,0.0,0.0,0.0
1997-08-14,0.0,0.0,0.0,0.0,0.0
1997-08-15,0.0,0.0,0.0,0.0,0.0
1997-08-16,0.0,0.0,0.0,0.0,0.0
1997-08-17,0.0,0.0,0.0,0.0,0.0
1997-08-18,0.0,0.0,0.0,0.0,0.0
1997-08-19,0.002,40.32,6.42,14.64,19.26
1997-08-20,0.438,82.99,7.73,32.23,43.03
1997-08-21,0.054,65.03,6.98,20.69,37.36
1997-08-22,0.007,30.03,6.98,0.0,23.05
1997-08-23,0.001,13.13,6.98,0.0,6.16
1997-08-24,0.0,8.3,6.97,0.0,1.32
1997-08-25,0.0,7.25,6.96,0.0,0.3
1997-08-26,0.0,7.05,6.9,0.0,0.15
1997-08-27,0.0,7.04,6.9,0.0,0.13
1997-08-28,0.0,7.02,6.98,0.0,0.04
1997-08-29,0.0,0.0,0.0,0.0,0.0
1997-08-30,0.0,0.0,0.0,0.0,0.0
1997-08-31,0.0,0.0,0.0,0.0,0.0
1997-09-01,0.0,0.0,0.0,0.0,0.0
1997-09-02,0.0,0.0,0.0,0.0,0.0
1997-09-03,0.0,0.0,0.0,0.0,0.0
1997-09-04,0.0,0.0,0.0,0.0,0.0
1997-09-05,0.0,0.0,0.0,0.0,0.0
1997-09-06,0.0,0.0,0.0,0.0,0.0
1997-09-07,0.0,0.0,0.0,0.0,0.0
1997-09-08,0.0,0.0,0.0,0.0,0.0
1997-09-09,0.0,0.0,0.0,0.0,0.0
1997-09-10,0.0,0.0,0.0,0.0,0.0
1997-09-11,0.0,0.0,0.0,0.0,0.0
1997-09-12,0.0,0.0,0.0,0.0,0.0
1997-09-13,0.0,0.0,0.0,0.0,0.0
1997-09-14,0.0,0.0,0.0,0.0,0.0
1997-09-15,0.0,0.0,0.0,0.0,0.0
1997-09-16,0.0,0.0,0.0,0.0,0.0
1997-09-17,0.0,0.0,0.0,0.0,0.0
1997-09-18,0.0,0.0,0.0,0.0,0.0
1997-09-19,0.0,0.0,0.0,0.0,0.0
1997-09-20,0.0,0.0,0.0,0.0,0.0
1997-09-21,0.0,0.0,0.0,0.0,0.0
1997-09-22,0.0,0.0,0.0,0.0,0.0
1997-09-23,0.0,0.0,0.0,0.0,0.0
1997-09-24,0.0,0.0,0.0,0.0,0.0
1997-09-25,0.0,0.0,0.0,0.0,0.0
1997-09-26,0.0,0.0,0.0,0.0,0.0
1997-09-27,0.0,0.0,0.0,0.0,0.0
1997-09-28,0.0,0.0,0.0,0.0,0.0
1997-09-29,0.0,0.0,0.0,0.0,0.0
1997-09-30,0.0,0.0,0.0,0.0,0.0
1997-10-01,0.0,0.0,0.0,0.0,0.0
1997-10-02,0.0,0.0,0.0,0.0,0.0
1997-10-03,0.0,0.0,0.0,0.0,0.0
1997-10-04,0.0,0.0,0.0,0.0,0.0
1997-10-05,0.0,0.0,0.0,0.0,0.0
1997-10-06,0.0,0.0,0.0,0.0,0.0
1997-10-07,0.0,0.0,0.0,0.0,0.0
1997-10-08,0.0,0.0,0.0,0.0,0.0
1997-10-09,2.768,289.3,17.22,117.49,154.59
1997-10-10,0.149,163.47,6.97,67.42,89.08
1997-10-11,0.02,79.67,6.98,2.06,70.63
1997-10-12,0.003,34.28,6.97,0.0,27.31
1997-10-13,0.0,12.71,6.92,0.0,5.78
1997-10-14,0.0,7.83,6.77,0.0,1.06
1997-10-15,0.0,7.15,6.56,0.0,0.58
1997-10-16,0.0,7.12,6.49,0.0,0.64
1997-10-17,0.0,7.12,6.47,0.0,0.65
1997-10-18,0.0,7.12,6.47,0.0,0.66
1997-10-19,0.0,7.11,6.46,0.0,0.66
1997-10-20,0.0,7.11,6.45,0.0,0.66
1997-10-21,0.0,7.13,6.48,0.0,0.65
1997-10-22,0.0,7.13,6.47,0.0,0.65
1997-10-23,0.0,7.11,6.45,0.0,0.65
1997-10-24,0.0,7.26,6.62,0.0,0.64
1997-10-25,0.0,6.91,6.33,0.0,0.57
1997-10-26,0.0,7.18,6.49,0.0,0.68
1997-10-27,0.0,7.11,6.47,0.0,0.64
1997-10-28,0.0,7.17,6.53,0.0,0.65
1997-10-29,0.0,7.08,6.44,0.0,0.64
1997-10-30,0.0,7.14,6.48,0.0,0.66
1997-10-31,0.0,7.14,6.5,0.0,0.65
1997-11-01,0.0,7.18,6.56,0.0,0.62
1997-11-02,0.0,7.17,6.68,0.0,0.48
1997-11-03,0.0,7.09,6.67,0.0,0.42
1997-11-04,0.0,7.2,6.98,0.0,0.22
1997-11-05,0.0,0.0,0.0,0.0,0.0
1997-11-06,0.0,0.0,0.0,0.0,0.0
1997-11-07,0.0,0.0,0.0,0.0,0.0
1997-11-08,0.0,0.0,0.0,0.0,0.0
1997-11-09,0.0,0.0,0.0,0.0,0.0
1997-11-10,3.729,251.64,17.28,101.2,133.16
1997-11-11,0.474,92.55,9.25,35.97,47.33
1997-11-12,0.074,55.7,6.97,19.16,29.56
1997-11-13,1.263,91.48,11.43,34.48,45.57
1997-11-14,2.77,196.64,15.93,78.03,102.68
1997-11-15,1.824,248.27,13.91,101.2,133.16
1997-11-16,0.584,84.5,8.18,32.96,43.36
1997-11-17,0.101,55.44,6.97,20.09,28.38
1997-11-18,0.054,33.98,5.62,9.87,18.49
1997-11-19,1.05,111.32,10.73,43.43,57.17
1997-11-20,0.1,77.0,6.97,29.01,41.01
1997-11-21,0.014,36.72,6.96,0.0,29.76
1997-11-22,0.002,16.16,6.93,0.0,9.23
1997-11-23,0.001,7.74,6.46,0.0,1.28
1997-11-24,0.164,71.7,7.06,27.92,36.73
1997-11-25,2.342,184.7,8.86,75.93,99.91
1997-11-26,10.184,621.06,28.4,255.72,336.94
1997-11-27,1.017,154.72,14.53,60.53,79.66
1997-11-28,0.089,84.07,6.92,31.51,45.64
1997-11-29,0.516,139.05,5.27,57.36,76.42
1997-11-30,3.072,368.93,20.24,150.55,198.13
1997-12-01,0.137,177.07,6.92,73.45,96.69
1997-12-02,0.03,62.12,6.75,4.63,50.74
1997-12-03,0.014,16.23,6.58,0.0,9.65
1997-12-04,0.009,8.08,6.58,0.0,1.49
1997-12-05,0.005,7.1,6.36,0.0,0.74
1997-12-06,0.008,7.14,6.35,0.0,0.79
1997-12-07,7.069,279.95,19.46,112.48,148.0
1997-12-08,1.7,115.45,13.85,43.87,57.73
1997-12-09,0.175,66.34,6.87,25.68,33.79
1997-12-10,0.05,28.45,6.66,7.58,14.21
1997-12-11,0.029,10.18,6.51,0.01,3.66
1997-12-12,0.024,7.86,6.46,0.0,1.39
1997-12-13,0.02,7.52,6.49,0.0,1.02
1997-12-14,2.902,132.02,15.17,50.46,66.39
1997-12-15,0.322,87.59,8.1,34.32,45.16
1997-12-16,0.07,42.77,6.72,14.54,21.51
1997-12-17,0.036,12.18,6.52,0.01,5.65
1997-12-18,0.026,8.36,6.54,0.0,1.82
1997-12-19,0.019,7.5,6.45,0.0,1.05
1997-12-20,0.018,7.45,6.49,0.0,0.95
1997-12-21,0.21,130.03,7.6,52.85,69.58
1997-12-22,0.181,139.78,6.95,57.36,75.47
1997-12-23,0.037,63.84,6.77,14.19,42.89
1997-12-24,0.014,17.48,6.7,0.0,10.78
1997-12-25,1.645,604.33,14.31,254.78,335.25
1997-12-26,0.786,280.26,10.13,116.65,153.48
1997-12-27,0.098,186.94,6.87,75.69,104.38
1997-12-28,0.028,48.79,6.68,0.05,42.06
1997-12-29,0.015,13.66,6.52,0.0,7.14
1997-12-30,0.012,7.73,6.46,0.0,1.27
1997-12-31,0.011,7.29,6.45,0.0,0.84
1998-01-01,0.011,7.25,6.44,0.0,0.81
1998-01-02,2.288,131.05,13.4,50.8,66.85
1998-01-03,1.138,67.76,9.73,25.06,32.97
1998-01-04,4.521,304.02,18.43,123.32,162.27
1998-01-05,0.304,124.87,7.64,50.62,66.61
1998-01-06,0.089,49.98,6.63,18.72,24.63
1998-01-07,0.499,50.31,7.77,18.37,24.18
1998-01-08,0.125,34.32,6.76,11.9,15.66
1998-01-09,0.248,67.3,6.9,25.99,34.41
1998-01-10,1.821,94.7,12.67,35.41,46.61
1998-01-11,2.583,162.4,15.36,63.5,83.55
1998-01-12,7.404,335.31,21.08,135.69,178.54
1998-01-13,0.597,219.9,9.6,90.81,119.49
1998-01-14,1.494,109.25,11.55,42.19,55.51
1998-01-15,4.63,185.48,18.27,72.2,95.0
1998-01-16,0.61,64.77,8.63,24.25,31.9
1998-01-17,0.338,19.99,6.61,5.78,7.61
1998-01-18,7.238,701.03,23.73,292.47,384.83
1998-01-19,1.571,210.72,13.05,85.36,112.31
1998-01-20,0.427,45.06,7.11,16.39,21.56
1998-01-21,0.286,14.05,6.5,3.26,4.29
1998-01-22,0.229,9.27,6.48,1.21,1.59
1998-01-23,0.187,8.59,6.48,0.91,1.2
1998-01-24,0.155,8.49,6.48,0.87,1.14
1998-01-25,0.128,8.48,6.48,0.86,1.14
1998-01-26,0.108,8.43,6.44,0.86,1.13
1998-01-27,0.351,59.45,6.96,22.66,29.82
1998-01-28,0.146,37.81,6.54,13.5,17.76
1998-01-29,5.648,406.85,20.25,166.94,219.66
1998-01-30,0.358,103.41,7.17,41.56,54.68
1998-01-31,0.383,32.72,6.8,11.2,14.73
1998-02-01,2.173,177.26,14.08,70.47,92.72
1998-02-02,9.061,266.96,19.48,106.87,140.61
1998-02-03,11.678,372.24,27.58,148.83,195.83
1998-02-04,2.193,63.98,13.28,21.89,28.8
1998-02-05,1.908,63.07,12.43,21.87,28.77
1998-02-06,6.766,220.17,19.6,86.61,113.96
1998-02-07,5.738,154.87,18.03,59.09,77.75
1998-02-08,4.137,146.51,17.41,55.75,73.36
1998-02-09,1.414,49.08,11.25,16.34,21.49
1998-02-10,0.887,28.31,9.12,8.29,10.9
1998-02-11,0.87,31.04,9.13,9.46,12.44
1998-02-12,1.297,94.02,11.16,35.78,47.08
1998-02-13,0.408,36.25,7.07,12.6,16.58
1998-02-14,3.613,171.13,15.97,67.0,88.16
1998-02-15,0.779,47.21,9.32,16.36,21.53
1998-02-16,0.937,58.49,10.05,20.92,27.53
1998-02-17,0.501,48.6,8.34,17.39,22.88
1998-02-18,0.221,16.14,6.56,4.13,5.44
1998-02-19,2.611,230.74,15.7,92.86,122.18
1998-02-20,0.509,113.08,8.44,45.18,59.45
1998-02-21,4.725,252.78,19.47,100.75,132.57
1998-02-22,0.869,85.86,10.04,32.74,43.08
1998-02-23,2.205,229.5,14.7,92.75,122.04
1998-02-24,0.475,85.69,7.72,33.67,44.3
1998-02-25,0.256,21.77,6.54,6.57,8.65
1998-02-26,0.17,10.82,6.53,1.85,2.44
1998-02-27,0.114,8.91,6.53,1.03,1.35
1998-02-28,0.076,8.6,6.54,0.89,1.17
1998-03-01,0.05,8.18,6.54,0.5,1.14
1998-03-02,0.032,7.67,6.54,0.01,1.13
1998-03-03,0.02,7.66,6.61,0.0,1.05
1998-03-04,0.01,7.36,6.56,0.0,0.79
1998-03-05,0.161,73.72,7.0,28.8,37.92
1998-03-06,0.273,82.0,7.58,32.14,42.29
1998-03-07,0.055,43.13,6.79,13.43,22.91
1998-03-08,0.321,81.1,7.14,31.68,42.28
1998-03-09,0.12,65.44,6.84,25.22,33.37
1998-03-10,0.036,22.42,6.67,2.51,13.25
1998-03-11,0.018,9.95,6.58,0.0,3.37
1998-03-12,0.012,7.58,6.53,0.0,1.06
1998-03-13,2.144,150.38,14.4,58.72,77.26
1998-03-14,0.262,71.31,6.82,27.85,36.64
1998-03-15,0.112,25.27,6.59,8.07,10.61
1998-03-16,0.07,11.5,6.53,2.1,2.87
1998-03-17,0.048,8.45,6.53,0.5,1.42
1998-03-18,0.032,7.71,6.53,0.01,1.17
1998-03-19,0.022,7.59,6.52,0.0,1.08
1998-03-20,0.016,7.45,6.52,0.0,0.92
1998-03-21,0.012,7.3,6.48,0.0,0.82
1998-03-22,0.008,7.29,6.54,0.0,0.75
1998-03-23,1.163,114.02,12.72,43.74,57.56
1998-03-24,1.034,96.82,13.04,36.18,47.6
1998-03-25,1.061,105.13,10.52,40.86,53.76
1998-03-26,0.209,41.42,6.69,15.0,19.73
1998-03-27,0.144,16.54,6.48,4.35,5.72
1998-03-28,0.086,10.35,6.54,1.64,2.16
1998-03-29,0.059,8.56,6.52,0.73,1.3
1998-03-30,0.042,7.74,6.52,0.06,1.16
1998-03-31,1.323,170.75,12.33,68.4,90.03
1998-04-01,0.345,73.5,6.94,28.74,37.82
1998-04-02,0.12,31.28,6.67,10.63,13.99
1998-04-03,1.488,147.47,10.98,58.94,77.55
1998-04-04,0.973,135.08,12.6,52.89,69.59
1998-04-05,0.239,36.8,6.69,13.01,17.11
1998-04-06,0.127,14.58,6.53,3.48,4.57
1998-04-07,0.088,9.51,6.52,1.29,1.7
1998-04-08,0.069,8.62,6.48,0.92,1.22
1998-04-09,0.053,8.23,6.52,0.56,1.15
1998-04-10,0.039,7.65,6.49,0.02,1.13
1998-04-11,0.028,7.68,6.55,0.01,1.12
1998-04-12,0.1,5.45,1.51,1.63,2.31
1998-04-13,1.697,137.39,12.76,53.82,70.81
1998-04-14,0.223,64.16,6.77,24.78,32.6
1998-04-15,0.088,24.55,6.6,7.75,10.2
1998-04-16,0.053,11.02,6.54,1.61,2.86
1998-04-17,0.037,7.94,6.51,0.02,1.41
1998-04-18,0.027,7.66,6.5,0.01,1.15
1998-04-19,0.021,7.53,6.5,0.0,1.03
1998-04-20,0.015,7.42,6.51,0.0,0.91
1998-04-21,0.011,7.33,6.51,0.0,0.81
1998-04-22,0.008,7.29,6.53,0.0,0.75
1998-04-23,0.005,7.19,6.48,0.0,0.71
1998-04-24,0.004,7.21,6.52,0.0,0.69
1998-04-25,0.003,7.21,6.55,0.0,0.67
1998-04-26,0.001,7.24,6.62,0.0,0.61
1998-04-27,0.001,7.24,6.72,0.0,0.51
1998-04-28,0.0,7.14,6.83,0.0,0.31
1998-04-29,0.0,7.19,6.8,0.0,0.39
1998-04-30,0.0,7.08,6.97,0.0,0.11
1998-05-01,0.0,7.0,6.98,0.0,0.02
1998-05-02,0.0,6.98,6.98,0.0,0.0
1998-05-03,0.0,0.0,0.0,0.0,0.0
1998-05-04,0.495,152.06,9.59,61.52,80.95
1998-05-05,1.946,317.4,15.5,130.37,171.54
1998-05-06,0.35,215.22,8.24,89.38,117.6
1998-05-07,0.086,90.86,6.68,36.35,47.83
1998-05-08,0.043,22.26,6.57,3.85,11.85
1998-05-09,0.027,9.55,6.54,0.01,3.0
1998-05-10,0.02,7.74,6.49,0.0,1.25
1998-05-11,0.017,7.4,6.46,0.0,0.94
1998-05-12,0.82,87.88,9.82,33.66,44.4
1998-05-13,0.694,81.6,10.84,30.54,40.21
1998-05-14,0.119,38.11,6.77,13.53,17.81
1998-05-15,0.049,15.43,6.59,3.12,5.73
1998-05-16,0.031,8.46,6.51,0.01,1.94
1998-05-17,0.023,7.7,6.51,0.0,1.19
1998-05-18,0.017,7.48,6.51,0.0,0.97
1998-05-19,0.013,7.35,6.49,0.0,0.86
1998-05-20,0.01,7.3,6.5,0.0,0.8
1998-05-21,0.007,7.23,6.49,0.0,0.74
1998-05-22,0.006,7.23,6.5,0.0,0.73
1998-05-23,0.004,7.17,6.49,0.0,0.68
1998-05-24,0.003,7.2,6.51,0.0,0.69
1998-05-25,0.002,7.32,6.71,0.0,0.61
1998-05-26,0.0,7.07,6.65,0.0,0.41
1998-05-27,0.205,45.86,6.35,16.59,22.92
1998-05-28,3.106,186.25,16.07,73.47,96.7
1998-05-29,1.227,81.21,10.6,30.49,40.12
1998-05-30,0.226,39.33,6.78,14.06,18.5
1998-05-31,0.091,17.24,6.59,4.6,6.05
1998-06-01,0.059,9.67,6.51,1.17,1.99
1998-06-02,0.044,7.87,6.51,0.09,1.27
1998-06-03,0.037,7.61,6.45,0.02,1.15
1998-06-04,0.029,7.64,6.51,0.01,1.12
1998-06-05,0.022,7.54,6.49,0.0,1.05
1998-06-06,0.018,7.46,6.49,0.0,0.97
1998-06-07,0.014,7.35,6.49,0.0,0.86
1998-06-08,0.012,7.29,6.46,0.0,0.83
1998-06-09,0.01,7.29,6.49,0.0,0.8
1998-06-10,0.007,7.23,6.48,0.0,0.75
1998-06-11,0.006,7.21,6.48,0.0,0.73
1998-06-12,0.005,7.25,6.54,0.0,0.71
1998-06-13,0.003,7.19,6.54,0.0,0.65
1998-06-14,0.002,7.22,6.58,0.0,0.65
1998-06-15,0.001,7.22,6.68,0.0,0.54
1998-06-16,0.0,7.13,6.97,0.0,0.15
1998-06-17,0.0,7.01,6.98,0.0,0.03
1998-06-18,0.0,6.99,6.98,0.0,0.01
1998-06-19,0.0,6.98,6.98,0.0,0.0
1998-06-20,0.0,6.98,6.98,0.0,0.0
1998-06-21,0.0,0.0,0.0,0.0,0.0
1998-06-22,0.0,0.0,0.0,0.0,0.0
1998-06-23,0.0,0.0,0.0,0.0,0.0
1998-06-24,0.0,0.0,0.0,0.0,0.0
1998-06-25,0.0,0.0,0.0,0.0,0.0
1998-06-26,0.0,0.0,0.0,0.0,0.0
1998-06-27,0.0,0.0,0.0,0.0,0.0
1998-06-28,0.0,0.0,0.0,0.0,0.0
1998-06-29,0.0,0.0,0.0,0.0,0.0
1998-06-30,0.0,0.0,0.0,0.0,0.0
1998-07-01,0.0,0.0,0.0,0.0,0.0
1998-07-02,0.0,0.0,0.0,0.0,0.0
1998-07-03,0.0,0.0,0.0,0.0,0.0
1998-07-04,0.0,0.0,0.0,0.0,0.0
1998-07-05,0.0,0.0,0.0,0.0,0.0
1998-07-06,0.0,0.0,0.0,0.0,0.0
1998-07-07,0.0,0.0,0.0,0.0,0.0
1998-07-08,0.0,0.0,0.0,0.0,0.0
1998-07-09,0.0,0.0,0.0,0.0,0.0
1998-07-10,0.0,0.0,0.0,0.0,0.0
1998-07-11,0.0,0.0,0.0,0.0,0.0
1998-07-12,0.0,0.0,0.0,0.0,0.0
1998-07-13,0.0,0.0,0.0,0.0,0.0
1998-07-14,0.0,0.0,0.0,0.0,0.0
1998-07-15,0.0,0.0,0.0,0.0,0.0
1998-07-16,0.0,0.0,0.0,0.0,0.0
1998-07-17,0.0,0.0,0.0,0.0,0.0
1998-07-18,0.0,0.0,0.0,0.0,0.0
1998-07-19,0.0,0.0,0.0,0.0,0.0
1998-07-20,0.0,0.0,0.0,0.0,0.0
1998-07-21,0.0,0.0,0.0,0.0,0.0
1998-07-22,0.0,0.0,0.0,0.0,0.0
1998-07-23,0.0,0.0,0.0,0.0,0.0
1998-07-24,0.0,0.0,0.0,0.0,0.0
1998-07-25,0.0,0.0,0.0,0.0,0.0
1998-07-26,0.0,0.0,0.0,0.0,0.0
1998-07-27,0.0,0.0,0.0,0.0,0.0
1998-07-28,0.0,0.0,0.0,0.0,0.0
1998-07-29,0.0,0.0,0.0,0.0,0.0
1998-07-30,0.0,0.0,0.0,0.0,0.0
1998-07-31,0.0,0.0,0.0,0.0,0.0
1998-08-01,0.0,0.0,0.0,0.0,0.0
1998-08-02,0.0,0.0,0.0,0.0,0.0
1998-08-03,0.0,0.0,0.0,0.0,0.0
1998-08-04,0.0,0.0,0.0,0.0,0.0
1998-08-05,0.0,0.0,0.0,0.0,0.0
1998-08-06,0.0,0.0,0.0,0.0,0.0
1998-08-07,0.0,0.0,0.0,0.0,0.0
1998-08-08,0.0,0.0,0.0,0.0,0.0
1998-08-09,0.0,0.0,0.0,0.0,0.0
1998-08-10,0.0,0.0,0.0,0.0,0.0
1998-08-11,0.0,0.0,0.0,0.0,0.0
1998-08-12,0.0,0.0,0.0,0.0,0.0
1998-08-13,0.0,0.0,0.0,0.0,0.0
1998-08-14,0.0,0.0,0.0,0.0,0.0
1998-08-15,0.0,0.0,0.0,0.0,0.0
1998-08-16,0.0,0.0,0.0,0.0,0.0
1998-08-17,0.0,0.0,0.0,0.0,0.0
1998-08-18,0.0,0.0,0.0,0.0,0.0
1998-08-19,0.0,0.0,0.0,0.0,0.0
1998-08-20,0.0,0.0,0.0,0.0,0.0
1998-08-21,0.0,0.0,0.0,0.0,0.0
1998-08-22,0.0,0.0,0.0,0.0,0.0
1998-08-23,0.0,0.0,0.0,0.0,0.0
1998-08-24,0.0,0.0,0.0,0.0,0.0
1998-08-25,0.0,0.0,0.0,0.0,0.0
1998-08-26,0.0,0.0,0.0,0.0,0.0
1998-08-27,0.0,0.0,0.0,0.0,0.0
1998-08-28,0.0,0.0,0.0,0.0,0.0
1998-08-29,0.0,0.0,0.0,0.0,0.0
1998-08-30,0.0,0.0,0.0,0.0,0.0
1998-08-31,0.0,0.0,0.0,0.0,0.0
1998-09-01,0.0,0.0,0.0,0.0,0.0
1998-09-02,0.0,0.0,0.0,0.0,0.0
1998-09-03,0.0,0.0,0.0,0.0,0.0
1998-09-04,0.0,0.0,0.0,0.0,0.0
1998-09-05,0.0,0.0,0.0,0.0,0.0
1998-09-06,0.0,0.0,0.0,0.0,0.0
1998-09-07,0.0,0.0,0.0,0.0,0.0
1998-09-08,0.0,0.0,0.0,0.0,0.0
1998-09-09,0.0,0.0,0.0,0.0,0.0
1998-09-10,0.0,0.0,0.0,0.0,0.0
1998-09-11,0.0,0.0,0.0,0.0,0.0
1998-09-12,0.0,0.0,0.0,0.0,0.0
1998-09-13,0.0,0.0,0.0,0.0,0.0
1998-09-14,0.0,0.0,0.0,0.0,0.0
1998-09-15,0.0,0.0,0.0,0.0,0.0
1998-09-16,0.0,0.0,0.0,0.0,0.0
1998-09-17,0.0,0.0,0.0,0.0,0.0
1998-09-18,0.0,0.0,0.0,0.0,0.0
1998-09-19,0.0,0.0,0.0,0.0,0.0
1998-09-20,0.0,0.0,0.0,0.0,0.0
1998-09-21,0.0,0.0,0.0,0.0,0.0
1998-09-22,0.0,0.0,0.0,0.0,0.0
1998-09-23,0.0,0.0,0.0,0.0,0.0
1998-09-24,0.0,0.0,0.0,0.0,0.0
1998-09-25,0.0,0.0,0.0,0.0,0.0
1998-09-26,0.0,0.0,0.0,0.0,0.0
1998-09-27,0.0,0.0,0.0,0.0,0.0
1998-09-28,0.0,0.0,0.0,0.0,0.0
1998-09-29,0.0,0.0,0.0,0.0,0.0
1998-09-30,0.0,0.0,0.0,0.0,0.0
1998-10-01,0.0,0.0,0.0,0.0,0.0
1998-10-02,0.0,0.0,0.0,0.0,0.0
1998-10-03,0.0,0.0,0.0,0.0,0.0
1998-10-04,0.0,0.0,0.0,0.0,0.0
1998-10-05,0.0,0.0,0.0,0.0,0.0
1998-10-06,0.0,0.0,0.0,0.0,0.0
1998-10-07,0.0,0.0,0.0,0.0,0.0
1998-10-08,0.0,0.0,0.0,0.0,0.0
1998-10-09,0.0,0.0,0.0,0.0,0.0
1998-10-10,0.0,0.0,0.0,0.0,0.0
1998-10-11,0.0,0.0,0.0,0.0,0.0
1998-10-12,0.0,0.0,0.0,0.0,0.0
1998-10-13,0.0,0.0,0.0,0.0,0.0
1998-10-14,0.0,0.0,0.0,0.0,0.0
1998-10-15,0.0,0.0,0.0,0.0,0.0
1998-10-16,0.0,0.0,0.0,0.0,0.0
1998-10-17,0.0,0.0,0.0,0.0,0.0
1998-10-18,0.0,0.0,0.0,0.0,0.0
1998-10-19,0.0,0.0,0.0,0.0,0.0
1998-10-20,0.0,0.0,0.0,0.0,0.0
1998-10-21,0.0,0.0,0.0,0.0,0.0
1998-10-22,0.0,0.0,0.0,0.0,0.0
1998-10-23,0.0,0.0,0.0,0.0,0.0
1998-10-24,2.073,278.01,16.54,112.91,148.56
1998-10-25,0.215,174.46,7.23,72.21,95.02
1998-10-26,0.029,104.91,6.98,21.45,76.49
1998-10-27,0.004,42.44,6.97,0.0,35.46
1998-10-28,0.001,15.03,6.95,0.0,8.08
1998-10-29,0.0,8.32,6.83,0.0,1.48
1998-10-30,0.0,7.19,6.61,0.0,0.57
1998-10-31,0.0,7.12,6.49,0.0,0.63
1998-11-01,0.0,7.1,6.46,0.0,0.65
1998-11-02,0.0,7.12,6.46,0.0,0.66
1998-11-03,0.0,7.11,6.45,0.0,0.66
1998-11-04,0.0,7.12,6.46,0.0,0.66
1998-11-05,0.0,7.15,6.5,0.0,0.65
1998-11-06,0.0,7.08,6.43,0.0,0.65
1998-11-07,1.603,145.57,13.29,57.12,75.16
1998-11-08,0.313,87.26,6.63,34.82,45.82
1998-11-09,0.111,52.79,6.97,19.23,26.59
1998-11-10,0.015,27.03,6.98,0.0,20.05
1998-11-11,0.002,13.65,6.95,0.0,6.7
1998-11-12,0.0,8.11,6.82,0.0,1.29
1998-11-13,0.0,7.19,6.61,0.0,0.58
1998-11-14,0.0,7.13,6.64,0.0,0.49
1998-11-15,0.0,7.1,6.48,0.0,0.62
1998-11-16,0.0,7.13,6.49,0.0,0.64
1998-11-17,0.0,7.11,6.47,0.0,0.64
1998-11-18,0.0,7.12,6.46,0.0,0.66
1998-11-19,0.0,7.12,6.46,0.0,0.66
1998-11-20,0.0,7.12,6.47,0.0,0.66
1998-11-21,0.0,7.09,6.41,0.0,0.68
1998-11-22,0.0,7.14,6.49,0.0,0.65
1998-11-23,1.311,93.36,11.74,35.21,46.41
1998-11-24,0.582,56.38,9.75,20.13,26.5
1998-11-25,0.069,36.33,6.97,11.35,18.01
1998-11-26,0.01,19.0,6.97,0.0,12.03
1998-11-27,0.469,69.23,8.68,26.14,34.42
1998-11-28,0.7,75.44,11.14,27.77,36.54
1998-11-29,2.198,119.29,13.74,45.58,59.97
1998-11-30,3.493,305.87,17.51,124.52,163.85
1998-12-01,0.584,132.32,9.03,53.24,70.05
1998-12-02,0.163,60.2,6.41,23.23,30.56
1998-12-03,1.631,203.73,13.45,82.17,108.11
1998-12-04,0.158,155.98,6.98,64.33,84.68
1998-12-05,0.322,189.15,9.16,75.86,104.12
1998-12-06,0.729,198.85,9.42,81.73,107.7
1998-12-07,0.151,167.94,6.97,69.36,91.61
1998-12-08,0.022,79.88,6.95,2.68,70.25
1998-12-09,0.004,27.64,6.8,0.0,20.84
1998-12-10,0.001,9.08,6.61,0.0,2.46
1998-12-11,0.001,7.23,6.49,0.0,0.74
1998-12-12,0.001,7.22,6.56,0.0,0.66
1998-12-13,0.037,26.18,5.75,7.47,12.96
1998-12-14,0.039,26.16,6.98,4.89,14.3
1998-12-15,0.006,14.02,6.93,0.0,7.09
1998-12-16,0.001,8.64,6.95,0.0,1.69
1998-12-17,0.0,7.12,6.62,0.0,0.5
1998-12-18,0.0,7.24,6.57,0.0,0.67
1998-12-19,0.0,7.18,6.79,0.0,0.39
1998-12-20,0.0,7.13,6.68,0.0,0.45
1998-12-21,0.0,7.09,6.49,0.0,0.59
1998-12-22,0.0,7.13,6.49,0.0,0.64
1998-12-23,0.0,7.15,6.51,0.0,0.64
1998-12-24,0.0,7.16,6.53,0.0,0.62
1998-12-25,0.0,7.14,6.51,0.0,0.63
1998-12-26,0.0,7.12,6.47,0.0,0.65
1998-12-27,0.0,7.18,6.55,0.0,0.63
1998-12-28,0.0,7.17,6.55,0.0,0.61
1998-12-29,0.0,7.27,6.7,0.0,0.57
1998-12-30,0.0,7.16,6.92,0.0,0.24
1998-12-31,0.0,0.0,0.0,0.0,0.0
1999-01-01,0.0,0.0,0.0,0.0,0.0
1999-01-02,0.0,0.0,0.0,0.0,0.0
1999-01-03,0.0,0.0,0.0,0.0,0.0
1999-01-04,0.0,0.0,0.0,0.0,0.0
1999-01-05,0.0,0.0,0.0,0.0,0.0
1999-01-06,0.0,0.0,0.0,0.0,0.0
1999-01-07,0.0,0.0,0.0,0.0,0.0
1999-01-08,0.0,0.0,0.0,0.0,0.0
1999-01-09,0.0,0.0,0.0,0.0,0.0
1999-01-10,0.0,0.0,0.0,0.0,0.0
1999-01-11,0.0,0.0,0.0,0.0,0.0
1999-01-12,0.0,0.0,0.0,0.0,0.0
1999-01-13,0.0,0.0,0.0,0.0,0.0
1999-01-14,0.0,0.0,0.0,0.0,0.0
1999-01-15,0.087,88.38,5.18,35.91,47.29
1999-01-16,0.672,97.83,8.77,38.45,50.61
1999-01-17,0.132,50.87,6.85,19.01,25.01
1999-01-18,3.217,138.74,15.37,53.27,70.09
1999-01-19,3.699,178.79,15.8,70.38,92.61
1999-01-20,3.138,157.49,16.89,60.71,79.89
1999-01-21,0.43,51.5,8.08,18.75,24.67
1999-01-22,0.087,30.16,6.72,9.97,13.47
1999-01-23,2.468,121.43,13.52,46.57,61.34
1999-01-24,0.34,60.4,7.81,22.7,29.88
1999-01-25,0.148,51.22,5.84,18.8,26.58
1999-01-26,4.098,296.73,17.85,120.41,158.47
1999-01-27,0.243,100.44,7.41,40.17,52.86
1999-01-28,0.044,54.86,6.82,15.65,32.39
1999-01-29,0.017,15.62,6.58,0.0,9.04
1999-01-30,0.011,8.03,6.51,0.0,1.51
1999-01-31,2.584,660.72,17.1,277.92,365.71
1999-02-01,0.177,397.43,6.93,168.62,221.88
1999-02-02,0.036,172.27,6.78,39.37,126.12
1999-02-03,0.015,33.05,6.55,0.0,26.5
1999-02-04,0.011,9.38,6.51,0.0,2.87
1999-02-05,0.009,7.38,6.48,0.0,0.89
1999-02-06,1.522,122.3,13.21,47.1,61.98
1999-02-07,6.244,264.9,20.5,105.54,138.86
1999-02-08,0.898,121.35,9.04,48.5,63.82
1999-02-09,4.653,328.28,19.49,133.34,175.45
1999-02-10,0.368,122.5,6.99,49.88,65.63
1999-02-11,0.155,56.1,6.76,21.3,28.03
1999-02-12,0.068,20.49,6.55,5.83,8.11
1999-02-13,0.054,9.17,6.45,0.57,2.14
1999-02-14,0.048,7.78,6.46,0.06,1.27
1999-02-15,0.041,7.66,6.48,0.02,1.16
1999-02-16,1.311,105.93,11.15,40.91,53.88
1999-02-17,2.652,128.76,16.34,48.54,63.88
1999-02-18,0.987,104.72,10.77,40.57,53.38
1999-02-19,0.295,84.22,7.5,33.13,43.59
1999-02-20,1.142,100.82,11.56,38.54,50.72
1999-02-21,1.514,130.25,13.63,50.36,66.26
1999-02-22,0.206,66.95,6.76,25.99,34.2
1999-02-23,0.093,23.26,6.55,7.22,9.49
1999-02-24,0.172,14.1,4.99,3.94,5.18
1999-02-25,1.168,95.24,10.73,36.49,48.02
1999-02-26,0.184,47.74,6.78,17.69,23.28
1999-02-27,0.079,18.95,6.56,5.35,7.04
1999-02-28,0.06,9.88,6.46,1.4,2.02
1999-03-01,0.047,8.01,6.51,0.23,1.27
1999-03-02,0.036,7.68,6.51,0.02,1.15
1999-03-03,0.029,7.57,6.45,0.01,1.12
1999-03-04,0.025,7.55,6.46,0.0,1.09
1999-03-05,0.023,7.51,6.46,0.0,1.05
1999-03-06,0.021,7.43,6.44,0.0,0.99
1999-03-07,0.018,7.44,6.5,0.0,0.94
1999-03-08,0.276,96.55,7.77,38.31,50.46
1999-03-09,1.98,194.52,13.76,78.06,102.71
1999-03-10,0.163,108.24,6.87,43.78,57.6
1999-03-11,0.046,43.22,6.67,12.37,24.17
1999-03-12,0.026,12.16,6.51,0.0,5.64
1999-03-13,0.02,8.03,6.48,0.0,1.54
1999-03-14,0.498,79.34,8.59,30.54,40.22
1999-03-15,1.45,100.87,12.57,38.13,50.17
1999-03-16,0.201,83.55,6.89,33.1,43.56
1999-03-17,0.053,37.66,6.69,11.4,19.57
1999-03-18,0.029,11.49,6.53,0.01,4.96
1999-03-19,0.025,7.93,6.43,0.0,1.5
1999-03-20,0.021,7.57,6.5,0.0,1.07
1999-03-21,0.018,7.4,6.46,0.0,0.94
1999-03-22,0.014,7.38,6.51,0.0,0.88
1999-03-23,0.012,7.27,6.45,0.0,0.82
1999-03-24,0.066,33.67,3.83,12.6,17.24
1999-03-25,0.915,87.36,10.15,33.27,43.94
1999-03-26,0.109,58.87,6.89,21.94,30.03
1999-03-27,0.026,21.23,6.73,0.03,14.47
1999-03-28,0.013,9.44,6.53,0.0,2.9
1999-03-29,0.01,7.41,6.48,0.0,0.92
1999-03-30,0.008,7.29,6.53,0.0,0.77
1999-03-31,0.06,23.85,6.28,6.09,11.48
1999-04-01,0.019,15.2,6.83,0.0,8.37
1999-04-02,0.007,8.46,6.6,0.0,1.86
1999-04-03,0.004,7.38,6.63,0.0,0.75
1999-04-04,0.001,7.01,6.49,0.0,0.51
1999-04-05,0.836,112.57,9.92,44.33,58.33
1999-04-06,0.752,88.09,10.37,33.56,44.16
1999-04-07,0.083,56.08,6.92,19.81,29.34
1999-04-08,1.189,200.69,11.88,81.42,107.39
1999-04-09,0.155,133.06,6.93,54.43,71.71
1999-04-10,0.033,53.61,6.75,7.9,38.96
1999-04-11,1.389,179.68,12.25,72.26,95.17
1999-04-12,0.18,100.39,6.91,40.35,53.12
1999-04-13,0.04,46.38,6.74,12.05,27.58
1999-04-14,0.018,13.43,6.58,0.0,6.84
1999-04-15,0.012,7.91,6.51,0.0,1.39
1999-04-16,0.009,7.33,6.51,0.0,0.82
1999-04-17,0.007,7.2,6.46,0.0,0.73
1999-04-18,0.006,7.19,6.46,0.0,0.73
1999-04-19,0.005,7.23,6.51,0.0,0.71
1999-04-20,0.003,7.18,6.51,0.0,0.67
1999-04-21,0.002,7.17,6.54,0.0,0.63
1999-04-22,0.002,7.27,6.59,0.0,0.68
1999-04-23,0.0,7.18,6.98,0.0,0.2
1999-04-24,0.0,7.02,6.98,0.0,0.04
1999-04-25,0.0,6.99,6.98,0.0,0.01
1999-04-26,0.0,6.98,6.98,0.0,0.0
1999-04-27,0.0,6.98,6.98,0.0,0.0
1999-04-28,0.0,0.0,0.0,0.0,0.0
1999-04-29,0.0,0.0,0.0,0.0,0.0
1999-04-30,0.0,0.0,0.0,0.0,0.0
1999-05-01,0.0,0.0,0.0,0.0,0.0
1999-05-02,0.0,0.0,0.0,0.0,0.0
1999-05-03,0.0,0.0,0.0,0.0,0.0
1999-05-04,0.0,0.0,0.0,0.0,0.0
1999-05-05,0.0,0.0,0.0,0.0,0.0
1999-05-06,0.0,0.0,0.0,0.0,0.0
1999-05-07,0.0,0.0,0.0,0.0,0.0
1999-05-08,0.0,0.0,0.0,0.0,0.0
1999-05-09,0.0,0.0,0.0,0.0,0.0
1999-05-10,0.0,0.0,0.0,0.0,0.0
1999-05-11,0.0,0.0,0.0,0.0,0.0
1999-05-12,0.0,0.0,0.0,0.0,0.0
1999-05-13,0.0,0.0,0.0,0.0,0.0
1999-05-14,0.0,0.0,0.0,0.0,0.0
1999-05-15,0.0,0.0,0.0,0.0,0.0
1999-05-16,0.0,0.0,0.0,0.0,0.0
1999-05-17,0.0,0.0,0.0,0.0,0.0
1999-05-18,0.0,0.0,0.0,0.0,0.0
1999-05-19,0.0,0.0,0.0,0.0,0.0
1999-05-20,0.0,0.0,0.0,0.0,0.0
1999-05-21,0.0,0.0,0.0,0.0,0.0
1999-05-22,0.0,0.0,0.0,0.0,0.0
1999-05-23,0.0,0.0,0.0,0.0,0.0
1999-05-24,0.0,0.0,0.0,0.0,0.0
1999-05-25,0.0,0.0,0.0,0.0,0.0
1999-05-26,0.0,0.0,0.0,0.0,0.0
1999-05-27,0.0,0.0,0.0,0.0,0.0
1999-05-28,0.0,0.0,0.0,0.0,0.0
1999-05-29,0.0,0.0,0.0,0.0,0.0
1999-05-30,0.0,0.0,0.0,0.0,0.0
1999-05-31,0.0,0.0,0.0,0.0,0.0
1999-06-01,0.0,0.0,0.0,0.0,0.0
1999-06-02,0.0,0.0,0.0,0.0,0.0
1999-06-03,0.0,0.0,0.0,0.0,0.0
1999-06-04,0.0,0.0,0.0,0.0,0.0
1999-06-05,0.0,0.0,0.0,0.0,0.0
1999-06-06,0.0,0.0,0.0,0.0,0.0
1999-06-07,0.0,0.0,0.0,0.0,0.0
1999-06-08,0.0,0.0,0.0,0.0,0.0
1999-06-09,0.0,0.0,0.0,0.0,0.0
1999-06-10,0.0,0.0,0.0,0.0,0.0
1999-06-11,0.0,0.0,0.0,0.0,0.0
1999-06-12,0.0,0.0,0.0,0.0,0.0
1999-06-13,0.0,0.0,0.0,0.0,0.0
1999-06-14,0.0,0.0,0.0,0.0,0.0
1999-06-15,0.0,0.0,0.0,0.0,0.0
1999-06-16,0.0,0.0,0.0,0.0,0.0
1999-06-17,0.0,0.0,0.0,0.0,0.0
1999-06-18,0.0,0.0,0.0,0.0,0.0
1999-06-19,0.0,0.0,0.0,0.0,0.0
1999-06-20,0.0,0.0,0.0,0.0,0.0
1999-06-21,0.0,0.0,0.0,0.0,0.0
1999-06-22,0.0,0.0,0.0,0.0,0.0
1999-06-23,0.0,0.0,0.0,0.0,0.0
1999-06-24,0.0,0.0,0.0,0.0,0.0
1999-06-25,0.0,0.0,0.0,0.0,0.0
1999-06-26,0.0,0.0,0.0,0.0,0.0
1999-06-27,0.0,0.0,0.0,0.0,0.0
1999-06-28,0.0,0.0,0.0,0.0,0.0
1999-06-29,0.0,0.0,0.0,0.0,0.0
1999-06-30,0.0,0.0,0.0,0.0,0.0
1999-07-01,0.0,0.0,0.0,0.0,0.0
1999-07-02,0.0,0.0,0.0,0.0,0.0
1999-07-03,0.0,0.0,0.0,0.0,0.0
1999-07-04,0.0,0.0,0.0,0.0,0.0
1999-07-05,0.0,0.0,0.0,0.0,0.0
1999-07-06,0.0,0.0,0.0,0.0,0.0
1999-07-07,0.0,0.0,0.0,0.0,0.0
1999-07-08,0.0,0.0,0.0,0.0,0.0
1999-07-09,0.0,0.0,0.0,0.0,0.0
1999-07-10,0.0,0.0,0.0,0.0,0.0
1999-07-11,0.0,0.0,0.0,0.0,0.0
1999-07-12,0.0,0.0,0.0,0.0,0.0
1999-07-13,0.0,0.0,0.0,0.0,0.0
1999-07-14,0.0,0.0,0.0,0.0,0.0
1999-07-15,0.0,0.0,0.0,0.0,0.0
1999-07-16,0.0,0.0,0.0,0.0,0.0
1999-07-17,0.0,0.0,0.0,0.0,0.0
1999-07-18,0.0,0.0,0.0,0.0,0.0
1999-07-19,0.0,0.0,0.0,0.0,0.0
1999-07-20,0.0,0.0,0.0,0.0,0.0
1999-07-21,0.0,0.0,0.0,0.0,0.0
1999-07-22,0.0,0.0,0.0,0.0,0.0
1999-07-23,0.0,0.0,0.0,0.0,0.0
1999-07-24,0.0,0.0,0.0,0.0,0.0
1999-07-25,0.0,0.0,0.0,0.0,0.0
1999-07-26,0.0,0.0,0.0,0.0,0.0
1999-07-27,0.0,0.0,0.0,0.0,0.0
1999-07-28,0.0,0.0,0.0,0.0,0.0
1999-07-29,0.0,0.0,0.0,0.0,0.0
1999-07-30,0.0,0.0,0.0,0.0,0.0
1999-07-31,0.0,0.0,0.0,0.0,0.0
1999-08-01,0.0,0.0,0.0,0.0,0.0
1999-08-02,0.0,0.0,0.0,0.0,0.0
1999-08-03,0.0,0.0,0.0,0.0,0.0
1999-08-04,0.0,0.0,0.0,0.0,0.0
1999-08-05,0.0,0.0,0.0,0.0,0.0
1999-08-06,0.0,0.0,0.0,0.0,0.0
1999-08-07,0.0,0.0,0.0,0.0,0.0
1999-08-08,0.0,0.0,0.0,0.0,0.0
1999-08-09,0.0,0.0,0.0,0.0,0.0
1999-08-10,0.0,0.0,0.0,0.0,0.0
1999-08-11,0.0,0.0,0.0,0.0,0.0
1999-08-12,0.0,0.0,0.0,0.0,0.0
1999-08-13,0.0,0.0,0.0,0.0,0.0
1999-08-14,0.0,0.0,0.0,0.0,0.0
1999-08-15,0.0,0.0,0.0,0.0,0.0
1999-08-16,0.0,0.0,0.0,0.0,0.0
1999-08-17,0.0,0.0,0.0,0.0,0.0
1999-08-18,0.0,0.0,0.0,0.0,0.0
1999-08-19,0.0,0.0,0.0,0.0,0.0
1999-08-20,0.0,0.0,0.0,0.0,0.0
1999-08-21,0.0,0.0,0.0,0.0,0.0
1999-08-22,0.0,0.0,0.0,0.0,0.0
1999-08-23,0.0,0.0,0.0,0.0,0.0
1999-08-24,0.0,0.0,0.0,0.0,0.0
1999-08-25,0.0,0.0,0.0,0.0,0.0
1999-08-26,0.0,0.0,0.0,0.0,0.0
1999-08-27,0.0,0.0,0.0,0.0,0.0
1999-08-28,0.0,0.0,0.0,0.0,0.0
1999-08-29,0.0,0.0,0.0,0.0,0.0
1999-08-30,0.0,0.0,0.0,0.0,0.0
1999-08-31,0.0,0.0,0.0,0.0,0.0
1999-09-01,0.0,0.0,0.0,0.0,0.0
1999-09-02,0.0,0.0,0.0,0.0,0.0
1999-09-03,0.0,0.0,0.0,0.0,0.0
1999-09-04,0.0,0.0,0.0,0.0,0.0
1999-09-05,0.0,0.0,0.0,0.0,0.0
1999-09-06,0.0,0.0,0.0,0.0,0.0
1999-09-07,0.0,0.0,0.0,0.0,0.0
1999-09-08,0.0,0.0,0.0,0.0,0.0
1999-09-09,0.0,0.0,0.0,0.0,0.0
1999-09-10,0.0,0.0,0.0,0.0,0.0
1999-09-11,0.0,0.0,0.0,0.0,0.0
1999-09-12,0.0,0.0,0.0,0.0,0.0
1999-09-13,0.0,0.0,0.0,0.0,0.0
1999-09-14,0.0,0.0,0.0,0.0,0.0
1999-09-15,0.0,0.0,0.0,0.0,0.0
1999-09-16,0.0,0.0,0.0,0.0,0.0
1999-09-17,0.0,0.0,0.0,0.0,0.0
1999-09-18,0.0,0.0,0.0,0.0,0.0
1999-09-19,0.0,0.0,0.0,0.0,0.0
1999-09-20,0.0,0.0,0.0,0.0,0.0
1999-09-21,0.0,0.0,0.0,0.0,0.0
1999-09-22,0.0,0.0,0.0,0.0,0.0
1999-09-23,0.0,0.0,0.0,0.0,0.0
1999-09-24,0.0,0.0,0.0,0.0,0.0
1999-09-25,0.0,0.0,0.0,0.0,0.0
1999-09-26,0.0,0.0,0.0,0.0,0.0
1999-09-27,0.0,0.0,0.0,0.0,0.0
1999-09-28,0.0,0.0,0.0,0.0,0.0
1999-09-29,0.0,0.0,0.0,0.0,0.0
1999-09-30,0.0,0.0,0.0,0.0,0.0
1999-10-01,0.0,0.0,0.0,0.0,0.0
1999-10-02,0.0,0.0,0.0,0.0,0.0
1999-10-03,0.0,0.0,0.0,0.0,0.0
1999-10-04,0.0,0.0,0.0,0.0,0.0
1999-10-05,0.0,0.0,0.0,0.0,0.0
1999-10-06,0.0,0.0,0.0,0.0,0.0
1999-10-07,0.0,0.0,0.0,0.0,0.0
1999-10-08,0.0,0.0,0.0,0.0,0.0
1999-10-09,0.0,0.0,0.0,0.0,0.0
1999-10-10,0.0,0.0,0.0,0.0,0.0
1999-10-11,0.0,0.0,0.0,0.0,0.0
1999-10-12,0.0,0.0,0.0,0.0,0.0
1999-10-13,0.0,0.0,0.0,0.0,0.0
1999-10-14,0.0,0.0,0.0,0.0,0.0
1999-10-15,0.0,0.0,0.0,0.0,0.0
1999-10-16,0.0,0.0,0.0,0.0,0.0
1999-10-17,0.0,0.0,0.0,0.0,0.0
1999-10-18,0.0,0.0,0.0,0.0,0.0
1999-10-19,0.0,0.0,0.0,0.0,0.0
1999-10-20,0.0,0.0,0.0,0.0,0.0
1999-10-21,0.0,0.0,0.0,0.0,0.0
1999-10-22,0.0,0.0,0.0,0.0,0.0
1999-10-23,0.0,0.0,0.0,0.0,0.0
1999-10-24,0.0,0.0,0.0,0.0,0.0
1999-10-25,0.0,0.0,0.0,0.0,0.0
1999-10-26,0.0,0.0,0.0,0.0,0.0
1999-10-27,0.076,214.68,11.65,87.67,115.36
1999-10-28,0.956,180.8,10.61,73.49,96.7
1999-10-29,0.13,140.98,6.98,57.14,76.87
1999-10-30,0.018,67.27,6.98,0.17,60.12
1999-10-31,0.002,29.01,6.98,0.0,22.03
1999-11-01,0.0,11.84,6.96,0.0,4.88
1999-11-02,0.0,7.87,6.89,0.0,0.99
1999-11-03,0.0,7.14,6.66,0.0,0.48
1999-11-04,0.0,7.14,6.54,0.0,0.6
1999-11-05,0.0,7.11,6.48,0.0,0.63
1999-11-06,0.0,7.11,6.46,0.0,0.65
1999-11-07,0.016,17.01,5.51,4.38,7.12
1999-11-08,2.205,224.03,14.94,90.26,118.83
1999-11-09,0.16,140.35,6.98,57.57,75.8
1999-11-10,0.022,71.74,6.98,4.16,60.6
1999-11-11,0.003,31.21,6.97,0.0,24.24
1999-11-12,0.0,12.08,6.92,0.0,5.15
1999-11-13,0.0,7.72,6.75,0.0,0.97
1999-11-14,0.0,7.14,6.55,0.0,0.59
1999-11-15,0.0,7.11,6.47,0.0,0.64
1999-11-16,0.001,6.16,4.89,0.0,1.27
1999-11-17,0.195,38.0,6.25,13.54,18.2
1999-11-18,0.059,37.08,6.98,11.07,19.04
1999-11-19,2.354,309.64,17.22,126.25,166.17
1999-11-20,0.441,229.07,9.29,94.9,124.88
1999-11-21,0.264,78.81,6.48,31.23,41.1
1999-11-22,0.047,56.0,6.98,16.59,32.43
1999-11-23,0.007,25.56,6.97,0.0,18.59
1999-11-24,0.001,11.41,6.93,0.0,4.48
1999-11-25,0.0,7.66,6.76,0.0,0.89
1999-11-26,0.0,7.13,6.56,0.0,0.58
1999-11-27,0.0,7.12,6.48,0.0,0.63
1999-11-28,0.0,7.12,6.46,0.0,0.65
1999-11-29,0.0,7.11,6.45,0.0,0.66
1999-11-30,0.0,7.14,6.5,0.0,0.64
1999-12-01,0.0,7.1,6.45,0.0,0.65
1999-12-02,0.0,7.11,6.44,0.0,0.67
1999-12-03,0.0,7.14,6.5,0.0,0.63
1999-12-04,0.0,7.11,6.45,0.0,0.66
1999-12-05,0.0,7.12,6.46,0.0,0.66
1999-12-06,0.0,7.11,6.45,0.0,0.66
1999-12-07,0.0,7.14,6.49,0.0,0.64
1999-12-08,0.0,7.12,6.47,0.0,0.65
1999-12-09,0.137,34.63,6.15,12.18,16.3
1999-12-10,0.059,35.29,6.98,10.41,17.9
1999-12-11,0.008,18.38,6.98,0.0,11.4
1999-12-12,0.001,10.04,6.97,0.0,3.07
1999-12-13,0.0,7.62,6.95,0.0,0.67
1999-12-14,0.0,7.12,6.84,0.0,0.27
1999-12-15,0.0,7.08,6.6,0.0,0.48
1999-12-16,0.0,7.11,6.49,0.0,0.62
1999-12-17,0.0,7.12,6.47,0.0,0.65
1999-12-18,0.0,7.12,6.47,0.0,0.65
1999-12-19,0.0,7.3,6.68,0.0,0.62
1999-12-20,0.0,7.0,6.8,0.0,0.2
1999-12-21,0.0,7.26,6.61,0.0,0.65
1999-12-22,0.0,7.19,6.95,0.03,0.21
1999-12-23,0.0,7.1,6.35,0.01,0.74
1999-12-24,0.0,7.2,6.62,0.0,0.58
1999-12-25,0.0,7.19,6.98,0.0,0.22
1999-12-26,0.0,0.0,0.0,0.0,0.0
1999-12-27,0.0,0.0,0.0,0.0,0.0
1999-12-28,0.0,0.0,0.0,0.0,0.0
1999-12-29,0.0,0.0,0.0,0.0,0.0
1999-12-30,0.0,0.0,0.0,0.0,0.0
1999-12-31,0.0,0.0,0.0,0.0,0.0
2000-01-01,0.0,0.0,0.0,0.0,0.0
2000-01-02,0.0,0.0,0.0,0.0,0.0
2000-01-03,0.0,0.0,0.0,0.0,0.0
2000-01-04,0.0,0.0,0.0,0.0,0.0
2000-01-05,0.0,0.0,0.0,0.0,0.0
2000-01-06,0.0,0.0,0.0,0.0,0.0
2000-01-07,0.0,0.0,0.0,0.0,0.0
2000-01-08,0.0,0.0,0.0,0.0,0.0
2000-01-09,0.0,0.0,0.0,0.0,0.0
2000-01-10,0.0,0.0,0.0,0.0,0.0
2000-01-11,0.818,176.05,12.16,70.77,93.12
2000-01-12,0.293,137.57,7.74,56.06,73.77
2000-01-13,0.042,86.38,6.97,25.49,53.93
2000-01-14,0.006,36.77,6.98,0.0,29.8
2000-01-15,0.001,14.38,6.97,0.0,7.42
2000-01-16,1.704,185.92,13.39,74.5,98.03
2000-01-17,0.139,118.64,6.45,47.79,64.4
2000-01-18,3.643,186.18,17.18,72.86,96.14
2000-01-19,0.605,106.4,8.55,42.24,55.61
2000-01-20,0.141,89.57,6.98,35.45,47.14
2000-01-21,0.02,43.96,6.96,0.48,36.52
2000-01-22,0.006,9.8,3.55,0.0,6.25
2000-01-23,6.16,183.42,18.18,71.36,93.89
2000-01-24,11.388,226.67,23.11,87.9,115.66
2000-01-25,1.781,135.89,14.7,52.33,68.86
2000-01-26,0.152,70.52,6.92,27.46,36.14
2000-01-27,0.034,29.79,6.74,4.28,18.77
2000-01-28,0.017,10.77,6.54,0.0,4.23
2000-01-29,0.013,7.57,6.47,0.0,1.09
2000-01-30,0.099,38.29,6.19,13.83,18.28
2000-01-31,0.048,31.37,6.85,8.35,16.17
2000-02-01,0.015,12.35,6.65,0.0,5.7
2000-02-02,0.009,7.68,6.5,0.0,1.18
2000-02-03,0.059,29.17,5.98,9.47,13.71
2000-02-04,0.05,27.22,6.88,6.77,13.57
2000-02-05,0.036,17.04,6.07,3.85,7.12
2000-02-06,0.035,15.04,6.83,1.92,6.28
2000-02-07,0.01,8.89,6.68,0.0,2.22
2000-02-08,0.006,7.35,6.55,0.0,0.8
2000-02-09,0.004,7.15,6.45,0.0,0.7
2000-02-10,0.551,77.99,9.11,29.65,39.23
2000-02-11,3.894,271.94,19.51,109.0,143.43
2000-02-12,2.181,178.46,16.63,69.88,91.95
2000-02-13,7.234,206.98,19.22,81.08,106.68
2000-02-14,4.248,254.03,18.47,101.72,133.84
2000-02-15,0.295,103.73,7.3,41.64,54.79
2000-02-16,0.321,65.45,7.4,25.07,32.98
2000-02-17,0.233,54.62,6.76,20.67,27.19
2000-02-18,0.094,21.57,6.59,6.47,8.52
2000-02-19,0.064,10.46,6.5,1.59,2.37
2000-02-20,0.533,98.96,9.9,38.43,50.63
2000-02-21,0.664,99.47,9.15,39.0,51.32
2000-02-22,1.544,194.83,13.95,78.11,102.77
2000-02-23,3.363,196.14,17.84,76.99,101.3
2000-02-24,0.286,71.88,7.11,27.97,36.8
2000-02-25,0.117,25.39,6.57,8.13,10.69
2000-02-26,0.324,57.67,4.64,22.9,30.13
2000-02-27,2.036,138.98,13.73,54.08,71.16
2000-02-28,0.394,60.77,8.35,22.64,29.79
2000-02-29,0.82,91.17,9.89,35.1,46.18
2000-03-01,0.207,51.21,6.74,19.2,25.27
2000-03-02,0.192,23.92,6.34,7.59,9.99
2000-03-03,0.121,16.67,6.65,4.33,5.69
2000-03-04,0.428,103.19,8.0,41.1,54.08
2000-03-05,2.124,130.85,14.26,50.34,66.24
2000-03-06,0.238,56.64,6.76,21.54,28.34
2000-03-07,0.118,18.65,5.8,5.55,7.3
2000-03-08,1.526,140.72,12.59,55.33,72.8
2000-03-09,1.269,78.65,10.96,29.23,38.46
2000-03-10,0.238,38.02,6.74,13.51,17.77
2000-03-11,0.111,15.68,6.55,3.94,5.19
2000-03-12,0.081,9.6,6.49,1.34,1.77
2000-03-13,0.065,8.53,6.48,0.82,1.23
2000-03-14,0.053,8.04,6.48,0.42,1.15
2000-03-15,0.042,7.69,6.5,0.05,1.14
2000-03-16,0.031,7.63,6.5,0.01,1.12
2000-03-17,0.026,7.56,6.47,0.0,1.09
2000-03-18,0.022,7.52,6.48,0.0,1.03
2000-03-19,0.017,7.44,6.5,0.0,0.94
2000-03-20,0.012,7.38,6.55,0.0,0.83
2000-03-21,0.007,7.19,6.46,0.0,0.73
2000-03-22,0.007,7.26,6.49,0.0,0.77
2000-03-23,0.005,7.19,6.48,0.0,0.71
2000-03-24,0.005,7.19,6.47,0.0,0.72
2000-03-25,0.004,7.18,6.49,0.0,0.69
2000-03-26,0.003,7.19,6.52,0.0,0.68
2000-03-27,0.002,7.24,6.6,0.0,0.65
2000-03-28,0.001,7.16,6.57,0.0,0.59
2000-03-29,0.0,7.16,6.7,0.0,0.46
2000-03-30,0.0,7.13,6.98,0.0,0.15
2000-03-31,0.0,7.01,6.98,0.0,0.03
2000-04-01,0.0,6.99,6.98,0.0,0.01
2000-04-02,0.0,6.98,6.98,0.0,0.0
2000-04-03,0.0,6.98,6.98,0.0,0.0
2000-04-04,0.0,0.0,0.0,0.0,0.0
2000-04-05,0.0,0.0,0.0,0.0,0.0
2000-04-06,0.0,0.0,0.0,0.0,0.0
2000-04-07,0.0,0.0,0.0,0.0,0.0
2000-04-08,0.0,0.0,0.0,0.0,0.0
2000-04-09,0.0,0.0,0.0,0.0,0.0
2000-04-10,0.0,0.0,0.0,0.0,0.0
2000-04-11,0.0,0.0,0.0,0.0,0.0
2000-04-12,0.075,145.19,9.83,58.45,76.91
2000-04-13,0.362,110.98,8.14,44.41,58.43
2000-04-14,0.265,61.07,6.63,23.51,30.93
2000-04-15,0.06,50.46,6.96,16.25,27.26
2000-04-16,0.009,23.47,6.94,0.0,16.52
2000-04-17,1.145,110.07,11.23,42.68,56.16
2000-04-18,0.135,87.29,6.96,34.44,45.88
2000-04-19,0.021,39.4,6.91,0.36,32.13
2000-04-20,0.004,16.04,6.79,0.0,9.25
2000-04-21,0.002,7.98,6.64,0.0,1.34
2000-04-22,0.001,7.3,6.67,0.0,0.63
2000-04-23,0.0,7.15,6.93,0.0,0.22
2000-04-24,0.0,7.08,6.8,0.0,0.27
2000-04-25,0.0,7.09,6.63,0.0,0.46
2000-04-26,0.0,7.22,6.63,0.0,0.59
2000-04-27,0.0,7.22,6.85,0.0,0.37
2000-04-28,0.0,7.14,6.83,0.0,0.31
2000-04-29,0.0,7.06,6.98,0.0,0.09
2000-04-30,0.0,0.0,0.0,0.0,0.0
2000-05-01,0.0,0.0,0.0,0.0,0.0
2000-05-02,0.0,0.0,0.0,0.0,0.0
2000-05-03,0.0,0.0,0.0,0.0,0.0
2000-05-04,0.0,0.0,0.0,0.0,0.0
2000-05-05,0.0,0.0,0.0,0.0,0.0
2000-05-06,0.0,0.0,0.0,0.0,0.0
2000-05-07,0.039,11.84,2.44,3.9,5.5
2000-05-08,1.565,103.55,12.48,39.32,51.75
2000-05-09,0.13,75.79,6.97,29.35,39.46
2000-05-10,0.019,36.65,6.96,0.1,29.59
2000-05-11,0.003,17.73,6.96,0.0,10.77
2000-05-12,0.0,9.31,6.95,0.0,2.36
2000-05-13,0.0,7.41,6.87,0.0,0.55
2000-05-14,0.0,7.11,6.66,0.0,0.45
2000-05-15,0.509,132.29,8.53,53.44,70.32
2000-05-16,0.091,109.97,6.98,42.05,60.94
2000-05-17,0.013,50.87,6.97,0.0,43.9
2000-05-18,0.002,20.81,6.97,0.0,13.83
2000-05-19,0.0,9.93,6.96,0.0,2.98
2000-05-20,0.0,7.53,6.88,0.0,0.65
2000-05-21,0.0,7.15,6.73,0.0,0.42
2000-05-22,0.0,7.19,6.69,0.0,0.5
2000-05-23,0.0,7.18,6.73,0.0,0.45
2000-05-24,0.0,7.1,6.98,0.0,0.12
2000-05-25,0.0,7.01,6.98,0.0,0.03
2000-05-26,0.0,0.0,0.0,0.0,0.0
2000-05-27,0.0,0.0,0.0,0.0,0.0
2000-05-28,0.0,0.0,0.0,0.0,0.0
2000-05-29,0.0,0.0,0.0,0.0,0.0
2000-05-30,0.0,0.0,0.0,0.0,0.0
2000-05-31,0.0,0.0,0.0,0.0,0.0
2000-06-01,0.0,0.0,0.0,0.0,0.0
2000-06-02,0.0,0.0,0.0,0.0,0.0
2000-06-03,0.0,0.0,0.0,0.0,0.0
2000-06-04,0.0,0.0,0.0,0.0,0.0
2000-06-05,0.0,0.0,0.0,0.0,0.0
2000-06-06,0.0,0.0,0.0,0.0,0.0
2000-06-07,0.0,19.8,6.42,5.78,7.6
2000-06-08,0.176,28.45,6.31,9.29,12.84
2000-06-09,0.036,21.85,6.96,4.18,10.71
2000-06-10,0.005,12.48,6.98,0.0,5.5
2000-06-11,0.001,8.34,6.98,0.0,1.36
2000-06-12,0.0,7.27,6.98,0.0,0.29
2000-06-13,0.0,7.04,6.98,0.0,0.06
2000-06-14,0.0,6.99,6.98,0.0,0.01
2000-06-15,0.0,6.98,6.98,0.0,0.0
2000-06-16,0.0,6.98,6.98,0.0,0.0
2000-06-17,0.0,0.0,0.0,0.0,0.0
2000-06-18,0.0,0.0,0.0,0.0,0.0
2000-06-19,0.0,0.0,0.0,0.0,0.0
2000-06-20,0.0,0.0,0.0,0.0,0.0
2000-06-21,0.0,0.0,0.0,0.0,0.0
2000-06-22,0.0,0.0,0.0,0.0,0.0
2000-06-23,0.0,0.0,0.0,0.0,0.0
2000-06-24,0.0,0.0,0.0,0.0,0.0
2000-06-25,0.0,0.0,0.0,0.0,0.0
2000-06-26,0.0,0.0,0.0,0.0,0.0
2000-06-27,0.0,0.0,0.0,0.0,0.0
2000-06-28,0.0,0.0,0.0,0.0,0.0
2000-06-29,0.0,0.0,0.0,0.0,0.0
2000-06-30,0.0,0.0,0.0,0.0,0.0
2000-07-01,0.0,0.0,0.0,0.0,0.0
2000-07-02,0.0,0.0,0.0,0.0,0.0
2000-07-03,0.0,0.0,0.0,0.0,0.0
2000-07-04,0.0,0.0,0.0,0.0,0.0
2000-07-05,0.0,0.0,0.0,0.0,0.0
2000-07-06,0.0,0.0,0.0,0.0,0.0
2000-07-07,0.0,0.0,0.0,0.0,0.0
2000-07-08,0.0,0.0,0.0,0.0,0.0
2000-07-09,0.0,0.0,0.0,0.0,0.0
2000-07-10,0.0,0.0,0.0,0.0,0.0
2000-07-11,0.0,0.0,0.0,0.0,0.0
2000-07-12,0.0,0.0,0.0,0.0,0.0
2000-07-13,0.0,0.0,0.0,0.0,0.0
2000-07-14,0.0,0.0,0.0,0.0,0.0
2000-07-15,0.0,0.0,0.0,0.0,0.0
2000-07-16,0.0,0.0,0.0,0.0,0.0
2000-07-17,0.0,0.0,0.0,0.0,0.0
2000-07-18,0.0,0.0,0.0,0.0,0.0
2000-07-19,0.0,0.0,0.0,0.0,0.0
2000-07-20,0.0,0.0,0.0,0.0,0.0
2000-07-21,0.0,0.0,0.0,0.0,0.0
2000-07-22,0.0,0.0,0.0,0.0,0.0
2000-07-23,0.0,0.0,0.0,0.0,0.0
2000-07-24,0.0,0.0,0.0,0.0,0.0
2000-07-25,0.0,0.0,0.0,0.0,0.0
2000-07-26,0.0,0.0,0.0,0.0,0.0
2000-07-27,0.0,0.0,0.0,0.0,0.0
2000-07-28,0.0,0.0,0.0,0.0,0.0
2000-07-29,0.0,0.0,0.0,0.0,0.0
2000-07-30,0.0,0.0,0.0,0.0,0.0
2000-07-31,0.0,0.0,0.0,0.0,0.0
2000-08-01,0.0,0.0,0.0,0.0,0.0
2000-08-02,0.0,0.0,0.0,0.0,0.0
2000-08-03,0.0,0.0,0.0,0.0,0.0
2000-08-04,0.0,0.0,0.0,0.0,0.0
2000-08-05,0.0,0.0,0.0,0.0,0.0
2000-08-06,0.0,0.0,0.0,0.0,0.0
2000-08-07,0.0,0.0,0.0,0.0,0.0
2000-08-08,0.0,0.0,0.0,0.0,0.0
2000-08-09,0.0,0.0,0.0,0.0,0.0
2000-08-10,0.0,0.0,0.0,0.0,0.0
2000-08-11,0.0,0.0,0.0,0.0,0.0
2000-08-12,0.0,0.0,0.0,0.0,0.0
2000-08-13,0.0,0.0,0.0,0.0,0.0
2000-08-14,0.0,0.0,0.0,0.0,0.0
2000-08-15,0.0,0.0,0.0,0.0,0.0
2000-08-16,0.0,0.0,0.0,0.0,0.0
2000-08-17,0.0,0.0,0.0,0.0,0.0
2000-08-18,0.0,0.0,0.0,0.0,0.0
2000-08-19,0.0,0.0,0.0,0.0,0.0
2000-08-20,0.0,0.0,0.0,0.0,0.0
2000-08-21,0.0,0.0,0.0,0.0,0.0
2000-08-22,0.0,0.0,0.0,0.0,0.0
2000-08-23,0.0,0.0,0.0,0.0,0.0
2000-08-24,0.0,0.0,0.0,0.0,0.0
2000-08-25,0.0,0.0,0.0,0.0,0.0
2000-08-26,0.0,0.0,0.0,0.0,0.0
2000-08-27,0.0,0.0,0.0,0.0,0.0
2000-08-28,0.0,0.0,0.0,0.0,0.0
2000-08-29,0.0,0.0,0.0,0.0,0.0
2000-08-30,0.0,0.0,0.0,0.0,0.0
2000-08-31,0.0,0.0,0.0,0.0,0.0
2000-09-01,0.0,0.0,0.0,0.0,0.0
2000-09-02,0.0,0.0,0.0,0.0,0.0
2000-09-03,0.0,0.0,0.0,0.0,0.0
2000-09-04,0.0,0.0,0.0,0.0,0.0
2000-09-05,0.0,0.0,0.0,0.0,0.0
2000-09-06,0.0,0.0,0.0,0.0,0.0
2000-09-07,0.0,0.0,0.0,0.0,0.0
2000-09-08,0.0,0.0,0.0,0.0,0.0
2000-09-09,0.0,0.0,0.0,0.0,0.0
2000-09-10,0.0,0.0,0.0,0.0,0.0
2000-09-11,0.0,0.0,0.0,0.0,0.0
2000-09-12,0.0,0.0,0.0,0.0,0.0
2000-09-13,0.0,0.0,0.0,0.0,0.0
2000-09-14,0.0,0.0,0.0,0.0,0.0
2000-09-15,0.0,0.0,0.0,0.0,0.0
2000-09-16,0.0,0.0,0.0,0.0,0.0
2000-09-17,0.0,0.0,0.0,0.0,0.0
2000-09-18,0.0,0.0,0.0,0.0,0.0
2000-09-19,0.0,0.0,0.0,0.0,0.0
2000-09-20,0.0,0.0,0.0,0.0,0.0
2000-09-21,0.0,0.0,0.0,0.0,0.0
2000-09-22,0.0,0.0,0.0,0.0,0.0
2000-09-23,0.0,0.0,0.0,0.0,0.0
2000-09-24,0.0,0.0,0.0,0.0,0.0
2000-09-25,0.0,0.0,0.0,0.0,0.0
2000-09-26,0.0,0.0,0.0,0.0,0.0
2000-09-27,0.0,0.0,0.0,0.0,0.0
2000-09-28,0.0,0.0,0.0,0.0,0.0
2000-09-29,0.0,0.0,0.0,0.0,0.0
2000-09-30,0.0,0.0,0.0,0.0,0.0
2000-10-01,0.0,0.0,0.0,0.0,0.0
2000-10-02,0.0,0.0,0.0,0.0,0.0
2000-10-03,0.0,0.0,0.0,0.0,0.0
2000-10-04,0.0,0.0,0.0,0.0,0.0
2000-10-05,0.0,0.0,0.0,0.0,0.0
2000-10-06,0.0,0.0,0.0,0.0,0.0
2000-10-07,0.0,0.0,0.0,0.0,0.0
2000-10-08,0.0,0.0,0.0,0.0,0.0
2000-10-09,0.0,0.0,0.0,0.0,0.0
2000-10-10,0.402,90.27,8.2,35.44,46.63
2000-10-11,0.096,68.72,6.98,25.42,36.32
2000-10-12,0.013,33.94,6.98,0.0,26.96
2000-10-13,0.002,15.66,6.98,0.0,8.68
2000-10-14,0.0,8.89,6.97,0.0,1.91
2000-10-15,0.0,7.37,6.94,0.0,0.42
2000-10-16,0.0,7.08,6.82,0.0,0.26
2000-10-17,0.0,7.15,6.68,0.0,0.47
2000-10-18,0.0,7.09,6.57,0.0,0.52
2000-10-19,0.0,7.13,6.5,0.0,0.63
2000-10-20,0.0,7.13,6.54,0.0,0.58
2000-10-21,0.0,7.18,6.98,0.0,0.2
2000-10-22,0.0,0.0,0.0,0.0,0.0
2000-10-23,0.0,0.0,0.0,0.0,0.0
2000-10-24,0.0,0.0,0.0,0.0,0.0
2000-10-25,0.0,0.0,0.0,0.0,0.0
2000-10-26,4.303,184.81,17.21,72.37,95.23
2000-10-27,0.651,121.87,10.03,48.29,63.54
2000-10-28,1.16,183.1,13.2,73.37,96.53
2000-10-29,1.307,124.23,11.28,48.77,64.18
2000-10-30,2.399,163.6,13.9,64.65,85.06
2000-10-31,0.233,100.84,7.39,40.35,53.1
2000-11-01,0.032,62.52,6.97,13.94,41.61
2000-11-02,0.005,25.42,6.91,0.0,18.51
2000-11-03,0.001,10.15,6.81,0.0,3.34
2000-11-04,0.0,7.4,6.67,0.0,0.74
2000-11-05,0.0,7.13,6.52,0.0,0.61
2000-11-06,0.0,7.13,6.49,0.0,0.63
2000-11-07,0.0,7.12,6.48,0.0,0.64
2000-11-08,0.0,7.13,6.48,0.0,0.65
2000-11-09,0.0,7.13,6.49,0.0,0.64
2000-11-10,0.0,7.12,6.47,0.0,0.65
2000-11-11,0.0,7.13,6.48,0.0,0.65
2000-11-12,0.0,7.13,6.48,0.0,0.64
2000-11-13,0.0,7.11,6.45,0.0,0.66
2000-11-14,0.0,7.13,6.49,0.0,0.64
2000-11-15,0.0,7.13,6.48,0.0,0.65
2000-11-16,0.0,7.13,6.5,0.0,0.63
2000-11-17,0.0,7.12,6.47,0.0,0.65
2000-11-18,0.0,7.13,6.47,0.0,0.65
2000-11-19,0.0,7.13,6.48,0.0,0.65
2000-11-20,0.0,7.16,6.51,0.0,0.64
2000-11-21,0.0,7.09,6.45,0.0,0.64
2000-11-22,0.0,7.12,6.46,0.0,0.66
2000-11-23,0.0,7.12,6.46,0.0,0.66
2000-11-24,0.0,7.12,6.46,0.0,0.65
2000-11-25,0.0,7.13,6.48,0.0,0.65
2000-11-26,0.0,7.15,6.5,0.0,0.65
2000-11-27,0.0,7.16,6.53,0.0,0.63
2000-11-28,0.0,7.17,6.55,0.0,0.62
2000-11-29,0.492,152.0,8.64,61.91,81.46
2000-11-30,0.106,130.47,6.97,51.54,71.96
2000-12-01,0.015,61.11,6.98,0.0,54.13
2000-12-02,0.002,24.74,6.96,0.0,17.78
2000-12-03,0.0,10.38,6.9,0.0,3.48
2000-12-04,0.0,7.62,6.9,0.0,0.73
2000-12-05,0.0,7.13,6.72,0.0,0.41
2000-12-06,0.0,7.12,6.55,0.0,0.57
2000-12-07,0.0,7.11,6.48,0.0,0.63
2000-12-08,0.0,7.12,6.47,0.0,0.65
2000-12-09,0.0,7.14,6.48,0.0,0.66
2000-12-10,0.0,7.11,6.47,0.0,0.64
2000-12-11,0.0,7.24,6.6,0.0,0.64
2000-12-12,0.805,161.43,10.36,65.1,85.97
2000-12-13,0.14,126.02,6.55,50.91,68.55
2000-12-14,0.348,48.41,6.16,17.09,25.15
2000-12-15,0.589,61.11,8.54,22.62,29.95
2000-12-16,0.083,58.32,6.98,20.6,30.74
2000-12-17,0.012,28.76,6.97,0.0,21.78
2000-12-18,0.002,13.5,6.97,0.0,6.53
2000-12-19,0.0,8.27,6.91,0.0,1.36
2000-12-20,0.0,7.21,6.72,0.0,0.48
2000-12-21,0.0,7.1,6.52,0.0,0.58
2000-12-22,0.0,7.12,6.48,0.0,0.64
2000-12-23,0.0,7.12,6.46,0.0,0.65
2000-12-24,0.0,7.14,6.49,0.0,0.65
2000-12-25,0.0,7.14,6.5,0.0,0.63
2000-12-26,0.0,7.11,6.46,0.0,0.65
2000-12-27,0.0,7.12,6.46,0.0,0.66
2000-12-28,0.0,7.13,6.49,0.0,0.65
2000-12-29,0.0,7.11,6.46,0.0,0.65
2000-12-30,0.0,7.15,6.5,0.0,0.65
2000-12-31,0.0,7.1,6.45,0.0,0.65
2001-01-01,0.0,7.13,6.48,0.0,0.65
2001-01-02,0.0,7.17,6.52,0.0,0.64
2001-01-03,0.0,7.14,6.5,0.0,0.64
2001-01-04,0.0,7.16,6.53,0.0,0.63
2001-01-05,0.0,7.14,6.51,0.0,0.63
2001-01-06,0.0,7.17,6.55,0.0,0.62
2001-01-07,0.0,7.24,6.64,0.0,0.6
2001-01-08,0.983,120.43,10.85,47.32,62.26
2001-01-09,0.144,98.61,6.98,39.38,52.25
2001-01-10,3.111,239.03,16.96,95.77,126.31
2001-01-11,3.151,141.33,15.54,54.32,71.47
2001-01-12,0.516,98.16,9.81,38.15,50.2
2001-01-13,0.057,64.84,6.97,21.23,36.65
2001-01-14,0.009,27.86,6.9,0.0,20.95
2001-01-15,0.002,10.82,6.8,0.0,4.02
2001-01-16,0.0,7.6,6.77,0.0,0.83
2001-01-17,0.0,7.11,6.54,0.0,0.56
2001-01-18,0.0,7.13,6.44,0.0,0.69
2001-01-19,0.0,7.14,6.55,0.0,0.59
2001-01-20,0.0,7.12,6.49,0.0,0.63
2001-01-21,0.0,7.13,6.48,0.0,0.64
2001-01-22,0.0,7.12,6.48,0.0,0.65
2001-01-23,0.0,7.12,6.46,0.0,0.66
2001-01-24,0.679,100.38,9.05,39.4,51.93
2001-01-25,2.699,443.6,18.25,183.67,241.68
2001-01-26,1.386,220.31,12.76,89.63,117.93
2001-01-27,0.12,130.81,6.97,52.41,71.44
2001-01-28,0.018,58.92,6.93,0.03,51.96
2001-01-29,0.003,21.24,6.83,0.0,14.41
2001-01-30,0.001,8.25,6.57,0.0,1.68
2001-01-31,0.001,7.18,6.5,0.0,0.68
2001-02-01,0.001,7.17,6.52,0.0,0.65
2001-02-02,0.0,7.24,6.66,0.0,0.58
2001-02-03,0.0,7.14,6.69,0.0,0.45
2001-02-04,0.0,7.12,6.54,0.0,0.57
2001-02-05,0.0,7.13,6.5,0.0,0.63
2001-02-06,0.0,7.17,6.55,0.0,0.62
2001-02-07,0.0,7.13,6.51,0.0,0.62
2001-02-08,0.0,7.14,6.5,0.0,0.64
2001-02-09,1.188,137.13,11.47,54.26,71.4
2001-02-10,2.58,111.55,13.76,42.22,55.56
2001-02-11,3.048,157.24,15.83,61.06,80.34
2001-02-12,4.981,183.96,18.38,71.5,94.08
2001-02-13,0.275,116.44,7.82,46.9,61.71
2001-02-14,0.043,68.68,6.88,19.93,41.87
2001-02-15,0.012,20.04,6.66,0.0,13.38
2001-02-16,0.007,8.31,6.53,0.0,1.77
2001-02-17,0.008,4.57,4.07,0.0,0.5
2001-02-18,0.48,64.08,7.54,24.41,32.13
2001-02-19,2.788,269.79,14.83,110.1,144.87
2001-02-20,1.136,134.2,11.28,53.08,69.84
2001-02-21,0.824,93.41,9.09,36.41,47.91
2001-02-22,0.954,87.21,9.32,33.64,44.26
2001-02-23,0.923,82.5,11.05,30.85,40.6
2001-02-24,3.698,237.96,17.23,95.32,125.42
2001-02-25,0.31,86.5,7.35,34.18,44.97
2001-02-26,0.084,42.47,6.82,14.54,21.11
2001-02-27,0.029,14.22,6.62,0.01,7.6
2001-02-28,0.018,8.41,6.51,0.0,1.9
2001-03-01,0.015,7.42,6.46,0.0,0.96
2001-03-02,0.47,114.26,8.43,45.69,60.14
2001-03-03,0.153,81.81,6.21,32.64,42.95
2001-03-04,2.43,189.48,14.27,75.66,99.55
2001-03-05,1.495,125.9,11.96,49.2,64.74
2001-03-06,0.251,98.75,7.35,39.47,51.93
2001-03-07,0.056,48.48,6.74,15.53,26.22
2001-03-08,0.027,13.4,6.53,0.0,6.86
2001-03-09,0.021,8.22,6.49,0.0,1.73
2001-03-10,0.017,7.45,6.46,0.0,0.99
2001-03-11,0.015,7.34,6.45,0.0,0.89
2001-03-12,0.013,7.33,6.49,0.0,0.84
2001-03-13,0.011,7.27,6.47,0.0,0.8
2001-03-14,0.009,7.26,6.48,0.0,0.78
2001-03-15,0.008,7.22,6.46,0.0,0.76
2001-03-16,0.007,7.24,6.5,0.0,0.74
2001-03-17,0.005,7.18,6.47,0.0,0.71
2001-03-18,0.004,7.18,6.47,0.0,0.72
2001-03-19,0.004,7.18,6.48,0.0,0.7
2001-03-20,0.003,7.21,6.53,0.0,0.68
2001-03-21,0.002,7.19,6.54,0.0,0.65
2001-03-22,0.001,7.13,6.5,0.0,0.63
2001-03-23,0.001,7.17,6.53,0.0,0.63
2001-03-24,0.0,7.25,6.71,0.0,0.54
2001-03-25,0.486,89.14,8.32,34.9,45.92
2001-03-26,0.09,76.67,6.98,28.43,41.26
2001-03-27,0.013,36.63,6.97,0.0,29.67
2001-03-28,0.002,16.28,6.98,0.0,9.3
2001-03-29,0.0,9.0,6.97,0.0,2.03
2001-03-30,0.0,7.39,6.94,0.0,0.45
2001-03-31,0.0,7.1,6.91,0.0,0.2
2001-04-01,0.0,7.04,6.98,0.0,0.06
2001-04-02,0.0,6.99,6.98,0.0,0.01
2001-04-03,0.0,6.98,6.98,0.0,0.0
2001-04-04,0.0,0.0,0.0,0.0,0.0
2001-04-05,0.0,0.0,0.0,0.0,0.0
2001-04-06,0.12,54.93,5.97,21.14,27.82
2001-04-07,1.619,120.65,12.36,46.76,61.53
2001-04-08,0.144,100.26,6.97,40.11,53.17
2001-04-09,0.489,158.23,8.35,63.94,85.94
2001-04-10,0.081,128.63,6.96,48.33,73.34
2001-04-11,0.012,57.11,6.94,0.0,50.18
2001-04-12,0.003,16.33,6.75,0.0,9.58
2001-04-13,0.001,8.14,6.75,0.0,1.39
2001-04-14,0.0,7.23,6.79,0.0,0.45
2001-04-15,0.0,7.12,6.77,0.0,0.35
2001-04-16,0.0,7.13,6.63,0.0,0.5
2001-04-17,0.0,7.15,6.55,0.0,0.6
2001-04-18,0.0,7.13,6.52,0.0,0.62
2001-04-19,0.0,7.2,6.59,0.0,0.62
2001-04-20,1.773,206.87,14.28,83.16,109.42
2001-04-21,0.384,168.67,8.66,69.1,90.92
2001-04-22,0.056,101.38,6.95,34.4,60.03
2001-04-23,0.009,41.22,6.93,0.0,34.29
2001-04-24,0.002,14.29,6.88,0.0,7.41
2001-04-25,0.0,8.41,6.91,0.0,1.5
2001-04-26,0.0,7.24,6.75,0.0,0.48
2001-04-27,0.0,7.13,6.59,0.0,0.54
2001-04-28,0.0,7.16,6.55,0.0,0.61
2001-04-29,0.0,7.15,6.52,0.0,0.62
2001-04-30,0.0,7.16,6.53,0.0,0.63
2001-05-01,0.0,7.21,6.6,0.0,0.61
2001-05-02,0.0,7.24,6.82,0.0,0.42
2001-05-03,0.0,7.08,6.98,0.0,0.1
2001-05-04,0.0,7.01,6.98,0.0,0.03
2001-05-05,0.0,0.0,0.0,0.0,0.0
2001-05-06,0.0,0.0,0.0,0.0,0.0
2001-05-07,0.0,0.0,0.0,0.0,0.0
2001-05-08,0.0,0.0,0.0,0.0,0.0
2001-05-09,0.0,0.0,0.0,0.0,0.0
2001-05-10,0.0,0.0,0.0,0.0,0.0
2001-05-11,0.0,0.0,0.0,0.0,0.0
2001-05-12,0.0,0.0,0.0,0.0,0.0
2001-05-13,0.0,0.0,0.0,0.0,0.0
2001-05-14,0.0,0.0,0.0,0.0,0.0
2001-05-15,0.0,0.0,0.0,0.0,0.0
2001-05-16,0.0,0.0,0.0,0.0,0.0
2001-05-17,0.0,0.0,0.0,0.0,0.0
2001-05-18,0.0,0.0,0.0,0.0,0.0
2001-05-19,0.0,0.0,0.0,0.0,0.0
2001-05-20,0.0,0.0,0.0,0.0,0.0
2001-05-21,0.0,0.0,0.0,0.0,0.0
2001-05-22,0.0,0.0,0.0,0.0,0.0
2001-05-23,0.0,0.0,0.0,0.0,0.0
2001-05-24,0.0,0.0,0.0,0.0,0.0
2001-05-25,0.0,0.0,0.0,0.0,0.0
2001-05-26,0.0,0.0,0.0,0.0,0.0
2001-05-27,0.0,0.0,0.0,0.0,0.0
2001-05-28,0.0,0.0,0.0,0.0,0.0
2001-05-29,0.0,0.0,0.0,0.0,0.0
2001-05-30,0.0,0.0,0.0,0.0,0.0
2001-05-31,0.0,0.0,0.0,0.0,0.0
2001-06-01,0.0,0.0,0.0,0.0,0.0
2001-06-02,0.0,0.0,0.0,0.0,0.0
2001-06-03,0.0,0.0,0.0,0.0,0.0
2001-06-04,0.0,0.0,0.0,0.0,0.0
2001-06-05,0.0,0.0,0.0,0.0,0.0
2001-06-06,0.0,0.0,0.0,0.0,0.0
2001-06-07,0.0,0.0,0.0,0.0,0.0
2001-06-08,0.0,0.0,0.0,0.0,0.0
2001-06-09,0.0,0.0,0.0,0.0,0.0
2001-06-10,0.0,0.0,0.0,0.0,0.0
2001-06-11,0.0,0.0,0.0,0.0,0.0
2001-06-12,0.0,0.0,0.0,0.0,0.0
2001-06-13,0.0,0.0,0.0,0.0,0.0
2001-06-14,0.0,0.0,0.0,0.0,0.0
2001-06-15,0.0,0.0,0.0,0.0,0.0
2001-06-16,0.0,0.0,0.0,0.0,0.0
2001-06-17,0.0,0.0,0.0,0.0,0.0
2001-06-18,0.0,0.0,0.0,0.0,0.0
2001-06-19,0.0,0.0,0.0,0.0,0.0
2001-06-20,0.0,0.0,0.0,0.0,0.0
2001-06-21,0.0,0.0,0.0,0.0,0.0
2001-06-22,0.0,0.0,0.0,0.0,0.0
2001-06-23,0.0,0.0,0.0,0.0,0.0
2001-06-24,0.0,0.0,0.0,0.0,0.0
2001-06-25,0.0,0.0,0.0,0.0,0.0
2001-06-26,0.0,0.0,0.0,0.0,0.0
2001-06-27,0.0,0.0,0.0,0.0,0.0
2001-06-28,0.0,0.0,0.0,0.0,0.0
2001-06-29,0.0,0.0,0.0,0.0,0.0
2001-06-30,0.0,0.0,0.0,0.0,0.0
2001-07-01,0.0,0.0,0.0,0.0,0.0
2001-07-02,0.0,0.0,0.0,0.0,0.0
2001-07-03,0.0,0.0,0.0,0.0,0.0
2001-07-04,0.0,0.0,0.0,0.0,0.0
2001-07-05,0.0,0.0,0.0,0.0,0.0
2001-07-06,0.0,0.0,0.0,0.0,0.0
2001-07-07,0.0,0.0,0.0,0.0,0.0
2001-07-08,0.0,0.0,0.0,0.0,0.0
2001-07-09,0.0,0.0,0.0,0.0,0.0
2001-07-10,0.0,0.0,0.0,0.0,0.0
2001-07-11,0.0,0.0,0.0,0.0,0.0
2001-07-12,0.0,0.0,0.0,0.0,0.0
2001-07-13,0.0,0.0,0.0,0.0,0.0
2001-07-14,0.0,0.0,0.0,0.0,0.0
2001-07-15,0.0,0.0,0.0,0.0,0.0
2001-07-16,0.0,0.0,0.0,0.0,0.0
2001-07-17,0.0,0.0,0.0,0.0,0.0
2001-07-18,0.0,0.0,0.0,0.0,0.0
2001-07-19,0.0,0.0,0.0,0.0,0.0
2001-07-20,0.0,0.0,0.0,0.0,0.0
2001-07-21,0.0,0.0,0.0,0.0,0.0
2001-07-22,0.0,0.0,0.0,0.0,0.0
2001-07-23,0.0,0.0,0.0,0.0,0.0
2001-07-24,0.0,0.0,0.0,0.0,0.0
2001-07-25,0.0,0.0,0.0,0.0,0.0
2001-07-26,0.0,0.0,0.0,0.0,0.0
2001-07-27,0.0,0.0,0.0,0.0,0.0
2001-07-28,0.0,0.0,0.0,0.0,0.0
2001-07-29,0.0,0.0,0.0,0.0,0.0
2001-07-30,0.0,0.0,0.0,0.0,0.0
2001-07-31,0.0,0.0,0.0,0.0,0.0
2001-08-01,0.0,0.0,0.0,0.0,0.0
2001-08-02,0.0,0.0,0.0,0.0,0.0
2001-08-03,0.0,0.0,0.0,0.0,0.0
2001-08-04,0.0,0.0,0.0,0.0,0.0
2001-08-05,0.0,0.0,0.0,0.0,0.0
2001-08-06,0.0,0.0,0.0,0.0,0.0
2001-08-07,0.0,0.0,0.0,0.0,0.0
2001-08-08,0.0,0.0,0.0,0.0,0.0
2001-08-09,0.0,0.0,0.0,0.0,0.0
2001-08-10,0.0,0.0,0.0,0.0,0.0
2001-08-11,0.0,0.0,0.0,0.0,0.0
2001-08-12,0.0,0.0,0.0,0.0,0.0
2001-08-13,0.0,0.0,0.0,0.0,0.0
2001-08-14,0.0,0.0,0.0,0.0,0.0
2001-08-15,0.0,0.0,0.0,0.0,0.0
2001-08-16,0.0,0.0,0.0,0.0,0.0
2001-08-17,0.0,0.0,0.0,0.0,0.0
2001-08-18,0.0,0.0,0.0,0.0,0.0
2001-08-19,0.0,0.0,0.0,0.0,0.0
2001-08-20,0.0,0.0,0.0,0.0,0.0
2001-08-21,0.0,0.0,0.0,0.0,0.0
2001-08-22,0.0,0.0,0.0,0.0,0.0
2001-08-23,0.0,0.0,0.0,0.0,0.0
2001-08-24,0.0,0.0,0.0,0.0,0.0
2001-08-25,0.0,0.0,0.0,0.0,0.0
2001-08-26,0.0,0.0,0.0,0.0,0.0
2001-08-27,0.0,0.0,0.0,0.0,0.0
2001-08-28,0.0,0.0,0.0,0.0,0.0
2001-08-29,0.0,0.0,0.0,0.0,0.0
2001-08-30,0.0,0.0,0.0,0.0,0.0
2001-08-31,0.0,0.0,0.0,0.0,0.0
2001-09-01,0.0,0.0,0.0,0.0,0.0
2001-09-02,0.0,0.0,0.0,0.0,0.0
2001-09-03,0.0,0.0,0.0,0.0,0.0
2001-09-04,0.0,0.0,0.0,0.0,0.0
2001-09-05,0.0,0.0,0.0,0.0,0.0
2001-09-06,0.0,0.0,0.0,0.0,0.0
2001-09-07,0.0,0.0,0.0,0.0,0.0
2001-09-08,0.0,0.0,0.0,0.0,0.0
2001-09-09,0.0,0.0,0.0,0.0,0.0
2001-09-10,0.0,0.0,0.0,0.0,0.0
2001-09-11,0.0,0.0,0.0,0.0,0.0
2001-09-12,0.0,0.0,0.0,0.0,0.0
2001-09-13,0.0,0.0,0.0,0.0,0.0
2001-09-14,0.0,0.0,0.0,0.0,0.0
2001-09-15,0.0,0.0,0.0,0.0,0.0
2001-09-16,0.0,0.0,0.0,0.0,0.0
2001-09-17,0.0,0.0,0.0,0.0,0.0
2001-09-18,0.0,0.0,0.0,0.0,0.0
2001-09-19,0.0,0.0,0.0,0.0,0.0
2001-09-20,0.0,0.0,0.0,0.0,0.0
2001-09-21,0.0,0.0,0.0,0.0,0.0
2001-09-22,0.0,0.0,0.0,0.0,0.0
2001-09-23,0.0,0.0,0.0,0.0,0.0
2001-09-24,0.0,0.0,0.0,0.0,0.0
2001-09-25,0.0,0.0,0.0,0.0,0.0
2001-09-26,0.0,0.0,0.0,0.0,0.0
2001-09-27,0.0,0.0,0.0,0.0,0.0
2001-09-28,0.0,0.0,0.0,0.0,0.0
2001-09-29,0.0,0.0,0.0,0.0,0.0
2001-09-30,0.0,0.0,0.0,0.0,0.0
2001-10-01,0.0,0.0,0.0,0.0,0.0
2001-10-02,0.0,0.0,0.0,0.0,0.0
2001-10-03,0.0,0.0,0.0,0.0,0.0
2001-10-04,0.0,0.0,0.0,0.0,0.0
2001-10-05,0.0,0.0,0.0,0.0,0.0
2001-10-06,0.0,0.0,0.0,0.0,0.0
2001-10-07,0.0,0.0,0.0,0.0,0.0
2001-10-08,0.0,0.0,0.0,0.0,0.0
2001-10-09,0.0,0.0,0.0,0.0,0.0
2001-10-10,0.0,0.0,0.0,0.0,0.0
2001-10-11,0.0,0.0,0.0,0.0,0.0
2001-10-12,0.0,0.0,0.0,0.0,0.0
2001-10-13,0.0,0.0,0.0,0.0,0.0
2001-10-14,0.0,0.0,0.0,0.0,0.0
2001-10-15,0.0,0.0,0.0,0.0,0.0
2001-10-16,0.0,0.0,0.0,0.0,0.0
2001-10-17,0.0,0.0,0.0,0.0,0.0
2001-10-18,0.0,0.0,0.0,0.0,0.0
2001-10-19,0.0,0.0,0.0,0.0,0.0
2001-10-20,0.0,0.0,0.0,0.0,0.0
2001-10-21,0.0,0.0,0.0,0.0,0.0
2001-10-22,0.0,0.0,0.0,0.0,0.0
2001-10-23,0.0,0.0,0.0,0.0,0.0
2001-10-24,0.0,0.0,0.0,0.0,0.0
2001-10-25,0.0,0.0,0.0,0.0,0.0
2001-10-26,0.0,0.0,0.0,0.0,0.0
2001-10-27,0.0,0.0,0.0,0.0,0.0
2001-10-28,0.0,0.0,0.0,0.0,0.0
2001-10-29,0.0,0.0,0.0,0.0,0.0
2001-10-30,0.769,156.11,10.17,62.87,83.07
2001-10-31,0.129,120.87,6.97,48.45,65.44
2001-11-01,0.018,58.09,6.98,0.14,50.97
2001-11-02,0.002,25.65,6.98,0.0,18.67
2001-11-03,0.0,11.12,6.96,0.0,4.15
2001-11-04,0.0,7.78,6.91,0.0,0.86
2001-11-05,0.0,7.13,6.73,0.0,0.41
2001-11-06,0.0,7.12,6.56,0.0,0.55
2001-11-07,0.0,7.06,6.41,0.0,0.66
2001-11-08,0.0,7.15,6.5,0.0,0.65
2001-11-09,0.0,7.17,6.52,0.0,0.65
2001-11-10,0.047,42.03,3.98,16.4,21.65
2001-11-11,0.354,49.99,7.39,18.38,24.22
2001-11-12,6.337,537.44,23.03,222.13,292.28
2001-11-13,0.346,258.82,8.65,108.03,142.14
2001-11-14,0.043,168.59,6.97,52.45,109.17
2001-11-15,0.006,64.84,6.94,0.0,57.9
2001-11-16,0.001,17.96,6.82,0.0,11.14
2001-11-17,0.0,8.2,6.66,0.0,1.54
2001-11-18,0.0,7.18,6.55,0.0,0.63
2001-11-19,0.0,7.12,6.48,0.0,0.64
2001-11-20,0.0,7.13,6.48,0.0,0.65
2001-11-21,0.0,7.11,6.46,0.0,0.65
2001-11-22,0.0,7.13,6.48,0.0,0.65
2001-11-23,0.0,7.12,6.46,0.0,0.65
2001-11-24,4.394,327.38,18.31,133.46,175.61
2001-11-25,0.512,145.41,10.43,58.28,76.69
2001-11-26,0.055,95.11,6.97,31.99,56.15
2001-11-27,0.008,40.78,6.96,0.0,33.82
2001-11-28,0.199,47.43,4.0,18.73,24.7
2001-11-29,2.587,140.93,14.43,54.62,71.87
2001-11-30,0.232,106.67,7.41,42.86,56.4
2001-12-01,1.493,92.38,11.09,35.1,46.19
2001-12-02,6.569,379.36,21.23,154.64,203.48
2001-12-03,1.163,112.35,11.58,43.51,57.26
2001-12-04,0.135,72.22,6.95,28.05,37.22
2001-12-05,0.445,78.26,8.44,29.56,40.27
2001-12-06,0.672,64.05,9.15,23.67,31.24
2001-12-07,0.099,45.09,6.94,15.79,22.36
2001-12-08,0.018,20.27,6.83,0.0,13.44
2001-12-09,0.005,9.84,6.68,0.0,3.16
2001-12-10,0.004,7.3,6.49,0.0,0.81
2001-12-11,0.003,7.13,6.42,0.0,0.71
2001-12-12,0.004,7.14,6.42,0.0,0.73
2001-12-13,0.029,4.09,1.22,1.07,1.8
2001-12-14,2.92,251.16,16.0,101.53,133.63
2001-12-15,0.171,174.69,6.96,72.42,95.3
2001-12-16,0.028,84.34,6.87,11.96,65.5
2001-12-17,0.706,161.71,10.15,65.35,86.21
2001-12-18,0.137,137.1,6.95,56.0,74.15
2001-12-19,0.024,55.03,6.84,1.42,46.76
2001-12-20,2.604,153.85,14.41,60.19,79.25
2001-12-21,1.531,129.57,15.24,49.37,64.96
2001-12-22,1.215,143.88,12.11,56.9,74.87
2001-12-23,0.416,79.87,7.47,31.26,41.13
2001-12-24,0.081,46.03,6.87,15.79,23.37
2001-12-25,0.024,16.27,6.65,0.0,9.62
2001-12-26,0.014,8.43,6.5,0.0,1.93
2001-12-27,0.013,7.34,6.43,0.0,0.91
2001-12-28,3.512,162.55,16.73,62.96,82.85
2001-12-29,5.107,184.83,18.77,71.71,94.36
2001-12-30,2.576,167.99,15.64,65.79,86.56
2001-12-31,1.791,129.23,13.42,50.01,65.8
2002-01-01,0.231,57.52,6.78,21.91,28.83
2002-01-02,2.72,112.01,14.17,42.25,55.59
2002-01-03,0.447,61.33,7.84,23.1,30.4
2002-01-04,0.146,26.26,6.64,8.47,11.14
2002-01-05,0.091,11.71,6.5,2.25,2.96
2002-01-06,0.078,8.88,6.45,1.05,1.38
2002-01-07,0.067,8.53,6.47,0.89,1.17
2002-01-08,0.061,8.45,6.44,0.87,1.14
2002-01-09,0.054,8.15,6.47,0.55,1.14
2002-01-10,0.046,7.65,6.47,0.05,1.14
2002-01-11,0.039,7.62,6.47,0.02,1.14
2002-01-12,0.034,7.6,6.46,0.01,1.14
2002-01-13,0.03,7.6,6.46,0.01,1.13
2002-01-14,0.026,7.58,6.47,0.0,1.11
2002-01-15,0.021,7.51,6.48,0.0,1.03
2002-01-16,0.018,7.4,6.46,0.0,0.94
2002-01-17,0.017,7.35,6.44,0.0,0.91
2002-01-18,0.015,7.34,6.47,0.0,0.87
2002-01-19,0.013,7.31,6.47,0.0,0.84
2002-01-20,0.011,7.25,6.45,0.0,0.8
2002-01-21,0.01,7.26,6.46,0.0,0.8
2002-01-22,0.007,7.26,6.54,0.0,0.71
2002-01-23,0.006,7.14,6.4,0.0,0.74
2002-01-24,0.006,7.2,6.45,0.0,0.74
2002-01-25,0.005,7.2,6.48,0.0,0.72
2002-01-26,0.406,92.41,8.4,36.25,47.75
2002-01-27,0.152,82.71,6.96,32.69,43.06
2002-01-28,0.025,38.25,6.87,2.41,28.98
2002-01-29,0.023,10.75,6.27,0.02,4.47
2002-01-30,0.014,8.89,6.74,0.0,2.15
2002-01-31,0.006,7.37,6.55,0.0,0.82
2002-02-01,0.005,7.18,6.47,0.0,0.71
2002-02-02,0.004,7.18,6.47,0.0,0.7
2002-02-03,0.003,7.18,6.49,0.0,0.69
2002-02-04,0.003,7.17,6.49,0.0,0.68
2002-02-05,0.002,7.17,6.5,0.0,0.67
2002-02-06,0.002,7.2,6.54,0.0,0.66
2002-02-07,0.001,7.24,6.67,0.0,0.57
2002-02-08,0.448,194.61,8.84,79.98,105.79
2002-02-09,0.13,178.01,6.97,72.81,98.23
2002-02-10,0.02,77.67,6.91,0.29,70.46
2002-02-11,0.005,24.18,6.74,0.0,17.43
2002-02-12,0.002,8.52,6.61,0.0,1.91
2002-02-13,0.001,7.24,6.58,0.0,0.65
2002-02-14,0.001,7.09,6.41,0.0,0.67
2002-02-15,0.001,7.16,6.49,0.0,0.67
2002-02-16,0.005,8.0,4.93,0.02,3.05
2002-02-17,2.243,174.37,14.75,68.92,90.7
2002-02-18,0.178,116.34,6.95,47.23,62.15
2002-02-19,0.997,90.99,11.14,34.09,45.76
2002-02-20,0.445,69.7,8.42,26.39,34.89
2002-02-21,0.079,39.85,6.88,13.16,19.81
2002-02-22,0.021,15.36,6.7,0.0,8.66
2002-02-23,0.011,8.29,6.51,0.0,1.79
2002-02-24,0.01,7.29,6.45,0.0,0.84
2002-02-25,0.008,7.25,6.49,0.0,0.76
2002-02-26,0.006,7.22,6.49,0.0,0.73
2002-02-27,0.005,7.2,6.49,0.0,0.71
2002-02-28,0.004,7.19,6.48,0.0,0.71
2002-03-01,0.002,7.22,6.64,0.0,0.58
2002-03-02,0.002,7.18,6.48,0.0,0.69
2002-03-03,0.001,7.13,6.45,0.0,0.68
2002-03-04,0.001,7.18,6.51,0.0,0.67
2002-03-05,0.001,7.26,6.64,0.0,0.62
2002-03-06,0.389,161.95,10.0,65.62,86.34
2002-03-07,1.726,157.79,12.95,62.54,82.3
2002-03-08,0.204,103.72,7.07,41.74,54.92
2002-03-09,0.033,57.9,6.89,12.58,38.43
2002-03-10,0.56,96.2,8.71,37.69,49.79
2002-03-11,0.107,76.78,6.94,29.2,40.63
2002-03-12,0.02,31.03,6.85,0.0,24.17
2002-03-13,0.005,12.93,6.73,0.0,6.19
2002-03-14,0.003,7.35,6.4,0.0,0.95
2002-03-15,0.003,7.24,6.51,0.0,0.73
2002-03-16,0.002,7.23,6.63,0.0,0.6
2002-03-17,2.194,299.08,16.23,122.14,160.71
2002-03-18,0.273,203.1,7.78,84.34,110.98
2002-03-19,0.044,116.58,6.87,36.24,73.47
2002-03-20,0.012,30.05,6.67,0.0,23.38
2002-03-21,0.007,9.19,6.53,0.0,2.66
2002-03-22,0.034,1.18,1.05,0.0,0.13
2002-03-23,2.24,203.73,14.46,81.73,107.54
2002-03-24,0.177,131.84,6.94,53.93,70.96
2002-03-25,0.034,62.11,6.81,13.09,42.21
2002-03-26,0.013,16.32,6.58,0.0,9.74
2002-03-27,0.009,7.93,6.5,0.0,1.43
2002-03-28,0.007,7.26,6.48,0.0,0.78
2002-03-29,0.006,7.21,6.47,0.0,0.73
2002-03-30,0.005,7.19,6.48,0.0,0.72
2002-03-31,0.004,7.18,6.48,0.0,0.7
2002-04-01,0.003,7.18,6.49,0.0,0.68
2002-04-02,0.002,7.18,6.51,0.0,0.66
2002-04-03,0.002,7.18,6.53,0.0,0.65
2002-04-04,0.001,7.21,6.59,0.0,0.62
2002-04-05,0.0,7.23,6.7,0.0,0.53
2002-04-06,0.0,7.14,6.95,0.0,0.18
2002-04-07,0.0,7.05,6.89,0.0,0.16
2002-04-08,0.0,7.11,6.83,0.0,0.29
2002-04-09,0.0,7.07,6.98,0.0,0.09
2002-04-10,0.0,7.0,6.98,0.0,0.02
2002-04-11,0.0,0.0,0.0,0.0,0.0
2002-04-12,0.0,0.0,0.0,0.0,0.0
2002-04-13,0.0,0.0,0.0,0.0,0.0
2002-04-14,0.0,0.0,0.0,0.0,0.0
2002-04-15,0.0,0.0,0.0,0.0,0.0
2002-04-16,0.0,0.0,0.0,0.0,0.0
2002-04-17,0.0,0.0,0.0,0.0,0.0
2002-04-18,0.0,0.0,0.0,0.0,0.0
2002-04-19,0.0,0.0,0.0,0.0,0.0
2002-04-20,0.0,0.0,0.0,0.0,0.0
2002-04-21,0.0,0.0,0.0,0.0,0.0
2002-04-22,0.0,0.0,0.0,0.0,0.0
2002-04-23,0.0,0.0,0.0,0.0,0.0
2002-04-24,0.0,0.0,0.0,0.0,0.0
2002-04-25,0.0,0.0,0.0,0.0,0.0
2002-04-26,0.0,0.0,0.0,0.0,0.0
2002-04-27,0.0,0.0,0.0,0.0,0.0
2002-04-28,0.0,0.0,0.0,0.0,0.0
2002-04-29,0.0,0.0,0.0,0.0,0.0
2002-04-30,0.0,0.0,0.0,0.0,0.0
2002-05-01,0.0,0.0,0.0,0.0,0.0
2002-05-02,0.0,0.0,0.0,0.0,0.0
2002-05-03,0.0,0.0,0.0,0.0,0.0
2002-05-04,0.0,0.0,0.0,0.0,0.0
2002-05-05,0.0,0.0,0.0,0.0,0.0
2002-05-06,0.0,0.0,0.0,0.0,0.0
2002-05-07,0.0,0.0,0.0,0.0,0.0
2002-05-08,0.0,0.0,0.0,0.0,0.0
2002-05-09,0.0,0.0,0.0,0.0,0.0
2002-05-10,0.0,0.0,0.0,0.0,0.0
2002-05-11,0.0,0.0,0.0,0.0,0.0
2002-05-12,0.0,0.0,0.0,0.0,0.0
2002-05-13,0.0,0.0,0.0,0.0,0.0
2002-05-14,0.0,0.0,0.0,0.0,0.0
2002-05-15,0.0,0.0,0.0,0.0,0.0
2002-05-16,0.0,0.0,0.0,0.0,0.0
2002-05-17,0.0,0.0,0.0,0.0,0.0
2002-05-18,0.0,0.0,0.0,0.0,0.0
2002-05-19,0.274,86.19,7.56,33.95,44.67
2002-05-20,0.814,79.08,8.44,30.51,40.14
2002-05-21,0.89,81.5,10.42,30.69,40.38
2002-05-22,0.092,62.84,6.97,22.83,33.04
2002-05-23,0.013,31.19,6.98,0.0,24.22
2002-05-24,0.002,14.55,6.97,0.0,7.58
2002-05-25,0.0,8.56,6.94,0.0,1.62
2002-05-26,0.0,7.27,6.81,0.0,0.46
2002-05-27,0.0,7.11,6.6,0.0,0.51
2002-05-28,0.0,7.12,6.5,0.0,0.61
2002-05-29,0.0,7.14,6.49,0.0,0.65
2002-05-30,0.0,7.17,6.53,0.0,0.64
2002-05-31,0.0,7.16,6.56,0.0,0.6
2002-06-01,0.0,7.09,6.45,0.0,0.64
2002-06-02,0.0,7.15,6.5,0.0,0.65
2002-06-03,0.0,7.23,6.63,0.0,0.6
2002-06-04,0.0,7.11,6.7,0.0,0.42
2002-06-05,0.0,7.11,6.98,0.0,0.13
2002-06-06,0.0,0.0,0.0,0.0,0.0
2002-06-07,0.0,0.0,0.0,0.0,0.0
2002-06-08,0.0,0.0,0.0,0.0,0.0
2002-06-09,0.0,0.0,0.0,0.0,0.0
2002-06-10,0.0,0.0,0.0,0.0,0.0
2002-06-11,0.0,0.0,0.0,0.0,0.0
2002-06-12,0.0,0.0,0.0,0.0,0.0
2002-06-13,0.0,0.0,0.0,0.0,0.0
2002-06-14,0.0,0.0,0.0,0.0,0.0
2002-06-15,0.0,0.0,0.0,0.0,0.0
2002-06-16,0.0,0.0,0.0,0.0,0.0
2002-06-17,0.0,0.0,0.0,0.0,0.0
2002-06-18,0.0,0.0,0.0,0.0,0.0
2002-06-19,0.0,0.0,0.0,0.0,0.0
2002-06-20,0.0,0.0,0.0,0.0,0.0
2002-06-21,0.0,0.0,0.0,0.0,0.0
2002-06-22,0.0,0.0,0.0,0.0,0.0
2002-06-23,0.0,0.0,0.0,0.0,0.0
2002-06-24,0.0,0.0,0.0,0.0,0.0
2002-06-25,0.0,0.0,0.0,0.0,0.0
2002-06-26,0.0,0.0,0.0,0.0,0.0
2002-06-27,0.0,0.0,0.0,0.0,0.0
2002-06-28,0.0,0.0,0.0,0.0,0.0
2002-06-29,0.0,0.0,0.0,0.0,0.0
2002-06-30,0.0,0.0,0.0,0.0,0.0
2002-07-01,0.0,0.0,0.0,0.0,0.0
2002-07-02,0.0,0.0,0.0,0.0,0.0
2002-07-03,0.0,0.0,0.0,0.0,0.0
2002-07-04,0.0,0.0,0.0,0.0,0.0
2002-07-05,0.0,0.0,0.0,0.0,0.0
2002-07-06,0.0,0.0,0.0,0.0,0.0
2002-07-07,0.0,0.0,0.0,0.0,0.0
2002-07-08,0.0,0.0,0.0,0.0,0.0
2002-07-09,0.0,0.0,0.0,0.0,0.0
2002-07-10,0.0,0.0,0.0,0.0,0.0
2002-07-11,0.0,0.0,0.0,0.0,0.0
2002-07-12,0.0,0.0,0.0,0.0,0.0
2002-07-13,0.0,0.0,0.0,0.0,0.0
2002-07-14,0.0,0.0,0.0,0.0,0.0
2002-07-15,0.0,0.0,0.0,0.0,0.0
2002-07-16,0.0,0.0,0.0,0.0,0.0
2002-07-17,0.0,0.0,0.0,0.0,0.0
2002-07-18,0.0,0.0,0.0,0.0,0.0
2002-07-19,0.0,0.0,0.0,0.0,0.0
2002-07-20,0.0,0.0,0.0,0.0,0.0
2002-07-21,0.0,0.0,0.0,0.0,0.0
2002-07-22,0.0,0.0,0.0,0.0,0.0
2002-07-23,0.0,0.0,0.0,0.0,0.0
2002-07-24,0.0,0.0,0.0,0.0,0.0
2002-07-25,0.0,0.0,0.0,0.0,0.0
2002-07-26,0.0,0.0,0.0,0.0,0.0
2002-07-27,0.0,0.0,0.0,0.0,0.0
2002-07-28,0.0,0.0,0.0,0.0,0.0
2002-07-29,0.0,0.0,0.0,0.0,0.0
2002-07-30,0.0,0.0,0.0,0.0,0.0
2002-07-31,0.0,0.0,0.0,0.0,0.0
2002-08-01,0.0,0.0,0.0,0.0,0.0
2002-08-02,0.0,0.0,0.0,0.0,0.0
2002-08-03,0.0,0.0,0.0,0.0,0.0
2002-08-04,0.0,0.0,0.0,0.0,0.0
2002-08-05,0.0,0.0,0.0,0.0,0.0
2002-08-06,0.0,0.0,0.0,0.0,0.0
2002-08-07,0.0,0.0,0.0,0.0,0.0
2002-08-08,0.0,0.0,0.0,0.0,0.0
2002-08-09,0.0,0.0,0.0,0.0,0.0
2002-08-10,0.0,0.0,0.0,0.0,0.0
2002-08-11,0.0,0.0,0.0,0.0,0.0
2002-08-12,0.0,0.0,0.0,0.0,0.0
2002-08-13,0.0,0.0,0.0,0.0,0.0
2002-08-14,0.0,0.0,0.0,0.0,0.0
2002-08-15,0.0,0.0,0.0,0.0,0.0
2002-08-16,0.0,0.0,0.0,0.0,0.0
2002-08-17,0.0,0.0,0.0,0.0,0.0
2002-08-18,0.0,0.0,0.0,0.0,0.0
2002-08-19,0.0,0.0,0.0,0.0,0.0
2002-08-20,0.0,0.0,0.0,0.0,0.0
2002-08-21,0.0,0.0,0.0,0.0,0.0
2002-08-22,0.0,0.0,0.0,0.0,0.0
2002-08-23,0.0,0.0,0.0,0.0,0.0
2002-08-24,0.0,0.0,0.0,0.0,0.0
2002-08-25,0.0,0.0,0.0,0.0,0.0
2002-08-26,0.0,0.0,0.0,0.0,0.0
2002-08-27,0.0,0.0,0.0,0.0,0.0
2002-08-28,0.0,0.0,0.0,0.0,0.0
2002-08-29,0.0,0.0,0.0,0.0,0.0
2002-08-30,0.0,0.0,0.0,0.0,0.0
2002-08-31,0.0,0.0,0.0,0.0,0.0
2002-09-01,0.0,0.0,0.0,0.0,0.0
2002-09-02,0.0,0.0,0.0,0.0,0.0
2002-09-03,0.0,0.0,0.0,0.0,0.0
2002-09-04,0.0,0.0,0.0,0.0,0.0
2002-09-05,0.0,0.0,0.0,0.0,0.0
2002-09-06,0.0,0.0,0.0,0.0,0.0
2002-09-07,0.0,0.0,0.0,0.0,0.0
2002-09-08,0.0,0.0,0.0,0.0,0.0
2002-09-09,0.0,0.0,0.0,0.0,0.0
2002-09-10,0.0,0.0,0.0,0.0,0.0
2002-09-11,0.0,0.0,0.0,0.0,0.0
2002-09-12,0.0,0.0,0.0,0.0,0.0
2002-09-13,0.0,0.0,0.0,0.0,0.0
2002-09-14,0.0,0.0,0.0,0.0,0.0
2002-09-15,0.0,0.0,0.0,0.0,0.0
2002-09-16,0.0,0.0,0.0,0.0,0.0
2002-09-17,0.0,0.0,0.0,0.0,0.0
2002-09-18,0.0,0.0,0.0,0.0,0.0
2002-09-19,0.0,0.0,0.0,0.0,0.0
2002-09-20,0.0,0.0,0.0,0.0,0.0
2002-09-21,0.0,0.0,0.0,0.0,0.0
2002-09-22,0.0,0.0,0.0,0.0,0.0
2002-09-23,0.0,0.0,0.0,0.0,0.0
2002-09-24,0.0,0.0,0.0,0.0,0.0
2002-09-25,0.0,0.0,0.0,0.0,0.0
2002-09-26,0.0,0.0,0.0,0.0,0.0
2002-09-27,0.0,0.0,0.0,0.0,0.0
2002-09-28,0.0,0.0,0.0,0.0,0.0
2002-09-29,0.0,0.0,0.0,0.0,0.0
2002-09-30,0.0,0.0,0.0,0.0,0.0
2002-10-01,0.0,0.0,0.0,0.0,0.0
2002-10-02,0.0,0.0,0.0,0.0,0.0
2002-10-03,0.0,0.0,0.0,0.0,0.0
2002-10-04,0.0,0.0,0.0,0.0,0.0
2002-10-05,0.0,0.0,0.0,0.0,0.0
2002-10-06,0.0,0.0,0.0,0.0,0.0
2002-10-07,0.0,0.0,0.0,0.0,0.0
2002-10-08,0.0,0.0,0.0,0.0,0.0
2002-10-09,0.0,0.0,0.0,0.0,0.0
2002-10-10,0.0,0.0,0.0,0.0,0.0
2002-10-11,0.0,0.0,0.0,0.0,0.0
2002-10-12,0.0,0.0,0.0,0.0,0.0
2002-10-13,0.0,0.0,0.0,0.0,0.0
2002-10-14,0.0,0.0,0.0,0.0,0.0
2002-10-15,0.0,0.0,0.0,0.0,0.0
2002-10-16,0.0,0.0,0.0,0.0,0.0
2002-10-17,0.0,0.0,0.0,0.0,0.0
2002-10-18,0.0,0.0,0.0,0.0,0.0
2002-10-19,0.0,0.0,0.0,0.0,0.0
2002-10-20,0.0,0.0,0.0,0.0,0.0
2002-10-21,0.0,0.0,0.0,0.0,0.0
2002-10-22,0.0,0.0,0.0,0.0,0.0
2002-10-23,0.0,0.0,0.0,0.0,0.0
2002-10-24,0.0,0.0,0.0,0.0,0.0
2002-10-25,0.0,0.0,0.0,0.0,0.0
2002-10-26,0.0,0.0,0.0,0.0,0.0
2002-10-27,0.0,0.0,0.0,0.0,0.0
2002-10-28,0.0,0.0,0.0,0.0,0.0
2002-10-29,0.0,0.0,0.0,0.0,0.0
2002-10-30,0.0,0.0,0.0,0.0,0.0
2002-10-31,0.0,0.0,0.0,0.0,0.0
2002-11-01,0.0,0.0,0.0,0.0,0.0
2002-11-02,0.0,0.0,0.0,0.0,0.0
2002-11-03,0.0,0.0,0.0,0.0,0.0
2002-11-04,0.0,0.0,0.0,0.0,0.0
2002-11-05,0.0,0.0,0.0,0.0,0.0
2002-11-06,0.0,0.0,0.0,0.0,0.0
2002-11-07,2.685,278.76,16.55,113.23,148.98
2002-11-08,14.077,1280.28,30.54,538.53,711.21
2002-11-09,0.637,302.98,9.2,126.45,167.33
2002-11-10,0.527,180.35,8.75,74.06,97.54
2002-11-11,0.147,167.31,6.96,69.09,91.25
2002-11-12,0.022,75.82,6.92,2.45,66.45
2002-11-13,0.005,24.79,6.76,0.0,18.03
2002-11-14,0.002,8.57,6.59,0.0,1.99
2002-11-15,0.001,7.22,6.53,0.0,0.69
2002-11-16,0.001,7.21,6.57,0.0,0.64
2002-11-17,0.0,7.16,6.54,0.0,0.62
2002-11-18,0.0,7.13,6.58,0.0,0.55
2002-11-19,0.0,7.14,6.61,0.0,0.54
2002-11-20,0.0,7.14,6.54,0.0,0.6
2002-11-21,0.0,7.14,6.51,0.0,0.63
2002-11-22,0.0,7.14,6.51,0.0,0.63
2002-11-23,0.0,7.14,6.51,0.0,0.63
2002-11-24,0.0,7.15,6.52,0.0,0.63
2002-11-25,0.0,7.28,6.67,0.0,0.6
2002-11-26,0.0,6.91,6.63,0.0,0.28
2002-11-27,0.0,7.22,6.55,0.0,0.67
2002-11-28,0.0,7.25,6.66,0.0,0.59
2002-11-29,0.0,7.13,6.64,0.0,0.5
2002-11-30,0.0,7.15,6.98,0.0,0.17
2002-12-01,0.0,0.0,0.0,0.0,0.0
2002-12-02,0.0,0.0,0.0,0.0,0.0
2002-12-03,0.0,0.0,0.0,0.0,0.0
2002-12-04,0.0,0.0,0.0,0.0,0.0
2002-12-05,0.0,0.0,0.0,0.0,0.0
2002-12-06,0.0,0.0,0.0,0.0,0.0
2002-12-07,0.0,0.0,0.0,0.0,0.0
2002-12-08,0.0,0.0,0.0,0.0,0.0
2002-12-09,0.0,0.0,0.0,0.0,0.0
2002-12-10,0.215,98.03,6.43,39.55,52.05
2002-12-11,0.069,86.62,6.97,30.77,48.87
2002-12-12,0.009,39.74,6.98,0.0,32.76
2002-12-13,5.936,249.72,21.39,98.59,129.74
2002-12-14,7.101,415.94,21.99,170.12,223.84
2002-12-15,1.439,218.48,11.72,89.29,117.48
2002-12-16,8.903,380.97,22.43,154.82,203.72
2002-12-17,3.027,171.21,15.47,67.25,88.49
2002-12-18,0.553,81.56,9.0,31.33,41.22
2002-12-19,5.698,510.03,23.13,210.25,276.64
2002-12-20,4.663,233.63,16.16,93.91,123.56
2002-12-21,3.326,184.05,17.3,72.0,94.74
2002-12-22,0.307,77.27,6.98,30.35,39.94
2002-12-23,0.157,23.28,6.53,7.24,9.52
2002-12-24,0.124,10.6,6.47,1.79,2.35
2002-12-25,0.108,8.74,6.46,0.99,1.3
2002-12-26,0.095,8.49,6.46,0.88,1.16
2002-12-27,0.085,8.46,6.45,0.87,1.14
2002-12-28,1.928,167.0,15.34,65.49,86.17
2002-12-29,2.542,134.26,15.27,51.38,67.61
2002-12-30,0.259,59.89,6.75,22.95,30.19
2002-12-31,3.168,225.37,15.44,90.65,119.27
2003-01-01,0.321,86.14,7.11,34.13,44.91
2003-01-02,0.156,25.82,6.54,8.33,10.96
2003-01-03,0.118,11.1,6.48,1.99,2.62
2003-01-04,0.1,8.82,6.46,1.02,1.34
2003-01-05,0.086,8.52,6.47,0.88,1.16
2003-01-06,0.069,8.48,6.48,0.87,1.14
2003-01-07,0.059,8.26,6.47,0.65,1.14
2003-01-08,0.052,7.75,6.45,0.16,1.14
2003-01-09,0.583,165.71,10.71,66.89,88.11
2003-01-10,2.058,180.83,14.14,71.98,94.71
2003-01-11,0.239,97.59,6.85,39.18,51.56
2003-01-12,0.091,35.17,6.59,12.34,16.24
2003-01-13,0.063,12.68,6.48,2.56,3.64
2003-01-14,0.053,8.41,6.46,0.47,1.47
2003-01-15,0.046,7.69,6.47,0.04,1.18
2003-01-16,0.037,7.65,6.49,0.01,1.14
2003-01-17,0.031,7.6,6.47,0.01,1.13
2003-01-18,0.026,7.58,6.47,0.0,1.11
2003-01-19,0.022,7.51,6.47,0.0,1.04
2003-01-20,0.019,7.44,6.47,0.0,0.97
2003-01-21,0.016,7.36,6.46,0.0,0.9
2003-01-22,0.015,7.31,6.44,0.0,0.88
2003-01-23,0.013,7.33,6.48,0.0,0.85
2003-01-24,0.011,7.27,6.46,0.0,0.81
2003-01-25,0.01,7.24,6.46,0.0,0.78
2003-01-26,0.009,7.24,6.47,0.0,0.77
2003-01-27,0.007,7.22,6.47,0.0,0.74
2003-01-28,0.006,7.2,6.46,0.0,0.73
2003-01-29,0.005,7.21,6.5,0.0,0.71
2003-01-30,0.004,7.17,6.48,0.0,0.69
2003-01-31,0.003,7.18,6.5,0.0,0.69
2003-02-01,0.002,7.29,6.62,0.0,0.66
2003-02-02,0.001,7.01,6.53,0.0,0.49
2003-02-03,0.001,7.23,6.53,0.0,0.7
2003-02-04,0.0,7.24,6.94,0.0,0.3
2003-02-05,0.0,7.05,6.98,0.0,0.07
2003-02-06,0.0,6.99,6.98,0.0,0.01
2003-02-07,0.0,6.98,6.98,0.0,0.0
2003-02-08,0.0,6.98,6.98,0.0,0.0
2003-02-09,0.0,0.0,0.0,0.0,0.0
2003-02-10,0.0,0.0,0.0,0.0,0.0
2003-02-11,0.0,0.0,0.0,0.0,0.0
2003-02-12,0.506,69.77,8.89,26.29,34.59
2003-02-13,0.586,55.81,8.07,20.61,27.12
2003-02-14,0.11,43.43,6.94,15.33,21.15
2003-02-15,0.507,26.04,2.13,10.1,13.81
2003-02-16,4.201,307.32,19.32,124.36,163.63
2003-02-17,0.27,78.86,7.41,30.86,40.6
2003-02-18,0.07,35.91,6.68,11.67,17.56
2003-02-19,0.04,10.96,6.52,0.02,4.42
2003-02-20,0.03,8.11,6.48,0.01,1.62
2003-02-21,0.025,7.61,6.46,0.0,1.15
2003-02-22,0.022,7.51,6.47,0.0,1.04
2003-02-23,0.018,7.46,6.49,0.0,0.96
2003-02-24,0.028,8.9,4.44,1.68,2.78
2003-02-25,1.107,156.13,10.94,62.69,82.5
2003-02-26,0.221,69.24,4.64,27.89,36.7
2003-02-27,0.651,176.22,9.69,71.91,94.62
2003-02-28,0.124,81.22,6.84,32.12,42.26
2003-03-01,0.036,26.88,6.66,2.89,17.33
2003-03-02,0.022,10.31,6.5,0.0,3.8
2003-03-03,0.018,7.69,6.48,0.0,1.21
2003-03-04,0.015,7.37,6.47,0.0,0.9
2003-03-05,0.012,7.3,6.46,0.0,0.83
2003-03-06,0.01,7.27,6.48,0.0,0.8
2003-03-07,0.008,7.25,6.48,0.0,0.77
2003-03-08,0.007,7.23,6.48,0.0,0.74
2003-03-09,0.006,7.21,6.48,0.0,0.73
2003-03-10,0.005,7.19,6.47,0.0,0.71
2003-03-11,0.004,7.2,6.5,0.0,0.7
2003-03-12,0.003,7.14,6.46,0.0,0.68
2003-03-13,0.002,7.29,6.61,0.0,0.68
2003-03-14,0.001,7.13,6.62,0.0,0.51
2003-03-15,2.906,612.62,17.86,256.82,337.93
2003-03-16,0.643,179.74,8.83,73.8,97.11
2003-03-17,0.141,106.75,6.92,43.11,56.72
2003-03-18,0.03,40.98,6.77,3.21,31.0
2003-03-19,0.013,12.76,6.58,0.0,6.18
2003-03-20,0.009,7.64,6.48,0.0,1.16
2003-03-21,0.008,7.25,6.47,0.0,0.78
2003-03-22,0.006,7.21,6.47,0.0,0.74
2003-03-23,0.175,59.05,6.26,22.79,30.01
2003-03-24,0.052,48.61,6.92,14.82,26.88
2003-03-25,0.011,18.2,6.76,0.0,11.44
2003-03-26,0.005,8.43,6.62,0.0,1.81
2003-03-27,0.003,7.18,6.47,0.0,0.71
2003-03-28,0.002,7.22,6.57,0.0,0.65
2003-03-29,0.001,7.17,6.57,0.0,0.6
2003-03-30,0.001,7.27,6.62,0.0,0.65
2003-03-31,0.0,7.17,6.97,0.0,0.19
2003-04-01,0.0,7.02,6.97,0.0,0.05
2003-04-02,0.0,6.99,6.98,0.0,0.01
2003-04-03,0.0,6.98,6.98,0.0,0.0
2003-04-04,1.349,466.97,13.16,195.96,257.85
2003-04-05,0.132,280.65,6.97,116.95,156.73
2003-04-06,0.02,121.17,6.92,0.57,113.69
2003-04-07,0.005,34.58,6.74,0.0,27.84
2003-04-08,0.002,9.42,6.62,0.0,2.8
2003-04-09,0.001,7.41,6.69,0.0,0.71
2003-04-10,0.0,7.15,6.77,0.0,0.38
2003-04-11,0.0,7.11,6.85,0.0,0.26
2003-04-12,2.501,253.62,16.43,102.42,134.77
2003-04-13,5.165,403.59,20.32,165.5,217.77
2003-04-14,0.235,197.04,7.17,81.99,107.88
2003-04-15,0.053,92.31,6.75,31.1,54.46
2003-04-16,0.025,20.42,6.53,0.0,13.89
2003-04-17,0.019,8.89,6.49,0.0,2.4
2003-04-18,0.015,7.5,6.48,0.0,1.02
2003-04-19,0.013,7.32,6.46,0.0,0.85
2003-04-20,0.011,7.31,6.49,0.0,0.82
2003-04-21,0.009,7.24,6.47,0.0,0.77
2003-04-22,0.008,7.18,6.42,0.0,0.75
2003-04-23,0.008,7.25,6.47,0.0,0.78
2003-04-24,0.203,69.69,6.35,27.34,36.0
2003-04-25,0.204,51.58,6.31,19.3,25.98
2003-04-26,0.104,44.81,6.94,15.58,22.29
2003-04-27,0.088,48.82,4.59,17.79,26.44
2003-04-28,0.606,80.44,8.36,31.09,40.99
2003-04-29,0.621,67.27,8.56,25.35,33.36
2003-04-30,0.098,52.3,6.93,18.76,26.62
2003-05-01,0.02,21.15,6.78,0.0,14.38
2003-05-02,0.365,66.94,7.87,25.48,33.59
2003-05-03,1.917,108.6,12.86,41.34,54.4
2003-05-04,0.208,74.87,7.03,29.3,38.55
2003-05-05,0.041,39.83,6.8,10.58,22.45
2003-05-06,0.017,12.42,6.55,0.0,5.86
2003-05-07,0.011,7.79,6.54,0.0,1.26
2003-05-08,0.008,7.27,6.5,0.0,0.78
2003-05-09,0.007,7.2,6.43,0.0,0.76
2003-05-10,0.006,7.21,6.46,0.0,0.75
2003-05-11,0.005,7.2,6.48,0.0,0.72
2003-05-12,0.004,7.24,6.54,0.0,0.7
2003-05-13,0.002,7.19,6.55,0.0,0.64
2003-05-14,0.002,7.13,6.48,0.0,0.65
2003-05-15,0.001,7.25,6.61,0.0,0.64
2003-05-16,0.001,7.2,6.62,0.0,0.58
2003-05-17,0.0,7.14,6.98,0.0,0.16
2003-05-18,0.0,7.01,6.98,0.0,0.03
2003-05-19,0.0,6.99,6.98,0.0,0.01
2003-05-20,0.0,6.98,6.98,0.0,0.0
2003-05-21,0.0,6.98,6.98,0.0,0.0
2003-05-22,0.0,0.0,0.0,0.0,0.0
2003-05-23,0.0,0.0,0.0,0.0,0.0
2003-05-24,0.0,0.0,0.0,0.0,0.0
2003-05-25,0.0,0.0,0.0,0.0,0.0
2003-05-26,0.0,0.0,0.0,0.0,0.0
2003-05-27,0.0,0.0,0.0,0.0,0.0
2003-05-28,0.0,0.0,0.0,0.0,0.0
2003-05-29,0.0,0.0,0.0,0.0,0.0
2003-05-30,0.0,0.0,0.0,0.0,0.0
2003-05-31,0.0,0.0,0.0,0.0,0.0
2003-06-01,0.0,0.0,0.0,0.0,0.0
2003-06-02,0.0,0.0,0.0,0.0,0.0
2003-06-03,0.0,0.0,0.0,0.0,0.0
2003-06-04,0.0,0.0,0.0,0.0,0.0
2003-06-05,0.0,0.0,0.0,0.0,0.0
2003-06-06,0.0,0.0,0.0,0.0,0.0
2003-06-07,0.0,0.0,0.0,0.0,0.0
2003-06-08,0.0,0.0,0.0,0.0,0.0
2003-06-09,0.0,0.0,0.0,0.0,0.0
2003-06-10,0.0,0.0,0.0,0.0,0.0
2003-06-11,0.0,0.0,0.0,0.0,0.0
2003-06-12,0.0,0.0,0.0,0.0,0.0
2003-06-13,0.0,0.0,0.0,0.0,0.0
2003-06-14,0.0,0.0,0.0,0.0,0.0
2003-06-15,0.0,0.0,0.0,0.0,0.0
2003-06-16,0.0,0.0,0.0,0.0,0.0
2003-06-17,0.0,0.0,0.0,0.0,0.0
2003-06-18,0.0,0.0,0.0,0.0,0.0
2003-06-19,0.0,0.0,0.0,0.0,0.0
2003-06-20,0.0,0.0,0.0,0.0,0.0
2003-06-21,0.0,0.0,0.0,0.0,0.0
2003-06-22,0.0,0.0,0.0,0.0,0.0
2003-06-23,0.0,0.0,0.0,0.0,0.0
2003-06-24,0.0,0.0,0.0,0.0,0.0
2003-06-25,0.0,0.0,0.0,0.0,0.0
2003-06-26,0.0,0.0,0.0,0.0,0.0
2003-06-27,0.0,0.0,0.0,0.0,0.0
2003-06-28,0.0,0.0,0.0,0.0,0.0
2003-06-29,0.0,0.0,0.0,0.0,0.0
2003-06-30,0.0,0.0,0.0,0.0,0.0
2003-07-01,0.0,0.0,0.0,0.0,0.0
2003-07-02,0.0,0.0,0.0,0.0,0.0
2003-07-03,0.0,0.0,0.0,0.0,0.0
2003-07-04,0.0,0.0,0.0,0.0,0.0
2003-07-05,0.0,0.0,0.0,0.0,0.0
2003-07-06,0.0,0.0,0.0,0.0,0.0
2003-07-07,0.0,0.0,0.0,0.0,0.0
2003-07-08,0.0,0.0,0.0,0.0,0.0
2003-07-09,0.0,0.0,0.0,0.0,0.0
2003-07-10,0.0,0.0,0.0,0.0,0.0
2003-07-11,0.0,0.0,0.0,0.0,0.0
2003-07-12,0.0,0.0,0.0,0.0,0.0
2003-07-13,0.0,0.0,0.0,0.0,0.0
2003-07-14,0.0,0.0,0.0,0.0,0.0
2003-07-15,0.0,0.0,0.0,0.0,0.0
2003-07-16,0.0,0.0,0.0,0.0,0.0
2003-07-17,0.0,0.0,0.0,0.0,0.0
2003-07-18,0.0,0.0,0.0,0.0,0.0
2003-07-19,0.0,0.0,0.0,0.0,0.0
2003-07-20,0.0,0.0,0.0,0.0,0.0
2003-07-21,0.0,0.0,0.0,0.0,0.0
2003-07-22,0.0,0.0,0.0,0.0,0.0
2003-07-23,0.0,0.0,0.0,0.0,0.0
2003-07-24,0.0,0.0,0.0,0.0,0.0
2003-07-25,0.0,0.0,0.0,0.0,0.0
2003-07-26,0.0,0.0,0.0,0.0,0.0
2003-07-27,0.0,0.0,0.0,0.0,0.0
2003-07-28,0.0,0.0,0.0,0.0,0.0
2003-07-29,0.0,0.0,0.0,0.0,0.0
2003-07-30,0.0,0.0,0.0,0.0,0.0
2003-07-31,0.0,0.0,0.0,0.0,0.0
2003-08-01,0.0,0.0,0.0,0.0,0.0
2003-08-02,0.0,0.0,0.0,0.0,0.0
2003-08-03,0.0,0.0,0.0,0.0,0.0
2003-08-04,0.0,0.0,0.0,0.0,0.0
2003-08-05,0.0,0.0,0.0,0.0,0.0
2003-08-06,0.0,0.0,0.0,0.0,0.0
2003-08-07,0.0,0.0,0.0,0.0,0.0
2003-08-08,0.0,0.0,0.0,0.0,0.0
2003-08-09,0.0,0.0,0.0,0.0,0.0
2003-08-10,0.0,0.0,0.0,0.0,0.0
2003-08-11,0.0,0.0,0.0,0.0,0.0
2003-08-12,0.0,0.0,0.0,0.0,0.0
2003-08-13,0.0,0.0,0.0,0.0,0.0
2003-08-14,0.0,0.0,0.0,0.0,0.0
2003-08-15,0.0,0.0,0.0,0.0,0.0
2003-08-16,0.0,0.0,0.0,0.0,0.0
2003-08-17,0.0,0.0,0.0,0.0,0.0
2003-08-18,0.0,0.0,0.0,0.0,0.0
2003-08-19,0.0,0.0,0.0,0.0,0.0
2003-08-20,0.0,0.0,0.0,0.0,0.0
2003-08-21,0.0,0.0,0.0,0.0,0.0
2003-08-22,0.0,0.0,0.0,0.0,0.0
2003-08-23,0.0,0.0,0.0,0.0,0.0
2003-08-24,0.0,0.0,0.0,0.0,0.0
2003-08-25,0.0,0.0,0.0,0.0,0.0
2003-08-26,0.0,0.0,0.0,0.0,0.0
2003-08-27,0.0,0.0,0.0,0.0,0.0
2003-08-28,0.0,0.0,0.0,0.0,0.0
2003-08-29,0.0,0.0,0.0,0.0,0.0
2003-08-30,0.0,0.0,0.0,0.0,0.0
2003-08-31,0.0,0.0,0.0,0.0,0.0
2003-09-01,0.0,0.0,0.0,0.0,0.0
2003-09-02,0.0,0.0,0.0,0.0,0.0
2003-09-03,0.0,0.0,0.0,0.0,0.0
2003-09-04,0.0,0.0,0.0,0.0,0.0
2003-09-05,0.0,0.0,0.0,0.0,0.0
2003-09-06,0.0,0.0,0.0,0.0,0.0
2003-09-07,0.0,0.0,0.0,0.0,0.0
2003-09-08,0.0,0.0,0.0,0.0,0.0
2003-09-09,0.0,0.0,0.0,0.0,0.0
2003-09-10,0.0,0.0,0.0,0.0,0.0
2003-09-11,0.0,0.0,0.0,0.0,0.0
2003-09-12,0.0,0.0,0.0,0.0,0.0
2003-09-13,0.0,0.0,0.0,0.0,0.0
2003-09-14,0.0,0.0,0.0,0.0,0.0
2003-09-15,0.0,0.0,0.0,0.0,0.0
2003-09-16,0.0,0.0,0.0,0.0,0.0
2003-09-17,0.0,0.0,0.0,0.0,0.0
2003-09-18,0.0,0.0,0.0,0.0,0.0
2003-09-19,0.0,0.0,0.0,0.0,0.0
2003-09-20,0.0,0.0,0.0,0.0,0.0
2003-09-21,0.0,0.0,0.0,0.0,0.0
2003-09-22,0.0,0.0,0.0,0.0,0.0
2003-09-23,0.0,0.0,0.0,0.0,0.0
2003-09-24,0.0,0.0,0.0,0.0,0.0
2003-09-25,0.0,0.0,0.0,0.0,0.0
2003-09-26,0.0,0.0,0.0,0.0,0.0
2003-09-27,0.0,0.0,0.0,0.0,0.0
2003-09-28,0.0,0.0,0.0,0.0,0.0
2003-09-29,0.0,0.0,0.0,0.0,0.0
2003-09-30,0.0,0.0,0.0,0.0,0.0
2003-10-01,0.0,0.0,0.0,0.0,0.0
2003-10-02,0.0,0.0,0.0,0.0,0.0
2003-10-03,0.0,0.0,0.0,0.0,0.0
2003-10-04,0.0,0.0,0.0,0.0,0.0
2003-10-05,0.0,0.0,0.0,0.0,0.0
2003-10-06,0.0,0.0,0.0,0.0,0.0
2003-10-07,0.0,0.0,0.0,0.0,0.0
2003-10-08,0.0,0.0,0.0,0.0,0.0
2003-10-09,0.0,0.0,0.0,0.0,0.0
2003-10-10,0.0,0.0,0.0,0.0,0.0
2003-10-11,0.0,0.0,0.0,0.0,0.0
2003-10-12,0.0,0.0,0.0,0.0,0.0
2003-10-13,0.0,0.0,0.0,0.0,0.0
2003-10-14,0.0,0.0,0.0,0.0,0.0
2003-10-15,0.0,0.0,0.0,0.0,0.0
2003-10-16,0.0,0.0,0.0,0.0,0.0
2003-10-17,0.0,0.0,0.0,0.0,0.0
2003-10-18,0.0,0.0,0.0,0.0,0.0
2003-10-19,0.0,0.0,0.0,0.0,0.0
2003-10-20,0.0,0.0,0.0,0.0,0.0
2003-10-21,0.0,0.0,0.0,0.0,0.0
2003-10-22,0.0,0.0,0.0,0.0,0.0
2003-10-23,0.0,0.0,0.0,0.0,0.0
2003-10-24,0.0,0.0,0.0,0.0,0.0
2003-10-25,0.0,0.0,0.0,0.0,0.0
2003-10-26,0.0,0.0,0.0,0.0,0.0
2003-10-27,0.0,0.0,0.0,0.0,0.0
2003-10-28,0.0,0.0,0.0,0.0,0.0
2003-10-29,0.0,0.0,0.0,0.0,0.0
2003-10-30,0.0,0.0,0.0,0.0,0.0
2003-10-31,0.0,0.0,0.0,0.0,0.0
2003-11-01,0.0,0.0,0.0,0.0,0.0
2003-11-02,0.0,0.0,0.0,0.0,0.0
2003-11-03,0.702,202.43,10.06,83.07,109.3
2003-11-04,0.101,170.25,6.98,67.64,95.63
2003-11-05,0.014,78.69,6.98,0.0,71.71
2003-11-06,0.002,30.46,6.98,0.0,23.48
2003-11-07,0.319,100.38,7.2,40.07,53.11
2003-11-08,0.975,268.6,13.01,110.07,145.52
2003-11-09,3.207,229.51,15.32,92.46,121.73
2003-11-10,0.527,103.53,8.97,40.83,53.73
2003-11-11,0.065,69.86,6.98,23.96,38.92
2003-11-12,0.009,32.34,6.97,0.0,25.37
2003-11-13,0.001,13.54,6.93,0.0,6.61
2003-11-14,0.0,7.96,6.76,0.0,1.2
2003-11-15,0.0,7.15,6.55,0.0,0.6
2003-11-16,0.0,7.12,6.48,0.0,0.63
2003-11-17,0.0,7.12,6.47,0.0,0.65
2003-11-18,0.0,7.12,6.46,0.0,0.65
2003-11-19,0.0,7.12,6.47,0.0,0.65
2003-11-20,0.0,7.13,6.48,0.0,0.65
2003-11-21,0.0,7.13,6.49,0.0,0.64
2003-11-22,0.0,7.12,6.47,0.0,0.65
2003-11-23,0.0,7.12,6.47,0.0,0.65
2003-11-24,0.0,7.11,6.46,0.0,0.66
2003-11-25,0.0,7.13,6.48,0.0,0.65
2003-11-26,0.0,7.12,6.46,0.0,0.65
2003-11-27,0.0,7.14,6.49,0.0,0.65
2003-11-28,0.0,7.15,6.5,0.0,0.65
2003-11-29,0.0,7.18,6.56,0.0,0.62
2003-11-30,0.259,48.23,6.95,17.56,23.73
2003-12-01,0.565,53.27,8.18,19.41,25.68
2003-12-02,0.323,43.85,6.79,15.99,21.06
2003-12-03,0.059,31.82,6.97,9.23,15.62
2003-12-04,0.008,16.86,6.97,0.0,9.89
2003-12-05,0.186,63.42,6.27,24.67,32.48
2003-12-06,1.456,295.71,15.27,121.1,159.34
2003-12-07,1.379,268.89,12.75,110.61,145.53
2003-12-08,0.149,204.05,6.98,84.9,112.17
2003-12-09,0.143,14.37,1.06,0.4,12.92
2003-12-10,1.923,187.19,12.33,75.43,99.42
2003-12-11,1.272,198.33,13.15,79.96,105.22
2003-12-12,0.117,136.35,6.98,54.61,74.77
2003-12-13,0.017,63.2,6.96,0.02,56.22
2003-12-14,2.007,316.66,15.12,130.2,171.34
2003-12-15,0.15,217.63,6.97,90.79,119.88
2003-12-16,0.021,103.07,6.96,3.34,92.77
2003-12-17,0.003,38.66,6.91,0.0,31.75
2003-12-18,0.001,12.55,6.86,0.0,5.7
2003-12-19,0.073,39.53,5.5,14.39,19.64
2003-12-20,0.96,67.94,7.55,26.05,34.34
2003-12-21,1.475,174.26,15.31,68.64,90.31
2003-12-22,0.114,93.12,6.97,36.25,49.9
2003-12-23,0.297,48.12,6.65,16.96,24.52
2003-12-24,1.297,142.59,11.81,56.45,74.33
2003-12-25,1.567,110.44,12.45,42.31,55.68
2003-12-26,0.212,82.12,7.18,32.36,42.58
2003-12-27,0.031,49.18,6.94,9.56,32.68
2003-12-28,0.006,18.61,6.85,0.0,11.76
2003-12-29,5.258,303.07,20.33,122.09,160.65
2003-12-30,2.015,194.52,14.1,77.91,102.51
2003-12-31,0.289,173.38,7.97,71.43,93.98
2004-01-01,7.751,477.25,23.01,196.15,258.09
2004-01-02,0.777,153.61,9.31,62.31,81.99
2004-01-03,0.2,69.76,6.92,27.13,35.7
2004-01-04,0.05,32.81,6.7,9.04,17.07
2004-01-05,0.026,11.13,6.54,0.0,4.59
2004-01-06,0.019,7.85,6.47,0.0,1.38
2004-01-07,0.018,7.38,6.43,0.0,0.95
2004-01-08,0.016,7.37,6.47,0.0,0.9
2004-01-09,0.014,7.31,6.46,0.0,0.85
2004-01-10,0.014,7.28,6.42,0.0,0.85
2004-01-11,0.013,7.29,6.45,0.0,0.84
2004-01-12,0.011,7.27,6.45,0.0,0.81
2004-01-13,0.01,7.25,6.45,0.0,0.8
2004-01-14,0.009,7.25,6.46,0.0,0.78
2004-01-15,0.008,7.21,6.44,0.0,0.76
2004-01-16,0.007,7.21,6.45,0.0,0.75
2004-01-17,0.007,7.2,6.46,0.0,0.74
2004-01-18,0.006,7.19,6.47,0.0,0.72
2004-01-19,0.005,7.18,6.45,0.0,0.72
2004-01-20,0.004,7.18,6.47,0.0,0.71
2004-01-21,0.003,7.2,6.51,0.0,0.68
2004-01-22,0.003,7.13,6.45,0.0,0.69
2004-01-23,0.002,7.16,6.47,0.0,0.69
2004-01-24,0.232,84.75,6.43,33.82,44.5
2004-01-25,0.318,94.79,7.07,37.88,49.84
2004-01-26,0.044,68.26,6.95,20.11,41.21
2004-01-27,0.007,26.65,6.85,0.0,19.8
2004-01-28,0.003,9.05,6.57,0.0,2.48
2004-01-29,0.002,7.2,6.45,0.0,0.75
2004-01-30,0.002,7.29,6.61,0.0,0.68
2004-01-31,0.001,6.99,6.43,0.0,0.56
2004-02-01,0.001,7.25,6.58,0.0,0.66
2004-02-02,1.477,233.56,13.66,94.96,124.94
2004-02-03,1.858,136.12,12.73,53.28,70.11
2004-02-04,0.197,84.68,7.01,33.54,44.13
2004-02-05,0.033,45.99,6.86,9.47,29.65
2004-02-06,0.01,14.78,6.66,0.0,8.11
2004-02-07,0.006,7.75,6.5,0.0,1.25
2004-02-08,0.005,7.2,6.47,0.0,0.74
2004-02-09,0.004,7.24,6.54,0.0,0.7
2004-02-10,0.002,7.08,6.46,0.0,0.62
2004-02-11,0.002,7.16,6.44,0.0,0.71
2004-02-12,0.002,7.16,6.48,0.0,0.68
2004-02-13,0.001,7.26,6.61,0.0,0.65
2004-02-14,0.001,7.01,6.39,0.0,0.61
2004-02-15,0.001,7.27,6.58,0.0,0.69
2004-02-16,0.787,133.09,10.09,53.09,69.91
2004-02-17,0.418,83.35,7.74,32.65,42.97
2004-02-18,3.401,326.1,17.75,133.15,175.19
2004-02-19,0.181,197.82,6.95,82.42,108.45
2004-02-20,0.033,93.98,6.82,18.85,68.31
2004-02-21,0.013,21.53,6.57,0.0,14.95
2004-02-22,0.011,8.09,6.38,0.0,1.71
2004-02-23,0.01,7.41,6.53,0.0,0.88
2004-02-24,0.007,7.22,6.49,0.0,0.72
2004-02-25,5.506,374.88,19.19,153.59,202.1
2004-02-26,2.759,221.23,16.71,88.32,116.2
2004-02-27,0.572,76.75,8.4,29.52,38.84
2004-02-28,0.121,48.34,6.79,17.94,23.61
2004-02-29,0.048,18.1,6.58,3.91,7.61
2004-03-01,0.036,8.57,6.45,0.01,2.11
2004-03-02,0.03,7.76,6.49,0.01,1.26
2004-03-03,0.025,7.57,6.46,0.0,1.1
2004-03-04,0.022,7.49,6.46,0.0,1.03
2004-03-05,0.019,7.43,6.46,0.0,0.96
2004-03-06,0.017,7.37,6.46,0.0,0.91
2004-03-07,0.014,7.34,6.48,0.0,0.87
2004-03-08,0.012,7.29,6.47,0.0,0.82
2004-03-09,0.01,7.27,6.47,0.0,0.79
2004-03-10,0.008,7.26,6.5,0.0,0.76
2004-03-11,0.007,7.21,6.47,0.0,0.74
2004-03-12,0.005,7.2,6.48,0.0,0.72
2004-03-13,0.005,7.19,6.48,0.0,0.71
2004-03-14,0.004,7.2,6.5,0.0,0.7
2004-03-15,0.003,7.15,6.48,0.0,0.67
2004-03-16,0.002,7.19,6.53,0.0,0.66
2004-03-17,0.001,7.19,6.54,0.0,0.65
2004-03-18,0.001,7.25,6.65,0.0,0.6
2004-03-19,0.0,7.16,6.98,0.0,0.18
2004-03-20,0.0,7.02,6.98,0.0,0.04
2004-03-21,0.0,6.99,6.98,0.0,0.01
2004-03-22,0.0,6.98,6.98,0.0,0.0
2004-03-23,0.0,6.98,6.98,0.0,0.0
2004-03-24,0.0,0.0,0.0,0.0,0.0
2004-03-25,0.286,124.97,9.68,49.78,65.5
2004-03-26,0.447,105.45,7.63,42.24,55.58
2004-03-27,0.1,92.59,6.97,35.43,50.19
2004-03-28,0.015,42.46,6.94,0.0,35.52
2004-03-29,0.002,16.92,6.9,0.0,10.02
2004-03-30,0.0,9.12,6.97,0.0,2.16
2004-03-31,0.0,7.4,6.92,0.0,0.49
2004-04-01,0.0,7.13,6.8,0.0,0.33
2004-04-02,0.0,7.13,6.82,0.0,0.31
2004-04-03,0.0,7.2,6.68,0.0,0.51
2004-04-04,0.0,7.13,6.98,0.0,0.15
2004-04-05,0.0,7.02,6.98,0.0,0.04
2004-04-06,0.0,0.0,0.0,0.0,0.0
2004-04-07,0.0,0.0,0.0,0.0,0.0
2004-04-08,0.0,0.0,0.0,0.0,0.0
2004-04-09,0.0,0.0,0.0,0.0,0.0
2004-04-10,0.0,0.0,0.0,0.0,0.0
2004-04-11,0.0,0.0,0.0,0.0,0.0
2004-04-12,0.0,0.0,0.0,0.0,0.0
2004-04-13,0.0,0.0,0.0,0.0,0.0
2004-04-14,0.0,0.0,0.0,0.0,0.0
2004-04-15,0.0,0.0,0.0,0.0,0.0
2004-04-16,0.0,0.0,0.0,0.0,0.0
2004-04-17,0.0,0.0,0.0,0.0,0.0
2004-04-18,0.0,0.0,0.0,0.0,0.0
2004-04-19,0.0,0.0,0.0,0.0,0.0
2004-04-20,0.0,0.0,0.0,0.0,0.0
2004-04-21,0.0,0.0,0.0,0.0,0.0
2004-04-22,0.0,0.0,0.0,0.0,0.0
2004-04-23,0.0,0.0,0.0,0.0,0.0
2004-04-24,0.0,0.0,0.0,0.0,0.0
2004-04-25,0.0,0.0,0.0,0.0,0.0
2004-04-26,0.0,0.0,0.0,0.0,0.0
2004-04-27,0.0,0.0,0.0,0.0,0.0
2004-04-28,0.0,0.0,0.0,0.0,0.0
2004-04-29,0.0,0.0,0.0,0.0,0.0
2004-04-30,0.0,0.0,0.0,0.0,0.0
2004-05-01,0.0,0.0,0.0,0.0,0.0
2004-05-02,0.0,0.0,0.0,0.0,0.0
2004-05-03,0.0,0.0,0.0,0.0,0.0
2004-05-04,0.0,0.0,0.0,0.0,0.0
2004-05-05,0.0,0.0,0.0,0.0,0.0
2004-05-06,0.0,0.0,0.0,0.0,0.0
2004-05-07,0.0,0.0,0.0,0.0,0.0
2004-05-08,0.0,0.0,0.0,0.0,0.0
2004-05-09,0.0,0.0,0.0,0.0,0.0
2004-05-10,0.0,0.0,0.0,0.0,0.0
2004-05-11,0.0,0.0,0.0,0.0,0.0
2004-05-12,0.0,0.0,0.0,0.0,0.0
2004-05-13,0.0,0.0,0.0,0.0,0.0
2004-05-14,0.0,0.0,0.0,0.0,0.0
2004-05-15,0.0,0.0,0.0,0.0,0.0
2004-05-16,0.0,0.0,0.0,0.0,0.0
2004-05-17,0.0,0.0,0.0,0.0,0.0
2004-05-18,0.0,0.0,0.0,0.0,0.0
2004-05-19,0.0,0.0,0.0,0.0,0.0
2004-05-20,0.0,0.0,0.0,0.0,0.0
2004-05-21,0.0,0.0,0.0,0.0,0.0
2004-05-22,0.0,0.0,0.0,0.0,0.0
2004-05-23,0.0,0.0,0.0,0.0,0.0
2004-05-24,0.0,0.0,0.0,0.0,0.0
2004-05-25,0.0,0.0,0.0,0.0,0.0
2004-05-26,0.0,0.0,0.0,0.0,0.0
2004-05-27,0.0,0.0,0.0,0.0,0.0
2004-05-28,0.0,0.0,0.0,0.0,0.0
2004-05-29,0.0,0.0,0.0,0.0,0.0
2004-05-30,0.0,0.0,0.0,0.0,0.0
2004-05-31,0.0,0.0,0.0,0.0,0.0
2004-06-01,0.0,0.0,0.0,0.0,0.0
2004-06-02,0.0,0.0,0.0,0.0,0.0
2004-06-03,0.0,0.0,0.0,0.0,0.0
2004-06-04,0.0,0.0,0.0,0.0,0.0
2004-06-05,0.0,0.0,0.0,0.0,0.0
2004-06-06,0.0,0.0,0.0,0.0,0.0
2004-06-07,0.0,0.0,0.0,0.0,0.0
2004-06-08,0.0,0.0,0.0,0.0,0.0
2004-06-09,0.0,0.0,0.0,0.0,0.0
2004-06-10,0.0,0.0,0.0,0.0,0.0
2004-06-11,0.0,0.0,0.0,0.0,0.0
2004-06-12,0.0,0.0,0.0,0.0,0.0
2004-06-13,0.0,0.0,0.0,0.0,0.0
2004-06-14,0.0,0.0,0.0,0.0,0.0
2004-06-15,0.0,0.0,0.0,0.0,0.0
2004-06-16,0.0,0.0,0.0,0.0,0.0
2004-06-17,0.0,0.0,0.0,0.0,0.0
2004-06-18,0.0,0.0,0.0,0.0,0.0
2004-06-19,0.0,0.0,0.0,0.0,0.0
2004-06-20,0.0,0.0,0.0,0.0,0.0
2004-06-21,0.0,0.0,0.0,0.0,0.0
2004-06-22,0.0,0.0,0.0,0.0,0.0
2004-06-23,0.0,0.0,0.0,0.0,0.0
2004-06-24,0.0,0.0,0.0,0.0,0.0
2004-06-25,0.0,0.0,0.0,0.0,0.0
2004-06-26,0.0,0.0,0.0,0.0,0.0
2004-06-27,0.0,0.0,0.0,0.0,0.0
2004-06-28,0.0,0.0,0.0,0.0,0.0
2004-06-29,0.0,0.0,0.0,0.0,0.0
2004-06-30,0.0,0.0,0.0,0.0,0.0
2004-07-01,0.0,0.0,0.0,0.0,0.0
2004-07-02,0.0,0.0,0.0,0.0,0.0
2004-07-03,0.0,0.0,0.0,0.0,0.0
2004-07-04,0.0,0.0,0.0,0.0,0.0
2004-07-05,0.0,0.0,0.0,0.0,0.0
2004-07-06,0.0,0.0,0.0,0.0,0.0
2004-07-07,0.0,0.0,0.0,0.0,0.0
2004-07-08,0.0,0.0,0.0,0.0,0.0
2004-07-09,0.0,0.0,0.0,0.0,0.0
2004-07-10,0.0,0.0,0.0,0.0,0.0
2004-07-11,0.0,0.0,0.0,0.0,0.0
2004-07-12,0.0,0.0,0.0,0.0,0.0
2004-07-13,0.0,0.0,0.0,0.0,0.0
2004-07-14,0.0,0.0,0.0,0.0,0.0
2004-07-15,0.0,0.0,0.0,0.0,0.0
2004-07-16,0.0,0.0,0.0,0.0,0.0
2004-07-17,0.0,0.0,0.0,0.0,0.0
2004-07-18,0.0,0.0,0.0,0.0,0.0
2004-07-19,0.0,0.0,0.0,0.0,0.0
2004-07-20,0.0,0.0,0.0,0.0,0.0
2004-07-21,0.0,0.0,0.0,0.0,0.0
2004-07-22,0.0,0.0,0.0,0.0,0.0
2004-07-23,0.0,0.0,0.0,0.0,0.0
2004-07-24,0.0,0.0,0.0,0.0,0.0
2004-07-25,0.0,0.0,0.0,0.0,0.0
2004-07-26,0.0,0.0,0.0,0.0,0.0
2004-07-27,0.0,0.0,0.0,0.0,0.0
2004-07-28,0.0,0.0,0.0,0.0,0.0
2004-07-29,0.0,0.0,0.0,0.0,0.0
2004-07-30,0.0,0.0,0.0,0.0,0.0
2004-07-31,0.0,0.0,0.0,0.0,0.0
2004-08-01,0.0,0.0,0.0,0.0,0.0
2004-08-02,0.0,0.0,0.0,0.0,0.0
2004-08-03,0.0,0.0,0.0,0.0,0.0
2004-08-04,0.0,0.0,0.0,0.0,0.0
2004-08-05,0.0,0.0,0.0,0.0,0.0
2004-08-06,0.0,0.0,0.0,0.0,0.0
2004-08-07,0.0,0.0,0.0,0.0,0.0
2004-08-08,0.0,0.0,0.0,0.0,0.0
2004-08-09,0.0,0.0,0.0,0.0,0.0
2004-08-10,0.0,0.0,0.0,0.0,0.0
2004-08-11,0.0,0.0,0.0,0.0,0.0
2004-08-12,0.0,0.0,0.0,0.0,0.0
2004-08-13,0.0,0.0,0.0,0.0,0.0
2004-08-14,0.0,0.0,0.0,0.0,0.0
2004-08-15,0.0,0.0,0.0,0.0,0.0
2004-08-16,0.0,0.0,0.0,0.0,0.0
2004-08-17,0.0,0.0,0.0,0.0,0.0
2004-08-18,0.0,0.0,0.0,0.0,0.0
2004-08-19,0.0,0.0,0.0,0.0,0.0
2004-08-20,0.0,0.0,0.0,0.0,0.0
2004-08-21,0.0,0.0,0.0,0.0,0.0
2004-08-22,0.0,0.0,0.0,0.0,0.0
2004-08-23,0.0,0.0,0.0,0.0,0.0
2004-08-24,0.0,0.0,0.0,0.0,0.0
2004-08-25,0.0,0.0,0.0,0.0,0.0
2004-08-26,0.0,0.0,0.0,0.0,0.0
2004-08-27,0.0,0.0,0.0,0.0,0.0
2004-08-28,0.0,0.0,0.0,0.0,0.0
2004-08-29,0.0,0.0,0.0,0.0,0.0
2004-08-30,0.0,0.0,0.0,0.0,0.0
2004-08-31,0.0,0.0,0.0,0.0,0.0
2004-09-01,0.0,0.0,0.0,0.0,0.0
2004-09-02,0.0,0.0,0.0,0.0,0.0
2004-09-03,0.0,0.0,0.0,0.0,0.0
2004-09-04,0.0,0.0,0.0,0.0,0.0
2004-09-05,0.0,0.0,0.0,0.0,0.0
2004-09-06,0.0,0.0,0.0,0.0,0.0
2004-09-07,0.0,0.0,0.0,0.0,0.0
2004-09-08,0.0,0.0,0.0,0.0,0.0
2004-09-09,0.0,0.0,0.0,0.0,0.0
2004-09-10,0.0,0.0,0.0,0.0,0.0
2004-09-11,0.0,0.0,0.0,0.0,0.0
2004-09-12,0.0,0.0,0.0,0.0,0.0
2004-09-13,0.0,0.0,0.0,0.0,0.0
2004-09-14,0.0,0.0,0.0,0.0,0.0
2004-09-15,0.0,0.0,0.0,0.0,0.0
2004-09-16,0.0,0.0,0.0,0.0,0.0
2004-09-17,0.0,0.0,0.0,0.0,0.0
2004-09-18,0.0,0.0,0.0,0.0,0.0
2004-09-19,0.0,0.0,0.0,0.0,0.0
2004-09-20,0.0,0.0,0.0,0.0,0.0
2004-09-21,0.0,0.0,0.0,0.0,0.0
2004-09-22,0.0,0.0,0.0,0.0,0.0
2004-09-23,0.0,0.0,0.0,0.0,0.0
2004-09-24,0.0,0.0,0.0,0.0,0.0
2004-09-25,0.0,0.0,0.0,0.0,0.0
2004-09-26,0.0,0.0,0.0,0.0,0.0
2004-09-27,0.0,0.0,0.0,0.0,0.0
2004-09-28,0.0,0.0,0.0,0.0,0.0
2004-09-29,0.0,0.0,0.0,0.0,0.0
2004-09-30,0.0,0.0,0.0,0.0,0.0
2004-10-01,0.0,0.0,0.0,0.0,0.0
2004-10-02,0.0,0.0,0.0,0.0,0.0
2004-10-03,0.0,0.0,0.0,0.0,0.0
2004-10-04,0.0,0.0,0.0,0.0,0.0
2004-10-05,0.0,0.0,0.0,0.0,0.0
2004-10-06,0.0,0.0,0.0,0.0,0.0
2004-10-07,0.0,0.0,0.0,0.0,0.0
2004-10-08,0.0,0.0,0.0,0.0,0.0
2004-10-09,0.0,0.0,0.0,0.0,0.0
2004-10-10,0.0,0.0,0.0,0.0,0.0
2004-10-11,0.0,0.0,0.0,0.0,0.0
2004-10-12,0.0,0.0,0.0,0.0,0.0
2004-10-13,0.0,0.0,0.0,0.0,0.0
2004-10-14,0.0,0.0,0.0,0.0,0.0
2004-10-15,0.0,0.0,0.0,0.0,0.0
2004-10-16,0.0,0.0,0.0,0.0,0.0
2004-10-17,0.0,0.0,0.0,0.0,0.0
2004-10-18,0.0,0.0,0.0,0.0,0.0
2004-10-19,3.439,155.2,15.53,60.31,79.36
2004-10-20,2.928,173.74,16.94,67.71,89.09
2004-10-21,0.165,116.79,6.97,47.42,62.4
2004-10-22,0.023,61.23,6.97,4.7,49.57
2004-10-23,0.012,16.29,5.46,1.33,9.5
2004-10-24,0.051,14.31,6.56,1.53,6.23
2004-10-25,0.012,11.2,6.93,0.0,4.27
2004-10-26,6.521,533.57,22.43,220.72,290.42
2004-10-27,0.209,252.46,7.18,105.92,139.36
2004-10-28,0.03,146.68,6.96,30.28,109.44
2004-10-29,0.005,51.85,6.89,0.0,44.96
2004-10-30,0.001,13.64,6.74,0.0,6.9
2004-10-31,0.0,7.69,6.64,0.0,1.05
2004-11-01,0.0,7.15,6.54,0.0,0.62
2004-11-02,0.0,7.13,6.5,0.0,0.63
2004-11-03,0.0,7.13,6.48,0.0,0.64
2004-11-04,0.127,79.29,5.89,31.69,41.71
2004-11-05,0.121,82.9,6.97,32.18,43.74
2004-11-06,0.017,40.5,6.98,0.03,33.5
2004-11-07,0.002,18.59,6.96,0.0,11.63
2004-11-08,0.0,9.32,6.91,0.0,2.41
2004-11-09,0.0,7.36,6.75,0.0,0.6
2004-11-10,0.0,7.11,6.55,0.0,0.56
2004-11-11,2.536,130.25,15.05,49.74,65.45
2004-11-12,0.465,99.77,9.34,39.05,51.38
2004-11-13,0.111,47.46,6.65,17.6,23.21
2004-11-14,0.023,22.83,6.94,0.84,15.05
2004-11-15,0.004,12.4,6.9,0.0,5.49
2004-11-16,0.001,7.91,6.78,0.0,1.13
2004-11-17,0.0,7.18,6.57,0.0,0.61
2004-11-18,0.0,7.15,6.65,0.0,0.5
2004-11-19,0.0,7.13,6.58,0.0,0.55
2004-11-20,0.0,7.18,6.57,0.0,0.6
2004-11-21,0.0,7.12,6.57,0.0,0.55
2004-11-22,0.0,7.1,6.43,0.0,0.67
2004-11-23,0.0,7.13,6.47,0.0,0.66
2004-11-24,0.0,7.13,6.49,0.0,0.65
2004-11-25,0.0,7.15,6.51,0.0,0.64
2004-11-26,0.0,7.13,6.49,0.0,0.64
2004-11-27,0.34,93.56,7.44,37.19,48.93
2004-11-28,0.079,83.6,6.98,30.47,46.16
2004-11-29,0.011,39.52,6.98,0.0,32.54
2004-11-30,0.002,16.63,6.97,0.0,9.66
2004-12-01,0.0,9.02,6.95,0.0,2.06
2004-12-02,0.0,7.37,6.88,0.0,0.49
2004-12-03,0.0,7.1,6.7,0.0,0.4
2004-12-04,0.0,7.13,6.54,0.0,0.59
2004-12-05,0.0,7.19,6.61,0.0,0.58
2004-12-06,0.014,0.0,0.0,0.0,0.0
2004-12-07,3.153,248.3,16.5,100.09,131.7
2004-12-08,7.262,285.42,21.04,114.16,150.22
2004-12-09,0.562,99.18,10.36,38.35,50.47
2004-12-10,0.064,61.5,6.93,20.8,33.77
2004-12-11,0.013,23.62,6.79,0.0,16.83
2004-12-12,0.005,9.02,6.57,0.0,2.45
2004-12-13,0.004,7.23,6.45,0.0,0.78
2004-12-14,0.004,7.18,6.48,0.0,0.7
2004-12-15,0.003,7.17,6.49,0.0,0.68
2004-12-16,0.002,7.22,6.55,0.0,0.67
2004-12-17,0.001,7.15,6.52,0.0,0.63
2004-12-18,0.001,7.2,6.54,0.0,0.65
2004-12-19,0.001,7.06,6.42,0.0,0.63
2004-12-20,0.001,7.1,6.41,0.0,0.69
2004-12-21,0.001,7.29,6.65,0.0,0.64
2004-12-22,0.0,7.16,6.91,0.0,0.25
2004-12-23,0.0,7.08,6.74,0.0,0.34
2004-12-24,0.0,7.12,6.56,0.0,0.55
2004-12-25,0.0,7.13,6.5,0.0,0.62
2004-12-26,0.0,7.24,6.62,0.0,0.62
2004-12-27,6.79,271.71,21.02,108.25,142.44
2004-12-28,2.277,104.36,14.41,38.84,51.11
2004-12-29,1.525,60.72,10.4,21.73,28.59
2004-12-30,3.767,196.06,16.33,77.61,102.12
2004-12-31,3.585,173.03,16.79,67.47,88.77
2005-01-01,1.745,89.75,13.03,33.13,43.59
2005-01-02,2.847,86.69,13.61,31.55,41.52
2005-01-03,1.372,74.34,12.32,26.78,35.24
2005-01-04,0.409,38.77,8.14,13.23,17.41
2005-01-05,0.101,19.83,6.68,5.68,7.47
2005-01-06,0.057,10.32,6.51,1.4,2.4
2005-01-07,1.336,62.25,10.75,22.23,29.27
2005-01-08,2.042,82.71,12.25,30.42,40.03
2005-01-09,1.008,67.65,10.64,24.62,32.39
2005-01-10,0.904,206.74,11.79,84.18,110.77
2005-01-11,3.883,386.56,18.07,159.12,209.37
2005-01-12,0.301,180.9,7.21,75.0,98.69
2005-01-13,0.125,53.33,6.56,20.2,26.57
2005-01-14,0.092,15.48,6.48,3.89,5.12
2005-01-15,0.077,9.42,6.47,1.27,1.68
2005-01-16,0.067,8.59,6.46,0.92,1.21
2005-01-17,0.059,8.29,6.45,0.69,1.15
2005-01-18,0.052,7.82,6.47,0.21,1.14
2005-01-19,0.044,7.64,6.47,0.03,1.14
2005-01-20,0.038,7.61,6.46,0.01,1.14
2005-01-21,0.034,7.6,6.46,0.01,1.14
2005-01-22,0.029,7.6,6.47,0.0,1.13
2005-01-23,0.025,7.56,6.47,0.0,1.09
2005-01-24,0.021,7.49,6.47,0.0,1.01
2005-01-25,0.019,7.39,6.44,0.0,0.95
2005-01-26,0.616,133.85,9.57,53.66,70.63
2005-01-27,0.174,96.71,6.35,39.02,51.35
2005-01-28,1.668,88.62,11.42,33.34,43.86
2005-01-29,0.34,57.26,8.06,21.24,27.95
2005-01-30,0.078,28.61,6.74,8.92,12.94
2005-01-31,0.036,10.6,6.55,0.01,4.04
2005-02-01,0.025,8.08,6.51,0.0,1.57
2005-02-02,0.019,7.51,6.47,0.0,1.04
2005-02-03,0.018,7.39,6.45,0.0,0.94
2005-02-04,0.016,7.36,6.46,0.0,0.89
2005-02-05,0.014,7.32,6.47,0.0,0.85
2005-02-06,0.011,7.31,6.51,0.0,0.8
2005-02-07,0.009,7.2,6.43,0.0,0.77
2005-02-08,0.008,7.23,6.46,0.0,0.77
2005-02-09,0.007,7.21,6.48,0.0,0.73
2005-02-10,0.006,7.21,6.48,0.0,0.73
2005-02-11,0.004,7.2,6.49,0.0,0.7
2005-02-12,0.004,7.14,6.44,0.0,0.7
2005-02-13,0.004,7.16,6.44,0.0,0.72
2005-02-14,0.828,134.94,11.92,53.12,69.9
2005-02-15,6.473,247.56,19.03,98.68,129.85
2005-02-16,2.549,175.78,16.23,68.9,90.66
2005-02-17,0.243,82.12,6.77,32.54,42.81
2005-02-18,2.211,210.63,14.92,84.51,111.19
2005-02-19,1.493,123.61,12.4,48.02,63.19
2005-02-20,1.028,84.43,11.48,31.5,41.45
2005-02-21,1.613,117.78,11.58,45.86,60.34
2005-02-22,0.408,94.69,8.04,37.42,49.23
2005-02-23,0.167,28.37,6.56,9.42,12.39
2005-02-24,0.123,11.57,6.48,2.2,2.89
2005-02-25,0.102,8.9,6.47,1.05,1.38
2005-02-26,0.085,8.53,6.47,0.89,1.17
2005-02-27,0.218,62.48,7.19,23.88,31.41
2005-02-28,1.355,328.48,12.58,136.41,179.49
2005-03-01,0.518,117.66,7.59,47.53,62.54
2005-03-02,1.562,122.79,12.58,47.59,62.62
2005-03-03,0.587,106.39,8.11,42.44,55.84
2005-03-04,3.333,160.96,16.19,62.51,82.26
2005-03-05,0.407,82.3,7.9,32.13,42.27
2005-03-06,0.179,24.54,6.55,7.77,10.22
2005-03-07,0.131,10.99,6.49,1.94,2.56
2005-03-08,0.105,8.83,6.48,1.02,1.34
2005-03-09,0.086,8.53,6.48,0.88,1.16
2005-03-10,0.069,8.45,6.49,0.82,1.14
2005-03-11,0.053,8.15,6.5,0.51,1.14
2005-03-12,0.042,7.66,6.48,0.04,1.13
2005-03-13,0.035,7.62,6.47,0.01,1.13
2005-03-14,0.025,7.64,6.54,0.0,1.1
2005-03-15,0.02,7.47,6.47,0.0,1.0
2005-03-16,0.016,7.42,6.51,0.0,0.91
2005-03-17,0.011,7.33,6.52,0.0,0.82
2005-03-18,0.018,4.61,4.03,0.0,0.57
2005-03-19,1.668,182.97,13.16,73.32,96.49
2005-03-20,0.288,106.62,6.63,43.17,56.81
2005-03-21,0.356,61.79,6.48,23.88,31.43
2005-03-22,4.229,193.77,16.93,76.36,100.48
2005-03-23,1.866,102.32,14.19,38.06,50.08
2005-03-24,0.259,37.69,6.68,13.39,17.62
2005-03-25,0.141,14.62,6.53,3.5,4.6
2005-03-26,0.107,9.39,6.48,1.26,1.65
2005-03-27,0.57,118.01,10.26,46.53,61.22
2005-03-28,1.337,118.79,12.26,46.0,60.53
2005-03-29,1.328,104.91,11.65,40.27,52.99
2005-03-30,0.32,42.57,6.6,15.53,20.43
2005-03-31,0.147,18.36,6.61,5.08,6.68
2005-04-01,0.099,10.12,6.48,1.57,2.07
2005-04-02,0.076,8.75,6.51,0.97,1.28
2005-04-03,0.965,171.6,12.55,68.68,90.37
2005-04-04,1.25,122.76,11.86,47.89,63.01
2005-04-05,0.207,51.03,6.75,19.12,25.16
2005-04-06,0.093,19.33,6.57,5.51,7.25
2005-04-07,0.065,10.16,6.48,1.55,2.12
2005-04-08,1.345,294.61,13.33,121.46,159.82
2005-04-09,0.246,187.52,6.96,77.97,102.59
2005-04-10,0.086,66.18,6.62,25.72,33.85
2005-04-11,0.053,18.06,6.53,4.25,7.28
2005-04-12,0.037,8.66,6.51,0.02,2.13
2005-04-13,0.028,7.76,6.5,0.01,1.26
2005-04-14,0.021,7.55,6.49,0.0,1.06
2005-04-15,0.017,7.42,6.49,0.0,0.94
2005-04-16,0.013,7.37,6.51,0.0,0.86
2005-04-17,0.01,7.3,6.51,0.0,0.79
2005-04-18,0.007,7.24,6.51,0.0,0.73
2005-04-19,0.005,7.21,6.52,0.0,0.69
2005-04-20,0.003,7.19,6.5,0.0,0.69
2005-04-21,0.002,7.22,6.57,0.0,0.65
2005-04-22,0.001,7.29,6.74,0.0,0.55
2005-04-23,0.0,7.01,6.85,0.0,0.17
2005-04-24,0.0,7.31,6.78,0.0,0.53
2005-04-25,0.0,7.13,6.85,0.0,0.28
2005-04-26,0.0,7.05,6.98,0.0,0.07
2005-04-27,0.0,6.99,6.98,0.0,0.02
2005-04-28,2.051,206.24,14.62,82.73,108.89
2005-04-29,0.183,119.77,6.94,48.71,64.11
2005-04-30,0.035,58.96,6.82,13.25,38.89
2005-05-01,0.013,15.91,6.58,0.0,9.32
2005-05-02,0.009,7.88,6.5,0.0,1.37
2005-05-03,0.007,7.28,6.51,0.0,0.77
2005-05-04,0.476,57.82,8.05,21.47,28.3
2005-05-05,2.879,293.03,16.48,119.42,157.13
2005-05-06,0.197,167.61,6.9,69.4,91.31
2005-05-07,0.047,74.6,6.73,23.67,44.2
2005-05-08,0.178,54.99,3.98,21.39,29.62
2005-05-09,1.522,120.53,12.17,46.78,61.57
2005-05-10,0.201,69.98,6.89,27.24,35.85
2005-05-11,0.052,32.52,6.69,9.48,16.35
2005-05-12,0.028,10.91,6.54,0.01,4.36
2005-05-13,0.019,7.92,6.51,0.0,1.42
2005-05-14,0.015,7.43,6.5,0.0,0.93
2005-05-15,0.012,7.29,6.46,0.0,0.83
2005-05-16,0.009,7.31,6.53,0.0,0.79
2005-05-17,0.007,7.26,6.52,0.0,0.74
2005-05-18,0.004,7.08,6.41,0.0,0.66
2005-05-19,0.738,112.74,9.84,44.43,58.46
2005-05-20,0.126,85.11,6.94,33.36,44.82
2005-05-21,0.023,34.08,6.83,0.16,27.08
2005-05-22,0.007,13.12,6.71,0.0,6.41
2005-05-23,0.003,7.63,6.53,0.0,1.1
2005-05-24,0.002,7.22,6.54,0.0,0.68
2005-05-25,0.001,7.28,6.66,0.0,0.62
2005-05-26,0.0,7.13,6.74,0.0,0.39
2005-05-27,0.0,7.1,6.97,0.0,0.12
2005-05-28,0.0,7.01,6.98,0.0,0.03
2005-05-29,0.0,6.98,6.98,0.0,0.01
2005-05-30,0.0,6.98,6.98,0.0,0.0
2005-05-31,0.0,6.98,6.98,0.0,0.0
2005-06-01,0.0,0.0,0.0,0.0,0.0
2005-06-02,0.0,0.0,0.0,0.0,0.0
2005-06-03,0.0,0.0,0.0,0.0,0.0
2005-06-04,0.0,0.0,0.0,0.0,0.0
2005-06-05,0.0,0.0,0.0,0.0,0.0
2005-06-06,0.0,0.0,0.0,0.0,0.0
2005-06-07,0.0,0.0,0.0,0.0,0.0
2005-06-08,0.0,0.0,0.0,0.0,0.0
2005-06-09,0.136,59.24,6.3,22.52,30.42
2005-06-10,0.035,45.88,6.98,10.56,28.34
2005-06-11,0.005,21.38,6.98,0.0,14.4
2005-06-12,0.001,10.51,6.98,0.0,3.53
2005-06-13,0.0,7.73,6.98,0.0,0.75
2005-06-14,0.0,7.14,6.98,0.0,0.16
2005-06-15,0.0,7.01,6.98,0.0,0.03
2005-06-16,0.0,6.99,6.98,0.0,0.01
2005-06-17,0.0,6.98,6.98,0.0,0.0
2005-06-18,0.0,0.0,0.0,0.0,0.0
2005-06-19,0.0,0.0,0.0,0.0,0.0
2005-06-20,0.0,0.0,0.0,0.0,0.0
2005-06-21,0.0,0.0,0.0,0.0,0.0
2005-06-22,0.0,0.0,0.0,0.0,0.0
2005-06-23,0.0,0.0,0.0,0.0,0.0
2005-06-24,0.0,0.0,0.0,0.0,0.0
2005-06-25,0.0,0.0,0.0,0.0,0.0
2005-06-26,0.0,0.0,0.0,0.0,0.0
2005-06-27,0.0,0.0,0.0,0.0,0.0
2005-06-28,0.0,0.0,0.0,0.0,0.0
2005-06-29,0.0,0.0,0.0,0.0,0.0
2005-06-30,0.0,0.0,0.0,0.0,0.0
2005-07-01,0.0,0.0,0.0,0.0,0.0
2005-07-02,0.0,0.0,0.0,0.0,0.0
2005-07-03,0.0,0.0,0.0,0.0,0.0
2005-07-04,0.0,0.0,0.0,0.0,0.0
2005-07-05,0.0,0.0,0.0,0.0,0.0
2005-07-06,0.0,0.0,0.0,0.0,0.0
2005-07-07,0.0,0.0,0.0,0.0,0.0
2005-07-08,0.0,0.0,0.0,0.0,0.0
2005-07-09,0.0,0.0,0.0,0.0,0.0
2005-07-10,0.0,0.0,0.0,0.0,0.0
2005-07-11,0.0,0.0,0.0,0.0,0.0
2005-07-12,0.0,0.0,0.0,0.0,0.0
2005-07-13,0.0,0.0,0.0,0.0,0.0
2005-07-14,0.0,0.0,0.0,0.0,0.0
2005-07-15,0.0,0.0,0.0,0.0,0.0
2005-07-16,0.0,0.0,0.0,0.0,0.0
2005-07-17,0.0,0.0,0.0,0.0,0.0
2005-07-18,0.0,0.0,0.0,0.0,0.0
2005-07-19,0.0,0.0,0.0,0.0,0.0
2005-07-20,0.0,0.0,0.0,0.0,0.0
2005-07-21,0.0,0.0,0.0,0.0,0.0
2005-07-22,0.0,0.0,0.0,0.0,0.0
2005-07-23,0.0,0.0,0.0,0.0,0.0
2005-07-24,0.0,0.0,0.0,0.0,0.0
2005-07-25,0.0,0.0,0.0,0.0,0.0
2005-07-26,0.0,0.0,0.0,0.0,0.0
2005-07-27,0.0,0.0,0.0,0.0,0.0
2005-07-28,0.0,0.0,0.0,0.0,0.0
2005-07-29,0.0,0.0,0.0,0.0,0.0
2005-07-30,0.0,0.0,0.0,0.0,0.0
2005-07-31,0.0,0.0,0.0,0.0,0.0
2005-08-01,0.0,0.0,0.0,0.0,0.0
2005-08-02,0.0,0.0,0.0,0.0,0.0
2005-08-03,0.0,0.0,0.0,0.0,0.0
2005-08-04,0.0,0.0,0.0,0.0,0.0
2005-08-05,0.0,0.0,0.0,0.0,0.0
2005-08-06,0.0,0.0,0.0,0.0,0.0
2005-08-07,0.0,0.0,0.0,0.0,0.0
2005-08-08,0.0,0.0,0.0,0.0,0.0
2005-08-09,0.0,0.0,0.0,0.0,0.0
2005-08-10,0.0,0.0,0.0,0.0,0.0
2005-08-11,0.0,0.0,0.0,0.0,0.0
2005-08-12,0.0,0.0,0.0,0.0,0.0
2005-08-13,0.0,0.0,0.0,0.0,0.0
2005-08-14,0.0,0.0,0.0,0.0,0.0
2005-08-15,0.0,0.0,0.0,0.0,0.0
2005-08-16,0.0,0.0,0.0,0.0,0.0
2005-08-17,0.0,0.0,0.0,0.0,0.0
2005-08-18,0.0,0.0,0.0,0.0,0.0
2005-08-19,0.0,0.0,0.0,0.0,0.0
2005-08-20,0.0,0.0,0.0,0.0,0.0
2005-08-21,0.0,0.0,0.0,0.0,0.0
2005-08-22,0.0,0.0,0.0,0.0,0.0
2005-08-23,0.0,0.0,0.0,0.0,0.0
2005-08-24,0.0,0.0,0.0,0.0,0.0
2005-08-25,0.0,0.0,0.0,0.0,0.0
2005-08-26,0.0,0.0,0.0,0.0,0.0
2005-08-27,0.0,0.0,0.0,0.0,0.0
2005-08-28,0.0,0.0,0.0,0.0,0.0
2005-08-29,0.0,0.0,0.0,0.0,0.0
2005-08-30,0.0,0.0,0.0,0.0,0.0
2005-08-31,0.0,0.0,0.0,0.0,0.0
2005-09-01,0.0,0.0,0.0,0.0,0.0
2005-09-02,0.0,0.0,0.0,0.0,0.0
2005-09-03,0.0,0.0,0.0,0.0,0.0
2005-09-04,0.0,0.0,0.0,0.0,0.0
2005-09-05,0.0,0.0,0.0,0.0,0.0
2005-09-06,0.0,0.0,0.0,0.0,0.0
2005-09-07,0.0,0.0,0.0,0.0,0.0
2005-09-08,0.0,0.0,0.0,0.0,0.0
2005-09-09,0.0,0.0,0.0,0.0,0.0
2005-09-10,0.0,0.0,0.0,0.0,0.0
2005-09-11,0.0,0.0,0.0,0.0,0.0
2005-09-12,0.0,0.0,0.0,0.0,0.0
2005-09-13,0.0,0.0,0.0,0.0,0.0
2005-09-14,0.0,0.0,0.0,0.0,0.0
2005-09-15,0.0,0.0,0.0,0.0,0.0
2005-09-16,0.0,0.0,0.0,0.0,0.0
2005-09-17,0.0,0.0,0.0,0.0,0.0
2005-09-18,0.0,0.0,0.0,0.0,0.0
2005-09-19,0.0,0.0,0.0,0.0,0.0
2005-09-20,0.0,0.0,0.0,0.0,0.0
2005-09-21,0.0,0.0,0.0,0.0,0.0
2005-09-22,0.0,0.0,0.0,0.0,0.0
2005-09-23,0.0,0.0,0.0,0.0,0.0
2005-09-24,0.0,0.0,0.0,0.0,0.0
2005-09-25,0.0,0.0,0.0,0.0,0.0
2005-09-26,0.0,0.0,0.0,0.0,0.0
2005-09-27,0.0,0.0,0.0,0.0,0.0
2005-09-28,0.0,0.0,0.0,0.0,0.0
2005-09-29,0.0,0.0,0.0,0.0,0.0
2005-09-30,0.0,0.0,0.0,0.0,0.0
2005-10-01,0.0,0.0,0.0,0.0,0.0
2005-10-02,0.0,0.0,0.0,0.0,0.0
2005-10-03,0.0,0.0,0.0,0.0,0.0
2005-10-04,0.0,0.0,0.0,0.0,0.0
2005-10-05,0.0,0.0,0.0,0.0,0.0
2005-10-06,0.0,0.0,0.0,0.0,0.0
2005-10-07,0.0,0.0,0.0,0.0,0.0
2005-10-08,0.0,0.0,0.0,0.0,0.0
2005-10-09,0.0,0.0,0.0,0.0,0.0
2005-10-10,0.0,0.0,0.0,0.0,0.0
2005-10-11,0.0,0.0,0.0,0.0,0.0
2005-10-12,0.0,0.0,0.0,0.0,0.0
2005-10-13,0.0,0.0,0.0,0.0,0.0
2005-10-14,0.0,0.0,0.0,0.0,0.0
2005-10-15,0.0,0.0,0.0,0.0,0.0
2005-10-16,0.0,0.0,0.0,0.0,0.0
2005-10-17,0.0,0.0,0.0,0.0,0.0
2005-10-18,0.0,0.0,0.0,0.0,0.0
2005-10-19,0.0,0.0,0.0,0.0,0.0
2005-10-20,0.0,0.0,0.0,0.0,0.0
2005-10-21,0.0,0.0,0.0,0.0,0.0
2005-10-22,0.0,0.0,0.0,0.0,0.0
2005-10-23,0.0,0.0,0.0,0.0,0.0
2005-10-24,0.0,0.0,0.0,0.0,0.0
2005-10-25,0.0,0.0,0.0,0.0,0.0
2005-10-26,0.0,0.0,0.0,0.0,0.0
2005-10-27,0.0,0.0,0.0,0.0,0.0
2005-10-28,0.0,0.0,0.0,0.0,0.0
2005-10-29,0.0,0.0,0.0,0.0,0.0
2005-10-30,0.0,0.0,0.0,0.0,0.0
2005-10-31,0.0,0.0,0.0,0.0,0.0
2005-11-01,0.0,0.0,0.0,0.0,0.0
2005-11-02,0.0,0.0,0.0,0.0,0.0
2005-11-03,0.0,0.0,0.0,0.0,0.0
2005-11-04,0.0,0.0,0.0,0.0,0.0
2005-11-05,0.0,0.0,0.0,0.0,0.0
2005-11-06,0.0,0.0,0.0,0.0,0.0
2005-11-07,0.0,0.0,0.0,0.0,0.0
2005-11-08,0.535,103.91,8.44,41.22,54.25
2005-11-09,0.09,81.94,6.97,30.57,44.4
2005-11-10,0.012,39.36,6.98,0.0,32.38
2005-11-11,0.002,17.11,6.98,0.0,10.13
2005-11-12,0.0,9.18,6.97,0.0,2.21
2005-11-13,0.0,7.41,6.91,0.0,0.5
2005-11-14,0.0,7.13,6.75,0.0,0.37
2005-11-15,0.0,7.22,6.92,0.0,0.3
2005-11-16,0.0,6.92,6.33,0.0,0.58
2005-11-17,0.0,7.28,6.59,0.0,0.7
2005-11-18,0.0,7.03,6.81,0.0,0.21
2005-11-19,0.0,7.17,6.47,0.0,0.7
2005-11-20,0.0,7.17,6.74,0.01,0.43
2005-11-21,0.0,7.2,6.48,0.05,0.67
2005-11-22,0.0,6.91,6.49,0.06,0.36
2005-11-23,0.0,0.0,0.0,0.0,0.0
2005-11-24,0.0,0.0,0.0,0.0,0.0
2005-11-25,0.004,7.83,6.04,0.01,1.77
2005-11-26,0.004,7.75,6.8,0.0,0.95
2005-11-27,0.001,7.23,6.98,0.0,0.25
2005-11-28,0.414,179.93,10.3,73.25,96.38
2005-11-29,1.357,109.13,11.44,42.19,55.51
2005-11-30,0.167,65.37,6.97,25.22,33.18
2005-12-01,4.046,245.54,17.38,98.46,129.7
2005-12-02,1.547,213.32,13.05,86.48,113.79
2005-12-03,0.193,214.85,7.04,89.73,118.07
2005-12-04,0.027,122.54,6.97,20.64,94.92
2005-12-05,0.004,47.52,6.95,0.0,40.57
2005-12-06,0.001,14.44,6.84,0.0,7.6
2005-12-07,0.0,7.73,6.62,0.0,1.11
2005-12-08,0.0,7.15,6.51,0.0,0.64
2005-12-09,0.0,7.12,6.47,0.0,0.65
2005-12-10,0.0,7.12,6.47,0.0,0.65
2005-12-11,0.0,7.12,6.47,0.0,0.65
2005-12-12,0.0,7.12,6.47,0.0,0.65
2005-12-13,0.0,7.12,6.47,0.0,0.65
2005-12-14,0.0,7.12,6.47,0.0,0.65
2005-12-15,0.0,7.12,6.47,0.0,0.65
2005-12-16,0.0,7.12,6.46,0.0,0.65
2005-12-17,0.315,56.08,2.74,23.02,30.32
2005-12-18,12.235,320.98,23.6,128.41,168.97
2005-12-19,2.37,165.6,17.79,63.82,83.98
2005-12-20,0.129,88.44,6.95,34.86,46.63
2005-12-21,0.808,77.27,8.94,29.11,39.22
2005-12-22,3.936,403.82,17.89,166.65,219.29
2005-12-23,0.514,323.91,9.9,135.6,178.42
2005-12-24,0.073,176.03,6.89,66.82,102.32
2005-12-25,0.533,87.34,8.67,33.28,45.38
2005-12-26,3.149,173.42,15.44,68.21,89.77
2005-12-27,0.272,165.15,7.7,67.99,89.46
2005-12-28,2.384,247.92,15.46,100.38,132.08
2005-12-29,0.216,141.55,7.08,58.07,76.41
2005-12-30,0.265,86.82,5.29,33.98,47.55
2005-12-31,11.815,583.39,25.7,240.76,316.93
2006-01-01,0.531,217.63,8.51,90.29,118.83
2006-01-02,6.996,317.94,21.97,127.81,168.17
2006-01-03,0.62,175.79,10.24,71.48,94.06
2006-01-04,0.182,49.44,6.58,18.51,24.35
2006-01-05,0.128,15.16,6.48,3.75,4.93
2006-01-06,0.108,9.37,6.46,1.25,1.65
2006-01-07,0.187,23.66,6.27,7.51,9.88
2006-01-08,0.135,20.8,6.65,6.11,8.04
2006-01-09,0.083,10.76,6.5,1.84,2.42
2006-01-10,0.069,8.77,6.46,1.0,1.31
2006-01-11,0.061,8.49,6.45,0.88,1.16
2006-01-12,0.053,8.14,6.47,0.53,1.14
2006-01-13,0.046,7.63,6.45,0.04,1.14
2006-01-14,2.339,188.91,15.41,74.91,98.59
2006-01-15,0.362,107.63,8.25,42.91,56.47
2006-01-16,0.099,43.35,6.64,15.85,20.85
2006-01-17,0.061,14.56,6.51,3.24,4.81
2006-01-18,0.138,37.3,6.01,13.29,18.0
2006-01-19,0.144,39.47,6.77,14.08,18.62
2006-01-20,0.057,16.48,6.59,3.7,6.18
2006-01-21,0.04,8.45,6.48,0.02,1.96
2006-01-22,0.031,7.78,6.52,0.01,1.25
2006-01-23,0.023,7.55,6.47,0.0,1.08
2006-01-24,0.021,7.46,6.45,0.0,1.0
2006-01-25,0.019,7.42,6.47,0.0,0.96
2006-01-26,0.015,7.38,6.49,0.0,0.89
2006-01-27,0.013,7.27,6.43,0.0,0.84
2006-01-28,0.013,7.27,6.42,0.0,0.84
2006-01-29,0.012,7.3,6.48,0.0,0.82
2006-01-30,0.337,89.92,8.1,35.32,46.5
2006-01-31,0.175,79.14,6.93,31.18,41.03
2006-02-01,0.06,33.86,5.99,8.16,19.71
2006-02-02,0.422,47.69,7.27,17.32,23.1
2006-02-03,0.104,37.72,6.89,12.94,17.88
2006-02-04,0.026,15.38,6.71,0.01,8.65
2006-02-05,0.011,8.74,6.61,0.0,2.12
2006-02-06,0.007,7.3,6.48,0.0,0.82
2006-02-07,0.006,7.18,6.44,0.0,0.74
2006-02-08,0.006,7.22,6.47,0.0,0.75
2006-02-09,0.005,7.18,6.46,0.0,0.71
2006-02-10,0.004,7.18,6.47,0.0,0.71
2006-02-11,0.004,7.18,6.49,0.0,0.69
2006-02-12,0.003,7.18,6.5,0.0,0.68
2006-02-13,0.002,7.17,6.5,0.0,0.67
2006-02-14,0.001,7.27,6.62,0.0,0.65
2006-02-15,0.0,7.18,6.98,0.0,0.2
2006-02-16,0.0,7.06,6.42,0.0,0.65
2006-02-17,0.026,19.77,5.9,5.21,8.66
2006-02-18,0.023,15.18,6.93,0.29,7.96
2006-02-19,0.003,10.18,6.98,0.0,3.2
2006-02-20,0.0,7.71,6.96,0.0,0.75
2006-02-21,0.0,7.15,6.63,0.0,0.52
2006-02-22,0.0,7.15,6.98,0.0,0.17
2006-02-23,0.0,7.01,6.98,0.0,0.03
2006-02-24,0.0,6.99,6.98,0.0,0.01
2006-02-25,0.0,6.98,6.98,0.0,0.0
2006-02-26,0.0,0.0,0.0,0.0,0.0
2006-02-27,3.284,191.51,15.98,75.8,99.73
2006-02-28,3.003,214.97,15.94,85.95,113.09
2006-03-01,0.26,146.16,7.38,59.93,78.85
2006-03-02,0.953,136.55,10.46,54.45,71.64
2006-03-03,2.85,223.25,16.05,89.47,117.73
2006-03-04,0.241,112.04,6.9,45.4,59.74
2006-03-05,0.767,134.66,10.06,53.8,70.79
2006-03-06,5.002,319.56,18.71,129.91,170.94
2006-03-07,1.641,187.86,12.43,75.76,99.68
2006-03-08,0.291,63.42,6.8,24.45,32.17
2006-03-09,0.154,20.21,6.54,5.9,7.77
2006-03-10,0.119,10.15,6.43,1.61,2.11
2006-03-11,0.186,13.72,6.23,3.24,4.26
2006-03-12,1.176,85.55,10.47,32.42,42.66
2006-03-13,0.32,63.3,7.44,24.12,31.74
2006-03-14,2.585,246.72,14.91,100.1,131.7
2006-03-15,0.623,73.55,8.08,28.27,37.2
2006-03-16,1.099,226.03,12.75,92.1,121.18
2006-03-17,2.701,344.75,16.17,141.89,186.69
2006-03-18,0.31,139.95,6.87,57.47,75.61
2006-03-19,0.168,35.62,6.53,12.56,16.53
2006-03-20,1.659,116.05,12.08,44.9,59.07
2006-03-21,1.659,100.72,13.64,37.6,49.48
2006-03-22,0.284,34.34,6.66,11.95,15.73
2006-03-23,0.169,13.43,6.51,2.99,3.93
2006-03-24,0.202,5.95,4.19,0.76,1.0
2006-03-25,5.649,431.32,21.16,177.11,233.05
2006-03-26,0.375,134.62,7.19,55.03,72.4
2006-03-27,0.21,32.11,6.52,11.05,14.54
2006-03-28,0.67,93.33,8.89,36.46,47.98
2006-03-29,1.733,176.36,12.55,70.74,93.07
2006-03-30,0.326,61.29,6.97,23.46,30.86
2006-03-31,0.678,101.97,9.81,39.8,52.36
2006-04-01,0.911,82.79,9.81,31.51,41.47
2006-04-02,1.654,164.63,13.92,65.08,85.63
2006-04-03,2.972,131.42,15.54,50.04,65.84
2006-04-04,4.67,226.19,18.32,89.77,118.11
2006-04-05,1.21,77.2,10.74,28.7,37.76
2006-04-06,0.408,22.8,6.77,6.92,9.1
2006-04-07,0.292,10.63,6.5,1.78,2.35
2006-04-08,0.267,10.84,6.44,1.9,2.5
2006-04-09,0.196,9.55,6.53,1.31,1.72
2006-04-10,0.144,8.65,6.5,0.93,1.22
2006-04-11,0.455,55.92,8.42,20.51,26.99
2006-04-12,2.712,156.07,15.4,60.75,79.93
2006-04-13,0.591,107.17,9.58,42.14,55.45
2006-04-14,0.213,28.9,6.56,9.65,12.69
2006-04-15,0.144,11.96,6.52,2.35,3.09
2006-04-16,1.804,168.14,13.72,66.68,87.74
2006-04-17,0.545,61.07,8.17,22.84,30.06
2006-04-18,0.189,22.67,6.62,6.93,9.12
2006-04-19,0.113,11.2,6.53,2.02,2.66
2006-04-20,0.081,8.93,6.51,1.05,1.38
2006-04-21,0.062,8.37,6.5,0.7,1.17
2006-04-22,0.043,7.76,6.53,0.09,1.14
2006-04-23,0.036,7.58,6.44,0.01,1.13
2006-04-24,0.027,7.67,6.55,0.0,1.12
2006-04-25,0.019,7.48,6.5,0.0,0.98
2006-04-26,0.013,7.41,6.55,0.0,0.86
2006-04-27,0.009,7.29,6.53,0.0,0.76
2006-04-28,0.006,7.25,6.54,0.0,0.71
2006-04-29,0.004,7.23,6.57,0.0,0.66
2006-04-30,0.002,7.29,6.69,0.0,0.6
2006-05-01,0.0,7.15,6.86,0.0,0.29
2006-05-02,0.0,7.13,6.73,0.0,0.4
2006-05-03,0.0,7.18,6.71,0.0,0.47
2006-05-04,0.0,7.22,6.72,0.0,0.5
2006-05-05,0.0,7.11,6.98,0.0,0.13
2006-05-06,0.0,7.01,6.98,0.0,0.03
2006-05-07,0.0,6.99,6.98,0.0,0.01
2006-05-08,0.0,0.0,0.0,0.0,0.0
2006-05-09,0.0,0.0,0.0,0.0,0.0
2006-05-10,0.0,0.0,0.0,0.0,0.0
2006-05-11,0.0,0.0,0.0,0.0,0.0
2006-05-12,0.0,0.0,0.0,0.0,0.0
2006-05-13,0.0,0.0,0.0,0.0,0.0
2006-05-14,0.0,0.0,0.0,0.0,0.0
2006-05-15,0.0,0.0,0.0,0.0,0.0
2006-05-16,0.0,0.0,0.0,0.0,0.0
2006-05-17,0.0,0.0,0.0,0.0,0.0
2006-05-18,0.0,0.0,0.0,0.0,0.0
2006-05-19,0.0,0.0,0.0,0.0,0.0
2006-05-20,0.0,0.0,0.0,0.0,0.0
2006-05-21,0.153,37.97,5.5,14.02,18.45
2006-05-22,0.587,44.24,8.38,15.48,20.38
2006-05-23,0.099,36.49,6.96,12.22,17.32
2006-05-24,0.017,18.15,6.89,0.0,11.26
2006-05-25,0.004,9.71,6.8,0.0,2.92
2006-05-26,0.001,7.49,6.78,0.0,0.71
2006-05-27,0.0,7.15,6.96,0.0,0.19
2006-05-28,0.0,7.04,6.93,0.0,0.11
2006-05-29,0.0,7.03,6.92,0.0,0.11
2006-05-30,0.0,7.01,6.98,0.0,0.03
2006-05-31,0.0,6.99,6.98,0.0,0.01
2006-06-01,0.0,0.0,0.0,0.0,0.0
2006-06-02,0.0,0.0,0.0,0.0,0.0
2006-06-03,0.0,0.0,0.0,0.0,0.0
2006-06-04,0.0,0.0,0.0,0.0,0.0
2006-06-05,0.0,0.0,0.0,0.0,0.0
2006-06-06,0.0,0.0,0.0,0.0,0.0
2006-06-07,0.0,0.0,0.0,0.0,0.0
2006-06-08,0.0,0.0,0.0,0.0,0.0
2006-06-09,0.0,0.0,0.0,0.0,0.0
2006-06-10,0.0,0.0,0.0,0.0,0.0
2006-06-11,0.0,0.0,0.0,0.0,0.0
2006-06-12,0.0,0.0,0.0,0.0,0.0
2006-06-13,0.0,0.0,0.0,0.0,0.0
2006-06-14,0.0,0.0,0.0,0.0,0.0
2006-06-15,0.0,0.0,0.0,0.0,0.0
2006-06-16,0.0,0.0,0.0,0.0,0.0
2006-06-17,0.0,0.0,0.0,0.0,0.0
2006-06-18,0.0,0.0,0.0,0.0,0.0
2006-06-19,0.0,0.0,0.0,0.0,0.0
2006-06-20,0.0,0.0,0.0,0.0,0.0
2006-06-21,0.0,0.0,0.0,0.0,0.0
2006-06-22,0.0,0.0,0.0,0.0,0.0
2006-06-23,0.0,0.0,0.0,0.0,0.0
2006-06-24,0.0,0.0,0.0,0.0,0.0
2006-06-25,0.0,0.0,0.0,0.0,0.0
2006-06-26,0.0,0.0,0.0,0.0,0.0
2006-06-27,0.0,0.0,0.0,0.0,0.0
2006-06-28,0.0,0.0,0.0,0.0,0.0
2006-06-29,0.0,0.0,0.0,0.0,0.0
2006-06-30,0.0,0.0,0.0,0.0,0.0
2006-07-01,0.0,0.0,0.0,0.0,0.0
2006-07-02,0.0,0.0,0.0,0.0,0.0
2006-07-03,0.0,0.0,0.0,0.0,0.0
2006-07-04,0.0,0.0,0.0,0.0,0.0
2006-07-05,0.0,0.0,0.0,0.0,0.0
2006-07-06,0.0,0.0,0.0,0.0,0.0
2006-07-07,0.0,0.0,0.0,0.0,0.0
2006-07-08,0.0,0.0,0.0,0.0,0.0
2006-07-09,0.0,0.0,0.0,0.0,0.0
2006-07-10,0.0,0.0,0.0,0.0,0.0
2006-07-11,0.0,0.0,0.0,0.0,0.0
2006-07-12,0.0,0.0,0.0,0.0,0.0
2006-07-13,0.0,0.0,0.0,0.0,0.0
2006-07-14,0.0,0.0,0.0,0.0,0.0
2006-07-15,0.0,0.0,0.0,0.0,0.0
2006-07-16,0.0,0.0,0.0,0.0,0.0
2006-07-17,0.0,0.0,0.0,0.0,0.0
2006-07-18,0.0,0.0,0.0,0.0,0.0
2006-07-19,0.0,0.0,0.0,0.0,0.0
2006-07-20,0.0,0.0,0.0,0.0,0.0
2006-07-21,0.0,0.0,0.0,0.0,0.0
2006-07-22,0.0,0.0,0.0,0.0,0.0
2006-07-23,0.0,0.0,0.0,0.0,0.0
2006-07-24,0.0,0.0,0.0,0.0,0.0
2006-07-25,0.0,0.0,0.0,0.0,0.0
2006-07-26,0.0,0.0,0.0,0.0,0.0
2006-07-27,0.0,0.0,0.0,0.0,0.0
2006-07-28,0.0,0.0,0.0,0.0,0.0
2006-07-29,0.0,0.0,0.0,0.0,0.0
2006-07-30,0.0,0.0,0.0,0.0,0.0
2006-07-31,0.0,0.0,0.0,0.0,0.0
2006-08-01,0.0,0.0,0.0,0.0,0.0
2006-08-02,0.0,0.0,0.0,0.0,0.0
2006-08-03,0.0,0.0,0.0,0.0,0.0
2006-08-04,0.0,0.0,0.0,0.0,0.0
2006-08-05,0.0,0.0,0.0,0.0,0.0
2006-08-06,0.0,0.0,0.0,0.0,0.0
2006-08-07,0.0,0.0,0.0,0.0,0.0
2006-08-08,0.0,0.0,0.0,0.0,0.0
2006-08-09,0.0,0.0,0.0,0.0,0.0
2006-08-10,0.0,0.0,0.0,0.0,0.0
2006-08-11,0.0,0.0,0.0,0.0,0.0
2006-08-12,0.0,0.0,0.0,0.0,0.0
2006-08-13,0.0,0.0,0.0,0.0,0.0
2006-08-14,0.0,0.0,0.0,0.0,0.0
2006-08-15,0.0,0.0,0.0,0.0,0.0
2006-08-16,0.0,0.0,0.0,0.0,0.0
2006-08-17,0.0,0.0,0.0,0.0,0.0
2006-08-18,0.0,0.0,0.0,0.0,0.0
2006-08-19,0.0,0.0,0.0,0.0,0.0
2006-08-20,0.0,0.0,0.0,0.0,0.0
2006-08-21,0.0,0.0,0.0,0.0,0.0
2006-08-22,0.0,0.0,0.0,0.0,0.0
2006-08-23,0.0,0.0,0.0,0.0,0.0
2006-08-24,0.0,0.0,0.0,0.0,0.0
2006-08-25,0.0,0.0,0.0,0.0,0.0
2006-08-26,0.0,0.0,0.0,0.0,0.0
2006-08-27,0.0,0.0,0.0,0.0,0.0
2006-08-28,0.0,0.0,0.0,0.0,0.0
2006-08-29,0.0,0.0,0.0,0.0,0.0
2006-08-30,0.0,0.0,0.0,0.0,0.0
2006-08-31,0.0,0.0,0.0,0.0,0.0
2006-09-01,0.0,0.0,0.0,0.0,0.0
2006-09-02,0.0,0.0,0.0,0.0,0.0
2006-09-03,0.0,0.0,0.0,0.0,0.0
2006-09-04,0.0,0.0,0.0,0.0,0.0
2006-09-05,0.0,0.0,0.0,0.0,0.0
2006-09-06,0.0,0.0,0.0,0.0,0.0
2006-09-07,0.0,0.0,0.0,0.0,0.0
2006-09-08,0.0,0.0,0.0,0.0,0.0
2006-09-09,0.0,0.0,0.0,0.0,0.0
2006-09-10,0.0,0.0,0.0,0.0,0.0
2006-09-11,0.0,0.0,0.0,0.0,0.0
2006-09-12,0.0,0.0,0.0,0.0,0.0
2006-09-13,0.0,0.0,0.0,0.0,0.0
2006-09-14,0.0,0.0,0.0,0.0,0.0
2006-09-15,0.0,0.0,0.0,0.0,0.0
2006-09-16,0.0,0.0,0.0,0.0,0.0
2006-09-17,0.0,0.0,0.0,0.0,0.0
2006-09-18,0.0,0.0,0.0,0.0,0.0
2006-09-19,0.0,0.0,0.0,0.0,0.0
2006-09-20,0.0,0.0,0.0,0.0,0.0
2006-09-21,0.0,0.0,0.0,0.0,0.0
2006-09-22,0.0,0.0,0.0,0.0,0.0
2006-09-23,0.0,0.0,0.0,0.0,0.0
2006-09-24,0.0,0.0,0.0,0.0,0.0
2006-09-25,0.0,0.0,0.0,0.0,0.0
2006-09-26,0.0,0.0,0.0,0.0,0.0
2006-09-27,0.0,0.0,0.0,0.0,0.0
2006-09-28,0.0,0.0,0.0,0.0,0.0
2006-09-29,0.0,0.0,0.0,0.0,0.0
2006-09-30,0.0,0.0,0.0,0.0,0.0
2006-10-01,0.0,0.0,0.0,0.0,0.0
2006-10-02,0.0,0.0,0.0,0.0,0.0
2006-10-03,0.0,0.0,0.0,0.0,0.0
2006-10-04,0.0,0.0,0.0,0.0,0.0
2006-10-05,0.45,108.54,8.1,43.37,57.07
2006-10-06,0.126,68.28,6.98,26.08,35.22
2006-10-07,0.017,34.46,6.98,0.04,27.44
2006-10-08,0.002,16.92,6.98,0.0,9.94
2006-10-09,0.0,9.21,6.97,0.0,2.24
2006-10-10,0.0,7.43,6.95,0.0,0.48
2006-10-11,0.0,7.12,6.86,0.0,0.26
2006-10-12,0.0,7.08,6.72,0.0,0.36
2006-10-13,0.0,7.02,6.54,0.0,0.48
2006-10-14,0.0,7.12,6.44,0.0,0.67
2006-10-15,0.0,7.14,6.51,0.0,0.63
2006-10-16,0.0,7.15,6.59,0.0,0.56
2006-10-17,0.0,7.17,6.98,0.0,0.19
2006-10-18,0.0,0.0,0.0,0.0,0.0
2006-10-19,0.0,0.0,0.0,0.0,0.0
2006-10-20,0.0,0.0,0.0,0.0,0.0
2006-10-21,0.0,0.0,0.0,0.0,0.0
2006-10-22,0.0,0.0,0.0,0.0,0.0
2006-10-23,0.0,0.0,0.0,0.0,0.0
2006-10-24,0.0,0.0,0.0,0.0,0.0
2006-10-25,0.0,0.0,0.0,0.0,0.0
2006-10-26,0.0,0.0,0.0,0.0,0.0
2006-10-27,0.0,0.0,0.0,0.0,0.0
2006-10-28,0.0,0.0,0.0,0.0,0.0
2006-10-29,0.0,0.0,0.0,0.0,0.0
2006-10-30,0.0,0.0,0.0,0.0,0.0
2006-10-31,0.0,0.0,0.0,0.0,0.0
2006-11-01,0.0,0.0,0.0,0.0,0.0
2006-11-02,0.0,0.0,0.0,0.0,0.0
2006-11-03,0.012,9.21,6.24,0.03,2.94
2006-11-04,0.005,8.27,6.87,0.0,1.4
2006-11-05,0.001,7.33,6.98,0.0,0.36
2006-11-06,0.0,7.06,6.98,0.0,0.08
2006-11-07,0.0,6.99,6.98,0.0,0.02
2006-11-08,0.0,6.98,6.98,0.0,0.0
2006-11-09,0.0,6.98,6.98,0.0,0.0
2006-11-10,0.0,6.98,6.98,0.0,0.0
2006-11-11,0.597,141.93,9.28,57.28,75.37
2006-11-12,0.106,118.58,6.98,46.57,65.03
2006-11-13,1.035,173.08,13.11,68.76,91.21
2006-11-14,0.78,188.26,12.93,75.69,99.64
2006-11-15,0.473,160.07,8.23,65.57,86.28
2006-11-16,0.067,133.07,6.98,48.36,77.73
2006-11-17,0.009,58.57,6.97,0.0,51.6
2006-11-18,0.001,20.94,6.95,0.0,13.99
2006-11-19,0.0,9.47,6.86,0.0,2.61
2006-11-20,0.0,7.3,6.64,0.0,0.66
2006-11-21,0.0,7.11,6.49,0.0,0.62
2006-11-22,0.0,7.12,6.48,0.0,0.65
2006-11-23,0.0,7.12,6.48,0.0,0.64
2006-11-24,0.0,7.11,6.45,0.0,0.66
2006-11-25,0.0,7.12,6.47,0.0,0.66
2006-11-26,0.307,104.72,8.43,41.58,54.71
2006-11-27,0.625,92.05,8.41,36.12,47.52
2006-11-28,0.149,85.9,6.98,34.0,44.92
2006-11-29,0.021,43.75,6.98,1.08,35.7
2006-11-30,0.003,20.86,6.97,0.0,13.88
2006-12-01,0.0,9.95,6.93,0.0,3.02
2006-12-02,0.0,7.48,6.81,0.0,0.67
2006-12-03,0.0,7.12,6.6,0.0,0.52
2006-12-04,0.0,7.12,6.49,0.0,0.62
2006-12-05,0.0,7.12,6.47,0.0,0.65
2006-12-06,0.0,7.11,6.45,0.0,0.66
2006-12-07,0.0,7.12,6.45,0.0,0.66
2006-12-08,0.0,7.16,6.52,0.0,0.65
2006-12-09,0.73,192.25,12.59,77.58,102.08
2006-12-10,3.12,228.16,16.52,91.39,120.25
2006-12-11,0.214,153.0,7.22,62.95,82.83
2006-12-12,5.407,334.23,19.98,135.7,178.55
2006-12-13,0.253,164.35,7.62,67.68,89.05
2006-12-14,0.035,101.62,6.96,26.08,68.57
2006-12-15,0.04,20.55,6.34,2.67,11.54
2006-12-16,0.011,13.4,6.92,0.0,6.49
2006-12-17,0.002,8.76,6.91,0.0,1.84
2006-12-18,0.0,7.26,6.69,0.0,0.57
2006-12-19,0.0,7.14,6.57,0.0,0.57
2006-12-20,0.0,7.12,6.51,0.0,0.61
2006-12-21,0.884,171.87,11.67,69.1,91.11
2006-12-22,0.911,127.73,10.6,50.56,66.57
2006-12-23,0.101,97.81,6.98,37.63,53.2
2006-12-24,0.014,46.6,6.97,0.0,39.63
2006-12-25,0.002,19.26,6.94,0.0,12.32
2006-12-26,0.045,30.93,5.08,10.66,15.19
2006-12-27,1.343,174.74,12.25,70.14,92.35
2006-12-28,0.127,137.68,6.97,55.63,75.08
2006-12-29,0.018,64.91,6.97,0.11,57.83
2006-12-30,0.003,27.1,6.94,0.0,20.16
2006-12-31,0.0,10.58,6.85,0.0,3.73
2007-01-01,0.0,7.47,6.71,0.0,0.77
2007-01-02,0.0,7.13,6.55,0.0,0.59
2007-01-03,0.0,7.13,6.5,0.0,0.62
2007-01-04,0.0,7.15,6.51,0.0,0.64
2007-01-05,0.0,7.13,6.52,0.0,0.61
2007-01-06,0.0,7.11,6.45,0.0,0.66
2007-01-07,0.0,7.14,6.49,0.0,0.65
2007-01-08,0.0,7.16,6.52,0.0,0.63
2007-01-09,0.0,7.12,6.5,0.0,0.62
2007-01-10,0.0,7.2,6.56,0.0,0.64
2007-01-11,0.0,7.19,6.61,0.0,0.58
2007-01-12,0.0,7.27,6.85,0.0,0.43
2007-01-13,0.0,7.08,6.98,0.0,0.1
2007-01-14,0.0,7.11,6.45,0.04,0.62
2007-01-15,0.0,7.29,6.98,0.0,0.31
2007-01-16,0.0,0.0,0.0,0.0,0.0
2007-01-17,0.0,0.0,0.0,0.0,0.0
2007-01-18,0.0,0.0,0.0,0.0,0.0
2007-01-19,0.0,0.0,0.0,0.0,0.0
2007-01-20,0.0,0.0,0.0,0.0,0.0
2007-01-21,0.0,0.0,0.0,0.0,0.0
2007-01-22,0.0,0.0,0.0,0.0,0.0
2007-01-23,0.0,0.0,0.0,0.0,0.0
2007-01-24,0.0,0.0,0.0,0.0,0.0
2007-01-25,0.0,0.0,0.0,0.0,0.0
2007-01-26,0.0,0.0,0.0,0.0,0.0
2007-01-27,0.106,41.72,5.53,15.63,20.56
2007-01-28,0.798,92.48,9.73,35.73,47.02
2007-01-29,0.096,75.92,6.97,28.34,40.6
2007-01-30,0.013,36.86,6.97,0.0,29.89
2007-01-31,0.002,15.97,6.94,0.0,9.03
2007-02-01,0.0,8.82,6.93,0.0,1.88
2007-02-02,0.0,7.32,6.84,0.0,0.48
2007-02-03,0.0,7.12,6.65,0.0,0.47
2007-02-04,0.0,7.13,6.54,0.0,0.58
2007-02-05,0.0,7.12,6.48,0.0,0.64
2007-02-06,0.0,7.15,6.5,0.0,0.64
2007-02-07,0.0,7.09,6.43,0.0,0.66
2007-02-08,0.417,74.84,8.08,28.82,37.93
2007-02-09,2.04,109.65,12.82,41.81,55.02
2007-02-10,4.464,176.43,16.05,69.26,91.13
2007-02-11,1.432,151.24,15.28,58.71,77.25
2007-02-12,0.243,75.45,6.77,29.66,39.02
2007-02-13,0.617,110.92,8.87,44.07,57.98
2007-02-14,0.091,95.07,6.96,35.99,52.12
2007-02-15,0.015,40.65,6.89,0.0,33.76
2007-02-16,0.004,13.31,6.73,0.0,6.58
2007-02-17,0.001,7.99,6.78,0.0,1.21
2007-02-18,0.001,7.22,6.52,0.0,0.7
2007-02-19,0.0,7.1,6.68,0.0,0.42
2007-02-20,0.0,7.19,6.54,0.0,0.65
2007-02-21,0.0,7.14,6.59,0.0,0.55
2007-02-22,2.504,221.43,15.82,88.75,116.86
2007-02-23,0.538,87.99,8.38,34.37,45.24
2007-02-24,0.076,64.68,6.92,22.84,34.92
2007-02-25,0.651,82.9,9.22,31.56,42.11
2007-02-26,1.954,116.22,12.55,44.76,58.91
2007-02-27,1.823,144.13,12.69,56.76,74.68
2007-02-28,0.515,128.21,10.21,50.96,67.05
2007-03-01,0.06,80.42,6.94,27.4,46.08
2007-03-02,0.012,29.27,6.79,0.0,22.48
2007-03-03,0.005,9.59,6.58,0.0,3.02
2007-03-04,0.003,7.41,6.61,0.0,0.8
2007-03-05,0.001,6.91,6.41,0.0,0.5
2007-03-06,0.002,7.23,6.5,0.0,0.73
2007-03-07,0.001,7.04,6.57,0.0,0.47
2007-03-08,0.001,7.16,6.45,0.0,0.72
2007-03-09,0.0,7.29,6.7,0.0,0.59
2007-03-10,0.0,7.13,6.8,0.0,0.33
2007-03-11,0.0,7.11,6.73,0.0,0.38
2007-03-12,0.0,7.14,6.61,0.0,0.53
2007-03-13,0.0,7.18,6.59,0.0,0.59
2007-03-14,0.0,7.17,6.6,0.0,0.57
2007-03-15,0.0,7.23,6.67,0.0,0.56
2007-03-16,0.0,7.14,6.98,0.0,0.17
2007-03-17,0.0,7.02,6.98,0.0,0.04
2007-03-18,0.0,0.0,0.0,0.0,0.0
2007-03-19,0.0,0.0,0.0,0.0,0.0
2007-03-20,0.0,0.0,0.0,0.0,0.0
2007-03-21,0.0,0.0,0.0,0.0,0.0
2007-03-22,0.0,0.0,0.0,0.0,0.0
2007-03-23,0.0,0.0,0.0,0.0,0.0
2007-03-24,0.0,0.0,0.0,0.0,0.0
2007-03-25,0.0,0.0,0.0,0.0,0.0
2007-03-26,0.0,0.0,0.0,0.0,0.0
2007-03-27,0.0,0.0,0.0,0.0,0.0
2007-03-28,0.0,0.0,0.0,0.0,0.0
2007-03-29,0.0,0.0,0.0,0.0,0.0
2007-03-30,0.0,0.0,0.0,0.0,0.0
2007-03-31,0.0,0.0,0.0,0.0,0.0
2007-04-01,0.0,0.0,0.0,0.0,0.0
2007-04-02,0.0,0.0,0.0,0.0,0.0
2007-04-03,0.0,0.0,0.0,0.0,0.0
2007-04-04,0.0,0.0,0.0,0.0,0.0
2007-04-05,0.0,0.0,0.0,0.0,0.0
2007-04-06,0.0,0.0,0.0,0.0,0.0
2007-04-07,0.0,0.0,0.0,0.0,0.0
2007-04-08,0.0,0.0,0.0,0.0,0.0
2007-04-09,0.0,0.0,0.0,0.0,0.0
2007-04-10,0.0,0.0,0.0,0.0,0.0
2007-04-11,0.0,0.0,0.0,0.0,0.0
2007-04-12,0.0,0.0,0.0,0.0,0.0
2007-04-13,0.0,0.0,0.0,0.0,0.0
2007-04-14,0.455,133.4,8.94,53.75,70.72
2007-04-15,0.127,120.89,6.98,48.49,65.42
2007-04-16,0.017,58.1,6.98,0.09,51.03
2007-04-17,0.002,25.53,6.98,0.0,18.55
2007-04-18,0.0,11.14,6.97,0.0,4.17
2007-04-19,0.0,1.22,1.08,0.0,0.14
2007-04-20,0.863,90.16,9.78,34.7,45.68
2007-04-21,0.118,65.45,6.31,24.69,34.45
2007-04-22,1.561,137.65,12.3,53.99,71.36
2007-04-23,0.124,92.3,6.98,36.18,49.15
2007-04-24,0.017,45.08,6.98,0.04,38.06
2007-04-25,0.002,20.45,6.97,0.0,13.48
2007-04-26,0.0,9.74,6.92,0.0,2.82
2007-04-27,0.0,7.42,6.77,0.0,0.65
2007-04-28,0.0,7.14,6.6,0.0,0.54
2007-04-29,0.0,7.12,6.51,0.0,0.62
2007-04-30,0.0,7.16,6.52,0.0,0.64
2007-05-01,0.0,7.14,6.5,0.0,0.63
2007-05-02,0.0,7.11,6.46,0.0,0.65
2007-05-03,0.0,7.17,6.52,0.0,0.65
2007-05-04,0.0,7.08,6.45,0.0,0.63
2007-05-05,0.0,7.2,6.55,0.0,0.65
2007-05-06,0.0,7.24,6.69,0.0,0.55
2007-05-07,0.0,7.12,6.98,0.0,0.14
2007-05-08,0.0,7.01,6.98,0.0,0.03
2007-05-09,0.0,0.0,0.0,0.0,0.0
2007-05-10,0.0,0.0,0.0,0.0,0.0
2007-05-11,0.0,0.0,0.0,0.0,0.0
2007-05-12,0.0,0.0,0.0,0.0,0.0
2007-05-13,0.0,0.0,0.0,0.0,0.0
2007-05-14,0.0,0.0,0.0,0.0,0.0
2007-05-15,0.0,0.0,0.0,0.0,0.0
2007-05-16,0.0,0.0,0.0,0.0,0.0
2007-05-17,0.0,0.0,0.0,0.0,0.0
2007-05-18,0.0,0.0,0.0,0.0,0.0
2007-05-19,0.0,0.0,0.0,0.0,0.0
2007-05-20,0.0,0.0,0.0,0.0,0.0
2007-05-21,0.0,0.0,0.0,0.0,0.0
2007-05-22,0.0,0.0,0.0,0.0,0.0
2007-05-23,0.0,0.0,0.0,0.0,0.0
2007-05-24,0.0,0.0,0.0,0.0,0.0
2007-05-25,0.0,0.0,0.0,0.0,0.0
2007-05-26,0.0,0.0,0.0,0.0,0.0
2007-05-27,0.0,0.0,0.0,0.0,0.0
2007-05-28,0.0,0.0,0.0,0.0,0.0
2007-05-29,0.0,0.0,0.0,0.0,0.0
2007-05-30,0.0,0.0,0.0,0.0,0.0
2007-05-31,0.0,0.0,0.0,0.0,0.0
2007-06-01,0.0,0.0,0.0,0.0,0.0
2007-06-02,0.0,0.0,0.0,0.0,0.0
2007-06-03,0.0,0.0,0.0,0.0,0.0
2007-06-04,0.0,0.0,0.0,0.0,0.0
2007-06-05,0.0,0.0,0.0,0.0,0.0
2007-06-06,0.0,0.0,0.0,0.0,0.0
2007-06-07,0.0,0.0,0.0,0.0,0.0
2007-06-08,0.0,0.0,0.0,0.0,0.0
2007-06-09,0.0,0.0,0.0,0.0,0.0
2007-06-10,0.0,0.0,0.0,0.0,0.0
2007-06-11,0.0,0.0,0.0,0.0,0.0
2007-06-12,0.0,0.0,0.0,0.0,0.0
2007-06-13,0.0,0.0,0.0,0.0,0.0
2007-06-14,0.0,0.0,0.0,0.0,0.0
2007-06-15,0.0,0.0,0.0,0.0,0.0
2007-06-16,0.0,0.0,0.0,0.0,0.0
2007-06-17,0.0,0.0,0.0,0.0,0.0
2007-06-18,0.0,0.0,0.0,0.0,0.0
2007-06-19,0.0,0.0,0.0,0.0,0.0
2007-06-20,0.0,0.0,0.0,0.0,0.0
2007-06-21,0.0,0.0,0.0,0.0,0.0
2007-06-22,0.0,0.0,0.0,0.0,0.0
2007-06-23,0.0,0.0,0.0,0.0,0.0
2007-06-24,0.0,0.0,0.0,0.0,0.0
2007-06-25,0.0,0.0,0.0,0.0,0.0
2007-06-26,0.0,0.0,0.0,0.0,0.0
2007-06-27,0.0,0.0,0.0,0.0,0.0
2007-06-28,0.0,0.0,0.0,0.0,0.0
2007-06-29,0.0,0.0,0.0,0.0,0.0
2007-06-30,0.0,0.0,0.0,0.0,0.0
2007-07-01,0.0,0.0,0.0,0.0,0.0
2007-07-02,0.0,0.0,0.0,0.0,0.0
2007-07-03,0.0,0.0,0.0,0.0,0.0
2007-07-04,0.0,0.0,0.0,0.0,0.0
2007-07-05,0.0,0.0,0.0,0.0,0.0
2007-07-06,0.0,0.0,0.0,0.0,0.0
2007-07-07,0.0,0.0,0.0,0.0,0.0
2007-07-08,0.0,0.0,0.0,0.0,0.0
2007-07-09,0.0,0.0,0.0,0.0,0.0
2007-07-10,0.0,0.0,0.0,0.0,0.0
2007-07-11,0.0,0.0,0.0,0.0,0.0
2007-07-12,0.0,0.0,0.0,0.0,0.0
2007-07-13,0.0,0.0,0.0,0.0,0.0
2007-07-14,0.0,0.0,0.0,0.0,0.0
2007-07-15,0.0,0.0,0.0,0.0,0.0
2007-07-16,0.0,0.0,0.0,0.0,0.0
2007-07-17,0.0,0.0,0.0,0.0,0.0
2007-07-18,0.0,0.0,0.0,0.0,0.0
2007-07-19,0.0,0.0,0.0,0.0,0.0
2007-07-20,0.0,0.0,0.0,0.0,0.0
2007-07-21,0.0,0.0,0.0,0.0,0.0
2007-07-22,0.0,0.0,0.0,0.0,0.0
2007-07-23,0.0,0.0,0.0,0.0,0.0
2007-07-24,0.0,0.0,0.0,0.0,0.0
2007-07-25,0.0,0.0,0.0,0.0,0.0
2007-07-26,0.0,0.0,0.0,0.0,0.0
2007-07-27,0.0,0.0,0.0,0.0,0.0
2007-07-28,0.0,0.0,0.0,0.0,0.0
2007-07-29,0.0,0.0,0.0,0.0,0.0
2007-07-30,0.0,0.0,0.0,0.0,0.0
2007-07-31,0.0,0.0,0.0,0.0,0.0
2007-08-01,0.0,0.0,0.0,0.0,0.0
2007-08-02,0.0,0.0,0.0,0.0,0.0
2007-08-03,0.0,0.0,0.0,0.0,0.0
2007-08-04,0.0,0.0,0.0,0.0,0.0
2007-08-05,0.0,0.0,0.0,0.0,0.0
2007-08-06,0.0,0.0,0.0,0.0,0.0
2007-08-07,0.0,0.0,0.0,0.0,0.0
2007-08-08,0.0,0.0,0.0,0.0,0.0
2007-08-09,0.0,0.0,0.0,0.0,0.0
2007-08-10,0.0,0.0,0.0,0.0,0.0
2007-08-11,0.0,0.0,0.0,0.0,0.0
2007-08-12,0.0,0.0,0.0,0.0,0.0
2007-08-13,0.0,0.0,0.0,0.0,0.0
2007-08-14,0.0,0.0,0.0,0.0,0.0
2007-08-15,0.0,0.0,0.0,0.0,0.0
2007-08-16,0.0,0.0,0.0,0.0,0.0
2007-08-17,0.0,0.0,0.0,0.0,0.0
2007-08-18,0.0,0.0,0.0,0.0,0.0
2007-08-19,0.0,0.0,0.0,0.0,0.0
2007-08-20,0.0,0.0,0.0,0.0,0.0
2007-08-21,0.0,0.0,0.0,0.0,0.0
2007-08-22,0.0,0.0,0.0,0.0,0.0
2007-08-23,0.0,0.0,0.0,0.0,0.0
2007-08-24,0.0,0.0,0.0,0.0,0.0
2007-08-25,0.0,0.0,0.0,0.0,0.0
2007-08-26,0.0,0.0,0.0,0.0,0.0
2007-08-27,0.0,0.0,0.0,0.0,0.0
2007-08-28,0.0,0.0,0.0,0.0,0.0
2007-08-29,0.0,0.0,0.0,0.0,0.0
2007-08-30,0.0,0.0,0.0,0.0,0.0
2007-08-31,0.0,0.0,0.0,0.0,0.0
2007-09-01,0.0,0.0,0.0,0.0,0.0
2007-09-02,0.0,0.0,0.0,0.0,0.0
2007-09-03,0.0,0.0,0.0,0.0,0.0
2007-09-04,0.0,0.0,0.0,0.0,0.0
2007-09-05,0.0,0.0,0.0,0.0,0.0
2007-09-06,0.0,0.0,0.0,0.0,0.0
2007-09-07,0.0,0.0,0.0,0.0,0.0
2007-09-08,0.0,0.0,0.0,0.0,0.0
2007-09-09,0.0,0.0,0.0,0.0,0.0
2007-09-10,0.0,0.0,0.0,0.0,0.0
2007-09-11,0.0,0.0,0.0,0.0,0.0
2007-09-12,0.0,0.0,0.0,0.0,0.0
2007-09-13,0.0,0.0,0.0,0.0,0.0
2007-09-14,0.0,0.0,0.0,0.0,0.0
2007-09-15,0.0,0.0,0.0,0.0,0.0
2007-09-16,0.0,0.0,0.0,0.0,0.0
2007-09-17,0.0,0.0,0.0,0.0,0.0
2007-09-18,0.0,0.0,0.0,0.0,0.0
2007-09-19,0.0,0.0,0.0,0.0,0.0
2007-09-20,0.0,0.0,0.0,0.0,0.0
2007-09-21,0.0,0.0,0.0,0.0,0.0
2007-09-22,0.0,0.0,0.0,0.0,0.0
2007-09-23,0.0,0.0,0.0,0.0,0.0
2007-09-24,0.0,0.0,0.0,0.0,0.0
2007-09-25,0.0,0.0,0.0,0.0,0.0
2007-09-26,0.0,0.0,0.0,0.0,0.0
2007-09-27,0.0,0.0,0.0,0.0,0.0
2007-09-28,0.0,0.0,0.0,0.0,0.0
2007-09-29,0.0,0.0,0.0,0.0,0.0
2007-09-30,0.0,0.0,0.0,0.0,0.0
2007-10-01,0.0,0.0,0.0,0.0,0.0
2007-10-02,0.0,0.0,0.0,0.0,0.0
2007-10-03,0.0,0.0,0.0,0.0,0.0
2007-10-04,0.0,0.0,0.0,0.0,0.0
2007-10-05,0.0,0.0,0.0,0.0,0.0
2007-10-06,0.0,0.0,0.0,0.0,0.0
2007-10-07,0.0,0.0,0.0,0.0,0.0
2007-10-08,0.0,0.0,0.0,0.0,0.0
2007-10-09,0.114,286.12,13.48,117.73,154.91
2007-10-10,2.701,248.22,16.06,100.25,131.91
2007-10-11,0.149,152.88,6.98,62.86,83.04
2007-10-12,3.553,370.09,19.35,151.26,199.47
2007-10-13,0.516,243.25,9.1,101.08,133.06
2007-10-14,0.982,127.55,11.18,50.25,66.12
2007-10-15,0.085,84.72,6.98,31.38,46.37
2007-10-16,0.012,39.94,6.97,0.0,32.98
2007-10-17,0.002,16.27,6.92,0.0,9.35
2007-10-18,0.0,8.36,6.76,0.0,1.6
2007-10-19,0.0,7.19,6.57,0.0,0.62
2007-10-20,0.0,7.13,6.5,0.0,0.63
2007-10-21,0.0,7.12,6.48,0.0,0.64
2007-10-22,0.0,7.13,6.49,0.0,0.64
2007-10-23,0.0,7.13,6.48,0.0,0.64
2007-10-24,0.0,7.13,6.48,0.0,0.65
2007-10-25,0.0,7.13,6.49,0.0,0.65
2007-10-26,0.0,7.11,6.46,0.0,0.65
2007-10-27,0.0,7.13,6.48,0.0,0.65
2007-10-28,0.0,7.15,6.52,0.0,0.64
2007-10-29,0.0,7.12,6.48,0.0,0.63
2007-10-30,0.0,7.11,6.46,0.0,0.66
2007-10-31,0.0,7.12,6.47,0.0,0.65
2007-11-01,0.0,7.13,6.48,0.0,0.65
2007-11-02,0.0,7.15,6.51,0.0,0.64
2007-11-03,0.0,7.14,6.5,0.0,0.64
2007-11-04,0.0,7.14,6.51,0.0,0.63
2007-11-05,0.0,7.18,6.54,0.0,0.64
2007-11-06,0.0,7.15,6.53,0.0,0.62
2007-11-07,0.0,7.2,6.57,0.0,0.62
2007-11-08,0.0,7.13,6.54,0.0,0.59
2007-11-09,0.0,7.16,6.59,0.0,0.57
2007-11-10,0.0,7.16,6.98,0.0,0.18
2007-11-11,0.0,0.0,0.0,0.0,0.0
2007-11-12,0.0,0.0,0.0,0.0,0.0
2007-11-13,0.0,0.0,0.0,0.0,0.0
2007-11-14,2.428,914.62,22.26,385.34,507.02
2007-11-15,0.95,348.22,10.95,145.64,191.63
2007-11-16,0.124,272.1,6.98,112.62,152.5
2007-11-17,0.017,124.85,6.97,0.13,117.74
2007-11-18,0.002,47.99,6.96,0.0,41.03
2007-11-19,0.0,14.78,6.88,0.0,7.9
2007-11-20,0.0,7.89,6.67,0.0,1.21
2007-11-21,0.0,7.15,6.53,0.0,0.63
2007-11-22,0.0,7.12,6.48,0.0,0.64
2007-11-23,0.0,7.14,6.51,0.0,0.63
2007-11-24,0.0,7.11,6.46,0.0,0.66
2007-11-25,0.0,7.13,6.49,0.0,0.64
2007-11-26,0.0,7.11,6.46,0.0,0.65
2007-11-27,0.0,7.13,6.48,0.0,0.65
2007-11-28,0.0,7.13,6.5,0.0,0.63
2007-11-29,0.0,7.12,6.46,0.0,0.66
2007-11-30,0.0,7.13,6.48,0.0,0.65
2007-12-01,0.0,7.12,6.46,0.0,0.66
2007-12-02,0.0,7.14,6.49,0.0,0.65
2007-12-03,0.0,7.2,6.57,0.0,0.63
2007-12-04,0.0,7.0,6.36,0.0,0.64
2007-12-05,0.0,7.13,6.46,0.0,0.67
2007-12-06,0.001,0.02,0.02,0.0,0.0
2007-12-07,1.543,115.55,12.51,44.46,58.59
2007-12-08,0.661,216.39,9.78,89.21,117.4
2007-12-09,0.175,215.86,6.98,90.2,118.69
2007-12-10,0.024,116.73,6.98,14.03,95.72
2007-12-11,1.682,451.05,12.98,189.12,248.95
2007-12-12,0.276,244.98,7.9,102.37,134.71
2007-12-13,0.036,156.16,6.97,42.86,106.33
2007-12-14,0.005,58.98,6.94,0.0,52.03
2007-12-15,0.001,16.23,6.78,0.0,9.45
2007-12-16,0.0,7.88,6.67,0.0,1.21
2007-12-17,0.0,7.19,6.68,0.0,0.51
2007-12-18,0.0,7.11,6.51,0.0,0.6
2007-12-19,0.0,7.13,6.49,0.0,0.64
2007-12-20,0.0,7.12,6.47,0.0,0.64
2007-12-21,0.654,259.41,9.99,107.58,141.84
2007-12-22,2.686,633.47,17.51,265.98,349.98
2007-12-23,0.206,449.09,7.15,190.83,251.1
2007-12-24,2.491,371.4,15.29,153.5,202.61
2007-12-25,0.189,221.14,7.01,92.36,121.77
2007-12-26,2.381,453.85,16.27,188.96,248.63
2007-12-27,0.129,310.29,6.98,129.3,174.02
2007-12-28,0.018,140.39,6.96,0.36,133.07
2007-12-29,0.003,42.96,6.76,0.0,36.19
2007-12-30,0.002,9.23,6.54,0.0,2.69
2007-12-31,0.001,7.44,6.74,0.0,0.71
2008-01-01,0.0,7.11,6.69,0.0,0.41
2008-01-02,0.0,7.15,6.52,0.0,0.63
2008-01-03,0.0,7.13,6.55,0.0,0.59
2008-01-04,7.994,349.32,23.53,140.69,185.11
2008-01-05,3.447,267.97,16.96,108.39,142.62
2008-01-06,0.659,159.94,11.69,64.01,84.23
2008-01-07,0.604,108.25,8.75,42.96,56.53
2008-01-08,0.397,79.28,7.78,30.88,40.63
2008-01-09,0.172,70.23,6.93,27.33,35.96
2008-01-10,0.188,45.36,6.31,15.73,23.32
2008-01-11,0.067,36.53,6.88,10.99,18.65
2008-01-12,0.017,14.81,6.69,0.0,8.12
2008-01-13,0.01,8.01,6.5,0.0,1.51
2008-01-14,0.008,7.26,6.46,0.0,0.8
2008-01-15,0.007,7.21,6.46,0.0,0.75
2008-01-16,0.005,7.35,6.66,0.0,0.69
2008-01-17,0.002,6.89,6.36,0.0,0.53
2008-01-18,0.003,7.15,6.4,0.0,0.75
2008-01-19,0.003,7.15,6.43,0.0,0.71
2008-01-20,0.003,7.24,6.55,0.0,0.69
2008-01-21,0.652,68.54,8.69,25.85,34.01
2008-01-22,1.19,87.18,11.72,32.58,42.87
2008-01-23,1.169,87.04,11.51,32.62,42.92
2008-01-24,0.796,61.08,8.95,22.51,29.62
2008-01-25,4.942,166.43,18.71,63.79,83.93
2008-01-26,1.369,113.9,14.11,43.09,56.7
2008-01-27,2.41,173.12,14.85,68.35,89.93
2008-01-28,1.506,110.47,12.65,42.24,55.58
2008-01-29,0.169,58.65,6.83,22.38,29.44
2008-01-30,0.277,72.0,6.68,28.21,37.12
2008-01-31,0.681,124.28,10.29,49.22,64.77
2008-02-01,1.325,251.79,12.14,103.49,136.17
2008-02-02,0.467,111.32,6.61,45.21,59.49
2008-02-03,1.355,78.15,11.89,28.61,37.65
2008-02-04,0.196,39.92,6.84,14.28,18.79
2008-02-05,0.066,18.45,6.6,4.71,7.13
2008-02-06,0.045,8.66,6.49,0.04,2.13
2008-02-07,0.037,7.75,6.47,0.01,1.27
2008-02-08,0.032,7.63,6.47,0.01,1.15
2008-02-09,0.026,7.59,6.48,0.0,1.11
2008-02-10,0.023,7.5,6.45,0.0,1.05
2008-02-11,0.02,7.45,6.46,0.0,0.99
2008-02-12,0.018,7.4,6.46,0.0,0.93
2008-02-13,0.014,7.47,6.58,0.0,0.89
2008-02-14,0.005,7.13,6.52,0.0,0.61
2008-02-15,0.008,7.14,6.33,0.0,0.8
2008-02-16,0.009,7.23,6.44,0.0,0.79
2008-02-17,0.008,7.22,6.46,0.0,0.76
2008-02-18,0.007,7.22,6.49,0.0,0.74
2008-02-19,0.989,378.83,14.64,157.26,206.93
2008-02-20,2.408,326.34,15.48,134.24,176.63
2008-02-21,0.576,128.12,8.31,51.73,68.07
2008-02-22,0.46,77.05,7.68,29.96,39.42
2008-02-23,0.547,110.83,9.06,43.95,57.83
2008-02-24,2.069,111.84,13.13,42.62,56.08
2008-02-25,0.295,68.17,7.71,26.11,34.35
2008-02-26,0.069,33.18,6.72,10.45,16.01
2008-02-27,0.035,10.99,6.53,0.01,4.45
2008-02-28,0.027,8.07,6.48,0.0,1.59
2008-02-29,0.023,7.59,6.47,0.0,1.11
2008-03-01,0.019,7.46,6.48,0.0,0.98
2008-03-02,0.014,7.39,6.51,0.0,0.88
2008-03-03,0.012,7.27,6.43,0.0,0.83
2008-03-04,0.011,7.28,6.46,0.0,0.82
2008-03-05,0.01,7.27,6.48,0.0,0.79
2008-03-06,0.008,7.21,6.45,0.0,0.76
2008-03-07,0.007,7.28,6.53,0.0,0.74
2008-03-08,0.005,7.17,6.46,0.0,0.71
2008-03-09,0.004,7.18,6.47,0.0,0.71
2008-03-10,0.004,7.18,6.48,0.0,0.7
2008-03-11,0.003,7.17,6.48,0.0,0.68
2008-03-12,0.002,7.28,6.62,0.0,0.67
2008-03-13,0.001,6.98,6.54,0.0,0.44
2008-03-14,0.001,7.21,6.5,0.0,0.71
2008-03-15,0.0,6.78,6.49,0.0,0.29
2008-03-16,0.0,7.34,6.62,0.0,0.71
2008-03-17,0.0,7.16,6.98,0.0,0.18
2008-03-18,0.0,7.02,6.98,0.0,0.04
2008-03-19,0.0,6.99,6.98,0.0,0.01
2008-03-20,0.0,6.98,6.98,0.0,0.0
2008-03-21,0.0,6.98,6.98,0.0,0.0
2008-03-22,0.0,0.0,0.0,0.0,0.0
2008-03-23,0.0,0.0,0.0,0.0,0.0
2008-03-24,0.0,0.0,0.0,0.0,0.0
2008-03-25,0.0,0.0,0.0,0.0,0.0
2008-03-26,0.0,0.0,0.0,0.0,0.0
2008-03-27,0.0,0.0,0.0,0.0,0.0
2008-03-28,0.0,0.0,0.0,0.0,0.0
2008-03-29,0.0,0.0,0.0,0.0,0.0
2008-03-30,0.0,0.0,0.0,0.0,0.0
2008-03-31,0.0,0.0,0.0,0.0,0.0
2008-04-01,0.0,0.0,0.0,0.0,0.0
2008-04-02,0.0,0.0,0.0,0.0,0.0
2008-04-03,0.0,0.0,0.0,0.0,0.0
2008-04-04,0.0,0.0,0.0,0.0,0.0
2008-04-05,0.0,0.0,0.0,0.0,0.0
2008-04-06,0.0,0.0,0.0,0.0,0.0
2008-04-07,0.0,0.0,0.0,0.0,0.0
2008-04-08,0.0,0.0,0.0,0.0,0.0
2008-04-09,0.0,0.0,0.0,0.0,0.0
2008-04-10,0.0,0.0,0.0,0.0,0.0
2008-04-11,0.0,0.0,0.0,0.0,0.0
2008-04-12,0.0,0.0,0.0,0.0,0.0
2008-04-13,0.0,0.0,0.0,0.0,0.0
2008-04-14,0.0,0.0,0.0,0.0,0.0
2008-04-15,0.0,0.0,0.0,0.0,0.0
2008-04-16,0.0,0.0,0.0,0.0,0.0
2008-04-17,0.0,0.0,0.0,0.0,0.0
2008-04-18,0.0,0.0,0.0,0.0,0.0
2008-04-19,0.0,0.0,0.0,0.0,0.0
2008-04-20,0.0,0.0,0.0,0.0,0.0
2008-04-21,0.0,0.0,0.0,0.0,0.0
2008-04-22,0.0,0.0,0.0,0.0,0.0
2008-04-23,0.0,0.0,0.0,0.0,0.0
2008-04-24,0.0,0.0,0.0,0.0,0.0
2008-04-25,0.0,0.0,0.0,0.0,0.0
2008-04-26,0.0,0.0,0.0,0.0,0.0
2008-04-27,0.0,0.0,0.0,0.0,0.0
2008-04-28,0.0,0.0,0.0,0.0,0.0
2008-04-29,0.0,0.0,0.0,0.0,0.0
2008-04-30,0.0,0.0,0.0,0.0,0.0
2008-05-01,0.0,0.0,0.0,0.0,0.0
2008-05-02,0.0,0.0,0.0,0.0,0.0
2008-05-03,0.0,0.0,0.0,0.0,0.0
2008-05-04,0.0,0.0,0.0,0.0,0.0
2008-05-05,0.0,0.0,0.0,0.0,0.0
2008-05-06,0.0,0.0,0.0,0.0,0.0
2008-05-07,0.0,0.0,0.0,0.0,0.0
2008-05-08,0.0,0.0,0.0,0.0,0.0
2008-05-09,0.0,0.0,0.0,0.0,0.0
2008-05-10,0.0,0.0,0.0,0.0,0.0
2008-05-11,0.0,0.0,0.0,0.0,0.0
2008-05-12,0.0,0.0,0.0,0.0,0.0
2008-05-13,0.0,0.0,0.0,0.0,0.0
2008-05-14,0.0,0.0,0.0,0.0,0.0
2008-05-15,0.0,0.0,0.0,0.0,0.0
2008-05-16,0.0,0.0,0.0,0.0,0.0
2008-05-17,0.0,0.0,0.0,0.0,0.0
2008-05-18,0.0,0.0,0.0,0.0,0.0
2008-05-19,0.0,0.0,0.0,0.0,0.0
2008-05-20,0.0,0.0,0.0,0.0,0.0
2008-05-21,0.0,0.0,0.0,0.0,0.0
2008-05-22,0.0,0.0,0.0,0.0,0.0
2008-05-23,0.0,0.0,0.0,0.0,0.0
2008-05-24,0.0,0.0,0.0,0.0,0.0
2008-05-25,0.0,0.0,0.0,0.0,0.0
2008-05-26,0.0,0.0,0.0,0.0,0.0
2008-05-27,0.0,0.0,0.0,0.0,0.0
2008-05-28,0.0,0.0,0.0,0.0,0.0
2008-05-29,0.0,0.0,0.0,0.0,0.0
2008-05-30,0.0,0.0,0.0,0.0,0.0
2008-05-31,0.0,0.0,0.0,0.0,0.0
2008-06-01,0.0,0.0,0.0,0.0,0.0
2008-06-02,0.0,0.0,0.0,0.0,0.0
2008-06-03,0.0,0.0,0.0,0.0,0.0
2008-06-04,0.0,0.0,0.0,0.0,0.0
2008-06-05,0.0,0.0,0.0,0.0,0.0
2008-06-06,0.0,0.0,0.0,0.0,0.0
2008-06-07,0.0,0.0,0.0,0.0,0.0
2008-06-08,0.0,0.0,0.0,0.0,0.0
2008-06-09,0.0,0.0,0.0,0.0,0.0
2008-06-10,0.0,0.0,0.0,0.0,0.0
2008-06-11,0.0,0.0,0.0,0.0,0.0
2008-06-12,0.0,0.0,0.0,0.0,0.0
2008-06-13,0.0,0.0,0.0,0.0,0.0
2008-06-14,0.0,0.0,0.0,0.0,0.0
2008-06-15,0.0,0.0,0.0,0.0,0.0
2008-06-16,0.0,0.0,0.0,0.0,0.0
2008-06-17,0.0,0.0,0.0,0.0,0.0
2008-06-18,0.0,0.0,0.0,0.0,0.0
2008-06-19,0.0,0.0,0.0,0.0,0.0
2008-06-20,0.0,0.0,0.0,0.0,0.0
2008-06-21,0.0,0.0,0.0,0.0,0.0
2008-06-22,0.0,0.0,0.0,0.0,0.0
2008-06-23,0.0,0.0,0.0,0.0,0.0
2008-06-24,0.0,0.0,0.0,0.0,0.0
2008-06-25,0.0,0.0,0.0,0.0,0.0
2008-06-26,0.0,0.0,0.0,0.0,0.0
2008-06-27,0.0,0.0,0.0,0.0,0.0
2008-06-28,0.0,0.0,0.0,0.0,0.0
2008-06-29,0.0,0.0,0.0,0.0,0.0
2008-06-30,0.0,0.0,0.0,0.0,0.0
2008-07-01,0.0,0.0,0.0,0.0,0.0
2008-07-02,0.0,0.0,0.0,0.0,0.0
2008-07-03,0.0,0.0,0.0,0.0,0.0
2008-07-04,0.0,0.0,0.0,0.0,0.0
2008-07-05,0.0,0.0,0.0,0.0,0.0
2008-07-06,0.0,0.0,0.0,0.0,0.0
2008-07-07,0.0,0.0,0.0,0.0,0.0
2008-07-08,0.0,0.0,0.0,0.0,0.0
2008-07-09,0.0,0.0,0.0,0.0,0.0
2008-07-10,0.0,0.0,0.0,0.0,0.0
2008-07-11,0.0,0.0,0.0,0.0,0.0
2008-07-12,0.0,0.0,0.0,0.0,0.0
2008-07-13,0.0,0.0,0.0,0.0,0.0
2008-07-14,0.0,0.0,0.0,0.0,0.0
2008-07-15,0.0,0.0,0.0,0.0,0.0
2008-07-16,0.0,0.0,0.0,0.0,0.0
2008-07-17,0.0,0.0,0.0,0.0,0.0
2008-07-18,0.0,0.0,0.0,0.0,0.0
2008-07-19,0.0,0.0,0.0,0.0,0.0
2008-07-20,0.0,0.0,0.0,0.0,0.0
2008-07-21,0.0,0.0,0.0,0.0,0.0
2008-07-22,0.0,0.0,0.0,0.0,0.0
2008-07-23,0.0,0.0,0.0,0.0,0.0
2008-07-24,0.0,0.0,0.0,0.0,0.0
2008-07-25,0.0,0.0,0.0,0.0,0.0
2008-07-26,0.0,0.0,0.0,0.0,0.0
2008-07-27,0.0,0.0,0.0,0.0,0.0
2008-07-28,0.0,0.0,0.0,0.0,0.0
2008-07-29,0.0,0.0,0.0,0.0,0.0
2008-07-30,0.0,0.0,0.0,0.0,0.0
2008-07-31,0.0,0.0,0.0,0.0,0.0
2008-08-01,0.0,0.0,0.0,0.0,0.0
2008-08-02,0.0,0.0,0.0,0.0,0.0
2008-08-03,0.0,0.0,0.0,0.0,0.0
2008-08-04,0.0,0.0,0.0,0.0,0.0
2008-08-05,0.0,0.0,0.0,0.0,0.0
2008-08-06,0.0,0.0,0.0,0.0,0.0
2008-08-07,0.0,0.0,0.0,0.0,0.0
2008-08-08,0.0,0.0,0.0,0.0,0.0
2008-08-09,0.0,0.0,0.0,0.0,0.0
2008-08-10,0.0,0.0,0.0,0.0,0.0
2008-08-11,0.0,0.0,0.0,0.0,0.0
2008-08-12,0.0,0.0,0.0,0.0,0.0
2008-08-13,0.0,0.0,0.0,0.0,0.0
2008-08-14,0.0,0.0,0.0,0.0,0.0
2008-08-15,0.0,0.0,0.0,0.0,0.0
2008-08-16,0.0,0.0,0.0,0.0,0.0
2008-08-17,0.0,0.0,0.0,0.0,0.0
2008-08-18,0.0,0.0,0.0,0.0,0.0
2008-08-19,0.0,0.0,0.0,0.0,0.0
2008-08-20,0.0,0.0,0.0,0.0,0.0
2008-08-21,0.0,0.0,0.0,0.0,0.0
2008-08-22,0.0,0.0,0.0,0.0,0.0
2008-08-23,0.0,0.0,0.0,0.0,0.0
2008-08-24,0.0,0.0,0.0,0.0,0.0
2008-08-25,0.0,0.0,0.0,0.0,0.0
2008-08-26,0.0,0.0,0.0,0.0,0.0
2008-08-27,0.0,0.0,0.0,0.0,0.0
2008-08-28,0.0,0.0,0.0,0.0,0.0
2008-08-29,0.0,0.0,0.0,0.0,0.0
2008-08-30,0.0,0.0,0.0,0.0,0.0
2008-08-31,0.0,0.0,0.0,0.0,0.0
2008-09-01,0.0,0.0,0.0,0.0,0.0
2008-09-02,0.0,0.0,0.0,0.0,0.0
2008-09-03,0.0,0.0,0.0,0.0,0.0
2008-09-04,0.0,0.0,0.0,0.0,0.0
2008-09-05,0.0,0.0,0.0,0.0,0.0
2008-09-06,0.0,0.0,0.0,0.0,0.0
2008-09-07,0.0,0.0,0.0,0.0,0.0
2008-09-08,0.0,0.0,0.0,0.0,0.0
2008-09-09,0.0,0.0,0.0,0.0,0.0
2008-09-10,0.0,0.0,0.0,0.0,0.0
2008-09-11,0.0,0.0,0.0,0.0,0.0
2008-09-12,0.0,0.0,0.0,0.0,0.0
2008-09-13,0.0,0.0,0.0,0.0,0.0
2008-09-14,0.0,0.0,0.0,0.0,0.0
2008-09-15,0.0,0.0,0.0,0.0,0.0
2008-09-16,0.0,0.0,0.0,0.0,0.0
2008-09-17,0.0,0.0,0.0,0.0,0.0
2008-09-18,0.0,0.0,0.0,0.0,0.0
2008-09-19,0.0,0.0,0.0,0.0,0.0
2008-09-20,0.0,0.0,0.0,0.0,0.0
2008-09-21,0.0,0.0,0.0,0.0,0.0
2008-09-22,0.0,0.0,0.0,0.0,0.0
2008-09-23,0.0,0.0,0.0,0.0,0.0
2008-09-24,0.0,0.0,0.0,0.0,0.0
2008-09-25,0.0,0.0,0.0,0.0,0.0
2008-09-26,0.0,0.0,0.0,0.0,0.0
2008-09-27,0.0,0.0,0.0,0.0,0.0
2008-09-28,0.0,0.0,0.0,0.0,0.0
2008-09-29,0.0,0.0,0.0,0.0,0.0
2008-09-30,0.0,0.0,0.0,0.0,0.0
2008-10-01,0.0,0.0,0.0,0.0,0.0
2008-10-02,0.0,0.0,0.0,0.0,0.0
2008-10-03,0.0,0.0,0.0,0.0,0.0
2008-10-04,2.324,731.71,20.67,307.04,404.0
2008-10-05,0.157,390.11,6.98,165.31,217.82
2008-10-06,0.022,190.69,6.98,9.74,173.97
2008-10-07,0.003,76.29,6.97,0.0,69.32
2008-10-08,0.0,22.01,6.94,0.0,15.07
2008-10-09,0.0,9.36,6.82,0.0,2.54
2008-10-10,0.0,7.3,6.63,0.0,0.66
2008-10-11,0.0,7.1,6.48,0.0,0.62
2008-10-12,0.0,7.12,6.48,0.0,0.64
2008-10-13,0.0,7.11,6.45,0.0,0.66
2008-10-14,0.0,7.13,6.46,0.0,0.66
2008-10-15,0.0,7.13,6.47,0.0,0.66
2008-10-16,0.0,7.13,6.48,0.0,0.65
2008-10-17,0.0,7.18,6.53,0.0,0.65
2008-10-18,0.0,7.09,6.49,0.0,0.6
2008-10-19,0.0,7.13,6.46,0.0,0.67
2008-10-20,0.0,7.11,6.46,0.0,0.65
2008-10-21,0.0,7.15,6.49,0.0,0.66
2008-10-22,0.0,7.22,6.66,0.0,0.56
2008-10-23,0.0,7.16,6.62,0.0,0.54
2008-10-24,0.0,7.13,6.46,0.0,0.67
2008-10-25,0.0,7.13,6.61,0.0,0.52
2008-10-26,0.0,7.15,6.73,0.03,0.38
2008-10-27,0.0,0.0,0.0,0.0,0.0
2008-10-28,0.0,0.0,0.0,0.0,0.0
2008-10-29,0.0,0.0,0.0,0.0,0.0
2008-10-30,0.0,0.0,0.0,0.0,0.0
2008-10-31,0.0,0.0,0.0,0.0,0.0
2008-11-01,5.324,392.3,21.75,160.01,210.54
2008-11-02,0.639,262.83,11.68,108.45,142.7
2008-11-03,1.607,195.46,12.35,79.07,104.04
2008-11-04,0.583,123.33,8.67,49.51,65.15
2008-11-05,0.124,75.47,6.98,29.09,39.4
2008-11-06,0.017,37.31,6.97,0.03,30.3
2008-11-07,0.003,16.89,6.92,0.0,9.97
2008-11-08,0.001,8.64,6.81,0.0,1.83
2008-11-09,0.0,7.22,6.6,0.0,0.62
2008-11-10,0.0,7.12,6.5,0.0,0.62
2008-11-11,0.0,7.12,6.48,0.0,0.65
2008-11-12,0.0,7.12,6.47,0.0,0.65
2008-11-13,0.0,7.13,6.48,0.0,0.65
2008-11-14,0.0,7.16,6.52,0.0,0.63
2008-11-15,0.0,7.11,6.47,0.0,0.63
2008-11-16,0.0,7.12,6.46,0.0,0.66
2008-11-17,0.0,7.13,6.48,0.0,0.65
2008-11-18,0.0,7.13,6.47,0.0,0.65
2008-11-19,0.0,7.13,6.48,0.0,0.65
2008-11-20,0.0,7.12,6.48,0.0,0.65
2008-11-21,0.0,7.14,6.49,0.0,0.65
2008-11-22,0.0,7.12,6.47,0.0,0.65
2008-11-23,0.0,7.13,6.48,0.0,0.65
2008-11-24,0.0,7.14,6.49,0.0,0.65
2008-11-25,0.0,7.15,6.51,0.0,0.63
2008-11-26,0.086,24.6,5.79,7.71,11.1
2008-11-27,0.087,25.51,6.96,7.33,11.22
2008-11-28,0.012,14.93,6.98,0.0,7.95
2008-11-29,0.002,9.45,6.97,0.0,2.48
2008-11-30,0.0,7.51,6.95,0.0,0.56
2008-12-01,0.0,7.1,6.91,0.0,0.19
2008-12-02,0.0,7.06,6.74,0.0,0.32
2008-12-03,0.0,7.11,6.57,0.0,0.54
2008-12-04,0.0,7.13,6.52,0.0,0.62
2008-12-05,0.0,7.26,6.64,0.0,0.62
2008-12-06,0.0,7.19,6.82,0.0,0.38
2008-12-07,0.0,7.0,6.41,0.0,0.6
2008-12-08,0.0,7.26,6.59,0.0,0.66
2008-12-09,0.0,7.19,6.98,0.0,0.21
2008-12-10,0.0,0.0,0.0,0.0,0.0
2008-12-11,0.0,0.0,0.0,0.0,0.0
2008-12-12,0.0,0.0,0.0,0.0,0.0
2008-12-13,0.0,0.0,0.0,0.0,0.0
2008-12-14,0.885,187.02,13.13,74.99,98.9
2008-12-15,1.458,112.94,11.61,43.73,57.6
2008-12-16,0.892,101.69,9.99,39.6,52.11
2008-12-17,0.13,89.45,6.98,35.17,47.3
2008-12-18,0.018,43.77,6.97,0.11,36.69
2008-12-19,0.649,179.05,9.45,73.21,96.39
2008-12-20,0.104,145.64,6.98,57.62,81.04
2008-12-21,0.574,82.0,9.98,30.41,41.61
2008-12-22,0.563,75.8,9.65,28.52,37.63
2008-12-23,0.603,183.59,9.1,75.34,99.14
2008-12-24,0.611,89.3,8.67,34.82,45.81
2008-12-25,3.246,204.29,16.14,81.25,106.91
2008-12-26,0.204,111.98,7.11,45.28,59.58
2008-12-27,0.029,65.99,6.96,12.44,46.59
2008-12-28,0.005,24.8,6.84,0.0,17.96
2008-12-29,0.002,8.76,6.58,0.0,2.18
2008-12-30,0.001,7.23,6.52,0.0,0.71
2008-12-31,0.001,7.13,6.47,0.0,0.66
2009-01-01,0.001,7.2,6.56,0.0,0.64
2009-01-02,0.0,7.13,6.51,0.0,0.62
2009-01-03,0.0,7.23,6.6,0.0,0.63
2009-01-04,0.0,7.15,6.59,0.0,0.56
2009-01-05,0.0,6.99,6.45,0.0,0.55
2009-01-06,0.0,7.0,6.26,0.0,0.74
2009-01-07,0.0,7.25,6.58,0.0,0.67
2009-01-08,0.0,7.15,6.71,0.0,0.44
2009-01-09,0.0,7.14,6.59,0.0,0.55
2009-01-10,0.0,7.14,6.55,0.0,0.59
2009-01-11,0.0,7.14,6.5,0.0,0.64
2009-01-12,0.0,7.2,6.62,0.0,0.58
2009-01-13,0.0,7.11,6.47,0.0,0.64
2009-01-14,0.0,7.13,6.47,0.0,0.66
2009-01-15,0.0,7.23,6.6,0.0,0.63
2009-01-16,0.0,7.13,6.6,0.0,0.53
2009-01-17,0.0,7.19,6.56,0.0,0.63
2009-01-18,0.0,7.22,6.66,0.0,0.56
2009-01-19,0.0,7.15,6.98,0.0,0.17
2009-01-20,0.0,0.0,0.0,0.0,0.0
2009-01-21,0.137,61.2,4.29,24.57,32.33
2009-01-22,3.803,206.34,17.86,81.39,107.1
2009-01-23,1.055,80.81,9.65,30.73,40.43
2009-01-24,0.27,71.98,7.83,27.7,36.45
2009-01-25,0.036,46.97,6.97,11.32,28.68
2009-01-26,0.006,19.75,6.9,0.0,12.84
2009-01-27,0.001,9.33,6.77,0.0,2.56
2009-01-28,0.001,7.17,6.44,0.0,0.73
2009-01-29,0.0,7.29,6.68,0.0,0.61
2009-01-30,0.0,7.15,6.63,0.0,0.52
2009-01-31,0.0,7.12,6.58,0.0,0.54
2009-02-01,0.0,7.13,6.52,0.0,0.61
2009-02-02,0.0,7.13,6.5,0.0,0.63
2009-02-03,0.0,7.13,6.49,0.0,0.64
2009-02-04,0.0,7.13,6.49,0.0,0.64
2009-02-05,0.0,7.12,6.46,0.0,0.66
2009-02-06,0.644,95.57,8.63,37.36,49.57
2009-02-07,0.45,101.22,9.45,39.58,52.19
2009-02-08,0.16,80.38,6.45,30.57,43.36
2009-02-09,0.35,80.55,6.91,31.5,42.14
2009-02-10,0.085,55.13,6.97,19.34,28.82
2009-02-11,0.305,75.01,7.29,28.73,38.99
2009-02-12,0.535,59.86,8.75,22.02,29.09
2009-02-13,2.257,185.61,13.5,74.32,97.79
2009-02-14,0.728,84.28,10.32,31.94,42.02
2009-02-15,4.662,154.39,17.06,59.3,78.03
2009-02-16,5.085,199.88,19.12,78.06,102.71
2009-02-17,4.502,146.72,16.44,56.26,74.02
2009-02-18,0.745,121.47,11.97,47.28,62.21
2009-02-19,0.106,58.23,6.85,21.99,29.39
2009-02-20,0.034,18.06,6.63,0.25,11.18
2009-02-21,0.022,9.17,6.51,0.0,2.66
2009-02-22,2.06,130.99,13.46,50.75,66.79
2009-02-23,1.05,122.65,13.09,47.31,62.25
2009-02-24,1.68,127.04,12.93,49.28,64.84
2009-02-25,0.164,62.86,6.86,24.18,31.82
2009-02-26,0.051,25.86,6.63,6.85,12.38
2009-02-27,0.031,9.77,6.52,0.01,3.25
2009-02-28,0.023,7.87,6.5,0.0,1.37
2009-03-01,0.33,89.56,8.13,35.05,46.38
2009-03-02,2.239,145.03,14.76,56.25,74.03
2009-03-03,3.602,247.09,16.66,99.5,130.93
2009-03-04,1.091,109.37,12.13,41.99,55.25
2009-03-05,2.082,229.74,14.71,92.86,122.18
2009-03-06,0.209,116.18,6.79,47.24,62.15
2009-03-07,0.085,38.7,6.57,13.87,18.26
2009-03-08,0.061,12.88,6.49,2.5,3.89
2009-03-09,0.048,8.14,6.48,0.12,1.54
2009-03-10,0.041,7.67,6.46,0.02,1.19
2009-03-11,0.035,7.62,6.47,0.01,1.14
2009-03-12,0.03,7.6,6.47,0.01,1.12
2009-03-13,0.025,7.56,6.47,0.0,1.09
2009-03-14,0.022,7.5,6.47,0.0,1.03
2009-03-15,0.019,7.41,6.45,0.0,0.96
2009-03-16,0.017,7.36,6.45,0.0,0.91
2009-03-17,0.014,7.36,6.49,0.0,0.87
2009-03-18,0.012,7.3,6.48,0.0,0.82
2009-03-19,0.009,7.27,6.49,0.0,0.78
2009-03-20,0.008,7.23,6.47,0.0,0.76
2009-03-21,0.006,7.27,6.53,0.0,0.74
2009-03-22,1.156,112.26,10.85,43.73,57.69
2009-03-23,0.134,81.27,6.95,31.88,42.44
2009-03-24,0.025,33.07,6.81,0.47,25.79
2009-03-25,0.009,11.9,6.61,0.0,5.28
2009-03-26,0.006,7.51,6.5,0.0,1.01
2009-03-27,0.004,7.21,6.49,0.0,0.72
2009-03-28,0.003,7.21,6.52,0.0,0.69
2009-03-29,0.002,7.26,6.6,0.0,0.66
2009-03-30,0.0,6.99,6.75,0.0,0.24
2009-03-31,0.0,7.25,6.56,0.0,0.69
2009-04-01,0.0,7.18,6.98,0.0,0.2
2009-04-02,0.0,7.02,6.98,0.0,0.04
2009-04-03,0.0,6.99,6.98,0.0,0.01
2009-04-04,0.0,6.98,6.98,0.0,0.0
2009-04-05,0.0,6.98,6.98,0.0,0.0
2009-04-06,0.0,0.0,0.0,0.0,0.0
2009-04-07,0.01,8.62,5.22,0.03,3.37
2009-04-08,0.743,134.18,9.61,53.73,70.84
2009-04-09,0.131,122.08,6.97,49.11,66.0
2009-04-10,0.019,57.01,6.96,0.19,49.86
2009-04-11,0.003,22.06,6.84,0.0,15.22
2009-04-12,0.001,8.69,6.7,0.0,1.99
2009-04-13,0.0,7.37,6.84,0.0,0.52
2009-04-14,0.0,7.12,6.93,0.0,0.2
2009-04-15,0.0,7.04,6.8,0.0,0.24
2009-04-16,0.0,7.17,6.71,0.0,0.46
2009-04-17,0.0,7.12,6.93,0.0,0.19
2009-04-18,0.0,7.03,6.98,0.0,0.05
2009-04-19,0.0,0.0,0.0,0.0,0.0
2009-04-20,0.0,0.0,0.0,0.0,0.0
2009-04-21,0.0,0.0,0.0,0.0,0.0
2009-04-22,0.0,0.0,0.0,0.0,0.0
2009-04-23,0.0,0.0,0.0,0.0,0.0
2009-04-24,0.0,0.0,0.0,0.0,0.0
2009-04-25,0.0,0.0,0.0,0.0,0.0
2009-04-26,0.0,0.0,0.0,0.0,0.0
2009-04-27,0.0,0.0,0.0,0.0,0.0
2009-04-28,0.0,0.0,0.0,0.0,0.0
2009-04-29,0.0,0.0,0.0,0.0,0.0
2009-04-30,0.0,0.0,0.0,0.0,0.0
2009-05-01,0.137,59.29,6.05,22.97,30.27
2009-05-02,0.503,97.01,8.14,38.37,50.5
2009-05-03,0.116,91.78,6.98,35.76,49.05
2009-05-04,0.016,44.33,6.97,0.01,37.35
2009-05-05,0.002,19.9,6.95,0.0,12.95
2009-05-06,0.001,8.88,6.8,0.0,2.08
2009-05-07,0.0,7.4,6.93,0.0,0.47
2009-05-08,0.0,7.1,6.82,0.0,0.28
2009-05-09,0.0,7.13,6.71,0.0,0.42
2009-05-10,0.0,7.22,6.73,0.0,0.49
2009-05-11,0.0,7.11,6.98,0.0,0.13
2009-05-12,0.0,7.01,6.98,0.0,0.03
2009-05-13,0.0,0.0,0.0,0.0,0.0
2009-05-14,0.0,0.0,0.0,0.0,0.0
2009-05-15,0.0,0.0,0.0,0.0,0.0
2009-05-16,0.0,0.0,0.0,0.0,0.0
2009-05-17,0.0,0.0,0.0,0.0,0.0
2009-05-18,0.0,0.0,0.0,0.0,0.0
2009-05-19,0.0,0.0,0.0,0.0,0.0
2009-05-20,0.0,0.0,0.0,0.0,0.0
2009-05-21,0.0,0.0,0.0,0.0,0.0
2009-05-22,0.0,0.0,0.0,0.0,0.0
2009-05-23,0.0,0.0,0.0,0.0,0.0
2009-05-24,0.0,0.0,0.0,0.0,0.0
2009-05-25,0.0,0.0,0.0,0.0,0.0
2009-05-26,0.0,0.0,0.0,0.0,0.0
2009-05-27,0.0,0.0,0.0,0.0,0.0
2009-05-28,0.0,0.0,0.0,0.0,0.0
2009-05-29,0.0,0.0,0.0,0.0,0.0
2009-05-30,0.0,0.0,0.0,0.0,0.0
2009-05-31,0.0,0.0,0.0,0.0,0.0
2009-06-01,0.0,0.0,0.0,0.0,0.0
2009-06-02,0.0,0.0,0.0,0.0,0.0
2009-06-03,0.0,0.0,0.0,0.0,0.0
2009-06-04,0.0,0.0,0.0,0.0,0.0
2009-06-05,0.0,0.0,0.0,0.0,0.0
2009-06-06,0.0,0.0,0.0,0.0,0.0
2009-06-07,0.0,0.0,0.0,0.0,0.0
2009-06-08,0.0,0.0,0.0,0.0,0.0
2009-06-09,0.0,0.0,0.0,0.0,0.0
2009-06-10,0.0,0.0,0.0,0.0,0.0
2009-06-11,0.0,0.0,0.0,0.0,0.0
2009-06-12,0.0,0.0,0.0,0.0,0.0
2009-06-13,0.0,0.0,0.0,0.0,0.0
2009-06-14,0.0,0.0,0.0,0.0,0.0
2009-06-15,0.0,0.0,0.0,0.0,0.0
2009-06-16,0.0,0.0,0.0,0.0,0.0
2009-06-17,0.0,0.0,0.0,0.0,0.0
2009-06-18,0.0,0.0,0.0,0.0,0.0
2009-06-19,0.0,0.0,0.0,0.0,0.0
2009-06-20,0.0,0.0,0.0,0.0,0.0
2009-06-21,0.0,0.0,0.0,0.0,0.0
2009-06-22,0.0,0.0,0.0,0.0,0.0
2009-06-23,0.0,0.0,0.0,0.0,0.0
2009-06-24,0.0,0.0,0.0,0.0,0.0
2009-06-25,0.0,0.0,0.0,0.0,0.0
2009-06-26,0.0,0.0,0.0,0.0,0.0
2009-06-27,0.0,0.0,0.0,0.0,0.0
2009-06-28,0.0,0.0,0.0,0.0,0.0
2009-06-29,0.0,0.0,0.0,0.0,0.0
2009-06-30,0.0,0.0,0.0,0.0,0.0
2009-07-01,0.0,0.0,0.0,0.0,0.0
2009-07-02,0.0,0.0,0.0,0.0,0.0
2009-07-03,0.0,0.0,0.0,0.0,0.0
2009-07-04,0.0,0.0,0.0,0.0,0.0
2009-07-05,0.0,0.0,0.0,0.0,0.0
2009-07-06,0.0,0.0,0.0,0.0,0.0
2009-07-07,0.0,0.0,0.0,0.0,0.0
2009-07-08,0.0,0.0,0.0,0.0,0.0
2009-07-09,0.0,0.0,0.0,0.0,0.0
2009-07-10,0.0,0.0,0.0,0.0,0.0
2009-07-11,0.0,0.0,0.0,0.0,0.0
2009-07-12,0.0,0.0,0.0,0.0,0.0
2009-07-13,0.0,0.0,0.0,0.0,0.0
2009-07-14,0.0,0.0,0.0,0.0,0.0
2009-07-15,0.0,0.0,0.0,0.0,0.0
2009-07-16,0.0,0.0,0.0,0.0,0.0
2009-07-17,0.0,0.0,0.0,0.0,0.0
2009-07-18,0.0,0.0,0.0,0.0,0.0
2009-07-19,0.0,0.0,0.0,0.0,0.0
2009-07-20,0.0,0.0,0.0,0.0,0.0
2009-07-21,0.0,0.0,0.0,0.0,0.0
2009-07-22,0.0,0.0,0.0,0.0,0.0
2009-07-23,0.0,0.0,0.0,0.0,0.0
2009-07-24,0.0,0.0,0.0,0.0,0.0
2009-07-25,0.0,0.0,0.0,0.0,0.0
2009-07-26,0.0,0.0,0.0,0.0,0.0
2009-07-27,0.0,0.0,0.0,0.0,0.0
2009-07-28,0.0,0.0,0.0,0.0,0.0
2009-07-29,0.0,0.0,0.0,0.0,0.0
2009-07-30,0.0,0.0,0.0,0.0,0.0
2009-07-31,0.0,0.0,0.0,0.0,0.0
2009-08-01,0.0,0.0,0.0,0.0,0.0
2009-08-02,0.0,0.0,0.0,0.0,0.0
2009-08-03,0.0,0.0,0.0,0.0,0.0
2009-08-04,0.0,0.0,0.0,0.0,0.0
2009-08-05,0.0,0.0,0.0,0.0,0.0
2009-08-06,0.0,0.0,0.0,0.0,0.0
2009-08-07,0.0,0.0,0.0,0.0,0.0
2009-08-08,0.0,0.0,0.0,0.0,0.0
2009-08-09,0.0,0.0,0.0,0.0,0.0
2009-08-10,0.0,0.0,0.0,0.0,0.0
2009-08-11,0.0,0.0,0.0,0.0,0.0
2009-08-12,0.0,0.0,0.0,0.0,0.0
2009-08-13,0.0,0.0,0.0,0.0,0.0
2009-08-14,0.0,0.0,0.0,0.0,0.0
2009-08-15,0.0,0.0,0.0,0.0,0.0
2009-08-16,0.0,0.0,0.0,0.0,0.0
2009-08-17,0.0,0.0,0.0,0.0,0.0
2009-08-18,0.0,0.0,0.0,0.0,0.0
2009-08-19,0.0,0.0,0.0,0.0,0.0
2009-08-20,0.0,0.0,0.0,0.0,0.0
2009-08-21,0.0,0.0,0.0,0.0,0.0
2009-08-22,0.0,0.0,0.0,0.0,0.0
2009-08-23,0.0,0.0,0.0,0.0,0.0
2009-08-24,0.0,0.0,0.0,0.0,0.0
2009-08-25,0.0,0.0,0.0,0.0,0.0
2009-08-26,0.0,0.0,0.0,0.0,0.0
2009-08-27,0.0,0.0,0.0,0.0,0.0
2009-08-28,0.0,0.0,0.0,0.0,0.0
2009-08-29,0.0,0.0,0.0,0.0,0.0
2009-08-30,0.0,0.0,0.0,0.0,0.0
2009-08-31,0.0,0.0,0.0,0.0,0.0
2009-09-01,0.0,0.0,0.0,0.0,0.0
2009-09-02,0.0,0.0,0.0,0.0,0.0
2009-09-03,0.0,0.0,0.0,0.0,0.0
2009-09-04,0.0,0.0,0.0,0.0,0.0
2009-09-05,0.0,0.0,0.0,0.0,0.0
2009-09-06,0.0,0.0,0.0,0.0,0.0
2009-09-07,0.0,0.0,0.0,0.0,0.0
2009-09-08,0.0,0.0,0.0,0.0,0.0
2009-09-09,0.0,0.0,0.0,0.0,0.0
2009-09-10,0.0,0.0,0.0,0.0,0.0
2009-09-11,0.0,0.0,0.0,0.0,0.0
2009-09-12,0.0,0.0,0.0,0.0,0.0
2009-09-13,0.0,0.0,0.0,0.0,0.0
2009-09-14,1.012,143.83,11.1,57.32,75.42
2009-09-15,0.131,120.35,6.98,48.38,65.0
2009-09-16,0.018,58.05,6.98,0.17,50.9
2009-09-17,0.002,25.73,6.98,0.0,18.76
2009-09-18,0.0,11.16,6.97,0.0,4.19
2009-09-19,0.0,7.8,6.92,0.0,0.87
2009-09-20,0.0,7.15,6.75,0.0,0.4
2009-09-21,0.0,7.13,6.6,0.0,0.53
2009-09-22,0.0,7.16,6.55,0.0,0.61
2009-09-23,0.0,7.14,6.61,0.0,0.53
2009-09-24,0.0,7.08,6.88,0.01,0.19
2009-09-25,0.0,7.1,6.36,0.0,0.74
2009-09-26,0.0,7.18,6.8,0.0,0.37
2009-09-27,0.0,7.14,6.98,0.0,0.16
2009-09-28,0.0,0.0,0.0,0.0,0.0
2009-09-29,0.0,0.0,0.0,0.0,0.0
2009-09-30,0.0,0.0,0.0,0.0,0.0
2009-10-01,0.0,0.0,0.0,0.0,0.0
2009-10-02,0.0,0.0,0.0,0.0,0.0
2009-10-03,0.0,0.0,0.0,0.0,0.0
2009-10-04,0.0,0.0,0.0,0.0,0.0
2009-10-05,0.0,0.0,0.0,0.0,0.0
2009-10-06,0.0,0.0,0.0,0.0,0.0
2009-10-07,0.0,0.0,0.0,0.0,0.0
2009-10-08,0.0,0.0,0.0,0.0,0.0
2009-10-09,0.0,0.0,0.0,0.0,0.0
2009-10-10,0.0,0.0,0.0,0.0,0.0
2009-10-11,0.0,0.0,0.0,0.0,0.0
2009-10-12,0.0,0.0,0.0,0.0,0.0
2009-10-13,15.626,583.04,28.84,239.05,315.16
2009-10-14,1.464,230.83,13.24,93.82,123.77
2009-10-15,0.137,136.87,6.96,55.69,74.21
2009-10-16,0.021,60.36,6.91,0.68,52.77
2009-10-17,0.005,20.81,6.78,0.0,14.03
2009-10-18,0.001,8.75,6.68,0.0,2.08
2009-10-19,1.217,333.03,14.06,137.74,181.24
2009-10-20,0.413,231.81,8.5,96.43,126.88
2009-10-21,0.059,141.15,6.97,49.88,84.31
2009-10-22,0.009,55.75,6.91,0.0,48.84
2009-10-23,0.002,16.23,6.79,0.0,9.44
2009-10-24,0.0,8.25,6.74,0.0,1.51
2009-10-25,0.0,7.23,6.69,0.0,0.54
2009-10-26,0.0,7.14,6.57,0.0,0.57
2009-10-27,0.0,7.19,6.61,0.0,0.58
2009-10-28,0.0,7.12,6.54,0.0,0.59
2009-10-29,0.0,7.14,6.5,0.0,0.64
2009-10-30,0.0,7.14,6.5,0.0,0.64
2009-10-31,0.0,7.15,6.53,0.0,0.63
2009-11-01,0.0,7.16,6.54,0.0,0.62
2009-11-02,0.0,7.21,6.61,0.0,0.6
2009-11-03,0.0,7.21,6.64,0.0,0.57
2009-11-04,0.0,7.17,6.73,0.0,0.44
2009-11-05,0.0,7.12,6.98,0.0,0.14
2009-11-06,0.0,0.0,0.0,0.0,0.0
2009-11-07,0.0,0.0,0.0,0.0,0.0
2009-11-08,0.0,0.0,0.0,0.0,0.0
2009-11-09,0.0,0.0,0.0,0.0,0.0
2009-11-10,0.0,0.0,0.0,0.0,0.0
2009-11-11,0.0,0.0,0.0,0.0,0.0
2009-11-12,0.0,0.0,0.0,0.0,0.0
2009-11-13,0.0,0.0,0.0,0.0,0.0
2009-11-14,0.0,0.0,0.0,0.0,0.0
2009-11-15,0.0,0.0,0.0,0.0,0.0
2009-11-16,0.0,0.0,0.0,0.0,0.0
2009-11-17,0.0,0.0,0.0,0.0,0.0
2009-11-18,0.0,0.0,0.0,0.0,0.0
2009-11-19,0.0,0.0,0.0,0.0,0.0
2009-11-20,0.0,0.0,0.0,0.0,0.0
2009-11-21,0.0,0.0,0.0,0.0,0.0
2009-11-22,0.0,0.0,0.0,0.0,0.0
2009-11-23,0.0,0.0,0.0,0.0,0.0
2009-11-24,0.0,0.0,0.0,0.0,0.0
2009-11-25,0.0,0.0,0.0,0.0,0.0
2009-11-26,0.0,0.0,0.0,0.0,0.0
2009-11-27,0.002,6.95,5.05,0.04,1.86
2009-11-28,0.061,23.67,6.31,5.96,11.41
2009-11-29,0.015,16.96,6.98,0.0,9.99
2009-11-30,0.002,10.37,6.98,0.0,3.39
2009-12-01,0.0,7.74,6.98,0.0,0.76
2009-12-02,0.0,7.14,6.98,0.0,0.16
2009-12-03,0.0,7.01,6.98,0.0,0.03
2009-12-04,0.0,6.99,6.98,0.0,0.01
2009-12-05,0.0,6.98,6.98,0.0,0.0
2009-12-06,0.004,54.49,6.42,20.75,27.31
2009-12-07,2.872,162.12,15.34,63.38,83.4
2009-12-08,0.19,95.64,7.01,38.27,50.36
2009-12-09,0.026,55.98,6.98,8.59,40.42
2009-12-10,0.004,24.6,6.97,0.0,17.63
2009-12-11,0.769,77.32,8.75,29.51,39.06
2009-12-12,1.68,109.58,12.22,42.04,55.32
2009-12-13,2.586,118.35,13.93,45.09,59.33
2009-12-14,0.249,67.41,7.54,25.85,34.02
2009-12-15,0.035,42.59,6.95,9.9,25.74
2009-12-16,0.006,17.65,6.81,0.0,10.84
2009-12-17,0.003,7.98,6.54,0.0,1.44
2009-12-18,0.002,7.17,6.47,0.0,0.7
2009-12-19,0.002,7.16,6.48,0.0,0.68
2009-12-20,0.002,7.14,6.48,0.0,0.67
2009-12-21,0.001,7.28,6.62,0.0,0.66
2009-12-22,0.0,7.17,6.85,0.0,0.31
2009-12-23,0.0,6.99,6.54,0.0,0.44
2009-12-24,0.0,7.2,6.53,0.0,0.68
2009-12-25,0.0,7.01,6.45,0.0,0.56
2009-12-26,0.343,21.78,2.8,8.04,10.94
2009-12-27,1.526,270.91,14.62,110.63,145.66
2009-12-28,0.381,103.15,7.81,41.16,54.18
2009-12-29,0.091,52.39,6.96,18.63,26.81
2009-12-30,0.094,34.81,6.36,11.01,17.43
2009-12-31,0.022,23.22,6.97,0.94,15.31
2010-01-01,0.004,12.43,6.87,0.0,5.56
2010-01-02,0.001,7.54,6.55,0.0,0.99
2010-01-03,0.001,7.2,6.54,0.0,0.66
2010-01-04,0.001,7.16,6.52,0.0,0.64
2010-01-05,0.0,7.22,6.6,0.0,0.63
2010-01-06,0.0,7.16,6.59,0.0,0.57
2010-01-07,0.0,7.14,6.72,0.0,0.42
2010-01-08,0.0,7.11,6.58,0.0,0.53
2010-01-09,0.0,7.14,6.53,0.0,0.61
2010-01-10,0.0,7.13,6.5,0.0,0.63
2010-01-11,0.0,7.16,6.53,0.0,0.63
2010-01-12,0.232,58.24,5.2,22.91,30.14
2010-01-13,0.701,103.06,8.98,40.62,53.45
2010-01-14,0.128,77.82,6.97,30.2,40.65
2010-01-15,0.018,38.05,6.97,0.08,31.0
2010-01-16,0.003,17.94,6.95,0.0,10.99
2010-01-17,0.0,9.27,6.93,0.0,2.34
2010-01-18,2.458,337.01,16.53,138.39,182.09
2010-01-19,5.475,292.05,19.62,117.64,154.79
2010-01-20,7.98,1149.48,26.04,484.53,638.91
2010-01-21,2.619,245.37,15.69,99.15,130.54
2010-01-22,2.469,148.73,14.44,57.99,76.3
2010-01-23,1.425,112.18,11.76,43.36,57.06
2010-01-24,0.204,65.66,6.85,25.39,33.41
2010-01-25,0.547,57.35,7.88,21.36,28.11
2010-01-26,1.611,153.5,12.64,60.83,80.03
2010-01-27,0.237,102.6,7.05,41.26,54.29
2010-01-28,0.069,42.95,6.65,14.71,21.59
2010-01-29,0.28,85.85,7.84,33.36,44.65
2010-01-30,0.397,73.33,7.42,28.44,37.48
2010-01-31,0.13,40.11,6.83,14.36,18.92
2010-02-01,0.047,16.28,6.59,2.94,6.74
2010-02-02,0.034,8.5,6.47,0.01,2.02
2010-02-03,0.028,7.73,6.48,0.0,1.24
2010-02-04,0.236,115.68,6.79,46.98,61.92
2010-02-05,0.519,162.3,10.27,65.64,86.38
2010-02-06,1.642,171.98,13.13,68.59,90.26
2010-02-07,0.168,99.81,6.87,40.13,52.81
2010-02-08,0.048,39.74,6.66,11.42,21.66
2010-02-09,0.128,33.07,6.32,11.09,15.66
2010-02-10,0.05,21.1,6.71,4.91,9.48
2010-02-11,0.027,9.37,6.51,0.0,2.85
2010-02-12,0.02,7.72,6.49,0.0,1.23
2010-02-13,0.018,7.41,6.45,0.0,0.95
2010-02-14,0.016,7.36,6.46,0.0,0.89
2010-02-15,0.014,7.32,6.46,0.0,0.85
2010-02-16,0.012,7.29,6.47,0.0,0.82
2010-02-17,0.01,7.26,6.46,0.0,0.79
2010-02-18,0.009,7.24,6.47,0.0,0.77
2010-02-19,0.007,7.23,6.48,0.0,0.75
2010-02-20,0.006,7.23,6.5,0.0,0.73
2010-02-21,0.149,51.27,6.2,19.18,25.89
2010-02-22,0.629,81.09,8.9,31.08,41.1
2010-02-23,1.785,111.79,13.37,42.5,55.93
2010-02-24,1.4,110.28,13.02,42.0,55.26
2010-02-25,0.15,66.9,6.89,25.91,34.1
2010-02-26,1.611,303.57,15.28,124.38,163.91
2010-02-27,1.406,184.76,12.25,74.49,98.03
2010-02-28,0.166,95.41,6.85,38.24,50.33
2010-03-01,0.054,36.23,6.63,10.96,18.63
2010-03-02,0.542,86.42,8.52,33.52,44.37
2010-03-03,3.003,274.23,16.12,111.46,146.66
2010-03-04,0.584,85.29,8.64,33.1,43.55
2010-03-05,0.145,39.23,6.75,14.03,18.46
2010-03-06,0.068,15.72,6.55,3.8,5.37
2010-03-07,0.049,8.67,6.49,0.38,1.8
2010-03-08,0.041,7.72,6.47,0.02,1.23
2010-03-09,0.033,7.65,6.5,0.01,1.14
2010-03-10,0.027,7.55,6.45,0.0,1.1
2010-03-11,0.025,7.52,6.45,0.0,1.08
2010-03-12,1.669,244.71,15.35,99.04,130.33
2010-03-13,0.476,168.26,9.02,68.76,90.48
2010-03-14,0.098,75.93,6.77,29.82,39.34
2010-03-15,0.041,19.85,6.57,1.73,11.55
2010-03-16,0.03,9.22,6.47,0.01,2.74
2010-03-17,0.025,7.78,6.48,0.0,1.3
2010-03-18,0.02,7.53,6.5,0.0,1.03
2010-03-19,0.015,7.37,6.48,0.0,0.89
2010-03-20,0.013,7.33,6.47,0.0,0.85
2010-03-21,0.011,7.28,6.46,0.0,0.81
2010-03-22,0.009,7.27,6.48,0.0,0.79
2010-03-23,0.008,7.24,6.49,0.0,0.75
2010-03-24,0.006,7.22,6.49,0.0,0.73
2010-03-25,0.005,7.2,6.5,0.0,0.7
2010-03-26,0.004,7.14,6.43,0.0,0.71
2010-03-27,0.004,7.18,6.48,0.0,0.7
2010-03-28,0.003,7.26,6.58,0.0,0.68
2010-03-29,0.002,7.18,6.55,0.0,0.63
2010-03-30,0.0,7.15,6.94,0.0,0.2
2010-03-31,0.173,88.1,7.42,34.84,45.84
2010-04-01,0.332,81.22,7.16,31.98,42.08
2010-04-02,0.067,50.47,6.95,16.7,26.82
2010-04-03,0.011,22.2,6.86,0.0,15.33
2010-04-04,0.891,132.18,12.11,51.8,68.26
2010-04-05,2.279,107.25,14.05,40.24,52.96
2010-04-06,0.232,70.03,7.27,27.1,35.66
2010-04-07,0.045,38.47,6.8,10.68,20.99
2010-04-08,0.017,12.73,6.6,0.0,6.12
2010-04-09,0.011,7.77,6.49,0.0,1.28
2010-04-10,0.009,7.3,6.5,0.0,0.81
2010-04-11,2.329,197.86,15.97,78.54,103.35
2010-04-12,2.856,101.59,14.84,37.46,49.29
2010-04-13,0.286,54.67,7.57,20.34,26.76
2010-04-14,0.075,26.17,6.67,8.03,11.47
2010-04-15,0.04,9.95,6.55,0.05,3.35
2010-04-16,0.028,7.97,6.5,0.01,1.46
2010-04-17,0.023,7.57,6.47,0.0,1.1
2010-04-18,0.019,7.48,6.49,0.0,0.99
2010-04-19,0.016,7.38,6.48,0.0,0.9
2010-04-20,2.308,330.34,15.48,135.96,178.9
2010-04-21,0.478,130.12,7.78,52.83,69.51
2010-04-22,0.145,88.52,6.87,35.25,46.39
2010-04-23,0.041,34.43,6.67,8.46,19.3
2010-04-24,0.023,11.14,6.53,0.0,4.61
2010-04-25,0.017,7.83,6.5,0.0,1.33
2010-04-26,0.013,7.41,6.52,0.0,0.89
2010-04-27,0.01,7.22,6.43,0.0,0.79
2010-04-28,0.009,7.28,6.49,0.0,0.79
2010-04-29,0.008,7.21,6.46,0.0,0.76
2010-04-30,0.007,7.2,6.46,0.0,0.75
2010-05-01,0.005,7.2,6.48,0.0,0.72
2010-05-02,0.004,7.22,6.52,0.0,0.7
2010-05-03,0.003,7.24,6.57,0.0,0.67
2010-05-04,0.002,7.22,6.6,0.0,0.62
2010-05-05,0.0,7.17,6.98,0.0,0.19
2010-05-06,0.0,7.02,6.98,0.0,0.04
2010-05-07,0.0,6.99,6.98,0.0,0.01
2010-05-08,0.0,6.98,6.98,0.0,0.0
2010-05-09,0.0,6.98,6.98,0.0,0.0
2010-05-10,0.0,0.0,0.0,0.0,0.0
2010-05-11,0.0,0.0,0.0,0.0,0.0
2010-05-12,0.0,0.0,0.0,0.0,0.0
2010-05-13,0.0,0.0,0.0,0.0,0.0
2010-05-14,0.0,0.0,0.0,0.0,0.0
2010-05-15,0.0,0.0,0.0,0.0,0.0
2010-05-16,0.0,0.0,0.0,0.0,0.0
2010-05-17,0.0,0.0,0.0,0.0,0.0
2010-05-18,0.0,0.0,0.0,0.0,0.0
2010-05-19,0.0,0.0,0.0,0.0,0.0
2010-05-20,0.0,0.0,0.0,0.0,0.0
2010-05-21,0.0,0.0,0.0,0.0,0.0
2010-05-22,0.0,0.0,0.0,0.0,0.0
2010-05-23,0.0,0.0,0.0,0.0,0.0
2010-05-24,0.0,0.0,0.0,0.0,0.0
2010-05-25,0.0,0.0,0.0,0.0,0.0
2010-05-26,0.0,0.0,0.0,0.0,0.0
2010-05-27,0.43,120.99,8.74,48.47,63.78
2010-05-28,0.123,108.59,6.98,43.1,58.51
2010-05-29,0.017,52.18,6.97,0.04,45.17
2010-05-30,0.002,23.17,6.98,0.0,16.2
2010-05-31,0.0,10.62,6.98,0.0,3.64
2010-06-01,0.0,7.73,6.96,0.0,0.77
2010-06-02,0.0,7.14,6.94,0.0,0.2
2010-06-03,0.0,7.03,6.94,0.0,0.09
2010-06-04,0.0,7.01,6.98,0.0,0.03
2010-06-05,0.0,6.99,6.98,0.0,0.01
2010-06-06,0.0,0.0,0.0,0.0,0.0
2010-06-07,0.0,0.0,0.0,0.0,0.0
2010-06-08,0.0,0.0,0.0,0.0,0.0
2010-06-09,0.0,0.0,0.0,0.0,0.0
2010-06-10,0.0,0.0,0.0,0.0,0.0
2010-06-11,0.0,0.0,0.0,0.0,0.0
2010-06-12,0.0,0.0,0.0,0.0,0.0
2010-06-13,0.0,0.0,0.0,0.0,0.0
2010-06-14,0.0,0.0,0.0,0.0,0.0
2010-06-15,0.0,0.0,0.0,0.0,0.0
2010-06-16,0.0,0.0,0.0,0.0,0.0
2010-06-17,0.0,0.0,0.0,0.0,0.0
2010-06-18,0.0,0.0,0.0,0.0,0.0
2010-06-19,0.0,0.0,0.0,0.0,0.0
2010-06-20,0.0,0.0,0.0,0.0,0.0
2010-06-21,0.0,0.0,0.0,0.0,0.0
2010-06-22,0.0,0.0,0.0,0.0,0.0
2010-06-23,0.0,0.0,0.0,0.0,0.0
2010-06-24,0.0,0.0,0.0,0.0,0.0
2010-06-25,0.0,0.0,0.0,0.0,0.0
2010-06-26,0.0,0.0,0.0,0.0,0.0
2010-06-27,0.0,0.0,0.0,0.0,0.0
2010-06-28,0.0,0.0,0.0,0.0,0.0
2010-06-29,0.0,0.0,0.0,0.0,0.0
2010-06-30,0.0,0.0,0.0,0.0,0.0
2010-07-01,0.0,0.0,0.0,0.0,0.0
2010-07-02,0.0,0.0,0.0,0.0,0.0
2010-07-03,0.0,0.0,0.0,0.0,0.0
2010-07-04,0.0,0.0,0.0,0.0,0.0
2010-07-05,0.0,0.0,0.0,0.0,0.0
2010-07-06,0.0,0.0,0.0,0.0,0.0
2010-07-07,0.0,0.0,0.0,0.0,0.0
2010-07-08,0.0,0.0,0.0,0.0,0.0
2010-07-09,0.0,0.0,0.0,0.0,0.0
2010-07-10,0.0,0.0,0.0,0.0,0.0
2010-07-11,0.0,0.0,0.0,0.0,0.0
2010-07-12,0.0,0.0,0.0,0.0,0.0
2010-07-13,0.0,0.0,0.0,0.0,0.0
2010-07-14,0.0,0.0,0.0,0.0,0.0
2010-07-15,0.0,0.0,0.0,0.0,0.0
2010-07-16,0.0,0.0,0.0,0.0,0.0
2010-07-17,0.0,0.0,0.0,0.0,0.0
2010-07-18,0.0,0.0,0.0,0.0,0.0
2010-07-19,0.0,0.0,0.0,0.0,0.0
2010-07-20,0.0,0.0,0.0,0.0,0.0
2010-07-21,0.0,0.0,0.0,0.0,0.0
2010-07-22,0.0,0.0,0.0,0.0,0.0
2010-07-23,0.0,0.0,0.0,0.0,0.0
2010-07-24,0.0,0.0,0.0,0.0,0.0
2010-07-25,0.0,0.0,0.0,0.0,0.0
2010-07-26,0.0,0.0,0.0,0.0,0.0
2010-07-27,0.0,0.0,0.0,0.0,0.0
2010-07-28,0.0,0.0,0.0,0.0,0.0
2010-07-29,0.0,0.0,0.0,0.0,0.0
2010-07-30,0.0,0.0,0.0,0.0,0.0
2010-07-31,0.0,0.0,0.0,0.0,0.0
2010-08-01,0.0,0.0,0.0,0.0,0.0
2010-08-02,0.0,0.0,0.0,0.0,0.0
2010-08-03,0.0,0.0,0.0,0.0,0.0
2010-08-04,0.0,0.0,0.0,0.0,0.0
2010-08-05,0.0,0.0,0.0,0.0,0.0
2010-08-06,0.0,0.0,0.0,0.0,0.0
2010-08-07,0.0,0.0,0.0,0.0,0.0
2010-08-08,0.0,0.0,0.0,0.0,0.0
2010-08-09,0.0,0.0,0.0,0.0,0.0
2010-08-10,0.0,0.0,0.0,0.0,0.0
2010-08-11,0.0,0.0,0.0,0.0,0.0
2010-08-12,0.0,0.0,0.0,0.0,0.0
2010-08-13,0.0,0.0,0.0,0.0,0.0
2010-08-14,0.0,0.0,0.0,0.0,0.0
2010-08-15,0.0,0.0,0.0,0.0,0.0
2010-08-16,0.0,0.0,0.0,0.0,0.0
2010-08-17,0.0,0.0,0.0,0.0,0.0
2010-08-18,0.0,0.0,0.0,0.0,0.0
2010-08-19,0.0,0.0,0.0,0.0,0.0
2010-08-20,0.0,0.0,0.0,0.0,0.0
2010-08-21,0.0,0.0,0.0,0.0,0.0
2010-08-22,0.0,0.0,0.0,0.0,0.0
2010-08-23,0.0,0.0,0.0,0.0,0.0
2010-08-24,0.0,0.0,0.0,0.0,0.0
2010-08-25,0.0,0.0,0.0,0.0,0.0
2010-08-26,0.0,0.0,0.0,0.0,0.0
2010-08-27,0.0,0.0,0.0,0.0,0.0
2010-08-28,0.0,0.0,0.0,0.0,0.0
2010-08-29,0.0,0.0,0.0,0.0,0.0
2010-08-30,0.0,0.0,0.0,0.0,0.0
2010-08-31,0.0,0.0,0.0,0.0,0.0
2010-09-01,0.0,0.0,0.0,0.0,0.0
2010-09-02,0.0,0.0,0.0,0.0,0.0
2010-09-03,0.0,0.0,0.0,0.0,0.0
2010-09-04,0.0,0.0,0.0,0.0,0.0
2010-09-05,0.0,0.0,0.0,0.0,0.0
2010-09-06,0.0,0.0,0.0,0.0,0.0
2010-09-07,0.0,0.0,0.0,0.0,0.0
2010-09-08,0.0,0.0,0.0,0.0,0.0
2010-09-09,0.0,0.0,0.0,0.0,0.0
2010-09-10,0.0,0.0,0.0,0.0,0.0
2010-09-11,0.0,0.0,0.0,0.0,0.0
2010-09-12,0.0,0.0,0.0,0.0,0.0
2010-09-13,0.0,0.0,0.0,0.0,0.0
2010-09-14,0.0,0.0,0.0,0.0,0.0
2010-09-15,0.0,0.0,0.0,0.0,0.0
2010-09-16,0.0,0.0,0.0,0.0,0.0
2010-09-17,0.0,0.0,0.0,0.0,0.0
2010-09-18,0.0,0.0,0.0,0.0,0.0
2010-09-19,0.0,0.0,0.0,0.0,0.0
2010-09-20,0.0,0.0,0.0,0.0,0.0
2010-09-21,0.0,0.0,0.0,0.0,0.0
2010-09-22,0.0,0.0,0.0,0.0,0.0
2010-09-23,0.0,0.0,0.0,0.0,0.0
2010-09-24,0.0,0.0,0.0,0.0,0.0
2010-09-25,0.0,0.0,0.0,0.0,0.0
2010-09-26,0.0,0.0,0.0,0.0,0.0
2010-09-27,0.0,0.0,0.0,0.0,0.0
2010-09-28,0.0,0.0,0.0,0.0,0.0
2010-09-29,0.0,0.0,0.0,0.0,0.0
2010-09-30,0.0,0.0,0.0,0.0,0.0
2010-10-01,0.0,0.0,0.0,0.0,0.0
2010-10-02,0.0,0.0,0.0,0.0,0.0
2010-10-03,0.0,0.0,0.0,0.0,0.0
2010-10-04,0.0,0.0,0.0,0.0,0.0
2010-10-05,0.0,0.0,0.0,0.0,0.0
2010-10-06,0.0,0.0,0.0,0.0,0.0
2010-10-07,0.0,0.0,0.0,0.0,0.0
2010-10-08,0.0,0.0,0.0,0.0,0.0
2010-10-09,0.0,0.0,0.0,0.0,0.0
2010-10-10,0.0,0.0,0.0,0.0,0.0
2010-10-11,0.0,0.0,0.0,0.0,0.0
2010-10-12,0.0,0.0,0.0,0.0,0.0
2010-10-13,0.0,0.0,0.0,0.0,0.0
2010-10-14,0.0,0.0,0.0,0.0,0.0
2010-10-15,0.0,0.0,0.0,0.0,0.0
2010-10-16,0.0,0.0,0.0,0.0,0.0
2010-10-17,0.0,0.0,0.0,0.0,0.0
2010-10-18,0.0,0.0,0.0,0.0,0.0
2010-10-19,0.0,0.0,0.0,0.0,0.0
2010-10-20,0.0,0.0,0.0,0.0,0.0
2010-10-21,0.0,0.0,0.0,0.0,0.0
2010-10-22,0.0,0.0,0.0,0.0,0.0
2010-10-23,0.0,0.0,0.0,0.0,0.0
2010-10-24,0.786,165.41,11.55,66.44,87.42
2010-10-25,0.239,140.27,7.49,57.34,75.44
2010-10-26,0.032,87.82,6.98,20.35,60.49
2010-10-27,0.004,36.48,6.98,0.0,29.5
2010-10-28,0.001,14.03,6.97,0.0,7.06
2010-10-29,0.0,8.37,6.93,0.0,1.45
2010-10-30,0.0,7.2,6.73,0.0,0.47
2010-10-31,0.0,7.1,6.53,0.0,0.57
2010-11-01,0.0,7.12,6.47,0.0,0.64
2010-11-02,0.0,7.12,6.47,0.0,0.65
2010-11-03,0.0,7.11,6.46,0.0,0.66
2010-11-04,0.0,7.12,6.46,0.0,0.66
2010-11-05,0.0,7.15,6.51,0.0,0.65
2010-11-06,0.0,7.12,6.48,0.0,0.64
2010-11-07,1.5,331.0,14.42,136.7,179.87
2010-11-08,0.232,256.04,7.42,107.36,141.26
2010-11-09,0.031,157.04,6.98,36.69,113.37
2010-11-10,0.004,61.4,6.97,0.0,54.42
2010-11-11,0.001,19.55,6.95,0.0,12.6
2010-11-12,0.0,9.09,6.84,0.0,2.25
2010-11-13,0.0,7.27,6.64,0.0,0.63
2010-11-14,0.0,7.12,6.51,0.0,0.61
2010-11-15,0.0,7.11,6.46,0.0,0.65
2010-11-16,0.0,7.11,6.45,0.0,0.67
2010-11-17,0.0,7.11,6.45,0.0,0.66
2010-11-18,0.0,7.12,6.46,0.0,0.66
2010-11-19,0.462,92.99,6.81,37.21,48.97
2010-11-20,3.612,226.75,16.83,90.65,119.27
2010-11-21,1.682,191.51,14.74,76.33,100.44
2010-11-22,0.262,79.72,6.59,31.58,41.55
2010-11-23,0.867,96.06,9.84,37.23,48.99
2010-11-24,0.138,80.9,6.98,31.69,42.23
2010-11-25,0.019,40.31,6.97,0.3,33.03
2010-11-26,0.003,18.87,6.94,0.0,11.93
2010-11-27,0.293,92.08,7.47,36.54,48.08
2010-11-28,0.118,88.24,6.98,34.33,46.93
2010-11-29,0.016,43.0,6.97,0.01,36.02
2010-11-30,0.002,19.23,6.95,0.0,12.28
2010-12-01,0.0,9.24,6.86,0.0,2.38
2010-12-02,0.0,7.29,6.65,0.0,0.64
2010-12-03,0.0,7.12,6.51,0.0,0.61
2010-12-04,0.0,7.11,6.47,0.0,0.65
2010-12-05,0.959,244.96,13.24,100.06,131.66
2010-12-06,0.643,151.71,9.8,61.28,80.63
2010-12-07,0.073,93.86,6.97,33.95,52.93
2010-12-08,2.027,153.24,15.07,59.57,78.6
2010-12-09,0.646,125.82,11.19,49.49,65.14
2010-12-10,0.073,74.32,6.96,26.35,41.01
2010-12-11,0.011,33.48,6.93,0.0,26.55
2010-12-12,0.002,12.35,6.76,0.0,5.59
2010-12-13,0.001,7.51,6.59,0.0,0.92
2010-12-14,0.422,127.95,9.78,51.02,67.15
2010-12-15,0.317,125.99,8.36,50.79,66.84
2010-12-16,0.041,82.12,6.97,23.41,51.74
2010-12-17,1.344,96.57,11.65,36.6,48.32
2010-12-18,1.676,116.39,13.39,44.48,58.53
2010-12-19,7.471,404.11,22.64,164.73,216.75
2010-12-20,0.33,167.52,8.44,68.69,90.38
2010-12-21,0.047,101.71,6.91,32.32,62.48
2010-12-22,0.507,76.96,7.99,29.5,39.46
2010-12-23,0.073,54.77,6.92,18.65,29.2
2010-12-24,0.016,21.33,6.76,0.0,14.57
2010-12-25,1.38,176.99,14.0,70.38,92.62
2010-12-26,0.544,154.65,10.7,62.16,81.79
2010-12-27,0.064,93.54,6.91,33.05,53.58
2010-12-28,2.718,245.85,16.19,99.11,130.55
2010-12-29,2.962,297.09,23.61,118.09,155.39
2010-12-30,0.137,118.03,6.91,47.98,63.14
2010-12-31,0.033,40.91,6.71,3.96,30.24
2011-01-01,0.018,12.4,6.5,0.0,5.89
2011-01-02,0.714,89.33,9.29,34.55,45.48
2011-01-03,0.128,64.83,6.91,24.98,32.95
2011-01-04,0.03,24.07,6.72,0.97,16.37
2011-01-05,0.016,9.92,6.52,0.0,3.4
2011-01-06,0.013,7.47,6.46,0.0,1.01
2011-01-07,0.012,7.27,6.44,0.0,0.82
2011-01-08,0.011,7.25,6.45,0.0,0.8
2011-01-09,0.01,7.25,6.47,0.0,0.78
2011-01-10,0.008,7.26,6.51,0.0,0.75
2011-01-11,0.006,7.17,6.45,0.0,0.72
2011-01-12,0.006,7.15,6.41,0.0,0.73
2011-01-13,0.006,7.17,6.42,0.0,0.75
2011-01-14,0.006,7.18,6.44,0.0,0.74
2011-01-15,0.005,7.19,6.47,0.0,0.72
2011-01-16,0.005,7.19,6.49,0.0,0.71
2011-01-17,0.004,7.14,6.44,0.0,0.71
2011-01-18,0.004,7.17,6.45,0.0,0.72
2011-01-19,0.003,7.2,6.53,0.0,0.67
2011-01-20,0.002,7.15,6.51,0.0,0.64
2011-01-21,0.002,7.13,6.44,0.0,0.69
2011-01-22,0.001,7.22,6.55,0.0,0.67
2011-01-23,0.001,7.12,6.53,0.0,0.59
2011-01-24,0.001,7.15,6.48,0.0,0.68
2011-01-25,0.0,7.17,6.53,0.0,0.64
2011-01-26,0.0,7.24,6.66,0.0,0.59
2011-01-27,0.0,7.15,6.98,0.0,0.17
2011-01-28,0.0,7.02,6.98,0.0,0.04
2011-01-29,0.0,6.99,6.98,0.0,0.01
2011-01-30,1.038,75.42,10.54,27.98,36.9
2011-01-31,0.186,55.09,6.97,20.77,27.36
2011-02-01,0.027,32.76,6.96,4.5,21.3
2011-02-02,0.004,16.33,6.96,0.0,9.37
2011-02-03,0.001,8.23,6.66,0.0,1.57
2011-02-04,0.001,7.24,6.58,0.0,0.66
2011-02-05,0.0,7.23,6.67,0.0,0.56
2011-02-06,0.0,7.14,6.89,0.0,0.25
2011-02-07,0.0,7.1,6.67,0.0,0.43
2011-02-08,0.0,7.26,6.8,0.0,0.46
2011-02-09,0.0,7.07,6.53,0.0,0.55
2011-02-10,0.0,7.15,6.51,0.0,0.64
2011-02-11,0.0,7.22,6.6,0.0,0.61
2011-02-12,0.0,7.22,6.73,0.0,0.5
2011-02-13,0.0,7.13,6.98,0.0,0.15
2011-02-14,0.0,0.0,0.0,0.0,0.0
2011-02-15,0.028,117.29,8.03,47.18,62.08
2011-02-16,2.369,201.62,14.35,80.86,106.4
2011-02-17,4.318,247.98,18.13,99.25,130.6
2011-02-18,3.184,154.61,15.33,60.14,79.13
2011-02-19,3.291,127.02,16.3,47.81,62.91
2011-02-20,0.383,84.94,8.78,32.89,43.27
2011-02-21,0.072,43.41,6.75,14.75,21.9
2011-02-22,0.031,13.11,6.57,0.01,6.53
2011-02-23,0.023,8.31,6.49,0.0,1.82
2011-02-24,0.107,33.73,3.66,12.86,17.21
2011-02-25,2.802,170.51,15.25,67.03,88.22
2011-02-26,0.203,125.03,6.93,51.0,67.11
2011-02-27,0.05,55.89,6.7,17.61,31.59
2011-02-28,0.027,14.02,6.53,0.0,7.49
2011-03-01,0.021,8.26,6.47,0.0,1.78
2011-03-02,0.019,7.43,6.42,0.0,1.01
2011-03-03,0.018,7.4,6.46,0.0,0.94
2011-03-04,0.015,7.36,6.48,0.0,0.88
2011-03-05,0.013,7.31,6.47,0.0,0.84
2011-03-06,0.78,94.53,9.82,36.58,48.13
2011-03-07,0.168,66.45,6.91,25.71,33.83
2011-03-08,0.035,31.38,6.78,5.48,19.12
2011-03-09,0.015,11.12,6.56,0.0,4.56
2011-03-10,0.01,7.58,6.5,0.0,1.08
2011-03-11,0.008,7.27,6.49,0.0,0.78
2011-03-12,0.007,7.22,6.47,0.0,0.74
2011-03-13,0.006,7.2,6.47,0.0,0.73
2011-03-14,0.005,7.16,6.43,0.0,0.73
2011-03-15,0.005,6.63,5.97,0.0,0.66
2011-03-16,0.321,45.67,6.74,16.76,22.17
2011-03-17,0.055,35.46,6.93,10.33,18.19
2011-03-18,1.817,174.79,14.3,69.27,91.21
2011-03-19,3.641,146.01,14.6,56.74,74.66
2011-03-20,2.793,163.38,17.83,62.85,82.7
2011-03-21,0.277,48.05,6.77,17.83,23.45
2011-03-22,0.09,25.13,6.72,7.95,10.46
2011-03-23,1.846,156.31,13.69,61.57,81.05
2011-03-24,6.594,283.9,21.34,113.38,149.18
2011-03-25,0.865,109.35,10.59,42.65,56.12
2011-03-26,2.039,112.74,13.38,42.91,56.45
2011-03-27,0.297,46.14,6.84,16.97,22.33
2011-03-28,0.155,16.54,6.53,4.32,5.69
2011-03-29,0.118,9.68,6.48,1.38,1.82
2011-03-30,0.096,8.65,6.48,0.94,1.23
2011-03-31,0.078,8.5,6.48,0.87,1.15
2011-04-01,0.065,8.32,6.48,0.7,1.14
2011-04-02,0.053,7.99,6.48,0.38,1.14
2011-04-03,0.043,7.68,6.49,0.05,1.14
2011-04-04,0.035,7.62,6.48,0.01,1.13
2011-04-05,0.029,7.6,6.48,0.01,1.11
2011-04-06,0.023,7.56,6.5,0.0,1.06
2011-04-07,0.018,7.42,6.47,0.0,0.95
2011-04-08,0.016,7.36,6.45,0.0,0.9
2011-04-09,0.013,7.35,6.5,0.0,0.86
2011-04-10,0.011,7.29,6.48,0.0,0.81
2011-04-11,0.009,7.25,6.47,0.0,0.77
2011-04-12,0.007,7.25,6.5,0.0,0.75
2011-04-13,0.005,7.18,6.47,0.0,0.71
2011-04-14,0.004,7.2,6.49,0.0,0.72
2011-04-15,0.003,7.14,6.47,0.0,0.68
2011-04-16,0.003,7.18,6.47,0.0,0.71
2011-04-17,0.002,7.25,6.59,0.0,0.67
2011-04-18,0.001,7.16,6.62,0.0,0.54
2011-04-19,0.001,7.19,6.55,0.0,0.64
2011-04-20,0.0,7.17,6.98,0.0,0.19
2011-04-21,0.0,7.02,6.98,0.0,0.04
2011-04-22,0.0,6.99,6.98,0.0,0.01
2011-04-23,0.0,6.98,6.98,0.0,0.0
2011-04-24,0.0,6.98,6.98,0.0,0.0
2011-04-25,0.0,0.0,0.0,0.0,0.0
2011-04-26,0.0,0.0,0.0,0.0,0.0
2011-04-27,0.0,0.0,0.0,0.0,0.0
2011-04-28,0.0,0.0,0.0,0.0,0.0
2011-04-29,0.0,0.0,0.0,0.0,0.0
2011-04-30,0.0,0.0,0.0,0.0,0.0
2011-05-01,0.0,0.0,0.0,0.0,0.0
2011-05-02,0.0,0.0,0.0,0.0,0.0
2011-05-03,0.0,0.0,0.0,0.0,0.0
2011-05-04,0.0,0.0,0.0,0.0,0.0
2011-05-05,0.0,0.0,0.0,0.0,0.0
2011-05-06,0.0,0.0,0.0,0.0,0.0
2011-05-07,0.0,0.0,0.0,0.0,0.0
2011-05-08,0.0,0.0,0.0,0.0,0.0
2011-05-09,0.0,0.0,0.0,0.0,0.0
2011-05-10,0.0,0.0,0.0,0.0,0.0
2011-05-11,0.0,0.0,0.0,0.0,0.0
2011-05-12,0.0,0.0,0.0,0.0,0.0
2011-05-13,0.0,0.0,0.0,0.0,0.0
2011-05-14,0.015,96.62,6.42,38.95,51.25
2011-05-15,0.452,63.6,7.33,24.3,31.97
2011-05-16,0.079,47.9,6.98,16.29,24.63
2011-05-17,0.155,31.07,5.76,10.31,15.0
2011-05-18,0.248,55.54,7.05,20.89,27.6
2011-05-19,0.037,36.82,6.97,8.64,21.2
2011-05-20,0.005,17.89,6.97,0.0,10.92
2011-05-21,0.001,9.65,6.97,0.0,2.68
2011-05-22,0.0,7.53,6.95,0.0,0.58
2011-05-23,0.0,7.12,6.85,0.0,0.26
2011-05-24,0.0,7.12,6.71,0.0,0.42
2011-05-25,0.0,7.12,6.65,0.0,0.46
2011-05-26,0.0,7.23,6.62,0.0,0.6
2011-05-27,0.0,7.12,6.79,0.0,0.34
2011-05-28,0.0,7.09,6.98,0.0,0.11
2011-05-29,0.0,0.0,0.0,0.0,0.0
2011-05-30,0.0,0.0,0.0,0.0,0.0
2011-05-31,0.0,0.0,0.0,0.0,0.0
2011-06-01,0.0,0.0,0.0,0.0,0.0
2011-06-02,0.0,0.0,0.0,0.0,0.0
2011-06-03,0.0,0.0,0.0,0.0,0.0
2011-06-04,4.474,207.72,18.06,81.9,107.76
2011-06-05,0.285,135.91,7.98,55.24,72.69
2011-06-06,0.039,85.71,6.94,23.86,54.91
2011-06-07,0.008,28.43,6.81,0.0,21.61
2011-06-08,0.002,9.77,6.67,0.0,3.09
2011-06-09,0.001,7.39,6.64,0.0,0.75
2011-06-10,0.0,7.15,6.65,0.0,0.5
2011-06-11,0.0,7.12,6.7,0.0,0.42
2011-06-12,0.0,7.12,6.56,0.0,0.56
2011-06-13,0.0,7.14,6.52,0.0,0.62
2011-06-14,0.0,7.14,6.51,0.0,0.63
2011-06-15,0.0,7.16,6.53,0.0,0.63
2011-06-16,0.0,7.14,6.51,0.0,0.63
2011-06-17,0.0,7.14,6.5,0.0,0.64
2011-06-18,0.0,7.16,6.52,0.0,0.64
2011-06-19,0.0,7.16,6.54,0.0,0.62
2011-06-20,0.0,7.24,6.67,0.0,0.57
2011-06-21,0.0,7.14,6.72,0.0,0.42
2011-06-22,0.0,7.1,6.98,0.0,0.12
2011-06-23,0.0,0.0,0.0,0.0,0.0
2011-06-24,0.0,0.0,0.0,0.0,0.0
2011-06-25,0.0,0.0,0.0,0.0,0.0
2011-06-26,0.0,0.0,0.0,0.0,0.0
2011-06-27,0.0,0.0,0.0,0.0,0.0
2011-06-28,2.148,267.06,16.38,108.25,142.43
2011-06-29,0.415,181.68,9.33,74.43,97.93
2011-06-30,0.049,119.55,6.97,38.81,73.76
2011-07-01,0.007,50.33,6.97,0.0,43.35
2011-07-02,0.001,17.92,6.96,0.0,10.97
2011-07-03,0.0,8.99,6.88,0.0,2.1
2011-07-04,0.0,7.29,6.71,0.0,0.58
2011-07-05,0.0,7.14,6.56,0.0,0.58
2011-07-06,0.0,7.15,6.53,0.0,0.62
2011-07-07,0.0,7.11,6.48,0.0,0.63
2011-07-08,0.0,7.17,6.51,0.0,0.65
2011-07-09,0.0,7.15,6.53,0.0,0.62
2011-07-10,0.0,7.17,6.54,0.0,0.63
2011-07-11,0.0,7.16,6.56,0.0,0.6
2011-07-12,0.0,7.17,6.61,0.0,0.56
2011-07-13,0.0,7.11,6.73,0.0,0.38
2011-07-14,0.0,7.11,6.98,0.0,0.13
2011-07-15,0.0,0.0,0.0,0.0,0.0
2011-07-16,0.0,0.0,0.0,0.0,0.0
2011-07-17,0.0,0.0,0.0,0.0,0.0
2011-07-18,0.0,0.0,0.0,0.0,0.0
2011-07-19,0.0,0.0,0.0,0.0,0.0
2011-07-20,0.0,0.0,0.0,0.0,0.0
2011-07-21,0.0,0.0,0.0,0.0,0.0
2011-07-22,0.0,0.0,0.0,0.0,0.0
2011-07-23,0.0,0.0,0.0,0.0,0.0
2011-07-24,0.0,0.0,0.0,0.0,0.0
2011-07-25,0.0,0.0,0.0,0.0,0.0
2011-07-26,0.0,0.0,0.0,0.0,0.0
2011-07-27,0.0,0.0,0.0,0.0,0.0
2011-07-28,0.0,0.0,0.0,0.0,0.0
2011-07-29,0.0,0.0,0.0,0.0,0.0
2011-07-30,0.0,0.0,0.0,0.0,0.0
2011-07-31,0.0,0.0,0.0,0.0,0.0
2011-08-01,0.0,0.0,0.0,0.0,0.0
2011-08-02,0.0,0.0,0.0,0.0,0.0
2011-08-03,0.0,0.0,0.0,0.0,0.0
2011-08-04,0.0,0.0,0.0,0.0,0.0
2011-08-05,0.0,0.0,0.0,0.0,0.0
2011-08-06,0.0,0.0,0.0,0.0,0.0
2011-08-07,0.0,0.0,0.0,0.0,0.0
2011-08-08,0.0,0.0,0.0,0.0,0.0
2011-08-09,0.0,0.0,0.0,0.0,0.0
2011-08-10,0.0,0.0,0.0,0.0,0.0
2011-08-11,0.0,0.0,0.0,0.0,0.0
2011-08-12,0.0,0.0,0.0,0.0,0.0
2011-08-13,0.0,0.0,0.0,0.0,0.0
2011-08-14,0.0,0.0,0.0,0.0,0.0
2011-08-15,0.0,0.0,0.0,0.0,0.0
2011-08-16,0.0,0.0,0.0,0.0,0.0
2011-08-17,0.0,0.0,0.0,0.0,0.0
2011-08-18,0.0,0.0,0.0,0.0,0.0
2011-08-19,0.0,0.0,0.0,0.0,0.0
2011-08-20,0.0,0.0,0.0,0.0,0.0
2011-08-21,0.0,0.0,0.0,0.0,0.0
2011-08-22,0.0,0.0,0.0,0.0,0.0
2011-08-23,0.0,0.0,0.0,0.0,0.0
2011-08-24,0.0,0.0,0.0,0.0,0.0
2011-08-25,0.0,0.0,0.0,0.0,0.0
2011-08-26,0.0,0.0,0.0,0.0,0.0
2011-08-27,0.0,0.0,0.0,0.0,0.0
2011-08-28,0.0,0.0,0.0,0.0,0.0
2011-08-29,0.0,0.0,0.0,0.0,0.0
2011-08-30,0.0,0.0,0.0,0.0,0.0
2011-08-31,0.0,0.0,0.0,0.0,0.0
2011-09-01,0.0,0.0,0.0,0.0,0.0
2011-09-02,0.0,0.0,0.0,0.0,0.0
2011-09-03,0.0,0.0,0.0,0.0,0.0
2011-09-04,0.0,0.0,0.0,0.0,0.0
2011-09-05,0.0,0.0,0.0,0.0,0.0
2011-09-06,0.0,0.0,0.0,0.0,0.0
2011-09-07,0.0,0.0,0.0,0.0,0.0
2011-09-08,0.0,0.0,0.0,0.0,0.0
2011-09-09,0.0,0.0,0.0,0.0,0.0
2011-09-10,0.0,0.0,0.0,0.0,0.0
2011-09-11,0.0,0.0,0.0,0.0,0.0
2011-09-12,0.0,0.0,0.0,0.0,0.0
2011-09-13,0.0,0.0,0.0,0.0,0.0
2011-09-14,0.0,0.0,0.0,0.0,0.0
2011-09-15,0.0,0.0,0.0,0.0,0.0
2011-09-16,0.0,0.0,0.0,0.0,0.0
2011-09-17,0.0,0.0,0.0,0.0,0.0
2011-09-18,0.0,0.0,0.0,0.0,0.0
2011-09-19,0.0,0.0,0.0,0.0,0.0
2011-09-20,0.0,0.0,0.0,0.0,0.0
2011-09-21,0.0,0.0,0.0,0.0,0.0
2011-09-22,0.0,0.0,0.0,0.0,0.0
2011-09-23,0.0,0.0,0.0,0.0,0.0
2011-09-24,0.0,0.0,0.0,0.0,0.0
2011-09-25,0.0,0.0,0.0,0.0,0.0
2011-09-26,0.0,0.0,0.0,0.0,0.0
2011-09-27,0.0,0.0,0.0,0.0,0.0
2011-09-28,0.0,0.0,0.0,0.0,0.0
2011-09-29,0.0,0.0,0.0,0.0,0.0
2011-09-30,0.0,0.0,0.0,0.0,0.0
2011-10-01,0.0,0.0,0.0,0.0,0.0
2011-10-02,0.0,0.0,0.0,0.0,0.0
2011-10-03,0.0,0.0,0.0,0.0,0.0
2011-10-04,0.13,38.87,2.55,15.69,20.64
2011-10-05,2.549,189.93,15.36,75.38,99.19
2011-10-06,0.978,123.35,10.16,48.87,64.31
2011-10-07,0.194,90.66,7.05,36.1,47.5
2011-10-08,0.027,53.64,6.98,8.34,38.32
2011-10-09,0.004,23.79,6.97,0.0,16.82
2011-10-10,0.001,10.52,6.9,0.0,3.62
2011-10-11,0.027,12.22,6.27,0.21,5.74
2011-10-12,0.007,10.09,6.91,0.0,3.18
2011-10-13,0.001,7.8,6.96,0.0,0.85
2011-10-14,0.0,7.16,6.87,0.0,0.29
2011-10-15,0.0,7.08,6.66,0.0,0.43
2011-10-16,0.0,7.11,6.5,0.0,0.6
2011-10-17,0.0,7.12,6.47,0.0,0.64
2011-10-18,0.0,7.14,6.49,0.0,0.65
2011-10-19,0.0,7.1,6.45,0.0,0.65
2011-10-20,0.0,7.13,6.47,0.0,0.66
2011-10-21,0.0,7.11,6.46,0.0,0.65
2011-10-22,0.0,7.12,6.47,0.0,0.65
2011-10-23,0.0,7.14,6.49,0.0,0.65
2011-10-24,0.0,7.15,6.51,0.0,0.64
2011-10-25,0.0,7.12,6.47,0.0,0.65
2011-10-26,0.0,7.13,6.48,0.0,0.65
2011-10-27,0.0,7.17,6.52,0.0,0.64
2011-10-28,0.0,7.14,6.51,0.0,0.63
2011-10-29,0.0,7.14,6.49,0.0,0.65
2011-10-30,0.0,7.14,6.5,0.0,0.63
2011-10-31,0.0,7.2,6.57,0.0,0.63
2011-11-01,0.0,7.13,6.68,0.0,0.45
2011-11-02,0.0,7.14,6.98,0.0,0.16
2011-11-03,0.0,0.0,0.0,0.0,0.0
2011-11-04,0.0,0.0,0.0,0.0,0.0
2011-11-05,0.267,120.1,8.66,48.12,63.32
2011-11-06,0.31,128.23,8.3,51.79,68.14
2011-11-07,0.039,84.21,6.98,23.71,53.52
2011-11-08,0.005,35.67,6.98,0.0,28.7
2011-11-09,0.001,14.1,6.97,0.0,7.13
2011-11-10,0.0,8.44,6.95,0.0,1.49
2011-11-11,0.0,7.26,6.86,0.0,0.4
2011-11-12,0.0,7.05,6.56,0.0,0.49
2011-11-13,0.0,7.11,6.46,0.0,0.65
2011-11-14,0.0,7.13,6.47,0.0,0.65
2011-11-15,0.0,7.13,6.48,0.0,0.65
2011-11-16,0.0,7.12,6.47,0.0,0.65
2011-11-17,0.0,7.14,6.49,0.0,0.65
2011-11-18,0.0,7.27,6.63,0.0,0.64
2011-11-19,0.004,0.19,0.12,0.0,0.07
2011-11-20,0.706,62.0,8.53,23.09,30.38
2011-11-21,0.172,56.34,6.97,21.32,28.05
2011-11-22,0.024,32.5,6.98,3.09,22.43
2011-11-23,0.003,16.37,6.97,0.0,9.4
2011-11-24,0.0,9.09,6.95,0.0,2.14
2011-11-25,0.0,7.32,6.77,0.0,0.56
2011-11-26,0.0,7.19,6.63,0.0,0.56
2011-11-27,0.0,7.12,6.61,0.0,0.5
2011-11-28,0.0,7.11,6.49,0.0,0.62
2011-11-29,0.0,7.11,6.46,0.0,0.65
2011-11-30,0.0,7.27,6.64,0.0,0.64
2011-12-01,0.0,7.18,6.98,0.0,0.2
2011-12-02,0.0,7.02,6.98,0.0,0.04
2011-12-03,0.0,7.08,6.89,0.08,0.11
2011-12-04,0.0,6.73,5.95,0.0,0.77
2011-12-05,0.0,7.34,6.67,0.0,0.68
2011-12-06,0.0,6.98,6.37,0.0,0.61
2011-12-07,0.0,7.11,6.43,0.0,0.69
2011-12-08,0.0,7.13,6.47,0.0,0.67
2011-12-09,0.0,7.25,6.63,0.0,0.62
2011-12-10,0.0,7.13,6.75,0.0,0.38
2011-12-11,0.0,0.0,0.0,0.0,0.0
2011-12-12,0.0,0.0,0.0,0.0,0.0
2011-12-13,0.0,0.0,0.0,0.0,0.0
2011-12-14,0.0,0.0,0.0,0.0,0.0
2011-12-15,0.0,0.0,0.0,0.0,0.0
2011-12-16,0.0,0.0,0.0,0.0,0.0
2011-12-17,0.0,0.0,0.0,0.0,0.0
2011-12-18,0.0,0.0,0.0,0.0,0.0
2011-12-19,0.0,0.0,0.0,0.0,0.0
2011-12-20,0.0,0.0,0.0,0.0,0.0
2011-12-21,0.0,0.0,0.0,0.0,0.0
2011-12-22,0.0,0.0,0.0,0.0,0.0
2011-12-23,0.0,0.0,0.0,0.0,0.0
2011-12-24,0.0,0.0,0.0,0.0,0.0
2011-12-25,0.0,0.0,0.0,0.0,0.0
2011-12-26,0.0,0.0,0.0,0.0,0.0
2011-12-27,0.0,0.0,0.0,0.0,0.0
2011-12-28,0.0,0.0,0.0,0.0,0.0
2011-12-29,0.0,0.0,0.0,0.0,0.0
2011-12-30,0.0,0.0,0.0,0.0,0.0
2011-12-31,0.0,0.0,0.0,0.0,0.0
2012-01-01,0.0,0.0,0.0,0.0,0.0
2012-01-02,0.0,0.0,0.0,0.0,0.0
2012-01-03,0.0,0.0,0.0,0.0,0.0
2012-01-04,0.0,0.0,0.0,0.0,0.0
2012-01-05,0.0,0.0,0.0,0.0,0.0
2012-01-06,0.0,0.0,0.0,0.0,0.0
2012-01-07,0.0,0.0,0.0,0.0,0.0
2012-01-08,0.0,0.0,0.0,0.0,0.0
2012-01-09,0.0,0.0,0.0,0.0,0.0
2012-01-10,0.0,0.0,0.0,0.0,0.0
2012-01-11,0.0,0.0,0.0,0.0,0.0
2012-01-12,0.0,0.0,0.0,0.0,0.0
2012-01-13,0.0,0.0,0.0,0.0,0.0
2012-01-14,0.0,0.0,0.0,0.0,0.0
2012-01-15,0.0,0.0,0.0,0.0,0.0
2012-01-16,0.0,0.0,0.0,0.0,0.0
2012-01-17,0.0,0.0,0.0,0.0,0.0
2012-01-18,0.0,0.0,0.0,0.0,0.0
2012-01-19,0.0,0.0,0.0,0.0,0.0
2012-01-20,1.369,187.51,10.75,76.33,100.43
2012-01-21,2.732,339.36,21.92,137.08,180.36
2012-01-22,0.132,137.47,6.74,55.65,75.07
2012-01-23,1.113,126.47,10.84,49.5,66.12
2012-01-24,0.106,86.06,6.97,32.82,46.27
2012-01-25,0.015,41.47,6.97,0.0,34.5
2012-01-26,0.002,17.44,6.91,0.0,10.53
2012-01-27,0.001,8.56,6.78,0.0,1.78
2012-01-28,0.0,7.24,6.67,0.0,0.57
2012-01-29,0.0,7.11,6.5,0.0,0.61
2012-01-30,0.0,7.12,6.47,0.0,0.65
2012-01-31,0.0,7.12,6.46,0.0,0.65
2012-02-01,0.0,7.12,6.47,0.0,0.65
2012-02-02,0.0,7.13,6.49,0.0,0.64
2012-02-03,0.0,7.12,6.47,0.0,0.65
2012-02-04,0.0,7.12,6.47,0.0,0.65
2012-02-05,0.0,7.13,6.49,0.0,0.64
2012-02-06,0.0,7.14,6.5,0.0,0.64
2012-02-07,0.0,7.06,6.38,0.0,0.68
2012-02-08,0.0,7.14,6.49,0.0,0.65
2012-02-09,0.0,7.12,6.47,0.0,0.65
2012-02-10,0.0,7.13,6.48,0.0,0.65
2012-02-11,0.0,7.11,6.46,0.0,0.66
2012-02-12,0.0,7.16,6.52,0.0,0.64
2012-02-13,0.0,7.07,6.44,0.0,0.63
2012-02-14,0.0,7.13,6.46,0.0,0.67
2012-02-15,0.0,7.16,6.54,0.0,0.62
2012-02-16,0.0,7.09,6.44,0.0,0.65
2012-02-17,0.0,7.13,6.47,0.0,0.66
2012-02-18,0.0,7.25,6.59,0.0,0.65
2012-02-19,0.0,6.98,6.44,0.0,0.53
2012-02-20,0.0,7.11,6.44,0.0,0.67
2012-02-21,0.0,7.17,6.5,0.0,0.67
2012-02-22,0.0,7.25,6.64,0.0,0.61
2012-02-23,0.0,7.15,6.94,0.0,0.21
2012-02-24,0.0,7.06,6.98,0.0,0.08
2012-02-25,0.0,0.0,0.0,0.0,0.0
2012-02-26,0.0,0.0,0.0,0.0,0.0
2012-02-27,0.0,0.0,0.0,0.0,0.0
2012-02-28,0.0,0.0,0.0,0.0,0.0
2012-02-29,0.038,19.55,6.19,4.26,9.1
2012-03-01,0.015,14.22,6.94,0.0,7.28
2012-03-02,0.002,9.42,6.98,0.0,2.44
2012-03-03,0.0,7.53,6.98,0.0,0.55
2012-03-04,0.0,7.09,6.98,0.0,0.12
2012-03-05,0.0,7.0,6.98,0.0,0.02
2012-03-06,0.0,6.98,6.98,0.0,0.01
2012-03-07,0.0,6.98,6.98,0.0,0.0
2012-03-08,0.0,6.98,6.98,0.0,0.0
2012-03-09,0.0,0.0,0.0,0.0,0.0
2012-03-10,0.0,0.0,0.0,0.0,0.0
2012-03-11,0.0,0.0,0.0,0.0,0.0
2012-03-12,0.0,0.0,0.0,0.0,0.0
2012-03-13,0.267,60.61,6.98,22.84,30.8
2012-03-14,2.492,104.46,14.22,38.95,51.29
2012-03-15,0.429,87.62,9.52,33.72,44.38
2012-03-16,1.668,153.39,14.77,59.79,78.84
2012-03-17,0.881,163.59,13.88,64.63,85.08
2012-03-18,0.074,99.64,6.98,36.33,56.33
2012-03-19,0.01,45.36,6.97,0.0,38.39
2012-03-20,0.002,17.4,6.93,0.0,10.47
2012-03-21,0.0,8.59,6.78,0.0,1.8
2012-03-22,0.0,7.2,6.58,0.0,0.63
2012-03-23,0.0,7.13,6.51,0.0,0.62
2012-03-24,0.72,100.34,10.05,38.99,51.3
2012-03-25,1.64,132.13,15.52,50.36,66.26
2012-03-26,0.102,80.19,6.98,30.35,42.86
2012-03-27,1.06,180.71,13.82,71.87,95.02
2012-03-28,0.677,166.93,11.52,67.1,88.32
2012-03-29,0.073,98.01,6.97,35.7,55.35
2012-03-30,0.01,44.31,6.97,0.0,37.35
2012-03-31,0.288,100.13,7.3,40.06,52.78
2012-04-01,0.097,95.43,6.98,36.43,52.02
2012-04-02,0.013,45.38,6.97,0.0,38.41
2012-04-03,0.002,18.96,6.96,0.0,12.0
2012-04-04,0.0,9.21,6.88,0.0,2.34
2012-04-05,0.0,7.31,6.69,0.0,0.62
2012-04-06,0.0,7.13,6.54,0.0,0.58
2012-04-07,0.0,7.14,6.51,0.0,0.62
2012-04-08,0.0,7.14,6.5,0.0,0.63
2012-04-09,0.0,7.15,6.52,0.0,0.63
2012-04-10,1.099,148.91,12.17,59.02,77.72
2012-04-11,1.129,174.38,14.48,69.04,90.86
2012-04-12,1.613,204.56,13.22,82.62,108.71
2012-04-13,3.958,246.37,19.78,97.85,128.74
2012-04-14,0.164,133.25,6.97,54.53,71.75
2012-04-15,0.024,66.97,6.94,5.71,54.32
2012-04-16,0.004,26.25,6.89,0.0,19.35
2012-04-17,0.001,9.88,6.75,0.0,3.12
2012-04-18,0.0,7.39,6.69,0.0,0.7
2012-04-19,0.0,7.14,6.54,0.0,0.59
2012-04-20,0.0,7.14,6.52,0.0,0.62
2012-04-21,0.0,7.15,6.53,0.0,0.62
2012-04-22,0.0,7.15,6.53,0.0,0.62
2012-04-23,0.0,7.15,6.52,0.0,0.63
2012-04-24,0.0,7.15,6.51,0.0,0.63
2012-04-25,0.0,7.14,6.51,0.0,0.63
2012-04-26,0.0,7.14,6.51,0.0,0.63
2012-04-27,0.0,7.15,6.52,0.0,0.63
2012-04-28,0.0,7.15,6.53,0.0,0.62
2012-04-29,0.0,7.19,6.57,0.0,0.62
2012-04-30,0.0,7.27,6.71,0.0,0.55
2012-05-01,0.0,7.14,6.88,0.0,0.26
2012-05-02,0.0,7.05,6.98,0.0,0.07
2012-05-03,0.0,0.0,0.0,0.0,0.0
2012-05-04,0.0,0.0,0.0,0.0,0.0
2012-05-05,0.0,0.0,0.0,0.0,0.0
2012-05-06,0.0,0.0,0.0,0.0,0.0
2012-05-07,0.0,0.0,0.0,0.0,0.0
2012-05-08,0.0,0.0,0.0,0.0,0.0
2012-05-09,0.0,0.0,0.0,0.0,0.0
2012-05-10,0.0,0.0,0.0,0.0,0.0
2012-05-11,0.0,0.0,0.0,0.0,0.0
2012-05-12,0.0,0.0,0.0,0.0,0.0
2012-05-13,0.0,0.0,0.0,0.0,0.0
2012-05-14,0.0,0.0,0.0,0.0,0.0
2012-05-15,0.0,0.0,0.0,0.0,0.0
2012-05-16,0.0,0.0,0.0,0.0,0.0
2012-05-17,0.0,0.0,0.0,0.0,0.0
2012-05-18,0.0,0.0,0.0,0.0,0.0
2012-05-19,0.0,0.0,0.0,0.0,0.0
2012-05-20,0.0,0.0,0.0,0.0,0.0
2012-05-21,0.0,0.0,0.0,0.0,0.0
2012-05-22,0.0,0.0,0.0,0.0,0.0
2012-05-23,0.0,0.0,0.0,0.0,0.0
2012-05-24,0.0,0.0,0.0,0.0,0.0
2012-05-25,0.0,0.0,0.0,0.0,0.0
2012-05-26,0.0,0.0,0.0,0.0,0.0
2012-05-27,0.0,0.0,0.0,0.0,0.0
2012-05-28,0.0,0.0,0.0,0.0,0.0
2012-05-29,0.0,0.0,0.0,0.0,0.0
2012-05-30,0.0,0.0,0.0,0.0,0.0
2012-05-31,0.0,0.0,0.0,0.0,0.0
2012-06-01,0.0,0.0,0.0,0.0,0.0
2012-06-02,0.0,0.0,0.0,0.0,0.0
2012-06-03,0.0,0.0,0.0,0.0,0.0
2012-06-04,0.0,0.0,0.0,0.0,0.0
2012-06-05,0.0,0.0,0.0,0.0,0.0
2012-06-06,0.0,0.0,0.0,0.0,0.0
2012-06-07,0.0,0.0,0.0,0.0,0.0
2012-06-08,0.0,0.0,0.0,0.0,0.0
2012-06-09,0.0,0.0,0.0,0.0,0.0
2012-06-10,0.0,0.0,0.0,0.0,0.0
2012-06-11,0.0,0.0,0.0,0.0,0.0
2012-06-12,0.0,0.0,0.0,0.0,0.0
2012-06-13,0.0,0.0,0.0,0.0,0.0
2012-06-14,0.0,0.0,0.0,0.0,0.0
2012-06-15,0.0,0.0,0.0,0.0,0.0
2012-06-16,0.0,0.0,0.0,0.0,0.0
2012-06-17,0.0,0.0,0.0,0.0,0.0
2012-06-18,0.0,0.0,0.0,0.0,0.0
2012-06-19,0.0,0.0,0.0,0.0,0.0
2012-06-20,0.0,0.0,0.0,0.0,0.0
2012-06-21,0.0,0.0,0.0,0.0,0.0
2012-06-22,0.0,0.0,0.0,0.0,0.0
2012-06-23,0.0,0.0,0.0,0.0,0.0
2012-06-24,0.0,0.0,0.0,0.0,0.0
2012-06-25,0.0,0.0,0.0,0.0,0.0
2012-06-26,0.0,0.0,0.0,0.0,0.0
2012-06-27,0.0,0.0,0.0,0.0,0.0
2012-06-28,0.0,0.0,0.0,0.0,0.0
2012-06-29,0.0,0.0,0.0,0.0,0.0
2012-06-30,0.0,0.0,0.0,0.0,0.0
2012-07-01,0.0,0.0,0.0,0.0,0.0
2012-07-02,0.0,0.0,0.0,0.0,0.0
2012-07-03,0.0,0.0,0.0,0.0,0.0
2012-07-04,0.0,0.0,0.0,0.0,0.0
2012-07-05,0.0,0.0,0.0,0.0,0.0
2012-07-06,0.0,0.0,0.0,0.0,0.0
2012-07-07,0.0,0.0,0.0,0.0,0.0
2012-07-08,0.0,0.0,0.0,0.0,0.0
2012-07-09,0.0,0.0,0.0,0.0,0.0
2012-07-10,0.0,0.0,0.0,0.0,0.0
2012-07-11,0.0,0.0,0.0,0.0,0.0
2012-07-12,0.0,0.0,0.0,0.0,0.0
2012-07-13,0.0,0.0,0.0,0.0,0.0
2012-07-14,0.0,0.0,0.0,0.0,0.0
2012-07-15,0.0,0.0,0.0,0.0,0.0
2012-07-16,0.0,0.0,0.0,0.0,0.0
2012-07-17,0.0,0.0,0.0,0.0,0.0
2012-07-18,0.0,0.0,0.0,0.0,0.0
2012-07-19,0.0,0.0,0.0,0.0,0.0
2012-07-20,0.0,0.0,0.0,0.0,0.0
2012-07-21,0.0,0.0,0.0,0.0,0.0
2012-07-22,0.0,0.0,0.0,0.0,0.0
2012-07-23,0.0,0.0,0.0,0.0,0.0
2012-07-24,0.0,0.0,0.0,0.0,0.0
2012-07-25,0.0,0.0,0.0,0.0,0.0
2012-07-26,0.0,0.0,0.0,0.0,0.0
2012-07-27,0.0,0.0,0.0,0.0,0.0
2012-07-28,0.0,0.0,0.0,0.0,0.0
2012-07-29,0.0,0.0,0.0,0.0,0.0
2012-07-30,0.0,0.0,0.0,0.0,0.0
2012-07-31,0.0,0.0,0.0,0.0,0.0
2012-08-01,0.0,0.0,0.0,0.0,0.0
2012-08-02,0.0,0.0,0.0,0.0,0.0
2012-08-03,0.0,0.0,0.0,0.0,0.0
2012-08-04,0.0,0.0,0.0,0.0,0.0
2012-08-05,0.0,0.0,0.0,0.0,0.0
2012-08-06,0.0,0.0,0.0,0.0,0.0
2012-08-07,0.0,0.0,0.0,0.0,0.0
2012-08-08,0.0,0.0,0.0,0.0,0.0
2012-08-09,0.0,0.0,0.0,0.0,0.0
2012-08-10,0.0,0.0,0.0,0.0,0.0
2012-08-11,0.0,0.0,0.0,0.0,0.0
2012-08-12,0.0,0.0,0.0,0.0,0.0
2012-08-13,0.0,0.0,0.0,0.0,0.0
2012-08-14,0.0,0.0,0.0,0.0,0.0
2012-08-15,0.0,0.0,0.0,0.0,0.0
2012-08-16,0.0,0.0,0.0,0.0,0.0
2012-08-17,0.0,0.0,0.0,0.0,0.0
2012-08-18,0.0,0.0,0.0,0.0,0.0
2012-08-19,0.0,0.0,0.0,0.0,0.0
2012-08-20,0.0,0.0,0.0,0.0,0.0
2012-08-21,0.0,0.0,0.0,0.0,0.0
2012-08-22,0.0,0.0,0.0,0.0,0.0
2012-08-23,0.0,0.0,0.0,0.0,0.0
2012-08-24,0.0,0.0,0.0,0.0,0.0
2012-08-25,0.0,0.0,0.0,0.0,0.0
2012-08-26,0.0,0.0,0.0,0.0,0.0
2012-08-27,0.0,0.0,0.0,0.0,0.0
2012-08-28,0.0,0.0,0.0,0.0,0.0
2012-08-29,0.0,0.0,0.0,0.0,0.0
2012-08-30,0.0,0.0,0.0,0.0,0.0
2012-08-31,0.0,0.0,0.0,0.0,0.0
2012-09-01,0.0,0.0,0.0,0.0,0.0
2012-09-02,0.0,0.0,0.0,0.0,0.0
2012-09-03,0.0,0.0,0.0,0.0,0.0
2012-09-04,0.0,0.0,0.0,0.0,0.0
2012-09-05,0.0,0.0,0.0,0.0,0.0
2012-09-06,0.0,0.0,0.0,0.0,0.0
2012-09-07,0.0,0.0,0.0,0.0,0.0
2012-09-08,0.0,0.0,0.0,0.0,0.0
2012-09-09,0.0,0.0,0.0,0.0,0.0
2012-09-10,0.0,0.0,0.0,0.0,0.0
2012-09-11,0.0,0.0,0.0,0.0,0.0
2012-09-12,0.0,0.0,0.0,0.0,0.0
2012-09-13,0.0,0.0,0.0,0.0,0.0
2012-09-14,0.0,0.0,0.0,0.0,0.0
2012-09-15,0.0,0.0,0.0,0.0,0.0
2012-09-16,0.0,0.0,0.0,0.0,0.0
2012-09-17,0.0,0.0,0.0,0.0,0.0
2012-09-18,0.0,0.0,0.0,0.0,0.0
2012-09-19,0.0,0.0,0.0,0.0,0.0
2012-09-20,0.0,0.0,0.0,0.0,0.0
2012-09-21,0.0,0.0,0.0,0.0,0.0
2012-09-22,0.0,0.0,0.0,0.0,0.0
2012-09-23,0.0,0.0,0.0,0.0,0.0
2012-09-24,0.0,0.0,0.0,0.0,0.0
2012-09-25,0.0,0.0,0.0,0.0,0.0
2012-09-26,0.0,0.0,0.0,0.0,0.0
2012-09-27,0.0,0.0,0.0,0.0,0.0
2012-09-28,0.0,0.0,0.0,0.0,0.0
2012-09-29,0.0,0.0,0.0,0.0,0.0
2012-09-30,0.0,0.0,0.0,0.0,0.0
2012-10-01,0.0,0.0,0.0,0.0,0.0
2012-10-02,0.0,0.0,0.0,0.0,0.0
2012-10-03,0.0,0.0,0.0,0.0,0.0
2012-10-04,0.0,0.0,0.0,0.0,0.0
2012-10-05,0.0,0.0,0.0,0.0,0.0
2012-10-06,0.0,0.0,0.0,0.0,0.0
2012-10-07,0.0,0.0,0.0,0.0,0.0
2012-10-08,0.0,0.0,0.0,0.0,0.0
2012-10-09,0.0,0.0,0.0,0.0,0.0
2012-10-10,0.0,0.0,0.0,0.0,0.0
2012-10-11,0.0,0.0,0.0,0.0,0.0
2012-10-12,0.0,0.0,0.0,0.0,0.0
2012-10-13,0.0,0.0,0.0,0.0,0.0
2012-10-14,0.0,0.0,0.0,0.0,0.0
2012-10-15,0.0,0.0,0.0,0.0,0.0
2012-10-16,0.0,0.0,0.0,0.0,0.0
2012-10-17,0.0,0.0,0.0,0.0,0.0
2012-10-18,0.0,0.0,0.0,0.0,0.0
2012-10-19,0.0,0.0,0.0,0.0,0.0
2012-10-20,0.0,0.0,0.0,0.0,0.0
2012-10-21,0.0,0.0,0.0,0.0,0.0
2012-10-22,0.248,71.21,6.8,27.81,36.6
2012-10-23,0.1,51.78,6.8,18.9,26.07
2012-10-24,0.016,24.38,6.98,0.0,17.4
2012-10-25,0.002,13.14,6.98,0.0,6.16
2012-10-26,0.0,8.36,6.97,0.0,1.38
2012-10-27,0.0,7.26,6.95,0.0,0.31
2012-10-28,0.0,7.06,6.86,0.0,0.2
2012-10-29,0.0,7.06,6.65,0.0,0.41
2012-10-30,0.0,7.12,6.52,0.0,0.6
2012-10-31,0.0,7.22,6.59,0.0,0.63
2012-11-01,0.235,67.33,6.33,26.14,34.85
2012-11-02,0.042,51.83,6.98,14.12,30.73
2012-11-03,0.006,23.94,6.98,0.0,16.96
2012-11-04,0.001,11.26,6.98,0.0,4.28
2012-11-05,0.0,7.88,6.97,0.0,0.91
2012-11-06,0.0,7.17,6.93,0.0,0.24
2012-11-07,0.0,7.08,6.83,0.0,0.25
2012-11-08,0.0,7.06,6.98,0.0,0.08
2012-11-09,0.0,7.0,6.98,0.0,0.02
2012-11-10,0.0,7.38,6.42,0.41,0.54
2012-11-11,0.0,7.14,6.39,0.02,0.73
2012-11-12,0.0,7.24,6.98,0.0,0.26
2012-11-13,0.0,0.0,0.0,0.0,0.0
2012-11-14,0.0,0.0,0.0,0.0,0.0
2012-11-15,0.0,0.0,0.0,0.0,0.0
2012-11-16,0.0,0.0,0.0,0.0,0.0
2012-11-17,0.493,90.22,8.35,35.35,46.51
2012-11-18,0.885,147.46,13.04,58.05,76.38
2012-11-19,0.074,92.74,6.98,33.64,52.13
2012-11-20,0.01,42.96,6.98,0.0,35.98
2012-11-21,0.868,110.07,10.23,43.0,56.84
2012-11-22,0.113,84.04,6.98,32.34,44.73
2012-11-23,0.016,41.16,6.98,0.0,34.18
2012-11-24,0.002,18.58,6.97,0.0,11.61
2012-11-25,0.0,9.35,6.92,0.0,2.43
2012-11-26,0.0,7.34,6.74,0.0,0.61
2012-11-27,0.0,7.12,6.54,0.0,0.57
2012-11-28,0.234,61.62,6.63,23.74,31.24
2012-11-29,0.103,58.85,6.98,21.54,30.34
2012-11-30,4.546,201.42,18.63,78.89,103.9
2012-12-01,0.305,128.88,8.24,52.09,68.55
2012-12-02,1.671,214.29,14.0,86.48,113.82
2012-12-03,0.202,149.34,7.09,61.42,80.83
2012-12-04,0.028,88.0,6.97,16.35,64.68
2012-12-05,1.827,262.27,14.4,107.0,140.87
2012-12-06,0.199,168.03,7.06,69.5,91.47
2012-12-07,0.028,96.59,6.96,17.79,71.83
2012-12-08,0.005,35.24,6.89,0.0,28.35
2012-12-09,0.001,11.7,6.82,0.0,4.87
2012-12-10,0.0,7.46,6.57,0.0,0.88
2012-12-11,0.0,7.2,6.53,0.0,0.67
2012-12-12,0.0,7.14,6.56,0.0,0.57
2012-12-13,0.0,7.12,6.49,0.0,0.63
2012-12-14,0.0,7.12,6.48,0.0,0.65
2012-12-15,0.0,7.12,6.47,0.0,0.65
2012-12-16,0.0,7.12,6.47,0.0,0.65
2012-12-17,0.0,7.13,6.48,0.0,0.65
2012-12-18,0.0,7.14,6.51,0.0,0.63
2012-12-19,0.0,7.11,6.46,0.0,0.65
2012-12-20,0.0,7.14,6.5,0.0,0.64
2012-12-21,0.0,7.11,6.46,0.0,0.65
2012-12-22,0.921,100.28,10.25,38.88,51.15
2012-12-23,4.269,210.73,18.15,83.16,109.42
2012-12-24,0.593,187.99,11.24,76.32,100.42
2012-12-25,0.599,101.07,9.93,38.63,52.51
2012-12-26,0.664,72.72,9.0,27.32,36.4
2012-12-27,0.12,45.42,6.96,16.23,22.23
2012-12-28,0.018,22.9,6.93,0.02,15.95
2012-12-29,0.003,12.0,6.87,0.0,5.13
2012-12-30,0.002,7.36,6.47,0.0,0.9
2012-12-31,0.001,7.16,6.48,0.0,0.68
2013-01-01,0.001,7.21,6.54,0.0,0.67
2013-01-02,0.0,7.21,6.69,0.0,0.52
2013-01-03,0.0,6.94,6.37,0.0,0.57
2013-01-04,0.0,7.25,6.55,0.0,0.7
2013-01-05,0.0,7.13,6.5,0.0,0.63
2013-01-06,0.0,6.92,6.46,0.0,0.46
2013-01-07,0.0,7.05,6.33,0.0,0.72
2013-01-08,0.0,7.21,6.54,0.0,0.67
2013-01-09,0.0,7.24,6.67,0.0,0.57
2013-01-10,0.0,7.13,6.71,0.0,0.42
2013-01-11,0.0,7.12,6.56,0.0,0.56
2013-01-12,0.0,7.13,6.5,0.0,0.63
2013-01-13,0.0,7.16,6.55,0.0,0.61
2013-01-14,0.0,7.19,6.61,0.0,0.57
2013-01-15,0.0,7.17,6.54,0.0,0.63
2013-01-16,0.0,7.29,6.73,0.0,0.56
2013-01-17,0.0,7.17,6.91,0.0,0.26
2013-01-18,0.0,7.06,6.98,0.0,0.08
2013-01-19,0.0,0.0,0.0,0.0,0.0
2013-01-20,0.0,0.0,0.0,0.0,0.0
2013-01-21,0.0,0.0,0.0,0.0,0.0
2013-01-22,0.0,0.0,0.0,0.0,0.0
2013-01-23,0.0,0.0,0.0,0.0,0.0
2013-01-24,0.0,0.0,0.0,0.0,0.0
2013-01-25,0.0,0.0,0.0,0.0,0.0
2013-01-26,0.0,0.0,0.0,0.0,0.0
2013-01-27,0.0,0.0,0.0,0.0,0.0
2013-01-28,0.0,0.0,0.0,0.0,0.0
2013-01-29,0.0,0.0,0.0,0.0,0.0
2013-01-30,0.0,0.0,0.0,0.0,0.0
2013-01-31,0.0,0.0,0.0,0.0,0.0
2013-02-01,0.0,0.0,0.0,0.0,0.0
2013-02-02,0.0,0.0,0.0,0.0,0.0
2013-02-03,0.0,0.0,0.0,0.0,0.0
2013-02-04,0.0,0.0,0.0,0.0,0.0
2013-02-05,0.0,0.0,0.0,0.0,0.0
2013-02-06,0.0,0.0,0.0,0.0,0.0
2013-02-07,0.0,0.0,0.0,0.0,0.0
2013-02-08,0.0,0.0,0.0,0.0,0.0
2013-02-09,0.0,0.0,0.0,0.0,0.0
2013-02-10,0.0,0.0,0.0,0.0,0.0
2013-02-11,0.0,0.0,0.0,0.0,0.0
2013-02-12,0.0,0.0,0.0,0.0,0.0
2013-02-13,0.0,0.0,0.0,0.0,0.0
2013-02-14,0.0,0.0,0.0,0.0,0.0
2013-02-15,0.0,0.0,0.0,0.0,0.0
2013-02-16,0.0,0.0,0.0,0.0,0.0
2013-02-17,0.0,0.0,0.0,0.0,0.0
2013-02-18,0.0,0.0,0.0,0.0,0.0
2013-02-19,0.371,79.55,8.14,30.84,40.57
2013-02-20,0.141,74.69,6.98,29.07,38.64
2013-02-21,0.019,37.91,6.98,0.4,30.53
2013-02-22,0.003,18.64,6.98,0.0,11.66
2013-02-23,0.0,9.61,6.97,0.0,2.64
2013-02-24,0.0,7.51,6.95,0.0,0.57
2013-02-25,0.0,7.11,6.81,0.0,0.3
2013-02-26,0.0,7.11,6.62,0.0,0.49
2013-02-27,0.0,7.13,6.53,0.0,0.6
2013-02-28,0.0,7.13,6.5,0.0,0.63
2013-03-01,0.0,7.17,6.54,0.0,0.63
2013-03-02,0.0,7.24,6.65,0.0,0.6
2013-03-03,0.0,7.15,6.98,0.0,0.17
2013-03-04,0.0,7.04,6.98,0.0,0.06
2013-03-05,0.0,0.0,0.0,0.0,0.0
2013-03-06,0.0,0.0,0.0,0.0,0.0
2013-03-07,0.0,0.0,0.0,0.0,0.0
2013-03-08,0.0,0.0,0.0,0.0,0.0
2013-03-09,0.0,0.0,0.0,0.0,0.0
2013-03-10,0.0,0.0,0.0,0.0,0.0
2013-03-11,0.0,0.0,0.0,0.0,0.0
2013-03-12,0.0,0.0,0.0,0.0,0.0
2013-03-13,0.0,0.0,0.0,0.0,0.0
2013-03-14,0.0,0.0,0.0,0.0,0.0
2013-03-15,0.0,0.0,0.0,0.0,0.0
2013-03-16,0.0,0.0,0.0,0.0,0.0
2013-03-17,0.0,0.0,0.0,0.0,0.0
2013-03-18,0.0,0.0,0.0,0.0,0.0
2013-03-19,0.0,0.0,0.0,0.0,0.0
2013-03-20,0.0,0.0,0.0,0.0,0.0
2013-03-21,0.0,0.0,0.0,0.0,0.0
2013-03-22,0.0,0.0,0.0,0.0,0.0
2013-03-23,0.0,0.0,0.0,0.0,0.0
2013-03-24,0.0,0.0,0.0,0.0,0.0
2013-03-25,0.0,0.0,0.0,0.0,0.0
2013-03-26,0.0,0.0,0.0,0.0,0.0
2013-03-27,0.0,0.0,0.0,0.0,0.0
2013-03-28,0.0,0.0,0.0,0.0,0.0
2013-03-29,0.0,0.0,0.0,0.0,0.0
2013-03-30,0.0,0.0,0.0,0.0,0.0
2013-03-31,0.0,0.0,0.0,0.0,0.0
2013-04-01,0.0,0.0,0.0,0.0,0.0
2013-04-02,0.0,0.0,0.0,0.0,0.0
2013-04-03,0.0,0.0,0.0,0.0,0.0
2013-04-04,0.211,58.85,6.34,22.35,30.16
2013-04-05,0.051,48.48,6.97,14.4,27.11
2013-04-06,0.007,23.29,6.98,0.0,16.31
2013-04-07,0.001,11.28,6.98,0.0,4.3
2013-04-08,0.0,7.91,6.98,0.0,0.93
2013-04-09,0.0,7.17,6.97,0.0,0.2
2013-04-10,0.0,7.02,6.97,0.0,0.05
2013-04-11,0.0,6.99,6.98,0.0,0.01
2013-04-12,0.0,6.98,6.98,0.0,0.0
2013-04-13,0.0,0.0,0.0,0.0,0.0
2013-04-14,0.0,0.0,0.0,0.0,0.0
2013-04-15,0.0,0.0,0.0,0.0,0.0
2013-04-16,0.0,0.0,0.0,0.0,0.0
2013-04-17,0.0,0.0,0.0,0.0,0.0
2013-04-18,0.0,0.0,0.0,0.0,0.0
2013-04-19,0.0,0.0,0.0,0.0,0.0
2013-04-20,0.0,0.0,0.0,0.0,0.0
2013-04-21,0.0,0.0,0.0,0.0,0.0
2013-04-22,0.0,0.0,0.0,0.0,0.0
2013-04-23,0.0,0.0,0.0,0.0,0.0
2013-04-24,0.0,0.0,0.0,0.0,0.0
2013-04-25,0.0,0.0,0.0,0.0,0.0
2013-04-26,0.0,0.0,0.0,0.0,0.0
2013-04-27,0.0,0.0,0.0,0.0,0.0
2013-04-28,0.0,0.0,0.0,0.0,0.0
2013-04-29,0.0,0.0,0.0,0.0,0.0
2013-04-30,0.0,0.0,0.0,0.0,0.0
2013-05-01,0.0,0.0,0.0,0.0,0.0
2013-05-02,0.0,0.0,0.0,0.0,0.0
2013-05-03,0.0,0.0,0.0,0.0,0.0
2013-05-04,0.0,0.0,0.0,0.0,0.0
2013-05-05,0.0,0.0,0.0,0.0,0.0
2013-05-06,0.0,0.0,0.0,0.0,0.0
2013-05-07,0.0,0.0,0.0,0.0,0.0
2013-05-08,0.0,0.0,0.0,0.0,0.0
2013-05-09,0.0,0.0,0.0,0.0,0.0
2013-05-10,0.0,0.0,0.0,0.0,0.0
2013-05-11,0.0,0.0,0.0,0.0,0.0
2013-05-12,0.0,0.0,0.0,0.0,0.0
2013-05-13,0.0,0.0,0.0,0.0,0.0
2013-05-14,0.0,0.0,0.0,0.0,0.0
2013-05-15,0.0,0.0,0.0,0.0,0.0
2013-05-16,0.0,0.0,0.0,0.0,0.0
2013-05-17,0.0,0.0,0.0,0.0,0.0
2013-05-18,0.0,0.0,0.0,0.0,0.0
2013-05-19,0.0,0.0,0.0,0.0,0.0
2013-05-20,0.0,0.0,0.0,0.0,0.0
2013-05-21,0.0,0.0,0.0,0.0,0.0
2013-05-22,0.0,0.0,0.0,0.0,0.0
2013-05-23,0.0,0.0,0.0,0.0,0.0
2013-05-24,0.0,0.0,0.0,0.0,0.0
2013-05-25,0.0,0.0,0.0,0.0,0.0
2013-05-26,0.0,0.0,0.0,0.0,0.0
2013-05-27,0.0,0.0,0.0,0.0,0.0
2013-05-28,0.0,0.0,0.0,0.0,0.0
2013-05-29,0.0,0.0,0.0,0.0,0.0
2013-05-30,0.0,0.0,0.0,0.0,0.0
2013-05-31,0.0,0.0,0.0,0.0,0.0
2013-06-01,0.0,0.0,0.0,0.0,0.0
2013-06-02,0.0,0.0,0.0,0.0,0.0
2013-06-03,0.0,0.0,0.0,0.0,0.0
2013-06-04,0.0,0.0,0.0,0.0,0.0
2013-06-05,0.0,0.0,0.0,0.0,0.0
2013-06-06,0.0,0.0,0.0,0.0,0.0
2013-06-07,0.0,0.0,0.0,0.0,0.0
2013-06-08,0.0,0.0,0.0,0.0,0.0
2013-06-09,0.0,0.0,0.0,0.0,0.0
2013-06-10,0.0,0.0,0.0,0.0,0.0
2013-06-11,0.0,0.0,0.0,0.0,0.0
2013-06-12,0.0,0.0,0.0,0.0,0.0
2013-06-13,0.0,0.0,0.0,0.0,0.0
2013-06-14,0.0,0.0,0.0,0.0,0.0
2013-06-15,0.0,0.0,0.0,0.0,0.0
2013-06-16,0.0,0.0,0.0,0.0,0.0
2013-06-17,0.0,0.0,0.0,0.0,0.0
2013-06-18,0.0,0.0,0.0,0.0,0.0
2013-06-19,0.0,0.0,0.0,0.0,0.0
2013-06-20,0.0,0.0,0.0,0.0,0.0
2013-06-21,0.0,0.0,0.0,0.0,0.0
2013-06-22,0.0,0.0,0.0,0.0,0.0
2013-06-23,0.0,0.0,0.0,0.0,0.0
2013-06-24,0.0,0.0,0.0,0.0,0.0
2013-06-25,0.0,0.0,0.0,0.0,0.0
2013-06-26,0.0,0.0,0.0,0.0,0.0
2013-06-27,0.0,0.0,0.0,0.0,0.0
2013-06-28,0.0,0.0,0.0,0.0,0.0
2013-06-29,0.0,0.0,0.0,0.0,0.0
2013-06-30,0.0,0.0,0.0,0.0,0.0
2013-07-01,0.0,0.0,0.0,0.0,0.0
2013-07-02,0.0,0.0,0.0,0.0,0.0
2013-07-03,0.0,0.0,0.0,0.0,0.0
2013-07-04,0.0,0.0,0.0,0.0,0.0
2013-07-05,0.0,0.0,0.0,0.0,0.0
2013-07-06,0.0,0.0,0.0,0.0,0.0
2013-07-07,0.0,0.0,0.0,0.0,0.0
2013-07-08,0.0,0.0,0.0,0.0,0.0
2013-07-09,0.0,0.0,0.0,0.0,0.0
2013-07-10,0.0,0.0,0.0,0.0,0.0
2013-07-11,0.0,0.0,0.0,0.0,0.0
2013-07-12,0.0,0.0,0.0,0.0,0.0
2013-07-13,0.0,0.0,0.0,0.0,0.0
2013-07-14,0.0,0.0,0.0,0.0,0.0
2013-07-15,0.0,0.0,0.0,0.0,0.0
2013-07-16,0.0,0.0,0.0,0.0,0.0
2013-07-17,0.0,0.0,0.0,0.0,0.0
2013-07-18,0.0,0.0,0.0,0.0,0.0
2013-07-19,0.0,0.0,0.0,0.0,0.0
2013-07-20,0.0,0.0,0.0,0.0,0.0
2013-07-21,0.0,0.0,0.0,0.0,0.0
2013-07-22,0.0,0.0,0.0,0.0,0.0
2013-07-23,0.0,0.0,0.0,0.0,0.0
2013-07-24,0.0,0.0,0.0,0.0,0.0
2013-07-25,0.0,0.0,0.0,0.0,0.0
2013-07-26,0.0,0.0,0.0,0.0,0.0
2013-07-27,0.0,0.0,0.0,0.0,0.0
2013-07-28,0.0,0.0,0.0,0.0,0.0
2013-07-29,0.0,0.0,0.0,0.0,0.0
2013-07-30,0.0,0.0,0.0,0.0,0.0
2013-07-31,0.0,0.0,0.0,0.0,0.0
2013-08-01,0.0,0.0,0.0,0.0,0.0
2013-08-02,0.0,0.0,0.0,0.0,0.0
2013-08-03,0.0,0.0,0.0,0.0,0.0
2013-08-04,0.0,0.0,0.0,0.0,0.0
2013-08-05,0.0,0.0,0.0,0.0,0.0
2013-08-06,0.0,0.0,0.0,0.0,0.0
2013-08-07,0.0,0.0,0.0,0.0,0.0
2013-08-08,0.0,0.0,0.0,0.0,0.0
2013-08-09,0.0,0.0,0.0,0.0,0.0
2013-08-10,0.0,0.0,0.0,0.0,0.0
2013-08-11,0.0,0.0,0.0,0.0,0.0
2013-08-12,0.0,0.0,0.0,0.0,0.0
2013-08-13,0.0,0.0,0.0,0.0,0.0
2013-08-14,0.0,0.0,0.0,0.0,0.0
2013-08-15,0.0,0.0,0.0,0.0,0.0
2013-08-16,0.0,0.0,0.0,0.0,0.0
2013-08-17,0.0,0.0,0.0,0.0,0.0
2013-08-18,0.0,0.0,0.0,0.0,0.0
2013-08-19,0.0,0.0,0.0,0.0,0.0
2013-08-20,0.0,0.0,0.0,0.0,0.0
2013-08-21,0.0,0.0,0.0,0.0,0.0
2013-08-22,0.0,0.0,0.0,0.0,0.0
2013-08-23,0.0,0.0,0.0,0.0,0.0
2013-08-24,0.0,0.0,0.0,0.0,0.0
2013-08-25,0.0,0.0,0.0,0.0,0.0
2013-08-26,0.0,0.0,0.0,0.0,0.0
2013-08-27,0.0,0.0,0.0,0.0,0.0
2013-08-28,0.0,0.0,0.0,0.0,0.0
2013-08-29,0.0,0.0,0.0,0.0,0.0
2013-08-30,0.0,0.0,0.0,0.0,0.0
2013-08-31,0.0,0.0,0.0,0.0,0.0
2013-09-01,0.0,0.0,0.0,0.0,0.0
2013-09-02,0.0,0.0,0.0,0.0,0.0
2013-09-03,0.0,0.0,0.0,0.0,0.0
2013-09-04,0.0,0.0,0.0,0.0,0.0
2013-09-05,0.0,0.0,0.0,0.0,0.0
2013-09-06,0.0,0.0,0.0,0.0,0.0
2013-09-07,0.0,0.0,0.0,0.0,0.0
2013-09-08,0.0,0.0,0.0,0.0,0.0
2013-09-09,0.0,0.0,0.0,0.0,0.0
2013-09-10,0.0,0.0,0.0,0.0,0.0
2013-09-11,0.0,0.0,0.0,0.0,0.0
2013-09-12,0.0,0.0,0.0,0.0,0.0
2013-09-13,0.0,0.0,0.0,0.0,0.0
2013-09-14,0.0,0.0,0.0,0.0,0.0
2013-09-15,0.0,0.0,0.0,0.0,0.0
2013-09-16,0.0,0.0,0.0,0.0,0.0
2013-09-17,0.0,0.0,0.0,0.0,0.0
2013-09-18,0.0,0.0,0.0,0.0,0.0
2013-09-19,0.0,0.0,0.0,0.0,0.0
2013-09-20,0.0,0.0,0.0,0.0,0.0
2013-09-21,0.0,0.0,0.0,0.0,0.0
2013-09-22,0.0,0.0,0.0,0.0,0.0
2013-09-23,0.0,0.0,0.0,0.0,0.0
2013-09-24,0.0,0.0,0.0,0.0,0.0
2013-09-25,0.0,0.0,0.0,0.0,0.0
2013-09-26,0.0,0.0,0.0,0.0,0.0
2013-09-27,0.0,0.0,0.0,0.0,0.0
2013-09-28,0.0,0.0,0.0,0.0,0.0
2013-09-29,0.0,0.0,0.0,0.0,0.0
2013-09-30,0.0,0.0,0.0,0.0,0.0
2013-10-01,0.0,0.0,0.0,0.0,0.0
2013-10-02,0.0,0.0,0.0,0.0,0.0
2013-10-03,0.0,0.0,0.0,0.0,0.0
2013-10-04,0.0,0.0,0.0,0.0,0.0
2013-10-05,0.0,0.0,0.0,0.0,0.0
2013-10-06,0.0,0.0,0.0,0.0,0.0
2013-10-07,0.0,0.0,0.0,0.0,0.0
2013-10-08,0.0,0.0,0.0,0.0,0.0
2013-10-09,0.0,0.0,0.0,0.0,0.0
2013-10-10,0.0,0.0,0.0,0.0,0.0
2013-10-11,0.0,0.0,0.0,0.0,0.0
2013-10-12,0.0,0.0,0.0,0.0,0.0
2013-10-13,0.0,0.0,0.0,0.0,0.0
2013-10-14,0.0,0.0,0.0,0.0,0.0
2013-10-15,0.0,0.0,0.0,0.0,0.0
2013-10-16,0.0,0.0,0.0,0.0,0.0
2013-10-17,0.0,0.0,0.0,0.0,0.0
2013-10-18,0.0,0.0,0.0,0.0,0.0
2013-10-19,0.0,0.0,0.0,0.0,0.0
2013-10-20,0.0,0.0,0.0,0.0,0.0
2013-10-21,0.0,0.0,0.0,0.0,0.0
2013-10-22,0.0,0.0,0.0,0.0,0.0
2013-10-23,0.0,0.0,0.0,0.0,0.0
2013-10-24,0.0,0.0,0.0,0.0,0.0
2013-10-25,0.0,0.0,0.0,0.0,0.0
2013-10-26,0.0,0.0,0.0,0.0,0.0
2013-10-27,0.0,0.0,0.0,0.0,0.0
2013-10-28,0.0,0.0,0.0,0.0,0.0
2013-10-29,0.0,0.0,0.0,0.0,0.0
2013-10-30,0.0,0.0,0.0,0.0,0.0
2013-10-31,0.0,0.0,0.0,0.0,0.0
2013-11-01,0.0,0.0,0.0,0.0,0.0
2013-11-02,0.0,0.0,0.0,0.0,0.0
2013-11-03,0.0,0.0,0.0,0.0,0.0
2013-11-04,0.0,0.0,0.0,0.0,0.0
2013-11-05,0.0,0.0,0.0,0.0,0.0
2013-11-06,0.0,0.0,0.0,0.0,0.0
2013-11-07,0.0,0.0,0.0,0.0,0.0
2013-11-08,0.0,0.0,0.0,0.0,0.0
2013-11-09,0.0,0.0,0.0,0.0,0.0
2013-11-10,0.0,0.0,0.0,0.0,0.0
2013-11-11,0.0,0.0,0.0,0.0,0.0
2013-11-12,0.0,0.0,0.0,0.0,0.0
2013-11-13,0.0,0.0,0.0,0.0,0.0
2013-11-14,0.0,0.0,0.0,0.0,0.0
2013-11-15,0.0,0.0,0.0,0.0,0.0
2013-11-16,0.0,0.0,0.0,0.0,0.0
2013-11-17,0.0,0.0,0.0,0.0,0.0
2013-11-18,0.0,0.0,0.0,0.0,0.0
2013-11-19,0.0,0.0,0.0,0.0,0.0
2013-11-20,1.501,211.29,14.95,84.78,111.56
2013-11-21,0.292,158.15,8.1,64.8,85.26
2013-11-22,0.038,102.48,6.98,28.18,67.32
2013-11-23,0.005,42.33,6.98,0.0,35.36
2013-11-24,0.001,15.51,6.96,0.0,8.55
2013-11-25,0.0,8.53,6.88,0.0,1.65
2013-11-26,0.0,7.22,6.67,0.0,0.55
2013-11-27,0.0,7.11,6.5,0.0,0.61
2013-11-28,0.0,7.12,6.47,0.0,0.65
2013-11-29,0.0,7.11,6.45,0.0,0.66
2013-11-30,0.0,7.11,6.45,0.0,0.66
2013-12-01,0.0,7.12,6.46,0.0,0.66
2013-12-02,0.0,7.12,6.47,0.0,0.65
2013-12-03,0.0,7.16,6.51,0.0,0.64
2013-12-04,0.0,7.09,6.44,0.0,0.65
2013-12-05,0.0,7.11,6.45,0.0,0.66
2013-12-06,0.006,0.01,0.01,0.0,0.0
2013-12-07,1.428,207.43,12.24,84.29,110.9
2013-12-08,0.152,180.29,6.98,74.71,98.6
2013-12-09,0.021,88.55,6.98,3.03,78.54
2013-12-10,0.003,37.84,6.97,0.0,30.87
2013-12-11,0.0,13.65,6.94,0.0,6.71
2013-12-12,0.0,8.01,6.79,0.0,1.22
2013-12-13,0.0,7.15,6.56,0.0,0.59
2013-12-14,0.0,7.13,6.5,0.0,0.62
2013-12-15,0.0,7.12,6.49,0.0,0.64
2013-12-16,0.0,7.13,6.48,0.0,0.65
2013-12-17,0.0,7.1,6.45,0.0,0.66
2013-12-18,0.0,7.13,6.47,0.0,0.66
2013-12-19,0.0,7.12,6.47,0.0,0.65
2013-12-20,0.0,7.1,6.44,0.0,0.65
2013-12-21,0.0,7.1,6.43,0.0,0.67
2013-12-22,0.0,7.13,6.46,0.0,0.66
2013-12-23,0.0,7.12,6.47,0.0,0.65
2013-12-24,0.0,7.11,6.46,0.0,0.65
2013-12-25,0.0,7.15,6.5,0.0,0.65
2013-12-26,0.0,7.13,6.49,0.0,0.64
2013-12-27,0.0,7.13,6.48,0.0,0.65
2013-12-28,0.0,7.1,6.44,0.0,0.66
2013-12-29,0.0,7.26,6.64,0.0,0.63
2013-12-30,0.0,6.98,6.38,0.0,0.6
2013-12-31,0.0,7.14,6.48,0.0,0.66
2014-01-01,0.0,7.21,6.54,0.0,0.66
2014-01-02,0.0,7.17,6.56,0.0,0.61
2014-01-03,0.0,7.13,6.56,0.0,0.57
2014-01-04,0.0,7.15,6.65,0.0,0.5
2014-01-05,0.0,7.21,6.98,0.0,0.23
2014-01-06,0.0,0.0,0.0,0.0,0.0
2014-01-07,0.0,0.0,0.0,0.0,0.0
2014-01-08,0.0,0.0,0.0,0.0,0.0
2014-01-09,0.0,0.0,0.0,0.0,0.0
2014-01-10,0.0,0.0,0.0,0.0,0.0
2014-01-11,0.0,0.0,0.0,0.0,0.0
2014-01-12,0.0,0.0,0.0,0.0,0.0
2014-01-13,0.0,0.0,0.0,0.0,0.0
2014-01-14,0.0,0.0,0.0,0.0,0.0
2014-01-15,0.0,0.0,0.0,0.0,0.0
2014-01-16,0.0,0.0,0.0,0.0,0.0
2014-01-17,0.0,0.0,0.0,0.0,0.0
2014-01-18,0.0,0.0,0.0,0.0,0.0
2014-01-19,0.0,0.0,0.0,0.0,0.0
2014-01-20,0.0,0.0,0.0,0.0,0.0
2014-01-21,0.0,0.0,0.0,0.0,0.0
2014-01-22,0.0,0.0,0.0,0.0,0.0
2014-01-23,0.0,0.0,0.0,0.0,0.0
2014-01-24,0.0,0.0,0.0,0.0,0.0
2014-01-25,0.0,0.0,0.0,0.0,0.0
2014-01-26,0.0,0.0,0.0,0.0,0.0
2014-01-27,0.0,0.0,0.0,0.0,0.0
2014-01-28,0.0,0.0,0.0,0.0,0.0
2014-01-29,0.0,0.0,0.0,0.0,0.0
2014-01-30,0.0,0.0,0.0,0.0,0.0
2014-01-31,0.0,0.0,0.0,0.0,0.0
2014-02-01,0.0,0.0,0.0,0.0,0.0
2014-02-02,0.497,96.14,9.6,37.37,49.17
2014-02-03,0.192,82.12,7.04,32.42,42.66
2014-02-04,0.026,48.9,6.98,7.35,34.56
2014-02-05,0.004,22.28,6.98,0.0,15.31
2014-02-06,1.247,158.22,12.13,63.08,83.0
2014-02-07,0.239,82.84,6.54,32.95,43.35
2014-02-08,0.555,46.4,7.93,16.61,21.86
2014-02-09,0.454,60.2,6.97,22.98,30.24
2014-02-10,0.164,46.59,6.97,17.11,22.51
2014-02-11,0.023,26.48,6.98,1.8,17.71
2014-02-12,0.003,14.17,6.96,0.0,7.21
2014-02-13,0.0,8.51,6.92,0.0,1.59
2014-02-14,0.0,7.25,6.75,0.0,0.49
2014-02-15,0.0,7.11,6.56,0.0,0.55
2014-02-16,0.0,7.12,6.49,0.0,0.63
2014-02-17,0.0,7.12,6.48,0.0,0.64
2014-02-18,0.0,7.13,6.47,0.0,0.65
2014-02-19,0.0,7.11,6.46,0.0,0.65
2014-02-20,0.0,7.11,6.46,0.0,0.66
2014-02-21,0.0,7.13,6.47,0.0,0.65
2014-02-22,0.0,7.12,6.46,0.0,0.65
2014-02-23,0.0,7.12,6.46,0.0,0.66
2014-02-24,0.0,7.12,6.47,0.0,0.65
2014-02-25,0.0,7.14,6.49,0.0,0.65
2014-02-26,0.5,102.97,9.97,40.14,52.86
2014-02-27,0.564,101.02,9.14,39.67,52.21
2014-02-28,2.65,209.88,15.85,83.79,110.24
2014-03-01,0.384,83.52,7.37,32.88,43.27
2014-03-02,0.057,57.79,6.97,18.6,32.22
2014-03-03,0.008,26.78,6.96,0.0,19.82
2014-03-04,0.001,11.65,6.89,0.0,4.77
2014-03-05,0.001,2.7,2.38,0.0,0.33
2014-03-06,0.041,17.31,6.4,2.82,8.08
2014-03-07,0.007,11.46,6.97,0.0,4.49
2014-03-08,0.001,8.1,6.95,0.0,1.16
2014-03-09,0.0,7.21,6.85,0.0,0.36
2014-03-10,0.0,7.1,6.65,0.0,0.45
2014-03-11,0.0,7.14,6.56,0.0,0.59
2014-03-12,0.0,7.13,6.56,0.0,0.57
2014-03-13,0.0,7.1,6.42,0.0,0.68
2014-03-14,0.0,7.12,6.45,0.0,0.67
2014-03-15,0.0,7.15,6.51,0.0,0.64
2014-03-16,0.0,7.16,6.52,0.0,0.64
2014-03-17,0.0,7.12,6.48,0.0,0.64
2014-03-18,0.0,7.13,6.48,0.0,0.64
2014-03-19,0.0,7.15,6.51,0.0,0.64
2014-03-20,0.0,7.17,6.54,0.0,0.64
2014-03-21,0.0,7.12,6.5,0.0,0.62
2014-03-22,0.0,7.2,6.58,0.0,0.61
2014-03-23,0.0,7.23,6.71,0.0,0.52
2014-03-24,0.0,7.13,6.98,0.0,0.15
2014-03-25,0.0,0.0,0.0,0.0,0.0
2014-03-26,0.812,116.83,10.71,45.82,60.29
2014-03-27,0.175,99.56,6.98,39.98,52.6
2014-03-28,0.024,55.58,6.98,6.16,42.44
2014-03-29,0.235,55.49,6.71,20.95,27.83
2014-03-30,0.196,50.32,6.84,18.77,24.72
2014-03-31,0.705,212.81,10.86,86.98,114.97
2014-04-01,1.11,121.66,10.43,48.02,63.22
2014-04-02,0.325,114.87,8.45,45.95,60.47
2014-04-03,0.041,75.58,6.98,21.44,47.15
2014-04-04,0.006,32.48,6.97,0.0,25.5
2014-04-05,0.001,13.0,6.94,0.0,6.07
2014-04-06,0.0,7.97,6.82,0.0,1.15
2014-04-07,0.0,7.17,6.62,0.0,0.55
2014-04-08,0.0,7.13,6.52,0.0,0.61
2014-04-09,0.0,7.12,6.49,0.0,0.64
2014-04-10,0.0,7.13,6.48,0.0,0.65
2014-04-11,0.0,7.15,6.51,0.0,0.64
2014-04-12,0.0,7.12,6.48,0.0,0.64
2014-04-13,0.0,7.13,6.48,0.0,0.65
2014-04-14,0.0,7.13,6.49,0.0,0.65
2014-04-15,0.0,7.14,6.5,0.0,0.64
2014-04-16,0.0,7.16,6.52,0.0,0.64
2014-04-17,0.0,7.21,6.6,0.0,0.62
2014-04-18,0.0,7.15,6.58,0.0,0.57
2014-04-19,0.0,7.16,6.67,0.0,0.49
2014-04-20,0.0,7.12,6.98,0.0,0.14
2014-04-21,0.0,0.0,0.0,0.0,0.0
2014-04-22,0.0,0.0,0.0,0.0,0.0
2014-04-23,0.0,0.0,0.0,0.0,0.0
2014-04-24,0.0,0.0,0.0,0.0,0.0
2014-04-25,0.0,0.0,0.0,0.0,0.0
2014-04-26,0.0,0.0,0.0,0.0,0.0
2014-04-27,0.0,0.0,0.0,0.0,0.0
2014-04-28,0.0,0.0,0.0,0.0,0.0
2014-04-29,0.0,0.0,0.0,0.0,0.0
2014-04-30,0.0,0.0,0.0,0.0,0.0
2014-05-01,0.0,0.0,0.0,0.0,0.0
2014-05-02,0.0,0.0,0.0,0.0,0.0
2014-05-03,0.0,0.0,0.0,0.0,0.0
2014-05-04,0.0,0.0,0.0,0.0,0.0
2014-05-05,0.0,0.0,0.0,0.0,0.0
2014-05-06,0.0,0.0,0.0,0.0,0.0
2014-05-07,0.0,0.0,0.0,0.0,0.0
2014-05-08,0.0,0.0,0.0,0.0,0.0
2014-05-09,0.0,0.0,0.0,0.0,0.0
2014-05-10,0.0,0.0,0.0,0.0,0.0
2014-05-11,0.0,0.0,0.0,0.0,0.0
2014-05-12,0.0,0.0,0.0,0.0,0.0
2014-05-13,0.0,0.0,0.0,0.0,0.0
2014-05-14,0.0,0.0,0.0,0.0,0.0
2014-05-15,0.0,0.0,0.0,0.0,0.0
2014-05-16,0.0,0.0,0.0,0.0,0.0
2014-05-17,0.0,0.0,0.0,0.0,0.0
2014-05-18,0.0,0.0,0.0,0.0,0.0
2014-05-19,0.0,0.0,0.0,0.0,0.0
2014-05-20,0.0,0.0,0.0,0.0,0.0
2014-05-21,0.0,0.0,0.0,0.0,0.0
2014-05-22,0.0,0.0,0.0,0.0,0.0
2014-05-23,0.0,0.0,0.0,0.0,0.0
2014-05-24,0.0,0.0,0.0,0.0,0.0
2014-05-25,0.0,0.0,0.0,0.0,0.0
2014-05-26,0.0,0.0,0.0,0.0,0.0
2014-05-27,0.0,0.0,0.0,0.0,0.0
2014-05-28,0.0,0.0,0.0,0.0,0.0
2014-05-29,0.0,0.0,0.0,0.0,0.0
2014-05-30,0.0,0.0,0.0,0.0,0.0
2014-05-31,0.0,0.0,0.0,0.0,0.0
2014-06-01,0.0,0.0,0.0,0.0,0.0
2014-06-02,0.0,0.0,0.0,0.0,0.0
2014-06-03,0.0,0.0,0.0,0.0,0.0
2014-06-04,0.0,0.0,0.0,0.0,0.0
2014-06-05,0.0,0.0,0.0,0.0,0.0
2014-06-06,0.0,0.0,0.0,0.0,0.0
2014-06-07,0.0,0.0,0.0,0.0,0.0
2014-06-08,0.0,0.0,0.0,0.0,0.0
2014-06-09,0.0,0.0,0.0,0.0,0.0
2014-06-10,0.0,0.0,0.0,0.0,0.0
2014-06-11,0.0,0.0,0.0,0.0,0.0
2014-06-12,0.0,0.0,0.0,0.0,0.0
2014-06-13,0.0,0.0,0.0,0.0,0.0
2014-06-14,0.0,0.0,0.0,0.0,0.0
2014-06-15,0.0,0.0,0.0,0.0,0.0
2014-06-16,0.0,0.0,0.0,0.0,0.0
2014-06-17,0.0,0.0,0.0,0.0,0.0
2014-06-18,0.0,0.0,0.0,0.0,0.0
2014-06-19,0.0,0.0,0.0,0.0,0.0
2014-06-20,0.0,0.0,0.0,0.0,0.0
2014-06-21,0.0,0.0,0.0,0.0,0.0
2014-06-22,0.0,0.0,0.0,0.0,0.0
2014-06-23,0.0,0.0,0.0,0.0,0.0
2014-06-24,0.0,0.0,0.0,0.0,0.0
2014-06-25,0.0,0.0,0.0,0.0,0.0
2014-06-26,0.0,0.0,0.0,0.0,0.0
2014-06-27,0.0,0.0,0.0,0.0,0.0
2014-06-28,0.0,0.0,0.0,0.0,0.0
2014-06-29,0.0,0.0,0.0,0.0,0.0
2014-06-30,0.0,0.0,0.0,0.0,0.0
2014-07-01,0.0,0.0,0.0,0.0,0.0
2014-07-02,0.0,0.0,0.0,0.0,0.0
2014-07-03,0.0,0.0,0.0,0.0,0.0
2014-07-04,0.0,0.0,0.0,0.0,0.0
2014-07-05,0.0,0.0,0.0,0.0,0.0
2014-07-06,0.0,0.0,0.0,0.0,0.0
2014-07-07,0.0,0.0,0.0,0.0,0.0
2014-07-08,0.0,0.0,0.0,0.0,0.0
2014-07-09,0.0,0.0,0.0,0.0,0.0
2014-07-10,0.0,0.0,0.0,0.0,0.0
2014-07-11,0.0,0.0,0.0,0.0,0.0
2014-07-12,0.0,0.0,0.0,0.0,0.0
2014-07-13,0.0,0.0,0.0,0.0,0.0
2014-07-14,0.0,0.0,0.0,0.0,0.0
2014-07-15,0.0,0.0,0.0,0.0,0.0
2014-07-16,0.0,0.0,0.0,0.0,0.0
2014-07-17,0.0,0.0,0.0,0.0,0.0
2014-07-18,0.0,0.0,0.0,0.0,0.0
2014-07-19,0.0,0.0,0.0,0.0,0.0
2014-07-20,0.0,0.0,0.0,0.0,0.0
2014-07-21,0.0,0.0,0.0,0.0,0.0
2014-07-22,0.0,0.0,0.0,0.0,0.0
2014-07-23,0.0,0.0,0.0,0.0,0.0
2014-07-24,0.0,0.0,0.0,0.0,0.0
2014-07-25,0.0,0.0,0.0,0.0,0.0
2014-07-26,0.0,0.0,0.0,0.0,0.0
2014-07-27,0.0,0.0,0.0,0.0,0.0
2014-07-28,0.0,0.0,0.0,0.0,0.0
2014-07-29,0.0,0.0,0.0,0.0,0.0
2014-07-30,0.0,0.0,0.0,0.0,0.0
2014-07-31,0.0,0.0,0.0,0.0,0.0
2014-08-01,0.0,0.0,0.0,0.0,0.0
2014-08-02,0.0,0.0,0.0,0.0,0.0
2014-08-03,0.0,0.0,0.0,0.0,0.0
2014-08-04,0.0,0.0,0.0,0.0,0.0
2014-08-05,0.0,0.0,0.0,0.0,0.0
2014-08-06,0.0,0.0,0.0,0.0,0.0
2014-08-07,0.0,0.0,0.0,0.0,0.0
2014-08-08,0.0,0.0,0.0,0.0,0.0
2014-08-09,0.0,0.0,0.0,0.0,0.0
2014-08-10,0.0,0.0,0.0,0.0,0.0
2014-08-11,0.0,0.0,0.0,0.0,0.0
2014-08-12,0.0,0.0,0.0,0.0,0.0
2014-08-13,0.0,0.0,0.0,0.0,0.0
2014-08-14,0.0,0.0,0.0,0.0,0.0
2014-08-15,0.0,0.0,0.0,0.0,0.0
2014-08-16,0.0,0.0,0.0,0.0,0.0
2014-08-17,0.0,0.0,0.0,0.0,0.0
2014-08-18,0.0,0.0,0.0,0.0,0.0
2014-08-19,0.0,0.0,0.0,0.0,0.0
2014-08-20,0.0,0.0,0.0,0.0,0.0
2014-08-21,0.0,0.0,0.0,0.0,0.0
2014-08-22,0.0,0.0,0.0,0.0,0.0
2014-08-23,0.0,0.0,0.0,0.0,0.0
2014-08-24,0.0,0.0,0.0,0.0,0.0
2014-08-25,0.0,0.0,0.0,0.0,0.0
2014-08-26,0.0,0.0,0.0,0.0,0.0
2014-08-27,0.0,0.0,0.0,0.0,0.0
2014-08-28,0.0,0.0,0.0,0.0,0.0
2014-08-29,0.0,0.0,0.0,0.0,0.0
2014-08-30,0.0,0.0,0.0,0.0,0.0
2014-08-31,0.0,0.0,0.0,0.0,0.0
2014-09-01,0.0,0.0,0.0,0.0,0.0
2014-09-02,0.0,0.0,0.0,0.0,0.0
2014-09-03,0.0,0.0,0.0,0.0,0.0
2014-09-04,0.0,0.0,0.0,0.0,0.0
2014-09-05,0.0,0.0,0.0,0.0,0.0
2014-09-06,0.0,0.0,0.0,0.0,0.0
2014-09-07,0.0,0.0,0.0,0.0,0.0
2014-09-08,0.0,0.0,0.0,0.0,0.0
2014-09-09,0.0,0.0,0.0,0.0,0.0
2014-09-10,0.0,0.0,0.0,0.0,0.0
2014-09-11,0.0,0.0,0.0,0.0,0.0
2014-09-12,0.0,0.0,0.0,0.0,0.0
2014-09-13,0.0,0.0,0.0,0.0,0.0
2014-09-14,0.0,0.0,0.0,0.0,0.0
2014-09-15,0.0,0.0,0.0,0.0,0.0
2014-09-16,0.0,0.0,0.0,0.0,0.0
2014-09-17,0.0,0.0,0.0,0.0,0.0
2014-09-18,0.0,0.0,0.0,0.0,0.0
2014-09-19,0.0,0.0,0.0,0.0,0.0
2014-09-20,0.0,0.0,0.0,0.0,0.0
2014-09-21,0.0,0.0,0.0,0.0,0.0
2014-09-22,0.0,0.0,0.0,0.0,0.0
2014-09-23,0.0,0.0,0.0,0.0,0.0
2014-09-24,0.0,0.0,0.0,0.0,0.0
2014-09-25,0.672,191.63,11.03,77.99,102.61
2014-09-26,0.104,134.9,6.98,53.24,74.68
2014-09-27,0.014,63.33,6.98,0.0,56.36
2014-09-28,0.002,25.71,6.98,0.0,18.74
2014-09-29,0.0,11.09,6.97,0.0,4.12
2014-09-30,0.0,7.79,6.93,0.0,0.86
2014-10-01,0.0,7.15,6.8,0.0,0.36
2014-10-02,0.0,7.15,6.67,0.0,0.48
2014-10-03,0.0,7.17,6.65,0.0,0.51
2014-10-04,0.0,7.1,6.55,0.0,0.55
2014-10-05,0.0,7.15,6.86,0.0,0.29
2014-10-06,0.0,7.12,6.98,0.0,0.14
2014-10-07,0.0,0.0,0.0,0.0,0.0
2014-10-08,0.0,0.0,0.0,0.0,0.0
2014-10-09,0.0,0.0,0.0,0.0,0.0
2014-10-10,0.0,0.0,0.0,0.0,0.0
2014-10-11,0.0,0.0,0.0,0.0,0.0
2014-10-12,0.0,0.0,0.0,0.0,0.0
2014-10-13,0.0,0.0,0.0,0.0,0.0
2014-10-14,0.0,0.0,0.0,0.0,0.0
2014-10-15,0.0,0.0,0.0,0.0,0.0
2014-10-16,0.0,0.0,0.0,0.0,0.0
2014-10-17,0.0,0.0,0.0,0.0,0.0
2014-10-18,0.0,0.0,0.0,0.0,0.0
2014-10-19,0.0,0.0,0.0,0.0,0.0
2014-10-20,0.0,0.0,0.0,0.0,0.0
2014-10-21,0.0,0.0,0.0,0.0,0.0
2014-10-22,0.0,0.0,0.0,0.0,0.0
2014-10-23,0.0,0.0,0.0,0.0,0.0
2014-10-24,0.0,0.0,0.0,0.0,0.0
2014-10-25,0.0,0.0,0.0,0.0,0.0
2014-10-26,0.0,0.0,0.0,0.0,0.0
2014-10-27,0.0,0.0,0.0,0.0,0.0
2014-10-28,0.0,0.0,0.0,0.0,0.0
2014-10-29,0.0,0.0,0.0,0.0,0.0
2014-10-30,0.0,0.0,0.0,0.0,0.0
2014-10-31,0.0,0.0,0.0,0.0,0.0
2014-11-01,0.0,0.0,0.0,0.0,0.0
2014-11-02,0.0,0.0,0.0,0.0,0.0
2014-11-03,0.0,0.0,0.0,0.0,0.0
2014-11-04,0.0,0.0,0.0,0.0,0.0
2014-11-05,0.0,0.0,0.0,0.0,0.0
2014-11-06,0.0,0.0,0.0,0.0,0.0
2014-11-07,0.0,0.0,0.0,0.0,0.0
2014-11-08,0.0,0.0,0.0,0.0,0.0
2014-11-09,0.0,0.0,0.0,0.0,0.0
2014-11-10,0.0,0.0,0.0,0.0,0.0
2014-11-11,0.0,0.0,0.0,0.0,0.0
2014-11-12,0.0,0.0,0.0,0.0,0.0
2014-11-13,0.252,77.47,6.62,30.55,40.3
2014-11-14,0.055,65.91,6.97,21.36,37.59
2014-11-15,0.008,30.38,6.98,0.0,23.4
2014-11-16,0.001,13.26,6.98,0.0,6.29
2014-11-17,0.0,8.33,6.98,0.0,1.36
2014-11-18,0.0,7.26,6.98,0.0,0.28
2014-11-19,0.0,7.04,6.98,0.0,0.06
2014-11-20,0.056,47.04,5.17,18.08,23.79
2014-11-21,0.109,55.89,6.98,20.46,28.45
2014-11-22,0.163,46.1,6.01,16.4,23.69
2014-11-23,0.128,35.46,6.94,12.07,16.46
2014-11-24,0.018,19.44,6.98,0.06,12.4
2014-11-25,0.003,11.59,6.98,0.0,4.61
2014-11-26,0.0,8.02,6.97,0.0,1.05
2014-11-27,0.0,7.19,6.93,0.0,0.26
2014-11-28,0.0,7.06,6.77,0.0,0.29
2014-11-29,0.0,7.08,6.53,0.0,0.55
2014-11-30,0.437,128.03,8.56,51.59,67.88
2014-12-01,0.142,109.02,6.96,43.89,58.16
2014-12-02,5.081,241.09,19.31,95.68,126.09
2014-12-03,4.023,191.11,16.64,75.34,99.13
2014-12-04,0.465,81.42,9.51,31.05,40.86
2014-12-05,0.111,40.2,5.65,13.3,21.25
2014-12-06,1.143,124.2,11.35,48.66,64.2
2014-12-07,0.117,96.2,6.97,37.63,51.6
2014-12-08,0.017,44.95,6.95,0.01,37.98
2014-12-09,0.003,17.48,6.82,0.0,10.67
2014-12-10,0.001,8.12,6.67,0.0,1.45
2014-12-11,10.898,351.43,24.25,141.28,185.9
2014-12-12,2.781,204.71,21.23,79.23,104.25
2014-12-13,0.167,82.7,6.95,32.71,43.04
2014-12-14,0.03,40.09,6.84,5.81,27.44
2014-12-15,3.24,195.11,15.57,77.5,102.05
2014-12-16,2.061,208.87,15.27,83.6,110.0
2014-12-17,0.767,184.22,12.19,74.29,97.75
2014-12-18,0.127,81.56,6.91,32.2,42.45
2014-12-19,0.258,48.51,6.91,16.98,24.61
2014-12-20,0.175,44.06,6.89,15.89,21.29
2014-12-21,0.038,22.39,6.77,4.08,11.55
2014-12-22,0.017,9.76,6.55,0.0,3.2
2014-12-23,0.013,7.49,6.47,0.0,1.02
2014-12-24,0.011,7.32,6.49,0.0,0.83
2014-12-25,0.008,7.27,6.53,0.0,0.73
2014-12-26,0.006,7.13,6.43,0.0,0.71
2014-12-27,0.006,7.18,6.42,0.0,0.76
2014-12-28,0.006,7.16,6.42,0.0,0.74
2014-12-29,0.006,7.21,6.46,0.0,0.75
2014-12-30,0.004,7.36,6.69,0.0,0.67
2014-12-31,0.001,6.93,6.69,0.0,0.24
2015-01-01,0.001,7.05,6.32,0.0,0.73
2015-01-02,0.001,7.07,6.36,0.0,0.71
2015-01-03,0.002,7.13,6.42,0.0,0.71
2015-01-04,0.002,7.18,6.5,0.0,0.68
2015-01-05,0.001,7.26,6.61,0.0,0.65
2015-01-06,0.0,7.0,6.78,0.0,0.22
2015-01-07,0.0,7.25,6.57,0.0,0.67
2015-01-08,0.0,7.07,6.42,0.0,0.65
2015-01-09,0.0,7.17,6.55,0.0,0.62
2015-01-10,0.0,7.17,6.98,0.0,0.19
2015-01-11,0.0,7.02,6.98,0.0,0.04
2015-01-12,0.0,6.99,6.98,0.0,0.01
2015-01-13,0.0,6.98,6.98,0.0,0.0
2015-01-14,0.0,0.0,0.0,0.0,0.0
2015-01-15,0.0,0.0,0.0,0.0,0.0
2015-01-16,0.0,0.0,0.0,0.0,0.0
2015-01-17,0.0,0.0,0.0,0.0,0.0
2015-01-18,0.0,0.0,0.0,0.0,0.0
2015-01-19,0.0,0.0,0.0,0.0,0.0
2015-01-20,0.0,0.0,0.0,0.0,0.0
2015-01-21,0.0,0.0,0.0,0.0,0.0
2015-01-22,0.0,0.0,0.0,0.0,0.0
2015-01-23,0.0,0.0,0.0,0.0,0.0
2015-01-24,0.0,0.0,0.0,0.0,0.0
2015-01-25,0.0,0.0,0.0,0.0,0.0
2015-01-26,0.0,0.0,0.0,0.0,0.0
2015-01-27,0.0,0.0,0.0,0.0,0.0
2015-01-28,0.0,0.0,0.0,0.0,0.0
2015-01-29,0.0,0.0,0.0,0.0,0.0
2015-01-30,0.0,0.0,0.0,0.0,0.0
2015-01-31,0.0,0.0,0.0,0.0,0.0
2015-02-01,0.0,0.0,0.0,0.0,0.0
2015-02-02,0.0,0.0,0.0,0.0,0.0
2015-02-03,0.0,0.0,0.0,0.0,0.0
2015-02-04,0.0,0.0,0.0,0.0,0.0
2015-02-05,0.0,0.0,0.0,0.0,0.0
2015-02-06,1.519,195.46,15.61,77.66,102.19
2015-02-07,1.473,135.07,12.92,52.75,69.4
2015-02-08,3.374,293.74,17.54,119.27,156.93
2015-02-09,0.391,159.99,9.09,65.16,85.74
2015-02-10,0.051,100.37,6.93,32.87,60.58
2015-02-11,0.011,32.24,6.76,0.0,25.49
2015-02-12,0.005,9.57,6.55,0.0,3.02
2015-02-13,0.004,7.3,6.5,0.0,0.8
2015-02-14,0.003,7.17,6.48,0.0,0.69
2015-02-15,0.002,7.17,6.49,0.0,0.68
2015-02-16,0.002,7.16,6.49,0.0,0.67
2015-02-17,0.001,7.16,6.49,0.0,0.66
2015-02-18,0.001,7.16,6.51,0.0,0.65
2015-02-19,0.001,7.18,6.54,0.0,0.64
2015-02-20,0.0,7.23,6.62,0.0,0.61
2015-02-21,0.0,7.18,6.78,0.0,0.4
2015-02-22,0.0,7.14,6.77,0.0,0.37
2015-02-23,0.0,7.12,6.69,0.0,0.43
2015-02-24,0.0,7.09,6.46,0.0,0.62
2015-02-25,0.0,7.16,6.51,0.0,0.65
2015-02-26,0.0,7.18,6.55,0.0,0.63
2015-02-27,0.0,7.22,6.62,0.0,0.6
2015-02-28,0.0,7.11,6.8,0.0,0.32
2015-03-01,0.0,7.13,6.54,0.0,0.59
2015-03-02,0.0,7.19,6.98,0.0,0.21
2015-03-03,0.0,0.0,0.0,0.0,0.0
2015-03-04,0.0,0.0,0.0,0.0,0.0
2015-03-05,0.0,0.0,0.0,0.0,0.0
2015-03-06,0.0,0.0,0.0,0.0,0.0
2015-03-07,0.0,0.0,0.0,0.0,0.0
2015-03-08,0.0,0.0,0.0,0.0,0.0
2015-03-09,0.0,0.0,0.0,0.0,0.0
2015-03-10,0.0,0.0,0.0,0.0,0.0
2015-03-11,0.0,0.0,0.0,0.0,0.0
2015-03-12,0.0,0.0,0.0,0.0,0.0
2015-03-13,0.0,0.0,0.0,0.0,0.0
2015-03-14,0.0,0.0,0.0,0.0,0.0
2015-03-15,0.0,0.0,0.0,0.0,0.0
2015-03-16,0.0,0.0,0.0,0.0,0.0
2015-03-17,0.0,0.0,0.0,0.0,0.0
2015-03-18,0.0,0.0,0.0,0.0,0.0
2015-03-19,0.0,0.0,0.0,0.0,0.0
2015-03-20,0.0,0.0,0.0,0.0,0.0
2015-03-21,0.0,0.0,0.0,0.0,0.0
2015-03-22,0.0,0.0,0.0,0.0,0.0
2015-03-23,0.0,0.0,0.0,0.0,0.0
2015-03-24,0.0,0.0,0.0,0.0,0.0
2015-03-25,0.0,0.0,0.0,0.0,0.0
2015-03-26,0.0,0.0,0.0,0.0,0.0
2015-03-27,0.0,0.0,0.0,0.0,0.0
2015-03-28,0.0,0.0,0.0,0.0,0.0
2015-03-29,0.0,0.0,0.0,0.0,0.0
2015-03-30,0.0,0.0,0.0,0.0,0.0
2015-03-31,0.0,0.0,0.0,0.0,0.0
2015-04-01,0.0,0.0,0.0,0.0,0.0
2015-04-02,0.0,0.0,0.0,0.0,0.0
2015-04-03,0.0,0.0,0.0,0.0,0.0
2015-04-04,0.0,0.0,0.0,0.0,0.0
2015-04-05,0.0,0.0,0.0,0.0,0.0
2015-04-06,0.0,0.0,0.0,0.0,0.0
2015-04-07,1.3,158.83,12.75,63.08,83.0
2015-04-08,0.129,112.2,6.98,44.84,60.38
2015-04-09,0.018,54.15,6.98,0.12,47.05
2015-04-10,0.002,24.15,6.97,0.0,17.18
2015-04-11,0.0,10.74,6.96,0.0,3.78
2015-04-12,0.0,7.66,6.87,0.0,0.79
2015-04-13,0.0,7.15,6.68,0.0,0.47
2015-04-14,0.0,7.13,6.55,0.0,0.57
2015-04-15,0.0,7.1,6.47,0.0,0.63
2015-04-16,0.0,7.15,6.5,0.0,0.64
2015-04-17,0.0,7.13,6.48,0.0,0.65
2015-04-18,0.0,7.15,6.51,0.0,0.64
2015-04-19,0.0,7.18,6.56,0.0,0.62
2015-04-20,0.0,7.25,6.67,0.0,0.58
2015-04-21,0.0,7.17,6.81,0.0,0.35
2015-04-22,0.0,7.09,6.98,0.0,0.11
2015-04-23,0.0,0.0,0.0,0.0,0.0
2015-04-24,0.0,0.0,0.0,0.0,0.0
2015-04-25,0.313,96.19,7.49,38.3,50.4
2015-04-26,0.047,66.82,6.98,20.3,39.54
2015-04-27,0.006,29.99,6.98,0.0,23.01
2015-04-28,0.001,12.93,6.98,0.0,5.95
2015-04-29,0.0,8.25,6.97,0.0,1.28
2015-04-30,0.0,7.25,6.97,0.0,0.28
2015-05-01,0.0,7.04,6.98,0.0,0.06
2015-05-02,0.0,6.99,6.98,0.0,0.01
2015-05-03,0.0,6.98,6.98,0.0,0.0
2015-05-04,0.0,0.0,0.0,0.0,0.0
2015-05-05,0.0,0.0,0.0,0.0,0.0
2015-05-06,0.0,0.0,0.0,0.0,0.0
2015-05-07,0.0,0.0,0.0,0.0,0.0
2015-05-08,0.0,0.0,0.0,0.0,0.0
2015-05-09,0.0,0.0,0.0,0.0,0.0
2015-05-10,0.0,0.0,0.0,0.0,0.0
2015-05-11,0.0,0.0,0.0,0.0,0.0
2015-05-12,0.0,0.0,0.0,0.0,0.0
2015-05-13,0.0,0.0,0.0,0.0,0.0
2015-05-14,0.0,0.0,0.0,0.0,0.0
2015-05-15,0.0,0.0,0.0,0.0,0.0
2015-05-16,0.0,0.0,0.0,0.0,0.0
2015-05-17,0.0,0.0,0.0,0.0,0.0
2015-05-18,0.0,0.0,0.0,0.0,0.0
2015-05-19,0.0,0.0,0.0,0.0,0.0
2015-05-20,0.0,0.0,0.0,0.0,0.0
2015-05-21,0.0,0.0,0.0,0.0,0.0
2015-05-22,0.0,0.0,0.0,0.0,0.0
2015-05-23,0.0,0.0,0.0,0.0,0.0
2015-05-24,0.0,0.0,0.0,0.0,0.0
2015-05-25,0.0,0.0,0.0,0.0,0.0
2015-05-26,0.0,0.0,0.0,0.0,0.0
2015-05-27,0.0,0.0,0.0,0.0,0.0
2015-05-28,0.0,0.0,0.0,0.0,0.0
2015-05-29,0.0,0.0,0.0,0.0,0.0
2015-05-30,0.0,0.0,0.0,0.0,0.0
2015-05-31,0.0,0.0,0.0,0.0,0.0
2015-06-01,0.0,0.0,0.0,0.0,0.0
2015-06-02,0.0,0.0,0.0,0.0,0.0
2015-06-03,0.0,0.0,0.0,0.0,0.0
2015-06-04,0.0,0.0,0.0,0.0,0.0
2015-06-05,0.0,0.0,0.0,0.0,0.0
2015-06-06,0.0,0.0,0.0,0.0,0.0
2015-06-07,0.0,0.0,0.0,0.0,0.0
2015-06-08,0.0,0.0,0.0,0.0,0.0
2015-06-09,0.0,0.0,0.0,0.0,0.0
2015-06-10,0.0,0.0,0.0,0.0,0.0
2015-06-11,0.0,0.0,0.0,0.0,0.0
2015-06-12,0.0,0.0,0.0,0.0,0.0
2015-06-13,0.0,0.0,0.0,0.0,0.0
2015-06-14,0.0,0.0,0.0,0.0,0.0
2015-06-15,0.0,0.0,0.0,0.0,0.0
2015-06-16,0.0,0.0,0.0,0.0,0.0
2015-06-17,0.0,0.0,0.0,0.0,0.0
2015-06-18,0.0,0.0,0.0,0.0,0.0
2015-06-19,0.0,0.0,0.0,0.0,0.0
2015-06-20,0.0,0.0,0.0,0.0,0.0
2015-06-21,0.0,0.0,0.0,0.0,0.0
2015-06-22,0.0,0.0,0.0,0.0,0.0
2015-06-23,0.0,0.0,0.0,0.0,0.0
2015-06-24,0.0,0.0,0.0,0.0,0.0
2015-06-25,0.0,0.0,0.0,0.0,0.0
2015-06-26,0.0,0.0,0.0,0.0,0.0
2015-06-27,0.0,0.0,0.0,0.0,0.0
2015-06-28,0.0,0.0,0.0,0.0,0.0
2015-06-29,0.0,0.0,0.0,0.0,0.0
2015-06-30,0.0,0.0,0.0,0.0,0.0
2015-07-01,0.0,0.0,0.0,0.0,0.0
2015-07-02,0.0,0.0,0.0,0.0,0.0
2015-07-03,0.0,0.0,0.0,0.0,0.0
2015-07-04,0.0,0.0,0.0,0.0,0.0
2015-07-05,0.0,0.0,0.0,0.0,0.0
2015-07-06,0.0,0.0,0.0,0.0,0.0
2015-07-07,0.0,0.0,0.0,0.0,0.0
2015-07-08,0.0,0.0,0.0,0.0,0.0
2015-07-09,0.0,0.0,0.0,0.0,0.0
2015-07-10,0.0,0.0,0.0,0.0,0.0
2015-07-11,0.0,0.0,0.0,0.0,0.0
2015-07-12,0.0,0.0,0.0,0.0,0.0
2015-07-13,0.0,0.0,0.0,0.0,0.0
2015-07-14,0.0,0.0,0.0,0.0,0.0
2015-07-15,0.0,0.0,0.0,0.0,0.0
2015-07-16,0.0,0.0,0.0,0.0,0.0
2015-07-17,0.0,0.0,0.0,0.0,0.0
2015-07-18,0.0,0.0,0.0,0.0,0.0
2015-07-19,0.0,0.0,0.0,0.0,0.0
2015-07-20,0.0,0.0,0.0,0.0,0.0
2015-07-21,0.0,0.0,0.0,0.0,0.0
2015-07-22,0.0,0.0,0.0,0.0,0.0
2015-07-23,0.0,0.0,0.0,0.0,0.0
2015-07-24,0.0,0.0,0.0,0.0,0.0
2015-07-25,0.0,0.0,0.0,0.0,0.0
2015-07-26,0.0,0.0,0.0,0.0,0.0
2015-07-27,0.0,0.0,0.0,0.0,0.0
2015-07-28,0.0,0.0,0.0,0.0,0.0
2015-07-29,0.0,0.0,0.0,0.0,0.0
2015-07-30,0.0,0.0,0.0,0.0,0.0
2015-07-31,0.0,0.0,0.0,0.0,0.0
2015-08-01,0.0,0.0,0.0,0.0,0.0
2015-08-02,0.0,0.0,0.0,0.0,0.0
2015-08-03,0.0,0.0,0.0,0.0,0.0
2015-08-04,0.0,0.0,0.0,0.0,0.0
2015-08-05,0.0,0.0,0.0,0.0,0.0
2015-08-06,0.0,0.0,0.0,0.0,0.0
2015-08-07,0.0,0.0,0.0,0.0,0.0
2015-08-08,0.0,0.0,0.0,0.0,0.0
2015-08-09,0.0,0.0,0.0,0.0,0.0
2015-08-10,0.0,0.0,0.0,0.0,0.0
2015-08-11,0.0,0.0,0.0,0.0,0.0
2015-08-12,0.0,0.0,0.0,0.0,0.0
2015-08-13,0.0,0.0,0.0,0.0,0.0
2015-08-14,0.0,0.0,0.0,0.0,0.0
2015-08-15,0.0,0.0,0.0,0.0,0.0
2015-08-16,0.0,0.0,0.0,0.0,0.0
2015-08-17,0.0,0.0,0.0,0.0,0.0
2015-08-18,0.0,0.0,0.0,0.0,0.0
2015-08-19,0.0,0.0,0.0,0.0,0.0
2015-08-20,0.0,0.0,0.0,0.0,0.0
2015-08-21,0.0,0.0,0.0,0.0,0.0
2015-08-22,0.0,0.0,0.0,0.0,0.0
2015-08-23,0.0,0.0,0.0,0.0,0.0
2015-08-24,0.0,0.0,0.0,0.0,0.0
2015-08-25,0.0,0.0,0.0,0.0,0.0
2015-08-26,0.0,0.0,0.0,0.0,0.0
2015-08-27,0.0,0.0,0.0,0.0,0.0
2015-08-28,0.0,0.0,0.0,0.0,0.0
2015-08-29,0.0,0.0,0.0,0.0,0.0
2015-08-30,0.0,0.0,0.0,0.0,0.0
2015-08-31,0.0,0.0,0.0,0.0,0.0
2015-09-01,0.0,0.0,0.0,0.0,0.0
2015-09-02,0.0,0.0,0.0,0.0,0.0
2015-09-03,0.0,0.0,0.0,0.0,0.0
2015-09-04,0.0,0.0,0.0,0.0,0.0
2015-09-05,0.0,0.0,0.0,0.0,0.0
2015-09-06,0.0,0.0,0.0,0.0,0.0
2015-09-07,0.0,0.0,0.0,0.0,0.0
2015-09-08,0.0,0.0,0.0,0.0,0.0
2015-09-09,0.0,0.0,0.0,0.0,0.0
2015-09-10,0.0,0.0,0.0,0.0,0.0
2015-09-11,0.0,0.0,0.0,0.0,0.0
2015-09-12,0.0,0.0,0.0,0.0,0.0
2015-09-13,0.0,0.0,0.0,0.0,0.0
2015-09-14,0.0,0.0,0.0,0.0,0.0
2015-09-15,0.0,0.0,0.0,0.0,0.0
2015-09-16,0.0,0.0,0.0,0.0,0.0
2015-09-17,0.0,0.0,0.0,0.0,0.0
2015-09-18,0.0,0.0,0.0,0.0,0.0
2015-09-19,0.0,0.0,0.0,0.0,0.0
2015-09-20,0.0,0.0,0.0,0.0,0.0
2015-09-21,0.0,0.0,0.0,0.0,0.0
2015-09-22,0.0,0.0,0.0,0.0,0.0
2015-09-23,0.0,0.0,0.0,0.0,0.0
2015-09-24,0.0,0.0,0.0,0.0,0.0
2015-09-25,0.0,0.0,0.0,0.0,0.0
2015-09-26,0.0,0.0,0.0,0.0,0.0
2015-09-27,0.0,0.0,0.0,0.0,0.0
2015-09-28,0.0,0.0,0.0,0.0,0.0
2015-09-29,0.0,0.0,0.0,0.0,0.0
2015-09-30,0.0,0.0,0.0,0.0,0.0
2015-10-01,0.0,0.0,0.0,0.0,0.0
2015-10-02,0.0,0.0,0.0,0.0,0.0
2015-10-03,0.0,0.0,0.0,0.0,0.0
2015-10-04,0.0,0.0,0.0,0.0,0.0
2015-10-05,0.0,0.0,0.0,0.0,0.0
2015-10-06,0.0,0.0,0.0,0.0,0.0
2015-10-07,0.0,0.0,0.0,0.0,0.0
2015-10-08,0.0,0.0,0.0,0.0,0.0
2015-10-09,0.0,0.0,0.0,0.0,0.0
2015-10-10,0.0,0.0,0.0,0.0,0.0
2015-10-11,0.0,0.0,0.0,0.0,0.0
2015-10-12,0.0,0.0,0.0,0.0,0.0
2015-10-13,0.0,0.0,0.0,0.0,0.0
2015-10-14,0.0,0.0,0.0,0.0,0.0
2015-10-15,0.0,0.0,0.0,0.0,0.0
2015-10-16,0.0,0.0,0.0,0.0,0.0
2015-10-17,0.0,0.0,0.0,0.0,0.0
2015-10-18,0.0,0.0,0.0,0.0,0.0
2015-10-19,0.0,0.0,0.0,0.0,0.0
2015-10-20,0.0,0.0,0.0,0.0,0.0
2015-10-21,0.0,0.0,0.0,0.0,0.0
2015-10-22,0.0,0.0,0.0,0.0,0.0
2015-10-23,0.0,0.0,0.0,0.0,0.0
2015-10-24,0.0,0.0,0.0,0.0,0.0
2015-10-25,0.0,0.0,0.0,0.0,0.0
2015-10-26,0.0,0.0,0.0,0.0,0.0
2015-10-27,0.0,0.0,0.0,0.0,0.0
2015-10-28,0.0,0.0,0.0,0.0,0.0
2015-10-29,0.0,0.0,0.0,0.0,0.0
2015-10-30,0.0,0.0,0.0,0.0,0.0
2015-10-31,0.0,0.0,0.0,0.0,0.0
2015-11-01,0.0,0.0,0.0,0.0,0.0
2015-11-02,2.068,238.74,15.26,96.51,126.98
2015-11-03,0.19,174.87,7.02,72.48,95.37
2015-11-04,0.026,100.19,6.98,16.01,77.2
2015-11-05,0.004,40.78,6.97,0.0,33.8
2015-11-06,0.001,14.51,6.94,0.0,7.56
2015-11-07,0.0,8.19,6.81,0.0,1.38
2015-11-08,0.0,7.17,6.58,0.0,0.59
2015-11-09,0.116,52.78,6.12,20.12,26.53
2015-11-10,0.054,47.96,6.98,14.73,26.25
2015-11-11,0.007,23.15,6.98,0.0,16.17
2015-11-12,0.001,11.24,6.97,0.0,4.27
2015-11-13,0.0,7.82,6.92,0.0,0.91
2015-11-14,0.0,7.15,6.74,0.0,0.41
2015-11-15,0.445,122.39,8.19,49.18,65.02
2015-11-16,0.091,104.55,6.98,39.73,57.84
2015-11-17,0.013,49.33,6.98,0.0,42.36
2015-11-18,0.002,20.19,6.97,0.0,13.22
2015-11-19,0.0,9.73,6.94,0.0,2.79
2015-11-20,0.0,7.44,6.8,0.0,0.63
2015-11-21,0.0,7.13,6.59,0.0,0.53
2015-11-22,0.0,7.1,6.48,0.0,0.63
2015-11-23,0.0,7.11,6.46,0.0,0.66
2015-11-24,0.003,0.02,0.02,0.0,0.0
2015-11-25,0.281,56.25,6.74,21.38,28.13
2015-11-26,0.041,45.32,6.98,12.1,26.24
2015-11-27,0.006,21.4,6.98,0.0,14.42
2015-11-28,0.001,10.59,6.97,0.0,3.61
2015-11-29,0.0,7.71,6.94,0.0,0.77
2015-11-30,0.0,7.14,6.79,0.0,0.35
2015-12-01,0.0,7.09,6.58,0.0,0.51
2015-12-02,0.0,7.12,6.49,0.0,0.63
2015-12-03,0.0,7.13,6.49,0.0,0.64
2015-12-04,0.0,7.07,6.39,0.0,0.68
2015-12-05,0.0,7.17,6.5,0.0,0.67
2015-12-06,0.0,7.06,6.43,0.0,0.63
2015-12-07,0.0,7.11,6.43,0.0,0.68
2015-12-08,0.0,7.12,6.46,0.0,0.66
2015-12-09,0.0,7.16,6.51,0.0,0.65
2015-12-10,0.09,36.31,3.39,14.22,18.7
2015-12-11,0.797,83.92,9.93,31.95,42.04
2015-12-12,0.091,59.18,6.97,21.32,30.89
2015-12-13,1.55,389.33,14.47,161.78,213.08
2015-12-14,0.212,294.6,7.21,124.08,163.31
2015-12-15,0.029,174.76,6.98,36.18,131.61
2015-12-16,0.004,67.42,6.97,0.0,60.45
2015-12-17,0.001,20.23,6.93,0.0,13.3
2015-12-18,0.0,8.85,6.76,0.0,2.09
2015-12-19,0.0,7.21,6.55,0.0,0.65
2015-12-20,0.0,7.11,6.47,0.0,0.65
2015-12-21,1.424,95.7,11.98,36.13,47.59
2015-12-22,1.296,96.13,13.08,35.86,47.19
2015-12-23,0.119,51.32,6.97,18.75,25.6
2015-12-24,0.415,76.09,8.08,29.01,39.01
2015-12-25,0.126,68.83,6.98,26.22,35.64
2015-12-26,0.017,34.66,6.98,0.05,27.64
2015-12-27,0.002,16.7,6.96,0.0,9.75
2015-12-28,0.0,8.81,6.87,0.0,1.95
2015-12-29,0.0,7.25,6.65,0.0,0.6
2015-12-30,0.0,7.12,6.51,0.0,0.61
2015-12-31,0.0,7.12,6.48,0.0,0.64
2016-01-01,0.0,7.12,6.48,0.0,0.65
2016-01-02,0.0,7.12,6.46,0.0,0.66
2016-01-03,0.0,7.13,6.49,0.0,0.64
2016-01-04,0.0,7.11,6.45,0.0,0.66
2016-01-05,1.672,160.77,12.76,63.91,84.09
2016-01-06,1.713,163.89,13.08,65.12,85.69
2016-01-07,0.167,108.01,6.98,43.63,57.4
2016-01-08,0.023,57.16,6.97,4.7,45.49
2016-01-09,0.003,25.33,6.95,0.0,18.37
2016-01-10,0.001,9.73,6.73,0.0,2.99
2016-01-11,0.0,7.38,6.7,0.0,0.68
2016-01-12,0.0,7.15,6.44,0.0,0.7
2016-01-13,0.0,7.07,6.55,0.0,0.52
2016-01-14,0.0,7.18,6.5,0.0,0.68
2016-01-15,0.0,7.11,6.47,0.0,0.64
2016-01-16,0.0,7.13,6.52,0.0,0.6
2016-01-17,0.708,88.09,7.94,34.61,45.54
2016-01-18,3.139,227.26,19.03,89.92,118.31
2016-01-19,2.904,162.29,15.89,63.22,83.18
2016-01-20,0.221,111.02,7.27,44.8,58.95
2016-01-21,0.032,66.86,6.95,14.54,45.37
2016-01-22,0.005,27.21,6.93,0.0,20.28
2016-01-23,0.001,9.79,6.67,0.0,3.12
2016-01-24,0.001,7.09,6.32,0.0,0.76
2016-01-25,0.001,7.1,6.41,0.0,0.69
2016-01-26,0.001,7.13,6.44,0.0,0.7
2016-01-27,0.001,7.16,6.49,0.0,0.67
2016-01-28,0.001,7.22,6.58,0.0,0.64
2016-01-29,0.0,7.17,6.58,0.0,0.59
2016-01-30,0.0,7.19,6.72,0.0,0.47
2016-01-31,0.0,7.13,6.64,0.0,0.49
2016-02-01,0.0,7.11,6.53,0.0,0.58
2016-02-02,0.0,7.1,6.44,0.0,0.66
2016-02-03,0.0,7.14,6.5,0.0,0.64
2016-02-04,0.0,7.15,6.51,0.0,0.63
2016-02-05,0.0,7.14,6.5,0.0,0.64
2016-02-06,0.0,7.15,6.51,0.0,0.63
2016-02-07,0.0,7.16,6.53,0.0,0.63
2016-02-08,0.0,7.2,6.6,0.0,0.6
2016-02-09,0.0,7.14,6.52,0.0,0.61
2016-02-10,0.0,7.19,6.58,0.0,0.61
2016-02-11,0.0,7.23,6.69,0.0,0.54
2016-02-12,0.0,7.14,6.98,0.0,0.16
2016-02-13,0.0,0.0,0.0,0.0,0.0
2016-02-14,0.0,0.0,0.0,0.0,0.0
2016-02-15,0.0,0.0,0.0,0.0,0.0
2016-02-16,0.0,0.0,0.0,0.0,0.0
2016-02-17,0.008,14.64,3.19,4.76,6.69
2016-02-18,0.671,119.73,8.74,47.92,63.07
2016-02-19,0.097,111.76,6.98,43.22,61.56
2016-02-20,0.013,52.46,6.97,0.0,45.49
2016-02-21,0.002,21.58,6.97,0.0,14.61
2016-02-22,0.0,10.1,6.96,0.0,3.15
2016-02-23,0.0,7.55,6.87,0.0,0.68
2016-02-24,0.0,7.13,6.69,0.0,0.44
2016-02-25,0.0,7.12,6.55,0.0,0.58
2016-02-26,0.0,7.15,6.53,0.0,0.62
2016-02-27,0.0,7.14,6.51,0.0,0.63
2016-02-28,0.0,7.16,6.53,0.0,0.63
2016-02-29,0.0,7.19,6.58,0.0,0.62
2016-03-01,0.0,7.22,6.69,0.0,0.53
2016-03-02,0.0,7.14,6.98,0.0,0.16
2016-03-03,0.0,0.0,0.0,0.0,0.0
2016-03-04,0.0,0.0,0.0,0.0,0.0
2016-03-05,3.114,242.13,17.65,96.91,127.57
2016-03-06,2.743,238.0,16.93,95.46,125.61
2016-03-07,2.478,220.6,18.49,87.28,114.84
2016-03-08,0.153,90.04,6.95,35.87,47.21
2016-03-09,0.023,44.23,6.93,2.44,34.86
2016-03-10,1.012,156.17,12.69,61.93,81.55
2016-03-11,1.433,116.51,12.28,45.01,59.22
2016-03-12,0.191,63.78,6.77,24.62,32.4
2016-03-13,2.375,116.85,13.83,44.49,58.54
2016-03-14,0.394,75.49,9.06,28.68,37.74
2016-03-15,0.051,47.91,6.93,14.52,26.47
2016-03-16,0.011,18.28,6.76,0.0,11.52
2016-03-17,0.005,8.3,6.57,0.0,1.73
2016-03-18,0.003,7.22,6.5,0.0,0.73
2016-03-19,0.003,7.17,6.49,0.0,0.68
2016-03-20,0.002,7.18,6.51,0.0,0.67
2016-03-21,0.001,7.25,6.6,0.0,0.65
2016-03-22,0.001,6.96,6.39,0.0,0.57
2016-03-23,0.001,7.18,6.5,0.0,0.69
2016-03-24,0.0,7.24,6.65,0.0,0.59
2016-03-25,0.0,7.15,6.88,0.0,0.28
2016-03-26,0.0,7.1,6.72,0.0,0.38
2016-03-27,0.0,7.16,6.62,0.0,0.54
2016-03-28,0.0,7.17,6.61,0.0,0.56
2016-03-29,0.0,7.15,6.54,0.0,0.61
2016-03-30,0.0,7.24,6.68,0.0,0.55
2016-03-31,0.0,7.14,6.98,0.0,0.16
2016-04-01,0.0,7.02,6.98,0.0,0.04
2016-04-02,0.0,0.0,0.0,0.0,0.0
2016-04-03,0.0,0.0,0.0,0.0,0.0
2016-04-04,0.0,0.0,0.0,0.0,0.0
2016-04-05,0.0,0.0,0.0,0.0,0.0
2016-04-06,0.0,0.0,0.0,0.0,0.0
2016-04-07,0.0,0.0,0.0,0.0,0.0
2016-04-08,0.0,0.0,0.0,0.0,0.0
2016-04-09,0.344,33.37,5.77,11.69,15.9
2016-04-10,0.776,62.3,10.14,22.51,29.65
2016-04-11,0.082,44.88,6.98,15.17,22.73
2016-04-12,0.011,22.86,6.97,0.0,15.89
2016-04-13,0.002,11.76,6.97,0.0,4.79
2016-04-14,0.0,7.99,6.95,0.0,1.04
2016-04-15,0.0,7.18,6.84,0.0,0.34
2016-04-16,0.0,7.11,6.65,0.0,0.46
2016-04-17,0.0,7.14,6.55,0.0,0.58
2016-04-18,0.0,7.17,6.55,0.0,0.62
2016-04-19,0.0,7.22,6.63,0.0,0.59
2016-04-20,0.0,7.24,6.94,0.0,0.31
2016-04-21,0.0,7.05,6.98,0.0,0.07
2016-04-22,0.0,0.0,0.0,0.0,0.0
2016-04-23,0.0,0.0,0.0,0.0,0.0
2016-04-24,0.0,0.0,0.0,0.0,0.0
2016-04-25,0.0,0.0,0.0,0.0,0.0
2016-04-26,0.0,0.0,0.0,0.0,0.0
2016-04-27,0.0,0.0,0.0,0.0,0.0
2016-04-28,0.0,0.0,0.0,0.0,0.0
2016-04-29,0.0,0.0,0.0,0.0,0.0
2016-04-30,0.0,0.0,0.0,0.0,0.0
2016-05-01,0.0,0.0,0.0,0.0,0.0
2016-05-02,0.0,0.0,0.0,0.0,0.0
2016-05-03,0.0,0.0,0.0,0.0,0.0
2016-05-04,0.0,0.0,0.0,0.0,0.0
2016-05-05,0.0,0.0,0.0,0.0,0.0
2016-05-06,0.0,0.0,0.0,0.0,0.0
2016-05-07,0.0,0.0,0.0,0.0,0.0
2016-05-08,0.0,0.0,0.0,0.0,0.0
2016-05-09,0.0,0.0,0.0,0.0,0.0
2016-05-10,0.0,0.0,0.0,0.0,0.0
2016-05-11,0.0,0.0,0.0,0.0,0.0
2016-05-12,0.0,0.0,0.0,0.0,0.0
2016-05-13,0.0,0.0,0.0,0.0,0.0
2016-05-14,0.0,0.0,0.0,0.0,0.0
2016-05-15,0.0,0.0,0.0,0.0,0.0
2016-05-16,0.0,0.0,0.0,0.0,0.0
2016-05-17,0.0,0.0,0.0,0.0,0.0
2016-05-18,0.0,0.0,0.0,0.0,0.0
2016-05-19,0.0,0.0,0.0,0.0,0.0
2016-05-20,0.0,0.0,0.0,0.0,0.0
2016-05-21,0.0,0.0,0.0,0.0,0.0
2016-05-22,0.0,0.0,0.0,0.0,0.0
2016-05-23,0.0,0.0,0.0,0.0,0.0
2016-05-24,0.0,0.0,0.0,0.0,0.0
2016-05-25,0.0,0.0,0.0,0.0,0.0
2016-05-26,0.0,0.0,0.0,0.0,0.0
2016-05-27,0.0,0.0,0.0,0.0,0.0
2016-05-28,0.0,0.0,0.0,0.0,0.0
2016-05-29,0.0,0.0,0.0,0.0,0.0
2016-05-30,0.0,0.0,0.0,0.0,0.0
2016-05-31,0.0,0.0,0.0,0.0,0.0
2016-06-01,0.0,0.0,0.0,0.0,0.0
2016-06-02,0.0,0.0,0.0,0.0,0.0
2016-06-03,0.0,0.0,0.0,0.0,0.0
2016-06-04,0.0,0.0,0.0,0.0,0.0
2016-06-05,0.0,0.0,0.0,0.0,0.0
2016-06-06,0.0,0.0,0.0,0.0,0.0
2016-06-07,0.0,0.0,0.0,0.0,0.0
2016-06-08,0.0,0.0,0.0,0.0,0.0
2016-06-09,0.0,0.0,0.0,0.0,0.0
2016-06-10,0.0,0.0,0.0,0.0,0.0
2016-06-11,0.0,0.0,0.0,0.0,0.0
2016-06-12,0.0,0.0,0.0,0.0,0.0
2016-06-13,0.0,0.0,0.0,0.0,0.0
2016-06-14,0.0,0.0,0.0,0.0,0.0
2016-06-15,0.0,0.0,0.0,0.0,0.0
2016-06-16,0.0,0.0,0.0,0.0,0.0
2016-06-17,0.0,0.0,0.0,0.0,0.0
2016-06-18,0.0,0.0,0.0,0.0,0.0
2016-06-19,0.0,0.0,0.0,0.0,0.0
2016-06-20,0.0,0.0,0.0,0.0,0.0
2016-06-21,0.0,0.0,0.0,0.0,0.0
2016-06-22,0.0,0.0,0.0,0.0,0.0
2016-06-23,0.0,0.0,0.0,0.0,0.0
2016-06-24,0.0,0.0,0.0,0.0,0.0
2016-06-25,0.0,0.0,0.0,0.0,0.0
2016-06-26,0.0,0.0,0.0,0.0,0.0
2016-06-27,0.0,0.0,0.0,0.0,0.0
2016-06-28,0.0,0.0,0.0,0.0,0.0
2016-06-29,0.0,0.0,0.0,0.0,0.0
2016-06-30,0.0,0.0,0.0,0.0,0.0
2016-07-01,0.0,0.0,0.0,0.0,0.0
2016-07-02,0.0,0.0,0.0,0.0,0.0
2016-07-03,0.0,0.0,0.0,0.0,0.0
2016-07-04,0.0,0.0,0.0,0.0,0.0
2016-07-05,0.0,0.0,0.0,0.0,0.0
2016-07-06,0.0,0.0,0.0,0.0,0.0
2016-07-07,0.0,0.0,0.0,0.0,0.0
2016-07-08,0.0,0.0,0.0,0.0,0.0
2016-07-09,0.0,0.0,0.0,0.0,0.0
2016-07-10,0.0,0.0,0.0,0.0,0.0
2016-07-11,0.0,0.0,0.0,0.0,0.0
2016-07-12,0.0,0.0,0.0,0.0,0.0
2016-07-13,0.0,0.0,0.0,0.0,0.0
2016-07-14,0.0,0.0,0.0,0.0,0.0
2016-07-15,0.0,0.0,0.0,0.0,0.0
2016-07-16,0.0,0.0,0.0,0.0,0.0
2016-07-17,0.0,0.0,0.0,0.0,0.0
2016-07-18,0.0,0.0,0.0,0.0,0.0
2016-07-19,0.0,0.0,0.0,0.0,0.0
2016-07-20,0.0,0.0,0.0,0.0,0.0
2016-07-21,0.0,0.0,0.0,0.0,0.0
2016-07-22,0.0,0.0,0.0,0.0,0.0
2016-07-23,0.0,0.0,0.0,0.0,0.0
2016-07-24,0.0,0.0,0.0,0.0,0.0
2016-07-25,0.0,0.0,0.0,0.0,0.0
2016-07-26,0.0,0.0,0.0,0.0,0.0
2016-07-27,0.0,0.0,0.0,0.0,0.0
2016-07-28,0.0,0.0,0.0,0.0,0.0
2016-07-29,0.0,0.0,0.0,0.0,0.0
2016-07-30,0.0,0.0,0.0,0.0,0.0
2016-07-31,0.0,0.0,0.0,0.0,0.0
2016-08-01,0.0,0.0,0.0,0.0,0.0
2016-08-02,0.0,0.0,0.0,0.0,0.0
2016-08-03,0.0,0.0,0.0,0.0,0.0
2016-08-04,0.0,0.0,0.0,0.0,0.0
2016-08-05,0.0,0.0,0.0,0.0,0.0
2016-08-06,0.0,0.0,0.0,0.0,0.0
2016-08-07,0.0,0.0,0.0,0.0,0.0
2016-08-08,0.0,0.0,0.0,0.0,0.0
2016-08-09,0.0,0.0,0.0,0.0,0.0
2016-08-10,0.0,0.0,0.0,0.0,0.0
2016-08-11,0.0,0.0,0.0,0.0,0.0
2016-08-12,0.0,0.0,0.0,0.0,0.0
2016-08-13,0.0,0.0,0.0,0.0,0.0
2016-08-14,0.0,0.0,0.0,0.0,0.0
2016-08-15,0.0,0.0,0.0,0.0,0.0
2016-08-16,0.0,0.0,0.0,0.0,0.0
2016-08-17,0.0,0.0,0.0,0.0,0.0
2016-08-18,0.0,0.0,0.0,0.0,0.0
2016-08-19,0.0,0.0,0.0,0.0,0.0
2016-08-20,0.0,0.0,0.0,0.0,0.0
2016-08-21,0.0,0.0,0.0,0.0,0.0
2016-08-22,0.0,0.0,0.0,0.0,0.0
2016-08-23,0.0,0.0,0.0,0.0,0.0
2016-08-24,0.0,0.0,0.0,0.0,0.0
2016-08-25,0.0,0.0,0.0,0.0,0.0
2016-08-26,0.0,0.0,0.0,0.0,0.0
2016-08-27,0.0,0.0,0.0,0.0,0.0
2016-08-28,0.0,0.0,0.0,0.0,0.0
2016-08-29,0.0,0.0,0.0,0.0,0.0
2016-08-30,0.0,0.0,0.0,0.0,0.0
2016-08-31,0.0,0.0,0.0,0.0,0.0
2016-09-01,0.0,0.0,0.0,0.0,0.0
2016-09-02,0.0,0.0,0.0,0.0,0.0
2016-09-03,0.0,0.0,0.0,0.0,0.0
2016-09-04,0.0,0.0,0.0,0.0,0.0
2016-09-05,0.0,0.0,0.0,0.0,0.0
2016-09-06,0.0,0.0,0.0,0.0,0.0
2016-09-07,0.0,0.0,0.0,0.0,0.0
2016-09-08,0.0,0.0,0.0,0.0,0.0
2016-09-09,0.0,0.0,0.0,0.0,0.0
2016-09-10,0.0,0.0,0.0,0.0,0.0
2016-09-11,0.0,0.0,0.0,0.0,0.0
2016-09-12,0.0,0.0,0.0,0.0,0.0
2016-09-13,0.0,0.0,0.0,0.0,0.0
2016-09-14,0.0,0.0,0.0,0.0,0.0
2016-09-15,0.0,0.0,0.0,0.0,0.0
2016-09-16,0.0,0.0,0.0,0.0,0.0
2016-09-17,0.0,0.0,0.0,0.0,0.0
2016-09-18,0.0,0.0,0.0,0.0,0.0
2016-09-19,0.0,0.0,0.0,0.0,0.0
2016-09-20,0.0,0.0,0.0,0.0,0.0
2016-09-21,0.0,0.0,0.0,0.0,0.0
2016-09-22,0.0,0.0,0.0,0.0,0.0
2016-09-23,0.0,0.0,0.0,0.0,0.0
2016-09-24,0.0,0.0,0.0,0.0,0.0
2016-09-25,0.0,0.0,0.0,0.0,0.0
2016-09-26,0.0,0.0,0.0,0.0,0.0
2016-09-27,0.0,0.0,0.0,0.0,0.0
2016-09-28,0.0,0.0,0.0,0.0,0.0
2016-09-29,0.0,0.0,0.0,0.0,0.0
2016-09-30,0.0,0.0,0.0,0.0,0.0
2016-10-01,0.0,0.0,0.0,0.0,0.0
2016-10-02,0.0,0.0,0.0,0.0,0.0
2016-10-03,0.0,0.0,0.0,0.0,0.0
2016-10-04,0.0,0.0,0.0,0.0,0.0
2016-10-05,0.0,0.0,0.0,0.0,0.0
2016-10-06,0.0,0.0,0.0,0.0,0.0
2016-10-07,0.0,0.0,0.0,0.0,0.0
2016-10-08,0.0,0.0,0.0,0.0,0.0
2016-10-09,0.0,0.0,0.0,0.0,0.0
2016-10-10,0.0,0.0,0.0,0.0,0.0
2016-10-11,0.0,0.0,0.0,0.0,0.0
2016-10-12,0.0,0.0,0.0,0.0,0.0
2016-10-13,0.0,0.0,0.0,0.0,0.0
2016-10-14,0.6,118.36,10.4,46.62,61.34
2016-10-15,0.925,138.93,10.95,55.26,72.71
2016-10-16,3.209,182.54,16.09,71.88,94.58
2016-10-17,0.379,132.02,9.01,53.12,69.89
2016-10-18,0.046,87.52,6.98,26.85,53.69
2016-10-19,0.006,37.3,6.97,0.0,30.33
2016-10-20,0.001,14.04,6.92,0.0,7.13
2016-10-21,0.0,7.98,6.74,0.0,1.23
2016-10-22,0.0,7.16,6.55,0.0,0.61
2016-10-23,0.0,7.12,6.48,0.0,0.64
2016-10-24,0.0,7.13,6.48,0.0,0.65
2016-10-25,0.0,7.09,6.42,0.0,0.67
2016-10-26,0.0,7.14,6.5,0.0,0.64
2016-10-27,0.082,48.03,3.65,19.12,25.26
2016-10-28,1.3,88.53,11.68,33.17,43.68
2016-10-29,0.118,58.22,6.97,21.63,29.61
2016-10-30,0.677,231.02,10.34,95.04,125.65
2016-10-31,0.162,199.25,6.98,82.96,109.32
2016-11-01,0.022,101.48,6.98,7.03,87.46
2016-11-02,0.003,41.35,6.95,0.0,34.39
2016-11-03,0.001,14.0,6.91,0.0,7.09
2016-11-04,0.0,7.91,6.72,0.0,1.19
2016-11-05,0.0,7.15,6.54,0.0,0.61
2016-11-06,0.0,7.12,6.48,0.0,0.64
2016-11-07,0.0,7.12,6.47,0.0,0.65
2016-11-08,0.0,7.13,6.48,0.0,0.65
2016-11-09,0.0,7.12,6.48,0.0,0.65
2016-11-10,0.0,7.13,6.48,0.0,0.65
2016-11-11,0.0,7.14,6.49,0.0,0.65
2016-11-12,0.0,7.11,6.46,0.0,0.65
2016-11-13,0.0,7.12,6.47,0.0,0.66
2016-11-14,0.0,7.12,6.47,0.0,0.65
2016-11-15,0.0,7.18,6.54,0.0,0.64
2016-11-16,0.0,7.13,6.52,0.0,0.61
2016-11-17,0.0,7.1,6.44,0.0,0.66
2016-11-18,0.0,7.24,6.62,0.0,0.62
2016-11-19,0.0,6.95,6.42,0.0,0.53
2016-11-20,0.0,7.04,6.32,0.0,0.72
2016-11-21,0.0,7.12,6.44,0.0,0.68
2016-11-22,0.0,7.18,6.51,0.0,0.67
2016-11-23,0.0,7.06,6.43,0.0,0.62
2016-11-24,0.0,7.1,6.42,0.0,0.68
2016-11-25,0.0,7.23,6.58,0.0,0.65
2016-11-26,0.013,2.36,0.74,0.12,1.5
2016-11-27,0.351,48.72,7.17,17.74,23.82
2016-11-28,0.052,38.56,6.98,11.08,20.5
2016-11-29,0.007,19.46,6.98,0.0,12.48
2016-11-30,0.001,10.27,6.97,0.0,3.3
2016-12-01,0.0,7.67,6.96,0.0,0.71
2016-12-02,0.0,7.13,6.91,0.0,0.23
2016-12-03,0.0,7.04,6.62,0.0,0.41
2016-12-04,0.0,7.11,6.5,0.0,0.61
2016-12-05,0.0,7.19,6.57,0.0,0.63
2016-12-06,0.0,7.09,6.46,0.0,0.63
2016-12-07,0.0,7.26,6.62,0.0,0.64
2016-12-08,0.229,53.22,6.31,19.87,27.04
2016-12-09,0.058,45.05,6.97,13.75,24.32
2016-12-10,2.713,232.74,17.01,93.13,122.6
2016-12-11,0.374,165.72,8.93,67.7,89.09
2016-12-12,0.045,109.21,6.98,34.0,68.23
2016-12-13,0.006,45.62,6.97,0.0,38.65
2016-12-14,0.001,15.87,6.91,0.0,8.96
2016-12-15,1.88,222.67,15.97,89.26,117.44
2016-12-16,0.743,160.82,12.65,63.98,84.19
2016-12-17,0.068,101.03,6.98,36.16,57.9
2016-12-18,0.009,45.43,6.97,0.0,38.46
2016-12-19,0.001,17.12,6.93,0.0,10.19
2016-12-20,0.0,8.53,6.78,0.0,1.75
2016-12-21,0.0,7.2,6.57,0.0,0.62
2016-12-22,0.0,7.12,6.48,0.0,0.63
2016-12-23,1.32,246.89,12.01,101.43,133.46
2016-12-24,0.203,144.53,7.1,59.35,78.09
2016-12-25,0.028,85.53,6.97,16.31,62.25
2016-12-26,0.004,35.03,6.97,0.0,28.06
2016-12-27,0.001,12.94,6.91,0.0,6.03
2016-12-28,0.0,7.8,6.73,0.0,1.07
2016-12-29,0.0,7.15,6.55,0.0,0.6
2016-12-30,0.0,7.12,6.48,0.0,0.64
2016-12-31,0.0,7.11,6.46,0.0,0.66
2017-01-01,0.0,7.13,6.49,0.0,0.64
2017-01-02,0.0,7.12,6.48,0.0,0.64
2017-01-03,0.243,95.8,7.41,37.87,50.52
2017-01-04,1.494,85.82,11.14,32.21,42.47
2017-01-05,0.397,53.7,9.05,19.28,25.38
2017-01-06,0.048,35.97,6.98,9.91,19.08
2017-01-07,0.099,32.54,3.35,12.28,16.91
2017-01-08,3.243,115.82,14.58,43.71,57.52
2017-01-09,0.829,108.51,11.16,42.04,55.31
2017-01-10,4.44,143.02,16.74,54.53,71.75
2017-01-11,0.884,128.4,12.84,49.9,65.66
2017-01-12,0.437,105.37,7.82,42.12,55.42
2017-01-13,0.084,84.99,6.94,31.49,46.56
2017-01-14,0.016,33.21,6.82,0.0,26.39
2017-01-15,0.006,10.71,6.58,0.0,4.13
2017-01-16,0.004,7.35,6.49,0.0,0.87
2017-01-17,0.003,7.17,6.46,0.0,0.7
2017-01-18,0.94,162.3,12.22,64.81,85.27
2017-01-19,0.851,142.88,10.97,56.96,74.95
2017-01-20,3.012,197.0,14.93,78.62,103.45
2017-01-21,0.834,88.57,10.68,33.64,44.26
2017-01-22,1.431,165.13,11.27,66.44,87.42
2017-01-23,0.704,111.97,10.03,44.02,57.92
2017-01-24,0.105,57.67,6.92,21.33,29.42
2017-01-25,0.023,21.91,6.74,0.01,15.16
2017-01-26,0.011,9.37,6.54,0.0,2.83
2017-01-27,0.009,7.35,6.47,0.0,0.89
2017-01-28,0.008,7.22,6.47,0.0,0.76
2017-01-29,0.006,7.22,6.48,0.0,0.74
2017-01-30,0.005,7.18,6.46,0.0,0.72
2017-01-31,0.005,7.18,6.46,0.0,0.72
2017-02-01,0.004,7.23,6.52,0.0,0.7
2017-02-02,0.003,7.12,6.46,0.0,0.66
2017-02-03,0.865,158.67,10.63,63.93,84.12
2017-02-04,0.151,103.55,6.82,41.77,54.96
2017-02-05,0.147,53.16,5.07,18.35,29.74
2017-02-06,1.179,86.07,9.87,32.83,43.36
2017-02-07,2.426,108.47,14.71,40.48,53.27
2017-02-08,1.298,109.03,11.02,42.32,55.68
2017-02-09,2.183,148.13,14.39,57.75,75.99
2017-02-10,1.149,96.31,11.63,36.57,48.11
2017-02-11,0.133,63.41,6.89,24.41,32.11
2017-02-12,0.036,23.6,6.67,2.67,14.26
2017-02-13,0.021,9.8,6.51,0.0,3.29
2017-02-14,0.017,7.59,6.46,0.0,1.13
2017-02-15,0.017,7.33,6.41,0.0,0.92
2017-02-16,0.014,7.35,6.49,0.0,0.86
2017-02-17,1.979,135.91,14.27,52.52,69.11
2017-02-18,0.99,118.53,12.65,45.72,60.16
2017-02-19,0.108,60.81,6.84,23.27,30.69
2017-02-20,6.444,213.84,19.0,84.13,110.72
2017-02-21,1.212,128.82,12.31,50.31,66.2
2017-02-22,0.254,46.38,7.01,17.0,22.37
2017-02-23,0.088,20.62,6.6,6.05,7.96
2017-02-24,0.061,10.19,6.49,1.44,2.27
2017-02-25,0.055,7.92,6.43,0.22,1.28
2017-02-26,0.046,7.75,6.5,0.08,1.16
2017-02-27,0.037,7.62,6.47,0.01,1.14
2017-02-28,0.032,7.61,6.47,0.01,1.13
2017-03-01,0.027,7.57,6.46,0.0,1.1
2017-03-02,0.023,7.52,6.46,0.0,1.06
2017-03-03,0.02,7.46,6.46,0.0,0.99
2017-03-04,0.167,68.72,5.56,27.23,35.93
2017-03-05,0.895,98.42,10.47,37.98,49.97
2017-03-06,0.118,64.3,6.88,24.76,32.67
2017-03-07,0.032,21.72,6.68,0.92,14.12
2017-03-08,0.018,9.62,6.52,0.0,3.1
2017-03-09,0.014,7.53,6.48,0.0,1.05
2017-03-10,0.012,7.31,6.47,0.0,0.84
2017-03-11,0.01,7.28,6.49,0.0,0.79
2017-03-12,0.008,7.23,6.47,0.0,0.76
2017-03-13,0.007,7.21,6.47,0.0,0.75
2017-03-14,0.006,7.22,6.49,0.0,0.72
2017-03-15,0.005,7.19,6.48,0.0,0.71
2017-03-16,0.004,7.18,6.48,0.0,0.7
2017-03-17,0.003,7.19,6.5,0.0,0.69
2017-03-18,0.002,7.16,6.52,0.0,0.65
2017-03-19,0.002,7.19,6.52,0.0,0.67
2017-03-20,0.001,7.23,6.64,0.0,0.6
2017-03-21,0.743,115.9,9.92,45.76,60.22
2017-03-22,1.494,128.89,12.26,50.36,66.26
2017-03-23,0.131,82.26,6.95,32.24,43.07
2017-03-24,0.263,56.67,6.76,20.49,29.42
2017-03-25,0.131,52.33,6.94,19.24,26.15
2017-03-26,0.023,23.74,6.84,0.2,16.69
2017-03-27,0.008,10.24,6.63,0.0,3.62
2017-03-28,0.005,7.38,6.51,0.0,0.87
2017-03-29,0.004,7.19,6.48,0.0,0.7
2017-03-30,0.003,7.27,6.6,0.0,0.66
2017-03-31,0.001,7.14,6.59,0.0,0.55
2017-04-01,0.001,7.13,6.45,0.0,0.67
2017-04-02,0.001,7.26,6.64,0.0,0.62
2017-04-03,0.0,7.16,6.97,0.0,0.2
2017-04-04,0.0,7.04,6.95,0.0,0.08
2017-04-05,0.0,7.0,6.98,0.0,0.02
2017-04-06,0.665,100.32,8.75,39.54,52.03
2017-04-07,1.864,179.61,14.73,71.2,93.68
2017-04-08,1.105,191.03,12.82,76.96,101.26
2017-04-09,0.118,105.09,6.95,41.53,56.61
2017-04-10,0.021,41.8,6.84,0.04,34.93
2017-04-11,0.007,13.93,6.62,0.0,7.31
2017-04-12,0.005,7.58,6.52,0.0,1.06
2017-04-13,0.003,7.14,6.45,0.0,0.69
2017-04-14,0.003,7.17,6.47,0.0,0.71
2017-04-15,0.002,7.21,6.53,0.0,0.68
2017-04-16,0.001,7.03,6.55,0.0,0.47
2017-04-17,0.001,7.1,6.37,0.0,0.73
2017-04-18,0.001,7.13,6.44,0.0,0.69
2017-04-19,0.001,7.22,6.54,0.0,0.68
2017-04-20,0.001,7.13,6.52,0.0,0.61
2017-04-21,0.0,7.23,6.59,0.0,0.64
2017-04-22,0.0,7.2,6.74,0.0,0.46
2017-04-23,0.0,7.12,6.95,0.0,0.17
2017-04-24,0.0,7.03,6.93,0.0,0.09
2017-04-25,0.0,7.11,6.86,0.0,0.24
2017-04-26,0.0,7.04,6.98,0.0,0.06
2017-04-27,0.0,7.0,6.98,0.0,0.02
2017-04-28,0.0,0.0,0.0,0.0,0.0
2017-04-29,0.0,0.0,0.0,0.0,0.0
2017-04-30,0.0,0.0,0.0,0.0,0.0
2017-05-01,0.0,0.0,0.0,0.0,0.0
2017-05-02,0.0,0.0,0.0,0.0,0.0
2017-05-03,0.0,0.0,0.0,0.0,0.0
2017-05-04,0.0,0.0,0.0,0.0,0.0
2017-05-05,0.0,0.0,0.0,0.0,0.0
2017-05-06,0.0,0.0,0.0,0.0,0.0
2017-05-07,0.0,0.0,0.0,0.0,0.0
2017-05-08,0.0,0.0,0.0,0.0,0.0
2017-05-09,0.0,0.0,0.0,0.0,0.0
2017-05-10,0.0,0.0,0.0,0.0,0.0
2017-05-11,0.0,0.0,0.0,0.0,0.0
2017-05-12,0.0,0.0,0.0,0.0,0.0
2017-05-13,0.0,0.0,0.0,0.0,0.0
2017-05-14,0.0,0.0,0.0,0.0,0.0
2017-05-15,0.0,0.0,0.0,0.0,0.0
2017-05-16,0.0,0.0,0.0,0.0,0.0
2017-05-17,0.0,0.0,0.0,0.0,0.0
2017-05-18,0.0,0.0,0.0,0.0,0.0
2017-05-19,0.0,0.0,0.0,0.0,0.0
2017-05-20,0.0,0.0,0.0,0.0,0.0
2017-05-21,0.0,0.0,0.0,0.0,0.0
2017-05-22,0.0,0.0,0.0,0.0,0.0
2017-05-23,0.0,0.0,0.0,0.0,0.0
2017-05-24,0.0,0.0,0.0,0.0,0.0
2017-05-25,0.0,0.0,0.0,0.0,0.0
2017-05-26,0.0,0.0,0.0,0.0,0.0
2017-05-27,0.0,0.0,0.0,0.0,0.0
2017-05-28,0.0,0.0,0.0,0.0,0.0
2017-05-29,0.0,0.0,0.0,0.0,0.0
2017-05-30,0.0,0.0,0.0,0.0,0.0
2017-05-31,0.0,0.0,0.0,0.0,0.0
2017-06-01,0.0,0.0,0.0,0.0,0.0
2017-06-02,0.0,0.0,0.0,0.0,0.0
2017-06-03,0.0,0.0,0.0,0.0,0.0
2017-06-04,0.0,0.0,0.0,0.0,0.0
2017-06-05,0.0,0.0,0.0,0.0,0.0
2017-06-06,0.0,0.0,0.0,0.0,0.0
2017-06-07,0.0,0.0,0.0,0.0,0.0
2017-06-08,0.0,0.0,0.0,0.0,0.0
2017-06-09,0.0,0.0,0.0,0.0,0.0
2017-06-10,0.0,0.0,0.0,0.0,0.0
2017-06-11,0.0,0.0,0.0,0.0,0.0
2017-06-12,0.0,0.0,0.0,0.0,0.0
2017-06-13,0.0,0.0,0.0,0.0,0.0
2017-06-14,0.0,0.0,0.0,0.0,0.0
2017-06-15,0.0,0.0,0.0,0.0,0.0
2017-06-16,0.0,0.0,0.0,0.0,0.0
2017-06-17,0.0,0.0,0.0,0.0,0.0
2017-06-18,0.0,0.0,0.0,0.0,0.0
2017-06-19,0.0,0.0,0.0,0.0,0.0
2017-06-20,0.0,0.0,0.0,0.0,0.0
2017-06-21,0.0,0.0,0.0,0.0,0.0
2017-06-22,0.0,0.0,0.0,0.0,0.0
2017-06-23,0.0,0.0,0.0,0.0,0.0
2017-06-24,0.0,0.0,0.0,0.0,0.0
2017-06-25,0.0,0.0,0.0,0.0,0.0
2017-06-26,0.0,0.0,0.0,0.0,0.0
2017-06-27,0.0,0.0,0.0,0.0,0.0
2017-06-28,0.0,0.0,0.0,0.0,0.0
2017-06-29,0.0,0.0,0.0,0.0,0.0
2017-06-30,0.0,0.0,0.0,0.0,0.0
2017-07-01,0.0,0.0,0.0,0.0,0.0
2017-07-02,0.0,0.0,0.0,0.0,0.0
2017-07-03,0.0,0.0,0.0,0.0,0.0
2017-07-04,0.0,0.0,0.0,0.0,0.0
2017-07-05,0.0,0.0,0.0,0.0,0.0
2017-07-06,0.0,0.0,0.0,0.0,0.0
2017-07-07,0.0,0.0,0.0,0.0,0.0
2017-07-08,0.0,0.0,0.0,0.0,0.0
2017-07-09,0.0,0.0,0.0,0.0,0.0
2017-07-10,0.0,0.0,0.0,0.0,0.0
2017-07-11,0.0,0.0,0.0,0.0,0.0
2017-07-12,0.0,0.0,0.0,0.0,0.0
2017-07-13,0.0,0.0,0.0,0.0,0.0
2017-07-14,0.0,0.0,0.0,0.0,0.0
2017-07-15,0.0,0.0,0.0,0.0,0.0
2017-07-16,0.0,0.0,0.0,0.0,0.0
2017-07-17,0.0,0.0,0.0,0.0,0.0
2017-07-18,0.0,0.0,0.0,0.0,0.0
2017-07-19,0.0,0.0,0.0,0.0,0.0
2017-07-20,0.0,0.0,0.0,0.0,0.0
2017-07-21,0.0,0.0,0.0,0.0,0.0
2017-07-22,0.0,0.0,0.0,0.0,0.0
2017-07-23,0.0,0.0,0.0,0.0,0.0
2017-07-24,0.0,0.0,0.0,0.0,0.0
2017-07-25,0.0,0.0,0.0,0.0,0.0
2017-07-26,0.0,0.0,0.0,0.0,0.0
2017-07-27,0.0,0.0,0.0,0.0,0.0
2017-07-28,0.0,0.0,0.0,0.0,0.0
2017-07-29,0.0,0.0,0.0,0.0,0.0
2017-07-30,0.0,0.0,0.0,0.0,0.0
2017-07-31,0.0,0.0,0.0,0.0,0.0
2017-08-01,0.0,0.0,0.0,0.0,0.0
2017-08-02,0.0,0.0,0.0,0.0,0.0
2017-08-03,0.0,0.0,0.0,0.0,0.0
2017-08-04,0.0,0.0,0.0,0.0,0.0
2017-08-05,0.0,0.0,0.0,0.0,0.0
2017-08-06,0.0,0.0,0.0,0.0,0.0
2017-08-07,0.0,0.0,0.0,0.0,0.0
2017-08-08,0.0,0.0,0.0,0.0,0.0
2017-08-09,0.0,0.0,0.0,0.0,0.0
2017-08-10,0.0,0.0,0.0,0.0,0.0
2017-08-11,0.0,0.0,0.0,0.0,0.0
2017-08-12,0.0,0.0,0.0,0.0,0.0
2017-08-13,0.0,0.0,0.0,0.0,0.0
2017-08-14,0.0,0.0,0.0,0.0,0.0
2017-08-15,0.0,0.0,0.0,0.0,0.0
2017-08-16,0.0,0.0,0.0,0.0,0.0
2017-08-17,0.0,0.0,0.0,0.0,0.0
2017-08-18,0.0,0.0,0.0,0.0,0.0
2017-08-19,0.0,0.0,0.0,0.0,0.0
2017-08-20,0.0,0.0,0.0,0.0,0.0
2017-08-21,0.0,0.0,0.0,0.0,0.0
2017-08-22,0.0,0.0,0.0,0.0,0.0
2017-08-23,0.0,0.0,0.0,0.0,0.0
2017-08-24,0.0,0.0,0.0,0.0,0.0
2017-08-25,0.0,0.0,0.0,0.0,0.0
2017-08-26,0.0,0.0,0.0,0.0,0.0
2017-08-27,0.0,0.0,0.0,0.0,0.0
2017-08-28,0.0,0.0,0.0,0.0,0.0
2017-08-29,0.0,0.0,0.0,0.0,0.0
2017-08-30,0.0,0.0,0.0,0.0,0.0
2017-08-31,0.0,0.0,0.0,0.0,0.0
2017-09-01,0.0,0.0,0.0,0.0,0.0
2017-09-02,0.0,0.0,0.0,0.0,0.0
2017-09-03,0.0,0.0,0.0,0.0,0.0
2017-09-04,0.0,0.0,0.0,0.0,0.0
2017-09-05,0.0,0.0,0.0,0.0,0.0
2017-09-06,0.0,0.0,0.0,0.0,0.0
2017-09-07,0.0,0.0,0.0,0.0,0.0
2017-09-08,0.0,0.0,0.0,0.0,0.0
2017-09-09,0.0,0.0,0.0,0.0,0.0
2017-09-10,0.0,0.0,0.0,0.0,0.0
2017-09-11,0.0,0.0,0.0,0.0,0.0
2017-09-12,0.0,0.0,0.0,0.0,0.0
2017-09-13,0.0,0.0,0.0,0.0,0.0
2017-09-14,0.0,0.0,0.0,0.0,0.0
2017-09-15,0.0,0.0,0.0,0.0,0.0
2017-09-16,0.0,0.0,0.0,0.0,0.0
2017-09-17,0.0,0.0,0.0,0.0,0.0
2017-09-18,0.0,0.0,0.0,0.0,0.0
2017-09-19,0.0,0.0,0.0,0.0,0.0
2017-09-20,0.0,0.0,0.0,0.0,0.0
2017-09-21,0.0,0.0,0.0,0.0,0.0
2017-09-22,0.0,0.0,0.0,0.0,0.0
2017-09-23,0.0,0.0,0.0,0.0,0.0
2017-09-24,0.0,0.0,0.0,0.0,0.0
2017-09-25,0.0,0.0,0.0,0.0,0.0
2017-09-26,0.0,0.0,0.0,0.0,0.0
2017-09-27,0.0,0.0,0.0,0.0,0.0
2017-09-28,0.0,0.0,0.0,0.0,0.0
2017-09-29,0.0,0.0,0.0,0.0,0.0
2017-09-30,0.0,0.0,0.0,0.0,0.0
2017-10-01,0.0,0.0,0.0,0.0,0.0
2017-10-02,0.0,0.0,0.0,0.0,0.0
2017-10-03,0.0,0.0,0.0,0.0,0.0
2017-10-04,0.0,0.0,0.0,0.0,0.0
2017-10-05,0.0,0.0,0.0,0.0,0.0
2017-10-06,0.0,0.0,0.0,0.0,0.0
2017-10-07,0.0,0.0,0.0,0.0,0.0
2017-10-08,0.0,0.0,0.0,0.0,0.0
2017-10-09,0.0,0.0,0.0,0.0,0.0
2017-10-10,0.0,0.0,0.0,0.0,0.0
2017-10-11,0.0,0.0,0.0,0.0,0.0
2017-10-12,0.0,0.0,0.0,0.0,0.0
2017-10-13,0.0,0.0,0.0,0.0,0.0
2017-10-14,0.0,0.0,0.0,0.0,0.0
2017-10-15,0.0,0.0,0.0,0.0,0.0
2017-10-16,0.0,0.0,0.0,0.0,0.0
2017-10-17,0.0,0.0,0.0,0.0,0.0
2017-10-18,0.0,0.0,0.0,0.0,0.0
2017-10-19,0.0,0.0,0.0,0.0,0.0
2017-10-20,0.0,0.0,0.0,0.0,0.0
2017-10-21,0.0,0.0,0.0,0.0,0.0
2017-10-22,0.0,0.0,0.0,0.0,0.0
2017-10-23,0.0,0.0,0.0,0.0,0.0
2017-10-24,0.0,0.0,0.0,0.0,0.0
2017-10-25,0.0,0.0,0.0,0.0,0.0
2017-10-26,0.0,0.0,0.0,0.0,0.0
2017-10-27,0.0,0.0,0.0,0.0,0.0
2017-10-28,0.0,0.0,0.0,0.0,0.0
2017-10-29,0.0,0.0,0.0,0.0,0.0
2017-10-30,0.0,0.0,0.0,0.0,0.0
2017-10-31,0.0,0.0,0.0,0.0,0.0
2017-11-01,0.0,0.0,0.0,0.0,0.0
2017-11-02,0.0,0.0,0.0,0.0,0.0
2017-11-03,0.0,0.0,0.0,0.0,0.0
2017-11-04,0.0,0.0,0.0,0.0,0.0
2017-11-05,0.0,0.0,0.0,0.0,0.0
2017-11-06,0.0,0.0,0.0,0.0,0.0
2017-11-07,0.0,0.0,0.0,0.0,0.0
2017-11-08,0.0,0.0,0.0,0.0,0.0
2017-11-09,0.0,0.0,0.0,0.0,0.0
2017-11-10,0.0,0.0,0.0,0.0,0.0
2017-11-11,0.0,0.0,0.0,0.0,0.0
2017-11-12,0.0,0.0,0.0,0.0,0.0
2017-11-13,0.0,0.0,0.0,0.0,0.0
2017-11-14,0.0,0.0,0.0,0.0,0.0
2017-11-15,0.0,0.0,0.0,0.0,0.0
2017-11-16,4.596,182.02,17.71,70.95,93.36
2017-11-17,0.372,113.85,8.85,45.34,59.66
2017-11-18,0.046,74.87,6.98,22.75,45.14
2017-11-19,0.006,32.43,6.96,0.0,25.46
2017-11-20,0.001,12.88,6.91,0.0,5.97
2017-11-21,0.0,7.81,6.74,0.0,1.07
2017-11-22,0.0,7.14,6.54,0.0,0.6
2017-11-23,0.0,7.12,6.48,0.0,0.64
2017-11-24,0.0,7.12,6.46,0.0,0.65
2017-11-25,0.0,7.13,6.48,0.0,0.65
2017-11-26,0.0,7.11,6.45,0.0,0.66
2017-11-27,0.0,7.12,6.47,0.0,0.65
2017-11-28,0.0,7.11,6.45,0.0,0.66
2017-11-29,0.0,7.12,6.46,0.0,0.66
2017-11-30,0.0,7.12,6.46,0.0,0.66
2017-12-01,0.0,7.12,6.46,0.0,0.65
2017-12-02,0.0,7.13,6.47,0.0,0.65
2017-12-03,0.0,7.15,6.52,0.0,0.64
2017-12-04,0.0,7.22,6.6,0.0,0.62
2017-12-05,0.0,6.96,6.36,0.0,0.59
2017-12-06,0.0,7.14,6.45,0.0,0.69
2017-12-07,0.0,7.12,6.47,0.0,0.65
2017-12-08,0.0,7.13,6.47,0.0,0.66
2017-12-09,0.0,7.15,6.51,0.0,0.64
2017-12-10,0.0,7.14,6.51,0.0,0.63
2017-12-11,0.0,7.11,6.47,0.0,0.65
2017-12-12,0.0,7.12,6.46,0.0,0.65
2017-12-13,0.0,7.14,6.49,0.0,0.65
2017-12-14,0.0,7.2,6.55,0.0,0.65
2017-12-15,0.0,7.13,6.53,0.0,0.6
2017-12-16,0.0,7.23,6.62,0.0,0.61
2017-12-17,0.0,7.14,6.98,0.0,0.16
2017-12-18,0.0,0.0,0.0,0.0,0.0
2017-12-19,0.0,0.0,0.0,0.0,0.0
2017-12-20,0.0,0.0,0.0,0.0,0.0
2017-12-21,0.0,0.0,0.0,0.0,0.0
2017-12-22,0.0,0.0,0.0,0.0,0.0
2017-12-23,0.0,0.0,0.0,0.0,0.0
2017-12-24,0.0,0.0,0.0,0.0,0.0
2017-12-25,0.0,0.0,0.0,0.0,0.0
2017-12-26,0.0,0.0,0.0,0.0,0.0
2017-12-27,0.0,0.0,0.0,0.0,0.0
2017-12-28,0.0,0.0,0.0,0.0,0.0
2017-12-29,0.0,0.0,0.0,0.0,0.0
2017-12-30,0.0,0.0,0.0,0.0,0.0
2017-12-31,0.0,0.0,0.0,0.0,0.0
2018-01-01,0.0,0.0,0.0,0.0,0.0
2018-01-02,0.0,0.0,0.0,0.0,0.0
2018-01-03,0.242,128.91,9.8,51.43,67.67
2018-01-04,0.461,109.72,9.51,43.27,56.94
2018-01-05,0.369,50.96,6.74,18.92,25.31
2018-01-06,0.343,52.06,8.33,18.83,24.91
2018-01-07,0.043,35.43,6.98,9.22,19.23
2018-01-08,5.155,151.44,16.93,58.08,76.43
2018-01-09,3.165,199.31,20.8,77.08,101.42
2018-01-10,0.134,103.04,6.98,41.1,54.97
2018-01-11,0.019,48.42,6.94,0.25,41.23
2018-01-12,0.004,18.68,6.81,0.0,11.87
2018-01-13,0.001,8.17,6.63,0.0,1.54
2018-01-14,0.001,7.24,6.58,0.0,0.66
2018-01-15,0.0,7.16,6.57,0.0,0.59
2018-01-16,0.0,7.11,6.53,0.0,0.58
2018-01-17,0.0,7.13,6.5,0.0,0.63
2018-01-18,0.0,7.13,6.5,0.0,0.62
2018-01-19,0.0,7.13,6.49,0.0,0.64
2018-01-20,0.0,7.13,6.48,0.0,0.64
2018-01-21,0.0,7.13,6.48,0.0,0.65
2018-01-22,0.0,7.12,6.47,0.0,0.65
2018-01-23,0.0,7.13,6.48,0.0,0.65
2018-01-24,0.327,126.12,8.52,50.78,66.82
2018-01-25,0.422,114.29,8.95,45.49,59.86
2018-01-26,0.056,71.82,6.97,23.62,41.23
2018-01-27,0.008,32.65,6.98,0.0,25.67
2018-01-28,0.001,13.71,6.96,0.0,6.75
2018-01-29,0.0,8.26,6.9,0.0,1.36
2018-01-30,0.0,7.2,6.71,0.0,0.49
2018-01-31,0.0,7.12,6.54,0.0,0.57
2018-02-01,0.0,7.13,6.5,0.0,0.63
2018-02-02,0.0,7.13,6.49,0.0,0.64
2018-02-03,0.0,7.14,6.5,0.0,0.64
2018-02-04,0.0,7.14,6.5,0.0,0.64
2018-02-05,0.0,7.15,6.52,0.0,0.64
2018-02-06,0.0,7.19,6.57,0.0,0.62
2018-02-07,0.0,7.15,6.55,0.0,0.6
2018-02-08,0.0,7.16,6.54,0.0,0.63
2018-02-09,0.0,7.24,6.65,0.0,0.59
2018-02-10,0.0,7.15,6.98,0.0,0.17
2018-02-11,0.0,7.03,6.98,0.0,0.05
2018-02-12,0.0,0.0,0.0,0.0,0.0
2018-02-13,0.0,0.0,0.0,0.0,0.0
2018-02-14,0.0,0.0,0.0,0.0,0.0
2018-02-15,0.0,0.0,0.0,0.0,0.0
2018-02-16,0.0,0.0,0.0,0.0,0.0
2018-02-17,0.0,0.0,0.0,0.0,0.0
2018-02-18,0.0,0.0,0.0,0.0,0.0
2018-02-19,0.0,0.0,0.0,0.0,0.0
2018-02-20,0.0,0.0,0.0,0.0,0.0
2018-02-21,0.0,0.0,0.0,0.0,0.0
2018-02-22,0.0,0.0,0.0,0.0,0.0
2018-02-23,0.0,0.0,0.0,0.0,0.0
2018-02-24,0.0,0.0,0.0,0.0,0.0
2018-02-25,0.0,0.0,0.0,0.0,0.0
2018-02-26,0.0,0.0,0.0,0.0,0.0
2018-02-27,0.0,0.0,0.0,0.0,0.0
2018-02-28,0.0,0.0,0.0,0.0,0.0
2018-03-01,1.469,131.16,12.4,51.2,67.56
2018-03-02,0.378,79.16,8.65,30.43,40.08
2018-03-03,0.19,70.65,6.35,26.79,37.5
2018-03-04,0.089,73.27,6.97,26.26,40.03
2018-03-05,0.012,35.79,6.97,0.0,28.81
2018-03-06,0.002,15.83,6.97,0.0,8.86
2018-03-07,0.0,8.75,6.91,0.0,1.83
2018-03-08,0.0,7.27,6.74,0.0,0.53
2018-03-09,0.0,7.12,6.56,0.0,0.56
2018-03-10,0.0,7.11,6.48,0.0,0.63
2018-03-11,0.0,7.13,6.48,0.0,0.65
2018-03-12,0.0,7.12,6.47,0.0,0.65
2018-03-13,0.0,7.12,6.46,0.0,0.66
2018-03-14,0.01,9.71,5.89,0.01,3.8
2018-03-15,0.01,9.46,6.87,0.0,2.59
2018-03-16,0.406,44.72,7.17,16.16,21.39
2018-03-17,0.088,38.66,6.97,12.85,18.84
2018-03-18,0.012,20.58,6.98,0.0,13.6
2018-03-19,0.002,11.19,6.97,0.0,4.21
2018-03-20,0.002,0.99,0.87,0.0,0.12
2018-03-21,0.172,28.14,6.34,8.71,13.1
2018-03-22,1.344,129.25,11.97,50.63,66.65
2018-03-23,0.16,91.06,6.97,36.31,47.78
2018-03-24,0.022,47.77,6.98,2.79,38.01
2018-03-25,0.003,22.2,6.97,0.0,15.23
2018-03-26,0.0,10.26,6.94,0.0,3.32
2018-03-27,0.0,7.52,6.8,0.0,0.72
2018-03-28,0.0,7.13,6.59,0.0,0.54
2018-03-29,0.0,7.13,6.51,0.0,0.62
2018-03-30,0.0,7.13,6.49,0.0,0.64
2018-03-31,0.0,7.14,6.5,0.0,0.64
2018-04-01,0.0,7.13,6.49,0.0,0.65
2018-04-02,0.0,7.13,6.48,0.0,0.65
2018-04-03,0.0,7.14,6.49,0.0,0.65
2018-04-04,0.0,7.17,6.53,0.0,0.64
2018-04-05,0.0,7.15,6.53,0.0,0.62
2018-04-06,3.034,125.8,14.66,47.95,63.2
2018-04-07,3.635,180.09,18.79,69.65,91.65
2018-04-08,0.155,107.35,6.97,43.3,57.07
2018-04-09,0.022,53.58,6.96,2.34,44.28
2018-04-10,0.003,23.97,6.94,0.0,17.03
2018-04-11,0.001,9.98,6.83,0.0,3.15
2018-04-12,0.0,7.34,6.62,0.0,0.72
2018-04-13,0.0,7.13,6.52,0.0,0.62
2018-04-14,0.0,7.13,6.5,0.0,0.64
2018-04-15,0.0,7.12,6.47,0.0,0.65
2018-04-16,0.0,7.13,6.49,0.0,0.64
2018-04-17,0.0,7.14,6.51,0.0,0.63
2018-04-18,0.0,7.13,6.49,0.0,0.64
2018-04-19,0.0,7.15,6.52,0.0,0.63
2018-04-20,0.0,7.14,6.5,0.0,0.64
2018-04-21,0.0,7.14,6.51,0.0,0.63
2018-04-22,0.0,7.15,6.51,0.0,0.64
2018-04-23,0.0,7.14,6.51,0.0,0.64
2018-04-24,0.0,7.14,6.5,0.0,0.64
2018-04-25,0.0,7.19,6.56,0.0,0.63
2018-04-26,0.0,7.17,6.58,0.0,0.6
2018-04-27,0.0,7.23,6.66,0.0,0.57
2018-04-28,0.0,7.15,6.86,0.0,0.3
2018-04-29,0.0,7.07,6.98,0.0,0.09
2018-04-30,0.0,0.0,0.0,0.0,0.0
2018-05-01,0.0,0.0,0.0,0.0,0.0
2018-05-02,0.0,0.0,0.0,0.0,0.0
2018-05-03,0.0,0.0,0.0,0.0,0.0
2018-05-04,0.0,0.0,0.0,0.0,0.0
2018-05-05,0.0,0.0,0.0,0.0,0.0
2018-05-06,0.0,0.0,0.0,0.0,0.0
2018-05-07,0.0,0.0,0.0,0.0,0.0
2018-05-08,0.0,0.0,0.0,0.0,0.0
2018-05-09,0.0,0.0,0.0,0.0,0.0
2018-05-10,0.0,0.0,0.0,0.0,0.0
2018-05-11,0.0,0.0,0.0,0.0,0.0
2018-05-12,0.0,0.0,0.0,0.0,0.0
2018-05-13,0.0,0.0,0.0,0.0,0.0
2018-05-14,0.0,0.0,0.0,0.0,0.0
2018-05-15,0.0,0.0,0.0,0.0,0.0
2018-05-16,0.0,0.0,0.0,0.0,0.0
2018-05-17,0.0,0.0,0.0,0.0,0.0
2018-05-18,0.0,0.0,0.0,0.0,0.0
2018-05-19,0.0,0.0,0.0,0.0,0.0
2018-05-20,0.0,0.0,0.0,0.0,0.0
2018-05-21,0.0,0.0,0.0,0.0,0.0
2018-05-22,0.0,0.0,0.0,0.0,0.0
2018-05-23,0.0,0.0,0.0,0.0,0.0
2018-05-24,0.0,0.0,0.0,0.0,0.0
2018-05-25,0.0,0.0,0.0,0.0,0.0
2018-05-26,0.0,0.0,0.0,0.0,0.0
2018-05-27,0.0,0.0,0.0,0.0,0.0
2018-05-28,0.0,0.0,0.0,0.0,0.0
2018-05-29,0.0,0.0,0.0,0.0,0.0
2018-05-30,0.0,0.0,0.0,0.0,0.0
2018-05-31,0.0,0.0,0.0,0.0,0.0
2018-06-01,0.0,0.0,0.0,0.0,0.0
2018-06-02,0.0,0.0,0.0,0.0,0.0
2018-06-03,0.0,0.0,0.0,0.0,0.0
2018-06-04,0.0,0.0,0.0,0.0,0.0
2018-06-05,0.0,0.0,0.0,0.0,0.0
2018-06-06,0.0,0.0,0.0,0.0,0.0
2018-06-07,0.0,0.0,0.0,0.0,0.0
2018-06-08,0.0,0.0,0.0,0.0,0.0
2018-06-09,0.0,0.0,0.0,0.0,0.0
2018-06-10,0.0,0.0,0.0,0.0,0.0
2018-06-11,0.0,0.0,0.0,0.0,0.0
2018-06-12,0.0,0.0,0.0,0.0,0.0
2018-06-13,0.0,0.0,0.0,0.0,0.0
2018-06-14,0.0,0.0,0.0,0.0,0.0
2018-06-15,0.0,0.0,0.0,0.0,0.0
2018-06-16,0.0,0.0,0.0,0.0,0.0
2018-06-17,0.0,0.0,0.0,0.0,0.0
2018-06-18,0.0,0.0,0.0,0.0,0.0
2018-06-19,0.0,0.0,0.0,0.0,0.0
2018-06-20,0.0,0.0,0.0,0.0,0.0
2018-06-21,0.0,0.0,0.0,0.0,0.0
2018-06-22,0.0,0.0,0.0,0.0,0.0
2018-06-23,0.0,0.0,0.0,0.0,0.0
2018-06-24,0.0,0.0,0.0,0.0,0.0
2018-06-25,0.0,0.0,0.0,0.0,0.0
2018-06-26,0.0,0.0,0.0,0.0,0.0
2018-06-27,0.0,0.0,0.0,0.0,0.0
2018-06-28,0.0,0.0,0.0,0.0,0.0
2018-06-29,0.0,0.0,0.0,0.0,0.0
2018-06-30,0.0,0.0,0.0,0.0,0.0
2018-07-01,0.0,0.0,0.0,0.0,0.0
2018-07-02,0.0,0.0,0.0,0.0,0.0
2018-07-03,0.0,0.0,0.0,0.0,0.0
2018-07-04,0.0,0.0,0.0,0.0,0.0
2018-07-05,0.0,0.0,0.0,0.0,0.0
2018-07-06,0.0,0.0,0.0,0.0,0.0
2018-07-07,0.0,0.0,0.0,0.0,0.0
2018-07-08,0.0,0.0,0.0,0.0,0.0
2018-07-09,0.0,0.0,0.0,0.0,0.0
2018-07-10,0.0,0.0,0.0,0.0,0.0
2018-07-11,0.0,0.0,0.0,0.0,0.0
2018-07-12,0.0,0.0,0.0,0.0,0.0
2018-07-13,0.0,0.0,0.0,0.0,0.0
2018-07-14,0.0,0.0,0.0,0.0,0.0
2018-07-15,0.0,0.0,0.0,0.0,0.0
2018-07-16,0.0,0.0,0.0,0.0,0.0
2018-07-17,0.0,0.0,0.0,0.0,0.0
2018-07-18,0.0,0.0,0.0,0.0,0.0
2018-07-19,0.0,0.0,0.0,0.0,0.0
2018-07-20,0.0,0.0,0.0,0.0,0.0
2018-07-21,0.0,0.0,0.0,0.0,0.0
2018-07-22,0.0,0.0,0.0,0.0,0.0
2018-07-23,0.0,0.0,0.0,0.0,0.0
2018-07-24,0.0,0.0,0.0,0.0,0.0
2018-07-25,0.0,0.0,0.0,0.0,0.0
2018-07-26,0.0,0.0,0.0,0.0,0.0
2018-07-27,0.0,0.0,0.0,0.0,0.0
2018-07-28,0.0,0.0,0.0,0.0,0.0
2018-07-29,0.0,0.0,0.0,0.0,0.0
2018-07-30,0.0,0.0,0.0,0.0,0.0
2018-07-31,0.0,0.0,0.0,0.0,0.0
2018-08-01,0.0,0.0,0.0,0.0,0.0
2018-08-02,0.0,0.0,0.0,0.0,0.0
2018-08-03,0.0,0.0,0.0,0.0,0.0
2018-08-04,0.0,0.0,0.0,0.0,0.0
2018-08-05,0.0,0.0,0.0,0.0,0.0
2018-08-06,0.0,0.0,0.0,0.0,0.0
2018-08-07,0.0,0.0,0.0,0.0,0.0
2018-08-08,0.0,0.0,0.0,0.0,0.0
2018-08-09,0.0,0.0,0.0,0.0,0.0
2018-08-10,0.0,0.0,0.0,0.0,0.0
2018-08-11,0.0,0.0,0.0,0.0,0.0
2018-08-12,0.0,0.0,0.0,0.0,0.0
2018-08-13,0.0,0.0,0.0,0.0,0.0
2018-08-14,0.0,0.0,0.0,0.0,0.0
2018-08-15,0.0,0.0,0.0,0.0,0.0
2018-08-16,0.0,0.0,0.0,0.0,0.0
2018-08-17,0.0,0.0,0.0,0.0,0.0
2018-08-18,0.0,0.0,0.0,0.0,0.0
2018-08-19,0.0,0.0,0.0,0.0,0.0
2018-08-20,0.0,0.0,0.0,0.0,0.0
2018-08-21,0.0,0.0,0.0,0.0,0.0
2018-08-22,0.0,0.0,0.0,0.0,0.0
2018-08-23,0.0,0.0,0.0,0.0,0.0
2018-08-24,0.0,0.0,0.0,0.0,0.0
2018-08-25,0.0,0.0,0.0,0.0,0.0
2018-08-26,0.0,0.0,0.0,0.0,0.0
2018-08-27,0.0,0.0,0.0,0.0,0.0
2018-08-28,0.0,0.0,0.0,0.0,0.0
2018-08-29,0.0,0.0,0.0,0.0,0.0
2018-08-30,0.0,0.0,0.0,0.0,0.0
2018-08-31,0.0,0.0,0.0,0.0,0.0
2018-09-01,0.0,0.0,0.0,0.0,0.0
2018-09-02,0.0,0.0,0.0,0.0,0.0
2018-09-03,0.0,0.0,0.0,0.0,0.0
2018-09-04,0.0,0.0,0.0,0.0,0.0
2018-09-05,0.0,0.0,0.0,0.0,0.0
2018-09-06,0.0,0.0,0.0,0.0,0.0
2018-09-07,0.0,0.0,0.0,0.0,0.0
2018-09-08,0.0,0.0,0.0,0.0,0.0
2018-09-09,0.0,0.0,0.0,0.0,0.0
2018-09-10,0.0,0.0,0.0,0.0,0.0
2018-09-11,0.0,0.0,0.0,0.0,0.0
2018-09-12,0.0,0.0,0.0,0.0,0.0
2018-09-13,0.0,0.0,0.0,0.0,0.0
2018-09-14,0.0,0.0,0.0,0.0,0.0
2018-09-15,0.0,0.0,0.0,0.0,0.0
2018-09-16,0.0,0.0,0.0,0.0,0.0
2018-09-17,0.0,0.0,0.0,0.0,0.0
2018-09-18,0.0,0.0,0.0,0.0,0.0
2018-09-19,0.0,0.0,0.0,0.0,0.0
2018-09-20,0.0,0.0,0.0,0.0,0.0
2018-09-21,0.0,0.0,0.0,0.0,0.0
2018-09-22,0.0,0.0,0.0,0.0,0.0
2018-09-23,0.0,0.0,0.0,0.0,0.0
2018-09-24,0.0,0.0,0.0,0.0,0.0
2018-09-25,0.0,0.0,0.0,0.0,0.0
2018-09-26,0.0,0.0,0.0,0.0,0.0
2018-09-27,0.0,0.0,0.0,0.0,0.0
2018-09-28,0.0,0.0,0.0,0.0,0.0
2018-09-29,0.0,0.0,0.0,0.0,0.0
2018-09-30,0.0,0.0,0.0,0.0,0.0
2018-10-01,0.0,0.0,0.0,0.0,0.0
2018-10-02,0.0,0.0,0.0,0.0,0.0
2018-10-03,0.0,0.0,0.0,0.0,0.0
2018-10-04,0.0,0.0,0.0,0.0,0.0
2018-10-05,0.0,0.0,0.0,0.0,0.0
2018-10-06,0.0,0.0,0.0,0.0,0.0
2018-10-07,0.0,0.0,0.0,0.0,0.0
2018-10-08,0.0,0.0,0.0,0.0,0.0
2018-10-09,0.0,0.0,0.0,0.0,0.0
2018-10-10,0.0,0.0,0.0,0.0,0.0
2018-10-11,0.0,0.0,0.0,0.0,0.0
2018-10-12,0.0,0.0,0.0,0.0,0.0
2018-10-13,0.0,0.0,0.0,0.0,0.0
2018-10-14,0.0,0.0,0.0,0.0,0.0
2018-10-15,0.0,0.0,0.0,0.0,0.0
2018-10-16,0.0,0.0,0.0,0.0,0.0
2018-10-17,0.0,0.0,0.0,0.0,0.0
2018-10-18,0.0,0.0,0.0,0.0,0.0
2018-10-19,0.0,0.0,0.0,0.0,0.0
2018-10-20,0.0,0.0,0.0,0.0,0.0
2018-10-21,0.0,0.0,0.0,0.0,0.0
2018-10-22,0.0,0.0,0.0,0.0,0.0
2018-10-23,0.0,0.0,0.0,0.0,0.0
2018-10-24,0.0,0.0,0.0,0.0,0.0
2018-10-25,0.0,0.0,0.0,0.0,0.0
2018-10-26,0.0,0.0,0.0,0.0,0.0
2018-10-27,0.0,0.0,0.0,0.0,0.0
2018-10-28,0.0,0.0,0.0,0.0,0.0
2018-10-29,0.0,0.0,0.0,0.0,0.0
2018-10-30,0.0,0.0,0.0,0.0,0.0
2018-10-31,0.0,0.0,0.0,0.0,0.0
2018-11-01,0.0,0.0,0.0,0.0,0.0
2018-11-02,0.0,0.0,0.0,0.0,0.0
2018-11-03,0.0,0.0,0.0,0.0,0.0
2018-11-04,0.0,0.0,0.0,0.0,0.0
2018-11-05,0.0,0.0,0.0,0.0,0.0
2018-11-06,0.0,0.0,0.0,0.0,0.0
2018-11-07,0.0,0.0,0.0,0.0,0.0
2018-11-08,0.0,0.0,0.0,0.0,0.0
2018-11-09,0.0,0.0,0.0,0.0,0.0
2018-11-10,0.0,0.0,0.0,0.0,0.0
2018-11-11,0.0,0.0,0.0,0.0,0.0
2018-11-12,0.0,0.0,0.0,0.0,0.0
2018-11-13,0.0,0.0,0.0,0.0,0.0
2018-11-14,0.0,0.0,0.0,0.0,0.0
2018-11-15,0.0,0.0,0.0,0.0,0.0
2018-11-16,0.0,0.0,0.0,0.0,0.0
2018-11-17,0.0,0.0,0.0,0.0,0.0
2018-11-18,0.0,0.0,0.0,0.0,0.0
2018-11-19,0.0,0.0,0.0,0.0,0.0
2018-11-20,0.0,0.0,0.0,0.0,0.0
2018-11-21,0.355,85.61,8.24,33.41,43.96
2018-11-22,1.001,106.3,9.42,41.83,55.04
2018-11-23,2.604,143.97,14.79,55.78,73.39
2018-11-24,0.622,83.75,10.97,31.43,41.35
2018-11-25,0.065,52.88,6.98,17.5,28.4
2018-11-26,0.009,25.53,6.97,0.0,18.56
2018-11-27,0.001,11.82,6.93,0.0,4.89
2018-11-28,0.003,0.87,0.77,0.0,0.11
2018-11-29,1.194,119.94,10.5,47.2,62.25
2018-11-30,0.15,88.68,6.97,35.19,46.52
2018-12-01,0.224,53.62,6.32,18.95,28.35
2018-12-02,0.082,48.77,6.97,16.35,25.45
2018-12-03,0.011,24.87,6.97,0.0,17.9
2018-12-04,0.002,12.19,6.95,0.0,5.24
2018-12-05,0.0,7.9,6.83,0.0,1.06
2018-12-06,0.0,7.15,6.61,0.0,0.54
2018-12-07,0.0,7.11,6.49,0.0,0.62
2018-12-08,0.0,7.12,6.47,0.0,0.65
2018-12-09,0.0,7.12,6.47,0.0,0.65
2018-12-10,0.0,7.12,6.46,0.0,0.66
2018-12-11,0.0,7.12,6.47,0.0,0.65
2018-12-12,0.0,7.12,6.48,0.0,0.65
2018-12-13,0.0,7.13,6.48,0.0,0.64
2018-12-14,0.0,7.1,6.44,0.0,0.66
2018-12-15,0.0,7.13,6.48,0.0,0.65
2018-12-16,0.389,93.27,7.92,36.65,48.69
2018-12-17,0.789,106.5,11.64,40.89,53.97
2018-12-18,0.072,68.5,6.98,23.97,37.56
2018-12-19,0.01,32.52,6.97,0.0,25.55
2018-12-20,0.001,13.88,6.94,0.0,6.94
2018-12-21,0.0,8.21,6.86,0.0,1.35
2018-12-22,0.0,7.19,6.63,0.0,0.57
2018-12-23,0.0,7.12,6.58,0.0,0.54
2018-12-24,0.01,15.98,2.9,5.5,7.58
2018-12-25,0.065,28.09,6.88,8.03,13.17
2018-12-26,0.01,15.28,6.98,0.0,8.3
2018-12-27,0.001,9.36,6.97,0.0,2.39
2018-12-28,0.0,7.48,6.95,0.0,0.53
2018-12-29,0.0,7.09,6.81,0.0,0.29
2018-12-30,0.0,7.09,6.57,0.0,0.51
2018-12-31,0.0,7.27,6.68,0.0,0.59
2019-01-01,0.0,6.78,6.39,0.0,0.4
2019-01-02,0.0,7.09,6.37,0.0,0.72
2019-01-03,0.0,7.13,6.46,0.0,0.67
2019-01-04,0.0,7.1,6.44,0.0,0.67
2019-01-05,0.0,7.22,6.6,0.0,0.63
2019-01-06,2.384,166.01,16.51,64.55,84.95
2019-01-07,0.588,134.91,11.16,53.43,70.31
2019-01-08,0.06,86.71,6.98,29.74,49.99
2019-01-09,0.008,38.92,6.97,0.0,31.95
2019-01-10,0.001,14.46,6.87,0.0,7.59
2019-01-11,0.0,7.88,6.71,0.0,1.17
2019-01-12,0.0,7.06,6.45,0.0,0.6
2019-01-13,0.0,7.21,6.56,0.0,0.65
2019-01-14,0.0,7.13,6.61,0.0,0.52
2019-01-15,0.128,45.84,5.74,17.19,22.91
2019-01-16,2.525,210.57,15.51,84.22,110.83
2019-01-17,1.509,216.18,15.19,86.79,114.2
2019-01-18,0.134,108.7,6.98,43.51,58.21
2019-01-19,0.019,52.07,6.96,0.25,44.86
2019-01-20,0.003,21.08,6.89,0.0,14.19
2019-01-21,0.001,9.36,6.74,0.0,2.62
2019-01-22,0.0,7.32,6.59,0.0,0.73
2019-01-23,0.0,7.06,6.43,0.0,0.63
2019-01-24,0.0,7.21,6.55,0.0,0.65
2019-01-25,0.0,7.14,6.6,0.0,0.54
2019-01-26,0.0,7.12,6.51,0.0,0.61
2019-01-27,0.0,7.12,6.48,0.0,0.64
2019-01-28,0.0,7.12,6.47,0.0,0.65
2019-01-29,0.0,7.13,6.48,0.0,0.65
2019-01-30,0.0,7.12,6.48,0.0,0.65
2019-01-31,0.0,7.12,6.47,0.0,0.65
2019-02-01,0.0,7.13,6.47,0.0,0.65
2019-02-02,0.215,62.55,6.69,23.99,31.86
2019-02-03,0.288,89.58,7.72,35.33,46.53
2019-02-04,1.53,142.33,11.94,56.3,74.09
2019-02-05,0.345,57.93,7.18,21.91,28.84
2019-02-06,0.051,42.32,6.98,12.44,22.9
2019-02-07,0.007,20.39,6.96,0.0,13.43
2019-02-08,0.097,41.13,5.91,15.2,20.03
2019-02-09,0.228,45.55,6.17,16.63,22.74
2019-02-10,0.824,70.77,10.4,25.97,34.39
2019-02-11,0.084,48.61,6.97,16.71,24.93
2019-02-12,0.012,24.47,6.97,0.0,17.5
2019-02-13,2.339,151.0,14.01,59.14,77.85
2019-02-14,1.928,100.98,12.7,38.12,50.16
2019-02-15,0.648,66.39,9.26,24.67,32.46
2019-02-16,0.594,56.24,8.32,20.69,27.23
2019-02-17,0.344,78.02,7.26,30.56,40.21
2019-02-18,0.064,69.19,6.96,23.6,38.63
2019-02-19,0.01,29.38,6.89,0.0,22.49
2019-02-20,0.003,10.71,6.76,0.0,3.95
2019-02-21,0.001,7.66,6.82,0.0,0.84
2019-02-22,0.0,7.1,6.64,0.0,0.46
2019-02-23,0.0,7.13,6.41,0.0,0.71
2019-02-24,0.0,7.16,6.64,0.0,0.51
2019-02-25,0.0,7.13,6.54,0.0,0.59
2019-02-26,0.012,0.02,0.02,0.0,0.0
2019-02-27,1.331,182.74,11.88,73.78,97.08
2019-02-28,0.124,99.59,6.97,39.4,53.23
2019-03-01,0.018,47.45,6.97,0.06,40.42
2019-03-02,0.757,113.07,9.66,44.63,58.78
2019-03-03,0.17,74.74,6.96,29.26,38.52
2019-03-04,0.025,40.93,6.96,4.36,29.61
2019-03-05,0.004,17.95,6.9,0.0,11.06
2019-03-06,0.41,60.17,7.41,22.69,30.07
2019-03-07,0.092,49.2,6.97,17.23,25.0
2019-03-08,0.013,25.1,6.97,0.0,18.13
2019-03-09,0.002,12.28,6.92,0.0,5.36
2019-03-10,0.0,7.62,6.58,0.0,1.04
2019-03-11,0.001,7.15,6.42,0.0,0.73
2019-03-12,0.0,7.25,6.62,0.0,0.63
2019-03-13,0.0,7.16,6.88,0.0,0.27
2019-03-14,0.0,7.09,6.7,0.0,0.38
2019-03-15,0.0,7.13,6.57,0.0,0.56
2019-03-16,0.0,7.15,6.54,0.0,0.61
2019-03-17,0.0,7.16,6.53,0.0,0.62
2019-03-18,0.0,7.17,6.55,0.0,0.62
2019-03-19,0.0,7.25,6.65,0.0,0.6
2019-03-20,0.0,6.93,6.71,0.0,0.22
2019-03-21,0.0,7.25,6.56,0.0,0.69
2019-03-22,0.0,7.18,6.98,0.0,0.21
2019-03-23,0.0,0.0,0.0,0.0,0.0
2019-03-24,0.0,0.0,0.0,0.0,0.0
2019-03-25,0.433,125.02,9.71,49.79,65.52
2019-03-26,0.407,115.76,9.19,46.02,60.55
2019-03-27,0.202,74.33,6.4,28.39,39.54
2019-03-28,0.074,68.17,6.98,23.28,37.91
2019-03-29,0.01,32.71,6.96,0.0,25.75
2019-03-30,0.001,14.46,6.97,0.0,7.48
2019-03-31,0.0,8.54,6.95,0.0,1.59
2019-04-01,0.0,7.26,6.82,0.0,0.44
2019-04-02,0.0,7.11,6.61,0.0,0.5
2019-04-03,0.0,7.14,6.54,0.0,0.6
2019-04-04,0.0,7.13,6.51,0.0,0.63
2019-04-05,0.0,7.12,6.49,0.0,0.64
2019-04-06,0.0,7.13,6.47,0.0,0.66
2019-04-07,0.0,7.15,6.5,0.0,0.65
2019-04-08,0.0,7.26,6.63,0.0,0.62
2019-04-09,0.0,7.19,6.94,0.0,0.24
2019-04-10,0.0,7.04,6.98,0.0,0.06
2019-04-11,0.0,0.0,0.0,0.0,0.0
2019-04-12,0.0,0.0,0.0,0.0,0.0
2019-04-13,0.0,0.0,0.0,0.0,0.0
2019-04-14,0.0,0.0,0.0,0.0,0.0
2019-04-15,0.0,0.0,0.0,0.0,0.0
2019-04-16,0.0,0.0,0.0,0.0,0.0
2019-04-17,0.0,0.0,0.0,0.0,0.0
2019-04-18,0.0,0.0,0.0,0.0,0.0
2019-04-19,0.0,0.0,0.0,0.0,0.0
2019-04-20,0.0,0.0,0.0,0.0,0.0
2019-04-21,0.0,0.0,0.0,0.0,0.0
2019-04-22,0.0,0.0,0.0,0.0,0.0
2019-04-23,0.0,0.0,0.0,0.0,0.0
2019-04-24,0.0,0.0,0.0,0.0,0.0
2019-04-25,0.0,0.0,0.0,0.0,0.0
2019-04-26,0.0,0.0,0.0,0.0,0.0
2019-04-27,0.0,0.0,0.0,0.0,0.0
2019-04-28,0.0,0.0,0.0,0.0,0.0
2019-04-29,0.0,0.0,0.0,0.0,0.0
2019-04-30,0.0,0.0,0.0,0.0,0.0
2019-05-01,0.0,0.0,0.0,0.0,0.0
2019-05-02,0.0,0.0,0.0,0.0,0.0
2019-05-03,0.0,0.0,0.0,0.0,0.0
2019-05-04,0.0,0.0,0.0,0.0,0.0
2019-05-05,0.0,0.0,0.0,0.0,0.0
2019-05-06,0.0,0.0,0.0,0.0,0.0
2019-05-07,0.0,0.0,0.0,0.0,0.0
2019-05-08,0.0,0.0,0.0,0.0,0.0
2019-05-09,0.0,0.0,0.0,0.0,0.0
2019-05-10,0.0,0.0,0.0,0.0,0.0
2019-05-11,0.0,0.0,0.0,0.0,0.0
2019-05-12,0.0,0.0,0.0,0.0,0.0
2019-05-13,0.0,0.0,0.0,0.0,0.0
2019-05-14,0.0,0.0,0.0,0.0,0.0
2019-05-15,0.347,79.46,8.16,30.79,40.51
2019-05-16,0.813,88.69,10.43,33.8,44.47
2019-05-17,0.13,61.74,6.98,23.35,31.41
2019-05-18,0.526,68.05,8.22,25.46,34.37
2019-05-19,2.191,235.43,14.97,95.19,125.27
2019-05-20,0.158,179.62,6.97,74.51,98.14
2019-05-21,0.283,72.56,6.83,25.85,39.87
2019-05-22,0.078,62.42,6.97,21.07,34.39
2019-05-23,0.011,30.93,6.97,0.0,23.96
2019-05-24,0.002,13.87,6.95,0.0,6.91
2019-05-25,0.0,8.23,6.86,0.0,1.37
2019-05-26,0.0,7.18,6.63,0.0,0.55
2019-05-27,0.0,7.13,6.53,0.0,0.6
2019-05-28,0.0,7.14,6.52,0.0,0.62
2019-05-29,0.0,7.14,6.51,0.0,0.63
2019-05-30,0.0,7.13,6.48,0.0,0.64
2019-05-31,0.0,7.14,6.5,0.0,0.64
2019-06-01,0.0,7.14,6.5,0.0,0.64
2019-06-02,0.0,7.13,6.49,0.0,0.64
2019-06-03,0.0,7.14,6.49,0.0,0.65
2019-06-04,0.0,7.16,6.52,0.0,0.63
2019-06-05,0.0,7.25,6.66,0.0,0.59
2019-06-06,0.0,7.16,6.62,0.0,0.54
2019-06-07,0.0,7.13,6.6,0.0,0.53
2019-06-08,0.0,7.13,6.98,0.0,0.16
2019-06-09,0.0,0.0,0.0,0.0,0.0
2019-06-10,0.0,0.0,0.0,0.0,0.0
2019-06-11,0.0,0.0,0.0,0.0,0.0
2019-06-12,0.0,0.0,0.0,0.0,0.0
2019-06-13,0.0,0.0,0.0,0.0,0.0
2019-06-14,0.0,0.0,0.0,0.0,0.0
2019-06-15,0.0,0.0,0.0,0.0,0.0
2019-06-16,0.0,0.0,0.0,0.0,0.0
2019-06-17,0.0,0.0,0.0,0.0,0.0
2019-06-18,0.0,0.0,0.0,0.0,0.0
2019-06-19,0.0,0.0,0.0,0.0,0.0
2019-06-20,0.0,0.0,0.0,0.0,0.0
2019-06-21,0.0,0.0,0.0,0.0,0.0
2019-06-22,0.0,0.0,0.0,0.0,0.0
2019-06-23,0.0,0.0,0.0,0.0,0.0
2019-06-24,0.0,0.0,0.0,0.0,0.0
2019-06-25,0.0,0.0,0.0,0.0,0.0
2019-06-26,0.0,0.0,0.0,0.0,0.0
2019-06-27,0.0,0.0,0.0,0.0,0.0
2019-06-28,0.0,0.0,0.0,0.0,0.0
2019-06-29,0.0,0.0,0.0,0.0,0.0
2019-06-30,0.0,0.0,0.0,0.0,0.0
2019-07-01,0.0,0.0,0.0,0.0,0.0
2019-07-02,0.0,0.0,0.0,0.0,0.0
2019-07-03,0.0,0.0,0.0,0.0,0.0
2019-07-04,0.0,0.0,0.0,0.0,0.0
2019-07-05,0.0,0.0,0.0,0.0,0.0
2019-07-06,0.0,0.0,0.0,0.0,0.0
2019-07-07,0.0,0.0,0.0,0.0,0.0
2019-07-08,0.0,0.0,0.0,0.0,0.0
2019-07-09,0.0,0.0,0.0,0.0,0.0
2019-07-10,0.0,0.0,0.0,0.0,0.0
2019-07-11,0.0,0.0,0.0,0.0,0.0
2019-07-12,0.0,0.0,0.0,0.0,0.0
2019-07-13,0.0,0.0,0.0,0.0,0.0
2019-07-14,0.0,0.0,0.0,0.0,0.0
2019-07-15,0.0,0.0,0.0,0.0,0.0
2019-07-16,0.0,0.0,0.0,0.0,0.0
2019-07-17,0.0,0.0,0.0,0.0,0.0
2019-07-18,0.0,0.0,0.0,0.0,0.0
2019-07-19,0.0,0.0,0.0,0.0,0.0
2019-07-20,0.0,0.0,0.0,0.0,0.0
2019-07-21,0.0,0.0,0.0,0.0,0.0
2019-07-22,0.0,0.0,0.0,0.0,0.0
2019-07-23,0.0,0.0,0.0,0.0,0.0
2019-07-24,0.0,0.0,0.0,0.0,0.0
2019-07-25,0.0,0.0,0.0,0.0,0.0
2019-07-26,0.0,0.0,0.0,0.0,0.0
2019-07-27,0.0,0.0,0.0,0.0,0.0
2019-07-28,0.0,0.0,0.0,0.0,0.0
2019-07-29,0.0,0.0,0.0,0.0,0.0
2019-07-30,0.0,0.0,0.0,0.0,0.0
2019-07-31,0.0,0.0,0.0,0.0,0.0
2019-08-01,0.0,0.0,0.0,0.0,0.0
2019-08-02,0.0,0.0,0.0,0.0,0.0
2019-08-03,0.0,0.0,0.0,0.0,0.0
2019-08-04,0.0,0.0,0.0,0.0,0.0
2019-08-05,0.0,0.0,0.0,0.0,0.0
2019-08-06,0.0,0.0,0.0,0.0,0.0
2019-08-07,0.0,0.0,0.0,0.0,0.0
2019-08-08,0.0,0.0,0.0,0.0,0.0
2019-08-09,0.0,0.0,0.0,0.0,0.0
2019-08-10,0.0,0.0,0.0,0.0,0.0
2019-08-11,0.0,0.0,0.0,0.0,0.0
2019-08-12,0.0,0.0,0.0,0.0,0.0
2019-08-13,0.0,0.0,0.0,0.0,0.0
2019-08-14,0.0,0.0,0.0,0.0,0.0
2019-08-15,0.0,0.0,0.0,0.0,0.0
2019-08-16,0.0,0.0,0.0,0.0,0.0
2019-08-17,0.0,0.0,0.0,0.0,0.0
2019-08-18,0.0,0.0,0.0,0.0,0.0
2019-08-19,0.0,0.0,0.0,0.0,0.0
2019-08-20,0.0,0.0,0.0,0.0,0.0
2019-08-21,0.0,0.0,0.0,0.0,0.0
2019-08-22,0.0,0.0,0.0,0.0,0.0
2019-08-23,0.0,0.0,0.0,0.0,0.0
2019-08-24,0.0,0.0,0.0,0.0,0.0
2019-08-25,0.0,0.0,0.0,0.0,0.0
2019-08-26,0.0,0.0,0.0,0.0,0.0
2019-08-27,0.0,0.0,0.0,0.0,0.0
2019-08-28,0.0,0.0,0.0,0.0,0.0
2019-08-29,0.0,0.0,0.0,0.0,0.0
2019-08-30,0.0,0.0,0.0,0.0,0.0
2019-08-31,0.0,0.0,0.0,0.0,0.0
2019-09-01,0.0,0.0,0.0,0.0,0.0
2019-09-02,0.0,0.0,0.0,0.0,0.0
2019-09-03,0.0,0.0,0.0,0.0,0.0
2019-09-04,0.0,0.0,0.0,0.0,0.0
2019-09-05,0.0,0.0,0.0,0.0,0.0
2019-09-06,0.0,0.0,0.0,0.0,0.0
2019-09-07,0.0,0.0,0.0,0.0,0.0
2019-09-08,0.0,0.0,0.0,0.0,0.0
2019-09-09,0.0,0.0,0.0,0.0,0.0
2019-09-10,0.0,0.0,0.0,0.0,0.0
2019-09-11,0.0,0.0,0.0,0.0,0.0
2019-09-12,0.0,0.0,0.0,0.0,0.0
2019-09-13,0.0,0.0,0.0,0.0,0.0
2019-09-14,0.0,0.0,0.0,0.0,0.0
2019-09-15,0.0,0.0,0.0,0.0,0.0
2019-09-16,0.0,0.0,0.0,0.0,0.0
2019-09-17,0.0,0.0,0.0,0.0,0.0
2019-09-18,0.0,0.0,0.0,0.0,0.0
2019-09-19,0.0,0.0,0.0,0.0,0.0
2019-09-20,0.0,0.0,0.0,0.0,0.0
2019-09-21,0.0,0.0,0.0,0.0,0.0
2019-09-22,0.0,0.0,0.0,0.0,0.0
2019-09-23,0.0,0.0,0.0,0.0,0.0
2019-09-24,0.0,0.0,0.0,0.0,0.0
2019-09-25,0.0,0.0,0.0,0.0,0.0
2019-09-26,0.0,0.0,0.0,0.0,0.0
2019-09-27,0.0,0.0,0.0,0.0,0.0
2019-09-28,0.0,0.0,0.0,0.0,0.0
2019-09-29,0.0,0.0,0.0,0.0,0.0
2019-09-30,0.0,0.0,0.0,0.0,0.0
2019-10-01,0.0,0.0,0.0,0.0,0.0
2019-10-02,0.0,0.0,0.0,0.0,0.0
2019-10-03,0.0,0.0,0.0,0.0,0.0
2019-10-04,0.0,0.0,0.0,0.0,0.0
2019-10-05,0.0,0.0,0.0,0.0,0.0
2019-10-06,0.0,0.0,0.0,0.0,0.0
2019-10-07,0.0,0.0,0.0,0.0,0.0
2019-10-08,0.0,0.0,0.0,0.0,0.0
2019-10-09,0.0,0.0,0.0,0.0,0.0
2019-10-10,0.0,0.0,0.0,0.0,0.0
2019-10-11,0.0,0.0,0.0,0.0,0.0
2019-10-12,0.0,0.0,0.0,0.0,0.0
2019-10-13,0.0,0.0,0.0,0.0,0.0
2019-10-14,0.0,0.0,0.0,0.0,0.0
2019-10-15,0.0,0.0,0.0,0.0,0.0
2019-10-16,0.0,0.0,0.0,0.0,0.0
2019-10-17,0.0,0.0,0.0,0.0,0.0
2019-10-18,0.0,0.0,0.0,0.0,0.0
2019-10-19,0.0,0.0,0.0,0.0,0.0
2019-10-20,0.0,0.0,0.0,0.0,0.0
2019-10-21,0.0,0.0,0.0,0.0,0.0
2019-10-22,0.0,0.0,0.0,0.0,0.0
2019-10-23,0.0,0.0,0.0,0.0,0.0
2019-10-24,0.0,0.0,0.0,0.0,0.0
2019-10-25,0.0,0.0,0.0,0.0,0.0
2019-10-26,0.0,0.0,0.0,0.0,0.0
2019-10-27,0.0,0.0,0.0,0.0,0.0
2019-10-28,0.0,0.0,0.0,0.0,0.0
2019-10-29,0.0,0.0,0.0,0.0,0.0
2019-10-30,0.0,0.0,0.0,0.0,0.0
2019-10-31,0.0,0.0,0.0,0.0,0.0
2019-11-01,0.0,0.0,0.0,0.0,0.0
2019-11-02,0.0,0.0,0.0,0.0,0.0
2019-11-03,0.0,0.0,0.0,0.0,0.0
2019-11-04,0.0,0.0,0.0,0.0,0.0
2019-11-05,0.0,0.0,0.0,0.0,0.0
2019-11-06,0.0,0.0,0.0,0.0,0.0
2019-11-07,0.0,0.0,0.0,0.0,0.0
2019-11-08,0.0,0.0,0.0,0.0,0.0
2019-11-09,0.0,0.0,0.0,0.0,0.0
2019-11-10,0.0,0.0,0.0,0.0,0.0
2019-11-11,0.0,0.0,0.0,0.0,0.0
2019-11-12,0.0,0.0,0.0,0.0,0.0
2019-11-13,0.0,0.0,0.0,0.0,0.0
2019-11-14,0.0,0.0,0.0,0.0,0.0
2019-11-15,0.0,0.0,0.0,0.0,0.0
2019-11-16,0.0,0.0,0.0,0.0,0.0
2019-11-17,0.0,0.0,0.0,0.0,0.0
2019-11-18,0.0,0.0,0.0,0.0,0.0
2019-11-19,0.0,0.0,0.0,0.0,0.0
2019-11-20,0.0,0.0,0.0,0.0,0.0
2019-11-21,0.0,0.0,0.0,0.0,0.0
2019-11-22,0.0,0.0,0.0,0.0,0.0
2019-11-23,0.0,0.0,0.0,0.0,0.0
2019-11-24,0.0,0.0,0.0,0.0,0.0
2019-11-25,0.0,0.0,0.0,0.0,0.0
2019-11-26,1.251,345.95,15.34,142.74,187.87
2019-11-27,1.864,196.88,14.05,78.94,103.88
2019-11-28,0.155,89.53,6.98,35.6,46.95
2019-11-29,0.021,46.12,6.98,1.75,37.39
2019-11-30,0.003,21.64,6.97,0.0,14.68
2019-12-01,0.0,9.96,6.9,0.0,3.06
2019-12-02,0.523,133.6,8.89,53.83,70.87
2019-12-03,0.14,123.97,6.97,50.21,66.79
2019-12-04,0.369,52.48,6.81,18.47,27.19
2019-12-05,0.081,42.26,6.97,13.59,21.7
2019-12-06,0.014,18.54,5.84,0.0,12.7
2019-12-07,0.632,84.95,8.74,32.89,43.32
2019-12-08,1.38,95.46,11.65,36.19,47.62
2019-12-09,0.159,82.92,6.98,32.79,43.15
2019-12-10,0.022,43.57,6.97,2.37,34.23
2019-12-11,0.003,20.5,6.96,0.0,13.54
2019-12-12,0.001,9.62,6.88,0.0,2.74
2019-12-13,0.0,7.33,6.66,0.0,0.67
2019-12-14,0.0,7.13,6.53,0.0,0.6
2019-12-15,0.0,7.11,6.47,0.0,0.64
2019-12-16,0.0,7.12,6.45,0.0,0.66
2019-12-17,0.0,7.13,6.48,0.0,0.64
2019-12-18,0.0,7.11,6.45,0.0,0.66
2019-12-19,0.0,7.11,6.45,0.0,0.66
2019-12-20,0.0,7.12,6.47,0.0,0.65
2019-12-21,0.0,7.13,6.49,0.0,0.65
2019-12-22,1.103,149.22,11.28,59.49,78.45
2019-12-23,0.178,109.17,6.98,44.09,58.1
2019-12-24,0.025,61.06,6.98,7.27,46.81
2019-12-25,0.003,26.79,6.97,0.0,19.82
2019-12-26,0.001,11.28,6.93,0.0,4.35
2019-12-27,0.0,7.64,6.77,0.0,0.87
2019-12-28,0.0,7.13,6.56,0.0,0.57
2019-12-29,0.0,7.11,6.47,0.0,0.64
2019-12-30,0.0,7.12,6.47,0.0,0.65
2019-12-31,0.0,7.12,6.47,0.0,0.65
2020-01-01,0.0,7.11,6.46,0.0,0.65
2020-01-02,0.0,7.13,6.48,0.0,0.65
2020-01-03,0.0,7.12,6.47,0.0,0.65
2020-01-04,0.0,7.13,6.47,0.0,0.65
2020-01-05,0.0,7.12,6.47,0.0,0.65
2020-01-06,0.0,7.12,6.46,0.0,0.66
2020-01-07,0.0,7.12,6.47,0.0,0.65
2020-01-08,0.0,7.14,6.49,0.0,0.65
2020-01-09,0.0,7.09,6.45,0.0,0.65
2020-01-10,0.0,7.11,6.45,0.0,0.67
2020-01-11,0.0,7.13,6.48,0.0,0.65
2020-01-12,0.0,7.12,6.47,0.0,0.65
2020-01-13,0.0,7.15,6.5,0.0,0.65
2020-01-14,0.0,7.11,6.47,0.0,0.64
2020-01-15,0.0,7.21,6.54,0.0,0.67
2020-01-16,1.79,308.11,14.2,126.84,167.06
2020-01-17,0.417,153.27,9.31,62.14,81.82
2020-01-18,0.049,101.06,6.98,32.45,61.63
2020-01-19,0.007,43.27,6.97,0.0,36.3
2020-01-20,0.001,16.06,6.95,0.0,9.11
2020-01-21,0.0,8.51,6.83,0.0,1.68
2020-01-22,0.0,7.2,6.61,0.0,0.59
2020-01-23,0.0,7.12,6.5,0.0,0.62
2020-01-24,0.0,7.12,6.47,0.0,0.65
2020-01-25,0.0,7.11,6.45,0.0,0.66
2020-01-26,0.0,7.13,6.48,0.0,0.64
2020-01-27,0.0,7.11,6.46,0.0,0.65
2020-01-28,0.0,7.13,6.48,0.0,0.65
2020-01-29,0.0,7.12,6.47,0.0,0.65
2020-01-30,0.0,7.11,6.46,0.0,0.65
2020-01-31,0.0,7.12,6.46,0.0,0.66
2020-02-01,0.0,7.12,6.47,0.0,0.66
2020-02-02,0.0,7.22,6.59,0.0,0.63
2020-02-03,0.0,7.19,6.59,0.0,0.6
2020-02-04,0.0,6.93,6.42,0.0,0.51
2020-02-05,0.0,7.08,6.36,0.0,0.71
2020-02-06,0.0,7.14,6.47,0.0,0.67
2020-02-07,0.0,7.15,6.5,0.0,0.65
2020-02-08,0.0,7.18,6.54,0.0,0.64
2020-02-09,0.0,7.36,6.92,0.0,0.44
2020-02-10,0.0,7.08,6.98,0.0,0.1
2020-02-11,0.0,0.0,0.0,0.0,0.0
2020-02-12,0.0,0.0,0.0,0.0,0.0
2020-02-13,0.0,0.0,0.0,0.0,0.0
2020-02-14,0.0,0.0,0.0,0.0,0.0
2020-02-15,0.0,0.0,0.0,0.0,0.0
2020-02-16,0.0,0.0,0.0,0.0,0.0
2020-02-17,0.0,0.0,0.0,0.0,0.0
2020-02-18,0.0,0.0,0.0,0.0,0.0
2020-02-19,0.0,0.0,0.0,0.0,0.0
2020-02-20,0.0,0.0,0.0,0.0,0.0
2020-02-21,0.0,0.0,0.0,0.0,0.0
2020-02-22,0.0,0.0,0.0,0.0,0.0
2020-02-23,0.0,0.0,0.0,0.0,0.0
2020-02-24,0.0,0.0,0.0,0.0,0.0
2020-02-25,0.0,0.0,0.0,0.0,0.0
2020-02-26,0.0,0.0,0.0,0.0,0.0
2020-02-27,0.0,0.0,0.0,0.0,0.0
2020-02-28,0.0,0.0,0.0,0.0,0.0
2020-02-29,0.0,0.0,0.0,0.0,0.0
2020-03-01,0.0,0.0,0.0,0.0,0.0
2020-03-02,0.0,0.0,0.0,0.0,0.0
2020-03-03,0.0,0.0,0.0,0.0,0.0
2020-03-04,0.0,0.0,0.0,0.0,0.0
2020-03-05,0.0,0.0,0.0,0.0,0.0
2020-03-06,0.0,0.0,0.0,0.0,0.0
2020-03-07,0.0,0.0,0.0,0.0,0.0
2020-03-08,0.0,0.0,0.0,0.0,0.0
2020-03-09,0.0,0.0,0.0,0.0,0.0
2020-03-10,0.0,0.0,0.0,0.0,0.0
2020-03-11,0.0,0.0,0.0,0.0,0.0
2020-03-12,0.0,0.0,0.0,0.0,0.0
2020-03-13,0.0,0.0,0.0,0.0,0.0
2020-03-14,0.454,88.81,8.63,34.61,45.58
2020-03-15,1.027,71.55,9.63,26.73,35.18
2020-03-16,1.566,93.41,12.97,34.74,45.71
2020-03-17,0.122,68.67,6.98,26.15,35.54
2020-03-18,0.017,34.46,6.98,0.02,27.46
2020-03-19,0.002,16.59,6.96,0.0,9.63
2020-03-20,0.0,8.89,6.9,0.0,1.99
2020-03-21,0.0,7.27,6.69,0.0,0.57
2020-03-22,0.0,7.12,6.54,0.0,0.58
2020-03-23,0.0,7.13,6.51,0.0,0.62
2020-03-24,0.0,7.11,6.46,0.0,0.65
2020-03-25,0.0,7.13,6.48,0.0,0.65
2020-03-26,0.0,7.12,6.46,0.0,0.65
2020-03-27,0.0,7.13,6.48,0.0,0.65
2020-03-28,0.0,7.09,6.42,0.0,0.67
2020-03-29,0.0,7.13,6.48,0.0,0.65
2020-03-30,0.0,7.13,6.49,0.0,0.64
2020-03-31,0.0,7.13,6.48,0.0,0.65
2020-04-01,0.0,7.16,6.51,0.0,0.64
2020-04-02,0.0,7.11,6.47,0.0,0.64
2020-04-03,0.0,7.16,6.51,0.0,0.65
2020-04-04,0.457,198.73,10.75,81.17,106.81
2020-04-05,1.69,176.55,12.96,70.64,92.95
2020-04-06,1.15,174.54,11.87,70.25,92.43
2020-04-07,0.256,150.82,7.68,61.81,81.33
2020-04-08,0.034,95.6,6.98,23.93,64.7
2020-04-09,0.005,39.04,6.97,0.0,32.07
2020-04-10,0.001,14.14,6.92,0.0,7.22
2020-04-11,0.0,8.04,6.77,0.0,1.27
2020-04-12,0.0,7.17,6.57,0.0,0.59
2020-04-13,0.0,7.13,6.52,0.0,0.62
2020-04-14,0.0,7.13,6.5,0.0,0.63
2020-04-15,0.0,7.13,6.49,0.0,0.64
2020-04-16,0.0,7.11,6.45,0.0,0.65
2020-04-17,0.0,7.15,6.5,0.0,0.65
2020-04-18,0.0,7.13,6.49,0.0,0.64
2020-04-19,0.0,7.14,6.49,0.0,0.65
2020-04-20,0.0,7.13,6.48,0.0,0.65
2020-04-21,0.0,7.12,6.47,0.0,0.65
2020-04-22,0.0,7.17,6.52,0.0,0.64
2020-04-23,0.0,7.16,6.53,0.0,0.63
2020-04-24,0.0,7.17,6.57,0.0,0.59
2020-04-25,0.0,7.25,6.67,0.0,0.58
2020-04-26,0.0,7.11,6.7,0.0,0.41
2020-04-27,0.0,7.11,6.98,0.0,0.13
2020-04-28,0.0,0.0,0.0,0.0,0.0
2020-04-29,0.0,0.0,0.0,0.0,0.0
2020-04-30,0.0,0.0,0.0,0.0,0.0
2020-05-01,0.0,0.0,0.0,0.0,0.0
2020-05-02,0.0,0.0,0.0,0.0,0.0
2020-05-03,0.0,0.0,0.0,0.0,0.0
2020-05-04,0.0,0.0,0.0,0.0,0.0
2020-05-05,0.0,0.0,0.0,0.0,0.0
2020-05-06,0.0,0.0,0.0,0.0,0.0
2020-05-07,0.0,0.0,0.0,0.0,0.0
2020-05-08,0.0,0.0,0.0,0.0,0.0
2020-05-09,0.0,0.0,0.0,0.0,0.0
2020-05-10,0.0,0.0,0.0,0.0,0.0
2020-05-11,0.0,0.0,0.0,0.0,0.0
2020-05-12,0.0,0.0,0.0,0.0,0.0
2020-05-13,0.0,0.0,0.0,0.0,0.0
2020-05-14,0.0,0.0,0.0,0.0,0.0
2020-05-15,0.0,0.0,0.0,0.0,0.0
2020-05-16,0.0,0.0,0.0,0.0,0.0
2020-05-17,0.0,0.0,0.0,0.0,0.0
2020-05-18,0.121,33.03,6.26,10.99,15.77
2020-05-19,0.033,27.6,6.98,5.26,15.36
2020-05-20,0.005,14.61,6.98,0.0,7.63
2020-05-21,0.001,8.84,6.98,0.0,1.86
2020-05-22,0.0,7.37,6.98,0.0,0.4
2020-05-23,0.0,7.06,6.98,0.0,0.08
2020-05-24,0.0,7.0,6.98,0.0,0.02
2020-05-25,0.0,6.98,6.98,0.0,0.0
2020-05-26,0.0,6.98,6.98,0.0,0.0
2020-05-27,0.0,0.0,0.0,0.0,0.0
2020-05-28,0.0,0.0,0.0,0.0,0.0
2020-05-29,0.0,0.0,0.0,0.0,0.0
2020-05-30,0.0,0.0,0.0,0.0,0.0
2020-05-31,0.0,0.0,0.0,0.0,0.0
2020-06-01,0.0,0.0,0.0,0.0,0.0
2020-06-02,0.0,0.0,0.0,0.0,0.0
2020-06-03,0.0,0.0,0.0,0.0,0.0
2020-06-04,0.0,0.0,0.0,0.0,0.0
2020-06-05,0.0,0.0,0.0,0.0,0.0
2020-06-06,0.0,0.0,0.0,0.0,0.0
2020-06-07,0.0,0.0,0.0,0.0,0.0
2020-06-08,0.0,0.0,0.0,0.0,0.0
2020-06-09,0.0,0.0,0.0,0.0,0.0
2020-06-10,0.0,0.0,0.0,0.0,0.0
2020-06-11,0.0,0.0,0.0,0.0,0.0
2020-06-12,0.0,0.0,0.0,0.0,0.0
2020-06-13,0.0,0.0,0.0,0.0,0.0
2020-06-14,0.0,0.0,0.0,0.0,0.0
2020-06-15,0.0,0.0,0.0,0.0,0.0
2020-06-16,0.0,0.0,0.0,0.0,0.0
2020-06-17,0.0,0.0,0.0,0.0,0.0
2020-06-18,0.0,0.0,0.0,0.0,0.0
2020-06-19,0.0,0.0,0.0,0.0,0.0
2020-06-20,0.0,0.0,0.0,0.0,0.0
2020-06-21,0.0,0.0,0.0,0.0,0.0
2020-06-22,0.0,0.0,0.0,0.0,0.0
2020-06-23,0.0,0.0,0.0,0.0,0.0
2020-06-24,0.0,0.0,0.0,0.0,0.0
2020-06-25,0.0,0.0,0.0,0.0,0.0
2020-06-26,0.0,0.0,0.0,0.0,0.0
2020-06-27,0.0,0.0,0.0,0.0,0.0
2020-06-28,0.0,0.0,0.0,0.0,0.0
2020-06-29,0.0,0.0,0.0,0.0,0.0
2020-06-30,0.0,0.0,0.0,0.0,0.0
2020-07-01,0.0,0.0,0.0,0.0,0.0
2020-07-02,0.0,0.0,0.0,0.0,0.0
2020-07-03,0.0,0.0,0.0,0.0,0.0
2020-07-04,0.0,0.0,0.0,0.0,0.0
2020-07-05,0.0,0.0,0.0,0.0,0.0
2020-07-06,0.0,0.0,0.0,0.0,0.0
2020-07-07,0.0,0.0,0.0,0.0,0.0
2020-07-08,0.0,0.0,0.0,0.0,0.0
2020-07-09,0.0,0.0,0.0,0.0,0.0
2020-07-10,0.0,0.0,0.0,0.0,0.0
2020-07-11,0.0,0.0,0.0,0.0,0.0
2020-07-12,0.0,0.0,0.0,0.0,0.0
2020-07-13,0.0,0.0,0.0,0.0,0.0
2020-07-14,0.0,0.0,0.0,0.0,0.0
2020-07-15,0.0,0.0,0.0,0.0,0.0
2020-07-16,0.0,0.0,0.0,0.0,0.0
2020-07-17,0.0,0.0,0.0,0.0,0.0
2020-07-18,0.0,0.0,0.0,0.0,0.0
2020-07-19,0.0,0.0,0.0,0.0,0.0
2020-07-20,0.0,0.0,0.0,0.0,0.0
2020-07-21,0.0,0.0,0.0,0.0,0.0
2020-07-22,0.0,0.0,0.0,0.0,0.0
2020-07-23,0.0,0.0,0.0,0.0,0.0
2020-07-24,0.0,0.0,0.0,0.0,0.0
2020-07-25,0.0,0.0,0.0,0.0,0.0
2020-07-26,0.0,0.0,0.0,0.0,0.0
2020-07-27,0.0,0.0,0.0,0.0,0.0
2020-07-28,0.0,0.0,0.0,0.0,0.0
2020-07-29,0.0,0.0,0.0,0.0,0.0
2020-07-30,0.0,0.0,0.0,0.0,0.0
2020-07-31,0.0,0.0,0.0,0.0,0.0
2020-08-01,0.0,0.0,0.0,0.0,0.0
2020-08-02,0.0,0.0,0.0,0.0,0.0
2020-08-03,0.0,0.0,0.0,0.0,0.0
2020-08-04,0.0,0.0,0.0,0.0,0.0
2020-08-05,0.0,0.0,0.0,0.0,0.0
2020-08-06,0.0,0.0,0.0,0.0,0.0
2020-08-07,0.0,0.0,0.0,0.0,0.0
2020-08-08,0.0,0.0,0.0,0.0,0.0
2020-08-09,0.0,0.0,0.0,0.0,0.0
2020-08-10,0.0,0.0,0.0,0.0,0.0
2020-08-11,0.0,0.0,0.0,0.0,0.0
2020-08-12,0.0,0.0,0.0,0.0,0.0
2020-08-13,0.0,0.0,0.0,0.0,0.0
2020-08-14,0.0,0.0,0.0,0.0,0.0
2020-08-15,0.0,0.0,0.0,0.0,0.0
2020-08-16,0.0,0.0,0.0,0.0,0.0
2020-08-17,0.0,0.0,0.0,0.0,0.0
2020-08-18,0.0,0.0,0.0,0.0,0.0
2020-08-19,0.0,0.0,0.0,0.0,0.0
2020-08-20,0.0,0.0,0.0,0.0,0.0
2020-08-21,0.0,0.0,0.0,0.0,0.0
2020-08-22,0.0,0.0,0.0,0.0,0.0
2020-08-23,0.0,0.0,0.0,0.0,0.0
2020-08-24,0.0,0.0,0.0,0.0,0.0
2020-08-25,0.0,0.0,0.0,0.0,0.0
2020-08-26,0.0,0.0,0.0,0.0,0.0
2020-08-27,0.0,0.0,0.0,0.0,0.0
2020-08-28,0.0,0.0,0.0,0.0,0.0
2020-08-29,0.0,0.0,0.0,0.0,0.0
2020-08-30,0.0,0.0,0.0,0.0,0.0
2020-08-31,0.0,0.0,0.0,0.0,0.0
2020-09-01,0.0,0.0,0.0,0.0,0.0
2020-09-02,0.0,0.0,0.0,0.0,0.0
2020-09-03,0.0,0.0,0.0,0.0,0.0
2020-09-04,0.0,0.0,0.0,0.0,0.0
2020-09-05,0.0,0.0,0.0,0.0,0.0
2020-09-06,0.0,0.0,0.0,0.0,0.0
2020-09-07,0.0,0.0,0.0,0.0,0.0
2020-09-08,0.0,0.0,0.0,0.0,0.0
2020-09-09,0.0,0.0,0.0,0.0,0.0
2020-09-10,0.0,0.0,0.0,0.0,0.0
2020-09-11,0.0,0.0,0.0,0.0,0.0
2020-09-12,0.0,0.0,0.0,0.0,0.0
2020-09-13,0.0,0.0,0.0,0.0,0.0
2020-09-14,0.0,0.0,0.0,0.0,0.0
2020-09-15,0.0,0.0,0.0,0.0,0.0
2020-09-16,0.0,0.0,0.0,0.0,0.0
2020-09-17,0.0,0.0,0.0,0.0,0.0
2020-09-18,0.0,0.0,0.0,0.0,0.0
2020-09-19,0.0,0.0,0.0,0.0,0.0
2020-09-20,0.0,0.0,0.0,0.0,0.0
2020-09-21,0.0,0.0,0.0,0.0,0.0
2020-09-22,0.0,0.0,0.0,0.0,0.0
2020-09-23,0.0,0.0,0.0,0.0,0.0
2020-09-24,0.0,0.0,0.0,0.0,0.0
2020-09-25,0.0,0.0,0.0,0.0,0.0
2020-09-26,0.0,0.0,0.0,0.0,0.0
2020-09-27,0.0,0.0,0.0,0.0,0.0
2020-09-28,0.0,0.0,0.0,0.0,0.0
2020-09-29,0.0,0.0,0.0,0.0,0.0
2020-09-30,0.0,0.0,0.0,0.0,0.0
2020-10-01,0.0,0.0,0.0,0.0,0.0
2020-10-02,0.0,0.0,0.0,0.0,0.0
2020-10-03,0.0,0.0,0.0,0.0,0.0
2020-10-04,0.0,0.0,0.0,0.0,0.0
2020-10-05,0.0,0.0,0.0,0.0,0.0
2020-10-06,0.0,0.0,0.0,0.0,0.0
2020-10-07,0.0,0.0,0.0,0.0,0.0
2020-10-08,0.0,0.0,0.0,0.0,0.0
2020-10-09,0.0,0.0,0.0,0.0,0.0
2020-10-10,0.0,0.0,0.0,0.0,0.0
2020-10-11,0.0,0.0,0.0,0.0,0.0
2020-10-12,0.0,0.0,0.0,0.0,0.0
2020-10-13,0.0,0.0,0.0,0.0,0.0
2020-10-14,0.0,0.0,0.0,0.0,0.0
2020-10-15,0.0,0.0,0.0,0.0,0.0
2020-10-16,0.0,0.0,0.0,0.0,0.0
2020-10-17,0.0,0.0,0.0,0.0,0.0
2020-10-18,0.0,0.0,0.0,0.0,0.0
2020-10-19,0.0,0.0,0.0,0.0,0.0
2020-10-20,0.0,0.0,0.0,0.0,0.0
2020-10-21,0.0,0.0,0.0,0.0,0.0
2020-10-22,0.0,0.0,0.0,0.0,0.0
2020-10-23,0.0,0.0,0.0,0.0,0.0
2020-10-24,0.0,0.0,0.0,0.0,0.0
2020-10-25,0.0,0.0,0.0,0.0,0.0
2020-10-26,0.0,0.0,0.0,0.0,0.0
2020-10-27,0.0,0.0,0.0,0.0,0.0
2020-10-28,0.0,0.0,0.0,0.0,0.0
2020-10-29,0.0,0.0,0.0,0.0,0.0
2020-10-30,0.0,0.0,0.0,0.0,0.0
2020-10-31,0.0,0.0,0.0,0.0,0.0
2020-11-01,0.0,0.0,0.0,0.0,0.0
2020-11-02,0.0,0.0,0.0,0.0,0.0
2020-11-03,0.0,0.0,0.0,0.0,0.0
2020-11-04,0.0,0.0,0.0,0.0,0.0
2020-11-05,0.0,0.0,0.0,0.0,0.0
2020-11-06,0.0,0.0,0.0,0.0,0.0
2020-11-07,0.0,0.0,0.0,0.0,0.0
2020-11-08,0.0,0.0,0.0,0.0,0.0
2020-11-09,0.0,0.0,0.0,0.0,0.0
2020-11-10,0.0,0.0,0.0,0.0,0.0
2020-11-11,0.0,0.0,0.0,0.0,0.0
2020-11-12,0.0,0.0,0.0,0.0,0.0
2020-11-13,0.0,0.0,0.0,0.0,0.0
2020-11-14,0.0,0.0,0.0,0.0,0.0
2020-11-15,0.0,0.0,0.0,0.0,0.0
2020-11-16,0.0,0.0,0.0,0.0,0.0
2020-11-17,0.0,0.0,0.0,0.0,0.0
2020-11-18,0.104,32.29,6.24,11.02,15.03
2020-11-19,0.037,25.84,6.96,5.46,13.42
2020-11-20,0.005,13.97,6.98,0.0,6.99
2020-11-21,0.001,8.72,6.98,0.0,1.74
2020-11-22,0.0,7.35,6.98,0.0,0.37
2020-11-23,0.0,7.06,6.97,0.0,0.09
2020-11-24,0.0,7.02,6.93,0.0,0.08
2020-11-25,0.0,7.02,6.91,0.0,0.11
2020-11-26,0.0,7.02,6.98,0.0,0.04
2020-11-27,0.0,0.0,0.0,0.0,0.0
2020-11-28,0.0,0.0,0.0,0.0,0.0
2020-11-29,0.0,0.0,0.0,0.0,0.0
2020-11-30,0.0,0.0,0.0,0.0,0.0
2020-12-01,0.0,0.0,0.0,0.0,0.0
2020-12-02,0.0,0.0,0.0,0.0,0.0
2020-12-03,0.0,0.0,0.0,0.0,0.0
2020-12-04,0.0,0.0,0.0,0.0,0.0
2020-12-05,0.0,0.0,0.0,0.0,0.0
2020-12-06,0.0,0.0,0.0,0.0,0.0
2020-12-07,0.0,0.0,0.0,0.0,0.0
2020-12-08,0.0,0.0,0.0,0.0,0.0
2020-12-09,0.0,0.0,0.0,0.0,0.0
2020-12-10,0.0,0.0,0.0,0.0,0.0
2020-12-11,0.0,0.0,0.0,0.0,0.0
2020-12-12,0.328,41.14,6.81,14.52,19.81
2020-12-13,1.745,89.76,12.17,33.49,44.09
2020-12-14,0.372,58.13,8.88,21.27,27.99
2020-12-15,0.046,38.94,6.98,10.67,21.29
2020-12-16,0.009,12.99,4.74,0.0,8.25
2020-12-17,1.344,83.29,11.23,31.11,40.94
2020-12-18,0.142,60.09,6.98,22.81,30.3
2020-12-19,0.02,31.18,6.98,0.34,23.86
2020-12-20,0.003,15.85,6.96,0.0,8.89
2020-12-21,0.0,8.75,6.89,0.0,1.86
2020-12-22,0.0,7.25,6.69,0.0,0.56
2020-12-23,0.0,7.13,6.54,0.0,0.58
2020-12-24,0.0,7.1,6.46,0.0,0.64
2020-12-25,0.0,7.11,6.44,0.0,0.67
2020-12-26,0.0,7.12,6.47,0.0,0.65
2020-12-27,0.0,7.11,6.45,0.0,0.66
2020-12-28,0.0,7.11,6.45,0.0,0.66
2020-12-29,0.0,7.13,6.47,0.0,0.65
2020-12-30,0.0,7.13,6.48,0.0,0.65
2020-12-31,0.0,7.1,6.44,0.0,0.66
2021-01-01,0.0,7.11,6.45,0.0,0.66
2021-01-02,0.0,7.1,6.42,0.0,0.68
2021-01-03,0.0,7.13,6.47,0.0,0.65
2021-01-04,0.289,69.48,7.77,26.64,35.07
2021-01-05,0.163,66.88,6.98,25.86,34.04
2021-01-06,0.022,36.47,6.98,2.2,27.3
2021-01-07,0.003,18.07,6.97,0.0,11.1
2021-01-08,0.0,9.46,6.96,0.0,2.5
2021-01-09,0.0,7.41,6.83,0.0,0.58
2021-01-10,0.0,7.11,6.67,0.0,0.44
2021-01-11,0.0,7.11,6.51,0.0,0.6
2021-01-12,0.0,7.11,6.45,0.0,0.66
2021-01-13,0.0,7.13,6.48,0.0,0.64
2021-01-14,0.0,7.11,6.45,0.0,0.66
2021-01-15,0.0,7.13,6.48,0.0,0.65
2021-01-16,0.0,7.12,6.47,0.0,0.65
2021-01-17,0.0,7.12,6.48,0.0,0.65
2021-01-18,0.0,7.34,6.75,0.0,0.59
2021-01-19,0.0,7.12,6.98,0.0,0.15
2021-01-20,0.0,6.58,6.33,0.04,0.22
2021-01-21,0.0,7.21,6.45,0.0,0.75
2021-01-22,0.0,7.21,6.98,0.0,0.23
2021-01-23,0.0,7.23,6.49,0.06,0.68
2021-01-24,0.0,7.27,6.62,0.04,0.6
2021-01-25,0.0,0.0,0.0,0.0,0.0
2021-01-26,0.002,41.85,6.42,15.3,20.13
2021-01-27,1.874,117.06,11.7,45.43,59.92
2021-01-28,5.163,139.86,17.87,52.68,69.31
2021-01-29,1.707,112.79,13.46,42.89,56.43
2021-01-30,0.132,62.11,6.97,23.55,31.59
2021-01-31,0.018,31.41,6.97,0.1,24.33
2021-02-01,0.003,15.35,6.93,0.0,8.42
2021-02-02,0.543,70.9,8.49,26.95,35.47
2021-02-03,0.113,63.29,6.98,23.67,32.64
2021-02-04,0.016,31.25,6.96,0.0,24.29
2021-02-05,0.003,13.89,6.86,0.0,7.03
2021-02-06,0.001,7.96,6.74,0.0,1.21
2021-02-07,0.0,7.2,6.71,0.0,0.48
2021-02-08,0.0,7.12,6.54,0.0,0.57
2021-02-09,0.0,7.12,6.49,0.0,0.63
2021-02-10,0.0,7.13,6.48,0.0,0.64
2021-02-11,0.346,101.75,9.33,39.9,52.52
2021-02-12,0.456,127.28,9.82,50.72,66.75
2021-02-13,0.051,84.3,6.98,27.23,50.09
2021-02-14,0.007,37.07,6.97,0.0,30.09
2021-02-15,0.104,47.03,6.19,17.47,23.36
2021-02-16,0.04,37.85,6.96,9.42,21.47
2021-02-17,0.006,18.2,6.97,0.0,11.24
2021-02-18,0.001,9.71,6.96,0.0,2.75
2021-02-19,0.0,7.49,6.87,0.0,0.62
2021-02-20,0.0,7.14,6.72,0.0,0.42
2021-02-21,0.0,7.12,6.54,0.0,0.57
2021-02-22,0.0,7.13,6.51,0.0,0.63
2021-02-23,0.0,7.18,6.56,0.0,0.62
2021-02-24,0.0,7.24,6.63,0.0,0.61
2021-02-25,0.0,6.87,6.48,0.0,0.39
2021-02-26,0.0,7.15,6.45,0.0,0.71
2021-02-27,0.0,7.27,6.66,0.0,0.61
2021-02-28,0.0,7.15,6.98,0.0,0.17
2021-03-01,0.0,7.02,6.98,0.0,0.04
2021-03-02,0.0,0.0,0.0,0.0,0.0
2021-03-03,0.0,0.0,0.0,0.0,0.0
2021-03-04,0.0,0.0,0.0,0.0,0.0
2021-03-05,0.0,0.0,0.0,0.0,0.0
2021-03-06,0.0,0.0,0.0,0.0,0.0
2021-03-07,0.0,0.0,0.0,0.0,0.0
2021-03-08,0.0,0.0,0.0,0.0,0.0
2021-03-09,0.0,0.0,0.0,0.0,0.0
2021-03-10,0.569,54.05,7.37,20.15,26.53
2021-03-11,1.31,114.6,13.36,43.71,57.52
2021-03-12,0.104,64.9,6.97,24.12,33.81
2021-03-13,0.014,32.24,6.97,0.0,25.26
2021-03-14,0.002,15.27,6.97,0.0,8.3
2021-03-15,0.0,8.67,6.92,0.0,1.75
2021-03-16,0.0,7.27,6.75,0.0,0.51
2021-03-17,0.0,7.12,6.56,0.0,0.55
2021-03-18,0.106,30.03,5.49,10.57,13.97
2021-03-19,0.184,35.97,6.96,12.51,16.5
2021-03-20,0.026,22.72,6.98,2.69,13.06
2021-03-21,0.004,12.71,6.98,0.0,5.74
2021-03-22,0.001,8.3,6.96,0.0,1.34
2021-03-23,0.0,7.26,6.92,0.0,0.34
2021-03-24,0.0,7.04,6.77,0.0,0.27
2021-03-25,0.0,7.09,6.53,0.0,0.56
2021-03-26,0.0,7.13,6.5,0.0,0.64
2021-03-27,0.0,7.14,6.5,0.0,0.64
2021-03-28,0.0,7.18,6.55,0.0,0.63
2021-03-29,0.0,7.17,6.57,0.0,0.59
2021-03-30,0.0,7.27,6.75,0.0,0.52
2021-03-31,0.0,7.11,6.98,0.0,0.13
2021-04-01,0.0,7.02,6.98,0.0,0.04
2021-04-02,0.0,0.0,0.0,0.0,0.0
2021-04-03,0.0,0.0,0.0,0.0,0.0
2021-04-04,0.0,0.0,0.0,0.0,0.0
2021-04-05,0.0,0.0,0.0,0.0,0.0
2021-04-06,0.0,0.0,0.0,0.0,0.0
2021-04-07,0.0,0.0,0.0,0.0,0.0
2021-04-08,0.0,0.0,0.0,0.0,0.0
2021-04-09,0.0,0.0,0.0,0.0,0.0
2021-04-10,0.0,0.0,0.0,0.0,0.0
2021-04-11,0.0,0.0,0.0,0.0,0.0
2021-04-12,0.0,0.0,0.0,0.0,0.0
2021-04-13,0.0,0.0,0.0,0.0,0.0
2021-04-14,0.0,0.0,0.0,0.0,0.0
2021-04-15,0.0,0.0,0.0,0.0,0.0
2021-04-16,0.0,0.0,0.0,0.0,0.0
2021-04-17,0.0,0.0,0.0,0.0,0.0
2021-04-18,0.0,0.0,0.0,0.0,0.0
2021-04-19,0.0,0.0,0.0,0.0,0.0
2021-04-20,0.0,0.0,0.0,0.0,0.0
2021-04-21,0.0,0.0,0.0,0.0,0.0
2021-04-22,0.0,0.0,0.0,0.0,0.0
2021-04-23,0.0,0.0,0.0,0.0,0.0
2021-04-24,0.0,0.0,0.0,0.0,0.0
2021-04-25,0.0,0.0,0.0,0.0,0.0
2021-04-26,0.0,0.0,0.0,0.0,0.0
2021-04-27,0.0,0.0,0.0,0.0,0.0
2021-04-28,0.0,0.0,0.0,0.0,0.0
2021-04-29,0.0,0.0,0.0,0.0,0.0
2021-04-30,0.0,0.0,0.0,0.0,0.0
2021-05-01,0.0,0.0,0.0,0.0,0.0
2021-05-02,0.0,0.0,0.0,0.0,0.0
2021-05-03,0.0,0.0,0.0,0.0,0.0
2021-05-04,0.0,0.0,0.0,0.0,0.0
2021-05-05,0.0,0.0,0.0,0.0,0.0
2021-05-06,0.0,0.0,0.0,0.0,0.0
2021-05-07,0.0,0.0,0.0,0.0,0.0
2021-05-08,0.0,0.0,0.0,0.0,0.0
2021-05-09,0.0,0.0,0.0,0.0,0.0
2021-05-10,0.0,0.0,0.0,0.0,0.0
2021-05-11,0.0,0.0,0.0,0.0,0.0
2021-05-12,0.0,0.0,0.0,0.0,0.0
2021-05-13,0.0,0.0,0.0,0.0,0.0
2021-05-14,0.0,0.0,0.0,0.0,0.0
2021-05-15,0.0,0.0,0.0,0.0,0.0
2021-05-16,0.0,0.0,0.0,0.0,0.0
2021-05-17,0.0,0.0,0.0,0.0,0.0
2021-05-18,0.0,0.0,0.0,0.0,0.0
2021-05-19,0.0,0.0,0.0,0.0,0.0
2021-05-20,0.0,0.0,0.0,0.0,0.0
2021-05-21,0.0,0.0,0.0,0.0,0.0
2021-05-22,0.0,0.0,0.0,0.0,0.0
2021-05-23,0.0,0.0,0.0,0.0,0.0
2021-05-24,0.0,0.0,0.0,0.0,0.0
2021-05-25,0.0,0.0,0.0,0.0,0.0
2021-05-26,0.0,0.0,0.0,0.0,0.0
2021-05-27,0.0,0.0,0.0,0.0,0.0
2021-05-28,0.0,0.0,0.0,0.0,0.0
2021-05-29,0.0,0.0,0.0,0.0,0.0
2021-05-30,0.0,0.0,0.0,0.0,0.0
2021-05-31,0.0,0.0,0.0,0.0,0.0
2021-06-01,0.0,0.0,0.0,0.0,0.0
2021-06-02,0.0,0.0,0.0,0.0,0.0
2021-06-03,0.0,0.0,0.0,0.0,0.0
2021-06-04,0.0,0.0,0.0,0.0,0.0
2021-06-05,0.0,0.0,0.0,0.0,0.0
2021-06-06,0.0,0.0,0.0,0.0,0.0
2021-06-07,0.0,0.0,0.0,0.0,0.0
2021-06-08,0.0,0.0,0.0,0.0,0.0
2021-06-09,0.0,0.0,0.0,0.0,0.0
2021-06-10,0.0,0.0,0.0,0.0,0.0
2021-06-11,0.0,0.0,0.0,0.0,0.0
2021-06-12,0.0,0.0,0.0,0.0,0.0
2021-06-13,0.0,0.0,0.0,0.0,0.0
2021-06-14,0.0,0.0,0.0,0.0,0.0
2021-06-15,0.0,0.0,0.0,0.0,0.0
2021-06-16,0.0,0.0,0.0,0.0,0.0
2021-06-17,0.0,0.0,0.0,0.0,0.0
2021-06-18,0.0,0.0,0.0,0.0,0.0
2021-06-19,0.0,0.0,0.0,0.0,0.0
2021-06-20,0.0,0.0,0.0,0.0,0.0
2021-06-21,0.0,0.0,0.0,0.0,0.0
2021-06-22,0.0,0.0,0.0,0.0,0.0
2021-06-23,0.0,0.0,0.0,0.0,0.0
2021-06-24,0.0,0.0,0.0,0.0,0.0
2021-06-25,0.0,0.0,0.0,0.0,0.0
2021-06-26,0.0,0.0,0.0,0.0,0.0
2021-06-27,0.0,0.0,0.0,0.0,0.0
2021-06-28,0.0,0.0,0.0,0.0,0.0
2021-06-29,0.0,0.0,0.0,0.0,0.0
2021-06-30,0.0,0.0,0.0,0.0,0.0
2021-07-01,0.0,0.0,0.0,0.0,0.0
2021-07-02,0.0,0.0,0.0,0.0,0.0
2021-07-03,0.0,0.0,0.0,0.0,0.0
2021-07-04,0.0,0.0,0.0,0.0,0.0
2021-07-05,0.0,0.0,0.0,0.0,0.0
2021-07-06,0.0,0.0,0.0,0.0,0.0
2021-07-07,0.0,0.0,0.0,0.0,0.0
2021-07-08,0.0,0.0,0.0,0.0,0.0
2021-07-09,0.0,0.0,0.0,0.0,0.0
2021-07-10,0.0,0.0,0.0,0.0,0.0
2021-07-11,0.0,0.0,0.0,0.0,0.0
2021-07-12,0.0,0.0,0.0,0.0,0.0
2021-07-13,0.0,0.0,0.0,0.0,0.0
2021-07-14,0.0,0.0,0.0,0.0,0.0
2021-07-15,0.0,0.0,0.0,0.0,0.0
2021-07-16,0.0,0.0,0.0,0.0,0.0
2021-07-17,0.0,0.0,0.0,0.0,0.0
2021-07-18,0.0,0.0,0.0,0.0,0.0
2021-07-19,0.0,0.0,0.0,0.0,0.0
2021-07-20,0.0,0.0,0.0,0.0,0.0
2021-07-21,0.0,0.0,0.0,0.0,0.0
2021-07-22,0.0,0.0,0.0,0.0,0.0
2021-07-23,0.0,0.0,0.0,0.0,0.0
2021-07-24,0.0,0.0,0.0,0.0,0.0
2021-07-25,0.0,0.0,0.0,0.0,0.0
2021-07-26,0.0,0.0,0.0,0.0,0.0
2021-07-27,0.0,0.0,0.0,0.0,0.0
2021-07-28,0.0,0.0,0.0,0.0,0.0
2021-07-29,0.0,0.0,0.0,0.0,0.0
2021-07-30,0.0,0.0,0.0,0.0,0.0
2021-07-31,0.0,0.0,0.0,0.0,0.0
2021-08-01,0.0,0.0,0.0,0.0,0.0
2021-08-02,0.0,0.0,0.0,0.0,0.0
2021-08-03,0.0,0.0,0.0,0.0,0.0
2021-08-04,0.0,0.0,0.0,0.0,0.0
2021-08-05,0.0,0.0,0.0,0.0,0.0
2021-08-06,0.0,0.0,0.0,0.0,0.0
2021-08-07,0.0,0.0,0.0,0.0,0.0
2021-08-08,0.0,0.0,0.0,0.0,0.0
2021-08-09,0.0,0.0,0.0,0.0,0.0
2021-08-10,0.0,0.0,0.0,0.0,0.0
2021-08-11,0.0,0.0,0.0,0.0,0.0
2021-08-12,0.0,0.0,0.0,0.0,0.0
2021-08-13,0.0,0.0,0.0,0.0,0.0
2021-08-14,0.0,0.0,0.0,0.0,0.0
2021-08-15,0.0,0.0,0.0,0.0,0.0
2021-08-16,0.0,0.0,0.0,0.0,0.0
2021-08-17,0.0,0.0,0.0,0.0,0.0
2021-08-18,0.0,0.0,0.0,0.0,0.0
2021-08-19,0.0,0.0,0.0,0.0,0.0
2021-08-20,0.0,0.0,0.0,0.0,0.0
2021-08-21,0.0,0.0,0.0,0.0,0.0
2021-08-22,0.0,0.0,0.0,0.0,0.0
2021-08-23,0.0,0.0,0.0,0.0,0.0
2021-08-24,0.0,0.0,0.0,0.0,0.0
2021-08-25,0.0,0.0,0.0,0.0,0.0
2021-08-26,0.0,0.0,0.0,0.0,0.0
2021-08-27,0.0,0.0,0.0,0.0,0.0
2021-08-28,0.0,0.0,0.0,0.0,0.0
2021-08-29,0.0,0.0,0.0,0.0,0.0
2021-08-30,0.0,0.0,0.0,0.0,0.0
2021-08-31,0.0,0.0,0.0,0.0,0.0
2021-09-01,0.0,0.0,0.0,0.0,0.0
2021-09-02,0.0,0.0,0.0,0.0,0.0
2021-09-03,0.0,0.0,0.0,0.0,0.0
2021-09-04,0.0,0.0,0.0,0.0,0.0
2021-09-05,0.0,0.0,0.0,0.0,0.0
2021-09-06,0.0,0.0,0.0,0.0,0.0
2021-09-07,0.0,0.0,0.0,0.0,0.0
2021-09-08,0.0,0.0,0.0,0.0,0.0
2021-09-09,0.0,0.0,0.0,0.0,0.0
2021-09-10,0.0,0.0,0.0,0.0,0.0
2021-09-11,0.0,0.0,0.0,0.0,0.0
2021-09-12,0.0,0.0,0.0,0.0,0.0
2021-09-13,0.0,0.0,0.0,0.0,0.0
2021-09-14,0.0,0.0,0.0,0.0,0.0
2021-09-15,0.0,0.0,0.0,0.0,0.0
2021-09-16,0.0,0.0,0.0,0.0,0.0
2021-09-17,0.0,0.0,0.0,0.0,0.0
2021-09-18,0.0,0.0,0.0,0.0,0.0
2021-09-19,0.0,0.0,0.0,0.0,0.0
2021-09-20,0.0,0.0,0.0,0.0,0.0
2021-09-21,0.0,0.0,0.0,0.0,0.0
2021-09-22,0.0,0.0,0.0,0.0,0.0
2021-09-23,0.0,0.0,0.0,0.0,0.0
2021-09-24,0.0,0.0,0.0,0.0,0.0
2021-09-25,0.0,0.0,0.0,0.0,0.0
2021-09-26,0.0,0.0,0.0,0.0,0.0
2021-09-27,0.0,0.0,0.0,0.0,0.0
2021-09-28,0.0,0.0,0.0,0.0,0.0
2021-09-29,0.0,0.0,0.0,0.0,0.0
2021-09-30,0.0,0.0,0.0,0.0,0.0
2021-10-01,0.0,0.0,0.0,0.0,0.0
2021-10-02,0.0,0.0,0.0,0.0,0.0
2021-10-03,0.0,0.0,0.0,0.0,0.0
2021-10-04,0.0,0.0,0.0,0.0,0.0
2021-10-05,0.0,0.0,0.0,0.0,0.0
2021-10-06,0.0,0.0,0.0,0.0,0.0
2021-10-07,0.0,0.0,0.0,0.0,0.0
2021-10-08,0.0,0.0,0.0,0.0,0.0
2021-10-09,0.0,0.0,0.0,0.0,0.0
2021-10-10,0.0,0.0,0.0,0.0,0.0
2021-10-11,0.0,0.0,0.0,0.0,0.0
2021-10-12,0.0,0.0,0.0,0.0,0.0
2021-10-13,0.0,0.0,0.0,0.0,0.0
2021-10-14,0.0,0.0,0.0,0.0,0.0
2021-10-15,0.0,0.0,0.0,0.0,0.0
2021-10-16,0.0,0.0,0.0,0.0,0.0
2021-10-17,0.0,0.0,0.0,0.0,0.0
2021-10-18,0.0,0.0,0.0,0.0,0.0
2021-10-19,0.0,0.0,0.0,0.0,0.0
2021-10-20,0.013,20.32,3.51,6.95,9.86
2021-10-21,0.304,36.09,6.63,12.66,16.8
2021-10-22,1.287,123.92,12.19,48.24,63.48
2021-10-23,0.247,75.76,5.17,30.48,40.11
2021-10-24,12.162,273.9,22.04,108.76,143.1
2021-10-25,4.786,352.75,25.91,141.13,185.7
2021-10-26,0.174,105.84,6.97,42.69,56.18
2021-10-27,0.027,55.03,6.91,7.03,41.09
2021-10-28,0.006,18.26,6.72,0.0,11.54
2021-10-29,0.003,8.03,6.57,0.0,1.46
2021-10-30,0.002,7.18,6.49,0.0,0.69
2021-10-31,0.002,7.2,6.53,0.0,0.66
2021-11-01,0.001,7.12,6.57,0.0,0.55
2021-11-02,0.001,7.05,6.34,0.0,0.71
2021-11-03,0.001,7.21,6.52,0.0,0.69
2021-11-04,0.0,7.0,6.45,0.0,0.55
2021-11-05,0.001,7.2,6.48,0.0,0.72
2021-11-06,0.001,7.19,6.54,0.0,0.65
2021-11-07,0.0,7.16,6.77,0.0,0.39
2021-11-08,0.0,7.12,6.62,0.0,0.51
2021-11-09,0.413,98.14,7.38,38.91,51.84
2021-11-10,0.079,73.62,6.97,26.39,40.26
2021-11-11,0.011,34.99,6.97,0.0,28.02
2021-11-12,0.002,14.73,6.94,0.0,7.79
2021-11-13,0.0,8.58,6.94,0.0,1.63
2021-11-14,0.0,7.28,6.84,0.0,0.44
2021-11-15,0.0,7.12,6.66,0.0,0.46
2021-11-16,0.0,7.14,6.58,0.0,0.56
2021-11-17,0.0,7.15,6.54,0.0,0.61
2021-11-18,0.0,7.18,6.57,0.0,0.61
2021-11-19,0.0,7.14,6.54,0.0,0.59
2021-11-20,0.0,7.23,6.62,0.0,0.61
2021-11-21,0.0,7.24,6.77,0.0,0.47
2021-11-22,0.0,7.11,6.98,0.0,0.13
2021-11-23,0.0,0.0,0.0,0.0,0.0
2021-11-24,0.0,0.0,0.0,0.0,0.0
2021-11-25,0.0,0.0,0.0,0.0,0.0
2021-11-26,0.0,0.0,0.0,0.0,0.0
2021-11-27,0.0,0.0,0.0,0.0,0.0
2021-11-28,0.0,0.0,0.0,0.0,0.0
2021-11-29,0.0,0.0,0.0,0.0,0.0
2021-11-30,0.0,0.0,0.0,0.0,0.0
2021-12-01,0.0,0.0,0.0,0.0,0.0
2021-12-02,0.0,0.0,0.0,0.0,0.0
2021-12-03,0.0,0.0,0.0,0.0,0.0
2021-12-04,0.0,0.0,0.0,0.0,0.0
2021-12-05,0.0,0.0,0.0,0.0,0.0
2021-12-06,0.0,0.0,0.0,0.0,0.0
2021-12-07,0.0,0.0,0.0,0.0,0.0
2021-12-08,0.0,0.0,0.0,0.0,0.0
2021-12-09,0.0,0.0,0.0,0.0,0.0
2021-12-10,0.0,0.0,0.0,0.0,0.0
2021-12-11,0.0,0.0,0.0,0.0,0.0
2021-12-12,0.0,0.0,0.0,0.0,0.0
2021-12-13,6.191,161.67,18.14,61.98,81.55
2021-12-14,2.853,114.6,16.48,42.37,55.75
2021-12-15,0.233,54.37,5.57,21.07,27.73
2021-12-16,2.163,118.26,13.9,45.06,59.29
2021-12-17,0.162,67.4,6.96,26.1,34.34
2021-12-18,0.027,33.72,6.87,3.52,23.32
2021-12-19,0.008,12.38,6.63,0.0,5.75
2021-12-20,0.005,7.57,6.55,0.0,1.02
2021-12-21,0.003,7.23,6.55,0.0,0.67
2021-12-22,0.85,68.6,9.41,25.52,33.67
2021-12-23,3.496,166.49,16.82,64.63,85.04
2021-12-24,1.06,76.23,10.28,28.48,37.47
2021-12-25,1.764,122.14,13.27,47.02,61.86
2021-12-26,0.496,72.93,8.84,27.68,36.42
2021-12-27,2.375,179.64,14.83,71.17,93.64
2021-12-28,0.21,117.89,7.02,47.88,63.0
2021-12-29,0.685,63.33,8.35,23.74,31.24
2021-12-30,0.198,54.69,6.92,20.63,27.14
2021-12-31,0.043,28.01,6.75,6.63,14.63
2022-01-01,0.02,10.67,6.55,0.0,4.12
2022-01-02,0.015,7.63,6.46,0.0,1.17
2022-01-03,0.015,7.32,6.42,0.0,0.89
2022-01-04,0.641,65.24,8.84,24.25,32.16
2022-01-05,0.133,52.12,6.92,19.46,25.75
2022-01-06,0.03,21.1,6.73,1.09,13.27
2022-01-07,0.016,9.36,6.5,0.0,2.86
2022-01-08,0.013,7.47,6.49,0.0,0.98
2022-01-09,0.011,7.26,6.46,0.0,0.8
2022-01-10,0.009,7.24,6.46,0.0,0.78
2022-01-11,0.008,7.22,6.46,0.0,0.77
2022-01-12,0.007,7.21,6.45,0.0,0.75
2022-01-13,0.007,7.2,6.45,0.0,0.74
2022-01-14,0.006,7.19,6.46,0.0,0.73
2022-01-15,0.005,7.2,6.5,0.0,0.7
2022-01-16,0.004,7.18,6.5,0.0,0.69
2022-01-17,0.003,7.16,6.47,0.0,0.68
2022-01-18,0.003,7.11,6.4,0.0,0.71
2022-01-19,0.003,7.15,6.44,0.0,0.71
2022-01-20,0.003,7.16,6.47,0.0,0.68
2022-01-21,0.002,7.31,6.64,0.0,0.66
2022-01-22,0.0,7.03,6.82,0.0,0.22
2022-01-23,0.0,7.07,6.36,0.0,0.71
2022-01-24,0.0,7.2,6.55,0.0,0.65
2022-01-25,0.0,7.24,6.68,0.0,0.56
2022-01-26,0.0,7.14,6.98,0.0,0.17
2022-01-27,0.0,7.01,6.98,0.0,0.03
2022-01-28,0.0,6.99,6.98,0.0,0.01
2022-01-29,0.0,6.98,6.98,0.0,0.0
2022-01-30,0.0,0.0,0.0,0.0,0.0
2022-01-31,0.0,0.0,0.0,0.0,0.0
2022-02-01,0.0,0.0,0.0,0.0,0.0
2022-02-02,0.0,0.0,0.0,0.0,0.0
2022-02-03,0.0,0.0,0.0,0.0,0.0
2022-02-04,0.0,0.0,0.0,0.0,0.0
2022-02-05,0.0,0.0,0.0,0.0,0.0
2022-02-06,0.0,0.0,0.0,0.0,0.0
2022-02-07,0.0,0.0,0.0,0.0,0.0
2022-02-08,0.0,0.0,0.0,0.0,0.0
2022-02-09,0.0,0.0,0.0,0.0,0.0
2022-02-10,0.0,0.0,0.0,0.0,0.0
2022-02-11,0.0,0.0,0.0,0.0,0.0
2022-02-12,0.0,0.0,0.0,0.0,0.0
2022-02-13,0.0,0.0,0.0,0.0,0.0
2022-02-14,0.0,0.0,0.0,0.0,0.0
2022-02-15,0.0,0.0,0.0,0.0,0.0
2022-02-16,0.0,0.0,0.0,0.0,0.0
2022-02-17,0.0,0.0,0.0,0.0,0.0
2022-02-18,0.0,0.0,0.0,0.0,0.0
2022-02-19,0.0,0.0,0.0,0.0,0.0
2022-02-20,0.0,0.0,0.0,0.0,0.0
2022-02-21,0.0,0.0,0.0,0.0,0.0
2022-02-22,0.0,0.0,0.0,0.0,0.0
2022-02-23,0.0,0.0,0.0,0.0,0.0
2022-02-24,0.0,0.0,0.0,0.0,0.0
2022-02-25,0.0,0.0,0.0,0.0,0.0
2022-02-26,0.0,0.0,0.0,0.0,0.0
2022-02-27,0.0,0.0,0.0,0.0,0.0
2022-02-28,0.0,0.0,0.0,0.0,0.0
2022-03-01,0.0,0.0,0.0,0.0,0.0
2022-03-02,0.0,0.0,0.0,0.0,0.0
2022-03-03,0.0,0.0,0.0,0.0,0.0
2022-03-04,0.0,0.0,0.0,0.0,0.0
2022-03-05,0.0,0.0,0.0,0.0,0.0
2022-03-06,0.0,0.0,0.0,0.0,0.0
2022-03-07,0.0,0.0,0.0,0.0,0.0
2022-03-08,0.0,0.0,0.0,0.0,0.0
2022-03-09,0.0,0.0,0.0,0.0,0.0
2022-03-10,0.0,0.0,0.0,0.0,0.0
2022-03-11,0.0,0.0,0.0,0.0,0.0
2022-03-12,0.0,0.0,0.0,0.0,0.0
2022-03-13,0.0,0.0,0.0,0.0,0.0
2022-03-14,0.0,0.0,0.0,0.0,0.0
2022-03-15,0.0,0.0,0.0,0.0,0.0
2022-03-16,0.0,0.0,0.0,0.0,0.0
2022-03-17,0.0,0.0,0.0,0.0,0.0
2022-03-18,0.0,0.0,0.0,0.0,0.0
2022-03-19,0.0,0.0,0.0,0.0,0.0
2022-03-20,0.0,0.0,0.0,0.0,0.0
2022-03-21,0.0,0.0,0.0,0.0,0.0
2022-03-22,0.0,0.0,0.0,0.0,0.0
2022-03-23,0.0,0.0,0.0,0.0,0.0
2022-03-24,0.0,0.0,0.0,0.0,0.0
2022-03-25,0.0,0.0,0.0,0.0,0.0
2022-03-26,0.0,0.0,0.0,0.0,0.0
2022-03-27,0.0,0.0,0.0,0.0,0.0
2022-03-28,0.832,87.06,10.19,33.19,43.68
2022-03-29,0.129,66.56,6.98,25.4,34.19
2022-03-30,0.018,33.64,6.98,0.07,26.59
2022-03-31,0.002,16.72,6.98,0.0,9.75
2022-04-01,0.0,9.14,6.97,0.0,2.18
2022-04-02,0.0,7.4,6.91,0.0,0.5
2022-04-03,0.0,7.12,6.75,0.0,0.37
2022-04-04,0.0,7.06,6.55,0.0,0.51
2022-04-05,0.0,7.13,6.48,0.0,0.65
2022-04-06,0.0,7.15,6.51,0.0,0.64
2022-04-07,0.0,7.15,6.52,0.0,0.63
2022-04-08,0.0,7.29,6.69,0.0,0.6
2022-04-09,0.0,7.13,6.98,0.0,0.16
2022-04-10,0.0,7.02,6.98,0.0,0.04
2022-04-11,0.0,0.0,0.0,0.0,0.0
2022-04-12,0.0,0.0,0.0,0.0,0.0
2022-04-13,0.0,0.0,0.0,0.0,0.0
2022-04-14,0.0,0.0,0.0,0.0,0.0
2022-04-15,0.0,0.0,0.0,0.0,0.0
2022-04-16,0.357,69.33,7.54,26.68,35.11
2022-04-17,0.092,62.35,6.98,22.63,32.74
2022-04-18,0.013,31.04,6.98,0.0,24.06
2022-04-19,0.002,14.58,6.98,0.0,7.6
2022-04-20,0.003,0.72,0.58,0.0,0.14
2022-04-21,0.874,62.22,9.3,22.85,30.07
2022-04-22,0.289,44.38,6.66,16.29,21.44
2022-04-23,0.07,37.86,6.97,12.02,18.87
2022-04-24,0.01,19.77,6.98,0.0,12.79
2022-04-25,0.001,10.63,6.97,0.0,3.66
2022-04-26,0.0,7.75,6.95,0.0,0.8
2022-04-27,0.0,7.14,6.84,0.0,0.31
2022-04-28,0.0,7.08,6.62,0.0,0.46
2022-04-29,0.0,7.13,6.51,0.0,0.62
2022-04-30,0.0,7.13,6.5,0.0,0.63
2022-05-01,0.0,7.15,6.5,0.0,0.65
2022-05-02,0.0,7.12,6.51,0.0,0.61
2022-05-03,0.0,7.17,6.53,0.0,0.63
2022-05-04,0.0,7.24,6.61,0.0,0.63
2022-05-05,0.0,7.19,6.66,0.0,0.53
2022-05-06,0.0,7.12,6.98,0.0,0.15
2022-05-07,0.0,0.0,0.0,0.0,0.0
2022-05-08,0.0,0.0,0.0,0.0,0.0
2022-05-09,0.0,0.0,0.0,0.0,0.0
2022-05-10,0.0,0.0,0.0,0.0,0.0
2022-05-11,0.0,0.0,0.0,0.0,0.0
2022-05-12,0.0,0.0,0.0,0.0,0.0
2022-05-13,0.0,0.0,0.0,0.0,0.0
2022-05-14,0.0,0.0,0.0,0.0,0.0
2022-05-15,0.0,0.0,0.0,0.0,0.0
2022-05-16,0.0,0.0,0.0,0.0,0.0
2022-05-17,0.0,0.0,0.0,0.0,0.0
2022-05-18,0.0,0.0,0.0,0.0,0.0
2022-05-19,0.0,0.0,0.0,0.0,0.0
2022-05-20,0.0,0.0,0.0,0.0,0.0
2022-05-21,0.0,0.0,0.0,0.0,0.0
2022-05-22,0.0,0.0,0.0,0.0,0.0
2022-05-23,0.0,0.0,0.0,0.0,0.0
2022-05-24,0.0,0.0,0.0,0.0,0.0
2022-05-25,0.0,0.0,0.0,0.0,0.0
2022-05-26,0.0,0.0,0.0,0.0,0.0
2022-05-27,0.0,0.0,0.0,0.0,0.0
2022-05-28,0.0,0.0,0.0,0.0,0.0
2022-05-29,0.0,0.0,0.0,0.0,0.0
2022-05-30,0.0,0.0,0.0,0.0,0.0
2022-05-31,0.0,0.0,0.0,0.0,0.0
2022-06-01,0.0,0.0,0.0,0.0,0.0
2022-06-02,0.0,0.0,0.0,0.0,0.0
2022-06-03,0.0,0.0,0.0,0.0,0.0
2022-06-04,0.0,0.0,0.0,0.0,0.0
2022-06-05,0.0,0.0,0.0,0.0,0.0
2022-06-06,0.0,0.0,0.0,0.0,0.0
2022-06-07,0.0,0.0,0.0,0.0,0.0
2022-06-08,0.0,0.0,0.0,0.0,0.0
2022-06-09,0.0,0.0,0.0,0.0,0.0
2022-06-10,0.0,0.0,0.0,0.0,0.0
2022-06-11,0.0,0.0,0.0,0.0,0.0
2022-06-12,0.0,0.0,0.0,0.0,0.0
2022-06-13,0.0,0.0,0.0,0.0,0.0
2022-06-14,0.0,0.0,0.0,0.0,0.0
2022-06-15,0.0,0.0,0.0,0.0,0.0
2022-06-16,0.0,0.0,0.0,0.0,0.0
2022-06-17,0.0,0.0,0.0,0.0,0.0
2022-06-18,0.0,0.0,0.0,0.0,0.0
2022-06-19,0.0,0.0,0.0,0.0,0.0
2022-06-20,0.0,0.0,0.0,0.0,0.0
2022-06-21,0.0,0.0,0.0,0.0,0.0
2022-06-22,0.0,0.0,0.0,0.0,0.0
2022-06-23,0.0,0.0,0.0,0.0,0.0
2022-06-24,0.0,0.0,0.0,0.0,0.0
2022-06-25,0.0,0.0,0.0,0.0,0.0
2022-06-26,0.0,0.0,0.0,0.0,0.0
2022-06-27,0.0,0.0,0.0,0.0,0.0
2022-06-28,0.0,0.0,0.0,0.0,0.0
2022-06-29,0.0,0.0,0.0,0.0,0.0
2022-06-30,0.0,0.0,0.0,0.0,0.0
2022-07-01,0.0,0.0,0.0,0.0,0.0
2022-07-02,0.0,0.0,0.0,0.0,0.0
2022-07-03,0.0,0.0,0.0,0.0,0.0
2022-07-04,0.0,0.0,0.0,0.0,0.0
2022-07-05,0.0,0.0,0.0,0.0,0.0
2022-07-06,0.0,0.0,0.0,0.0,0.0
2022-07-07,0.0,0.0,0.0,0.0,0.0
2022-07-08,0.0,0.0,0.0,0.0,0.0
2022-07-09,0.0,0.0,0.0,0.0,0.0
2022-07-10,0.0,0.0,0.0,0.0,0.0
2022-07-11,0.0,0.0,0.0,0.0,0.0
2022-07-12,0.0,0.0,0.0,0.0,0.0
2022-07-13,0.0,0.0,0.0,0.0,0.0
2022-07-14,0.0,0.0,0.0,0.0,0.0
2022-07-15,0.0,0.0,0.0,0.0,0.0
2022-07-16,0.0,0.0,0.0,0.0,0.0
2022-07-17,0.0,0.0,0.0,0.0,0.0
2022-07-18,0.0,0.0,0.0,0.0,0.0
2022-07-19,0.0,0.0,0.0,0.0,0.0
2022-07-20,0.0,0.0,0.0,0.0,0.0
2022-07-21,0.0,0.0,0.0,0.0,0.0
2022-07-22,0.0,0.0,0.0,0.0,0.0
2022-07-23,0.0,0.0,0.0,0.0,0.0
2022-07-24,0.0,0.0,0.0,0.0,0.0
2022-07-25,0.0,0.0,0.0,0.0,0.0
2022-07-26,0.0,0.0,0.0,0.0,0.0
2022-07-27,0.0,0.0,0.0,0.0,0.0
2022-07-28,0.0,0.0,0.0,0.0,0.0
2022-07-29,0.0,0.0,0.0,0.0,0.0
2022-07-30,0.0,0.0,0.0,0.0,0.0
2022-07-31,0.0,0.0,0.0,0.0,0.0
2022-08-01,0.0,0.0,0.0,0.0,0.0
2022-08-02,0.0,0.0,0.0,0.0,0.0
2022-08-03,0.0,0.0,0.0,0.0,0.0
2022-08-04,0.0,0.0,0.0,0.0,0.0
2022-08-05,0.0,0.0,0.0,0.0,0.0
2022-08-06,0.0,0.0,0.0,0.0,0.0
2022-08-07,0.0,0.0,0.0,0.0,0.0
2022-08-08,0.0,0.0,0.0,0.0,0.0
2022-08-09,0.0,0.0,0.0,0.0,0.0
2022-08-10,0.0,0.0,0.0,0.0,0.0
2022-08-11,0.0,0.0,0.0,0.0,0.0
2022-08-12,0.0,0.0,0.0,0.0,0.0
2022-08-13,0.0,0.0,0.0,0.0,0.0
2022-08-14,0.0,0.0,0.0,0.0,0.0
2022-08-15,0.0,0.0,0.0,0.0,0.0
2022-08-16,0.0,0.0,0.0,0.0,0.0
2022-08-17,0.0,0.0,0.0,0.0,0.0
2022-08-18,0.0,0.0,0.0,0.0,0.0
2022-08-19,0.0,0.0,0.0,0.0,0.0
2022-08-20,0.0,0.0,0.0,0.0,0.0
2022-08-21,0.0,0.0,0.0,0.0,0.0
2022-08-22,0.0,0.0,0.0,0.0,0.0
2022-08-23,0.0,0.0,0.0,0.0,0.0
2022-08-24,0.0,0.0,0.0,0.0,0.0
2022-08-25,0.0,0.0,0.0,0.0,0.0
2022-08-26,0.0,0.0,0.0,0.0,0.0
2022-08-27,0.0,0.0,0.0,0.0,0.0
2022-08-28,0.0,0.0,0.0,0.0,0.0
2022-08-29,0.0,0.0,0.0,0.0,0.0
2022-08-30,0.0,0.0,0.0,0.0,0.0
2022-08-31,0.0,0.0,0.0,0.0,0.0
2022-09-01,0.0,0.0,0.0,0.0,0.0
2022-09-02,0.0,0.0,0.0,0.0,0.0
2022-09-03,0.0,0.0,0.0,0.0,0.0
2022-09-04,0.0,0.0,0.0,0.0,0.0
2022-09-05,0.0,0.0,0.0,0.0,0.0
2022-09-06,0.0,0.0,0.0,0.0,0.0
2022-09-07,0.0,0.0,0.0,0.0,0.0
2022-09-08,0.0,0.0,0.0,0.0,0.0
2022-09-09,0.0,0.0,0.0,0.0,0.0
2022-09-10,0.0,0.0,0.0,0.0,0.0
2022-09-11,0.0,0.0,0.0,0.0,0.0
2022-09-12,0.0,0.0,0.0,0.0,0.0
2022-09-13,0.0,0.0,0.0,0.0,0.0
2022-09-14,0.0,0.0,0.0,0.0,0.0
2022-09-15,0.0,0.0,0.0,0.0,0.0
2022-09-16,0.0,0.0,0.0,0.0,0.0
2022-09-17,0.0,0.0,0.0,0.0,0.0
2022-09-18,0.0,0.0,0.0,0.0,0.0
2022-09-19,0.0,0.0,0.0,0.0,0.0
2022-09-20,0.0,0.0,0.0,0.0,0.0
2022-09-21,0.0,0.0,0.0,0.0,0.0
2022-09-22,0.0,0.0,0.0,0.0,0.0
2022-09-23,0.0,0.0,0.0,0.0,0.0
2022-09-24,0.0,0.0,0.0,0.0,0.0
2022-09-25,0.0,0.0,0.0,0.0,0.0
2022-09-26,0.0,0.0,0.0,0.0,0.0
2022-09-27,0.0,0.0,0.0,0.0,0.0
2022-09-28,0.0,0.0,0.0,0.0,0.0
2022-09-29,0.0,0.0,0.0,0.0,0.0
2022-09-30,0.0,0.0,0.0,0.0,0.0
2022-10-01,0.0,0.0,0.0,0.0,0.0
2022-10-02,0.0,0.0,0.0,0.0,0.0
2022-10-03,0.0,0.0,0.0,0.0,0.0
2022-10-04,0.0,0.0,0.0,0.0,0.0
2022-10-05,0.0,0.0,0.0,0.0,0.0
2022-10-06,0.0,0.0,0.0,0.0,0.0
2022-10-07,0.0,0.0,0.0,0.0,0.0
2022-10-08,0.0,0.0,0.0,0.0,0.0
2022-10-09,0.0,0.0,0.0,0.0,0.0
2022-10-10,0.0,0.0,0.0,0.0,0.0
2022-10-11,0.0,0.0,0.0,0.0,0.0
2022-10-12,0.0,0.0,0.0,0.0,0.0
2022-10-13,0.0,0.0,0.0,0.0,0.0
2022-10-14,0.0,0.0,0.0,0.0,0.0
2022-10-15,0.0,0.0,0.0,0.0,0.0
2022-10-16,0.0,0.0,0.0,0.0,0.0
2022-10-17,0.0,0.0,0.0,0.0,0.0
2022-10-18,0.0,0.0,0.0,0.0,0.0
2022-10-19,0.0,0.0,0.0,0.0,0.0
2022-10-20,0.0,0.0,0.0,0.0,0.0
2022-10-21,0.0,0.0,0.0,0.0,0.0
2022-10-22,0.0,0.0,0.0,0.0,0.0
2022-10-23,0.0,0.0,0.0,0.0,0.0
2022-10-24,0.0,0.0,0.0,0.0,0.0
2022-10-25,0.0,0.0,0.0,0.0,0.0
2022-10-26,0.0,0.0,0.0,0.0,0.0
2022-10-27,0.0,0.0,0.0,0.0,0.0
2022-10-28,0.0,0.0,0.0,0.0,0.0
2022-10-29,0.0,0.0,0.0,0.0,0.0
2022-10-30,0.0,0.0,0.0,0.0,0.0
2022-10-31,0.0,0.0,0.0,0.0,0.0
2022-11-01,0.139,86.05,6.12,34.34,45.59
2022-11-02,0.106,90.46,6.98,34.67,48.82
2022-11-03,0.015,43.91,6.98,0.0,36.93
2022-11-04,0.002,19.34,6.98,0.0,12.36
2022-11-05,0.0,9.72,6.98,0.0,2.75
2022-11-06,0.0,7.55,6.96,0.0,0.58
2022-11-07,0.0,7.1,6.97,0.0,0.13
2022-11-08,4.892,269.39,18.24,108.45,142.7
2022-11-09,0.617,155.71,11.48,62.28,81.95
2022-11-10,0.061,100.32,6.98,34.94,58.4
2022-11-11,0.009,44.04,6.96,0.0,37.08
2022-11-12,0.001,16.31,6.92,0.0,9.39
2022-11-13,0.0,8.31,6.75,0.0,1.56
2022-11-14,0.0,7.18,6.55,0.0,0.63
2022-11-15,0.0,7.12,6.49,0.0,0.63
2022-11-16,0.0,7.12,6.47,0.0,0.65
2022-11-17,0.0,7.12,6.47,0.0,0.65
2022-11-18,0.0,7.12,6.47,0.0,0.65
2022-11-19,0.0,7.13,6.49,0.0,0.64
2022-11-20,0.0,7.12,6.46,0.0,0.65
2022-11-21,0.0,7.12,6.47,0.0,0.65
2022-11-22,0.0,7.12,6.46,0.0,0.65
2022-11-23,0.0,7.12,6.46,0.0,0.65
2022-11-24,0.0,7.14,6.5,0.0,0.64
2022-11-25,0.0,7.11,6.46,0.0,0.65
2022-11-26,0.0,7.12,6.46,0.0,0.65
2022-11-27,0.0,7.12,6.46,0.0,0.66
2022-11-28,0.0,7.15,6.5,0.0,0.65
2022-11-29,0.0,7.1,6.44,0.0,0.65
2022-11-30,0.0,7.13,6.47,0.0,0.66
2022-12-01,1.018,100.7,11.64,38.35,50.71
2022-12-02,0.261,81.7,7.74,31.88,42.08
2022-12-03,2.034,130.89,14.51,50.11,66.28
2022-12-04,0.728,122.04,12.26,47.38,62.4
2022-12-05,0.364,45.41,6.97,16.6,21.85
2022-12-06,0.083,36.94,6.97,12.06,17.92
2022-12-07,0.012,19.44,6.96,0.0,12.48
2022-12-08,0.002,10.28,6.9,0.0,3.38
2022-12-09,0.0,7.52,6.77,0.0,0.75
2022-12-10,2.44,138.84,14.68,53.61,70.54
2022-12-11,2.75,120.58,15.76,45.26,59.56
2022-12-12,1.379,76.93,12.36,27.89,36.69
2022-12-13,0.125,47.43,6.97,17.23,23.23
2022-12-14,0.019,23.92,6.93,0.04,16.94
2022-12-15,0.004,11.44,6.77,0.0,4.67
2022-12-16,0.002,7.47,6.58,0.0,0.89
2022-12-17,0.001,7.15,6.5,0.0,0.65
2022-12-18,0.001,7.14,6.49,0.0,0.65
2022-12-19,0.001,7.25,6.61,0.0,0.64
2022-12-20,0.0,7.15,6.72,0.0,0.42
2022-12-21,0.0,7.1,6.49,0.0,0.62
2022-12-22,0.0,7.13,6.54,0.0,0.59
2022-12-23,0.0,7.12,6.49,0.0,0.63
2022-12-24,0.0,7.13,6.49,0.0,0.64
2022-12-25,0.0,7.13,6.49,0.0,0.64
2022-12-26,0.0,7.13,6.48,0.0,0.65
2022-12-27,6.384,286.82,20.97,114.8,151.05
2022-12-28,0.304,152.96,8.17,62.52,82.27
2022-12-29,0.877,50.27,7.91,18.29,24.07
2022-12-30,3.113,95.41,14.56,34.91,45.94
2022-12-31,18.228,513.33,27.58,209.63,276.11
2023-01-01,17.833,2164.82,32.07,920.05,1212.7
2023-01-02,0.898,419.8,9.68,176.83,233.29
2023-01-03,0.825,85.48,10.04,32.56,42.89
2023-01-04,2.296,108.06,13.59,40.79,53.68
2023-01-05,4.192,137.87,16.97,52.21,68.69
2023-01-06,0.523,78.51,8.88,30.07,39.56
2023-01-07,0.211,22.59,6.52,6.94,9.13
2023-01-08,1.071,66.42,8.35,25.07,32.99
2023-01-09,6.255,211.17,20.32,82.41,108.44
2023-01-10,1.444,76.74,11.38,28.22,37.13
2023-01-11,1.306,75.92,11.34,27.88,36.69
2023-01-12,0.462,47.43,7.86,17.09,22.48
2023-01-13,2.241,115.97,14.67,43.74,57.55
2023-01-14,5.261,206.24,18.7,80.98,106.56
2023-01-15,2.803,80.95,13.29,29.22,38.45
2023-01-16,4.665,186.82,19.18,72.39,95.25
2023-01-17,0.606,31.79,8.04,10.25,13.49
2023-01-18,0.422,10.95,6.53,1.91,2.51
2023-01-19,0.342,8.82,6.48,1.01,1.33
2023-01-20,0.271,8.54,6.49,0.88,1.16
2023-01-21,0.215,8.49,6.48,0.87,1.14
2023-01-22,0.171,8.49,6.49,0.86,1.14
2023-01-23,0.131,8.49,6.49,0.86,1.13
2023-01-24,0.105,8.48,6.48,0.86,1.13
2023-01-25,0.084,8.49,6.49,0.86,1.14
2023-01-26,0.065,8.41,6.5,0.78,1.13
2023-01-27,0.052,8.02,6.48,0.41,1.13
2023-01-28,0.042,7.65,6.48,0.03,1.14
2023-01-29,0.034,7.64,6.49,0.01,1.14
2023-01-30,0.023,7.65,6.55,0.0,1.09
2023-01-31,0.016,7.4,6.48,0.0,0.92
2023-02-01,0.014,7.33,6.48,0.0,0.85
2023-02-02,0.011,7.31,6.5,0.0,0.81
2023-02-03,0.645,110.17,9.61,43.42,57.14
2023-02-04,0.547,66.46,8.42,25.06,32.98
2023-02-05,0.652,55.58,9.08,20.08,26.42
2023-02-06,0.138,29.46,6.79,9.79,12.88
2023-02-07,0.054,13.75,6.59,2.6,4.57
2023-02-08,0.035,8.25,6.51,0.01,1.73
2023-02-09,0.026,7.7,6.5,0.0,1.2
2023-02-10,0.021,7.53,6.51,0.0,1.03
2023-02-11,0.016,7.34,6.44,0.0,0.9
2023-02-12,0.014,7.35,6.49,0.0,0.86
2023-02-13,0.011,7.31,6.5,0.0,0.81
2023-02-14,0.008,7.3,6.57,0.0,0.73
2023-02-15,0.005,7.16,6.46,0.0,0.7
2023-02-16,0.005,7.19,6.47,0.0,0.72
2023-02-17,0.003,7.22,6.55,0.0,0.68
2023-02-18,0.002,7.17,6.5,0.0,0.67
2023-02-19,0.002,7.18,6.52,0.0,0.66
2023-02-20,0.001,7.2,6.56,0.0,0.64
2023-02-21,0.0,7.33,6.84,0.0,0.49
2023-02-22,0.0,7.1,6.98,0.0,0.12
2023-02-23,0.075,0.0,0.0,0.0,0.0
2023-02-24,3.893,177.13,16.89,69.19,91.04
2023-02-25,0.301,71.63,7.36,27.75,36.52
2023-02-26,0.529,48.51,8.6,17.24,22.68
2023-02-27,2.394,114.12,13.86,43.3,56.97
2023-02-28,2.181,86.45,12.62,31.88,41.95
2023-03-01,0.62,55.42,9.78,19.71,25.93
2023-03-02,0.212,17.96,6.57,4.92,6.47
2023-03-03,0.149,10.01,6.49,1.52,2.0
2023-03-04,0.121,8.69,6.47,0.96,1.26
2023-03-05,0.897,72.88,9.75,27.26,35.87
2023-03-06,0.218,38.47,6.71,13.71,18.05
2023-03-07,0.11,15.27,6.54,3.77,4.96
2023-03-08,0.411,54.06,7.5,20.11,26.45
2023-03-09,2.098,173.05,15.12,68.2,89.73
2023-03-10,4.507,222.22,18.98,87.76,115.48
2023-03-11,1.135,89.08,10.71,33.84,44.53
2023-03-12,1.374,79.07,11.41,29.22,38.45
2023-03-13,0.354,31.93,6.78,10.86,14.29
2023-03-14,1.498,99.3,12.17,37.63,49.51
2023-03-15,0.345,42.29,6.86,15.3,20.13
2023-03-16,0.206,14.69,6.52,3.53,4.64
2023-03-17,0.154,9.43,6.49,1.27,1.67
2023-03-18,0.12,8.63,6.49,0.92,1.21
2023-03-19,0.776,74.24,9.62,27.91,36.72
2023-03-20,0.222,42.44,6.73,15.42,20.29
2023-03-21,4.645,160.13,17.41,61.63,81.09
2023-03-22,2.75,123.5,17.72,45.68,60.1
2023-03-23,0.411,23.58,6.9,7.2,9.48
2023-03-24,0.279,10.81,6.51,1.86,2.45
2023-03-25,0.211,8.84,6.5,1.01,1.33
2023-03-26,0.162,8.54,6.49,0.88,1.16
2023-03-27,0.126,8.5,6.49,0.87,1.14
2023-03-28,0.933,96.14,11.04,36.75,48.35
2023-03-29,2.224,103.03,13.15,38.81,51.07
2023-03-30,0.419,60.68,7.92,22.78,29.98
2023-03-31,0.186,19.55,6.56,5.61,7.38
2023-04-01,0.128,10.33,6.51,1.65,2.17
2023-04-02,0.096,8.78,6.5,0.98,1.29
2023-04-03,0.069,8.49,6.52,0.81,1.16
2023-04-04,0.051,8.07,6.51,0.42,1.14
2023-04-05,0.037,7.66,6.51,0.02,1.13
2023-04-06,0.028,7.63,6.51,0.01,1.11
2023-04-07,0.021,7.5,6.48,0.0,1.02
2023-04-08,0.016,7.45,6.53,0.0,0.92
2023-04-09,0.011,7.34,6.52,0.0,0.81
2023-04-10,0.008,7.27,6.51,0.0,0.76
2023-04-11,0.005,7.26,6.56,0.0,0.71
2023-04-12,0.003,7.2,6.58,0.0,0.62
2023-04-13,0.002,7.23,6.61,0.0,0.62
2023-04-14,0.001,7.23,6.68,0.0,0.55
2023-04-15,0.0,7.14,6.77,0.0,0.37
2023-04-16,0.0,7.15,6.67,0.0,0.48
2023-04-17,0.0,7.25,6.76,0.0,0.48
2023-04-18,0.0,7.1,6.95,0.0,0.15
2023-04-19,0.0,7.02,6.98,0.0,0.04
2023-04-20,0.0,6.99,6.98,0.0,0.01
2023-04-21,0.0,0.0,0.0,0.0,0.0
2023-04-22,0.0,0.0,0.0,0.0,0.0
2023-04-23,0.0,0.0,0.0,0.0,0.0
2023-04-24,0.0,0.0,0.0,0.0,0.0
2023-04-25,0.0,0.0,0.0,0.0,0.0
2023-04-26,0.0,0.0,0.0,0.0,0.0
2023-04-27,0.0,0.0,0.0,0.0,0.0
2023-04-28,0.0,0.0,0.0,0.0,0.0
2023-04-29,0.0,0.0,0.0,0.0,0.0
2023-04-30,0.0,0.0,0.0,0.0,0.0
2023-05-01,0.0,0.0,0.0,0.0,0.0
2023-05-02,0.0,0.0,0.0,0.0,0.0
2023-05-03,0.34,38.29,6.84,13.42,18.03
2023-05-04,0.293,48.21,8.06,17.31,22.84
2023-05-05,0.042,31.18,6.92,7.74,16.51
2023-05-06,0.009,13.25,6.74,0.0,6.51
2023-05-07,0.004,7.68,6.54,0.0,1.13
2023-05-08,0.003,7.22,6.54,0.0,0.68
2023-05-09,0.002,7.23,6.57,0.0,0.66
2023-05-10,0.001,7.24,6.64,0.0,0.6
2023-05-11,0.0,7.2,6.7,0.0,0.5
2023-05-12,0.0,7.12,6.96,0.0,0.16
2023-05-13,0.0,7.02,6.98,0.0,0.04
2023-05-14,0.0,6.99,6.98,0.0,0.01
2023-05-15,0.0,6.98,6.98,0.0,0.0
2023-05-16,0.0,6.98,6.98,0.0,0.0
2023-05-17,0.0,0.0,0.0,0.0,0.0
2023-05-18,0.0,0.0,0.0,0.0,0.0
2023-05-19,0.0,0.0,0.0,0.0,0.0
2023-05-20,0.0,0.0,0.0,0.0,0.0
2023-05-21,0.0,0.0,0.0,0.0,0.0
2023-05-22,0.0,0.0,0.0,0.0,0.0
2023-05-23,0.0,0.0,0.0,0.0,0.0
2023-05-24,0.0,0.0,0.0,0.0,0.0
2023-05-25,0.0,0.0,0.0,0.0,0.0
2023-05-26,0.0,0.0,0.0,0.0,0.0
2023-05-27,0.0,0.0,0.0,0.0,0.0
2023-05-28,0.0,0.0,0.0,0.0,0.0
2023-05-29,0.0,0.0,0.0,0.0,0.0
2023-05-30,0.0,0.0,0.0,0.0,0.0
2023-05-31,0.0,0.0,0.0,0.0,0.0
2023-06-01,0.0,0.0,0.0,0.0,0.0
2023-06-02,0.0,0.0,0.0,0.0,0.0
2023-06-03,0.0,0.0,0.0,0.0,0.0
2023-06-04,0.0,0.0,0.0,0.0,0.0
2023-06-05,0.0,0.0,0.0,0.0,0.0
2023-06-06,0.0,0.0,0.0,0.0,0.0
2023-06-07,0.0,0.0,0.0,0.0,0.0
2023-06-08,0.0,0.0,0.0,0.0,0.0
2023-06-09,0.0,0.0,0.0,0.0,0.0
2023-06-10,0.0,0.0,0.0,0.0,0.0
2023-06-11,0.0,0.0,0.0,0.0,0.0
2023-06-12,0.0,0.0,0.0,0.0,0.0
2023-06-13,0.0,0.0,0.0,0.0,0.0
2023-06-14,0.0,0.0,0.0,0.0,0.0
2023-06-15,0.0,0.0,0.0,0.0,0.0
2023-06-16,0.0,0.0,0.0,0.0,0.0
2023-06-17,0.0,0.0,0.0,0.0,0.0
2023-06-18,0.0,0.0,0.0,0.0,0.0
2023-06-19,0.0,0.0,0.0,0.0,0.0
2023-06-20,0.0,0.0,0.0,0.0,0.0
2023-06-21,0.0,0.0,0.0,0.0,0.0
2023-06-22,0.0,0.0,0.0,0.0,0.0
2023-06-23,0.0,0.0,0.0,0.0,0.0
2023-06-24,0.0,0.0,0.0,0.0,0.0
2023-06-25,0.0,0.0,0.0,0.0,0.0
2023-06-26,0.0,0.0,0.0,0.0,0.0
2023-06-27,0.0,0.0,0.0,0.0,0.0
2023-06-28,0.0,0.0,0.0,0.0,0.0
2023-06-29,0.0,0.0,0.0,0.0,0.0
2023-06-30,0.0,0.0,0.0,0.0,0.0
2023-07-01,0.0,0.0,0.0,0.0,0.0
2023-07-02,0.0,0.0,0.0,0.0,0.0
2023-07-03,0.0,0.0,0.0,0.0,0.0
2023-07-04,0.0,0.0,0.0,0.0,0.0
2023-07-05,0.0,0.0,0.0,0.0,0.0
2023-07-06,0.0,0.0,0.0,0.0,0.0
2023-07-07,0.0,0.0,0.0,0.0,0.0
2023-07-08,0.0,0.0,0.0,0.0,0.0
2023-07-09,0.0,0.0,0.0,0.0,0.0
2023-07-10,0.0,0.0,0.0,0.0,0.0
2023-07-11,0.0,0.0,0.0,0.0,0.0
2023-07-12,0.0,0.0,0.0,0.0,0.0
2023-07-13,0.0,0.0,0.0,0.0,0.0
2023-07-14,0.0,0.0,0.0,0.0,0.0
2023-07-15,0.0,0.0,0.0,0.0,0.0
2023-07-16,0.0,0.0,0.0,0.0,0.0
2023-07-17,0.0,0.0,0.0,0.0,0.0
2023-07-18,0.0,0.0,0.0,0.0,0.0
2023-07-19,0.0,0.0,0.0,0.0,0.0
2023-07-20,0.0,0.0,0.0,0.0,0.0
2023-07-21,0.0,0.0,0.0,0.0,0.0
2023-07-22,0.0,0.0,0.0,0.0,0.0
2023-07-23,0.0,0.0,0.0,0.0,0.0
2023-07-24,0.0,0.0,0.0,0.0,0.0
2023-07-25,0.0,0.0,0.0,0.0,0.0
2023-07-26,0.0,0.0,0.0,0.0,0.0
2023-07-27,0.0,0.0,0.0,0.0,0.0
2023-07-28,0.0,0.0,0.0,0.0,0.0
2023-07-29,0.0,0.0,0.0,0.0,0.0
2023-07-30,0.0,0.0,0.0,0.0,0.0
2023-07-31,0.0,0.0,0.0,0.0,0.0
2023-08-01,0.0,0.0,0.0,0.0,0.0
2023-08-02,0.0,0.0,0.0,0.0,0.0
2023-08-03,0.0,0.0,0.0,0.0,0.0
2023-08-04,0.0,0.0,0.0,0.0,0.0
2023-08-05,0.0,0.0,0.0,0.0,0.0
2023-08-06,0.0,0.0,0.0,0.0,0.0
2023-08-07,0.0,0.0,0.0,0.0,0.0
2023-08-08,0.0,0.0,0.0,0.0,0.0
2023-08-09,0.0,0.0,0.0,0.0,0.0
2023-08-10,0.0,0.0,0.0,0.0,0.0
2023-08-11,0.0,0.0,0.0,0.0,0.0
2023-08-12,0.0,0.0,0.0,0.0,0.0
2023-08-13,0.0,0.0,0.0,0.0,0.0
2023-08-14,0.0,0.0,0.0,0.0,0.0
2023-08-15,0.0,0.0,0.0,0.0,0.0
2023-08-16,0.0,0.0,0.0,0.0,0.0
2023-08-17,0.0,0.0,0.0,0.0,0.0
2023-08-18,0.0,0.0,0.0,0.0,0.0
2023-08-19,0.0,0.0,0.0,0.0,0.0
2023-08-20,0.0,0.0,0.0,0.0,0.0
2023-08-21,0.0,0.0,0.0,0.0,0.0
2023-08-22,0.0,0.0,0.0,0.0,0.0
2023-08-23,0.0,0.0,0.0,0.0,0.0
2023-08-24,0.0,0.0,0.0,0.0,0.0
2023-08-25,0.0,0.0,0.0,0.0,0.0
2023-08-26,0.0,0.0,0.0,0.0,0.0
2023-08-27,0.0,0.0,0.0,0.0,0.0
2023-08-28,0.0,0.0,0.0,0.0,0.0
2023-08-29,0.0,0.0,0.0,0.0,0.0
2023-08-30,0.0,0.0,0.0,0.0,0.0
2023-08-31,0.0,0.0,0.0,0.0,0.0
2023-09-01,0.0,0.0,0.0,0.0,0.0
2023-09-02,0.0,0.0,0.0,0.0,0.0
2023-09-03,0.0,0.0,0.0,0.0,0.0
2023-09-04,0.0,0.0,0.0,0.0,0.0
2023-09-05,0.0,0.0,0.0,0.0,0.0
2023-09-06,0.0,0.0,0.0,0.0,0.0
2023-09-07,0.0,0.0,0.0,0.0,0.0
2023-09-08,0.0,0.0,0.0,0.0,0.0
2023-09-09,0.0,0.0,0.0,0.0,0.0
2023-09-10,0.0,0.0,0.0,0.0,0.0
2023-09-11,0.0,0.0,0.0,0.0,0.0
2023-09-12,0.0,0.0,0.0,0.0,0.0
2023-09-13,0.0,0.0,0.0,0.0,0.0
2023-09-14,0.0,0.0,0.0,0.0,0.0
2023-09-15,0.0,0.0,0.0,0.0,0.0
2023-09-16,0.0,0.0,0.0,0.0,0.0
2023-09-17,0.0,0.0,0.0,0.0,0.0
2023-09-18,0.0,0.0,0.0,0.0,0.0
2023-09-19,0.0,0.0,0.0,0.0,0.0
2023-09-20,0.0,0.0,0.0,0.0,0.0
2023-09-21,0.0,0.0,0.0,0.0,0.0
2023-09-22,0.0,0.0,0.0,0.0,0.0
2023-09-23,0.0,0.0,0.0,0.0,0.0
2023-09-24,0.0,0.0,0.0,0.0,0.0
2023-09-25,0.0,0.0,0.0,0.0,0.0
2023-09-26,0.0,0.0,0.0,0.0,0.0
2023-09-27,0.0,0.0,0.0,0.0,0.0
2023-09-28,0.0,0.0,0.0,0.0,0.0
2023-09-29,0.0,0.0,0.0,0.0,0.0
2023-09-30,0.0,0.0,0.0,0.0,0.0
2023-10-01,0.0,0.0,0.0,0.0,0.0
2023-10-02,0.0,0.0,0.0,0.0,0.0
2023-10-03,0.0,0.0,0.0,0.0,0.0
2023-10-04,0.0,0.0,0.0,0.0,0.0
2023-10-05,0.0,0.0,0.0,0.0,0.0
2023-10-06,0.0,0.0,0.0,0.0,0.0
2023-10-07,0.0,0.0,0.0,0.0,0.0
2023-10-08,0.0,0.0,0.0,0.0,0.0
2023-10-09,0.0,0.0,0.0,0.0,0.0
2023-10-10,0.0,0.0,0.0,0.0,0.0
2023-10-11,0.0,0.0,0.0,0.0,0.0
2023-10-12,0.0,0.0,0.0,0.0,0.0
2023-10-13,0.0,0.0,0.0,0.0,0.0
2023-10-14,0.0,0.0,0.0,0.0,0.0
2023-10-15,0.0,0.0,0.0,0.0,0.0
2023-10-16,0.0,0.0,0.0,0.0,0.0
2023-10-17,0.0,0.0,0.0,0.0,0.0
2023-10-18,0.0,0.0,0.0,0.0,0.0
2023-10-19,0.0,0.0,0.0,0.0,0.0
2023-10-20,0.0,0.0,0.0,0.0,0.0
2023-10-21,0.0,0.0,0.0,0.0,0.0
2023-10-22,0.0,0.0,0.0,0.0,0.0
2023-10-23,0.0,0.0,0.0,0.0,0.0
2023-10-24,0.0,0.0,0.0,0.0,0.0
2023-10-25,0.0,0.0,0.0,0.0,0.0
2023-10-26,0.0,0.0,0.0,0.0,0.0
2023-10-27,0.0,0.0,0.0,0.0,0.0
2023-10-28,0.0,0.0,0.0,0.0,0.0
2023-10-29,0.0,0.0,0.0,0.0,0.0
2023-10-30,0.0,0.0,0.0,0.0,0.0
2023-10-31,0.0,0.0,0.0,0.0,0.0
2023-11-01,0.0,0.0,0.0,0.0,0.0
2023-11-02,0.0,0.0,0.0,0.0,0.0
2023-11-03,0.0,0.0,0.0,0.0,0.0
2023-11-04,0.0,0.0,0.0,0.0,0.0
2023-11-05,0.0,0.0,0.0,0.0,0.0
2023-11-06,0.002,7.26,6.02,0.01,1.23
2023-11-07,0.002,7.47,6.73,0.0,0.73
2023-11-08,0.0,7.16,6.98,0.0,0.18
2023-11-09,0.0,7.02,6.98,0.0,0.04
2023-11-10,0.0,6.99,6.98,0.0,0.01
2023-11-11,0.0,6.98,6.98,0.0,0.0
2023-11-12,0.0,6.98,6.98,0.0,0.0
2023-11-13,0.0,6.98,6.98,0.0,0.0
2023-11-14,0.0,0.0,0.0,0.0,0.0
2023-11-15,0.0,0.0,0.0,0.0,0.0
2023-11-16,0.0,0.0,0.0,0.0,0.0
2023-11-17,0.0,0.0,0.0,0.0,0.0
2023-11-18,0.468,48.8,7.76,17.67,23.37
2023-11-19,0.145,39.69,6.97,14.06,18.66
2023-11-20,0.02,21.96,6.98,0.34,14.64
2023-11-21,0.003,12.67,6.98,0.0,5.69
2023-11-22,0.0,8.27,6.97,0.0,1.3
2023-11-23,0.0,7.24,6.94,0.0,0.3
2023-11-24,0.0,7.09,6.83,0.0,0.25
2023-11-25,0.0,7.13,6.71,0.0,0.42
2023-11-26,0.0,7.07,6.53,0.0,0.54
2023-11-27,0.0,7.1,6.44,0.0,0.66
2023-11-28,0.0,7.05,6.37,0.0,0.68
2023-11-29,0.0,7.12,6.46,0.0,0.66
2023-11-30,0.0,7.24,6.57,0.0,0.67
2023-12-01,0.0,7.03,6.37,0.0,0.66
2023-12-02,0.0,7.1,6.43,0.0,0.67
2023-12-03,0.0,7.04,6.37,0.0,0.67
2023-12-04,0.0,7.07,6.38,0.0,0.69
2023-12-05,0.0,7.14,6.47,0.0,0.67
2023-12-06,0.0,7.16,6.52,0.0,0.64
2023-12-07,0.0,7.23,6.61,0.0,0.62
2023-12-08,0.0,7.06,6.41,0.0,0.66
2023-12-09,0.0,7.18,6.51,0.0,0.67
2023-12-10,0.0,7.18,6.98,0.0,0.21
2023-12-11,0.0,6.91,6.11,0.08,0.72
2023-12-12,0.0,7.24,6.54,0.0,0.7
2023-12-13,0.0,7.23,6.79,0.02,0.42
2023-12-14,0.0,0.0,0.0,0.0,0.0
2023-12-15,0.0,0.0,0.0,0.0,0.0
2023-12-16,0.0,0.0,0.0,0.0,0.0
2023-12-17,0.0,0.0,0.0,0.0,0.0
2023-12-18,2.389,111.83,13.68,42.38,55.76
2023-12-19,2.053,93.22,13.73,34.32,45.16
2023-12-20,2.136,131.45,13.99,50.72,66.74
2023-12-21,0.223,80.71,7.29,31.7,41.72
2023-12-22,0.031,50.4,6.97,10.46,32.96
2023-12-23,0.005,21.71,6.93,0.0,14.78
2023-12-24,0.001,9.47,6.79,0.0,2.68
2023-12-25,0.0,7.31,6.61,0.0,0.69
2023-12-26,0.0,7.13,6.57,0.0,0.56
2023-12-27,0.0,7.11,6.48,0.0,0.63
2023-12-28,0.0,7.12,6.47,0.0,0.65
2023-12-29,1.531,193.61,14.66,77.27,101.68
2023-12-30,2.529,161.47,17.46,62.18,81.82
2023-12-31,0.148,73.41,6.97,28.62,37.82
2024-01-01,0.021,37.15,6.96,0.87,29.33
2024-01-02,1.724,339.58,16.67,139.43,183.48
2024-01-03,1.045,224.98,13.06,91.51,120.41
2024-01-04,0.093,122.61,6.96,47.37,68.28
2024-01-05,0.014,54.06,6.93,0.0,47.13
2024-01-06,0.003,17.8,6.83,0.0,10.97
2024-01-07,0.001,8.64,6.74,0.0,1.9
2024-01-08,0.001,7.19,6.48,0.0,0.71
2024-01-09,0.0,7.06,6.39,0.0,0.67
2024-01-10,0.426,142.88,8.34,57.84,76.7
2024-01-11,0.132,143.71,6.98,58.23,78.5
2024-01-12,0.019,67.25,6.96,0.22,60.07
2024-01-13,2.88,329.56,16.48,135.18,177.9
2024-01-14,1.13,377.89,15.82,156.35,205.73
2024-01-15,0.086,215.28,6.96,84.16,124.16
2024-01-16,1.021,186.14,12.49,74.51,99.15
2024-01-17,0.949,215.54,14.11,86.95,114.48
2024-01-18,0.08,126.04,6.96,47.53,71.56
2024-01-19,0.013,51.35,6.88,0.0,44.47
2024-01-20,0.589,82.26,9.66,31.24,41.37
2024-01-21,1.664,154.07,12.1,61.3,80.67
2024-01-22,5.418,220.42,20.76,86.22,113.44
2024-01-23,0.242,107.05,7.41,43.03,56.62
2024-01-24,2.168,244.86,15.41,99.08,130.37
2024-01-25,0.21,155.24,7.06,63.99,84.19
2024-01-26,0.041,77.22,6.8,20.81,49.61
2024-01-27,0.015,19.77,6.61,0.0,13.16
2024-01-28,0.01,8.29,6.47,0.0,1.82
2024-01-29,0.01,7.28,6.44,0.0,0.84
2024-01-30,0.009,7.26,6.48,0.0,0.78
2024-01-31,1.183,101.76,11.18,39.11,51.47
2024-02-01,1.734,110.48,13.91,41.7,54.87
2024-02-02,2.284,211.59,14.54,85.09,111.96
2024-02-03,0.76,120.84,8.33,48.58,63.92
2024-02-04,4.244,125.92,16.71,47.16,62.05
2024-02-05,0.842,59.58,10.97,20.99,27.62
2024-02-06,0.21,30.75,6.84,10.32,13.59
2024-02-07,2.391,136.49,15.21,52.37,68.91
2024-02-08,0.411,96.68,8.83,37.93,49.91
2024-02-09,0.094,42.96,6.69,15.66,20.61
2024-02-10,0.051,14.58,6.53,2.82,5.24
2024-02-11,0.04,8.21,6.47,0.02,1.72
2024-02-12,0.035,7.68,6.46,0.01,1.21
2024-02-13,0.031,7.61,6.46,0.01,1.14
2024-02-14,0.03,7.56,6.42,0.01,1.13
2024-02-15,0.026,7.61,6.49,0.0,1.12
2024-02-16,0.022,7.49,6.46,0.0,1.03
2024-02-17,0.369,98.04,9.18,38.34,50.51
2024-02-18,1.882,144.3,13.56,56.46,74.29
2024-02-19,1.344,110.1,13.15,41.87,55.09
2024-02-20,1.47,115.02,12.63,44.21,58.18
2024-02-21,0.388,100.22,8.68,39.53,52.01
2024-02-22,0.087,45.91,6.69,16.94,22.28
2024-02-23,0.046,14.14,6.54,1.89,5.71
2024-02-24,0.037,8.25,6.45,0.01,1.78
2024-02-25,0.031,7.71,6.48,0.01,1.22
2024-02-26,0.027,7.59,6.47,0.0,1.12
2024-02-27,0.022,7.52,6.47,0.0,1.04
2024-02-28,0.019,7.43,6.47,0.0,0.96
2024-02-29,0.055,27.07,4.6,9.57,12.89
2024-03-01,1.092,79.5,9.46,30.24,39.8
2024-03-02,2.037,110.69,15.15,41.26,54.29
2024-03-03,0.751,38.75,8.33,13.14,17.29
2024-03-04,0.26,29.54,7.23,9.63,12.67
2024-03-05,0.071,16.28,6.67,3.9,5.7
2024-03-06,0.04,8.59,6.52,0.03,2.05
2024-03-07,0.03,7.76,6.5,0.01,1.26
2024-03-08,0.025,7.57,6.46,0.0,1.1
2024-03-09,0.022,7.49,6.46,0.0,1.03
2024-03-10,0.019,7.42,6.46,0.0,0.96
2024-03-11,0.016,7.37,6.47,0.0,0.9
2024-03-12,0.014,7.3,6.43,0.0,0.86
2024-03-13,0.013,7.33,6.5,0.0,0.84
2024-03-14,0.007,7.38,6.68,0.0,0.71
2024-03-15,0.002,7.0,6.46,0.0,0.55
2024-03-16,0.005,7.17,6.39,0.0,0.78
2024-03-17,0.005,7.19,6.47,0.0,0.73
2024-03-18,0.004,7.18,6.48,0.0,0.7
2024-03-19,0.003,7.18,6.49,0.0,0.68
2024-03-20,0.002,7.21,6.54,0.0,0.67
2024-03-21,0.001,7.16,6.53,0.0,0.63
2024-03-22,0.308,100.15,8.55,39.55,52.05
2024-03-23,1.483,87.36,11.91,32.58,42.87
2024-03-24,0.547,54.29,8.96,19.58,25.76
2024-03-25,0.071,35.99,6.92,11.35,17.72
2024-03-26,0.016,15.51,6.76,0.0,8.76
2024-03-27,0.007,8.18,6.53,0.0,1.65
2024-03-28,0.005,7.29,6.53,0.0,0.75
2024-03-29,0.405,103.77,9.01,40.76,54.0
2024-03-30,0.311,75.45,7.18,29.4,38.87
2024-03-31,0.05,48.85,6.91,14.73,27.21
2024-04-01,0.012,17.57,6.72,0.0,10.84
2024-04-02,0.006,8.2,6.55,0.0,1.64
2024-04-03,0.004,7.31,6.58,0.0,0.73
2024-04-04,1.734,123.13,12.77,47.65,62.7
2024-04-05,0.879,178.05,13.79,70.93,93.33
2024-04-06,0.083,99.18,6.91,37.2,55.07
2024-04-07,0.02,32.47,6.72,0.0,25.74
2024-04-08,0.01,10.45,6.54,0.0,3.92
2024-04-09,0.007,7.41,6.48,0.0,0.93
2024-04-10,0.006,7.22,6.48,0.0,0.74
2024-04-11,0.005,7.21,6.5,0.0,0.71
2024-04-12,0.003,7.24,6.57,0.0,0.66
2024-04-13,1.136,111.32,11.5,43.11,56.72
2024-04-14,1.212,131.84,12.17,51.68,67.99
2024-04-15,1.636,123.52,12.78,47.82,62.92
2024-04-16,0.187,86.36,6.93,34.3,45.13
2024-04-17,0.039,42.64,6.77,10.54,25.33
2024-04-18,0.017,12.69,6.56,0.0,6.13
2024-04-19,0.012,7.77,6.49,0.0,1.28
2024-04-20,0.01,7.3,6.48,0.0,0.82
2024-04-21,0.008,7.23,6.47,0.0,0.76
2024-04-22,0.007,7.24,6.49,0.0,0.74
2024-04-23,0.005,7.18,6.47,0.0,0.71
2024-04-24,0.004,7.19,6.49,0.0,0.7
2024-04-25,0.003,7.26,6.58,0.0,0.68
2024-04-26,0.001,7.1,6.56,0.0,0.54
2024-04-27,0.001,7.18,6.49,0.0,0.69
2024-04-28,0.001,7.25,6.65,0.0,0.6
2024-04-29,0.0,7.13,6.9,0.0,0.24
2024-04-30,0.0,7.04,6.98,0.0,0.06
2024-05-01,0.0,6.99,6.98,0.0,0.01
2024-05-02,0.0,6.98,6.98,0.0,0.0
2024-05-03,0.0,6.98,6.98,0.0,0.0
2024-05-04,2.569,145.74,15.47,56.25,74.01
2024-05-05,0.358,100.01,8.77,39.4,51.84
2024-05-06,0.047,63.66,6.93,19.35,37.38
2024-05-07,0.009,22.89,6.8,0.0,16.09
2024-05-08,0.003,9.33,6.76,0.0,2.57
2024-05-09,0.0,7.5,6.9,0.0,0.6
2024-05-10,0.0,7.15,6.52,0.0,0.63
2024-05-11,0.0,7.15,6.81,0.0,0.34
2024-05-12,0.0,7.12,6.64,0.0,0.48
2024-05-13,0.0,7.14,6.55,0.0,0.59
2024-05-14,0.0,7.15,6.53,0.0,0.62
2024-05-15,0.0,7.17,6.55,0.0,0.62
2024-05-16,0.0,7.23,6.66,0.0,0.57
2024-05-17,0.0,7.2,6.66,0.0,0.54
2024-05-18,0.0,7.16,6.75,0.0,0.41
2024-05-19,0.0,7.1,6.98,0.0,0.12
2024-05-20,0.0,0.0,0.0,0.0,0.0
2024-05-21,0.0,0.0,0.0,0.0,0.0
2024-05-22,0.0,0.0,0.0,0.0,0.0
2024-05-23,0.0,0.0,0.0,0.0,0.0
2024-05-24,0.0,0.0,0.0,0.0,0.0
2024-05-25,0.0,0.0,0.0,0.0,0.0
2024-05-26,0.0,0.0,0.0,0.0,0.0
2024-05-27,0.0,0.0,0.0,0.0,0.0
2024-05-28,0.0,0.0,0.0,0.0,0.0
2024-05-29,0.0,0.0,0.0,0.0,0.0
2024-05-30,0.0,0.0,0.0,0.0,0.0
2024-05-31,0.0,0.0,0.0,0.0,0.0
2024-06-01,0.0,0.0,0.0,0.0,0.0
2024-06-02,0.0,0.0,0.0,0.0,0.0
2024-06-03,0.0,0.0,0.0,0.0,0.0
2024-06-04,0.0,0.0,0.0,0.0,0.0
2024-06-05,0.0,0.0,0.0,0.0,0.0
2024-06-06,0.0,0.0,0.0,0.0,0.0
2024-06-07,0.0,0.0,0.0,0.0,0.0
2024-06-08,0.0,0.0,0.0,0.0,0.0
2024-06-09,0.0,0.0,0.0,0.0,0.0
2024-06-10,0.0,0.0,0.0,0.0,0.0
2024-06-11,0.0,0.0,0.0,0.0,0.0
2024-06-12,0.0,0.0,0.0,0.0,0.0
2024-06-13,0.0,0.0,0.0,0.0,0.0
2024-06-14,0.0,0.0,0.0,0.0,0.0
2024-06-15,0.0,0.0,0.0,0.0,0.0
2024-06-16,0.0,0.0,0.0,0.0,0.0
2024-06-17,0.0,0.0,0.0,0.0,0.0
2024-06-18,0.0,0.0,0.0,0.0,0.0
2024-06-19,0.0,0.0,0.0,0.0,0.0
2024-06-20,0.0,0.0,0.0,0.0,0.0
2024-06-21,0.0,0.0,0.0,0.0,0.0
2024-06-22,0.0,0.0,0.0,0.0,0.0
2024-06-23,0.0,0.0,0.0,0.0,0.0
2024-06-24,0.0,0.0,0.0,0.0,0.0
2024-06-25,0.0,0.0,0.0,0.0,0.0
2024-06-26,0.0,0.0,0.0,0.0,0.0
2024-06-27,0.0,0.0,0.0,0.0,0.0
2024-06-28,0.0,0.0,0.0,0.0,0.0
2024-06-29,0.0,0.0,0.0,0.0,0.0
2024-06-30,0.0,0.0,0.0,0.0,0.0
2024-07-01,0.0,0.0,0.0,0.0,0.0
2024-07-02,0.0,0.0,0.0,0.0,0.0
2024-07-03,0.0,0.0,0.0,0.0,0.0
2024-07-04,0.0,0.0,0.0,0.0,0.0
2024-07-05,0.0,0.0,0.0,0.0,0.0
2024-07-06,0.0,0.0,0.0,0.0,0.0
2024-07-07,0.0,0.0,0.0,0.0,0.0
2024-07-08,0.0,0.0,0.0,0.0,0.0
2024-07-09,0.0,0.0,0.0,0.0,0.0
2024-07-10,0.0,0.0,0.0,0.0,0.0
2024-07-11,0.0,0.0,0.0,0.0,0.0
2024-07-12,0.0,0.0,0.0,0.0,0.0
2024-07-13,0.0,0.0,0.0,0.0,0.0
2024-07-14,0.0,0.0,0.0,0.0,0.0
2024-07-15,0.0,0.0,0.0,0.0,0.0
2024-07-16,0.0,0.0,0.0,0.0,0.0
2024-07-17,0.0,0.0,0.0,0.0,0.0
2024-07-18,0.0,0.0,0.0,0.0,0.0
2024-07-19,0.0,0.0,0.0,0.0,0.0
2024-07-20,0.0,0.0,0.0,0.0,0.0
2024-07-21,0.0,0.0,0.0,0.0,0.0
2024-07-22,0.0,0.0,0.0,0.0,0.0
2024-07-23,0.0,0.0,0.0,0.0,0.0
2024-07-24,0.0,0.0,0.0,0.0,0.0
2024-07-25,0.0,0.0,0.0,0.0,0.0
2024-07-26,0.0,0.0,0.0,0.0,0.0
2024-07-27,0.0,0.0,0.0,0.0,0.0
2024-07-28,0.0,0.0,0.0,0.0,0.0
2024-07-29,0.0,0.0,0.0,0.0,0.0
2024-07-30,0.0,0.0,0.0,0.0,0.0
2024-07-31,0.0,0.0,0.0,0.0,0.0
2024-08-01,0.0,0.0,0.0,0.0,0.0
2024-08-02,0.0,0.0,0.0,0.0,0.0
2024-08-03,0.0,0.0,0.0,0.0,0.0
2024-08-04,0.0,0.0,0.0,0.0,0.0
2024-08-05,0.0,0.0,0.0,0.0,0.0
2024-08-06,0.0,0.0,0.0,0.0,0.0
2024-08-07,0.0,0.0,0.0,0.0,0.0
2024-08-08,0.0,0.0,0.0,0.0,0.0
2024-08-09,0.0,0.0,0.0,0.0,0.0
2024-08-10,0.0,0.0,0.0,0.0,0.0
2024-08-11,0.0,0.0,0.0,0.0,0.0
2024-08-12,0.0,0.0,0.0,0.0,0.0
2024-08-13,0.0,0.0,0.0,0.0,0.0
2024-08-14,0.0,0.0,0.0,0.0,0.0
2024-08-15,0.0,0.0,0.0,0.0,0.0
2024-08-16,0.0,0.0,0.0,0.0,0.0
2024-08-17,0.0,0.0,0.0,0.0,0.0
2024-08-18,0.0,0.0,0.0,0.0,0.0
2024-08-19,0.0,0.0,0.0,0.0,0.0
2024-08-20,0.0,0.0,0.0,0.0,0.0
2024-08-21,0.0,0.0,0.0,0.0,0.0
2024-08-22,0.0,0.0,0.0,0.0,0.0
2024-08-23,0.0,0.0,0.0,0.0,0.0
2024-08-24,0.0,0.0,0.0,0.0,0.0
2024-08-25,0.0,0.0,0.0,0.0,0.0
2024-08-26,0.0,0.0,0.0,0.0,0.0
2024-08-27,0.0,0.0,0.0,0.0,0.0
2024-08-28,0.0,0.0,0.0,0.0,0.0
2024-08-29,0.0,0.0,0.0,0.0,0.0
2024-08-30,0.0,0.0,0.0,0.0,0.0
2024-08-31,0.0,0.0,0.0,0.0,0.0
2024-09-01,0.0,0.0,0.0,0.0,0.0
2024-09-02,0.0,0.0,0.0,0.0,0.0
2024-09-03,0.0,0.0,0.0,0.0,0.0
2024-09-04,0.0,0.0,0.0,0.0,0.0
2024-09-05,0.0,0.0,0.0,0.0,0.0
2024-09-06,0.0,0.0,0.0,0.0,0.0
2024-09-07,0.0,0.0,0.0,0.0,0.0
2024-09-08,0.0,0.0,0.0,0.0,0.0
2024-09-09,0.0,0.0,0.0,0.0,0.0
2024-09-10,0.0,0.0,0.0,0.0,0.0
2024-09-11,0.0,0.0,0.0,0.0,0.0
2024-09-12,0.0,0.0,0.0,0.0,0.0
2024-09-13,0.0,0.0,0.0,0.0,0.0
2024-09-14,0.0,0.0,0.0,0.0,0.0
2024-09-15,0.0,0.0,0.0,0.0,0.0
2024-09-16,0.0,0.0,0.0,0.0,0.0
2024-09-17,0.0,0.0,0.0,0.0,0.0
2024-09-18,0.0,0.0,0.0,0.0,0.0
2024-09-19,0.0,0.0,0.0,0.0,0.0
2024-09-20,0.0,0.0,0.0,0.0,0.0
2024-09-21,0.0,0.0,0.0,0.0,0.0
2024-09-22,0.0,0.0,0.0,0.0,0.0
2024-09-23,0.0,0.0,0.0,0.0,0.0
2024-09-24,0.0,0.0,0.0,0.0,0.0
2024-09-25,0.0,0.0,0.0,0.0,0.0
2024-09-26,0.0,0.0,0.0,0.0,0.0
2024-09-27,0.0,0.0,0.0,0.0,0.0
2024-09-28,0.0,0.0,0.0,0.0,0.0
2024-09-29,0.0,0.0,0.0,0.0,0.0
2024-09-30,0.0,0.0,0.0,0.0,0.0
2024-10-01,0.0,0.0,0.0,0.0,0.0
2024-10-02,0.0,0.0,0.0,0.0,0.0
2024-10-03,0.0,0.0,0.0,0.0,0.0
2024-10-04,0.0,0.0,0.0,0.0,0.0
2024-10-05,0.0,0.0,0.0,0.0,0.0
2024-10-06,0.0,0.0,0.0,0.0,0.0
2024-10-07,0.0,0.0,0.0,0.0,0.0
2024-10-08,0.0,0.0,0.0,0.0,0.0
2024-10-09,0.0,0.0,0.0,0.0,0.0
2024-10-10,0.0,0.0,0.0,0.0,0.0
2024-10-11,0.0,0.0,0.0,0.0,0.0
2024-10-12,0.0,0.0,0.0,0.0,0.0
2024-10-13,0.0,0.0,0.0,0.0,0.0
2024-10-14,0.0,0.0,0.0,0.0,0.0
2024-10-15,0.0,0.0,0.0,0.0,0.0
2024-10-16,0.0,0.0,0.0,0.0,0.0
2024-10-17,0.0,0.0,0.0,0.0,0.0
2024-10-18,0.0,0.0,0.0,0.0,0.0
2024-10-19,0.0,0.0,0.0,0.0,0.0
2024-10-20,0.0,0.0,0.0,0.0,0.0
2024-10-21,0.0,0.0,0.0,0.0,0.0
2024-10-22,0.0,0.0,0.0,0.0,0.0
2024-10-23,0.0,0.0,0.0,0.0,0.0
2024-10-24,0.0,0.0,0.0,0.0,0.0
2024-10-25,0.0,0.0,0.0,0.0,0.0
2024-10-26,0.0,0.0,0.0,0.0,0.0
2024-10-27,0.0,0.0,0.0,0.0,0.0
2024-10-28,0.0,0.0,0.0,0.0,0.0
2024-10-29,0.0,0.0,0.0,0.0,0.0
2024-10-30,0.0,0.0,0.0,0.0,0.0
2024-10-31,0.0,0.0,0.0,0.0,0.0
2024-11-01,0.0,0.0,0.0,0.0,0.0
2024-11-02,0.0,0.0,0.0,0.0,0.0
2024-11-03,0.0,0.0,0.0,0.0,0.0
2024-11-04,0.0,0.0,0.0,0.0,0.0
2024-11-05,0.0,0.0,0.0,0.0,0.0
2024-11-06,0.0,0.0,0.0,0.0,0.0
2024-11-07,0.0,0.0,0.0,0.0,0.0
2024-11-08,0.0,0.0,0.0,0.0,0.0
2024-11-09,0.0,0.0,0.0,0.0,0.0
2024-11-10,0.0,0.0,0.0,0.0,0.0
2024-11-11,0.123,43.85,5.96,16.28,21.61
2024-11-12,0.094,43.6,6.97,15.01,21.62
2024-11-13,0.013,22.74,6.98,0.0,15.76
2024-11-14,0.002,12.05,6.98,0.0,5.07
2024-11-15,0.0,8.1,6.98,0.0,1.12
2024-11-16,0.0,7.21,6.96,0.0,0.25
2024-11-17,0.0,7.03,6.89,0.0,0.14
2024-11-18,0.0,7.13,6.75,0.0,0.39
2024-11-19,0.0,7.13,6.58,0.0,0.55
2024-11-20,0.0,7.16,6.98,0.0,0.18
2024-11-21,0.0,7.03,6.98,0.0,0.05
2024-11-22,4.027,200.56,19.04,78.38,103.13
2024-11-23,1.881,161.01,17.07,62.16,81.78
2024-11-24,0.13,69.8,6.97,26.8,36.03
2024-11-25,0.114,27.94,6.16,7.2,14.58
2024-11-26,0.066,26.23,6.96,6.93,12.33
2024-11-27,0.01,14.96,6.97,0.0,7.99
2024-11-28,0.001,9.08,6.92,0.0,2.16
2024-11-29,0.0,7.34,6.78,0.0,0.57
2024-11-30,0.0,7.11,6.57,0.0,0.55
2024-12-01,0.0,7.12,6.49,0.0,0.63
2024-12-02,0.0,7.12,6.47,0.0,0.65
2024-12-03,0.0,7.12,6.47,0.0,0.65
2024-12-04,0.0,7.12,6.46,0.0,0.65
2024-12-05,0.0,7.12,6.46,0.0,0.66
2024-12-06,0.0,7.12,6.47,0.0,0.65
2024-12-07,0.0,7.12,6.46,0.0,0.65
2024-12-08,0.0,7.12,6.47,0.0,0.65
2024-12-09,0.0,7.15,6.51,0.0,0.64
2024-12-10,0.0,7.11,6.47,0.0,0.64
2024-12-11,0.058,0.0,0.0,0.0,0.0
2024-12-12,2.497,152.55,14.26,59.72,78.58
2024-12-13,0.33,50.07,7.36,18.44,24.27
2024-12-14,5.012,206.62,18.75,81.12,106.74
2024-12-15,0.266,113.96,7.75,45.86,60.35
2024-12-16,1.233,140.35,12.23,54.99,73.13
2024-12-17,0.27,102.62,7.83,40.81,53.99
2024-12-18,0.037,65.21,6.96,16.81,41.45
2024-12-19,0.006,24.85,6.86,0.0,17.99
2024-12-20,0.002,9.29,6.7,0.0,2.59
2024-12-21,0.001,7.17,6.49,0.0,0.68
2024-12-22,0.001,7.13,6.43,0.0,0.7
2024-12-23,0.106,19.03,4.33,5.93,8.77
2024-12-24,2.372,110.19,13.75,41.6,54.83
2024-12-25,0.206,55.06,7.12,20.69,27.24
2024-12-26,0.302,60.39,4.94,23.36,32.09
2024-12-27,2.965,168.98,17.11,65.57,86.3
2024-12-28,0.156,87.06,6.96,34.58,45.51
2024-12-29,0.99,101.39,10.91,38.73,51.75
2024-12-30,0.156,80.22,6.97,31.5,41.75
2024-12-31,0.024,39.15,6.9,2.48,29.76
2025-01-01,0.006,14.88,6.73,0.0,8.15
2025-01-02,0.003,7.68,6.5,0.0,1.19
2025-01-03,0.003,7.14,6.42,0.0,0.72
2025-01-04,0.003,7.17,6.48,0.0,0.69
2025-01-05,0.002,7.12,6.43,0.0,0.69
2025-01-06,0.002,7.12,6.43,0.0,0.7
2025-01-07,0.002,7.35,6.71,0.0,0.64
2025-01-08,0.0,7.02,6.78,0.0,0.23
2025-01-09,0.0,7.13,6.42,0.0,0.71
2025-01-10,0.0,7.14,6.51,0.0,0.63
2025-01-11,0.0,7.16,6.57,0.0,0.6
2025-01-12,0.0,7.15,6.91,0.0,0.24
2025-01-13,0.0,7.11,6.8,0.0,0.31
2025-01-14,0.0,7.14,6.66,0.0,0.48
2025-01-15,0.0,7.2,6.68,0.0,0.52
2025-01-16,0.0,7.15,6.74,0.0,0.41
2025-01-17,0.0,7.12,6.98,0.0,0.14
2025-01-18,0.0,0.0,0.0,0.0,0.0
2025-01-19,0.0,0.0,0.0,0.0,0.0
2025-01-20,0.0,0.0,0.0,0.0,0.0
2025-01-21,0.0,0.0,0.0,0.0,0.0
2025-01-22,0.0,0.0,0.0,0.0,0.0
2025-01-23,0.0,0.0,0.0,0.0,0.0
2025-01-24,0.0,0.0,0.0,0.0,0.0
2025-01-25,0.0,0.0,0.0,0.0,0.0
2025-01-26,0.0,0.0,0.0,0.0,0.0
2025-01-27,0.0,0.0,0.0,0.0,0.0
2025-01-28,0.0,0.0,0.0,0.0,0.0
2025-01-29,0.0,0.0,0.0,0.0,0.0
2025-01-30,0.0,0.0,0.0,0.0,0.0
2025-01-31,0.0,0.0,0.0,0.0,0.0
2025-02-01,0.454,73.01,8.97,27.63,36.42
2025-02-02,0.197,67.26,7.07,25.97,34.22
2025-02-03,0.027,40.87,6.98,6.23,27.66
2025-02-04,4.387,142.98,16.6,54.55,71.82
2025-02-05,1.041,155.85,15.16,60.75,79.94
2025-02-06,1.627,80.93,11.48,29.99,39.46
2025-02-07,0.804,64.96,10.61,23.47,30.88
2025-02-08,0.106,39.05,6.95,13.42,18.67
2025-02-09,0.018,18.91,6.86,0.0,12.05
2025-02-10,0.006,9.24,6.65,0.0,2.6
2025-02-11,0.003,7.35,6.58,0.0,0.77
2025-02-12,0.164,9.74,0.67,3.91,5.15
2025-02-13,8.62,291.7,21.69,116.6,153.42
2025-02-14,0.971,80.09,12.12,29.35,38.62
2025-02-15,0.1,44.49,6.88,15.76,21.84
2025-02-16,0.026,16.56,6.68,0.01,9.87
2025-02-17,0.015,8.62,6.51,0.0,2.11
2025-02-18,0.012,7.4,6.48,0.0,0.91
2025-02-19,0.01,7.23,6.45,0.0,0.78
2025-02-20,0.009,7.24,6.45,0.0,0.79
2025-02-21,0.008,7.22,6.46,0.0,0.76
2025-02-22,0.007,7.22,6.47,0.0,0.75
2025-02-23,0.006,7.2,6.47,0.0,0.74
2025-02-24,0.005,7.18,6.46,0.0,0.72
2025-02-25,0.004,7.2,6.48,0.0,0.71
2025-02-26,0.004,7.17,6.47,0.0,0.7
2025-02-27,0.003,7.17,6.48,0.0,0.69
2025-02-28,0.002,7.16,6.48,0.0,0.68
2025-03-01,0.002,7.17,6.5,0.0,0.67
2025-03-02,0.001,7.26,6.67,0.0,0.59
2025-03-03,0.001,7.03,6.34,0.0,0.69
2025-03-04,0.001,7.18,6.51,0.0,0.67
2025-03-05,0.001,7.24,6.59,0.0,0.65
2025-03-06,0.0,7.08,6.85,0.0,0.23
2025-03-07,0.0,7.15,6.44,0.0,0.71
2025-03-08,0.0,7.2,6.98,0.0,0.22
2025-03-09,0.0,7.02,6.98,0.0,0.05
2025-03-10,0.0,6.99,6.98,0.0,0.01
2025-03-11,0.0,6.98,6.98,0.0,0.0
2025-03-12,0.271,48.14,6.56,17.95,23.62
2025-03-13,0.97,57.23,10.3,20.27,26.67
2025-03-14,1.158,82.27,10.93,30.81,40.54
2025-03-15,0.173,58.62,6.97,22.31,29.35
2025-03-16,0.025,32.99,6.95,3.51,22.54
2025-03-17,0.05,14.88,6.22,2.31,6.35
2025-03-18,0.022,12.35,6.89,0.06,5.4
2025-03-19,0.005,8.62,6.82,0.0,1.8
2025-03-20,0.001,7.28,6.66,0.0,0.63
2025-03-21,0.001,6.97,6.45,0.0,0.51
2025-03-22,0.0,7.18,6.52,0.0,0.66
2025-03-23,0.0,7.25,6.6,0.0,0.65
2025-03-24,0.0,7.17,6.9,0.0,0.27
2025-03-25,0.0,7.09,6.75,0.0,0.34
2025-03-26,0.0,7.15,6.63,0.0,0.52
2025-03-27,0.0,7.13,6.57,0.0,0.56
2025-03-28,0.0,7.13,6.5,0.0,0.63
2025-03-29,0.0,7.25,6.63,0.0,0.62
2025-03-30,0.0,7.16,6.98,0.0,0.18
2025-03-31,0.0,7.02,6.98,0.0,0.04
2025-04-01,0.152,55.04,6.21,21.07,27.75
2025-04-02,0.052,49.68,6.98,15.07,27.63
2025-04-03,0.007,23.72,6.98,0.0,16.75
2025-04-04,0.001,11.4,6.98,0.0,4.42
2025-04-05,0.0,7.93,6.98,0.0,0.95
2025-04-06,0.0,7.18,6.98,0.0,0.2
2025-04-07,0.0,7.02,6.98,0.0,0.04
2025-04-08,0.0,6.99,6.98,0.0,0.01
2025-04-09,0.0,6.98,6.98,0.0,0.0
2025-04-10,0.0,0.0,0.0,0.0,0.0
2025-04-11,0.0,0.0,0.0,0.0,0.0
2025-04-12,0.0,0.0,0.0,0.0,0.0
2025-04-13,0.0,0.0,0.0,0.0,0.0
2025-04-14,0.0,0.0,0.0,0.0,0.0
2025-04-15,0.0,0.0,0.0,0.0,0.0
2025-04-16,0.0,0.0,0.0,0.0,0.0
2025-04-17,0.0,0.0,0.0,0.0,0.0
2025-04-18,0.0,0.0,0.0,0.0,0.0
2025-04-19,0.0,0.0,0.0,0.0,0.0
2025-04-20,0.0,0.0,0.0,0.0,0.0
2025-04-21,0.0,0.0,0.0,0.0,0.0
2025-04-22,0.0,0.0,0.0,0.0,0.0
2025-04-23,0.0,0.0,0.0,0.0,0.0
2025-04-24,0.0,0.0,0.0,0.0,0.0
2025-04-25,0.0,0.0,0.0,0.0,0.0
2025-04-26,0.0,0.0,0.0,0.0,0.0
2025-04-27,0.0,0.0,0.0,0.0,0.0
2025-04-28,0.0,0.0,0.0,0.0,0.0
2025-04-29,0.0,0.0,0.0,0.0,0.0
2025-04-30,0.0,0.0,0.0,0.0,0.0
2025-05-01,0.0,0.0,0.0,0.0,0.0
2025-05-02,0.0,0.0,0.0,0.0,0.0
2025-05-03,0.0,0.0,0.0,0.0,0.0
2025-05-04,0.0,0.0,0.0,0.0,0.0
2025-05-05,0.0,0.0,0.0,0.0,0.0
2025-05-06,0.0,0.0,0.0,0.0,0.0
2025-05-07,0.0,0.0,0.0,0.0,0.0
2025-05-08,0.0,0.0,0.0,0.0,0.0
2025-05-09,0.0,0.0,0.0,0.0,0.0
2025-05-10,0.0,0.0,0.0,0.0,0.0
2025-05-11,0.0,0.0,0.0,0.0,0.0
2025-05-12,0.084,40.19,6.39,14.59,19.2
2025-05-13,0.032,31.02,6.98,5.98,18.06
2025-05-14,0.004,15.76,6.98,0.0,8.78
2025-05-15,0.001,9.1,6.98,0.0,2.12
2025-05-16,0.0,7.43,6.98,0.0,0.45
2025-05-17,0.0,7.07,6.98,0.0,0.09
2025-05-18,0.0,7.0,6.98,0.0,0.02
2025-05-19,0.0,6.98,6.98,0.0,0.0
2025-05-20,0.0,6.98,6.98,0.0,0.0
2025-05-21,0.0,0.0,0.0,0.0,0.0
2025-05-22,0.0,0.0,0.0,0.0,0.0
2025-05-23,0.0,0.0,0.0,0.0,0.0
2025-05-24,0.0,0.0,0.0,0.0,0.0
2025-05-25,0.0,0.0,0.0,0.0,0.0
2025-05-26,0.0,0.0,0.0,0.0,0.0
2025-05-27,0.0,0.0,0.0,0.0,0.0
2025-05-28,0.0,0.0,0.0,0.0,0.0
2025-05-29,0.0,0.0,0.0,0.0,0.0
2025-05-30,0.0,0.0,0.0,0.0,0.0
2025-05-31,0.0,0.0,0.0,0.0,0.0
2025-06-01,0.0,0.0,0.0,0.0,0.0
2025-06-02,0.0,0.0,0.0,0.0,0.0
2025-06-03,0.0,0.0,0.0,0.0,0.0
2025-06-04,0.0,0.0,0.0,0.0,0.0
2025-06-05,0.0,0.0,0.0,0.0,0.0
2025-06-06,0.0,0.0,0.0,0.0,0.0
2025-06-07,0.0,0.0,0.0,0.0,0.0
2025-06-08,0.0,0.0,0.0,0.0,0.0
2025-06-09,0.0,0.0,0.0,0.0,0.0
2025-06-10,0.0,0.0,0.0,0.0,0.0
2025-06-11,0.0,0.0,0.0,0.0,0.0
2025-06-12,0.0,0.0,0.0,0.0,0.0
2025-06-13,0.0,0.0,0.0,0.0,0.0
2025-06-14,0.0,0.0,0.0,0.0,0.0
2025-06-15,0.0,0.0,0.0,0.0,0.0
2025-06-16,0.0,0.0,0.0,0.0,0.0
2025-06-17,0.0,0.0,0.0,0.0,0.0
2025-06-18,0.0,0.0,0.0,0.0,0.0
2025-06-19,0.0,0.0,0.0,0.0,0.0
2025-06-20,0.0,0.0,0.0,0.0,0.0
2025-06-21,0.0,0.0,0.0,0.0,0.0
2025-06-22,0.0,0.0,0.0,0.0,0.0
2025-06-23,0.0,0.0,0.0,0.0,0.0
2025-06-24,0.0,0.0,0.0,0.0,0.0
2025-06-25,0.0,0.0,0.0,0.0,0.0
2025-06-26,0.0,0.0,0.0,0.0,0.0
2025-06-27,0.0,0.0,0.0,0.0,0.0
2025-06-28,0.0,0.0,0.0,0.0,0.0
2025-06-29,0.0,0.0,0.0,0.0,0.0
2025-06-30,0.0,0.0,0.0,0.0,0.0
2025-07-01,0.0,0.0,0.0,0.0,0.0
2025-07-02,0.0,0.0,0.0,0.0,0.0
2025-07-03,0.0,0.0,0.0,0.0,0.0
2025-07-04,0.0,0.0,0.0,0.0,0.0
2025-07-05,0.0,0.0,0.0,0.0,0.0
2025-07-06,0.0,0.0,0.0,0.0,0.0
2025-07-07,0.0,0.0,0.0,0.0,0.0
2025-07-08,0.0,0.0,0.0,0.0,0.0
2025-07-09,0.0,0.0,0.0,0.0,0.0
2025-07-10,0.0,0.0,0.0,0.0,0.0
2025-07-11,0.0,0.0,0.0,0.0,0.0
2025-07-12,0.0,0.0,0.0,0.0,0.0
2025-07-13,0.0,0.0,0.0,0.0,0.0
2025-07-14,0.0,0.0,0.0,0.0,0.0
2025-07-15,0.0,0.0,0.0,0.0,0.0
2025-07-16,0.0,0.0,0.0,0.0,0.0
2025-07-17,0.0,0.0,0.0,0.0,0.0
2025-07-18,0.0,0.0,0.0,0.0,0.0
2025-07-19,0.0,0.0,0.0,0.0,0.0
2025-07-20,0.0,0.0,0.0,0.0,0.0
2025-07-21,0.0,0.0,0.0,0.0,0.0
2025-07-22,0.0,0.0,0.0,0.0,0.0
2025-07-23,0.0,0.0,0.0,0.0,0.0
2025-07-24,0.0,0.0,0.0,0.0,0.0
2025-07-25,0.0,0.0,0.0,0.0,0.0
2025-07-26,0.0,0.0,0.0,0.0,0.0
2025-07-27,0.0,0.0,0.0,0.0,0.0
2025-07-28,0.0,0.0,0.0,0.0,0.0
2025-07-29,0.0,0.0,0.0,0.0,0.0
2025-07-30,0.0,0.0,0.0,0.0,0.0
2025-07-31,0.0,0.0,0.0,0.0,0.0
2025-08-01,0.0,0.0,0.0,0.0,0.0
2025-08-02,0.0,0.0,0.0,0.0,0.0
2025-08-03,0.0,0.0,0.0,0.0,0.0
2025-08-04,0.0,0.0,0.0,0.0,0.0
2025-08-05,0.0,0.0,0.0,0.0,0.0
2025-08-06,0.0,0.0,0.0,0.0,0.0
2025-08-07,0.0,0.0,0.0,0.0,0.0
2025-08-08,0.0,0.0,0.0,0.0,0.0
2025-08-09,0.0,0.0,0.0,0.0,0.0
2025-08-10,0.0,0.0,0.0,0.0,0.0
2025-08-11,0.0,0.0,0.0,0.0,0.0
2025-08-12,0.0,0.0,0.0,0.0,0.0
2025-08-13,0.0,0.0,0.0,0.0,0.0
2025-08-14,0.0,0.0,0.0,0.0,0.0
2025-08-15,0.0,0.0,0.0,0.0,0.0
2025-08-16,0.0,0.0,0.0,0.0,0.0
2025-08-17,0.0,0.0,0.0,0.0,0.0
2025-08-18,0.0,0.0,0.0,0.0,0.0
2025-08-19,0.0,0.0,0.0,0.0,0.0
2025-08-20,0.0,0.0,0.0,0.0,0.0
2025-08-21,0.0,0.0,0.0,0.0,0.0
2025-08-22,0.0,0.0,0.0,0.0,0.0
2025-08-23,0.0,0.0,0.0,0.0,0.0
2025-08-24,0.0,0.0,0.0,0.0,0.0
2025-08-25,0.0,0.0,0.0,0.0,0.0
2025-08-26,0.0,0.0,0.0,0.0,0.0
2025-08-27,0.0,0.0,0.0,0.0,0.0
2025-08-28,0.0,0.0,0.0,0.0,0.0
2025-08-29,0.0,0.0,0.0,0.0,0.0
2025-08-30,0.0,0.0,0.0,0.0,0.0
2025-08-31,0.0,0.0,0.0,0.0,0.0
2025-09-01,0.0,0.0,0.0,0.0,0.0
2025-09-02,0.0,0.0,0.0,0.0,0.0
2025-09-03,0.0,0.0,0.0,0.0,0.0
2025-09-04,0.0,0.0,0.0,0.0,0.0
2025-09-05,0.0,0.0,0.0,0.0,0.0
2025-09-06,0.0,0.0,0.0,0.0,0.0
2025-09-07,0.0,0.0,0.0,0.0,0.0
2025-09-08,0.0,0.0,0.0,0.0,0.0
2025-09-09,0.0,0.0,0.0,0.0,0.0
2025-09-10,0.0,0.0,0.0,0.0,0.0
2025-09-11,0.0,0.0,0.0,0.0,0.0
2025-09-12,0.0,0.0,0.0,0.0,0.0
2025-09-13,0.0,0.0,0.0,0.0,0.0
2025-09-14,0.0,0.0,0.0,0.0,0.0
2025-09-15,0.0,0.0,0.0,0.0,0.0
2025-09-16,0.0,0.0,0.0,0.0,0.0
2025-09-17,0.0,0.0,0.0,0.0,0.0
2025-09-18,0.0,0.0,0.0,0.0,0.0
2025-09-19,0.0,0.0,0.0,0.0,0.0
2025-09-20,0.0,0.0,0.0,0.0,0.0
2025-09-21,0.0,0.0,0.0,0.0,0.0
2025-09-22,0.0,0.0,0.0,0.0,0.0
2025-09-23,0.0,0.0,0.0,0.0,0.0
2025-09-24,0.0,0.0,0.0,0.0,0.0
2025-09-25,0.0,0.0,0.0,0.0,0.0
2025-09-26,0.0,0.0,0.0,0.0,0.0
2025-09-27,0.0,0.0,0.0,0.0,0.0
2025-09-28,0.0,0.0,0.0,0.0,0.0
2025-09-29,0.0,0.0,0.0,0.0,0.0
2025-09-30,0.0,0.0,0.0,0.0,0.0
