Date,flow_cms,ssc_mg_L,ssc_sand_mg_L,ssc_silt_mg_L,ssc_clay_mg_L
1995-10-01,0.0,0.0,0.0,0.0,0.0
1995-10-02,0.0,0.0,0.0,0.0,0.0
1995-10-03,0.0,0.0,0.0,0.0,0.0
1995-10-04,0.0,0.0,0.0,0.0,0.0
1995-10-05,0.0,0.0,0.0,0.0,0.0
1995-10-06,0.0,0.0,0.0,0.0,0.0
1995-10-07,0.0,0.0,0.0,0.0,0.0
1995-10-08,0.0,0.0,0.0,0.0,0.0
1995-10-09,0.0,0.0,0.0,0.0,0.0
1995-10-10,0.0,0.0,0.0,0.0,0.0
1995-10-11,0.0,0.0,0.0,0.0,0.0
1995-10-12,0.0,0.0,0.0,0.0,0.0
1995-10-13,0.0,0.0,0.0,0.0,0.0
1995-10-14,0.0,0.0,0.0,0.0,0.0
1995-10-15,0.0,0.0,0.0,0.0,0.0
1995-10-16,0.0,0.0,0.0,0.0,0.0
1995-10-17,0.0,0.0,0.0,0.0,0.0
1995-10-18,0.0,0.0,0.0,0.0,0.0
1995-10-19,0.0,0.0,0.0,0.0,0.0
1995-10-20,0.0,0.0,0.0,0.0,0.0
1995-10-21,0.0,0.0,0.0,0.0,0.0
1995-10-22,0.0,0.0,0.0,0.0,0.0
1995-10-23,0.0,0.0,0.0,0.0,0.0
1995-10-24,0.0,0.0,0.0,0.0,0.0
1995-10-25,0.0,0.0,0.0,0.0,0.0
1995-10-26,0.0,0.0,0.0,0.0,0.0
1995-10-27,0.0,0.0,0.0,0.0,0.0
1995-10-28,0.0,0.0,0.0,0.0,0.0
1995-10-29,0.0,0.0,0.0,0.0,0.0
1995-10-30,0.0,0.0,0.0,0.0,0.0
1995-10-31,0.0,0.0,0.0,0.0,0.0
1995-11-01,0.0,0.0,0.0,0.0,0.0
1995-11-02,0.0,0.0,0.0,0.0,0.0
1995-11-03,0.0,0.0,0.0,0.0,0.0
1995-11-04,0.0,0.0,0.0,0.0,0.0
1995-11-05,0.0,0.0,0.0,0.0,0.0
1995-11-06,0.0,0.0,0.0,0.0,0.0
1995-11-07,0.0,0.0,0.0,0.0,0.0
1995-11-08,0.0,0.0,0.0,0.0,0.0
1995-11-09,0.0,0.0,0.0,0.0,0.0
1995-11-10,0.0,0.0,0.0,0.0,0.0
1995-11-11,0.0,0.0,0.0,0.0,0.0
1995-11-12,0.0,0.0,0.0,0.0,0.0
1995-11-13,0.0,0.0,0.0,0.0,0.0
1995-11-14,0.0,0.0,0.0,0.0,0.0
1995-11-15,0.0,0.0,0.0,0.0,0.0
1995-11-16,0.0,0.0,0.0,0.0,0.0
1995-11-17,0.0,0.0,0.0,0.0,0.0
1995-11-18,0.0,0.0,0.0,0.0,0.0
1995-11-19,0.0,0.0,0.0,0.0,0.0
1995-11-20,0.0,0.0,0.0,0.0,0.0
1995-11-21,0.0,0.0,0.0,0.0,0.0
1995-11-22,0.0,0.0,0.0,0.0,0.0
1995-11-23,0.0,0.0,0.0,0.0,0.0
1995-11-24,0.0,0.0,0.0,0.0,0.0
1995-11-25,0.0,0.0,0.0,0.0,0.0
1995-11-26,0.0,0.0,0.0,0.0,0.0
1995-11-27,0.0,0.0,0.0,0.0,0.0
1995-11-28,0.0,0.0,0.0,0.0,0.0
1995-11-29,0.0,0.0,0.0,0.0,0.0
1995-11-30,0.0,0.0,0.0,0.0,0.0
1995-12-01,0.0,0.0,0.0,0.0,0.0
1995-12-02,0.0,0.0,0.0,0.0,0.0
1995-12-03,0.0,0.0,0.0,0.0,0.0
1995-12-04,0.511,37.28,11.49,11.1,14.69
1995-12-05,0.099,25.94,6.31,6.32,13.31
1995-12-06,0.017,15.32,4.67,0.0,10.65
1995-12-07,0.003,8.76,4.98,0.0,3.78
1995-12-08,0.001,7.61,6.58,0.0,1.0
1995-12-09,0.0,11.0,10.47,0.0,0.54
1995-12-10,0.37,67.35,13.18,23.33,30.85
1995-12-11,27.49,244.98,24.46,92.84,127.68
1995-12-12,15.06,146.6,21.61,53.64,71.36
1995-12-13,2.372,56.7,11.19,19.65,25.86
1995-12-14,1.165,43.05,9.96,14.29,18.8
1995-12-15,9.369,128.12,17.19,47.9,63.03
1995-12-16,0.806,68.71,8.84,25.85,34.02
1995-12-17,0.177,46.55,9.16,14.1,23.29
1995-12-18,0.825,50.09,15.73,14.42,19.94
1995-12-19,0.158,25.37,11.36,4.6,9.41
1995-12-20,1.055,126.42,11.63,49.49,65.31
1995-12-21,1.34,272.3,13.83,111.26,147.21
1995-12-22,5.922,215.65,16.29,85.94,113.41
1995-12-23,0.814,72.11,10.05,26.73,35.32
1995-12-24,0.154,52.41,8.93,15.76,27.72
1995-12-25,0.05,26.15,12.46,0.08,13.61
1995-12-26,0.034,18.4,15.82,0.1,2.48
1995-12-27,0.031,18.0,16.75,0.11,1.14
1995-12-28,0.025,18.18,17.08,0.05,1.05
1995-12-29,6.536,130.37,17.67,48.66,64.03
1995-12-30,4.389,92.02,13.52,33.9,44.6
1995-12-31,0.383,61.77,7.54,23.4,30.83
1996-01-01,0.084,37.26,8.74,5.71,22.81
1996-01-02,0.047,20.33,14.11,0.2,6.01
1996-01-03,0.042,18.16,16.34,0.4,1.43
1996-01-04,0.037,18.21,16.8,0.32,1.08
1996-01-05,0.027,18.08,16.98,0.06,1.04
1996-01-06,0.026,18.1,17.0,0.05,1.05
1996-01-07,0.021,18.32,17.26,0.03,1.04
1996-01-08,0.015,18.62,17.59,0.01,1.01
1996-01-09,0.011,19.1,18.12,0.01,0.98
1996-01-10,0.009,19.61,18.6,0.01,1.0
1996-01-11,0.005,20.29,19.32,0.0,0.96
1996-01-12,0.002,19.17,18.25,0.0,0.91
1996-01-13,0.002,20.15,19.21,0.0,0.94
1996-01-14,0.001,20.61,19.6,0.0,0.93
1996-01-15,1.532,65.51,13.1,22.58,29.84
1996-01-16,12.017,118.35,17.83,43.4,57.12
1996-01-17,1.728,64.15,11.83,22.59,29.73
1996-01-18,4.608,109.92,14.3,41.29,54.33
1996-01-19,3.92,69.89,12.79,24.66,32.44
1996-01-20,1.558,79.07,10.25,29.72,39.1
1996-01-21,4.051,98.12,14.58,36.07,47.47
1996-01-22,0.465,50.15,8.64,17.92,23.58
1996-01-23,0.542,35.21,13.36,8.76,13.09
1996-01-24,7.18,80.94,14.96,28.47,37.52
1996-01-25,3.996,91.39,15.31,32.85,43.23
1996-01-26,0.837,54.74,12.45,18.26,24.03
1996-01-27,12.791,139.61,19.62,51.82,68.18
1996-01-28,2.093,54.32,12.6,18.02,23.71
1996-01-29,0.541,29.27,12.94,7.05,9.28
1996-01-30,3.461,106.32,15.02,39.36,51.94
1996-01-31,12.473,132.04,19.54,48.57,63.92
1996-02-01,1.361,45.03,12.44,14.07,18.51
1996-02-02,0.688,25.59,14.82,4.65,6.12
1996-02-03,2.124,32.83,12.14,8.93,11.76
1996-02-04,14.922,109.23,18.57,39.15,51.51
1996-02-05,4.238,73.17,15.17,25.05,32.96
1996-02-06,1.207,27.3,14.23,5.64,7.43
1996-02-07,0.883,20.2,15.73,1.93,2.54
1996-02-08,0.738,18.6,16.11,1.07,1.41
1996-02-09,0.623,18.24,16.17,0.87,1.19
1996-02-10,0.542,18.09,16.17,0.78,1.15
1996-02-11,0.453,18.0,16.15,0.71,1.14
1996-02-12,0.361,17.87,16.05,0.69,1.13
1996-02-13,0.318,17.84,16.02,0.69,1.14
1996-02-14,0.271,17.75,15.93,0.68,1.14
1996-02-15,2.273,214.42,19.77,84.05,110.61
1996-02-16,2.238,125.87,14.32,48.17,63.39
1996-02-17,0.49,45.66,12.46,14.33,18.87
1996-02-18,1.355,56.33,11.1,19.28,25.95
1996-02-19,12.19,106.44,17.71,38.3,50.42
1996-02-20,9.986,75.15,15.17,25.9,34.08
1996-02-21,12.977,102.55,19.43,35.9,47.23
1996-02-22,4.15,37.6,14.04,10.18,13.39
1996-02-23,1.926,21.21,14.84,2.75,3.62
1996-02-24,1.868,24.47,16.68,3.36,4.43
1996-02-25,1.454,21.42,16.6,2.08,2.74
1996-02-26,1.098,18.37,16.22,0.93,1.22
1996-02-27,1.601,34.4,16.32,7.81,10.27
1996-02-28,0.932,18.82,15.88,1.27,1.67
1996-02-29,0.779,18.1,15.98,0.92,1.21
1996-03-01,0.641,18.01,15.99,0.87,1.15
1996-03-02,0.518,17.92,15.98,0.81,1.14
1996-03-03,0.486,17.73,15.87,0.72,1.14
1996-03-04,4.578,67.95,14.35,23.14,30.46
1996-03-05,3.189,55.25,13.91,17.85,23.49
1996-03-06,0.898,25.59,13.96,5.02,6.61
1996-03-07,0.629,19.88,15.65,1.83,2.4
1996-03-08,0.475,18.44,16.07,0.96,1.41
1996-03-09,0.375,18.01,16.12,0.69,1.19
1996-03-10,0.364,17.9,16.05,0.7,1.15
1996-03-11,3.543,75.21,12.67,27.0,35.54
1996-03-12,15.513,139.86,21.66,50.85,67.35
1996-03-13,2.13,36.64,13.85,9.84,12.95
1996-03-14,1.297,22.29,15.46,2.95,3.88
1996-03-15,1.0,19.1,16.06,1.31,1.72
1996-03-16,0.797,18.36,16.15,0.96,1.26
1996-03-17,0.617,18.12,16.11,0.84,1.16
1996-03-18,0.499,17.96,16.06,0.76,1.14
1996-03-19,0.397,17.76,15.93,0.69,1.14
1996-03-20,0.309,17.54,15.73,0.67,1.14
1996-03-21,0.243,17.38,15.59,0.66,1.14
1996-03-22,0.201,17.35,15.56,0.66,1.14
1996-03-23,0.165,17.27,15.48,0.65,1.13
1996-03-24,0.13,17.04,15.32,0.6,1.13
1996-03-25,0.099,16.78,15.11,0.56,1.1
1996-03-26,0.076,16.58,14.98,0.52,1.08
1996-03-27,0.059,16.15,14.67,0.44,1.04
1996-03-28,0.066,18.23,15.8,0.88,1.55
1996-03-29,0.047,16.69,15.2,0.45,1.05
1996-03-30,0.032,15.72,14.59,0.14,0.99
1996-03-31,0.019,15.49,14.52,0.01,0.95
1996-04-01,3.842,104.02,15.43,38.21,50.37
1996-04-02,0.99,72.84,10.53,26.87,35.44
1996-04-03,0.238,44.13,10.79,13.06,20.28
1996-04-04,0.116,22.39,14.34,0.53,7.52
1996-04-05,0.076,18.67,15.87,0.58,2.22
1996-04-06,0.056,18.18,16.45,0.55,1.17
1996-04-07,0.041,18.38,16.82,0.49,1.07
1996-04-08,0.028,18.63,17.29,0.28,1.05
1996-04-09,0.016,19.44,18.35,0.03,1.06
1996-04-10,0.007,20.21,19.21,0.0,0.98
1996-04-11,0.002,20.17,19.3,0.0,0.91
1996-04-12,0.0,15.43,18.31,0.0,0.11
1996-04-13,0.0,0.0,0.0,0.0,0.0
1996-04-14,0.0,0.0,0.0,0.0,0.0
1996-04-15,0.0,0.0,0.0,0.0,0.0
1996-04-16,0.0,0.0,0.0,0.0,0.0
1996-04-17,0.691,92.12,14.76,33.33,44.03
1996-04-18,2.88,78.97,13.86,28.05,37.06
1996-04-19,0.307,48.34,7.96,17.31,23.07
1996-04-20,0.092,24.95,11.41,0.88,12.66
1996-04-21,0.047,19.37,15.23,0.41,3.73
1996-04-22,0.034,18.98,17.25,0.44,1.29
1996-04-23,0.018,19.55,18.42,0.04,1.08
1996-04-24,0.008,19.5,18.53,0.0,0.96
1996-04-25,0.006,21.18,20.13,0.01,1.03
1996-04-26,0.0,19.68,18.99,0.0,0.7
1996-04-27,0.0,20.58,20.25,0.0,0.91
1996-04-28,0.0,0.0,0.0,0.0,0.0
1996-04-29,0.0,0.0,0.0,0.0,0.0
1996-04-30,0.0,0.0,0.0,0.0,0.0
1996-05-01,0.0,0.0,0.0,0.0,0.0
1996-05-02,0.0,0.0,0.0,0.0,0.0
1996-05-03,0.0,0.0,0.0,0.0,0.0
1996-05-04,0.0,0.0,0.0,0.0,0.0
1996-05-05,0.0,0.0,0.0,0.0,0.0
1996-05-06,0.0,0.0,0.0,0.0,0.0
1996-05-07,0.0,0.0,0.0,0.0,0.0
1996-05-08,0.0,0.0,0.0,0.0,0.0
1996-05-09,0.0,0.0,0.0,0.0,0.0
1996-05-10,0.0,0.0,0.0,0.0,0.0
1996-05-11,0.0,0.0,0.0,0.0,0.0
1996-05-12,0.0,0.0,0.0,0.0,0.0
1996-05-13,0.0,0.0,0.0,0.0,0.0
1996-05-14,0.0,0.0,0.0,0.0,0.0
1996-05-15,6.716,145.52,18.84,54.68,72.0
1996-05-16,8.495,137.36,20.01,50.66,66.68
1996-05-17,0.489,67.33,7.89,25.67,33.78
1996-05-18,0.141,38.7,10.89,8.43,19.38
1996-05-19,0.071,21.77,14.7,0.47,6.59
1996-05-20,0.041,18.95,16.69,0.45,1.81
1996-05-21,0.023,18.68,17.53,0.06,1.1
1996-05-22,0.025,19.66,18.25,0.3,1.1
1996-05-23,0.012,19.67,18.62,0.01,1.03
1996-05-24,0.002,18.39,17.59,0.0,0.83
1996-05-25,0.002,18.76,17.88,0.0,0.88
1996-05-26,0.001,19.04,18.11,0.0,0.9
1996-05-27,0.001,18.81,17.92,0.0,0.89
1996-05-28,0.001,19.04,18.14,0.0,0.9
1996-05-29,0.0,18.96,17.94,0.0,0.89
1996-05-30,0.0,18.67,17.94,0.0,0.88
1996-05-31,0.0,18.52,17.56,0.0,0.86
1996-06-01,0.0,18.52,18.51,0.0,0.93
1996-06-02,0.0,0.0,0.0,0.0,0.0
1996-06-03,0.0,0.0,0.0,0.0,0.0
1996-06-04,0.0,0.0,0.0,0.0,0.0
1996-06-05,0.0,0.0,0.0,0.0,0.0
1996-06-06,0.0,0.0,0.0,0.0,0.0
1996-06-07,0.0,0.0,0.0,0.0,0.0
1996-06-08,0.0,0.0,0.0,0.0,0.0
1996-06-09,0.0,0.0,0.0,0.0,0.0
1996-06-10,0.0,0.0,0.0,0.0,0.0
1996-06-11,0.0,0.0,0.0,0.0,0.0
1996-06-12,0.0,0.0,0.0,0.0,0.0
1996-06-13,0.0,0.0,0.0,0.0,0.0
1996-06-14,0.0,0.0,0.0,0.0,0.0
1996-06-15,0.0,0.0,0.0,0.0,0.0
1996-06-16,0.0,0.0,0.0,0.0,0.0
1996-06-17,0.0,0.0,0.0,0.0,0.0
1996-06-18,0.0,0.0,0.0,0.0,0.0
1996-06-19,0.0,0.0,0.0,0.0,0.0
1996-06-20,0.0,0.0,0.0,0.0,0.0
1996-06-21,0.0,0.0,0.0,0.0,0.0
1996-06-22,0.0,0.0,0.0,0.0,0.0
1996-06-23,0.0,0.0,0.0,0.0,0.0
1996-06-24,0.0,0.0,0.0,0.0,0.0
1996-06-25,0.0,0.0,0.0,0.0,0.0
1996-06-26,0.0,0.0,0.0,0.0,0.0
1996-06-27,0.0,0.0,0.0,0.0,0.0
1996-06-28,0.0,0.0,0.0,0.0,0.0
1996-06-29,0.0,0.0,0.0,0.0,0.0
1996-06-30,0.0,0.0,0.0,0.0,0.0
1996-07-01,0.0,0.0,0.0,0.0,0.0
1996-07-02,0.0,0.0,0.0,0.0,0.0
1996-07-03,0.0,0.0,0.0,0.0,0.0
1996-07-04,0.0,0.0,0.0,0.0,0.0
1996-07-05,0.0,0.0,0.0,0.0,0.0
1996-07-06,0.0,0.0,0.0,0.0,0.0
1996-07-07,0.0,0.0,0.0,0.0,0.0
1996-07-08,0.0,0.0,0.0,0.0,0.0
1996-07-09,0.0,0.0,0.0,0.0,0.0
1996-07-10,0.0,0.0,0.0,0.0,0.0
1996-07-11,0.0,0.0,0.0,0.0,0.0
1996-07-12,0.0,0.0,0.0,0.0,0.0
1996-07-13,0.0,0.0,0.0,0.0,0.0
1996-07-14,0.0,0.0,0.0,0.0,0.0
1996-07-15,0.0,0.0,0.0,0.0,0.0
1996-07-16,0.0,0.0,0.0,0.0,0.0
1996-07-17,0.0,0.0,0.0,0.0,0.0
1996-07-18,0.0,0.0,0.0,0.0,0.0
1996-07-19,0.0,0.0,0.0,0.0,0.0
1996-07-20,0.0,0.0,0.0,0.0,0.0
1996-07-21,0.0,0.0,0.0,0.0,0.0
1996-07-22,0.0,0.0,0.0,0.0,0.0
1996-07-23,0.0,0.0,0.0,0.0,0.0
1996-07-24,0.0,0.0,0.0,0.0,0.0
1996-07-25,0.0,0.0,0.0,0.0,0.0
1996-07-26,0.0,0.0,0.0,0.0,0.0
1996-07-27,0.0,0.0,0.0,0.0,0.0
1996-07-28,0.0,0.0,0.0,0.0,0.0
1996-07-29,0.0,0.0,0.0,0.0,0.0
1996-07-30,0.0,0.0,0.0,0.0,0.0
1996-07-31,0.0,0.0,0.0,0.0,0.0
1996-08-01,0.0,0.0,0.0,0.0,0.0
1996-08-02,0.0,0.0,0.0,0.0,0.0
1996-08-03,0.0,0.0,0.0,0.0,0.0
1996-08-04,0.0,0.0,0.0,0.0,0.0
1996-08-05,0.0,0.0,0.0,0.0,0.0
1996-08-06,0.0,0.0,0.0,0.0,0.0
1996-08-07,0.0,0.0,0.0,0.0,0.0
1996-08-08,0.0,0.0,0.0,0.0,0.0
1996-08-09,0.0,0.0,0.0,0.0,0.0
1996-08-10,0.0,0.0,0.0,0.0,0.0
1996-08-11,0.0,0.0,0.0,0.0,0.0
1996-08-12,0.0,0.0,0.0,0.0,0.0
1996-08-13,0.0,0.0,0.0,0.0,0.0
1996-08-14,0.0,0.0,0.0,0.0,0.0
1996-08-15,0.0,0.0,0.0,0.0,0.0
1996-08-16,0.0,0.0,0.0,0.0,0.0
1996-08-17,0.0,0.0,0.0,0.0,0.0
1996-08-18,0.0,0.0,0.0,0.0,0.0
1996-08-19,0.0,0.0,0.0,0.0,0.0
1996-08-20,0.0,0.0,0.0,0.0,0.0
1996-08-21,0.0,0.0,0.0,0.0,0.0
1996-08-22,0.0,0.0,0.0,0.0,0.0
1996-08-23,0.0,0.0,0.0,0.0,0.0
1996-08-24,0.0,0.0,0.0,0.0,0.0
1996-08-25,0.0,0.0,0.0,0.0,0.0
1996-08-26,0.0,0.0,0.0,0.0,0.0
1996-08-27,0.0,0.0,0.0,0.0,0.0
1996-08-28,0.0,0.0,0.0,0.0,0.0
1996-08-29,0.0,0.0,0.0,0.0,0.0
1996-08-30,0.0,0.0,0.0,0.0,0.0
1996-08-31,0.0,0.0,0.0,0.0,0.0
1996-09-01,0.0,0.0,0.0,0.0,0.0
1996-09-02,0.0,0.0,0.0,0.0,0.0
1996-09-03,0.0,0.0,0.0,0.0,0.0
1996-09-04,0.0,0.0,0.0,0.0,0.0
1996-09-05,0.0,0.0,0.0,0.0,0.0
1996-09-06,0.0,0.0,0.0,0.0,0.0
1996-09-07,0.0,0.0,0.0,0.0,0.0
1996-09-08,0.0,0.0,0.0,0.0,0.0
1996-09-09,0.0,0.0,0.0,0.0,0.0
1996-09-10,0.0,0.0,0.0,0.0,0.0
1996-09-11,0.0,0.0,0.0,0.0,0.0
1996-09-12,0.0,0.0,0.0,0.0,0.0
1996-09-13,0.0,0.0,0.0,0.0,0.0
1996-09-14,0.0,0.0,0.0,0.0,0.0
1996-09-15,0.0,0.0,0.0,0.0,0.0
1996-09-16,0.0,0.0,0.0,0.0,0.0
1996-09-17,0.0,0.0,0.0,0.0,0.0
1996-09-18,0.0,0.0,0.0,0.0,0.0
1996-09-19,0.0,0.0,0.0,0.0,0.0
1996-09-20,0.0,0.0,0.0,0.0,0.0
1996-09-21,0.0,0.0,0.0,0.0,0.0
1996-09-22,0.0,0.0,0.0,0.0,0.0
1996-09-23,0.0,0.0,0.0,0.0,0.0
1996-09-24,0.0,0.0,0.0,0.0,0.0
1996-09-25,0.0,0.0,0.0,0.0,0.0
1996-09-26,0.0,0.0,0.0,0.0,0.0
1996-09-27,0.0,0.0,0.0,0.0,0.0
1996-09-28,0.0,0.0,0.0,0.0,0.0
1996-09-29,0.0,0.0,0.0,0.0,0.0
1996-09-30,0.0,0.0,0.0,0.0,0.0
1996-10-01,0.0,0.0,0.0,0.0,0.0
1996-10-02,0.0,0.0,0.0,0.0,0.0
1996-10-03,0.0,0.0,0.0,0.0,0.0
1996-10-04,0.0,0.0,0.0,0.0,0.0
1996-10-05,0.0,0.0,0.0,0.0,0.0
1996-10-06,0.0,0.0,0.0,0.0,0.0
1996-10-07,0.0,0.0,0.0,0.0,0.0
1996-10-08,0.0,0.0,0.0,0.0,0.0
1996-10-09,0.0,0.0,0.0,0.0,0.0
1996-10-10,0.0,0.0,0.0,0.0,0.0
1996-10-11,0.0,0.0,0.0,0.0,0.0
1996-10-12,0.0,0.0,0.0,0.0,0.0
1996-10-13,0.0,0.0,0.0,0.0,0.0
1996-10-14,0.0,0.0,0.0,0.0,0.0
1996-10-15,0.0,0.0,0.0,0.0,0.0
1996-10-16,0.0,0.0,0.0,0.0,0.0
1996-10-17,0.0,0.0,0.0,0.0,0.0
1996-10-18,0.0,0.0,0.0,0.0,0.0
1996-10-19,0.0,0.0,0.0,0.0,0.0
1996-10-20,0.0,0.0,0.0,0.0,0.0
1996-10-21,0.0,0.0,0.0,0.0,0.0
1996-10-22,0.0,0.0,0.0,0.0,0.0
1996-10-23,0.0,0.0,0.0,0.0,0.0
1996-10-24,0.0,0.0,0.0,0.0,0.0
1996-10-25,0.0,0.0,0.0,0.0,0.0
1996-10-26,0.0,0.0,0.0,0.0,0.0
1996-10-27,0.0,0.0,0.0,0.0,0.0
1996-10-28,0.0,0.0,0.0,0.0,0.0
1996-10-29,4.689,88.48,13.59,32.29,42.6
1996-10-30,5.596,72.96,12.8,25.97,34.19
1996-10-31,0.793,62.86,8.83,23.31,30.72
1996-11-01,0.123,47.43,5.45,15.45,26.54
1996-11-02,0.028,25.62,7.43,0.0,18.19
1996-11-03,0.009,16.74,12.01,0.0,4.72
1996-11-04,0.005,17.29,16.12,0.0,1.17
1996-11-05,0.004,18.58,17.67,0.0,0.91
1996-11-06,0.003,18.96,18.05,0.0,0.91
1996-11-07,0.003,19.02,18.1,0.0,0.91
1996-11-08,0.002,19.1,18.2,0.0,0.9
1996-11-09,0.002,18.95,18.07,0.0,0.9
1996-11-10,0.001,19.19,18.23,0.0,0.91
1996-11-11,0.001,18.96,18.11,0.0,0.9
1996-11-12,0.001,19.09,18.2,0.0,0.91
1996-11-13,0.001,18.98,18.05,0.0,0.89
1996-11-14,0.001,19.0,18.19,0.0,0.9
1996-11-15,0.001,18.93,17.98,0.0,0.9
1996-11-16,4.351,175.13,18.88,67.33,88.91
1996-11-17,23.148,278.22,28.19,104.28,145.76
1996-11-18,1.385,71.2,10.69,26.0,34.51
1996-11-19,1.158,63.39,10.32,22.91,30.16
1996-11-20,0.477,59.76,8.14,22.27,29.35
1996-11-21,0.932,55.89,12.14,18.38,25.37
1996-11-22,2.718,63.6,13.26,21.67,28.67
1996-11-23,0.462,38.81,9.92,12.42,16.46
1996-11-24,0.09,24.9,9.64,3.1,12.16
1996-11-25,0.031,17.98,13.06,0.01,4.91
1996-11-26,0.017,17.47,16.08,0.01,1.38
1996-11-27,0.009,18.12,17.18,0.0,0.93
1996-11-28,1.292,83.4,11.14,31.2,41.06
1996-11-29,0.446,81.13,7.47,31.75,41.91
1996-11-30,0.079,55.15,5.99,12.94,36.22
1996-12-01,0.018,29.22,8.11,0.0,21.11
1996-12-02,0.008,17.34,13.81,0.0,3.52
1996-12-03,0.006,18.18,17.11,0.0,1.07
1996-12-04,0.701,58.18,6.39,22.36,29.43
1996-12-05,9.296,133.17,17.84,49.81,65.53
1996-12-06,1.624,66.99,11.35,24.03,31.61
1996-12-07,0.219,49.34,6.88,17.72,24.74
1996-12-08,0.052,25.53,8.85,0.01,16.67
1996-12-09,2.811,100.35,13.05,37.68,49.62
1996-12-10,12.082,138.48,18.31,51.89,68.28
1996-12-11,1.672,66.1,11.44,23.6,31.06
1996-12-12,1.618,48.77,11.66,16.03,21.09
1996-12-13,1.179,55.59,12.61,18.56,24.42
1996-12-14,0.155,28.87,8.5,7.55,12.82
1996-12-15,0.051,18.66,12.31,0.06,6.28
1996-12-16,0.033,18.03,16.15,0.21,1.67
1996-12-17,0.011,17.67,16.69,0.0,0.97
1996-12-18,0.011,18.09,17.13,0.01,0.95
1996-12-19,0.02,18.7,17.63,0.02,1.06
1996-12-20,0.015,18.97,17.91,0.01,1.05
1996-12-21,30.706,296.4,26.87,112.84,156.68
1996-12-22,6.311,115.41,14.84,43.41,57.16
1996-12-23,0.863,69.54,10.2,25.62,33.71
1996-12-24,0.318,34.96,12.96,8.67,13.33
1996-12-25,0.213,20.24,15.44,0.65,4.15
1996-12-26,0.935,58.83,12.09,20.1,26.64
1996-12-27,1.251,72.0,11.4,26.15,34.46
1996-12-28,0.311,38.18,10.67,11.58,15.92
1996-12-29,1.324,64.65,11.54,22.67,30.44
1996-12-30,1.322,48.28,11.22,15.96,21.09
1996-12-31,0.87,32.8,11.36,9.25,12.19
1997-01-01,19.662,202.73,22.36,75.97,104.41
1997-01-02,18.324,138.91,20.07,51.31,67.53
1997-01-03,3.979,80.38,15.24,28.13,37.01
1997-01-04,1.432,26.49,11.83,6.33,8.33
1997-01-05,2.915,92.08,14.8,33.37,43.9
1997-01-06,0.923,31.18,14.06,7.39,9.73
1997-01-07,0.699,20.68,15.44,2.26,2.98
1997-01-08,0.592,18.38,15.75,1.14,1.49
1997-01-09,0.522,17.87,15.8,0.87,1.2
1997-01-10,0.782,40.07,16.97,9.93,13.17
1997-01-11,0.455,18.35,15.97,0.93,1.44
1997-01-12,1.144,43.5,17.34,11.26,14.9
1997-01-13,0.568,28.55,17.97,4.51,6.08
1997-01-14,0.32,18.21,16.35,0.72,1.15
1997-01-15,3.284,120.65,14.37,45.89,60.39
1997-01-16,0.639,40.84,12.57,12.2,16.06
1997-01-17,0.392,23.11,15.04,3.08,5.0
1997-01-18,0.291,18.55,15.88,0.68,1.99
1997-01-19,0.263,18.12,16.13,0.7,1.3
1997-01-20,4.98,105.28,14.34,39.27,51.67
1997-01-21,3.599,49.83,12.44,16.15,21.25
1997-01-22,16.255,125.03,19.18,45.71,60.15
1997-01-23,5.048,94.09,16.86,33.35,43.88
1997-01-24,7.216,158.85,20.39,59.46,78.99
1997-01-25,12.983,232.16,21.11,89.7,121.35
1997-01-26,9.331,100.94,18.87,35.43,46.63
1997-01-27,2.566,27.06,14.75,5.32,6.99
1997-01-28,1.964,19.58,15.43,1.79,2.36
1997-01-29,1.601,17.97,15.53,1.05,1.38
1997-01-30,1.329,17.58,15.49,0.9,1.19
1997-01-31,1.124,17.42,15.4,0.87,1.15
1997-02-01,0.94,17.3,15.3,0.86,1.14
1997-02-02,0.778,17.21,15.21,0.86,1.14
1997-02-03,0.656,17.13,15.13,0.86,1.14
1997-02-04,0.54,17.02,15.02,0.86,1.13
1997-02-05,0.449,16.93,14.95,0.85,1.14
1997-02-06,0.38,16.79,14.88,0.77,1.14
1997-02-07,0.333,16.56,14.78,0.64,1.14
1997-02-08,0.257,16.31,14.57,0.6,1.13
1997-02-09,0.216,16.32,14.58,0.61,1.14
1997-02-10,0.18,16.19,14.46,0.6,1.14
1997-02-11,0.15,16.02,14.31,0.58,1.14
1997-02-12,0.119,15.88,14.21,0.53,1.14
1997-02-13,0.076,15.07,13.55,0.42,1.1
1997-02-14,0.066,15.27,13.8,0.41,1.06
1997-02-15,0.053,15.1,13.71,0.37,1.03
1997-02-16,0.034,14.07,13.04,0.05,0.98
1997-02-17,0.297,42.23,18.24,10.34,13.65
1997-02-18,0.047,21.27,17.17,1.61,2.49
1997-02-19,0.021,15.48,14.53,0.01,0.94
1997-02-20,0.026,16.23,15.16,0.05,1.01
1997-02-21,0.018,15.52,14.58,0.01,0.94
1997-02-22,0.013,15.62,14.72,0.0,0.91
1997-02-23,0.003,12.08,11.45,0.0,0.63
1997-02-24,0.0,5.02,4.91,0.0,0.12
1997-02-25,0.0,4.63,4.83,0.0,0.03
1997-02-26,0.0,0.0,4.51,0.0,0.01
1997-02-27,0.0,0.0,0.0,0.0,0.0
1997-02-28,0.0,0.0,0.0,0.0,0.0
1997-03-01,0.0,0.0,0.0,0.0,0.0
1997-03-02,0.0,0.0,0.0,0.0,0.0
1997-03-03,0.0,0.0,0.0,0.0,0.0
1997-03-04,0.0,0.0,0.0,0.0,0.0
1997-03-05,0.0,0.0,0.0,0.0,0.0
1997-03-06,0.0,0.0,0.0,0.0,0.0
1997-03-07,0.0,0.0,0.0,0.0,0.0
1997-03-08,0.0,0.0,0.0,0.0,0.0
1997-03-09,0.0,0.0,0.0,0.0,0.0
1997-03-10,0.0,0.0,0.0,0.0,0.0
1997-03-11,0.0,0.0,0.0,0.0,0.0
1997-03-12,0.0,0.0,0.0,0.0,0.0
1997-03-13,0.0,0.0,0.0,0.0,0.0
1997-03-14,0.0,0.0,0.0,0.0,0.0
1997-03-15,0.0,0.0,0.0,0.0,0.0
1997-03-16,0.0,0.0,0.0,0.0,0.0
1997-03-17,0.0,0.0,0.0,0.0,0.0
1997-03-18,0.0,0.0,0.0,0.0,0.0
1997-03-19,0.0,0.0,0.0,0.0,0.0
1997-03-20,0.0,0.0,0.0,0.0,0.0
1997-03-21,0.0,0.0,0.0,0.0,0.0
1997-03-22,0.0,0.0,0.0,0.0,0.0
1997-03-23,0.0,0.0,0.0,0.0,0.0
1997-03-24,0.0,0.0,0.0,0.0,0.0
1997-03-25,0.0,0.0,0.0,0.0,0.0
1997-03-26,0.0,0.0,0.0,0.0,0.0
1997-03-27,0.0,0.0,0.0,0.0,0.0
1997-03-28,0.0,0.0,0.0,0.0,0.0
1997-03-29,0.0,0.0,0.0,0.0,0.0
1997-03-30,0.0,0.0,0.0,0.0,0.0
1997-03-31,0.0,0.0,0.0,0.0,0.0
1997-04-01,0.0,0.0,0.0,0.0,0.0
1997-04-02,0.0,0.0,0.0,0.0,0.0
1997-04-03,0.0,0.0,0.0,0.0,0.0
1997-04-04,0.0,0.0,0.0,0.0,0.0
1997-04-05,0.0,0.0,0.0,0.0,0.0
1997-04-06,0.0,0.0,0.0,0.0,0.0
1997-04-07,0.0,0.0,0.0,0.0,0.0
1997-04-08,0.0,0.0,0.0,0.0,0.0
1997-04-09,0.0,0.0,0.0,0.0,0.0
1997-04-10,0.0,0.0,0.0,0.0,0.0
1997-04-11,0.0,0.0,0.0,0.0,0.0
1997-04-12,0.0,0.0,0.0,0.0,0.0
1997-04-13,0.0,0.0,0.0,0.0,0.0
1997-04-14,0.0,0.0,0.0,0.0,0.0
1997-04-15,0.0,0.0,0.0,0.0,0.0
1997-04-16,0.0,0.0,0.0,0.0,0.0
1997-04-17,0.0,0.0,0.0,0.0,0.0
1997-04-18,0.0,0.0,0.0,0.0,0.0
1997-04-19,0.387,70.41,19.41,22.0,29.0
1997-04-20,0.006,30.48,22.75,0.07,7.66
1997-04-21,0.0,20.52,19.82,0.0,0.88
1997-04-22,0.0,20.25,19.22,0.0,0.89
1997-04-23,0.0,23.15,21.02,0.0,0.99
1997-04-24,0.0,0.0,0.0,0.0,0.0
1997-04-25,0.0,0.0,0.0,0.0,0.0
1997-04-26,0.0,0.0,0.0,0.0,0.0
1997-04-27,0.0,0.0,0.0,0.0,0.0
1997-04-28,0.0,0.0,0.0,0.0,0.0
1997-04-29,0.0,0.0,0.0,0.0,0.0
1997-04-30,0.0,0.0,0.0,0.0,0.0
1997-05-01,0.0,0.0,0.0,0.0,0.0
1997-05-02,0.0,0.0,0.0,0.0,0.0
1997-05-03,0.0,0.0,0.0,0.0,0.0
1997-05-04,0.0,0.0,0.0,0.0,0.0
1997-05-05,0.0,0.0,0.0,0.0,0.0
1997-05-06,0.0,0.0,0.0,0.0,0.0
1997-05-07,0.0,0.0,0.0,0.0,0.0
1997-05-08,0.0,0.0,0.0,0.0,0.0
1997-05-09,0.0,0.0,0.0,0.0,0.0
1997-05-10,0.0,0.0,0.0,0.0,0.0
1997-05-11,0.0,0.0,0.0,0.0,0.0
1997-05-12,0.0,0.0,0.0,0.0,0.0
1997-05-13,0.0,0.0,0.0,0.0,0.0
1997-05-14,0.0,0.0,0.0,0.0,0.0
1997-05-15,0.0,0.0,0.0,0.0,0.0
1997-05-16,0.0,0.0,0.0,0.0,0.0
1997-05-17,0.0,0.0,0.0,0.0,0.0
1997-05-18,0.0,0.0,0.0,0.0,0.0
1997-05-19,0.0,0.0,0.0,0.0,0.0
1997-05-20,0.0,0.0,0.0,0.0,0.0
1997-05-21,0.0,0.0,0.0,0.0,0.0
1997-05-22,0.0,0.0,0.0,0.0,0.0
1997-05-23,1.708,161.77,14.6,63.55,83.62
1997-05-24,0.277,99.42,7.98,39.0,52.45
1997-05-25,0.043,50.86,4.82,0.64,45.4
1997-05-26,0.008,30.02,5.03,0.0,25.0
1997-05-27,0.002,13.48,7.05,0.0,6.41
1997-05-28,0.0,12.31,10.75,0.0,1.52
1997-05-29,0.0,15.19,14.77,0.0,0.79
1997-05-30,0.0,16.2,16.49,0.0,0.76
1997-05-31,0.0,17.36,17.82,0.0,0.85
1997-06-01,0.0,0.0,0.0,0.0,0.0
1997-06-02,0.0,0.0,0.0,0.0,0.0
1997-06-03,0.0,0.0,0.0,0.0,0.0
1997-06-04,0.0,0.0,0.0,0.0,0.0
1997-06-05,0.0,0.0,0.0,0.0,0.0
1997-06-06,0.0,0.0,0.0,0.0,0.0
1997-06-07,0.0,0.0,0.0,0.0,0.0
1997-06-08,0.0,0.0,0.0,0.0,0.0
1997-06-09,0.0,0.0,0.0,0.0,0.0
1997-06-10,0.0,0.0,0.0,0.0,0.0
1997-06-11,0.0,0.0,0.0,0.0,0.0
1997-06-12,0.0,0.0,0.0,0.0,0.0
1997-06-13,0.0,0.0,0.0,0.0,0.0
1997-06-14,0.0,0.0,0.0,0.0,0.0
1997-06-15,0.0,0.0,0.0,0.0,0.0
1997-06-16,0.0,0.0,0.0,0.0,0.0
1997-06-17,0.0,0.0,0.0,0.0,0.0
1997-06-18,0.0,0.0,0.0,0.0,0.0
1997-06-19,0.0,0.0,0.0,0.0,0.0
1997-06-20,0.0,0.0,0.0,0.0,0.0
1997-06-21,0.0,0.0,0.0,0.0,0.0
1997-06-22,0.0,0.0,0.0,0.0,0.0
1997-06-23,0.0,0.0,0.0,0.0,0.0
1997-06-24,0.0,0.0,0.0,0.0,0.0
1997-06-25,0.0,0.0,0.0,0.0,0.0
1997-06-26,0.0,0.0,0.0,0.0,0.0
1997-06-27,0.0,0.0,0.0,0.0,0.0
1997-06-28,0.0,0.0,0.0,0.0,0.0
1997-06-29,0.0,0.0,0.0,0.0,0.0
1997-06-30,0.0,0.0,0.0,0.0,0.0
1997-07-01,0.0,0.0,0.0,0.0,0.0
1997-07-02,0.0,0.0,0.0,0.0,0.0
1997-07-03,0.0,0.0,0.0,0.0,0.0
1997-07-04,0.0,0.0,0.0,0.0,0.0
1997-07-05,0.0,0.0,0.0,0.0,0.0
1997-07-06,0.0,0.0,0.0,0.0,0.0
1997-07-07,0.0,0.0,0.0,0.0,0.0
1997-07-08,0.0,0.0,0.0,0.0,0.0
1997-07-09,0.0,0.0,0.0,0.0,0.0
1997-07-10,0.0,0.0,0.0,0.0,0.0
1997-07-11,0.0,0.0,0.0,0.0,0.0
1997-07-12,0.0,0.0,0.0,0.0,0.0
1997-07-13,0.0,0.0,0.0,0.0,0.0
1997-07-14,0.0,0.0,0.0,0.0,0.0
1997-07-15,0.0,0.0,0.0,0.0,0.0
1997-07-16,0.0,0.0,0.0,0.0,0.0
1997-07-17,0.0,0.0,0.0,0.0,0.0
1997-07-18,0.0,0.0,0.0,0.0,0.0
1997-07-19,0.0,0.0,0.0,0.0,0.0
1997-07-20,0.0,0.0,0.0,0.0,0.0
1997-07-21,0.0,0.0,0.0,0.0,0.0
1997-07-22,0.0,0.0,0.0,0.0,0.0
1997-07-23,0.0,0.0,0.0,0.0,0.0
1997-07-24,0.0,0.0,0.0,0.0,0.0
1997-07-25,0.0,0.0,0.0,0.0,0.0
1997-07-26,0.0,0.0,0.0,0.0,0.0
1997-07-27,0.0,0.0,0.0,0.0,0.0
1997-07-28,0.0,0.0,0.0,0.0,0.0
1997-07-29,0.0,0.0,0.0,0.0,0.0
1997-07-30,0.0,0.0,0.0,0.0,0.0
1997-07-31,0.0,0.0,0.0,0.0,0.0
1997-08-01,0.0,0.0,0.0,0.0,0.0
1997-08-02,0.0,0.0,0.0,0.0,0.0
1997-08-03,0.0,0.0,0.0,0.0,0.0
1997-08-04,0.0,0.0,0.0,0.0,0.0
1997-08-05,0.0,0.0,0.0,0.0,0.0
1997-08-06,0.0,0.0,0.0,0.0,0.0
1997-08-07,0.0,0.0,0.0,0.0,0.0
1997-08-08,0.0,0.0,0.0,0.0,0.0
1997-08-09,0.0,0.0,0.0,0.0,0.0
1997-08-10,0.0,0.0,0.0,0.0,0.0
1997-08-11,0.0,0.0,0.0,0.0,0.0
1997-08-12,0.0,0.0,0.0,0.0,0.0
1997-08-13,0.0,0.0,0.0,0.0,0.0
1997-08-14,0.0,0.0,0.0,0.0,0.0
1997-08-15,0.0,0.0,0.0,0.0,0.0
1997-08-16,0.0,0.0,0.0,0.0,0.0
1997-08-17,0.0,0.0,0.0,0.0,0.0
1997-08-18,0.0,0.0,0.0,0.0,0.0
1997-08-19,0.02,63.79,18.12,19.72,25.94
1997-08-20,1.748,103.23,12.66,39.08,51.49
1997-08-21,0.159,75.49,5.78,27.56,42.15
1997-08-22,0.028,41.44,4.64,0.0,36.81
1997-08-23,0.005,21.34,5.03,0.0,16.32
1997-08-24,0.001,11.09,7.1,0.0,3.99
1997-08-25,0.0,11.57,10.67,0.0,1.06
1997-08-26,0.0,16.03,14.98,0.0,0.75
1997-08-27,0.0,19.29,18.27,0.0,0.86
1997-08-28,0.0,23.15,23.17,0.0,1.02
1997-08-29,0.0,0.0,0.0,0.0,0.0
1997-08-30,0.0,0.0,0.0,0.0,0.0
1997-08-31,0.0,0.0,0.0,0.0,0.0
1997-09-01,0.0,0.0,0.0,0.0,0.0
1997-09-02,0.0,0.0,0.0,0.0,0.0
1997-09-03,0.0,0.0,0.0,0.0,0.0
1997-09-04,0.0,0.0,0.0,0.0,0.0
1997-09-05,0.0,0.0,0.0,0.0,0.0
1997-09-06,0.0,0.0,0.0,0.0,0.0
1997-09-07,0.0,0.0,0.0,0.0,0.0
1997-09-08,0.0,0.0,0.0,0.0,0.0
1997-09-09,0.0,0.0,0.0,0.0,0.0
1997-09-10,0.0,0.0,0.0,0.0,0.0
1997-09-11,0.0,0.0,0.0,0.0,0.0
1997-09-12,0.0,0.0,0.0,0.0,0.0
1997-09-13,0.0,0.0,0.0,0.0,0.0
1997-09-14,0.0,0.0,0.0,0.0,0.0
1997-09-15,0.0,0.0,0.0,0.0,0.0
1997-09-16,0.0,0.0,0.0,0.0,0.0
1997-09-17,0.0,0.0,0.0,0.0,0.0
1997-09-18,0.0,0.0,0.0,0.0,0.0
1997-09-19,0.0,0.0,0.0,0.0,0.0
1997-09-20,0.0,0.0,0.0,0.0,0.0
1997-09-21,0.0,0.0,0.0,0.0,0.0
1997-09-22,0.0,0.0,0.0,0.0,0.0
1997-09-23,0.0,0.0,0.0,0.0,0.0
1997-09-24,0.0,0.0,0.0,0.0,0.0
1997-09-25,0.0,0.0,0.0,0.0,0.0
1997-09-26,0.0,0.0,0.0,0.0,0.0
1997-09-27,0.0,0.0,0.0,0.0,0.0
1997-09-28,0.0,0.0,0.0,0.0,0.0
1997-09-29,0.0,0.0,0.0,0.0,0.0
1997-09-30,0.0,0.0,0.0,0.0,0.0
1997-10-01,0.0,0.0,0.0,0.0,0.0
1997-10-02,0.0,0.0,0.0,0.0,0.0
1997-10-03,0.0,0.0,0.0,0.0,0.0
1997-10-04,0.0,0.0,0.0,0.0,0.0
1997-10-05,0.0,0.0,0.0,0.0,0.0
1997-10-06,0.0,0.0,0.0,0.0,0.0
1997-10-07,0.0,0.0,0.0,0.0,0.0
1997-10-08,0.0,0.0,0.0,0.0,0.0
1997-10-09,4.772,142.6,16.7,54.36,71.53
1997-10-10,0.359,105.76,6.23,42.89,56.64
1997-10-11,0.063,70.05,4.97,13.67,51.41
1997-10-12,0.013,37.5,6.06,0.0,31.44
1997-10-13,0.003,17.11,9.77,0.0,7.36
1997-10-14,0.002,16.14,14.68,0.0,1.44
1997-10-15,0.001,18.11,17.27,0.0,0.89
1997-10-16,0.001,18.83,18.0,0.0,0.88
1997-10-17,0.001,19.0,18.18,0.0,0.89
1997-10-18,0.001,19.36,18.44,0.0,0.91
1997-10-19,0.001,19.44,18.55,0.0,0.91
1997-10-20,0.0,19.29,18.24,0.0,0.9
1997-10-21,0.0,19.71,18.61,0.0,0.91
1997-10-22,0.0,19.68,18.51,0.0,0.9
1997-10-23,0.0,18.7,18.17,0.0,0.9
1997-10-24,0.0,19.93,18.96,0.0,0.89
1997-10-25,0.0,15.43,14.65,0.0,0.7
1997-10-26,0.0,18.81,18.66,0.0,0.89
1997-10-27,0.0,23.15,21.34,0.0,1.01
1997-10-28,0.0,19.29,17.52,0.0,0.85
1997-10-29,0.0,34.72,27.91,0.0,1.32
1997-10-30,0.0,0.0,0.0,0.0,0.0
1997-10-31,0.0,0.0,0.0,0.0,0.0
1997-11-01,0.0,0.0,0.0,0.0,0.0
1997-11-02,0.0,0.0,0.0,0.0,0.0
1997-11-03,0.0,0.0,0.0,0.0,0.0
1997-11-04,0.0,0.0,0.0,0.0,0.0
1997-11-05,0.0,0.0,0.0,0.0,0.0
1997-11-06,0.0,0.0,0.0,0.0,0.0
1997-11-07,0.0,0.0,0.0,0.0,0.0
1997-11-08,0.0,0.0,0.0,0.0,0.0
1997-11-09,0.0,0.0,0.0,0.0,0.0
1997-11-10,9.676,336.29,20.37,136.42,179.5
1997-11-11,1.33,127.13,10.64,50.3,66.18
1997-11-12,0.26,91.68,7.38,35.93,48.37
1997-11-13,4.37,127.12,13.29,48.94,64.89
1997-11-14,8.62,251.7,18.21,100.82,132.68
1997-11-15,4.194,166.85,13.61,66.17,87.07
1997-11-16,1.355,67.8,10.27,24.84,32.69
1997-11-17,0.247,53.77,7.09,19.82,26.86
1997-11-18,0.06,27.31,9.14,0.08,18.09
1997-11-19,0.21,53.12,18.31,14.77,20.04
1997-11-20,0.02,20.53,17.66,0.06,2.81
1997-11-21,0.012,18.39,17.41,0.0,0.98
1997-11-22,0.009,18.75,17.81,0.0,0.93
1997-11-23,0.008,18.81,17.86,0.0,0.94
1997-11-24,0.006,19.08,18.16,0.0,0.93
1997-11-25,5.281,59.98,3.74,24.29,31.95
1997-11-26,25.952,736.84,37.59,298.38,400.87
1997-11-27,2.203,102.42,12.28,38.68,51.47
1997-11-28,0.28,71.6,8.38,26.78,36.43
1997-11-29,1.146,12.14,1.34,4.04,6.76
1997-11-30,11.189,392.57,26.05,154.9,211.62
1997-12-01,0.487,164.21,7.95,67.36,88.9
1997-12-02,0.152,78.54,11.08,20.93,46.54
1997-12-03,0.077,30.2,14.48,0.47,15.25
1997-12-04,0.04,19.59,15.83,0.32,3.45
1997-12-05,0.021,17.26,16.02,0.01,1.22
1997-12-06,0.056,10.58,9.89,0.05,0.64
1997-12-07,13.607,209.14,20.52,80.0,108.62
1997-12-08,5.986,90.68,14.16,32.97,43.54
1997-12-09,0.629,50.1,9.12,17.7,23.29
1997-12-10,0.197,30.23,11.5,6.69,12.04
1997-12-11,0.118,19.42,14.76,0.6,4.06
1997-12-12,0.095,18.02,15.86,0.64,1.53
1997-12-13,0.061,18.06,16.37,0.57,1.12
1997-12-14,5.497,122.69,14.84,46.57,61.28
1997-12-15,0.883,81.42,10.51,30.62,40.29
1997-12-16,0.209,46.0,10.48,13.62,21.91
1997-12-17,0.112,22.18,14.19,0.57,7.42
1997-12-18,0.078,18.71,15.96,0.57,2.18
1997-12-19,0.051,17.58,15.94,0.48,1.16
1997-12-20,0.059,18.23,16.58,0.56,1.09
1997-12-21,0.031,18.68,17.28,0.35,1.05
1997-12-22,0.007,13.66,12.88,0.02,0.77
1997-12-23,0.037,18.44,16.97,0.38,1.09
1997-12-24,0.018,18.08,17.02,0.03,1.03
1997-12-25,1.208,149.53,11.79,59.47,78.26
1997-12-26,0.658,70.33,11.3,25.49,33.54
1997-12-27,0.114,43.22,9.05,10.33,23.84
1997-12-28,0.036,23.08,11.72,0.02,11.33
1997-12-29,0.019,17.96,15.64,0.01,2.31
1997-12-30,0.015,18.62,17.52,0.01,1.08
1997-12-31,0.01,19.65,18.65,0.01,0.99
1998-01-01,0.009,19.45,18.43,0.01,1.0
1998-01-02,2.292,102.78,11.41,39.46,51.92
1998-01-03,1.794,50.7,11.09,17.1,22.5
1998-01-04,9.301,173.04,16.92,67.42,88.71
1998-01-05,0.935,81.57,9.72,31.03,40.83
1998-01-06,0.297,47.3,10.61,14.66,22.03
1998-01-07,1.149,41.49,12.88,12.0,16.61
1998-01-08,0.274,28.35,9.78,7.55,11.03
1998-01-09,0.517,61.83,14.54,19.97,27.32
1998-01-10,3.583,62.5,12.34,21.64,28.52
1998-01-11,2.76,63.3,11.37,22.42,29.51
1998-01-12,16.597,266.74,22.11,103.61,141.02
1998-01-13,1.583,171.42,11.27,68.58,91.58
1998-01-14,1.872,81.82,12.82,29.8,39.21
1998-01-15,7.797,109.79,15.44,40.74,53.61
1998-01-16,1.469,51.67,12.13,17.08,22.47
1998-01-17,0.847,29.04,13.55,6.69,8.81
1998-01-18,16.654,506.89,27.31,204.54,275.04
1998-01-19,4.313,140.18,12.83,54.65,72.7
1998-01-20,1.497,43.93,12.52,13.55,17.86
1998-01-21,0.843,24.49,14.44,4.34,5.71
1998-01-22,0.67,18.99,15.31,1.58,2.09
1998-01-23,0.564,17.82,15.49,1.0,1.32
1998-01-24,0.503,17.56,15.52,0.87,1.17
1998-01-25,0.437,17.42,15.5,0.78,1.14
1998-01-26,0.408,17.27,15.45,0.68,1.14
1998-01-27,1.664,135.03,15.13,51.76,68.14
1998-01-28,0.636,33.97,10.84,9.98,13.15
1998-01-29,14.111,221.11,20.19,86.44,114.48
1998-01-30,1.347,63.32,11.76,22.26,29.3
1998-01-31,1.323,40.27,13.13,11.72,15.42
1998-02-01,3.118,70.65,12.9,24.93,32.81
1998-02-02,24.684,254.62,22.92,98.54,133.17
1998-02-03,36.367,384.05,34.78,146.33,202.94
1998-02-04,9.415,76.24,16.69,25.59,33.96
1998-02-05,5.561,32.28,14.82,7.54,9.93
1998-02-06,21.931,169.61,24.14,60.96,84.52
1998-02-07,17.448,144.64,22.53,50.79,71.31
1998-02-08,14.636,114.14,21.36,39.41,53.37
1998-02-09,8.184,74.54,17.61,24.57,32.36
1998-02-10,5.018,24.02,14.73,4.01,5.28
1998-02-11,3.735,17.67,14.55,1.35,1.77
1998-02-12,5.525,61.51,15.55,19.85,26.12
1998-02-13,2.839,24.12,13.96,4.39,5.77
1998-02-14,11.634,144.14,19.53,53.68,70.94
1998-02-15,4.08,36.99,13.98,9.93,13.07
1998-02-16,3.061,31.57,13.91,7.63,10.03
1998-02-17,2.582,27.48,14.27,5.71,7.51
1998-02-18,1.65,17.36,14.07,1.42,1.87
1998-02-19,7.076,146.35,18.07,55.39,72.89
1998-02-20,2.487,53.79,13.48,17.4,22.9
1998-02-21,14.405,198.97,22.63,74.41,101.93
1998-02-22,4.037,55.0,13.83,17.68,23.49
1998-02-23,8.808,183.08,19.19,70.49,93.4
1998-02-24,2.936,48.12,13.69,14.86,19.57
1998-02-25,1.975,22.12,13.88,3.56,4.68
1998-02-26,1.47,17.3,13.92,1.46,1.92
1998-02-27,1.099,16.16,13.86,1.0,1.31
1998-02-28,0.807,15.83,13.77,0.89,1.17
1998-03-01,0.596,15.72,13.71,0.87,1.14
1998-03-02,0.444,15.65,13.65,0.86,1.14
1998-03-03,0.295,15.4,13.49,0.78,1.13
1998-03-04,0.204,15.17,13.49,0.55,1.14
1998-03-05,0.432,46.18,11.41,14.95,19.83
1998-03-06,0.852,73.76,15.13,25.31,33.32
1998-03-07,0.243,25.34,13.01,4.53,7.79
1998-03-08,0.603,50.12,14.21,15.28,20.63
1998-03-09,0.259,23.91,13.23,4.04,6.64
1998-03-10,0.151,17.44,14.49,0.58,2.37
1998-03-11,0.099,17.02,15.06,0.55,1.41
1998-03-12,0.068,16.98,15.35,0.52,1.11
1998-03-13,10.805,207.36,20.8,79.56,106.99
1998-03-14,1.453,60.18,12.33,20.64,27.21
1998-03-15,0.854,28.15,13.76,6.21,8.18
1998-03-16,0.608,19.18,14.3,2.11,2.77
1998-03-17,0.445,17.05,14.4,1.14,1.51
1998-03-18,0.321,16.42,14.37,0.83,1.22
1998-03-19,0.24,16.14,14.39,0.6,1.16
1998-03-20,0.184,16.16,14.43,0.59,1.14
1998-03-21,0.157,16.3,14.55,0.61,1.14
1998-03-22,0.104,15.88,14.25,0.51,1.13
1998-03-23,1.311,81.37,13.22,29.41,38.73
1998-03-24,3.008,76.72,15.04,26.63,35.05
1998-03-25,1.734,51.77,11.55,17.37,22.86
1998-03-26,0.642,33.44,13.53,8.6,11.31
1998-03-27,0.398,21.04,14.4,2.63,4.01
1998-03-28,1.067,55.83,17.58,16.41,21.84
1998-03-29,0.354,18.43,16.1,0.84,1.49
1998-03-30,0.261,18.0,16.14,0.69,1.17
1998-03-31,2.311,64.95,13.8,22.08,29.07
1998-04-01,1.495,36.97,13.02,10.34,13.61
1998-04-02,0.547,22.4,13.69,3.76,4.95
1998-04-03,2.498,76.03,12.38,27.48,36.17
1998-04-04,2.066,57.71,12.86,19.37,25.48
1998-04-05,0.759,28.67,12.92,6.8,8.95
1998-04-06,0.573,20.2,14.17,2.6,3.42
1998-04-07,0.617,28.92,17.54,4.86,6.52
1998-04-08,0.38,17.99,16.05,0.71,1.23
1998-04-09,0.275,17.71,15.89,0.67,1.15
1998-04-10,0.218,17.85,16.02,0.69,1.14
1998-04-11,0.161,17.87,16.07,0.68,1.13
1998-04-12,0.118,17.74,16.0,0.63,1.11
1998-04-13,4.671,128.39,14.06,49.34,64.99
1998-04-14,0.989,69.46,11.52,25.01,32.93
1998-04-15,0.449,33.84,13.72,8.54,11.57
1998-04-16,0.293,19.87,15.08,1.01,3.78
1998-04-17,0.218,17.88,15.5,0.65,1.72
1998-04-18,0.166,17.51,15.6,0.65,1.26
1998-04-19,0.129,17.39,15.63,0.62,1.15
1998-04-20,0.101,17.37,15.67,0.6,1.1
1998-04-21,0.076,17.31,15.67,0.57,1.07
1998-04-22,0.054,17.51,15.94,0.52,1.05
1998-04-23,0.039,17.56,16.12,0.4,1.03
1998-04-24,0.029,18.06,16.71,0.31,1.04
1998-04-25,0.018,18.65,17.57,0.04,1.04
1998-04-26,0.008,19.08,18.12,0.01,0.95
1998-04-27,0.004,19.93,19.01,0.0,0.94
1998-04-28,0.001,20.67,19.73,0.0,0.92
1998-04-29,0.0,20.83,19.92,0.0,0.9
1998-04-30,0.0,0.0,0.0,0.0,0.0
1998-05-01,0.0,0.0,0.0,0.0,0.0
1998-05-02,0.0,0.0,0.0,0.0,0.0
1998-05-03,0.0,0.0,0.0,0.0,0.0
1998-05-04,0.397,90.43,19.32,30.71,40.4
1998-05-05,7.805,239.0,19.64,94.42,124.94
1998-05-06,1.537,130.28,11.94,51.03,67.31
1998-05-07,0.504,58.84,13.55,19.55,25.74
1998-05-08,0.289,25.75,15.48,2.07,8.19
1998-05-09,0.201,19.67,16.19,0.69,2.79
1998-05-10,0.159,18.51,16.38,0.7,1.43
1998-05-11,0.135,18.39,16.53,0.7,1.15
1998-05-12,0.699,56.5,15.6,17.65,23.26
1998-05-13,1.006,50.51,13.94,15.76,20.81
1998-05-14,0.251,24.98,12.55,4.69,7.73
1998-05-15,0.141,19.09,15.46,0.62,3.0
1998-05-16,0.1,18.64,16.59,0.66,1.39
1998-05-17,0.08,18.94,17.15,0.67,1.11
1998-05-18,0.059,19.19,17.47,0.64,1.08
1998-05-19,0.046,19.75,18.05,0.61,1.09
1998-05-20,0.032,20.33,18.7,0.52,1.11
1998-05-21,0.019,20.23,19.0,0.13,1.09
1998-05-22,0.014,20.61,19.48,0.03,1.1
1998-05-23,0.006,20.34,19.36,0.0,0.98
1998-05-24,0.003,20.91,19.93,0.0,0.99
1998-05-25,0.0,21.35,20.37,0.0,0.89
1998-05-26,0.0,20.17,19.12,0.0,0.93
1998-05-27,0.0,17.36,18.51,0.0,0.65
1998-05-28,3.769,195.92,16.74,77.37,101.81
1998-05-29,1.994,81.47,10.14,30.8,40.53
1998-05-30,0.464,54.81,7.98,20.22,26.62
1998-05-31,0.139,32.05,10.78,6.5,14.77
1998-06-01,0.07,20.0,14.26,0.45,5.29
1998-06-02,0.04,18.17,16.09,0.43,1.65
1998-06-03,0.03,18.69,17.22,0.38,1.1
1998-06-04,0.022,18.8,17.6,0.14,1.06
1998-06-05,0.013,19.58,18.51,0.02,1.05
1998-06-06,0.009,20.75,19.67,0.01,1.06
1998-06-07,0.002,18.57,17.75,0.0,0.85
1998-06-08,0.002,20.47,19.49,0.0,0.96
1998-06-09,0.001,20.25,19.26,0.0,0.92
1998-06-10,0.0,18.81,18.61,0.0,0.81
1998-06-11,0.0,19.29,18.09,0.0,0.9
1998-06-12,0.0,0.0,0.0,0.0,0.0
1998-06-13,0.0,0.0,0.0,0.0,0.0
1998-06-14,0.0,0.0,0.0,0.0,0.0
1998-06-15,0.0,0.0,0.0,0.0,0.0
1998-06-16,0.0,0.0,0.0,0.0,0.0
1998-06-17,0.0,0.0,0.0,0.0,0.0
1998-06-18,0.0,0.0,0.0,0.0,0.0
1998-06-19,0.0,0.0,0.0,0.0,0.0
1998-06-20,0.0,0.0,0.0,0.0,0.0
1998-06-21,0.0,0.0,0.0,0.0,0.0
1998-06-22,0.0,0.0,0.0,0.0,0.0
1998-06-23,0.0,0.0,0.0,0.0,0.0
1998-06-24,0.0,0.0,0.0,0.0,0.0
1998-06-25,0.0,0.0,0.0,0.0,0.0
1998-06-26,0.0,0.0,0.0,0.0,0.0
1998-06-27,0.0,0.0,0.0,0.0,0.0
1998-06-28,0.0,0.0,0.0,0.0,0.0
1998-06-29,0.0,0.0,0.0,0.0,0.0
1998-06-30,0.0,0.0,0.0,0.0,0.0
1998-07-01,0.0,0.0,0.0,0.0,0.0
1998-07-02,0.0,0.0,0.0,0.0,0.0
1998-07-03,0.0,0.0,0.0,0.0,0.0
1998-07-04,0.0,0.0,0.0,0.0,0.0
1998-07-05,0.0,0.0,0.0,0.0,0.0
1998-07-06,0.0,0.0,0.0,0.0,0.0
1998-07-07,0.0,0.0,0.0,0.0,0.0
1998-07-08,0.0,0.0,0.0,0.0,0.0
1998-07-09,0.0,0.0,0.0,0.0,0.0
1998-07-10,0.0,0.0,0.0,0.0,0.0
1998-07-11,0.0,0.0,0.0,0.0,0.0
1998-07-12,0.0,0.0,0.0,0.0,0.0
1998-07-13,0.0,0.0,0.0,0.0,0.0
1998-07-14,0.0,0.0,0.0,0.0,0.0
1998-07-15,0.0,0.0,0.0,0.0,0.0
1998-07-16,0.0,0.0,0.0,0.0,0.0
1998-07-17,0.0,0.0,0.0,0.0,0.0
1998-07-18,0.0,0.0,0.0,0.0,0.0
1998-07-19,0.0,0.0,0.0,0.0,0.0
1998-07-20,0.0,0.0,0.0,0.0,0.0
1998-07-21,0.0,0.0,0.0,0.0,0.0
1998-07-22,0.0,0.0,0.0,0.0,0.0
1998-07-23,0.0,0.0,0.0,0.0,0.0
1998-07-24,0.0,0.0,0.0,0.0,0.0
1998-07-25,0.0,0.0,0.0,0.0,0.0
1998-07-26,0.0,0.0,0.0,0.0,0.0
1998-07-27,0.0,0.0,0.0,0.0,0.0
1998-07-28,0.0,0.0,0.0,0.0,0.0
1998-07-29,0.0,0.0,0.0,0.0,0.0
1998-07-30,0.0,0.0,0.0,0.0,0.0
1998-07-31,0.0,0.0,0.0,0.0,0.0
1998-08-01,0.0,0.0,0.0,0.0,0.0
1998-08-02,0.0,0.0,0.0,0.0,0.0
1998-08-03,0.0,0.0,0.0,0.0,0.0
1998-08-04,0.0,0.0,0.0,0.0,0.0
1998-08-05,0.0,0.0,0.0,0.0,0.0
1998-08-06,0.0,0.0,0.0,0.0,0.0
1998-08-07,0.0,0.0,0.0,0.0,0.0
1998-08-08,0.0,0.0,0.0,0.0,0.0
1998-08-09,0.0,0.0,0.0,0.0,0.0
1998-08-10,0.0,0.0,0.0,0.0,0.0
1998-08-11,0.0,0.0,0.0,0.0,0.0
1998-08-12,0.0,0.0,0.0,0.0,0.0
1998-08-13,0.0,0.0,0.0,0.0,0.0
1998-08-14,0.0,0.0,0.0,0.0,0.0
1998-08-15,0.0,0.0,0.0,0.0,0.0
1998-08-16,0.0,0.0,0.0,0.0,0.0
1998-08-17,0.0,0.0,0.0,0.0,0.0
1998-08-18,0.0,0.0,0.0,0.0,0.0
1998-08-19,0.0,0.0,0.0,0.0,0.0
1998-08-20,0.0,0.0,0.0,0.0,0.0
1998-08-21,0.0,0.0,0.0,0.0,0.0
1998-08-22,0.0,0.0,0.0,0.0,0.0
1998-08-23,0.0,0.0,0.0,0.0,0.0
1998-08-24,0.0,0.0,0.0,0.0,0.0
1998-08-25,0.0,0.0,0.0,0.0,0.0
1998-08-26,0.0,0.0,0.0,0.0,0.0
1998-08-27,0.0,0.0,0.0,0.0,0.0
1998-08-28,0.0,0.0,0.0,0.0,0.0
1998-08-29,0.0,0.0,0.0,0.0,0.0
1998-08-30,0.0,0.0,0.0,0.0,0.0
1998-08-31,0.0,0.0,0.0,0.0,0.0
1998-09-01,0.0,0.0,0.0,0.0,0.0
1998-09-02,0.0,0.0,0.0,0.0,0.0
1998-09-03,0.0,0.0,0.0,0.0,0.0
1998-09-04,0.0,0.0,0.0,0.0,0.0
1998-09-05,0.0,0.0,0.0,0.0,0.0
1998-09-06,0.0,0.0,0.0,0.0,0.0
1998-09-07,0.0,0.0,0.0,0.0,0.0
1998-09-08,0.0,0.0,0.0,0.0,0.0
1998-09-09,0.0,0.0,0.0,0.0,0.0
1998-09-10,0.0,0.0,0.0,0.0,0.0
1998-09-11,0.0,0.0,0.0,0.0,0.0
1998-09-12,0.0,0.0,0.0,0.0,0.0
1998-09-13,0.0,0.0,0.0,0.0,0.0
1998-09-14,0.0,0.0,0.0,0.0,0.0
1998-09-15,0.0,0.0,0.0,0.0,0.0
1998-09-16,0.0,0.0,0.0,0.0,0.0
1998-09-17,0.0,0.0,0.0,0.0,0.0
1998-09-18,0.0,0.0,0.0,0.0,0.0
1998-09-19,0.0,0.0,0.0,0.0,0.0
1998-09-20,0.0,0.0,0.0,0.0,0.0
1998-09-21,0.0,0.0,0.0,0.0,0.0
1998-09-22,0.0,0.0,0.0,0.0,0.0
1998-09-23,0.0,0.0,0.0,0.0,0.0
1998-09-24,0.0,0.0,0.0,0.0,0.0
1998-09-25,0.0,0.0,0.0,0.0,0.0
1998-09-26,0.0,0.0,0.0,0.0,0.0
1998-09-27,0.0,0.0,0.0,0.0,0.0
1998-09-28,0.0,0.0,0.0,0.0,0.0
1998-09-29,0.0,0.0,0.0,0.0,0.0
1998-09-30,0.0,0.0,0.0,0.0,0.0
1998-10-01,0.0,0.0,0.0,0.0,0.0
1998-10-02,0.0,0.0,0.0,0.0,0.0
1998-10-03,0.0,0.0,0.0,0.0,0.0
1998-10-04,0.0,0.0,0.0,0.0,0.0
1998-10-05,0.0,0.0,0.0,0.0,0.0
1998-10-06,0.0,0.0,0.0,0.0,0.0
1998-10-07,0.0,0.0,0.0,0.0,0.0
1998-10-08,0.0,0.0,0.0,0.0,0.0
1998-10-09,0.0,0.0,0.0,0.0,0.0
1998-10-10,0.0,0.0,0.0,0.0,0.0
1998-10-11,0.0,0.0,0.0,0.0,0.0
1998-10-12,0.0,0.0,0.0,0.0,0.0
1998-10-13,0.0,0.0,0.0,0.0,0.0
1998-10-14,0.0,0.0,0.0,0.0,0.0
1998-10-15,0.0,0.0,0.0,0.0,0.0
1998-10-16,0.0,0.0,0.0,0.0,0.0
1998-10-17,0.0,0.0,0.0,0.0,0.0
1998-10-18,0.0,0.0,0.0,0.0,0.0
1998-10-19,0.0,0.0,0.0,0.0,0.0
1998-10-20,0.0,0.0,0.0,0.0,0.0
1998-10-21,0.0,0.0,0.0,0.0,0.0
1998-10-22,0.0,0.0,0.0,0.0,0.0
1998-10-23,0.0,0.0,0.0,0.0,0.0
1998-10-24,6.435,237.33,18.88,94.33,124.12
1998-10-25,0.663,164.79,7.54,67.83,89.42
1998-10-26,0.108,132.25,5.02,45.11,82.12
1998-10-27,0.022,65.82,6.13,0.0,59.7
1998-10-28,0.006,26.24,9.77,0.0,16.47
1998-10-29,0.003,17.03,14.51,0.0,2.52
1998-10-30,0.002,18.08,17.09,0.0,0.97
1998-10-31,0.001,18.79,17.9,0.0,0.9
1998-11-01,0.001,18.76,17.82,0.0,0.9
1998-11-02,0.001,18.82,17.99,0.0,0.9
1998-11-03,0.001,18.98,18.05,0.0,0.9
1998-11-04,0.001,18.95,18.03,0.0,0.9
1998-11-05,0.001,19.13,18.33,0.0,0.9
1998-11-06,0.001,18.92,18.01,0.0,0.91
1998-11-07,0.564,65.58,11.55,23.33,30.71
1998-11-08,0.175,57.93,6.64,21.98,29.3
1998-11-09,0.1,24.15,9.85,3.36,10.94
1998-11-10,0.04,8.83,4.75,0.38,3.7
1998-11-11,0.401,40.73,16.67,10.29,13.76
1998-11-12,0.055,17.72,8.64,0.59,8.49
1998-11-13,0.009,10.89,6.2,0.0,4.67
1998-11-14,0.002,10.69,9.38,0.0,1.32
1998-11-15,0.001,15.09,14.32,0.0,0.76
1998-11-16,0.001,18.35,17.46,0.0,0.85
1998-11-17,0.0,18.81,17.74,0.0,0.87
1998-11-18,0.001,18.84,18.08,0.0,0.9
1998-11-19,0.0,19.38,18.42,0.0,0.91
1998-11-20,0.0,19.39,18.5,0.0,0.91
1998-11-21,0.0,18.81,17.84,0.0,0.88
1998-11-22,0.0,20.15,18.92,0.0,0.93
1998-11-23,0.0,19.74,18.79,0.0,0.89
1998-11-24,0.0,17.94,17.4,0.0,0.88
1998-11-25,0.0,19.29,18.37,0.0,0.91
1998-11-26,0.0,19.1,18.44,0.0,0.91
1998-11-27,1.399,74.03,10.88,27.21,35.94
1998-11-28,3.458,109.28,17.13,39.75,52.4
1998-11-29,2.783,98.74,11.81,37.53,49.4
1998-11-30,9.434,229.55,19.05,90.44,120.06
1998-12-01,1.514,100.2,9.92,38.95,51.33
1998-12-02,0.268,71.01,6.63,27.35,37.02
1998-12-03,3.615,125.03,14.54,47.5,62.99
1998-12-04,0.448,106.21,7.52,42.4,56.29
1998-12-05,0.321,67.41,11.06,21.52,34.83
1998-12-06,1.83,179.16,12.25,71.92,95.0
1998-12-07,0.437,182.52,7.51,75.37,99.64
1998-12-08,0.081,116.03,6.65,27.88,81.51
1998-12-09,0.022,50.02,10.12,0.0,39.9
1998-12-10,0.01,21.04,14.83,0.0,6.21
1998-12-11,0.007,18.42,17.16,0.0,1.27
1998-12-12,0.005,18.78,17.85,0.0,0.93
1998-12-13,0.16,57.65,17.22,17.45,22.98
1998-12-14,0.091,49.47,21.57,11.86,16.03
1998-12-15,0.005,19.93,18.61,0.0,1.31
1998-12-16,0.003,18.74,17.86,0.0,0.89
1998-12-17,0.002,19.0,18.08,0.0,0.91
1998-12-18,0.002,19.05,18.13,0.0,0.91
1998-12-19,0.002,19.14,18.2,0.0,0.9
1998-12-20,0.001,19.09,18.17,0.0,0.89
1998-12-21,0.001,18.95,18.07,0.0,0.9
1998-12-22,0.001,18.86,17.97,0.0,0.89
1998-12-23,0.001,18.79,17.95,0.0,0.89
1998-12-24,0.001,18.81,17.97,0.0,0.89
1998-12-25,0.0,18.94,18.06,0.0,0.89
1998-12-26,0.0,18.58,17.77,0.0,0.89
1998-12-27,0.0,18.45,17.67,0.0,0.88
1998-12-28,0.0,19.14,18.07,0.0,0.9
1998-12-29,0.0,18.88,17.59,0.0,0.86
1998-12-30,0.0,19.29,18.02,0.0,0.86
1998-12-31,0.0,13.5,14.12,0.0,0.74
1999-01-01,0.0,16.2,16.03,0.0,0.79
1999-01-02,0.0,23.15,25.21,0.0,1.23
1999-01-03,0.0,0.0,0.0,0.0,0.0
1999-01-04,0.0,0.0,0.0,0.0,0.0
1999-01-05,0.0,0.0,0.0,0.0,0.0
1999-01-06,0.0,0.0,0.0,0.0,0.0
1999-01-07,0.0,0.0,0.0,0.0,0.0
1999-01-08,0.0,0.0,0.0,0.0,0.0
1999-01-09,0.0,0.0,0.0,0.0,0.0
1999-01-10,0.0,0.0,0.0,0.0,0.0
1999-01-11,0.0,0.0,0.0,0.0,0.0
1999-01-12,0.0,0.0,0.0,0.0,0.0
1999-01-13,0.0,0.0,0.0,0.0,0.0
1999-01-14,0.0,0.0,0.0,0.0,0.0
1999-01-15,0.113,10.67,3.61,3.05,4.01
1999-01-16,2.287,84.45,13.44,30.57,40.45
1999-01-17,0.322,56.01,6.14,21.37,28.5
1999-01-18,6.449,178.31,16.07,69.97,92.26
1999-01-19,10.13,151.46,17.54,57.81,76.11
1999-01-20,8.604,127.1,16.27,47.85,62.99
1999-01-21,1.781,58.66,11.14,20.52,27.0
1999-01-22,0.366,39.41,10.6,12.36,16.45
1999-01-23,6.041,103.66,15.03,38.21,50.42
1999-01-24,0.785,58.77,8.05,21.87,28.85
1999-01-25,0.165,40.66,7.9,12.49,20.28
1999-01-26,7.998,198.35,16.13,78.65,103.57
1999-01-27,0.771,82.45,9.27,31.59,41.6
1999-01-28,0.161,55.38,8.9,17.04,29.43
1999-01-29,0.068,25.21,13.24,0.35,11.63
1999-01-30,0.039,18.87,15.79,0.36,2.72
1999-01-31,5.387,312.61,16.96,127.67,167.98
1999-02-01,0.488,214.95,7.57,89.52,117.86
1999-02-02,0.117,121.76,9.06,34.07,78.63
1999-02-03,0.053,40.41,13.38,0.27,26.76
1999-02-04,0.033,20.03,15.66,0.17,4.2
1999-02-05,0.025,17.87,16.54,0.05,1.27
1999-02-06,0.351,37.92,10.78,11.59,15.55
1999-02-07,12.374,213.46,21.04,81.37,111.04
1999-02-08,1.933,100.65,10.6,38.69,51.36
1999-02-09,11.868,277.74,21.44,109.55,146.75
1999-02-10,1.776,101.37,10.4,39.24,51.73
1999-02-11,0.591,72.4,9.22,27.28,35.9
1999-02-12,0.183,39.32,11.55,9.54,18.22
1999-02-13,0.113,21.04,14.84,0.62,5.58
1999-02-14,0.093,18.2,15.85,0.64,1.71
1999-02-15,0.078,17.91,16.18,0.59,1.14
1999-02-16,0.083,14.32,12.97,0.48,0.86
1999-02-17,4.147,87.95,12.48,32.59,42.88
1999-02-18,3.363,135.5,13.71,52.59,69.2
1999-02-19,0.909,110.9,10.05,43.55,57.3
1999-02-20,1.597,90.27,11.46,33.7,45.11
1999-02-21,5.695,96.47,13.83,35.61,47.03
1999-02-22,0.825,63.76,8.7,23.74,31.31
1999-02-23,0.34,37.84,10.8,11.04,15.99
1999-02-24,0.985,54.32,17.89,15.38,21.05
1999-02-25,3.459,100.38,13.24,37.59,49.54
1999-02-26,0.526,59.69,9.65,21.58,28.46
1999-02-27,0.196,30.81,12.71,5.89,12.21
1999-02-28,0.149,19.71,15.54,0.66,3.5
1999-03-01,0.111,18.26,16.1,0.64,1.51
1999-03-02,0.079,18.12,16.38,0.61,1.14
1999-03-03,0.058,17.72,16.15,0.52,1.05
1999-03-04,0.064,17.95,16.31,0.57,1.07
1999-03-05,0.06,18.06,16.44,0.55,1.07
1999-03-06,0.049,18.03,16.47,0.51,1.05
1999-03-07,0.043,18.0,16.46,0.49,1.06
1999-03-08,0.033,18.13,16.78,0.3,1.05
1999-03-09,1.185,66.39,11.2,23.67,31.52
1999-03-10,0.319,51.74,8.7,18.37,24.68
1999-03-11,0.078,25.29,9.66,0.98,14.65
1999-03-12,0.04,18.45,14.0,0.25,4.2
1999-03-13,0.027,17.45,16.02,0.11,1.32
1999-03-14,0.813,55.72,10.56,19.43,25.73
1999-03-15,5.763,106.12,15.49,39.12,51.51
1999-03-16,0.512,67.56,7.53,25.89,34.14
1999-03-17,0.134,40.45,9.71,9.89,20.85
1999-03-18,0.063,21.72,13.78,0.4,7.55
1999-03-19,0.043,18.14,15.92,0.4,1.82
1999-03-20,0.034,18.14,16.68,0.36,1.1
1999-03-21,0.032,18.08,16.7,0.32,1.06
1999-03-22,0.028,18.53,17.18,0.28,1.06
1999-03-23,0.016,18.79,17.75,0.02,1.02
1999-03-24,0.008,18.44,17.5,0.0,0.93
1999-03-25,0.018,18.7,17.6,0.03,1.07
1999-03-26,0.017,18.56,17.49,0.02,1.05
1999-03-27,0.01,19.01,18.03,0.01,0.98
1999-03-28,0.007,19.57,18.6,0.0,0.97
1999-03-29,0.004,20.37,19.44,0.0,0.96
1999-03-30,0.001,20.45,19.52,0.0,0.92
1999-03-31,0.0,23.15,23.64,0.0,0.18
1999-04-01,0.0,0.0,0.0,0.0,0.0
1999-04-02,0.0,0.0,0.0,0.0,0.0
1999-04-03,0.0,0.0,0.0,0.0,0.0
1999-04-04,0.0,0.0,0.0,0.0,0.0
1999-04-05,1.756,84.59,13.33,30.77,40.49
1999-04-06,2.833,85.87,12.47,31.69,41.7
1999-04-07,0.296,61.25,7.82,23.0,30.43
1999-04-08,2.882,125.01,12.47,48.38,64.16
1999-04-09,0.475,84.65,8.0,32.91,43.74
1999-04-10,0.1,52.27,8.25,12.29,31.73
1999-04-11,1.786,110.76,12.53,42.3,55.93
1999-04-12,0.329,80.84,7.8,31.41,41.64
1999-04-13,0.083,39.48,9.54,3.77,26.18
1999-04-14,0.033,22.37,13.59,0.06,8.71
1999-04-15,0.013,18.44,16.3,0.01,2.13
1999-04-16,0.007,19.6,18.54,0.0,1.06
1999-04-17,0.001,18.41,17.54,0.0,0.85
1999-04-18,0.001,18.97,18.1,0.0,0.89
1999-04-19,0.001,19.23,18.31,0.0,0.89
1999-04-20,0.0,19.2,18.46,0.0,0.91
1999-04-21,0.0,19.43,18.29,0.0,0.89
1999-04-22,0.0,20.58,19.43,0.0,0.94
1999-04-23,0.0,0.0,0.0,0.0,0.0
1999-04-24,0.0,0.0,0.0,0.0,0.0
1999-04-25,0.0,0.0,0.0,0.0,0.0
1999-04-26,0.0,0.0,0.0,0.0,0.0
1999-04-27,0.0,0.0,0.0,0.0,0.0
1999-04-28,0.0,0.0,0.0,0.0,0.0
1999-04-29,0.0,0.0,0.0,0.0,0.0
1999-04-30,0.0,0.0,0.0,0.0,0.0
1999-05-01,0.0,0.0,0.0,0.0,0.0
1999-05-02,0.0,0.0,0.0,0.0,0.0
1999-05-03,0.0,0.0,0.0,0.0,0.0
1999-05-04,0.0,0.0,0.0,0.0,0.0
1999-05-05,0.0,0.0,0.0,0.0,0.0
1999-05-06,0.0,0.0,0.0,0.0,0.0
1999-05-07,0.0,0.0,0.0,0.0,0.0
1999-05-08,0.0,0.0,0.0,0.0,0.0
1999-05-09,0.0,0.0,0.0,0.0,0.0
1999-05-10,0.0,0.0,0.0,0.0,0.0
1999-05-11,0.0,0.0,0.0,0.0,0.0
1999-05-12,0.0,0.0,0.0,0.0,0.0
1999-05-13,0.0,0.0,0.0,0.0,0.0
1999-05-14,0.0,0.0,0.0,0.0,0.0
1999-05-15,0.0,0.0,0.0,0.0,0.0
1999-05-16,0.0,0.0,0.0,0.0,0.0
1999-05-17,0.0,0.0,0.0,0.0,0.0
1999-05-18,0.0,0.0,0.0,0.0,0.0
1999-05-19,0.0,0.0,0.0,0.0,0.0
1999-05-20,0.0,0.0,0.0,0.0,0.0
1999-05-21,0.0,0.0,0.0,0.0,0.0
1999-05-22,0.0,0.0,0.0,0.0,0.0
1999-05-23,0.0,0.0,0.0,0.0,0.0
1999-05-24,0.0,0.0,0.0,0.0,0.0
1999-05-25,0.0,0.0,0.0,0.0,0.0
1999-05-26,0.0,0.0,0.0,0.0,0.0
1999-05-27,0.0,0.0,0.0,0.0,0.0
1999-05-28,0.0,0.0,0.0,0.0,0.0
1999-05-29,0.0,0.0,0.0,0.0,0.0
1999-05-30,0.0,0.0,0.0,0.0,0.0
1999-05-31,0.0,0.0,0.0,0.0,0.0
1999-06-01,0.0,0.0,0.0,0.0,0.0
1999-06-02,0.0,0.0,0.0,0.0,0.0
1999-06-03,0.0,0.0,0.0,0.0,0.0
1999-06-04,0.0,0.0,0.0,0.0,0.0
1999-06-05,0.0,0.0,0.0,0.0,0.0
1999-06-06,0.0,0.0,0.0,0.0,0.0
1999-06-07,0.0,0.0,0.0,0.0,0.0
1999-06-08,0.0,0.0,0.0,0.0,0.0
1999-06-09,0.0,0.0,0.0,0.0,0.0
1999-06-10,0.0,0.0,0.0,0.0,0.0
1999-06-11,0.0,0.0,0.0,0.0,0.0
1999-06-12,0.0,0.0,0.0,0.0,0.0
1999-06-13,0.0,0.0,0.0,0.0,0.0
1999-06-14,0.0,0.0,0.0,0.0,0.0
1999-06-15,0.0,0.0,0.0,0.0,0.0
1999-06-16,0.0,0.0,0.0,0.0,0.0
1999-06-17,0.0,0.0,0.0,0.0,0.0
1999-06-18,0.0,0.0,0.0,0.0,0.0
1999-06-19,0.0,0.0,0.0,0.0,0.0
1999-06-20,0.0,0.0,0.0,0.0,0.0
1999-06-21,0.0,0.0,0.0,0.0,0.0
1999-06-22,0.0,0.0,0.0,0.0,0.0
1999-06-23,0.0,0.0,0.0,0.0,0.0
1999-06-24,0.0,0.0,0.0,0.0,0.0
1999-06-25,0.0,0.0,0.0,0.0,0.0
1999-06-26,0.0,0.0,0.0,0.0,0.0
1999-06-27,0.0,0.0,0.0,0.0,0.0
1999-06-28,0.0,0.0,0.0,0.0,0.0
1999-06-29,0.0,0.0,0.0,0.0,0.0
1999-06-30,0.0,0.0,0.0,0.0,0.0
1999-07-01,0.0,0.0,0.0,0.0,0.0
1999-07-02,0.0,0.0,0.0,0.0,0.0
1999-07-03,0.0,0.0,0.0,0.0,0.0
1999-07-04,0.0,0.0,0.0,0.0,0.0
1999-07-05,0.0,0.0,0.0,0.0,0.0
1999-07-06,0.0,0.0,0.0,0.0,0.0
1999-07-07,0.0,0.0,0.0,0.0,0.0
1999-07-08,0.0,0.0,0.0,0.0,0.0
1999-07-09,0.0,0.0,0.0,0.0,0.0
1999-07-10,0.0,0.0,0.0,0.0,0.0
1999-07-11,0.0,0.0,0.0,0.0,0.0
1999-07-12,0.0,0.0,0.0,0.0,0.0
1999-07-13,0.0,0.0,0.0,0.0,0.0
1999-07-14,0.0,0.0,0.0,0.0,0.0
1999-07-15,0.0,0.0,0.0,0.0,0.0
1999-07-16,0.0,0.0,0.0,0.0,0.0
1999-07-17,0.0,0.0,0.0,0.0,0.0
1999-07-18,0.0,0.0,0.0,0.0,0.0
1999-07-19,0.0,0.0,0.0,0.0,0.0
1999-07-20,0.0,0.0,0.0,0.0,0.0
1999-07-21,0.0,0.0,0.0,0.0,0.0
1999-07-22,0.0,0.0,0.0,0.0,0.0
1999-07-23,0.0,0.0,0.0,0.0,0.0
1999-07-24,0.0,0.0,0.0,0.0,0.0
1999-07-25,0.0,0.0,0.0,0.0,0.0
1999-07-26,0.0,0.0,0.0,0.0,0.0
1999-07-27,0.0,0.0,0.0,0.0,0.0
1999-07-28,0.0,0.0,0.0,0.0,0.0
1999-07-29,0.0,0.0,0.0,0.0,0.0
1999-07-30,0.0,0.0,0.0,0.0,0.0
1999-07-31,0.0,0.0,0.0,0.0,0.0
1999-08-01,0.0,0.0,0.0,0.0,0.0
1999-08-02,0.0,0.0,0.0,0.0,0.0
1999-08-03,0.0,0.0,0.0,0.0,0.0
1999-08-04,0.0,0.0,0.0,0.0,0.0
1999-08-05,0.0,0.0,0.0,0.0,0.0
1999-08-06,0.0,0.0,0.0,0.0,0.0
1999-08-07,0.0,0.0,0.0,0.0,0.0
1999-08-08,0.0,0.0,0.0,0.0,0.0
1999-08-09,0.0,0.0,0.0,0.0,0.0
1999-08-10,0.0,0.0,0.0,0.0,0.0
1999-08-11,0.0,0.0,0.0,0.0,0.0
1999-08-12,0.0,0.0,0.0,0.0,0.0
1999-08-13,0.0,0.0,0.0,0.0,0.0
1999-08-14,0.0,0.0,0.0,0.0,0.0
1999-08-15,0.0,0.0,0.0,0.0,0.0
1999-08-16,0.0,0.0,0.0,0.0,0.0
1999-08-17,0.0,0.0,0.0,0.0,0.0
1999-08-18,0.0,0.0,0.0,0.0,0.0
1999-08-19,0.0,0.0,0.0,0.0,0.0
1999-08-20,0.0,0.0,0.0,0.0,0.0
1999-08-21,0.0,0.0,0.0,0.0,0.0
1999-08-22,0.0,0.0,0.0,0.0,0.0
1999-08-23,0.0,0.0,0.0,0.0,0.0
1999-08-24,0.0,0.0,0.0,0.0,0.0
1999-08-25,0.0,0.0,0.0,0.0,0.0
1999-08-26,0.0,0.0,0.0,0.0,0.0
1999-08-27,0.0,0.0,0.0,0.0,0.0
1999-08-28,0.0,0.0,0.0,0.0,0.0
1999-08-29,0.0,0.0,0.0,0.0,0.0
1999-08-30,0.0,0.0,0.0,0.0,0.0
1999-08-31,0.0,0.0,0.0,0.0,0.0
1999-09-01,0.0,0.0,0.0,0.0,0.0
1999-09-02,0.0,0.0,0.0,0.0,0.0
1999-09-03,0.0,0.0,0.0,0.0,0.0
1999-09-04,0.0,0.0,0.0,0.0,0.0
1999-09-05,0.0,0.0,0.0,0.0,0.0
1999-09-06,0.0,0.0,0.0,0.0,0.0
1999-09-07,0.0,0.0,0.0,0.0,0.0
1999-09-08,0.0,0.0,0.0,0.0,0.0
1999-09-09,0.0,0.0,0.0,0.0,0.0
1999-09-10,0.0,0.0,0.0,0.0,0.0
1999-09-11,0.0,0.0,0.0,0.0,0.0
1999-09-12,0.0,0.0,0.0,0.0,0.0
1999-09-13,0.0,0.0,0.0,0.0,0.0
1999-09-14,0.0,0.0,0.0,0.0,0.0
1999-09-15,0.0,0.0,0.0,0.0,0.0
1999-09-16,0.0,0.0,0.0,0.0,0.0
1999-09-17,0.0,0.0,0.0,0.0,0.0
1999-09-18,0.0,0.0,0.0,0.0,0.0
1999-09-19,0.0,0.0,0.0,0.0,0.0
1999-09-20,0.0,0.0,0.0,0.0,0.0
1999-09-21,0.0,0.0,0.0,0.0,0.0
1999-09-22,0.0,0.0,0.0,0.0,0.0
1999-09-23,0.0,0.0,0.0,0.0,0.0
1999-09-24,0.0,0.0,0.0,0.0,0.0
1999-09-25,0.0,0.0,0.0,0.0,0.0
1999-09-26,0.0,0.0,0.0,0.0,0.0
1999-09-27,0.0,0.0,0.0,0.0,0.0
1999-09-28,0.0,0.0,0.0,0.0,0.0
1999-09-29,0.0,0.0,0.0,0.0,0.0
1999-09-30,0.0,0.0,0.0,0.0,0.0
1999-10-01,0.0,0.0,0.0,0.0,0.0
1999-10-02,0.0,0.0,0.0,0.0,0.0
1999-10-03,0.0,0.0,0.0,0.0,0.0
1999-10-04,0.0,0.0,0.0,0.0,0.0
1999-10-05,0.0,0.0,0.0,0.0,0.0
1999-10-06,0.0,0.0,0.0,0.0,0.0
1999-10-07,0.0,0.0,0.0,0.0,0.0
1999-10-08,0.0,0.0,0.0,0.0,0.0
1999-10-09,0.0,0.0,0.0,0.0,0.0
1999-10-10,0.0,0.0,0.0,0.0,0.0
1999-10-11,0.0,0.0,0.0,0.0,0.0
1999-10-12,0.0,0.0,0.0,0.0,0.0
1999-10-13,0.0,0.0,0.0,0.0,0.0
1999-10-14,0.0,0.0,0.0,0.0,0.0
1999-10-15,0.0,0.0,0.0,0.0,0.0
1999-10-16,0.0,0.0,0.0,0.0,0.0
1999-10-17,0.0,0.0,0.0,0.0,0.0
1999-10-18,0.0,0.0,0.0,0.0,0.0
1999-10-19,0.0,0.0,0.0,0.0,0.0
1999-10-20,0.0,0.0,0.0,0.0,0.0
1999-10-21,0.0,0.0,0.0,0.0,0.0
1999-10-22,0.0,0.0,0.0,0.0,0.0
1999-10-23,0.0,0.0,0.0,0.0,0.0
1999-10-24,0.0,0.0,0.0,0.0,0.0
1999-10-25,0.0,0.0,0.0,0.0,0.0
1999-10-26,0.0,0.0,0.0,0.0,0.0
1999-10-27,0.0,0.0,0.0,0.0,0.0
1999-10-28,1.943,167.62,11.6,67.37,88.64
1999-10-29,0.366,180.83,6.4,75.11,99.31
1999-10-30,0.062,120.9,4.65,25.03,91.22
1999-10-31,0.012,64.58,4.89,0.0,59.69
1999-11-01,0.003,23.47,6.13,0.0,17.38
1999-11-02,0.001,13.11,9.7,0.0,3.4
1999-11-03,0.0,15.31,14.17,0.0,0.97
1999-11-04,0.0,18.27,17.6,0.0,0.88
1999-11-05,0.0,18.33,17.27,0.0,0.87
1999-11-06,0.0,16.72,16.7,0.0,0.85
1999-11-07,0.006,17.38,14.36,0.51,2.52
1999-11-08,6.214,197.51,17.65,77.67,102.2
1999-11-09,0.497,145.49,6.69,59.82,78.98
1999-11-10,0.086,107.27,5.1,31.44,70.74
1999-11-11,0.018,53.29,6.59,0.0,46.69
1999-11-12,0.005,21.66,10.84,0.0,10.81
1999-11-13,0.003,17.15,15.38,0.0,1.75
1999-11-14,0.002,18.39,17.46,0.0,0.93
1999-11-15,0.002,18.76,17.89,0.0,0.9
1999-11-16,0.002,19.01,18.08,0.0,0.92
1999-11-17,0.099,36.96,18.8,7.75,10.42
1999-11-18,0.006,24.31,21.27,0.0,3.04
1999-11-19,1.562,116.54,11.48,45.34,59.73
1999-11-20,0.703,94.24,7.45,37.4,49.39
1999-11-21,0.328,51.36,9.72,17.9,23.74
1999-11-22,0.051,29.04,5.76,1.44,21.84
1999-11-23,0.011,18.47,6.91,0.0,11.56
1999-11-24,0.003,13.81,11.27,0.0,2.54
1999-11-25,0.002,16.4,15.45,0.0,0.93
1999-11-26,0.001,18.19,17.3,0.0,0.87
1999-11-27,0.001,18.64,17.76,0.0,0.89
1999-11-28,0.001,18.75,17.87,0.0,0.9
1999-11-29,0.001,18.78,17.92,0.0,0.91
1999-11-30,0.001,19.12,18.13,0.0,0.89
1999-12-01,0.001,18.74,17.8,0.0,0.9
1999-12-02,0.001,18.85,17.94,0.0,0.91
1999-12-03,0.0,18.87,17.94,0.0,0.89
1999-12-04,0.0,18.52,17.51,0.0,0.88
1999-12-05,0.0,18.81,18.04,0.0,0.9
1999-12-06,0.0,18.72,18.03,0.0,0.9
1999-12-07,0.0,19.01,18.02,0.0,0.9
1999-12-08,0.0,18.81,17.88,0.0,0.89
1999-12-09,0.0,19.01,17.92,0.0,0.91
1999-12-10,0.103,42.3,18.57,10.25,13.48
1999-12-11,0.01,34.99,23.07,3.2,8.71
1999-12-12,0.0,21.04,19.99,0.0,0.95
1999-12-13,0.0,19.29,18.54,0.0,0.89
1999-12-14,0.0,16.53,16.5,0.0,0.81
1999-12-15,0.0,18.52,17.74,0.0,0.91
1999-12-16,0.0,17.36,17.18,0.0,0.83
1999-12-17,0.0,19.84,18.93,0.0,0.94
1999-12-18,0.0,20.83,20.34,0.0,0.98
1999-12-19,0.0,0.0,0.0,0.0,0.0
1999-12-20,0.0,0.0,0.0,0.0,0.0
1999-12-21,0.0,0.0,0.0,0.0,0.0
1999-12-22,0.0,0.0,0.0,0.0,0.0
1999-12-23,0.0,0.0,0.0,0.0,0.0
1999-12-24,0.0,0.0,0.0,0.0,0.0
1999-12-25,0.0,0.0,0.0,0.0,0.0
1999-12-26,0.0,0.0,0.0,0.0,0.0
1999-12-27,0.0,0.0,0.0,0.0,0.0
1999-12-28,0.0,0.0,0.0,0.0,0.0
1999-12-29,0.0,0.0,0.0,0.0,0.0
1999-12-30,0.0,0.0,0.0,0.0,0.0
1999-12-31,0.0,0.0,0.0,0.0,0.0
2000-01-01,0.0,0.0,0.0,0.0,0.0
2000-01-02,0.0,0.0,0.0,0.0,0.0
2000-01-03,0.0,0.0,0.0,0.0,0.0
2000-01-04,0.0,0.0,0.0,0.0,0.0
2000-01-05,0.0,0.0,0.0,0.0,0.0
2000-01-06,0.0,0.0,0.0,0.0,0.0
2000-01-07,0.0,0.0,0.0,0.0,0.0
2000-01-08,0.0,0.0,0.0,0.0,0.0
2000-01-09,0.0,0.0,0.0,0.0,0.0
2000-01-10,0.0,0.0,0.0,0.0,0.0
2000-01-11,1.018,93.01,15.55,33.35,44.11
2000-01-12,0.552,66.58,10.95,23.78,31.84
2000-01-13,0.083,38.23,4.91,9.99,23.33
2000-01-14,0.016,21.97,4.99,0.0,16.98
2000-01-15,0.003,11.92,6.45,0.0,5.46
2000-01-16,2.753,155.43,14.16,61.0,80.26
2000-01-17,0.298,101.68,5.88,41.17,54.64
2000-01-18,11.573,251.5,22.3,96.72,132.47
2000-01-19,1.606,99.63,10.66,38.35,50.62
2000-01-20,0.402,79.39,7.85,30.86,40.68
2000-01-21,0.076,50.15,7.04,9.36,33.75
2000-01-22,0.024,25.5,11.47,0.0,14.02
2000-01-23,13.343,150.59,19.58,56.56,74.45
2000-01-24,30.327,238.78,26.48,88.87,123.43
2000-01-25,8.949,153.9,17.85,58.25,77.79
2000-01-26,0.632,78.63,8.95,30.03,39.64
2000-01-27,0.207,42.39,12.13,10.61,19.66
2000-01-28,0.114,22.36,15.23,0.63,6.5
2000-01-29,0.077,18.92,16.37,0.64,1.91
2000-01-30,0.052,18.43,16.75,0.53,1.14
2000-01-31,0.051,18.41,16.83,0.5,1.08
2000-02-01,0.043,18.07,16.59,0.42,1.06
2000-02-02,0.038,18.01,16.56,0.4,1.05
2000-02-03,0.882,116.56,13.96,44.25,58.35
2000-02-04,0.401,85.82,11.08,32.12,42.62
2000-02-05,0.072,36.51,8.7,2.34,25.47
2000-02-06,0.036,20.55,13.63,0.06,6.86
2000-02-07,0.024,17.41,15.82,0.04,1.55
2000-02-08,0.017,17.7,16.65,0.01,1.04
2000-02-09,0.011,18.44,17.47,0.01,0.96
2000-02-10,0.007,18.16,17.24,0.0,0.92
2000-02-11,8.592,289.16,25.17,111.06,152.92
2000-02-12,4.435,180.61,15.64,70.01,94.96
2000-02-13,18.548,197.22,21.12,75.35,100.75
2000-02-14,10.873,206.42,18.76,80.38,107.28
2000-02-15,0.919,90.61,10.35,34.63,45.62
2000-02-16,1.146,68.4,12.65,24.07,31.67
2000-02-17,0.775,52.71,12.07,17.55,23.09
2000-02-18,0.286,28.19,13.35,5.61,9.23
2000-02-19,0.185,19.32,15.48,0.65,3.19
2000-02-20,0.15,18.45,16.25,0.71,1.49
2000-02-21,1.077,87.7,12.53,32.39,42.78
2000-02-22,6.379,336.05,24.43,133.03,178.59
2000-02-23,10.557,274.05,22.23,107.11,144.71
2000-02-24,0.959,76.81,10.95,28.42,37.43
2000-02-25,0.423,37.25,13.92,9.51,13.82
2000-02-26,0.467,14.91,11.66,0.5,2.74
2000-02-27,4.88,93.88,13.31,34.77,45.79
2000-02-28,1.19,42.96,11.07,13.77,18.13
2000-02-29,1.717,75.43,12.43,27.2,35.79
2000-03-01,0.562,43.58,11.75,13.74,18.08
2000-03-02,0.508,27.0,15.74,4.5,6.76
2000-03-03,0.295,20.12,16.39,1.15,2.58
2000-03-04,0.765,43.68,7.68,15.49,20.51
2000-03-05,7.1,109.76,16.49,40.27,53.0
2000-03-06,0.911,44.21,10.99,14.34,18.87
2000-03-07,0.436,24.75,13.27,4.7,6.79
2000-03-08,5.177,120.19,16.5,44.73,58.95
2000-03-09,3.849,100.68,12.98,37.87,49.84
2000-03-10,0.828,47.34,12.02,15.25,20.07
2000-03-11,0.457,25.74,14.75,4.41,6.58
2000-03-12,0.345,18.88,15.87,0.68,2.32
2000-03-13,0.276,18.16,16.09,0.69,1.38
2000-03-14,0.225,17.95,16.08,0.69,1.18
2000-03-15,0.189,18.02,16.18,0.69,1.15
2000-03-16,0.134,18.02,16.23,0.68,1.11
2000-03-17,0.115,17.93,16.18,0.65,1.1
2000-03-18,0.097,17.88,16.17,0.63,1.08
2000-03-19,0.079,17.85,16.17,0.6,1.07
2000-03-20,0.047,17.98,16.42,0.52,1.05
2000-03-21,0.023,17.6,16.55,0.06,0.99
2000-03-22,0.038,18.66,17.09,0.49,1.09
2000-03-23,0.025,18.35,17.17,0.14,1.04
2000-03-24,0.023,18.5,17.36,0.09,1.06
2000-03-25,0.017,19.0,17.93,0.02,1.05
2000-03-26,0.011,19.93,18.9,0.01,1.02
2000-03-27,0.006,20.69,19.7,0.0,0.99
2000-03-28,0.002,20.33,19.4,0.0,0.94
2000-03-29,0.0,23.15,22.32,0.0,0.17
2000-03-30,0.0,0.0,0.0,0.0,0.0
2000-03-31,0.0,0.0,0.0,0.0,0.0
2000-04-01,0.0,0.0,0.0,0.0,0.0
2000-04-02,0.0,0.0,0.0,0.0,0.0
2000-04-03,0.0,0.0,0.0,0.0,0.0
2000-04-04,0.0,0.0,0.0,0.0,0.0
2000-04-05,0.0,0.0,0.0,0.0,0.0
2000-04-06,0.0,0.0,0.0,0.0,0.0
2000-04-07,0.0,0.0,0.0,0.0,0.0
2000-04-08,0.0,0.0,0.0,0.0,0.0
2000-04-09,0.0,0.0,0.0,0.0,0.0
2000-04-10,0.0,0.0,0.0,0.0,0.0
2000-04-11,0.0,0.0,0.0,0.0,0.0
2000-04-12,0.016,61.83,18.97,18.5,24.35
2000-04-13,0.747,68.27,14.76,22.84,30.67
2000-04-14,0.117,21.56,9.69,3.4,8.47
2000-04-15,0.021,14.27,8.79,0.0,5.48
2000-04-16,0.003,8.9,6.7,0.0,2.21
2000-04-17,1.855,117.44,13.1,45.06,59.29
2000-04-18,0.293,86.57,7.11,34.18,45.28
2000-04-19,0.051,47.22,5.68,2.53,39.01
2000-04-20,0.01,28.46,5.96,0.0,22.5
2000-04-21,0.002,14.3,8.84,0.0,5.48
2000-04-22,0.001,14.57,13.37,0.0,1.27
2000-04-23,0.0,17.76,16.94,0.0,0.85
2000-04-24,0.0,18.81,17.98,0.0,0.85
2000-04-25,0.0,21.49,20.67,0.0,0.95
2000-04-26,0.0,28.94,25.5,0.0,1.14
2000-04-27,0.0,0.0,0.0,0.0,0.0
2000-04-28,0.0,0.0,0.0,0.0,0.0
2000-04-29,0.0,0.0,0.0,0.0,0.0
2000-04-30,0.0,0.0,0.0,0.0,0.0
2000-05-01,0.0,0.0,0.0,0.0,0.0
2000-05-02,0.0,0.0,0.0,0.0,0.0
2000-05-03,0.0,0.0,0.0,0.0,0.0
2000-05-04,0.0,0.0,0.0,0.0,0.0
2000-05-05,0.0,0.0,0.0,0.0,0.0
2000-05-06,0.0,0.0,0.0,0.0,0.0
2000-05-07,0.0,0.0,0.0,0.0,0.0
2000-05-08,0.209,46.22,4.04,18.18,24.01
2000-05-09,0.073,37.95,4.47,9.26,24.22
2000-05-10,0.014,21.8,4.47,0.0,17.33
2000-05-11,0.003,10.32,4.48,0.0,5.86
2000-05-12,0.0,5.91,4.45,0.0,1.5
2000-05-13,0.0,5.14,4.55,0.0,0.38
2000-05-14,0.0,5.79,3.85,0.0,0.08
2000-05-15,0.438,35.1,10.09,10.74,14.27
2000-05-16,1.268,103.04,14.66,38.16,50.22
2000-05-17,0.128,39.17,6.41,11.96,20.8
2000-05-18,0.022,22.25,4.97,0.0,17.28
2000-05-19,0.004,12.5,5.92,0.0,6.58
2000-05-20,0.001,10.28,8.62,0.0,1.63
2000-05-21,0.0,13.5,12.97,0.0,0.73
2000-05-22,0.0,15.91,15.18,0.0,0.67
2000-05-23,0.0,0.0,3.78,0.0,0.02
2000-05-24,0.0,0.0,0.0,0.0,0.0
2000-05-25,0.0,0.0,0.0,0.0,0.0
2000-05-26,0.0,0.0,0.0,0.0,0.0
2000-05-27,0.0,0.0,0.0,0.0,0.0
2000-05-28,0.0,0.0,0.0,0.0,0.0
2000-05-29,0.0,0.0,0.0,0.0,0.0
2000-05-30,0.0,0.0,0.0,0.0,0.0
2000-05-31,0.0,0.0,0.0,0.0,0.0
2000-06-01,0.0,0.0,0.0,0.0,0.0
2000-06-02,0.0,0.0,0.0,0.0,0.0
2000-06-03,0.0,0.0,0.0,0.0,0.0
2000-06-04,0.0,0.0,0.0,0.0,0.0
2000-06-05,0.0,0.0,0.0,0.0,0.0
2000-06-06,0.0,0.0,0.0,0.0,0.0
2000-06-07,0.0,0.0,0.0,0.0,0.0
2000-06-08,0.741,48.51,15.42,14.25,18.84
2000-06-09,0.122,25.83,9.39,5.71,10.73
2000-06-10,0.018,12.77,4.9,0.0,7.86
2000-06-11,0.003,7.6,4.68,0.0,2.91
2000-06-12,0.001,5.12,4.45,0.0,0.76
2000-06-13,0.0,5.26,4.62,0.0,0.2
2000-06-14,0.0,5.79,4.77,0.0,0.05
2000-06-15,0.0,0.0,0.0,0.0,0.0
2000-06-16,0.0,0.0,0.0,0.0,0.0
2000-06-17,0.0,0.0,0.0,0.0,0.0
2000-06-18,0.0,0.0,0.0,0.0,0.0
2000-06-19,0.0,0.0,0.0,0.0,0.0
2000-06-20,0.0,0.0,0.0,0.0,0.0
2000-06-21,0.0,0.0,0.0,0.0,0.0
2000-06-22,0.0,0.0,0.0,0.0,0.0
2000-06-23,0.0,0.0,0.0,0.0,0.0
2000-06-24,0.0,0.0,0.0,0.0,0.0
2000-06-25,0.0,0.0,0.0,0.0,0.0
2000-06-26,0.0,0.0,0.0,0.0,0.0
2000-06-27,0.0,0.0,0.0,0.0,0.0
2000-06-28,0.0,0.0,0.0,0.0,0.0
2000-06-29,0.0,0.0,0.0,0.0,0.0
2000-06-30,0.0,0.0,0.0,0.0,0.0
2000-07-01,0.0,0.0,0.0,0.0,0.0
2000-07-02,0.0,0.0,0.0,0.0,0.0
2000-07-03,0.0,0.0,0.0,0.0,0.0
2000-07-04,0.0,0.0,0.0,0.0,0.0
2000-07-05,0.0,0.0,0.0,0.0,0.0
2000-07-06,0.0,0.0,0.0,0.0,0.0
2000-07-07,0.0,0.0,0.0,0.0,0.0
2000-07-08,0.0,0.0,0.0,0.0,0.0
2000-07-09,0.0,0.0,0.0,0.0,0.0
2000-07-10,0.0,0.0,0.0,0.0,0.0
2000-07-11,0.0,0.0,0.0,0.0,0.0
2000-07-12,0.0,0.0,0.0,0.0,0.0
2000-07-13,0.0,0.0,0.0,0.0,0.0
2000-07-14,0.0,0.0,0.0,0.0,0.0
2000-07-15,0.0,0.0,0.0,0.0,0.0
2000-07-16,0.0,0.0,0.0,0.0,0.0
2000-07-17,0.0,0.0,0.0,0.0,0.0
2000-07-18,0.0,0.0,0.0,0.0,0.0
2000-07-19,0.0,0.0,0.0,0.0,0.0
2000-07-20,0.0,0.0,0.0,0.0,0.0
2000-07-21,0.0,0.0,0.0,0.0,0.0
2000-07-22,0.0,0.0,0.0,0.0,0.0
2000-07-23,0.0,0.0,0.0,0.0,0.0
2000-07-24,0.0,0.0,0.0,0.0,0.0
2000-07-25,0.0,0.0,0.0,0.0,0.0
2000-07-26,0.0,0.0,0.0,0.0,0.0
2000-07-27,0.0,0.0,0.0,0.0,0.0
2000-07-28,0.0,0.0,0.0,0.0,0.0
2000-07-29,0.0,0.0,0.0,0.0,0.0
2000-07-30,0.0,0.0,0.0,0.0,0.0
2000-07-31,0.0,0.0,0.0,0.0,0.0
2000-08-01,0.0,0.0,0.0,0.0,0.0
2000-08-02,0.0,0.0,0.0,0.0,0.0
2000-08-03,0.0,0.0,0.0,0.0,0.0
2000-08-04,0.0,0.0,0.0,0.0,0.0
2000-08-05,0.0,0.0,0.0,0.0,0.0
2000-08-06,0.0,0.0,0.0,0.0,0.0
2000-08-07,0.0,0.0,0.0,0.0,0.0
2000-08-08,0.0,0.0,0.0,0.0,0.0
2000-08-09,0.0,0.0,0.0,0.0,0.0
2000-08-10,0.0,0.0,0.0,0.0,0.0
2000-08-11,0.0,0.0,0.0,0.0,0.0
2000-08-12,0.0,0.0,0.0,0.0,0.0
2000-08-13,0.0,0.0,0.0,0.0,0.0
2000-08-14,0.0,0.0,0.0,0.0,0.0
2000-08-15,0.0,0.0,0.0,0.0,0.0
2000-08-16,0.0,0.0,0.0,0.0,0.0
2000-08-17,0.0,0.0,0.0,0.0,0.0
2000-08-18,0.0,0.0,0.0,0.0,0.0
2000-08-19,0.0,0.0,0.0,0.0,0.0
2000-08-20,0.0,0.0,0.0,0.0,0.0
2000-08-21,0.0,0.0,0.0,0.0,0.0
2000-08-22,0.0,0.0,0.0,0.0,0.0
2000-08-23,0.0,0.0,0.0,0.0,0.0
2000-08-24,0.0,0.0,0.0,0.0,0.0
2000-08-25,0.0,0.0,0.0,0.0,0.0
2000-08-26,0.0,0.0,0.0,0.0,0.0
2000-08-27,0.0,0.0,0.0,0.0,0.0
2000-08-28,0.0,0.0,0.0,0.0,0.0
2000-08-29,0.0,0.0,0.0,0.0,0.0
2000-08-30,0.0,0.0,0.0,0.0,0.0
2000-08-31,0.0,0.0,0.0,0.0,0.0
2000-09-01,0.0,0.0,0.0,0.0,0.0
2000-09-02,0.0,0.0,0.0,0.0,0.0
2000-09-03,0.0,0.0,0.0,0.0,0.0
2000-09-04,0.0,0.0,0.0,0.0,0.0
2000-09-05,0.0,0.0,0.0,0.0,0.0
2000-09-06,0.0,0.0,0.0,0.0,0.0
2000-09-07,0.0,0.0,0.0,0.0,0.0
2000-09-08,0.0,0.0,0.0,0.0,0.0
2000-09-09,0.0,0.0,0.0,0.0,0.0
2000-09-10,0.0,0.0,0.0,0.0,0.0
2000-09-11,0.0,0.0,0.0,0.0,0.0
2000-09-12,0.0,0.0,0.0,0.0,0.0
2000-09-13,0.0,0.0,0.0,0.0,0.0
2000-09-14,0.0,0.0,0.0,0.0,0.0
2000-09-15,0.0,0.0,0.0,0.0,0.0
2000-09-16,0.0,0.0,0.0,0.0,0.0
2000-09-17,0.0,0.0,0.0,0.0,0.0
2000-09-18,0.0,0.0,0.0,0.0,0.0
2000-09-19,0.0,0.0,0.0,0.0,0.0
2000-09-20,0.0,0.0,0.0,0.0,0.0
2000-09-21,0.0,0.0,0.0,0.0,0.0
2000-09-22,0.0,0.0,0.0,0.0,0.0
2000-09-23,0.0,0.0,0.0,0.0,0.0
2000-09-24,0.0,0.0,0.0,0.0,0.0
2000-09-25,0.0,0.0,0.0,0.0,0.0
2000-09-26,0.0,0.0,0.0,0.0,0.0
2000-09-27,0.0,0.0,0.0,0.0,0.0
2000-09-28,0.0,0.0,0.0,0.0,0.0
2000-09-29,0.0,0.0,0.0,0.0,0.0
2000-09-30,0.0,0.0,0.0,0.0,0.0
2000-10-01,0.0,0.0,0.0,0.0,0.0
2000-10-02,0.0,0.0,0.0,0.0,0.0
2000-10-03,0.0,0.0,0.0,0.0,0.0
2000-10-04,0.0,0.0,0.0,0.0,0.0
2000-10-05,0.0,0.0,0.0,0.0,0.0
2000-10-06,0.0,0.0,0.0,0.0,0.0
2000-10-07,0.0,0.0,0.0,0.0,0.0
2000-10-08,0.0,0.0,0.0,0.0,0.0
2000-10-09,0.0,0.0,0.0,0.0,0.0
2000-10-10,3.746,132.83,15.31,50.73,66.79
2000-10-11,0.432,108.86,7.33,43.75,57.78
2000-10-12,0.071,77.52,4.93,18.6,53.99
2000-10-13,0.014,41.15,5.74,0.0,35.4
2000-10-14,0.004,17.96,8.9,0.0,9.06
2000-10-15,0.001,15.7,14.09,0.0,1.66
2000-10-16,0.001,18.15,17.31,0.0,0.91
2000-10-17,0.001,19.18,18.35,0.0,0.89
2000-10-18,0.001,19.15,18.26,0.0,0.9
2000-10-19,0.001,19.68,18.62,0.0,0.92
2000-10-20,0.0,19.2,18.3,0.0,0.89
2000-10-21,0.0,20.45,19.53,0.0,0.92
2000-10-22,0.0,23.15,22.9,0.0,0.86
2000-10-23,0.0,18.94,18.51,0.0,0.92
2000-10-24,0.0,20.83,19.51,0.0,0.92
2000-10-25,0.0,19.84,19.09,0.0,0.91
2000-10-26,6.618,160.15,15.82,62.29,82.04
2000-10-27,1.995,132.3,10.24,52.7,69.36
2000-10-28,3.312,189.13,16.49,74.54,98.1
2000-10-29,3.587,152.0,12.71,60.15,79.14
2000-10-30,4.546,119.67,11.66,46.64,61.37
2000-10-31,0.814,117.14,8.24,47.0,61.9
2000-11-01,0.137,88.27,6.02,30.99,51.26
2000-11-02,0.034,40.82,8.86,0.0,31.96
2000-11-03,0.013,20.73,13.45,0.0,7.28
2000-11-04,0.008,17.99,16.59,0.0,1.4
2000-11-05,0.006,18.58,17.63,0.0,0.94
2000-11-06,0.005,18.79,17.88,0.0,0.92
2000-11-07,0.004,18.73,17.83,0.0,0.91
2000-11-08,0.004,18.84,17.92,0.0,0.92
2000-11-09,0.003,18.76,17.84,0.0,0.9
2000-11-10,0.003,18.77,17.86,0.0,0.91
2000-11-11,0.002,18.87,17.94,0.0,0.9
2000-11-12,0.002,18.75,17.87,0.0,0.9
2000-11-13,0.002,18.71,17.79,0.0,0.91
2000-11-14,0.001,18.88,17.94,0.0,0.89
2000-11-15,0.001,18.7,17.83,0.0,0.9
2000-11-16,0.001,18.79,17.88,0.0,0.89
2000-11-17,0.001,18.75,17.81,0.0,0.89
2000-11-18,0.001,18.55,17.67,0.0,0.88
2000-11-19,0.001,18.81,17.92,0.0,0.89
2000-11-20,0.0,18.94,17.86,0.0,0.88
2000-11-21,0.0,18.52,17.79,0.0,0.9
2000-11-22,0.0,18.52,17.73,0.0,0.89
2000-11-23,0.0,18.67,17.82,0.0,0.89
2000-11-24,0.0,19.14,18.28,0.0,0.91
2000-11-25,0.0,18.62,17.49,0.0,0.87
2000-11-26,0.0,19.74,18.66,0.0,0.92
2000-11-27,0.0,18.7,18.18,0.0,0.89
2000-11-28,0.0,17.36,16.85,0.0,0.83
2000-11-29,0.759,68.71,14.56,23.38,30.77
2000-11-30,0.127,38.96,8.7,10.81,19.45
2000-12-01,0.02,20.05,5.17,0.0,14.88
2000-12-02,0.004,11.55,6.34,0.0,5.19
2000-12-03,0.001,11.14,9.84,0.0,1.3
2000-12-04,0.0,15.43,14.57,0.0,0.74
2000-12-05,0.0,17.84,16.96,0.0,0.81
2000-12-06,0.0,18.81,18.36,0.0,0.87
2000-12-07,0.0,19.29,18.81,0.0,0.92
2000-12-08,0.0,19.99,19.06,0.0,0.92
2000-12-09,0.0,19.68,19.34,0.0,0.92
2000-12-10,0.0,18.81,18.52,0.0,0.89
2000-12-11,0.0,20.83,21.02,0.0,0.96
2000-12-12,1.325,151.37,11.9,60.23,79.25
2000-12-13,0.261,103.0,6.17,41.4,55.44
2000-12-14,0.743,47.31,13.19,13.51,20.61
2000-12-15,0.635,59.04,11.7,20.18,27.15
2000-12-16,0.102,42.52,6.12,11.74,24.66
2000-12-17,0.019,24.06,5.43,0.0,18.63
2000-12-18,0.004,13.2,7.08,0.0,6.11
2000-12-19,0.001,13.73,12.41,0.0,1.34
2000-12-20,0.001,17.23,16.34,0.0,0.84
2000-12-21,0.001,18.45,17.61,0.0,0.87
2000-12-22,0.001,19.11,18.12,0.0,0.9
2000-12-23,0.001,19.08,18.13,0.0,0.89
2000-12-24,0.0,19.03,18.28,0.0,0.89
2000-12-25,0.0,19.29,18.1,0.0,0.87
2000-12-26,0.0,19.44,18.3,0.0,0.91
2000-12-27,0.0,19.77,18.43,0.0,0.9
2000-12-28,0.0,19.29,18.39,0.0,0.89
2000-12-29,0.0,17.75,17.36,0.0,0.85
2000-12-30,0.0,18.94,18.48,0.0,0.87
2000-12-31,0.0,18.19,17.91,0.0,0.9
2001-01-01,0.0,18.19,18.17,0.0,0.88
2001-01-02,0.0,23.15,22.25,0.0,1.01
2001-01-03,0.0,17.36,15.64,0.0,0.74
2001-01-04,0.0,0.0,0.0,0.0,0.0
2001-01-05,0.0,0.0,0.0,0.0,0.0
2001-01-06,0.0,0.0,0.0,0.0,0.0
2001-01-07,0.0,0.0,0.0,0.0,0.0
2001-01-08,2.302,137.81,13.63,53.62,70.55
2001-01-09,0.41,107.62,7.77,43.03,56.82
2001-01-10,9.334,243.15,21.18,94.51,127.45
2001-01-11,7.23,101.94,13.84,37.98,50.12
2001-01-12,1.618,66.89,10.85,24.2,31.84
2001-01-13,0.245,47.67,6.49,17.54,23.64
2001-01-14,0.059,25.02,8.72,0.12,16.18
2001-01-15,0.022,18.32,13.03,0.0,5.29
2001-01-16,0.011,17.54,16.19,0.0,1.34
2001-01-17,0.009,18.57,17.62,0.0,0.95
2001-01-18,0.007,18.91,17.98,0.0,0.94
2001-01-19,0.006,18.98,18.05,0.0,0.93
2001-01-20,0.005,18.98,18.07,0.0,0.92
2001-01-21,0.004,18.96,18.05,0.0,0.92
2001-01-22,0.003,18.93,18.03,0.0,0.91
2001-01-23,0.214,48.35,15.75,14.07,18.53
2001-01-24,2.274,75.75,13.7,26.77,35.28
2001-01-25,7.09,321.84,21.25,128.88,171.7
2001-01-26,2.871,154.64,11.36,61.72,81.56
2001-01-27,0.537,81.96,6.3,32.65,43.01
2001-01-28,0.109,58.85,6.73,17.24,34.89
2001-01-29,0.032,28.51,10.52,0.0,17.99
2001-01-30,0.016,18.04,14.73,0.0,3.3
2001-01-31,0.009,17.81,16.71,0.0,1.1
2001-02-01,0.006,18.51,17.59,0.0,0.91
2001-02-02,0.004,18.82,17.92,0.0,0.91
2001-02-03,0.003,18.9,18.01,0.0,0.91
2001-02-04,0.003,18.87,17.95,0.0,0.9
2001-02-05,0.002,18.88,17.98,0.0,0.9
2001-02-06,0.002,18.91,18.07,0.0,0.89
2001-02-07,0.001,18.94,17.99,0.0,0.89
2001-02-08,0.001,18.86,17.94,0.0,0.9
2001-02-09,3.492,128.23,14.56,49.09,64.59
2001-02-10,6.216,99.45,14.53,36.67,48.25
2001-02-11,8.523,141.95,16.81,54.04,71.11
2001-02-12,13.172,144.3,18.51,54.32,71.48
2001-02-13,0.802,92.48,8.31,36.35,47.83
2001-02-14,0.172,62.27,8.53,20.45,33.29
2001-02-15,0.071,26.87,12.99,0.33,13.55
2001-02-16,0.043,18.94,15.61,0.33,3.01
2001-02-17,0.021,17.92,16.68,0.01,1.22
2001-02-18,0.021,18.07,17.02,0.01,1.03
2001-02-19,4.876,208.09,16.15,82.88,109.06
2001-02-20,5.214,93.85,14.13,34.43,45.3
2001-02-21,0.856,49.37,10.56,16.76,22.05
2001-02-22,2.363,101.8,11.84,38.85,51.12
2001-02-23,3.923,88.49,13.62,32.33,42.54
2001-02-24,7.759,164.94,17.35,63.73,83.86
2001-02-25,1.119,82.83,10.78,31.12,40.94
2001-02-26,0.227,50.37,9.75,16.21,24.41
2001-02-27,0.099,23.86,13.62,0.47,9.78
2001-02-28,0.059,18.75,15.59,0.5,2.66
2001-03-01,0.05,18.22,16.52,0.51,1.19
2001-03-02,2.013,96.51,14.36,35.39,46.76
2001-03-03,0.351,94.4,8.99,36.7,48.71
2001-03-04,8.244,195.7,19.65,75.88,100.17
2001-03-05,5.214,105.61,14.57,39.3,51.74
2001-03-06,1.227,53.57,10.8,18.47,24.31
2001-03-07,0.28,36.15,11.21,10.14,14.8
2001-03-08,0.142,20.73,14.72,0.6,5.41
2001-03-09,0.101,18.86,16.37,0.65,1.85
2001-03-10,0.078,18.44,16.66,0.62,1.15
2001-03-11,0.067,18.58,16.89,0.61,1.08
2001-03-12,0.054,18.68,17.03,0.59,1.07
2001-03-13,0.044,18.7,17.1,0.53,1.07
2001-03-14,0.036,18.92,17.38,0.47,1.07
2001-03-15,0.029,19.17,17.75,0.35,1.07
2001-03-16,0.023,19.58,18.35,0.15,1.09
2001-03-17,0.016,19.91,18.82,0.02,1.07
2001-03-18,0.013,20.25,19.16,0.01,1.07
2001-03-19,0.009,20.42,19.38,0.01,1.02
2001-03-20,0.005,20.98,19.99,0.0,0.99
2001-03-21,0.001,20.16,19.26,0.0,0.88
2001-03-22,0.0,23.15,21.46,0.0,0.17
2001-03-23,0.0,0.0,0.0,0.0,0.0
2001-03-24,0.0,0.0,0.0,0.0,0.0
2001-03-25,0.879,115.15,12.33,44.4,58.42
2001-03-26,0.149,76.26,6.32,26.92,43.03
2001-03-27,0.026,41.03,4.81,0.0,36.21
2001-03-28,0.005,20.44,5.04,0.0,15.41
2001-03-29,0.001,9.92,5.92,0.0,4.04
2001-03-30,0.0,5.79,5.02,0.0,1.03
2001-03-31,0.0,3.86,4.76,0.0,0.27
2001-04-01,0.0,0.0,2.65,0.0,0.04
2001-04-02,0.0,0.0,0.0,0.0,0.0
2001-04-03,0.0,0.0,0.0,0.0,0.0
2001-04-04,0.0,0.0,0.0,0.0,0.0
2001-04-05,0.0,0.0,0.0,0.0,0.0
2001-04-06,0.86,100.06,16.02,36.18,47.86
2001-04-07,5.815,158.66,15.12,61.96,81.58
2001-04-08,0.459,144.82,6.81,59.53,78.48
2001-04-09,0.455,58.12,4.58,23.1,30.44
2001-04-10,0.137,46.15,5.27,15.68,25.2
2001-04-11,0.03,25.01,6.76,0.0,18.26
2001-04-12,0.012,17.14,12.9,0.0,4.24
2001-04-13,0.004,16.16,14.88,0.0,1.3
2001-04-14,0.002,17.25,16.41,0.0,0.86
2001-04-15,0.001,18.47,17.57,0.0,0.87
2001-04-16,0.001,18.48,17.64,0.0,0.87
2001-04-17,0.0,18.47,17.59,0.0,0.87
2001-04-18,0.0,18.6,17.95,0.0,0.89
2001-04-19,0.0,19.06,18.18,0.0,0.9
2001-04-20,4.641,128.87,16.0,48.74,64.13
2001-04-21,1.499,82.57,11.49,30.69,40.39
2001-04-22,0.223,64.01,6.64,24.09,33.28
2001-04-23,0.044,33.67,6.8,0.02,26.85
2001-04-24,0.01,20.61,9.0,0.0,11.62
2001-04-25,0.003,15.53,13.17,0.0,2.38
2001-04-26,0.002,17.42,16.46,0.0,0.95
2001-04-27,0.001,18.67,17.82,0.0,0.88
2001-04-28,0.001,19.24,18.34,0.0,0.9
2001-04-29,0.001,19.36,18.29,0.0,0.9
2001-04-30,0.0,18.99,18.18,0.0,0.89
2001-05-01,0.0,19.29,18.42,0.0,0.88
2001-05-02,0.0,0.0,0.0,0.0,0.0
2001-05-03,0.0,0.0,0.0,0.0,0.0
2001-05-04,0.0,0.0,0.0,0.0,0.0
2001-05-05,0.0,0.0,0.0,0.0,0.0
2001-05-06,0.0,0.0,0.0,0.0,0.0
2001-05-07,0.0,0.0,0.0,0.0,0.0
2001-05-08,0.0,0.0,0.0,0.0,0.0
2001-05-09,0.0,0.0,0.0,0.0,0.0
2001-05-10,0.0,0.0,0.0,0.0,0.0
2001-05-11,0.0,0.0,0.0,0.0,0.0
2001-05-12,0.0,0.0,0.0,0.0,0.0
2001-05-13,0.0,0.0,0.0,0.0,0.0
2001-05-14,0.0,0.0,0.0,0.0,0.0
2001-05-15,0.0,0.0,0.0,0.0,0.0
2001-05-16,0.0,0.0,0.0,0.0,0.0
2001-05-17,0.0,0.0,0.0,0.0,0.0
2001-05-18,0.0,0.0,0.0,0.0,0.0
2001-05-19,0.0,0.0,0.0,0.0,0.0
2001-05-20,0.0,0.0,0.0,0.0,0.0
2001-05-21,0.0,0.0,0.0,0.0,0.0
2001-05-22,0.0,0.0,0.0,0.0,0.0
2001-05-23,0.0,0.0,0.0,0.0,0.0
2001-05-24,0.0,0.0,0.0,0.0,0.0
2001-05-25,0.0,0.0,0.0,0.0,0.0
2001-05-26,0.0,0.0,0.0,0.0,0.0
2001-05-27,0.0,0.0,0.0,0.0,0.0
2001-05-28,0.0,0.0,0.0,0.0,0.0
2001-05-29,0.0,0.0,0.0,0.0,0.0
2001-05-30,0.0,0.0,0.0,0.0,0.0
2001-05-31,0.0,0.0,0.0,0.0,0.0
2001-06-01,0.0,0.0,0.0,0.0,0.0
2001-06-02,0.0,0.0,0.0,0.0,0.0
2001-06-03,0.0,0.0,0.0,0.0,0.0
2001-06-04,0.0,0.0,0.0,0.0,0.0
2001-06-05,0.0,0.0,0.0,0.0,0.0
2001-06-06,0.0,0.0,0.0,0.0,0.0
2001-06-07,0.0,0.0,0.0,0.0,0.0
2001-06-08,0.0,0.0,0.0,0.0,0.0
2001-06-09,0.0,0.0,0.0,0.0,0.0
2001-06-10,0.0,0.0,0.0,0.0,0.0
2001-06-11,0.0,0.0,0.0,0.0,0.0
2001-06-12,0.0,0.0,0.0,0.0,0.0
2001-06-13,0.0,0.0,0.0,0.0,0.0
2001-06-14,0.0,0.0,0.0,0.0,0.0
2001-06-15,0.0,0.0,0.0,0.0,0.0
2001-06-16,0.0,0.0,0.0,0.0,0.0
2001-06-17,0.0,0.0,0.0,0.0,0.0
2001-06-18,0.0,0.0,0.0,0.0,0.0
2001-06-19,0.0,0.0,0.0,0.0,0.0
2001-06-20,0.0,0.0,0.0,0.0,0.0
2001-06-21,0.0,0.0,0.0,0.0,0.0
2001-06-22,0.0,0.0,0.0,0.0,0.0
2001-06-23,0.0,0.0,0.0,0.0,0.0
2001-06-24,0.0,0.0,0.0,0.0,0.0
2001-06-25,0.0,0.0,0.0,0.0,0.0
2001-06-26,0.0,0.0,0.0,0.0,0.0
2001-06-27,0.0,0.0,0.0,0.0,0.0
2001-06-28,0.0,0.0,0.0,0.0,0.0
2001-06-29,0.0,0.0,0.0,0.0,0.0
2001-06-30,0.0,0.0,0.0,0.0,0.0
2001-07-01,0.0,0.0,0.0,0.0,0.0
2001-07-02,0.0,0.0,0.0,0.0,0.0
2001-07-03,0.0,0.0,0.0,0.0,0.0
2001-07-04,0.0,0.0,0.0,0.0,0.0
2001-07-05,0.0,0.0,0.0,0.0,0.0
2001-07-06,0.0,0.0,0.0,0.0,0.0
2001-07-07,0.0,0.0,0.0,0.0,0.0
2001-07-08,0.0,0.0,0.0,0.0,0.0
2001-07-09,0.0,0.0,0.0,0.0,0.0
2001-07-10,0.0,0.0,0.0,0.0,0.0
2001-07-11,0.0,0.0,0.0,0.0,0.0
2001-07-12,0.0,0.0,0.0,0.0,0.0
2001-07-13,0.0,0.0,0.0,0.0,0.0
2001-07-14,0.0,0.0,0.0,0.0,0.0
2001-07-15,0.0,0.0,0.0,0.0,0.0
2001-07-16,0.0,0.0,0.0,0.0,0.0
2001-07-17,0.0,0.0,0.0,0.0,0.0
2001-07-18,0.0,0.0,0.0,0.0,0.0
2001-07-19,0.0,0.0,0.0,0.0,0.0
2001-07-20,0.0,0.0,0.0,0.0,0.0
2001-07-21,0.0,0.0,0.0,0.0,0.0
2001-07-22,0.0,0.0,0.0,0.0,0.0
2001-07-23,0.0,0.0,0.0,0.0,0.0
2001-07-24,0.0,0.0,0.0,0.0,0.0
2001-07-25,0.0,0.0,0.0,0.0,0.0
2001-07-26,0.0,0.0,0.0,0.0,0.0
2001-07-27,0.0,0.0,0.0,0.0,0.0
2001-07-28,0.0,0.0,0.0,0.0,0.0
2001-07-29,0.0,0.0,0.0,0.0,0.0
2001-07-30,0.0,0.0,0.0,0.0,0.0
2001-07-31,0.0,0.0,0.0,0.0,0.0
2001-08-01,0.0,0.0,0.0,0.0,0.0
2001-08-02,0.0,0.0,0.0,0.0,0.0
2001-08-03,0.0,0.0,0.0,0.0,0.0
2001-08-04,0.0,0.0,0.0,0.0,0.0
2001-08-05,0.0,0.0,0.0,0.0,0.0
2001-08-06,0.0,0.0,0.0,0.0,0.0
2001-08-07,0.0,0.0,0.0,0.0,0.0
2001-08-08,0.0,0.0,0.0,0.0,0.0
2001-08-09,0.0,0.0,0.0,0.0,0.0
2001-08-10,0.0,0.0,0.0,0.0,0.0
2001-08-11,0.0,0.0,0.0,0.0,0.0
2001-08-12,0.0,0.0,0.0,0.0,0.0
2001-08-13,0.0,0.0,0.0,0.0,0.0
2001-08-14,0.0,0.0,0.0,0.0,0.0
2001-08-15,0.0,0.0,0.0,0.0,0.0
2001-08-16,0.0,0.0,0.0,0.0,0.0
2001-08-17,0.0,0.0,0.0,0.0,0.0
2001-08-18,0.0,0.0,0.0,0.0,0.0
2001-08-19,0.0,0.0,0.0,0.0,0.0
2001-08-20,0.0,0.0,0.0,0.0,0.0
2001-08-21,0.0,0.0,0.0,0.0,0.0
2001-08-22,0.0,0.0,0.0,0.0,0.0
2001-08-23,0.0,0.0,0.0,0.0,0.0
2001-08-24,0.0,0.0,0.0,0.0,0.0
2001-08-25,0.0,0.0,0.0,0.0,0.0
2001-08-26,0.0,0.0,0.0,0.0,0.0
2001-08-27,0.0,0.0,0.0,0.0,0.0
2001-08-28,0.0,0.0,0.0,0.0,0.0
2001-08-29,0.0,0.0,0.0,0.0,0.0
2001-08-30,0.0,0.0,0.0,0.0,0.0
2001-08-31,0.0,0.0,0.0,0.0,0.0
2001-09-01,0.0,0.0,0.0,0.0,0.0
2001-09-02,0.0,0.0,0.0,0.0,0.0
2001-09-03,0.0,0.0,0.0,0.0,0.0
2001-09-04,0.0,0.0,0.0,0.0,0.0
2001-09-05,0.0,0.0,0.0,0.0,0.0
2001-09-06,0.0,0.0,0.0,0.0,0.0
2001-09-07,0.0,0.0,0.0,0.0,0.0
2001-09-08,0.0,0.0,0.0,0.0,0.0
2001-09-09,0.0,0.0,0.0,0.0,0.0
2001-09-10,0.0,0.0,0.0,0.0,0.0
2001-09-11,0.0,0.0,0.0,0.0,0.0
2001-09-12,0.0,0.0,0.0,0.0,0.0
2001-09-13,0.0,0.0,0.0,0.0,0.0
2001-09-14,0.0,0.0,0.0,0.0,0.0
2001-09-15,0.0,0.0,0.0,0.0,0.0
2001-09-16,0.0,0.0,0.0,0.0,0.0
2001-09-17,0.0,0.0,0.0,0.0,0.0
2001-09-18,0.0,0.0,0.0,0.0,0.0
2001-09-19,0.0,0.0,0.0,0.0,0.0
2001-09-20,0.0,0.0,0.0,0.0,0.0
2001-09-21,0.0,0.0,0.0,0.0,0.0
2001-09-22,0.0,0.0,0.0,0.0,0.0
2001-09-23,0.0,0.0,0.0,0.0,0.0
2001-09-24,0.0,0.0,0.0,0.0,0.0
2001-09-25,0.0,0.0,0.0,0.0,0.0
2001-09-26,0.0,0.0,0.0,0.0,0.0
2001-09-27,0.0,0.0,0.0,0.0,0.0
2001-09-28,0.0,0.0,0.0,0.0,0.0
2001-09-29,0.0,0.0,0.0,0.0,0.0
2001-09-30,0.0,0.0,0.0,0.0,0.0
2001-10-01,0.0,0.0,0.0,0.0,0.0
2001-10-02,0.0,0.0,0.0,0.0,0.0
2001-10-03,0.0,0.0,0.0,0.0,0.0
2001-10-04,0.0,0.0,0.0,0.0,0.0
2001-10-05,0.0,0.0,0.0,0.0,0.0
2001-10-06,0.0,0.0,0.0,0.0,0.0
2001-10-07,0.0,0.0,0.0,0.0,0.0
2001-10-08,0.0,0.0,0.0,0.0,0.0
2001-10-09,0.0,0.0,0.0,0.0,0.0
2001-10-10,0.0,0.0,0.0,0.0,0.0
2001-10-11,0.0,0.0,0.0,0.0,0.0
2001-10-12,0.0,0.0,0.0,0.0,0.0
2001-10-13,0.0,0.0,0.0,0.0,0.0
2001-10-14,0.0,0.0,0.0,0.0,0.0
2001-10-15,0.0,0.0,0.0,0.0,0.0
2001-10-16,0.0,0.0,0.0,0.0,0.0
2001-10-17,0.0,0.0,0.0,0.0,0.0
2001-10-18,0.0,0.0,0.0,0.0,0.0
2001-10-19,0.0,0.0,0.0,0.0,0.0
2001-10-20,0.0,0.0,0.0,0.0,0.0
2001-10-21,0.0,0.0,0.0,0.0,0.0
2001-10-22,0.0,0.0,0.0,0.0,0.0
2001-10-23,0.0,0.0,0.0,0.0,0.0
2001-10-24,0.0,0.0,0.0,0.0,0.0
2001-10-25,0.0,0.0,0.0,0.0,0.0
2001-10-26,0.0,0.0,0.0,0.0,0.0
2001-10-27,0.0,0.0,0.0,0.0,0.0
2001-10-28,0.0,0.0,0.0,0.0,0.0
2001-10-29,0.0,0.0,0.0,0.0,0.0
2001-10-30,0.723,47.3,13.31,14.44,19.55
2001-10-31,0.16,32.62,7.84,9.26,15.52
2001-11-01,0.025,18.48,4.79,0.0,13.69
2001-11-02,0.005,10.83,5.0,0.0,5.83
2001-11-03,0.001,7.94,6.41,0.0,1.53
2001-11-04,0.0,10.68,9.95,0.0,0.6
2001-11-05,0.0,14.47,14.87,0.0,0.68
2001-11-06,0.0,16.2,15.32,0.0,0.72
2001-11-07,0.0,19.29,18.97,0.0,0.91
2001-11-08,0.0,0.0,0.0,0.0,0.0
2001-11-09,0.0,0.0,0.0,0.0,0.0
2001-11-10,0.0,0.0,0.0,0.0,0.0
2001-11-11,0.0,0.0,0.0,0.0,0.0
2001-11-12,12.125,437.68,25.49,175.27,236.92
2001-11-13,0.906,220.58,8.41,91.17,121.01
2001-11-14,0.142,179.71,5.49,67.36,106.86
2001-11-15,0.033,80.31,7.77,0.0,72.54
2001-11-16,0.011,30.16,12.58,0.0,17.58
2001-11-17,0.007,18.69,16.33,0.0,2.35
2001-11-18,0.005,18.69,17.68,0.0,0.99
2001-11-19,0.004,18.93,18.01,0.0,0.93
2001-11-20,0.004,19.04,18.14,0.0,0.92
2001-11-21,0.003,19.01,18.07,0.0,0.92
2001-11-22,0.003,19.04,18.1,0.0,0.91
2001-11-23,0.002,19.05,18.14,0.0,0.91
2001-11-24,12.005,304.76,23.21,119.34,162.2
2001-11-25,1.742,100.8,11.67,38.43,50.7
2001-11-26,0.25,73.77,6.45,28.79,38.53
2001-11-27,0.057,36.21,8.32,0.32,27.57
2001-11-28,0.021,21.12,12.43,0.0,8.69
2001-11-29,5.322,122.46,13.0,47.26,62.2
2001-11-30,0.682,103.01,7.87,41.04,54.1
2001-12-01,1.534,61.62,12.71,21.11,27.79
2001-12-02,18.353,237.45,23.59,89.76,124.09
2001-12-03,3.893,102.88,13.42,38.58,50.89
2001-12-04,0.549,76.51,8.01,29.58,38.92
2001-12-05,0.72,60.47,10.89,20.64,28.94
2001-12-06,1.064,52.09,10.54,17.72,23.83
2001-12-07,0.189,38.46,7.71,12.1,18.66
2001-12-08,0.054,21.56,10.85,0.02,10.69
2001-12-09,0.021,17.31,14.2,0.01,3.1
2001-12-10,0.018,17.71,16.58,0.01,1.12
2001-12-11,0.016,17.69,16.71,0.01,0.99
2001-12-12,0.014,18.15,17.16,0.01,0.98
2001-12-13,0.108,1.73,1.64,0.0,0.09
2001-12-14,7.951,285.0,18.64,114.69,151.68
2001-12-15,0.491,226.32,6.97,94.64,124.7
2001-12-16,0.098,149.94,7.21,42.53,100.2
2001-12-17,1.29,164.97,13.49,64.81,86.67
2001-12-18,0.267,106.33,8.75,40.7,56.87
2001-12-19,0.06,44.64,9.46,0.08,35.09
2001-12-20,7.478,141.32,16.85,53.73,70.73
2001-12-21,3.557,108.66,15.53,40.21,52.92
2001-12-22,2.606,86.67,11.81,32.33,42.54
2001-12-23,0.908,54.6,10.22,19.17,25.22
2001-12-24,0.188,35.42,9.18,10.1,16.14
2001-12-25,0.074,20.61,13.17,0.38,7.06
2001-12-26,0.053,18.15,15.83,0.47,1.85
2001-12-27,0.041,18.38,16.77,0.49,1.12
2001-12-28,6.857,136.57,17.08,51.58,67.9
2001-12-29,13.179,208.33,20.83,79.55,107.95
2001-12-30,5.23,96.66,14.52,35.45,46.68
2001-12-31,3.677,110.6,12.43,42.39,55.78
2002-01-01,0.709,65.29,10.7,23.57,31.02
2002-01-02,6.914,105.1,14.19,39.25,51.65
2002-01-03,1.998,62.31,12.07,21.69,28.54
2002-01-04,0.488,34.36,11.58,9.84,12.95
2002-01-05,0.279,21.28,14.82,1.97,4.49
2002-01-06,0.247,18.44,15.99,0.69,1.76
2002-01-07,0.193,17.99,16.05,0.68,1.26
2002-01-08,0.192,18.01,16.15,0.7,1.16
2002-01-09,0.161,17.89,16.07,0.68,1.13
2002-01-10,0.136,17.78,15.99,0.68,1.11
2002-01-11,0.114,17.8,16.04,0.66,1.09
2002-01-12,0.101,17.8,16.06,0.66,1.08
2002-01-13,0.093,17.8,16.08,0.64,1.08
2002-01-14,0.083,17.8,16.11,0.62,1.07
2002-01-15,0.066,17.76,16.14,0.57,1.06
2002-01-16,0.059,17.88,16.27,0.55,1.06
2002-01-17,0.056,17.97,16.36,0.54,1.06
2002-01-18,0.047,17.92,16.39,0.48,1.05
2002-01-19,0.04,18.06,16.58,0.43,1.05
2002-01-20,0.031,17.56,16.36,0.16,1.03
2002-01-21,0.03,18.03,16.86,0.12,1.05
2002-01-22,0.02,17.9,16.84,0.03,1.02
2002-01-23,0.02,17.93,16.87,0.03,1.03
2002-01-24,0.018,18.29,17.25,0.02,1.03
2002-01-25,0.014,18.7,17.67,0.01,1.01
2002-01-26,0.667,82.5,13.81,29.51,39.18
2002-01-27,0.275,58.69,11.03,19.69,27.97
2002-01-28,0.164,25.38,10.7,3.56,11.12
2002-01-29,0.052,16.78,9.48,0.03,7.27
2002-01-30,0.02,15.76,13.33,0.01,2.42
2002-01-31,0.014,17.66,16.58,0.01,1.06
2002-02-01,0.01,18.82,17.83,0.01,0.98
2002-02-02,0.008,19.49,18.5,0.0,0.98
2002-02-03,0.006,20.04,19.07,0.0,0.97
2002-02-04,0.004,20.36,19.39,0.0,0.96
2002-02-05,0.002,20.81,19.9,0.0,0.94
2002-02-06,0.0,20.74,20.02,0.0,0.84
2002-02-07,0.0,0.0,0.0,0.0,0.0
2002-02-08,0.742,139.47,18.41,52.24,68.82
2002-02-09,0.115,49.48,9.48,14.01,25.99
2002-02-10,0.018,20.46,6.2,0.0,14.27
2002-02-11,0.004,12.9,8.49,0.0,4.4
2002-02-12,0.001,11.32,10.06,0.0,1.26
2002-02-13,0.0,14.47,14.01,0.0,0.72
2002-02-14,0.0,19.06,17.99,0.0,0.83
2002-02-15,0.0,20.83,20.19,0.0,0.95
2002-02-16,0.0,21.22,19.6,0.0,0.9
2002-02-17,4.873,126.07,15.92,47.56,62.59
2002-02-18,0.506,87.74,7.51,34.6,45.63
2002-02-19,1.993,77.6,11.92,28.36,37.32
2002-02-20,0.898,63.07,9.58,23.1,30.4
2002-02-21,0.17,43.56,7.39,14.14,22.03
2002-02-22,0.053,22.9,11.03,0.1,11.77
2002-02-23,0.022,17.33,14.05,0.01,3.26
2002-02-24,0.019,17.62,16.46,0.02,1.14
2002-02-25,0.013,18.31,17.31,0.01,1.0
2002-02-26,0.007,19.46,18.51,0.0,0.94
2002-02-27,0.002,19.42,18.58,0.0,0.88
2002-02-28,0.001,19.23,18.35,0.0,0.9
2002-03-01,0.001,19.0,18.05,0.0,0.86
2002-03-02,0.0,18.84,18.16,0.0,0.9
2002-03-03,0.0,18.81,17.87,0.0,0.88
2002-03-04,0.0,19.12,18.1,0.0,0.9
2002-03-05,0.0,19.84,18.61,0.0,0.91
2002-03-06,0.461,71.24,12.54,25.27,33.43
2002-03-07,3.852,86.81,13.63,31.56,41.61
2002-03-08,0.56,67.4,7.99,25.59,33.81
2002-03-09,0.1,47.25,6.57,12.92,27.76
2002-03-10,0.708,68.54,14.55,22.87,31.11
2002-03-11,0.112,36.97,9.56,8.18,19.24
2002-03-12,0.026,20.81,10.7,0.0,10.11
2002-03-13,0.006,14.79,11.4,0.0,3.4
2002-03-14,0.005,17.83,16.81,0.0,1.02
2002-03-15,0.003,19.54,18.64,0.0,0.91
2002-03-16,0.001,19.19,18.31,0.0,0.89
2002-03-17,5.79,250.01,18.55,99.95,131.51
2002-03-18,0.785,179.4,8.28,73.84,97.28
2002-03-19,0.138,133.52,6.49,47.52,79.51
2002-03-20,0.037,55.64,9.72,0.0,45.92
2002-03-21,0.013,25.15,13.76,0.0,11.39
2002-03-22,0.005,18.11,15.88,0.0,2.22
2002-03-23,6.33,144.98,15.45,55.93,73.6
2002-03-24,0.545,96.13,7.28,38.34,50.51
2002-03-25,0.114,64.45,7.62,18.6,38.23
2002-03-26,0.038,28.98,11.77,0.02,17.2
2002-03-27,0.02,18.8,15.51,0.01,3.27
2002-03-28,0.01,18.88,17.72,0.0,1.16
2002-03-29,0.005,19.32,18.4,0.0,0.94
2002-03-30,0.002,18.76,17.89,0.0,0.88
2002-03-31,0.002,18.82,17.92,0.0,0.89
2002-04-01,0.001,18.93,18.01,0.0,0.9
2002-04-02,0.001,18.81,17.99,0.0,0.89
2002-04-03,0.001,18.81,17.98,0.0,0.89
2002-04-04,0.001,18.78,17.92,0.0,0.89
2002-04-05,0.0,19.19,18.32,0.0,0.91
2002-04-06,0.0,18.6,17.68,0.0,0.88
2002-04-07,0.0,18.52,17.58,0.0,0.87
2002-04-08,0.0,19.99,18.57,0.0,0.91
2002-04-09,0.0,11.57,10.87,0.0,0.44
2002-04-10,0.0,0.0,0.0,0.0,0.0
2002-04-11,0.0,0.0,0.0,0.0,0.0
2002-04-12,0.0,0.0,0.0,0.0,0.0
2002-04-13,0.0,0.0,0.0,0.0,0.0
2002-04-14,0.0,0.0,0.0,0.0,0.0
2002-04-15,0.0,0.0,0.0,0.0,0.0
2002-04-16,0.0,0.0,0.0,0.0,0.0
2002-04-17,0.0,0.0,0.0,0.0,0.0
2002-04-18,0.0,0.0,0.0,0.0,0.0
2002-04-19,0.0,0.0,0.0,0.0,0.0
2002-04-20,0.0,0.0,0.0,0.0,0.0
2002-04-21,0.0,0.0,0.0,0.0,0.0
2002-04-22,0.0,0.0,0.0,0.0,0.0
2002-04-23,0.0,0.0,0.0,0.0,0.0
2002-04-24,0.0,0.0,0.0,0.0,0.0
2002-04-25,0.0,0.0,0.0,0.0,0.0
2002-04-26,0.0,0.0,0.0,0.0,0.0
2002-04-27,0.0,0.0,0.0,0.0,0.0
2002-04-28,0.0,0.0,0.0,0.0,0.0
2002-04-29,0.0,0.0,0.0,0.0,0.0
2002-04-30,0.0,0.0,0.0,0.0,0.0
2002-05-01,0.0,0.0,0.0,0.0,0.0
2002-05-02,0.0,0.0,0.0,0.0,0.0
2002-05-03,0.0,0.0,0.0,0.0,0.0
2002-05-04,0.0,0.0,0.0,0.0,0.0
2002-05-05,0.0,0.0,0.0,0.0,0.0
2002-05-06,0.0,0.0,0.0,0.0,0.0
2002-05-07,0.0,0.0,0.0,0.0,0.0
2002-05-08,0.0,0.0,0.0,0.0,0.0
2002-05-09,0.0,0.0,0.0,0.0,0.0
2002-05-10,0.0,0.0,0.0,0.0,0.0
2002-05-11,0.0,0.0,0.0,0.0,0.0
2002-05-12,0.0,0.0,0.0,0.0,0.0
2002-05-13,0.0,0.0,0.0,0.0,0.0
2002-05-14,0.0,0.0,0.0,0.0,0.0
2002-05-15,0.0,0.0,0.0,0.0,0.0
2002-05-16,0.0,0.0,0.0,0.0,0.0
2002-05-17,0.0,0.0,0.0,0.0,0.0
2002-05-18,0.0,0.0,0.0,0.0,0.0
2002-05-19,0.0,0.0,0.0,0.0,0.0
2002-05-20,2.065,92.77,13.61,34.1,45.06
2002-05-21,1.018,66.01,10.56,23.91,31.54
2002-05-22,0.154,52.26,5.6,18.37,28.28
2002-05-23,0.028,29.22,4.93,0.0,24.29
2002-05-24,0.006,16.18,6.13,0.0,10.06
2002-05-25,0.001,11.65,9.24,0.0,2.36
2002-05-26,0.001,15.05,14.2,0.0,0.86
2002-05-27,0.0,18.72,17.9,0.0,0.86
2002-05-28,0.0,19.29,18.69,0.0,0.9
2002-05-29,0.0,20.42,19.65,0.0,0.93
2002-05-30,0.0,21.49,20.87,0.0,0.98
2002-05-31,0.0,23.15,20.45,0.0,0.91
2002-06-01,0.0,11.57,9.59,0.0,0.45
2002-06-02,0.0,0.0,0.0,0.0,0.0
2002-06-03,0.0,0.0,0.0,0.0,0.0
2002-06-04,0.0,0.0,0.0,0.0,0.0
2002-06-05,0.0,0.0,0.0,0.0,0.0
2002-06-06,0.0,0.0,0.0,0.0,0.0
2002-06-07,0.0,0.0,0.0,0.0,0.0
2002-06-08,0.0,0.0,0.0,0.0,0.0
2002-06-09,0.0,0.0,0.0,0.0,0.0
2002-06-10,0.0,0.0,0.0,0.0,0.0
2002-06-11,0.0,0.0,0.0,0.0,0.0
2002-06-12,0.0,0.0,0.0,0.0,0.0
2002-06-13,0.0,0.0,0.0,0.0,0.0
2002-06-14,0.0,0.0,0.0,0.0,0.0
2002-06-15,0.0,0.0,0.0,0.0,0.0
2002-06-16,0.0,0.0,0.0,0.0,0.0
2002-06-17,0.0,0.0,0.0,0.0,0.0
2002-06-18,0.0,0.0,0.0,0.0,0.0
2002-06-19,0.0,0.0,0.0,0.0,0.0
2002-06-20,0.0,0.0,0.0,0.0,0.0
2002-06-21,0.0,0.0,0.0,0.0,0.0
2002-06-22,0.0,0.0,0.0,0.0,0.0
2002-06-23,0.0,0.0,0.0,0.0,0.0
2002-06-24,0.0,0.0,0.0,0.0,0.0
2002-06-25,0.0,0.0,0.0,0.0,0.0
2002-06-26,0.0,0.0,0.0,0.0,0.0
2002-06-27,0.0,0.0,0.0,0.0,0.0
2002-06-28,0.0,0.0,0.0,0.0,0.0
2002-06-29,0.0,0.0,0.0,0.0,0.0
2002-06-30,0.0,0.0,0.0,0.0,0.0
2002-07-01,0.0,0.0,0.0,0.0,0.0
2002-07-02,0.0,0.0,0.0,0.0,0.0
2002-07-03,0.0,0.0,0.0,0.0,0.0
2002-07-04,0.0,0.0,0.0,0.0,0.0
2002-07-05,0.0,0.0,0.0,0.0,0.0
2002-07-06,0.0,0.0,0.0,0.0,0.0
2002-07-07,0.0,0.0,0.0,0.0,0.0
2002-07-08,0.0,0.0,0.0,0.0,0.0
2002-07-09,0.0,0.0,0.0,0.0,0.0
2002-07-10,0.0,0.0,0.0,0.0,0.0
2002-07-11,0.0,0.0,0.0,0.0,0.0
2002-07-12,0.0,0.0,0.0,0.0,0.0
2002-07-13,0.0,0.0,0.0,0.0,0.0
2002-07-14,0.0,0.0,0.0,0.0,0.0
2002-07-15,0.0,0.0,0.0,0.0,0.0
2002-07-16,0.0,0.0,0.0,0.0,0.0
2002-07-17,0.0,0.0,0.0,0.0,0.0
2002-07-18,0.0,0.0,0.0,0.0,0.0
2002-07-19,0.0,0.0,0.0,0.0,0.0
2002-07-20,0.0,0.0,0.0,0.0,0.0
2002-07-21,0.0,0.0,0.0,0.0,0.0
2002-07-22,0.0,0.0,0.0,0.0,0.0
2002-07-23,0.0,0.0,0.0,0.0,0.0
2002-07-24,0.0,0.0,0.0,0.0,0.0
2002-07-25,0.0,0.0,0.0,0.0,0.0
2002-07-26,0.0,0.0,0.0,0.0,0.0
2002-07-27,0.0,0.0,0.0,0.0,0.0
2002-07-28,0.0,0.0,0.0,0.0,0.0
2002-07-29,0.0,0.0,0.0,0.0,0.0
2002-07-30,0.0,0.0,0.0,0.0,0.0
2002-07-31,0.0,0.0,0.0,0.0,0.0
2002-08-01,0.0,0.0,0.0,0.0,0.0
2002-08-02,0.0,0.0,0.0,0.0,0.0
2002-08-03,0.0,0.0,0.0,0.0,0.0
2002-08-04,0.0,0.0,0.0,0.0,0.0
2002-08-05,0.0,0.0,0.0,0.0,0.0
2002-08-06,0.0,0.0,0.0,0.0,0.0
2002-08-07,0.0,0.0,0.0,0.0,0.0
2002-08-08,0.0,0.0,0.0,0.0,0.0
2002-08-09,0.0,0.0,0.0,0.0,0.0
2002-08-10,0.0,0.0,0.0,0.0,0.0
2002-08-11,0.0,0.0,0.0,0.0,0.0
2002-08-12,0.0,0.0,0.0,0.0,0.0
2002-08-13,0.0,0.0,0.0,0.0,0.0
2002-08-14,0.0,0.0,0.0,0.0,0.0
2002-08-15,0.0,0.0,0.0,0.0,0.0
2002-08-16,0.0,0.0,0.0,0.0,0.0
2002-08-17,0.0,0.0,0.0,0.0,0.0
2002-08-18,0.0,0.0,0.0,0.0,0.0
2002-08-19,0.0,0.0,0.0,0.0,0.0
2002-08-20,0.0,0.0,0.0,0.0,0.0
2002-08-21,0.0,0.0,0.0,0.0,0.0
2002-08-22,0.0,0.0,0.0,0.0,0.0
2002-08-23,0.0,0.0,0.0,0.0,0.0
2002-08-24,0.0,0.0,0.0,0.0,0.0
2002-08-25,0.0,0.0,0.0,0.0,0.0
2002-08-26,0.0,0.0,0.0,0.0,0.0
2002-08-27,0.0,0.0,0.0,0.0,0.0
2002-08-28,0.0,0.0,0.0,0.0,0.0
2002-08-29,0.0,0.0,0.0,0.0,0.0
2002-08-30,0.0,0.0,0.0,0.0,0.0
2002-08-31,0.0,0.0,0.0,0.0,0.0
2002-09-01,0.0,0.0,0.0,0.0,0.0
2002-09-02,0.0,0.0,0.0,0.0,0.0
2002-09-03,0.0,0.0,0.0,0.0,0.0
2002-09-04,0.0,0.0,0.0,0.0,0.0
2002-09-05,0.0,0.0,0.0,0.0,0.0
2002-09-06,0.0,0.0,0.0,0.0,0.0
2002-09-07,0.0,0.0,0.0,0.0,0.0
2002-09-08,0.0,0.0,0.0,0.0,0.0
2002-09-09,0.0,0.0,0.0,0.0,0.0
2002-09-10,0.0,0.0,0.0,0.0,0.0
2002-09-11,0.0,0.0,0.0,0.0,0.0
2002-09-12,0.0,0.0,0.0,0.0,0.0
2002-09-13,0.0,0.0,0.0,0.0,0.0
2002-09-14,0.0,0.0,0.0,0.0,0.0
2002-09-15,0.0,0.0,0.0,0.0,0.0
2002-09-16,0.0,0.0,0.0,0.0,0.0
2002-09-17,0.0,0.0,0.0,0.0,0.0
2002-09-18,0.0,0.0,0.0,0.0,0.0
2002-09-19,0.0,0.0,0.0,0.0,0.0
2002-09-20,0.0,0.0,0.0,0.0,0.0
2002-09-21,0.0,0.0,0.0,0.0,0.0
2002-09-22,0.0,0.0,0.0,0.0,0.0
2002-09-23,0.0,0.0,0.0,0.0,0.0
2002-09-24,0.0,0.0,0.0,0.0,0.0
2002-09-25,0.0,0.0,0.0,0.0,0.0
2002-09-26,0.0,0.0,0.0,0.0,0.0
2002-09-27,0.0,0.0,0.0,0.0,0.0
2002-09-28,0.0,0.0,0.0,0.0,0.0
2002-09-29,0.0,0.0,0.0,0.0,0.0
2002-09-30,0.0,0.0,0.0,0.0,0.0
2002-10-01,0.0,0.0,0.0,0.0,0.0
2002-10-02,0.0,0.0,0.0,0.0,0.0
2002-10-03,0.0,0.0,0.0,0.0,0.0
2002-10-04,0.0,0.0,0.0,0.0,0.0
2002-10-05,0.0,0.0,0.0,0.0,0.0
2002-10-06,0.0,0.0,0.0,0.0,0.0
2002-10-07,0.0,0.0,0.0,0.0,0.0
2002-10-08,0.0,0.0,0.0,0.0,0.0
2002-10-09,0.0,0.0,0.0,0.0,0.0
2002-10-10,0.0,0.0,0.0,0.0,0.0
2002-10-11,0.0,0.0,0.0,0.0,0.0
2002-10-12,0.0,0.0,0.0,0.0,0.0
2002-10-13,0.0,0.0,0.0,0.0,0.0
2002-10-14,0.0,0.0,0.0,0.0,0.0
2002-10-15,0.0,0.0,0.0,0.0,0.0
2002-10-16,0.0,0.0,0.0,0.0,0.0
2002-10-17,0.0,0.0,0.0,0.0,0.0
2002-10-18,0.0,0.0,0.0,0.0,0.0
2002-10-19,0.0,0.0,0.0,0.0,0.0
2002-10-20,0.0,0.0,0.0,0.0,0.0
2002-10-21,0.0,0.0,0.0,0.0,0.0
2002-10-22,0.0,0.0,0.0,0.0,0.0
2002-10-23,0.0,0.0,0.0,0.0,0.0
2002-10-24,0.0,0.0,0.0,0.0,0.0
2002-10-25,0.0,0.0,0.0,0.0,0.0
2002-10-26,0.0,0.0,0.0,0.0,0.0
2002-10-27,0.0,0.0,0.0,0.0,0.0
2002-10-28,0.0,0.0,0.0,0.0,0.0
2002-10-29,0.0,0.0,0.0,0.0,0.0
2002-10-30,0.0,0.0,0.0,0.0,0.0
2002-10-31,0.0,0.0,0.0,0.0,0.0
2002-11-01,0.0,0.0,0.0,0.0,0.0
2002-11-02,0.0,0.0,0.0,0.0,0.0
2002-11-03,0.0,0.0,0.0,0.0,0.0
2002-11-04,0.0,0.0,0.0,0.0,0.0
2002-11-05,0.0,0.0,0.0,0.0,0.0
2002-11-06,0.0,0.0,0.0,0.0,0.0
2002-11-07,8.432,337.11,27.88,130.17,179.06
2002-11-08,46.469,911.95,40.47,377.27,494.21
2002-11-09,2.897,165.98,12.76,66.02,87.2
2002-11-10,1.062,85.8,11.35,32.13,42.32
2002-11-11,0.358,63.11,10.0,22.89,30.22
2002-11-12,0.108,28.93,12.41,1.19,15.34
2002-11-13,0.059,20.42,15.68,0.5,4.24
2002-11-14,0.039,18.67,16.93,0.36,1.37
2002-11-15,0.026,18.66,17.54,0.04,1.08
2002-11-16,0.016,19.1,18.08,0.01,1.01
2002-11-17,0.013,19.31,18.3,0.01,1.0
2002-11-18,0.009,19.23,18.27,0.0,0.96
2002-11-19,0.004,18.73,17.83,0.0,0.89
2002-11-20,0.003,18.52,17.64,0.0,0.89
2002-11-21,0.002,18.46,17.55,0.0,0.88
2002-11-22,0.001,18.24,17.36,0.0,0.88
2002-11-23,0.001,18.08,17.22,0.0,0.87
2002-11-24,0.001,18.16,17.21,0.0,0.87
2002-11-25,0.0,18.52,17.61,0.0,0.86
2002-11-26,0.0,11.57,8.8,0.0,0.31
2002-11-27,0.0,5.79,3.9,0.0,0.58
2002-11-28,0.0,11.57,5.39,0.0,0.74
2002-11-29,0.0,0.0,2.88,0.0,0.36
2002-11-30,0.0,0.0,0.0,0.0,0.0
2002-12-01,0.0,0.0,0.0,0.0,0.0
2002-12-02,0.0,0.0,0.0,0.0,0.0
2002-12-03,0.0,0.0,0.0,0.0,0.0
2002-12-04,0.0,0.0,0.0,0.0,0.0
2002-12-05,0.0,0.0,0.0,0.0,0.0
2002-12-06,0.0,0.0,0.0,0.0,0.0
2002-12-07,0.0,0.0,0.0,0.0,0.0
2002-12-08,0.0,0.0,0.0,0.0,0.0
2002-12-09,0.0,0.0,0.0,0.0,0.0
2002-12-10,0.0,0.0,0.0,0.0,0.0
2002-12-11,0.0,0.0,0.0,0.0,0.0
2002-12-12,0.0,0.0,0.0,0.0,0.0
2002-12-13,9.414,202.08,23.31,75.91,102.86
2002-12-14,17.299,311.7,23.53,122.58,165.59
2002-12-15,4.168,200.01,13.11,80.28,106.62
2002-12-16,25.979,403.37,28.96,159.12,215.28
2002-12-17,8.309,117.48,15.8,43.83,57.85
2002-12-18,1.806,51.25,10.74,17.48,23.03
2002-12-19,14.89,378.17,26.84,148.58,202.74
2002-12-20,13.947,192.28,18.47,74.77,99.03
2002-12-21,6.28,88.14,13.54,32.21,42.39
2002-12-22,1.231,38.01,12.67,10.94,14.4
2002-12-23,0.698,22.35,14.53,3.37,4.44
2002-12-24,0.577,18.6,15.44,1.36,1.8
2002-12-25,0.501,17.8,15.59,0.95,1.26
2002-12-26,0.437,17.49,15.56,0.77,1.16
2002-12-27,0.404,17.36,15.54,0.68,1.14
2002-12-28,5.005,180.75,18.92,69.87,91.96
2002-12-29,6.962,111.23,15.76,41.23,54.25
2002-12-30,1.041,48.77,11.98,15.89,20.91
2002-12-31,8.318,232.49,16.87,93.11,122.51
2003-01-01,1.265,65.17,12.36,22.8,30.01
2003-01-02,0.705,30.48,14.39,6.94,9.14
2003-01-03,0.551,20.35,15.37,2.15,2.83
2003-01-04,0.479,18.06,15.58,1.02,1.46
2003-01-05,0.408,17.55,15.63,0.72,1.2
2003-01-06,0.315,17.35,15.54,0.66,1.15
2003-01-07,0.282,17.45,15.64,0.67,1.14
2003-01-08,0.264,17.42,15.61,0.67,1.14
2003-01-09,0.813,52.98,13.63,16.96,22.39
2003-01-10,5.763,193.72,16.5,76.52,100.69
2003-01-11,0.881,96.9,10.62,37.26,49.02
2003-01-12,0.399,43.23,13.38,12.51,17.35
2003-01-13,0.298,20.51,15.1,0.69,4.72
2003-01-14,0.261,18.0,15.52,0.66,1.82
2003-01-15,0.218,17.39,15.47,0.65,1.27
2003-01-16,0.178,17.18,15.37,0.65,1.16
2003-01-17,0.153,17.09,15.3,0.65,1.14
2003-01-18,0.138,17.08,15.31,0.64,1.13
2003-01-19,0.12,17.0,15.27,0.62,1.12
2003-01-20,0.106,16.95,15.24,0.61,1.1
2003-01-21,0.092,16.9,15.24,0.58,1.08
2003-01-22,0.081,16.91,15.29,0.55,1.07
2003-01-23,0.075,16.83,15.23,0.54,1.06
2003-01-24,0.067,16.74,15.18,0.5,1.05
2003-01-25,0.058,16.86,15.34,0.47,1.05
2003-01-26,0.047,16.88,15.42,0.43,1.03
2003-01-27,0.036,16.56,15.29,0.26,1.01
2003-01-28,0.033,16.67,15.48,0.17,1.02
2003-01-29,0.025,16.59,15.53,0.05,1.0
2003-01-30,0.019,16.13,15.15,0.01,0.96
2003-01-31,0.015,16.55,15.58,0.01,0.96
2003-02-01,0.01,17.05,16.12,0.0,0.93
2003-02-02,0.002,13.83,13.14,0.0,0.67
2003-02-03,0.003,19.65,18.76,0.0,0.93
2003-02-04,0.0,13.02,13.68,0.0,0.13
2003-02-05,0.0,0.0,3.81,0.0,0.01
2003-02-06,0.0,0.0,0.0,0.0,0.0
2003-02-07,0.0,0.0,0.0,0.0,0.0
2003-02-08,0.0,0.0,0.0,0.0,0.0
2003-02-09,0.0,0.0,0.0,0.0,0.0
2003-02-10,0.0,0.0,0.0,0.0,0.0
2003-02-11,0.0,0.0,0.0,0.0,0.0
2003-02-12,1.278,70.05,14.33,24.04,31.68
2003-02-13,0.721,41.27,11.31,12.92,17.04
2003-02-14,0.131,28.34,10.51,6.12,11.71
2003-02-15,0.163,3.21,2.09,0.0,1.12
2003-02-16,7.98,228.28,16.64,91.39,120.25
2003-02-17,0.994,64.17,9.69,23.53,30.96
2003-02-18,0.216,44.52,9.4,13.96,21.16
2003-02-19,0.105,21.76,13.45,0.46,7.85
2003-02-20,0.068,17.98,15.15,0.5,2.33
2003-02-21,0.056,17.36,15.71,0.48,1.17
2003-02-22,0.046,17.47,15.96,0.46,1.05
2003-02-23,0.035,17.47,16.09,0.36,1.03
2003-02-24,0.382,37.08,5.34,13.68,18.06
2003-02-25,5.463,139.3,16.29,53.12,69.89
2003-02-26,0.578,79.1,6.94,31.15,41.01
2003-02-27,2.675,152.91,13.5,60.2,79.21
2003-02-28,0.387,124.04,9.04,49.66,65.34
2003-03-01,0.14,48.7,12.56,6.51,29.63
2003-03-02,0.093,23.51,15.5,0.58,7.44
2003-03-03,0.074,18.75,16.38,0.6,1.78
2003-03-04,0.059,18.28,16.58,0.57,1.12
2003-03-05,0.049,18.18,16.6,0.52,1.06
2003-03-06,0.04,18.29,16.75,0.48,1.06
2003-03-07,0.033,18.36,16.93,0.38,1.06
2003-03-08,0.026,18.5,17.24,0.21,1.06
2003-03-09,0.021,18.82,17.71,0.05,1.06
2003-03-10,0.015,19.49,18.41,0.02,1.06
2003-03-11,0.011,20.17,19.13,0.01,1.04
2003-03-12,0.007,20.19,19.19,0.0,0.99
2003-03-13,0.004,20.93,19.95,0.0,0.97
2003-03-14,0.026,0.19,0.19,0.0,0.01
2003-03-15,8.624,310.56,20.54,123.85,166.17
2003-03-16,1.811,135.31,11.41,53.47,70.42
2003-03-17,0.42,98.26,8.61,38.69,50.96
2003-03-18,0.114,48.94,10.35,9.37,29.22
2003-03-19,0.06,23.52,14.26,0.42,8.85
2003-03-20,0.041,18.11,15.81,0.37,1.93
2003-03-21,0.034,17.87,16.43,0.33,1.1
2003-03-22,0.026,18.09,16.9,0.14,1.05
2003-03-23,0.018,18.45,17.41,0.02,1.02
2003-03-24,0.018,18.7,17.63,0.02,1.06
2003-03-25,0.013,19.29,18.25,0.01,1.03
2003-03-26,0.007,20.38,19.41,0.0,0.98
2003-03-27,0.002,19.4,18.55,0.0,0.88
2003-03-28,0.0,18.72,18.02,0.0,0.83
2003-03-29,0.0,19.12,18.26,0.0,0.9
2003-03-30,0.0,20.48,19.52,0.0,0.94
2003-03-31,0.0,23.15,20.8,0.0,0.91
2003-04-01,0.0,0.0,0.0,0.0,0.0
2003-04-02,0.0,0.0,0.0,0.0,0.0
2003-04-03,0.0,0.0,0.0,0.0,0.0
2003-04-04,3.695,206.59,17.2,81.78,107.61
2003-04-05,0.381,135.2,6.78,55.38,73.03
2003-04-06,0.074,84.02,6.51,17.49,60.02
2003-04-07,0.021,38.1,10.26,0.0,27.83
2003-04-08,0.007,20.06,14.15,0.0,5.9
2003-04-09,0.001,16.03,14.27,0.0,1.79
2003-04-10,0.001,17.86,16.89,0.0,0.91
2003-04-11,0.001,18.88,18.01,0.0,0.88
2003-04-12,4.557,155.91,14.98,60.86,80.08
2003-04-13,13.789,293.6,22.83,114.62,156.15
2003-04-14,0.692,151.8,8.03,61.94,81.83
2003-04-15,0.184,87.89,10.01,29.02,48.87
2003-04-16,0.086,31.85,13.82,0.45,17.58
2003-04-17,0.063,19.67,15.81,0.53,3.33
2003-04-18,0.14,32.58,11.05,9.2,12.33
2003-04-19,0.274,75.0,22.02,22.82,30.16
2003-04-20,0.043,19.34,17.22,0.63,1.49
2003-04-21,0.03,18.45,17.13,0.28,1.05
2003-04-22,0.297,62.91,18.73,19.06,25.12
2003-04-23,0.038,24.76,18.83,2.39,3.54
2003-04-24,0.016,18.57,17.55,0.02,1.01
2003-04-25,0.023,19.22,18.04,0.09,1.09
2003-04-26,0.02,19.33,18.2,0.06,1.08
2003-04-27,0.221,1.34,1.27,0.0,0.07
2003-04-28,2.621,134.68,14.9,51.72,68.06
2003-04-29,1.435,53.47,10.8,18.42,24.24
2003-04-30,0.25,44.32,7.65,15.48,21.19
2003-05-01,0.066,23.84,10.47,0.2,13.16
2003-05-02,2.493,163.69,18.05,62.87,82.77
2003-05-03,5.715,120.88,15.53,45.49,59.86
2003-05-04,0.733,62.76,9.44,23.01,30.3
2003-05-05,0.17,34.61,10.22,8.68,15.71
2003-05-06,0.082,21.12,14.88,0.51,5.74
2003-05-07,0.054,19.98,17.73,0.61,1.64
2003-05-08,0.032,20.04,18.46,0.45,1.13
2003-05-09,0.032,20.38,18.77,0.49,1.12
2003-05-10,0.025,20.5,19.04,0.34,1.11
2003-05-11,0.018,20.35,19.19,0.06,1.11
2003-05-12,0.01,21.02,19.92,0.01,1.08
2003-05-13,0.003,19.96,19.03,0.0,0.94
2003-05-14,0.002,20.06,19.13,0.0,0.94
2003-05-15,0.0,19.12,18.32,0.0,0.87
2003-05-16,0.0,19.91,18.79,0.0,0.9
2003-05-17,0.0,18.19,17.67,0.0,0.83
2003-05-18,0.0,0.0,0.0,0.0,0.0
2003-05-19,0.0,0.0,0.0,0.0,0.0
2003-05-20,0.0,0.0,0.0,0.0,0.0
2003-05-21,0.0,0.0,0.0,0.0,0.0
2003-05-22,0.0,0.0,0.0,0.0,0.0
2003-05-23,0.0,0.0,0.0,0.0,0.0
2003-05-24,0.0,0.0,0.0,0.0,0.0
2003-05-25,0.0,0.0,0.0,0.0,0.0
2003-05-26,0.0,0.0,0.0,0.0,0.0
2003-05-27,0.0,0.0,0.0,0.0,0.0
2003-05-28,0.0,0.0,0.0,0.0,0.0
2003-05-29,0.0,0.0,0.0,0.0,0.0
2003-05-30,0.0,0.0,0.0,0.0,0.0
2003-05-31,0.0,0.0,0.0,0.0,0.0
2003-06-01,0.0,0.0,0.0,0.0,0.0
2003-06-02,0.0,0.0,0.0,0.0,0.0
2003-06-03,0.0,0.0,0.0,0.0,0.0
2003-06-04,0.0,0.0,0.0,0.0,0.0
2003-06-05,0.0,0.0,0.0,0.0,0.0
2003-06-06,0.0,0.0,0.0,0.0,0.0
2003-06-07,0.0,0.0,0.0,0.0,0.0
2003-06-08,0.0,0.0,0.0,0.0,0.0
2003-06-09,0.0,0.0,0.0,0.0,0.0
2003-06-10,0.0,0.0,0.0,0.0,0.0
2003-06-11,0.0,0.0,0.0,0.0,0.0
2003-06-12,0.0,0.0,0.0,0.0,0.0
2003-06-13,0.0,0.0,0.0,0.0,0.0
2003-06-14,0.0,0.0,0.0,0.0,0.0
2003-06-15,0.0,0.0,0.0,0.0,0.0
2003-06-16,0.0,0.0,0.0,0.0,0.0
2003-06-17,0.0,0.0,0.0,0.0,0.0
2003-06-18,0.0,0.0,0.0,0.0,0.0
2003-06-19,0.0,0.0,0.0,0.0,0.0
2003-06-20,0.0,0.0,0.0,0.0,0.0
2003-06-21,0.0,0.0,0.0,0.0,0.0
2003-06-22,0.0,0.0,0.0,0.0,0.0
2003-06-23,0.0,0.0,0.0,0.0,0.0
2003-06-24,0.0,0.0,0.0,0.0,0.0
2003-06-25,0.0,0.0,0.0,0.0,0.0
2003-06-26,0.0,0.0,0.0,0.0,0.0
2003-06-27,0.0,0.0,0.0,0.0,0.0
2003-06-28,0.0,0.0,0.0,0.0,0.0
2003-06-29,0.0,0.0,0.0,0.0,0.0
2003-06-30,0.0,0.0,0.0,0.0,0.0
2003-07-01,0.0,0.0,0.0,0.0,0.0
2003-07-02,0.0,0.0,0.0,0.0,0.0
2003-07-03,0.0,0.0,0.0,0.0,0.0
2003-07-04,0.0,0.0,0.0,0.0,0.0
2003-07-05,0.0,0.0,0.0,0.0,0.0
2003-07-06,0.0,0.0,0.0,0.0,0.0
2003-07-07,0.0,0.0,0.0,0.0,0.0
2003-07-08,0.0,0.0,0.0,0.0,0.0
2003-07-09,0.0,0.0,0.0,0.0,0.0
2003-07-10,0.0,0.0,0.0,0.0,0.0
2003-07-11,0.0,0.0,0.0,0.0,0.0
2003-07-12,0.0,0.0,0.0,0.0,0.0
2003-07-13,0.0,0.0,0.0,0.0,0.0
2003-07-14,0.0,0.0,0.0,0.0,0.0
2003-07-15,0.0,0.0,0.0,0.0,0.0
2003-07-16,0.0,0.0,0.0,0.0,0.0
2003-07-17,0.0,0.0,0.0,0.0,0.0
2003-07-18,0.0,0.0,0.0,0.0,0.0
2003-07-19,0.0,0.0,0.0,0.0,0.0
2003-07-20,0.0,0.0,0.0,0.0,0.0
2003-07-21,0.0,0.0,0.0,0.0,0.0
2003-07-22,0.0,0.0,0.0,0.0,0.0
2003-07-23,0.0,0.0,0.0,0.0,0.0
2003-07-24,0.0,0.0,0.0,0.0,0.0
2003-07-25,0.0,0.0,0.0,0.0,0.0
2003-07-26,0.0,0.0,0.0,0.0,0.0
2003-07-27,0.0,0.0,0.0,0.0,0.0
2003-07-28,0.0,0.0,0.0,0.0,0.0
2003-07-29,0.0,0.0,0.0,0.0,0.0
2003-07-30,0.0,0.0,0.0,0.0,0.0
2003-07-31,0.0,0.0,0.0,0.0,0.0
2003-08-01,0.0,0.0,0.0,0.0,0.0
2003-08-02,0.0,0.0,0.0,0.0,0.0
2003-08-03,0.0,0.0,0.0,0.0,0.0
2003-08-04,0.0,0.0,0.0,0.0,0.0
2003-08-05,0.0,0.0,0.0,0.0,0.0
2003-08-06,0.0,0.0,0.0,0.0,0.0
2003-08-07,0.0,0.0,0.0,0.0,0.0
2003-08-08,0.0,0.0,0.0,0.0,0.0
2003-08-09,0.0,0.0,0.0,0.0,0.0
2003-08-10,0.0,0.0,0.0,0.0,0.0
2003-08-11,0.0,0.0,0.0,0.0,0.0
2003-08-12,0.0,0.0,0.0,0.0,0.0
2003-08-13,0.0,0.0,0.0,0.0,0.0
2003-08-14,0.0,0.0,0.0,0.0,0.0
2003-08-15,0.0,0.0,0.0,0.0,0.0
2003-08-16,0.0,0.0,0.0,0.0,0.0
2003-08-17,0.0,0.0,0.0,0.0,0.0
2003-08-18,0.0,0.0,0.0,0.0,0.0
2003-08-19,0.0,0.0,0.0,0.0,0.0
2003-08-20,0.0,0.0,0.0,0.0,0.0
2003-08-21,0.0,0.0,0.0,0.0,0.0
2003-08-22,0.0,0.0,0.0,0.0,0.0
2003-08-23,0.0,0.0,0.0,0.0,0.0
2003-08-24,0.0,0.0,0.0,0.0,0.0
2003-08-25,0.0,0.0,0.0,0.0,0.0
2003-08-26,0.0,0.0,0.0,0.0,0.0
2003-08-27,0.0,0.0,0.0,0.0,0.0
2003-08-28,0.0,0.0,0.0,0.0,0.0
2003-08-29,0.0,0.0,0.0,0.0,0.0
2003-08-30,0.0,0.0,0.0,0.0,0.0
2003-08-31,0.0,0.0,0.0,0.0,0.0
2003-09-01,0.0,0.0,0.0,0.0,0.0
2003-09-02,0.0,0.0,0.0,0.0,0.0
2003-09-03,0.0,0.0,0.0,0.0,0.0
2003-09-04,0.0,0.0,0.0,0.0,0.0
2003-09-05,0.0,0.0,0.0,0.0,0.0
2003-09-06,0.0,0.0,0.0,0.0,0.0
2003-09-07,0.0,0.0,0.0,0.0,0.0
2003-09-08,0.0,0.0,0.0,0.0,0.0
2003-09-09,0.0,0.0,0.0,0.0,0.0
2003-09-10,0.0,0.0,0.0,0.0,0.0
2003-09-11,0.0,0.0,0.0,0.0,0.0
2003-09-12,0.0,0.0,0.0,0.0,0.0
2003-09-13,0.0,0.0,0.0,0.0,0.0
2003-09-14,0.0,0.0,0.0,0.0,0.0
2003-09-15,0.0,0.0,0.0,0.0,0.0
2003-09-16,0.0,0.0,0.0,0.0,0.0
2003-09-17,0.0,0.0,0.0,0.0,0.0
2003-09-18,0.0,0.0,0.0,0.0,0.0
2003-09-19,0.0,0.0,0.0,0.0,0.0
2003-09-20,0.0,0.0,0.0,0.0,0.0
2003-09-21,0.0,0.0,0.0,0.0,0.0
2003-09-22,0.0,0.0,0.0,0.0,0.0
2003-09-23,0.0,0.0,0.0,0.0,0.0
2003-09-24,0.0,0.0,0.0,0.0,0.0
2003-09-25,0.0,0.0,0.0,0.0,0.0
2003-09-26,0.0,0.0,0.0,0.0,0.0
2003-09-27,0.0,0.0,0.0,0.0,0.0
2003-09-28,0.0,0.0,0.0,0.0,0.0
2003-09-29,0.0,0.0,0.0,0.0,0.0
2003-09-30,0.0,0.0,0.0,0.0,0.0
2003-10-01,0.0,0.0,0.0,0.0,0.0
2003-10-02,0.0,0.0,0.0,0.0,0.0
2003-10-03,0.0,0.0,0.0,0.0,0.0
2003-10-04,0.0,0.0,0.0,0.0,0.0
2003-10-05,0.0,0.0,0.0,0.0,0.0
2003-10-06,0.0,0.0,0.0,0.0,0.0
2003-10-07,0.0,0.0,0.0,0.0,0.0
2003-10-08,0.0,0.0,0.0,0.0,0.0
2003-10-09,0.0,0.0,0.0,0.0,0.0
2003-10-10,0.0,0.0,0.0,0.0,0.0
2003-10-11,0.0,0.0,0.0,0.0,0.0
2003-10-12,0.0,0.0,0.0,0.0,0.0
2003-10-13,0.0,0.0,0.0,0.0,0.0
2003-10-14,0.0,0.0,0.0,0.0,0.0
2003-10-15,0.0,0.0,0.0,0.0,0.0
2003-10-16,0.0,0.0,0.0,0.0,0.0
2003-10-17,0.0,0.0,0.0,0.0,0.0
2003-10-18,0.0,0.0,0.0,0.0,0.0
2003-10-19,0.0,0.0,0.0,0.0,0.0
2003-10-20,0.0,0.0,0.0,0.0,0.0
2003-10-21,0.0,0.0,0.0,0.0,0.0
2003-10-22,0.0,0.0,0.0,0.0,0.0
2003-10-23,0.0,0.0,0.0,0.0,0.0
2003-10-24,0.0,0.0,0.0,0.0,0.0
2003-10-25,0.0,0.0,0.0,0.0,0.0
2003-10-26,0.0,0.0,0.0,0.0,0.0
2003-10-27,0.0,0.0,0.0,0.0,0.0
2003-10-28,0.0,0.0,0.0,0.0,0.0
2003-10-29,0.0,0.0,0.0,0.0,0.0
2003-10-30,0.0,0.0,0.0,0.0,0.0
2003-10-31,0.0,0.0,0.0,0.0,0.0
2003-11-01,0.0,0.0,0.0,0.0,0.0
2003-11-02,0.0,0.0,0.0,0.0,0.0
2003-11-03,1.395,147.62,14.48,57.42,75.72
2003-11-04,0.213,67.51,5.77,25.59,36.15
2003-11-05,0.038,35.43,4.67,0.03,30.74
2003-11-06,0.007,20.78,5.13,0.0,15.66
2003-11-07,1.316,67.02,13.19,23.24,30.59
2003-11-08,4.62,278.98,22.19,110.16,146.63
2003-11-09,10.652,218.59,17.15,86.91,114.54
2003-11-10,1.364,247.83,10.32,102.55,134.96
2003-11-11,0.183,185.85,5.97,73.21,106.67
2003-11-12,0.044,79.2,8.66,0.0,70.54
2003-11-13,0.017,31.12,13.49,0.0,17.62
2003-11-14,0.011,19.13,16.8,0.0,2.33
2003-11-15,0.008,18.86,17.83,0.0,1.02
2003-11-16,0.007,19.06,18.11,0.0,0.94
2003-11-17,0.006,19.11,18.16,0.0,0.93
2003-11-18,0.005,19.09,18.16,0.0,0.93
2003-11-19,0.004,19.09,18.16,0.0,0.92
2003-11-20,0.004,19.12,18.2,0.0,0.92
2003-11-21,0.003,19.06,18.13,0.0,0.91
2003-11-22,0.002,19.01,18.06,0.0,0.9
2003-11-23,0.002,18.97,18.11,0.0,0.91
2003-11-24,0.002,18.99,18.07,0.0,0.91
2003-11-25,0.001,18.98,18.12,0.0,0.9
2003-11-26,0.001,18.92,18.05,0.0,0.9
2003-11-27,0.001,18.95,18.06,0.0,0.89
2003-11-28,0.001,19.23,18.44,0.0,0.9
2003-11-29,0.0,18.65,17.79,0.0,0.89
2003-11-30,0.0,18.3,17.44,0.0,0.9
2003-12-01,0.004,16.26,14.44,0.04,1.77
2003-12-02,0.141,34.01,18.91,6.48,8.62
2003-12-03,0.008,25.94,22.08,0.2,3.68
2003-12-04,0.001,19.66,18.86,0.0,0.85
2003-12-05,0.0,19.29,18.4,0.0,0.91
2003-12-06,1.955,228.53,18.16,90.84,119.53
2003-12-07,3.875,131.45,13.52,50.93,67.01
2003-12-08,0.449,92.26,7.04,36.74,48.48
2003-12-09,0.104,48.6,4.13,12.23,32.24
2003-12-10,4.647,93.62,12.12,35.14,46.36
2003-12-11,3.419,148.39,15.37,57.43,75.59
2003-12-12,0.315,86.71,6.48,34.55,45.69
2003-12-13,0.065,47.67,7.15,5.36,35.17
2003-12-14,6.104,261.12,19.61,103.69,137.83
2003-12-15,0.438,172.63,6.9,71.42,94.31
2003-12-16,0.089,107.34,7.32,26.92,73.1
2003-12-17,0.027,44.91,11.37,0.0,33.54
2003-12-18,0.012,20.84,15.25,0.0,5.6
2003-12-19,0.008,18.63,17.37,0.0,1.24
2003-12-20,3.966,171.57,11.54,69.1,90.93
2003-12-21,5.462,228.12,19.12,90.25,118.75
2003-12-22,0.37,115.76,6.43,47.16,62.16
2003-12-23,0.299,67.67,15.21,19.22,33.23
2003-12-24,2.59,150.1,14.71,58.36,77.02
2003-12-25,5.459,110.15,14.44,41.32,54.39
2003-12-26,0.663,78.94,8.07,30.6,40.27
2003-12-27,0.133,54.6,7.97,16.33,30.3
2003-12-28,0.042,26.77,11.83,0.02,14.93
2003-12-29,10.483,225.13,21.53,87.1,116.5
2003-12-30,4.906,167.77,14.15,66.22,87.4
2003-12-31,0.781,141.2,9.27,56.97,74.96
2004-01-01,21.678,402.64,28.44,158.59,215.61
2004-01-02,2.483,136.82,10.98,53.79,72.05
2004-01-03,1.144,67.99,11.49,24.35,32.15
2004-01-04,0.304,38.98,11.28,11.41,16.29
2004-01-05,0.16,21.01,14.6,0.6,5.81
2004-01-06,0.106,18.97,16.18,0.68,2.12
2004-01-07,0.074,18.48,16.64,0.65,1.19
2004-01-08,0.079,18.43,16.68,0.66,1.09
2004-01-09,0.057,17.91,16.32,0.54,1.05
2004-01-10,0.074,18.17,16.45,0.63,1.08
2004-01-11,0.067,18.03,16.38,0.59,1.07
2004-01-12,0.057,17.97,16.36,0.54,1.06
2004-01-13,0.051,18.03,16.46,0.51,1.06
2004-01-14,0.043,18.16,16.63,0.47,1.06
2004-01-15,0.036,17.96,16.61,0.3,1.05
2004-01-16,0.033,18.09,16.8,0.24,1.05
2004-01-17,0.028,18.0,16.88,0.08,1.05
2004-01-18,0.022,18.17,17.1,0.03,1.04
2004-01-19,0.019,18.36,17.3,0.02,1.03
2004-01-20,0.014,18.68,17.66,0.01,1.02
2004-01-21,0.011,19.09,18.08,0.01,1.0
2004-01-22,0.008,19.76,18.77,0.0,0.98
2004-01-23,0.006,20.11,19.14,0.0,0.98
2004-01-24,1.805,149.6,12.71,59.11,77.77
2004-01-25,0.545,101.07,13.51,37.41,50.14
2004-01-26,0.054,63.56,8.49,0.23,54.83
2004-01-27,0.012,34.08,9.46,0.0,24.62
2004-01-28,0.012,18.77,16.46,0.01,2.3
2004-01-29,0.01,18.55,17.5,0.0,1.04
2004-01-30,0.007,20.06,19.07,0.0,0.99
2004-01-31,0.004,19.09,18.16,0.0,0.92
2004-02-01,0.002,20.69,19.76,0.0,0.95
2004-02-02,5.483,214.66,17.79,85.01,111.85
2004-02-03,6.374,176.6,14.96,69.8,91.84
2004-02-04,0.976,182.81,9.81,74.71,98.3
2004-02-05,0.187,114.17,8.66,41.06,64.45
2004-02-06,0.074,40.18,13.15,0.38,26.65
2004-02-07,0.045,21.28,15.83,0.41,5.04
2004-02-08,0.035,18.56,16.84,0.36,1.36
2004-02-09,0.026,18.9,17.6,0.21,1.09
2004-02-10,0.013,18.63,17.66,0.01,0.97
2004-02-11,0.016,19.63,18.54,0.02,1.07
2004-02-12,0.012,20.17,19.11,0.01,1.05
2004-02-13,0.004,20.7,19.74,0.0,0.96
2004-02-14,0.004,19.1,18.16,0.0,0.94
2004-02-15,0.003,20.52,19.56,0.0,0.96
2004-02-16,1.967,225.16,14.93,90.78,119.45
2004-02-17,1.066,91.56,7.83,36.08,47.65
2004-02-18,8.118,185.42,18.97,71.77,94.68
2004-02-19,0.672,104.23,10.24,40.58,53.41
2004-02-20,0.133,67.63,9.97,18.13,39.53
2004-02-21,0.066,27.56,14.5,0.44,12.63
2004-02-22,0.712,53.12,15.71,16.1,21.31
2004-02-23,0.157,32.24,11.72,7.23,13.29
2004-02-24,0.052,18.96,13.55,0.31,5.11
2004-02-25,13.394,203.36,21.36,77.85,104.16
2004-02-26,9.131,125.63,17.08,46.85,61.7
2004-02-27,2.174,54.6,11.87,18.45,24.28
2004-02-28,0.494,34.42,11.32,9.97,13.12
2004-02-29,0.251,21.79,14.87,1.96,4.96
2004-03-01,0.201,19.28,16.65,0.73,1.9
2004-03-02,0.166,18.96,17.0,0.74,1.22
2004-03-03,0.14,18.79,16.94,0.74,1.11
2004-03-04,0.12,18.79,16.97,0.73,1.09
2004-03-05,0.106,18.84,17.03,0.72,1.09
2004-03-06,0.089,18.82,17.06,0.68,1.08
2004-03-07,0.074,18.77,17.05,0.64,1.08
2004-03-08,0.062,18.79,17.1,0.61,1.08
2004-03-09,0.049,18.99,17.33,0.58,1.08
2004-03-10,0.033,19.13,17.59,0.47,1.07
2004-03-11,0.029,19.61,18.11,0.41,1.09
2004-03-12,0.023,20.04,18.76,0.18,1.1
2004-03-13,0.017,20.25,19.12,0.04,1.1
2004-03-14,0.012,20.84,19.74,0.01,1.09
2004-03-15,0.004,20.13,19.19,0.0,0.94
2004-03-16,0.002,20.93,20.01,0.0,0.94
2004-03-17,0.0,20.98,20.18,0.0,0.87
2004-03-18,0.0,0.0,0.0,0.0,0.0
2004-03-19,0.0,0.0,0.0,0.0,0.0
2004-03-20,0.0,0.0,0.0,0.0,0.0
2004-03-21,0.0,0.0,0.0,0.0,0.0
2004-03-22,0.0,0.0,0.0,0.0,0.0
2004-03-23,0.0,0.0,0.0,0.0,0.0
2004-03-24,0.0,0.0,0.0,0.0,0.0
2004-03-25,0.242,48.47,14.6,14.52,19.36
2004-03-26,1.412,143.84,12.4,56.71,74.73
2004-03-27,0.288,144.27,6.68,59.12,78.47
2004-03-28,0.051,78.0,5.56,5.02,67.42
2004-03-29,0.01,45.53,5.51,0.0,40.02
2004-03-30,0.002,17.82,7.38,0.0,10.47
2004-03-31,0.001,13.59,11.51,0.0,2.1
2004-04-01,0.0,16.2,15.38,0.0,0.87
2004-04-02,0.0,23.15,12.34,0.0,0.31
2004-04-03,0.0,0.0,0.0,0.0,0.0
2004-04-04,0.0,0.0,0.0,0.0,0.0
2004-04-05,0.0,0.0,0.0,0.0,0.0
2004-04-06,0.0,0.0,0.0,0.0,0.0
2004-04-07,0.0,0.0,0.0,0.0,0.0
2004-04-08,0.0,0.0,0.0,0.0,0.0
2004-04-09,0.0,0.0,0.0,0.0,0.0
2004-04-10,0.0,0.0,0.0,0.0,0.0
2004-04-11,0.0,0.0,0.0,0.0,0.0
2004-04-12,0.0,0.0,0.0,0.0,0.0
2004-04-13,0.0,0.0,0.0,0.0,0.0
2004-04-14,0.0,0.0,0.0,0.0,0.0
2004-04-15,0.0,0.0,0.0,0.0,0.0
2004-04-16,0.0,0.0,0.0,0.0,0.0
2004-04-17,0.0,0.0,0.0,0.0,0.0
2004-04-18,0.0,0.0,0.0,0.0,0.0
2004-04-19,0.0,0.0,0.0,0.0,0.0
2004-04-20,0.0,0.0,0.0,0.0,0.0
2004-04-21,0.0,0.0,0.0,0.0,0.0
2004-04-22,0.0,0.0,0.0,0.0,0.0
2004-04-23,0.0,0.0,0.0,0.0,0.0
2004-04-24,0.0,0.0,0.0,0.0,0.0
2004-04-25,0.0,0.0,0.0,0.0,0.0
2004-04-26,0.0,0.0,0.0,0.0,0.0
2004-04-27,0.0,0.0,0.0,0.0,0.0
2004-04-28,0.0,0.0,0.0,0.0,0.0
2004-04-29,0.0,0.0,0.0,0.0,0.0
2004-04-30,0.0,0.0,0.0,0.0,0.0
2004-05-01,0.0,0.0,0.0,0.0,0.0
2004-05-02,0.0,0.0,0.0,0.0,0.0
2004-05-03,0.0,0.0,0.0,0.0,0.0
2004-05-04,0.0,0.0,0.0,0.0,0.0
2004-05-05,0.0,0.0,0.0,0.0,0.0
2004-05-06,0.0,0.0,0.0,0.0,0.0
2004-05-07,0.0,0.0,0.0,0.0,0.0
2004-05-08,0.0,0.0,0.0,0.0,0.0
2004-05-09,0.0,0.0,0.0,0.0,0.0
2004-05-10,0.0,0.0,0.0,0.0,0.0
2004-05-11,0.0,0.0,0.0,0.0,0.0
2004-05-12,0.0,0.0,0.0,0.0,0.0
2004-05-13,0.0,0.0,0.0,0.0,0.0
2004-05-14,0.0,0.0,0.0,0.0,0.0
2004-05-15,0.0,0.0,0.0,0.0,0.0
2004-05-16,0.0,0.0,0.0,0.0,0.0
2004-05-17,0.0,0.0,0.0,0.0,0.0
2004-05-18,0.0,0.0,0.0,0.0,0.0
2004-05-19,0.0,0.0,0.0,0.0,0.0
2004-05-20,0.0,0.0,0.0,0.0,0.0
2004-05-21,0.0,0.0,0.0,0.0,0.0
2004-05-22,0.0,0.0,0.0,0.0,0.0
2004-05-23,0.0,0.0,0.0,0.0,0.0
2004-05-24,0.0,0.0,0.0,0.0,0.0
2004-05-25,0.0,0.0,0.0,0.0,0.0
2004-05-26,0.0,0.0,0.0,0.0,0.0
2004-05-27,0.0,0.0,0.0,0.0,0.0
2004-05-28,0.0,0.0,0.0,0.0,0.0
2004-05-29,0.0,0.0,0.0,0.0,0.0
2004-05-30,0.0,0.0,0.0,0.0,0.0
2004-05-31,0.0,0.0,0.0,0.0,0.0
2004-06-01,0.0,0.0,0.0,0.0,0.0
2004-06-02,0.0,0.0,0.0,0.0,0.0
2004-06-03,0.0,0.0,0.0,0.0,0.0
2004-06-04,0.0,0.0,0.0,0.0,0.0
2004-06-05,0.0,0.0,0.0,0.0,0.0
2004-06-06,0.0,0.0,0.0,0.0,0.0
2004-06-07,0.0,0.0,0.0,0.0,0.0
2004-06-08,0.0,0.0,0.0,0.0,0.0
2004-06-09,0.0,0.0,0.0,0.0,0.0
2004-06-10,0.0,0.0,0.0,0.0,0.0
2004-06-11,0.0,0.0,0.0,0.0,0.0
2004-06-12,0.0,0.0,0.0,0.0,0.0
2004-06-13,0.0,0.0,0.0,0.0,0.0
2004-06-14,0.0,0.0,0.0,0.0,0.0
2004-06-15,0.0,0.0,0.0,0.0,0.0
2004-06-16,0.0,0.0,0.0,0.0,0.0
2004-06-17,0.0,0.0,0.0,0.0,0.0
2004-06-18,0.0,0.0,0.0,0.0,0.0
2004-06-19,0.0,0.0,0.0,0.0,0.0
2004-06-20,0.0,0.0,0.0,0.0,0.0
2004-06-21,0.0,0.0,0.0,0.0,0.0
2004-06-22,0.0,0.0,0.0,0.0,0.0
2004-06-23,0.0,0.0,0.0,0.0,0.0
2004-06-24,0.0,0.0,0.0,0.0,0.0
2004-06-25,0.0,0.0,0.0,0.0,0.0
2004-06-26,0.0,0.0,0.0,0.0,0.0
2004-06-27,0.0,0.0,0.0,0.0,0.0
2004-06-28,0.0,0.0,0.0,0.0,0.0
2004-06-29,0.0,0.0,0.0,0.0,0.0
2004-06-30,0.0,0.0,0.0,0.0,0.0
2004-07-01,0.0,0.0,0.0,0.0,0.0
2004-07-02,0.0,0.0,0.0,0.0,0.0
2004-07-03,0.0,0.0,0.0,0.0,0.0
2004-07-04,0.0,0.0,0.0,0.0,0.0
2004-07-05,0.0,0.0,0.0,0.0,0.0
2004-07-06,0.0,0.0,0.0,0.0,0.0
2004-07-07,0.0,0.0,0.0,0.0,0.0
2004-07-08,0.0,0.0,0.0,0.0,0.0
2004-07-09,0.0,0.0,0.0,0.0,0.0
2004-07-10,0.0,0.0,0.0,0.0,0.0
2004-07-11,0.0,0.0,0.0,0.0,0.0
2004-07-12,0.0,0.0,0.0,0.0,0.0
2004-07-13,0.0,0.0,0.0,0.0,0.0
2004-07-14,0.0,0.0,0.0,0.0,0.0
2004-07-15,0.0,0.0,0.0,0.0,0.0
2004-07-16,0.0,0.0,0.0,0.0,0.0
2004-07-17,0.0,0.0,0.0,0.0,0.0
2004-07-18,0.0,0.0,0.0,0.0,0.0
2004-07-19,0.0,0.0,0.0,0.0,0.0
2004-07-20,0.0,0.0,0.0,0.0,0.0
2004-07-21,0.0,0.0,0.0,0.0,0.0
2004-07-22,0.0,0.0,0.0,0.0,0.0
2004-07-23,0.0,0.0,0.0,0.0,0.0
2004-07-24,0.0,0.0,0.0,0.0,0.0
2004-07-25,0.0,0.0,0.0,0.0,0.0
2004-07-26,0.0,0.0,0.0,0.0,0.0
2004-07-27,0.0,0.0,0.0,0.0,0.0
2004-07-28,0.0,0.0,0.0,0.0,0.0
2004-07-29,0.0,0.0,0.0,0.0,0.0
2004-07-30,0.0,0.0,0.0,0.0,0.0
2004-07-31,0.0,0.0,0.0,0.0,0.0
2004-08-01,0.0,0.0,0.0,0.0,0.0
2004-08-02,0.0,0.0,0.0,0.0,0.0
2004-08-03,0.0,0.0,0.0,0.0,0.0
2004-08-04,0.0,0.0,0.0,0.0,0.0
2004-08-05,0.0,0.0,0.0,0.0,0.0
2004-08-06,0.0,0.0,0.0,0.0,0.0
2004-08-07,0.0,0.0,0.0,0.0,0.0
2004-08-08,0.0,0.0,0.0,0.0,0.0
2004-08-09,0.0,0.0,0.0,0.0,0.0
2004-08-10,0.0,0.0,0.0,0.0,0.0
2004-08-11,0.0,0.0,0.0,0.0,0.0
2004-08-12,0.0,0.0,0.0,0.0,0.0
2004-08-13,0.0,0.0,0.0,0.0,0.0
2004-08-14,0.0,0.0,0.0,0.0,0.0
2004-08-15,0.0,0.0,0.0,0.0,0.0
2004-08-16,0.0,0.0,0.0,0.0,0.0
2004-08-17,0.0,0.0,0.0,0.0,0.0
2004-08-18,0.0,0.0,0.0,0.0,0.0
2004-08-19,0.0,0.0,0.0,0.0,0.0
2004-08-20,0.0,0.0,0.0,0.0,0.0
2004-08-21,0.0,0.0,0.0,0.0,0.0
2004-08-22,0.0,0.0,0.0,0.0,0.0
2004-08-23,0.0,0.0,0.0,0.0,0.0
2004-08-24,0.0,0.0,0.0,0.0,0.0
2004-08-25,0.0,0.0,0.0,0.0,0.0
2004-08-26,0.0,0.0,0.0,0.0,0.0
2004-08-27,0.0,0.0,0.0,0.0,0.0
2004-08-28,0.0,0.0,0.0,0.0,0.0
2004-08-29,0.0,0.0,0.0,0.0,0.0
2004-08-30,0.0,0.0,0.0,0.0,0.0
2004-08-31,0.0,0.0,0.0,0.0,0.0
2004-09-01,0.0,0.0,0.0,0.0,0.0
2004-09-02,0.0,0.0,0.0,0.0,0.0
2004-09-03,0.0,0.0,0.0,0.0,0.0
2004-09-04,0.0,0.0,0.0,0.0,0.0
2004-09-05,0.0,0.0,0.0,0.0,0.0
2004-09-06,0.0,0.0,0.0,0.0,0.0
2004-09-07,0.0,0.0,0.0,0.0,0.0
2004-09-08,0.0,0.0,0.0,0.0,0.0
2004-09-09,0.0,0.0,0.0,0.0,0.0
2004-09-10,0.0,0.0,0.0,0.0,0.0
2004-09-11,0.0,0.0,0.0,0.0,0.0
2004-09-12,0.0,0.0,0.0,0.0,0.0
2004-09-13,0.0,0.0,0.0,0.0,0.0
2004-09-14,0.0,0.0,0.0,0.0,0.0
2004-09-15,0.0,0.0,0.0,0.0,0.0
2004-09-16,0.0,0.0,0.0,0.0,0.0
2004-09-17,0.0,0.0,0.0,0.0,0.0
2004-09-18,0.0,0.0,0.0,0.0,0.0
2004-09-19,0.0,0.0,0.0,0.0,0.0
2004-09-20,0.0,0.0,0.0,0.0,0.0
2004-09-21,0.0,0.0,0.0,0.0,0.0
2004-09-22,0.0,0.0,0.0,0.0,0.0
2004-09-23,0.0,0.0,0.0,0.0,0.0
2004-09-24,0.0,0.0,0.0,0.0,0.0
2004-09-25,0.0,0.0,0.0,0.0,0.0
2004-09-26,0.0,0.0,0.0,0.0,0.0
2004-09-27,0.0,0.0,0.0,0.0,0.0
2004-09-28,0.0,0.0,0.0,0.0,0.0
2004-09-29,0.0,0.0,0.0,0.0,0.0
2004-09-30,0.0,0.0,0.0,0.0,0.0
2004-10-01,0.0,0.0,0.0,0.0,0.0
2004-10-02,0.0,0.0,0.0,0.0,0.0
2004-10-03,0.0,0.0,0.0,0.0,0.0
2004-10-04,0.0,0.0,0.0,0.0,0.0
2004-10-05,0.0,0.0,0.0,0.0,0.0
2004-10-06,0.0,0.0,0.0,0.0,0.0
2004-10-07,0.0,0.0,0.0,0.0,0.0
2004-10-08,0.0,0.0,0.0,0.0,0.0
2004-10-09,0.0,0.0,0.0,0.0,0.0
2004-10-10,0.0,0.0,0.0,0.0,0.0
2004-10-11,0.0,0.0,0.0,0.0,0.0
2004-10-12,0.0,0.0,0.0,0.0,0.0
2004-10-13,0.0,0.0,0.0,0.0,0.0
2004-10-14,0.0,0.0,0.0,0.0,0.0
2004-10-15,0.0,0.0,0.0,0.0,0.0
2004-10-16,0.0,0.0,0.0,0.0,0.0
2004-10-17,0.0,0.0,0.0,0.0,0.0
2004-10-18,0.0,0.0,0.0,0.0,0.0
2004-10-19,13.34,170.9,20.53,64.55,85.82
2004-10-20,7.827,132.89,17.21,49.95,65.73
2004-10-21,0.474,85.93,6.57,34.23,45.13
2004-10-22,0.096,57.71,6.99,15.03,35.68
2004-10-23,0.028,28.16,11.08,0.0,17.08
2004-10-24,0.014,18.49,15.48,0.0,3.01
2004-10-25,0.01,18.5,17.43,0.0,1.07
2004-10-26,17.619,439.42,28.8,173.85,236.77
2004-10-27,0.645,186.32,7.48,76.98,101.86
2004-10-28,0.135,127.06,8.0,42.0,77.06
2004-10-29,0.045,47.66,12.32,0.02,35.33
2004-10-30,0.023,22.14,16.04,0.01,6.08
2004-10-31,0.015,18.92,17.54,0.01,1.37
2004-11-01,0.011,18.94,17.96,0.0,0.98
2004-11-02,0.008,19.03,18.08,0.0,0.95
2004-11-03,0.007,19.01,18.07,0.0,0.94
2004-11-04,0.212,63.34,18.03,19.56,25.76
2004-11-05,0.051,54.99,22.66,13.44,18.89
2004-11-06,0.005,19.76,18.59,0.0,1.18
2004-11-07,0.004,19.09,18.19,0.0,0.92
2004-11-08,0.003,19.02,18.11,0.0,0.91
2004-11-09,0.002,19.06,18.14,0.0,0.9
2004-11-10,0.002,19.02,18.09,0.0,0.91
2004-11-11,4.458,98.09,15.87,35.5,46.72
2004-11-12,0.946,76.75,10.11,28.76,37.88
2004-11-13,0.15,55.79,6.94,18.45,30.4
2004-11-14,0.035,29.55,9.18,0.0,20.37
2004-11-15,0.012,18.35,12.93,0.0,5.42
2004-11-16,0.005,17.29,15.96,0.0,1.32
2004-11-17,0.003,18.53,17.62,0.0,0.9
2004-11-18,0.002,19.11,18.19,0.0,0.9
2004-11-19,0.002,19.19,18.27,0.0,0.9
2004-11-20,0.001,19.62,18.71,0.0,0.9
2004-11-21,0.0,18.72,17.97,0.0,0.86
2004-11-22,0.001,18.94,18.15,0.0,0.91
2004-11-23,0.001,18.83,18.12,0.0,0.89
2004-11-24,0.0,19.03,18.1,0.0,0.89
2004-11-25,0.0,19.41,18.35,0.0,0.88
2004-11-26,0.0,18.62,17.7,0.0,0.88
2004-11-27,0.373,56.76,18.66,16.45,21.65
2004-11-28,0.025,42.36,22.0,7.86,12.5
2004-11-29,0.001,16.23,15.33,0.0,0.9
2004-11-30,0.0,18.19,17.32,0.0,0.81
2004-12-01,0.0,19.61,18.71,0.0,0.89
2004-12-02,0.0,20.13,19.45,0.0,0.9
2004-12-03,0.0,19.53,18.91,0.0,0.92
2004-12-04,0.0,21.04,20.46,0.0,0.95
2004-12-05,0.0,17.36,19.36,0.0,0.82
2004-12-06,0.0,20.25,18.48,0.0,0.88
2004-12-07,4.443,154.63,15.02,60.29,79.33
2004-12-08,13.523,168.62,19.8,63.56,85.26
2004-12-09,0.998,88.51,9.05,34.27,45.19
2004-12-10,0.17,64.14,6.96,22.49,34.69
2004-12-11,0.052,29.25,10.87,0.01,18.37
2004-12-12,0.027,18.87,14.81,0.01,4.05
2004-12-13,0.019,17.66,16.44,0.01,1.21
2004-12-14,0.014,18.16,17.17,0.01,0.98
2004-12-15,0.009,18.55,17.62,0.0,0.94
2004-12-16,0.006,18.92,18.0,0.0,0.93
2004-12-17,0.004,18.83,17.95,0.0,0.9
2004-12-18,0.003,18.81,17.93,0.0,0.91
2004-12-19,0.002,18.84,17.94,0.0,0.9
2004-12-20,0.002,18.76,17.84,0.0,0.9
2004-12-21,0.001,18.82,17.94,0.0,0.88
2004-12-22,0.001,18.73,17.77,0.0,0.88
2004-12-23,0.001,18.67,17.72,0.0,0.89
2004-12-24,0.001,18.76,17.78,0.0,0.89
2004-12-25,0.001,18.73,17.9,0.0,0.9
2004-12-26,0.0,18.81,17.99,0.0,0.88
2004-12-27,15.356,226.68,23.85,84.84,118.0
2004-12-28,5.805,115.69,16.76,42.52,56.41
2004-12-29,3.364,83.79,11.03,31.42,41.34
2004-12-30,16.109,173.25,20.69,65.04,87.52
2004-12-31,9.39,139.34,17.36,52.61,69.36
2005-01-01,4.22,86.1,13.24,31.46,41.4
2005-01-02,6.386,79.9,14.39,28.29,37.22
2005-01-03,3.988,90.56,13.2,33.41,43.96
2005-01-04,0.924,72.5,10.42,26.81,35.27
2005-01-05,0.325,37.24,12.8,9.76,14.69
2005-01-06,0.206,20.65,15.36,0.64,4.65
2005-01-07,5.447,71.14,12.86,25.15,33.13
2005-01-08,7.583,86.63,15.46,30.73,40.44
2005-01-09,2.439,60.95,13.12,20.65,27.18
2005-01-10,3.084,184.16,17.43,71.99,94.73
2005-01-11,9.72,200.77,18.24,78.58,103.95
2005-01-12,1.1,87.97,11.45,33.03,43.5
2005-01-13,0.548,39.35,14.39,10.78,14.18
2005-01-14,0.412,21.74,15.93,1.8,4.0
2005-01-15,0.339,18.75,16.34,0.7,1.71
2005-01-16,0.286,18.3,16.35,0.7,1.25
2005-01-17,0.259,18.17,16.31,0.71,1.16
2005-01-18,0.221,18.05,16.21,0.7,1.14
2005-01-19,0.185,17.96,16.13,0.69,1.13
2005-01-20,0.166,17.92,16.1,0.69,1.13
2005-01-21,0.15,17.9,16.09,0.69,1.12
2005-01-22,0.133,17.88,16.09,0.68,1.11
2005-01-23,0.117,17.87,16.11,0.67,1.09
2005-01-24,0.101,17.92,16.18,0.66,1.08
2005-01-25,0.084,17.96,16.25,0.63,1.07
2005-01-26,0.935,87.38,13.26,31.88,42.24
2005-01-27,0.496,39.78,8.89,12.97,17.92
2005-01-28,6.87,97.72,15.58,35.41,46.73
2005-01-29,1.01,52.47,10.65,18.03,23.78
2005-01-30,0.309,30.68,11.47,7.9,11.31
2005-01-31,0.184,19.46,14.9,0.62,3.94
2005-02-01,0.136,18.7,16.28,0.69,1.73
2005-02-02,0.1,18.46,16.6,0.69,1.16
2005-02-03,0.099,18.56,16.77,0.7,1.09
2005-02-04,0.086,18.57,16.82,0.67,1.08
2005-02-05,0.074,18.57,16.85,0.64,1.08
2005-02-06,0.06,18.66,16.99,0.6,1.07
2005-02-07,0.052,18.58,16.96,0.55,1.07
2005-02-08,0.048,18.75,17.13,0.54,1.08
2005-02-09,0.036,18.64,17.14,0.44,1.06
2005-02-10,0.031,18.61,17.2,0.35,1.06
2005-02-11,0.021,18.89,17.79,0.05,1.05
2005-02-12,0.019,18.7,17.62,0.03,1.05
2005-02-13,0.019,18.7,17.6,0.04,1.06
2005-02-14,2.149,135.07,13.79,52.37,68.91
2005-02-15,21.647,229.39,22.91,87.49,118.99
2005-02-16,5.763,96.99,15.2,35.31,46.48
2005-02-17,1.124,40.87,12.83,12.11,15.93
2005-02-18,5.702,167.48,16.52,65.19,85.77
2005-02-19,5.851,171.34,18.37,66.06,86.92
2005-02-20,3.181,77.25,13.15,27.68,36.42
2005-02-21,3.811,76.5,13.55,27.18,35.76
2005-02-22,1.294,38.64,13.17,11.0,14.47
2005-02-23,0.736,22.44,15.25,3.1,4.08
2005-02-24,0.587,19.15,16.2,1.2,1.74
2005-02-25,0.496,18.38,16.4,0.72,1.25
2005-02-26,0.416,18.27,16.4,0.71,1.16
2005-02-27,2.575,178.62,19.22,68.82,90.58
2005-02-28,4.653,216.06,16.94,85.98,113.14
2005-03-01,0.99,61.75,11.11,21.87,28.77
2005-03-02,3.599,92.35,13.39,34.1,44.86
2005-03-03,1.95,84.35,11.76,31.35,41.25
2005-03-04,9.206,127.02,17.58,47.26,62.18
2005-03-05,1.59,52.73,12.77,17.26,22.71
2005-03-06,0.86,26.94,14.94,5.18,6.82
2005-03-07,0.659,20.1,15.99,1.75,2.36
2005-03-08,0.531,18.48,16.2,0.89,1.39
2005-03-09,0.434,18.06,16.17,0.71,1.19
2005-03-10,0.345,17.87,16.04,0.69,1.15
2005-03-11,0.273,17.8,15.98,0.68,1.14
2005-03-12,0.232,17.79,15.97,0.68,1.14
2005-03-13,0.199,17.74,15.93,0.68,1.14
2005-03-14,0.14,17.59,15.82,0.64,1.13
2005-03-15,0.117,17.63,15.88,0.64,1.11
2005-03-16,0.09,17.64,15.96,0.6,1.08
2005-03-17,0.064,17.42,15.82,0.55,1.05
2005-03-18,0.069,17.93,16.19,0.67,1.07
2005-03-19,1.353,115.0,12.32,44.34,58.35
2005-03-20,1.011,68.02,10.94,24.65,32.43
2005-03-21,0.602,44.96,7.75,16.06,21.16
2005-03-22,13.163,199.47,21.05,75.89,102.53
2005-03-23,6.811,98.51,16.5,35.37,46.65
2005-03-24,1.156,36.89,12.9,10.36,13.63
2005-03-25,0.671,23.3,15.36,3.43,4.51
2005-03-26,0.52,19.39,16.32,1.22,1.86
2005-03-27,1.435,102.42,14.26,38.03,50.14
2005-03-28,5.751,125.58,16.19,47.23,62.15
2005-03-29,2.77,58.64,11.82,20.22,26.6
2005-03-30,1.614,51.48,12.96,16.63,21.89
2005-03-31,0.702,26.3,13.86,5.37,7.07
2005-04-01,0.528,19.67,15.61,1.67,2.38
2005-04-02,0.392,18.07,15.96,0.7,1.41
2005-04-03,3.388,215.26,18.98,84.74,111.54
2005-04-04,4.818,108.26,14.43,40.52,53.32
2005-04-05,0.902,44.65,12.28,13.98,18.39
2005-04-06,0.505,25.17,14.88,4.21,6.07
2005-04-07,0.389,18.9,16.0,0.7,2.19
2005-04-08,2.642,115.47,14.04,43.78,57.65
2005-04-09,1.246,63.61,12.92,21.88,28.81
2005-04-10,0.444,30.95,13.89,7.06,10.0
2005-04-11,0.3,19.49,15.53,0.67,3.29
2005-04-12,0.224,18.2,15.91,0.68,1.61
2005-04-13,0.182,17.96,16.04,0.69,1.23
2005-04-14,0.14,17.75,15.96,0.65,1.14
2005-04-15,0.113,17.6,15.87,0.62,1.1
2005-04-16,0.089,17.49,15.81,0.6,1.08
2005-04-17,0.07,17.39,15.77,0.56,1.06
2005-04-18,0.052,17.4,15.85,0.5,1.05
2005-04-19,0.03,17.1,15.85,0.25,1.01
2005-04-20,0.026,17.51,16.35,0.13,1.03
2005-04-21,0.017,17.87,16.84,0.02,1.01
2005-04-22,0.006,19.33,18.4,0.0,0.92
2005-04-23,0.0,11.83,11.21,0.0,0.49
2005-04-24,0.001,20.93,19.96,0.0,0.95
2005-04-25,0.0,21.37,20.76,0.0,0.91
2005-04-26,0.0,0.0,0.0,0.0,0.0
2005-04-27,0.0,0.0,0.0,0.0,0.0
2005-04-28,5.757,210.57,16.8,83.67,110.1
2005-04-29,0.558,108.45,7.32,43.64,57.49
2005-04-30,0.135,66.18,8.88,19.51,37.79
2005-05-01,0.052,28.42,12.39,0.23,15.8
2005-05-02,0.032,18.24,15.0,0.22,3.02
2005-05-03,0.018,17.35,16.14,0.02,1.2
2005-05-04,0.667,72.12,9.19,27.15,35.78
2005-05-05,6.648,131.77,16.87,49.61,65.29
2005-05-06,0.567,84.59,8.17,32.98,43.44
2005-05-07,0.156,48.38,10.62,12.61,25.15
2005-05-08,0.175,10.68,6.68,0.24,3.76
2005-05-09,2.945,88.93,12.93,32.81,43.19
2005-05-10,0.537,60.28,8.89,22.17,29.22
2005-05-11,0.15,33.33,10.98,7.07,15.28
2005-05-12,0.078,20.62,14.83,0.51,5.28
2005-05-13,0.047,18.7,16.55,0.51,1.64
2005-05-14,0.034,19.12,17.53,0.48,1.11
2005-05-15,0.02,19.91,18.69,0.13,1.09
2005-05-16,0.01,20.33,19.28,0.01,1.04
2005-05-17,0.005,20.41,19.4,0.0,1.0
2005-05-18,0.001,15.84,15.01,0.0,0.67
2005-05-19,0.055,28.8,18.63,4.08,6.09
2005-05-20,0.009,23.07,21.16,0.01,1.89
2005-05-21,0.001,20.91,19.93,0.0,0.83
2005-05-22,0.0,11.57,17.06,0.0,0.17
2005-05-23,0.0,0.0,0.0,0.0,0.0
2005-05-24,0.0,0.0,0.0,0.0,0.0
2005-05-25,0.0,0.0,0.0,0.0,0.0
2005-05-26,0.0,0.0,0.0,0.0,0.0
2005-05-27,0.0,0.0,0.0,0.0,0.0
2005-05-28,0.0,0.0,0.0,0.0,0.0
2005-05-29,0.0,0.0,0.0,0.0,0.0
2005-05-30,0.0,0.0,0.0,0.0,0.0
2005-05-31,0.0,0.0,0.0,0.0,0.0
2005-06-01,0.0,0.0,0.0,0.0,0.0
2005-06-02,0.0,0.0,0.0,0.0,0.0
2005-06-03,0.0,0.0,0.0,0.0,0.0
2005-06-04,0.0,0.0,0.0,0.0,0.0
2005-06-05,0.0,0.0,0.0,0.0,0.0
2005-06-06,0.0,0.0,0.0,0.0,0.0
2005-06-07,0.0,0.0,0.0,0.0,0.0
2005-06-08,0.0,0.0,0.0,0.0,0.0
2005-06-09,0.072,34.53,19.43,6.4,8.71
2005-06-10,0.004,24.1,21.74,0.0,2.35
2005-06-11,0.0,27.01,26.74,0.0,0.27
2005-06-12,0.0,0.0,0.0,0.0,0.0
2005-06-13,0.0,0.0,0.0,0.0,0.0
2005-06-14,0.0,0.0,0.0,0.0,0.0
2005-06-15,0.0,0.0,0.0,0.0,0.0
2005-06-16,0.0,0.0,0.0,0.0,0.0
2005-06-17,0.0,0.0,0.0,0.0,0.0
2005-06-18,0.0,0.0,0.0,0.0,0.0
2005-06-19,0.0,0.0,0.0,0.0,0.0
2005-06-20,0.0,0.0,0.0,0.0,0.0
2005-06-21,0.0,0.0,0.0,0.0,0.0
2005-06-22,0.0,0.0,0.0,0.0,0.0
2005-06-23,0.0,0.0,0.0,0.0,0.0
2005-06-24,0.0,0.0,0.0,0.0,0.0
2005-06-25,0.0,0.0,0.0,0.0,0.0
2005-06-26,0.0,0.0,0.0,0.0,0.0
2005-06-27,0.0,0.0,0.0,0.0,0.0
2005-06-28,0.0,0.0,0.0,0.0,0.0
2005-06-29,0.0,0.0,0.0,0.0,0.0
2005-06-30,0.0,0.0,0.0,0.0,0.0
2005-07-01,0.0,0.0,0.0,0.0,0.0
2005-07-02,0.0,0.0,0.0,0.0,0.0
2005-07-03,0.0,0.0,0.0,0.0,0.0
2005-07-04,0.0,0.0,0.0,0.0,0.0
2005-07-05,0.0,0.0,0.0,0.0,0.0
2005-07-06,0.0,0.0,0.0,0.0,0.0
2005-07-07,0.0,0.0,0.0,0.0,0.0
2005-07-08,0.0,0.0,0.0,0.0,0.0
2005-07-09,0.0,0.0,0.0,0.0,0.0
2005-07-10,0.0,0.0,0.0,0.0,0.0
2005-07-11,0.0,0.0,0.0,0.0,0.0
2005-07-12,0.0,0.0,0.0,0.0,0.0
2005-07-13,0.0,0.0,0.0,0.0,0.0
2005-07-14,0.0,0.0,0.0,0.0,0.0
2005-07-15,0.0,0.0,0.0,0.0,0.0
2005-07-16,0.0,0.0,0.0,0.0,0.0
2005-07-17,0.0,0.0,0.0,0.0,0.0
2005-07-18,0.0,0.0,0.0,0.0,0.0
2005-07-19,0.0,0.0,0.0,0.0,0.0
2005-07-20,0.0,0.0,0.0,0.0,0.0
2005-07-21,0.0,0.0,0.0,0.0,0.0
2005-07-22,0.0,0.0,0.0,0.0,0.0
2005-07-23,0.0,0.0,0.0,0.0,0.0
2005-07-24,0.0,0.0,0.0,0.0,0.0
2005-07-25,0.0,0.0,0.0,0.0,0.0
2005-07-26,0.0,0.0,0.0,0.0,0.0
2005-07-27,0.0,0.0,0.0,0.0,0.0
2005-07-28,0.0,0.0,0.0,0.0,0.0
2005-07-29,0.0,0.0,0.0,0.0,0.0
2005-07-30,0.0,0.0,0.0,0.0,0.0
2005-07-31,0.0,0.0,0.0,0.0,0.0
2005-08-01,0.0,0.0,0.0,0.0,0.0
2005-08-02,0.0,0.0,0.0,0.0,0.0
2005-08-03,0.0,0.0,0.0,0.0,0.0
2005-08-04,0.0,0.0,0.0,0.0,0.0
2005-08-05,0.0,0.0,0.0,0.0,0.0
2005-08-06,0.0,0.0,0.0,0.0,0.0
2005-08-07,0.0,0.0,0.0,0.0,0.0
2005-08-08,0.0,0.0,0.0,0.0,0.0
2005-08-09,0.0,0.0,0.0,0.0,0.0
2005-08-10,0.0,0.0,0.0,0.0,0.0
2005-08-11,0.0,0.0,0.0,0.0,0.0
2005-08-12,0.0,0.0,0.0,0.0,0.0
2005-08-13,0.0,0.0,0.0,0.0,0.0
2005-08-14,0.0,0.0,0.0,0.0,0.0
2005-08-15,0.0,0.0,0.0,0.0,0.0
2005-08-16,0.0,0.0,0.0,0.0,0.0
2005-08-17,0.0,0.0,0.0,0.0,0.0
2005-08-18,0.0,0.0,0.0,0.0,0.0
2005-08-19,0.075,35.22,19.45,6.69,9.08
2005-08-20,0.004,24.42,21.87,0.0,2.57
2005-08-21,0.0,23.15,23.44,0.0,0.26
2005-08-22,0.0,0.0,0.0,0.0,0.0
2005-08-23,0.0,0.0,0.0,0.0,0.0
2005-08-24,0.0,0.0,0.0,0.0,0.0
2005-08-25,0.0,0.0,0.0,0.0,0.0
2005-08-26,0.0,0.0,0.0,0.0,0.0
2005-08-27,0.0,0.0,0.0,0.0,0.0
2005-08-28,0.0,0.0,0.0,0.0,0.0
2005-08-29,0.0,0.0,0.0,0.0,0.0
2005-08-30,0.0,0.0,0.0,0.0,0.0
2005-08-31,0.0,0.0,0.0,0.0,0.0
2005-09-01,0.0,0.0,0.0,0.0,0.0
2005-09-02,0.0,0.0,0.0,0.0,0.0
2005-09-03,0.0,0.0,0.0,0.0,0.0
2005-09-04,0.0,0.0,0.0,0.0,0.0
2005-09-05,0.0,0.0,0.0,0.0,0.0
2005-09-06,0.0,0.0,0.0,0.0,0.0
2005-09-07,0.0,0.0,0.0,0.0,0.0
2005-09-08,0.0,0.0,0.0,0.0,0.0
2005-09-09,0.0,0.0,0.0,0.0,0.0
2005-09-10,0.0,0.0,0.0,0.0,0.0
2005-09-11,0.0,0.0,0.0,0.0,0.0
2005-09-12,0.0,0.0,0.0,0.0,0.0
2005-09-13,0.0,0.0,0.0,0.0,0.0
2005-09-14,0.0,0.0,0.0,0.0,0.0
2005-09-15,0.0,0.0,0.0,0.0,0.0
2005-09-16,0.0,0.0,0.0,0.0,0.0
2005-09-17,0.0,0.0,0.0,0.0,0.0
2005-09-18,0.0,0.0,0.0,0.0,0.0
2005-09-19,0.0,0.0,0.0,0.0,0.0
2005-09-20,0.0,0.0,0.0,0.0,0.0
2005-09-21,0.0,0.0,0.0,0.0,0.0
2005-09-22,0.0,0.0,0.0,0.0,0.0
2005-09-23,0.0,0.0,0.0,0.0,0.0
2005-09-24,0.0,0.0,0.0,0.0,0.0
2005-09-25,0.0,0.0,0.0,0.0,0.0
2005-09-26,0.0,0.0,0.0,0.0,0.0
2005-09-27,0.0,0.0,0.0,0.0,0.0
2005-09-28,0.0,0.0,0.0,0.0,0.0
2005-09-29,0.0,0.0,0.0,0.0,0.0
2005-09-30,0.0,0.0,0.0,0.0,0.0
2005-10-01,0.0,0.0,0.0,0.0,0.0
2005-10-02,0.0,0.0,0.0,0.0,0.0
2005-10-03,0.0,0.0,0.0,0.0,0.0
2005-10-04,0.0,0.0,0.0,0.0,0.0
2005-10-05,0.0,0.0,0.0,0.0,0.0
2005-10-06,0.0,0.0,0.0,0.0,0.0
2005-10-07,0.0,0.0,0.0,0.0,0.0
2005-10-08,0.0,0.0,0.0,0.0,0.0
2005-10-09,0.0,0.0,0.0,0.0,0.0
2005-10-10,0.0,0.0,0.0,0.0,0.0
2005-10-11,0.0,0.0,0.0,0.0,0.0
2005-10-12,0.0,0.0,0.0,0.0,0.0
2005-10-13,0.0,0.0,0.0,0.0,0.0
2005-10-14,0.0,0.0,0.0,0.0,0.0
2005-10-15,1.128,123.46,20.64,44.4,58.42
2005-10-16,0.017,55.84,23.07,11.79,20.98
2005-10-17,0.0,21.97,20.47,0.0,1.43
2005-10-18,0.0,18.98,18.22,0.0,0.91
2005-10-19,0.0,20.34,19.39,0.0,0.93
2005-10-20,0.0,20.25,19.22,0.0,0.92
2005-10-21,0.0,20.13,19.08,0.0,0.91
2005-10-22,0.0,20.71,19.55,0.0,0.94
2005-10-23,0.0,20.25,19.2,0.0,0.92
2005-10-24,0.0,19.59,18.8,0.0,0.9
2005-10-25,0.0,19.68,18.29,0.0,0.87
2005-10-26,0.0,19.84,19.0,0.0,0.91
2005-10-27,0.0,20.25,18.37,0.0,0.85
2005-10-28,0.0,11.57,13.36,0.0,0.61
2005-10-29,0.0,23.15,25.41,0.0,1.24
2005-10-30,0.0,23.15,16.8,0.0,0.8
2005-10-31,0.0,0.0,0.0,0.0,0.0
2005-11-01,0.0,0.0,0.0,0.0,0.0
2005-11-02,0.0,0.0,0.0,0.0,0.0
2005-11-03,0.0,0.0,0.0,0.0,0.0
2005-11-04,0.0,0.0,0.0,0.0,0.0
2005-11-05,0.0,0.0,0.0,0.0,0.0
2005-11-06,0.0,0.0,0.0,0.0,0.0
2005-11-07,0.0,0.0,0.0,0.0,0.0
2005-11-08,0.0,0.0,0.0,0.0,0.0
2005-11-09,0.0,0.0,0.0,0.0,0.0
2005-11-10,0.0,0.0,0.0,0.0,0.0
2005-11-11,0.0,0.0,0.0,0.0,0.0
2005-11-12,0.0,0.0,0.0,0.0,0.0
2005-11-13,0.0,0.0,0.0,0.0,0.0
2005-11-14,0.0,0.0,0.0,0.0,0.0
2005-11-15,0.0,0.0,0.0,0.0,0.0
2005-11-16,0.0,0.0,0.0,0.0,0.0
2005-11-17,0.0,0.0,0.0,0.0,0.0
2005-11-18,0.0,0.0,0.0,0.0,0.0
2005-11-19,0.0,0.0,0.0,0.0,0.0
2005-11-20,0.0,0.0,0.0,0.0,0.0
2005-11-21,0.0,0.0,0.0,0.0,0.0
2005-11-22,0.0,0.0,0.0,0.0,0.0
2005-11-23,0.0,0.0,0.0,0.0,0.0
2005-11-24,0.0,0.0,0.0,0.0,0.0
2005-11-25,0.0,0.0,0.0,0.0,0.0
2005-11-26,0.0,0.0,0.0,0.0,0.0
2005-11-27,0.0,0.0,0.0,0.0,0.0
2005-11-28,0.672,114.69,13.74,43.59,57.36
2005-11-29,2.372,71.8,14.64,24.68,32.48
2005-11-30,0.278,39.26,8.27,13.24,17.76
2005-12-01,7.815,160.2,17.38,61.63,81.19
2005-12-02,4.673,143.17,17.2,54.39,71.58
2005-12-03,0.435,83.58,7.3,32.85,43.42
2005-12-04,0.081,51.88,6.63,11.61,33.64
2005-12-05,0.023,26.61,10.53,0.0,16.08
2005-12-06,0.011,18.11,15.29,0.0,2.8
2005-12-07,0.008,18.58,17.54,0.0,1.04
2005-12-08,0.006,19.06,18.12,0.0,0.93
2005-12-09,0.005,19.17,18.22,0.0,0.93
2005-12-10,0.005,19.19,18.25,0.0,0.93
2005-12-11,0.004,19.22,18.29,0.0,0.93
2005-12-12,0.003,19.11,18.21,0.0,0.92
2005-12-13,0.003,19.14,18.21,0.0,0.92
2005-12-14,0.003,19.13,18.24,0.0,0.91
2005-12-15,0.002,19.08,18.2,0.0,0.91
2005-12-16,0.002,19.11,18.17,0.0,0.91
2005-12-17,0.718,34.6,3.26,13.53,17.81
2005-12-18,26.561,239.07,25.29,90.31,123.47
2005-12-19,3.865,102.81,13.67,38.07,51.07
2005-12-20,0.335,63.29,7.14,24.23,31.93
2005-12-21,2.255,172.34,15.13,67.61,89.6
2005-12-22,9.279,288.75,19.62,115.25,153.89
2005-12-23,1.331,225.08,10.14,92.49,122.45
2005-12-24,0.222,152.57,8.09,59.34,85.14
2005-12-25,1.166,90.56,11.96,32.79,45.81
2005-12-26,8.634,165.49,19.42,62.99,83.07
2005-12-27,0.568,75.55,7.75,29.26,38.54
2005-12-28,3.599,135.87,13.09,53.02,69.76
2005-12-29,0.655,82.2,10.12,31.13,40.96
2005-12-30,0.349,28.48,5.51,7.85,15.12
2005-12-31,25.566,460.64,30.61,183.0,247.02
2006-01-01,1.38,142.79,11.23,56.28,75.28
2006-01-02,22.849,262.65,26.36,98.72,137.57
2006-01-03,1.955,125.27,11.95,48.15,65.17
2006-01-04,0.657,52.14,13.72,16.55,21.88
2006-01-05,0.446,25.6,15.9,3.52,6.18
2006-01-06,0.368,19.4,16.54,0.72,2.15
2006-01-07,1.352,97.4,15.28,35.42,46.69
2006-01-08,0.578,51.32,13.54,16.3,21.48
2006-01-09,0.323,22.54,15.31,2.2,5.02
2006-01-10,0.27,18.93,16.32,0.71,1.9
2006-01-11,0.247,18.5,16.51,0.72,1.27
2006-01-12,0.199,18.28,16.42,0.7,1.16
2006-01-13,0.167,18.35,16.5,0.71,1.13
2006-01-14,7.361,135.77,17.4,51.09,67.27
2006-01-15,1.311,86.09,10.91,32.45,42.72
2006-01-16,0.415,43.5,12.54,13.31,17.64
2006-01-17,0.264,21.62,15.33,0.89,5.41
2006-01-18,1.039,44.88,14.26,13.1,17.52
2006-01-19,0.594,33.79,13.4,8.76,11.63
2006-01-20,0.251,20.24,14.56,1.69,3.99
2006-01-21,0.195,18.31,15.9,0.68,1.73
2006-01-22,0.151,18.14,16.21,0.69,1.24
2006-01-23,0.12,18.05,16.25,0.69,1.11
2006-01-24,0.115,18.09,16.31,0.68,1.09
2006-01-25,0.102,18.02,16.27,0.66,1.08
2006-01-26,0.086,18.12,16.41,0.63,1.08
2006-01-27,0.079,18.06,16.36,0.63,1.07
2006-01-28,0.071,18.13,16.45,0.61,1.07
2006-01-29,0.065,18.18,16.52,0.59,1.07
2006-01-30,0.138,20.64,11.21,3.55,5.87
2006-01-31,0.134,20.59,11.76,2.24,6.59
2006-02-01,0.054,17.05,13.83,0.34,2.88
2006-02-02,0.07,19.49,16.63,1.11,1.75
2006-02-03,0.048,18.06,16.45,0.53,1.08
2006-02-04,0.038,17.68,16.21,0.43,1.04
2006-02-05,0.023,17.49,16.39,0.08,1.02
2006-02-06,0.01,18.56,17.6,0.01,0.94
2006-02-07,0.006,18.65,17.74,0.0,0.91
2006-02-08,0.012,18.59,17.56,0.01,1.02
2006-02-09,0.007,19.4,18.44,0.0,0.96
2006-02-10,0.005,20.16,19.18,0.0,0.97
2006-02-11,0.003,20.66,19.69,0.0,0.95
2006-02-12,0.001,20.96,20.0,0.0,0.91
2006-02-13,0.0,23.15,26.56,0.0,0.18
2006-02-14,0.0,0.0,0.0,0.0,0.0
2006-02-15,0.0,0.0,0.0,0.0,0.0
2006-02-16,0.0,0.0,0.0,0.0,0.0
2006-02-17,0.776,115.25,16.99,42.43,55.83
2006-02-18,0.489,47.46,11.32,15.58,20.56
2006-02-19,0.072,23.05,6.5,3.61,12.95
2006-02-20,0.019,15.85,9.34,0.0,6.51
2006-02-21,0.009,16.06,14.53,0.0,1.52
2006-02-22,0.005,18.63,17.72,0.0,0.93
2006-02-23,0.002,19.79,18.88,0.0,0.88
2006-02-24,0.0,18.52,17.96,0.0,0.77
2006-02-25,0.0,18.7,17.69,0.0,0.83
2006-02-26,0.0,19.29,19.73,0.0,0.85
2006-02-27,7.826,154.26,18.12,58.78,77.36
2006-02-28,8.603,146.78,16.86,56.1,73.82
2006-03-01,0.817,83.87,9.6,32.07,42.2
2006-03-02,2.446,114.06,12.82,43.72,57.52
2006-03-03,8.074,130.89,16.16,49.54,65.19
2006-03-04,0.985,66.52,11.17,23.9,31.45
2006-03-05,0.425,37.29,10.3,10.95,16.05
2006-03-06,11.035,189.27,18.07,73.89,97.31
2006-03-07,4.146,104.85,12.42,39.91,52.52
2006-03-08,0.974,49.14,11.76,16.14,21.24
2006-03-09,0.458,27.36,14.5,5.22,7.63
2006-03-10,0.357,19.33,16.12,0.7,2.51
2006-03-11,0.35,18.16,15.31,1.05,1.79
2006-03-12,2.044,64.59,15.12,21.34,28.13
2006-03-13,0.578,34.46,13.97,8.83,11.66
2006-03-14,6.558,165.47,18.62,63.39,83.45
2006-03-15,0.951,66.61,11.99,23.58,31.04
2006-03-16,1.872,133.1,12.91,51.76,68.44
2006-03-17,7.329,172.83,16.49,67.47,88.88
2006-03-18,1.068,72.51,11.97,26.13,34.41
2006-03-19,0.563,34.29,14.78,8.37,11.14
2006-03-20,5.285,125.93,15.71,47.56,62.66
2006-03-21,4.542,85.97,13.99,31.08,40.9
2006-03-22,1.081,36.91,12.64,10.48,13.79
2006-03-23,0.675,22.81,15.08,3.34,4.39
2006-03-24,0.506,19.03,15.93,1.24,1.85
2006-03-25,15.9,357.9,25.93,140.44,191.53
2006-03-26,1.47,93.4,12.74,34.69,45.97
2006-03-27,0.901,37.09,14.87,9.58,12.64
2006-03-28,0.929,31.17,16.26,6.44,8.48
2006-03-29,2.498,67.64,14.6,22.9,30.14
2006-03-30,0.938,28.74,13.9,6.41,8.43
2006-03-31,1.169,45.2,15.33,12.9,16.97
2006-04-01,1.709,57.22,13.99,18.67,24.56
2006-04-02,2.905,107.65,14.17,40.37,53.11
2006-04-03,8.554,92.8,15.29,33.47,44.04
2006-04-04,18.641,245.33,23.8,94.02,127.51
2006-04-05,4.129,54.01,14.06,17.22,22.73
2006-04-06,2.113,24.68,14.95,4.2,5.53
2006-04-07,1.802,23.87,15.65,3.55,4.67
2006-04-08,1.613,23.54,16.57,3.01,3.96
2006-04-09,1.16,17.95,15.84,0.91,1.2
2006-04-10,0.964,17.74,15.73,0.87,1.14
2006-04-11,0.841,17.63,15.62,0.87,1.14
2006-04-12,2.76,88.75,14.94,31.87,41.94
2006-04-13,1.456,56.84,13.19,18.85,24.8
2006-04-14,0.801,25.8,14.44,4.91,6.45
2006-04-15,0.57,19.36,15.2,1.8,2.36
2006-04-16,6.885,370.64,20.25,150.26,200.13
2006-04-17,2.551,93.05,13.39,34.36,45.3
2006-04-18,0.866,37.7,13.76,10.34,13.61
2006-04-19,0.58,22.5,15.13,3.18,4.19
2006-04-20,0.443,18.47,15.47,1.21,1.8
2006-04-21,0.369,17.48,15.53,0.68,1.27
2006-04-22,0.27,17.12,15.32,0.64,1.16
2006-04-23,0.268,17.13,15.33,0.66,1.15
2006-04-24,0.194,16.8,15.05,0.62,1.13
2006-04-25,0.157,16.77,15.0,0.63,1.14
2006-04-26,0.114,16.48,14.79,0.56,1.13
2006-04-27,0.084,16.23,14.62,0.52,1.1
2006-04-28,0.063,16.03,14.51,0.46,1.06
2006-04-29,0.046,15.78,14.39,0.37,1.02
2006-04-30,0.031,15.33,14.24,0.1,0.99
2006-05-01,0.015,14.38,13.49,0.01,0.88
2006-05-02,0.006,12.82,12.06,0.0,0.75
2006-05-03,0.001,12.47,11.94,0.0,0.56
2006-05-04,0.0,4.96,5.32,0.0,0.07
2006-05-05,0.0,5.79,5.49,0.0,0.02
2006-05-06,0.0,0.0,0.0,0.0,0.0
2006-05-07,0.0,0.0,0.0,0.0,0.0
2006-05-08,0.0,0.0,0.0,0.0,0.0
2006-05-09,0.0,0.0,0.0,0.0,0.0
2006-05-10,0.0,0.0,0.0,0.0,0.0
2006-05-11,0.0,0.0,0.0,0.0,0.0
2006-05-12,0.0,0.0,0.0,0.0,0.0
2006-05-13,0.0,0.0,0.0,0.0,0.0
2006-05-14,0.0,0.0,0.0,0.0,0.0
2006-05-15,0.0,0.0,0.0,0.0,0.0
2006-05-16,0.0,0.0,0.0,0.0,0.0
2006-05-17,0.0,0.0,0.0,0.0,0.0
2006-05-18,0.0,0.0,0.0,0.0,0.0
2006-05-19,0.0,0.0,0.0,0.0,0.0
2006-05-20,0.0,0.0,0.0,0.0,0.0
2006-05-21,0.156,61.41,14.32,20.33,26.76
2006-05-22,0.62,59.0,17.01,18.02,23.96
2006-05-23,0.07,19.05,6.92,2.35,9.77
2006-05-24,0.014,12.5,7.14,0.0,5.36
2006-05-25,0.002,8.14,6.23,0.0,1.89
2006-05-26,0.0,7.23,6.84,0.0,0.57
2006-05-27,0.0,6.94,7.12,0.0,0.27
2006-05-28,0.0,11.57,6.96,0.0,0.05
2006-05-29,0.0,0.0,0.0,0.0,0.0
2006-05-30,0.0,0.0,0.0,0.0,0.0
2006-05-31,0.0,0.0,0.0,0.0,0.0
2006-06-01,0.0,0.0,0.0,0.0,0.0
2006-06-02,0.0,0.0,0.0,0.0,0.0
2006-06-03,0.0,0.0,0.0,0.0,0.0
2006-06-04,0.0,0.0,0.0,0.0,0.0
2006-06-05,0.0,0.0,0.0,0.0,0.0
2006-06-06,0.0,0.0,0.0,0.0,0.0
2006-06-07,0.0,0.0,0.0,0.0,0.0
2006-06-08,0.0,0.0,0.0,0.0,0.0
2006-06-09,0.0,0.0,0.0,0.0,0.0
2006-06-10,0.0,0.0,0.0,0.0,0.0
2006-06-11,0.0,0.0,0.0,0.0,0.0
2006-06-12,0.0,0.0,0.0,0.0,0.0
2006-06-13,0.0,0.0,0.0,0.0,0.0
2006-06-14,0.0,0.0,0.0,0.0,0.0
2006-06-15,0.0,0.0,0.0,0.0,0.0
2006-06-16,0.0,0.0,0.0,0.0,0.0
2006-06-17,0.0,0.0,0.0,0.0,0.0
2006-06-18,0.0,0.0,0.0,0.0,0.0
2006-06-19,0.0,0.0,0.0,0.0,0.0
2006-06-20,0.0,0.0,0.0,0.0,0.0
2006-06-21,0.0,0.0,0.0,0.0,0.0
2006-06-22,0.0,0.0,0.0,0.0,0.0
2006-06-23,0.0,0.0,0.0,0.0,0.0
2006-06-24,0.0,0.0,0.0,0.0,0.0
2006-06-25,0.0,0.0,0.0,0.0,0.0
2006-06-26,0.0,0.0,0.0,0.0,0.0
2006-06-27,0.0,0.0,0.0,0.0,0.0
2006-06-28,0.0,0.0,0.0,0.0,0.0
2006-06-29,0.0,0.0,0.0,0.0,0.0
2006-06-30,0.0,0.0,0.0,0.0,0.0
2006-07-01,0.0,0.0,0.0,0.0,0.0
2006-07-02,0.0,0.0,0.0,0.0,0.0
2006-07-03,0.0,0.0,0.0,0.0,0.0
2006-07-04,0.0,0.0,0.0,0.0,0.0
2006-07-05,0.0,0.0,0.0,0.0,0.0
2006-07-06,0.0,0.0,0.0,0.0,0.0
2006-07-07,0.0,0.0,0.0,0.0,0.0
2006-07-08,0.0,0.0,0.0,0.0,0.0
2006-07-09,0.0,0.0,0.0,0.0,0.0
2006-07-10,0.0,0.0,0.0,0.0,0.0
2006-07-11,0.0,0.0,0.0,0.0,0.0
2006-07-12,0.0,0.0,0.0,0.0,0.0
2006-07-13,0.0,0.0,0.0,0.0,0.0
2006-07-14,0.0,0.0,0.0,0.0,0.0
2006-07-15,0.0,0.0,0.0,0.0,0.0
2006-07-16,0.0,0.0,0.0,0.0,0.0
2006-07-17,0.0,0.0,0.0,0.0,0.0
2006-07-18,0.0,0.0,0.0,0.0,0.0
2006-07-19,0.0,0.0,0.0,0.0,0.0
2006-07-20,0.0,0.0,0.0,0.0,0.0
2006-07-21,0.0,0.0,0.0,0.0,0.0
2006-07-22,0.0,0.0,0.0,0.0,0.0
2006-07-23,0.0,0.0,0.0,0.0,0.0
2006-07-24,0.0,0.0,0.0,0.0,0.0
2006-07-25,0.0,0.0,0.0,0.0,0.0
2006-07-26,0.0,0.0,0.0,0.0,0.0
2006-07-27,0.0,0.0,0.0,0.0,0.0
2006-07-28,0.0,0.0,0.0,0.0,0.0
2006-07-29,0.0,0.0,0.0,0.0,0.0
2006-07-30,0.0,0.0,0.0,0.0,0.0
2006-07-31,0.0,0.0,0.0,0.0,0.0
2006-08-01,0.0,0.0,0.0,0.0,0.0
2006-08-02,0.0,0.0,0.0,0.0,0.0
2006-08-03,0.0,0.0,0.0,0.0,0.0
2006-08-04,0.0,0.0,0.0,0.0,0.0
2006-08-05,0.0,0.0,0.0,0.0,0.0
2006-08-06,0.0,0.0,0.0,0.0,0.0
2006-08-07,0.0,0.0,0.0,0.0,0.0
2006-08-08,0.0,0.0,0.0,0.0,0.0
2006-08-09,0.0,0.0,0.0,0.0,0.0
2006-08-10,0.0,0.0,0.0,0.0,0.0
2006-08-11,0.0,0.0,0.0,0.0,0.0
2006-08-12,0.0,0.0,0.0,0.0,0.0
2006-08-13,0.0,0.0,0.0,0.0,0.0
2006-08-14,0.0,0.0,0.0,0.0,0.0
2006-08-15,0.0,0.0,0.0,0.0,0.0
2006-08-16,0.0,0.0,0.0,0.0,0.0
2006-08-17,0.0,0.0,0.0,0.0,0.0
2006-08-18,0.0,0.0,0.0,0.0,0.0
2006-08-19,0.0,0.0,0.0,0.0,0.0
2006-08-20,0.0,0.0,0.0,0.0,0.0
2006-08-21,0.0,0.0,0.0,0.0,0.0
2006-08-22,0.0,0.0,0.0,0.0,0.0
2006-08-23,0.0,0.0,0.0,0.0,0.0
2006-08-24,0.0,0.0,0.0,0.0,0.0
2006-08-25,0.0,0.0,0.0,0.0,0.0
2006-08-26,0.0,0.0,0.0,0.0,0.0
2006-08-27,0.0,0.0,0.0,0.0,0.0
2006-08-28,0.0,0.0,0.0,0.0,0.0
2006-08-29,0.0,0.0,0.0,0.0,0.0
2006-08-30,0.0,0.0,0.0,0.0,0.0
2006-08-31,0.0,0.0,0.0,0.0,0.0
2006-09-01,0.0,0.0,0.0,0.0,0.0
2006-09-02,0.0,0.0,0.0,0.0,0.0
2006-09-03,0.0,0.0,0.0,0.0,0.0
2006-09-04,0.0,0.0,0.0,0.0,0.0
2006-09-05,0.0,0.0,0.0,0.0,0.0
2006-09-06,0.0,0.0,0.0,0.0,0.0
2006-09-07,0.0,0.0,0.0,0.0,0.0
2006-09-08,0.0,0.0,0.0,0.0,0.0
2006-09-09,0.0,0.0,0.0,0.0,0.0
2006-09-10,0.0,0.0,0.0,0.0,0.0
2006-09-11,0.0,0.0,0.0,0.0,0.0
2006-09-12,0.0,0.0,0.0,0.0,0.0
2006-09-13,0.0,0.0,0.0,0.0,0.0
2006-09-14,0.0,0.0,0.0,0.0,0.0
2006-09-15,0.0,0.0,0.0,0.0,0.0
2006-09-16,0.0,0.0,0.0,0.0,0.0
2006-09-17,0.0,0.0,0.0,0.0,0.0
2006-09-18,0.0,0.0,0.0,0.0,0.0
2006-09-19,0.0,0.0,0.0,0.0,0.0
2006-09-20,0.0,0.0,0.0,0.0,0.0
2006-09-21,0.0,0.0,0.0,0.0,0.0
2006-09-22,0.0,0.0,0.0,0.0,0.0
2006-09-23,0.0,0.0,0.0,0.0,0.0
2006-09-24,0.0,0.0,0.0,0.0,0.0
2006-09-25,0.0,0.0,0.0,0.0,0.0
2006-09-26,0.0,0.0,0.0,0.0,0.0
2006-09-27,0.0,0.0,0.0,0.0,0.0
2006-09-28,0.0,0.0,0.0,0.0,0.0
2006-09-29,0.0,0.0,0.0,0.0,0.0
2006-09-30,0.0,0.0,0.0,0.0,0.0
2006-10-01,0.0,0.0,0.0,0.0,0.0
2006-10-02,0.0,0.0,0.0,0.0,0.0
2006-10-03,0.0,0.0,0.0,0.0,0.0
2006-10-04,0.0,0.0,0.0,0.0,0.0
2006-10-05,0.0,0.0,0.0,0.0,0.0
2006-10-06,0.0,0.0,0.0,0.0,0.0
2006-10-07,0.0,0.0,0.0,0.0,0.0
2006-10-08,0.0,0.0,0.0,0.0,0.0
2006-10-09,0.0,0.0,0.0,0.0,0.0
2006-10-10,0.0,0.0,0.0,0.0,0.0
2006-10-11,0.0,0.0,0.0,0.0,0.0
2006-10-12,0.0,0.0,0.0,0.0,0.0
2006-10-13,0.0,0.0,0.0,0.0,0.0
2006-10-14,0.0,0.0,0.0,0.0,0.0
2006-10-15,0.0,0.0,0.0,0.0,0.0
2006-10-16,0.0,0.0,0.0,0.0,0.0
2006-10-17,0.0,0.0,0.0,0.0,0.0
2006-10-18,0.0,0.0,0.0,0.0,0.0
2006-10-19,0.0,0.0,0.0,0.0,0.0
2006-10-20,0.0,0.0,0.0,0.0,0.0
2006-10-21,0.0,0.0,0.0,0.0,0.0
2006-10-22,0.0,0.0,0.0,0.0,0.0
2006-10-23,0.0,0.0,0.0,0.0,0.0
2006-10-24,0.0,0.0,0.0,0.0,0.0
2006-10-25,0.0,0.0,0.0,0.0,0.0
2006-10-26,0.0,0.0,0.0,0.0,0.0
2006-10-27,0.0,0.0,0.0,0.0,0.0
2006-10-28,0.0,0.0,0.0,0.0,0.0
2006-10-29,0.0,0.0,0.0,0.0,0.0
2006-10-30,0.0,0.0,0.0,0.0,0.0
2006-10-31,0.0,0.0,0.0,0.0,0.0
2006-11-01,0.0,0.0,0.0,0.0,0.0
2006-11-02,0.0,0.0,0.0,0.0,0.0
2006-11-03,0.0,0.0,0.0,0.0,0.0
2006-11-04,0.0,0.0,0.0,0.0,0.0
2006-11-05,0.0,0.0,0.0,0.0,0.0
2006-11-06,0.0,0.0,0.0,0.0,0.0
2006-11-07,0.0,0.0,0.0,0.0,0.0
2006-11-08,0.0,0.0,0.0,0.0,0.0
2006-11-09,0.0,0.0,0.0,0.0,0.0
2006-11-10,0.0,0.0,0.0,0.0,0.0
2006-11-11,0.899,75.08,14.46,25.97,34.65
2006-11-12,0.146,47.72,7.16,15.05,25.51
2006-11-13,2.847,117.84,14.97,44.33,58.55
2006-11-14,3.28,120.33,17.23,44.5,58.6
2006-11-15,0.808,72.65,8.13,27.84,36.68
2006-11-16,0.144,67.0,5.35,23.97,37.67
2006-11-17,0.03,34.93,6.44,0.0,28.48
2006-11-18,0.008,19.11,10.33,0.0,8.78
2006-11-19,0.004,16.78,15.17,0.0,1.62
2006-11-20,0.003,18.44,17.51,0.0,0.92
2006-11-21,0.002,19.05,18.15,0.0,0.91
2006-11-22,0.002,19.21,18.33,0.0,0.91
2006-11-23,0.002,19.22,18.33,0.0,0.9
2006-11-24,0.002,19.09,18.17,0.0,0.91
2006-11-25,0.001,19.17,18.24,0.0,0.9
2006-11-26,0.192,45.72,13.96,13.66,18.1
2006-11-27,1.355,57.54,12.43,19.47,25.64
2006-11-28,0.307,40.16,7.5,14.02,18.64
2006-11-29,0.051,22.51,5.15,1.35,16.01
2006-11-30,0.011,15.24,6.64,0.0,8.6
2006-12-01,0.003,12.99,10.94,0.0,2.05
2006-12-02,0.001,16.09,15.23,0.0,0.87
2006-12-03,0.001,18.38,17.45,0.0,0.86
2006-12-04,0.001,18.94,18.11,0.0,0.89
2006-12-05,0.001,19.44,18.44,0.0,0.91
2006-12-06,0.001,19.23,18.27,0.0,0.91
2006-12-07,0.001,19.29,18.51,0.0,0.91
2006-12-08,0.0,19.29,18.38,0.0,0.88
2006-12-09,2.553,208.75,19.27,81.82,107.66
2006-12-10,8.422,209.36,18.78,81.87,108.71
2006-12-11,0.583,130.48,7.12,53.16,70.2
2006-12-12,10.373,252.32,20.14,100.12,132.06
2006-12-13,0.66,123.17,7.38,49.98,65.81
2006-12-14,0.128,89.53,7.05,29.32,53.16
2006-12-15,0.037,39.21,10.84,0.0,28.36
2006-12-16,0.018,20.36,15.24,0.0,5.12
2006-12-17,0.013,18.49,17.25,0.0,1.23
2006-12-18,0.011,19.12,18.13,0.0,0.98
2006-12-19,0.008,19.15,18.2,0.0,0.95
2006-12-20,0.006,19.04,18.11,0.0,0.93
2006-12-21,2.32,137.06,14.01,53.13,69.91
2006-12-22,1.966,103.26,12.5,39.19,51.57
2006-12-23,0.233,66.26,6.28,25.33,34.65
2006-12-24,0.047,33.54,6.74,0.1,26.71
2006-12-25,0.014,20.58,10.81,0.0,9.77
2006-12-26,0.05,28.31,11.03,7.36,9.92
2006-12-27,2.344,139.41,13.76,54.26,71.4
2006-12-28,0.258,100.4,6.51,40.12,53.78
2006-12-29,0.049,50.82,6.17,0.85,43.79
2006-12-30,0.013,27.81,9.49,0.0,18.32
2006-12-31,0.005,17.36,14.33,0.0,3.03
2007-01-01,0.003,18.11,17.09,0.0,1.02
2007-01-02,0.003,18.71,17.82,0.0,0.9
2007-01-03,0.002,18.94,18.03,0.0,0.9
2007-01-04,0.002,19.01,18.08,0.0,0.9
2007-01-05,0.001,19.08,18.23,0.0,0.89
2007-01-06,0.001,18.88,17.95,0.0,0.9
2007-01-07,0.001,18.84,17.94,0.0,0.89
2007-01-08,0.001,18.9,17.95,0.0,0.89
2007-01-09,0.0,18.68,17.63,0.0,0.88
2007-01-10,0.0,18.65,17.88,0.0,0.88
2007-01-11,0.0,19.29,18.48,0.0,0.91
2007-01-12,0.0,21.49,19.04,0.0,0.9
2007-01-13,0.0,11.57,8.93,0.05,0.55
2007-01-14,0.0,17.36,16.59,0.0,0.85
2007-01-15,0.0,11.57,14.08,0.0,0.71
2007-01-16,0.0,0.0,0.0,0.0,0.0
2007-01-17,0.0,0.0,0.0,0.0,0.0
2007-01-18,0.0,0.0,0.0,0.0,0.0
2007-01-19,0.0,0.0,0.0,0.0,0.0
2007-01-20,0.0,0.0,0.0,0.0,0.0
2007-01-21,0.0,0.0,0.0,0.0,0.0
2007-01-22,0.0,0.0,0.0,0.0,0.0
2007-01-23,0.0,0.0,0.0,0.0,0.0
2007-01-24,0.0,0.0,0.0,0.0,0.0
2007-01-25,0.0,0.0,0.0,0.0,0.0
2007-01-26,0.0,0.0,0.0,0.0,0.0
2007-01-27,0.363,64.1,11.35,22.66,30.1
2007-01-28,1.795,63.68,11.15,22.6,29.93
2007-01-29,0.233,60.51,5.39,23.44,31.68
2007-01-30,0.043,33.11,4.83,0.32,27.96
2007-01-31,0.009,20.2,6.31,0.0,13.88
2007-02-01,0.002,12.2,8.8,0.0,3.44
2007-02-02,0.001,14.63,13.66,0.0,0.99
2007-02-03,0.0,17.48,16.58,0.0,0.82
2007-02-04,0.0,18.52,17.39,0.0,0.85
2007-02-05,0.0,18.94,18.1,0.0,0.9
2007-02-06,0.0,18.65,17.78,0.0,0.89
2007-02-07,0.0,18.7,17.24,0.0,0.88
2007-02-08,0.0,19.99,18.47,0.0,0.91
2007-02-09,3.387,133.53,15.14,51.12,67.27
2007-02-10,12.107,140.73,17.65,53.15,69.93
2007-02-11,4.01,96.51,14.83,35.27,46.41
2007-02-12,1.203,93.02,11.64,35.13,46.24
2007-02-13,1.718,113.86,11.86,44.05,57.96
2007-02-14,0.249,90.29,6.97,35.42,47.9
2007-02-15,0.063,39.81,9.49,0.17,30.15
2007-02-16,0.025,22.75,13.91,0.01,8.83
2007-02-17,0.011,18.04,16.13,0.0,1.91
2007-02-18,0.008,18.6,17.63,0.0,0.98
2007-02-19,0.006,18.98,18.05,0.0,0.93
2007-02-20,0.005,19.05,18.11,0.0,0.92
2007-02-21,0.004,19.0,18.11,0.0,0.92
2007-02-22,7.484,192.68,18.51,75.21,98.96
2007-02-23,1.698,75.0,10.86,27.7,36.44
2007-02-24,0.221,63.67,6.27,24.14,33.26
2007-02-25,2.946,85.01,13.82,30.56,40.64
2007-02-26,7.179,106.3,15.51,39.19,51.6
2007-02-27,5.131,88.65,13.52,32.44,42.69
2007-02-28,1.482,73.64,12.14,26.55,34.94
2007-03-01,0.209,46.86,7.93,15.81,23.13
2007-03-02,0.073,23.65,12.15,0.28,11.22
2007-03-03,0.041,18.71,15.58,0.32,2.82
2007-03-04,0.027,18.63,17.32,0.1,1.21
2007-03-05,0.011,17.79,16.87,0.0,0.91
2007-03-06,0.013,19.91,18.86,0.01,1.04
2007-03-07,0.005,18.91,18.0,0.0,0.9
2007-03-08,0.005,19.78,18.81,0.0,0.95
2007-03-09,0.002,18.99,18.1,0.0,0.88
2007-03-10,0.001,18.74,17.89,0.0,0.89
2007-03-11,0.001,18.57,17.72,0.0,0.88
2007-03-12,0.001,18.67,17.82,0.0,0.88
2007-03-13,0.0,18.4,17.65,0.0,0.88
2007-03-14,0.0,18.52,17.71,0.0,0.89
2007-03-15,0.0,17.36,15.94,0.0,0.82
2007-03-16,0.0,11.57,8.2,0.0,0.74
2007-03-17,0.0,0.0,2.46,0.0,0.27
2007-03-18,0.0,0.0,0.0,0.0,0.0
2007-03-19,0.0,0.0,0.0,0.0,0.0
2007-03-20,0.0,0.0,0.0,0.0,0.0
2007-03-21,0.0,0.0,0.0,0.0,0.0
2007-03-22,0.0,0.0,0.0,0.0,0.0
2007-03-23,0.0,0.0,0.0,0.0,0.0
2007-03-24,0.0,0.0,0.0,0.0,0.0
2007-03-25,0.0,0.0,0.0,0.0,0.0
2007-03-26,0.268,82.22,20.47,26.67,35.09
2007-03-27,0.085,59.29,22.9,15.43,20.96
2007-03-28,0.001,24.53,21.91,0.0,2.64
2007-03-29,0.0,20.71,20.0,0.0,0.91
2007-03-30,0.0,21.86,20.29,0.0,0.94
2007-03-31,0.0,23.15,20.76,0.0,0.88
2007-04-01,0.0,0.0,0.0,0.0,0.0
2007-04-02,0.0,0.0,0.0,0.0,0.0
2007-04-03,0.0,0.0,0.0,0.0,0.0
2007-04-04,0.0,0.0,0.0,0.0,0.0
2007-04-05,0.0,0.0,0.0,0.0,0.0
2007-04-06,0.0,0.0,0.0,0.0,0.0
2007-04-07,0.0,0.0,0.0,0.0,0.0
2007-04-08,0.0,0.0,0.0,0.0,0.0
2007-04-09,0.0,0.0,0.0,0.0,0.0
2007-04-10,0.0,0.0,0.0,0.0,0.0
2007-04-11,0.0,0.0,0.0,0.0,0.0
2007-04-12,0.0,0.0,0.0,0.0,0.0
2007-04-13,0.0,0.0,0.0,0.0,0.0
2007-04-14,1.485,116.09,14.18,44.01,57.9
2007-04-15,0.339,97.42,8.04,38.5,50.88
2007-04-16,0.053,59.69,4.84,6.85,48.0
2007-04-17,0.01,34.03,5.17,0.0,28.86
2007-04-18,0.002,14.65,6.7,0.0,7.93
2007-04-19,0.001,12.51,10.81,0.0,1.71
2007-04-20,0.857,70.34,12.81,24.59,32.94
2007-04-21,0.126,46.59,6.6,14.16,25.83
2007-04-22,2.839,118.97,12.81,45.75,60.41
2007-04-23,0.311,79.39,5.77,31.51,42.11
2007-04-24,0.056,48.19,4.95,6.69,36.55
2007-04-25,0.012,27.29,6.11,0.0,21.18
2007-04-26,0.003,14.5,9.37,0.0,5.13
2007-04-27,0.001,15.37,14.09,0.0,1.21
2007-04-28,0.001,17.79,17.0,0.0,0.86
2007-04-29,0.0,19.03,17.97,0.0,0.88
2007-04-30,0.0,19.29,18.46,0.0,0.9
2007-05-01,0.0,19.06,18.31,0.0,0.88
2007-05-02,0.0,19.29,18.97,0.0,0.91
2007-05-03,0.0,19.84,18.93,0.0,0.91
2007-05-04,0.0,0.0,0.0,0.0,0.0
2007-05-05,0.0,0.0,0.0,0.0,0.0
2007-05-06,0.0,0.0,0.0,0.0,0.0
2007-05-07,0.0,0.0,0.0,0.0,0.0
2007-05-08,0.0,0.0,0.0,0.0,0.0
2007-05-09,0.0,0.0,0.0,0.0,0.0
2007-05-10,0.0,0.0,0.0,0.0,0.0
2007-05-11,0.0,0.0,0.0,0.0,0.0
2007-05-12,0.0,0.0,0.0,0.0,0.0
2007-05-13,0.0,0.0,0.0,0.0,0.0
2007-05-14,0.0,0.0,0.0,0.0,0.0
2007-05-15,0.0,0.0,0.0,0.0,0.0
2007-05-16,0.0,0.0,0.0,0.0,0.0
2007-05-17,0.0,0.0,0.0,0.0,0.0
2007-05-18,0.0,0.0,0.0,0.0,0.0
2007-05-19,0.0,0.0,0.0,0.0,0.0
2007-05-20,0.0,0.0,0.0,0.0,0.0
2007-05-21,0.0,0.0,0.0,0.0,0.0
2007-05-22,0.0,0.0,0.0,0.0,0.0
2007-05-23,0.0,0.0,0.0,0.0,0.0
2007-05-24,0.0,0.0,0.0,0.0,0.0
2007-05-25,0.0,0.0,0.0,0.0,0.0
2007-05-26,0.0,0.0,0.0,0.0,0.0
2007-05-27,0.0,0.0,0.0,0.0,0.0
2007-05-28,0.0,0.0,0.0,0.0,0.0
2007-05-29,0.0,0.0,0.0,0.0,0.0
2007-05-30,0.0,0.0,0.0,0.0,0.0
2007-05-31,0.0,0.0,0.0,0.0,0.0
2007-06-01,0.0,0.0,0.0,0.0,0.0
2007-06-02,0.0,0.0,0.0,0.0,0.0
2007-06-03,0.0,0.0,0.0,0.0,0.0
2007-06-04,0.0,0.0,0.0,0.0,0.0
2007-06-05,0.0,0.0,0.0,0.0,0.0
2007-06-06,0.0,0.0,0.0,0.0,0.0
2007-06-07,0.0,0.0,0.0,0.0,0.0
2007-06-08,0.0,0.0,0.0,0.0,0.0
2007-06-09,0.0,0.0,0.0,0.0,0.0
2007-06-10,0.0,0.0,0.0,0.0,0.0
2007-06-11,0.0,0.0,0.0,0.0,0.0
2007-06-12,0.0,0.0,0.0,0.0,0.0
2007-06-13,0.0,0.0,0.0,0.0,0.0
2007-06-14,0.0,0.0,0.0,0.0,0.0
2007-06-15,0.0,0.0,0.0,0.0,0.0
2007-06-16,0.0,0.0,0.0,0.0,0.0
2007-06-17,0.0,0.0,0.0,0.0,0.0
2007-06-18,0.0,0.0,0.0,0.0,0.0
2007-06-19,0.0,0.0,0.0,0.0,0.0
2007-06-20,0.0,0.0,0.0,0.0,0.0
2007-06-21,0.0,0.0,0.0,0.0,0.0
2007-06-22,0.0,0.0,0.0,0.0,0.0
2007-06-23,0.0,0.0,0.0,0.0,0.0
2007-06-24,0.0,0.0,0.0,0.0,0.0
2007-06-25,0.0,0.0,0.0,0.0,0.0
2007-06-26,0.0,0.0,0.0,0.0,0.0
2007-06-27,0.0,0.0,0.0,0.0,0.0
2007-06-28,0.0,0.0,0.0,0.0,0.0
2007-06-29,0.0,0.0,0.0,0.0,0.0
2007-06-30,0.0,0.0,0.0,0.0,0.0
2007-07-01,0.0,0.0,0.0,0.0,0.0
2007-07-02,0.0,0.0,0.0,0.0,0.0
2007-07-03,0.0,0.0,0.0,0.0,0.0
2007-07-04,0.0,0.0,0.0,0.0,0.0
2007-07-05,0.0,0.0,0.0,0.0,0.0
2007-07-06,0.0,0.0,0.0,0.0,0.0
2007-07-07,0.0,0.0,0.0,0.0,0.0
2007-07-08,0.0,0.0,0.0,0.0,0.0
2007-07-09,0.0,0.0,0.0,0.0,0.0
2007-07-10,0.0,0.0,0.0,0.0,0.0
2007-07-11,0.0,0.0,0.0,0.0,0.0
2007-07-12,0.0,0.0,0.0,0.0,0.0
2007-07-13,0.0,0.0,0.0,0.0,0.0
2007-07-14,0.0,0.0,0.0,0.0,0.0
2007-07-15,0.0,0.0,0.0,0.0,0.0
2007-07-16,0.0,0.0,0.0,0.0,0.0
2007-07-17,0.0,0.0,0.0,0.0,0.0
2007-07-18,0.0,0.0,0.0,0.0,0.0
2007-07-19,0.0,0.0,0.0,0.0,0.0
2007-07-20,0.0,0.0,0.0,0.0,0.0
2007-07-21,0.0,0.0,0.0,0.0,0.0
2007-07-22,0.0,0.0,0.0,0.0,0.0
2007-07-23,0.0,0.0,0.0,0.0,0.0
2007-07-24,0.0,0.0,0.0,0.0,0.0
2007-07-25,0.0,0.0,0.0,0.0,0.0
2007-07-26,0.0,0.0,0.0,0.0,0.0
2007-07-27,0.0,0.0,0.0,0.0,0.0
2007-07-28,0.0,0.0,0.0,0.0,0.0
2007-07-29,0.0,0.0,0.0,0.0,0.0
2007-07-30,0.0,0.0,0.0,0.0,0.0
2007-07-31,0.0,0.0,0.0,0.0,0.0
2007-08-01,0.0,0.0,0.0,0.0,0.0
2007-08-02,0.0,0.0,0.0,0.0,0.0
2007-08-03,0.0,0.0,0.0,0.0,0.0
2007-08-04,0.0,0.0,0.0,0.0,0.0
2007-08-05,0.0,0.0,0.0,0.0,0.0
2007-08-06,0.0,0.0,0.0,0.0,0.0
2007-08-07,0.0,0.0,0.0,0.0,0.0
2007-08-08,0.0,0.0,0.0,0.0,0.0
2007-08-09,0.0,0.0,0.0,0.0,0.0
2007-08-10,0.0,0.0,0.0,0.0,0.0
2007-08-11,0.0,0.0,0.0,0.0,0.0
2007-08-12,0.0,0.0,0.0,0.0,0.0
2007-08-13,0.0,0.0,0.0,0.0,0.0
2007-08-14,0.0,0.0,0.0,0.0,0.0
2007-08-15,0.0,0.0,0.0,0.0,0.0
2007-08-16,0.0,0.0,0.0,0.0,0.0
2007-08-17,0.0,0.0,0.0,0.0,0.0
2007-08-18,0.0,0.0,0.0,0.0,0.0
2007-08-19,0.0,0.0,0.0,0.0,0.0
2007-08-20,0.0,0.0,0.0,0.0,0.0
2007-08-21,0.0,0.0,0.0,0.0,0.0
2007-08-22,0.0,0.0,0.0,0.0,0.0
2007-08-23,0.0,0.0,0.0,0.0,0.0
2007-08-24,0.0,0.0,0.0,0.0,0.0
2007-08-25,0.0,0.0,0.0,0.0,0.0
2007-08-26,0.0,0.0,0.0,0.0,0.0
2007-08-27,0.0,0.0,0.0,0.0,0.0
2007-08-28,0.0,0.0,0.0,0.0,0.0
2007-08-29,0.0,0.0,0.0,0.0,0.0
2007-08-30,0.0,0.0,0.0,0.0,0.0
2007-08-31,0.0,0.0,0.0,0.0,0.0
2007-09-01,0.0,0.0,0.0,0.0,0.0
2007-09-02,0.0,0.0,0.0,0.0,0.0
2007-09-03,0.0,0.0,0.0,0.0,0.0
2007-09-04,0.0,0.0,0.0,0.0,0.0
2007-09-05,0.0,0.0,0.0,0.0,0.0
2007-09-06,0.0,0.0,0.0,0.0,0.0
2007-09-07,0.0,0.0,0.0,0.0,0.0
2007-09-08,0.0,0.0,0.0,0.0,0.0
2007-09-09,0.0,0.0,0.0,0.0,0.0
2007-09-10,0.0,0.0,0.0,0.0,0.0
2007-09-11,0.0,0.0,0.0,0.0,0.0
2007-09-12,0.0,0.0,0.0,0.0,0.0
2007-09-13,0.0,0.0,0.0,0.0,0.0
2007-09-14,0.0,0.0,0.0,0.0,0.0
2007-09-15,0.0,0.0,0.0,0.0,0.0
2007-09-16,0.0,0.0,0.0,0.0,0.0
2007-09-17,0.0,0.0,0.0,0.0,0.0
2007-09-18,0.0,0.0,0.0,0.0,0.0
2007-09-19,0.0,0.0,0.0,0.0,0.0
2007-09-20,0.0,0.0,0.0,0.0,0.0
2007-09-21,0.0,0.0,0.0,0.0,0.0
2007-09-22,0.111,36.54,18.6,7.7,10.24
2007-09-23,0.014,30.27,22.53,2.45,5.28
2007-09-24,0.0,22.57,22.06,0.0,0.64
2007-09-25,0.0,0.0,0.0,0.0,0.0
2007-09-26,0.0,0.0,0.0,0.0,0.0
2007-09-27,0.0,0.0,0.0,0.0,0.0
2007-09-28,0.0,0.0,0.0,0.0,0.0
2007-09-29,0.0,0.0,0.0,0.0,0.0
2007-09-30,0.0,0.0,0.0,0.0,0.0
2007-10-01,0.0,0.0,0.0,0.0,0.0
2007-10-02,0.0,0.0,0.0,0.0,0.0
2007-10-03,0.0,0.0,0.0,0.0,0.0
2007-10-04,0.0,0.0,0.0,0.0,0.0
2007-10-05,0.0,0.0,0.0,0.0,0.0
2007-10-06,0.0,0.0,0.0,0.0,0.0
2007-10-07,0.0,0.0,0.0,0.0,0.0
2007-10-08,0.0,0.0,0.0,0.0,0.0
2007-10-09,0.0,0.0,0.0,0.0,0.0
2007-10-10,4.23,99.88,12.87,37.57,49.44
2007-10-11,0.408,78.83,6.34,31.23,41.26
2007-10-12,7.076,235.79,20.24,92.74,122.81
2007-10-13,1.168,167.27,9.82,67.83,89.62
2007-10-14,0.931,74.94,8.39,28.7,37.85
2007-10-15,0.152,62.49,5.6,22.26,34.64
2007-10-16,0.033,32.33,7.08,0.0,25.26
2007-10-17,0.011,18.73,11.6,0.0,7.12
2007-10-18,0.006,17.23,15.81,0.0,1.41
2007-10-19,0.004,18.34,17.43,0.0,0.92
2007-10-20,0.003,18.79,17.89,0.0,0.9
2007-10-21,0.002,18.84,17.94,0.0,0.9
2007-10-22,0.002,18.93,18.02,0.0,0.9
2007-10-23,0.002,18.8,17.93,0.0,0.9
2007-10-24,0.002,19.01,18.04,0.0,0.91
2007-10-25,0.001,19.01,18.1,0.0,0.9
2007-10-26,0.001,18.85,17.95,0.0,0.9
2007-10-27,0.001,19.08,18.14,0.0,0.9
2007-10-28,0.001,18.83,18.02,0.0,0.89
2007-10-29,0.001,18.71,17.86,0.0,0.89
2007-10-30,0.001,18.88,17.97,0.0,0.9
2007-10-31,0.0,19.13,18.04,0.0,0.9
2007-11-01,0.0,18.63,17.95,0.0,0.89
2007-11-02,0.0,18.59,17.7,0.0,0.87
2007-11-03,0.0,19.29,18.26,0.0,0.91
2007-11-04,0.0,19.74,18.34,0.0,0.9
2007-11-05,0.0,17.81,17.69,0.0,0.87
2007-11-06,0.0,18.0,17.11,0.0,0.84
2007-11-07,0.0,15.43,14.99,0.0,0.74
2007-11-08,0.0,15.43,16.5,0.0,0.82
2007-11-09,0.0,23.15,22.12,0.0,1.1
2007-11-10,0.0,0.0,0.0,0.0,0.0
2007-11-11,0.0,0.0,0.0,0.0,0.0
2007-11-12,0.0,0.0,0.0,0.0,0.0
2007-11-13,0.0,0.0,0.0,0.0,0.0
2007-11-14,7.383,717.98,32.22,293.56,392.19
2007-11-15,2.2,248.53,11.31,102.25,134.96
2007-11-16,0.294,204.74,6.19,85.5,113.04
2007-11-17,0.056,111.79,5.93,10.79,95.06
2007-11-18,0.014,51.97,9.23,0.0,42.74
2007-11-19,0.006,20.65,14.19,0.0,6.47
2007-11-20,0.004,18.28,17.02,0.0,1.26
2007-11-21,0.003,18.79,17.88,0.0,0.92
2007-11-22,0.003,18.94,18.06,0.0,0.91
2007-11-23,0.002,19.17,18.24,0.0,0.9
2007-11-24,0.002,19.07,18.11,0.0,0.91
2007-11-25,0.001,19.1,18.22,0.0,0.9
2007-11-26,0.001,18.9,18.07,0.0,0.91
2007-11-27,0.001,19.11,18.25,0.0,0.9
2007-11-28,0.001,19.08,18.21,0.0,0.9
2007-11-29,0.001,19.04,18.12,0.0,0.91
2007-11-30,0.001,19.23,18.26,0.0,0.91
2007-12-01,0.001,19.16,18.16,0.0,0.9
2007-12-02,0.0,19.29,18.52,0.0,0.91
2007-12-03,0.0,18.9,18.18,0.0,0.89
2007-12-04,0.0,18.45,17.64,0.0,0.89
2007-12-05,0.0,19.43,18.24,0.0,0.9
2007-12-06,0.478,60.9,13.09,20.61,27.2
2007-12-07,5.089,101.31,16.11,36.75,48.45
2007-12-08,1.442,134.57,10.54,53.53,70.5
2007-12-09,0.394,134.34,7.29,54.69,72.36
2007-12-10,0.068,85.4,5.6,17.78,62.01
2007-12-11,4.12,301.56,15.37,123.51,162.67
2007-12-12,0.473,177.99,7.9,73.31,96.78
2007-12-13,0.082,124.8,6.1,32.53,86.16
2007-12-14,0.021,54.06,9.5,0.0,44.56
2007-12-15,0.009,21.9,14.17,0.0,7.72
2007-12-16,0.005,18.49,17.09,0.0,1.39
2007-12-17,0.004,18.93,18.0,0.0,0.94
2007-12-18,0.004,19.08,18.17,0.0,0.92
2007-12-19,0.003,19.27,18.32,0.0,0.91
2007-12-20,0.003,19.05,18.14,0.0,0.91
2007-12-21,1.364,184.76,13.17,74.09,97.49
2007-12-22,4.891,538.45,21.26,221.18,296.01
2007-12-23,1.35,344.11,12.04,142.54,189.54
2007-12-24,5.389,225.89,16.13,90.55,119.2
2007-12-25,0.499,149.17,7.15,61.25,80.77
2007-12-26,13.29,717.7,29.47,294.51,393.73
2007-12-27,0.462,296.93,7.01,125.04,164.88
2007-12-28,0.103,173.02,8.43,45.98,118.61
2007-12-29,0.043,53.75,13.78,0.03,39.93
2007-12-30,0.03,21.68,16.86,0.04,4.78
2007-12-31,0.015,19.28,17.92,0.01,1.35
2008-01-01,0.01,19.02,18.04,0.0,0.98
2008-01-02,0.008,19.11,18.17,0.0,0.94
2008-01-03,0.006,19.06,18.13,0.0,0.93
2008-01-04,25.226,305.15,28.62,114.97,161.56
2008-01-05,10.957,221.71,19.74,86.3,115.67
2008-01-06,2.482,167.3,13.57,66.24,87.49
2008-01-07,1.606,80.94,11.2,30.12,39.63
2008-01-08,0.678,51.07,11.8,16.96,22.31
2008-01-09,0.284,33.85,13.26,8.2,12.4
2008-01-10,0.582,47.66,16.51,13.01,18.13
2008-01-11,0.144,20.34,14.61,1.49,4.24
2008-01-12,0.083,17.78,15.66,0.6,1.52
2008-01-13,0.072,18.16,16.44,0.61,1.11
2008-01-14,0.061,18.21,16.58,0.57,1.07
2008-01-15,0.049,18.33,16.75,0.51,1.07
2008-01-16,0.023,18.37,17.26,0.08,1.02
2008-01-17,0.015,18.34,17.36,0.01,0.98
2008-01-18,0.023,18.74,17.6,0.07,1.08
2008-01-19,0.021,18.7,17.61,0.03,1.06
2008-01-20,0.017,19.1,18.03,0.02,1.05
2008-01-21,2.343,109.68,14.52,41.05,54.11
2008-01-22,4.621,109.59,15.42,40.64,53.53
2008-01-23,3.942,93.51,14.94,33.92,44.64
2008-01-24,2.591,64.0,12.71,22.15,29.14
2008-01-25,13.014,134.17,20.21,49.21,64.75
2008-01-26,2.984,87.91,12.83,32.42,42.66
2008-01-27,5.403,122.16,14.45,46.51,61.2
2008-01-28,4.328,96.78,13.56,35.94,47.28
2008-01-29,0.696,48.02,11.32,15.85,20.85
2008-01-30,0.756,39.06,13.04,11.24,14.78
2008-01-31,1.752,72.1,12.86,25.47,33.77
2008-02-01,3.142,126.78,13.07,49.07,64.64
2008-02-02,1.508,80.66,10.89,30.12,39.65
2008-02-03,4.825,78.59,14.75,27.56,36.27
2008-02-04,0.816,38.53,11.19,11.81,15.54
2008-02-05,0.379,23.79,14.44,3.61,5.75
2008-02-06,0.291,19.18,16.35,0.71,2.13
2008-02-07,0.234,18.81,16.75,0.73,1.33
2008-02-08,0.195,18.68,16.79,0.73,1.16
2008-02-09,0.164,18.68,16.83,0.73,1.12
2008-02-10,0.147,18.75,16.91,0.74,1.1
2008-02-11,0.128,18.78,16.95,0.73,1.1
2008-02-12,0.11,18.79,16.98,0.72,1.09
2008-02-13,0.081,19.34,17.55,0.69,1.1
2008-02-14,0.017,16.4,15.53,0.02,0.85
2008-02-15,0.048,19.19,17.55,0.54,1.1
2008-02-16,0.05,19.31,17.63,0.59,1.09
2008-02-17,0.043,19.26,17.64,0.53,1.09
2008-02-18,0.035,19.4,17.83,0.48,1.08
2008-02-19,2.831,395.9,20.42,161.69,213.79
2008-02-20,6.992,272.19,17.69,109.63,144.87
2008-02-21,1.453,105.47,11.89,40.41,53.17
2008-02-22,1.577,73.96,12.59,26.5,34.87
2008-02-23,2.928,163.32,15.34,63.9,84.08
2008-02-24,7.269,106.33,15.71,39.13,51.49
2008-02-25,1.022,54.0,11.0,18.57,24.43
2008-02-26,0.365,30.93,13.51,6.93,10.49
2008-02-27,0.242,20.29,16.14,0.69,3.46
2008-02-28,0.193,19.25,16.95,0.74,1.57
2008-02-29,0.163,19.13,17.21,0.75,1.17
2008-03-01,0.134,19.2,17.33,0.76,1.11
2008-03-02,0.093,19.16,17.39,0.69,1.08
2008-03-03,0.086,19.1,17.32,0.69,1.09
2008-03-04,0.076,19.19,17.43,0.67,1.09
2008-03-05,0.062,19.23,17.51,0.64,1.09
2008-03-06,0.053,19.33,17.64,0.6,1.09
2008-03-07,0.042,19.78,18.09,0.6,1.09
2008-03-08,0.031,19.73,18.21,0.43,1.09
2008-03-09,0.025,20.17,18.77,0.29,1.1
2008-03-10,0.02,20.29,19.1,0.08,1.11
2008-03-11,0.015,20.33,19.21,0.03,1.1
2008-03-12,0.01,21.13,20.05,0.01,1.07
2008-03-13,0.002,18.91,18.05,0.0,0.87
2008-03-14,0.004,20.13,19.15,0.0,0.97
2008-03-15,0.001,20.14,19.25,0.0,0.91
2008-03-16,0.001,21.56,20.62,0.0,0.95
2008-03-17,0.0,23.15,18.78,0.0,0.1
2008-03-18,0.0,0.0,0.0,0.0,0.0
2008-03-19,0.0,0.0,0.0,0.0,0.0
2008-03-20,0.0,0.0,0.0,0.0,0.0
2008-03-21,0.0,0.0,0.0,0.0,0.0
2008-03-22,0.0,0.0,0.0,0.0,0.0
2008-03-23,0.0,0.0,0.0,0.0,0.0
2008-03-24,0.0,0.0,0.0,0.0,0.0
2008-03-25,0.0,0.0,0.0,0.0,0.0
2008-03-26,0.0,0.0,0.0,0.0,0.0
2008-03-27,0.0,0.0,0.0,0.0,0.0
2008-03-28,0.0,0.0,0.0,0.0,0.0
2008-03-29,0.0,0.0,0.0,0.0,0.0
2008-03-30,0.0,0.0,0.0,0.0,0.0
2008-03-31,0.0,0.0,0.0,0.0,0.0
2008-04-01,0.0,0.0,0.0,0.0,0.0
2008-04-02,0.0,0.0,0.0,0.0,0.0
2008-04-03,0.0,0.0,0.0,0.0,0.0
2008-04-04,0.0,0.0,0.0,0.0,0.0
2008-04-05,0.0,0.0,0.0,0.0,0.0
2008-04-06,0.0,0.0,0.0,0.0,0.0
2008-04-07,0.0,0.0,0.0,0.0,0.0
2008-04-08,0.0,0.0,0.0,0.0,0.0
2008-04-09,0.0,0.0,0.0,0.0,0.0
2008-04-10,0.0,0.0,0.0,0.0,0.0
2008-04-11,0.0,0.0,0.0,0.0,0.0
2008-04-12,0.0,0.0,0.0,0.0,0.0
2008-04-13,0.0,0.0,0.0,0.0,0.0
2008-04-14,0.0,0.0,0.0,0.0,0.0
2008-04-15,0.0,0.0,0.0,0.0,0.0
2008-04-16,0.0,0.0,0.0,0.0,0.0
2008-04-17,0.0,0.0,0.0,0.0,0.0
2008-04-18,0.0,0.0,0.0,0.0,0.0
2008-04-19,0.0,0.0,0.0,0.0,0.0
2008-04-20,0.0,0.0,0.0,0.0,0.0
2008-04-21,0.0,0.0,0.0,0.0,0.0
2008-04-22,0.0,0.0,0.0,0.0,0.0
2008-04-23,0.0,0.0,0.0,0.0,0.0
2008-04-24,0.0,0.0,0.0,0.0,0.0
2008-04-25,0.0,0.0,0.0,0.0,0.0
2008-04-26,0.0,0.0,0.0,0.0,0.0
2008-04-27,0.0,0.0,0.0,0.0,0.0
2008-04-28,0.0,0.0,0.0,0.0,0.0
2008-04-29,0.0,0.0,0.0,0.0,0.0
2008-04-30,0.0,0.0,0.0,0.0,0.0
2008-05-01,0.0,0.0,0.0,0.0,0.0
2008-05-02,0.0,0.0,0.0,0.0,0.0
2008-05-03,0.0,0.0,0.0,0.0,0.0
2008-05-04,0.0,0.0,0.0,0.0,0.0
2008-05-05,0.0,0.0,0.0,0.0,0.0
2008-05-06,0.0,0.0,0.0,0.0,0.0
2008-05-07,0.0,0.0,0.0,0.0,0.0
2008-05-08,0.0,0.0,0.0,0.0,0.0
2008-05-09,0.0,0.0,0.0,0.0,0.0
2008-05-10,0.0,0.0,0.0,0.0,0.0
2008-05-11,0.0,0.0,0.0,0.0,0.0
2008-05-12,0.0,0.0,0.0,0.0,0.0
2008-05-13,0.0,0.0,0.0,0.0,0.0
2008-05-14,0.0,0.0,0.0,0.0,0.0
2008-05-15,0.0,0.0,0.0,0.0,0.0
2008-05-16,0.0,0.0,0.0,0.0,0.0
2008-05-17,0.0,0.0,0.0,0.0,0.0
2008-05-18,0.0,0.0,0.0,0.0,0.0
2008-05-19,0.0,0.0,0.0,0.0,0.0
2008-05-20,0.0,0.0,0.0,0.0,0.0
2008-05-21,0.0,0.0,0.0,0.0,0.0
2008-05-22,0.0,0.0,0.0,0.0,0.0
2008-05-23,0.0,0.0,0.0,0.0,0.0
2008-05-24,0.0,0.0,0.0,0.0,0.0
2008-05-25,0.0,0.0,0.0,0.0,0.0
2008-05-26,0.0,0.0,0.0,0.0,0.0
2008-05-27,0.0,0.0,0.0,0.0,0.0
2008-05-28,0.0,0.0,0.0,0.0,0.0
2008-05-29,0.0,0.0,0.0,0.0,0.0
2008-05-30,0.0,0.0,0.0,0.0,0.0
2008-05-31,0.0,0.0,0.0,0.0,0.0
2008-06-01,0.0,0.0,0.0,0.0,0.0
2008-06-02,0.0,0.0,0.0,0.0,0.0
2008-06-03,0.0,0.0,0.0,0.0,0.0
2008-06-04,0.0,0.0,0.0,0.0,0.0
2008-06-05,0.0,0.0,0.0,0.0,0.0
2008-06-06,0.0,0.0,0.0,0.0,0.0
2008-06-07,0.0,0.0,0.0,0.0,0.0
2008-06-08,0.0,0.0,0.0,0.0,0.0
2008-06-09,0.0,0.0,0.0,0.0,0.0
2008-06-10,0.0,0.0,0.0,0.0,0.0
2008-06-11,0.0,0.0,0.0,0.0,0.0
2008-06-12,0.0,0.0,0.0,0.0,0.0
2008-06-13,0.0,0.0,0.0,0.0,0.0
2008-06-14,0.0,0.0,0.0,0.0,0.0
2008-06-15,0.0,0.0,0.0,0.0,0.0
2008-06-16,0.0,0.0,0.0,0.0,0.0
2008-06-17,0.0,0.0,0.0,0.0,0.0
2008-06-18,0.0,0.0,0.0,0.0,0.0
2008-06-19,0.0,0.0,0.0,0.0,0.0
2008-06-20,0.0,0.0,0.0,0.0,0.0
2008-06-21,0.0,0.0,0.0,0.0,0.0
2008-06-22,0.0,0.0,0.0,0.0,0.0
2008-06-23,0.0,0.0,0.0,0.0,0.0
2008-06-24,0.0,0.0,0.0,0.0,0.0
2008-06-25,0.0,0.0,0.0,0.0,0.0
2008-06-26,0.0,0.0,0.0,0.0,0.0
2008-06-27,0.0,0.0,0.0,0.0,0.0
2008-06-28,0.0,0.0,0.0,0.0,0.0
2008-06-29,0.0,0.0,0.0,0.0,0.0
2008-06-30,0.0,0.0,0.0,0.0,0.0
2008-07-01,0.0,0.0,0.0,0.0,0.0
2008-07-02,0.0,0.0,0.0,0.0,0.0
2008-07-03,0.0,0.0,0.0,0.0,0.0
2008-07-04,0.0,0.0,0.0,0.0,0.0
2008-07-05,0.0,0.0,0.0,0.0,0.0
2008-07-06,0.0,0.0,0.0,0.0,0.0
2008-07-07,0.0,0.0,0.0,0.0,0.0
2008-07-08,0.0,0.0,0.0,0.0,0.0
2008-07-09,0.0,0.0,0.0,0.0,0.0
2008-07-10,0.0,0.0,0.0,0.0,0.0
2008-07-11,0.0,0.0,0.0,0.0,0.0
2008-07-12,0.0,0.0,0.0,0.0,0.0
2008-07-13,0.0,0.0,0.0,0.0,0.0
2008-07-14,0.0,0.0,0.0,0.0,0.0
2008-07-15,0.0,0.0,0.0,0.0,0.0
2008-07-16,0.0,0.0,0.0,0.0,0.0
2008-07-17,0.0,0.0,0.0,0.0,0.0
2008-07-18,0.0,0.0,0.0,0.0,0.0
2008-07-19,0.0,0.0,0.0,0.0,0.0
2008-07-20,0.0,0.0,0.0,0.0,0.0
2008-07-21,0.0,0.0,0.0,0.0,0.0
2008-07-22,0.0,0.0,0.0,0.0,0.0
2008-07-23,0.0,0.0,0.0,0.0,0.0
2008-07-24,0.0,0.0,0.0,0.0,0.0
2008-07-25,0.0,0.0,0.0,0.0,0.0
2008-07-26,0.0,0.0,0.0,0.0,0.0
2008-07-27,0.0,0.0,0.0,0.0,0.0
2008-07-28,0.0,0.0,0.0,0.0,0.0
2008-07-29,0.0,0.0,0.0,0.0,0.0
2008-07-30,0.0,0.0,0.0,0.0,0.0
2008-07-31,0.0,0.0,0.0,0.0,0.0
2008-08-01,0.0,0.0,0.0,0.0,0.0
2008-08-02,0.0,0.0,0.0,0.0,0.0
2008-08-03,0.0,0.0,0.0,0.0,0.0
2008-08-04,0.0,0.0,0.0,0.0,0.0
2008-08-05,0.0,0.0,0.0,0.0,0.0
2008-08-06,0.0,0.0,0.0,0.0,0.0
2008-08-07,0.0,0.0,0.0,0.0,0.0
2008-08-08,0.0,0.0,0.0,0.0,0.0
2008-08-09,0.0,0.0,0.0,0.0,0.0
2008-08-10,0.0,0.0,0.0,0.0,0.0
2008-08-11,0.0,0.0,0.0,0.0,0.0
2008-08-12,0.0,0.0,0.0,0.0,0.0
2008-08-13,0.0,0.0,0.0,0.0,0.0
2008-08-14,0.0,0.0,0.0,0.0,0.0
2008-08-15,0.0,0.0,0.0,0.0,0.0
2008-08-16,0.0,0.0,0.0,0.0,0.0
2008-08-17,0.0,0.0,0.0,0.0,0.0
2008-08-18,0.0,0.0,0.0,0.0,0.0
2008-08-19,0.0,0.0,0.0,0.0,0.0
2008-08-20,0.0,0.0,0.0,0.0,0.0
2008-08-21,0.0,0.0,0.0,0.0,0.0
2008-08-22,0.0,0.0,0.0,0.0,0.0
2008-08-23,0.0,0.0,0.0,0.0,0.0
2008-08-24,0.0,0.0,0.0,0.0,0.0
2008-08-25,0.0,0.0,0.0,0.0,0.0
2008-08-26,0.0,0.0,0.0,0.0,0.0
2008-08-27,0.0,0.0,0.0,0.0,0.0
2008-08-28,0.0,0.0,0.0,0.0,0.0
2008-08-29,0.0,0.0,0.0,0.0,0.0
2008-08-30,0.0,0.0,0.0,0.0,0.0
2008-08-31,0.0,0.0,0.0,0.0,0.0
2008-09-01,0.0,0.0,0.0,0.0,0.0
2008-09-02,0.0,0.0,0.0,0.0,0.0
2008-09-03,0.0,0.0,0.0,0.0,0.0
2008-09-04,0.0,0.0,0.0,0.0,0.0
2008-09-05,0.0,0.0,0.0,0.0,0.0
2008-09-06,0.0,0.0,0.0,0.0,0.0
2008-09-07,0.0,0.0,0.0,0.0,0.0
2008-09-08,0.0,0.0,0.0,0.0,0.0
2008-09-09,0.0,0.0,0.0,0.0,0.0
2008-09-10,0.0,0.0,0.0,0.0,0.0
2008-09-11,0.0,0.0,0.0,0.0,0.0
2008-09-12,0.0,0.0,0.0,0.0,0.0
2008-09-13,0.0,0.0,0.0,0.0,0.0
2008-09-14,0.0,0.0,0.0,0.0,0.0
2008-09-15,0.0,0.0,0.0,0.0,0.0
2008-09-16,0.0,0.0,0.0,0.0,0.0
2008-09-17,0.0,0.0,0.0,0.0,0.0
2008-09-18,0.0,0.0,0.0,0.0,0.0
2008-09-19,0.0,0.0,0.0,0.0,0.0
2008-09-20,0.0,0.0,0.0,0.0,0.0
2008-09-21,0.0,0.0,0.0,0.0,0.0
2008-09-22,0.0,0.0,0.0,0.0,0.0
2008-09-23,0.0,0.0,0.0,0.0,0.0
2008-09-24,0.0,0.0,0.0,0.0,0.0
2008-09-25,0.0,0.0,0.0,0.0,0.0
2008-09-26,0.0,0.0,0.0,0.0,0.0
2008-09-27,0.0,0.0,0.0,0.0,0.0
2008-09-28,0.0,0.0,0.0,0.0,0.0
2008-09-29,0.0,0.0,0.0,0.0,0.0
2008-09-30,0.0,0.0,0.0,0.0,0.0
2008-10-01,0.0,0.0,0.0,0.0,0.0
2008-10-02,0.0,0.0,0.0,0.0,0.0
2008-10-03,0.0,0.0,0.0,0.0,0.0
2008-10-04,4.546,291.86,19.54,117.59,154.73
2008-10-05,0.385,196.25,6.24,81.86,108.15
2008-10-06,0.067,133.66,4.87,30.64,98.15
2008-10-07,0.014,68.55,5.75,0.0,62.8
2008-10-08,0.003,24.62,8.61,0.0,16.03
2008-10-09,0.001,16.2,13.46,0.0,2.68
2008-10-10,0.001,17.36,16.31,0.0,0.96
2008-10-11,0.0,18.74,17.65,0.0,0.88
2008-10-12,0.0,18.9,17.95,0.0,0.88
2008-10-13,0.0,18.36,17.45,0.0,0.87
2008-10-14,0.0,19.04,18.01,0.0,0.88
2008-10-15,0.0,19.77,18.71,0.0,0.92
2008-10-16,0.0,18.65,17.96,0.0,0.88
2008-10-17,0.0,18.7,18.42,0.0,0.88
2008-10-18,0.0,20.25,20.1,0.0,0.97
2008-10-19,0.0,18.19,18.2,0.0,0.88
2008-10-20,0.0,20.25,18.14,0.0,0.87
2008-10-21,0.0,11.57,16.58,0.0,0.75
2008-10-22,0.0,0.0,0.0,0.0,0.0
2008-10-23,0.0,0.0,0.0,0.0,0.0
2008-10-24,0.0,0.0,0.0,0.0,0.0
2008-10-25,0.0,0.0,0.0,0.0,0.0
2008-10-26,0.0,0.0,0.0,0.0,0.0
2008-10-27,0.0,0.0,0.0,0.0,0.0
2008-10-28,0.0,0.0,0.0,0.0,0.0
2008-10-29,0.0,0.0,0.0,0.0,0.0
2008-10-30,0.0,0.0,0.0,0.0,0.0
2008-10-31,0.0,0.0,0.0,0.0,0.0
2008-11-01,12.211,436.55,28.56,173.39,234.59
2008-11-02,2.043,262.55,11.17,107.62,143.76
2008-11-03,1.498,103.69,11.15,39.95,52.58
2008-11-04,0.62,85.37,9.47,32.74,43.17
2008-11-05,0.096,58.98,6.11,16.61,36.26
2008-11-06,0.024,29.74,9.16,0.0,20.57
2008-11-07,0.01,18.05,14.09,0.0,3.96
2008-11-08,0.007,18.09,16.97,0.0,1.11
2008-11-09,0.005,18.77,17.84,0.0,0.93
2008-11-10,0.005,18.99,18.06,0.0,0.92
2008-11-11,0.004,19.02,18.09,0.0,0.92
2008-11-12,0.003,18.95,18.06,0.0,0.91
2008-11-13,0.003,19.07,18.14,0.0,0.91
2008-11-14,0.002,19.13,18.22,0.0,0.9
2008-11-15,0.002,18.76,17.86,0.0,0.9
2008-11-16,0.001,18.89,18.01,0.0,0.9
2008-11-17,0.001,19.04,18.07,0.0,0.9
2008-11-18,0.001,18.79,17.92,0.0,0.9
2008-11-19,0.001,18.84,17.91,0.0,0.89
2008-11-20,0.001,18.72,17.9,0.0,0.89
2008-11-21,0.001,18.92,18.04,0.0,0.89
2008-11-22,0.001,19.0,17.99,0.0,0.9
2008-11-23,0.0,19.03,18.26,0.0,0.91
2008-11-24,0.0,19.08,18.18,0.0,0.9
2008-11-25,0.0,19.01,18.08,0.0,0.89
2008-11-26,0.871,63.81,14.36,21.3,28.14
2008-11-27,0.391,46.0,11.19,14.91,19.9
2008-11-28,0.05,22.72,5.29,1.2,16.23
2008-11-29,0.01,15.02,5.88,0.0,9.15
2008-11-30,0.002,11.19,8.8,0.0,2.38
2008-12-01,0.001,14.76,13.9,0.0,0.86
2008-12-02,0.001,17.9,16.92,0.0,0.83
2008-12-03,0.001,18.84,18.12,0.0,0.89
2008-12-04,0.0,19.48,18.49,0.0,0.9
2008-12-05,0.0,19.17,18.08,0.0,0.87
2008-12-06,0.0,19.29,18.62,0.0,0.9
2008-12-07,0.0,18.65,17.97,0.0,0.88
2008-12-08,0.0,19.29,18.79,0.0,0.89
2008-12-09,0.0,18.81,18.62,0.0,0.91
2008-12-10,0.0,21.49,20.26,0.0,0.98
2008-12-11,0.0,20.25,20.22,0.0,0.95
2008-12-12,0.0,23.15,20.81,0.0,0.99
2008-12-13,0.0,23.15,21.86,0.0,1.02
2008-12-14,0.674,98.02,14.82,35.93,47.27
2008-12-15,4.88,98.0,13.85,36.34,47.81
2008-12-16,2.279,60.39,11.39,21.16,27.84
2008-12-17,0.382,48.01,7.27,17.55,23.19
2008-12-18,0.067,30.86,5.84,5.21,19.82
2008-12-19,1.162,87.19,10.94,32.86,43.4
2008-12-20,0.251,75.29,6.46,29.37,39.47
2008-12-21,0.545,50.37,10.61,15.94,23.82
2008-12-22,1.481,62.11,13.42,20.95,27.74
2008-12-23,1.511,77.04,11.01,28.5,37.53
2008-12-24,1.211,56.9,10.83,19.89,26.18
2008-12-25,8.533,143.05,17.4,54.26,71.39
2008-12-26,0.665,88.41,7.47,34.93,46.02
2008-12-27,0.124,64.92,6.58,20.76,37.57
2008-12-28,0.035,30.64,10.25,0.0,20.38
2008-12-29,0.018,18.61,14.88,0.0,3.72
2008-12-30,0.012,18.08,16.94,0.0,1.14
2008-12-31,0.008,18.86,17.92,0.0,0.94
2009-01-01,0.006,18.93,18.0,0.0,0.92
2009-01-02,0.005,18.94,18.01,0.0,0.93
2009-01-03,0.004,18.97,18.04,0.0,0.92
2009-01-04,0.003,18.99,18.05,0.0,0.92
2009-01-05,0.003,18.94,18.02,0.0,0.92
2009-01-06,0.002,18.92,18.01,0.0,0.9
2009-01-07,0.002,18.89,17.96,0.0,0.9
2009-01-08,0.002,18.87,17.99,0.0,0.9
2009-01-09,0.001,18.92,18.01,0.0,0.89
2009-01-10,0.001,19.02,18.09,0.0,0.9
2009-01-11,0.001,18.76,18.04,0.0,0.89
2009-01-12,0.0,17.89,17.0,0.0,0.84
2009-01-13,0.0,18.52,17.77,0.0,0.9
2009-01-14,0.0,18.45,17.53,0.0,0.88
2009-01-15,0.0,19.29,18.15,0.0,0.88
2009-01-16,0.0,19.99,18.19,0.0,0.93
2009-01-17,0.0,19.68,18.07,0.0,0.9
2009-01-18,0.0,17.36,17.48,0.0,0.88
2009-01-19,0.0,0.0,0.0,0.0,0.0
2009-01-20,0.0,0.0,0.0,0.0,0.0
2009-01-21,1.054,126.75,12.83,49.19,64.73
2009-01-22,12.591,180.26,22.58,67.98,89.71
2009-01-23,4.294,91.45,12.8,33.96,44.69
2009-01-24,1.378,49.68,10.91,16.74,22.02
2009-01-25,0.212,37.37,7.31,12.41,17.65
2009-01-26,0.054,20.76,9.83,0.01,10.92
2009-01-27,0.02,17.1,13.69,0.0,3.41
2009-01-28,0.015,17.99,16.86,0.01,1.13
2009-01-29,0.008,18.55,17.62,0.0,0.92
2009-01-30,0.006,19.0,18.07,0.0,0.93
2009-01-31,0.005,19.07,18.15,0.0,0.92
2009-02-01,0.004,19.09,18.16,0.0,0.91
2009-02-02,0.003,18.99,18.1,0.0,0.91
2009-02-03,0.002,19.07,18.14,0.0,0.91
2009-02-04,0.002,18.93,18.04,0.0,0.89
2009-02-05,0.002,18.99,18.02,0.0,0.91
2009-02-06,4.226,83.03,13.86,29.84,39.33
2009-02-07,1.549,68.09,11.57,24.39,32.13
2009-02-08,0.199,44.72,5.86,16.05,22.81
2009-02-09,0.745,62.01,12.91,20.77,28.33
2009-02-10,0.179,54.24,7.75,18.26,28.23
2009-02-11,0.217,39.22,12.56,10.07,16.59
2009-02-12,1.217,54.81,14.49,17.3,23.02
2009-02-13,6.105,161.61,15.83,62.95,82.83
2009-02-14,1.596,92.47,11.37,35.02,46.08
2009-02-15,13.322,132.5,18.98,49.02,64.5
2009-02-16,13.393,147.05,19.52,55.04,72.49
2009-02-17,14.364,145.33,19.44,54.11,71.78
2009-02-18,1.738,84.38,11.79,31.34,41.25
2009-02-19,0.37,44.96,11.36,14.33,19.27
2009-02-20,0.198,22.38,15.0,0.7,6.68
2009-02-21,0.139,19.55,16.51,0.71,2.33
2009-02-22,1.792,73.93,12.16,26.63,35.14
2009-02-23,2.83,85.6,14.64,30.63,40.33
2009-02-24,1.837,79.05,11.26,29.27,38.52
2009-02-25,0.37,50.12,9.93,17.35,22.84
2009-02-26,0.17,24.08,13.93,1.46,8.69
2009-02-27,0.117,19.48,16.05,0.67,2.77
2009-02-28,0.078,18.68,16.74,0.63,1.31
2009-03-01,0.361,60.15,17.89,18.24,24.02
2009-03-02,2.892,80.82,13.14,29.21,38.47
2009-03-03,14.109,212.33,21.03,81.06,110.23
2009-03-04,5.253,124.27,18.66,45.57,60.04
2009-03-05,3.564,132.64,12.63,51.82,68.19
2009-03-06,0.662,72.41,11.27,26.4,34.74
2009-03-07,0.341,32.93,14.78,6.56,11.59
2009-03-08,0.247,20.54,16.33,0.7,3.51
2009-03-09,0.196,19.11,16.79,0.73,1.6
2009-03-10,0.169,18.83,16.92,0.74,1.18
2009-03-11,0.148,18.82,16.96,0.74,1.11
2009-03-12,0.126,18.82,16.99,0.73,1.1
2009-03-13,0.105,18.8,17.01,0.7,1.09
2009-03-14,0.087,18.75,17.0,0.66,1.08
2009-03-15,0.076,18.9,17.16,0.65,1.09
2009-03-16,0.066,18.92,17.2,0.63,1.08
2009-03-17,0.054,18.89,17.22,0.6,1.07
2009-03-18,0.044,18.82,17.21,0.54,1.07
2009-03-19,0.035,19.05,17.52,0.46,1.07
2009-03-20,0.028,19.39,17.96,0.35,1.08
2009-03-21,0.021,20.15,18.94,0.11,1.1
2009-03-22,4.039,133.08,14.29,51.29,67.51
2009-03-23,0.411,99.37,7.62,39.57,52.17
2009-03-24,0.098,55.23,9.43,10.62,35.19
2009-03-25,0.04,26.59,14.49,0.3,11.79
2009-03-26,0.021,19.92,17.53,0.06,2.33
2009-03-27,0.01,19.23,18.12,0.01,1.1
2009-03-28,0.009,20.38,19.33,0.01,1.04
2009-03-29,0.004,20.71,19.73,0.0,0.97
2009-03-30,0.0,18.81,19.38,0.0,0.17
2009-03-31,0.0,0.0,0.0,0.0,0.0
2009-04-01,0.0,0.0,0.0,0.0,0.0
2009-04-02,0.0,0.0,0.0,0.0,0.0
2009-04-03,0.0,0.0,0.0,0.0,0.0
2009-04-04,0.0,0.0,0.0,0.0,0.0
2009-04-05,0.0,0.0,0.0,0.0,0.0
2009-04-06,0.0,0.0,0.0,0.0,0.0
2009-04-07,0.0,0.0,0.0,0.0,0.0
2009-04-08,0.0,0.0,0.0,0.0,0.0
2009-04-09,0.0,0.0,0.0,0.0,0.0
2009-04-10,0.0,0.0,0.0,0.0,0.0
2009-04-11,0.0,0.0,0.0,0.0,0.0
2009-04-12,0.0,0.0,0.0,0.0,0.0
2009-04-13,0.0,0.0,0.0,0.0,0.0
2009-04-14,0.0,0.0,0.0,0.0,0.0
2009-04-15,0.0,0.0,0.0,0.0,0.0
2009-04-16,0.0,0.0,0.0,0.0,0.0
2009-04-17,0.0,0.0,0.0,0.0,0.0
2009-04-18,0.0,0.0,0.0,0.0,0.0
2009-04-19,0.0,0.0,0.0,0.0,0.0
2009-04-20,0.0,0.0,0.0,0.0,0.0
2009-04-21,0.0,0.0,0.0,0.0,0.0
2009-04-22,0.0,0.0,0.0,0.0,0.0
2009-04-23,0.0,0.0,0.0,0.0,0.0
2009-04-24,0.0,0.0,0.0,0.0,0.0
2009-04-25,0.0,0.0,0.0,0.0,0.0
2009-04-26,0.0,0.0,0.0,0.0,0.0
2009-04-27,0.0,0.0,0.0,0.0,0.0
2009-04-28,0.0,0.0,0.0,0.0,0.0
2009-04-29,0.0,0.0,0.0,0.0,0.0
2009-04-30,0.0,0.0,0.0,0.0,0.0
2009-05-01,0.072,35.23,17.45,7.67,10.11
2009-05-02,0.234,54.86,19.05,15.41,20.4
2009-05-03,0.017,33.76,18.71,4.75,10.3
2009-05-04,0.001,9.37,8.92,0.0,0.48
2009-05-05,0.0,10.65,9.89,0.0,0.38
2009-05-06,0.0,16.53,16.2,0.0,0.73
2009-05-07,0.0,16.2,15.19,0.0,0.66
2009-05-08,0.0,0.0,0.0,0.0,0.0
2009-05-09,0.0,0.0,0.0,0.0,0.0
2009-05-10,0.0,0.0,0.0,0.0,0.0
2009-05-11,0.0,0.0,0.0,0.0,0.0
2009-05-12,0.0,0.0,0.0,0.0,0.0
2009-05-13,0.0,0.0,0.0,0.0,0.0
2009-05-14,0.0,0.0,0.0,0.0,0.0
2009-05-15,0.0,0.0,0.0,0.0,0.0
2009-05-16,0.0,0.0,0.0,0.0,0.0
2009-05-17,0.0,0.0,0.0,0.0,0.0
2009-05-18,0.0,0.0,0.0,0.0,0.0
2009-05-19,0.0,0.0,0.0,0.0,0.0
2009-05-20,0.0,0.0,0.0,0.0,0.0
2009-05-21,0.0,0.0,0.0,0.0,0.0
2009-05-22,0.0,0.0,0.0,0.0,0.0
2009-05-23,0.0,0.0,0.0,0.0,0.0
2009-05-24,0.0,0.0,0.0,0.0,0.0
2009-05-25,0.0,0.0,0.0,0.0,0.0
2009-05-26,0.0,0.0,0.0,0.0,0.0
2009-05-27,0.0,0.0,0.0,0.0,0.0
2009-05-28,0.0,0.0,0.0,0.0,0.0
2009-05-29,0.0,0.0,0.0,0.0,0.0
2009-05-30,0.0,0.0,0.0,0.0,0.0
2009-05-31,0.0,0.0,0.0,0.0,0.0
2009-06-01,0.0,0.0,0.0,0.0,0.0
2009-06-02,0.0,0.0,0.0,0.0,0.0
2009-06-03,0.0,0.0,0.0,0.0,0.0
2009-06-04,0.0,0.0,0.0,0.0,0.0
2009-06-05,0.0,0.0,0.0,0.0,0.0
2009-06-06,0.0,0.0,0.0,0.0,0.0
2009-06-07,0.0,0.0,0.0,0.0,0.0
2009-06-08,0.0,0.0,0.0,0.0,0.0
2009-06-09,0.0,0.0,0.0,0.0,0.0
2009-06-10,0.0,0.0,0.0,0.0,0.0
2009-06-11,0.0,0.0,0.0,0.0,0.0
2009-06-12,0.0,0.0,0.0,0.0,0.0
2009-06-13,0.0,0.0,0.0,0.0,0.0
2009-06-14,0.0,0.0,0.0,0.0,0.0
2009-06-15,0.0,0.0,0.0,0.0,0.0
2009-06-16,0.0,0.0,0.0,0.0,0.0
2009-06-17,0.0,0.0,0.0,0.0,0.0
2009-06-18,0.0,0.0,0.0,0.0,0.0
2009-06-19,0.0,0.0,0.0,0.0,0.0
2009-06-20,0.0,0.0,0.0,0.0,0.0
2009-06-21,0.0,0.0,0.0,0.0,0.0
2009-06-22,0.0,0.0,0.0,0.0,0.0
2009-06-23,0.0,0.0,0.0,0.0,0.0
2009-06-24,0.0,0.0,0.0,0.0,0.0
2009-06-25,0.0,0.0,0.0,0.0,0.0
2009-06-26,0.0,0.0,0.0,0.0,0.0
2009-06-27,0.0,0.0,0.0,0.0,0.0
2009-06-28,0.0,0.0,0.0,0.0,0.0
2009-06-29,0.0,0.0,0.0,0.0,0.0
2009-06-30,0.0,0.0,0.0,0.0,0.0
2009-07-01,0.0,0.0,0.0,0.0,0.0
2009-07-02,0.0,0.0,0.0,0.0,0.0
2009-07-03,0.0,0.0,0.0,0.0,0.0
2009-07-04,0.0,0.0,0.0,0.0,0.0
2009-07-05,0.0,0.0,0.0,0.0,0.0
2009-07-06,0.0,0.0,0.0,0.0,0.0
2009-07-07,0.0,0.0,0.0,0.0,0.0
2009-07-08,0.0,0.0,0.0,0.0,0.0
2009-07-09,0.0,0.0,0.0,0.0,0.0
2009-07-10,0.0,0.0,0.0,0.0,0.0
2009-07-11,0.0,0.0,0.0,0.0,0.0
2009-07-12,0.0,0.0,0.0,0.0,0.0
2009-07-13,0.0,0.0,0.0,0.0,0.0
2009-07-14,0.0,0.0,0.0,0.0,0.0
2009-07-15,0.0,0.0,0.0,0.0,0.0
2009-07-16,0.0,0.0,0.0,0.0,0.0
2009-07-17,0.0,0.0,0.0,0.0,0.0
2009-07-18,0.0,0.0,0.0,0.0,0.0
2009-07-19,0.0,0.0,0.0,0.0,0.0
2009-07-20,0.0,0.0,0.0,0.0,0.0
2009-07-21,0.0,0.0,0.0,0.0,0.0
2009-07-22,0.0,0.0,0.0,0.0,0.0
2009-07-23,0.0,0.0,0.0,0.0,0.0
2009-07-24,0.0,0.0,0.0,0.0,0.0
2009-07-25,0.0,0.0,0.0,0.0,0.0
2009-07-26,0.0,0.0,0.0,0.0,0.0
2009-07-27,0.0,0.0,0.0,0.0,0.0
2009-07-28,0.0,0.0,0.0,0.0,0.0
2009-07-29,0.0,0.0,0.0,0.0,0.0
2009-07-30,0.0,0.0,0.0,0.0,0.0
2009-07-31,0.0,0.0,0.0,0.0,0.0
2009-08-01,0.0,0.0,0.0,0.0,0.0
2009-08-02,0.0,0.0,0.0,0.0,0.0
2009-08-03,0.0,0.0,0.0,0.0,0.0
2009-08-04,0.0,0.0,0.0,0.0,0.0
2009-08-05,0.0,0.0,0.0,0.0,0.0
2009-08-06,0.0,0.0,0.0,0.0,0.0
2009-08-07,0.0,0.0,0.0,0.0,0.0
2009-08-08,0.0,0.0,0.0,0.0,0.0
2009-08-09,0.0,0.0,0.0,0.0,0.0
2009-08-10,0.0,0.0,0.0,0.0,0.0
2009-08-11,0.0,0.0,0.0,0.0,0.0
2009-08-12,0.0,0.0,0.0,0.0,0.0
2009-08-13,0.0,0.0,0.0,0.0,0.0
2009-08-14,0.0,0.0,0.0,0.0,0.0
2009-08-15,0.0,0.0,0.0,0.0,0.0
2009-08-16,0.0,0.0,0.0,0.0,0.0
2009-08-17,0.0,0.0,0.0,0.0,0.0
2009-08-18,0.0,0.0,0.0,0.0,0.0
2009-08-19,0.0,0.0,0.0,0.0,0.0
2009-08-20,0.0,0.0,0.0,0.0,0.0
2009-08-21,0.0,0.0,0.0,0.0,0.0
2009-08-22,0.0,0.0,0.0,0.0,0.0
2009-08-23,0.0,0.0,0.0,0.0,0.0
2009-08-24,0.0,0.0,0.0,0.0,0.0
2009-08-25,0.0,0.0,0.0,0.0,0.0
2009-08-26,0.0,0.0,0.0,0.0,0.0
2009-08-27,0.0,0.0,0.0,0.0,0.0
2009-08-28,0.0,0.0,0.0,0.0,0.0
2009-08-29,0.0,0.0,0.0,0.0,0.0
2009-08-30,0.0,0.0,0.0,0.0,0.0
2009-08-31,0.0,0.0,0.0,0.0,0.0
2009-09-01,0.0,0.0,0.0,0.0,0.0
2009-09-02,0.0,0.0,0.0,0.0,0.0
2009-09-03,0.0,0.0,0.0,0.0,0.0
2009-09-04,0.0,0.0,0.0,0.0,0.0
2009-09-05,0.0,0.0,0.0,0.0,0.0
2009-09-06,0.0,0.0,0.0,0.0,0.0
2009-09-07,0.0,0.0,0.0,0.0,0.0
2009-09-08,0.0,0.0,0.0,0.0,0.0
2009-09-09,0.0,0.0,0.0,0.0,0.0
2009-09-10,0.0,0.0,0.0,0.0,0.0
2009-09-11,0.0,0.0,0.0,0.0,0.0
2009-09-12,0.0,0.0,0.0,0.0,0.0
2009-09-13,0.0,0.0,0.0,0.0,0.0
2009-09-14,1.616,84.41,13.22,30.74,40.45
2009-09-15,0.244,81.26,6.47,31.86,42.94
2009-09-16,0.042,44.37,4.68,0.35,39.34
2009-09-17,0.008,26.26,4.93,0.0,21.34
2009-09-18,0.002,12.06,6.32,0.0,5.75
2009-09-19,0.0,10.09,8.71,0.0,1.4
2009-09-20,0.0,15.43,15.09,0.0,0.79
2009-09-21,0.0,16.2,16.8,0.0,0.77
2009-09-22,0.0,23.15,22.24,0.0,0.98
2009-09-23,0.0,0.0,0.0,0.0,0.0
2009-09-24,0.0,0.0,0.0,0.0,0.0
2009-09-25,0.0,0.0,0.0,0.0,0.0
2009-09-26,0.0,0.0,0.0,0.0,0.0
2009-09-27,0.0,0.0,0.0,0.0,0.0
2009-09-28,0.0,0.0,0.0,0.0,0.0
2009-09-29,0.0,0.0,0.0,0.0,0.0
2009-09-30,0.0,0.0,0.0,0.0,0.0
2009-10-01,0.0,0.0,0.0,0.0,0.0
2009-10-02,0.0,0.0,0.0,0.0,0.0
2009-10-03,0.0,0.0,0.0,0.0,0.0
2009-10-04,0.0,0.0,0.0,0.0,0.0
2009-10-05,0.0,0.0,0.0,0.0,0.0
2009-10-06,0.0,0.0,0.0,0.0,0.0
2009-10-07,0.0,0.0,0.0,0.0,0.0
2009-10-08,0.0,0.0,0.0,0.0,0.0
2009-10-09,0.0,0.0,0.0,0.0,0.0
2009-10-10,0.0,0.0,0.0,0.0,0.0
2009-10-11,0.0,0.0,0.0,0.0,0.0
2009-10-12,0.0,0.0,0.0,0.0,0.0
2009-10-13,39.999,500.85,35.01,197.71,268.13
2009-10-14,3.068,176.21,11.35,69.38,95.48
2009-10-15,0.388,109.95,7.21,43.51,59.23
2009-10-16,0.107,55.92,10.45,9.9,35.57
2009-10-17,0.046,26.29,14.53,0.09,11.66
2009-10-18,0.026,19.12,16.85,0.02,2.26
2009-10-19,0.766,116.59,14.24,44.19,58.16
2009-10-20,0.357,82.05,11.2,30.41,40.44
2009-10-21,0.057,33.56,8.0,0.47,25.1
2009-10-22,0.018,20.94,12.06,0.0,8.88
2009-10-23,0.009,17.5,15.76,0.0,1.74
2009-10-24,0.006,18.29,17.35,0.0,0.95
2009-10-25,0.004,18.74,17.84,0.0,0.9
2009-10-26,0.003,18.86,17.95,0.0,0.9
2009-10-27,0.002,19.05,18.16,0.0,0.89
2009-10-28,0.001,18.43,17.58,0.0,0.88
2009-10-29,0.001,18.76,17.77,0.0,0.9
2009-10-30,0.001,18.77,17.88,0.0,0.9
2009-10-31,0.001,18.52,17.77,0.0,0.89
2009-11-01,0.0,18.88,17.86,0.0,0.89
2009-11-02,0.0,18.81,18.08,0.0,0.89
2009-11-03,0.0,18.7,17.43,0.0,0.87
2009-11-04,0.0,16.2,17.1,0.0,0.88
2009-11-05,0.0,0.0,4.33,0.0,0.35
2009-11-06,0.0,0.0,0.0,0.0,0.0
2009-11-07,0.0,0.0,0.0,0.0,0.0
2009-11-08,0.0,0.0,0.0,0.0,0.0
2009-11-09,0.0,0.0,0.0,0.0,0.0
2009-11-10,0.0,0.0,0.0,0.0,0.0
2009-11-11,0.0,0.0,0.0,0.0,0.0
2009-11-12,0.0,0.0,0.0,0.0,0.0
2009-11-13,0.0,0.0,0.0,0.0,0.0
2009-11-14,0.0,0.0,0.0,0.0,0.0
2009-11-15,0.0,0.0,0.0,0.0,0.0
2009-11-16,0.0,0.0,0.0,0.0,0.0
2009-11-17,0.0,0.0,0.0,0.0,0.0
2009-11-18,0.0,0.0,0.0,0.0,0.0
2009-11-19,0.0,0.0,0.0,0.0,0.0
2009-11-20,0.0,0.0,0.0,0.0,0.0
2009-11-21,0.0,0.0,0.0,0.0,0.0
2009-11-22,0.0,0.0,0.0,0.0,0.0
2009-11-23,0.0,0.0,0.0,0.0,0.0
2009-11-24,0.0,0.0,0.0,0.0,0.0
2009-11-25,0.0,0.0,0.0,0.0,0.0
2009-11-26,0.0,0.0,0.0,0.0,0.0
2009-11-27,0.0,0.0,0.0,0.0,0.0
2009-11-28,0.0,0.0,0.0,0.0,0.0
2009-11-29,0.0,0.0,0.0,0.0,0.0
2009-11-30,0.0,0.0,0.0,0.0,0.0
2009-12-01,0.0,0.0,0.0,0.0,0.0
2009-12-02,0.0,0.0,0.0,0.0,0.0
2009-12-03,0.0,0.0,0.0,0.0,0.0
2009-12-04,0.0,0.0,0.0,0.0,0.0
2009-12-05,0.0,0.0,0.0,0.0,0.0
2009-12-06,0.0,0.0,0.0,0.0,0.0
2009-12-07,6.248,144.73,15.66,55.73,73.34
2009-12-08,0.65,85.68,8.95,33.11,43.62
2009-12-09,0.101,66.73,5.58,20.46,40.69
2009-12-10,0.057,13.13,2.69,0.0,10.44
2009-12-11,3.019,83.67,12.63,30.65,40.39
2009-12-12,4.137,80.61,12.0,29.63,38.99
2009-12-13,7.027,101.94,16.0,37.11,48.83
2009-12-14,0.553,61.48,7.9,23.12,30.46
2009-12-15,0.105,42.93,7.26,11.19,24.47
2009-12-16,0.031,23.04,10.98,0.0,12.06
2009-12-17,0.023,17.71,15.69,0.01,2.01
2009-12-18,0.018,17.85,16.8,0.01,1.05
2009-12-19,0.013,18.22,17.26,0.0,0.96
2009-12-20,0.009,18.65,17.71,0.0,0.94
2009-12-21,0.007,19.27,18.33,0.0,0.94
2009-12-22,0.004,18.97,18.07,0.0,0.91
2009-12-23,0.003,19.0,18.07,0.0,0.91
2009-12-24,0.003,19.05,18.15,0.0,0.91
2009-12-25,0.002,19.0,18.05,0.0,0.9
2009-12-26,0.605,28.91,6.7,9.48,12.72
2009-12-27,3.783,206.81,13.23,83.56,110.02
2009-12-28,0.574,137.71,9.65,55.19,72.87
2009-12-29,0.145,81.81,14.07,18.72,49.01
2009-12-30,0.019,52.9,9.1,0.0,43.79
2009-12-31,0.007,21.69,13.24,0.0,8.44
2010-01-01,0.005,17.4,16.03,0.0,1.38
2010-01-02,0.005,17.97,17.03,0.0,0.93
2010-01-03,0.004,18.21,17.31,0.0,0.89
2010-01-04,0.002,18.34,17.47,0.0,0.87
2010-01-05,0.001,18.76,17.9,0.0,0.89
2010-01-06,0.001,18.88,17.97,0.0,0.9
2010-01-07,0.001,18.65,17.82,0.0,0.89
2010-01-08,0.001,18.88,17.97,0.0,0.9
2010-01-09,0.001,18.97,18.14,0.0,0.9
2010-01-10,0.0,18.81,17.89,0.0,0.89
2010-01-11,0.0,19.16,18.35,0.0,0.89
2010-01-12,0.68,65.7,11.84,23.02,30.84
2010-01-13,3.23,122.28,15.03,46.28,60.98
2010-01-14,0.306,70.2,6.61,27.34,36.25
2010-01-15,0.057,40.7,5.99,4.15,30.55
2010-01-16,0.013,23.73,8.28,0.0,15.45
2010-01-17,0.119,45.05,17.88,11.69,15.49
2010-01-18,8.88,230.0,21.36,89.31,119.33
2010-01-19,15.501,202.47,22.03,76.3,104.15
2010-01-20,22.291,997.55,34.21,415.24,548.1
2010-01-21,7.714,204.09,18.3,80.13,105.66
2010-01-22,7.085,112.68,14.38,42.44,55.86
2010-01-23,5.038,99.86,13.51,37.29,49.06
2010-01-24,0.771,51.47,10.62,17.64,23.21
2010-01-25,1.23,53.19,14.95,16.51,21.73
2010-01-26,2.97,102.55,13.16,38.6,50.79
2010-01-27,0.746,56.73,10.64,19.9,26.19
2010-01-28,0.287,30.0,13.17,6.38,10.45
2010-01-29,0.615,53.06,13.69,16.61,22.75
2010-01-30,1.018,50.7,13.11,16.15,21.44
2010-01-31,0.299,28.35,11.85,6.66,9.84
2010-02-01,0.178,18.85,14.78,0.62,3.46
2010-02-02,0.154,18.25,15.99,0.69,1.56
2010-02-03,0.129,17.98,16.13,0.68,1.17
2010-02-04,0.801,74.81,6.64,29.43,38.75
2010-02-05,2.861,161.25,15.68,62.86,82.72
2010-02-06,5.024,221.99,16.0,88.95,117.04
2010-02-07,0.57,118.25,9.14,47.11,61.99
2010-02-08,0.226,52.22,12.67,14.09,25.46
2010-02-09,0.64,43.95,14.16,12.13,17.66
2010-02-10,0.209,23.43,13.32,3.1,7.01
2010-02-11,0.138,18.35,15.23,0.64,2.48
2010-02-12,0.113,17.88,15.91,0.66,1.31
2010-02-13,0.101,17.82,16.06,0.65,1.11
2010-02-14,0.087,17.8,16.1,0.62,1.08
2010-02-15,0.073,17.8,16.15,0.58,1.07
2010-02-16,0.061,17.8,16.2,0.54,1.06
2010-02-17,0.051,17.8,16.25,0.5,1.05
2010-02-18,0.043,17.87,16.37,0.46,1.05
2010-02-19,0.036,17.87,16.44,0.38,1.04
2010-02-20,0.029,17.8,16.52,0.24,1.04
2010-02-21,0.746,75.96,13.26,26.98,35.72
2010-02-22,0.923,74.61,13.66,26.16,34.79
2010-02-23,5.059,115.91,17.39,42.44,56.07
2010-02-24,3.317,93.72,13.25,34.72,45.76
2010-02-25,0.413,65.98,9.07,24.55,32.36
2010-02-26,3.813,270.33,17.21,109.11,144.0
2010-02-27,5.335,152.71,13.64,60.03,79.04
2010-02-28,0.84,86.12,10.8,32.52,42.8
2010-03-01,0.279,42.37,12.93,11.12,18.32
2010-03-02,1.615,71.64,11.38,25.8,34.47
2010-03-03,8.067,185.03,17.0,72.55,95.48
2010-03-04,1.73,75.86,12.56,27.33,35.97
2010-03-05,0.491,39.29,12.72,11.47,15.1
2010-03-06,0.299,22.06,15.47,1.69,4.9
2010-03-07,0.227,19.01,16.36,0.7,1.95
2010-03-08,0.197,18.67,16.67,0.72,1.28
2010-03-09,0.158,18.62,16.76,0.73,1.13
2010-03-10,0.137,18.57,16.74,0.73,1.1
2010-03-11,0.13,18.54,16.72,0.72,1.1
2010-03-12,3.676,193.99,18.65,75.71,99.63
2010-03-13,1.319,131.81,12.01,51.73,68.07
2010-03-14,0.302,65.81,11.5,22.07,32.24
2010-03-15,0.172,25.76,15.07,0.63,10.07
2010-03-16,0.131,19.87,16.42,0.69,2.76
2010-03-17,0.106,18.73,16.76,0.68,1.28
2010-03-18,0.082,18.72,16.97,0.65,1.1
2010-03-19,0.057,18.68,17.02,0.59,1.07
2010-03-20,0.055,18.92,17.23,0.6,1.08
2010-03-21,0.045,18.91,17.28,0.55,1.08
2010-03-22,0.036,19.19,17.6,0.5,1.08
2010-03-23,0.026,19.38,18.05,0.26,1.08
2010-03-24,0.02,20.1,18.91,0.09,1.1
2010-03-25,0.014,20.22,19.14,0.02,1.07
2010-03-26,0.012,20.1,19.03,0.01,1.05
2010-03-27,0.008,20.7,19.68,0.01,1.02
2010-03-28,0.002,21.04,20.08,0.0,0.94
2010-03-29,0.0,20.52,19.91,0.0,0.81
2010-03-30,0.0,0.0,0.0,0.0,0.0
2010-03-31,0.214,52.99,11.32,17.8,23.86
2010-04-01,0.8,48.21,12.66,15.19,20.37
2010-04-02,0.135,28.7,6.69,8.05,13.95
2010-04-03,0.028,17.22,7.17,0.0,10.04
2010-04-04,2.83,142.82,15.19,55.1,72.53
2010-04-05,6.616,92.06,13.84,33.78,44.45
2010-04-06,0.673,62.22,8.25,23.29,30.68
2010-04-07,0.163,39.96,9.47,11.04,19.46
2010-04-08,0.074,21.59,13.64,0.42,7.52
2010-04-09,0.047,18.33,15.9,0.46,1.97
2010-04-10,0.034,18.57,17.02,0.41,1.13
2010-04-11,5.676,159.1,17.82,61.0,80.27
2010-04-12,6.706,82.84,13.82,29.8,39.22
2010-04-13,0.761,50.94,9.52,17.88,23.53
2010-04-14,0.225,31.36,11.75,7.29,12.31
2010-04-15,0.127,20.14,15.21,0.6,4.33
2010-04-16,0.089,18.82,16.6,0.64,1.58
2010-04-17,0.074,18.68,16.92,0.64,1.12
2010-04-18,0.06,18.91,17.21,0.62,1.08
2010-04-19,0.039,19.68,18.04,0.56,1.08
2010-04-20,5.845,180.35,16.96,70.55,92.84
2010-04-21,2.146,93.21,11.84,35.13,46.23
2010-04-22,0.643,65.82,10.27,23.99,31.56
2010-04-23,0.173,36.15,11.55,8.21,16.39
2010-04-24,0.093,21.34,15.24,0.57,5.54
2010-04-25,0.063,19.17,16.92,0.61,1.65
2010-04-26,0.045,19.76,18.02,0.6,1.14
2010-04-27,0.026,19.66,18.3,0.28,1.08
2010-04-28,0.029,20.43,18.84,0.48,1.12
2010-04-29,0.025,20.37,18.94,0.32,1.11
2010-04-30,0.016,20.41,19.25,0.05,1.1
2010-05-01,0.008,20.64,19.6,0.01,1.04
2010-05-02,0.003,21.13,20.16,0.0,0.98
2010-05-03,0.001,19.97,19.0,0.0,0.91
2010-05-04,0.0,17.36,16.5,0.0,0.24
2010-05-05,0.0,0.0,0.0,0.0,0.0
2010-05-06,0.0,0.0,0.0,0.0,0.0
2010-05-07,0.0,0.0,0.0,0.0,0.0
2010-05-08,0.0,0.0,0.0,0.0,0.0
2010-05-09,0.0,0.0,0.0,0.0,0.0
2010-05-10,0.0,0.0,0.0,0.0,0.0
2010-05-11,0.0,0.0,0.0,0.0,0.0
2010-05-12,0.0,0.0,0.0,0.0,0.0
2010-05-13,0.0,0.0,0.0,0.0,0.0
2010-05-14,0.0,0.0,0.0,0.0,0.0
2010-05-15,0.0,0.0,0.0,0.0,0.0
2010-05-16,0.0,0.0,0.0,0.0,0.0
2010-05-17,0.0,0.0,0.0,0.0,0.0
2010-05-18,0.0,0.0,0.0,0.0,0.0
2010-05-19,0.0,0.0,0.0,0.0,0.0
2010-05-20,0.0,0.0,0.0,0.0,0.0
2010-05-21,0.0,0.0,0.0,0.0,0.0
2010-05-22,0.0,0.0,0.0,0.0,0.0
2010-05-23,0.0,0.0,0.0,0.0,0.0
2010-05-24,0.0,0.0,0.0,0.0,0.0
2010-05-25,0.0,0.0,0.0,0.0,0.0
2010-05-26,0.0,0.0,0.0,0.0,0.0
2010-05-27,0.0,0.0,0.0,0.0,0.0
2010-05-28,0.0,0.0,0.0,0.0,0.0
2010-05-29,0.0,0.0,0.0,0.0,0.0
2010-05-30,0.0,0.0,0.0,0.0,0.0
2010-05-31,0.0,0.0,0.0,0.0,0.0
2010-06-01,0.0,0.0,0.0,0.0,0.0
2010-06-02,0.0,0.0,0.0,0.0,0.0
2010-06-03,0.0,0.0,0.0,0.0,0.0
2010-06-04,0.0,0.0,0.0,0.0,0.0
2010-06-05,0.0,0.0,0.0,0.0,0.0
2010-06-06,0.0,0.0,0.0,0.0,0.0
2010-06-07,0.0,0.0,0.0,0.0,0.0
2010-06-08,0.0,0.0,0.0,0.0,0.0
2010-06-09,0.0,0.0,0.0,0.0,0.0
2010-06-10,0.0,0.0,0.0,0.0,0.0
2010-06-11,0.0,0.0,0.0,0.0,0.0
2010-06-12,0.0,0.0,0.0,0.0,0.0
2010-06-13,0.0,0.0,0.0,0.0,0.0
2010-06-14,0.0,0.0,0.0,0.0,0.0
2010-06-15,0.0,0.0,0.0,0.0,0.0
2010-06-16,0.0,0.0,0.0,0.0,0.0
2010-06-17,0.0,0.0,0.0,0.0,0.0
2010-06-18,0.0,0.0,0.0,0.0,0.0
2010-06-19,0.0,0.0,0.0,0.0,0.0
2010-06-20,0.0,0.0,0.0,0.0,0.0
2010-06-21,0.0,0.0,0.0,0.0,0.0
2010-06-22,0.0,0.0,0.0,0.0,0.0
2010-06-23,0.0,0.0,0.0,0.0,0.0
2010-06-24,0.0,0.0,0.0,0.0,0.0
2010-06-25,0.0,0.0,0.0,0.0,0.0
2010-06-26,0.0,0.0,0.0,0.0,0.0
2010-06-27,0.0,0.0,0.0,0.0,0.0
2010-06-28,0.0,0.0,0.0,0.0,0.0
2010-06-29,0.0,0.0,0.0,0.0,0.0
2010-06-30,0.0,0.0,0.0,0.0,0.0
2010-07-01,0.0,0.0,0.0,0.0,0.0
2010-07-02,0.0,0.0,0.0,0.0,0.0
2010-07-03,0.0,0.0,0.0,0.0,0.0
2010-07-04,0.0,0.0,0.0,0.0,0.0
2010-07-05,0.0,0.0,0.0,0.0,0.0
2010-07-06,0.0,0.0,0.0,0.0,0.0
2010-07-07,0.0,0.0,0.0,0.0,0.0
2010-07-08,0.0,0.0,0.0,0.0,0.0
2010-07-09,0.0,0.0,0.0,0.0,0.0
2010-07-10,0.0,0.0,0.0,0.0,0.0
2010-07-11,0.0,0.0,0.0,0.0,0.0
2010-07-12,0.0,0.0,0.0,0.0,0.0
2010-07-13,0.0,0.0,0.0,0.0,0.0
2010-07-14,0.0,0.0,0.0,0.0,0.0
2010-07-15,0.0,0.0,0.0,0.0,0.0
2010-07-16,0.0,0.0,0.0,0.0,0.0
2010-07-17,0.0,0.0,0.0,0.0,0.0
2010-07-18,0.0,0.0,0.0,0.0,0.0
2010-07-19,0.0,0.0,0.0,0.0,0.0
2010-07-20,0.0,0.0,0.0,0.0,0.0
2010-07-21,0.0,0.0,0.0,0.0,0.0
2010-07-22,0.0,0.0,0.0,0.0,0.0
2010-07-23,0.0,0.0,0.0,0.0,0.0
2010-07-24,0.0,0.0,0.0,0.0,0.0
2010-07-25,0.0,0.0,0.0,0.0,0.0
2010-07-26,0.0,0.0,0.0,0.0,0.0
2010-07-27,0.0,0.0,0.0,0.0,0.0
2010-07-28,0.0,0.0,0.0,0.0,0.0
2010-07-29,0.0,0.0,0.0,0.0,0.0
2010-07-30,0.0,0.0,0.0,0.0,0.0
2010-07-31,0.0,0.0,0.0,0.0,0.0
2010-08-01,0.0,0.0,0.0,0.0,0.0
2010-08-02,0.0,0.0,0.0,0.0,0.0
2010-08-03,0.0,0.0,0.0,0.0,0.0
2010-08-04,0.0,0.0,0.0,0.0,0.0
2010-08-05,0.0,0.0,0.0,0.0,0.0
2010-08-06,0.0,0.0,0.0,0.0,0.0
2010-08-07,0.0,0.0,0.0,0.0,0.0
2010-08-08,0.0,0.0,0.0,0.0,0.0
2010-08-09,0.0,0.0,0.0,0.0,0.0
2010-08-10,0.0,0.0,0.0,0.0,0.0
2010-08-11,0.0,0.0,0.0,0.0,0.0
2010-08-12,0.0,0.0,0.0,0.0,0.0
2010-08-13,0.0,0.0,0.0,0.0,0.0
2010-08-14,0.0,0.0,0.0,0.0,0.0
2010-08-15,0.0,0.0,0.0,0.0,0.0
2010-08-16,0.0,0.0,0.0,0.0,0.0
2010-08-17,0.0,0.0,0.0,0.0,0.0
2010-08-18,0.0,0.0,0.0,0.0,0.0
2010-08-19,0.0,0.0,0.0,0.0,0.0
2010-08-20,0.0,0.0,0.0,0.0,0.0
2010-08-21,0.0,0.0,0.0,0.0,0.0
2010-08-22,0.0,0.0,0.0,0.0,0.0
2010-08-23,0.0,0.0,0.0,0.0,0.0
2010-08-24,0.0,0.0,0.0,0.0,0.0
2010-08-25,0.0,0.0,0.0,0.0,0.0
2010-08-26,0.0,0.0,0.0,0.0,0.0
2010-08-27,0.0,0.0,0.0,0.0,0.0
2010-08-28,0.0,0.0,0.0,0.0,0.0
2010-08-29,0.0,0.0,0.0,0.0,0.0
2010-08-30,0.0,0.0,0.0,0.0,0.0
2010-08-31,0.0,0.0,0.0,0.0,0.0
2010-09-01,0.0,0.0,0.0,0.0,0.0
2010-09-02,0.0,0.0,0.0,0.0,0.0
2010-09-03,0.0,0.0,0.0,0.0,0.0
2010-09-04,0.0,0.0,0.0,0.0,0.0
2010-09-05,0.0,0.0,0.0,0.0,0.0
2010-09-06,0.0,0.0,0.0,0.0,0.0
2010-09-07,0.0,0.0,0.0,0.0,0.0
2010-09-08,0.0,0.0,0.0,0.0,0.0
2010-09-09,0.0,0.0,0.0,0.0,0.0
2010-09-10,0.0,0.0,0.0,0.0,0.0
2010-09-11,0.0,0.0,0.0,0.0,0.0
2010-09-12,0.0,0.0,0.0,0.0,0.0
2010-09-13,0.0,0.0,0.0,0.0,0.0
2010-09-14,0.0,0.0,0.0,0.0,0.0
2010-09-15,0.0,0.0,0.0,0.0,0.0
2010-09-16,0.0,0.0,0.0,0.0,0.0
2010-09-17,0.0,0.0,0.0,0.0,0.0
2010-09-18,0.0,0.0,0.0,0.0,0.0
2010-09-19,0.0,0.0,0.0,0.0,0.0
2010-09-20,0.0,0.0,0.0,0.0,0.0
2010-09-21,0.0,0.0,0.0,0.0,0.0
2010-09-22,0.0,0.0,0.0,0.0,0.0
2010-09-23,0.0,0.0,0.0,0.0,0.0
2010-09-24,0.0,0.0,0.0,0.0,0.0
2010-09-25,0.0,0.0,0.0,0.0,0.0
2010-09-26,0.0,0.0,0.0,0.0,0.0
2010-09-27,0.0,0.0,0.0,0.0,0.0
2010-09-28,0.0,0.0,0.0,0.0,0.0
2010-09-29,0.0,0.0,0.0,0.0,0.0
2010-09-30,0.0,0.0,0.0,0.0,0.0
2010-10-01,0.0,0.0,0.0,0.0,0.0
2010-10-02,0.0,0.0,0.0,0.0,0.0
2010-10-03,0.0,0.0,0.0,0.0,0.0
2010-10-04,0.0,0.0,0.0,0.0,0.0
2010-10-05,0.0,0.0,0.0,0.0,0.0
2010-10-06,0.0,0.0,0.0,0.0,0.0
2010-10-07,0.0,0.0,0.0,0.0,0.0
2010-10-08,0.0,0.0,0.0,0.0,0.0
2010-10-09,0.0,0.0,0.0,0.0,0.0
2010-10-10,0.0,0.0,0.0,0.0,0.0
2010-10-11,0.0,0.0,0.0,0.0,0.0
2010-10-12,0.0,0.0,0.0,0.0,0.0
2010-10-13,0.0,0.0,0.0,0.0,0.0
2010-10-14,0.0,0.0,0.0,0.0,0.0
2010-10-15,0.0,0.0,0.0,0.0,0.0
2010-10-16,0.0,0.0,0.0,0.0,0.0
2010-10-17,0.0,0.0,0.0,0.0,0.0
2010-10-18,0.0,0.0,0.0,0.0,0.0
2010-10-19,0.0,0.0,0.0,0.0,0.0
2010-10-20,0.0,0.0,0.0,0.0,0.0
2010-10-21,0.0,0.0,0.0,0.0,0.0
2010-10-22,0.0,0.0,0.0,0.0,0.0
2010-10-23,0.0,0.0,0.0,0.0,0.0
2010-10-24,2.682,168.58,17.76,65.12,85.69
2010-10-25,0.749,105.52,11.16,40.71,53.65
2010-10-26,0.094,78.38,5.18,23.92,49.28
2010-10-27,0.018,41.93,5.46,0.0,36.47
2010-10-28,0.004,18.91,7.78,0.0,11.11
2010-10-29,0.002,15.38,13.43,0.0,1.97
2010-10-30,0.001,18.16,17.28,0.0,0.92
2010-10-31,0.001,19.25,18.35,0.0,0.89
2010-11-01,0.001,19.29,18.44,0.0,0.9
2010-11-02,0.001,19.64,18.7,0.0,0.91
2010-11-03,0.001,19.63,18.62,0.0,0.91
2010-11-04,0.0,19.84,18.73,0.0,0.91
2010-11-05,0.0,19.68,18.76,0.0,0.9
2010-11-06,0.0,19.29,18.43,0.0,0.9
2010-11-07,2.321,174.28,14.69,68.91,90.67
2010-11-08,0.496,134.52,8.17,54.45,71.91
2010-11-09,0.077,94.51,4.98,25.24,64.29
2010-11-10,0.015,49.34,5.72,0.0,43.62
2010-11-11,0.004,20.36,8.89,0.0,11.45
2010-11-12,0.002,16.04,14.13,0.0,1.95
2010-11-13,0.001,18.14,17.27,0.0,0.92
2010-11-14,0.001,18.99,18.09,0.0,0.88
2010-11-15,0.001,19.36,18.38,0.0,0.91
2010-11-16,0.001,19.42,18.49,0.0,0.91
2010-11-17,0.001,19.14,18.24,0.0,0.9
2010-11-18,0.0,19.29,18.25,0.0,0.89
2010-11-19,0.527,16.32,1.9,6.23,8.19
2010-11-20,10.203,199.36,18.63,78.05,102.69
2010-11-21,4.773,134.44,14.81,51.66,67.97
2010-11-22,0.467,73.67,8.32,28.21,37.13
2010-11-23,3.466,112.8,15.72,41.82,55.26
2010-11-24,0.465,85.46,8.27,33.16,44.04
2010-11-25,0.084,55.08,7.06,12.28,35.74
2010-11-26,0.025,27.49,11.13,0.0,16.35
2010-11-27,0.61,133.97,17.48,50.11,66.38
2010-11-28,0.106,62.89,16.22,18.9,27.77
2010-11-29,0.017,14.84,12.63,0.0,2.2
2010-11-30,0.008,17.09,16.13,0.0,0.95
2010-12-01,0.006,18.64,17.73,0.0,0.91
2010-12-02,0.005,19.07,18.15,0.0,0.92
2010-12-03,0.004,19.14,18.23,0.0,0.92
2010-12-04,0.004,19.15,18.21,0.0,0.92
2010-12-05,1.161,103.73,13.68,38.88,51.17
2010-12-06,1.568,66.81,12.75,23.34,30.72
2010-12-07,0.181,48.56,6.07,17.25,25.24
2010-12-08,2.647,100.6,14.03,37.24,49.33
2010-12-09,1.321,85.43,11.2,32.02,42.22
2010-12-10,0.186,61.9,6.02,22.81,33.07
2010-12-11,0.041,31.79,7.5,0.0,24.29
2010-12-12,0.014,19.14,12.1,0.0,7.04
2010-12-13,0.008,17.37,15.94,0.0,1.43
2010-12-14,1.257,113.99,14.5,42.96,56.53
2010-12-15,0.981,96.95,13.45,36.05,47.45
2010-12-16,0.108,61.04,6.14,18.57,36.33
2010-12-17,3.539,105.16,14.36,39.11,51.69
2010-12-18,4.377,94.37,13.91,34.74,45.73
2010-12-19,18.709,321.37,25.81,124.92,170.64
2010-12-20,0.868,137.9,8.45,55.53,73.91
2010-12-21,0.188,90.45,8.2,31.66,50.59
2010-12-22,1.582,63.98,12.96,21.59,29.44
2010-12-23,0.216,38.94,8.49,11.88,18.57
2010-12-24,0.071,21.63,12.01,0.28,9.34
2010-12-25,3.332,222.08,16.39,88.78,116.91
2010-12-26,1.402,148.35,11.74,58.96,77.66
2010-12-27,0.203,100.83,7.76,37.67,55.39
2010-12-28,6.265,182.3,18.91,69.98,93.41
2010-12-29,8.133,209.64,24.52,78.16,106.97
2010-12-30,0.457,90.17,7.98,35.45,46.74
2010-12-31,0.155,44.11,11.84,9.31,22.96
2011-01-01,0.084,23.0,15.23,0.58,7.18
2011-01-02,1.897,112.03,13.5,42.53,56.0
2011-01-03,0.457,45.95,10.3,15.39,20.26
2011-01-04,0.131,24.63,11.67,3.03,9.94
2011-01-05,0.08,18.83,15.08,0.56,3.2
2011-01-06,0.064,18.1,16.24,0.58,1.29
2011-01-07,0.059,18.12,16.47,0.57,1.08
2011-01-08,0.053,18.08,16.49,0.53,1.06
2011-01-09,0.046,18.13,16.59,0.48,1.06
2011-01-10,0.035,18.25,16.81,0.39,1.05
2011-01-11,0.02,18.55,17.5,0.02,1.02
2011-01-12,0.023,18.26,17.17,0.03,1.05
2011-01-13,0.028,18.14,17.01,0.07,1.07
2011-01-14,0.023,18.22,17.12,0.05,1.05
2011-01-15,0.015,17.64,16.66,0.01,0.98
2011-01-16,0.014,18.44,17.42,0.01,1.01
2011-01-17,0.011,18.23,17.26,0.01,0.97
2011-01-18,0.009,20.15,19.14,0.01,1.0
2011-01-19,0.002,19.8,18.88,0.0,0.87
2011-01-20,0.001,17.13,16.22,0.0,0.79
2011-01-21,0.002,20.51,19.57,0.0,0.96
2011-01-22,0.0,20.44,19.53,0.0,0.91
2011-01-23,0.0,23.15,18.42,0.0,0.13
2011-01-24,0.0,0.0,0.0,0.0,0.0
2011-01-25,0.0,0.0,0.0,0.0,0.0
2011-01-26,0.0,0.0,0.0,0.0,0.0
2011-01-27,0.0,0.0,0.0,0.0,0.0
2011-01-28,0.0,0.0,0.0,0.0,0.0
2011-01-29,0.0,0.0,0.0,0.0,0.0
2011-01-30,4.807,88.24,13.92,32.07,42.24
2011-01-31,0.642,65.37,8.18,24.66,32.53
2011-02-01,0.11,48.94,6.2,14.66,28.09
2011-02-02,0.022,27.29,6.82,0.0,20.46
2011-02-03,0.011,17.4,13.68,0.0,3.72
2011-02-04,0.005,18.2,17.07,0.0,1.14
2011-02-05,0.002,18.12,17.32,0.0,0.85
2011-02-06,0.001,18.66,17.77,0.0,0.88
2011-02-07,0.001,19.17,18.19,0.0,0.9
2011-02-08,0.0,19.39,18.51,0.0,0.86
2011-02-09,0.0,18.65,17.81,0.0,0.9
2011-02-10,0.0,19.04,18.0,0.0,0.89
2011-02-11,0.0,18.94,17.88,0.0,0.87
2011-02-12,0.0,19.01,18.0,0.0,0.88
2011-02-13,0.0,17.36,17.64,0.0,0.86
2011-02-14,0.0,23.15,22.9,0.0,1.11
2011-02-15,0.0,34.72,28.73,0.0,1.43
2011-02-16,4.972,123.07,15.23,46.57,61.27
2011-02-17,11.303,153.25,18.53,58.16,76.56
2011-02-18,12.547,151.22,19.4,56.45,75.37
2011-02-19,8.322,113.23,16.46,41.71,55.06
2011-02-20,1.209,71.84,11.02,26.27,34.56
2011-02-21,0.301,40.85,11.52,11.93,17.4
2011-02-22,0.165,21.71,15.08,0.63,6.0
2011-02-23,0.124,19.18,16.49,0.71,1.98
2011-02-24,0.155,12.26,11.02,0.47,0.77
2011-02-25,8.627,151.78,18.36,57.61,75.8
2011-02-26,0.675,97.92,9.04,38.38,50.5
2011-02-27,0.23,49.47,12.33,13.4,23.74
2011-02-28,0.141,23.35,15.61,0.66,7.08
2011-03-01,0.107,19.47,16.78,0.71,1.98
2011-03-02,0.083,18.99,17.12,0.7,1.16
2011-03-03,0.084,18.99,17.2,0.69,1.09
2011-03-04,0.07,18.84,17.12,0.64,1.08
2011-03-05,0.057,18.75,17.09,0.59,1.08
2011-03-06,0.794,51.44,15.14,15.65,20.66
2011-03-07,0.441,61.87,20.33,17.44,24.1
2011-03-08,0.065,19.04,15.78,0.79,2.47
2011-03-09,0.052,18.79,17.07,0.56,1.16
2011-03-10,0.042,19.22,17.6,0.54,1.08
2011-03-11,0.033,19.37,17.83,0.46,1.08
2011-03-12,0.026,19.61,18.21,0.3,1.09
2011-03-13,0.02,19.99,18.81,0.08,1.09
2011-03-14,0.017,20.17,19.03,0.04,1.1
2011-03-15,0.013,20.29,19.2,0.02,1.08
2011-03-16,0.939,71.25,16.36,23.58,31.31
2011-03-17,0.075,23.89,11.41,1.54,10.95
2011-03-18,3.351,134.98,15.27,51.64,68.07
2011-03-19,11.491,151.43,17.82,57.09,76.52
2011-03-20,8.7,140.18,18.15,52.05,69.98
2011-03-21,2.74,60.18,12.62,20.54,27.03
2011-03-22,0.682,40.8,11.01,12.86,16.92
2011-03-23,5.192,176.15,17.52,68.5,90.13
2011-03-24,16.843,237.93,24.5,89.24,124.18
2011-03-25,2.329,91.09,12.61,33.57,44.91
2011-03-26,5.336,92.32,15.71,33.08,43.53
2011-03-27,1.153,40.54,13.32,11.75,15.47
2011-03-28,0.671,24.28,15.84,3.48,4.95
2011-03-29,0.515,19.51,16.81,0.74,1.96
2011-03-30,0.396,19.07,17.02,0.74,1.31
2011-03-31,0.318,18.88,16.97,0.74,1.17
2011-04-01,0.272,18.85,16.97,0.74,1.14
2011-04-02,0.222,18.92,17.05,0.74,1.13
2011-04-03,0.183,18.9,17.04,0.74,1.12
2011-04-04,0.152,18.81,16.97,0.73,1.1
2011-04-05,0.127,18.85,17.04,0.72,1.1
2011-04-06,0.1,18.82,17.05,0.68,1.09
2011-04-07,0.081,18.95,17.19,0.68,1.08
2011-04-08,0.076,18.93,17.18,0.66,1.09
2011-04-09,0.064,18.87,17.16,0.63,1.08
2011-04-10,0.053,18.94,17.27,0.6,1.08
2011-04-11,0.043,19.16,17.52,0.55,1.08
2011-04-12,0.034,19.54,17.97,0.48,1.09
2011-04-13,0.024,19.96,18.59,0.28,1.09
2011-04-14,0.018,20.46,19.29,0.06,1.11
2011-04-15,0.01,19.87,18.86,0.01,1.01
2011-04-16,0.011,20.41,19.35,0.01,1.06
2011-04-17,0.006,20.92,19.9,0.0,1.01
2011-04-18,0.001,20.62,19.73,0.0,0.92
2011-04-19,0.0,20.42,19.52,0.0,0.87
2011-04-20,0.0,0.0,0.0,0.0,0.0
2011-04-21,0.0,0.0,0.0,0.0,0.0
2011-04-22,0.0,0.0,0.0,0.0,0.0
2011-04-23,0.0,0.0,0.0,0.0,0.0
2011-04-24,0.0,0.0,0.0,0.0,0.0
2011-04-25,0.0,0.0,0.0,0.0,0.0
2011-04-26,0.0,0.0,0.0,0.0,0.0
2011-04-27,0.0,0.0,0.0,0.0,0.0
2011-04-28,0.0,0.0,0.0,0.0,0.0
2011-04-29,0.0,0.0,0.0,0.0,0.0
2011-04-30,0.0,0.0,0.0,0.0,0.0
2011-05-01,0.0,0.0,0.0,0.0,0.0
2011-05-02,0.0,0.0,0.0,0.0,0.0
2011-05-03,0.0,0.0,0.0,0.0,0.0
2011-05-04,0.0,0.0,0.0,0.0,0.0
2011-05-05,0.0,0.0,0.0,0.0,0.0
2011-05-06,0.0,0.0,0.0,0.0,0.0
2011-05-07,0.0,0.0,0.0,0.0,0.0
2011-05-08,0.0,0.0,0.0,0.0,0.0
2011-05-09,0.0,0.0,0.0,0.0,0.0
2011-05-10,0.0,0.0,0.0,0.0,0.0
2011-05-11,0.0,0.0,0.0,0.0,0.0
2011-05-12,0.0,0.0,0.0,0.0,0.0
2011-05-13,0.0,0.0,0.0,0.0,0.0
2011-05-14,0.085,116.07,17.51,42.56,56.0
2011-05-15,1.029,79.86,15.6,27.75,36.51
2011-05-16,0.1,40.02,10.42,8.43,21.17
2011-05-17,0.061,12.78,3.96,2.25,6.57
2011-05-18,0.209,66.25,22.23,18.96,25.06
2011-05-19,0.009,22.8,20.25,0.01,2.54
2011-05-20,0.001,18.27,17.44,0.0,0.77
2011-05-21,0.0,19.2,18.31,0.0,0.87
2011-05-22,0.0,20.25,19.36,0.0,0.92
2011-05-23,0.0,20.98,20.08,0.0,0.94
2011-05-24,0.0,21.7,20.17,0.0,0.94
2011-05-25,0.0,23.15,19.51,0.0,0.85
2011-05-26,0.0,0.0,0.0,0.0,0.0
2011-05-27,0.0,0.0,0.0,0.0,0.0
2011-05-28,0.0,0.0,0.0,0.0,0.0
2011-05-29,0.0,0.0,0.0,0.0,0.0
2011-05-30,0.0,0.0,0.0,0.0,0.0
2011-05-31,0.0,0.0,0.0,0.0,0.0
2011-06-01,0.0,0.0,0.0,0.0,0.0
2011-06-02,0.0,0.0,0.0,0.0,0.0
2011-06-03,0.0,0.0,0.0,0.0,0.0
2011-06-04,8.967,145.24,16.96,55.39,72.89
2011-06-05,0.759,103.32,7.97,41.15,54.2
2011-06-06,0.126,81.13,5.58,27.94,47.6
2011-06-07,0.032,37.99,8.73,0.0,29.26
2011-06-08,0.009,20.34,11.85,0.0,8.49
2011-06-09,0.003,16.59,14.8,0.0,1.77
2011-06-10,0.002,17.88,16.96,0.0,0.92
2011-06-11,0.002,18.5,17.58,0.0,0.89
2011-06-12,0.001,18.84,17.89,0.0,0.89
2011-06-13,0.001,18.78,17.95,0.0,0.9
2011-06-14,0.001,18.85,17.85,0.0,0.9
2011-06-15,0.0,18.66,17.77,0.0,0.88
2011-06-16,0.0,18.45,17.68,0.0,0.88
2011-06-17,0.0,19.1,18.33,0.0,0.92
2011-06-18,0.0,18.33,17.21,0.0,0.86
2011-06-19,0.0,17.36,17.49,0.0,0.9
2011-06-20,0.0,0.0,0.0,0.0,0.0
2011-06-21,0.0,0.0,0.0,0.0,0.0
2011-06-22,0.0,0.0,0.0,0.0,0.0
2011-06-23,0.0,0.0,0.0,0.0,0.0
2011-06-24,0.0,0.0,0.0,0.0,0.0
2011-06-25,0.0,0.0,0.0,0.0,0.0
2011-06-26,0.0,0.0,0.0,0.0,0.0
2011-06-27,0.0,0.0,0.0,0.0,0.0
2011-06-28,5.893,243.23,20.04,96.38,126.81
2011-06-29,1.303,170.35,10.95,68.83,90.58
2011-06-30,0.161,149.57,5.37,57.73,86.46
2011-07-01,0.031,76.18,5.68,0.0,70.5
2011-07-02,0.007,34.44,8.3,0.0,26.14
2011-07-03,0.003,17.29,12.73,0.0,4.55
2011-07-04,0.001,17.4,16.22,0.0,1.12
2011-07-05,0.001,18.61,17.76,0.0,0.9
2011-07-06,0.001,19.06,18.22,0.0,0.9
2011-07-07,0.001,18.98,18.15,0.0,0.9
2011-07-08,0.0,19.01,18.05,0.0,0.89
2011-07-09,0.0,19.14,18.26,0.0,0.89
2011-07-10,0.0,19.06,18.25,0.0,0.88
2011-07-11,0.0,18.81,17.96,0.0,0.86
2011-07-12,0.0,23.15,21.36,0.0,1.03
2011-07-13,0.0,0.0,0.0,0.0,0.0
2011-07-14,0.0,0.0,0.0,0.0,0.0
2011-07-15,0.0,0.0,0.0,0.0,0.0
2011-07-16,0.0,0.0,0.0,0.0,0.0
2011-07-17,0.0,0.0,0.0,0.0,0.0
2011-07-18,0.0,0.0,0.0,0.0,0.0
2011-07-19,0.0,0.0,0.0,0.0,0.0
2011-07-20,0.0,0.0,0.0,0.0,0.0
2011-07-21,0.0,0.0,0.0,0.0,0.0
2011-07-22,0.0,0.0,0.0,0.0,0.0
2011-07-23,0.0,0.0,0.0,0.0,0.0
2011-07-24,0.0,0.0,0.0,0.0,0.0
2011-07-25,0.0,0.0,0.0,0.0,0.0
2011-07-26,0.0,0.0,0.0,0.0,0.0
2011-07-27,0.0,0.0,0.0,0.0,0.0
2011-07-28,0.0,0.0,0.0,0.0,0.0
2011-07-29,0.0,0.0,0.0,0.0,0.0
2011-07-30,0.0,0.0,0.0,0.0,0.0
2011-07-31,0.0,0.0,0.0,0.0,0.0
2011-08-01,0.0,0.0,0.0,0.0,0.0
2011-08-02,0.0,0.0,0.0,0.0,0.0
2011-08-03,0.0,0.0,0.0,0.0,0.0
2011-08-04,0.0,0.0,0.0,0.0,0.0
2011-08-05,0.0,0.0,0.0,0.0,0.0
2011-08-06,0.0,0.0,0.0,0.0,0.0
2011-08-07,0.0,0.0,0.0,0.0,0.0
2011-08-08,0.0,0.0,0.0,0.0,0.0
2011-08-09,0.0,0.0,0.0,0.0,0.0
2011-08-10,0.0,0.0,0.0,0.0,0.0
2011-08-11,0.0,0.0,0.0,0.0,0.0
2011-08-12,0.0,0.0,0.0,0.0,0.0
2011-08-13,0.0,0.0,0.0,0.0,0.0
2011-08-14,0.0,0.0,0.0,0.0,0.0
2011-08-15,0.0,0.0,0.0,0.0,0.0
2011-08-16,0.0,0.0,0.0,0.0,0.0
2011-08-17,0.0,0.0,0.0,0.0,0.0
2011-08-18,0.0,0.0,0.0,0.0,0.0
2011-08-19,0.0,0.0,0.0,0.0,0.0
2011-08-20,0.0,0.0,0.0,0.0,0.0
2011-08-21,0.0,0.0,0.0,0.0,0.0
2011-08-22,0.0,0.0,0.0,0.0,0.0
2011-08-23,0.0,0.0,0.0,0.0,0.0
2011-08-24,0.0,0.0,0.0,0.0,0.0
2011-08-25,0.0,0.0,0.0,0.0,0.0
2011-08-26,0.0,0.0,0.0,0.0,0.0
2011-08-27,0.0,0.0,0.0,0.0,0.0
2011-08-28,0.0,0.0,0.0,0.0,0.0
2011-08-29,0.0,0.0,0.0,0.0,0.0
2011-08-30,0.0,0.0,0.0,0.0,0.0
2011-08-31,0.0,0.0,0.0,0.0,0.0
2011-09-01,0.0,0.0,0.0,0.0,0.0
2011-09-02,0.0,0.0,0.0,0.0,0.0
2011-09-03,0.0,0.0,0.0,0.0,0.0
2011-09-04,0.0,0.0,0.0,0.0,0.0
2011-09-05,0.0,0.0,0.0,0.0,0.0
2011-09-06,0.0,0.0,0.0,0.0,0.0
2011-09-07,0.0,0.0,0.0,0.0,0.0
2011-09-08,0.0,0.0,0.0,0.0,0.0
2011-09-09,0.0,0.0,0.0,0.0,0.0
2011-09-10,0.0,0.0,0.0,0.0,0.0
2011-09-11,0.0,0.0,0.0,0.0,0.0
2011-09-12,0.0,0.0,0.0,0.0,0.0
2011-09-13,0.0,0.0,0.0,0.0,0.0
2011-09-14,0.0,0.0,0.0,0.0,0.0
2011-09-15,0.0,0.0,0.0,0.0,0.0
2011-09-16,0.0,0.0,0.0,0.0,0.0
2011-09-17,0.0,0.0,0.0,0.0,0.0
2011-09-18,0.0,0.0,0.0,0.0,0.0
2011-09-19,0.0,0.0,0.0,0.0,0.0
2011-09-20,0.0,0.0,0.0,0.0,0.0
2011-09-21,0.0,0.0,0.0,0.0,0.0
2011-09-22,0.0,0.0,0.0,0.0,0.0
2011-09-23,0.0,0.0,0.0,0.0,0.0
2011-09-24,0.0,0.0,0.0,0.0,0.0
2011-09-25,0.0,0.0,0.0,0.0,0.0
2011-09-26,0.0,0.0,0.0,0.0,0.0
2011-09-27,0.0,0.0,0.0,0.0,0.0
2011-09-28,0.0,0.0,0.0,0.0,0.0
2011-09-29,0.0,0.0,0.0,0.0,0.0
2011-09-30,0.0,0.0,0.0,0.0,0.0
2011-10-01,0.0,0.0,0.0,0.0,0.0
2011-10-02,0.0,0.0,0.0,0.0,0.0
2011-10-03,0.0,0.0,0.0,0.0,0.0
2011-10-04,0.041,87.36,18.07,29.92,39.37
2011-10-05,5.393,160.35,15.55,62.49,82.31
2011-10-06,2.143,119.65,12.12,46.43,61.11
2011-10-07,0.436,88.64,8.13,34.67,45.84
2011-10-08,0.071,57.89,5.44,12.62,39.82
2011-10-09,0.016,30.65,7.44,0.0,23.22
2011-10-10,0.006,17.11,12.64,0.0,4.46
2011-10-11,0.003,17.58,16.46,0.0,1.13
2011-10-12,0.002,18.68,17.81,0.0,0.89
2011-10-13,0.002,19.09,18.2,0.0,0.9
2011-10-14,0.001,19.16,18.25,0.0,0.9
2011-10-15,0.001,19.32,18.41,0.0,0.91
2011-10-16,0.001,19.12,18.28,0.0,0.91
2011-10-17,0.001,19.29,18.38,0.0,0.91
2011-10-18,0.001,19.39,18.43,0.0,0.9
2011-10-19,0.001,19.29,18.36,0.0,0.91
2011-10-20,0.001,19.36,18.47,0.0,0.91
2011-10-21,0.001,18.75,17.97,0.0,0.89
2011-10-22,0.0,19.29,18.27,0.0,0.9
2011-10-23,0.0,19.06,18.22,0.0,0.89
2011-10-24,0.0,19.29,18.68,0.0,0.9
2011-10-25,0.0,19.49,18.97,0.0,0.93
2011-10-26,0.0,17.89,17.6,0.0,0.85
2011-10-27,0.0,20.58,19.3,0.0,0.93
2011-10-28,0.0,23.15,21.74,0.0,1.02
2011-10-29,0.0,19.29,20.16,0.0,0.97
2011-10-30,0.0,23.15,17.97,0.0,0.83
2011-10-31,0.0,0.0,0.0,0.0,0.0
2011-11-01,0.0,0.0,0.0,0.0,0.0
2011-11-02,0.0,0.0,0.0,0.0,0.0
2011-11-03,0.0,0.0,0.0,0.0,0.0
2011-11-04,0.0,0.0,0.0,0.0,0.0
2011-11-05,0.622,113.56,16.71,41.78,55.06
2011-11-06,0.635,93.94,15.66,33.68,44.6
2011-11-07,0.052,43.9,5.77,2.73,35.41
2011-11-08,0.01,26.29,5.41,0.0,20.88
2011-11-09,0.002,12.98,7.49,0.0,5.51
2011-11-10,0.001,13.38,12.12,0.0,1.32
2011-11-11,0.0,16.4,15.38,0.0,0.78
2011-11-12,0.0,19.01,18.15,0.0,0.9
2011-11-13,0.0,19.16,18.3,0.0,0.88
2011-11-14,0.0,20.13,19.3,0.0,0.93
2011-11-15,0.0,20.1,19.41,0.0,0.93
2011-11-16,0.0,19.53,18.94,0.0,0.91
2011-11-17,0.0,20.48,19.22,0.0,0.91
2011-11-18,0.0,20.58,19.87,0.0,0.91
2011-11-19,0.024,0.94,0.68,0.01,0.25
2011-11-20,1.726,75.4,14.78,26.1,34.52
2011-11-21,0.424,78.25,8.8,29.78,39.68
2011-11-22,0.064,52.31,4.98,10.04,37.28
2011-11-23,0.013,29.23,5.7,0.0,23.54
2011-11-24,0.003,14.83,8.92,0.0,5.9
2011-11-25,0.001,15.52,14.24,0.0,1.28
2011-11-26,0.001,18.21,17.4,0.0,0.87
2011-11-27,0.001,19.23,18.36,0.0,0.9
2011-11-28,0.001,19.42,18.44,0.0,0.9
2011-11-29,0.001,19.81,18.73,0.0,0.92
2011-11-30,0.0,20.42,19.8,0.0,0.91
2011-12-01,0.0,11.57,12.93,0.0,0.13
2011-12-02,0.0,0.0,0.0,0.0,0.0
2011-12-03,0.0,0.0,0.0,0.0,0.0
2011-12-04,0.0,18.52,17.77,0.0,0.91
2011-12-05,0.0,20.25,18.69,0.0,0.85
2011-12-06,0.0,20.25,19.01,0.0,0.93
2011-12-07,0.0,20.25,18.84,0.0,0.91
2011-12-08,0.0,19.29,17.79,0.0,0.84
2011-12-09,0.0,34.72,29.42,0.0,1.37
2011-12-10,0.0,0.0,0.0,0.0,0.0
2011-12-11,0.0,0.0,0.0,0.0,0.0
2011-12-12,0.0,0.0,0.0,0.0,0.0
2011-12-13,0.0,0.0,0.0,0.0,0.0
2011-12-14,0.0,0.0,0.0,0.0,0.0
2011-12-15,0.0,0.0,0.0,0.0,0.0
2011-12-16,0.0,0.0,0.0,0.0,0.0
2011-12-17,0.0,0.0,0.0,0.0,0.0
2011-12-18,0.0,0.0,0.0,0.0,0.0
2011-12-19,0.0,0.0,0.0,0.0,0.0
2011-12-20,0.0,0.0,0.0,0.0,0.0
2011-12-21,0.0,0.0,0.0,0.0,0.0
2011-12-22,0.0,0.0,0.0,0.0,0.0
2011-12-23,0.0,0.0,0.0,0.0,0.0
2011-12-24,0.0,0.0,0.0,0.0,0.0
2011-12-25,0.0,0.0,0.0,0.0,0.0
2011-12-26,0.0,0.0,0.0,0.0,0.0
2011-12-27,0.0,0.0,0.0,0.0,0.0
2011-12-28,0.0,0.0,0.0,0.0,0.0
2011-12-29,0.0,0.0,0.0,0.0,0.0
2011-12-30,0.0,0.0,0.0,0.0,0.0
2011-12-31,0.0,0.0,0.0,0.0,0.0
2012-01-01,0.0,0.0,0.0,0.0,0.0
2012-01-02,0.0,0.0,0.0,0.0,0.0
2012-01-03,0.0,0.0,0.0,0.0,0.0
2012-01-04,0.0,0.0,0.0,0.0,0.0
2012-01-05,0.0,0.0,0.0,0.0,0.0
2012-01-06,0.0,0.0,0.0,0.0,0.0
2012-01-07,0.0,0.0,0.0,0.0,0.0
2012-01-08,0.0,0.0,0.0,0.0,0.0
2012-01-09,0.0,0.0,0.0,0.0,0.0
2012-01-10,0.0,0.0,0.0,0.0,0.0
2012-01-11,0.0,0.0,0.0,0.0,0.0
2012-01-12,0.0,0.0,0.0,0.0,0.0
2012-01-13,0.0,0.0,0.0,0.0,0.0
2012-01-14,0.0,0.0,0.0,0.0,0.0
2012-01-15,0.0,0.0,0.0,0.0,0.0
2012-01-16,0.0,0.0,0.0,0.0,0.0
2012-01-17,0.0,0.0,0.0,0.0,0.0
2012-01-18,0.0,0.0,0.0,0.0,0.0
2012-01-19,0.0,0.0,0.0,0.0,0.0
2012-01-20,5.121,198.16,14.5,78.42,105.25
2012-01-21,10.418,351.67,27.77,136.57,187.34
2012-01-22,0.434,151.18,6.22,62.49,82.47
2012-01-23,1.999,78.79,10.53,29.48,38.79
2012-01-24,0.256,67.63,6.15,26.37,35.12
2012-01-25,0.054,34.78,7.15,0.64,26.99
2012-01-26,0.018,21.09,11.6,0.0,9.49
2012-01-27,0.009,17.29,15.46,0.0,1.82
2012-01-28,0.006,18.23,17.28,0.0,0.95
2012-01-29,0.005,18.68,17.77,0.0,0.92
2012-01-30,0.004,18.81,17.9,0.0,0.92
2012-01-31,0.004,18.88,17.97,0.0,0.92
2012-02-01,0.003,18.84,17.95,0.0,0.91
2012-02-02,0.002,18.81,17.93,0.0,0.9
2012-02-03,0.002,18.79,17.91,0.0,0.9
2012-02-04,0.002,18.84,17.91,0.0,0.9
2012-02-05,0.001,18.88,17.95,0.0,0.9
2012-02-06,0.001,18.99,18.04,0.0,0.89
2012-02-07,0.001,18.33,17.49,0.0,0.91
2012-02-08,0.001,18.76,17.92,0.0,0.89
2012-02-09,0.001,18.94,18.05,0.0,0.9
2012-02-10,0.001,18.74,17.9,0.0,0.89
2012-02-11,0.001,19.08,18.14,0.0,0.91
2012-02-12,0.0,19.01,17.95,0.0,0.88
2012-02-13,1.687,109.48,14.49,41.02,53.97
2012-02-14,0.511,66.23,10.15,24.17,31.91
2012-02-15,0.071,41.24,5.22,8.99,27.03
2012-02-16,0.014,23.54,5.87,0.0,17.66
2012-02-17,0.004,13.89,9.38,0.0,4.51
2012-02-18,0.002,15.59,14.41,0.0,1.13
2012-02-19,0.001,17.98,17.09,0.0,0.86
2012-02-20,0.001,19.1,18.14,0.0,0.9
2012-02-21,0.001,19.35,18.49,0.0,0.9
2012-02-22,0.0,20.06,19.1,0.0,0.91
2012-02-23,0.0,20.03,18.94,0.0,0.9
2012-02-24,0.0,19.59,18.81,0.0,0.92
2012-02-25,0.0,20.42,19.85,0.0,0.96
2012-02-26,0.0,20.83,19.93,0.0,0.95
2012-02-27,0.0,18.81,18.46,0.0,0.91
2012-02-28,0.0,19.84,18.84,0.0,0.88
2012-02-29,0.627,76.29,15.53,26.07,34.69
2012-03-01,0.086,35.45,9.49,7.09,18.87
2012-03-02,0.012,16.98,5.24,0.0,11.74
2012-03-03,0.002,9.63,6.01,0.0,3.63
2012-03-04,0.001,10.29,9.3,0.0,0.98
2012-03-05,0.0,15.1,14.5,0.0,0.7
2012-03-06,0.0,20.58,19.72,0.0,0.88
2012-03-07,0.0,0.0,0.0,0.0,0.0
2012-03-08,0.0,23.15,22.37,0.0,1.08
2012-03-09,0.0,0.0,0.0,0.0,0.0
2012-03-10,0.0,0.0,0.0,0.0,0.0
2012-03-11,0.0,0.0,0.0,0.0,0.0
2012-03-12,0.0,0.0,0.0,0.0,0.0
2012-03-13,0.0,0.0,0.0,0.0,0.0
2012-03-14,1.076,54.6,9.14,19.58,25.87
2012-03-15,0.614,53.17,7.41,19.71,26.05
2012-03-16,5.778,234.0,21.3,90.9,121.8
2012-03-17,3.294,211.13,16.09,83.45,111.59
2012-03-18,0.263,141.89,5.44,58.64,77.8
2012-03-19,0.053,73.01,6.07,3.75,63.19
2012-03-20,0.014,37.01,9.21,0.0,27.8
2012-03-21,0.006,18.36,13.97,0.0,4.39
2012-03-22,0.004,17.88,16.76,0.0,1.11
2012-03-23,0.003,18.5,17.6,0.0,0.9
2012-03-24,3.535,114.16,13.05,43.66,57.45
2012-03-25,7.167,151.42,19.73,56.87,74.83
2012-03-26,0.368,88.39,5.97,35.54,46.88
2012-03-27,1.488,109.73,9.9,42.58,57.25
2012-03-28,1.593,117.92,11.32,45.93,60.68
2012-03-29,0.205,87.66,5.53,34.28,47.85
2012-03-30,0.044,43.23,6.87,0.02,36.35
2012-03-31,1.202,118.5,12.42,45.64,60.44
2012-04-01,0.719,79.73,11.93,29.16,38.63
2012-04-02,0.084,55.54,6.11,13.88,35.55
2012-04-03,0.019,29.25,8.16,0.0,21.09
2012-04-04,0.007,17.1,12.72,0.0,4.39
2012-04-05,0.004,17.29,16.17,0.0,1.13
2012-04-06,0.003,18.34,17.46,0.0,0.9
2012-04-07,0.002,18.65,17.77,0.0,0.89
2012-04-08,0.002,18.95,18.01,0.0,0.9
2012-04-09,0.001,18.86,18.0,0.0,0.89
2012-04-10,2.54,90.58,12.49,33.72,44.37
2012-04-11,2.493,86.35,12.46,31.91,41.98
2012-04-12,4.544,170.32,13.7,67.63,88.99
2012-04-13,11.068,211.81,21.06,81.85,108.89
2012-04-14,0.52,112.87,6.96,45.66,60.24
2012-04-15,0.109,74.76,7.54,21.39,45.82
2012-04-16,0.031,34.36,11.01,0.0,23.34
2012-04-17,0.014,19.35,15.1,0.0,4.25
2012-04-18,0.009,18.32,17.16,0.0,1.16
2012-04-19,0.007,18.69,17.76,0.0,0.94
2012-04-20,0.005,18.92,18.0,0.0,0.91
2012-04-21,0.003,18.94,18.04,0.0,0.91
2012-04-22,0.002,18.87,18.0,0.0,0.9
2012-04-23,0.002,18.93,18.03,0.0,0.9
2012-04-24,0.001,18.95,18.01,0.0,0.9
2012-04-25,0.105,48.66,15.84,14.17,18.66
2012-04-26,1.261,51.01,13.55,16.12,21.34
2012-04-27,0.172,34.59,7.18,10.83,16.58
2012-04-28,0.029,19.59,5.26,0.0,14.33
2012-04-29,0.006,12.67,6.8,0.0,5.88
2012-04-30,0.002,11.98,10.53,0.0,1.47
2012-05-01,0.001,15.71,14.88,0.0,0.79
2012-05-02,0.0,18.1,17.32,0.0,0.83
2012-05-03,0.0,19.84,18.95,0.0,0.9
2012-05-04,0.0,20.25,19.73,0.0,0.92
2012-05-05,0.0,23.15,24.34,0.0,1.1
2012-05-06,0.0,0.0,0.0,0.0,0.0
2012-05-07,0.0,0.0,0.0,0.0,0.0
2012-05-08,0.0,0.0,0.0,0.0,0.0
2012-05-09,0.0,0.0,0.0,0.0,0.0
2012-05-10,0.0,0.0,0.0,0.0,0.0
2012-05-11,0.0,0.0,0.0,0.0,0.0
2012-05-12,0.0,0.0,0.0,0.0,0.0
2012-05-13,0.0,0.0,0.0,0.0,0.0
2012-05-14,0.0,0.0,0.0,0.0,0.0
2012-05-15,0.0,0.0,0.0,0.0,0.0
2012-05-16,0.0,0.0,0.0,0.0,0.0
2012-05-17,0.0,0.0,0.0,0.0,0.0
2012-05-18,0.0,0.0,0.0,0.0,0.0
2012-05-19,0.0,0.0,0.0,0.0,0.0
2012-05-20,0.0,0.0,0.0,0.0,0.0
2012-05-21,0.0,0.0,0.0,0.0,0.0
2012-05-22,0.0,0.0,0.0,0.0,0.0
2012-05-23,0.0,0.0,0.0,0.0,0.0
2012-05-24,0.0,0.0,0.0,0.0,0.0
2012-05-25,0.0,0.0,0.0,0.0,0.0
2012-05-26,0.0,0.0,0.0,0.0,0.0
2012-05-27,0.0,0.0,0.0,0.0,0.0
2012-05-28,0.0,0.0,0.0,0.0,0.0
2012-05-29,0.0,0.0,0.0,0.0,0.0
2012-05-30,0.0,0.0,0.0,0.0,0.0
2012-05-31,0.0,0.0,0.0,0.0,0.0
2012-06-01,0.0,0.0,0.0,0.0,0.0
2012-06-02,0.0,0.0,0.0,0.0,0.0
2012-06-03,0.0,0.0,0.0,0.0,0.0
2012-06-04,0.0,0.0,0.0,0.0,0.0
2012-06-05,0.0,0.0,0.0,0.0,0.0
2012-06-06,0.0,0.0,0.0,0.0,0.0
2012-06-07,0.0,0.0,0.0,0.0,0.0
2012-06-08,0.0,0.0,0.0,0.0,0.0
2012-06-09,0.0,0.0,0.0,0.0,0.0
2012-06-10,0.0,0.0,0.0,0.0,0.0
2012-06-11,0.0,0.0,0.0,0.0,0.0
2012-06-12,0.0,0.0,0.0,0.0,0.0
2012-06-13,0.0,0.0,0.0,0.0,0.0
2012-06-14,0.0,0.0,0.0,0.0,0.0
2012-06-15,0.0,0.0,0.0,0.0,0.0
2012-06-16,0.0,0.0,0.0,0.0,0.0
2012-06-17,0.0,0.0,0.0,0.0,0.0
2012-06-18,0.0,0.0,0.0,0.0,0.0
2012-06-19,0.0,0.0,0.0,0.0,0.0
2012-06-20,0.0,0.0,0.0,0.0,0.0
2012-06-21,0.0,0.0,0.0,0.0,0.0
2012-06-22,0.0,0.0,0.0,0.0,0.0
2012-06-23,0.0,0.0,0.0,0.0,0.0
2012-06-24,0.0,0.0,0.0,0.0,0.0
2012-06-25,0.0,0.0,0.0,0.0,0.0
2012-06-26,0.0,0.0,0.0,0.0,0.0
2012-06-27,0.0,0.0,0.0,0.0,0.0
2012-06-28,0.0,0.0,0.0,0.0,0.0
2012-06-29,0.0,0.0,0.0,0.0,0.0
2012-06-30,0.0,0.0,0.0,0.0,0.0
2012-07-01,0.0,0.0,0.0,0.0,0.0
2012-07-02,0.0,0.0,0.0,0.0,0.0
2012-07-03,0.0,0.0,0.0,0.0,0.0
2012-07-04,0.0,0.0,0.0,0.0,0.0
2012-07-05,0.0,0.0,0.0,0.0,0.0
2012-07-06,0.0,0.0,0.0,0.0,0.0
2012-07-07,0.0,0.0,0.0,0.0,0.0
2012-07-08,0.0,0.0,0.0,0.0,0.0
2012-07-09,0.0,0.0,0.0,0.0,0.0
2012-07-10,0.0,0.0,0.0,0.0,0.0
2012-07-11,0.0,0.0,0.0,0.0,0.0
2012-07-12,0.0,0.0,0.0,0.0,0.0
2012-07-13,0.0,0.0,0.0,0.0,0.0
2012-07-14,0.0,0.0,0.0,0.0,0.0
2012-07-15,0.0,0.0,0.0,0.0,0.0
2012-07-16,0.0,0.0,0.0,0.0,0.0
2012-07-17,0.0,0.0,0.0,0.0,0.0
2012-07-18,0.0,0.0,0.0,0.0,0.0
2012-07-19,0.0,0.0,0.0,0.0,0.0
2012-07-20,0.0,0.0,0.0,0.0,0.0
2012-07-21,0.0,0.0,0.0,0.0,0.0
2012-07-22,0.0,0.0,0.0,0.0,0.0
2012-07-23,0.0,0.0,0.0,0.0,0.0
2012-07-24,0.0,0.0,0.0,0.0,0.0
2012-07-25,0.0,0.0,0.0,0.0,0.0
2012-07-26,0.0,0.0,0.0,0.0,0.0
2012-07-27,0.0,0.0,0.0,0.0,0.0
2012-07-28,0.0,0.0,0.0,0.0,0.0
2012-07-29,0.0,0.0,0.0,0.0,0.0
2012-07-30,0.0,0.0,0.0,0.0,0.0
2012-07-31,0.0,0.0,0.0,0.0,0.0
2012-08-01,0.0,0.0,0.0,0.0,0.0
2012-08-02,0.0,0.0,0.0,0.0,0.0
2012-08-03,0.0,0.0,0.0,0.0,0.0
2012-08-04,0.0,0.0,0.0,0.0,0.0
2012-08-05,0.0,0.0,0.0,0.0,0.0
2012-08-06,0.0,0.0,0.0,0.0,0.0
2012-08-07,0.0,0.0,0.0,0.0,0.0
2012-08-08,0.0,0.0,0.0,0.0,0.0
2012-08-09,0.0,0.0,0.0,0.0,0.0
2012-08-10,0.0,0.0,0.0,0.0,0.0
2012-08-11,0.0,0.0,0.0,0.0,0.0
2012-08-12,0.0,0.0,0.0,0.0,0.0
2012-08-13,0.0,0.0,0.0,0.0,0.0
2012-08-14,0.0,0.0,0.0,0.0,0.0
2012-08-15,0.0,0.0,0.0,0.0,0.0
2012-08-16,0.0,0.0,0.0,0.0,0.0
2012-08-17,0.0,0.0,0.0,0.0,0.0
2012-08-18,0.0,0.0,0.0,0.0,0.0
2012-08-19,0.0,0.0,0.0,0.0,0.0
2012-08-20,0.0,0.0,0.0,0.0,0.0
2012-08-21,0.0,0.0,0.0,0.0,0.0
2012-08-22,0.0,0.0,0.0,0.0,0.0
2012-08-23,0.0,0.0,0.0,0.0,0.0
2012-08-24,0.0,0.0,0.0,0.0,0.0
2012-08-25,0.0,0.0,0.0,0.0,0.0
2012-08-26,0.0,0.0,0.0,0.0,0.0
2012-08-27,0.0,0.0,0.0,0.0,0.0
2012-08-28,0.0,0.0,0.0,0.0,0.0
2012-08-29,0.0,0.0,0.0,0.0,0.0
2012-08-30,0.0,0.0,0.0,0.0,0.0
2012-08-31,0.0,0.0,0.0,0.0,0.0
2012-09-01,0.0,0.0,0.0,0.0,0.0
2012-09-02,0.0,0.0,0.0,0.0,0.0
2012-09-03,0.0,0.0,0.0,0.0,0.0
2012-09-04,0.0,0.0,0.0,0.0,0.0
2012-09-05,0.0,0.0,0.0,0.0,0.0
2012-09-06,0.0,0.0,0.0,0.0,0.0
2012-09-07,0.0,0.0,0.0,0.0,0.0
2012-09-08,0.0,0.0,0.0,0.0,0.0
2012-09-09,0.0,0.0,0.0,0.0,0.0
2012-09-10,0.0,0.0,0.0,0.0,0.0
2012-09-11,0.0,0.0,0.0,0.0,0.0
2012-09-12,0.0,0.0,0.0,0.0,0.0
2012-09-13,0.0,0.0,0.0,0.0,0.0
2012-09-14,0.0,0.0,0.0,0.0,0.0
2012-09-15,0.0,0.0,0.0,0.0,0.0
2012-09-16,0.0,0.0,0.0,0.0,0.0
2012-09-17,0.0,0.0,0.0,0.0,0.0
2012-09-18,0.0,0.0,0.0,0.0,0.0
2012-09-19,0.0,0.0,0.0,0.0,0.0
2012-09-20,0.0,0.0,0.0,0.0,0.0
2012-09-21,0.0,0.0,0.0,0.0,0.0
2012-09-22,0.0,0.0,0.0,0.0,0.0
2012-09-23,0.0,0.0,0.0,0.0,0.0
2012-09-24,0.0,0.0,0.0,0.0,0.0
2012-09-25,0.0,0.0,0.0,0.0,0.0
2012-09-26,0.0,0.0,0.0,0.0,0.0
2012-09-27,0.0,0.0,0.0,0.0,0.0
2012-09-28,0.0,0.0,0.0,0.0,0.0
2012-09-29,0.0,0.0,0.0,0.0,0.0
2012-09-30,0.0,0.0,0.0,0.0,0.0
2012-10-01,0.0,0.0,0.0,0.0,0.0
2012-10-02,0.0,0.0,0.0,0.0,0.0
2012-10-03,0.0,0.0,0.0,0.0,0.0
2012-10-04,0.0,0.0,0.0,0.0,0.0
2012-10-05,0.0,0.0,0.0,0.0,0.0
2012-10-06,0.0,0.0,0.0,0.0,0.0
2012-10-07,0.0,0.0,0.0,0.0,0.0
2012-10-08,0.0,0.0,0.0,0.0,0.0
2012-10-09,0.0,0.0,0.0,0.0,0.0
2012-10-10,0.0,0.0,0.0,0.0,0.0
2012-10-11,0.0,0.0,0.0,0.0,0.0
2012-10-12,0.0,0.0,0.0,0.0,0.0
2012-10-13,0.0,0.0,0.0,0.0,0.0
2012-10-14,0.0,0.0,0.0,0.0,0.0
2012-10-15,0.0,0.0,0.0,0.0,0.0
2012-10-16,0.0,0.0,0.0,0.0,0.0
2012-10-17,0.0,0.0,0.0,0.0,0.0
2012-10-18,0.0,0.0,0.0,0.0,0.0
2012-10-19,0.0,0.0,0.0,0.0,0.0
2012-10-20,0.0,0.0,0.0,0.0,0.0
2012-10-21,0.0,0.0,0.0,0.0,0.0
2012-10-22,0.309,56.86,4.08,22.79,29.99
2012-10-23,1.177,77.06,8.3,29.68,39.08
2012-10-24,0.25,58.27,4.65,23.08,30.54
2012-10-25,0.06,33.12,4.49,5.91,22.71
2012-10-26,0.011,19.47,4.51,0.0,14.96
2012-10-27,0.002,9.49,4.8,0.0,4.66
2012-10-28,0.0,6.9,5.68,0.0,1.17
2012-10-29,0.0,6.75,6.97,0.0,0.49
2012-10-30,0.0,6.94,6.34,0.0,0.48
2012-10-31,0.0,5.79,5.2,0.0,0.65
2012-11-01,1.949,95.21,12.15,35.79,47.28
2012-11-02,0.224,76.35,5.94,29.65,40.76
2012-11-03,0.039,41.36,4.72,0.11,36.54
2012-11-04,0.008,24.12,5.27,0.0,18.85
2012-11-05,0.002,12.22,7.56,0.0,4.63
2012-11-06,0.001,13.25,12.03,0.0,1.12
2012-11-07,0.0,16.28,15.6,0.0,0.8
2012-11-08,0.0,17.67,17.02,0.0,0.85
2012-11-09,0.0,17.36,16.72,0.0,0.88
2012-11-10,0.0,18.27,17.34,0.0,0.89
2012-11-11,0.0,18.0,17.33,0.0,0.89
2012-11-12,0.0,17.75,16.89,0.0,0.85
2012-11-13,0.0,20.25,18.2,0.0,0.91
2012-11-14,0.0,17.36,17.31,0.0,0.92
2012-11-15,0.0,17.36,15.28,0.0,0.82
2012-11-16,0.0,0.0,0.0,0.0,0.0
2012-11-17,0.918,58.43,8.02,21.75,28.66
2012-11-18,4.324,174.44,17.85,67.62,88.97
2012-11-19,0.264,110.04,5.69,44.82,59.52
2012-11-20,0.049,59.41,5.25,2.68,51.48
2012-11-21,2.177,113.81,11.86,43.95,58.0
2012-11-22,0.325,108.13,6.43,43.75,57.95
2012-11-23,0.058,66.5,5.37,9.74,51.39
2012-11-24,0.013,34.68,7.6,0.0,27.08
2012-11-25,0.005,17.5,12.45,0.0,5.04
2012-11-26,0.003,17.46,16.33,0.0,1.16
2012-11-27,0.002,18.62,17.7,0.0,0.9
2012-11-28,1.0,97.65,11.37,37.25,49.03
2012-11-29,0.336,84.3,7.19,33.14,43.97
2012-11-30,22.537,252.24,26.91,93.03,132.31
2012-12-01,1.193,116.59,9.16,45.79,61.64
2012-12-02,14.6,418.38,28.71,165.63,224.04
2012-12-03,0.908,201.25,8.81,82.69,109.76
2012-12-04,0.177,138.04,8.42,49.92,79.7
2012-12-05,4.554,275.38,13.23,112.95,149.19
2012-12-06,0.706,183.13,7.32,75.81,99.99
2012-12-07,0.156,121.48,8.12,42.22,71.14
2012-12-08,0.056,44.49,12.27,0.18,32.03
2012-12-09,0.023,22.0,14.54,0.01,7.46
2012-12-10,0.019,17.79,16.37,0.01,1.4
2012-12-11,0.018,17.83,16.8,0.01,1.02
2012-12-12,0.012,18.08,17.14,0.0,0.94
2012-12-13,0.011,17.79,16.84,0.0,0.95
2012-12-14,0.01,17.93,16.98,0.0,0.94
2012-12-15,0.008,18.15,17.21,0.0,0.93
2012-12-16,0.003,17.58,16.73,0.0,0.83
2012-12-17,0.978,101.1,14.82,37.25,49.03
2012-12-18,0.174,62.66,9.55,20.68,32.43
2012-12-19,0.03,30.14,7.41,0.0,22.73
2012-12-20,0.01,17.79,11.73,0.0,6.05
2012-12-21,0.003,14.75,13.1,0.0,1.66
2012-12-22,6.614,173.84,16.62,67.89,89.33
2012-12-23,24.837,364.81,28.2,142.51,194.09
2012-12-24,2.576,223.94,12.48,89.49,121.97
2012-12-25,2.079,88.65,11.02,33.4,44.23
2012-12-26,5.126,79.02,14.02,28.06,36.94
2012-12-27,0.698,53.2,9.47,18.88,24.85
2012-12-28,0.228,30.51,11.8,7.0,11.72
2012-12-29,1.291,64.51,12.08,22.46,29.97
2012-12-30,0.258,40.78,10.17,12.41,18.21
2012-12-31,0.126,20.71,13.48,0.52,6.72
2013-01-01,0.097,17.91,15.16,0.6,2.15
2013-01-02,0.081,17.39,15.6,0.58,1.2
2013-01-03,0.07,17.33,15.7,0.56,1.07
2013-01-04,0.062,17.31,15.73,0.52,1.06
2013-01-05,0.055,17.27,15.74,0.48,1.05
2013-01-06,0.24,47.11,18.15,12.49,16.48
2013-01-07,0.059,20.59,16.77,1.5,2.33
2013-01-08,0.046,17.25,15.78,0.42,1.04
2013-01-09,0.038,17.44,16.02,0.38,1.03
2013-01-10,0.03,17.13,16.02,0.1,1.01
2013-01-11,0.028,17.37,16.22,0.11,1.03
2013-01-12,0.026,17.13,16.07,0.04,1.02
2013-01-13,0.022,17.64,16.59,0.03,1.03
2013-01-14,0.011,17.85,16.93,0.0,0.92
2013-01-15,0.015,18.18,17.16,0.01,1.01
2013-01-16,0.01,18.7,17.73,0.01,0.97
2013-01-17,0.005,19.92,18.95,0.0,0.95
2013-01-18,0.003,19.94,19.02,0.0,0.94
2013-01-19,0.001,20.87,20.12,0.0,0.9
2013-01-20,0.0,23.15,18.25,0.0,0.1
2013-01-21,0.0,0.0,0.0,0.0,0.0
2013-01-22,0.0,0.0,0.0,0.0,0.0
2013-01-23,0.0,0.0,0.0,0.0,0.0
2013-01-24,0.0,0.0,0.0,0.0,0.0
2013-01-25,0.03,24.75,19.09,2.07,3.6
2013-01-26,0.001,23.77,22.81,0.0,0.95
2013-01-27,0.0,21.22,20.15,0.0,0.88
2013-01-28,0.0,19.84,19.67,0.0,0.93
2013-01-29,0.0,0.0,0.0,0.0,0.0
2013-01-30,0.0,0.0,0.0,0.0,0.0
2013-01-31,0.0,0.0,0.0,0.0,0.0
2013-02-01,0.0,0.0,0.0,0.0,0.0
2013-02-02,0.0,0.0,0.0,0.0,0.0
2013-02-03,0.0,0.0,0.0,0.0,0.0
2013-02-04,0.0,0.0,0.0,0.0,0.0
2013-02-05,0.0,0.0,0.0,0.0,0.0
2013-02-06,0.0,0.0,0.0,0.0,0.0
2013-02-07,0.0,0.0,0.0,0.0,0.0
2013-02-08,0.0,0.0,0.0,0.0,0.0
2013-02-09,0.0,0.0,0.0,0.0,0.0
2013-02-10,0.0,0.0,0.0,0.0,0.0
2013-02-11,0.0,0.0,0.0,0.0,0.0
2013-02-12,0.0,0.0,0.0,0.0,0.0
2013-02-13,0.0,0.0,0.0,0.0,0.0
2013-02-14,0.0,0.0,0.0,0.0,0.0
2013-02-15,0.0,0.0,0.0,0.0,0.0
2013-02-16,0.0,0.0,0.0,0.0,0.0
2013-02-17,0.0,0.0,0.0,0.0,0.0
2013-02-18,0.0,0.0,0.0,0.0,0.0
2013-02-19,2.045,120.87,14.79,45.81,60.27
2013-02-20,0.566,81.0,8.89,31.08,41.03
2013-02-21,0.088,54.58,5.44,15.04,34.09
2013-02-22,0.019,29.29,6.82,0.0,22.47
2013-02-23,0.004,15.28,8.07,0.0,7.21
2013-02-24,0.001,13.52,11.84,0.0,1.62
2013-02-25,0.001,17.44,16.58,0.0,0.87
2013-02-26,0.0,18.96,18.1,0.0,0.87
2013-02-27,0.0,19.4,18.3,0.0,0.89
2013-02-28,0.0,19.59,18.65,0.0,0.91
2013-03-01,0.0,19.1,18.41,0.0,0.9
2013-03-02,0.0,19.59,19.0,0.0,0.9
2013-03-03,0.0,19.29,19.67,0.0,0.96
2013-03-04,0.0,19.29,18.99,0.0,0.91
2013-03-05,0.0,19.29,16.85,0.0,0.77
2013-03-06,0.0,0.0,0.0,0.0,0.0
2013-03-07,0.512,46.87,4.48,18.3,24.09
2013-03-08,2.409,173.41,17.21,67.45,88.75
2013-03-09,0.192,107.74,5.81,42.02,59.91
2013-03-10,0.036,56.13,5.44,0.0,50.68
2013-03-11,0.008,29.62,6.8,0.0,22.82
2013-03-12,0.002,15.48,10.94,0.0,4.55
2013-03-13,0.001,16.79,15.62,0.0,1.13
2013-03-14,0.001,18.48,17.64,0.0,0.87
2013-03-15,0.001,19.21,18.25,0.0,0.89
2013-03-16,0.0,19.8,18.69,0.0,0.9
2013-03-17,0.0,19.43,18.58,0.0,0.91
2013-03-18,0.0,19.84,19.15,0.0,0.91
2013-03-19,0.0,20.58,19.88,0.0,0.93
2013-03-20,0.0,20.25,18.78,0.0,0.93
2013-03-21,0.0,20.83,20.25,0.0,0.98
2013-03-22,0.0,20.25,20.41,0.0,0.91
2013-03-23,0.0,0.0,0.0,0.0,0.0
2013-03-24,0.0,0.0,0.0,0.0,0.0
2013-03-25,0.0,0.0,0.0,0.0,0.0
2013-03-26,0.0,0.0,0.0,0.0,0.0
2013-03-27,0.0,0.0,0.0,0.0,0.0
2013-03-28,0.0,0.0,0.0,0.0,0.0
2013-03-29,0.0,0.0,0.0,0.0,0.0
2013-03-30,0.0,0.0,0.0,0.0,0.0
2013-03-31,0.0,0.0,0.0,0.0,0.0
2013-04-01,0.0,0.0,0.0,0.0,0.0
2013-04-02,0.0,0.0,0.0,0.0,0.0
2013-04-03,0.0,0.0,0.0,0.0,0.0
2013-04-04,0.194,38.51,15.65,9.1,13.76
2013-04-05,0.026,12.98,7.24,0.0,5.75
2013-04-06,0.004,7.04,4.82,0.0,2.23
2013-04-07,0.001,5.64,5.0,0.0,0.62
2013-04-08,0.0,4.63,4.44,0.0,0.15
2013-04-09,0.0,3.86,4.12,0.0,0.03
2013-04-10,0.0,0.0,2.32,0.0,0.0
2013-04-11,0.0,0.0,0.0,0.0,0.0
2013-04-12,0.0,0.0,0.0,0.0,0.0
2013-04-13,0.0,0.0,0.0,0.0,0.0
2013-04-14,0.0,0.0,0.0,0.0,0.0
2013-04-15,0.0,0.0,0.0,0.0,0.0
2013-04-16,0.0,0.0,0.0,0.0,0.0
2013-04-17,0.0,0.0,0.0,0.0,0.0
2013-04-18,0.0,0.0,0.0,0.0,0.0
2013-04-19,0.0,0.0,0.0,0.0,0.0
2013-04-20,0.0,0.0,0.0,0.0,0.0
2013-04-21,0.0,0.0,0.0,0.0,0.0
2013-04-22,0.0,0.0,0.0,0.0,0.0
2013-04-23,0.0,0.0,0.0,0.0,0.0
2013-04-24,0.0,0.0,0.0,0.0,0.0
2013-04-25,0.0,0.0,0.0,0.0,0.0
2013-04-26,0.0,0.0,0.0,0.0,0.0
2013-04-27,0.0,0.0,0.0,0.0,0.0
2013-04-28,0.0,0.0,0.0,0.0,0.0
2013-04-29,0.0,0.0,0.0,0.0,0.0
2013-04-30,0.0,0.0,0.0,0.0,0.0
2013-05-01,0.0,0.0,0.0,0.0,0.0
2013-05-02,0.0,0.0,0.0,0.0,0.0
2013-05-03,0.0,0.0,0.0,0.0,0.0
2013-05-04,0.0,0.0,0.0,0.0,0.0
2013-05-05,0.0,0.0,0.0,0.0,0.0
2013-05-06,0.0,0.0,0.0,0.0,0.0
2013-05-07,0.0,0.0,0.0,0.0,0.0
2013-05-08,0.0,0.0,0.0,0.0,0.0
2013-05-09,0.0,0.0,0.0,0.0,0.0
2013-05-10,0.0,0.0,0.0,0.0,0.0
2013-05-11,0.0,0.0,0.0,0.0,0.0
2013-05-12,0.0,0.0,0.0,0.0,0.0
2013-05-13,0.0,0.0,0.0,0.0,0.0
2013-05-14,0.0,0.0,0.0,0.0,0.0
2013-05-15,0.0,0.0,0.0,0.0,0.0
2013-05-16,0.0,0.0,0.0,0.0,0.0
2013-05-17,0.0,0.0,0.0,0.0,0.0
2013-05-18,0.0,0.0,0.0,0.0,0.0
2013-05-19,0.0,0.0,0.0,0.0,0.0
2013-05-20,0.0,0.0,0.0,0.0,0.0
2013-05-21,0.0,0.0,0.0,0.0,0.0
2013-05-22,0.0,0.0,0.0,0.0,0.0
2013-05-23,0.0,0.0,0.0,0.0,0.0
2013-05-24,0.0,0.0,0.0,0.0,0.0
2013-05-25,0.0,0.0,0.0,0.0,0.0
2013-05-26,0.0,0.0,0.0,0.0,0.0
2013-05-27,0.0,0.0,0.0,0.0,0.0
2013-05-28,0.0,0.0,0.0,0.0,0.0
2013-05-29,0.0,0.0,0.0,0.0,0.0
2013-05-30,0.0,0.0,0.0,0.0,0.0
2013-05-31,0.0,0.0,0.0,0.0,0.0
2013-06-01,0.0,0.0,0.0,0.0,0.0
2013-06-02,0.0,0.0,0.0,0.0,0.0
2013-06-03,0.0,0.0,0.0,0.0,0.0
2013-06-04,0.0,0.0,0.0,0.0,0.0
2013-06-05,0.0,0.0,0.0,0.0,0.0
2013-06-06,0.0,0.0,0.0,0.0,0.0
2013-06-07,0.0,0.0,0.0,0.0,0.0
2013-06-08,0.0,0.0,0.0,0.0,0.0
2013-06-09,0.0,0.0,0.0,0.0,0.0
2013-06-10,0.0,0.0,0.0,0.0,0.0
2013-06-11,0.0,0.0,0.0,0.0,0.0
2013-06-12,0.0,0.0,0.0,0.0,0.0
2013-06-13,0.0,0.0,0.0,0.0,0.0
2013-06-14,0.0,0.0,0.0,0.0,0.0
2013-06-15,0.0,0.0,0.0,0.0,0.0
2013-06-16,0.0,0.0,0.0,0.0,0.0
2013-06-17,0.0,0.0,0.0,0.0,0.0
2013-06-18,0.0,0.0,0.0,0.0,0.0
2013-06-19,0.0,0.0,0.0,0.0,0.0
2013-06-20,0.0,0.0,0.0,0.0,0.0
2013-06-21,0.0,0.0,0.0,0.0,0.0
2013-06-22,0.0,0.0,0.0,0.0,0.0
2013-06-23,0.0,0.0,0.0,0.0,0.0
2013-06-24,0.0,0.0,0.0,0.0,0.0
2013-06-25,0.0,0.0,0.0,0.0,0.0
2013-06-26,0.0,0.0,0.0,0.0,0.0
2013-06-27,0.0,0.0,0.0,0.0,0.0
2013-06-28,0.0,0.0,0.0,0.0,0.0
2013-06-29,0.0,0.0,0.0,0.0,0.0
2013-06-30,0.0,0.0,0.0,0.0,0.0
2013-07-01,0.0,0.0,0.0,0.0,0.0
2013-07-02,0.0,0.0,0.0,0.0,0.0
2013-07-03,0.0,0.0,0.0,0.0,0.0
2013-07-04,0.0,0.0,0.0,0.0,0.0
2013-07-05,0.0,0.0,0.0,0.0,0.0
2013-07-06,0.0,0.0,0.0,0.0,0.0
2013-07-07,0.0,0.0,0.0,0.0,0.0
2013-07-08,0.0,0.0,0.0,0.0,0.0
2013-07-09,0.0,0.0,0.0,0.0,0.0
2013-07-10,0.0,0.0,0.0,0.0,0.0
2013-07-11,0.0,0.0,0.0,0.0,0.0
2013-07-12,0.0,0.0,0.0,0.0,0.0
2013-07-13,0.0,0.0,0.0,0.0,0.0
2013-07-14,0.0,0.0,0.0,0.0,0.0
2013-07-15,0.0,0.0,0.0,0.0,0.0
2013-07-16,0.0,0.0,0.0,0.0,0.0
2013-07-17,0.0,0.0,0.0,0.0,0.0
2013-07-18,0.0,0.0,0.0,0.0,0.0
2013-07-19,0.0,0.0,0.0,0.0,0.0
2013-07-20,0.0,0.0,0.0,0.0,0.0
2013-07-21,0.0,0.0,0.0,0.0,0.0
2013-07-22,0.0,0.0,0.0,0.0,0.0
2013-07-23,0.0,0.0,0.0,0.0,0.0
2013-07-24,0.0,0.0,0.0,0.0,0.0
2013-07-25,0.0,0.0,0.0,0.0,0.0
2013-07-26,0.0,0.0,0.0,0.0,0.0
2013-07-27,0.0,0.0,0.0,0.0,0.0
2013-07-28,0.0,0.0,0.0,0.0,0.0
2013-07-29,0.0,0.0,0.0,0.0,0.0
2013-07-30,0.0,0.0,0.0,0.0,0.0
2013-07-31,0.0,0.0,0.0,0.0,0.0
2013-08-01,0.0,0.0,0.0,0.0,0.0
2013-08-02,0.0,0.0,0.0,0.0,0.0
2013-08-03,0.0,0.0,0.0,0.0,0.0
2013-08-04,0.0,0.0,0.0,0.0,0.0
2013-08-05,0.0,0.0,0.0,0.0,0.0
2013-08-06,0.0,0.0,0.0,0.0,0.0
2013-08-07,0.0,0.0,0.0,0.0,0.0
2013-08-08,0.0,0.0,0.0,0.0,0.0
2013-08-09,0.0,0.0,0.0,0.0,0.0
2013-08-10,0.0,0.0,0.0,0.0,0.0
2013-08-11,0.0,0.0,0.0,0.0,0.0
2013-08-12,0.0,0.0,0.0,0.0,0.0
2013-08-13,0.0,0.0,0.0,0.0,0.0
2013-08-14,0.0,0.0,0.0,0.0,0.0
2013-08-15,0.0,0.0,0.0,0.0,0.0
2013-08-16,0.0,0.0,0.0,0.0,0.0
2013-08-17,0.0,0.0,0.0,0.0,0.0
2013-08-18,0.0,0.0,0.0,0.0,0.0
2013-08-19,0.0,0.0,0.0,0.0,0.0
2013-08-20,0.0,0.0,0.0,0.0,0.0
2013-08-21,0.0,0.0,0.0,0.0,0.0
2013-08-22,0.0,0.0,0.0,0.0,0.0
2013-08-23,0.0,0.0,0.0,0.0,0.0
2013-08-24,0.0,0.0,0.0,0.0,0.0
2013-08-25,0.0,0.0,0.0,0.0,0.0
2013-08-26,0.0,0.0,0.0,0.0,0.0
2013-08-27,0.0,0.0,0.0,0.0,0.0
2013-08-28,0.0,0.0,0.0,0.0,0.0
2013-08-29,0.0,0.0,0.0,0.0,0.0
2013-08-30,0.0,0.0,0.0,0.0,0.0
2013-08-31,0.0,0.0,0.0,0.0,0.0
2013-09-01,0.0,0.0,0.0,0.0,0.0
2013-09-02,0.0,0.0,0.0,0.0,0.0
2013-09-03,0.0,0.0,0.0,0.0,0.0
2013-09-04,0.0,0.0,0.0,0.0,0.0
2013-09-05,0.0,0.0,0.0,0.0,0.0
2013-09-06,0.0,0.0,0.0,0.0,0.0
2013-09-07,0.0,0.0,0.0,0.0,0.0
2013-09-08,0.0,0.0,0.0,0.0,0.0
2013-09-09,0.0,0.0,0.0,0.0,0.0
2013-09-10,0.0,0.0,0.0,0.0,0.0
2013-09-11,0.0,0.0,0.0,0.0,0.0
2013-09-12,0.0,0.0,0.0,0.0,0.0
2013-09-13,0.0,0.0,0.0,0.0,0.0
2013-09-14,0.0,0.0,0.0,0.0,0.0
2013-09-15,0.0,0.0,0.0,0.0,0.0
2013-09-16,0.0,0.0,0.0,0.0,0.0
2013-09-17,0.0,0.0,0.0,0.0,0.0
2013-09-18,0.0,0.0,0.0,0.0,0.0
2013-09-19,0.0,0.0,0.0,0.0,0.0
2013-09-20,0.0,0.0,0.0,0.0,0.0
2013-09-21,2.879,171.66,17.58,66.54,87.55
2013-09-22,0.661,125.86,9.73,50.07,66.07
2013-09-23,0.092,89.8,4.95,27.65,57.2
2013-09-24,0.018,47.66,5.23,0.0,42.43
2013-09-25,0.004,20.49,7.12,0.0,13.36
2013-09-26,0.001,14.18,11.62,0.0,2.56
2013-09-27,0.001,17.09,16.19,0.0,0.93
2013-09-28,0.0,19.29,18.43,0.0,0.9
2013-09-29,0.0,19.39,18.49,0.0,0.9
2013-09-30,0.0,19.89,18.92,0.0,0.92
2013-10-01,0.0,20.37,19.51,0.0,0.94
2013-10-02,0.0,19.93,19.17,0.0,0.92
2013-10-03,0.0,20.83,19.74,0.0,0.92
2013-10-04,0.0,0.0,0.0,0.0,0.0
2013-10-05,0.0,0.0,0.0,0.0,0.0
2013-10-06,0.0,0.0,0.0,0.0,0.0
2013-10-07,0.0,0.0,0.0,0.0,0.0
2013-10-08,0.0,0.0,0.0,0.0,0.0
2013-10-09,0.0,0.0,0.0,0.0,0.0
2013-10-10,0.0,0.0,0.0,0.0,0.0
2013-10-11,0.0,0.0,0.0,0.0,0.0
2013-10-12,0.0,0.0,0.0,0.0,0.0
2013-10-13,0.0,0.0,0.0,0.0,0.0
2013-10-14,0.0,0.0,0.0,0.0,0.0
2013-10-15,0.0,0.0,0.0,0.0,0.0
2013-10-16,0.0,0.0,0.0,0.0,0.0
2013-10-17,0.0,0.0,0.0,0.0,0.0
2013-10-18,0.0,0.0,0.0,0.0,0.0
2013-10-19,0.0,0.0,0.0,0.0,0.0
2013-10-20,0.0,0.0,0.0,0.0,0.0
2013-10-21,0.0,0.0,0.0,0.0,0.0
2013-10-22,0.0,0.0,0.0,0.0,0.0
2013-10-23,0.0,0.0,0.0,0.0,0.0
2013-10-24,0.0,0.0,0.0,0.0,0.0
2013-10-25,0.0,0.0,0.0,0.0,0.0
2013-10-26,0.0,0.0,0.0,0.0,0.0
2013-10-27,0.0,0.0,0.0,0.0,0.0
2013-10-28,0.0,0.0,0.0,0.0,0.0
2013-10-29,0.0,0.0,0.0,0.0,0.0
2013-10-30,0.0,0.0,0.0,0.0,0.0
2013-10-31,0.0,0.0,0.0,0.0,0.0
2013-11-01,0.0,0.0,0.0,0.0,0.0
2013-11-02,0.0,0.0,0.0,0.0,0.0
2013-11-03,0.0,0.0,0.0,0.0,0.0
2013-11-04,0.0,0.0,0.0,0.0,0.0
2013-11-05,0.0,0.0,0.0,0.0,0.0
2013-11-06,0.0,0.0,0.0,0.0,0.0
2013-11-07,0.0,0.0,0.0,0.0,0.0
2013-11-08,0.0,0.0,0.0,0.0,0.0
2013-11-09,0.0,0.0,0.0,0.0,0.0
2013-11-10,0.0,0.0,0.0,0.0,0.0
2013-11-11,0.0,0.0,0.0,0.0,0.0
2013-11-12,0.0,0.0,0.0,0.0,0.0
2013-11-13,0.0,0.0,0.0,0.0,0.0
2013-11-14,0.0,0.0,0.0,0.0,0.0
2013-11-15,0.0,0.0,0.0,0.0,0.0
2013-11-16,0.0,0.0,0.0,0.0,0.0
2013-11-17,0.0,0.0,0.0,0.0,0.0
2013-11-18,0.0,0.0,0.0,0.0,0.0
2013-11-19,0.152,57.69,11.2,20.07,26.42
2013-11-20,5.867,192.26,17.7,75.38,99.18
2013-11-21,1.207,134.36,11.27,53.15,69.94
2013-11-22,0.145,120.14,5.56,44.57,70.01
2013-11-23,0.029,61.24,6.01,0.0,55.23
2013-11-24,0.008,26.82,9.88,0.0,16.93
2013-11-25,0.004,17.43,14.87,0.0,2.56
2013-11-26,0.002,18.42,17.46,0.0,0.98
2013-11-27,0.002,18.99,18.12,0.0,0.91
2013-11-28,0.002,19.25,18.33,0.0,0.91
2013-11-29,0.002,19.14,18.29,0.0,0.91
2013-11-30,0.001,19.2,18.29,0.0,0.91
2013-12-01,0.001,19.26,18.31,0.0,0.91
2013-12-02,0.001,19.33,18.4,0.0,0.91
2013-12-03,0.001,19.29,18.35,0.0,0.9
2013-12-04,0.001,19.19,18.26,0.0,0.91
2013-12-05,0.001,19.13,18.13,0.0,0.9
2013-12-06,0.005,2.49,2.38,0.0,0.12
2013-12-07,3.721,197.84,12.32,80.11,105.41
2013-12-08,0.439,207.38,6.78,86.55,114.05
2013-12-09,0.075,152.59,5.04,40.35,107.21
2013-12-10,0.016,74.71,6.4,0.0,68.31
2013-12-11,0.004,26.05,10.34,0.0,15.69
2013-12-12,0.002,17.31,15.13,0.0,2.19
2013-12-13,0.002,18.3,17.36,0.0,0.95
2013-12-14,0.001,18.84,17.92,0.0,0.89
2013-12-15,0.001,18.93,18.08,0.0,0.9
2013-12-16,0.001,19.11,18.2,0.0,0.9
2013-12-17,0.001,18.98,18.08,0.0,0.9
2013-12-18,0.001,19.0,18.11,0.0,0.9
2013-12-19,0.001,19.01,18.07,0.0,0.9
2013-12-20,0.0,18.57,17.86,0.0,0.9
2013-12-21,0.0,18.78,17.87,0.0,0.9
2013-12-22,0.0,18.91,18.08,0.0,0.9
2013-12-23,0.0,18.72,17.94,0.0,0.89
2013-12-24,0.0,18.86,17.86,0.0,0.88
2013-12-25,0.0,18.94,18.03,0.0,0.89
2013-12-26,0.0,19.53,18.08,0.0,0.89
2013-12-27,0.0,19.29,18.32,0.0,0.89
2013-12-28,0.0,18.0,17.48,0.0,0.87
2013-12-29,0.0,17.36,18.39,0.0,0.89
2013-12-30,0.0,23.15,19.22,0.0,0.97
2013-12-31,0.0,11.57,13.61,0.0,0.66
2014-01-01,0.0,23.15,17.7,0.0,0.91
2014-01-02,0.0,0.0,0.0,0.0,0.0
2014-01-03,0.0,0.0,0.0,0.0,0.0
2014-01-04,0.0,0.0,0.0,0.0,0.0
2014-01-05,0.0,0.0,0.0,0.0,0.0
2014-01-06,0.0,0.0,0.0,0.0,0.0
2014-01-07,0.0,0.0,0.0,0.0,0.0
2014-01-08,0.0,0.0,0.0,0.0,0.0
2014-01-09,0.0,0.0,0.0,0.0,0.0
2014-01-10,0.0,0.0,0.0,0.0,0.0
2014-01-11,0.0,0.0,0.0,0.0,0.0
2014-01-12,0.0,0.0,0.0,0.0,0.0
2014-01-13,0.0,0.0,0.0,0.0,0.0
2014-01-14,0.0,0.0,0.0,0.0,0.0
2014-01-15,0.0,0.0,0.0,0.0,0.0
2014-01-16,0.0,0.0,0.0,0.0,0.0
2014-01-17,0.0,0.0,0.0,0.0,0.0
2014-01-18,0.0,0.0,0.0,0.0,0.0
2014-01-19,0.0,0.0,0.0,0.0,0.0
2014-01-20,0.0,0.0,0.0,0.0,0.0
2014-01-21,0.0,0.0,0.0,0.0,0.0
2014-01-22,0.0,0.0,0.0,0.0,0.0
2014-01-23,0.0,0.0,0.0,0.0,0.0
2014-01-24,0.0,0.0,0.0,0.0,0.0
2014-01-25,0.0,0.0,0.0,0.0,0.0
2014-01-26,0.0,0.0,0.0,0.0,0.0
2014-01-27,0.0,0.0,0.0,0.0,0.0
2014-01-28,0.0,0.0,0.0,0.0,0.0
2014-01-29,0.0,0.0,0.0,0.0,0.0
2014-01-30,0.0,0.0,0.0,0.0,0.0
2014-01-31,0.0,0.0,0.0,0.0,0.0
2014-02-01,0.0,0.0,0.0,0.0,0.0
2014-02-02,0.077,26.55,3.8,9.39,13.36
2014-02-03,0.079,23.13,4.45,5.26,13.41
2014-02-04,0.015,14.15,4.47,0.0,9.68
2014-02-05,0.003,7.85,4.47,0.0,3.39
2014-02-06,7.169,231.69,19.72,91.15,120.81
2014-02-07,1.064,103.83,10.98,40.05,52.81
2014-02-08,1.265,58.72,10.25,20.93,27.54
2014-02-09,0.434,47.95,9.25,16.65,22.06
2014-02-10,0.283,34.07,10.67,10.07,13.34
2014-02-11,0.056,15.94,7.14,0.27,8.53
2014-02-12,0.013,13.19,8.99,0.0,4.21
2014-02-13,0.005,14.92,13.75,0.0,1.19
2014-02-14,0.003,17.77,16.88,0.0,0.87
2014-02-15,0.003,18.77,17.89,0.0,0.89
2014-02-16,0.002,19.03,18.1,0.0,0.9
2014-02-17,0.002,19.15,18.2,0.0,0.91
2014-02-18,0.001,19.16,18.25,0.0,0.91
2014-02-19,0.001,19.01,18.15,0.0,0.91
2014-02-20,0.001,19.04,18.11,0.0,0.9
2014-02-21,0.001,18.94,18.11,0.0,0.9
2014-02-22,0.001,18.88,18.06,0.0,0.9
2014-02-23,0.001,19.23,18.24,0.0,0.9
2014-02-24,0.001,19.22,18.47,0.0,0.91
2014-02-25,0.0,19.01,18.25,0.0,0.9
2014-02-26,5.643,171.38,16.78,66.76,87.84
2014-02-27,2.272,123.01,12.58,47.69,62.74
2014-02-28,11.996,263.93,21.5,102.75,139.68
2014-03-01,4.359,117.38,13.61,44.8,58.98
2014-03-02,0.375,75.16,6.93,29.43,38.8
2014-03-03,0.085,43.33,8.46,7.34,27.52
2014-03-04,0.032,22.97,12.98,0.01,9.98
2014-03-05,0.02,18.18,16.3,0.01,1.88
2014-03-06,0.013,18.43,17.41,0.0,1.01
2014-03-07,0.01,19.06,18.1,0.0,0.96
2014-03-08,0.007,19.02,18.08,0.0,0.93
2014-03-09,0.005,19.04,18.11,0.0,0.92
2014-03-10,0.004,19.03,18.13,0.0,0.92
2014-03-11,0.003,18.99,18.11,0.0,0.9
2014-03-12,0.002,19.0,18.11,0.0,0.89
2014-03-13,0.002,18.93,18.04,0.0,0.91
2014-03-14,0.001,18.92,18.04,0.0,0.9
2014-03-15,0.001,18.85,18.02,0.0,0.89
2014-03-16,0.001,19.06,18.03,0.0,0.89
2014-03-17,0.0,19.05,18.0,0.0,0.89
2014-03-18,0.0,18.45,17.85,0.0,0.89
2014-03-19,0.0,18.62,17.78,0.0,0.88
2014-03-20,0.0,18.7,17.64,0.0,0.87
2014-03-21,0.0,16.2,16.2,0.0,0.83
2014-03-22,0.0,0.0,3.86,0.0,0.3
2014-03-23,0.0,0.0,0.0,0.0,0.0
2014-03-24,0.0,0.0,0.0,0.0,0.0
2014-03-25,0.0,0.0,0.0,0.0,0.0
2014-03-26,1.34,78.08,13.57,27.83,36.67
2014-03-27,0.309,64.56,7.91,24.34,32.32
2014-03-28,0.049,36.5,4.95,2.04,29.51
2014-03-29,1.573,126.09,14.67,48.07,63.35
2014-03-30,1.261,100.75,13.13,37.83,49.79
2014-03-31,4.275,282.44,16.75,114.72,150.97
2014-04-01,4.499,132.28,13.26,51.39,67.62
2014-04-02,1.102,119.96,10.64,47.19,62.12
2014-04-03,0.152,88.64,6.09,32.09,50.46
2014-04-04,0.035,42.66,8.23,0.0,34.43
2014-04-05,0.013,21.56,13.21,0.0,8.34
2014-04-06,0.007,18.16,16.58,0.0,1.57
2014-04-07,0.004,18.79,17.84,0.0,0.94
2014-04-08,0.003,19.15,18.23,0.0,0.91
2014-04-09,0.002,19.16,18.26,0.0,0.91
2014-04-10,0.002,19.13,18.22,0.0,0.91
2014-04-11,0.001,19.26,18.3,0.0,0.9
2014-04-12,0.001,19.1,18.21,0.0,0.9
2014-04-13,0.001,19.24,18.39,0.0,0.91
2014-04-14,0.001,19.22,18.25,0.0,0.9
2014-04-15,0.0,19.29,18.31,0.0,0.9
2014-04-16,0.0,19.44,18.62,0.0,0.91
2014-04-17,0.0,19.29,18.95,0.0,0.91
2014-04-18,0.0,17.36,18.15,0.0,0.86
2014-04-19,0.0,0.0,0.0,0.0,0.0
2014-04-20,0.0,0.0,0.0,0.0,0.0
2014-04-21,0.0,0.0,0.0,0.0,0.0
2014-04-22,0.0,0.0,0.0,0.0,0.0
2014-04-23,0.0,0.0,0.0,0.0,0.0
2014-04-24,0.0,0.0,0.0,0.0,0.0
2014-04-25,2.114,142.46,15.78,54.7,71.97
2014-04-26,1.176,89.0,14.09,32.34,42.56
2014-04-27,0.116,50.66,5.59,16.06,29.01
2014-04-28,0.022,28.09,5.7,0.0,22.39
2014-04-29,0.005,15.42,7.9,0.0,7.51
2014-04-30,0.002,14.26,12.6,0.0,1.64
2014-05-01,0.001,17.43,16.67,0.0,0.87
2014-05-02,0.001,19.29,18.37,0.0,0.88
2014-05-03,0.0,19.84,18.99,0.0,0.9
2014-05-04,0.0,20.25,19.45,0.0,0.93
2014-05-05,0.0,19.99,19.24,0.0,0.88
2014-05-06,0.0,20.25,18.43,0.0,0.87
2014-05-07,0.0,23.15,20.73,0.0,0.97
2014-05-08,0.0,0.0,0.0,0.0,0.0
2014-05-09,0.0,0.0,0.0,0.0,0.0
2014-05-10,0.0,0.0,0.0,0.0,0.0
2014-05-11,0.0,0.0,0.0,0.0,0.0
2014-05-12,0.0,0.0,0.0,0.0,0.0
2014-05-13,0.0,0.0,0.0,0.0,0.0
2014-05-14,0.0,0.0,0.0,0.0,0.0
2014-05-15,0.0,0.0,0.0,0.0,0.0
2014-05-16,0.0,0.0,0.0,0.0,0.0
2014-05-17,0.0,0.0,0.0,0.0,0.0
2014-05-18,0.0,0.0,0.0,0.0,0.0
2014-05-19,0.0,0.0,0.0,0.0,0.0
2014-05-20,0.0,0.0,0.0,0.0,0.0
2014-05-21,0.0,0.0,0.0,0.0,0.0
2014-05-22,0.0,0.0,0.0,0.0,0.0
2014-05-23,0.0,0.0,0.0,0.0,0.0
2014-05-24,0.0,0.0,0.0,0.0,0.0
2014-05-25,0.0,0.0,0.0,0.0,0.0
2014-05-26,0.0,0.0,0.0,0.0,0.0
2014-05-27,0.0,0.0,0.0,0.0,0.0
2014-05-28,0.0,0.0,0.0,0.0,0.0
2014-05-29,0.0,0.0,0.0,0.0,0.0
2014-05-30,0.0,0.0,0.0,0.0,0.0
2014-05-31,0.0,0.0,0.0,0.0,0.0
2014-06-01,0.0,0.0,0.0,0.0,0.0
2014-06-02,0.0,0.0,0.0,0.0,0.0
2014-06-03,0.0,0.0,0.0,0.0,0.0
2014-06-04,0.0,0.0,0.0,0.0,0.0
2014-06-05,0.0,0.0,0.0,0.0,0.0
2014-06-06,0.0,0.0,0.0,0.0,0.0
2014-06-07,0.0,0.0,0.0,0.0,0.0
2014-06-08,0.0,0.0,0.0,0.0,0.0
2014-06-09,0.0,0.0,0.0,0.0,0.0
2014-06-10,0.0,0.0,0.0,0.0,0.0
2014-06-11,0.0,0.0,0.0,0.0,0.0
2014-06-12,0.0,0.0,0.0,0.0,0.0
2014-06-13,0.0,0.0,0.0,0.0,0.0
2014-06-14,0.0,0.0,0.0,0.0,0.0
2014-06-15,0.0,0.0,0.0,0.0,0.0
2014-06-16,0.0,0.0,0.0,0.0,0.0
2014-06-17,0.0,0.0,0.0,0.0,0.0
2014-06-18,0.0,0.0,0.0,0.0,0.0
2014-06-19,0.0,0.0,0.0,0.0,0.0
2014-06-20,0.0,0.0,0.0,0.0,0.0
2014-06-21,0.0,0.0,0.0,0.0,0.0
2014-06-22,0.0,0.0,0.0,0.0,0.0
2014-06-23,0.0,0.0,0.0,0.0,0.0
2014-06-24,0.0,0.0,0.0,0.0,0.0
2014-06-25,0.0,0.0,0.0,0.0,0.0
2014-06-26,0.0,0.0,0.0,0.0,0.0
2014-06-27,0.0,0.0,0.0,0.0,0.0
2014-06-28,0.0,0.0,0.0,0.0,0.0
2014-06-29,0.0,0.0,0.0,0.0,0.0
2014-06-30,0.0,0.0,0.0,0.0,0.0
2014-07-01,0.0,0.0,0.0,0.0,0.0
2014-07-02,0.0,0.0,0.0,0.0,0.0
2014-07-03,0.0,0.0,0.0,0.0,0.0
2014-07-04,0.0,0.0,0.0,0.0,0.0
2014-07-05,0.0,0.0,0.0,0.0,0.0
2014-07-06,0.0,0.0,0.0,0.0,0.0
2014-07-07,0.0,0.0,0.0,0.0,0.0
2014-07-08,0.0,0.0,0.0,0.0,0.0
2014-07-09,0.0,0.0,0.0,0.0,0.0
2014-07-10,0.0,0.0,0.0,0.0,0.0
2014-07-11,0.0,0.0,0.0,0.0,0.0
2014-07-12,0.0,0.0,0.0,0.0,0.0
2014-07-13,0.0,0.0,0.0,0.0,0.0
2014-07-14,0.0,0.0,0.0,0.0,0.0
2014-07-15,0.0,0.0,0.0,0.0,0.0
2014-07-16,0.0,0.0,0.0,0.0,0.0
2014-07-17,0.0,0.0,0.0,0.0,0.0
2014-07-18,0.0,0.0,0.0,0.0,0.0
2014-07-19,0.0,0.0,0.0,0.0,0.0
2014-07-20,0.0,0.0,0.0,0.0,0.0
2014-07-21,0.0,0.0,0.0,0.0,0.0
2014-07-22,0.0,0.0,0.0,0.0,0.0
2014-07-23,0.0,0.0,0.0,0.0,0.0
2014-07-24,0.0,0.0,0.0,0.0,0.0
2014-07-25,0.0,0.0,0.0,0.0,0.0
2014-07-26,0.0,0.0,0.0,0.0,0.0
2014-07-27,0.0,0.0,0.0,0.0,0.0
2014-07-28,0.0,0.0,0.0,0.0,0.0
2014-07-29,0.0,0.0,0.0,0.0,0.0
2014-07-30,0.0,0.0,0.0,0.0,0.0
2014-07-31,0.0,0.0,0.0,0.0,0.0
2014-08-01,0.0,0.0,0.0,0.0,0.0
2014-08-02,0.0,0.0,0.0,0.0,0.0
2014-08-03,0.0,0.0,0.0,0.0,0.0
2014-08-04,0.0,0.0,0.0,0.0,0.0
2014-08-05,0.0,0.0,0.0,0.0,0.0
2014-08-06,0.0,0.0,0.0,0.0,0.0
2014-08-07,0.0,0.0,0.0,0.0,0.0
2014-08-08,0.0,0.0,0.0,0.0,0.0
2014-08-09,0.0,0.0,0.0,0.0,0.0
2014-08-10,0.0,0.0,0.0,0.0,0.0
2014-08-11,0.0,0.0,0.0,0.0,0.0
2014-08-12,0.0,0.0,0.0,0.0,0.0
2014-08-13,0.0,0.0,0.0,0.0,0.0
2014-08-14,0.0,0.0,0.0,0.0,0.0
2014-08-15,0.0,0.0,0.0,0.0,0.0
2014-08-16,0.0,0.0,0.0,0.0,0.0
2014-08-17,0.0,0.0,0.0,0.0,0.0
2014-08-18,0.0,0.0,0.0,0.0,0.0
2014-08-19,0.0,0.0,0.0,0.0,0.0
2014-08-20,0.0,0.0,0.0,0.0,0.0
2014-08-21,0.0,0.0,0.0,0.0,0.0
2014-08-22,0.0,0.0,0.0,0.0,0.0
2014-08-23,0.0,0.0,0.0,0.0,0.0
2014-08-24,0.0,0.0,0.0,0.0,0.0
2014-08-25,0.0,0.0,0.0,0.0,0.0
2014-08-26,0.0,0.0,0.0,0.0,0.0
2014-08-27,0.0,0.0,0.0,0.0,0.0
2014-08-28,0.0,0.0,0.0,0.0,0.0
2014-08-29,0.0,0.0,0.0,0.0,0.0
2014-08-30,0.0,0.0,0.0,0.0,0.0
2014-08-31,0.0,0.0,0.0,0.0,0.0
2014-09-01,0.0,0.0,0.0,0.0,0.0
2014-09-02,0.0,0.0,0.0,0.0,0.0
2014-09-03,0.0,0.0,0.0,0.0,0.0
2014-09-04,0.0,0.0,0.0,0.0,0.0
2014-09-05,0.0,0.0,0.0,0.0,0.0
2014-09-06,0.0,0.0,0.0,0.0,0.0
2014-09-07,0.0,0.0,0.0,0.0,0.0
2014-09-08,0.0,0.0,0.0,0.0,0.0
2014-09-09,0.0,0.0,0.0,0.0,0.0
2014-09-10,0.0,0.0,0.0,0.0,0.0
2014-09-11,0.0,0.0,0.0,0.0,0.0
2014-09-12,0.0,0.0,0.0,0.0,0.0
2014-09-13,0.0,0.0,0.0,0.0,0.0
2014-09-14,0.0,0.0,0.0,0.0,0.0
2014-09-15,0.0,0.0,0.0,0.0,0.0
2014-09-16,0.0,0.0,0.0,0.0,0.0
2014-09-17,0.0,0.0,0.0,0.0,0.0
2014-09-18,0.0,0.0,0.0,0.0,0.0
2014-09-19,0.0,0.0,0.0,0.0,0.0
2014-09-20,0.0,0.0,0.0,0.0,0.0
2014-09-21,0.0,0.0,0.0,0.0,0.0
2014-09-22,0.0,0.0,0.0,0.0,0.0
2014-09-23,0.0,0.0,0.0,0.0,0.0
2014-09-24,0.0,0.0,0.0,0.0,0.0
2014-09-25,3.518,190.54,15.27,75.68,99.58
2014-09-26,0.392,140.85,6.49,57.87,76.5
2014-09-27,0.067,96.67,4.75,22.05,69.88
2014-09-28,0.013,51.13,5.32,0.0,45.82
2014-09-29,0.003,20.12,7.65,0.0,12.49
2014-09-30,0.001,14.55,12.21,0.0,2.28
2014-10-01,0.001,16.79,15.97,0.0,0.91
2014-10-02,0.0,18.52,17.67,0.0,0.87
2014-10-03,0.0,18.81,17.85,0.0,0.87
2014-10-04,0.0,19.29,18.26,0.0,0.9
2014-10-05,0.0,18.33,17.92,0.0,0.87
2014-10-06,0.0,18.52,18.77,0.0,0.91
2014-10-07,0.0,0.0,0.0,0.0,0.0
2014-10-08,0.0,0.0,0.0,0.0,0.0
2014-10-09,0.0,0.0,0.0,0.0,0.0
2014-10-10,0.0,0.0,0.0,0.0,0.0
2014-10-11,0.0,0.0,0.0,0.0,0.0
2014-10-12,0.0,0.0,0.0,0.0,0.0
2014-10-13,0.0,0.0,0.0,0.0,0.0
2014-10-14,0.0,0.0,0.0,0.0,0.0
2014-10-15,0.0,0.0,0.0,0.0,0.0
2014-10-16,0.0,0.0,0.0,0.0,0.0
2014-10-17,0.0,0.0,0.0,0.0,0.0
2014-10-18,0.0,0.0,0.0,0.0,0.0
2014-10-19,0.0,0.0,0.0,0.0,0.0
2014-10-20,0.0,0.0,0.0,0.0,0.0
2014-10-21,0.0,0.0,0.0,0.0,0.0
2014-10-22,0.0,0.0,0.0,0.0,0.0
2014-10-23,0.0,0.0,0.0,0.0,0.0
2014-10-24,0.0,0.0,0.0,0.0,0.0
2014-10-25,0.0,0.0,0.0,0.0,0.0
2014-10-26,0.0,0.0,0.0,0.0,0.0
2014-10-27,0.0,0.0,0.0,0.0,0.0
2014-10-28,0.0,0.0,0.0,0.0,0.0
2014-10-29,0.0,0.0,0.0,0.0,0.0
2014-10-30,0.0,0.0,0.0,0.0,0.0
2014-10-31,0.05,31.39,18.8,5.29,7.31
2014-11-01,0.183,37.51,19.06,7.9,10.55
2014-11-02,0.007,26.31,22.34,0.07,3.89
2014-11-03,0.0,21.37,20.73,0.0,0.7
2014-11-04,0.0,19.29,19.03,0.0,0.89
2014-11-05,0.0,17.36,17.88,0.0,0.83
2014-11-06,0.0,0.0,0.0,0.0,0.0
2014-11-07,0.0,0.0,0.0,0.0,0.0
2014-11-08,0.0,0.0,0.0,0.0,0.0
2014-11-09,0.0,0.0,0.0,0.0,0.0
2014-11-10,0.0,0.0,0.0,0.0,0.0
2014-11-11,0.0,0.0,0.0,0.0,0.0
2014-11-12,0.0,0.0,0.0,0.0,0.0
2014-11-13,0.261,55.01,16.79,16.09,22.13
2014-11-14,0.019,11.73,7.55,0.0,4.18
2014-11-15,0.003,6.31,4.98,0.0,1.32
2014-11-16,0.001,6.06,5.61,0.0,0.39
2014-11-17,0.0,4.21,4.57,0.0,0.09
2014-11-18,0.0,5.79,4.58,0.0,0.02
2014-11-19,0.0,0.0,0.0,0.0,0.0
2014-11-20,0.0,0.0,0.0,0.0,0.0
2014-11-21,0.0,0.0,0.0,0.0,0.0
2014-11-22,0.0,0.0,0.0,0.0,0.0
2014-11-23,0.0,0.0,0.0,0.0,0.0
2014-11-24,0.0,0.0,0.0,0.0,0.0
2014-11-25,0.0,0.0,0.0,0.0,0.0
2014-11-26,0.0,0.0,0.0,0.0,0.0
2014-11-27,0.0,0.0,0.0,0.0,0.0
2014-11-28,0.0,0.0,0.0,0.0,0.0
2014-11-29,2.611,197.89,18.51,77.44,101.94
2014-11-30,6.446,248.2,19.32,98.34,130.54
2014-12-01,0.709,170.68,7.96,70.11,92.6
2014-12-02,21.124,303.68,24.65,117.68,161.35
2014-12-03,25.034,270.99,24.44,104.46,142.1
2014-12-04,2.139,92.9,12.43,34.73,45.74
2014-12-05,0.288,51.87,8.77,18.34,24.77
2014-12-06,2.012,101.8,10.83,39.03,51.95
2014-12-07,0.352,84.53,7.98,32.87,43.68
2014-12-08,0.102,40.36,10.78,4.88,24.7
2014-12-09,0.054,21.8,14.44,0.33,7.03
2014-12-10,0.035,17.94,16.03,0.19,1.71
2014-12-11,47.49,446.83,33.71,174.26,238.86
2014-12-12,12.126,340.1,31.79,128.08,180.22
2014-12-13,0.913,73.91,10.9,26.47,36.53
2014-12-14,0.455,35.7,13.77,9.24,12.69
2014-12-15,12.038,177.12,19.45,67.39,90.29
2014-12-16,6.276,168.98,17.87,65.25,85.87
2014-12-17,3.981,114.58,13.57,43.62,57.39
2014-12-18,1.597,57.35,13.07,19.12,25.16
2014-12-19,1.821,52.55,13.08,17.04,22.42
2014-12-20,1.943,43.64,13.49,13.02,17.13
2014-12-21,0.679,22.42,13.18,3.99,5.25
2014-12-22,0.479,18.34,14.71,1.57,2.07
2014-12-23,0.4,17.38,15.16,0.9,1.32
2014-12-24,0.371,17.12,15.29,0.66,1.17
2014-12-25,0.286,16.98,15.2,0.64,1.14
2014-12-26,0.238,16.97,15.19,0.64,1.13
2014-12-27,0.235,17.15,15.36,0.65,1.14
2014-12-28,0.211,17.09,15.3,0.65,1.14
2014-12-29,0.19,17.03,15.25,0.64,1.14
2014-12-30,0.137,17.1,15.37,0.59,1.15
2014-12-31,0.066,16.34,14.8,0.5,1.04
2015-01-01,0.105,17.22,15.5,0.63,1.09
2015-01-02,0.103,16.97,15.27,0.61,1.09
2015-01-03,0.094,16.84,15.17,0.58,1.08
2015-01-04,0.084,16.76,15.13,0.56,1.07
2015-01-05,0.067,16.79,15.23,0.5,1.06
2015-01-06,0.048,16.54,15.12,0.4,1.02
2015-01-07,0.042,16.65,15.27,0.35,1.03
2015-01-08,0.038,16.6,15.33,0.25,1.02
2015-01-09,0.033,16.5,15.33,0.15,1.02
2015-01-10,0.029,16.51,15.45,0.05,1.01
2015-01-11,0.024,16.33,15.32,0.02,0.99
2015-01-12,0.021,16.51,15.51,0.01,0.99
2015-01-13,0.016,16.58,15.61,0.01,0.96
2015-01-14,0.012,16.75,15.82,0.0,0.93
2015-01-15,0.007,17.34,16.46,0.0,0.89
2015-01-16,0.002,16.47,15.73,0.0,0.77
2015-01-17,0.001,17.81,16.96,0.0,0.85
2015-01-18,0.001,20.64,19.64,0.0,0.93
2015-01-19,0.0,27.01,25.99,0.0,0.61
2015-01-20,0.0,0.0,0.0,0.0,0.0
2015-01-21,0.0,0.0,0.0,0.0,0.0
2015-01-22,0.0,0.0,0.0,0.0,0.0
2015-01-23,0.0,0.0,0.0,0.0,0.0
2015-01-24,0.0,0.0,0.0,0.0,0.0
2015-01-25,0.0,0.0,0.0,0.0,0.0
2015-01-26,0.0,0.0,0.0,0.0,0.0
2015-01-27,0.0,0.0,0.0,0.0,0.0
2015-01-28,0.0,0.0,0.0,0.0,0.0
2015-01-29,0.0,0.0,0.0,0.0,0.0
2015-01-30,0.0,0.0,0.0,0.0,0.0
2015-01-31,0.0,0.0,0.0,0.0,0.0
2015-02-01,0.0,0.0,0.0,0.0,0.0
2015-02-02,0.0,0.0,0.0,0.0,0.0
2015-02-03,0.0,0.0,0.0,0.0,0.0
2015-02-04,0.0,0.0,0.0,0.0,0.0
2015-02-05,0.0,0.0,0.0,0.0,0.0
2015-02-06,11.995,278.0,26.49,105.2,146.3
2015-02-07,7.977,177.88,15.64,69.39,92.85
2015-02-08,10.12,205.42,16.62,81.53,107.27
2015-02-09,3.355,173.27,16.67,67.62,88.98
2015-02-10,0.496,66.05,10.73,23.89,31.43
2015-02-11,0.267,29.77,13.81,5.67,10.29
2015-02-12,0.203,18.84,15.07,0.63,3.13
2015-02-13,0.171,17.56,15.38,0.65,1.53
2015-02-14,0.148,17.29,15.44,0.65,1.2
2015-02-15,0.127,17.22,15.45,0.64,1.13
2015-02-16,0.109,17.19,15.47,0.62,1.1
2015-02-17,0.096,17.18,15.5,0.6,1.09
2015-02-18,0.082,17.14,15.5,0.57,1.07
2015-02-19,0.07,17.12,15.53,0.53,1.06
2015-02-20,0.057,17.04,15.51,0.49,1.04
2015-02-21,0.045,17.0,15.53,0.44,1.03
2015-02-22,0.033,17.35,15.95,0.37,1.04
2015-02-23,0.007,13.97,13.28,0.0,0.69
2015-02-24,0.016,17.57,16.55,0.01,1.01
2015-02-25,0.015,17.62,16.62,0.01,1.0
2015-02-26,0.01,18.16,17.19,0.01,0.96
2015-02-27,0.005,19.17,18.24,0.0,0.93
2015-02-28,0.003,19.6,18.68,0.0,0.91
2015-03-01,0.002,20.1,19.17,0.0,0.93
2015-03-02,0.001,20.35,19.41,0.0,0.91
2015-03-03,0.0,23.15,24.37,0.0,0.18
2015-03-04,0.0,0.0,0.0,0.0,0.0
2015-03-05,0.0,0.0,0.0,0.0,0.0
2015-03-06,0.0,0.0,0.0,0.0,0.0
2015-03-07,0.0,0.0,0.0,0.0,0.0
2015-03-08,0.0,0.0,0.0,0.0,0.0
2015-03-09,0.0,0.0,0.0,0.0,0.0
2015-03-10,0.0,0.0,0.0,0.0,0.0
2015-03-11,0.0,0.0,0.0,0.0,0.0
2015-03-12,0.0,0.0,0.0,0.0,0.0
2015-03-13,0.0,0.0,0.0,0.0,0.0
2015-03-14,0.0,0.0,0.0,0.0,0.0
2015-03-15,0.0,0.0,0.0,0.0,0.0
2015-03-16,0.0,0.0,0.0,0.0,0.0
2015-03-17,0.0,0.0,0.0,0.0,0.0
2015-03-18,0.0,0.0,0.0,0.0,0.0
2015-03-19,0.0,0.0,0.0,0.0,0.0
2015-03-20,0.0,0.0,0.0,0.0,0.0
2015-03-21,0.0,0.0,0.0,0.0,0.0
2015-03-22,0.0,0.0,0.0,0.0,0.0
2015-03-23,0.0,0.0,0.0,0.0,0.0
2015-03-24,0.0,0.0,0.0,0.0,0.0
2015-03-25,0.0,0.0,0.0,0.0,0.0
2015-03-26,0.0,0.0,0.0,0.0,0.0
2015-03-27,0.0,0.0,0.0,0.0,0.0
2015-03-28,0.0,0.0,0.0,0.0,0.0
2015-03-29,0.0,0.0,0.0,0.0,0.0
2015-03-30,0.0,0.0,0.0,0.0,0.0
2015-03-31,0.0,0.0,0.0,0.0,0.0
2015-04-01,0.0,0.0,0.0,0.0,0.0
2015-04-02,0.0,0.0,0.0,0.0,0.0
2015-04-03,0.0,0.0,0.0,0.0,0.0
2015-04-04,0.0,0.0,0.0,0.0,0.0
2015-04-05,0.0,0.0,0.0,0.0,0.0
2015-04-06,0.0,0.0,0.0,0.0,0.0
2015-04-07,5.037,231.97,17.34,92.68,121.95
2015-04-08,0.432,148.59,6.71,61.17,80.71
2015-04-09,0.079,100.91,5.82,25.84,69.25
2015-04-10,0.016,52.6,6.59,0.0,46.0
2015-04-11,0.004,21.31,9.99,0.0,11.33
2015-04-12,0.002,16.73,14.82,0.0,1.9
2015-04-13,0.001,18.33,17.4,0.0,0.93
2015-04-14,0.001,18.94,18.04,0.0,0.89
2015-04-15,0.001,19.01,18.2,0.0,0.9
2015-04-16,0.0,19.38,18.35,0.0,0.9
2015-04-17,0.0,19.51,18.43,0.0,0.91
2015-04-18,0.0,19.91,18.76,0.0,0.91
2015-04-19,0.0,19.06,18.22,0.0,0.88
2015-04-20,0.0,21.7,20.8,0.0,0.98
2015-04-21,0.0,23.15,22.56,0.0,1.0
2015-04-22,0.0,0.0,0.0,0.0,0.0
2015-04-23,0.0,0.0,0.0,0.0,0.0
2015-04-24,0.0,0.0,0.0,0.0,0.0
2015-04-25,2.693,124.05,15.51,46.87,61.67
2015-04-26,0.225,77.06,6.21,29.86,40.98
2015-04-27,0.039,41.28,4.91,0.07,36.3
2015-04-28,0.008,23.98,5.86,0.0,18.11
2015-04-29,0.002,13.15,8.97,0.0,4.22
2015-04-30,0.001,15.12,13.9,0.0,1.09
2015-05-01,0.0,18.1,17.27,0.0,0.85
2015-05-02,0.0,18.62,18.22,0.0,0.87
2015-05-03,0.0,20.98,19.8,0.0,0.94
2015-05-04,0.0,19.68,18.9,0.0,0.89
2015-05-05,0.0,23.15,21.4,0.0,0.98
2015-05-06,0.0,11.57,12.72,0.0,0.57
2015-05-07,0.0,0.0,0.0,0.0,0.0
2015-05-08,0.0,0.0,0.0,0.0,0.0
2015-05-09,0.0,0.0,0.0,0.0,0.0
2015-05-10,0.0,0.0,0.0,0.0,0.0
2015-05-11,0.0,0.0,0.0,0.0,0.0
2015-05-12,0.0,0.0,0.0,0.0,0.0
2015-05-13,0.0,0.0,0.0,0.0,0.0
2015-05-14,2.285,161.04,19.02,61.33,80.69
2015-05-15,0.765,100.33,10.99,38.54,50.8
2015-05-16,0.098,68.26,5.18,21.0,42.08
2015-05-17,0.019,37.16,5.28,0.0,31.89
2015-05-18,0.004,17.47,7.33,0.0,10.15
2015-05-19,0.001,13.89,11.9,0.0,2.04
2015-05-20,0.001,17.1,16.22,0.0,0.89
2015-05-21,0.0,19.12,18.22,0.0,0.88
2015-05-22,0.0,19.18,18.49,0.0,0.89
2015-05-23,0.0,20.15,19.29,0.0,0.92
2015-05-24,0.0,20.58,19.51,0.0,0.92
2015-05-25,0.0,19.99,19.16,0.0,0.89
2015-05-26,0.0,23.15,21.69,0.0,1.02
2015-05-27,0.0,34.72,27.85,0.0,1.31
2015-05-28,0.0,0.0,0.0,0.0,0.0
2015-05-29,0.0,0.0,0.0,0.0,0.0
2015-05-30,0.0,0.0,0.0,0.0,0.0
2015-05-31,0.0,0.0,0.0,0.0,0.0
2015-06-01,0.0,0.0,0.0,0.0,0.0
2015-06-02,0.0,0.0,0.0,0.0,0.0
2015-06-03,0.0,0.0,0.0,0.0,0.0
2015-06-04,0.0,0.0,0.0,0.0,0.0
2015-06-05,0.0,0.0,0.0,0.0,0.0
2015-06-06,0.0,0.0,0.0,0.0,0.0
2015-06-07,0.0,0.0,0.0,0.0,0.0
2015-06-08,0.0,0.0,0.0,0.0,0.0
2015-06-09,0.0,0.0,0.0,0.0,0.0
2015-06-10,0.0,0.0,0.0,0.0,0.0
2015-06-11,0.0,0.0,0.0,0.0,0.0
2015-06-12,0.0,0.0,0.0,0.0,0.0
2015-06-13,0.0,0.0,0.0,0.0,0.0
2015-06-14,0.0,0.0,0.0,0.0,0.0
2015-06-15,0.0,0.0,0.0,0.0,0.0
2015-06-16,0.0,0.0,0.0,0.0,0.0
2015-06-17,0.0,0.0,0.0,0.0,0.0
2015-06-18,0.0,0.0,0.0,0.0,0.0
2015-06-19,0.0,0.0,0.0,0.0,0.0
2015-06-20,0.0,0.0,0.0,0.0,0.0
2015-06-21,0.0,0.0,0.0,0.0,0.0
2015-06-22,0.0,0.0,0.0,0.0,0.0
2015-06-23,0.0,0.0,0.0,0.0,0.0
2015-06-24,0.0,0.0,0.0,0.0,0.0
2015-06-25,0.0,0.0,0.0,0.0,0.0
2015-06-26,0.0,0.0,0.0,0.0,0.0
2015-06-27,0.0,0.0,0.0,0.0,0.0
2015-06-28,0.0,0.0,0.0,0.0,0.0
2015-06-29,0.0,0.0,0.0,0.0,0.0
2015-06-30,0.0,0.0,0.0,0.0,0.0
2015-07-01,0.0,0.0,0.0,0.0,0.0
2015-07-02,0.0,0.0,0.0,0.0,0.0
2015-07-03,0.0,0.0,0.0,0.0,0.0
2015-07-04,0.0,0.0,0.0,0.0,0.0
2015-07-05,0.0,0.0,0.0,0.0,0.0
2015-07-06,0.0,0.0,0.0,0.0,0.0
2015-07-07,0.0,0.0,0.0,0.0,0.0
2015-07-08,0.0,0.0,0.0,0.0,0.0
2015-07-09,0.0,0.0,0.0,0.0,0.0
2015-07-10,0.0,0.0,0.0,0.0,0.0
2015-07-11,0.0,0.0,0.0,0.0,0.0
2015-07-12,0.0,0.0,0.0,0.0,0.0
2015-07-13,0.0,0.0,0.0,0.0,0.0
2015-07-14,0.0,0.0,0.0,0.0,0.0
2015-07-15,0.0,0.0,0.0,0.0,0.0
2015-07-16,0.0,0.0,0.0,0.0,0.0
2015-07-17,0.0,0.0,0.0,0.0,0.0
2015-07-18,0.0,0.0,0.0,0.0,0.0
2015-07-19,0.0,0.0,0.0,0.0,0.0
2015-07-20,0.0,0.0,0.0,0.0,0.0
2015-07-21,0.0,0.0,0.0,0.0,0.0
2015-07-22,0.0,0.0,0.0,0.0,0.0
2015-07-23,0.0,0.0,0.0,0.0,0.0
2015-07-24,0.0,0.0,0.0,0.0,0.0
2015-07-25,0.0,0.0,0.0,0.0,0.0
2015-07-26,0.0,0.0,0.0,0.0,0.0
2015-07-27,0.0,0.0,0.0,0.0,0.0
2015-07-28,0.0,0.0,0.0,0.0,0.0
2015-07-29,0.0,0.0,0.0,0.0,0.0
2015-07-30,0.0,0.0,0.0,0.0,0.0
2015-07-31,0.0,0.0,0.0,0.0,0.0
2015-08-01,0.0,0.0,0.0,0.0,0.0
2015-08-02,0.0,0.0,0.0,0.0,0.0
2015-08-03,0.0,0.0,0.0,0.0,0.0
2015-08-04,0.0,0.0,0.0,0.0,0.0
2015-08-05,0.0,0.0,0.0,0.0,0.0
2015-08-06,0.0,0.0,0.0,0.0,0.0
2015-08-07,0.0,0.0,0.0,0.0,0.0
2015-08-08,0.0,0.0,0.0,0.0,0.0
2015-08-09,0.0,0.0,0.0,0.0,0.0
2015-08-10,0.0,0.0,0.0,0.0,0.0
2015-08-11,0.0,0.0,0.0,0.0,0.0
2015-08-12,0.0,0.0,0.0,0.0,0.0
2015-08-13,0.0,0.0,0.0,0.0,0.0
2015-08-14,0.0,0.0,0.0,0.0,0.0
2015-08-15,0.0,0.0,0.0,0.0,0.0
2015-08-16,0.0,0.0,0.0,0.0,0.0
2015-08-17,0.0,0.0,0.0,0.0,0.0
2015-08-18,0.0,0.0,0.0,0.0,0.0
2015-08-19,0.0,0.0,0.0,0.0,0.0
2015-08-20,0.0,0.0,0.0,0.0,0.0
2015-08-21,0.0,0.0,0.0,0.0,0.0
2015-08-22,0.0,0.0,0.0,0.0,0.0
2015-08-23,0.0,0.0,0.0,0.0,0.0
2015-08-24,0.0,0.0,0.0,0.0,0.0
2015-08-25,0.0,0.0,0.0,0.0,0.0
2015-08-26,0.0,0.0,0.0,0.0,0.0
2015-08-27,0.0,0.0,0.0,0.0,0.0
2015-08-28,0.0,0.0,0.0,0.0,0.0
2015-08-29,0.0,0.0,0.0,0.0,0.0
2015-08-30,0.0,0.0,0.0,0.0,0.0
2015-08-31,0.0,0.0,0.0,0.0,0.0
2015-09-01,0.0,0.0,0.0,0.0,0.0
2015-09-02,0.0,0.0,0.0,0.0,0.0
2015-09-03,0.0,0.0,0.0,0.0,0.0
2015-09-04,0.0,0.0,0.0,0.0,0.0
2015-09-05,0.0,0.0,0.0,0.0,0.0
2015-09-06,0.0,0.0,0.0,0.0,0.0
2015-09-07,0.0,0.0,0.0,0.0,0.0
2015-09-08,0.0,0.0,0.0,0.0,0.0
2015-09-09,0.0,0.0,0.0,0.0,0.0
2015-09-10,0.0,0.0,0.0,0.0,0.0
2015-09-11,0.0,0.0,0.0,0.0,0.0
2015-09-12,0.0,0.0,0.0,0.0,0.0
2015-09-13,0.0,0.0,0.0,0.0,0.0
2015-09-14,0.0,0.0,0.0,0.0,0.0
2015-09-15,0.0,0.0,0.0,0.0,0.0
2015-09-16,0.0,0.0,0.0,0.0,0.0
2015-09-17,0.0,0.0,0.0,0.0,0.0
2015-09-18,0.0,0.0,0.0,0.0,0.0
2015-09-19,0.0,0.0,0.0,0.0,0.0
2015-09-20,0.0,0.0,0.0,0.0,0.0
2015-09-21,0.0,0.0,0.0,0.0,0.0
2015-09-22,0.0,0.0,0.0,0.0,0.0
2015-09-23,0.0,0.0,0.0,0.0,0.0
2015-09-24,0.0,0.0,0.0,0.0,0.0
2015-09-25,0.0,0.0,0.0,0.0,0.0
2015-09-26,0.0,0.0,0.0,0.0,0.0
2015-09-27,0.0,0.0,0.0,0.0,0.0
2015-09-28,0.0,0.0,0.0,0.0,0.0
2015-09-29,0.0,0.0,0.0,0.0,0.0
2015-09-30,0.0,0.0,0.0,0.0,0.0
2015-10-01,0.0,0.0,0.0,0.0,0.0
2015-10-02,0.0,0.0,0.0,0.0,0.0
2015-10-03,0.0,0.0,0.0,0.0,0.0
2015-10-04,0.0,0.0,0.0,0.0,0.0
2015-10-05,0.0,0.0,0.0,0.0,0.0
2015-10-06,0.0,0.0,0.0,0.0,0.0
2015-10-07,0.0,0.0,0.0,0.0,0.0
2015-10-08,0.0,0.0,0.0,0.0,0.0
2015-10-09,0.0,0.0,0.0,0.0,0.0
2015-10-10,0.0,0.0,0.0,0.0,0.0
2015-10-11,0.0,0.0,0.0,0.0,0.0
2015-10-12,0.0,0.0,0.0,0.0,0.0
2015-10-13,0.0,0.0,0.0,0.0,0.0
2015-10-14,0.0,0.0,0.0,0.0,0.0
2015-10-15,0.0,0.0,0.0,0.0,0.0
2015-10-16,0.0,0.0,0.0,0.0,0.0
2015-10-17,0.0,0.0,0.0,0.0,0.0
2015-10-18,0.0,0.0,0.0,0.0,0.0
2015-10-19,0.0,0.0,0.0,0.0,0.0
2015-10-20,0.0,0.0,0.0,0.0,0.0
2015-10-21,0.0,0.0,0.0,0.0,0.0
2015-10-22,0.0,0.0,0.0,0.0,0.0
2015-10-23,0.0,0.0,0.0,0.0,0.0
2015-10-24,0.0,0.0,0.0,0.0,0.0
2015-10-25,0.0,0.0,0.0,0.0,0.0
2015-10-26,0.0,0.0,0.0,0.0,0.0
2015-10-27,0.0,0.0,0.0,0.0,0.0
2015-10-28,0.0,0.0,0.0,0.0,0.0
2015-10-29,0.0,0.0,0.0,0.0,0.0
2015-10-30,0.0,0.0,0.0,0.0,0.0
2015-10-31,0.0,0.0,0.0,0.0,0.0
2015-11-01,0.0,0.0,0.0,0.0,0.0
2015-11-02,17.128,390.49,25.97,155.4,209.12
2015-11-03,0.775,235.61,7.67,97.86,130.09
2015-11-04,0.134,183.53,5.97,66.42,111.14
2015-11-05,0.034,77.41,9.01,0.0,68.4
2015-11-06,0.014,27.82,13.92,0.0,13.9
2015-11-07,0.009,18.85,16.92,0.0,1.92
2015-11-08,0.007,18.81,17.82,0.0,0.98
2015-11-09,2.573,127.45,14.48,48.78,64.19
2015-11-10,0.496,102.76,8.2,40.77,53.79
2015-11-11,0.083,70.93,5.96,18.29,46.68
2015-11-12,0.021,34.73,8.87,0.0,25.86
2015-11-13,0.008,18.57,13.7,0.0,4.86
2015-11-14,0.005,17.98,16.81,0.0,1.16
2015-11-15,3.178,138.86,14.61,53.65,70.6
2015-11-16,0.395,102.85,6.94,41.32,54.59
2015-11-17,0.071,66.8,5.74,14.18,46.88
2015-11-18,0.017,33.5,8.56,0.0,24.94
2015-11-19,0.007,18.02,13.42,0.0,4.61
2015-11-20,0.004,17.82,16.66,0.0,1.14
2015-11-21,0.003,18.67,17.78,0.0,0.9
2015-11-22,0.002,18.95,18.05,0.0,0.91
2015-11-23,0.002,18.99,18.03,0.0,0.9
2015-11-24,0.002,19.03,18.1,0.0,0.91
2015-11-25,1.354,88.44,13.77,32.07,42.6
2015-11-26,0.123,77.9,7.1,24.79,46.01
2015-11-27,0.022,43.24,6.05,0.0,37.2
2015-11-28,0.006,20.19,9.16,0.0,11.03
2015-11-29,0.002,16.1,14.15,0.0,1.93
2015-11-30,0.002,18.12,17.24,0.0,0.93
2015-12-01,0.001,18.87,18.06,0.0,0.89
2015-12-02,0.001,19.16,18.24,0.0,0.9
2015-12-03,0.001,19.24,18.34,0.0,0.91
2015-12-04,0.001,19.18,18.2,0.0,0.9
2015-12-05,0.001,19.22,18.48,0.0,0.9
2015-12-06,0.0,18.62,17.78,0.0,0.88
2015-12-07,0.0,19.03,18.18,0.0,0.9
2015-12-08,0.0,19.39,18.48,0.0,0.91
2015-12-09,0.0,18.9,18.01,0.0,0.88
2015-12-10,0.019,0.15,0.15,0.0,0.01
2015-12-11,1.639,85.57,12.17,31.66,41.74
2015-12-12,0.207,71.62,5.91,27.44,38.27
2015-12-13,3.669,260.94,15.29,105.92,139.74
2015-12-14,0.614,172.42,7.78,70.9,93.74
2015-12-15,0.101,127.07,5.28,41.24,80.55
2015-12-16,0.022,60.63,7.05,0.0,53.58
2015-12-17,0.007,24.23,11.13,0.0,13.1
2015-12-18,0.003,17.48,15.46,0.0,2.01
2015-12-19,0.504,57.82,16.17,17.68,23.98
2015-12-20,0.061,22.47,10.15,2.01,10.31
2015-12-21,4.098,115.96,14.82,43.67,57.47
2015-12-22,10.644,125.08,20.03,45.36,59.69
2015-12-23,0.597,66.96,7.54,25.64,33.78
2015-12-24,2.252,87.11,12.55,32.19,42.37
2015-12-25,0.521,61.57,8.46,22.91,30.21
2015-12-26,0.099,38.38,7.55,9.02,21.8
2015-12-27,0.034,21.44,11.96,0.01,9.48
2015-12-28,0.02,17.59,15.66,0.01,1.92
2015-12-29,0.016,17.98,16.95,0.01,1.03
2015-12-30,0.014,18.23,17.25,0.01,0.98
2015-12-31,0.011,18.74,17.77,0.0,0.96
2016-01-01,0.008,19.35,18.4,0.0,0.95
2016-01-02,0.004,18.99,18.07,0.0,0.9
2016-01-03,0.003,18.97,18.07,0.0,0.9
2016-01-04,0.002,18.88,17.97,0.0,0.91
2016-01-05,10.584,278.19,20.85,109.4,147.94
2016-01-06,8.128,231.57,17.45,92.43,121.69
2016-01-07,1.082,97.04,10.55,37.35,49.14
2016-01-08,0.176,74.84,7.81,26.21,40.82
2016-01-09,0.054,32.78,11.44,0.03,21.32
2016-01-10,0.034,19.44,15.42,0.05,3.96
2016-01-11,0.024,17.99,16.72,0.02,1.25
2016-01-12,0.02,18.24,17.18,0.02,1.05
2016-01-13,0.009,17.54,16.66,0.0,0.88
2016-01-14,0.014,18.24,17.24,0.01,1.0
2016-01-15,0.013,18.06,17.08,0.01,0.98
2016-01-16,1.009,74.43,13.18,26.45,34.81
2016-01-17,1.917,70.15,7.35,26.96,35.84
2016-01-18,12.979,291.16,25.97,110.96,154.23
2016-01-19,9.974,188.71,18.88,73.33,96.5
2016-01-20,0.796,114.49,8.62,45.72,60.15
2016-01-21,0.199,69.74,10.08,22.79,36.86
2016-01-22,0.198,23.65,8.89,3.83,10.92
2016-01-23,1.329,63.33,16.95,19.94,26.44
2016-01-24,0.325,33.14,10.88,9.38,12.88
2016-01-25,0.107,19.04,12.7,0.47,5.87
2016-01-26,0.074,18.05,15.56,0.56,1.93
2016-01-27,0.059,17.98,16.3,0.54,1.14
2016-01-28,0.051,18.22,16.64,0.52,1.07
2016-01-29,0.044,18.34,16.82,0.46,1.06
2016-01-30,0.028,18.32,17.02,0.27,1.03
2016-01-31,0.026,18.38,17.11,0.21,1.06
2016-02-01,0.016,17.64,16.66,0.01,0.97
2016-02-02,0.026,18.32,17.18,0.06,1.07
2016-02-03,0.023,18.29,17.18,0.05,1.05
2016-02-04,0.02,18.18,17.11,0.03,1.04
2016-02-05,0.016,18.32,17.29,0.01,1.02
2016-02-06,0.012,18.98,17.97,0.01,1.01
2016-02-07,0.008,19.68,18.69,0.0,0.98
2016-02-08,0.002,21.6,20.68,0.0,0.95
2016-02-09,0.001,19.73,18.81,0.0,0.93
2016-02-10,0.0,20.83,19.97,0.0,0.9
2016-02-11,0.0,11.57,11.84,0.0,0.08
2016-02-12,0.0,0.0,0.0,0.0,0.0
2016-02-13,0.0,0.0,0.0,0.0,0.0
2016-02-14,0.0,0.0,0.0,0.0,0.0
2016-02-15,0.0,0.0,0.0,0.0,0.0
2016-02-16,0.0,0.0,0.0,0.0,0.0
2016-02-17,0.609,101.65,12.91,38.3,50.44
2016-02-18,2.591,83.89,14.19,30.08,39.62
2016-02-19,0.256,47.13,6.67,17.25,23.2
2016-02-20,0.052,25.06,7.03,0.24,17.78
2016-02-21,0.014,18.1,10.88,0.0,7.22
2016-02-22,0.004,15.75,13.94,0.0,1.82
2016-02-23,0.002,17.07,16.19,0.0,0.9
2016-02-24,0.001,18.92,17.97,0.0,0.87
2016-02-25,0.001,19.44,18.64,0.0,0.9
2016-02-26,0.001,19.74,18.87,0.0,0.9
2016-02-27,0.0,19.51,18.82,0.0,0.91
2016-02-28,0.0,19.44,18.47,0.0,0.88
2016-02-29,0.0,20.83,19.67,0.0,0.93
2016-03-01,0.0,19.84,18.45,0.0,0.86
2016-03-02,0.0,23.15,22.81,0.0,1.04
2016-03-03,0.0,0.0,0.0,0.0,0.0
2016-03-04,0.041,29.0,17.32,4.97,6.71
2016-03-05,13.329,228.14,23.07,86.85,118.21
2016-03-06,10.84,222.03,19.73,85.91,116.39
2016-03-07,10.337,259.02,25.35,98.09,135.57
2016-03-08,0.702,77.79,9.61,29.41,38.77
2016-03-09,0.213,43.7,11.78,11.53,20.38
2016-03-10,0.191,27.01,11.39,5.12,10.5
2016-03-11,4.176,87.08,11.72,32.52,42.84
2016-03-12,1.32,67.25,11.16,24.22,31.88
2016-03-13,7.088,104.64,16.04,38.26,50.34
2016-03-14,1.151,56.14,10.2,19.84,26.1
2016-03-15,0.283,34.87,10.71,9.91,14.25
2016-03-16,0.15,20.04,14.27,0.57,5.19
2016-03-17,0.111,18.29,15.75,0.63,1.91
2016-03-18,0.089,17.96,16.17,0.61,1.18
2016-03-19,0.074,17.91,16.24,0.59,1.08
2016-03-20,0.064,17.95,16.32,0.56,1.07
2016-03-21,0.053,18.09,16.49,0.53,1.06
2016-03-22,0.158,32.22,18.15,6.01,8.07
2016-03-23,0.048,18.56,16.84,0.55,1.18
2016-03-24,0.039,18.13,16.63,0.45,1.05
2016-03-25,0.031,18.27,16.88,0.34,1.05
2016-03-26,0.024,18.47,17.31,0.11,1.05
2016-03-27,0.017,19.31,18.23,0.03,1.06
2016-03-28,0.009,19.78,18.77,0.01,1.0
2016-03-29,0.007,20.02,19.03,0.0,1.0
2016-03-30,0.004,20.77,19.79,0.0,0.97
2016-03-31,0.001,21.12,20.23,0.0,0.9
2016-04-01,0.0,23.15,28.61,0.0,0.2
2016-04-02,0.0,0.0,0.0,0.0,0.0
2016-04-03,0.0,0.0,0.0,0.0,0.0
2016-04-04,0.0,0.0,0.0,0.0,0.0
2016-04-05,0.0,0.0,0.0,0.0,0.0
2016-04-06,0.0,0.0,0.0,0.0,0.0
2016-04-07,0.0,0.0,0.0,0.0,0.0
2016-04-08,0.781,83.11,10.3,31.43,41.38
2016-04-09,5.489,103.89,15.36,38.22,50.31
2016-04-10,5.884,99.86,16.02,36.2,47.64
2016-04-11,0.45,60.66,7.72,22.84,30.1
2016-04-12,0.113,35.89,9.68,7.18,19.04
2016-04-13,0.045,21.72,14.11,0.3,7.31
2016-04-14,0.015,17.83,15.69,0.0,2.14
2016-04-15,0.014,19.34,18.24,0.01,1.08
2016-04-16,0.01,19.85,18.84,0.01,1.01
2016-04-17,0.005,20.41,19.44,0.0,0.98
2016-04-18,0.002,19.48,18.58,0.0,0.9
2016-04-19,0.001,19.32,18.4,0.0,0.89
2016-04-20,0.001,19.5,18.53,0.0,0.9
2016-04-21,0.001,19.08,18.3,0.0,0.9
2016-04-22,2.168,169.63,16.51,66.12,87.0
2016-04-23,0.377,88.97,9.05,34.38,45.54
2016-04-24,0.057,48.86,5.34,6.27,37.25
2016-04-25,0.012,27.79,6.53,0.0,21.27
2016-04-26,0.003,15.13,10.12,0.0,5.03
2016-04-27,0.001,15.69,14.45,0.0,1.21
2016-04-28,0.001,18.73,17.73,0.0,0.88
2016-04-29,0.0,19.61,18.79,0.0,0.9
2016-04-30,0.0,20.48,19.55,0.0,0.91
2016-05-01,0.0,21.04,20.41,0.0,0.96
2016-05-02,0.0,19.29,18.34,0.0,0.83
2016-05-03,0.0,0.0,0.0,0.0,0.0
2016-05-04,0.0,0.0,0.0,0.0,0.0
2016-05-05,0.0,0.0,0.0,0.0,0.0
2016-05-06,0.0,0.0,0.0,0.0,0.0
2016-05-07,0.0,0.0,0.0,0.0,0.0
2016-05-08,0.0,0.0,0.0,0.0,0.0
2016-05-09,0.0,0.0,0.0,0.0,0.0
2016-05-10,0.0,0.0,0.0,0.0,0.0
2016-05-11,0.0,0.0,0.0,0.0,0.0
2016-05-12,0.0,0.0,0.0,0.0,0.0
2016-05-13,0.0,0.0,0.0,0.0,0.0
2016-05-14,0.0,0.0,0.0,0.0,0.0
2016-05-15,0.0,0.0,0.0,0.0,0.0
2016-05-16,0.0,0.0,0.0,0.0,0.0
2016-05-17,0.0,0.0,0.0,0.0,0.0
2016-05-18,0.0,0.0,0.0,0.0,0.0
2016-05-19,0.0,0.0,0.0,0.0,0.0
2016-05-20,0.0,0.0,0.0,0.0,0.0
2016-05-21,0.0,0.0,0.0,0.0,0.0
2016-05-22,0.0,0.0,0.0,0.0,0.0
2016-05-23,0.0,0.0,0.0,0.0,0.0
2016-05-24,0.0,0.0,0.0,0.0,0.0
2016-05-25,0.0,0.0,0.0,0.0,0.0
2016-05-26,0.0,0.0,0.0,0.0,0.0
2016-05-27,0.0,0.0,0.0,0.0,0.0
2016-05-28,0.0,0.0,0.0,0.0,0.0
2016-05-29,0.0,0.0,0.0,0.0,0.0
2016-05-30,0.0,0.0,0.0,0.0,0.0
2016-05-31,0.0,0.0,0.0,0.0,0.0
2016-06-01,0.0,0.0,0.0,0.0,0.0
2016-06-02,0.0,0.0,0.0,0.0,0.0
2016-06-03,0.0,0.0,0.0,0.0,0.0
2016-06-04,0.0,0.0,0.0,0.0,0.0
2016-06-05,0.0,0.0,0.0,0.0,0.0
2016-06-06,0.0,0.0,0.0,0.0,0.0
2016-06-07,0.0,0.0,0.0,0.0,0.0
2016-06-08,0.0,0.0,0.0,0.0,0.0
2016-06-09,0.0,0.0,0.0,0.0,0.0
2016-06-10,0.0,0.0,0.0,0.0,0.0
2016-06-11,0.0,0.0,0.0,0.0,0.0
2016-06-12,0.0,0.0,0.0,0.0,0.0
2016-06-13,0.0,0.0,0.0,0.0,0.0
2016-06-14,0.0,0.0,0.0,0.0,0.0
2016-06-15,0.0,0.0,0.0,0.0,0.0
2016-06-16,0.0,0.0,0.0,0.0,0.0
2016-06-17,0.0,0.0,0.0,0.0,0.0
2016-06-18,0.0,0.0,0.0,0.0,0.0
2016-06-19,0.0,0.0,0.0,0.0,0.0
2016-06-20,0.0,0.0,0.0,0.0,0.0
2016-06-21,0.0,0.0,0.0,0.0,0.0
2016-06-22,0.0,0.0,0.0,0.0,0.0
2016-06-23,0.0,0.0,0.0,0.0,0.0
2016-06-24,0.0,0.0,0.0,0.0,0.0
2016-06-25,0.0,0.0,0.0,0.0,0.0
2016-06-26,0.0,0.0,0.0,0.0,0.0
2016-06-27,0.0,0.0,0.0,0.0,0.0
2016-06-28,0.0,0.0,0.0,0.0,0.0
2016-06-29,0.0,0.0,0.0,0.0,0.0
2016-06-30,0.0,0.0,0.0,0.0,0.0
2016-07-01,0.0,0.0,0.0,0.0,0.0
2016-07-02,0.0,0.0,0.0,0.0,0.0
2016-07-03,0.0,0.0,0.0,0.0,0.0
2016-07-04,0.0,0.0,0.0,0.0,0.0
2016-07-05,0.0,0.0,0.0,0.0,0.0
2016-07-06,0.0,0.0,0.0,0.0,0.0
2016-07-07,0.0,0.0,0.0,0.0,0.0
2016-07-08,0.0,0.0,0.0,0.0,0.0
2016-07-09,0.0,0.0,0.0,0.0,0.0
2016-07-10,0.0,0.0,0.0,0.0,0.0
2016-07-11,0.0,0.0,0.0,0.0,0.0
2016-07-12,0.0,0.0,0.0,0.0,0.0
2016-07-13,0.0,0.0,0.0,0.0,0.0
2016-07-14,0.0,0.0,0.0,0.0,0.0
2016-07-15,0.0,0.0,0.0,0.0,0.0
2016-07-16,0.0,0.0,0.0,0.0,0.0
2016-07-17,0.0,0.0,0.0,0.0,0.0
2016-07-18,0.0,0.0,0.0,0.0,0.0
2016-07-19,0.0,0.0,0.0,0.0,0.0
2016-07-20,0.0,0.0,0.0,0.0,0.0
2016-07-21,0.0,0.0,0.0,0.0,0.0
2016-07-22,0.0,0.0,0.0,0.0,0.0
2016-07-23,0.0,0.0,0.0,0.0,0.0
2016-07-24,0.0,0.0,0.0,0.0,0.0
2016-07-25,0.0,0.0,0.0,0.0,0.0
2016-07-26,0.0,0.0,0.0,0.0,0.0
2016-07-27,0.0,0.0,0.0,0.0,0.0
2016-07-28,0.0,0.0,0.0,0.0,0.0
2016-07-29,0.0,0.0,0.0,0.0,0.0
2016-07-30,0.0,0.0,0.0,0.0,0.0
2016-07-31,0.0,0.0,0.0,0.0,0.0
2016-08-01,0.0,0.0,0.0,0.0,0.0
2016-08-02,0.0,0.0,0.0,0.0,0.0
2016-08-03,0.0,0.0,0.0,0.0,0.0
2016-08-04,0.0,0.0,0.0,0.0,0.0
2016-08-05,0.0,0.0,0.0,0.0,0.0
2016-08-06,0.0,0.0,0.0,0.0,0.0
2016-08-07,0.0,0.0,0.0,0.0,0.0
2016-08-08,0.0,0.0,0.0,0.0,0.0
2016-08-09,0.0,0.0,0.0,0.0,0.0
2016-08-10,0.0,0.0,0.0,0.0,0.0
2016-08-11,0.0,0.0,0.0,0.0,0.0
2016-08-12,0.0,0.0,0.0,0.0,0.0
2016-08-13,0.0,0.0,0.0,0.0,0.0
2016-08-14,0.0,0.0,0.0,0.0,0.0
2016-08-15,0.0,0.0,0.0,0.0,0.0
2016-08-16,0.0,0.0,0.0,0.0,0.0
2016-08-17,0.0,0.0,0.0,0.0,0.0
2016-08-18,0.0,0.0,0.0,0.0,0.0
2016-08-19,0.0,0.0,0.0,0.0,0.0
2016-08-20,0.0,0.0,0.0,0.0,0.0
2016-08-21,0.0,0.0,0.0,0.0,0.0
2016-08-22,0.0,0.0,0.0,0.0,0.0
2016-08-23,0.0,0.0,0.0,0.0,0.0
2016-08-24,0.0,0.0,0.0,0.0,0.0
2016-08-25,0.0,0.0,0.0,0.0,0.0
2016-08-26,0.0,0.0,0.0,0.0,0.0
2016-08-27,0.0,0.0,0.0,0.0,0.0
2016-08-28,0.0,0.0,0.0,0.0,0.0
2016-08-29,0.0,0.0,0.0,0.0,0.0
2016-08-30,0.0,0.0,0.0,0.0,0.0
2016-08-31,0.0,0.0,0.0,0.0,0.0
2016-09-01,0.0,0.0,0.0,0.0,0.0
2016-09-02,0.0,0.0,0.0,0.0,0.0
2016-09-03,0.0,0.0,0.0,0.0,0.0
2016-09-04,0.0,0.0,0.0,0.0,0.0
2016-09-05,0.0,0.0,0.0,0.0,0.0
2016-09-06,0.0,0.0,0.0,0.0,0.0
2016-09-07,0.0,0.0,0.0,0.0,0.0
2016-09-08,0.0,0.0,0.0,0.0,0.0
2016-09-09,0.0,0.0,0.0,0.0,0.0
2016-09-10,0.0,0.0,0.0,0.0,0.0
2016-09-11,0.0,0.0,0.0,0.0,0.0
2016-09-12,0.0,0.0,0.0,0.0,0.0
2016-09-13,0.0,0.0,0.0,0.0,0.0
2016-09-14,0.0,0.0,0.0,0.0,0.0
2016-09-15,0.0,0.0,0.0,0.0,0.0
2016-09-16,0.0,0.0,0.0,0.0,0.0
2016-09-17,0.0,0.0,0.0,0.0,0.0
2016-09-18,0.0,0.0,0.0,0.0,0.0
2016-09-19,0.0,0.0,0.0,0.0,0.0
2016-09-20,0.0,0.0,0.0,0.0,0.0
2016-09-21,0.0,0.0,0.0,0.0,0.0
2016-09-22,0.0,0.0,0.0,0.0,0.0
2016-09-23,0.0,0.0,0.0,0.0,0.0
2016-09-24,0.0,0.0,0.0,0.0,0.0
2016-09-25,0.0,0.0,0.0,0.0,0.0
2016-09-26,0.0,0.0,0.0,0.0,0.0
2016-09-27,0.0,0.0,0.0,0.0,0.0
2016-09-28,0.0,0.0,0.0,0.0,0.0
2016-09-29,0.0,0.0,0.0,0.0,0.0
2016-09-30,0.0,0.0,0.0,0.0,0.0
2016-10-01,0.0,0.0,0.0,0.0,0.0
2016-10-02,0.0,0.0,0.0,0.0,0.0
2016-10-03,0.0,0.0,0.0,0.0,0.0
2016-10-04,0.0,0.0,0.0,0.0,0.0
2016-10-05,0.0,0.0,0.0,0.0,0.0
2016-10-06,0.0,0.0,0.0,0.0,0.0
2016-10-07,0.0,0.0,0.0,0.0,0.0
2016-10-08,0.0,0.0,0.0,0.0,0.0
2016-10-09,0.0,0.0,0.0,0.0,0.0
2016-10-10,0.0,0.0,0.0,0.0,0.0
2016-10-11,0.0,0.0,0.0,0.0,0.0
2016-10-12,0.0,0.0,0.0,0.0,0.0
2016-10-13,0.0,0.0,0.0,0.0,0.0
2016-10-14,0.0,0.0,0.0,0.0,0.0
2016-10-15,0.659,56.43,9.96,20.07,26.4
2016-10-16,8.137,115.63,15.55,43.22,56.86
2016-10-17,1.056,85.64,9.65,32.8,43.19
2016-10-18,0.147,69.41,5.17,25.21,39.02
2016-10-19,0.03,36.15,6.17,0.0,29.97
2016-10-20,0.008,19.37,9.83,0.0,9.54
2016-10-21,0.004,16.37,14.65,0.0,1.72
2016-10-22,0.003,17.94,17.0,0.0,0.92
2016-10-23,0.002,18.57,17.67,0.0,0.89
2016-10-24,0.002,18.77,17.86,0.0,0.89
2016-10-25,0.002,18.61,17.67,0.0,0.91
2016-10-26,0.001,18.83,17.96,0.0,0.88
2016-10-27,1.062,88.95,8.51,34.73,45.7
2016-10-28,9.795,149.48,19.92,55.95,73.61
2016-10-29,0.533,92.28,6.9,36.82,48.56
2016-10-30,0.615,64.74,11.63,22.07,31.04
2016-10-31,0.161,47.78,7.95,14.16,25.67
2016-11-01,0.033,25.79,8.22,0.0,17.57
2016-11-02,0.013,17.47,13.23,0.0,4.24
2016-11-03,0.007,17.56,16.39,0.0,1.16
2016-11-04,0.005,18.65,17.73,0.0,0.92
2016-11-05,0.004,18.96,18.04,0.0,0.92
2016-11-06,0.004,18.99,18.09,0.0,0.92
2016-11-07,0.003,19.06,18.12,0.0,0.91
2016-11-08,0.003,19.04,18.13,0.0,0.91
2016-11-09,0.002,19.07,18.14,0.0,0.91
2016-11-10,0.002,19.0,18.07,0.0,0.9
2016-11-11,0.001,18.96,18.07,0.0,0.9
2016-11-12,0.001,18.89,18.05,0.0,0.9
2016-11-13,0.001,18.99,18.07,0.0,0.9
2016-11-14,0.001,18.76,17.99,0.0,0.89
2016-11-15,0.001,18.95,18.1,0.0,0.89
2016-11-16,0.001,18.98,17.88,0.0,0.88
2016-11-17,0.0,19.12,18.21,0.0,0.91
2016-11-18,0.0,19.96,19.03,0.0,0.91
2016-11-19,0.0,17.89,17.61,0.0,0.88
2016-11-20,2.246,172.62,15.75,67.72,89.14
2016-11-21,0.78,125.01,10.44,49.4,65.16
2016-11-22,0.105,89.21,5.23,29.11,54.87
2016-11-23,0.021,46.29,5.93,0.0,40.35
2016-11-24,0.006,20.6,9.73,0.0,10.87
2016-11-25,0.003,16.29,14.46,0.0,1.85
2016-11-26,2.288,66.15,11.42,23.63,31.09
2016-11-27,4.873,103.74,16.28,37.77,49.7
2016-11-28,0.343,60.2,6.23,23.25,30.72
2016-11-29,0.067,37.43,6.25,5.9,25.28
2016-11-30,0.019,21.64,10.11,0.0,11.53
2016-12-01,0.008,17.17,14.92,0.0,2.24
2016-12-02,0.005,18.1,17.12,0.0,0.97
2016-12-03,0.004,18.85,17.96,0.0,0.91
2016-12-04,0.003,19.1,18.19,0.0,0.91
2016-12-05,0.003,19.15,18.25,0.0,0.91
2016-12-06,0.002,19.14,18.25,0.0,0.91
2016-12-07,0.002,19.19,18.27,0.0,0.91
2016-12-08,0.002,19.06,18.14,0.0,0.91
2016-12-09,0.002,19.06,18.18,0.0,0.91
2016-12-10,7.407,219.66,18.97,86.63,114.05
2016-12-11,1.137,140.99,9.99,56.55,74.46
2016-12-12,0.157,116.49,5.49,44.07,66.94
2016-12-13,0.035,55.44,7.26,0.0,48.19
2016-12-14,0.012,24.82,11.92,0.0,12.9
2016-12-15,3.956,156.87,17.04,60.38,79.45
2016-12-16,2.292,121.6,14.33,46.32,60.95
2016-12-17,0.219,87.45,5.87,34.35,47.22
2016-12-18,0.049,41.82,7.69,0.05,34.07
2016-12-19,0.015,23.45,11.84,0.0,11.61
2016-12-20,0.008,17.75,15.75,0.0,2.0
2016-12-21,0.005,18.39,17.43,0.0,0.96
2016-12-22,0.004,18.8,17.89,0.0,0.92
2016-12-23,5.607,244.74,15.96,98.79,129.99
2016-12-24,0.755,139.62,8.54,56.57,74.51
2016-12-25,0.125,108.87,5.96,37.6,65.3
2016-12-26,0.029,50.6,8.36,0.0,42.24
2016-12-27,0.011,22.47,13.18,0.0,9.28
2016-12-28,0.006,17.96,16.33,0.0,1.63
2016-12-29,0.004,18.59,17.66,0.0,0.94
2016-12-30,0.003,18.92,18.02,0.0,0.91
2016-12-31,0.003,18.97,18.06,0.0,0.92
2017-01-01,0.002,18.94,18.04,0.0,0.9
2017-01-02,0.002,18.84,17.95,0.0,0.9
2017-01-03,1.87,94.39,11.31,35.87,47.2
2017-01-04,4.927,69.64,11.69,25.02,32.92
2017-01-05,2.092,92.15,13.7,33.88,44.57
2017-01-06,0.207,59.33,6.03,22.19,31.11
2017-01-07,1.023,90.63,8.82,34.88,46.93
2017-01-08,13.716,162.62,18.95,61.98,81.68
2017-01-09,4.605,124.59,15.02,47.31,62.26
2017-01-10,13.193,156.27,19.75,58.73,77.79
2017-01-11,3.046,134.03,13.83,51.7,68.5
2017-01-12,2.125,106.38,12.31,40.62,53.45
2017-01-13,0.383,68.44,9.32,25.53,33.59
2017-01-14,0.151,30.1,12.71,3.46,13.92
2017-01-15,0.102,19.83,15.11,0.61,4.1
2017-01-16,0.082,17.86,15.79,0.61,1.46
2017-01-17,0.069,17.64,15.97,0.57,1.1
2017-01-18,3.704,160.14,16.16,62.17,81.8
2017-01-19,4.838,162.06,13.59,64.11,84.36
2017-01-20,17.321,195.93,21.33,74.58,100.02
2017-01-21,3.311,65.19,12.89,22.57,29.73
2017-01-22,9.042,146.68,17.04,55.98,73.66
2017-01-23,3.872,68.66,12.52,24.24,31.89
2017-01-24,1.132,36.01,11.93,10.39,13.68
2017-01-25,0.498,22.86,13.92,3.86,5.08
2017-01-26,0.356,18.67,15.58,1.04,2.04
2017-01-27,0.295,18.04,16.04,0.69,1.32
2017-01-28,0.251,17.91,16.05,0.69,1.17
2017-01-29,0.212,17.79,15.97,0.68,1.14
2017-01-30,0.184,17.73,15.91,0.68,1.14
2017-01-31,0.164,17.72,15.91,0.68,1.13
2017-02-01,0.141,17.84,16.03,0.69,1.12
2017-02-02,0.125,17.95,16.15,0.7,1.1
2017-02-03,1.638,115.39,14.0,43.78,57.61
2017-02-04,0.326,48.23,10.69,16.02,21.51
2017-02-05,0.604,27.0,6.14,8.29,12.57
2017-02-06,4.055,116.32,13.31,44.46,58.55
2017-02-07,8.311,116.07,16.2,43.13,56.75
2017-02-08,2.134,72.44,11.72,26.22,34.49
2017-02-09,9.347,157.81,19.78,59.6,78.42
2017-02-10,3.893,81.0,13.52,29.14,38.34
2017-02-11,0.843,36.31,12.62,10.23,13.45
2017-02-12,0.522,22.47,15.03,3.09,4.35
2017-02-13,0.431,18.41,15.88,0.76,1.78
2017-02-14,0.357,17.93,15.98,0.69,1.26
2017-02-15,0.354,17.82,15.96,0.69,1.16
2017-02-16,0.293,17.71,15.9,0.68,1.14
2017-02-17,9.88,181.46,22.19,68.12,91.15
2017-02-18,5.2,112.52,15.75,41.45,55.32
2017-02-19,0.972,39.32,12.76,11.47,15.1
2017-02-20,30.671,257.68,27.86,96.44,133.39
2017-02-21,9.706,109.37,16.53,39.77,53.06
2017-02-22,3.322,41.56,14.44,11.7,15.42
2017-02-23,2.059,21.17,15.14,2.6,3.43
2017-02-24,1.674,18.27,15.45,1.22,1.6
2017-02-25,1.447,17.6,15.44,0.93,1.23
2017-02-26,1.178,17.39,15.36,0.88,1.15
2017-02-27,0.979,17.32,15.32,0.87,1.14
2017-02-28,0.813,17.27,15.27,0.86,1.14
2017-03-01,0.674,17.22,15.22,0.86,1.14
2017-03-02,0.55,17.16,15.16,0.86,1.14
2017-03-03,0.463,17.09,15.11,0.83,1.14
2017-03-04,0.375,16.79,14.93,0.74,1.13
2017-03-05,2.922,81.18,12.46,29.67,39.05
2017-03-06,0.937,38.76,12.45,11.36,14.95
2017-03-07,0.45,23.03,13.76,4.0,5.27
2017-03-08,0.307,18.0,14.57,1.31,2.12
2017-03-09,0.246,16.76,14.8,0.62,1.34
2017-03-10,0.201,16.59,14.8,0.62,1.18
2017-03-11,0.159,16.49,14.75,0.6,1.15
2017-03-12,0.126,16.37,14.67,0.57,1.13
2017-03-13,0.102,16.25,14.6,0.53,1.12
2017-03-14,0.081,16.1,14.52,0.49,1.09
2017-03-15,0.062,15.9,14.4,0.45,1.05
2017-03-16,0.048,15.71,14.31,0.38,1.02
2017-03-17,0.037,15.46,14.23,0.22,1.0
2017-03-18,0.024,14.84,13.88,0.02,0.95
2017-03-19,0.018,14.83,13.9,0.01,0.92
2017-03-20,0.071,21.36,7.11,6.08,8.17
2017-03-21,2.609,92.12,12.5,34.36,45.25
2017-03-22,9.164,219.43,19.16,86.48,113.79
2017-03-23,0.719,89.07,9.96,34.16,44.95
2017-03-24,0.585,34.92,11.37,10.17,13.38
2017-03-25,0.508,27.23,13.39,5.98,7.86
2017-03-26,0.252,18.15,14.63,0.94,2.58
2017-03-27,0.168,17.48,15.37,0.63,1.47
2017-03-28,0.122,17.24,15.45,0.6,1.19
2017-03-29,0.1,17.28,15.59,0.59,1.11
2017-03-30,0.075,17.32,15.68,0.56,1.07
2017-03-31,0.048,16.9,15.41,0.45,1.03
2017-04-01,0.042,16.9,15.49,0.38,1.03
2017-04-02,0.035,17.24,15.87,0.34,1.03
2017-04-03,0.021,17.16,16.13,0.03,1.0
2017-04-04,0.013,17.73,16.76,0.01,0.96
2017-04-05,0.005,19.6,18.69,0.0,0.91
2017-04-06,1.114,74.37,8.14,28.59,37.63
2017-04-07,5.831,143.53,13.19,56.28,74.06
2017-04-08,5.918,221.94,18.62,87.8,115.52
2017-04-09,0.692,76.28,9.72,28.75,37.82
2017-04-10,0.241,39.86,12.22,10.38,17.27
2017-04-11,0.149,20.97,14.95,0.63,5.4
2017-04-12,0.114,18.28,15.77,0.62,1.9
2017-04-13,0.515,41.14,18.24,9.87,13.04
2017-04-14,0.112,21.31,17.3,1.64,2.37
2017-04-15,0.079,17.96,16.27,0.61,1.08
2017-04-16,0.056,18.15,16.53,0.56,1.06
2017-04-17,0.06,18.27,16.62,0.57,1.07
2017-04-18,0.161,33.68,18.0,6.75,8.93
2017-04-19,0.06,20.63,17.54,1.22,1.87
2017-04-20,0.043,18.29,16.73,0.5,1.06
2017-04-21,0.034,18.32,16.86,0.42,1.06
2017-04-22,0.023,18.76,17.52,0.18,1.06
2017-04-23,0.013,19.22,18.18,0.02,1.03
2017-04-24,0.006,19.66,18.69,0.0,0.96
2017-04-25,0.005,21.21,20.19,0.0,1.01
2017-04-26,0.001,18.91,18.06,0.0,0.87
2017-04-27,0.001,21.34,20.46,0.0,0.96
2017-04-28,0.0,23.15,20.08,0.0,0.11
2017-04-29,0.0,0.0,0.0,0.0,0.0
2017-04-30,0.0,0.0,0.0,0.0,0.0
2017-05-01,0.0,0.0,0.0,0.0,0.0
2017-05-02,0.0,0.0,0.0,0.0,0.0
2017-05-03,0.0,0.0,0.0,0.0,0.0
2017-05-04,0.0,0.0,0.0,0.0,0.0
2017-05-05,0.0,0.0,0.0,0.0,0.0
2017-05-06,0.0,0.0,0.0,0.0,0.0
2017-05-07,0.0,0.0,0.0,0.0,0.0
2017-05-08,0.0,0.0,0.0,0.0,0.0
2017-05-09,0.0,0.0,0.0,0.0,0.0
2017-05-10,0.0,0.0,0.0,0.0,0.0
2017-05-11,0.0,0.0,0.0,0.0,0.0
2017-05-12,0.0,0.0,0.0,0.0,0.0
2017-05-13,0.0,0.0,0.0,0.0,0.0
2017-05-14,0.0,0.0,0.0,0.0,0.0
2017-05-15,0.0,0.0,0.0,0.0,0.0
2017-05-16,0.0,0.0,0.0,0.0,0.0
2017-05-17,0.0,0.0,0.0,0.0,0.0
2017-05-18,0.0,0.0,0.0,0.0,0.0
2017-05-19,0.0,0.0,0.0,0.0,0.0
2017-05-20,0.0,0.0,0.0,0.0,0.0
2017-05-21,0.0,0.0,0.0,0.0,0.0
2017-05-22,0.0,0.0,0.0,0.0,0.0
2017-05-23,0.0,0.0,0.0,0.0,0.0
2017-05-24,0.0,0.0,0.0,0.0,0.0
2017-05-25,0.0,0.0,0.0,0.0,0.0
2017-05-26,0.0,0.0,0.0,0.0,0.0
2017-05-27,0.0,0.0,0.0,0.0,0.0
2017-05-28,0.0,0.0,0.0,0.0,0.0
2017-05-29,0.0,0.0,0.0,0.0,0.0
2017-05-30,0.0,0.0,0.0,0.0,0.0
2017-05-31,0.0,0.0,0.0,0.0,0.0
2017-06-01,0.0,0.0,0.0,0.0,0.0
2017-06-02,0.0,0.0,0.0,0.0,0.0
2017-06-03,0.0,0.0,0.0,0.0,0.0
2017-06-04,0.0,0.0,0.0,0.0,0.0
2017-06-05,0.0,0.0,0.0,0.0,0.0
2017-06-06,0.0,0.0,0.0,0.0,0.0
2017-06-07,0.0,0.0,0.0,0.0,0.0
2017-06-08,0.0,0.0,0.0,0.0,0.0
2017-06-09,0.0,0.0,0.0,0.0,0.0
2017-06-10,0.0,0.0,0.0,0.0,0.0
2017-06-11,0.0,0.0,0.0,0.0,0.0
2017-06-12,0.0,0.0,0.0,0.0,0.0
2017-06-13,0.0,0.0,0.0,0.0,0.0
2017-06-14,0.0,0.0,0.0,0.0,0.0
2017-06-15,0.0,0.0,0.0,0.0,0.0
2017-06-16,0.0,0.0,0.0,0.0,0.0
2017-06-17,0.0,0.0,0.0,0.0,0.0
2017-06-18,0.0,0.0,0.0,0.0,0.0
2017-06-19,0.0,0.0,0.0,0.0,0.0
2017-06-20,0.0,0.0,0.0,0.0,0.0
2017-06-21,0.0,0.0,0.0,0.0,0.0
2017-06-22,0.0,0.0,0.0,0.0,0.0
2017-06-23,0.0,0.0,0.0,0.0,0.0
2017-06-24,0.0,0.0,0.0,0.0,0.0
2017-06-25,0.0,0.0,0.0,0.0,0.0
2017-06-26,0.0,0.0,0.0,0.0,0.0
2017-06-27,0.0,0.0,0.0,0.0,0.0
2017-06-28,0.0,0.0,0.0,0.0,0.0
2017-06-29,0.0,0.0,0.0,0.0,0.0
2017-06-30,0.0,0.0,0.0,0.0,0.0
2017-07-01,0.0,0.0,0.0,0.0,0.0
2017-07-02,0.0,0.0,0.0,0.0,0.0
2017-07-03,0.0,0.0,0.0,0.0,0.0
2017-07-04,0.0,0.0,0.0,0.0,0.0
2017-07-05,0.0,0.0,0.0,0.0,0.0
2017-07-06,0.0,0.0,0.0,0.0,0.0
2017-07-07,0.0,0.0,0.0,0.0,0.0
2017-07-08,0.0,0.0,0.0,0.0,0.0
2017-07-09,0.0,0.0,0.0,0.0,0.0
2017-07-10,0.0,0.0,0.0,0.0,0.0
2017-07-11,0.0,0.0,0.0,0.0,0.0
2017-07-12,0.0,0.0,0.0,0.0,0.0
2017-07-13,0.0,0.0,0.0,0.0,0.0
2017-07-14,0.0,0.0,0.0,0.0,0.0
2017-07-15,0.0,0.0,0.0,0.0,0.0
2017-07-16,0.0,0.0,0.0,0.0,0.0
2017-07-17,0.0,0.0,0.0,0.0,0.0
2017-07-18,0.0,0.0,0.0,0.0,0.0
2017-07-19,0.0,0.0,0.0,0.0,0.0
2017-07-20,0.0,0.0,0.0,0.0,0.0
2017-07-21,0.0,0.0,0.0,0.0,0.0
2017-07-22,0.0,0.0,0.0,0.0,0.0
2017-07-23,0.0,0.0,0.0,0.0,0.0
2017-07-24,0.0,0.0,0.0,0.0,0.0
2017-07-25,0.0,0.0,0.0,0.0,0.0
2017-07-26,0.0,0.0,0.0,0.0,0.0
2017-07-27,0.0,0.0,0.0,0.0,0.0
2017-07-28,0.0,0.0,0.0,0.0,0.0
2017-07-29,0.0,0.0,0.0,0.0,0.0
2017-07-30,0.0,0.0,0.0,0.0,0.0
2017-07-31,0.0,0.0,0.0,0.0,0.0
2017-08-01,0.0,0.0,0.0,0.0,0.0
2017-08-02,0.0,0.0,0.0,0.0,0.0
2017-08-03,0.0,0.0,0.0,0.0,0.0
2017-08-04,0.0,0.0,0.0,0.0,0.0
2017-08-05,0.0,0.0,0.0,0.0,0.0
2017-08-06,0.0,0.0,0.0,0.0,0.0
2017-08-07,0.0,0.0,0.0,0.0,0.0
2017-08-08,0.0,0.0,0.0,0.0,0.0
2017-08-09,0.0,0.0,0.0,0.0,0.0
2017-08-10,0.0,0.0,0.0,0.0,0.0
2017-08-11,0.0,0.0,0.0,0.0,0.0
2017-08-12,0.0,0.0,0.0,0.0,0.0
2017-08-13,0.0,0.0,0.0,0.0,0.0
2017-08-14,0.0,0.0,0.0,0.0,0.0
2017-08-15,0.0,0.0,0.0,0.0,0.0
2017-08-16,0.0,0.0,0.0,0.0,0.0
2017-08-17,0.0,0.0,0.0,0.0,0.0
2017-08-18,0.0,0.0,0.0,0.0,0.0
2017-08-19,0.0,0.0,0.0,0.0,0.0
2017-08-20,0.0,0.0,0.0,0.0,0.0
2017-08-21,0.0,0.0,0.0,0.0,0.0
2017-08-22,0.0,0.0,0.0,0.0,0.0
2017-08-23,0.0,0.0,0.0,0.0,0.0
2017-08-24,0.0,0.0,0.0,0.0,0.0
2017-08-25,0.0,0.0,0.0,0.0,0.0
2017-08-26,0.0,0.0,0.0,0.0,0.0
2017-08-27,0.0,0.0,0.0,0.0,0.0
2017-08-28,0.0,0.0,0.0,0.0,0.0
2017-08-29,0.0,0.0,0.0,0.0,0.0
2017-08-30,0.0,0.0,0.0,0.0,0.0
2017-08-31,0.0,0.0,0.0,0.0,0.0
2017-09-01,0.0,0.0,0.0,0.0,0.0
2017-09-02,0.0,0.0,0.0,0.0,0.0
2017-09-03,0.0,0.0,0.0,0.0,0.0
2017-09-04,0.0,0.0,0.0,0.0,0.0
2017-09-05,0.0,0.0,0.0,0.0,0.0
2017-09-06,0.0,0.0,0.0,0.0,0.0
2017-09-07,0.0,0.0,0.0,0.0,0.0
2017-09-08,0.0,0.0,0.0,0.0,0.0
2017-09-09,0.0,0.0,0.0,0.0,0.0
2017-09-10,0.0,0.0,0.0,0.0,0.0
2017-09-11,0.0,0.0,0.0,0.0,0.0
2017-09-12,0.0,0.0,0.0,0.0,0.0
2017-09-13,0.0,0.0,0.0,0.0,0.0
2017-09-14,0.0,0.0,0.0,0.0,0.0
2017-09-15,0.0,0.0,0.0,0.0,0.0
2017-09-16,0.0,0.0,0.0,0.0,0.0
2017-09-17,0.0,0.0,0.0,0.0,0.0
2017-09-18,0.0,0.0,0.0,0.0,0.0
2017-09-19,0.0,0.0,0.0,0.0,0.0
2017-09-20,0.0,0.0,0.0,0.0,0.0
2017-09-21,0.0,0.0,0.0,0.0,0.0
2017-09-22,0.0,0.0,0.0,0.0,0.0
2017-09-23,0.0,0.0,0.0,0.0,0.0
2017-09-24,0.0,0.0,0.0,0.0,0.0
2017-09-25,0.0,0.0,0.0,0.0,0.0
2017-09-26,0.0,0.0,0.0,0.0,0.0
2017-09-27,0.0,0.0,0.0,0.0,0.0
2017-09-28,0.0,0.0,0.0,0.0,0.0
2017-09-29,0.0,0.0,0.0,0.0,0.0
2017-09-30,0.0,0.0,0.0,0.0,0.0
2017-10-01,0.0,0.0,0.0,0.0,0.0
2017-10-02,0.0,0.0,0.0,0.0,0.0
2017-10-03,0.0,0.0,0.0,0.0,0.0
2017-10-04,0.0,0.0,0.0,0.0,0.0
2017-10-05,0.0,0.0,0.0,0.0,0.0
2017-10-06,0.0,0.0,0.0,0.0,0.0
2017-10-07,0.0,0.0,0.0,0.0,0.0
2017-10-08,0.0,0.0,0.0,0.0,0.0
2017-10-09,0.0,0.0,0.0,0.0,0.0
2017-10-10,0.0,0.0,0.0,0.0,0.0
2017-10-11,0.0,0.0,0.0,0.0,0.0
2017-10-12,0.0,0.0,0.0,0.0,0.0
2017-10-13,0.0,0.0,0.0,0.0,0.0
2017-10-14,0.0,0.0,0.0,0.0,0.0
2017-10-15,0.0,0.0,0.0,0.0,0.0
2017-10-16,0.0,0.0,0.0,0.0,0.0
2017-10-17,0.0,0.0,0.0,0.0,0.0
2017-10-18,0.0,0.0,0.0,0.0,0.0
2017-10-19,0.0,0.0,0.0,0.0,0.0
2017-10-20,0.486,115.7,21.98,40.46,53.26
2017-10-21,0.007,32.67,22.32,0.16,10.18
2017-10-22,0.0,20.94,20.03,0.0,0.96
2017-10-23,0.0,20.83,19.57,0.0,0.92
2017-10-24,0.0,18.52,17.88,0.0,0.85
2017-10-25,0.0,20.25,20.1,0.0,0.96
2017-10-26,0.0,17.36,15.6,0.0,0.73
2017-10-27,0.0,0.0,0.0,0.0,0.0
2017-10-28,0.0,0.0,0.0,0.0,0.0
2017-10-29,0.0,0.0,0.0,0.0,0.0
2017-10-30,0.0,0.0,0.0,0.0,0.0
2017-10-31,0.0,0.0,0.0,0.0,0.0
2017-11-01,0.0,0.0,0.0,0.0,0.0
2017-11-02,0.0,0.0,0.0,0.0,0.0
2017-11-03,0.0,0.0,0.0,0.0,0.0
2017-11-04,0.0,0.0,0.0,0.0,0.0
2017-11-05,0.0,0.0,0.0,0.0,0.0
2017-11-06,0.0,0.0,0.0,0.0,0.0
2017-11-07,0.0,0.0,0.0,0.0,0.0
2017-11-08,0.0,0.0,0.0,0.0,0.0
2017-11-09,0.0,0.0,0.0,0.0,0.0
2017-11-10,0.0,0.0,0.0,0.0,0.0
2017-11-11,0.0,0.0,0.0,0.0,0.0
2017-11-12,0.0,0.0,0.0,0.0,0.0
2017-11-13,0.0,0.0,0.0,0.0,0.0
2017-11-14,0.0,0.0,0.0,0.0,0.0
2017-11-15,0.0,0.0,0.0,0.0,0.0
2017-11-16,9.766,172.84,20.27,65.28,87.29
2017-11-17,1.629,90.5,10.83,34.29,45.38
2017-11-18,0.193,76.34,5.74,29.19,41.41
2017-11-19,0.04,38.83,6.81,0.0,32.02
2017-11-20,0.012,21.53,11.07,0.0,10.47
2017-11-21,0.006,17.36,15.54,0.0,1.81
2017-11-22,0.004,18.42,17.48,0.0,0.95
2017-11-23,0.004,18.94,18.04,0.0,0.91
2017-11-24,0.003,19.02,18.1,0.0,0.91
2017-11-25,0.003,19.12,18.19,0.0,0.91
2017-11-26,0.002,19.0,18.09,0.0,0.92
2017-11-27,0.568,64.7,18.87,19.79,26.04
2017-11-28,0.016,35.64,22.03,4.7,8.91
2017-11-29,0.003,19.53,18.61,0.0,0.94
2017-11-30,0.002,19.38,18.44,0.0,0.91
2017-12-01,0.002,19.35,18.45,0.0,0.92
2017-12-02,0.002,19.38,18.44,0.0,0.91
2017-12-03,0.001,19.47,18.48,0.0,0.9
2017-12-04,0.001,19.75,18.85,0.0,0.91
2017-12-05,0.001,18.95,17.99,0.0,0.9
2017-12-06,0.001,19.5,18.66,0.0,0.92
2017-12-07,0.001,19.22,18.4,0.0,0.9
2017-12-08,0.001,19.72,18.68,0.0,0.92
2017-12-09,0.0,19.29,18.32,0.0,0.89
2017-12-10,0.0,19.64,18.59,0.0,0.9
2017-12-11,0.0,19.01,18.46,0.0,0.9
2017-12-12,0.0,19.29,18.74,0.0,0.91
2017-12-13,0.0,19.1,18.41,0.0,0.89
2017-12-14,0.0,21.04,20.08,0.0,0.96
2017-12-15,0.0,20.58,19.47,0.0,0.93
2017-12-16,0.0,20.83,19.77,0.0,0.92
2017-12-17,0.0,0.0,0.0,0.0,0.0
2017-12-18,0.0,0.0,0.0,0.0,0.0
2017-12-19,0.0,11.57,13.76,0.0,0.67
2017-12-20,0.0,0.0,0.0,0.0,0.0
2017-12-21,0.0,0.0,0.0,0.0,0.0
2017-12-22,0.0,0.0,0.0,0.0,0.0
2017-12-23,0.0,0.0,0.0,0.0,0.0
2017-12-24,0.0,0.0,0.0,0.0,0.0
2017-12-25,0.0,0.0,0.0,0.0,0.0
2017-12-26,0.0,0.0,0.0,0.0,0.0
2017-12-27,0.0,0.0,0.0,0.0,0.0
2017-12-28,0.0,0.0,0.0,0.0,0.0
2017-12-29,0.0,0.0,0.0,0.0,0.0
2017-12-30,0.0,0.0,0.0,0.0,0.0
2017-12-31,0.0,0.0,0.0,0.0,0.0
2018-01-01,0.0,0.0,0.0,0.0,0.0
2018-01-02,0.0,0.0,0.0,0.0,0.0
2018-01-03,0.68,71.01,11.28,25.72,34.01
2018-01-04,1.29,83.83,13.2,30.41,40.22
2018-01-05,0.301,42.64,6.13,14.93,21.57
2018-01-06,1.211,52.9,11.47,17.75,23.68
2018-01-07,0.142,35.69,5.32,11.54,18.82
2018-01-08,17.243,146.83,19.78,54.83,72.22
2018-01-09,13.548,190.23,23.49,70.32,96.41
2018-01-10,0.905,68.32,10.29,25.03,33.0
2018-01-11,0.159,50.9,8.36,15.83,26.71
2018-01-12,0.057,24.85,12.6,0.09,12.16
2018-01-13,0.033,18.55,15.85,0.04,2.67
2018-01-14,0.021,18.17,17.01,0.01,1.14
2018-01-15,0.015,18.61,17.62,0.01,0.99
2018-01-16,0.012,18.79,17.82,0.0,0.96
2018-01-17,0.01,19.1,18.13,0.0,0.96
2018-01-18,0.17,64.08,12.77,22.14,29.17
2018-01-19,0.31,80.14,22.25,24.99,32.89
2018-01-20,0.013,23.8,20.33,0.21,3.26
2018-01-21,0.005,19.28,18.37,0.0,0.93
2018-01-22,0.004,18.98,18.07,0.0,0.92
2018-01-23,0.003,19.13,18.19,0.0,0.92
2018-01-24,1.522,120.02,13.83,45.86,60.34
2018-01-25,2.546,96.77,13.51,35.96,47.31
2018-01-26,0.387,64.2,7.24,24.53,32.44
2018-01-27,0.07,39.61,6.13,7.29,26.2
2018-01-28,0.018,22.47,9.22,0.0,13.25
2018-01-29,0.006,16.18,13.26,0.0,2.92
2018-01-30,0.003,17.59,16.57,0.0,1.01
2018-01-31,0.002,18.73,17.81,0.0,0.89
2018-02-01,0.002,19.17,18.28,0.0,0.89
2018-02-02,0.001,19.05,18.21,0.0,0.9
2018-02-03,0.001,19.33,18.33,0.0,0.9
2018-02-04,0.001,19.04,18.09,0.0,0.89
2018-02-05,0.001,18.94,18.22,0.0,0.89
2018-02-06,0.0,19.74,18.85,0.0,0.91
2018-02-07,0.0,19.84,18.93,0.0,0.92
2018-02-08,0.0,18.52,18.31,0.0,0.89
2018-02-09,0.0,18.81,18.77,0.0,0.9
2018-02-10,0.0,11.57,14.2,0.0,0.61
2018-02-11,0.0,0.0,0.0,0.0,0.0
2018-02-12,0.0,0.0,0.0,0.0,0.0
2018-02-13,0.0,0.0,0.0,0.0,0.0
2018-02-14,0.0,0.0,0.0,0.0,0.0
2018-02-15,0.0,0.0,0.0,0.0,0.0
2018-02-16,0.0,0.0,0.0,0.0,0.0
2018-02-17,0.0,0.0,0.0,0.0,0.0
2018-02-18,0.0,0.0,0.0,0.0,0.0
2018-02-19,0.0,0.0,0.0,0.0,0.0
2018-02-20,0.0,0.0,0.0,0.0,0.0
2018-02-21,0.0,0.0,0.0,0.0,0.0
2018-02-22,0.0,0.0,0.0,0.0,0.0
2018-02-23,0.0,0.0,0.0,0.0,0.0
2018-02-24,0.0,0.0,0.0,0.0,0.0
2018-02-25,0.0,0.0,0.0,0.0,0.0
2018-02-26,0.0,0.0,0.0,0.0,0.0
2018-02-27,0.0,0.0,0.0,0.0,0.0
2018-02-28,0.0,0.0,0.0,0.0,0.0
2018-03-01,4.424,129.15,15.5,49.07,64.58
2018-03-02,4.07,93.74,13.24,34.76,45.74
2018-03-03,2.778,67.48,12.7,23.66,31.13
2018-03-04,1.037,52.94,11.77,17.78,23.4
2018-03-05,0.133,38.95,6.56,11.9,20.49
2018-03-06,0.032,22.28,8.93,0.0,13.34
2018-03-07,0.011,16.71,13.19,0.0,3.52
2018-03-08,0.006,17.79,16.7,0.0,1.08
2018-03-09,0.005,18.9,17.99,0.0,0.92
2018-03-10,0.004,19.21,18.27,0.0,0.92
2018-03-11,0.003,19.28,18.39,0.0,0.91
2018-03-12,0.003,19.17,18.27,0.0,0.92
2018-03-13,0.303,59.07,15.04,19.0,25.02
2018-03-14,5.337,226.89,19.39,89.6,117.9
2018-03-15,0.912,150.08,9.13,60.83,80.11
2018-03-16,2.748,64.18,12.34,22.38,29.46
2018-03-17,0.371,43.1,7.64,15.28,20.17
2018-03-18,0.072,26.96,7.35,3.63,15.98
2018-03-19,0.022,18.44,11.61,0.0,6.83
2018-03-20,0.009,16.65,14.95,0.0,1.71
2018-03-21,0.006,18.34,17.38,0.0,0.94
2018-03-22,4.34,135.98,16.58,51.56,67.84
2018-03-23,0.513,91.28,8.0,35.91,47.36
2018-03-24,0.091,62.79,6.6,16.56,39.64
2018-03-25,0.025,30.93,10.23,0.0,20.7
2018-03-26,0.009,18.65,14.3,0.0,4.36
2018-03-27,0.004,17.95,16.77,0.0,1.18
2018-03-28,0.003,18.87,17.96,0.0,0.91
2018-03-29,0.002,19.16,18.26,0.0,0.9
2018-03-30,0.002,19.12,18.25,0.0,0.9
2018-03-31,0.001,19.22,18.31,0.0,0.9
2018-04-01,0.001,19.2,18.35,0.0,0.9
2018-04-02,0.001,19.29,18.27,0.0,0.9
2018-04-03,0.0,19.12,18.27,0.0,0.9
2018-04-04,0.0,19.16,18.41,0.0,0.9
2018-04-05,0.0,20.48,19.01,0.0,0.92
2018-04-06,3.059,72.38,10.87,26.56,34.95
2018-04-07,11.866,214.32,21.13,82.41,110.79
2018-04-08,0.519,126.83,6.82,51.7,68.31
2018-04-09,0.102,87.91,6.87,25.57,55.47
2018-04-10,0.026,41.35,9.6,0.0,31.75
2018-04-11,0.011,20.04,14.23,0.0,5.8
2018-04-12,0.007,18.12,16.84,0.0,1.27
2018-04-13,0.005,18.61,17.69,0.0,0.92
2018-04-14,0.003,18.78,17.88,0.0,0.9
2018-04-15,0.003,18.74,17.82,0.0,0.91
2018-04-16,0.457,82.6,18.75,27.57,36.28
2018-04-17,0.028,49.24,22.42,10.78,16.05
2018-04-18,0.002,19.92,18.82,0.0,1.08
2018-04-19,0.001,19.34,18.42,0.0,0.9
2018-04-20,0.001,19.11,18.2,0.0,0.89
2018-04-21,0.001,19.19,18.31,0.0,0.9
2018-04-22,0.001,19.15,18.09,0.0,0.89
2018-04-23,0.0,19.08,18.34,0.0,0.9
2018-04-24,0.0,18.81,17.85,0.0,0.87
2018-04-25,0.0,19.99,19.2,0.0,0.91
2018-04-26,0.0,23.15,21.27,0.0,0.99
2018-04-27,0.0,0.0,0.0,0.0,0.0
2018-04-28,0.0,0.0,0.0,0.0,0.0
2018-04-29,0.0,0.0,0.0,0.0,0.0
2018-04-30,0.0,0.0,0.0,0.0,0.0
2018-05-01,0.0,0.0,0.0,0.0,0.0
2018-05-02,0.0,0.0,0.0,0.0,0.0
2018-05-03,0.0,0.0,0.0,0.0,0.0
2018-05-04,0.0,0.0,0.0,0.0,0.0
2018-05-05,0.0,0.0,0.0,0.0,0.0
2018-05-06,0.0,0.0,0.0,0.0,0.0
2018-05-07,0.0,0.0,0.0,0.0,0.0
2018-05-08,0.0,0.0,0.0,0.0,0.0
2018-05-09,0.0,0.0,0.0,0.0,0.0
2018-05-10,0.0,0.0,0.0,0.0,0.0
2018-05-11,0.0,0.0,0.0,0.0,0.0
2018-05-12,0.0,0.0,0.0,0.0,0.0
2018-05-13,0.0,0.0,0.0,0.0,0.0
2018-05-14,0.0,0.0,0.0,0.0,0.0
2018-05-15,0.0,0.0,0.0,0.0,0.0
2018-05-16,0.0,0.0,0.0,0.0,0.0
2018-05-17,0.0,0.0,0.0,0.0,0.0
2018-05-18,0.0,0.0,0.0,0.0,0.0
2018-05-19,0.0,0.0,0.0,0.0,0.0
2018-05-20,0.0,0.0,0.0,0.0,0.0
2018-05-21,0.0,0.0,0.0,0.0,0.0
2018-05-22,0.0,0.0,0.0,0.0,0.0
2018-05-23,0.0,0.0,0.0,0.0,0.0
2018-05-24,0.0,0.0,0.0,0.0,0.0
2018-05-25,0.0,0.0,0.0,0.0,0.0
2018-05-26,0.0,0.0,0.0,0.0,0.0
2018-05-27,0.0,0.0,0.0,0.0,0.0
2018-05-28,0.0,0.0,0.0,0.0,0.0
2018-05-29,0.0,0.0,0.0,0.0,0.0
2018-05-30,0.0,0.0,0.0,0.0,0.0
2018-05-31,0.0,0.0,0.0,0.0,0.0
2018-06-01,0.0,0.0,0.0,0.0,0.0
2018-06-02,0.0,0.0,0.0,0.0,0.0
2018-06-03,0.0,0.0,0.0,0.0,0.0
2018-06-04,0.0,0.0,0.0,0.0,0.0
2018-06-05,0.0,0.0,0.0,0.0,0.0
2018-06-06,0.0,0.0,0.0,0.0,0.0
2018-06-07,0.0,0.0,0.0,0.0,0.0
2018-06-08,0.0,0.0,0.0,0.0,0.0
2018-06-09,0.0,0.0,0.0,0.0,0.0
2018-06-10,0.0,0.0,0.0,0.0,0.0
2018-06-11,0.0,0.0,0.0,0.0,0.0
2018-06-12,0.0,0.0,0.0,0.0,0.0
2018-06-13,0.0,0.0,0.0,0.0,0.0
2018-06-14,0.0,0.0,0.0,0.0,0.0
2018-06-15,0.0,0.0,0.0,0.0,0.0
2018-06-16,0.0,0.0,0.0,0.0,0.0
2018-06-17,0.0,0.0,0.0,0.0,0.0
2018-06-18,0.0,0.0,0.0,0.0,0.0
2018-06-19,0.0,0.0,0.0,0.0,0.0
2018-06-20,0.0,0.0,0.0,0.0,0.0
2018-06-21,0.0,0.0,0.0,0.0,0.0
2018-06-22,0.0,0.0,0.0,0.0,0.0
2018-06-23,0.0,0.0,0.0,0.0,0.0
2018-06-24,0.0,0.0,0.0,0.0,0.0
2018-06-25,0.0,0.0,0.0,0.0,0.0
2018-06-26,0.0,0.0,0.0,0.0,0.0
2018-06-27,0.0,0.0,0.0,0.0,0.0
2018-06-28,0.0,0.0,0.0,0.0,0.0
2018-06-29,0.0,0.0,0.0,0.0,0.0
2018-06-30,0.0,0.0,0.0,0.0,0.0
2018-07-01,0.0,0.0,0.0,0.0,0.0
2018-07-02,0.0,0.0,0.0,0.0,0.0
2018-07-03,0.0,0.0,0.0,0.0,0.0
2018-07-04,0.0,0.0,0.0,0.0,0.0
2018-07-05,0.0,0.0,0.0,0.0,0.0
2018-07-06,0.0,0.0,0.0,0.0,0.0
2018-07-07,0.0,0.0,0.0,0.0,0.0
2018-07-08,0.0,0.0,0.0,0.0,0.0
2018-07-09,0.0,0.0,0.0,0.0,0.0
2018-07-10,0.0,0.0,0.0,0.0,0.0
2018-07-11,0.0,0.0,0.0,0.0,0.0
2018-07-12,0.0,0.0,0.0,0.0,0.0
2018-07-13,0.0,0.0,0.0,0.0,0.0
2018-07-14,0.0,0.0,0.0,0.0,0.0
2018-07-15,0.0,0.0,0.0,0.0,0.0
2018-07-16,0.0,0.0,0.0,0.0,0.0
2018-07-17,0.0,0.0,0.0,0.0,0.0
2018-07-18,0.0,0.0,0.0,0.0,0.0
2018-07-19,0.0,0.0,0.0,0.0,0.0
2018-07-20,0.0,0.0,0.0,0.0,0.0
2018-07-21,0.0,0.0,0.0,0.0,0.0
2018-07-22,0.0,0.0,0.0,0.0,0.0
2018-07-23,0.0,0.0,0.0,0.0,0.0
2018-07-24,0.0,0.0,0.0,0.0,0.0
2018-07-25,0.0,0.0,0.0,0.0,0.0
2018-07-26,0.0,0.0,0.0,0.0,0.0
2018-07-27,0.0,0.0,0.0,0.0,0.0
2018-07-28,0.0,0.0,0.0,0.0,0.0
2018-07-29,0.0,0.0,0.0,0.0,0.0
2018-07-30,0.0,0.0,0.0,0.0,0.0
2018-07-31,0.0,0.0,0.0,0.0,0.0
2018-08-01,0.0,0.0,0.0,0.0,0.0
2018-08-02,0.0,0.0,0.0,0.0,0.0
2018-08-03,0.0,0.0,0.0,0.0,0.0
2018-08-04,0.0,0.0,0.0,0.0,0.0
2018-08-05,0.0,0.0,0.0,0.0,0.0
2018-08-06,0.0,0.0,0.0,0.0,0.0
2018-08-07,0.0,0.0,0.0,0.0,0.0
2018-08-08,0.0,0.0,0.0,0.0,0.0
2018-08-09,0.0,0.0,0.0,0.0,0.0
2018-08-10,0.0,0.0,0.0,0.0,0.0
2018-08-11,0.0,0.0,0.0,0.0,0.0
2018-08-12,0.0,0.0,0.0,0.0,0.0
2018-08-13,0.0,0.0,0.0,0.0,0.0
2018-08-14,0.0,0.0,0.0,0.0,0.0
2018-08-15,0.0,0.0,0.0,0.0,0.0
2018-08-16,0.0,0.0,0.0,0.0,0.0
2018-08-17,0.0,0.0,0.0,0.0,0.0
2018-08-18,0.0,0.0,0.0,0.0,0.0
2018-08-19,0.0,0.0,0.0,0.0,0.0
2018-08-20,0.0,0.0,0.0,0.0,0.0
2018-08-21,0.0,0.0,0.0,0.0,0.0
2018-08-22,0.0,0.0,0.0,0.0,0.0
2018-08-23,0.0,0.0,0.0,0.0,0.0
2018-08-24,0.0,0.0,0.0,0.0,0.0
2018-08-25,0.0,0.0,0.0,0.0,0.0
2018-08-26,0.0,0.0,0.0,0.0,0.0
2018-08-27,0.0,0.0,0.0,0.0,0.0
2018-08-28,0.0,0.0,0.0,0.0,0.0
2018-08-29,0.0,0.0,0.0,0.0,0.0
2018-08-30,0.0,0.0,0.0,0.0,0.0
2018-08-31,0.0,0.0,0.0,0.0,0.0
2018-09-01,0.0,0.0,0.0,0.0,0.0
2018-09-02,0.0,0.0,0.0,0.0,0.0
2018-09-03,0.0,0.0,0.0,0.0,0.0
2018-09-04,0.0,0.0,0.0,0.0,0.0
2018-09-05,0.0,0.0,0.0,0.0,0.0
2018-09-06,0.0,0.0,0.0,0.0,0.0
2018-09-07,0.0,0.0,0.0,0.0,0.0
2018-09-08,0.0,0.0,0.0,0.0,0.0
2018-09-09,0.0,0.0,0.0,0.0,0.0
2018-09-10,0.0,0.0,0.0,0.0,0.0
2018-09-11,0.0,0.0,0.0,0.0,0.0
2018-09-12,0.0,0.0,0.0,0.0,0.0
2018-09-13,0.0,0.0,0.0,0.0,0.0
2018-09-14,0.0,0.0,0.0,0.0,0.0
2018-09-15,0.0,0.0,0.0,0.0,0.0
2018-09-16,0.0,0.0,0.0,0.0,0.0
2018-09-17,0.0,0.0,0.0,0.0,0.0
2018-09-18,0.0,0.0,0.0,0.0,0.0
2018-09-19,0.0,0.0,0.0,0.0,0.0
2018-09-20,0.0,0.0,0.0,0.0,0.0
2018-09-21,0.0,0.0,0.0,0.0,0.0
2018-09-22,0.0,0.0,0.0,0.0,0.0
2018-09-23,0.0,0.0,0.0,0.0,0.0
2018-09-24,0.0,0.0,0.0,0.0,0.0
2018-09-25,0.0,0.0,0.0,0.0,0.0
2018-09-26,0.0,0.0,0.0,0.0,0.0
2018-09-27,0.0,0.0,0.0,0.0,0.0
2018-09-28,0.0,0.0,0.0,0.0,0.0
2018-09-29,0.0,0.0,0.0,0.0,0.0
2018-09-30,0.0,0.0,0.0,0.0,0.0
2018-10-01,0.0,0.0,0.0,0.0,0.0
2018-10-02,0.0,0.0,0.0,0.0,0.0
2018-10-03,0.0,0.0,0.0,0.0,0.0
2018-10-04,0.0,0.0,0.0,0.0,0.0
2018-10-05,0.0,0.0,0.0,0.0,0.0
2018-10-06,0.0,0.0,0.0,0.0,0.0
2018-10-07,0.0,0.0,0.0,0.0,0.0
2018-10-08,0.0,0.0,0.0,0.0,0.0
2018-10-09,0.0,0.0,0.0,0.0,0.0
2018-10-10,0.0,0.0,0.0,0.0,0.0
2018-10-11,0.0,0.0,0.0,0.0,0.0
2018-10-12,0.0,0.0,0.0,0.0,0.0
2018-10-13,0.0,0.0,0.0,0.0,0.0
2018-10-14,0.0,0.0,0.0,0.0,0.0
2018-10-15,0.0,0.0,0.0,0.0,0.0
2018-10-16,0.0,0.0,0.0,0.0,0.0
2018-10-17,0.0,0.0,0.0,0.0,0.0
2018-10-18,0.0,0.0,0.0,0.0,0.0
2018-10-19,0.0,0.0,0.0,0.0,0.0
2018-10-20,0.0,0.0,0.0,0.0,0.0
2018-10-21,0.0,0.0,0.0,0.0,0.0
2018-10-22,0.0,0.0,0.0,0.0,0.0
2018-10-23,0.0,0.0,0.0,0.0,0.0
2018-10-24,0.0,0.0,0.0,0.0,0.0
2018-10-25,0.0,0.0,0.0,0.0,0.0
2018-10-26,0.0,0.0,0.0,0.0,0.0
2018-10-27,0.0,0.0,0.0,0.0,0.0
2018-10-28,0.0,0.0,0.0,0.0,0.0
2018-10-29,0.0,0.0,0.0,0.0,0.0
2018-10-30,0.0,0.0,0.0,0.0,0.0
2018-10-31,0.0,0.0,0.0,0.0,0.0
2018-11-01,0.0,0.0,0.0,0.0,0.0
2018-11-02,0.0,0.0,0.0,0.0,0.0
2018-11-03,0.0,0.0,0.0,0.0,0.0
2018-11-04,0.0,0.0,0.0,0.0,0.0
2018-11-05,0.0,0.0,0.0,0.0,0.0
2018-11-06,0.0,0.0,0.0,0.0,0.0
2018-11-07,0.0,0.0,0.0,0.0,0.0
2018-11-08,0.0,0.0,0.0,0.0,0.0
2018-11-09,0.0,0.0,0.0,0.0,0.0
2018-11-10,0.0,0.0,0.0,0.0,0.0
2018-11-11,0.0,0.0,0.0,0.0,0.0
2018-11-12,0.0,0.0,0.0,0.0,0.0
2018-11-13,0.0,0.0,0.0,0.0,0.0
2018-11-14,0.0,0.0,0.0,0.0,0.0
2018-11-15,0.0,0.0,0.0,0.0,0.0
2018-11-16,0.0,0.0,0.0,0.0,0.0
2018-11-17,0.0,0.0,0.0,0.0,0.0
2018-11-18,0.0,0.0,0.0,0.0,0.0
2018-11-19,0.0,0.0,0.0,0.0,0.0
2018-11-20,0.0,0.0,0.0,0.0,0.0
2018-11-21,0.442,47.39,10.59,15.89,20.91
2018-11-22,1.94,75.97,9.15,28.85,37.96
2018-11-23,6.329,116.53,14.8,43.93,57.8
2018-11-24,2.648,71.1,13.71,24.78,32.61
2018-11-25,0.238,48.84,6.16,18.13,24.55
2018-11-26,0.047,26.35,6.5,0.13,19.72
2018-11-27,0.014,18.02,10.49,0.0,7.53
2018-11-28,0.913,39.08,9.86,12.49,16.73
2018-11-29,12.65,191.85,19.42,74.36,98.07
2018-11-30,1.063,81.02,10.22,30.57,40.23
2018-12-01,1.29,66.32,10.71,24.0,31.61
2018-12-02,0.342,57.54,7.54,21.55,28.45
2018-12-03,0.071,32.94,7.91,3.6,21.43
2018-12-04,0.023,20.59,12.1,0.0,8.49
2018-12-05,0.012,17.77,16.09,0.0,1.68
2018-12-06,0.009,18.55,17.57,0.0,0.97
2018-12-07,0.008,19.07,18.11,0.0,0.95
2018-12-08,0.006,19.09,18.15,0.0,0.94
2018-12-09,0.005,19.03,18.1,0.0,0.93
2018-12-10,0.004,19.02,18.08,0.0,0.92
2018-12-11,0.004,19.02,18.09,0.0,0.91
2018-12-12,0.003,18.98,18.07,0.0,0.91
2018-12-13,0.002,18.97,18.06,0.0,0.9
2018-12-14,0.002,18.78,17.87,0.0,0.9
2018-12-15,0.002,18.76,17.92,0.0,0.89
2018-12-16,2.763,117.62,11.43,45.85,60.33
2018-12-17,7.026,197.49,21.66,75.85,99.98
2018-12-18,0.344,104.39,6.11,42.36,55.92
2018-12-19,0.073,60.53,7.08,10.53,42.92
2018-12-20,0.023,28.81,11.38,0.0,17.43
2018-12-21,0.011,18.2,15.24,0.0,2.96
2018-12-22,0.007,18.48,17.42,0.0,1.05
2018-12-23,0.005,18.8,17.87,0.0,0.92
2018-12-24,0.113,46.27,9.54,15.85,20.89
2018-12-25,1.033,65.39,15.56,21.48,28.34
2018-12-26,0.078,25.45,7.01,4.41,14.03
2018-12-27,0.017,16.09,8.0,0.0,8.08
2018-12-28,0.005,14.04,11.96,0.0,2.08
2018-12-29,0.003,17.1,16.19,0.0,0.91
2018-12-30,0.002,18.58,17.71,0.0,0.88
2018-12-31,0.001,19.32,18.49,0.0,0.89
2019-01-01,0.001,18.81,17.96,0.0,0.89
2019-01-02,0.001,19.08,18.27,0.0,0.91
2019-01-03,0.001,19.14,18.26,0.0,0.9
2019-01-04,0.001,19.17,18.27,0.0,0.9
2019-01-05,0.0,19.05,18.14,0.0,0.89
2019-01-06,9.456,176.25,21.36,66.74,88.14
2019-01-07,2.147,116.34,11.92,45.05,59.37
2019-01-08,0.229,88.14,5.72,34.99,47.43
2019-01-09,0.05,42.94,7.23,0.17,35.54
2019-01-10,0.021,22.31,12.79,0.0,9.52
2019-01-11,0.013,17.69,16.0,0.0,1.69
2019-01-12,0.01,17.54,16.58,0.0,0.96
2019-01-13,0.009,18.05,17.1,0.0,0.94
2019-01-14,0.005,18.53,17.64,0.0,0.88
2019-01-15,0.289,40.68,14.18,11.27,15.22
2019-01-16,13.572,319.33,25.74,124.34,169.25
2019-01-17,5.479,268.56,19.53,105.57,143.46
2019-01-18,0.429,126.18,7.2,51.32,67.65
2019-01-19,0.107,68.85,9.42,15.47,43.97
2019-01-20,0.335,66.67,14.97,21.46,30.25
2019-01-21,0.404,63.04,21.48,17.89,23.67
2019-01-22,0.034,20.71,18.0,0.92,1.78
2019-01-23,0.025,18.37,17.26,0.05,1.06
2019-01-24,0.021,18.07,17.02,0.02,1.03
2019-01-25,0.017,18.54,17.5,0.01,1.02
2019-01-26,0.012,19.17,18.17,0.01,1.0
2019-01-27,0.005,18.78,17.88,0.0,0.9
2019-01-28,0.004,19.39,18.47,0.0,0.93
2019-01-29,0.002,18.99,18.06,0.0,0.89
2019-01-30,0.002,18.99,18.06,0.0,0.9
2019-01-31,0.612,50.89,11.42,16.95,22.52
2019-02-01,0.099,36.96,6.19,9.84,20.93
2019-02-02,8.411,187.03,17.6,73.15,96.29
2019-02-03,4.147,133.33,16.52,50.44,66.37
2019-02-04,11.592,254.37,20.97,99.02,134.39
2019-02-05,1.901,67.35,12.04,23.87,31.44
2019-02-06,0.281,46.55,9.2,15.73,21.62
2019-02-07,0.11,23.47,13.37,0.5,9.59
2019-02-08,1.252,87.13,14.84,31.18,41.12
2019-02-09,2.424,68.47,11.2,24.72,32.54
2019-02-10,5.332,105.71,16.35,38.59,50.77
2019-02-11,0.467,56.99,8.63,20.88,27.48
2019-02-12,0.144,32.32,11.96,5.65,14.72
2019-02-13,6.35,149.38,16.08,57.53,75.77
2019-02-14,12.636,147.73,18.84,55.63,73.26
2019-02-15,5.571,96.33,13.84,35.62,46.87
2019-02-16,5.105,79.18,14.5,27.93,36.75
2019-02-17,3.554,117.11,13.5,44.74,58.87
2019-02-18,0.705,59.21,12.08,20.35,26.78
2019-02-19,0.387,28.68,15.38,4.77,8.53
2019-02-20,0.301,20.22,16.78,0.73,2.71
2019-02-21,0.234,19.38,17.19,0.75,1.45
2019-02-22,0.196,19.13,17.21,0.76,1.16
2019-02-23,0.191,19.13,17.25,0.76,1.12
2019-02-24,0.174,19.15,17.28,0.76,1.11
2019-02-25,0.129,19.32,17.47,0.75,1.1
2019-02-26,0.118,19.55,17.65,0.79,1.1
2019-02-27,1.168,46.09,11.42,14.81,19.86
2019-02-28,1.029,47.47,13.37,14.69,19.41
2019-03-01,0.216,23.73,12.12,4.24,7.37
2019-03-02,7.306,167.37,17.69,64.62,85.06
2019-03-03,1.438,67.58,12.95,23.59,31.05
2019-03-04,0.366,40.65,13.62,10.81,16.22
2019-03-05,0.245,21.77,16.29,0.71,4.77
2019-03-06,4.849,156.65,17.0,60.27,79.37
2019-03-07,1.284,57.3,11.65,19.71,25.95
2019-03-08,0.391,35.14,12.62,9.39,13.13
2019-03-09,0.249,20.81,15.97,0.69,4.16
2019-03-10,0.195,19.48,17.05,0.74,1.7
2019-03-11,0.161,19.14,17.21,0.75,1.18
2019-03-12,0.131,19.18,17.33,0.75,1.11
2019-03-13,0.1,19.02,17.23,0.7,1.09
2019-03-14,0.09,19.04,17.26,0.68,1.09
2019-03-15,0.076,19.13,17.38,0.66,1.09
2019-03-16,0.063,19.23,17.51,0.64,1.09
2019-03-17,0.051,19.36,17.67,0.61,1.09
2019-03-18,0.041,19.63,17.97,0.57,1.09
2019-03-19,0.03,20.16,18.57,0.48,1.1
2019-03-20,0.791,100.49,16.58,36.15,47.76
2019-03-21,0.091,25.62,13.44,2.94,9.23
2019-03-22,0.038,18.61,16.07,0.34,2.2
2019-03-23,1.694,89.69,14.29,32.55,42.84
2019-03-24,0.18,51.83,9.34,16.27,26.22
2019-03-25,0.164,28.67,9.0,6.51,13.17
2019-03-26,0.516,43.43,14.1,12.39,16.94
2019-03-27,2.276,140.65,14.16,54.52,71.98
2019-03-28,0.571,105.34,9.76,41.19,54.4
2019-03-29,0.128,57.43,10.31,13.71,33.4
2019-03-30,0.057,26.71,15.12,0.46,11.12
2019-03-31,0.036,20.65,18.01,0.52,2.12
2019-04-01,0.023,20.03,18.72,0.14,1.17
2019-04-02,0.022,20.05,18.84,0.11,1.11
2019-04-03,0.021,20.34,19.09,0.13,1.12
2019-04-04,0.017,20.31,19.16,0.04,1.11
2019-04-05,0.013,20.13,19.05,0.01,1.07
2019-04-06,0.012,20.21,19.13,0.01,1.06
2019-04-07,0.01,20.35,19.31,0.01,1.04
2019-04-08,0.004,21.28,20.29,0.0,0.99
2019-04-09,0.0,21.22,21.74,0.0,0.15
2019-04-10,0.0,0.0,0.0,0.0,0.0
2019-04-11,0.0,0.0,0.0,0.0,0.0
2019-04-12,0.0,0.0,0.0,0.0,0.0
2019-04-13,0.0,0.0,0.0,0.0,0.0
2019-04-14,0.0,0.0,0.0,0.0,0.0
2019-04-15,0.0,0.0,0.0,0.0,0.0
2019-04-16,0.0,0.0,0.0,0.0,0.0
2019-04-17,0.0,0.0,0.0,0.0,0.0
2019-04-18,0.0,0.0,0.0,0.0,0.0
2019-04-19,0.0,0.0,0.0,0.0,0.0
2019-04-20,0.0,0.0,0.0,0.0,0.0
2019-04-21,0.0,0.0,0.0,0.0,0.0
2019-04-22,0.0,0.0,0.0,0.0,0.0
2019-04-23,0.0,0.0,0.0,0.0,0.0
2019-04-24,0.0,0.0,0.0,0.0,0.0
2019-04-25,0.0,0.0,0.0,0.0,0.0
2019-04-26,0.0,0.0,0.0,0.0,0.0
2019-04-27,0.0,0.0,0.0,0.0,0.0
2019-04-28,0.0,0.0,0.0,0.0,0.0
2019-04-29,0.0,0.0,0.0,0.0,0.0
2019-04-30,0.0,0.0,0.0,0.0,0.0
2019-05-01,0.0,0.0,0.0,0.0,0.0
2019-05-02,0.0,0.0,0.0,0.0,0.0
2019-05-03,0.0,0.0,0.0,0.0,0.0
2019-05-04,0.0,0.0,0.0,0.0,0.0
2019-05-05,0.0,0.0,0.0,0.0,0.0
2019-05-06,0.0,0.0,0.0,0.0,0.0
2019-05-07,0.0,0.0,0.0,0.0,0.0
2019-05-08,0.0,0.0,0.0,0.0,0.0
2019-05-09,0.0,0.0,0.0,0.0,0.0
2019-05-10,0.0,0.0,0.0,0.0,0.0
2019-05-11,0.0,0.0,0.0,0.0,0.0
2019-05-12,0.0,0.0,0.0,0.0,0.0
2019-05-13,0.0,0.0,0.0,0.0,0.0
2019-05-14,0.0,0.0,0.0,0.0,0.0
2019-05-15,0.764,121.21,7.85,48.94,64.41
2019-05-16,3.908,135.17,14.27,52.21,68.7
2019-05-17,0.448,71.27,7.84,27.32,36.1
2019-05-18,0.656,40.65,8.36,13.08,19.2
2019-05-19,7.002,208.11,16.56,82.69,108.86
2019-05-20,0.641,119.7,8.11,48.14,63.45
2019-05-21,0.111,89.68,6.4,28.42,54.85
2019-05-22,0.029,40.41,9.64,0.0,30.76
2019-05-23,0.015,20.61,15.49,0.01,5.11
2019-05-24,0.008,18.75,17.44,0.0,1.31
2019-05-25,0.004,18.84,17.9,0.0,0.93
2019-05-26,0.003,18.93,18.02,0.0,0.92
2019-05-27,0.002,19.11,18.22,0.0,0.9
2019-05-28,0.002,19.14,18.24,0.0,0.9
2019-05-29,0.001,19.2,18.24,0.0,0.9
2019-05-30,0.001,18.96,18.06,0.0,0.9
2019-05-31,0.001,19.03,18.2,0.0,0.91
2019-06-01,0.001,19.08,18.1,0.0,0.9
2019-06-02,0.0,18.88,17.93,0.0,0.89
2019-06-03,0.0,18.98,18.03,0.0,0.89
2019-06-04,0.0,19.29,17.98,0.0,0.87
2019-06-05,0.0,14.47,13.9,0.0,0.68
2019-06-06,0.0,0.0,0.0,0.0,0.0
2019-06-07,0.0,0.0,0.0,0.0,0.0
2019-06-08,0.0,0.0,0.0,0.0,0.0
2019-06-09,0.0,0.0,0.0,0.0,0.0
2019-06-10,0.0,0.0,0.0,0.0,0.0
2019-06-11,0.0,0.0,0.0,0.0,0.0
2019-06-12,0.0,0.0,0.0,0.0,0.0
2019-06-13,0.0,0.0,0.0,0.0,0.0
2019-06-14,0.0,0.0,0.0,0.0,0.0
2019-06-15,0.0,0.0,0.0,0.0,0.0
2019-06-16,0.0,0.0,0.0,0.0,0.0
2019-06-17,0.0,0.0,0.0,0.0,0.0
2019-06-18,0.0,0.0,0.0,0.0,0.0
2019-06-19,0.0,0.0,0.0,0.0,0.0
2019-06-20,0.0,0.0,0.0,0.0,0.0
2019-06-21,0.0,0.0,0.0,0.0,0.0
2019-06-22,0.0,0.0,0.0,0.0,0.0
2019-06-23,0.0,0.0,0.0,0.0,0.0
2019-06-24,0.0,0.0,0.0,0.0,0.0
2019-06-25,0.0,0.0,0.0,0.0,0.0
2019-06-26,0.0,0.0,0.0,0.0,0.0
2019-06-27,0.0,0.0,0.0,0.0,0.0
2019-06-28,0.0,0.0,0.0,0.0,0.0
2019-06-29,0.0,0.0,0.0,0.0,0.0
2019-06-30,0.0,0.0,0.0,0.0,0.0
2019-07-01,0.0,0.0,0.0,0.0,0.0
2019-07-02,0.0,0.0,0.0,0.0,0.0
2019-07-03,0.0,0.0,0.0,0.0,0.0
2019-07-04,0.0,0.0,0.0,0.0,0.0
2019-07-05,0.0,0.0,0.0,0.0,0.0
2019-07-06,0.0,0.0,0.0,0.0,0.0
2019-07-07,0.0,0.0,0.0,0.0,0.0
2019-07-08,0.0,0.0,0.0,0.0,0.0
2019-07-09,0.0,0.0,0.0,0.0,0.0
2019-07-10,0.0,0.0,0.0,0.0,0.0
2019-07-11,0.0,0.0,0.0,0.0,0.0
2019-07-12,0.0,0.0,0.0,0.0,0.0
2019-07-13,0.0,0.0,0.0,0.0,0.0
2019-07-14,0.0,0.0,0.0,0.0,0.0
2019-07-15,0.0,0.0,0.0,0.0,0.0
2019-07-16,0.0,0.0,0.0,0.0,0.0
2019-07-17,0.0,0.0,0.0,0.0,0.0
2019-07-18,0.0,0.0,0.0,0.0,0.0
2019-07-19,0.0,0.0,0.0,0.0,0.0
2019-07-20,0.0,0.0,0.0,0.0,0.0
2019-07-21,0.0,0.0,0.0,0.0,0.0
2019-07-22,0.0,0.0,0.0,0.0,0.0
2019-07-23,0.0,0.0,0.0,0.0,0.0
2019-07-24,0.0,0.0,0.0,0.0,0.0
2019-07-25,0.0,0.0,0.0,0.0,0.0
2019-07-26,0.0,0.0,0.0,0.0,0.0
2019-07-27,0.0,0.0,0.0,0.0,0.0
2019-07-28,0.0,0.0,0.0,0.0,0.0
2019-07-29,0.0,0.0,0.0,0.0,0.0
2019-07-30,0.0,0.0,0.0,0.0,0.0
2019-07-31,0.0,0.0,0.0,0.0,0.0
2019-08-01,0.0,0.0,0.0,0.0,0.0
2019-08-02,0.0,0.0,0.0,0.0,0.0
2019-08-03,0.0,0.0,0.0,0.0,0.0
2019-08-04,0.0,0.0,0.0,0.0,0.0
2019-08-05,0.0,0.0,0.0,0.0,0.0
2019-08-06,0.0,0.0,0.0,0.0,0.0
2019-08-07,0.0,0.0,0.0,0.0,0.0
2019-08-08,0.0,0.0,0.0,0.0,0.0
2019-08-09,0.0,0.0,0.0,0.0,0.0
2019-08-10,0.0,0.0,0.0,0.0,0.0
2019-08-11,0.0,0.0,0.0,0.0,0.0
2019-08-12,0.0,0.0,0.0,0.0,0.0
2019-08-13,0.0,0.0,0.0,0.0,0.0
2019-08-14,0.0,0.0,0.0,0.0,0.0
2019-08-15,0.0,0.0,0.0,0.0,0.0
2019-08-16,0.0,0.0,0.0,0.0,0.0
2019-08-17,0.0,0.0,0.0,0.0,0.0
2019-08-18,0.0,0.0,0.0,0.0,0.0
2019-08-19,0.0,0.0,0.0,0.0,0.0
2019-08-20,0.0,0.0,0.0,0.0,0.0
2019-08-21,0.0,0.0,0.0,0.0,0.0
2019-08-22,0.0,0.0,0.0,0.0,0.0
2019-08-23,0.0,0.0,0.0,0.0,0.0
2019-08-24,0.0,0.0,0.0,0.0,0.0
2019-08-25,0.0,0.0,0.0,0.0,0.0
2019-08-26,0.0,0.0,0.0,0.0,0.0
2019-08-27,0.0,0.0,0.0,0.0,0.0
2019-08-28,0.0,0.0,0.0,0.0,0.0
2019-08-29,0.0,0.0,0.0,0.0,0.0
2019-08-30,0.0,0.0,0.0,0.0,0.0
2019-08-31,0.0,0.0,0.0,0.0,0.0
2019-09-01,0.0,0.0,0.0,0.0,0.0
2019-09-02,0.0,0.0,0.0,0.0,0.0
2019-09-03,0.0,0.0,0.0,0.0,0.0
2019-09-04,0.0,0.0,0.0,0.0,0.0
2019-09-05,0.0,0.0,0.0,0.0,0.0
2019-09-06,0.0,0.0,0.0,0.0,0.0
2019-09-07,0.0,0.0,0.0,0.0,0.0
2019-09-08,0.0,0.0,0.0,0.0,0.0
2019-09-09,0.0,0.0,0.0,0.0,0.0
2019-09-10,0.0,0.0,0.0,0.0,0.0
2019-09-11,0.0,0.0,0.0,0.0,0.0
2019-09-12,0.0,0.0,0.0,0.0,0.0
2019-09-13,0.0,0.0,0.0,0.0,0.0
2019-09-14,0.0,0.0,0.0,0.0,0.0
2019-09-15,0.0,0.0,0.0,0.0,0.0
2019-09-16,0.289,75.32,20.89,23.5,30.93
2019-09-17,0.013,45.15,23.15,7.28,14.72
2019-09-18,0.0,23.15,21.85,0.0,1.53
2019-09-19,0.0,17.36,17.74,0.0,0.83
2019-09-20,0.0,11.57,10.49,0.0,0.45
2019-09-21,0.0,0.0,0.0,0.0,0.0
2019-09-22,0.0,0.0,0.0,0.0,0.0
2019-09-23,0.0,0.0,0.0,0.0,0.0
2019-09-24,0.0,0.0,0.0,0.0,0.0
2019-09-25,0.0,0.0,0.0,0.0,0.0
2019-09-26,0.0,0.0,0.0,0.0,0.0
2019-09-27,0.0,0.0,0.0,0.0,0.0
2019-09-28,0.0,0.0,0.0,0.0,0.0
2019-09-29,0.0,0.0,0.0,0.0,0.0
2019-09-30,0.0,0.0,0.0,0.0,0.0
2019-10-01,0.0,0.0,0.0,0.0,0.0
2019-10-02,0.0,0.0,0.0,0.0,0.0
2019-10-03,0.0,0.0,0.0,0.0,0.0
2019-10-04,0.0,0.0,0.0,0.0,0.0
2019-10-05,0.0,0.0,0.0,0.0,0.0
2019-10-06,0.0,0.0,0.0,0.0,0.0
2019-10-07,0.0,0.0,0.0,0.0,0.0
2019-10-08,0.0,0.0,0.0,0.0,0.0
2019-10-09,0.0,0.0,0.0,0.0,0.0
2019-10-10,0.0,0.0,0.0,0.0,0.0
2019-10-11,0.0,0.0,0.0,0.0,0.0
2019-10-12,0.0,0.0,0.0,0.0,0.0
2019-10-13,0.0,0.0,0.0,0.0,0.0
2019-10-14,0.0,0.0,0.0,0.0,0.0
2019-10-15,0.0,0.0,0.0,0.0,0.0
2019-10-16,0.0,0.0,0.0,0.0,0.0
2019-10-17,0.0,0.0,0.0,0.0,0.0
2019-10-18,0.0,0.0,0.0,0.0,0.0
2019-10-19,0.0,0.0,0.0,0.0,0.0
2019-10-20,0.0,0.0,0.0,0.0,0.0
2019-10-21,0.0,0.0,0.0,0.0,0.0
2019-10-22,0.0,0.0,0.0,0.0,0.0
2019-10-23,0.0,0.0,0.0,0.0,0.0
2019-10-24,0.0,0.0,0.0,0.0,0.0
2019-10-25,0.0,0.0,0.0,0.0,0.0
2019-10-26,0.0,0.0,0.0,0.0,0.0
2019-10-27,0.0,0.0,0.0,0.0,0.0
2019-10-28,0.0,0.0,0.0,0.0,0.0
2019-10-29,0.0,0.0,0.0,0.0,0.0
2019-10-30,0.0,0.0,0.0,0.0,0.0
2019-10-31,0.0,0.0,0.0,0.0,0.0
2019-11-01,0.0,0.0,0.0,0.0,0.0
2019-11-02,0.0,0.0,0.0,0.0,0.0
2019-11-03,0.0,0.0,0.0,0.0,0.0
2019-11-04,0.0,0.0,0.0,0.0,0.0
2019-11-05,0.0,0.0,0.0,0.0,0.0
2019-11-06,0.0,0.0,0.0,0.0,0.0
2019-11-07,0.0,0.0,0.0,0.0,0.0
2019-11-08,0.0,0.0,0.0,0.0,0.0
2019-11-09,0.0,0.0,0.0,0.0,0.0
2019-11-10,0.0,0.0,0.0,0.0,0.0
2019-11-11,0.0,0.0,0.0,0.0,0.0
2019-11-12,0.0,0.0,0.0,0.0,0.0
2019-11-13,0.0,0.0,0.0,0.0,0.0
2019-11-14,0.0,0.0,0.0,0.0,0.0
2019-11-15,0.0,0.0,0.0,0.0,0.0
2019-11-16,0.0,0.0,0.0,0.0,0.0
2019-11-17,0.0,0.0,0.0,0.0,0.0
2019-11-18,0.0,0.0,0.0,0.0,0.0
2019-11-19,0.0,0.0,0.0,0.0,0.0
2019-11-20,0.0,0.0,0.0,0.0,0.0
2019-11-21,0.0,0.0,0.0,0.0,0.0
2019-11-22,0.0,0.0,0.0,0.0,0.0
2019-11-23,0.0,0.0,0.0,0.0,0.0
2019-11-24,0.0,0.0,0.0,0.0,0.0
2019-11-25,0.0,0.0,0.0,0.0,0.0
2019-11-26,3.962,324.5,18.18,132.27,174.04
2019-11-27,8.187,161.52,16.46,62.64,82.42
2019-11-28,0.599,83.46,7.57,32.74,43.15
2019-11-29,0.103,64.03,5.67,19.63,38.73
2019-11-30,0.065,29.56,14.52,2.45,12.58
2019-12-01,0.073,27.41,17.54,3.88,5.99
2019-12-02,2.685,101.61,15.34,37.24,49.02
2019-12-03,0.412,86.34,7.86,33.81,44.67
2019-12-04,4.053,92.06,13.78,33.8,44.48
2019-12-05,0.743,59.34,8.61,21.89,28.85
2019-12-06,0.123,43.05,6.0,13.43,23.63
2019-12-07,6.959,364.17,24.85,143.74,195.58
2019-12-08,5.629,124.38,14.02,47.38,62.98
2019-12-09,0.493,78.82,7.26,30.87,40.69
2019-12-10,0.104,51.73,7.93,12.99,30.81
2019-12-11,0.032,26.16,11.93,0.0,14.23
2019-12-12,0.018,18.59,16.07,0.01,2.51
2019-12-13,0.014,18.71,17.64,0.0,1.06
2019-12-14,0.011,18.73,17.77,0.0,0.96
2019-12-15,0.01,18.64,17.68,0.0,0.96
2019-12-16,0.009,19.21,18.24,0.0,0.97
2019-12-17,0.005,18.89,17.98,0.0,0.91
2019-12-18,0.004,18.9,17.99,0.0,0.92
2019-12-19,0.003,18.96,18.05,0.0,0.91
2019-12-20,0.003,18.94,18.02,0.0,0.91
2019-12-21,0.002,18.95,18.04,0.0,0.9
2019-12-22,6.589,144.63,15.89,55.59,73.15
2019-12-23,0.652,91.94,7.83,36.29,47.82
2019-12-24,0.113,69.86,6.0,22.31,41.55
2019-12-25,0.026,34.95,8.36,0.0,26.59
2019-12-26,0.009,18.85,12.63,0.0,6.21
2019-12-27,0.006,17.36,16.13,0.0,1.23
2019-12-28,0.004,18.38,17.49,0.0,0.91
2019-12-29,0.003,18.72,17.82,0.0,0.9
2019-12-30,0.003,18.81,17.88,0.0,0.9
2019-12-31,0.002,18.9,17.99,0.0,0.9
2020-01-01,0.002,18.67,17.78,0.0,0.89
2020-01-02,0.001,18.89,17.99,0.0,0.89
2020-01-03,0.001,18.75,17.86,0.0,0.9
2020-01-04,0.001,18.91,17.96,0.0,0.9
2020-01-05,0.001,18.63,17.77,0.0,0.89
2020-01-06,0.001,18.84,17.87,0.0,0.89
2020-01-07,0.0,18.81,17.88,0.0,0.9
2020-01-08,0.0,18.45,17.72,0.0,0.89
2020-01-09,0.0,17.81,17.03,0.0,0.86
2020-01-10,0.0,18.41,17.66,0.0,0.89
2020-01-11,0.0,18.65,17.73,0.0,0.89
2020-01-12,0.0,18.52,17.64,0.0,0.89
2020-01-13,0.0,19.29,17.67,0.0,0.88
2020-01-14,0.0,18.0,17.47,0.0,0.87
2020-01-15,0.0,18.19,18.0,0.0,0.89
2020-01-16,7.398,280.86,19.33,112.55,148.98
2020-01-17,1.493,132.82,10.49,52.78,69.54
2020-01-18,0.212,105.99,5.87,42.04,58.08
2020-01-19,0.043,53.35,6.48,0.03,46.84
2020-01-20,0.012,27.03,10.35,0.0,16.67
2020-01-21,0.007,17.86,15.5,0.0,2.35
2020-01-22,0.005,18.39,17.43,0.0,0.98
2020-01-23,0.003,18.8,17.92,0.0,0.9
2020-01-24,0.003,18.94,18.02,0.0,0.91
2020-01-25,0.002,18.96,18.03,0.0,0.91
2020-01-26,0.361,42.97,16.27,11.21,15.49
2020-01-27,0.045,18.58,10.25,0.97,7.37
2020-01-28,0.008,11.21,8.26,0.0,2.95
2020-01-29,0.003,13.29,12.33,0.0,0.96
2020-01-30,0.001,16.71,15.91,0.0,0.8
2020-01-31,0.001,18.27,17.46,0.0,0.86
2020-02-01,0.001,18.88,18.0,0.0,0.89
2020-02-02,0.001,19.36,18.31,0.0,0.88
2020-02-03,0.0,19.4,18.39,0.0,0.9
2020-02-04,0.0,19.29,17.78,0.0,0.88
2020-02-05,0.0,19.68,18.47,0.0,0.93
2020-02-06,0.0,18.81,18.09,0.0,0.89
2020-02-07,0.0,18.94,18.64,0.0,0.92
2020-02-08,0.0,17.36,16.32,0.0,0.8
2020-02-09,0.0,11.57,14.83,0.0,0.55
2020-02-10,0.0,0.0,0.0,0.0,0.0
2020-02-11,0.0,0.0,0.0,0.0,0.0
2020-02-12,0.0,0.0,0.0,0.0,0.0
2020-02-13,0.0,0.0,0.0,0.0,0.0
2020-02-14,0.0,0.0,0.0,0.0,0.0
2020-02-15,0.0,0.0,0.0,0.0,0.0
2020-02-16,0.0,0.0,0.0,0.0,0.0
2020-02-17,0.0,0.0,0.0,0.0,0.0
2020-02-18,0.0,0.0,0.0,0.0,0.0
2020-02-19,0.0,0.0,0.0,0.0,0.0
2020-02-20,0.0,0.0,0.0,0.0,0.0
2020-02-21,0.0,0.0,0.0,0.0,0.0
2020-02-22,0.0,0.0,0.0,0.0,0.0
2020-02-23,0.0,0.0,0.0,0.0,0.0
2020-02-24,0.0,0.0,0.0,0.0,0.0
2020-02-25,0.0,0.0,0.0,0.0,0.0
2020-02-26,0.0,0.0,0.0,0.0,0.0
2020-02-27,0.0,0.0,0.0,0.0,0.0
2020-02-28,0.0,0.0,0.0,0.0,0.0
2020-02-29,0.0,0.0,0.0,0.0,0.0
2020-03-01,0.0,0.0,0.0,0.0,0.0
2020-03-02,0.0,0.0,0.0,0.0,0.0
2020-03-03,0.0,0.0,0.0,0.0,0.0
2020-03-04,0.0,0.0,0.0,0.0,0.0
2020-03-05,0.0,0.0,0.0,0.0,0.0
2020-03-06,0.0,0.0,0.0,0.0,0.0
2020-03-07,0.0,0.0,0.0,0.0,0.0
2020-03-08,0.0,0.0,0.0,0.0,0.0
2020-03-09,0.0,0.0,0.0,0.0,0.0
2020-03-10,0.0,0.0,0.0,0.0,0.0
2020-03-11,0.0,0.0,0.0,0.0,0.0
2020-03-12,0.0,0.0,0.0,0.0,0.0
2020-03-13,0.0,0.0,0.0,0.0,0.0
2020-03-14,1.061,85.58,13.53,31.07,40.98
2020-03-15,3.63,73.99,12.79,26.4,34.79
2020-03-16,5.53,102.96,15.15,37.92,49.9
2020-03-17,0.407,67.31,6.52,26.21,34.58
2020-03-18,0.077,45.27,6.03,9.95,29.29
2020-03-19,0.021,24.09,9.73,0.0,14.37
2020-03-20,0.009,17.61,14.86,0.0,2.74
2020-03-21,0.005,17.96,16.94,0.0,1.02
2020-03-22,0.004,18.92,18.02,0.0,0.91
2020-03-23,0.003,19.18,18.28,0.0,0.91
2020-03-24,0.002,19.17,18.24,0.0,0.92
2020-03-25,0.523,52.44,13.71,16.56,22.17
2020-03-26,0.096,30.22,7.97,6.58,15.66
2020-03-27,0.017,16.92,6.16,0.0,10.75
2020-03-28,0.005,12.94,10.07,0.0,2.87
2020-03-29,0.002,15.63,14.66,0.0,0.95
2020-03-30,0.001,18.17,17.27,0.0,0.86
2020-03-31,0.001,18.92,18.02,0.0,0.89
2020-04-01,0.001,19.01,18.13,0.0,0.88
2020-04-02,0.001,19.08,18.22,0.0,0.9
2020-04-03,0.0,18.94,18.04,0.0,0.89
2020-04-04,2.997,180.58,15.46,71.3,93.81
2020-04-05,12.965,153.64,19.97,57.72,75.95
2020-04-06,3.826,122.41,12.0,47.67,62.73
2020-04-07,0.71,104.75,7.87,41.81,55.07
2020-04-08,0.131,75.17,6.81,24.77,43.58
2020-04-09,0.036,34.64,10.57,0.0,24.07
2020-04-10,0.015,19.84,14.82,0.0,5.02
2020-04-11,0.009,18.35,17.1,0.0,1.24
2020-04-12,0.007,18.83,17.89,0.0,0.94
2020-04-13,0.005,19.01,18.07,0.0,0.92
2020-04-14,0.004,19.05,18.15,0.0,0.91
2020-04-15,0.003,18.99,18.08,0.0,0.91
2020-04-16,0.002,18.9,18.01,0.0,0.92
2020-04-17,0.002,18.99,18.1,0.0,0.9
2020-04-18,0.001,18.78,17.96,0.0,0.89
2020-04-19,0.001,18.94,18.14,0.0,0.9
2020-04-20,0.001,18.84,17.92,0.0,0.89
2020-04-21,0.001,18.76,17.85,0.0,0.89
2020-04-22,0.0,19.1,18.14,0.0,0.9
2020-04-23,0.0,18.81,17.77,0.0,0.88
2020-04-24,0.0,19.29,18.01,0.0,0.88
2020-04-25,0.0,11.57,12.41,0.0,0.67
2020-04-26,0.0,0.0,0.0,0.0,0.0
2020-04-27,0.0,0.0,0.0,0.0,0.0
2020-04-28,0.0,0.0,0.0,0.0,0.0
2020-04-29,0.0,0.0,0.0,0.0,0.0
2020-04-30,0.0,0.0,0.0,0.0,0.0
2020-05-01,0.0,0.0,0.0,0.0,0.0
2020-05-02,0.0,0.0,0.0,0.0,0.0
2020-05-03,0.0,0.0,0.0,0.0,0.0
2020-05-04,0.0,0.0,0.0,0.0,0.0
2020-05-05,0.0,0.0,0.0,0.0,0.0
2020-05-06,0.0,0.0,0.0,0.0,0.0
2020-05-07,0.0,0.0,0.0,0.0,0.0
2020-05-08,0.0,0.0,0.0,0.0,0.0
2020-05-09,0.0,0.0,0.0,0.0,0.0
2020-05-10,0.0,0.0,0.0,0.0,0.0
2020-05-11,0.0,0.0,0.0,0.0,0.0
2020-05-12,0.0,0.0,0.0,0.0,0.0
2020-05-13,0.0,0.0,0.0,0.0,0.0
2020-05-14,0.0,0.0,0.0,0.0,0.0
2020-05-15,0.0,0.0,0.0,0.0,0.0
2020-05-16,0.0,0.0,0.0,0.0,0.0
2020-05-17,0.0,0.0,0.0,0.0,0.0
2020-05-18,0.859,71.39,12.99,25.16,33.23
2020-05-19,0.167,74.89,8.2,25.77,40.92
2020-05-20,0.026,44.54,4.87,0.0,39.67
2020-05-21,0.005,21.95,4.93,0.0,17.02
2020-05-22,0.001,9.83,5.36,0.0,4.57
2020-05-23,0.0,5.79,4.73,0.0,1.11
2020-05-24,0.0,3.86,4.7,0.0,0.3
2020-05-25,0.0,0.0,2.62,0.0,0.04
2020-05-26,0.0,0.0,0.0,0.0,0.0
2020-05-27,0.0,0.0,0.0,0.0,0.0
2020-05-28,0.0,0.0,0.0,0.0,0.0
2020-05-29,0.0,0.0,0.0,0.0,0.0
2020-05-30,0.0,0.0,0.0,0.0,0.0
2020-05-31,0.0,0.0,0.0,0.0,0.0
2020-06-01,0.0,0.0,0.0,0.0,0.0
2020-06-02,0.0,0.0,0.0,0.0,0.0
2020-06-03,0.0,0.0,0.0,0.0,0.0
2020-06-04,0.0,0.0,0.0,0.0,0.0
2020-06-05,0.0,0.0,0.0,0.0,0.0
2020-06-06,0.0,0.0,0.0,0.0,0.0
2020-06-07,0.0,0.0,0.0,0.0,0.0
2020-06-08,0.0,0.0,0.0,0.0,0.0
2020-06-09,0.0,0.0,0.0,0.0,0.0
2020-06-10,0.0,0.0,0.0,0.0,0.0
2020-06-11,0.0,0.0,0.0,0.0,0.0
2020-06-12,0.0,0.0,0.0,0.0,0.0
2020-06-13,0.0,0.0,0.0,0.0,0.0
2020-06-14,0.0,0.0,0.0,0.0,0.0
2020-06-15,0.0,0.0,0.0,0.0,0.0
2020-06-16,0.0,0.0,0.0,0.0,0.0
2020-06-17,0.0,0.0,0.0,0.0,0.0
2020-06-18,0.0,0.0,0.0,0.0,0.0
2020-06-19,0.0,0.0,0.0,0.0,0.0
2020-06-20,0.0,0.0,0.0,0.0,0.0
2020-06-21,0.0,0.0,0.0,0.0,0.0
2020-06-22,0.0,0.0,0.0,0.0,0.0
2020-06-23,0.0,0.0,0.0,0.0,0.0
2020-06-24,0.0,0.0,0.0,0.0,0.0
2020-06-25,0.0,0.0,0.0,0.0,0.0
2020-06-26,0.0,0.0,0.0,0.0,0.0
2020-06-27,0.0,0.0,0.0,0.0,0.0
2020-06-28,0.0,0.0,0.0,0.0,0.0
2020-06-29,0.0,0.0,0.0,0.0,0.0
2020-06-30,0.0,0.0,0.0,0.0,0.0
2020-07-01,0.0,0.0,0.0,0.0,0.0
2020-07-02,0.0,0.0,0.0,0.0,0.0
2020-07-03,0.0,0.0,0.0,0.0,0.0
2020-07-04,0.0,0.0,0.0,0.0,0.0
2020-07-05,0.0,0.0,0.0,0.0,0.0
2020-07-06,0.0,0.0,0.0,0.0,0.0
2020-07-07,0.0,0.0,0.0,0.0,0.0
2020-07-08,0.0,0.0,0.0,0.0,0.0
2020-07-09,0.0,0.0,0.0,0.0,0.0
2020-07-10,0.0,0.0,0.0,0.0,0.0
2020-07-11,0.0,0.0,0.0,0.0,0.0
2020-07-12,0.0,0.0,0.0,0.0,0.0
2020-07-13,0.0,0.0,0.0,0.0,0.0
2020-07-14,0.0,0.0,0.0,0.0,0.0
2020-07-15,0.0,0.0,0.0,0.0,0.0
2020-07-16,0.0,0.0,0.0,0.0,0.0
2020-07-17,0.0,0.0,0.0,0.0,0.0
2020-07-18,0.0,0.0,0.0,0.0,0.0
2020-07-19,0.0,0.0,0.0,0.0,0.0
2020-07-20,0.0,0.0,0.0,0.0,0.0
2020-07-21,0.0,0.0,0.0,0.0,0.0
2020-07-22,0.0,0.0,0.0,0.0,0.0
2020-07-23,0.0,0.0,0.0,0.0,0.0
2020-07-24,0.0,0.0,0.0,0.0,0.0
2020-07-25,0.0,0.0,0.0,0.0,0.0
2020-07-26,0.0,0.0,0.0,0.0,0.0
2020-07-27,0.0,0.0,0.0,0.0,0.0
2020-07-28,0.0,0.0,0.0,0.0,0.0
2020-07-29,0.0,0.0,0.0,0.0,0.0
2020-07-30,0.0,0.0,0.0,0.0,0.0
2020-07-31,0.0,0.0,0.0,0.0,0.0
2020-08-01,0.0,0.0,0.0,0.0,0.0
2020-08-02,0.0,0.0,0.0,0.0,0.0
2020-08-03,0.0,0.0,0.0,0.0,0.0
2020-08-04,0.0,0.0,0.0,0.0,0.0
2020-08-05,0.0,0.0,0.0,0.0,0.0
2020-08-06,0.0,0.0,0.0,0.0,0.0
2020-08-07,0.0,0.0,0.0,0.0,0.0
2020-08-08,0.0,0.0,0.0,0.0,0.0
2020-08-09,0.0,0.0,0.0,0.0,0.0
2020-08-10,0.0,0.0,0.0,0.0,0.0
2020-08-11,0.0,0.0,0.0,0.0,0.0
2020-08-12,0.0,0.0,0.0,0.0,0.0
2020-08-13,0.0,0.0,0.0,0.0,0.0
2020-08-14,0.0,0.0,0.0,0.0,0.0
2020-08-15,0.0,0.0,0.0,0.0,0.0
2020-08-16,0.0,0.0,0.0,0.0,0.0
2020-08-17,0.0,0.0,0.0,0.0,0.0
2020-08-18,0.0,0.0,0.0,0.0,0.0
2020-08-19,0.0,0.0,0.0,0.0,0.0
2020-08-20,0.0,0.0,0.0,0.0,0.0
2020-08-21,0.0,0.0,0.0,0.0,0.0
2020-08-22,0.0,0.0,0.0,0.0,0.0
2020-08-23,0.0,0.0,0.0,0.0,0.0
2020-08-24,0.0,0.0,0.0,0.0,0.0
2020-08-25,0.0,0.0,0.0,0.0,0.0
2020-08-26,0.0,0.0,0.0,0.0,0.0
2020-08-27,0.0,0.0,0.0,0.0,0.0
2020-08-28,0.0,0.0,0.0,0.0,0.0
2020-08-29,0.0,0.0,0.0,0.0,0.0
2020-08-30,0.0,0.0,0.0,0.0,0.0
2020-08-31,0.0,0.0,0.0,0.0,0.0
2020-09-01,0.0,0.0,0.0,0.0,0.0
2020-09-02,0.0,0.0,0.0,0.0,0.0
2020-09-03,0.0,0.0,0.0,0.0,0.0
2020-09-04,0.0,0.0,0.0,0.0,0.0
2020-09-05,0.0,0.0,0.0,0.0,0.0
2020-09-06,0.0,0.0,0.0,0.0,0.0
2020-09-07,0.0,0.0,0.0,0.0,0.0
2020-09-08,0.0,0.0,0.0,0.0,0.0
2020-09-09,0.0,0.0,0.0,0.0,0.0
2020-09-10,0.0,0.0,0.0,0.0,0.0
2020-09-11,0.0,0.0,0.0,0.0,0.0
2020-09-12,0.0,0.0,0.0,0.0,0.0
2020-09-13,0.0,0.0,0.0,0.0,0.0
2020-09-14,0.0,0.0,0.0,0.0,0.0
2020-09-15,0.0,0.0,0.0,0.0,0.0
2020-09-16,0.0,0.0,0.0,0.0,0.0
2020-09-17,0.0,0.0,0.0,0.0,0.0
2020-09-18,0.0,0.0,0.0,0.0,0.0
2020-09-19,0.0,0.0,0.0,0.0,0.0
2020-09-20,0.0,0.0,0.0,0.0,0.0
2020-09-21,0.0,0.0,0.0,0.0,0.0
2020-09-22,0.0,0.0,0.0,0.0,0.0
2020-09-23,0.0,0.0,0.0,0.0,0.0
2020-09-24,0.0,0.0,0.0,0.0,0.0
2020-09-25,0.0,0.0,0.0,0.0,0.0
2020-09-26,0.0,0.0,0.0,0.0,0.0
2020-09-27,0.0,0.0,0.0,0.0,0.0
2020-09-28,0.0,0.0,0.0,0.0,0.0
2020-09-29,0.0,0.0,0.0,0.0,0.0
2020-09-30,0.0,0.0,0.0,0.0,0.0
2020-10-01,0.0,0.0,0.0,0.0,0.0
2020-10-02,0.0,0.0,0.0,0.0,0.0
2020-10-03,0.0,0.0,0.0,0.0,0.0
2020-10-04,0.0,0.0,0.0,0.0,0.0
2020-10-05,0.0,0.0,0.0,0.0,0.0
2020-10-06,0.0,0.0,0.0,0.0,0.0
2020-10-07,0.0,0.0,0.0,0.0,0.0
2020-10-08,0.0,0.0,0.0,0.0,0.0
2020-10-09,0.0,0.0,0.0,0.0,0.0
2020-10-10,0.0,0.0,0.0,0.0,0.0
2020-10-11,0.0,0.0,0.0,0.0,0.0
2020-10-12,0.0,0.0,0.0,0.0,0.0
2020-10-13,0.0,0.0,0.0,0.0,0.0
2020-10-14,0.0,0.0,0.0,0.0,0.0
2020-10-15,0.0,0.0,0.0,0.0,0.0
2020-10-16,0.0,0.0,0.0,0.0,0.0
2020-10-17,0.0,0.0,0.0,0.0,0.0
2020-10-18,0.0,0.0,0.0,0.0,0.0
2020-10-19,0.0,0.0,0.0,0.0,0.0
2020-10-20,0.0,0.0,0.0,0.0,0.0
2020-10-21,0.0,0.0,0.0,0.0,0.0
2020-10-22,0.0,0.0,0.0,0.0,0.0
2020-10-23,0.0,0.0,0.0,0.0,0.0
2020-10-24,0.0,0.0,0.0,0.0,0.0
2020-10-25,0.0,0.0,0.0,0.0,0.0
2020-10-26,0.0,0.0,0.0,0.0,0.0
2020-10-27,0.0,0.0,0.0,0.0,0.0
2020-10-28,0.0,0.0,0.0,0.0,0.0
2020-10-29,0.0,0.0,0.0,0.0,0.0
2020-10-30,0.0,0.0,0.0,0.0,0.0
2020-10-31,0.0,0.0,0.0,0.0,0.0
2020-11-01,0.0,0.0,0.0,0.0,0.0
2020-11-02,0.0,0.0,0.0,0.0,0.0
2020-11-03,0.0,0.0,0.0,0.0,0.0
2020-11-04,0.0,0.0,0.0,0.0,0.0
2020-11-05,0.0,0.0,0.0,0.0,0.0
2020-11-06,0.0,0.0,0.0,0.0,0.0
2020-11-07,0.0,0.0,0.0,0.0,0.0
2020-11-08,0.0,0.0,0.0,0.0,0.0
2020-11-09,0.0,0.0,0.0,0.0,0.0
2020-11-10,0.0,0.0,0.0,0.0,0.0
2020-11-11,0.0,0.0,0.0,0.0,0.0
2020-11-12,0.0,0.0,0.0,0.0,0.0
2020-11-13,0.0,0.0,0.0,0.0,0.0
2020-11-14,0.0,0.0,0.0,0.0,0.0
2020-11-15,0.0,0.0,0.0,0.0,0.0
2020-11-16,0.0,0.0,0.0,0.0,0.0
2020-11-17,0.0,0.0,0.0,0.0,0.0
2020-11-18,0.0,0.0,0.0,0.0,0.0
2020-11-19,0.0,0.0,0.0,0.0,0.0
2020-11-20,0.0,0.0,0.0,0.0,0.0
2020-11-21,0.0,0.0,0.0,0.0,0.0
2020-11-22,0.0,0.0,0.0,0.0,0.0
2020-11-23,0.0,0.0,0.0,0.0,0.0
2020-11-24,0.0,0.0,0.0,0.0,0.0
2020-11-25,0.0,0.0,0.0,0.0,0.0
2020-11-26,0.0,0.0,0.0,0.0,0.0
2020-11-27,0.0,0.0,0.0,0.0,0.0
2020-11-28,0.0,0.0,0.0,0.0,0.0
2020-11-29,0.0,0.0,0.0,0.0,0.0
2020-11-30,0.0,0.0,0.0,0.0,0.0
2020-12-01,0.0,0.0,0.0,0.0,0.0
2020-12-02,0.0,0.0,0.0,0.0,0.0
2020-12-03,0.0,0.0,0.0,0.0,0.0
2020-12-04,0.0,0.0,0.0,0.0,0.0
2020-12-05,0.0,0.0,0.0,0.0,0.0
2020-12-06,0.0,0.0,0.0,0.0,0.0
2020-12-07,0.0,0.0,0.0,0.0,0.0
2020-12-08,0.0,0.0,0.0,0.0,0.0
2020-12-09,0.0,0.0,0.0,0.0,0.0
2020-12-10,0.0,0.0,0.0,0.0,0.0
2020-12-11,0.0,0.0,0.0,0.0,0.0
2020-12-12,2.766,99.56,12.96,37.4,49.21
2020-12-13,3.955,77.1,11.51,28.33,37.27
2020-12-14,0.993,52.52,9.69,18.49,24.34
2020-12-15,0.139,41.44,5.14,14.04,22.26
2020-12-16,0.028,23.15,6.04,0.0,17.11
2020-12-17,2.298,84.19,11.14,31.54,41.52
2020-12-18,0.395,73.15,6.44,28.73,37.98
2020-12-19,0.071,49.49,5.31,10.77,33.41
2020-12-20,0.016,26.66,7.47,0.0,19.18
2020-12-21,0.005,16.02,12.02,0.0,4.0
2020-12-22,0.003,16.93,15.87,0.0,1.07
2020-12-23,0.002,18.2,17.31,0.0,0.88
2020-12-24,0.002,18.45,17.55,0.0,0.89
2020-12-25,0.002,18.69,17.77,0.0,0.91
2020-12-26,0.002,18.55,17.66,0.0,0.89
2020-12-27,0.002,18.63,17.77,0.0,0.9
2020-12-28,0.001,18.55,17.68,0.0,0.89
2020-12-29,0.001,18.69,17.79,0.0,0.88
2020-12-30,0.001,18.7,17.9,0.0,0.9
2020-12-31,0.001,18.43,17.56,0.0,0.89
2021-01-01,0.001,18.88,17.89,0.0,0.9
2021-01-02,0.001,18.86,17.96,0.0,0.92
2021-01-03,0.001,18.55,17.74,0.0,0.88
2021-01-04,0.001,18.71,17.75,0.0,0.89
2021-01-05,0.001,18.52,17.68,0.0,0.89
2021-01-06,0.001,18.75,17.88,0.0,0.9
2021-01-07,0.0,18.68,17.68,0.0,0.88
2021-01-08,0.0,18.77,17.83,0.0,0.89
2021-01-09,0.0,18.45,17.76,0.0,0.88
2021-01-10,0.0,18.86,17.88,0.0,0.9
2021-01-11,0.0,18.52,17.76,0.0,0.89
2021-01-12,0.0,18.88,18.08,0.0,0.89
2021-01-13,0.0,19.01,17.51,0.0,0.87
2021-01-14,0.0,18.7,17.83,0.0,0.89
2021-01-15,0.0,19.29,18.96,0.0,0.92
2021-01-16,0.0,18.52,17.13,0.0,0.86
2021-01-17,0.0,17.36,19.5,0.0,0.96
2021-01-18,0.0,0.0,0.0,0.0,0.0
2021-01-19,0.0,0.0,0.0,0.0,0.0
2021-01-20,0.0,0.0,0.0,0.0,0.0
2021-01-21,0.0,0.0,0.0,0.0,0.0
2021-01-22,0.0,0.0,0.0,0.0,0.0
2021-01-23,0.0,0.0,0.0,0.0,0.0
2021-01-24,0.0,0.0,0.0,0.0,0.0
2021-01-25,0.127,23.42,11.79,3.89,7.75
2021-01-26,0.025,12.36,6.65,0.0,5.71
2021-01-27,8.115,110.78,14.35,41.64,54.79
2021-01-28,23.788,164.77,22.91,60.65,81.21
2021-01-29,5.799,98.45,15.69,35.73,47.03
2021-01-30,0.447,52.25,6.91,19.57,25.76
2021-01-31,0.106,33.29,8.96,6.64,17.69
2021-02-01,0.04,20.55,13.51,0.02,7.03
2021-02-02,0.025,18.03,16.39,0.01,1.62
2021-02-03,0.023,18.29,17.2,0.02,1.07
2021-02-04,0.017,18.46,17.45,0.01,1.0
2021-02-05,0.011,18.62,17.67,0.0,0.95
2021-02-06,0.008,18.79,17.87,0.0,0.93
2021-02-07,0.006,18.87,17.95,0.0,0.93
2021-02-08,0.005,18.9,17.97,0.0,0.92
2021-02-09,0.004,18.78,17.88,0.0,0.91
2021-02-10,0.003,18.83,17.91,0.0,0.9
2021-02-11,0.002,18.79,17.88,0.0,0.91
2021-02-12,0.002,18.78,17.85,0.0,0.89
2021-02-13,1.522,56.88,13.36,18.71,24.82
2021-02-14,0.219,37.49,6.8,12.7,17.99
2021-02-15,0.039,20.98,5.7,0.01,15.28
2021-02-16,0.009,14.62,7.97,0.0,6.65
2021-02-17,0.003,13.51,11.9,0.0,1.62
2021-02-18,0.001,16.8,15.9,0.0,0.86
2021-02-19,0.001,18.32,17.52,0.0,0.87
2021-02-20,0.001,18.75,17.98,0.0,0.87
2021-02-21,0.001,18.86,17.96,0.0,0.88
2021-02-22,0.0,18.58,17.87,0.0,0.87
2021-02-23,0.0,19.12,18.34,0.0,0.88
2021-02-24,0.0,16.53,16.95,0.0,0.81
2021-02-25,0.0,0.0,0.0,0.0,0.0
2021-02-26,0.0,0.0,0.0,0.0,0.0
2021-02-27,0.0,0.0,0.0,0.0,0.0
2021-02-28,0.0,0.0,0.0,0.0,0.0
2021-03-01,0.0,0.0,0.0,0.0,0.0
2021-03-02,0.0,0.0,0.0,0.0,0.0
2021-03-03,0.0,0.0,0.0,0.0,0.0
2021-03-04,0.0,0.0,0.0,0.0,0.0
2021-03-05,0.0,0.0,0.0,0.0,0.0
2021-03-06,0.126,25.8,11.95,5.15,8.71
2021-03-07,0.039,14.69,7.42,0.0,7.27
2021-03-08,0.006,8.64,4.73,0.0,3.91
2021-03-09,0.001,5.59,4.5,0.0,1.12
2021-03-10,2.799,71.9,13.14,25.32,33.44
2021-03-11,3.445,59.18,11.16,20.72,27.29
2021-03-12,0.375,47.31,5.79,17.88,23.64
2021-03-13,0.07,32.22,5.34,6.39,20.49
2021-03-14,0.016,19.32,7.29,0.0,12.04
2021-03-15,0.005,14.28,11.44,0.0,2.86
2021-03-16,0.002,16.51,15.54,0.0,0.97
2021-03-17,0.002,18.25,17.32,0.0,0.87
2021-03-18,0.002,18.52,17.64,0.0,0.9
2021-03-19,0.001,18.91,18.01,0.0,0.87
2021-03-20,0.001,18.79,17.95,0.0,0.89
2021-03-21,0.001,18.83,17.97,0.0,0.89
2021-03-22,0.001,19.14,18.14,0.0,0.9
2021-03-23,0.0,19.61,18.83,0.0,0.91
2021-03-24,0.0,18.52,17.29,0.0,0.88
2021-03-25,0.0,18.0,17.18,0.0,0.87
2021-03-26,0.0,18.94,18.47,0.0,0.91
2021-03-27,0.0,16.2,16.79,0.0,0.83
2021-03-28,0.0,0.0,0.0,0.0,0.0
2021-03-29,0.0,0.0,0.0,0.0,0.0
2021-03-30,0.0,0.0,0.0,0.0,0.0
2021-03-31,0.0,0.0,0.0,0.0,0.0
2021-04-01,0.0,0.0,0.0,0.0,0.0
2021-04-02,0.0,0.0,0.0,0.0,0.0
2021-04-03,0.0,0.0,0.0,0.0,0.0
2021-04-04,0.0,0.0,0.0,0.0,0.0
2021-04-05,0.0,0.0,0.0,0.0,0.0
2021-04-06,0.0,0.0,0.0,0.0,0.0
2021-04-07,0.0,0.0,0.0,0.0,0.0
2021-04-08,0.0,0.0,0.0,0.0,0.0
2021-04-09,0.0,0.0,0.0,0.0,0.0
2021-04-10,0.0,0.0,0.0,0.0,0.0
2021-04-11,0.0,0.0,0.0,0.0,0.0
2021-04-12,0.0,0.0,0.0,0.0,0.0
2021-04-13,0.0,0.0,0.0,0.0,0.0
2021-04-14,0.0,0.0,0.0,0.0,0.0
2021-04-15,0.0,0.0,0.0,0.0,0.0
2021-04-16,0.0,0.0,0.0,0.0,0.0
2021-04-17,0.0,0.0,0.0,0.0,0.0
2021-04-18,0.0,0.0,0.0,0.0,0.0
2021-04-19,0.0,0.0,0.0,0.0,0.0
2021-04-20,0.0,0.0,0.0,0.0,0.0
2021-04-21,0.0,0.0,0.0,0.0,0.0
2021-04-22,0.0,0.0,0.0,0.0,0.0
2021-04-23,0.0,0.0,0.0,0.0,0.0
2021-04-24,0.0,0.0,0.0,0.0,0.0
2021-04-25,0.0,0.0,0.0,0.0,0.0
2021-04-26,0.0,0.0,0.0,0.0,0.0
2021-04-27,0.0,0.0,0.0,0.0,0.0
2021-04-28,0.0,0.0,0.0,0.0,0.0
2021-04-29,0.0,0.0,0.0,0.0,0.0
2021-04-30,0.0,0.0,0.0,0.0,0.0
2021-05-01,0.0,0.0,0.0,0.0,0.0
2021-05-02,0.0,0.0,0.0,0.0,0.0
2021-05-03,0.0,0.0,0.0,0.0,0.0
2021-05-04,0.0,0.0,0.0,0.0,0.0
2021-05-05,0.0,0.0,0.0,0.0,0.0
2021-05-06,0.0,0.0,0.0,0.0,0.0
2021-05-07,0.0,0.0,0.0,0.0,0.0
2021-05-08,0.0,0.0,0.0,0.0,0.0
2021-05-09,0.0,0.0,0.0,0.0,0.0
2021-05-10,0.0,0.0,0.0,0.0,0.0
2021-05-11,0.0,0.0,0.0,0.0,0.0
2021-05-12,0.0,0.0,0.0,0.0,0.0
2021-05-13,0.0,0.0,0.0,0.0,0.0
2021-05-14,0.0,0.0,0.0,0.0,0.0
2021-05-15,0.0,0.0,0.0,0.0,0.0
2021-05-16,0.0,0.0,0.0,0.0,0.0
2021-05-17,0.0,0.0,0.0,0.0,0.0
2021-05-18,0.0,0.0,0.0,0.0,0.0
2021-05-19,0.0,0.0,0.0,0.0,0.0
2021-05-20,0.0,0.0,0.0,0.0,0.0
2021-05-21,0.0,0.0,0.0,0.0,0.0
2021-05-22,0.0,0.0,0.0,0.0,0.0
2021-05-23,0.0,0.0,0.0,0.0,0.0
2021-05-24,0.0,0.0,0.0,0.0,0.0
2021-05-25,0.0,0.0,0.0,0.0,0.0
2021-05-26,0.0,0.0,0.0,0.0,0.0
2021-05-27,0.0,0.0,0.0,0.0,0.0
2021-05-28,0.0,0.0,0.0,0.0,0.0
2021-05-29,0.0,0.0,0.0,0.0,0.0
2021-05-30,0.0,0.0,0.0,0.0,0.0
2021-05-31,0.0,0.0,0.0,0.0,0.0
2021-06-01,0.0,0.0,0.0,0.0,0.0
2021-06-02,0.0,0.0,0.0,0.0,0.0
2021-06-03,0.0,0.0,0.0,0.0,0.0
2021-06-04,0.0,0.0,0.0,0.0,0.0
2021-06-05,0.0,0.0,0.0,0.0,0.0
2021-06-06,0.0,0.0,0.0,0.0,0.0
2021-06-07,0.0,0.0,0.0,0.0,0.0
2021-06-08,0.0,0.0,0.0,0.0,0.0
2021-06-09,0.0,0.0,0.0,0.0,0.0
2021-06-10,0.0,0.0,0.0,0.0,0.0
2021-06-11,0.0,0.0,0.0,0.0,0.0
2021-06-12,0.0,0.0,0.0,0.0,0.0
2021-06-13,0.0,0.0,0.0,0.0,0.0
2021-06-14,0.0,0.0,0.0,0.0,0.0
2021-06-15,0.0,0.0,0.0,0.0,0.0
2021-06-16,0.0,0.0,0.0,0.0,0.0
2021-06-17,0.0,0.0,0.0,0.0,0.0
2021-06-18,0.0,0.0,0.0,0.0,0.0
2021-06-19,0.0,0.0,0.0,0.0,0.0
2021-06-20,0.0,0.0,0.0,0.0,0.0
2021-06-21,0.0,0.0,0.0,0.0,0.0
2021-06-22,0.0,0.0,0.0,0.0,0.0
2021-06-23,0.0,0.0,0.0,0.0,0.0
2021-06-24,0.0,0.0,0.0,0.0,0.0
2021-06-25,0.0,0.0,0.0,0.0,0.0
2021-06-26,0.0,0.0,0.0,0.0,0.0
2021-06-27,0.0,0.0,0.0,0.0,0.0
2021-06-28,0.0,0.0,0.0,0.0,0.0
2021-06-29,0.0,0.0,0.0,0.0,0.0
2021-06-30,0.0,0.0,0.0,0.0,0.0
2021-07-01,0.0,0.0,0.0,0.0,0.0
2021-07-02,0.0,0.0,0.0,0.0,0.0
2021-07-03,0.0,0.0,0.0,0.0,0.0
2021-07-04,0.0,0.0,0.0,0.0,0.0
2021-07-05,0.0,0.0,0.0,0.0,0.0
2021-07-06,0.0,0.0,0.0,0.0,0.0
2021-07-07,0.0,0.0,0.0,0.0,0.0
2021-07-08,0.0,0.0,0.0,0.0,0.0
2021-07-09,0.0,0.0,0.0,0.0,0.0
2021-07-10,0.0,0.0,0.0,0.0,0.0
2021-07-11,0.0,0.0,0.0,0.0,0.0
2021-07-12,0.0,0.0,0.0,0.0,0.0
2021-07-13,0.0,0.0,0.0,0.0,0.0
2021-07-14,0.0,0.0,0.0,0.0,0.0
2021-07-15,0.0,0.0,0.0,0.0,0.0
2021-07-16,0.0,0.0,0.0,0.0,0.0
2021-07-17,0.0,0.0,0.0,0.0,0.0
2021-07-18,0.0,0.0,0.0,0.0,0.0
2021-07-19,0.0,0.0,0.0,0.0,0.0
2021-07-20,0.0,0.0,0.0,0.0,0.0
2021-07-21,0.0,0.0,0.0,0.0,0.0
2021-07-22,0.0,0.0,0.0,0.0,0.0
2021-07-23,0.0,0.0,0.0,0.0,0.0
2021-07-24,0.0,0.0,0.0,0.0,0.0
2021-07-25,0.0,0.0,0.0,0.0,0.0
2021-07-26,0.0,0.0,0.0,0.0,0.0
2021-07-27,0.0,0.0,0.0,0.0,0.0
2021-07-28,0.0,0.0,0.0,0.0,0.0
2021-07-29,0.0,0.0,0.0,0.0,0.0
2021-07-30,0.0,0.0,0.0,0.0,0.0
2021-07-31,0.0,0.0,0.0,0.0,0.0
2021-08-01,0.0,0.0,0.0,0.0,0.0
2021-08-02,0.0,0.0,0.0,0.0,0.0
2021-08-03,0.0,0.0,0.0,0.0,0.0
2021-08-04,0.0,0.0,0.0,0.0,0.0
2021-08-05,0.0,0.0,0.0,0.0,0.0
2021-08-06,0.0,0.0,0.0,0.0,0.0
2021-08-07,0.0,0.0,0.0,0.0,0.0
2021-08-08,0.0,0.0,0.0,0.0,0.0
2021-08-09,0.0,0.0,0.0,0.0,0.0
2021-08-10,0.0,0.0,0.0,0.0,0.0
2021-08-11,0.0,0.0,0.0,0.0,0.0
2021-08-12,0.0,0.0,0.0,0.0,0.0
2021-08-13,0.0,0.0,0.0,0.0,0.0
2021-08-14,0.0,0.0,0.0,0.0,0.0
2021-08-15,0.0,0.0,0.0,0.0,0.0
2021-08-16,0.0,0.0,0.0,0.0,0.0
2021-08-17,0.0,0.0,0.0,0.0,0.0
2021-08-18,0.0,0.0,0.0,0.0,0.0
2021-08-19,0.0,0.0,0.0,0.0,0.0
2021-08-20,0.0,0.0,0.0,0.0,0.0
2021-08-21,0.0,0.0,0.0,0.0,0.0
2021-08-22,0.0,0.0,0.0,0.0,0.0
2021-08-23,0.0,0.0,0.0,0.0,0.0
2021-08-24,0.0,0.0,0.0,0.0,0.0
2021-08-25,0.0,0.0,0.0,0.0,0.0
2021-08-26,0.0,0.0,0.0,0.0,0.0
2021-08-27,0.0,0.0,0.0,0.0,0.0
2021-08-28,0.0,0.0,0.0,0.0,0.0
2021-08-29,0.0,0.0,0.0,0.0,0.0
2021-08-30,0.0,0.0,0.0,0.0,0.0
2021-08-31,0.0,0.0,0.0,0.0,0.0
2021-09-01,0.0,0.0,0.0,0.0,0.0
2021-09-02,0.0,0.0,0.0,0.0,0.0
2021-09-03,0.0,0.0,0.0,0.0,0.0
2021-09-04,0.0,0.0,0.0,0.0,0.0
2021-09-05,0.0,0.0,0.0,0.0,0.0
2021-09-06,0.0,0.0,0.0,0.0,0.0
2021-09-07,0.0,0.0,0.0,0.0,0.0
2021-09-08,0.0,0.0,0.0,0.0,0.0
2021-09-09,0.0,0.0,0.0,0.0,0.0
2021-09-10,0.0,0.0,0.0,0.0,0.0
2021-09-11,0.0,0.0,0.0,0.0,0.0
2021-09-12,0.0,0.0,0.0,0.0,0.0
2021-09-13,0.0,0.0,0.0,0.0,0.0
2021-09-14,0.0,0.0,0.0,0.0,0.0
2021-09-15,0.0,0.0,0.0,0.0,0.0
2021-09-16,0.0,0.0,0.0,0.0,0.0
2021-09-17,0.0,0.0,0.0,0.0,0.0
2021-09-18,0.0,0.0,0.0,0.0,0.0
2021-09-19,0.0,0.0,0.0,0.0,0.0
2021-09-20,0.0,0.0,0.0,0.0,0.0
2021-09-21,0.0,0.0,0.0,0.0,0.0
2021-09-22,0.0,0.0,0.0,0.0,0.0
2021-09-23,0.0,0.0,0.0,0.0,0.0
2021-09-24,0.0,0.0,0.0,0.0,0.0
2021-09-25,0.0,0.0,0.0,0.0,0.0
2021-09-26,0.0,0.0,0.0,0.0,0.0
2021-09-27,0.0,0.0,0.0,0.0,0.0
2021-09-28,0.0,0.0,0.0,0.0,0.0
2021-09-29,0.0,0.0,0.0,0.0,0.0
2021-09-30,0.0,0.0,0.0,0.0,0.0
2021-10-01,0.0,0.0,0.0,0.0,0.0
2021-10-02,0.0,0.0,0.0,0.0,0.0
2021-10-03,0.0,0.0,0.0,0.0,0.0
2021-10-04,0.0,0.0,0.0,0.0,0.0
2021-10-05,0.0,0.0,0.0,0.0,0.0
2021-10-06,0.0,0.0,0.0,0.0,0.0
2021-10-07,0.0,0.0,0.0,0.0,0.0
2021-10-08,0.0,0.0,0.0,0.0,0.0
2021-10-09,0.0,0.0,0.0,0.0,0.0
2021-10-10,0.0,0.0,0.0,0.0,0.0
2021-10-11,0.0,0.0,0.0,0.0,0.0
2021-10-12,0.0,0.0,0.0,0.0,0.0
2021-10-13,0.0,0.0,0.0,0.0,0.0
2021-10-14,0.0,0.0,0.0,0.0,0.0
2021-10-15,0.0,0.0,0.0,0.0,0.0
2021-10-16,0.0,0.0,0.0,0.0,0.0
2021-10-17,0.0,0.0,0.0,0.0,0.0
2021-10-18,0.0,0.0,0.0,0.0,0.0
2021-10-19,0.0,0.0,0.0,0.0,0.0
2021-10-20,0.0,0.0,0.0,0.0,0.0
2021-10-21,2.619,73.58,13.22,26.06,34.31
2021-10-22,1.018,69.07,5.97,27.24,35.86
2021-10-23,0.308,69.12,4.5,27.89,36.73
2021-10-24,34.322,381.93,26.66,152.15,203.12
2021-10-25,18.665,411.12,32.43,158.79,219.9
2021-10-26,0.622,123.94,7.94,49.26,66.74
2021-10-27,0.164,73.03,10.22,21.54,41.27
2021-10-28,0.076,29.37,14.18,0.51,14.67
2021-10-29,0.048,19.42,16.02,0.4,3.0
2021-10-30,0.034,17.87,16.59,0.06,1.21
2021-10-31,0.024,17.96,16.9,0.02,1.05
2021-11-01,0.014,18.34,17.38,0.0,0.95
2021-11-02,0.013,18.2,17.24,0.0,0.96
2021-11-03,0.01,18.59,17.64,0.0,0.95
2021-11-04,0.006,18.65,17.73,0.0,0.9
2021-11-05,0.004,18.78,17.87,0.0,0.91
2021-11-06,0.003,18.85,17.95,0.0,0.91
2021-11-07,0.002,18.9,18.0,0.0,0.89
2021-11-08,0.001,19.0,18.17,0.0,0.89
2021-11-09,0.001,18.62,17.67,0.0,0.9
2021-11-10,0.001,19.02,18.09,0.0,0.89
2021-11-11,0.001,18.71,17.94,0.0,0.89
2021-11-12,0.0,19.01,17.98,0.0,0.89
2021-11-13,0.0,18.6,17.62,0.0,0.86
2021-11-14,0.0,18.81,17.89,0.0,0.86
2021-11-15,0.0,19.84,19.06,0.0,0.92
2021-11-16,0.0,11.57,11.29,0.0,0.48
2021-11-17,0.0,0.0,0.0,0.0,0.0
2021-11-18,0.0,0.0,0.0,0.0,0.0
2021-11-19,0.0,0.0,0.0,0.0,0.0
2021-11-20,0.0,0.0,0.0,0.0,0.0
2021-11-21,0.0,0.0,0.0,0.0,0.0
2021-11-22,0.0,0.0,0.0,0.0,0.0
2021-11-23,0.0,0.0,0.0,0.0,0.0
2021-11-24,0.0,0.0,0.0,0.0,0.0
2021-11-25,0.0,0.0,0.0,0.0,0.0
2021-11-26,0.0,0.0,0.0,0.0,0.0
2021-11-27,0.0,0.0,0.0,0.0,0.0
2021-11-28,0.0,0.0,0.0,0.0,0.0
2021-11-29,0.0,0.0,0.0,0.0,0.0
2021-11-30,0.0,0.0,0.0,0.0,0.0
2021-12-01,0.0,0.0,0.0,0.0,0.0
2021-12-02,0.0,0.0,0.0,0.0,0.0
2021-12-03,0.0,0.0,0.0,0.0,0.0
2021-12-04,0.0,0.0,0.0,0.0,0.0
2021-12-05,0.0,0.0,0.0,0.0,0.0
2021-12-06,0.0,0.0,0.0,0.0,0.0
2021-12-07,0.0,0.0,0.0,0.0,0.0
2021-12-08,0.0,0.0,0.0,0.0,0.0
2021-12-09,0.0,0.0,0.0,0.0,0.0
2021-12-10,0.0,0.0,0.0,0.0,0.0
2021-12-11,0.0,0.0,0.0,0.0,0.0
2021-12-12,0.0,0.0,0.0,0.0,0.0
2021-12-13,13.654,130.59,17.33,48.9,64.36
2021-12-14,15.13,177.14,20.31,67.5,89.32
2021-12-15,0.735,116.32,7.53,46.92,61.87
2021-12-16,5.765,129.8,13.84,50.07,65.88
2021-12-17,0.559,89.87,7.37,35.62,46.88
2021-12-18,0.137,54.85,8.5,16.08,30.27
2021-12-19,0.062,23.55,12.03,0.18,11.35
2021-12-20,0.041,16.55,13.83,0.07,2.64
2021-12-21,0.026,15.29,14.15,0.01,1.13
2021-12-22,2.413,64.29,11.38,22.79,30.12
2021-12-23,10.667,132.36,17.37,49.65,65.34
2021-12-24,6.477,104.6,14.41,38.95,51.24
2021-12-25,5.573,94.8,13.56,35.08,46.16
2021-12-26,2.917,65.13,12.2,22.86,30.07
2021-12-27,9.939,154.89,19.01,58.59,77.29
2021-12-28,0.846,92.9,9.07,36.19,47.65
2021-12-29,1.01,39.28,9.53,12.85,16.9
2021-12-30,0.699,32.59,10.08,9.72,12.79
2021-12-31,0.232,20.78,10.76,3.97,6.05
2022-01-01,0.15,15.73,12.85,0.49,2.38
2022-01-02,0.124,15.39,13.49,0.51,1.38
2022-01-03,0.123,15.45,13.71,0.55,1.18
2022-01-04,0.11,15.15,13.49,0.51,1.14
2022-01-05,0.097,15.1,13.49,0.48,1.13
2022-01-06,0.088,15.07,13.49,0.46,1.12
2022-01-07,0.082,14.81,13.27,0.43,1.1
2022-01-08,0.074,14.69,13.2,0.4,1.09
2022-01-09,0.062,14.45,13.05,0.34,1.06
2022-01-10,0.05,14.15,12.87,0.25,1.02
2022-01-11,0.044,13.98,12.84,0.13,1.0
2022-01-12,0.037,13.68,12.68,0.03,0.98
2022-01-13,0.033,13.71,12.73,0.02,0.96
2022-01-14,0.028,13.64,12.69,0.01,0.94
2022-01-15,0.019,12.99,12.1,0.0,0.88
2022-01-16,0.01,10.86,10.11,0.0,0.76
2022-01-17,0.006,9.01,8.3,0.0,0.71
2022-01-18,0.009,11.88,11.05,0.0,0.83
2022-01-19,0.01,12.37,11.54,0.0,0.83
2022-01-20,0.007,11.61,10.83,0.0,0.79
2022-01-21,0.005,10.61,9.86,0.0,0.74
2022-01-22,0.001,5.29,5.14,0.0,0.21
2022-01-23,0.0,4.45,4.36,0.0,0.05
2022-01-24,0.0,5.79,5.28,0.0,0.02
2022-01-25,0.0,0.0,0.0,0.0,0.0
2022-01-26,0.0,0.0,0.0,0.0,0.0
2022-01-27,0.0,0.0,0.0,0.0,0.0
2022-01-28,0.0,0.0,0.0,0.0,0.0
2022-01-29,0.0,0.0,0.0,0.0,0.0
2022-01-30,0.0,0.0,0.0,0.0,0.0
2022-01-31,0.0,0.0,0.0,0.0,0.0
2022-02-01,0.0,0.0,0.0,0.0,0.0
2022-02-02,0.0,0.0,0.0,0.0,0.0
2022-02-03,0.0,0.0,0.0,0.0,0.0
2022-02-04,0.0,0.0,0.0,0.0,0.0
2022-02-05,0.0,0.0,0.0,0.0,0.0
2022-02-06,0.0,0.0,0.0,0.0,0.0
2022-02-07,0.0,0.0,0.0,0.0,0.0
2022-02-08,0.0,0.0,0.0,0.0,0.0
2022-02-09,0.0,0.0,0.0,0.0,0.0
2022-02-10,0.0,0.0,0.0,0.0,0.0
2022-02-11,0.0,0.0,0.0,0.0,0.0
2022-02-12,0.0,0.0,0.0,0.0,0.0
2022-02-13,0.0,0.0,0.0,0.0,0.0
2022-02-14,0.0,0.0,0.0,0.0,0.0
2022-02-15,0.0,0.0,0.0,0.0,0.0
2022-02-16,0.0,0.0,0.0,0.0,0.0
2022-02-17,0.0,0.0,0.0,0.0,0.0
2022-02-18,0.0,0.0,0.0,0.0,0.0
2022-02-19,0.0,0.0,0.0,0.0,0.0
2022-02-20,0.0,0.0,0.0,0.0,0.0
2022-02-21,0.0,0.0,0.0,0.0,0.0
2022-02-22,0.0,0.0,0.0,0.0,0.0
2022-02-23,0.0,0.0,0.0,0.0,0.0
2022-02-24,0.0,0.0,0.0,0.0,0.0
2022-02-25,0.0,0.0,0.0,0.0,0.0
2022-02-26,0.0,0.0,0.0,0.0,0.0
2022-02-27,0.0,0.0,0.0,0.0,0.0
2022-02-28,0.0,0.0,0.0,0.0,0.0
2022-03-01,0.0,0.0,0.0,0.0,0.0
2022-03-02,0.0,0.0,0.0,0.0,0.0
2022-03-03,0.0,0.0,0.0,0.0,0.0
2022-03-04,0.0,0.0,0.0,0.0,0.0
2022-03-05,0.0,0.0,0.0,0.0,0.0
2022-03-06,0.0,0.0,0.0,0.0,0.0
2022-03-07,0.0,0.0,0.0,0.0,0.0
2022-03-08,0.0,0.0,0.0,0.0,0.0
2022-03-09,0.0,0.0,0.0,0.0,0.0
2022-03-10,0.0,0.0,0.0,0.0,0.0
2022-03-11,0.0,0.0,0.0,0.0,0.0
2022-03-12,0.0,0.0,0.0,0.0,0.0
2022-03-13,0.0,0.0,0.0,0.0,0.0
2022-03-14,0.0,0.0,0.0,0.0,0.0
2022-03-15,0.0,0.0,0.0,0.0,0.0
2022-03-16,0.0,0.0,0.0,0.0,0.0
2022-03-17,0.0,0.0,0.0,0.0,0.0
2022-03-18,0.0,0.0,0.0,0.0,0.0
2022-03-19,0.0,0.0,0.0,0.0,0.0
2022-03-20,0.0,0.0,0.0,0.0,0.0
2022-03-21,0.0,0.0,0.0,0.0,0.0
2022-03-22,0.0,0.0,0.0,0.0,0.0
2022-03-23,0.0,0.0,0.0,0.0,0.0
2022-03-24,0.0,0.0,0.0,0.0,0.0
2022-03-25,0.0,0.0,0.0,0.0,0.0
2022-03-26,0.0,0.0,0.0,0.0,0.0
2022-03-27,0.0,0.0,0.0,0.0,0.0
2022-03-28,2.899,93.43,12.47,34.95,46.0
2022-03-29,0.406,76.57,6.69,30.1,39.78
2022-03-30,0.069,53.29,4.84,12.08,36.37
2022-03-31,0.013,29.61,5.24,0.0,24.37
2022-04-01,0.003,14.17,7.24,0.0,6.92
2022-04-02,0.001,13.04,11.54,0.0,1.5
2022-04-03,0.0,16.5,15.69,0.0,0.84
2022-04-04,0.0,17.36,16.37,0.0,0.82
2022-04-05,0.0,18.98,17.98,0.0,0.89
2022-04-06,0.0,18.19,16.95,0.0,0.84
2022-04-07,0.0,18.94,18.11,0.0,0.9
2022-04-08,0.0,18.52,18.29,0.0,0.87
2022-04-09,0.0,0.0,0.0,0.0,0.0
2022-04-10,0.0,0.0,0.0,0.0,0.0
2022-04-11,0.0,0.0,0.0,0.0,0.0
2022-04-12,0.0,0.0,0.0,0.0,0.0
2022-04-13,0.0,0.0,0.0,0.0,0.0
2022-04-14,0.0,0.0,0.0,0.0,0.0
2022-04-15,0.0,0.0,0.0,0.0,0.0
2022-04-16,1.793,71.13,11.26,25.86,34.02
2022-04-17,0.293,63.03,6.05,24.54,32.44
2022-04-18,0.051,38.04,4.64,3.64,29.76
2022-04-19,0.01,22.72,4.86,0.0,17.87
2022-04-20,0.002,11.24,6.28,0.0,4.98
2022-04-21,1.486,81.2,8.47,31.39,41.34
2022-04-22,1.289,81.65,9.29,31.23,41.13
2022-04-23,0.275,70.81,5.88,27.91,37.02
2022-04-24,0.049,40.3,4.71,2.61,32.98
2022-04-25,0.01,24.12,5.13,0.0,18.99
2022-04-26,0.002,11.8,6.66,0.0,5.1
2022-04-27,0.001,11.92,10.7,0.0,1.18
2022-04-28,0.0,14.37,13.66,0.0,0.76
2022-04-29,0.0,17.09,16.08,0.0,0.84
2022-04-30,0.0,15.78,15.14,0.0,0.82
2022-05-01,0.0,14.47,14.47,0.0,0.82
2022-05-02,0.0,5.79,4.75,0.0,0.55
2022-05-03,0.0,11.57,5.11,0.0,0.69
2022-05-04,0.0,0.0,3.54,0.0,0.49
2022-05-05,0.0,0.0,0.0,0.0,0.0
2022-05-06,0.0,0.0,0.0,0.0,0.0
2022-05-07,0.0,0.0,0.0,0.0,0.0
2022-05-08,0.0,0.0,0.0,0.0,0.0
2022-05-09,0.0,0.0,0.0,0.0,0.0
2022-05-10,0.0,0.0,0.0,0.0,0.0
2022-05-11,0.0,0.0,0.0,0.0,0.0
2022-05-12,0.0,0.0,0.0,0.0,0.0
2022-05-13,0.0,0.0,0.0,0.0,0.0
2022-05-14,0.0,0.0,0.0,0.0,0.0
2022-05-15,0.0,0.0,0.0,0.0,0.0
2022-05-16,0.0,0.0,0.0,0.0,0.0
2022-05-17,0.0,0.0,0.0,0.0,0.0
2022-05-18,0.0,0.0,0.0,0.0,0.0
2022-05-19,0.0,0.0,0.0,0.0,0.0
2022-05-20,0.0,0.0,0.0,0.0,0.0
2022-05-21,0.0,0.0,0.0,0.0,0.0
2022-05-22,0.0,0.0,0.0,0.0,0.0
2022-05-23,0.0,0.0,0.0,0.0,0.0
2022-05-24,0.0,0.0,0.0,0.0,0.0
2022-05-25,0.0,0.0,0.0,0.0,0.0
2022-05-26,0.0,0.0,0.0,0.0,0.0
2022-05-27,0.0,0.0,0.0,0.0,0.0
2022-05-28,0.0,0.0,0.0,0.0,0.0
2022-05-29,0.0,0.0,0.0,0.0,0.0
2022-05-30,0.0,0.0,0.0,0.0,0.0
2022-05-31,0.0,0.0,0.0,0.0,0.0
2022-06-01,0.0,0.0,0.0,0.0,0.0
2022-06-02,0.0,0.0,0.0,0.0,0.0
2022-06-03,0.0,0.0,0.0,0.0,0.0
2022-06-04,0.0,0.0,0.0,0.0,0.0
2022-06-05,0.0,0.0,0.0,0.0,0.0
2022-06-06,0.0,0.0,0.0,0.0,0.0
2022-06-07,0.0,0.0,0.0,0.0,0.0
2022-06-08,0.0,0.0,0.0,0.0,0.0
2022-06-09,0.0,0.0,0.0,0.0,0.0
2022-06-10,0.0,0.0,0.0,0.0,0.0
2022-06-11,0.0,0.0,0.0,0.0,0.0
2022-06-12,0.0,0.0,0.0,0.0,0.0
2022-06-13,0.0,0.0,0.0,0.0,0.0
2022-06-14,0.0,0.0,0.0,0.0,0.0
2022-06-15,0.0,0.0,0.0,0.0,0.0
2022-06-16,0.0,0.0,0.0,0.0,0.0
2022-06-17,0.0,0.0,0.0,0.0,0.0
2022-06-18,0.0,0.0,0.0,0.0,0.0
2022-06-19,0.0,0.0,0.0,0.0,0.0
2022-06-20,0.0,0.0,0.0,0.0,0.0
2022-06-21,0.0,0.0,0.0,0.0,0.0
2022-06-22,0.0,0.0,0.0,0.0,0.0
2022-06-23,0.0,0.0,0.0,0.0,0.0
2022-06-24,0.0,0.0,0.0,0.0,0.0
2022-06-25,0.0,0.0,0.0,0.0,0.0
2022-06-26,0.0,0.0,0.0,0.0,0.0
2022-06-27,0.0,0.0,0.0,0.0,0.0
2022-06-28,0.0,0.0,0.0,0.0,0.0
2022-06-29,0.0,0.0,0.0,0.0,0.0
2022-06-30,0.0,0.0,0.0,0.0,0.0
2022-07-01,0.0,0.0,0.0,0.0,0.0
2022-07-02,0.0,0.0,0.0,0.0,0.0
2022-07-03,0.0,0.0,0.0,0.0,0.0
2022-07-04,0.0,0.0,0.0,0.0,0.0
2022-07-05,0.0,0.0,0.0,0.0,0.0
2022-07-06,0.0,0.0,0.0,0.0,0.0
2022-07-07,0.0,0.0,0.0,0.0,0.0
2022-07-08,0.0,0.0,0.0,0.0,0.0
2022-07-09,0.0,0.0,0.0,0.0,0.0
2022-07-10,0.0,0.0,0.0,0.0,0.0
2022-07-11,0.0,0.0,0.0,0.0,0.0
2022-07-12,0.0,0.0,0.0,0.0,0.0
2022-07-13,0.0,0.0,0.0,0.0,0.0
2022-07-14,0.0,0.0,0.0,0.0,0.0
2022-07-15,0.0,0.0,0.0,0.0,0.0
2022-07-16,0.0,0.0,0.0,0.0,0.0
2022-07-17,0.0,0.0,0.0,0.0,0.0
2022-07-18,0.0,0.0,0.0,0.0,0.0
2022-07-19,0.0,0.0,0.0,0.0,0.0
2022-07-20,0.0,0.0,0.0,0.0,0.0
2022-07-21,0.0,0.0,0.0,0.0,0.0
2022-07-22,0.0,0.0,0.0,0.0,0.0
2022-07-23,0.0,0.0,0.0,0.0,0.0
2022-07-24,0.0,0.0,0.0,0.0,0.0
2022-07-25,0.0,0.0,0.0,0.0,0.0
2022-07-26,0.0,0.0,0.0,0.0,0.0
2022-07-27,0.0,0.0,0.0,0.0,0.0
2022-07-28,0.0,0.0,0.0,0.0,0.0
2022-07-29,0.0,0.0,0.0,0.0,0.0
2022-07-30,0.0,0.0,0.0,0.0,0.0
2022-07-31,0.0,0.0,0.0,0.0,0.0
2022-08-01,0.0,0.0,0.0,0.0,0.0
2022-08-02,0.0,0.0,0.0,0.0,0.0
2022-08-03,0.0,0.0,0.0,0.0,0.0
2022-08-04,0.0,0.0,0.0,0.0,0.0
2022-08-05,0.0,0.0,0.0,0.0,0.0
2022-08-06,0.0,0.0,0.0,0.0,0.0
2022-08-07,0.0,0.0,0.0,0.0,0.0
2022-08-08,0.0,0.0,0.0,0.0,0.0
2022-08-09,0.0,0.0,0.0,0.0,0.0
2022-08-10,0.0,0.0,0.0,0.0,0.0
2022-08-11,0.0,0.0,0.0,0.0,0.0
2022-08-12,0.0,0.0,0.0,0.0,0.0
2022-08-13,0.0,0.0,0.0,0.0,0.0
2022-08-14,0.0,0.0,0.0,0.0,0.0
2022-08-15,0.0,0.0,0.0,0.0,0.0
2022-08-16,0.0,0.0,0.0,0.0,0.0
2022-08-17,0.0,0.0,0.0,0.0,0.0
2022-08-18,0.0,0.0,0.0,0.0,0.0
2022-08-19,0.0,0.0,0.0,0.0,0.0
2022-08-20,0.0,0.0,0.0,0.0,0.0
2022-08-21,0.0,0.0,0.0,0.0,0.0
2022-08-22,0.0,0.0,0.0,0.0,0.0
2022-08-23,0.0,0.0,0.0,0.0,0.0
2022-08-24,0.0,0.0,0.0,0.0,0.0
2022-08-25,0.0,0.0,0.0,0.0,0.0
2022-08-26,0.0,0.0,0.0,0.0,0.0
2022-08-27,0.0,0.0,0.0,0.0,0.0
2022-08-28,0.0,0.0,0.0,0.0,0.0
2022-08-29,0.0,0.0,0.0,0.0,0.0
2022-08-30,0.0,0.0,0.0,0.0,0.0
2022-08-31,0.0,0.0,0.0,0.0,0.0
2022-09-01,0.0,0.0,0.0,0.0,0.0
2022-09-02,0.0,0.0,0.0,0.0,0.0
2022-09-03,0.0,0.0,0.0,0.0,0.0
2022-09-04,0.0,0.0,0.0,0.0,0.0
2022-09-05,0.0,0.0,0.0,0.0,0.0
2022-09-06,0.0,0.0,0.0,0.0,0.0
2022-09-07,0.0,0.0,0.0,0.0,0.0
2022-09-08,0.0,0.0,0.0,0.0,0.0
2022-09-09,0.0,0.0,0.0,0.0,0.0
2022-09-10,0.0,0.0,0.0,0.0,0.0
2022-09-11,0.0,0.0,0.0,0.0,0.0
2022-09-12,0.0,0.0,0.0,0.0,0.0
2022-09-13,0.0,0.0,0.0,0.0,0.0
2022-09-14,0.0,0.0,0.0,0.0,0.0
2022-09-15,0.0,0.0,0.0,0.0,0.0
2022-09-16,0.0,0.0,0.0,0.0,0.0
2022-09-17,0.0,0.0,0.0,0.0,0.0
2022-09-18,1.175,92.18,13.75,33.87,44.56
2022-09-19,1.217,95.52,13.46,35.43,46.63
2022-09-20,0.125,69.02,5.4,23.59,40.03
2022-09-21,0.023,37.93,4.85,0.0,33.08
2022-09-22,0.005,18.46,5.95,0.0,12.51
2022-09-23,0.001,12.15,9.38,0.0,2.75
2022-09-24,0.0,14.95,14.16,0.0,0.9
2022-09-25,0.0,18.52,17.7,0.0,0.85
2022-09-26,0.0,18.65,17.8,0.0,0.85
2022-09-27,0.0,19.84,19.03,0.0,0.91
2022-09-28,0.0,19.84,19.52,0.0,0.92
2022-09-29,0.0,19.29,19.31,0.0,0.93
2022-09-30,0.0,17.36,17.38,0.0,0.83
2022-10-01,0.0,0.0,0.0,0.0,0.0
2022-10-02,0.0,0.0,0.0,0.0,0.0
2022-10-03,0.0,0.0,0.0,0.0,0.0
2022-10-04,0.0,0.0,0.0,0.0,0.0
2022-10-05,0.0,0.0,0.0,0.0,0.0
2022-10-06,0.0,0.0,0.0,0.0,0.0
2022-10-07,0.0,0.0,0.0,0.0,0.0
2022-10-08,0.0,0.0,0.0,0.0,0.0
2022-10-09,0.0,0.0,0.0,0.0,0.0
2022-10-10,0.0,0.0,0.0,0.0,0.0
2022-10-11,0.0,0.0,0.0,0.0,0.0
2022-10-12,0.0,0.0,0.0,0.0,0.0
2022-10-13,0.0,0.0,0.0,0.0,0.0
2022-10-14,0.0,0.0,0.0,0.0,0.0
2022-10-15,0.0,0.0,0.0,0.0,0.0
2022-10-16,0.0,0.0,0.0,0.0,0.0
2022-10-17,0.0,0.0,0.0,0.0,0.0
2022-10-18,0.0,0.0,0.0,0.0,0.0
2022-10-19,0.0,0.0,0.0,0.0,0.0
2022-10-20,0.0,0.0,0.0,0.0,0.0
2022-10-21,0.0,0.0,0.0,0.0,0.0
2022-10-22,0.0,0.0,0.0,0.0,0.0
2022-10-23,0.0,0.0,0.0,0.0,0.0
2022-10-24,0.0,0.0,0.0,0.0,0.0
2022-10-25,0.0,0.0,0.0,0.0,0.0
2022-10-26,0.0,0.0,0.0,0.0,0.0
2022-10-27,0.0,0.0,0.0,0.0,0.0
2022-10-28,0.0,0.0,0.0,0.0,0.0
2022-10-29,0.0,0.0,0.0,0.0,0.0
2022-10-30,0.0,0.0,0.0,0.0,0.0
2022-10-31,0.0,0.0,0.0,0.0,0.0
2022-11-01,1.896,149.56,14.63,58.26,76.66
2022-11-02,0.695,117.01,10.12,46.16,60.74
2022-11-03,0.104,82.92,7.04,24.75,51.12
2022-11-04,0.018,47.89,5.34,0.0,42.55
2022-11-05,0.004,20.5,7.63,0.0,12.85
2022-11-06,0.001,14.4,11.9,0.0,2.52
2022-11-07,0.001,16.9,16.04,0.0,0.94
2022-11-08,21.592,426.16,27.12,170.15,228.89
2022-11-09,2.029,132.07,10.87,52.01,69.18
2022-11-10,0.237,107.51,6.45,42.73,58.33
2022-11-11,0.06,47.4,9.18,0.15,38.07
2022-11-12,0.024,24.35,13.84,0.01,10.5
2022-11-13,0.014,18.53,16.69,0.0,1.83
2022-11-14,0.011,18.69,17.69,0.0,1.0
2022-11-15,0.009,18.9,17.95,0.0,0.95
2022-11-16,0.007,18.96,18.02,0.0,0.94
2022-11-17,0.006,18.94,18.0,0.0,0.93
2022-11-18,0.005,18.93,18.0,0.0,0.92
2022-11-19,0.004,18.95,18.02,0.0,0.91
2022-11-20,0.003,18.84,17.95,0.0,0.91
2022-11-21,0.003,18.9,17.97,0.0,0.91
2022-11-22,0.002,18.85,17.97,0.0,0.9
2022-11-23,0.002,18.9,17.96,0.0,0.9
2022-11-24,0.001,18.95,18.03,0.0,0.9
2022-11-25,0.001,18.87,17.92,0.0,0.9
2022-11-26,0.001,18.7,17.83,0.0,0.89
2022-11-27,0.001,18.99,18.03,0.0,0.9
2022-11-28,0.001,18.85,18.0,0.0,0.89
2022-11-29,0.001,18.84,17.94,0.0,0.9
2022-11-30,0.0,18.68,17.79,0.0,0.89
2022-12-01,6.551,181.96,19.44,70.15,92.36
2022-12-02,1.156,138.09,9.72,55.39,72.98
2022-12-03,9.095,129.32,19.2,47.55,62.57
2022-12-04,5.436,94.52,13.84,34.84,45.84
2022-12-05,0.951,66.63,8.06,25.29,33.28
2022-12-06,0.169,49.65,6.85,16.83,25.97
2022-12-07,0.052,24.78,10.73,0.01,14.04
2022-12-08,0.025,18.15,14.78,0.01,3.36
2022-12-09,0.016,17.58,16.43,0.01,1.15
2022-12-10,8.975,162.12,17.75,62.34,82.03
2022-12-11,8.938,102.03,15.45,37.39,49.19
2022-12-12,6.669,105.73,14.96,39.2,51.58
2022-12-13,0.528,61.52,7.69,23.24,30.58
2022-12-14,0.14,37.33,9.76,9.07,18.5
2022-12-15,0.066,20.66,13.48,0.35,6.82
2022-12-16,0.047,17.35,15.23,0.35,1.77
2022-12-17,0.038,16.93,15.64,0.2,1.09
2022-12-18,0.032,16.76,15.68,0.05,1.02
2022-12-19,0.025,16.81,15.78,0.02,1.0
2022-12-20,0.018,16.73,15.77,0.01,0.95
2022-12-21,0.016,16.71,15.75,0.01,0.95
2022-12-22,0.013,16.94,15.99,0.0,0.94
2022-12-23,0.01,16.87,15.95,0.0,0.91
2022-12-24,0.009,17.08,16.16,0.0,0.92
2022-12-25,0.006,17.23,16.35,0.0,0.89
2022-12-26,0.004,17.98,17.08,0.0,0.88
2022-12-27,20.379,363.37,26.08,142.69,194.59
2022-12-28,1.111,180.89,9.22,73.37,98.31
2022-12-29,1.637,53.06,12.17,17.6,23.29
2022-12-30,5.683,58.05,11.76,19.99,26.31
2022-12-31,50.036,462.47,31.52,182.35,248.6
2023-01-01,52.166,2430.25,42.02,1037.02,1351.21
2023-01-02,2.557,483.71,11.91,205.1,266.69
2023-01-03,3.599,91.53,12.76,34.15,44.62
2023-01-04,6.992,92.15,14.81,33.4,43.93
2023-01-05,20.179,197.76,22.55,74.36,100.85
2023-01-06,3.036,65.36,13.0,22.53,29.83
2023-01-07,1.792,24.07,13.4,4.61,6.06
2023-01-08,3.094,35.89,11.13,10.69,14.07
2023-01-09,21.23,228.94,23.4,86.57,118.98
2023-01-10,8.703,76.26,15.22,26.32,34.72
2023-01-11,4.775,45.82,12.51,14.38,18.93
2023-01-12,2.737,29.6,12.87,7.22,9.51
2023-01-13,9.587,109.25,16.66,39.98,52.6
2023-01-14,19.642,145.26,20.52,53.6,71.15
2023-01-15,8.931,51.36,14.56,15.89,20.91
2023-01-16,15.708,150.14,21.34,54.94,73.86
2023-01-17,4.336,25.98,13.72,5.29,6.96
2023-01-18,3.246,16.99,13.68,1.43,1.88
2023-01-19,3.583,25.01,13.21,5.1,6.71
2023-01-20,2.33,17.14,13.29,1.66,2.19
2023-01-21,1.818,15.83,13.48,1.01,1.33
2023-01-22,1.434,15.67,13.59,0.89,1.18
2023-01-23,1.1,15.6,13.59,0.87,1.14
2023-01-24,0.9,15.77,13.77,0.86,1.14
2023-01-25,0.715,15.83,13.83,0.86,1.14
2023-01-26,0.555,15.88,13.89,0.86,1.14
2023-01-27,0.457,16.05,14.05,0.86,1.14
2023-01-28,0.369,16.09,14.11,0.85,1.14
2023-01-29,0.304,16.13,14.26,0.73,1.14
2023-01-30,0.204,15.82,14.12,0.57,1.13
2023-01-31,0.158,16.03,14.32,0.58,1.13
2023-02-01,0.13,16.24,14.53,0.57,1.14
2023-02-02,0.1,16.3,14.64,0.53,1.13
2023-02-03,2.571,105.7,12.75,40.13,52.81
2023-02-04,2.543,69.58,11.43,25.11,33.04
2023-02-05,5.898,84.17,13.51,30.51,40.15
2023-02-06,1.346,34.16,11.72,9.69,12.75
2023-02-07,0.767,20.31,13.04,3.14,4.13
2023-02-08,0.568,16.92,13.75,1.37,1.8
2023-02-09,0.445,16.22,13.97,0.97,1.28
2023-02-10,0.356,16.08,14.09,0.83,1.17
2023-02-11,0.305,16.01,14.21,0.65,1.14
2023-02-12,0.234,15.85,14.13,0.58,1.14
2023-02-13,0.187,15.93,14.21,0.58,1.14
2023-02-14,0.14,15.94,14.25,0.55,1.14
2023-02-15,0.108,15.95,14.29,0.53,1.13
2023-02-16,0.091,16.15,14.52,0.52,1.1
2023-02-17,0.068,16.07,14.54,0.46,1.06
2023-02-18,0.054,16.12,14.68,0.41,1.04
2023-02-19,0.042,16.19,14.82,0.35,1.01
2023-02-20,0.03,16.08,14.98,0.1,1.0
2023-02-21,0.016,16.24,15.29,0.01,0.94
2023-02-22,0.001,7.49,7.29,0.0,0.27
2023-02-23,0.141,0.54,0.51,0.0,0.03
2023-02-24,20.375,222.45,24.24,83.36,114.86
2023-02-25,1.978,58.92,12.02,20.13,26.77
2023-02-26,1.658,33.68,11.74,9.47,12.46
2023-02-27,11.855,189.47,20.3,71.9,97.26
2023-02-28,10.157,79.96,15.08,27.96,36.92
2023-03-01,4.78,54.38,14.14,17.38,22.87
2023-03-02,2.235,19.82,13.26,2.83,3.73
2023-03-03,1.766,16.46,13.53,1.27,1.67
2023-03-04,1.447,15.83,13.64,0.94,1.24
2023-03-05,5.994,88.78,13.39,32.56,42.84
2023-03-06,1.759,31.73,12.25,8.41,11.07
2023-03-07,1.24,18.88,13.01,2.53,3.33
2023-03-08,1.214,19.14,12.72,2.77,3.65
2023-03-09,4.407,81.06,12.92,29.42,38.71
2023-03-10,20.059,154.12,22.13,56.53,75.46
2023-03-11,15.37,183.06,23.61,66.48,92.97
2023-03-12,19.593,177.24,23.1,64.57,89.57
2023-03-13,5.287,30.27,14.04,6.98,9.25
2023-03-14,8.816,76.6,15.75,26.28,34.57
2023-03-15,3.855,26.64,13.61,5.62,7.4
2023-03-16,2.758,17.14,13.55,1.55,2.04
2023-03-17,2.113,15.79,13.45,1.01,1.33
2023-03-18,1.589,15.56,13.48,0.9,1.18
2023-03-19,1.736,24.87,11.46,5.79,7.62
2023-03-20,1.182,20.47,12.17,3.58,4.72
2023-03-21,16.544,170.27,18.04,65.73,86.49
2023-03-22,9.204,84.72,15.34,29.96,39.42
2023-03-23,2.883,20.47,12.31,3.52,4.63
2023-03-24,2.064,15.09,12.07,1.3,1.72
2023-03-25,1.552,14.28,12.05,0.96,1.26
2023-03-26,1.152,14.19,12.14,0.88,1.16
2023-03-27,0.844,14.25,12.24,0.87,1.14
2023-03-28,4.192,112.19,14.95,41.99,55.25
2023-03-29,9.508,102.4,16.41,37.13,48.85
2023-03-30,2.823,46.43,12.93,14.46,19.03
2023-03-31,1.644,20.92,13.19,3.34,4.39
2023-04-01,1.187,16.85,13.54,1.43,1.88
2023-04-02,0.874,16.05,13.75,0.99,1.3
2023-04-03,0.617,15.95,13.88,0.89,1.17
2023-04-04,0.435,16.08,14.07,0.87,1.14
2023-04-05,0.31,16.17,14.26,0.77,1.14
2023-04-06,0.222,16.22,14.49,0.6,1.14
2023-04-07,0.166,16.46,14.72,0.61,1.14
2023-04-08,0.119,16.58,14.88,0.57,1.13
2023-04-09,0.081,16.66,15.03,0.54,1.09
2023-04-10,0.058,16.94,15.39,0.49,1.05
2023-04-11,0.036,17.42,16.0,0.4,1.03
2023-04-12,0.02,18.0,16.95,0.04,1.01
2023-04-13,0.01,18.48,17.51,0.01,0.96
2023-04-14,0.006,18.63,17.7,0.0,0.93
2023-04-15,0.003,18.68,17.75,0.0,0.89
2023-04-16,0.001,19.71,18.85,0.0,0.86
2023-04-17,0.0,11.57,10.77,0.0,0.09
2023-04-18,0.0,0.0,0.0,0.0,0.0
2023-04-19,0.0,0.0,0.0,0.0,0.0
2023-04-20,0.0,0.0,0.0,0.0,0.0
2023-04-21,0.0,0.0,0.0,0.0,0.0
2023-04-22,0.0,0.0,0.0,0.0,0.0
2023-04-23,0.0,0.0,0.0,0.0,0.0
2023-04-24,0.0,0.0,0.0,0.0,0.0
2023-04-25,0.0,0.0,0.0,0.0,0.0
2023-04-26,0.0,0.0,0.0,0.0,0.0
2023-04-27,0.0,0.0,0.0,0.0,0.0
2023-04-28,0.0,0.0,0.0,0.0,0.0
2023-04-29,0.0,0.0,0.0,0.0,0.0
2023-04-30,0.0,0.0,0.0,0.0,0.0
2023-05-01,0.0,0.0,0.0,0.0,0.0
2023-05-02,0.246,37.92,4.17,14.57,19.18
2023-05-03,0.433,29.19,3.97,10.89,14.33
2023-05-04,0.311,37.73,4.45,14.37,18.91
2023-05-05,0.071,23.27,4.41,4.88,13.98
2023-05-06,0.023,11.29,4.31,0.0,6.98
2023-05-07,0.014,5.92,4.24,0.0,1.68
2023-05-08,0.008,5.02,4.26,0.0,0.77
2023-05-09,0.005,4.9,4.29,0.0,0.62
2023-05-10,0.002,4.81,4.34,0.0,0.49
2023-05-11,0.0,4.68,4.41,0.0,0.23
2023-05-12,0.0,4.34,4.45,0.0,0.06
2023-05-13,0.0,11.57,6.68,0.0,0.02
2023-05-14,0.0,0.0,0.0,0.0,0.0
2023-05-15,0.0,0.0,0.0,0.0,0.0
2023-05-16,0.0,0.0,0.0,0.0,0.0
2023-05-17,0.0,0.0,0.0,0.0,0.0
2023-05-18,0.0,0.0,0.0,0.0,0.0
2023-05-19,0.0,0.0,0.0,0.0,0.0
2023-05-20,0.0,0.0,0.0,0.0,0.0
2023-05-21,0.0,0.0,0.0,0.0,0.0
2023-05-22,0.0,0.0,0.0,0.0,0.0
2023-05-23,0.0,0.0,0.0,0.0,0.0
2023-05-24,0.0,0.0,0.0,0.0,0.0
2023-05-25,0.0,0.0,0.0,0.0,0.0
2023-05-26,0.0,0.0,0.0,0.0,0.0
2023-05-27,0.0,0.0,0.0,0.0,0.0
2023-05-28,0.0,0.0,0.0,0.0,0.0
2023-05-29,0.0,0.0,0.0,0.0,0.0
2023-05-30,0.0,0.0,0.0,0.0,0.0
2023-05-31,0.0,0.0,0.0,0.0,0.0
2023-06-01,0.0,0.0,0.0,0.0,0.0
2023-06-02,0.0,0.0,0.0,0.0,0.0
2023-06-03,0.0,0.0,0.0,0.0,0.0
2023-06-04,0.0,0.0,0.0,0.0,0.0
2023-06-05,0.0,0.0,0.0,0.0,0.0
2023-06-06,0.0,0.0,0.0,0.0,0.0
2023-06-07,0.0,0.0,0.0,0.0,0.0
2023-06-08,0.0,0.0,0.0,0.0,0.0
2023-06-09,0.0,0.0,0.0,0.0,0.0
2023-06-10,0.0,0.0,0.0,0.0,0.0
2023-06-11,0.0,0.0,0.0,0.0,0.0
2023-06-12,0.0,0.0,0.0,0.0,0.0
2023-06-13,0.0,0.0,0.0,0.0,0.0
2023-06-14,0.0,0.0,0.0,0.0,0.0
2023-06-15,0.0,0.0,0.0,0.0,0.0
2023-06-16,0.0,0.0,0.0,0.0,0.0
2023-06-17,0.0,0.0,0.0,0.0,0.0
2023-06-18,0.0,0.0,0.0,0.0,0.0
2023-06-19,0.0,0.0,0.0,0.0,0.0
2023-06-20,0.0,0.0,0.0,0.0,0.0
2023-06-21,0.0,0.0,0.0,0.0,0.0
2023-06-22,0.0,0.0,0.0,0.0,0.0
2023-06-23,0.0,0.0,0.0,0.0,0.0
2023-06-24,0.0,0.0,0.0,0.0,0.0
2023-06-25,0.0,0.0,0.0,0.0,0.0
2023-06-26,0.0,0.0,0.0,0.0,0.0
2023-06-27,0.0,0.0,0.0,0.0,0.0
2023-06-28,0.0,0.0,0.0,0.0,0.0
2023-06-29,0.0,0.0,0.0,0.0,0.0
2023-06-30,0.0,0.0,0.0,0.0,0.0
2023-07-01,0.0,0.0,0.0,0.0,0.0
2023-07-02,0.0,0.0,0.0,0.0,0.0
2023-07-03,0.0,0.0,0.0,0.0,0.0
2023-07-04,0.0,0.0,0.0,0.0,0.0
2023-07-05,0.0,0.0,0.0,0.0,0.0
2023-07-06,0.0,0.0,0.0,0.0,0.0
2023-07-07,0.0,0.0,0.0,0.0,0.0
2023-07-08,0.0,0.0,0.0,0.0,0.0
2023-07-09,0.0,0.0,0.0,0.0,0.0
2023-07-10,0.0,0.0,0.0,0.0,0.0
2023-07-11,0.0,0.0,0.0,0.0,0.0
2023-07-12,0.0,0.0,0.0,0.0,0.0
2023-07-13,0.0,0.0,0.0,0.0,0.0
2023-07-14,0.0,0.0,0.0,0.0,0.0
2023-07-15,0.0,0.0,0.0,0.0,0.0
2023-07-16,0.0,0.0,0.0,0.0,0.0
2023-07-17,0.0,0.0,0.0,0.0,0.0
2023-07-18,0.0,0.0,0.0,0.0,0.0
2023-07-19,0.0,0.0,0.0,0.0,0.0
2023-07-20,0.0,0.0,0.0,0.0,0.0
2023-07-21,0.0,0.0,0.0,0.0,0.0
2023-07-22,0.0,0.0,0.0,0.0,0.0
2023-07-23,0.0,0.0,0.0,0.0,0.0
2023-07-24,0.0,0.0,0.0,0.0,0.0
2023-07-25,0.0,0.0,0.0,0.0,0.0
2023-07-26,0.0,0.0,0.0,0.0,0.0
2023-07-27,0.0,0.0,0.0,0.0,0.0
2023-07-28,0.0,0.0,0.0,0.0,0.0
2023-07-29,0.0,0.0,0.0,0.0,0.0
2023-07-30,0.0,0.0,0.0,0.0,0.0
2023-07-31,0.0,0.0,0.0,0.0,0.0
2023-08-01,0.0,0.0,0.0,0.0,0.0
2023-08-02,0.0,0.0,0.0,0.0,0.0
2023-08-03,0.0,0.0,0.0,0.0,0.0
2023-08-04,0.0,0.0,0.0,0.0,0.0
2023-08-05,0.0,0.0,0.0,0.0,0.0
2023-08-06,0.0,0.0,0.0,0.0,0.0
2023-08-07,0.0,0.0,0.0,0.0,0.0
2023-08-08,0.0,0.0,0.0,0.0,0.0
2023-08-09,0.0,0.0,0.0,0.0,0.0
2023-08-10,0.0,0.0,0.0,0.0,0.0
2023-08-11,0.0,0.0,0.0,0.0,0.0
2023-08-12,0.0,0.0,0.0,0.0,0.0
2023-08-13,0.0,0.0,0.0,0.0,0.0
2023-08-14,0.0,0.0,0.0,0.0,0.0
2023-08-15,0.0,0.0,0.0,0.0,0.0
2023-08-16,0.0,0.0,0.0,0.0,0.0
2023-08-17,0.0,0.0,0.0,0.0,0.0
2023-08-18,0.0,0.0,0.0,0.0,0.0
2023-08-19,0.0,0.0,0.0,0.0,0.0
2023-08-20,0.0,0.0,0.0,0.0,0.0
2023-08-21,0.0,0.0,0.0,0.0,0.0
2023-08-22,0.0,0.0,0.0,0.0,0.0
2023-08-23,0.0,0.0,0.0,0.0,0.0
2023-08-24,0.0,0.0,0.0,0.0,0.0
2023-08-25,0.0,0.0,0.0,0.0,0.0
2023-08-26,0.0,0.0,0.0,0.0,0.0
2023-08-27,0.0,0.0,0.0,0.0,0.0
2023-08-28,0.0,0.0,0.0,0.0,0.0
2023-08-29,0.0,0.0,0.0,0.0,0.0
2023-08-30,0.0,0.0,0.0,0.0,0.0
2023-08-31,0.0,0.0,0.0,0.0,0.0
2023-09-01,0.0,0.0,0.0,0.0,0.0
2023-09-02,0.0,0.0,0.0,0.0,0.0
2023-09-03,0.0,0.0,0.0,0.0,0.0
2023-09-04,0.0,0.0,0.0,0.0,0.0
2023-09-05,0.0,0.0,0.0,0.0,0.0
2023-09-06,0.0,0.0,0.0,0.0,0.0
2023-09-07,0.0,0.0,0.0,0.0,0.0
2023-09-08,0.0,0.0,0.0,0.0,0.0
2023-09-09,0.0,0.0,0.0,0.0,0.0
2023-09-10,0.0,0.0,0.0,0.0,0.0
2023-09-11,0.0,0.0,0.0,0.0,0.0
2023-09-12,0.0,0.0,0.0,0.0,0.0
2023-09-13,0.0,0.0,0.0,0.0,0.0
2023-09-14,0.0,0.0,0.0,0.0,0.0
2023-09-15,0.0,0.0,0.0,0.0,0.0
2023-09-16,0.0,0.0,0.0,0.0,0.0
2023-09-17,0.0,0.0,0.0,0.0,0.0
2023-09-18,0.0,0.0,0.0,0.0,0.0
2023-09-19,0.0,0.0,0.0,0.0,0.0
2023-09-20,0.0,0.0,0.0,0.0,0.0
2023-09-21,0.0,0.0,0.0,0.0,0.0
2023-09-22,0.0,0.0,0.0,0.0,0.0
2023-09-23,0.0,0.0,0.0,0.0,0.0
2023-09-24,0.0,0.0,0.0,0.0,0.0
2023-09-25,0.0,0.0,0.0,0.0,0.0
2023-09-26,0.0,0.0,0.0,0.0,0.0
2023-09-27,0.0,0.0,0.0,0.0,0.0
2023-09-28,0.0,0.0,0.0,0.0,0.0
2023-09-29,0.0,0.0,0.0,0.0,0.0
2023-09-30,0.0,0.0,0.0,0.0,0.0
2023-10-01,0.0,0.0,0.0,0.0,0.0
2023-10-02,0.0,0.0,0.0,0.0,0.0
2023-10-03,0.0,0.0,0.0,0.0,0.0
2023-10-04,0.0,0.0,0.0,0.0,0.0
2023-10-05,0.0,0.0,0.0,0.0,0.0
2023-10-06,0.0,0.0,0.0,0.0,0.0
2023-10-07,0.0,0.0,0.0,0.0,0.0
2023-10-08,0.0,0.0,0.0,0.0,0.0
2023-10-09,0.0,0.0,0.0,0.0,0.0
2023-10-10,0.0,0.0,0.0,0.0,0.0
2023-10-11,0.0,0.0,0.0,0.0,0.0
2023-10-12,0.0,0.0,0.0,0.0,0.0
2023-10-13,0.0,0.0,0.0,0.0,0.0
2023-10-14,0.0,0.0,0.0,0.0,0.0
2023-10-15,0.0,0.0,0.0,0.0,0.0
2023-10-16,0.0,0.0,0.0,0.0,0.0
2023-10-17,0.0,0.0,0.0,0.0,0.0
2023-10-18,0.0,0.0,0.0,0.0,0.0
2023-10-19,0.0,0.0,0.0,0.0,0.0
2023-10-20,0.0,0.0,0.0,0.0,0.0
2023-10-21,0.0,0.0,0.0,0.0,0.0
2023-10-22,0.0,0.0,0.0,0.0,0.0
2023-10-23,0.0,0.0,0.0,0.0,0.0
2023-10-24,0.0,0.0,0.0,0.0,0.0
2023-10-25,0.0,0.0,0.0,0.0,0.0
2023-10-26,0.0,0.0,0.0,0.0,0.0
2023-10-27,0.0,0.0,0.0,0.0,0.0
2023-10-28,0.0,0.0,0.0,0.0,0.0
2023-10-29,0.0,0.0,0.0,0.0,0.0
2023-10-30,0.0,0.0,0.0,0.0,0.0
2023-10-31,0.0,0.0,0.0,0.0,0.0
2023-11-01,0.0,0.0,0.0,0.0,0.0
2023-11-02,0.0,0.0,0.0,0.0,0.0
2023-11-03,0.0,0.0,0.0,0.0,0.0
2023-11-04,0.0,0.0,0.0,0.0,0.0
2023-11-05,0.0,0.0,0.0,0.0,0.0
2023-11-06,0.0,0.0,0.0,0.0,0.0
2023-11-07,0.0,0.0,0.0,0.0,0.0
2023-11-08,0.0,0.0,0.0,0.0,0.0
2023-11-09,0.0,0.0,0.0,0.0,0.0
2023-11-10,0.0,0.0,0.0,0.0,0.0
2023-11-11,0.0,0.0,0.0,0.0,0.0
2023-11-12,0.0,0.0,0.0,0.0,0.0
2023-11-13,0.0,0.0,0.0,0.0,0.0
2023-11-14,0.0,0.0,0.0,0.0,0.0
2023-11-15,0.0,0.0,0.0,0.0,0.0
2023-11-16,0.0,0.0,0.0,0.0,0.0
2023-11-17,0.0,0.0,0.0,0.0,0.0
2023-11-18,2.418,71.02,10.18,26.27,34.57
2023-11-19,0.856,51.32,9.25,18.16,23.92
2023-11-20,0.123,40.92,4.84,13.52,22.55
2023-11-21,0.023,23.12,4.78,0.0,18.34
2023-11-22,0.005,12.86,5.85,0.0,7.02
2023-11-23,0.001,10.32,8.62,0.0,1.69
2023-11-24,0.001,13.84,13.11,0.0,0.76
2023-11-25,0.0,16.64,15.97,0.0,0.81
2023-11-26,0.0,17.59,16.58,0.0,0.86
2023-11-27,0.0,17.36,16.67,0.0,0.87
2023-11-28,0.0,17.36,16.41,0.0,0.86
2023-11-29,0.0,18.0,17.05,0.0,0.9
2023-11-30,0.0,17.02,16.14,0.0,0.84
2023-12-01,0.0,17.36,16.71,0.0,0.88
2023-12-02,0.0,17.36,16.44,0.0,0.86
2023-12-03,0.0,17.89,16.85,0.0,0.89
2023-12-04,0.0,17.36,16.81,0.0,0.9
2023-12-05,0.0,16.72,15.42,0.0,0.81
2023-12-06,0.0,16.53,14.58,0.0,0.78
2023-12-07,0.0,18.52,17.32,0.0,0.94
2023-12-08,0.0,16.2,15.75,0.0,0.85
2023-12-09,0.0,14.47,14.28,0.0,0.79
2023-12-10,0.0,0.0,8.13,0.0,0.72
2023-12-11,0.0,0.0,5.01,0.0,0.57
2023-12-12,0.0,0.0,3.2,0.0,0.48
2023-12-13,0.0,0.0,2.64,0.0,0.38
2023-12-14,0.0,0.0,0.0,0.0,0.0
2023-12-15,0.0,0.0,0.0,0.0,0.0
2023-12-16,0.0,0.0,0.0,0.0,0.0
2023-12-17,0.0,0.0,0.0,0.0,0.0
2023-12-18,7.394,115.16,13.94,43.71,57.51
2023-12-19,7.404,117.18,13.95,44.58,58.66
2023-12-20,8.85,125.74,15.93,47.42,62.4
2023-12-21,1.046,80.83,10.97,30.16,39.69
2023-12-22,0.147,65.48,6.46,22.54,36.48
2023-12-23,0.04,30.84,9.61,0.0,21.23
2023-12-24,0.019,18.47,13.92,0.0,4.54
2023-12-25,0.012,17.33,16.13,0.0,1.19
2023-12-26,0.009,18.19,17.25,0.0,0.93
2023-12-27,0.007,18.58,17.65,0.0,0.93
2023-12-28,0.006,18.7,17.77,0.0,0.93
2023-12-29,5.395,207.66,18.76,81.35,107.54
2023-12-30,10.132,156.5,19.95,58.9,77.65
2023-12-31,0.626,65.31,7.42,24.98,32.9
2024-01-01,0.124,47.79,7.1,14.18,26.51
2024-01-02,6.359,229.81,19.91,90.43,119.46
2024-01-03,2.838,180.38,13.19,72.1,95.08
2024-01-04,0.288,125.67,6.55,51.4,67.72
2024-01-05,0.075,56.15,9.0,4.04,43.11
2024-01-06,0.459,69.66,10.94,24.91,33.81
2024-01-07,0.272,77.06,8.57,28.96,39.52
2024-01-08,0.058,36.3,8.38,0.15,27.78
2024-01-09,0.024,20.24,12.05,0.0,8.19
2024-01-10,5.132,460.32,18.02,190.66,251.63
2024-01-11,0.655,334.29,6.72,141.34,186.22
2024-01-12,0.132,235.48,6.64,83.78,145.06
2024-01-13,2.245,150.19,8.85,60.4,80.95
2024-01-14,1.752,200.13,10.0,82.0,108.12
2024-01-15,0.228,144.72,5.67,59.13,79.92
2024-01-16,1.671,122.46,10.41,47.58,64.47
2024-01-17,2.675,169.78,14.89,66.8,88.09
2024-01-18,0.25,121.38,6.19,49.34,65.85
2024-01-19,0.109,39.95,5.55,4.36,30.04
2024-01-20,2.955,97.94,12.93,36.63,48.38
2024-01-21,5.153,135.19,12.4,53.02,69.77
2024-01-22,23.271,249.58,26.33,94.14,129.11
2024-01-23,0.984,109.9,9.34,43.15,57.41
2024-01-24,8.057,257.37,19.93,101.65,135.79
2024-01-25,0.796,141.67,9.01,57.2,75.46
2024-01-26,0.284,68.96,11.06,24.54,33.36
2024-01-27,0.169,23.82,13.08,0.65,10.09
2024-01-28,0.128,17.34,13.72,0.53,3.09
2024-01-29,0.12,16.0,13.99,0.54,1.48
2024-01-30,0.102,15.59,13.9,0.5,1.2
2024-01-31,7.528,121.54,15.5,45.78,60.26
2024-02-01,11.594,185.02,20.37,71.02,93.64
2024-02-02,5.911,115.78,12.86,44.44,58.48
2024-02-03,2.606,89.67,9.72,34.52,45.42
2024-02-04,17.165,123.04,19.42,44.74,58.87
2024-02-05,5.577,73.97,14.27,25.78,33.92
2024-02-06,2.303,39.59,12.39,11.75,15.46
2024-02-07,10.219,203.18,21.51,77.42,104.24
2024-02-08,2.191,94.78,12.16,35.46,47.16
2024-02-09,1.055,32.61,12.91,8.51,11.19
2024-02-10,0.802,19.51,13.68,2.52,3.32
2024-02-11,0.684,16.66,13.91,1.18,1.56
2024-02-12,0.592,16.09,13.95,0.92,1.22
2024-02-13,0.522,15.99,13.97,0.88,1.15
2024-02-14,0.849,47.09,12.98,14.73,19.38
2024-02-15,1.053,70.65,13.84,24.53,32.28
2024-02-16,0.449,24.63,12.88,5.07,6.68
2024-02-17,1.389,69.73,10.07,25.76,33.9
2024-02-18,6.815,120.53,15.32,45.43,59.78
2024-02-19,7.775,124.78,17.01,46.54,61.24
2024-02-20,5.246,114.71,13.79,43.58,57.34
2024-02-21,1.75,87.62,11.57,32.84,43.21
2024-02-22,0.883,32.35,12.38,8.63,11.35
2024-02-23,0.668,19.07,13.15,2.56,3.36
2024-02-24,0.575,16.16,13.41,1.19,1.56
2024-02-25,0.479,15.53,13.39,0.93,1.22
2024-02-26,0.411,15.46,13.43,0.88,1.15
2024-02-27,0.33,15.3,13.32,0.84,1.14
2024-02-28,0.271,15.22,13.37,0.72,1.14
2024-02-29,1.378,105.44,10.88,40.8,53.76
2024-03-01,5.214,101.0,12.17,38.35,50.47
2024-03-02,7.528,115.41,16.72,42.62,56.07
2024-03-03,2.413,45.03,10.81,14.78,19.44
2024-03-04,0.851,23.31,11.42,5.13,6.76
2024-03-05,0.606,16.9,12.63,1.84,2.43
2024-03-06,0.773,23.2,11.71,4.96,6.53
2024-03-07,0.569,20.5,11.36,3.95,5.19
2024-03-08,0.375,15.96,12.27,1.59,2.09
2024-03-09,0.307,15.07,12.73,1.01,1.33
2024-03-10,0.265,14.83,12.87,0.79,1.17
2024-03-11,0.216,14.49,12.79,0.55,1.14
2024-03-12,0.189,14.44,12.79,0.51,1.14
2024-03-13,0.149,14.4,12.8,0.46,1.14
2024-03-14,0.076,13.29,11.84,0.32,1.13
2024-03-15,0.046,12.47,11.4,0.05,1.02
2024-03-16,0.062,14.55,13.13,0.36,1.06
2024-03-17,0.051,14.27,12.95,0.29,1.03
2024-03-18,0.039,13.94,12.82,0.13,0.99
2024-03-19,0.029,13.6,12.63,0.02,0.95
2024-03-20,0.02,13.2,12.3,0.01,0.9
2024-03-21,0.011,11.86,11.06,0.0,0.8
2024-03-22,1.296,110.98,8.5,44.25,58.23
2024-03-23,6.232,111.82,15.18,41.73,54.91
2024-03-24,2.713,64.18,11.83,22.6,29.74
2024-03-25,0.408,40.0,8.66,13.53,17.8
2024-03-26,0.18,22.5,11.19,4.02,7.28
2024-03-27,0.127,15.58,12.57,0.44,2.57
2024-03-28,0.097,14.87,13.0,0.43,1.44
2024-03-29,3.275,147.33,14.03,57.55,75.74
2024-03-30,2.165,88.11,11.12,33.25,43.75
2024-03-31,0.379,50.95,8.88,18.16,23.9
2024-04-01,0.178,25.31,11.32,4.88,9.1
2024-04-02,0.12,16.05,12.54,0.42,3.08
2024-04-03,0.091,14.84,12.88,0.41,1.55
2024-04-04,4.256,124.67,14.56,47.54,62.56
2024-04-05,2.458,123.03,13.16,47.44,62.43
2024-04-06,0.382,65.01,8.88,24.24,31.89
2024-04-07,0.186,29.3,11.39,6.4,11.51
2024-04-08,0.127,16.65,12.56,0.43,3.66
2024-04-09,0.1,15.06,12.97,0.44,1.66
2024-04-10,0.08,14.68,13.05,0.41,1.21
2024-04-11,0.064,14.56,13.09,0.37,1.09
2024-04-12,0.044,14.09,12.83,0.24,1.02
2024-04-13,3.84,106.9,11.78,41.07,54.05
2024-04-14,6.172,116.5,14.47,44.06,57.97
2024-04-15,7.251,133.12,15.12,50.95,67.05
2024-04-16,1.905,55.91,9.51,20.04,26.36
2024-04-17,3.184,66.51,12.53,23.31,30.68
2024-04-18,0.602,31.39,9.82,9.32,12.26
2024-04-19,0.349,19.0,11.53,3.22,4.24
2024-04-20,0.256,15.26,12.21,1.21,1.84
2024-04-21,0.204,14.24,12.39,0.56,1.28
2024-04-22,0.164,14.15,12.52,0.46,1.17
2024-04-23,0.127,13.85,12.29,0.43,1.14
2024-04-24,0.107,14.02,12.47,0.41,1.14
2024-04-25,0.087,13.97,12.45,0.38,1.13
2024-04-26,0.062,13.15,11.79,0.26,1.09
2024-04-27,0.057,13.79,12.44,0.29,1.06
2024-04-28,0.043,13.34,12.15,0.17,1.02
2024-04-29,0.029,12.25,11.3,0.01,0.94
2024-04-30,0.017,11.12,10.27,0.0,0.84
2024-05-01,0.006,6.26,5.64,0.0,0.63
2024-05-02,0.002,4.83,4.44,0.0,0.4
2024-05-03,0.001,4.67,4.32,0.0,0.39
2024-05-04,8.903,179.22,19.33,69.04,90.85
2024-05-05,1.32,124.66,9.93,49.54,65.19
2024-05-06,0.233,80.61,7.47,30.67,42.47
2024-05-07,0.09,29.42,10.31,0.28,18.83
2024-05-08,0.038,18.32,11.21,0.06,7.05
2024-05-09,0.012,11.18,8.88,0.0,2.3
2024-05-10,0.011,11.65,10.74,0.0,0.91
2024-05-11,0.005,9.4,8.73,0.0,0.7
2024-05-12,0.002,11.01,10.35,0.0,0.64
2024-05-13,0.001,14.92,14.18,0.0,0.68
2024-05-14,0.0,17.36,16.68,0.0,0.8
2024-05-15,0.0,18.08,17.33,0.0,0.82
2024-05-16,0.0,11.57,13.68,0.0,0.59
2024-05-17,0.0,0.0,0.0,0.0,0.0
2024-05-18,0.0,0.0,0.0,0.0,0.0
2024-05-19,0.0,0.0,0.0,0.0,0.0
2024-05-20,0.0,0.0,0.0,0.0,0.0
2024-05-21,0.0,0.0,0.0,0.0,0.0
2024-05-22,0.0,0.0,0.0,0.0,0.0
2024-05-23,0.0,0.0,0.0,0.0,0.0
2024-05-24,0.0,0.0,0.0,0.0,0.0
2024-05-25,0.0,0.0,0.0,0.0,0.0
2024-05-26,0.0,0.0,0.0,0.0,0.0
2024-05-27,0.0,0.0,0.0,0.0,0.0
2024-05-28,0.0,0.0,0.0,0.0,0.0
2024-05-29,0.0,0.0,0.0,0.0,0.0
2024-05-30,0.0,0.0,0.0,0.0,0.0
2024-05-31,0.0,0.0,0.0,0.0,0.0
2024-06-01,0.0,0.0,0.0,0.0,0.0
2024-06-02,0.0,0.0,0.0,0.0,0.0
2024-06-03,0.0,0.0,0.0,0.0,0.0
2024-06-04,0.0,0.0,0.0,0.0,0.0
2024-06-05,0.0,0.0,0.0,0.0,0.0
2024-06-06,0.0,0.0,0.0,0.0,0.0
2024-06-07,0.0,0.0,0.0,0.0,0.0
2024-06-08,0.0,0.0,0.0,0.0,0.0
2024-06-09,0.0,0.0,0.0,0.0,0.0
2024-06-10,0.0,0.0,0.0,0.0,0.0
2024-06-11,0.0,0.0,0.0,0.0,0.0
2024-06-12,0.0,0.0,0.0,0.0,0.0
2024-06-13,0.0,0.0,0.0,0.0,0.0
2024-06-14,0.0,0.0,0.0,0.0,0.0
2024-06-15,0.0,0.0,0.0,0.0,0.0
2024-06-16,0.0,0.0,0.0,0.0,0.0
2024-06-17,0.0,0.0,0.0,0.0,0.0
2024-06-18,0.0,0.0,0.0,0.0,0.0
2024-06-19,0.0,0.0,0.0,0.0,0.0
2024-06-20,0.0,0.0,0.0,0.0,0.0
2024-06-21,0.0,0.0,0.0,0.0,0.0
2024-06-22,0.0,0.0,0.0,0.0,0.0
2024-06-23,0.0,0.0,0.0,0.0,0.0
2024-06-24,0.0,0.0,0.0,0.0,0.0
2024-06-25,0.0,0.0,0.0,0.0,0.0
2024-06-26,0.0,0.0,0.0,0.0,0.0
2024-06-27,0.0,0.0,0.0,0.0,0.0
2024-06-28,0.0,0.0,0.0,0.0,0.0
2024-06-29,0.0,0.0,0.0,0.0,0.0
2024-06-30,0.0,0.0,0.0,0.0,0.0
2024-07-01,0.0,0.0,0.0,0.0,0.0
2024-07-02,0.0,0.0,0.0,0.0,0.0
2024-07-03,0.0,0.0,0.0,0.0,0.0
2024-07-04,0.0,0.0,0.0,0.0,0.0
2024-07-05,0.0,0.0,0.0,0.0,0.0
2024-07-06,0.0,0.0,0.0,0.0,0.0
2024-07-07,0.0,0.0,0.0,0.0,0.0
2024-07-08,0.0,0.0,0.0,0.0,0.0
2024-07-09,0.0,0.0,0.0,0.0,0.0
2024-07-10,0.0,0.0,0.0,0.0,0.0
2024-07-11,0.0,0.0,0.0,0.0,0.0
2024-07-12,0.0,0.0,0.0,0.0,0.0
2024-07-13,0.0,0.0,0.0,0.0,0.0
2024-07-14,0.0,0.0,0.0,0.0,0.0
2024-07-15,0.0,0.0,0.0,0.0,0.0
2024-07-16,0.0,0.0,0.0,0.0,0.0
2024-07-17,0.0,0.0,0.0,0.0,0.0
2024-07-18,0.0,0.0,0.0,0.0,0.0
2024-07-19,0.0,0.0,0.0,0.0,0.0
2024-07-20,0.0,0.0,0.0,0.0,0.0
2024-07-21,0.0,0.0,0.0,0.0,0.0
2024-07-22,0.0,0.0,0.0,0.0,0.0
2024-07-23,0.0,0.0,0.0,0.0,0.0
2024-07-24,0.0,0.0,0.0,0.0,0.0
2024-07-25,0.0,0.0,0.0,0.0,0.0
2024-07-26,0.0,0.0,0.0,0.0,0.0
2024-07-27,0.0,0.0,0.0,0.0,0.0
2024-07-28,0.0,0.0,0.0,0.0,0.0
2024-07-29,0.0,0.0,0.0,0.0,0.0
2024-07-30,0.0,0.0,0.0,0.0,0.0
2024-07-31,0.0,0.0,0.0,0.0,0.0
2024-08-01,0.0,0.0,0.0,0.0,0.0
2024-08-02,0.0,0.0,0.0,0.0,0.0
2024-08-03,0.0,0.0,0.0,0.0,0.0
2024-08-04,0.0,0.0,0.0,0.0,0.0
2024-08-05,0.0,0.0,0.0,0.0,0.0
2024-08-06,0.0,0.0,0.0,0.0,0.0
2024-08-07,0.0,0.0,0.0,0.0,0.0
2024-08-08,0.0,0.0,0.0,0.0,0.0
2024-08-09,0.0,0.0,0.0,0.0,0.0
2024-08-10,0.0,0.0,0.0,0.0,0.0
2024-08-11,0.0,0.0,0.0,0.0,0.0
2024-08-12,0.0,0.0,0.0,0.0,0.0
2024-08-13,0.0,0.0,0.0,0.0,0.0
2024-08-14,0.0,0.0,0.0,0.0,0.0
2024-08-15,0.0,0.0,0.0,0.0,0.0
2024-08-16,0.0,0.0,0.0,0.0,0.0
2024-08-17,0.0,0.0,0.0,0.0,0.0
2024-08-18,0.0,0.0,0.0,0.0,0.0
2024-08-19,0.0,0.0,0.0,0.0,0.0
2024-08-20,0.0,0.0,0.0,0.0,0.0
2024-08-21,0.0,0.0,0.0,0.0,0.0
2024-08-22,0.0,0.0,0.0,0.0,0.0
2024-08-23,0.0,0.0,0.0,0.0,0.0
2024-08-24,0.0,0.0,0.0,0.0,0.0
2024-08-25,0.0,0.0,0.0,0.0,0.0
2024-08-26,0.0,0.0,0.0,0.0,0.0
2024-08-27,0.0,0.0,0.0,0.0,0.0
2024-08-28,0.0,0.0,0.0,0.0,0.0
2024-08-29,0.0,0.0,0.0,0.0,0.0
2024-08-30,0.0,0.0,0.0,0.0,0.0
2024-08-31,0.0,0.0,0.0,0.0,0.0
2024-09-01,0.0,0.0,0.0,0.0,0.0
2024-09-02,0.0,0.0,0.0,0.0,0.0
2024-09-03,0.0,0.0,0.0,0.0,0.0
2024-09-04,0.0,0.0,0.0,0.0,0.0
2024-09-05,0.0,0.0,0.0,0.0,0.0
2024-09-06,0.0,0.0,0.0,0.0,0.0
2024-09-07,0.0,0.0,0.0,0.0,0.0
2024-09-08,0.0,0.0,0.0,0.0,0.0
2024-09-09,0.0,0.0,0.0,0.0,0.0
2024-09-10,0.0,0.0,0.0,0.0,0.0
2024-09-11,0.0,0.0,0.0,0.0,0.0
2024-09-12,0.0,0.0,0.0,0.0,0.0
2024-09-13,0.0,0.0,0.0,0.0,0.0
2024-09-14,0.0,0.0,0.0,0.0,0.0
2024-09-15,0.0,0.0,0.0,0.0,0.0
2024-09-16,0.0,0.0,0.0,0.0,0.0
2024-09-17,0.0,0.0,0.0,0.0,0.0
2024-09-18,0.0,0.0,0.0,0.0,0.0
2024-09-19,0.0,0.0,0.0,0.0,0.0
2024-09-20,0.0,0.0,0.0,0.0,0.0
2024-09-21,0.0,0.0,0.0,0.0,0.0
2024-09-22,0.0,0.0,0.0,0.0,0.0
2024-09-23,0.0,0.0,0.0,0.0,0.0
2024-09-24,0.0,0.0,0.0,0.0,0.0
2024-09-25,0.0,0.0,0.0,0.0,0.0
2024-09-26,0.0,0.0,0.0,0.0,0.0
2024-09-27,0.0,0.0,0.0,0.0,0.0
2024-09-28,0.0,0.0,0.0,0.0,0.0
2024-09-29,0.0,0.0,0.0,0.0,0.0
2024-09-30,0.0,0.0,0.0,0.0,0.0
2024-10-01,0.0,0.0,0.0,0.0,0.0
2024-10-02,0.0,0.0,0.0,0.0,0.0
2024-10-03,0.0,0.0,0.0,0.0,0.0
2024-10-04,0.0,0.0,0.0,0.0,0.0
2024-10-05,0.0,0.0,0.0,0.0,0.0
2024-10-06,0.0,0.0,0.0,0.0,0.0
2024-10-07,0.0,0.0,0.0,0.0,0.0
2024-10-08,0.0,0.0,0.0,0.0,0.0
2024-10-09,0.0,0.0,0.0,0.0,0.0
2024-10-10,0.0,0.0,0.0,0.0,0.0
2024-10-11,0.0,0.0,0.0,0.0,0.0
2024-10-12,0.0,0.0,0.0,0.0,0.0
2024-10-13,0.0,0.0,0.0,0.0,0.0
2024-10-14,0.0,0.0,0.0,0.0,0.0
2024-10-15,0.0,0.0,0.0,0.0,0.0
2024-10-16,0.0,0.0,0.0,0.0,0.0
2024-10-17,0.0,0.0,0.0,0.0,0.0
2024-10-18,0.0,0.0,0.0,0.0,0.0
2024-10-19,0.0,0.0,0.0,0.0,0.0
2024-10-20,0.0,0.0,0.0,0.0,0.0
2024-10-21,0.0,0.0,0.0,0.0,0.0
2024-10-22,0.0,0.0,0.0,0.0,0.0
2024-10-23,0.0,0.0,0.0,0.0,0.0
2024-10-24,0.0,0.0,0.0,0.0,0.0
2024-10-25,0.0,0.0,0.0,0.0,0.0
2024-10-26,0.0,0.0,0.0,0.0,0.0
2024-10-27,0.0,0.0,0.0,0.0,0.0
2024-10-28,0.0,0.0,0.0,0.0,0.0
2024-10-29,0.0,0.0,0.0,0.0,0.0
2024-10-30,0.0,0.0,0.0,0.0,0.0
2024-10-31,0.0,0.0,0.0,0.0,0.0
2024-11-01,0.0,0.0,0.0,0.0,0.0
2024-11-02,0.0,0.0,0.0,0.0,0.0
2024-11-03,0.0,0.0,0.0,0.0,0.0
2024-11-04,0.0,0.0,0.0,0.0,0.0
2024-11-05,0.0,0.0,0.0,0.0,0.0
2024-11-06,0.0,0.0,0.0,0.0,0.0
2024-11-07,0.0,0.0,0.0,0.0,0.0
2024-11-08,0.0,0.0,0.0,0.0,0.0
2024-11-09,0.0,0.0,0.0,0.0,0.0
2024-11-10,0.0,0.0,0.0,0.0,0.0
2024-11-11,1.213,91.12,12.43,33.96,44.74
2024-11-12,0.508,84.5,8.54,32.7,43.26
2024-11-13,0.076,60.82,4.77,15.73,40.32
2024-11-14,0.014,33.57,4.83,0.0,28.75
2024-11-15,0.003,15.02,5.94,0.0,9.04
2024-11-16,0.001,11.43,9.56,0.0,1.97
2024-11-17,0.0,15.21,14.51,0.0,0.84
2024-11-18,0.0,17.36,16.88,0.0,0.82
2024-11-19,0.0,18.38,17.62,0.0,0.86
2024-11-20,0.0,17.36,16.98,0.0,0.8
2024-11-21,0.0,11.57,12.17,0.0,0.6
2024-11-22,9.389,213.32,19.58,83.16,110.59
2024-11-23,7.057,192.36,20.08,74.02,98.26
2024-11-24,0.379,109.49,5.8,44.7,58.99
2024-11-25,1.83,65.12,11.96,22.46,30.71
2024-11-26,0.556,48.81,9.58,16.53,22.7
2024-11-27,0.085,34.73,6.43,7.58,20.72
2024-11-28,0.023,20.42,9.6,0.0,10.82
2024-11-29,0.01,16.33,14.1,0.0,2.23
2024-11-30,0.007,17.59,16.63,0.0,0.97
2024-12-01,0.005,18.39,17.47,0.0,0.91
2024-12-02,0.004,18.61,17.71,0.0,0.91
2024-12-03,0.004,18.64,17.75,0.0,0.91
2024-12-04,0.003,18.68,17.77,0.0,0.91
2024-12-05,0.003,18.67,17.76,0.0,0.91
2024-12-06,0.002,18.7,17.77,0.0,0.9
2024-12-07,0.002,18.59,17.73,0.0,0.9
2024-12-08,0.002,18.65,17.78,0.0,0.9
2024-12-09,0.001,18.76,17.88,0.0,0.89
2024-12-10,0.001,18.65,17.75,0.0,0.89
2024-12-11,0.001,18.81,17.94,0.0,0.9
2024-12-12,5.263,113.92,12.81,43.66,57.45
2024-12-13,0.719,62.57,7.88,23.6,31.09
2024-12-14,18.66,248.34,22.09,96.09,130.16
2024-12-15,0.86,136.62,7.98,55.26,73.38
2024-12-16,1.86,91.21,8.87,35.55,46.79
2024-12-17,0.673,87.74,7.01,34.84,45.89
2024-12-18,0.128,65.72,6.3,21.69,37.73
2024-12-19,0.039,29.59,9.83,0.0,19.75
2024-12-20,0.019,17.37,13.27,0.0,4.1
2024-12-21,0.01,16.95,15.77,0.0,1.18
2024-12-22,0.008,16.56,15.65,0.0,0.9
2024-12-23,0.008,16.31,15.42,0.0,0.89
2024-12-24,3.877,96.36,12.37,36.27,47.72
2024-12-25,0.493,73.15,7.17,28.45,37.54
2024-12-26,0.609,38.24,6.08,12.99,19.17
2024-12-27,5.934,113.0,13.13,43.08,56.78
2024-12-28,0.442,76.61,6.29,30.31,40.01
2024-12-29,2.52,78.98,9.77,29.88,39.33
2024-12-30,0.545,65.49,6.75,25.35,33.39
2024-12-31,0.107,47.7,6.11,14.14,27.45
2025-01-01,0.03,23.44,8.29,0.0,15.14
2025-01-02,0.013,13.78,10.33,0.0,3.45
2025-01-03,0.012,13.01,12.02,0.0,0.99
2025-01-04,0.011,13.15,12.3,0.0,0.84
2025-01-05,0.008,12.44,11.63,0.0,0.81
2025-01-06,0.008,12.05,11.24,0.0,0.8
2025-01-07,0.005,11.27,10.51,0.0,0.74
2025-01-08,0.002,13.1,12.48,0.0,0.61
2025-01-09,0.001,17.19,16.33,0.0,0.8
2025-01-10,0.001,18.16,17.41,0.0,0.87
2025-01-11,0.0,19.2,18.23,0.0,0.87
2025-01-12,0.0,17.7,16.43,0.0,0.84
2025-01-13,0.0,18.94,17.84,0.0,0.88
2025-01-14,0.0,19.29,18.41,0.0,0.9
2025-01-15,0.0,18.52,17.55,0.0,0.84
2025-01-16,0.0,18.52,18.42,0.0,0.88
2025-01-17,0.0,17.36,17.09,0.0,0.79
2025-01-18,0.0,0.0,0.0,0.0,0.0
2025-01-19,0.0,0.0,0.0,0.0,0.0
2025-01-20,0.0,0.0,0.0,0.0,0.0
2025-01-21,0.0,0.0,0.0,0.0,0.0
2025-01-22,0.0,0.0,0.0,0.0,0.0
2025-01-23,0.0,0.0,0.0,0.0,0.0
2025-01-24,0.0,0.0,0.0,0.0,0.0
2025-01-25,0.0,0.0,0.0,0.0,0.0
2025-01-26,0.0,0.0,0.0,0.0,0.0
2025-01-27,0.0,0.0,0.0,0.0,0.0
2025-01-28,0.0,0.0,0.0,0.0,0.0
2025-01-29,0.0,0.0,0.0,0.0,0.0
2025-01-30,0.0,0.0,0.0,0.0,0.0
2025-01-31,0.0,0.0,0.0,0.0,0.0
2025-02-01,0.108,28.02,7.73,7.6,12.69
2025-02-02,0.273,25.99,4.86,7.94,13.2
2025-02-03,0.163,25.03,4.48,7.81,12.74
2025-02-04,15.274,182.62,21.45,68.62,92.55
2025-02-05,3.926,202.78,17.18,78.69,106.91
2025-02-06,7.13,118.15,13.44,45.21,59.49
2025-02-07,2.734,78.46,11.92,28.73,37.8
2025-02-08,0.362,49.26,6.94,18.26,24.07
2025-02-09,0.097,28.32,8.8,4.59,14.93
2025-02-10,0.046,17.42,12.0,0.03,5.39
2025-02-11,0.03,15.03,13.48,0.01,1.54
2025-02-12,0.338,29.0,3.06,11.16,14.78
2025-02-13,33.425,334.62,26.21,130.47,177.93
2025-02-14,5.73,90.09,14.2,32.7,43.19
2025-02-15,0.576,45.58,8.46,16.0,21.12
2025-02-16,0.226,25.84,10.42,6.11,9.31
2025-02-17,0.152,15.59,11.98,0.45,3.15
2025-02-18,0.115,14.07,12.1,0.39,1.57
2025-02-19,0.09,13.32,11.78,0.32,1.22
2025-02-20,0.081,13.36,11.89,0.32,1.15
2025-02-21,0.068,12.87,11.51,0.24,1.11
2025-02-22,0.058,12.64,11.36,0.19,1.08
2025-02-23,0.047,12.02,10.94,0.05,1.04
2025-02-24,0.037,11.42,10.44,0.01,0.97
2025-02-25,0.033,11.81,10.84,0.01,0.96
2025-02-26,0.027,11.43,10.52,0.0,0.9
2025-02-27,0.021,10.7,9.84,0.0,0.86
2025-02-28,0.015,9.37,8.57,0.0,0.8
2025-03-01,0.01,6.85,6.11,0.0,0.73
2025-03-02,0.282,41.74,9.79,13.68,18.26
2025-03-03,0.091,32.75,5.91,8.24,18.6
2025-03-04,0.021,16.64,4.57,0.0,12.07
2025-03-05,0.008,7.48,4.47,0.0,3.01
2025-03-06,0.005,5.21,4.38,0.0,0.84
2025-03-07,0.004,5.08,4.4,0.0,0.69
2025-03-08,0.003,4.85,4.25,0.0,0.62
2025-03-09,0.002,4.88,4.31,0.0,0.56
2025-03-10,0.0,4.63,4.42,0.0,0.18
2025-03-11,0.0,4.96,4.16,0.0,0.04
2025-03-12,3.4,111.25,12.96,42.44,55.86
2025-03-13,5.028,91.9,13.13,34.01,44.76
2025-03-14,4.094,98.07,12.12,37.12,48.84
2025-03-15,0.565,66.96,7.43,25.68,33.84
2025-03-16,0.117,45.57,6.83,13.29,25.45
2025-03-17,2.917,109.61,12.54,41.83,55.24
2025-03-18,0.572,66.12,8.66,24.74,32.72
2025-03-19,0.123,43.49,7.85,12.17,23.47
2025-03-20,0.046,20.96,10.42,0.02,10.52
2025-03-21,0.024,13.85,11.24,0.0,2.6
2025-03-22,0.022,13.6,12.57,0.01,1.03
2025-03-23,0.018,13.39,12.5,0.0,0.89
2025-03-24,0.012,12.34,11.52,0.0,0.82
2025-03-25,0.006,9.57,8.86,0.0,0.71
2025-03-26,0.003,9.22,8.62,0.0,0.63
2025-03-27,0.001,13.11,12.48,0.0,0.6
2025-03-28,0.001,17.14,16.31,0.0,0.77
2025-03-29,0.0,18.81,18.21,0.0,0.87
2025-03-30,0.0,19.29,18.61,0.0,0.88
2025-03-31,0.0,21.22,20.04,0.0,0.91
2025-04-01,2.443,85.37,12.21,31.5,41.66
2025-04-02,0.522,69.87,8.23,26.49,35.15
2025-04-03,0.086,50.87,5.54,13.61,31.72
2025-04-04,0.018,27.79,5.92,0.0,21.87
2025-04-05,0.004,14.49,7.79,0.0,6.71
2025-04-06,0.001,13.43,11.94,0.0,1.5
2025-04-07,0.001,16.56,15.67,0.0,0.84
2025-04-08,0.0,18.1,17.18,0.0,0.84
2025-04-09,0.0,18.81,17.97,0.0,0.87
2025-04-10,0.0,19.99,19.42,0.0,0.91
2025-04-11,0.0,0.0,0.0,0.0,0.0
2025-04-12,0.0,0.0,0.0,0.0,0.0
2025-04-13,0.0,0.0,0.0,0.0,0.0
2025-04-14,0.0,0.0,0.0,0.0,0.0
2025-04-15,0.0,0.0,0.0,0.0,0.0
2025-04-16,0.0,0.0,0.0,0.0,0.0
2025-04-17,0.0,0.0,0.0,0.0,0.0
2025-04-18,0.0,0.0,0.0,0.0,0.0
2025-04-19,0.0,0.0,0.0,0.0,0.0
2025-04-20,0.0,0.0,0.0,0.0,0.0
2025-04-21,0.0,0.0,0.0,0.0,0.0
2025-04-22,0.0,0.0,0.0,0.0,0.0
2025-04-23,0.0,0.0,0.0,0.0,0.0
2025-04-24,0.0,0.0,0.0,0.0,0.0
2025-04-25,0.0,0.0,0.0,0.0,0.0
2025-04-26,0.0,0.0,0.0,0.0,0.0
2025-04-27,0.0,0.0,0.0,0.0,0.0
2025-04-28,0.0,0.0,0.0,0.0,0.0
2025-04-29,0.0,0.0,0.0,0.0,0.0
2025-04-30,0.0,0.0,0.0,0.0,0.0
2025-05-01,0.0,0.0,0.0,0.0,0.0
2025-05-02,0.0,0.0,0.0,0.0,0.0
2025-05-03,0.0,0.0,0.0,0.0,0.0
2025-05-04,0.0,0.0,0.0,0.0,0.0
2025-05-05,0.0,0.0,0.0,0.0,0.0
2025-05-06,0.0,0.0,0.0,0.0,0.0
2025-05-07,0.0,0.0,0.0,0.0,0.0
2025-05-08,0.0,0.0,0.0,0.0,0.0
2025-05-09,0.0,0.0,0.0,0.0,0.0
2025-05-10,0.0,0.0,0.0,0.0,0.0
2025-05-11,0.0,0.0,0.0,0.0,0.0
2025-05-12,0.0,0.0,0.0,0.0,0.0
2025-05-13,0.0,0.0,0.0,0.0,0.0
2025-05-14,0.0,0.0,0.0,0.0,0.0
2025-05-15,0.0,0.0,0.0,0.0,0.0
2025-05-16,0.0,0.0,0.0,0.0,0.0
2025-05-17,0.0,0.0,0.0,0.0,0.0
2025-05-18,0.0,0.0,0.0,0.0,0.0
2025-05-19,0.0,0.0,0.0,0.0,0.0
2025-05-20,0.0,0.0,0.0,0.0,0.0
2025-05-21,0.0,0.0,0.0,0.0,0.0
2025-05-22,0.0,0.0,0.0,0.0,0.0
2025-05-23,0.0,0.0,0.0,0.0,0.0
2025-05-24,0.0,0.0,0.0,0.0,0.0
2025-05-25,0.0,0.0,0.0,0.0,0.0
2025-05-26,0.0,0.0,0.0,0.0,0.0
2025-05-27,0.0,0.0,0.0,0.0,0.0
2025-05-28,0.0,0.0,0.0,0.0,0.0
2025-05-29,0.0,0.0,0.0,0.0,0.0
2025-05-30,0.0,0.0,0.0,0.0,0.0
2025-05-31,0.0,0.0,0.0,0.0,0.0
2025-06-01,0.0,0.0,0.0,0.0,0.0
2025-06-02,0.0,0.0,0.0,0.0,0.0
2025-06-03,0.0,0.0,0.0,0.0,0.0
2025-06-04,0.0,0.0,0.0,0.0,0.0
2025-06-05,0.0,0.0,0.0,0.0,0.0
2025-06-06,0.0,0.0,0.0,0.0,0.0
2025-06-07,0.0,0.0,0.0,0.0,0.0
2025-06-08,0.0,0.0,0.0,0.0,0.0
2025-06-09,0.0,0.0,0.0,0.0,0.0
2025-06-10,0.0,0.0,0.0,0.0,0.0
2025-06-11,0.0,0.0,0.0,0.0,0.0
2025-06-12,0.0,0.0,0.0,0.0,0.0
2025-06-13,0.0,0.0,0.0,0.0,0.0
2025-06-14,0.0,0.0,0.0,0.0,0.0
2025-06-15,0.0,0.0,0.0,0.0,0.0
2025-06-16,0.0,0.0,0.0,0.0,0.0
2025-06-17,0.0,0.0,0.0,0.0,0.0
2025-06-18,0.0,0.0,0.0,0.0,0.0
2025-06-19,0.0,0.0,0.0,0.0,0.0
2025-06-20,0.0,0.0,0.0,0.0,0.0
2025-06-21,0.0,0.0,0.0,0.0,0.0
2025-06-22,0.0,0.0,0.0,0.0,0.0
2025-06-23,0.0,0.0,0.0,0.0,0.0
2025-06-24,0.0,0.0,0.0,0.0,0.0
2025-06-25,0.0,0.0,0.0,0.0,0.0
2025-06-26,0.0,0.0,0.0,0.0,0.0
2025-06-27,0.0,0.0,0.0,0.0,0.0
2025-06-28,0.0,0.0,0.0,0.0,0.0
2025-06-29,0.0,0.0,0.0,0.0,0.0
2025-06-30,0.0,0.0,0.0,0.0,0.0
2025-07-01,0.0,0.0,0.0,0.0,0.0
2025-07-02,0.0,0.0,0.0,0.0,0.0
2025-07-03,0.0,0.0,0.0,0.0,0.0
2025-07-04,0.0,0.0,0.0,0.0,0.0
2025-07-05,0.0,0.0,0.0,0.0,0.0
2025-07-06,0.0,0.0,0.0,0.0,0.0
2025-07-07,0.0,0.0,0.0,0.0,0.0
2025-07-08,0.0,0.0,0.0,0.0,0.0
2025-07-09,0.0,0.0,0.0,0.0,0.0
2025-07-10,0.0,0.0,0.0,0.0,0.0
2025-07-11,0.0,0.0,0.0,0.0,0.0
2025-07-12,0.0,0.0,0.0,0.0,0.0
2025-07-13,0.0,0.0,0.0,0.0,0.0
2025-07-14,0.0,0.0,0.0,0.0,0.0
2025-07-15,0.0,0.0,0.0,0.0,0.0
2025-07-16,0.0,0.0,0.0,0.0,0.0
2025-07-17,0.0,0.0,0.0,0.0,0.0
2025-07-18,0.0,0.0,0.0,0.0,0.0
2025-07-19,0.0,0.0,0.0,0.0,0.0
2025-07-20,0.0,0.0,0.0,0.0,0.0
2025-07-21,0.0,0.0,0.0,0.0,0.0
2025-07-22,0.0,0.0,0.0,0.0,0.0
2025-07-23,0.0,0.0,0.0,0.0,0.0
2025-07-24,0.0,0.0,0.0,0.0,0.0
2025-07-25,0.0,0.0,0.0,0.0,0.0
2025-07-26,0.0,0.0,0.0,0.0,0.0
2025-07-27,0.0,0.0,0.0,0.0,0.0
2025-07-28,0.0,0.0,0.0,0.0,0.0
2025-07-29,0.0,0.0,0.0,0.0,0.0
2025-07-30,0.0,0.0,0.0,0.0,0.0
2025-07-31,0.0,0.0,0.0,0.0,0.0
2025-08-01,0.0,0.0,0.0,0.0,0.0
2025-08-02,0.0,0.0,0.0,0.0,0.0
2025-08-03,0.0,0.0,0.0,0.0,0.0
2025-08-04,0.0,0.0,0.0,0.0,0.0
2025-08-05,0.0,0.0,0.0,0.0,0.0
2025-08-06,0.0,0.0,0.0,0.0,0.0
2025-08-07,0.0,0.0,0.0,0.0,0.0
2025-08-08,0.0,0.0,0.0,0.0,0.0
2025-08-09,0.0,0.0,0.0,0.0,0.0
2025-08-10,0.0,0.0,0.0,0.0,0.0
2025-08-11,0.0,0.0,0.0,0.0,0.0
2025-08-12,0.0,0.0,0.0,0.0,0.0
2025-08-13,0.0,0.0,0.0,0.0,0.0
2025-08-14,0.0,0.0,0.0,0.0,0.0
2025-08-15,0.0,0.0,0.0,0.0,0.0
2025-08-16,0.0,0.0,0.0,0.0,0.0
2025-08-17,0.0,0.0,0.0,0.0,0.0
2025-08-18,0.0,0.0,0.0,0.0,0.0
2025-08-19,0.0,0.0,0.0,0.0,0.0
2025-08-20,0.0,0.0,0.0,0.0,0.0
2025-08-21,0.0,0.0,0.0,0.0,0.0
2025-08-22,0.0,0.0,0.0,0.0,0.0
2025-08-23,0.0,0.0,0.0,0.0,0.0
2025-08-24,0.0,0.0,0.0,0.0,0.0
2025-08-25,0.0,0.0,0.0,0.0,0.0
2025-08-26,0.0,0.0,0.0,0.0,0.0
2025-08-27,0.0,0.0,0.0,0.0,0.0
2025-08-28,0.0,0.0,0.0,0.0,0.0
2025-08-29,0.0,0.0,0.0,0.0,0.0
2025-08-30,0.0,0.0,0.0,0.0,0.0
2025-08-31,0.0,0.0,0.0,0.0,0.0
2025-09-01,0.0,0.0,0.0,0.0,0.0
2025-09-02,0.0,0.0,0.0,0.0,0.0
2025-09-03,0.0,0.0,0.0,0.0,0.0
2025-09-04,0.0,0.0,0.0,0.0,0.0
2025-09-05,0.0,0.0,0.0,0.0,0.0
2025-09-06,0.0,0.0,0.0,0.0,0.0
2025-09-07,0.0,0.0,0.0,0.0,0.0
2025-09-08,0.0,0.0,0.0,0.0,0.0
2025-09-09,0.0,0.0,0.0,0.0,0.0
2025-09-10,0.0,0.0,0.0,0.0,0.0
2025-09-11,0.0,0.0,0.0,0.0,0.0
2025-09-12,0.0,0.0,0.0,0.0,0.0
2025-09-13,0.0,0.0,0.0,0.0,0.0
2025-09-14,0.0,0.0,0.0,0.0,0.0
2025-09-15,0.0,0.0,0.0,0.0,0.0
2025-09-16,0.0,0.0,0.0,0.0,0.0
2025-09-17,0.0,0.0,0.0,0.0,0.0
2025-09-18,0.0,0.0,0.0,0.0,0.0
2025-09-19,0.0,0.0,0.0,0.0,0.0
2025-09-20,0.0,0.0,0.0,0.0,0.0
2025-09-21,0.0,0.0,0.0,0.0,0.0
2025-09-22,0.0,0.0,0.0,0.0,0.0
2025-09-23,0.0,0.0,0.0,0.0,0.0
2025-09-24,0.0,0.0,0.0,0.0,0.0
2025-09-25,0.0,0.0,0.0,0.0,0.0
2025-09-26,0.0,0.0,0.0,0.0,0.0
2025-09-27,0.0,0.0,0.0,0.0,0.0
2025-09-28,0.0,0.0,0.0,0.0,0.0
2025-09-29,0.0,0.0,0.0,0.0,0.0
2025-09-30,0.0,0.0,0.0,0.0,0.0
