Date,flow_cms,ssc_mg_L,ssc_sand_mg_L,ssc_silt_mg_L,ssc_clay_mg_L
1995-10-01,0.0,0.0,0.0,0.0,0.0
1995-10-02,0.0,0.0,0.0,0.0,0.0
1995-10-03,0.0,0.0,0.0,0.0,0.0
1995-10-04,0.0,0.0,0.0,0.0,0.0
1995-10-05,0.0,0.0,0.0,0.0,0.0
1995-10-06,0.0,0.0,0.0,0.0,0.0
1995-10-07,0.0,0.0,0.0,0.0,0.0
1995-10-08,0.0,0.0,0.0,0.0,0.0
1995-10-09,0.0,0.0,0.0,0.0,0.0
1995-10-10,0.0,0.0,0.0,0.0,0.0
1995-10-11,0.0,0.0,0.0,0.0,0.0
1995-10-12,0.0,0.0,0.0,0.0,0.0
1995-10-13,0.0,0.0,0.0,0.0,0.0
1995-10-14,0.0,0.0,0.0,0.0,0.0
1995-10-15,0.0,0.0,0.0,0.0,0.0
1995-10-16,0.0,0.0,0.0,0.0,0.0
1995-10-17,0.0,0.0,0.0,0.0,0.0
1995-10-18,0.0,0.0,0.0,0.0,0.0
1995-10-19,0.0,0.0,0.0,0.0,0.0
1995-10-20,0.0,0.0,0.0,0.0,0.0
1995-10-21,0.0,0.0,0.0,0.0,0.0
1995-10-22,0.0,0.0,0.0,0.0,0.0
1995-10-23,0.0,0.0,0.0,0.0,0.0
1995-10-24,0.0,0.0,0.0,0.0,0.0
1995-10-25,0.0,0.0,0.0,0.0,0.0
1995-10-26,0.0,0.0,0.0,0.0,0.0
1995-10-27,0.0,0.0,0.0,0.0,0.0
1995-10-28,0.0,0.0,0.0,0.0,0.0
1995-10-29,0.0,0.0,0.0,0.0,0.0
1995-10-30,0.0,0.0,0.0,0.0,0.0
1995-10-31,0.0,0.0,0.0,0.0,0.0
1995-11-01,0.0,0.0,0.0,0.0,0.0
1995-11-02,0.0,0.0,0.0,0.0,0.0
1995-11-03,0.0,0.0,0.0,0.0,0.0
1995-11-04,0.0,0.0,0.0,0.0,0.0
1995-11-05,0.0,0.0,0.0,0.0,0.0
1995-11-06,0.0,0.0,0.0,0.0,0.0
1995-11-07,0.0,0.0,0.0,0.0,0.0
1995-11-08,0.0,0.0,0.0,0.0,0.0
1995-11-09,0.0,0.0,0.0,0.0,0.0
1995-11-10,0.0,0.0,0.0,0.0,0.0
1995-11-11,0.0,0.0,0.0,0.0,0.0
1995-11-12,0.0,0.0,0.0,0.0,0.0
1995-11-13,0.0,0.0,0.0,0.0,0.0
1995-11-14,0.0,0.0,0.0,0.0,0.0
1995-11-15,0.0,0.0,0.0,0.0,0.0
1995-11-16,0.0,0.0,0.0,0.0,0.0
1995-11-17,0.0,0.0,0.0,0.0,0.0
1995-11-18,0.0,0.0,0.0,0.0,0.0
1995-11-19,0.0,0.0,0.0,0.0,0.0
1995-11-20,0.0,0.0,0.0,0.0,0.0
1995-11-21,0.0,0.0,0.0,0.0,0.0
1995-11-22,0.0,0.0,0.0,0.0,0.0
1995-11-23,0.0,0.0,0.0,0.0,0.0
1995-11-24,0.0,0.0,0.0,0.0,0.0
1995-11-25,0.0,0.0,0.0,0.0,0.0
1995-11-26,0.0,0.0,0.0,0.0,0.0
1995-11-27,0.055,31.27,15.56,6.19,9.51
1995-11-28,0.291,1.71,1.15,0.1,0.46
1995-11-29,1.427,530.96,20.39,220.47,290.09
1995-11-30,0.059,291.27,18.05,107.93,165.29
1995-12-01,0.003,67.3,17.55,0.0,49.75
1995-12-02,0.001,18.54,16.28,0.0,2.27
1995-12-03,0.001,16.84,16.03,0.0,0.81
1995-12-04,1.008,82.87,15.67,29.02,38.18
1995-12-05,0.073,60.58,18.0,17.29,25.3
1995-12-06,0.004,25.57,17.48,0.0,8.09
1995-12-07,0.001,17.06,16.13,0.0,0.93
1995-12-08,0.001,16.75,15.95,0.0,0.8
1995-12-09,0.001,16.71,15.91,0.0,0.8
1995-12-10,3.203,503.39,23.1,207.4,272.89
1995-12-11,25.355,764.57,41.36,294.87,428.35
1995-12-12,9.307,221.89,30.79,78.35,112.75
1995-12-13,1.567,75.99,16.2,25.71,34.08
1995-12-14,0.816,55.06,14.98,17.3,22.77
1995-12-15,4.021,124.86,20.12,45.23,59.51
1995-12-16,0.378,60.38,17.45,18.54,24.39
1995-12-17,0.103,21.94,16.18,2.49,3.27
1995-12-18,0.725,64.34,15.66,21.02,27.66
1995-12-19,0.136,31.28,16.8,6.25,8.23
1995-12-20,1.183,296.53,15.64,121.29,159.6
1995-12-21,0.648,252.08,13.54,103.0,135.53
1995-12-22,2.619,276.21,17.53,111.7,146.98
1995-12-23,0.349,85.06,17.4,29.22,38.44
1995-12-24,0.091,24.64,16.25,3.63,4.77
1995-12-25,0.063,18.01,15.97,0.78,1.26
1995-12-26,0.057,17.57,15.88,0.55,1.14
1995-12-27,0.055,17.54,15.88,0.53,1.14
1995-12-28,0.059,15.44,14.04,0.4,1.01
1995-12-29,5.788,149.82,23.08,54.73,72.01
1995-12-30,2.303,99.08,18.86,34.64,45.58
1995-12-31,0.242,38.46,16.78,9.36,12.32
1996-01-01,0.125,18.98,16.03,1.28,1.68
1996-01-02,0.107,17.92,15.89,0.87,1.15
1996-01-03,0.097,17.92,15.91,0.86,1.14
1996-01-04,0.086,17.93,15.93,0.86,1.14
1996-01-05,0.077,17.87,15.88,0.86,1.14
1996-01-06,0.067,17.87,15.95,0.78,1.14
1996-01-07,0.057,17.67,15.94,0.59,1.14
1996-01-08,0.05,17.52,15.93,0.45,1.14
1996-01-09,0.048,17.16,15.82,0.21,1.14
1996-01-10,0.04,17.28,16.02,0.14,1.13
1996-01-11,0.033,17.1,15.96,0.03,1.12
1996-01-12,0.029,17.01,15.89,0.01,1.1
1996-01-13,0.027,17.01,15.9,0.01,1.1
1996-01-14,0.024,17.1,16.01,0.01,1.09
1996-01-15,1.791,152.41,14.75,59.44,78.22
1996-01-16,10.446,253.34,28.97,92.54,131.82
1996-01-17,1.942,127.36,16.82,46.99,63.56
1996-01-18,3.564,142.2,20.59,52.5,69.11
1996-01-19,3.247,83.17,17.44,28.38,37.34
1996-01-20,1.729,97.78,15.95,35.34,46.49
1996-01-21,2.712,138.24,21.08,50.59,66.57
1996-01-22,0.498,31.25,16.31,6.45,8.49
1996-01-23,1.007,48.98,14.08,15.07,19.83
1996-01-24,5.648,110.59,20.34,38.97,51.28
1996-01-25,4.877,105.04,21.6,36.03,47.41
1996-01-26,1.623,49.83,15.83,14.68,19.32
1996-01-27,8.169,159.59,24.98,58.13,76.48
1996-01-28,1.89,41.95,16.72,10.9,14.34
1996-01-29,1.105,33.58,14.9,8.07,10.61
1996-01-30,7.773,244.75,26.77,90.11,127.87
1996-01-31,13.76,279.19,35.29,92.2,151.69
1996-02-01,2.244,32.83,16.28,6.62,9.93
1996-02-02,1.471,18.61,16.05,1.09,1.48
1996-02-03,3.615,61.36,15.37,19.86,26.13
1996-02-04,13.314,172.24,29.47,60.84,81.93
1996-02-05,4.006,79.96,21.57,25.15,33.24
1996-02-06,1.736,20.3,16.12,1.8,2.38
1996-02-07,1.186,18.15,16.07,0.9,1.18
1996-02-08,0.835,18.07,16.07,0.86,1.14
1996-02-09,0.591,18.06,16.06,0.86,1.13
1996-02-10,0.421,18.06,16.06,0.86,1.13
1996-02-11,0.297,18.07,16.07,0.86,1.13
1996-02-12,0.203,18.09,16.1,0.86,1.13
1996-02-13,0.141,18.07,16.07,0.86,1.13
1996-02-14,0.097,18.09,16.1,0.86,1.13
1996-02-15,1.542,211.97,18.9,83.37,109.7
1996-02-16,1.706,163.03,17.53,62.83,82.67
1996-02-17,0.782,61.59,15.85,19.75,25.99
1996-02-18,2.119,104.51,15.83,38.29,50.39
1996-02-19,7.257,128.78,23.55,45.44,59.79
1996-02-20,6.488,89.33,20.85,29.57,38.91
1996-02-21,9.017,144.14,26.92,50.62,66.6
1996-02-22,3.173,39.21,16.74,9.7,12.77
1996-02-23,1.484,19.83,16.18,1.57,2.07
1996-02-24,0.967,18.15,16.09,0.89,1.17
1996-02-25,0.752,20.24,15.99,1.83,2.41
1996-02-26,0.486,18.77,16.16,1.13,1.48
1996-02-27,2.696,146.92,17.04,56.08,73.79
1996-02-28,2.373,61.07,15.63,19.62,25.82
1996-02-29,2.21,56.15,16.21,17.25,22.69
1996-03-01,0.751,24.34,16.34,3.46,4.55
1996-03-02,0.417,18.42,16.13,0.99,1.3
1996-03-03,0.291,18.06,16.05,0.87,1.14
1996-03-04,5.116,115.09,19.45,41.3,54.34
1996-03-05,2.618,86.18,19.6,28.75,37.83
1996-03-06,0.783,23.14,16.25,2.98,3.92
1996-03-07,0.5,18.28,16.09,0.95,1.24
1996-03-08,0.332,18.12,16.12,0.86,1.14
1996-03-09,0.22,18.11,16.11,0.86,1.13
1996-03-10,0.159,18.0,16.0,0.86,1.13
1996-03-11,4.113,146.74,18.17,55.52,73.05
1996-03-12,7.99,224.3,28.59,81.97,113.74
1996-03-13,1.257,34.17,16.39,7.4,10.37
1996-03-14,0.728,18.8,16.12,1.15,1.54
1996-03-15,0.488,18.12,16.1,0.87,1.15
1996-03-16,0.328,18.1,16.1,0.86,1.13
1996-03-17,0.214,18.12,16.13,0.86,1.13
1996-03-18,0.139,18.12,16.13,0.86,1.13
1996-03-19,0.087,18.12,16.18,0.81,1.13
1996-03-20,0.054,17.9,16.17,0.6,1.14
1996-03-21,0.278,81.24,14.73,28.67,37.83
1996-03-22,0.174,73.09,17.55,23.98,31.57
1996-03-23,0.037,23.78,16.33,2.73,4.72
1996-03-24,0.022,17.47,16.24,0.01,1.21
1996-03-25,0.013,17.15,16.19,0.0,0.96
1996-03-26,0.007,17.23,16.36,0.0,0.87
1996-03-27,0.002,17.05,16.32,0.0,0.73
1996-03-28,0.001,17.28,16.52,0.0,0.76
1996-03-29,0.001,17.08,16.28,0.0,0.8
1996-03-30,0.0,17.16,16.41,0.0,0.75
1996-03-31,0.0,17.68,17.19,0.0,0.48
1996-04-01,5.769,343.51,22.71,138.53,182.27
1996-04-02,0.852,86.29,17.16,29.85,39.28
1996-04-03,0.299,23.02,16.18,2.96,3.89
1996-04-04,0.2,18.26,16.08,0.94,1.24
1996-04-05,0.14,18.07,16.07,0.87,1.14
1996-04-06,0.095,18.09,16.12,0.84,1.13
1996-04-07,0.065,17.91,16.09,0.67,1.14
1996-04-08,0.044,17.66,16.1,0.44,1.13
1996-04-09,0.03,17.32,16.16,0.05,1.11
1996-04-10,0.019,17.17,16.11,0.01,1.05
1996-04-11,0.013,17.23,16.26,0.0,0.97
1996-04-12,0.006,17.05,16.2,0.0,0.85
1996-04-13,0.003,17.12,16.31,0.0,0.81
1996-04-14,0.001,17.27,16.59,0.0,0.68
1996-04-15,0.0,18.13,17.51,0.0,0.62
1996-04-16,1.063,91.41,15.39,32.83,43.19
1996-04-17,1.049,94.03,14.69,34.26,45.08
1996-04-18,1.483,85.11,16.77,29.51,38.83
1996-04-19,0.24,30.99,16.52,6.25,8.22
1996-04-20,0.133,18.67,16.11,1.1,1.45
1996-04-21,0.107,17.94,15.93,0.87,1.15
1996-04-22,0.075,18.03,16.16,0.73,1.14
1996-04-23,0.051,17.74,16.09,0.52,1.13
1996-04-24,0.039,17.33,15.99,0.21,1.13
1996-04-25,0.027,17.28,16.15,0.03,1.1
1996-04-26,0.018,17.14,16.09,0.01,1.04
1996-04-27,0.012,17.14,16.19,0.0,0.95
1996-04-28,0.006,17.15,16.3,0.0,0.85
1996-04-29,0.002,17.41,16.61,0.0,0.8
1996-04-30,0.001,17.36,16.64,0.0,0.72
1996-05-01,0.0,17.29,16.58,0.0,0.71
1996-05-02,0.0,18.24,18.08,0.0,0.16
1996-05-03,0.0,18.1,18.08,0.0,0.02
1996-05-04,0.0,18.08,18.08,0.0,0.01
1996-05-05,0.0,0.0,0.0,0.0,0.0
1996-05-06,0.0,0.0,0.0,0.0,0.0
1996-05-07,0.0,0.0,0.0,0.0,0.0
1996-05-08,0.0,0.0,0.0,0.0,0.0
1996-05-09,0.0,0.0,0.0,0.0,0.0
1996-05-10,0.0,0.0,0.0,0.0,0.0
1996-05-11,0.0,0.0,0.0,0.0,0.0
1996-05-12,0.0,0.0,0.0,0.0,0.0
1996-05-13,0.0,0.0,0.0,0.0,0.0
1996-05-14,3.82,154.18,20.69,57.64,75.84
1996-05-15,6.643,168.75,23.99,62.51,82.25
1996-05-16,5.686,147.04,26.75,51.94,68.34
1996-05-17,1.055,46.25,15.69,13.2,17.37
1996-05-18,0.852,45.19,16.6,12.35,16.25
1996-05-19,0.447,19.38,16.08,1.43,1.88
1996-05-20,0.337,18.05,16.01,0.88,1.16
1996-05-21,0.852,40.23,15.64,10.62,13.97
1996-05-22,0.333,24.13,16.45,3.31,4.36
1996-05-23,0.199,18.3,16.07,0.96,1.27
1996-05-24,0.136,18.08,16.08,0.86,1.14
1996-05-25,0.101,18.05,16.05,0.85,1.14
1996-05-26,0.077,17.88,16.01,0.73,1.14
1996-05-27,0.059,17.72,16.01,0.58,1.14
1996-05-28,0.044,17.6,16.04,0.43,1.13
1996-05-29,0.033,17.32,16.05,0.16,1.11
1996-05-30,0.025,17.17,16.06,0.02,1.09
1996-05-31,0.017,17.13,16.09,0.01,1.03
1996-06-01,0.012,16.98,16.04,0.0,0.94
1996-06-02,0.007,17.34,16.46,0.0,0.88
1996-06-03,0.002,17.22,16.47,0.0,0.75
1996-06-04,0.0,17.3,16.72,0.0,0.58
1996-06-05,0.0,16.9,16.12,0.0,0.77
1996-06-06,0.0,18.26,18.08,0.0,0.18
1996-06-07,0.0,18.1,18.08,0.0,0.03
1996-06-08,0.0,18.08,18.08,0.0,0.01
1996-06-09,0.0,0.0,0.0,0.0,0.0
1996-06-10,0.0,0.0,0.0,0.0,0.0
1996-06-11,0.0,0.0,0.0,0.0,0.0
1996-06-12,0.0,0.0,0.0,0.0,0.0
1996-06-13,0.0,0.0,0.0,0.0,0.0
1996-06-14,0.0,0.0,0.0,0.0,0.0
1996-06-15,0.0,0.0,0.0,0.0,0.0
1996-06-16,0.0,0.0,0.0,0.0,0.0
1996-06-17,0.0,0.0,0.0,0.0,0.0
1996-06-18,0.0,0.0,0.0,0.0,0.0
1996-06-19,0.0,0.0,0.0,0.0,0.0
1996-06-20,0.0,0.0,0.0,0.0,0.0
1996-06-21,0.0,0.0,0.0,0.0,0.0
1996-06-22,0.0,0.0,0.0,0.0,0.0
1996-06-23,0.0,0.0,0.0,0.0,0.0
1996-06-24,0.0,0.0,0.0,0.0,0.0
1996-06-25,0.0,0.0,0.0,0.0,0.0
1996-06-26,0.0,0.0,0.0,0.0,0.0
1996-06-27,0.0,0.0,0.0,0.0,0.0
1996-06-28,0.0,0.0,0.0,0.0,0.0
1996-06-29,0.0,0.0,0.0,0.0,0.0
1996-06-30,0.0,0.0,0.0,0.0,0.0
1996-07-01,0.0,0.0,0.0,0.0,0.0
1996-07-02,0.0,0.0,0.0,0.0,0.0
1996-07-03,0.0,0.0,0.0,0.0,0.0
1996-07-04,0.0,0.0,0.0,0.0,0.0
1996-07-05,0.0,0.0,0.0,0.0,0.0
1996-07-06,0.0,0.0,0.0,0.0,0.0
1996-07-07,0.0,0.0,0.0,0.0,0.0
1996-07-08,0.0,0.0,0.0,0.0,0.0
1996-07-09,0.0,0.0,0.0,0.0,0.0
1996-07-10,0.0,0.0,0.0,0.0,0.0
1996-07-11,0.0,0.0,0.0,0.0,0.0
1996-07-12,0.0,0.0,0.0,0.0,0.0
1996-07-13,0.0,0.0,0.0,0.0,0.0
1996-07-14,0.0,0.0,0.0,0.0,0.0
1996-07-15,0.0,0.0,0.0,0.0,0.0
1996-07-16,0.0,0.0,0.0,0.0,0.0
1996-07-17,0.0,0.0,0.0,0.0,0.0
1996-07-18,0.0,0.0,0.0,0.0,0.0
1996-07-19,0.0,0.0,0.0,0.0,0.0
1996-07-20,0.0,0.0,0.0,0.0,0.0
1996-07-21,0.0,0.0,0.0,0.0,0.0
1996-07-22,0.0,0.0,0.0,0.0,0.0
1996-07-23,0.0,0.0,0.0,0.0,0.0
1996-07-24,0.0,0.0,0.0,0.0,0.0
1996-07-25,0.0,0.0,0.0,0.0,0.0
1996-07-26,0.0,0.0,0.0,0.0,0.0
1996-07-27,0.0,0.0,0.0,0.0,0.0
1996-07-28,0.0,0.0,0.0,0.0,0.0
1996-07-29,0.0,0.0,0.0,0.0,0.0
1996-07-30,0.0,0.0,0.0,0.0,0.0
1996-07-31,0.0,0.0,0.0,0.0,0.0
1996-08-01,0.0,0.0,0.0,0.0,0.0
1996-08-02,0.0,0.0,0.0,0.0,0.0
1996-08-03,0.0,0.0,0.0,0.0,0.0
1996-08-04,0.0,0.0,0.0,0.0,0.0
1996-08-05,0.0,0.0,0.0,0.0,0.0
1996-08-06,0.0,0.0,0.0,0.0,0.0
1996-08-07,0.0,0.0,0.0,0.0,0.0
1996-08-08,0.0,0.0,0.0,0.0,0.0
1996-08-09,0.0,0.0,0.0,0.0,0.0
1996-08-10,0.0,0.0,0.0,0.0,0.0
1996-08-11,0.0,0.0,0.0,0.0,0.0
1996-08-12,0.0,0.0,0.0,0.0,0.0
1996-08-13,0.0,0.0,0.0,0.0,0.0
1996-08-14,0.0,0.0,0.0,0.0,0.0
1996-08-15,0.0,0.0,0.0,0.0,0.0
1996-08-16,0.0,0.0,0.0,0.0,0.0
1996-08-17,0.0,0.0,0.0,0.0,0.0
1996-08-18,0.0,0.0,0.0,0.0,0.0
1996-08-19,0.0,0.0,0.0,0.0,0.0
1996-08-20,0.0,0.0,0.0,0.0,0.0
1996-08-21,0.0,0.0,0.0,0.0,0.0
1996-08-22,0.0,0.0,0.0,0.0,0.0
1996-08-23,0.0,0.0,0.0,0.0,0.0
1996-08-24,0.0,0.0,0.0,0.0,0.0
1996-08-25,0.0,0.0,0.0,0.0,0.0
1996-08-26,0.0,0.0,0.0,0.0,0.0
1996-08-27,0.0,0.0,0.0,0.0,0.0
1996-08-28,0.0,0.0,0.0,0.0,0.0
1996-08-29,0.0,0.0,0.0,0.0,0.0
1996-08-30,0.0,0.0,0.0,0.0,0.0
1996-08-31,0.0,0.0,0.0,0.0,0.0
1996-09-01,0.0,0.0,0.0,0.0,0.0
1996-09-02,0.0,0.0,0.0,0.0,0.0
1996-09-03,0.0,0.0,0.0,0.0,0.0
1996-09-04,0.0,0.0,0.0,0.0,0.0
1996-09-05,0.0,0.0,0.0,0.0,0.0
1996-09-06,0.0,0.0,0.0,0.0,0.0
1996-09-07,0.0,0.0,0.0,0.0,0.0
1996-09-08,0.0,0.0,0.0,0.0,0.0
1996-09-09,0.0,0.0,0.0,0.0,0.0
1996-09-10,0.0,0.0,0.0,0.0,0.0
1996-09-11,0.0,0.0,0.0,0.0,0.0
1996-09-12,0.0,0.0,0.0,0.0,0.0
1996-09-13,0.0,0.0,0.0,0.0,0.0
1996-09-14,0.0,0.0,0.0,0.0,0.0
1996-09-15,0.0,0.0,0.0,0.0,0.0
1996-09-16,0.0,0.0,0.0,0.0,0.0
1996-09-17,0.0,0.0,0.0,0.0,0.0
1996-09-18,0.0,0.0,0.0,0.0,0.0
1996-09-19,0.0,0.0,0.0,0.0,0.0
1996-09-20,0.0,0.0,0.0,0.0,0.0
1996-09-21,0.0,0.0,0.0,0.0,0.0
1996-09-22,0.0,0.0,0.0,0.0,0.0
1996-09-23,0.0,0.0,0.0,0.0,0.0
1996-09-24,0.0,0.0,0.0,0.0,0.0
1996-09-25,0.0,0.0,0.0,0.0,0.0
1996-09-26,0.0,0.0,0.0,0.0,0.0
1996-09-27,0.0,0.0,0.0,0.0,0.0
1996-09-28,0.0,0.0,0.0,0.0,0.0
1996-09-29,0.0,0.0,0.0,0.0,0.0
1996-09-30,0.0,0.0,0.0,0.0,0.0
1996-10-01,0.0,0.0,0.0,0.0,0.0
1996-10-02,0.0,0.0,0.0,0.0,0.0
1996-10-03,0.0,0.0,0.0,0.0,0.0
1996-10-04,0.0,0.0,0.0,0.0,0.0
1996-10-05,0.0,0.0,0.0,0.0,0.0
1996-10-06,0.0,0.0,0.0,0.0,0.0
1996-10-07,0.0,0.0,0.0,0.0,0.0
1996-10-08,0.0,0.0,0.0,0.0,0.0
1996-10-09,0.0,0.0,0.0,0.0,0.0
1996-10-10,0.0,0.0,0.0,0.0,0.0
1996-10-11,0.0,0.0,0.0,0.0,0.0
1996-10-12,0.0,0.0,0.0,0.0,0.0
1996-10-13,0.0,0.0,0.0,0.0,0.0
1996-10-14,0.0,0.0,0.0,0.0,0.0
1996-10-15,0.0,0.0,0.0,0.0,0.0
1996-10-16,0.0,0.0,0.0,0.0,0.0
1996-10-17,0.0,0.0,0.0,0.0,0.0
1996-10-18,0.0,0.0,0.0,0.0,0.0
1996-10-19,0.0,0.0,0.0,0.0,0.0
1996-10-20,0.0,0.0,0.0,0.0,0.0
1996-10-21,0.0,0.0,0.0,0.0,0.0
1996-10-22,0.0,0.0,0.0,0.0,0.0
1996-10-23,0.0,0.0,0.0,0.0,0.0
1996-10-24,0.0,0.0,0.0,0.0,0.0
1996-10-25,0.0,0.0,0.0,0.0,0.0
1996-10-26,0.0,0.0,0.0,0.0,0.0
1996-10-27,0.0,0.0,0.0,0.0,0.0
1996-10-28,0.0,0.0,0.0,0.0,0.0
1996-10-29,6.187,307.79,23.2,122.89,161.69
1996-10-30,2.553,104.1,17.17,37.54,49.39
1996-10-31,0.218,77.59,17.99,25.64,33.95
1996-11-01,0.016,28.88,17.11,0.05,11.72
1996-11-02,0.007,17.2,16.07,0.0,1.13
1996-11-03,0.005,16.8,15.96,0.0,0.84
1996-11-04,0.004,16.78,15.95,0.0,0.83
1996-11-05,0.003,16.78,15.96,0.0,0.82
1996-11-06,0.003,16.76,15.94,0.0,0.82
1996-11-07,0.002,16.76,15.95,0.0,0.81
1996-11-08,0.002,16.8,15.99,0.0,0.81
1996-11-09,0.002,16.75,15.95,0.0,0.8
1996-11-10,0.001,16.75,15.95,0.0,0.81
1996-11-11,0.001,16.75,15.95,0.0,0.8
1996-11-12,0.001,16.72,15.91,0.0,0.8
1996-11-13,0.001,16.84,16.05,0.0,0.79
1996-11-14,0.001,16.8,16.01,0.0,0.79
1996-11-15,1.015,179.9,15.26,71.1,93.55
1996-11-16,3.831,194.16,21.93,74.37,97.86
1996-11-17,14.888,559.13,39.6,206.38,313.15
1996-11-18,2.703,113.54,18.08,40.07,55.39
1996-11-19,2.527,101.34,17.05,36.37,47.92
1996-11-20,0.591,80.47,17.49,27.19,35.79
1996-11-21,0.779,69.17,13.48,24.05,31.64
1996-11-22,3.161,152.93,17.91,58.31,76.72
1996-11-23,0.345,105.92,17.79,38.06,50.07
1996-11-24,0.051,32.21,16.49,6.23,9.5
1996-11-25,0.031,17.46,15.99,0.02,1.46
1996-11-26,0.026,17.1,15.98,0.01,1.11
1996-11-27,0.02,16.98,15.94,0.0,1.03
1996-11-28,2.324,281.92,17.76,114.07,150.09
1996-11-29,0.478,236.71,17.95,94.46,124.29
1996-11-30,0.045,72.97,16.82,21.55,34.6
1996-12-01,0.714,105.14,15.68,38.6,50.86
1996-12-02,0.072,61.44,17.34,17.98,26.13
1996-12-03,0.024,18.96,16.02,0.01,2.93
1996-12-04,1.58,139.32,15.31,53.53,70.47
1996-12-05,9.897,334.78,33.45,119.87,181.45
1996-12-06,0.656,97.06,17.0,30.92,49.14
1996-12-07,0.136,28.82,16.39,4.92,7.52
1996-12-08,0.09,18.37,15.98,1.02,1.38
1996-12-09,5.706,188.62,20.79,72.47,95.36
1996-12-10,10.001,250.44,29.84,91.15,129.45
1996-12-11,2.478,80.96,14.44,28.3,38.23
1996-12-12,4.144,163.91,22.7,60.97,80.24
1996-12-13,1.649,127.48,18.02,47.27,62.19
1996-12-14,0.436,28.16,16.19,5.17,6.8
1996-12-15,0.327,18.29,15.96,1.01,1.33
1996-12-16,0.285,17.93,15.92,0.87,1.14
1996-12-17,0.24,17.96,15.96,0.86,1.14
1996-12-18,0.203,17.91,15.92,0.86,1.13
1996-12-19,0.183,17.91,15.91,0.86,1.14
1996-12-20,0.161,17.93,15.93,0.86,1.14
1996-12-21,16.406,328.62,32.21,123.13,173.28
1996-12-22,4.24,133.03,20.63,48.37,64.03
1996-12-23,1.13,41.32,16.49,10.71,14.12
1996-12-24,0.705,18.93,16.0,1.26,1.66
1996-12-25,0.57,17.99,15.97,0.88,1.15
1996-12-26,5.659,161.71,21.39,60.5,79.82
1996-12-27,3.928,203.5,22.61,77.75,103.14
1996-12-28,1.676,51.25,16.25,15.1,19.9
1996-12-29,3.81,139.06,20.83,51.05,67.17
1996-12-30,2.179,72.9,16.05,24.55,32.3
1996-12-31,1.521,47.08,15.42,13.67,17.99
1997-01-01,21.592,575.66,39.81,215.33,320.53
1997-01-02,12.896,206.87,30.27,71.76,104.83
1997-01-03,3.725,52.2,19.53,13.96,18.71
1997-01-04,1.931,19.22,16.1,1.34,1.78
1997-01-05,1.337,18.11,16.07,0.88,1.16
1997-01-06,0.942,18.05,16.06,0.86,1.13
1997-01-07,0.682,18.05,16.05,0.86,1.13
1997-01-08,0.494,18.05,16.05,0.86,1.13
1997-01-09,0.359,18.04,16.05,0.86,1.13
1997-01-10,0.263,18.03,16.04,0.86,1.13
1997-01-11,0.194,18.03,16.04,0.86,1.14
1997-01-12,1.201,80.1,15.14,28.05,36.91
1997-01-13,0.69,61.16,16.9,19.11,25.14
1997-01-14,0.205,22.61,16.36,2.7,3.55
1997-01-15,1.053,51.44,15.62,15.47,20.35
1997-01-16,0.274,26.34,16.57,4.22,5.55
1997-01-17,0.15,18.44,16.09,1.01,1.33
1997-01-18,0.104,18.06,16.05,0.87,1.14
1997-01-19,0.08,18.01,16.01,0.86,1.14
1997-01-20,1.006,70.86,15.59,23.87,31.4
1997-01-21,1.217,66.32,14.89,22.21,29.22
1997-01-22,13.485,256.96,29.55,94.28,133.12
1997-01-23,4.366,126.47,23.09,42.16,61.22
1997-01-24,4.597,196.93,23.66,74.79,98.49
1997-01-25,8.95,236.87,28.22,88.1,120.55
1997-01-26,6.465,122.75,24.23,42.47,56.05
1997-01-27,1.832,25.01,16.22,3.79,5.0
1997-01-28,1.174,18.36,16.09,0.98,1.29
1997-01-29,0.804,18.09,16.08,0.87,1.14
1997-01-30,0.559,18.07,16.07,0.86,1.13
1997-01-31,0.396,18.05,16.06,0.86,1.13
1997-02-01,0.278,18.08,16.08,0.86,1.13
1997-02-02,0.193,18.07,16.07,0.86,1.13
1997-02-03,0.138,18.06,16.06,0.86,1.14
1997-02-04,0.095,18.08,16.08,0.86,1.13
1997-02-05,0.066,17.92,16.09,0.7,1.13
1997-02-06,0.047,17.65,16.06,0.46,1.14
1997-02-07,0.035,17.19,16.03,0.03,1.13
1997-02-08,0.024,17.17,16.07,0.01,1.09
1997-02-09,0.018,17.03,16.02,0.0,1.01
1997-02-10,0.013,17.01,16.06,0.0,0.94
1997-02-11,0.009,16.97,16.08,0.0,0.89
1997-02-12,0.006,17.01,16.15,0.0,0.86
1997-02-13,0.004,16.84,16.03,0.0,0.81
1997-02-14,0.003,16.77,15.94,0.0,0.83
1997-02-15,0.002,16.84,16.03,0.0,0.81
1997-02-16,0.002,16.94,16.13,0.0,0.81
1997-02-17,0.393,72.54,15.59,24.54,32.41
1997-02-18,0.057,45.66,17.28,11.32,17.06
1997-02-19,0.017,18.18,16.09,0.0,2.1
1997-02-20,0.013,17.16,16.18,0.0,0.97
1997-02-21,0.008,16.98,16.1,0.0,0.88
1997-02-22,0.006,16.98,16.12,0.0,0.85
1997-02-23,0.002,17.92,17.15,0.0,0.77
1997-02-24,0.0,18.23,18.08,0.0,0.15
1997-02-25,0.0,15.31,14.5,0.0,0.81
1997-02-26,0.0,17.04,16.21,0.0,0.83
1997-02-27,0.0,18.17,17.55,0.0,0.63
1997-02-28,0.0,18.18,18.08,0.0,0.11
1997-03-01,0.0,18.09,18.08,0.0,0.02
1997-03-02,0.026,21.65,15.58,1.85,4.22
1997-03-03,0.007,19.56,17.45,0.0,2.11
1997-03-04,0.001,17.21,16.51,0.0,0.7
1997-03-05,0.0,17.14,16.37,0.0,0.77
1997-03-06,0.0,18.27,18.08,0.0,0.2
1997-03-07,0.0,18.11,18.08,0.0,0.03
1997-03-08,0.0,18.08,18.08,0.0,0.01
1997-03-09,0.0,0.0,0.0,0.0,0.0
1997-03-10,0.0,0.0,0.0,0.0,0.0
1997-03-11,0.0,0.0,0.0,0.0,0.0
1997-03-12,0.0,0.0,0.0,0.0,0.0
1997-03-13,0.0,0.0,0.0,0.0,0.0
1997-03-14,0.0,0.0,0.0,0.0,0.0
1997-03-15,0.0,0.0,0.0,0.0,0.0
1997-03-16,0.297,70.41,13.38,24.63,32.41
1997-03-17,0.385,64.93,17.57,20.45,26.91
1997-03-18,0.038,30.1,17.09,4.86,8.16
1997-03-19,0.014,17.5,16.2,0.0,1.3
1997-03-20,0.009,16.94,16.03,0.0,0.91
1997-03-21,0.007,16.87,15.99,0.0,0.88
1997-03-22,0.005,17.0,16.14,0.0,0.86
1997-03-23,0.003,17.07,16.25,0.0,0.82
1997-03-24,0.002,17.12,16.34,0.0,0.79
1997-03-25,0.0,17.47,16.84,0.0,0.63
1997-03-26,0.0,17.41,16.73,0.0,0.67
1997-03-27,0.0,18.25,18.08,0.0,0.18
1997-03-28,0.0,18.1,18.08,0.0,0.03
1997-03-29,0.0,0.0,0.0,0.0,0.0
1997-03-30,0.0,0.0,0.0,0.0,0.0
1997-03-31,0.0,0.0,0.0,0.0,0.0
1997-04-01,0.0,0.0,0.0,0.0,0.0
1997-04-02,0.0,0.0,0.0,0.0,0.0
1997-04-03,0.0,0.0,0.0,0.0,0.0
1997-04-04,0.0,0.0,0.0,0.0,0.0
1997-04-05,0.0,0.0,0.0,0.0,0.0
1997-04-06,0.0,0.0,0.0,0.0,0.0
1997-04-07,0.0,0.0,0.0,0.0,0.0
1997-04-08,0.0,0.0,0.0,0.0,0.0
1997-04-09,0.0,0.0,0.0,0.0,0.0
1997-04-10,0.0,0.0,0.0,0.0,0.0
1997-04-11,0.0,0.0,0.0,0.0,0.0
1997-04-12,0.0,0.0,0.0,0.0,0.0
1997-04-13,0.0,0.0,0.0,0.0,0.0
1997-04-14,0.0,0.0,0.0,0.0,0.0
1997-04-15,0.0,0.0,0.0,0.0,0.0
1997-04-16,0.0,0.0,0.0,0.0,0.0
1997-04-17,0.0,0.0,0.0,0.0,0.0
1997-04-18,0.094,19.14,4.51,6.22,8.41
1997-04-19,0.9,101.42,16.93,36.45,48.03
1997-04-20,0.048,58.79,17.7,15.85,25.24
1997-04-21,0.008,19.52,16.39,0.0,3.13
1997-04-22,0.006,17.12,16.22,0.0,0.9
1997-04-23,0.003,17.12,16.3,0.0,0.82
1997-04-24,0.001,16.69,16.05,0.0,0.64
1997-04-25,0.001,16.98,16.15,0.0,0.83
1997-04-26,0.0,17.42,16.78,0.0,0.64
1997-04-27,0.0,17.37,16.78,0.0,0.59
1997-04-28,0.0,18.22,18.08,0.0,0.15
1997-04-29,0.0,18.1,18.08,0.0,0.02
1997-04-30,0.0,0.0,0.0,0.0,0.0
1997-05-01,0.0,0.0,0.0,0.0,0.0
1997-05-02,0.0,0.0,0.0,0.0,0.0
1997-05-03,0.0,0.0,0.0,0.0,0.0
1997-05-04,0.0,0.0,0.0,0.0,0.0
1997-05-05,0.0,0.0,0.0,0.0,0.0
1997-05-06,0.0,0.0,0.0,0.0,0.0
1997-05-07,0.0,0.0,0.0,0.0,0.0
1997-05-08,0.0,0.0,0.0,0.0,0.0
1997-05-09,0.0,0.0,0.0,0.0,0.0
1997-05-10,0.0,0.0,0.0,0.0,0.0
1997-05-11,0.0,0.0,0.0,0.0,0.0
1997-05-12,0.0,0.0,0.0,0.0,0.0
1997-05-13,0.0,0.0,0.0,0.0,0.0
1997-05-14,0.0,0.0,0.0,0.0,0.0
1997-05-15,0.0,0.0,0.0,0.0,0.0
1997-05-16,0.0,0.0,0.0,0.0,0.0
1997-05-17,0.0,0.0,0.0,0.0,0.0
1997-05-18,0.0,0.0,0.0,0.0,0.0
1997-05-19,0.0,0.0,0.0,0.0,0.0
1997-05-20,0.0,0.0,0.0,0.0,0.0
1997-05-21,0.0,0.0,0.0,0.0,0.0
1997-05-22,0.0,0.0,0.0,0.0,0.0
1997-05-23,1.661,240.88,17.07,96.64,127.16
1997-05-24,0.131,135.39,18.04,49.46,67.89
1997-05-25,0.007,45.32,17.65,0.0,27.67
1997-05-26,0.001,19.35,16.7,0.0,2.64
1997-05-27,0.0,16.97,16.17,0.0,0.8
1997-05-28,0.0,16.83,16.04,0.0,0.79
1997-05-29,0.0,16.84,16.04,0.0,0.8
1997-05-30,0.0,16.83,16.04,0.0,0.78
1997-05-31,0.0,17.0,16.2,0.0,0.8
1997-06-01,0.0,17.0,16.24,0.0,0.76
1997-06-02,0.0,16.83,16.08,0.0,0.75
1997-06-03,0.097,65.23,11.31,23.12,30.81
1997-06-04,0.233,80.74,17.59,27.12,36.03
1997-06-05,0.013,34.84,18.05,0.55,16.24
1997-06-06,0.001,21.42,17.94,0.0,3.48
1997-06-07,0.0,18.02,17.39,0.0,0.63
1997-06-08,0.0,16.92,16.2,0.0,0.72
1997-06-09,0.0,18.25,18.08,0.0,0.18
1997-06-10,0.0,18.11,18.08,0.0,0.03
1997-06-11,0.0,0.0,0.0,0.0,0.0
1997-06-12,0.0,0.0,0.0,0.0,0.0
1997-06-13,0.0,0.0,0.0,0.0,0.0
1997-06-14,0.0,0.0,0.0,0.0,0.0
1997-06-15,0.0,0.0,0.0,0.0,0.0
1997-06-16,0.0,0.0,0.0,0.0,0.0
1997-06-17,0.0,0.0,0.0,0.0,0.0
1997-06-18,0.0,0.0,0.0,0.0,0.0
1997-06-19,0.0,0.0,0.0,0.0,0.0
1997-06-20,0.0,0.0,0.0,0.0,0.0
1997-06-21,0.0,0.0,0.0,0.0,0.0
1997-06-22,0.0,0.0,0.0,0.0,0.0
1997-06-23,0.0,0.0,0.0,0.0,0.0
1997-06-24,0.0,0.0,0.0,0.0,0.0
1997-06-25,0.0,0.0,0.0,0.0,0.0
1997-06-26,0.0,0.0,0.0,0.0,0.0
1997-06-27,0.0,0.0,0.0,0.0,0.0
1997-06-28,0.0,0.0,0.0,0.0,0.0
1997-06-29,0.0,0.0,0.0,0.0,0.0
1997-06-30,0.0,0.0,0.0,0.0,0.0
1997-07-01,0.0,0.0,0.0,0.0,0.0
1997-07-02,0.0,0.0,0.0,0.0,0.0
1997-07-03,0.0,0.0,0.0,0.0,0.0
1997-07-04,0.0,0.0,0.0,0.0,0.0
1997-07-05,0.0,0.0,0.0,0.0,0.0
1997-07-06,0.0,0.0,0.0,0.0,0.0
1997-07-07,0.0,0.0,0.0,0.0,0.0
1997-07-08,0.0,0.0,0.0,0.0,0.0
1997-07-09,0.0,0.0,0.0,0.0,0.0
1997-07-10,0.0,0.0,0.0,0.0,0.0
1997-07-11,0.0,0.0,0.0,0.0,0.0
1997-07-12,0.0,0.0,0.0,0.0,0.0
1997-07-13,0.0,0.0,0.0,0.0,0.0
1997-07-14,0.0,0.0,0.0,0.0,0.0
1997-07-15,0.0,0.0,0.0,0.0,0.0
1997-07-16,0.0,0.0,0.0,0.0,0.0
1997-07-17,0.0,0.0,0.0,0.0,0.0
1997-07-18,0.0,0.0,0.0,0.0,0.0
1997-07-19,0.0,0.0,0.0,0.0,0.0
1997-07-20,0.0,0.0,0.0,0.0,0.0
1997-07-21,0.0,0.0,0.0,0.0,0.0
1997-07-22,0.0,0.0,0.0,0.0,0.0
1997-07-23,0.0,0.0,0.0,0.0,0.0
1997-07-24,0.0,0.0,0.0,0.0,0.0
1997-07-25,0.0,0.0,0.0,0.0,0.0
1997-07-26,0.0,0.0,0.0,0.0,0.0
1997-07-27,0.0,0.0,0.0,0.0,0.0
1997-07-28,0.0,0.0,0.0,0.0,0.0
1997-07-29,0.0,0.0,0.0,0.0,0.0
1997-07-30,0.0,0.0,0.0,0.0,0.0
1997-07-31,0.0,0.0,0.0,0.0,0.0
1997-08-01,0.0,0.0,0.0,0.0,0.0
1997-08-02,0.0,0.0,0.0,0.0,0.0
1997-08-03,0.0,0.0,0.0,0.0,0.0
1997-08-04,0.0,0.0,0.0,0.0,0.0
1997-08-05,0.0,0.0,0.0,0.0,0.0
1997-08-06,0.0,0.0,0.0,0.0,0.0
1997-08-07,0.0,0.0,0.0,0.0,0.0
1997-08-08,0.0,0.0,0.0,0.0,0.0
1997-08-09,0.0,0.0,0.0,0.0,0.0
1997-08-10,0.0,0.0,0.0,0.0,0.0
1997-08-11,0.0,0.0,0.0,0.0,0.0
1997-08-12,0.0,0.0,0.0,0.0,0.0
1997-08-13,0.0,0.0,0.0,0.0,0.0
1997-08-14,0.0,0.0,0.0,0.0,0.0
1997-08-15,0.0,0.0,0.0,0.0,0.0
1997-08-16,0.0,0.0,0.0,0.0,0.0
1997-08-17,0.0,0.0,0.0,0.0,0.0
1997-08-18,0.0,0.0,0.0,0.0,0.0
1997-08-19,0.011,63.5,15.83,20.58,27.08
1997-08-20,0.738,91.15,15.96,32.47,42.72
1997-08-21,0.038,59.64,17.99,15.15,26.49
1997-08-22,0.002,26.33,17.99,0.0,8.34
1997-08-23,0.0,17.94,16.84,0.0,1.11
1997-08-24,0.0,16.9,16.11,0.0,0.79
1997-08-25,0.0,16.75,15.97,0.0,0.78
1997-08-26,0.0,16.77,15.98,0.0,0.79
1997-08-27,0.0,16.88,16.11,0.0,0.77
1997-08-28,0.0,17.32,16.76,0.0,0.56
1997-08-29,0.0,18.22,18.08,0.0,0.15
1997-08-30,0.0,0.0,0.0,0.0,0.0
1997-08-31,0.0,0.0,0.0,0.0,0.0
1997-09-01,0.0,0.0,0.0,0.0,0.0
1997-09-02,0.0,0.0,0.0,0.0,0.0
1997-09-03,0.0,0.0,0.0,0.0,0.0
1997-09-04,0.0,0.0,0.0,0.0,0.0
1997-09-05,0.0,0.0,0.0,0.0,0.0
1997-09-06,0.0,0.0,0.0,0.0,0.0
1997-09-07,0.0,0.0,0.0,0.0,0.0
1997-09-08,0.0,0.0,0.0,0.0,0.0
1997-09-09,0.0,0.0,0.0,0.0,0.0
1997-09-10,0.0,0.0,0.0,0.0,0.0
1997-09-11,0.0,0.0,0.0,0.0,0.0
1997-09-12,0.0,0.0,0.0,0.0,0.0
1997-09-13,0.0,0.0,0.0,0.0,0.0
1997-09-14,0.0,0.0,0.0,0.0,0.0
1997-09-15,0.0,0.0,0.0,0.0,0.0
1997-09-16,0.0,0.0,0.0,0.0,0.0
1997-09-17,0.0,0.0,0.0,0.0,0.0
1997-09-18,0.0,0.0,0.0,0.0,0.0
1997-09-19,0.0,0.0,0.0,0.0,0.0
1997-09-20,0.0,0.0,0.0,0.0,0.0
1997-09-21,0.0,0.0,0.0,0.0,0.0
1997-09-22,0.0,0.0,0.0,0.0,0.0
1997-09-23,0.0,0.0,0.0,0.0,0.0
1997-09-24,0.0,0.0,0.0,0.0,0.0
1997-09-25,0.0,0.0,0.0,0.0,0.0
1997-09-26,0.0,0.0,0.0,0.0,0.0
1997-09-27,0.0,0.0,0.0,0.0,0.0
1997-09-28,0.0,0.0,0.0,0.0,0.0
1997-09-29,0.0,0.0,0.0,0.0,0.0
1997-09-30,0.0,0.0,0.0,0.0,0.0
1997-10-01,0.0,0.0,0.0,0.0,0.0
1997-10-02,0.0,0.0,0.0,0.0,0.0
1997-10-03,0.0,0.0,0.0,0.0,0.0
1997-10-04,0.0,0.0,0.0,0.0,0.0
1997-10-05,0.0,0.0,0.0,0.0,0.0
1997-10-06,0.0,0.0,0.0,0.0,0.0
1997-10-07,0.0,0.0,0.0,0.0,0.0
1997-10-08,0.0,0.0,0.0,0.0,0.0
1997-10-09,6.77,511.3,30.08,199.16,282.06
1997-10-10,0.239,231.58,17.56,87.28,126.73
1997-10-11,0.026,60.28,17.5,10.84,31.94
1997-10-12,0.005,19.19,16.33,0.0,2.86
1997-10-13,0.004,16.81,15.97,0.0,0.84
1997-10-14,0.003,16.77,15.95,0.0,0.82
1997-10-15,0.002,16.77,15.95,0.0,0.81
1997-10-16,0.002,16.77,15.96,0.0,0.81
1997-10-17,0.002,16.75,15.95,0.0,0.81
1997-10-18,0.001,16.76,15.95,0.0,0.81
1997-10-19,0.001,16.73,15.93,0.0,0.81
1997-10-20,0.001,16.74,15.94,0.0,0.8
1997-10-21,0.001,16.79,16.0,0.0,0.79
1997-10-22,0.001,16.76,15.97,0.0,0.8
1997-10-23,0.001,16.72,15.92,0.0,0.8
1997-10-24,0.0,17.01,16.22,0.0,0.79
1997-10-25,0.0,16.5,15.71,0.0,0.79
1997-10-26,0.0,16.81,16.0,0.0,0.8
1997-10-27,0.0,16.74,15.95,0.0,0.79
1997-10-28,0.0,16.86,16.07,0.0,0.79
1997-10-29,0.0,16.72,15.92,0.0,0.79
1997-10-30,0.0,16.79,15.99,0.0,0.79
1997-10-31,0.0,16.79,16.0,0.0,0.8
1997-11-01,0.0,16.77,15.97,0.0,0.8
1997-11-02,0.0,17.02,16.24,0.0,0.78
1997-11-03,0.0,17.02,16.24,0.0,0.79
1997-11-04,0.0,16.94,16.18,0.0,0.76
1997-11-05,0.0,16.77,16.02,0.0,0.75
1997-11-06,0.0,18.29,18.08,0.0,0.22
1997-11-07,0.0,18.12,18.08,0.0,0.04
1997-11-08,0.0,0.0,0.0,0.0,0.0
1997-11-09,0.0,0.0,0.0,0.0,0.0
1997-11-10,5.644,266.79,23.58,104.75,138.46
1997-11-11,0.948,136.25,17.72,51.1,67.43
1997-11-12,0.066,66.57,17.89,19.51,29.18
1997-11-13,1.994,122.63,16.01,46.03,60.59
1997-11-14,4.097,245.73,22.21,96.52,127.0
1997-11-15,2.986,273.63,19.87,109.58,144.18
1997-11-16,0.97,90.14,16.28,31.89,41.97
1997-11-17,0.299,57.3,16.28,17.72,23.31
1997-11-18,0.348,149.17,13.82,58.28,77.07
1997-11-19,2.478,187.39,17.52,73.35,96.52
1997-11-20,0.154,101.11,17.82,35.61,47.67
1997-11-21,0.018,27.12,16.69,0.01,10.43
1997-11-22,0.009,17.25,16.12,0.0,1.12
1997-11-23,0.292,72.5,15.65,24.54,32.3
1997-11-24,1.413,253.36,17.82,101.65,133.89
1997-11-25,4.722,255.25,16.65,101.44,137.16
1997-11-26,15.428,728.33,44.5,274.17,409.66
1997-11-27,1.95,154.66,22.07,55.77,76.82
1997-11-28,0.354,53.05,16.17,15.75,21.13
1997-11-29,1.108,166.88,11.88,66.93,88.07
1997-11-30,5.751,357.08,27.84,139.46,189.78
1997-12-01,0.434,147.68,17.41,55.69,74.58
1997-12-02,0.128,29.25,16.14,5.61,7.5
1997-12-03,0.097,18.37,16.0,1.02,1.35
1997-12-04,0.075,18.05,16.03,0.87,1.14
1997-12-05,0.588,133.84,15.7,51.02,67.13
1997-12-06,0.106,44.7,16.44,12.2,16.06
1997-12-07,13.611,434.6,31.77,164.11,238.71
1997-12-08,2.691,114.42,18.38,39.97,56.07
1997-12-09,0.441,38.97,16.59,9.46,12.92
1997-12-10,0.265,18.84,15.99,1.22,1.63
1997-12-11,0.221,17.97,15.94,0.87,1.15
1997-12-12,0.191,17.93,15.93,0.86,1.14
1997-12-13,0.161,17.95,15.95,0.86,1.14
1997-12-14,6.015,230.66,24.12,89.19,117.36
1997-12-15,0.897,141.86,17.34,53.77,70.75
1997-12-16,0.29,27.77,16.11,5.03,6.62
1997-12-17,0.232,18.24,15.93,1.0,1.31
1997-12-18,0.191,18.0,15.99,0.87,1.14
1997-12-19,0.158,17.91,15.91,0.86,1.13
1997-12-20,0.14,17.99,15.98,0.87,1.14
1997-12-21,0.235,39.25,15.01,10.47,13.77
1997-12-22,0.174,41.16,17.02,10.43,13.72
1997-12-23,0.096,18.94,15.93,1.3,1.71
1997-12-24,0.071,18.11,16.19,0.76,1.16
1997-12-25,1.71,422.23,17.02,174.97,230.24
1997-12-26,0.819,174.6,15.95,68.51,90.14
1997-12-27,0.14,53.09,16.49,15.8,20.79
1997-12-28,0.088,19.42,16.02,1.47,1.93
1997-12-29,0.069,17.92,15.96,0.8,1.16
1997-12-30,0.057,17.67,15.94,0.59,1.14
1997-12-31,0.053,17.52,15.9,0.49,1.14
1998-01-01,0.05,17.39,15.87,0.38,1.14
1998-01-02,4.205,182.62,18.81,70.73,93.07
1998-01-03,2.026,96.45,17.03,34.3,45.13
1998-01-04,8.059,349.58,26.99,137.18,185.42
1998-01-05,0.792,93.51,16.94,32.65,43.92
1998-01-06,0.428,22.57,15.18,3.17,4.22
1998-01-07,1.182,48.84,16.02,14.17,18.65
1998-01-08,0.358,23.81,16.28,3.25,4.28
1998-01-09,0.902,123.53,14.69,47.0,61.84
1998-01-10,4.786,164.79,22.02,61.65,81.12
1998-01-11,7.219,273.93,28.21,102.88,142.84
1998-01-12,13.826,397.01,33.52,148.5,214.99
1998-01-13,2.047,117.25,16.2,40.48,60.57
1998-01-14,4.335,118.6,19.22,42.88,56.51
1998-01-15,9.428,234.31,28.76,86.49,119.06
1998-01-16,2.461,47.29,16.06,13.09,18.14
1998-01-17,2.351,76.05,16.31,25.79,33.95
1998-01-18,14.792,785.72,36.58,309.86,439.29
1998-01-19,3.254,152.17,18.26,53.43,80.47
1998-01-20,1.457,30.31,16.27,5.85,8.19
1998-01-21,0.945,18.53,16.06,1.06,1.41
1998-01-22,0.692,18.05,16.03,0.87,1.14
1998-01-23,0.513,18.03,16.03,0.86,1.14
1998-01-24,0.385,18.02,16.02,0.86,1.14
1998-01-25,0.29,18.02,16.02,0.86,1.14
1998-01-26,0.333,31.79,14.21,7.59,9.99
1998-01-27,0.798,69.12,16.4,22.77,29.96
1998-01-28,0.245,29.06,15.91,5.68,7.47
1998-01-29,10.449,656.57,33.23,256.78,366.56
1998-01-30,0.86,96.1,16.56,31.84,47.71
1998-01-31,1.558,77.53,15.63,26.69,35.2
1998-02-01,6.103,233.62,23.31,90.81,119.49
1998-02-02,18.166,320.28,31.81,116.8,171.68
1998-02-03,19.283,564.46,44.93,203.1,316.43
1998-02-04,5.546,62.19,20.78,17.25,24.17
1998-02-05,5.604,99.87,21.39,33.88,44.6
1998-02-06,12.258,208.85,29.44,77.12,102.29
1998-02-07,11.088,181.98,27.56,65.66,88.76
1998-02-08,8.184,155.64,26.73,53.91,75.0
1998-02-09,3.276,35.17,16.59,8.0,10.58
1998-02-10,2.534,40.27,15.87,10.54,13.87
1998-02-11,2.356,41.94,16.09,11.16,14.69
1998-02-12,2.308,60.03,15.75,19.12,25.16
1998-02-13,1.234,31.55,16.47,6.51,8.57
1998-02-14,7.347,167.02,23.75,61.87,81.4
1998-02-15,2.442,46.02,16.36,12.81,16.85
1998-02-16,2.449,96.56,17.05,34.33,45.18
1998-02-17,1.502,72.06,16.75,23.88,31.43
1998-02-18,0.669,21.23,16.19,2.18,2.86
1998-02-19,6.381,277.35,24.5,108.65,144.19
1998-02-20,1.743,86.62,16.67,30.01,39.94
1998-02-21,11.291,323.0,31.92,116.56,174.53
1998-02-22,3.376,86.46,17.14,28.18,41.15
1998-02-23,5.56,214.53,22.71,82.81,109.01
1998-02-24,1.804,49.82,16.4,14.43,18.99
1998-02-25,0.988,19.61,16.15,1.49,1.96
1998-02-26,0.642,18.16,16.1,0.89,1.17
1998-02-27,0.438,18.07,16.08,0.86,1.13
1998-02-28,0.303,18.07,16.08,0.86,1.13
1998-03-01,0.214,18.06,16.06,0.86,1.13
1998-03-02,0.155,18.04,16.04,0.86,1.14
1998-03-03,0.099,18.23,16.23,0.86,1.14
1998-03-04,0.064,17.85,16.04,0.68,1.13
1998-03-05,0.781,88.74,13.53,32.47,42.75
1998-03-06,1.104,83.4,17.23,28.57,37.59
1998-03-07,0.313,25.79,15.82,4.3,5.66
1998-03-08,1.128,151.64,15.78,58.66,77.19
1998-03-09,0.296,52.18,16.57,15.37,20.23
1998-03-10,0.146,19.92,16.19,1.61,2.12
1998-03-11,0.089,18.23,16.16,0.89,1.17
1998-03-12,0.062,17.88,16.05,0.69,1.14
1998-03-13,3.34,182.5,18.6,70.78,93.13
1998-03-14,0.626,63.43,16.74,20.16,26.53
1998-03-15,0.279,20.74,16.2,1.96,2.58
1998-03-16,0.171,18.24,16.14,0.91,1.19
1998-03-17,0.108,18.15,16.16,0.86,1.14
1998-03-18,0.066,17.99,16.17,0.69,1.13
1998-03-19,0.042,17.65,16.12,0.4,1.13
1998-03-20,0.027,17.3,16.17,0.02,1.1
1998-03-21,0.019,17.05,16.02,0.0,1.03
1998-03-22,0.012,17.11,16.18,0.0,0.93
1998-03-23,3.565,176.49,21.18,67.06,88.25
1998-03-24,2.732,118.34,21.39,41.86,55.09
1998-03-25,1.872,80.52,15.91,27.9,36.71
1998-03-26,0.587,24.91,16.31,3.72,4.89
1998-03-27,0.356,18.38,16.11,0.98,1.29
1998-03-28,0.242,18.08,16.07,0.87,1.14
1998-03-29,0.164,18.1,16.1,0.86,1.13
1998-03-30,0.109,18.14,16.14,0.86,1.14
1998-03-31,2.389,146.61,16.75,56.08,73.79
1998-04-01,0.948,59.94,16.86,18.6,24.48
1998-04-02,0.372,22.49,14.61,3.4,4.48
1998-04-03,2.973,140.73,16.1,53.81,70.81
1998-04-04,2.099,101.3,18.3,35.84,47.16
1998-04-05,0.569,25.57,16.31,4.0,5.27
1998-04-06,0.367,18.35,16.05,0.99,1.31
1998-04-07,0.43,29.47,15.85,5.88,7.73
1998-04-08,0.235,19.67,16.13,1.53,2.01
1998-04-09,0.156,18.17,16.11,0.89,1.17
1998-04-10,0.108,18.06,16.06,0.86,1.14
1998-04-11,0.069,18.08,16.24,0.71,1.14
1998-04-12,0.3,57.94,8.29,21.41,28.25
1998-04-13,2.842,117.2,17.42,43.09,56.7
1998-04-14,0.499,43.51,16.7,11.58,15.23
1998-04-15,0.242,19.42,16.14,1.42,1.87
1998-04-16,0.161,18.15,16.1,0.88,1.16
1998-04-17,0.11,18.09,16.09,0.86,1.14
1998-04-18,0.075,17.96,16.09,0.73,1.14
1998-04-19,0.053,17.73,16.05,0.54,1.14
1998-04-20,0.037,17.49,16.1,0.27,1.12
1998-04-21,0.026,17.21,16.1,0.02,1.1
1998-04-22,0.018,17.18,16.14,0.01,1.04
1998-04-23,0.012,16.93,15.98,0.0,0.94
1998-04-24,0.009,16.99,16.08,0.0,0.9
1998-04-25,0.006,16.97,16.11,0.0,0.86
1998-04-26,0.004,17.06,16.23,0.0,0.83
1998-04-27,0.002,17.43,16.64,0.0,0.79
1998-04-28,0.0,17.61,16.99,0.0,0.62
1998-04-29,0.0,17.68,17.04,0.0,0.64
1998-04-30,0.0,18.21,18.08,0.0,0.13
1998-05-01,0.0,18.1,18.08,0.0,0.02
1998-05-02,0.0,0.0,0.0,0.0,0.0
1998-05-03,0.0,0.0,0.0,0.0,0.0
1998-05-04,0.778,109.27,16.78,39.94,52.55
1998-05-05,2.671,313.34,20.43,126.48,166.43
1998-05-06,0.662,190.41,17.42,74.7,98.29
1998-05-07,0.177,34.56,16.24,7.91,10.41
1998-05-08,0.111,18.77,16.11,1.15,1.51
1998-05-09,0.072,18.01,16.14,0.73,1.15
1998-05-10,0.054,17.69,16.01,0.54,1.14
1998-05-11,0.045,17.45,15.95,0.37,1.13
1998-05-12,2.097,86.64,14.61,31.1,40.93
1998-05-13,1.518,84.7,18.11,28.75,37.83
1998-05-14,0.308,26.95,16.39,4.56,6.0
1998-05-15,0.197,18.38,16.04,1.01,1.33
1998-05-16,0.151,18.0,15.99,0.87,1.14
1998-05-17,0.107,18.1,16.1,0.86,1.13
1998-05-18,0.077,17.92,16.05,0.73,1.14
1998-05-19,0.058,17.75,16.04,0.57,1.14
1998-05-20,0.042,17.61,16.08,0.4,1.13
1998-05-21,0.031,17.19,16.01,0.07,1.11
1998-05-22,0.025,17.12,16.01,0.02,1.09
1998-05-23,0.018,17.0,15.96,0.01,1.03
1998-05-24,0.016,16.9,15.9,0.0,0.99
1998-05-25,0.01,17.54,16.6,0.0,0.94
1998-05-26,0.004,16.71,15.91,0.0,0.8
1998-05-27,2.063,92.34,15.15,33.33,43.85
1998-05-28,6.823,212.01,24.65,80.91,106.45
1998-05-29,3.124,113.85,17.13,41.77,54.95
1998-05-30,0.859,38.3,16.47,9.43,12.4
1998-05-31,0.524,18.86,16.04,1.22,1.6
1998-06-01,0.401,18.02,16.0,0.87,1.15
1998-06-02,0.313,18.0,16.0,0.86,1.14
1998-06-03,0.255,17.96,15.96,0.86,1.14
1998-06-04,0.19,18.05,16.06,0.86,1.13
1998-06-05,0.149,17.96,15.97,0.86,1.14
1998-06-06,0.115,18.05,16.05,0.86,1.14
1998-06-07,0.082,17.94,16.04,0.77,1.13
1998-06-08,0.064,17.76,16.0,0.63,1.14
1998-06-09,0.046,17.7,16.1,0.47,1.13
1998-06-10,0.041,17.08,15.82,0.13,1.13
1998-06-11,0.029,17.37,16.21,0.04,1.11
1998-06-12,0.02,17.15,16.08,0.01,1.06
1998-06-13,0.014,17.02,16.04,0.0,0.97
1998-06-14,0.01,17.01,16.08,0.0,0.92
1998-06-15,0.005,17.46,16.6,0.0,0.86
1998-06-16,0.001,17.18,16.54,0.0,0.64
1998-06-17,0.0,17.92,17.63,0.0,0.29
1998-06-18,0.0,17.19,16.67,0.0,0.53
1998-06-19,0.0,18.22,18.08,0.0,0.14
1998-06-20,0.0,18.1,18.08,0.0,0.03
1998-06-21,0.0,0.0,0.0,0.0,0.0
1998-06-22,0.0,0.0,0.0,0.0,0.0
1998-06-23,0.0,0.0,0.0,0.0,0.0
1998-06-24,0.0,0.0,0.0,0.0,0.0
1998-06-25,0.0,0.0,0.0,0.0,0.0
1998-06-26,0.0,0.0,0.0,0.0,0.0
1998-06-27,0.0,0.0,0.0,0.0,0.0
1998-06-28,0.0,0.0,0.0,0.0,0.0
1998-06-29,0.0,0.0,0.0,0.0,0.0
1998-06-30,0.0,0.0,0.0,0.0,0.0
1998-07-01,0.0,0.0,0.0,0.0,0.0
1998-07-02,0.0,0.0,0.0,0.0,0.0
1998-07-03,0.0,0.0,0.0,0.0,0.0
1998-07-04,0.0,0.0,0.0,0.0,0.0
1998-07-05,0.0,0.0,0.0,0.0,0.0
1998-07-06,0.0,0.0,0.0,0.0,0.0
1998-07-07,0.0,0.0,0.0,0.0,0.0
1998-07-08,0.0,0.0,0.0,0.0,0.0
1998-07-09,0.0,0.0,0.0,0.0,0.0
1998-07-10,0.0,0.0,0.0,0.0,0.0
1998-07-11,0.0,0.0,0.0,0.0,0.0
1998-07-12,0.0,0.0,0.0,0.0,0.0
1998-07-13,0.0,0.0,0.0,0.0,0.0
1998-07-14,0.0,0.0,0.0,0.0,0.0
1998-07-15,0.0,0.0,0.0,0.0,0.0
1998-07-16,0.0,0.0,0.0,0.0,0.0
1998-07-17,0.0,0.0,0.0,0.0,0.0
1998-07-18,0.0,0.0,0.0,0.0,0.0
1998-07-19,0.0,0.0,0.0,0.0,0.0
1998-07-20,0.0,0.0,0.0,0.0,0.0
1998-07-21,0.0,0.0,0.0,0.0,0.0
1998-07-22,0.0,0.0,0.0,0.0,0.0
1998-07-23,0.0,0.0,0.0,0.0,0.0
1998-07-24,0.0,0.0,0.0,0.0,0.0
1998-07-25,0.0,0.0,0.0,0.0,0.0
1998-07-26,0.0,0.0,0.0,0.0,0.0
1998-07-27,0.0,0.0,0.0,0.0,0.0
1998-07-28,0.0,0.0,0.0,0.0,0.0
1998-07-29,0.0,0.0,0.0,0.0,0.0
1998-07-30,0.0,0.0,0.0,0.0,0.0
1998-07-31,0.0,0.0,0.0,0.0,0.0
1998-08-01,0.0,0.0,0.0,0.0,0.0
1998-08-02,0.0,0.0,0.0,0.0,0.0
1998-08-03,0.0,0.0,0.0,0.0,0.0
1998-08-04,0.0,0.0,0.0,0.0,0.0
1998-08-05,0.0,0.0,0.0,0.0,0.0
1998-08-06,0.0,0.0,0.0,0.0,0.0
1998-08-07,0.0,0.0,0.0,0.0,0.0
1998-08-08,0.0,0.0,0.0,0.0,0.0
1998-08-09,0.0,0.0,0.0,0.0,0.0
1998-08-10,0.0,0.0,0.0,0.0,0.0
1998-08-11,0.0,0.0,0.0,0.0,0.0
1998-08-12,0.0,0.0,0.0,0.0,0.0
1998-08-13,0.0,0.0,0.0,0.0,0.0
1998-08-14,0.0,0.0,0.0,0.0,0.0
1998-08-15,0.0,0.0,0.0,0.0,0.0
1998-08-16,0.0,0.0,0.0,0.0,0.0
1998-08-17,0.0,0.0,0.0,0.0,0.0
1998-08-18,0.0,0.0,0.0,0.0,0.0
1998-08-19,0.0,0.0,0.0,0.0,0.0
1998-08-20,0.0,0.0,0.0,0.0,0.0
1998-08-21,0.0,0.0,0.0,0.0,0.0
1998-08-22,0.0,0.0,0.0,0.0,0.0
1998-08-23,0.0,0.0,0.0,0.0,0.0
1998-08-24,0.0,0.0,0.0,0.0,0.0
1998-08-25,0.0,0.0,0.0,0.0,0.0
1998-08-26,0.0,0.0,0.0,0.0,0.0
1998-08-27,0.0,0.0,0.0,0.0,0.0
1998-08-28,0.0,0.0,0.0,0.0,0.0
1998-08-29,0.0,0.0,0.0,0.0,0.0
1998-08-30,0.0,0.0,0.0,0.0,0.0
1998-08-31,0.0,0.0,0.0,0.0,0.0
1998-09-01,0.0,0.0,0.0,0.0,0.0
1998-09-02,0.0,0.0,0.0,0.0,0.0
1998-09-03,0.0,0.0,0.0,0.0,0.0
1998-09-04,0.0,0.0,0.0,0.0,0.0
1998-09-05,0.0,0.0,0.0,0.0,0.0
1998-09-06,0.0,0.0,0.0,0.0,0.0
1998-09-07,0.0,0.0,0.0,0.0,0.0
1998-09-08,0.0,0.0,0.0,0.0,0.0
1998-09-09,0.0,0.0,0.0,0.0,0.0
1998-09-10,0.0,0.0,0.0,0.0,0.0
1998-09-11,0.0,0.0,0.0,0.0,0.0
1998-09-12,0.0,0.0,0.0,0.0,0.0
1998-09-13,0.0,0.0,0.0,0.0,0.0
1998-09-14,0.0,0.0,0.0,0.0,0.0
1998-09-15,0.0,0.0,0.0,0.0,0.0
1998-09-16,0.0,0.0,0.0,0.0,0.0
1998-09-17,0.0,0.0,0.0,0.0,0.0
1998-09-18,0.0,0.0,0.0,0.0,0.0
1998-09-19,0.0,0.0,0.0,0.0,0.0
1998-09-20,0.0,0.0,0.0,0.0,0.0
1998-09-21,0.0,0.0,0.0,0.0,0.0
1998-09-22,0.0,0.0,0.0,0.0,0.0
1998-09-23,0.0,0.0,0.0,0.0,0.0
1998-09-24,0.0,0.0,0.0,0.0,0.0
1998-09-25,0.0,0.0,0.0,0.0,0.0
1998-09-26,0.0,0.0,0.0,0.0,0.0
1998-09-27,0.0,0.0,0.0,0.0,0.0
1998-09-28,0.0,0.0,0.0,0.0,0.0
1998-09-29,0.0,0.0,0.0,0.0,0.0
1998-09-30,0.0,0.0,0.0,0.0,0.0
1998-10-01,0.0,0.0,0.0,0.0,0.0
1998-10-02,0.0,0.0,0.0,0.0,0.0
1998-10-03,0.0,0.0,0.0,0.0,0.0
1998-10-04,0.0,0.0,0.0,0.0,0.0
1998-10-05,0.0,0.0,0.0,0.0,0.0
1998-10-06,0.0,0.0,0.0,0.0,0.0
1998-10-07,0.0,0.0,0.0,0.0,0.0
1998-10-08,0.0,0.0,0.0,0.0,0.0
1998-10-09,0.0,0.0,0.0,0.0,0.0
1998-10-10,0.0,0.0,0.0,0.0,0.0
1998-10-11,0.0,0.0,0.0,0.0,0.0
1998-10-12,0.0,0.0,0.0,0.0,0.0
1998-10-13,0.0,0.0,0.0,0.0,0.0
1998-10-14,0.0,0.0,0.0,0.0,0.0
1998-10-15,0.0,0.0,0.0,0.0,0.0
1998-10-16,0.0,0.0,0.0,0.0,0.0
1998-10-17,0.0,0.0,0.0,0.0,0.0
1998-10-18,0.0,0.0,0.0,0.0,0.0
1998-10-19,0.0,0.0,0.0,0.0,0.0
1998-10-20,0.0,0.0,0.0,0.0,0.0
1998-10-21,0.0,0.0,0.0,0.0,0.0
1998-10-22,0.0,0.0,0.0,0.0,0.0
1998-10-23,0.0,0.0,0.0,0.0,0.0
1998-10-24,4.526,380.17,24.58,153.55,202.04
1998-10-25,0.348,244.56,18.05,97.81,128.7
1998-10-26,0.018,90.65,17.64,11.51,61.5
1998-10-27,0.004,20.55,16.31,0.0,4.24
1998-10-28,0.002,16.81,15.97,0.0,0.84
1998-10-29,0.002,16.77,15.96,0.0,0.81
1998-10-30,0.002,16.73,15.92,0.0,0.81
1998-10-31,0.001,16.74,15.93,0.0,0.81
1998-11-01,0.001,16.72,15.91,0.0,0.8
1998-11-02,0.001,16.73,15.93,0.0,0.8
1998-11-03,0.001,16.74,15.94,0.0,0.8
1998-11-04,0.001,16.74,15.93,0.0,0.8
1998-11-05,0.001,16.81,16.01,0.0,0.79
1998-11-06,0.001,16.58,15.77,0.0,0.81
1998-11-07,5.024,181.31,22.48,68.59,90.25
1998-11-08,0.888,131.56,16.21,49.81,65.54
1998-11-09,0.303,81.88,17.13,27.96,36.79
1998-11-10,0.025,38.75,17.6,5.92,15.23
1998-11-11,0.006,17.63,16.06,0.0,1.56
1998-11-12,0.006,16.79,15.94,0.0,0.85
1998-11-13,0.005,16.78,15.94,0.0,0.84
1998-11-14,0.004,16.91,16.08,0.0,0.83
1998-11-15,0.003,16.75,15.95,0.0,0.8
1998-11-16,0.002,16.8,15.99,0.0,0.81
1998-11-17,0.081,33.62,15.37,7.65,10.6
1998-11-18,0.019,26.37,17.7,1.61,7.06
1998-11-19,0.002,17.97,16.73,0.0,1.25
1998-11-20,0.001,16.81,16.02,0.0,0.79
1998-11-21,0.001,16.68,15.87,0.0,0.81
1998-11-22,0.001,16.79,16.0,0.0,0.79
1998-11-23,4.707,130.54,20.64,47.46,62.44
1998-11-24,1.594,78.25,17.41,26.27,34.57
1998-11-25,0.09,51.28,17.84,13.85,19.59
1998-11-26,0.013,20.31,16.55,0.0,3.76
1998-11-27,0.772,75.59,13.75,26.7,35.15
1998-11-28,0.899,77.63,17.52,25.95,34.15
1998-11-29,4.757,168.99,21.3,63.77,83.91
1998-11-30,7.207,317.77,26.95,123.99,166.84
1998-12-01,0.984,123.3,17.53,45.17,60.6
1998-12-02,0.224,52.61,14.35,16.46,21.8
1998-12-03,3.467,290.0,21.25,116.05,152.7
1998-12-04,0.272,178.9,17.69,69.62,91.6
1998-12-05,1.255,436.14,18.71,180.22,237.2
1998-12-06,1.3,354.56,17.49,145.55,191.52
1998-12-07,0.144,111.8,17.34,40.79,53.67
1998-12-08,0.046,24.69,16.09,3.28,5.32
1998-12-09,0.036,17.26,15.95,0.05,1.26
1998-12-10,0.031,17.06,15.92,0.02,1.12
1998-12-11,0.028,17.03,15.91,0.01,1.11
1998-12-12,0.024,17.12,16.03,0.01,1.09
1998-12-13,0.218,64.09,14.62,21.33,28.14
1998-12-14,0.131,64.86,17.76,19.91,27.18
1998-12-15,0.025,20.8,16.31,0.01,4.49
1998-12-16,0.016,17.13,16.05,0.0,1.08
1998-12-17,0.015,16.77,15.8,0.0,0.96
1998-12-18,0.015,16.85,15.88,0.0,0.96
1998-12-19,0.011,17.46,16.51,0.0,0.94
1998-12-20,0.002,17.18,16.48,0.0,0.7
1998-12-21,0.002,16.04,15.21,0.0,0.83
1998-12-22,0.003,16.6,15.75,0.0,0.85
1998-12-23,0.003,16.81,15.98,0.0,0.83
1998-12-24,0.003,16.72,15.9,0.0,0.82
1998-12-25,0.003,16.55,15.71,0.0,0.84
1998-12-26,0.004,16.63,15.79,0.0,0.85
1998-12-27,0.003,16.82,15.99,0.0,0.83
1998-12-28,0.003,16.73,15.9,0.0,0.83
1998-12-29,0.002,16.84,16.02,0.0,0.82
1998-12-30,0.001,17.43,16.64,0.0,0.8
1998-12-31,0.0,15.2,14.78,0.0,0.42
1999-01-01,0.001,16.97,16.12,0.0,0.85
1999-01-02,0.0,17.69,16.98,0.0,0.71
1999-01-03,0.0,18.22,18.08,0.0,0.14
1999-01-04,0.0,18.1,18.08,0.0,0.02
1999-01-05,0.0,18.08,18.08,0.0,0.0
1999-01-06,0.0,0.0,0.0,0.0,0.0
1999-01-07,0.0,0.0,0.0,0.0,0.0
1999-01-08,0.0,0.0,0.0,0.0,0.0
1999-01-09,0.0,0.0,0.0,0.0,0.0
1999-01-10,0.0,0.0,0.0,0.0,0.0
1999-01-11,0.0,0.0,0.0,0.0,0.0
1999-01-12,0.0,0.0,0.0,0.0,0.0
1999-01-13,0.0,0.0,0.0,0.0,0.0
1999-01-14,0.0,0.0,0.0,0.0,0.0
1999-01-15,0.441,141.06,11.26,56.05,73.74
1999-01-16,1.588,149.08,17.21,56.95,74.93
1999-01-17,0.935,78.61,15.48,27.26,35.87
1999-01-18,7.312,227.48,24.91,87.41,115.16
1999-01-19,6.418,263.3,24.27,102.83,136.2
1999-01-20,4.88,238.04,23.22,92.19,122.63
1999-01-21,0.787,116.51,17.49,42.72,56.31
1999-01-22,0.258,24.14,12.37,5.08,6.69
1999-01-23,5.544,185.54,22.12,70.57,92.85
1999-01-24,0.501,80.33,17.29,27.22,35.82
1999-01-25,0.176,22.48,16.07,2.76,3.64
1999-01-26,5.597,260.23,22.96,102.46,134.82
1999-01-27,0.51,75.45,17.07,25.21,33.17
1999-01-28,0.22,21.34,16.03,2.29,3.02
1999-01-29,0.183,18.03,15.93,0.91,1.19
1999-01-30,0.159,17.94,15.93,0.87,1.14
1999-01-31,5.944,621.51,27.63,251.32,342.56
1999-02-01,0.465,195.12,16.99,75.27,102.86
1999-02-02,0.212,27.88,16.02,5.03,6.83
1999-02-03,0.177,18.23,15.93,0.99,1.31
1999-02-04,0.148,17.97,15.97,0.87,1.14
1999-02-05,0.126,17.94,15.94,0.86,1.14
1999-02-06,6.1,245.38,26.8,94.25,124.33
1999-02-07,13.923,355.25,34.91,128.27,192.07
1999-02-08,2.172,104.21,15.6,35.17,53.44
1999-02-09,9.141,376.77,30.33,141.74,204.7
1999-02-10,1.504,64.12,16.24,19.21,28.66
1999-02-11,0.921,22.56,16.14,2.71,3.71
1999-02-12,0.69,18.13,15.98,0.92,1.22
1999-02-13,0.568,17.86,15.86,0.86,1.13
1999-02-14,0.762,31.14,15.91,6.58,8.65
1999-02-15,0.411,19.44,16.08,1.45,1.91
1999-02-16,5.838,167.04,23.01,62.19,81.84
1999-02-17,6.999,232.53,30.6,84.33,117.6
1999-02-18,2.539,127.64,17.34,47.54,62.76
1999-02-19,1.267,67.67,16.62,22.04,29.01
1999-02-20,4.194,129.38,21.09,46.76,61.53
1999-02-21,3.589,117.04,22.01,41.04,53.99
1999-02-22,1.105,26.53,16.2,4.46,5.87
1999-02-23,0.712,18.42,16.04,1.03,1.35
1999-02-24,0.583,16.75,14.88,0.81,1.06
1999-02-25,2.647,121.21,16.31,45.3,59.61
1999-02-26,0.645,36.18,16.44,8.53,11.22
1999-02-27,0.399,18.75,16.03,1.18,1.55
1999-02-28,0.311,18.01,15.99,0.87,1.15
1999-03-01,0.229,18.06,16.06,0.86,1.14
1999-03-02,0.167,18.07,16.07,0.86,1.14
1999-03-03,0.831,96.47,15.72,34.87,45.88
1999-03-04,0.175,30.91,16.41,6.26,8.24
1999-03-05,0.113,18.52,16.04,1.07,1.41
1999-03-06,0.087,17.99,15.97,0.87,1.14
1999-03-07,0.06,17.97,16.17,0.67,1.14
1999-03-08,2.864,458.66,23.0,188.12,247.54
1999-03-09,3.176,233.53,20.09,92.17,121.27
1999-03-10,0.446,62.72,16.61,19.91,26.2
1999-03-11,0.243,20.13,16.07,1.75,2.31
1999-03-12,0.181,18.08,16.02,0.89,1.18
1999-03-13,0.137,18.03,16.03,0.86,1.14
1999-03-14,1.516,101.91,14.88,37.58,49.45
1999-03-15,3.108,134.53,20.71,49.15,64.67
1999-03-16,0.465,43.91,16.55,11.82,15.55
1999-03-17,0.271,19.14,16.04,1.34,1.76
1999-03-18,0.204,18.05,16.02,0.88,1.16
1999-03-19,0.174,17.96,15.82,0.92,1.22
1999-03-20,0.139,18.35,16.15,0.95,1.25
1999-03-21,0.104,17.98,15.98,0.87,1.14
1999-03-22,0.078,18.05,16.05,0.86,1.14
1999-03-23,0.136,26.22,15.7,4.54,5.98
1999-03-24,0.904,70.73,11.6,25.53,33.6
1999-03-25,3.109,127.67,20.38,46.33,60.96
1999-03-26,0.391,43.82,16.68,11.72,15.42
1999-03-27,0.204,19.3,16.09,1.39,1.82
1999-03-28,0.151,18.05,16.01,0.88,1.16
1999-03-29,0.119,17.99,15.99,0.86,1.14
1999-03-30,0.097,16.55,14.71,0.79,1.04
1999-03-31,1.011,159.11,15.78,61.89,81.44
1999-04-01,0.166,74.18,16.86,24.75,32.57
1999-04-02,0.077,20.94,16.11,1.97,2.85
1999-04-03,0.052,18.03,16.24,0.58,1.21
1999-04-04,0.032,17.06,15.89,0.06,1.1
1999-04-05,1.889,123.32,14.48,47.0,61.85
1999-04-06,1.598,112.55,17.71,40.95,53.88
1999-04-07,0.286,34.83,16.68,7.84,10.31
1999-04-08,2.676,182.11,18.1,70.82,93.19
1999-04-09,0.456,70.1,16.87,22.99,30.25
1999-04-10,0.234,20.53,15.99,1.96,2.58
1999-04-11,4.695,314.5,23.0,125.88,165.63
1999-04-12,0.638,84.79,16.81,29.35,38.62
1999-04-13,0.317,21.44,16.06,2.32,3.06
1999-04-14,0.233,18.15,16.04,0.91,1.2
1999-04-15,0.168,18.05,16.05,0.86,1.14
1999-04-16,0.135,17.98,15.97,0.86,1.14
1999-04-17,0.102,18.04,16.05,0.86,1.14
1999-04-18,0.074,17.9,16.04,0.73,1.13
1999-04-19,0.055,17.76,16.07,0.56,1.14
1999-04-20,0.039,17.48,16.04,0.32,1.13
1999-04-21,0.028,17.23,16.09,0.03,1.1
1999-04-22,0.021,17.19,16.1,0.01,1.08
1999-04-23,0.009,17.11,16.21,0.0,0.9
1999-04-24,0.009,16.94,16.02,0.0,0.92
1999-04-25,0.007,17.1,16.22,0.0,0.88
1999-04-26,0.003,17.2,16.39,0.0,0.81
1999-04-27,0.001,17.33,16.66,0.0,0.67
1999-04-28,0.0,17.26,16.61,0.0,0.65
1999-04-29,0.0,18.23,18.08,0.0,0.15
1999-04-30,0.0,18.1,18.08,0.0,0.02
1999-05-01,0.0,18.08,18.08,0.0,0.01
1999-05-02,0.0,0.0,0.0,0.0,0.0
1999-05-03,0.0,0.0,0.0,0.0,0.0
1999-05-04,0.0,0.0,0.0,0.0,0.0
1999-05-05,0.0,0.0,0.0,0.0,0.0
1999-05-06,0.0,0.0,0.0,0.0,0.0
1999-05-07,0.0,0.0,0.0,0.0,0.0
1999-05-08,0.0,0.0,0.0,0.0,0.0
1999-05-09,0.0,0.0,0.0,0.0,0.0
1999-05-10,0.0,0.0,0.0,0.0,0.0
1999-05-11,0.0,0.0,0.0,0.0,0.0
1999-05-12,0.0,0.0,0.0,0.0,0.0
1999-05-13,0.0,0.0,0.0,0.0,0.0
1999-05-14,0.0,0.0,0.0,0.0,0.0
1999-05-15,0.0,0.0,0.0,0.0,0.0
1999-05-16,0.0,0.0,0.0,0.0,0.0
1999-05-17,0.0,0.0,0.0,0.0,0.0
1999-05-18,0.0,0.0,0.0,0.0,0.0
1999-05-19,0.0,0.0,0.0,0.0,0.0
1999-05-20,0.0,0.0,0.0,0.0,0.0
1999-05-21,0.0,0.0,0.0,0.0,0.0
1999-05-22,0.0,0.0,0.0,0.0,0.0
1999-05-23,0.0,0.0,0.0,0.0,0.0
1999-05-24,0.0,0.0,0.0,0.0,0.0
1999-05-25,0.0,0.0,0.0,0.0,0.0
1999-05-26,0.0,0.0,0.0,0.0,0.0
1999-05-27,0.0,0.0,0.0,0.0,0.0
1999-05-28,0.0,0.0,0.0,0.0,0.0
1999-05-29,0.0,0.0,0.0,0.0,0.0
1999-05-30,0.0,0.0,0.0,0.0,0.0
1999-05-31,0.0,0.0,0.0,0.0,0.0
1999-06-01,0.0,0.0,0.0,0.0,0.0
1999-06-02,0.0,0.0,0.0,0.0,0.0
1999-06-03,0.0,0.0,0.0,0.0,0.0
1999-06-04,0.0,0.0,0.0,0.0,0.0
1999-06-05,0.0,0.0,0.0,0.0,0.0
1999-06-06,0.0,0.0,0.0,0.0,0.0
1999-06-07,0.0,0.0,0.0,0.0,0.0
1999-06-08,0.0,0.0,0.0,0.0,0.0
1999-06-09,0.0,0.0,0.0,0.0,0.0
1999-06-10,0.0,0.0,0.0,0.0,0.0
1999-06-11,0.0,0.0,0.0,0.0,0.0
1999-06-12,0.0,0.0,0.0,0.0,0.0
1999-06-13,0.0,0.0,0.0,0.0,0.0
1999-06-14,0.0,0.0,0.0,0.0,0.0
1999-06-15,0.0,0.0,0.0,0.0,0.0
1999-06-16,0.0,0.0,0.0,0.0,0.0
1999-06-17,0.0,0.0,0.0,0.0,0.0
1999-06-18,0.0,0.0,0.0,0.0,0.0
1999-06-19,0.0,0.0,0.0,0.0,0.0
1999-06-20,0.0,0.0,0.0,0.0,0.0
1999-06-21,0.0,0.0,0.0,0.0,0.0
1999-06-22,0.0,0.0,0.0,0.0,0.0
1999-06-23,0.0,0.0,0.0,0.0,0.0
1999-06-24,0.0,0.0,0.0,0.0,0.0
1999-06-25,0.0,0.0,0.0,0.0,0.0
1999-06-26,0.0,0.0,0.0,0.0,0.0
1999-06-27,0.0,0.0,0.0,0.0,0.0
1999-06-28,0.0,0.0,0.0,0.0,0.0
1999-06-29,0.0,0.0,0.0,0.0,0.0
1999-06-30,0.0,0.0,0.0,0.0,0.0
1999-07-01,0.0,0.0,0.0,0.0,0.0
1999-07-02,0.0,0.0,0.0,0.0,0.0
1999-07-03,0.0,0.0,0.0,0.0,0.0
1999-07-04,0.0,0.0,0.0,0.0,0.0
1999-07-05,0.0,0.0,0.0,0.0,0.0
1999-07-06,0.0,0.0,0.0,0.0,0.0
1999-07-07,0.0,0.0,0.0,0.0,0.0
1999-07-08,0.0,0.0,0.0,0.0,0.0
1999-07-09,0.0,0.0,0.0,0.0,0.0
1999-07-10,0.0,0.0,0.0,0.0,0.0
1999-07-11,0.0,0.0,0.0,0.0,0.0
1999-07-12,0.0,0.0,0.0,0.0,0.0
1999-07-13,0.0,0.0,0.0,0.0,0.0
1999-07-14,0.0,0.0,0.0,0.0,0.0
1999-07-15,0.0,0.0,0.0,0.0,0.0
1999-07-16,0.0,0.0,0.0,0.0,0.0
1999-07-17,0.0,0.0,0.0,0.0,0.0
1999-07-18,0.0,0.0,0.0,0.0,0.0
1999-07-19,0.0,0.0,0.0,0.0,0.0
1999-07-20,0.0,0.0,0.0,0.0,0.0
1999-07-21,0.0,0.0,0.0,0.0,0.0
1999-07-22,0.0,0.0,0.0,0.0,0.0
1999-07-23,0.0,0.0,0.0,0.0,0.0
1999-07-24,0.0,0.0,0.0,0.0,0.0
1999-07-25,0.0,0.0,0.0,0.0,0.0
1999-07-26,0.0,0.0,0.0,0.0,0.0
1999-07-27,0.0,0.0,0.0,0.0,0.0
1999-07-28,0.0,0.0,0.0,0.0,0.0
1999-07-29,0.0,0.0,0.0,0.0,0.0
1999-07-30,0.0,0.0,0.0,0.0,0.0
1999-07-31,0.0,0.0,0.0,0.0,0.0
1999-08-01,0.0,0.0,0.0,0.0,0.0
1999-08-02,0.0,0.0,0.0,0.0,0.0
1999-08-03,0.0,0.0,0.0,0.0,0.0
1999-08-04,0.0,0.0,0.0,0.0,0.0
1999-08-05,0.0,0.0,0.0,0.0,0.0
1999-08-06,0.0,0.0,0.0,0.0,0.0
1999-08-07,0.0,0.0,0.0,0.0,0.0
1999-08-08,0.0,0.0,0.0,0.0,0.0
1999-08-09,0.0,0.0,0.0,0.0,0.0
1999-08-10,0.0,0.0,0.0,0.0,0.0
1999-08-11,0.0,0.0,0.0,0.0,0.0
1999-08-12,0.0,0.0,0.0,0.0,0.0
1999-08-13,0.0,0.0,0.0,0.0,0.0
1999-08-14,0.0,0.0,0.0,0.0,0.0
1999-08-15,0.0,0.0,0.0,0.0,0.0
1999-08-16,0.0,0.0,0.0,0.0,0.0
1999-08-17,0.0,0.0,0.0,0.0,0.0
1999-08-18,0.0,0.0,0.0,0.0,0.0
1999-08-19,0.0,0.0,0.0,0.0,0.0
1999-08-20,0.0,0.0,0.0,0.0,0.0
1999-08-21,0.0,0.0,0.0,0.0,0.0
1999-08-22,0.0,0.0,0.0,0.0,0.0
1999-08-23,0.0,0.0,0.0,0.0,0.0
1999-08-24,0.0,0.0,0.0,0.0,0.0
1999-08-25,0.0,0.0,0.0,0.0,0.0
1999-08-26,0.0,0.0,0.0,0.0,0.0
1999-08-27,0.0,0.0,0.0,0.0,0.0
1999-08-28,0.0,0.0,0.0,0.0,0.0
1999-08-29,0.0,0.0,0.0,0.0,0.0
1999-08-30,0.0,0.0,0.0,0.0,0.0
1999-08-31,0.0,0.0,0.0,0.0,0.0
1999-09-01,0.0,0.0,0.0,0.0,0.0
1999-09-02,0.0,0.0,0.0,0.0,0.0
1999-09-03,0.0,0.0,0.0,0.0,0.0
1999-09-04,0.0,0.0,0.0,0.0,0.0
1999-09-05,0.0,0.0,0.0,0.0,0.0
1999-09-06,0.0,0.0,0.0,0.0,0.0
1999-09-07,0.0,0.0,0.0,0.0,0.0
1999-09-08,0.0,0.0,0.0,0.0,0.0
1999-09-09,0.0,0.0,0.0,0.0,0.0
1999-09-10,0.0,0.0,0.0,0.0,0.0
1999-09-11,0.0,0.0,0.0,0.0,0.0
1999-09-12,0.0,0.0,0.0,0.0,0.0
1999-09-13,0.0,0.0,0.0,0.0,0.0
1999-09-14,0.0,0.0,0.0,0.0,0.0
1999-09-15,0.0,0.0,0.0,0.0,0.0
1999-09-16,0.0,0.0,0.0,0.0,0.0
1999-09-17,0.0,0.0,0.0,0.0,0.0
1999-09-18,0.0,0.0,0.0,0.0,0.0
1999-09-19,0.0,0.0,0.0,0.0,0.0
1999-09-20,0.0,0.0,0.0,0.0,0.0
1999-09-21,0.0,0.0,0.0,0.0,0.0
1999-09-22,0.0,0.0,0.0,0.0,0.0
1999-09-23,0.0,0.0,0.0,0.0,0.0
1999-09-24,0.0,0.0,0.0,0.0,0.0
1999-09-25,0.0,0.0,0.0,0.0,0.0
1999-09-26,0.0,0.0,0.0,0.0,0.0
1999-09-27,0.0,0.0,0.0,0.0,0.0
1999-09-28,0.0,0.0,0.0,0.0,0.0
1999-09-29,0.0,0.0,0.0,0.0,0.0
1999-09-30,0.0,0.0,0.0,0.0,0.0
1999-10-01,0.0,0.0,0.0,0.0,0.0
1999-10-02,0.0,0.0,0.0,0.0,0.0
1999-10-03,0.0,0.0,0.0,0.0,0.0
1999-10-04,0.0,0.0,0.0,0.0,0.0
1999-10-05,0.0,0.0,0.0,0.0,0.0
1999-10-06,0.0,0.0,0.0,0.0,0.0
1999-10-07,0.0,0.0,0.0,0.0,0.0
1999-10-08,0.0,0.0,0.0,0.0,0.0
1999-10-09,0.0,0.0,0.0,0.0,0.0
1999-10-10,0.0,0.0,0.0,0.0,0.0
1999-10-11,0.0,0.0,0.0,0.0,0.0
1999-10-12,0.0,0.0,0.0,0.0,0.0
1999-10-13,0.0,0.0,0.0,0.0,0.0
1999-10-14,0.0,0.0,0.0,0.0,0.0
1999-10-15,0.0,0.0,0.0,0.0,0.0
1999-10-16,0.0,0.0,0.0,0.0,0.0
1999-10-17,0.0,0.0,0.0,0.0,0.0
1999-10-18,0.0,0.0,0.0,0.0,0.0
1999-10-19,0.0,0.0,0.0,0.0,0.0
1999-10-20,0.0,0.0,0.0,0.0,0.0
1999-10-21,0.0,0.0,0.0,0.0,0.0
1999-10-22,0.0,0.0,0.0,0.0,0.0
1999-10-23,0.0,0.0,0.0,0.0,0.0
1999-10-24,0.0,0.0,0.0,0.0,0.0
1999-10-25,0.0,0.0,0.0,0.0,0.0
1999-10-26,0.0,0.0,0.0,0.0,0.0
1999-10-27,0.392,111.06,8.21,44.41,58.44
1999-10-28,2.411,267.06,19.16,107.05,140.85
1999-10-29,0.184,191.36,18.06,74.04,99.26
1999-10-30,0.009,64.1,17.76,0.0,46.34
1999-10-31,0.001,19.48,16.39,0.0,3.08
1999-11-01,0.001,16.79,15.98,0.0,0.81
1999-11-02,0.001,16.73,15.93,0.0,0.8
1999-11-03,0.001,16.7,15.89,0.0,0.81
1999-11-04,0.001,16.78,15.98,0.0,0.8
1999-11-05,0.001,16.72,15.92,0.0,0.8
1999-11-06,0.0,16.7,15.89,0.0,0.8
1999-11-07,1.051,178.78,14.72,70.85,93.22
1999-11-08,3.504,226.75,21.26,88.73,116.75
1999-11-09,0.17,158.02,18.02,59.72,80.28
1999-11-10,0.011,46.27,17.29,0.0,28.98
1999-11-11,0.004,17.67,16.1,0.0,1.57
1999-11-12,0.003,16.76,15.94,0.0,0.82
1999-11-13,0.003,16.75,15.94,0.0,0.81
1999-11-14,0.002,16.75,15.94,0.0,0.81
1999-11-15,0.002,16.73,15.92,0.0,0.81
1999-11-16,1.335,159.94,15.33,62.44,82.17
1999-11-17,1.34,109.76,16.73,40.17,52.86
1999-11-18,0.12,74.73,18.0,23.85,32.88
1999-11-19,7.002,1604.52,37.56,663.49,903.46
1999-11-20,1.079,890.5,17.78,366.22,506.5
1999-11-21,0.762,155.83,15.88,60.05,79.9
1999-11-22,0.061,83.54,17.66,26.16,39.72
1999-11-23,0.013,20.88,16.25,0.0,4.62
1999-11-24,0.009,16.99,16.06,0.0,0.94
1999-11-25,0.007,16.81,15.96,0.0,0.85
1999-11-26,0.005,16.85,16.02,0.0,0.84
1999-11-27,0.004,16.81,15.99,0.0,0.82
1999-11-28,0.003,16.79,15.97,0.0,0.82
1999-11-29,0.003,16.78,15.96,0.0,0.81
1999-11-30,0.973,123.9,14.83,47.1,61.97
1999-12-01,0.829,126.52,16.87,47.35,62.3
1999-12-02,0.347,86.43,15.71,30.24,40.48
1999-12-03,0.069,74.31,17.97,22.5,33.83
1999-12-04,0.006,24.84,16.99,0.0,7.86
1999-12-05,0.003,16.95,16.04,0.0,0.91
1999-12-06,0.002,16.79,15.98,0.0,0.81
1999-12-07,0.001,16.84,16.05,0.0,0.79
1999-12-08,0.001,16.77,15.97,0.0,0.8
1999-12-09,0.502,92.69,15.37,33.35,43.97
1999-12-10,0.102,85.21,18.0,27.97,39.23
1999-12-11,0.006,32.03,17.58,0.0,14.46
1999-12-12,0.001,17.48,16.32,0.0,1.16
1999-12-13,0.001,16.84,16.06,0.0,0.78
1999-12-14,0.001,16.77,15.98,0.0,0.79
1999-12-15,0.0,16.76,15.97,0.0,0.79
1999-12-16,0.0,16.77,15.98,0.0,0.79
1999-12-17,0.0,16.78,15.99,0.0,0.79
1999-12-18,0.0,16.78,15.99,0.0,0.79
1999-12-19,0.0,17.47,16.7,0.0,0.77
1999-12-20,0.0,15.81,15.41,0.0,0.41
1999-12-21,0.0,17.28,16.44,0.0,0.84
1999-12-22,0.0,17.44,17.26,0.0,0.19
1999-12-23,0.0,16.79,15.94,0.0,0.85
1999-12-24,0.0,18.3,18.08,0.0,0.22
1999-12-25,0.0,18.12,18.08,0.0,0.04
1999-12-26,0.0,0.0,0.0,0.0,0.0
1999-12-27,0.0,0.0,0.0,0.0,0.0
1999-12-28,0.0,0.0,0.0,0.0,0.0
1999-12-29,0.0,0.0,0.0,0.0,0.0
1999-12-30,0.0,0.0,0.0,0.0,0.0
1999-12-31,0.0,0.0,0.0,0.0,0.0
2000-01-01,0.0,0.0,0.0,0.0,0.0
2000-01-02,0.0,0.0,0.0,0.0,0.0
2000-01-03,0.0,0.0,0.0,0.0,0.0
2000-01-04,0.0,0.0,0.0,0.0,0.0
2000-01-05,0.0,0.0,0.0,0.0,0.0
2000-01-06,0.0,0.0,0.0,0.0,0.0
2000-01-07,0.0,0.0,0.0,0.0,0.0
2000-01-08,0.0,0.0,0.0,0.0,0.0
2000-01-09,0.0,0.0,0.0,0.0,0.0
2000-01-10,0.0,0.0,0.0,0.0,0.0
2000-01-11,2.55,384.43,21.06,156.91,206.46
2000-01-12,0.635,282.66,17.94,114.31,150.41
2000-01-13,0.032,132.09,17.83,38.97,75.29
2000-01-14,0.004,26.22,16.56,0.0,9.66
2000-01-15,0.002,17.02,16.11,0.0,0.91
2000-01-16,3.718,259.63,21.56,102.8,135.26
2000-01-17,0.184,155.81,16.95,59.37,79.5
2000-01-18,5.096,180.46,22.64,68.12,89.7
2000-01-19,1.118,96.56,16.07,34.76,45.74
2000-01-20,0.251,63.93,17.42,20.09,26.43
2000-01-21,0.027,25.48,16.83,1.57,7.09
2000-01-22,0.359,54.08,12.76,17.83,23.48
2000-01-23,10.812,237.42,27.1,89.38,120.94
2000-01-24,19.532,332.75,36.51,116.46,179.79
2000-01-25,2.894,160.45,19.89,58.05,82.51
2000-01-26,0.397,53.24,16.7,15.4,21.14
2000-01-27,0.219,19.59,16.01,1.53,2.05
2000-01-28,0.18,18.0,15.95,0.88,1.16
2000-01-29,0.152,17.94,15.94,0.86,1.14
2000-01-30,1.048,136.69,15.5,52.33,68.86
2000-01-31,0.293,76.71,17.0,25.78,33.93
2000-02-01,0.127,21.43,16.06,2.32,3.05
2000-02-02,0.1,18.07,15.96,0.91,1.2
2000-02-03,0.523,117.08,15.14,44.02,57.92
2000-02-04,0.252,87.86,17.23,30.5,40.13
2000-02-05,0.543,48.71,15.24,14.45,19.01
2000-02-06,0.231,41.64,17.25,10.53,13.86
2000-02-07,0.081,19.67,16.09,1.54,2.03
2000-02-08,0.067,17.91,15.94,0.81,1.16
2000-02-09,0.063,17.8,15.84,0.82,1.14
2000-02-10,2.063,174.4,16.38,68.24,89.79
2000-02-11,5.515,251.97,27.41,95.61,128.96
2000-02-12,4.665,153.01,21.83,55.67,75.51
2000-02-13,15.965,276.49,31.67,102.32,142.5
2000-02-14,9.46,441.24,30.27,169.5,241.47
2000-02-15,1.527,64.03,16.39,19.9,27.73
2000-02-16,1.649,59.86,15.67,19.07,25.13
2000-02-17,1.03,32.68,16.32,7.06,9.29
2000-02-18,0.692,18.54,16.0,1.1,1.44
2000-02-19,0.551,17.99,15.98,0.87,1.15
2000-02-20,2.179,224.63,19.13,88.74,116.76
2000-02-21,2.68,200.55,18.12,78.78,103.65
2000-02-22,3.761,192.63,22.65,73.4,96.58
2000-02-23,7.99,255.35,27.07,98.57,129.7
2000-02-24,1.658,60.38,16.1,19.12,25.16
2000-02-25,1.236,29.73,16.38,5.77,7.59
2000-02-26,1.412,65.3,12.99,22.59,29.73
2000-02-27,5.323,173.2,22.52,65.07,85.61
2000-02-28,1.35,49.92,16.68,14.35,18.89
2000-02-29,2.614,100.74,17.21,36.07,47.46
2000-03-01,0.881,36.57,16.44,8.7,11.44
2000-03-02,1.628,63.95,15.6,20.88,27.47
2000-03-03,0.704,32.85,16.52,7.05,9.28
2000-03-04,1.424,118.42,15.07,44.63,58.72
2000-03-05,3.056,156.92,20.38,58.96,77.58
2000-03-06,2.317,223.08,17.11,88.94,117.03
2000-03-07,0.879,59.57,14.26,19.57,25.74
2000-03-08,3.45,123.27,19.22,44.93,59.12
2000-03-09,3.895,94.17,18.63,32.62,42.92
2000-03-10,0.98,33.65,16.46,7.42,9.76
2000-03-11,0.583,18.7,16.06,1.14,1.5
2000-03-12,0.425,18.06,16.04,0.87,1.15
2000-03-13,0.311,18.04,16.05,0.86,1.14
2000-03-14,0.226,18.04,16.04,0.86,1.13
2000-03-15,0.161,18.09,16.09,0.86,1.14
2000-03-16,0.104,18.12,16.13,0.86,1.13
2000-03-17,0.073,17.93,16.07,0.72,1.14
2000-03-18,0.051,17.78,16.11,0.53,1.14
2000-03-19,0.034,17.44,16.19,0.13,1.12
2000-03-20,0.018,17.32,16.27,0.01,1.05
2000-03-21,0.009,16.95,16.06,0.0,0.89
2000-03-22,0.008,17.23,16.33,0.0,0.9
2000-03-23,0.002,17.0,16.24,0.0,0.76
2000-03-24,0.001,16.9,16.12,0.0,0.78
2000-03-25,0.001,16.86,16.06,0.0,0.8
2000-03-26,0.001,16.95,16.16,0.0,0.79
2000-03-27,0.0,17.21,16.43,0.0,0.78
2000-03-28,0.0,17.05,16.31,0.0,0.74
2000-03-29,0.0,18.27,18.08,0.0,0.2
2000-03-30,0.0,18.11,18.08,0.0,0.03
2000-03-31,0.0,18.08,18.08,0.0,0.01
2000-04-01,0.0,0.0,0.0,0.0,0.0
2000-04-02,0.0,0.0,0.0,0.0,0.0
2000-04-03,0.0,0.0,0.0,0.0,0.0
2000-04-04,0.0,0.0,0.0,0.0,0.0
2000-04-05,0.0,0.0,0.0,0.0,0.0
2000-04-06,0.0,0.0,0.0,0.0,0.0
2000-04-07,0.0,0.0,0.0,0.0,0.0
2000-04-08,0.0,0.0,0.0,0.0,0.0
2000-04-09,0.0,0.0,0.0,0.0,0.0
2000-04-10,0.0,0.0,0.0,0.0,0.0
2000-04-11,0.0,0.0,0.0,0.0,0.0
2000-04-12,0.296,126.46,13.1,48.95,64.4
2000-04-13,1.005,118.14,17.37,43.52,57.26
2000-04-14,0.788,104.3,16.14,38.07,50.09
2000-04-15,0.108,64.44,17.24,20.01,27.2
2000-04-16,0.035,19.46,16.21,0.14,3.11
2000-04-17,2.906,167.08,18.39,64.21,84.49
2000-04-18,0.288,88.74,17.33,30.84,40.57
2000-04-19,0.088,23.76,16.2,3.16,4.4
2000-04-20,0.062,17.87,16.0,0.62,1.25
2000-04-21,0.049,17.62,16.01,0.47,1.14
2000-04-22,0.041,17.4,15.99,0.29,1.13
2000-04-23,0.029,17.24,16.09,0.04,1.11
2000-04-24,0.022,17.16,16.07,0.01,1.08
2000-04-25,0.015,16.91,15.93,0.0,0.98
2000-04-26,0.012,17.16,16.2,0.0,0.96
2000-04-27,0.005,17.22,16.4,0.0,0.82
2000-04-28,0.003,17.2,16.36,0.0,0.84
2000-04-29,0.001,16.93,16.14,0.0,0.79
2000-04-30,0.0,17.46,16.8,0.0,0.66
2000-05-01,0.0,18.22,18.08,0.0,0.15
2000-05-02,0.0,18.1,18.08,0.0,0.02
2000-05-03,0.0,18.08,18.08,0.0,0.0
2000-05-04,0.0,0.0,0.0,0.0,0.0
2000-05-05,0.0,0.0,0.0,0.0,0.0
2000-05-06,0.0,0.0,0.0,0.0,0.0
2000-05-07,1.327,91.1,14.16,33.2,43.74
2000-05-08,4.239,162.28,22.01,60.57,79.7
2000-05-09,0.251,83.34,17.46,28.45,37.43
2000-05-10,0.06,24.76,16.43,3.33,5.0
2000-05-11,0.037,17.45,15.96,0.23,1.27
2000-05-12,0.031,17.26,16.07,0.07,1.12
2000-05-13,0.021,17.11,16.04,0.01,1.06
2000-05-14,0.016,16.91,15.92,0.0,1.0
2000-05-15,2.368,267.47,18.65,107.44,141.37
2000-05-16,0.196,162.45,17.64,62.53,82.28
2000-05-17,0.04,34.3,16.37,6.86,11.07
2000-05-18,0.026,17.47,16.02,0.02,1.42
2000-05-19,0.02,17.1,16.03,0.01,1.07
2000-05-20,0.015,17.04,16.06,0.0,0.98
2000-05-21,0.01,17.16,16.24,0.0,0.92
2000-05-22,0.004,17.37,16.54,0.0,0.83
2000-05-23,0.001,17.13,16.4,0.0,0.73
2000-05-24,0.0,17.47,16.87,0.0,0.6
2000-05-25,0.0,17.31,16.65,0.0,0.66
2000-05-26,0.0,18.23,18.08,0.0,0.15
2000-05-27,0.0,18.1,18.08,0.0,0.02
2000-05-28,0.0,0.0,0.0,0.0,0.0
2000-05-29,0.0,0.0,0.0,0.0,0.0
2000-05-30,0.0,0.0,0.0,0.0,0.0
2000-05-31,0.0,0.0,0.0,0.0,0.0
2000-06-01,0.0,0.0,0.0,0.0,0.0
2000-06-02,0.0,0.0,0.0,0.0,0.0
2000-06-03,0.0,0.0,0.0,0.0,0.0
2000-06-04,0.0,0.0,0.0,0.0,0.0
2000-06-05,0.0,0.0,0.0,0.0,0.0
2000-06-06,0.0,0.0,0.0,0.0,0.0
2000-06-07,0.001,28.28,15.83,5.37,7.07
2000-06-08,0.469,62.48,15.6,20.21,26.66
2000-06-09,0.053,41.85,17.97,9.34,14.54
2000-06-10,0.002,22.95,17.94,0.0,5.0
2000-06-11,0.0,18.42,17.59,0.0,0.83
2000-06-12,0.0,17.5,17.06,0.0,0.44
2000-06-13,0.0,17.14,16.57,0.0,0.58
2000-06-14,0.0,18.23,18.08,0.0,0.16
2000-06-15,0.0,0.0,0.0,0.0,0.0
2000-06-16,0.0,0.0,0.0,0.0,0.0
2000-06-17,0.0,0.0,0.0,0.0,0.0
2000-06-18,0.0,0.0,0.0,0.0,0.0
2000-06-19,0.0,0.0,0.0,0.0,0.0
2000-06-20,0.0,0.0,0.0,0.0,0.0
2000-06-21,0.0,0.0,0.0,0.0,0.0
2000-06-22,0.0,0.0,0.0,0.0,0.0
2000-06-23,0.0,0.0,0.0,0.0,0.0
2000-06-24,0.0,0.0,0.0,0.0,0.0
2000-06-25,0.0,0.0,0.0,0.0,0.0
2000-06-26,0.0,0.0,0.0,0.0,0.0
2000-06-27,0.0,0.0,0.0,0.0,0.0
2000-06-28,0.0,0.0,0.0,0.0,0.0
2000-06-29,0.0,0.0,0.0,0.0,0.0
2000-06-30,0.0,0.0,0.0,0.0,0.0
2000-07-01,0.0,0.0,0.0,0.0,0.0
2000-07-02,0.0,0.0,0.0,0.0,0.0
2000-07-03,0.0,0.0,0.0,0.0,0.0
2000-07-04,0.0,0.0,0.0,0.0,0.0
2000-07-05,0.0,0.0,0.0,0.0,0.0
2000-07-06,0.0,0.0,0.0,0.0,0.0
2000-07-07,0.0,0.0,0.0,0.0,0.0
2000-07-08,0.0,0.0,0.0,0.0,0.0
2000-07-09,0.0,0.0,0.0,0.0,0.0
2000-07-10,0.0,0.0,0.0,0.0,0.0
2000-07-11,0.0,0.0,0.0,0.0,0.0
2000-07-12,0.0,0.0,0.0,0.0,0.0
2000-07-13,0.0,0.0,0.0,0.0,0.0
2000-07-14,0.0,0.0,0.0,0.0,0.0
2000-07-15,0.0,0.0,0.0,0.0,0.0
2000-07-16,0.0,0.0,0.0,0.0,0.0
2000-07-17,0.0,0.0,0.0,0.0,0.0
2000-07-18,0.0,0.0,0.0,0.0,0.0
2000-07-19,0.0,0.0,0.0,0.0,0.0
2000-07-20,0.0,0.0,0.0,0.0,0.0
2000-07-21,0.0,0.0,0.0,0.0,0.0
2000-07-22,0.0,0.0,0.0,0.0,0.0
2000-07-23,0.0,0.0,0.0,0.0,0.0
2000-07-24,0.0,0.0,0.0,0.0,0.0
2000-07-25,0.0,0.0,0.0,0.0,0.0
2000-07-26,0.0,0.0,0.0,0.0,0.0
2000-07-27,0.0,0.0,0.0,0.0,0.0
2000-07-28,0.0,0.0,0.0,0.0,0.0
2000-07-29,0.0,0.0,0.0,0.0,0.0
2000-07-30,0.0,0.0,0.0,0.0,0.0
2000-07-31,0.0,0.0,0.0,0.0,0.0
2000-08-01,0.0,0.0,0.0,0.0,0.0
2000-08-02,0.0,0.0,0.0,0.0,0.0
2000-08-03,0.0,0.0,0.0,0.0,0.0
2000-08-04,0.0,0.0,0.0,0.0,0.0
2000-08-05,0.0,0.0,0.0,0.0,0.0
2000-08-06,0.0,0.0,0.0,0.0,0.0
2000-08-07,0.0,0.0,0.0,0.0,0.0
2000-08-08,0.0,0.0,0.0,0.0,0.0
2000-08-09,0.0,0.0,0.0,0.0,0.0
2000-08-10,0.0,0.0,0.0,0.0,0.0
2000-08-11,0.0,0.0,0.0,0.0,0.0
2000-08-12,0.0,0.0,0.0,0.0,0.0
2000-08-13,0.0,0.0,0.0,0.0,0.0
2000-08-14,0.0,0.0,0.0,0.0,0.0
2000-08-15,0.0,0.0,0.0,0.0,0.0
2000-08-16,0.0,0.0,0.0,0.0,0.0
2000-08-17,0.0,0.0,0.0,0.0,0.0
2000-08-18,0.0,0.0,0.0,0.0,0.0
2000-08-19,0.0,0.0,0.0,0.0,0.0
2000-08-20,0.0,0.0,0.0,0.0,0.0
2000-08-21,0.0,0.0,0.0,0.0,0.0
2000-08-22,0.0,0.0,0.0,0.0,0.0
2000-08-23,0.0,0.0,0.0,0.0,0.0
2000-08-24,0.0,0.0,0.0,0.0,0.0
2000-08-25,0.0,0.0,0.0,0.0,0.0
2000-08-26,0.0,0.0,0.0,0.0,0.0
2000-08-27,0.0,0.0,0.0,0.0,0.0
2000-08-28,0.0,0.0,0.0,0.0,0.0
2000-08-29,0.0,0.0,0.0,0.0,0.0
2000-08-30,0.0,0.0,0.0,0.0,0.0
2000-08-31,0.0,0.0,0.0,0.0,0.0
2000-09-01,0.0,0.0,0.0,0.0,0.0
2000-09-02,0.0,0.0,0.0,0.0,0.0
2000-09-03,0.0,0.0,0.0,0.0,0.0
2000-09-04,0.0,0.0,0.0,0.0,0.0
2000-09-05,0.0,0.0,0.0,0.0,0.0
2000-09-06,0.0,0.0,0.0,0.0,0.0
2000-09-07,0.0,0.0,0.0,0.0,0.0
2000-09-08,0.0,0.0,0.0,0.0,0.0
2000-09-09,0.0,0.0,0.0,0.0,0.0
2000-09-10,0.0,0.0,0.0,0.0,0.0
2000-09-11,0.0,0.0,0.0,0.0,0.0
2000-09-12,0.0,0.0,0.0,0.0,0.0
2000-09-13,0.0,0.0,0.0,0.0,0.0
2000-09-14,0.0,0.0,0.0,0.0,0.0
2000-09-15,0.0,0.0,0.0,0.0,0.0
2000-09-16,0.0,0.0,0.0,0.0,0.0
2000-09-17,0.0,0.0,0.0,0.0,0.0
2000-09-18,0.0,0.0,0.0,0.0,0.0
2000-09-19,0.0,0.0,0.0,0.0,0.0
2000-09-20,0.0,0.0,0.0,0.0,0.0
2000-09-21,0.0,0.0,0.0,0.0,0.0
2000-09-22,0.0,0.0,0.0,0.0,0.0
2000-09-23,0.0,0.0,0.0,0.0,0.0
2000-09-24,0.0,0.0,0.0,0.0,0.0
2000-09-25,0.0,0.0,0.0,0.0,0.0
2000-09-26,0.0,0.0,0.0,0.0,0.0
2000-09-27,0.0,0.0,0.0,0.0,0.0
2000-09-28,0.0,0.0,0.0,0.0,0.0
2000-09-29,0.0,0.0,0.0,0.0,0.0
2000-09-30,0.0,0.0,0.0,0.0,0.0
2000-10-01,0.0,0.0,0.0,0.0,0.0
2000-10-02,0.0,0.0,0.0,0.0,0.0
2000-10-03,0.0,0.0,0.0,0.0,0.0
2000-10-04,0.0,0.0,0.0,0.0,0.0
2000-10-05,0.0,0.0,0.0,0.0,0.0
2000-10-06,0.0,0.0,0.0,0.0,0.0
2000-10-07,0.0,0.0,0.0,0.0,0.0
2000-10-08,0.0,0.0,0.0,0.0,0.0
2000-10-09,0.0,0.0,0.0,0.0,0.0
2000-10-10,0.769,124.89,15.69,47.15,62.04
2000-10-11,0.583,79.37,15.86,27.42,36.08
2000-10-12,0.097,63.99,18.06,19.05,26.88
2000-10-13,0.004,29.17,17.88,0.0,11.28
2000-10-14,0.001,17.89,16.63,0.0,1.26
2000-10-15,0.0,16.73,15.94,0.0,0.79
2000-10-16,0.0,16.71,15.91,0.0,0.8
2000-10-17,0.0,16.92,16.13,0.0,0.79
2000-10-18,0.0,16.72,15.93,0.0,0.79
2000-10-19,0.0,16.72,15.92,0.0,0.8
2000-10-20,0.0,16.76,15.96,0.0,0.8
2000-10-21,0.0,17.19,16.38,0.0,0.8
2000-10-22,0.0,17.52,17.33,0.0,0.19
2000-10-23,0.0,16.51,15.67,0.0,0.83
2000-10-24,0.0,16.99,16.17,0.0,0.82
2000-10-25,0.0,16.65,15.85,0.0,0.8
2000-10-26,7.65,264.5,25.69,103.12,135.69
2000-10-27,2.0,272.17,17.56,109.94,144.66
2000-10-28,2.311,216.62,19.41,85.16,112.05
2000-10-29,2.307,153.9,15.32,59.84,78.73
2000-10-30,4.672,187.63,21.62,71.69,94.32
2000-10-31,0.387,107.48,17.92,38.68,50.89
2000-11-01,0.035,38.85,16.91,7.07,14.86
2000-11-02,0.016,17.59,16.04,0.0,1.55
2000-11-03,0.012,16.99,16.06,0.0,0.93
2000-11-04,0.009,16.9,16.02,0.0,0.88
2000-11-05,0.007,16.9,16.04,0.0,0.86
2000-11-06,0.005,16.86,16.03,0.0,0.82
2000-11-07,0.003,16.83,16.01,0.0,0.81
2000-11-08,0.003,16.82,16.01,0.0,0.81
2000-11-09,0.002,16.82,16.02,0.0,0.8
2000-11-10,0.002,16.79,15.98,0.0,0.8
2000-11-11,0.001,16.81,16.01,0.0,0.8
2000-11-12,0.001,16.82,16.03,0.0,0.79
2000-11-13,0.001,16.72,15.92,0.0,0.81
2000-11-14,0.001,16.85,16.07,0.0,0.78
2000-11-15,0.0,16.8,16.01,0.0,0.8
2000-11-16,0.0,16.79,16.0,0.0,0.79
2000-11-17,0.0,16.77,15.97,0.0,0.79
2000-11-18,0.0,16.8,16.0,0.0,0.8
2000-11-19,0.0,16.83,16.04,0.0,0.79
2000-11-20,0.0,17.04,16.26,0.0,0.78
2000-11-21,0.155,41.87,13.25,12.36,16.26
2000-11-22,0.522,64.44,16.46,20.72,27.26
2000-11-23,0.033,49.42,18.02,10.97,20.43
2000-11-24,0.002,21.89,17.28,0.0,4.61
2000-11-25,0.001,16.99,16.17,0.0,0.83
2000-11-26,0.0,16.93,16.14,0.0,0.79
2000-11-27,0.0,16.83,16.06,0.0,0.78
2000-11-28,0.0,16.8,16.01,0.0,0.79
2000-11-29,2.103,185.46,17.65,72.47,95.35
2000-11-30,0.198,142.03,18.04,53.1,70.89
2000-12-01,0.011,47.16,17.51,0.01,29.64
2000-12-02,0.003,17.88,16.1,0.0,1.78
2000-12-03,0.002,16.94,16.12,0.0,0.82
2000-12-04,0.001,16.92,16.13,0.0,0.79
2000-12-05,0.001,16.8,16.01,0.0,0.79
2000-12-06,0.001,16.75,15.95,0.0,0.8
2000-12-07,0.001,16.73,15.93,0.0,0.8
2000-12-08,0.001,16.82,16.03,0.0,0.78
2000-12-09,0.0,16.72,15.92,0.0,0.8
2000-12-10,0.0,16.8,16.02,0.0,0.79
2000-12-11,0.0,16.77,15.96,0.0,0.8
2000-12-12,1.502,203.54,16.07,80.95,106.52
2000-12-13,0.27,91.14,12.46,33.97,44.71
2000-12-14,1.347,95.13,15.48,34.39,45.26
2000-12-15,1.14,84.65,17.19,29.13,38.33
2000-12-16,0.073,62.39,17.91,18.07,26.41
2000-12-17,0.008,22.24,16.85,0.0,5.4
2000-12-18,0.003,17.01,16.14,0.0,0.88
2000-12-19,0.002,16.73,15.92,0.0,0.81
2000-12-20,0.002,16.78,15.97,0.0,0.81
2000-12-21,0.002,16.75,15.94,0.0,0.8
2000-12-22,0.001,16.76,15.96,0.0,0.8
2000-12-23,0.001,16.75,15.94,0.0,0.8
2000-12-24,0.001,16.79,16.0,0.0,0.79
2000-12-25,0.001,16.85,16.07,0.0,0.78
2000-12-26,0.001,16.74,15.95,0.0,0.79
2000-12-27,0.0,16.77,15.97,0.0,0.8
2000-12-28,0.0,16.79,15.99,0.0,0.79
2000-12-29,0.0,16.74,15.94,0.0,0.8
2000-12-30,0.0,16.81,16.02,0.0,0.79
2000-12-31,0.0,16.72,15.93,0.0,0.79
2001-01-01,0.0,16.78,15.99,0.0,0.79
2001-01-02,0.0,16.92,16.14,0.0,0.78
2001-01-03,0.0,16.84,16.05,0.0,0.79
2001-01-04,0.0,16.9,16.12,0.0,0.78
2001-01-05,0.0,16.91,16.12,0.0,0.79
2001-01-06,0.0,17.07,16.29,0.0,0.77
2001-01-07,0.0,17.32,16.55,0.0,0.77
2001-01-08,2.52,207.89,18.11,81.95,107.83
2001-01-09,0.2,151.46,18.03,57.16,76.27
2001-01-10,4.634,209.46,22.75,80.59,106.12
2001-01-11,4.912,142.8,20.68,52.73,69.39
2001-01-12,0.848,106.83,17.79,38.45,50.59
2001-01-13,0.061,48.76,17.31,12.6,18.86
2001-01-14,0.021,18.33,16.07,0.0,2.26
2001-01-15,0.015,17.25,16.25,0.0,1.0
2001-01-16,0.009,16.68,15.82,0.0,0.86
2001-01-17,0.009,16.72,15.83,0.0,0.89
2001-01-18,0.008,16.92,16.03,0.0,0.88
2001-01-19,0.007,16.73,15.88,0.0,0.85
2001-01-20,0.006,16.88,16.03,0.0,0.85
2001-01-21,0.004,17.03,16.2,0.0,0.83
2001-01-22,0.002,16.6,15.81,0.0,0.79
2001-01-23,0.128,39.39,13.74,11.07,14.58
2001-01-24,1.349,116.39,15.85,43.42,57.13
2001-01-25,4.633,608.57,28.32,247.3,332.96
2001-01-26,2.209,306.05,17.73,123.4,164.91
2001-01-27,0.158,160.14,17.72,60.81,81.62
2001-01-28,0.027,29.52,16.38,0.1,13.04
2001-01-29,0.017,17.41,16.07,0.0,1.34
2001-01-30,0.014,16.86,15.91,0.0,0.95
2001-01-31,0.012,16.88,15.95,0.0,0.93
2001-02-01,0.011,16.83,15.92,0.0,0.91
2001-02-02,0.008,17.02,16.14,0.0,0.88
2001-02-03,0.006,16.77,15.93,0.0,0.84
2001-02-04,0.005,16.79,15.94,0.0,0.85
2001-02-05,0.004,16.86,16.02,0.0,0.84
2001-02-06,0.002,17.54,16.75,0.0,0.79
2001-02-07,0.0,17.05,16.37,0.0,0.68
2001-02-08,0.0,16.91,16.12,0.0,0.79
2001-02-09,2.472,183.24,16.29,72.09,94.86
2001-02-10,5.066,137.79,20.21,50.77,66.81
2001-02-11,5.777,201.96,23.28,77.16,101.52
2001-02-12,7.956,214.0,26.81,80.83,106.36
2001-02-13,0.531,101.4,17.58,36.2,47.63
2001-02-14,0.123,27.2,16.23,4.74,6.24
2001-02-15,0.091,18.27,15.96,0.99,1.31
2001-02-16,0.076,17.94,15.95,0.85,1.14
2001-02-17,0.254,42.72,12.89,12.88,16.95
2001-02-18,1.472,82.63,16.16,28.71,37.77
2001-02-19,4.447,267.4,20.32,106.69,140.39
2001-02-20,3.324,154.14,18.69,58.49,76.96
2001-02-21,2.128,92.22,16.04,32.89,43.28
2001-02-22,1.354,82.25,14.56,29.23,38.46
2001-02-23,2.172,94.68,17.28,33.42,43.98
2001-02-24,8.762,282.65,27.7,109.04,145.91
2001-02-25,1.274,70.14,16.72,22.93,30.49
2001-02-26,0.493,25.09,16.38,3.75,4.96
2001-02-27,0.328,18.24,15.99,0.97,1.28
2001-02-28,0.268,17.96,15.96,0.87,1.14
2001-03-01,0.23,17.93,15.93,0.86,1.14
2001-03-02,1.155,97.18,15.56,35.25,46.38
2001-03-03,0.453,48.37,14.82,14.49,19.06
2001-03-04,4.629,208.14,21.24,80.71,106.19
2001-03-05,3.064,130.48,17.4,48.83,64.25
2001-03-06,0.753,67.42,16.94,21.8,28.68
2001-03-07,0.345,20.73,16.05,2.02,2.66
2001-03-08,0.279,18.04,15.95,0.9,1.18
2001-03-09,0.23,17.98,15.97,0.86,1.14
2001-03-10,0.186,17.96,15.96,0.86,1.13
2001-03-11,0.158,17.94,15.94,0.86,1.14
2001-03-12,0.126,18.0,16.0,0.86,1.14
2001-03-13,0.103,17.96,15.96,0.86,1.14
2001-03-14,0.083,17.94,15.99,0.82,1.14
2001-03-15,0.071,17.8,15.91,0.75,1.14
2001-03-16,0.056,17.78,16.05,0.59,1.14
2001-03-17,0.044,17.43,15.95,0.35,1.13
2001-03-18,0.036,17.23,15.98,0.12,1.12
2001-03-19,0.028,17.14,16.01,0.03,1.1
2001-03-20,0.022,17.16,16.07,0.01,1.08
2001-03-21,0.016,17.05,16.04,0.0,1.01
2001-03-22,0.013,16.91,15.96,0.0,0.95
2001-03-23,0.01,16.91,15.99,0.0,0.92
2001-03-24,0.007,17.07,16.18,0.0,0.89
2001-03-25,0.583,172.0,15.6,67.53,88.86
2001-03-26,0.066,120.95,17.74,41.57,61.64
2001-03-27,0.01,24.96,16.68,0.0,8.27
2001-03-28,0.004,16.91,15.93,0.0,0.98
2001-03-29,0.003,16.88,16.04,0.0,0.84
2001-03-30,0.002,17.34,16.55,0.0,0.79
2001-03-31,0.0,17.89,17.54,0.0,0.35
2001-04-01,0.0,18.18,18.08,0.0,0.1
2001-04-02,0.0,18.09,18.08,0.0,0.02
2001-04-03,0.0,18.08,18.08,0.0,0.0
2001-04-04,0.0,0.0,0.0,0.0,0.0
2001-04-05,0.0,0.0,0.0,0.0,0.0
2001-04-06,0.404,165.85,17.55,64.04,84.26
2001-04-07,2.523,237.96,18.1,94.94,124.92
2001-04-08,0.195,190.24,17.85,74.16,98.22
2001-04-09,0.563,109.53,15.68,40.15,53.7
2001-04-10,0.064,68.71,17.43,20.59,30.69
2001-04-11,0.017,19.44,16.08,0.0,3.36
2001-04-12,0.014,17.01,15.99,0.0,1.01
2001-04-13,0.01,17.07,16.14,0.0,0.92
2001-04-14,0.007,16.8,15.93,0.0,0.88
2001-04-15,0.006,17.02,16.16,0.0,0.86
2001-04-16,0.003,17.01,16.2,0.0,0.81
2001-04-17,0.002,17.22,16.41,0.0,0.81
2001-04-18,0.0,17.64,17.14,0.0,0.5
2001-04-19,0.0,17.4,16.69,0.0,0.71
2001-04-20,3.887,201.91,21.5,77.9,102.51
2001-04-21,0.826,156.24,17.7,59.83,78.72
2001-04-22,0.068,61.77,17.24,18.1,26.42
2001-04-23,0.024,18.96,16.12,0.01,2.83
2001-04-24,0.018,17.07,16.0,0.0,1.06
2001-04-25,0.014,17.02,16.05,0.0,0.96
2001-04-26,0.009,17.0,16.1,0.0,0.91
2001-04-27,0.007,16.89,16.02,0.0,0.86
2001-04-28,0.004,17.24,16.4,0.0,0.85
2001-04-29,0.002,17.08,16.3,0.0,0.78
2001-04-30,0.001,16.98,16.25,0.0,0.72
2001-05-01,0.0,17.15,16.41,0.0,0.74
2001-05-02,0.0,17.54,16.82,0.0,0.72
2001-05-03,0.0,18.23,18.08,0.0,0.15
2001-05-04,0.0,18.1,18.08,0.0,0.02
2001-05-05,0.0,0.0,0.0,0.0,0.0
2001-05-06,0.0,0.0,0.0,0.0,0.0
2001-05-07,0.0,0.0,0.0,0.0,0.0
2001-05-08,0.0,0.0,0.0,0.0,0.0
2001-05-09,0.0,0.0,0.0,0.0,0.0
2001-05-10,0.0,0.0,0.0,0.0,0.0
2001-05-11,0.0,0.0,0.0,0.0,0.0
2001-05-12,0.0,0.0,0.0,0.0,0.0
2001-05-13,0.0,0.0,0.0,0.0,0.0
2001-05-14,0.0,0.0,0.0,0.0,0.0
2001-05-15,0.0,0.0,0.0,0.0,0.0
2001-05-16,0.0,0.0,0.0,0.0,0.0
2001-05-17,0.0,0.0,0.0,0.0,0.0
2001-05-18,0.0,0.0,0.0,0.0,0.0
2001-05-19,0.0,0.0,0.0,0.0,0.0
2001-05-20,0.0,0.0,0.0,0.0,0.0
2001-05-21,0.0,0.0,0.0,0.0,0.0
2001-05-22,0.0,0.0,0.0,0.0,0.0
2001-05-23,0.0,0.0,0.0,0.0,0.0
2001-05-24,0.0,0.0,0.0,0.0,0.0
2001-05-25,0.0,0.0,0.0,0.0,0.0
2001-05-26,0.0,0.0,0.0,0.0,0.0
2001-05-27,0.0,0.0,0.0,0.0,0.0
2001-05-28,0.0,0.0,0.0,0.0,0.0
2001-05-29,0.0,0.0,0.0,0.0,0.0
2001-05-30,0.0,0.0,0.0,0.0,0.0
2001-05-31,0.0,0.0,0.0,0.0,0.0
2001-06-01,0.0,0.0,0.0,0.0,0.0
2001-06-02,0.0,0.0,0.0,0.0,0.0
2001-06-03,0.0,0.0,0.0,0.0,0.0
2001-06-04,0.0,0.0,0.0,0.0,0.0
2001-06-05,0.0,0.0,0.0,0.0,0.0
2001-06-06,0.0,0.0,0.0,0.0,0.0
2001-06-07,0.0,0.0,0.0,0.0,0.0
2001-06-08,0.0,0.0,0.0,0.0,0.0
2001-06-09,0.0,0.0,0.0,0.0,0.0
2001-06-10,0.0,0.0,0.0,0.0,0.0
2001-06-11,0.0,0.0,0.0,0.0,0.0
2001-06-12,0.0,0.0,0.0,0.0,0.0
2001-06-13,0.0,0.0,0.0,0.0,0.0
2001-06-14,0.0,0.0,0.0,0.0,0.0
2001-06-15,0.0,0.0,0.0,0.0,0.0
2001-06-16,0.0,0.0,0.0,0.0,0.0
2001-06-17,0.0,0.0,0.0,0.0,0.0
2001-06-18,0.0,0.0,0.0,0.0,0.0
2001-06-19,0.0,0.0,0.0,0.0,0.0
2001-06-20,0.0,0.0,0.0,0.0,0.0
2001-06-21,0.0,0.0,0.0,0.0,0.0
2001-06-22,0.0,0.0,0.0,0.0,0.0
2001-06-23,0.0,0.0,0.0,0.0,0.0
2001-06-24,0.0,0.0,0.0,0.0,0.0
2001-06-25,0.0,0.0,0.0,0.0,0.0
2001-06-26,0.0,0.0,0.0,0.0,0.0
2001-06-27,0.0,0.0,0.0,0.0,0.0
2001-06-28,0.0,0.0,0.0,0.0,0.0
2001-06-29,0.0,0.0,0.0,0.0,0.0
2001-06-30,0.0,0.0,0.0,0.0,0.0
2001-07-01,0.0,0.0,0.0,0.0,0.0
2001-07-02,0.0,0.0,0.0,0.0,0.0
2001-07-03,0.0,0.0,0.0,0.0,0.0
2001-07-04,0.0,0.0,0.0,0.0,0.0
2001-07-05,0.0,0.0,0.0,0.0,0.0
2001-07-06,0.0,0.0,0.0,0.0,0.0
2001-07-07,0.0,0.0,0.0,0.0,0.0
2001-07-08,0.0,0.0,0.0,0.0,0.0
2001-07-09,0.0,0.0,0.0,0.0,0.0
2001-07-10,0.0,0.0,0.0,0.0,0.0
2001-07-11,0.0,0.0,0.0,0.0,0.0
2001-07-12,0.0,0.0,0.0,0.0,0.0
2001-07-13,0.0,0.0,0.0,0.0,0.0
2001-07-14,0.0,0.0,0.0,0.0,0.0
2001-07-15,0.0,0.0,0.0,0.0,0.0
2001-07-16,0.0,0.0,0.0,0.0,0.0
2001-07-17,0.0,0.0,0.0,0.0,0.0
2001-07-18,0.0,0.0,0.0,0.0,0.0
2001-07-19,0.0,0.0,0.0,0.0,0.0
2001-07-20,0.0,0.0,0.0,0.0,0.0
2001-07-21,0.0,0.0,0.0,0.0,0.0
2001-07-22,0.0,0.0,0.0,0.0,0.0
2001-07-23,0.0,0.0,0.0,0.0,0.0
2001-07-24,0.0,0.0,0.0,0.0,0.0
2001-07-25,0.0,0.0,0.0,0.0,0.0
2001-07-26,0.0,0.0,0.0,0.0,0.0
2001-07-27,0.0,0.0,0.0,0.0,0.0
2001-07-28,0.0,0.0,0.0,0.0,0.0
2001-07-29,0.0,0.0,0.0,0.0,0.0
2001-07-30,0.0,0.0,0.0,0.0,0.0
2001-07-31,0.0,0.0,0.0,0.0,0.0
2001-08-01,0.0,0.0,0.0,0.0,0.0
2001-08-02,0.0,0.0,0.0,0.0,0.0
2001-08-03,0.0,0.0,0.0,0.0,0.0
2001-08-04,0.0,0.0,0.0,0.0,0.0
2001-08-05,0.0,0.0,0.0,0.0,0.0
2001-08-06,0.0,0.0,0.0,0.0,0.0
2001-08-07,0.0,0.0,0.0,0.0,0.0
2001-08-08,0.0,0.0,0.0,0.0,0.0
2001-08-09,0.0,0.0,0.0,0.0,0.0
2001-08-10,0.0,0.0,0.0,0.0,0.0
2001-08-11,0.0,0.0,0.0,0.0,0.0
2001-08-12,0.0,0.0,0.0,0.0,0.0
2001-08-13,0.0,0.0,0.0,0.0,0.0
2001-08-14,0.0,0.0,0.0,0.0,0.0
2001-08-15,0.0,0.0,0.0,0.0,0.0
2001-08-16,0.0,0.0,0.0,0.0,0.0
2001-08-17,0.0,0.0,0.0,0.0,0.0
2001-08-18,0.0,0.0,0.0,0.0,0.0
2001-08-19,0.0,0.0,0.0,0.0,0.0
2001-08-20,0.0,0.0,0.0,0.0,0.0
2001-08-21,0.0,0.0,0.0,0.0,0.0
2001-08-22,0.0,0.0,0.0,0.0,0.0
2001-08-23,0.0,0.0,0.0,0.0,0.0
2001-08-24,0.0,0.0,0.0,0.0,0.0
2001-08-25,0.0,0.0,0.0,0.0,0.0
2001-08-26,0.0,0.0,0.0,0.0,0.0
2001-08-27,0.0,0.0,0.0,0.0,0.0
2001-08-28,0.0,0.0,0.0,0.0,0.0
2001-08-29,0.0,0.0,0.0,0.0,0.0
2001-08-30,0.0,0.0,0.0,0.0,0.0
2001-08-31,0.0,0.0,0.0,0.0,0.0
2001-09-01,0.0,0.0,0.0,0.0,0.0
2001-09-02,0.0,0.0,0.0,0.0,0.0
2001-09-03,0.0,0.0,0.0,0.0,0.0
2001-09-04,0.0,0.0,0.0,0.0,0.0
2001-09-05,0.0,0.0,0.0,0.0,0.0
2001-09-06,0.0,0.0,0.0,0.0,0.0
2001-09-07,0.0,0.0,0.0,0.0,0.0
2001-09-08,0.0,0.0,0.0,0.0,0.0
2001-09-09,0.0,0.0,0.0,0.0,0.0
2001-09-10,0.0,0.0,0.0,0.0,0.0
2001-09-11,0.0,0.0,0.0,0.0,0.0
2001-09-12,0.0,0.0,0.0,0.0,0.0
2001-09-13,0.0,0.0,0.0,0.0,0.0
2001-09-14,0.0,0.0,0.0,0.0,0.0
2001-09-15,0.0,0.0,0.0,0.0,0.0
2001-09-16,0.0,0.0,0.0,0.0,0.0
2001-09-17,0.0,0.0,0.0,0.0,0.0
2001-09-18,0.0,0.0,0.0,0.0,0.0
2001-09-19,0.0,0.0,0.0,0.0,0.0
2001-09-20,0.0,0.0,0.0,0.0,0.0
2001-09-21,0.0,0.0,0.0,0.0,0.0
2001-09-22,0.0,0.0,0.0,0.0,0.0
2001-09-23,0.0,0.0,0.0,0.0,0.0
2001-09-24,0.0,0.0,0.0,0.0,0.0
2001-09-25,0.841,297.89,17.71,120.99,159.19
2001-09-26,0.245,237.65,18.07,94.48,125.1
2001-09-27,0.01,87.1,18.04,0.19,68.87
2001-09-28,0.001,28.62,17.53,0.0,11.09
2001-09-29,0.0,17.01,16.02,0.0,0.98
2001-09-30,0.0,16.9,16.1,0.0,0.8
2001-10-01,0.0,17.03,16.24,0.0,0.79
2001-10-02,0.0,16.89,16.14,0.0,0.75
2001-10-03,0.0,16.69,15.91,0.0,0.78
2001-10-04,0.0,16.51,15.75,0.0,0.76
2001-10-05,0.0,16.65,15.84,0.0,0.81
2001-10-06,0.0,16.92,16.13,0.0,0.78
2001-10-07,0.0,17.36,16.75,0.0,0.6
2001-10-08,0.0,18.25,18.08,0.0,0.17
2001-10-09,0.0,0.0,0.0,0.0,0.0
2001-10-10,0.0,0.0,0.0,0.0,0.0
2001-10-11,0.0,0.0,0.0,0.0,0.0
2001-10-12,0.0,0.0,0.0,0.0,0.0
2001-10-13,0.0,0.0,0.0,0.0,0.0
2001-10-14,0.0,0.0,0.0,0.0,0.0
2001-10-15,0.0,0.0,0.0,0.0,0.0
2001-10-16,0.0,0.0,0.0,0.0,0.0
2001-10-17,0.0,0.0,0.0,0.0,0.0
2001-10-18,0.0,0.0,0.0,0.0,0.0
2001-10-19,0.0,0.0,0.0,0.0,0.0
2001-10-20,0.0,0.0,0.0,0.0,0.0
2001-10-21,0.0,0.0,0.0,0.0,0.0
2001-10-22,0.0,0.0,0.0,0.0,0.0
2001-10-23,0.0,0.0,0.0,0.0,0.0
2001-10-24,0.0,0.0,0.0,0.0,0.0
2001-10-25,0.0,0.0,0.0,0.0,0.0
2001-10-26,0.0,0.0,0.0,0.0,0.0
2001-10-27,0.0,0.0,0.0,0.0,0.0
2001-10-28,0.0,0.0,0.0,0.0,0.0
2001-10-29,0.0,0.0,0.0,0.0,0.0
2001-10-30,2.31,228.73,18.84,90.63,119.25
2001-10-31,0.214,160.42,18.04,61.09,81.28
2001-11-01,0.01,57.77,17.83,0.02,39.92
2001-11-02,0.001,19.75,16.52,0.0,3.23
2001-11-03,0.001,16.8,15.98,0.0,0.81
2001-11-04,0.001,16.8,16.01,0.0,0.79
2001-11-05,0.001,16.71,15.9,0.0,0.8
2001-11-06,0.001,16.74,15.95,0.0,0.8
2001-11-07,0.0,16.64,15.83,0.0,0.81
2001-11-08,0.0,16.78,15.98,0.0,0.79
2001-11-09,0.0,16.74,15.94,0.0,0.8
2001-11-10,0.324,97.43,11.52,37.09,48.81
2001-11-11,1.199,91.31,16.88,32.14,42.29
2001-11-12,12.333,710.78,39.01,273.12,398.66
2001-11-13,0.613,280.13,18.0,100.85,161.28
2001-11-14,0.043,104.66,17.16,28.4,59.11
2001-11-15,0.016,20.24,16.11,0.0,4.13
2001-11-16,0.013,16.97,16.0,0.0,0.97
2001-11-17,0.01,16.87,15.99,0.0,0.89
2001-11-18,0.008,16.89,16.02,0.0,0.87
2001-11-19,0.006,16.82,15.99,0.0,0.84
2001-11-20,0.005,16.83,16.0,0.0,0.83
2001-11-21,0.004,16.78,15.96,0.0,0.82
2001-11-22,0.351,54.77,15.68,16.88,22.21
2001-11-23,0.026,40.08,17.84,6.68,15.56
2001-11-24,7.84,579.38,30.73,227.14,321.51
2001-11-25,1.584,178.31,16.65,68.12,93.54
2001-11-26,0.186,121.7,17.86,44.31,59.52
2001-11-27,0.022,30.11,16.68,0.11,13.32
2001-11-28,1.118,101.87,11.1,39.19,51.58
2001-11-29,7.231,285.04,26.65,111.25,147.14
2001-11-30,0.459,208.1,17.9,81.69,108.52
2001-12-01,4.726,138.33,20.04,51.08,67.21
2001-12-02,13.121,488.83,36.76,180.86,271.21
2001-12-03,2.101,123.81,16.75,44.0,63.06
2001-12-04,0.288,50.45,16.97,14.04,19.44
2001-12-05,1.673,99.72,15.19,36.5,48.03
2001-12-06,1.879,77.44,16.96,26.12,34.37
2001-12-07,0.237,33.9,16.84,7.37,9.69
2001-12-08,0.122,18.72,16.0,1.18,1.55
2001-12-09,0.1,17.93,15.91,0.87,1.15
2001-12-10,0.087,17.97,15.97,0.86,1.14
2001-12-11,0.076,17.89,15.9,0.86,1.14
2001-12-12,0.072,17.88,15.88,0.86,1.14
2001-12-13,0.206,55.48,9.89,19.67,25.92
2001-12-14,5.311,575.86,24.72,235.42,315.73
2001-12-15,0.368,327.34,17.38,132.29,177.67
2001-12-16,0.118,42.5,16.07,11.29,15.14
2001-12-17,2.771,325.12,19.97,131.77,173.38
2001-12-18,0.376,166.17,17.3,64.28,84.59
2001-12-19,0.235,39.93,12.72,11.75,15.46
2001-12-20,3.602,141.31,17.2,53.59,70.52
2001-12-21,2.783,165.53,20.68,62.55,82.3
2001-12-22,3.006,281.93,20.44,112.92,148.57
2001-12-23,1.115,109.99,16.5,40.37,53.12
2001-12-24,0.352,33.71,16.59,7.39,9.73
2001-12-25,0.217,18.58,15.97,1.13,1.48
2001-12-26,0.184,17.95,15.93,0.87,1.15
2001-12-27,0.166,17.9,15.9,0.86,1.14
2001-12-28,9.057,236.48,28.48,89.55,118.45
2001-12-29,8.728,237.63,26.17,91.06,120.4
2001-12-30,6.408,181.55,25.04,67.57,88.94
2001-12-31,4.95,136.53,21.78,49.55,65.2
2002-01-01,1.388,36.09,16.17,8.6,11.32
2002-01-02,7.49,144.05,23.66,51.98,68.4
2002-01-03,1.793,41.58,16.45,10.85,14.28
2002-01-04,1.04,19.14,16.05,1.33,1.76
2002-01-05,0.918,23.72,15.6,3.51,4.61
2002-01-06,1.127,34.45,16.1,7.92,10.42
2002-01-07,0.59,20.2,16.14,1.75,2.31
2002-01-08,0.443,18.05,15.98,0.89,1.17
2002-01-09,0.35,17.99,15.99,0.86,1.14
2002-01-10,0.278,17.98,15.99,0.86,1.14
2002-01-11,0.22,17.99,15.99,0.86,1.14
2002-01-12,0.176,17.98,15.98,0.86,1.14
2002-01-13,0.14,17.98,15.99,0.86,1.14
2002-01-14,0.109,18.02,16.02,0.86,1.14
2002-01-15,0.082,18.02,16.02,0.86,1.13
2002-01-16,0.064,17.84,15.98,0.72,1.14
2002-01-17,0.052,17.65,15.98,0.53,1.14
2002-01-18,0.04,17.28,16.03,0.12,1.13
2002-01-19,0.03,17.19,16.05,0.02,1.12
2002-01-20,0.022,17.02,15.95,0.01,1.07
2002-01-21,0.019,17.1,16.07,0.0,1.03
2002-01-22,0.009,17.24,16.35,0.0,0.89
2002-01-23,0.009,16.59,15.69,0.0,0.9
2002-01-24,0.008,16.92,16.04,0.0,0.88
2002-01-25,0.006,16.99,16.14,0.0,0.85
2002-01-26,1.415,135.53,15.69,51.73,68.11
2002-01-27,0.34,104.51,17.65,37.5,49.36
2002-01-28,0.361,55.01,14.66,17.42,22.92
2002-01-29,0.434,55.33,16.64,16.71,21.98
2002-01-30,0.106,29.38,16.72,5.47,7.19
2002-01-31,0.059,18.24,16.0,0.84,1.4
2002-02-01,0.053,17.54,15.9,0.5,1.15
2002-02-02,0.041,17.35,16.04,0.18,1.13
2002-02-03,0.032,17.12,15.98,0.03,1.12
2002-02-04,0.026,17.09,15.98,0.01,1.1
2002-02-05,0.021,17.04,15.99,0.01,1.05
2002-02-06,0.016,17.05,16.06,0.0,0.98
2002-02-07,0.011,17.02,16.1,0.0,0.92
2002-02-08,1.198,356.3,15.76,147.05,193.49
2002-02-09,0.246,270.05,17.73,108.96,143.37
2002-02-10,0.043,51.68,16.34,13.68,21.67
2002-02-11,0.03,17.85,16.0,0.02,1.83
2002-02-12,0.024,17.11,16.0,0.01,1.1
2002-02-13,0.019,16.97,15.94,0.0,1.02
2002-02-14,0.016,16.93,15.95,0.0,0.98
2002-02-15,0.014,16.97,16.02,0.0,0.95
2002-02-16,0.263,93.38,13.9,34.31,45.17
2002-02-17,3.828,202.45,21.44,78.17,102.85
2002-02-18,0.501,75.63,16.72,25.44,33.47
2002-02-19,2.501,103.38,17.19,37.22,48.97
2002-02-20,1.51,98.68,16.76,35.38,46.55
2002-02-21,0.333,35.34,16.41,8.17,10.76
2002-02-22,0.219,18.66,16.01,1.14,1.51
2002-02-23,0.18,17.95,15.94,0.87,1.15
2002-02-24,0.151,17.96,15.96,0.86,1.14
2002-02-25,0.121,17.99,16.0,0.86,1.14
2002-02-26,0.095,17.99,16.0,0.86,1.14
2002-02-27,0.075,17.87,15.99,0.74,1.14
2002-02-28,0.062,17.71,15.96,0.61,1.14
2002-03-01,0.043,17.61,16.07,0.41,1.13
2002-03-02,0.036,17.24,15.98,0.14,1.12
2002-03-03,0.031,17.07,15.93,0.03,1.11
2002-03-04,0.025,17.1,16.0,0.01,1.09
2002-03-05,0.021,17.06,15.99,0.01,1.06
2002-03-06,1.479,214.53,17.74,84.96,111.82
2002-03-07,4.474,217.86,21.81,84.66,111.39
2002-03-08,0.574,108.15,17.25,39.25,51.65
2002-03-09,0.21,24.26,16.08,3.53,4.65
2002-03-10,2.817,174.35,18.86,67.14,88.35
2002-03-11,0.444,68.25,16.79,22.22,29.24
2002-03-12,0.228,20.5,16.06,1.92,2.52
2002-03-13,0.166,18.1,16.02,0.9,1.18
2002-03-14,0.135,17.95,15.95,0.86,1.14
2002-03-15,0.116,17.96,15.96,0.86,1.14
2002-03-16,0.095,17.95,15.95,0.86,1.14
2002-03-17,4.055,338.93,23.98,136.0,178.95
2002-03-18,0.634,165.54,17.33,64.0,84.21
2002-03-19,0.204,29.75,16.13,5.88,7.74
2002-03-20,0.154,18.37,15.98,1.03,1.36
2002-03-21,0.122,18.01,15.99,0.87,1.14
2002-03-22,0.222,9.15,8.13,0.44,0.58
2002-03-23,4.254,247.62,21.84,97.5,128.29
2002-03-24,0.446,85.43,16.88,29.6,38.95
2002-03-25,0.22,21.46,16.03,2.35,3.09
2002-03-26,0.171,18.1,15.99,0.91,1.2
2002-03-27,0.133,18.01,16.01,0.86,1.14
2002-03-28,0.103,18.0,16.0,0.86,1.14
2002-03-29,0.081,17.9,16.0,0.77,1.14
2002-03-30,0.066,17.75,15.97,0.64,1.14
2002-03-31,0.052,17.65,16.0,0.52,1.14
2002-04-01,0.041,17.46,16.01,0.32,1.13
2002-04-02,0.032,17.17,16.0,0.06,1.11
2002-04-03,0.025,17.15,16.04,0.02,1.09
2002-04-04,0.019,17.07,16.01,0.01,1.05
2002-04-05,0.015,17.04,16.05,0.0,0.99
2002-04-06,0.011,16.88,15.95,0.0,0.93
2002-04-07,0.009,16.92,16.02,0.0,0.9
2002-04-08,0.006,17.11,16.24,0.0,0.87
2002-04-09,0.002,17.23,16.48,0.0,0.74
2002-04-10,0.002,17.01,16.17,0.0,0.84
2002-04-11,0.001,17.08,16.37,0.0,0.7
2002-04-12,0.0,17.01,16.27,0.0,0.74
2002-04-13,0.0,17.58,17.08,0.0,0.49
2002-04-14,0.0,18.19,18.08,0.0,0.12
2002-04-15,0.0,18.1,18.08,0.0,0.02
2002-04-16,0.0,0.0,0.0,0.0,0.0
2002-04-17,0.481,152.77,17.76,58.3,76.71
2002-04-18,0.058,102.13,17.93,33.28,50.92
2002-04-19,0.004,28.93,17.26,0.0,11.66
2002-04-20,0.001,17.7,16.58,0.0,1.12
2002-04-21,0.0,17.36,16.73,0.0,0.63
2002-04-22,0.0,17.39,16.65,0.0,0.74
2002-04-23,0.0,18.24,18.05,0.0,0.19
2002-04-24,0.0,18.11,18.08,0.0,0.03
2002-04-25,0.0,0.0,0.0,0.0,0.0
2002-04-26,0.0,0.0,0.0,0.0,0.0
2002-04-27,0.0,0.0,0.0,0.0,0.0
2002-04-28,0.0,0.0,0.0,0.0,0.0
2002-04-29,0.0,0.0,0.0,0.0,0.0
2002-04-30,0.0,0.0,0.0,0.0,0.0
2002-05-01,0.0,0.0,0.0,0.0,0.0
2002-05-02,0.0,0.0,0.0,0.0,0.0
2002-05-03,0.0,0.0,0.0,0.0,0.0
2002-05-04,0.0,0.0,0.0,0.0,0.0
2002-05-05,0.0,0.0,0.0,0.0,0.0
2002-05-06,0.0,0.0,0.0,0.0,0.0
2002-05-07,0.0,0.0,0.0,0.0,0.0
2002-05-08,0.0,0.0,0.0,0.0,0.0
2002-05-09,0.0,0.0,0.0,0.0,0.0
2002-05-10,0.0,0.0,0.0,0.0,0.0
2002-05-11,0.0,0.0,0.0,0.0,0.0
2002-05-12,0.0,0.0,0.0,0.0,0.0
2002-05-13,0.0,0.0,0.0,0.0,0.0
2002-05-14,0.0,0.0,0.0,0.0,0.0
2002-05-15,0.0,0.0,0.0,0.0,0.0
2002-05-16,0.0,0.0,0.0,0.0,0.0
2002-05-17,0.0,0.0,0.0,0.0,0.0
2002-05-18,0.0,0.0,0.0,0.0,0.0
2002-05-19,2.278,268.58,20.15,107.28,141.15
2002-05-20,2.857,130.67,16.71,49.21,64.75
2002-05-21,2.606,162.82,18.1,62.49,82.23
2002-05-22,0.16,115.58,17.72,41.78,56.09
2002-05-23,0.027,25.48,16.34,0.03,9.11
2002-05-24,0.018,17.41,16.15,0.0,1.25
2002-05-25,0.011,16.94,16.03,0.0,0.91
2002-05-26,0.009,16.9,16.0,0.0,0.9
2002-05-27,0.006,17.03,16.16,0.0,0.87
2002-05-28,0.003,16.74,15.94,0.0,0.8
2002-05-29,0.003,16.99,16.15,0.0,0.83
2002-05-30,0.001,16.92,16.16,0.0,0.76
2002-05-31,0.001,16.88,16.1,0.0,0.77
2002-06-01,0.0,16.8,16.01,0.0,0.79
2002-06-02,0.0,16.8,16.0,0.0,0.8
2002-06-03,0.0,16.9,16.1,0.0,0.8
2002-06-04,0.0,16.97,16.18,0.0,0.79
2002-06-05,0.0,17.18,16.41,0.0,0.78
2002-06-06,0.0,17.11,16.38,0.0,0.73
2002-06-07,0.0,18.24,18.08,0.0,0.17
2002-06-08,0.0,18.1,18.08,0.0,0.03
2002-06-09,0.0,0.0,0.0,0.0,0.0
2002-06-10,0.0,0.0,0.0,0.0,0.0
2002-06-11,0.0,0.0,0.0,0.0,0.0
2002-06-12,0.0,0.0,0.0,0.0,0.0
2002-06-13,0.0,0.0,0.0,0.0,0.0
2002-06-14,0.0,0.0,0.0,0.0,0.0
2002-06-15,0.0,0.0,0.0,0.0,0.0
2002-06-16,0.0,0.0,0.0,0.0,0.0
2002-06-17,0.0,0.0,0.0,0.0,0.0
2002-06-18,0.0,0.0,0.0,0.0,0.0
2002-06-19,0.0,0.0,0.0,0.0,0.0
2002-06-20,0.0,0.0,0.0,0.0,0.0
2002-06-21,0.0,0.0,0.0,0.0,0.0
2002-06-22,0.0,0.0,0.0,0.0,0.0
2002-06-23,0.0,0.0,0.0,0.0,0.0
2002-06-24,0.0,0.0,0.0,0.0,0.0
2002-06-25,0.0,0.0,0.0,0.0,0.0
2002-06-26,0.0,0.0,0.0,0.0,0.0
2002-06-27,0.0,0.0,0.0,0.0,0.0
2002-06-28,0.0,0.0,0.0,0.0,0.0
2002-06-29,0.0,0.0,0.0,0.0,0.0
2002-06-30,0.0,0.0,0.0,0.0,0.0
2002-07-01,0.0,0.0,0.0,0.0,0.0
2002-07-02,0.0,0.0,0.0,0.0,0.0
2002-07-03,0.0,0.0,0.0,0.0,0.0
2002-07-04,0.0,0.0,0.0,0.0,0.0
2002-07-05,0.0,0.0,0.0,0.0,0.0
2002-07-06,0.0,0.0,0.0,0.0,0.0
2002-07-07,0.0,0.0,0.0,0.0,0.0
2002-07-08,0.0,0.0,0.0,0.0,0.0
2002-07-09,0.0,0.0,0.0,0.0,0.0
2002-07-10,0.0,0.0,0.0,0.0,0.0
2002-07-11,0.0,0.0,0.0,0.0,0.0
2002-07-12,0.0,0.0,0.0,0.0,0.0
2002-07-13,0.0,0.0,0.0,0.0,0.0
2002-07-14,0.0,0.0,0.0,0.0,0.0
2002-07-15,0.0,0.0,0.0,0.0,0.0
2002-07-16,0.0,0.0,0.0,0.0,0.0
2002-07-17,0.0,0.0,0.0,0.0,0.0
2002-07-18,0.0,0.0,0.0,0.0,0.0
2002-07-19,0.0,0.0,0.0,0.0,0.0
2002-07-20,0.0,0.0,0.0,0.0,0.0
2002-07-21,0.0,0.0,0.0,0.0,0.0
2002-07-22,0.0,0.0,0.0,0.0,0.0
2002-07-23,0.0,0.0,0.0,0.0,0.0
2002-07-24,0.0,0.0,0.0,0.0,0.0
2002-07-25,0.0,0.0,0.0,0.0,0.0
2002-07-26,0.0,0.0,0.0,0.0,0.0
2002-07-27,0.0,0.0,0.0,0.0,0.0
2002-07-28,0.0,0.0,0.0,0.0,0.0
2002-07-29,0.0,0.0,0.0,0.0,0.0
2002-07-30,0.0,0.0,0.0,0.0,0.0
2002-07-31,0.0,0.0,0.0,0.0,0.0
2002-08-01,0.0,0.0,0.0,0.0,0.0
2002-08-02,0.0,0.0,0.0,0.0,0.0
2002-08-03,0.0,0.0,0.0,0.0,0.0
2002-08-04,0.0,0.0,0.0,0.0,0.0
2002-08-05,0.0,0.0,0.0,0.0,0.0
2002-08-06,0.0,0.0,0.0,0.0,0.0
2002-08-07,0.0,0.0,0.0,0.0,0.0
2002-08-08,0.0,0.0,0.0,0.0,0.0
2002-08-09,0.0,0.0,0.0,0.0,0.0
2002-08-10,0.0,0.0,0.0,0.0,0.0
2002-08-11,0.0,0.0,0.0,0.0,0.0
2002-08-12,0.0,0.0,0.0,0.0,0.0
2002-08-13,0.0,0.0,0.0,0.0,0.0
2002-08-14,0.0,0.0,0.0,0.0,0.0
2002-08-15,0.0,0.0,0.0,0.0,0.0
2002-08-16,0.0,0.0,0.0,0.0,0.0
2002-08-17,0.0,0.0,0.0,0.0,0.0
2002-08-18,0.0,0.0,0.0,0.0,0.0
2002-08-19,0.0,0.0,0.0,0.0,0.0
2002-08-20,0.0,0.0,0.0,0.0,0.0
2002-08-21,0.0,0.0,0.0,0.0,0.0
2002-08-22,0.0,0.0,0.0,0.0,0.0
2002-08-23,0.0,0.0,0.0,0.0,0.0
2002-08-24,0.0,0.0,0.0,0.0,0.0
2002-08-25,0.0,0.0,0.0,0.0,0.0
2002-08-26,0.0,0.0,0.0,0.0,0.0
2002-08-27,0.0,0.0,0.0,0.0,0.0
2002-08-28,0.0,0.0,0.0,0.0,0.0
2002-08-29,0.0,0.0,0.0,0.0,0.0
2002-08-30,0.0,0.0,0.0,0.0,0.0
2002-08-31,0.0,0.0,0.0,0.0,0.0
2002-09-01,0.0,0.0,0.0,0.0,0.0
2002-09-02,0.0,0.0,0.0,0.0,0.0
2002-09-03,0.0,0.0,0.0,0.0,0.0
2002-09-04,0.0,0.0,0.0,0.0,0.0
2002-09-05,0.0,0.0,0.0,0.0,0.0
2002-09-06,0.0,0.0,0.0,0.0,0.0
2002-09-07,0.0,0.0,0.0,0.0,0.0
2002-09-08,0.0,0.0,0.0,0.0,0.0
2002-09-09,0.0,0.0,0.0,0.0,0.0
2002-09-10,0.0,0.0,0.0,0.0,0.0
2002-09-11,0.0,0.0,0.0,0.0,0.0
2002-09-12,0.0,0.0,0.0,0.0,0.0
2002-09-13,0.0,0.0,0.0,0.0,0.0
2002-09-14,0.0,0.0,0.0,0.0,0.0
2002-09-15,0.0,0.0,0.0,0.0,0.0
2002-09-16,0.0,0.0,0.0,0.0,0.0
2002-09-17,0.0,0.0,0.0,0.0,0.0
2002-09-18,0.0,0.0,0.0,0.0,0.0
2002-09-19,0.0,0.0,0.0,0.0,0.0
2002-09-20,0.0,0.0,0.0,0.0,0.0
2002-09-21,0.0,0.0,0.0,0.0,0.0
2002-09-22,0.0,0.0,0.0,0.0,0.0
2002-09-23,0.0,0.0,0.0,0.0,0.0
2002-09-24,0.0,0.0,0.0,0.0,0.0
2002-09-25,0.0,0.0,0.0,0.0,0.0
2002-09-26,0.0,0.0,0.0,0.0,0.0
2002-09-27,0.0,0.0,0.0,0.0,0.0
2002-09-28,0.0,0.0,0.0,0.0,0.0
2002-09-29,0.0,0.0,0.0,0.0,0.0
2002-09-30,0.0,0.0,0.0,0.0,0.0
2002-10-01,0.0,0.0,0.0,0.0,0.0
2002-10-02,0.0,0.0,0.0,0.0,0.0
2002-10-03,0.0,0.0,0.0,0.0,0.0
2002-10-04,0.0,0.0,0.0,0.0,0.0
2002-10-05,0.0,0.0,0.0,0.0,0.0
2002-10-06,0.0,0.0,0.0,0.0,0.0
2002-10-07,0.0,0.0,0.0,0.0,0.0
2002-10-08,0.0,0.0,0.0,0.0,0.0
2002-10-09,0.0,0.0,0.0,0.0,0.0
2002-10-10,0.0,0.0,0.0,0.0,0.0
2002-10-11,0.0,0.0,0.0,0.0,0.0
2002-10-12,0.0,0.0,0.0,0.0,0.0
2002-10-13,0.0,0.0,0.0,0.0,0.0
2002-10-14,0.0,0.0,0.0,0.0,0.0
2002-10-15,0.0,0.0,0.0,0.0,0.0
2002-10-16,0.0,0.0,0.0,0.0,0.0
2002-10-17,0.0,0.0,0.0,0.0,0.0
2002-10-18,0.0,0.0,0.0,0.0,0.0
2002-10-19,0.0,0.0,0.0,0.0,0.0
2002-10-20,0.0,0.0,0.0,0.0,0.0
2002-10-21,0.0,0.0,0.0,0.0,0.0
2002-10-22,0.0,0.0,0.0,0.0,0.0
2002-10-23,0.0,0.0,0.0,0.0,0.0
2002-10-24,0.0,0.0,0.0,0.0,0.0
2002-10-25,0.0,0.0,0.0,0.0,0.0
2002-10-26,0.0,0.0,0.0,0.0,0.0
2002-10-27,0.0,0.0,0.0,0.0,0.0
2002-10-28,0.0,0.0,0.0,0.0,0.0
2002-10-29,0.0,0.0,0.0,0.0,0.0
2002-10-30,0.0,0.0,0.0,0.0,0.0
2002-10-31,0.0,0.0,0.0,0.0,0.0
2002-11-01,0.0,0.0,0.0,0.0,0.0
2002-11-02,0.0,0.0,0.0,0.0,0.0
2002-11-03,0.0,0.0,0.0,0.0,0.0
2002-11-04,0.0,0.0,0.0,0.0,0.0
2002-11-05,0.0,0.0,0.0,0.0,0.0
2002-11-06,0.0,0.0,0.0,0.0,0.0
2002-11-07,4.506,234.14,21.58,91.78,120.78
2002-11-08,24.643,1731.91,55.88,713.36,962.68
2002-11-09,1.135,281.24,17.34,108.09,155.81
2002-11-10,0.94,229.73,15.64,92.27,121.82
2002-11-11,0.212,187.24,17.67,73.2,96.37
2002-11-12,0.039,37.39,16.39,6.61,14.39
2002-11-13,0.024,17.71,16.08,0.01,1.62
2002-11-14,0.018,17.01,16.0,0.0,1.01
2002-11-15,0.014,16.96,16.02,0.0,0.94
2002-11-16,0.01,17.02,16.12,0.0,0.9
2002-11-17,0.007,16.88,16.01,0.0,0.86
2002-11-18,0.005,16.91,16.06,0.0,0.84
2002-11-19,0.004,17.03,16.21,0.0,0.82
2002-11-20,0.001,17.03,16.28,0.0,0.75
2002-11-21,0.001,16.79,15.98,0.0,0.81
2002-11-22,0.001,16.94,16.16,0.0,0.78
2002-11-23,0.0,16.93,16.17,0.0,0.76
2002-11-24,0.0,16.95,16.17,0.0,0.78
2002-11-25,0.0,17.48,16.71,0.0,0.76
2002-11-26,0.0,18.26,18.08,0.0,0.19
2002-11-27,0.0,18.1,18.08,0.0,0.03
2002-11-28,0.0,18.08,18.08,0.0,0.01
2002-11-29,0.0,0.0,0.0,0.0,0.0
2002-11-30,0.0,0.0,0.0,0.0,0.0
2002-12-01,0.0,0.0,0.0,0.0,0.0
2002-12-02,0.0,0.0,0.0,0.0,0.0
2002-12-03,0.0,0.0,0.0,0.0,0.0
2002-12-04,0.0,0.0,0.0,0.0,0.0
2002-12-05,0.0,0.0,0.0,0.0,0.0
2002-12-06,0.0,0.0,0.0,0.0,0.0
2002-12-07,0.0,0.0,0.0,0.0,0.0
2002-12-08,0.0,0.0,0.0,0.0,0.0
2002-12-09,0.855,136.13,16.78,51.54,67.81
2002-12-10,1.629,149.15,16.36,57.34,75.45
2002-12-11,0.172,126.84,18.02,46.44,62.39
2002-12-12,0.011,40.86,17.42,0.0,23.44
2002-12-13,13.269,380.2,35.61,135.49,209.1
2002-12-14,10.928,432.71,32.14,161.11,239.46
2002-12-15,2.092,194.77,15.84,71.35,107.58
2002-12-16,12.143,463.83,33.68,173.98,256.18
2002-12-17,4.868,169.3,21.54,63.41,84.35
2002-12-18,0.602,67.06,16.87,21.63,28.56
2002-12-19,10.177,676.74,38.11,261.89,376.75
2002-12-20,11.363,348.21,27.97,134.57,185.67
2002-12-21,6.258,243.28,25.35,94.02,123.9
2002-12-22,1.234,55.77,16.38,17.01,22.38
2002-12-23,0.814,19.44,16.0,1.49,1.96
2002-12-24,0.662,18.01,15.96,0.88,1.16
2002-12-25,0.547,17.96,15.96,0.86,1.14
2002-12-26,0.457,17.95,15.95,0.86,1.14
2002-12-27,0.385,17.95,15.95,0.86,1.14
2002-12-28,4.346,248.66,24.6,96.75,127.31
2002-12-29,4.017,190.5,20.95,73.21,96.33
2002-12-30,0.753,48.98,16.4,14.07,18.51
2002-12-31,5.757,218.88,21.35,85.3,112.23
2003-01-01,1.131,64.17,16.7,20.5,26.97
2003-01-02,0.604,20.21,16.04,1.8,2.36
2003-01-03,0.47,18.05,15.98,0.89,1.18
2003-01-04,0.381,17.97,15.97,0.86,1.14
2003-01-05,0.308,17.99,15.99,0.86,1.14
2003-01-06,0.239,17.99,15.99,0.86,1.13
2003-01-07,0.193,17.99,15.99,0.86,1.14
2003-01-08,0.159,17.94,15.94,0.86,1.14
2003-01-09,1.409,221.28,16.73,88.33,116.22
2003-01-10,4.918,322.83,23.83,129.12,169.89
2003-01-11,0.656,101.56,16.8,36.6,48.16
2003-01-12,0.324,22.33,16.06,2.7,3.56
2003-01-13,0.254,18.1,15.97,0.92,1.21
2003-01-14,0.207,17.97,15.97,0.87,1.14
2003-01-15,0.168,17.97,15.97,0.86,1.14
2003-01-16,0.132,18.0,16.01,0.86,1.14
2003-01-17,0.105,17.97,15.97,0.86,1.14
2003-01-18,0.086,17.97,15.97,0.86,1.14
2003-01-19,0.07,17.93,15.97,0.82,1.14
2003-01-20,0.056,17.74,15.99,0.61,1.14
2003-01-21,1.058,128.27,15.55,48.67,64.06
2003-01-22,0.318,52.88,13.98,16.8,22.1
2003-01-23,1.088,82.49,16.47,28.51,37.51
2003-01-24,0.184,33.4,16.68,7.22,9.5
2003-01-25,0.101,18.69,16.03,1.15,1.51
2003-01-26,0.08,18.0,15.98,0.87,1.15
2003-01-27,0.066,17.87,15.96,0.77,1.14
2003-01-28,0.052,17.7,16.01,0.56,1.14
2003-01-29,0.041,17.32,15.99,0.2,1.13
2003-01-30,0.033,17.12,15.97,0.03,1.12
2003-01-31,0.027,17.1,15.99,0.01,1.1
2003-02-01,0.019,17.35,16.28,0.01,1.06
2003-02-02,0.011,16.69,15.77,0.0,0.91
2003-02-03,0.011,16.99,16.06,0.0,0.93
2003-02-04,0.007,17.32,16.44,0.0,0.88
2003-02-05,0.001,16.61,16.04,0.0,0.57
2003-02-06,0.003,17.17,16.3,0.0,0.87
2003-02-07,0.0,17.35,17.03,0.0,0.31
2003-02-08,0.0,16.41,15.59,0.0,0.82
2003-02-09,0.0,16.74,15.93,0.0,0.81
2003-02-10,0.0,16.9,16.1,0.0,0.8
2003-02-11,0.0,17.19,16.4,0.0,0.79
2003-02-12,1.121,93.48,15.09,33.85,44.54
2003-02-13,1.441,85.67,16.13,30.03,39.51
2003-02-14,0.222,61.82,17.38,19.19,25.25
2003-02-15,1.906,124.02,11.59,48.55,63.89
2003-02-16,8.224,326.68,31.96,122.62,172.1
2003-02-17,0.767,51.16,16.78,14.46,19.92
2003-02-18,0.398,19.6,16.03,1.52,2.05
2003-02-19,0.323,18.01,15.97,0.88,1.16
2003-02-20,0.263,17.96,15.96,0.86,1.14
2003-02-21,0.22,17.95,15.95,0.86,1.14
2003-02-22,0.181,17.97,15.97,0.86,1.14
2003-02-23,0.15,17.97,15.97,0.86,1.14
2003-02-24,0.123,17.95,15.95,0.86,1.14
2003-02-25,0.155,22.09,15.72,2.75,3.62
2003-02-26,0.173,11.09,9.24,0.8,1.05
2003-02-27,0.779,132.64,17.18,49.86,65.6
2003-02-28,0.141,37.96,16.66,9.2,12.1
2003-03-01,0.077,18.79,16.0,1.15,1.64
2003-03-02,0.064,17.77,15.98,0.64,1.15
2003-03-03,0.052,17.62,15.98,0.51,1.14
2003-03-04,0.042,17.41,15.97,0.32,1.13
2003-03-05,0.035,17.15,15.96,0.06,1.12
2003-03-06,0.028,17.11,15.99,0.02,1.1
2003-03-07,0.022,17.08,16.0,0.01,1.07
2003-03-08,0.017,17.04,16.02,0.0,1.01
2003-03-09,0.013,16.98,16.01,0.0,0.96
2003-03-10,0.011,16.91,15.98,0.0,0.92
2003-03-11,0.008,17.0,16.1,0.0,0.9
2003-03-12,0.006,16.79,15.93,0.0,0.86
2003-03-13,0.004,17.33,16.48,0.0,0.85
2003-03-14,0.148,18.57,5.69,5.51,7.37
2003-03-15,7.891,947.11,33.38,382.5,531.24
2003-03-16,1.311,200.3,16.03,77.77,106.51
2003-03-17,0.282,73.54,16.97,24.21,32.36
2003-03-18,0.125,21.17,16.06,2.2,2.92
2003-03-19,0.101,18.07,15.97,0.91,1.19
2003-03-20,0.082,17.91,15.96,0.82,1.14
2003-03-21,0.067,17.77,15.97,0.67,1.14
2003-03-22,0.056,17.64,15.96,0.55,1.14
2003-03-23,1.444,124.22,15.66,46.88,61.69
2003-03-24,0.206,69.29,17.2,22.49,29.6
2003-03-25,0.074,21.39,16.12,2.15,3.12
2003-03-26,0.057,17.77,16.0,0.57,1.2
2003-03-27,0.044,17.45,15.95,0.37,1.13
2003-03-28,0.036,17.31,16.0,0.18,1.12
2003-03-29,0.029,17.1,15.97,0.03,1.1
2003-03-30,0.024,17.17,16.07,0.01,1.09
2003-03-31,0.017,17.13,16.1,0.0,1.02
2003-04-01,0.013,16.9,15.95,0.0,0.95
2003-04-02,0.009,16.88,15.99,0.0,0.89
2003-04-03,0.009,16.82,15.91,0.0,0.91
2003-04-04,3.193,249.7,20.11,99.14,130.45
2003-04-05,0.271,133.63,17.56,50.12,65.95
2003-04-06,0.067,29.36,16.14,5.38,7.84
2003-04-07,0.049,17.89,16.03,0.5,1.37
2003-04-08,0.038,17.4,16.02,0.25,1.13
2003-04-09,0.029,17.18,16.03,0.04,1.11
2003-04-10,0.024,17.02,15.93,0.01,1.08
2003-04-11,0.02,17.07,16.0,0.01,1.06
2003-04-12,4.205,308.57,23.18,123.23,162.16
2003-04-13,7.851,375.08,28.63,145.19,201.25
2003-04-14,0.631,110.15,16.91,39.11,54.13
2003-04-15,0.291,23.1,16.07,2.97,4.06
2003-04-16,0.235,18.1,15.94,0.93,1.23
2003-04-17,0.196,17.97,15.97,0.87,1.14
2003-04-18,0.153,18.0,16.0,0.86,1.13
2003-04-19,0.125,17.96,15.96,0.86,1.14
2003-04-20,0.103,17.98,15.98,0.86,1.14
2003-04-21,0.084,17.95,15.95,0.86,1.14
2003-04-22,0.068,17.78,15.94,0.7,1.13
2003-04-23,0.062,17.62,15.91,0.57,1.14
2003-04-24,0.838,118.91,15.59,44.61,58.71
2003-04-25,0.76,77.28,15.65,26.61,35.02
2003-04-26,0.238,51.31,17.12,14.76,19.43
2003-04-27,0.418,115.74,11.02,45.21,59.52
2003-04-28,2.573,133.43,16.2,50.62,66.61
2003-04-29,1.373,111.04,16.59,40.79,53.66
2003-04-30,0.261,58.4,16.77,17.97,23.65
2003-05-01,0.14,19.89,16.02,1.67,2.2
2003-05-02,1.235,128.75,14.76,49.23,64.77
2003-05-03,5.745,210.97,22.92,81.21,106.85
2003-05-04,0.811,109.57,17.1,39.93,52.54
2003-05-05,0.327,23.8,16.09,3.33,4.38
2003-05-06,0.265,18.11,15.93,0.94,1.24
2003-05-07,0.213,18.02,16.01,0.87,1.14
2003-05-08,0.173,17.95,15.95,0.86,1.14
2003-05-09,0.133,18.03,16.03,0.86,1.13
2003-05-10,0.101,18.01,16.01,0.86,1.14
2003-05-11,0.08,17.87,15.98,0.75,1.14
2003-05-12,0.062,17.79,16.04,0.61,1.14
2003-05-13,0.046,17.59,16.01,0.45,1.13
2003-05-14,0.037,17.33,15.97,0.25,1.12
2003-05-15,0.03,17.19,16.02,0.06,1.11
2003-05-16,0.023,17.22,16.12,0.01,1.09
2003-05-17,0.015,16.93,15.94,0.0,0.99
2003-05-18,0.012,16.96,16.01,0.0,0.95
2003-05-19,0.009,17.03,16.12,0.0,0.91
2003-05-20,0.005,17.3,16.45,0.0,0.85
2003-05-21,0.002,17.22,16.44,0.0,0.78
2003-05-22,0.0,17.32,16.67,0.0,0.65
2003-05-23,0.0,16.94,16.16,0.0,0.78
2003-05-24,0.0,16.84,16.11,0.0,0.73
2003-05-25,0.0,18.26,18.08,0.0,0.18
2003-05-26,0.0,18.1,18.08,0.0,0.03
2003-05-27,0.0,0.0,0.0,0.0,0.0
2003-05-28,0.0,0.0,0.0,0.0,0.0
2003-05-29,0.0,0.0,0.0,0.0,0.0
2003-05-30,0.0,0.0,0.0,0.0,0.0
2003-05-31,0.0,0.0,0.0,0.0,0.0
2003-06-01,0.0,0.0,0.0,0.0,0.0
2003-06-02,0.0,0.0,0.0,0.0,0.0
2003-06-03,0.0,0.0,0.0,0.0,0.0
2003-06-04,0.0,0.0,0.0,0.0,0.0
2003-06-05,0.0,0.0,0.0,0.0,0.0
2003-06-06,0.0,0.0,0.0,0.0,0.0
2003-06-07,0.0,0.0,0.0,0.0,0.0
2003-06-08,0.0,0.0,0.0,0.0,0.0
2003-06-09,0.0,0.0,0.0,0.0,0.0
2003-06-10,0.0,0.0,0.0,0.0,0.0
2003-06-11,0.0,0.0,0.0,0.0,0.0
2003-06-12,0.0,0.0,0.0,0.0,0.0
2003-06-13,0.0,0.0,0.0,0.0,0.0
2003-06-14,0.0,0.0,0.0,0.0,0.0
2003-06-15,0.0,0.0,0.0,0.0,0.0
2003-06-16,0.0,0.0,0.0,0.0,0.0
2003-06-17,0.0,0.0,0.0,0.0,0.0
2003-06-18,0.0,0.0,0.0,0.0,0.0
2003-06-19,0.0,0.0,0.0,0.0,0.0
2003-06-20,0.0,0.0,0.0,0.0,0.0
2003-06-21,0.0,0.0,0.0,0.0,0.0
2003-06-22,0.0,0.0,0.0,0.0,0.0
2003-06-23,0.0,0.0,0.0,0.0,0.0
2003-06-24,0.0,0.0,0.0,0.0,0.0
2003-06-25,0.0,0.0,0.0,0.0,0.0
2003-06-26,0.0,0.0,0.0,0.0,0.0
2003-06-27,0.0,0.0,0.0,0.0,0.0
2003-06-28,0.0,0.0,0.0,0.0,0.0
2003-06-29,0.0,0.0,0.0,0.0,0.0
2003-06-30,0.0,0.0,0.0,0.0,0.0
2003-07-01,0.0,0.0,0.0,0.0,0.0
2003-07-02,0.0,0.0,0.0,0.0,0.0
2003-07-03,0.0,0.0,0.0,0.0,0.0
2003-07-04,0.0,0.0,0.0,0.0,0.0
2003-07-05,0.0,0.0,0.0,0.0,0.0
2003-07-06,0.0,0.0,0.0,0.0,0.0
2003-07-07,0.0,0.0,0.0,0.0,0.0
2003-07-08,0.0,0.0,0.0,0.0,0.0
2003-07-09,0.0,0.0,0.0,0.0,0.0
2003-07-10,0.0,0.0,0.0,0.0,0.0
2003-07-11,0.0,0.0,0.0,0.0,0.0
2003-07-12,0.0,0.0,0.0,0.0,0.0
2003-07-13,0.0,0.0,0.0,0.0,0.0
2003-07-14,0.0,0.0,0.0,0.0,0.0
2003-07-15,0.0,0.0,0.0,0.0,0.0
2003-07-16,0.0,0.0,0.0,0.0,0.0
2003-07-17,0.0,0.0,0.0,0.0,0.0
2003-07-18,0.0,0.0,0.0,0.0,0.0
2003-07-19,0.0,0.0,0.0,0.0,0.0
2003-07-20,0.0,0.0,0.0,0.0,0.0
2003-07-21,0.0,0.0,0.0,0.0,0.0
2003-07-22,0.0,0.0,0.0,0.0,0.0
2003-07-23,0.0,0.0,0.0,0.0,0.0
2003-07-24,0.0,0.0,0.0,0.0,0.0
2003-07-25,0.0,0.0,0.0,0.0,0.0
2003-07-26,0.0,0.0,0.0,0.0,0.0
2003-07-27,0.0,0.0,0.0,0.0,0.0
2003-07-28,0.0,0.0,0.0,0.0,0.0
2003-07-29,0.0,0.0,0.0,0.0,0.0
2003-07-30,0.0,0.0,0.0,0.0,0.0
2003-07-31,0.0,0.0,0.0,0.0,0.0
2003-08-01,0.0,0.0,0.0,0.0,0.0
2003-08-02,0.0,0.0,0.0,0.0,0.0
2003-08-03,0.0,0.0,0.0,0.0,0.0
2003-08-04,0.0,0.0,0.0,0.0,0.0
2003-08-05,0.0,0.0,0.0,0.0,0.0
2003-08-06,0.0,0.0,0.0,0.0,0.0
2003-08-07,0.0,0.0,0.0,0.0,0.0
2003-08-08,0.0,0.0,0.0,0.0,0.0
2003-08-09,0.0,0.0,0.0,0.0,0.0
2003-08-10,0.0,0.0,0.0,0.0,0.0
2003-08-11,0.0,0.0,0.0,0.0,0.0
2003-08-12,0.0,0.0,0.0,0.0,0.0
2003-08-13,0.0,0.0,0.0,0.0,0.0
2003-08-14,0.0,0.0,0.0,0.0,0.0
2003-08-15,0.0,0.0,0.0,0.0,0.0
2003-08-16,0.0,0.0,0.0,0.0,0.0
2003-08-17,0.0,0.0,0.0,0.0,0.0
2003-08-18,0.0,0.0,0.0,0.0,0.0
2003-08-19,0.0,0.0,0.0,0.0,0.0
2003-08-20,0.0,0.0,0.0,0.0,0.0
2003-08-21,0.0,0.0,0.0,0.0,0.0
2003-08-22,0.0,0.0,0.0,0.0,0.0
2003-08-23,0.0,0.0,0.0,0.0,0.0
2003-08-24,0.0,0.0,0.0,0.0,0.0
2003-08-25,0.0,0.0,0.0,0.0,0.0
2003-08-26,0.0,0.0,0.0,0.0,0.0
2003-08-27,0.0,0.0,0.0,0.0,0.0
2003-08-28,0.0,0.0,0.0,0.0,0.0
2003-08-29,0.0,0.0,0.0,0.0,0.0
2003-08-30,0.0,0.0,0.0,0.0,0.0
2003-08-31,0.0,0.0,0.0,0.0,0.0
2003-09-01,0.0,0.0,0.0,0.0,0.0
2003-09-02,0.0,0.0,0.0,0.0,0.0
2003-09-03,0.0,0.0,0.0,0.0,0.0
2003-09-04,0.0,0.0,0.0,0.0,0.0
2003-09-05,0.0,0.0,0.0,0.0,0.0
2003-09-06,0.0,0.0,0.0,0.0,0.0
2003-09-07,0.0,0.0,0.0,0.0,0.0
2003-09-08,0.0,0.0,0.0,0.0,0.0
2003-09-09,0.0,0.0,0.0,0.0,0.0
2003-09-10,0.0,0.0,0.0,0.0,0.0
2003-09-11,0.0,0.0,0.0,0.0,0.0
2003-09-12,0.0,0.0,0.0,0.0,0.0
2003-09-13,0.0,0.0,0.0,0.0,0.0
2003-09-14,0.0,0.0,0.0,0.0,0.0
2003-09-15,0.0,0.0,0.0,0.0,0.0
2003-09-16,0.0,0.0,0.0,0.0,0.0
2003-09-17,0.0,0.0,0.0,0.0,0.0
2003-09-18,0.0,0.0,0.0,0.0,0.0
2003-09-19,0.0,0.0,0.0,0.0,0.0
2003-09-20,0.0,0.0,0.0,0.0,0.0
2003-09-21,0.0,0.0,0.0,0.0,0.0
2003-09-22,0.0,0.0,0.0,0.0,0.0
2003-09-23,0.0,0.0,0.0,0.0,0.0
2003-09-24,0.0,0.0,0.0,0.0,0.0
2003-09-25,0.0,0.0,0.0,0.0,0.0
2003-09-26,0.0,0.0,0.0,0.0,0.0
2003-09-27,0.0,0.0,0.0,0.0,0.0
2003-09-28,0.0,0.0,0.0,0.0,0.0
2003-09-29,0.0,0.0,0.0,0.0,0.0
2003-09-30,0.0,0.0,0.0,0.0,0.0
2003-10-01,0.0,0.0,0.0,0.0,0.0
2003-10-02,0.0,0.0,0.0,0.0,0.0
2003-10-03,0.0,0.0,0.0,0.0,0.0
2003-10-04,0.0,0.0,0.0,0.0,0.0
2003-10-05,0.0,0.0,0.0,0.0,0.0
2003-10-06,0.0,0.0,0.0,0.0,0.0
2003-10-07,0.0,0.0,0.0,0.0,0.0
2003-10-08,0.0,0.0,0.0,0.0,0.0
2003-10-09,0.0,0.0,0.0,0.0,0.0
2003-10-10,0.0,0.0,0.0,0.0,0.0
2003-10-11,0.0,0.0,0.0,0.0,0.0
2003-10-12,0.0,0.0,0.0,0.0,0.0
2003-10-13,0.0,0.0,0.0,0.0,0.0
2003-10-14,0.0,0.0,0.0,0.0,0.0
2003-10-15,0.0,0.0,0.0,0.0,0.0
2003-10-16,0.0,0.0,0.0,0.0,0.0
2003-10-17,0.0,0.0,0.0,0.0,0.0
2003-10-18,0.0,0.0,0.0,0.0,0.0
2003-10-19,0.0,0.0,0.0,0.0,0.0
2003-10-20,0.0,0.0,0.0,0.0,0.0
2003-10-21,0.0,0.0,0.0,0.0,0.0
2003-10-22,0.0,0.0,0.0,0.0,0.0
2003-10-23,0.0,0.0,0.0,0.0,0.0
2003-10-24,0.0,0.0,0.0,0.0,0.0
2003-10-25,0.0,0.0,0.0,0.0,0.0
2003-10-26,0.0,0.0,0.0,0.0,0.0
2003-10-27,0.0,0.0,0.0,0.0,0.0
2003-10-28,0.0,0.0,0.0,0.0,0.0
2003-10-29,0.0,0.0,0.0,0.0,0.0
2003-10-30,0.0,0.0,0.0,0.0,0.0
2003-10-31,0.0,0.0,0.0,0.0,0.0
2003-11-01,0.0,0.0,0.0,0.0,0.0
2003-11-02,0.0,0.0,0.0,0.0,0.0
2003-11-03,1.499,417.77,19.81,171.85,226.11
2003-11-04,0.105,267.34,18.06,103.8,145.48
2003-11-05,0.005,79.11,17.85,0.0,61.26
2003-11-06,0.001,20.13,16.38,0.0,3.75
2003-11-07,0.303,79.83,15.63,27.72,36.48
2003-11-08,1.014,208.26,14.7,83.59,109.98
2003-11-09,3.727,410.54,22.27,167.66,220.6
2003-11-10,1.453,302.31,16.66,123.35,162.3
2003-11-11,0.087,198.97,17.92,74.69,106.36
2003-11-12,0.009,38.41,16.76,0.0,21.66
2003-11-13,0.005,17.19,16.01,0.0,1.18
2003-11-14,0.004,16.78,15.94,0.0,0.83
2003-11-15,0.905,107.02,15.52,39.51,51.99
2003-11-16,0.126,88.79,18.01,29.83,40.95
2003-11-17,0.009,30.39,17.19,0.0,13.2
2003-11-18,0.003,17.13,16.06,0.0,1.07
2003-11-19,0.003,16.79,15.97,0.0,0.82
2003-11-20,0.002,16.78,15.97,0.0,0.81
2003-11-21,0.002,16.8,16.0,0.0,0.8
2003-11-22,0.001,16.74,15.94,0.0,0.8
2003-11-23,0.001,16.74,15.94,0.0,0.8
2003-11-24,0.001,16.73,15.93,0.0,0.8
2003-11-25,0.001,16.76,15.97,0.0,0.8
2003-11-26,0.001,16.73,15.93,0.0,0.8
2003-11-27,0.001,16.82,16.03,0.0,0.79
2003-11-28,0.001,16.77,15.96,0.0,0.81
2003-11-29,0.0,16.94,16.16,0.0,0.78
2003-11-30,1.17,102.55,14.74,37.91,49.89
2003-12-01,1.814,103.96,15.83,38.06,50.07
2003-12-02,1.601,113.31,16.46,41.82,55.03
2003-12-03,0.121,106.18,17.98,37.14,51.06
2003-12-04,0.009,31.68,17.08,0.0,14.6
2003-12-05,1.303,130.39,15.6,49.57,65.22
2003-12-06,3.353,384.61,25.21,155.19,204.2
2003-12-07,2.888,350.03,19.63,142.67,187.73
2003-12-08,0.229,261.76,17.94,105.2,138.63
2003-12-09,0.139,8.32,2.4,0.2,5.71
2003-12-10,2.944,199.73,16.44,79.14,104.14
2003-12-11,3.184,333.72,20.84,135.11,177.77
2003-12-12,0.276,199.21,17.9,78.29,103.01
2003-12-13,0.028,49.8,16.77,7.04,25.99
2003-12-14,3.388,394.0,21.74,160.75,211.51
2003-12-15,0.196,249.17,17.81,99.8,131.57
2003-12-16,0.025,44.06,16.54,1.15,26.37
2003-12-17,0.015,17.77,16.08,0.0,1.69
2003-12-18,0.01,17.21,16.3,0.0,0.91
2003-12-19,0.808,150.29,14.48,58.61,77.2
2003-12-20,1.797,114.38,14.14,43.28,56.96
2003-12-21,2.166,151.17,19.31,56.94,74.92
2003-12-22,0.14,96.31,17.73,33.53,45.06
2003-12-23,1.477,106.11,15.52,39.07,51.52
2003-12-24,2.804,238.26,19.5,94.47,124.3
2003-12-25,1.047,104.33,16.27,38.03,50.03
2003-12-26,0.157,59.88,17.7,18.11,24.07
2003-12-27,0.032,20.12,16.18,0.06,3.88
2003-12-28,0.024,17.27,16.09,0.01,1.18
2003-12-29,10.309,432.71,33.01,164.01,235.7
2003-12-30,3.526,262.12,20.37,101.89,139.86
2003-12-31,0.353,143.34,17.31,53.99,72.05
2004-01-01,12.125,553.18,35.29,210.23,307.66
2004-01-02,2.249,138.45,16.53,49.5,72.41
2004-01-03,0.642,67.13,17.14,21.32,28.67
2004-01-04,0.258,21.07,16.05,2.15,2.87
2004-01-05,0.207,18.04,15.95,0.9,1.19
2004-01-06,0.178,17.93,15.92,0.86,1.14
2004-01-07,0.158,17.9,15.9,0.86,1.14
2004-01-08,0.138,17.94,15.94,0.86,1.14
2004-01-09,0.143,18.72,15.61,1.35,1.77
2004-01-10,0.219,25.09,15.98,3.94,5.18
2004-01-11,0.109,18.47,16.03,1.06,1.39
2004-01-12,0.092,17.92,15.91,0.87,1.14
2004-01-13,0.081,17.92,15.92,0.86,1.14
2004-01-14,0.073,17.91,15.91,0.86,1.14
2004-01-15,0.063,17.78,15.93,0.71,1.14
2004-01-16,0.056,17.61,15.92,0.56,1.14
2004-01-17,0.048,17.49,15.93,0.42,1.14
2004-01-18,0.041,17.22,15.96,0.13,1.13
2004-01-19,0.036,17.09,15.92,0.04,1.13
2004-01-20,0.031,17.06,15.92,0.02,1.12
2004-01-21,0.026,17.07,15.96,0.01,1.1
2004-01-22,0.023,16.97,15.89,0.01,1.07
2004-01-23,0.021,16.96,15.91,0.01,1.05
2004-01-24,0.048,21.68,15.03,2.46,4.18
2004-01-25,0.438,107.88,15.77,39.76,52.35
2004-01-26,0.048,55.46,17.16,14.94,23.36
2004-01-27,0.018,18.29,16.03,0.0,2.26
2004-01-28,0.016,16.89,15.89,0.0,1.0
2004-01-29,0.015,16.82,15.86,0.0,0.96
2004-01-30,0.012,17.29,16.33,0.0,0.95
2004-01-31,0.007,16.56,15.71,0.0,0.85
2004-02-01,0.009,16.7,15.79,0.0,0.9
2004-02-02,3.497,399.96,22.6,162.95,214.41
2004-02-03,2.608,168.51,17.75,65.1,85.66
2004-02-04,0.259,94.15,17.39,33.15,43.61
2004-02-05,0.079,24.29,16.12,3.51,4.66
2004-02-06,0.062,17.97,15.97,0.75,1.25
2004-02-07,0.051,17.57,15.94,0.5,1.14
2004-02-08,0.045,17.4,15.92,0.35,1.14
2004-02-09,0.037,17.23,16.0,0.1,1.13
2004-02-10,0.03,17.02,15.89,0.02,1.11
2004-02-11,0.028,17.03,15.92,0.02,1.1
2004-02-12,0.024,17.03,15.94,0.01,1.08
2004-02-13,0.02,17.09,16.04,0.01,1.05
2004-02-14,0.016,16.87,15.88,0.0,0.98
2004-02-15,0.015,16.9,15.92,0.0,0.98
2004-02-16,4.97,213.47,21.83,82.76,108.89
2004-02-17,1.651,98.53,15.66,35.78,47.09
2004-02-18,7.462,494.97,29.81,193.59,271.57
2004-02-19,0.486,160.06,17.0,59.06,84.0
2004-02-20,0.228,25.67,16.0,4.03,5.64
2004-02-21,0.194,18.15,15.92,0.96,1.27
2004-02-22,0.422,48.27,15.69,14.07,18.51
2004-02-23,0.179,25.31,16.31,3.88,5.11
2004-02-24,0.132,18.16,15.92,0.97,1.27
2004-02-25,9.533,494.39,29.94,192.74,271.71
2004-02-26,3.929,369.32,22.38,148.91,198.03
2004-02-27,1.185,88.86,16.32,31.28,41.27
2004-02-28,0.445,26.24,16.16,4.35,5.73
2004-02-29,0.338,18.23,15.96,0.98,1.29
2004-03-01,0.289,17.93,15.93,0.87,1.14
2004-03-02,0.239,17.97,15.97,0.86,1.14
2004-03-03,0.201,17.94,15.94,0.86,1.14
2004-03-04,0.167,17.97,15.97,0.86,1.14
2004-03-05,0.143,17.93,15.93,0.86,1.14
2004-03-06,0.117,17.97,15.97,0.86,1.14
2004-03-07,0.093,17.99,16.0,0.86,1.14
2004-03-08,0.073,17.85,15.99,0.73,1.14
2004-03-09,0.061,17.69,15.96,0.59,1.14
2004-03-10,0.048,17.61,16.0,0.47,1.13
2004-03-11,0.04,17.33,15.96,0.24,1.13
2004-03-12,0.033,17.14,15.97,0.05,1.12
2004-03-13,0.026,17.1,15.99,0.02,1.09
2004-03-14,0.021,17.13,16.06,0.01,1.06
2004-03-15,0.016,17.0,16.0,0.0,0.99
2004-03-16,0.012,16.95,16.0,0.0,0.95
2004-03-17,0.01,16.92,16.01,0.0,0.91
2004-03-18,0.007,17.21,16.33,0.0,0.88
2004-03-19,0.004,16.55,15.74,0.0,0.81
2004-03-20,0.003,17.11,16.28,0.0,0.83
2004-03-21,0.001,17.36,16.61,0.0,0.75
2004-03-22,0.0,17.54,16.98,0.0,0.57
2004-03-23,0.0,17.29,16.52,0.0,0.77
2004-03-24,0.0,18.27,18.08,0.0,0.19
2004-03-25,1.561,416.44,18.48,171.85,226.11
2004-03-26,0.732,293.37,18.0,118.91,156.46
2004-03-27,0.346,83.73,15.89,29.3,38.55
2004-03-28,0.04,41.72,17.08,9.28,15.37
2004-03-29,0.016,17.78,16.13,0.0,1.64
2004-03-30,0.011,17.06,16.12,0.0,0.94
2004-03-31,0.008,16.81,15.93,0.0,0.88
2004-04-01,0.006,17.18,16.3,0.0,0.88
2004-04-02,0.001,17.04,16.35,0.0,0.69
2004-04-03,0.001,17.1,16.27,0.0,0.83
2004-04-04,0.001,17.02,16.26,0.0,0.76
2004-04-05,0.0,17.48,16.87,0.0,0.61
2004-04-06,0.0,17.39,16.7,0.0,0.69
2004-04-07,0.0,18.25,18.08,0.0,0.18
2004-04-08,0.0,18.1,18.08,0.0,0.03
2004-04-09,0.0,0.0,0.0,0.0,0.0
2004-04-10,0.0,0.0,0.0,0.0,0.0
2004-04-11,0.0,0.0,0.0,0.0,0.0
2004-04-12,0.0,0.0,0.0,0.0,0.0
2004-04-13,0.0,0.0,0.0,0.0,0.0
2004-04-14,0.0,0.0,0.0,0.0,0.0
2004-04-15,0.0,0.0,0.0,0.0,0.0
2004-04-16,0.0,0.0,0.0,0.0,0.0
2004-04-17,0.0,0.0,0.0,0.0,0.0
2004-04-18,0.0,0.0,0.0,0.0,0.0
2004-04-19,0.0,0.0,0.0,0.0,0.0
2004-04-20,0.0,0.0,0.0,0.0,0.0
2004-04-21,0.0,0.0,0.0,0.0,0.0
2004-04-22,0.0,0.0,0.0,0.0,0.0
2004-04-23,0.0,0.0,0.0,0.0,0.0
2004-04-24,0.0,0.0,0.0,0.0,0.0
2004-04-25,0.0,0.0,0.0,0.0,0.0
2004-04-26,0.0,0.0,0.0,0.0,0.0
2004-04-27,0.0,0.0,0.0,0.0,0.0
2004-04-28,0.0,0.0,0.0,0.0,0.0
2004-04-29,0.0,0.0,0.0,0.0,0.0
2004-04-30,0.0,0.0,0.0,0.0,0.0
2004-05-01,0.0,0.0,0.0,0.0,0.0
2004-05-02,0.0,0.0,0.0,0.0,0.0
2004-05-03,0.0,0.0,0.0,0.0,0.0
2004-05-04,0.0,0.0,0.0,0.0,0.0
2004-05-05,0.0,0.0,0.0,0.0,0.0
2004-05-06,0.0,0.0,0.0,0.0,0.0
2004-05-07,0.0,0.0,0.0,0.0,0.0
2004-05-08,0.0,0.0,0.0,0.0,0.0
2004-05-09,0.0,0.0,0.0,0.0,0.0
2004-05-10,0.0,0.0,0.0,0.0,0.0
2004-05-11,0.0,0.0,0.0,0.0,0.0
2004-05-12,0.0,0.0,0.0,0.0,0.0
2004-05-13,0.0,0.0,0.0,0.0,0.0
2004-05-14,0.0,0.0,0.0,0.0,0.0
2004-05-15,0.0,0.0,0.0,0.0,0.0
2004-05-16,0.0,0.0,0.0,0.0,0.0
2004-05-17,0.0,0.0,0.0,0.0,0.0
2004-05-18,0.0,0.0,0.0,0.0,0.0
2004-05-19,0.0,0.0,0.0,0.0,0.0
2004-05-20,0.0,0.0,0.0,0.0,0.0
2004-05-21,0.0,0.0,0.0,0.0,0.0
2004-05-22,0.0,0.0,0.0,0.0,0.0
2004-05-23,0.0,0.0,0.0,0.0,0.0
2004-05-24,0.0,0.0,0.0,0.0,0.0
2004-05-25,0.0,0.0,0.0,0.0,0.0
2004-05-26,0.0,0.0,0.0,0.0,0.0
2004-05-27,0.0,0.0,0.0,0.0,0.0
2004-05-28,0.0,0.0,0.0,0.0,0.0
2004-05-29,0.0,0.0,0.0,0.0,0.0
2004-05-30,0.0,0.0,0.0,0.0,0.0
2004-05-31,0.0,0.0,0.0,0.0,0.0
2004-06-01,0.0,0.0,0.0,0.0,0.0
2004-06-02,0.0,0.0,0.0,0.0,0.0
2004-06-03,0.0,0.0,0.0,0.0,0.0
2004-06-04,0.0,0.0,0.0,0.0,0.0
2004-06-05,0.0,0.0,0.0,0.0,0.0
2004-06-06,0.0,0.0,0.0,0.0,0.0
2004-06-07,0.0,0.0,0.0,0.0,0.0
2004-06-08,0.0,0.0,0.0,0.0,0.0
2004-06-09,0.0,0.0,0.0,0.0,0.0
2004-06-10,0.0,0.0,0.0,0.0,0.0
2004-06-11,0.0,0.0,0.0,0.0,0.0
2004-06-12,0.0,0.0,0.0,0.0,0.0
2004-06-13,0.0,0.0,0.0,0.0,0.0
2004-06-14,0.0,0.0,0.0,0.0,0.0
2004-06-15,0.0,0.0,0.0,0.0,0.0
2004-06-16,0.0,0.0,0.0,0.0,0.0
2004-06-17,0.0,0.0,0.0,0.0,0.0
2004-06-18,0.0,0.0,0.0,0.0,0.0
2004-06-19,0.0,0.0,0.0,0.0,0.0
2004-06-20,0.0,0.0,0.0,0.0,0.0
2004-06-21,0.0,0.0,0.0,0.0,0.0
2004-06-22,0.0,0.0,0.0,0.0,0.0
2004-06-23,0.0,0.0,0.0,0.0,0.0
2004-06-24,0.0,0.0,0.0,0.0,0.0
2004-06-25,0.0,0.0,0.0,0.0,0.0
2004-06-26,0.0,0.0,0.0,0.0,0.0
2004-06-27,0.0,0.0,0.0,0.0,0.0
2004-06-28,0.0,0.0,0.0,0.0,0.0
2004-06-29,0.0,0.0,0.0,0.0,0.0
2004-06-30,0.0,0.0,0.0,0.0,0.0
2004-07-01,0.0,0.0,0.0,0.0,0.0
2004-07-02,0.0,0.0,0.0,0.0,0.0
2004-07-03,0.0,0.0,0.0,0.0,0.0
2004-07-04,0.0,0.0,0.0,0.0,0.0
2004-07-05,0.0,0.0,0.0,0.0,0.0
2004-07-06,0.0,0.0,0.0,0.0,0.0
2004-07-07,0.0,0.0,0.0,0.0,0.0
2004-07-08,0.0,0.0,0.0,0.0,0.0
2004-07-09,0.0,0.0,0.0,0.0,0.0
2004-07-10,0.0,0.0,0.0,0.0,0.0
2004-07-11,0.0,0.0,0.0,0.0,0.0
2004-07-12,0.0,0.0,0.0,0.0,0.0
2004-07-13,0.0,0.0,0.0,0.0,0.0
2004-07-14,0.0,0.0,0.0,0.0,0.0
2004-07-15,0.0,0.0,0.0,0.0,0.0
2004-07-16,0.0,0.0,0.0,0.0,0.0
2004-07-17,0.0,0.0,0.0,0.0,0.0
2004-07-18,0.0,0.0,0.0,0.0,0.0
2004-07-19,0.0,0.0,0.0,0.0,0.0
2004-07-20,0.0,0.0,0.0,0.0,0.0
2004-07-21,0.0,0.0,0.0,0.0,0.0
2004-07-22,0.0,0.0,0.0,0.0,0.0
2004-07-23,0.0,0.0,0.0,0.0,0.0
2004-07-24,0.0,0.0,0.0,0.0,0.0
2004-07-25,0.0,0.0,0.0,0.0,0.0
2004-07-26,0.0,0.0,0.0,0.0,0.0
2004-07-27,0.0,0.0,0.0,0.0,0.0
2004-07-28,0.0,0.0,0.0,0.0,0.0
2004-07-29,0.0,0.0,0.0,0.0,0.0
2004-07-30,0.0,0.0,0.0,0.0,0.0
2004-07-31,0.0,0.0,0.0,0.0,0.0
2004-08-01,0.0,0.0,0.0,0.0,0.0
2004-08-02,0.0,0.0,0.0,0.0,0.0
2004-08-03,0.0,0.0,0.0,0.0,0.0
2004-08-04,0.0,0.0,0.0,0.0,0.0
2004-08-05,0.0,0.0,0.0,0.0,0.0
2004-08-06,0.0,0.0,0.0,0.0,0.0
2004-08-07,0.0,0.0,0.0,0.0,0.0
2004-08-08,0.0,0.0,0.0,0.0,0.0
2004-08-09,0.0,0.0,0.0,0.0,0.0
2004-08-10,0.0,0.0,0.0,0.0,0.0
2004-08-11,0.0,0.0,0.0,0.0,0.0
2004-08-12,0.0,0.0,0.0,0.0,0.0
2004-08-13,0.0,0.0,0.0,0.0,0.0
2004-08-14,0.0,0.0,0.0,0.0,0.0
2004-08-15,0.0,0.0,0.0,0.0,0.0
2004-08-16,0.0,0.0,0.0,0.0,0.0
2004-08-17,0.0,0.0,0.0,0.0,0.0
2004-08-18,0.0,0.0,0.0,0.0,0.0
2004-08-19,0.0,0.0,0.0,0.0,0.0
2004-08-20,0.0,0.0,0.0,0.0,0.0
2004-08-21,0.0,0.0,0.0,0.0,0.0
2004-08-22,0.0,0.0,0.0,0.0,0.0
2004-08-23,0.0,0.0,0.0,0.0,0.0
2004-08-24,0.0,0.0,0.0,0.0,0.0
2004-08-25,0.0,0.0,0.0,0.0,0.0
2004-08-26,0.0,0.0,0.0,0.0,0.0
2004-08-27,0.0,0.0,0.0,0.0,0.0
2004-08-28,0.0,0.0,0.0,0.0,0.0
2004-08-29,0.0,0.0,0.0,0.0,0.0
2004-08-30,0.0,0.0,0.0,0.0,0.0
2004-08-31,0.0,0.0,0.0,0.0,0.0
2004-09-01,0.0,0.0,0.0,0.0,0.0
2004-09-02,0.0,0.0,0.0,0.0,0.0
2004-09-03,0.0,0.0,0.0,0.0,0.0
2004-09-04,0.0,0.0,0.0,0.0,0.0
2004-09-05,0.0,0.0,0.0,0.0,0.0
2004-09-06,0.0,0.0,0.0,0.0,0.0
2004-09-07,0.0,0.0,0.0,0.0,0.0
2004-09-08,0.0,0.0,0.0,0.0,0.0
2004-09-09,0.0,0.0,0.0,0.0,0.0
2004-09-10,0.0,0.0,0.0,0.0,0.0
2004-09-11,0.0,0.0,0.0,0.0,0.0
2004-09-12,0.0,0.0,0.0,0.0,0.0
2004-09-13,0.0,0.0,0.0,0.0,0.0
2004-09-14,0.0,0.0,0.0,0.0,0.0
2004-09-15,0.0,0.0,0.0,0.0,0.0
2004-09-16,0.0,0.0,0.0,0.0,0.0
2004-09-17,0.0,0.0,0.0,0.0,0.0
2004-09-18,0.0,0.0,0.0,0.0,0.0
2004-09-19,0.325,94.19,17.23,33.23,43.73
2004-09-20,0.044,68.07,18.07,18.87,31.13
2004-09-21,0.002,28.61,18.03,0.0,10.58
2004-09-22,0.0,19.22,17.65,0.0,1.57
2004-09-23,0.0,17.17,16.52,0.0,0.65
2004-09-24,0.0,18.26,18.07,0.0,0.19
2004-09-25,0.0,18.11,18.08,0.0,0.03
2004-09-26,0.0,0.0,0.0,0.0,0.0
2004-09-27,0.0,0.0,0.0,0.0,0.0
2004-09-28,0.0,0.0,0.0,0.0,0.0
2004-09-29,0.0,0.0,0.0,0.0,0.0
2004-09-30,0.0,0.0,0.0,0.0,0.0
2004-10-01,0.0,0.0,0.0,0.0,0.0
2004-10-02,0.0,0.0,0.0,0.0,0.0
2004-10-03,0.0,0.0,0.0,0.0,0.0
2004-10-04,0.0,0.0,0.0,0.0,0.0
2004-10-05,0.0,0.0,0.0,0.0,0.0
2004-10-06,0.0,0.0,0.0,0.0,0.0
2004-10-07,0.0,0.0,0.0,0.0,0.0
2004-10-08,0.0,0.0,0.0,0.0,0.0
2004-10-09,0.0,0.0,0.0,0.0,0.0
2004-10-10,0.0,0.0,0.0,0.0,0.0
2004-10-11,0.0,0.0,0.0,0.0,0.0
2004-10-12,0.0,0.0,0.0,0.0,0.0
2004-10-13,0.0,0.0,0.0,0.0,0.0
2004-10-14,0.0,0.0,0.0,0.0,0.0
2004-10-15,0.0,0.0,0.0,0.0,0.0
2004-10-16,0.0,0.0,0.0,0.0,0.0
2004-10-17,0.0,0.0,0.0,0.0,0.0
2004-10-18,0.0,0.0,0.0,0.0,0.0
2004-10-19,6.015,185.62,22.53,70.43,92.67
2004-10-20,4.167,167.68,22.86,62.53,82.28
2004-10-21,0.201,121.87,17.97,44.64,59.26
2004-10-22,0.017,34.71,16.96,0.04,17.71
2004-10-23,0.17,85.96,13.55,31.2,41.21
2004-10-24,0.288,76.07,17.04,25.47,33.56
2004-10-25,0.025,35.1,17.49,4.85,12.76
2004-10-26,11.737,913.94,38.16,362.69,513.09
2004-10-27,0.3,367.13,17.88,140.41,208.84
2004-10-28,0.034,81.7,16.71,16.9,48.09
2004-10-29,0.018,18.88,16.06,0.0,2.82
2004-10-30,0.013,16.99,16.03,0.0,0.96
2004-10-31,0.009,16.93,16.05,0.0,0.88
2004-11-01,0.006,16.88,16.04,0.0,0.84
2004-11-02,0.005,16.85,16.02,0.0,0.83
2004-11-03,0.49,106.0,7.56,42.51,55.93
2004-11-04,2.306,184.0,18.9,71.29,93.8
2004-11-05,0.309,107.33,18.02,38.56,50.74
2004-11-06,0.02,40.49,17.32,2.98,20.19
2004-11-07,0.006,17.67,16.12,0.0,1.55
2004-11-08,0.005,16.94,16.1,0.0,0.84
2004-11-09,0.003,16.92,16.11,0.0,0.81
2004-11-10,0.184,58.49,15.37,18.62,24.5
2004-11-11,5.897,170.86,22.65,64.0,84.21
2004-11-12,0.965,112.97,17.55,41.21,54.22
2004-11-13,0.301,50.17,16.11,14.71,19.35
2004-11-14,0.035,28.88,17.14,4.0,7.74
2004-11-15,0.013,17.38,16.14,0.0,1.24
2004-11-16,0.01,16.85,15.96,0.0,0.89
2004-11-17,0.008,16.82,15.95,0.0,0.87
2004-11-18,0.006,16.86,16.01,0.0,0.86
2004-11-19,0.005,16.99,16.15,0.0,0.84
2004-11-20,0.002,17.29,16.49,0.0,0.79
2004-11-21,0.001,17.07,16.38,0.0,0.7
2004-11-22,0.001,16.74,15.93,0.0,0.8
2004-11-23,0.0,16.83,16.04,0.0,0.79
2004-11-24,0.0,16.84,16.05,0.0,0.79
2004-11-25,0.0,16.93,16.15,0.0,0.78
2004-11-26,0.0,16.89,16.1,0.0,0.79
2004-11-27,1.27,241.16,15.59,97.41,128.17
2004-11-28,0.135,183.48,18.02,69.9,95.56
2004-11-29,0.007,57.02,17.67,0.0,39.35
2004-11-30,0.001,18.75,16.38,0.0,2.37
2004-12-01,0.001,16.83,16.03,0.0,0.8
2004-12-02,0.001,16.92,16.14,0.0,0.78
2004-12-03,0.0,16.8,16.01,0.0,0.79
2004-12-04,0.0,16.82,16.02,0.0,0.79
2004-12-05,0.0,16.96,16.19,0.0,0.77
2004-12-06,0.09,0.02,0.02,0.0,0.0
2004-12-07,5.757,343.2,25.69,135.12,182.39
2004-12-08,13.402,391.64,34.33,141.92,215.39
2004-12-09,1.32,114.91,17.54,39.92,57.45
2004-12-10,0.134,43.18,16.84,10.84,15.51
2004-12-11,0.065,19.14,16.05,1.21,1.88
2004-12-12,0.052,17.65,15.96,0.52,1.16
2004-12-13,0.046,17.33,15.9,0.3,1.14
2004-12-14,0.04,17.16,15.95,0.08,1.13
2004-12-15,0.034,17.09,15.93,0.03,1.12
2004-12-16,0.029,17.11,15.99,0.02,1.11
2004-12-17,0.023,17.01,15.93,0.01,1.07
2004-12-18,0.021,16.98,15.93,0.01,1.04
2004-12-19,0.018,16.88,15.88,0.0,1.0
2004-12-20,0.018,16.87,15.87,0.0,0.99
2004-12-21,0.014,17.13,16.16,0.0,0.97
2004-12-22,0.006,17.01,16.19,0.0,0.82
2004-12-23,0.006,16.64,15.76,0.0,0.88
2004-12-24,0.007,16.78,15.89,0.0,0.89
2004-12-25,0.007,16.69,15.81,0.0,0.88
2004-12-26,0.006,17.46,16.59,0.0,0.86
2004-12-27,12.763,324.76,32.15,120.25,172.35
2004-12-28,3.934,116.66,19.01,41.33,56.32
2004-12-29,3.128,75.38,15.86,25.68,33.84
2004-12-30,6.012,153.44,21.51,56.97,74.96
2004-12-31,4.421,127.79,20.03,46.53,61.23
2005-01-01,2.818,75.94,17.02,25.44,33.48
2005-01-02,5.549,106.41,20.55,37.08,48.78
2005-01-03,3.006,71.49,18.22,23.01,30.27
2005-01-04,1.308,34.19,16.65,7.57,9.96
2005-01-05,0.55,19.1,16.07,1.31,1.72
2005-01-06,0.437,17.99,15.96,0.88,1.15
2005-01-07,2.328,61.61,15.28,20.01,26.32
2005-01-08,3.368,96.7,17.06,34.39,45.25
2005-01-09,2.188,67.26,16.42,21.96,28.89
2005-01-10,1.676,144.48,17.21,54.96,72.31
2005-01-11,5.989,499.53,25.84,201.9,271.79
2005-01-12,0.906,122.4,16.56,45.05,60.78
2005-01-13,0.54,22.46,16.01,2.76,3.69
2005-01-14,0.435,18.1,15.96,0.92,1.22
2005-01-15,0.356,17.97,15.97,0.87,1.14
2005-01-16,0.292,17.96,15.96,0.86,1.14
2005-01-17,0.243,17.95,15.95,0.86,1.14
2005-01-18,0.2,17.97,15.97,0.86,1.14
2005-01-19,0.161,17.97,15.98,0.86,1.14
2005-01-20,0.134,17.95,15.95,0.86,1.14
2005-01-21,0.111,17.96,15.96,0.86,1.14
2005-01-22,0.091,17.97,15.97,0.86,1.14
2005-01-23,0.073,17.96,15.98,0.85,1.14
2005-01-24,0.058,17.77,15.99,0.64,1.14
2005-01-25,0.051,17.49,15.9,0.45,1.14
2005-01-26,1.836,133.02,16.26,50.41,66.35
2005-01-27,0.413,74.57,15.2,25.63,33.73
2005-01-28,3.035,120.16,15.82,45.06,59.28
2005-01-29,0.741,69.05,17.34,22.33,29.38
2005-01-30,0.231,22.17,16.15,2.6,3.42
2005-01-31,0.177,18.09,15.96,0.92,1.21
2005-02-01,0.14,18.01,16.01,0.86,1.14
2005-02-02,0.111,17.96,15.97,0.86,1.13
2005-02-03,0.093,17.95,15.95,0.86,1.14
2005-02-04,0.077,17.97,15.97,0.86,1.14
2005-02-05,0.062,17.82,16.01,0.68,1.14
2005-02-06,0.046,17.67,16.07,0.46,1.13
2005-02-07,0.038,17.05,15.86,0.06,1.13
2005-02-08,0.033,17.14,15.98,0.03,1.12
2005-02-09,0.025,17.07,15.97,0.01,1.09
2005-02-10,0.021,17.08,16.02,0.01,1.06
2005-02-11,0.015,17.02,16.04,0.0,0.98
2005-02-12,0.013,16.87,15.92,0.0,0.94
2005-02-13,0.011,16.84,15.91,0.0,0.92
2005-02-14,1.028,117.73,14.46,44.59,58.68
2005-02-15,9.351,242.33,26.43,93.01,122.89
2005-02-16,4.429,180.05,22.08,68.2,89.77
2005-02-17,0.818,54.74,16.12,16.67,21.94
2005-02-18,4.446,195.02,20.94,75.17,98.91
2005-02-19,2.74,100.66,17.11,36.08,47.47
2005-02-20,2.19,71.53,16.73,23.66,31.14
2005-02-21,5.143,197.86,20.96,76.39,100.51
2005-02-22,1.527,115.97,16.85,42.8,56.32
2005-02-23,0.734,23.22,16.07,3.09,4.06
2005-02-24,0.562,18.16,15.99,0.94,1.23
2005-02-25,0.444,17.99,15.99,0.87,1.14
2005-02-26,0.349,17.99,16.0,0.86,1.14
2005-02-27,0.948,86.8,14.11,31.39,41.3
2005-02-28,2.718,307.75,19.03,124.68,164.05
2005-03-01,1.658,132.57,16.2,50.25,66.11
2005-03-02,3.345,191.06,20.07,73.84,97.15
2005-03-03,1.078,95.76,14.7,35.0,46.06
2005-03-04,5.969,180.9,23.61,67.92,89.37
2005-03-05,1.163,62.6,16.66,19.84,26.1
2005-03-06,0.625,20.14,16.06,1.76,2.32
2005-03-07,0.471,18.08,16.01,0.89,1.18
2005-03-08,0.359,18.02,16.02,0.86,1.14
2005-03-09,0.273,18.02,16.02,0.86,1.14
2005-03-10,0.204,18.03,16.04,0.86,1.14
2005-03-11,0.146,18.06,16.06,0.86,1.13
2005-03-12,0.109,18.04,16.04,0.86,1.14
2005-03-13,0.082,17.98,16.02,0.82,1.14
2005-03-14,0.052,17.93,16.2,0.6,1.13
2005-03-15,0.038,17.37,16.02,0.22,1.13
2005-03-16,0.027,17.29,16.16,0.02,1.1
2005-03-17,0.017,17.17,16.15,0.0,1.02
2005-03-18,0.162,23.75,9.25,6.23,8.28
2005-03-19,3.699,244.19,20.54,96.57,127.07
2005-03-20,0.47,127.46,17.15,47.64,62.68
2005-03-21,1.815,137.19,15.3,52.64,69.26
2005-03-22,9.084,186.94,25.72,69.62,91.6
2005-03-23,4.04,104.77,21.71,35.86,47.19
2005-03-24,1.046,25.52,16.25,4.0,5.26
2005-03-25,0.708,18.3,16.03,0.98,1.29
2005-03-26,0.541,18.01,16.0,0.87,1.14
2005-03-27,1.464,144.65,17.09,55.09,72.48
2005-03-28,2.161,122.89,16.91,45.76,60.22
2005-03-29,2.721,122.95,17.61,45.49,59.85
2005-03-30,0.694,41.13,16.51,10.63,13.99
2005-03-31,0.475,20.07,15.97,1.77,2.33
2005-04-01,0.341,18.11,16.0,0.91,1.2
2005-04-02,0.248,18.08,16.08,0.86,1.14
2005-04-03,2.224,286.33,20.76,114.68,150.89
2005-04-04,2.373,150.01,17.02,57.43,75.57
2005-04-05,0.978,52.33,16.92,15.29,20.12
2005-04-06,0.342,20.62,16.17,1.92,2.53
2005-04-07,0.242,18.1,16.01,0.9,1.18
2005-04-08,2.526,296.89,19.19,119.92,157.78
2005-04-09,0.562,135.32,16.98,51.1,67.24
2005-04-10,0.237,25.17,16.12,3.91,5.14
2005-04-11,0.165,18.32,16.07,0.97,1.28
2005-04-12,0.112,18.12,16.11,0.87,1.14
2005-04-13,0.076,17.97,16.1,0.73,1.14
2005-04-14,0.053,17.74,16.07,0.54,1.13
2005-04-15,0.038,17.47,16.06,0.28,1.12
2005-04-16,0.027,17.27,16.14,0.03,1.1
2005-04-17,0.018,17.21,16.16,0.01,1.04
2005-04-18,0.01,17.12,16.21,0.0,0.91
2005-04-19,0.005,17.09,16.25,0.0,0.84
2005-04-20,0.003,17.2,16.38,0.0,0.82
2005-04-21,0.001,17.16,16.45,0.0,0.71
2005-04-22,0.0,17.48,16.72,0.0,0.76
2005-04-23,0.0,14.93,14.51,0.0,0.42
2005-04-24,0.0,17.55,16.71,0.0,0.84
2005-04-25,0.0,18.24,18.08,0.0,0.17
2005-04-26,0.0,18.1,18.08,0.0,0.03
2005-04-27,0.0,0.0,0.0,0.0,0.0
2005-04-28,2.553,264.09,19.54,105.6,138.95
2005-04-29,0.26,140.49,17.49,53.11,69.88
2005-04-30,0.063,30.31,16.3,5.7,8.32
2005-05-01,0.042,17.76,16.01,0.34,1.4
2005-05-02,0.03,17.27,16.09,0.06,1.12
2005-05-03,0.022,17.15,16.07,0.01,1.08
2005-05-04,1.254,106.42,13.6,40.08,52.75
2005-05-05,4.272,283.99,22.75,112.81,148.43
2005-05-06,0.394,109.88,16.96,40.12,52.8
2005-05-07,0.176,23.28,16.08,3.11,4.09
2005-05-08,1.568,142.3,13.69,55.54,73.07
2005-05-09,3.956,251.5,23.8,98.33,129.38
2005-05-10,0.482,52.26,16.65,15.38,20.24
2005-05-11,0.271,19.55,16.03,1.52,2.0
2005-05-12,0.208,18.06,16.01,0.88,1.16
2005-05-13,0.16,18.0,16.0,0.86,1.14
2005-05-14,0.118,18.06,16.06,0.86,1.14
2005-05-15,0.097,17.9,15.9,0.86,1.14
2005-05-16,0.069,18.05,16.19,0.71,1.14
2005-05-17,0.058,17.51,15.86,0.52,1.14
2005-05-18,0.049,17.43,15.89,0.4,1.13
2005-05-19,2.07,164.51,16.93,63.72,83.85
2005-05-20,0.261,87.58,17.33,30.33,39.91
2005-05-21,0.077,23.84,16.25,3.11,4.47
2005-05-22,0.048,17.89,16.12,0.51,1.27
2005-05-23,0.035,17.29,15.98,0.2,1.12
2005-05-24,0.028,17.13,15.99,0.04,1.1
2005-05-25,0.021,17.14,16.06,0.01,1.07
2005-05-26,0.015,17.08,16.08,0.0,1.0
2005-05-27,0.01,17.14,16.22,0.0,0.92
2005-05-28,0.005,17.23,16.39,0.0,0.84
2005-05-29,0.002,17.01,16.21,0.0,0.8
2005-05-30,0.001,17.16,16.43,0.0,0.73
2005-05-31,0.0,17.11,16.42,0.0,0.69
2005-06-01,0.0,18.24,18.08,0.0,0.16
2005-06-02,0.0,18.1,18.08,0.0,0.03
2005-06-03,0.0,18.08,18.08,0.0,0.01
2005-06-04,0.0,0.0,0.0,0.0,0.0
2005-06-05,0.0,0.0,0.0,0.0,0.0
2005-06-06,0.0,0.0,0.0,0.0,0.0
2005-06-07,0.0,0.0,0.0,0.0,0.0
2005-06-08,0.0,0.0,0.0,0.0,0.0
2005-06-09,0.866,74.26,15.98,25.17,33.11
2005-06-10,0.069,55.04,17.91,14.99,22.15
2005-06-11,0.006,22.49,17.14,0.0,5.35
2005-06-12,0.001,17.29,16.41,0.0,0.88
2005-06-13,0.0,17.37,16.73,0.0,0.64
2005-06-14,0.0,17.44,16.71,0.0,0.73
2005-06-15,0.0,17.12,16.5,0.0,0.63
2005-06-16,0.0,18.23,18.08,0.0,0.16
2005-06-17,0.0,18.1,18.08,0.0,0.03
2005-06-18,0.0,0.0,0.0,0.0,0.0
2005-06-19,0.0,0.0,0.0,0.0,0.0
2005-06-20,0.0,0.0,0.0,0.0,0.0
2005-06-21,0.0,0.0,0.0,0.0,0.0
2005-06-22,0.0,0.0,0.0,0.0,0.0
2005-06-23,0.0,0.0,0.0,0.0,0.0
2005-06-24,0.0,0.0,0.0,0.0,0.0
2005-06-25,0.0,0.0,0.0,0.0,0.0
2005-06-26,0.0,0.0,0.0,0.0,0.0
2005-06-27,0.0,0.0,0.0,0.0,0.0
2005-06-28,0.0,0.0,0.0,0.0,0.0
2005-06-29,0.0,0.0,0.0,0.0,0.0
2005-06-30,0.0,0.0,0.0,0.0,0.0
2005-07-01,0.0,0.0,0.0,0.0,0.0
2005-07-02,0.0,0.0,0.0,0.0,0.0
2005-07-03,0.0,0.0,0.0,0.0,0.0
2005-07-04,0.0,0.0,0.0,0.0,0.0
2005-07-05,0.0,0.0,0.0,0.0,0.0
2005-07-06,0.0,0.0,0.0,0.0,0.0
2005-07-07,0.0,0.0,0.0,0.0,0.0
2005-07-08,0.0,0.0,0.0,0.0,0.0
2005-07-09,0.0,0.0,0.0,0.0,0.0
2005-07-10,0.0,0.0,0.0,0.0,0.0
2005-07-11,0.0,0.0,0.0,0.0,0.0
2005-07-12,0.0,0.0,0.0,0.0,0.0
2005-07-13,0.0,0.0,0.0,0.0,0.0
2005-07-14,0.0,0.0,0.0,0.0,0.0
2005-07-15,0.0,0.0,0.0,0.0,0.0
2005-07-16,0.0,0.0,0.0,0.0,0.0
2005-07-17,0.0,0.0,0.0,0.0,0.0
2005-07-18,0.0,0.0,0.0,0.0,0.0
2005-07-19,0.0,0.0,0.0,0.0,0.0
2005-07-20,0.0,0.0,0.0,0.0,0.0
2005-07-21,0.0,0.0,0.0,0.0,0.0
2005-07-22,0.0,0.0,0.0,0.0,0.0
2005-07-23,0.0,0.0,0.0,0.0,0.0
2005-07-24,0.0,0.0,0.0,0.0,0.0
2005-07-25,0.0,0.0,0.0,0.0,0.0
2005-07-26,0.0,0.0,0.0,0.0,0.0
2005-07-27,0.0,0.0,0.0,0.0,0.0
2005-07-28,0.0,0.0,0.0,0.0,0.0
2005-07-29,0.0,0.0,0.0,0.0,0.0
2005-07-30,0.0,0.0,0.0,0.0,0.0
2005-07-31,0.0,0.0,0.0,0.0,0.0
2005-08-01,0.0,0.0,0.0,0.0,0.0
2005-08-02,0.0,0.0,0.0,0.0,0.0
2005-08-03,0.0,0.0,0.0,0.0,0.0
2005-08-04,0.0,0.0,0.0,0.0,0.0
2005-08-05,0.0,0.0,0.0,0.0,0.0
2005-08-06,0.0,0.0,0.0,0.0,0.0
2005-08-07,0.0,0.0,0.0,0.0,0.0
2005-08-08,0.0,0.0,0.0,0.0,0.0
2005-08-09,0.0,0.0,0.0,0.0,0.0
2005-08-10,0.0,0.0,0.0,0.0,0.0
2005-08-11,0.0,0.0,0.0,0.0,0.0
2005-08-12,0.0,0.0,0.0,0.0,0.0
2005-08-13,0.0,0.0,0.0,0.0,0.0
2005-08-14,0.0,0.0,0.0,0.0,0.0
2005-08-15,0.0,0.0,0.0,0.0,0.0
2005-08-16,0.0,0.0,0.0,0.0,0.0
2005-08-17,0.0,0.0,0.0,0.0,0.0
2005-08-18,0.0,0.0,0.0,0.0,0.0
2005-08-19,0.0,0.0,0.0,0.0,0.0
2005-08-20,0.0,0.0,0.0,0.0,0.0
2005-08-21,0.0,0.0,0.0,0.0,0.0
2005-08-22,0.0,0.0,0.0,0.0,0.0
2005-08-23,0.0,0.0,0.0,0.0,0.0
2005-08-24,0.0,0.0,0.0,0.0,0.0
2005-08-25,0.0,0.0,0.0,0.0,0.0
2005-08-26,0.0,0.0,0.0,0.0,0.0
2005-08-27,0.0,0.0,0.0,0.0,0.0
2005-08-28,0.0,0.0,0.0,0.0,0.0
2005-08-29,0.0,0.0,0.0,0.0,0.0
2005-08-30,0.0,0.0,0.0,0.0,0.0
2005-08-31,0.0,0.0,0.0,0.0,0.0
2005-09-01,0.0,0.0,0.0,0.0,0.0
2005-09-02,0.0,0.0,0.0,0.0,0.0
2005-09-03,0.0,0.0,0.0,0.0,0.0
2005-09-04,0.0,0.0,0.0,0.0,0.0
2005-09-05,0.0,0.0,0.0,0.0,0.0
2005-09-06,0.0,0.0,0.0,0.0,0.0
2005-09-07,0.0,0.0,0.0,0.0,0.0
2005-09-08,0.0,0.0,0.0,0.0,0.0
2005-09-09,0.0,0.0,0.0,0.0,0.0
2005-09-10,0.0,0.0,0.0,0.0,0.0
2005-09-11,0.0,0.0,0.0,0.0,0.0
2005-09-12,0.0,0.0,0.0,0.0,0.0
2005-09-13,0.0,0.0,0.0,0.0,0.0
2005-09-14,0.0,0.0,0.0,0.0,0.0
2005-09-15,0.0,0.0,0.0,0.0,0.0
2005-09-16,0.0,0.0,0.0,0.0,0.0
2005-09-17,0.0,0.0,0.0,0.0,0.0
2005-09-18,0.0,0.0,0.0,0.0,0.0
2005-09-19,0.0,0.0,0.0,0.0,0.0
2005-09-20,0.0,0.0,0.0,0.0,0.0
2005-09-21,0.0,0.0,0.0,0.0,0.0
2005-09-22,0.0,0.0,0.0,0.0,0.0
2005-09-23,0.0,0.0,0.0,0.0,0.0
2005-09-24,0.0,0.0,0.0,0.0,0.0
2005-09-25,0.0,0.0,0.0,0.0,0.0
2005-09-26,0.0,0.0,0.0,0.0,0.0
2005-09-27,0.0,0.0,0.0,0.0,0.0
2005-09-28,0.0,0.0,0.0,0.0,0.0
2005-09-29,0.0,0.0,0.0,0.0,0.0
2005-09-30,0.0,0.0,0.0,0.0,0.0
2005-10-01,0.0,0.0,0.0,0.0,0.0
2005-10-02,0.0,0.0,0.0,0.0,0.0
2005-10-03,0.0,0.0,0.0,0.0,0.0
2005-10-04,0.0,0.0,0.0,0.0,0.0
2005-10-05,0.0,0.0,0.0,0.0,0.0
2005-10-06,0.0,0.0,0.0,0.0,0.0
2005-10-07,0.0,0.0,0.0,0.0,0.0
2005-10-08,0.0,0.0,0.0,0.0,0.0
2005-10-09,0.0,0.0,0.0,0.0,0.0
2005-10-10,0.0,0.0,0.0,0.0,0.0
2005-10-11,0.0,0.0,0.0,0.0,0.0
2005-10-12,0.0,0.0,0.0,0.0,0.0
2005-10-13,0.0,0.0,0.0,0.0,0.0
2005-10-14,0.0,0.0,0.0,0.0,0.0
2005-10-15,0.0,0.0,0.0,0.0,0.0
2005-10-16,0.0,0.0,0.0,0.0,0.0
2005-10-17,0.0,0.0,0.0,0.0,0.0
2005-10-18,0.0,0.0,0.0,0.0,0.0
2005-10-19,0.0,0.0,0.0,0.0,0.0
2005-10-20,0.0,0.0,0.0,0.0,0.0
2005-10-21,0.0,0.0,0.0,0.0,0.0
2005-10-22,0.0,0.0,0.0,0.0,0.0
2005-10-23,0.0,0.0,0.0,0.0,0.0
2005-10-24,0.0,0.0,0.0,0.0,0.0
2005-10-25,0.0,0.0,0.0,0.0,0.0
2005-10-26,0.0,0.0,0.0,0.0,0.0
2005-10-27,0.0,0.0,0.0,0.0,0.0
2005-10-28,0.0,0.0,0.0,0.0,0.0
2005-10-29,0.0,0.0,0.0,0.0,0.0
2005-10-30,0.0,0.0,0.0,0.0,0.0
2005-10-31,0.0,0.0,0.0,0.0,0.0
2005-11-01,0.0,0.0,0.0,0.0,0.0
2005-11-02,0.0,0.0,0.0,0.0,0.0
2005-11-03,0.0,0.0,0.0,0.0,0.0
2005-11-04,0.0,0.0,0.0,0.0,0.0
2005-11-05,0.0,0.0,0.0,0.0,0.0
2005-11-06,0.0,0.0,0.0,0.0,0.0
2005-11-07,0.157,49.06,8.81,17.37,22.88
2005-11-08,3.195,179.91,19.74,69.17,91.01
2005-11-09,0.169,124.82,18.03,45.51,61.28
2005-11-10,0.009,44.02,17.64,0.0,26.38
2005-11-11,0.002,17.96,16.22,0.0,1.73
2005-11-12,0.001,16.76,15.95,0.0,0.81
2005-11-13,0.001,16.74,15.94,0.0,0.8
2005-11-14,0.001,16.75,15.95,0.0,0.8
2005-11-15,0.001,16.86,16.08,0.0,0.78
2005-11-16,0.001,16.66,15.86,0.0,0.8
2005-11-17,0.001,16.77,15.96,0.0,0.8
2005-11-18,0.0,16.71,15.91,0.0,0.8
2005-11-19,0.0,16.72,15.92,0.0,0.8
2005-11-20,0.0,16.71,15.91,0.0,0.8
2005-11-21,0.0,16.72,15.92,0.0,0.8
2005-11-22,0.0,16.72,15.92,0.0,0.8
2005-11-23,0.0,16.73,15.93,0.0,0.8
2005-11-24,0.0,16.92,16.12,0.0,0.8
2005-11-25,0.755,120.79,15.44,45.49,59.86
2005-11-26,0.128,102.86,18.07,35.71,49.09
2005-11-27,0.006,39.93,17.86,0.0,22.07
2005-11-28,0.74,228.88,13.17,93.15,122.56
2005-11-29,2.869,129.87,16.67,48.88,64.32
2005-11-30,0.296,84.84,18.03,28.85,37.97
2005-12-01,7.731,313.8,26.92,123.69,163.19
2005-12-02,2.559,224.21,17.82,89.1,117.28
2005-12-03,0.262,199.78,17.92,78.52,103.33
2005-12-04,0.025,49.03,16.84,4.11,28.08
2005-12-05,0.012,17.85,16.04,0.0,1.81
2005-12-06,0.01,16.88,15.97,0.0,0.9
2005-12-07,0.007,16.89,16.04,0.0,0.86
2005-12-08,0.005,16.84,16.0,0.0,0.84
2005-12-09,0.004,16.81,15.98,0.0,0.83
2005-12-10,0.004,16.8,15.98,0.0,0.82
2005-12-11,0.003,16.79,15.98,0.0,0.81
2005-12-12,0.002,16.78,15.97,0.0,0.81
2005-12-13,0.002,16.78,15.97,0.0,0.81
2005-12-14,0.001,16.79,15.99,0.0,0.8
2005-12-15,0.001,16.79,15.99,0.0,0.8
2005-12-16,0.001,16.77,15.97,0.0,0.8
2005-12-17,0.658,56.99,6.59,21.74,28.67
2005-12-18,20.765,541.94,40.13,201.24,300.58
2005-12-19,3.415,197.06,20.75,73.94,102.37
2005-12-20,0.757,57.02,16.67,17.25,23.1
2005-12-21,3.007,185.48,17.02,72.74,95.71
2005-12-22,8.666,533.23,29.83,209.69,293.71
2005-12-23,1.25,279.02,17.53,107.14,154.35
2005-12-24,0.193,62.21,16.58,18.75,26.88
2005-12-25,1.491,87.88,13.57,32.09,42.23
2005-12-26,5.446,367.3,22.95,148.69,195.65
2005-12-27,1.433,248.08,16.19,100.13,131.75
2005-12-28,5.531,280.56,25.0,110.36,145.21
2005-12-29,0.592,104.39,17.1,37.69,49.6
2005-12-30,1.567,129.19,14.85,49.38,64.97
2005-12-31,22.32,693.67,45.04,265.48,383.15
2006-01-01,2.103,149.7,16.44,54.61,78.66
2006-01-02,10.543,293.52,30.89,106.8,155.83
2006-01-03,1.866,99.06,16.61,32.22,50.23
2006-01-04,1.721,80.93,15.91,27.98,37.04
2006-01-05,0.891,24.82,16.09,3.76,4.96
2006-01-06,0.684,18.2,15.98,0.96,1.26
2006-01-07,0.771,29.02,15.8,5.71,7.51
2006-01-08,0.555,20.69,16.08,1.99,2.62
2006-01-09,0.397,18.08,15.99,0.9,1.19
2006-01-10,0.326,17.96,15.96,0.86,1.14
2006-01-11,0.271,17.95,15.96,0.86,1.14
2006-01-12,0.22,17.98,15.98,0.86,1.14
2006-01-13,0.184,17.95,15.95,0.86,1.14
2006-01-14,3.472,161.17,20.07,60.93,80.17
2006-01-15,0.747,77.01,17.14,25.85,34.02
2006-01-16,0.292,21.83,16.08,2.48,3.27
2006-01-17,0.225,18.1,15.98,0.92,1.21
2006-01-18,2.255,92.67,15.4,33.37,43.9
2006-01-19,1.228,51.7,16.78,15.08,19.84
2006-01-20,0.333,22.2,16.27,2.56,3.37
2006-01-21,0.239,18.1,15.97,0.92,1.21
2006-01-22,0.187,18.02,16.02,0.87,1.14
2006-01-23,0.147,17.95,15.96,0.86,1.13
2006-01-24,0.123,17.96,15.96,0.86,1.14
2006-01-25,0.101,17.98,15.98,0.86,1.14
2006-01-26,0.078,18.03,16.03,0.86,1.14
2006-01-27,0.064,17.79,15.91,0.74,1.13
2006-01-28,0.126,30.79,12.05,8.06,10.68
2006-01-29,0.397,54.85,16.92,16.38,21.56
2006-01-30,1.882,188.74,17.42,73.98,97.34
2006-01-31,0.614,130.36,17.53,48.73,64.11
2006-02-01,0.984,88.2,14.24,31.94,42.02
2006-02-02,1.766,71.26,16.55,23.63,31.09
2006-02-03,0.348,31.52,16.69,6.4,8.42
2006-02-04,0.221,19.26,15.94,1.43,1.89
2006-02-05,0.152,18.23,16.08,0.93,1.22
2006-02-06,0.116,17.98,15.97,0.86,1.14
2006-02-07,0.094,17.97,15.97,0.86,1.14
2006-02-08,0.076,17.92,16.0,0.78,1.14
2006-02-09,0.059,17.73,15.99,0.6,1.14
2006-02-10,0.05,17.56,15.95,0.47,1.14
2006-02-11,0.042,17.32,15.96,0.23,1.13
2006-02-12,0.034,17.13,15.97,0.04,1.12
2006-02-13,0.026,17.12,16.01,0.01,1.1
2006-02-14,0.019,17.45,16.38,0.01,1.07
2006-02-15,0.008,16.78,15.93,0.0,0.85
2006-02-16,0.009,16.94,16.03,0.0,0.92
2006-02-17,0.006,16.76,15.91,0.0,0.85
2006-02-18,0.005,16.72,15.87,0.0,0.85
2006-02-19,0.004,16.82,15.98,0.0,0.84
2006-02-20,0.004,16.61,15.76,0.0,0.85
2006-02-21,0.004,16.8,15.94,0.0,0.85
2006-02-22,0.003,16.93,16.11,0.0,0.83
2006-02-23,0.002,17.09,16.28,0.0,0.81
2006-02-24,0.001,17.07,16.32,0.0,0.76
2006-02-25,0.0,16.91,16.14,0.0,0.77
2006-02-26,0.521,143.29,14.15,55.77,73.38
2006-02-27,6.306,270.66,24.84,104.91,140.9
2006-02-28,4.949,206.91,21.93,79.26,105.72
2006-03-01,0.763,76.43,16.69,25.75,33.99
2006-03-02,2.506,215.7,17.43,85.62,112.65
2006-03-03,4.869,217.18,22.39,84.11,110.67
2006-03-04,0.829,52.74,16.52,15.64,20.58
2006-03-05,3.224,201.5,21.47,77.74,102.29
2006-03-06,9.256,332.47,29.2,129.76,173.51
2006-03-07,2.955,140.07,16.73,52.61,70.74
2006-03-08,1.136,30.54,16.29,6.11,8.14
2006-03-09,0.757,18.5,16.04,1.06,1.4
2006-03-10,0.587,17.99,15.98,0.87,1.14
2006-03-11,0.503,18.22,15.21,1.3,1.71
2006-03-12,2.695,167.89,18.73,64.41,84.75
2006-03-13,1.108,108.94,17.06,39.68,52.21
2006-03-14,6.165,284.02,23.4,112.14,148.49
2006-03-15,1.316,78.46,16.86,26.52,35.08
2006-03-16,2.419,270.02,20.71,107.66,141.66
2006-03-17,5.533,350.1,24.66,139.87,185.58
2006-03-18,0.98,75.56,16.45,25.36,33.75
2006-03-19,0.59,20.47,16.05,1.9,2.52
2006-03-20,2.42,148.57,16.43,57.06,75.08
2006-03-21,2.519,110.64,17.49,40.22,52.92
2006-03-22,0.665,30.43,16.32,6.1,8.02
2006-03-23,0.444,18.48,16.02,1.06,1.4
2006-03-24,0.675,16.91,9.33,3.27,4.31
2006-03-25,10.236,442.57,33.14,167.1,242.33
2006-03-26,1.086,73.97,16.46,22.72,34.8
2006-03-27,1.06,39.25,14.84,10.48,13.92
2006-03-28,2.335,104.45,16.15,38.13,50.17
2006-03-29,4.974,404.87,22.91,164.94,217.03
2006-03-30,1.005,77.57,16.55,26.35,34.67
2006-03-31,3.333,218.7,21.78,85.03,111.89
2006-04-01,2.243,102.35,16.46,37.09,48.8
2006-04-02,2.732,138.91,19.21,51.69,68.01
2006-04-03,4.952,122.77,21.3,43.82,57.66
2006-04-04,7.458,244.48,27.11,92.26,125.11
2006-04-05,2.201,54.69,16.25,16.28,22.16
2006-04-06,1.107,20.8,16.17,1.98,2.64
2006-04-07,0.987,37.54,15.5,9.52,12.52
2006-04-08,1.147,46.12,16.24,12.9,16.98
2006-04-09,0.509,21.33,16.21,2.21,2.91
2006-04-10,0.34,18.18,16.06,0.91,1.2
2006-04-11,3.328,142.38,21.36,52.26,68.76
2006-04-12,5.478,191.31,22.84,72.75,95.72
2006-04-13,1.656,91.26,16.75,32.17,42.33
2006-04-14,0.761,22.21,16.14,2.62,3.45
2006-04-15,0.506,18.24,16.09,0.93,1.22
2006-04-16,3.933,271.7,21.9,107.87,141.93
2006-04-17,1.173,73.8,16.38,24.8,32.63
2006-04-18,0.503,22.74,16.24,2.81,3.69
2006-04-19,0.322,18.26,16.09,0.94,1.23
2006-04-20,0.223,18.08,16.08,0.87,1.14
2006-04-21,0.156,18.08,16.08,0.86,1.14
2006-04-22,0.099,18.15,16.16,0.86,1.13
2006-04-23,0.081,17.92,15.91,0.86,1.14
2006-04-24,0.053,17.97,16.21,0.63,1.14
2006-04-25,0.036,17.29,16.08,0.08,1.13
2006-04-26,0.023,17.26,16.16,0.01,1.09
2006-04-27,0.015,17.13,16.14,0.0,0.99
2006-04-28,0.009,17.11,16.21,0.0,0.9
2006-04-29,0.005,17.2,16.36,0.0,0.84
2006-04-30,0.002,16.97,16.18,0.0,0.79
2006-05-01,0.001,16.87,16.07,0.0,0.8
2006-05-02,0.001,16.99,16.2,0.0,0.8
2006-05-03,0.0,17.01,16.23,0.0,0.78
2006-05-04,0.0,17.33,16.56,0.0,0.77
2006-05-05,0.0,17.62,16.91,0.0,0.71
2006-05-06,0.0,18.22,18.08,0.0,0.15
2006-05-07,0.0,18.1,18.08,0.0,0.02
2006-05-08,0.0,0.0,0.0,0.0,0.0
2006-05-09,0.0,0.0,0.0,0.0,0.0
2006-05-10,0.0,0.0,0.0,0.0,0.0
2006-05-11,0.0,0.0,0.0,0.0,0.0
2006-05-12,0.0,0.0,0.0,0.0,0.0
2006-05-13,0.0,0.0,0.0,0.0,0.0
2006-05-14,0.0,0.0,0.0,0.0,0.0
2006-05-15,0.0,0.0,0.0,0.0,0.0
2006-05-16,0.0,0.0,0.0,0.0,0.0
2006-05-17,0.0,0.0,0.0,0.0,0.0
2006-05-18,0.0,0.0,0.0,0.0,0.0
2006-05-19,0.0,0.0,0.0,0.0,0.0
2006-05-20,0.0,0.0,0.0,0.0,0.0
2006-05-21,1.313,159.13,15.34,62.09,81.7
2006-05-22,1.182,109.25,16.86,39.9,52.5
2006-05-23,0.162,48.61,17.09,13.61,17.91
2006-05-24,0.062,19.87,16.19,1.45,2.23
2006-05-25,0.041,17.65,16.09,0.39,1.17
2006-05-26,0.029,17.26,16.1,0.05,1.11
2006-05-27,0.021,17.05,15.98,0.01,1.06
2006-05-28,0.016,17.09,16.07,0.0,1.02
2006-05-29,0.011,17.05,16.11,0.0,0.94
2006-05-30,0.006,17.09,16.22,0.0,0.86
2006-05-31,0.003,17.16,16.35,0.0,0.81
2006-06-01,0.001,17.08,16.31,0.0,0.77
2006-06-02,0.0,18.25,18.08,0.0,0.18
2006-06-03,0.0,18.1,18.08,0.0,0.03
2006-06-04,0.0,18.08,18.08,0.0,0.0
2006-06-05,0.0,0.0,0.0,0.0,0.0
2006-06-06,0.0,0.0,0.0,0.0,0.0
2006-06-07,0.0,0.0,0.0,0.0,0.0
2006-06-08,0.0,0.0,0.0,0.0,0.0
2006-06-09,0.0,0.0,0.0,0.0,0.0
2006-06-10,0.0,0.0,0.0,0.0,0.0
2006-06-11,0.0,0.0,0.0,0.0,0.0
2006-06-12,0.0,0.0,0.0,0.0,0.0
2006-06-13,0.0,0.0,0.0,0.0,0.0
2006-06-14,0.0,0.0,0.0,0.0,0.0
2006-06-15,0.0,0.0,0.0,0.0,0.0
2006-06-16,0.0,0.0,0.0,0.0,0.0
2006-06-17,0.0,0.0,0.0,0.0,0.0
2006-06-18,0.0,0.0,0.0,0.0,0.0
2006-06-19,0.0,0.0,0.0,0.0,0.0
2006-06-20,0.0,0.0,0.0,0.0,0.0
2006-06-21,0.0,0.0,0.0,0.0,0.0
2006-06-22,0.0,0.0,0.0,0.0,0.0
2006-06-23,0.0,0.0,0.0,0.0,0.0
2006-06-24,0.0,0.0,0.0,0.0,0.0
2006-06-25,0.0,0.0,0.0,0.0,0.0
2006-06-26,0.0,0.0,0.0,0.0,0.0
2006-06-27,0.0,0.0,0.0,0.0,0.0
2006-06-28,0.0,0.0,0.0,0.0,0.0
2006-06-29,0.0,0.0,0.0,0.0,0.0
2006-06-30,0.0,0.0,0.0,0.0,0.0
2006-07-01,0.0,0.0,0.0,0.0,0.0
2006-07-02,0.0,0.0,0.0,0.0,0.0
2006-07-03,0.0,0.0,0.0,0.0,0.0
2006-07-04,0.0,0.0,0.0,0.0,0.0
2006-07-05,0.0,0.0,0.0,0.0,0.0
2006-07-06,0.0,0.0,0.0,0.0,0.0
2006-07-07,0.0,0.0,0.0,0.0,0.0
2006-07-08,0.0,0.0,0.0,0.0,0.0
2006-07-09,0.0,0.0,0.0,0.0,0.0
2006-07-10,0.0,0.0,0.0,0.0,0.0
2006-07-11,0.0,0.0,0.0,0.0,0.0
2006-07-12,0.0,0.0,0.0,0.0,0.0
2006-07-13,0.0,0.0,0.0,0.0,0.0
2006-07-14,0.0,0.0,0.0,0.0,0.0
2006-07-15,0.0,0.0,0.0,0.0,0.0
2006-07-16,0.0,0.0,0.0,0.0,0.0
2006-07-17,0.0,0.0,0.0,0.0,0.0
2006-07-18,0.0,0.0,0.0,0.0,0.0
2006-07-19,0.0,0.0,0.0,0.0,0.0
2006-07-20,0.0,0.0,0.0,0.0,0.0
2006-07-21,0.0,0.0,0.0,0.0,0.0
2006-07-22,0.0,0.0,0.0,0.0,0.0
2006-07-23,0.0,0.0,0.0,0.0,0.0
2006-07-24,0.0,0.0,0.0,0.0,0.0
2006-07-25,0.0,0.0,0.0,0.0,0.0
2006-07-26,0.0,0.0,0.0,0.0,0.0
2006-07-27,0.0,0.0,0.0,0.0,0.0
2006-07-28,0.0,0.0,0.0,0.0,0.0
2006-07-29,0.0,0.0,0.0,0.0,0.0
2006-07-30,0.0,0.0,0.0,0.0,0.0
2006-07-31,0.0,0.0,0.0,0.0,0.0
2006-08-01,0.0,0.0,0.0,0.0,0.0
2006-08-02,0.0,0.0,0.0,0.0,0.0
2006-08-03,0.0,0.0,0.0,0.0,0.0
2006-08-04,0.0,0.0,0.0,0.0,0.0
2006-08-05,0.0,0.0,0.0,0.0,0.0
2006-08-06,0.0,0.0,0.0,0.0,0.0
2006-08-07,0.0,0.0,0.0,0.0,0.0
2006-08-08,0.0,0.0,0.0,0.0,0.0
2006-08-09,0.0,0.0,0.0,0.0,0.0
2006-08-10,0.0,0.0,0.0,0.0,0.0
2006-08-11,0.0,0.0,0.0,0.0,0.0
2006-08-12,0.0,0.0,0.0,0.0,0.0
2006-08-13,0.0,0.0,0.0,0.0,0.0
2006-08-14,0.0,0.0,0.0,0.0,0.0
2006-08-15,0.0,0.0,0.0,0.0,0.0
2006-08-16,0.0,0.0,0.0,0.0,0.0
2006-08-17,0.0,0.0,0.0,0.0,0.0
2006-08-18,0.0,0.0,0.0,0.0,0.0
2006-08-19,0.0,0.0,0.0,0.0,0.0
2006-08-20,0.0,0.0,0.0,0.0,0.0
2006-08-21,0.0,0.0,0.0,0.0,0.0
2006-08-22,0.0,0.0,0.0,0.0,0.0
2006-08-23,0.0,0.0,0.0,0.0,0.0
2006-08-24,0.0,0.0,0.0,0.0,0.0
2006-08-25,0.0,0.0,0.0,0.0,0.0
2006-08-26,0.0,0.0,0.0,0.0,0.0
2006-08-27,0.0,0.0,0.0,0.0,0.0
2006-08-28,0.0,0.0,0.0,0.0,0.0
2006-08-29,0.0,0.0,0.0,0.0,0.0
2006-08-30,0.0,0.0,0.0,0.0,0.0
2006-08-31,0.0,0.0,0.0,0.0,0.0
2006-09-01,0.0,0.0,0.0,0.0,0.0
2006-09-02,0.0,0.0,0.0,0.0,0.0
2006-09-03,0.0,0.0,0.0,0.0,0.0
2006-09-04,0.0,0.0,0.0,0.0,0.0
2006-09-05,0.0,0.0,0.0,0.0,0.0
2006-09-06,0.0,0.0,0.0,0.0,0.0
2006-09-07,0.0,0.0,0.0,0.0,0.0
2006-09-08,0.0,0.0,0.0,0.0,0.0
2006-09-09,0.0,0.0,0.0,0.0,0.0
2006-09-10,0.0,0.0,0.0,0.0,0.0
2006-09-11,0.0,0.0,0.0,0.0,0.0
2006-09-12,0.0,0.0,0.0,0.0,0.0
2006-09-13,0.0,0.0,0.0,0.0,0.0
2006-09-14,0.0,0.0,0.0,0.0,0.0
2006-09-15,0.0,0.0,0.0,0.0,0.0
2006-09-16,0.0,0.0,0.0,0.0,0.0
2006-09-17,0.0,0.0,0.0,0.0,0.0
2006-09-18,0.0,0.0,0.0,0.0,0.0
2006-09-19,0.0,0.0,0.0,0.0,0.0
2006-09-20,0.0,0.0,0.0,0.0,0.0
2006-09-21,0.0,0.0,0.0,0.0,0.0
2006-09-22,0.0,0.0,0.0,0.0,0.0
2006-09-23,0.0,0.0,0.0,0.0,0.0
2006-09-24,0.0,0.0,0.0,0.0,0.0
2006-09-25,0.0,0.0,0.0,0.0,0.0
2006-09-26,0.0,0.0,0.0,0.0,0.0
2006-09-27,0.0,0.0,0.0,0.0,0.0
2006-09-28,0.0,0.0,0.0,0.0,0.0
2006-09-29,0.0,0.0,0.0,0.0,0.0
2006-09-30,0.0,0.0,0.0,0.0,0.0
2006-10-01,0.0,0.0,0.0,0.0,0.0
2006-10-02,0.0,0.0,0.0,0.0,0.0
2006-10-03,0.0,0.0,0.0,0.0,0.0
2006-10-04,0.0,0.0,0.0,0.0,0.0
2006-10-05,1.373,156.55,15.91,60.73,79.91
2006-10-06,0.094,124.44,18.06,43.95,62.42
2006-10-07,0.004,43.34,17.86,0.0,25.48
2006-10-08,0.001,18.8,16.66,0.0,2.14
2006-10-09,0.0,17.01,16.23,0.0,0.79
2006-10-10,0.0,16.48,15.68,0.0,0.8
2006-10-11,0.0,16.93,16.13,0.0,0.8
2006-10-12,0.0,16.81,16.02,0.0,0.79
2006-10-13,0.0,16.56,15.77,0.0,0.79
2006-10-14,0.0,16.72,15.91,0.0,0.8
2006-10-15,0.0,16.76,15.97,0.0,0.8
2006-10-16,0.0,16.89,16.09,0.0,0.8
2006-10-17,0.0,16.9,16.1,0.0,0.79
2006-10-18,0.0,17.29,16.58,0.0,0.7
2006-10-19,0.0,16.63,15.82,0.0,0.81
2006-10-20,0.0,16.82,16.04,0.0,0.78
2006-10-21,0.0,18.29,18.08,0.0,0.21
2006-10-22,0.0,18.11,18.08,0.0,0.04
2006-10-23,0.0,0.0,0.0,0.0,0.0
2006-10-24,0.0,0.0,0.0,0.0,0.0
2006-10-25,0.0,0.0,0.0,0.0,0.0
2006-10-26,0.0,0.0,0.0,0.0,0.0
2006-10-27,0.0,0.0,0.0,0.0,0.0
2006-10-28,0.0,0.0,0.0,0.0,0.0
2006-10-29,0.0,0.0,0.0,0.0,0.0
2006-10-30,0.0,0.0,0.0,0.0,0.0
2006-10-31,0.0,0.0,0.0,0.0,0.0
2006-11-01,0.0,0.0,0.0,0.0,0.0
2006-11-02,1.088,168.52,15.18,66.21,87.12
2006-11-03,0.629,122.55,17.05,45.56,59.94
2006-11-04,0.038,72.63,18.03,19.81,34.79
2006-11-05,0.002,26.02,17.45,0.0,8.57
2006-11-06,0.001,17.1,16.17,0.0,0.93
2006-11-07,0.0,16.74,15.95,0.0,0.8
2006-11-08,0.0,16.89,16.1,0.0,0.8
2006-11-09,0.0,16.55,15.75,0.0,0.8
2006-11-10,0.0,16.82,16.02,0.0,0.8
2006-11-11,1.759,233.7,16.71,93.7,123.29
2006-11-12,0.154,176.64,18.05,67.32,91.27
2006-11-13,2.082,192.84,19.1,74.96,98.78
2006-11-14,1.3,193.29,19.53,75.03,98.73
2006-11-15,0.585,150.3,15.9,58.04,76.36
2006-11-16,0.04,99.0,17.81,29.81,51.38
2006-11-17,0.006,22.59,16.46,0.0,6.13
2006-11-18,0.004,16.91,16.02,0.0,0.89
2006-11-19,0.003,16.78,15.96,0.0,0.81
2006-11-20,0.002,16.76,15.95,0.0,0.81
2006-11-21,0.002,16.73,15.92,0.0,0.81
2006-11-22,0.002,16.77,15.96,0.0,0.81
2006-11-23,0.001,16.75,15.95,0.0,0.8
2006-11-24,0.001,16.73,15.92,0.0,0.81
2006-11-25,0.001,16.75,15.95,0.0,0.8
2006-11-26,0.83,177.27,14.76,70.18,92.34
2006-11-27,0.966,122.93,16.45,45.98,60.5
2006-11-28,0.13,94.08,18.0,32.12,43.97
2006-11-29,0.008,33.89,17.49,0.0,16.4
2006-11-30,0.002,17.42,16.19,0.0,1.23
2006-12-01,0.002,16.73,15.92,0.0,0.81
2006-12-02,0.001,16.8,16.0,0.0,0.8
2006-12-03,0.001,16.76,15.97,0.0,0.8
2006-12-04,0.001,16.75,15.95,0.0,0.8
2006-12-05,0.001,16.76,15.96,0.0,0.8
2006-12-06,0.001,16.72,15.92,0.0,0.8
2006-12-07,0.001,16.74,15.94,0.0,0.8
2006-12-08,0.0,16.84,16.05,0.0,0.79
2006-12-09,1.413,217.96,18.31,86.21,113.43
2006-12-10,5.025,286.07,23.63,113.33,149.11
2006-12-11,0.322,188.4,18.02,73.58,96.81
2006-12-12,11.521,453.1,33.39,171.47,248.23
2006-12-13,0.519,161.73,17.57,56.93,87.23
2006-12-14,0.063,48.83,17.0,11.87,19.96
2006-12-15,0.267,67.63,15.72,22.35,29.57
2006-12-16,0.034,37.11,17.11,6.38,13.62
2006-12-17,0.012,17.42,15.92,0.0,1.49
2006-12-18,0.012,16.84,15.92,0.0,0.92
2006-12-19,0.01,16.91,16.02,0.0,0.89
2006-12-20,0.007,16.94,16.08,0.0,0.86
2006-12-21,1.708,173.21,16.26,67.77,89.18
2006-12-22,1.633,179.09,16.94,70.02,92.13
2006-12-23,0.109,120.24,17.81,42.95,59.47
2006-12-24,0.013,28.16,16.55,0.0,11.6
2006-12-25,0.009,17.18,16.12,0.0,1.06
2006-12-26,0.536,162.85,13.66,64.42,84.77
2006-12-27,2.142,228.42,17.81,90.95,119.67
2006-12-28,0.126,176.47,17.91,66.89,91.67
2006-12-29,0.017,34.0,16.52,0.0,17.48
2006-12-30,0.011,17.16,15.94,0.0,1.22
2006-12-31,0.01,16.82,15.92,0.0,0.9
2007-01-01,0.008,16.83,15.95,0.0,0.88
2007-01-02,0.007,16.89,16.03,0.0,0.86
2007-01-03,0.005,16.82,15.97,0.0,0.85
2007-01-04,0.163,54.87,15.38,17.04,22.44
2007-01-05,0.033,48.35,18.03,10.58,19.74
2007-01-06,0.004,19.3,16.3,0.0,2.99
2007-01-07,0.003,16.75,15.9,0.0,0.85
2007-01-08,0.002,17.32,16.5,0.0,0.81
2007-01-09,0.001,16.41,15.72,0.0,0.69
2007-01-10,0.001,17.21,16.38,0.0,0.83
2007-01-11,0.0,17.73,17.23,0.0,0.5
2007-01-12,0.0,18.22,18.06,0.0,0.16
2007-01-13,0.0,18.1,18.08,0.0,0.03
2007-01-14,0.0,0.0,0.0,0.0,0.0
2007-01-15,0.0,0.0,0.0,0.0,0.0
2007-01-16,0.0,0.0,0.0,0.0,0.0
2007-01-17,0.036,23.59,15.75,2.66,5.18
2007-01-18,0.006,20.12,17.62,0.0,2.5
2007-01-19,0.0,18.24,17.72,0.0,0.52
2007-01-20,0.0,17.44,16.78,0.0,0.66
2007-01-21,0.0,18.25,18.08,0.0,0.17
2007-01-22,0.0,18.1,18.08,0.0,0.03
2007-01-23,0.0,0.0,0.0,0.0,0.0
2007-01-24,0.0,0.0,0.0,0.0,0.0
2007-01-25,0.0,0.0,0.0,0.0,0.0
2007-01-26,0.0,0.0,0.0,0.0,0.0
2007-01-27,0.434,179.18,17.67,69.74,91.76
2007-01-28,0.818,127.52,16.19,48.07,63.25
2007-01-29,0.059,89.99,18.01,28.44,43.54
2007-01-30,0.004,28.06,17.15,0.0,10.91
2007-01-31,0.002,17.06,16.1,0.0,0.96
2007-02-01,0.001,16.97,16.16,0.0,0.8
2007-02-02,0.001,16.94,16.17,0.0,0.77
2007-02-03,0.0,16.87,16.09,0.0,0.78
2007-02-04,0.0,16.84,16.06,0.0,0.78
2007-02-05,0.0,16.79,16.0,0.0,0.79
2007-02-06,0.0,16.88,16.09,0.0,0.79
2007-02-07,0.269,80.65,10.94,30.1,39.61
2007-02-08,2.022,104.98,15.44,38.67,50.88
2007-02-09,4.111,135.47,18.66,50.44,66.37
2007-02-10,6.612,168.62,21.35,63.59,83.67
2007-02-11,2.447,191.45,22.82,72.82,95.82
2007-02-12,0.65,133.76,14.9,51.33,67.54
2007-02-13,0.56,115.16,16.79,42.48,55.89
2007-02-14,0.165,61.65,17.59,19.03,25.03
2007-02-15,0.039,21.21,16.2,1.32,3.69
2007-02-16,0.027,17.3,16.09,0.01,1.19
2007-02-17,0.017,16.94,15.95,0.0,0.99
2007-02-18,0.017,17.09,16.07,0.0,1.01
2007-02-19,0.012,16.82,15.89,0.0,0.92
2007-02-20,0.012,16.89,15.95,0.0,0.93
2007-02-21,0.01,16.96,16.04,0.0,0.91
2007-02-22,3.841,205.9,21.76,79.52,104.63
2007-02-23,0.715,91.05,16.64,32.13,42.28
2007-02-24,0.146,32.88,10.02,9.56,13.31
2007-02-25,1.439,129.0,16.27,48.67,64.06
2007-02-26,2.937,137.87,17.2,52.11,68.56
2007-02-27,2.748,128.04,16.57,48.13,63.33
2007-02-28,1.215,107.67,17.45,38.96,51.26
2007-03-01,0.133,40.87,16.96,10.33,13.59
2007-03-02,0.059,19.04,16.07,1.14,1.84
2007-03-03,0.047,17.54,15.95,0.43,1.16
2007-03-04,0.038,17.37,16.05,0.19,1.13
2007-03-05,0.03,16.98,15.86,0.02,1.1
2007-03-06,0.028,17.11,15.99,0.02,1.1
2007-03-07,0.023,16.93,15.85,0.01,1.07
2007-03-08,0.02,17.09,16.02,0.01,1.06
2007-03-09,0.016,16.99,15.99,0.0,1.0
2007-03-10,0.014,16.92,15.96,0.0,0.96
2007-03-11,0.011,16.89,15.95,0.0,0.93
2007-03-12,0.009,16.88,15.97,0.0,0.91
2007-03-13,0.008,16.98,16.09,0.0,0.89
2007-03-14,0.005,16.78,15.93,0.0,0.84
2007-03-15,0.004,16.86,16.02,0.0,0.85
2007-03-16,0.003,16.96,16.13,0.0,0.83
2007-03-17,0.002,17.11,16.31,0.0,0.8
2007-03-18,0.001,17.37,16.63,0.0,0.75
2007-03-19,0.0,18.27,18.08,0.0,0.19
2007-03-20,0.0,18.1,18.08,0.0,0.03
2007-03-21,0.0,18.08,18.08,0.0,0.0
2007-03-22,0.0,0.0,0.0,0.0,0.0
2007-03-23,0.0,0.0,0.0,0.0,0.0
2007-03-24,0.0,0.0,0.0,0.0,0.0
2007-03-25,0.0,0.0,0.0,0.0,0.0
2007-03-26,0.065,37.29,15.29,9.5,12.5
2007-03-27,0.032,35.7,18.07,6.08,11.55
2007-03-28,0.001,21.43,17.97,0.0,3.46
2007-03-29,0.0,18.49,17.9,0.0,0.59
2007-03-30,0.0,18.18,18.08,0.0,0.1
2007-03-31,0.0,18.09,18.08,0.0,0.02
2007-04-01,0.0,0.0,0.0,0.0,0.0
2007-04-02,0.0,0.0,0.0,0.0,0.0
2007-04-03,0.0,0.0,0.0,0.0,0.0
2007-04-04,0.0,0.0,0.0,0.0,0.0
2007-04-05,0.0,0.0,0.0,0.0,0.0
2007-04-06,0.0,0.0,0.0,0.0,0.0
2007-04-07,0.0,0.0,0.0,0.0,0.0
2007-04-08,0.0,0.0,0.0,0.0,0.0
2007-04-09,0.0,0.0,0.0,0.0,0.0
2007-04-10,0.0,0.0,0.0,0.0,0.0
2007-04-11,0.097,36.97,15.58,9.12,12.26
2007-04-12,0.016,27.08,17.87,1.06,8.15
2007-04-13,0.001,19.93,18.03,0.0,1.89
2007-04-14,1.177,181.8,15.44,71.84,94.52
2007-04-15,0.199,152.59,18.04,57.59,76.96
2007-04-16,0.009,55.06,17.84,0.0,37.22
2007-04-17,0.001,21.16,17.02,0.0,4.14
2007-04-18,0.0,16.85,16.04,0.0,0.81
2007-04-19,0.047,0.11,0.1,0.0,0.01
2007-04-20,1.824,114.11,16.16,42.3,55.66
2007-04-21,0.275,38.51,8.05,12.79,17.68
2007-04-22,4.148,252.45,22.16,99.43,130.86
2007-04-23,0.199,122.85,17.94,45.04,59.87
2007-04-24,0.018,33.99,16.89,0.03,17.07
2007-04-25,0.008,17.55,16.23,0.0,1.32
2007-04-26,0.005,16.89,16.06,0.0,0.83
2007-04-27,0.003,16.91,16.1,0.0,0.81
2007-04-28,0.002,16.86,16.06,0.0,0.8
2007-04-29,0.002,16.8,16.0,0.0,0.8
2007-04-30,0.001,16.88,16.09,0.0,0.79
2007-05-01,0.001,16.82,16.03,0.0,0.79
2007-05-02,0.453,108.01,15.59,39.83,52.59
2007-05-03,0.049,80.3,17.97,24.0,38.33
2007-05-04,0.206,41.49,15.62,11.1,14.78
2007-05-05,0.023,31.09,17.88,3.6,9.6
2007-05-06,0.001,19.47,17.41,0.0,2.06
2007-05-07,0.0,17.03,16.28,0.0,0.75
2007-05-08,0.0,16.88,16.09,0.0,0.8
2007-05-09,0.0,16.94,16.15,0.0,0.79
2007-05-10,0.0,16.97,16.18,0.0,0.79
2007-05-11,0.0,17.08,16.31,0.0,0.77
2007-05-12,0.0,17.12,16.38,0.0,0.74
2007-05-13,0.0,18.24,18.08,0.0,0.17
2007-05-14,0.0,18.1,18.08,0.0,0.03
2007-05-15,0.0,0.0,0.0,0.0,0.0
2007-05-16,0.0,0.0,0.0,0.0,0.0
2007-05-17,0.0,0.0,0.0,0.0,0.0
2007-05-18,0.0,0.0,0.0,0.0,0.0
2007-05-19,0.0,0.0,0.0,0.0,0.0
2007-05-20,0.0,0.0,0.0,0.0,0.0
2007-05-21,0.0,0.0,0.0,0.0,0.0
2007-05-22,0.0,0.0,0.0,0.0,0.0
2007-05-23,0.0,0.0,0.0,0.0,0.0
2007-05-24,0.0,0.0,0.0,0.0,0.0
2007-05-25,0.0,0.0,0.0,0.0,0.0
2007-05-26,0.0,0.0,0.0,0.0,0.0
2007-05-27,0.0,0.0,0.0,0.0,0.0
2007-05-28,0.0,0.0,0.0,0.0,0.0
2007-05-29,0.0,0.0,0.0,0.0,0.0
2007-05-30,0.0,0.0,0.0,0.0,0.0
2007-05-31,0.0,0.0,0.0,0.0,0.0
2007-06-01,0.0,0.0,0.0,0.0,0.0
2007-06-02,0.0,0.0,0.0,0.0,0.0
2007-06-03,0.0,0.0,0.0,0.0,0.0
2007-06-04,0.0,0.0,0.0,0.0,0.0
2007-06-05,0.0,0.0,0.0,0.0,0.0
2007-06-06,0.0,0.0,0.0,0.0,0.0
2007-06-07,0.0,0.0,0.0,0.0,0.0
2007-06-08,0.0,0.0,0.0,0.0,0.0
2007-06-09,0.0,0.0,0.0,0.0,0.0
2007-06-10,0.0,0.0,0.0,0.0,0.0
2007-06-11,0.0,0.0,0.0,0.0,0.0
2007-06-12,0.0,0.0,0.0,0.0,0.0
2007-06-13,0.0,0.0,0.0,0.0,0.0
2007-06-14,0.0,0.0,0.0,0.0,0.0
2007-06-15,0.0,0.0,0.0,0.0,0.0
2007-06-16,0.0,0.0,0.0,0.0,0.0
2007-06-17,0.0,0.0,0.0,0.0,0.0
2007-06-18,0.0,0.0,0.0,0.0,0.0
2007-06-19,0.0,0.0,0.0,0.0,0.0
2007-06-20,0.0,0.0,0.0,0.0,0.0
2007-06-21,0.0,0.0,0.0,0.0,0.0
2007-06-22,0.0,0.0,0.0,0.0,0.0
2007-06-23,0.0,0.0,0.0,0.0,0.0
2007-06-24,0.0,0.0,0.0,0.0,0.0
2007-06-25,0.0,0.0,0.0,0.0,0.0
2007-06-26,0.0,0.0,0.0,0.0,0.0
2007-06-27,0.0,0.0,0.0,0.0,0.0
2007-06-28,0.0,0.0,0.0,0.0,0.0
2007-06-29,0.0,0.0,0.0,0.0,0.0
2007-06-30,0.0,0.0,0.0,0.0,0.0
2007-07-01,0.0,0.0,0.0,0.0,0.0
2007-07-02,0.0,0.0,0.0,0.0,0.0
2007-07-03,0.0,0.0,0.0,0.0,0.0
2007-07-04,0.0,0.0,0.0,0.0,0.0
2007-07-05,0.0,0.0,0.0,0.0,0.0
2007-07-06,0.0,0.0,0.0,0.0,0.0
2007-07-07,0.0,0.0,0.0,0.0,0.0
2007-07-08,0.0,0.0,0.0,0.0,0.0
2007-07-09,0.0,0.0,0.0,0.0,0.0
2007-07-10,0.0,0.0,0.0,0.0,0.0
2007-07-11,0.0,0.0,0.0,0.0,0.0
2007-07-12,0.0,0.0,0.0,0.0,0.0
2007-07-13,0.0,0.0,0.0,0.0,0.0
2007-07-14,0.0,0.0,0.0,0.0,0.0
2007-07-15,0.0,0.0,0.0,0.0,0.0
2007-07-16,0.0,0.0,0.0,0.0,0.0
2007-07-17,0.0,0.0,0.0,0.0,0.0
2007-07-18,0.0,0.0,0.0,0.0,0.0
2007-07-19,0.0,0.0,0.0,0.0,0.0
2007-07-20,0.0,0.0,0.0,0.0,0.0
2007-07-21,0.0,0.0,0.0,0.0,0.0
2007-07-22,0.0,0.0,0.0,0.0,0.0
2007-07-23,0.0,0.0,0.0,0.0,0.0
2007-07-24,0.0,0.0,0.0,0.0,0.0
2007-07-25,0.0,0.0,0.0,0.0,0.0
2007-07-26,0.0,0.0,0.0,0.0,0.0
2007-07-27,0.0,0.0,0.0,0.0,0.0
2007-07-28,0.0,0.0,0.0,0.0,0.0
2007-07-29,0.0,0.0,0.0,0.0,0.0
2007-07-30,0.0,0.0,0.0,0.0,0.0
2007-07-31,0.0,0.0,0.0,0.0,0.0
2007-08-01,0.0,0.0,0.0,0.0,0.0
2007-08-02,0.0,0.0,0.0,0.0,0.0
2007-08-03,0.0,0.0,0.0,0.0,0.0
2007-08-04,0.0,0.0,0.0,0.0,0.0
2007-08-05,0.0,0.0,0.0,0.0,0.0
2007-08-06,0.0,0.0,0.0,0.0,0.0
2007-08-07,0.0,0.0,0.0,0.0,0.0
2007-08-08,0.0,0.0,0.0,0.0,0.0
2007-08-09,0.0,0.0,0.0,0.0,0.0
2007-08-10,0.0,0.0,0.0,0.0,0.0
2007-08-11,0.0,0.0,0.0,0.0,0.0
2007-08-12,0.0,0.0,0.0,0.0,0.0
2007-08-13,0.0,0.0,0.0,0.0,0.0
2007-08-14,0.0,0.0,0.0,0.0,0.0
2007-08-15,0.0,0.0,0.0,0.0,0.0
2007-08-16,0.0,0.0,0.0,0.0,0.0
2007-08-17,0.0,0.0,0.0,0.0,0.0
2007-08-18,0.0,0.0,0.0,0.0,0.0
2007-08-19,0.0,0.0,0.0,0.0,0.0
2007-08-20,0.0,0.0,0.0,0.0,0.0
2007-08-21,0.0,0.0,0.0,0.0,0.0
2007-08-22,0.0,0.0,0.0,0.0,0.0
2007-08-23,0.0,0.0,0.0,0.0,0.0
2007-08-24,0.0,0.0,0.0,0.0,0.0
2007-08-25,0.0,0.0,0.0,0.0,0.0
2007-08-26,0.0,0.0,0.0,0.0,0.0
2007-08-27,0.0,0.0,0.0,0.0,0.0
2007-08-28,0.0,0.0,0.0,0.0,0.0
2007-08-29,0.0,0.0,0.0,0.0,0.0
2007-08-30,0.0,0.0,0.0,0.0,0.0
2007-08-31,0.0,0.0,0.0,0.0,0.0
2007-09-01,0.0,0.0,0.0,0.0,0.0
2007-09-02,0.0,0.0,0.0,0.0,0.0
2007-09-03,0.0,0.0,0.0,0.0,0.0
2007-09-04,0.0,0.0,0.0,0.0,0.0
2007-09-05,0.0,0.0,0.0,0.0,0.0
2007-09-06,0.0,0.0,0.0,0.0,0.0
2007-09-07,0.0,0.0,0.0,0.0,0.0
2007-09-08,0.0,0.0,0.0,0.0,0.0
2007-09-09,0.0,0.0,0.0,0.0,0.0
2007-09-10,0.0,0.0,0.0,0.0,0.0
2007-09-11,0.0,0.0,0.0,0.0,0.0
2007-09-12,0.0,0.0,0.0,0.0,0.0
2007-09-13,0.0,0.0,0.0,0.0,0.0
2007-09-14,0.0,0.0,0.0,0.0,0.0
2007-09-15,0.0,0.0,0.0,0.0,0.0
2007-09-16,0.0,0.0,0.0,0.0,0.0
2007-09-17,0.0,0.0,0.0,0.0,0.0
2007-09-18,0.0,0.0,0.0,0.0,0.0
2007-09-19,0.0,0.0,0.0,0.0,0.0
2007-09-20,0.0,0.0,0.0,0.0,0.0
2007-09-21,0.0,0.0,0.0,0.0,0.0
2007-09-22,0.0,0.0,0.0,0.0,0.0
2007-09-23,0.0,0.0,0.0,0.0,0.0
2007-09-24,0.0,0.0,0.0,0.0,0.0
2007-09-25,0.0,0.0,0.0,0.0,0.0
2007-09-26,0.0,0.0,0.0,0.0,0.0
2007-09-27,0.0,0.0,0.0,0.0,0.0
2007-09-28,0.0,0.0,0.0,0.0,0.0
2007-09-29,0.0,0.0,0.0,0.0,0.0
2007-09-30,0.0,0.0,0.0,0.0,0.0
2007-10-01,0.0,0.0,0.0,0.0,0.0
2007-10-02,0.0,0.0,0.0,0.0,0.0
2007-10-03,0.0,0.0,0.0,0.0,0.0
2007-10-04,0.0,0.0,0.0,0.0,0.0
2007-10-05,0.0,0.0,0.0,0.0,0.0
2007-10-06,0.0,0.0,0.0,0.0,0.0
2007-10-07,0.0,0.0,0.0,0.0,0.0
2007-10-08,0.0,0.0,0.0,0.0,0.0
2007-10-09,0.415,2.59,0.71,0.81,1.07
2007-10-10,6.672,458.06,28.86,183.56,245.64
2007-10-11,0.214,179.87,18.01,68.95,92.9
2007-10-12,7.405,481.86,31.25,185.88,264.73
2007-10-13,0.89,321.76,17.28,123.25,181.23
2007-10-14,2.046,414.08,18.63,170.67,224.78
2007-10-15,0.092,235.74,17.69,91.05,127.0
2007-10-16,0.016,33.98,16.39,0.0,17.59
2007-10-17,0.811,118.2,15.5,44.34,58.35
2007-10-18,0.126,94.56,17.9,32.4,44.25
2007-10-19,0.013,27.17,16.77,0.0,10.4
2007-10-20,0.006,17.14,16.1,0.0,1.04
2007-10-21,0.004,16.83,16.01,0.0,0.83
2007-10-22,0.003,16.84,16.02,0.0,0.82
2007-10-23,0.003,16.82,16.01,0.0,0.81
2007-10-24,0.002,16.82,16.02,0.0,0.8
2007-10-25,0.002,16.83,16.03,0.0,0.8
2007-10-26,0.001,16.77,15.97,0.0,0.8
2007-10-27,0.001,16.82,16.03,0.0,0.79
2007-10-28,0.001,16.93,16.15,0.0,0.78
2007-10-29,0.0,16.79,16.01,0.0,0.78
2007-10-30,0.0,16.77,15.98,0.0,0.8
2007-10-31,0.0,16.81,16.02,0.0,0.79
2007-11-01,0.0,16.84,16.05,0.0,0.79
2007-11-02,0.0,16.98,16.19,0.0,0.78
2007-11-03,0.0,17.02,16.24,0.0,0.78
2007-11-04,0.0,17.26,16.5,0.0,0.76
2007-11-05,0.0,17.06,16.3,0.0,0.76
2007-11-06,0.0,18.28,18.08,0.0,0.2
2007-11-07,0.0,18.11,18.08,0.0,0.03
2007-11-08,0.0,0.0,0.0,0.0,0.0
2007-11-09,0.0,0.0,0.0,0.0,0.0
2007-11-10,0.0,0.0,0.0,0.0,0.0
2007-11-11,0.0,0.0,0.0,0.0,0.0
2007-11-12,0.0,0.0,0.0,0.0,0.0
2007-11-13,0.0,0.0,0.0,0.0,0.0
2007-11-14,5.813,1567.55,43.24,648.18,876.13
2007-11-15,1.433,393.83,16.36,161.77,215.7
2007-11-16,0.131,262.3,17.93,103.16,141.21
2007-11-17,0.012,51.53,16.79,0.0,34.74
2007-11-18,0.007,17.56,16.06,0.0,1.5
2007-11-19,0.005,16.9,16.06,0.0,0.84
2007-11-20,0.003,16.82,16.0,0.0,0.81
2007-11-21,0.003,16.79,15.98,0.0,0.81
2007-11-22,0.002,16.79,15.98,0.0,0.81
2007-11-23,0.002,16.82,16.03,0.0,0.8
2007-11-24,0.001,16.77,15.97,0.0,0.8
2007-11-25,0.001,16.81,16.02,0.0,0.79
2007-11-26,0.001,16.77,15.97,0.0,0.8
2007-11-27,0.001,16.83,16.04,0.0,0.79
2007-11-28,0.0,16.83,16.05,0.0,0.79
2007-11-29,0.0,16.76,15.97,0.0,0.8
2007-11-30,0.0,16.85,16.07,0.0,0.78
2007-12-01,0.0,16.76,15.96,0.0,0.8
2007-12-02,0.0,16.86,16.07,0.0,0.79
2007-12-03,0.0,17.27,16.5,0.0,0.78
2007-12-04,0.0,16.11,15.32,0.0,0.78
2007-12-05,0.0,16.83,16.02,0.0,0.8
2007-12-06,0.366,61.15,11.86,21.28,28.0
2007-12-07,3.494,123.71,20.17,44.71,58.83
2007-12-08,1.254,312.95,15.96,128.25,168.74
2007-12-09,0.273,307.07,18.03,124.72,164.32
2007-12-10,0.016,87.02,17.38,2.48,67.15
2007-12-11,4.479,917.43,23.71,384.46,509.26
2007-12-12,0.536,372.79,18.02,152.87,201.9
2007-12-13,0.034,138.72,17.27,41.04,80.41
2007-12-14,0.012,20.89,16.1,0.0,4.78
2007-12-15,0.01,16.84,15.9,0.0,0.94
2007-12-16,0.008,17.04,16.17,0.0,0.87
2007-12-17,0.006,16.91,16.07,0.0,0.84
2007-12-18,0.004,16.41,15.59,0.0,0.82
2007-12-19,0.004,17.11,16.26,0.0,0.84
2007-12-20,0.062,28.44,15.58,4.69,8.16
2007-12-21,1.424,219.52,16.17,87.8,115.55
2007-12-22,5.253,1199.52,29.41,498.08,672.03
2007-12-23,0.341,742.52,17.97,307.98,416.58
2007-12-24,4.541,713.19,23.77,297.64,391.78
2007-12-25,0.267,328.08,17.85,133.94,176.28
2007-12-26,0.033,69.51,16.71,15.41,37.39
2007-12-27,0.016,18.35,16.02,0.0,2.33
2007-12-28,0.013,16.76,15.81,0.0,0.95
2007-12-29,0.013,16.76,15.83,0.0,0.93
2007-12-30,0.013,16.89,15.95,0.0,0.93
2007-12-31,0.008,17.43,16.55,0.0,0.88
2008-01-01,0.003,16.17,15.42,0.0,0.75
2008-01-02,0.005,16.73,15.86,0.0,0.87
2008-01-03,0.072,29.91,14.2,6.6,9.1
2008-01-04,17.561,545.82,41.27,201.38,303.17
2008-01-05,4.848,320.24,22.55,125.65,172.04
2008-01-06,1.235,159.46,17.41,61.19,80.86
2008-01-07,1.165,102.96,16.06,37.52,49.38
2008-01-08,1.383,114.61,15.38,42.85,56.39
2008-01-09,0.484,89.67,17.41,31.2,41.05
2008-01-10,0.696,45.83,15.61,13.05,17.17
2008-01-11,0.207,28.8,16.78,5.19,6.83
2008-01-12,0.111,18.44,15.99,1.06,1.4
2008-01-13,0.094,17.94,15.93,0.87,1.14
2008-01-14,0.082,17.92,15.92,0.86,1.14
2008-01-15,0.073,17.91,15.91,0.86,1.14
2008-01-16,0.055,17.91,16.13,0.64,1.14
2008-01-17,0.041,17.07,15.83,0.11,1.12
2008-01-18,0.043,17.26,15.88,0.24,1.14
2008-01-19,0.039,17.11,15.89,0.08,1.13
2008-01-20,0.034,17.18,16.01,0.04,1.13
2008-01-21,1.04,126.04,14.21,48.28,63.56
2008-01-22,1.489,93.06,15.95,33.3,43.81
2008-01-23,2.23,118.96,17.35,43.88,57.74
2008-01-24,1.62,86.41,15.65,30.56,40.21
2008-01-25,9.611,245.9,30.3,90.27,125.34
2008-01-26,3.189,134.41,19.52,48.19,66.7
2008-01-27,6.07,248.48,25.66,96.21,126.62
2008-01-28,2.875,125.99,17.93,46.66,61.4
2008-01-29,0.657,34.64,16.35,7.9,10.39
2008-01-30,1.148,53.18,15.75,16.16,21.26
2008-01-31,2.342,146.35,18.97,55.01,72.38
2008-02-01,2.574,217.74,17.63,86.41,113.7
2008-02-02,2.079,97.45,15.98,35.18,46.29
2008-02-03,3.401,93.76,18.07,32.68,43.0
2008-02-04,0.845,35.04,16.64,7.94,10.45
2008-02-05,0.489,18.7,16.0,1.17,1.54
2008-02-06,0.4,17.98,15.96,0.87,1.15
2008-02-07,0.33,17.96,15.96,0.86,1.14
2008-02-08,0.273,17.96,15.96,0.86,1.14
2008-02-09,0.221,17.98,15.98,0.86,1.14
2008-02-10,0.184,17.95,15.95,0.86,1.14
2008-02-11,0.152,17.96,15.96,0.86,1.14
2008-02-12,0.124,17.97,15.97,0.86,1.14
2008-02-13,0.098,18.1,16.09,0.87,1.14
2008-02-14,0.057,17.8,16.05,0.63,1.12
2008-02-15,0.056,17.53,15.86,0.52,1.14
2008-02-16,0.049,17.56,15.96,0.47,1.14
2008-02-17,0.041,17.31,15.96,0.22,1.13
2008-02-18,0.034,17.15,15.99,0.04,1.12
2008-02-19,1.473,472.1,20.44,195.03,256.64
2008-02-20,3.624,333.26,20.34,135.12,177.79
2008-02-21,1.28,121.85,15.97,45.72,60.16
2008-02-22,1.059,90.94,16.05,32.34,42.55
2008-02-23,0.995,87.25,14.95,31.22,41.08
2008-02-24,3.551,115.52,18.54,41.87,55.1
2008-02-25,0.905,56.8,16.86,17.25,22.7
2008-02-26,0.33,21.1,16.16,2.13,2.8
2008-02-27,0.248,18.07,15.97,0.9,1.19
2008-02-28,0.202,17.97,15.97,0.86,1.14
2008-02-29,0.165,17.97,15.97,0.86,1.14
2008-03-01,0.13,18.01,16.01,0.86,1.14
2008-03-02,0.095,18.04,16.04,0.86,1.13
2008-03-03,0.078,17.86,15.94,0.79,1.14
2008-03-04,0.064,17.76,15.98,0.64,1.14
2008-03-05,0.051,17.62,15.99,0.5,1.14
2008-03-06,0.042,17.33,15.93,0.27,1.13
2008-03-07,0.034,17.26,16.08,0.06,1.12
2008-03-08,0.025,17.09,15.99,0.01,1.09
2008-03-09,0.02,17.05,16.0,0.01,1.05
2008-03-10,0.015,17.06,16.07,0.0,0.99
2008-03-11,0.011,16.94,16.0,0.0,0.93
2008-03-12,0.008,17.32,16.41,0.0,0.9
2008-03-13,0.003,16.28,15.49,0.0,0.78
2008-03-14,0.004,17.17,16.29,0.0,0.87
2008-03-15,0.001,15.92,15.27,0.0,0.65
2008-03-16,0.002,17.23,16.38,0.0,0.85
2008-03-17,0.001,16.9,16.19,0.0,0.72
2008-03-18,0.0,17.06,16.28,0.0,0.78
2008-03-19,0.0,17.34,16.59,0.0,0.76
2008-03-20,0.0,18.27,18.08,0.0,0.19
2008-03-21,0.0,18.1,18.08,0.0,0.03
2008-03-22,0.0,18.08,18.08,0.0,0.01
2008-03-23,0.0,0.0,0.0,0.0,0.0
2008-03-24,0.0,0.0,0.0,0.0,0.0
2008-03-25,0.0,0.0,0.0,0.0,0.0
2008-03-26,0.0,0.0,0.0,0.0,0.0
2008-03-27,0.0,0.0,0.0,0.0,0.0
2008-03-28,0.0,0.0,0.0,0.0,0.0
2008-03-29,0.0,0.0,0.0,0.0,0.0
2008-03-30,0.0,0.0,0.0,0.0,0.0
2008-03-31,0.0,0.0,0.0,0.0,0.0
2008-04-01,0.0,0.0,0.0,0.0,0.0
2008-04-02,0.0,0.0,0.0,0.0,0.0
2008-04-03,0.0,0.0,0.0,0.0,0.0
2008-04-04,0.0,0.0,0.0,0.0,0.0
2008-04-05,0.0,0.0,0.0,0.0,0.0
2008-04-06,0.0,0.0,0.0,0.0,0.0
2008-04-07,0.0,0.0,0.0,0.0,0.0
2008-04-08,0.0,0.0,0.0,0.0,0.0
2008-04-09,0.0,0.0,0.0,0.0,0.0
2008-04-10,0.0,0.0,0.0,0.0,0.0
2008-04-11,0.0,0.0,0.0,0.0,0.0
2008-04-12,0.0,0.0,0.0,0.0,0.0
2008-04-13,0.0,0.0,0.0,0.0,0.0
2008-04-14,0.0,0.0,0.0,0.0,0.0
2008-04-15,0.0,0.0,0.0,0.0,0.0
2008-04-16,0.0,0.0,0.0,0.0,0.0
2008-04-17,0.0,0.0,0.0,0.0,0.0
2008-04-18,0.0,0.0,0.0,0.0,0.0
2008-04-19,0.0,0.0,0.0,0.0,0.0
2008-04-20,0.0,0.0,0.0,0.0,0.0
2008-04-21,0.0,0.0,0.0,0.0,0.0
2008-04-22,0.0,0.0,0.0,0.0,0.0
2008-04-23,0.0,0.0,0.0,0.0,0.0
2008-04-24,0.0,0.0,0.0,0.0,0.0
2008-04-25,0.0,0.0,0.0,0.0,0.0
2008-04-26,0.0,0.0,0.0,0.0,0.0
2008-04-27,0.0,0.0,0.0,0.0,0.0
2008-04-28,0.0,0.0,0.0,0.0,0.0
2008-04-29,0.0,0.0,0.0,0.0,0.0
2008-04-30,0.0,0.0,0.0,0.0,0.0
2008-05-01,0.0,0.0,0.0,0.0,0.0
2008-05-02,0.0,0.0,0.0,0.0,0.0
2008-05-03,0.0,0.0,0.0,0.0,0.0
2008-05-04,0.0,0.0,0.0,0.0,0.0
2008-05-05,0.0,0.0,0.0,0.0,0.0
2008-05-06,0.0,0.0,0.0,0.0,0.0
2008-05-07,0.0,0.0,0.0,0.0,0.0
2008-05-08,0.0,0.0,0.0,0.0,0.0
2008-05-09,0.0,0.0,0.0,0.0,0.0
2008-05-10,0.0,0.0,0.0,0.0,0.0
2008-05-11,0.0,0.0,0.0,0.0,0.0
2008-05-12,0.0,0.0,0.0,0.0,0.0
2008-05-13,0.0,0.0,0.0,0.0,0.0
2008-05-14,0.0,0.0,0.0,0.0,0.0
2008-05-15,0.0,0.0,0.0,0.0,0.0
2008-05-16,0.0,0.0,0.0,0.0,0.0
2008-05-17,0.0,0.0,0.0,0.0,0.0
2008-05-18,0.0,0.0,0.0,0.0,0.0
2008-05-19,0.0,0.0,0.0,0.0,0.0
2008-05-20,0.0,0.0,0.0,0.0,0.0
2008-05-21,0.0,0.0,0.0,0.0,0.0
2008-05-22,0.0,0.0,0.0,0.0,0.0
2008-05-23,0.0,0.0,0.0,0.0,0.0
2008-05-24,0.0,0.0,0.0,0.0,0.0
2008-05-25,0.0,0.0,0.0,0.0,0.0
2008-05-26,0.0,0.0,0.0,0.0,0.0
2008-05-27,0.0,0.0,0.0,0.0,0.0
2008-05-28,0.0,0.0,0.0,0.0,0.0
2008-05-29,0.0,0.0,0.0,0.0,0.0
2008-05-30,0.0,0.0,0.0,0.0,0.0
2008-05-31,0.0,0.0,0.0,0.0,0.0
2008-06-01,0.0,0.0,0.0,0.0,0.0
2008-06-02,0.0,0.0,0.0,0.0,0.0
2008-06-03,0.0,0.0,0.0,0.0,0.0
2008-06-04,0.0,0.0,0.0,0.0,0.0
2008-06-05,0.0,0.0,0.0,0.0,0.0
2008-06-06,0.0,0.0,0.0,0.0,0.0
2008-06-07,0.0,0.0,0.0,0.0,0.0
2008-06-08,0.0,0.0,0.0,0.0,0.0
2008-06-09,0.0,0.0,0.0,0.0,0.0
2008-06-10,0.0,0.0,0.0,0.0,0.0
2008-06-11,0.0,0.0,0.0,0.0,0.0
2008-06-12,0.0,0.0,0.0,0.0,0.0
2008-06-13,0.0,0.0,0.0,0.0,0.0
2008-06-14,0.0,0.0,0.0,0.0,0.0
2008-06-15,0.0,0.0,0.0,0.0,0.0
2008-06-16,0.0,0.0,0.0,0.0,0.0
2008-06-17,0.0,0.0,0.0,0.0,0.0
2008-06-18,0.0,0.0,0.0,0.0,0.0
2008-06-19,0.0,0.0,0.0,0.0,0.0
2008-06-20,0.0,0.0,0.0,0.0,0.0
2008-06-21,0.0,0.0,0.0,0.0,0.0
2008-06-22,0.0,0.0,0.0,0.0,0.0
2008-06-23,0.0,0.0,0.0,0.0,0.0
2008-06-24,0.0,0.0,0.0,0.0,0.0
2008-06-25,0.0,0.0,0.0,0.0,0.0
2008-06-26,0.0,0.0,0.0,0.0,0.0
2008-06-27,0.0,0.0,0.0,0.0,0.0
2008-06-28,0.0,0.0,0.0,0.0,0.0
2008-06-29,0.0,0.0,0.0,0.0,0.0
2008-06-30,0.0,0.0,0.0,0.0,0.0
2008-07-01,0.0,0.0,0.0,0.0,0.0
2008-07-02,0.0,0.0,0.0,0.0,0.0
2008-07-03,0.0,0.0,0.0,0.0,0.0
2008-07-04,0.0,0.0,0.0,0.0,0.0
2008-07-05,0.0,0.0,0.0,0.0,0.0
2008-07-06,0.0,0.0,0.0,0.0,0.0
2008-07-07,0.0,0.0,0.0,0.0,0.0
2008-07-08,0.0,0.0,0.0,0.0,0.0
2008-07-09,0.0,0.0,0.0,0.0,0.0
2008-07-10,0.0,0.0,0.0,0.0,0.0
2008-07-11,0.0,0.0,0.0,0.0,0.0
2008-07-12,0.0,0.0,0.0,0.0,0.0
2008-07-13,0.0,0.0,0.0,0.0,0.0
2008-07-14,0.0,0.0,0.0,0.0,0.0
2008-07-15,0.0,0.0,0.0,0.0,0.0
2008-07-16,0.0,0.0,0.0,0.0,0.0
2008-07-17,0.0,0.0,0.0,0.0,0.0
2008-07-18,0.0,0.0,0.0,0.0,0.0
2008-07-19,0.0,0.0,0.0,0.0,0.0
2008-07-20,0.0,0.0,0.0,0.0,0.0
2008-07-21,0.0,0.0,0.0,0.0,0.0
2008-07-22,0.0,0.0,0.0,0.0,0.0
2008-07-23,0.0,0.0,0.0,0.0,0.0
2008-07-24,0.0,0.0,0.0,0.0,0.0
2008-07-25,0.0,0.0,0.0,0.0,0.0
2008-07-26,0.0,0.0,0.0,0.0,0.0
2008-07-27,0.0,0.0,0.0,0.0,0.0
2008-07-28,0.0,0.0,0.0,0.0,0.0
2008-07-29,0.0,0.0,0.0,0.0,0.0
2008-07-30,0.0,0.0,0.0,0.0,0.0
2008-07-31,0.0,0.0,0.0,0.0,0.0
2008-08-01,0.0,0.0,0.0,0.0,0.0
2008-08-02,0.0,0.0,0.0,0.0,0.0
2008-08-03,0.0,0.0,0.0,0.0,0.0
2008-08-04,0.0,0.0,0.0,0.0,0.0
2008-08-05,0.0,0.0,0.0,0.0,0.0
2008-08-06,0.0,0.0,0.0,0.0,0.0
2008-08-07,0.0,0.0,0.0,0.0,0.0
2008-08-08,0.0,0.0,0.0,0.0,0.0
2008-08-09,0.0,0.0,0.0,0.0,0.0
2008-08-10,0.0,0.0,0.0,0.0,0.0
2008-08-11,0.0,0.0,0.0,0.0,0.0
2008-08-12,0.0,0.0,0.0,0.0,0.0
2008-08-13,0.0,0.0,0.0,0.0,0.0
2008-08-14,0.0,0.0,0.0,0.0,0.0
2008-08-15,0.0,0.0,0.0,0.0,0.0
2008-08-16,0.0,0.0,0.0,0.0,0.0
2008-08-17,0.0,0.0,0.0,0.0,0.0
2008-08-18,0.0,0.0,0.0,0.0,0.0
2008-08-19,0.0,0.0,0.0,0.0,0.0
2008-08-20,0.0,0.0,0.0,0.0,0.0
2008-08-21,0.0,0.0,0.0,0.0,0.0
2008-08-22,0.0,0.0,0.0,0.0,0.0
2008-08-23,0.0,0.0,0.0,0.0,0.0
2008-08-24,0.0,0.0,0.0,0.0,0.0
2008-08-25,0.0,0.0,0.0,0.0,0.0
2008-08-26,0.0,0.0,0.0,0.0,0.0
2008-08-27,0.0,0.0,0.0,0.0,0.0
2008-08-28,0.0,0.0,0.0,0.0,0.0
2008-08-29,0.0,0.0,0.0,0.0,0.0
2008-08-30,0.0,0.0,0.0,0.0,0.0
2008-08-31,0.0,0.0,0.0,0.0,0.0
2008-09-01,0.0,0.0,0.0,0.0,0.0
2008-09-02,0.0,0.0,0.0,0.0,0.0
2008-09-03,0.0,0.0,0.0,0.0,0.0
2008-09-04,0.0,0.0,0.0,0.0,0.0
2008-09-05,0.0,0.0,0.0,0.0,0.0
2008-09-06,0.0,0.0,0.0,0.0,0.0
2008-09-07,0.0,0.0,0.0,0.0,0.0
2008-09-08,0.0,0.0,0.0,0.0,0.0
2008-09-09,0.0,0.0,0.0,0.0,0.0
2008-09-10,0.0,0.0,0.0,0.0,0.0
2008-09-11,0.0,0.0,0.0,0.0,0.0
2008-09-12,0.0,0.0,0.0,0.0,0.0
2008-09-13,0.0,0.0,0.0,0.0,0.0
2008-09-14,0.0,0.0,0.0,0.0,0.0
2008-09-15,0.0,0.0,0.0,0.0,0.0
2008-09-16,0.0,0.0,0.0,0.0,0.0
2008-09-17,0.0,0.0,0.0,0.0,0.0
2008-09-18,0.0,0.0,0.0,0.0,0.0
2008-09-19,0.0,0.0,0.0,0.0,0.0
2008-09-20,0.0,0.0,0.0,0.0,0.0
2008-09-21,0.0,0.0,0.0,0.0,0.0
2008-09-22,0.0,0.0,0.0,0.0,0.0
2008-09-23,0.0,0.0,0.0,0.0,0.0
2008-09-24,0.0,0.0,0.0,0.0,0.0
2008-09-25,0.0,0.0,0.0,0.0,0.0
2008-09-26,0.0,0.0,0.0,0.0,0.0
2008-09-27,0.0,0.0,0.0,0.0,0.0
2008-09-28,0.0,0.0,0.0,0.0,0.0
2008-09-29,0.0,0.0,0.0,0.0,0.0
2008-09-30,0.0,0.0,0.0,0.0,0.0
2008-10-01,0.0,0.0,0.0,0.0,0.0
2008-10-02,0.0,0.0,0.0,0.0,0.0
2008-10-03,0.0,0.0,0.0,0.0,0.0
2008-10-04,4.083,1097.13,34.13,456.39,606.61
2008-10-05,0.198,540.07,18.05,221.88,300.14
2008-10-06,0.01,149.14,17.61,0.02,131.51
2008-10-07,0.002,22.61,16.29,0.0,6.31
2008-10-08,0.002,16.84,15.99,0.0,0.85
2008-10-09,0.001,16.81,16.01,0.0,0.8
2008-10-10,0.001,16.82,16.02,0.0,0.79
2008-10-11,0.001,16.68,15.88,0.0,0.8
2008-10-12,0.001,16.74,15.94,0.0,0.8
2008-10-13,0.001,16.71,15.91,0.0,0.8
2008-10-14,0.001,16.74,15.93,0.0,0.8
2008-10-15,0.0,16.75,15.96,0.0,0.8
2008-10-16,0.0,16.76,15.96,0.0,0.8
2008-10-17,0.0,16.87,16.07,0.0,0.8
2008-10-18,0.0,16.74,15.95,0.0,0.78
2008-10-19,0.0,16.77,15.97,0.0,0.8
2008-10-20,0.0,16.66,15.86,0.0,0.8
2008-10-21,0.0,16.82,16.02,0.0,0.8
2008-10-22,0.0,16.93,16.15,0.0,0.78
2008-10-23,0.0,16.81,16.02,0.0,0.79
2008-10-24,0.0,16.77,15.96,0.0,0.8
2008-10-25,0.0,16.84,16.05,0.0,0.79
2008-10-26,0.0,17.02,16.23,0.0,0.79
2008-10-27,0.0,16.84,16.08,0.0,0.76
2008-10-28,0.0,16.79,16.05,0.0,0.75
2008-10-29,0.0,18.29,18.08,0.0,0.22
2008-10-30,0.0,18.12,18.08,0.0,0.04
2008-10-31,0.0,0.0,0.0,0.0,0.0
2008-11-01,12.1,459.08,35.8,170.7,252.57
2008-11-02,1.437,211.92,16.43,75.44,120.05
2008-11-03,3.954,208.94,20.29,81.38,107.27
2008-11-04,1.351,164.13,16.86,63.59,83.68
2008-11-05,0.178,87.0,17.84,29.75,39.42
2008-11-06,0.022,25.16,16.57,0.06,8.54
2008-11-07,0.014,17.13,16.01,0.0,1.13
2008-11-08,0.011,17.02,16.11,0.0,0.91
2008-11-09,0.007,16.82,15.98,0.0,0.84
2008-11-10,0.006,16.86,16.01,0.0,0.85
2008-11-11,0.005,16.85,16.02,0.0,0.83
2008-11-12,0.003,16.83,16.01,0.0,0.81
2008-11-13,0.002,16.82,16.02,0.0,0.81
2008-11-14,0.002,16.91,16.11,0.0,0.79
2008-11-15,0.001,16.8,16.01,0.0,0.79
2008-11-16,0.001,16.8,16.0,0.0,0.8
2008-11-17,0.001,16.83,16.03,0.0,0.79
2008-11-18,0.001,16.81,16.02,0.0,0.79
2008-11-19,0.0,16.81,16.02,0.0,0.79
2008-11-20,0.0,16.8,16.01,0.0,0.79
2008-11-21,0.0,16.91,16.12,0.0,0.79
2008-11-22,0.0,16.82,16.03,0.0,0.78
2008-11-23,0.0,16.88,16.09,0.0,0.79
2008-11-24,0.0,17.05,16.27,0.0,0.78
2008-11-25,0.0,17.18,16.42,0.0,0.76
2008-11-26,0.23,47.78,14.84,14.21,18.74
2008-11-27,0.101,49.02,18.01,12.89,18.11
2008-11-28,0.005,25.54,17.91,0.0,7.62
2008-11-29,0.0,17.81,16.76,0.0,1.05
2008-11-30,0.0,16.98,16.2,0.0,0.78
2008-12-01,0.0,16.89,16.12,0.0,0.77
2008-12-02,0.0,16.83,16.04,0.0,0.79
2008-12-03,0.0,16.91,16.13,0.0,0.78
2008-12-04,0.0,16.93,16.14,0.0,0.78
2008-12-05,0.0,17.44,16.67,0.0,0.77
2008-12-06,0.0,18.26,18.08,0.0,0.19
2008-12-07,0.0,18.11,18.08,0.0,0.03
2008-12-08,0.0,0.0,0.0,0.0,0.0
2008-12-09,0.0,0.0,0.0,0.0,0.0
2008-12-10,0.0,0.0,0.0,0.0,0.0
2008-12-11,0.0,0.0,0.0,0.0,0.0
2008-12-12,0.0,0.0,0.0,0.0,0.0
2008-12-13,0.0,0.0,0.0,0.0,0.0
2008-12-14,1.665,183.59,18.82,71.15,93.62
2008-12-15,2.129,112.3,16.54,41.35,54.41
2008-12-16,1.743,118.88,16.12,44.37,58.38
2008-12-17,0.178,108.25,18.01,38.59,51.66
2008-12-18,0.013,34.58,17.15,0.0,17.42
2008-12-19,1.684,214.47,16.51,85.48,112.48
2008-12-20,0.141,157.26,17.96,59.08,80.23
2008-12-21,1.212,89.43,14.46,32.28,42.69
2008-12-22,0.934,85.12,17.52,29.19,38.41
2008-12-23,0.639,126.39,15.86,47.73,62.8
2008-12-24,1.051,75.82,15.51,26.04,34.26
2008-12-25,4.533,209.24,21.54,81.06,106.65
2008-12-26,0.266,124.76,17.92,46.14,60.7
2008-12-27,0.029,35.2,16.69,3.45,15.06
2008-12-28,0.016,17.38,15.97,0.0,1.41
2008-12-29,0.014,16.87,15.92,0.0,0.95
2008-12-30,0.012,16.88,15.96,0.0,0.92
2008-12-31,0.01,16.84,15.94,0.0,0.89
2009-01-01,0.008,16.89,16.01,0.0,0.88
2009-01-02,0.007,16.8,15.94,0.0,0.86
2009-01-03,0.005,16.94,16.1,0.0,0.84
2009-01-04,0.004,16.71,15.87,0.0,0.84
2009-01-05,0.003,16.95,16.15,0.0,0.8
2009-01-06,0.004,16.36,15.51,0.0,0.86
2009-01-07,0.004,16.8,15.95,0.0,0.84
2009-01-08,0.003,16.84,16.01,0.0,0.82
2009-01-09,0.002,17.32,16.51,0.0,0.81
2009-01-10,0.0,17.46,16.89,0.0,0.57
2009-01-11,0.0,16.88,16.1,0.0,0.78
2009-01-12,0.0,17.4,16.67,0.0,0.73
2009-01-13,0.0,16.94,16.16,0.0,0.78
2009-01-14,0.0,16.95,16.15,0.0,0.8
2009-01-15,0.0,17.41,16.66,0.0,0.75
2009-01-16,0.0,18.25,18.08,0.0,0.18
2009-01-17,0.0,18.11,18.08,0.0,0.03
2009-01-18,0.0,0.0,0.0,0.0,0.0
2009-01-19,0.0,0.0,0.0,0.0,0.0
2009-01-20,0.0,0.0,0.0,0.0,0.0
2009-01-21,0.15,36.39,6.03,13.11,17.26
2009-01-22,5.55,249.17,24.55,97.0,127.63
2009-01-23,1.354,78.94,15.68,27.32,35.95
2009-01-24,0.483,60.95,17.36,18.82,24.77
2009-01-25,0.032,32.89,17.36,5.05,10.47
2009-01-26,0.011,17.49,16.16,0.0,1.33
2009-01-27,0.008,16.78,15.9,0.0,0.87
2009-01-28,0.008,16.78,15.9,0.0,0.87
2009-01-29,0.006,16.92,16.07,0.0,0.85
2009-01-30,0.004,16.79,15.95,0.0,0.83
2009-01-31,0.004,16.84,16.01,0.0,0.83
2009-02-01,0.003,17.07,16.25,0.0,0.82
2009-02-02,0.001,16.91,16.15,0.0,0.75
2009-02-03,0.001,16.83,16.05,0.0,0.79
2009-02-04,0.001,16.81,16.02,0.0,0.79
2009-02-05,0.0,16.75,15.95,0.0,0.8
2009-02-06,1.739,123.52,15.3,46.73,61.49
2009-02-07,0.597,93.6,17.7,32.77,43.12
2009-02-08,0.37,86.03,13.28,31.21,41.55
2009-02-09,0.777,87.23,16.95,30.34,39.95
2009-02-10,0.086,51.73,14.7,14.99,22.03
2009-02-11,1.501,184.87,14.82,73.42,96.64
2009-02-12,1.043,145.44,17.59,55.21,72.64
2009-02-13,4.003,216.61,17.71,85.89,113.01
2009-02-14,1.967,149.55,19.69,56.08,73.79
2009-02-15,8.422,205.96,26.04,77.64,102.29
2009-02-16,8.853,247.19,28.72,93.16,125.3
2009-02-17,9.16,192.13,25.38,71.95,94.8
2009-02-18,1.545,117.92,18.68,42.86,56.39
2009-02-19,0.373,27.95,16.22,5.06,6.66
2009-02-20,0.277,18.28,15.96,1.01,1.32
2009-02-21,0.235,17.96,15.95,0.87,1.14
2009-02-22,6.739,182.08,23.7,68.39,89.99
2009-02-23,3.103,139.27,21.09,51.03,67.14
2009-02-24,3.467,181.88,20.77,69.57,91.54
2009-02-25,0.626,40.9,16.45,10.56,13.89
2009-02-26,0.601,26.3,15.82,4.52,5.95
2009-02-27,0.375,19.56,16.09,1.5,1.97
2009-02-28,0.29,18.02,15.97,0.88,1.16
2009-03-01,1.506,115.08,15.6,42.95,56.52
2009-03-02,5.905,198.78,24.73,75.16,98.89
2009-03-03,6.553,211.62,22.86,81.51,107.25
2009-03-04,2.263,96.68,19.03,33.53,44.12
2009-03-05,4.992,259.87,23.35,102.14,134.39
2009-03-06,0.96,52.82,16.33,15.76,20.73
2009-03-07,0.651,19.29,16.0,1.42,1.87
2009-03-08,0.516,18.03,15.99,0.88,1.16
2009-03-09,0.404,17.99,15.99,0.86,1.14
2009-03-10,0.325,17.97,15.97,0.86,1.14
2009-03-11,0.263,17.98,15.98,0.86,1.14
2009-03-12,0.21,17.98,15.98,0.86,1.14
2009-03-13,0.166,17.99,15.99,0.86,1.14
2009-03-14,0.13,18.0,16.0,0.86,1.14
2009-03-15,0.111,17.92,15.92,0.86,1.14
2009-03-16,0.093,17.95,15.95,0.86,1.14
2009-03-17,0.068,17.94,16.1,0.7,1.13
2009-03-18,0.05,17.66,16.02,0.5,1.13
2009-03-19,0.037,17.37,16.05,0.2,1.12
2009-03-20,0.028,17.15,16.02,0.02,1.1
2009-03-21,0.021,17.26,16.18,0.01,1.07
2009-03-22,1.707,128.01,15.64,48.52,63.84
2009-03-23,0.182,83.4,17.43,28.49,37.48
2009-03-24,0.052,23.26,16.16,2.77,4.33
2009-03-25,0.036,17.55,16.1,0.21,1.24
2009-03-26,0.026,17.15,16.03,0.02,1.1
2009-03-27,0.02,17.11,16.05,0.01,1.06
2009-03-28,0.015,17.06,16.08,0.0,0.98
2009-03-29,0.01,17.22,16.3,0.0,0.92
2009-03-30,0.003,16.8,16.07,0.0,0.72
2009-03-31,0.003,17.19,16.33,0.0,0.86
2009-04-01,0.001,17.34,16.66,0.0,0.68
2009-04-02,0.0,17.53,16.87,0.0,0.66
2009-04-03,0.0,18.23,18.08,0.0,0.16
2009-04-04,0.0,18.1,18.08,0.0,0.02
2009-04-05,0.0,18.08,18.08,0.0,0.01
2009-04-06,0.0,0.0,0.0,0.0,0.0
2009-04-07,0.854,89.57,14.95,32.23,42.4
2009-04-08,2.639,146.56,17.69,55.65,73.22
2009-04-09,0.268,104.56,17.61,37.55,49.4
2009-04-10,0.051,28.88,16.47,4.86,7.55
2009-04-11,0.033,17.44,16.01,0.08,1.35
2009-04-12,0.026,17.13,16.0,0.02,1.1
2009-04-13,0.02,17.17,16.09,0.01,1.07
2009-04-14,0.011,17.36,16.41,0.0,0.94
2009-04-15,0.007,16.44,15.58,0.0,0.86
2009-04-16,0.008,16.92,16.01,0.0,0.9
2009-04-17,0.005,16.96,16.11,0.0,0.85
2009-04-18,0.003,17.17,16.35,0.0,0.82
2009-04-19,0.001,17.63,16.91,0.0,0.72
2009-04-20,0.0,18.23,18.08,0.0,0.15
2009-04-21,0.0,18.1,18.08,0.0,0.02
2009-04-22,0.0,18.08,18.08,0.0,0.0
2009-04-23,0.0,0.0,0.0,0.0,0.0
2009-04-24,0.0,0.0,0.0,0.0,0.0
2009-04-25,0.0,0.0,0.0,0.0,0.0
2009-04-26,0.0,0.0,0.0,0.0,0.0
2009-04-27,0.0,0.0,0.0,0.0,0.0
2009-04-28,0.0,0.0,0.0,0.0,0.0
2009-04-29,0.0,0.0,0.0,0.0,0.0
2009-04-30,0.0,0.0,0.0,0.0,0.0
2009-05-01,1.452,139.82,16.86,53.1,69.86
2009-05-02,2.09,168.99,16.59,65.81,86.59
2009-05-03,0.511,101.47,16.83,36.55,48.09
2009-05-04,0.07,45.56,17.43,11.44,16.69
2009-05-05,1.257,95.15,15.63,34.32,45.19
2009-05-06,0.135,61.55,17.63,18.61,25.31
2009-05-07,0.027,20.53,16.37,0.03,4.13
2009-05-08,0.017,17.15,16.05,0.0,1.09
2009-05-09,0.011,17.02,16.09,0.0,0.94
2009-05-10,0.007,17.28,16.39,0.0,0.89
2009-05-11,0.002,17.18,16.44,0.0,0.75
2009-05-12,0.002,16.92,16.1,0.0,0.82
2009-05-13,0.0,17.19,16.49,0.0,0.7
2009-05-14,0.0,16.87,16.1,0.0,0.76
2009-05-15,0.0,17.01,16.22,0.0,0.79
2009-05-16,0.0,17.44,16.68,0.0,0.76
2009-05-17,0.0,17.64,17.23,0.0,0.4
2009-05-18,0.0,18.18,18.08,0.0,0.11
2009-05-19,0.0,0.0,0.0,0.0,0.0
2009-05-20,0.0,0.0,0.0,0.0,0.0
2009-05-21,0.0,0.0,0.0,0.0,0.0
2009-05-22,0.0,0.0,0.0,0.0,0.0
2009-05-23,0.0,0.0,0.0,0.0,0.0
2009-05-24,0.0,0.0,0.0,0.0,0.0
2009-05-25,0.0,0.0,0.0,0.0,0.0
2009-05-26,0.0,0.0,0.0,0.0,0.0
2009-05-27,0.0,0.0,0.0,0.0,0.0
2009-05-28,0.0,0.0,0.0,0.0,0.0
2009-05-29,0.0,0.0,0.0,0.0,0.0
2009-05-30,0.0,0.0,0.0,0.0,0.0
2009-05-31,0.0,0.0,0.0,0.0,0.0
2009-06-01,0.0,0.0,0.0,0.0,0.0
2009-06-02,0.0,0.0,0.0,0.0,0.0
2009-06-03,0.0,0.0,0.0,0.0,0.0
2009-06-04,0.0,0.0,0.0,0.0,0.0
2009-06-05,0.0,0.0,0.0,0.0,0.0
2009-06-06,0.0,0.0,0.0,0.0,0.0
2009-06-07,0.0,0.0,0.0,0.0,0.0
2009-06-08,0.0,0.0,0.0,0.0,0.0
2009-06-09,0.0,0.0,0.0,0.0,0.0
2009-06-10,0.0,0.0,0.0,0.0,0.0
2009-06-11,0.0,0.0,0.0,0.0,0.0
2009-06-12,0.0,0.0,0.0,0.0,0.0
2009-06-13,0.0,0.0,0.0,0.0,0.0
2009-06-14,0.0,0.0,0.0,0.0,0.0
2009-06-15,0.0,0.0,0.0,0.0,0.0
2009-06-16,0.0,0.0,0.0,0.0,0.0
2009-06-17,0.0,0.0,0.0,0.0,0.0
2009-06-18,0.0,0.0,0.0,0.0,0.0
2009-06-19,0.0,0.0,0.0,0.0,0.0
2009-06-20,0.0,0.0,0.0,0.0,0.0
2009-06-21,0.0,0.0,0.0,0.0,0.0
2009-06-22,0.0,0.0,0.0,0.0,0.0
2009-06-23,0.0,0.0,0.0,0.0,0.0
2009-06-24,0.0,0.0,0.0,0.0,0.0
2009-06-25,0.0,0.0,0.0,0.0,0.0
2009-06-26,0.0,0.0,0.0,0.0,0.0
2009-06-27,0.0,0.0,0.0,0.0,0.0
2009-06-28,0.0,0.0,0.0,0.0,0.0
2009-06-29,0.0,0.0,0.0,0.0,0.0
2009-06-30,0.0,0.0,0.0,0.0,0.0
2009-07-01,0.0,0.0,0.0,0.0,0.0
2009-07-02,0.0,0.0,0.0,0.0,0.0
2009-07-03,0.0,0.0,0.0,0.0,0.0
2009-07-04,0.0,0.0,0.0,0.0,0.0
2009-07-05,0.0,0.0,0.0,0.0,0.0
2009-07-06,0.0,0.0,0.0,0.0,0.0
2009-07-07,0.0,0.0,0.0,0.0,0.0
2009-07-08,0.0,0.0,0.0,0.0,0.0
2009-07-09,0.0,0.0,0.0,0.0,0.0
2009-07-10,0.0,0.0,0.0,0.0,0.0
2009-07-11,0.0,0.0,0.0,0.0,0.0
2009-07-12,0.0,0.0,0.0,0.0,0.0
2009-07-13,0.0,0.0,0.0,0.0,0.0
2009-07-14,0.0,0.0,0.0,0.0,0.0
2009-07-15,0.0,0.0,0.0,0.0,0.0
2009-07-16,0.0,0.0,0.0,0.0,0.0
2009-07-17,0.0,0.0,0.0,0.0,0.0
2009-07-18,0.0,0.0,0.0,0.0,0.0
2009-07-19,0.0,0.0,0.0,0.0,0.0
2009-07-20,0.0,0.0,0.0,0.0,0.0
2009-07-21,0.0,0.0,0.0,0.0,0.0
2009-07-22,0.0,0.0,0.0,0.0,0.0
2009-07-23,0.0,0.0,0.0,0.0,0.0
2009-07-24,0.0,0.0,0.0,0.0,0.0
2009-07-25,0.0,0.0,0.0,0.0,0.0
2009-07-26,0.0,0.0,0.0,0.0,0.0
2009-07-27,0.0,0.0,0.0,0.0,0.0
2009-07-28,0.0,0.0,0.0,0.0,0.0
2009-07-29,0.0,0.0,0.0,0.0,0.0
2009-07-30,0.0,0.0,0.0,0.0,0.0
2009-07-31,0.0,0.0,0.0,0.0,0.0
2009-08-01,0.0,0.0,0.0,0.0,0.0
2009-08-02,0.0,0.0,0.0,0.0,0.0
2009-08-03,0.0,0.0,0.0,0.0,0.0
2009-08-04,0.0,0.0,0.0,0.0,0.0
2009-08-05,0.0,0.0,0.0,0.0,0.0
2009-08-06,0.0,0.0,0.0,0.0,0.0
2009-08-07,0.0,0.0,0.0,0.0,0.0
2009-08-08,0.0,0.0,0.0,0.0,0.0
2009-08-09,0.0,0.0,0.0,0.0,0.0
2009-08-10,0.0,0.0,0.0,0.0,0.0
2009-08-11,0.0,0.0,0.0,0.0,0.0
2009-08-12,0.0,0.0,0.0,0.0,0.0
2009-08-13,0.0,0.0,0.0,0.0,0.0
2009-08-14,0.0,0.0,0.0,0.0,0.0
2009-08-15,0.0,0.0,0.0,0.0,0.0
2009-08-16,0.0,0.0,0.0,0.0,0.0
2009-08-17,0.0,0.0,0.0,0.0,0.0
2009-08-18,0.0,0.0,0.0,0.0,0.0
2009-08-19,0.0,0.0,0.0,0.0,0.0
2009-08-20,0.0,0.0,0.0,0.0,0.0
2009-08-21,0.0,0.0,0.0,0.0,0.0
2009-08-22,0.0,0.0,0.0,0.0,0.0
2009-08-23,0.0,0.0,0.0,0.0,0.0
2009-08-24,0.0,0.0,0.0,0.0,0.0
2009-08-25,0.0,0.0,0.0,0.0,0.0
2009-08-26,0.0,0.0,0.0,0.0,0.0
2009-08-27,0.0,0.0,0.0,0.0,0.0
2009-08-28,0.0,0.0,0.0,0.0,0.0
2009-08-29,0.0,0.0,0.0,0.0,0.0
2009-08-30,0.0,0.0,0.0,0.0,0.0
2009-08-31,0.0,0.0,0.0,0.0,0.0
2009-09-01,0.0,0.0,0.0,0.0,0.0
2009-09-02,0.0,0.0,0.0,0.0,0.0
2009-09-03,0.0,0.0,0.0,0.0,0.0
2009-09-04,0.0,0.0,0.0,0.0,0.0
2009-09-05,0.0,0.0,0.0,0.0,0.0
2009-09-06,0.0,0.0,0.0,0.0,0.0
2009-09-07,0.0,0.0,0.0,0.0,0.0
2009-09-08,0.0,0.0,0.0,0.0,0.0
2009-09-09,0.0,0.0,0.0,0.0,0.0
2009-09-10,0.0,0.0,0.0,0.0,0.0
2009-09-11,0.0,0.0,0.0,0.0,0.0
2009-09-12,0.0,0.0,0.0,0.0,0.0
2009-09-13,0.0,0.0,0.0,0.0,0.0
2009-09-14,2.247,233.04,18.15,92.79,122.1
2009-09-15,0.185,187.47,18.06,72.36,97.05
2009-09-16,0.008,65.76,17.89,0.0,47.87
2009-09-17,0.001,20.75,16.64,0.0,4.11
2009-09-18,0.001,16.94,16.12,0.0,0.82
2009-09-19,0.0,16.68,15.89,0.0,0.8
2009-09-20,0.0,16.76,15.96,0.0,0.8
2009-09-21,0.0,16.81,16.01,0.0,0.79
2009-09-22,0.0,16.8,16.0,0.0,0.8
2009-09-23,0.0,16.87,16.08,0.0,0.79
2009-09-24,0.0,16.59,15.81,0.0,0.78
2009-09-25,0.0,16.7,15.89,0.0,0.81
2009-09-26,0.0,16.89,16.1,0.0,0.79
2009-09-27,0.0,17.16,16.37,0.0,0.79
2009-09-28,0.0,16.97,16.29,0.0,0.68
2009-09-29,0.0,18.3,18.08,0.0,0.22
2009-09-30,0.0,16.51,15.67,0.0,0.84
2009-10-01,0.0,18.31,18.08,0.0,0.23
2009-10-02,0.0,18.12,18.08,0.0,0.05
2009-10-03,0.0,0.0,0.0,0.0,0.0
2009-10-04,0.0,0.0,0.0,0.0,0.0
2009-10-05,0.0,0.0,0.0,0.0,0.0
2009-10-06,0.0,0.0,0.0,0.0,0.0
2009-10-07,0.0,0.0,0.0,0.0,0.0
2009-10-08,0.0,0.0,0.0,0.0,0.0
2009-10-09,0.0,0.0,0.0,0.0,0.0
2009-10-10,0.0,0.0,0.0,0.0,0.0
2009-10-11,0.0,0.0,0.0,0.0,0.0
2009-10-12,0.0,0.0,0.0,0.0,0.0
2009-10-13,27.541,816.42,49.6,317.88,448.93
2009-10-14,2.365,288.47,17.92,109.89,160.66
2009-10-15,0.212,146.11,17.49,53.74,74.88
2009-10-16,0.05,30.82,16.31,5.48,9.03
2009-10-17,0.032,17.57,16.11,0.02,1.44
2009-10-18,0.022,17.11,16.04,0.01,1.07
2009-10-19,3.357,1030.21,26.18,431.93,572.1
2009-10-20,0.94,621.66,17.51,259.91,344.23
2009-10-21,0.073,214.43,17.39,80.42,116.61
2009-10-22,0.021,27.21,16.21,0.01,10.99
2009-10-23,0.014,17.24,16.05,0.0,1.18
2009-10-24,0.01,16.93,16.02,0.0,0.91
2009-10-25,0.008,16.99,16.1,0.0,0.88
2009-10-26,0.005,17.11,16.27,0.0,0.84
2009-10-27,0.001,17.44,16.78,0.0,0.66
2009-10-28,0.0,16.96,16.22,0.0,0.74
2009-10-29,0.0,16.92,16.13,0.0,0.79
2009-10-30,0.0,17.0,16.22,0.0,0.78
2009-10-31,0.0,17.13,16.36,0.0,0.77
2009-11-01,0.0,17.36,16.61,0.0,0.75
2009-11-02,0.0,18.26,18.08,0.0,0.19
2009-11-03,0.0,18.11,18.08,0.0,0.03
2009-11-04,0.0,0.0,0.0,0.0,0.0
2009-11-05,0.0,0.0,0.0,0.0,0.0
2009-11-06,0.0,0.0,0.0,0.0,0.0
2009-11-07,0.0,0.0,0.0,0.0,0.0
2009-11-08,0.0,0.0,0.0,0.0,0.0
2009-11-09,0.0,0.0,0.0,0.0,0.0
2009-11-10,0.0,0.0,0.0,0.0,0.0
2009-11-11,0.0,0.0,0.0,0.0,0.0
2009-11-12,0.0,0.0,0.0,0.0,0.0
2009-11-13,0.0,0.0,0.0,0.0,0.0
2009-11-14,0.0,0.0,0.0,0.0,0.0
2009-11-15,0.0,0.0,0.0,0.0,0.0
2009-11-16,0.0,0.0,0.0,0.0,0.0
2009-11-17,0.0,0.0,0.0,0.0,0.0
2009-11-18,0.0,0.0,0.0,0.0,0.0
2009-11-19,0.0,0.0,0.0,0.0,0.0
2009-11-20,0.546,126.96,17.09,47.45,62.43
2009-11-21,0.146,98.94,18.06,34.26,46.62
2009-11-22,0.007,39.27,17.81,0.0,21.46
2009-11-23,0.001,18.39,16.67,0.0,1.72
2009-11-24,0.0,17.02,16.25,0.0,0.77
2009-11-25,0.0,16.84,16.06,0.0,0.78
2009-11-26,0.0,16.82,16.03,0.0,0.79
2009-11-27,0.0,17.19,16.41,0.0,0.78
2009-11-28,0.404,120.43,15.63,45.25,59.55
2009-11-29,0.037,85.59,17.98,24.32,43.29
2009-11-30,0.002,29.53,17.69,0.0,11.84
2009-12-01,0.0,17.42,16.34,0.0,1.08
2009-12-02,0.0,16.79,16.0,0.0,0.79
2009-12-03,0.0,16.79,16.0,0.0,0.79
2009-12-04,0.0,16.89,16.11,0.0,0.79
2009-12-05,0.0,16.77,15.99,0.0,0.79
2009-12-06,0.139,20.62,3.12,7.55,9.94
2009-12-07,4.313,173.29,19.86,66.26,87.18
2009-12-08,0.347,161.99,18.03,62.17,81.8
2009-12-09,0.02,60.42,17.49,7.9,35.03
2009-12-10,0.004,18.96,16.29,0.0,2.67
2009-12-11,1.319,99.55,14.3,36.81,48.44
2009-12-12,3.669,143.11,18.55,53.79,70.77
2009-12-13,4.005,115.91,17.85,42.35,55.72
2009-12-14,0.829,77.94,17.77,25.98,34.19
2009-12-15,0.069,36.89,17.16,8.01,11.71
2009-12-16,0.027,17.78,16.0,0.01,1.78
2009-12-17,0.023,17.01,15.92,0.01,1.08
2009-12-18,0.02,16.95,15.92,0.0,1.02
2009-12-19,0.018,16.92,15.92,0.0,0.99
2009-12-20,0.016,16.89,15.92,0.0,0.96
2009-12-21,0.014,17.07,16.12,0.0,0.95
2009-12-22,0.006,17.04,16.22,0.0,0.82
2009-12-23,0.007,16.48,15.6,0.0,0.87
2009-12-24,0.007,16.91,16.03,0.0,0.88
2009-12-25,0.006,16.65,15.8,0.0,0.85
2009-12-26,0.58,39.37,6.77,14.07,18.53
2009-12-27,2.941,302.06,20.84,121.44,159.79
2009-12-28,0.181,200.8,17.87,78.61,104.32
2009-12-29,0.044,21.92,9.41,0.63,11.89
2009-12-30,0.483,79.1,16.29,27.11,35.7
2009-12-31,0.049,52.13,17.45,13.4,21.28
2010-01-01,0.015,18.29,16.06,0.0,2.23
2010-01-02,0.013,16.82,15.86,0.0,0.95
2010-01-03,0.012,16.87,15.95,0.0,0.92
2010-01-04,0.011,16.82,15.91,0.0,0.91
2010-01-05,0.009,16.89,16.0,0.0,0.89
2010-01-06,0.007,16.93,16.06,0.0,0.87
2010-01-07,0.006,16.61,15.75,0.0,0.85
2010-01-08,0.006,16.76,15.91,0.0,0.85
2010-01-09,0.005,16.92,16.07,0.0,0.85
2010-01-10,0.004,16.99,16.15,0.0,0.83
2010-01-11,0.002,17.28,16.49,0.0,0.78
2010-01-12,0.998,84.44,14.52,30.16,39.77
2010-01-13,1.049,125.87,16.9,47.06,61.92
2010-01-14,0.094,77.75,17.82,24.86,35.07
2010-01-15,0.012,23.45,16.64,0.0,6.81
2010-01-16,0.006,17.29,16.33,0.0,0.96
2010-01-17,0.004,16.53,15.7,0.0,0.83
2010-01-18,5.583,446.79,28.16,177.49,241.14
2010-01-19,9.802,330.17,29.48,125.67,175.03
2010-01-20,12.818,1363.19,43.38,558.78,761.02
2010-01-21,4.493,235.68,22.84,91.17,121.67
2010-01-22,4.017,133.04,19.17,49.16,64.71
2010-01-23,2.826,105.82,16.92,38.39,50.51
2010-01-24,0.598,47.78,16.75,13.4,17.63
2010-01-25,2.715,98.67,15.41,35.95,47.31
2010-01-26,3.995,215.63,20.27,84.36,111.0
2010-01-27,0.762,99.95,16.84,35.89,47.22
2010-01-28,0.386,22.09,16.02,2.62,3.45
2010-01-29,0.802,62.11,14.4,20.6,27.11
2010-01-30,0.818,63.28,17.22,19.89,26.17
2010-01-31,0.566,42.53,15.9,11.5,15.13
2010-02-01,0.264,19.93,16.04,1.68,2.21
2010-02-02,0.218,17.99,15.93,0.89,1.17
2010-02-03,0.185,17.95,15.95,0.86,1.14
2010-02-04,0.66,111.39,12.88,42.54,55.98
2010-02-05,1.07,133.89,17.57,50.23,66.09
2010-02-06,3.832,215.45,19.09,84.79,111.57
2010-02-07,0.543,65.17,16.96,20.82,27.39
2010-02-08,0.25,20.58,16.04,1.96,2.58
2010-02-09,1.255,115.36,15.68,43.04,56.63
2010-02-10,0.3,41.94,16.48,10.99,14.46
2010-02-11,0.196,18.88,15.97,1.26,1.65
2010-02-12,0.161,17.98,15.95,0.87,1.15
2010-02-13,0.136,17.95,15.95,0.86,1.14
2010-02-14,0.114,17.95,15.96,0.86,1.14
2010-02-15,0.095,17.96,15.96,0.86,1.14
2010-02-16,0.078,17.95,15.96,0.85,1.14
2010-02-17,0.063,17.79,15.97,0.68,1.14
2010-02-18,0.053,17.6,15.95,0.52,1.14
2010-02-19,0.044,17.45,15.96,0.35,1.13
2010-02-20,0.036,17.18,15.99,0.07,1.13
2010-02-21,0.37,74.56,12.68,26.68,35.19
2010-02-22,1.233,157.55,16.6,60.86,80.09
2010-02-23,3.937,162.31,21.4,60.85,80.06
2010-02-24,2.619,120.17,19.31,43.55,57.31
2010-02-25,0.418,40.62,16.65,10.35,13.62
2010-02-26,3.061,370.41,22.31,150.32,197.79
2010-02-27,2.762,199.05,18.48,77.98,102.6
2010-02-28,0.505,53.05,16.51,15.78,20.77
2010-03-01,0.315,19.4,16.0,1.47,1.93
2010-03-02,2.08,168.66,16.12,65.87,86.67
2010-03-03,6.335,333.28,25.02,133.03,175.22
2010-03-04,1.502,87.69,16.61,30.68,40.39
2010-03-05,0.567,25.77,16.18,4.14,5.45
2010-03-06,0.417,18.24,15.98,0.98,1.28
2010-03-07,0.334,17.99,15.98,0.87,1.14
2010-03-08,0.271,17.98,15.98,0.86,1.14
2010-03-09,0.212,18.0,16.0,0.86,1.14
2010-03-10,0.396,31.8,15.63,6.98,9.19
2010-03-11,0.2,22.43,16.34,2.63,3.46
2010-03-12,3.946,252.93,23.98,98.87,130.09
2010-03-13,1.155,137.3,17.23,51.85,68.22
2010-03-14,0.327,29.22,16.22,5.61,7.39
2010-03-15,0.234,18.38,16.0,1.03,1.36
2010-03-16,0.192,17.97,15.96,0.87,1.14
2010-03-17,0.15,18.01,16.01,0.86,1.14
2010-03-18,0.112,18.05,16.05,0.86,1.14
2010-03-19,0.081,17.92,16.02,0.76,1.13
2010-03-20,0.066,17.76,15.98,0.64,1.14
2010-03-21,0.054,17.63,15.97,0.53,1.14
2010-03-22,0.042,17.49,16.01,0.35,1.13
2010-03-23,0.032,17.21,16.04,0.06,1.11
2010-03-24,0.024,17.19,16.09,0.01,1.09
2010-03-25,0.017,17.03,16.01,0.0,1.02
2010-03-26,0.015,16.86,15.88,0.0,0.98
2010-03-27,0.013,16.97,16.01,0.0,0.96
2010-03-28,0.009,17.1,16.19,0.0,0.91
2010-03-29,0.006,17.0,16.14,0.0,0.86
2010-03-30,0.002,17.23,16.49,0.0,0.74
2010-03-31,0.781,127.35,13.67,49.03,64.65
2010-04-01,0.902,119.55,17.54,44.04,57.97
2010-04-02,0.179,41.48,15.62,11.17,14.7
2010-04-03,0.11,32.58,17.27,6.44,8.87
2010-04-04,2.333,160.61,19.86,60.77,79.98
2010-04-05,3.276,109.46,18.36,39.34,51.76
2010-04-06,0.529,54.56,17.1,16.17,21.28
2010-04-07,0.211,20.32,16.09,1.83,2.4
2010-04-08,0.16,18.07,16.0,0.89,1.18
2010-04-09,0.127,17.98,15.98,0.86,1.14
2010-04-10,0.104,17.97,15.97,0.86,1.14
2010-04-11,4.618,237.46,24.27,92.06,121.13
2010-04-12,3.274,107.92,19.73,38.08,50.11
2010-04-13,2.821,467.71,19.69,193.46,254.55
2010-04-14,0.527,105.52,16.43,38.47,50.62
2010-04-15,0.334,21.53,16.02,2.38,3.13
2010-04-16,0.258,18.12,16.0,0.91,1.2
2010-04-17,0.206,17.98,15.98,0.86,1.14
2010-04-18,0.161,18.01,16.01,0.86,1.14
2010-04-19,0.135,17.94,15.94,0.86,1.14
2010-04-20,4.55,328.83,23.3,131.93,173.6
2010-04-21,0.644,93.6,16.56,33.26,43.77
2010-04-22,0.276,25.3,16.28,3.89,5.12
2010-04-23,0.19,18.27,16.01,0.97,1.28
2010-04-24,0.146,18.02,16.01,0.87,1.14
2010-04-25,0.108,18.05,16.05,0.86,1.14
2010-04-26,0.079,17.95,16.07,0.75,1.14
2010-04-27,0.071,17.75,15.83,0.79,1.14
2010-04-28,0.383,95.27,15.44,34.47,45.36
2010-04-29,0.121,64.03,17.13,19.9,26.99
2010-04-30,0.046,19.6,16.12,0.64,2.84
2010-05-01,0.034,17.4,16.04,0.19,1.17
2010-05-02,0.026,17.15,16.03,0.02,1.1
2010-05-03,0.02,17.13,16.07,0.01,1.06
2010-05-04,0.014,17.07,16.08,0.0,0.98
2010-05-05,0.007,17.07,16.2,0.0,0.87
2010-05-06,0.004,17.16,16.32,0.0,0.84
2010-05-07,0.002,17.29,16.48,0.0,0.81
2010-05-08,0.0,17.25,16.68,0.0,0.57
2010-05-09,0.0,17.06,16.26,0.0,0.8
2010-05-10,0.05,29.48,14.97,5.6,8.91
2010-05-11,0.021,26.47,17.8,1.75,6.92
2010-05-12,0.001,19.14,17.63,0.0,1.51
2010-05-13,0.0,17.84,17.4,0.0,0.44
2010-05-14,0.0,18.18,18.08,0.0,0.1
2010-05-15,0.0,18.09,18.08,0.0,0.02
2010-05-16,0.0,0.0,0.0,0.0,0.0
2010-05-17,0.0,0.0,0.0,0.0,0.0
2010-05-18,0.0,0.0,0.0,0.0,0.0
2010-05-19,0.0,0.0,0.0,0.0,0.0
2010-05-20,0.0,0.0,0.0,0.0,0.0
2010-05-21,0.0,0.0,0.0,0.0,0.0
2010-05-22,0.0,0.0,0.0,0.0,0.0
2010-05-23,0.0,0.0,0.0,0.0,0.0
2010-05-24,0.0,0.0,0.0,0.0,0.0
2010-05-25,0.379,90.59,15.71,32.34,42.55
2010-05-26,0.714,70.01,16.24,23.22,30.55
2010-05-27,2.515,312.73,19.76,126.5,166.46
2010-05-28,0.37,228.51,17.89,90.95,119.67
2010-05-29,0.041,62.53,16.71,17.53,28.28
2010-05-30,0.021,18.33,16.14,0.01,2.18
2010-05-31,0.012,17.03,16.06,0.0,0.97
2010-06-01,0.011,16.96,16.03,0.0,0.93
2010-06-02,0.007,16.88,16.0,0.0,0.88
2010-06-03,0.006,17.19,16.33,0.0,0.87
2010-06-04,0.002,16.8,16.02,0.0,0.78
2010-06-05,0.001,17.1,16.29,0.0,0.81
2010-06-06,0.0,17.2,16.55,0.0,0.65
2010-06-07,0.0,16.9,16.13,0.0,0.78
2010-06-08,0.0,17.26,16.48,0.0,0.78
2010-06-09,0.0,17.28,16.69,0.0,0.59
2010-06-10,0.0,16.96,16.21,0.0,0.74
2010-06-11,0.0,18.25,18.08,0.0,0.18
2010-06-12,0.0,18.12,18.08,0.0,0.04
2010-06-13,0.0,0.0,0.0,0.0,0.0
2010-06-14,0.0,0.0,0.0,0.0,0.0
2010-06-15,0.0,0.0,0.0,0.0,0.0
2010-06-16,0.0,0.0,0.0,0.0,0.0
2010-06-17,0.0,0.0,0.0,0.0,0.0
2010-06-18,0.0,0.0,0.0,0.0,0.0
2010-06-19,0.0,0.0,0.0,0.0,0.0
2010-06-20,0.0,0.0,0.0,0.0,0.0
2010-06-21,0.0,0.0,0.0,0.0,0.0
2010-06-22,0.0,0.0,0.0,0.0,0.0
2010-06-23,0.0,0.0,0.0,0.0,0.0
2010-06-24,0.0,0.0,0.0,0.0,0.0
2010-06-25,0.0,0.0,0.0,0.0,0.0
2010-06-26,0.0,0.0,0.0,0.0,0.0
2010-06-27,0.0,0.0,0.0,0.0,0.0
2010-06-28,0.0,0.0,0.0,0.0,0.0
2010-06-29,0.0,0.0,0.0,0.0,0.0
2010-06-30,0.0,0.0,0.0,0.0,0.0
2010-07-01,0.0,0.0,0.0,0.0,0.0
2010-07-02,0.0,0.0,0.0,0.0,0.0
2010-07-03,0.0,0.0,0.0,0.0,0.0
2010-07-04,0.0,0.0,0.0,0.0,0.0
2010-07-05,0.0,0.0,0.0,0.0,0.0
2010-07-06,0.0,0.0,0.0,0.0,0.0
2010-07-07,0.0,0.0,0.0,0.0,0.0
2010-07-08,0.0,0.0,0.0,0.0,0.0
2010-07-09,0.0,0.0,0.0,0.0,0.0
2010-07-10,0.0,0.0,0.0,0.0,0.0
2010-07-11,0.0,0.0,0.0,0.0,0.0
2010-07-12,0.0,0.0,0.0,0.0,0.0
2010-07-13,0.0,0.0,0.0,0.0,0.0
2010-07-14,0.0,0.0,0.0,0.0,0.0
2010-07-15,0.0,0.0,0.0,0.0,0.0
2010-07-16,0.0,0.0,0.0,0.0,0.0
2010-07-17,0.0,0.0,0.0,0.0,0.0
2010-07-18,0.0,0.0,0.0,0.0,0.0
2010-07-19,0.0,0.0,0.0,0.0,0.0
2010-07-20,0.0,0.0,0.0,0.0,0.0
2010-07-21,0.0,0.0,0.0,0.0,0.0
2010-07-22,0.0,0.0,0.0,0.0,0.0
2010-07-23,0.0,0.0,0.0,0.0,0.0
2010-07-24,0.0,0.0,0.0,0.0,0.0
2010-07-25,0.0,0.0,0.0,0.0,0.0
2010-07-26,0.0,0.0,0.0,0.0,0.0
2010-07-27,0.0,0.0,0.0,0.0,0.0
2010-07-28,0.0,0.0,0.0,0.0,0.0
2010-07-29,0.0,0.0,0.0,0.0,0.0
2010-07-30,0.0,0.0,0.0,0.0,0.0
2010-07-31,0.0,0.0,0.0,0.0,0.0
2010-08-01,0.0,0.0,0.0,0.0,0.0
2010-08-02,0.0,0.0,0.0,0.0,0.0
2010-08-03,0.0,0.0,0.0,0.0,0.0
2010-08-04,0.0,0.0,0.0,0.0,0.0
2010-08-05,0.0,0.0,0.0,0.0,0.0
2010-08-06,0.0,0.0,0.0,0.0,0.0
2010-08-07,0.0,0.0,0.0,0.0,0.0
2010-08-08,0.0,0.0,0.0,0.0,0.0
2010-08-09,0.0,0.0,0.0,0.0,0.0
2010-08-10,0.0,0.0,0.0,0.0,0.0
2010-08-11,0.0,0.0,0.0,0.0,0.0
2010-08-12,0.0,0.0,0.0,0.0,0.0
2010-08-13,0.0,0.0,0.0,0.0,0.0
2010-08-14,0.0,0.0,0.0,0.0,0.0
2010-08-15,0.0,0.0,0.0,0.0,0.0
2010-08-16,0.0,0.0,0.0,0.0,0.0
2010-08-17,0.0,0.0,0.0,0.0,0.0
2010-08-18,0.0,0.0,0.0,0.0,0.0
2010-08-19,0.0,0.0,0.0,0.0,0.0
2010-08-20,0.0,0.0,0.0,0.0,0.0
2010-08-21,0.0,0.0,0.0,0.0,0.0
2010-08-22,0.0,0.0,0.0,0.0,0.0
2010-08-23,0.0,0.0,0.0,0.0,0.0
2010-08-24,0.0,0.0,0.0,0.0,0.0
2010-08-25,0.0,0.0,0.0,0.0,0.0
2010-08-26,0.0,0.0,0.0,0.0,0.0
2010-08-27,0.0,0.0,0.0,0.0,0.0
2010-08-28,0.0,0.0,0.0,0.0,0.0
2010-08-29,0.0,0.0,0.0,0.0,0.0
2010-08-30,0.0,0.0,0.0,0.0,0.0
2010-08-31,0.0,0.0,0.0,0.0,0.0
2010-09-01,0.0,0.0,0.0,0.0,0.0
2010-09-02,0.0,0.0,0.0,0.0,0.0
2010-09-03,0.0,0.0,0.0,0.0,0.0
2010-09-04,0.0,0.0,0.0,0.0,0.0
2010-09-05,0.0,0.0,0.0,0.0,0.0
2010-09-06,0.0,0.0,0.0,0.0,0.0
2010-09-07,0.0,0.0,0.0,0.0,0.0
2010-09-08,0.0,0.0,0.0,0.0,0.0
2010-09-09,0.0,0.0,0.0,0.0,0.0
2010-09-10,0.0,0.0,0.0,0.0,0.0
2010-09-11,0.0,0.0,0.0,0.0,0.0
2010-09-12,0.0,0.0,0.0,0.0,0.0
2010-09-13,0.0,0.0,0.0,0.0,0.0
2010-09-14,0.0,0.0,0.0,0.0,0.0
2010-09-15,0.0,0.0,0.0,0.0,0.0
2010-09-16,0.0,0.0,0.0,0.0,0.0
2010-09-17,0.0,0.0,0.0,0.0,0.0
2010-09-18,0.0,0.0,0.0,0.0,0.0
2010-09-19,0.0,0.0,0.0,0.0,0.0
2010-09-20,0.0,0.0,0.0,0.0,0.0
2010-09-21,0.0,0.0,0.0,0.0,0.0
2010-09-22,0.0,0.0,0.0,0.0,0.0
2010-09-23,0.0,0.0,0.0,0.0,0.0
2010-09-24,0.0,0.0,0.0,0.0,0.0
2010-09-25,0.0,0.0,0.0,0.0,0.0
2010-09-26,0.0,0.0,0.0,0.0,0.0
2010-09-27,0.0,0.0,0.0,0.0,0.0
2010-09-28,0.0,0.0,0.0,0.0,0.0
2010-09-29,0.0,0.0,0.0,0.0,0.0
2010-09-30,0.0,0.0,0.0,0.0,0.0
2010-10-01,0.0,0.0,0.0,0.0,0.0
2010-10-02,0.0,0.0,0.0,0.0,0.0
2010-10-03,0.0,0.0,0.0,0.0,0.0
2010-10-04,0.0,0.0,0.0,0.0,0.0
2010-10-05,0.0,0.0,0.0,0.0,0.0
2010-10-06,0.0,0.0,0.0,0.0,0.0
2010-10-07,0.0,0.0,0.0,0.0,0.0
2010-10-08,0.0,0.0,0.0,0.0,0.0
2010-10-09,0.0,0.0,0.0,0.0,0.0
2010-10-10,0.0,0.0,0.0,0.0,0.0
2010-10-11,0.0,0.0,0.0,0.0,0.0
2010-10-12,0.0,0.0,0.0,0.0,0.0
2010-10-13,0.0,0.0,0.0,0.0,0.0
2010-10-14,0.0,0.0,0.0,0.0,0.0
2010-10-15,0.0,0.0,0.0,0.0,0.0
2010-10-16,0.0,0.0,0.0,0.0,0.0
2010-10-17,0.0,0.0,0.0,0.0,0.0
2010-10-18,0.0,0.0,0.0,0.0,0.0
2010-10-19,0.0,0.0,0.0,0.0,0.0
2010-10-20,0.0,0.0,0.0,0.0,0.0
2010-10-21,0.0,0.0,0.0,0.0,0.0
2010-10-22,0.0,0.0,0.0,0.0,0.0
2010-10-23,0.584,71.98,14.11,24.99,32.88
2010-10-24,4.317,226.43,22.5,88.06,115.87
2010-10-25,0.661,192.34,18.04,75.26,99.03
2010-10-26,0.032,96.88,17.82,26.67,52.39
2010-10-27,0.004,22.43,16.51,0.0,5.92
2010-10-28,0.003,16.85,15.98,0.0,0.87
2010-10-29,0.002,16.71,15.89,0.0,0.82
2010-10-30,0.36,51.14,15.48,15.3,20.36
2010-10-31,0.059,41.0,17.91,9.13,13.96
2010-11-01,0.005,20.57,17.09,0.0,3.48
2010-11-02,0.002,16.88,16.06,0.0,0.82
2010-11-03,0.002,16.75,15.94,0.0,0.8
2010-11-04,0.001,16.74,15.93,0.0,0.8
2010-11-05,0.001,16.75,15.95,0.0,0.8
2010-11-06,0.001,16.71,15.9,0.0,0.81
2010-11-07,3.878,253.71,22.33,99.91,131.47
2010-11-08,0.395,184.85,18.05,72.03,94.78
2010-11-09,0.021,74.84,17.6,12.48,44.76
2010-11-10,0.005,19.45,16.25,0.0,3.19
2010-11-11,0.003,16.8,15.96,0.0,0.84
2010-11-12,0.003,16.74,15.92,0.0,0.82
2010-11-13,0.002,16.79,15.98,0.0,0.81
2010-11-14,0.002,16.77,15.96,0.0,0.81
2010-11-15,0.002,16.76,15.95,0.0,0.8
2010-11-16,0.001,16.74,15.93,0.0,0.81
2010-11-17,0.001,16.74,15.94,0.0,0.8
2010-11-18,0.001,16.74,15.94,0.0,0.8
2010-11-19,1.265,127.81,14.32,49.0,64.49
2010-11-20,6.442,411.1,27.24,163.29,220.57
2010-11-21,2.599,301.18,21.39,118.57,161.22
2010-11-22,0.727,136.28,15.85,51.85,68.58
2010-11-23,1.509,111.02,15.79,41.12,54.11
2010-11-24,0.155,88.59,17.91,30.17,40.51
2010-11-25,0.017,26.37,16.72,0.0,9.65
2010-11-26,0.009,16.99,15.92,0.0,1.06
2010-11-27,1.05,121.33,15.32,45.78,60.24
2010-11-28,0.238,102.73,18.0,36.52,48.21
2010-11-29,0.018,33.84,17.11,0.28,16.46
2010-11-30,0.006,17.57,16.22,0.0,1.35
2010-12-01,0.005,16.81,15.97,0.0,0.84
2010-12-02,0.004,16.88,16.06,0.0,0.82
2010-12-03,0.003,16.8,15.98,0.0,0.82
2010-12-04,0.002,16.81,16.02,0.0,0.79
2010-12-05,2.534,330.75,22.19,133.24,175.32
2010-12-06,1.336,200.92,17.36,79.27,104.3
2010-12-07,0.074,102.8,17.74,34.61,50.45
2010-12-08,4.594,205.1,23.89,78.24,102.97
2010-12-09,1.359,142.46,18.06,53.72,70.68
2010-12-10,0.096,68.06,17.51,21.14,29.4
2010-12-11,0.024,20.15,16.21,0.01,3.94
2010-12-12,0.018,17.0,15.94,0.0,1.06
2010-12-13,0.016,16.89,15.93,0.0,0.96
2010-12-14,0.981,160.07,14.51,62.85,82.71
2010-12-15,0.592,155.63,18.01,59.42,78.19
2010-12-16,0.039,65.07,17.24,17.46,30.38
2010-12-17,2.874,137.17,19.34,50.88,66.95
2010-12-18,4.188,203.25,21.11,78.65,103.49
2010-12-19,12.523,586.23,37.07,224.75,324.41
2010-12-20,0.978,132.0,16.47,46.26,69.28
2010-12-21,0.614,59.98,12.87,20.2,26.92
2010-12-22,2.863,147.7,19.4,55.4,72.9
2010-12-23,0.263,52.29,16.9,15.28,20.11
2010-12-24,0.13,19.71,16.01,1.6,2.11
2010-12-25,3.866,320.19,24.1,127.85,168.23
2010-12-26,1.318,193.77,18.2,75.81,99.75
2010-12-27,0.211,45.65,16.43,12.61,16.6
2010-12-28,6.72,389.89,29.86,149.66,210.37
2010-12-29,5.157,434.45,38.69,152.4,243.36
2010-12-30,0.46,61.05,16.49,17.1,27.47
2010-12-31,0.302,19.62,15.97,1.49,2.16
2011-01-01,0.277,18.19,15.88,0.99,1.31
2011-01-02,2.831,248.23,19.08,98.95,130.2
2011-01-03,0.448,82.26,16.75,28.29,37.22
2011-01-04,0.245,20.94,15.99,2.14,2.81
2011-01-05,0.207,18.02,15.93,0.9,1.19
2011-01-06,0.18,17.93,15.92,0.86,1.14
2011-01-07,0.159,17.92,15.92,0.86,1.14
2011-01-08,0.14,17.92,15.92,0.86,1.14
2011-01-09,0.12,17.95,15.95,0.86,1.14
2011-01-10,0.101,17.96,15.96,0.86,1.14
2011-01-11,0.089,17.88,15.88,0.86,1.14
2011-01-12,0.079,17.92,15.92,0.86,1.14
2011-01-13,0.071,17.9,15.9,0.86,1.14
2011-01-14,0.061,17.79,15.95,0.7,1.14
2011-01-15,0.051,17.59,15.95,0.5,1.14
2011-01-16,0.043,17.36,15.96,0.26,1.13
2011-01-17,0.037,17.09,15.91,0.05,1.13
2011-01-18,0.038,17.0,15.83,0.03,1.14
2011-01-19,0.03,17.17,16.04,0.02,1.11
2011-01-20,0.023,17.06,15.98,0.01,1.07
2011-01-21,0.021,16.94,15.9,0.0,1.04
2011-01-22,0.018,16.97,15.96,0.0,1.0
2011-01-23,0.013,16.95,16.0,0.0,0.95
2011-01-24,0.012,16.85,15.92,0.0,0.93
2011-01-25,0.01,16.88,15.98,0.0,0.9
2011-01-26,0.008,16.91,16.03,0.0,0.88
2011-01-27,0.007,16.78,15.91,0.0,0.87
2011-01-28,0.005,16.89,16.05,0.0,0.85
2011-01-29,0.004,16.87,16.04,0.0,0.83
2011-01-30,1.799,98.98,15.76,35.92,47.31
2011-01-31,0.252,78.67,17.8,26.28,34.59
2011-02-01,0.033,27.43,16.72,3.18,7.53
2011-02-02,0.013,17.06,15.86,0.0,1.2
2011-02-03,0.017,16.82,15.83,0.0,0.99
2011-02-04,0.015,16.9,15.93,0.0,0.97
2011-02-05,0.011,17.34,16.39,0.0,0.94
2011-02-06,0.004,16.32,15.57,0.0,0.75
2011-02-07,0.007,16.89,15.99,0.0,0.9
2011-02-08,0.002,18.3,17.54,0.0,0.76
2011-02-09,0.0,15.67,15.05,0.0,0.61
2011-02-10,0.001,16.47,15.63,0.0,0.84
2011-02-11,0.001,16.94,16.13,0.0,0.81
2011-02-12,0.0,17.29,16.49,0.0,0.79
2011-02-13,0.0,18.18,17.93,0.0,0.25
2011-02-14,0.0,18.13,18.08,0.0,0.05
2011-02-15,0.733,89.87,7.77,35.45,46.65
2011-02-16,5.168,250.18,26.2,96.71,127.26
2011-02-17,6.942,286.87,26.05,110.73,150.09
2011-02-18,4.98,164.45,21.48,61.5,81.47
2011-02-19,6.256,133.1,23.12,47.49,62.5
2011-02-20,1.178,64.53,17.04,20.51,26.98
2011-02-21,0.512,20.69,16.04,2.01,2.64
2011-02-22,0.408,18.04,15.96,0.9,1.18
2011-02-23,0.341,17.96,15.96,0.86,1.14
2011-02-24,1.097,80.19,12.72,29.13,38.34
2011-02-25,6.138,198.5,24.83,74.99,98.68
2011-02-26,0.747,66.58,16.62,21.57,28.39
2011-02-27,0.439,20.07,16.0,1.76,2.32
2011-02-28,0.358,18.03,15.96,0.89,1.17
2011-03-01,0.296,17.96,15.96,0.86,1.14
2011-03-02,0.252,17.92,15.92,0.86,1.14
2011-03-03,0.216,17.95,15.95,0.86,1.14
2011-03-04,0.176,17.98,15.98,0.86,1.14
2011-03-05,0.145,17.96,15.96,0.86,1.14
2011-03-06,2.383,103.89,15.84,38.02,50.03
2011-03-07,0.808,58.71,17.32,17.87,23.52
2011-03-08,0.226,21.69,16.14,2.39,3.15
2011-03-09,0.169,18.1,15.99,0.91,1.2
2011-03-10,0.14,17.95,15.95,0.86,1.14
2011-03-11,0.109,18.03,16.04,0.86,1.14
2011-03-12,0.086,17.97,15.97,0.86,1.14
2011-03-13,0.108,13.45,11.37,0.9,1.18
2011-03-14,1.002,59.78,16.14,18.84,24.8
2011-03-15,1.254,122.7,14.74,46.62,61.34
2011-03-16,1.799,111.39,17.99,40.33,53.07
2011-03-17,0.241,36.06,16.6,8.4,11.06
2011-03-18,4.259,293.57,22.4,117.09,154.07
2011-03-19,6.937,181.53,22.03,68.65,90.84
2011-03-20,5.249,182.51,26.0,66.83,89.68
2011-03-21,1.05,33.72,16.39,7.44,9.88
2011-03-22,0.686,18.51,15.92,1.12,1.47
2011-03-23,5.293,161.03,22.37,59.87,78.78
2011-03-24,13.085,358.92,34.35,129.06,195.52
2011-03-25,3.403,76.54,17.33,23.37,35.85
2011-03-26,6.671,120.04,23.39,41.71,54.94
2011-03-27,1.746,28.41,16.27,5.24,6.9
2011-03-28,1.142,18.45,16.06,1.03,1.36
2011-03-29,0.835,18.05,16.04,0.87,1.14
2011-03-30,0.61,18.04,16.05,0.86,1.14
2011-03-31,0.444,18.04,16.05,0.86,1.13
2011-04-01,0.324,18.05,16.05,0.86,1.14
2011-04-02,0.234,18.06,16.06,0.86,1.14
2011-04-03,0.164,18.07,16.08,0.86,1.13
2011-04-04,0.112,18.09,16.1,0.86,1.13
2011-04-05,0.077,17.99,16.11,0.74,1.14
2011-04-06,0.051,17.85,16.16,0.55,1.14
2011-04-07,0.031,17.28,16.12,0.05,1.11
2011-04-08,0.023,17.09,16.0,0.01,1.08
2011-04-09,0.017,17.13,16.1,0.0,1.03
2011-04-10,0.011,17.08,16.15,0.0,0.93
2011-04-11,0.007,17.12,16.25,0.0,0.87
2011-04-12,0.003,17.2,16.41,0.0,0.79
2011-04-13,0.001,16.82,16.06,0.0,0.76
2011-04-14,0.001,16.9,16.1,0.0,0.81
2011-04-15,0.001,16.74,15.96,0.0,0.78
2011-04-16,0.0,16.93,16.12,0.0,0.81
2011-04-17,0.0,17.39,16.61,0.0,0.77
2011-04-18,0.0,17.78,17.42,0.0,0.37
2011-04-19,0.0,18.17,18.08,0.0,0.09
2011-04-20,0.0,18.09,18.08,0.0,0.02
2011-04-21,0.0,0.0,0.0,0.0,0.0
2011-04-22,0.0,0.0,0.0,0.0,0.0
2011-04-23,0.0,0.0,0.0,0.0,0.0
2011-04-24,0.0,0.0,0.0,0.0,0.0
2011-04-25,0.0,0.0,0.0,0.0,0.0
2011-04-26,0.0,0.0,0.0,0.0,0.0
2011-04-27,0.0,0.0,0.0,0.0,0.0
2011-04-28,0.0,0.0,0.0,0.0,0.0
2011-04-29,0.0,0.0,0.0,0.0,0.0
2011-04-30,0.0,0.0,0.0,0.0,0.0
2011-05-01,0.0,0.0,0.0,0.0,0.0
2011-05-02,0.0,0.0,0.0,0.0,0.0
2011-05-03,0.0,0.0,0.0,0.0,0.0
2011-05-04,0.0,0.0,0.0,0.0,0.0
2011-05-05,0.0,0.0,0.0,0.0,0.0
2011-05-06,0.0,0.0,0.0,0.0,0.0
2011-05-07,0.0,0.0,0.0,0.0,0.0
2011-05-08,0.0,0.0,0.0,0.0,0.0
2011-05-09,0.0,0.0,0.0,0.0,0.0
2011-05-10,0.0,0.0,0.0,0.0,0.0
2011-05-11,0.0,0.0,0.0,0.0,0.0
2011-05-12,0.0,0.0,0.0,0.0,0.0
2011-05-13,0.0,0.0,0.0,0.0,0.0
2011-05-14,0.112,0.01,0.01,0.0,0.0
2011-05-15,1.322,181.52,17.03,71.03,93.46
2011-05-16,0.555,105.98,14.33,39.39,52.26
2011-05-17,1.114,77.77,15.81,26.72,35.24
2011-05-18,0.538,59.96,17.66,18.26,24.03
2011-05-19,0.053,28.45,16.9,4.56,6.99
2011-05-20,0.025,17.49,16.11,0.02,1.37
2011-05-21,0.017,17.02,15.99,0.0,1.03
2011-05-22,0.014,17.06,16.08,0.0,0.98
2011-05-23,0.009,17.06,16.16,0.0,0.9
2011-05-24,0.006,17.05,16.18,0.0,0.87
2011-05-25,0.003,16.65,15.87,0.0,0.79
2011-05-26,0.003,17.11,16.26,0.0,0.85
2011-05-27,0.001,17.04,16.24,0.0,0.8
2011-05-28,0.0,17.57,17.01,0.0,0.56
2011-05-29,0.0,17.21,16.52,0.0,0.69
2011-05-30,0.0,16.87,16.07,0.0,0.81
2011-05-31,0.067,33.44,15.02,7.93,10.5
2011-06-01,0.276,75.24,15.57,25.61,34.06
2011-06-02,0.058,66.74,17.95,19.26,29.53
2011-06-03,0.003,26.21,17.57,0.0,8.64
2011-06-04,8.082,269.52,26.83,103.43,139.26
2011-06-05,0.578,172.55,17.73,65.37,89.44
2011-06-06,0.106,39.45,16.26,9.81,13.38
2011-06-07,0.068,18.82,16.16,1.03,1.62
2011-06-08,0.049,17.63,16.0,0.48,1.15
2011-06-09,0.039,17.44,16.02,0.3,1.13
2011-06-10,0.03,17.14,15.98,0.05,1.11
2011-06-11,0.024,17.09,15.99,0.02,1.09
2011-06-12,0.019,17.04,15.98,0.01,1.05
2011-06-13,0.015,17.03,16.04,0.0,0.99
2011-06-14,0.011,16.96,16.02,0.0,0.93
2011-06-15,0.006,17.38,16.51,0.0,0.87
2011-06-16,0.002,17.03,16.23,0.0,0.8
2011-06-17,0.001,16.92,16.13,0.0,0.79
2011-06-18,0.0,16.92,16.17,0.0,0.75
2011-06-19,0.0,17.48,16.87,0.0,0.61
2011-06-20,0.0,17.44,16.94,0.0,0.5
2011-06-21,0.0,18.2,18.08,0.0,0.13
2011-06-22,0.0,18.1,18.08,0.0,0.03
2011-06-23,0.0,0.0,0.0,0.0,0.0
2011-06-24,0.0,0.0,0.0,0.0,0.0
2011-06-25,0.0,0.0,0.0,0.0,0.0
2011-06-26,0.0,0.0,0.0,0.0,0.0
2011-06-27,0.0,0.0,0.0,0.0,0.0
2011-06-28,3.567,279.12,23.51,110.38,145.24
2011-06-29,0.692,194.21,18.02,76.09,100.11
2011-06-30,0.042,84.82,17.4,25.52,41.9
2011-07-01,0.011,20.16,16.4,0.0,3.76
2011-07-02,0.005,17.18,16.28,0.0,0.9
2011-07-03,0.003,16.96,16.17,0.0,0.79
2011-07-04,0.001,16.92,16.16,0.0,0.76
2011-07-05,0.001,16.9,16.11,0.0,0.79
2011-07-06,0.0,16.91,16.13,0.0,0.79
2011-07-07,0.0,16.78,15.98,0.0,0.79
2011-07-08,0.0,16.92,16.12,0.0,0.8
2011-07-09,0.0,16.9,16.12,0.0,0.78
2011-07-10,0.0,17.03,16.24,0.0,0.79
2011-07-11,0.0,16.99,16.23,0.0,0.76
2011-07-12,0.0,17.09,16.36,0.0,0.74
2011-07-13,0.0,18.24,18.08,0.0,0.17
2011-07-14,0.0,18.1,18.08,0.0,0.03
2011-07-15,0.0,0.0,0.0,0.0,0.0
2011-07-16,0.0,0.0,0.0,0.0,0.0
2011-07-17,0.0,0.0,0.0,0.0,0.0
2011-07-18,0.0,0.0,0.0,0.0,0.0
2011-07-19,0.0,0.0,0.0,0.0,0.0
2011-07-20,0.0,0.0,0.0,0.0,0.0
2011-07-21,0.0,0.0,0.0,0.0,0.0
2011-07-22,0.0,0.0,0.0,0.0,0.0
2011-07-23,0.0,0.0,0.0,0.0,0.0
2011-07-24,0.0,0.0,0.0,0.0,0.0
2011-07-25,0.0,0.0,0.0,0.0,0.0
2011-07-26,0.0,0.0,0.0,0.0,0.0
2011-07-27,0.0,0.0,0.0,0.0,0.0
2011-07-28,0.0,0.0,0.0,0.0,0.0
2011-07-29,0.0,0.0,0.0,0.0,0.0
2011-07-30,0.0,0.0,0.0,0.0,0.0
2011-07-31,0.0,0.0,0.0,0.0,0.0
2011-08-01,0.0,0.0,0.0,0.0,0.0
2011-08-02,0.0,0.0,0.0,0.0,0.0
2011-08-03,0.0,0.0,0.0,0.0,0.0
2011-08-04,0.0,0.0,0.0,0.0,0.0
2011-08-05,0.0,0.0,0.0,0.0,0.0
2011-08-06,0.0,0.0,0.0,0.0,0.0
2011-08-07,0.0,0.0,0.0,0.0,0.0
2011-08-08,0.0,0.0,0.0,0.0,0.0
2011-08-09,0.0,0.0,0.0,0.0,0.0
2011-08-10,0.0,0.0,0.0,0.0,0.0
2011-08-11,0.0,0.0,0.0,0.0,0.0
2011-08-12,0.0,0.0,0.0,0.0,0.0
2011-08-13,0.0,0.0,0.0,0.0,0.0
2011-08-14,0.0,0.0,0.0,0.0,0.0
2011-08-15,0.0,0.0,0.0,0.0,0.0
2011-08-16,0.0,0.0,0.0,0.0,0.0
2011-08-17,0.0,0.0,0.0,0.0,0.0
2011-08-18,0.0,0.0,0.0,0.0,0.0
2011-08-19,0.0,0.0,0.0,0.0,0.0
2011-08-20,0.0,0.0,0.0,0.0,0.0
2011-08-21,0.0,0.0,0.0,0.0,0.0
2011-08-22,0.0,0.0,0.0,0.0,0.0
2011-08-23,0.0,0.0,0.0,0.0,0.0
2011-08-24,0.0,0.0,0.0,0.0,0.0
2011-08-25,0.0,0.0,0.0,0.0,0.0
2011-08-26,0.0,0.0,0.0,0.0,0.0
2011-08-27,0.0,0.0,0.0,0.0,0.0
2011-08-28,0.0,0.0,0.0,0.0,0.0
2011-08-29,0.0,0.0,0.0,0.0,0.0
2011-08-30,0.0,0.0,0.0,0.0,0.0
2011-08-31,0.0,0.0,0.0,0.0,0.0
2011-09-01,0.0,0.0,0.0,0.0,0.0
2011-09-02,0.0,0.0,0.0,0.0,0.0
2011-09-03,0.0,0.0,0.0,0.0,0.0
2011-09-04,0.0,0.0,0.0,0.0,0.0
2011-09-05,0.0,0.0,0.0,0.0,0.0
2011-09-06,0.0,0.0,0.0,0.0,0.0
2011-09-07,0.0,0.0,0.0,0.0,0.0
2011-09-08,0.0,0.0,0.0,0.0,0.0
2011-09-09,0.0,0.0,0.0,0.0,0.0
2011-09-10,0.0,0.0,0.0,0.0,0.0
2011-09-11,0.0,0.0,0.0,0.0,0.0
2011-09-12,0.0,0.0,0.0,0.0,0.0
2011-09-13,0.0,0.0,0.0,0.0,0.0
2011-09-14,0.0,0.0,0.0,0.0,0.0
2011-09-15,0.0,0.0,0.0,0.0,0.0
2011-09-16,0.0,0.0,0.0,0.0,0.0
2011-09-17,0.0,0.0,0.0,0.0,0.0
2011-09-18,0.0,0.0,0.0,0.0,0.0
2011-09-19,0.0,0.0,0.0,0.0,0.0
2011-09-20,0.0,0.0,0.0,0.0,0.0
2011-09-21,0.0,0.0,0.0,0.0,0.0
2011-09-22,0.0,0.0,0.0,0.0,0.0
2011-09-23,0.0,0.0,0.0,0.0,0.0
2011-09-24,0.0,0.0,0.0,0.0,0.0
2011-09-25,0.0,0.0,0.0,0.0,0.0
2011-09-26,0.0,0.0,0.0,0.0,0.0
2011-09-27,0.0,0.0,0.0,0.0,0.0
2011-09-28,0.0,0.0,0.0,0.0,0.0
2011-09-29,0.0,0.0,0.0,0.0,0.0
2011-09-30,0.0,0.0,0.0,0.0,0.0
2011-10-01,0.0,0.0,0.0,0.0,0.0
2011-10-02,0.0,0.0,0.0,0.0,0.0
2011-10-03,0.14,68.45,14.17,23.44,30.84
2011-10-04,0.543,80.85,8.12,31.26,41.47
2011-10-05,4.854,281.08,23.86,111.06,146.16
2011-10-06,2.029,174.31,16.16,68.29,89.86
2011-10-07,0.357,153.49,18.03,58.49,76.96
2011-10-08,0.021,58.11,17.43,7.65,33.03
2011-10-09,0.006,18.45,16.19,0.0,2.26
2011-10-10,0.038,5.22,3.01,0.91,1.3
2011-10-11,0.276,69.48,17.49,22.45,29.54
2011-10-12,0.018,32.25,17.68,2.43,12.14
2011-10-13,0.003,17.76,16.35,0.0,1.41
2011-10-14,0.002,16.8,15.99,0.0,0.81
2011-10-15,0.002,16.74,15.93,0.0,0.81
2011-10-16,0.002,16.76,15.95,0.0,0.81
2011-10-17,0.001,16.77,15.97,0.0,0.8
2011-10-18,0.001,16.81,16.01,0.0,0.8
2011-10-19,0.001,16.72,15.92,0.0,0.8
2011-10-20,0.001,16.79,15.99,0.0,0.8
2011-10-21,0.001,16.73,15.93,0.0,0.8
2011-10-22,0.001,16.75,15.95,0.0,0.8
2011-10-23,0.0,16.81,16.01,0.0,0.79
2011-10-24,0.0,16.8,16.01,0.0,0.79
2011-10-25,0.0,16.76,15.97,0.0,0.8
2011-10-26,0.0,16.78,15.99,0.0,0.79
2011-10-27,0.0,16.89,16.09,0.0,0.79
2011-10-28,0.0,16.78,15.99,0.0,0.79
2011-10-29,0.0,16.85,16.06,0.0,0.79
2011-10-30,0.0,16.84,16.05,0.0,0.79
2011-10-31,0.0,16.99,16.2,0.0,0.79
2011-11-01,0.0,17.09,16.31,0.0,0.78
2011-11-02,0.0,18.28,18.08,0.0,0.2
2011-11-03,0.0,18.11,18.08,0.0,0.03
2011-11-04,0.0,0.0,0.0,0.0,0.0
2011-11-05,1.7,259.56,20.9,103.06,135.6
2011-11-06,1.068,217.92,17.99,86.33,113.6
2011-11-07,0.051,117.25,17.93,38.5,60.82
2011-11-08,0.004,29.9,17.04,0.0,12.87
2011-11-09,0.002,17.08,16.09,0.0,0.99
2011-11-10,0.001,16.77,15.98,0.0,0.8
2011-11-11,0.092,49.03,13.57,15.31,20.15
2011-11-12,0.09,57.06,18.05,16.08,22.94
2011-11-13,0.005,26.02,17.62,0.0,8.4
2011-11-14,0.001,17.23,16.26,0.0,0.97
2011-11-15,0.001,16.78,15.98,0.0,0.8
2011-11-16,0.001,16.75,15.95,0.0,0.8
2011-11-17,0.001,16.75,15.96,0.0,0.8
2011-11-18,0.0,16.85,16.06,0.0,0.79
2011-11-19,0.127,59.24,8.21,22.03,28.99
2011-11-20,1.517,81.9,16.15,28.4,37.36
2011-11-21,0.213,62.69,18.05,19.15,25.48
2011-11-22,0.011,29.65,17.69,0.01,11.95
2011-11-23,0.002,17.66,16.42,0.0,1.25
2011-11-24,0.555,106.78,15.55,39.4,51.84
2011-11-25,0.069,84.71,18.01,26.83,39.87
2011-11-26,0.005,28.0,17.26,0.0,10.74
2011-11-27,0.002,16.96,15.98,0.0,0.97
2011-11-28,0.001,16.84,16.03,0.0,0.81
2011-11-29,0.001,16.76,15.96,0.0,0.79
2011-11-30,0.001,17.05,16.26,0.0,0.78
2011-12-01,0.0,17.11,16.37,0.0,0.73
2011-12-02,0.0,16.45,15.64,0.0,0.81
2011-12-03,0.0,17.11,16.38,0.0,0.73
2011-12-04,0.0,16.36,15.52,0.0,0.84
2011-12-05,0.0,16.84,16.05,0.0,0.8
2011-12-06,0.0,16.66,15.86,0.0,0.8
2011-12-07,0.0,16.71,15.91,0.0,0.8
2011-12-08,0.0,16.71,15.91,0.0,0.8
2011-12-09,0.0,16.8,16.01,0.0,0.79
2011-12-10,0.0,16.74,15.94,0.0,0.8
2011-12-11,0.0,16.87,16.08,0.0,0.79
2011-12-12,0.0,16.73,15.93,0.0,0.8
2011-12-13,0.0,16.73,15.94,0.0,0.79
2011-12-14,0.0,16.74,15.94,0.0,0.8
2011-12-15,0.0,16.65,15.85,0.0,0.8
2011-12-16,0.0,16.78,15.99,0.0,0.79
2011-12-17,0.0,16.7,15.9,0.0,0.8
2011-12-18,0.0,16.89,16.1,0.0,0.79
2011-12-19,0.0,17.02,16.23,0.0,0.78
2011-12-20,0.0,17.31,16.54,0.0,0.77
2011-12-21,0.0,17.11,16.47,0.0,0.64
2011-12-22,0.0,18.27,18.08,0.0,0.2
2011-12-23,0.0,0.0,0.0,0.0,0.0
2011-12-24,0.0,0.0,0.0,0.0,0.0
2011-12-25,0.0,0.0,0.0,0.0,0.0
2011-12-26,0.0,0.0,0.0,0.0,0.0
2011-12-27,0.0,0.0,0.0,0.0,0.0
2011-12-28,0.0,0.0,0.0,0.0,0.0
2011-12-29,0.0,0.0,0.0,0.0,0.0
2011-12-30,0.0,0.0,0.0,0.0,0.0
2011-12-31,0.0,0.0,0.0,0.0,0.0
2012-01-01,0.0,0.0,0.0,0.0,0.0
2012-01-02,0.0,0.0,0.0,0.0,0.0
2012-01-03,0.0,0.0,0.0,0.0,0.0
2012-01-04,0.0,0.0,0.0,0.0,0.0
2012-01-05,0.0,0.0,0.0,0.0,0.0
2012-01-06,0.0,0.0,0.0,0.0,0.0
2012-01-07,0.0,0.0,0.0,0.0,0.0
2012-01-08,0.0,0.0,0.0,0.0,0.0
2012-01-09,0.0,0.0,0.0,0.0,0.0
2012-01-10,0.0,0.0,0.0,0.0,0.0
2012-01-11,0.0,0.0,0.0,0.0,0.0
2012-01-12,0.0,0.0,0.0,0.0,0.0
2012-01-13,0.0,0.0,0.0,0.0,0.0
2012-01-14,0.0,0.0,0.0,0.0,0.0
2012-01-15,0.0,0.0,0.0,0.0,0.0
2012-01-16,0.0,0.0,0.0,0.0,0.0
2012-01-17,0.0,0.0,0.0,0.0,0.0
2012-01-18,0.0,0.0,0.0,0.0,0.0
2012-01-19,0.0,0.0,0.0,0.0,0.0
2012-01-20,4.752,242.9,21.09,94.32,127.5
2012-01-21,4.818,446.28,35.5,167.31,243.47
2012-01-22,0.662,79.9,13.83,27.73,38.34
2012-01-23,4.374,210.67,22.22,81.38,107.08
2012-01-24,0.21,106.19,17.87,38.09,50.23
2012-01-25,0.024,28.98,16.66,0.39,11.93
2012-01-26,0.013,17.26,16.03,0.0,1.23
2012-01-27,0.011,16.97,16.06,0.0,0.91
2012-01-28,0.007,16.94,16.09,0.0,0.85
2012-01-29,0.005,16.73,15.89,0.0,0.84
2012-01-30,0.005,16.85,16.02,0.0,0.84
2012-01-31,0.004,16.82,16.0,0.0,0.82
2012-02-01,0.003,16.79,15.98,0.0,0.81
2012-02-02,0.002,16.81,16.01,0.0,0.8
2012-02-03,0.002,16.79,15.99,0.0,0.8
2012-02-04,0.001,16.79,15.99,0.0,0.8
2012-02-05,0.001,16.84,16.05,0.0,0.79
2012-02-06,0.001,16.86,16.08,0.0,0.79
2012-02-07,0.282,49.4,15.56,14.61,19.23
2012-02-08,0.035,39.05,17.92,7.5,13.62
2012-02-09,0.002,20.54,17.34,0.0,3.2
2012-02-10,0.001,17.03,16.24,0.0,0.8
2012-02-11,0.0,16.79,16.0,0.0,0.79
2012-02-12,0.0,16.89,16.1,0.0,0.79
2012-02-13,0.0,16.67,15.88,0.0,0.79
2012-02-14,0.0,16.8,16.0,0.0,0.8
2012-02-15,0.0,16.97,16.2,0.0,0.77
2012-02-16,0.0,16.75,15.95,0.0,0.79
2012-02-17,0.0,16.86,16.06,0.0,0.8
2012-02-18,0.0,17.29,16.49,0.0,0.79
2012-02-19,0.0,17.07,16.65,0.0,0.42
2012-02-20,0.0,17.1,16.3,0.0,0.8
2012-02-21,0.0,17.3,16.51,0.0,0.78
2012-02-22,0.0,18.27,18.08,0.0,0.2
2012-02-23,0.0,0.0,0.0,0.0,0.0
2012-02-24,0.0,0.0,0.0,0.0,0.0
2012-02-25,0.0,0.0,0.0,0.0,0.0
2012-02-26,0.0,0.0,0.0,0.0,0.0
2012-02-27,0.0,0.0,0.0,0.0,0.0
2012-02-28,0.0,0.0,0.0,0.0,0.0
2012-02-29,1.166,200.32,17.17,79.09,104.06
2012-03-01,0.113,131.38,18.03,47.44,65.92
2012-03-02,0.006,44.46,17.75,0.0,26.71
2012-03-03,0.001,18.51,16.52,0.0,1.99
2012-03-04,0.0,16.82,16.03,0.0,0.79
2012-03-05,0.0,16.83,16.04,0.0,0.79
2012-03-06,0.0,16.97,16.19,0.0,0.78
2012-03-07,0.0,16.74,15.96,0.0,0.78
2012-03-08,0.0,16.75,15.94,0.0,0.81
2012-03-09,0.0,16.83,16.03,0.0,0.79
2012-03-10,0.0,16.8,16.01,0.0,0.79
2012-03-11,0.0,16.95,16.15,0.0,0.79
2012-03-12,0.0,17.16,16.37,0.0,0.79
2012-03-13,2.436,123.2,16.98,45.87,60.35
2012-03-14,11.647,235.28,30.05,86.51,118.72
2012-03-15,1.523,114.74,18.75,40.38,55.61
2012-03-16,3.801,159.9,21.12,59.92,78.86
2012-03-17,1.374,168.19,19.72,64.11,84.36
2012-03-18,0.084,74.77,17.36,23.93,33.48
2012-03-19,0.028,19.68,16.08,0.01,3.59
2012-03-20,0.02,17.15,16.05,0.0,1.1
2012-03-21,0.016,16.93,15.96,0.0,0.97
2012-03-22,0.013,16.96,16.01,0.0,0.94
2012-03-23,0.01,17.01,16.1,0.0,0.9
2012-03-24,3.117,136.71,19.52,50.59,66.59
2012-03-25,3.534,158.33,25.35,57.42,75.56
2012-03-26,0.143,76.64,17.69,25.13,33.83
2012-03-27,3.509,347.9,26.25,138.87,182.77
2012-03-28,1.508,263.4,19.96,105.12,138.32
2012-03-29,0.099,104.18,17.31,36.48,50.39
2012-03-30,0.032,21.17,16.16,0.04,4.97
2012-03-31,1.546,126.25,15.6,47.77,62.88
2012-04-01,0.382,80.84,17.31,27.43,36.1
2012-04-02,0.04,32.18,16.73,5.81,9.64
2012-04-03,0.021,17.49,16.08,0.01,1.4
2012-04-04,0.016,17.07,16.06,0.0,1.0
2012-04-05,0.012,16.83,15.89,0.0,0.93
2012-04-06,0.011,16.83,15.91,0.0,0.92
2012-04-07,0.009,16.9,16.0,0.0,0.9
2012-04-08,0.006,16.87,16.01,0.0,0.87
2012-04-09,0.005,17.14,16.29,0.0,0.85
2012-04-10,1.975,101.44,15.07,37.29,49.07
2012-04-11,1.825,134.63,19.66,49.64,65.32
2012-04-12,3.958,381.82,23.71,154.17,203.94
2012-04-13,8.031,399.03,31.95,151.68,215.4
2012-04-14,0.304,140.19,17.48,49.63,73.07
2012-04-15,0.08,29.62,16.23,5.28,8.12
2012-04-16,0.055,17.96,16.02,0.55,1.39
2012-04-17,0.046,17.47,15.94,0.39,1.14
2012-04-18,0.037,17.33,16.01,0.2,1.12
2012-04-19,0.03,17.07,15.93,0.04,1.11
2012-04-20,0.025,17.11,16.0,0.02,1.09
2012-04-21,0.02,17.05,15.99,0.01,1.06
2012-04-22,0.016,16.97,15.96,0.0,1.0
2012-04-23,0.013,16.97,16.01,0.0,0.96
2012-04-24,0.01,17.03,16.11,0.0,0.92
2012-04-25,0.008,16.84,15.95,0.0,0.88
2012-04-26,0.006,16.75,15.89,0.0,0.85
2012-04-27,0.005,16.88,16.01,0.0,0.87
2012-04-28,0.003,16.8,15.98,0.0,0.82
2012-04-29,0.003,17.06,16.23,0.0,0.83
2012-04-30,0.001,17.51,16.73,0.0,0.78
2012-05-01,0.0,17.49,16.93,0.0,0.56
2012-05-02,0.0,18.2,18.08,0.0,0.13
2012-05-03,0.0,18.1,18.08,0.0,0.02
2012-05-04,0.0,18.08,18.08,0.0,0.0
2012-05-05,0.0,0.0,0.0,0.0,0.0
2012-05-06,0.0,0.0,0.0,0.0,0.0
2012-05-07,0.0,0.0,0.0,0.0,0.0
2012-05-08,0.0,0.0,0.0,0.0,0.0
2012-05-09,0.0,0.0,0.0,0.0,0.0
2012-05-10,0.0,0.0,0.0,0.0,0.0
2012-05-11,0.0,0.0,0.0,0.0,0.0
2012-05-12,0.0,0.0,0.0,0.0,0.0
2012-05-13,0.0,0.0,0.0,0.0,0.0
2012-05-14,0.0,0.0,0.0,0.0,0.0
2012-05-15,0.0,0.0,0.0,0.0,0.0
2012-05-16,0.0,0.0,0.0,0.0,0.0
2012-05-17,0.0,0.0,0.0,0.0,0.0
2012-05-18,0.0,0.0,0.0,0.0,0.0
2012-05-19,0.0,0.0,0.0,0.0,0.0
2012-05-20,0.0,0.0,0.0,0.0,0.0
2012-05-21,0.0,0.0,0.0,0.0,0.0
2012-05-22,0.0,0.0,0.0,0.0,0.0
2012-05-23,0.0,0.0,0.0,0.0,0.0
2012-05-24,0.0,0.0,0.0,0.0,0.0
2012-05-25,0.0,0.0,0.0,0.0,0.0
2012-05-26,0.0,0.0,0.0,0.0,0.0
2012-05-27,0.0,0.0,0.0,0.0,0.0
2012-05-28,0.0,0.0,0.0,0.0,0.0
2012-05-29,0.0,0.0,0.0,0.0,0.0
2012-05-30,0.0,0.0,0.0,0.0,0.0
2012-05-31,0.0,0.0,0.0,0.0,0.0
2012-06-01,0.0,0.0,0.0,0.0,0.0
2012-06-02,0.0,0.0,0.0,0.0,0.0
2012-06-03,0.0,0.0,0.0,0.0,0.0
2012-06-04,0.0,0.0,0.0,0.0,0.0
2012-06-05,0.0,0.0,0.0,0.0,0.0
2012-06-06,0.0,0.0,0.0,0.0,0.0
2012-06-07,0.0,0.0,0.0,0.0,0.0
2012-06-08,0.0,0.0,0.0,0.0,0.0
2012-06-09,0.0,0.0,0.0,0.0,0.0
2012-06-10,0.0,0.0,0.0,0.0,0.0
2012-06-11,0.0,0.0,0.0,0.0,0.0
2012-06-12,0.0,0.0,0.0,0.0,0.0
2012-06-13,0.0,0.0,0.0,0.0,0.0
2012-06-14,0.0,0.0,0.0,0.0,0.0
2012-06-15,0.0,0.0,0.0,0.0,0.0
2012-06-16,0.0,0.0,0.0,0.0,0.0
2012-06-17,0.0,0.0,0.0,0.0,0.0
2012-06-18,0.0,0.0,0.0,0.0,0.0
2012-06-19,0.0,0.0,0.0,0.0,0.0
2012-06-20,0.0,0.0,0.0,0.0,0.0
2012-06-21,0.0,0.0,0.0,0.0,0.0
2012-06-22,0.0,0.0,0.0,0.0,0.0
2012-06-23,0.0,0.0,0.0,0.0,0.0
2012-06-24,0.0,0.0,0.0,0.0,0.0
2012-06-25,0.0,0.0,0.0,0.0,0.0
2012-06-26,0.0,0.0,0.0,0.0,0.0
2012-06-27,0.0,0.0,0.0,0.0,0.0
2012-06-28,0.0,0.0,0.0,0.0,0.0
2012-06-29,0.0,0.0,0.0,0.0,0.0
2012-06-30,0.0,0.0,0.0,0.0,0.0
2012-07-01,0.0,0.0,0.0,0.0,0.0
2012-07-02,0.0,0.0,0.0,0.0,0.0
2012-07-03,0.0,0.0,0.0,0.0,0.0
2012-07-04,0.0,0.0,0.0,0.0,0.0
2012-07-05,0.0,0.0,0.0,0.0,0.0
2012-07-06,0.0,0.0,0.0,0.0,0.0
2012-07-07,0.0,0.0,0.0,0.0,0.0
2012-07-08,0.0,0.0,0.0,0.0,0.0
2012-07-09,0.0,0.0,0.0,0.0,0.0
2012-07-10,0.0,0.0,0.0,0.0,0.0
2012-07-11,0.0,0.0,0.0,0.0,0.0
2012-07-12,0.0,0.0,0.0,0.0,0.0
2012-07-13,0.0,0.0,0.0,0.0,0.0
2012-07-14,0.0,0.0,0.0,0.0,0.0
2012-07-15,0.0,0.0,0.0,0.0,0.0
2012-07-16,0.0,0.0,0.0,0.0,0.0
2012-07-17,0.0,0.0,0.0,0.0,0.0
2012-07-18,0.0,0.0,0.0,0.0,0.0
2012-07-19,0.0,0.0,0.0,0.0,0.0
2012-07-20,0.0,0.0,0.0,0.0,0.0
2012-07-21,0.0,0.0,0.0,0.0,0.0
2012-07-22,0.0,0.0,0.0,0.0,0.0
2012-07-23,0.0,0.0,0.0,0.0,0.0
2012-07-24,0.0,0.0,0.0,0.0,0.0
2012-07-25,0.0,0.0,0.0,0.0,0.0
2012-07-26,0.0,0.0,0.0,0.0,0.0
2012-07-27,0.0,0.0,0.0,0.0,0.0
2012-07-28,0.0,0.0,0.0,0.0,0.0
2012-07-29,0.0,0.0,0.0,0.0,0.0
2012-07-30,0.0,0.0,0.0,0.0,0.0
2012-07-31,0.0,0.0,0.0,0.0,0.0
2012-08-01,0.0,0.0,0.0,0.0,0.0
2012-08-02,0.0,0.0,0.0,0.0,0.0
2012-08-03,0.0,0.0,0.0,0.0,0.0
2012-08-04,0.0,0.0,0.0,0.0,0.0
2012-08-05,0.0,0.0,0.0,0.0,0.0
2012-08-06,0.0,0.0,0.0,0.0,0.0
2012-08-07,0.0,0.0,0.0,0.0,0.0
2012-08-08,0.0,0.0,0.0,0.0,0.0
2012-08-09,0.0,0.0,0.0,0.0,0.0
2012-08-10,0.0,0.0,0.0,0.0,0.0
2012-08-11,0.0,0.0,0.0,0.0,0.0
2012-08-12,0.0,0.0,0.0,0.0,0.0
2012-08-13,0.0,0.0,0.0,0.0,0.0
2012-08-14,0.0,0.0,0.0,0.0,0.0
2012-08-15,0.0,0.0,0.0,0.0,0.0
2012-08-16,0.0,0.0,0.0,0.0,0.0
2012-08-17,0.0,0.0,0.0,0.0,0.0
2012-08-18,0.0,0.0,0.0,0.0,0.0
2012-08-19,0.0,0.0,0.0,0.0,0.0
2012-08-20,0.0,0.0,0.0,0.0,0.0
2012-08-21,0.0,0.0,0.0,0.0,0.0
2012-08-22,0.0,0.0,0.0,0.0,0.0
2012-08-23,0.0,0.0,0.0,0.0,0.0
2012-08-24,0.0,0.0,0.0,0.0,0.0
2012-08-25,0.0,0.0,0.0,0.0,0.0
2012-08-26,0.0,0.0,0.0,0.0,0.0
2012-08-27,0.0,0.0,0.0,0.0,0.0
2012-08-28,0.0,0.0,0.0,0.0,0.0
2012-08-29,0.0,0.0,0.0,0.0,0.0
2012-08-30,0.0,0.0,0.0,0.0,0.0
2012-08-31,0.0,0.0,0.0,0.0,0.0
2012-09-01,0.0,0.0,0.0,0.0,0.0
2012-09-02,0.0,0.0,0.0,0.0,0.0
2012-09-03,0.0,0.0,0.0,0.0,0.0
2012-09-04,0.0,0.0,0.0,0.0,0.0
2012-09-05,0.0,0.0,0.0,0.0,0.0
2012-09-06,0.0,0.0,0.0,0.0,0.0
2012-09-07,0.0,0.0,0.0,0.0,0.0
2012-09-08,0.0,0.0,0.0,0.0,0.0
2012-09-09,0.0,0.0,0.0,0.0,0.0
2012-09-10,0.0,0.0,0.0,0.0,0.0
2012-09-11,0.0,0.0,0.0,0.0,0.0
2012-09-12,0.0,0.0,0.0,0.0,0.0
2012-09-13,0.0,0.0,0.0,0.0,0.0
2012-09-14,0.0,0.0,0.0,0.0,0.0
2012-09-15,0.0,0.0,0.0,0.0,0.0
2012-09-16,0.0,0.0,0.0,0.0,0.0
2012-09-17,0.0,0.0,0.0,0.0,0.0
2012-09-18,0.0,0.0,0.0,0.0,0.0
2012-09-19,0.0,0.0,0.0,0.0,0.0
2012-09-20,0.0,0.0,0.0,0.0,0.0
2012-09-21,0.0,0.0,0.0,0.0,0.0
2012-09-22,0.0,0.0,0.0,0.0,0.0
2012-09-23,0.0,0.0,0.0,0.0,0.0
2012-09-24,0.0,0.0,0.0,0.0,0.0
2012-09-25,0.0,0.0,0.0,0.0,0.0
2012-09-26,0.0,0.0,0.0,0.0,0.0
2012-09-27,0.0,0.0,0.0,0.0,0.0
2012-09-28,0.0,0.0,0.0,0.0,0.0
2012-09-29,0.0,0.0,0.0,0.0,0.0
2012-09-30,0.0,0.0,0.0,0.0,0.0
2012-10-01,0.0,0.0,0.0,0.0,0.0
2012-10-02,0.0,0.0,0.0,0.0,0.0
2012-10-03,0.0,0.0,0.0,0.0,0.0
2012-10-04,0.0,0.0,0.0,0.0,0.0
2012-10-05,0.0,0.0,0.0,0.0,0.0
2012-10-06,0.0,0.0,0.0,0.0,0.0
2012-10-07,0.0,0.0,0.0,0.0,0.0
2012-10-08,0.0,0.0,0.0,0.0,0.0
2012-10-09,0.0,0.0,0.0,0.0,0.0
2012-10-10,0.0,0.0,0.0,0.0,0.0
2012-10-11,0.0,0.0,0.0,0.0,0.0
2012-10-12,0.0,0.0,0.0,0.0,0.0
2012-10-13,0.0,0.0,0.0,0.0,0.0
2012-10-14,0.0,0.0,0.0,0.0,0.0
2012-10-15,0.0,0.0,0.0,0.0,0.0
2012-10-16,0.0,0.0,0.0,0.0,0.0
2012-10-17,0.0,0.0,0.0,0.0,0.0
2012-10-18,0.0,0.0,0.0,0.0,0.0
2012-10-19,0.0,0.0,0.0,0.0,0.0
2012-10-20,0.0,0.0,0.0,0.0,0.0
2012-10-21,0.0,0.0,0.0,0.0,0.0
2012-10-22,1.84,115.85,15.34,43.4,57.11
2012-10-23,1.105,140.9,16.98,53.51,70.41
2012-10-24,0.05,87.74,18.01,26.85,42.88
2012-10-25,0.003,27.25,17.18,0.0,10.06
2012-10-26,0.001,17.08,16.14,0.0,0.94
2012-10-27,0.001,16.73,15.92,0.0,0.8
2012-10-28,0.001,16.74,15.94,0.0,0.8
2012-10-29,0.001,16.72,15.92,0.0,0.8
2012-10-30,0.001,16.72,15.91,0.0,0.8
2012-10-31,0.001,16.79,15.99,0.0,0.8
2012-11-01,1.363,136.52,15.72,52.17,68.64
2012-11-02,0.07,98.72,18.03,32.51,48.18
2012-11-03,0.004,31.77,17.4,0.0,14.37
2012-11-04,0.001,17.23,16.14,0.0,1.09
2012-11-05,0.001,16.77,15.97,0.0,0.8
2012-11-06,0.001,16.74,15.94,0.0,0.8
2012-11-07,0.001,16.77,15.97,0.0,0.8
2012-11-08,0.001,16.84,16.04,0.0,0.79
2012-11-09,0.0,16.63,15.83,0.0,0.8
2012-11-10,0.0,16.65,15.85,0.0,0.8
2012-11-11,0.0,16.67,15.86,0.0,0.81
2012-11-12,0.0,16.73,15.93,0.0,0.8
2012-11-13,0.0,16.79,15.99,0.0,0.79
2012-11-14,0.0,16.69,15.89,0.0,0.8
2012-11-15,0.0,16.82,16.02,0.0,0.79
2012-11-16,0.0,13.29,12.65,0.0,0.64
2012-11-17,2.547,157.12,16.89,60.55,79.68
2012-11-18,1.663,239.79,21.16,94.4,124.22
2012-11-19,0.07,128.5,17.97,44.61,65.92
2012-11-20,0.007,27.46,14.74,0.0,12.72
2012-11-21,5.034,339.96,23.74,136.54,179.67
2012-11-22,0.194,165.3,17.95,63.25,84.1
2012-11-23,0.016,41.96,16.96,0.03,24.97
2012-11-24,0.007,17.51,16.05,0.0,1.46
2012-11-25,0.006,16.84,15.99,0.0,0.85
2012-11-26,0.005,16.81,15.98,0.0,0.83
2012-11-27,0.004,16.79,15.96,0.0,0.82
2012-11-28,0.513,98.02,15.38,35.64,47.0
2012-11-29,0.103,83.7,18.0,27.34,38.36
2012-11-30,11.334,302.6,31.34,110.84,160.43
2012-12-01,1.412,111.09,16.19,38.48,56.42
2012-12-02,6.162,344.06,27.13,134.23,182.7
2012-12-03,0.444,203.73,17.86,78.26,107.6
2012-12-04,0.05,57.06,16.71,15.29,25.06
2012-12-05,4.61,588.72,25.67,241.99,321.06
2012-12-06,0.358,310.3,17.8,125.59,166.91
2012-12-07,0.05,68.68,16.52,20.48,31.69
2012-12-08,0.031,18.39,16.0,0.02,2.37
2012-12-09,0.024,17.12,15.99,0.01,1.12
2012-12-10,0.02,16.96,15.92,0.0,1.03
2012-12-11,0.018,16.97,15.97,0.0,1.0
2012-12-12,0.012,17.13,16.2,0.0,0.93
2012-12-13,0.012,16.61,15.69,0.0,0.92
2012-12-14,0.011,16.94,16.02,0.0,0.92
2012-12-15,0.009,16.9,16.0,0.0,0.89
2012-12-16,0.006,16.56,15.71,0.0,0.84
2012-12-17,1.115,175.32,15.54,68.99,90.79
2012-12-18,0.148,145.3,17.95,54.03,73.32
2012-12-19,0.013,36.01,16.66,0.0,19.35
2012-12-20,0.008,17.35,16.14,0.0,1.21
2012-12-21,0.008,10.47,9.59,0.01,0.87
2012-12-22,3.516,209.79,18.34,82.67,108.78
2012-12-23,8.221,253.82,27.62,96.29,129.91
2012-12-24,1.078,192.19,17.9,73.53,100.76
2012-12-25,4.347,287.46,25.43,113.14,148.89
2012-12-26,2.215,188.54,18.81,73.3,96.44
2012-12-27,0.248,62.25,17.01,19.54,25.71
2012-12-28,0.118,20.29,15.99,1.86,2.44
2012-12-29,0.092,18.03,15.96,0.89,1.18
2012-12-30,0.084,17.91,15.9,0.86,1.14
2012-12-31,0.074,17.91,15.91,0.86,1.14
2013-01-01,0.065,17.85,15.94,0.77,1.14
2013-01-02,0.055,17.62,15.93,0.56,1.13
2013-01-03,0.049,17.43,15.89,0.41,1.14
2013-01-04,0.043,17.34,15.95,0.25,1.13
2013-01-05,0.04,17.08,15.88,0.06,1.14
2013-01-06,0.076,20.99,15.66,2.17,3.17
2013-01-07,0.042,18.34,16.22,0.66,1.47
2013-01-08,0.031,17.08,15.93,0.02,1.13
2013-01-09,0.026,17.21,16.09,0.01,1.11
2013-01-10,0.019,16.94,15.93,0.0,1.01
2013-01-11,0.017,16.87,15.88,0.0,0.99
2013-01-12,0.017,16.83,15.84,0.0,0.98
2013-01-13,0.014,16.9,15.95,0.0,0.95
2013-01-14,0.01,16.87,15.97,0.0,0.9
2013-01-15,0.01,16.79,15.87,0.0,0.91
2013-01-16,0.009,16.86,15.97,0.0,0.89
2013-01-17,0.007,16.97,16.1,0.0,0.86
2013-01-18,0.006,16.78,15.92,0.0,0.86
2013-01-19,0.004,17.02,16.18,0.0,0.84
2013-01-20,0.003,16.84,16.03,0.0,0.82
2013-01-21,0.002,17.13,16.33,0.0,0.8
2013-01-22,0.002,16.63,15.81,0.0,0.82
2013-01-23,0.0,18.33,17.64,0.0,0.7
2013-01-24,0.0,14.21,13.42,0.0,0.8
2013-01-25,0.001,16.74,15.9,0.0,0.84
2013-01-26,0.001,17.4,16.59,0.0,0.81
2013-01-27,0.0,17.43,16.92,0.0,0.5
2013-01-28,0.0,18.21,18.08,0.0,0.13
2013-01-29,0.0,18.1,18.08,0.0,0.02
2013-01-30,0.0,0.0,0.0,0.0,0.0
2013-01-31,0.0,0.0,0.0,0.0,0.0
2013-02-01,0.0,0.0,0.0,0.0,0.0
2013-02-02,0.0,0.0,0.0,0.0,0.0
2013-02-03,0.0,0.0,0.0,0.0,0.0
2013-02-04,0.0,0.0,0.0,0.0,0.0
2013-02-05,0.0,0.0,0.0,0.0,0.0
2013-02-06,0.0,0.0,0.0,0.0,0.0
2013-02-07,0.0,0.0,0.0,0.0,0.0
2013-02-08,0.0,0.0,0.0,0.0,0.0
2013-02-09,0.0,0.0,0.0,0.0,0.0
2013-02-10,0.0,0.0,0.0,0.0,0.0
2013-02-11,0.0,0.0,0.0,0.0,0.0
2013-02-12,0.0,0.0,0.0,0.0,0.0
2013-02-13,0.0,0.0,0.0,0.0,0.0
2013-02-14,0.0,0.0,0.0,0.0,0.0
2013-02-15,0.0,0.0,0.0,0.0,0.0
2013-02-16,0.0,0.0,0.0,0.0,0.0
2013-02-17,0.0,0.0,0.0,0.0,0.0
2013-02-18,0.0,0.0,0.0,0.0,0.0
2013-02-19,0.748,92.18,15.66,33.04,43.48
2013-02-20,0.174,84.36,18.06,28.26,38.05
2013-02-21,0.009,34.75,17.68,0.0,17.07
2013-02-22,0.002,18.0,16.57,0.0,1.43
2013-02-23,0.001,16.98,16.24,0.0,0.74
2013-02-24,0.0,16.85,16.11,0.0,0.74
2013-02-25,0.0,16.78,15.98,0.0,0.8
2013-02-26,0.0,16.91,16.12,0.0,0.79
2013-02-27,0.0,16.83,16.04,0.0,0.79
2013-02-28,0.0,16.83,16.03,0.0,0.79
2013-03-01,0.0,16.91,16.12,0.0,0.79
2013-03-02,0.0,17.3,16.52,0.0,0.78
2013-03-03,0.0,17.35,17.09,0.0,0.26
2013-03-04,0.0,17.22,16.4,0.0,0.82
2013-03-05,0.0,18.28,18.08,0.0,0.2
2013-03-06,0.228,55.2,15.71,17.04,22.46
2013-03-07,0.015,34.88,18.03,1.73,15.13
2013-03-08,0.001,21.12,17.84,0.0,3.28
2013-03-09,0.0,17.06,16.27,0.0,0.8
2013-03-10,0.0,17.11,16.39,0.0,0.71
2013-03-11,0.0,17.14,16.37,0.0,0.77
2013-03-12,0.0,17.4,16.68,0.0,0.72
2013-03-13,0.0,18.26,18.08,0.0,0.18
2013-03-14,0.0,18.11,18.08,0.0,0.03
2013-03-15,0.0,0.0,0.0,0.0,0.0
2013-03-16,0.0,0.0,0.0,0.0,0.0
2013-03-17,0.0,0.0,0.0,0.0,0.0
2013-03-18,0.0,0.0,0.0,0.0,0.0
2013-03-19,0.0,0.0,0.0,0.0,0.0
2013-03-20,0.0,0.0,0.0,0.0,0.0
2013-03-21,0.0,0.0,0.0,0.0,0.0
2013-03-22,0.0,0.0,0.0,0.0,0.0
2013-03-23,0.0,0.0,0.0,0.0,0.0
2013-03-24,0.0,0.0,0.0,0.0,0.0
2013-03-25,0.0,0.0,0.0,0.0,0.0
2013-03-26,0.0,0.0,0.0,0.0,0.0
2013-03-27,0.0,0.0,0.0,0.0,0.0
2013-03-28,0.0,0.0,0.0,0.0,0.0
2013-03-29,0.0,0.0,0.0,0.0,0.0
2013-03-30,0.0,0.0,0.0,0.0,0.0
2013-03-31,0.0,0.0,0.0,0.0,0.0
2013-04-01,3.692,199.41,20.41,77.29,101.7
2013-04-02,0.23,151.23,18.01,57.32,75.91
2013-04-03,0.014,47.27,17.38,0.12,29.77
2013-04-04,1.568,227.1,15.68,91.29,120.13
2013-04-05,0.137,157.39,17.95,59.03,80.41
2013-04-06,0.011,39.6,16.99,0.0,22.61
2013-04-07,0.005,17.61,16.28,0.0,1.33
2013-04-08,0.002,16.92,16.15,0.0,0.78
2013-04-09,0.002,16.8,16.0,0.0,0.8
2013-04-10,0.001,16.82,16.02,0.0,0.8
2013-04-11,0.001,16.72,15.92,0.0,0.8
2013-04-12,0.001,16.78,15.98,0.0,0.8
2013-04-13,0.001,16.79,15.99,0.0,0.8
2013-04-14,0.001,16.84,16.05,0.0,0.79
2013-04-15,0.0,16.88,16.08,0.0,0.79
2013-04-16,0.0,16.75,15.96,0.0,0.79
2013-04-17,0.0,16.76,15.97,0.0,0.79
2013-04-18,0.0,16.76,15.96,0.0,0.8
2013-04-19,0.0,16.84,16.05,0.0,0.79
2013-04-20,0.0,16.87,16.08,0.0,0.79
2013-04-21,0.0,16.99,16.21,0.0,0.79
2013-04-22,0.0,17.44,16.68,0.0,0.76
2013-04-23,0.0,17.98,17.61,0.0,0.37
2013-04-24,0.0,18.14,18.08,0.0,0.07
2013-04-25,0.0,0.0,0.0,0.0,0.0
2013-04-26,0.0,0.0,0.0,0.0,0.0
2013-04-27,0.0,0.0,0.0,0.0,0.0
2013-04-28,0.0,0.0,0.0,0.0,0.0
2013-04-29,0.0,0.0,0.0,0.0,0.0
2013-04-30,0.0,0.0,0.0,0.0,0.0
2013-05-01,0.0,0.0,0.0,0.0,0.0
2013-05-02,0.0,0.0,0.0,0.0,0.0
2013-05-03,0.0,0.0,0.0,0.0,0.0
2013-05-04,0.0,0.0,0.0,0.0,0.0
2013-05-05,0.0,0.0,0.0,0.0,0.0
2013-05-06,0.0,0.0,0.0,0.0,0.0
2013-05-07,0.0,0.0,0.0,0.0,0.0
2013-05-08,0.0,0.0,0.0,0.0,0.0
2013-05-09,0.0,0.0,0.0,0.0,0.0
2013-05-10,0.0,0.0,0.0,0.0,0.0
2013-05-11,0.0,0.0,0.0,0.0,0.0
2013-05-12,0.0,0.0,0.0,0.0,0.0
2013-05-13,0.0,0.0,0.0,0.0,0.0
2013-05-14,0.0,0.0,0.0,0.0,0.0
2013-05-15,0.0,0.0,0.0,0.0,0.0
2013-05-16,0.0,0.0,0.0,0.0,0.0
2013-05-17,0.0,0.0,0.0,0.0,0.0
2013-05-18,0.0,0.0,0.0,0.0,0.0
2013-05-19,0.0,0.0,0.0,0.0,0.0
2013-05-20,0.0,0.0,0.0,0.0,0.0
2013-05-21,0.0,0.0,0.0,0.0,0.0
2013-05-22,0.0,0.0,0.0,0.0,0.0
2013-05-23,0.0,0.0,0.0,0.0,0.0
2013-05-24,0.0,0.0,0.0,0.0,0.0
2013-05-25,0.0,0.0,0.0,0.0,0.0
2013-05-26,0.0,0.0,0.0,0.0,0.0
2013-05-27,0.0,0.0,0.0,0.0,0.0
2013-05-28,0.0,0.0,0.0,0.0,0.0
2013-05-29,0.0,0.0,0.0,0.0,0.0
2013-05-30,0.0,0.0,0.0,0.0,0.0
2013-05-31,0.0,0.0,0.0,0.0,0.0
2013-06-01,0.0,0.0,0.0,0.0,0.0
2013-06-02,0.0,0.0,0.0,0.0,0.0
2013-06-03,0.0,0.0,0.0,0.0,0.0
2013-06-04,0.0,0.0,0.0,0.0,0.0
2013-06-05,0.0,0.0,0.0,0.0,0.0
2013-06-06,0.0,0.0,0.0,0.0,0.0
2013-06-07,0.0,0.0,0.0,0.0,0.0
2013-06-08,0.0,0.0,0.0,0.0,0.0
2013-06-09,0.0,0.0,0.0,0.0,0.0
2013-06-10,0.0,0.0,0.0,0.0,0.0
2013-06-11,0.0,0.0,0.0,0.0,0.0
2013-06-12,0.0,0.0,0.0,0.0,0.0
2013-06-13,0.0,0.0,0.0,0.0,0.0
2013-06-14,0.0,0.0,0.0,0.0,0.0
2013-06-15,0.0,0.0,0.0,0.0,0.0
2013-06-16,0.0,0.0,0.0,0.0,0.0
2013-06-17,0.0,0.0,0.0,0.0,0.0
2013-06-18,0.0,0.0,0.0,0.0,0.0
2013-06-19,0.0,0.0,0.0,0.0,0.0
2013-06-20,0.0,0.0,0.0,0.0,0.0
2013-06-21,0.0,0.0,0.0,0.0,0.0
2013-06-22,0.0,0.0,0.0,0.0,0.0
2013-06-23,0.0,0.0,0.0,0.0,0.0
2013-06-24,0.0,0.0,0.0,0.0,0.0
2013-06-25,0.0,0.0,0.0,0.0,0.0
2013-06-26,0.0,0.0,0.0,0.0,0.0
2013-06-27,0.0,0.0,0.0,0.0,0.0
2013-06-28,0.0,0.0,0.0,0.0,0.0
2013-06-29,0.0,0.0,0.0,0.0,0.0
2013-06-30,0.0,0.0,0.0,0.0,0.0
2013-07-01,0.0,0.0,0.0,0.0,0.0
2013-07-02,0.0,0.0,0.0,0.0,0.0
2013-07-03,0.0,0.0,0.0,0.0,0.0
2013-07-04,0.0,0.0,0.0,0.0,0.0
2013-07-05,0.0,0.0,0.0,0.0,0.0
2013-07-06,0.0,0.0,0.0,0.0,0.0
2013-07-07,0.0,0.0,0.0,0.0,0.0
2013-07-08,0.0,0.0,0.0,0.0,0.0
2013-07-09,0.0,0.0,0.0,0.0,0.0
2013-07-10,0.0,0.0,0.0,0.0,0.0
2013-07-11,0.0,0.0,0.0,0.0,0.0
2013-07-12,0.0,0.0,0.0,0.0,0.0
2013-07-13,0.0,0.0,0.0,0.0,0.0
2013-07-14,0.0,0.0,0.0,0.0,0.0
2013-07-15,0.0,0.0,0.0,0.0,0.0
2013-07-16,0.0,0.0,0.0,0.0,0.0
2013-07-17,0.0,0.0,0.0,0.0,0.0
2013-07-18,0.0,0.0,0.0,0.0,0.0
2013-07-19,0.0,0.0,0.0,0.0,0.0
2013-07-20,0.0,0.0,0.0,0.0,0.0
2013-07-21,0.0,0.0,0.0,0.0,0.0
2013-07-22,0.0,0.0,0.0,0.0,0.0
2013-07-23,0.0,0.0,0.0,0.0,0.0
2013-07-24,0.0,0.0,0.0,0.0,0.0
2013-07-25,0.0,0.0,0.0,0.0,0.0
2013-07-26,0.0,0.0,0.0,0.0,0.0
2013-07-27,0.0,0.0,0.0,0.0,0.0
2013-07-28,0.0,0.0,0.0,0.0,0.0
2013-07-29,0.0,0.0,0.0,0.0,0.0
2013-07-30,0.0,0.0,0.0,0.0,0.0
2013-07-31,0.0,0.0,0.0,0.0,0.0
2013-08-01,0.0,0.0,0.0,0.0,0.0
2013-08-02,0.0,0.0,0.0,0.0,0.0
2013-08-03,0.0,0.0,0.0,0.0,0.0
2013-08-04,0.0,0.0,0.0,0.0,0.0
2013-08-05,0.0,0.0,0.0,0.0,0.0
2013-08-06,0.0,0.0,0.0,0.0,0.0
2013-08-07,0.0,0.0,0.0,0.0,0.0
2013-08-08,0.0,0.0,0.0,0.0,0.0
2013-08-09,0.0,0.0,0.0,0.0,0.0
2013-08-10,0.0,0.0,0.0,0.0,0.0
2013-08-11,0.0,0.0,0.0,0.0,0.0
2013-08-12,0.0,0.0,0.0,0.0,0.0
2013-08-13,0.0,0.0,0.0,0.0,0.0
2013-08-14,0.0,0.0,0.0,0.0,0.0
2013-08-15,0.0,0.0,0.0,0.0,0.0
2013-08-16,0.0,0.0,0.0,0.0,0.0
2013-08-17,0.0,0.0,0.0,0.0,0.0
2013-08-18,0.0,0.0,0.0,0.0,0.0
2013-08-19,0.0,0.0,0.0,0.0,0.0
2013-08-20,0.0,0.0,0.0,0.0,0.0
2013-08-21,0.0,0.0,0.0,0.0,0.0
2013-08-22,0.0,0.0,0.0,0.0,0.0
2013-08-23,0.0,0.0,0.0,0.0,0.0
2013-08-24,0.0,0.0,0.0,0.0,0.0
2013-08-25,0.0,0.0,0.0,0.0,0.0
2013-08-26,0.0,0.0,0.0,0.0,0.0
2013-08-27,0.0,0.0,0.0,0.0,0.0
2013-08-28,0.0,0.0,0.0,0.0,0.0
2013-08-29,0.0,0.0,0.0,0.0,0.0
2013-08-30,0.0,0.0,0.0,0.0,0.0
2013-08-31,0.0,0.0,0.0,0.0,0.0
2013-09-01,0.0,0.0,0.0,0.0,0.0
2013-09-02,0.0,0.0,0.0,0.0,0.0
2013-09-03,0.0,0.0,0.0,0.0,0.0
2013-09-04,0.0,0.0,0.0,0.0,0.0
2013-09-05,0.0,0.0,0.0,0.0,0.0
2013-09-06,0.0,0.0,0.0,0.0,0.0
2013-09-07,0.0,0.0,0.0,0.0,0.0
2013-09-08,0.0,0.0,0.0,0.0,0.0
2013-09-09,0.0,0.0,0.0,0.0,0.0
2013-09-10,0.0,0.0,0.0,0.0,0.0
2013-09-11,0.0,0.0,0.0,0.0,0.0
2013-09-12,0.0,0.0,0.0,0.0,0.0
2013-09-13,0.0,0.0,0.0,0.0,0.0
2013-09-14,0.0,0.0,0.0,0.0,0.0
2013-09-15,0.0,0.0,0.0,0.0,0.0
2013-09-16,0.0,0.0,0.0,0.0,0.0
2013-09-17,0.0,0.0,0.0,0.0,0.0
2013-09-18,0.0,0.0,0.0,0.0,0.0
2013-09-19,0.0,0.0,0.0,0.0,0.0
2013-09-20,0.0,0.0,0.0,0.0,0.0
2013-09-21,1.422,254.54,17.22,102.48,134.84
2013-09-22,0.269,223.64,18.07,88.58,116.99
2013-09-23,0.012,82.75,18.0,0.69,64.06
2013-09-24,0.001,25.89,17.2,0.0,8.69
2013-09-25,0.0,16.93,16.03,0.0,0.9
2013-09-26,0.0,16.72,15.92,0.0,0.8
2013-09-27,0.0,16.77,15.97,0.0,0.8
2013-09-28,0.0,16.93,16.13,0.0,0.8
2013-09-29,0.0,16.53,15.74,0.0,0.79
2013-09-30,0.0,16.82,16.01,0.0,0.8
2013-10-01,0.0,16.94,16.15,0.0,0.8
2013-10-02,0.0,16.76,15.97,0.0,0.78
2013-10-03,0.0,16.89,16.09,0.0,0.8
2013-10-04,0.0,18.28,18.08,0.0,0.21
2013-10-05,0.0,18.11,18.08,0.0,0.03
2013-10-06,0.0,0.0,0.0,0.0,0.0
2013-10-07,0.0,0.0,0.0,0.0,0.0
2013-10-08,0.0,0.0,0.0,0.0,0.0
2013-10-09,0.0,0.0,0.0,0.0,0.0
2013-10-10,0.0,0.0,0.0,0.0,0.0
2013-10-11,0.0,0.0,0.0,0.0,0.0
2013-10-12,0.0,0.0,0.0,0.0,0.0
2013-10-13,0.0,0.0,0.0,0.0,0.0
2013-10-14,0.0,0.0,0.0,0.0,0.0
2013-10-15,0.0,0.0,0.0,0.0,0.0
2013-10-16,0.0,0.0,0.0,0.0,0.0
2013-10-17,0.0,0.0,0.0,0.0,0.0
2013-10-18,0.0,0.0,0.0,0.0,0.0
2013-10-19,0.0,0.0,0.0,0.0,0.0
2013-10-20,0.0,0.0,0.0,0.0,0.0
2013-10-21,0.0,0.0,0.0,0.0,0.0
2013-10-22,0.0,0.0,0.0,0.0,0.0
2013-10-23,0.0,0.0,0.0,0.0,0.0
2013-10-24,0.0,0.0,0.0,0.0,0.0
2013-10-25,0.0,0.0,0.0,0.0,0.0
2013-10-26,0.0,0.0,0.0,0.0,0.0
2013-10-27,0.0,0.0,0.0,0.0,0.0
2013-10-28,0.0,0.0,0.0,0.0,0.0
2013-10-29,0.0,0.0,0.0,0.0,0.0
2013-10-30,0.0,0.0,0.0,0.0,0.0
2013-10-31,0.0,0.0,0.0,0.0,0.0
2013-11-01,0.0,0.0,0.0,0.0,0.0
2013-11-02,0.0,0.0,0.0,0.0,0.0
2013-11-03,0.0,0.0,0.0,0.0,0.0
2013-11-04,0.0,0.0,0.0,0.0,0.0
2013-11-05,0.0,0.0,0.0,0.0,0.0
2013-11-06,0.0,0.0,0.0,0.0,0.0
2013-11-07,0.0,0.0,0.0,0.0,0.0
2013-11-08,0.0,0.0,0.0,0.0,0.0
2013-11-09,0.0,0.0,0.0,0.0,0.0
2013-11-10,0.0,0.0,0.0,0.0,0.0
2013-11-11,0.0,0.0,0.0,0.0,0.0
2013-11-12,0.0,0.0,0.0,0.0,0.0
2013-11-13,0.0,0.0,0.0,0.0,0.0
2013-11-14,0.0,0.0,0.0,0.0,0.0
2013-11-15,0.0,0.0,0.0,0.0,0.0
2013-11-16,0.0,0.0,0.0,0.0,0.0
2013-11-17,0.0,0.0,0.0,0.0,0.0
2013-11-18,0.0,0.0,0.0,0.0,0.0
2013-11-19,0.587,129.17,12.71,50.29,66.17
2013-11-20,5.037,318.07,23.45,127.22,167.4
2013-11-21,0.603,248.34,18.01,99.46,130.87
2013-11-22,0.032,112.53,17.72,32.13,62.68
2013-11-23,0.005,23.0,16.43,0.0,6.57
2013-11-24,0.003,16.82,15.94,0.0,0.88
2013-11-25,0.003,16.75,15.93,0.0,0.82
2013-11-26,0.002,16.75,15.93,0.0,0.81
2013-11-27,0.002,16.74,15.92,0.0,0.81
2013-11-28,0.002,16.74,15.93,0.0,0.81
2013-11-29,0.002,16.73,15.92,0.0,0.81
2013-11-30,0.001,16.74,15.93,0.0,0.81
2013-12-01,0.001,16.73,15.93,0.0,0.8
2013-12-02,0.001,16.75,15.95,0.0,0.8
2013-12-03,0.001,16.81,16.02,0.0,0.8
2013-12-04,0.001,16.7,15.9,0.0,0.8
2013-12-05,0.001,16.72,15.92,0.0,0.8
2013-12-06,0.073,0.13,0.12,0.0,0.01
2013-12-07,1.901,247.94,17.13,99.67,131.14
2013-12-08,0.124,206.4,18.04,79.3,109.05
2013-12-09,0.007,58.79,17.52,0.0,41.27
2013-12-10,0.002,18.2,16.17,0.0,2.03
2013-12-11,0.001,16.77,15.95,0.0,0.81
2013-12-12,0.001,16.7,15.89,0.0,0.81
2013-12-13,0.001,16.72,15.91,0.0,0.81
2013-12-14,0.001,16.77,15.98,0.0,0.8
2013-12-15,0.001,16.77,15.98,0.0,0.79
2013-12-16,0.001,16.82,16.03,0.0,0.79
2013-12-17,0.0,16.68,15.88,0.0,0.8
2013-12-18,0.0,16.73,15.92,0.0,0.81
2013-12-19,0.0,16.78,16.0,0.0,0.79
2013-12-20,0.0,16.69,15.89,0.0,0.8
2013-12-21,0.0,16.68,15.87,0.0,0.8
2013-12-22,0.0,16.75,15.95,0.0,0.8
2013-12-23,0.0,16.76,15.96,0.0,0.79
2013-12-24,0.0,16.73,15.93,0.0,0.79
2013-12-25,0.0,16.88,16.09,0.0,0.79
2013-12-26,0.0,16.83,16.05,0.0,0.79
2013-12-27,0.0,16.78,15.99,0.0,0.79
2013-12-28,0.0,16.62,15.82,0.0,0.8
2013-12-29,0.0,17.44,16.66,0.0,0.78
2013-12-30,0.0,16.17,15.43,0.0,0.74
2013-12-31,0.0,16.87,16.08,0.0,0.79
2014-01-01,0.0,17.11,16.31,0.0,0.8
2014-01-02,0.0,16.98,16.22,0.0,0.76
2014-01-03,0.0,18.28,18.08,0.0,0.2
2014-01-04,0.0,18.11,18.08,0.0,0.04
2014-01-05,0.0,0.0,0.0,0.0,0.0
2014-01-06,0.0,0.0,0.0,0.0,0.0
2014-01-07,0.0,0.0,0.0,0.0,0.0
2014-01-08,0.0,0.0,0.0,0.0,0.0
2014-01-09,0.0,0.0,0.0,0.0,0.0
2014-01-10,0.0,0.0,0.0,0.0,0.0
2014-01-11,0.0,0.0,0.0,0.0,0.0
2014-01-12,0.0,0.0,0.0,0.0,0.0
2014-01-13,0.0,0.0,0.0,0.0,0.0
2014-01-14,0.0,0.0,0.0,0.0,0.0
2014-01-15,0.0,0.0,0.0,0.0,0.0
2014-01-16,0.0,0.0,0.0,0.0,0.0
2014-01-17,0.0,0.0,0.0,0.0,0.0
2014-01-18,0.0,0.0,0.0,0.0,0.0
2014-01-19,0.0,0.0,0.0,0.0,0.0
2014-01-20,0.0,0.0,0.0,0.0,0.0
2014-01-21,0.0,0.0,0.0,0.0,0.0
2014-01-22,0.0,0.0,0.0,0.0,0.0
2014-01-23,0.0,0.0,0.0,0.0,0.0
2014-01-24,0.0,0.0,0.0,0.0,0.0
2014-01-25,0.0,0.0,0.0,0.0,0.0
2014-01-26,0.0,0.0,0.0,0.0,0.0
2014-01-27,0.0,0.0,0.0,0.0,0.0
2014-01-28,0.0,0.0,0.0,0.0,0.0
2014-01-29,0.0,0.0,0.0,0.0,0.0
2014-01-30,0.0,0.0,0.0,0.0,0.0
2014-01-31,0.0,0.0,0.0,0.0,0.0
2014-02-01,0.0,0.0,0.0,0.0,0.0
2014-02-02,0.9,87.36,15.65,30.96,40.74
2014-02-03,0.207,78.61,18.07,25.94,34.61
2014-02-04,0.009,36.26,18.0,0.0,18.26
2014-02-05,0.001,19.48,17.04,0.0,2.45
2014-02-06,3.141,168.61,19.21,64.51,84.89
2014-02-07,1.474,87.55,15.18,31.25,41.12
2014-02-08,3.282,90.74,16.62,32.0,42.11
2014-02-09,4.909,144.68,19.67,53.98,71.03
2014-02-10,0.873,86.11,17.96,29.43,38.72
2014-02-11,0.052,45.21,17.45,10.76,17.0
2014-02-12,0.014,18.35,16.23,0.0,2.12
2014-02-13,0.01,16.88,15.98,0.0,0.9
2014-02-14,0.008,16.88,16.02,0.0,0.86
2014-02-15,0.006,16.85,16.01,0.0,0.84
2014-02-16,0.004,16.82,15.99,0.0,0.83
2014-02-17,0.003,16.81,15.99,0.0,0.82
2014-02-18,0.003,16.8,15.99,0.0,0.81
2014-02-19,0.002,16.8,15.99,0.0,0.81
2014-02-20,0.002,16.78,15.98,0.0,0.8
2014-02-21,0.001,16.83,16.04,0.0,0.79
2014-02-22,0.001,16.8,16.0,0.0,0.8
2014-02-23,0.001,16.81,16.02,0.0,0.79
2014-02-24,0.001,16.79,16.0,0.0,0.79
2014-02-25,0.0,16.81,16.02,0.0,0.79
2014-02-26,1.448,95.22,15.28,34.52,45.42
2014-02-27,1.911,148.56,16.89,56.86,74.81
2014-02-28,5.457,220.21,23.03,85.14,112.03
2014-03-01,0.711,80.43,17.43,27.2,35.79
2014-03-02,0.048,41.34,17.43,9.11,14.79
2014-03-03,0.013,18.1,16.21,0.0,1.88
2014-03-04,0.01,16.83,15.93,0.0,0.9
2014-03-05,0.382,132.88,6.44,54.59,71.85
2014-03-06,1.415,267.0,19.07,107.06,140.87
2014-03-07,0.071,134.69,17.79,47.45,69.45
2014-03-08,0.01,26.88,16.58,0.0,10.3
2014-03-09,0.005,17.22,16.22,0.0,1.01
2014-03-10,0.003,16.89,16.1,0.0,0.79
2014-03-11,0.002,16.91,16.11,0.0,0.79
2014-03-12,0.001,16.98,16.22,0.0,0.76
2014-03-13,0.001,16.78,15.97,0.0,0.81
2014-03-14,0.001,16.8,16.0,0.0,0.8
2014-03-15,0.0,16.91,16.12,0.0,0.78
2014-03-16,0.0,17.0,16.22,0.0,0.78
2014-03-17,0.0,16.87,16.08,0.0,0.79
2014-03-18,0.0,16.94,16.16,0.0,0.79
2014-03-19,0.0,17.22,16.44,0.0,0.77
2014-03-20,0.0,17.3,16.59,0.0,0.71
2014-03-21,0.0,18.26,18.08,0.0,0.18
2014-03-22,0.0,18.11,18.08,0.0,0.03
2014-03-23,0.0,0.0,0.0,0.0,0.0
2014-03-24,0.0,0.0,0.0,0.0,0.0
2014-03-25,0.0,0.0,0.0,0.0,0.0
2014-03-26,3.748,254.66,22.48,100.26,131.92
2014-03-27,0.607,116.86,17.22,43.03,56.62
2014-03-28,0.035,61.39,17.74,15.4,28.25
2014-03-29,3.631,476.37,23.16,195.7,257.51
2014-03-30,0.624,265.96,17.8,107.16,141.0
2014-03-31,2.667,313.2,20.61,126.25,166.33
2014-04-01,4.01,174.8,19.41,67.09,88.29
2014-04-02,1.561,111.58,17.24,40.74,53.6
2014-04-03,0.106,58.44,17.55,17.23,23.66
2014-04-04,0.555,87.84,15.63,31.12,41.09
2014-04-05,0.073,57.81,17.45,16.49,23.88
2014-04-06,0.019,19.3,16.23,0.0,3.06
2014-04-07,0.013,17.05,16.06,0.0,0.99
2014-04-08,0.009,17.03,16.13,0.0,0.9
2014-04-09,0.006,16.94,16.09,0.0,0.84
2014-04-10,0.004,16.93,16.1,0.0,0.83
2014-04-11,0.002,17.19,16.41,0.0,0.79
2014-04-12,0.001,16.98,16.23,0.0,0.75
2014-04-13,0.0,16.98,16.2,0.0,0.78
2014-04-14,0.0,16.95,16.16,0.0,0.78
2014-04-15,0.0,17.09,16.31,0.0,0.78
2014-04-16,0.0,17.35,16.59,0.0,0.76
2014-04-17,0.0,18.26,18.08,0.0,0.18
2014-04-18,0.0,18.1,18.08,0.0,0.03
2014-04-19,0.0,0.0,0.0,0.0,0.0
2014-04-20,0.0,0.0,0.0,0.0,0.0
2014-04-21,0.0,0.0,0.0,0.0,0.0
2014-04-22,0.0,0.0,0.0,0.0,0.0
2014-04-23,0.0,0.0,0.0,0.0,0.0
2014-04-24,0.0,0.0,0.0,0.0,0.0
2014-04-25,1.46,167.6,16.1,65.42,86.08
2014-04-26,0.583,107.99,18.07,38.83,51.09
2014-04-27,0.026,59.21,17.9,12.68,28.63
2014-04-28,0.003,20.91,16.96,0.0,3.96
2014-04-29,0.001,17.07,16.26,0.0,0.81
2014-04-30,0.001,16.95,16.17,0.0,0.78
2014-05-01,0.0,16.94,16.15,0.0,0.79
2014-05-02,0.0,17.01,16.23,0.0,0.78
2014-05-03,0.0,16.95,16.17,0.0,0.78
2014-05-04,0.0,17.15,16.37,0.0,0.78
2014-05-05,0.0,17.46,16.95,0.0,0.52
2014-05-06,0.0,18.21,18.08,0.0,0.13
2014-05-07,0.0,18.1,18.08,0.0,0.03
2014-05-08,0.0,0.0,0.0,0.0,0.0
2014-05-09,0.0,0.0,0.0,0.0,0.0
2014-05-10,0.0,0.0,0.0,0.0,0.0
2014-05-11,0.0,0.0,0.0,0.0,0.0
2014-05-12,0.0,0.0,0.0,0.0,0.0
2014-05-13,0.0,0.0,0.0,0.0,0.0
2014-05-14,0.0,0.0,0.0,0.0,0.0
2014-05-15,0.0,0.0,0.0,0.0,0.0
2014-05-16,0.0,0.0,0.0,0.0,0.0
2014-05-17,0.0,0.0,0.0,0.0,0.0
2014-05-18,0.0,0.0,0.0,0.0,0.0
2014-05-19,0.0,0.0,0.0,0.0,0.0
2014-05-20,0.0,0.0,0.0,0.0,0.0
2014-05-21,0.0,0.0,0.0,0.0,0.0
2014-05-22,0.0,0.0,0.0,0.0,0.0
2014-05-23,0.0,0.0,0.0,0.0,0.0
2014-05-24,0.0,0.0,0.0,0.0,0.0
2014-05-25,0.0,0.0,0.0,0.0,0.0
2014-05-26,0.0,0.0,0.0,0.0,0.0
2014-05-27,0.0,0.0,0.0,0.0,0.0
2014-05-28,0.0,0.0,0.0,0.0,0.0
2014-05-29,0.0,0.0,0.0,0.0,0.0
2014-05-30,0.0,0.0,0.0,0.0,0.0
2014-05-31,0.0,0.0,0.0,0.0,0.0
2014-06-01,0.0,0.0,0.0,0.0,0.0
2014-06-02,0.0,0.0,0.0,0.0,0.0
2014-06-03,0.0,0.0,0.0,0.0,0.0
2014-06-04,0.0,0.0,0.0,0.0,0.0
2014-06-05,0.0,0.0,0.0,0.0,0.0
2014-06-06,0.0,0.0,0.0,0.0,0.0
2014-06-07,0.0,0.0,0.0,0.0,0.0
2014-06-08,0.0,0.0,0.0,0.0,0.0
2014-06-09,0.0,0.0,0.0,0.0,0.0
2014-06-10,0.0,0.0,0.0,0.0,0.0
2014-06-11,0.0,0.0,0.0,0.0,0.0
2014-06-12,0.0,0.0,0.0,0.0,0.0
2014-06-13,0.0,0.0,0.0,0.0,0.0
2014-06-14,0.0,0.0,0.0,0.0,0.0
2014-06-15,0.0,0.0,0.0,0.0,0.0
2014-06-16,0.0,0.0,0.0,0.0,0.0
2014-06-17,0.0,0.0,0.0,0.0,0.0
2014-06-18,0.0,0.0,0.0,0.0,0.0
2014-06-19,0.0,0.0,0.0,0.0,0.0
2014-06-20,0.0,0.0,0.0,0.0,0.0
2014-06-21,0.0,0.0,0.0,0.0,0.0
2014-06-22,0.0,0.0,0.0,0.0,0.0
2014-06-23,0.0,0.0,0.0,0.0,0.0
2014-06-24,0.0,0.0,0.0,0.0,0.0
2014-06-25,0.0,0.0,0.0,0.0,0.0
2014-06-26,0.0,0.0,0.0,0.0,0.0
2014-06-27,0.0,0.0,0.0,0.0,0.0
2014-06-28,0.0,0.0,0.0,0.0,0.0
2014-06-29,0.0,0.0,0.0,0.0,0.0
2014-06-30,0.0,0.0,0.0,0.0,0.0
2014-07-01,0.0,0.0,0.0,0.0,0.0
2014-07-02,0.0,0.0,0.0,0.0,0.0
2014-07-03,0.0,0.0,0.0,0.0,0.0
2014-07-04,0.0,0.0,0.0,0.0,0.0
2014-07-05,0.0,0.0,0.0,0.0,0.0
2014-07-06,0.0,0.0,0.0,0.0,0.0
2014-07-07,0.0,0.0,0.0,0.0,0.0
2014-07-08,0.0,0.0,0.0,0.0,0.0
2014-07-09,0.0,0.0,0.0,0.0,0.0
2014-07-10,0.0,0.0,0.0,0.0,0.0
2014-07-11,0.0,0.0,0.0,0.0,0.0
2014-07-12,0.0,0.0,0.0,0.0,0.0
2014-07-13,0.0,0.0,0.0,0.0,0.0
2014-07-14,0.0,0.0,0.0,0.0,0.0
2014-07-15,0.0,0.0,0.0,0.0,0.0
2014-07-16,0.0,0.0,0.0,0.0,0.0
2014-07-17,0.0,0.0,0.0,0.0,0.0
2014-07-18,0.0,0.0,0.0,0.0,0.0
2014-07-19,0.0,0.0,0.0,0.0,0.0
2014-07-20,0.0,0.0,0.0,0.0,0.0
2014-07-21,0.0,0.0,0.0,0.0,0.0
2014-07-22,0.0,0.0,0.0,0.0,0.0
2014-07-23,0.0,0.0,0.0,0.0,0.0
2014-07-24,0.0,0.0,0.0,0.0,0.0
2014-07-25,0.0,0.0,0.0,0.0,0.0
2014-07-26,0.0,0.0,0.0,0.0,0.0
2014-07-27,0.0,0.0,0.0,0.0,0.0
2014-07-28,0.0,0.0,0.0,0.0,0.0
2014-07-29,0.0,0.0,0.0,0.0,0.0
2014-07-30,0.0,0.0,0.0,0.0,0.0
2014-07-31,0.0,0.0,0.0,0.0,0.0
2014-08-01,0.0,0.0,0.0,0.0,0.0
2014-08-02,0.0,0.0,0.0,0.0,0.0
2014-08-03,0.0,0.0,0.0,0.0,0.0
2014-08-04,0.0,0.0,0.0,0.0,0.0
2014-08-05,0.0,0.0,0.0,0.0,0.0
2014-08-06,0.0,0.0,0.0,0.0,0.0
2014-08-07,0.0,0.0,0.0,0.0,0.0
2014-08-08,0.0,0.0,0.0,0.0,0.0
2014-08-09,0.0,0.0,0.0,0.0,0.0
2014-08-10,0.0,0.0,0.0,0.0,0.0
2014-08-11,0.0,0.0,0.0,0.0,0.0
2014-08-12,0.0,0.0,0.0,0.0,0.0
2014-08-13,0.0,0.0,0.0,0.0,0.0
2014-08-14,0.0,0.0,0.0,0.0,0.0
2014-08-15,0.0,0.0,0.0,0.0,0.0
2014-08-16,0.0,0.0,0.0,0.0,0.0
2014-08-17,0.0,0.0,0.0,0.0,0.0
2014-08-18,0.0,0.0,0.0,0.0,0.0
2014-08-19,0.0,0.0,0.0,0.0,0.0
2014-08-20,0.0,0.0,0.0,0.0,0.0
2014-08-21,0.0,0.0,0.0,0.0,0.0
2014-08-22,0.0,0.0,0.0,0.0,0.0
2014-08-23,0.0,0.0,0.0,0.0,0.0
2014-08-24,0.0,0.0,0.0,0.0,0.0
2014-08-25,0.0,0.0,0.0,0.0,0.0
2014-08-26,0.0,0.0,0.0,0.0,0.0
2014-08-27,0.0,0.0,0.0,0.0,0.0
2014-08-28,0.0,0.0,0.0,0.0,0.0
2014-08-29,0.0,0.0,0.0,0.0,0.0
2014-08-30,0.0,0.0,0.0,0.0,0.0
2014-08-31,0.0,0.0,0.0,0.0,0.0
2014-09-01,0.0,0.0,0.0,0.0,0.0
2014-09-02,0.0,0.0,0.0,0.0,0.0
2014-09-03,0.0,0.0,0.0,0.0,0.0
2014-09-04,0.0,0.0,0.0,0.0,0.0
2014-09-05,0.0,0.0,0.0,0.0,0.0
2014-09-06,0.0,0.0,0.0,0.0,0.0
2014-09-07,0.0,0.0,0.0,0.0,0.0
2014-09-08,0.0,0.0,0.0,0.0,0.0
2014-09-09,0.0,0.0,0.0,0.0,0.0
2014-09-10,0.0,0.0,0.0,0.0,0.0
2014-09-11,0.0,0.0,0.0,0.0,0.0
2014-09-12,0.0,0.0,0.0,0.0,0.0
2014-09-13,0.0,0.0,0.0,0.0,0.0
2014-09-14,0.0,0.0,0.0,0.0,0.0
2014-09-15,0.0,0.0,0.0,0.0,0.0
2014-09-16,0.0,0.0,0.0,0.0,0.0
2014-09-17,0.0,0.0,0.0,0.0,0.0
2014-09-18,0.0,0.0,0.0,0.0,0.0
2014-09-19,0.0,0.0,0.0,0.0,0.0
2014-09-20,0.0,0.0,0.0,0.0,0.0
2014-09-21,0.0,0.0,0.0,0.0,0.0
2014-09-22,0.0,0.0,0.0,0.0,0.0
2014-09-23,0.0,0.0,0.0,0.0,0.0
2014-09-24,0.0,0.0,0.0,0.0,0.0
2014-09-25,1.585,198.99,16.83,78.66,103.5
2014-09-26,0.129,151.66,18.07,56.27,77.32
2014-09-27,0.006,53.48,17.91,0.0,35.57
2014-09-28,0.001,19.72,16.64,0.0,3.08
2014-09-29,0.0,16.93,16.13,0.0,0.8
2014-09-30,0.0,16.76,15.96,0.0,0.79
2014-10-01,0.0,16.77,15.97,0.0,0.8
2014-10-02,0.0,16.82,16.02,0.0,0.8
2014-10-03,0.0,16.9,16.11,0.0,0.79
2014-10-04,0.0,16.73,15.93,0.0,0.79
2014-10-05,0.0,16.97,16.18,0.0,0.8
2014-10-06,0.0,16.9,16.12,0.0,0.78
2014-10-07,0.0,16.88,16.13,0.0,0.74
2014-10-08,0.0,16.73,15.94,0.0,0.79
2014-10-09,0.0,16.83,16.17,0.0,0.66
2014-10-10,0.0,16.93,16.13,0.0,0.79
2014-10-11,0.0,18.28,18.08,0.0,0.21
2014-10-12,0.0,0.0,0.0,0.0,0.0
2014-10-13,0.0,0.0,0.0,0.0,0.0
2014-10-14,0.0,0.0,0.0,0.0,0.0
2014-10-15,0.0,0.0,0.0,0.0,0.0
2014-10-16,0.0,0.0,0.0,0.0,0.0
2014-10-17,0.0,0.0,0.0,0.0,0.0
2014-10-18,0.0,0.0,0.0,0.0,0.0
2014-10-19,0.0,0.0,0.0,0.0,0.0
2014-10-20,0.0,0.0,0.0,0.0,0.0
2014-10-21,0.0,0.0,0.0,0.0,0.0
2014-10-22,0.0,0.0,0.0,0.0,0.0
2014-10-23,0.0,0.0,0.0,0.0,0.0
2014-10-24,0.0,0.0,0.0,0.0,0.0
2014-10-25,0.886,121.01,16.78,45.01,59.22
2014-10-26,0.084,89.06,18.07,29.11,41.88
2014-10-27,0.004,35.18,17.95,0.0,17.23
2014-10-28,0.0,18.64,16.82,0.0,1.82
2014-10-29,0.0,16.82,16.03,0.0,0.79
2014-10-30,0.0,16.99,16.2,0.0,0.79
2014-10-31,0.907,121.03,15.33,45.64,60.06
2014-11-01,0.198,112.61,18.05,40.47,54.09
2014-11-02,0.009,45.38,17.94,0.0,27.43
2014-11-03,0.001,19.79,16.81,0.0,2.98
2014-11-04,0.0,16.8,15.99,0.0,0.81
2014-11-05,0.0,16.74,15.95,0.0,0.79
2014-11-06,0.0,16.73,15.92,0.0,0.8
2014-11-07,0.0,16.72,15.92,0.0,0.8
2014-11-08,0.0,16.72,15.93,0.0,0.8
2014-11-09,0.0,16.72,15.92,0.0,0.8
2014-11-10,0.0,16.73,15.93,0.0,0.8
2014-11-11,0.0,16.78,15.99,0.0,0.79
2014-11-12,0.0,16.82,16.02,0.0,0.8
2014-11-13,1.03,67.58,15.6,22.41,29.56
2014-11-14,0.104,55.94,18.03,15.78,22.14
2014-11-15,0.005,27.04,17.83,0.0,9.21
2014-11-16,0.001,17.66,16.56,0.0,1.1
2014-11-17,0.0,16.81,16.03,0.0,0.78
2014-11-18,0.0,16.7,15.91,0.0,0.8
2014-11-19,0.153,51.63,14.64,15.97,21.02
2014-11-20,4.588,336.47,24.27,134.81,177.38
2014-11-21,1.082,267.11,18.27,107.46,141.39
2014-11-22,3.584,207.57,21.19,80.48,105.89
2014-11-23,0.33,153.83,18.0,58.65,77.17
2014-11-24,0.022,52.62,17.23,6.36,29.04
2014-11-25,0.008,18.05,16.12,0.0,1.93
2014-11-26,0.006,16.82,15.96,0.0,0.86
2014-11-27,0.005,16.79,15.96,0.0,0.84
2014-11-28,0.004,16.78,15.95,0.0,0.83
2014-11-29,0.003,16.76,15.93,0.0,0.82
2014-11-30,1.299,181.83,14.63,72.2,95.0
2014-12-01,0.671,129.04,18.06,47.92,63.06
2014-12-02,9.416,367.45,31.11,138.77,197.57
2014-12-03,9.162,258.34,25.85,100.05,132.44
2014-12-04,1.95,211.9,22.18,81.91,107.81
2014-12-05,0.124,80.93,17.12,27.54,36.27
2014-12-06,1.269,95.26,15.68,34.36,45.22
2014-12-07,0.133,63.08,17.48,19.63,25.96
2014-12-08,0.034,19.99,16.24,0.2,3.55
2014-12-09,0.026,17.08,15.91,0.01,1.17
2014-12-10,0.02,17.26,16.2,0.01,1.06
2014-12-11,20.804,504.61,40.82,182.95,280.83
2014-12-12,5.01,207.84,27.01,68.28,112.56
2014-12-13,0.616,63.94,17.2,19.27,27.48
2014-12-14,0.284,16.64,12.62,1.68,2.33
2014-12-15,8.306,252.14,26.23,97.39,128.53
2014-12-16,5.044,262.04,24.41,102.61,135.03
2014-12-17,2.186,173.11,17.95,67.0,88.16
2014-12-18,0.946,54.54,16.95,16.23,21.35
2014-12-19,2.752,125.18,18.04,46.26,60.87
2014-12-20,1.168,72.12,16.98,23.81,31.33
2014-12-21,1.173,44.46,15.8,12.38,16.28
2014-12-22,0.422,22.32,16.23,2.63,3.46
2014-12-23,0.313,18.09,15.95,0.92,1.21
2014-12-24,0.269,17.95,15.94,0.87,1.14
2014-12-25,0.216,17.98,15.98,0.86,1.13
2014-12-26,0.181,17.92,15.93,0.86,1.13
2014-12-27,0.161,17.92,15.92,0.86,1.14
2014-12-28,0.141,17.92,15.92,0.86,1.14
2014-12-29,0.123,17.95,15.95,0.86,1.14
2014-12-30,0.085,18.26,16.31,0.81,1.14
2014-12-31,0.049,17.29,15.75,0.43,1.11
2015-01-01,0.06,17.53,15.82,0.57,1.14
2015-01-02,0.055,17.58,15.91,0.53,1.14
2015-01-03,0.049,17.49,15.93,0.43,1.14
2015-01-04,0.042,17.23,15.94,0.15,1.14
2015-01-05,0.034,17.18,16.01,0.04,1.12
2015-01-06,0.026,17.04,15.94,0.01,1.1
2015-01-07,0.023,17.04,15.96,0.01,1.07
2015-01-08,0.02,16.95,15.91,0.0,1.03
2015-01-09,0.018,16.93,15.92,0.0,1.0
2015-01-10,0.016,16.94,15.96,0.0,0.97
2015-01-11,0.013,16.88,15.94,0.0,0.93
2015-01-12,0.011,16.86,15.94,0.0,0.91
2015-01-13,0.009,16.9,16.01,0.0,0.89
2015-01-14,0.007,16.88,16.02,0.0,0.86
2015-01-15,0.005,17.07,16.23,0.0,0.84
2015-01-16,0.003,17.07,16.25,0.0,0.81
2015-01-17,0.001,16.34,15.57,0.0,0.78
2015-01-18,0.002,16.87,16.04,0.0,0.83
2015-01-19,0.001,17.02,16.22,0.0,0.8
2015-01-20,0.001,17.2,16.42,0.0,0.78
2015-01-21,0.0,17.22,16.54,0.0,0.68
2015-01-22,0.0,17.33,16.58,0.0,0.75
2015-01-23,0.0,18.14,17.87,0.0,0.27
2015-01-24,0.0,18.13,18.08,0.0,0.06
2015-01-25,0.0,0.0,0.0,0.0,0.0
2015-01-26,0.0,0.0,0.0,0.0,0.0
2015-01-27,0.0,0.0,0.0,0.0,0.0
2015-01-28,0.0,0.0,0.0,0.0,0.0
2015-01-29,0.0,0.0,0.0,0.0,0.0
2015-01-30,0.0,0.0,0.0,0.0,0.0
2015-01-31,0.0,0.0,0.0,0.0,0.0
2015-02-01,0.0,0.0,0.0,0.0,0.0
2015-02-02,0.0,0.0,0.0,0.0,0.0
2015-02-03,0.0,0.0,0.0,0.0,0.0
2015-02-04,0.0,0.0,0.0,0.0,0.0
2015-02-05,0.0,0.0,0.0,0.0,0.0
2015-02-06,3.585,214.69,22.93,82.81,108.95
2015-02-07,1.91,180.24,21.99,68.33,89.91
2015-02-08,6.566,358.56,28.38,140.6,189.58
2015-02-09,0.688,172.55,17.56,65.36,89.62
2015-02-10,0.161,34.85,16.23,7.87,10.75
2015-02-11,0.119,18.54,15.96,1.1,1.47
2015-02-12,0.1,17.96,15.94,0.87,1.15
2015-02-13,0.085,17.94,15.94,0.86,1.14
2015-02-14,0.073,17.85,15.94,0.77,1.14
2015-02-15,0.061,17.71,15.95,0.62,1.14
2015-02-16,0.052,17.57,15.93,0.5,1.14
2015-02-17,0.046,17.44,15.93,0.38,1.14
2015-02-18,0.04,17.19,15.93,0.13,1.13
2015-02-19,0.035,17.09,15.92,0.04,1.12
2015-02-20,0.03,17.08,15.95,0.02,1.11
2015-02-21,0.025,17.07,15.98,0.01,1.09
2015-02-22,0.018,17.43,16.37,0.01,1.05
2015-02-23,0.006,16.76,15.95,0.0,0.81
2015-02-24,0.009,16.57,15.66,0.0,0.91
2015-02-25,0.01,16.86,15.94,0.0,0.91
2015-02-26,0.008,16.98,16.09,0.0,0.89
2015-02-27,0.006,17.1,16.24,0.0,0.86
2015-02-28,0.003,16.51,15.71,0.0,0.8
2015-03-01,0.003,16.68,15.84,0.0,0.84
2015-03-02,0.003,16.87,16.04,0.0,0.83
2015-03-03,0.002,17.05,16.25,0.0,0.81
2015-03-04,0.001,17.35,16.58,0.0,0.77
2015-03-05,0.0,18.27,18.08,0.0,0.19
2015-03-06,0.0,18.11,18.08,0.0,0.03
2015-03-07,0.0,18.08,18.08,0.0,0.0
2015-03-08,0.0,0.0,0.0,0.0,0.0
2015-03-09,0.0,0.0,0.0,0.0,0.0
2015-03-10,0.0,0.0,0.0,0.0,0.0
2015-03-11,0.0,0.0,0.0,0.0,0.0
2015-03-12,0.0,0.0,0.0,0.0,0.0
2015-03-13,0.0,0.0,0.0,0.0,0.0
2015-03-14,0.0,0.0,0.0,0.0,0.0
2015-03-15,0.0,0.0,0.0,0.0,0.0
2015-03-16,0.0,0.0,0.0,0.0,0.0
2015-03-17,0.0,0.0,0.0,0.0,0.0
2015-03-18,0.0,0.0,0.0,0.0,0.0
2015-03-19,0.0,0.0,0.0,0.0,0.0
2015-03-20,0.0,0.0,0.0,0.0,0.0
2015-03-21,0.0,0.0,0.0,0.0,0.0
2015-03-22,0.0,0.0,0.0,0.0,0.0
2015-03-23,0.0,0.0,0.0,0.0,0.0
2015-03-24,0.0,0.0,0.0,0.0,0.0
2015-03-25,0.0,0.0,0.0,0.0,0.0
2015-03-26,0.0,0.0,0.0,0.0,0.0
2015-03-27,0.0,0.0,0.0,0.0,0.0
2015-03-28,0.0,0.0,0.0,0.0,0.0
2015-03-29,0.0,0.0,0.0,0.0,0.0
2015-03-30,0.0,0.0,0.0,0.0,0.0
2015-03-31,0.0,0.0,0.0,0.0,0.0
2015-04-01,0.0,0.0,0.0,0.0,0.0
2015-04-02,0.0,0.0,0.0,0.0,0.0
2015-04-03,0.0,0.0,0.0,0.0,0.0
2015-04-04,0.0,0.0,0.0,0.0,0.0
2015-04-05,0.0,0.0,0.0,0.0,0.0
2015-04-06,0.0,0.0,0.0,0.0,0.0
2015-04-07,3.566,337.57,22.31,136.13,179.13
2015-04-08,0.201,220.9,17.98,87.02,115.91
2015-04-09,0.016,53.92,17.09,0.03,36.8
2015-04-10,0.006,18.25,16.28,0.0,1.96
2015-04-11,0.003,16.85,16.03,0.0,0.82
2015-04-12,0.002,16.97,16.16,0.0,0.81
2015-04-13,0.001,16.91,16.14,0.0,0.77
2015-04-14,0.001,16.84,16.05,0.0,0.79
2015-04-15,0.001,16.74,15.94,0.0,0.8
2015-04-16,0.0,16.82,16.02,0.0,0.8
2015-04-17,0.0,16.83,16.04,0.0,0.79
2015-04-18,0.0,16.79,15.99,0.0,0.8
2015-04-19,0.0,16.8,16.01,0.0,0.8
2015-04-20,0.0,16.83,16.03,0.0,0.79
2015-04-21,0.0,16.85,16.05,0.0,0.79
2015-04-22,0.0,16.9,16.11,0.0,0.79
2015-04-23,0.0,17.33,16.55,0.0,0.77
2015-04-24,0.0,17.17,16.45,0.0,0.72
2015-04-25,1.742,258.99,16.51,104.71,137.77
2015-04-26,0.077,170.74,18.02,62.16,90.56
2015-04-27,0.004,47.21,17.6,0.0,29.61
2015-04-28,0.001,18.48,16.48,0.0,2.0
2015-04-29,0.0,16.8,16.0,0.0,0.8
2015-04-30,0.0,16.86,16.06,0.0,0.79
2015-05-01,0.0,16.87,16.08,0.0,0.79
2015-05-02,0.0,16.78,15.99,0.0,0.79
2015-05-03,0.0,16.8,16.01,0.0,0.8
2015-05-04,0.0,16.84,16.05,0.0,0.79
2015-05-05,0.0,17.0,16.21,0.0,0.79
2015-05-06,0.0,17.24,16.46,0.0,0.78
2015-05-07,0.0,17.04,16.39,0.0,0.65
2015-05-08,0.0,18.24,18.08,0.0,0.17
2015-05-09,0.0,18.11,18.08,0.0,0.03
2015-05-10,0.0,0.0,0.0,0.0,0.0
2015-05-11,0.0,0.0,0.0,0.0,0.0
2015-05-12,0.0,0.0,0.0,0.0,0.0
2015-05-13,0.0,0.0,0.0,0.0,0.0
2015-05-14,0.0,0.0,0.0,0.0,0.0
2015-05-15,0.0,0.0,0.0,0.0,0.0
2015-05-16,0.0,0.0,0.0,0.0,0.0
2015-05-17,0.0,0.0,0.0,0.0,0.0
2015-05-18,0.0,0.0,0.0,0.0,0.0
2015-05-19,0.0,0.0,0.0,0.0,0.0
2015-05-20,0.0,0.0,0.0,0.0,0.0
2015-05-21,0.0,0.0,0.0,0.0,0.0
2015-05-22,0.0,0.0,0.0,0.0,0.0
2015-05-23,0.0,0.0,0.0,0.0,0.0
2015-05-24,0.0,0.0,0.0,0.0,0.0
2015-05-25,0.0,0.0,0.0,0.0,0.0
2015-05-26,0.0,0.0,0.0,0.0,0.0
2015-05-27,0.0,0.0,0.0,0.0,0.0
2015-05-28,0.0,0.0,0.0,0.0,0.0
2015-05-29,0.0,0.0,0.0,0.0,0.0
2015-05-30,0.0,0.0,0.0,0.0,0.0
2015-05-31,0.0,0.0,0.0,0.0,0.0
2015-06-01,0.0,0.0,0.0,0.0,0.0
2015-06-02,0.0,0.0,0.0,0.0,0.0
2015-06-03,0.0,0.0,0.0,0.0,0.0
2015-06-04,0.0,0.0,0.0,0.0,0.0
2015-06-05,0.0,0.0,0.0,0.0,0.0
2015-06-06,0.0,0.0,0.0,0.0,0.0
2015-06-07,0.0,0.0,0.0,0.0,0.0
2015-06-08,0.0,0.0,0.0,0.0,0.0
2015-06-09,0.0,0.0,0.0,0.0,0.0
2015-06-10,0.037,26.41,15.29,4.39,6.73
2015-06-11,0.017,23.13,17.76,0.52,4.85
2015-06-12,0.001,19.18,18.08,0.0,1.11
2015-06-13,0.0,18.25,18.08,0.0,0.18
2015-06-14,0.0,18.1,18.08,0.0,0.03
2015-06-15,0.0,18.08,18.08,0.0,0.0
2015-06-16,0.0,0.0,0.0,0.0,0.0
2015-06-17,0.0,0.0,0.0,0.0,0.0
2015-06-18,0.0,0.0,0.0,0.0,0.0
2015-06-19,0.0,0.0,0.0,0.0,0.0
2015-06-20,0.0,0.0,0.0,0.0,0.0
2015-06-21,0.0,0.0,0.0,0.0,0.0
2015-06-22,0.0,0.0,0.0,0.0,0.0
2015-06-23,0.0,0.0,0.0,0.0,0.0
2015-06-24,0.0,0.0,0.0,0.0,0.0
2015-06-25,0.0,0.0,0.0,0.0,0.0
2015-06-26,0.0,0.0,0.0,0.0,0.0
2015-06-27,0.0,0.0,0.0,0.0,0.0
2015-06-28,0.0,0.0,0.0,0.0,0.0
2015-06-29,0.0,0.0,0.0,0.0,0.0
2015-06-30,0.0,0.0,0.0,0.0,0.0
2015-07-01,0.0,0.0,0.0,0.0,0.0
2015-07-02,0.0,0.0,0.0,0.0,0.0
2015-07-03,0.0,0.0,0.0,0.0,0.0
2015-07-04,0.0,0.0,0.0,0.0,0.0
2015-07-05,0.0,0.0,0.0,0.0,0.0
2015-07-06,0.0,0.0,0.0,0.0,0.0
2015-07-07,0.0,0.0,0.0,0.0,0.0
2015-07-08,0.0,0.0,0.0,0.0,0.0
2015-07-09,0.0,0.0,0.0,0.0,0.0
2015-07-10,0.0,0.0,0.0,0.0,0.0
2015-07-11,0.0,0.0,0.0,0.0,0.0
2015-07-12,0.0,0.0,0.0,0.0,0.0
2015-07-13,0.0,0.0,0.0,0.0,0.0
2015-07-14,0.0,0.0,0.0,0.0,0.0
2015-07-15,0.0,0.0,0.0,0.0,0.0
2015-07-16,0.0,0.0,0.0,0.0,0.0
2015-07-17,0.0,0.0,0.0,0.0,0.0
2015-07-18,0.0,0.0,0.0,0.0,0.0
2015-07-19,0.0,0.0,0.0,0.0,0.0
2015-07-20,0.0,0.0,0.0,0.0,0.0
2015-07-21,0.0,0.0,0.0,0.0,0.0
2015-07-22,0.0,0.0,0.0,0.0,0.0
2015-07-23,0.0,0.0,0.0,0.0,0.0
2015-07-24,0.0,0.0,0.0,0.0,0.0
2015-07-25,0.0,0.0,0.0,0.0,0.0
2015-07-26,0.0,0.0,0.0,0.0,0.0
2015-07-27,0.0,0.0,0.0,0.0,0.0
2015-07-28,0.0,0.0,0.0,0.0,0.0
2015-07-29,0.0,0.0,0.0,0.0,0.0
2015-07-30,0.0,0.0,0.0,0.0,0.0
2015-07-31,0.0,0.0,0.0,0.0,0.0
2015-08-01,0.0,0.0,0.0,0.0,0.0
2015-08-02,0.0,0.0,0.0,0.0,0.0
2015-08-03,0.0,0.0,0.0,0.0,0.0
2015-08-04,0.0,0.0,0.0,0.0,0.0
2015-08-05,0.0,0.0,0.0,0.0,0.0
2015-08-06,0.0,0.0,0.0,0.0,0.0
2015-08-07,0.0,0.0,0.0,0.0,0.0
2015-08-08,0.0,0.0,0.0,0.0,0.0
2015-08-09,0.0,0.0,0.0,0.0,0.0
2015-08-10,0.0,0.0,0.0,0.0,0.0
2015-08-11,0.0,0.0,0.0,0.0,0.0
2015-08-12,0.0,0.0,0.0,0.0,0.0
2015-08-13,0.0,0.0,0.0,0.0,0.0
2015-08-14,0.0,0.0,0.0,0.0,0.0
2015-08-15,0.0,0.0,0.0,0.0,0.0
2015-08-16,0.0,0.0,0.0,0.0,0.0
2015-08-17,0.0,0.0,0.0,0.0,0.0
2015-08-18,0.0,0.0,0.0,0.0,0.0
2015-08-19,0.0,0.0,0.0,0.0,0.0
2015-08-20,0.0,0.0,0.0,0.0,0.0
2015-08-21,0.0,0.0,0.0,0.0,0.0
2015-08-22,0.0,0.0,0.0,0.0,0.0
2015-08-23,0.0,0.0,0.0,0.0,0.0
2015-08-24,0.0,0.0,0.0,0.0,0.0
2015-08-25,0.0,0.0,0.0,0.0,0.0
2015-08-26,0.0,0.0,0.0,0.0,0.0
2015-08-27,0.0,0.0,0.0,0.0,0.0
2015-08-28,0.0,0.0,0.0,0.0,0.0
2015-08-29,0.0,0.0,0.0,0.0,0.0
2015-08-30,0.0,0.0,0.0,0.0,0.0
2015-08-31,0.0,0.0,0.0,0.0,0.0
2015-09-01,0.0,0.0,0.0,0.0,0.0
2015-09-02,0.0,0.0,0.0,0.0,0.0
2015-09-03,0.0,0.0,0.0,0.0,0.0
2015-09-04,0.0,0.0,0.0,0.0,0.0
2015-09-05,0.0,0.0,0.0,0.0,0.0
2015-09-06,0.0,0.0,0.0,0.0,0.0
2015-09-07,0.0,0.0,0.0,0.0,0.0
2015-09-08,0.0,0.0,0.0,0.0,0.0
2015-09-09,0.0,0.0,0.0,0.0,0.0
2015-09-10,0.0,0.0,0.0,0.0,0.0
2015-09-11,0.0,0.0,0.0,0.0,0.0
2015-09-12,0.0,0.0,0.0,0.0,0.0
2015-09-13,0.0,0.0,0.0,0.0,0.0
2015-09-14,0.0,0.0,0.0,0.0,0.0
2015-09-15,0.0,0.0,0.0,0.0,0.0
2015-09-16,0.0,0.0,0.0,0.0,0.0
2015-09-17,0.0,0.0,0.0,0.0,0.0
2015-09-18,0.0,0.0,0.0,0.0,0.0
2015-09-19,0.0,0.0,0.0,0.0,0.0
2015-09-20,0.0,0.0,0.0,0.0,0.0
2015-09-21,0.0,0.0,0.0,0.0,0.0
2015-09-22,0.0,0.0,0.0,0.0,0.0
2015-09-23,0.0,0.0,0.0,0.0,0.0
2015-09-24,0.0,0.0,0.0,0.0,0.0
2015-09-25,0.0,0.0,0.0,0.0,0.0
2015-09-26,0.0,0.0,0.0,0.0,0.0
2015-09-27,0.0,0.0,0.0,0.0,0.0
2015-09-28,0.0,0.0,0.0,0.0,0.0
2015-09-29,0.0,0.0,0.0,0.0,0.0
2015-09-30,0.0,0.0,0.0,0.0,0.0
2015-10-01,0.0,0.0,0.0,0.0,0.0
2015-10-02,0.0,0.0,0.0,0.0,0.0
2015-10-03,0.0,0.0,0.0,0.0,0.0
2015-10-04,0.0,0.0,0.0,0.0,0.0
2015-10-05,0.0,0.0,0.0,0.0,0.0
2015-10-06,0.0,0.0,0.0,0.0,0.0
2015-10-07,0.0,0.0,0.0,0.0,0.0
2015-10-08,0.0,0.0,0.0,0.0,0.0
2015-10-09,0.0,0.0,0.0,0.0,0.0
2015-10-10,0.0,0.0,0.0,0.0,0.0
2015-10-11,0.0,0.0,0.0,0.0,0.0
2015-10-12,0.0,0.0,0.0,0.0,0.0
2015-10-13,0.0,0.0,0.0,0.0,0.0
2015-10-14,0.0,0.0,0.0,0.0,0.0
2015-10-15,0.0,0.0,0.0,0.0,0.0
2015-10-16,0.0,0.0,0.0,0.0,0.0
2015-10-17,0.0,0.0,0.0,0.0,0.0
2015-10-18,0.0,0.0,0.0,0.0,0.0
2015-10-19,0.0,0.0,0.0,0.0,0.0
2015-10-20,0.0,0.0,0.0,0.0,0.0
2015-10-21,0.0,0.0,0.0,0.0,0.0
2015-10-22,0.0,0.0,0.0,0.0,0.0
2015-10-23,0.0,0.0,0.0,0.0,0.0
2015-10-24,0.0,0.0,0.0,0.0,0.0
2015-10-25,0.0,0.0,0.0,0.0,0.0
2015-10-26,0.0,0.0,0.0,0.0,0.0
2015-10-27,0.0,0.0,0.0,0.0,0.0
2015-10-28,0.0,0.0,0.0,0.0,0.0
2015-10-29,0.0,0.0,0.0,0.0,0.0
2015-10-30,0.0,0.0,0.0,0.0,0.0
2015-10-31,0.0,0.0,0.0,0.0,0.0
2015-11-01,0.005,47.01,15.83,13.46,17.71
2015-11-02,2.853,196.64,19.39,76.54,100.71
2015-11-03,0.224,159.68,18.06,60.81,80.81
2015-11-04,0.011,57.52,17.8,0.03,39.69
2015-11-05,0.002,19.38,16.41,0.0,2.97
2015-11-06,0.001,16.77,15.95,0.0,0.82
2015-11-07,0.001,16.72,15.91,0.0,0.8
2015-11-08,0.001,16.73,15.93,0.0,0.8
2015-11-09,1.049,234.62,15.45,94.64,124.53
2015-11-10,0.176,188.47,18.03,72.74,97.7
2015-11-11,0.009,61.47,17.71,0.0,43.76
2015-11-12,0.002,19.09,16.34,0.0,2.75
2015-11-13,0.001,16.77,15.95,0.0,0.81
2015-11-14,0.001,16.72,15.91,0.0,0.81
2015-11-15,1.55,161.81,15.91,63.0,82.9
2015-11-16,0.149,127.91,18.05,46.58,63.28
2015-11-17,0.008,43.37,17.56,0.0,25.81
2015-11-18,0.002,17.81,16.2,0.0,1.6
2015-11-19,0.001,16.76,15.95,0.0,0.81
2015-11-20,0.001,16.73,15.93,0.0,0.8
2015-11-21,0.001,16.77,15.97,0.0,0.8
2015-11-22,0.001,16.71,15.9,0.0,0.8
2015-11-23,0.001,16.72,15.92,0.0,0.8
2015-11-24,0.001,16.82,16.01,0.0,0.8
2015-11-25,0.1,34.84,15.66,7.88,11.3
2015-11-26,0.008,23.38,17.92,0.0,5.46
2015-11-27,0.001,17.72,16.78,0.0,0.94
2015-11-28,0.0,16.82,16.04,0.0,0.78
2015-11-29,0.0,16.67,15.87,0.0,0.8
2015-11-30,0.0,16.73,15.93,0.0,0.8
2015-12-01,0.0,16.71,15.92,0.0,0.8
2015-12-02,0.0,16.76,15.97,0.0,0.8
2015-12-03,0.219,70.68,15.11,23.83,31.75
2015-12-04,0.07,63.03,17.98,18.17,26.87
2015-12-05,0.003,27.62,17.87,0.0,9.75
2015-12-06,0.0,17.66,16.53,0.0,1.13
2015-12-07,0.0,16.71,15.91,0.0,0.8
2015-12-08,0.0,16.73,15.93,0.0,0.8
2015-12-09,0.0,16.79,15.99,0.0,0.79
2015-12-10,0.497,92.65,12.46,34.63,45.56
2015-12-11,1.849,140.71,16.89,53.47,70.35
2015-12-12,0.104,98.88,18.01,33.69,47.19
2015-12-13,4.064,628.33,25.62,259.99,342.73
2015-12-14,0.412,425.02,18.04,175.5,231.47
2015-12-15,0.023,156.33,17.54,33.01,105.78
2015-12-16,0.006,22.42,16.2,0.0,6.22
2015-12-17,0.004,16.83,15.95,0.0,0.89
2015-12-18,0.151,72.24,8.85,27.37,36.03
2015-12-19,1.076,126.36,16.66,47.37,62.33
2015-12-20,1.605,114.41,15.36,42.67,56.37
2015-12-21,10.356,196.06,27.29,72.66,96.1
2015-12-22,3.047,128.44,21.89,45.88,60.67
2015-12-23,0.187,59.51,17.73,17.99,23.79
2015-12-24,0.357,67.48,15.49,22.3,29.68
2015-12-25,0.079,52.12,17.55,14.24,20.32
2015-12-26,0.019,19.2,16.26,0.0,2.94
2015-12-27,0.013,16.96,15.99,0.0,0.97
2015-12-28,0.01,16.86,15.96,0.0,0.89
2015-12-29,0.009,16.78,15.9,0.0,0.89
2015-12-30,0.008,16.81,15.94,0.0,0.88
2015-12-31,0.006,17.07,16.21,0.0,0.85
2016-01-01,0.003,17.09,16.29,0.0,0.8
2016-01-02,0.002,16.88,16.1,0.0,0.78
2016-01-03,0.001,16.86,16.07,0.0,0.79
2016-01-04,0.001,16.38,15.59,0.0,0.8
2016-01-05,4.644,232.39,21.29,91.16,119.95
2016-01-06,4.85,223.11,21.92,86.88,114.32
2016-01-07,1.005,112.25,17.84,40.77,53.64
2016-01-08,0.071,51.28,17.23,13.96,20.09
2016-01-09,0.025,18.5,16.07,0.01,2.42
2016-01-10,0.02,17.03,15.96,0.0,1.06
2016-01-11,0.016,16.94,15.97,0.0,0.97
2016-01-12,0.015,16.88,15.93,0.0,0.96
2016-01-13,1.176,113.71,15.68,42.33,55.7
2016-01-14,0.093,76.83,17.69,24.56,34.59
2016-01-15,0.152,23.74,5.05,7.81,10.88
2016-01-16,1.86,117.91,16.44,43.82,57.66
2016-01-17,3.577,165.84,18.26,63.73,83.85
2016-01-18,7.979,412.76,36.34,152.32,224.1
2016-01-19,7.052,263.77,27.25,100.38,136.14
2016-01-20,0.582,132.24,17.41,48.29,66.54
2016-01-21,0.166,28.27,16.18,5.1,6.99
2016-01-22,0.669,83.21,12.83,30.39,39.99
2016-01-23,1.676,174.46,16.85,68.06,89.55
2016-01-24,0.269,53.95,16.96,15.97,21.02
2016-01-25,0.123,19.96,16.04,1.7,2.23
2016-01-26,0.105,17.97,15.91,0.89,1.17
2016-01-27,0.091,17.93,15.93,0.86,1.14
2016-01-28,0.085,17.88,15.88,0.86,1.14
2016-01-29,0.139,26.27,13.08,5.69,7.49
2016-01-30,0.361,45.78,16.83,12.5,16.45
2016-01-31,0.068,22.49,16.57,2.4,3.52
2016-02-01,0.041,17.16,15.81,0.13,1.22
2016-02-02,0.049,17.16,15.78,0.25,1.14
2016-02-03,0.043,17.21,15.93,0.14,1.14
2016-02-04,0.036,17.16,15.98,0.05,1.13
2016-02-05,0.032,17.05,15.91,0.02,1.11
2016-02-06,0.028,17.05,15.93,0.01,1.1
2016-02-07,0.023,17.04,15.96,0.01,1.08
2016-02-08,0.018,17.08,16.06,0.0,1.02
2016-02-09,0.016,16.84,15.85,0.0,0.98
2016-02-10,0.015,16.88,15.91,0.0,0.96
2016-02-11,0.012,16.92,15.98,0.0,0.93
2016-02-12,0.01,16.89,15.99,0.0,0.91
2016-02-13,0.008,16.93,16.04,0.0,0.88
2016-02-14,0.006,16.84,15.98,0.0,0.87
2016-02-15,0.005,16.85,16.0,0.0,0.85
2016-02-16,0.004,16.87,16.03,0.0,0.84
2016-02-17,0.45,115.77,12.16,44.74,58.87
2016-02-18,1.651,129.59,16.7,48.75,64.14
2016-02-19,0.107,85.96,17.8,28.5,39.66
2016-02-20,0.016,23.49,16.44,0.0,7.04
2016-02-21,0.011,17.05,16.02,0.0,1.03
2016-02-22,0.009,16.86,15.96,0.0,0.89
2016-02-23,0.007,16.87,15.99,0.0,0.87
2016-02-24,0.005,16.87,16.01,0.0,0.85
2016-02-25,0.004,16.88,16.04,0.0,0.84
2016-02-26,0.003,16.93,16.11,0.0,0.82
2016-02-27,0.002,17.02,16.22,0.0,0.8
2016-02-28,0.001,17.3,16.52,0.0,0.78
2016-02-29,0.0,17.77,17.28,0.0,0.49
2016-03-01,0.0,17.67,17.18,0.0,0.48
2016-03-02,0.0,18.22,18.08,0.0,0.15
2016-03-03,0.0,18.1,18.08,0.0,0.03
2016-03-04,0.0,0.0,0.0,0.0,0.0
2016-03-05,7.447,311.92,28.81,118.37,164.73
2016-03-06,4.125,296.06,26.31,109.61,160.14
2016-03-07,4.003,156.1,21.74,57.92,76.44
2016-03-08,0.54,70.93,17.52,23.05,30.36
2016-03-09,0.147,22.87,16.12,2.92,3.84
2016-03-10,5.209,353.4,27.96,139.98,185.46
2016-03-11,2.885,175.4,20.38,66.72,88.3
2016-03-12,1.47,95.91,15.33,34.79,45.8
2016-03-13,7.49,176.14,23.84,65.77,86.54
2016-03-14,1.321,73.72,17.29,24.37,32.07
2016-03-15,0.444,22.2,16.12,2.63,3.46
2016-03-16,0.346,18.09,15.96,0.92,1.21
2016-03-17,0.288,17.96,15.95,0.86,1.14
2016-03-18,0.242,17.95,15.95,0.86,1.14
2016-03-19,0.204,17.94,15.94,0.86,1.14
2016-03-20,0.181,17.9,15.9,0.86,1.14
2016-03-21,0.244,27.37,15.62,5.08,6.68
2016-03-22,0.463,44.95,15.92,12.54,16.49
2016-03-23,0.136,21.11,16.21,2.12,2.78
2016-03-24,0.1,18.07,15.98,0.9,1.19
2016-03-25,0.079,17.91,16.01,0.77,1.14
2016-03-26,0.064,17.73,15.97,0.62,1.14
2016-03-27,0.053,17.68,16.01,0.52,1.14
2016-03-28,0.037,17.44,16.06,0.26,1.12
2016-03-29,0.032,17.06,15.89,0.06,1.11
2016-03-30,0.027,17.12,15.99,0.02,1.1
2016-03-31,0.022,17.07,15.99,0.01,1.07
2016-04-01,0.017,17.01,15.98,0.0,1.02
2016-04-02,0.014,16.96,15.98,0.0,0.97
2016-04-03,0.011,16.93,16.0,0.0,0.93
2016-04-04,0.009,16.93,16.03,0.0,0.9
2016-04-05,0.006,16.97,16.11,0.0,0.86
2016-04-06,0.003,17.29,16.47,0.0,0.82
2016-04-07,0.001,17.45,16.71,0.0,0.74
2016-04-08,0.0,17.63,17.15,0.0,0.47
2016-04-09,2.272,88.24,14.98,31.64,41.63
2016-04-10,1.78,83.64,16.88,28.83,37.94
2016-04-11,0.127,48.09,17.46,12.97,17.66
2016-04-12,0.034,19.0,16.22,0.12,2.66
2016-04-13,0.023,17.28,16.13,0.01,1.13
2016-04-14,0.015,16.94,15.97,0.0,0.98
2016-04-15,0.014,16.82,15.85,0.0,0.97
2016-04-16,0.013,16.95,15.99,0.0,0.95
2016-04-17,0.009,16.97,16.06,0.0,0.9
2016-04-18,0.007,17.02,16.14,0.0,0.87
2016-04-19,0.004,17.26,16.43,0.0,0.83
2016-04-20,0.0,18.0,17.43,0.0,0.57
2016-04-21,0.0,17.11,16.33,0.0,0.78
2016-04-22,0.0,18.25,18.08,0.0,0.17
2016-04-23,0.0,18.1,18.08,0.0,0.03
2016-04-24,0.0,18.08,18.08,0.0,0.01
2016-04-25,0.0,0.0,0.0,0.0,0.0
2016-04-26,0.0,0.0,0.0,0.0,0.0
2016-04-27,0.0,0.0,0.0,0.0,0.0
2016-04-28,0.0,0.0,0.0,0.0,0.0
2016-04-29,0.0,0.0,0.0,0.0,0.0
2016-04-30,0.0,0.0,0.0,0.0,0.0
2016-05-01,0.0,0.0,0.0,0.0,0.0
2016-05-02,0.0,0.0,0.0,0.0,0.0
2016-05-03,0.0,0.0,0.0,0.0,0.0
2016-05-04,0.0,0.0,0.0,0.0,0.0
2016-05-05,0.0,0.0,0.0,0.0,0.0
2016-05-06,0.0,0.0,0.0,0.0,0.0
2016-05-07,0.0,0.0,0.0,0.0,0.0
2016-05-08,0.0,0.0,0.0,0.0,0.0
2016-05-09,0.0,0.0,0.0,0.0,0.0
2016-05-10,0.0,0.0,0.0,0.0,0.0
2016-05-11,0.0,0.0,0.0,0.0,0.0
2016-05-12,0.0,0.0,0.0,0.0,0.0
2016-05-13,0.0,0.0,0.0,0.0,0.0
2016-05-14,0.0,0.0,0.0,0.0,0.0
2016-05-15,0.0,0.0,0.0,0.0,0.0
2016-05-16,0.0,0.0,0.0,0.0,0.0
2016-05-17,0.0,0.0,0.0,0.0,0.0
2016-05-18,0.0,0.0,0.0,0.0,0.0
2016-05-19,0.0,0.0,0.0,0.0,0.0
2016-05-20,0.0,0.0,0.0,0.0,0.0
2016-05-21,0.0,0.0,0.0,0.0,0.0
2016-05-22,0.0,0.0,0.0,0.0,0.0
2016-05-23,0.0,0.0,0.0,0.0,0.0
2016-05-24,0.0,0.0,0.0,0.0,0.0
2016-05-25,0.0,0.0,0.0,0.0,0.0
2016-05-26,0.0,0.0,0.0,0.0,0.0
2016-05-27,0.0,0.0,0.0,0.0,0.0
2016-05-28,0.0,0.0,0.0,0.0,0.0
2016-05-29,0.0,0.0,0.0,0.0,0.0
2016-05-30,0.0,0.0,0.0,0.0,0.0
2016-05-31,0.0,0.0,0.0,0.0,0.0
2016-06-01,0.0,0.0,0.0,0.0,0.0
2016-06-02,0.0,0.0,0.0,0.0,0.0
2016-06-03,0.0,0.0,0.0,0.0,0.0
2016-06-04,0.0,0.0,0.0,0.0,0.0
2016-06-05,0.0,0.0,0.0,0.0,0.0
2016-06-06,0.0,0.0,0.0,0.0,0.0
2016-06-07,0.0,0.0,0.0,0.0,0.0
2016-06-08,0.0,0.0,0.0,0.0,0.0
2016-06-09,0.0,0.0,0.0,0.0,0.0
2016-06-10,0.0,0.0,0.0,0.0,0.0
2016-06-11,0.0,0.0,0.0,0.0,0.0
2016-06-12,0.0,0.0,0.0,0.0,0.0
2016-06-13,0.0,0.0,0.0,0.0,0.0
2016-06-14,0.0,0.0,0.0,0.0,0.0
2016-06-15,0.0,0.0,0.0,0.0,0.0
2016-06-16,0.0,0.0,0.0,0.0,0.0
2016-06-17,0.0,0.0,0.0,0.0,0.0
2016-06-18,0.0,0.0,0.0,0.0,0.0
2016-06-19,0.0,0.0,0.0,0.0,0.0
2016-06-20,0.0,0.0,0.0,0.0,0.0
2016-06-21,0.0,0.0,0.0,0.0,0.0
2016-06-22,0.0,0.0,0.0,0.0,0.0
2016-06-23,0.0,0.0,0.0,0.0,0.0
2016-06-24,0.0,0.0,0.0,0.0,0.0
2016-06-25,0.0,0.0,0.0,0.0,0.0
2016-06-26,0.0,0.0,0.0,0.0,0.0
2016-06-27,0.0,0.0,0.0,0.0,0.0
2016-06-28,0.0,0.0,0.0,0.0,0.0
2016-06-29,0.0,0.0,0.0,0.0,0.0
2016-06-30,0.0,0.0,0.0,0.0,0.0
2016-07-01,0.0,0.0,0.0,0.0,0.0
2016-07-02,0.0,0.0,0.0,0.0,0.0
2016-07-03,0.0,0.0,0.0,0.0,0.0
2016-07-04,0.0,0.0,0.0,0.0,0.0
2016-07-05,0.0,0.0,0.0,0.0,0.0
2016-07-06,0.0,0.0,0.0,0.0,0.0
2016-07-07,0.0,0.0,0.0,0.0,0.0
2016-07-08,0.0,0.0,0.0,0.0,0.0
2016-07-09,0.0,0.0,0.0,0.0,0.0
2016-07-10,0.0,0.0,0.0,0.0,0.0
2016-07-11,0.0,0.0,0.0,0.0,0.0
2016-07-12,0.0,0.0,0.0,0.0,0.0
2016-07-13,0.0,0.0,0.0,0.0,0.0
2016-07-14,0.0,0.0,0.0,0.0,0.0
2016-07-15,0.0,0.0,0.0,0.0,0.0
2016-07-16,0.0,0.0,0.0,0.0,0.0
2016-07-17,0.0,0.0,0.0,0.0,0.0
2016-07-18,0.0,0.0,0.0,0.0,0.0
2016-07-19,0.0,0.0,0.0,0.0,0.0
2016-07-20,0.0,0.0,0.0,0.0,0.0
2016-07-21,0.0,0.0,0.0,0.0,0.0
2016-07-22,0.0,0.0,0.0,0.0,0.0
2016-07-23,0.0,0.0,0.0,0.0,0.0
2016-07-24,0.0,0.0,0.0,0.0,0.0
2016-07-25,0.0,0.0,0.0,0.0,0.0
2016-07-26,0.0,0.0,0.0,0.0,0.0
2016-07-27,0.0,0.0,0.0,0.0,0.0
2016-07-28,0.0,0.0,0.0,0.0,0.0
2016-07-29,0.0,0.0,0.0,0.0,0.0
2016-07-30,0.0,0.0,0.0,0.0,0.0
2016-07-31,0.0,0.0,0.0,0.0,0.0
2016-08-01,0.0,0.0,0.0,0.0,0.0
2016-08-02,0.0,0.0,0.0,0.0,0.0
2016-08-03,0.0,0.0,0.0,0.0,0.0
2016-08-04,0.0,0.0,0.0,0.0,0.0
2016-08-05,0.0,0.0,0.0,0.0,0.0
2016-08-06,0.0,0.0,0.0,0.0,0.0
2016-08-07,0.0,0.0,0.0,0.0,0.0
2016-08-08,0.0,0.0,0.0,0.0,0.0
2016-08-09,0.0,0.0,0.0,0.0,0.0
2016-08-10,0.0,0.0,0.0,0.0,0.0
2016-08-11,0.0,0.0,0.0,0.0,0.0
2016-08-12,0.0,0.0,0.0,0.0,0.0
2016-08-13,0.0,0.0,0.0,0.0,0.0
2016-08-14,0.0,0.0,0.0,0.0,0.0
2016-08-15,0.0,0.0,0.0,0.0,0.0
2016-08-16,0.0,0.0,0.0,0.0,0.0
2016-08-17,0.0,0.0,0.0,0.0,0.0
2016-08-18,0.0,0.0,0.0,0.0,0.0
2016-08-19,0.0,0.0,0.0,0.0,0.0
2016-08-20,0.0,0.0,0.0,0.0,0.0
2016-08-21,0.0,0.0,0.0,0.0,0.0
2016-08-22,0.0,0.0,0.0,0.0,0.0
2016-08-23,0.0,0.0,0.0,0.0,0.0
2016-08-24,0.0,0.0,0.0,0.0,0.0
2016-08-25,0.0,0.0,0.0,0.0,0.0
2016-08-26,0.0,0.0,0.0,0.0,0.0
2016-08-27,0.0,0.0,0.0,0.0,0.0
2016-08-28,0.0,0.0,0.0,0.0,0.0
2016-08-29,0.0,0.0,0.0,0.0,0.0
2016-08-30,0.0,0.0,0.0,0.0,0.0
2016-08-31,0.0,0.0,0.0,0.0,0.0
2016-09-01,0.0,0.0,0.0,0.0,0.0
2016-09-02,0.0,0.0,0.0,0.0,0.0
2016-09-03,0.0,0.0,0.0,0.0,0.0
2016-09-04,0.0,0.0,0.0,0.0,0.0
2016-09-05,0.0,0.0,0.0,0.0,0.0
2016-09-06,0.0,0.0,0.0,0.0,0.0
2016-09-07,0.0,0.0,0.0,0.0,0.0
2016-09-08,0.0,0.0,0.0,0.0,0.0
2016-09-09,0.0,0.0,0.0,0.0,0.0
2016-09-10,0.0,0.0,0.0,0.0,0.0
2016-09-11,0.0,0.0,0.0,0.0,0.0
2016-09-12,0.0,0.0,0.0,0.0,0.0
2016-09-13,0.0,0.0,0.0,0.0,0.0
2016-09-14,0.0,0.0,0.0,0.0,0.0
2016-09-15,0.0,0.0,0.0,0.0,0.0
2016-09-16,0.0,0.0,0.0,0.0,0.0
2016-09-17,0.0,0.0,0.0,0.0,0.0
2016-09-18,0.0,0.0,0.0,0.0,0.0
2016-09-19,0.0,0.0,0.0,0.0,0.0
2016-09-20,0.0,0.0,0.0,0.0,0.0
2016-09-21,0.0,0.0,0.0,0.0,0.0
2016-09-22,0.0,0.0,0.0,0.0,0.0
2016-09-23,0.0,0.0,0.0,0.0,0.0
2016-09-24,0.0,0.0,0.0,0.0,0.0
2016-09-25,0.0,0.0,0.0,0.0,0.0
2016-09-26,0.0,0.0,0.0,0.0,0.0
2016-09-27,0.0,0.0,0.0,0.0,0.0
2016-09-28,0.0,0.0,0.0,0.0,0.0
2016-09-29,0.0,0.0,0.0,0.0,0.0
2016-09-30,0.0,0.0,0.0,0.0,0.0
2016-10-01,0.0,0.0,0.0,0.0,0.0
2016-10-02,0.0,0.0,0.0,0.0,0.0
2016-10-03,0.0,0.0,0.0,0.0,0.0
2016-10-04,0.0,0.0,0.0,0.0,0.0
2016-10-05,0.0,0.0,0.0,0.0,0.0
2016-10-06,0.0,0.0,0.0,0.0,0.0
2016-10-07,0.0,0.0,0.0,0.0,0.0
2016-10-08,0.0,0.0,0.0,0.0,0.0
2016-10-09,0.0,0.0,0.0,0.0,0.0
2016-10-10,0.0,0.0,0.0,0.0,0.0
2016-10-11,0.0,0.0,0.0,0.0,0.0
2016-10-12,0.0,0.0,0.0,0.0,0.0
2016-10-13,0.0,0.0,0.0,0.0,0.0
2016-10-14,2.613,184.8,19.96,71.18,93.66
2016-10-15,1.937,208.03,18.24,81.96,107.84
2016-10-16,6.647,292.15,26.17,113.58,152.4
2016-10-17,0.808,181.41,18.02,69.55,93.84
2016-10-18,0.045,85.82,17.52,25.37,42.93
2016-10-19,0.011,20.39,16.26,0.0,4.13
2016-10-20,0.008,16.89,15.98,0.0,0.9
2016-10-21,0.006,16.82,15.97,0.0,0.85
2016-10-22,0.005,16.81,15.97,0.0,0.84
2016-10-23,0.004,16.79,15.96,0.0,0.83
2016-10-24,0.003,16.8,15.98,0.0,0.82
2016-10-25,0.003,16.71,15.89,0.0,0.82
2016-10-26,0.002,16.82,16.01,0.0,0.81
2016-10-27,0.473,82.44,7.62,32.31,42.52
2016-10-28,3.189,148.54,21.13,55.02,72.39
2016-10-29,0.147,81.62,17.96,27.04,36.63
2016-10-30,3.588,544.51,24.15,224.61,295.74
2016-10-31,0.544,315.66,17.06,128.9,169.7
2016-11-01,0.921,94.99,16.03,34.1,44.87
2016-11-02,0.064,66.47,17.72,19.56,29.2
2016-11-03,0.011,20.48,16.4,0.0,4.08
2016-11-04,0.007,16.99,16.09,0.0,0.9
2016-11-05,0.005,16.84,16.01,0.0,0.83
2016-11-06,0.004,16.85,16.04,0.0,0.82
2016-11-07,0.003,16.81,16.0,0.0,0.81
2016-11-08,0.002,16.81,16.0,0.0,0.8
2016-11-09,0.002,16.8,16.0,0.0,0.8
2016-11-10,0.001,16.82,16.02,0.0,0.8
2016-11-11,0.001,16.84,16.05,0.0,0.79
2016-11-12,0.001,16.79,16.0,0.0,0.79
2016-11-13,0.001,16.81,16.02,0.0,0.79
2016-11-14,0.0,16.8,16.01,0.0,0.79
2016-11-15,0.0,16.96,16.18,0.0,0.79
2016-11-16,0.0,16.99,16.22,0.0,0.77
2016-11-17,0.0,16.72,15.92,0.0,0.8
2016-11-18,0.0,17.49,16.73,0.0,0.76
2016-11-19,0.347,106.06,15.04,39.3,51.71
2016-11-20,1.493,194.2,15.9,76.99,101.31
2016-11-21,0.313,169.97,18.04,65.61,86.32
2016-11-22,0.082,12.2,3.38,0.78,8.03
2016-11-23,1.763,178.61,16.47,70.01,92.12
2016-11-24,0.108,108.56,17.98,37.89,52.69
2016-11-25,0.008,31.72,17.1,0.0,14.63
2016-11-26,0.732,65.78,13.94,22.38,29.45
2016-11-27,1.409,93.31,16.7,33.08,43.53
2016-11-28,0.073,66.84,17.92,19.87,29.05
2016-11-29,0.008,22.23,16.61,0.0,5.63
2016-11-30,0.005,16.91,16.01,0.0,0.9
2016-12-01,0.004,17.02,16.2,0.0,0.82
2016-12-02,0.002,16.86,16.08,0.0,0.78
2016-12-03,0.002,16.73,15.92,0.0,0.81
2016-12-04,0.001,16.78,15.98,0.0,0.8
2016-12-05,0.001,16.83,16.03,0.0,0.79
2016-12-06,0.001,16.78,15.99,0.0,0.79
2016-12-07,0.031,0.34,0.32,0.0,0.02
2016-12-08,3.754,99.66,16.45,35.93,47.28
2016-12-09,1.347,77.13,17.3,25.83,33.99
2016-12-10,8.893,359.09,31.75,134.4,192.93
2016-12-11,0.86,220.51,17.98,80.74,121.8
2016-12-12,0.067,82.27,17.01,24.58,40.68
2016-12-13,0.03,19.47,16.07,0.01,3.39
2016-12-14,0.023,17.19,16.04,0.01,1.14
2016-12-15,8.63,491.57,35.15,186.96,269.46
2016-12-16,1.967,259.18,23.41,93.84,141.94
2016-12-17,0.134,89.2,17.05,28.75,43.4
2016-12-18,0.057,21.84,16.06,2.13,3.65
2016-12-19,0.045,17.5,15.96,0.33,1.22
2016-12-20,0.038,17.16,15.97,0.06,1.13
2016-12-21,0.031,17.06,15.92,0.02,1.11
2016-12-22,0.03,17.0,15.87,0.02,1.11
2016-12-23,4.486,377.31,22.61,153.16,201.53
2016-12-24,0.496,181.19,17.85,70.53,92.81
2016-12-25,0.068,47.39,16.5,12.8,18.09
2016-12-26,0.039,17.98,16.01,0.09,1.88
2016-12-27,0.035,17.05,15.88,0.03,1.14
2016-12-28,0.032,17.06,15.91,0.02,1.12
2016-12-29,0.027,17.02,15.91,0.01,1.1
2016-12-30,0.026,16.99,15.88,0.01,1.09
2016-12-31,0.026,16.95,15.85,0.01,1.09
2017-01-01,0.021,17.1,16.03,0.01,1.06
2017-01-02,0.017,16.94,15.95,0.0,0.99
2017-01-03,2.432,107.05,17.25,38.78,51.03
2017-01-04,5.718,186.13,22.24,70.77,93.12
2017-01-05,1.245,103.12,18.02,36.75,48.35
2017-01-06,0.133,38.25,16.7,9.3,12.24
2017-01-07,1.759,90.41,13.08,33.39,43.93
2017-01-08,10.124,199.72,26.74,74.7,98.28
2017-01-09,3.407,273.54,20.21,109.39,143.94
2017-01-10,12.99,210.4,29.0,77.67,103.73
2017-01-11,3.252,158.13,21.91,57.67,78.54
2017-01-12,2.281,62.23,15.8,20.02,26.41
2017-01-13,0.866,25.47,16.28,3.97,5.22
2017-01-14,0.614,18.23,15.98,0.97,1.28
2017-01-15,0.508,17.96,15.95,0.87,1.14
2017-01-16,0.426,17.95,15.95,0.86,1.14
2017-01-17,0.358,17.95,15.95,0.86,1.14
2017-01-18,3.467,175.36,20.58,66.84,87.94
2017-01-19,1.885,151.99,17.75,57.97,76.27
2017-01-20,7.265,279.71,24.45,109.22,146.05
2017-01-21,2.986,113.5,17.55,41.38,54.56
2017-01-22,5.425,171.45,20.41,65.22,85.82
2017-01-23,3.094,93.54,18.29,32.5,42.76
2017-01-24,1.14,27.32,16.39,4.72,6.21
2017-01-25,0.737,18.36,16.01,1.01,1.33
2017-01-26,0.574,18.0,16.0,0.87,1.14
2017-01-27,0.454,17.99,15.99,0.86,1.14
2017-01-28,0.359,17.99,15.99,0.86,1.14
2017-01-29,0.284,17.99,15.99,0.86,1.14
2017-01-30,0.224,17.99,15.99,0.86,1.14
2017-01-31,0.179,17.98,15.98,0.86,1.14
2017-02-01,0.144,17.98,15.98,0.86,1.14
2017-02-02,0.117,17.96,15.96,0.86,1.14
2017-02-03,3.246,215.48,19.66,84.56,111.26
2017-02-04,1.808,91.45,16.41,32.41,42.64
2017-02-05,0.643,44.29,14.91,12.69,16.69
2017-02-06,3.708,112.71,18.49,40.69,53.54
2017-02-07,8.553,181.66,28.15,66.29,87.22
2017-02-08,4.955,102.13,20.16,35.4,46.58
2017-02-09,6.657,200.63,25.71,75.46,99.45
2017-02-10,3.694,85.1,18.76,28.64,37.71
2017-02-11,1.339,24.19,16.19,3.46,4.55
2017-02-12,0.918,18.26,16.05,0.96,1.26
2017-02-13,0.679,18.04,16.03,0.87,1.14
2017-02-14,0.502,18.03,16.04,0.86,1.14
2017-02-15,0.384,18.0,16.0,0.86,1.14
2017-02-16,1.94,164.17,16.41,63.8,83.95
2017-02-17,6.584,161.42,23.09,59.73,78.6
2017-02-18,2.699,97.35,19.72,33.52,44.11
2017-02-19,1.073,26.89,16.0,4.71,6.19
2017-02-20,15.057,291.61,32.37,107.17,152.07
2017-02-21,4.741,111.49,19.89,36.89,54.7
2017-02-22,2.272,46.09,16.83,12.55,16.7
2017-02-23,1.206,19.39,16.12,1.41,1.86
2017-02-24,0.82,18.13,16.08,0.88,1.16
2017-02-25,0.578,18.05,16.05,0.86,1.14
2017-02-26,0.396,18.1,16.11,0.86,1.13
2017-02-27,0.269,18.07,16.08,0.86,1.13
2017-02-28,0.187,18.07,16.08,0.86,1.13
2017-03-01,0.129,18.09,16.09,0.86,1.13
2017-03-02,0.084,18.1,16.14,0.82,1.13
2017-03-03,0.055,17.87,16.12,0.61,1.14
2017-03-04,1.609,408.18,20.08,167.58,220.52
2017-03-05,3.82,310.32,22.53,124.27,163.52
2017-03-06,1.23,59.77,16.06,18.87,24.83
2017-03-07,0.407,23.87,16.33,3.26,4.29
2017-03-08,0.25,18.31,16.09,0.96,1.26
2017-03-09,0.175,18.08,16.07,0.87,1.14
2017-03-10,0.123,18.07,16.07,0.86,1.14
2017-03-11,0.079,18.06,16.18,0.75,1.13
2017-03-12,0.052,17.76,16.09,0.54,1.13
2017-03-13,0.035,17.33,16.1,0.11,1.12
2017-03-14,0.023,17.27,16.17,0.01,1.09
2017-03-15,0.014,17.16,16.18,0.0,0.98
2017-03-16,0.009,17.07,16.16,0.0,0.9
2017-03-17,0.005,17.19,16.34,0.0,0.85
2017-03-18,0.002,17.23,16.49,0.0,0.74
2017-03-19,0.001,16.95,16.17,0.0,0.78
2017-03-20,0.652,136.56,11.3,54.09,71.17
2017-03-21,3.317,163.7,19.59,62.23,81.88
2017-03-22,3.692,258.77,20.84,102.75,135.19
2017-03-23,0.543,56.42,16.5,17.24,22.68
2017-03-24,3.264,180.09,20.13,69.07,90.88
2017-03-25,0.949,75.92,16.92,25.48,33.52
2017-03-26,0.43,21.27,16.08,2.24,2.95
2017-03-27,0.304,18.18,16.06,0.91,1.2
2017-03-28,0.219,18.05,16.05,0.86,1.14
2017-03-29,0.161,18.03,16.03,0.86,1.14
2017-03-30,0.11,18.14,16.15,0.86,1.14
2017-03-31,0.072,17.93,16.08,0.72,1.13
2017-04-01,0.054,17.7,16.03,0.53,1.14
2017-04-02,0.039,17.51,16.08,0.3,1.13
2017-04-03,0.027,17.27,16.15,0.03,1.1
2017-04-04,0.018,17.12,16.07,0.01,1.04
2017-04-05,0.012,17.35,16.39,0.0,0.96
2017-04-06,2.308,175.91,16.87,68.67,90.36
2017-04-07,4.725,236.24,23.99,91.65,120.59
2017-04-08,2.927,258.47,21.45,102.35,134.67
2017-04-09,0.606,47.17,16.46,13.26,17.44
2017-04-10,0.368,19.24,16.04,1.38,1.82
2017-04-11,0.288,18.01,15.97,0.88,1.16
2017-04-12,0.542,45.76,15.32,13.14,17.29
2017-04-13,0.663,55.34,16.22,16.89,22.23
2017-04-14,0.201,21.9,16.27,2.43,3.2
2017-04-15,0.134,18.17,16.04,0.92,1.21
2017-04-16,0.233,32.99,15.35,7.61,10.02
2017-04-17,0.483,47.94,15.1,14.18,18.66
2017-04-18,0.488,42.36,16.69,11.08,14.58
2017-04-19,0.137,18.06,13.78,1.85,2.43
2017-04-20,0.501,78.38,16.45,26.74,35.19
2017-04-21,0.093,27.15,16.41,4.49,6.25
2017-04-22,0.056,18.04,16.1,0.59,1.35
2017-04-23,0.039,17.56,16.08,0.34,1.13
2017-04-24,0.031,17.02,15.89,0.03,1.11
2017-04-25,0.025,17.21,16.1,0.02,1.09
2017-04-26,0.019,17.02,15.98,0.0,1.03
2017-04-27,0.014,17.21,16.23,0.0,0.98
2017-04-28,0.008,17.1,16.21,0.0,0.88
2017-04-29,0.003,17.09,16.32,0.0,0.77
2017-04-30,0.002,17.14,16.33,0.0,0.81
2017-05-01,0.001,17.29,16.54,0.0,0.75
2017-05-02,0.0,17.0,16.25,0.0,0.74
2017-05-03,0.0,17.35,16.56,0.0,0.79
2017-05-04,0.0,18.24,18.08,0.0,0.17
2017-05-05,0.0,18.1,18.08,0.0,0.03
2017-05-06,0.0,18.08,18.08,0.0,0.01
2017-05-07,0.0,0.0,0.0,0.0,0.0
2017-05-08,0.0,0.0,0.0,0.0,0.0
2017-05-09,0.0,0.0,0.0,0.0,0.0
2017-05-10,0.0,0.0,0.0,0.0,0.0
2017-05-11,0.0,0.0,0.0,0.0,0.0
2017-05-12,0.0,0.0,0.0,0.0,0.0
2017-05-13,0.0,0.0,0.0,0.0,0.0
2017-05-14,0.0,0.0,0.0,0.0,0.0
2017-05-15,0.0,0.0,0.0,0.0,0.0
2017-05-16,0.0,0.0,0.0,0.0,0.0
2017-05-17,0.0,0.0,0.0,0.0,0.0
2017-05-18,0.0,0.0,0.0,0.0,0.0
2017-05-19,0.0,0.0,0.0,0.0,0.0
2017-05-20,0.0,0.0,0.0,0.0,0.0
2017-05-21,0.0,0.0,0.0,0.0,0.0
2017-05-22,0.0,0.0,0.0,0.0,0.0
2017-05-23,0.0,0.0,0.0,0.0,0.0
2017-05-24,0.0,0.0,0.0,0.0,0.0
2017-05-25,0.0,0.0,0.0,0.0,0.0
2017-05-26,0.0,0.0,0.0,0.0,0.0
2017-05-27,0.0,0.0,0.0,0.0,0.0
2017-05-28,0.0,0.0,0.0,0.0,0.0
2017-05-29,0.0,0.0,0.0,0.0,0.0
2017-05-30,0.0,0.0,0.0,0.0,0.0
2017-05-31,0.0,0.0,0.0,0.0,0.0
2017-06-01,0.0,0.0,0.0,0.0,0.0
2017-06-02,0.0,0.0,0.0,0.0,0.0
2017-06-03,0.0,0.0,0.0,0.0,0.0
2017-06-04,0.0,0.0,0.0,0.0,0.0
2017-06-05,0.0,0.0,0.0,0.0,0.0
2017-06-06,0.0,0.0,0.0,0.0,0.0
2017-06-07,0.0,0.0,0.0,0.0,0.0
2017-06-08,0.0,0.0,0.0,0.0,0.0
2017-06-09,0.0,0.0,0.0,0.0,0.0
2017-06-10,0.0,0.0,0.0,0.0,0.0
2017-06-11,0.0,0.0,0.0,0.0,0.0
2017-06-12,0.0,0.0,0.0,0.0,0.0
2017-06-13,0.0,0.0,0.0,0.0,0.0
2017-06-14,0.0,0.0,0.0,0.0,0.0
2017-06-15,0.0,0.0,0.0,0.0,0.0
2017-06-16,0.0,0.0,0.0,0.0,0.0
2017-06-17,0.0,0.0,0.0,0.0,0.0
2017-06-18,0.0,0.0,0.0,0.0,0.0
2017-06-19,0.0,0.0,0.0,0.0,0.0
2017-06-20,0.0,0.0,0.0,0.0,0.0
2017-06-21,0.0,0.0,0.0,0.0,0.0
2017-06-22,0.0,0.0,0.0,0.0,0.0
2017-06-23,0.0,0.0,0.0,0.0,0.0
2017-06-24,0.0,0.0,0.0,0.0,0.0
2017-06-25,0.0,0.0,0.0,0.0,0.0
2017-06-26,0.0,0.0,0.0,0.0,0.0
2017-06-27,0.0,0.0,0.0,0.0,0.0
2017-06-28,0.0,0.0,0.0,0.0,0.0
2017-06-29,0.0,0.0,0.0,0.0,0.0
2017-06-30,0.0,0.0,0.0,0.0,0.0
2017-07-01,0.0,0.0,0.0,0.0,0.0
2017-07-02,0.0,0.0,0.0,0.0,0.0
2017-07-03,0.0,0.0,0.0,0.0,0.0
2017-07-04,0.0,0.0,0.0,0.0,0.0
2017-07-05,0.0,0.0,0.0,0.0,0.0
2017-07-06,0.0,0.0,0.0,0.0,0.0
2017-07-07,0.0,0.0,0.0,0.0,0.0
2017-07-08,0.0,0.0,0.0,0.0,0.0
2017-07-09,0.0,0.0,0.0,0.0,0.0
2017-07-10,0.0,0.0,0.0,0.0,0.0
2017-07-11,0.0,0.0,0.0,0.0,0.0
2017-07-12,0.0,0.0,0.0,0.0,0.0
2017-07-13,0.0,0.0,0.0,0.0,0.0
2017-07-14,0.0,0.0,0.0,0.0,0.0
2017-07-15,0.0,0.0,0.0,0.0,0.0
2017-07-16,0.0,0.0,0.0,0.0,0.0
2017-07-17,0.0,0.0,0.0,0.0,0.0
2017-07-18,0.0,0.0,0.0,0.0,0.0
2017-07-19,0.0,0.0,0.0,0.0,0.0
2017-07-20,0.0,0.0,0.0,0.0,0.0
2017-07-21,0.0,0.0,0.0,0.0,0.0
2017-07-22,0.0,0.0,0.0,0.0,0.0
2017-07-23,0.0,0.0,0.0,0.0,0.0
2017-07-24,0.0,0.0,0.0,0.0,0.0
2017-07-25,0.0,0.0,0.0,0.0,0.0
2017-07-26,0.0,0.0,0.0,0.0,0.0
2017-07-27,0.0,0.0,0.0,0.0,0.0
2017-07-28,0.0,0.0,0.0,0.0,0.0
2017-07-29,0.0,0.0,0.0,0.0,0.0
2017-07-30,0.0,0.0,0.0,0.0,0.0
2017-07-31,0.0,0.0,0.0,0.0,0.0
2017-08-01,0.0,0.0,0.0,0.0,0.0
2017-08-02,0.0,0.0,0.0,0.0,0.0
2017-08-03,0.0,0.0,0.0,0.0,0.0
2017-08-04,0.0,0.0,0.0,0.0,0.0
2017-08-05,0.0,0.0,0.0,0.0,0.0
2017-08-06,0.0,0.0,0.0,0.0,0.0
2017-08-07,0.0,0.0,0.0,0.0,0.0
2017-08-08,0.0,0.0,0.0,0.0,0.0
2017-08-09,0.0,0.0,0.0,0.0,0.0
2017-08-10,0.0,0.0,0.0,0.0,0.0
2017-08-11,0.0,0.0,0.0,0.0,0.0
2017-08-12,0.0,0.0,0.0,0.0,0.0
2017-08-13,0.0,0.0,0.0,0.0,0.0
2017-08-14,0.0,0.0,0.0,0.0,0.0
2017-08-15,0.0,0.0,0.0,0.0,0.0
2017-08-16,0.0,0.0,0.0,0.0,0.0
2017-08-17,0.0,0.0,0.0,0.0,0.0
2017-08-18,0.0,0.0,0.0,0.0,0.0
2017-08-19,0.0,0.0,0.0,0.0,0.0
2017-08-20,0.0,0.0,0.0,0.0,0.0
2017-08-21,0.0,0.0,0.0,0.0,0.0
2017-08-22,0.0,0.0,0.0,0.0,0.0
2017-08-23,0.0,0.0,0.0,0.0,0.0
2017-08-24,0.0,0.0,0.0,0.0,0.0
2017-08-25,0.0,0.0,0.0,0.0,0.0
2017-08-26,0.0,0.0,0.0,0.0,0.0
2017-08-27,0.0,0.0,0.0,0.0,0.0
2017-08-28,0.0,0.0,0.0,0.0,0.0
2017-08-29,0.0,0.0,0.0,0.0,0.0
2017-08-30,0.0,0.0,0.0,0.0,0.0
2017-08-31,0.0,0.0,0.0,0.0,0.0
2017-09-01,0.0,0.0,0.0,0.0,0.0
2017-09-02,0.0,0.0,0.0,0.0,0.0
2017-09-03,0.0,0.0,0.0,0.0,0.0
2017-09-04,0.0,0.0,0.0,0.0,0.0
2017-09-05,0.0,0.0,0.0,0.0,0.0
2017-09-06,0.0,0.0,0.0,0.0,0.0
2017-09-07,0.0,0.0,0.0,0.0,0.0
2017-09-08,0.0,0.0,0.0,0.0,0.0
2017-09-09,0.0,0.0,0.0,0.0,0.0
2017-09-10,0.0,0.0,0.0,0.0,0.0
2017-09-11,0.0,0.0,0.0,0.0,0.0
2017-09-12,0.0,0.0,0.0,0.0,0.0
2017-09-13,0.0,0.0,0.0,0.0,0.0
2017-09-14,0.0,0.0,0.0,0.0,0.0
2017-09-15,0.0,0.0,0.0,0.0,0.0
2017-09-16,0.0,0.0,0.0,0.0,0.0
2017-09-17,0.0,0.0,0.0,0.0,0.0
2017-09-18,0.0,0.0,0.0,0.0,0.0
2017-09-19,0.0,0.0,0.0,0.0,0.0
2017-09-20,0.0,0.0,0.0,0.0,0.0
2017-09-21,0.0,0.0,0.0,0.0,0.0
2017-09-22,0.0,0.0,0.0,0.0,0.0
2017-09-23,0.0,0.0,0.0,0.0,0.0
2017-09-24,0.0,0.0,0.0,0.0,0.0
2017-09-25,0.0,0.0,0.0,0.0,0.0
2017-09-26,0.0,0.0,0.0,0.0,0.0
2017-09-27,0.0,0.0,0.0,0.0,0.0
2017-09-28,0.0,0.0,0.0,0.0,0.0
2017-09-29,0.0,0.0,0.0,0.0,0.0
2017-09-30,0.0,0.0,0.0,0.0,0.0
2017-10-01,0.0,0.0,0.0,0.0,0.0
2017-10-02,0.0,0.0,0.0,0.0,0.0
2017-10-03,0.0,0.0,0.0,0.0,0.0
2017-10-04,0.0,0.0,0.0,0.0,0.0
2017-10-05,0.0,0.0,0.0,0.0,0.0
2017-10-06,0.0,0.0,0.0,0.0,0.0
2017-10-07,0.0,0.0,0.0,0.0,0.0
2017-10-08,0.0,0.0,0.0,0.0,0.0
2017-10-09,0.0,0.0,0.0,0.0,0.0
2017-10-10,0.0,0.0,0.0,0.0,0.0
2017-10-11,0.0,0.0,0.0,0.0,0.0
2017-10-12,0.0,0.0,0.0,0.0,0.0
2017-10-13,0.0,0.0,0.0,0.0,0.0
2017-10-14,0.0,0.0,0.0,0.0,0.0
2017-10-15,0.0,0.0,0.0,0.0,0.0
2017-10-16,0.0,0.0,0.0,0.0,0.0
2017-10-17,0.0,0.0,0.0,0.0,0.0
2017-10-18,0.0,0.0,0.0,0.0,0.0
2017-10-19,0.0,0.0,0.0,0.0,0.0
2017-10-20,0.189,55.19,16.56,16.51,22.12
2017-10-21,0.009,31.37,18.07,0.0,13.3
2017-10-22,0.0,20.49,17.93,0.0,2.56
2017-10-23,0.0,17.76,17.14,0.0,0.62
2017-10-24,0.0,18.23,18.08,0.0,0.15
2017-10-25,0.0,18.1,18.08,0.0,0.02
2017-10-26,0.0,0.0,0.0,0.0,0.0
2017-10-27,0.0,0.0,0.0,0.0,0.0
2017-10-28,0.0,0.0,0.0,0.0,0.0
2017-10-29,0.0,0.0,0.0,0.0,0.0
2017-10-30,0.0,0.0,0.0,0.0,0.0
2017-10-31,0.0,0.0,0.0,0.0,0.0
2017-11-01,0.0,0.0,0.0,0.0,0.0
2017-11-02,0.0,0.0,0.0,0.0,0.0
2017-11-03,0.0,0.0,0.0,0.0,0.0
2017-11-04,1.168,125.13,16.37,46.96,61.79
2017-11-05,0.099,95.38,18.07,32.09,45.22
2017-11-06,0.005,36.92,17.88,0.0,19.04
2017-11-07,0.001,18.38,16.62,0.0,1.76
2017-11-08,0.0,16.97,16.18,0.0,0.79
2017-11-09,0.178,38.38,15.65,9.63,13.1
2017-11-10,0.016,26.76,17.86,0.95,7.94
2017-11-11,0.001,18.92,17.34,0.0,1.58
2017-11-12,0.0,16.84,16.08,0.0,0.76
2017-11-13,0.0,16.77,15.97,0.0,0.8
2017-11-14,0.0,16.7,15.9,0.0,0.8
2017-11-15,0.046,0.07,0.06,0.0,0.0
2017-11-16,12.157,254.95,30.42,93.59,130.94
2017-11-17,1.125,105.26,17.75,36.99,50.52
2017-11-18,0.063,56.62,17.53,15.34,23.75
2017-11-19,0.015,19.19,16.26,0.0,2.93
2017-11-20,0.01,16.92,16.0,0.0,0.92
2017-11-21,0.008,16.81,15.93,0.0,0.87
2017-11-22,0.007,16.86,16.01,0.0,0.86
2017-11-23,0.005,16.82,15.99,0.0,0.84
2017-11-24,0.004,16.8,15.97,0.0,0.83
2017-11-25,0.003,16.81,15.99,0.0,0.82
2017-11-26,0.003,16.76,15.94,0.0,0.82
2017-11-27,1.48,122.44,15.71,46.09,60.64
2017-11-28,0.081,85.33,17.96,27.58,39.79
2017-11-29,0.007,26.66,16.98,0.0,9.69
2017-11-30,0.003,17.04,16.08,0.0,0.95
2017-12-01,0.002,16.79,15.99,0.0,0.8
2017-12-02,0.002,16.79,15.98,0.0,0.8
2017-12-03,0.001,16.83,16.04,0.0,0.8
2017-12-04,0.001,17.0,16.22,0.0,0.78
2017-12-05,0.001,16.61,15.82,0.0,0.79
2017-12-06,0.001,16.83,16.04,0.0,0.8
2017-12-07,0.0,16.79,16.0,0.0,0.79
2017-12-08,0.0,16.8,16.01,0.0,0.8
2017-12-09,0.0,16.85,16.07,0.0,0.79
2017-12-10,0.0,16.89,16.11,0.0,0.78
2017-12-11,0.0,16.8,16.01,0.0,0.79
2017-12-12,0.0,16.79,16.0,0.0,0.79
2017-12-13,0.0,16.84,16.04,0.0,0.79
2017-12-14,0.0,16.99,16.2,0.0,0.79
2017-12-15,0.0,17.08,16.31,0.0,0.77
2017-12-16,0.0,17.28,16.52,0.0,0.76
2017-12-17,0.0,18.24,18.08,0.0,0.16
2017-12-18,0.0,18.1,18.08,0.0,0.03
2017-12-19,0.0,0.0,0.0,0.0,0.0
2017-12-20,0.0,0.0,0.0,0.0,0.0
2017-12-21,0.0,0.0,0.0,0.0,0.0
2017-12-22,0.0,0.0,0.0,0.0,0.0
2017-12-23,0.0,0.0,0.0,0.0,0.0
2017-12-24,0.0,0.0,0.0,0.0,0.0
2017-12-25,0.0,0.0,0.0,0.0,0.0
2017-12-26,0.0,0.0,0.0,0.0,0.0
2017-12-27,0.0,0.0,0.0,0.0,0.0
2017-12-28,0.0,0.0,0.0,0.0,0.0
2017-12-29,0.0,0.0,0.0,0.0,0.0
2017-12-30,0.0,0.0,0.0,0.0,0.0
2017-12-31,0.0,0.0,0.0,0.0,0.0
2018-01-01,0.0,0.0,0.0,0.0,0.0
2018-01-02,0.0,0.0,0.0,0.0,0.0
2018-01-03,1.649,299.63,20.24,120.65,158.74
2018-01-04,1.617,321.15,21.48,129.4,170.27
2018-01-05,1.708,103.34,14.57,38.33,50.44
2018-01-06,1.139,127.45,18.53,47.03,61.89
2018-01-07,0.053,72.61,17.84,21.33,33.44
2018-01-08,13.471,251.09,29.4,93.84,127.85
2018-01-09,6.856,347.58,36.23,125.38,185.97
2018-01-10,0.229,124.96,17.53,42.91,64.52
2018-01-11,0.06,27.98,16.17,4.54,7.26
2018-01-12,0.043,17.49,16.01,0.13,1.35
2018-01-13,0.034,17.15,15.99,0.02,1.13
2018-01-14,0.027,17.07,15.96,0.01,1.11
2018-01-15,0.023,17.03,15.96,0.01,1.06
2018-01-16,0.02,16.92,15.9,0.0,1.01
2018-01-17,0.017,16.92,15.93,0.0,0.99
2018-01-18,0.015,17.08,16.11,0.0,0.96
2018-01-19,0.009,16.91,16.04,0.0,0.87
2018-01-20,0.008,16.63,15.75,0.0,0.88
2018-01-21,0.009,16.85,15.95,0.0,0.9
2018-01-22,1.895,154.39,16.67,59.47,78.25
2018-01-23,0.196,114.19,17.89,41.47,54.83
2018-01-24,0.936,145.09,14.21,56.39,74.49
2018-01-25,1.064,126.99,17.46,47.29,62.24
2018-01-26,0.082,59.53,17.57,17.28,24.69
2018-01-27,0.018,19.91,16.31,0.0,3.6
2018-01-28,0.014,16.86,15.87,0.0,0.99
2018-01-29,0.012,16.96,16.02,0.0,0.94
2018-01-30,0.01,16.79,15.88,0.0,0.91
2018-01-31,0.009,16.86,15.96,0.0,0.89
2018-02-01,0.007,16.87,16.0,0.0,0.87
2018-02-02,0.006,16.86,16.01,0.0,0.86
2018-02-03,0.005,16.85,16.0,0.0,0.85
2018-02-04,0.004,16.89,16.06,0.0,0.83
2018-02-05,0.003,16.89,16.07,0.0,0.82
2018-02-06,0.002,17.26,16.45,0.0,0.81
2018-02-07,0.0,17.85,17.35,0.0,0.5
2018-02-08,0.0,17.43,16.94,0.0,0.49
2018-02-09,0.0,18.22,18.08,0.0,0.15
2018-02-10,0.0,18.1,18.08,0.0,0.02
2018-02-11,0.0,0.0,0.0,0.0,0.0
2018-02-12,0.0,0.0,0.0,0.0,0.0
2018-02-13,0.0,0.0,0.0,0.0,0.0
2018-02-14,0.0,0.0,0.0,0.0,0.0
2018-02-15,0.0,0.0,0.0,0.0,0.0
2018-02-16,0.0,0.0,0.0,0.0,0.0
2018-02-17,0.0,0.0,0.0,0.0,0.0
2018-02-18,0.0,0.0,0.0,0.0,0.0
2018-02-19,0.0,0.0,0.0,0.0,0.0
2018-02-20,0.0,0.0,0.0,0.0,0.0
2018-02-21,0.0,0.0,0.0,0.0,0.0
2018-02-22,0.0,0.0,0.0,0.0,0.0
2018-02-23,0.0,0.0,0.0,0.0,0.0
2018-02-24,0.0,0.0,0.0,0.0,0.0
2018-02-25,0.0,0.0,0.0,0.0,0.0
2018-02-26,0.585,105.35,16.93,38.18,50.24
2018-02-27,0.073,76.71,18.03,23.77,34.91
2018-02-28,0.004,29.76,17.69,0.0,12.06
2018-03-01,5.011,162.12,20.61,61.11,80.41
2018-03-02,1.511,101.99,16.95,36.72,48.32
2018-03-03,0.838,80.23,15.87,27.79,36.57
2018-03-04,0.58,67.97,16.65,22.16,29.16
2018-03-05,0.043,37.81,17.36,7.69,12.76
2018-03-06,0.013,17.78,16.16,0.0,1.62
2018-03-07,0.01,16.86,15.96,0.0,0.9
2018-03-08,0.008,16.8,15.92,0.0,0.88
2018-03-09,0.007,16.83,15.96,0.0,0.87
2018-03-10,0.006,16.82,15.96,0.0,0.86
2018-03-11,0.005,16.89,16.04,0.0,0.84
2018-03-12,0.003,17.04,16.21,0.0,0.83
2018-03-13,1.602,138.01,15.04,53.1,69.87
2018-03-14,0.976,94.57,16.93,33.53,44.11
2018-03-15,0.424,56.99,12.11,19.22,25.66
2018-03-16,1.741,100.65,16.72,36.23,47.71
2018-03-17,0.27,53.26,16.65,15.8,20.8
2018-03-18,0.027,28.53,17.11,3.02,8.4
2018-03-19,0.011,17.31,16.13,0.0,1.17
2018-03-20,1.429,110.24,13.08,41.95,55.21
2018-03-21,2.352,141.6,20.56,52.26,68.77
2018-03-22,3.841,176.82,20.84,67.36,88.63
2018-03-23,0.277,107.77,17.81,38.85,51.11
2018-03-24,0.039,32.45,16.51,5.93,10.0
2018-03-25,0.025,17.29,15.89,0.01,1.39
2018-03-26,0.023,17.03,15.94,0.01,1.08
2018-03-27,0.02,17.0,15.95,0.01,1.04
2018-03-28,0.016,16.96,15.96,0.0,1.0
2018-03-29,0.013,16.94,15.98,0.0,0.95
2018-03-30,0.011,16.93,16.01,0.0,0.92
2018-03-31,0.008,16.89,16.0,0.0,0.89
2018-04-01,0.006,16.95,16.09,0.0,0.87
2018-04-02,0.004,16.83,15.99,0.0,0.84
2018-04-03,0.003,17.02,16.19,0.0,0.82
2018-04-04,0.001,17.64,16.89,0.0,0.75
2018-04-05,0.023,5.05,1.95,1.34,1.76
2018-04-06,11.836,260.69,29.97,95.44,135.28
2018-04-07,7.456,267.93,31.54,97.13,139.27
2018-04-08,0.315,91.44,17.24,30.19,44.01
2018-04-09,0.109,23.47,16.15,3.02,4.3
2018-04-10,0.078,18.08,16.0,0.83,1.25
2018-04-11,0.069,17.74,15.92,0.68,1.14
2018-04-12,0.055,17.64,15.97,0.55,1.13
2018-04-13,0.048,17.5,15.94,0.43,1.13
2018-04-14,0.04,17.45,16.02,0.3,1.13
2018-04-15,0.032,17.06,15.91,0.05,1.11
2018-04-16,0.026,17.11,16.0,0.02,1.09
2018-04-17,0.024,16.99,15.89,0.01,1.08
2018-04-18,0.02,17.01,15.94,0.01,1.06
2018-04-19,0.018,16.98,15.94,0.01,1.03
2018-04-20,0.015,16.95,15.96,0.0,0.99
2018-04-21,0.012,16.92,15.97,0.0,0.95
2018-04-22,0.01,16.91,16.0,0.0,0.91
2018-04-23,0.007,16.96,16.07,0.0,0.88
2018-04-24,0.005,16.88,16.02,0.0,0.85
2018-04-25,0.003,17.25,16.42,0.0,0.83
2018-04-26,0.001,17.14,16.36,0.0,0.78
2018-04-27,0.0,17.18,16.43,0.0,0.75
2018-04-28,0.0,18.24,18.08,0.0,0.17
2018-04-29,0.0,18.1,18.08,0.0,0.03
2018-04-30,0.0,18.08,18.08,0.0,0.0
2018-05-01,0.0,0.0,0.0,0.0,0.0
2018-05-02,0.0,0.0,0.0,0.0,0.0
2018-05-03,0.0,0.0,0.0,0.0,0.0
2018-05-04,0.0,0.0,0.0,0.0,0.0
2018-05-05,0.0,0.0,0.0,0.0,0.0
2018-05-06,0.0,0.0,0.0,0.0,0.0
2018-05-07,0.0,0.0,0.0,0.0,0.0
2018-05-08,0.0,0.0,0.0,0.0,0.0
2018-05-09,0.0,0.0,0.0,0.0,0.0
2018-05-10,0.0,0.0,0.0,0.0,0.0
2018-05-11,0.0,0.0,0.0,0.0,0.0
2018-05-12,0.0,0.0,0.0,0.0,0.0
2018-05-13,0.0,0.0,0.0,0.0,0.0
2018-05-14,0.0,0.0,0.0,0.0,0.0
2018-05-15,0.0,0.0,0.0,0.0,0.0
2018-05-16,0.0,0.0,0.0,0.0,0.0
2018-05-17,0.0,0.0,0.0,0.0,0.0
2018-05-18,0.0,0.0,0.0,0.0,0.0
2018-05-19,0.0,0.0,0.0,0.0,0.0
2018-05-20,0.0,0.0,0.0,0.0,0.0
2018-05-21,0.0,0.0,0.0,0.0,0.0
2018-05-22,0.0,0.0,0.0,0.0,0.0
2018-05-23,0.0,0.0,0.0,0.0,0.0
2018-05-24,0.0,0.0,0.0,0.0,0.0
2018-05-25,0.0,0.0,0.0,0.0,0.0
2018-05-26,0.0,0.0,0.0,0.0,0.0
2018-05-27,0.0,0.0,0.0,0.0,0.0
2018-05-28,0.0,0.0,0.0,0.0,0.0
2018-05-29,0.0,0.0,0.0,0.0,0.0
2018-05-30,0.0,0.0,0.0,0.0,0.0
2018-05-31,0.0,0.0,0.0,0.0,0.0
2018-06-01,0.0,0.0,0.0,0.0,0.0
2018-06-02,0.0,0.0,0.0,0.0,0.0
2018-06-03,0.0,0.0,0.0,0.0,0.0
2018-06-04,0.0,0.0,0.0,0.0,0.0
2018-06-05,0.0,0.0,0.0,0.0,0.0
2018-06-06,0.0,0.0,0.0,0.0,0.0
2018-06-07,0.0,0.0,0.0,0.0,0.0
2018-06-08,0.0,0.0,0.0,0.0,0.0
2018-06-09,0.0,0.0,0.0,0.0,0.0
2018-06-10,0.0,0.0,0.0,0.0,0.0
2018-06-11,0.0,0.0,0.0,0.0,0.0
2018-06-12,0.0,0.0,0.0,0.0,0.0
2018-06-13,0.0,0.0,0.0,0.0,0.0
2018-06-14,0.0,0.0,0.0,0.0,0.0
2018-06-15,0.0,0.0,0.0,0.0,0.0
2018-06-16,0.0,0.0,0.0,0.0,0.0
2018-06-17,0.0,0.0,0.0,0.0,0.0
2018-06-18,0.0,0.0,0.0,0.0,0.0
2018-06-19,0.0,0.0,0.0,0.0,0.0
2018-06-20,0.0,0.0,0.0,0.0,0.0
2018-06-21,0.0,0.0,0.0,0.0,0.0
2018-06-22,0.0,0.0,0.0,0.0,0.0
2018-06-23,0.0,0.0,0.0,0.0,0.0
2018-06-24,0.0,0.0,0.0,0.0,0.0
2018-06-25,0.0,0.0,0.0,0.0,0.0
2018-06-26,0.0,0.0,0.0,0.0,0.0
2018-06-27,0.0,0.0,0.0,0.0,0.0
2018-06-28,0.0,0.0,0.0,0.0,0.0
2018-06-29,0.0,0.0,0.0,0.0,0.0
2018-06-30,0.0,0.0,0.0,0.0,0.0
2018-07-01,0.0,0.0,0.0,0.0,0.0
2018-07-02,0.0,0.0,0.0,0.0,0.0
2018-07-03,0.0,0.0,0.0,0.0,0.0
2018-07-04,0.0,0.0,0.0,0.0,0.0
2018-07-05,0.0,0.0,0.0,0.0,0.0
2018-07-06,0.0,0.0,0.0,0.0,0.0
2018-07-07,0.0,0.0,0.0,0.0,0.0
2018-07-08,0.0,0.0,0.0,0.0,0.0
2018-07-09,0.0,0.0,0.0,0.0,0.0
2018-07-10,0.0,0.0,0.0,0.0,0.0
2018-07-11,0.0,0.0,0.0,0.0,0.0
2018-07-12,0.0,0.0,0.0,0.0,0.0
2018-07-13,0.0,0.0,0.0,0.0,0.0
2018-07-14,0.0,0.0,0.0,0.0,0.0
2018-07-15,0.0,0.0,0.0,0.0,0.0
2018-07-16,0.0,0.0,0.0,0.0,0.0
2018-07-17,0.0,0.0,0.0,0.0,0.0
2018-07-18,0.0,0.0,0.0,0.0,0.0
2018-07-19,0.0,0.0,0.0,0.0,0.0
2018-07-20,0.0,0.0,0.0,0.0,0.0
2018-07-21,0.0,0.0,0.0,0.0,0.0
2018-07-22,0.0,0.0,0.0,0.0,0.0
2018-07-23,0.0,0.0,0.0,0.0,0.0
2018-07-24,0.0,0.0,0.0,0.0,0.0
2018-07-25,0.0,0.0,0.0,0.0,0.0
2018-07-26,0.0,0.0,0.0,0.0,0.0
2018-07-27,0.0,0.0,0.0,0.0,0.0
2018-07-28,0.0,0.0,0.0,0.0,0.0
2018-07-29,0.0,0.0,0.0,0.0,0.0
2018-07-30,0.0,0.0,0.0,0.0,0.0
2018-07-31,0.0,0.0,0.0,0.0,0.0
2018-08-01,0.0,0.0,0.0,0.0,0.0
2018-08-02,0.0,0.0,0.0,0.0,0.0
2018-08-03,0.0,0.0,0.0,0.0,0.0
2018-08-04,0.0,0.0,0.0,0.0,0.0
2018-08-05,0.0,0.0,0.0,0.0,0.0
2018-08-06,0.0,0.0,0.0,0.0,0.0
2018-08-07,0.0,0.0,0.0,0.0,0.0
2018-08-08,0.0,0.0,0.0,0.0,0.0
2018-08-09,0.0,0.0,0.0,0.0,0.0
2018-08-10,0.0,0.0,0.0,0.0,0.0
2018-08-11,0.0,0.0,0.0,0.0,0.0
2018-08-12,0.0,0.0,0.0,0.0,0.0
2018-08-13,0.0,0.0,0.0,0.0,0.0
2018-08-14,0.0,0.0,0.0,0.0,0.0
2018-08-15,0.0,0.0,0.0,0.0,0.0
2018-08-16,0.0,0.0,0.0,0.0,0.0
2018-08-17,0.0,0.0,0.0,0.0,0.0
2018-08-18,0.0,0.0,0.0,0.0,0.0
2018-08-19,0.0,0.0,0.0,0.0,0.0
2018-08-20,0.0,0.0,0.0,0.0,0.0
2018-08-21,0.0,0.0,0.0,0.0,0.0
2018-08-22,0.0,0.0,0.0,0.0,0.0
2018-08-23,0.0,0.0,0.0,0.0,0.0
2018-08-24,0.0,0.0,0.0,0.0,0.0
2018-08-25,0.0,0.0,0.0,0.0,0.0
2018-08-26,0.0,0.0,0.0,0.0,0.0
2018-08-27,0.0,0.0,0.0,0.0,0.0
2018-08-28,0.0,0.0,0.0,0.0,0.0
2018-08-29,0.0,0.0,0.0,0.0,0.0
2018-08-30,0.0,0.0,0.0,0.0,0.0
2018-08-31,0.0,0.0,0.0,0.0,0.0
2018-09-01,0.0,0.0,0.0,0.0,0.0
2018-09-02,0.0,0.0,0.0,0.0,0.0
2018-09-03,0.0,0.0,0.0,0.0,0.0
2018-09-04,0.0,0.0,0.0,0.0,0.0
2018-09-05,0.0,0.0,0.0,0.0,0.0
2018-09-06,0.0,0.0,0.0,0.0,0.0
2018-09-07,0.0,0.0,0.0,0.0,0.0
2018-09-08,0.0,0.0,0.0,0.0,0.0
2018-09-09,0.0,0.0,0.0,0.0,0.0
2018-09-10,0.0,0.0,0.0,0.0,0.0
2018-09-11,0.0,0.0,0.0,0.0,0.0
2018-09-12,0.0,0.0,0.0,0.0,0.0
2018-09-13,0.0,0.0,0.0,0.0,0.0
2018-09-14,0.0,0.0,0.0,0.0,0.0
2018-09-15,0.0,0.0,0.0,0.0,0.0
2018-09-16,0.0,0.0,0.0,0.0,0.0
2018-09-17,0.0,0.0,0.0,0.0,0.0
2018-09-18,0.0,0.0,0.0,0.0,0.0
2018-09-19,0.0,0.0,0.0,0.0,0.0
2018-09-20,0.0,0.0,0.0,0.0,0.0
2018-09-21,0.0,0.0,0.0,0.0,0.0
2018-09-22,0.0,0.0,0.0,0.0,0.0
2018-09-23,0.0,0.0,0.0,0.0,0.0
2018-09-24,0.0,0.0,0.0,0.0,0.0
2018-09-25,0.0,0.0,0.0,0.0,0.0
2018-09-26,0.0,0.0,0.0,0.0,0.0
2018-09-27,0.0,0.0,0.0,0.0,0.0
2018-09-28,0.0,0.0,0.0,0.0,0.0
2018-09-29,0.0,0.0,0.0,0.0,0.0
2018-09-30,0.0,0.0,0.0,0.0,0.0
2018-10-01,0.0,0.0,0.0,0.0,0.0
2018-10-02,0.0,0.0,0.0,0.0,0.0
2018-10-03,0.0,0.0,0.0,0.0,0.0
2018-10-04,0.0,0.0,0.0,0.0,0.0
2018-10-05,0.0,0.0,0.0,0.0,0.0
2018-10-06,0.0,0.0,0.0,0.0,0.0
2018-10-07,0.0,0.0,0.0,0.0,0.0
2018-10-08,0.0,0.0,0.0,0.0,0.0
2018-10-09,0.0,0.0,0.0,0.0,0.0
2018-10-10,0.0,0.0,0.0,0.0,0.0
2018-10-11,0.0,0.0,0.0,0.0,0.0
2018-10-12,0.0,0.0,0.0,0.0,0.0
2018-10-13,0.0,0.0,0.0,0.0,0.0
2018-10-14,0.0,0.0,0.0,0.0,0.0
2018-10-15,0.0,0.0,0.0,0.0,0.0
2018-10-16,0.0,0.0,0.0,0.0,0.0
2018-10-17,0.0,0.0,0.0,0.0,0.0
2018-10-18,0.0,0.0,0.0,0.0,0.0
2018-10-19,0.0,0.0,0.0,0.0,0.0
2018-10-20,0.0,0.0,0.0,0.0,0.0
2018-10-21,0.0,0.0,0.0,0.0,0.0
2018-10-22,0.0,0.0,0.0,0.0,0.0
2018-10-23,0.0,0.0,0.0,0.0,0.0
2018-10-24,0.0,0.0,0.0,0.0,0.0
2018-10-25,0.0,0.0,0.0,0.0,0.0
2018-10-26,0.0,0.0,0.0,0.0,0.0
2018-10-27,0.0,0.0,0.0,0.0,0.0
2018-10-28,0.0,0.0,0.0,0.0,0.0
2018-10-29,0.0,0.0,0.0,0.0,0.0
2018-10-30,0.0,0.0,0.0,0.0,0.0
2018-10-31,0.0,0.0,0.0,0.0,0.0
2018-11-01,0.0,0.0,0.0,0.0,0.0
2018-11-02,0.0,0.0,0.0,0.0,0.0
2018-11-03,0.0,0.0,0.0,0.0,0.0
2018-11-04,0.0,0.0,0.0,0.0,0.0
2018-11-05,0.0,0.0,0.0,0.0,0.0
2018-11-06,0.0,0.0,0.0,0.0,0.0
2018-11-07,0.0,0.0,0.0,0.0,0.0
2018-11-08,0.0,0.0,0.0,0.0,0.0
2018-11-09,0.0,0.0,0.0,0.0,0.0
2018-11-10,0.0,0.0,0.0,0.0,0.0
2018-11-11,0.0,0.0,0.0,0.0,0.0
2018-11-12,0.0,0.0,0.0,0.0,0.0
2018-11-13,0.0,0.0,0.0,0.0,0.0
2018-11-14,0.0,0.0,0.0,0.0,0.0
2018-11-15,0.0,0.0,0.0,0.0,0.0
2018-11-16,0.0,0.0,0.0,0.0,0.0
2018-11-17,0.0,0.0,0.0,0.0,0.0
2018-11-18,0.0,0.0,0.0,0.0,0.0
2018-11-19,0.0,0.0,0.0,0.0,0.0
2018-11-20,0.0,0.0,0.0,0.0,0.0
2018-11-21,4.334,271.29,24.74,106.46,140.08
2018-11-22,4.278,285.24,22.56,112.12,150.56
2018-11-23,7.082,257.36,27.42,96.89,133.05
2018-11-24,1.264,96.96,17.62,34.17,45.16
2018-11-25,0.076,53.02,17.52,14.57,20.94
2018-11-26,0.019,19.18,16.28,0.0,2.9
2018-11-27,0.039,23.12,13.03,4.22,5.88
2018-11-28,0.866,222.63,11.19,91.27,120.17
2018-11-29,6.778,529.92,29.66,211.33,288.93
2018-11-30,0.269,212.95,17.88,82.6,112.47
2018-12-01,1.657,135.48,15.73,51.59,68.17
2018-12-02,0.251,109.45,17.87,39.51,52.07
2018-12-03,0.026,33.26,16.92,2.8,13.54
2018-12-04,0.009,17.58,16.19,0.0,1.4
2018-12-05,0.392,67.45,15.6,22.32,29.54
2018-12-06,0.048,43.16,17.61,9.77,15.78
2018-12-07,0.011,18.26,16.21,0.0,2.05
2018-12-08,0.008,16.88,15.99,0.0,0.89
2018-12-09,0.007,16.79,15.92,0.0,0.86
2018-12-10,0.006,16.82,15.96,0.0,0.85
2018-12-11,0.005,16.86,16.02,0.0,0.84
2018-12-12,0.004,16.96,16.13,0.0,0.83
2018-12-13,0.002,17.17,16.36,0.0,0.81
2018-12-14,0.001,16.27,15.54,0.0,0.73
2018-12-15,0.001,16.74,15.9,0.0,0.83
2018-12-16,2.99,229.68,20.36,90.39,118.93
2018-12-17,2.204,223.48,23.53,86.34,113.61
2018-12-18,0.094,108.72,17.79,37.77,53.16
2018-12-19,0.015,24.85,16.39,0.0,8.45
2018-12-20,0.01,17.03,16.01,0.0,1.02
2018-12-21,0.008,16.82,15.95,0.0,0.87
2018-12-22,0.007,16.87,16.0,0.0,0.86
2018-12-23,0.006,16.81,15.96,0.0,0.85
2018-12-24,1.839,212.25,16.36,84.59,111.3
2018-12-25,1.325,154.57,18.51,58.75,77.3
2018-12-26,0.07,80.23,17.68,25.35,37.2
2018-12-27,0.012,21.88,16.68,0.0,5.19
2018-12-28,0.004,16.74,15.84,0.0,0.9
2018-12-29,0.006,16.5,15.63,0.0,0.87
2018-12-30,0.007,16.73,15.86,0.0,0.87
2018-12-31,0.004,17.43,16.6,0.0,0.84
2019-01-01,0.001,17.04,16.37,0.0,0.68
2019-01-02,0.001,16.74,15.95,0.0,0.79
2019-01-03,0.001,16.89,16.09,0.0,0.8
2019-01-04,0.001,16.7,15.9,0.0,0.81
2019-01-05,0.275,51.95,12.96,16.84,22.16
2019-01-06,7.713,264.18,29.31,98.68,136.19
2019-01-07,1.361,188.9,19.71,70.01,99.18
2019-01-08,0.084,82.15,17.35,25.8,39.0
2019-01-09,0.025,20.37,16.08,0.01,4.28
2019-01-10,0.023,17.01,15.88,0.01,1.12
2019-01-11,0.02,17.01,15.99,0.0,1.02
2019-01-12,0.017,16.84,15.86,0.0,0.98
2019-01-13,0.016,16.89,15.92,0.0,0.96
2019-01-14,0.012,17.04,16.12,0.0,0.92
2019-01-15,2.337,120.0,17.14,44.41,58.44
2019-01-16,7.178,284.36,25.48,110.06,148.82
2019-01-17,3.406,281.33,22.77,108.72,149.84
2019-01-18,0.33,107.9,17.37,38.58,51.95
2019-01-19,0.096,25.86,16.17,4.14,5.55
2019-01-20,0.994,78.07,14.79,27.32,35.95
2019-01-21,0.567,83.08,17.58,28.29,37.22
2019-01-22,0.093,28.31,16.44,5.13,6.74
2019-01-23,0.065,18.14,15.91,0.89,1.34
2019-01-24,0.057,17.66,15.94,0.58,1.14
2019-01-25,0.048,17.53,15.95,0.44,1.14
2019-01-26,0.041,17.26,15.95,0.18,1.13
2019-01-27,0.035,17.06,15.9,0.04,1.12
2019-01-28,0.032,17.05,15.91,0.02,1.12
2019-01-29,0.028,17.04,15.93,0.01,1.1
2019-01-30,0.026,17.0,15.9,0.01,1.09
2019-01-31,0.52,95.46,15.7,34.43,45.33
2019-02-01,0.256,62.71,13.63,20.94,28.14
2019-02-02,2.627,141.02,16.13,53.93,70.97
2019-02-03,1.133,138.51,17.55,52.23,68.73
2019-02-04,3.508,139.3,17.77,52.48,69.05
2019-02-05,0.972,69.11,17.04,22.48,29.59
2019-02-06,0.135,28.86,16.57,5.31,6.98
2019-02-07,0.083,18.39,15.98,1.04,1.37
2019-02-08,1.445,255.81,15.74,103.67,136.41
2019-02-09,1.323,128.88,15.02,49.17,64.7
2019-02-10,2.006,92.92,17.26,32.67,42.99
2019-02-11,0.216,39.98,16.86,9.98,13.14
2019-02-12,0.18,12.35,10.0,1.02,1.34
2019-02-13,10.727,304.48,29.41,115.35,159.72
2019-02-14,7.45,235.64,25.41,90.56,119.66
2019-02-15,1.826,102.84,16.67,37.2,48.96
2019-02-16,2.243,63.12,15.93,20.38,26.81
2019-02-17,1.21,52.49,16.02,15.75,20.73
2019-02-18,0.522,22.57,16.15,2.78,3.65
2019-02-19,0.4,18.1,15.96,0.93,1.22
2019-02-20,0.331,17.97,15.97,0.87,1.14
2019-02-21,0.269,17.97,15.97,0.86,1.14
2019-02-22,0.225,17.93,15.93,0.86,1.14
2019-02-23,0.198,17.92,15.92,0.86,1.14
2019-02-24,0.171,17.94,15.94,0.86,1.14
2019-02-25,0.143,17.96,15.96,0.86,1.14
2019-02-26,1.633,77.34,13.28,27.66,36.4
2019-02-27,4.092,163.4,21.96,61.08,80.36
2019-02-28,0.54,49.71,16.91,14.16,18.64
2019-03-01,0.261,19.62,16.02,1.56,2.05
2019-03-02,4.26,228.24,22.09,89.02,117.13
2019-03-03,0.686,70.21,16.85,23.04,30.32
2019-03-04,0.62,43.91,15.78,12.15,15.98
2019-03-05,0.745,73.54,15.05,25.26,33.24
2019-03-06,4.891,207.14,22.26,79.84,105.05
2019-03-07,1.05,47.51,16.47,13.41,17.64
2019-03-08,0.424,20.32,16.15,1.8,2.37
2019-03-09,0.327,18.02,15.95,0.89,1.18
2019-03-10,0.825,60.85,15.68,19.5,25.66
2019-03-11,0.314,24.38,16.34,3.47,4.57
2019-03-12,0.207,18.25,16.03,0.96,1.26
2019-03-13,0.16,17.98,15.98,0.87,1.14
2019-03-14,0.129,17.98,15.98,0.86,1.14
2019-03-15,0.102,18.0,16.0,0.86,1.14
2019-03-16,0.079,17.92,16.02,0.77,1.14
2019-03-17,0.062,17.74,15.99,0.61,1.14
2019-03-18,0.049,17.61,16.0,0.48,1.14
2019-03-19,0.037,17.44,16.1,0.21,1.13
2019-03-20,2.313,213.71,17.55,84.7,111.46
2019-03-21,0.264,100.78,17.25,36.07,47.46
2019-03-22,0.226,23.75,9.33,6.23,8.2
2019-03-23,1.691,117.16,16.77,43.35,57.04
2019-03-24,0.201,44.18,16.76,11.84,15.58
2019-03-25,2.614,264.32,21.76,104.74,137.82
2019-03-26,1.564,183.66,19.11,71.06,93.5
2019-03-27,0.984,95.17,15.67,34.33,45.17
2019-03-28,0.352,49.44,16.7,14.14,18.6
2019-03-29,0.191,19.46,16.03,1.48,1.95
2019-03-30,0.15,18.04,15.99,0.88,1.16
2019-03-31,0.116,18.01,16.01,0.86,1.14
2019-04-01,0.104,17.86,15.86,0.86,1.14
2019-04-02,0.29,49.53,15.67,14.62,19.24
2019-04-03,0.101,26.84,16.47,4.48,5.89
2019-04-04,0.064,18.15,16.0,0.83,1.32
2019-04-05,0.055,17.61,15.92,0.54,1.14
2019-04-06,0.05,17.39,15.87,0.38,1.14
2019-04-07,0.037,17.48,16.13,0.23,1.12
2019-04-08,0.026,17.24,16.12,0.02,1.1
2019-04-09,0.018,17.09,16.06,0.01,1.03
2019-04-10,0.014,16.93,15.95,0.0,0.97
2019-04-11,0.011,17.05,16.12,0.0,0.93
2019-04-12,0.008,16.87,15.99,0.0,0.88
2019-04-13,0.005,16.99,16.14,0.0,0.86
2019-04-14,0.003,17.31,16.49,0.0,0.81
2019-04-15,0.0,17.99,17.46,0.0,0.53
2019-04-16,0.162,35.16,15.66,8.37,11.12
2019-04-17,0.014,23.57,17.71,0.06,5.8
2019-04-18,0.002,18.15,17.1,0.0,1.05
2019-04-19,0.0,17.86,17.34,0.0,0.53
2019-04-20,0.0,18.19,18.08,0.0,0.11
2019-04-21,0.0,18.09,18.08,0.0,0.02
2019-04-22,0.0,18.08,18.08,0.0,0.0
2019-04-23,0.0,0.0,0.0,0.0,0.0
2019-04-24,0.0,0.0,0.0,0.0,0.0
2019-04-25,0.0,0.0,0.0,0.0,0.0
2019-04-26,0.0,0.0,0.0,0.0,0.0
2019-04-27,0.0,0.0,0.0,0.0,0.0
2019-04-28,0.0,0.0,0.0,0.0,0.0
2019-04-29,0.0,0.0,0.0,0.0,0.0
2019-04-30,0.0,0.0,0.0,0.0,0.0
2019-05-01,0.0,0.0,0.0,0.0,0.0
2019-05-02,0.0,0.0,0.0,0.0,0.0
2019-05-03,0.0,0.0,0.0,0.0,0.0
2019-05-04,0.0,0.0,0.0,0.0,0.0
2019-05-05,0.0,0.0,0.0,0.0,0.0
2019-05-06,0.0,0.0,0.0,0.0,0.0
2019-05-07,0.0,0.0,0.0,0.0,0.0
2019-05-08,0.0,0.0,0.0,0.0,0.0
2019-05-09,0.0,0.0,0.0,0.0,0.0
2019-05-10,0.0,0.0,0.0,0.0,0.0
2019-05-11,0.0,0.0,0.0,0.0,0.0
2019-05-12,0.0,0.0,0.0,0.0,0.0
2019-05-13,0.0,0.0,0.0,0.0,0.0
2019-05-14,0.0,0.0,0.0,0.0,0.0
2019-05-15,1.558,186.59,17.3,73.11,96.19
2019-05-16,1.939,137.36,17.83,51.62,67.92
2019-05-17,0.197,89.15,17.9,30.56,40.68
2019-05-18,1.986,136.65,15.54,52.25,68.86
2019-05-19,4.459,295.58,23.77,117.37,154.44
2019-05-20,0.296,150.37,17.6,57.33,75.44
2019-05-21,0.733,141.46,15.62,54.34,71.5
2019-05-22,0.134,81.08,17.15,27.53,36.4
2019-05-23,0.051,21.46,16.13,1.85,3.48
2019-05-24,0.039,17.48,16.0,0.28,1.2
2019-05-25,0.031,17.19,16.02,0.06,1.11
2019-05-26,0.022,16.98,15.91,0.01,1.06
2019-05-27,0.022,16.99,15.91,0.01,1.07
2019-05-28,0.019,17.03,15.98,0.01,1.04
2019-05-29,0.014,17.11,16.12,0.0,0.98
2019-05-30,0.01,16.87,15.96,0.0,0.91
2019-05-31,0.008,16.95,16.06,0.0,0.89
2019-06-01,0.004,17.33,16.48,0.0,0.84
2019-06-02,0.002,16.93,16.14,0.0,0.79
2019-06-03,0.001,17.0,16.22,0.0,0.78
2019-06-04,0.0,17.71,17.18,0.0,0.54
2019-06-05,0.0,17.55,17.13,0.0,0.42
2019-06-06,0.0,18.19,18.08,0.0,0.11
2019-06-07,0.0,18.1,18.08,0.0,0.02
2019-06-08,0.0,0.0,0.0,0.0,0.0
2019-06-09,0.0,0.0,0.0,0.0,0.0
2019-06-10,0.0,0.0,0.0,0.0,0.0
2019-06-11,0.0,0.0,0.0,0.0,0.0
2019-06-12,0.0,0.0,0.0,0.0,0.0
2019-06-13,0.0,0.0,0.0,0.0,0.0
2019-06-14,0.0,0.0,0.0,0.0,0.0
2019-06-15,0.0,0.0,0.0,0.0,0.0
2019-06-16,0.0,0.0,0.0,0.0,0.0
2019-06-17,0.0,0.0,0.0,0.0,0.0
2019-06-18,0.0,0.0,0.0,0.0,0.0
2019-06-19,0.0,0.0,0.0,0.0,0.0
2019-06-20,0.0,0.0,0.0,0.0,0.0
2019-06-21,0.0,0.0,0.0,0.0,0.0
2019-06-22,0.0,0.0,0.0,0.0,0.0
2019-06-23,0.0,0.0,0.0,0.0,0.0
2019-06-24,0.0,0.0,0.0,0.0,0.0
2019-06-25,0.0,0.0,0.0,0.0,0.0
2019-06-26,0.0,0.0,0.0,0.0,0.0
2019-06-27,0.0,0.0,0.0,0.0,0.0
2019-06-28,0.0,0.0,0.0,0.0,0.0
2019-06-29,0.0,0.0,0.0,0.0,0.0
2019-06-30,0.0,0.0,0.0,0.0,0.0
2019-07-01,0.0,0.0,0.0,0.0,0.0
2019-07-02,0.0,0.0,0.0,0.0,0.0
2019-07-03,0.0,0.0,0.0,0.0,0.0
2019-07-04,0.0,0.0,0.0,0.0,0.0
2019-07-05,0.0,0.0,0.0,0.0,0.0
2019-07-06,0.0,0.0,0.0,0.0,0.0
2019-07-07,0.0,0.0,0.0,0.0,0.0
2019-07-08,0.0,0.0,0.0,0.0,0.0
2019-07-09,0.0,0.0,0.0,0.0,0.0
2019-07-10,0.0,0.0,0.0,0.0,0.0
2019-07-11,0.0,0.0,0.0,0.0,0.0
2019-07-12,0.0,0.0,0.0,0.0,0.0
2019-07-13,0.0,0.0,0.0,0.0,0.0
2019-07-14,0.0,0.0,0.0,0.0,0.0
2019-07-15,0.0,0.0,0.0,0.0,0.0
2019-07-16,0.0,0.0,0.0,0.0,0.0
2019-07-17,0.0,0.0,0.0,0.0,0.0
2019-07-18,0.0,0.0,0.0,0.0,0.0
2019-07-19,0.0,0.0,0.0,0.0,0.0
2019-07-20,0.0,0.0,0.0,0.0,0.0
2019-07-21,0.0,0.0,0.0,0.0,0.0
2019-07-22,0.0,0.0,0.0,0.0,0.0
2019-07-23,0.0,0.0,0.0,0.0,0.0
2019-07-24,0.0,0.0,0.0,0.0,0.0
2019-07-25,0.0,0.0,0.0,0.0,0.0
2019-07-26,0.0,0.0,0.0,0.0,0.0
2019-07-27,0.0,0.0,0.0,0.0,0.0
2019-07-28,0.0,0.0,0.0,0.0,0.0
2019-07-29,0.0,0.0,0.0,0.0,0.0
2019-07-30,0.0,0.0,0.0,0.0,0.0
2019-07-31,0.0,0.0,0.0,0.0,0.0
2019-08-01,0.0,0.0,0.0,0.0,0.0
2019-08-02,0.0,0.0,0.0,0.0,0.0
2019-08-03,0.0,0.0,0.0,0.0,0.0
2019-08-04,0.0,0.0,0.0,0.0,0.0
2019-08-05,0.0,0.0,0.0,0.0,0.0
2019-08-06,0.0,0.0,0.0,0.0,0.0
2019-08-07,0.0,0.0,0.0,0.0,0.0
2019-08-08,0.0,0.0,0.0,0.0,0.0
2019-08-09,0.0,0.0,0.0,0.0,0.0
2019-08-10,0.0,0.0,0.0,0.0,0.0
2019-08-11,0.0,0.0,0.0,0.0,0.0
2019-08-12,0.0,0.0,0.0,0.0,0.0
2019-08-13,0.0,0.0,0.0,0.0,0.0
2019-08-14,0.0,0.0,0.0,0.0,0.0
2019-08-15,0.0,0.0,0.0,0.0,0.0
2019-08-16,0.0,0.0,0.0,0.0,0.0
2019-08-17,0.0,0.0,0.0,0.0,0.0
2019-08-18,0.0,0.0,0.0,0.0,0.0
2019-08-19,0.0,0.0,0.0,0.0,0.0
2019-08-20,0.0,0.0,0.0,0.0,0.0
2019-08-21,0.0,0.0,0.0,0.0,0.0
2019-08-22,0.0,0.0,0.0,0.0,0.0
2019-08-23,0.0,0.0,0.0,0.0,0.0
2019-08-24,0.0,0.0,0.0,0.0,0.0
2019-08-25,0.0,0.0,0.0,0.0,0.0
2019-08-26,0.0,0.0,0.0,0.0,0.0
2019-08-27,0.0,0.0,0.0,0.0,0.0
2019-08-28,0.0,0.0,0.0,0.0,0.0
2019-08-29,0.0,0.0,0.0,0.0,0.0
2019-08-30,0.0,0.0,0.0,0.0,0.0
2019-08-31,0.0,0.0,0.0,0.0,0.0
2019-09-01,0.0,0.0,0.0,0.0,0.0
2019-09-02,0.0,0.0,0.0,0.0,0.0
2019-09-03,0.0,0.0,0.0,0.0,0.0
2019-09-04,0.0,0.0,0.0,0.0,0.0
2019-09-05,0.0,0.0,0.0,0.0,0.0
2019-09-06,0.0,0.0,0.0,0.0,0.0
2019-09-07,0.0,0.0,0.0,0.0,0.0
2019-09-08,0.0,0.0,0.0,0.0,0.0
2019-09-09,0.0,0.0,0.0,0.0,0.0
2019-09-10,0.0,0.0,0.0,0.0,0.0
2019-09-11,0.0,0.0,0.0,0.0,0.0
2019-09-12,0.0,0.0,0.0,0.0,0.0
2019-09-13,0.0,0.0,0.0,0.0,0.0
2019-09-14,0.0,0.0,0.0,0.0,0.0
2019-09-15,0.0,0.0,0.0,0.0,0.0
2019-09-16,0.17,56.66,15.9,17.6,23.16
2019-09-17,0.022,43.78,18.07,7.06,18.65
2019-09-18,0.001,23.02,18.05,0.0,4.98
2019-09-19,0.0,18.38,17.57,0.0,0.81
2019-09-20,0.0,17.78,17.44,0.0,0.34
2019-09-21,0.0,18.19,18.08,0.0,0.11
2019-09-22,0.0,0.0,0.0,0.0,0.0
2019-09-23,0.0,0.0,0.0,0.0,0.0
2019-09-24,0.0,0.0,0.0,0.0,0.0
2019-09-25,0.0,0.0,0.0,0.0,0.0
2019-09-26,0.0,0.0,0.0,0.0,0.0
2019-09-27,0.0,0.0,0.0,0.0,0.0
2019-09-28,0.0,0.0,0.0,0.0,0.0
2019-09-29,0.0,0.0,0.0,0.0,0.0
2019-09-30,0.0,0.0,0.0,0.0,0.0
2019-10-01,0.0,0.0,0.0,0.0,0.0
2019-10-02,0.0,0.0,0.0,0.0,0.0
2019-10-03,0.0,0.0,0.0,0.0,0.0
2019-10-04,0.0,0.0,0.0,0.0,0.0
2019-10-05,0.0,0.0,0.0,0.0,0.0
2019-10-06,0.0,0.0,0.0,0.0,0.0
2019-10-07,0.0,0.0,0.0,0.0,0.0
2019-10-08,0.0,0.0,0.0,0.0,0.0
2019-10-09,0.0,0.0,0.0,0.0,0.0
2019-10-10,0.0,0.0,0.0,0.0,0.0
2019-10-11,0.0,0.0,0.0,0.0,0.0
2019-10-12,0.0,0.0,0.0,0.0,0.0
2019-10-13,0.0,0.0,0.0,0.0,0.0
2019-10-14,0.0,0.0,0.0,0.0,0.0
2019-10-15,0.0,0.0,0.0,0.0,0.0
2019-10-16,0.0,0.0,0.0,0.0,0.0
2019-10-17,0.0,0.0,0.0,0.0,0.0
2019-10-18,0.0,0.0,0.0,0.0,0.0
2019-10-19,0.0,0.0,0.0,0.0,0.0
2019-10-20,0.0,0.0,0.0,0.0,0.0
2019-10-21,0.0,0.0,0.0,0.0,0.0
2019-10-22,0.0,0.0,0.0,0.0,0.0
2019-10-23,0.0,0.0,0.0,0.0,0.0
2019-10-24,0.0,0.0,0.0,0.0,0.0
2019-10-25,0.0,0.0,0.0,0.0,0.0
2019-10-26,0.0,0.0,0.0,0.0,0.0
2019-10-27,0.0,0.0,0.0,0.0,0.0
2019-10-28,0.0,0.0,0.0,0.0,0.0
2019-10-29,0.0,0.0,0.0,0.0,0.0
2019-10-30,0.0,0.0,0.0,0.0,0.0
2019-10-31,0.0,0.0,0.0,0.0,0.0
2019-11-01,0.0,0.0,0.0,0.0,0.0
2019-11-02,0.0,0.0,0.0,0.0,0.0
2019-11-03,0.0,0.0,0.0,0.0,0.0
2019-11-04,0.0,0.0,0.0,0.0,0.0
2019-11-05,0.0,0.0,0.0,0.0,0.0
2019-11-06,0.0,0.0,0.0,0.0,0.0
2019-11-07,0.0,0.0,0.0,0.0,0.0
2019-11-08,0.0,0.0,0.0,0.0,0.0
2019-11-09,0.0,0.0,0.0,0.0,0.0
2019-11-10,0.0,0.0,0.0,0.0,0.0
2019-11-11,0.0,0.0,0.0,0.0,0.0
2019-11-12,0.0,0.0,0.0,0.0,0.0
2019-11-13,0.0,0.0,0.0,0.0,0.0
2019-11-14,0.0,0.0,0.0,0.0,0.0
2019-11-15,0.0,0.0,0.0,0.0,0.0
2019-11-16,0.0,0.0,0.0,0.0,0.0
2019-11-17,0.0,0.0,0.0,0.0,0.0
2019-11-18,0.0,0.0,0.0,0.0,0.0
2019-11-19,0.0,0.0,0.0,0.0,0.0
2019-11-20,0.0,0.0,0.0,0.0,0.0
2019-11-21,0.0,0.0,0.0,0.0,0.0
2019-11-22,0.0,0.0,0.0,0.0,0.0
2019-11-23,0.0,0.0,0.0,0.0,0.0
2019-11-24,0.0,0.0,0.0,0.0,0.0
2019-11-25,0.0,0.0,0.0,0.0,0.0
2019-11-26,2.711,456.75,24.48,186.65,245.62
2019-11-27,2.673,270.61,20.87,107.84,141.9
2019-11-28,0.144,119.41,18.0,42.99,58.42
2019-11-29,0.009,37.38,17.26,0.0,20.11
2019-11-30,0.275,66.91,14.75,22.41,29.75
2019-12-01,0.592,53.77,14.79,16.82,22.16
2019-12-02,2.318,102.61,16.17,37.32,49.11
2019-12-03,0.252,99.13,18.0,34.98,46.15
2019-12-04,1.12,100.88,15.67,36.69,48.53
2019-12-05,0.099,64.66,17.89,19.46,27.31
2019-12-06,0.255,87.92,10.11,33.5,44.32
2019-12-07,3.632,230.43,20.29,90.74,119.4
2019-12-08,2.643,139.41,17.72,52.55,69.14
2019-12-09,0.182,84.63,17.88,28.67,38.07
2019-12-10,0.202,92.95,11.94,34.59,46.42
2019-12-11,0.398,127.49,17.74,47.39,62.36
2019-12-12,0.6,63.48,15.41,20.75,27.31
2019-12-13,0.156,53.75,16.89,15.66,21.2
2019-12-14,0.07,33.42,17.68,5.89,9.85
2019-12-15,0.008,18.97,16.72,0.0,2.25
2019-12-16,0.005,16.92,16.07,0.0,0.85
2019-12-17,0.003,16.84,16.04,0.0,0.8
2019-12-18,0.592,56.65,14.55,18.18,23.92
2019-12-19,0.935,55.99,16.49,17.06,22.44
2019-12-20,0.068,41.25,17.85,9.42,13.97
2019-12-21,0.007,19.92,16.88,0.0,3.04
2019-12-22,2.24,195.67,16.88,77.2,101.58
2019-12-23,0.296,145.11,18.0,54.89,72.22
2019-12-24,0.019,48.84,17.36,3.54,27.94
2019-12-25,0.6,110.28,15.62,40.87,53.79
2019-12-26,0.059,85.17,17.92,26.57,40.69
2019-12-27,0.008,22.66,16.46,0.0,6.2
2019-12-28,0.005,16.92,16.01,0.0,0.91
2019-12-29,0.786,109.35,13.2,41.52,54.63
2019-12-30,0.891,135.76,18.06,50.83,66.88
2019-12-31,0.043,74.02,17.75,21.17,35.1
2020-01-01,0.007,20.6,16.39,0.0,4.21
2020-01-02,0.005,16.89,16.02,0.0,0.87
2020-01-03,0.004,16.79,15.96,0.0,0.84
2020-01-04,0.003,17.03,16.21,0.0,0.82
2020-01-05,0.002,16.95,16.17,0.0,0.78
2020-01-06,0.001,16.78,15.97,0.0,0.81
2020-01-07,0.001,16.87,16.08,0.0,0.79
2020-01-08,0.001,16.89,16.12,0.0,0.77
2020-01-09,0.516,78.47,15.54,27.11,35.83
2020-01-10,0.066,65.81,18.03,19.12,28.66
2020-01-11,0.004,26.2,17.5,0.0,8.7
2020-01-12,0.001,17.04,16.08,0.0,0.95
2020-01-13,0.001,16.94,16.14,0.0,0.8
2020-01-14,0.001,16.58,15.79,0.0,0.79
2020-01-15,0.001,16.78,15.97,0.0,0.82
2020-01-16,5.556,485.35,26.5,196.61,262.25
2020-01-17,0.887,201.68,18.02,78.77,104.89
2020-01-18,0.049,96.87,17.58,30.39,48.9
2020-01-19,0.01,21.6,16.33,0.0,5.28
2020-01-20,0.008,16.8,15.88,0.0,0.92
2020-01-21,0.112,36.91,10.37,11.4,15.14
2020-01-22,0.365,52.47,17.39,15.14,19.95
2020-01-23,0.025,28.86,17.47,3.04,8.35
2020-01-24,0.007,17.25,16.08,0.0,1.17
2020-01-25,0.006,16.9,16.05,0.0,0.85
2020-01-26,0.419,62.3,15.61,20.16,26.53
2020-01-27,0.045,46.43,17.8,10.83,17.81
2020-01-28,0.007,19.07,16.48,0.0,2.59
2020-01-29,0.004,16.87,16.02,0.0,0.85
2020-01-30,0.004,16.71,15.88,0.0,0.83
2020-01-31,0.003,16.83,16.0,0.0,0.83
2020-02-01,0.002,16.87,16.06,0.0,0.81
2020-02-02,0.002,17.23,16.43,0.0,0.8
2020-02-03,0.0,17.17,16.5,0.0,0.67
2020-02-04,0.0,16.71,15.96,0.0,0.75
2020-02-05,0.0,16.7,15.89,0.0,0.81
2020-02-06,0.0,16.84,16.05,0.0,0.79
2020-02-07,0.0,16.93,16.15,0.0,0.78
2020-02-08,0.0,17.11,16.32,0.0,0.78
2020-02-09,0.0,18.34,17.72,0.0,0.61
2020-02-10,0.0,18.18,18.08,0.0,0.1
2020-02-11,0.0,18.1,18.08,0.0,0.02
2020-02-12,0.0,0.0,0.0,0.0,0.0
2020-02-13,0.0,0.0,0.0,0.0,0.0
2020-02-14,0.0,0.0,0.0,0.0,0.0
2020-02-15,0.0,0.0,0.0,0.0,0.0
2020-02-16,0.0,0.0,0.0,0.0,0.0
2020-02-17,0.0,0.0,0.0,0.0,0.0
2020-02-18,0.0,0.0,0.0,0.0,0.0
2020-02-19,0.0,0.0,0.0,0.0,0.0
2020-02-20,0.0,0.0,0.0,0.0,0.0
2020-02-21,0.0,0.0,0.0,0.0,0.0
2020-02-22,0.0,0.0,0.0,0.0,0.0
2020-02-23,0.0,0.0,0.0,0.0,0.0
2020-02-24,0.0,0.0,0.0,0.0,0.0
2020-02-25,0.0,0.0,0.0,0.0,0.0
2020-02-26,0.0,0.0,0.0,0.0,0.0
2020-02-27,0.0,0.0,0.0,0.0,0.0
2020-02-28,0.0,0.0,0.0,0.0,0.0
2020-02-29,0.0,0.0,0.0,0.0,0.0
2020-03-01,0.0,0.0,0.0,0.0,0.0
2020-03-02,0.0,0.0,0.0,0.0,0.0
2020-03-03,0.0,0.0,0.0,0.0,0.0
2020-03-04,0.0,0.0,0.0,0.0,0.0
2020-03-05,0.0,0.0,0.0,0.0,0.0
2020-03-06,0.0,0.0,0.0,0.0,0.0
2020-03-07,0.0,0.0,0.0,0.0,0.0
2020-03-08,0.0,0.0,0.0,0.0,0.0
2020-03-09,0.0,0.0,0.0,0.0,0.0
2020-03-10,0.0,0.0,0.0,0.0,0.0
2020-03-11,0.0,0.0,0.0,0.0,0.0
2020-03-12,0.0,0.0,0.0,0.0,0.0
2020-03-13,0.0,0.0,0.0,0.0,0.0
2020-03-14,1.672,143.58,16.32,54.95,72.31
2020-03-15,2.34,80.15,15.43,27.94,36.77
2020-03-16,2.407,99.47,17.58,35.36,46.53
2020-03-17,0.132,72.92,17.96,23.24,31.73
2020-03-18,0.011,25.7,16.87,0.0,8.84
2020-03-19,0.006,17.04,16.06,0.0,0.98
2020-03-20,0.004,16.92,16.09,0.0,0.84
2020-03-21,0.003,16.79,15.98,0.0,0.81
2020-03-22,0.002,16.8,15.99,0.0,0.81
2020-03-23,0.002,16.8,15.99,0.0,0.8
2020-03-24,0.002,16.75,15.94,0.0,0.81
2020-03-25,0.001,16.79,16.0,0.0,0.8
2020-03-26,0.001,16.77,15.98,0.0,0.8
2020-03-27,0.001,16.82,16.03,0.0,0.79
2020-03-28,0.001,16.63,15.82,0.0,0.81
2020-03-29,0.001,16.81,16.02,0.0,0.79
2020-03-30,0.0,16.78,15.98,0.0,0.79
2020-03-31,0.0,16.81,16.02,0.0,0.79
2020-04-01,0.0,16.94,16.15,0.0,0.79
2020-04-02,0.0,16.75,15.95,0.0,0.79
2020-04-03,0.0,16.92,16.12,0.0,0.8
2020-04-04,0.753,124.82,13.97,47.86,62.99
2020-04-05,4.361,261.87,23.18,103.07,135.62
2020-04-06,1.321,163.76,15.93,63.84,84.0
2020-04-07,0.339,136.89,18.0,51.34,67.55
2020-04-08,0.022,49.98,17.3,6.22,26.46
2020-04-09,0.007,18.09,16.18,0.0,1.91
2020-04-10,0.004,16.95,16.11,0.0,0.84
2020-04-11,0.003,16.84,16.03,0.0,0.81
2020-04-12,0.002,16.8,15.99,0.0,0.81
2020-04-13,0.002,16.82,16.02,0.0,0.8
2020-04-14,0.001,16.87,16.08,0.0,0.79
2020-04-15,0.001,16.82,16.02,0.0,0.8
2020-04-16,0.001,16.71,15.91,0.0,0.81
2020-04-17,0.001,16.87,16.08,0.0,0.79
2020-04-18,0.0,16.83,16.04,0.0,0.79
2020-04-19,0.0,16.86,16.07,0.0,0.79
2020-04-20,0.0,16.81,16.02,0.0,0.8
2020-04-21,0.0,16.77,15.98,0.0,0.79
2020-04-22,0.0,16.97,16.18,0.0,0.79
2020-04-23,0.0,17.0,16.22,0.0,0.78
2020-04-24,0.0,17.26,16.51,0.0,0.75
2020-04-25,0.0,17.17,16.47,0.0,0.7
2020-04-26,0.0,18.24,18.08,0.0,0.16
2020-04-27,0.0,18.11,18.08,0.0,0.03
2020-04-28,0.0,0.0,0.0,0.0,0.0
2020-04-29,0.0,0.0,0.0,0.0,0.0
2020-04-30,0.0,0.0,0.0,0.0,0.0
2020-05-01,0.0,0.0,0.0,0.0,0.0
2020-05-02,0.0,0.0,0.0,0.0,0.0
2020-05-03,0.0,0.0,0.0,0.0,0.0
2020-05-04,0.0,0.0,0.0,0.0,0.0
2020-05-05,0.0,0.0,0.0,0.0,0.0
2020-05-06,0.0,0.0,0.0,0.0,0.0
2020-05-07,0.0,0.0,0.0,0.0,0.0
2020-05-08,0.0,0.0,0.0,0.0,0.0
2020-05-09,0.0,0.0,0.0,0.0,0.0
2020-05-10,0.0,0.0,0.0,0.0,0.0
2020-05-11,0.0,0.0,0.0,0.0,0.0
2020-05-12,0.0,0.0,0.0,0.0,0.0
2020-05-13,0.0,0.0,0.0,0.0,0.0
2020-05-14,0.0,0.0,0.0,0.0,0.0
2020-05-15,0.0,0.0,0.0,0.0,0.0
2020-05-16,0.0,0.0,0.0,0.0,0.0
2020-05-17,0.855,123.71,16.56,46.27,60.89
2020-05-18,0.689,134.65,15.99,51.24,67.42
2020-05-19,0.037,85.18,17.96,24.29,42.93
2020-05-20,0.002,28.81,17.61,0.0,11.2
2020-05-21,0.0,17.37,16.33,0.0,1.04
2020-05-22,0.0,16.82,16.03,0.0,0.79
2020-05-23,0.0,16.79,15.99,0.0,0.8
2020-05-24,0.0,16.86,16.07,0.0,0.79
2020-05-25,0.0,17.08,16.3,0.0,0.78
2020-05-26,0.0,17.28,16.52,0.0,0.77
2020-05-27,0.0,17.05,16.35,0.0,0.7
2020-05-28,0.0,18.24,18.08,0.0,0.17
2020-05-29,0.0,18.11,18.08,0.0,0.03
2020-05-30,0.0,0.0,0.0,0.0,0.0
2020-05-31,0.0,0.0,0.0,0.0,0.0
2020-06-01,0.0,0.0,0.0,0.0,0.0
2020-06-02,0.0,0.0,0.0,0.0,0.0
2020-06-03,0.0,0.0,0.0,0.0,0.0
2020-06-04,0.0,0.0,0.0,0.0,0.0
2020-06-05,0.0,0.0,0.0,0.0,0.0
2020-06-06,0.0,0.0,0.0,0.0,0.0
2020-06-07,0.0,0.0,0.0,0.0,0.0
2020-06-08,0.0,0.0,0.0,0.0,0.0
2020-06-09,0.0,0.0,0.0,0.0,0.0
2020-06-10,0.0,0.0,0.0,0.0,0.0
2020-06-11,0.0,0.0,0.0,0.0,0.0
2020-06-12,0.0,0.0,0.0,0.0,0.0
2020-06-13,0.0,0.0,0.0,0.0,0.0
2020-06-14,0.0,0.0,0.0,0.0,0.0
2020-06-15,0.0,0.0,0.0,0.0,0.0
2020-06-16,0.0,0.0,0.0,0.0,0.0
2020-06-17,0.0,0.0,0.0,0.0,0.0
2020-06-18,0.0,0.0,0.0,0.0,0.0
2020-06-19,0.0,0.0,0.0,0.0,0.0
2020-06-20,0.0,0.0,0.0,0.0,0.0
2020-06-21,0.0,0.0,0.0,0.0,0.0
2020-06-22,0.0,0.0,0.0,0.0,0.0
2020-06-23,0.0,0.0,0.0,0.0,0.0
2020-06-24,0.0,0.0,0.0,0.0,0.0
2020-06-25,0.0,0.0,0.0,0.0,0.0
2020-06-26,0.0,0.0,0.0,0.0,0.0
2020-06-27,0.0,0.0,0.0,0.0,0.0
2020-06-28,0.0,0.0,0.0,0.0,0.0
2020-06-29,0.0,0.0,0.0,0.0,0.0
2020-06-30,0.0,0.0,0.0,0.0,0.0
2020-07-01,0.0,0.0,0.0,0.0,0.0
2020-07-02,0.0,0.0,0.0,0.0,0.0
2020-07-03,0.0,0.0,0.0,0.0,0.0
2020-07-04,0.0,0.0,0.0,0.0,0.0
2020-07-05,0.0,0.0,0.0,0.0,0.0
2020-07-06,0.0,0.0,0.0,0.0,0.0
2020-07-07,0.0,0.0,0.0,0.0,0.0
2020-07-08,0.0,0.0,0.0,0.0,0.0
2020-07-09,0.0,0.0,0.0,0.0,0.0
2020-07-10,0.0,0.0,0.0,0.0,0.0
2020-07-11,0.0,0.0,0.0,0.0,0.0
2020-07-12,0.0,0.0,0.0,0.0,0.0
2020-07-13,0.0,0.0,0.0,0.0,0.0
2020-07-14,0.0,0.0,0.0,0.0,0.0
2020-07-15,0.0,0.0,0.0,0.0,0.0
2020-07-16,0.0,0.0,0.0,0.0,0.0
2020-07-17,0.0,0.0,0.0,0.0,0.0
2020-07-18,0.0,0.0,0.0,0.0,0.0
2020-07-19,0.0,0.0,0.0,0.0,0.0
2020-07-20,0.0,0.0,0.0,0.0,0.0
2020-07-21,0.0,0.0,0.0,0.0,0.0
2020-07-22,0.0,0.0,0.0,0.0,0.0
2020-07-23,0.0,0.0,0.0,0.0,0.0
2020-07-24,0.0,0.0,0.0,0.0,0.0
2020-07-25,0.0,0.0,0.0,0.0,0.0
2020-07-26,0.0,0.0,0.0,0.0,0.0
2020-07-27,0.0,0.0,0.0,0.0,0.0
2020-07-28,0.0,0.0,0.0,0.0,0.0
2020-07-29,0.0,0.0,0.0,0.0,0.0
2020-07-30,0.0,0.0,0.0,0.0,0.0
2020-07-31,0.0,0.0,0.0,0.0,0.0
2020-08-01,0.0,0.0,0.0,0.0,0.0
2020-08-02,0.0,0.0,0.0,0.0,0.0
2020-08-03,0.0,0.0,0.0,0.0,0.0
2020-08-04,0.0,0.0,0.0,0.0,0.0
2020-08-05,0.0,0.0,0.0,0.0,0.0
2020-08-06,0.0,0.0,0.0,0.0,0.0
2020-08-07,0.0,0.0,0.0,0.0,0.0
2020-08-08,0.0,0.0,0.0,0.0,0.0
2020-08-09,0.0,0.0,0.0,0.0,0.0
2020-08-10,0.0,0.0,0.0,0.0,0.0
2020-08-11,0.0,0.0,0.0,0.0,0.0
2020-08-12,0.0,0.0,0.0,0.0,0.0
2020-08-13,0.0,0.0,0.0,0.0,0.0
2020-08-14,0.0,0.0,0.0,0.0,0.0
2020-08-15,0.0,0.0,0.0,0.0,0.0
2020-08-16,0.0,0.0,0.0,0.0,0.0
2020-08-17,0.0,0.0,0.0,0.0,0.0
2020-08-18,0.0,0.0,0.0,0.0,0.0
2020-08-19,0.0,0.0,0.0,0.0,0.0
2020-08-20,0.0,0.0,0.0,0.0,0.0
2020-08-21,0.0,0.0,0.0,0.0,0.0
2020-08-22,0.0,0.0,0.0,0.0,0.0
2020-08-23,0.0,0.0,0.0,0.0,0.0
2020-08-24,0.0,0.0,0.0,0.0,0.0
2020-08-25,0.0,0.0,0.0,0.0,0.0
2020-08-26,0.0,0.0,0.0,0.0,0.0
2020-08-27,0.0,0.0,0.0,0.0,0.0
2020-08-28,0.0,0.0,0.0,0.0,0.0
2020-08-29,0.0,0.0,0.0,0.0,0.0
2020-08-30,0.0,0.0,0.0,0.0,0.0
2020-08-31,0.0,0.0,0.0,0.0,0.0
2020-09-01,0.0,0.0,0.0,0.0,0.0
2020-09-02,0.0,0.0,0.0,0.0,0.0
2020-09-03,0.0,0.0,0.0,0.0,0.0
2020-09-04,0.0,0.0,0.0,0.0,0.0
2020-09-05,0.0,0.0,0.0,0.0,0.0
2020-09-06,0.0,0.0,0.0,0.0,0.0
2020-09-07,0.0,0.0,0.0,0.0,0.0
2020-09-08,0.0,0.0,0.0,0.0,0.0
2020-09-09,0.0,0.0,0.0,0.0,0.0
2020-09-10,0.0,0.0,0.0,0.0,0.0
2020-09-11,0.0,0.0,0.0,0.0,0.0
2020-09-12,0.0,0.0,0.0,0.0,0.0
2020-09-13,0.0,0.0,0.0,0.0,0.0
2020-09-14,0.0,0.0,0.0,0.0,0.0
2020-09-15,0.0,0.0,0.0,0.0,0.0
2020-09-16,0.0,0.0,0.0,0.0,0.0
2020-09-17,0.0,0.0,0.0,0.0,0.0
2020-09-18,0.0,0.0,0.0,0.0,0.0
2020-09-19,0.0,0.0,0.0,0.0,0.0
2020-09-20,0.0,0.0,0.0,0.0,0.0
2020-09-21,0.0,0.0,0.0,0.0,0.0
2020-09-22,0.0,0.0,0.0,0.0,0.0
2020-09-23,0.0,0.0,0.0,0.0,0.0
2020-09-24,0.0,0.0,0.0,0.0,0.0
2020-09-25,0.0,0.0,0.0,0.0,0.0
2020-09-26,0.0,0.0,0.0,0.0,0.0
2020-09-27,0.0,0.0,0.0,0.0,0.0
2020-09-28,0.0,0.0,0.0,0.0,0.0
2020-09-29,0.0,0.0,0.0,0.0,0.0
2020-09-30,0.0,0.0,0.0,0.0,0.0
2020-10-01,0.0,0.0,0.0,0.0,0.0
2020-10-02,0.0,0.0,0.0,0.0,0.0
2020-10-03,0.0,0.0,0.0,0.0,0.0
2020-10-04,0.0,0.0,0.0,0.0,0.0
2020-10-05,0.0,0.0,0.0,0.0,0.0
2020-10-06,0.0,0.0,0.0,0.0,0.0
2020-10-07,0.0,0.0,0.0,0.0,0.0
2020-10-08,0.0,0.0,0.0,0.0,0.0
2020-10-09,0.0,0.0,0.0,0.0,0.0
2020-10-10,0.0,0.0,0.0,0.0,0.0
2020-10-11,0.0,0.0,0.0,0.0,0.0
2020-10-12,0.0,0.0,0.0,0.0,0.0
2020-10-13,0.0,0.0,0.0,0.0,0.0
2020-10-14,0.0,0.0,0.0,0.0,0.0
2020-10-15,0.0,0.0,0.0,0.0,0.0
2020-10-16,0.0,0.0,0.0,0.0,0.0
2020-10-17,0.0,0.0,0.0,0.0,0.0
2020-10-18,0.0,0.0,0.0,0.0,0.0
2020-10-19,0.0,0.0,0.0,0.0,0.0
2020-10-20,0.0,0.0,0.0,0.0,0.0
2020-10-21,0.0,0.0,0.0,0.0,0.0
2020-10-22,0.0,0.0,0.0,0.0,0.0
2020-10-23,0.0,0.0,0.0,0.0,0.0
2020-10-24,0.0,0.0,0.0,0.0,0.0
2020-10-25,0.0,0.0,0.0,0.0,0.0
2020-10-26,0.0,0.0,0.0,0.0,0.0
2020-10-27,0.0,0.0,0.0,0.0,0.0
2020-10-28,0.0,0.0,0.0,0.0,0.0
2020-10-29,0.0,0.0,0.0,0.0,0.0
2020-10-30,0.0,0.0,0.0,0.0,0.0
2020-10-31,0.0,0.0,0.0,0.0,0.0
2020-11-01,0.0,0.0,0.0,0.0,0.0
2020-11-02,0.0,0.0,0.0,0.0,0.0
2020-11-03,0.0,0.0,0.0,0.0,0.0
2020-11-04,0.0,0.0,0.0,0.0,0.0
2020-11-05,0.0,0.0,0.0,0.0,0.0
2020-11-06,0.0,0.0,0.0,0.0,0.0
2020-11-07,0.0,0.0,0.0,0.0,0.0
2020-11-08,0.0,0.0,0.0,0.0,0.0
2020-11-09,0.0,0.0,0.0,0.0,0.0
2020-11-10,0.0,0.0,0.0,0.0,0.0
2020-11-11,0.0,0.0,0.0,0.0,0.0
2020-11-12,0.0,0.0,0.0,0.0,0.0
2020-11-13,0.0,0.0,0.0,0.0,0.0
2020-11-14,0.0,0.0,0.0,0.0,0.0
2020-11-15,0.0,0.0,0.0,0.0,0.0
2020-11-16,0.0,0.0,0.0,0.0,0.0
2020-11-17,0.136,52.98,14.75,16.5,21.73
2020-11-18,0.574,48.33,15.9,14.01,18.43
2020-11-19,0.048,43.06,18.07,9.56,15.43
2020-11-20,0.002,23.05,17.89,0.0,5.16
2020-11-21,0.0,17.55,16.71,0.0,0.84
2020-11-22,0.0,16.96,16.19,0.0,0.78
2020-11-23,0.0,16.38,15.58,0.0,0.8
2020-11-24,0.0,16.72,15.91,0.0,0.8
2020-11-25,0.0,16.89,16.1,0.0,0.79
2020-11-26,0.0,17.3,16.53,0.0,0.78
2020-11-27,0.0,16.08,15.3,0.0,0.77
2020-11-28,0.0,16.57,15.76,0.0,0.81
2020-11-29,0.0,16.82,16.02,0.0,0.8
2020-11-30,0.0,16.74,15.95,0.0,0.79
2020-12-01,0.0,16.8,16.0,0.0,0.8
2020-12-02,0.0,17.19,16.4,0.0,0.79
2020-12-03,0.0,16.94,16.18,0.0,0.76
2020-12-04,0.0,17.24,16.55,0.0,0.69
2020-12-05,0.0,17.37,16.85,0.0,0.51
2020-12-06,0.0,18.31,18.08,0.0,0.24
2020-12-07,0.0,0.0,0.0,0.0,0.0
2020-12-08,0.0,0.0,0.0,0.0,0.0
2020-12-09,0.0,0.0,0.0,0.0,0.0
2020-12-10,0.0,0.0,0.0,0.0,0.0
2020-12-11,0.008,0.38,0.31,0.02,0.05
2020-12-12,0.691,69.11,15.89,22.98,30.24
2020-12-13,3.851,146.64,19.67,54.83,72.14
2020-12-14,0.537,99.79,18.03,35.31,46.46
2020-12-15,0.026,52.22,17.8,10.3,24.13
2020-12-16,0.006,12.56,10.81,0.0,1.75
2020-12-17,2.841,118.79,17.22,43.86,57.71
2020-12-18,0.195,83.89,18.01,28.25,37.64
2020-12-19,0.013,30.69,17.21,0.01,13.48
2020-12-20,0.005,17.23,16.07,0.0,1.15
2020-12-21,0.004,16.8,15.97,0.0,0.83
2020-12-22,0.003,16.76,15.94,0.0,0.82
2020-12-23,0.003,16.8,15.98,0.0,0.81
2020-12-24,0.002,16.73,15.91,0.0,0.81
2020-12-25,0.002,16.72,15.9,0.0,0.82
2020-12-26,0.002,16.74,15.93,0.0,0.81
2020-12-27,0.002,16.73,15.92,0.0,0.81
2020-12-28,0.001,16.71,15.9,0.0,0.81
2020-12-29,0.001,16.75,15.95,0.0,0.8
2020-12-30,0.001,16.75,15.95,0.0,0.8
2020-12-31,0.001,16.7,15.9,0.0,0.8
2021-01-01,0.001,16.71,15.91,0.0,0.8
2021-01-02,0.06,31.72,14.69,7.28,9.75
2021-01-03,0.033,30.01,17.82,4.1,8.09
2021-01-04,2.252,125.48,17.87,46.46,61.16
2021-01-05,0.523,111.1,18.05,40.18,52.87
2021-01-06,0.025,56.9,17.8,11.46,27.65
2021-01-07,0.004,19.44,16.43,0.0,3.01
2021-01-08,0.002,16.83,16.0,0.0,0.83
2021-01-09,0.002,16.77,15.95,0.0,0.81
2021-01-10,0.002,16.75,15.95,0.0,0.8
2021-01-11,0.001,16.74,15.94,0.0,0.8
2021-01-12,0.001,16.72,15.91,0.0,0.81
2021-01-13,0.001,16.78,15.99,0.0,0.79
2021-01-14,0.001,16.74,15.94,0.0,0.8
2021-01-15,0.001,16.77,15.97,0.0,0.8
2021-01-16,0.001,16.78,15.99,0.0,0.79
2021-01-17,0.0,16.74,15.94,0.0,0.8
2021-01-18,0.0,17.43,16.66,0.0,0.77
2021-01-19,0.0,17.36,16.98,0.0,0.38
2021-01-20,0.0,15.93,15.08,0.0,0.84
2021-01-21,0.0,16.87,16.06,0.0,0.81
2021-01-22,0.367,125.3,15.34,47.48,62.48
2021-01-23,0.08,108.0,18.02,36.78,53.2
2021-01-24,0.004,38.15,17.85,0.0,20.29
2021-01-25,0.0,19.06,16.98,0.0,2.08
2021-01-26,0.491,110.65,4.93,45.65,60.07
2021-01-27,3.939,218.83,22.08,84.96,111.79
2021-01-28,4.254,111.6,18.7,40.12,52.79
2021-01-29,3.022,144.6,19.04,54.22,71.34
2021-01-30,0.186,91.52,17.88,31.64,42.0
2021-01-31,0.019,27.69,16.83,0.03,10.83
2021-02-01,0.594,82.7,9.48,31.61,41.61
2021-02-02,5.025,145.84,23.06,53.02,69.76
2021-02-03,0.264,87.55,17.9,30.07,39.57
2021-02-04,0.028,29.23,16.72,2.32,10.18
2021-02-05,0.015,17.25,16.0,0.0,1.24
2021-02-06,0.012,16.93,16.0,0.0,0.92
2021-02-07,0.009,16.9,16.01,0.0,0.89
2021-02-08,0.007,17.07,16.2,0.0,0.87
2021-02-09,0.004,16.9,16.1,0.0,0.79
2021-02-10,0.003,16.58,15.75,0.0,0.82
2021-02-11,1.277,174.53,17.21,67.94,89.39
2021-02-12,1.169,181.1,18.7,70.13,92.27
2021-02-13,0.055,99.33,17.86,31.93,49.54
2021-02-14,0.006,25.29,16.67,0.0,8.62
2021-02-15,1.802,102.53,15.61,37.53,49.38
2021-02-16,0.261,77.98,17.98,25.89,34.11
2021-02-17,0.018,30.46,17.27,0.64,12.55
2021-02-18,0.006,17.5,16.25,0.0,1.25
2021-02-19,0.003,16.5,15.69,0.0,0.8
2021-02-20,0.003,16.81,16.0,0.0,0.81
2021-02-21,0.003,16.79,15.95,0.0,0.85
2021-02-22,0.002,16.92,16.11,0.0,0.81
2021-02-23,0.001,17.13,16.34,0.0,0.79
2021-02-24,0.001,17.15,16.41,0.0,0.74
2021-02-25,0.0,16.65,15.9,0.0,0.75
2021-02-26,0.0,16.97,16.18,0.0,0.79
2021-02-27,0.0,17.01,16.23,0.0,0.78
2021-02-28,0.0,16.96,16.19,0.0,0.77
2021-03-01,0.0,17.29,16.51,0.0,0.78
2021-03-02,0.0,17.64,17.1,0.0,0.54
2021-03-03,0.0,18.22,18.08,0.0,0.14
2021-03-04,0.0,18.11,18.08,0.0,0.03
2021-03-05,0.0,0.0,0.0,0.0,0.0
2021-03-06,0.323,85.25,17.15,29.41,38.69
2021-03-07,0.022,51.8,18.04,9.17,24.59
2021-03-08,0.001,23.78,17.84,0.0,5.94
2021-03-09,0.047,0.92,0.57,0.03,0.32
2021-03-10,2.058,88.43,15.25,31.58,41.59
2021-03-11,2.531,151.29,19.13,57.07,75.09
2021-03-12,0.143,78.12,17.93,25.53,34.66
2021-03-13,0.013,26.5,16.93,0.0,9.57
2021-03-14,0.29,82.37,12.11,30.33,39.93
2021-03-15,0.467,102.56,18.06,36.49,48.01
2021-03-16,0.024,50.13,17.66,8.81,23.66
2021-03-17,0.004,18.78,16.45,0.0,2.34
2021-03-18,0.953,86.86,14.26,31.35,41.25
2021-03-19,0.647,83.31,18.06,28.18,37.08
2021-03-20,0.031,47.43,17.77,9.96,19.7
2021-03-21,0.005,19.02,16.57,0.0,2.45
2021-03-22,0.002,16.92,16.11,0.0,0.81
2021-03-23,0.001,17.0,16.22,0.0,0.78
2021-03-24,0.001,16.76,15.98,0.0,0.79
2021-03-25,0.001,16.78,15.98,0.0,0.8
2021-03-26,0.001,16.84,16.05,0.0,0.79
2021-03-27,0.0,16.86,16.07,0.0,0.79
2021-03-28,0.0,16.92,16.13,0.0,0.79
2021-03-29,0.0,16.85,16.06,0.0,0.79
2021-03-30,0.0,17.1,16.31,0.0,0.79
2021-03-31,0.0,17.09,16.34,0.0,0.74
2021-04-01,0.0,17.22,16.45,0.0,0.77
2021-04-02,0.0,18.27,18.08,0.0,0.19
2021-04-03,0.0,18.11,18.08,0.0,0.03
2021-04-04,0.0,0.0,0.0,0.0,0.0
2021-04-05,0.0,0.0,0.0,0.0,0.0
2021-04-06,0.0,0.0,0.0,0.0,0.0
2021-04-07,0.0,0.0,0.0,0.0,0.0
2021-04-08,0.0,0.0,0.0,0.0,0.0
2021-04-09,0.0,0.0,0.0,0.0,0.0
2021-04-10,0.0,0.0,0.0,0.0,0.0
2021-04-11,0.0,0.0,0.0,0.0,0.0
2021-04-12,0.0,0.0,0.0,0.0,0.0
2021-04-13,0.0,0.0,0.0,0.0,0.0
2021-04-14,0.0,0.0,0.0,0.0,0.0
2021-04-15,0.0,0.0,0.0,0.0,0.0
2021-04-16,0.0,0.0,0.0,0.0,0.0
2021-04-17,0.0,0.0,0.0,0.0,0.0
2021-04-18,0.0,0.0,0.0,0.0,0.0
2021-04-19,0.0,0.0,0.0,0.0,0.0
2021-04-20,0.0,0.0,0.0,0.0,0.0
2021-04-21,0.0,0.0,0.0,0.0,0.0
2021-04-22,0.0,0.0,0.0,0.0,0.0
2021-04-23,0.0,0.0,0.0,0.0,0.0
2021-04-24,0.0,0.0,0.0,0.0,0.0
2021-04-25,0.0,0.0,0.0,0.0,0.0
2021-04-26,0.0,0.0,0.0,0.0,0.0
2021-04-27,0.0,0.0,0.0,0.0,0.0
2021-04-28,0.0,0.0,0.0,0.0,0.0
2021-04-29,0.0,0.0,0.0,0.0,0.0
2021-04-30,0.0,0.0,0.0,0.0,0.0
2021-05-01,0.0,0.0,0.0,0.0,0.0
2021-05-02,0.0,0.0,0.0,0.0,0.0
2021-05-03,0.0,0.0,0.0,0.0,0.0
2021-05-04,0.0,0.0,0.0,0.0,0.0
2021-05-05,0.0,0.0,0.0,0.0,0.0
2021-05-06,0.0,0.0,0.0,0.0,0.0
2021-05-07,0.0,0.0,0.0,0.0,0.0
2021-05-08,0.0,0.0,0.0,0.0,0.0
2021-05-09,0.0,0.0,0.0,0.0,0.0
2021-05-10,0.0,0.0,0.0,0.0,0.0
2021-05-11,0.0,0.0,0.0,0.0,0.0
2021-05-12,0.0,0.0,0.0,0.0,0.0
2021-05-13,0.0,0.0,0.0,0.0,0.0
2021-05-14,0.0,0.0,0.0,0.0,0.0
2021-05-15,0.0,0.0,0.0,0.0,0.0
2021-05-16,0.0,0.0,0.0,0.0,0.0
2021-05-17,0.0,0.0,0.0,0.0,0.0
2021-05-18,0.0,0.0,0.0,0.0,0.0
2021-05-19,0.0,0.0,0.0,0.0,0.0
2021-05-20,0.0,0.0,0.0,0.0,0.0
2021-05-21,0.0,0.0,0.0,0.0,0.0
2021-05-22,0.0,0.0,0.0,0.0,0.0
2021-05-23,0.0,0.0,0.0,0.0,0.0
2021-05-24,0.0,0.0,0.0,0.0,0.0
2021-05-25,0.0,0.0,0.0,0.0,0.0
2021-05-26,0.0,0.0,0.0,0.0,0.0
2021-05-27,0.0,0.0,0.0,0.0,0.0
2021-05-28,0.0,0.0,0.0,0.0,0.0
2021-05-29,0.0,0.0,0.0,0.0,0.0
2021-05-30,0.0,0.0,0.0,0.0,0.0
2021-05-31,0.0,0.0,0.0,0.0,0.0
2021-06-01,0.0,0.0,0.0,0.0,0.0
2021-06-02,0.0,0.0,0.0,0.0,0.0
2021-06-03,0.0,0.0,0.0,0.0,0.0
2021-06-04,0.0,0.0,0.0,0.0,0.0
2021-06-05,0.0,0.0,0.0,0.0,0.0
2021-06-06,0.0,0.0,0.0,0.0,0.0
2021-06-07,0.0,0.0,0.0,0.0,0.0
2021-06-08,0.0,0.0,0.0,0.0,0.0
2021-06-09,0.0,0.0,0.0,0.0,0.0
2021-06-10,0.0,0.0,0.0,0.0,0.0
2021-06-11,0.0,0.0,0.0,0.0,0.0
2021-06-12,0.0,0.0,0.0,0.0,0.0
2021-06-13,0.0,0.0,0.0,0.0,0.0
2021-06-14,0.0,0.0,0.0,0.0,0.0
2021-06-15,0.0,0.0,0.0,0.0,0.0
2021-06-16,0.0,0.0,0.0,0.0,0.0
2021-06-17,0.0,0.0,0.0,0.0,0.0
2021-06-18,0.0,0.0,0.0,0.0,0.0
2021-06-19,0.0,0.0,0.0,0.0,0.0
2021-06-20,0.0,0.0,0.0,0.0,0.0
2021-06-21,0.0,0.0,0.0,0.0,0.0
2021-06-22,0.0,0.0,0.0,0.0,0.0
2021-06-23,0.0,0.0,0.0,0.0,0.0
2021-06-24,0.0,0.0,0.0,0.0,0.0
2021-06-25,0.0,0.0,0.0,0.0,0.0
2021-06-26,0.0,0.0,0.0,0.0,0.0
2021-06-27,0.0,0.0,0.0,0.0,0.0
2021-06-28,0.0,0.0,0.0,0.0,0.0
2021-06-29,0.0,0.0,0.0,0.0,0.0
2021-06-30,0.0,0.0,0.0,0.0,0.0
2021-07-01,0.0,0.0,0.0,0.0,0.0
2021-07-02,0.0,0.0,0.0,0.0,0.0
2021-07-03,0.0,0.0,0.0,0.0,0.0
2021-07-04,0.0,0.0,0.0,0.0,0.0
2021-07-05,0.0,0.0,0.0,0.0,0.0
2021-07-06,0.0,0.0,0.0,0.0,0.0
2021-07-07,0.0,0.0,0.0,0.0,0.0
2021-07-08,0.0,0.0,0.0,0.0,0.0
2021-07-09,0.0,0.0,0.0,0.0,0.0
2021-07-10,0.0,0.0,0.0,0.0,0.0
2021-07-11,0.0,0.0,0.0,0.0,0.0
2021-07-12,0.0,0.0,0.0,0.0,0.0
2021-07-13,0.0,0.0,0.0,0.0,0.0
2021-07-14,0.0,0.0,0.0,0.0,0.0
2021-07-15,0.0,0.0,0.0,0.0,0.0
2021-07-16,0.0,0.0,0.0,0.0,0.0
2021-07-17,0.0,0.0,0.0,0.0,0.0
2021-07-18,0.0,0.0,0.0,0.0,0.0
2021-07-19,0.0,0.0,0.0,0.0,0.0
2021-07-20,0.0,0.0,0.0,0.0,0.0
2021-07-21,0.0,0.0,0.0,0.0,0.0
2021-07-22,0.0,0.0,0.0,0.0,0.0
2021-07-23,0.0,0.0,0.0,0.0,0.0
2021-07-24,0.0,0.0,0.0,0.0,0.0
2021-07-25,0.0,0.0,0.0,0.0,0.0
2021-07-26,0.0,0.0,0.0,0.0,0.0
2021-07-27,0.0,0.0,0.0,0.0,0.0
2021-07-28,0.0,0.0,0.0,0.0,0.0
2021-07-29,0.0,0.0,0.0,0.0,0.0
2021-07-30,0.0,0.0,0.0,0.0,0.0
2021-07-31,0.0,0.0,0.0,0.0,0.0
2021-08-01,0.0,0.0,0.0,0.0,0.0
2021-08-02,0.0,0.0,0.0,0.0,0.0
2021-08-03,0.0,0.0,0.0,0.0,0.0
2021-08-04,0.0,0.0,0.0,0.0,0.0
2021-08-05,0.0,0.0,0.0,0.0,0.0
2021-08-06,0.0,0.0,0.0,0.0,0.0
2021-08-07,0.0,0.0,0.0,0.0,0.0
2021-08-08,0.0,0.0,0.0,0.0,0.0
2021-08-09,0.0,0.0,0.0,0.0,0.0
2021-08-10,0.0,0.0,0.0,0.0,0.0
2021-08-11,0.0,0.0,0.0,0.0,0.0
2021-08-12,0.0,0.0,0.0,0.0,0.0
2021-08-13,0.0,0.0,0.0,0.0,0.0
2021-08-14,0.0,0.0,0.0,0.0,0.0
2021-08-15,0.0,0.0,0.0,0.0,0.0
2021-08-16,0.0,0.0,0.0,0.0,0.0
2021-08-17,0.0,0.0,0.0,0.0,0.0
2021-08-18,0.0,0.0,0.0,0.0,0.0
2021-08-19,0.0,0.0,0.0,0.0,0.0
2021-08-20,0.0,0.0,0.0,0.0,0.0
2021-08-21,0.0,0.0,0.0,0.0,0.0
2021-08-22,0.0,0.0,0.0,0.0,0.0
2021-08-23,0.0,0.0,0.0,0.0,0.0
2021-08-24,0.0,0.0,0.0,0.0,0.0
2021-08-25,0.0,0.0,0.0,0.0,0.0
2021-08-26,0.0,0.0,0.0,0.0,0.0
2021-08-27,0.0,0.0,0.0,0.0,0.0
2021-08-28,0.0,0.0,0.0,0.0,0.0
2021-08-29,0.0,0.0,0.0,0.0,0.0
2021-08-30,0.0,0.0,0.0,0.0,0.0
2021-08-31,0.0,0.0,0.0,0.0,0.0
2021-09-01,0.0,0.0,0.0,0.0,0.0
2021-09-02,0.0,0.0,0.0,0.0,0.0
2021-09-03,0.0,0.0,0.0,0.0,0.0
2021-09-04,0.0,0.0,0.0,0.0,0.0
2021-09-05,0.0,0.0,0.0,0.0,0.0
2021-09-06,0.0,0.0,0.0,0.0,0.0
2021-09-07,0.0,0.0,0.0,0.0,0.0
2021-09-08,0.0,0.0,0.0,0.0,0.0
2021-09-09,0.0,0.0,0.0,0.0,0.0
2021-09-10,0.0,0.0,0.0,0.0,0.0
2021-09-11,0.0,0.0,0.0,0.0,0.0
2021-09-12,0.0,0.0,0.0,0.0,0.0
2021-09-13,0.0,0.0,0.0,0.0,0.0
2021-09-14,0.0,0.0,0.0,0.0,0.0
2021-09-15,0.0,0.0,0.0,0.0,0.0
2021-09-16,0.0,0.0,0.0,0.0,0.0
2021-09-17,0.0,0.0,0.0,0.0,0.0
2021-09-18,0.0,0.0,0.0,0.0,0.0
2021-09-19,0.0,0.0,0.0,0.0,0.0
2021-09-20,0.0,0.0,0.0,0.0,0.0
2021-09-21,0.0,0.0,0.0,0.0,0.0
2021-09-22,0.0,0.0,0.0,0.0,0.0
2021-09-23,0.0,0.0,0.0,0.0,0.0
2021-09-24,0.0,0.0,0.0,0.0,0.0
2021-09-25,0.0,0.0,0.0,0.0,0.0
2021-09-26,0.0,0.0,0.0,0.0,0.0
2021-09-27,0.0,0.0,0.0,0.0,0.0
2021-09-28,0.0,0.0,0.0,0.0,0.0
2021-09-29,0.0,0.0,0.0,0.0,0.0
2021-09-30,0.0,0.0,0.0,0.0,0.0
2021-10-01,0.0,0.0,0.0,0.0,0.0
2021-10-02,0.0,0.0,0.0,0.0,0.0
2021-10-03,0.0,0.0,0.0,0.0,0.0
2021-10-04,0.0,0.0,0.0,0.0,0.0
2021-10-05,0.0,0.0,0.0,0.0,0.0
2021-10-06,0.0,0.0,0.0,0.0,0.0
2021-10-07,0.0,0.0,0.0,0.0,0.0
2021-10-08,0.0,0.0,0.0,0.0,0.0
2021-10-09,0.0,0.0,0.0,0.0,0.0
2021-10-10,0.0,0.0,0.0,0.0,0.0
2021-10-11,0.0,0.0,0.0,0.0,0.0
2021-10-12,0.0,0.0,0.0,0.0,0.0
2021-10-13,0.0,0.0,0.0,0.0,0.0
2021-10-14,0.0,0.0,0.0,0.0,0.0
2021-10-15,0.0,0.0,0.0,0.0,0.0
2021-10-16,0.0,0.0,0.0,0.0,0.0
2021-10-17,0.0,0.0,0.0,0.0,0.0
2021-10-18,0.0,0.0,0.0,0.0,0.0
2021-10-19,0.0,0.0,0.0,0.0,0.0
2021-10-20,0.192,83.79,11.78,31.1,40.92
2021-10-21,1.485,78.16,16.3,26.71,35.15
2021-10-22,3.909,202.88,21.67,78.25,102.96
2021-10-23,1.162,108.78,12.1,41.75,54.93
2021-10-24,31.575,524.8,41.04,196.3,287.47
2021-10-25,8.564,572.17,43.78,210.64,317.76
2021-10-26,0.386,93.53,17.26,30.27,46.0
2021-10-27,0.118,24.38,16.23,3.3,4.85
2021-10-28,0.08,18.26,16.04,0.95,1.27
2021-10-29,0.062,17.81,15.99,0.68,1.14
2021-10-30,0.05,17.56,15.96,0.47,1.14
2021-10-31,0.042,17.32,15.96,0.22,1.13
2021-11-01,0.064,14.4,11.36,1.01,2.03
2021-11-02,0.465,46.91,16.33,13.19,17.39
2021-11-03,0.056,26.5,16.86,3.8,5.83
2021-11-04,0.516,47.53,15.6,13.77,18.16
2021-11-05,0.082,33.18,17.27,6.54,9.37
2021-11-06,0.029,17.79,16.09,0.02,1.68
2021-11-07,0.021,17.06,15.99,0.01,1.07
2021-11-08,0.031,9.51,8.94,0.0,0.57
2021-11-09,4.429,247.69,21.71,97.58,128.39
2021-11-10,0.285,130.25,17.71,48.6,63.94
2021-11-11,0.052,32.65,16.33,6.46,9.86
2021-11-12,0.038,17.44,15.94,0.07,1.43
2021-11-13,0.033,17.08,15.93,0.03,1.13
2021-11-14,0.029,17.06,15.94,0.02,1.11
2021-11-15,0.025,17.06,15.97,0.01,1.09
2021-11-16,0.02,16.97,15.93,0.01,1.04
2021-11-17,0.018,16.91,15.9,0.0,1.01
2021-11-18,0.017,16.91,15.92,0.0,0.99
2021-11-19,0.014,16.84,15.89,0.0,0.95
2021-11-20,0.013,16.86,15.92,0.0,0.95
2021-11-21,0.01,17.18,16.27,0.0,0.92
2021-11-22,0.007,16.57,15.71,0.0,0.86
2021-11-23,0.007,16.82,15.94,0.0,0.88
2021-11-24,0.006,16.96,16.11,0.0,0.86
2021-11-25,0.004,16.88,16.06,0.0,0.82
2021-11-26,0.003,16.59,15.75,0.0,0.84
2021-11-27,0.003,16.83,16.0,0.0,0.83
2021-11-28,0.003,16.84,16.02,0.0,0.82
2021-11-29,0.002,16.87,16.06,0.0,0.81
2021-11-30,0.001,16.99,16.19,0.0,0.8
2021-12-01,0.001,17.21,16.42,0.0,0.79
2021-12-02,0.0,17.36,16.66,0.0,0.7
2021-12-03,0.0,18.26,18.08,0.0,0.18
2021-12-04,0.0,18.1,18.08,0.0,0.03
2021-12-05,0.0,18.08,18.08,0.0,0.01
2021-12-06,0.0,0.0,0.0,0.0,0.0
2021-12-07,0.0,0.0,0.0,0.0,0.0
2021-12-08,0.0,0.0,0.0,0.0,0.0
2021-12-09,0.0,0.0,0.0,0.0,0.0
2021-12-10,0.0,0.0,0.0,0.0,0.0
2021-12-11,0.0,0.0,0.0,0.0,0.0
2021-12-12,0.5,66.47,10.8,24.04,31.63
2021-12-13,21.717,386.25,36.83,138.53,210.9
2021-12-14,4.188,157.41,25.01,55.71,76.69
2021-12-15,0.745,51.27,12.19,16.77,22.31
2021-12-16,6.542,286.33,26.84,110.51,148.99
2021-12-17,0.586,77.18,16.76,25.64,34.77
2021-12-18,0.314,20.77,16.0,2.04,2.73
2021-12-19,0.266,18.0,15.92,0.9,1.18
2021-12-20,0.229,17.94,15.94,0.86,1.14
2021-12-21,0.2,17.91,15.91,0.86,1.14
2021-12-22,2.74,93.8,16.15,33.53,44.12
2021-12-23,12.222,414.86,34.56,153.44,226.87
2021-12-24,3.174,101.0,17.4,34.67,48.93
2021-12-25,6.265,190.84,23.09,72.42,95.33
2021-12-26,2.6,66.62,16.27,21.74,28.61
2021-12-27,4.51,135.76,20.51,49.77,65.49
2021-12-28,1.166,42.69,16.39,11.36,14.94
2021-12-29,3.525,77.84,16.74,26.38,34.72
2021-12-30,1.21,40.07,16.6,10.14,13.34
2021-12-31,0.696,18.97,16.03,1.27,1.67
2022-01-01,0.548,18.01,15.98,0.88,1.15
2022-01-02,0.443,17.97,15.97,0.86,1.14
2022-01-03,0.381,17.18,15.27,0.83,1.09
2022-01-04,4.354,120.12,20.38,43.07,56.67
2022-01-05,0.768,44.56,16.63,12.06,15.87
2022-01-06,0.434,19.18,16.03,1.36,1.79
2022-01-07,0.345,18.01,15.97,0.88,1.16
2022-01-08,0.275,17.99,15.99,0.86,1.14
2022-01-09,0.22,17.98,15.98,0.86,1.14
2022-01-10,0.176,17.98,15.98,0.86,1.14
2022-01-11,0.142,17.98,15.98,0.86,1.14
2022-01-12,0.113,17.99,15.99,0.86,1.14
2022-01-13,0.092,17.97,15.97,0.86,1.14
2022-01-14,0.073,17.99,16.0,0.85,1.14
2022-01-15,0.053,17.79,16.06,0.59,1.13
2022-01-16,0.045,17.22,15.92,0.16,1.14
2022-01-17,0.037,17.16,15.99,0.04,1.13
2022-01-18,0.028,17.14,16.01,0.01,1.11
2022-01-19,0.023,17.05,15.97,0.01,1.07
2022-01-20,0.018,17.0,15.99,0.0,1.01
2022-01-21,0.012,17.58,16.63,0.0,0.96
2022-01-22,0.001,15.84,15.36,0.0,0.47
2022-01-23,0.004,16.61,15.73,0.0,0.88
2022-01-24,0.003,16.99,16.17,0.0,0.82
2022-01-25,0.002,16.99,16.19,0.0,0.81
2022-01-26,0.001,17.03,16.25,0.0,0.78
2022-01-27,0.001,16.92,16.15,0.0,0.77
2022-01-28,0.0,16.98,16.19,0.0,0.78
2022-01-29,0.0,16.92,16.13,0.0,0.79
2022-01-30,0.0,17.03,16.24,0.0,0.78
2022-01-31,0.0,17.34,16.57,0.0,0.76
2022-02-01,0.0,18.27,18.08,0.0,0.19
2022-02-02,0.0,18.11,18.08,0.0,0.03
2022-02-03,0.0,0.0,0.0,0.0,0.0
2022-02-04,0.0,0.0,0.0,0.0,0.0
2022-02-05,0.0,0.0,0.0,0.0,0.0
2022-02-06,0.0,0.0,0.0,0.0,0.0
2022-02-07,0.0,0.0,0.0,0.0,0.0
2022-02-08,0.0,0.0,0.0,0.0,0.0
2022-02-09,0.0,0.0,0.0,0.0,0.0
2022-02-10,0.0,0.0,0.0,0.0,0.0
2022-02-11,0.0,0.0,0.0,0.0,0.0
2022-02-12,0.0,0.0,0.0,0.0,0.0
2022-02-13,0.0,0.0,0.0,0.0,0.0
2022-02-14,0.0,0.0,0.0,0.0,0.0
2022-02-15,0.0,0.0,0.0,0.0,0.0
2022-02-16,0.0,0.0,0.0,0.0,0.0
2022-02-17,0.0,0.0,0.0,0.0,0.0
2022-02-18,0.0,0.0,0.0,0.0,0.0
2022-02-19,0.0,0.0,0.0,0.0,0.0
2022-02-20,0.0,0.0,0.0,0.0,0.0
2022-02-21,0.0,0.0,0.0,0.0,0.0
2022-02-22,0.0,0.0,0.0,0.0,0.0
2022-02-23,0.0,0.0,0.0,0.0,0.0
2022-02-24,0.0,0.0,0.0,0.0,0.0
2022-02-25,0.0,0.0,0.0,0.0,0.0
2022-02-26,0.0,0.0,0.0,0.0,0.0
2022-02-27,0.0,0.0,0.0,0.0,0.0
2022-02-28,0.0,0.0,0.0,0.0,0.0
2022-03-01,0.0,0.0,0.0,0.0,0.0
2022-03-02,0.0,0.0,0.0,0.0,0.0
2022-03-03,0.0,0.0,0.0,0.0,0.0
2022-03-04,0.0,0.0,0.0,0.0,0.0
2022-03-05,0.0,0.0,0.0,0.0,0.0
2022-03-06,0.0,0.0,0.0,0.0,0.0
2022-03-07,0.0,0.0,0.0,0.0,0.0
2022-03-08,0.0,0.0,0.0,0.0,0.0
2022-03-09,0.0,0.0,0.0,0.0,0.0
2022-03-10,0.0,0.0,0.0,0.0,0.0
2022-03-11,0.0,0.0,0.0,0.0,0.0
2022-03-12,0.0,0.0,0.0,0.0,0.0
2022-03-13,0.0,0.0,0.0,0.0,0.0
2022-03-14,0.0,0.0,0.0,0.0,0.0
2022-03-15,0.0,0.0,0.0,0.0,0.0
2022-03-16,0.0,0.0,0.0,0.0,0.0
2022-03-17,0.0,0.0,0.0,0.0,0.0
2022-03-18,0.0,0.0,0.0,0.0,0.0
2022-03-19,0.0,0.0,0.0,0.0,0.0
2022-03-20,0.0,0.0,0.0,0.0,0.0
2022-03-21,0.0,0.0,0.0,0.0,0.0
2022-03-22,0.0,0.0,0.0,0.0,0.0
2022-03-23,0.0,0.0,0.0,0.0,0.0
2022-03-24,0.0,0.0,0.0,0.0,0.0
2022-03-25,0.0,0.0,0.0,0.0,0.0
2022-03-26,0.0,0.0,0.0,0.0,0.0
2022-03-27,0.064,27.94,8.95,7.97,11.02
2022-03-28,1.759,85.69,15.9,30.12,39.66
2022-03-29,0.152,69.71,17.97,21.95,29.79
2022-03-30,0.013,25.81,16.98,0.0,8.83
2022-03-31,0.005,17.16,16.14,0.0,1.02
2022-04-01,0.004,16.97,16.14,0.0,0.83
2022-04-02,0.002,17.22,16.42,0.0,0.8
2022-04-03,0.001,17.1,16.4,0.0,0.7
2022-04-04,0.0,16.71,15.94,0.0,0.78
2022-04-05,0.0,16.82,16.02,0.0,0.8
2022-04-06,0.0,16.8,16.0,0.0,0.79
2022-04-07,0.0,16.83,16.03,0.0,0.79
2022-04-08,0.0,16.98,16.19,0.0,0.79
2022-04-09,0.0,17.08,16.3,0.0,0.77
2022-04-10,0.0,17.63,16.89,0.0,0.74
2022-04-11,0.0,18.23,18.08,0.0,0.15
2022-04-12,0.0,18.1,18.08,0.0,0.03
2022-04-13,0.0,0.0,0.0,0.0,0.0
2022-04-14,0.0,22.04,15.83,2.68,3.53
2022-04-15,0.296,47.15,15.7,13.57,17.87
2022-04-16,3.056,142.18,19.34,53.04,69.8
2022-04-17,0.262,104.63,17.98,37.39,49.26
2022-04-18,0.018,36.37,17.29,0.88,18.21
2022-04-19,0.006,17.42,15.97,0.0,1.45
2022-04-20,0.005,16.84,15.99,0.0,0.85
2022-04-21,1.9,126.47,16.06,47.67,62.73
2022-04-22,0.904,102.89,16.06,37.5,49.34
2022-04-23,0.118,76.95,17.84,24.86,34.25
2022-04-24,0.015,23.68,16.62,0.0,7.06
2022-04-25,0.007,17.43,16.42,0.0,1.02
2022-04-26,0.002,17.1,16.33,0.0,0.77
2022-04-27,0.002,16.83,16.01,0.0,0.82
2022-04-28,0.001,16.84,16.06,0.0,0.78
2022-04-29,0.001,16.81,16.02,0.0,0.8
2022-04-30,0.001,16.81,16.01,0.0,0.79
2022-05-01,0.001,16.83,16.03,0.0,0.8
2022-05-02,0.0,16.81,16.03,0.0,0.79
2022-05-03,0.0,16.79,15.99,0.0,0.8
2022-05-04,0.0,16.83,16.03,0.0,0.8
2022-05-05,0.0,16.9,16.11,0.0,0.79
2022-05-06,0.0,16.8,16.01,0.0,0.79
2022-05-07,0.0,17.14,16.33,0.0,0.8
2022-05-08,0.0,17.41,16.76,0.0,0.65
2022-05-09,0.0,17.1,16.69,0.0,0.41
2022-05-10,0.0,16.72,15.89,0.0,0.84
2022-05-11,0.0,18.27,18.08,0.0,0.19
2022-05-12,0.0,18.12,18.08,0.0,0.04
2022-05-13,0.0,0.0,0.0,0.0,0.0
2022-05-14,0.0,0.0,0.0,0.0,0.0
2022-05-15,0.0,0.0,0.0,0.0,0.0
2022-05-16,0.0,0.0,0.0,0.0,0.0
2022-05-17,0.0,0.0,0.0,0.0,0.0
2022-05-18,0.0,0.0,0.0,0.0,0.0
2022-05-19,0.0,0.0,0.0,0.0,0.0
2022-05-20,0.0,0.0,0.0,0.0,0.0
2022-05-21,0.0,0.0,0.0,0.0,0.0
2022-05-22,0.0,0.0,0.0,0.0,0.0
2022-05-23,0.0,0.0,0.0,0.0,0.0
2022-05-24,0.0,0.0,0.0,0.0,0.0
2022-05-25,0.0,0.0,0.0,0.0,0.0
2022-05-26,0.0,0.0,0.0,0.0,0.0
2022-05-27,0.0,0.0,0.0,0.0,0.0
2022-05-28,0.0,0.0,0.0,0.0,0.0
2022-05-29,0.0,0.0,0.0,0.0,0.0
2022-05-30,0.0,0.0,0.0,0.0,0.0
2022-05-31,0.0,0.0,0.0,0.0,0.0
2022-06-01,0.0,0.0,0.0,0.0,0.0
2022-06-02,0.0,0.0,0.0,0.0,0.0
2022-06-03,0.0,0.0,0.0,0.0,0.0
2022-06-04,0.0,0.0,0.0,0.0,0.0
2022-06-05,0.56,56.9,15.45,17.83,23.62
2022-06-06,0.107,45.71,18.01,11.56,16.14
2022-06-07,0.005,25.18,18.03,0.0,7.15
2022-06-08,0.0,18.98,17.76,0.0,1.22
2022-06-09,0.0,17.16,16.49,0.0,0.67
2022-06-10,0.0,17.0,16.27,0.0,0.73
2022-06-11,0.0,17.49,17.02,0.0,0.47
2022-06-12,0.0,18.21,18.08,0.0,0.13
2022-06-13,0.0,0.0,0.0,0.0,0.0
2022-06-14,0.0,0.0,0.0,0.0,0.0
2022-06-15,0.0,0.0,0.0,0.0,0.0
2022-06-16,0.0,0.0,0.0,0.0,0.0
2022-06-17,0.0,0.0,0.0,0.0,0.0
2022-06-18,0.0,0.0,0.0,0.0,0.0
2022-06-19,0.0,0.0,0.0,0.0,0.0
2022-06-20,0.0,0.0,0.0,0.0,0.0
2022-06-21,0.0,0.0,0.0,0.0,0.0
2022-06-22,0.0,0.0,0.0,0.0,0.0
2022-06-23,0.0,0.0,0.0,0.0,0.0
2022-06-24,0.0,0.0,0.0,0.0,0.0
2022-06-25,0.0,0.0,0.0,0.0,0.0
2022-06-26,0.0,0.0,0.0,0.0,0.0
2022-06-27,0.0,0.0,0.0,0.0,0.0
2022-06-28,0.0,0.0,0.0,0.0,0.0
2022-06-29,0.0,0.0,0.0,0.0,0.0
2022-06-30,0.0,0.0,0.0,0.0,0.0
2022-07-01,0.0,0.0,0.0,0.0,0.0
2022-07-02,0.0,0.0,0.0,0.0,0.0
2022-07-03,0.0,0.0,0.0,0.0,0.0
2022-07-04,0.0,0.0,0.0,0.0,0.0
2022-07-05,0.0,0.0,0.0,0.0,0.0
2022-07-06,0.0,0.0,0.0,0.0,0.0
2022-07-07,0.0,0.0,0.0,0.0,0.0
2022-07-08,0.0,0.0,0.0,0.0,0.0
2022-07-09,0.0,0.0,0.0,0.0,0.0
2022-07-10,0.0,0.0,0.0,0.0,0.0
2022-07-11,0.0,0.0,0.0,0.0,0.0
2022-07-12,0.0,0.0,0.0,0.0,0.0
2022-07-13,0.0,0.0,0.0,0.0,0.0
2022-07-14,0.0,0.0,0.0,0.0,0.0
2022-07-15,0.0,0.0,0.0,0.0,0.0
2022-07-16,0.0,0.0,0.0,0.0,0.0
2022-07-17,0.0,0.0,0.0,0.0,0.0
2022-07-18,0.0,0.0,0.0,0.0,0.0
2022-07-19,0.0,0.0,0.0,0.0,0.0
2022-07-20,0.0,0.0,0.0,0.0,0.0
2022-07-21,0.0,0.0,0.0,0.0,0.0
2022-07-22,0.0,0.0,0.0,0.0,0.0
2022-07-23,0.0,0.0,0.0,0.0,0.0
2022-07-24,0.0,0.0,0.0,0.0,0.0
2022-07-25,0.0,0.0,0.0,0.0,0.0
2022-07-26,0.0,0.0,0.0,0.0,0.0
2022-07-27,0.0,0.0,0.0,0.0,0.0
2022-07-28,0.0,0.0,0.0,0.0,0.0
2022-07-29,0.0,0.0,0.0,0.0,0.0
2022-07-30,0.0,0.0,0.0,0.0,0.0
2022-07-31,0.0,0.0,0.0,0.0,0.0
2022-08-01,0.0,0.0,0.0,0.0,0.0
2022-08-02,0.0,0.0,0.0,0.0,0.0
2022-08-03,0.0,0.0,0.0,0.0,0.0
2022-08-04,0.0,0.0,0.0,0.0,0.0
2022-08-05,0.0,0.0,0.0,0.0,0.0
2022-08-06,0.0,0.0,0.0,0.0,0.0
2022-08-07,0.0,0.0,0.0,0.0,0.0
2022-08-08,0.0,0.0,0.0,0.0,0.0
2022-08-09,0.0,0.0,0.0,0.0,0.0
2022-08-10,0.0,0.0,0.0,0.0,0.0
2022-08-11,0.0,0.0,0.0,0.0,0.0
2022-08-12,0.0,0.0,0.0,0.0,0.0
2022-08-13,0.0,0.0,0.0,0.0,0.0
2022-08-14,0.0,0.0,0.0,0.0,0.0
2022-08-15,0.0,0.0,0.0,0.0,0.0
2022-08-16,0.0,0.0,0.0,0.0,0.0
2022-08-17,0.0,0.0,0.0,0.0,0.0
2022-08-18,0.0,0.0,0.0,0.0,0.0
2022-08-19,0.0,0.0,0.0,0.0,0.0
2022-08-20,0.0,0.0,0.0,0.0,0.0
2022-08-21,0.0,0.0,0.0,0.0,0.0
2022-08-22,0.0,0.0,0.0,0.0,0.0
2022-08-23,0.0,0.0,0.0,0.0,0.0
2022-08-24,0.0,0.0,0.0,0.0,0.0
2022-08-25,0.0,0.0,0.0,0.0,0.0
2022-08-26,0.0,0.0,0.0,0.0,0.0
2022-08-27,0.0,0.0,0.0,0.0,0.0
2022-08-28,0.0,0.0,0.0,0.0,0.0
2022-08-29,0.0,0.0,0.0,0.0,0.0
2022-08-30,0.0,0.0,0.0,0.0,0.0
2022-08-31,0.0,0.0,0.0,0.0,0.0
2022-09-01,0.0,0.0,0.0,0.0,0.0
2022-09-02,0.0,0.0,0.0,0.0,0.0
2022-09-03,0.0,0.0,0.0,0.0,0.0
2022-09-04,0.0,0.0,0.0,0.0,0.0
2022-09-05,0.0,0.0,0.0,0.0,0.0
2022-09-06,0.0,0.0,0.0,0.0,0.0
2022-09-07,0.0,0.0,0.0,0.0,0.0
2022-09-08,0.0,0.0,0.0,0.0,0.0
2022-09-09,0.0,0.0,0.0,0.0,0.0
2022-09-10,0.0,0.0,0.0,0.0,0.0
2022-09-11,0.0,0.0,0.0,0.0,0.0
2022-09-12,0.0,0.0,0.0,0.0,0.0
2022-09-13,0.0,0.0,0.0,0.0,0.0
2022-09-14,0.0,0.0,0.0,0.0,0.0
2022-09-15,0.0,0.0,0.0,0.0,0.0
2022-09-16,0.0,0.0,0.0,0.0,0.0
2022-09-17,0.0,0.0,0.0,0.0,0.0
2022-09-18,0.0,0.0,0.0,0.0,0.0
2022-09-19,0.0,0.0,0.0,0.0,0.0
2022-09-20,0.0,0.0,0.0,0.0,0.0
2022-09-21,0.0,0.0,0.0,0.0,0.0
2022-09-22,0.0,0.0,0.0,0.0,0.0
2022-09-23,0.0,0.0,0.0,0.0,0.0
2022-09-24,0.0,0.0,0.0,0.0,0.0
2022-09-25,0.0,0.0,0.0,0.0,0.0
2022-09-26,0.0,0.0,0.0,0.0,0.0
2022-09-27,0.0,0.0,0.0,0.0,0.0
2022-09-28,0.0,0.0,0.0,0.0,0.0
2022-09-29,0.0,0.0,0.0,0.0,0.0
2022-09-30,0.0,0.0,0.0,0.0,0.0
2022-10-01,0.0,0.0,0.0,0.0,0.0
2022-10-02,0.0,0.0,0.0,0.0,0.0
2022-10-03,0.0,0.0,0.0,0.0,0.0
2022-10-04,0.0,0.0,0.0,0.0,0.0
2022-10-05,0.0,0.0,0.0,0.0,0.0
2022-10-06,0.0,0.0,0.0,0.0,0.0
2022-10-07,0.0,0.0,0.0,0.0,0.0
2022-10-08,0.0,0.0,0.0,0.0,0.0
2022-10-09,0.0,0.0,0.0,0.0,0.0
2022-10-10,0.0,0.0,0.0,0.0,0.0
2022-10-11,0.0,0.0,0.0,0.0,0.0
2022-10-12,0.0,0.0,0.0,0.0,0.0
2022-10-13,0.0,0.0,0.0,0.0,0.0
2022-10-14,0.0,0.0,0.0,0.0,0.0
2022-10-15,0.0,0.0,0.0,0.0,0.0
2022-10-16,0.0,0.0,0.0,0.0,0.0
2022-10-17,0.0,0.0,0.0,0.0,0.0
2022-10-18,0.0,0.0,0.0,0.0,0.0
2022-10-19,0.0,0.0,0.0,0.0,0.0
2022-10-20,0.0,0.0,0.0,0.0,0.0
2022-10-21,0.0,0.0,0.0,0.0,0.0
2022-10-22,0.0,0.0,0.0,0.0,0.0
2022-10-23,0.0,0.0,0.0,0.0,0.0
2022-10-24,0.0,0.0,0.0,0.0,0.0
2022-10-25,0.0,0.0,0.0,0.0,0.0
2022-10-26,0.0,0.0,0.0,0.0,0.0
2022-10-27,0.0,0.0,0.0,0.0,0.0
2022-10-28,0.0,0.0,0.0,0.0,0.0
2022-10-29,0.0,0.0,0.0,0.0,0.0
2022-10-30,0.0,0.0,0.0,0.0,0.0
2022-10-31,0.0,0.0,0.0,0.0,0.0
2022-11-01,0.547,94.9,15.31,34.37,45.22
2022-11-02,0.206,90.27,18.07,30.92,41.28
2022-11-03,0.009,40.14,18.03,0.0,22.1
2022-11-04,0.001,20.73,17.36,0.0,3.37
2022-11-05,0.0,16.78,15.97,0.0,0.81
2022-11-06,0.0,17.23,16.46,0.0,0.77
2022-11-07,0.0,16.5,15.73,0.0,0.77
2022-11-08,6.074,267.61,23.95,105.22,138.44
2022-11-09,0.731,117.28,18.03,42.86,56.39
2022-11-10,0.036,62.41,17.74,15.8,28.87
2022-11-11,0.006,19.57,16.36,0.0,3.21
2022-11-12,0.004,16.82,15.96,0.0,0.85
2022-11-13,0.004,16.77,15.94,0.0,0.82
2022-11-14,0.003,16.75,15.93,0.0,0.82
2022-11-15,0.003,16.76,15.95,0.0,0.81
2022-11-16,0.002,16.75,15.94,0.0,0.81
2022-11-17,0.002,16.74,15.93,0.0,0.81
2022-11-18,0.002,16.74,15.94,0.0,0.81
2022-11-19,0.001,16.8,16.01,0.0,0.8
2022-11-20,0.001,16.72,15.92,0.0,0.8
2022-11-21,0.001,16.75,15.95,0.0,0.8
2022-11-22,0.001,16.72,15.92,0.0,0.8
2022-11-23,0.001,16.73,15.93,0.0,0.8
2022-11-24,0.001,16.82,16.03,0.0,0.79
2022-11-25,0.0,16.72,15.92,0.0,0.8
2022-11-26,0.0,16.72,15.92,0.0,0.8
2022-11-27,0.0,16.73,15.93,0.0,0.8
2022-11-28,0.0,16.86,16.07,0.0,0.79
2022-11-29,0.0,16.65,15.85,0.0,0.8
2022-11-30,0.0,16.74,15.94,0.0,0.8
2022-12-01,3.213,192.96,19.7,74.82,98.45
2022-12-02,0.534,136.12,18.06,50.98,67.08
2022-12-03,5.03,152.14,23.29,55.6,73.25
2022-12-04,1.544,144.98,20.79,53.62,70.57
2022-12-05,1.323,92.77,15.8,33.24,43.73
2022-12-06,0.286,62.55,16.83,19.74,25.98
2022-12-07,0.028,29.58,17.18,3.31,9.09
2022-12-08,0.01,17.44,16.22,0.0,1.22
2022-12-09,0.007,16.85,15.99,0.0,0.86
2022-12-10,5.858,230.32,24.61,88.83,116.88
2022-12-11,5.093,132.18,20.78,48.11,63.3
2022-12-12,2.176,122.91,20.47,44.24,58.21
2022-12-13,0.121,61.8,17.48,18.98,25.34
2022-12-14,0.031,19.73,16.22,0.04,3.47
2022-12-15,0.022,17.11,15.98,0.01,1.13
2022-12-16,0.018,16.98,15.97,0.0,1.0
2022-12-17,0.015,16.91,15.95,0.0,0.96
2022-12-18,0.013,16.87,15.94,0.0,0.93
2022-12-19,0.01,16.96,16.06,0.0,0.9
2022-12-20,0.008,16.84,15.97,0.0,0.87
2022-12-21,0.007,16.74,15.87,0.0,0.86
2022-12-22,0.006,16.94,16.08,0.0,0.86
2022-12-23,0.004,16.63,15.79,0.0,0.83
2022-12-24,0.005,16.77,15.93,0.0,0.85
2022-12-25,0.004,16.81,15.98,0.0,0.83
2022-12-26,0.115,4.82,1.53,1.41,1.87
2022-12-27,14.804,545.0,37.0,210.24,297.76
2022-12-28,0.626,280.67,17.84,105.81,157.02
2022-12-29,2.037,67.48,14.02,23.02,30.44
2022-12-30,10.983,152.35,25.68,54.7,71.98
2022-12-31,36.978,895.58,51.36,357.32,486.9
2023-01-01,33.837,7217.88,76.31,3084.98,4056.59
2023-01-02,3.363,203.14,18.52,79.07,105.56
2023-01-03,2.758,67.58,18.44,21.2,27.93
2023-01-04,7.312,294.42,24.04,116.75,153.62
2023-01-05,9.439,160.19,27.02,57.5,75.66
2023-01-06,2.449,35.19,16.3,8.16,10.74
2023-01-07,2.13,34.93,13.77,9.13,12.02
2023-01-08,4.8,143.05,21.18,52.63,69.24
2023-01-09,12.909,273.73,32.97,97.07,143.69
2023-01-10,5.979,86.52,21.01,27.92,37.59
2023-01-11,4.665,69.11,19.46,21.44,28.22
2023-01-12,2.332,32.05,16.46,6.73,8.86
2023-01-13,4.549,103.42,20.87,35.65,46.9
2023-01-14,9.751,244.87,28.82,90.28,125.78
2023-01-15,8.303,96.43,22.06,31.99,42.38
2023-01-16,12.861,222.79,34.05,75.74,113.0
2023-01-17,2.854,24.92,16.16,3.57,5.19
2023-01-18,1.799,18.4,16.13,0.97,1.3
2023-01-19,1.176,18.11,16.11,0.87,1.14
2023-01-20,0.79,18.09,16.09,0.86,1.13
2023-01-21,0.55,18.06,16.06,0.86,1.13
2023-01-22,0.391,18.07,16.07,0.86,1.14
2023-01-23,0.273,18.04,16.05,0.86,1.13
2023-01-24,0.202,18.04,16.04,0.86,1.14
2023-01-25,0.148,18.05,16.05,0.86,1.14
2023-01-26,0.104,18.07,16.07,0.86,1.13
2023-01-27,0.08,18.01,16.01,0.86,1.14
2023-01-28,0.06,17.83,16.03,0.66,1.14
2023-01-29,0.045,17.6,16.09,0.37,1.14
2023-01-30,0.026,17.27,16.16,0.01,1.1
2023-01-31,0.019,16.98,15.96,0.0,1.02
2023-02-01,0.016,17.0,16.01,0.0,0.98
2023-02-02,0.012,17.07,16.13,0.0,0.94
2023-02-03,1.388,128.56,15.57,48.79,64.2
2023-02-04,1.274,68.91,14.95,23.3,30.65
2023-02-05,1.289,55.2,16.81,16.58,21.81
2023-02-06,0.351,23.46,16.43,3.04,4.0
2023-02-07,0.207,18.29,16.08,0.95,1.25
2023-02-08,0.144,18.08,16.07,0.87,1.14
2023-02-09,0.1,18.08,16.08,0.86,1.13
2023-02-10,0.069,18.01,16.13,0.74,1.14
2023-02-11,0.05,17.51,15.94,0.44,1.13
2023-02-12,0.037,17.32,16.12,0.08,1.13
2023-02-13,0.025,17.24,16.13,0.01,1.1
2023-02-14,0.014,17.32,16.34,0.0,0.97
2023-02-15,0.009,16.76,15.88,0.0,0.89
2023-02-16,0.007,16.94,16.05,0.0,0.88
2023-02-17,0.005,17.08,16.25,0.0,0.83
2023-02-18,0.003,16.98,16.15,0.0,0.82
2023-02-19,0.002,17.15,16.35,0.0,0.8
2023-02-20,0.001,17.04,16.3,0.0,0.74
2023-02-21,0.0,17.53,16.77,0.0,0.76
2023-02-22,0.0,18.25,18.08,0.0,0.17
2023-02-23,0.0,18.1,18.08,0.0,0.03
2023-02-24,4.671,216.67,21.7,84.19,110.78
2023-02-25,0.628,65.63,16.89,21.05,27.69
2023-02-26,2.037,111.87,15.46,41.63,54.78
2023-02-27,3.717,98.25,18.07,34.62,45.55
2023-02-28,3.541,77.6,17.04,26.15,34.41
2023-03-01,1.514,45.59,16.89,12.39,16.31
2023-03-02,0.679,19.6,16.1,1.51,1.98
2023-03-03,0.493,18.08,16.03,0.88,1.16
2023-03-04,0.373,18.02,16.02,0.86,1.14
2023-03-05,1.064,47.87,15.67,13.9,18.29
2023-03-06,0.369,24.85,16.38,3.66,4.81
2023-03-07,0.231,18.3,16.05,0.97,1.28
2023-03-08,1.565,89.1,15.55,31.76,41.79
2023-03-09,7.381,316.34,28.98,120.47,166.9
2023-03-10,8.364,257.75,31.88,92.19,133.67
2023-03-11,1.516,30.16,16.29,5.79,8.08
2023-03-12,0.955,18.55,16.08,1.06,1.41
2023-03-13,0.677,18.07,16.06,0.87,1.14
2023-03-14,3.755,144.39,19.92,53.75,70.72
2023-03-15,0.955,41.97,16.5,11.0,14.47
2023-03-16,0.542,19.13,16.08,1.31,1.73
2023-03-17,0.386,18.08,16.05,0.88,1.16
2023-03-18,0.279,18.05,16.05,0.86,1.14
2023-03-19,2.512,91.98,16.28,32.69,43.01
2023-03-20,1.022,41.64,16.43,10.89,14.33
2023-03-21,7.052,152.67,23.59,55.74,73.34
2023-03-22,4.477,122.78,23.59,42.83,56.36
2023-03-23,1.26,24.02,16.25,3.35,4.41
2023-03-24,0.802,18.31,16.09,0.96,1.26
2023-03-25,0.56,18.07,16.07,0.87,1.14
2023-03-26,0.396,18.06,16.06,0.86,1.13
2023-03-27,0.284,18.05,16.06,0.86,1.14
2023-03-28,2.96,127.07,18.67,46.81,61.59
2023-03-29,5.654,126.54,21.49,45.36,59.69
2023-03-30,1.475,50.04,16.67,14.41,18.96
2023-03-31,0.735,19.72,16.13,1.55,2.04
2023-04-01,0.502,18.13,16.07,0.89,1.17
2023-04-02,0.352,18.08,16.08,0.86,1.14
2023-04-03,0.236,18.1,16.11,0.86,1.13
2023-04-04,0.163,18.07,16.08,0.86,1.13
2023-04-05,0.113,18.08,16.08,0.86,1.13
2023-04-06,0.077,18.0,16.11,0.75,1.14
2023-04-07,0.055,17.71,16.02,0.56,1.14
2023-04-08,0.038,17.53,16.13,0.27,1.12
2023-04-09,0.025,17.23,16.11,0.02,1.1
2023-04-10,0.018,17.12,16.09,0.01,1.03
2023-04-11,0.011,17.2,16.26,0.0,0.94
2023-04-12,0.005,17.09,16.26,0.0,0.83
2023-04-13,0.003,17.15,16.33,0.0,0.82
2023-04-14,0.001,17.06,16.28,0.0,0.79
2023-04-15,0.001,17.0,16.24,0.0,0.77
2023-04-16,0.0,17.16,16.39,0.0,0.77
2023-04-17,0.0,17.61,16.89,0.0,0.72
2023-04-18,0.0,18.23,18.08,0.0,0.15
2023-04-19,0.0,18.1,18.08,0.0,0.02
2023-04-20,0.0,0.0,0.0,0.0,0.0
2023-04-21,0.0,0.0,0.0,0.0,0.0
2023-04-22,0.0,0.0,0.0,0.0,0.0
2023-04-23,0.0,0.0,0.0,0.0,0.0
2023-04-24,0.0,0.0,0.0,0.0,0.0
2023-04-25,0.0,0.0,0.0,0.0,0.0
2023-04-26,0.0,0.0,0.0,0.0,0.0
2023-04-27,0.0,0.0,0.0,0.0,0.0
2023-04-28,0.0,0.0,0.0,0.0,0.0
2023-04-29,0.0,0.0,0.0,0.0,0.0
2023-04-30,0.0,0.0,0.0,0.0,0.0
2023-05-01,0.0,0.0,0.0,0.0,0.0
2023-05-02,0.782,73.93,14.46,25.64,33.84
2023-05-03,2.181,74.87,15.91,25.46,33.5
2023-05-04,0.536,46.08,17.31,12.42,16.35
2023-05-05,0.168,20.28,16.15,1.78,2.34
2023-05-06,0.457,68.24,15.6,22.73,29.91
2023-05-07,0.169,36.01,16.56,8.4,11.05
2023-05-08,0.095,18.86,16.08,1.2,1.58
2023-05-09,0.068,17.93,16.06,0.71,1.15
2023-05-10,0.05,17.67,16.03,0.5,1.13
2023-05-11,0.038,17.44,16.03,0.29,1.12
2023-05-12,0.029,17.18,16.03,0.04,1.1
2023-05-13,0.022,17.1,16.01,0.01,1.07
2023-05-14,0.016,17.06,16.05,0.0,1.01
2023-05-15,0.012,17.0,16.05,0.0,0.95
2023-05-16,0.008,17.03,16.13,0.0,0.89
2023-05-17,0.005,17.13,16.28,0.0,0.84
2023-05-18,0.002,17.35,16.54,0.0,0.8
2023-05-19,0.001,17.26,16.52,0.0,0.73
2023-05-20,0.0,17.56,17.03,0.0,0.52
2023-05-21,0.0,18.19,18.08,0.0,0.12
2023-05-22,0.0,18.09,18.08,0.0,0.02
2023-05-23,0.0,0.0,0.0,0.0,0.0
2023-05-24,0.0,0.0,0.0,0.0,0.0
2023-05-25,0.0,0.0,0.0,0.0,0.0
2023-05-26,0.0,0.0,0.0,0.0,0.0
2023-05-27,0.0,0.0,0.0,0.0,0.0
2023-05-28,0.0,0.0,0.0,0.0,0.0
2023-05-29,0.0,0.0,0.0,0.0,0.0
2023-05-30,0.0,0.0,0.0,0.0,0.0
2023-05-31,0.0,0.0,0.0,0.0,0.0
2023-06-01,0.0,0.0,0.0,0.0,0.0
2023-06-02,0.0,0.0,0.0,0.0,0.0
2023-06-03,0.0,0.0,0.0,0.0,0.0
2023-06-04,0.0,0.0,0.0,0.0,0.0
2023-06-05,0.0,0.0,0.0,0.0,0.0
2023-06-06,0.0,0.0,0.0,0.0,0.0
2023-06-07,0.0,0.0,0.0,0.0,0.0
2023-06-08,0.0,0.0,0.0,0.0,0.0
2023-06-09,0.0,0.0,0.0,0.0,0.0
2023-06-10,0.0,0.0,0.0,0.0,0.0
2023-06-11,0.0,0.0,0.0,0.0,0.0
2023-06-12,0.0,0.0,0.0,0.0,0.0
2023-06-13,0.0,0.0,0.0,0.0,0.0
2023-06-14,0.0,0.0,0.0,0.0,0.0
2023-06-15,0.0,0.0,0.0,0.0,0.0
2023-06-16,0.0,0.0,0.0,0.0,0.0
2023-06-17,0.0,0.0,0.0,0.0,0.0
2023-06-18,0.0,0.0,0.0,0.0,0.0
2023-06-19,0.0,0.0,0.0,0.0,0.0
2023-06-20,0.0,0.0,0.0,0.0,0.0
2023-06-21,0.0,0.0,0.0,0.0,0.0
2023-06-22,0.0,0.0,0.0,0.0,0.0
2023-06-23,0.0,0.0,0.0,0.0,0.0
2023-06-24,0.0,0.0,0.0,0.0,0.0
2023-06-25,0.0,0.0,0.0,0.0,0.0
2023-06-26,0.0,0.0,0.0,0.0,0.0
2023-06-27,0.0,0.0,0.0,0.0,0.0
2023-06-28,0.0,0.0,0.0,0.0,0.0
2023-06-29,0.0,0.0,0.0,0.0,0.0
2023-06-30,0.0,0.0,0.0,0.0,0.0
2023-07-01,0.0,0.0,0.0,0.0,0.0
2023-07-02,0.0,0.0,0.0,0.0,0.0
2023-07-03,0.0,0.0,0.0,0.0,0.0
2023-07-04,0.0,0.0,0.0,0.0,0.0
2023-07-05,0.0,0.0,0.0,0.0,0.0
2023-07-06,0.0,0.0,0.0,0.0,0.0
2023-07-07,0.0,0.0,0.0,0.0,0.0
2023-07-08,0.0,0.0,0.0,0.0,0.0
2023-07-09,0.0,0.0,0.0,0.0,0.0
2023-07-10,0.0,0.0,0.0,0.0,0.0
2023-07-11,0.0,0.0,0.0,0.0,0.0
2023-07-12,0.0,0.0,0.0,0.0,0.0
2023-07-13,0.0,0.0,0.0,0.0,0.0
2023-07-14,0.0,0.0,0.0,0.0,0.0
2023-07-15,0.0,0.0,0.0,0.0,0.0
2023-07-16,0.0,0.0,0.0,0.0,0.0
2023-07-17,0.0,0.0,0.0,0.0,0.0
2023-07-18,0.0,0.0,0.0,0.0,0.0
2023-07-19,0.0,0.0,0.0,0.0,0.0
2023-07-20,0.0,0.0,0.0,0.0,0.0
2023-07-21,0.0,0.0,0.0,0.0,0.0
2023-07-22,0.0,0.0,0.0,0.0,0.0
2023-07-23,0.0,0.0,0.0,0.0,0.0
2023-07-24,0.0,0.0,0.0,0.0,0.0
2023-07-25,0.0,0.0,0.0,0.0,0.0
2023-07-26,0.0,0.0,0.0,0.0,0.0
2023-07-27,0.0,0.0,0.0,0.0,0.0
2023-07-28,0.0,0.0,0.0,0.0,0.0
2023-07-29,0.0,0.0,0.0,0.0,0.0
2023-07-30,0.0,0.0,0.0,0.0,0.0
2023-07-31,0.0,0.0,0.0,0.0,0.0
2023-08-01,0.0,0.0,0.0,0.0,0.0
2023-08-02,0.0,0.0,0.0,0.0,0.0
2023-08-03,0.0,0.0,0.0,0.0,0.0
2023-08-04,0.0,0.0,0.0,0.0,0.0
2023-08-05,0.0,0.0,0.0,0.0,0.0
2023-08-06,0.0,0.0,0.0,0.0,0.0
2023-08-07,0.0,0.0,0.0,0.0,0.0
2023-08-08,0.0,0.0,0.0,0.0,0.0
2023-08-09,0.0,0.0,0.0,0.0,0.0
2023-08-10,0.0,0.0,0.0,0.0,0.0
2023-08-11,0.0,0.0,0.0,0.0,0.0
2023-08-12,0.0,0.0,0.0,0.0,0.0
2023-08-13,0.0,0.0,0.0,0.0,0.0
2023-08-14,0.0,0.0,0.0,0.0,0.0
2023-08-15,0.0,0.0,0.0,0.0,0.0
2023-08-16,0.0,0.0,0.0,0.0,0.0
2023-08-17,0.0,0.0,0.0,0.0,0.0
2023-08-18,0.0,0.0,0.0,0.0,0.0
2023-08-19,0.0,0.0,0.0,0.0,0.0
2023-08-20,0.0,0.0,0.0,0.0,0.0
2023-08-21,0.0,0.0,0.0,0.0,0.0
2023-08-22,0.0,0.0,0.0,0.0,0.0
2023-08-23,0.0,0.0,0.0,0.0,0.0
2023-08-24,0.0,0.0,0.0,0.0,0.0
2023-08-25,0.0,0.0,0.0,0.0,0.0
2023-08-26,0.0,0.0,0.0,0.0,0.0
2023-08-27,0.0,0.0,0.0,0.0,0.0
2023-08-28,0.0,0.0,0.0,0.0,0.0
2023-08-29,0.0,0.0,0.0,0.0,0.0
2023-08-30,0.0,0.0,0.0,0.0,0.0
2023-08-31,0.0,0.0,0.0,0.0,0.0
2023-09-01,0.0,0.0,0.0,0.0,0.0
2023-09-02,0.0,0.0,0.0,0.0,0.0
2023-09-03,0.0,0.0,0.0,0.0,0.0
2023-09-04,0.0,0.0,0.0,0.0,0.0
2023-09-05,0.0,0.0,0.0,0.0,0.0
2023-09-06,0.0,0.0,0.0,0.0,0.0
2023-09-07,0.0,0.0,0.0,0.0,0.0
2023-09-08,0.0,0.0,0.0,0.0,0.0
2023-09-09,0.0,0.0,0.0,0.0,0.0
2023-09-10,0.0,0.0,0.0,0.0,0.0
2023-09-11,0.0,0.0,0.0,0.0,0.0
2023-09-12,0.0,0.0,0.0,0.0,0.0
2023-09-13,0.0,0.0,0.0,0.0,0.0
2023-09-14,0.0,0.0,0.0,0.0,0.0
2023-09-15,0.0,0.0,0.0,0.0,0.0
2023-09-16,0.0,0.0,0.0,0.0,0.0
2023-09-17,0.0,0.0,0.0,0.0,0.0
2023-09-18,0.0,0.0,0.0,0.0,0.0
2023-09-19,0.0,0.0,0.0,0.0,0.0
2023-09-20,0.0,0.0,0.0,0.0,0.0
2023-09-21,0.0,0.0,0.0,0.0,0.0
2023-09-22,0.0,0.0,0.0,0.0,0.0
2023-09-23,0.0,0.0,0.0,0.0,0.0
2023-09-24,0.0,0.0,0.0,0.0,0.0
2023-09-25,0.0,0.0,0.0,0.0,0.0
2023-09-26,0.0,0.0,0.0,0.0,0.0
2023-09-27,0.0,0.0,0.0,0.0,0.0
2023-09-28,0.0,0.0,0.0,0.0,0.0
2023-09-29,0.0,0.0,0.0,0.0,0.0
2023-09-30,0.0,0.0,0.0,0.0,0.0
2023-10-01,0.0,0.0,0.0,0.0,0.0
2023-10-02,0.0,0.0,0.0,0.0,0.0
2023-10-03,0.0,0.0,0.0,0.0,0.0
2023-10-04,0.0,0.0,0.0,0.0,0.0
2023-10-05,0.0,0.0,0.0,0.0,0.0
2023-10-06,0.0,0.0,0.0,0.0,0.0
2023-10-07,0.0,0.0,0.0,0.0,0.0
2023-10-08,0.0,0.0,0.0,0.0,0.0
2023-10-09,0.0,0.0,0.0,0.0,0.0
2023-10-10,0.0,0.0,0.0,0.0,0.0
2023-10-11,0.0,0.0,0.0,0.0,0.0
2023-10-12,0.0,0.0,0.0,0.0,0.0
2023-10-13,0.0,0.0,0.0,0.0,0.0
2023-10-14,0.0,0.0,0.0,0.0,0.0
2023-10-15,0.0,0.0,0.0,0.0,0.0
2023-10-16,0.0,0.0,0.0,0.0,0.0
2023-10-17,0.0,0.0,0.0,0.0,0.0
2023-10-18,0.0,0.0,0.0,0.0,0.0
2023-10-19,0.0,0.0,0.0,0.0,0.0
2023-10-20,0.0,0.0,0.0,0.0,0.0
2023-10-21,0.0,0.0,0.0,0.0,0.0
2023-10-22,0.052,24.89,8.65,6.89,9.36
2023-10-23,0.463,46.19,16.55,12.77,16.86
2023-10-24,0.025,33.33,18.06,4.67,10.6
2023-10-25,0.001,20.75,17.9,0.0,2.84
2023-10-26,0.0,17.41,16.72,0.0,0.69
2023-10-27,0.0,16.75,15.99,0.0,0.77
2023-10-28,0.0,16.95,16.14,0.0,0.8
2023-10-29,0.0,18.01,17.41,0.0,0.6
2023-10-30,0.0,16.66,16.18,0.09,0.39
2023-10-31,0.0,17.3,16.48,0.0,0.82
2023-11-01,0.0,18.24,18.08,0.0,0.16
2023-11-02,0.0,0.0,0.0,0.0,0.0
2023-11-03,0.0,0.0,0.0,0.0,0.0
2023-11-04,0.0,0.0,0.0,0.0,0.0
2023-11-05,0.0,0.0,0.0,0.0,0.0
2023-11-06,0.0,0.0,0.0,0.0,0.0
2023-11-07,0.0,0.0,0.0,0.0,0.0
2023-11-08,0.0,0.0,0.0,0.0,0.0
2023-11-09,0.0,0.0,0.0,0.0,0.0
2023-11-10,0.0,0.0,0.0,0.0,0.0
2023-11-11,0.0,0.0,0.0,0.0,0.0
2023-11-12,0.0,0.0,0.0,0.0,0.0
2023-11-13,0.0,0.0,0.0,0.0,0.0
2023-11-14,0.0,0.0,0.0,0.0,0.0
2023-11-15,0.0,0.0,0.0,0.0,0.0
2023-11-16,0.0,0.0,0.0,0.0,0.0
2023-11-17,0.025,3.0,1.64,0.4,0.96
2023-11-18,2.241,78.13,15.66,26.96,35.51
2023-11-19,0.325,73.21,18.07,23.81,31.33
2023-11-20,0.015,36.45,17.91,1.58,16.96
2023-11-21,0.002,18.81,16.69,0.0,2.11
2023-11-22,0.001,16.79,15.98,0.0,0.8
2023-11-23,0.001,16.7,15.89,0.0,0.8
2023-11-24,0.001,16.79,16.0,0.0,0.79
2023-11-25,0.001,16.78,15.99,0.0,0.79
2023-11-26,0.0,16.7,15.91,0.0,0.8
2023-11-27,0.0,16.69,15.89,0.0,0.8
2023-11-28,0.0,16.68,15.88,0.0,0.8
2023-11-29,0.016,18.25,15.23,0.04,2.97
2023-11-30,0.006,18.9,17.38,0.0,1.52
2023-12-01,0.001,17.5,16.93,0.0,0.57
2023-12-02,0.0,16.68,15.9,0.0,0.78
2023-12-03,0.0,16.7,15.9,0.0,0.8
2023-12-04,0.0,16.67,15.87,0.0,0.8
2023-12-05,0.0,16.69,15.89,0.0,0.8
2023-12-06,0.0,16.63,15.81,0.0,0.81
2023-12-07,0.0,16.94,16.17,0.0,0.77
2023-12-08,0.0,16.6,15.8,0.0,0.8
2023-12-09,0.0,16.81,16.01,0.0,0.8
2023-12-10,0.0,16.59,15.8,0.0,0.79
2023-12-11,0.0,16.61,15.79,0.0,0.81
2023-12-12,0.0,16.7,15.9,0.0,0.8
2023-12-13,0.0,16.79,16.0,0.0,0.79
2023-12-14,0.0,16.99,16.21,0.0,0.78
2023-12-15,0.0,16.85,16.08,0.0,0.78
2023-12-16,0.0,17.08,16.3,0.0,0.78
2023-12-17,0.047,1.51,0.69,0.25,0.57
2023-12-18,4.307,110.77,19.0,39.62,52.15
2023-12-19,2.36,79.58,16.66,27.17,35.75
2023-12-20,4.789,223.77,21.98,87.14,114.65
2023-12-21,0.461,131.98,18.01,49.21,64.76
2023-12-22,0.031,52.99,17.22,11.03,24.75
2023-12-23,0.011,18.08,16.11,0.0,1.97
2023-12-24,0.009,16.86,15.97,0.0,0.89
2023-12-25,0.007,16.89,16.02,0.0,0.86
2023-12-26,0.005,16.81,15.98,0.0,0.84
2023-12-27,0.011,14.82,11.2,1.19,2.43
2023-12-28,0.035,23.55,17.2,1.97,4.39
2023-12-29,5.697,267.73,26.65,102.82,138.26
2023-12-30,4.385,237.55,27.46,88.85,121.25
2023-12-31,0.196,90.84,17.8,31.02,42.02
2024-01-01,0.027,25.42,16.49,0.43,8.5
2024-01-02,1.004,151.79,12.81,60.01,78.97
2024-01-03,1.877,157.07,17.57,60.24,79.26
2024-01-04,0.124,88.15,17.73,29.86,40.57
2024-01-05,0.022,22.9,16.35,0.01,6.54
2024-01-06,0.093,36.41,15.1,9.14,12.17
2024-01-07,0.04,34.61,17.56,6.23,10.81
2024-01-08,0.011,17.68,16.18,0.0,1.49
2024-01-09,0.009,16.82,15.94,0.0,0.89
2024-01-10,1.001,104.03,15.34,38.3,50.4
2024-01-11,0.22,95.66,17.98,33.44,44.24
2024-01-12,0.018,30.8,16.9,0.09,13.81
2024-01-13,6.055,359.65,25.72,143.33,190.59
2024-01-14,1.792,362.35,22.52,144.7,195.13
2024-01-15,0.102,143.4,17.37,52.41,73.62
2024-01-16,2.204,261.94,20.7,104.13,137.11
2024-01-17,1.317,215.7,19.29,84.81,111.6
2024-01-18,0.091,85.67,17.2,28.66,39.81
2024-01-19,0.035,19.74,16.03,0.03,3.68
2024-01-20,1.176,90.39,14.23,32.88,43.28
2024-01-21,3.211,220.98,19.83,86.86,114.29
2024-01-22,8.234,301.5,29.72,116.44,155.33
2024-01-23,0.465,164.97,17.49,63.51,83.98
2024-01-24,2.982,246.81,20.06,97.92,128.84
2024-01-25,0.38,125.22,17.29,46.61,61.32
2024-01-26,0.133,25.77,16.06,4.19,5.52
2024-01-27,0.103,18.23,15.98,0.97,1.28
2024-01-28,0.089,17.9,15.89,0.87,1.14
2024-01-29,0.078,17.94,15.94,0.86,1.14
2024-01-30,0.066,17.82,15.97,0.72,1.14
2024-01-31,2.284,110.72,16.47,40.7,53.55
2024-02-01,4.922,162.81,22.19,60.73,79.9
2024-02-02,2.307,383.06,18.37,157.48,207.21
2024-02-03,1.508,167.5,13.26,66.6,87.64
2024-02-04,7.747,160.65,24.82,58.65,77.17
2024-02-05,1.5,68.07,17.51,21.83,28.73
2024-02-06,0.431,22.77,16.23,2.83,3.72
2024-02-07,3.386,167.05,20.66,63.21,83.18
2024-02-08,0.938,90.22,17.15,31.55,41.51
2024-02-09,0.367,22.68,16.07,2.86,3.76
2024-02-10,0.293,18.1,15.95,0.93,1.22
2024-02-11,0.25,17.94,15.94,0.87,1.14
2024-02-12,0.213,17.94,15.94,0.86,1.14
2024-02-13,0.184,17.93,15.93,0.86,1.14
2024-02-14,0.228,25.93,14.55,4.91,6.47
2024-02-15,0.283,40.05,16.9,10.0,13.15
2024-02-16,0.132,19.17,16.04,1.35,1.78
2024-02-17,0.834,87.12,13.6,31.75,41.77
2024-02-18,2.555,155.55,18.1,59.35,78.1
2024-02-19,1.963,120.5,18.22,44.16,58.11
2024-02-20,2.592,158.73,18.79,60.43,79.51
2024-02-21,0.834,115.08,17.28,42.23,55.56
2024-02-22,0.283,25.3,16.11,3.97,5.22
2024-02-23,0.218,18.21,15.97,0.97,1.27
2024-02-24,0.186,17.93,15.92,0.87,1.14
2024-02-25,0.155,17.97,15.97,0.86,1.14
2024-02-26,0.132,17.94,15.94,0.86,1.14
2024-02-27,0.104,18.0,16.0,0.86,1.13
2024-02-28,0.085,17.97,15.97,0.86,1.14
2024-02-29,0.079,17.88,15.87,0.87,1.14
2024-03-01,1.86,164.29,17.48,63.4,83.42
2024-03-02,3.524,145.88,21.47,53.72,70.69
2024-03-03,1.832,52.15,15.52,15.82,20.82
2024-03-04,0.873,56.48,17.33,16.91,22.25
2024-03-05,0.28,21.03,16.13,2.12,2.78
2024-03-06,0.215,18.07,15.97,0.9,1.19
2024-03-07,0.172,17.97,15.97,0.86,1.14
2024-03-08,0.143,17.96,15.96,0.86,1.14
2024-03-09,0.122,17.94,15.94,0.86,1.14
2024-03-10,0.104,17.95,15.95,0.86,1.14
2024-03-11,0.21,32.98,15.78,7.43,9.77
2024-03-12,0.124,21.6,15.88,2.47,3.25
2024-03-13,0.072,18.79,16.28,0.99,1.52
2024-03-14,0.039,17.83,16.28,0.41,1.14
2024-03-15,0.025,16.95,15.86,0.01,1.08
2024-03-16,0.028,17.05,15.93,0.02,1.1
2024-03-17,0.023,17.08,16.0,0.01,1.08
2024-03-18,0.018,17.04,16.01,0.01,1.03
2024-03-19,0.014,17.01,16.04,0.0,0.97
2024-03-20,0.011,16.98,16.05,0.0,0.92
2024-03-21,0.008,16.9,16.01,0.0,0.88
2024-03-22,0.858,147.86,14.1,57.76,76.0
2024-03-23,3.211,127.29,18.36,47.04,61.89
2024-03-24,0.917,61.35,16.9,19.19,25.25
2024-03-25,0.144,26.87,16.5,4.48,5.89
2024-03-26,0.082,18.38,16.1,0.94,1.34
2024-03-27,0.076,17.76,15.8,0.82,1.14
2024-03-28,0.851,89.71,15.71,31.95,42.04
2024-03-29,1.344,108.55,15.35,40.24,52.95
2024-03-30,0.922,81.36,16.66,27.94,36.76
2024-03-31,0.148,30.56,16.54,6.05,7.96
2024-04-01,0.086,18.49,16.06,1.0,1.43
2024-04-02,0.068,17.77,15.97,0.66,1.15
2024-04-03,0.057,17.63,15.96,0.53,1.14
2024-04-04,1.908,98.23,14.91,35.98,47.34
2024-04-05,0.946,111.52,17.8,40.47,53.25
2024-04-06,0.138,34.43,16.48,7.75,10.2
2024-04-07,0.085,18.62,16.03,1.08,1.51
2024-04-08,0.067,17.79,15.98,0.66,1.15
2024-04-09,0.054,17.65,15.98,0.53,1.14
2024-04-10,0.044,17.49,15.98,0.38,1.13
2024-04-11,0.034,17.3,16.04,0.14,1.12
2024-04-12,0.027,17.07,15.96,0.02,1.09
2024-04-13,2.251,128.16,16.65,48.15,63.36
2024-04-14,1.825,219.42,17.34,87.26,114.82
2024-04-15,2.39,140.99,17.19,53.46,70.34
2024-04-16,0.357,69.0,17.15,22.39,29.46
2024-04-17,0.157,21.15,15.99,2.23,2.93
2024-04-18,0.115,18.15,16.02,0.92,1.21
2024-04-19,0.089,17.96,16.0,0.82,1.14
2024-04-20,0.071,17.82,15.99,0.69,1.14
2024-04-21,0.057,17.66,15.98,0.55,1.14
2024-04-22,0.045,17.6,16.03,0.43,1.13
2024-04-23,0.035,17.28,15.99,0.17,1.12
2024-04-24,0.028,17.15,16.02,0.03,1.1
2024-04-25,0.023,17.08,15.99,0.01,1.08
2024-04-26,0.016,17.03,16.03,0.0,1.0
2024-04-27,0.014,16.96,15.98,0.0,0.97
2024-04-28,0.01,16.99,16.07,0.0,0.92
2024-04-29,0.006,17.05,16.18,0.0,0.87
2024-04-30,0.003,17.15,16.33,0.0,0.82
2024-05-01,0.001,17.41,16.63,0.0,0.78
2024-05-02,0.0,18.25,18.08,0.0,0.17
2024-05-03,0.0,18.1,18.08,0.0,0.03
2024-05-04,4.549,230.89,22.63,89.93,118.33
2024-05-05,0.6,132.64,17.92,49.54,65.18
2024-05-06,0.063,44.42,16.71,11.22,16.5
2024-05-07,0.034,18.04,16.07,0.15,1.82
2024-05-08,0.025,17.27,16.14,0.02,1.11
2024-05-09,0.015,16.98,16.0,0.0,0.98
2024-05-10,0.014,16.98,16.0,0.0,0.98
2024-05-11,0.01,16.97,16.06,0.0,0.91
2024-05-12,0.006,17.04,16.17,0.0,0.87
2024-05-13,0.004,17.21,16.37,0.0,0.83
2024-05-14,0.002,17.1,16.32,0.0,0.79
2024-05-15,0.0,17.0,16.28,0.0,0.72
2024-05-16,0.0,17.3,16.6,0.0,0.7
2024-05-17,0.0,17.26,16.52,0.0,0.75
2024-05-18,0.0,17.31,16.66,0.0,0.66
2024-05-19,0.0,18.22,18.08,0.0,0.15
2024-05-20,0.0,18.11,18.08,0.0,0.03
2024-05-21,0.0,0.0,0.0,0.0,0.0
2024-05-22,0.0,0.0,0.0,0.0,0.0
2024-05-23,0.0,0.0,0.0,0.0,0.0
2024-05-24,0.0,0.0,0.0,0.0,0.0
2024-05-25,0.0,0.0,0.0,0.0,0.0
2024-05-26,0.0,0.0,0.0,0.0,0.0
2024-05-27,0.0,0.0,0.0,0.0,0.0
2024-05-28,0.0,0.0,0.0,0.0,0.0
2024-05-29,0.0,0.0,0.0,0.0,0.0
2024-05-30,0.0,0.0,0.0,0.0,0.0
2024-05-31,0.0,0.0,0.0,0.0,0.0
2024-06-01,0.0,0.0,0.0,0.0,0.0
2024-06-02,0.0,0.0,0.0,0.0,0.0
2024-06-03,0.0,0.0,0.0,0.0,0.0
2024-06-04,0.0,0.0,0.0,0.0,0.0
2024-06-05,0.0,0.0,0.0,0.0,0.0
2024-06-06,0.0,0.0,0.0,0.0,0.0
2024-06-07,0.0,0.0,0.0,0.0,0.0
2024-06-08,0.0,0.0,0.0,0.0,0.0
2024-06-09,0.0,0.0,0.0,0.0,0.0
2024-06-10,0.0,0.0,0.0,0.0,0.0
2024-06-11,0.0,0.0,0.0,0.0,0.0
2024-06-12,0.0,0.0,0.0,0.0,0.0
2024-06-13,0.0,0.0,0.0,0.0,0.0
2024-06-14,0.0,0.0,0.0,0.0,0.0
2024-06-15,0.0,0.0,0.0,0.0,0.0
2024-06-16,0.0,0.0,0.0,0.0,0.0
2024-06-17,0.0,0.0,0.0,0.0,0.0
2024-06-18,0.0,0.0,0.0,0.0,0.0
2024-06-19,0.0,0.0,0.0,0.0,0.0
2024-06-20,0.0,0.0,0.0,0.0,0.0
2024-06-21,0.0,0.0,0.0,0.0,0.0
2024-06-22,0.0,0.0,0.0,0.0,0.0
2024-06-23,0.0,0.0,0.0,0.0,0.0
2024-06-24,0.0,0.0,0.0,0.0,0.0
2024-06-25,0.0,0.0,0.0,0.0,0.0
2024-06-26,0.0,0.0,0.0,0.0,0.0
2024-06-27,0.0,0.0,0.0,0.0,0.0
2024-06-28,0.0,0.0,0.0,0.0,0.0
2024-06-29,0.0,0.0,0.0,0.0,0.0
2024-06-30,0.0,0.0,0.0,0.0,0.0
2024-07-01,0.0,0.0,0.0,0.0,0.0
2024-07-02,0.0,0.0,0.0,0.0,0.0
2024-07-03,0.0,0.0,0.0,0.0,0.0
2024-07-04,0.0,0.0,0.0,0.0,0.0
2024-07-05,0.0,0.0,0.0,0.0,0.0
2024-07-06,0.0,0.0,0.0,0.0,0.0
2024-07-07,0.0,0.0,0.0,0.0,0.0
2024-07-08,0.0,0.0,0.0,0.0,0.0
2024-07-09,0.0,0.0,0.0,0.0,0.0
2024-07-10,0.0,0.0,0.0,0.0,0.0
2024-07-11,0.0,0.0,0.0,0.0,0.0
2024-07-12,0.0,0.0,0.0,0.0,0.0
2024-07-13,0.0,0.0,0.0,0.0,0.0
2024-07-14,0.0,0.0,0.0,0.0,0.0
2024-07-15,0.0,0.0,0.0,0.0,0.0
2024-07-16,0.0,0.0,0.0,0.0,0.0
2024-07-17,0.0,0.0,0.0,0.0,0.0
2024-07-18,0.0,0.0,0.0,0.0,0.0
2024-07-19,0.0,0.0,0.0,0.0,0.0
2024-07-20,0.0,0.0,0.0,0.0,0.0
2024-07-21,0.0,0.0,0.0,0.0,0.0
2024-07-22,0.0,0.0,0.0,0.0,0.0
2024-07-23,0.0,0.0,0.0,0.0,0.0
2024-07-24,0.0,0.0,0.0,0.0,0.0
2024-07-25,0.0,0.0,0.0,0.0,0.0
2024-07-26,0.0,0.0,0.0,0.0,0.0
2024-07-27,0.0,0.0,0.0,0.0,0.0
2024-07-28,0.0,0.0,0.0,0.0,0.0
2024-07-29,0.0,0.0,0.0,0.0,0.0
2024-07-30,0.0,0.0,0.0,0.0,0.0
2024-07-31,0.0,0.0,0.0,0.0,0.0
2024-08-01,0.0,0.0,0.0,0.0,0.0
2024-08-02,0.0,0.0,0.0,0.0,0.0
2024-08-03,0.0,0.0,0.0,0.0,0.0
2024-08-04,0.0,0.0,0.0,0.0,0.0
2024-08-05,0.0,0.0,0.0,0.0,0.0
2024-08-06,0.0,0.0,0.0,0.0,0.0
2024-08-07,0.0,0.0,0.0,0.0,0.0
2024-08-08,0.0,0.0,0.0,0.0,0.0
2024-08-09,0.0,0.0,0.0,0.0,0.0
2024-08-10,0.0,0.0,0.0,0.0,0.0
2024-08-11,0.0,0.0,0.0,0.0,0.0
2024-08-12,0.0,0.0,0.0,0.0,0.0
2024-08-13,0.0,0.0,0.0,0.0,0.0
2024-08-14,0.0,0.0,0.0,0.0,0.0
2024-08-15,0.0,0.0,0.0,0.0,0.0
2024-08-16,0.0,0.0,0.0,0.0,0.0
2024-08-17,0.0,0.0,0.0,0.0,0.0
2024-08-18,0.0,0.0,0.0,0.0,0.0
2024-08-19,0.0,0.0,0.0,0.0,0.0
2024-08-20,0.0,0.0,0.0,0.0,0.0
2024-08-21,0.0,0.0,0.0,0.0,0.0
2024-08-22,0.0,0.0,0.0,0.0,0.0
2024-08-23,0.0,0.0,0.0,0.0,0.0
2024-08-24,0.0,0.0,0.0,0.0,0.0
2024-08-25,0.0,0.0,0.0,0.0,0.0
2024-08-26,0.0,0.0,0.0,0.0,0.0
2024-08-27,0.0,0.0,0.0,0.0,0.0
2024-08-28,0.0,0.0,0.0,0.0,0.0
2024-08-29,0.0,0.0,0.0,0.0,0.0
2024-08-30,0.0,0.0,0.0,0.0,0.0
2024-08-31,0.0,0.0,0.0,0.0,0.0
2024-09-01,0.0,0.0,0.0,0.0,0.0
2024-09-02,0.0,0.0,0.0,0.0,0.0
2024-09-03,0.0,0.0,0.0,0.0,0.0
2024-09-04,0.0,0.0,0.0,0.0,0.0
2024-09-05,0.0,0.0,0.0,0.0,0.0
2024-09-06,0.0,0.0,0.0,0.0,0.0
2024-09-07,0.0,0.0,0.0,0.0,0.0
2024-09-08,0.0,0.0,0.0,0.0,0.0
2024-09-09,0.0,0.0,0.0,0.0,0.0
2024-09-10,0.0,0.0,0.0,0.0,0.0
2024-09-11,0.0,0.0,0.0,0.0,0.0
2024-09-12,0.0,0.0,0.0,0.0,0.0
2024-09-13,0.0,0.0,0.0,0.0,0.0
2024-09-14,0.0,0.0,0.0,0.0,0.0
2024-09-15,0.0,0.0,0.0,0.0,0.0
2024-09-16,0.0,0.0,0.0,0.0,0.0
2024-09-17,0.0,0.0,0.0,0.0,0.0
2024-09-18,0.0,0.0,0.0,0.0,0.0
2024-09-19,0.0,0.0,0.0,0.0,0.0
2024-09-20,0.0,0.0,0.0,0.0,0.0
2024-09-21,0.0,0.0,0.0,0.0,0.0
2024-09-22,0.0,0.0,0.0,0.0,0.0
2024-09-23,0.0,0.0,0.0,0.0,0.0
2024-09-24,0.0,0.0,0.0,0.0,0.0
2024-09-25,0.0,0.0,0.0,0.0,0.0
2024-09-26,0.0,0.0,0.0,0.0,0.0
2024-09-27,0.0,0.0,0.0,0.0,0.0
2024-09-28,0.0,0.0,0.0,0.0,0.0
2024-09-29,0.0,0.0,0.0,0.0,0.0
2024-09-30,0.0,0.0,0.0,0.0,0.0
2024-10-01,0.0,0.0,0.0,0.0,0.0
2024-10-02,0.0,0.0,0.0,0.0,0.0
2024-10-03,0.0,0.0,0.0,0.0,0.0
2024-10-04,0.0,0.0,0.0,0.0,0.0
2024-10-05,0.0,0.0,0.0,0.0,0.0
2024-10-06,0.0,0.0,0.0,0.0,0.0
2024-10-07,0.0,0.0,0.0,0.0,0.0
2024-10-08,0.0,0.0,0.0,0.0,0.0
2024-10-09,0.0,0.0,0.0,0.0,0.0
2024-10-10,0.0,0.0,0.0,0.0,0.0
2024-10-11,0.0,0.0,0.0,0.0,0.0
2024-10-12,0.0,0.0,0.0,0.0,0.0
2024-10-13,0.0,0.0,0.0,0.0,0.0
2024-10-14,0.0,0.0,0.0,0.0,0.0
2024-10-15,0.0,0.0,0.0,0.0,0.0
2024-10-16,0.0,0.0,0.0,0.0,0.0
2024-10-17,0.0,0.0,0.0,0.0,0.0
2024-10-18,0.0,0.0,0.0,0.0,0.0
2024-10-19,0.0,0.0,0.0,0.0,0.0
2024-10-20,0.0,0.0,0.0,0.0,0.0
2024-10-21,0.0,0.0,0.0,0.0,0.0
2024-10-22,0.0,0.0,0.0,0.0,0.0
2024-10-23,0.0,0.0,0.0,0.0,0.0
2024-10-24,0.0,0.0,0.0,0.0,0.0
2024-10-25,0.0,0.0,0.0,0.0,0.0
2024-10-26,0.0,0.0,0.0,0.0,0.0
2024-10-27,0.0,0.0,0.0,0.0,0.0
2024-10-28,0.0,0.0,0.0,0.0,0.0
2024-10-29,0.0,0.0,0.0,0.0,0.0
2024-10-30,0.0,0.0,0.0,0.0,0.0
2024-10-31,0.0,0.0,0.0,0.0,0.0
2024-11-01,0.0,0.0,0.0,0.0,0.0
2024-11-02,0.0,0.0,0.0,0.0,0.0
2024-11-03,0.0,0.0,0.0,0.0,0.0
2024-11-04,0.0,0.0,0.0,0.0,0.0
2024-11-05,0.0,0.0,0.0,0.0,0.0
2024-11-06,0.0,0.0,0.0,0.0,0.0
2024-11-07,0.0,0.0,0.0,0.0,0.0
2024-11-08,0.0,0.0,0.0,0.0,0.0
2024-11-09,0.0,0.0,0.0,0.0,0.0
2024-11-10,0.0,0.0,0.0,0.0,0.0
2024-11-11,1.269,84.05,15.46,29.62,38.97
2024-11-12,0.288,77.0,18.07,25.42,33.51
2024-11-13,0.013,36.74,17.96,0.49,18.3
2024-11-14,0.033,24.11,14.7,3.82,5.59
2024-11-15,0.02,23.02,17.69,1.04,4.29
2024-11-16,0.001,18.4,17.4,0.0,1.0
2024-11-17,0.001,16.74,15.98,0.0,0.76
2024-11-18,0.0,16.85,16.07,0.0,0.78
2024-11-19,0.0,16.71,15.91,0.0,0.8
2024-11-20,0.0,16.7,15.91,0.0,0.8
2024-11-21,0.0,16.73,15.93,0.0,0.8
2024-11-22,7.877,255.46,29.27,96.69,129.5
2024-11-23,2.444,197.61,24.31,73.61,99.7
2024-11-24,0.11,89.52,17.81,29.71,41.99
2024-11-25,0.159,33.49,13.4,8.32,11.76
2024-11-26,0.563,45.16,16.32,12.45,16.39
2024-11-27,0.063,36.63,17.74,7.56,11.33
2024-11-28,0.009,18.67,16.51,0.0,2.16
2024-11-29,0.006,16.84,15.99,0.0,0.85
2024-11-30,0.004,16.8,15.97,0.0,0.83
2024-12-01,0.004,16.79,15.97,0.0,0.82
2024-12-02,0.003,16.77,15.95,0.0,0.82
2024-12-03,0.003,16.77,15.96,0.0,0.81
2024-12-04,0.002,16.76,15.95,0.0,0.81
2024-12-05,0.002,16.75,15.94,0.0,0.81
2024-12-06,0.001,16.78,15.98,0.0,0.8
2024-12-07,0.001,16.75,15.95,0.0,0.8
2024-12-08,0.001,16.76,15.96,0.0,0.8
2024-12-09,0.001,16.87,16.08,0.0,0.78
2024-12-10,0.001,16.77,15.98,0.0,0.79
2024-12-11,0.074,0.11,0.1,0.0,0.01
2024-12-12,3.99,250.86,20.4,99.52,130.94
2024-12-13,0.486,76.46,15.48,26.33,34.64
2024-12-14,7.593,278.44,26.72,108.7,143.02
2024-12-15,0.418,133.63,17.95,49.95,65.73
2024-12-16,2.271,191.7,17.91,74.99,98.79
2024-12-17,0.5,151.22,17.97,57.52,75.72
2024-12-18,0.039,56.29,17.04,13.97,25.27
2024-12-19,0.017,18.21,16.09,0.0,2.12
2024-12-20,0.013,16.98,16.03,0.0,0.95
2024-12-21,0.01,16.78,15.9,0.0,0.88
2024-12-22,0.009,16.84,15.95,0.0,0.89
2024-12-23,0.566,39.33,14.08,10.88,14.37
2024-12-24,5.127,156.37,20.82,58.53,77.02
2024-12-25,0.47,90.98,17.97,31.53,41.48
2024-12-26,0.898,96.82,11.76,36.63,48.42
2024-12-27,4.259,173.13,23.56,64.58,84.98
2024-12-28,0.213,79.06,17.64,26.52,34.9
2024-12-29,1.739,119.42,16.05,44.64,58.73
2024-12-30,0.226,91.38,17.73,31.8,41.85
2024-12-31,0.039,26.92,16.38,3.48,7.06
2025-01-01,0.027,17.28,15.96,0.01,1.31
2025-01-02,0.022,16.97,15.91,0.01,1.05
2025-01-03,0.076,25.82,15.5,4.36,5.97
2025-01-04,0.033,20.39,16.65,0.93,2.81
2025-01-05,0.019,17.01,15.95,0.0,1.06
2025-01-06,0.017,16.85,15.87,0.0,0.98
2025-01-07,0.012,17.59,16.63,0.0,0.95
2025-01-08,0.004,15.5,14.74,0.0,0.77
2025-01-09,0.009,16.76,15.84,0.0,0.92
2025-01-10,0.008,16.81,15.92,0.0,0.88
2025-01-11,0.006,17.33,16.46,0.0,0.87
2025-01-12,0.002,15.97,15.24,0.0,0.73
2025-01-13,0.003,16.99,16.14,0.0,0.85
2025-01-14,0.002,16.8,15.97,0.0,0.83
2025-01-15,0.002,16.73,15.91,0.0,0.81
2025-01-16,0.002,16.8,15.98,0.0,0.82
2025-01-17,0.001,16.89,16.09,0.0,0.8
2025-01-18,0.001,16.96,16.16,0.0,0.79
2025-01-19,0.0,17.18,16.4,0.0,0.78
2025-01-20,0.0,17.45,16.77,0.0,0.69
2025-01-21,0.0,18.25,18.08,0.0,0.18
2025-01-22,0.0,18.1,18.08,0.0,0.03
2025-01-23,0.0,18.08,18.08,0.0,0.01
2025-01-24,0.0,0.0,0.0,0.0,0.0
2025-01-25,0.0,0.0,0.0,0.0,0.0
2025-01-26,0.0,0.0,0.0,0.0,0.0
2025-01-27,0.0,0.0,0.0,0.0,0.0
2025-01-28,0.0,0.0,0.0,0.0,0.0
2025-01-29,0.0,0.0,0.0,0.0,0.0
2025-01-30,0.0,0.0,0.0,0.0,0.0
2025-01-31,0.0,0.0,0.0,0.0,0.0
2025-02-01,2.555,150.27,19.22,56.58,74.46
2025-02-02,1.18,85.24,16.64,29.62,38.98
2025-02-03,0.244,39.36,13.28,11.16,14.93
2025-02-04,7.287,180.39,23.34,67.81,89.24
2025-02-05,1.311,130.11,19.34,47.83,62.93
2025-02-06,2.306,86.1,15.51,30.48,40.1
2025-02-07,0.974,93.94,17.95,32.81,43.17
2025-02-08,0.087,39.15,16.87,9.32,12.96
2025-02-09,0.044,18.08,16.0,0.36,1.72
2025-02-10,0.037,17.14,15.94,0.06,1.15
2025-02-11,0.031,17.16,16.02,0.02,1.12
2025-02-12,0.143,3.1,2.85,0.01,0.24
2025-02-13,11.722,331.92,30.54,125.46,175.92
2025-02-14,1.317,83.79,17.43,28.26,38.1
2025-02-15,0.19,30.04,16.52,5.77,7.76
2025-02-16,0.119,18.44,15.98,1.06,1.4
2025-02-17,0.1,17.96,15.95,0.87,1.14
2025-02-18,0.083,17.97,15.97,0.86,1.14
2025-02-19,0.075,17.85,15.85,0.86,1.14
2025-02-20,0.063,17.82,16.01,0.68,1.14
2025-02-21,0.053,17.56,15.92,0.5,1.14
2025-02-22,0.046,17.46,15.93,0.39,1.14
2025-02-23,0.043,17.19,15.88,0.18,1.14
2025-02-24,0.036,17.13,15.95,0.06,1.12
2025-02-25,0.031,17.1,15.97,0.03,1.11
2025-02-26,0.026,17.02,15.92,0.01,1.09
2025-02-27,0.022,17.04,15.96,0.01,1.07
2025-02-28,0.018,17.02,15.99,0.0,1.02
2025-03-01,0.015,16.98,15.99,0.0,0.98
2025-03-02,0.011,17.01,16.08,0.0,0.93
2025-03-03,0.01,16.72,15.8,0.0,0.92
2025-03-04,0.01,16.76,15.85,0.0,0.92
2025-03-05,0.009,17.02,16.12,0.0,0.9
2025-03-06,0.006,16.71,15.86,0.0,0.85
2025-03-07,0.006,16.79,15.91,0.0,0.87
2025-03-08,0.005,16.86,16.01,0.0,0.85
2025-03-09,0.004,16.89,16.06,0.0,0.83
2025-03-10,0.002,16.93,16.11,0.0,0.82
2025-03-11,0.001,17.14,16.33,0.0,0.8
2025-03-12,0.294,51.87,12.9,16.72,22.25
2025-03-13,1.021,52.84,16.51,15.68,20.66
2025-03-14,1.507,85.01,15.67,29.94,39.39
2025-03-15,0.188,61.51,17.91,18.68,24.92
2025-03-16,0.018,23.69,16.73,0.01,6.95
2025-03-17,0.225,57.81,15.69,18.17,23.95
2025-03-18,0.024,32.27,17.15,3.46,11.66
2025-03-19,0.01,17.52,16.25,0.0,1.27
2025-03-20,0.006,16.95,16.08,0.0,0.86
2025-03-21,0.004,16.52,15.69,0.0,0.83
2025-03-22,0.004,16.79,15.95,0.0,0.85
2025-03-23,0.004,16.91,16.07,0.0,0.84
2025-03-24,0.002,17.05,16.24,0.0,0.81
2025-03-25,0.001,17.28,16.51,0.0,0.77
2025-03-26,0.0,17.46,16.85,0.0,0.61
2025-03-27,0.0,16.93,16.22,0.0,0.71
2025-03-28,0.0,16.92,16.13,0.0,0.79
2025-03-29,0.0,17.32,16.55,0.0,0.76
2025-03-30,0.0,18.27,18.08,0.0,0.19
2025-03-31,0.128,44.45,15.67,12.26,16.52
2025-04-01,0.466,69.2,15.58,23.06,30.56
2025-04-02,0.06,60.07,18.04,16.63,25.4
2025-04-03,0.003,25.23,17.55,0.0,7.68
2025-04-04,0.0,17.88,16.86,0.0,1.02
2025-04-05,0.0,16.93,16.16,0.0,0.77
2025-04-06,0.0,17.0,16.21,0.0,0.79
2025-04-07,0.0,16.9,16.14,0.0,0.75
2025-04-08,0.0,17.2,16.4,0.0,0.8
2025-04-09,0.0,17.62,17.03,0.0,0.59
2025-04-10,0.0,18.23,18.08,0.0,0.15
2025-04-11,0.0,18.11,18.08,0.0,0.03
2025-04-12,0.0,0.0,0.0,0.0,0.0
2025-04-13,0.0,0.0,0.0,0.0,0.0
2025-04-14,0.0,0.0,0.0,0.0,0.0
2025-04-15,0.0,0.0,0.0,0.0,0.0
2025-04-16,0.0,0.0,0.0,0.0,0.0
2025-04-17,0.0,0.0,0.0,0.0,0.0
2025-04-18,0.0,0.0,0.0,0.0,0.0
2025-04-19,0.0,0.0,0.0,0.0,0.0
2025-04-20,0.0,0.0,0.0,0.0,0.0
2025-04-21,0.0,0.0,0.0,0.0,0.0
2025-04-22,0.0,0.0,0.0,0.0,0.0
2025-04-23,0.0,0.0,0.0,0.0,0.0
2025-04-24,0.0,0.0,0.0,0.0,0.0
2025-04-25,0.0,0.0,0.0,0.0,0.0
2025-04-26,0.0,0.0,0.0,0.0,0.0
2025-04-27,0.0,0.0,0.0,0.0,0.0
2025-04-28,0.0,0.0,0.0,0.0,0.0
2025-04-29,0.0,0.0,0.0,0.0,0.0
2025-04-30,0.0,0.0,0.0,0.0,0.0
2025-05-01,0.0,0.0,0.0,0.0,0.0
2025-05-02,0.0,0.0,0.0,0.0,0.0
2025-05-03,0.0,0.0,0.0,0.0,0.0
2025-05-04,0.0,0.0,0.0,0.0,0.0
2025-05-05,0.0,0.0,0.0,0.0,0.0
2025-05-06,0.0,0.0,0.0,0.0,0.0
2025-05-07,0.0,0.0,0.0,0.0,0.0
2025-05-08,0.0,0.0,0.0,0.0,0.0
2025-05-09,0.0,0.0,0.0,0.0,0.0
2025-05-10,0.0,0.0,0.0,0.0,0.0
2025-05-11,0.0,0.0,0.0,0.0,0.0
2025-05-12,0.527,82.82,15.81,28.94,38.08
2025-05-13,0.074,69.55,18.07,20.88,30.6
2025-05-14,0.003,30.2,17.99,0.0,12.22
2025-05-15,0.0,18.92,17.33,0.0,1.59
2025-05-16,0.0,17.57,16.89,0.0,0.67
2025-05-17,0.0,16.53,16.01,0.0,0.51
2025-05-18,0.0,16.94,16.1,0.0,0.84
2025-05-19,0.0,18.26,18.08,0.0,0.18
2025-05-20,0.0,18.11,18.08,0.0,0.03
2025-05-21,0.0,0.0,0.0,0.0,0.0
2025-05-22,0.0,0.0,0.0,0.0,0.0
2025-05-23,0.0,0.0,0.0,0.0,0.0
2025-05-24,0.0,0.0,0.0,0.0,0.0
2025-05-25,0.0,0.0,0.0,0.0,0.0
2025-05-26,0.0,0.0,0.0,0.0,0.0
2025-05-27,0.0,0.0,0.0,0.0,0.0
2025-05-28,0.0,0.0,0.0,0.0,0.0
2025-05-29,0.0,0.0,0.0,0.0,0.0
2025-05-30,0.0,0.0,0.0,0.0,0.0
2025-05-31,0.0,0.0,0.0,0.0,0.0
2025-06-01,0.0,0.0,0.0,0.0,0.0
2025-06-02,0.0,0.0,0.0,0.0,0.0
2025-06-03,0.0,0.0,0.0,0.0,0.0
2025-06-04,0.0,0.0,0.0,0.0,0.0
2025-06-05,0.0,0.0,0.0,0.0,0.0
2025-06-06,0.0,0.0,0.0,0.0,0.0
2025-06-07,0.0,0.0,0.0,0.0,0.0
2025-06-08,0.0,0.0,0.0,0.0,0.0
2025-06-09,0.0,0.0,0.0,0.0,0.0
2025-06-10,0.0,0.0,0.0,0.0,0.0
2025-06-11,0.0,0.0,0.0,0.0,0.0
2025-06-12,0.0,0.0,0.0,0.0,0.0
2025-06-13,0.0,0.0,0.0,0.0,0.0
2025-06-14,0.0,0.0,0.0,0.0,0.0
2025-06-15,0.0,0.0,0.0,0.0,0.0
2025-06-16,0.0,0.0,0.0,0.0,0.0
2025-06-17,0.0,0.0,0.0,0.0,0.0
2025-06-18,0.0,0.0,0.0,0.0,0.0
2025-06-19,0.0,0.0,0.0,0.0,0.0
2025-06-20,0.0,0.0,0.0,0.0,0.0
2025-06-21,0.0,0.0,0.0,0.0,0.0
2025-06-22,0.0,0.0,0.0,0.0,0.0
2025-06-23,0.0,0.0,0.0,0.0,0.0
2025-06-24,0.0,0.0,0.0,0.0,0.0
2025-06-25,0.0,0.0,0.0,0.0,0.0
2025-06-26,0.0,0.0,0.0,0.0,0.0
2025-06-27,0.0,0.0,0.0,0.0,0.0
2025-06-28,0.0,0.0,0.0,0.0,0.0
2025-06-29,0.0,0.0,0.0,0.0,0.0
2025-06-30,0.0,0.0,0.0,0.0,0.0
2025-07-01,0.0,0.0,0.0,0.0,0.0
2025-07-02,0.0,0.0,0.0,0.0,0.0
2025-07-03,0.0,0.0,0.0,0.0,0.0
2025-07-04,0.0,0.0,0.0,0.0,0.0
2025-07-05,0.0,0.0,0.0,0.0,0.0
2025-07-06,0.0,0.0,0.0,0.0,0.0
2025-07-07,0.0,0.0,0.0,0.0,0.0
2025-07-08,0.0,0.0,0.0,0.0,0.0
2025-07-09,0.0,0.0,0.0,0.0,0.0
2025-07-10,0.0,0.0,0.0,0.0,0.0
2025-07-11,0.0,0.0,0.0,0.0,0.0
2025-07-12,0.0,0.0,0.0,0.0,0.0
2025-07-13,0.0,0.0,0.0,0.0,0.0
2025-07-14,0.0,0.0,0.0,0.0,0.0
2025-07-15,0.0,0.0,0.0,0.0,0.0
2025-07-16,0.0,0.0,0.0,0.0,0.0
2025-07-17,0.0,0.0,0.0,0.0,0.0
2025-07-18,0.0,0.0,0.0,0.0,0.0
2025-07-19,0.0,0.0,0.0,0.0,0.0
2025-07-20,0.0,0.0,0.0,0.0,0.0
2025-07-21,0.0,0.0,0.0,0.0,0.0
2025-07-22,0.0,0.0,0.0,0.0,0.0
2025-07-23,0.0,0.0,0.0,0.0,0.0
2025-07-24,0.0,0.0,0.0,0.0,0.0
2025-07-25,0.0,0.0,0.0,0.0,0.0
2025-07-26,0.0,0.0,0.0,0.0,0.0
2025-07-27,0.0,0.0,0.0,0.0,0.0
2025-07-28,0.0,0.0,0.0,0.0,0.0
2025-07-29,0.0,0.0,0.0,0.0,0.0
2025-07-30,0.0,0.0,0.0,0.0,0.0
2025-07-31,0.0,0.0,0.0,0.0,0.0
2025-08-01,0.0,0.0,0.0,0.0,0.0
2025-08-02,0.0,0.0,0.0,0.0,0.0
2025-08-03,0.0,0.0,0.0,0.0,0.0
2025-08-04,0.0,0.0,0.0,0.0,0.0
2025-08-05,0.0,0.0,0.0,0.0,0.0
2025-08-06,0.0,0.0,0.0,0.0,0.0
2025-08-07,0.0,0.0,0.0,0.0,0.0
2025-08-08,0.0,0.0,0.0,0.0,0.0
2025-08-09,0.0,0.0,0.0,0.0,0.0
2025-08-10,0.0,0.0,0.0,0.0,0.0
2025-08-11,0.0,0.0,0.0,0.0,0.0
2025-08-12,0.0,0.0,0.0,0.0,0.0
2025-08-13,0.0,0.0,0.0,0.0,0.0
2025-08-14,0.0,0.0,0.0,0.0,0.0
2025-08-15,0.0,0.0,0.0,0.0,0.0
2025-08-16,0.0,0.0,0.0,0.0,0.0
2025-08-17,0.0,0.0,0.0,0.0,0.0
2025-08-18,0.0,0.0,0.0,0.0,0.0
2025-08-19,0.0,0.0,0.0,0.0,0.0
2025-08-20,0.0,0.0,0.0,0.0,0.0
2025-08-21,0.0,0.0,0.0,0.0,0.0
2025-08-22,0.0,0.0,0.0,0.0,0.0
2025-08-23,0.0,0.0,0.0,0.0,0.0
2025-08-24,0.0,0.0,0.0,0.0,0.0
2025-08-25,0.0,0.0,0.0,0.0,0.0
2025-08-26,0.0,0.0,0.0,0.0,0.0
2025-08-27,0.0,0.0,0.0,0.0,0.0
2025-08-28,0.0,0.0,0.0,0.0,0.0
2025-08-29,0.0,0.0,0.0,0.0,0.0
2025-08-30,0.0,0.0,0.0,0.0,0.0
2025-08-31,0.0,0.0,0.0,0.0,0.0
2025-09-01,0.0,0.0,0.0,0.0,0.0
2025-09-02,0.0,0.0,0.0,0.0,0.0
2025-09-03,0.0,0.0,0.0,0.0,0.0
2025-09-04,0.0,0.0,0.0,0.0,0.0
2025-09-05,0.0,0.0,0.0,0.0,0.0
2025-09-06,0.0,0.0,0.0,0.0,0.0
2025-09-07,0.0,0.0,0.0,0.0,0.0
2025-09-08,0.0,0.0,0.0,0.0,0.0
2025-09-09,0.0,0.0,0.0,0.0,0.0
2025-09-10,0.0,0.0,0.0,0.0,0.0
2025-09-11,0.0,0.0,0.0,0.0,0.0
2025-09-12,0.0,0.0,0.0,0.0,0.0
2025-09-13,0.0,0.0,0.0,0.0,0.0
2025-09-14,0.0,0.0,0.0,0.0,0.0
2025-09-15,0.0,0.0,0.0,0.0,0.0
2025-09-16,0.0,0.0,0.0,0.0,0.0
2025-09-17,0.0,0.0,0.0,0.0,0.0
2025-09-18,0.0,0.0,0.0,0.0,0.0
2025-09-19,0.0,0.0,0.0,0.0,0.0
2025-09-20,0.0,0.0,0.0,0.0,0.0
2025-09-21,0.0,0.0,0.0,0.0,0.0
2025-09-22,0.0,0.0,0.0,0.0,0.0
2025-09-23,0.0,0.0,0.0,0.0,0.0
2025-09-24,0.0,0.0,0.0,0.0,0.0
2025-09-25,0.0,0.0,0.0,0.0,0.0
2025-09-26,0.0,0.0,0.0,0.0,0.0
2025-09-27,0.0,0.0,0.0,0.0,0.0
2025-09-28,0.0,0.0,0.0,0.0,0.0
2025-09-29,0.0,0.0,0.0,0.0,0.0
2025-09-30,0.0,0.0,0.0,0.0,0.0
