Date,flow_cms,ssc_mg_L,ssc_sand_mg_L,ssc_silt_mg_L,ssc_clay_mg_L
1995-10-01,0.0,0.0,0.0,0.0,0.0
1995-10-02,0.0,0.0,0.0,0.0,0.0
1995-10-03,0.0,0.0,0.0,0.0,0.0
1995-10-04,0.0,0.0,0.0,0.0,0.0
1995-10-05,0.0,0.0,0.0,0.0,0.0
1995-10-06,0.0,0.0,0.0,0.0,0.0
1995-10-07,0.0,0.0,0.0,0.0,0.0
1995-10-08,0.0,0.0,0.0,0.0,0.0
1995-10-09,0.0,0.0,0.0,0.0,0.0
1995-10-10,0.0,0.0,0.0,0.0,0.0
1995-10-11,0.0,0.0,0.0,0.0,0.0
1995-10-12,0.0,0.0,0.0,0.0,0.0
1995-10-13,0.0,0.0,0.0,0.0,0.0
1995-10-14,0.0,0.0,0.0,0.0,0.0
1995-10-15,0.0,0.0,0.0,0.0,0.0
1995-10-16,0.0,0.0,0.0,0.0,0.0
1995-10-17,0.0,0.0,0.0,0.0,0.0
1995-10-18,0.0,0.0,0.0,0.0,0.0
1995-10-19,0.0,0.0,0.0,0.0,0.0
1995-10-20,0.0,0.0,0.0,0.0,0.0
1995-10-21,0.0,0.0,0.0,0.0,0.0
1995-10-22,0.0,0.0,0.0,0.0,0.0
1995-10-23,0.0,0.0,0.0,0.0,0.0
1995-10-24,0.0,0.0,0.0,0.0,0.0
1995-10-25,0.0,0.0,0.0,0.0,0.0
1995-10-26,0.0,0.0,0.0,0.0,0.0
1995-10-27,0.0,0.0,0.0,0.0,0.0
1995-10-28,0.0,0.0,0.0,0.0,0.0
1995-10-29,0.0,0.0,0.0,0.0,0.0
1995-10-30,0.0,0.0,0.0,0.0,0.0
1995-10-31,0.0,0.0,0.0,0.0,0.0
1995-11-01,0.0,0.0,0.0,0.0,0.0
1995-11-02,0.0,0.0,0.0,0.0,0.0
1995-11-03,0.0,0.0,0.0,0.0,0.0
1995-11-04,0.0,0.0,0.0,0.0,0.0
1995-11-05,0.0,0.0,0.0,0.0,0.0
1995-11-06,0.0,0.0,0.0,0.0,0.0
1995-11-07,0.0,0.0,0.0,0.0,0.0
1995-11-08,0.0,0.0,0.0,0.0,0.0
1995-11-09,0.0,0.0,0.0,0.0,0.0
1995-11-10,0.0,0.0,0.0,0.0,0.0
1995-11-11,0.0,0.0,0.0,0.0,0.0
1995-11-12,0.0,0.0,0.0,0.0,0.0
1995-11-13,0.0,0.0,0.0,0.0,0.0
1995-11-14,0.0,0.0,0.0,0.0,0.0
1995-11-15,0.0,0.0,0.0,0.0,0.0
1995-11-16,0.0,0.0,0.0,0.0,0.0
1995-11-17,0.0,0.0,0.0,0.0,0.0
1995-11-18,0.0,0.0,0.0,0.0,0.0
1995-11-19,0.0,0.0,0.0,0.0,0.0
1995-11-20,0.0,0.0,0.0,0.0,0.0
1995-11-21,0.0,0.0,0.0,0.0,0.0
1995-11-22,0.0,0.0,0.0,0.0,0.0
1995-11-23,0.0,0.0,0.0,0.0,0.0
1995-11-24,0.0,0.0,0.0,0.0,0.0
1995-11-25,0.0,0.0,0.0,0.0,0.0
1995-11-26,0.0,0.0,0.0,0.0,0.0
1995-11-27,0.0,0.0,0.0,0.0,0.0
1995-11-28,0.506,268.59,19.18,107.7,141.71
1995-11-29,1.36,274.44,21.1,109.33,144.0
1995-11-30,0.006,42.56,18.24,0.03,24.29
1995-12-01,0.0,13.5,12.27,0.0,1.09
1995-12-02,0.0,11.57,10.17,0.0,0.92
1995-12-03,0.0,10.13,9.74,0.0,0.92
1995-12-04,1.574,104.78,13.14,39.56,52.08
1995-12-05,0.011,38.33,17.7,3.54,17.09
1995-12-06,0.0,12.25,11.1,0.0,0.99
1995-12-07,0.0,10.72,9.57,0.0,0.9
1995-12-08,0.0,11.09,9.81,0.0,0.92
1995-12-09,0.0,11.05,9.89,0.0,0.93
1995-12-10,8.593,508.24,25.63,205.45,277.15
1995-12-11,45.118,757.66,36.85,302.69,418.12
1995-12-12,12.789,170.38,26.42,61.94,82.02
1995-12-13,1.819,62.88,13.03,21.52,28.32
1995-12-14,1.243,47.59,10.6,15.97,21.02
1995-12-15,6.213,118.4,18.67,43.07,56.67
1995-12-16,0.161,25.54,15.6,4.19,5.75
1995-12-17,0.071,14.42,12.92,0.36,1.14
1995-12-18,1.228,72.9,12.92,25.89,34.09
1995-12-19,0.081,17.85,13.88,1.44,2.53
1995-12-20,1.503,203.48,13.84,81.88,107.76
1995-12-21,1.882,433.42,16.15,180.16,237.12
1995-12-22,3.419,275.25,18.09,111.04,146.11
1995-12-23,0.129,26.82,14.85,5.02,6.96
1995-12-24,0.06,14.8,13.35,0.33,1.13
1995-12-25,0.048,14.45,13.3,0.05,1.1
1995-12-26,0.047,14.35,13.21,0.04,1.1
1995-12-27,0.047,14.38,13.24,0.03,1.1
1995-12-28,0.179,4.0,3.53,0.06,0.4
1995-12-29,9.786,124.03,19.3,45.22,59.51
1995-12-30,2.145,69.22,14.86,23.47,30.88
1995-12-31,0.119,16.67,13.7,1.15,1.82
1996-01-01,0.088,14.95,13.29,0.53,1.13
1996-01-02,0.082,14.83,13.21,0.48,1.13
1996-01-03,0.076,14.8,13.23,0.44,1.13
1996-01-04,0.067,14.8,13.3,0.37,1.13
1996-01-05,0.061,14.43,13.22,0.1,1.12
1996-01-06,0.053,14.5,13.31,0.08,1.11
1996-01-07,0.046,14.41,13.27,0.04,1.1
1996-01-08,0.041,14.37,13.26,0.02,1.09
1996-01-09,0.041,14.27,13.17,0.01,1.09
1996-01-10,0.033,14.37,13.28,0.01,1.07
1996-01-11,0.026,14.41,13.36,0.01,1.05
1996-01-12,0.024,14.28,13.25,0.01,1.03
1996-01-13,0.023,14.26,13.22,0.0,1.03
1996-01-14,0.02,14.44,13.42,0.0,1.02
1996-01-15,6.85,167.27,17.58,64.64,85.05
1996-01-16,13.528,163.59,22.84,60.78,79.97
1996-01-17,3.803,350.36,17.88,143.57,188.91
1996-01-18,4.809,123.37,17.15,45.87,60.36
1996-01-19,4.203,67.02,14.11,22.85,30.07
1996-01-20,2.912,150.17,15.17,58.3,76.71
1996-01-21,3.245,123.93,20.51,44.66,58.76
1996-01-22,0.313,16.14,13.52,1.13,1.49
1996-01-23,2.07,68.29,12.07,24.28,31.95
1996-01-24,7.837,87.25,16.05,30.75,40.46
1996-01-25,5.825,75.03,16.03,25.48,33.52
1996-01-26,2.119,61.2,12.15,21.18,27.87
1996-01-27,12.58,198.38,23.0,74.91,100.46
1996-01-28,1.399,27.21,14.51,5.48,7.22
1996-01-29,1.853,185.58,13.17,74.45,97.96
1996-01-30,16.517,282.62,25.92,107.23,149.47
1996-01-31,18.771,260.28,31.76,94.5,134.02
1996-02-01,1.846,16.74,13.32,1.48,1.95
1996-02-02,1.351,15.0,13.0,0.86,1.14
1996-02-03,8.37,84.68,14.27,30.4,40.0
1996-02-04,19.77,167.87,26.0,61.26,80.61
1996-02-05,3.972,53.27,17.08,15.63,20.56
1996-02-06,1.678,14.97,12.91,0.89,1.17
1996-02-07,1.233,14.8,12.8,0.86,1.14
1996-02-08,0.918,14.7,12.7,0.86,1.14
1996-02-09,0.684,14.61,12.61,0.86,1.14
1996-02-10,0.512,14.52,12.52,0.86,1.14
1996-02-11,0.381,14.42,12.43,0.86,1.14
1996-02-12,0.278,14.33,12.33,0.86,1.14
1996-02-13,0.208,14.21,12.21,0.86,1.14
1996-02-14,0.154,14.04,12.09,0.81,1.14
1996-02-15,3.475,165.66,17.54,63.96,84.16
1996-02-16,1.857,76.67,14.67,26.77,35.23
1996-02-17,1.663,67.93,12.1,24.11,31.72
1996-02-18,4.786,100.86,14.65,37.22,48.98
1996-02-19,9.847,113.82,19.56,40.7,53.56
1996-02-20,10.347,91.53,16.57,32.37,42.59
1996-02-21,11.945,145.59,23.64,52.66,69.29
1996-02-22,3.242,29.8,13.38,7.09,9.33
1996-02-23,1.333,15.13,12.96,0.94,1.24
1996-02-24,1.024,15.81,13.07,1.18,1.56
1996-02-25,0.684,14.79,12.79,0.86,1.14
1996-02-26,0.485,14.69,12.7,0.86,1.13
1996-02-27,5.041,169.23,17.09,65.69,86.44
1996-02-28,3.533,50.95,12.52,16.6,21.84
1996-02-29,2.845,54.5,13.68,17.63,23.19
1996-03-01,0.599,15.36,12.96,1.03,1.36
1996-03-02,0.419,14.73,12.73,0.86,1.14
1996-03-03,0.33,13.99,12.08,0.83,1.09
1996-03-04,8.192,98.91,16.14,35.74,47.03
1996-03-05,2.207,49.3,14.92,14.85,19.53
1996-03-06,0.608,15.16,13.04,0.91,1.2
1996-03-07,0.44,14.88,12.88,0.86,1.14
1996-03-08,0.307,14.83,12.83,0.86,1.13
1996-03-09,0.216,14.74,12.75,0.86,1.14
1996-03-10,0.686,50.13,12.36,16.31,21.46
1996-03-11,7.113,114.47,16.0,42.52,55.95
1996-03-12,11.084,191.5,25.2,71.81,94.49
1996-03-13,1.056,16.14,13.19,1.28,1.68
1996-03-14,0.712,14.86,12.86,0.86,1.14
1996-03-15,0.51,14.78,12.78,0.86,1.14
1996-03-16,0.363,14.7,12.71,0.86,1.14
1996-03-17,0.251,14.63,12.64,0.86,1.14
1996-03-18,0.176,14.48,12.54,0.81,1.14
1996-03-19,0.119,14.26,12.46,0.66,1.14
1996-03-20,0.077,13.91,12.39,0.39,1.13
1996-03-21,0.117,23.87,13.68,4.23,5.97
1996-03-22,0.055,20.76,15.35,2.1,3.31
1996-03-23,0.022,13.39,12.36,0.0,1.02
1996-03-24,0.018,13.58,12.56,0.0,1.02
1996-03-25,0.01,13.42,12.43,0.0,0.98
1996-03-26,0.005,13.16,12.19,0.0,0.96
1996-03-27,0.001,10.82,9.96,0.0,0.91
1996-03-28,0.001,12.25,11.33,0.0,0.95
1996-03-29,0.0,13.99,13.17,0.0,0.94
1996-03-30,0.0,15.43,14.23,0.0,0.96
1996-03-31,0.0,0.0,0.0,0.0,0.0
1996-04-01,11.506,574.9,30.72,229.49,314.69
1996-04-02,0.412,27.09,14.41,5.42,7.25
1996-04-03,0.201,14.8,12.82,0.83,1.15
1996-04-04,0.145,14.69,12.79,0.76,1.14
1996-04-05,0.106,14.4,12.74,0.53,1.13
1996-04-06,0.075,14.23,12.7,0.4,1.13
1996-04-07,0.054,14.0,12.66,0.22,1.12
1996-04-08,0.038,13.74,12.61,0.03,1.1
1996-04-09,0.027,13.7,12.62,0.01,1.07
1996-04-10,0.018,13.55,12.53,0.0,1.02
1996-04-11,0.012,13.64,12.64,0.0,1.0
1996-04-12,0.006,13.36,12.39,0.0,0.96
1996-04-13,0.003,12.95,11.98,0.0,0.95
1996-04-14,0.001,11.57,10.57,0.0,0.94
1996-04-15,0.0,11.57,11.7,0.0,0.3
1996-04-16,2.124,83.02,12.88,30.27,39.86
1996-04-17,1.035,61.59,12.18,21.32,28.08
1996-04-18,1.18,47.97,14.55,14.43,19.0
1996-04-19,0.113,16.12,13.8,0.88,1.44
1996-04-20,0.074,15.32,13.71,0.48,1.12
1996-04-21,0.065,15.09,13.6,0.37,1.13
1996-04-22,0.046,15.14,13.75,0.29,1.1
1996-04-23,0.032,14.77,13.65,0.03,1.09
1996-04-24,0.025,14.71,13.64,0.01,1.06
1996-04-25,0.019,14.69,13.65,0.01,1.04
1996-04-26,0.012,14.83,13.83,0.0,1.0
1996-04-27,0.007,15.42,14.43,0.0,0.98
1996-04-28,0.003,16.2,15.29,0.0,0.95
1996-04-29,0.001,17.56,16.63,0.0,0.94
1996-04-30,0.0,17.36,16.36,0.0,0.91
1996-05-01,0.0,17.36,17.19,0.0,0.95
1996-05-02,0.0,0.0,0.0,0.0,0.0
1996-05-03,0.0,0.0,0.0,0.0,0.0
1996-05-04,0.0,0.0,0.0,0.0,0.0
1996-05-05,0.0,0.0,0.0,0.0,0.0
1996-05-06,0.0,0.0,0.0,0.0,0.0
1996-05-07,0.0,0.0,0.0,0.0,0.0
1996-05-08,0.0,0.0,0.0,0.0,0.0
1996-05-09,0.0,0.0,0.0,0.0,0.0
1996-05-10,0.0,0.0,0.0,0.0,0.0
1996-05-11,0.0,0.0,0.0,0.0,0.0
1996-05-12,0.0,0.0,0.0,0.0,0.0
1996-05-13,0.0,0.0,0.0,0.0,0.0
1996-05-14,9.789,180.69,21.64,68.68,90.37
1996-05-15,8.792,125.66,18.73,46.17,60.76
1996-05-16,5.59,98.68,20.51,33.76,44.42
1996-05-17,1.102,54.04,12.24,18.05,23.75
1996-05-18,0.786,41.55,14.6,11.64,15.31
1996-05-19,0.356,15.37,13.32,0.89,1.17
1996-05-20,0.282,15.25,13.26,0.86,1.14
1996-05-21,1.361,46.57,12.88,14.54,19.14
1996-05-22,0.255,16.2,13.58,1.11,1.51
1996-05-23,0.176,15.21,13.29,0.78,1.13
1996-05-24,0.127,15.15,13.33,0.69,1.13
1996-05-25,0.099,14.87,13.21,0.53,1.13
1996-05-26,0.079,14.73,13.14,0.45,1.13
1996-05-27,0.063,14.64,13.13,0.39,1.12
1996-05-28,0.049,14.53,13.16,0.25,1.12
1996-05-29,0.038,14.26,13.1,0.06,1.1
1996-05-30,0.029,14.16,13.05,0.02,1.09
1996-05-31,0.022,14.08,13.03,0.01,1.05
1996-06-01,0.017,13.98,12.96,0.0,1.02
1996-06-02,0.011,14.3,13.3,0.0,1.0
1996-06-03,0.005,14.59,13.63,0.0,0.97
1996-06-04,0.001,14.49,13.55,0.0,0.94
1996-06-05,0.001,14.47,13.55,0.0,0.93
1996-06-06,0.0,15.43,15.04,0.0,0.73
1996-06-07,0.0,0.0,0.0,0.0,0.0
1996-06-08,0.0,0.0,0.0,0.0,0.0
1996-06-09,0.0,0.0,0.0,0.0,0.0
1996-06-10,0.0,0.0,0.0,0.0,0.0
1996-06-11,0.0,0.0,0.0,0.0,0.0
1996-06-12,0.0,0.0,0.0,0.0,0.0
1996-06-13,0.0,0.0,0.0,0.0,0.0
1996-06-14,0.0,0.0,0.0,0.0,0.0
1996-06-15,0.0,0.0,0.0,0.0,0.0
1996-06-16,0.0,0.0,0.0,0.0,0.0
1996-06-17,0.0,0.0,0.0,0.0,0.0
1996-06-18,0.0,0.0,0.0,0.0,0.0
1996-06-19,0.0,0.0,0.0,0.0,0.0
1996-06-20,0.0,0.0,0.0,0.0,0.0
1996-06-21,0.0,0.0,0.0,0.0,0.0
1996-06-22,0.0,0.0,0.0,0.0,0.0
1996-06-23,0.0,0.0,0.0,0.0,0.0
1996-06-24,0.0,0.0,0.0,0.0,0.0
1996-06-25,0.0,0.0,0.0,0.0,0.0
1996-06-26,0.0,0.0,0.0,0.0,0.0
1996-06-27,0.0,0.0,0.0,0.0,0.0
1996-06-28,0.0,0.0,0.0,0.0,0.0
1996-06-29,0.0,0.0,0.0,0.0,0.0
1996-06-30,0.0,0.0,0.0,0.0,0.0
1996-07-01,0.0,0.0,0.0,0.0,0.0
1996-07-02,0.0,0.0,0.0,0.0,0.0
1996-07-03,0.0,0.0,0.0,0.0,0.0
1996-07-04,0.0,0.0,0.0,0.0,0.0
1996-07-05,0.0,0.0,0.0,0.0,0.0
1996-07-06,0.0,0.0,0.0,0.0,0.0
1996-07-07,0.0,0.0,0.0,0.0,0.0
1996-07-08,0.0,0.0,0.0,0.0,0.0
1996-07-09,0.0,0.0,0.0,0.0,0.0
1996-07-10,0.0,0.0,0.0,0.0,0.0
1996-07-11,0.0,0.0,0.0,0.0,0.0
1996-07-12,0.0,0.0,0.0,0.0,0.0
1996-07-13,0.0,0.0,0.0,0.0,0.0
1996-07-14,0.0,0.0,0.0,0.0,0.0
1996-07-15,0.0,0.0,0.0,0.0,0.0
1996-07-16,0.0,0.0,0.0,0.0,0.0
1996-07-17,0.0,0.0,0.0,0.0,0.0
1996-07-18,0.0,0.0,0.0,0.0,0.0
1996-07-19,0.0,0.0,0.0,0.0,0.0
1996-07-20,0.0,0.0,0.0,0.0,0.0
1996-07-21,0.0,0.0,0.0,0.0,0.0
1996-07-22,0.0,0.0,0.0,0.0,0.0
1996-07-23,0.0,0.0,0.0,0.0,0.0
1996-07-24,0.0,0.0,0.0,0.0,0.0
1996-07-25,0.0,0.0,0.0,0.0,0.0
1996-07-26,0.0,0.0,0.0,0.0,0.0
1996-07-27,0.0,0.0,0.0,0.0,0.0
1996-07-28,0.0,0.0,0.0,0.0,0.0
1996-07-29,0.0,0.0,0.0,0.0,0.0
1996-07-30,0.0,0.0,0.0,0.0,0.0
1996-07-31,0.0,0.0,0.0,0.0,0.0
1996-08-01,0.0,0.0,0.0,0.0,0.0
1996-08-02,0.0,0.0,0.0,0.0,0.0
1996-08-03,0.0,0.0,0.0,0.0,0.0
1996-08-04,0.0,0.0,0.0,0.0,0.0
1996-08-05,0.0,0.0,0.0,0.0,0.0
1996-08-06,0.0,0.0,0.0,0.0,0.0
1996-08-07,0.0,0.0,0.0,0.0,0.0
1996-08-08,0.0,0.0,0.0,0.0,0.0
1996-08-09,0.0,0.0,0.0,0.0,0.0
1996-08-10,0.0,0.0,0.0,0.0,0.0
1996-08-11,0.0,0.0,0.0,0.0,0.0
1996-08-12,0.0,0.0,0.0,0.0,0.0
1996-08-13,0.0,0.0,0.0,0.0,0.0
1996-08-14,0.0,0.0,0.0,0.0,0.0
1996-08-15,0.0,0.0,0.0,0.0,0.0
1996-08-16,0.0,0.0,0.0,0.0,0.0
1996-08-17,0.0,0.0,0.0,0.0,0.0
1996-08-18,0.0,0.0,0.0,0.0,0.0
1996-08-19,0.0,0.0,0.0,0.0,0.0
1996-08-20,0.0,0.0,0.0,0.0,0.0
1996-08-21,0.0,0.0,0.0,0.0,0.0
1996-08-22,0.0,0.0,0.0,0.0,0.0
1996-08-23,0.0,0.0,0.0,0.0,0.0
1996-08-24,0.0,0.0,0.0,0.0,0.0
1996-08-25,0.0,0.0,0.0,0.0,0.0
1996-08-26,0.0,0.0,0.0,0.0,0.0
1996-08-27,0.0,0.0,0.0,0.0,0.0
1996-08-28,0.0,0.0,0.0,0.0,0.0
1996-08-29,0.0,0.0,0.0,0.0,0.0
1996-08-30,0.0,0.0,0.0,0.0,0.0
1996-08-31,0.0,0.0,0.0,0.0,0.0
1996-09-01,0.0,0.0,0.0,0.0,0.0
1996-09-02,0.0,0.0,0.0,0.0,0.0
1996-09-03,0.0,0.0,0.0,0.0,0.0
1996-09-04,0.0,0.0,0.0,0.0,0.0
1996-09-05,0.0,0.0,0.0,0.0,0.0
1996-09-06,0.0,0.0,0.0,0.0,0.0
1996-09-07,0.0,0.0,0.0,0.0,0.0
1996-09-08,0.0,0.0,0.0,0.0,0.0
1996-09-09,0.0,0.0,0.0,0.0,0.0
1996-09-10,0.0,0.0,0.0,0.0,0.0
1996-09-11,0.0,0.0,0.0,0.0,0.0
1996-09-12,0.0,0.0,0.0,0.0,0.0
1996-09-13,0.0,0.0,0.0,0.0,0.0
1996-09-14,0.0,0.0,0.0,0.0,0.0
1996-09-15,0.0,0.0,0.0,0.0,0.0
1996-09-16,0.0,0.0,0.0,0.0,0.0
1996-09-17,0.0,0.0,0.0,0.0,0.0
1996-09-18,0.0,0.0,0.0,0.0,0.0
1996-09-19,0.0,0.0,0.0,0.0,0.0
1996-09-20,0.0,0.0,0.0,0.0,0.0
1996-09-21,0.0,0.0,0.0,0.0,0.0
1996-09-22,0.0,0.0,0.0,0.0,0.0
1996-09-23,0.0,0.0,0.0,0.0,0.0
1996-09-24,0.0,0.0,0.0,0.0,0.0
1996-09-25,0.0,0.0,0.0,0.0,0.0
1996-09-26,0.0,0.0,0.0,0.0,0.0
1996-09-27,0.0,0.0,0.0,0.0,0.0
1996-09-28,0.0,0.0,0.0,0.0,0.0
1996-09-29,0.0,0.0,0.0,0.0,0.0
1996-09-30,0.0,0.0,0.0,0.0,0.0
1996-10-01,0.0,0.0,0.0,0.0,0.0
1996-10-02,0.0,0.0,0.0,0.0,0.0
1996-10-03,0.0,0.0,0.0,0.0,0.0
1996-10-04,0.0,0.0,0.0,0.0,0.0
1996-10-05,0.0,0.0,0.0,0.0,0.0
1996-10-06,0.0,0.0,0.0,0.0,0.0
1996-10-07,0.0,0.0,0.0,0.0,0.0
1996-10-08,0.0,0.0,0.0,0.0,0.0
1996-10-09,0.0,0.0,0.0,0.0,0.0
1996-10-10,0.0,0.0,0.0,0.0,0.0
1996-10-11,0.0,0.0,0.0,0.0,0.0
1996-10-12,0.0,0.0,0.0,0.0,0.0
1996-10-13,0.0,0.0,0.0,0.0,0.0
1996-10-14,0.0,0.0,0.0,0.0,0.0
1996-10-15,0.0,0.0,0.0,0.0,0.0
1996-10-16,0.0,0.0,0.0,0.0,0.0
1996-10-17,0.0,0.0,0.0,0.0,0.0
1996-10-18,0.0,0.0,0.0,0.0,0.0
1996-10-19,0.0,0.0,0.0,0.0,0.0
1996-10-20,0.0,0.0,0.0,0.0,0.0
1996-10-21,0.0,0.0,0.0,0.0,0.0
1996-10-22,0.0,0.0,0.0,0.0,0.0
1996-10-23,0.0,0.0,0.0,0.0,0.0
1996-10-24,0.0,0.0,0.0,0.0,0.0
1996-10-25,0.0,0.0,0.0,0.0,0.0
1996-10-26,0.0,0.0,0.0,0.0,0.0
1996-10-27,0.0,0.0,0.0,0.0,0.0
1996-10-28,0.0,0.0,0.0,0.0,0.0
1996-10-29,11.855,341.98,26.27,132.95,182.76
1996-10-30,2.03,54.43,13.64,17.6,23.18
1996-10-31,0.027,30.87,16.97,4.71,9.19
1996-11-01,0.003,10.93,10.01,0.0,0.94
1996-11-02,0.002,10.91,9.96,0.0,0.94
1996-11-03,0.002,10.4,9.5,0.0,0.94
1996-11-04,0.001,9.9,8.97,0.0,0.93
1996-11-05,0.001,9.89,8.96,0.0,0.93
1996-11-06,0.001,9.85,8.99,0.0,0.94
1996-11-07,0.001,9.86,8.99,0.0,0.94
1996-11-08,0.001,9.85,8.89,0.0,0.92
1996-11-09,0.001,9.71,8.88,0.0,0.93
1996-11-10,0.0,9.92,8.91,0.0,0.93
1996-11-11,0.0,9.92,8.96,0.0,0.94
1996-11-12,0.0,9.75,8.83,0.0,0.93
1996-11-13,0.0,9.65,8.79,0.0,0.91
1996-11-14,0.0,10.06,9.07,0.0,0.94
1996-11-15,3.055,218.51,16.64,87.17,114.7
1996-11-16,10.775,241.45,24.15,92.7,124.61
1996-11-17,22.52,541.73,37.39,207.95,296.39
1996-11-18,3.896,104.4,15.91,38.21,50.29
1996-11-19,2.975,90.42,12.81,33.51,44.09
1996-11-20,0.515,49.23,13.65,15.32,20.26
1996-11-21,1.937,71.62,11.14,26.1,34.38
1996-11-22,3.863,111.8,15.53,41.57,54.7
1996-11-23,0.103,40.38,16.49,9.9,13.99
1996-11-24,0.027,13.62,12.55,0.0,1.06
1996-11-25,0.022,13.54,12.53,0.0,1.01
1996-11-26,0.019,13.73,12.72,0.0,1.0
1996-11-27,0.016,13.75,12.76,0.0,0.99
1996-11-28,3.546,249.86,16.77,100.65,132.44
1996-11-29,0.183,107.76,17.04,38.61,52.11
1996-11-30,0.019,14.48,13.1,0.0,1.39
1996-12-01,1.213,125.27,13.15,48.39,63.73
1996-12-02,0.025,28.82,15.22,3.72,9.88
1996-12-03,0.016,13.91,12.91,0.0,1.0
1996-12-04,4.925,164.62,16.9,63.78,83.94
1996-12-05,12.458,252.15,29.88,94.28,127.99
1996-12-06,0.284,30.73,14.15,7.09,9.49
1996-12-07,0.07,14.45,13.01,0.29,1.15
1996-12-08,0.058,14.21,13.02,0.07,1.12
1996-12-09,13.146,205.12,21.1,79.46,104.56
1996-12-10,14.865,233.12,26.74,87.66,118.71
1996-12-11,4.82,101.41,13.34,38.03,50.04
1996-12-12,5.632,159.66,22.4,59.27,77.99
1996-12-13,1.858,123.62,17.22,45.95,60.46
1996-12-14,0.311,15.84,13.36,1.07,1.4
1996-12-15,0.26,15.23,13.23,0.86,1.14
1996-12-16,0.237,15.18,13.17,0.86,1.14
1996-12-17,0.202,15.17,13.23,0.8,1.14
1996-12-18,0.173,15.07,13.19,0.74,1.14
1996-12-19,0.159,14.97,13.15,0.68,1.14
1996-12-20,0.142,14.91,13.14,0.64,1.14
1996-12-21,27.965,393.38,29.61,152.23,211.54
1996-12-22,4.003,77.74,15.2,27.01,35.54
1996-12-23,0.713,19.98,13.66,2.73,3.59
1996-12-24,0.524,15.08,13.08,0.87,1.14
1996-12-25,0.448,15.04,13.04,0.86,1.14
1996-12-26,11.868,208.95,19.62,81.76,107.57
1996-12-27,3.843,124.6,18.91,45.64,60.05
1996-12-28,3.109,95.78,13.0,35.74,47.03
1996-12-29,5.649,123.97,17.94,45.78,60.24
1996-12-30,2.571,53.61,12.82,17.61,23.18
1996-12-31,2.617,36.73,9.96,11.56,15.21
1997-01-01,37.412,545.21,35.56,210.77,298.88
1997-01-02,16.027,146.48,23.44,53.07,69.97
1997-01-03,3.668,40.58,15.75,10.72,14.11
1997-01-04,1.806,14.9,12.87,0.88,1.15
1997-01-05,1.327,14.79,12.79,0.86,1.14
1997-01-06,0.983,14.7,12.7,0.86,1.14
1997-01-07,0.749,14.63,12.63,0.86,1.14
1997-01-08,0.568,14.56,12.56,0.86,1.14
1997-01-09,0.433,14.48,12.48,0.86,1.14
1997-01-10,0.332,14.4,12.4,0.86,1.14
1997-01-11,0.256,14.33,12.33,0.86,1.14
1997-01-12,2.4,61.99,12.34,21.44,28.21
1997-01-13,0.53,38.38,14.7,10.23,13.46
1997-01-14,0.192,14.75,12.69,0.89,1.17
1997-01-15,1.182,47.03,12.67,14.84,19.52
1997-01-16,0.195,15.41,12.87,1.09,1.44
1997-01-17,0.14,14.44,12.56,0.74,1.14
1997-01-18,0.103,14.1,12.48,0.49,1.13
1997-01-19,0.085,13.9,12.4,0.36,1.14
1997-01-20,1.494,57.0,12.76,19.09,25.14
1997-01-21,2.606,77.03,11.69,28.21,37.12
1997-01-22,20.193,200.41,24.5,75.96,99.94
1997-01-23,4.643,70.15,16.5,23.16,30.48
1997-01-24,10.898,282.64,26.02,107.99,148.63
1997-01-25,13.508,219.72,25.4,83.05,111.27
1997-01-26,8.078,111.03,20.68,39.01,51.33
1997-01-27,1.75,15.23,12.9,1.01,1.32
1997-01-28,1.225,14.73,12.74,0.86,1.14
1997-01-29,0.876,14.67,12.67,0.86,1.14
1997-01-30,0.633,14.6,12.6,0.86,1.14
1997-01-31,0.466,14.52,12.52,0.86,1.14
1997-02-01,0.336,14.48,12.48,0.86,1.14
1997-02-02,0.239,14.4,12.41,0.86,1.13
1997-02-03,0.176,14.34,12.33,0.86,1.14
1997-02-04,0.125,14.13,12.26,0.73,1.13
1997-02-05,0.09,13.72,12.19,0.4,1.13
1997-02-06,0.065,13.35,12.11,0.12,1.13
1997-02-07,0.05,13.13,12.0,0.02,1.12
1997-02-08,0.032,13.17,12.11,0.01,1.06
1997-02-09,0.024,13.07,12.04,0.0,1.03
1997-02-10,0.016,12.92,11.93,0.0,0.99
1997-02-11,0.011,12.93,11.96,0.0,0.97
1997-02-12,0.007,13.28,12.31,0.0,0.97
1997-02-13,0.001,13.09,12.13,0.0,0.91
1997-02-14,0.001,13.11,12.21,0.0,0.93
1997-02-15,0.001,14.88,13.88,0.0,0.92
1997-02-16,0.001,15.11,14.18,0.0,0.93
1997-02-17,0.0,15.11,14.12,0.0,0.91
1997-02-18,0.0,15.32,14.52,0.0,0.94
1997-02-19,0.0,14.25,14.05,0.0,0.84
1997-02-20,0.0,15.78,14.95,0.0,0.95
1997-02-21,0.0,16.84,15.75,0.0,0.91
1997-02-22,0.0,17.36,16.73,0.0,0.97
1997-02-23,0.0,15.43,15.04,0.0,0.77
1997-02-24,0.0,0.0,0.0,0.0,0.0
1997-02-25,0.0,0.0,0.0,0.0,0.0
1997-02-26,0.0,0.0,0.0,0.0,0.0
1997-02-27,0.0,0.0,0.0,0.0,0.0
1997-02-28,0.0,0.0,0.0,0.0,0.0
1997-03-01,0.0,0.0,0.0,0.0,0.0
1997-03-02,0.0,0.0,0.0,0.0,0.0
1997-03-03,0.0,0.0,0.0,0.0,0.0
1997-03-04,0.0,0.0,0.0,0.0,0.0
1997-03-05,0.0,0.0,0.0,0.0,0.0
1997-03-06,0.0,0.0,0.0,0.0,0.0
1997-03-07,0.0,0.0,0.0,0.0,0.0
1997-03-08,0.0,0.0,0.0,0.0,0.0
1997-03-09,0.0,0.0,0.0,0.0,0.0
1997-03-10,0.0,0.0,0.0,0.0,0.0
1997-03-11,0.0,0.0,0.0,0.0,0.0
1997-03-12,0.0,0.0,0.0,0.0,0.0
1997-03-13,0.0,0.0,0.0,0.0,0.0
1997-03-14,0.0,0.0,0.0,0.0,0.0
1997-03-15,0.0,0.0,0.0,0.0,0.0
1997-03-16,0.656,49.58,10.76,16.72,22.09
1997-03-17,0.333,44.83,15.81,12.43,16.58
1997-03-18,0.015,14.64,13.44,0.0,1.19
1997-03-19,0.01,13.81,12.84,0.0,0.98
1997-03-20,0.007,13.78,12.82,0.0,0.96
1997-03-21,0.005,13.79,12.84,0.0,0.95
1997-03-22,0.004,14.03,13.09,0.0,0.95
1997-03-23,0.002,14.47,13.52,0.0,0.94
1997-03-24,0.001,15.0,14.11,0.0,0.92
1997-03-25,0.0,17.36,16.1,0.0,0.92
1997-03-26,0.0,0.0,0.0,0.0,0.0
1997-03-27,0.0,0.0,0.0,0.0,0.0
1997-03-28,0.0,0.0,0.0,0.0,0.0
1997-03-29,0.0,0.0,0.0,0.0,0.0
1997-03-30,0.0,0.0,0.0,0.0,0.0
1997-03-31,0.0,0.0,0.0,0.0,0.0
1997-04-01,0.0,0.0,0.0,0.0,0.0
1997-04-02,0.0,0.0,0.0,0.0,0.0
1997-04-03,0.0,0.0,0.0,0.0,0.0
1997-04-04,0.0,0.0,0.0,0.0,0.0
1997-04-05,0.0,0.0,0.0,0.0,0.0
1997-04-06,0.0,0.0,0.0,0.0,0.0
1997-04-07,0.0,0.0,0.0,0.0,0.0
1997-04-08,0.0,0.0,0.0,0.0,0.0
1997-04-09,0.0,0.0,0.0,0.0,0.0
1997-04-10,0.0,0.0,0.0,0.0,0.0
1997-04-11,0.0,0.0,0.0,0.0,0.0
1997-04-12,0.0,0.0,0.0,0.0,0.0
1997-04-13,0.0,0.0,0.0,0.0,0.0
1997-04-14,0.0,0.0,0.0,0.0,0.0
1997-04-15,0.0,0.0,0.0,0.0,0.0
1997-04-16,0.0,0.0,0.0,0.0,0.0
1997-04-17,0.0,0.0,0.0,0.0,0.0
1997-04-18,0.305,28.08,4.35,10.24,13.48
1997-04-19,1.636,119.4,15.55,44.83,59.03
1997-04-20,0.016,22.29,15.71,0.72,5.86
1997-04-21,0.007,14.34,13.37,0.0,0.96
1997-04-22,0.007,14.57,13.61,0.0,0.97
1997-04-23,0.004,15.07,14.11,0.0,0.96
1997-04-24,0.001,14.52,13.76,0.0,0.83
1997-04-25,0.001,16.02,15.07,0.0,0.95
1997-04-26,0.0,16.53,15.56,0.0,0.93
1997-04-27,0.0,11.57,10.58,0.0,0.83
1997-04-28,0.0,0.0,0.0,0.0,0.0
1997-04-29,0.0,0.0,0.0,0.0,0.0
1997-04-30,0.0,0.0,0.0,0.0,0.0
1997-05-01,0.0,0.0,0.0,0.0,0.0
1997-05-02,0.0,0.0,0.0,0.0,0.0
1997-05-03,0.0,0.0,0.0,0.0,0.0
1997-05-04,0.0,0.0,0.0,0.0,0.0
1997-05-05,0.0,0.0,0.0,0.0,0.0
1997-05-06,0.0,0.0,0.0,0.0,0.0
1997-05-07,0.0,0.0,0.0,0.0,0.0
1997-05-08,0.0,0.0,0.0,0.0,0.0
1997-05-09,0.0,0.0,0.0,0.0,0.0
1997-05-10,0.0,0.0,0.0,0.0,0.0
1997-05-11,0.0,0.0,0.0,0.0,0.0
1997-05-12,0.0,0.0,0.0,0.0,0.0
1997-05-13,0.0,0.0,0.0,0.0,0.0
1997-05-14,0.0,0.0,0.0,0.0,0.0
1997-05-15,0.0,0.0,0.0,0.0,0.0
1997-05-16,0.0,0.0,0.0,0.0,0.0
1997-05-17,0.0,0.0,0.0,0.0,0.0
1997-05-18,0.0,0.0,0.0,0.0,0.0
1997-05-19,0.0,0.0,0.0,0.0,0.0
1997-05-20,0.0,0.0,0.0,0.0,0.0
1997-05-21,0.0,0.0,0.0,0.0,0.0
1997-05-22,0.0,0.0,0.0,0.0,0.0
1997-05-23,2.221,177.39,16.94,69.28,91.17
1997-05-24,0.031,42.69,17.38,9.31,16.0
1997-05-25,0.001,15.48,14.36,0.0,1.05
1997-05-26,0.0,11.57,11.03,0.0,0.92
1997-05-27,0.0,10.13,9.5,0.0,0.88
1997-05-28,0.0,11.57,10.71,0.0,1.0
1997-05-29,0.0,11.57,12.48,0.0,1.13
1997-05-30,0.0,11.57,9.8,0.0,0.79
1997-05-31,0.0,11.57,8.91,0.0,0.75
1997-06-01,0.0,0.0,0.0,0.0,0.0
1997-06-02,0.0,0.0,0.0,0.0,0.0
1997-06-03,0.043,25.39,9.56,6.84,9.0
1997-06-04,0.135,35.9,17.75,7.76,10.39
1997-06-05,0.003,21.16,19.61,0.0,1.55
1997-06-06,0.0,17.36,15.62,0.0,0.12
1997-06-07,0.0,0.0,0.0,0.0,0.0
1997-06-08,0.0,0.0,0.0,0.0,0.0
1997-06-09,0.0,0.0,0.0,0.0,0.0
1997-06-10,0.0,0.0,0.0,0.0,0.0
1997-06-11,0.0,0.0,0.0,0.0,0.0
1997-06-12,0.0,0.0,0.0,0.0,0.0
1997-06-13,0.0,0.0,0.0,0.0,0.0
1997-06-14,0.0,0.0,0.0,0.0,0.0
1997-06-15,0.0,0.0,0.0,0.0,0.0
1997-06-16,0.0,0.0,0.0,0.0,0.0
1997-06-17,0.0,0.0,0.0,0.0,0.0
1997-06-18,0.0,0.0,0.0,0.0,0.0
1997-06-19,0.0,0.0,0.0,0.0,0.0
1997-06-20,0.0,0.0,0.0,0.0,0.0
1997-06-21,0.0,0.0,0.0,0.0,0.0
1997-06-22,0.0,0.0,0.0,0.0,0.0
1997-06-23,0.0,0.0,0.0,0.0,0.0
1997-06-24,0.0,0.0,0.0,0.0,0.0
1997-06-25,0.0,0.0,0.0,0.0,0.0
1997-06-26,0.0,0.0,0.0,0.0,0.0
1997-06-27,0.0,0.0,0.0,0.0,0.0
1997-06-28,0.0,0.0,0.0,0.0,0.0
1997-06-29,0.0,0.0,0.0,0.0,0.0
1997-06-30,0.0,0.0,0.0,0.0,0.0
1997-07-01,0.0,0.0,0.0,0.0,0.0
1997-07-02,0.0,0.0,0.0,0.0,0.0
1997-07-03,0.0,0.0,0.0,0.0,0.0
1997-07-04,0.0,0.0,0.0,0.0,0.0
1997-07-05,0.0,0.0,0.0,0.0,0.0
1997-07-06,0.0,0.0,0.0,0.0,0.0
1997-07-07,0.0,0.0,0.0,0.0,0.0
1997-07-08,0.0,0.0,0.0,0.0,0.0
1997-07-09,0.0,0.0,0.0,0.0,0.0
1997-07-10,0.0,0.0,0.0,0.0,0.0
1997-07-11,0.0,0.0,0.0,0.0,0.0
1997-07-12,0.0,0.0,0.0,0.0,0.0
1997-07-13,0.0,0.0,0.0,0.0,0.0
1997-07-14,0.0,0.0,0.0,0.0,0.0
1997-07-15,0.0,0.0,0.0,0.0,0.0
1997-07-16,0.0,0.0,0.0,0.0,0.0
1997-07-17,0.0,0.0,0.0,0.0,0.0
1997-07-18,0.0,0.0,0.0,0.0,0.0
1997-07-19,0.0,0.0,0.0,0.0,0.0
1997-07-20,0.0,0.0,0.0,0.0,0.0
1997-07-21,0.0,0.0,0.0,0.0,0.0
1997-07-22,0.0,0.0,0.0,0.0,0.0
1997-07-23,0.0,0.0,0.0,0.0,0.0
1997-07-24,0.0,0.0,0.0,0.0,0.0
1997-07-25,0.0,0.0,0.0,0.0,0.0
1997-07-26,0.0,0.0,0.0,0.0,0.0
1997-07-27,0.0,0.0,0.0,0.0,0.0
1997-07-28,0.0,0.0,0.0,0.0,0.0
1997-07-29,0.0,0.0,0.0,0.0,0.0
1997-07-30,0.0,0.0,0.0,0.0,0.0
1997-07-31,0.0,0.0,0.0,0.0,0.0
1997-08-01,0.0,0.0,0.0,0.0,0.0
1997-08-02,0.0,0.0,0.0,0.0,0.0
1997-08-03,0.0,0.0,0.0,0.0,0.0
1997-08-04,0.0,0.0,0.0,0.0,0.0
1997-08-05,0.0,0.0,0.0,0.0,0.0
1997-08-06,0.0,0.0,0.0,0.0,0.0
1997-08-07,0.0,0.0,0.0,0.0,0.0
1997-08-08,0.0,0.0,0.0,0.0,0.0
1997-08-09,0.0,0.0,0.0,0.0,0.0
1997-08-10,0.0,0.0,0.0,0.0,0.0
1997-08-11,0.0,0.0,0.0,0.0,0.0
1997-08-12,0.0,0.0,0.0,0.0,0.0
1997-08-13,0.0,0.0,0.0,0.0,0.0
1997-08-14,0.0,0.0,0.0,0.0,0.0
1997-08-15,0.0,0.0,0.0,0.0,0.0
1997-08-16,0.0,0.0,0.0,0.0,0.0
1997-08-17,0.0,0.0,0.0,0.0,0.0
1997-08-18,0.0,0.0,0.0,0.0,0.0
1997-08-19,0.091,112.14,15.34,41.8,55.0
1997-08-20,1.322,79.2,14.18,28.06,36.96
1997-08-21,0.01,23.0,16.79,0.21,6.01
1997-08-22,0.0,14.47,14.93,0.0,0.61
1997-08-23,0.0,11.57,9.66,0.0,0.87
1997-08-24,0.0,11.57,10.13,0.0,0.93
1997-08-25,0.0,11.57,10.25,0.0,0.91
1997-08-26,0.0,5.79,7.29,0.0,0.64
1997-08-27,0.0,0.0,0.0,0.0,0.0
1997-08-28,0.0,0.0,0.0,0.0,0.0
1997-08-29,0.0,0.0,0.0,0.0,0.0
1997-08-30,0.0,0.0,0.0,0.0,0.0
1997-08-31,0.0,0.0,0.0,0.0,0.0
1997-09-01,0.0,0.0,0.0,0.0,0.0
1997-09-02,0.0,0.0,0.0,0.0,0.0
1997-09-03,0.0,0.0,0.0,0.0,0.0
1997-09-04,0.0,0.0,0.0,0.0,0.0
1997-09-05,0.0,0.0,0.0,0.0,0.0
1997-09-06,0.0,0.0,0.0,0.0,0.0
1997-09-07,0.0,0.0,0.0,0.0,0.0
1997-09-08,0.0,0.0,0.0,0.0,0.0
1997-09-09,0.0,0.0,0.0,0.0,0.0
1997-09-10,0.0,0.0,0.0,0.0,0.0
1997-09-11,0.0,0.0,0.0,0.0,0.0
1997-09-12,0.0,0.0,0.0,0.0,0.0
1997-09-13,0.0,0.0,0.0,0.0,0.0
1997-09-14,0.0,0.0,0.0,0.0,0.0
1997-09-15,0.0,0.0,0.0,0.0,0.0
1997-09-16,0.0,0.0,0.0,0.0,0.0
1997-09-17,0.0,0.0,0.0,0.0,0.0
1997-09-18,0.0,0.0,0.0,0.0,0.0
1997-09-19,0.0,0.0,0.0,0.0,0.0
1997-09-20,0.0,0.0,0.0,0.0,0.0
1997-09-21,0.0,0.0,0.0,0.0,0.0
1997-09-22,0.0,0.0,0.0,0.0,0.0
1997-09-23,0.0,0.0,0.0,0.0,0.0
1997-09-24,0.0,0.0,0.0,0.0,0.0
1997-09-25,0.0,0.0,0.0,0.0,0.0
1997-09-26,0.0,0.0,0.0,0.0,0.0
1997-09-27,0.0,0.0,0.0,0.0,0.0
1997-09-28,0.0,0.0,0.0,0.0,0.0
1997-09-29,0.0,0.0,0.0,0.0,0.0
1997-09-30,0.0,0.0,0.0,0.0,0.0
1997-10-01,0.0,0.0,0.0,0.0,0.0
1997-10-02,0.0,0.0,0.0,0.0,0.0
1997-10-03,0.0,0.0,0.0,0.0,0.0
1997-10-04,0.0,0.0,0.0,0.0,0.0
1997-10-05,0.0,0.0,0.0,0.0,0.0
1997-10-06,0.0,0.0,0.0,0.0,0.0
1997-10-07,0.0,0.0,0.0,0.0,0.0
1997-10-08,0.001,20.22,12.1,3.52,4.63
1997-10-09,12.838,446.53,31.06,171.38,244.1
1997-10-10,0.034,49.85,17.53,11.21,21.11
1997-10-11,0.002,10.7,9.64,0.0,1.04
1997-10-12,0.002,9.86,8.9,0.0,0.94
1997-10-13,0.001,9.81,8.93,0.0,0.94
1997-10-14,0.001,9.87,8.9,0.0,0.94
1997-10-15,0.001,9.79,8.82,0.0,0.93
1997-10-16,0.001,9.98,8.96,0.0,0.94
1997-10-17,0.001,9.88,8.85,0.0,0.93
1997-10-18,0.001,9.95,8.91,0.0,0.94
1997-10-19,0.001,9.68,8.92,0.0,0.94
1997-10-20,0.0,9.89,8.8,0.0,0.93
1997-10-21,0.0,9.79,8.9,0.0,0.93
1997-10-22,0.0,9.82,8.8,0.0,0.93
1997-10-23,0.0,9.86,8.88,0.0,0.93
1997-10-24,0.0,10.42,9.13,0.0,0.94
1997-10-25,0.0,9.26,8.65,0.0,0.93
1997-10-26,0.0,9.26,8.69,0.0,0.92
1997-10-27,0.0,9.65,8.77,0.0,0.93
1997-10-28,0.0,11.57,9.78,0.0,1.03
1997-10-29,0.0,10.13,9.16,0.0,0.98
1997-10-30,0.0,10.13,7.96,0.0,0.85
1997-10-31,0.0,11.57,10.36,0.0,1.1
1997-11-01,0.0,9.26,8.48,0.0,0.91
1997-11-02,0.0,8.68,7.62,0.0,0.8
1997-11-03,0.0,7.72,7.04,0.0,0.74
1997-11-04,0.0,23.15,13.59,0.0,1.45
1997-11-05,0.0,11.57,8.98,0.0,0.98
1997-11-06,0.0,0.0,0.0,0.0,0.0
1997-11-07,0.0,0.0,0.0,0.0,0.0
1997-11-08,0.0,0.0,0.0,0.0,0.0
1997-11-09,0.0,0.0,0.0,0.0,0.0
1997-11-10,9.844,221.59,22.08,85.81,113.7
1997-11-11,0.489,62.17,16.06,19.83,26.28
1997-11-12,0.012,16.71,14.61,0.0,2.09
1997-11-13,3.881,135.35,15.56,51.73,68.07
1997-11-14,6.84,193.2,21.03,74.34,97.83
1997-11-15,4.556,202.53,18.85,79.31,104.36
1997-11-16,1.594,51.32,12.82,16.62,21.87
1997-11-17,1.174,98.0,12.67,36.81,48.51
1997-11-18,0.905,182.97,11.7,73.89,97.37
1997-11-19,4.477,174.88,17.11,68.13,89.64
1997-11-20,0.053,31.89,16.07,6.15,9.67
1997-11-21,0.006,12.04,11.08,0.0,0.96
1997-11-22,0.003,10.52,9.58,0.0,0.93
1997-11-23,1.639,167.81,14.23,66.29,87.29
1997-11-24,4.903,367.13,22.99,148.59,195.55
1997-11-25,11.642,376.7,18.69,151.38,206.64
1997-11-26,21.989,604.91,42.38,232.24,330.28
1997-11-27,2.244,185.46,25.07,69.25,91.14
1997-11-28,1.498,194.94,13.31,78.43,103.21
1997-11-29,2.796,186.23,12.37,75.06,98.8
1997-11-30,6.282,252.4,28.09,96.86,127.45
1997-12-01,1.245,139.71,12.83,54.78,72.11
1997-12-02,0.109,16.25,13.15,1.17,1.93
1997-12-03,0.088,14.74,13.11,0.49,1.13
1997-12-04,0.069,14.8,13.28,0.39,1.13
1997-12-05,2.245,166.18,15.22,65.18,85.78
1997-12-06,0.114,17.21,11.59,2.25,3.37
1997-12-07,24.121,346.43,28.14,134.36,183.93
1997-12-08,2.971,67.91,15.16,22.75,30.0
1997-12-09,0.317,16.8,13.47,1.44,1.89
1997-12-10,0.255,15.16,13.16,0.86,1.14
1997-12-11,0.22,15.16,13.18,0.84,1.14
1997-12-12,0.194,15.11,13.18,0.8,1.14
1997-12-13,0.163,15.06,13.21,0.72,1.14
1997-12-14,10.675,183.96,21.62,70.1,92.24
1997-12-15,0.508,40.34,14.94,10.97,14.43
1997-12-16,0.263,15.19,13.14,0.88,1.16
1997-12-17,0.233,15.1,13.1,0.86,1.14
1997-12-18,0.187,15.16,13.24,0.78,1.14
1997-12-19,0.156,14.94,13.14,0.66,1.13
1997-12-20,0.142,15.01,13.22,0.65,1.14
1997-12-21,0.098,15.19,13.47,0.59,1.13
1997-12-22,0.069,14.84,13.3,0.42,1.11
1997-12-23,0.088,14.76,13.11,0.52,1.14
1997-12-24,0.058,15.23,13.67,0.43,1.12
1997-12-25,2.106,285.04,15.68,116.29,153.06
1997-12-26,0.592,59.47,13.19,19.93,26.35
1997-12-27,0.082,15.67,13.37,0.77,1.54
1997-12-28,0.067,14.73,13.23,0.38,1.13
1997-12-29,0.052,14.43,13.24,0.08,1.11
1997-12-30,0.045,14.28,13.15,0.03,1.1
1997-12-31,0.044,14.23,13.11,0.02,1.1
1998-01-01,0.042,14.16,13.04,0.02,1.1
1998-01-02,8.157,134.76,17.55,50.61,66.6
1998-01-03,3.066,76.0,12.23,27.54,36.23
1998-01-04,12.122,259.66,23.88,101.06,134.72
1998-01-05,0.591,34.84,14.65,8.71,11.48
1998-01-06,0.527,23.71,11.42,5.31,6.98
1998-01-07,1.63,43.61,13.05,13.2,17.36
1998-01-08,0.349,16.47,13.11,1.45,1.91
1998-01-09,2.156,129.09,13.85,49.76,65.48
1998-01-10,8.351,137.89,19.63,51.07,67.19
1998-01-11,15.783,315.35,28.48,119.28,167.59
1998-01-12,19.045,290.04,28.35,110.9,150.78
1998-01-13,2.765,70.58,13.22,24.67,32.68
1998-01-14,9.821,160.27,19.1,60.96,80.21
1998-01-15,12.142,175.84,23.79,65.66,86.39
1998-01-16,2.38,23.25,12.9,4.47,5.88
1998-01-17,3.013,108.18,14.15,40.6,53.43
1998-01-18,24.566,722.18,32.77,289.1,400.3
1998-01-19,2.722,39.24,13.77,10.86,14.61
1998-01-20,1.319,15.58,12.85,1.18,1.55
1998-01-21,0.961,14.66,12.66,0.86,1.14
1998-01-22,0.728,14.59,12.59,0.86,1.14
1998-01-23,0.551,14.52,12.52,0.86,1.14
1998-01-24,0.423,14.45,12.45,0.86,1.14
1998-01-25,0.324,14.39,12.39,0.86,1.14
1998-01-26,0.413,28.75,11.69,7.37,9.69
1998-01-27,1.213,84.51,13.86,30.51,40.14
1998-01-28,0.865,4.65,3.35,0.56,0.74
1998-01-29,16.774,545.76,33.81,211.38,300.57
1998-01-30,0.711,16.68,13.08,1.51,2.08
1998-01-31,4.282,100.78,16.08,36.57,48.12
1998-02-01,14.636,294.19,25.07,115.23,153.89
1998-02-02,33.388,319.07,29.13,120.33,169.61
1998-02-03,22.188,359.64,37.54,129.97,192.12
1998-02-04,6.163,43.46,15.23,12.19,16.04
1998-02-05,11.45,168.39,21.77,63.31,83.3
1998-02-06,21.119,189.88,25.78,70.66,93.44
1998-02-07,15.071,154.32,22.38,56.98,74.97
1998-02-08,8.195,90.0,18.92,30.69,40.38
1998-02-09,3.775,57.11,13.64,18.77,24.7
1998-02-10,2.795,44.9,12.85,13.84,18.21
1998-02-11,3.188,57.38,13.46,18.97,24.96
1998-02-12,2.863,55.27,12.84,18.32,24.11
1998-02-13,1.081,20.4,13.2,3.11,4.09
1998-02-14,12.183,193.91,22.14,74.17,97.6
1998-02-15,3.005,64.03,13.78,21.7,28.55
1998-02-16,2.987,71.8,14.09,24.92,32.79
1998-02-17,1.108,30.75,13.9,7.27,9.57
1998-02-18,0.541,14.45,12.47,0.85,1.12
1998-02-19,11.904,216.75,21.58,84.17,110.99
1998-02-20,1.347,23.23,13.52,4.19,5.52
1998-02-21,18.786,324.29,27.3,125.87,171.12
1998-02-22,4.181,160.21,15.69,62.38,82.15
1998-02-23,6.915,188.41,19.87,72.78,95.76
1998-02-24,1.407,18.54,13.32,2.25,2.97
1998-02-25,0.816,15.06,13.06,0.86,1.14
1998-02-26,0.518,15.11,13.11,0.86,1.13
1998-02-27,0.341,15.18,13.18,0.86,1.13
1998-02-28,0.223,15.28,13.33,0.81,1.13
1998-03-01,0.149,15.33,13.47,0.72,1.14
1998-03-02,0.103,15.4,13.62,0.65,1.13
1998-03-03,0.058,15.68,14.09,0.48,1.12
1998-03-04,0.033,15.16,14.06,0.02,1.08
1998-03-05,1.131,103.16,11.83,39.43,51.9
1998-03-06,1.054,70.83,15.47,23.9,31.45
1998-03-07,0.171,17.64,14.23,1.41,2.0
1998-03-08,1.051,115.71,13.69,44.05,57.97
1998-03-09,0.152,20.33,14.38,2.48,3.46
1998-03-10,0.089,15.63,13.94,0.56,1.13
1998-03-11,0.057,15.45,13.9,0.43,1.12
1998-03-12,0.042,15.02,13.87,0.04,1.1
1998-03-13,3.195,128.08,14.16,49.19,64.73
1998-03-14,0.269,20.65,14.0,2.85,3.8
1998-03-15,0.152,15.27,13.37,0.76,1.14
1998-03-16,0.097,15.05,13.4,0.53,1.13
1998-03-17,0.063,14.83,13.29,0.41,1.12
1998-03-18,0.042,14.43,13.27,0.05,1.1
1998-03-19,0.027,14.34,13.26,0.01,1.07
1998-03-20,0.018,14.25,13.23,0.0,1.02
1998-03-21,0.013,14.12,13.13,0.0,0.99
1998-03-22,0.513,52.74,11.68,17.69,23.37
1998-03-23,6.396,153.87,18.85,58.3,76.72
1998-03-24,2.19,70.81,17.73,22.92,30.16
1998-03-25,2.368,84.13,13.36,30.56,40.21
1998-03-26,0.47,15.56,13.11,1.05,1.39
1998-03-27,0.323,14.95,12.95,0.86,1.14
1998-03-28,0.227,14.88,12.88,0.86,1.14
1998-03-29,0.16,14.73,12.83,0.77,1.13
1998-03-30,0.113,14.58,12.82,0.63,1.14
1998-03-31,4.388,130.39,16.45,49.2,64.74
1998-04-01,0.997,33.08,13.48,8.46,11.13
1998-04-02,1.193,77.4,9.5,29.32,38.58
1998-04-03,5.917,115.82,15.48,43.33,57.01
1998-04-04,1.983,78.38,17.36,26.35,34.67
1998-04-05,0.535,15.13,12.97,0.93,1.23
1998-04-06,0.399,14.8,12.8,0.86,1.14
1998-04-07,0.278,14.79,12.79,0.86,1.13
1998-04-08,0.221,14.66,12.66,0.87,1.14
1998-04-09,0.156,14.58,12.68,0.77,1.13
1998-04-10,0.115,14.36,12.59,0.64,1.14
1998-04-11,0.072,14.29,12.75,0.42,1.12
1998-04-12,0.858,90.42,8.67,35.28,46.47
1998-04-13,3.775,92.84,16.24,33.08,43.52
1998-04-14,0.317,18.02,13.83,1.81,2.38
1998-04-15,0.203,15.23,13.3,0.8,1.14
1998-04-16,0.144,15.21,13.32,0.76,1.13
1998-04-17,0.103,14.98,13.3,0.54,1.13
1998-04-18,0.073,14.77,13.2,0.44,1.13
1998-04-19,0.054,14.56,13.15,0.3,1.12
1998-04-20,0.039,14.32,13.18,0.05,1.1
1998-04-21,0.028,14.24,13.15,0.01,1.08
1998-04-22,0.02,14.21,13.17,0.01,1.04
1998-04-23,0.015,14.07,13.06,0.0,1.0
1998-04-24,0.011,14.19,13.2,0.0,0.99
1998-04-25,0.007,14.29,13.33,0.0,0.96
1998-04-26,0.005,14.41,13.46,0.0,0.96
1998-04-27,0.003,15.02,14.08,0.0,0.95
1998-04-28,0.001,16.4,15.48,0.0,0.93
1998-04-29,0.0,17.36,16.01,0.0,0.97
1998-04-30,0.0,11.57,12.76,0.0,0.69
1998-05-01,0.0,0.0,0.0,0.0,0.0
1998-05-02,0.0,0.0,0.0,0.0,0.0
1998-05-03,0.0,0.0,0.0,0.0,0.0
1998-05-04,2.265,124.5,15.04,47.27,62.19
1998-05-05,4.124,220.23,19.41,86.71,114.1
1998-05-06,0.4,49.93,14.95,15.1,19.87
1998-05-07,0.181,14.94,12.93,0.83,1.18
1998-05-08,0.13,14.81,12.95,0.73,1.13
1998-05-09,0.086,14.57,12.97,0.47,1.13
1998-05-10,0.07,14.33,12.81,0.39,1.13
1998-05-11,0.268,29.23,11.99,7.35,9.89
1998-05-12,4.554,100.27,13.37,37.53,49.38
1998-05-13,1.166,54.19,15.07,16.89,22.23
1998-05-14,0.253,15.11,12.94,0.94,1.23
1998-05-15,0.193,14.76,12.81,0.81,1.14
1998-05-16,0.153,14.65,12.77,0.75,1.14
1998-05-17,0.108,14.59,12.86,0.6,1.13
1998-05-18,0.081,14.33,12.77,0.44,1.13
1998-05-19,0.063,14.23,12.76,0.35,1.12
1998-05-20,0.046,14.07,12.79,0.16,1.11
1998-05-21,0.035,13.83,12.7,0.03,1.1
1998-05-22,0.029,13.78,12.69,0.01,1.08
1998-05-23,0.022,13.64,12.59,0.01,1.04
1998-05-24,0.021,13.55,12.51,0.0,1.03
1998-05-25,0.013,14.33,13.32,0.0,1.01
1998-05-26,0.006,13.33,12.4,0.0,0.94
1998-05-27,5.554,94.56,15.04,34.34,45.18
1998-05-28,10.125,166.12,21.07,62.64,82.41
1998-05-29,3.292,82.13,14.17,29.35,38.61
1998-05-30,0.677,16.81,13.2,1.56,2.05
1998-05-31,0.507,14.91,12.91,0.86,1.14
1998-06-01,0.403,14.88,12.88,0.86,1.14
1998-06-02,0.322,14.86,12.86,0.86,1.14
1998-06-03,0.269,14.8,12.8,0.86,1.14
1998-06-04,0.2,14.8,12.86,0.81,1.13
1998-06-05,0.165,14.66,12.76,0.77,1.14
1998-06-06,0.129,14.66,12.81,0.72,1.14
1998-06-07,0.095,14.4,12.78,0.49,1.13
1998-06-08,0.076,14.27,12.74,0.4,1.13
1998-06-09,0.055,14.16,12.76,0.28,1.12
1998-06-10,0.055,13.67,12.5,0.05,1.12
1998-06-11,0.034,13.98,12.86,0.03,1.09
1998-06-12,0.025,13.72,12.65,0.01,1.07
1998-06-13,0.019,13.61,12.58,0.0,1.03
1998-06-14,0.015,13.6,12.59,0.0,1.01
1998-06-15,0.009,13.98,12.99,0.0,0.99
1998-06-16,0.003,13.66,12.7,0.0,0.95
1998-06-17,0.001,12.76,11.96,0.0,0.92
1998-06-18,0.0,12.56,11.81,0.0,0.95
1998-06-19,0.0,17.36,11.99,0.0,0.78
1998-06-20,0.0,0.0,0.0,0.0,0.0
1998-06-21,0.0,0.0,0.0,0.0,0.0
1998-06-22,0.0,0.0,0.0,0.0,0.0
1998-06-23,0.0,0.0,0.0,0.0,0.0
1998-06-24,0.0,0.0,0.0,0.0,0.0
1998-06-25,0.0,0.0,0.0,0.0,0.0
1998-06-26,0.0,0.0,0.0,0.0,0.0
1998-06-27,0.0,0.0,0.0,0.0,0.0
1998-06-28,0.0,0.0,0.0,0.0,0.0
1998-06-29,0.0,0.0,0.0,0.0,0.0
1998-06-30,0.0,0.0,0.0,0.0,0.0
1998-07-01,0.0,0.0,0.0,0.0,0.0
1998-07-02,0.0,0.0,0.0,0.0,0.0
1998-07-03,0.0,0.0,0.0,0.0,0.0
1998-07-04,0.0,0.0,0.0,0.0,0.0
1998-07-05,0.0,0.0,0.0,0.0,0.0
1998-07-06,0.0,0.0,0.0,0.0,0.0
1998-07-07,0.0,0.0,0.0,0.0,0.0
1998-07-08,0.0,0.0,0.0,0.0,0.0
1998-07-09,0.0,0.0,0.0,0.0,0.0
1998-07-10,0.0,0.0,0.0,0.0,0.0
1998-07-11,0.0,0.0,0.0,0.0,0.0
1998-07-12,0.0,0.0,0.0,0.0,0.0
1998-07-13,0.0,0.0,0.0,0.0,0.0
1998-07-14,0.0,0.0,0.0,0.0,0.0
1998-07-15,0.0,0.0,0.0,0.0,0.0
1998-07-16,0.0,0.0,0.0,0.0,0.0
1998-07-17,0.0,0.0,0.0,0.0,0.0
1998-07-18,0.0,0.0,0.0,0.0,0.0
1998-07-19,0.0,0.0,0.0,0.0,0.0
1998-07-20,0.0,0.0,0.0,0.0,0.0
1998-07-21,0.0,0.0,0.0,0.0,0.0
1998-07-22,0.0,0.0,0.0,0.0,0.0
1998-07-23,0.0,0.0,0.0,0.0,0.0
1998-07-24,0.0,0.0,0.0,0.0,0.0
1998-07-25,0.0,0.0,0.0,0.0,0.0
1998-07-26,0.0,0.0,0.0,0.0,0.0
1998-07-27,0.0,0.0,0.0,0.0,0.0
1998-07-28,0.0,0.0,0.0,0.0,0.0
1998-07-29,0.0,0.0,0.0,0.0,0.0
1998-07-30,0.0,0.0,0.0,0.0,0.0
1998-07-31,0.0,0.0,0.0,0.0,0.0
1998-08-01,0.0,0.0,0.0,0.0,0.0
1998-08-02,0.0,0.0,0.0,0.0,0.0
1998-08-03,0.0,0.0,0.0,0.0,0.0
1998-08-04,0.0,0.0,0.0,0.0,0.0
1998-08-05,0.0,0.0,0.0,0.0,0.0
1998-08-06,0.0,0.0,0.0,0.0,0.0
1998-08-07,0.0,0.0,0.0,0.0,0.0
1998-08-08,0.0,0.0,0.0,0.0,0.0
1998-08-09,0.0,0.0,0.0,0.0,0.0
1998-08-10,0.0,0.0,0.0,0.0,0.0
1998-08-11,0.0,0.0,0.0,0.0,0.0
1998-08-12,0.0,0.0,0.0,0.0,0.0
1998-08-13,0.0,0.0,0.0,0.0,0.0
1998-08-14,0.0,0.0,0.0,0.0,0.0
1998-08-15,0.0,0.0,0.0,0.0,0.0
1998-08-16,0.0,0.0,0.0,0.0,0.0
1998-08-17,0.0,0.0,0.0,0.0,0.0
1998-08-18,0.0,0.0,0.0,0.0,0.0
1998-08-19,0.0,0.0,0.0,0.0,0.0
1998-08-20,0.0,0.0,0.0,0.0,0.0
1998-08-21,0.0,0.0,0.0,0.0,0.0
1998-08-22,0.0,0.0,0.0,0.0,0.0
1998-08-23,0.0,0.0,0.0,0.0,0.0
1998-08-24,0.0,0.0,0.0,0.0,0.0
1998-08-25,0.0,0.0,0.0,0.0,0.0
1998-08-26,0.0,0.0,0.0,0.0,0.0
1998-08-27,0.0,0.0,0.0,0.0,0.0
1998-08-28,0.0,0.0,0.0,0.0,0.0
1998-08-29,0.0,0.0,0.0,0.0,0.0
1998-08-30,0.0,0.0,0.0,0.0,0.0
1998-08-31,0.0,0.0,0.0,0.0,0.0
1998-09-01,0.0,0.0,0.0,0.0,0.0
1998-09-02,0.0,0.0,0.0,0.0,0.0
1998-09-03,0.0,0.0,0.0,0.0,0.0
1998-09-04,0.0,0.0,0.0,0.0,0.0
1998-09-05,0.0,0.0,0.0,0.0,0.0
1998-09-06,0.0,0.0,0.0,0.0,0.0
1998-09-07,0.0,0.0,0.0,0.0,0.0
1998-09-08,0.0,0.0,0.0,0.0,0.0
1998-09-09,0.0,0.0,0.0,0.0,0.0
1998-09-10,0.0,0.0,0.0,0.0,0.0
1998-09-11,0.0,0.0,0.0,0.0,0.0
1998-09-12,0.0,0.0,0.0,0.0,0.0
1998-09-13,0.0,0.0,0.0,0.0,0.0
1998-09-14,0.0,0.0,0.0,0.0,0.0
1998-09-15,0.0,0.0,0.0,0.0,0.0
1998-09-16,0.0,0.0,0.0,0.0,0.0
1998-09-17,0.0,0.0,0.0,0.0,0.0
1998-09-18,0.0,0.0,0.0,0.0,0.0
1998-09-19,0.0,0.0,0.0,0.0,0.0
1998-09-20,0.0,0.0,0.0,0.0,0.0
1998-09-21,0.0,0.0,0.0,0.0,0.0
1998-09-22,0.0,0.0,0.0,0.0,0.0
1998-09-23,0.0,0.0,0.0,0.0,0.0
1998-09-24,0.0,0.0,0.0,0.0,0.0
1998-09-25,0.0,0.0,0.0,0.0,0.0
1998-09-26,0.0,0.0,0.0,0.0,0.0
1998-09-27,0.0,0.0,0.0,0.0,0.0
1998-09-28,0.0,0.0,0.0,0.0,0.0
1998-09-29,0.0,0.0,0.0,0.0,0.0
1998-09-30,0.0,0.0,0.0,0.0,0.0
1998-10-01,0.0,0.0,0.0,0.0,0.0
1998-10-02,0.0,0.0,0.0,0.0,0.0
1998-10-03,0.0,0.0,0.0,0.0,0.0
1998-10-04,0.0,0.0,0.0,0.0,0.0
1998-10-05,0.0,0.0,0.0,0.0,0.0
1998-10-06,0.0,0.0,0.0,0.0,0.0
1998-10-07,0.0,0.0,0.0,0.0,0.0
1998-10-08,0.0,0.0,0.0,0.0,0.0
1998-10-09,0.0,0.0,0.0,0.0,0.0
1998-10-10,0.0,0.0,0.0,0.0,0.0
1998-10-11,0.0,0.0,0.0,0.0,0.0
1998-10-12,0.0,0.0,0.0,0.0,0.0
1998-10-13,0.0,0.0,0.0,0.0,0.0
1998-10-14,0.0,0.0,0.0,0.0,0.0
1998-10-15,0.0,0.0,0.0,0.0,0.0
1998-10-16,0.0,0.0,0.0,0.0,0.0
1998-10-17,0.0,0.0,0.0,0.0,0.0
1998-10-18,0.0,0.0,0.0,0.0,0.0
1998-10-19,0.0,0.0,0.0,0.0,0.0
1998-10-20,0.0,0.0,0.0,0.0,0.0
1998-10-21,0.0,0.0,0.0,0.0,0.0
1998-10-22,0.0,0.0,0.0,0.0,0.0
1998-10-23,0.0,0.0,0.0,0.0,0.0
1998-10-24,7.278,255.25,23.01,100.29,131.96
1998-10-25,0.087,60.65,17.44,18.01,25.2
1998-10-26,0.002,14.0,12.61,0.0,1.38
1998-10-27,0.002,12.03,11.1,0.0,0.93
1998-10-28,0.001,10.06,9.15,0.0,0.92
1998-10-29,0.001,9.95,9.09,0.0,0.93
1998-10-30,0.001,9.95,9.01,0.0,0.93
1998-10-31,0.0,10.03,9.17,0.0,0.95
1998-11-01,0.0,10.09,9.06,0.0,0.93
1998-11-02,0.0,9.92,8.97,0.0,0.92
1998-11-03,0.0,10.03,9.04,0.0,0.93
1998-11-04,0.0,10.24,9.21,0.0,0.95
1998-11-05,0.0,9.47,8.76,0.0,0.9
1998-11-06,0.743,85.45,12.94,31.31,41.2
1998-11-07,9.047,166.85,20.88,63.03,82.94
1998-11-08,1.096,86.66,12.86,31.83,41.98
1998-11-09,0.394,49.16,14.59,14.82,19.76
1998-11-10,0.008,21.39,15.9,0.01,5.48
1998-11-11,0.003,11.75,10.82,0.0,0.93
1998-11-12,0.004,12.6,11.64,0.0,0.94
1998-11-13,0.003,12.66,11.7,0.0,0.94
1998-11-14,0.003,12.87,11.92,0.0,0.94
1998-11-15,0.001,11.02,10.06,0.0,0.92
1998-11-16,0.001,12.59,11.66,0.0,0.94
1998-11-17,0.001,10.09,9.1,0.0,0.92
1998-11-18,0.001,11.86,10.91,0.0,0.93
1998-11-19,0.001,11.0,10.03,0.0,0.93
1998-11-20,0.001,11.15,10.27,0.0,0.93
1998-11-21,0.0,9.92,8.91,0.0,0.93
1998-11-22,0.0,9.87,8.87,0.0,0.92
1998-11-23,8.44,113.47,17.36,41.5,54.61
1998-11-24,1.51,50.08,14.61,15.31,20.16
1998-11-25,0.016,20.62,15.81,0.88,3.93
1998-11-26,0.007,13.23,12.22,0.0,1.02
1998-11-27,1.503,64.24,11.64,22.7,29.9
1998-11-28,0.766,62.17,16.16,19.83,26.18
1998-11-29,11.767,197.07,21.71,75.72,99.64
1998-11-30,8.936,178.62,21.49,67.85,89.28
1998-12-01,0.731,51.03,14.59,15.72,20.72
1998-12-02,0.938,47.23,10.97,15.64,20.61
1998-12-03,5.358,225.59,19.8,88.87,116.93
1998-12-04,0.342,44.37,15.19,12.45,16.73
1998-12-05,3.054,501.26,20.69,207.51,273.06
1998-12-06,0.862,264.48,16.62,106.98,140.88
1998-12-07,0.046,18.04,13.52,0.69,3.84
1998-12-08,0.038,14.2,13.1,0.01,1.08
1998-12-09,0.032,14.22,13.14,0.01,1.06
1998-12-10,0.029,14.22,13.16,0.01,1.05
1998-12-11,0.028,14.23,13.18,0.01,1.05
1998-12-12,0.024,14.4,13.36,0.01,1.03
1998-12-13,0.301,51.08,13.05,16.38,21.65
1998-12-14,0.128,36.43,15.85,8.67,11.91
1998-12-15,0.022,14.6,13.54,0.0,1.06
1998-12-16,0.016,14.48,13.48,0.0,1.0
1998-12-17,0.016,14.31,13.31,0.0,1.0
1998-12-18,0.017,14.33,13.33,0.0,1.0
1998-12-19,0.01,15.32,14.33,0.0,0.99
1998-12-20,0.001,17.08,16.26,0.0,0.86
1998-12-21,0.0,14.08,13.29,0.0,0.85
1998-12-22,0.001,16.55,15.58,0.0,0.94
1998-12-23,0.001,17.25,16.34,0.0,0.92
1998-12-24,0.001,16.42,15.44,0.0,0.91
1998-12-25,0.002,16.03,15.05,0.0,0.93
1998-12-26,0.003,15.63,14.69,0.0,0.94
1998-12-27,0.003,15.7,14.78,0.0,0.93
1998-12-28,0.002,15.88,14.97,0.0,0.93
1998-12-29,0.002,16.49,15.59,0.0,0.93
1998-12-30,0.001,17.81,16.94,0.0,0.92
1998-12-31,0.0,15.82,14.77,0.0,0.89
1999-01-01,0.001,17.26,16.25,0.0,0.93
1999-01-02,0.0,18.19,17.49,0.0,0.95
1999-01-03,0.0,0.0,0.0,0.0,0.0
1999-01-04,0.0,0.0,0.0,0.0,0.0
1999-01-05,0.0,0.0,0.0,0.0,0.0
1999-01-06,0.0,0.0,0.0,0.0,0.0
1999-01-07,0.0,0.0,0.0,0.0,0.0
1999-01-08,0.0,0.0,0.0,0.0,0.0
1999-01-09,0.0,0.0,0.0,0.0,0.0
1999-01-10,0.0,0.0,0.0,0.0,0.0
1999-01-11,0.0,0.0,0.0,0.0,0.0
1999-01-12,0.0,0.0,0.0,0.0,0.0
1999-01-13,0.0,0.0,0.0,0.0,0.0
1999-01-14,0.0,0.0,0.0,0.0,0.0
1999-01-15,1.047,138.96,11.68,54.96,72.32
1999-01-16,1.663,112.06,16.43,41.3,54.34
1999-01-17,1.328,74.7,12.27,26.94,35.49
1999-01-18,11.729,190.12,21.17,72.96,96.0
1999-01-19,11.284,284.75,23.05,112.55,149.14
1999-01-20,5.959,129.97,19.02,47.75,63.2
1999-01-21,0.829,59.58,13.95,19.7,25.92
1999-01-22,0.38,15.09,7.21,3.35,4.53
1999-01-23,9.721,177.57,20.7,67.74,89.13
1999-01-24,0.238,33.41,15.08,7.87,10.46
1999-01-25,0.129,15.1,13.3,0.65,1.15
1999-01-26,8.473,206.37,20.7,80.17,105.49
1999-01-27,0.255,24.08,14.54,4.09,5.46
1999-01-28,0.165,15.14,13.32,0.68,1.14
1999-01-29,0.148,15.1,13.31,0.65,1.14
1999-01-30,0.131,15.12,13.34,0.64,1.14
1999-01-31,13.417,637.59,30.69,255.38,351.52
1999-02-01,0.274,24.79,14.06,4.48,6.26
1999-02-02,0.2,15.16,13.21,0.81,1.14
1999-02-03,0.178,15.1,13.19,0.77,1.14
1999-02-04,0.149,15.08,13.27,0.67,1.14
1999-02-05,0.131,15.01,13.23,0.64,1.14
1999-02-06,12.879,246.84,25.43,94.73,126.68
1999-02-07,19.653,292.44,30.17,109.36,152.91
1999-02-08,3.673,145.98,14.28,56.82,74.87
1999-02-09,13.137,285.09,27.28,109.44,148.37
1999-02-10,1.005,17.53,13.47,1.73,2.33
1999-02-11,0.78,15.15,13.15,0.86,1.14
1999-02-12,0.647,15.1,13.1,0.86,1.14
1999-02-13,0.55,14.94,12.95,0.86,1.13
1999-02-14,0.718,24.71,14.08,4.59,6.04
1999-02-15,0.387,15.16,13.09,0.89,1.18
1999-02-16,14.115,165.76,21.84,62.15,81.77
1999-02-17,9.569,230.77,29.82,85.6,115.35
1999-02-18,3.509,118.09,15.49,44.3,58.3
1999-02-19,1.12,27.26,13.66,5.87,7.73
1999-02-20,8.167,126.32,18.89,46.39,61.04
1999-02-21,3.745,112.32,20.93,39.47,51.93
1999-02-22,0.969,15.27,12.87,1.04,1.37
1999-02-23,0.731,14.76,12.76,0.86,1.14
1999-02-24,1.264,33.39,7.79,11.06,14.55
1999-02-25,5.454,152.94,19.2,57.75,75.99
1999-02-26,0.643,16.24,12.95,1.42,1.87
1999-02-27,0.48,14.63,12.63,0.86,1.14
1999-02-28,0.388,14.56,12.56,0.86,1.14
1999-03-01,0.291,14.54,12.54,0.86,1.13
1999-03-02,0.223,14.47,12.47,0.86,1.14
1999-03-03,0.573,34.05,13.47,8.89,11.7
1999-03-04,0.15,14.64,12.62,0.82,1.21
1999-03-05,0.12,14.25,12.43,0.68,1.14
1999-03-06,0.097,13.9,12.31,0.45,1.14
1999-03-07,0.065,13.89,12.43,0.34,1.12
1999-03-08,5.816,434.54,23.17,175.56,235.82
1999-03-09,4.507,166.78,18.12,64.09,84.56
1999-03-10,0.361,18.93,13.15,2.49,3.28
1999-03-11,0.255,14.73,12.73,0.86,1.14
1999-03-12,0.202,14.65,12.67,0.84,1.14
1999-03-13,0.158,14.54,12.63,0.77,1.14
1999-03-14,3.875,120.3,15.13,45.41,59.76
1999-03-15,3.792,106.26,19.29,37.56,49.42
1999-03-16,0.37,16.38,13.14,1.4,1.84
1999-03-17,0.279,14.82,12.82,0.86,1.14
1999-03-18,0.219,14.78,12.79,0.86,1.14
1999-03-19,0.183,14.68,12.69,0.85,1.14
1999-03-20,0.137,14.6,12.73,0.74,1.13
1999-03-21,0.116,14.35,12.61,0.61,1.14
1999-03-22,0.089,14.2,12.65,0.42,1.13
1999-03-23,0.332,36.41,13.28,9.93,13.2
1999-03-24,2.508,89.37,12.21,33.31,43.85
1999-03-25,5.092,145.81,21.07,53.86,70.87
1999-03-26,0.317,17.71,13.48,1.83,2.4
1999-03-27,0.225,15.09,13.13,0.82,1.14
1999-03-28,0.177,14.98,13.07,0.78,1.14
1999-03-29,0.145,14.88,13.01,0.73,1.14
1999-03-30,0.111,14.37,12.73,0.55,1.1
1999-03-31,1.67,175.86,13.74,70.0,92.12
1999-04-01,0.126,24.47,13.82,4.45,6.2
1999-04-02,0.083,14.68,13.08,0.47,1.14
1999-04-03,0.057,14.91,13.37,0.4,1.13
1999-04-04,0.036,14.08,12.97,0.03,1.08
1999-04-05,2.967,113.97,13.32,43.46,57.19
1999-04-06,2.296,80.41,14.72,28.37,37.32
1999-04-07,0.227,19.67,13.83,2.49,3.35
1999-04-08,4.745,246.18,18.73,98.22,129.23
1999-04-09,0.293,22.24,13.81,3.64,4.79
1999-04-10,0.221,14.96,12.95,0.87,1.14
1999-04-11,9.046,258.98,23.53,101.07,134.37
1999-04-12,0.514,19.48,13.64,2.51,3.33
1999-04-13,0.349,14.92,12.91,0.87,1.14
1999-04-14,0.27,14.91,12.91,0.86,1.14
1999-04-15,0.202,14.85,12.9,0.81,1.14
1999-04-16,0.17,14.72,12.81,0.77,1.14
1999-04-17,0.13,14.67,12.82,0.72,1.13
1999-04-18,0.096,14.43,12.81,0.49,1.13
1999-04-19,0.072,14.3,12.77,0.4,1.13
1999-04-20,0.055,14.06,12.7,0.24,1.12
1999-04-21,0.038,13.83,12.7,0.03,1.1
1999-04-22,0.029,13.85,12.74,0.01,1.09
1999-04-23,0.016,13.55,12.54,0.0,1.01
1999-04-24,0.016,13.5,12.48,0.0,1.01
1999-04-25,0.012,13.51,12.51,0.0,0.99
1999-04-26,0.007,13.51,12.54,0.0,0.97
1999-04-27,0.002,13.58,12.66,0.0,0.95
1999-04-28,0.0,15.43,14.51,0.0,0.85
1999-04-29,0.0,11.57,11.55,0.0,0.83
1999-04-30,0.0,15.43,13.95,0.0,0.95
1999-05-01,0.0,0.0,0.0,0.0,0.0
1999-05-02,0.0,0.0,0.0,0.0,0.0
1999-05-03,0.0,0.0,0.0,0.0,0.0
1999-05-04,0.0,0.0,0.0,0.0,0.0
1999-05-05,0.0,0.0,0.0,0.0,0.0
1999-05-06,0.0,0.0,0.0,0.0,0.0
1999-05-07,0.0,0.0,0.0,0.0,0.0
1999-05-08,0.0,0.0,0.0,0.0,0.0
1999-05-09,0.0,0.0,0.0,0.0,0.0
1999-05-10,0.0,0.0,0.0,0.0,0.0
1999-05-11,0.0,0.0,0.0,0.0,0.0
1999-05-12,0.0,0.0,0.0,0.0,0.0
1999-05-13,0.0,0.0,0.0,0.0,0.0
1999-05-14,0.0,0.0,0.0,0.0,0.0
1999-05-15,0.0,0.0,0.0,0.0,0.0
1999-05-16,0.0,0.0,0.0,0.0,0.0
1999-05-17,0.0,0.0,0.0,0.0,0.0
1999-05-18,0.0,0.0,0.0,0.0,0.0
1999-05-19,0.0,0.0,0.0,0.0,0.0
1999-05-20,0.0,0.0,0.0,0.0,0.0
1999-05-21,0.0,0.0,0.0,0.0,0.0
1999-05-22,0.0,0.0,0.0,0.0,0.0
1999-05-23,0.0,0.0,0.0,0.0,0.0
1999-05-24,0.0,0.0,0.0,0.0,0.0
1999-05-25,0.0,0.0,0.0,0.0,0.0
1999-05-26,0.0,0.0,0.0,0.0,0.0
1999-05-27,0.0,0.0,0.0,0.0,0.0
1999-05-28,0.0,0.0,0.0,0.0,0.0
1999-05-29,0.0,0.0,0.0,0.0,0.0
1999-05-30,0.0,0.0,0.0,0.0,0.0
1999-05-31,0.0,0.0,0.0,0.0,0.0
1999-06-01,0.0,0.0,0.0,0.0,0.0
1999-06-02,0.0,0.0,0.0,0.0,0.0
1999-06-03,0.0,0.0,0.0,0.0,0.0
1999-06-04,0.0,0.0,0.0,0.0,0.0
1999-06-05,0.0,0.0,0.0,0.0,0.0
1999-06-06,0.0,0.0,0.0,0.0,0.0
1999-06-07,0.0,0.0,0.0,0.0,0.0
1999-06-08,0.0,0.0,0.0,0.0,0.0
1999-06-09,0.0,0.0,0.0,0.0,0.0
1999-06-10,0.0,0.0,0.0,0.0,0.0
1999-06-11,0.0,0.0,0.0,0.0,0.0
1999-06-12,0.0,0.0,0.0,0.0,0.0
1999-06-13,0.0,0.0,0.0,0.0,0.0
1999-06-14,0.0,0.0,0.0,0.0,0.0
1999-06-15,0.0,0.0,0.0,0.0,0.0
1999-06-16,0.0,0.0,0.0,0.0,0.0
1999-06-17,0.0,0.0,0.0,0.0,0.0
1999-06-18,0.0,0.0,0.0,0.0,0.0
1999-06-19,0.0,0.0,0.0,0.0,0.0
1999-06-20,0.0,0.0,0.0,0.0,0.0
1999-06-21,0.0,0.0,0.0,0.0,0.0
1999-06-22,0.0,0.0,0.0,0.0,0.0
1999-06-23,0.0,0.0,0.0,0.0,0.0
1999-06-24,0.0,0.0,0.0,0.0,0.0
1999-06-25,0.0,0.0,0.0,0.0,0.0
1999-06-26,0.0,0.0,0.0,0.0,0.0
1999-06-27,0.0,0.0,0.0,0.0,0.0
1999-06-28,0.0,0.0,0.0,0.0,0.0
1999-06-29,0.0,0.0,0.0,0.0,0.0
1999-06-30,0.0,0.0,0.0,0.0,0.0
1999-07-01,0.0,0.0,0.0,0.0,0.0
1999-07-02,0.0,0.0,0.0,0.0,0.0
1999-07-03,0.0,0.0,0.0,0.0,0.0
1999-07-04,0.0,0.0,0.0,0.0,0.0
1999-07-05,0.0,0.0,0.0,0.0,0.0
1999-07-06,0.0,0.0,0.0,0.0,0.0
1999-07-07,0.0,0.0,0.0,0.0,0.0
1999-07-08,0.0,0.0,0.0,0.0,0.0
1999-07-09,0.0,0.0,0.0,0.0,0.0
1999-07-10,0.0,0.0,0.0,0.0,0.0
1999-07-11,0.0,0.0,0.0,0.0,0.0
1999-07-12,0.0,0.0,0.0,0.0,0.0
1999-07-13,0.0,0.0,0.0,0.0,0.0
1999-07-14,0.0,0.0,0.0,0.0,0.0
1999-07-15,0.0,0.0,0.0,0.0,0.0
1999-07-16,0.0,0.0,0.0,0.0,0.0
1999-07-17,0.0,0.0,0.0,0.0,0.0
1999-07-18,0.0,0.0,0.0,0.0,0.0
1999-07-19,0.0,0.0,0.0,0.0,0.0
1999-07-20,0.0,0.0,0.0,0.0,0.0
1999-07-21,0.0,0.0,0.0,0.0,0.0
1999-07-22,0.0,0.0,0.0,0.0,0.0
1999-07-23,0.0,0.0,0.0,0.0,0.0
1999-07-24,0.0,0.0,0.0,0.0,0.0
1999-07-25,0.0,0.0,0.0,0.0,0.0
1999-07-26,0.0,0.0,0.0,0.0,0.0
1999-07-27,0.0,0.0,0.0,0.0,0.0
1999-07-28,0.0,0.0,0.0,0.0,0.0
1999-07-29,0.0,0.0,0.0,0.0,0.0
1999-07-30,0.0,0.0,0.0,0.0,0.0
1999-07-31,0.0,0.0,0.0,0.0,0.0
1999-08-01,0.0,0.0,0.0,0.0,0.0
1999-08-02,0.0,0.0,0.0,0.0,0.0
1999-08-03,0.0,0.0,0.0,0.0,0.0
1999-08-04,0.0,0.0,0.0,0.0,0.0
1999-08-05,0.0,0.0,0.0,0.0,0.0
1999-08-06,0.0,0.0,0.0,0.0,0.0
1999-08-07,0.0,0.0,0.0,0.0,0.0
1999-08-08,0.0,0.0,0.0,0.0,0.0
1999-08-09,0.0,0.0,0.0,0.0,0.0
1999-08-10,0.0,0.0,0.0,0.0,0.0
1999-08-11,0.0,0.0,0.0,0.0,0.0
1999-08-12,0.0,0.0,0.0,0.0,0.0
1999-08-13,0.0,0.0,0.0,0.0,0.0
1999-08-14,0.0,0.0,0.0,0.0,0.0
1999-08-15,0.0,0.0,0.0,0.0,0.0
1999-08-16,0.0,0.0,0.0,0.0,0.0
1999-08-17,0.0,0.0,0.0,0.0,0.0
1999-08-18,0.0,0.0,0.0,0.0,0.0
1999-08-19,0.0,0.0,0.0,0.0,0.0
1999-08-20,0.0,0.0,0.0,0.0,0.0
1999-08-21,0.0,0.0,0.0,0.0,0.0
1999-08-22,0.0,0.0,0.0,0.0,0.0
1999-08-23,0.0,0.0,0.0,0.0,0.0
1999-08-24,0.0,0.0,0.0,0.0,0.0
1999-08-25,0.0,0.0,0.0,0.0,0.0
1999-08-26,0.0,0.0,0.0,0.0,0.0
1999-08-27,0.0,0.0,0.0,0.0,0.0
1999-08-28,0.0,0.0,0.0,0.0,0.0
1999-08-29,0.0,0.0,0.0,0.0,0.0
1999-08-30,0.0,0.0,0.0,0.0,0.0
1999-08-31,0.0,0.0,0.0,0.0,0.0
1999-09-01,0.0,0.0,0.0,0.0,0.0
1999-09-02,0.0,0.0,0.0,0.0,0.0
1999-09-03,0.0,0.0,0.0,0.0,0.0
1999-09-04,0.0,0.0,0.0,0.0,0.0
1999-09-05,0.0,0.0,0.0,0.0,0.0
1999-09-06,0.0,0.0,0.0,0.0,0.0
1999-09-07,0.0,0.0,0.0,0.0,0.0
1999-09-08,0.0,0.0,0.0,0.0,0.0
1999-09-09,0.0,0.0,0.0,0.0,0.0
1999-09-10,0.0,0.0,0.0,0.0,0.0
1999-09-11,0.0,0.0,0.0,0.0,0.0
1999-09-12,0.0,0.0,0.0,0.0,0.0
1999-09-13,0.0,0.0,0.0,0.0,0.0
1999-09-14,0.0,0.0,0.0,0.0,0.0
1999-09-15,0.0,0.0,0.0,0.0,0.0
1999-09-16,0.0,0.0,0.0,0.0,0.0
1999-09-17,0.0,0.0,0.0,0.0,0.0
1999-09-18,0.0,0.0,0.0,0.0,0.0
1999-09-19,0.0,0.0,0.0,0.0,0.0
1999-09-20,0.0,0.0,0.0,0.0,0.0
1999-09-21,0.0,0.0,0.0,0.0,0.0
1999-09-22,0.0,0.0,0.0,0.0,0.0
1999-09-23,0.0,0.0,0.0,0.0,0.0
1999-09-24,0.0,0.0,0.0,0.0,0.0
1999-09-25,0.0,0.0,0.0,0.0,0.0
1999-09-26,0.0,0.0,0.0,0.0,0.0
1999-09-27,0.0,0.0,0.0,0.0,0.0
1999-09-28,0.0,0.0,0.0,0.0,0.0
1999-09-29,0.0,0.0,0.0,0.0,0.0
1999-09-30,0.0,0.0,0.0,0.0,0.0
1999-10-01,0.0,0.0,0.0,0.0,0.0
1999-10-02,0.0,0.0,0.0,0.0,0.0
1999-10-03,0.0,0.0,0.0,0.0,0.0
1999-10-04,0.0,0.0,0.0,0.0,0.0
1999-10-05,0.0,0.0,0.0,0.0,0.0
1999-10-06,0.0,0.0,0.0,0.0,0.0
1999-10-07,0.0,0.0,0.0,0.0,0.0
1999-10-08,0.0,0.0,0.0,0.0,0.0
1999-10-09,0.0,0.0,0.0,0.0,0.0
1999-10-10,0.0,0.0,0.0,0.0,0.0
1999-10-11,0.0,0.0,0.0,0.0,0.0
1999-10-12,0.0,0.0,0.0,0.0,0.0
1999-10-13,0.0,0.0,0.0,0.0,0.0
1999-10-14,0.0,0.0,0.0,0.0,0.0
1999-10-15,0.0,0.0,0.0,0.0,0.0
1999-10-16,0.0,0.0,0.0,0.0,0.0
1999-10-17,0.0,0.0,0.0,0.0,0.0
1999-10-18,0.0,0.0,0.0,0.0,0.0
1999-10-19,0.0,0.0,0.0,0.0,0.0
1999-10-20,0.0,0.0,0.0,0.0,0.0
1999-10-21,0.0,0.0,0.0,0.0,0.0
1999-10-22,0.0,0.0,0.0,0.0,0.0
1999-10-23,0.0,0.0,0.0,0.0,0.0
1999-10-24,0.0,0.0,0.0,0.0,0.0
1999-10-25,0.0,0.0,0.0,0.0,0.0
1999-10-26,0.0,0.0,0.0,0.0,0.0
1999-10-27,1.481,144.09,10.42,57.72,75.95
1999-10-28,3.442,273.26,23.4,107.89,141.96
1999-10-29,0.042,76.27,17.64,22.42,36.21
1999-10-30,0.001,13.96,12.27,0.0,1.83
1999-10-31,0.0,10.36,9.37,0.0,0.94
1999-11-01,0.0,10.17,9.16,0.0,0.92
1999-11-02,0.0,10.03,9.02,0.0,0.91
1999-11-03,0.0,9.86,9.06,0.0,0.91
1999-11-04,0.0,10.06,9.18,0.0,0.92
1999-11-05,0.0,9.84,8.84,0.0,0.9
1999-11-06,0.0,10.21,9.38,0.0,0.96
1999-11-07,2.903,185.76,16.92,72.91,95.94
1999-11-08,4.894,169.94,19.4,65.0,85.53
1999-11-09,0.028,47.93,17.54,11.03,19.35
1999-11-10,0.002,10.96,9.89,0.0,1.03
1999-11-11,0.001,10.0,9.05,0.0,0.94
1999-11-12,0.001,10.02,9.03,0.0,0.94
1999-11-13,0.001,9.9,9.04,0.0,0.94
1999-11-14,0.001,9.96,9.0,0.0,0.93
1999-11-15,0.001,9.9,8.95,0.0,0.93
1999-11-16,3.612,169.92,17.38,65.87,86.67
1999-11-17,1.409,70.43,14.0,24.36,32.06
1999-11-18,0.028,36.65,17.18,6.75,12.72
1999-11-19,10.157,665.58,30.41,268.18,366.99
1999-11-20,0.463,137.96,16.35,50.91,70.71
1999-11-21,1.232,140.82,12.81,55.24,72.77
1999-11-22,0.017,29.15,15.11,2.6,11.43
1999-11-23,0.004,11.05,10.13,0.0,0.95
1999-11-24,0.004,11.54,10.59,0.0,0.94
1999-11-25,0.002,10.82,9.88,0.0,0.93
1999-11-26,0.002,10.99,10.07,0.0,0.94
1999-11-27,0.001,10.17,9.16,0.0,0.93
1999-11-28,0.001,9.83,8.87,0.0,0.93
1999-11-29,0.057,0.16,0.15,0.0,0.02
1999-11-30,2.555,103.36,12.49,39.23,51.64
1999-12-01,1.846,119.26,14.32,45.3,59.65
1999-12-02,0.73,81.74,13.05,29.56,39.13
1999-12-03,0.046,52.61,17.3,13.55,21.76
1999-12-04,0.002,11.94,10.8,0.0,1.12
1999-12-05,0.001,10.58,9.63,0.0,0.92
1999-12-06,0.001,11.49,10.51,0.0,0.94
1999-12-07,0.001,11.06,10.24,0.0,0.92
1999-12-08,0.001,9.78,8.98,0.0,0.93
1999-12-09,1.501,81.65,12.29,29.95,39.41
1999-12-10,0.066,49.84,16.8,13.37,19.67
1999-12-11,0.001,13.27,11.97,0.0,1.3
1999-12-12,0.001,11.31,10.42,0.0,0.94
1999-12-13,0.001,10.26,9.42,0.0,0.92
1999-12-14,0.0,9.97,8.91,0.0,0.94
1999-12-15,0.0,9.4,8.52,0.0,0.91
1999-12-16,0.0,9.72,8.95,0.0,0.95
1999-12-17,0.0,9.37,8.73,0.0,0.93
1999-12-18,0.0,9.53,8.45,0.0,0.9
1999-12-19,0.0,10.42,9.53,0.0,0.98
1999-12-20,0.0,11.57,8.72,0.0,1.0
1999-12-21,0.0,11.57,9.09,0.0,0.96
1999-12-22,0.0,5.79,7.17,0.0,0.92
1999-12-23,0.0,8.68,7.62,0.0,0.85
1999-12-24,0.0,11.57,10.06,0.0,1.13
1999-12-25,0.0,11.57,11.83,0.0,1.38
1999-12-26,0.0,11.57,7.6,0.0,0.89
1999-12-27,0.0,0.0,0.0,0.0,0.0
1999-12-28,0.0,0.0,0.0,0.0,0.0
1999-12-29,0.0,0.0,0.0,0.0,0.0
1999-12-30,0.0,0.0,0.0,0.0,0.0
1999-12-31,0.0,0.0,0.0,0.0,0.0
2000-01-01,0.0,0.0,0.0,0.0,0.0
2000-01-02,0.0,0.0,0.0,0.0,0.0
2000-01-03,0.0,0.0,0.0,0.0,0.0
2000-01-04,0.0,0.0,0.0,0.0,0.0
2000-01-05,0.0,0.0,0.0,0.0,0.0
2000-01-06,0.0,0.0,0.0,0.0,0.0
2000-01-07,0.0,0.0,0.0,0.0,0.0
2000-01-08,0.0,0.0,0.0,0.0,0.0
2000-01-09,0.0,0.0,0.0,0.0,0.0
2000-01-10,0.0,0.0,0.0,0.0,0.0
2000-01-11,4.827,410.17,21.84,167.68,220.64
2000-01-12,0.305,120.94,17.27,44.49,59.18
2000-01-13,0.002,22.3,15.64,0.0,6.7
2000-01-14,0.001,10.85,9.97,0.0,0.92
2000-01-15,0.001,12.06,11.1,0.0,0.94
2000-01-16,6.062,239.55,21.53,94.14,123.88
2000-01-17,0.118,11.71,4.6,2.63,4.48
2000-01-18,7.889,139.18,20.17,51.39,67.61
2000-01-19,2.138,102.99,13.58,38.59,50.81
2000-01-20,0.362,43.14,13.91,12.54,16.69
2000-01-21,0.011,14.36,13.04,0.0,1.32
2000-01-22,0.528,44.73,8.99,15.35,20.39
2000-01-23,24.877,282.18,26.48,108.11,147.58
2000-01-24,32.396,278.86,31.81,103.26,143.79
2000-01-25,2.39,95.6,15.6,34.42,45.58
2000-01-26,0.233,17.65,13.25,1.9,2.5
2000-01-27,0.188,14.91,12.96,0.81,1.14
2000-01-28,0.165,14.93,13.04,0.76,1.14
2000-01-29,0.144,14.88,13.09,0.65,1.14
2000-01-30,2.042,140.22,14.13,54.44,71.64
2000-01-31,0.206,34.53,14.5,8.59,11.45
2000-02-01,0.12,14.99,13.2,0.64,1.15
2000-02-02,0.1,14.94,13.24,0.56,1.13
2000-02-03,0.8,90.46,12.95,33.46,44.05
2000-02-04,0.188,43.41,15.3,12.06,16.05
2000-02-05,1.107,48.26,12.07,15.62,20.57
2000-02-06,0.204,29.9,15.03,6.37,8.5
2000-02-07,0.077,14.84,13.23,0.46,1.14
2000-02-08,0.07,14.7,13.19,0.37,1.13
2000-02-09,0.068,14.4,13.06,0.21,1.13
2000-02-10,4.377,144.97,16.12,55.64,73.21
2000-02-11,13.23,265.83,27.48,101.0,137.35
2000-02-12,6.299,103.89,18.29,36.65,48.96
2000-02-13,31.774,304.73,29.79,115.54,159.4
2000-02-14,11.632,302.04,25.07,117.48,159.49
2000-02-15,1.357,18.29,13.36,2.12,2.81
2000-02-16,2.135,41.3,12.79,12.31,16.2
2000-02-17,1.025,18.8,13.45,2.31,3.04
2000-02-18,0.743,15.02,13.01,0.86,1.14
2000-02-19,0.608,14.96,12.96,0.86,1.14
2000-02-20,5.235,244.56,21.16,96.47,126.93
2000-02-21,2.975,107.83,15.04,40.07,52.72
2000-02-22,7.038,205.52,21.68,79.38,104.45
2000-02-23,11.97,239.35,23.8,93.08,122.47
2000-02-24,1.734,32.02,12.81,8.3,10.92
2000-02-25,1.253,24.82,13.57,4.86,6.39
2000-02-26,4.249,156.45,14.69,61.21,80.54
2000-02-27,7.513,165.88,22.95,61.72,81.21
2000-02-28,1.151,22.54,13.86,3.75,4.93
2000-02-29,4.642,128.81,17.15,48.22,63.45
2000-03-01,0.831,17.49,13.15,1.88,2.47
2000-03-02,2.652,67.33,13.06,23.43,30.83
2000-03-03,0.653,17.93,13.23,2.03,2.67
2000-03-04,4.749,211.28,18.97,83.04,109.27
2000-03-05,3.829,127.88,22.17,45.65,60.06
2000-03-06,1.851,92.14,13.23,34.07,44.83
2000-03-07,2.401,115.14,13.08,44.07,57.99
2000-03-08,6.971,130.78,19.01,48.26,63.5
2000-03-09,4.539,70.96,15.01,24.16,31.79
2000-03-10,0.857,16.56,13.11,1.49,1.96
2000-03-11,0.608,14.76,12.76,0.86,1.14
2000-03-12,0.459,14.7,12.7,0.86,1.14
2000-03-13,0.342,14.64,12.64,0.86,1.14
2000-03-14,0.255,14.57,12.57,0.86,1.14
2000-03-15,0.184,14.49,12.54,0.82,1.14
2000-03-16,0.124,14.26,12.45,0.67,1.13
2000-03-17,0.086,13.91,12.35,0.43,1.13
2000-03-18,0.062,13.71,12.31,0.28,1.12
2000-03-19,0.042,13.42,12.27,0.03,1.12
2000-03-20,0.021,13.17,12.13,0.0,1.04
2000-03-21,0.014,12.55,11.56,0.0,0.99
2000-03-22,0.012,12.87,11.87,0.0,1.0
2000-03-23,0.005,11.79,10.83,0.0,0.95
2000-03-24,0.003,11.34,10.37,0.0,0.95
2000-03-25,0.002,10.65,9.74,0.0,0.94
2000-03-26,0.001,12.97,12.18,0.0,0.92
2000-03-27,0.0,13.62,12.62,0.0,0.93
2000-03-28,0.0,12.63,12.31,0.0,0.97
2000-03-29,0.0,7.72,8.62,0.0,0.85
2000-03-30,0.0,0.0,0.0,0.0,0.0
2000-03-31,0.0,0.0,0.0,0.0,0.0
2000-04-01,0.0,0.0,0.0,0.0,0.0
2000-04-02,0.0,0.0,0.0,0.0,0.0
2000-04-03,0.0,0.0,0.0,0.0,0.0
2000-04-04,0.0,0.0,0.0,0.0,0.0
2000-04-05,0.0,0.0,0.0,0.0,0.0
2000-04-06,0.0,0.0,0.0,0.0,0.0
2000-04-07,0.0,0.0,0.0,0.0,0.0
2000-04-08,0.0,0.0,0.0,0.0,0.0
2000-04-09,0.0,0.0,0.0,0.0,0.0
2000-04-10,0.0,0.0,0.0,0.0,0.0
2000-04-11,0.0,0.0,0.0,0.0,0.0
2000-04-12,0.355,69.74,8.14,26.57,35.03
2000-04-13,1.252,95.54,13.98,35.18,46.39
2000-04-14,1.788,97.67,13.35,36.41,47.91
2000-04-15,0.07,26.66,14.88,4.57,7.21
2000-04-16,0.041,12.29,11.35,0.02,0.92
2000-04-17,4.695,125.27,16.83,46.83,61.62
2000-04-18,0.145,23.42,14.62,3.71,5.09
2000-04-19,0.083,15.1,13.47,0.49,1.14
2000-04-20,0.064,14.98,13.44,0.42,1.12
2000-04-21,0.051,14.88,13.46,0.3,1.12
2000-04-22,0.043,14.67,13.48,0.08,1.11
2000-04-23,0.029,14.63,13.53,0.02,1.08
2000-04-24,0.023,14.57,13.49,0.01,1.07
2000-04-25,0.017,14.43,13.41,0.0,1.02
2000-04-26,0.014,14.72,13.71,0.0,1.01
2000-04-27,0.007,15.32,14.35,0.0,0.96
2000-04-28,0.004,15.71,14.73,0.0,0.97
2000-04-29,0.002,15.78,14.87,0.0,0.94
2000-04-30,0.001,17.64,16.72,0.0,0.95
2000-05-01,0.0,16.2,16.31,0.0,0.78
2000-05-02,0.0,17.36,17.61,0.0,1.01
2000-05-03,0.0,0.0,0.0,0.0,0.0
2000-05-04,0.0,0.0,0.0,0.0,0.0
2000-05-05,0.0,0.0,0.0,0.0,0.0
2000-05-06,0.0,0.0,0.0,0.0,0.0
2000-05-07,3.267,92.09,13.51,33.92,44.65
2000-05-08,5.973,143.54,20.72,53.04,69.79
2000-05-09,0.107,22.52,14.66,3.19,4.67
2000-05-10,0.053,15.19,13.64,0.42,1.12
2000-05-11,0.039,14.52,13.35,0.08,1.09
2000-05-12,0.033,14.58,13.44,0.04,1.1
2000-05-13,0.023,14.54,13.46,0.01,1.06
2000-05-14,0.143,32.14,13.25,8.04,10.86
2000-05-15,3.926,161.71,17.44,62.3,81.97
2000-05-16,0.078,30.78,15.07,6.35,9.35
2000-05-17,0.04,14.64,13.44,0.09,1.11
2000-05-18,0.031,14.43,13.33,0.03,1.09
2000-05-19,0.024,14.43,13.35,0.01,1.07
2000-05-20,0.019,14.49,13.45,0.01,1.03
2000-05-21,0.014,14.75,13.73,0.0,1.01
2000-05-22,0.008,15.35,14.36,0.0,0.98
2000-05-23,0.003,16.19,15.23,0.0,0.96
2000-05-24,0.0,16.16,15.27,0.0,0.9
2000-05-25,0.0,13.23,11.35,0.0,0.81
2000-05-26,0.0,11.57,11.22,0.0,1.2
2000-05-27,0.0,7.72,9.92,0.0,0.69
2000-05-28,0.0,0.0,0.0,0.0,0.0
2000-05-29,0.0,0.0,0.0,0.0,0.0
2000-05-30,0.0,0.0,0.0,0.0,0.0
2000-05-31,0.0,0.0,0.0,0.0,0.0
2000-06-01,0.0,0.0,0.0,0.0,0.0
2000-06-02,0.0,0.0,0.0,0.0,0.0
2000-06-03,0.0,0.0,0.0,0.0,0.0
2000-06-04,0.0,0.0,0.0,0.0,0.0
2000-06-05,0.0,0.0,0.0,0.0,0.0
2000-06-06,0.0,0.0,0.0,0.0,0.0
2000-06-07,0.0,0.0,0.0,0.0,0.0
2000-06-08,0.444,43.73,14.97,12.39,16.37
2000-06-09,0.014,21.16,16.62,0.67,3.86
2000-06-10,0.0,17.75,16.88,0.0,0.56
2000-06-11,0.0,0.0,0.0,0.0,0.0
2000-06-12,0.0,0.0,0.0,0.0,0.0
2000-06-13,0.0,0.0,0.0,0.0,0.0
2000-06-14,0.0,0.0,0.0,0.0,0.0
2000-06-15,0.0,0.0,0.0,0.0,0.0
2000-06-16,0.0,0.0,0.0,0.0,0.0
2000-06-17,0.0,0.0,0.0,0.0,0.0
2000-06-18,0.0,0.0,0.0,0.0,0.0
2000-06-19,0.0,0.0,0.0,0.0,0.0
2000-06-20,0.0,0.0,0.0,0.0,0.0
2000-06-21,0.0,0.0,0.0,0.0,0.0
2000-06-22,0.0,0.0,0.0,0.0,0.0
2000-06-23,0.0,0.0,0.0,0.0,0.0
2000-06-24,0.0,0.0,0.0,0.0,0.0
2000-06-25,0.0,0.0,0.0,0.0,0.0
2000-06-26,0.0,0.0,0.0,0.0,0.0
2000-06-27,0.0,0.0,0.0,0.0,0.0
2000-06-28,0.0,0.0,0.0,0.0,0.0
2000-06-29,0.0,0.0,0.0,0.0,0.0
2000-06-30,0.0,0.0,0.0,0.0,0.0
2000-07-01,0.0,0.0,0.0,0.0,0.0
2000-07-02,0.0,0.0,0.0,0.0,0.0
2000-07-03,0.0,0.0,0.0,0.0,0.0
2000-07-04,0.0,0.0,0.0,0.0,0.0
2000-07-05,0.0,0.0,0.0,0.0,0.0
2000-07-06,0.0,0.0,0.0,0.0,0.0
2000-07-07,0.0,0.0,0.0,0.0,0.0
2000-07-08,0.0,0.0,0.0,0.0,0.0
2000-07-09,0.0,0.0,0.0,0.0,0.0
2000-07-10,0.0,0.0,0.0,0.0,0.0
2000-07-11,0.0,0.0,0.0,0.0,0.0
2000-07-12,0.0,0.0,0.0,0.0,0.0
2000-07-13,0.0,0.0,0.0,0.0,0.0
2000-07-14,0.0,0.0,0.0,0.0,0.0
2000-07-15,0.0,0.0,0.0,0.0,0.0
2000-07-16,0.0,0.0,0.0,0.0,0.0
2000-07-17,0.0,0.0,0.0,0.0,0.0
2000-07-18,0.0,0.0,0.0,0.0,0.0
2000-07-19,0.0,0.0,0.0,0.0,0.0
2000-07-20,0.0,0.0,0.0,0.0,0.0
2000-07-21,0.0,0.0,0.0,0.0,0.0
2000-07-22,0.0,0.0,0.0,0.0,0.0
2000-07-23,0.0,0.0,0.0,0.0,0.0
2000-07-24,0.0,0.0,0.0,0.0,0.0
2000-07-25,0.0,0.0,0.0,0.0,0.0
2000-07-26,0.0,0.0,0.0,0.0,0.0
2000-07-27,0.0,0.0,0.0,0.0,0.0
2000-07-28,0.0,0.0,0.0,0.0,0.0
2000-07-29,0.0,0.0,0.0,0.0,0.0
2000-07-30,0.0,0.0,0.0,0.0,0.0
2000-07-31,0.0,0.0,0.0,0.0,0.0
2000-08-01,0.0,0.0,0.0,0.0,0.0
2000-08-02,0.0,0.0,0.0,0.0,0.0
2000-08-03,0.0,0.0,0.0,0.0,0.0
2000-08-04,0.0,0.0,0.0,0.0,0.0
2000-08-05,0.0,0.0,0.0,0.0,0.0
2000-08-06,0.0,0.0,0.0,0.0,0.0
2000-08-07,0.0,0.0,0.0,0.0,0.0
2000-08-08,0.0,0.0,0.0,0.0,0.0
2000-08-09,0.0,0.0,0.0,0.0,0.0
2000-08-10,0.0,0.0,0.0,0.0,0.0
2000-08-11,0.0,0.0,0.0,0.0,0.0
2000-08-12,0.0,0.0,0.0,0.0,0.0
2000-08-13,0.0,0.0,0.0,0.0,0.0
2000-08-14,0.0,0.0,0.0,0.0,0.0
2000-08-15,0.0,0.0,0.0,0.0,0.0
2000-08-16,0.0,0.0,0.0,0.0,0.0
2000-08-17,0.0,0.0,0.0,0.0,0.0
2000-08-18,0.0,0.0,0.0,0.0,0.0
2000-08-19,0.0,0.0,0.0,0.0,0.0
2000-08-20,0.0,0.0,0.0,0.0,0.0
2000-08-21,0.0,0.0,0.0,0.0,0.0
2000-08-22,0.0,0.0,0.0,0.0,0.0
2000-08-23,0.0,0.0,0.0,0.0,0.0
2000-08-24,0.0,0.0,0.0,0.0,0.0
2000-08-25,0.0,0.0,0.0,0.0,0.0
2000-08-26,0.0,0.0,0.0,0.0,0.0
2000-08-27,0.0,0.0,0.0,0.0,0.0
2000-08-28,0.0,0.0,0.0,0.0,0.0
2000-08-29,0.0,0.0,0.0,0.0,0.0
2000-08-30,0.0,0.0,0.0,0.0,0.0
2000-08-31,0.0,0.0,0.0,0.0,0.0
2000-09-01,0.0,0.0,0.0,0.0,0.0
2000-09-02,0.0,0.0,0.0,0.0,0.0
2000-09-03,0.0,0.0,0.0,0.0,0.0
2000-09-04,0.0,0.0,0.0,0.0,0.0
2000-09-05,0.0,0.0,0.0,0.0,0.0
2000-09-06,0.0,0.0,0.0,0.0,0.0
2000-09-07,0.0,0.0,0.0,0.0,0.0
2000-09-08,0.0,0.0,0.0,0.0,0.0
2000-09-09,0.0,0.0,0.0,0.0,0.0
2000-09-10,0.0,0.0,0.0,0.0,0.0
2000-09-11,0.0,0.0,0.0,0.0,0.0
2000-09-12,0.0,0.0,0.0,0.0,0.0
2000-09-13,0.0,0.0,0.0,0.0,0.0
2000-09-14,0.0,0.0,0.0,0.0,0.0
2000-09-15,0.0,0.0,0.0,0.0,0.0
2000-09-16,0.0,0.0,0.0,0.0,0.0
2000-09-17,0.0,0.0,0.0,0.0,0.0
2000-09-18,0.0,0.0,0.0,0.0,0.0
2000-09-19,0.0,0.0,0.0,0.0,0.0
2000-09-20,0.0,0.0,0.0,0.0,0.0
2000-09-21,0.0,0.0,0.0,0.0,0.0
2000-09-22,0.0,0.0,0.0,0.0,0.0
2000-09-23,0.0,0.0,0.0,0.0,0.0
2000-09-24,0.0,0.0,0.0,0.0,0.0
2000-09-25,0.0,0.0,0.0,0.0,0.0
2000-09-26,0.0,0.0,0.0,0.0,0.0
2000-09-27,0.0,0.0,0.0,0.0,0.0
2000-09-28,0.0,0.0,0.0,0.0,0.0
2000-09-29,0.0,0.0,0.0,0.0,0.0
2000-09-30,0.0,0.0,0.0,0.0,0.0
2000-10-01,0.0,0.0,0.0,0.0,0.0
2000-10-02,0.0,0.0,0.0,0.0,0.0
2000-10-03,0.0,0.0,0.0,0.0,0.0
2000-10-04,0.0,0.0,0.0,0.0,0.0
2000-10-05,0.0,0.0,0.0,0.0,0.0
2000-10-06,0.0,0.0,0.0,0.0,0.0
2000-10-07,0.0,0.0,0.0,0.0,0.0
2000-10-08,0.0,0.0,0.0,0.0,0.0
2000-10-09,0.0,0.0,0.0,0.0,0.0
2000-10-10,0.279,60.05,16.77,18.64,24.64
2000-10-11,0.075,27.64,15.85,4.62,7.16
2000-10-12,0.01,21.84,18.72,0.16,2.95
2000-10-13,0.0,18.52,18.67,0.0,0.26
2000-10-14,0.0,0.0,0.0,0.0,0.0
2000-10-15,0.0,0.0,0.0,0.0,0.0
2000-10-16,0.0,0.0,0.0,0.0,0.0
2000-10-17,0.0,0.0,0.0,0.0,0.0
2000-10-18,0.0,0.0,0.0,0.0,0.0
2000-10-19,0.0,0.0,0.0,0.0,0.0
2000-10-20,0.0,0.0,0.0,0.0,0.0
2000-10-21,0.0,0.0,0.0,0.0,0.0
2000-10-22,0.0,0.0,0.0,0.0,0.0
2000-10-23,0.0,0.0,0.0,0.0,0.0
2000-10-24,0.0,0.0,0.0,0.0,0.0
2000-10-25,0.0,23.15,15.92,3.17,4.17
2000-10-26,13.102,210.99,22.69,81.31,106.99
2000-10-27,2.152,130.17,14.35,50.01,65.82
2000-10-28,5.328,214.03,21.01,83.34,109.69
2000-10-29,3.715,133.81,14.06,51.7,68.04
2000-10-30,6.12,150.48,18.65,56.93,74.91
2000-10-31,0.132,46.22,16.65,12.48,17.09
2000-11-01,0.009,12.42,11.34,0.0,1.08
2000-11-02,0.006,11.43,10.48,0.0,0.95
2000-11-03,0.006,11.92,10.96,0.0,0.95
2000-11-04,0.004,11.57,10.62,0.0,0.94
2000-11-05,0.003,11.42,10.5,0.0,0.94
2000-11-06,0.002,10.27,9.32,0.0,0.93
2000-11-07,0.001,9.75,8.87,0.0,0.93
2000-11-08,0.001,9.88,8.88,0.0,0.94
2000-11-09,0.001,9.67,8.74,0.0,0.92
2000-11-10,0.001,9.76,8.74,0.0,0.93
2000-11-11,0.001,9.71,8.79,0.0,0.94
2000-11-12,0.0,9.73,8.73,0.0,0.93
2000-11-13,0.0,9.5,8.71,0.0,0.94
2000-11-14,0.0,9.65,8.5,0.0,0.91
2000-11-15,0.0,9.26,8.54,0.0,0.93
2000-11-16,0.0,9.65,8.44,0.0,0.9
2000-11-17,0.0,9.92,8.9,0.0,0.97
2000-11-18,0.0,8.9,8.13,0.0,0.89
2000-11-19,0.0,9.26,8.56,0.0,0.94
2000-11-20,0.0,8.68,8.22,0.0,0.9
2000-11-21,0.142,38.9,8.47,13.14,17.29
2000-11-22,0.743,52.86,13.58,16.92,22.36
2000-11-23,0.007,24.05,17.38,0.01,6.65
2000-11-24,0.0,12.28,11.54,0.0,0.89
2000-11-25,0.0,11.97,11.23,0.0,0.93
2000-11-26,0.0,12.54,11.7,0.0,0.95
2000-11-27,0.0,11.57,9.58,0.0,0.98
2000-11-28,0.0,10.13,8.38,0.0,0.88
2000-11-29,3.444,165.65,17.37,64.03,84.25
2000-11-30,0.048,56.15,17.44,15.22,23.49
2000-12-01,0.001,13.68,12.4,0.0,1.2
2000-12-02,0.001,12.18,11.26,0.0,0.93
2000-12-03,0.001,12.77,11.88,0.0,0.94
2000-12-04,0.0,10.68,9.72,0.0,0.92
2000-12-05,0.0,9.98,9.06,0.0,0.92
2000-12-06,0.0,10.19,9.14,0.0,0.94
2000-12-07,0.0,10.0,9.01,0.0,0.93
2000-12-08,0.0,10.21,9.01,0.0,0.91
2000-12-09,0.0,9.4,8.92,0.0,0.93
2000-12-10,0.0,10.61,9.02,0.0,0.92
2000-12-11,0.0,9.47,8.95,0.0,0.93
2000-12-12,2.38,269.02,16.52,109.02,143.49
2000-12-13,0.565,24.36,6.51,7.38,10.47
2000-12-14,3.199,109.2,13.32,41.4,54.48
2000-12-15,1.259,63.84,15.22,20.99,27.64
2000-12-16,0.051,18.36,12.88,1.89,3.6
2000-12-17,0.004,14.08,13.21,0.0,0.86
2000-12-18,0.001,10.21,9.29,0.0,0.92
2000-12-19,0.001,9.92,9.0,0.0,0.92
2000-12-20,0.001,11.02,10.12,0.0,0.93
2000-12-21,0.001,10.38,9.59,0.0,0.92
2000-12-22,0.001,9.79,9.02,0.0,0.93
2000-12-23,0.0,9.77,8.9,0.0,0.93
2000-12-24,0.0,9.7,8.82,0.0,0.91
2000-12-25,0.0,10.29,9.06,0.0,0.93
2000-12-26,0.0,10.0,9.03,0.0,0.94
2000-12-27,0.0,9.75,8.93,0.0,0.93
2000-12-28,0.0,10.03,9.01,0.0,0.94
2000-12-29,0.0,9.79,8.92,0.0,0.94
2000-12-30,0.0,9.47,9.03,0.0,0.95
2000-12-31,0.0,10.29,9.29,0.0,0.99
2001-01-01,0.0,10.13,8.84,0.0,0.94
2001-01-02,0.0,9.65,8.98,0.0,0.94
2001-01-03,0.0,9.26,8.31,0.0,0.88
2001-01-04,0.0,8.68,8.0,0.0,0.85
2001-01-05,0.0,7.72,8.62,0.0,0.93
2001-01-06,0.0,7.72,6.72,0.0,0.72
2001-01-07,0.0,11.57,12.91,0.0,1.32
2001-01-08,4.577,147.17,17.29,56.08,73.79
2001-01-09,0.05,46.93,17.29,11.73,17.92
2001-01-10,9.311,212.49,22.39,82.09,108.01
2001-01-11,7.322,119.36,17.93,43.8,57.63
2001-01-12,0.379,58.6,16.92,17.9,23.78
2001-01-13,0.013,14.1,12.63,0.0,1.46
2001-01-14,0.01,12.73,11.77,0.0,0.96
2001-01-15,0.007,13.13,12.16,0.0,0.96
2001-01-16,0.003,10.26,9.33,0.0,0.91
2001-01-17,0.003,12.4,11.46,0.0,0.93
2001-01-18,0.004,13.06,12.11,0.0,0.94
2001-01-19,0.003,12.86,11.93,0.0,0.93
2001-01-20,0.003,13.46,12.49,0.0,0.94
2001-01-21,0.002,13.44,12.55,0.0,0.94
2001-01-22,0.001,11.31,10.31,0.0,0.92
2001-01-23,0.443,43.35,11.74,13.61,18.0
2001-01-24,2.649,93.72,14.17,34.35,45.2
2001-01-25,8.715,577.57,28.63,231.91,317.04
2001-01-26,2.387,191.19,15.63,75.56,100.0
2001-01-27,0.034,44.34,15.48,10.28,18.58
2001-01-28,0.013,13.39,12.39,0.0,0.99
2001-01-29,0.009,13.52,12.56,0.0,0.95
2001-01-30,0.007,13.32,12.38,0.0,0.95
2001-01-31,0.007,13.59,12.64,0.0,0.95
2001-02-01,0.007,13.77,12.8,0.0,0.95
2001-02-02,0.005,14.16,13.22,0.0,0.95
2001-02-03,0.004,13.87,12.93,0.0,0.93
2001-02-04,0.004,14.1,13.15,0.0,0.94
2001-02-05,0.003,14.52,13.55,0.0,0.94
2001-02-06,0.001,15.83,14.81,0.0,0.93
2001-02-07,0.0,9.53,8.96,0.0,0.92
2001-02-08,0.0,9.92,9.05,0.0,0.98
2001-02-09,5.816,195.52,17.39,76.92,101.21
2001-02-10,7.681,106.37,16.23,38.92,51.21
2001-02-11,9.783,194.18,21.61,74.52,98.05
2001-02-12,11.122,172.82,23.79,64.35,84.68
2001-02-13,0.192,35.54,15.74,8.44,11.36
2001-02-14,0.066,14.45,12.94,0.36,1.15
2001-02-15,0.058,14.3,12.98,0.2,1.12
2001-02-16,0.051,14.24,13.05,0.07,1.11
2001-02-17,0.591,50.74,9.76,17.67,23.32
2001-02-18,2.008,63.41,13.58,21.52,28.31
2001-02-19,8.878,294.83,21.0,118.24,155.58
2001-02-20,4.692,119.88,16.13,44.8,58.94
2001-02-21,3.964,99.0,14.76,36.38,47.86
2001-02-22,2.787,95.49,12.26,35.94,47.29
2001-02-23,2.784,86.44,16.5,30.2,39.74
2001-02-24,14.301,237.47,25.07,91.27,121.13
2001-02-25,1.419,62.05,13.58,20.93,27.54
2001-02-26,0.364,22.51,13.83,3.75,4.93
2001-02-27,0.26,15.3,13.31,0.85,1.14
2001-02-28,0.219,15.26,13.32,0.81,1.14
2001-03-01,0.194,15.2,13.28,0.78,1.14
2001-03-02,1.134,87.55,13.24,32.08,42.22
2001-03-03,0.662,41.49,10.14,13.53,17.82
2001-03-04,8.233,176.39,19.12,67.91,89.36
2001-03-05,3.297,85.69,14.02,30.95,40.72
2001-03-06,0.462,28.57,14.28,6.17,8.12
2001-03-07,0.254,15.24,13.24,0.86,1.14
2001-03-08,0.22,15.16,13.2,0.82,1.14
2001-03-09,0.181,15.17,13.25,0.78,1.14
2001-03-10,0.15,15.05,13.2,0.71,1.14
2001-03-11,0.134,14.94,13.15,0.65,1.14
2001-03-12,0.108,14.92,13.22,0.57,1.13
2001-03-13,0.091,14.79,13.17,0.49,1.13
2001-03-14,0.075,14.67,13.12,0.42,1.13
2001-03-15,0.066,14.55,13.08,0.35,1.13
2001-03-16,0.052,14.45,13.11,0.23,1.11
2001-03-17,0.042,14.11,12.97,0.04,1.1
2001-03-18,0.037,14.1,12.98,0.02,1.09
2001-03-19,0.029,14.05,12.96,0.01,1.07
2001-03-20,0.024,14.03,12.98,0.01,1.05
2001-03-21,0.019,13.95,12.92,0.0,1.02
2001-03-22,0.015,13.85,12.84,0.0,1.0
2001-03-23,0.012,13.77,12.78,0.0,0.99
2001-03-24,0.01,13.87,12.88,0.0,0.98
2001-03-25,0.208,38.37,13.76,10.38,14.22
2001-03-26,0.013,16.96,14.18,0.0,2.77
2001-03-27,0.005,14.43,13.47,0.0,0.97
2001-03-28,0.002,13.37,12.46,0.0,0.91
2001-03-29,0.002,14.0,13.05,0.0,0.94
2001-03-30,0.001,14.52,13.59,0.0,0.93
2001-03-31,0.0,23.15,22.45,0.0,0.47
2001-04-01,0.0,0.0,0.0,0.0,0.0
2001-04-02,0.0,0.0,0.0,0.0,0.0
2001-04-03,0.0,0.0,0.0,0.0,0.0
2001-04-04,0.0,0.0,0.0,0.0,0.0
2001-04-05,0.0,0.0,0.0,0.0,0.0
2001-04-06,0.706,75.38,10.89,27.85,36.64
2001-04-07,2.978,121.56,14.61,46.18,60.77
2001-04-08,0.038,49.2,17.11,12.28,19.8
2001-04-09,0.008,14.5,13.5,0.0,1.0
2001-04-10,0.008,14.76,13.79,0.0,0.98
2001-04-11,0.005,14.39,13.45,0.0,0.93
2001-04-12,0.006,14.78,13.8,0.0,0.96
2001-04-13,0.003,15.74,14.8,0.0,0.95
2001-04-14,0.001,15.59,14.68,0.0,0.91
2001-04-15,0.001,16.69,15.9,0.0,0.95
2001-04-16,0.0,11.57,9.92,0.0,0.87
2001-04-17,0.0,7.72,8.45,0.0,0.83
2001-04-18,0.0,0.0,0.0,0.0,0.0
2001-04-19,0.0,0.0,0.0,0.0,0.0
2001-04-20,7.599,202.25,21.09,78.23,102.93
2001-04-21,0.354,84.68,17.05,29.05,38.58
2001-04-22,0.021,14.91,13.31,0.01,1.6
2001-04-23,0.016,14.0,12.99,0.0,1.01
2001-04-24,0.013,14.06,13.07,0.0,0.99
2001-04-25,0.01,14.24,13.26,0.0,0.98
2001-04-26,0.007,14.5,13.52,0.0,0.96
2001-04-27,0.005,14.67,13.72,0.0,0.95
2001-04-28,0.003,15.44,14.51,0.0,0.95
2001-04-29,0.001,15.5,14.5,0.0,0.93
2001-04-30,0.0,14.32,13.41,0.0,0.92
2001-05-01,0.0,9.47,8.44,0.0,0.85
2001-05-02,0.0,11.57,9.94,0.0,1.02
2001-05-03,0.0,0.0,0.0,0.0,0.0
2001-05-04,0.0,0.0,5.75,0.0,0.68
2001-05-05,0.0,0.0,0.0,0.0,0.0
2001-05-06,0.0,0.0,0.0,0.0,0.0
2001-05-07,0.0,0.0,0.0,0.0,0.0
2001-05-08,0.0,0.0,0.0,0.0,0.0
2001-05-09,0.0,0.0,0.0,0.0,0.0
2001-05-10,0.0,0.0,0.0,0.0,0.0
2001-05-11,0.0,0.0,0.0,0.0,0.0
2001-05-12,0.0,0.0,0.0,0.0,0.0
2001-05-13,0.0,0.0,0.0,0.0,0.0
2001-05-14,0.0,0.0,0.0,0.0,0.0
2001-05-15,0.0,0.0,0.0,0.0,0.0
2001-05-16,0.0,0.0,0.0,0.0,0.0
2001-05-17,0.0,0.0,0.0,0.0,0.0
2001-05-18,0.0,0.0,0.0,0.0,0.0
2001-05-19,0.0,0.0,0.0,0.0,0.0
2001-05-20,0.0,0.0,0.0,0.0,0.0
2001-05-21,0.0,0.0,0.0,0.0,0.0
2001-05-22,0.0,0.0,0.0,0.0,0.0
2001-05-23,0.0,0.0,0.0,0.0,0.0
2001-05-24,0.0,0.0,0.0,0.0,0.0
2001-05-25,0.0,0.0,0.0,0.0,0.0
2001-05-26,0.0,0.0,0.0,0.0,0.0
2001-05-27,0.0,0.0,0.0,0.0,0.0
2001-05-28,0.0,0.0,0.0,0.0,0.0
2001-05-29,0.0,0.0,0.0,0.0,0.0
2001-05-30,0.0,0.0,0.0,0.0,0.0
2001-05-31,0.0,0.0,0.0,0.0,0.0
2001-06-01,0.0,0.0,0.0,0.0,0.0
2001-06-02,0.0,0.0,0.0,0.0,0.0
2001-06-03,0.0,0.0,0.0,0.0,0.0
2001-06-04,0.0,0.0,0.0,0.0,0.0
2001-06-05,0.0,0.0,0.0,0.0,0.0
2001-06-06,0.0,0.0,0.0,0.0,0.0
2001-06-07,0.0,0.0,0.0,0.0,0.0
2001-06-08,0.0,0.0,0.0,0.0,0.0
2001-06-09,0.0,0.0,0.0,0.0,0.0
2001-06-10,0.0,0.0,0.0,0.0,0.0
2001-06-11,0.0,0.0,0.0,0.0,0.0
2001-06-12,0.0,0.0,0.0,0.0,0.0
2001-06-13,0.0,0.0,0.0,0.0,0.0
2001-06-14,0.0,0.0,0.0,0.0,0.0
2001-06-15,0.0,0.0,0.0,0.0,0.0
2001-06-16,0.0,0.0,0.0,0.0,0.0
2001-06-17,0.0,0.0,0.0,0.0,0.0
2001-06-18,0.0,0.0,0.0,0.0,0.0
2001-06-19,0.0,0.0,0.0,0.0,0.0
2001-06-20,0.0,0.0,0.0,0.0,0.0
2001-06-21,0.0,0.0,0.0,0.0,0.0
2001-06-22,0.0,0.0,0.0,0.0,0.0
2001-06-23,0.0,0.0,0.0,0.0,0.0
2001-06-24,0.0,0.0,0.0,0.0,0.0
2001-06-25,0.0,0.0,0.0,0.0,0.0
2001-06-26,0.0,0.0,0.0,0.0,0.0
2001-06-27,0.0,0.0,0.0,0.0,0.0
2001-06-28,0.0,0.0,0.0,0.0,0.0
2001-06-29,0.0,0.0,0.0,0.0,0.0
2001-06-30,0.0,0.0,0.0,0.0,0.0
2001-07-01,0.0,0.0,0.0,0.0,0.0
2001-07-02,0.0,0.0,0.0,0.0,0.0
2001-07-03,0.0,0.0,0.0,0.0,0.0
2001-07-04,0.0,0.0,0.0,0.0,0.0
2001-07-05,0.0,0.0,0.0,0.0,0.0
2001-07-06,0.0,0.0,0.0,0.0,0.0
2001-07-07,0.0,0.0,0.0,0.0,0.0
2001-07-08,0.0,0.0,0.0,0.0,0.0
2001-07-09,0.0,0.0,0.0,0.0,0.0
2001-07-10,0.0,0.0,0.0,0.0,0.0
2001-07-11,0.0,0.0,0.0,0.0,0.0
2001-07-12,0.0,0.0,0.0,0.0,0.0
2001-07-13,0.0,0.0,0.0,0.0,0.0
2001-07-14,0.0,0.0,0.0,0.0,0.0
2001-07-15,0.0,0.0,0.0,0.0,0.0
2001-07-16,0.0,0.0,0.0,0.0,0.0
2001-07-17,0.0,0.0,0.0,0.0,0.0
2001-07-18,0.0,0.0,0.0,0.0,0.0
2001-07-19,0.0,0.0,0.0,0.0,0.0
2001-07-20,0.0,0.0,0.0,0.0,0.0
2001-07-21,0.0,0.0,0.0,0.0,0.0
2001-07-22,0.0,0.0,0.0,0.0,0.0
2001-07-23,0.0,0.0,0.0,0.0,0.0
2001-07-24,0.0,0.0,0.0,0.0,0.0
2001-07-25,0.0,0.0,0.0,0.0,0.0
2001-07-26,0.0,0.0,0.0,0.0,0.0
2001-07-27,0.0,0.0,0.0,0.0,0.0
2001-07-28,0.0,0.0,0.0,0.0,0.0
2001-07-29,0.0,0.0,0.0,0.0,0.0
2001-07-30,0.0,0.0,0.0,0.0,0.0
2001-07-31,0.0,0.0,0.0,0.0,0.0
2001-08-01,0.0,0.0,0.0,0.0,0.0
2001-08-02,0.0,0.0,0.0,0.0,0.0
2001-08-03,0.0,0.0,0.0,0.0,0.0
2001-08-04,0.0,0.0,0.0,0.0,0.0
2001-08-05,0.0,0.0,0.0,0.0,0.0
2001-08-06,0.0,0.0,0.0,0.0,0.0
2001-08-07,0.0,0.0,0.0,0.0,0.0
2001-08-08,0.0,0.0,0.0,0.0,0.0
2001-08-09,0.0,0.0,0.0,0.0,0.0
2001-08-10,0.0,0.0,0.0,0.0,0.0
2001-08-11,0.0,0.0,0.0,0.0,0.0
2001-08-12,0.0,0.0,0.0,0.0,0.0
2001-08-13,0.0,0.0,0.0,0.0,0.0
2001-08-14,0.0,0.0,0.0,0.0,0.0
2001-08-15,0.0,0.0,0.0,0.0,0.0
2001-08-16,0.0,0.0,0.0,0.0,0.0
2001-08-17,0.0,0.0,0.0,0.0,0.0
2001-08-18,0.0,0.0,0.0,0.0,0.0
2001-08-19,0.0,0.0,0.0,0.0,0.0
2001-08-20,0.0,0.0,0.0,0.0,0.0
2001-08-21,0.0,0.0,0.0,0.0,0.0
2001-08-22,0.0,0.0,0.0,0.0,0.0
2001-08-23,0.0,0.0,0.0,0.0,0.0
2001-08-24,0.0,0.0,0.0,0.0,0.0
2001-08-25,0.0,0.0,0.0,0.0,0.0
2001-08-26,0.0,0.0,0.0,0.0,0.0
2001-08-27,0.0,0.0,0.0,0.0,0.0
2001-08-28,0.0,0.0,0.0,0.0,0.0
2001-08-29,0.0,0.0,0.0,0.0,0.0
2001-08-30,0.0,0.0,0.0,0.0,0.0
2001-08-31,0.0,0.0,0.0,0.0,0.0
2001-09-01,0.0,0.0,0.0,0.0,0.0
2001-09-02,0.0,0.0,0.0,0.0,0.0
2001-09-03,0.0,0.0,0.0,0.0,0.0
2001-09-04,0.0,0.0,0.0,0.0,0.0
2001-09-05,0.0,0.0,0.0,0.0,0.0
2001-09-06,0.0,0.0,0.0,0.0,0.0
2001-09-07,0.0,0.0,0.0,0.0,0.0
2001-09-08,0.0,0.0,0.0,0.0,0.0
2001-09-09,0.0,0.0,0.0,0.0,0.0
2001-09-10,0.0,0.0,0.0,0.0,0.0
2001-09-11,0.0,0.0,0.0,0.0,0.0
2001-09-12,0.0,0.0,0.0,0.0,0.0
2001-09-13,0.0,0.0,0.0,0.0,0.0
2001-09-14,0.0,0.0,0.0,0.0,0.0
2001-09-15,0.0,0.0,0.0,0.0,0.0
2001-09-16,0.0,0.0,0.0,0.0,0.0
2001-09-17,0.0,0.0,0.0,0.0,0.0
2001-09-18,0.0,0.0,0.0,0.0,0.0
2001-09-19,0.0,0.0,0.0,0.0,0.0
2001-09-20,0.0,0.0,0.0,0.0,0.0
2001-09-21,0.0,0.0,0.0,0.0,0.0
2001-09-22,0.0,0.0,0.0,0.0,0.0
2001-09-23,0.0,0.0,0.0,0.0,0.0
2001-09-24,0.0,0.0,0.0,0.0,0.0
2001-09-25,2.383,375.45,23.59,151.94,199.92
2001-09-26,0.159,142.78,17.34,53.24,72.2
2001-09-27,0.001,26.87,17.56,0.0,9.31
2001-09-28,0.0,11.57,10.05,0.0,0.98
2001-09-29,0.0,10.29,9.07,0.0,0.94
2001-09-30,0.0,10.13,9.16,0.0,0.94
2001-10-01,0.0,9.65,9.25,0.0,0.94
2001-10-02,0.0,11.57,9.24,0.0,0.95
2001-10-03,0.0,7.72,9.71,0.0,0.98
2001-10-04,0.0,7.72,7.97,0.0,0.84
2001-10-05,0.0,7.72,9.21,0.0,0.95
2001-10-06,0.0,7.72,7.77,0.0,0.79
2001-10-07,0.0,11.57,8.82,0.0,0.87
2001-10-08,0.0,0.0,0.0,0.0,0.0
2001-10-09,0.0,0.0,0.0,0.0,0.0
2001-10-10,0.0,0.0,0.0,0.0,0.0
2001-10-11,0.0,0.0,0.0,0.0,0.0
2001-10-12,0.0,0.0,0.0,0.0,0.0
2001-10-13,0.0,0.0,0.0,0.0,0.0
2001-10-14,0.0,0.0,0.0,0.0,0.0
2001-10-15,0.0,0.0,0.0,0.0,0.0
2001-10-16,0.0,0.0,0.0,0.0,0.0
2001-10-17,0.0,0.0,0.0,0.0,0.0
2001-10-18,0.0,0.0,0.0,0.0,0.0
2001-10-19,0.0,0.0,0.0,0.0,0.0
2001-10-20,0.0,0.0,0.0,0.0,0.0
2001-10-21,0.0,0.0,0.0,0.0,0.0
2001-10-22,0.0,0.0,0.0,0.0,0.0
2001-10-23,0.0,0.0,0.0,0.0,0.0
2001-10-24,0.0,0.0,0.0,0.0,0.0
2001-10-25,0.0,0.0,0.0,0.0,0.0
2001-10-26,0.0,0.0,0.0,0.0,0.0
2001-10-27,0.0,0.0,0.0,0.0,0.0
2001-10-28,0.0,0.0,0.0,0.0,0.0
2001-10-29,0.0,0.0,0.0,0.0,0.0
2001-10-30,4.07,188.87,18.52,73.56,96.79
2001-10-31,0.059,56.69,17.64,15.78,23.26
2001-11-01,0.001,14.76,13.2,0.0,1.66
2001-11-02,0.0,10.05,9.29,0.0,0.91
2001-11-03,0.0,10.38,9.22,0.0,0.95
2001-11-04,0.0,9.72,8.83,0.0,0.9
2001-11-05,0.0,9.47,8.71,0.0,0.9
2001-11-06,0.0,9.65,8.99,0.0,0.93
2001-11-07,0.0,9.65,8.47,0.0,0.89
2001-11-08,0.0,10.75,9.16,0.0,0.94
2001-11-09,0.0,9.09,8.37,0.0,0.87
2001-11-10,2.129,174.48,14.9,68.91,90.67
2001-11-11,2.256,101.18,16.64,36.5,48.04
2001-11-12,21.783,659.89,37.7,258.69,363.5
2001-11-13,0.185,50.54,17.24,13.16,20.13
2001-11-14,0.009,11.83,10.65,0.0,1.18
2001-11-15,0.008,11.17,10.22,0.0,0.95
2001-11-16,0.006,11.24,10.29,0.0,0.95
2001-11-17,0.005,11.25,10.31,0.0,0.94
2001-11-18,0.004,11.43,10.47,0.0,0.95
2001-11-19,0.002,9.86,8.94,0.0,0.93
2001-11-20,0.002,11.0,10.08,0.0,0.94
2001-11-21,0.006,2.27,2.05,0.0,0.22
2001-11-22,0.715,50.53,13.3,16.04,21.18
2001-11-23,0.01,19.1,15.49,0.01,3.6
2001-11-24,12.798,494.23,28.97,194.77,270.49
2001-11-25,1.577,72.1,13.72,25.17,33.22
2001-11-26,0.06,39.06,16.48,8.99,13.59
2001-11-27,0.006,12.3,11.32,0.0,0.99
2001-11-28,4.744,167.74,15.18,65.88,86.69
2001-11-29,10.401,251.02,26.92,96.68,127.42
2001-11-30,0.132,63.89,16.66,19.97,27.27
2001-12-01,10.615,133.37,18.33,49.67,65.36
2001-12-02,20.455,390.38,33.23,145.97,211.18
2001-12-03,2.685,81.99,14.19,29.24,38.56
2001-12-04,0.15,18.53,13.68,2.01,2.83
2001-12-05,5.043,146.28,16.77,55.92,73.59
2001-12-06,3.135,66.67,14.97,22.33,29.38
2001-12-07,0.173,18.06,13.89,1.74,2.43
2001-12-08,0.124,14.8,13.04,0.62,1.14
2001-12-09,0.101,14.9,13.15,0.62,1.13
2001-12-10,0.087,14.88,13.24,0.51,1.13
2001-12-11,0.079,14.75,13.17,0.45,1.13
2001-12-12,0.079,14.66,13.09,0.44,1.13
2001-12-13,1.255,243.9,11.53,100.33,132.05
2001-12-14,8.276,375.15,23.85,151.32,199.99
2001-12-15,0.162,45.23,14.4,13.13,17.71
2001-12-16,0.114,14.81,13.01,0.63,1.16
2001-12-17,5.325,374.08,22.35,151.85,199.88
2001-12-18,0.199,42.31,14.54,11.93,15.84
2001-12-19,0.56,58.43,8.84,21.39,28.21
2001-12-20,6.428,111.46,14.92,41.69,54.86
2001-12-21,3.203,133.03,19.19,49.16,64.68
2001-12-22,6.708,302.79,23.21,120.73,158.85
2001-12-23,1.242,44.89,13.61,13.51,17.77
2001-12-24,0.302,18.69,13.8,2.11,2.77
2001-12-25,0.222,15.11,13.1,0.86,1.14
2001-12-26,0.194,15.04,13.1,0.81,1.14
2001-12-27,0.245,18.59,12.82,2.47,3.31
2001-12-28,18.094,242.73,26.29,92.07,124.37
2001-12-29,12.664,198.16,22.14,76.01,100.01
2001-12-30,12.586,200.51,24.91,75.58,100.02
2001-12-31,5.689,133.62,18.47,49.67,65.48
2002-01-01,1.405,17.71,12.72,2.15,2.83
2002-01-02,12.909,150.72,21.18,55.94,73.6
2002-01-03,1.677,20.74,13.74,3.02,3.98
2002-01-04,1.06,15.0,12.98,0.87,1.15
2002-01-05,0.847,14.88,12.88,0.87,1.14
2002-01-06,1.164,28.6,12.91,6.77,8.91
2002-01-07,0.584,15.09,12.88,0.95,1.25
2002-01-08,0.469,14.72,12.72,0.86,1.14
2002-01-09,0.376,14.68,12.68,0.86,1.14
2002-01-10,0.304,14.62,12.62,0.86,1.14
2002-01-11,0.245,14.56,12.56,0.86,1.14
2002-01-12,0.2,14.5,12.5,0.86,1.14
2002-01-13,0.163,14.39,12.44,0.82,1.14
2002-01-14,0.126,14.28,12.43,0.72,1.14
2002-01-15,0.095,13.87,12.31,0.43,1.13
2002-01-16,0.078,13.67,12.21,0.32,1.13
2002-01-17,0.064,13.36,12.16,0.08,1.13
2002-01-18,0.049,13.19,12.06,0.02,1.11
2002-01-19,0.037,13.26,12.16,0.01,1.09
2002-01-20,0.027,12.87,11.83,0.0,1.03
2002-01-21,0.026,12.89,11.85,0.0,1.03
2002-01-22,0.01,12.79,11.85,0.0,0.94
2002-01-23,0.012,12.12,11.15,0.0,0.98
2002-01-24,0.011,12.47,11.49,0.0,0.97
2002-01-25,0.009,12.4,11.43,0.0,0.96
2002-01-26,2.7,120.28,15.01,45.45,59.82
2002-01-27,0.174,48.07,15.66,13.82,18.59
2002-01-28,0.787,43.05,12.35,13.25,17.45
2002-01-29,0.163,29.48,15.21,6.05,8.22
2002-01-30,0.057,14.19,12.94,0.11,1.13
2002-01-31,0.05,13.97,12.82,0.04,1.11
2002-02-01,0.048,13.86,12.73,0.02,1.11
2002-02-02,0.037,13.87,12.78,0.01,1.08
2002-02-03,0.03,13.77,12.7,0.01,1.05
2002-02-04,0.024,13.72,12.69,0.0,1.03
2002-02-05,0.02,13.66,12.66,0.0,1.01
2002-02-06,0.015,13.68,12.69,0.0,0.99
2002-02-07,0.13,45.29,13.13,13.85,18.3
2002-02-08,1.824,244.62,14.75,99.26,130.61
2002-02-09,0.101,87.61,15.95,30.02,41.65
2002-02-10,0.033,14.33,13.13,0.01,1.18
2002-02-11,0.029,14.21,13.14,0.01,1.06
2002-02-12,0.024,14.22,13.18,0.01,1.03
2002-02-13,0.02,14.14,13.12,0.0,1.01
2002-02-14,0.017,14.09,13.1,0.0,1.0
2002-02-15,0.015,14.19,13.2,0.0,0.99
2002-02-16,1.286,202.95,12.82,82.1,108.03
2002-02-17,6.449,159.63,20.45,60.1,79.08
2002-02-18,0.306,21.52,13.62,3.4,4.5
2002-02-19,5.789,111.38,16.15,41.12,54.11
2002-02-20,1.787,71.94,13.74,25.13,33.07
2002-02-21,0.32,16.44,13.12,1.43,1.89
2002-02-22,0.255,14.93,12.93,0.86,1.14
2002-02-23,0.218,14.86,12.86,0.86,1.14
2002-02-24,0.184,14.81,12.87,0.8,1.14
2002-02-25,0.15,14.77,12.88,0.76,1.14
2002-02-26,0.12,14.62,12.87,0.61,1.14
2002-02-27,0.098,14.48,12.86,0.49,1.13
2002-02-28,0.08,14.4,12.85,0.42,1.13
2002-03-01,0.056,14.28,12.87,0.29,1.12
2002-03-02,0.048,13.97,12.78,0.08,1.11
2002-03-03,0.042,13.82,12.69,0.03,1.1
2002-03-04,0.035,13.82,12.72,0.01,1.09
2002-03-05,0.031,13.74,12.67,0.01,1.06
2002-03-06,4.098,230.21,18.45,91.44,120.32
2002-03-07,6.293,186.0,20.03,71.67,94.3
2002-03-08,0.326,30.05,14.32,6.79,8.93
2002-03-09,0.21,14.94,12.91,0.87,1.15
2002-03-10,5.543,163.93,18.89,62.63,82.41
2002-03-11,0.349,19.88,13.51,2.75,3.62
2002-03-12,0.255,14.97,12.96,0.87,1.14
2002-03-13,0.189,14.94,13.01,0.8,1.13
2002-03-14,0.158,14.82,12.92,0.76,1.14
2002-03-15,0.136,14.78,12.94,0.71,1.14
2002-03-16,0.11,14.66,12.91,0.6,1.14
2002-03-17,6.647,279.29,23.33,110.53,145.43
2002-03-18,0.358,36.92,14.67,9.6,12.65
2002-03-19,0.2,14.93,12.94,0.83,1.16
2002-03-20,0.166,14.83,12.92,0.77,1.14
2002-03-21,0.134,14.79,12.93,0.72,1.14
2002-03-22,0.679,2.74,2.41,0.12,0.22
2002-03-23,6.362,239.94,21.16,94.47,124.31
2002-03-24,0.281,20.18,13.6,2.84,3.74
2002-03-25,0.21,14.89,12.9,0.84,1.14
2002-03-26,0.17,14.83,12.92,0.78,1.14
2002-03-27,0.134,14.79,12.93,0.73,1.13
2002-03-28,0.106,14.59,12.92,0.53,1.13
2002-03-29,0.084,14.43,12.86,0.44,1.13
2002-03-30,0.069,14.31,12.8,0.38,1.13
2002-03-31,0.056,14.17,12.81,0.25,1.12
2002-04-01,0.044,13.97,12.8,0.06,1.11
2002-04-02,0.035,13.89,12.77,0.02,1.09
2002-04-03,0.028,13.86,12.78,0.01,1.07
2002-04-04,0.021,13.79,12.75,0.01,1.04
2002-04-05,0.017,13.73,12.71,0.0,1.02
2002-04-06,0.013,13.62,12.63,0.0,0.99
2002-04-07,0.011,13.62,12.64,0.0,0.98
2002-04-08,0.008,13.76,12.79,0.0,0.97
2002-04-09,0.003,13.53,12.6,0.0,0.93
2002-04-10,0.003,13.6,12.65,0.0,0.95
2002-04-11,0.001,13.23,12.3,0.0,0.93
2002-04-12,0.001,13.06,12.16,0.0,0.96
2002-04-13,0.0,16.2,14.68,0.0,0.82
2002-04-14,0.0,0.0,0.0,0.0,0.0
2002-04-15,0.0,0.0,0.0,0.0,0.0
2002-04-16,0.0,0.0,0.0,0.0,0.0
2002-04-17,0.52,70.88,14.56,24.29,32.03
2002-04-18,0.014,30.34,17.31,2.7,10.32
2002-04-19,0.001,16.14,15.1,0.0,0.92
2002-04-20,0.0,16.84,15.79,0.0,0.93
2002-04-21,0.0,0.0,0.0,0.0,0.0
2002-04-22,0.0,0.0,0.0,0.0,0.0
2002-04-23,0.0,0.0,0.0,0.0,0.0
2002-04-24,0.0,0.0,0.0,0.0,0.0
2002-04-25,0.0,0.0,0.0,0.0,0.0
2002-04-26,0.0,0.0,0.0,0.0,0.0
2002-04-27,0.0,0.0,0.0,0.0,0.0
2002-04-28,0.0,0.0,0.0,0.0,0.0
2002-04-29,0.0,0.0,0.0,0.0,0.0
2002-04-30,0.0,0.0,0.0,0.0,0.0
2002-05-01,0.0,0.0,0.0,0.0,0.0
2002-05-02,0.0,0.0,0.0,0.0,0.0
2002-05-03,0.0,0.0,0.0,0.0,0.0
2002-05-04,0.0,0.0,0.0,0.0,0.0
2002-05-05,0.0,0.0,0.0,0.0,0.0
2002-05-06,0.0,0.0,0.0,0.0,0.0
2002-05-07,0.0,0.0,0.0,0.0,0.0
2002-05-08,0.0,0.0,0.0,0.0,0.0
2002-05-09,0.0,0.0,0.0,0.0,0.0
2002-05-10,0.0,0.0,0.0,0.0,0.0
2002-05-11,0.0,0.0,0.0,0.0,0.0
2002-05-12,0.0,0.0,0.0,0.0,0.0
2002-05-13,0.0,0.0,0.0,0.0,0.0
2002-05-14,0.0,0.0,0.0,0.0,0.0
2002-05-15,0.0,0.0,0.0,0.0,0.0
2002-05-16,0.0,0.0,0.0,0.0,0.0
2002-05-17,0.0,0.0,0.0,0.0,0.0
2002-05-18,0.0,0.0,0.0,0.0,0.0
2002-05-19,3.959,227.33,19.08,89.92,118.33
2002-05-20,3.702,115.73,15.05,43.47,57.2
2002-05-21,2.683,110.6,14.78,41.37,54.45
2002-05-22,0.04,30.53,15.23,5.71,9.59
2002-05-23,0.017,14.17,13.15,0.0,1.02
2002-05-24,0.013,14.57,13.56,0.0,1.01
2002-05-25,0.008,14.74,13.78,0.0,0.96
2002-05-26,0.007,14.87,13.9,0.0,0.96
2002-05-27,0.005,15.14,14.17,0.0,0.96
2002-05-28,0.002,14.85,13.92,0.0,0.91
2002-05-29,0.002,15.37,14.44,0.0,0.95
2002-05-30,0.001,14.33,13.34,0.0,0.91
2002-05-31,0.0,9.75,9.06,0.0,0.87
2002-06-01,0.0,10.75,9.43,0.0,0.96
2002-06-02,0.0,10.52,9.69,0.0,1.0
2002-06-03,0.0,11.57,10.19,0.0,1.04
2002-06-04,0.0,9.65,9.27,0.0,0.94
2002-06-05,0.0,11.57,10.78,0.0,1.07
2002-06-06,0.0,23.15,12.56,0.0,1.26
2002-06-07,0.0,0.0,0.0,0.0,0.0
2002-06-08,0.0,0.0,0.0,0.0,0.0
2002-06-09,0.0,0.0,0.0,0.0,0.0
2002-06-10,0.0,0.0,0.0,0.0,0.0
2002-06-11,0.0,0.0,0.0,0.0,0.0
2002-06-12,0.0,0.0,0.0,0.0,0.0
2002-06-13,0.0,0.0,0.0,0.0,0.0
2002-06-14,0.0,0.0,0.0,0.0,0.0
2002-06-15,0.0,0.0,0.0,0.0,0.0
2002-06-16,0.0,0.0,0.0,0.0,0.0
2002-06-17,0.0,0.0,0.0,0.0,0.0
2002-06-18,0.0,0.0,0.0,0.0,0.0
2002-06-19,0.0,0.0,0.0,0.0,0.0
2002-06-20,0.0,0.0,0.0,0.0,0.0
2002-06-21,0.0,0.0,0.0,0.0,0.0
2002-06-22,0.0,0.0,0.0,0.0,0.0
2002-06-23,0.0,0.0,0.0,0.0,0.0
2002-06-24,0.0,0.0,0.0,0.0,0.0
2002-06-25,0.0,0.0,0.0,0.0,0.0
2002-06-26,0.0,0.0,0.0,0.0,0.0
2002-06-27,0.0,0.0,0.0,0.0,0.0
2002-06-28,0.0,0.0,0.0,0.0,0.0
2002-06-29,0.0,0.0,0.0,0.0,0.0
2002-06-30,0.0,0.0,0.0,0.0,0.0
2002-07-01,0.0,0.0,0.0,0.0,0.0
2002-07-02,0.0,0.0,0.0,0.0,0.0
2002-07-03,0.0,0.0,0.0,0.0,0.0
2002-07-04,0.0,0.0,0.0,0.0,0.0
2002-07-05,0.0,0.0,0.0,0.0,0.0
2002-07-06,0.0,0.0,0.0,0.0,0.0
2002-07-07,0.0,0.0,0.0,0.0,0.0
2002-07-08,0.0,0.0,0.0,0.0,0.0
2002-07-09,0.0,0.0,0.0,0.0,0.0
2002-07-10,0.0,0.0,0.0,0.0,0.0
2002-07-11,0.0,0.0,0.0,0.0,0.0
2002-07-12,0.0,0.0,0.0,0.0,0.0
2002-07-13,0.0,0.0,0.0,0.0,0.0
2002-07-14,0.0,0.0,0.0,0.0,0.0
2002-07-15,0.0,0.0,0.0,0.0,0.0
2002-07-16,0.0,0.0,0.0,0.0,0.0
2002-07-17,0.0,0.0,0.0,0.0,0.0
2002-07-18,0.0,0.0,0.0,0.0,0.0
2002-07-19,0.0,0.0,0.0,0.0,0.0
2002-07-20,0.0,0.0,0.0,0.0,0.0
2002-07-21,0.0,0.0,0.0,0.0,0.0
2002-07-22,0.0,0.0,0.0,0.0,0.0
2002-07-23,0.0,0.0,0.0,0.0,0.0
2002-07-24,0.0,0.0,0.0,0.0,0.0
2002-07-25,0.0,0.0,0.0,0.0,0.0
2002-07-26,0.0,0.0,0.0,0.0,0.0
2002-07-27,0.0,0.0,0.0,0.0,0.0
2002-07-28,0.0,0.0,0.0,0.0,0.0
2002-07-29,0.0,0.0,0.0,0.0,0.0
2002-07-30,0.0,0.0,0.0,0.0,0.0
2002-07-31,0.0,0.0,0.0,0.0,0.0
2002-08-01,0.0,0.0,0.0,0.0,0.0
2002-08-02,0.0,0.0,0.0,0.0,0.0
2002-08-03,0.0,0.0,0.0,0.0,0.0
2002-08-04,0.0,0.0,0.0,0.0,0.0
2002-08-05,0.0,0.0,0.0,0.0,0.0
2002-08-06,0.0,0.0,0.0,0.0,0.0
2002-08-07,0.0,0.0,0.0,0.0,0.0
2002-08-08,0.0,0.0,0.0,0.0,0.0
2002-08-09,0.0,0.0,0.0,0.0,0.0
2002-08-10,0.0,0.0,0.0,0.0,0.0
2002-08-11,0.0,0.0,0.0,0.0,0.0
2002-08-12,0.0,0.0,0.0,0.0,0.0
2002-08-13,0.0,0.0,0.0,0.0,0.0
2002-08-14,0.0,0.0,0.0,0.0,0.0
2002-08-15,0.0,0.0,0.0,0.0,0.0
2002-08-16,0.0,0.0,0.0,0.0,0.0
2002-08-17,0.0,0.0,0.0,0.0,0.0
2002-08-18,0.0,0.0,0.0,0.0,0.0
2002-08-19,0.0,0.0,0.0,0.0,0.0
2002-08-20,0.0,0.0,0.0,0.0,0.0
2002-08-21,0.0,0.0,0.0,0.0,0.0
2002-08-22,0.0,0.0,0.0,0.0,0.0
2002-08-23,0.0,0.0,0.0,0.0,0.0
2002-08-24,0.0,0.0,0.0,0.0,0.0
2002-08-25,0.0,0.0,0.0,0.0,0.0
2002-08-26,0.0,0.0,0.0,0.0,0.0
2002-08-27,0.0,0.0,0.0,0.0,0.0
2002-08-28,0.0,0.0,0.0,0.0,0.0
2002-08-29,0.0,0.0,0.0,0.0,0.0
2002-08-30,0.0,0.0,0.0,0.0,0.0
2002-08-31,0.0,0.0,0.0,0.0,0.0
2002-09-01,0.0,0.0,0.0,0.0,0.0
2002-09-02,0.0,0.0,0.0,0.0,0.0
2002-09-03,0.0,0.0,0.0,0.0,0.0
2002-09-04,0.0,0.0,0.0,0.0,0.0
2002-09-05,0.0,0.0,0.0,0.0,0.0
2002-09-06,0.0,0.0,0.0,0.0,0.0
2002-09-07,0.0,0.0,0.0,0.0,0.0
2002-09-08,0.0,0.0,0.0,0.0,0.0
2002-09-09,0.0,0.0,0.0,0.0,0.0
2002-09-10,0.0,0.0,0.0,0.0,0.0
2002-09-11,0.0,0.0,0.0,0.0,0.0
2002-09-12,0.0,0.0,0.0,0.0,0.0
2002-09-13,0.0,0.0,0.0,0.0,0.0
2002-09-14,0.0,0.0,0.0,0.0,0.0
2002-09-15,0.0,0.0,0.0,0.0,0.0
2002-09-16,0.0,0.0,0.0,0.0,0.0
2002-09-17,0.0,0.0,0.0,0.0,0.0
2002-09-18,0.0,0.0,0.0,0.0,0.0
2002-09-19,0.0,0.0,0.0,0.0,0.0
2002-09-20,0.0,0.0,0.0,0.0,0.0
2002-09-21,0.0,0.0,0.0,0.0,0.0
2002-09-22,0.0,0.0,0.0,0.0,0.0
2002-09-23,0.0,0.0,0.0,0.0,0.0
2002-09-24,0.0,0.0,0.0,0.0,0.0
2002-09-25,0.0,0.0,0.0,0.0,0.0
2002-09-26,0.0,0.0,0.0,0.0,0.0
2002-09-27,0.0,0.0,0.0,0.0,0.0
2002-09-28,0.0,0.0,0.0,0.0,0.0
2002-09-29,0.0,0.0,0.0,0.0,0.0
2002-09-30,0.0,0.0,0.0,0.0,0.0
2002-10-01,0.0,0.0,0.0,0.0,0.0
2002-10-02,0.0,0.0,0.0,0.0,0.0
2002-10-03,0.0,0.0,0.0,0.0,0.0
2002-10-04,0.0,0.0,0.0,0.0,0.0
2002-10-05,0.0,0.0,0.0,0.0,0.0
2002-10-06,0.0,0.0,0.0,0.0,0.0
2002-10-07,0.0,0.0,0.0,0.0,0.0
2002-10-08,0.0,0.0,0.0,0.0,0.0
2002-10-09,0.0,0.0,0.0,0.0,0.0
2002-10-10,0.0,0.0,0.0,0.0,0.0
2002-10-11,0.0,0.0,0.0,0.0,0.0
2002-10-12,0.0,0.0,0.0,0.0,0.0
2002-10-13,0.0,0.0,0.0,0.0,0.0
2002-10-14,0.0,0.0,0.0,0.0,0.0
2002-10-15,0.0,0.0,0.0,0.0,0.0
2002-10-16,0.0,0.0,0.0,0.0,0.0
2002-10-17,0.0,0.0,0.0,0.0,0.0
2002-10-18,0.0,0.0,0.0,0.0,0.0
2002-10-19,0.0,0.0,0.0,0.0,0.0
2002-10-20,0.0,0.0,0.0,0.0,0.0
2002-10-21,0.0,0.0,0.0,0.0,0.0
2002-10-22,0.0,0.0,0.0,0.0,0.0
2002-10-23,0.0,0.0,0.0,0.0,0.0
2002-10-24,0.0,0.0,0.0,0.0,0.0
2002-10-25,0.0,0.0,0.0,0.0,0.0
2002-10-26,0.0,0.0,0.0,0.0,0.0
2002-10-27,0.0,0.0,0.0,0.0,0.0
2002-10-28,0.0,0.0,0.0,0.0,0.0
2002-10-29,0.0,0.0,0.0,0.0,0.0
2002-10-30,0.0,0.0,0.0,0.0,0.0
2002-10-31,0.0,0.0,0.0,0.0,0.0
2002-11-01,0.0,0.0,0.0,0.0,0.0
2002-11-02,0.0,0.0,0.0,0.0,0.0
2002-11-03,0.0,0.0,0.0,0.0,0.0
2002-11-04,0.0,0.0,0.0,0.0,0.0
2002-11-05,0.0,0.0,0.0,0.0,0.0
2002-11-06,0.0,0.0,0.0,0.0,0.0
2002-11-07,10.606,218.75,21.33,85.25,112.17
2002-11-08,34.752,1157.26,45.65,470.75,640.86
2002-11-09,0.949,83.8,15.38,29.38,39.04
2002-11-10,1.37,192.92,13.51,77.44,101.96
2002-11-11,0.084,93.21,16.1,31.8,45.3
2002-11-12,0.015,12.28,11.16,0.0,1.13
2002-11-13,0.012,12.25,11.28,0.0,0.97
2002-11-14,0.01,12.42,11.45,0.0,0.97
2002-11-15,0.008,12.6,11.65,0.0,0.95
2002-11-16,0.006,12.76,11.82,0.0,0.94
2002-11-17,0.005,12.75,11.8,0.0,0.94
2002-11-18,0.003,12.89,11.98,0.0,0.94
2002-11-19,0.002,12.97,12.02,0.0,0.93
2002-11-20,0.001,10.32,9.48,0.0,0.92
2002-11-21,0.001,12.03,11.03,0.0,0.93
2002-11-22,0.0,10.75,9.68,0.0,0.94
2002-11-23,0.0,9.09,8.18,0.0,0.9
2002-11-24,0.0,9.14,8.23,0.0,0.9
2002-11-25,0.0,9.47,8.73,0.0,0.94
2002-11-26,0.0,5.79,5.91,0.0,0.77
2002-11-27,0.0,11.57,9.56,0.0,1.15
2002-11-28,0.0,5.79,6.61,0.0,0.85
2002-11-29,0.0,11.57,6.63,0.0,0.92
2002-11-30,0.0,0.0,0.0,0.0,0.0
2002-12-01,0.0,0.0,0.0,0.0,0.0
2002-12-02,0.0,0.0,0.0,0.0,0.0
2002-12-03,0.0,0.0,0.0,0.0,0.0
2002-12-04,0.0,0.0,0.0,0.0,0.0
2002-12-05,0.0,0.0,0.0,0.0,0.0
2002-12-06,0.0,0.0,0.0,0.0,0.0
2002-12-07,0.0,0.0,0.0,0.0,0.0
2002-12-08,0.0,0.0,0.0,0.0,0.0
2002-12-09,1.729,102.89,14.1,38.34,50.45
2002-12-10,3.019,121.43,15.71,45.65,60.06
2002-12-11,0.06,50.5,17.14,13.43,19.93
2002-12-12,0.002,13.87,12.74,0.0,1.14
2002-12-13,31.688,413.42,33.95,154.77,224.7
2002-12-14,17.796,328.7,28.56,124.81,175.33
2002-12-15,3.333,61.88,10.63,21.86,29.4
2002-12-16,21.959,421.54,32.76,160.18,228.6
2002-12-17,6.757,137.65,18.49,51.45,67.71
2002-12-18,0.402,21.14,13.72,3.2,4.21
2002-12-19,17.386,500.35,34.14,192.8,273.41
2002-12-20,16.259,221.52,22.99,85.12,113.42
2002-12-21,8.393,209.32,22.88,80.48,105.96
2002-12-22,1.017,18.03,13.33,2.03,2.67
2002-12-23,0.799,15.05,13.05,0.86,1.14
2002-12-24,0.671,15.01,13.01,0.86,1.14
2002-12-25,0.563,14.97,12.97,0.86,1.14
2002-12-26,0.479,14.92,12.92,0.86,1.14
2002-12-27,0.409,14.88,12.88,0.86,1.14
2002-12-28,9.715,244.52,25.31,94.63,124.58
2002-12-29,5.169,94.19,17.11,33.28,43.8
2002-12-30,0.684,16.37,13.14,1.39,1.83
2002-12-31,10.299,213.97,20.77,83.43,109.77
2003-01-01,0.955,24.09,13.58,4.54,5.97
2003-01-02,0.649,14.89,12.88,0.87,1.14
2003-01-03,0.528,14.82,12.83,0.86,1.14
2003-01-04,0.435,14.77,12.77,0.86,1.14
2003-01-05,0.356,14.74,12.74,0.86,1.14
2003-01-06,0.281,14.7,12.7,0.86,1.14
2003-01-07,0.228,14.66,12.66,0.86,1.14
2003-01-08,0.193,14.57,12.57,0.86,1.14
2003-01-09,4.46,276.37,20.62,110.44,145.31
2003-01-10,7.431,209.94,21.34,81.44,107.16
2003-01-11,0.559,19.83,13.45,2.75,3.62
2003-01-12,0.385,14.79,12.79,0.87,1.14
2003-01-13,0.318,14.72,12.72,0.86,1.14
2003-01-14,0.262,14.69,12.69,0.86,1.14
2003-01-15,0.215,14.65,12.65,0.86,1.14
2003-01-16,0.171,14.57,12.63,0.81,1.14
2003-01-17,0.141,14.44,12.56,0.74,1.14
2003-01-18,0.117,14.27,12.53,0.6,1.14
2003-01-19,0.096,14.07,12.47,0.46,1.14
2003-01-20,0.077,13.93,12.45,0.35,1.13
2003-01-21,1.888,124.77,13.25,48.15,63.37
2003-01-22,0.999,35.86,9.98,11.17,14.71
2003-01-23,1.989,87.7,14.53,31.6,41.58
2003-01-24,0.178,16.33,13.18,1.31,1.83
2003-01-25,0.134,14.52,12.73,0.65,1.14
2003-01-26,0.111,14.43,12.7,0.59,1.14
2003-01-27,0.094,14.27,12.65,0.48,1.14
2003-01-28,0.075,14.16,12.66,0.36,1.13
2003-01-29,0.06,13.85,12.62,0.11,1.12
2003-01-30,0.047,13.73,12.59,0.03,1.11
2003-01-31,0.038,13.64,12.54,0.01,1.09
2003-02-01,0.027,13.94,12.87,0.01,1.06
2003-02-02,0.015,13.14,12.15,0.0,0.98
2003-02-03,0.016,13.51,12.5,0.0,1.0
2003-02-04,0.01,13.8,12.82,0.0,0.98
2003-02-05,0.001,13.01,12.19,0.0,0.81
2003-02-06,0.004,13.73,12.74,0.0,0.97
2003-02-07,0.0,13.5,13.59,0.0,0.5
2003-02-08,0.0,13.89,13.05,0.0,0.91
2003-02-09,0.0,14.15,13.59,0.0,0.95
2003-02-10,0.0,14.25,13.71,0.0,0.93
2003-02-11,0.0,15.05,14.28,0.0,0.95
2003-02-12,2.273,82.86,12.55,30.36,39.95
2003-02-13,2.593,65.31,13.13,22.54,29.65
2003-02-14,0.146,28.49,15.11,5.65,7.73
2003-02-15,5.037,165.29,13.1,65.71,86.48
2003-02-16,11.063,307.21,32.26,115.22,159.72
2003-02-17,0.552,17.93,13.66,1.84,2.43
2003-02-18,0.38,14.95,12.95,0.86,1.14
2003-02-19,0.32,14.94,12.94,0.86,1.14
2003-02-20,0.261,14.91,12.91,0.86,1.13
2003-02-21,0.225,14.88,12.88,0.86,1.14
2003-02-22,0.187,14.82,12.88,0.81,1.14
2003-02-23,0.156,14.76,12.86,0.76,1.14
2003-02-24,0.129,14.6,12.83,0.63,1.14
2003-02-25,0.106,14.5,12.82,0.54,1.13
2003-02-26,0.321,3.82,3.41,0.11,0.3
2003-02-27,1.404,136.22,15.24,52.24,68.74
2003-02-28,0.118,17.39,13.66,1.46,2.26
2003-03-01,0.081,14.64,13.06,0.45,1.13
2003-03-02,0.07,14.55,13.03,0.39,1.13
2003-03-03,0.057,14.45,13.07,0.26,1.12
2003-03-04,0.046,14.1,12.95,0.05,1.1
2003-03-05,0.038,14.06,12.94,0.02,1.09
2003-03-06,0.031,14.05,12.97,0.01,1.07
2003-03-07,0.024,14.03,12.98,0.01,1.04
2003-03-08,0.019,14.01,12.99,0.0,1.02
2003-03-09,0.015,13.93,12.93,0.0,1.0
2003-03-10,0.012,13.91,12.92,0.0,0.99
2003-03-11,0.01,13.97,12.99,0.0,0.97
2003-03-12,0.007,13.77,12.8,0.0,0.96
2003-03-13,0.005,14.51,13.53,0.0,0.97
2003-03-14,0.468,43.75,8.01,15.39,20.35
2003-03-15,12.089,634.83,31.21,253.27,350.35
2003-03-16,1.774,85.9,13.16,31.39,41.36
2003-03-17,0.242,26.33,14.57,5.04,6.72
2003-03-18,0.134,15.06,13.25,0.67,1.14
2003-03-19,0.119,14.97,13.2,0.63,1.14
2003-03-20,0.098,14.88,13.22,0.53,1.13
2003-03-21,0.08,14.74,13.16,0.45,1.13
2003-03-22,0.069,14.65,13.13,0.4,1.13
2003-03-23,2.437,123.24,14.74,46.85,61.65
2003-03-24,0.127,24.01,14.31,4.05,5.65
2003-03-25,0.078,14.76,13.18,0.44,1.14
2003-03-26,0.065,14.66,13.15,0.39,1.13
2003-03-27,0.048,14.43,13.16,0.16,1.11
2003-03-28,0.04,14.28,13.13,0.05,1.1
2003-03-29,0.033,14.21,13.1,0.02,1.09
2003-03-30,0.027,14.3,13.22,0.01,1.07
2003-03-31,0.02,14.29,13.25,0.01,1.03
2003-04-01,0.015,14.21,13.19,0.0,1.01
2003-04-02,0.01,14.37,13.4,0.0,0.97
2003-04-03,0.01,14.25,13.27,0.0,0.98
2003-04-04,4.421,180.42,18.45,69.94,92.03
2003-04-05,0.089,30.71,15.17,6.38,9.16
2003-04-06,0.049,14.53,13.3,0.11,1.12
2003-04-07,0.042,14.53,13.37,0.07,1.1
2003-04-08,0.033,14.46,13.34,0.03,1.09
2003-04-09,0.026,14.36,13.27,0.01,1.07
2003-04-10,0.022,14.28,13.22,0.01,1.05
2003-04-11,0.018,14.33,13.3,0.0,1.02
2003-04-12,8.508,254.68,22.9,100.08,131.7
2003-04-13,9.587,228.67,23.82,87.99,116.85
2003-04-14,0.378,21.9,13.97,3.41,4.51
2003-04-15,0.259,15.29,13.3,0.85,1.14
2003-04-16,0.225,15.19,13.23,0.83,1.14
2003-04-17,0.188,15.19,13.27,0.78,1.14
2003-04-18,0.146,15.22,13.34,0.74,1.13
2003-04-19,0.123,15.07,13.29,0.64,1.13
2003-04-20,0.103,15.0,13.31,0.56,1.13
2003-04-21,0.083,14.96,13.35,0.47,1.13
2003-04-22,0.066,14.73,13.2,0.4,1.12
2003-04-23,0.063,14.6,13.15,0.32,1.13
2003-04-24,1.554,92.19,13.03,34.17,44.98
2003-04-25,0.963,56.25,12.74,18.76,24.74
2003-04-26,0.151,24.08,14.27,4.09,5.72
2003-04-27,0.177,25.73,9.51,6.9,9.31
2003-04-28,3.881,98.29,13.39,36.66,48.24
2003-04-29,1.188,57.42,14.38,18.58,24.45
2003-04-30,0.139,18.93,14.06,2.03,2.84
2003-05-01,0.105,15.2,13.46,0.6,1.14
2003-05-02,2.254,112.32,12.5,43.1,56.72
2003-05-03,7.758,136.71,18.72,50.95,67.04
2003-05-04,0.448,27.09,14.63,5.38,7.08
2003-05-05,0.251,15.43,13.43,0.84,1.16
2003-05-06,0.221,15.19,13.22,0.83,1.14
2003-05-07,0.174,15.27,13.36,0.78,1.13
2003-05-08,0.144,15.1,13.3,0.67,1.14
2003-05-09,0.109,15.07,13.37,0.57,1.13
2003-05-10,0.087,14.87,13.25,0.49,1.13
2003-05-11,0.071,14.75,13.2,0.43,1.13
2003-05-12,0.055,14.78,13.3,0.36,1.12
2003-05-13,0.043,14.45,13.2,0.14,1.11
2003-05-14,0.035,14.26,13.13,0.04,1.09
2003-05-15,0.028,14.22,13.12,0.02,1.08
2003-05-16,0.022,14.3,13.23,0.01,1.06
2003-05-17,0.015,14.12,13.11,0.0,1.01
2003-05-18,0.011,14.2,13.21,0.0,0.99
2003-05-19,0.009,14.27,13.29,0.0,0.98
2003-05-20,0.005,14.71,13.74,0.0,0.96
2003-05-21,0.002,15.18,14.22,0.0,0.95
2003-05-22,0.001,14.81,14.09,0.0,0.9
2003-05-23,0.0,15.43,14.28,0.0,0.86
2003-05-24,0.0,17.36,16.23,0.0,0.93
2003-05-25,0.0,11.57,8.49,0.0,0.46
2003-05-26,0.0,0.0,0.0,0.0,0.0
2003-05-27,0.0,0.0,0.0,0.0,0.0
2003-05-28,0.0,0.0,0.0,0.0,0.0
2003-05-29,0.0,0.0,0.0,0.0,0.0
2003-05-30,0.0,0.0,0.0,0.0,0.0
2003-05-31,0.0,0.0,0.0,0.0,0.0
2003-06-01,0.0,0.0,0.0,0.0,0.0
2003-06-02,0.0,0.0,0.0,0.0,0.0
2003-06-03,0.0,0.0,0.0,0.0,0.0
2003-06-04,0.0,0.0,0.0,0.0,0.0
2003-06-05,0.0,0.0,0.0,0.0,0.0
2003-06-06,0.0,0.0,0.0,0.0,0.0
2003-06-07,0.0,0.0,0.0,0.0,0.0
2003-06-08,0.0,0.0,0.0,0.0,0.0
2003-06-09,0.0,0.0,0.0,0.0,0.0
2003-06-10,0.0,0.0,0.0,0.0,0.0
2003-06-11,0.0,0.0,0.0,0.0,0.0
2003-06-12,0.0,0.0,0.0,0.0,0.0
2003-06-13,0.0,0.0,0.0,0.0,0.0
2003-06-14,0.0,0.0,0.0,0.0,0.0
2003-06-15,0.0,0.0,0.0,0.0,0.0
2003-06-16,0.0,0.0,0.0,0.0,0.0
2003-06-17,0.0,0.0,0.0,0.0,0.0
2003-06-18,0.0,0.0,0.0,0.0,0.0
2003-06-19,0.0,0.0,0.0,0.0,0.0
2003-06-20,0.0,0.0,0.0,0.0,0.0
2003-06-21,0.0,0.0,0.0,0.0,0.0
2003-06-22,0.0,0.0,0.0,0.0,0.0
2003-06-23,0.0,0.0,0.0,0.0,0.0
2003-06-24,0.0,0.0,0.0,0.0,0.0
2003-06-25,0.0,0.0,0.0,0.0,0.0
2003-06-26,0.0,0.0,0.0,0.0,0.0
2003-06-27,0.0,0.0,0.0,0.0,0.0
2003-06-28,0.0,0.0,0.0,0.0,0.0
2003-06-29,0.0,0.0,0.0,0.0,0.0
2003-06-30,0.0,0.0,0.0,0.0,0.0
2003-07-01,0.0,0.0,0.0,0.0,0.0
2003-07-02,0.0,0.0,0.0,0.0,0.0
2003-07-03,0.0,0.0,0.0,0.0,0.0
2003-07-04,0.0,0.0,0.0,0.0,0.0
2003-07-05,0.0,0.0,0.0,0.0,0.0
2003-07-06,0.0,0.0,0.0,0.0,0.0
2003-07-07,0.0,0.0,0.0,0.0,0.0
2003-07-08,0.0,0.0,0.0,0.0,0.0
2003-07-09,0.0,0.0,0.0,0.0,0.0
2003-07-10,0.0,0.0,0.0,0.0,0.0
2003-07-11,0.0,0.0,0.0,0.0,0.0
2003-07-12,0.0,0.0,0.0,0.0,0.0
2003-07-13,0.0,0.0,0.0,0.0,0.0
2003-07-14,0.0,0.0,0.0,0.0,0.0
2003-07-15,0.0,0.0,0.0,0.0,0.0
2003-07-16,0.0,0.0,0.0,0.0,0.0
2003-07-17,0.0,0.0,0.0,0.0,0.0
2003-07-18,0.0,0.0,0.0,0.0,0.0
2003-07-19,0.0,0.0,0.0,0.0,0.0
2003-07-20,0.0,0.0,0.0,0.0,0.0
2003-07-21,0.0,0.0,0.0,0.0,0.0
2003-07-22,0.0,0.0,0.0,0.0,0.0
2003-07-23,0.0,0.0,0.0,0.0,0.0
2003-07-24,0.0,0.0,0.0,0.0,0.0
2003-07-25,0.0,0.0,0.0,0.0,0.0
2003-07-26,0.0,0.0,0.0,0.0,0.0
2003-07-27,0.0,0.0,0.0,0.0,0.0
2003-07-28,0.0,0.0,0.0,0.0,0.0
2003-07-29,0.0,0.0,0.0,0.0,0.0
2003-07-30,0.0,0.0,0.0,0.0,0.0
2003-07-31,0.0,0.0,0.0,0.0,0.0
2003-08-01,0.0,0.0,0.0,0.0,0.0
2003-08-02,0.0,0.0,0.0,0.0,0.0
2003-08-03,0.0,0.0,0.0,0.0,0.0
2003-08-04,0.0,0.0,0.0,0.0,0.0
2003-08-05,0.0,0.0,0.0,0.0,0.0
2003-08-06,0.0,0.0,0.0,0.0,0.0
2003-08-07,0.0,0.0,0.0,0.0,0.0
2003-08-08,0.0,0.0,0.0,0.0,0.0
2003-08-09,0.0,0.0,0.0,0.0,0.0
2003-08-10,0.0,0.0,0.0,0.0,0.0
2003-08-11,0.0,0.0,0.0,0.0,0.0
2003-08-12,0.0,0.0,0.0,0.0,0.0
2003-08-13,0.0,0.0,0.0,0.0,0.0
2003-08-14,0.0,0.0,0.0,0.0,0.0
2003-08-15,0.0,0.0,0.0,0.0,0.0
2003-08-16,0.0,0.0,0.0,0.0,0.0
2003-08-17,0.0,0.0,0.0,0.0,0.0
2003-08-18,0.0,0.0,0.0,0.0,0.0
2003-08-19,0.0,0.0,0.0,0.0,0.0
2003-08-20,0.0,0.0,0.0,0.0,0.0
2003-08-21,0.0,0.0,0.0,0.0,0.0
2003-08-22,0.0,0.0,0.0,0.0,0.0
2003-08-23,0.0,0.0,0.0,0.0,0.0
2003-08-24,0.0,0.0,0.0,0.0,0.0
2003-08-25,0.0,0.0,0.0,0.0,0.0
2003-08-26,0.0,0.0,0.0,0.0,0.0
2003-08-27,0.0,0.0,0.0,0.0,0.0
2003-08-28,0.0,0.0,0.0,0.0,0.0
2003-08-29,0.0,0.0,0.0,0.0,0.0
2003-08-30,0.0,0.0,0.0,0.0,0.0
2003-08-31,0.0,0.0,0.0,0.0,0.0
2003-09-01,0.0,0.0,0.0,0.0,0.0
2003-09-02,0.0,0.0,0.0,0.0,0.0
2003-09-03,0.0,0.0,0.0,0.0,0.0
2003-09-04,0.0,0.0,0.0,0.0,0.0
2003-09-05,0.0,0.0,0.0,0.0,0.0
2003-09-06,0.0,0.0,0.0,0.0,0.0
2003-09-07,0.0,0.0,0.0,0.0,0.0
2003-09-08,0.0,0.0,0.0,0.0,0.0
2003-09-09,0.0,0.0,0.0,0.0,0.0
2003-09-10,0.0,0.0,0.0,0.0,0.0
2003-09-11,0.0,0.0,0.0,0.0,0.0
2003-09-12,0.0,0.0,0.0,0.0,0.0
2003-09-13,0.0,0.0,0.0,0.0,0.0
2003-09-14,0.0,0.0,0.0,0.0,0.0
2003-09-15,0.0,0.0,0.0,0.0,0.0
2003-09-16,0.0,0.0,0.0,0.0,0.0
2003-09-17,0.0,0.0,0.0,0.0,0.0
2003-09-18,0.0,0.0,0.0,0.0,0.0
2003-09-19,0.0,0.0,0.0,0.0,0.0
2003-09-20,0.0,0.0,0.0,0.0,0.0
2003-09-21,0.0,0.0,0.0,0.0,0.0
2003-09-22,0.0,0.0,0.0,0.0,0.0
2003-09-23,0.0,0.0,0.0,0.0,0.0
2003-09-24,0.0,0.0,0.0,0.0,0.0
2003-09-25,0.0,0.0,0.0,0.0,0.0
2003-09-26,0.0,0.0,0.0,0.0,0.0
2003-09-27,0.0,0.0,0.0,0.0,0.0
2003-09-28,0.0,0.0,0.0,0.0,0.0
2003-09-29,0.0,0.0,0.0,0.0,0.0
2003-09-30,0.0,0.0,0.0,0.0,0.0
2003-10-01,0.0,0.0,0.0,0.0,0.0
2003-10-02,0.0,0.0,0.0,0.0,0.0
2003-10-03,0.0,0.0,0.0,0.0,0.0
2003-10-04,0.0,0.0,0.0,0.0,0.0
2003-10-05,0.0,0.0,0.0,0.0,0.0
2003-10-06,0.0,0.0,0.0,0.0,0.0
2003-10-07,0.0,0.0,0.0,0.0,0.0
2003-10-08,0.0,0.0,0.0,0.0,0.0
2003-10-09,0.0,0.0,0.0,0.0,0.0
2003-10-10,0.0,0.0,0.0,0.0,0.0
2003-10-11,0.0,0.0,0.0,0.0,0.0
2003-10-12,0.0,0.0,0.0,0.0,0.0
2003-10-13,0.0,0.0,0.0,0.0,0.0
2003-10-14,0.0,0.0,0.0,0.0,0.0
2003-10-15,0.0,0.0,0.0,0.0,0.0
2003-10-16,0.0,0.0,0.0,0.0,0.0
2003-10-17,0.0,0.0,0.0,0.0,0.0
2003-10-18,0.0,0.0,0.0,0.0,0.0
2003-10-19,0.0,0.0,0.0,0.0,0.0
2003-10-20,0.0,0.0,0.0,0.0,0.0
2003-10-21,0.0,0.0,0.0,0.0,0.0
2003-10-22,0.0,0.0,0.0,0.0,0.0
2003-10-23,0.0,0.0,0.0,0.0,0.0
2003-10-24,0.0,0.0,0.0,0.0,0.0
2003-10-25,0.0,0.0,0.0,0.0,0.0
2003-10-26,0.0,0.0,0.0,0.0,0.0
2003-10-27,0.0,0.0,0.0,0.0,0.0
2003-10-28,0.0,0.0,0.0,0.0,0.0
2003-10-29,0.0,0.0,0.0,0.0,0.0
2003-10-30,0.0,0.0,0.0,0.0,0.0
2003-10-31,0.0,0.0,0.0,0.0,0.0
2003-11-01,0.0,0.0,0.0,0.0,0.0
2003-11-02,0.0,0.0,0.0,0.0,0.0
2003-11-03,1.605,236.56,18.71,94.05,123.8
2003-11-04,0.015,62.16,18.0,12.52,31.64
2003-11-05,0.0,14.3,13.04,0.0,1.65
2003-11-06,0.0,10.29,9.19,0.0,0.92
2003-11-07,0.705,101.82,12.83,38.37,50.62
2003-11-08,3.534,196.99,17.28,77.59,102.13
2003-11-09,4.142,149.61,16.44,57.51,75.67
2003-11-10,1.348,164.55,13.66,65.12,85.77
2003-11-11,0.012,45.14,16.85,4.21,24.08
2003-11-12,0.002,11.07,10.11,0.0,0.97
2003-11-13,0.001,10.26,9.33,0.0,0.93
2003-11-14,0.001,10.13,9.26,0.0,0.94
2003-11-15,1.502,98.87,12.92,37.12,48.84
2003-11-16,0.052,47.06,17.02,11.79,18.26
2003-11-17,0.001,12.48,11.29,0.0,1.14
2003-11-18,0.001,10.39,9.55,0.0,0.93
2003-11-19,0.001,10.48,9.67,0.0,0.94
2003-11-20,0.001,10.42,9.51,0.0,0.93
2003-11-21,0.001,10.19,9.27,0.0,0.92
2003-11-22,0.0,10.44,9.35,0.0,0.94
2003-11-23,0.0,9.7,9.05,0.0,0.92
2003-11-24,0.0,9.87,9.09,0.0,0.93
2003-11-25,0.0,10.33,9.15,0.0,0.93
2003-11-26,0.0,10.19,9.27,0.0,0.95
2003-11-27,0.0,9.84,9.16,0.0,0.93
2003-11-28,0.0,10.36,8.98,0.0,0.92
2003-11-29,0.0,9.79,9.14,0.0,0.91
2003-11-30,3.279,106.28,14.44,39.66,52.18
2003-12-01,4.165,84.46,14.19,30.34,39.93
2003-12-02,1.697,72.93,13.93,25.47,33.54
2003-12-03,0.023,40.97,17.08,7.9,15.98
2003-12-04,0.683,70.18,11.75,25.19,33.24
2003-12-05,3.069,105.34,14.98,39.02,51.34
2003-12-06,7.262,355.94,24.99,141.73,189.21
2003-12-07,3.741,176.74,16.47,69.1,91.17
2003-12-08,0.055,85.04,16.84,27.05,41.16
2003-12-09,0.63,1.8,0.49,0.56,0.75
2003-12-10,7.138,225.07,18.26,89.31,117.51
2003-12-11,3.681,179.93,19.46,69.3,91.18
2003-12-12,0.065,38.13,16.45,8.74,12.93
2003-12-13,0.086,19.04,12.18,2.49,4.37
2003-12-14,6.674,408.02,23.43,165.9,218.69
2003-12-15,0.047,55.47,16.09,15.32,24.05
2003-12-16,0.012,12.92,11.91,0.0,1.01
2003-12-17,0.01,13.14,12.19,0.0,0.96
2003-12-18,0.007,13.6,12.64,0.0,0.95
2003-12-19,1.733,117.43,12.76,45.2,59.47
2003-12-20,3.949,173.4,14.81,68.48,90.11
2003-12-21,2.083,99.42,15.86,36.08,47.49
2003-12-22,0.035,29.89,15.43,5.03,9.43
2003-12-23,2.964,100.64,14.84,37.04,48.75
2003-12-24,5.891,175.02,17.75,67.91,89.36
2003-12-25,1.612,66.92,13.87,22.91,30.14
2003-12-26,0.059,23.6,15.51,3.1,4.99
2003-12-27,0.024,13.84,12.82,0.0,1.02
2003-12-28,0.021,14.26,13.23,0.0,1.02
2003-12-29,22.333,419.9,32.43,160.18,227.29
2003-12-30,3.357,164.59,16.27,63.82,84.5
2003-12-31,0.17,36.36,14.26,9.45,12.66
2004-01-01,22.204,512.78,33.24,198.27,281.26
2004-01-02,4.184,109.8,16.15,40.38,53.26
2004-01-03,0.497,34.73,14.8,8.61,11.33
2004-01-04,0.265,15.15,13.12,0.88,1.15
2004-01-05,0.229,15.15,13.15,0.86,1.14
2004-01-06,0.199,15.11,13.15,0.83,1.14
2004-01-07,0.181,15.02,13.11,0.78,1.14
2004-01-08,0.159,14.97,13.14,0.7,1.14
2004-01-09,0.175,16.4,13.29,1.24,1.87
2004-01-10,0.27,24.77,14.67,4.29,5.8
2004-01-11,0.121,15.01,13.23,0.64,1.15
2004-01-12,0.107,14.87,13.11,0.62,1.14
2004-01-13,0.094,14.83,13.12,0.57,1.13
2004-01-14,0.087,14.73,13.07,0.52,1.13
2004-01-15,0.075,14.64,13.1,0.41,1.13
2004-01-16,0.067,14.52,13.07,0.33,1.13
2004-01-17,0.058,14.29,13.07,0.1,1.12
2004-01-18,0.049,14.25,13.1,0.04,1.11
2004-01-19,0.043,14.16,13.04,0.02,1.1
2004-01-20,0.037,14.07,12.97,0.01,1.09
2004-01-21,0.031,14.07,12.99,0.01,1.06
2004-01-22,0.028,13.98,12.93,0.01,1.04
2004-01-23,0.026,13.96,12.92,0.0,1.03
2004-01-24,0.079,24.42,14.33,4.25,5.85
2004-01-25,0.194,39.71,15.8,10.22,13.69
2004-01-26,0.021,15.33,13.87,0.0,1.46
2004-01-27,0.016,14.14,13.15,0.0,0.99
2004-01-28,0.016,14.07,13.08,0.0,0.99
2004-01-29,0.016,14.0,13.01,0.0,0.99
2004-01-30,0.012,14.73,13.74,0.0,0.99
2004-01-31,0.005,13.91,12.98,0.0,0.92
2004-02-01,0.009,14.03,13.06,0.0,0.98
2004-02-02,7.162,361.19,24.09,144.59,192.51
2004-02-03,3.489,97.87,15.08,35.74,47.04
2004-02-04,0.12,25.04,14.75,4.26,6.04
2004-02-05,0.076,14.96,13.37,0.46,1.14
2004-02-06,0.066,14.92,13.4,0.39,1.13
2004-02-07,0.055,14.66,13.34,0.21,1.11
2004-02-08,0.049,14.44,13.26,0.07,1.11
2004-02-09,0.04,14.51,13.38,0.03,1.1
2004-02-10,0.033,14.43,13.34,0.01,1.08
2004-02-11,0.032,14.41,13.32,0.01,1.07
2004-02-12,0.028,14.42,13.35,0.01,1.05
2004-02-13,0.022,14.59,13.55,0.01,1.04
2004-02-14,0.019,14.41,13.39,0.0,1.01
2004-02-15,0.019,14.44,13.42,0.0,1.01
2004-02-16,10.603,197.69,21.96,75.88,99.84
2004-02-17,3.564,94.76,13.85,34.93,45.97
2004-02-18,12.864,326.16,28.04,125.56,172.56
2004-02-19,0.377,24.1,13.84,4.38,5.88
2004-02-20,0.29,15.13,13.12,0.87,1.14
2004-02-21,0.257,15.1,13.1,0.86,1.14
2004-02-22,0.225,15.09,13.09,0.86,1.14
2004-02-23,0.19,15.05,13.12,0.8,1.13
2004-02-24,0.17,14.95,13.05,0.75,1.14
2004-02-25,15.276,302.94,24.87,118.34,159.72
2004-02-26,6.432,153.74,18.89,58.23,76.63
2004-02-27,1.759,40.43,13.47,11.64,15.32
2004-02-28,0.525,15.56,13.29,0.98,1.29
2004-02-29,0.431,15.15,13.15,0.86,1.14
2004-03-01,0.371,15.1,13.1,0.86,1.14
2004-03-02,0.305,15.09,13.09,0.86,1.13
2004-03-03,0.262,15.04,13.04,0.86,1.14
2004-03-04,0.219,15.0,13.03,0.83,1.14
2004-03-05,0.189,14.9,12.96,0.8,1.14
2004-03-06,0.155,14.85,12.96,0.76,1.13
2004-03-07,0.125,14.73,12.95,0.64,1.13
2004-03-08,0.099,14.57,12.94,0.5,1.13
2004-03-09,0.081,14.44,12.88,0.43,1.13
2004-03-10,0.064,14.29,12.82,0.35,1.12
2004-03-11,0.053,14.02,12.75,0.15,1.12
2004-03-12,0.045,13.86,12.71,0.04,1.11
2004-03-13,0.036,13.78,12.67,0.02,1.09
2004-03-14,0.028,13.76,12.69,0.01,1.06
2004-03-15,0.022,13.63,12.6,0.0,1.03
2004-03-16,0.017,13.56,12.55,0.0,1.01
2004-03-17,0.013,13.5,12.5,0.0,0.99
2004-03-18,0.01,13.61,12.62,0.0,0.98
2004-03-19,0.007,12.98,12.02,0.0,0.95
2004-03-20,0.005,13.2,12.23,0.0,0.96
2004-03-21,0.003,12.88,11.91,0.0,0.95
2004-03-22,0.001,11.72,10.67,0.0,0.93
2004-03-23,0.0,11.57,10.57,0.0,0.95
2004-03-24,0.0,13.23,12.9,0.0,0.85
2004-03-25,3.495,351.9,20.16,143.25,188.49
2004-03-26,0.637,130.81,16.67,49.19,64.95
2004-03-27,0.232,36.21,13.65,9.46,13.11
2004-03-28,0.025,15.12,13.66,0.01,1.46
2004-03-29,0.018,14.39,13.36,0.0,1.02
2004-03-30,0.013,14.56,13.55,0.0,1.0
2004-03-31,0.009,14.62,13.65,0.0,0.97
2004-04-01,0.007,15.05,14.07,0.0,0.98
2004-04-02,0.002,15.48,14.6,0.0,0.92
2004-04-03,0.003,15.68,14.72,0.0,0.95
2004-04-04,0.002,16.48,15.53,0.0,0.93
2004-04-05,0.001,17.36,16.43,0.0,0.93
2004-04-06,0.0,17.36,12.72,0.0,0.58
2004-04-07,0.0,0.0,0.0,0.0,0.0
2004-04-08,0.0,0.0,0.0,0.0,0.0
2004-04-09,0.0,0.0,0.0,0.0,0.0
2004-04-10,0.0,0.0,0.0,0.0,0.0
2004-04-11,0.0,0.0,0.0,0.0,0.0
2004-04-12,0.0,0.0,0.0,0.0,0.0
2004-04-13,0.0,0.0,0.0,0.0,0.0
2004-04-14,0.0,0.0,0.0,0.0,0.0
2004-04-15,0.0,0.0,0.0,0.0,0.0
2004-04-16,0.0,0.0,0.0,0.0,0.0
2004-04-17,0.0,0.0,0.0,0.0,0.0
2004-04-18,0.0,0.0,0.0,0.0,0.0
2004-04-19,0.0,0.0,0.0,0.0,0.0
2004-04-20,0.0,0.0,0.0,0.0,0.0
2004-04-21,0.0,0.0,0.0,0.0,0.0
2004-04-22,0.0,0.0,0.0,0.0,0.0
2004-04-23,0.0,0.0,0.0,0.0,0.0
2004-04-24,0.0,0.0,0.0,0.0,0.0
2004-04-25,0.0,0.0,0.0,0.0,0.0
2004-04-26,0.0,0.0,0.0,0.0,0.0
2004-04-27,0.0,0.0,0.0,0.0,0.0
2004-04-28,0.0,0.0,0.0,0.0,0.0
2004-04-29,0.0,0.0,0.0,0.0,0.0
2004-04-30,0.0,0.0,0.0,0.0,0.0
2004-05-01,0.0,0.0,0.0,0.0,0.0
2004-05-02,0.0,0.0,0.0,0.0,0.0
2004-05-03,0.0,0.0,0.0,0.0,0.0
2004-05-04,0.0,0.0,0.0,0.0,0.0
2004-05-05,0.0,0.0,0.0,0.0,0.0
2004-05-06,0.0,0.0,0.0,0.0,0.0
2004-05-07,0.0,0.0,0.0,0.0,0.0
2004-05-08,0.0,0.0,0.0,0.0,0.0
2004-05-09,0.0,0.0,0.0,0.0,0.0
2004-05-10,0.0,0.0,0.0,0.0,0.0
2004-05-11,0.0,0.0,0.0,0.0,0.0
2004-05-12,0.0,0.0,0.0,0.0,0.0
2004-05-13,0.0,0.0,0.0,0.0,0.0
2004-05-14,0.0,0.0,0.0,0.0,0.0
2004-05-15,0.0,0.0,0.0,0.0,0.0
2004-05-16,0.0,0.0,0.0,0.0,0.0
2004-05-17,0.0,0.0,0.0,0.0,0.0
2004-05-18,0.0,0.0,0.0,0.0,0.0
2004-05-19,0.0,0.0,0.0,0.0,0.0
2004-05-20,0.0,0.0,0.0,0.0,0.0
2004-05-21,0.0,0.0,0.0,0.0,0.0
2004-05-22,0.0,0.0,0.0,0.0,0.0
2004-05-23,0.0,0.0,0.0,0.0,0.0
2004-05-24,0.0,0.0,0.0,0.0,0.0
2004-05-25,0.0,0.0,0.0,0.0,0.0
2004-05-26,0.0,0.0,0.0,0.0,0.0
2004-05-27,0.0,0.0,0.0,0.0,0.0
2004-05-28,0.0,0.0,0.0,0.0,0.0
2004-05-29,0.0,0.0,0.0,0.0,0.0
2004-05-30,0.0,0.0,0.0,0.0,0.0
2004-05-31,0.0,0.0,0.0,0.0,0.0
2004-06-01,0.0,0.0,0.0,0.0,0.0
2004-06-02,0.0,0.0,0.0,0.0,0.0
2004-06-03,0.0,0.0,0.0,0.0,0.0
2004-06-04,0.0,0.0,0.0,0.0,0.0
2004-06-05,0.0,0.0,0.0,0.0,0.0
2004-06-06,0.0,0.0,0.0,0.0,0.0
2004-06-07,0.0,0.0,0.0,0.0,0.0
2004-06-08,0.0,0.0,0.0,0.0,0.0
2004-06-09,0.0,0.0,0.0,0.0,0.0
2004-06-10,0.0,0.0,0.0,0.0,0.0
2004-06-11,0.0,0.0,0.0,0.0,0.0
2004-06-12,0.0,0.0,0.0,0.0,0.0
2004-06-13,0.0,0.0,0.0,0.0,0.0
2004-06-14,0.0,0.0,0.0,0.0,0.0
2004-06-15,0.0,0.0,0.0,0.0,0.0
2004-06-16,0.0,0.0,0.0,0.0,0.0
2004-06-17,0.0,0.0,0.0,0.0,0.0
2004-06-18,0.0,0.0,0.0,0.0,0.0
2004-06-19,0.0,0.0,0.0,0.0,0.0
2004-06-20,0.0,0.0,0.0,0.0,0.0
2004-06-21,0.0,0.0,0.0,0.0,0.0
2004-06-22,0.0,0.0,0.0,0.0,0.0
2004-06-23,0.0,0.0,0.0,0.0,0.0
2004-06-24,0.0,0.0,0.0,0.0,0.0
2004-06-25,0.0,0.0,0.0,0.0,0.0
2004-06-26,0.0,0.0,0.0,0.0,0.0
2004-06-27,0.0,0.0,0.0,0.0,0.0
2004-06-28,0.0,0.0,0.0,0.0,0.0
2004-06-29,0.0,0.0,0.0,0.0,0.0
2004-06-30,0.0,0.0,0.0,0.0,0.0
2004-07-01,0.0,0.0,0.0,0.0,0.0
2004-07-02,0.0,0.0,0.0,0.0,0.0
2004-07-03,0.0,0.0,0.0,0.0,0.0
2004-07-04,0.0,0.0,0.0,0.0,0.0
2004-07-05,0.0,0.0,0.0,0.0,0.0
2004-07-06,0.0,0.0,0.0,0.0,0.0
2004-07-07,0.0,0.0,0.0,0.0,0.0
2004-07-08,0.0,0.0,0.0,0.0,0.0
2004-07-09,0.0,0.0,0.0,0.0,0.0
2004-07-10,0.0,0.0,0.0,0.0,0.0
2004-07-11,0.0,0.0,0.0,0.0,0.0
2004-07-12,0.0,0.0,0.0,0.0,0.0
2004-07-13,0.0,0.0,0.0,0.0,0.0
2004-07-14,0.0,0.0,0.0,0.0,0.0
2004-07-15,0.0,0.0,0.0,0.0,0.0
2004-07-16,0.0,0.0,0.0,0.0,0.0
2004-07-17,0.0,0.0,0.0,0.0,0.0
2004-07-18,0.0,0.0,0.0,0.0,0.0
2004-07-19,0.0,0.0,0.0,0.0,0.0
2004-07-20,0.0,0.0,0.0,0.0,0.0
2004-07-21,0.0,0.0,0.0,0.0,0.0
2004-07-22,0.0,0.0,0.0,0.0,0.0
2004-07-23,0.0,0.0,0.0,0.0,0.0
2004-07-24,0.0,0.0,0.0,0.0,0.0
2004-07-25,0.0,0.0,0.0,0.0,0.0
2004-07-26,0.0,0.0,0.0,0.0,0.0
2004-07-27,0.0,0.0,0.0,0.0,0.0
2004-07-28,0.0,0.0,0.0,0.0,0.0
2004-07-29,0.0,0.0,0.0,0.0,0.0
2004-07-30,0.0,0.0,0.0,0.0,0.0
2004-07-31,0.0,0.0,0.0,0.0,0.0
2004-08-01,0.0,0.0,0.0,0.0,0.0
2004-08-02,0.0,0.0,0.0,0.0,0.0
2004-08-03,0.0,0.0,0.0,0.0,0.0
2004-08-04,0.0,0.0,0.0,0.0,0.0
2004-08-05,0.0,0.0,0.0,0.0,0.0
2004-08-06,0.0,0.0,0.0,0.0,0.0
2004-08-07,0.0,0.0,0.0,0.0,0.0
2004-08-08,0.0,0.0,0.0,0.0,0.0
2004-08-09,0.0,0.0,0.0,0.0,0.0
2004-08-10,0.0,0.0,0.0,0.0,0.0
2004-08-11,0.0,0.0,0.0,0.0,0.0
2004-08-12,0.0,0.0,0.0,0.0,0.0
2004-08-13,0.0,0.0,0.0,0.0,0.0
2004-08-14,0.0,0.0,0.0,0.0,0.0
2004-08-15,0.0,0.0,0.0,0.0,0.0
2004-08-16,0.0,0.0,0.0,0.0,0.0
2004-08-17,0.0,0.0,0.0,0.0,0.0
2004-08-18,0.0,0.0,0.0,0.0,0.0
2004-08-19,0.0,0.0,0.0,0.0,0.0
2004-08-20,0.0,0.0,0.0,0.0,0.0
2004-08-21,0.0,0.0,0.0,0.0,0.0
2004-08-22,0.0,0.0,0.0,0.0,0.0
2004-08-23,0.0,0.0,0.0,0.0,0.0
2004-08-24,0.0,0.0,0.0,0.0,0.0
2004-08-25,0.0,0.0,0.0,0.0,0.0
2004-08-26,0.0,0.0,0.0,0.0,0.0
2004-08-27,0.0,0.0,0.0,0.0,0.0
2004-08-28,0.0,0.0,0.0,0.0,0.0
2004-08-29,0.0,0.0,0.0,0.0,0.0
2004-08-30,0.0,0.0,0.0,0.0,0.0
2004-08-31,0.0,0.0,0.0,0.0,0.0
2004-09-01,0.0,0.0,0.0,0.0,0.0
2004-09-02,0.0,0.0,0.0,0.0,0.0
2004-09-03,0.0,0.0,0.0,0.0,0.0
2004-09-04,0.0,0.0,0.0,0.0,0.0
2004-09-05,0.0,0.0,0.0,0.0,0.0
2004-09-06,0.0,0.0,0.0,0.0,0.0
2004-09-07,0.0,0.0,0.0,0.0,0.0
2004-09-08,0.0,0.0,0.0,0.0,0.0
2004-09-09,0.0,0.0,0.0,0.0,0.0
2004-09-10,0.0,0.0,0.0,0.0,0.0
2004-09-11,0.0,0.0,0.0,0.0,0.0
2004-09-12,0.0,0.0,0.0,0.0,0.0
2004-09-13,0.0,0.0,0.0,0.0,0.0
2004-09-14,0.0,0.0,0.0,0.0,0.0
2004-09-15,0.0,0.0,0.0,0.0,0.0
2004-09-16,0.0,0.0,0.0,0.0,0.0
2004-09-17,0.0,0.0,0.0,0.0,0.0
2004-09-18,0.0,0.0,0.0,0.0,0.0
2004-09-19,1.158,126.97,13.43,49.02,64.52
2004-09-20,0.028,60.25,17.59,14.74,27.92
2004-09-21,0.0,19.06,16.99,0.0,2.25
2004-09-22,0.0,11.57,10.66,0.0,1.05
2004-09-23,0.0,7.72,8.11,0.0,0.83
2004-09-24,0.0,11.57,8.53,0.0,0.85
2004-09-25,0.0,0.0,9.78,0.0,0.97
2004-09-26,0.0,0.0,0.0,0.0,0.0
2004-09-27,0.0,0.0,0.0,0.0,0.0
2004-09-28,0.0,0.0,0.0,0.0,0.0
2004-09-29,0.0,0.0,0.0,0.0,0.0
2004-09-30,0.0,0.0,0.0,0.0,0.0
2004-10-01,0.0,0.0,0.0,0.0,0.0
2004-10-02,0.0,0.0,0.0,0.0,0.0
2004-10-03,0.0,0.0,0.0,0.0,0.0
2004-10-04,0.0,0.0,0.0,0.0,0.0
2004-10-05,0.0,0.0,0.0,0.0,0.0
2004-10-06,0.0,0.0,0.0,0.0,0.0
2004-10-07,0.0,0.0,0.0,0.0,0.0
2004-10-08,0.0,0.0,0.0,0.0,0.0
2004-10-09,0.0,0.0,0.0,0.0,0.0
2004-10-10,0.0,0.0,0.0,0.0,0.0
2004-10-11,0.0,0.0,0.0,0.0,0.0
2004-10-12,0.0,0.0,0.0,0.0,0.0
2004-10-13,0.0,0.0,0.0,0.0,0.0
2004-10-14,0.0,0.0,0.0,0.0,0.0
2004-10-15,0.0,0.0,0.0,0.0,0.0
2004-10-16,0.0,0.0,0.0,0.0,0.0
2004-10-17,0.0,0.0,0.0,0.0,0.0
2004-10-18,0.0,0.0,0.0,0.0,0.0
2004-10-19,9.522,150.9,19.38,56.79,74.73
2004-10-20,5.447,157.15,20.0,59.22,77.93
2004-10-21,0.039,52.5,17.01,13.37,22.13
2004-10-22,0.003,11.06,10.02,0.0,1.04
2004-10-23,0.304,67.24,11.29,24.11,31.85
2004-10-24,0.159,65.87,16.41,20.92,28.53
2004-10-25,0.003,14.3,12.53,0.0,1.81
2004-10-26,17.817,791.26,35.46,317.2,438.61
2004-10-27,0.055,58.83,16.54,16.08,26.21
2004-10-28,0.008,11.18,10.14,0.0,1.04
2004-10-29,0.006,10.82,9.87,0.0,0.95
2004-10-30,0.005,10.91,9.97,0.0,0.94
2004-10-31,0.003,10.69,9.73,0.0,0.94
2004-11-01,0.002,9.84,8.9,0.0,0.93
2004-11-02,0.002,9.84,8.88,0.0,0.94
2004-11-03,1.534,119.87,9.74,47.55,62.58
2004-11-04,2.828,150.27,20.42,56.07,73.78
2004-11-05,0.128,65.47,17.22,20.32,27.92
2004-11-06,0.003,13.41,11.96,0.0,1.46
2004-11-07,0.002,11.67,10.73,0.0,0.93
2004-11-08,0.002,12.02,11.08,0.0,0.94
2004-11-09,0.001,11.39,10.44,0.0,0.92
2004-11-10,0.443,56.99,13.52,18.75,24.73
2004-11-11,11.516,155.09,21.21,57.81,76.07
2004-11-12,0.593,56.23,15.99,17.35,22.88
2004-11-13,0.016,17.48,13.95,0.1,3.43
2004-11-14,0.008,12.61,11.66,0.0,0.95
2004-11-15,0.006,12.74,11.78,0.0,0.95
2004-11-16,0.005,12.69,11.75,0.0,0.94
2004-11-17,0.005,12.91,11.98,0.0,0.94
2004-11-18,0.003,13.2,12.28,0.0,0.94
2004-11-19,0.002,13.18,12.26,0.0,0.93
2004-11-20,0.001,11.09,10.09,0.0,0.92
2004-11-21,0.0,9.71,8.81,0.0,0.91
2004-11-22,0.0,9.77,8.67,0.0,0.94
2004-11-23,0.0,9.79,8.51,0.0,0.91
2004-11-24,0.0,9.75,8.73,0.0,0.94
2004-11-25,0.0,10.03,8.73,0.0,0.95
2004-11-26,0.0,10.52,8.7,0.0,0.94
2004-11-27,2.562,248.73,16.08,100.46,132.19
2004-11-28,0.037,84.03,17.69,24.94,41.41
2004-11-29,0.001,13.25,11.57,0.0,1.79
2004-11-30,0.0,10.2,9.18,0.0,0.94
2004-12-01,0.0,9.87,9.05,0.0,0.94
2004-12-02,0.0,9.65,9.1,0.0,0.93
2004-12-03,0.0,9.65,8.65,0.0,0.9
2004-12-04,0.0,9.26,8.61,0.0,0.9
2004-12-05,0.0,11.57,9.39,0.0,0.97
2004-12-06,0.607,0.17,0.07,0.03,0.07
2004-12-07,11.82,371.6,28.26,143.66,199.69
2004-12-08,24.561,390.62,32.34,147.8,210.48
2004-12-09,1.384,71.34,15.58,24.05,31.71
2004-12-10,0.067,15.47,13.02,0.72,1.72
2004-12-11,0.049,13.63,12.5,0.02,1.11
2004-12-12,0.042,13.67,12.56,0.02,1.09
2004-12-13,0.039,13.76,12.67,0.01,1.08
2004-12-14,0.035,13.81,12.73,0.01,1.07
2004-12-15,0.031,13.85,12.79,0.01,1.05
2004-12-16,0.025,14.0,12.96,0.01,1.04
2004-12-17,0.02,14.01,13.0,0.0,1.01
2004-12-18,0.019,14.07,13.06,0.0,1.0
2004-12-19,0.017,14.02,13.03,0.0,0.99
2004-12-20,0.017,14.04,13.04,0.0,0.99
2004-12-21,0.013,14.41,13.42,0.0,0.99
2004-12-22,0.005,14.92,14.0,0.0,0.91
2004-12-23,0.006,14.38,13.43,0.0,0.96
2004-12-24,0.007,14.49,13.53,0.0,0.96
2004-12-25,0.006,14.38,13.41,0.0,0.95
2004-12-26,0.004,15.49,14.53,0.0,0.95
2004-12-27,25.378,308.97,30.13,116.52,162.32
2004-12-28,5.522,85.59,15.36,30.32,39.91
2004-12-29,6.255,91.47,14.68,33.16,43.63
2004-12-30,9.972,144.7,19.93,53.88,70.89
2004-12-31,6.367,105.31,16.33,38.42,50.56
2005-01-01,3.166,50.34,13.62,15.86,20.86
2005-01-02,10.384,109.97,18.39,39.55,52.03
2005-01-03,2.832,50.49,15.1,15.28,20.11
2005-01-04,0.842,23.73,14.48,3.99,5.25
2005-01-05,0.434,15.17,13.15,0.87,1.14
2005-01-06,0.371,15.11,13.11,0.86,1.14
2005-01-07,4.304,62.21,12.66,21.4,28.15
2005-01-08,6.275,108.11,15.71,39.9,52.5
2005-01-09,2.688,49.62,13.74,15.49,20.39
2005-01-10,3.901,223.83,19.25,88.34,116.24
2005-01-11,7.823,342.76,22.82,137.06,182.88
2005-01-12,0.678,20.9,13.38,3.23,4.29
2005-01-13,0.521,14.99,12.98,0.87,1.14
2005-01-14,0.438,14.93,12.93,0.86,1.14
2005-01-15,0.365,14.91,12.91,0.86,1.14
2005-01-16,0.306,14.87,12.87,0.86,1.14
2005-01-17,0.262,14.82,12.81,0.86,1.14
2005-01-18,0.22,14.79,12.79,0.86,1.14
2005-01-19,0.181,14.71,12.76,0.81,1.14
2005-01-20,0.154,14.6,12.7,0.76,1.14
2005-01-21,0.131,14.44,12.66,0.64,1.14
2005-01-22,0.109,14.33,12.63,0.56,1.14
2005-01-23,0.09,14.16,12.59,0.44,1.14
2005-01-24,0.074,14.03,12.55,0.35,1.13
2005-01-25,0.068,13.68,12.44,0.1,1.14
2005-01-26,2.965,144.96,15.95,55.7,73.3
2005-01-27,0.826,44.82,7.6,16.06,21.16
2005-01-28,4.934,101.12,15.51,36.97,48.64
2005-01-29,0.537,39.02,15.15,10.31,13.57
2005-01-30,0.195,15.04,13.04,0.84,1.16
2005-01-31,0.167,14.87,12.97,0.77,1.14
2005-02-01,0.134,14.81,13.02,0.66,1.13
2005-02-02,0.108,14.68,12.97,0.58,1.13
2005-02-03,0.093,14.56,12.93,0.49,1.13
2005-02-04,0.08,14.44,12.9,0.41,1.13
2005-02-05,0.063,14.41,12.96,0.32,1.13
2005-02-06,0.044,14.13,12.99,0.04,1.1
2005-02-07,0.04,13.85,12.75,0.01,1.09
2005-02-08,0.034,13.9,12.81,0.01,1.08
2005-02-09,0.027,13.75,12.7,0.01,1.04
2005-02-10,0.023,13.76,12.73,0.0,1.03
2005-02-11,0.018,13.7,12.7,0.0,1.0
2005-02-12,0.016,13.56,12.57,0.0,0.99
2005-02-13,0.014,13.52,12.53,0.0,0.99
2005-02-14,2.187,114.74,14.6,43.24,56.9
2005-02-15,16.639,227.21,24.3,86.81,116.1
2005-02-16,4.272,118.5,16.77,43.93,57.8
2005-02-17,0.723,21.41,12.21,3.97,5.23
2005-02-18,8.496,218.28,21.22,85.09,111.96
2005-02-19,5.316,129.96,17.18,48.7,64.08
2005-02-20,2.45,54.71,13.87,17.64,23.21
2005-02-21,8.536,205.35,19.36,80.32,105.68
2005-02-22,1.223,46.17,14.14,13.83,18.2
2005-02-23,0.715,14.97,12.92,0.89,1.17
2005-02-24,0.58,14.85,12.85,0.86,1.14
2005-02-25,0.47,14.81,12.81,0.86,1.14
2005-02-26,0.379,14.77,12.77,0.86,1.14
2005-02-27,2.385,134.25,15.38,51.33,67.54
2005-02-28,3.228,224.29,16.77,89.61,117.91
2005-03-01,4.072,184.1,18.05,71.7,94.35
2005-03-02,4.14,144.88,19.48,54.15,71.25
2005-03-03,1.35,64.54,10.71,23.24,30.58
2005-03-04,8.585,151.33,20.75,56.39,74.19
2005-03-05,0.863,20.56,13.48,3.06,4.03
2005-03-06,0.591,14.83,12.82,0.87,1.14
2005-03-07,0.47,14.76,12.76,0.86,1.14
2005-03-08,0.369,14.72,12.72,0.86,1.14
2005-03-09,0.289,14.68,12.68,0.86,1.14
2005-03-10,0.221,14.63,12.64,0.86,1.14
2005-03-11,0.165,14.51,12.59,0.79,1.14
2005-03-12,0.129,14.35,12.51,0.7,1.14
2005-03-13,0.101,14.04,12.43,0.47,1.14
2005-03-14,0.064,13.99,12.52,0.34,1.12
2005-03-15,0.05,13.48,12.31,0.06,1.12
2005-03-16,0.037,13.39,12.28,0.02,1.1
2005-03-17,0.025,13.16,12.11,0.01,1.05
2005-03-18,0.59,36.04,9.76,11.31,14.97
2005-03-19,6.525,215.55,19.79,84.53,111.23
2005-03-20,0.28,31.87,14.18,7.63,10.07
2005-03-21,3.956,150.67,14.54,58.78,77.35
2005-03-22,14.836,180.91,23.76,67.86,89.29
2005-03-23,4.606,75.44,17.77,24.91,32.77
2005-03-24,0.903,15.57,13.14,1.05,1.38
2005-03-25,0.685,14.95,12.95,0.86,1.14
2005-03-26,0.546,14.88,12.88,0.86,1.14
2005-03-27,3.4,181.16,17.95,70.48,92.74
2005-03-28,2.341,83.07,14.44,29.63,38.99
2005-03-29,3.946,121.53,16.11,45.52,59.9
2005-03-30,0.561,17.36,13.17,1.81,2.38
2005-03-31,0.753,26.08,12.53,5.85,7.7
2005-04-01,0.365,14.74,12.69,0.88,1.16
2005-04-02,0.269,14.7,12.7,0.86,1.13
2005-04-03,4.088,259.96,19.89,103.67,136.4
2005-04-04,2.003,68.39,14.43,23.3,30.66
2005-04-05,0.86,34.13,14.58,8.44,11.1
2005-04-06,0.287,15.13,13.07,0.89,1.18
2005-04-07,0.218,14.93,12.93,0.86,1.14
2005-04-08,5.205,279.96,20.99,111.83,147.14
2005-04-09,0.575,30.2,13.52,7.2,9.48
2005-04-10,0.27,14.9,12.86,0.88,1.15
2005-04-11,0.201,14.75,12.8,0.82,1.14
2005-04-12,0.143,14.7,12.81,0.75,1.13
2005-04-13,0.1,14.44,12.78,0.52,1.13
2005-04-14,0.07,14.2,12.69,0.38,1.13
2005-04-15,0.053,13.91,12.58,0.21,1.12
2005-04-16,0.039,13.71,12.57,0.04,1.11
2005-04-17,0.027,13.77,12.68,0.01,1.08
2005-04-18,0.015,13.49,12.48,0.0,1.01
2005-04-19,0.01,13.19,12.21,0.0,0.98
2005-04-20,0.008,13.15,12.18,0.0,0.97
2005-04-21,0.004,12.9,11.96,0.0,0.96
2005-04-22,0.001,11.67,10.76,0.0,0.94
2005-04-23,0.0,11.57,10.75,0.0,0.81
2005-04-24,0.0,14.47,13.58,0.0,0.95
2005-04-25,0.0,14.88,13.39,0.0,0.94
2005-04-26,0.0,0.0,0.0,0.0,0.0
2005-04-27,0.0,0.0,0.0,0.0,0.0
2005-04-28,3.624,206.32,16.98,81.76,107.58
2005-04-29,0.11,36.98,15.29,9.11,12.59
2005-04-30,0.045,14.41,13.16,0.12,1.14
2005-05-01,0.033,14.18,13.07,0.02,1.09
2005-05-02,0.026,14.11,13.03,0.01,1.07
2005-05-03,0.019,14.07,13.03,0.0,1.03
2005-05-04,2.118,87.66,12.22,32.57,42.86
2005-05-05,4.809,150.47,19.07,56.74,74.66
2005-05-06,0.181,21.76,14.18,3.23,4.35
2005-05-07,0.122,15.21,13.41,0.66,1.14
2005-05-08,2.753,211.91,14.52,85.24,112.16
2005-05-09,4.476,180.57,21.47,68.7,90.39
2005-05-10,0.27,17.86,13.78,1.74,2.34
2005-05-11,0.198,15.18,13.25,0.79,1.14
2005-05-12,0.157,15.17,13.27,0.76,1.14
2005-05-13,0.124,15.06,13.27,0.65,1.13
2005-05-14,0.092,14.89,13.25,0.51,1.13
2005-05-15,0.082,14.69,13.12,0.43,1.14
2005-05-16,0.055,14.94,13.42,0.4,1.11
2005-05-17,0.051,14.32,13.12,0.07,1.12
2005-05-18,0.043,14.2,13.09,0.02,1.09
2005-05-19,4.899,142.55,18.32,53.65,70.59
2005-05-20,0.164,23.56,14.56,3.82,5.18
2005-05-21,0.088,15.01,13.36,0.51,1.14
2005-05-22,0.064,14.93,13.39,0.42,1.13
2005-05-23,0.049,14.69,13.29,0.28,1.11
2005-05-24,0.04,14.44,13.23,0.1,1.11
2005-05-25,0.031,14.33,13.22,0.03,1.09
2005-05-26,0.024,14.27,13.19,0.01,1.07
2005-05-27,0.018,14.35,13.31,0.0,1.03
2005-05-28,0.012,14.49,13.5,0.0,1.0
2005-05-29,0.008,14.5,13.53,0.0,0.97
2005-05-30,0.005,15.14,14.17,0.0,0.96
2005-05-31,0.002,15.47,14.57,0.0,0.95
2005-06-01,0.0,16.76,15.86,0.0,0.9
2005-06-02,0.0,17.36,16.21,0.0,0.88
2005-06-03,0.0,0.0,0.0,0.0,0.0
2005-06-04,0.0,0.0,0.0,0.0,0.0
2005-06-05,0.0,0.0,0.0,0.0,0.0
2005-06-06,0.0,0.0,0.0,0.0,0.0
2005-06-07,0.0,0.0,0.0,0.0,0.0
2005-06-08,0.0,22.42,15.99,2.78,3.66
2005-06-09,1.572,84.12,12.93,30.73,40.46
2005-06-10,0.021,27.31,16.49,3.18,7.64
2005-06-11,0.004,15.37,14.4,0.0,0.95
2005-06-12,0.002,15.1,14.09,0.0,0.95
2005-06-13,0.0,15.86,14.88,0.0,0.91
2005-06-14,0.0,11.57,10.44,0.0,0.86
2005-06-15,0.0,0.0,9.11,0.0,0.84
2005-06-16,0.0,0.0,0.0,0.0,0.0
2005-06-17,0.0,0.0,0.0,0.0,0.0
2005-06-18,0.0,0.0,0.0,0.0,0.0
2005-06-19,0.0,0.0,0.0,0.0,0.0
2005-06-20,0.0,0.0,0.0,0.0,0.0
2005-06-21,0.0,0.0,0.0,0.0,0.0
2005-06-22,0.0,0.0,0.0,0.0,0.0
2005-06-23,0.0,0.0,0.0,0.0,0.0
2005-06-24,0.0,0.0,0.0,0.0,0.0
2005-06-25,0.0,0.0,0.0,0.0,0.0
2005-06-26,0.0,0.0,0.0,0.0,0.0
2005-06-27,0.0,0.0,0.0,0.0,0.0
2005-06-28,0.0,0.0,0.0,0.0,0.0
2005-06-29,0.0,0.0,0.0,0.0,0.0
2005-06-30,0.0,0.0,0.0,0.0,0.0
2005-07-01,0.0,0.0,0.0,0.0,0.0
2005-07-02,0.0,0.0,0.0,0.0,0.0
2005-07-03,0.0,0.0,0.0,0.0,0.0
2005-07-04,0.0,0.0,0.0,0.0,0.0
2005-07-05,0.0,0.0,0.0,0.0,0.0
2005-07-06,0.0,0.0,0.0,0.0,0.0
2005-07-07,0.0,0.0,0.0,0.0,0.0
2005-07-08,0.0,0.0,0.0,0.0,0.0
2005-07-09,0.0,0.0,0.0,0.0,0.0
2005-07-10,0.0,0.0,0.0,0.0,0.0
2005-07-11,0.0,0.0,0.0,0.0,0.0
2005-07-12,0.0,0.0,0.0,0.0,0.0
2005-07-13,0.0,0.0,0.0,0.0,0.0
2005-07-14,0.0,0.0,0.0,0.0,0.0
2005-07-15,0.0,0.0,0.0,0.0,0.0
2005-07-16,0.0,0.0,0.0,0.0,0.0
2005-07-17,0.0,0.0,0.0,0.0,0.0
2005-07-18,0.0,0.0,0.0,0.0,0.0
2005-07-19,0.0,0.0,0.0,0.0,0.0
2005-07-20,0.0,0.0,0.0,0.0,0.0
2005-07-21,0.0,0.0,0.0,0.0,0.0
2005-07-22,0.0,0.0,0.0,0.0,0.0
2005-07-23,0.0,0.0,0.0,0.0,0.0
2005-07-24,0.0,0.0,0.0,0.0,0.0
2005-07-25,0.0,0.0,0.0,0.0,0.0
2005-07-26,0.0,0.0,0.0,0.0,0.0
2005-07-27,0.0,0.0,0.0,0.0,0.0
2005-07-28,0.0,0.0,0.0,0.0,0.0
2005-07-29,0.0,0.0,0.0,0.0,0.0
2005-07-30,0.0,0.0,0.0,0.0,0.0
2005-07-31,0.0,0.0,0.0,0.0,0.0
2005-08-01,0.0,0.0,0.0,0.0,0.0
2005-08-02,0.0,0.0,0.0,0.0,0.0
2005-08-03,0.0,0.0,0.0,0.0,0.0
2005-08-04,0.0,0.0,0.0,0.0,0.0
2005-08-05,0.0,0.0,0.0,0.0,0.0
2005-08-06,0.0,0.0,0.0,0.0,0.0
2005-08-07,0.0,0.0,0.0,0.0,0.0
2005-08-08,0.0,0.0,0.0,0.0,0.0
2005-08-09,0.0,0.0,0.0,0.0,0.0
2005-08-10,0.0,0.0,0.0,0.0,0.0
2005-08-11,0.0,0.0,0.0,0.0,0.0
2005-08-12,0.0,0.0,0.0,0.0,0.0
2005-08-13,0.0,0.0,0.0,0.0,0.0
2005-08-14,0.0,0.0,0.0,0.0,0.0
2005-08-15,0.0,0.0,0.0,0.0,0.0
2005-08-16,0.0,0.0,0.0,0.0,0.0
2005-08-17,0.0,0.0,0.0,0.0,0.0
2005-08-18,0.0,0.0,0.0,0.0,0.0
2005-08-19,0.0,0.0,0.0,0.0,0.0
2005-08-20,0.0,0.0,0.0,0.0,0.0
2005-08-21,0.0,0.0,0.0,0.0,0.0
2005-08-22,0.0,0.0,0.0,0.0,0.0
2005-08-23,0.0,0.0,0.0,0.0,0.0
2005-08-24,0.0,0.0,0.0,0.0,0.0
2005-08-25,0.0,0.0,0.0,0.0,0.0
2005-08-26,0.0,0.0,0.0,0.0,0.0
2005-08-27,0.0,0.0,0.0,0.0,0.0
2005-08-28,0.0,0.0,0.0,0.0,0.0
2005-08-29,0.0,0.0,0.0,0.0,0.0
2005-08-30,0.0,0.0,0.0,0.0,0.0
2005-08-31,0.0,0.0,0.0,0.0,0.0
2005-09-01,0.0,0.0,0.0,0.0,0.0
2005-09-02,0.0,0.0,0.0,0.0,0.0
2005-09-03,0.0,0.0,0.0,0.0,0.0
2005-09-04,0.0,0.0,0.0,0.0,0.0
2005-09-05,0.0,0.0,0.0,0.0,0.0
2005-09-06,0.0,0.0,0.0,0.0,0.0
2005-09-07,0.0,0.0,0.0,0.0,0.0
2005-09-08,0.0,0.0,0.0,0.0,0.0
2005-09-09,0.0,0.0,0.0,0.0,0.0
2005-09-10,0.0,0.0,0.0,0.0,0.0
2005-09-11,0.0,0.0,0.0,0.0,0.0
2005-09-12,0.0,0.0,0.0,0.0,0.0
2005-09-13,0.0,0.0,0.0,0.0,0.0
2005-09-14,0.0,0.0,0.0,0.0,0.0
2005-09-15,0.0,0.0,0.0,0.0,0.0
2005-09-16,0.0,0.0,0.0,0.0,0.0
2005-09-17,0.0,0.0,0.0,0.0,0.0
2005-09-18,0.0,0.0,0.0,0.0,0.0
2005-09-19,0.0,0.0,0.0,0.0,0.0
2005-09-20,0.0,0.0,0.0,0.0,0.0
2005-09-21,0.0,0.0,0.0,0.0,0.0
2005-09-22,0.0,0.0,0.0,0.0,0.0
2005-09-23,0.0,0.0,0.0,0.0,0.0
2005-09-24,0.0,0.0,0.0,0.0,0.0
2005-09-25,0.0,0.0,0.0,0.0,0.0
2005-09-26,0.0,0.0,0.0,0.0,0.0
2005-09-27,0.0,0.0,0.0,0.0,0.0
2005-09-28,0.0,0.0,0.0,0.0,0.0
2005-09-29,0.0,0.0,0.0,0.0,0.0
2005-09-30,0.0,0.0,0.0,0.0,0.0
2005-10-01,0.0,0.0,0.0,0.0,0.0
2005-10-02,0.0,0.0,0.0,0.0,0.0
2005-10-03,0.0,0.0,0.0,0.0,0.0
2005-10-04,0.0,0.0,0.0,0.0,0.0
2005-10-05,0.0,0.0,0.0,0.0,0.0
2005-10-06,0.0,0.0,0.0,0.0,0.0
2005-10-07,0.0,0.0,0.0,0.0,0.0
2005-10-08,0.0,0.0,0.0,0.0,0.0
2005-10-09,0.0,0.0,0.0,0.0,0.0
2005-10-10,0.0,0.0,0.0,0.0,0.0
2005-10-11,0.0,0.0,0.0,0.0,0.0
2005-10-12,0.0,0.0,0.0,0.0,0.0
2005-10-13,0.0,0.0,0.0,0.0,0.0
2005-10-14,0.0,0.0,0.0,0.0,0.0
2005-10-15,0.0,0.0,0.0,0.0,0.0
2005-10-16,0.0,0.0,0.0,0.0,0.0
2005-10-17,0.0,0.0,0.0,0.0,0.0
2005-10-18,0.0,0.0,0.0,0.0,0.0
2005-10-19,0.0,0.0,0.0,0.0,0.0
2005-10-20,0.0,0.0,0.0,0.0,0.0
2005-10-21,0.0,0.0,0.0,0.0,0.0
2005-10-22,0.0,0.0,0.0,0.0,0.0
2005-10-23,0.0,0.0,0.0,0.0,0.0
2005-10-24,0.0,0.0,0.0,0.0,0.0
2005-10-25,0.0,0.0,0.0,0.0,0.0
2005-10-26,0.0,0.0,0.0,0.0,0.0
2005-10-27,0.0,0.0,0.0,0.0,0.0
2005-10-28,0.0,0.0,0.0,0.0,0.0
2005-10-29,0.0,0.0,0.0,0.0,0.0
2005-10-30,0.0,0.0,0.0,0.0,0.0
2005-10-31,0.0,0.0,0.0,0.0,0.0
2005-11-01,0.0,0.0,0.0,0.0,0.0
2005-11-02,0.0,0.0,0.0,0.0,0.0
2005-11-03,0.0,0.0,0.0,0.0,0.0
2005-11-04,0.0,0.0,0.0,0.0,0.0
2005-11-05,0.0,0.0,0.0,0.0,0.0
2005-11-06,0.0,0.0,0.0,0.0,0.0
2005-11-07,1.132,101.01,12.02,38.43,50.56
2005-11-08,5.141,145.83,19.08,54.73,72.02
2005-11-09,0.03,42.52,17.49,9.29,15.75
2005-11-10,0.001,11.94,10.9,0.0,1.04
2005-11-11,0.001,10.46,9.46,0.0,0.94
2005-11-12,0.001,9.71,8.86,0.0,0.92
2005-11-13,0.0,9.85,9.05,0.0,0.95
2005-11-14,0.0,9.69,8.85,0.0,0.93
2005-11-15,0.0,10.03,9.02,0.0,0.93
2005-11-16,0.0,9.86,9.01,0.0,0.95
2005-11-17,0.0,10.13,9.21,0.0,0.96
2005-11-18,0.0,10.42,9.03,0.0,0.95
2005-11-19,0.0,9.75,8.91,0.0,0.94
2005-11-20,0.0,10.13,9.26,0.0,0.97
2005-11-21,0.0,10.03,9.07,0.0,0.95
2005-11-22,0.0,9.92,8.71,0.0,0.92
2005-11-23,0.0,10.61,9.1,0.0,0.96
2005-11-24,0.0,9.47,8.45,0.0,0.88
2005-11-25,1.926,145.14,13.66,56.78,74.71
2005-11-26,0.065,70.86,17.48,21.7,31.68
2005-11-27,0.001,16.01,13.8,0.0,2.32
2005-11-28,3.702,331.17,20.67,134.08,176.42
2005-11-29,5.024,98.01,16.0,35.42,46.6
2005-11-30,0.104,43.46,17.08,11.04,15.34
2005-12-01,16.825,313.57,26.19,122.23,165.14
2005-12-02,2.676,160.11,15.36,62.51,82.25
2005-12-03,0.065,76.45,16.23,24.35,35.86
2005-12-04,0.007,10.79,9.69,0.0,1.11
2005-12-05,0.005,9.98,9.04,0.0,0.94
2005-12-06,0.005,11.24,10.28,0.0,0.95
2005-12-07,0.003,10.8,9.89,0.0,0.94
2005-12-08,0.002,9.81,8.89,0.0,0.94
2005-12-09,0.002,9.73,8.82,0.0,0.93
2005-12-10,0.002,11.4,10.51,0.0,0.94
2005-12-11,0.001,10.1,9.22,0.0,0.93
2005-12-12,0.001,9.75,8.86,0.0,0.94
2005-12-13,0.001,9.5,8.7,0.0,0.92
2005-12-14,0.001,9.71,8.66,0.0,0.92
2005-12-15,0.0,9.68,8.62,0.0,0.92
2005-12-16,0.0,9.79,8.76,0.0,0.94
2005-12-17,3.39,116.88,9.79,46.24,60.86
2005-12-18,38.812,491.92,37.46,187.13,267.32
2005-12-19,4.943,275.69,22.83,109.15,143.71
2005-12-20,0.736,48.17,12.31,15.47,20.39
2005-12-21,7.223,178.97,17.99,69.51,91.47
2005-12-22,15.228,617.9,29.82,247.47,340.61
2005-12-23,0.878,58.67,14.84,18.33,25.51
2005-12-24,0.17,15.35,13.03,0.95,1.37
2005-12-25,3.703,102.95,13.74,38.52,50.69
2005-12-26,7.466,175.49,20.81,66.79,87.88
2005-12-27,1.797,107.42,13.31,40.64,53.47
2005-12-28,10.651,304.81,25.93,118.83,160.04
2005-12-29,0.406,23.26,14.0,3.97,5.29
2005-12-30,4.958,180.87,17.11,70.71,93.04
2005-12-31,36.123,613.12,41.25,237.8,334.06
2006-01-01,2.939,134.42,15.08,51.51,67.83
2006-01-02,15.389,225.03,26.38,84.09,114.56
2006-01-03,1.844,26.04,13.16,5.44,7.44
2006-01-04,2.409,56.67,13.07,18.83,24.77
2006-01-05,0.948,15.33,12.97,1.02,1.34
2006-01-06,0.762,14.86,12.86,0.86,1.14
2006-01-07,1.103,25.44,13.3,5.24,6.89
2006-01-08,0.562,15.37,13.03,1.01,1.33
2006-01-09,0.441,14.79,12.79,0.86,1.14
2006-01-10,0.368,14.74,12.74,0.86,1.14
2006-01-11,0.306,14.69,12.69,0.86,1.14
2006-01-12,0.25,14.67,12.67,0.86,1.14
2006-01-13,0.211,14.6,12.6,0.86,1.14
2006-01-14,4.837,135.85,17.6,51.06,67.19
2006-01-15,0.449,27.67,14.36,5.75,7.56
2006-01-16,0.261,14.82,12.8,0.87,1.15
2006-01-17,0.217,14.73,12.73,0.86,1.13
2006-01-18,3.312,82.91,13.33,30.04,39.53
2006-01-19,0.674,32.77,14.44,7.91,10.41
2006-01-20,0.24,15.15,12.98,0.94,1.23
2006-01-21,0.199,14.84,12.84,0.86,1.14
2006-01-22,0.154,14.82,12.92,0.76,1.13
2006-01-23,0.121,14.55,12.81,0.61,1.13
2006-01-24,0.104,14.45,12.78,0.54,1.14
2006-01-25,0.088,14.33,12.76,0.43,1.14
2006-01-26,0.064,14.26,12.83,0.31,1.12
2006-01-27,0.054,13.75,12.59,0.04,1.11
2006-01-28,0.793,80.51,9.52,30.62,40.37
2006-01-29,0.888,76.2,15.31,26.28,34.61
2006-01-30,4.016,226.92,18.37,90.05,118.5
2006-01-31,0.403,56.49,15.35,17.76,23.39
2006-02-01,2.815,101.04,15.22,37.06,48.76
2006-02-02,2.393,52.81,13.99,16.76,22.06
2006-02-03,0.298,16.99,13.44,1.53,2.02
2006-02-04,0.725,53.7,12.47,17.81,23.43
2006-02-05,0.196,16.2,13.13,1.29,1.78
2006-02-06,0.154,14.74,12.85,0.76,1.14
2006-02-07,0.128,14.6,12.82,0.64,1.14
2006-02-08,0.106,14.49,12.82,0.53,1.13
2006-02-09,0.081,14.37,12.82,0.42,1.13
2006-02-10,0.07,14.22,12.73,0.35,1.13
2006-02-11,0.058,13.97,12.72,0.13,1.12
2006-02-12,0.047,13.81,12.67,0.04,1.11
2006-02-13,0.038,13.75,12.65,0.01,1.09
2006-02-14,0.027,14.14,13.06,0.01,1.07
2006-02-15,0.009,13.66,12.72,0.0,0.94
2006-02-16,0.012,13.64,12.64,0.0,0.99
2006-02-17,0.008,13.48,12.52,0.0,0.96
2006-02-18,0.007,13.38,12.43,0.0,0.95
2006-02-19,0.005,13.5,12.56,0.0,0.95
2006-02-20,0.005,13.49,12.53,0.0,0.95
2006-02-21,0.005,13.33,12.38,0.0,0.95
2006-02-22,0.004,13.46,12.52,0.0,0.95
2006-02-23,0.003,13.5,12.56,0.0,0.94
2006-02-24,0.001,13.5,12.52,0.0,0.94
2006-02-25,0.0,12.11,11.35,0.0,0.92
2006-02-26,1.629,192.29,13.7,77.12,101.47
2006-02-27,13.214,233.03,23.29,89.67,120.06
2006-02-28,6.369,161.19,18.12,61.68,81.38
2006-03-01,0.724,23.5,10.94,5.42,7.13
2006-03-02,4.022,189.89,17.77,74.32,97.79
2006-03-03,7.858,199.82,21.48,77.01,101.33
2006-03-04,0.709,17.27,13.25,1.74,2.29
2006-03-05,7.711,245.38,22.66,96.17,126.54
2006-03-06,14.311,266.62,27.15,102.63,136.84
2006-03-07,3.522,55.38,13.46,18.04,23.88
2006-03-08,1.136,16.09,13.03,1.32,1.74
2006-03-09,0.838,14.82,12.82,0.86,1.14
2006-03-10,0.663,14.74,12.74,0.86,1.14
2006-03-11,0.531,14.71,12.71,0.86,1.14
2006-03-12,4.543,210.48,19.68,82.39,108.41
2006-03-13,0.873,47.01,14.39,14.09,18.54
2006-03-14,10.557,244.41,22.51,95.67,126.23
2006-03-15,1.111,32.21,13.89,7.91,10.41
2006-03-16,5.346,408.75,23.11,166.53,219.11
2006-03-17,6.483,260.2,21.42,103.11,135.67
2006-03-18,0.819,18.06,13.02,2.18,2.86
2006-03-19,0.597,14.73,12.72,0.87,1.14
2006-03-20,4.205,144.32,15.09,55.81,73.43
2006-03-21,2.653,90.86,15.96,32.34,42.56
2006-03-22,0.561,15.43,12.9,1.09,1.44
2006-03-23,0.433,14.72,12.72,0.86,1.14
2006-03-24,1.98,21.67,3.92,7.66,10.08
2006-03-25,16.185,398.53,32.73,153.54,212.27
2006-03-26,0.926,16.69,13.06,1.52,2.11
2006-03-27,1.982,62.4,12.11,21.72,28.58
2006-03-28,3.259,96.05,13.89,35.48,46.68
2006-03-29,8.134,278.51,20.69,111.01,146.81
2006-03-30,0.983,21.6,13.38,3.55,4.67
2006-03-31,6.149,225.53,21.68,88.03,115.82
2006-04-01,2.384,54.92,13.46,17.9,23.56
2006-04-02,5.637,170.71,19.54,65.28,85.89
2006-04-03,5.704,80.72,17.34,27.36,36.01
2006-04-04,10.292,238.5,24.4,92.12,121.98
2006-04-05,2.81,39.08,12.88,11.31,14.89
2006-04-06,1.059,15.17,12.88,0.99,1.3
2006-04-07,1.979,84.73,12.76,31.08,40.89
2006-04-08,1.663,45.24,13.4,13.75,18.09
2006-04-09,0.555,15.29,12.84,1.06,1.39
2006-04-10,0.39,14.64,12.64,0.86,1.14
2006-04-11,8.017,156.01,21.46,58.1,76.44
2006-04-12,10.06,201.09,23.03,76.64,101.42
2006-04-13,1.53,29.16,13.72,6.63,8.8
2006-04-14,0.885,14.81,12.79,0.87,1.15
2006-04-15,0.619,14.74,12.74,0.86,1.13
2006-04-16,6.067,245.12,21.19,96.7,127.24
2006-04-17,1.494,34.02,13.05,9.05,11.91
2006-04-18,0.517,15.01,12.84,0.94,1.24
2006-04-19,0.357,14.7,12.7,0.86,1.14
2006-04-20,0.253,14.65,12.65,0.86,1.14
2006-04-21,0.178,14.56,12.61,0.81,1.14
2006-04-22,0.113,14.37,12.61,0.63,1.13
2006-04-23,0.096,13.99,12.41,0.45,1.14
2006-04-24,0.059,14.04,12.62,0.3,1.11
2006-04-25,0.041,13.54,12.42,0.02,1.1
2006-04-26,0.026,13.64,12.57,0.01,1.06
2006-04-27,0.017,13.52,12.5,0.0,1.01
2006-04-28,0.01,13.5,12.51,0.0,0.98
2006-04-29,0.005,13.51,12.55,0.0,0.96
2006-04-30,0.002,13.49,12.54,0.0,0.93
2006-05-01,0.001,13.71,12.74,0.0,0.93
2006-05-02,0.001,13.77,12.77,0.0,0.94
2006-05-03,0.001,13.71,12.71,0.0,0.94
2006-05-04,0.0,13.42,12.65,0.0,0.94
2006-05-05,0.0,12.91,12.16,0.0,0.93
2006-05-06,0.0,15.05,13.02,0.0,1.02
2006-05-07,0.0,5.79,7.34,0.0,0.96
2006-05-08,0.0,0.0,0.0,0.0,0.0
2006-05-09,0.0,0.0,0.0,0.0,0.0
2006-05-10,0.0,0.0,0.0,0.0,0.0
2006-05-11,0.0,0.0,0.0,0.0,0.0
2006-05-12,0.0,0.0,0.0,0.0,0.0
2006-05-13,0.0,0.0,0.0,0.0,0.0
2006-05-14,0.0,0.0,0.0,0.0,0.0
2006-05-15,0.0,0.0,0.0,0.0,0.0
2006-05-16,0.0,0.0,0.0,0.0,0.0
2006-05-17,0.0,0.0,0.0,0.0,0.0
2006-05-18,0.0,0.0,0.0,0.0,0.0
2006-05-19,0.0,0.0,0.0,0.0,0.0
2006-05-20,0.02,18.8,15.86,0.36,2.58
2006-05-21,2.63,156.79,15.8,60.88,80.11
2006-05-22,0.841,63.26,14.47,21.06,27.73
2006-05-23,0.074,17.74,14.06,1.35,2.34
2006-05-24,0.046,14.83,13.45,0.26,1.12
2006-05-25,0.033,14.48,13.34,0.04,1.1
2006-05-26,0.023,14.58,13.49,0.01,1.07
2006-05-27,0.015,14.53,13.52,0.0,1.01
2006-05-28,0.013,14.69,13.68,0.0,1.0
2006-05-29,0.008,15.04,14.07,0.0,0.98
2006-05-30,0.004,15.64,14.69,0.0,0.95
2006-05-31,0.002,16.4,15.46,0.0,0.94
2006-06-01,0.001,16.96,16.12,0.0,0.94
2006-06-02,0.0,11.57,16.42,0.0,0.47
2006-06-03,0.0,0.0,0.0,0.0,0.0
2006-06-04,0.0,0.0,0.0,0.0,0.0
2006-06-05,0.0,0.0,0.0,0.0,0.0
2006-06-06,0.0,0.0,0.0,0.0,0.0
2006-06-07,0.0,0.0,0.0,0.0,0.0
2006-06-08,0.0,0.0,0.0,0.0,0.0
2006-06-09,0.0,0.0,0.0,0.0,0.0
2006-06-10,0.0,0.0,0.0,0.0,0.0
2006-06-11,0.0,0.0,0.0,0.0,0.0
2006-06-12,0.0,0.0,0.0,0.0,0.0
2006-06-13,0.0,0.0,0.0,0.0,0.0
2006-06-14,0.0,0.0,0.0,0.0,0.0
2006-06-15,0.0,0.0,0.0,0.0,0.0
2006-06-16,0.0,0.0,0.0,0.0,0.0
2006-06-17,0.0,0.0,0.0,0.0,0.0
2006-06-18,0.0,0.0,0.0,0.0,0.0
2006-06-19,0.0,0.0,0.0,0.0,0.0
2006-06-20,0.0,0.0,0.0,0.0,0.0
2006-06-21,0.0,0.0,0.0,0.0,0.0
2006-06-22,0.0,0.0,0.0,0.0,0.0
2006-06-23,0.0,0.0,0.0,0.0,0.0
2006-06-24,0.0,0.0,0.0,0.0,0.0
2006-06-25,0.0,0.0,0.0,0.0,0.0
2006-06-26,0.0,0.0,0.0,0.0,0.0
2006-06-27,0.0,0.0,0.0,0.0,0.0
2006-06-28,0.0,0.0,0.0,0.0,0.0
2006-06-29,0.0,0.0,0.0,0.0,0.0
2006-06-30,0.0,0.0,0.0,0.0,0.0
2006-07-01,0.0,0.0,0.0,0.0,0.0
2006-07-02,0.0,0.0,0.0,0.0,0.0
2006-07-03,0.0,0.0,0.0,0.0,0.0
2006-07-04,0.0,0.0,0.0,0.0,0.0
2006-07-05,0.0,0.0,0.0,0.0,0.0
2006-07-06,0.0,0.0,0.0,0.0,0.0
2006-07-07,0.0,0.0,0.0,0.0,0.0
2006-07-08,0.0,0.0,0.0,0.0,0.0
2006-07-09,0.0,0.0,0.0,0.0,0.0
2006-07-10,0.0,0.0,0.0,0.0,0.0
2006-07-11,0.0,0.0,0.0,0.0,0.0
2006-07-12,0.0,0.0,0.0,0.0,0.0
2006-07-13,0.0,0.0,0.0,0.0,0.0
2006-07-14,0.0,0.0,0.0,0.0,0.0
2006-07-15,0.0,0.0,0.0,0.0,0.0
2006-07-16,0.0,0.0,0.0,0.0,0.0
2006-07-17,0.0,0.0,0.0,0.0,0.0
2006-07-18,0.0,0.0,0.0,0.0,0.0
2006-07-19,0.0,0.0,0.0,0.0,0.0
2006-07-20,0.0,0.0,0.0,0.0,0.0
2006-07-21,0.0,0.0,0.0,0.0,0.0
2006-07-22,0.0,0.0,0.0,0.0,0.0
2006-07-23,0.0,0.0,0.0,0.0,0.0
2006-07-24,0.0,0.0,0.0,0.0,0.0
2006-07-25,0.0,0.0,0.0,0.0,0.0
2006-07-26,0.0,0.0,0.0,0.0,0.0
2006-07-27,0.0,0.0,0.0,0.0,0.0
2006-07-28,0.0,0.0,0.0,0.0,0.0
2006-07-29,0.0,0.0,0.0,0.0,0.0
2006-07-30,0.0,0.0,0.0,0.0,0.0
2006-07-31,0.0,0.0,0.0,0.0,0.0
2006-08-01,0.0,0.0,0.0,0.0,0.0
2006-08-02,0.0,0.0,0.0,0.0,0.0
2006-08-03,0.0,0.0,0.0,0.0,0.0
2006-08-04,0.0,0.0,0.0,0.0,0.0
2006-08-05,0.0,0.0,0.0,0.0,0.0
2006-08-06,0.0,0.0,0.0,0.0,0.0
2006-08-07,0.0,0.0,0.0,0.0,0.0
2006-08-08,0.0,0.0,0.0,0.0,0.0
2006-08-09,0.0,0.0,0.0,0.0,0.0
2006-08-10,0.0,0.0,0.0,0.0,0.0
2006-08-11,0.0,0.0,0.0,0.0,0.0
2006-08-12,0.0,0.0,0.0,0.0,0.0
2006-08-13,0.0,0.0,0.0,0.0,0.0
2006-08-14,0.0,0.0,0.0,0.0,0.0
2006-08-15,0.0,0.0,0.0,0.0,0.0
2006-08-16,0.0,0.0,0.0,0.0,0.0
2006-08-17,0.0,0.0,0.0,0.0,0.0
2006-08-18,0.0,0.0,0.0,0.0,0.0
2006-08-19,0.0,0.0,0.0,0.0,0.0
2006-08-20,0.0,0.0,0.0,0.0,0.0
2006-08-21,0.0,0.0,0.0,0.0,0.0
2006-08-22,0.0,0.0,0.0,0.0,0.0
2006-08-23,0.0,0.0,0.0,0.0,0.0
2006-08-24,0.0,0.0,0.0,0.0,0.0
2006-08-25,0.0,0.0,0.0,0.0,0.0
2006-08-26,0.0,0.0,0.0,0.0,0.0
2006-08-27,0.0,0.0,0.0,0.0,0.0
2006-08-28,0.0,0.0,0.0,0.0,0.0
2006-08-29,0.0,0.0,0.0,0.0,0.0
2006-08-30,0.0,0.0,0.0,0.0,0.0
2006-08-31,0.0,0.0,0.0,0.0,0.0
2006-09-01,0.0,0.0,0.0,0.0,0.0
2006-09-02,0.0,0.0,0.0,0.0,0.0
2006-09-03,0.0,0.0,0.0,0.0,0.0
2006-09-04,0.0,0.0,0.0,0.0,0.0
2006-09-05,0.0,0.0,0.0,0.0,0.0
2006-09-06,0.0,0.0,0.0,0.0,0.0
2006-09-07,0.0,0.0,0.0,0.0,0.0
2006-09-08,0.0,0.0,0.0,0.0,0.0
2006-09-09,0.0,0.0,0.0,0.0,0.0
2006-09-10,0.0,0.0,0.0,0.0,0.0
2006-09-11,0.0,0.0,0.0,0.0,0.0
2006-09-12,0.0,0.0,0.0,0.0,0.0
2006-09-13,0.0,0.0,0.0,0.0,0.0
2006-09-14,0.0,0.0,0.0,0.0,0.0
2006-09-15,0.0,0.0,0.0,0.0,0.0
2006-09-16,0.0,0.0,0.0,0.0,0.0
2006-09-17,0.0,0.0,0.0,0.0,0.0
2006-09-18,0.0,0.0,0.0,0.0,0.0
2006-09-19,0.0,0.0,0.0,0.0,0.0
2006-09-20,0.0,0.0,0.0,0.0,0.0
2006-09-21,0.0,0.0,0.0,0.0,0.0
2006-09-22,0.0,0.0,0.0,0.0,0.0
2006-09-23,0.0,0.0,0.0,0.0,0.0
2006-09-24,0.0,0.0,0.0,0.0,0.0
2006-09-25,0.0,0.0,0.0,0.0,0.0
2006-09-26,0.0,0.0,0.0,0.0,0.0
2006-09-27,0.0,0.0,0.0,0.0,0.0
2006-09-28,0.0,0.0,0.0,0.0,0.0
2006-09-29,0.0,0.0,0.0,0.0,0.0
2006-09-30,0.0,0.0,0.0,0.0,0.0
2006-10-01,0.0,0.0,0.0,0.0,0.0
2006-10-02,0.0,0.0,0.0,0.0,0.0
2006-10-03,0.0,0.0,0.0,0.0,0.0
2006-10-04,0.0,0.0,0.0,0.0,0.0
2006-10-05,2.705,153.71,14.93,59.92,78.85
2006-10-06,0.029,44.98,17.02,9.82,18.15
2006-10-07,0.0,14.41,13.3,0.0,1.15
2006-10-08,0.0,10.13,9.03,0.0,0.92
2006-10-09,0.0,10.61,9.09,0.0,0.94
2006-10-10,0.0,9.47,8.76,0.0,0.94
2006-10-11,0.0,11.57,9.43,0.0,0.97
2006-10-12,0.0,9.92,9.06,0.0,0.94
2006-10-13,0.0,8.27,7.61,0.0,0.81
2006-10-14,0.0,11.57,10.34,0.0,1.09
2006-10-15,0.0,9.26,8.74,0.0,0.92
2006-10-16,0.0,11.57,9.13,0.0,0.95
2006-10-17,0.0,7.72,8.89,0.0,0.93
2006-10-18,0.0,23.15,15.77,0.0,1.62
2006-10-19,0.0,23.15,15.3,0.0,1.61
2006-10-20,0.0,23.15,12.38,0.0,1.28
2006-10-21,0.0,0.0,0.0,0.0,0.0
2006-10-22,0.0,0.0,0.0,0.0,0.0
2006-10-23,0.0,0.0,0.0,0.0,0.0
2006-10-24,0.0,0.0,0.0,0.0,0.0
2006-10-25,0.0,0.0,0.0,0.0,0.0
2006-10-26,0.0,0.0,0.0,0.0,0.0
2006-10-27,0.0,0.0,0.0,0.0,0.0
2006-10-28,0.0,0.0,0.0,0.0,0.0
2006-10-29,0.0,0.0,0.0,0.0,0.0
2006-10-30,0.0,0.0,0.0,0.0,0.0
2006-10-31,0.0,0.0,0.0,0.0,0.0
2006-11-01,0.0,0.0,0.0,0.0,0.0
2006-11-02,2.89,123.61,15.77,46.56,61.28
2006-11-03,0.643,67.49,14.06,23.02,30.41
2006-11-04,0.009,23.39,16.49,0.04,6.87
2006-11-05,0.0,12.11,11.19,0.0,0.89
2006-11-06,0.0,10.8,9.79,0.0,0.92
2006-11-07,0.0,10.47,9.1,0.0,0.92
2006-11-08,0.0,9.65,9.06,0.0,0.91
2006-11-09,0.0,9.92,9.34,0.0,0.96
2006-11-10,0.0,10.68,9.35,0.0,0.94
2006-11-11,2.936,202.52,16.58,80.29,105.65
2006-11-12,0.035,65.87,17.79,18.11,29.97
2006-11-13,6.164,208.45,19.98,81.39,107.09
2006-11-14,1.217,126.6,19.97,46.01,60.61
2006-11-15,0.132,37.68,15.78,9.11,12.79
2006-11-16,0.004,15.86,13.81,0.0,2.06
2006-11-17,0.002,11.42,10.48,0.0,0.93
2006-11-18,0.002,11.46,10.53,0.0,0.93
2006-11-19,0.002,11.57,10.62,0.0,0.94
2006-11-20,0.001,10.57,9.56,0.0,0.93
2006-11-21,0.001,9.92,9.0,0.0,0.93
2006-11-22,0.001,9.97,9.0,0.0,0.93
2006-11-23,0.001,9.81,8.87,0.0,0.92
2006-11-24,0.001,9.99,8.89,0.0,0.92
2006-11-25,0.0,9.77,8.84,0.0,0.92
2006-11-26,2.118,205.11,15.4,81.92,107.79
2006-11-27,1.183,87.28,13.9,31.69,41.69
2006-11-28,0.044,56.64,17.35,15.11,24.19
2006-11-29,0.001,12.56,11.25,0.0,1.29
2006-11-30,0.001,10.1,9.18,0.0,0.93
2006-12-01,0.001,9.98,9.09,0.0,0.93
2006-12-02,0.0,9.85,9.12,0.0,0.92
2006-12-03,0.0,10.29,9.38,0.0,0.95
2006-12-04,0.0,10.13,9.14,0.0,0.93
2006-12-05,0.0,9.92,8.93,0.0,0.91
2006-12-06,0.0,9.72,8.82,0.0,0.91
2006-12-07,0.0,9.92,9.13,0.0,0.94
2006-12-08,0.0,9.65,8.74,0.0,0.89
2006-12-09,4.494,228.56,20.2,89.97,118.39
2006-12-10,8.122,242.46,22.95,94.79,124.72
2006-12-11,0.08,60.69,17.36,17.94,25.39
2006-12-12,21.505,435.88,32.51,167.08,236.29
2006-12-13,0.301,34.83,14.11,8.62,12.1
2006-12-14,0.175,25.77,12.59,5.5,7.68
2006-12-15,1.022,108.12,12.46,41.28,54.39
2006-12-16,0.02,23.88,14.45,1.7,7.73
2006-12-17,0.006,10.85,9.93,0.0,0.93
2006-12-18,0.008,12.8,11.85,0.0,0.96
2006-12-19,0.007,13.19,12.22,0.0,0.95
2006-12-20,0.005,13.32,12.4,0.0,0.93
2006-12-21,3.966,169.15,16.81,65.78,86.56
2006-12-22,1.828,156.77,14.83,61.27,80.67
2006-12-23,0.025,41.63,15.76,8.06,17.81
2006-12-24,0.008,13.38,12.41,0.0,0.97
2006-12-25,0.009,13.85,12.88,0.0,0.96
2006-12-26,1.807,208.29,14.41,83.72,110.16
2006-12-27,3.336,220.69,17.01,87.94,115.73
2006-12-28,0.027,62.82,16.63,15.81,30.38
2006-12-29,0.011,13.69,12.69,0.0,1.0
2006-12-30,0.011,13.65,12.69,0.0,0.97
2006-12-31,0.01,13.89,12.92,0.0,0.97
2007-01-01,0.009,13.98,13.02,0.0,0.96
2007-01-02,0.008,14.13,13.18,0.0,0.95
2007-01-03,0.007,14.11,13.16,0.0,0.95
2007-01-04,0.718,69.46,12.7,24.5,32.25
2007-01-05,0.029,38.34,17.36,6.78,14.2
2007-01-06,0.003,13.93,12.97,0.0,0.94
2007-01-07,0.004,14.32,13.38,0.0,0.95
2007-01-08,0.003,15.2,14.26,0.0,0.94
2007-01-09,0.001,14.75,13.81,0.0,0.92
2007-01-10,0.002,15.82,14.88,0.0,0.94
2007-01-11,0.0,11.57,13.12,0.0,0.6
2007-01-12,0.0,0.0,0.0,0.0,0.0
2007-01-13,0.0,0.0,0.0,0.0,0.0
2007-01-14,0.0,0.0,0.0,0.0,0.0
2007-01-15,0.0,0.0,0.0,0.0,0.0
2007-01-16,0.0,0.0,0.0,0.0,0.0
2007-01-17,0.0,0.0,0.0,0.0,0.0
2007-01-18,0.0,0.0,0.0,0.0,0.0
2007-01-19,0.0,0.0,0.0,0.0,0.0
2007-01-20,0.0,0.0,0.0,0.0,0.0
2007-01-21,0.0,0.0,0.0,0.0,0.0
2007-01-22,0.0,0.0,0.0,0.0,0.0
2007-01-23,0.0,0.0,0.0,0.0,0.0
2007-01-24,0.0,0.0,0.0,0.0,0.0
2007-01-25,0.0,0.0,0.0,0.0,0.0
2007-01-26,0.0,0.0,0.0,0.0,0.0
2007-01-27,0.499,84.25,15.08,29.87,39.3
2007-01-28,1.057,72.93,12.79,25.93,34.21
2007-01-29,0.017,28.21,16.54,2.93,8.74
2007-01-30,0.001,13.46,12.48,0.0,0.9
2007-01-31,0.001,13.39,12.47,0.0,0.92
2007-02-01,0.001,13.89,13.06,0.0,0.94
2007-02-02,0.0,14.37,13.31,0.0,0.93
2007-02-03,0.0,10.29,8.77,0.0,0.84
2007-02-04,0.0,9.65,8.55,0.0,0.85
2007-02-05,0.0,11.57,9.89,0.0,0.99
2007-02-06,0.0,7.72,9.59,0.0,0.95
2007-02-07,0.952,144.8,11.01,57.77,76.02
2007-02-08,4.81,127.44,15.13,48.5,63.81
2007-02-09,8.051,128.89,17.21,48.22,63.45
2007-02-10,13.661,180.92,20.53,69.26,91.13
2007-02-11,2.874,144.17,22.9,52.36,68.9
2007-02-12,1.823,220.01,14.57,88.7,116.74
2007-02-13,0.611,111.02,15.25,41.28,54.49
2007-02-14,0.103,30.84,15.42,6.37,9.05
2007-02-15,0.039,13.94,12.82,0.02,1.1
2007-02-16,0.032,14.11,13.02,0.01,1.07
2007-02-17,0.023,14.04,13.01,0.0,1.02
2007-02-18,0.022,14.35,13.31,0.01,1.04
2007-02-19,0.014,14.18,13.19,0.0,0.98
2007-02-20,0.016,14.25,13.25,0.0,1.01
2007-02-21,0.014,14.38,13.38,0.0,1.0
2007-02-22,6.723,195.81,21.61,75.22,98.98
2007-02-23,0.774,48.39,12.9,15.31,20.19
2007-02-24,0.371,42.45,5.3,15.98,21.18
2007-02-25,2.418,95.67,13.98,35.28,46.42
2007-02-26,5.105,112.48,15.67,41.8,55.01
2007-02-27,5.238,145.21,16.6,55.54,73.07
2007-02-28,0.812,80.76,15.62,28.11,37.02
2007-03-01,0.074,15.66,13.44,0.71,1.5
2007-03-02,0.06,14.64,13.18,0.35,1.12
2007-03-03,0.053,14.46,13.17,0.18,1.11
2007-03-04,0.044,14.51,13.34,0.06,1.1
2007-03-05,0.037,14.34,13.23,0.02,1.08
2007-03-06,0.034,14.48,13.37,0.02,1.09
2007-03-07,0.03,14.37,13.29,0.01,1.06
2007-03-08,0.026,14.56,13.49,0.01,1.05
2007-03-09,0.021,14.49,13.45,0.01,1.03
2007-03-10,0.018,14.45,13.44,0.0,1.02
2007-03-11,0.015,14.46,13.45,0.0,1.01
2007-03-12,0.013,14.49,13.5,0.0,0.99
2007-03-13,0.01,14.61,13.63,0.0,0.98
2007-03-14,0.008,14.65,13.68,0.0,0.96
2007-03-15,0.007,14.76,13.79,0.0,0.96
2007-03-16,0.005,15.02,14.07,0.0,0.95
2007-03-17,0.004,15.46,14.5,0.0,0.95
2007-03-18,0.002,16.26,15.29,0.0,0.94
2007-03-19,0.001,17.58,16.64,0.0,0.94
2007-03-20,0.0,18.19,17.98,0.0,0.74
2007-03-21,0.0,0.0,0.0,0.0,0.0
2007-03-22,0.0,17.36,16.02,0.0,0.9
2007-03-23,0.0,0.0,0.0,0.0,0.0
2007-03-24,0.0,0.0,0.0,0.0,0.0
2007-03-25,0.0,0.0,0.0,0.0,0.0
2007-03-26,0.28,55.67,14.87,17.54,23.25
2007-03-27,0.053,42.94,17.61,10.11,15.22
2007-03-28,0.0,19.56,17.79,0.0,1.59
2007-03-29,0.0,11.57,14.34,0.0,0.78
2007-03-30,0.0,0.0,0.0,0.0,0.0
2007-03-31,0.0,0.0,0.0,0.0,0.0
2007-04-01,0.0,0.0,0.0,0.0,0.0
2007-04-02,0.0,0.0,0.0,0.0,0.0
2007-04-03,0.0,0.0,0.0,0.0,0.0
2007-04-04,0.0,0.0,0.0,0.0,0.0
2007-04-05,0.0,0.0,0.0,0.0,0.0
2007-04-06,0.0,0.0,0.0,0.0,0.0
2007-04-07,0.0,0.0,0.0,0.0,0.0
2007-04-08,0.0,0.0,0.0,0.0,0.0
2007-04-09,0.0,0.0,0.0,0.0,0.0
2007-04-10,0.0,0.0,0.0,0.0,0.0
2007-04-11,0.0,0.0,0.0,0.0,0.0
2007-04-12,0.0,0.0,0.0,0.0,0.0
2007-04-13,0.0,0.0,0.0,0.0,0.0
2007-04-14,2.06,136.79,15.81,52.24,68.74
2007-04-15,0.074,61.77,17.62,18.11,26.03
2007-04-16,0.001,16.2,14.64,0.0,1.62
2007-04-17,0.0,10.75,9.85,0.0,0.88
2007-04-18,0.0,10.29,8.52,0.0,0.84
2007-04-19,0.189,5.14,1.3,1.66,2.18
2007-04-20,3.309,119.6,16.09,44.7,58.82
2007-04-21,0.455,3.17,1.36,0.7,1.12
2007-04-22,6.922,214.14,21.22,83.31,109.61
2007-04-23,0.082,70.64,16.88,22.09,31.66
2007-04-24,0.009,13.96,12.85,0.0,1.11
2007-04-25,0.006,13.97,13.01,0.0,0.96
2007-04-26,0.004,13.87,12.91,0.0,0.94
2007-04-27,0.003,14.19,13.24,0.0,0.94
2007-04-28,0.001,13.16,12.22,0.0,0.94
2007-04-29,0.001,10.03,9.08,0.0,0.91
2007-04-30,0.0,10.23,9.21,0.0,0.93
2007-05-01,0.0,9.82,9.03,0.0,0.93
2007-05-02,0.418,60.02,13.72,19.95,26.35
2007-05-03,0.009,30.32,18.17,0.94,11.2
2007-05-04,0.2,32.38,13.72,7.81,10.85
2007-05-05,0.009,17.74,15.57,0.0,2.18
2007-05-06,0.0,12.79,12.02,0.0,0.72
2007-05-07,0.0,10.29,9.56,0.0,0.94
2007-05-08,0.0,9.92,9.97,0.0,0.99
2007-05-09,0.0,11.57,11.43,0.0,1.12
2007-05-10,0.0,7.72,9.79,0.0,0.94
2007-05-11,0.0,23.15,13.96,0.0,1.29
2007-05-12,0.0,0.0,0.0,0.0,0.0
2007-05-13,0.0,0.0,0.0,0.0,0.0
2007-05-14,0.0,0.0,0.0,0.0,0.0
2007-05-15,0.0,0.0,0.0,0.0,0.0
2007-05-16,0.0,0.0,0.0,0.0,0.0
2007-05-17,0.0,0.0,0.0,0.0,0.0
2007-05-18,0.0,0.0,0.0,0.0,0.0
2007-05-19,0.0,0.0,0.0,0.0,0.0
2007-05-20,0.0,0.0,0.0,0.0,0.0
2007-05-21,0.0,0.0,0.0,0.0,0.0
2007-05-22,0.0,0.0,0.0,0.0,0.0
2007-05-23,0.0,0.0,0.0,0.0,0.0
2007-05-24,0.0,0.0,0.0,0.0,0.0
2007-05-25,0.0,0.0,0.0,0.0,0.0
2007-05-26,0.0,0.0,0.0,0.0,0.0
2007-05-27,0.0,0.0,0.0,0.0,0.0
2007-05-28,0.0,0.0,0.0,0.0,0.0
2007-05-29,0.0,0.0,0.0,0.0,0.0
2007-05-30,0.0,0.0,0.0,0.0,0.0
2007-05-31,0.0,0.0,0.0,0.0,0.0
2007-06-01,0.0,0.0,0.0,0.0,0.0
2007-06-02,0.0,0.0,0.0,0.0,0.0
2007-06-03,0.0,0.0,0.0,0.0,0.0
2007-06-04,0.0,0.0,0.0,0.0,0.0
2007-06-05,0.0,0.0,0.0,0.0,0.0
2007-06-06,0.0,0.0,0.0,0.0,0.0
2007-06-07,0.0,0.0,0.0,0.0,0.0
2007-06-08,0.0,0.0,0.0,0.0,0.0
2007-06-09,0.0,0.0,0.0,0.0,0.0
2007-06-10,0.0,0.0,0.0,0.0,0.0
2007-06-11,0.0,0.0,0.0,0.0,0.0
2007-06-12,0.0,0.0,0.0,0.0,0.0
2007-06-13,0.0,0.0,0.0,0.0,0.0
2007-06-14,0.0,0.0,0.0,0.0,0.0
2007-06-15,0.0,0.0,0.0,0.0,0.0
2007-06-16,0.0,0.0,0.0,0.0,0.0
2007-06-17,0.0,0.0,0.0,0.0,0.0
2007-06-18,0.0,0.0,0.0,0.0,0.0
2007-06-19,0.0,0.0,0.0,0.0,0.0
2007-06-20,0.0,0.0,0.0,0.0,0.0
2007-06-21,0.0,0.0,0.0,0.0,0.0
2007-06-22,0.0,0.0,0.0,0.0,0.0
2007-06-23,0.0,0.0,0.0,0.0,0.0
2007-06-24,0.0,0.0,0.0,0.0,0.0
2007-06-25,0.0,0.0,0.0,0.0,0.0
2007-06-26,0.0,0.0,0.0,0.0,0.0
2007-06-27,0.0,0.0,0.0,0.0,0.0
2007-06-28,0.0,0.0,0.0,0.0,0.0
2007-06-29,0.0,0.0,0.0,0.0,0.0
2007-06-30,0.0,0.0,0.0,0.0,0.0
2007-07-01,0.0,0.0,0.0,0.0,0.0
2007-07-02,0.0,0.0,0.0,0.0,0.0
2007-07-03,0.0,0.0,0.0,0.0,0.0
2007-07-04,0.0,0.0,0.0,0.0,0.0
2007-07-05,0.0,0.0,0.0,0.0,0.0
2007-07-06,0.0,0.0,0.0,0.0,0.0
2007-07-07,0.0,0.0,0.0,0.0,0.0
2007-07-08,0.0,0.0,0.0,0.0,0.0
2007-07-09,0.0,0.0,0.0,0.0,0.0
2007-07-10,0.0,0.0,0.0,0.0,0.0
2007-07-11,0.0,0.0,0.0,0.0,0.0
2007-07-12,0.0,0.0,0.0,0.0,0.0
2007-07-13,0.0,0.0,0.0,0.0,0.0
2007-07-14,0.0,0.0,0.0,0.0,0.0
2007-07-15,0.0,0.0,0.0,0.0,0.0
2007-07-16,0.0,0.0,0.0,0.0,0.0
2007-07-17,0.0,0.0,0.0,0.0,0.0
2007-07-18,0.0,0.0,0.0,0.0,0.0
2007-07-19,0.0,0.0,0.0,0.0,0.0
2007-07-20,0.0,0.0,0.0,0.0,0.0
2007-07-21,0.0,0.0,0.0,0.0,0.0
2007-07-22,0.0,0.0,0.0,0.0,0.0
2007-07-23,0.0,0.0,0.0,0.0,0.0
2007-07-24,0.0,0.0,0.0,0.0,0.0
2007-07-25,0.0,0.0,0.0,0.0,0.0
2007-07-26,0.0,0.0,0.0,0.0,0.0
2007-07-27,0.0,0.0,0.0,0.0,0.0
2007-07-28,0.0,0.0,0.0,0.0,0.0
2007-07-29,0.0,0.0,0.0,0.0,0.0
2007-07-30,0.0,0.0,0.0,0.0,0.0
2007-07-31,0.0,0.0,0.0,0.0,0.0
2007-08-01,0.0,0.0,0.0,0.0,0.0
2007-08-02,0.0,0.0,0.0,0.0,0.0
2007-08-03,0.0,0.0,0.0,0.0,0.0
2007-08-04,0.0,0.0,0.0,0.0,0.0
2007-08-05,0.0,0.0,0.0,0.0,0.0
2007-08-06,0.0,0.0,0.0,0.0,0.0
2007-08-07,0.0,0.0,0.0,0.0,0.0
2007-08-08,0.0,0.0,0.0,0.0,0.0
2007-08-09,0.0,0.0,0.0,0.0,0.0
2007-08-10,0.0,0.0,0.0,0.0,0.0
2007-08-11,0.0,0.0,0.0,0.0,0.0
2007-08-12,0.0,0.0,0.0,0.0,0.0
2007-08-13,0.0,0.0,0.0,0.0,0.0
2007-08-14,0.0,0.0,0.0,0.0,0.0
2007-08-15,0.0,0.0,0.0,0.0,0.0
2007-08-16,0.0,0.0,0.0,0.0,0.0
2007-08-17,0.0,0.0,0.0,0.0,0.0
2007-08-18,0.0,0.0,0.0,0.0,0.0
2007-08-19,0.0,0.0,0.0,0.0,0.0
2007-08-20,0.0,0.0,0.0,0.0,0.0
2007-08-21,0.0,0.0,0.0,0.0,0.0
2007-08-22,0.0,0.0,0.0,0.0,0.0
2007-08-23,0.0,0.0,0.0,0.0,0.0
2007-08-24,0.0,0.0,0.0,0.0,0.0
2007-08-25,0.0,0.0,0.0,0.0,0.0
2007-08-26,0.0,0.0,0.0,0.0,0.0
2007-08-27,0.0,0.0,0.0,0.0,0.0
2007-08-28,0.0,0.0,0.0,0.0,0.0
2007-08-29,0.0,0.0,0.0,0.0,0.0
2007-08-30,0.0,0.0,0.0,0.0,0.0
2007-08-31,0.0,0.0,0.0,0.0,0.0
2007-09-01,0.0,0.0,0.0,0.0,0.0
2007-09-02,0.0,0.0,0.0,0.0,0.0
2007-09-03,0.0,0.0,0.0,0.0,0.0
2007-09-04,0.0,0.0,0.0,0.0,0.0
2007-09-05,0.0,0.0,0.0,0.0,0.0
2007-09-06,0.0,0.0,0.0,0.0,0.0
2007-09-07,0.0,0.0,0.0,0.0,0.0
2007-09-08,0.0,0.0,0.0,0.0,0.0
2007-09-09,0.0,0.0,0.0,0.0,0.0
2007-09-10,0.0,0.0,0.0,0.0,0.0
2007-09-11,0.0,0.0,0.0,0.0,0.0
2007-09-12,0.0,0.0,0.0,0.0,0.0
2007-09-13,0.0,0.0,0.0,0.0,0.0
2007-09-14,0.0,0.0,0.0,0.0,0.0
2007-09-15,0.0,0.0,0.0,0.0,0.0
2007-09-16,0.0,0.0,0.0,0.0,0.0
2007-09-17,0.0,0.0,0.0,0.0,0.0
2007-09-18,0.0,0.0,0.0,0.0,0.0
2007-09-19,0.0,0.0,0.0,0.0,0.0
2007-09-20,0.0,0.0,0.0,0.0,0.0
2007-09-21,0.0,0.0,0.0,0.0,0.0
2007-09-22,0.0,0.0,0.0,0.0,0.0
2007-09-23,0.0,0.0,0.0,0.0,0.0
2007-09-24,0.0,0.0,0.0,0.0,0.0
2007-09-25,0.0,0.0,0.0,0.0,0.0
2007-09-26,0.0,0.0,0.0,0.0,0.0
2007-09-27,0.0,0.0,0.0,0.0,0.0
2007-09-28,0.0,0.0,0.0,0.0,0.0
2007-09-29,0.0,0.0,0.0,0.0,0.0
2007-09-30,0.0,0.0,0.0,0.0,0.0
2007-10-01,0.0,0.0,0.0,0.0,0.0
2007-10-02,0.0,0.0,0.0,0.0,0.0
2007-10-03,0.0,0.0,0.0,0.0,0.0
2007-10-04,0.0,0.0,0.0,0.0,0.0
2007-10-05,0.0,0.0,0.0,0.0,0.0
2007-10-06,0.0,0.0,0.0,0.0,0.0
2007-10-07,0.0,0.0,0.0,0.0,0.0
2007-10-08,0.0,0.0,0.0,0.0,0.0
2007-10-09,1.789,35.54,3.05,14.03,18.46
2007-10-10,9.234,401.37,31.04,157.64,212.69
2007-10-11,0.034,40.74,17.29,8.75,14.7
2007-10-12,12.607,398.04,28.34,155.01,214.68
2007-10-13,0.324,94.31,17.21,31.38,45.73
2007-10-14,1.859,263.03,15.12,107.01,140.91
2007-10-15,0.012,35.64,14.57,0.33,20.75
2007-10-16,0.004,10.13,9.18,0.0,0.95
2007-10-17,1.202,104.68,13.17,39.51,51.99
2007-10-18,0.04,51.74,17.25,12.88,21.61
2007-10-19,0.003,11.18,10.13,0.0,1.03
2007-10-20,0.002,10.07,9.11,0.0,0.93
2007-10-21,0.002,9.92,8.99,0.0,0.93
2007-10-22,0.001,9.96,9.0,0.0,0.94
2007-10-23,0.001,9.9,9.0,0.0,0.94
2007-10-24,0.001,9.96,8.92,0.0,0.93
2007-10-25,0.001,9.95,8.87,0.0,0.93
2007-10-26,0.001,9.83,8.88,0.0,0.94
2007-10-27,0.0,9.73,8.7,0.0,0.92
2007-10-28,0.0,10.13,8.94,0.0,0.94
2007-10-29,0.0,9.65,8.68,0.0,0.92
2007-10-30,0.0,9.84,8.7,0.0,0.93
2007-10-31,0.0,9.53,8.4,0.0,0.9
2007-11-01,0.0,9.79,8.84,0.0,0.95
2007-11-02,0.0,9.26,8.9,0.0,0.96
2007-11-03,0.0,8.68,7.91,0.0,0.86
2007-11-04,0.0,11.57,8.81,0.0,0.96
2007-11-05,0.0,8.68,8.07,0.0,0.89
2007-11-06,0.0,11.57,10.74,0.0,1.22
2007-11-07,0.0,11.57,13.93,0.0,1.61
2007-11-08,0.0,11.57,7.43,0.0,0.91
2007-11-09,0.0,0.0,0.0,0.0,0.0
2007-11-10,0.0,0.0,0.0,0.0,0.0
2007-11-11,0.0,0.0,0.0,0.0,0.0
2007-11-12,0.0,0.0,0.0,0.0,0.0
2007-11-13,0.0,0.0,0.0,0.0,0.0
2007-11-14,9.828,1394.08,53.69,571.62,768.77
2007-11-15,1.184,166.16,13.29,65.9,86.97
2007-11-16,0.022,62.24,16.88,14.45,30.92
2007-11-17,0.002,11.05,10.06,0.0,1.01
2007-11-18,0.003,11.76,10.77,0.0,0.94
2007-11-19,0.002,11.38,10.44,0.0,0.93
2007-11-20,0.001,9.9,9.05,0.0,0.93
2007-11-21,0.001,9.82,9.0,0.0,0.93
2007-11-22,0.001,9.78,8.97,0.0,0.93
2007-11-23,0.001,9.71,8.92,0.0,0.92
2007-11-24,0.0,9.85,9.01,0.0,0.94
2007-11-25,0.0,9.75,8.87,0.0,0.92
2007-11-26,0.0,9.77,8.81,0.0,0.92
2007-11-27,0.0,9.72,8.9,0.0,0.93
2007-11-28,0.0,9.75,8.53,0.0,0.89
2007-11-29,0.0,10.13,8.75,0.0,0.93
2007-11-30,0.0,9.47,8.7,0.0,0.9
2007-12-01,0.0,10.29,9.27,0.0,0.99
2007-12-02,0.0,10.13,8.51,0.0,0.91
2007-12-03,0.0,11.57,10.03,0.0,1.05
2007-12-04,0.0,9.26,8.01,0.0,0.9
2007-12-05,0.0,9.26,8.48,0.0,0.92
2007-12-06,1.046,66.51,9.56,24.59,32.36
2007-12-07,5.406,117.77,18.63,42.81,56.33
2007-12-08,2.416,354.73,16.75,145.92,192.06
2007-12-09,0.127,177.62,17.33,67.58,92.71
2007-12-10,0.002,15.82,11.79,0.0,4.01
2007-12-11,8.828,957.22,27.5,396.05,533.66
2007-12-12,0.289,161.44,17.0,61.79,82.65
2007-12-13,0.007,15.68,12.22,0.0,3.47
2007-12-14,0.006,12.28,11.33,0.0,0.95
2007-12-15,0.006,12.38,11.44,0.0,0.95
2007-12-16,0.004,12.86,11.92,0.0,0.94
2007-12-17,0.003,12.13,11.17,0.0,0.93
2007-12-18,0.002,11.14,10.25,0.0,0.93
2007-12-19,0.003,13.18,12.24,0.0,0.94
2007-12-20,0.212,39.23,13.77,10.75,14.71
2007-12-21,2.47,199.11,15.95,79.09,104.07
2007-12-22,9.1,708.76,28.05,289.54,391.16
2007-12-23,0.069,100.1,17.3,33.24,49.57
2007-12-24,9.566,798.01,27.08,328.5,442.42
2007-12-25,0.073,68.62,16.63,21.2,30.79
2007-12-26,0.013,13.48,12.4,0.0,1.08
2007-12-27,0.007,12.71,11.77,0.0,0.94
2007-12-28,0.008,13.11,12.14,0.0,0.95
2007-12-29,0.009,13.47,12.51,0.0,0.95
2007-12-30,0.01,13.92,12.97,0.0,0.96
2007-12-31,0.004,14.55,13.61,0.0,0.94
2008-01-01,0.001,10.62,9.74,0.0,0.9
2008-01-02,0.003,14.39,13.44,0.0,0.95
2008-01-03,0.003,14.84,13.93,0.0,0.93
2008-01-04,30.061,476.45,37.16,180.2,259.09
2008-01-05,7.279,280.75,21.79,111.74,147.21
2008-01-06,0.952,76.17,15.16,26.33,34.68
2008-01-07,1.425,94.27,13.13,35.04,46.11
2008-01-08,2.672,114.82,13.53,43.73,57.56
2008-01-09,0.309,48.18,15.57,14.05,18.56
2008-01-10,1.025,43.55,12.34,13.47,17.74
2008-01-11,0.14,19.5,14.21,2.2,3.09
2008-01-12,0.085,14.83,13.17,0.52,1.13
2008-01-13,0.074,14.76,13.21,0.42,1.13
2008-01-14,0.065,14.71,13.24,0.35,1.12
2008-01-15,0.059,14.52,13.23,0.16,1.12
2008-01-16,0.044,14.64,13.47,0.06,1.1
2008-01-17,0.032,14.3,13.23,0.01,1.06
2008-01-18,0.036,14.29,13.19,0.02,1.09
2008-01-19,0.033,14.27,13.18,0.01,1.07
2008-01-20,0.028,14.5,13.43,0.01,1.06
2008-01-21,2.334,94.51,12.68,35.33,46.49
2008-01-22,1.552,58.18,13.36,19.35,25.47
2008-01-23,2.508,97.36,14.49,35.78,47.08
2008-01-24,2.554,81.04,13.08,29.35,38.61
2008-01-25,20.862,266.03,28.99,99.74,137.31
2008-01-26,4.58,100.74,14.93,37.02,48.79
2008-01-27,9.086,236.16,25.37,91.02,119.76
2008-01-28,3.262,89.82,15.03,32.29,42.49
2008-01-29,0.5,17.11,13.46,1.58,2.07
2008-01-30,1.454,50.2,12.78,16.16,21.26
2008-01-31,5.14,183.68,19.58,70.86,93.24
2008-02-01,3.192,196.8,15.9,78.11,102.78
2008-02-02,5.095,121.66,16.7,45.33,59.64
2008-02-03,4.09,76.66,16.26,26.08,34.32
2008-02-04,0.608,18.21,13.65,1.97,2.59
2008-02-05,0.451,15.04,13.04,0.86,1.14
2008-02-06,0.386,15.0,13.0,0.86,1.14
2008-02-07,0.326,14.97,12.97,0.86,1.14
2008-02-08,0.276,14.94,12.94,0.86,1.14
2008-02-09,0.229,14.92,12.92,0.86,1.14
2008-02-10,0.195,14.83,12.87,0.83,1.14
2008-02-11,0.165,14.75,12.84,0.77,1.14
2008-02-12,0.138,14.64,12.81,0.7,1.14
2008-02-13,0.11,14.63,12.9,0.58,1.14
2008-02-14,0.065,14.29,12.82,0.35,1.11
2008-02-15,0.071,14.09,12.63,0.32,1.13
2008-02-16,0.061,14.02,12.66,0.23,1.12
2008-02-17,0.051,13.77,12.6,0.05,1.12
2008-02-18,0.043,13.69,12.57,0.02,1.1
2008-02-19,3.975,562.63,23.52,232.79,306.32
2008-02-20,4.422,218.6,18.4,86.45,113.75
2008-02-21,1.727,92.06,13.31,34.0,44.74
2008-02-22,1.382,68.18,12.74,23.94,31.5
2008-02-23,1.807,102.34,12.26,38.9,51.18
2008-02-24,4.913,91.48,15.84,32.66,42.97
2008-02-25,0.58,25.64,13.96,5.04,6.64
2008-02-26,0.243,15.11,13.08,0.87,1.15
2008-02-27,0.205,14.96,13.0,0.82,1.14
2008-02-28,0.172,14.9,12.99,0.77,1.14
2008-02-29,0.144,14.83,12.97,0.72,1.14
2008-03-01,0.113,14.74,13.03,0.58,1.13
2008-03-02,0.082,14.6,13.02,0.45,1.13
2008-03-03,0.073,14.4,12.88,0.38,1.13
2008-03-04,0.061,14.28,12.84,0.31,1.12
2008-03-05,0.05,14.01,12.82,0.08,1.11
2008-03-06,0.043,13.86,12.74,0.03,1.1
2008-03-07,0.034,13.95,12.85,0.01,1.09
2008-03-08,0.027,13.77,12.71,0.01,1.05
2008-03-09,0.022,13.72,12.68,0.0,1.03
2008-03-10,0.017,13.71,12.7,0.0,1.01
2008-03-11,0.013,13.6,12.6,0.0,0.99
2008-03-12,0.01,13.92,12.93,0.0,0.99
2008-03-13,0.006,12.84,11.92,0.0,0.94
2008-03-14,0.006,13.78,12.8,0.0,0.97
2008-03-15,0.002,12.56,11.67,0.0,0.91
2008-03-16,0.002,13.6,12.66,0.0,0.95
2008-03-17,0.001,12.6,11.67,0.0,0.93
2008-03-18,0.001,13.21,12.21,0.0,0.95
2008-03-19,0.0,12.3,11.66,0.0,0.93
2008-03-20,0.0,17.36,17.04,0.0,0.97
2008-03-21,0.0,0.0,0.0,0.0,0.0
2008-03-22,0.0,0.0,0.0,0.0,0.0
2008-03-23,0.0,0.0,0.0,0.0,0.0
2008-03-24,0.0,0.0,0.0,0.0,0.0
2008-03-25,0.0,0.0,0.0,0.0,0.0
2008-03-26,0.0,0.0,0.0,0.0,0.0
2008-03-27,0.0,0.0,0.0,0.0,0.0
2008-03-28,0.0,0.0,0.0,0.0,0.0
2008-03-29,0.0,0.0,0.0,0.0,0.0
2008-03-30,0.0,0.0,0.0,0.0,0.0
2008-03-31,0.0,0.0,0.0,0.0,0.0
2008-04-01,0.0,0.0,0.0,0.0,0.0
2008-04-02,0.0,0.0,0.0,0.0,0.0
2008-04-03,0.0,0.0,0.0,0.0,0.0
2008-04-04,0.0,0.0,0.0,0.0,0.0
2008-04-05,0.0,0.0,0.0,0.0,0.0
2008-04-06,0.0,0.0,0.0,0.0,0.0
2008-04-07,0.0,0.0,0.0,0.0,0.0
2008-04-08,0.0,0.0,0.0,0.0,0.0
2008-04-09,0.0,0.0,0.0,0.0,0.0
2008-04-10,0.0,0.0,0.0,0.0,0.0
2008-04-11,0.0,0.0,0.0,0.0,0.0
2008-04-12,0.0,0.0,0.0,0.0,0.0
2008-04-13,0.0,0.0,0.0,0.0,0.0
2008-04-14,0.0,0.0,0.0,0.0,0.0
2008-04-15,0.0,0.0,0.0,0.0,0.0
2008-04-16,0.0,0.0,0.0,0.0,0.0
2008-04-17,0.0,0.0,0.0,0.0,0.0
2008-04-18,0.0,0.0,0.0,0.0,0.0
2008-04-19,0.0,0.0,0.0,0.0,0.0
2008-04-20,0.0,0.0,0.0,0.0,0.0
2008-04-21,0.0,0.0,0.0,0.0,0.0
2008-04-22,0.0,0.0,0.0,0.0,0.0
2008-04-23,0.0,0.0,0.0,0.0,0.0
2008-04-24,0.0,0.0,0.0,0.0,0.0
2008-04-25,0.0,0.0,0.0,0.0,0.0
2008-04-26,0.0,0.0,0.0,0.0,0.0
2008-04-27,0.0,0.0,0.0,0.0,0.0
2008-04-28,0.0,0.0,0.0,0.0,0.0
2008-04-29,0.0,0.0,0.0,0.0,0.0
2008-04-30,0.0,0.0,0.0,0.0,0.0
2008-05-01,0.0,0.0,0.0,0.0,0.0
2008-05-02,0.0,0.0,0.0,0.0,0.0
2008-05-03,0.0,0.0,0.0,0.0,0.0
2008-05-04,0.0,0.0,0.0,0.0,0.0
2008-05-05,0.0,0.0,0.0,0.0,0.0
2008-05-06,0.0,0.0,0.0,0.0,0.0
2008-05-07,0.0,0.0,0.0,0.0,0.0
2008-05-08,0.0,0.0,0.0,0.0,0.0
2008-05-09,0.0,0.0,0.0,0.0,0.0
2008-05-10,0.0,0.0,0.0,0.0,0.0
2008-05-11,0.0,0.0,0.0,0.0,0.0
2008-05-12,0.0,0.0,0.0,0.0,0.0
2008-05-13,0.0,0.0,0.0,0.0,0.0
2008-05-14,0.0,0.0,0.0,0.0,0.0
2008-05-15,0.0,0.0,0.0,0.0,0.0
2008-05-16,0.0,0.0,0.0,0.0,0.0
2008-05-17,0.0,0.0,0.0,0.0,0.0
2008-05-18,0.0,0.0,0.0,0.0,0.0
2008-05-19,0.0,0.0,0.0,0.0,0.0
2008-05-20,0.0,0.0,0.0,0.0,0.0
2008-05-21,0.0,0.0,0.0,0.0,0.0
2008-05-22,0.0,0.0,0.0,0.0,0.0
2008-05-23,0.0,0.0,0.0,0.0,0.0
2008-05-24,0.0,0.0,0.0,0.0,0.0
2008-05-25,0.0,0.0,0.0,0.0,0.0
2008-05-26,0.0,0.0,0.0,0.0,0.0
2008-05-27,0.0,0.0,0.0,0.0,0.0
2008-05-28,0.0,0.0,0.0,0.0,0.0
2008-05-29,0.0,0.0,0.0,0.0,0.0
2008-05-30,0.0,0.0,0.0,0.0,0.0
2008-05-31,0.0,0.0,0.0,0.0,0.0
2008-06-01,0.0,0.0,0.0,0.0,0.0
2008-06-02,0.0,0.0,0.0,0.0,0.0
2008-06-03,0.0,0.0,0.0,0.0,0.0
2008-06-04,0.0,0.0,0.0,0.0,0.0
2008-06-05,0.0,0.0,0.0,0.0,0.0
2008-06-06,0.0,0.0,0.0,0.0,0.0
2008-06-07,0.0,0.0,0.0,0.0,0.0
2008-06-08,0.0,0.0,0.0,0.0,0.0
2008-06-09,0.0,0.0,0.0,0.0,0.0
2008-06-10,0.0,0.0,0.0,0.0,0.0
2008-06-11,0.0,0.0,0.0,0.0,0.0
2008-06-12,0.0,0.0,0.0,0.0,0.0
2008-06-13,0.0,0.0,0.0,0.0,0.0
2008-06-14,0.0,0.0,0.0,0.0,0.0
2008-06-15,0.0,0.0,0.0,0.0,0.0
2008-06-16,0.0,0.0,0.0,0.0,0.0
2008-06-17,0.0,0.0,0.0,0.0,0.0
2008-06-18,0.0,0.0,0.0,0.0,0.0
2008-06-19,0.0,0.0,0.0,0.0,0.0
2008-06-20,0.0,0.0,0.0,0.0,0.0
2008-06-21,0.0,0.0,0.0,0.0,0.0
2008-06-22,0.0,0.0,0.0,0.0,0.0
2008-06-23,0.0,0.0,0.0,0.0,0.0
2008-06-24,0.0,0.0,0.0,0.0,0.0
2008-06-25,0.0,0.0,0.0,0.0,0.0
2008-06-26,0.0,0.0,0.0,0.0,0.0
2008-06-27,0.0,0.0,0.0,0.0,0.0
2008-06-28,0.0,0.0,0.0,0.0,0.0
2008-06-29,0.0,0.0,0.0,0.0,0.0
2008-06-30,0.0,0.0,0.0,0.0,0.0
2008-07-01,0.0,0.0,0.0,0.0,0.0
2008-07-02,0.0,0.0,0.0,0.0,0.0
2008-07-03,0.0,0.0,0.0,0.0,0.0
2008-07-04,0.0,0.0,0.0,0.0,0.0
2008-07-05,0.0,0.0,0.0,0.0,0.0
2008-07-06,0.0,0.0,0.0,0.0,0.0
2008-07-07,0.0,0.0,0.0,0.0,0.0
2008-07-08,0.0,0.0,0.0,0.0,0.0
2008-07-09,0.0,0.0,0.0,0.0,0.0
2008-07-10,0.0,0.0,0.0,0.0,0.0
2008-07-11,0.0,0.0,0.0,0.0,0.0
2008-07-12,0.0,0.0,0.0,0.0,0.0
2008-07-13,0.0,0.0,0.0,0.0,0.0
2008-07-14,0.0,0.0,0.0,0.0,0.0
2008-07-15,0.0,0.0,0.0,0.0,0.0
2008-07-16,0.0,0.0,0.0,0.0,0.0
2008-07-17,0.0,0.0,0.0,0.0,0.0
2008-07-18,0.0,0.0,0.0,0.0,0.0
2008-07-19,0.0,0.0,0.0,0.0,0.0
2008-07-20,0.0,0.0,0.0,0.0,0.0
2008-07-21,0.0,0.0,0.0,0.0,0.0
2008-07-22,0.0,0.0,0.0,0.0,0.0
2008-07-23,0.0,0.0,0.0,0.0,0.0
2008-07-24,0.0,0.0,0.0,0.0,0.0
2008-07-25,0.0,0.0,0.0,0.0,0.0
2008-07-26,0.0,0.0,0.0,0.0,0.0
2008-07-27,0.0,0.0,0.0,0.0,0.0
2008-07-28,0.0,0.0,0.0,0.0,0.0
2008-07-29,0.0,0.0,0.0,0.0,0.0
2008-07-30,0.0,0.0,0.0,0.0,0.0
2008-07-31,0.0,0.0,0.0,0.0,0.0
2008-08-01,0.0,0.0,0.0,0.0,0.0
2008-08-02,0.0,0.0,0.0,0.0,0.0
2008-08-03,0.0,0.0,0.0,0.0,0.0
2008-08-04,0.0,0.0,0.0,0.0,0.0
2008-08-05,0.0,0.0,0.0,0.0,0.0
2008-08-06,0.0,0.0,0.0,0.0,0.0
2008-08-07,0.0,0.0,0.0,0.0,0.0
2008-08-08,0.0,0.0,0.0,0.0,0.0
2008-08-09,0.0,0.0,0.0,0.0,0.0
2008-08-10,0.0,0.0,0.0,0.0,0.0
2008-08-11,0.0,0.0,0.0,0.0,0.0
2008-08-12,0.0,0.0,0.0,0.0,0.0
2008-08-13,0.0,0.0,0.0,0.0,0.0
2008-08-14,0.0,0.0,0.0,0.0,0.0
2008-08-15,0.0,0.0,0.0,0.0,0.0
2008-08-16,0.0,0.0,0.0,0.0,0.0
2008-08-17,0.0,0.0,0.0,0.0,0.0
2008-08-18,0.0,0.0,0.0,0.0,0.0
2008-08-19,0.0,0.0,0.0,0.0,0.0
2008-08-20,0.0,0.0,0.0,0.0,0.0
2008-08-21,0.0,0.0,0.0,0.0,0.0
2008-08-22,0.0,0.0,0.0,0.0,0.0
2008-08-23,0.0,0.0,0.0,0.0,0.0
2008-08-24,0.0,0.0,0.0,0.0,0.0
2008-08-25,0.0,0.0,0.0,0.0,0.0
2008-08-26,0.0,0.0,0.0,0.0,0.0
2008-08-27,0.0,0.0,0.0,0.0,0.0
2008-08-28,0.0,0.0,0.0,0.0,0.0
2008-08-29,0.0,0.0,0.0,0.0,0.0
2008-08-30,0.0,0.0,0.0,0.0,0.0
2008-08-31,0.0,0.0,0.0,0.0,0.0
2008-09-01,0.0,0.0,0.0,0.0,0.0
2008-09-02,0.0,0.0,0.0,0.0,0.0
2008-09-03,0.0,0.0,0.0,0.0,0.0
2008-09-04,0.0,0.0,0.0,0.0,0.0
2008-09-05,0.0,0.0,0.0,0.0,0.0
2008-09-06,0.0,0.0,0.0,0.0,0.0
2008-09-07,0.0,0.0,0.0,0.0,0.0
2008-09-08,0.0,0.0,0.0,0.0,0.0
2008-09-09,0.0,0.0,0.0,0.0,0.0
2008-09-10,0.0,0.0,0.0,0.0,0.0
2008-09-11,0.0,0.0,0.0,0.0,0.0
2008-09-12,0.0,0.0,0.0,0.0,0.0
2008-09-13,0.0,0.0,0.0,0.0,0.0
2008-09-14,0.0,0.0,0.0,0.0,0.0
2008-09-15,0.0,0.0,0.0,0.0,0.0
2008-09-16,0.0,0.0,0.0,0.0,0.0
2008-09-17,0.0,0.0,0.0,0.0,0.0
2008-09-18,0.0,0.0,0.0,0.0,0.0
2008-09-19,0.0,0.0,0.0,0.0,0.0
2008-09-20,0.0,0.0,0.0,0.0,0.0
2008-09-21,0.0,0.0,0.0,0.0,0.0
2008-09-22,0.0,0.0,0.0,0.0,0.0
2008-09-23,0.0,0.0,0.0,0.0,0.0
2008-09-24,0.0,0.0,0.0,0.0,0.0
2008-09-25,0.0,0.0,0.0,0.0,0.0
2008-09-26,0.0,0.0,0.0,0.0,0.0
2008-09-27,0.0,0.0,0.0,0.0,0.0
2008-09-28,0.0,0.0,0.0,0.0,0.0
2008-09-29,0.0,0.0,0.0,0.0,0.0
2008-09-30,0.0,0.0,0.0,0.0,0.0
2008-10-01,0.0,0.0,0.0,0.0,0.0
2008-10-02,0.0,0.0,0.0,0.0,0.0
2008-10-03,0.0,0.0,0.0,0.0,0.0
2008-10-04,7.718,993.23,29.15,410.39,553.68
2008-10-05,0.037,140.21,17.88,46.05,76.28
2008-10-06,0.001,12.74,10.74,0.0,2.09
2008-10-07,0.001,10.03,9.13,0.0,0.93
2008-10-08,0.001,9.92,9.11,0.0,0.93
2008-10-09,0.0,10.16,9.16,0.0,0.93
2008-10-10,0.0,9.97,9.16,0.0,0.92
2008-10-11,0.0,9.77,8.9,0.0,0.92
2008-10-12,0.0,9.92,8.99,0.0,0.93
2008-10-13,0.0,10.19,9.08,0.0,0.94
2008-10-14,0.0,10.06,9.02,0.0,0.93
2008-10-15,0.0,10.36,9.45,0.0,0.97
2008-10-16,0.0,10.21,8.8,0.0,0.91
2008-10-17,0.0,10.75,9.1,0.0,0.93
2008-10-18,0.0,9.47,8.69,0.0,0.89
2008-10-19,0.0,10.42,9.1,0.0,0.94
2008-10-20,0.0,10.13,9.29,0.0,0.96
2008-10-21,0.0,9.92,9.43,0.0,0.97
2008-10-22,0.0,9.26,9.54,0.0,0.97
2008-10-23,0.0,11.57,9.02,0.0,0.92
2008-10-24,0.0,11.57,10.46,0.0,1.07
2008-10-25,0.0,7.72,8.67,0.0,0.89
2008-10-26,0.0,7.72,6.67,0.0,0.68
2008-10-27,0.0,23.15,13.49,0.0,1.36
2008-10-28,0.0,0.0,9.03,0.0,0.92
2008-10-29,0.0,0.0,0.0,0.0,0.0
2008-10-30,0.0,0.0,0.0,0.0,0.0
2008-10-31,0.0,0.0,0.0,0.0,0.0
2008-11-01,22.546,430.56,32.85,165.54,232.17
2008-11-02,0.945,63.99,13.44,20.93,29.63
2008-11-03,7.545,203.01,20.32,78.89,103.8
2008-11-04,2.062,76.09,13.87,26.87,35.35
2008-11-05,0.08,49.91,16.87,13.56,19.48
2008-11-06,0.007,11.31,10.27,0.0,1.03
2008-11-07,0.008,11.77,10.81,0.0,0.96
2008-11-08,0.006,11.97,11.03,0.0,0.95
2008-11-09,0.003,9.85,8.96,0.0,0.92
2008-11-10,0.003,11.54,10.61,0.0,0.94
2008-11-11,0.002,11.57,10.64,0.0,0.94
2008-11-12,0.002,10.7,9.77,0.0,0.92
2008-11-13,0.001,10.34,9.44,0.0,0.93
2008-11-14,0.001,9.75,8.86,0.0,0.93
2008-11-15,0.001,9.71,8.76,0.0,0.94
2008-11-16,0.0,9.6,8.52,0.0,0.92
2008-11-17,0.0,9.65,8.64,0.0,0.93
2008-11-18,0.0,9.51,8.65,0.0,0.94
2008-11-19,0.0,9.47,8.51,0.0,0.93
2008-11-20,0.0,8.85,8.39,0.0,0.91
2008-11-21,0.0,8.9,8.03,0.0,0.87
2008-11-22,0.0,10.29,8.61,0.0,0.96
2008-11-23,0.0,9.92,8.63,0.0,0.96
2008-11-24,0.0,9.26,8.64,0.0,0.97
2008-11-25,0.0,8.68,6.58,0.0,0.74
2008-11-26,0.272,39.96,15.16,10.68,14.12
2008-11-27,0.051,34.94,19.38,6.4,9.15
2008-11-28,0.0,19.61,18.61,0.0,0.9
2008-11-29,0.0,16.72,15.04,0.0,0.94
2008-11-30,0.0,17.36,15.43,0.0,0.95
2008-12-01,0.0,17.36,13.51,0.0,0.98
2008-12-02,0.0,11.57,18.35,0.0,1.32
2008-12-03,0.0,11.57,11.7,0.0,0.75
2008-12-04,0.0,0.0,0.0,0.0,0.0
2008-12-05,0.0,0.0,0.0,0.0,0.0
2008-12-06,0.0,0.0,0.0,0.0,0.0
2008-12-07,0.0,0.0,0.0,0.0,0.0
2008-12-08,0.0,0.0,0.0,0.0,0.0
2008-12-09,0.0,0.0,0.0,0.0,0.0
2008-12-10,0.0,0.0,0.0,0.0,0.0
2008-12-11,0.0,0.0,0.0,0.0,0.0
2008-12-12,0.0,0.0,0.0,0.0,0.0
2008-12-13,0.0,0.0,0.0,0.0,0.0
2008-12-14,4.505,215.89,20.73,84.27,110.89
2008-12-15,2.568,71.13,13.77,24.77,32.59
2008-12-16,3.414,129.89,15.36,49.45,65.07
2008-12-17,0.05,54.9,17.34,14.75,22.81
2008-12-18,0.002,11.41,10.28,0.0,1.12
2008-12-19,2.478,173.76,15.42,68.37,89.97
2008-12-20,0.033,52.74,16.87,13.17,22.7
2008-12-21,2.804,90.79,13.44,33.4,43.95
2008-12-22,1.006,63.22,14.98,20.8,27.44
2008-12-23,0.537,73.19,13.04,25.83,34.31
2008-12-24,1.499,71.61,12.81,25.37,33.42
2008-12-25,7.436,209.19,20.41,81.52,107.26
2008-12-26,0.062,44.34,17.0,11.02,16.32
2008-12-27,0.009,12.98,11.98,0.0,1.0
2008-12-28,0.009,12.89,11.94,0.0,0.95
2008-12-29,0.009,13.17,12.2,0.0,0.96
2008-12-30,0.008,13.38,12.42,0.0,0.95
2008-12-31,0.006,13.35,12.4,0.0,0.95
2009-01-01,0.005,13.61,12.69,0.0,0.94
2009-01-02,0.02,17.32,14.5,0.4,2.42
2009-01-03,0.007,18.42,17.08,0.0,1.34
2009-01-04,0.001,13.97,13.08,0.0,0.88
2009-01-05,0.001,12.57,11.64,0.0,0.9
2009-01-06,0.002,13.1,12.18,0.0,0.94
2009-01-07,0.003,14.01,13.08,0.0,0.94
2009-01-08,0.003,14.36,13.4,0.0,0.93
2009-01-09,0.002,15.24,14.37,0.0,0.93
2009-01-10,0.0,10.52,10.13,0.0,0.85
2009-01-11,0.0,9.0,8.39,0.0,0.91
2009-01-12,0.0,6.94,7.98,0.0,0.85
2009-01-13,0.0,8.68,7.08,0.0,0.8
2009-01-14,0.0,7.72,7.67,0.0,0.87
2009-01-15,0.0,11.57,13.89,0.0,1.55
2009-01-16,0.0,0.0,0.0,0.0,0.0
2009-01-17,0.0,0.0,0.0,0.0,0.0
2009-01-18,0.0,0.0,0.0,0.0,0.0
2009-01-19,0.0,0.0,0.0,0.0,0.0
2009-01-20,0.0,0.0,0.0,0.0,0.0
2009-01-21,0.145,14.38,1.56,5.53,7.29
2009-01-22,7.739,194.02,21.75,74.39,97.88
2009-01-23,1.838,50.87,12.51,16.56,21.8
2009-01-24,0.198,44.97,16.55,12.1,16.31
2009-01-25,0.003,14.18,12.84,0.0,1.33
2009-01-26,0.002,12.78,11.84,0.0,0.93
2009-01-27,0.002,12.1,11.14,0.0,0.92
2009-01-28,0.003,13.01,12.07,0.0,0.93
2009-01-29,0.002,13.84,12.93,0.0,0.95
2009-01-30,0.001,12.56,11.65,0.0,0.91
2009-01-31,0.001,13.72,12.83,0.0,0.93
2009-02-01,0.001,12.49,11.64,0.0,0.92
2009-02-02,0.0,10.08,9.11,0.0,0.93
2009-02-03,0.0,10.13,9.2,0.0,0.96
2009-02-04,0.0,9.84,8.9,0.0,0.93
2009-02-05,0.0,9.53,9.17,0.0,0.97
2009-02-06,2.736,109.54,14.18,41.18,54.18
2009-02-07,0.718,82.23,15.2,28.89,38.15
2009-02-08,1.154,128.23,11.42,50.43,66.38
2009-02-09,0.704,98.99,16.35,35.65,47.0
2009-02-10,0.052,4.28,3.37,0.02,0.89
2009-02-11,3.408,174.9,14.38,69.32,91.2
2009-02-12,0.977,84.95,15.28,30.06,39.61
2009-02-13,7.713,204.34,18.04,80.45,105.86
2009-02-14,2.284,92.05,16.81,32.48,42.75
2009-02-15,18.673,221.21,24.57,84.74,111.91
2009-02-16,12.892,207.32,26.51,77.95,102.85
2009-02-17,14.972,183.71,22.31,69.7,91.7
2009-02-18,0.998,62.66,15.78,20.24,26.63
2009-02-19,0.246,15.51,13.37,0.92,1.23
2009-02-20,0.212,15.27,13.33,0.81,1.14
2009-02-21,0.186,15.29,13.37,0.77,1.14
2009-02-22,14.049,195.9,22.96,74.45,98.49
2009-02-23,3.875,100.04,16.52,36.06,47.46
2009-02-24,4.21,162.55,21.84,60.76,79.95
2009-02-25,0.426,17.12,13.64,1.51,1.98
2009-02-26,1.533,41.66,12.56,12.57,16.53
2009-02-27,0.334,16.14,13.5,1.14,1.5
2009-02-28,0.265,15.3,13.3,0.86,1.14
2009-03-01,2.696,114.17,15.04,42.81,56.32
2009-03-02,10.065,204.25,23.45,78.06,102.74
2009-03-03,10.406,183.8,20.18,70.65,92.96
2009-03-04,1.964,54.69,16.08,16.67,21.94
2009-03-05,7.735,236.07,22.33,92.08,121.65
2009-03-06,0.742,17.23,13.43,1.64,2.16
2009-03-07,0.594,15.19,13.19,0.86,1.14
2009-03-08,0.487,15.16,13.16,0.86,1.14
2009-03-09,0.384,15.14,13.15,0.86,1.14
2009-03-10,0.321,15.05,13.05,0.86,1.14
2009-03-11,0.267,15.0,13.0,0.86,1.14
2009-03-12,0.221,14.93,12.95,0.84,1.14
2009-03-13,0.18,14.83,12.91,0.79,1.14
2009-03-14,0.145,14.76,12.87,0.75,1.14
2009-03-15,0.13,14.47,12.71,0.62,1.14
2009-03-16,0.112,14.4,12.67,0.59,1.14
2009-03-17,0.085,14.26,12.71,0.42,1.13
2009-03-18,0.064,14.1,12.64,0.33,1.12
2009-03-19,0.05,13.73,12.54,0.08,1.12
2009-03-20,0.041,13.57,12.44,0.02,1.1
2009-03-21,0.031,13.6,12.51,0.01,1.08
2009-03-22,1.211,58.49,13.16,19.56,25.77
2009-03-23,0.044,20.59,14.59,2.19,3.81
2009-03-24,0.028,13.83,12.77,0.01,1.06
2009-03-25,0.022,13.97,12.92,0.01,1.04
2009-03-26,0.017,13.72,12.7,0.0,1.01
2009-03-27,0.013,13.69,12.69,0.0,1.0
2009-03-28,0.01,13.66,12.68,0.0,0.98
2009-03-29,0.006,13.99,13.0,0.0,0.97
2009-03-30,0.0,9.92,9.15,0.0,0.68
2009-03-31,0.001,12.33,11.37,0.0,0.97
2009-04-01,0.0,13.89,13.88,0.0,0.82
2009-04-02,0.0,0.0,0.0,0.0,0.0
2009-04-03,0.0,0.0,0.0,0.0,0.0
2009-04-04,0.0,0.0,0.0,0.0,0.0
2009-04-05,0.0,0.0,0.0,0.0,0.0
2009-04-06,0.0,0.0,0.0,0.0,0.0
2009-04-07,1.965,85.43,12.39,31.53,41.51
2009-04-08,3.157,110.88,15.14,41.34,54.39
2009-04-09,0.08,36.72,15.98,8.47,12.27
2009-04-10,0.027,14.92,13.81,0.02,1.1
2009-04-11,0.021,14.62,13.57,0.01,1.05
2009-04-12,0.019,14.6,13.57,0.01,1.03
2009-04-13,0.014,14.97,13.94,0.0,1.02
2009-04-14,0.004,17.03,16.08,0.0,0.97
2009-04-15,0.002,15.05,14.11,0.0,0.9
2009-04-16,0.004,16.04,15.09,0.0,0.96
2009-04-17,0.002,16.92,15.99,0.0,0.94
2009-04-18,0.001,17.62,16.69,0.0,0.94
2009-04-19,0.0,18.19,17.92,0.0,0.85
2009-04-20,0.0,0.0,0.0,0.0,0.0
2009-04-21,0.0,0.0,0.0,0.0,0.0
2009-04-22,0.0,0.0,0.0,0.0,0.0
2009-04-23,0.0,0.0,0.0,0.0,0.0
2009-04-24,0.0,0.0,0.0,0.0,0.0
2009-04-25,0.0,0.0,0.0,0.0,0.0
2009-04-26,0.0,0.0,0.0,0.0,0.0
2009-04-27,0.0,0.0,0.0,0.0,0.0
2009-04-28,0.0,0.0,0.0,0.0,0.0
2009-04-29,0.0,0.0,0.0,0.0,0.0
2009-04-30,0.0,0.0,0.0,0.0,0.0
2009-05-01,3.572,152.68,17.95,58.18,76.55
2009-05-02,2.621,136.24,14.98,52.36,68.9
2009-05-03,0.531,50.93,13.11,16.28,21.54
2009-05-04,0.039,21.86,15.14,2.23,4.49
2009-05-05,3.186,99.73,13.45,37.26,49.02
2009-05-06,0.069,32.32,16.08,6.57,9.68
2009-05-07,0.022,14.41,13.34,0.01,1.07
2009-05-08,0.017,14.38,13.36,0.0,1.02
2009-05-09,0.013,14.55,13.55,0.0,1.0
2009-05-10,0.009,15.08,14.09,0.0,0.99
2009-05-11,0.004,15.71,14.76,0.0,0.94
2009-05-12,0.003,15.82,14.89,0.0,0.95
2009-05-13,0.001,16.52,15.55,0.0,0.94
2009-05-14,0.0,10.68,9.43,0.0,0.87
2009-05-15,0.0,10.29,9.31,0.0,0.99
2009-05-16,0.0,9.65,9.15,0.0,0.98
2009-05-17,0.0,8.68,7.11,0.0,0.76
2009-05-18,0.0,0.0,0.0,0.0,0.0
2009-05-19,0.0,0.0,0.0,0.0,0.0
2009-05-20,0.0,0.0,0.0,0.0,0.0
2009-05-21,0.0,0.0,0.0,0.0,0.0
2009-05-22,0.0,0.0,0.0,0.0,0.0
2009-05-23,0.0,0.0,0.0,0.0,0.0
2009-05-24,0.0,0.0,0.0,0.0,0.0
2009-05-25,0.0,0.0,0.0,0.0,0.0
2009-05-26,0.0,0.0,0.0,0.0,0.0
2009-05-27,0.0,0.0,0.0,0.0,0.0
2009-05-28,0.0,0.0,0.0,0.0,0.0
2009-05-29,0.0,0.0,0.0,0.0,0.0
2009-05-30,0.0,0.0,0.0,0.0,0.0
2009-05-31,0.0,0.0,0.0,0.0,0.0
2009-06-01,0.0,0.0,0.0,0.0,0.0
2009-06-02,0.0,0.0,0.0,0.0,0.0
2009-06-03,0.0,0.0,0.0,0.0,0.0
2009-06-04,0.0,0.0,0.0,0.0,0.0
2009-06-05,0.0,0.0,0.0,0.0,0.0
2009-06-06,0.0,0.0,0.0,0.0,0.0
2009-06-07,0.0,0.0,0.0,0.0,0.0
2009-06-08,0.0,0.0,0.0,0.0,0.0
2009-06-09,0.0,0.0,0.0,0.0,0.0
2009-06-10,0.0,0.0,0.0,0.0,0.0
2009-06-11,0.0,0.0,0.0,0.0,0.0
2009-06-12,0.0,0.0,0.0,0.0,0.0
2009-06-13,0.0,0.0,0.0,0.0,0.0
2009-06-14,0.0,0.0,0.0,0.0,0.0
2009-06-15,0.0,0.0,0.0,0.0,0.0
2009-06-16,0.0,0.0,0.0,0.0,0.0
2009-06-17,0.0,0.0,0.0,0.0,0.0
2009-06-18,0.0,0.0,0.0,0.0,0.0
2009-06-19,0.0,0.0,0.0,0.0,0.0
2009-06-20,0.0,0.0,0.0,0.0,0.0
2009-06-21,0.0,0.0,0.0,0.0,0.0
2009-06-22,0.0,0.0,0.0,0.0,0.0
2009-06-23,0.0,0.0,0.0,0.0,0.0
2009-06-24,0.0,0.0,0.0,0.0,0.0
2009-06-25,0.0,0.0,0.0,0.0,0.0
2009-06-26,0.0,0.0,0.0,0.0,0.0
2009-06-27,0.0,0.0,0.0,0.0,0.0
2009-06-28,0.0,0.0,0.0,0.0,0.0
2009-06-29,0.0,0.0,0.0,0.0,0.0
2009-06-30,0.0,0.0,0.0,0.0,0.0
2009-07-01,0.0,0.0,0.0,0.0,0.0
2009-07-02,0.0,0.0,0.0,0.0,0.0
2009-07-03,0.0,0.0,0.0,0.0,0.0
2009-07-04,0.0,0.0,0.0,0.0,0.0
2009-07-05,0.0,0.0,0.0,0.0,0.0
2009-07-06,0.0,0.0,0.0,0.0,0.0
2009-07-07,0.0,0.0,0.0,0.0,0.0
2009-07-08,0.0,0.0,0.0,0.0,0.0
2009-07-09,0.0,0.0,0.0,0.0,0.0
2009-07-10,0.0,0.0,0.0,0.0,0.0
2009-07-11,0.0,0.0,0.0,0.0,0.0
2009-07-12,0.0,0.0,0.0,0.0,0.0
2009-07-13,0.0,0.0,0.0,0.0,0.0
2009-07-14,0.0,0.0,0.0,0.0,0.0
2009-07-15,0.0,0.0,0.0,0.0,0.0
2009-07-16,0.0,0.0,0.0,0.0,0.0
2009-07-17,0.0,0.0,0.0,0.0,0.0
2009-07-18,0.0,0.0,0.0,0.0,0.0
2009-07-19,0.0,0.0,0.0,0.0,0.0
2009-07-20,0.0,0.0,0.0,0.0,0.0
2009-07-21,0.0,0.0,0.0,0.0,0.0
2009-07-22,0.0,0.0,0.0,0.0,0.0
2009-07-23,0.0,0.0,0.0,0.0,0.0
2009-07-24,0.0,0.0,0.0,0.0,0.0
2009-07-25,0.0,0.0,0.0,0.0,0.0
2009-07-26,0.0,0.0,0.0,0.0,0.0
2009-07-27,0.0,0.0,0.0,0.0,0.0
2009-07-28,0.0,0.0,0.0,0.0,0.0
2009-07-29,0.0,0.0,0.0,0.0,0.0
2009-07-30,0.0,0.0,0.0,0.0,0.0
2009-07-31,0.0,0.0,0.0,0.0,0.0
2009-08-01,0.0,0.0,0.0,0.0,0.0
2009-08-02,0.0,0.0,0.0,0.0,0.0
2009-08-03,0.0,0.0,0.0,0.0,0.0
2009-08-04,0.0,0.0,0.0,0.0,0.0
2009-08-05,0.0,0.0,0.0,0.0,0.0
2009-08-06,0.0,0.0,0.0,0.0,0.0
2009-08-07,0.0,0.0,0.0,0.0,0.0
2009-08-08,0.0,0.0,0.0,0.0,0.0
2009-08-09,0.0,0.0,0.0,0.0,0.0
2009-08-10,0.0,0.0,0.0,0.0,0.0
2009-08-11,0.0,0.0,0.0,0.0,0.0
2009-08-12,0.0,0.0,0.0,0.0,0.0
2009-08-13,0.0,0.0,0.0,0.0,0.0
2009-08-14,0.0,0.0,0.0,0.0,0.0
2009-08-15,0.0,0.0,0.0,0.0,0.0
2009-08-16,0.0,0.0,0.0,0.0,0.0
2009-08-17,0.0,0.0,0.0,0.0,0.0
2009-08-18,0.0,0.0,0.0,0.0,0.0
2009-08-19,0.0,0.0,0.0,0.0,0.0
2009-08-20,0.0,0.0,0.0,0.0,0.0
2009-08-21,0.0,0.0,0.0,0.0,0.0
2009-08-22,0.0,0.0,0.0,0.0,0.0
2009-08-23,0.0,0.0,0.0,0.0,0.0
2009-08-24,0.0,0.0,0.0,0.0,0.0
2009-08-25,0.0,0.0,0.0,0.0,0.0
2009-08-26,0.0,0.0,0.0,0.0,0.0
2009-08-27,0.0,0.0,0.0,0.0,0.0
2009-08-28,0.0,0.0,0.0,0.0,0.0
2009-08-29,0.0,0.0,0.0,0.0,0.0
2009-08-30,0.0,0.0,0.0,0.0,0.0
2009-08-31,0.0,0.0,0.0,0.0,0.0
2009-09-01,0.0,0.0,0.0,0.0,0.0
2009-09-02,0.0,0.0,0.0,0.0,0.0
2009-09-03,0.0,0.0,0.0,0.0,0.0
2009-09-04,0.0,0.0,0.0,0.0,0.0
2009-09-05,0.0,0.0,0.0,0.0,0.0
2009-09-06,0.0,0.0,0.0,0.0,0.0
2009-09-07,0.0,0.0,0.0,0.0,0.0
2009-09-08,0.0,0.0,0.0,0.0,0.0
2009-09-09,0.0,0.0,0.0,0.0,0.0
2009-09-10,0.0,0.0,0.0,0.0,0.0
2009-09-11,0.0,0.0,0.0,0.0,0.0
2009-09-12,0.0,0.0,0.0,0.0,0.0
2009-09-13,0.0,0.0,0.0,0.0,0.0
2009-09-14,3.791,279.69,18.52,112.78,148.39
2009-09-15,0.047,101.99,17.81,33.05,51.13
2009-09-16,0.0,17.11,13.96,0.0,3.2
2009-09-17,0.0,9.92,9.08,0.0,0.91
2009-09-18,0.0,10.21,9.19,0.0,0.91
2009-09-19,0.0,9.92,8.96,0.0,0.91
2009-09-20,0.0,8.9,8.72,0.0,0.88
2009-09-21,0.0,9.26,9.07,0.0,0.92
2009-09-22,0.0,10.13,9.35,0.0,0.95
2009-09-23,0.0,11.57,9.41,0.0,0.95
2009-09-24,0.0,11.57,10.07,0.0,1.01
2009-09-25,0.0,11.57,11.04,0.0,1.12
2009-09-26,0.0,11.57,8.62,0.0,0.86
2009-09-27,0.0,7.72,7.37,0.0,0.71
2009-09-28,0.0,0.0,0.0,0.0,0.0
2009-09-29,0.0,0.0,0.0,0.0,0.0
2009-09-30,0.0,0.0,0.0,0.0,0.0
2009-10-01,0.0,0.0,0.0,0.0,0.0
2009-10-02,0.0,0.0,0.0,0.0,0.0
2009-10-03,0.0,0.0,0.0,0.0,0.0
2009-10-04,0.0,0.0,0.0,0.0,0.0
2009-10-05,0.0,0.0,0.0,0.0,0.0
2009-10-06,0.0,0.0,0.0,0.0,0.0
2009-10-07,0.0,0.0,0.0,0.0,0.0
2009-10-08,0.0,0.0,0.0,0.0,0.0
2009-10-09,0.0,0.0,0.0,0.0,0.0
2009-10-10,0.0,0.0,0.0,0.0,0.0
2009-10-11,0.0,0.0,0.0,0.0,0.0
2009-10-12,0.0,0.0,0.0,0.0,0.0
2009-10-13,45.318,677.07,43.19,263.49,370.4
2009-10-14,1.905,141.97,14.33,54.61,73.04
2009-10-15,0.053,38.09,14.24,8.98,14.87
2009-10-16,0.019,11.94,10.92,0.0,1.02
2009-10-17,0.015,12.08,11.09,0.0,0.99
2009-10-18,0.011,12.03,11.06,0.0,0.97
2009-10-19,7.432,977.96,29.08,404.24,544.63
2009-10-20,0.526,166.95,15.85,64.41,86.69
2009-10-21,0.022,16.57,13.15,0.01,3.41
2009-10-22,0.013,12.95,11.97,0.0,0.98
2009-10-23,0.01,13.09,12.12,0.0,0.97
2009-10-24,0.008,13.17,12.21,0.0,0.96
2009-10-25,0.006,13.5,12.55,0.0,0.96
2009-10-26,0.004,13.73,12.79,0.0,0.95
2009-10-27,0.001,10.29,9.36,0.0,0.88
2009-10-28,0.0,9.58,8.53,0.0,0.93
2009-10-29,0.0,9.56,8.56,0.0,0.94
2009-10-30,0.0,9.53,8.48,0.0,0.94
2009-10-31,0.0,8.68,8.14,0.0,0.91
2009-11-01,0.0,9.92,8.94,0.0,1.01
2009-11-02,0.0,6.94,7.11,0.0,0.8
2009-11-03,0.0,5.79,8.29,0.0,1.0
2009-11-04,0.0,0.0,4.95,0.0,0.69
2009-11-05,0.0,0.0,0.0,0.0,0.0
2009-11-06,0.0,0.0,0.0,0.0,0.0
2009-11-07,0.0,0.0,0.0,0.0,0.0
2009-11-08,0.0,0.0,0.0,0.0,0.0
2009-11-09,0.0,0.0,0.0,0.0,0.0
2009-11-10,0.0,0.0,0.0,0.0,0.0
2009-11-11,0.0,0.0,0.0,0.0,0.0
2009-11-12,0.0,0.0,0.0,0.0,0.0
2009-11-13,0.0,0.0,0.0,0.0,0.0
2009-11-14,0.0,0.0,0.0,0.0,0.0
2009-11-15,0.0,0.0,0.0,0.0,0.0
2009-11-16,0.0,0.0,0.0,0.0,0.0
2009-11-17,0.0,0.0,0.0,0.0,0.0
2009-11-18,0.0,0.0,0.0,0.0,0.0
2009-11-19,0.0,0.0,0.0,0.0,0.0
2009-11-20,0.933,110.57,14.89,41.32,54.37
2009-11-21,0.071,60.37,17.37,17.52,25.48
2009-11-22,0.001,17.36,15.19,0.0,2.13
2009-11-23,0.0,14.03,12.9,0.0,0.91
2009-11-24,0.0,12.54,11.36,0.0,0.95
2009-11-25,0.0,9.92,9.44,0.0,0.92
2009-11-26,0.0,7.72,8.45,0.0,0.82
2009-11-27,0.0,11.57,10.88,0.0,0.98
2009-11-28,0.0,0.0,0.0,0.0,0.0
2009-11-29,0.0,0.0,0.0,0.0,0.0
2009-11-30,0.0,11.57,12.69,0.0,1.14
2009-12-01,0.0,11.57,10.56,0.0,0.96
2009-12-02,0.0,0.0,0.0,0.0,0.0
2009-12-03,0.0,0.0,0.0,0.0,0.0
2009-12-04,0.0,0.0,0.0,0.0,0.0
2009-12-05,0.0,0.0,0.0,0.0,0.0
2009-12-06,0.436,24.64,4.07,8.88,11.68
2009-12-07,6.413,146.6,18.92,55.14,72.55
2009-12-08,0.087,65.14,17.17,19.91,28.06
2009-12-09,0.002,13.48,11.84,0.0,1.58
2009-12-10,0.001,10.05,9.21,0.0,0.94
2009-12-11,3.155,107.97,13.9,40.62,53.46
2009-12-12,6.889,169.78,17.53,65.74,86.5
2009-12-13,5.994,112.86,16.42,41.64,54.79
2009-12-14,0.407,54.16,16.57,16.16,21.43
2009-12-15,0.018,14.39,13.04,0.0,1.34
2009-12-16,0.015,13.19,12.21,0.0,0.98
2009-12-17,0.015,13.43,12.44,0.0,0.98
2009-12-18,0.013,13.52,12.55,0.0,0.97
2009-12-19,0.012,13.59,12.62,0.0,0.97
2009-12-20,0.011,13.66,12.7,0.0,0.96
2009-12-21,0.009,14.21,13.25,0.0,0.97
2009-12-22,0.002,13.47,12.6,0.0,0.86
2009-12-23,0.003,13.16,12.24,0.0,0.93
2009-12-24,0.004,14.53,13.59,0.0,0.94
2009-12-25,0.003,14.3,13.38,0.0,0.94
2009-12-26,1.516,48.93,7.12,18.06,23.76
2009-12-27,2.996,197.95,19.99,76.84,101.12
2009-12-28,0.032,51.67,16.74,12.56,22.37
2009-12-29,0.028,10.05,6.21,1.54,2.3
2009-12-30,0.589,67.0,14.7,22.51,29.79
2009-12-31,0.015,22.93,15.51,0.68,6.75
2010-01-01,0.007,14.18,13.23,0.0,0.95
2010-01-02,0.008,14.16,13.19,0.0,0.96
2010-01-03,0.007,14.22,13.28,0.0,0.95
2010-01-04,0.006,14.28,13.32,0.0,0.95
2010-01-05,0.005,14.49,13.56,0.0,0.94
2010-01-06,0.004,14.74,13.81,0.0,0.94
2010-01-07,0.003,14.32,13.37,0.0,0.94
2010-01-08,0.003,14.85,13.91,0.0,0.94
2010-01-09,0.003,15.22,14.29,0.0,0.93
2010-01-10,0.002,15.5,14.54,0.0,0.93
2010-01-11,0.0,16.08,15.23,0.0,0.9
2010-01-12,1.508,57.05,10.17,20.22,26.66
2010-01-13,1.976,164.99,15.4,64.59,85.0
2010-01-14,0.036,45.46,16.58,10.58,18.3
2010-01-15,0.004,14.68,13.68,0.0,0.99
2010-01-16,0.003,14.69,13.74,0.0,0.93
2010-01-17,0.069,13.1,4.61,3.54,4.95
2010-01-18,10.233,378.62,27.21,147.83,203.59
2010-01-19,16.704,331.18,28.11,127.5,175.57
2010-01-20,21.231,1310.63,42.24,539.8,728.58
2010-01-21,7.775,192.22,21.4,73.75,97.06
2010-01-22,4.483,84.69,14.58,30.27,39.83
2010-01-23,4.133,93.91,15.02,34.07,44.82
2010-01-24,0.347,23.31,13.95,4.04,5.32
2010-01-25,5.046,99.06,13.61,36.9,48.55
2010-01-26,5.609,185.55,18.73,72.04,94.78
2010-01-27,0.447,29.58,14.12,6.68,8.79
2010-01-28,0.297,15.15,13.13,0.87,1.15
2010-01-29,1.545,105.02,11.73,40.28,53.0
2010-01-30,1.003,58.72,14.63,19.04,25.05
2010-01-31,0.247,15.69,13.25,1.05,1.39
2010-02-01,0.21,15.06,13.07,0.86,1.14
2010-02-02,0.187,14.98,13.04,0.81,1.14
2010-02-03,0.161,14.94,13.06,0.75,1.14
2010-02-04,1.033,100.72,10.83,38.8,51.09
2010-02-05,1.001,89.53,15.67,31.9,41.97
2010-02-06,6.099,211.65,17.8,83.71,110.14
2010-02-07,0.29,23.06,14.22,3.81,5.03
2010-02-08,0.19,15.06,13.12,0.8,1.14
2010-02-09,2.21,108.15,14.22,40.56,53.37
2010-02-10,0.207,18.26,13.56,1.99,2.7
2010-02-11,0.165,14.99,13.1,0.74,1.14
2010-02-12,0.141,14.86,13.08,0.64,1.13
2010-02-13,0.123,14.83,13.07,0.62,1.14
2010-02-14,0.106,14.79,13.06,0.59,1.13
2010-02-15,0.09,14.68,13.06,0.5,1.13
2010-02-16,0.076,14.59,13.05,0.41,1.13
2010-02-17,0.063,14.51,13.04,0.34,1.12
2010-02-18,0.055,14.21,12.99,0.11,1.12
2010-02-19,0.046,14.08,12.94,0.04,1.1
2010-02-20,0.038,14.06,12.95,0.02,1.09
2010-02-21,1.26,103.5,12.04,39.48,51.98
2010-02-22,1.645,118.94,14.44,45.12,59.38
2010-02-23,8.908,176.42,20.91,67.15,88.36
2010-02-24,3.792,109.74,17.1,40.0,52.63
2010-02-25,0.313,19.24,13.7,2.39,3.14
2010-02-26,5.412,334.04,22.23,134.65,177.16
2010-02-27,3.338,134.36,16.12,51.06,67.18
2010-02-28,0.373,17.57,13.46,1.77,2.33
2010-03-01,0.291,15.12,13.12,0.86,1.14
2010-03-02,3.544,165.15,15.85,64.47,84.83
2010-03-03,11.035,315.84,24.06,124.3,167.48
2010-03-04,1.545,49.84,13.75,15.58,20.52
2010-03-05,0.508,15.61,13.15,1.06,1.4
2010-03-06,0.416,15.01,13.01,0.86,1.14
2010-03-07,0.343,14.99,12.99,0.86,1.14
2010-03-08,0.28,14.99,12.99,0.86,1.14
2010-03-09,0.22,14.95,12.97,0.84,1.13
2010-03-10,0.186,14.8,12.87,0.8,1.14
2010-03-11,0.165,14.72,12.81,0.77,1.14
2010-03-12,7.16,235.98,23.43,91.78,120.77
2010-03-13,0.681,50.07,15.26,15.03,19.78
2010-03-14,0.272,15.15,13.06,0.9,1.18
2010-03-15,0.226,14.97,12.99,0.84,1.14
2010-03-16,0.193,14.88,12.93,0.81,1.14
2010-03-17,0.152,14.85,12.95,0.76,1.13
2010-03-18,0.117,14.7,12.97,0.6,1.13
2010-03-19,0.087,14.49,12.9,0.46,1.13
2010-03-20,0.074,14.34,12.81,0.4,1.13
2010-03-21,0.061,14.17,12.74,0.3,1.12
2010-03-22,0.049,13.94,12.74,0.08,1.11
2010-03-23,0.038,13.83,12.71,0.03,1.1
2010-03-24,0.03,13.81,12.72,0.01,1.08
2010-03-25,0.022,13.68,12.64,0.0,1.03
2010-03-26,0.02,13.45,12.42,0.0,1.02
2010-03-27,0.017,13.61,12.59,0.0,1.01
2010-03-28,0.013,13.61,12.61,0.0,1.0
2010-03-29,0.009,13.43,12.45,0.0,0.98
2010-03-30,0.005,13.47,12.51,0.0,0.95
2010-03-31,2.611,140.26,15.58,53.84,70.84
2010-04-01,0.822,76.35,16.32,25.9,34.13
2010-04-02,0.878,60.0,12.45,20.51,27.04
2010-04-03,0.147,37.87,15.52,9.47,12.89
2010-04-04,5.052,142.29,18.23,53.57,70.49
2010-04-05,4.022,75.33,15.55,25.81,33.96
2010-04-06,0.31,23.35,14.44,3.83,5.08
2010-04-07,0.189,15.18,13.25,0.79,1.14
2010-04-08,0.153,15.16,13.27,0.76,1.14
2010-04-09,0.124,15.03,13.26,0.64,1.13
2010-04-10,0.106,14.95,13.22,0.59,1.14
2010-04-11,8.855,204.46,22.37,78.63,103.46
2010-04-12,6.06,90.37,17.63,31.41,41.33
2010-04-13,1.811,133.86,14.01,51.75,68.1
2010-04-14,0.423,16.63,13.25,1.46,1.92
2010-04-15,0.337,15.11,13.11,0.86,1.14
2010-04-16,0.27,15.11,13.11,0.86,1.14
2010-04-17,0.221,15.03,13.07,0.82,1.14
2010-04-18,0.177,14.99,13.08,0.78,1.14
2010-04-19,0.154,14.85,12.96,0.74,1.14
2010-04-20,7.229,277.68,23.06,109.95,144.67
2010-04-21,0.326,21.19,13.69,3.24,4.26
2010-04-22,0.225,14.98,13.0,0.84,1.14
2010-04-23,0.185,14.9,12.98,0.79,1.14
2010-04-24,0.146,14.86,12.97,0.76,1.14
2010-04-25,0.11,14.7,12.99,0.57,1.13
2010-04-26,0.083,14.52,12.94,0.45,1.13
2010-04-27,0.079,14.23,12.73,0.37,1.14
2010-04-28,0.589,73.9,14.17,25.77,33.96
2010-04-29,0.084,29.83,15.08,6.03,8.71
2010-04-30,0.046,14.47,13.15,0.2,1.12
2010-05-01,0.036,14.26,13.11,0.04,1.1
2010-05-02,0.028,14.16,13.07,0.01,1.08
2010-05-03,0.022,14.09,13.03,0.01,1.05
2010-05-04,0.016,14.1,13.08,0.0,1.02
2010-05-05,0.009,14.27,13.3,0.0,0.97
2010-05-06,0.006,14.38,13.41,0.0,0.96
2010-05-07,0.004,14.9,13.9,0.0,0.97
2010-05-08,0.001,15.43,14.51,0.0,0.89
2010-05-09,0.0,15.84,14.69,0.0,0.95
2010-05-10,0.023,20.43,15.04,1.94,3.44
2010-05-11,0.007,19.79,18.15,0.0,1.65
2010-05-12,0.0,17.75,16.93,0.0,0.72
2010-05-13,0.0,20.25,18.08,0.0,0.98
2010-05-14,0.0,0.0,0.0,0.0,0.0
2010-05-15,0.0,0.0,0.0,0.0,0.0
2010-05-16,0.0,0.0,0.0,0.0,0.0
2010-05-17,0.0,0.0,0.0,0.0,0.0
2010-05-18,0.0,0.0,0.0,0.0,0.0
2010-05-19,0.0,0.0,0.0,0.0,0.0
2010-05-20,0.0,0.0,0.0,0.0,0.0
2010-05-21,0.0,0.0,0.0,0.0,0.0
2010-05-22,0.0,0.0,0.0,0.0,0.0
2010-05-23,0.0,0.0,0.0,0.0,0.0
2010-05-24,0.0,0.0,0.0,0.0,0.0
2010-05-25,0.939,122.51,15.4,46.25,60.85
2010-05-26,0.854,51.95,13.57,16.55,21.83
2010-05-27,4.909,344.96,21.34,139.74,183.88
2010-05-28,0.14,84.34,16.76,28.69,38.89
2010-05-29,0.026,14.73,13.47,0.01,1.25
2010-05-30,0.02,14.6,13.54,0.01,1.05
2010-05-31,0.013,14.78,13.78,0.0,1.0
2010-06-01,0.012,14.78,13.79,0.0,1.0
2010-06-02,0.008,14.96,13.98,0.0,0.97
2010-06-03,0.006,15.44,14.47,0.0,0.97
2010-06-04,0.003,15.46,14.52,0.0,0.94
2010-06-05,0.002,16.74,15.74,0.0,0.96
2010-06-06,0.0,14.35,13.58,0.0,0.89
2010-06-07,0.0,12.73,12.0,0.0,0.98
2010-06-08,0.0,9.26,9.15,0.0,0.91
2010-06-09,0.0,7.72,6.81,0.0,0.69
2010-06-10,0.0,23.15,11.53,0.0,1.17
2010-06-11,0.0,0.0,0.0,0.0,0.0
2010-06-12,0.0,0.0,0.0,0.0,0.0
2010-06-13,0.0,0.0,0.0,0.0,0.0
2010-06-14,0.0,0.0,0.0,0.0,0.0
2010-06-15,0.0,0.0,0.0,0.0,0.0
2010-06-16,0.0,0.0,0.0,0.0,0.0
2010-06-17,0.0,0.0,0.0,0.0,0.0
2010-06-18,0.0,0.0,0.0,0.0,0.0
2010-06-19,0.0,0.0,0.0,0.0,0.0
2010-06-20,0.0,0.0,0.0,0.0,0.0
2010-06-21,0.0,0.0,0.0,0.0,0.0
2010-06-22,0.0,0.0,0.0,0.0,0.0
2010-06-23,0.0,0.0,0.0,0.0,0.0
2010-06-24,0.0,0.0,0.0,0.0,0.0
2010-06-25,0.0,0.0,0.0,0.0,0.0
2010-06-26,0.0,0.0,0.0,0.0,0.0
2010-06-27,0.0,0.0,0.0,0.0,0.0
2010-06-28,0.0,0.0,0.0,0.0,0.0
2010-06-29,0.0,0.0,0.0,0.0,0.0
2010-06-30,0.0,0.0,0.0,0.0,0.0
2010-07-01,0.0,0.0,0.0,0.0,0.0
2010-07-02,0.0,0.0,0.0,0.0,0.0
2010-07-03,0.0,0.0,0.0,0.0,0.0
2010-07-04,0.0,0.0,0.0,0.0,0.0
2010-07-05,0.0,0.0,0.0,0.0,0.0
2010-07-06,0.0,0.0,0.0,0.0,0.0
2010-07-07,0.0,0.0,0.0,0.0,0.0
2010-07-08,0.0,0.0,0.0,0.0,0.0
2010-07-09,0.0,0.0,0.0,0.0,0.0
2010-07-10,0.0,0.0,0.0,0.0,0.0
2010-07-11,0.0,0.0,0.0,0.0,0.0
2010-07-12,0.0,0.0,0.0,0.0,0.0
2010-07-13,0.0,0.0,0.0,0.0,0.0
2010-07-14,0.0,0.0,0.0,0.0,0.0
2010-07-15,0.0,0.0,0.0,0.0,0.0
2010-07-16,0.0,0.0,0.0,0.0,0.0
2010-07-17,0.0,0.0,0.0,0.0,0.0
2010-07-18,0.0,0.0,0.0,0.0,0.0
2010-07-19,0.0,0.0,0.0,0.0,0.0
2010-07-20,0.0,0.0,0.0,0.0,0.0
2010-07-21,0.0,0.0,0.0,0.0,0.0
2010-07-22,0.0,0.0,0.0,0.0,0.0
2010-07-23,0.0,0.0,0.0,0.0,0.0
2010-07-24,0.0,0.0,0.0,0.0,0.0
2010-07-25,0.0,0.0,0.0,0.0,0.0
2010-07-26,0.0,0.0,0.0,0.0,0.0
2010-07-27,0.0,0.0,0.0,0.0,0.0
2010-07-28,0.0,0.0,0.0,0.0,0.0
2010-07-29,0.0,0.0,0.0,0.0,0.0
2010-07-30,0.0,0.0,0.0,0.0,0.0
2010-07-31,0.0,0.0,0.0,0.0,0.0
2010-08-01,0.0,0.0,0.0,0.0,0.0
2010-08-02,0.0,0.0,0.0,0.0,0.0
2010-08-03,0.0,0.0,0.0,0.0,0.0
2010-08-04,0.0,0.0,0.0,0.0,0.0
2010-08-05,0.0,0.0,0.0,0.0,0.0
2010-08-06,0.0,0.0,0.0,0.0,0.0
2010-08-07,0.0,0.0,0.0,0.0,0.0
2010-08-08,0.0,0.0,0.0,0.0,0.0
2010-08-09,0.0,0.0,0.0,0.0,0.0
2010-08-10,0.0,0.0,0.0,0.0,0.0
2010-08-11,0.0,0.0,0.0,0.0,0.0
2010-08-12,0.0,0.0,0.0,0.0,0.0
2010-08-13,0.0,0.0,0.0,0.0,0.0
2010-08-14,0.0,0.0,0.0,0.0,0.0
2010-08-15,0.0,0.0,0.0,0.0,0.0
2010-08-16,0.0,0.0,0.0,0.0,0.0
2010-08-17,0.0,0.0,0.0,0.0,0.0
2010-08-18,0.0,0.0,0.0,0.0,0.0
2010-08-19,0.0,0.0,0.0,0.0,0.0
2010-08-20,0.0,0.0,0.0,0.0,0.0
2010-08-21,0.0,0.0,0.0,0.0,0.0
2010-08-22,0.0,0.0,0.0,0.0,0.0
2010-08-23,0.0,0.0,0.0,0.0,0.0
2010-08-24,0.0,0.0,0.0,0.0,0.0
2010-08-25,0.0,0.0,0.0,0.0,0.0
2010-08-26,0.0,0.0,0.0,0.0,0.0
2010-08-27,0.0,0.0,0.0,0.0,0.0
2010-08-28,0.0,0.0,0.0,0.0,0.0
2010-08-29,0.0,0.0,0.0,0.0,0.0
2010-08-30,0.0,0.0,0.0,0.0,0.0
2010-08-31,0.0,0.0,0.0,0.0,0.0
2010-09-01,0.0,0.0,0.0,0.0,0.0
2010-09-02,0.0,0.0,0.0,0.0,0.0
2010-09-03,0.0,0.0,0.0,0.0,0.0
2010-09-04,0.0,0.0,0.0,0.0,0.0
2010-09-05,0.0,0.0,0.0,0.0,0.0
2010-09-06,0.0,0.0,0.0,0.0,0.0
2010-09-07,0.0,0.0,0.0,0.0,0.0
2010-09-08,0.0,0.0,0.0,0.0,0.0
2010-09-09,0.0,0.0,0.0,0.0,0.0
2010-09-10,0.0,0.0,0.0,0.0,0.0
2010-09-11,0.0,0.0,0.0,0.0,0.0
2010-09-12,0.0,0.0,0.0,0.0,0.0
2010-09-13,0.0,0.0,0.0,0.0,0.0
2010-09-14,0.0,0.0,0.0,0.0,0.0
2010-09-15,0.0,0.0,0.0,0.0,0.0
2010-09-16,0.0,0.0,0.0,0.0,0.0
2010-09-17,0.0,0.0,0.0,0.0,0.0
2010-09-18,0.0,0.0,0.0,0.0,0.0
2010-09-19,0.0,0.0,0.0,0.0,0.0
2010-09-20,0.0,0.0,0.0,0.0,0.0
2010-09-21,0.0,0.0,0.0,0.0,0.0
2010-09-22,0.0,0.0,0.0,0.0,0.0
2010-09-23,0.0,0.0,0.0,0.0,0.0
2010-09-24,0.0,0.0,0.0,0.0,0.0
2010-09-25,0.0,0.0,0.0,0.0,0.0
2010-09-26,0.0,0.0,0.0,0.0,0.0
2010-09-27,0.0,0.0,0.0,0.0,0.0
2010-09-28,0.0,0.0,0.0,0.0,0.0
2010-09-29,0.0,0.0,0.0,0.0,0.0
2010-09-30,0.0,0.0,0.0,0.0,0.0
2010-10-01,0.0,0.0,0.0,0.0,0.0
2010-10-02,0.0,0.0,0.0,0.0,0.0
2010-10-03,0.0,0.0,0.0,0.0,0.0
2010-10-04,0.0,0.0,0.0,0.0,0.0
2010-10-05,0.0,0.0,0.0,0.0,0.0
2010-10-06,0.0,0.0,0.0,0.0,0.0
2010-10-07,0.0,0.0,0.0,0.0,0.0
2010-10-08,0.0,0.0,0.0,0.0,0.0
2010-10-09,0.0,0.0,0.0,0.0,0.0
2010-10-10,0.0,0.0,0.0,0.0,0.0
2010-10-11,0.0,0.0,0.0,0.0,0.0
2010-10-12,0.0,0.0,0.0,0.0,0.0
2010-10-13,0.0,0.0,0.0,0.0,0.0
2010-10-14,0.0,0.0,0.0,0.0,0.0
2010-10-15,0.0,0.0,0.0,0.0,0.0
2010-10-16,0.0,0.0,0.0,0.0,0.0
2010-10-17,0.0,0.0,0.0,0.0,0.0
2010-10-18,0.0,0.0,0.0,0.0,0.0
2010-10-19,0.0,0.0,0.0,0.0,0.0
2010-10-20,0.0,0.0,0.0,0.0,0.0
2010-10-21,0.0,0.0,0.0,0.0,0.0
2010-10-22,0.0,0.0,0.0,0.0,0.0
2010-10-23,1.373,68.54,11.54,24.6,32.4
2010-10-24,9.687,256.91,22.95,100.12,133.84
2010-10-25,0.329,76.47,17.01,25.23,34.22
2010-10-26,0.004,16.83,13.73,0.0,3.1
2010-10-27,0.002,9.96,9.08,0.0,0.93
2010-10-28,0.001,9.79,8.93,0.0,0.93
2010-10-29,0.001,9.89,8.95,0.0,0.94
2010-10-30,0.462,46.5,14.18,13.88,18.43
2010-10-31,0.017,22.49,16.22,1.39,4.88
2010-11-01,0.001,11.11,10.2,0.0,0.87
2010-11-02,0.001,10.37,9.33,0.0,0.94
2010-11-03,0.001,9.97,8.98,0.0,0.92
2010-11-04,0.001,9.92,9.03,0.0,0.93
2010-11-05,0.0,9.89,9.03,0.0,0.93
2010-11-06,0.0,9.96,9.0,0.0,0.93
2010-11-07,9.426,404.24,25.55,163.31,215.38
2010-11-08,0.115,73.21,17.36,23.49,32.36
2010-11-09,0.003,12.46,10.85,0.0,1.64
2010-11-10,0.002,10.14,9.22,0.0,0.93
2010-11-11,0.002,9.81,8.91,0.0,0.93
2010-11-12,0.002,10.3,9.37,0.0,0.94
2010-11-13,0.001,10.64,9.68,0.0,0.93
2010-11-14,0.001,9.9,8.93,0.0,0.93
2010-11-15,0.001,9.74,8.79,0.0,0.93
2010-11-16,0.001,9.78,8.77,0.0,0.93
2010-11-17,0.001,9.84,8.86,0.0,0.94
2010-11-18,0.001,9.79,8.72,0.0,0.92
2010-11-19,2.684,181.76,15.44,71.82,94.5
2010-11-20,11.071,416.37,27.39,164.68,224.29
2010-11-21,2.518,120.78,17.09,44.13,59.56
2010-11-22,0.361,50.4,12.49,16.24,21.67
2010-11-23,2.412,86.3,13.18,31.57,41.55
2010-11-24,0.043,40.61,16.83,9.04,14.75
2010-11-25,0.003,10.57,9.59,0.0,0.98
2010-11-26,0.003,9.89,8.98,0.0,0.93
2010-11-27,2.077,150.36,14.19,58.8,77.37
2010-11-28,0.12,73.62,17.21,23.74,32.67
2010-11-29,0.004,14.04,12.55,0.0,1.48
2010-11-30,0.002,11.18,10.24,0.0,0.92
2010-12-01,0.002,11.95,11.04,0.0,0.93
2010-12-02,0.002,12.53,11.62,0.0,0.93
2010-12-03,0.002,12.64,11.68,0.0,0.94
2010-12-04,0.001,9.82,9.01,0.0,0.92
2010-12-05,5.15,321.8,22.84,129.1,169.86
2010-12-06,1.237,79.12,14.62,27.84,36.66
2010-12-07,0.016,19.95,15.11,0.44,4.4
2010-12-08,11.079,229.35,24.02,88.1,117.22
2010-12-09,1.204,69.15,15.6,22.91,30.64
2010-12-10,0.034,20.11,14.28,1.71,4.12
2010-12-11,0.017,13.3,12.31,0.0,0.99
2010-12-12,0.016,13.38,12.39,0.0,0.98
2010-12-13,0.014,13.5,12.52,0.0,0.98
2010-12-14,2.643,146.91,15.63,56.69,74.59
2010-12-15,0.455,87.0,16.73,30.22,40.05
2010-12-16,0.015,15.38,13.45,0.0,1.93
2010-12-17,7.296,154.15,19.3,58.23,76.62
2010-12-18,6.129,170.7,19.04,65.49,86.17
2010-12-19,22.208,525.74,35.13,204.54,286.07
2010-12-20,1.095,46.83,13.22,14.45,19.16
2010-12-21,1.18,55.02,8.4,20.12,26.49
2010-12-22,4.934,153.84,20.11,57.75,75.98
2010-12-23,0.186,17.98,13.72,1.79,2.47
2010-12-24,0.135,14.82,13.05,0.63,1.14
2010-12-25,7.309,316.55,23.3,126.63,166.62
2010-12-26,0.89,68.63,15.83,22.8,30.0
2010-12-27,0.173,15.35,13.18,0.88,1.29
2010-12-28,16.466,414.79,30.31,159.03,225.45
2010-12-29,5.561,299.23,40.51,102.52,156.2
2010-12-30,0.384,15.82,13.22,1.1,1.5
2010-12-31,0.33,15.03,13.03,0.86,1.14
2011-01-01,0.955,49.12,12.83,15.67,20.62
2011-01-02,6.262,222.48,20.83,87.08,114.57
2011-01-03,0.392,19.5,13.57,2.56,3.37
2011-01-04,0.299,15.03,13.02,0.87,1.14
2011-01-05,0.261,15.0,13.0,0.86,1.14
2011-01-06,0.227,14.98,12.98,0.86,1.14
2011-01-07,0.201,14.94,12.95,0.86,1.14
2011-01-08,0.178,14.87,12.93,0.8,1.14
2011-01-09,0.149,14.79,12.96,0.69,1.14
2011-01-10,0.125,14.72,12.97,0.61,1.14
2011-01-11,0.112,14.59,12.85,0.6,1.14
2011-01-12,0.1,14.57,12.84,0.59,1.14
2011-01-13,0.091,14.49,12.8,0.55,1.14
2011-01-14,0.078,14.35,12.82,0.4,1.13
2011-01-15,0.066,14.21,12.8,0.28,1.13
2011-01-16,0.056,14.0,12.81,0.08,1.12
2011-01-17,0.049,13.89,12.75,0.03,1.11
2011-01-18,0.05,13.79,12.65,0.02,1.11
2011-01-19,0.037,13.85,12.76,0.01,1.08
2011-01-20,0.029,13.76,12.7,0.01,1.05
2011-01-21,0.027,13.66,12.61,0.0,1.04
2011-01-22,0.024,13.65,12.62,0.0,1.02
2011-01-23,0.018,13.64,12.64,0.0,1.0
2011-01-24,0.016,13.54,12.55,0.0,0.99
2011-01-25,0.014,13.54,12.55,0.0,0.98
2011-01-26,0.011,13.54,12.57,0.0,0.97
2011-01-27,0.009,13.44,12.46,0.0,0.97
2011-01-28,0.008,13.45,12.5,0.0,0.96
2011-01-29,0.006,13.41,12.45,0.0,0.95
2011-01-30,3.615,91.97,15.12,33.18,43.67
2011-01-31,0.105,34.21,15.91,7.64,10.66
2011-02-01,0.029,14.44,13.35,0.01,1.09
2011-02-02,0.018,14.18,13.18,0.0,0.99
2011-02-03,0.022,14.11,13.09,0.0,1.02
2011-02-04,0.02,14.13,13.12,0.0,1.01
2011-02-05,0.015,14.59,13.59,0.0,1.0
2011-02-06,0.007,14.24,13.3,0.0,0.93
2011-02-07,0.01,14.34,13.36,0.0,0.98
2011-02-08,0.003,16.71,15.76,0.0,0.94
2011-02-09,0.001,15.0,14.08,0.0,0.88
2011-02-10,0.002,15.57,14.63,0.0,0.94
2011-02-11,0.002,15.64,14.72,0.0,0.92
2011-02-12,0.002,15.41,14.45,0.0,0.94
2011-02-13,0.001,16.63,15.67,0.0,0.93
2011-02-14,0.0,16.67,15.84,0.0,0.89
2011-02-15,3.664,166.6,10.57,67.37,88.67
2011-02-16,8.496,279.47,29.88,106.77,142.81
2011-02-17,12.77,256.88,24.59,98.33,133.97
2011-02-18,8.476,145.23,19.46,54.29,71.48
2011-02-19,10.288,118.65,20.34,42.45,55.86
2011-02-20,0.962,28.59,14.34,6.15,8.1
2011-02-21,0.574,15.12,13.1,0.87,1.15
2011-02-22,0.479,15.07,13.08,0.86,1.14
2011-02-23,0.404,15.07,13.07,0.86,1.14
2011-02-24,2.461,102.72,12.03,39.16,51.53
2011-02-25,9.675,184.04,23.71,69.23,91.1
2011-02-26,0.631,19.25,13.44,2.51,3.3
2011-02-27,0.486,15.0,12.99,0.87,1.14
2011-02-28,0.408,14.97,12.97,0.86,1.14
2011-03-01,0.338,14.93,12.93,0.86,1.14
2011-03-02,0.321,15.49,13.1,1.03,1.36
2011-03-03,0.254,14.94,12.93,0.87,1.14
2011-03-04,0.204,14.82,12.85,0.84,1.13
2011-03-05,0.171,14.71,12.79,0.78,1.14
2011-03-06,4.539,95.65,14.64,34.98,46.03
2011-03-07,0.79,40.54,15.64,10.75,14.15
2011-03-08,0.236,15.05,12.98,0.89,1.18
2011-03-09,0.193,14.88,12.93,0.81,1.13
2011-03-10,0.165,14.77,12.87,0.76,1.14
2011-03-11,0.127,14.75,12.94,0.67,1.13
2011-03-12,0.104,14.53,12.86,0.53,1.14
2011-03-13,0.101,13.04,11.59,0.41,1.03
2011-03-14,2.13,59.09,12.77,20.0,26.32
2011-03-15,3.371,141.32,15.93,54.14,71.25
2011-03-16,2.259,88.05,17.44,30.49,40.12
2011-03-17,0.22,15.78,13.21,1.09,1.48
2011-03-18,8.446,310.23,23.19,123.95,163.09
2011-03-19,12.2,186.63,20.7,71.42,94.51
2011-03-20,6.085,112.06,21.4,39.03,51.63
2011-03-21,0.957,16.5,13.22,1.42,1.87
2011-03-22,0.747,14.46,12.47,0.86,1.13
2011-03-23,9.136,153.4,20.8,57.26,75.34
2011-03-24,22.771,340.08,31.33,127.93,180.81
2011-03-25,3.536,35.42,13.28,9.51,12.64
2011-03-26,11.749,145.33,22.67,52.97,69.69
2011-03-27,1.777,15.89,13.02,1.24,1.63
2011-03-28,1.263,14.8,12.8,0.86,1.14
2011-03-29,0.942,14.72,12.73,0.86,1.14
2011-03-30,0.697,14.67,12.67,0.86,1.14
2011-03-31,0.514,14.6,12.6,0.86,1.14
2011-04-01,0.38,14.54,12.54,0.86,1.14
2011-04-02,0.278,14.48,12.48,0.86,1.14
2011-04-03,0.197,14.37,12.39,0.84,1.13
2011-04-04,0.14,14.15,12.3,0.72,1.14
2011-04-05,0.097,13.9,12.2,0.57,1.13
2011-04-06,0.064,13.66,12.23,0.31,1.13
2011-04-07,0.038,13.11,11.99,0.02,1.1
2011-04-08,0.028,12.74,11.68,0.01,1.06
2011-04-09,0.021,12.94,11.9,0.0,1.04
2011-04-10,0.014,12.77,11.76,0.0,1.0
2011-04-11,0.009,12.46,11.48,0.0,0.98
2011-04-12,0.004,11.7,10.73,0.0,0.96
2011-04-13,0.001,11.45,10.51,0.0,0.91
2011-04-14,0.001,11.46,10.45,0.0,0.94
2011-04-15,0.0,13.05,12.1,0.0,0.93
2011-04-16,0.0,13.23,12.26,0.0,0.93
2011-04-17,0.0,13.08,12.2,0.0,0.92
2011-04-18,0.0,11.57,10.58,0.0,0.9
2011-04-19,0.0,7.72,6.78,0.0,0.69
2011-04-20,0.0,0.0,0.0,0.0,0.0
2011-04-21,0.0,0.0,0.0,0.0,0.0
2011-04-22,0.0,0.0,0.0,0.0,0.0
2011-04-23,0.0,0.0,0.0,0.0,0.0
2011-04-24,0.0,0.0,0.0,0.0,0.0
2011-04-25,0.0,0.0,0.0,0.0,0.0
2011-04-26,0.0,0.0,0.0,0.0,0.0
2011-04-27,0.0,0.0,0.0,0.0,0.0
2011-04-28,0.0,0.0,0.0,0.0,0.0
2011-04-29,0.0,0.0,0.0,0.0,0.0
2011-04-30,0.0,0.0,0.0,0.0,0.0
2011-05-01,0.0,0.0,0.0,0.0,0.0
2011-05-02,0.0,0.0,0.0,0.0,0.0
2011-05-03,0.0,0.0,0.0,0.0,0.0
2011-05-04,0.0,0.0,0.0,0.0,0.0
2011-05-05,0.0,0.0,0.0,0.0,0.0
2011-05-06,0.0,0.0,0.0,0.0,0.0
2011-05-07,0.0,0.0,0.0,0.0,0.0
2011-05-08,0.0,0.0,0.0,0.0,0.0
2011-05-09,0.0,0.0,0.0,0.0,0.0
2011-05-10,0.0,0.0,0.0,0.0,0.0
2011-05-11,0.0,0.0,0.0,0.0,0.0
2011-05-12,0.0,0.0,0.0,0.0,0.0
2011-05-13,0.0,0.0,0.0,0.0,0.0
2011-05-14,0.218,151.18,12.79,59.76,78.63
2011-05-15,1.493,104.72,14.68,38.87,51.16
2011-05-16,0.896,74.62,11.01,27.44,36.16
2011-05-17,1.964,57.86,12.82,19.45,25.59
2011-05-18,0.583,48.37,15.62,14.11,18.65
2011-05-19,0.035,15.23,13.81,0.1,1.32
2011-05-20,0.025,14.42,13.34,0.01,1.07
2011-05-21,0.019,14.41,13.37,0.01,1.03
2011-05-22,0.015,14.62,13.6,0.0,1.02
2011-05-23,0.009,15.02,14.03,0.0,0.98
2011-05-24,0.007,15.11,14.14,0.0,0.98
2011-05-25,0.004,15.19,14.25,0.0,0.94
2011-05-26,0.004,15.54,14.58,0.0,0.96
2011-05-27,0.002,16.18,15.22,0.0,0.96
2011-05-28,0.0,16.98,16.05,0.0,0.91
2011-05-29,0.0,11.57,7.13,0.0,0.54
2011-05-30,0.0,16.98,15.68,0.0,0.95
2011-05-31,0.128,38.35,15.36,9.84,13.16
2011-06-01,0.643,47.27,13.06,14.74,19.47
2011-06-02,0.023,27.96,16.48,3.66,7.83
2011-06-03,0.002,16.07,15.13,0.0,0.95
2011-06-04,14.222,221.46,24.82,84.7,111.93
2011-06-05,0.273,41.56,15.54,11.13,14.89
2011-06-06,0.119,15.05,13.22,0.66,1.17
2011-06-07,0.085,15.01,13.39,0.5,1.12
2011-06-08,0.067,14.82,13.28,0.42,1.12
2011-06-09,0.053,14.83,13.36,0.34,1.12
2011-06-10,0.042,14.54,13.28,0.15,1.11
2011-06-11,0.034,14.39,13.25,0.04,1.09
2011-06-12,0.028,14.32,13.23,0.02,1.08
2011-06-13,0.022,14.35,13.29,0.01,1.05
2011-06-14,0.018,14.38,13.34,0.0,1.03
2011-06-15,0.013,14.76,13.75,0.0,1.01
2011-06-16,0.008,14.99,14.02,0.0,0.98
2011-06-17,0.005,15.29,14.32,0.0,0.96
2011-06-18,0.004,15.74,14.79,0.0,0.96
2011-06-19,0.001,16.11,15.14,0.0,0.94
2011-06-20,0.0,16.53,15.6,0.0,0.91
2011-06-21,0.0,23.15,27.93,0.0,1.53
2011-06-22,0.0,0.0,0.0,0.0,0.0
2011-06-23,0.0,0.0,0.0,0.0,0.0
2011-06-24,0.0,0.0,0.0,0.0,0.0
2011-06-25,0.0,0.0,0.0,0.0,0.0
2011-06-26,0.0,0.0,0.0,0.0,0.0
2011-06-27,0.0,0.0,0.0,0.0,0.0
2011-06-28,7.025,281.84,25.45,110.72,145.68
2011-06-29,0.321,71.06,16.98,23.22,30.86
2011-06-30,0.018,15.0,13.52,0.0,1.48
2011-07-01,0.012,14.25,13.25,0.0,0.99
2011-07-02,0.009,14.44,13.46,0.0,0.98
2011-07-03,0.005,14.88,13.91,0.0,0.96
2011-07-04,0.002,14.89,13.98,0.0,0.93
2011-07-05,0.001,15.01,14.13,0.0,0.94
2011-07-06,0.0,11.02,9.76,0.0,0.93
2011-07-07,0.0,10.03,9.13,0.0,0.95
2011-07-08,0.0,10.61,9.15,0.0,0.95
2011-07-09,0.0,10.13,9.46,0.0,0.98
2011-07-10,0.0,8.27,7.84,0.0,0.82
2011-07-11,0.0,8.68,8.74,0.0,0.91
2011-07-12,0.0,7.72,6.76,0.0,0.7
2011-07-13,0.0,0.0,6.8,0.0,0.74
2011-07-14,0.0,0.0,0.0,0.0,0.0
2011-07-15,0.0,0.0,0.0,0.0,0.0
2011-07-16,0.0,0.0,0.0,0.0,0.0
2011-07-17,0.0,0.0,0.0,0.0,0.0
2011-07-18,0.0,0.0,0.0,0.0,0.0
2011-07-19,0.0,0.0,0.0,0.0,0.0
2011-07-20,0.0,0.0,0.0,0.0,0.0
2011-07-21,0.0,0.0,0.0,0.0,0.0
2011-07-22,0.0,0.0,0.0,0.0,0.0
2011-07-23,0.0,0.0,0.0,0.0,0.0
2011-07-24,0.0,0.0,0.0,0.0,0.0
2011-07-25,0.0,0.0,0.0,0.0,0.0
2011-07-26,0.0,0.0,0.0,0.0,0.0
2011-07-27,0.0,0.0,0.0,0.0,0.0
2011-07-28,0.0,0.0,0.0,0.0,0.0
2011-07-29,0.0,0.0,0.0,0.0,0.0
2011-07-30,0.0,0.0,0.0,0.0,0.0
2011-07-31,0.0,0.0,0.0,0.0,0.0
2011-08-01,0.0,0.0,0.0,0.0,0.0
2011-08-02,0.0,0.0,0.0,0.0,0.0
2011-08-03,0.0,0.0,0.0,0.0,0.0
2011-08-04,0.0,0.0,0.0,0.0,0.0
2011-08-05,0.0,0.0,0.0,0.0,0.0
2011-08-06,0.0,0.0,0.0,0.0,0.0
2011-08-07,0.0,0.0,0.0,0.0,0.0
2011-08-08,0.0,0.0,0.0,0.0,0.0
2011-08-09,0.0,0.0,0.0,0.0,0.0
2011-08-10,0.0,0.0,0.0,0.0,0.0
2011-08-11,0.0,0.0,0.0,0.0,0.0
2011-08-12,0.0,0.0,0.0,0.0,0.0
2011-08-13,0.0,0.0,0.0,0.0,0.0
2011-08-14,0.0,0.0,0.0,0.0,0.0
2011-08-15,0.0,0.0,0.0,0.0,0.0
2011-08-16,0.0,0.0,0.0,0.0,0.0
2011-08-17,0.0,0.0,0.0,0.0,0.0
2011-08-18,0.0,0.0,0.0,0.0,0.0
2011-08-19,0.0,0.0,0.0,0.0,0.0
2011-08-20,0.0,0.0,0.0,0.0,0.0
2011-08-21,0.0,0.0,0.0,0.0,0.0
2011-08-22,0.0,0.0,0.0,0.0,0.0
2011-08-23,0.0,0.0,0.0,0.0,0.0
2011-08-24,0.0,0.0,0.0,0.0,0.0
2011-08-25,0.0,0.0,0.0,0.0,0.0
2011-08-26,0.0,0.0,0.0,0.0,0.0
2011-08-27,0.0,0.0,0.0,0.0,0.0
2011-08-28,0.0,0.0,0.0,0.0,0.0
2011-08-29,0.0,0.0,0.0,0.0,0.0
2011-08-30,0.0,0.0,0.0,0.0,0.0
2011-08-31,0.0,0.0,0.0,0.0,0.0
2011-09-01,0.0,0.0,0.0,0.0,0.0
2011-09-02,0.0,0.0,0.0,0.0,0.0
2011-09-03,0.0,0.0,0.0,0.0,0.0
2011-09-04,0.0,0.0,0.0,0.0,0.0
2011-09-05,0.0,0.0,0.0,0.0,0.0
2011-09-06,0.0,0.0,0.0,0.0,0.0
2011-09-07,0.0,0.0,0.0,0.0,0.0
2011-09-08,0.0,0.0,0.0,0.0,0.0
2011-09-09,0.0,0.0,0.0,0.0,0.0
2011-09-10,0.0,0.0,0.0,0.0,0.0
2011-09-11,0.0,0.0,0.0,0.0,0.0
2011-09-12,0.0,0.0,0.0,0.0,0.0
2011-09-13,0.0,0.0,0.0,0.0,0.0
2011-09-14,0.0,0.0,0.0,0.0,0.0
2011-09-15,0.0,0.0,0.0,0.0,0.0
2011-09-16,0.0,0.0,0.0,0.0,0.0
2011-09-17,0.0,0.0,0.0,0.0,0.0
2011-09-18,0.0,0.0,0.0,0.0,0.0
2011-09-19,0.0,0.0,0.0,0.0,0.0
2011-09-20,0.0,0.0,0.0,0.0,0.0
2011-09-21,0.0,0.0,0.0,0.0,0.0
2011-09-22,0.0,0.0,0.0,0.0,0.0
2011-09-23,0.0,0.0,0.0,0.0,0.0
2011-09-24,0.0,0.0,0.0,0.0,0.0
2011-09-25,0.0,0.0,0.0,0.0,0.0
2011-09-26,0.0,0.0,0.0,0.0,0.0
2011-09-27,0.0,0.0,0.0,0.0,0.0
2011-09-28,0.0,0.0,0.0,0.0,0.0
2011-09-29,0.0,0.0,0.0,0.0,0.0
2011-09-30,0.0,0.0,0.0,0.0,0.0
2011-10-01,0.0,0.0,0.0,0.0,0.0
2011-10-02,0.0,0.0,0.0,0.0,0.0
2011-10-03,0.148,53.51,14.76,16.73,22.02
2011-10-04,1.702,127.13,7.88,51.48,67.78
2011-10-05,7.035,274.09,26.41,106.5,141.18
2011-10-06,3.311,139.93,14.52,54.15,71.26
2011-10-07,0.139,67.58,17.09,21.35,29.13
2011-10-08,0.003,13.54,11.96,0.0,1.56
2011-10-09,0.002,11.48,10.53,0.0,0.94
2011-10-10,0.06,2.8,1.23,0.67,0.9
2011-10-11,0.4,57.95,15.54,18.24,24.16
2011-10-12,0.006,18.23,15.65,0.0,2.57
2011-10-13,0.001,10.32,9.3,0.0,0.91
2011-10-14,0.001,9.9,9.0,0.0,0.93
2011-10-15,0.001,10.0,8.99,0.0,0.93
2011-10-16,0.001,9.92,9.1,0.0,0.94
2011-10-17,0.0,10.1,9.0,0.0,0.93
2011-10-18,0.0,10.05,9.1,0.0,0.93
2011-10-19,0.0,9.82,8.91,0.0,0.93
2011-10-20,0.0,10.29,9.12,0.0,0.94
2011-10-21,0.0,10.06,9.0,0.0,0.94
2011-10-22,0.0,9.84,8.96,0.0,0.94
2011-10-23,0.0,10.13,9.08,0.0,0.94
2011-10-24,0.0,9.09,8.65,0.0,0.9
2011-10-25,0.0,8.68,8.55,0.0,0.89
2011-10-26,0.0,9.0,8.82,0.0,0.92
2011-10-27,0.0,11.57,9.37,0.0,0.97
2011-10-28,0.0,11.57,10.22,0.0,1.08
2011-10-29,0.0,9.26,8.55,0.0,0.9
2011-10-30,0.0,8.68,8.71,0.0,0.92
2011-10-31,0.0,7.72,8.62,0.0,0.89
2011-11-01,0.0,23.15,15.81,0.0,1.62
2011-11-02,0.0,0.0,0.0,0.0,0.0
2011-11-03,0.0,0.0,0.0,0.0,0.0
2011-11-04,0.0,0.0,0.0,0.0,0.0
2011-11-05,3.646,233.74,20.68,92.01,121.06
2011-11-06,0.82,111.3,16.6,40.86,53.84
2011-11-07,0.009,21.39,15.72,0.0,5.66
2011-11-08,0.001,11.83,10.91,0.0,0.91
2011-11-09,0.001,10.92,10.07,0.0,0.93
2011-11-10,0.0,10.05,9.12,0.0,0.94
2011-11-11,0.608,80.39,11.46,29.77,39.17
2011-11-12,0.222,69.58,16.44,22.68,30.46
2011-11-13,0.002,18.48,15.59,0.0,2.91
2011-11-14,0.0,10.82,10.01,0.0,0.92
2011-11-15,0.0,10.98,10.07,0.0,0.94
2011-11-16,0.0,9.92,8.94,0.0,0.92
2011-11-17,0.0,10.06,9.34,0.0,0.96
2011-11-18,0.0,9.75,9.06,0.0,0.92
2011-11-19,0.453,71.04,7.65,27.37,36.02
2011-11-20,2.989,75.07,13.43,26.62,35.02
2011-11-21,0.106,45.58,17.08,11.9,16.6
2011-11-22,0.002,14.34,13.04,0.0,1.29
2011-11-23,0.001,11.82,10.89,0.0,0.93
2011-11-24,1.395,92.48,12.67,34.45,45.36
2011-11-25,0.03,43.55,17.21,9.12,17.23
2011-11-26,0.001,12.82,11.79,0.0,1.01
2011-11-27,0.001,11.21,10.25,0.0,0.93
2011-11-28,0.001,12.04,11.1,0.0,0.94
2011-11-29,0.001,11.23,10.45,0.0,0.92
2011-11-30,0.0,10.21,9.38,0.0,0.94
2011-12-01,0.0,10.21,9.02,0.0,0.9
2011-12-02,0.0,9.4,8.66,0.0,0.92
2011-12-03,0.0,10.42,8.85,0.0,0.88
2011-12-04,0.0,9.26,8.65,0.0,0.93
2011-12-05,0.0,9.79,8.89,0.0,0.92
2011-12-06,0.0,9.47,8.85,0.0,0.93
2011-12-07,0.0,9.47,8.32,0.0,0.88
2011-12-08,0.0,10.29,9.31,0.0,0.98
2011-12-09,0.0,10.13,9.0,0.0,0.95
2011-12-10,0.0,9.92,8.88,0.0,0.94
2011-12-11,0.0,11.57,10.32,0.0,1.08
2011-12-12,0.0,9.26,8.69,0.0,0.92
2011-12-13,0.0,8.68,9.11,0.0,0.97
2011-12-14,0.0,8.68,8.36,0.0,0.89
2011-12-15,0.0,11.57,9.54,0.0,1.02
2011-12-16,0.0,7.72,8.16,0.0,0.86
2011-12-17,0.0,7.72,6.93,0.0,0.73
2011-12-18,0.0,7.72,6.05,0.0,0.63
2011-12-19,0.0,23.15,11.95,0.0,1.21
2011-12-20,0.0,0.0,7.66,0.0,0.79
2011-12-21,0.0,0.0,0.0,0.0,0.0
2011-12-22,0.0,0.0,0.0,0.0,0.0
2011-12-23,0.0,0.0,0.0,0.0,0.0
2011-12-24,0.0,0.0,0.0,0.0,0.0
2011-12-25,0.0,0.0,0.0,0.0,0.0
2011-12-26,0.0,0.0,0.0,0.0,0.0
2011-12-27,0.0,0.0,0.0,0.0,0.0
2011-12-28,0.0,0.0,0.0,0.0,0.0
2011-12-29,0.0,0.0,0.0,0.0,0.0
2011-12-30,0.0,0.0,0.0,0.0,0.0
2011-12-31,0.0,0.0,0.0,0.0,0.0
2012-01-01,0.0,0.0,0.0,0.0,0.0
2012-01-02,0.0,0.0,0.0,0.0,0.0
2012-01-03,0.0,0.0,0.0,0.0,0.0
2012-01-04,0.0,0.0,0.0,0.0,0.0
2012-01-05,0.0,0.0,0.0,0.0,0.0
2012-01-06,0.0,0.0,0.0,0.0,0.0
2012-01-07,0.0,0.0,0.0,0.0,0.0
2012-01-08,0.0,0.0,0.0,0.0,0.0
2012-01-09,0.0,0.0,0.0,0.0,0.0
2012-01-10,0.0,0.0,0.0,0.0,0.0
2012-01-11,0.0,0.0,0.0,0.0,0.0
2012-01-12,0.0,0.0,0.0,0.0,0.0
2012-01-13,0.0,0.0,0.0,0.0,0.0
2012-01-14,0.0,0.0,0.0,0.0,0.0
2012-01-15,0.0,0.0,0.0,0.0,0.0
2012-01-16,0.0,0.0,0.0,0.0,0.0
2012-01-17,0.0,0.0,0.0,0.0,0.0
2012-01-18,0.0,0.0,0.0,0.0,0.0
2012-01-19,0.078,21.28,6.62,6.25,8.41
2012-01-20,13.206,307.57,21.25,121.53,164.79
2012-01-21,5.871,372.72,39.26,136.37,197.09
2012-01-22,1.856,60.88,9.67,22.09,29.12
2012-01-23,7.85,211.89,23.2,81.48,107.21
2012-01-24,0.055,32.55,16.24,6.41,9.88
2012-01-25,0.01,12.01,11.02,0.0,0.98
2012-01-26,0.009,12.11,11.15,0.0,0.96
2012-01-27,0.007,12.25,11.29,0.0,0.95
2012-01-28,0.004,11.57,10.61,0.0,0.94
2012-01-29,0.003,10.96,10.01,0.0,0.93
2012-01-30,0.003,11.99,11.06,0.0,0.94
2012-01-31,0.003,12.13,11.18,0.0,0.94
2012-02-01,0.002,11.06,10.13,0.0,0.92
2012-02-02,0.001,11.76,10.79,0.0,0.93
2012-02-03,0.001,9.67,8.82,0.0,0.93
2012-02-04,0.001,9.58,8.7,0.0,0.93
2012-02-05,0.0,9.69,8.91,0.0,0.94
2012-02-06,0.0,9.47,8.57,0.0,0.91
2012-02-07,0.617,44.8,13.32,13.53,17.95
2012-02-08,0.017,23.61,16.61,1.75,5.26
2012-02-09,0.001,13.05,12.08,0.0,0.85
2012-02-10,0.0,11.88,11.09,0.0,0.93
2012-02-11,0.0,11.02,10.23,0.0,0.97
2012-02-12,0.0,10.03,8.99,0.0,0.92
2012-02-13,0.0,9.47,8.55,0.0,0.88
2012-02-14,0.0,10.29,9.4,0.0,0.98
2012-02-15,0.0,11.57,10.15,0.0,1.02
2012-02-16,0.0,9.26,9.28,0.0,0.98
2012-02-17,0.0,9.26,8.4,0.0,0.87
2012-02-18,0.0,11.57,9.51,0.0,0.96
2012-02-19,0.0,0.0,0.0,0.0,0.0
2012-02-20,0.0,0.0,6.78,0.0,0.73
2012-02-21,0.0,0.0,6.77,0.0,0.71
2012-02-22,0.0,0.0,0.0,0.0,0.0
2012-02-23,0.0,0.0,0.0,0.0,0.0
2012-02-24,0.0,0.0,0.0,0.0,0.0
2012-02-25,0.0,0.0,0.0,0.0,0.0
2012-02-26,0.0,0.0,0.0,0.0,0.0
2012-02-27,0.0,0.0,0.0,0.0,0.0
2012-02-28,0.0,0.0,0.0,0.0,0.0
2012-02-29,2.045,203.9,15.4,81.4,107.11
2012-03-01,0.389,55.01,12.54,18.1,24.37
2012-03-02,0.023,35.11,16.79,5.48,12.83
2012-03-03,0.0,13.59,12.57,0.0,0.97
2012-03-04,0.0,11.57,10.68,0.0,0.96
2012-03-05,0.0,9.53,8.91,0.0,0.89
2012-03-06,0.0,11.57,9.8,0.0,0.95
2012-03-07,0.0,9.92,9.22,0.0,0.93
2012-03-08,0.0,9.92,9.79,0.0,0.99
2012-03-09,0.0,9.65,8.88,0.0,0.89
2012-03-10,0.0,11.57,10.25,0.0,1.03
2012-03-11,0.0,11.57,10.63,0.0,1.06
2012-03-12,0.0,7.72,7.69,0.0,0.76
2012-03-13,5.329,112.3,16.41,41.41,54.48
2012-03-14,19.937,219.82,26.87,82.89,110.06
2012-03-15,1.694,53.68,14.69,16.82,22.17
2012-03-16,9.093,204.89,22.45,78.78,103.66
2012-03-17,1.072,105.13,18.46,37.41,49.26
2012-03-18,0.023,16.11,13.05,0.03,3.04
2012-03-19,0.019,12.83,11.82,0.0,1.0
2012-03-20,0.016,13.18,12.2,0.0,0.99
2012-03-21,0.014,13.22,12.24,0.0,0.98
2012-03-22,0.012,13.49,12.5,0.0,0.98
2012-03-23,0.009,13.62,12.65,0.0,0.97
2012-03-24,9.213,152.43,20.56,56.94,74.93
2012-03-25,4.53,141.27,25.31,50.07,65.88
2012-03-26,0.042,21.26,14.54,2.4,4.32
2012-03-27,6.839,309.26,25.33,122.49,161.45
2012-03-28,0.94,101.17,17.14,36.21,47.82
2012-03-29,0.043,16.15,13.41,0.62,2.12
2012-03-30,0.033,14.03,12.93,0.02,1.08
2012-03-31,3.466,148.86,16.62,57.1,75.14
2012-04-01,0.356,49.08,15.33,14.48,19.27
2012-04-02,0.033,14.66,13.38,0.03,1.26
2012-04-03,0.026,14.28,13.2,0.01,1.07
2012-04-04,0.021,14.42,13.37,0.01,1.04
2012-04-05,0.015,14.27,13.27,0.0,1.0
2012-04-06,0.015,14.3,13.28,0.0,1.01
2012-04-07,0.013,14.42,13.42,0.0,1.0
2012-04-08,0.011,14.54,13.54,0.0,0.98
2012-04-09,0.009,14.79,13.81,0.0,0.98
2012-04-10,3.949,99.32,13.9,36.89,48.54
2012-04-11,2.172,116.46,19.0,42.07,55.38
2012-04-12,10.391,440.29,24.97,176.48,238.84
2012-04-13,10.678,297.63,28.64,113.24,155.75
2012-04-14,0.125,23.61,14.44,3.71,5.45
2012-04-15,0.08,14.73,13.14,0.45,1.14
2012-04-16,0.065,14.75,13.23,0.4,1.12
2012-04-17,0.058,14.71,13.27,0.32,1.12
2012-04-18,0.048,14.71,13.37,0.23,1.11
2012-04-19,0.042,14.54,13.38,0.06,1.1
2012-04-20,0.034,14.54,13.42,0.03,1.09
2012-04-21,0.028,14.53,13.43,0.02,1.08
2012-04-22,0.023,14.48,13.41,0.01,1.06
2012-04-23,0.019,14.5,13.46,0.01,1.04
2012-04-24,0.016,14.64,13.63,0.0,1.02
2012-04-25,0.013,14.63,13.63,0.0,1.0
2012-04-26,0.6,45.96,12.4,14.43,19.13
2012-04-27,0.023,18.49,14.97,0.61,2.91
2012-04-28,0.009,14.77,13.8,0.0,0.97
2012-04-29,0.008,14.86,13.89,0.0,0.97
2012-04-30,0.005,15.54,14.59,0.0,0.96
2012-05-01,0.003,16.15,15.18,0.0,0.95
2012-05-02,0.001,16.99,16.05,0.0,0.94
2012-05-03,0.001,16.51,15.51,0.0,0.92
2012-05-04,0.0,17.89,16.92,0.0,0.94
2012-05-05,0.0,0.0,0.0,0.0,0.0
2012-05-06,0.0,0.0,0.0,0.0,0.0
2012-05-07,0.0,0.0,0.0,0.0,0.0
2012-05-08,0.0,0.0,0.0,0.0,0.0
2012-05-09,0.0,0.0,0.0,0.0,0.0
2012-05-10,0.0,0.0,0.0,0.0,0.0
2012-05-11,0.0,0.0,0.0,0.0,0.0
2012-05-12,0.0,0.0,0.0,0.0,0.0
2012-05-13,0.0,0.0,0.0,0.0,0.0
2012-05-14,0.0,0.0,0.0,0.0,0.0
2012-05-15,0.0,0.0,0.0,0.0,0.0
2012-05-16,0.0,0.0,0.0,0.0,0.0
2012-05-17,0.0,0.0,0.0,0.0,0.0
2012-05-18,0.0,0.0,0.0,0.0,0.0
2012-05-19,0.0,0.0,0.0,0.0,0.0
2012-05-20,0.0,0.0,0.0,0.0,0.0
2012-05-21,0.0,0.0,0.0,0.0,0.0
2012-05-22,0.0,0.0,0.0,0.0,0.0
2012-05-23,0.0,0.0,0.0,0.0,0.0
2012-05-24,0.0,0.0,0.0,0.0,0.0
2012-05-25,0.0,0.0,0.0,0.0,0.0
2012-05-26,0.0,0.0,0.0,0.0,0.0
2012-05-27,0.0,0.0,0.0,0.0,0.0
2012-05-28,0.0,0.0,0.0,0.0,0.0
2012-05-29,0.0,0.0,0.0,0.0,0.0
2012-05-30,0.0,0.0,0.0,0.0,0.0
2012-05-31,0.0,0.0,0.0,0.0,0.0
2012-06-01,0.0,0.0,0.0,0.0,0.0
2012-06-02,0.0,0.0,0.0,0.0,0.0
2012-06-03,0.0,0.0,0.0,0.0,0.0
2012-06-04,0.0,0.0,0.0,0.0,0.0
2012-06-05,0.0,0.0,0.0,0.0,0.0
2012-06-06,0.0,0.0,0.0,0.0,0.0
2012-06-07,0.0,0.0,0.0,0.0,0.0
2012-06-08,0.0,0.0,0.0,0.0,0.0
2012-06-09,0.0,0.0,0.0,0.0,0.0
2012-06-10,0.0,0.0,0.0,0.0,0.0
2012-06-11,0.0,0.0,0.0,0.0,0.0
2012-06-12,0.0,0.0,0.0,0.0,0.0
2012-06-13,0.0,0.0,0.0,0.0,0.0
2012-06-14,0.0,0.0,0.0,0.0,0.0
2012-06-15,0.0,0.0,0.0,0.0,0.0
2012-06-16,0.0,0.0,0.0,0.0,0.0
2012-06-17,0.0,0.0,0.0,0.0,0.0
2012-06-18,0.0,0.0,0.0,0.0,0.0
2012-06-19,0.0,0.0,0.0,0.0,0.0
2012-06-20,0.0,0.0,0.0,0.0,0.0
2012-06-21,0.0,0.0,0.0,0.0,0.0
2012-06-22,0.0,0.0,0.0,0.0,0.0
2012-06-23,0.0,0.0,0.0,0.0,0.0
2012-06-24,0.0,0.0,0.0,0.0,0.0
2012-06-25,0.0,0.0,0.0,0.0,0.0
2012-06-26,0.0,0.0,0.0,0.0,0.0
2012-06-27,0.0,0.0,0.0,0.0,0.0
2012-06-28,0.0,0.0,0.0,0.0,0.0
2012-06-29,0.0,0.0,0.0,0.0,0.0
2012-06-30,0.0,0.0,0.0,0.0,0.0
2012-07-01,0.0,0.0,0.0,0.0,0.0
2012-07-02,0.0,0.0,0.0,0.0,0.0
2012-07-03,0.0,0.0,0.0,0.0,0.0
2012-07-04,0.0,0.0,0.0,0.0,0.0
2012-07-05,0.0,0.0,0.0,0.0,0.0
2012-07-06,0.0,0.0,0.0,0.0,0.0
2012-07-07,0.0,0.0,0.0,0.0,0.0
2012-07-08,0.0,0.0,0.0,0.0,0.0
2012-07-09,0.0,0.0,0.0,0.0,0.0
2012-07-10,0.0,0.0,0.0,0.0,0.0
2012-07-11,0.0,0.0,0.0,0.0,0.0
2012-07-12,0.0,0.0,0.0,0.0,0.0
2012-07-13,0.0,0.0,0.0,0.0,0.0
2012-07-14,0.0,0.0,0.0,0.0,0.0
2012-07-15,0.0,0.0,0.0,0.0,0.0
2012-07-16,0.0,0.0,0.0,0.0,0.0
2012-07-17,0.0,0.0,0.0,0.0,0.0
2012-07-18,0.0,0.0,0.0,0.0,0.0
2012-07-19,0.0,0.0,0.0,0.0,0.0
2012-07-20,0.0,0.0,0.0,0.0,0.0
2012-07-21,0.0,0.0,0.0,0.0,0.0
2012-07-22,0.0,0.0,0.0,0.0,0.0
2012-07-23,0.0,0.0,0.0,0.0,0.0
2012-07-24,0.0,0.0,0.0,0.0,0.0
2012-07-25,0.0,0.0,0.0,0.0,0.0
2012-07-26,0.0,0.0,0.0,0.0,0.0
2012-07-27,0.0,0.0,0.0,0.0,0.0
2012-07-28,0.0,0.0,0.0,0.0,0.0
2012-07-29,0.0,0.0,0.0,0.0,0.0
2012-07-30,0.0,0.0,0.0,0.0,0.0
2012-07-31,0.0,0.0,0.0,0.0,0.0
2012-08-01,0.0,0.0,0.0,0.0,0.0
2012-08-02,0.0,0.0,0.0,0.0,0.0
2012-08-03,0.0,0.0,0.0,0.0,0.0
2012-08-04,0.0,0.0,0.0,0.0,0.0
2012-08-05,0.0,0.0,0.0,0.0,0.0
2012-08-06,0.0,0.0,0.0,0.0,0.0
2012-08-07,0.0,0.0,0.0,0.0,0.0
2012-08-08,0.0,0.0,0.0,0.0,0.0
2012-08-09,0.0,0.0,0.0,0.0,0.0
2012-08-10,0.0,0.0,0.0,0.0,0.0
2012-08-11,0.0,0.0,0.0,0.0,0.0
2012-08-12,0.0,0.0,0.0,0.0,0.0
2012-08-13,0.0,0.0,0.0,0.0,0.0
2012-08-14,0.0,0.0,0.0,0.0,0.0
2012-08-15,0.0,0.0,0.0,0.0,0.0
2012-08-16,0.0,0.0,0.0,0.0,0.0
2012-08-17,0.0,0.0,0.0,0.0,0.0
2012-08-18,0.0,0.0,0.0,0.0,0.0
2012-08-19,0.0,0.0,0.0,0.0,0.0
2012-08-20,0.0,0.0,0.0,0.0,0.0
2012-08-21,0.0,0.0,0.0,0.0,0.0
2012-08-22,0.0,0.0,0.0,0.0,0.0
2012-08-23,0.0,0.0,0.0,0.0,0.0
2012-08-24,0.0,0.0,0.0,0.0,0.0
2012-08-25,0.0,0.0,0.0,0.0,0.0
2012-08-26,0.0,0.0,0.0,0.0,0.0
2012-08-27,0.0,0.0,0.0,0.0,0.0
2012-08-28,0.0,0.0,0.0,0.0,0.0
2012-08-29,0.0,0.0,0.0,0.0,0.0
2012-08-30,0.0,0.0,0.0,0.0,0.0
2012-08-31,0.0,0.0,0.0,0.0,0.0
2012-09-01,0.0,0.0,0.0,0.0,0.0
2012-09-02,0.0,0.0,0.0,0.0,0.0
2012-09-03,0.0,0.0,0.0,0.0,0.0
2012-09-04,0.0,0.0,0.0,0.0,0.0
2012-09-05,0.0,0.0,0.0,0.0,0.0
2012-09-06,0.0,0.0,0.0,0.0,0.0
2012-09-07,0.0,0.0,0.0,0.0,0.0
2012-09-08,0.0,0.0,0.0,0.0,0.0
2012-09-09,0.0,0.0,0.0,0.0,0.0
2012-09-10,0.0,0.0,0.0,0.0,0.0
2012-09-11,0.0,0.0,0.0,0.0,0.0
2012-09-12,0.0,0.0,0.0,0.0,0.0
2012-09-13,0.0,0.0,0.0,0.0,0.0
2012-09-14,0.0,0.0,0.0,0.0,0.0
2012-09-15,0.0,0.0,0.0,0.0,0.0
2012-09-16,0.0,0.0,0.0,0.0,0.0
2012-09-17,0.0,0.0,0.0,0.0,0.0
2012-09-18,0.0,0.0,0.0,0.0,0.0
2012-09-19,0.0,0.0,0.0,0.0,0.0
2012-09-20,0.0,0.0,0.0,0.0,0.0
2012-09-21,0.0,0.0,0.0,0.0,0.0
2012-09-22,0.0,0.0,0.0,0.0,0.0
2012-09-23,0.0,0.0,0.0,0.0,0.0
2012-09-24,0.0,0.0,0.0,0.0,0.0
2012-09-25,0.0,0.0,0.0,0.0,0.0
2012-09-26,0.0,0.0,0.0,0.0,0.0
2012-09-27,0.0,0.0,0.0,0.0,0.0
2012-09-28,0.0,0.0,0.0,0.0,0.0
2012-09-29,0.0,0.0,0.0,0.0,0.0
2012-09-30,0.0,0.0,0.0,0.0,0.0
2012-10-01,0.0,0.0,0.0,0.0,0.0
2012-10-02,0.0,0.0,0.0,0.0,0.0
2012-10-03,0.0,0.0,0.0,0.0,0.0
2012-10-04,0.0,0.0,0.0,0.0,0.0
2012-10-05,0.0,0.0,0.0,0.0,0.0
2012-10-06,0.0,0.0,0.0,0.0,0.0
2012-10-07,0.0,0.0,0.0,0.0,0.0
2012-10-08,0.0,0.0,0.0,0.0,0.0
2012-10-09,0.0,0.0,0.0,0.0,0.0
2012-10-10,0.0,0.0,0.0,0.0,0.0
2012-10-11,0.0,0.0,0.0,0.0,0.0
2012-10-12,0.0,0.0,0.0,0.0,0.0
2012-10-13,0.0,0.0,0.0,0.0,0.0
2012-10-14,0.0,0.0,0.0,0.0,0.0
2012-10-15,0.0,0.0,0.0,0.0,0.0
2012-10-16,0.0,0.0,0.0,0.0,0.0
2012-10-17,0.0,0.0,0.0,0.0,0.0
2012-10-18,0.0,0.0,0.0,0.0,0.0
2012-10-19,0.0,0.0,0.0,0.0,0.0
2012-10-20,0.0,0.0,0.0,0.0,0.0
2012-10-21,0.0,0.0,0.0,0.0,0.0
2012-10-22,3.298,136.84,14.93,52.64,69.27
2012-10-23,1.658,128.99,15.0,49.21,64.79
2012-10-24,0.009,29.05,17.3,0.35,11.41
2012-10-25,0.001,10.68,9.81,0.0,0.93
2012-10-26,0.0,10.05,9.17,0.0,0.92
2012-10-27,0.0,9.92,8.96,0.0,0.92
2012-10-28,0.0,10.03,9.15,0.0,0.93
2012-10-29,0.0,10.24,9.21,0.0,0.94
2012-10-30,0.0,10.13,8.96,0.0,0.92
2012-10-31,0.0,9.37,8.84,0.0,0.9
2012-11-01,2.839,138.45,15.89,52.92,69.65
2012-11-02,0.014,38.79,17.78,5.43,15.59
2012-11-03,0.001,11.57,10.54,0.0,0.98
2012-11-04,0.0,10.03,9.22,0.0,0.93
2012-11-05,0.0,10.05,9.21,0.0,0.93
2012-11-06,0.0,10.17,9.22,0.0,0.93
2012-11-07,0.0,10.33,9.54,0.0,0.96
2012-11-08,0.0,10.42,9.59,0.0,0.94
2012-11-09,0.0,9.75,8.87,0.0,0.89
2012-11-10,0.0,10.13,9.34,0.0,0.94
2012-11-11,0.0,10.21,9.24,0.0,0.95
2012-11-12,0.0,10.03,9.25,0.0,0.94
2012-11-13,0.0,9.79,9.0,0.0,0.91
2012-11-14,0.0,10.52,9.72,0.0,1.0
2012-11-15,0.0,10.42,9.21,0.0,0.93
2012-11-16,0.601,53.98,7.24,20.15,26.59
2012-11-17,7.324,184.86,17.42,72.3,95.14
2012-11-18,1.644,182.4,23.47,68.61,90.32
2012-11-19,0.008,28.66,16.4,0.1,12.16
2012-11-20,0.324,0.06,0.05,0.0,0.01
2012-11-21,10.142,321.34,26.42,126.24,168.69
2012-11-22,0.042,36.9,16.54,7.8,12.55
2012-11-23,0.005,11.29,10.33,0.0,0.97
2012-11-24,0.005,11.19,10.25,0.0,0.95
2012-11-25,0.004,11.37,10.42,0.0,0.94
2012-11-26,0.003,11.14,10.2,0.0,0.93
2012-11-27,0.002,10.8,9.85,0.0,0.94
2012-11-28,1.728,108.07,12.76,41.16,54.15
2012-11-29,0.106,38.32,12.14,10.77,15.41
2012-11-30,20.718,267.88,28.27,102.0,137.62
2012-12-01,3.135,107.69,13.61,40.59,53.49
2012-12-02,12.995,370.73,28.72,142.68,199.33
2012-12-03,0.15,51.34,16.2,14.17,20.97
2012-12-04,0.03,12.97,11.84,0.0,1.12
2012-12-05,9.832,649.83,29.75,261.91,358.16
2012-12-06,0.132,55.27,15.72,16.28,23.28
2012-12-07,0.04,13.6,12.43,0.01,1.16
2012-12-08,0.035,13.58,12.5,0.01,1.07
2012-12-09,0.03,13.66,12.61,0.01,1.05
2012-12-10,0.027,13.72,12.68,0.01,1.04
2012-12-11,0.025,13.88,12.84,0.0,1.03
2012-12-12,0.017,14.25,13.25,0.0,0.99
2012-12-13,0.016,13.85,12.86,0.0,0.99
2012-12-14,0.015,14.19,13.2,0.0,0.99
2012-12-15,0.013,14.25,13.27,0.0,0.98
2012-12-16,0.012,14.05,13.08,0.0,0.97
2012-12-17,2.022,152.31,14.26,59.6,78.45
2012-12-18,0.055,63.24,16.93,18.51,27.8
2012-12-19,0.008,14.06,13.02,0.0,1.04
2012-12-20,0.009,14.3,13.34,0.0,0.97
2012-12-21,0.275,56.08,8.41,20.57,27.1
2012-12-22,8.27,229.75,20.03,90.56,119.16
2012-12-23,15.362,235.31,25.35,89.8,120.16
2012-12-24,0.604,78.71,16.4,26.48,35.83
2012-12-25,10.82,334.57,26.52,131.33,176.72
2012-12-26,3.147,85.85,14.49,30.54,40.83
2012-12-27,0.233,20.16,13.87,2.69,3.6
2012-12-28,0.17,14.86,12.96,0.77,1.14
2012-12-29,0.328,24.3,12.82,4.93,6.55
2012-12-30,0.138,14.93,13.1,0.66,1.17
2012-12-31,0.12,14.78,13.03,0.61,1.14
2013-01-01,0.105,14.83,13.09,0.61,1.14
2013-01-02,0.09,14.76,13.08,0.54,1.13
2013-01-03,0.082,14.65,13.05,0.47,1.13
2013-01-04,0.072,14.62,13.1,0.39,1.13
2013-01-05,0.213,25.28,9.82,6.58,8.88
2013-01-06,0.517,32.93,14.23,8.06,10.64
2013-01-07,0.069,15.04,13.32,0.47,1.25
2013-01-08,0.055,14.22,13.04,0.06,1.11
2013-01-09,0.046,14.39,13.25,0.03,1.11
2013-01-10,0.031,14.34,13.27,0.01,1.06
2013-01-11,0.026,14.2,13.16,0.01,1.04
2013-01-12,0.026,14.12,13.07,0.01,1.04
2013-01-13,0.021,14.23,13.21,0.0,1.02
2013-01-14,0.015,14.23,13.24,0.0,0.99
2013-01-15,0.017,14.12,13.12,0.0,1.0
2013-01-16,0.014,14.19,13.2,0.0,0.99
2013-01-17,0.011,14.21,13.24,0.0,0.97
2013-01-18,0.01,14.09,13.12,0.0,0.97
2013-01-19,0.008,14.33,13.37,0.0,0.96
2013-01-20,0.006,14.35,13.4,0.0,0.95
2013-01-21,0.004,14.76,13.83,0.0,0.94
2013-01-22,0.004,14.24,13.29,0.0,0.95
2013-01-23,0.002,15.85,14.94,0.0,0.92
2013-01-24,0.003,13.74,12.8,0.0,0.93
2013-01-25,0.004,14.3,13.37,0.0,0.94
2013-01-26,0.003,15.18,14.23,0.0,0.94
2013-01-27,0.0,17.36,21.18,0.0,0.13
2013-01-28,0.0,14.47,13.28,0.12,0.95
2013-01-29,0.0,16.12,15.27,0.0,0.9
2013-01-30,0.0,17.36,16.33,0.0,0.94
2013-01-31,0.0,18.33,17.36,0.0,0.94
2013-02-01,0.0,0.0,0.0,0.0,0.0
2013-02-02,0.0,0.0,0.0,0.0,0.0
2013-02-03,0.0,0.0,0.0,0.0,0.0
2013-02-04,0.0,0.0,0.0,0.0,0.0
2013-02-05,0.0,0.0,0.0,0.0,0.0
2013-02-06,0.0,0.0,0.0,0.0,0.0
2013-02-07,0.0,0.0,0.0,0.0,0.0
2013-02-08,0.333,51.4,14.37,15.87,21.16
2013-02-09,0.003,23.91,18.09,0.0,5.82
2013-02-10,0.0,15.26,14.11,0.0,0.92
2013-02-11,0.0,15.91,15.1,0.0,0.96
2013-02-12,0.0,11.57,9.4,0.0,0.61
2013-02-13,0.0,0.0,0.0,0.0,0.0
2013-02-14,0.0,0.0,0.0,0.0,0.0
2013-02-15,0.0,0.0,0.0,0.0,0.0
2013-02-16,0.0,0.0,0.0,0.0,0.0
2013-02-17,0.0,0.0,0.0,0.0,0.0
2013-02-18,0.0,0.0,0.0,0.0,0.0
2013-02-19,2.047,134.55,14.93,51.65,67.97
2013-02-20,0.109,67.11,17.33,20.85,28.93
2013-02-21,0.002,15.95,14.36,0.0,1.59
2013-02-22,0.003,14.21,13.28,0.0,0.95
2013-02-23,0.001,14.81,13.85,0.0,0.94
2013-02-24,0.0,10.75,9.69,0.0,0.82
2013-02-25,0.0,13.78,12.87,0.0,0.97
2013-02-26,0.0,10.29,8.84,0.0,0.86
2013-02-27,0.0,11.57,9.68,0.0,0.97
2013-02-28,0.0,9.26,8.94,0.0,0.91
2013-03-01,0.0,11.57,8.42,0.0,0.85
2013-03-02,0.0,7.72,7.58,0.0,0.75
2013-03-03,0.0,0.0,8.89,0.0,0.9
2013-03-04,0.0,23.15,11.81,0.0,1.18
2013-03-05,0.0,0.0,0.0,0.0,0.0
2013-03-06,0.635,56.25,13.37,18.45,24.43
2013-03-07,0.007,21.18,16.74,0.0,4.43
2013-03-08,0.0,17.36,15.65,0.0,0.76
2013-03-09,0.0,15.05,14.2,0.0,0.93
2013-03-10,0.0,11.57,11.11,0.0,0.82
2013-03-11,0.0,11.57,9.16,0.0,0.81
2013-03-12,0.0,11.57,11.41,0.0,0.94
2013-03-13,0.0,0.0,0.0,0.0,0.0
2013-03-14,0.0,0.0,0.0,0.0,0.0
2013-03-15,0.0,0.0,0.0,0.0,0.0
2013-03-16,0.0,0.0,0.0,0.0,0.0
2013-03-17,0.0,0.0,0.0,0.0,0.0
2013-03-18,0.0,0.0,0.0,0.0,0.0
2013-03-19,0.0,0.0,0.0,0.0,0.0
2013-03-20,0.0,0.0,0.0,0.0,0.0
2013-03-21,0.0,0.0,0.0,0.0,0.0
2013-03-22,0.0,0.0,0.0,0.0,0.0
2013-03-23,0.0,0.0,0.0,0.0,0.0
2013-03-24,0.0,0.0,0.0,0.0,0.0
2013-03-25,0.0,0.0,0.0,0.0,0.0
2013-03-26,0.0,0.0,0.0,0.0,0.0
2013-03-27,0.0,0.0,0.0,0.0,0.0
2013-03-28,0.0,0.0,0.0,0.0,0.0
2013-03-29,0.0,0.0,0.0,0.0,0.0
2013-03-30,0.0,0.0,0.0,0.0,0.0
2013-03-31,0.002,29.97,15.8,6.12,8.06
2013-04-01,7.584,208.44,20.47,81.16,106.8
2013-04-02,0.063,58.02,17.0,16.68,24.35
2013-04-03,0.007,13.81,12.75,0.0,1.06
2013-04-04,2.968,218.45,15.68,87.55,115.22
2013-04-05,0.043,48.69,16.32,12.48,19.89
2013-04-06,0.008,13.5,12.5,0.0,1.0
2013-04-07,0.006,13.85,12.88,0.0,0.97
2013-04-08,0.001,11.26,10.36,0.0,0.87
2013-04-09,0.002,13.33,12.37,0.0,0.94
2013-04-10,0.001,13.58,12.55,0.0,0.94
2013-04-11,0.0,9.92,8.92,0.0,0.92
2013-04-12,0.0,9.79,8.87,0.0,0.93
2013-04-13,0.0,9.71,8.8,0.0,0.92
2013-04-14,0.0,9.65,8.76,0.0,0.92
2013-04-15,0.0,9.75,8.58,0.0,0.9
2013-04-16,0.0,9.79,8.74,0.0,0.92
2013-04-17,0.0,9.47,8.42,0.0,0.9
2013-04-18,0.0,9.0,8.92,0.0,0.95
2013-04-19,0.0,10.13,7.97,0.0,0.85
2013-04-20,0.0,11.57,9.75,0.0,1.04
2013-04-21,0.0,8.68,8.78,0.0,0.94
2013-04-22,0.0,7.72,7.1,0.0,0.76
2013-04-23,0.0,0.0,8.05,0.0,0.85
2013-04-24,0.0,0.0,0.0,0.0,0.0
2013-04-25,0.0,0.0,0.0,0.0,0.0
2013-04-26,0.0,0.0,0.0,0.0,0.0
2013-04-27,0.0,0.0,0.0,0.0,0.0
2013-04-28,0.0,0.0,0.0,0.0,0.0
2013-04-29,0.0,0.0,0.0,0.0,0.0
2013-04-30,0.0,0.0,0.0,0.0,0.0
2013-05-01,0.0,0.0,0.0,0.0,0.0
2013-05-02,0.0,0.0,0.0,0.0,0.0
2013-05-03,0.0,0.0,0.0,0.0,0.0
2013-05-04,0.0,0.0,0.0,0.0,0.0
2013-05-05,0.0,0.0,0.0,0.0,0.0
2013-05-06,0.0,0.0,0.0,0.0,0.0
2013-05-07,0.0,0.0,0.0,0.0,0.0
2013-05-08,0.0,0.0,0.0,0.0,0.0
2013-05-09,0.0,0.0,0.0,0.0,0.0
2013-05-10,0.0,0.0,0.0,0.0,0.0
2013-05-11,0.0,0.0,0.0,0.0,0.0
2013-05-12,0.0,0.0,0.0,0.0,0.0
2013-05-13,0.0,0.0,0.0,0.0,0.0
2013-05-14,0.0,0.0,0.0,0.0,0.0
2013-05-15,0.0,0.0,0.0,0.0,0.0
2013-05-16,0.0,0.0,0.0,0.0,0.0
2013-05-17,0.0,0.0,0.0,0.0,0.0
2013-05-18,0.0,0.0,0.0,0.0,0.0
2013-05-19,0.0,0.0,0.0,0.0,0.0
2013-05-20,0.0,0.0,0.0,0.0,0.0
2013-05-21,0.0,0.0,0.0,0.0,0.0
2013-05-22,0.0,0.0,0.0,0.0,0.0
2013-05-23,0.0,0.0,0.0,0.0,0.0
2013-05-24,0.0,0.0,0.0,0.0,0.0
2013-05-25,0.0,0.0,0.0,0.0,0.0
2013-05-26,0.0,0.0,0.0,0.0,0.0
2013-05-27,0.0,0.0,0.0,0.0,0.0
2013-05-28,0.0,0.0,0.0,0.0,0.0
2013-05-29,0.0,0.0,0.0,0.0,0.0
2013-05-30,0.0,0.0,0.0,0.0,0.0
2013-05-31,0.0,0.0,0.0,0.0,0.0
2013-06-01,0.0,0.0,0.0,0.0,0.0
2013-06-02,0.0,0.0,0.0,0.0,0.0
2013-06-03,0.0,0.0,0.0,0.0,0.0
2013-06-04,0.0,0.0,0.0,0.0,0.0
2013-06-05,0.0,0.0,0.0,0.0,0.0
2013-06-06,0.0,0.0,0.0,0.0,0.0
2013-06-07,0.0,0.0,0.0,0.0,0.0
2013-06-08,0.0,0.0,0.0,0.0,0.0
2013-06-09,0.0,0.0,0.0,0.0,0.0
2013-06-10,0.0,0.0,0.0,0.0,0.0
2013-06-11,0.0,0.0,0.0,0.0,0.0
2013-06-12,0.0,0.0,0.0,0.0,0.0
2013-06-13,0.0,0.0,0.0,0.0,0.0
2013-06-14,0.0,0.0,0.0,0.0,0.0
2013-06-15,0.0,0.0,0.0,0.0,0.0
2013-06-16,0.0,0.0,0.0,0.0,0.0
2013-06-17,0.0,0.0,0.0,0.0,0.0
2013-06-18,0.0,0.0,0.0,0.0,0.0
2013-06-19,0.0,0.0,0.0,0.0,0.0
2013-06-20,0.0,0.0,0.0,0.0,0.0
2013-06-21,0.0,0.0,0.0,0.0,0.0
2013-06-22,0.0,0.0,0.0,0.0,0.0
2013-06-23,0.0,0.0,0.0,0.0,0.0
2013-06-24,0.0,0.0,0.0,0.0,0.0
2013-06-25,0.0,0.0,0.0,0.0,0.0
2013-06-26,0.0,0.0,0.0,0.0,0.0
2013-06-27,0.0,0.0,0.0,0.0,0.0
2013-06-28,0.0,0.0,0.0,0.0,0.0
2013-06-29,0.0,0.0,0.0,0.0,0.0
2013-06-30,0.0,0.0,0.0,0.0,0.0
2013-07-01,0.0,0.0,0.0,0.0,0.0
2013-07-02,0.0,0.0,0.0,0.0,0.0
2013-07-03,0.0,0.0,0.0,0.0,0.0
2013-07-04,0.0,0.0,0.0,0.0,0.0
2013-07-05,0.0,0.0,0.0,0.0,0.0
2013-07-06,0.0,0.0,0.0,0.0,0.0
2013-07-07,0.0,0.0,0.0,0.0,0.0
2013-07-08,0.0,0.0,0.0,0.0,0.0
2013-07-09,0.0,0.0,0.0,0.0,0.0
2013-07-10,0.0,0.0,0.0,0.0,0.0
2013-07-11,0.0,0.0,0.0,0.0,0.0
2013-07-12,0.0,0.0,0.0,0.0,0.0
2013-07-13,0.0,0.0,0.0,0.0,0.0
2013-07-14,0.0,0.0,0.0,0.0,0.0
2013-07-15,0.0,0.0,0.0,0.0,0.0
2013-07-16,0.0,0.0,0.0,0.0,0.0
2013-07-17,0.0,0.0,0.0,0.0,0.0
2013-07-18,0.0,0.0,0.0,0.0,0.0
2013-07-19,0.0,0.0,0.0,0.0,0.0
2013-07-20,0.0,0.0,0.0,0.0,0.0
2013-07-21,0.0,0.0,0.0,0.0,0.0
2013-07-22,0.0,0.0,0.0,0.0,0.0
2013-07-23,0.0,0.0,0.0,0.0,0.0
2013-07-24,0.0,0.0,0.0,0.0,0.0
2013-07-25,0.0,0.0,0.0,0.0,0.0
2013-07-26,0.0,0.0,0.0,0.0,0.0
2013-07-27,0.0,0.0,0.0,0.0,0.0
2013-07-28,0.0,0.0,0.0,0.0,0.0
2013-07-29,0.0,0.0,0.0,0.0,0.0
2013-07-30,0.0,0.0,0.0,0.0,0.0
2013-07-31,0.0,0.0,0.0,0.0,0.0
2013-08-01,0.0,0.0,0.0,0.0,0.0
2013-08-02,0.0,0.0,0.0,0.0,0.0
2013-08-03,0.0,0.0,0.0,0.0,0.0
2013-08-04,0.0,0.0,0.0,0.0,0.0
2013-08-05,0.0,0.0,0.0,0.0,0.0
2013-08-06,0.0,0.0,0.0,0.0,0.0
2013-08-07,0.0,0.0,0.0,0.0,0.0
2013-08-08,0.0,0.0,0.0,0.0,0.0
2013-08-09,0.0,0.0,0.0,0.0,0.0
2013-08-10,0.0,0.0,0.0,0.0,0.0
2013-08-11,0.0,0.0,0.0,0.0,0.0
2013-08-12,0.0,0.0,0.0,0.0,0.0
2013-08-13,0.0,0.0,0.0,0.0,0.0
2013-08-14,0.0,0.0,0.0,0.0,0.0
2013-08-15,0.0,0.0,0.0,0.0,0.0
2013-08-16,0.0,0.0,0.0,0.0,0.0
2013-08-17,0.0,0.0,0.0,0.0,0.0
2013-08-18,0.0,0.0,0.0,0.0,0.0
2013-08-19,0.0,0.0,0.0,0.0,0.0
2013-08-20,0.0,0.0,0.0,0.0,0.0
2013-08-21,0.0,0.0,0.0,0.0,0.0
2013-08-22,0.0,0.0,0.0,0.0,0.0
2013-08-23,0.0,0.0,0.0,0.0,0.0
2013-08-24,0.0,0.0,0.0,0.0,0.0
2013-08-25,0.0,0.0,0.0,0.0,0.0
2013-08-26,0.0,0.0,0.0,0.0,0.0
2013-08-27,0.0,0.0,0.0,0.0,0.0
2013-08-28,0.0,0.0,0.0,0.0,0.0
2013-08-29,0.0,0.0,0.0,0.0,0.0
2013-08-30,0.0,0.0,0.0,0.0,0.0
2013-08-31,0.0,0.0,0.0,0.0,0.0
2013-09-01,0.0,0.0,0.0,0.0,0.0
2013-09-02,0.0,0.0,0.0,0.0,0.0
2013-09-03,0.0,0.0,0.0,0.0,0.0
2013-09-04,0.0,0.0,0.0,0.0,0.0
2013-09-05,0.0,0.0,0.0,0.0,0.0
2013-09-06,0.0,0.0,0.0,0.0,0.0
2013-09-07,0.0,0.0,0.0,0.0,0.0
2013-09-08,0.0,0.0,0.0,0.0,0.0
2013-09-09,0.0,0.0,0.0,0.0,0.0
2013-09-10,0.0,0.0,0.0,0.0,0.0
2013-09-11,0.0,0.0,0.0,0.0,0.0
2013-09-12,0.0,0.0,0.0,0.0,0.0
2013-09-13,0.0,0.0,0.0,0.0,0.0
2013-09-14,0.0,0.0,0.0,0.0,0.0
2013-09-15,0.0,0.0,0.0,0.0,0.0
2013-09-16,0.0,0.0,0.0,0.0,0.0
2013-09-17,0.0,0.0,0.0,0.0,0.0
2013-09-18,0.0,0.0,0.0,0.0,0.0
2013-09-19,0.0,0.0,0.0,0.0,0.0
2013-09-20,0.0,0.0,0.0,0.0,0.0
2013-09-21,2.578,225.48,17.18,89.94,118.35
2013-09-22,0.108,101.19,17.34,35.15,48.7
2013-09-23,0.001,21.66,16.79,0.0,4.91
2013-09-24,0.0,8.9,8.71,0.0,0.85
2013-09-25,0.0,9.26,8.52,0.0,0.88
2013-09-26,0.0,10.13,9.58,0.0,0.99
2013-09-27,0.0,9.92,9.4,0.0,0.97
2013-09-28,0.0,9.65,9.0,0.0,0.91
2013-09-29,0.0,11.57,10.78,0.0,1.12
2013-09-30,0.0,11.57,10.0,0.0,1.02
2013-10-01,0.0,11.57,10.39,0.0,1.04
2013-10-02,0.0,11.57,9.84,0.0,0.98
2013-10-03,0.0,23.15,13.1,0.0,1.3
2013-10-04,0.0,0.0,0.0,0.0,0.0
2013-10-05,0.0,0.0,0.0,0.0,0.0
2013-10-06,0.0,0.0,0.0,0.0,0.0
2013-10-07,0.0,0.0,0.0,0.0,0.0
2013-10-08,0.0,0.0,0.0,0.0,0.0
2013-10-09,0.0,0.0,0.0,0.0,0.0
2013-10-10,0.0,0.0,0.0,0.0,0.0
2013-10-11,0.0,0.0,0.0,0.0,0.0
2013-10-12,0.0,0.0,0.0,0.0,0.0
2013-10-13,0.0,0.0,0.0,0.0,0.0
2013-10-14,0.0,0.0,0.0,0.0,0.0
2013-10-15,0.0,0.0,0.0,0.0,0.0
2013-10-16,0.0,0.0,0.0,0.0,0.0
2013-10-17,0.0,0.0,0.0,0.0,0.0
2013-10-18,0.0,0.0,0.0,0.0,0.0
2013-10-19,0.0,0.0,0.0,0.0,0.0
2013-10-20,0.0,0.0,0.0,0.0,0.0
2013-10-21,0.0,0.0,0.0,0.0,0.0
2013-10-22,0.0,0.0,0.0,0.0,0.0
2013-10-23,0.0,0.0,0.0,0.0,0.0
2013-10-24,0.0,0.0,0.0,0.0,0.0
2013-10-25,0.0,0.0,0.0,0.0,0.0
2013-10-26,0.0,0.0,0.0,0.0,0.0
2013-10-27,0.0,0.0,0.0,0.0,0.0
2013-10-28,0.0,0.0,0.0,0.0,0.0
2013-10-29,0.0,0.0,0.0,0.0,0.0
2013-10-30,0.0,0.0,0.0,0.0,0.0
2013-10-31,0.0,0.0,0.0,0.0,0.0
2013-11-01,0.0,0.0,0.0,0.0,0.0
2013-11-02,0.0,0.0,0.0,0.0,0.0
2013-11-03,0.0,0.0,0.0,0.0,0.0
2013-11-04,0.0,0.0,0.0,0.0,0.0
2013-11-05,0.0,0.0,0.0,0.0,0.0
2013-11-06,0.0,0.0,0.0,0.0,0.0
2013-11-07,0.0,0.0,0.0,0.0,0.0
2013-11-08,0.0,0.0,0.0,0.0,0.0
2013-11-09,0.0,0.0,0.0,0.0,0.0
2013-11-10,0.0,0.0,0.0,0.0,0.0
2013-11-11,0.0,0.0,0.0,0.0,0.0
2013-11-12,0.0,0.0,0.0,0.0,0.0
2013-11-13,0.0,0.0,0.0,0.0,0.0
2013-11-14,0.0,0.0,0.0,0.0,0.0
2013-11-15,0.0,0.0,0.0,0.0,0.0
2013-11-16,0.0,0.0,0.0,0.0,0.0
2013-11-17,0.0,0.0,0.0,0.0,0.0
2013-11-18,0.0,0.0,0.0,0.0,0.0
2013-11-19,2.14,155.73,15.59,60.52,79.63
2013-11-20,9.659,343.57,24.87,137.08,181.62
2013-11-21,0.239,92.63,17.4,31.85,43.39
2013-11-22,0.003,16.22,12.81,0.0,3.41
2013-11-23,0.002,9.9,8.96,0.0,0.93
2013-11-24,0.001,9.81,8.9,0.0,0.93
2013-11-25,0.001,9.81,8.9,0.0,0.93
2013-11-26,0.001,9.86,8.92,0.0,0.93
2013-11-27,0.001,9.75,8.87,0.0,0.93
2013-11-28,0.001,9.88,8.92,0.0,0.93
2013-11-29,0.001,9.81,8.87,0.0,0.93
2013-11-30,0.001,9.89,8.96,0.0,0.94
2013-12-01,0.001,9.86,8.97,0.0,0.94
2013-12-02,0.0,9.6,8.82,0.0,0.92
2013-12-03,0.0,9.97,9.04,0.0,0.93
2013-12-04,0.0,9.65,8.72,0.0,0.92
2013-12-05,0.0,9.79,8.89,0.0,0.93
2013-12-06,0.37,1.52,0.45,0.46,0.61
2013-12-07,2.915,199.2,16.87,78.72,103.6
2013-12-08,0.022,63.44,17.82,15.47,30.15
2013-12-09,0.001,11.74,10.68,0.0,1.21
2013-12-10,0.001,10.02,9.08,0.0,0.92
2013-12-11,0.0,10.03,9.2,0.0,0.93
2013-12-12,0.0,9.92,9.06,0.0,0.93
2013-12-13,0.0,9.75,9.07,0.0,0.93
2013-12-14,0.0,9.77,8.99,0.0,0.91
2013-12-15,0.0,9.72,9.09,0.0,0.92
2013-12-16,0.0,10.36,9.38,0.0,0.95
2013-12-17,0.0,10.21,9.21,0.0,0.95
2013-12-18,0.0,10.21,9.1,0.0,0.93
2013-12-19,0.0,10.52,9.83,0.0,0.99
2013-12-20,0.0,9.47,8.67,0.0,0.89
2013-12-21,0.0,9.47,8.47,0.0,0.88
2013-12-22,0.0,9.26,8.34,0.0,0.86
2013-12-23,0.0,10.13,8.65,0.0,0.89
2013-12-24,0.0,9.92,8.3,0.0,0.85
2013-12-25,0.0,9.26,9.14,0.0,0.92
2013-12-26,0.0,8.68,8.04,0.0,0.82
2013-12-27,0.0,7.72,8.56,0.0,0.87
2013-12-28,0.0,7.72,8.16,0.0,0.85
2013-12-29,0.0,23.15,15.85,0.0,1.5
2013-12-30,0.0,0.0,0.0,0.0,0.0
2013-12-31,0.0,0.0,0.0,0.0,0.0
2014-01-01,0.0,0.0,0.0,0.0,0.0
2014-01-02,0.0,0.0,0.0,0.0,0.0
2014-01-03,0.0,0.0,0.0,0.0,0.0
2014-01-04,0.0,0.0,0.0,0.0,0.0
2014-01-05,0.0,0.0,0.0,0.0,0.0
2014-01-06,0.0,0.0,0.0,0.0,0.0
2014-01-07,0.0,0.0,0.0,0.0,0.0
2014-01-08,0.0,0.0,0.0,0.0,0.0
2014-01-09,0.0,0.0,0.0,0.0,0.0
2014-01-10,0.0,0.0,0.0,0.0,0.0
2014-01-11,0.0,0.0,0.0,0.0,0.0
2014-01-12,0.0,0.0,0.0,0.0,0.0
2014-01-13,0.0,0.0,0.0,0.0,0.0
2014-01-14,0.0,0.0,0.0,0.0,0.0
2014-01-15,0.0,0.0,0.0,0.0,0.0
2014-01-16,0.0,0.0,0.0,0.0,0.0
2014-01-17,0.0,0.0,0.0,0.0,0.0
2014-01-18,0.0,0.0,0.0,0.0,0.0
2014-01-19,0.0,0.0,0.0,0.0,0.0
2014-01-20,0.0,0.0,0.0,0.0,0.0
2014-01-21,0.0,0.0,0.0,0.0,0.0
2014-01-22,0.0,0.0,0.0,0.0,0.0
2014-01-23,0.0,0.0,0.0,0.0,0.0
2014-01-24,0.0,0.0,0.0,0.0,0.0
2014-01-25,0.0,0.0,0.0,0.0,0.0
2014-01-26,0.0,0.0,0.0,0.0,0.0
2014-01-27,0.0,0.0,0.0,0.0,0.0
2014-01-28,0.0,0.0,0.0,0.0,0.0
2014-01-29,0.0,0.0,0.0,0.0,0.0
2014-01-30,0.0,0.0,0.0,0.0,0.0
2014-01-31,0.0,0.0,0.0,0.0,0.0
2014-02-01,0.0,0.0,0.0,0.0,0.0
2014-02-02,1.831,83.21,13.01,30.31,39.89
2014-02-03,0.125,58.1,17.22,17.19,23.69
2014-02-04,0.001,20.08,17.24,0.0,2.78
2014-02-05,0.0,9.65,9.18,0.0,0.9
2014-02-06,6.754,184.81,20.12,71.12,93.58
2014-02-07,3.087,94.35,13.67,34.83,45.86
2014-02-08,8.24,114.24,16.78,42.08,55.37
2014-02-09,12.087,192.03,21.23,73.76,97.05
2014-02-10,0.803,60.89,16.21,19.27,25.41
2014-02-11,0.015,14.33,12.39,0.0,1.94
2014-02-12,0.009,11.34,10.38,0.0,0.96
2014-02-13,0.007,11.34,10.39,0.0,0.95
2014-02-14,0.006,11.48,10.53,0.0,0.95
2014-02-15,0.004,11.52,10.56,0.0,0.95
2014-02-16,0.003,10.87,9.92,0.0,0.94
2014-02-17,0.002,10.09,9.15,0.0,0.93
2014-02-18,0.001,9.81,8.86,0.0,0.94
2014-02-19,0.001,9.65,8.73,0.0,0.92
2014-02-20,0.001,9.67,8.81,0.0,0.94
2014-02-21,0.001,9.81,8.87,0.0,0.94
2014-02-22,0.0,9.56,8.73,0.0,0.93
2014-02-23,0.0,9.59,8.65,0.0,0.92
2014-02-24,0.0,9.79,8.62,0.0,0.92
2014-02-25,0.0,9.84,8.47,0.0,0.9
2014-02-26,4.87,118.53,15.98,44.28,58.27
2014-02-27,2.018,102.93,14.32,38.26,50.35
2014-02-28,9.726,179.6,21.35,68.33,89.92
2014-03-01,1.172,48.24,13.82,14.86,19.56
2014-03-02,0.021,17.28,14.16,0.35,2.78
2014-03-03,0.306,54.63,8.95,19.71,25.97
2014-03-04,0.496,55.49,15.0,17.43,23.06
2014-03-05,0.886,147.4,8.23,60.09,79.08
2014-03-06,1.564,203.14,19.27,79.37,104.5
2014-03-07,0.014,23.61,14.66,0.09,8.86
2014-03-08,0.007,13.07,12.11,0.0,0.96
2014-03-09,0.004,13.32,12.36,0.0,0.95
2014-03-10,0.002,12.41,11.51,0.0,0.91
2014-03-11,0.001,11.71,10.82,0.0,0.93
2014-03-12,0.0,10.13,9.12,0.0,0.92
2014-03-13,0.0,9.58,8.69,0.0,0.92
2014-03-14,0.0,10.0,8.76,0.0,0.93
2014-03-15,0.0,9.92,9.26,0.0,0.97
2014-03-16,0.0,10.29,9.03,0.0,0.95
2014-03-17,0.0,11.57,9.96,0.0,1.07
2014-03-18,0.0,8.68,7.01,0.0,0.76
2014-03-19,0.0,11.57,12.41,0.0,1.36
2014-03-20,0.0,0.0,0.0,0.0,0.0
2014-03-21,0.0,0.0,0.0,0.0,0.0
2014-03-22,0.0,0.0,0.0,0.0,0.0
2014-03-23,0.0,0.0,0.0,0.0,0.0
2014-03-24,0.0,0.0,0.0,0.0,0.0
2014-03-25,0.0,0.0,0.0,0.0,0.0
2014-03-26,5.641,215.57,22.01,83.58,109.98
2014-03-27,0.157,45.54,16.79,12.21,16.55
2014-03-28,0.005,17.28,15.8,0.0,1.47
2014-03-29,7.289,455.0,24.65,185.0,245.34
2014-03-30,0.542,64.97,14.79,21.52,28.67
2014-03-31,6.027,333.82,22.58,134.4,176.84
2014-04-01,8.26,180.88,19.35,69.75,91.78
2014-04-02,1.578,67.09,14.69,22.62,29.78
2014-04-03,0.036,19.43,14.04,1.73,3.66
2014-04-04,1.523,127.06,12.92,49.27,64.88
2014-04-05,0.041,36.72,15.22,7.94,13.56
2014-04-06,0.018,13.52,12.49,0.0,1.02
2014-04-07,0.015,13.61,12.61,0.0,0.99
2014-04-08,0.011,13.78,12.8,0.0,0.98
2014-04-09,0.008,13.85,12.89,0.0,0.96
2014-04-10,0.007,14.04,13.09,0.0,0.96
2014-04-11,0.004,14.73,13.77,0.0,0.95
2014-04-12,0.003,14.61,13.66,0.0,0.94
2014-04-13,0.001,15.92,15.01,0.0,0.93
2014-04-14,0.0,14.92,13.86,0.0,0.91
2014-04-15,0.0,9.0,8.5,0.0,0.87
2014-04-16,0.0,9.26,7.8,0.0,0.88
2014-04-17,0.0,11.57,12.5,0.0,1.55
2014-04-18,0.0,0.0,0.0,0.0,0.0
2014-04-19,0.0,0.0,0.0,0.0,0.0
2014-04-20,0.0,0.0,0.0,0.0,0.0
2014-04-21,0.0,0.0,0.0,0.0,0.0
2014-04-22,0.0,0.0,0.0,0.0,0.0
2014-04-23,0.0,0.0,0.0,0.0,0.0
2014-04-24,0.0,0.0,0.0,0.0,0.0
2014-04-25,1.674,98.36,13.91,36.47,47.98
2014-04-26,0.321,46.63,16.13,13.08,17.42
2014-04-27,0.003,18.42,16.46,0.0,1.94
2014-04-28,0.001,14.12,13.21,0.0,0.92
2014-04-29,0.0,10.61,10.26,0.0,0.95
2014-04-30,0.0,10.13,9.64,0.0,0.92
2014-05-01,0.0,9.26,9.03,0.0,0.84
2014-05-02,0.0,11.57,8.49,0.0,0.7
2014-05-03,0.0,0.0,0.0,0.0,0.0
2014-05-04,0.0,0.0,0.0,0.0,0.0
2014-05-05,0.0,0.0,0.0,0.0,0.0
2014-05-06,0.0,0.0,0.0,0.0,0.0
2014-05-07,0.0,0.0,0.0,0.0,0.0
2014-05-08,0.0,0.0,0.0,0.0,0.0
2014-05-09,0.0,0.0,0.0,0.0,0.0
2014-05-10,0.0,0.0,0.0,0.0,0.0
2014-05-11,0.0,0.0,0.0,0.0,0.0
2014-05-12,0.0,0.0,0.0,0.0,0.0
2014-05-13,0.0,0.0,0.0,0.0,0.0
2014-05-14,0.0,0.0,0.0,0.0,0.0
2014-05-15,0.0,0.0,0.0,0.0,0.0
2014-05-16,0.0,0.0,0.0,0.0,0.0
2014-05-17,0.0,0.0,0.0,0.0,0.0
2014-05-18,0.0,0.0,0.0,0.0,0.0
2014-05-19,0.0,0.0,0.0,0.0,0.0
2014-05-20,0.0,0.0,0.0,0.0,0.0
2014-05-21,0.0,0.0,0.0,0.0,0.0
2014-05-22,0.0,0.0,0.0,0.0,0.0
2014-05-23,0.0,0.0,0.0,0.0,0.0
2014-05-24,0.0,0.0,0.0,0.0,0.0
2014-05-25,0.0,0.0,0.0,0.0,0.0
2014-05-26,0.0,0.0,0.0,0.0,0.0
2014-05-27,0.0,0.0,0.0,0.0,0.0
2014-05-28,0.0,0.0,0.0,0.0,0.0
2014-05-29,0.0,0.0,0.0,0.0,0.0
2014-05-30,0.0,0.0,0.0,0.0,0.0
2014-05-31,0.0,0.0,0.0,0.0,0.0
2014-06-01,0.0,0.0,0.0,0.0,0.0
2014-06-02,0.0,0.0,0.0,0.0,0.0
2014-06-03,0.0,0.0,0.0,0.0,0.0
2014-06-04,0.0,0.0,0.0,0.0,0.0
2014-06-05,0.0,0.0,0.0,0.0,0.0
2014-06-06,0.0,0.0,0.0,0.0,0.0
2014-06-07,0.0,0.0,0.0,0.0,0.0
2014-06-08,0.0,0.0,0.0,0.0,0.0
2014-06-09,0.0,0.0,0.0,0.0,0.0
2014-06-10,0.0,0.0,0.0,0.0,0.0
2014-06-11,0.0,0.0,0.0,0.0,0.0
2014-06-12,0.0,0.0,0.0,0.0,0.0
2014-06-13,0.0,0.0,0.0,0.0,0.0
2014-06-14,0.0,0.0,0.0,0.0,0.0
2014-06-15,0.0,0.0,0.0,0.0,0.0
2014-06-16,0.0,0.0,0.0,0.0,0.0
2014-06-17,0.0,0.0,0.0,0.0,0.0
2014-06-18,0.0,0.0,0.0,0.0,0.0
2014-06-19,0.0,0.0,0.0,0.0,0.0
2014-06-20,0.0,0.0,0.0,0.0,0.0
2014-06-21,0.0,0.0,0.0,0.0,0.0
2014-06-22,0.154,47.17,10.18,15.97,21.02
2014-06-23,0.207,55.26,15.85,16.77,22.63
2014-06-24,0.001,20.97,18.06,0.0,2.88
2014-06-25,0.0,0.0,0.0,0.0,0.0
2014-06-26,0.0,0.0,0.0,0.0,0.0
2014-06-27,0.0,0.0,0.0,0.0,0.0
2014-06-28,0.0,0.0,0.0,0.0,0.0
2014-06-29,0.0,0.0,0.0,0.0,0.0
2014-06-30,0.0,0.0,0.0,0.0,0.0
2014-07-01,0.0,0.0,0.0,0.0,0.0
2014-07-02,0.0,0.0,0.0,0.0,0.0
2014-07-03,0.0,0.0,0.0,0.0,0.0
2014-07-04,0.0,0.0,0.0,0.0,0.0
2014-07-05,0.0,0.0,0.0,0.0,0.0
2014-07-06,0.0,0.0,0.0,0.0,0.0
2014-07-07,0.0,0.0,0.0,0.0,0.0
2014-07-08,0.0,0.0,0.0,0.0,0.0
2014-07-09,0.0,0.0,0.0,0.0,0.0
2014-07-10,0.0,0.0,0.0,0.0,0.0
2014-07-11,0.0,0.0,0.0,0.0,0.0
2014-07-12,0.0,0.0,0.0,0.0,0.0
2014-07-13,0.0,0.0,0.0,0.0,0.0
2014-07-14,0.0,0.0,0.0,0.0,0.0
2014-07-15,0.0,0.0,0.0,0.0,0.0
2014-07-16,0.0,0.0,0.0,0.0,0.0
2014-07-17,0.0,0.0,0.0,0.0,0.0
2014-07-18,0.0,0.0,0.0,0.0,0.0
2014-07-19,0.0,0.0,0.0,0.0,0.0
2014-07-20,0.0,0.0,0.0,0.0,0.0
2014-07-21,0.0,0.0,0.0,0.0,0.0
2014-07-22,0.0,0.0,0.0,0.0,0.0
2014-07-23,0.0,0.0,0.0,0.0,0.0
2014-07-24,0.0,0.0,0.0,0.0,0.0
2014-07-25,0.0,0.0,0.0,0.0,0.0
2014-07-26,0.0,0.0,0.0,0.0,0.0
2014-07-27,0.0,0.0,0.0,0.0,0.0
2014-07-28,0.0,0.0,0.0,0.0,0.0
2014-07-29,0.0,0.0,0.0,0.0,0.0
2014-07-30,0.0,0.0,0.0,0.0,0.0
2014-07-31,0.0,0.0,0.0,0.0,0.0
2014-08-01,0.0,0.0,0.0,0.0,0.0
2014-08-02,0.0,0.0,0.0,0.0,0.0
2014-08-03,0.0,0.0,0.0,0.0,0.0
2014-08-04,0.0,0.0,0.0,0.0,0.0
2014-08-05,0.0,0.0,0.0,0.0,0.0
2014-08-06,0.0,0.0,0.0,0.0,0.0
2014-08-07,0.0,0.0,0.0,0.0,0.0
2014-08-08,0.0,0.0,0.0,0.0,0.0
2014-08-09,0.0,0.0,0.0,0.0,0.0
2014-08-10,0.0,0.0,0.0,0.0,0.0
2014-08-11,0.0,0.0,0.0,0.0,0.0
2014-08-12,0.0,0.0,0.0,0.0,0.0
2014-08-13,0.0,0.0,0.0,0.0,0.0
2014-08-14,0.0,0.0,0.0,0.0,0.0
2014-08-15,0.0,0.0,0.0,0.0,0.0
2014-08-16,0.0,0.0,0.0,0.0,0.0
2014-08-17,0.0,0.0,0.0,0.0,0.0
2014-08-18,0.0,0.0,0.0,0.0,0.0
2014-08-19,0.0,0.0,0.0,0.0,0.0
2014-08-20,0.0,0.0,0.0,0.0,0.0
2014-08-21,0.0,0.0,0.0,0.0,0.0
2014-08-22,0.0,0.0,0.0,0.0,0.0
2014-08-23,0.0,0.0,0.0,0.0,0.0
2014-08-24,0.0,0.0,0.0,0.0,0.0
2014-08-25,0.0,0.0,0.0,0.0,0.0
2014-08-26,0.0,0.0,0.0,0.0,0.0
2014-08-27,0.0,0.0,0.0,0.0,0.0
2014-08-28,0.0,0.0,0.0,0.0,0.0
2014-08-29,0.0,0.0,0.0,0.0,0.0
2014-08-30,0.0,0.0,0.0,0.0,0.0
2014-08-31,0.0,0.0,0.0,0.0,0.0
2014-09-01,0.0,0.0,0.0,0.0,0.0
2014-09-02,0.0,0.0,0.0,0.0,0.0
2014-09-03,0.0,0.0,0.0,0.0,0.0
2014-09-04,0.0,0.0,0.0,0.0,0.0
2014-09-05,0.0,0.0,0.0,0.0,0.0
2014-09-06,0.0,0.0,0.0,0.0,0.0
2014-09-07,0.0,0.0,0.0,0.0,0.0
2014-09-08,0.0,0.0,0.0,0.0,0.0
2014-09-09,0.0,0.0,0.0,0.0,0.0
2014-09-10,0.0,0.0,0.0,0.0,0.0
2014-09-11,0.0,0.0,0.0,0.0,0.0
2014-09-12,0.0,0.0,0.0,0.0,0.0
2014-09-13,0.0,0.0,0.0,0.0,0.0
2014-09-14,0.0,0.0,0.0,0.0,0.0
2014-09-15,0.0,0.0,0.0,0.0,0.0
2014-09-16,0.0,0.0,0.0,0.0,0.0
2014-09-17,0.0,0.0,0.0,0.0,0.0
2014-09-18,0.0,0.0,0.0,0.0,0.0
2014-09-19,0.0,0.0,0.0,0.0,0.0
2014-09-20,0.0,0.0,0.0,0.0,0.0
2014-09-21,0.0,0.0,0.0,0.0,0.0
2014-09-22,0.0,0.0,0.0,0.0,0.0
2014-09-23,0.0,0.0,0.0,0.0,0.0
2014-09-24,0.0,0.0,0.0,0.0,0.0
2014-09-25,3.402,220.55,20.05,86.58,113.92
2014-09-26,0.031,60.03,17.93,15.6,26.5
2014-09-27,0.0,14.88,13.27,0.0,1.66
2014-09-28,0.0,9.92,8.96,0.0,0.92
2014-09-29,0.0,10.21,9.09,0.0,0.91
2014-09-30,0.0,9.92,8.87,0.0,0.9
2014-10-01,0.0,10.52,9.14,0.0,0.93
2014-10-02,0.0,10.29,9.24,0.0,0.94
2014-10-03,0.0,9.92,8.73,0.0,0.88
2014-10-04,0.0,9.65,8.45,0.0,0.86
2014-10-05,0.0,11.57,10.25,0.0,1.03
2014-10-06,0.0,7.72,10.16,0.0,1.02
2014-10-07,0.0,7.72,7.0,0.0,0.68
2014-10-08,0.0,11.57,7.93,0.0,0.78
2014-10-09,0.0,0.0,9.48,0.0,0.92
2014-10-10,0.0,11.57,10.95,0.0,1.05
2014-10-11,0.0,0.0,0.0,0.0,0.0
2014-10-12,0.0,0.0,0.0,0.0,0.0
2014-10-13,0.0,0.0,0.0,0.0,0.0
2014-10-14,0.0,0.0,0.0,0.0,0.0
2014-10-15,0.0,0.0,0.0,0.0,0.0
2014-10-16,0.0,0.0,0.0,0.0,0.0
2014-10-17,0.0,0.0,0.0,0.0,0.0
2014-10-18,0.0,0.0,0.0,0.0,0.0
2014-10-19,0.0,0.0,0.0,0.0,0.0
2014-10-20,0.0,0.0,0.0,0.0,0.0
2014-10-21,0.0,0.0,0.0,0.0,0.0
2014-10-22,0.0,0.0,0.0,0.0,0.0
2014-10-23,0.0,0.0,0.0,0.0,0.0
2014-10-24,0.0,0.0,0.0,0.0,0.0
2014-10-25,0.893,84.73,13.2,30.87,40.66
2014-10-26,0.019,34.23,16.9,4.92,12.42
2014-10-27,0.0,18.94,17.25,0.0,1.06
2014-10-28,0.0,7.72,9.16,0.0,0.9
2014-10-29,0.0,7.72,7.72,0.0,0.78
2014-10-30,0.0,11.57,8.99,0.0,0.89
2014-10-31,1.267,84.45,12.47,31.07,40.91
2014-11-01,0.077,53.81,17.09,15.06,21.67
2014-11-02,0.0,19.13,17.05,0.0,2.08
2014-11-03,0.0,10.29,9.03,0.0,0.88
2014-11-04,0.0,10.13,9.05,0.0,0.92
2014-11-05,0.0,9.92,8.91,0.0,0.92
2014-11-06,0.0,9.65,8.91,0.0,0.91
2014-11-07,0.0,9.26,9.28,0.0,0.95
2014-11-08,0.0,11.57,10.02,0.0,1.02
2014-11-09,0.0,11.57,8.75,0.0,0.89
2014-11-10,0.0,7.72,9.87,0.0,1.0
2014-11-11,0.0,7.72,7.88,0.0,0.79
2014-11-12,0.0,11.57,9.29,0.0,0.92
2014-11-13,1.881,63.43,13.03,21.75,28.65
2014-11-14,0.038,32.06,17.37,5.38,9.31
2014-11-15,0.0,15.64,14.62,0.0,0.89
2014-11-16,0.0,10.75,9.43,0.0,0.89
2014-11-17,0.0,10.29,9.9,0.0,0.96
2014-11-18,0.0,10.13,9.14,0.0,0.88
2014-11-19,0.0,11.57,9.91,0.0,0.95
2014-11-20,7.474,279.37,21.85,111.2,146.32
2014-11-21,0.664,146.92,17.0,55.97,73.95
2014-11-22,5.414,154.1,18.96,58.35,76.79
2014-11-23,0.081,55.19,17.48,15.61,22.1
2014-11-24,0.003,11.71,10.5,0.0,1.22
2014-11-25,0.002,10.02,9.1,0.0,0.94
2014-11-26,0.002,10.04,9.07,0.0,0.94
2014-11-27,0.001,9.96,9.08,0.0,0.94
2014-11-28,0.001,9.89,8.99,0.0,0.93
2014-11-29,0.001,9.98,8.97,0.0,0.93
2014-11-30,5.402,174.21,16.6,68.05,89.55
2014-12-01,0.947,110.66,17.47,40.19,53.0
2014-12-02,19.553,375.34,30.86,143.82,200.66
2014-12-03,18.338,294.41,25.66,114.69,154.06
2014-12-04,2.691,138.82,19.68,51.45,67.7
2014-12-05,0.124,11.79,7.55,1.62,2.62
2014-12-06,2.503,90.06,13.8,32.93,43.33
2014-12-07,0.057,25.59,14.51,4.15,6.92
2014-12-08,0.028,13.31,12.26,0.0,1.04
2014-12-09,0.027,13.4,12.37,0.0,1.03
2014-12-10,0.021,13.78,12.77,0.0,1.01
2014-12-11,39.841,453.68,36.93,170.71,246.05
2014-12-12,5.687,119.26,21.7,41.53,56.03
2014-12-13,0.358,24.47,14.03,4.51,5.94
2014-12-14,0.4,7.89,6.83,0.46,0.6
2014-12-15,17.512,268.84,26.33,102.98,139.53
2014-12-16,9.45,243.27,23.36,94.63,125.27
2014-12-17,2.945,78.84,13.5,28.14,37.2
2014-12-18,1.197,42.89,14.69,12.18,16.02
2014-12-19,8.744,166.68,21.28,62.79,82.61
2014-12-20,1.269,36.67,14.13,9.73,12.8
2014-12-21,1.557,35.21,12.81,9.68,12.73
2014-12-22,0.503,15.24,13.05,0.95,1.24
2014-12-23,0.417,14.92,12.92,0.86,1.14
2014-12-24,0.357,14.92,12.92,0.86,1.14
2014-12-25,0.279,14.95,12.95,0.86,1.13
2014-12-26,0.236,14.88,12.88,0.86,1.14
2014-12-27,0.21,14.84,12.84,0.86,1.14
2014-12-28,0.182,14.75,12.79,0.82,1.14
2014-12-29,0.157,14.72,12.82,0.76,1.14
2014-12-30,0.097,14.95,13.3,0.52,1.13
2014-12-31,0.057,13.86,12.69,0.07,1.1
2015-01-01,0.076,14.17,12.69,0.34,1.14
2015-01-02,0.068,14.08,12.69,0.25,1.13
2015-01-03,0.06,13.87,12.66,0.08,1.12
2015-01-04,0.051,13.8,12.66,0.03,1.11
2015-01-05,0.039,13.78,12.68,0.02,1.09
2015-01-06,0.032,13.6,12.54,0.01,1.06
2015-01-07,0.028,13.58,12.53,0.01,1.05
2015-01-08,0.025,13.51,12.47,0.0,1.03
2015-01-09,0.022,13.45,12.44,0.0,1.01
2015-01-10,0.019,13.46,12.45,0.0,1.0
2015-01-11,0.015,13.36,12.38,0.0,0.98
2015-01-12,0.014,13.32,12.34,0.0,0.98
2015-01-13,0.011,13.29,12.32,0.0,0.97
2015-01-14,0.008,13.27,12.32,0.0,0.96
2015-01-15,0.006,13.35,12.39,0.0,0.95
2015-01-16,0.004,13.11,12.17,0.0,0.94
2015-01-17,0.003,12.22,11.28,0.0,0.93
2015-01-18,0.003,12.82,11.86,0.0,0.94
2015-01-19,0.002,12.88,11.9,0.0,0.93
2015-01-20,0.001,12.34,11.35,0.0,0.94
2015-01-21,0.001,10.92,10.05,0.0,0.94
2015-01-22,0.0,11.57,10.28,0.0,0.95
2015-01-23,0.0,19.29,17.25,0.0,1.23
2015-01-24,0.0,0.0,0.0,0.0,0.0
2015-01-25,0.0,0.0,0.0,0.0,0.0
2015-01-26,0.0,0.0,0.0,0.0,0.0
2015-01-27,0.0,0.0,0.0,0.0,0.0
2015-01-28,0.0,0.0,0.0,0.0,0.0
2015-01-29,0.0,0.0,0.0,0.0,0.0
2015-01-30,0.0,0.0,0.0,0.0,0.0
2015-01-31,0.0,0.0,0.0,0.0,0.0
2015-02-01,0.0,0.0,0.0,0.0,0.0
2015-02-02,0.0,0.0,0.0,0.0,0.0
2015-02-03,0.0,0.0,0.0,0.0,0.0
2015-02-04,0.0,0.0,0.0,0.0,0.0
2015-02-05,0.0,0.0,0.0,0.0,0.0
2015-02-06,7.167,223.67,22.09,87.05,114.54
2015-02-07,1.48,100.79,18.88,35.37,46.55
2015-02-08,11.237,324.74,27.34,127.05,170.35
2015-02-09,0.422,38.52,15.21,9.88,13.43
2015-02-10,0.146,14.94,13.06,0.71,1.17
2015-02-11,0.124,14.78,13.02,0.62,1.14
2015-02-12,0.108,14.75,13.03,0.58,1.14
2015-02-13,0.094,14.69,13.05,0.51,1.13
2015-02-14,0.081,14.63,13.06,0.44,1.13
2015-02-15,0.068,14.56,13.05,0.38,1.13
2015-02-16,0.059,14.38,13.0,0.26,1.12
2015-02-17,0.051,14.17,12.98,0.08,1.11
2015-02-18,0.045,14.1,12.96,0.03,1.1
2015-02-19,0.039,14.06,12.96,0.02,1.09
2015-02-20,0.034,14.08,12.99,0.01,1.08
2015-02-21,0.028,14.08,13.02,0.01,1.05
2015-02-22,0.019,14.55,13.5,0.01,1.04
2015-02-23,0.006,14.88,13.95,0.0,0.93
2015-02-24,0.01,13.94,12.97,0.0,0.97
2015-02-25,0.011,14.1,13.12,0.0,0.98
2015-02-26,0.009,14.3,13.32,0.0,0.97
2015-02-27,0.006,14.66,13.69,0.0,0.97
2015-02-28,0.002,14.53,13.65,0.0,0.89
2015-03-01,0.004,14.34,13.39,0.0,0.94
2015-03-02,0.003,14.58,13.64,0.0,0.95
2015-03-03,0.002,15.04,14.14,0.0,0.94
2015-03-04,0.001,16.2,15.17,0.0,0.94
2015-03-05,0.0,17.77,16.9,0.0,0.92
2015-03-06,0.0,0.0,0.0,0.0,0.0
2015-03-07,0.0,0.0,0.0,0.0,0.0
2015-03-08,0.0,0.0,0.0,0.0,0.0
2015-03-09,0.0,0.0,0.0,0.0,0.0
2015-03-10,0.0,0.0,0.0,0.0,0.0
2015-03-11,0.0,0.0,0.0,0.0,0.0
2015-03-12,0.0,0.0,0.0,0.0,0.0
2015-03-13,0.0,0.0,0.0,0.0,0.0
2015-03-14,0.0,0.0,0.0,0.0,0.0
2015-03-15,0.0,0.0,0.0,0.0,0.0
2015-03-16,0.0,0.0,0.0,0.0,0.0
2015-03-17,0.0,0.0,0.0,0.0,0.0
2015-03-18,0.0,0.0,0.0,0.0,0.0
2015-03-19,0.0,0.0,0.0,0.0,0.0
2015-03-20,0.0,0.0,0.0,0.0,0.0
2015-03-21,0.0,0.0,0.0,0.0,0.0
2015-03-22,0.0,0.0,0.0,0.0,0.0
2015-03-23,0.0,0.0,0.0,0.0,0.0
2015-03-24,0.0,0.0,0.0,0.0,0.0
2015-03-25,0.0,0.0,0.0,0.0,0.0
2015-03-26,0.0,0.0,0.0,0.0,0.0
2015-03-27,0.0,0.0,0.0,0.0,0.0
2015-03-28,0.0,0.0,0.0,0.0,0.0
2015-03-29,0.0,0.0,0.0,0.0,0.0
2015-03-30,0.0,0.0,0.0,0.0,0.0
2015-03-31,0.0,0.0,0.0,0.0,0.0
2015-04-01,0.0,0.0,0.0,0.0,0.0
2015-04-02,0.0,0.0,0.0,0.0,0.0
2015-04-03,0.0,0.0,0.0,0.0,0.0
2015-04-04,0.0,0.0,0.0,0.0,0.0
2015-04-05,0.0,0.0,0.0,0.0,0.0
2015-04-06,0.0,0.0,0.0,0.0,0.0
2015-04-07,6.125,327.47,23.23,131.37,172.86
2015-04-08,0.044,58.6,16.99,16.31,25.3
2015-04-09,0.007,13.94,12.91,0.0,1.03
2015-04-10,0.005,13.88,12.94,0.0,0.95
2015-04-11,0.003,13.86,12.94,0.0,0.94
2015-04-12,0.002,14.38,13.41,0.0,0.94
2015-04-13,0.001,14.83,13.91,0.0,0.93
2015-04-14,0.0,9.72,9.17,0.0,0.9
2015-04-15,0.0,10.36,9.25,0.0,0.96
2015-04-16,0.0,10.13,9.31,0.0,0.96
2015-04-17,0.0,9.79,9.12,0.0,0.94
2015-04-18,0.0,9.47,8.48,0.0,0.88
2015-04-19,0.0,10.13,9.28,0.0,0.97
2015-04-20,0.0,8.27,8.31,0.0,0.87
2015-04-21,0.0,9.26,8.88,0.0,0.92
2015-04-22,0.0,8.68,8.28,0.0,0.86
2015-04-23,0.0,7.72,6.8,0.0,0.69
2015-04-24,0.0,0.0,8.74,0.0,0.87
2015-04-25,3.16,231.43,16.74,92.7,122.0
2015-04-26,0.016,41.63,17.15,6.62,17.86
2015-04-27,0.001,14.24,13.29,0.0,0.99
2015-04-28,0.0,10.06,9.39,0.0,0.91
2015-04-29,0.0,9.65,8.87,0.0,0.93
2015-04-30,0.0,9.92,8.98,0.0,0.93
2015-05-01,0.0,9.47,8.72,0.0,0.91
2015-05-02,0.0,10.13,9.1,0.0,0.96
2015-05-03,0.0,8.27,8.58,0.0,0.9
2015-05-04,0.0,11.57,9.34,0.0,0.98
2015-05-05,0.0,8.68,8.61,0.0,0.9
2015-05-06,0.0,7.72,7.06,0.0,0.73
2015-05-07,0.0,0.0,8.38,0.0,0.88
2015-05-08,0.0,0.0,0.0,0.0,0.0
2015-05-09,0.0,0.0,0.0,0.0,0.0
2015-05-10,0.0,0.0,0.0,0.0,0.0
2015-05-11,0.0,0.0,0.0,0.0,0.0
2015-05-12,0.0,0.0,0.0,0.0,0.0
2015-05-13,0.0,0.0,0.0,0.0,0.0
2015-05-14,0.0,0.0,0.0,0.0,0.0
2015-05-15,0.0,0.0,0.0,0.0,0.0
2015-05-16,0.0,0.0,0.0,0.0,0.0
2015-05-17,0.0,0.0,0.0,0.0,0.0
2015-05-18,0.0,0.0,0.0,0.0,0.0
2015-05-19,0.0,0.0,0.0,0.0,0.0
2015-05-20,0.0,0.0,0.0,0.0,0.0
2015-05-21,0.0,0.0,0.0,0.0,0.0
2015-05-22,0.0,0.0,0.0,0.0,0.0
2015-05-23,0.0,0.0,0.0,0.0,0.0
2015-05-24,0.0,0.0,0.0,0.0,0.0
2015-05-25,0.0,0.0,0.0,0.0,0.0
2015-05-26,0.0,0.0,0.0,0.0,0.0
2015-05-27,0.0,0.0,0.0,0.0,0.0
2015-05-28,0.0,0.0,0.0,0.0,0.0
2015-05-29,0.0,0.0,0.0,0.0,0.0
2015-05-30,0.0,0.0,0.0,0.0,0.0
2015-05-31,0.0,0.0,0.0,0.0,0.0
2015-06-01,0.0,0.0,0.0,0.0,0.0
2015-06-02,0.0,0.0,0.0,0.0,0.0
2015-06-03,0.0,0.0,0.0,0.0,0.0
2015-06-04,0.0,0.0,0.0,0.0,0.0
2015-06-05,0.0,0.0,0.0,0.0,0.0
2015-06-06,0.0,0.0,0.0,0.0,0.0
2015-06-07,0.0,0.0,0.0,0.0,0.0
2015-06-08,0.0,0.0,0.0,0.0,0.0
2015-06-09,0.0,0.0,0.0,0.0,0.0
2015-06-10,0.0,0.0,0.0,0.0,0.0
2015-06-11,0.0,0.0,0.0,0.0,0.0
2015-06-12,0.0,0.0,0.0,0.0,0.0
2015-06-13,0.0,0.0,0.0,0.0,0.0
2015-06-14,0.0,0.0,0.0,0.0,0.0
2015-06-15,0.0,0.0,0.0,0.0,0.0
2015-06-16,0.0,0.0,0.0,0.0,0.0
2015-06-17,0.0,0.0,0.0,0.0,0.0
2015-06-18,0.0,0.0,0.0,0.0,0.0
2015-06-19,0.0,0.0,0.0,0.0,0.0
2015-06-20,0.0,0.0,0.0,0.0,0.0
2015-06-21,0.0,0.0,0.0,0.0,0.0
2015-06-22,0.0,0.0,0.0,0.0,0.0
2015-06-23,0.0,0.0,0.0,0.0,0.0
2015-06-24,0.0,0.0,0.0,0.0,0.0
2015-06-25,0.0,0.0,0.0,0.0,0.0
2015-06-26,0.0,0.0,0.0,0.0,0.0
2015-06-27,0.0,0.0,0.0,0.0,0.0
2015-06-28,0.0,0.0,0.0,0.0,0.0
2015-06-29,0.0,0.0,0.0,0.0,0.0
2015-06-30,0.0,0.0,0.0,0.0,0.0
2015-07-01,0.0,0.0,0.0,0.0,0.0
2015-07-02,0.0,0.0,0.0,0.0,0.0
2015-07-03,0.0,0.0,0.0,0.0,0.0
2015-07-04,0.0,0.0,0.0,0.0,0.0
2015-07-05,0.0,0.0,0.0,0.0,0.0
2015-07-06,0.0,0.0,0.0,0.0,0.0
2015-07-07,0.0,0.0,0.0,0.0,0.0
2015-07-08,0.0,0.0,0.0,0.0,0.0
2015-07-09,0.0,0.0,0.0,0.0,0.0
2015-07-10,0.0,0.0,0.0,0.0,0.0
2015-07-11,0.0,0.0,0.0,0.0,0.0
2015-07-12,0.0,0.0,0.0,0.0,0.0
2015-07-13,0.0,0.0,0.0,0.0,0.0
2015-07-14,0.0,0.0,0.0,0.0,0.0
2015-07-15,0.0,0.0,0.0,0.0,0.0
2015-07-16,0.0,0.0,0.0,0.0,0.0
2015-07-17,0.0,0.0,0.0,0.0,0.0
2015-07-18,0.0,0.0,0.0,0.0,0.0
2015-07-19,0.0,0.0,0.0,0.0,0.0
2015-07-20,0.0,0.0,0.0,0.0,0.0
2015-07-21,0.0,0.0,0.0,0.0,0.0
2015-07-22,0.0,0.0,0.0,0.0,0.0
2015-07-23,0.0,0.0,0.0,0.0,0.0
2015-07-24,0.0,0.0,0.0,0.0,0.0
2015-07-25,0.0,0.0,0.0,0.0,0.0
2015-07-26,0.0,0.0,0.0,0.0,0.0
2015-07-27,0.0,0.0,0.0,0.0,0.0
2015-07-28,0.0,0.0,0.0,0.0,0.0
2015-07-29,0.0,0.0,0.0,0.0,0.0
2015-07-30,0.0,0.0,0.0,0.0,0.0
2015-07-31,0.0,0.0,0.0,0.0,0.0
2015-08-01,0.0,0.0,0.0,0.0,0.0
2015-08-02,0.0,0.0,0.0,0.0,0.0
2015-08-03,0.0,0.0,0.0,0.0,0.0
2015-08-04,0.0,0.0,0.0,0.0,0.0
2015-08-05,0.0,0.0,0.0,0.0,0.0
2015-08-06,0.0,0.0,0.0,0.0,0.0
2015-08-07,0.0,0.0,0.0,0.0,0.0
2015-08-08,0.0,0.0,0.0,0.0,0.0
2015-08-09,0.0,0.0,0.0,0.0,0.0
2015-08-10,0.0,0.0,0.0,0.0,0.0
2015-08-11,0.0,0.0,0.0,0.0,0.0
2015-08-12,0.0,0.0,0.0,0.0,0.0
2015-08-13,0.0,0.0,0.0,0.0,0.0
2015-08-14,0.0,0.0,0.0,0.0,0.0
2015-08-15,0.0,0.0,0.0,0.0,0.0
2015-08-16,0.0,0.0,0.0,0.0,0.0
2015-08-17,0.0,0.0,0.0,0.0,0.0
2015-08-18,0.0,0.0,0.0,0.0,0.0
2015-08-19,0.0,0.0,0.0,0.0,0.0
2015-08-20,0.0,0.0,0.0,0.0,0.0
2015-08-21,0.0,0.0,0.0,0.0,0.0
2015-08-22,0.0,0.0,0.0,0.0,0.0
2015-08-23,0.0,0.0,0.0,0.0,0.0
2015-08-24,0.0,0.0,0.0,0.0,0.0
2015-08-25,0.0,0.0,0.0,0.0,0.0
2015-08-26,0.0,0.0,0.0,0.0,0.0
2015-08-27,0.0,0.0,0.0,0.0,0.0
2015-08-28,0.0,0.0,0.0,0.0,0.0
2015-08-29,0.0,0.0,0.0,0.0,0.0
2015-08-30,0.0,0.0,0.0,0.0,0.0
2015-08-31,0.0,0.0,0.0,0.0,0.0
2015-09-01,0.0,0.0,0.0,0.0,0.0
2015-09-02,0.0,0.0,0.0,0.0,0.0
2015-09-03,0.0,0.0,0.0,0.0,0.0
2015-09-04,0.0,0.0,0.0,0.0,0.0
2015-09-05,0.0,0.0,0.0,0.0,0.0
2015-09-06,0.0,0.0,0.0,0.0,0.0
2015-09-07,0.0,0.0,0.0,0.0,0.0
2015-09-08,0.0,0.0,0.0,0.0,0.0
2015-09-09,0.0,0.0,0.0,0.0,0.0
2015-09-10,0.0,0.0,0.0,0.0,0.0
2015-09-11,0.0,0.0,0.0,0.0,0.0
2015-09-12,0.0,0.0,0.0,0.0,0.0
2015-09-13,0.0,0.0,0.0,0.0,0.0
2015-09-14,0.0,0.0,0.0,0.0,0.0
2015-09-15,0.0,0.0,0.0,0.0,0.0
2015-09-16,0.0,0.0,0.0,0.0,0.0
2015-09-17,0.0,0.0,0.0,0.0,0.0
2015-09-18,0.0,0.0,0.0,0.0,0.0
2015-09-19,0.0,0.0,0.0,0.0,0.0
2015-09-20,0.0,0.0,0.0,0.0,0.0
2015-09-21,0.0,0.0,0.0,0.0,0.0
2015-09-22,0.0,0.0,0.0,0.0,0.0
2015-09-23,0.0,0.0,0.0,0.0,0.0
2015-09-24,0.0,0.0,0.0,0.0,0.0
2015-09-25,0.0,0.0,0.0,0.0,0.0
2015-09-26,0.0,0.0,0.0,0.0,0.0
2015-09-27,0.0,0.0,0.0,0.0,0.0
2015-09-28,0.0,0.0,0.0,0.0,0.0
2015-09-29,0.0,0.0,0.0,0.0,0.0
2015-09-30,0.0,0.0,0.0,0.0,0.0
2015-10-01,0.0,0.0,0.0,0.0,0.0
2015-10-02,0.0,0.0,0.0,0.0,0.0
2015-10-03,0.0,0.0,0.0,0.0,0.0
2015-10-04,0.0,0.0,0.0,0.0,0.0
2015-10-05,0.0,0.0,0.0,0.0,0.0
2015-10-06,0.0,0.0,0.0,0.0,0.0
2015-10-07,0.0,0.0,0.0,0.0,0.0
2015-10-08,0.0,0.0,0.0,0.0,0.0
2015-10-09,0.0,0.0,0.0,0.0,0.0
2015-10-10,0.0,0.0,0.0,0.0,0.0
2015-10-11,0.0,0.0,0.0,0.0,0.0
2015-10-12,0.0,0.0,0.0,0.0,0.0
2015-10-13,0.0,0.0,0.0,0.0,0.0
2015-10-14,0.0,0.0,0.0,0.0,0.0
2015-10-15,0.0,0.0,0.0,0.0,0.0
2015-10-16,0.0,0.0,0.0,0.0,0.0
2015-10-17,0.0,0.0,0.0,0.0,0.0
2015-10-18,0.0,0.0,0.0,0.0,0.0
2015-10-19,0.0,0.0,0.0,0.0,0.0
2015-10-20,0.0,0.0,0.0,0.0,0.0
2015-10-21,0.0,0.0,0.0,0.0,0.0
2015-10-22,0.0,0.0,0.0,0.0,0.0
2015-10-23,0.0,0.0,0.0,0.0,0.0
2015-10-24,0.0,0.0,0.0,0.0,0.0
2015-10-25,0.0,0.0,0.0,0.0,0.0
2015-10-26,0.0,0.0,0.0,0.0,0.0
2015-10-27,0.0,0.0,0.0,0.0,0.0
2015-10-28,0.0,0.0,0.0,0.0,0.0
2015-10-29,0.0,0.0,0.0,0.0,0.0
2015-10-30,0.0,0.0,0.0,0.0,0.0
2015-10-31,0.0,0.0,0.0,0.0,0.0
2015-11-01,0.0,0.0,0.0,0.0,0.0
2015-11-02,4.381,228.76,19.91,90.18,118.67
2015-11-03,0.054,70.66,17.82,21.12,31.72
2015-11-04,0.001,15.96,13.7,0.0,2.13
2015-11-05,0.0,10.13,9.36,0.0,0.93
2015-11-06,0.0,9.98,9.1,0.0,0.91
2015-11-07,0.0,9.79,9.13,0.0,0.91
2015-11-08,0.0,10.06,9.37,0.0,0.93
2015-11-09,1.682,157.5,13.24,62.28,81.98
2015-11-10,0.068,71.41,17.12,22.24,32.06
2015-11-11,0.001,15.84,13.81,0.0,2.14
2015-11-12,0.0,10.21,9.5,0.0,0.95
2015-11-13,0.0,10.03,9.29,0.0,0.93
2015-11-14,0.0,10.29,9.44,0.0,0.95
2015-11-15,2.843,155.84,15.92,60.42,79.5
2015-11-16,0.038,56.7,17.71,14.71,24.28
2015-11-17,0.001,12.64,11.32,0.0,1.31
2015-11-18,0.001,10.05,9.18,0.0,0.94
2015-11-19,0.0,9.85,9.05,0.0,0.93
2015-11-20,0.0,9.92,8.91,0.0,0.91
2015-11-21,0.0,9.92,9.03,0.0,0.92
2015-11-22,0.0,9.71,8.98,0.0,0.92
2015-11-23,0.0,9.92,9.04,0.0,0.93
2015-11-24,0.0,10.13,9.02,0.0,0.91
2015-11-25,0.13,35.97,15.75,8.45,11.76
2015-11-26,0.003,20.85,18.98,0.0,1.89
2015-11-27,0.0,10.8,10.3,0.0,0.86
2015-11-28,0.0,11.57,10.15,0.0,0.99
2015-11-29,0.0,10.42,9.49,0.0,0.94
2015-11-30,0.0,11.57,9.59,0.0,0.96
2015-12-01,0.0,10.29,9.03,0.0,0.9
2015-12-02,0.0,9.92,10.43,0.0,1.03
2015-12-03,0.565,73.22,13.03,25.99,34.2
2015-12-04,0.059,48.56,17.1,12.61,18.85
2015-12-05,0.001,17.7,16.17,0.0,1.55
2015-12-06,0.0,10.52,9.46,0.0,0.89
2015-12-07,0.0,10.68,9.7,0.0,0.89
2015-12-08,0.0,10.52,10.28,0.0,0.94
2015-12-09,0.0,10.29,8.74,0.0,0.85
2015-12-10,1.712,107.02,11.04,41.44,54.55
2015-12-11,3.411,127.49,16.29,48.01,63.18
2015-12-12,0.023,41.19,17.65,7.97,15.58
2015-12-13,7.402,542.66,27.13,219.23,296.3
2015-12-14,0.12,113.64,17.56,39.71,56.37
2015-12-15,0.003,13.51,11.08,0.0,2.43
2015-12-16,0.002,9.96,9.01,0.0,0.94
2015-12-17,0.002,9.87,8.94,0.0,0.93
2015-12-18,0.705,78.75,7.28,30.84,40.64
2015-12-19,1.807,106.85,15.14,39.59,52.12
2015-12-20,5.134,152.92,17.96,58.27,76.69
2015-12-21,17.564,176.9,24.4,65.85,86.64
2015-12-22,3.645,101.47,18.75,35.72,47.0
2015-12-23,0.043,24.49,15.34,3.33,5.83
2015-12-24,0.296,45.55,13.32,13.82,18.41
2015-12-25,0.023,24.9,14.71,2.78,7.41
2015-12-26,0.006,11.71,10.75,0.0,0.95
2015-12-27,0.005,11.91,10.97,0.0,0.94
2015-12-28,0.004,12.01,11.07,0.0,0.94
2015-12-29,0.003,11.92,11.01,0.0,0.93
2015-12-30,0.004,12.88,11.96,0.0,0.94
2015-12-31,0.002,13.17,12.21,0.0,0.94
2016-01-01,0.001,9.74,8.85,0.0,0.92
2016-01-02,0.001,9.71,8.73,0.0,0.94
2016-01-03,0.0,9.36,8.56,0.0,0.92
2016-01-04,0.0,9.79,8.76,0.0,0.94
2016-01-05,9.948,199.78,21.3,77.07,101.41
2016-01-06,11.499,302.11,24.29,118.88,158.94
2016-01-07,1.258,100.71,17.87,35.75,47.08
2016-01-08,0.031,16.08,13.37,0.28,2.43
2016-01-09,0.067,16.37,12.38,1.26,2.73
2016-01-10,0.026,14.11,13.01,0.01,1.1
2016-01-11,0.016,13.61,12.63,0.0,0.98
2016-01-12,0.016,13.72,12.73,0.0,0.99
2016-01-13,2.324,134.76,14.16,52.07,68.53
2016-01-14,0.287,34.15,11.22,9.74,13.19
2016-01-15,0.854,78.95,7.05,31.02,40.88
2016-01-16,3.399,116.45,16.17,43.31,56.98
2016-01-17,8.105,180.53,18.12,70.13,92.27
2016-01-18,10.651,371.78,36.21,139.13,196.44
2016-01-19,13.209,264.26,27.08,100.95,136.22
2016-01-20,0.282,32.15,14.79,7.27,10.09
2016-01-21,0.151,14.92,13.07,0.7,1.15
2016-01-22,1.666,132.06,11.86,51.9,68.3
2016-01-23,1.917,179.68,16.48,70.47,92.73
2016-01-24,0.154,17.13,13.45,1.5,2.18
2016-01-25,0.121,14.91,13.15,0.62,1.14
2016-01-26,0.111,14.88,13.12,0.62,1.14
2016-01-27,0.098,14.88,13.16,0.59,1.13
2016-01-28,0.093,14.83,13.09,0.61,1.14
2016-01-29,0.401,62.55,9.96,22.68,29.91
2016-01-30,0.486,68.23,14.71,23.08,30.44
2016-01-31,0.056,15.74,13.77,0.61,1.36
2016-02-01,0.039,14.18,13.08,0.02,1.08
2016-02-02,0.052,14.22,13.07,0.04,1.12
2016-02-03,0.045,14.31,13.19,0.02,1.09
2016-02-04,0.039,14.23,13.12,0.02,1.09
2016-02-05,0.035,14.15,13.05,0.01,1.08
2016-02-06,0.031,14.14,13.07,0.01,1.07
2016-02-07,0.027,14.14,13.09,0.01,1.05
2016-02-08,0.02,14.23,13.21,0.0,1.02
2016-02-09,0.019,14.08,13.06,0.0,1.01
2016-02-10,0.018,14.09,13.08,0.0,1.0
2016-02-11,0.015,14.17,13.18,0.0,0.99
2016-02-12,0.012,14.17,13.2,0.0,0.98
2016-02-13,0.01,14.21,13.24,0.0,0.97
2016-02-14,0.008,14.16,13.2,0.0,0.96
2016-02-15,0.007,14.18,13.24,0.0,0.96
2016-02-16,0.005,14.23,13.29,0.0,0.95
2016-02-17,1.949,148.56,14.41,57.93,76.22
2016-02-18,2.439,100.63,16.19,36.46,47.98
2016-02-19,0.035,23.72,15.22,2.91,5.59
2016-02-20,0.015,14.0,13.0,0.0,0.99
2016-02-21,0.014,13.99,12.99,0.0,0.99
2016-02-22,0.012,14.03,13.05,0.0,0.98
2016-02-23,0.01,14.09,13.12,0.0,0.97
2016-02-24,0.008,14.12,13.16,0.0,0.96
2016-02-25,0.007,14.15,13.2,0.0,0.96
2016-02-26,0.005,14.27,13.34,0.0,0.95
2016-02-27,0.004,14.46,13.5,0.0,0.94
2016-02-28,0.003,14.77,13.83,0.0,0.94
2016-02-29,0.002,15.5,14.6,0.0,0.94
2016-03-01,0.001,16.7,15.78,0.0,0.91
2016-03-02,0.0,17.61,17.08,0.0,0.95
2016-03-03,0.0,0.0,0.0,0.0,0.0
2016-03-04,0.125,31.63,14.59,7.22,9.81
2016-03-05,15.633,312.38,27.02,120.31,165.04
2016-03-06,6.137,187.11,21.81,70.43,94.87
2016-03-07,5.294,125.82,20.23,45.59,59.99
2016-03-08,0.302,37.07,15.28,9.38,12.42
2016-03-09,0.139,14.81,13.0,0.64,1.16
2016-03-10,11.144,318.62,27.13,124.68,166.8
2016-03-11,4.867,96.37,17.14,34.18,45.06
2016-03-12,5.577,161.86,19.58,61.44,80.84
2016-03-13,12.262,153.79,20.96,57.36,75.47
2016-03-14,1.131,32.46,14.65,7.69,10.12
2016-03-15,0.518,15.1,13.08,0.87,1.15
2016-03-16,0.439,15.03,13.03,0.86,1.14
2016-03-17,0.37,15.02,13.02,0.86,1.14
2016-03-18,0.313,15.0,13.0,0.86,1.14
2016-03-19,0.267,14.97,12.97,0.86,1.14
2016-03-20,0.237,14.91,12.9,0.86,1.14
2016-03-21,0.662,50.85,13.22,16.25,21.38
2016-03-22,1.015,87.44,13.29,32.02,42.13
2016-03-23,0.17,15.54,13.13,0.99,1.42
2016-03-24,0.142,14.89,13.02,0.73,1.14
2016-03-25,0.114,14.78,13.06,0.58,1.13
2016-03-26,0.09,14.64,13.03,0.48,1.13
2016-03-27,0.073,14.55,13.01,0.41,1.13
2016-03-28,0.049,14.49,13.12,0.26,1.11
2016-03-29,0.046,14.02,12.84,0.07,1.11
2016-03-30,0.039,14.01,12.88,0.03,1.1
2016-03-31,0.032,13.96,12.86,0.01,1.08
2016-04-01,0.026,13.87,12.81,0.01,1.06
2016-04-02,0.02,13.86,12.83,0.0,1.03
2016-04-03,0.016,13.76,12.74,0.0,1.01
2016-04-04,0.013,13.71,12.71,0.0,0.99
2016-04-05,0.01,13.69,12.71,0.0,0.98
2016-04-06,0.006,13.78,12.82,0.0,0.96
2016-04-07,0.003,13.79,12.87,0.0,0.95
2016-04-08,0.002,13.33,12.42,0.0,0.95
2016-04-09,4.654,79.94,12.86,28.96,38.12
2016-04-10,1.972,64.38,14.2,21.66,28.51
2016-04-11,0.052,18.24,14.26,1.41,2.56
2016-04-12,0.034,14.22,13.11,0.02,1.09
2016-04-13,0.026,14.31,13.23,0.01,1.08
2016-04-14,0.018,14.13,13.12,0.0,1.02
2016-04-15,0.016,14.08,13.07,0.0,1.01
2016-04-16,0.015,14.16,13.15,0.0,1.01
2016-04-17,0.011,14.29,13.3,0.0,0.99
2016-04-18,0.009,14.38,13.41,0.0,0.97
2016-04-19,0.006,14.81,13.86,0.0,0.96
2016-04-20,0.002,15.91,14.98,0.0,0.92
2016-04-21,0.001,16.36,15.37,0.0,0.94
2016-04-22,0.607,42.79,12.22,13.14,17.42
2016-04-23,0.035,27.11,16.37,3.72,7.02
2016-04-24,0.0,17.6,16.66,0.0,0.82
2016-04-25,0.0,11.57,13.08,0.0,0.87
2016-04-26,0.0,0.0,7.81,0.0,0.87
2016-04-27,0.0,0.0,0.0,0.0,0.0
2016-04-28,0.0,0.0,0.0,0.0,0.0
2016-04-29,0.0,0.0,0.0,0.0,0.0
2016-04-30,0.0,0.0,0.0,0.0,0.0
2016-05-01,0.0,0.0,0.0,0.0,0.0
2016-05-02,0.0,0.0,0.0,0.0,0.0
2016-05-03,0.0,0.0,0.0,0.0,0.0
2016-05-04,0.0,0.0,0.0,0.0,0.0
2016-05-05,0.0,0.0,0.0,0.0,0.0
2016-05-06,0.0,0.0,0.0,0.0,0.0
2016-05-07,0.0,0.0,0.0,0.0,0.0
2016-05-08,0.0,0.0,0.0,0.0,0.0
2016-05-09,0.0,0.0,0.0,0.0,0.0
2016-05-10,0.0,0.0,0.0,0.0,0.0
2016-05-11,0.0,0.0,0.0,0.0,0.0
2016-05-12,0.0,0.0,0.0,0.0,0.0
2016-05-13,0.0,0.0,0.0,0.0,0.0
2016-05-14,0.0,0.0,0.0,0.0,0.0
2016-05-15,0.0,0.0,0.0,0.0,0.0
2016-05-16,0.0,0.0,0.0,0.0,0.0
2016-05-17,0.0,0.0,0.0,0.0,0.0
2016-05-18,0.0,0.0,0.0,0.0,0.0
2016-05-19,0.0,0.0,0.0,0.0,0.0
2016-05-20,0.0,0.0,0.0,0.0,0.0
2016-05-21,0.0,0.0,0.0,0.0,0.0
2016-05-22,0.0,0.0,0.0,0.0,0.0
2016-05-23,0.0,0.0,0.0,0.0,0.0
2016-05-24,0.0,0.0,0.0,0.0,0.0
2016-05-25,0.0,0.0,0.0,0.0,0.0
2016-05-26,0.0,0.0,0.0,0.0,0.0
2016-05-27,0.0,0.0,0.0,0.0,0.0
2016-05-28,0.0,0.0,0.0,0.0,0.0
2016-05-29,0.0,0.0,0.0,0.0,0.0
2016-05-30,0.0,0.0,0.0,0.0,0.0
2016-05-31,0.0,0.0,0.0,0.0,0.0
2016-06-01,0.0,0.0,0.0,0.0,0.0
2016-06-02,0.0,0.0,0.0,0.0,0.0
2016-06-03,0.0,0.0,0.0,0.0,0.0
2016-06-04,0.0,0.0,0.0,0.0,0.0
2016-06-05,0.0,0.0,0.0,0.0,0.0
2016-06-06,0.0,0.0,0.0,0.0,0.0
2016-06-07,0.0,0.0,0.0,0.0,0.0
2016-06-08,0.0,0.0,0.0,0.0,0.0
2016-06-09,0.0,0.0,0.0,0.0,0.0
2016-06-10,0.0,0.0,0.0,0.0,0.0
2016-06-11,0.0,0.0,0.0,0.0,0.0
2016-06-12,0.0,0.0,0.0,0.0,0.0
2016-06-13,0.0,0.0,0.0,0.0,0.0
2016-06-14,0.0,0.0,0.0,0.0,0.0
2016-06-15,0.0,0.0,0.0,0.0,0.0
2016-06-16,0.0,0.0,0.0,0.0,0.0
2016-06-17,0.0,0.0,0.0,0.0,0.0
2016-06-18,0.0,0.0,0.0,0.0,0.0
2016-06-19,0.0,0.0,0.0,0.0,0.0
2016-06-20,0.0,0.0,0.0,0.0,0.0
2016-06-21,0.0,0.0,0.0,0.0,0.0
2016-06-22,0.0,0.0,0.0,0.0,0.0
2016-06-23,0.0,0.0,0.0,0.0,0.0
2016-06-24,0.0,0.0,0.0,0.0,0.0
2016-06-25,0.0,0.0,0.0,0.0,0.0
2016-06-26,0.0,0.0,0.0,0.0,0.0
2016-06-27,0.0,0.0,0.0,0.0,0.0
2016-06-28,0.0,0.0,0.0,0.0,0.0
2016-06-29,0.0,0.0,0.0,0.0,0.0
2016-06-30,0.0,0.0,0.0,0.0,0.0
2016-07-01,0.0,0.0,0.0,0.0,0.0
2016-07-02,0.0,0.0,0.0,0.0,0.0
2016-07-03,0.0,0.0,0.0,0.0,0.0
2016-07-04,0.0,0.0,0.0,0.0,0.0
2016-07-05,0.0,0.0,0.0,0.0,0.0
2016-07-06,0.0,0.0,0.0,0.0,0.0
2016-07-07,0.0,0.0,0.0,0.0,0.0
2016-07-08,0.0,0.0,0.0,0.0,0.0
2016-07-09,0.0,0.0,0.0,0.0,0.0
2016-07-10,0.0,0.0,0.0,0.0,0.0
2016-07-11,0.0,0.0,0.0,0.0,0.0
2016-07-12,0.0,0.0,0.0,0.0,0.0
2016-07-13,0.0,0.0,0.0,0.0,0.0
2016-07-14,0.0,0.0,0.0,0.0,0.0
2016-07-15,0.0,0.0,0.0,0.0,0.0
2016-07-16,0.0,0.0,0.0,0.0,0.0
2016-07-17,0.0,0.0,0.0,0.0,0.0
2016-07-18,0.0,0.0,0.0,0.0,0.0
2016-07-19,0.0,0.0,0.0,0.0,0.0
2016-07-20,0.0,0.0,0.0,0.0,0.0
2016-07-21,0.0,0.0,0.0,0.0,0.0
2016-07-22,0.0,0.0,0.0,0.0,0.0
2016-07-23,0.0,0.0,0.0,0.0,0.0
2016-07-24,0.0,0.0,0.0,0.0,0.0
2016-07-25,0.0,0.0,0.0,0.0,0.0
2016-07-26,0.0,0.0,0.0,0.0,0.0
2016-07-27,0.0,0.0,0.0,0.0,0.0
2016-07-28,0.0,0.0,0.0,0.0,0.0
2016-07-29,0.0,0.0,0.0,0.0,0.0
2016-07-30,0.0,0.0,0.0,0.0,0.0
2016-07-31,0.0,0.0,0.0,0.0,0.0
2016-08-01,0.0,0.0,0.0,0.0,0.0
2016-08-02,0.0,0.0,0.0,0.0,0.0
2016-08-03,0.0,0.0,0.0,0.0,0.0
2016-08-04,0.0,0.0,0.0,0.0,0.0
2016-08-05,0.0,0.0,0.0,0.0,0.0
2016-08-06,0.0,0.0,0.0,0.0,0.0
2016-08-07,0.0,0.0,0.0,0.0,0.0
2016-08-08,0.0,0.0,0.0,0.0,0.0
2016-08-09,0.0,0.0,0.0,0.0,0.0
2016-08-10,0.0,0.0,0.0,0.0,0.0
2016-08-11,0.0,0.0,0.0,0.0,0.0
2016-08-12,0.0,0.0,0.0,0.0,0.0
2016-08-13,0.0,0.0,0.0,0.0,0.0
2016-08-14,0.0,0.0,0.0,0.0,0.0
2016-08-15,0.0,0.0,0.0,0.0,0.0
2016-08-16,0.0,0.0,0.0,0.0,0.0
2016-08-17,0.0,0.0,0.0,0.0,0.0
2016-08-18,0.0,0.0,0.0,0.0,0.0
2016-08-19,0.0,0.0,0.0,0.0,0.0
2016-08-20,0.0,0.0,0.0,0.0,0.0
2016-08-21,0.0,0.0,0.0,0.0,0.0
2016-08-22,0.0,0.0,0.0,0.0,0.0
2016-08-23,0.0,0.0,0.0,0.0,0.0
2016-08-24,0.0,0.0,0.0,0.0,0.0
2016-08-25,0.0,0.0,0.0,0.0,0.0
2016-08-26,0.0,0.0,0.0,0.0,0.0
2016-08-27,0.0,0.0,0.0,0.0,0.0
2016-08-28,0.0,0.0,0.0,0.0,0.0
2016-08-29,0.0,0.0,0.0,0.0,0.0
2016-08-30,0.0,0.0,0.0,0.0,0.0
2016-08-31,0.0,0.0,0.0,0.0,0.0
2016-09-01,0.0,0.0,0.0,0.0,0.0
2016-09-02,0.0,0.0,0.0,0.0,0.0
2016-09-03,0.0,0.0,0.0,0.0,0.0
2016-09-04,0.0,0.0,0.0,0.0,0.0
2016-09-05,0.0,0.0,0.0,0.0,0.0
2016-09-06,0.0,0.0,0.0,0.0,0.0
2016-09-07,0.0,0.0,0.0,0.0,0.0
2016-09-08,0.0,0.0,0.0,0.0,0.0
2016-09-09,0.0,0.0,0.0,0.0,0.0
2016-09-10,0.0,0.0,0.0,0.0,0.0
2016-09-11,0.0,0.0,0.0,0.0,0.0
2016-09-12,0.0,0.0,0.0,0.0,0.0
2016-09-13,0.0,0.0,0.0,0.0,0.0
2016-09-14,0.0,0.0,0.0,0.0,0.0
2016-09-15,0.0,0.0,0.0,0.0,0.0
2016-09-16,0.0,0.0,0.0,0.0,0.0
2016-09-17,0.0,0.0,0.0,0.0,0.0
2016-09-18,0.0,0.0,0.0,0.0,0.0
2016-09-19,0.0,0.0,0.0,0.0,0.0
2016-09-20,0.0,0.0,0.0,0.0,0.0
2016-09-21,0.0,0.0,0.0,0.0,0.0
2016-09-22,0.0,0.0,0.0,0.0,0.0
2016-09-23,0.0,0.0,0.0,0.0,0.0
2016-09-24,0.0,0.0,0.0,0.0,0.0
2016-09-25,0.0,0.0,0.0,0.0,0.0
2016-09-26,0.0,0.0,0.0,0.0,0.0
2016-09-27,0.0,0.0,0.0,0.0,0.0
2016-09-28,0.0,0.0,0.0,0.0,0.0
2016-09-29,0.0,0.0,0.0,0.0,0.0
2016-09-30,0.0,0.0,0.0,0.0,0.0
2016-10-01,0.0,0.0,0.0,0.0,0.0
2016-10-02,0.0,0.0,0.0,0.0,0.0
2016-10-03,0.0,0.0,0.0,0.0,0.0
2016-10-04,0.0,0.0,0.0,0.0,0.0
2016-10-05,0.0,0.0,0.0,0.0,0.0
2016-10-06,0.0,0.0,0.0,0.0,0.0
2016-10-07,0.0,0.0,0.0,0.0,0.0
2016-10-08,0.0,0.0,0.0,0.0,0.0
2016-10-09,0.0,0.0,0.0,0.0,0.0
2016-10-10,0.0,0.0,0.0,0.0,0.0
2016-10-11,0.0,0.0,0.0,0.0,0.0
2016-10-12,0.0,0.0,0.0,0.0,0.0
2016-10-13,0.0,0.0,0.0,0.0,0.0
2016-10-14,3.24,133.87,16.72,50.58,66.56
2016-10-15,2.626,160.16,16.25,62.12,81.79
2016-10-16,9.488,244.95,23.7,95.32,125.93
2016-10-17,0.452,71.7,16.83,23.54,31.33
2016-10-18,0.005,16.27,13.51,0.0,2.77
2016-10-19,0.002,10.13,9.22,0.0,0.93
2016-10-20,0.002,10.06,9.12,0.0,0.94
2016-10-21,0.002,10.07,9.13,0.0,0.94
2016-10-22,0.001,9.97,9.04,0.0,0.93
2016-10-23,0.001,9.99,9.05,0.0,0.93
2016-10-24,0.001,9.94,9.02,0.0,0.93
2016-10-25,0.001,9.94,8.96,0.0,0.94
2016-10-26,0.001,9.88,9.0,0.0,0.93
2016-10-27,1.668,104.45,8.68,41.35,54.41
2016-10-28,5.112,155.4,22.92,57.21,75.27
2016-10-29,0.022,32.89,17.26,5.29,10.34
2016-10-30,5.668,406.37,23.43,164.41,218.53
2016-10-31,0.131,111.37,17.17,39.6,54.6
2016-11-01,0.508,44.67,13.45,13.39,17.83
2016-11-02,0.01,17.37,14.01,0.0,3.36
2016-11-03,0.003,11.64,10.69,0.0,0.93
2016-11-04,0.003,11.66,10.75,0.0,0.94
2016-11-05,0.002,10.89,9.99,0.0,0.94
2016-11-06,0.001,9.76,8.9,0.0,0.93
2016-11-07,0.001,9.85,8.87,0.0,0.93
2016-11-08,0.001,9.9,8.93,0.0,0.94
2016-11-09,0.001,9.74,8.8,0.0,0.93
2016-11-10,0.001,9.53,8.78,0.0,0.93
2016-11-11,0.0,9.88,8.8,0.0,0.93
2016-11-12,0.0,9.82,8.71,0.0,0.93
2016-11-13,0.0,9.43,8.66,0.0,0.92
2016-11-14,0.0,9.37,8.83,0.0,0.94
2016-11-15,0.0,9.53,8.54,0.0,0.91
2016-11-16,0.0,9.26,8.89,0.0,0.94
2016-11-17,0.0,9.0,7.83,0.0,0.87
2016-11-18,0.0,11.57,8.7,0.0,0.93
2016-11-19,1.651,133.29,13.03,51.93,68.33
2016-11-20,4.384,206.89,18.57,81.31,107.0
2016-11-21,0.159,77.0,17.17,25.42,34.4
2016-11-22,0.512,0.08,0.07,0.0,0.01
2016-11-23,3.644,237.76,19.28,94.34,124.13
2016-11-24,0.029,44.54,17.17,9.74,17.62
2016-11-25,0.002,11.96,10.97,0.0,0.99
2016-11-26,1.79,64.54,11.17,23.05,30.32
2016-11-27,2.096,71.35,14.48,24.55,32.32
2016-11-28,0.015,25.26,16.07,1.96,7.23
2016-11-29,0.002,10.25,9.32,0.0,0.91
2016-11-30,0.003,12.44,11.48,0.0,0.95
2016-12-01,0.001,10.94,9.94,0.0,0.92
2016-12-02,0.001,9.98,8.93,0.0,0.93
2016-12-03,0.001,9.75,8.85,0.0,0.94
2016-12-04,0.001,9.97,9.0,0.0,0.93
2016-12-05,0.0,9.92,8.99,0.0,0.94
2016-12-06,0.0,10.05,8.91,0.0,0.94
2016-12-07,0.318,5.72,1.17,1.96,2.58
2016-12-08,9.475,125.79,18.65,46.27,60.88
2016-12-09,1.475,53.71,14.31,17.01,22.39
2016-12-10,13.802,282.28,27.86,107.56,146.86
2016-12-11,0.335,69.39,17.08,21.64,30.67
2016-12-12,0.019,13.72,12.29,0.0,1.43
2016-12-13,0.016,13.19,12.2,0.0,0.98
2016-12-14,0.015,13.31,12.33,0.0,0.98
2016-12-15,16.814,427.47,32.8,163.9,230.77
2016-12-16,1.252,85.41,20.06,27.3,38.05
2016-12-17,0.043,15.23,13.07,0.23,1.93
2016-12-18,0.035,13.75,12.66,0.01,1.07
2016-12-19,0.029,13.87,12.82,0.01,1.04
2016-12-20,0.026,13.95,12.92,0.01,1.03
2016-12-21,0.023,13.98,12.96,0.0,1.02
2016-12-22,0.024,14.02,12.99,0.0,1.03
2016-12-23,8.61,392.76,23.88,157.42,211.46
2016-12-24,0.197,61.47,16.67,19.03,25.77
2016-12-25,0.038,14.47,13.24,0.02,1.21
2016-12-26,0.026,14.28,13.25,0.01,1.03
2016-12-27,0.026,14.14,13.09,0.01,1.04
2016-12-28,0.027,14.19,13.14,0.01,1.04
2016-12-29,0.023,14.25,13.23,0.0,1.02
2016-12-30,0.024,14.18,13.15,0.0,1.03
2016-12-31,0.022,14.35,13.33,0.0,1.01
2017-01-01,0.018,14.51,13.51,0.0,1.0
2017-01-02,0.013,14.63,13.65,0.0,0.98
2017-01-03,6.034,110.58,16.94,40.44,53.21
2017-01-04,9.119,159.74,19.53,60.54,79.66
2017-01-05,1.04,77.11,17.55,25.7,33.85
2017-01-06,0.068,15.92,13.66,0.72,1.54
2017-01-07,4.418,90.11,10.88,34.21,45.02
2017-01-08,18.962,207.03,25.8,78.26,102.97
2017-01-09,4.308,232.17,17.92,92.51,121.73
2017-01-10,21.458,198.34,25.01,74.49,98.84
2017-01-11,3.016,89.42,18.21,30.51,40.7
2017-01-12,3.578,86.45,14.52,31.06,40.87
2017-01-13,0.664,16.03,13.34,1.16,1.53
2017-01-14,0.545,15.16,13.16,0.86,1.14
2017-01-15,0.465,15.13,13.13,0.86,1.14
2017-01-16,0.398,15.09,13.1,0.86,1.14
2017-01-17,0.341,15.06,13.06,0.86,1.14
2017-01-18,7.962,193.22,20.79,74.46,97.97
2017-01-19,2.07,74.94,14.4,26.14,34.39
2017-01-20,14.138,307.7,24.8,119.85,163.05
2017-01-21,4.569,86.99,13.61,31.69,41.7
2017-01-22,11.067,183.32,20.79,70.18,92.34
2017-01-23,4.514,58.93,14.58,19.15,25.2
2017-01-24,1.325,26.02,13.6,5.36,7.06
2017-01-25,0.856,14.89,12.88,0.87,1.14
2017-01-26,0.683,14.83,12.83,0.86,1.14
2017-01-27,0.549,14.77,12.77,0.86,1.14
2017-01-28,0.44,14.71,12.71,0.86,1.14
2017-01-29,0.354,14.66,12.66,0.86,1.14
2017-01-30,0.284,14.59,12.59,0.86,1.14
2017-01-31,0.232,14.52,12.52,0.86,1.14
2017-02-01,0.19,14.46,12.46,0.86,1.14
2017-02-02,0.156,14.36,12.39,0.83,1.14
2017-02-03,4.849,187.39,18.28,73.02,96.08
2017-02-04,3.072,65.5,13.58,22.42,29.5
2017-02-05,1.112,76.49,11.82,27.93,36.75
2017-02-06,7.325,115.19,16.96,42.42,55.81
2017-02-07,12.897,164.2,24.6,60.28,79.32
2017-02-08,7.238,98.17,17.55,34.81,45.81
2017-02-09,10.254,169.33,22.54,63.39,83.41
2017-02-10,3.85,56.12,14.76,17.86,23.5
2017-02-11,1.228,15.22,12.94,0.99,1.3
2017-02-12,0.918,14.8,12.8,0.86,1.14
2017-02-13,0.7,14.73,12.73,0.86,1.14
2017-02-14,0.53,14.67,12.67,0.86,1.14
2017-02-15,0.417,14.58,12.57,0.86,1.14
2017-02-16,3.321,178.97,16.48,70.17,92.32
2017-02-17,13.248,175.16,21.82,66.21,87.12
2017-02-18,3.08,59.39,15.67,18.88,24.84
2017-02-19,1.312,19.89,12.48,3.2,4.21
2017-02-20,26.611,282.04,28.82,106.91,146.31
2017-02-21,7.022,76.72,16.01,26.08,34.64
2017-02-22,2.409,30.15,13.69,7.11,9.35
2017-02-23,1.337,14.73,12.71,0.87,1.15
2017-02-24,0.946,14.63,12.63,0.86,1.14
2017-02-25,0.683,14.54,12.54,0.86,1.14
2017-02-26,0.474,14.5,12.5,0.86,1.13
2017-02-27,0.331,14.4,12.4,0.86,1.14
2017-02-28,0.235,14.31,12.32,0.86,1.14
2017-03-01,0.168,14.19,12.23,0.82,1.14
2017-03-02,0.114,13.91,12.14,0.63,1.14
2017-03-03,0.078,13.5,12.02,0.35,1.13
2017-03-04,5.42,469.31,24.93,189.47,254.91
2017-03-05,5.43,177.52,22.07,66.4,89.06
2017-03-06,2.555,75.17,13.34,26.7,35.13
2017-03-07,0.498,16.84,13.11,1.61,2.12
2017-03-08,0.342,14.83,12.83,0.86,1.14
2017-03-09,0.249,14.77,12.77,0.86,1.14
2017-03-10,0.181,14.66,12.71,0.81,1.14
2017-03-11,0.121,14.53,12.72,0.67,1.13
2017-03-12,0.08,14.21,12.66,0.41,1.13
2017-03-13,0.056,13.87,12.57,0.18,1.12
2017-03-14,0.039,13.66,12.54,0.02,1.1
2017-03-15,0.025,13.52,12.47,0.01,1.05
2017-03-16,0.016,13.47,12.46,0.0,1.01
2017-03-17,0.01,13.39,12.4,0.0,0.98
2017-03-18,0.006,13.15,12.21,0.0,0.96
2017-03-19,0.003,12.99,12.03,0.0,0.95
2017-03-20,3.346,237.37,17.07,95.13,125.17
2017-03-21,6.024,141.03,21.17,51.76,68.1
2017-03-22,5.289,191.63,19.28,74.43,97.93
2017-03-23,0.518,16.14,13.06,1.33,1.75
2017-03-24,5.974,178.64,19.55,68.69,90.39
2017-03-25,0.772,26.44,13.86,5.43,7.14
2017-03-26,0.478,14.82,12.8,0.87,1.15
2017-03-27,0.35,14.81,12.81,0.86,1.13
2017-03-28,0.256,14.77,12.78,0.86,1.14
2017-03-29,0.194,14.67,12.71,0.82,1.14
2017-03-30,0.132,14.64,12.79,0.71,1.13
2017-03-31,0.086,14.28,12.7,0.45,1.13
2017-04-01,0.067,14.06,12.59,0.34,1.13
2017-04-02,0.049,13.79,12.59,0.09,1.12
2017-04-03,0.033,13.72,12.62,0.02,1.09
2017-04-04,0.023,13.55,12.5,0.01,1.05
2017-04-05,0.015,13.73,12.72,0.0,1.02
2017-04-06,6.955,238.81,19.62,94.65,124.54
2017-04-07,6.175,265.55,25.03,103.86,136.66
2017-04-08,3.343,161.1,18.31,61.66,81.13
2017-04-09,0.526,17.96,13.25,2.03,2.67
2017-04-10,0.381,14.86,12.86,0.87,1.14
2017-04-11,0.309,14.78,12.77,0.86,1.14
2017-04-12,0.718,35.91,12.19,10.24,13.47
2017-04-13,0.999,53.09,14.28,16.76,22.05
2017-04-14,0.195,15.48,13.26,0.92,1.3
2017-04-15,0.145,14.95,13.06,0.75,1.14
2017-04-16,0.3,26.94,14.1,5.49,7.36
2017-04-17,1.152,61.65,12.54,21.2,27.9
2017-04-18,0.693,39.57,13.59,11.22,14.76
2017-04-19,0.143,12.86,11.21,0.61,1.04
2017-04-20,0.62,66.48,14.52,22.41,29.55
2017-04-21,0.085,15.69,13.58,0.71,1.4
2017-04-22,0.062,14.99,13.44,0.42,1.12
2017-04-23,0.044,14.82,13.49,0.22,1.11
2017-04-24,0.038,14.58,13.46,0.02,1.09
2017-04-25,0.028,14.58,13.49,0.01,1.07
2017-04-26,0.023,14.49,13.44,0.01,1.04
2017-04-27,0.016,14.74,13.72,0.0,1.02
2017-04-28,0.009,14.81,13.82,0.0,0.98
2017-04-29,0.004,15.37,14.41,0.0,0.94
2017-04-30,0.003,16.01,15.05,0.0,0.95
2017-05-01,0.001,16.49,15.57,0.0,0.91
2017-05-02,0.0,15.98,14.93,0.0,0.89
2017-05-03,0.0,16.53,15.61,0.0,0.9
2017-05-04,0.0,18.52,18.15,0.0,0.99
2017-05-05,0.0,0.0,0.0,0.0,0.0
2017-05-06,0.0,0.0,0.0,0.0,0.0
2017-05-07,0.0,0.0,0.0,0.0,0.0
2017-05-08,0.0,0.0,0.0,0.0,0.0
2017-05-09,0.0,0.0,0.0,0.0,0.0
2017-05-10,0.0,0.0,0.0,0.0,0.0
2017-05-11,0.0,0.0,0.0,0.0,0.0
2017-05-12,0.0,0.0,0.0,0.0,0.0
2017-05-13,0.0,0.0,0.0,0.0,0.0
2017-05-14,0.0,0.0,0.0,0.0,0.0
2017-05-15,0.0,0.0,0.0,0.0,0.0
2017-05-16,0.0,0.0,0.0,0.0,0.0
2017-05-17,0.0,0.0,0.0,0.0,0.0
2017-05-18,0.0,0.0,0.0,0.0,0.0
2017-05-19,0.0,0.0,0.0,0.0,0.0
2017-05-20,0.0,0.0,0.0,0.0,0.0
2017-05-21,0.0,0.0,0.0,0.0,0.0
2017-05-22,0.0,0.0,0.0,0.0,0.0
2017-05-23,0.0,0.0,0.0,0.0,0.0
2017-05-24,0.0,0.0,0.0,0.0,0.0
2017-05-25,0.0,0.0,0.0,0.0,0.0
2017-05-26,0.0,0.0,0.0,0.0,0.0
2017-05-27,0.0,0.0,0.0,0.0,0.0
2017-05-28,0.0,0.0,0.0,0.0,0.0
2017-05-29,0.0,0.0,0.0,0.0,0.0
2017-05-30,0.0,0.0,0.0,0.0,0.0
2017-05-31,0.0,0.0,0.0,0.0,0.0
2017-06-01,0.0,0.0,0.0,0.0,0.0
2017-06-02,0.0,0.0,0.0,0.0,0.0
2017-06-03,0.0,0.0,0.0,0.0,0.0
2017-06-04,0.0,0.0,0.0,0.0,0.0
2017-06-05,0.0,0.0,0.0,0.0,0.0
2017-06-06,0.0,0.0,0.0,0.0,0.0
2017-06-07,0.0,0.0,0.0,0.0,0.0
2017-06-08,0.0,0.0,0.0,0.0,0.0
2017-06-09,0.0,0.0,0.0,0.0,0.0
2017-06-10,0.0,0.0,0.0,0.0,0.0
2017-06-11,0.0,0.0,0.0,0.0,0.0
2017-06-12,0.0,0.0,0.0,0.0,0.0
2017-06-13,0.0,0.0,0.0,0.0,0.0
2017-06-14,0.0,0.0,0.0,0.0,0.0
2017-06-15,0.0,0.0,0.0,0.0,0.0
2017-06-16,0.0,0.0,0.0,0.0,0.0
2017-06-17,0.0,0.0,0.0,0.0,0.0
2017-06-18,0.0,0.0,0.0,0.0,0.0
2017-06-19,0.0,0.0,0.0,0.0,0.0
2017-06-20,0.0,0.0,0.0,0.0,0.0
2017-06-21,0.0,0.0,0.0,0.0,0.0
2017-06-22,0.0,0.0,0.0,0.0,0.0
2017-06-23,0.0,0.0,0.0,0.0,0.0
2017-06-24,0.0,0.0,0.0,0.0,0.0
2017-06-25,0.0,0.0,0.0,0.0,0.0
2017-06-26,0.0,0.0,0.0,0.0,0.0
2017-06-27,0.0,0.0,0.0,0.0,0.0
2017-06-28,0.0,0.0,0.0,0.0,0.0
2017-06-29,0.0,0.0,0.0,0.0,0.0
2017-06-30,0.0,0.0,0.0,0.0,0.0
2017-07-01,0.0,0.0,0.0,0.0,0.0
2017-07-02,0.0,0.0,0.0,0.0,0.0
2017-07-03,0.0,0.0,0.0,0.0,0.0
2017-07-04,0.0,0.0,0.0,0.0,0.0
2017-07-05,0.0,0.0,0.0,0.0,0.0
2017-07-06,0.0,0.0,0.0,0.0,0.0
2017-07-07,0.0,0.0,0.0,0.0,0.0
2017-07-08,0.0,0.0,0.0,0.0,0.0
2017-07-09,0.0,0.0,0.0,0.0,0.0
2017-07-10,0.0,0.0,0.0,0.0,0.0
2017-07-11,0.0,0.0,0.0,0.0,0.0
2017-07-12,0.0,0.0,0.0,0.0,0.0
2017-07-13,0.0,0.0,0.0,0.0,0.0
2017-07-14,0.0,0.0,0.0,0.0,0.0
2017-07-15,0.0,0.0,0.0,0.0,0.0
2017-07-16,0.0,0.0,0.0,0.0,0.0
2017-07-17,0.0,0.0,0.0,0.0,0.0
2017-07-18,0.0,0.0,0.0,0.0,0.0
2017-07-19,0.0,0.0,0.0,0.0,0.0
2017-07-20,0.0,0.0,0.0,0.0,0.0
2017-07-21,0.0,0.0,0.0,0.0,0.0
2017-07-22,0.0,0.0,0.0,0.0,0.0
2017-07-23,0.0,0.0,0.0,0.0,0.0
2017-07-24,0.0,0.0,0.0,0.0,0.0
2017-07-25,0.0,0.0,0.0,0.0,0.0
2017-07-26,0.0,0.0,0.0,0.0,0.0
2017-07-27,0.0,0.0,0.0,0.0,0.0
2017-07-28,0.0,0.0,0.0,0.0,0.0
2017-07-29,0.0,0.0,0.0,0.0,0.0
2017-07-30,0.0,0.0,0.0,0.0,0.0
2017-07-31,0.0,0.0,0.0,0.0,0.0
2017-08-01,0.0,0.0,0.0,0.0,0.0
2017-08-02,0.0,0.0,0.0,0.0,0.0
2017-08-03,0.0,0.0,0.0,0.0,0.0
2017-08-04,0.0,0.0,0.0,0.0,0.0
2017-08-05,0.0,0.0,0.0,0.0,0.0
2017-08-06,0.0,0.0,0.0,0.0,0.0
2017-08-07,0.0,0.0,0.0,0.0,0.0
2017-08-08,0.0,0.0,0.0,0.0,0.0
2017-08-09,0.0,0.0,0.0,0.0,0.0
2017-08-10,0.0,0.0,0.0,0.0,0.0
2017-08-11,0.0,0.0,0.0,0.0,0.0
2017-08-12,0.0,0.0,0.0,0.0,0.0
2017-08-13,0.0,0.0,0.0,0.0,0.0
2017-08-14,0.0,0.0,0.0,0.0,0.0
2017-08-15,0.0,0.0,0.0,0.0,0.0
2017-08-16,0.0,0.0,0.0,0.0,0.0
2017-08-17,0.0,0.0,0.0,0.0,0.0
2017-08-18,0.0,0.0,0.0,0.0,0.0
2017-08-19,0.0,0.0,0.0,0.0,0.0
2017-08-20,0.0,0.0,0.0,0.0,0.0
2017-08-21,0.0,0.0,0.0,0.0,0.0
2017-08-22,0.0,0.0,0.0,0.0,0.0
2017-08-23,0.0,0.0,0.0,0.0,0.0
2017-08-24,0.0,0.0,0.0,0.0,0.0
2017-08-25,0.0,0.0,0.0,0.0,0.0
2017-08-26,0.0,0.0,0.0,0.0,0.0
2017-08-27,0.0,0.0,0.0,0.0,0.0
2017-08-28,0.0,0.0,0.0,0.0,0.0
2017-08-29,0.0,0.0,0.0,0.0,0.0
2017-08-30,0.0,0.0,0.0,0.0,0.0
2017-08-31,0.0,0.0,0.0,0.0,0.0
2017-09-01,0.0,0.0,0.0,0.0,0.0
2017-09-02,0.0,0.0,0.0,0.0,0.0
2017-09-03,0.0,0.0,0.0,0.0,0.0
2017-09-04,0.0,0.0,0.0,0.0,0.0
2017-09-05,0.0,0.0,0.0,0.0,0.0
2017-09-06,0.0,0.0,0.0,0.0,0.0
2017-09-07,0.0,0.0,0.0,0.0,0.0
2017-09-08,0.0,0.0,0.0,0.0,0.0
2017-09-09,0.0,0.0,0.0,0.0,0.0
2017-09-10,0.0,0.0,0.0,0.0,0.0
2017-09-11,0.0,0.0,0.0,0.0,0.0
2017-09-12,0.0,0.0,0.0,0.0,0.0
2017-09-13,0.0,0.0,0.0,0.0,0.0
2017-09-14,0.0,0.0,0.0,0.0,0.0
2017-09-15,0.0,0.0,0.0,0.0,0.0
2017-09-16,0.0,0.0,0.0,0.0,0.0
2017-09-17,0.0,0.0,0.0,0.0,0.0
2017-09-18,0.0,0.0,0.0,0.0,0.0
2017-09-19,0.0,0.0,0.0,0.0,0.0
2017-09-20,0.0,0.0,0.0,0.0,0.0
2017-09-21,0.0,0.0,0.0,0.0,0.0
2017-09-22,0.0,0.0,0.0,0.0,0.0
2017-09-23,0.0,0.0,0.0,0.0,0.0
2017-09-24,0.0,0.0,0.0,0.0,0.0
2017-09-25,0.0,0.0,0.0,0.0,0.0
2017-09-26,0.0,0.0,0.0,0.0,0.0
2017-09-27,0.0,0.0,0.0,0.0,0.0
2017-09-28,0.0,0.0,0.0,0.0,0.0
2017-09-29,0.0,0.0,0.0,0.0,0.0
2017-09-30,0.0,0.0,0.0,0.0,0.0
2017-10-01,0.0,0.0,0.0,0.0,0.0
2017-10-02,0.0,0.0,0.0,0.0,0.0
2017-10-03,0.0,0.0,0.0,0.0,0.0
2017-10-04,0.0,0.0,0.0,0.0,0.0
2017-10-05,0.0,0.0,0.0,0.0,0.0
2017-10-06,0.0,0.0,0.0,0.0,0.0
2017-10-07,0.0,0.0,0.0,0.0,0.0
2017-10-08,0.0,0.0,0.0,0.0,0.0
2017-10-09,0.0,0.0,0.0,0.0,0.0
2017-10-10,0.0,0.0,0.0,0.0,0.0
2017-10-11,0.0,0.0,0.0,0.0,0.0
2017-10-12,0.0,0.0,0.0,0.0,0.0
2017-10-13,0.0,0.0,0.0,0.0,0.0
2017-10-14,0.0,0.0,0.0,0.0,0.0
2017-10-15,0.0,0.0,0.0,0.0,0.0
2017-10-16,0.0,0.0,0.0,0.0,0.0
2017-10-17,0.0,0.0,0.0,0.0,0.0
2017-10-18,0.0,0.0,0.0,0.0,0.0
2017-10-19,0.0,0.0,0.0,0.0,0.0
2017-10-20,0.566,79.14,15.38,27.43,36.32
2017-10-21,0.003,25.7,18.42,0.0,7.28
2017-10-22,0.0,15.43,14.49,0.0,0.77
2017-10-23,0.0,11.57,7.26,0.0,0.64
2017-10-24,0.0,0.0,0.0,0.0,0.0
2017-10-25,0.0,0.0,0.0,0.0,0.0
2017-10-26,0.0,0.0,0.0,0.0,0.0
2017-10-27,0.0,0.0,0.0,0.0,0.0
2017-10-28,0.0,0.0,0.0,0.0,0.0
2017-10-29,0.0,0.0,0.0,0.0,0.0
2017-10-30,0.0,0.0,0.0,0.0,0.0
2017-10-31,0.0,0.0,0.0,0.0,0.0
2017-11-01,0.0,0.0,0.0,0.0,0.0
2017-11-02,0.0,0.0,0.0,0.0,0.0
2017-11-03,0.0,0.0,0.0,0.0,0.0
2017-11-04,1.067,89.39,13.6,32.69,43.1
2017-11-05,0.016,40.53,18.04,6.46,16.02
2017-11-06,0.0,16.03,15.13,0.0,1.16
2017-11-07,0.0,9.26,8.84,0.0,0.82
2017-11-08,0.0,11.57,9.84,0.0,0.85
2017-11-09,0.0,16.53,15.43,0.0,0.85
2017-11-10,0.425,71.2,13.39,24.95,32.86
2017-11-11,0.03,49.6,17.71,11.56,20.33
2017-11-12,0.0,17.94,16.34,0.0,1.7
2017-11-13,0.0,11.57,11.62,0.0,0.99
2017-11-14,0.0,11.57,10.06,0.0,0.9
2017-11-15,0.002,0.14,0.13,0.0,0.01
2017-11-16,18.291,202.79,25.65,76.23,100.9
2017-11-17,0.897,58.39,15.45,18.51,24.42
2017-11-18,0.009,16.65,14.0,0.0,2.65
2017-11-19,0.004,10.62,9.66,0.0,0.94
2017-11-20,0.003,10.1,9.13,0.0,0.94
2017-11-21,0.003,10.53,9.58,0.0,0.94
2017-11-22,0.002,10.77,9.81,0.0,0.94
2017-11-23,0.002,9.97,9.04,0.0,0.93
2017-11-24,0.001,9.92,8.97,0.0,0.93
2017-11-25,0.001,9.88,9.0,0.0,0.93
2017-11-26,0.001,9.84,8.99,0.0,0.94
2017-11-27,3.096,153.17,15.45,59.47,78.26
2017-11-28,0.016,37.24,17.23,5.44,14.57
2017-11-29,0.001,10.36,9.39,0.0,0.95
2017-11-30,0.001,10.5,9.56,0.0,0.94
2017-12-01,0.001,9.67,8.81,0.0,0.93
2017-12-02,0.001,9.9,8.87,0.0,0.94
2017-12-03,0.001,9.81,8.88,0.0,0.93
2017-12-04,0.0,10.13,9.03,0.0,0.94
2017-12-05,0.0,9.47,8.48,0.0,0.92
2017-12-06,0.0,9.58,8.65,0.0,0.92
2017-12-07,0.0,10.0,8.73,0.0,0.93
2017-12-08,0.0,9.65,9.05,0.0,0.97
2017-12-09,0.0,9.92,9.19,0.0,0.99
2017-12-10,0.0,9.65,8.19,0.0,0.88
2017-12-11,0.0,10.29,8.97,0.0,0.98
2017-12-12,0.0,8.68,8.39,0.0,0.92
2017-12-13,0.0,9.65,9.3,0.0,1.03
2017-12-14,0.0,9.65,8.77,0.0,0.97
2017-12-15,0.0,6.94,7.71,0.0,0.85
2017-12-16,0.0,11.57,9.47,0.0,0.98
2017-12-17,0.0,0.0,0.0,0.0,0.0
2017-12-18,0.0,0.0,0.0,0.0,0.0
2017-12-19,0.0,0.0,0.0,0.0,0.0
2017-12-20,0.0,0.0,0.0,0.0,0.0
2017-12-21,0.0,0.0,0.0,0.0,0.0
2017-12-22,0.0,0.0,0.0,0.0,0.0
2017-12-23,0.0,0.0,0.0,0.0,0.0
2017-12-24,0.0,0.0,0.0,0.0,0.0
2017-12-25,0.0,0.0,0.0,0.0,0.0
2017-12-26,0.0,0.0,0.0,0.0,0.0
2017-12-27,0.0,0.0,0.0,0.0,0.0
2017-12-28,0.0,0.0,0.0,0.0,0.0
2017-12-29,0.0,0.0,0.0,0.0,0.0
2017-12-30,0.0,0.0,0.0,0.0,0.0
2017-12-31,0.0,0.0,0.0,0.0,0.0
2018-01-01,0.0,0.0,0.0,0.0,0.0
2018-01-02,0.0,0.0,0.0,0.0,0.0
2018-01-03,1.95,282.36,22.66,112.14,147.56
2018-01-04,1.123,142.57,16.85,54.26,71.46
2018-01-05,3.003,83.82,12.39,30.84,40.59
2018-01-06,1.038,107.61,18.21,38.56,50.84
2018-01-07,0.006,23.62,16.52,0.0,7.09
2018-01-08,30.364,265.12,27.66,101.28,136.17
2018-01-09,9.627,338.71,37.97,124.42,176.32
2018-01-10,0.056,26.01,14.12,4.34,7.55
2018-01-11,0.036,12.9,11.83,0.01,1.06
2018-01-12,0.029,13.02,11.99,0.0,1.03
2018-01-13,0.024,13.19,12.17,0.0,1.02
2018-01-14,0.021,13.3,12.29,0.0,1.0
2018-01-15,0.018,13.47,12.47,0.0,0.99
2018-01-16,0.017,13.59,12.6,0.0,0.99
2018-01-17,0.015,13.7,12.72,0.0,0.98
2018-01-18,0.316,56.65,10.35,19.98,26.32
2018-01-19,0.358,43.96,14.32,12.74,16.91
2018-01-20,0.01,16.05,14.59,0.0,1.45
2018-01-21,0.008,14.06,13.1,0.0,0.97
2018-01-22,2.642,128.73,15.2,49.02,64.52
2018-01-23,0.055,45.7,16.56,11.56,17.58
2018-01-24,2.575,179.7,15.82,70.77,93.12
2018-01-25,0.911,93.37,15.78,33.49,44.1
2018-01-26,0.025,17.93,14.41,0.49,3.03
2018-01-27,0.011,14.0,13.04,0.0,0.96
2018-01-28,0.011,13.77,12.8,0.0,0.97
2018-01-29,0.01,14.12,13.14,0.0,0.97
2018-01-30,0.009,13.98,13.02,0.0,0.97
2018-01-31,0.008,14.21,13.25,0.0,0.96
2018-02-01,0.007,14.31,13.36,0.0,0.95
2018-02-02,0.005,14.43,13.48,0.0,0.95
2018-02-03,0.004,14.59,13.64,0.0,0.95
2018-02-04,0.003,14.82,13.88,0.0,0.93
2018-02-05,0.002,15.06,14.12,0.0,0.94
2018-02-06,0.002,16.1,15.12,0.0,0.94
2018-02-07,0.0,16.84,16.01,0.0,0.87
2018-02-08,0.0,17.61,16.86,0.0,0.98
2018-02-09,0.0,0.0,0.0,0.0,0.0
2018-02-10,0.0,0.0,0.0,0.0,0.0
2018-02-11,0.0,0.0,0.0,0.0,0.0
2018-02-12,0.0,0.0,0.0,0.0,0.0
2018-02-13,0.0,0.0,0.0,0.0,0.0
2018-02-14,0.0,0.0,0.0,0.0,0.0
2018-02-15,0.0,0.0,0.0,0.0,0.0
2018-02-16,0.0,0.0,0.0,0.0,0.0
2018-02-17,0.0,0.0,0.0,0.0,0.0
2018-02-18,0.0,0.0,0.0,0.0,0.0
2018-02-19,0.0,0.0,0.0,0.0,0.0
2018-02-20,0.0,0.0,0.0,0.0,0.0
2018-02-21,0.0,0.0,0.0,0.0,0.0
2018-02-22,0.0,0.0,0.0,0.0,0.0
2018-02-23,0.0,0.0,0.0,0.0,0.0
2018-02-24,0.0,0.0,0.0,0.0,0.0
2018-02-25,0.0,0.0,0.0,0.0,0.0
2018-02-26,0.54,73.74,14.09,25.69,33.95
2018-02-27,0.016,36.4,17.04,5.17,14.19
2018-02-28,0.0,16.45,15.23,0.0,1.04
2018-03-01,9.983,160.45,19.34,60.93,80.18
2018-03-02,2.059,89.01,14.93,31.99,42.09
2018-03-03,0.861,73.5,13.36,25.95,34.19
2018-03-04,0.291,40.45,13.27,11.63,15.55
2018-03-05,0.012,14.79,13.49,0.0,1.3
2018-03-06,0.007,13.25,12.29,0.0,0.96
2018-03-07,0.006,13.22,12.27,0.0,0.95
2018-03-08,0.006,13.32,12.37,0.0,0.95
2018-03-09,0.005,13.48,12.54,0.0,0.95
2018-03-10,0.004,13.73,12.77,0.0,0.94
2018-03-11,0.003,13.96,13.04,0.0,0.94
2018-03-12,0.002,14.32,13.36,0.0,0.94
2018-03-13,4.317,129.9,15.19,49.53,65.18
2018-03-14,1.6,82.43,14.27,29.43,38.73
2018-03-15,1.772,114.68,8.75,45.71,60.22
2018-03-16,3.368,138.26,17.85,52.0,68.42
2018-03-17,0.053,26.23,16.22,3.9,6.11
2018-03-18,0.012,14.22,13.23,0.0,0.98
2018-03-19,0.009,13.71,12.73,0.0,0.97
2018-03-20,4.316,148.03,13.63,58.04,76.37
2018-03-21,3.545,126.73,20.3,45.96,60.47
2018-03-22,5.987,143.87,19.36,53.77,70.75
2018-03-23,0.079,35.28,16.04,7.89,11.35
2018-03-24,0.024,13.93,12.85,0.01,1.06
2018-03-25,0.022,13.75,12.73,0.0,1.02
2018-03-26,0.021,13.91,12.88,0.0,1.03
2018-03-27,0.019,14.01,12.98,0.0,1.02
2018-03-28,0.016,14.07,13.06,0.0,1.0
2018-03-29,0.013,14.15,13.15,0.0,0.99
2018-03-30,0.011,14.26,13.28,0.0,0.98
2018-03-31,0.009,14.42,13.46,0.0,0.97
2018-04-01,0.007,14.71,13.76,0.0,0.96
2018-04-02,0.005,14.9,13.95,0.0,0.95
2018-04-03,0.004,15.46,14.51,0.0,0.95
2018-04-04,0.002,17.21,16.28,0.0,0.94
2018-04-05,0.075,5.52,1.54,1.72,2.26
2018-04-06,23.983,231.27,26.18,87.69,117.4
2018-04-07,12.612,303.38,32.02,113.6,157.76
2018-04-08,0.161,20.42,14.02,2.63,3.78
2018-04-09,0.111,14.87,13.16,0.57,1.14
2018-04-10,0.09,14.87,13.24,0.49,1.13
2018-04-11,0.085,14.92,13.31,0.47,1.14
2018-04-12,0.062,14.9,13.37,0.41,1.11
2018-04-13,0.056,14.73,13.28,0.33,1.12
2018-04-14,0.05,14.78,13.4,0.26,1.11
2018-04-15,0.043,14.6,13.43,0.06,1.1
2018-04-16,0.033,14.75,13.64,0.03,1.08
2018-04-17,0.031,14.43,13.34,0.02,1.08
2018-04-18,0.028,14.47,13.38,0.01,1.07
2018-04-19,0.024,14.43,13.36,0.01,1.06
2018-04-20,0.021,14.39,13.35,0.01,1.04
2018-04-21,0.017,14.41,13.38,0.0,1.02
2018-04-22,0.014,14.47,13.47,0.0,1.0
2018-04-23,0.012,14.58,13.59,0.0,0.99
2018-04-24,0.009,14.67,13.68,0.0,0.98
2018-04-25,0.007,15.09,14.12,0.0,0.97
2018-04-26,0.005,15.4,14.45,0.0,0.95
2018-04-27,0.003,16.06,15.14,0.0,0.95
2018-04-28,0.002,16.96,16.05,0.0,0.94
2018-04-29,0.001,17.25,16.34,0.0,0.93
2018-04-30,0.0,17.75,16.65,0.0,0.94
2018-05-01,0.0,0.0,0.0,0.0,0.0
2018-05-02,0.0,0.0,0.0,0.0,0.0
2018-05-03,0.0,0.0,0.0,0.0,0.0
2018-05-04,0.0,0.0,0.0,0.0,0.0
2018-05-05,0.0,0.0,0.0,0.0,0.0
2018-05-06,0.0,0.0,0.0,0.0,0.0
2018-05-07,0.0,0.0,0.0,0.0,0.0
2018-05-08,0.0,0.0,0.0,0.0,0.0
2018-05-09,0.0,0.0,0.0,0.0,0.0
2018-05-10,0.0,0.0,0.0,0.0,0.0
2018-05-11,0.0,0.0,0.0,0.0,0.0
2018-05-12,0.0,0.0,0.0,0.0,0.0
2018-05-13,0.0,0.0,0.0,0.0,0.0
2018-05-14,0.0,0.0,0.0,0.0,0.0
2018-05-15,0.0,0.0,0.0,0.0,0.0
2018-05-16,0.0,0.0,0.0,0.0,0.0
2018-05-17,0.0,0.0,0.0,0.0,0.0
2018-05-18,0.0,0.0,0.0,0.0,0.0
2018-05-19,0.0,0.0,0.0,0.0,0.0
2018-05-20,0.0,0.0,0.0,0.0,0.0
2018-05-21,0.0,0.0,0.0,0.0,0.0
2018-05-22,0.0,0.0,0.0,0.0,0.0
2018-05-23,0.0,0.0,0.0,0.0,0.0
2018-05-24,0.0,0.0,0.0,0.0,0.0
2018-05-25,0.0,0.0,0.0,0.0,0.0
2018-05-26,0.0,0.0,0.0,0.0,0.0
2018-05-27,0.0,0.0,0.0,0.0,0.0
2018-05-28,0.0,0.0,0.0,0.0,0.0
2018-05-29,0.0,0.0,0.0,0.0,0.0
2018-05-30,0.0,0.0,0.0,0.0,0.0
2018-05-31,0.0,0.0,0.0,0.0,0.0
2018-06-01,0.0,0.0,0.0,0.0,0.0
2018-06-02,0.0,0.0,0.0,0.0,0.0
2018-06-03,0.0,0.0,0.0,0.0,0.0
2018-06-04,0.0,0.0,0.0,0.0,0.0
2018-06-05,0.0,0.0,0.0,0.0,0.0
2018-06-06,0.0,0.0,0.0,0.0,0.0
2018-06-07,0.0,0.0,0.0,0.0,0.0
2018-06-08,0.0,0.0,0.0,0.0,0.0
2018-06-09,0.0,0.0,0.0,0.0,0.0
2018-06-10,0.0,0.0,0.0,0.0,0.0
2018-06-11,0.0,0.0,0.0,0.0,0.0
2018-06-12,0.0,0.0,0.0,0.0,0.0
2018-06-13,0.0,0.0,0.0,0.0,0.0
2018-06-14,0.0,0.0,0.0,0.0,0.0
2018-06-15,0.0,0.0,0.0,0.0,0.0
2018-06-16,0.0,0.0,0.0,0.0,0.0
2018-06-17,0.0,0.0,0.0,0.0,0.0
2018-06-18,0.0,0.0,0.0,0.0,0.0
2018-06-19,0.0,0.0,0.0,0.0,0.0
2018-06-20,0.0,0.0,0.0,0.0,0.0
2018-06-21,0.0,0.0,0.0,0.0,0.0
2018-06-22,0.0,0.0,0.0,0.0,0.0
2018-06-23,0.0,0.0,0.0,0.0,0.0
2018-06-24,0.0,0.0,0.0,0.0,0.0
2018-06-25,0.0,0.0,0.0,0.0,0.0
2018-06-26,0.0,0.0,0.0,0.0,0.0
2018-06-27,0.0,0.0,0.0,0.0,0.0
2018-06-28,0.0,0.0,0.0,0.0,0.0
2018-06-29,0.0,0.0,0.0,0.0,0.0
2018-06-30,0.0,0.0,0.0,0.0,0.0
2018-07-01,0.0,0.0,0.0,0.0,0.0
2018-07-02,0.0,0.0,0.0,0.0,0.0
2018-07-03,0.0,0.0,0.0,0.0,0.0
2018-07-04,0.0,0.0,0.0,0.0,0.0
2018-07-05,0.0,0.0,0.0,0.0,0.0
2018-07-06,0.0,0.0,0.0,0.0,0.0
2018-07-07,0.0,0.0,0.0,0.0,0.0
2018-07-08,0.0,0.0,0.0,0.0,0.0
2018-07-09,0.0,0.0,0.0,0.0,0.0
2018-07-10,0.0,0.0,0.0,0.0,0.0
2018-07-11,0.0,0.0,0.0,0.0,0.0
2018-07-12,0.0,0.0,0.0,0.0,0.0
2018-07-13,0.0,0.0,0.0,0.0,0.0
2018-07-14,0.0,0.0,0.0,0.0,0.0
2018-07-15,0.0,0.0,0.0,0.0,0.0
2018-07-16,0.0,0.0,0.0,0.0,0.0
2018-07-17,0.0,0.0,0.0,0.0,0.0
2018-07-18,0.0,0.0,0.0,0.0,0.0
2018-07-19,0.0,0.0,0.0,0.0,0.0
2018-07-20,0.0,0.0,0.0,0.0,0.0
2018-07-21,0.0,0.0,0.0,0.0,0.0
2018-07-22,0.0,0.0,0.0,0.0,0.0
2018-07-23,0.0,0.0,0.0,0.0,0.0
2018-07-24,0.0,0.0,0.0,0.0,0.0
2018-07-25,0.0,0.0,0.0,0.0,0.0
2018-07-26,0.0,0.0,0.0,0.0,0.0
2018-07-27,0.0,0.0,0.0,0.0,0.0
2018-07-28,0.0,0.0,0.0,0.0,0.0
2018-07-29,0.0,0.0,0.0,0.0,0.0
2018-07-30,0.0,0.0,0.0,0.0,0.0
2018-07-31,0.0,0.0,0.0,0.0,0.0
2018-08-01,0.0,0.0,0.0,0.0,0.0
2018-08-02,0.0,0.0,0.0,0.0,0.0
2018-08-03,0.0,0.0,0.0,0.0,0.0
2018-08-04,0.0,0.0,0.0,0.0,0.0
2018-08-05,0.0,0.0,0.0,0.0,0.0
2018-08-06,0.0,0.0,0.0,0.0,0.0
2018-08-07,0.0,0.0,0.0,0.0,0.0
2018-08-08,0.0,0.0,0.0,0.0,0.0
2018-08-09,0.0,0.0,0.0,0.0,0.0
2018-08-10,0.0,0.0,0.0,0.0,0.0
2018-08-11,0.0,0.0,0.0,0.0,0.0
2018-08-12,0.0,0.0,0.0,0.0,0.0
2018-08-13,0.0,0.0,0.0,0.0,0.0
2018-08-14,0.0,0.0,0.0,0.0,0.0
2018-08-15,0.0,0.0,0.0,0.0,0.0
2018-08-16,0.0,0.0,0.0,0.0,0.0
2018-08-17,0.0,0.0,0.0,0.0,0.0
2018-08-18,0.0,0.0,0.0,0.0,0.0
2018-08-19,0.0,0.0,0.0,0.0,0.0
2018-08-20,0.0,0.0,0.0,0.0,0.0
2018-08-21,0.0,0.0,0.0,0.0,0.0
2018-08-22,0.0,0.0,0.0,0.0,0.0
2018-08-23,0.0,0.0,0.0,0.0,0.0
2018-08-24,0.0,0.0,0.0,0.0,0.0
2018-08-25,0.0,0.0,0.0,0.0,0.0
2018-08-26,0.0,0.0,0.0,0.0,0.0
2018-08-27,0.0,0.0,0.0,0.0,0.0
2018-08-28,0.0,0.0,0.0,0.0,0.0
2018-08-29,0.0,0.0,0.0,0.0,0.0
2018-08-30,0.0,0.0,0.0,0.0,0.0
2018-08-31,0.0,0.0,0.0,0.0,0.0
2018-09-01,0.0,0.0,0.0,0.0,0.0
2018-09-02,0.0,0.0,0.0,0.0,0.0
2018-09-03,0.0,0.0,0.0,0.0,0.0
2018-09-04,0.0,0.0,0.0,0.0,0.0
2018-09-05,0.0,0.0,0.0,0.0,0.0
2018-09-06,0.0,0.0,0.0,0.0,0.0
2018-09-07,0.0,0.0,0.0,0.0,0.0
2018-09-08,0.0,0.0,0.0,0.0,0.0
2018-09-09,0.0,0.0,0.0,0.0,0.0
2018-09-10,0.0,0.0,0.0,0.0,0.0
2018-09-11,0.0,0.0,0.0,0.0,0.0
2018-09-12,0.0,0.0,0.0,0.0,0.0
2018-09-13,0.0,0.0,0.0,0.0,0.0
2018-09-14,0.0,0.0,0.0,0.0,0.0
2018-09-15,0.0,0.0,0.0,0.0,0.0
2018-09-16,0.0,0.0,0.0,0.0,0.0
2018-09-17,0.0,0.0,0.0,0.0,0.0
2018-09-18,0.0,0.0,0.0,0.0,0.0
2018-09-19,0.0,0.0,0.0,0.0,0.0
2018-09-20,0.0,0.0,0.0,0.0,0.0
2018-09-21,0.0,0.0,0.0,0.0,0.0
2018-09-22,0.0,0.0,0.0,0.0,0.0
2018-09-23,0.0,0.0,0.0,0.0,0.0
2018-09-24,0.0,0.0,0.0,0.0,0.0
2018-09-25,0.0,0.0,0.0,0.0,0.0
2018-09-26,0.0,0.0,0.0,0.0,0.0
2018-09-27,0.0,0.0,0.0,0.0,0.0
2018-09-28,0.0,0.0,0.0,0.0,0.0
2018-09-29,0.0,0.0,0.0,0.0,0.0
2018-09-30,0.0,0.0,0.0,0.0,0.0
2018-10-01,0.0,0.0,0.0,0.0,0.0
2018-10-02,0.0,0.0,0.0,0.0,0.0
2018-10-03,0.0,0.0,0.0,0.0,0.0
2018-10-04,0.0,0.0,0.0,0.0,0.0
2018-10-05,0.0,0.0,0.0,0.0,0.0
2018-10-06,0.0,0.0,0.0,0.0,0.0
2018-10-07,0.0,0.0,0.0,0.0,0.0
2018-10-08,0.0,0.0,0.0,0.0,0.0
2018-10-09,0.0,0.0,0.0,0.0,0.0
2018-10-10,0.0,0.0,0.0,0.0,0.0
2018-10-11,0.0,0.0,0.0,0.0,0.0
2018-10-12,0.0,0.0,0.0,0.0,0.0
2018-10-13,0.0,0.0,0.0,0.0,0.0
2018-10-14,0.0,0.0,0.0,0.0,0.0
2018-10-15,0.0,0.0,0.0,0.0,0.0
2018-10-16,0.0,0.0,0.0,0.0,0.0
2018-10-17,0.0,0.0,0.0,0.0,0.0
2018-10-18,0.0,0.0,0.0,0.0,0.0
2018-10-19,0.0,0.0,0.0,0.0,0.0
2018-10-20,0.0,0.0,0.0,0.0,0.0
2018-10-21,0.0,0.0,0.0,0.0,0.0
2018-10-22,0.0,0.0,0.0,0.0,0.0
2018-10-23,0.0,0.0,0.0,0.0,0.0
2018-10-24,0.0,0.0,0.0,0.0,0.0
2018-10-25,0.0,0.0,0.0,0.0,0.0
2018-10-26,0.0,0.0,0.0,0.0,0.0
2018-10-27,0.0,0.0,0.0,0.0,0.0
2018-10-28,0.0,0.0,0.0,0.0,0.0
2018-10-29,0.0,0.0,0.0,0.0,0.0
2018-10-30,0.0,0.0,0.0,0.0,0.0
2018-10-31,0.0,0.0,0.0,0.0,0.0
2018-11-01,0.0,0.0,0.0,0.0,0.0
2018-11-02,0.0,0.0,0.0,0.0,0.0
2018-11-03,0.0,0.0,0.0,0.0,0.0
2018-11-04,0.0,0.0,0.0,0.0,0.0
2018-11-05,0.0,0.0,0.0,0.0,0.0
2018-11-06,0.0,0.0,0.0,0.0,0.0
2018-11-07,0.0,0.0,0.0,0.0,0.0
2018-11-08,0.0,0.0,0.0,0.0,0.0
2018-11-09,0.0,0.0,0.0,0.0,0.0
2018-11-10,0.0,0.0,0.0,0.0,0.0
2018-11-11,0.0,0.0,0.0,0.0,0.0
2018-11-12,0.0,0.0,0.0,0.0,0.0
2018-11-13,0.0,0.0,0.0,0.0,0.0
2018-11-14,0.0,0.0,0.0,0.0,0.0
2018-11-15,0.0,0.0,0.0,0.0,0.0
2018-11-16,0.0,0.0,0.0,0.0,0.0
2018-11-17,0.0,0.0,0.0,0.0,0.0
2018-11-18,0.0,0.0,0.0,0.0,0.0
2018-11-19,0.0,0.0,0.0,0.0,0.0
2018-11-20,0.0,0.0,0.0,0.0,0.0
2018-11-21,8.427,261.47,24.09,102.34,135.04
2018-11-22,7.653,289.08,23.47,113.37,152.24
2018-11-23,8.945,149.59,22.12,54.67,72.81
2018-11-24,1.057,57.07,15.38,17.99,23.71
2018-11-25,0.015,16.72,13.94,0.03,2.74
2018-11-26,0.006,11.04,10.1,0.0,0.95
2018-11-27,0.699,80.69,11.22,30.0,39.48
2018-11-28,3.121,213.03,12.92,86.4,113.71
2018-11-29,10.498,471.5,30.63,186.68,254.18
2018-11-30,0.063,61.72,16.75,18.0,26.96
2018-12-01,2.327,121.49,14.1,46.37,61.02
2018-12-02,0.086,54.66,16.61,15.78,22.26
2018-12-03,0.006,12.25,11.16,0.0,1.09
2018-12-04,0.003,9.91,8.97,0.0,0.94
2018-12-05,0.599,46.27,13.79,13.99,18.49
2018-12-06,0.027,27.08,16.45,3.56,7.06
2018-12-07,0.005,12.99,12.04,0.0,0.94
2018-12-08,0.005,13.24,12.29,0.0,0.94
2018-12-09,0.004,13.18,12.23,0.0,0.93
2018-12-10,0.003,13.56,12.61,0.0,0.94
2018-12-11,0.002,13.89,12.95,0.0,0.93
2018-12-12,0.002,13.95,13.0,0.0,0.94
2018-12-13,0.001,12.48,11.67,0.0,0.92
2018-12-14,0.0,9.33,8.69,0.0,0.9
2018-12-15,0.001,14.27,13.31,0.0,0.92
2018-12-16,6.018,212.52,19.78,83.23,109.51
2018-12-17,1.995,152.64,22.9,56.02,73.73
2018-12-18,0.014,23.51,15.47,0.58,7.46
2018-12-19,0.006,12.89,11.94,0.0,0.95
2018-12-20,0.005,13.16,12.22,0.0,0.93
2018-12-21,0.004,13.26,12.34,0.0,0.94
2018-12-22,0.003,13.41,12.48,0.0,0.94
2018-12-23,0.002,13.38,12.41,0.0,0.93
2018-12-24,4.918,236.45,18.18,94.25,124.02
2018-12-25,1.246,125.18,18.67,45.97,60.54
2018-12-26,0.013,20.72,15.16,0.09,5.46
2018-12-27,0.005,13.9,12.94,0.0,0.95
2018-12-28,0.001,10.06,9.17,0.0,0.91
2018-12-29,0.002,12.4,11.45,0.0,0.92
2018-12-30,0.004,13.68,12.74,0.0,0.96
2018-12-31,0.001,14.84,13.94,0.0,0.9
2019-01-01,0.0,9.7,8.89,0.0,0.92
2019-01-02,0.0,9.82,8.75,0.0,0.93
2019-01-03,0.0,9.72,8.8,0.0,0.93
2019-01-04,0.0,9.84,8.69,0.0,0.93
2019-01-05,0.002,7.3,6.2,0.01,1.11
2019-01-06,15.231,263.43,28.05,99.57,135.81
2019-01-07,0.782,71.86,16.87,23.0,32.0
2019-01-08,0.021,15.4,13.32,0.0,2.08
2019-01-09,0.089,27.85,14.6,5.59,7.67
2019-01-10,0.035,21.03,16.08,1.7,3.24
2019-01-11,0.734,60.14,10.48,21.42,28.25
2019-01-12,0.48,70.05,15.95,23.27,30.83
2019-01-13,0.016,15.08,13.48,0.0,1.6
2019-01-14,0.009,14.02,13.05,0.0,0.96
2019-01-15,6.058,133.16,17.8,49.82,65.55
2019-01-16,14.29,306.05,25.04,119.5,161.52
2019-01-17,4.734,224.38,19.76,87.76,116.87
2019-01-18,0.169,45.0,14.8,12.94,17.26
2019-01-19,0.079,14.54,12.93,0.45,1.16
2019-01-20,1.167,65.91,11.87,23.32,30.72
2019-01-21,0.429,59.46,15.53,18.94,24.99
2019-01-22,0.06,15.01,13.31,0.45,1.25
2019-01-23,0.056,14.29,13.09,0.08,1.12
2019-01-24,0.051,14.27,13.1,0.06,1.11
2019-01-25,0.043,14.21,13.09,0.03,1.1
2019-01-26,0.037,14.25,13.14,0.02,1.09
2019-01-27,0.032,14.2,13.12,0.01,1.07
2019-01-28,0.03,14.18,13.12,0.01,1.06
2019-01-29,0.027,14.22,13.16,0.01,1.04
2019-01-30,0.025,14.18,13.14,0.01,1.03
2019-01-31,2.641,187.71,15.27,74.45,97.98
2019-02-01,0.719,66.69,10.45,24.23,32.01
2019-02-02,6.687,167.37,17.34,64.78,85.24
2019-02-03,1.941,106.2,15.68,39.09,51.43
2019-02-04,6.549,135.87,16.49,51.55,67.83
2019-02-05,1.412,61.34,14.1,20.39,26.84
2019-02-06,0.113,15.9,13.43,0.92,1.54
2019-02-07,0.094,14.81,13.13,0.55,1.13
2019-02-08,2.231,196.71,14.6,78.63,103.48
2019-02-09,2.52,76.41,11.44,28.05,36.91
2019-02-10,3.082,97.54,17.53,34.55,45.46
2019-02-11,0.146,17.31,13.68,1.48,2.14
2019-02-12,0.333,8.8,5.3,1.47,2.04
2019-02-13,24.044,339.81,28.35,130.7,180.76
2019-02-14,13.316,238.42,25.21,91.8,121.41
2019-02-15,2.108,59.38,13.89,19.63,25.86
2019-02-16,3.295,57.62,13.43,19.09,25.11
2019-02-17,1.65,45.94,12.95,14.25,18.75
2019-02-18,0.559,15.5,13.14,1.02,1.34
2019-02-19,0.463,15.01,13.01,0.86,1.14
2019-02-20,0.384,15.02,13.02,0.86,1.14
2019-02-21,0.31,15.01,13.01,0.86,1.14
2019-02-22,0.262,14.93,12.93,0.86,1.14
2019-02-23,0.235,14.87,12.87,0.86,1.14
2019-02-24,0.203,14.84,12.84,0.86,1.14
2019-02-25,0.171,14.75,12.83,0.79,1.14
2019-02-26,4.048,91.88,11.05,34.9,45.92
2019-02-27,6.748,164.84,22.29,61.56,80.99
2019-02-28,0.473,24.54,13.96,4.57,6.01
2019-03-01,0.299,14.96,12.95,0.87,1.14
2019-03-02,8.651,233.9,23.04,91.05,119.8
2019-03-03,0.531,19.55,13.57,2.58,3.4
2019-03-04,0.785,36.22,12.59,10.2,13.43
2019-03-05,1.883,103.79,12.26,39.53,52.01
2019-03-06,9.68,225.13,22.76,87.39,114.98
2019-03-07,1.427,32.28,13.28,8.2,10.8
2019-03-08,0.491,15.03,12.95,0.9,1.18
2019-03-09,0.406,14.83,12.83,0.86,1.14
2019-03-10,1.672,56.25,12.75,18.79,24.72
2019-03-11,0.385,17.6,13.34,1.84,2.42
2019-03-12,0.265,14.84,12.84,0.86,1.14
2019-03-13,0.207,14.73,12.76,0.83,1.13
2019-03-14,0.172,14.64,12.72,0.79,1.14
2019-03-15,0.138,14.56,12.68,0.74,1.14
2019-03-16,0.109,14.31,12.65,0.53,1.14
2019-03-17,0.084,14.14,12.59,0.41,1.13
2019-03-18,0.066,13.99,12.54,0.32,1.13
2019-03-19,0.051,13.75,12.54,0.08,1.12
2019-03-20,5.07,237.68,19.41,94.25,124.02
2019-03-21,0.19,24.12,13.92,4.36,5.84
2019-03-22,0.821,53.82,5.6,20.8,27.42
2019-03-23,3.585,134.21,19.47,49.55,65.19
2019-03-24,0.21,16.65,13.35,1.4,1.91
2019-03-25,2.722,170.13,16.05,66.53,87.55
2019-03-26,1.157,75.21,15.49,25.79,33.93
2019-03-27,1.12,71.72,13.2,25.27,33.25
2019-03-28,0.246,21.3,13.79,3.22,4.29
2019-03-29,0.165,15.01,13.1,0.77,1.14
2019-03-30,0.133,14.94,13.09,0.71,1.14
2019-03-31,0.103,14.77,13.11,0.53,1.13
2019-04-01,0.098,14.59,12.87,0.58,1.14
2019-04-02,0.079,14.54,12.99,0.43,1.13
2019-04-03,0.06,14.37,12.94,0.31,1.12
2019-04-04,0.049,14.1,12.91,0.07,1.11
2019-04-05,0.044,13.92,12.8,0.03,1.1
2019-04-06,0.042,13.81,12.71,0.01,1.09
2019-04-07,0.029,13.99,12.91,0.01,1.06
2019-04-08,0.021,13.94,12.89,0.01,1.04
2019-04-09,0.014,13.85,12.84,0.0,1.0
2019-04-10,0.01,13.62,12.64,0.0,0.97
2019-04-11,0.008,13.98,13.0,0.0,0.98
2019-04-12,0.004,13.41,12.46,0.0,0.94
2019-04-13,0.003,13.65,12.71,0.0,0.95
2019-04-14,0.001,13.66,12.76,0.0,0.94
2019-04-15,0.0,16.2,14.8,0.0,0.78
2019-04-16,0.0,11.57,10.89,0.02,0.86
2019-04-17,0.0,14.47,14.22,0.0,0.94
2019-04-18,0.0,23.15,20.66,0.0,1.08
2019-04-19,0.0,0.0,0.0,0.0,0.0
2019-04-20,0.0,0.0,0.0,0.0,0.0
2019-04-21,0.0,0.0,0.0,0.0,0.0
2019-04-22,0.0,0.0,0.0,0.0,0.0
2019-04-23,0.0,0.0,0.0,0.0,0.0
2019-04-24,0.0,0.0,0.0,0.0,0.0
2019-04-25,0.0,0.0,0.0,0.0,0.0
2019-04-26,0.0,0.0,0.0,0.0,0.0
2019-04-27,0.0,0.0,0.0,0.0,0.0
2019-04-28,0.0,0.0,0.0,0.0,0.0
2019-04-29,0.0,0.0,0.0,0.0,0.0
2019-04-30,0.0,0.0,0.0,0.0,0.0
2019-05-01,0.0,0.0,0.0,0.0,0.0
2019-05-02,0.0,0.0,0.0,0.0,0.0
2019-05-03,0.0,0.0,0.0,0.0,0.0
2019-05-04,0.0,0.0,0.0,0.0,0.0
2019-05-05,0.0,0.0,0.0,0.0,0.0
2019-05-06,0.0,0.0,0.0,0.0,0.0
2019-05-07,0.0,0.0,0.0,0.0,0.0
2019-05-08,0.0,0.0,0.0,0.0,0.0
2019-05-09,0.0,0.0,0.0,0.0,0.0
2019-05-10,0.0,0.0,0.0,0.0,0.0
2019-05-11,0.0,0.0,0.0,0.0,0.0
2019-05-12,0.0,0.0,0.0,0.0,0.0
2019-05-13,0.0,0.0,0.0,0.0,0.0
2019-05-14,0.0,0.0,0.0,0.0,0.0
2019-05-15,3.232,168.05,18.11,64.75,85.19
2019-05-16,2.779,114.93,15.28,43.03,56.62
2019-05-17,0.095,63.14,16.87,19.19,27.08
2019-05-18,5.696,156.69,16.93,60.35,79.41
2019-05-19,5.293,244.84,21.81,96.31,126.72
2019-05-20,0.118,34.38,14.87,8.21,11.31
2019-05-21,0.452,55.53,14.45,17.69,23.39
2019-05-22,0.069,18.89,14.02,1.86,3.01
2019-05-23,0.051,14.76,13.34,0.3,1.12
2019-05-24,0.042,14.54,13.31,0.12,1.1
2019-05-25,0.034,14.48,13.35,0.04,1.1
2019-05-26,0.024,14.45,13.38,0.01,1.05
2019-05-27,0.025,14.32,13.24,0.01,1.07
2019-05-28,0.021,14.33,13.28,0.01,1.04
2019-05-29,0.016,14.53,13.5,0.0,1.02
2019-05-30,0.013,14.47,13.48,0.0,0.99
2019-05-31,0.01,14.69,13.7,0.0,0.98
2019-06-01,0.006,15.29,14.32,0.0,0.97
2019-06-02,0.004,15.52,14.56,0.0,0.95
2019-06-03,0.002,16.06,15.14,0.0,0.95
2019-06-04,0.001,16.76,15.76,0.0,0.93
2019-06-05,0.0,11.57,11.43,0.0,0.68
2019-06-06,0.0,0.0,0.0,0.0,0.0
2019-06-07,0.0,0.0,0.0,0.0,0.0
2019-06-08,0.0,0.0,0.0,0.0,0.0
2019-06-09,0.0,0.0,0.0,0.0,0.0
2019-06-10,0.0,0.0,0.0,0.0,0.0
2019-06-11,0.0,0.0,0.0,0.0,0.0
2019-06-12,0.0,0.0,0.0,0.0,0.0
2019-06-13,0.0,0.0,0.0,0.0,0.0
2019-06-14,0.0,0.0,0.0,0.0,0.0
2019-06-15,0.0,0.0,0.0,0.0,0.0
2019-06-16,0.0,0.0,0.0,0.0,0.0
2019-06-17,0.0,0.0,0.0,0.0,0.0
2019-06-18,0.0,0.0,0.0,0.0,0.0
2019-06-19,0.0,0.0,0.0,0.0,0.0
2019-06-20,0.0,0.0,0.0,0.0,0.0
2019-06-21,0.0,0.0,0.0,0.0,0.0
2019-06-22,0.0,0.0,0.0,0.0,0.0
2019-06-23,0.0,0.0,0.0,0.0,0.0
2019-06-24,0.0,0.0,0.0,0.0,0.0
2019-06-25,0.0,0.0,0.0,0.0,0.0
2019-06-26,0.0,0.0,0.0,0.0,0.0
2019-06-27,0.0,0.0,0.0,0.0,0.0
2019-06-28,0.0,0.0,0.0,0.0,0.0
2019-06-29,0.0,0.0,0.0,0.0,0.0
2019-06-30,0.0,0.0,0.0,0.0,0.0
2019-07-01,0.0,0.0,0.0,0.0,0.0
2019-07-02,0.0,0.0,0.0,0.0,0.0
2019-07-03,0.0,0.0,0.0,0.0,0.0
2019-07-04,0.0,0.0,0.0,0.0,0.0
2019-07-05,0.0,0.0,0.0,0.0,0.0
2019-07-06,0.0,0.0,0.0,0.0,0.0
2019-07-07,0.0,0.0,0.0,0.0,0.0
2019-07-08,0.0,0.0,0.0,0.0,0.0
2019-07-09,0.0,0.0,0.0,0.0,0.0
2019-07-10,0.0,0.0,0.0,0.0,0.0
2019-07-11,0.0,0.0,0.0,0.0,0.0
2019-07-12,0.0,0.0,0.0,0.0,0.0
2019-07-13,0.0,0.0,0.0,0.0,0.0
2019-07-14,0.0,0.0,0.0,0.0,0.0
2019-07-15,0.0,0.0,0.0,0.0,0.0
2019-07-16,0.0,0.0,0.0,0.0,0.0
2019-07-17,0.0,0.0,0.0,0.0,0.0
2019-07-18,0.0,0.0,0.0,0.0,0.0
2019-07-19,0.0,0.0,0.0,0.0,0.0
2019-07-20,0.0,0.0,0.0,0.0,0.0
2019-07-21,0.0,0.0,0.0,0.0,0.0
2019-07-22,0.0,0.0,0.0,0.0,0.0
2019-07-23,0.0,0.0,0.0,0.0,0.0
2019-07-24,0.0,0.0,0.0,0.0,0.0
2019-07-25,0.0,0.0,0.0,0.0,0.0
2019-07-26,0.0,0.0,0.0,0.0,0.0
2019-07-27,0.0,0.0,0.0,0.0,0.0
2019-07-28,0.0,0.0,0.0,0.0,0.0
2019-07-29,0.0,0.0,0.0,0.0,0.0
2019-07-30,0.0,0.0,0.0,0.0,0.0
2019-07-31,0.0,0.0,0.0,0.0,0.0
2019-08-01,0.0,0.0,0.0,0.0,0.0
2019-08-02,0.0,0.0,0.0,0.0,0.0
2019-08-03,0.0,0.0,0.0,0.0,0.0
2019-08-04,0.0,0.0,0.0,0.0,0.0
2019-08-05,0.0,0.0,0.0,0.0,0.0
2019-08-06,0.0,0.0,0.0,0.0,0.0
2019-08-07,0.0,0.0,0.0,0.0,0.0
2019-08-08,0.0,0.0,0.0,0.0,0.0
2019-08-09,0.0,0.0,0.0,0.0,0.0
2019-08-10,0.0,0.0,0.0,0.0,0.0
2019-08-11,0.0,0.0,0.0,0.0,0.0
2019-08-12,0.0,0.0,0.0,0.0,0.0
2019-08-13,0.0,0.0,0.0,0.0,0.0
2019-08-14,0.0,0.0,0.0,0.0,0.0
2019-08-15,0.0,0.0,0.0,0.0,0.0
2019-08-16,0.0,0.0,0.0,0.0,0.0
2019-08-17,0.0,0.0,0.0,0.0,0.0
2019-08-18,0.0,0.0,0.0,0.0,0.0
2019-08-19,0.0,0.0,0.0,0.0,0.0
2019-08-20,0.0,0.0,0.0,0.0,0.0
2019-08-21,0.0,0.0,0.0,0.0,0.0
2019-08-22,0.0,0.0,0.0,0.0,0.0
2019-08-23,0.0,0.0,0.0,0.0,0.0
2019-08-24,0.0,0.0,0.0,0.0,0.0
2019-08-25,0.0,0.0,0.0,0.0,0.0
2019-08-26,0.0,0.0,0.0,0.0,0.0
2019-08-27,0.0,0.0,0.0,0.0,0.0
2019-08-28,0.0,0.0,0.0,0.0,0.0
2019-08-29,0.0,0.0,0.0,0.0,0.0
2019-08-30,0.0,0.0,0.0,0.0,0.0
2019-08-31,0.0,0.0,0.0,0.0,0.0
2019-09-01,0.0,0.0,0.0,0.0,0.0
2019-09-02,0.0,0.0,0.0,0.0,0.0
2019-09-03,0.0,0.0,0.0,0.0,0.0
2019-09-04,0.0,0.0,0.0,0.0,0.0
2019-09-05,0.0,0.0,0.0,0.0,0.0
2019-09-06,0.0,0.0,0.0,0.0,0.0
2019-09-07,0.0,0.0,0.0,0.0,0.0
2019-09-08,0.0,0.0,0.0,0.0,0.0
2019-09-09,0.0,0.0,0.0,0.0,0.0
2019-09-10,0.0,0.0,0.0,0.0,0.0
2019-09-11,0.0,0.0,0.0,0.0,0.0
2019-09-12,0.0,0.0,0.0,0.0,0.0
2019-09-13,0.0,0.0,0.0,0.0,0.0
2019-09-14,0.0,0.0,0.0,0.0,0.0
2019-09-15,0.0,0.0,0.0,0.0,0.0
2019-09-16,0.0,0.0,0.0,0.0,0.0
2019-09-17,0.0,0.0,0.0,0.0,0.0
2019-09-18,0.0,0.0,0.0,0.0,0.0
2019-09-19,0.0,0.0,0.0,0.0,0.0
2019-09-20,0.0,0.0,0.0,0.0,0.0
2019-09-21,0.0,0.0,0.0,0.0,0.0
2019-09-22,0.0,0.0,0.0,0.0,0.0
2019-09-23,0.0,0.0,0.0,0.0,0.0
2019-09-24,0.0,0.0,0.0,0.0,0.0
2019-09-25,0.0,0.0,0.0,0.0,0.0
2019-09-26,0.0,0.0,0.0,0.0,0.0
2019-09-27,0.0,0.0,0.0,0.0,0.0
2019-09-28,0.0,0.0,0.0,0.0,0.0
2019-09-29,0.0,0.0,0.0,0.0,0.0
2019-09-30,0.0,0.0,0.0,0.0,0.0
2019-10-01,0.0,0.0,0.0,0.0,0.0
2019-10-02,0.0,0.0,0.0,0.0,0.0
2019-10-03,0.0,0.0,0.0,0.0,0.0
2019-10-04,0.0,0.0,0.0,0.0,0.0
2019-10-05,0.0,0.0,0.0,0.0,0.0
2019-10-06,0.0,0.0,0.0,0.0,0.0
2019-10-07,0.0,0.0,0.0,0.0,0.0
2019-10-08,0.0,0.0,0.0,0.0,0.0
2019-10-09,0.0,0.0,0.0,0.0,0.0
2019-10-10,0.0,0.0,0.0,0.0,0.0
2019-10-11,0.0,0.0,0.0,0.0,0.0
2019-10-12,0.0,0.0,0.0,0.0,0.0
2019-10-13,0.0,0.0,0.0,0.0,0.0
2019-10-14,0.0,0.0,0.0,0.0,0.0
2019-10-15,0.0,0.0,0.0,0.0,0.0
2019-10-16,0.0,0.0,0.0,0.0,0.0
2019-10-17,0.0,0.0,0.0,0.0,0.0
2019-10-18,0.0,0.0,0.0,0.0,0.0
2019-10-19,0.0,0.0,0.0,0.0,0.0
2019-10-20,0.0,0.0,0.0,0.0,0.0
2019-10-21,0.0,0.0,0.0,0.0,0.0
2019-10-22,0.0,0.0,0.0,0.0,0.0
2019-10-23,0.0,0.0,0.0,0.0,0.0
2019-10-24,0.0,0.0,0.0,0.0,0.0
2019-10-25,0.0,0.0,0.0,0.0,0.0
2019-10-26,0.0,0.0,0.0,0.0,0.0
2019-10-27,0.0,0.0,0.0,0.0,0.0
2019-10-28,0.0,0.0,0.0,0.0,0.0
2019-10-29,0.0,0.0,0.0,0.0,0.0
2019-10-30,0.0,0.0,0.0,0.0,0.0
2019-10-31,0.0,0.0,0.0,0.0,0.0
2019-11-01,0.0,0.0,0.0,0.0,0.0
2019-11-02,0.0,0.0,0.0,0.0,0.0
2019-11-03,0.0,0.0,0.0,0.0,0.0
2019-11-04,0.0,0.0,0.0,0.0,0.0
2019-11-05,0.0,0.0,0.0,0.0,0.0
2019-11-06,0.0,0.0,0.0,0.0,0.0
2019-11-07,0.0,0.0,0.0,0.0,0.0
2019-11-08,0.0,0.0,0.0,0.0,0.0
2019-11-09,0.0,0.0,0.0,0.0,0.0
2019-11-10,0.0,0.0,0.0,0.0,0.0
2019-11-11,0.0,0.0,0.0,0.0,0.0
2019-11-12,0.0,0.0,0.0,0.0,0.0
2019-11-13,0.0,0.0,0.0,0.0,0.0
2019-11-14,0.0,0.0,0.0,0.0,0.0
2019-11-15,0.0,0.0,0.0,0.0,0.0
2019-11-16,0.0,0.0,0.0,0.0,0.0
2019-11-17,0.0,0.0,0.0,0.0,0.0
2019-11-18,0.0,0.0,0.0,0.0,0.0
2019-11-19,0.0,0.0,0.0,0.0,0.0
2019-11-20,0.0,0.0,0.0,0.0,0.0
2019-11-21,0.0,0.0,0.0,0.0,0.0
2019-11-22,0.0,0.0,0.0,0.0,0.0
2019-11-23,0.0,0.0,0.0,0.0,0.0
2019-11-24,0.0,0.0,0.0,0.0,0.0
2019-11-25,0.0,0.0,0.0,0.0,0.0
2019-11-26,7.364,490.61,27.07,196.83,266.71
2019-11-27,3.212,122.31,17.75,44.64,59.91
2019-11-28,0.215,43.38,16.03,11.66,15.68
2019-11-29,0.004,17.47,15.48,0.0,2.0
2019-11-30,0.044,24.86,14.41,4.11,6.34
2019-12-01,1.171,54.31,10.35,18.96,25.0
2019-12-02,3.962,95.35,14.57,34.88,45.9
2019-12-03,0.082,54.49,17.09,15.38,22.03
2019-12-04,2.417,95.91,13.16,35.73,47.02
2019-12-05,0.039,30.32,16.36,5.1,8.86
2019-12-06,1.372,129.65,11.97,50.82,66.86
2019-12-07,7.704,285.03,21.85,113.36,149.81
2019-12-08,3.181,88.72,14.96,31.84,41.92
2019-12-09,0.044,32.37,16.15,6.12,10.1
2019-12-10,0.537,79.34,9.75,30.03,39.56
2019-12-11,0.947,63.35,14.22,21.2,27.93
2019-12-12,0.929,50.2,12.38,16.32,21.5
2019-12-13,0.037,27.52,15.8,4.03,7.69
2019-12-14,0.003,11.57,10.66,0.0,0.93
2019-12-15,0.002,9.76,8.85,0.0,0.93
2019-12-16,0.002,10.87,9.98,0.0,0.94
2019-12-17,0.001,9.76,8.82,0.0,0.93
2019-12-18,3.472,73.37,12.17,26.43,34.78
2019-12-19,1.273,52.65,14.09,16.64,21.92
2019-12-20,0.015,18.17,14.91,0.16,3.09
2019-12-21,0.004,12.87,11.95,0.0,0.94
2019-12-22,4.157,190.75,17.05,75.01,98.69
2019-12-23,0.099,68.11,17.39,21.19,29.53
2019-12-24,0.005,13.95,12.69,0.0,1.26
2019-12-25,1.425,126.22,12.66,49.02,64.53
2019-12-26,0.022,46.37,16.91,9.24,20.21
2019-12-27,0.004,12.73,11.78,0.0,0.96
2019-12-28,0.004,13.25,12.3,0.0,0.95
2019-12-29,2.863,126.05,14.39,48.22,63.45
2019-12-30,1.018,99.11,17.87,35.05,46.2
2019-12-31,0.011,18.8,14.59,0.0,4.2
2020-01-01,0.006,13.13,12.19,0.0,0.94
2020-01-02,0.005,13.37,12.42,0.0,0.94
2020-01-03,0.005,13.35,12.4,0.0,0.95
2020-01-04,0.004,13.95,12.98,0.0,0.95
2020-01-05,0.001,13.14,12.25,0.0,0.9
2020-01-06,0.001,13.26,12.29,0.0,0.93
2020-01-07,0.001,14.05,13.09,0.0,0.95
2020-01-08,0.0,13.54,12.61,0.0,0.91
2020-01-09,0.583,84.66,12.87,30.94,40.86
2020-01-10,0.017,39.12,16.63,5.96,16.52
2020-01-11,0.072,20.27,12.19,2.95,5.13
2020-01-12,0.007,16.05,14.7,0.0,1.36
2020-01-13,0.0,13.18,12.41,0.0,0.81
2020-01-14,0.0,13.12,12.22,0.0,0.93
2020-01-15,0.0,10.85,10.12,0.0,0.88
2020-01-16,12.209,495.92,28.73,197.72,269.48
2020-01-17,0.557,64.55,16.64,20.44,27.47
2020-01-18,0.012,15.5,13.52,0.0,1.99
2020-01-19,0.006,12.44,11.5,0.0,0.93
2020-01-20,0.007,12.82,11.86,0.0,0.95
2020-01-21,0.339,51.18,10.04,17.74,23.4
2020-01-22,0.339,63.34,16.64,20.01,26.69
2020-01-23,0.009,14.94,13.45,0.0,1.5
2020-01-24,0.007,13.49,12.54,0.0,0.95
2020-01-25,0.006,13.81,12.85,0.0,0.95
2020-01-26,1.068,74.07,12.87,26.41,34.79
2020-01-27,0.023,28.77,16.23,3.75,8.8
2020-01-28,0.006,13.87,12.92,0.0,0.95
2020-01-29,0.005,13.9,12.95,0.0,0.95
2020-01-30,0.005,13.61,12.67,0.0,0.95
2020-01-31,0.005,13.94,12.99,0.0,0.95
2020-02-01,0.004,14.11,13.19,0.0,0.94
2020-02-02,0.003,14.82,13.87,0.0,0.95
2020-02-03,0.0,12.63,11.6,0.0,0.83
2020-02-04,0.0,9.26,8.36,0.0,0.88
2020-02-05,0.0,8.27,7.89,0.0,0.85
2020-02-06,0.0,11.57,9.71,0.0,1.03
2020-02-07,0.0,8.68,8.54,0.0,0.9
2020-02-08,0.0,7.72,7.03,0.0,0.73
2020-02-09,0.0,0.0,0.0,0.0,0.0
2020-02-10,0.0,0.0,0.0,0.0,0.0
2020-02-11,0.0,0.0,0.0,0.0,0.0
2020-02-12,0.0,0.0,0.0,0.0,0.0
2020-02-13,0.0,0.0,0.0,0.0,0.0
2020-02-14,0.0,0.0,0.0,0.0,0.0
2020-02-15,0.0,0.0,0.0,0.0,0.0
2020-02-16,0.0,0.0,0.0,0.0,0.0
2020-02-17,0.0,0.0,0.0,0.0,0.0
2020-02-18,0.0,0.0,0.0,0.0,0.0
2020-02-19,0.0,0.0,0.0,0.0,0.0
2020-02-20,0.0,0.0,0.0,0.0,0.0
2020-02-21,0.0,0.0,0.0,0.0,0.0
2020-02-22,0.0,0.0,0.0,0.0,0.0
2020-02-23,0.0,0.0,0.0,0.0,0.0
2020-02-24,0.0,0.0,0.0,0.0,0.0
2020-02-25,0.0,0.0,0.0,0.0,0.0
2020-02-26,0.0,0.0,0.0,0.0,0.0
2020-02-27,0.0,0.0,0.0,0.0,0.0
2020-02-28,0.0,0.0,0.0,0.0,0.0
2020-02-29,0.0,0.0,0.0,0.0,0.0
2020-03-01,0.0,0.0,0.0,0.0,0.0
2020-03-02,0.0,0.0,0.0,0.0,0.0
2020-03-03,0.0,0.0,0.0,0.0,0.0
2020-03-04,0.0,0.0,0.0,0.0,0.0
2020-03-05,0.0,0.0,0.0,0.0,0.0
2020-03-06,0.0,0.0,0.0,0.0,0.0
2020-03-07,0.0,0.0,0.0,0.0,0.0
2020-03-08,0.0,0.0,0.0,0.0,0.0
2020-03-09,0.0,0.0,0.0,0.0,0.0
2020-03-10,0.0,0.0,0.0,0.0,0.0
2020-03-11,0.0,0.0,0.0,0.0,0.0
2020-03-12,0.0,0.0,0.0,0.0,0.0
2020-03-13,0.0,0.0,0.0,0.0,0.0
2020-03-14,3.496,129.69,15.35,49.38,64.97
2020-03-15,2.897,61.52,12.2,21.3,28.02
2020-03-16,2.753,81.99,15.03,28.91,38.05
2020-03-17,0.02,31.17,17.32,4.26,9.58
2020-03-18,0.002,11.64,10.73,0.0,0.93
2020-03-19,0.002,12.72,11.78,0.0,0.93
2020-03-20,0.002,13.01,12.07,0.0,0.94
2020-03-21,0.001,11.57,10.62,0.0,0.93
2020-03-22,0.001,10.29,9.28,0.0,0.94
2020-03-23,0.001,10.19,9.14,0.0,0.92
2020-03-24,0.0,9.96,9.04,0.0,0.92
2020-03-25,0.0,9.87,9.07,0.0,0.91
2020-03-26,0.0,10.24,9.28,0.0,0.95
2020-03-27,0.0,10.0,9.0,0.0,0.92
2020-03-28,0.0,10.0,8.87,0.0,0.93
2020-03-29,0.0,10.21,9.12,0.0,0.93
2020-03-30,0.0,9.09,8.9,0.0,0.91
2020-03-31,0.0,9.47,9.25,0.0,0.95
2020-04-01,0.0,10.13,9.12,0.0,0.92
2020-04-02,0.0,9.26,9.5,0.0,0.98
2020-04-03,0.0,11.57,9.25,0.0,0.94
2020-04-04,0.552,82.66,11.7,30.64,40.32
2020-04-05,5.608,196.94,20.72,76.1,100.13
2020-04-06,2.098,125.02,14.09,47.87,63.06
2020-04-07,0.196,77.99,17.03,25.96,35.01
2020-04-08,0.004,15.12,13.15,0.0,1.96
2020-04-09,0.002,12.53,11.6,0.0,0.94
2020-04-10,0.001,11.93,11.06,0.0,0.93
2020-04-11,0.001,9.88,9.06,0.0,0.92
2020-04-12,0.001,9.87,9.01,0.0,0.92
2020-04-13,0.0,10.1,9.16,0.0,0.93
2020-04-14,0.0,9.97,8.98,0.0,0.92
2020-04-15,0.0,9.58,8.85,0.0,0.91
2020-04-16,0.0,10.19,8.89,0.0,0.93
2020-04-17,0.0,10.36,9.2,0.0,0.94
2020-04-18,0.0,10.03,8.65,0.0,0.89
2020-04-19,0.0,8.68,8.63,0.0,0.89
2020-04-20,0.0,9.0,9.13,0.0,0.95
2020-04-21,0.0,9.92,9.26,0.0,0.98
2020-04-22,0.0,11.57,10.01,0.0,1.05
2020-04-23,0.0,8.68,8.65,0.0,0.91
2020-04-24,0.0,7.72,6.29,0.0,0.67
2020-04-25,0.0,11.57,9.63,0.0,1.0
2020-04-26,0.0,0.0,0.0,0.0,0.0
2020-04-27,0.0,0.0,0.0,0.0,0.0
2020-04-28,0.0,0.0,0.0,0.0,0.0
2020-04-29,0.0,0.0,0.0,0.0,0.0
2020-04-30,0.0,0.0,0.0,0.0,0.0
2020-05-01,0.0,0.0,0.0,0.0,0.0
2020-05-02,0.0,0.0,0.0,0.0,0.0
2020-05-03,0.0,0.0,0.0,0.0,0.0
2020-05-04,0.0,0.0,0.0,0.0,0.0
2020-05-05,0.0,0.0,0.0,0.0,0.0
2020-05-06,0.0,0.0,0.0,0.0,0.0
2020-05-07,0.0,0.0,0.0,0.0,0.0
2020-05-08,0.0,0.0,0.0,0.0,0.0
2020-05-09,0.0,0.0,0.0,0.0,0.0
2020-05-10,0.0,0.0,0.0,0.0,0.0
2020-05-11,0.0,0.0,0.0,0.0,0.0
2020-05-12,0.0,0.0,0.0,0.0,0.0
2020-05-13,0.0,0.0,0.0,0.0,0.0
2020-05-14,0.0,0.0,0.0,0.0,0.0
2020-05-15,0.0,0.0,0.0,0.0,0.0
2020-05-16,0.0,0.0,0.0,0.0,0.0
2020-05-17,0.438,60.8,13.83,20.23,26.74
2020-05-18,0.52,58.36,13.47,19.28,25.61
2020-05-19,0.007,20.01,16.05,0.0,3.95
2020-05-20,0.0,15.43,16.01,0.0,0.64
2020-05-21,0.0,11.57,10.29,0.0,0.86
2020-05-22,0.0,0.0,0.0,0.0,0.0
2020-05-23,0.0,0.0,0.0,0.0,0.0
2020-05-24,0.0,0.0,0.0,0.0,0.0
2020-05-25,0.0,0.0,0.0,0.0,0.0
2020-05-26,0.0,0.0,0.0,0.0,0.0
2020-05-27,0.0,0.0,0.0,0.0,0.0
2020-05-28,0.0,0.0,0.0,0.0,0.0
2020-05-29,0.0,0.0,0.0,0.0,0.0
2020-05-30,0.0,0.0,0.0,0.0,0.0
2020-05-31,0.0,0.0,0.0,0.0,0.0
2020-06-01,0.0,0.0,0.0,0.0,0.0
2020-06-02,0.0,0.0,0.0,0.0,0.0
2020-06-03,0.0,0.0,0.0,0.0,0.0
2020-06-04,0.0,0.0,0.0,0.0,0.0
2020-06-05,0.0,0.0,0.0,0.0,0.0
2020-06-06,0.0,0.0,0.0,0.0,0.0
2020-06-07,0.0,0.0,0.0,0.0,0.0
2020-06-08,0.0,0.0,0.0,0.0,0.0
2020-06-09,0.0,0.0,0.0,0.0,0.0
2020-06-10,0.0,0.0,0.0,0.0,0.0
2020-06-11,0.0,0.0,0.0,0.0,0.0
2020-06-12,0.0,0.0,0.0,0.0,0.0
2020-06-13,0.0,0.0,0.0,0.0,0.0
2020-06-14,0.0,0.0,0.0,0.0,0.0
2020-06-15,0.0,0.0,0.0,0.0,0.0
2020-06-16,0.0,0.0,0.0,0.0,0.0
2020-06-17,0.0,0.0,0.0,0.0,0.0
2020-06-18,0.0,0.0,0.0,0.0,0.0
2020-06-19,0.0,0.0,0.0,0.0,0.0
2020-06-20,0.0,0.0,0.0,0.0,0.0
2020-06-21,0.0,0.0,0.0,0.0,0.0
2020-06-22,0.0,0.0,0.0,0.0,0.0
2020-06-23,0.0,0.0,0.0,0.0,0.0
2020-06-24,0.0,0.0,0.0,0.0,0.0
2020-06-25,0.0,0.0,0.0,0.0,0.0
2020-06-26,0.0,0.0,0.0,0.0,0.0
2020-06-27,0.0,0.0,0.0,0.0,0.0
2020-06-28,0.0,0.0,0.0,0.0,0.0
2020-06-29,0.0,0.0,0.0,0.0,0.0
2020-06-30,0.0,0.0,0.0,0.0,0.0
2020-07-01,0.0,0.0,0.0,0.0,0.0
2020-07-02,0.0,0.0,0.0,0.0,0.0
2020-07-03,0.0,0.0,0.0,0.0,0.0
2020-07-04,0.0,0.0,0.0,0.0,0.0
2020-07-05,0.0,0.0,0.0,0.0,0.0
2020-07-06,0.0,0.0,0.0,0.0,0.0
2020-07-07,0.0,0.0,0.0,0.0,0.0
2020-07-08,0.0,0.0,0.0,0.0,0.0
2020-07-09,0.0,0.0,0.0,0.0,0.0
2020-07-10,0.0,0.0,0.0,0.0,0.0
2020-07-11,0.0,0.0,0.0,0.0,0.0
2020-07-12,0.0,0.0,0.0,0.0,0.0
2020-07-13,0.0,0.0,0.0,0.0,0.0
2020-07-14,0.0,0.0,0.0,0.0,0.0
2020-07-15,0.0,0.0,0.0,0.0,0.0
2020-07-16,0.0,0.0,0.0,0.0,0.0
2020-07-17,0.0,0.0,0.0,0.0,0.0
2020-07-18,0.0,0.0,0.0,0.0,0.0
2020-07-19,0.0,0.0,0.0,0.0,0.0
2020-07-20,0.0,0.0,0.0,0.0,0.0
2020-07-21,0.0,0.0,0.0,0.0,0.0
2020-07-22,0.0,0.0,0.0,0.0,0.0
2020-07-23,0.0,0.0,0.0,0.0,0.0
2020-07-24,0.0,0.0,0.0,0.0,0.0
2020-07-25,0.0,0.0,0.0,0.0,0.0
2020-07-26,0.0,0.0,0.0,0.0,0.0
2020-07-27,0.0,0.0,0.0,0.0,0.0
2020-07-28,0.0,0.0,0.0,0.0,0.0
2020-07-29,0.0,0.0,0.0,0.0,0.0
2020-07-30,0.0,0.0,0.0,0.0,0.0
2020-07-31,0.0,0.0,0.0,0.0,0.0
2020-08-01,0.0,0.0,0.0,0.0,0.0
2020-08-02,0.0,0.0,0.0,0.0,0.0
2020-08-03,0.0,0.0,0.0,0.0,0.0
2020-08-04,0.0,0.0,0.0,0.0,0.0
2020-08-05,0.0,0.0,0.0,0.0,0.0
2020-08-06,0.0,0.0,0.0,0.0,0.0
2020-08-07,0.0,0.0,0.0,0.0,0.0
2020-08-08,0.0,0.0,0.0,0.0,0.0
2020-08-09,0.0,0.0,0.0,0.0,0.0
2020-08-10,0.0,0.0,0.0,0.0,0.0
2020-08-11,0.0,0.0,0.0,0.0,0.0
2020-08-12,0.0,0.0,0.0,0.0,0.0
2020-08-13,0.0,0.0,0.0,0.0,0.0
2020-08-14,0.0,0.0,0.0,0.0,0.0
2020-08-15,0.0,0.0,0.0,0.0,0.0
2020-08-16,0.0,0.0,0.0,0.0,0.0
2020-08-17,0.0,0.0,0.0,0.0,0.0
2020-08-18,0.0,0.0,0.0,0.0,0.0
2020-08-19,0.0,0.0,0.0,0.0,0.0
2020-08-20,0.0,0.0,0.0,0.0,0.0
2020-08-21,0.0,0.0,0.0,0.0,0.0
2020-08-22,0.0,0.0,0.0,0.0,0.0
2020-08-23,0.0,0.0,0.0,0.0,0.0
2020-08-24,0.0,0.0,0.0,0.0,0.0
2020-08-25,0.0,0.0,0.0,0.0,0.0
2020-08-26,0.0,0.0,0.0,0.0,0.0
2020-08-27,0.0,0.0,0.0,0.0,0.0
2020-08-28,0.0,0.0,0.0,0.0,0.0
2020-08-29,0.0,0.0,0.0,0.0,0.0
2020-08-30,0.0,0.0,0.0,0.0,0.0
2020-08-31,0.0,0.0,0.0,0.0,0.0
2020-09-01,0.0,0.0,0.0,0.0,0.0
2020-09-02,0.0,0.0,0.0,0.0,0.0
2020-09-03,0.0,0.0,0.0,0.0,0.0
2020-09-04,0.0,0.0,0.0,0.0,0.0
2020-09-05,0.0,0.0,0.0,0.0,0.0
2020-09-06,0.0,0.0,0.0,0.0,0.0
2020-09-07,0.0,0.0,0.0,0.0,0.0
2020-09-08,0.0,0.0,0.0,0.0,0.0
2020-09-09,0.0,0.0,0.0,0.0,0.0
2020-09-10,0.0,0.0,0.0,0.0,0.0
2020-09-11,0.0,0.0,0.0,0.0,0.0
2020-09-12,0.0,0.0,0.0,0.0,0.0
2020-09-13,0.0,0.0,0.0,0.0,0.0
2020-09-14,0.0,0.0,0.0,0.0,0.0
2020-09-15,0.0,0.0,0.0,0.0,0.0
2020-09-16,0.0,0.0,0.0,0.0,0.0
2020-09-17,0.0,0.0,0.0,0.0,0.0
2020-09-18,0.0,0.0,0.0,0.0,0.0
2020-09-19,0.0,0.0,0.0,0.0,0.0
2020-09-20,0.0,0.0,0.0,0.0,0.0
2020-09-21,0.0,0.0,0.0,0.0,0.0
2020-09-22,0.0,0.0,0.0,0.0,0.0
2020-09-23,0.0,0.0,0.0,0.0,0.0
2020-09-24,0.0,0.0,0.0,0.0,0.0
2020-09-25,0.0,0.0,0.0,0.0,0.0
2020-09-26,0.0,0.0,0.0,0.0,0.0
2020-09-27,0.0,0.0,0.0,0.0,0.0
2020-09-28,0.0,0.0,0.0,0.0,0.0
2020-09-29,0.0,0.0,0.0,0.0,0.0
2020-09-30,0.0,0.0,0.0,0.0,0.0
2020-10-01,0.0,0.0,0.0,0.0,0.0
2020-10-02,0.0,0.0,0.0,0.0,0.0
2020-10-03,0.0,0.0,0.0,0.0,0.0
2020-10-04,0.0,0.0,0.0,0.0,0.0
2020-10-05,0.0,0.0,0.0,0.0,0.0
2020-10-06,0.0,0.0,0.0,0.0,0.0
2020-10-07,0.0,0.0,0.0,0.0,0.0
2020-10-08,0.0,0.0,0.0,0.0,0.0
2020-10-09,0.0,0.0,0.0,0.0,0.0
2020-10-10,0.0,0.0,0.0,0.0,0.0
2020-10-11,0.0,0.0,0.0,0.0,0.0
2020-10-12,0.0,0.0,0.0,0.0,0.0
2020-10-13,0.0,0.0,0.0,0.0,0.0
2020-10-14,0.0,0.0,0.0,0.0,0.0
2020-10-15,0.0,0.0,0.0,0.0,0.0
2020-10-16,0.0,0.0,0.0,0.0,0.0
2020-10-17,0.0,0.0,0.0,0.0,0.0
2020-10-18,0.0,0.0,0.0,0.0,0.0
2020-10-19,0.0,0.0,0.0,0.0,0.0
2020-10-20,0.0,0.0,0.0,0.0,0.0
2020-10-21,0.0,0.0,0.0,0.0,0.0
2020-10-22,0.0,0.0,0.0,0.0,0.0
2020-10-23,0.0,0.0,0.0,0.0,0.0
2020-10-24,0.0,0.0,0.0,0.0,0.0
2020-10-25,0.0,0.0,0.0,0.0,0.0
2020-10-26,0.0,0.0,0.0,0.0,0.0
2020-10-27,0.0,0.0,0.0,0.0,0.0
2020-10-28,0.0,0.0,0.0,0.0,0.0
2020-10-29,0.0,0.0,0.0,0.0,0.0
2020-10-30,0.0,0.0,0.0,0.0,0.0
2020-10-31,0.0,0.0,0.0,0.0,0.0
2020-11-01,0.0,0.0,0.0,0.0,0.0
2020-11-02,0.0,0.0,0.0,0.0,0.0
2020-11-03,0.0,0.0,0.0,0.0,0.0
2020-11-04,0.0,0.0,0.0,0.0,0.0
2020-11-05,0.0,0.0,0.0,0.0,0.0
2020-11-06,0.0,0.0,0.0,0.0,0.0
2020-11-07,0.0,0.0,0.0,0.0,0.0
2020-11-08,0.0,0.0,0.0,0.0,0.0
2020-11-09,0.0,0.0,0.0,0.0,0.0
2020-11-10,0.0,0.0,0.0,0.0,0.0
2020-11-11,0.0,0.0,0.0,0.0,0.0
2020-11-12,0.0,0.0,0.0,0.0,0.0
2020-11-13,0.0,0.0,0.0,0.0,0.0
2020-11-14,0.0,0.0,0.0,0.0,0.0
2020-11-15,0.0,0.0,0.0,0.0,0.0
2020-11-16,0.0,0.0,0.0,0.0,0.0
2020-11-17,0.096,37.34,15.61,9.38,12.35
2020-11-18,1.289,45.03,13.57,13.57,17.89
2020-11-19,0.027,27.4,17.16,3.48,6.76
2020-11-20,0.0,16.53,15.86,0.0,0.68
2020-11-21,0.0,11.57,10.43,0.0,0.88
2020-11-22,0.0,11.57,11.45,0.0,0.94
2020-11-23,0.0,11.57,10.99,0.0,0.97
2020-11-24,0.0,11.57,11.02,0.0,0.96
2020-11-25,0.0,11.57,11.67,0.0,0.96
2020-11-26,0.0,11.57,17.28,0.0,1.23
2020-11-27,0.0,11.57,12.19,0.0,0.86
2020-11-28,0.0,11.57,15.73,0.0,1.14
2020-11-29,0.0,11.57,15.66,0.0,1.15
2020-11-30,0.0,11.57,13.32,0.0,0.96
2020-12-01,0.0,11.57,11.61,0.0,0.8
2020-12-02,0.0,0.0,0.0,0.0,0.0
2020-12-03,0.0,0.0,0.0,0.0,0.0
2020-12-04,0.0,0.0,0.0,0.0,0.0
2020-12-05,0.0,0.0,0.0,0.0,0.0
2020-12-06,0.0,0.0,0.0,0.0,0.0
2020-12-07,0.0,0.0,0.0,0.0,0.0
2020-12-08,0.0,0.0,0.0,0.0,0.0
2020-12-09,0.0,0.0,0.0,0.0,0.0
2020-12-10,0.0,0.0,0.0,0.0,0.0
2020-12-11,0.001,19.35,11.94,3.2,4.2
2020-12-12,1.234,65.66,12.45,22.96,30.24
2020-12-13,7.817,139.4,19.04,51.97,68.39
2020-12-14,0.223,55.66,17.39,16.33,21.93
2020-12-15,0.002,15.38,13.31,0.0,2.05
2020-12-16,0.002,8.13,7.35,0.0,0.74
2020-12-17,4.528,108.67,15.51,40.23,52.94
2020-12-18,0.046,41.03,17.42,9.15,14.47
2020-12-19,0.002,11.37,10.38,0.0,1.0
2020-12-20,0.002,10.53,9.62,0.0,0.93
2020-12-21,0.002,10.73,9.79,0.0,0.94
2020-12-22,0.001,10.29,9.36,0.0,0.94
2020-12-23,0.001,9.9,8.97,0.0,0.93
2020-12-24,0.001,9.76,8.87,0.0,0.94
2020-12-25,0.298,67.25,12.09,23.78,31.38
2020-12-26,0.292,76.66,18.85,24.81,33.01
2020-12-27,0.003,20.13,16.46,0.0,3.64
2020-12-28,0.077,29.9,15.55,6.1,8.25
2020-12-29,0.007,20.59,17.92,0.0,2.67
2020-12-30,0.001,11.79,10.87,0.0,0.87
2020-12-31,0.0,10.47,9.57,0.0,0.92
2021-01-01,0.0,10.98,9.87,0.0,0.93
2021-01-02,1.379,55.5,12.56,18.54,24.4
2021-01-03,0.087,33.01,16.59,6.77,9.65
2021-01-04,3.363,98.19,14.75,36.03,47.41
2021-01-05,0.214,59.59,17.1,18.12,24.36
2021-01-06,0.002,15.53,13.51,0.0,2.05
2021-01-07,0.001,10.82,9.81,0.0,0.93
2021-01-08,0.001,10.29,9.4,0.0,0.93
2021-01-09,0.001,10.69,9.86,0.0,0.93
2021-01-10,0.001,10.45,9.57,0.0,0.94
2021-01-11,0.001,9.86,8.91,0.0,0.93
2021-01-12,0.0,9.89,9.0,0.0,0.95
2021-01-13,0.0,10.09,8.9,0.0,0.93
2021-01-14,0.0,9.53,8.8,0.0,0.93
2021-01-15,0.0,9.92,8.97,0.0,0.94
2021-01-16,0.0,9.56,8.84,0.0,0.93
2021-01-17,0.0,9.75,8.83,0.0,0.93
2021-01-18,0.0,9.65,9.14,0.0,0.93
2021-01-19,0.0,0.0,9.13,0.0,0.71
2021-01-20,0.0,9.65,8.37,0.0,0.97
2021-01-21,0.0,8.27,8.42,0.0,0.89
2021-01-22,0.081,35.23,6.31,12.35,16.57
2021-01-23,0.003,14.78,8.31,0.0,6.49
2021-01-24,0.0,9.92,8.56,0.0,0.94
2021-01-25,0.0,11.57,6.5,0.0,0.73
2021-01-26,2.05,187.24,7.76,77.5,101.98
2021-01-27,7.51,230.46,24.23,89.06,117.18
2021-01-28,7.759,120.1,18.72,43.78,57.6
2021-01-29,4.601,150.42,17.92,57.21,75.28
2021-01-30,0.043,39.39,16.22,8.77,14.39
2021-01-31,0.005,11.2,10.21,0.0,0.98
2021-02-01,1.129,73.19,7.61,28.32,37.26
2021-02-02,6.608,125.58,20.71,45.29,59.59
2021-02-03,0.061,39.26,16.87,8.99,13.4
2021-02-04,0.009,12.63,11.64,0.0,0.99
2021-02-05,0.009,12.69,11.72,0.0,0.96
2021-02-06,0.007,12.93,11.96,0.0,0.95
2021-02-07,0.006,12.94,12.0,0.0,0.95
2021-02-08,0.004,13.28,12.32,0.0,0.95
2021-02-09,0.001,11.26,10.35,0.0,0.92
2021-02-10,0.002,12.02,11.11,0.0,0.92
2021-02-11,2.855,155.89,16.98,59.98,78.93
2021-02-12,0.997,118.93,17.92,43.57,57.44
2021-02-13,0.007,22.7,15.79,0.0,6.91
2021-02-14,0.001,10.08,9.15,0.0,0.91
2021-02-15,2.329,75.98,13.33,27.05,35.6
2021-02-16,0.109,36.87,16.76,8.4,11.71
2021-02-17,0.004,14.49,13.48,0.0,1.02
2021-02-18,0.002,13.8,12.83,0.0,0.95
2021-02-19,0.001,11.4,10.45,0.0,0.91
2021-02-20,0.001,13.59,12.63,0.0,0.92
2021-02-21,0.002,14.52,13.57,0.0,0.93
2021-02-22,0.001,14.81,13.94,0.0,0.93
2021-02-23,0.001,14.42,13.49,0.0,0.91
2021-02-24,0.0,10.85,9.4,0.0,0.92
2021-02-25,0.0,9.0,8.73,0.0,0.92
2021-02-26,0.0,10.13,8.87,0.0,0.92
2021-02-27,0.0,11.57,9.57,0.0,0.99
2021-02-28,0.0,7.72,8.02,0.0,0.86
2021-03-01,0.0,11.57,8.62,0.0,0.93
2021-03-02,0.0,0.0,7.35,0.0,0.81
2021-03-03,0.0,0.0,0.0,0.0,0.0
2021-03-04,0.0,0.0,0.0,0.0,0.0
2021-03-05,0.0,0.0,0.0,0.0,0.0
2021-03-06,0.456,62.82,14.49,20.78,27.55
2021-03-07,0.004,25.04,17.89,0.0,7.16
2021-03-08,0.0,13.89,14.17,0.0,0.76
2021-03-09,0.25,29.28,5.69,10.17,13.42
2021-03-10,3.707,85.21,12.85,31.25,41.11
2021-03-11,2.977,133.68,17.99,49.95,65.74
2021-03-12,0.022,29.76,16.48,4.31,8.96
2021-03-13,0.004,13.18,12.22,0.0,0.95
2021-03-14,0.14,36.54,7.83,12.39,16.32
2021-03-15,0.189,55.46,15.85,16.84,22.76
2021-03-16,0.002,15.76,13.93,0.0,1.86
2021-03-17,0.001,10.29,9.43,0.0,0.93
2021-03-18,2.559,103.14,13.36,38.77,51.02
2021-03-19,0.501,63.06,16.72,19.94,26.4
2021-03-20,0.004,18.17,15.01,0.0,3.16
2021-03-21,0.002,12.46,11.53,0.0,0.94
2021-03-22,0.001,10.38,9.44,0.0,0.92
2021-03-23,0.0,9.73,8.99,0.0,0.91
2021-03-24,0.0,9.77,8.93,0.0,0.93
2021-03-25,0.0,9.86,8.85,0.0,0.93
2021-03-26,0.0,9.92,9.0,0.0,0.94
2021-03-27,0.0,10.13,9.04,0.0,0.95
2021-03-28,0.0,9.65,8.75,0.0,0.91
2021-03-29,0.0,9.0,8.54,0.0,0.91
2021-03-30,0.0,9.65,9.35,0.0,0.99
2021-03-31,0.0,8.68,8.18,0.0,0.88
2021-04-01,0.0,7.72,7.8,0.0,0.84
2021-04-02,0.0,11.57,8.65,0.0,0.99
2021-04-03,0.0,0.0,0.0,0.0,0.0
2021-04-04,0.0,0.0,0.0,0.0,0.0
2021-04-05,0.0,0.0,0.0,0.0,0.0
2021-04-06,0.0,0.0,0.0,0.0,0.0
2021-04-07,0.0,0.0,0.0,0.0,0.0
2021-04-08,0.0,0.0,0.0,0.0,0.0
2021-04-09,0.0,0.0,0.0,0.0,0.0
2021-04-10,0.0,0.0,0.0,0.0,0.0
2021-04-11,0.0,0.0,0.0,0.0,0.0
2021-04-12,0.0,0.0,0.0,0.0,0.0
2021-04-13,0.0,0.0,0.0,0.0,0.0
2021-04-14,0.0,0.0,0.0,0.0,0.0
2021-04-15,0.0,0.0,0.0,0.0,0.0
2021-04-16,0.0,0.0,0.0,0.0,0.0
2021-04-17,0.0,0.0,0.0,0.0,0.0
2021-04-18,0.0,0.0,0.0,0.0,0.0
2021-04-19,0.0,0.0,0.0,0.0,0.0
2021-04-20,0.0,0.0,0.0,0.0,0.0
2021-04-21,0.0,0.0,0.0,0.0,0.0
2021-04-22,0.0,0.0,0.0,0.0,0.0
2021-04-23,0.0,0.0,0.0,0.0,0.0
2021-04-24,0.0,0.0,0.0,0.0,0.0
2021-04-25,0.0,0.0,0.0,0.0,0.0
2021-04-26,0.0,0.0,0.0,0.0,0.0
2021-04-27,0.0,0.0,0.0,0.0,0.0
2021-04-28,0.0,0.0,0.0,0.0,0.0
2021-04-29,0.0,0.0,0.0,0.0,0.0
2021-04-30,0.0,0.0,0.0,0.0,0.0
2021-05-01,0.0,0.0,0.0,0.0,0.0
2021-05-02,0.0,0.0,0.0,0.0,0.0
2021-05-03,0.0,0.0,0.0,0.0,0.0
2021-05-04,0.0,0.0,0.0,0.0,0.0
2021-05-05,0.0,0.0,0.0,0.0,0.0
2021-05-06,0.0,0.0,0.0,0.0,0.0
2021-05-07,0.0,0.0,0.0,0.0,0.0
2021-05-08,0.0,0.0,0.0,0.0,0.0
2021-05-09,0.0,0.0,0.0,0.0,0.0
2021-05-10,0.0,0.0,0.0,0.0,0.0
2021-05-11,0.0,0.0,0.0,0.0,0.0
2021-05-12,0.0,0.0,0.0,0.0,0.0
2021-05-13,0.0,0.0,0.0,0.0,0.0
2021-05-14,0.0,0.0,0.0,0.0,0.0
2021-05-15,0.0,0.0,0.0,0.0,0.0
2021-05-16,0.0,0.0,0.0,0.0,0.0
2021-05-17,0.0,0.0,0.0,0.0,0.0
2021-05-18,0.0,0.0,0.0,0.0,0.0
2021-05-19,0.0,0.0,0.0,0.0,0.0
2021-05-20,0.0,0.0,0.0,0.0,0.0
2021-05-21,0.0,0.0,0.0,0.0,0.0
2021-05-22,0.0,0.0,0.0,0.0,0.0
2021-05-23,0.0,0.0,0.0,0.0,0.0
2021-05-24,0.0,0.0,0.0,0.0,0.0
2021-05-25,0.0,0.0,0.0,0.0,0.0
2021-05-26,0.0,0.0,0.0,0.0,0.0
2021-05-27,0.0,0.0,0.0,0.0,0.0
2021-05-28,0.0,0.0,0.0,0.0,0.0
2021-05-29,0.0,0.0,0.0,0.0,0.0
2021-05-30,0.0,0.0,0.0,0.0,0.0
2021-05-31,0.0,0.0,0.0,0.0,0.0
2021-06-01,0.0,0.0,0.0,0.0,0.0
2021-06-02,0.0,0.0,0.0,0.0,0.0
2021-06-03,0.0,0.0,0.0,0.0,0.0
2021-06-04,0.0,0.0,0.0,0.0,0.0
2021-06-05,0.0,0.0,0.0,0.0,0.0
2021-06-06,0.0,0.0,0.0,0.0,0.0
2021-06-07,0.0,0.0,0.0,0.0,0.0
2021-06-08,0.0,0.0,0.0,0.0,0.0
2021-06-09,0.0,0.0,0.0,0.0,0.0
2021-06-10,0.0,0.0,0.0,0.0,0.0
2021-06-11,0.0,0.0,0.0,0.0,0.0
2021-06-12,0.0,0.0,0.0,0.0,0.0
2021-06-13,0.0,0.0,0.0,0.0,0.0
2021-06-14,0.0,0.0,0.0,0.0,0.0
2021-06-15,0.0,0.0,0.0,0.0,0.0
2021-06-16,0.0,0.0,0.0,0.0,0.0
2021-06-17,0.0,0.0,0.0,0.0,0.0
2021-06-18,0.0,0.0,0.0,0.0,0.0
2021-06-19,0.0,0.0,0.0,0.0,0.0
2021-06-20,0.0,0.0,0.0,0.0,0.0
2021-06-21,0.0,0.0,0.0,0.0,0.0
2021-06-22,0.0,0.0,0.0,0.0,0.0
2021-06-23,0.0,0.0,0.0,0.0,0.0
2021-06-24,0.0,0.0,0.0,0.0,0.0
2021-06-25,0.0,0.0,0.0,0.0,0.0
2021-06-26,0.0,0.0,0.0,0.0,0.0
2021-06-27,0.0,0.0,0.0,0.0,0.0
2021-06-28,0.0,0.0,0.0,0.0,0.0
2021-06-29,0.0,0.0,0.0,0.0,0.0
2021-06-30,0.0,0.0,0.0,0.0,0.0
2021-07-01,0.0,0.0,0.0,0.0,0.0
2021-07-02,0.0,0.0,0.0,0.0,0.0
2021-07-03,0.0,0.0,0.0,0.0,0.0
2021-07-04,0.0,0.0,0.0,0.0,0.0
2021-07-05,0.0,0.0,0.0,0.0,0.0
2021-07-06,0.0,0.0,0.0,0.0,0.0
2021-07-07,0.0,0.0,0.0,0.0,0.0
2021-07-08,0.0,0.0,0.0,0.0,0.0
2021-07-09,0.0,0.0,0.0,0.0,0.0
2021-07-10,0.0,0.0,0.0,0.0,0.0
2021-07-11,0.0,0.0,0.0,0.0,0.0
2021-07-12,0.0,0.0,0.0,0.0,0.0
2021-07-13,0.0,0.0,0.0,0.0,0.0
2021-07-14,0.0,0.0,0.0,0.0,0.0
2021-07-15,0.0,0.0,0.0,0.0,0.0
2021-07-16,0.0,0.0,0.0,0.0,0.0
2021-07-17,0.0,0.0,0.0,0.0,0.0
2021-07-18,0.0,0.0,0.0,0.0,0.0
2021-07-19,0.0,0.0,0.0,0.0,0.0
2021-07-20,0.0,0.0,0.0,0.0,0.0
2021-07-21,0.0,0.0,0.0,0.0,0.0
2021-07-22,0.0,0.0,0.0,0.0,0.0
2021-07-23,0.0,0.0,0.0,0.0,0.0
2021-07-24,0.0,0.0,0.0,0.0,0.0
2021-07-25,0.0,0.0,0.0,0.0,0.0
2021-07-26,0.0,0.0,0.0,0.0,0.0
2021-07-27,0.0,0.0,0.0,0.0,0.0
2021-07-28,0.0,0.0,0.0,0.0,0.0
2021-07-29,0.0,0.0,0.0,0.0,0.0
2021-07-30,0.0,0.0,0.0,0.0,0.0
2021-07-31,0.0,0.0,0.0,0.0,0.0
2021-08-01,0.0,0.0,0.0,0.0,0.0
2021-08-02,0.0,0.0,0.0,0.0,0.0
2021-08-03,0.0,0.0,0.0,0.0,0.0
2021-08-04,0.0,0.0,0.0,0.0,0.0
2021-08-05,0.0,0.0,0.0,0.0,0.0
2021-08-06,0.0,0.0,0.0,0.0,0.0
2021-08-07,0.0,0.0,0.0,0.0,0.0
2021-08-08,0.0,0.0,0.0,0.0,0.0
2021-08-09,0.0,0.0,0.0,0.0,0.0
2021-08-10,0.0,0.0,0.0,0.0,0.0
2021-08-11,0.0,0.0,0.0,0.0,0.0
2021-08-12,0.0,0.0,0.0,0.0,0.0
2021-08-13,0.0,0.0,0.0,0.0,0.0
2021-08-14,0.0,0.0,0.0,0.0,0.0
2021-08-15,0.0,0.0,0.0,0.0,0.0
2021-08-16,0.0,0.0,0.0,0.0,0.0
2021-08-17,0.0,0.0,0.0,0.0,0.0
2021-08-18,0.0,0.0,0.0,0.0,0.0
2021-08-19,0.0,0.0,0.0,0.0,0.0
2021-08-20,0.0,0.0,0.0,0.0,0.0
2021-08-21,0.0,0.0,0.0,0.0,0.0
2021-08-22,0.0,0.0,0.0,0.0,0.0
2021-08-23,0.0,0.0,0.0,0.0,0.0
2021-08-24,0.0,0.0,0.0,0.0,0.0
2021-08-25,0.0,0.0,0.0,0.0,0.0
2021-08-26,0.0,0.0,0.0,0.0,0.0
2021-08-27,0.0,0.0,0.0,0.0,0.0
2021-08-28,0.0,0.0,0.0,0.0,0.0
2021-08-29,0.0,0.0,0.0,0.0,0.0
2021-08-30,0.0,0.0,0.0,0.0,0.0
2021-08-31,0.0,0.0,0.0,0.0,0.0
2021-09-01,0.0,0.0,0.0,0.0,0.0
2021-09-02,0.0,0.0,0.0,0.0,0.0
2021-09-03,0.0,0.0,0.0,0.0,0.0
2021-09-04,0.0,0.0,0.0,0.0,0.0
2021-09-05,0.0,0.0,0.0,0.0,0.0
2021-09-06,0.0,0.0,0.0,0.0,0.0
2021-09-07,0.0,0.0,0.0,0.0,0.0
2021-09-08,0.0,0.0,0.0,0.0,0.0
2021-09-09,0.0,0.0,0.0,0.0,0.0
2021-09-10,0.0,0.0,0.0,0.0,0.0
2021-09-11,0.0,0.0,0.0,0.0,0.0
2021-09-12,0.0,0.0,0.0,0.0,0.0
2021-09-13,0.0,0.0,0.0,0.0,0.0
2021-09-14,0.0,0.0,0.0,0.0,0.0
2021-09-15,0.0,0.0,0.0,0.0,0.0
2021-09-16,0.0,0.0,0.0,0.0,0.0
2021-09-17,0.0,0.0,0.0,0.0,0.0
2021-09-18,0.0,0.0,0.0,0.0,0.0
2021-09-19,0.0,0.0,0.0,0.0,0.0
2021-09-20,0.0,0.0,0.0,0.0,0.0
2021-09-21,0.0,0.0,0.0,0.0,0.0
2021-09-22,0.0,0.0,0.0,0.0,0.0
2021-09-23,0.0,0.0,0.0,0.0,0.0
2021-09-24,0.0,0.0,0.0,0.0,0.0
2021-09-25,0.0,0.0,0.0,0.0,0.0
2021-09-26,0.0,0.0,0.0,0.0,0.0
2021-09-27,0.0,0.0,0.0,0.0,0.0
2021-09-28,0.0,0.0,0.0,0.0,0.0
2021-09-29,0.0,0.0,0.0,0.0,0.0
2021-09-30,0.0,0.0,0.0,0.0,0.0
2021-10-01,0.0,0.0,0.0,0.0,0.0
2021-10-02,0.0,0.0,0.0,0.0,0.0
2021-10-03,0.0,0.0,0.0,0.0,0.0
2021-10-04,0.0,0.0,0.0,0.0,0.0
2021-10-05,0.0,0.0,0.0,0.0,0.0
2021-10-06,0.0,0.0,0.0,0.0,0.0
2021-10-07,0.0,0.0,0.0,0.0,0.0
2021-10-08,0.0,0.0,0.0,0.0,0.0
2021-10-09,0.0,0.0,0.0,0.0,0.0
2021-10-10,0.0,0.0,0.0,0.0,0.0
2021-10-11,0.0,0.0,0.0,0.0,0.0
2021-10-12,0.0,0.0,0.0,0.0,0.0
2021-10-13,0.0,0.0,0.0,0.0,0.0
2021-10-14,0.0,0.0,0.0,0.0,0.0
2021-10-15,0.0,0.0,0.0,0.0,0.0
2021-10-16,0.0,0.0,0.0,0.0,0.0
2021-10-17,0.0,0.0,0.0,0.0,0.0
2021-10-18,0.0,0.0,0.0,0.0,0.0
2021-10-19,0.0,0.0,0.0,0.0,0.0
2021-10-20,1.14,110.98,11.65,42.89,56.44
2021-10-21,5.47,110.35,17.25,40.2,52.9
2021-10-22,7.147,144.71,20.25,53.74,70.72
2021-10-23,3.265,124.34,11.17,48.85,64.32
2021-10-24,54.906,455.81,35.73,175.74,244.34
2021-10-25,8.732,281.23,37.48,98.7,145.05
2021-10-26,0.142,23.7,13.83,4.11,5.76
2021-10-27,0.072,13.55,12.14,0.28,1.13
2021-10-28,0.059,13.46,12.26,0.08,1.12
2021-10-29,0.05,13.6,12.45,0.04,1.11
2021-10-30,0.043,13.78,12.66,0.02,1.1
2021-10-31,0.038,13.87,12.77,0.01,1.09
2021-11-01,0.176,22.96,8.33,6.18,8.46
2021-11-02,0.909,43.89,13.59,13.07,17.24
2021-11-03,0.039,15.8,13.79,0.4,1.6
2021-11-04,0.956,50.36,14.18,15.61,20.57
2021-11-05,0.051,20.58,14.94,2.07,3.57
2021-11-06,0.027,14.26,13.2,0.01,1.05
2021-11-07,0.019,14.39,13.38,0.0,1.01
2021-11-08,0.117,1.92,1.79,0.0,0.13
2021-11-09,8.908,188.7,20.59,72.59,95.51
2021-11-10,0.167,37.57,15.81,9.24,12.52
2021-11-11,0.044,14.12,12.95,0.03,1.13
2021-11-12,0.04,14.01,12.9,0.02,1.09
2021-11-13,0.036,14.04,12.94,0.01,1.08
2021-11-14,0.033,14.07,12.99,0.01,1.07
2021-11-15,0.029,14.14,13.08,0.01,1.05
2021-11-16,0.024,14.15,13.12,0.0,1.03
2021-11-17,0.022,14.13,13.1,0.0,1.02
2021-11-18,0.021,14.18,13.17,0.0,1.01
2021-11-19,0.018,14.14,13.14,0.0,0.99
2021-11-20,0.017,14.16,13.17,0.0,0.99
2021-11-21,0.012,14.54,13.57,0.0,0.98
2021-11-22,0.009,14.2,13.24,0.0,0.96
2021-11-23,0.009,14.33,13.36,0.0,0.97
2021-11-24,0.007,14.63,13.67,0.0,0.95
2021-11-25,0.004,15.04,14.1,0.0,0.94
2021-11-26,0.005,14.54,13.6,0.0,0.94
2021-11-27,0.005,14.57,13.62,0.0,0.95
2021-11-28,0.004,14.74,13.78,0.0,0.94
2021-11-29,0.003,14.92,13.97,0.0,0.94
2021-11-30,0.003,15.14,14.21,0.0,0.93
2021-12-01,0.002,15.75,14.85,0.0,0.92
2021-12-02,0.001,16.36,15.42,0.0,0.93
2021-12-03,0.001,17.27,16.28,0.0,0.92
2021-12-04,0.0,17.2,16.36,0.0,0.92
2021-12-05,0.0,18.52,17.03,0.0,0.93
2021-12-06,0.0,0.0,0.0,0.0,0.0
2021-12-07,0.0,0.0,0.0,0.0,0.0
2021-12-08,0.0,0.0,0.0,0.0,0.0
2021-12-09,0.0,0.0,0.0,0.0,0.0
2021-12-10,0.0,0.0,0.0,0.0,0.0
2021-12-11,0.0,0.0,0.0,0.0,0.0
2021-12-12,1.817,80.71,9.64,30.69,40.38
2021-12-13,36.756,309.99,31.67,115.7,162.61
2021-12-14,5.125,120.07,21.74,42.45,55.87
2021-12-15,1.291,78.96,7.86,30.7,40.39
2021-12-16,9.781,247.82,25.06,95.55,127.2
2021-12-17,0.367,19.46,13.68,2.48,3.3
2021-12-18,0.277,15.07,13.06,0.87,1.14
2021-12-19,0.247,15.04,13.03,0.86,1.14
2021-12-20,0.217,15.07,13.07,0.86,1.14
2021-12-21,0.207,14.05,12.18,0.8,1.06
2021-12-22,6.333,92.91,15.53,33.41,43.96
2021-12-23,18.449,336.62,30.62,127.14,178.86
2021-12-24,4.074,71.17,14.0,24.65,32.52
2021-12-25,8.599,144.26,18.36,54.37,71.54
2021-12-26,3.033,43.82,12.95,13.33,17.54
2021-12-27,6.654,158.07,18.57,60.24,79.26
2021-12-28,0.892,19.43,13.4,2.61,3.43
2021-12-29,6.261,79.63,15.2,27.82,36.61
2021-12-30,1.026,23.3,13.77,4.12,5.41
2021-12-31,0.666,14.93,12.92,0.87,1.14
2022-01-01,0.546,14.86,12.86,0.86,1.14
2022-01-02,0.453,14.81,12.81,0.86,1.14
2022-01-03,0.39,14.51,12.55,0.85,1.12
2022-01-04,5.81,105.7,17.88,37.92,49.9
2022-01-05,0.529,18.84,13.55,2.29,3.01
2022-01-06,0.389,14.96,12.95,0.87,1.14
2022-01-07,0.325,14.89,12.89,0.86,1.14
2022-01-08,0.265,14.86,12.86,0.86,1.14
2022-01-09,0.217,14.82,12.82,0.86,1.14
2022-01-10,0.18,14.72,12.77,0.82,1.14
2022-01-11,0.149,14.61,12.72,0.75,1.14
2022-01-12,0.122,14.42,12.68,0.61,1.14
2022-01-13,0.102,14.29,12.61,0.54,1.14
2022-01-14,0.083,14.1,12.57,0.39,1.13
2022-01-15,0.062,13.85,12.56,0.17,1.12
2022-01-16,0.056,13.57,12.41,0.03,1.12
2022-01-17,0.046,13.5,12.39,0.01,1.1
2022-01-18,0.035,13.48,12.4,0.01,1.07
2022-01-19,0.029,13.35,12.3,0.01,1.05
2022-01-20,0.025,13.27,12.24,0.0,1.02
2022-01-21,0.016,13.92,12.9,0.0,1.01
2022-01-22,0.002,9.7,8.92,0.0,0.82
2022-01-23,0.008,12.58,11.61,0.0,0.97
2022-01-24,0.007,12.65,11.7,0.0,0.95
2022-01-25,0.005,12.38,11.44,0.0,0.95
2022-01-26,0.004,12.26,11.3,0.0,0.94
2022-01-27,0.002,11.68,10.77,0.0,0.94
2022-01-28,0.001,10.19,9.24,0.0,0.94
2022-01-29,0.0,10.13,9.31,0.0,0.93
2022-01-30,0.0,12.25,11.31,0.0,0.89
2022-01-31,0.0,11.57,11.55,0.0,0.87
2022-02-01,0.0,0.0,0.0,0.0,0.0
2022-02-02,0.0,0.0,0.0,0.0,0.0
2022-02-03,0.0,0.0,0.0,0.0,0.0
2022-02-04,0.0,0.0,0.0,0.0,0.0
2022-02-05,0.0,0.0,0.0,0.0,0.0
2022-02-06,0.0,0.0,0.0,0.0,0.0
2022-02-07,0.0,0.0,0.0,0.0,0.0
2022-02-08,0.0,0.0,0.0,0.0,0.0
2022-02-09,0.0,0.0,0.0,0.0,0.0
2022-02-10,0.0,0.0,0.0,0.0,0.0
2022-02-11,0.0,0.0,0.0,0.0,0.0
2022-02-12,0.0,0.0,0.0,0.0,0.0
2022-02-13,0.0,0.0,0.0,0.0,0.0
2022-02-14,0.0,0.0,0.0,0.0,0.0
2022-02-15,0.0,0.0,0.0,0.0,0.0
2022-02-16,0.0,0.0,0.0,0.0,0.0
2022-02-17,0.0,0.0,0.0,0.0,0.0
2022-02-18,0.0,0.0,0.0,0.0,0.0
2022-02-19,0.0,0.0,0.0,0.0,0.0
2022-02-20,0.0,0.0,0.0,0.0,0.0
2022-02-21,0.0,0.0,0.0,0.0,0.0
2022-02-22,0.0,0.0,0.0,0.0,0.0
2022-02-23,0.0,0.0,0.0,0.0,0.0
2022-02-24,0.0,0.0,0.0,0.0,0.0
2022-02-25,0.0,0.0,0.0,0.0,0.0
2022-02-26,0.0,0.0,0.0,0.0,0.0
2022-02-27,0.0,0.0,0.0,0.0,0.0
2022-02-28,0.0,0.0,0.0,0.0,0.0
2022-03-01,0.0,0.0,0.0,0.0,0.0
2022-03-02,0.0,0.0,0.0,0.0,0.0
2022-03-03,0.0,0.0,0.0,0.0,0.0
2022-03-04,0.0,0.0,0.0,0.0,0.0
2022-03-05,0.0,0.0,0.0,0.0,0.0
2022-03-06,0.0,0.0,0.0,0.0,0.0
2022-03-07,0.0,0.0,0.0,0.0,0.0
2022-03-08,0.0,0.0,0.0,0.0,0.0
2022-03-09,0.0,0.0,0.0,0.0,0.0
2022-03-10,0.0,0.0,0.0,0.0,0.0
2022-03-11,0.0,0.0,0.0,0.0,0.0
2022-03-12,0.0,0.0,0.0,0.0,0.0
2022-03-13,0.0,0.0,0.0,0.0,0.0
2022-03-14,0.0,0.0,0.0,0.0,0.0
2022-03-15,0.0,0.0,0.0,0.0,0.0
2022-03-16,0.0,0.0,0.0,0.0,0.0
2022-03-17,0.0,0.0,0.0,0.0,0.0
2022-03-18,0.0,0.0,0.0,0.0,0.0
2022-03-19,0.0,0.0,0.0,0.0,0.0
2022-03-20,0.0,0.0,0.0,0.0,0.0
2022-03-21,0.0,0.0,0.0,0.0,0.0
2022-03-22,0.0,0.0,0.0,0.0,0.0
2022-03-23,0.0,0.0,0.0,0.0,0.0
2022-03-24,0.0,0.0,0.0,0.0,0.0
2022-03-25,0.0,0.0,0.0,0.0,0.0
2022-03-26,0.0,0.0,0.0,0.0,0.0
2022-03-27,0.0,19.29,15.25,1.19,1.57
2022-03-28,2.277,68.19,13.2,23.73,31.26
2022-03-29,0.044,35.38,16.91,7.02,11.45
2022-03-30,0.005,14.72,13.76,0.0,0.97
2022-03-31,0.003,14.93,13.97,0.0,0.94
2022-04-01,0.002,15.58,14.64,0.0,0.94
2022-04-02,0.001,17.02,16.03,0.0,0.93
2022-04-03,0.0,11.57,10.16,0.0,0.84
2022-04-04,0.0,9.26,9.33,0.0,0.89
2022-04-05,0.0,9.26,9.21,0.0,0.88
2022-04-06,0.0,11.57,11.32,0.0,1.06
2022-04-07,0.0,11.57,11.64,0.0,1.04
2022-04-08,0.0,5.79,6.56,0.0,0.52
2022-04-09,0.0,0.0,0.0,0.0,0.0
2022-04-10,0.0,0.0,0.0,0.0,0.0
2022-04-11,0.0,0.0,0.0,0.0,0.0
2022-04-12,0.0,0.0,0.0,0.0,0.0
2022-04-13,0.0,0.0,0.0,0.0,0.0
2022-04-14,0.0,0.0,0.0,0.0,0.0
2022-04-15,0.0,0.0,0.0,0.0,0.0
2022-04-16,4.621,120.61,17.23,44.64,58.74
2022-04-17,0.066,46.83,17.25,12.0,17.58
2022-04-18,0.005,14.53,13.48,0.0,1.04
2022-04-19,0.003,13.4,12.49,0.0,0.93
2022-04-20,0.003,14.38,13.39,0.0,0.96
2022-04-21,2.711,89.77,13.8,32.79,43.17
2022-04-22,0.568,61.39,14.24,20.29,26.86
2022-04-23,0.028,29.11,16.22,4.45,8.44
2022-04-24,0.006,14.35,13.39,0.0,0.96
2022-04-25,0.003,15.0,14.06,0.0,0.95
2022-04-26,0.001,12.25,11.39,0.0,0.89
2022-04-27,0.0,11.25,10.27,0.0,0.94
2022-04-28,0.0,9.72,9.15,0.0,0.93
2022-04-29,0.0,10.47,9.27,0.0,0.94
2022-04-30,0.0,10.21,8.9,0.0,0.91
2022-05-01,0.0,9.09,8.75,0.0,0.89
2022-05-02,0.0,9.47,8.49,0.0,0.88
2022-05-03,0.0,10.13,9.69,0.0,1.0
2022-05-04,0.0,9.92,9.1,0.0,0.94
2022-05-05,0.0,9.26,9.29,0.0,0.95
2022-05-06,0.0,11.57,10.36,0.0,1.06
2022-05-07,0.0,7.72,8.81,0.0,0.88
2022-05-08,0.0,0.0,0.0,0.0,0.0
2022-05-09,0.0,0.0,0.0,0.0,0.0
2022-05-10,0.0,0.0,0.0,0.0,0.0
2022-05-11,0.0,0.0,0.0,0.0,0.0
2022-05-12,0.0,0.0,0.0,0.0,0.0
2022-05-13,0.0,0.0,0.0,0.0,0.0
2022-05-14,0.0,0.0,0.0,0.0,0.0
2022-05-15,0.0,0.0,0.0,0.0,0.0
2022-05-16,0.0,0.0,0.0,0.0,0.0
2022-05-17,0.0,0.0,0.0,0.0,0.0
2022-05-18,0.0,0.0,0.0,0.0,0.0
2022-05-19,0.0,0.0,0.0,0.0,0.0
2022-05-20,0.0,0.0,0.0,0.0,0.0
2022-05-21,0.0,0.0,0.0,0.0,0.0
2022-05-22,0.0,0.0,0.0,0.0,0.0
2022-05-23,0.0,0.0,0.0,0.0,0.0
2022-05-24,0.0,0.0,0.0,0.0,0.0
2022-05-25,0.0,0.0,0.0,0.0,0.0
2022-05-26,0.0,0.0,0.0,0.0,0.0
2022-05-27,0.0,0.0,0.0,0.0,0.0
2022-05-28,0.0,0.0,0.0,0.0,0.0
2022-05-29,0.0,0.0,0.0,0.0,0.0
2022-05-30,0.0,0.0,0.0,0.0,0.0
2022-05-31,0.0,0.0,0.0,0.0,0.0
2022-06-01,0.0,0.0,0.0,0.0,0.0
2022-06-02,0.0,0.0,0.0,0.0,0.0
2022-06-03,0.0,0.0,0.0,0.0,0.0
2022-06-04,0.0,0.0,0.0,0.0,0.0
2022-06-05,0.076,21.4,12.37,3.42,5.62
2022-06-06,0.008,16.58,14.99,0.0,1.58
2022-06-07,0.0,17.36,17.14,0.0,0.14
2022-06-08,0.0,0.0,0.0,0.0,0.0
2022-06-09,0.0,0.0,0.0,0.0,0.0
2022-06-10,0.0,0.0,0.0,0.0,0.0
2022-06-11,0.0,0.0,0.0,0.0,0.0
2022-06-12,0.0,0.0,0.0,0.0,0.0
2022-06-13,0.0,0.0,0.0,0.0,0.0
2022-06-14,0.0,0.0,0.0,0.0,0.0
2022-06-15,0.0,0.0,0.0,0.0,0.0
2022-06-16,0.0,0.0,0.0,0.0,0.0
2022-06-17,0.0,0.0,0.0,0.0,0.0
2022-06-18,0.0,0.0,0.0,0.0,0.0
2022-06-19,0.0,0.0,0.0,0.0,0.0
2022-06-20,0.0,0.0,0.0,0.0,0.0
2022-06-21,0.0,0.0,0.0,0.0,0.0
2022-06-22,0.0,0.0,0.0,0.0,0.0
2022-06-23,0.0,0.0,0.0,0.0,0.0
2022-06-24,0.0,0.0,0.0,0.0,0.0
2022-06-25,0.0,0.0,0.0,0.0,0.0
2022-06-26,0.0,0.0,0.0,0.0,0.0
2022-06-27,0.0,0.0,0.0,0.0,0.0
2022-06-28,0.0,0.0,0.0,0.0,0.0
2022-06-29,0.0,0.0,0.0,0.0,0.0
2022-06-30,0.0,0.0,0.0,0.0,0.0
2022-07-01,0.0,0.0,0.0,0.0,0.0
2022-07-02,0.0,0.0,0.0,0.0,0.0
2022-07-03,0.0,0.0,0.0,0.0,0.0
2022-07-04,0.0,0.0,0.0,0.0,0.0
2022-07-05,0.0,0.0,0.0,0.0,0.0
2022-07-06,0.0,0.0,0.0,0.0,0.0
2022-07-07,0.0,0.0,0.0,0.0,0.0
2022-07-08,0.0,0.0,0.0,0.0,0.0
2022-07-09,0.0,0.0,0.0,0.0,0.0
2022-07-10,0.0,0.0,0.0,0.0,0.0
2022-07-11,0.0,0.0,0.0,0.0,0.0
2022-07-12,0.0,0.0,0.0,0.0,0.0
2022-07-13,0.0,0.0,0.0,0.0,0.0
2022-07-14,0.0,0.0,0.0,0.0,0.0
2022-07-15,0.0,0.0,0.0,0.0,0.0
2022-07-16,0.0,0.0,0.0,0.0,0.0
2022-07-17,0.0,0.0,0.0,0.0,0.0
2022-07-18,0.0,0.0,0.0,0.0,0.0
2022-07-19,0.0,0.0,0.0,0.0,0.0
2022-07-20,0.0,0.0,0.0,0.0,0.0
2022-07-21,0.0,0.0,0.0,0.0,0.0
2022-07-22,0.0,0.0,0.0,0.0,0.0
2022-07-23,0.0,0.0,0.0,0.0,0.0
2022-07-24,0.0,0.0,0.0,0.0,0.0
2022-07-25,0.0,0.0,0.0,0.0,0.0
2022-07-26,0.0,0.0,0.0,0.0,0.0
2022-07-27,0.0,0.0,0.0,0.0,0.0
2022-07-28,0.0,0.0,0.0,0.0,0.0
2022-07-29,0.0,0.0,0.0,0.0,0.0
2022-07-30,0.0,0.0,0.0,0.0,0.0
2022-07-31,0.0,0.0,0.0,0.0,0.0
2022-08-01,0.0,0.0,0.0,0.0,0.0
2022-08-02,0.0,0.0,0.0,0.0,0.0
2022-08-03,0.0,0.0,0.0,0.0,0.0
2022-08-04,0.0,0.0,0.0,0.0,0.0
2022-08-05,0.0,0.0,0.0,0.0,0.0
2022-08-06,0.0,0.0,0.0,0.0,0.0
2022-08-07,0.0,0.0,0.0,0.0,0.0
2022-08-08,0.0,0.0,0.0,0.0,0.0
2022-08-09,0.0,0.0,0.0,0.0,0.0
2022-08-10,0.0,0.0,0.0,0.0,0.0
2022-08-11,0.0,0.0,0.0,0.0,0.0
2022-08-12,0.0,0.0,0.0,0.0,0.0
2022-08-13,0.0,0.0,0.0,0.0,0.0
2022-08-14,0.0,0.0,0.0,0.0,0.0
2022-08-15,0.0,0.0,0.0,0.0,0.0
2022-08-16,0.0,0.0,0.0,0.0,0.0
2022-08-17,0.0,0.0,0.0,0.0,0.0
2022-08-18,0.0,0.0,0.0,0.0,0.0
2022-08-19,0.0,0.0,0.0,0.0,0.0
2022-08-20,0.0,0.0,0.0,0.0,0.0
2022-08-21,0.0,0.0,0.0,0.0,0.0
2022-08-22,0.0,0.0,0.0,0.0,0.0
2022-08-23,0.0,0.0,0.0,0.0,0.0
2022-08-24,0.0,0.0,0.0,0.0,0.0
2022-08-25,0.0,0.0,0.0,0.0,0.0
2022-08-26,0.0,0.0,0.0,0.0,0.0
2022-08-27,0.0,0.0,0.0,0.0,0.0
2022-08-28,0.0,0.0,0.0,0.0,0.0
2022-08-29,0.0,0.0,0.0,0.0,0.0
2022-08-30,0.0,0.0,0.0,0.0,0.0
2022-08-31,0.0,0.0,0.0,0.0,0.0
2022-09-01,0.0,0.0,0.0,0.0,0.0
2022-09-02,0.0,0.0,0.0,0.0,0.0
2022-09-03,0.0,0.0,0.0,0.0,0.0
2022-09-04,0.0,0.0,0.0,0.0,0.0
2022-09-05,0.0,0.0,0.0,0.0,0.0
2022-09-06,0.0,0.0,0.0,0.0,0.0
2022-09-07,0.0,0.0,0.0,0.0,0.0
2022-09-08,0.0,0.0,0.0,0.0,0.0
2022-09-09,0.0,0.0,0.0,0.0,0.0
2022-09-10,0.0,0.0,0.0,0.0,0.0
2022-09-11,0.0,0.0,0.0,0.0,0.0
2022-09-12,0.0,0.0,0.0,0.0,0.0
2022-09-13,0.0,0.0,0.0,0.0,0.0
2022-09-14,0.0,0.0,0.0,0.0,0.0
2022-09-15,0.0,0.0,0.0,0.0,0.0
2022-09-16,0.0,0.0,0.0,0.0,0.0
2022-09-17,0.0,0.0,0.0,0.0,0.0
2022-09-18,0.0,0.0,0.0,0.0,0.0
2022-09-19,0.0,0.0,0.0,0.0,0.0
2022-09-20,0.0,0.0,0.0,0.0,0.0
2022-09-21,0.0,0.0,0.0,0.0,0.0
2022-09-22,0.0,0.0,0.0,0.0,0.0
2022-09-23,0.0,0.0,0.0,0.0,0.0
2022-09-24,0.0,0.0,0.0,0.0,0.0
2022-09-25,0.0,0.0,0.0,0.0,0.0
2022-09-26,0.0,0.0,0.0,0.0,0.0
2022-09-27,0.0,0.0,0.0,0.0,0.0
2022-09-28,0.0,0.0,0.0,0.0,0.0
2022-09-29,0.0,0.0,0.0,0.0,0.0
2022-09-30,0.0,0.0,0.0,0.0,0.0
2022-10-01,0.0,0.0,0.0,0.0,0.0
2022-10-02,0.0,0.0,0.0,0.0,0.0
2022-10-03,0.0,0.0,0.0,0.0,0.0
2022-10-04,0.0,0.0,0.0,0.0,0.0
2022-10-05,0.0,0.0,0.0,0.0,0.0
2022-10-06,0.0,0.0,0.0,0.0,0.0
2022-10-07,0.0,0.0,0.0,0.0,0.0
2022-10-08,0.0,0.0,0.0,0.0,0.0
2022-10-09,0.0,0.0,0.0,0.0,0.0
2022-10-10,0.0,0.0,0.0,0.0,0.0
2022-10-11,0.0,0.0,0.0,0.0,0.0
2022-10-12,0.0,0.0,0.0,0.0,0.0
2022-10-13,0.0,0.0,0.0,0.0,0.0
2022-10-14,0.0,0.0,0.0,0.0,0.0
2022-10-15,0.0,0.0,0.0,0.0,0.0
2022-10-16,0.0,0.0,0.0,0.0,0.0
2022-10-17,0.0,0.0,0.0,0.0,0.0
2022-10-18,0.0,0.0,0.0,0.0,0.0
2022-10-19,0.0,0.0,0.0,0.0,0.0
2022-10-20,0.0,0.0,0.0,0.0,0.0
2022-10-21,0.0,0.0,0.0,0.0,0.0
2022-10-22,0.0,0.0,0.0,0.0,0.0
2022-10-23,0.0,0.0,0.0,0.0,0.0
2022-10-24,0.0,0.0,0.0,0.0,0.0
2022-10-25,0.0,0.0,0.0,0.0,0.0
2022-10-26,0.0,0.0,0.0,0.0,0.0
2022-10-27,0.0,0.0,0.0,0.0,0.0
2022-10-28,0.0,0.0,0.0,0.0,0.0
2022-10-29,0.0,0.0,0.0,0.0,0.0
2022-10-30,0.0,0.0,0.0,0.0,0.0
2022-10-31,0.0,0.0,0.0,0.0,0.0
2022-11-01,0.77,68.93,12.02,24.56,32.36
2022-11-02,0.1,51.5,16.66,14.47,20.37
2022-11-03,0.0,19.95,17.67,0.0,2.3
2022-11-04,0.0,11.57,8.92,0.0,0.87
2022-11-05,0.0,8.68,9.23,0.0,1.0
2022-11-06,0.0,7.72,8.86,0.0,0.89
2022-11-07,0.0,0.0,8.01,0.0,0.88
2022-11-08,10.376,262.86,22.24,103.9,136.72
2022-11-09,0.493,54.65,16.68,16.34,21.63
2022-11-10,0.004,17.14,14.67,0.0,2.46
2022-11-11,0.002,10.13,9.19,0.0,0.93
2022-11-12,0.001,10.08,9.15,0.0,0.94
2022-11-13,0.001,9.95,9.06,0.0,0.93
2022-11-14,0.001,9.94,9.1,0.0,0.93
2022-11-15,0.001,10.08,9.08,0.0,0.93
2022-11-16,0.001,10.15,9.07,0.0,0.93
2022-11-17,0.001,9.95,9.02,0.0,0.93
2022-11-18,0.001,9.92,9.06,0.0,0.93
2022-11-19,0.0,10.0,9.09,0.0,0.93
2022-11-20,0.0,9.79,8.91,0.0,0.92
2022-11-21,0.0,10.17,9.21,0.0,0.95
2022-11-22,0.0,10.03,9.12,0.0,0.94
2022-11-23,0.0,10.29,9.06,0.0,0.94
2022-11-24,0.0,9.47,8.69,0.0,0.89
2022-11-25,0.0,9.65,9.04,0.0,0.94
2022-11-26,0.0,10.13,8.94,0.0,0.93
2022-11-27,0.0,10.03,8.74,0.0,0.91
2022-11-28,0.0,10.61,8.83,0.0,0.91
2022-11-29,0.0,9.0,8.84,0.0,0.93
2022-11-30,0.0,9.0,9.0,0.0,0.94
2022-12-01,6.533,202.2,19.96,78.69,103.54
2022-12-02,0.203,63.75,17.45,19.74,26.56
2022-12-03,8.044,142.9,20.32,52.93,69.65
2022-12-04,1.735,73.05,14.46,25.3,33.3
2022-12-05,1.985,69.8,14.6,23.83,31.37
2022-12-06,0.038,36.26,16.95,7.33,11.98
2022-12-07,0.005,11.9,10.94,0.0,0.96
2022-12-08,0.004,11.83,10.9,0.0,0.94
2022-12-09,0.002,10.89,9.98,0.0,0.94
2022-12-10,9.053,167.84,20.63,63.57,83.64
2022-12-11,7.153,94.51,15.86,33.96,44.69
2022-12-12,2.367,105.73,18.97,37.46,49.3
2022-12-13,0.024,21.62,14.6,1.76,5.27
2022-12-14,0.011,12.6,11.64,0.0,0.96
2022-12-15,0.009,12.67,11.71,0.0,0.96
2022-12-16,0.008,12.97,12.02,0.0,0.95
2022-12-17,0.006,13.03,12.09,0.0,0.95
2022-12-18,0.006,13.25,12.31,0.0,0.94
2022-12-19,0.004,13.67,12.73,0.0,0.94
2022-12-20,0.002,13.4,12.47,0.0,0.93
2022-12-21,0.002,13.56,12.6,0.0,0.93
2022-12-22,0.002,14.13,13.17,0.0,0.94
2022-12-23,0.001,13.15,12.26,0.0,0.92
2022-12-24,0.002,14.37,13.46,0.0,0.93
2022-12-25,0.001,14.93,13.97,0.0,0.93
2022-12-26,0.616,29.94,2.96,11.65,15.33
2022-12-27,23.355,386.97,32.13,148.9,205.94
2022-12-28,0.198,53.87,16.68,15.22,21.97
2022-12-29,4.487,68.44,12.48,24.16,31.8
2022-12-30,13.707,114.93,19.06,41.4,54.47
2022-12-31,57.754,834.48,44.53,334.5,455.44
2023-01-01,52.726,6728.31,52.35,2875.02,3800.92
2023-01-02,4.25,112.24,16.65,41.26,54.32
2023-01-03,2.102,57.74,16.68,17.73,23.33
2023-01-04,13.125,297.69,22.63,118.22,156.85
2023-01-05,11.67,117.27,21.17,41.49,54.61
2023-01-06,1.524,22.17,13.93,3.55,4.68
2023-01-07,2.089,67.52,10.62,24.57,32.33
2023-01-08,6.008,117.72,16.84,43.56,57.31
2023-01-09,20.014,261.93,30.08,98.29,133.55
2023-01-10,10.018,115.65,18.62,41.89,55.13
2023-01-11,8.747,96.26,18.75,33.47,44.04
2023-01-12,2.302,21.74,13.67,3.48,4.58
2023-01-13,6.511,87.16,17.33,30.15,39.67
2023-01-14,16.705,228.89,25.98,86.44,116.47
2023-01-15,12.674,91.3,18.13,31.59,41.58
2023-01-16,17.021,208.5,28.82,76.6,103.08
2023-01-17,2.694,15.59,12.99,1.12,1.48
2023-01-18,1.817,14.81,12.81,0.86,1.14
2023-01-19,1.261,14.71,12.71,0.86,1.14
2023-01-20,0.886,14.62,12.62,0.86,1.14
2023-01-21,0.638,14.54,12.54,0.86,1.14
2023-01-22,0.459,14.5,12.5,0.86,1.14
2023-01-23,0.324,14.41,12.41,0.86,1.13
2023-01-24,0.242,14.38,12.38,0.86,1.14
2023-01-25,0.177,14.33,12.35,0.85,1.14
2023-01-26,0.125,14.15,12.31,0.71,1.13
2023-01-27,0.096,13.83,12.26,0.42,1.14
2023-01-28,0.071,13.67,12.26,0.28,1.13
2023-01-29,0.049,13.52,12.37,0.03,1.12
2023-01-30,0.025,13.4,12.36,0.0,1.03
2023-01-31,0.018,13.13,12.13,0.0,1.0
2023-02-01,0.016,13.27,12.28,0.0,0.99
2023-02-02,0.012,13.37,12.39,0.0,0.98
2023-02-03,2.753,131.5,15.11,50.26,66.13
2023-02-04,2.686,68.0,12.6,23.92,31.48
2023-02-05,2.477,45.72,13.66,13.85,18.22
2023-02-06,0.356,15.78,13.16,1.13,1.49
2023-02-07,0.25,14.78,12.78,0.86,1.14
2023-02-08,0.187,14.68,12.71,0.83,1.14
2023-02-09,0.139,14.52,12.64,0.75,1.14
2023-02-10,0.103,14.26,12.62,0.5,1.14
2023-02-11,0.079,13.84,12.39,0.32,1.13
2023-02-12,0.057,13.67,12.46,0.09,1.12
2023-02-13,0.041,13.59,12.47,0.02,1.11
2023-02-14,0.021,13.67,12.64,0.0,1.02
2023-02-15,0.016,12.97,11.97,0.0,1.0
2023-02-16,0.014,13.16,12.17,0.0,0.99
2023-02-17,0.01,13.08,12.12,0.0,0.96
2023-02-18,0.007,12.85,11.88,0.0,0.96
2023-02-19,0.006,12.82,11.89,0.0,0.95
2023-02-20,0.004,12.67,11.71,0.0,0.95
2023-02-21,0.001,12.69,11.75,0.0,0.95
2023-02-22,0.0,0.0,0.0,0.0,0.0
2023-02-23,0.0,0.0,0.0,0.0,0.0
2023-02-24,9.278,221.98,21.57,86.33,114.07
2023-02-25,0.789,25.92,13.25,5.47,7.2
2023-02-26,3.425,93.23,13.44,34.45,45.33
2023-02-27,5.984,99.01,16.19,35.76,47.06
2023-02-28,5.201,78.15,15.15,27.2,35.79
2023-03-01,1.178,27.54,14.26,5.73,7.54
2023-03-02,0.614,14.95,12.93,0.87,1.14
2023-03-03,0.482,14.87,12.87,0.86,1.14
2023-03-04,0.378,14.82,12.82,0.86,1.14
2023-03-05,1.839,52.77,12.93,17.2,22.64
2023-03-06,0.347,16.37,13.23,1.36,1.78
2023-03-07,0.571,44.67,14.47,13.04,17.16
2023-03-08,2.402,81.04,13.47,29.18,38.39
2023-03-09,13.625,292.66,26.35,112.98,153.33
2023-03-10,11.023,161.05,26.45,57.72,76.87
2023-03-11,1.78,20.63,12.85,3.36,4.42
2023-03-12,1.729,25.17,12.76,5.36,7.05
2023-03-13,0.826,15.08,12.9,0.94,1.24
2023-03-14,8.573,167.55,21.62,63.02,82.92
2023-03-15,1.012,17.35,13.11,1.83,2.41
2023-03-16,0.7,14.72,12.71,0.86,1.14
2023-03-17,0.521,14.64,12.64,0.86,1.14
2023-03-18,0.387,14.58,12.59,0.86,1.14
2023-03-19,6.455,102.34,16.83,36.92,48.59
2023-03-20,1.404,28.1,13.0,6.52,8.58
2023-03-21,13.664,164.49,20.64,62.12,81.74
2023-03-22,5.978,121.13,22.01,42.8,56.32
2023-03-23,1.323,15.17,12.9,0.98,1.29
2023-03-24,0.916,14.73,12.73,0.86,1.14
2023-03-25,0.656,14.66,12.66,0.86,1.14
2023-03-26,0.473,14.59,12.59,0.86,1.14
2023-03-27,0.348,14.53,12.53,0.86,1.14
2023-03-28,6.394,139.75,18.4,52.4,68.95
2023-03-29,9.568,134.48,19.58,49.62,65.29
2023-03-30,1.321,22.16,13.57,3.71,4.88
2023-03-31,0.791,14.82,12.81,0.87,1.14
2023-04-01,0.566,14.73,12.73,0.86,1.14
2023-04-02,0.403,14.69,12.7,0.86,1.14
2023-04-03,0.269,14.68,12.68,0.86,1.13
2023-04-04,0.192,14.53,12.57,0.82,1.14
2023-04-05,0.138,14.39,12.51,0.75,1.14
2023-04-06,0.098,14.06,12.45,0.47,1.14
2023-04-07,0.073,13.78,12.32,0.33,1.13
2023-04-08,0.048,13.58,12.41,0.06,1.11
2023-04-09,0.032,13.46,12.36,0.01,1.09
2023-04-10,0.022,13.33,12.28,0.0,1.04
2023-04-11,0.014,13.4,12.39,0.0,1.01
2023-04-12,0.006,12.99,12.04,0.0,0.96
2023-04-13,0.003,12.53,11.59,0.0,0.94
2023-04-14,0.002,12.4,11.45,0.0,0.95
2023-04-15,0.001,11.72,10.76,0.0,0.94
2023-04-16,0.0,13.68,12.48,0.0,0.91
2023-04-17,0.0,13.89,13.01,0.0,0.94
2023-04-18,0.0,11.57,11.03,0.0,0.82
2023-04-19,0.0,0.0,0.0,0.0,0.0
2023-04-20,0.0,0.0,0.0,0.0,0.0
2023-04-21,0.0,0.0,0.0,0.0,0.0
2023-04-22,0.0,0.0,0.0,0.0,0.0
2023-04-23,0.0,0.0,0.0,0.0,0.0
2023-04-24,0.0,0.0,0.0,0.0,0.0
2023-04-25,0.0,0.0,0.0,0.0,0.0
2023-04-26,0.0,0.0,0.0,0.0,0.0
2023-04-27,0.0,0.0,0.0,0.0,0.0
2023-04-28,0.0,0.0,0.0,0.0,0.0
2023-04-29,0.0,0.0,0.0,0.0,0.0
2023-04-30,0.0,0.0,0.0,0.0,0.0
2023-05-01,0.0,0.0,0.0,0.0,0.0
2023-05-02,0.425,51.55,7.2,19.15,25.21
2023-05-03,5.42,111.98,16.23,41.35,54.4
2023-05-04,0.495,30.98,15.02,6.89,9.07
2023-05-05,0.17,14.86,12.92,0.78,1.15
2023-05-06,0.333,27.29,12.17,6.52,8.6
2023-05-07,0.126,15.44,13.03,0.96,1.44
2023-05-08,0.091,14.46,12.87,0.47,1.13
2023-05-09,0.066,14.33,12.83,0.38,1.12
2023-05-10,0.05,14.12,12.79,0.21,1.12
2023-05-11,0.038,13.91,12.77,0.04,1.1
2023-05-12,0.029,13.86,12.76,0.01,1.08
2023-05-13,0.023,13.78,12.72,0.01,1.05
2023-05-14,0.017,13.74,12.72,0.0,1.02
2023-05-15,0.013,13.71,12.71,0.0,1.0
2023-05-16,0.009,13.73,12.76,0.0,0.98
2023-05-17,0.006,13.82,12.86,0.0,0.96
2023-05-18,0.003,14.03,13.06,0.0,0.95
2023-05-19,0.001,14.17,13.2,0.0,0.95
2023-05-20,0.0,14.15,12.98,0.0,0.86
2023-05-21,0.0,0.0,8.52,0.0,0.77
2023-05-22,0.0,0.0,0.0,0.0,0.0
2023-05-23,0.0,0.0,0.0,0.0,0.0
2023-05-24,0.0,0.0,0.0,0.0,0.0
2023-05-25,0.0,0.0,0.0,0.0,0.0
2023-05-26,0.0,0.0,0.0,0.0,0.0
2023-05-27,0.0,0.0,0.0,0.0,0.0
2023-05-28,0.0,0.0,0.0,0.0,0.0
2023-05-29,0.0,0.0,0.0,0.0,0.0
2023-05-30,0.0,0.0,0.0,0.0,0.0
2023-05-31,0.0,0.0,0.0,0.0,0.0
2023-06-01,0.0,0.0,0.0,0.0,0.0
2023-06-02,0.0,0.0,0.0,0.0,0.0
2023-06-03,0.0,0.0,0.0,0.0,0.0
2023-06-04,0.0,0.0,0.0,0.0,0.0
2023-06-05,0.0,0.0,0.0,0.0,0.0
2023-06-06,0.0,0.0,0.0,0.0,0.0
2023-06-07,0.0,0.0,0.0,0.0,0.0
2023-06-08,0.0,0.0,0.0,0.0,0.0
2023-06-09,0.0,0.0,0.0,0.0,0.0
2023-06-10,0.0,0.0,0.0,0.0,0.0
2023-06-11,0.0,0.0,0.0,0.0,0.0
2023-06-12,0.0,0.0,0.0,0.0,0.0
2023-06-13,0.0,0.0,0.0,0.0,0.0
2023-06-14,0.0,0.0,0.0,0.0,0.0
2023-06-15,0.0,0.0,0.0,0.0,0.0
2023-06-16,0.0,0.0,0.0,0.0,0.0
2023-06-17,0.0,0.0,0.0,0.0,0.0
2023-06-18,0.0,0.0,0.0,0.0,0.0
2023-06-19,0.0,0.0,0.0,0.0,0.0
2023-06-20,0.0,0.0,0.0,0.0,0.0
2023-06-21,0.0,0.0,0.0,0.0,0.0
2023-06-22,0.0,0.0,0.0,0.0,0.0
2023-06-23,0.0,0.0,0.0,0.0,0.0
2023-06-24,0.0,0.0,0.0,0.0,0.0
2023-06-25,0.0,0.0,0.0,0.0,0.0
2023-06-26,0.0,0.0,0.0,0.0,0.0
2023-06-27,0.0,0.0,0.0,0.0,0.0
2023-06-28,0.0,0.0,0.0,0.0,0.0
2023-06-29,0.0,0.0,0.0,0.0,0.0
2023-06-30,0.0,0.0,0.0,0.0,0.0
2023-07-01,0.0,0.0,0.0,0.0,0.0
2023-07-02,0.0,0.0,0.0,0.0,0.0
2023-07-03,0.0,0.0,0.0,0.0,0.0
2023-07-04,0.0,0.0,0.0,0.0,0.0
2023-07-05,0.0,0.0,0.0,0.0,0.0
2023-07-06,0.0,0.0,0.0,0.0,0.0
2023-07-07,0.0,0.0,0.0,0.0,0.0
2023-07-08,0.0,0.0,0.0,0.0,0.0
2023-07-09,0.0,0.0,0.0,0.0,0.0
2023-07-10,0.0,0.0,0.0,0.0,0.0
2023-07-11,0.0,0.0,0.0,0.0,0.0
2023-07-12,0.0,0.0,0.0,0.0,0.0
2023-07-13,0.0,0.0,0.0,0.0,0.0
2023-07-14,0.0,0.0,0.0,0.0,0.0
2023-07-15,0.0,0.0,0.0,0.0,0.0
2023-07-16,0.0,0.0,0.0,0.0,0.0
2023-07-17,0.0,0.0,0.0,0.0,0.0
2023-07-18,0.0,0.0,0.0,0.0,0.0
2023-07-19,0.0,0.0,0.0,0.0,0.0
2023-07-20,0.0,0.0,0.0,0.0,0.0
2023-07-21,0.0,0.0,0.0,0.0,0.0
2023-07-22,0.0,0.0,0.0,0.0,0.0
2023-07-23,0.0,0.0,0.0,0.0,0.0
2023-07-24,0.0,0.0,0.0,0.0,0.0
2023-07-25,0.0,0.0,0.0,0.0,0.0
2023-07-26,0.0,0.0,0.0,0.0,0.0
2023-07-27,0.0,0.0,0.0,0.0,0.0
2023-07-28,0.0,0.0,0.0,0.0,0.0
2023-07-29,0.0,0.0,0.0,0.0,0.0
2023-07-30,0.0,0.0,0.0,0.0,0.0
2023-07-31,0.0,0.0,0.0,0.0,0.0
2023-08-01,0.0,0.0,0.0,0.0,0.0
2023-08-02,0.0,0.0,0.0,0.0,0.0
2023-08-03,0.0,0.0,0.0,0.0,0.0
2023-08-04,0.0,0.0,0.0,0.0,0.0
2023-08-05,0.0,0.0,0.0,0.0,0.0
2023-08-06,0.0,0.0,0.0,0.0,0.0
2023-08-07,0.0,0.0,0.0,0.0,0.0
2023-08-08,0.0,0.0,0.0,0.0,0.0
2023-08-09,0.0,0.0,0.0,0.0,0.0
2023-08-10,0.0,0.0,0.0,0.0,0.0
2023-08-11,0.0,0.0,0.0,0.0,0.0
2023-08-12,0.0,0.0,0.0,0.0,0.0
2023-08-13,0.0,0.0,0.0,0.0,0.0
2023-08-14,0.0,0.0,0.0,0.0,0.0
2023-08-15,0.0,0.0,0.0,0.0,0.0
2023-08-16,0.0,0.0,0.0,0.0,0.0
2023-08-17,0.0,0.0,0.0,0.0,0.0
2023-08-18,0.0,0.0,0.0,0.0,0.0
2023-08-19,0.0,0.0,0.0,0.0,0.0
2023-08-20,0.0,0.0,0.0,0.0,0.0
2023-08-21,0.0,0.0,0.0,0.0,0.0
2023-08-22,0.0,0.0,0.0,0.0,0.0
2023-08-23,0.0,0.0,0.0,0.0,0.0
2023-08-24,0.0,0.0,0.0,0.0,0.0
2023-08-25,0.0,0.0,0.0,0.0,0.0
2023-08-26,0.0,0.0,0.0,0.0,0.0
2023-08-27,0.0,0.0,0.0,0.0,0.0
2023-08-28,0.0,0.0,0.0,0.0,0.0
2023-08-29,0.0,0.0,0.0,0.0,0.0
2023-08-30,0.0,0.0,0.0,0.0,0.0
2023-08-31,0.0,0.0,0.0,0.0,0.0
2023-09-01,0.0,0.0,0.0,0.0,0.0
2023-09-02,0.0,0.0,0.0,0.0,0.0
2023-09-03,0.0,0.0,0.0,0.0,0.0
2023-09-04,0.0,0.0,0.0,0.0,0.0
2023-09-05,0.0,0.0,0.0,0.0,0.0
2023-09-06,0.0,0.0,0.0,0.0,0.0
2023-09-07,0.0,0.0,0.0,0.0,0.0
2023-09-08,0.0,0.0,0.0,0.0,0.0
2023-09-09,0.0,0.0,0.0,0.0,0.0
2023-09-10,0.0,0.0,0.0,0.0,0.0
2023-09-11,0.0,0.0,0.0,0.0,0.0
2023-09-12,0.0,0.0,0.0,0.0,0.0
2023-09-13,0.0,0.0,0.0,0.0,0.0
2023-09-14,0.0,0.0,0.0,0.0,0.0
2023-09-15,0.0,0.0,0.0,0.0,0.0
2023-09-16,0.0,0.0,0.0,0.0,0.0
2023-09-17,0.0,0.0,0.0,0.0,0.0
2023-09-18,0.0,0.0,0.0,0.0,0.0
2023-09-19,0.0,0.0,0.0,0.0,0.0
2023-09-20,0.0,0.0,0.0,0.0,0.0
2023-09-21,0.0,0.0,0.0,0.0,0.0
2023-09-22,0.0,0.0,0.0,0.0,0.0
2023-09-23,0.0,0.0,0.0,0.0,0.0
2023-09-24,0.0,0.0,0.0,0.0,0.0
2023-09-25,0.0,0.0,0.0,0.0,0.0
2023-09-26,0.0,0.0,0.0,0.0,0.0
2023-09-27,0.0,0.0,0.0,0.0,0.0
2023-09-28,0.0,0.0,0.0,0.0,0.0
2023-09-29,0.0,0.0,0.0,0.0,0.0
2023-09-30,0.0,0.0,0.0,0.0,0.0
2023-10-01,0.0,0.0,0.0,0.0,0.0
2023-10-02,0.0,0.0,0.0,0.0,0.0
2023-10-03,0.0,0.0,0.0,0.0,0.0
2023-10-04,0.0,0.0,0.0,0.0,0.0
2023-10-05,0.0,0.0,0.0,0.0,0.0
2023-10-06,0.0,0.0,0.0,0.0,0.0
2023-10-07,0.0,0.0,0.0,0.0,0.0
2023-10-08,0.0,0.0,0.0,0.0,0.0
2023-10-09,0.0,0.0,0.0,0.0,0.0
2023-10-10,0.0,0.0,0.0,0.0,0.0
2023-10-11,0.0,0.0,0.0,0.0,0.0
2023-10-12,0.0,0.0,0.0,0.0,0.0
2023-10-13,0.0,0.0,0.0,0.0,0.0
2023-10-14,0.0,0.0,0.0,0.0,0.0
2023-10-15,0.0,0.0,0.0,0.0,0.0
2023-10-16,0.0,0.0,0.0,0.0,0.0
2023-10-17,0.0,0.0,0.0,0.0,0.0
2023-10-18,0.0,0.0,0.0,0.0,0.0
2023-10-19,0.0,0.0,0.0,0.0,0.0
2023-10-20,0.0,0.0,0.0,0.0,0.0
2023-10-21,0.0,0.0,0.0,0.0,0.0
2023-10-22,0.0,0.0,0.0,0.0,0.0
2023-10-23,0.0,0.0,0.0,0.0,0.0
2023-10-24,0.0,0.0,0.0,0.0,0.0
2023-10-25,0.0,0.0,0.0,0.0,0.0
2023-10-26,0.0,0.0,0.0,0.0,0.0
2023-10-27,0.0,0.0,0.0,0.0,0.0
2023-10-28,0.0,0.0,0.0,0.0,0.0
2023-10-29,0.0,0.0,0.0,0.0,0.0
2023-10-30,0.0,0.0,0.0,0.0,0.0
2023-10-31,0.0,0.0,0.0,0.0,0.0
2023-11-01,0.0,0.0,0.0,0.0,0.0
2023-11-02,0.0,0.0,0.0,0.0,0.0
2023-11-03,0.0,0.0,0.0,0.0,0.0
2023-11-04,0.0,0.0,0.0,0.0,0.0
2023-11-05,0.0,0.0,0.0,0.0,0.0
2023-11-06,0.0,0.0,0.0,0.0,0.0
2023-11-07,0.0,0.0,0.0,0.0,0.0
2023-11-08,0.0,0.0,0.0,0.0,0.0
2023-11-09,0.0,0.0,0.0,0.0,0.0
2023-11-10,0.0,0.0,0.0,0.0,0.0
2023-11-11,0.0,0.0,0.0,0.0,0.0
2023-11-12,0.0,0.0,0.0,0.0,0.0
2023-11-13,0.0,0.0,0.0,0.0,0.0
2023-11-14,0.0,0.0,0.0,0.0,0.0
2023-11-15,0.0,0.0,0.0,0.0,0.0
2023-11-16,0.0,0.0,0.0,0.0,0.0
2023-11-17,0.945,73.83,9.29,27.86,36.67
2023-11-18,6.66,97.33,16.67,34.83,45.83
2023-11-19,0.153,44.25,17.33,11.4,15.52
2023-11-20,0.002,14.55,13.07,0.0,1.49
2023-11-21,0.001,9.82,8.92,0.0,0.93
2023-11-22,0.001,9.77,8.84,0.0,0.93
2023-11-23,0.001,9.7,8.88,0.0,0.94
2023-11-24,0.001,9.78,8.81,0.0,0.92
2023-11-25,0.0,9.85,8.84,0.0,0.92
2023-11-26,0.0,9.84,8.91,0.0,0.94
2023-11-27,0.0,9.97,8.92,0.0,0.94
2023-11-28,0.0,9.77,9.05,0.0,0.95
2023-11-29,1.516,71.26,12.46,25.39,33.41
2023-11-30,0.032,39.51,17.29,7.84,14.37
2023-12-01,0.001,12.13,11.12,0.0,1.04
2023-12-02,0.0,9.6,8.64,0.0,0.92
2023-12-03,0.0,10.1,9.13,0.0,0.93
2023-12-04,0.0,10.52,9.59,0.0,0.94
2023-12-05,0.0,10.42,9.45,0.0,0.93
2023-12-06,0.18,34.78,8.94,11.01,14.83
2023-12-07,0.543,34.71,13.12,9.28,12.31
2023-12-08,0.045,24.51,16.09,3.13,5.28
2023-12-09,0.001,13.96,13.26,0.0,0.71
2023-12-10,0.0,9.51,8.81,0.0,0.93
2023-12-11,0.0,10.03,8.82,0.0,0.95
2023-12-12,0.0,9.92,8.76,0.0,0.94
2023-12-13,0.0,10.0,8.87,0.0,0.94
2023-12-14,0.0,9.65,8.78,0.0,0.93
2023-12-15,0.0,9.26,8.57,0.0,0.91
2023-12-16,0.0,9.65,8.8,0.0,0.94
2023-12-17,0.0,9.0,9.02,0.0,0.93
2023-12-18,11.072,126.72,19.45,46.32,60.95
2023-12-19,4.745,96.48,17.68,34.03,44.77
2023-12-20,11.735,238.37,24.06,92.52,121.79
2023-12-21,0.196,54.84,17.04,16.1,21.7
2023-12-22,0.012,12.49,11.32,0.0,1.18
2023-12-23,0.009,11.83,10.88,0.0,0.96
2023-12-24,0.007,11.91,10.96,0.0,0.95
2023-12-25,0.006,11.92,10.96,0.0,0.95
2023-12-26,0.005,11.95,11.01,0.0,0.94
2023-12-27,0.003,11.09,10.16,0.0,0.93
2023-12-28,0.005,12.33,11.37,0.0,0.95
2023-12-29,10.46,244.64,24.57,94.67,125.41
2023-12-30,4.583,118.93,21.63,41.75,55.55
2023-12-31,0.054,25.62,15.46,3.89,6.27
2024-01-01,0.017,12.9,11.91,0.0,0.99
2024-01-02,1.478,87.64,8.42,34.2,45.01
2024-01-03,2.055,190.98,18.13,74.63,98.22
2024-01-04,0.031,28.01,15.39,4.29,8.33
2024-01-05,0.016,13.41,12.42,0.0,0.99
2024-01-06,0.049,21.8,14.62,2.76,4.42
2024-01-07,0.015,19.35,16.81,0.25,2.29
2024-01-08,0.007,13.91,12.95,0.0,0.94
2024-01-09,0.024,16.78,14.75,0.15,1.88
2024-01-10,2.219,99.26,13.97,36.83,48.46
2024-01-11,0.114,55.4,16.98,16.11,22.31
2024-01-12,0.01,13.98,12.88,0.0,1.09
2024-01-13,8.934,291.15,22.77,115.75,152.63
2024-01-14,1.138,161.46,19.24,61.15,81.07
2024-01-15,0.031,17.65,13.58,0.37,3.7
2024-01-16,5.113,270.46,21.84,107.36,141.27
2024-01-17,1.007,105.87,17.67,38.07,50.13
2024-01-18,0.037,15.99,13.4,0.27,2.31
2024-01-19,0.599,56.0,11.88,19.03,25.08
2024-01-20,2.504,72.45,12.77,25.77,33.91
2024-01-21,6.494,231.78,20.85,91.08,119.85
2024-01-22,11.221,234.54,26.34,89.9,118.29
2024-01-23,0.198,43.41,15.01,12.2,16.2
2024-01-24,5.635,235.57,20.74,92.77,122.07
2024-01-25,0.202,31.39,14.56,7.22,9.61
2024-01-26,0.125,14.88,13.1,0.63,1.15
2024-01-27,0.104,14.96,13.21,0.62,1.13
2024-01-28,0.095,14.88,13.14,0.61,1.13
2024-01-29,0.084,14.85,13.23,0.49,1.13
2024-01-30,0.072,14.84,13.3,0.41,1.13
2024-01-31,9.843,158.95,20.58,59.75,78.62
2024-02-01,9.45,166.08,22.13,62.16,81.79
2024-02-02,3.51,126.87,14.83,48.38,63.66
2024-02-03,4.118,150.89,14.78,58.77,77.34
2024-02-04,14.429,150.05,23.9,54.48,71.68
2024-02-05,2.636,68.87,13.83,23.76,31.27
2024-02-06,0.653,28.36,13.72,6.32,8.32
2024-02-07,5.591,146.23,18.42,55.19,72.62
2024-02-08,0.763,32.41,14.33,7.81,10.27
2024-02-09,0.461,15.08,13.06,0.87,1.15
2024-02-10,0.39,15.02,13.02,0.86,1.14
2024-02-11,0.335,14.98,12.98,0.86,1.14
2024-02-12,0.285,14.96,12.96,0.86,1.14
2024-02-13,0.244,14.92,12.92,0.86,1.14
2024-02-14,0.614,43.49,11.22,13.94,18.34
2024-02-15,0.533,48.81,15.33,14.46,19.02
2024-02-16,0.173,14.95,12.96,0.81,1.18
2024-02-17,2.356,107.67,14.86,40.07,52.74
2024-02-18,3.847,135.84,16.17,51.68,68.0
2024-02-19,2.287,57.9,14.36,18.8,24.74
2024-02-20,9.51,248.55,23.38,96.43,128.74
2024-02-21,1.04,44.46,14.95,12.67,16.84
2024-02-22,0.424,15.07,13.01,0.89,1.17
2024-02-23,0.349,14.96,12.96,0.86,1.14
2024-02-24,0.299,14.9,12.9,0.86,1.14
2024-02-25,0.247,14.89,12.89,0.86,1.14
2024-02-26,0.211,14.84,12.84,0.86,1.14
2024-02-27,0.165,14.77,12.86,0.77,1.13
2024-02-28,0.137,14.66,12.8,0.72,1.14
2024-02-29,0.124,14.46,12.72,0.61,1.14
2024-03-01,7.05,203.57,21.25,78.73,103.59
2024-03-02,5.173,99.54,19.56,34.54,45.44
2024-03-03,2.732,43.32,12.35,13.37,17.6
2024-03-04,1.609,40.99,13.76,11.76,15.47
2024-03-05,0.414,15.61,13.21,1.03,1.36
2024-03-06,0.324,15.01,13.01,0.86,1.14
2024-03-07,0.259,14.98,12.98,0.86,1.13
2024-03-08,0.219,14.91,12.92,0.85,1.14
2024-03-09,0.186,14.81,12.87,0.81,1.14
2024-03-10,0.157,14.72,12.83,0.75,1.14
2024-03-11,0.366,30.8,12.56,7.84,10.4
2024-03-12,1.853,73.7,12.53,26.41,34.76
2024-03-13,0.169,20.76,13.78,2.96,4.02
2024-03-14,0.09,14.59,12.97,0.49,1.13
2024-03-15,0.066,14.16,12.7,0.34,1.12
2024-03-16,0.065,14.11,12.66,0.33,1.13
2024-03-17,0.053,13.86,12.63,0.11,1.12
2024-03-18,0.043,13.72,12.58,0.03,1.1
2024-03-19,0.033,13.65,12.56,0.01,1.08
2024-03-20,0.024,13.62,12.57,0.01,1.05
2024-03-21,0.018,13.43,12.41,0.0,1.02
2024-03-22,2.926,163.3,16.37,63.44,83.48
2024-03-23,3.687,91.21,16.75,32.15,42.31
2024-03-24,0.832,42.35,12.75,12.77,16.82
2024-03-25,0.143,15.23,13.16,0.79,1.27
2024-03-26,0.105,14.79,13.12,0.55,1.13
2024-03-27,0.101,14.59,12.86,0.59,1.14
2024-03-28,0.374,38.65,12.55,11.21,14.89
2024-03-29,3.671,103.32,14.74,38.25,50.33
2024-03-30,1.429,46.53,14.04,14.03,18.46
2024-03-31,0.164,15.52,13.3,0.91,1.31
2024-04-01,0.121,14.87,13.12,0.62,1.13
2024-04-02,0.097,14.7,13.07,0.5,1.13
2024-04-03,0.084,14.56,13.0,0.42,1.14
2024-04-04,3.737,102.59,13.59,38.43,50.57
2024-04-05,0.863,79.07,16.19,27.14,35.74
2024-04-06,0.138,15.48,13.33,0.81,1.33
2024-04-07,0.109,14.97,13.27,0.57,1.13
2024-04-08,0.085,14.79,13.18,0.48,1.13
2024-04-09,0.069,14.65,13.11,0.41,1.13
2024-04-10,0.056,14.53,13.1,0.31,1.12
2024-04-11,0.044,14.37,13.17,0.09,1.11
2024-04-12,0.038,14.23,13.12,0.02,1.09
2024-04-13,3.551,107.26,15.02,39.83,52.41
2024-04-14,4.135,81.66,13.93,29.25,38.48
2024-04-15,3.651,110.55,16.46,40.63,53.46
2024-04-16,0.282,23.31,14.29,3.87,5.15
2024-04-17,0.716,33.52,12.49,9.08,11.95
2024-04-18,0.184,15.49,13.45,0.84,1.2
2024-04-19,0.144,15.23,13.37,0.73,1.13
2024-04-20,0.113,15.11,13.39,0.59,1.13
2024-04-21,0.088,14.91,13.28,0.5,1.13
2024-04-22,0.07,14.83,13.27,0.43,1.13
2024-04-23,0.055,14.71,13.26,0.33,1.12
2024-04-24,0.044,14.49,13.25,0.13,1.11
2024-04-25,0.036,14.3,13.17,0.03,1.1
2024-04-26,0.026,14.33,13.26,0.01,1.06
2024-04-27,0.021,14.14,13.09,0.01,1.04
2024-04-28,0.016,14.16,13.13,0.0,1.02
2024-04-29,0.011,14.27,13.28,0.0,0.99
2024-04-30,0.007,14.39,13.42,0.0,0.97
2024-05-01,0.004,14.95,13.99,0.0,0.96
2024-05-02,0.001,16.08,15.06,0.0,0.93
2024-05-03,0.0,15.69,14.75,0.0,0.93
2024-05-04,8.594,193.4,21.37,74.29,97.75
2024-05-05,0.304,47.45,16.38,13.33,17.74
2024-05-06,0.065,14.88,13.27,0.42,1.2
2024-05-07,0.052,14.67,13.25,0.3,1.12
2024-05-08,0.037,14.51,13.32,0.08,1.11
2024-05-09,0.026,14.28,13.2,0.01,1.07
2024-05-10,0.023,14.25,13.18,0.01,1.06
2024-05-11,0.018,14.24,13.2,0.0,1.03
2024-05-12,0.014,14.31,13.3,0.0,1.0
2024-05-13,0.01,14.45,13.46,0.0,0.98
2024-05-14,0.007,14.67,13.69,0.0,0.96
2024-05-15,0.004,15.19,14.23,0.0,0.96
2024-05-16,0.001,16.39,15.42,0.0,0.94
2024-05-17,0.0,15.82,14.93,0.0,0.89
2024-05-18,0.0,23.15,16.73,0.0,1.37
2024-05-19,0.0,0.0,0.0,0.0,0.0
2024-05-20,0.0,0.0,0.0,0.0,0.0
2024-05-21,0.0,0.0,0.0,0.0,0.0
2024-05-22,0.0,0.0,0.0,0.0,0.0
2024-05-23,0.0,0.0,0.0,0.0,0.0
2024-05-24,0.0,0.0,0.0,0.0,0.0
2024-05-25,0.0,0.0,0.0,0.0,0.0
2024-05-26,0.0,0.0,0.0,0.0,0.0
2024-05-27,0.0,0.0,0.0,0.0,0.0
2024-05-28,0.0,0.0,0.0,0.0,0.0
2024-05-29,0.0,0.0,0.0,0.0,0.0
2024-05-30,0.0,0.0,0.0,0.0,0.0
2024-05-31,0.0,0.0,0.0,0.0,0.0
2024-06-01,0.0,0.0,0.0,0.0,0.0
2024-06-02,0.0,0.0,0.0,0.0,0.0
2024-06-03,0.0,0.0,0.0,0.0,0.0
2024-06-04,0.0,0.0,0.0,0.0,0.0
2024-06-05,0.0,0.0,0.0,0.0,0.0
2024-06-06,0.0,0.0,0.0,0.0,0.0
2024-06-07,0.0,0.0,0.0,0.0,0.0
2024-06-08,0.0,0.0,0.0,0.0,0.0
2024-06-09,0.0,0.0,0.0,0.0,0.0
2024-06-10,0.0,0.0,0.0,0.0,0.0
2024-06-11,0.0,0.0,0.0,0.0,0.0
2024-06-12,0.0,0.0,0.0,0.0,0.0
2024-06-13,0.0,0.0,0.0,0.0,0.0
2024-06-14,0.0,0.0,0.0,0.0,0.0
2024-06-15,0.0,0.0,0.0,0.0,0.0
2024-06-16,0.0,0.0,0.0,0.0,0.0
2024-06-17,0.0,0.0,0.0,0.0,0.0
2024-06-18,0.0,0.0,0.0,0.0,0.0
2024-06-19,0.0,0.0,0.0,0.0,0.0
2024-06-20,0.0,0.0,0.0,0.0,0.0
2024-06-21,0.0,0.0,0.0,0.0,0.0
2024-06-22,0.0,0.0,0.0,0.0,0.0
2024-06-23,0.0,0.0,0.0,0.0,0.0
2024-06-24,0.0,0.0,0.0,0.0,0.0
2024-06-25,0.0,0.0,0.0,0.0,0.0
2024-06-26,0.0,0.0,0.0,0.0,0.0
2024-06-27,0.0,0.0,0.0,0.0,0.0
2024-06-28,0.0,0.0,0.0,0.0,0.0
2024-06-29,0.0,0.0,0.0,0.0,0.0
2024-06-30,0.0,0.0,0.0,0.0,0.0
2024-07-01,0.0,0.0,0.0,0.0,0.0
2024-07-02,0.0,0.0,0.0,0.0,0.0
2024-07-03,0.0,0.0,0.0,0.0,0.0
2024-07-04,0.0,0.0,0.0,0.0,0.0
2024-07-05,0.0,0.0,0.0,0.0,0.0
2024-07-06,0.0,0.0,0.0,0.0,0.0
2024-07-07,0.0,0.0,0.0,0.0,0.0
2024-07-08,0.0,0.0,0.0,0.0,0.0
2024-07-09,0.0,0.0,0.0,0.0,0.0
2024-07-10,0.0,0.0,0.0,0.0,0.0
2024-07-11,0.0,0.0,0.0,0.0,0.0
2024-07-12,0.0,0.0,0.0,0.0,0.0
2024-07-13,0.0,0.0,0.0,0.0,0.0
2024-07-14,0.0,0.0,0.0,0.0,0.0
2024-07-15,0.0,0.0,0.0,0.0,0.0
2024-07-16,0.0,0.0,0.0,0.0,0.0
2024-07-17,0.0,0.0,0.0,0.0,0.0
2024-07-18,0.0,0.0,0.0,0.0,0.0
2024-07-19,0.0,0.0,0.0,0.0,0.0
2024-07-20,0.0,0.0,0.0,0.0,0.0
2024-07-21,0.0,0.0,0.0,0.0,0.0
2024-07-22,0.0,0.0,0.0,0.0,0.0
2024-07-23,0.0,0.0,0.0,0.0,0.0
2024-07-24,0.0,0.0,0.0,0.0,0.0
2024-07-25,0.0,0.0,0.0,0.0,0.0
2024-07-26,0.0,0.0,0.0,0.0,0.0
2024-07-27,0.0,0.0,0.0,0.0,0.0
2024-07-28,0.0,0.0,0.0,0.0,0.0
2024-07-29,0.0,0.0,0.0,0.0,0.0
2024-07-30,0.0,0.0,0.0,0.0,0.0
2024-07-31,0.0,0.0,0.0,0.0,0.0
2024-08-01,0.0,0.0,0.0,0.0,0.0
2024-08-02,0.0,0.0,0.0,0.0,0.0
2024-08-03,0.0,0.0,0.0,0.0,0.0
2024-08-04,0.0,0.0,0.0,0.0,0.0
2024-08-05,0.0,0.0,0.0,0.0,0.0
2024-08-06,0.0,0.0,0.0,0.0,0.0
2024-08-07,0.0,0.0,0.0,0.0,0.0
2024-08-08,0.0,0.0,0.0,0.0,0.0
2024-08-09,0.0,0.0,0.0,0.0,0.0
2024-08-10,0.0,0.0,0.0,0.0,0.0
2024-08-11,0.0,0.0,0.0,0.0,0.0
2024-08-12,0.0,0.0,0.0,0.0,0.0
2024-08-13,0.0,0.0,0.0,0.0,0.0
2024-08-14,0.0,0.0,0.0,0.0,0.0
2024-08-15,0.0,0.0,0.0,0.0,0.0
2024-08-16,0.0,0.0,0.0,0.0,0.0
2024-08-17,0.0,0.0,0.0,0.0,0.0
2024-08-18,0.0,0.0,0.0,0.0,0.0
2024-08-19,0.0,0.0,0.0,0.0,0.0
2024-08-20,0.0,0.0,0.0,0.0,0.0
2024-08-21,0.0,0.0,0.0,0.0,0.0
2024-08-22,0.0,0.0,0.0,0.0,0.0
2024-08-23,0.0,0.0,0.0,0.0,0.0
2024-08-24,0.0,0.0,0.0,0.0,0.0
2024-08-25,0.0,0.0,0.0,0.0,0.0
2024-08-26,0.0,0.0,0.0,0.0,0.0
2024-08-27,0.0,0.0,0.0,0.0,0.0
2024-08-28,0.0,0.0,0.0,0.0,0.0
2024-08-29,0.0,0.0,0.0,0.0,0.0
2024-08-30,0.0,0.0,0.0,0.0,0.0
2024-08-31,0.0,0.0,0.0,0.0,0.0
2024-09-01,0.0,0.0,0.0,0.0,0.0
2024-09-02,0.0,0.0,0.0,0.0,0.0
2024-09-03,0.0,0.0,0.0,0.0,0.0
2024-09-04,0.0,0.0,0.0,0.0,0.0
2024-09-05,0.0,0.0,0.0,0.0,0.0
2024-09-06,0.0,0.0,0.0,0.0,0.0
2024-09-07,0.0,0.0,0.0,0.0,0.0
2024-09-08,0.0,0.0,0.0,0.0,0.0
2024-09-09,0.0,0.0,0.0,0.0,0.0
2024-09-10,0.0,0.0,0.0,0.0,0.0
2024-09-11,0.0,0.0,0.0,0.0,0.0
2024-09-12,0.0,0.0,0.0,0.0,0.0
2024-09-13,0.0,0.0,0.0,0.0,0.0
2024-09-14,0.0,0.0,0.0,0.0,0.0
2024-09-15,0.0,0.0,0.0,0.0,0.0
2024-09-16,0.0,0.0,0.0,0.0,0.0
2024-09-17,0.0,0.0,0.0,0.0,0.0
2024-09-18,0.0,0.0,0.0,0.0,0.0
2024-09-19,0.0,0.0,0.0,0.0,0.0
2024-09-20,0.0,0.0,0.0,0.0,0.0
2024-09-21,0.0,0.0,0.0,0.0,0.0
2024-09-22,0.0,0.0,0.0,0.0,0.0
2024-09-23,0.0,0.0,0.0,0.0,0.0
2024-09-24,0.0,0.0,0.0,0.0,0.0
2024-09-25,0.0,0.0,0.0,0.0,0.0
2024-09-26,0.0,0.0,0.0,0.0,0.0
2024-09-27,0.0,0.0,0.0,0.0,0.0
2024-09-28,0.0,0.0,0.0,0.0,0.0
2024-09-29,0.0,0.0,0.0,0.0,0.0
2024-09-30,0.0,0.0,0.0,0.0,0.0
2024-10-01,0.0,0.0,0.0,0.0,0.0
2024-10-02,0.0,0.0,0.0,0.0,0.0
2024-10-03,0.0,0.0,0.0,0.0,0.0
2024-10-04,0.0,0.0,0.0,0.0,0.0
2024-10-05,0.0,0.0,0.0,0.0,0.0
2024-10-06,0.0,0.0,0.0,0.0,0.0
2024-10-07,0.0,0.0,0.0,0.0,0.0
2024-10-08,0.0,0.0,0.0,0.0,0.0
2024-10-09,0.0,0.0,0.0,0.0,0.0
2024-10-10,0.0,0.0,0.0,0.0,0.0
2024-10-11,0.0,0.0,0.0,0.0,0.0
2024-10-12,0.0,0.0,0.0,0.0,0.0
2024-10-13,0.0,0.0,0.0,0.0,0.0
2024-10-14,0.0,0.0,0.0,0.0,0.0
2024-10-15,0.0,0.0,0.0,0.0,0.0
2024-10-16,0.0,0.0,0.0,0.0,0.0
2024-10-17,0.0,0.0,0.0,0.0,0.0
2024-10-18,0.0,0.0,0.0,0.0,0.0
2024-10-19,0.0,0.0,0.0,0.0,0.0
2024-10-20,0.0,0.0,0.0,0.0,0.0
2024-10-21,0.0,0.0,0.0,0.0,0.0
2024-10-22,0.0,0.0,0.0,0.0,0.0
2024-10-23,0.0,0.0,0.0,0.0,0.0
2024-10-24,0.0,0.0,0.0,0.0,0.0
2024-10-25,0.0,0.0,0.0,0.0,0.0
2024-10-26,0.0,0.0,0.0,0.0,0.0
2024-10-27,0.0,0.0,0.0,0.0,0.0
2024-10-28,0.0,0.0,0.0,0.0,0.0
2024-10-29,0.0,0.0,0.0,0.0,0.0
2024-10-30,0.0,0.0,0.0,0.0,0.0
2024-10-31,0.0,0.0,0.0,0.0,0.0
2024-11-01,0.0,0.0,0.0,0.0,0.0
2024-11-02,0.0,0.0,0.0,0.0,0.0
2024-11-03,0.0,0.0,0.0,0.0,0.0
2024-11-04,0.0,0.0,0.0,0.0,0.0
2024-11-05,0.0,0.0,0.0,0.0,0.0
2024-11-06,0.0,0.0,0.0,0.0,0.0
2024-11-07,0.0,0.0,0.0,0.0,0.0
2024-11-08,0.0,0.0,0.0,0.0,0.0
2024-11-09,0.0,0.0,0.0,0.0,0.0
2024-11-10,0.0,0.0,0.0,0.0,0.0
2024-11-11,1.772,67.82,12.51,23.87,31.44
2024-11-12,0.127,50.09,17.0,13.91,19.18
2024-11-13,0.001,18.55,16.43,0.0,2.13
2024-11-14,0.0,10.68,9.55,0.0,0.9
2024-11-15,0.0,10.13,9.56,0.0,0.99
2024-11-16,0.0,10.13,9.8,0.0,1.03
2024-11-17,0.0,9.0,8.86,0.0,0.93
2024-11-18,0.0,9.92,8.41,0.0,0.84
2024-11-19,0.0,9.65,8.68,0.0,0.91
2024-11-20,0.0,11.57,10.37,0.0,1.08
2024-11-21,1.566,72.05,12.21,25.82,34.01
2024-11-22,23.644,359.3,31.55,138.56,189.18
2024-11-23,2.252,104.35,21.04,35.44,47.87
2024-11-24,0.027,19.8,14.34,1.44,4.01
2024-11-25,0.734,37.03,11.91,10.83,14.29
2024-11-26,1.176,48.38,13.16,15.21,20.01
2024-11-27,0.033,26.07,15.49,3.44,7.13
2024-11-28,0.004,10.98,10.03,0.0,0.94
2024-11-29,0.003,10.51,9.56,0.0,0.94
2024-11-30,0.003,10.63,9.69,0.0,0.94
2024-12-01,0.002,9.84,8.87,0.0,0.94
2024-12-02,0.002,9.75,8.79,0.0,0.93
2024-12-03,0.001,9.89,8.94,0.0,0.94
2024-12-04,0.001,9.82,8.84,0.0,0.94
2024-12-05,0.001,9.6,8.74,0.0,0.93
2024-12-06,0.001,9.62,8.79,0.0,0.93
2024-12-07,0.001,9.83,8.74,0.0,0.93
2024-12-08,0.0,9.92,8.89,0.0,0.95
2024-12-09,0.0,10.03,8.88,0.0,0.93
2024-12-10,0.0,9.37,8.57,0.0,0.91
2024-12-11,0.461,0.0,0.0,0.0,0.0
2024-12-12,7.994,216.58,21.76,84.12,110.69
2024-12-13,0.708,20.56,7.87,5.45,7.24
2024-12-14,15.93,258.98,26.13,100.06,132.79
2024-12-15,0.178,44.56,16.73,11.82,16.01
2024-12-16,5.846,163.51,19.19,62.32,82.0
2024-12-17,0.271,66.45,16.79,21.27,28.4
2024-12-18,0.022,13.47,12.19,0.0,1.28
2024-12-19,0.018,13.03,12.03,0.0,0.99
2024-12-20,0.016,13.21,12.22,0.0,0.99
2024-12-21,0.047,20.01,10.28,4.08,5.65
2024-12-22,0.963,55.32,11.01,19.12,25.19
2024-12-23,2.091,72.02,13.93,25.08,33.01
2024-12-24,6.466,108.85,16.92,39.7,52.24
2024-12-25,0.17,38.52,16.69,9.27,12.56
2024-12-26,1.977,88.27,11.63,33.09,43.55
2024-12-27,6.45,149.67,22.96,54.72,71.99
2024-12-28,0.557,36.39,12.69,10.2,13.5
2024-12-29,3.657,118.68,16.55,44.1,58.03
2024-12-30,0.107,36.75,15.66,8.78,12.31
2024-12-31,0.044,14.36,13.2,0.03,1.12
2025-01-01,0.042,14.33,13.22,0.02,1.1
2025-01-02,0.034,14.26,13.18,0.01,1.07
2025-01-03,0.11,24.39,14.75,4.05,5.59
2025-01-04,0.037,15.79,14.16,0.24,1.39
2025-01-05,0.029,14.23,13.18,0.01,1.05
2025-01-06,0.027,14.21,13.16,0.01,1.04
2025-01-07,0.019,14.89,13.85,0.0,1.03
2025-01-08,0.011,14.33,13.38,0.0,0.96
2025-01-09,0.018,14.32,13.31,0.0,1.0
2025-01-10,0.016,14.35,13.36,0.0,0.99
2025-01-11,0.012,14.87,13.88,0.0,0.98
2025-01-12,0.008,14.36,13.4,0.0,0.95
2025-01-13,0.007,14.99,14.03,0.0,0.96
2025-01-14,0.006,14.8,13.84,0.0,0.96
2025-01-15,0.006,14.83,13.87,0.0,0.95
2025-01-16,0.006,14.77,13.81,0.0,0.95
2025-01-17,0.005,14.87,13.93,0.0,0.94
2025-01-18,0.004,14.97,14.04,0.0,0.94
2025-01-19,0.003,15.18,14.25,0.0,0.94
2025-01-20,0.002,15.95,14.99,0.0,0.94
2025-01-21,0.0,15.54,14.65,0.0,0.85
2025-01-22,0.0,17.24,16.24,0.0,0.92
2025-01-23,0.0,17.72,16.88,0.0,0.95
2025-01-24,0.0,16.53,15.92,0.0,0.9
2025-01-25,0.0,0.0,0.0,0.0,0.0
2025-01-26,0.0,0.0,0.0,0.0,0.0
2025-01-27,0.0,0.0,0.0,0.0,0.0
2025-01-28,0.0,0.0,0.0,0.0,0.0
2025-01-29,0.0,0.0,0.0,0.0,0.0
2025-01-30,0.0,0.0,0.0,0.0,0.0
2025-01-31,0.0,0.0,0.0,0.0,0.0
2025-02-01,5.332,124.39,17.79,46.03,60.57
2025-02-02,2.117,56.07,13.58,18.35,24.15
2025-02-03,1.62,224.24,10.72,92.17,121.35
2025-02-04,21.282,206.44,25.06,78.32,103.06
2025-02-05,1.073,85.57,17.52,29.37,38.68
2025-02-06,5.53,87.92,14.3,31.79,41.83
2025-02-07,1.588,56.46,14.4,18.16,23.9
2025-02-08,0.149,16.75,13.61,1.29,1.85
2025-02-09,0.11,14.8,13.05,0.61,1.14
2025-02-10,0.098,14.78,13.08,0.56,1.13
2025-02-11,0.085,14.77,13.16,0.48,1.13
2025-02-12,0.585,2.07,1.74,0.11,0.22
2025-02-13,21.476,302.86,28.34,115.63,158.89
2025-02-14,1.044,52.69,15.6,16.01,21.08
2025-02-15,0.275,15.24,13.12,0.91,1.2
2025-02-16,0.238,15.08,13.08,0.86,1.14
2025-02-17,0.207,15.06,13.1,0.82,1.14
2025-02-18,0.178,15.02,13.11,0.78,1.14
2025-02-19,0.161,14.88,13.05,0.7,1.14
2025-02-20,0.135,14.94,13.16,0.65,1.13
2025-02-21,0.116,14.91,13.15,0.63,1.13
2025-02-22,0.1,14.84,13.15,0.56,1.13
2025-02-23,0.095,14.77,13.05,0.59,1.14
2025-02-24,0.08,14.68,13.1,0.44,1.13
2025-02-25,0.064,14.67,13.17,0.38,1.12
2025-02-26,0.054,14.29,13.02,0.15,1.11
2025-02-27,0.046,14.18,13.02,0.05,1.1
2025-02-28,0.039,14.15,13.03,0.02,1.09
2025-03-01,0.032,14.16,13.07,0.01,1.08
2025-03-02,0.025,14.35,13.3,0.01,1.05
2025-03-03,0.022,13.98,12.95,0.0,1.02
2025-03-04,0.024,13.97,12.93,0.0,1.03
2025-03-05,0.019,14.19,13.17,0.0,1.01
2025-03-06,0.012,14.1,13.13,0.0,0.97
2025-03-07,0.013,13.89,12.89,0.0,0.99
2025-03-08,0.011,13.93,12.95,0.0,0.98
2025-03-09,0.009,13.95,12.97,0.0,0.97
2025-03-10,0.007,13.93,12.97,0.0,0.96
2025-03-11,0.005,14.02,13.05,0.0,0.95
2025-03-12,0.932,53.06,11.65,17.88,23.53
2025-03-13,1.246,42.93,14.24,12.38,16.31
2025-03-14,3.741,93.91,14.83,34.15,44.93
2025-03-15,0.118,31.99,16.11,6.67,9.21
2025-03-16,0.033,14.47,13.38,0.01,1.08
2025-03-17,1.086,69.52,12.47,24.59,32.46
2025-03-18,0.034,18.55,14.44,1.1,3.02
2025-03-19,0.024,14.38,13.32,0.01,1.05
2025-03-20,0.019,14.42,13.39,0.0,1.02
2025-03-21,0.016,14.17,13.17,0.0,1.0
2025-03-22,0.016,14.31,13.31,0.0,1.0
2025-03-23,0.013,14.39,13.39,0.0,0.99
2025-03-24,0.01,14.34,13.35,0.0,0.98
2025-03-25,0.008,14.43,13.46,0.0,0.97
2025-03-26,0.006,14.94,13.98,0.0,0.97
2025-03-27,0.003,15.14,14.18,0.0,0.93
2025-03-28,0.003,15.2,14.23,0.0,0.94
2025-03-29,0.002,16.03,15.1,0.0,0.96
2025-03-30,0.0,12.86,12.44,0.0,0.78
2025-03-31,0.0,19.29,18.36,0.0,0.96
2025-04-01,0.0,0.0,0.0,0.0,0.0
2025-04-02,0.0,11.57,14.34,0.78,1.03
2025-04-03,0.0,17.36,16.54,0.0,0.94
2025-04-04,0.0,0.0,0.0,0.0,0.0
2025-04-05,0.0,0.0,0.0,0.0,0.0
2025-04-06,0.0,0.0,0.0,0.0,0.0
2025-04-07,0.0,0.0,0.0,0.0,0.0
2025-04-08,0.0,0.0,0.0,0.0,0.0
2025-04-09,0.0,0.0,0.0,0.0,0.0
2025-04-10,0.0,0.0,0.0,0.0,0.0
2025-04-11,0.0,0.0,0.0,0.0,0.0
2025-04-12,0.0,0.0,0.0,0.0,0.0
2025-04-13,0.0,0.0,0.0,0.0,0.0
2025-04-14,0.0,0.0,0.0,0.0,0.0
2025-04-15,0.0,0.0,0.0,0.0,0.0
2025-04-16,0.0,0.0,0.0,0.0,0.0
2025-04-17,0.0,0.0,0.0,0.0,0.0
2025-04-18,0.0,0.0,0.0,0.0,0.0
2025-04-19,0.0,0.0,0.0,0.0,0.0
2025-04-20,0.0,0.0,0.0,0.0,0.0
2025-04-21,0.0,0.0,0.0,0.0,0.0
2025-04-22,0.0,0.0,0.0,0.0,0.0
2025-04-23,0.0,0.0,0.0,0.0,0.0
2025-04-24,0.0,0.0,0.0,0.0,0.0
2025-04-25,0.0,0.0,0.0,0.0,0.0
2025-04-26,0.0,0.0,0.0,0.0,0.0
2025-04-27,0.0,0.0,0.0,0.0,0.0
2025-04-28,0.0,0.0,0.0,0.0,0.0
2025-04-29,0.0,0.0,0.0,0.0,0.0
2025-04-30,0.0,0.0,0.0,0.0,0.0
2025-05-01,0.0,0.0,0.0,0.0,0.0
2025-05-02,0.0,0.0,0.0,0.0,0.0
2025-05-03,0.0,0.0,0.0,0.0,0.0
2025-05-04,0.0,0.0,0.0,0.0,0.0
2025-05-05,0.0,0.0,0.0,0.0,0.0
2025-05-06,0.0,0.0,0.0,0.0,0.0
2025-05-07,0.0,0.0,0.0,0.0,0.0
2025-05-08,0.0,0.0,0.0,0.0,0.0
2025-05-09,0.0,0.0,0.0,0.0,0.0
2025-05-10,0.0,0.0,0.0,0.0,0.0
2025-05-11,0.0,0.0,0.0,0.0,0.0
2025-05-12,0.012,17.65,15.54,0.04,2.07
2025-05-13,0.003,18.62,17.65,0.0,0.97
2025-05-14,0.0,19.29,17.64,0.0,0.1
2025-05-15,0.0,0.0,0.0,0.0,0.0
2025-05-16,0.0,0.0,0.0,0.0,0.0
2025-05-17,0.0,0.0,0.0,0.0,0.0
2025-05-18,0.0,0.0,0.0,0.0,0.0
2025-05-19,0.0,0.0,0.0,0.0,0.0
2025-05-20,0.0,0.0,0.0,0.0,0.0
2025-05-21,0.0,0.0,0.0,0.0,0.0
2025-05-22,0.0,0.0,0.0,0.0,0.0
2025-05-23,0.0,0.0,0.0,0.0,0.0
2025-05-24,0.0,0.0,0.0,0.0,0.0
2025-05-25,0.0,0.0,0.0,0.0,0.0
2025-05-26,0.0,0.0,0.0,0.0,0.0
2025-05-27,0.0,0.0,0.0,0.0,0.0
2025-05-28,0.0,0.0,0.0,0.0,0.0
2025-05-29,0.0,0.0,0.0,0.0,0.0
2025-05-30,0.0,0.0,0.0,0.0,0.0
2025-05-31,0.0,0.0,0.0,0.0,0.0
2025-06-01,0.0,0.0,0.0,0.0,0.0
2025-06-02,0.0,0.0,0.0,0.0,0.0
2025-06-03,0.0,0.0,0.0,0.0,0.0
2025-06-04,0.0,0.0,0.0,0.0,0.0
2025-06-05,0.0,0.0,0.0,0.0,0.0
2025-06-06,0.0,0.0,0.0,0.0,0.0
2025-06-07,0.0,0.0,0.0,0.0,0.0
2025-06-08,0.0,0.0,0.0,0.0,0.0
2025-06-09,0.0,0.0,0.0,0.0,0.0
2025-06-10,0.0,0.0,0.0,0.0,0.0
2025-06-11,0.0,0.0,0.0,0.0,0.0
2025-06-12,0.0,0.0,0.0,0.0,0.0
2025-06-13,0.0,0.0,0.0,0.0,0.0
2025-06-14,0.0,0.0,0.0,0.0,0.0
2025-06-15,0.0,0.0,0.0,0.0,0.0
2025-06-16,0.0,0.0,0.0,0.0,0.0
2025-06-17,0.0,0.0,0.0,0.0,0.0
2025-06-18,0.0,0.0,0.0,0.0,0.0
2025-06-19,0.0,0.0,0.0,0.0,0.0
2025-06-20,0.0,0.0,0.0,0.0,0.0
2025-06-21,0.0,0.0,0.0,0.0,0.0
2025-06-22,0.0,0.0,0.0,0.0,0.0
2025-06-23,0.0,0.0,0.0,0.0,0.0
2025-06-24,0.0,0.0,0.0,0.0,0.0
2025-06-25,0.0,0.0,0.0,0.0,0.0
2025-06-26,0.0,0.0,0.0,0.0,0.0
2025-06-27,0.0,0.0,0.0,0.0,0.0
2025-06-28,0.0,0.0,0.0,0.0,0.0
2025-06-29,0.0,0.0,0.0,0.0,0.0
2025-06-30,0.0,0.0,0.0,0.0,0.0
2025-07-01,0.0,0.0,0.0,0.0,0.0
2025-07-02,0.0,0.0,0.0,0.0,0.0
2025-07-03,0.0,0.0,0.0,0.0,0.0
2025-07-04,0.0,0.0,0.0,0.0,0.0
2025-07-05,0.0,0.0,0.0,0.0,0.0
2025-07-06,0.0,0.0,0.0,0.0,0.0
2025-07-07,0.0,0.0,0.0,0.0,0.0
2025-07-08,0.0,0.0,0.0,0.0,0.0
2025-07-09,0.0,0.0,0.0,0.0,0.0
2025-07-10,0.0,0.0,0.0,0.0,0.0
2025-07-11,0.0,0.0,0.0,0.0,0.0
2025-07-12,0.0,0.0,0.0,0.0,0.0
2025-07-13,0.0,0.0,0.0,0.0,0.0
2025-07-14,0.0,0.0,0.0,0.0,0.0
2025-07-15,0.0,0.0,0.0,0.0,0.0
2025-07-16,0.0,0.0,0.0,0.0,0.0
2025-07-17,0.0,0.0,0.0,0.0,0.0
2025-07-18,0.0,0.0,0.0,0.0,0.0
2025-07-19,0.0,0.0,0.0,0.0,0.0
2025-07-20,0.0,0.0,0.0,0.0,0.0
2025-07-21,0.0,0.0,0.0,0.0,0.0
2025-07-22,0.0,0.0,0.0,0.0,0.0
2025-07-23,0.0,0.0,0.0,0.0,0.0
2025-07-24,0.0,0.0,0.0,0.0,0.0
2025-07-25,0.0,0.0,0.0,0.0,0.0
2025-07-26,0.0,0.0,0.0,0.0,0.0
2025-07-27,0.0,0.0,0.0,0.0,0.0
2025-07-28,0.0,0.0,0.0,0.0,0.0
2025-07-29,0.0,0.0,0.0,0.0,0.0
2025-07-30,0.0,0.0,0.0,0.0,0.0
2025-07-31,0.0,0.0,0.0,0.0,0.0
2025-08-01,0.0,0.0,0.0,0.0,0.0
2025-08-02,0.0,0.0,0.0,0.0,0.0
2025-08-03,0.0,0.0,0.0,0.0,0.0
2025-08-04,0.0,0.0,0.0,0.0,0.0
2025-08-05,0.0,0.0,0.0,0.0,0.0
2025-08-06,0.0,0.0,0.0,0.0,0.0
2025-08-07,0.0,0.0,0.0,0.0,0.0
2025-08-08,0.0,0.0,0.0,0.0,0.0
2025-08-09,0.0,0.0,0.0,0.0,0.0
2025-08-10,0.0,0.0,0.0,0.0,0.0
2025-08-11,0.0,0.0,0.0,0.0,0.0
2025-08-12,0.0,0.0,0.0,0.0,0.0
2025-08-13,0.0,0.0,0.0,0.0,0.0
2025-08-14,0.0,0.0,0.0,0.0,0.0
2025-08-15,0.0,0.0,0.0,0.0,0.0
2025-08-16,0.0,0.0,0.0,0.0,0.0
2025-08-17,0.0,0.0,0.0,0.0,0.0
2025-08-18,0.0,0.0,0.0,0.0,0.0
2025-08-19,0.0,0.0,0.0,0.0,0.0
2025-08-20,0.0,0.0,0.0,0.0,0.0
2025-08-21,0.0,0.0,0.0,0.0,0.0
2025-08-22,0.0,0.0,0.0,0.0,0.0
2025-08-23,0.0,0.0,0.0,0.0,0.0
2025-08-24,0.0,0.0,0.0,0.0,0.0
2025-08-25,0.0,0.0,0.0,0.0,0.0
2025-08-26,0.0,0.0,0.0,0.0,0.0
2025-08-27,0.0,0.0,0.0,0.0,0.0
2025-08-28,0.0,0.0,0.0,0.0,0.0
2025-08-29,0.0,0.0,0.0,0.0,0.0
2025-08-30,0.0,0.0,0.0,0.0,0.0
2025-08-31,0.0,0.0,0.0,0.0,0.0
2025-09-01,0.0,0.0,0.0,0.0,0.0
2025-09-02,0.0,0.0,0.0,0.0,0.0
2025-09-03,0.0,0.0,0.0,0.0,0.0
2025-09-04,0.0,0.0,0.0,0.0,0.0
2025-09-05,0.0,0.0,0.0,0.0,0.0
2025-09-06,0.0,0.0,0.0,0.0,0.0
2025-09-07,0.0,0.0,0.0,0.0,0.0
2025-09-08,0.0,0.0,0.0,0.0,0.0
2025-09-09,0.0,0.0,0.0,0.0,0.0
2025-09-10,0.0,0.0,0.0,0.0,0.0
2025-09-11,0.0,0.0,0.0,0.0,0.0
2025-09-12,0.0,0.0,0.0,0.0,0.0
2025-09-13,0.0,0.0,0.0,0.0,0.0
2025-09-14,0.0,0.0,0.0,0.0,0.0
2025-09-15,0.0,0.0,0.0,0.0,0.0
2025-09-16,0.0,0.0,0.0,0.0,0.0
2025-09-17,0.0,0.0,0.0,0.0,0.0
2025-09-18,0.0,0.0,0.0,0.0,0.0
2025-09-19,0.0,0.0,0.0,0.0,0.0
2025-09-20,0.0,0.0,0.0,0.0,0.0
2025-09-21,0.0,0.0,0.0,0.0,0.0
2025-09-22,0.0,0.0,0.0,0.0,0.0
2025-09-23,0.0,0.0,0.0,0.0,0.0
2025-09-24,0.0,0.0,0.0,0.0,0.0
2025-09-25,0.0,0.0,0.0,0.0,0.0
2025-09-26,0.0,0.0,0.0,0.0,0.0
2025-09-27,0.0,0.0,0.0,0.0,0.0
2025-09-28,0.0,0.0,0.0,0.0,0.0
2025-09-29,0.0,0.0,0.0,0.0,0.0
2025-09-30,0.0,0.0,0.0,0.0,0.0
