Date,flow_cms,ssc_mg_L,ssc_sand_mg_L,ssc_silt_mg_L,ssc_clay_mg_L
1995-10-01,0.0,0.0,0.0,0.0,0.0
1995-10-02,0.0,0.0,0.0,0.0,0.0
1995-10-03,0.0,0.0,0.0,0.0,0.0
1995-10-04,0.0,0.0,0.0,0.0,0.0
1995-10-05,0.0,0.0,0.0,0.0,0.0
1995-10-06,0.0,0.0,0.0,0.0,0.0
1995-10-07,0.0,0.0,0.0,0.0,0.0
1995-10-08,0.0,0.0,0.0,0.0,0.0
1995-10-09,0.0,0.0,0.0,0.0,0.0
1995-10-10,0.0,0.0,0.0,0.0,0.0
1995-10-11,0.0,0.0,0.0,0.0,0.0
1995-10-12,0.0,0.0,0.0,0.0,0.0
1995-10-13,0.0,0.0,0.0,0.0,0.0
1995-10-14,0.0,0.0,0.0,0.0,0.0
1995-10-15,0.0,0.0,0.0,0.0,0.0
1995-10-16,0.0,0.0,0.0,0.0,0.0
1995-10-17,0.0,0.0,0.0,0.0,0.0
1995-10-18,0.0,0.0,0.0,0.0,0.0
1995-10-19,0.0,0.0,0.0,0.0,0.0
1995-10-20,0.0,0.0,0.0,0.0,0.0
1995-10-21,0.0,0.0,0.0,0.0,0.0
1995-10-22,0.0,0.0,0.0,0.0,0.0
1995-10-23,0.0,0.0,0.0,0.0,0.0
1995-10-24,0.0,0.0,0.0,0.0,0.0
1995-10-25,0.0,0.0,0.0,0.0,0.0
1995-10-26,0.0,0.0,0.0,0.0,0.0
1995-10-27,0.0,0.0,0.0,0.0,0.0
1995-10-28,0.0,0.0,0.0,0.0,0.0
1995-10-29,0.0,0.0,0.0,0.0,0.0
1995-10-30,0.0,0.0,0.0,0.0,0.0
1995-10-31,0.0,0.0,0.0,0.0,0.0
1995-11-01,0.0,0.0,0.0,0.0,0.0
1995-11-02,0.0,0.0,0.0,0.0,0.0
1995-11-03,0.0,0.0,0.0,0.0,0.0
1995-11-04,0.0,0.0,0.0,0.0,0.0
1995-11-05,0.0,0.0,0.0,0.0,0.0
1995-11-06,0.0,0.0,0.0,0.0,0.0
1995-11-07,0.0,0.0,0.0,0.0,0.0
1995-11-08,0.0,0.0,0.0,0.0,0.0
1995-11-09,0.0,0.0,0.0,0.0,0.0
1995-11-10,0.0,0.0,0.0,0.0,0.0
1995-11-11,0.0,0.0,0.0,0.0,0.0
1995-11-12,0.0,0.0,0.0,0.0,0.0
1995-11-13,0.0,0.0,0.0,0.0,0.0
1995-11-14,0.0,0.0,0.0,0.0,0.0
1995-11-15,0.0,0.0,0.0,0.0,0.0
1995-11-16,0.0,0.0,0.0,0.0,0.0
1995-11-17,0.0,0.0,0.0,0.0,0.0
1995-11-18,0.0,0.0,0.0,0.0,0.0
1995-11-19,0.0,0.0,0.0,0.0,0.0
1995-11-20,0.0,0.0,0.0,0.0,0.0
1995-11-21,0.0,0.0,0.0,0.0,0.0
1995-11-22,0.0,0.0,0.0,0.0,0.0
1995-11-23,0.0,0.0,0.0,0.0,0.0
1995-11-24,0.0,0.0,0.0,0.0,0.0
1995-11-25,0.0,0.0,0.0,0.0,0.0
1995-11-26,0.0,0.0,0.0,0.0,0.0
1995-11-27,0.0,0.0,0.0,0.0,0.0
1995-11-28,0.0,0.0,0.0,0.0,0.0
1995-11-29,0.0,0.0,0.0,0.0,0.0
1995-11-30,0.0,0.0,0.0,0.0,0.0
1995-12-01,0.0,0.0,0.0,0.0,0.0
1995-12-02,0.0,0.0,0.0,0.0,0.0
1995-12-03,0.0,0.0,0.0,0.0,0.0
1995-12-04,0.378,27.69,7.02,7.98,12.69
1995-12-05,0.041,12.52,7.5,0.0,5.01
1995-12-06,0.014,6.06,5.4,0.0,0.66
1995-12-07,0.139,9.13,6.75,0.01,2.38
1995-12-08,0.032,8.35,7.36,0.0,0.99
1995-12-09,0.205,17.15,6.31,3.82,7.02
1995-12-10,6.95,158.77,16.89,56.04,85.84
1995-12-11,33.506,289.74,24.98,102.78,161.97
1995-12-12,11.261,67.59,17.23,16.15,34.21
1995-12-13,2.65,12.54,7.74,2.01,2.79
1995-12-14,2.577,12.01,7.17,2.09,2.75
1995-12-15,5.9,42.22,12.62,11.26,18.35
1995-12-16,1.661,10.49,6.85,1.44,2.2
1995-12-17,1.276,8.88,6.82,0.89,1.18
1995-12-18,1.061,8.96,6.81,0.93,1.23
1995-12-19,0.841,8.83,6.82,0.87,1.14
1995-12-20,0.685,8.61,6.81,0.66,1.14
1995-12-21,0.917,15.12,6.11,3.71,5.3
1995-12-22,1.847,73.77,8.4,26.11,39.26
1995-12-23,0.572,14.03,6.92,2.62,4.49
1995-12-24,0.404,8.3,6.82,0.21,1.28
1995-12-25,0.326,7.94,6.81,0.01,1.12
1995-12-26,0.278,7.86,6.8,0.0,1.05
1995-12-27,0.239,7.8,6.8,0.0,1.0
1995-12-28,0.667,11.95,4.29,3.13,4.53
1995-12-29,4.32,40.0,10.63,12.6,16.76
1995-12-30,1.016,13.35,7.1,2.63,3.63
1995-12-31,0.481,8.55,6.86,0.4,1.29
1996-01-01,0.368,7.99,6.81,0.04,1.14
1996-01-02,0.305,7.91,6.8,0.01,1.09
1996-01-03,0.256,7.83,6.8,0.0,1.02
1996-01-04,0.211,7.78,6.81,0.0,0.96
1996-01-05,0.174,7.71,6.8,0.0,0.92
1996-01-06,0.151,7.69,6.79,0.0,0.89
1996-01-07,0.131,7.66,6.8,0.0,0.87
1996-01-08,0.114,7.64,6.79,0.0,0.85
1996-01-09,0.099,7.62,6.79,0.0,0.84
1996-01-10,0.082,7.64,6.82,0.0,0.81
1996-01-11,0.064,7.6,6.81,0.0,0.8
1996-01-12,0.059,7.57,6.77,0.0,0.8
1996-01-13,0.054,7.58,6.79,0.0,0.79
1996-01-14,0.047,7.59,6.81,0.0,0.78
1996-01-15,6.608,91.42,13.48,30.6,47.35
1996-01-16,6.805,51.22,13.39,14.8,23.02
1996-01-17,5.752,327.67,14.97,131.34,181.35
1996-01-18,2.281,108.77,7.73,42.36,58.68
1996-01-19,2.536,18.98,7.67,4.86,6.45
1996-01-20,2.407,24.64,8.0,6.98,9.66
1996-01-21,3.782,44.84,12.05,12.76,20.03
1996-01-22,1.01,10.42,6.89,1.46,2.08
1996-01-23,1.403,13.58,6.57,3.02,3.98
1996-01-24,3.916,22.4,9.11,5.74,7.55
1996-01-25,4.078,21.92,9.7,5.28,6.94
1996-01-26,2.394,16.88,7.04,4.25,5.59
1996-01-27,9.485,147.28,16.53,50.09,80.66
1996-01-28,1.622,16.37,6.88,3.69,5.8
1996-01-29,1.815,20.98,6.9,6.07,8.01
1996-01-30,13.153,162.9,17.28,53.64,91.99
1996-01-31,14.306,206.29,21.89,62.93,121.47
1996-02-01,2.748,12.38,7.81,1.72,2.86
1996-02-02,1.989,8.9,6.83,0.89,1.18
1996-02-03,10.117,86.12,12.66,29.88,43.59
1996-02-04,12.217,109.37,18.03,31.81,59.53
1996-02-05,3.377,13.25,8.99,1.75,2.51
1996-02-06,2.103,8.94,6.89,0.88,1.16
1996-02-07,1.54,8.84,6.85,0.86,1.14
1996-02-08,1.126,8.84,6.84,0.86,1.13
1996-02-09,0.842,8.83,6.83,0.86,1.13
1996-02-10,0.645,8.55,6.83,0.59,1.13
1996-02-11,0.504,8.25,6.82,0.29,1.13
1996-02-12,0.399,8.07,6.82,0.11,1.13
1996-02-13,0.326,7.94,6.81,0.01,1.12
1996-02-14,0.27,7.85,6.8,0.0,1.05
1996-02-15,2.175,33.68,8.43,10.85,14.4
1996-02-16,2.283,28.1,8.37,8.51,11.22
1996-02-17,2.071,18.79,7.23,4.99,6.57
1996-02-18,4.461,33.82,9.94,9.97,13.91
1996-02-19,7.819,42.19,13.53,11.51,17.15
1996-02-20,8.438,30.41,11.92,7.75,10.75
1996-02-21,8.622,50.96,14.9,13.17,22.89
1996-02-22,2.43,10.17,7.35,1.15,1.67
1996-02-23,1.661,8.82,6.8,0.87,1.15
1996-02-24,1.352,10.25,6.9,1.45,1.9
1996-02-25,0.809,8.88,6.87,0.83,1.18
1996-02-26,0.547,8.37,6.86,0.38,1.13
1996-02-27,3.179,49.45,9.16,17.17,23.11
1996-02-28,3.436,20.94,8.38,5.42,7.14
1996-02-29,3.049,20.7,9.12,5.0,6.58
1996-03-01,1.049,9.66,6.91,1.19,1.56
1996-03-02,0.685,8.68,6.86,0.67,1.15
1996-03-03,2.443,37.13,8.38,12.05,16.71
1996-03-04,6.909,56.09,12.85,16.55,26.69
1996-03-05,1.884,12.72,7.47,2.15,3.09
1996-03-06,0.982,9.04,6.88,0.93,1.23
1996-03-07,0.671,8.62,6.85,0.63,1.14
1996-03-08,0.48,8.26,6.85,0.28,1.13
1996-03-09,0.354,7.99,6.83,0.03,1.13
1996-03-10,0.77,13.89,6.62,2.91,4.35
1996-03-11,4.051,30.69,9.29,9.23,12.17
1996-03-12,6.794,68.78,14.11,20.18,34.49
1996-03-13,1.378,12.13,6.91,1.96,3.26
1996-03-14,0.886,9.0,6.86,0.9,1.23
1996-03-15,0.618,8.5,6.85,0.51,1.14
1996-03-16,0.448,8.2,6.84,0.22,1.13
1996-03-17,0.335,7.96,6.83,0.02,1.12
1996-03-18,0.26,7.86,6.82,0.0,1.03
1996-03-19,0.206,7.78,6.82,0.0,0.96
1996-03-20,0.164,7.72,6.81,0.0,0.9
1996-03-21,0.134,7.69,6.82,0.0,0.87
1996-03-22,0.102,7.69,6.86,0.0,0.84
1996-03-23,0.075,7.57,6.77,0.0,0.8
1996-03-24,0.074,7.6,6.79,0.0,0.82
1996-03-25,0.058,7.63,6.84,0.0,0.79
1996-03-26,0.048,7.56,6.78,0.0,0.78
1996-03-27,0.047,7.53,6.74,0.0,0.79
1996-03-28,0.035,7.72,6.96,0.0,0.75
1996-03-29,0.024,7.5,6.74,0.0,0.76
1996-03-30,0.022,7.55,6.78,0.0,0.76
1996-03-31,0.02,7.55,6.79,0.0,0.76
1996-04-01,8.118,592.71,17.77,239.56,335.38
1996-04-02,0.581,111.94,7.12,42.54,62.29
1996-04-03,0.275,11.83,6.88,0.01,4.94
1996-04-04,0.198,7.89,6.82,0.0,1.07
1996-04-05,0.164,7.7,6.8,0.0,0.91
1996-04-06,0.142,7.67,6.79,0.0,0.88
1996-04-07,0.126,7.65,6.78,0.0,0.86
1996-04-08,0.113,7.63,6.78,0.0,0.85
1996-04-09,0.104,7.62,6.78,0.0,0.84
1996-04-10,0.089,7.62,6.8,0.0,0.82
1996-04-11,0.082,7.6,6.78,0.0,0.82
1996-04-12,0.071,7.62,6.81,0.0,0.81
1996-04-13,0.064,7.55,6.75,0.0,0.8
1996-04-14,0.062,7.57,6.77,0.0,0.8
1996-04-15,0.058,7.57,6.77,0.0,0.8
1996-04-16,0.894,19.75,6.54,5.65,7.56
1996-04-17,1.126,20.84,6.68,5.92,8.24
1996-04-18,1.349,21.26,7.54,5.86,7.87
1996-04-19,0.351,9.33,6.94,0.52,1.86
1996-04-20,0.239,7.87,6.83,0.0,1.04
1996-04-21,0.195,7.74,6.8,0.0,0.94
1996-04-22,0.165,7.72,6.81,0.0,0.91
1996-04-23,0.137,7.68,6.8,0.0,0.87
1996-04-24,0.116,7.65,6.8,0.0,0.85
1996-04-25,0.094,7.65,6.82,0.0,0.83
1996-04-26,0.077,7.61,6.8,0.0,0.81
1996-04-27,0.062,7.61,6.82,0.0,0.8
1996-04-28,0.052,7.58,6.79,0.0,0.79
1996-04-29,0.046,7.58,6.8,0.0,0.79
1996-04-30,0.039,7.58,6.8,0.0,0.78
1996-05-01,0.032,7.61,6.84,0.0,0.77
1996-05-02,0.024,7.56,6.8,0.0,0.76
1996-05-03,0.018,7.6,6.85,0.0,0.75
1996-05-04,0.015,7.54,6.78,0.0,0.75
1996-05-05,0.013,7.58,6.82,0.0,0.76
1996-05-06,0.011,7.56,6.8,0.0,0.76
1996-05-07,0.008,7.63,6.89,0.0,0.74
1996-05-08,0.005,7.54,6.81,0.0,0.73
1996-05-09,0.004,7.53,6.8,0.0,0.74
1996-05-10,0.003,7.57,6.82,0.0,0.75
1996-05-11,0.003,7.52,6.77,0.0,0.75
1996-05-12,0.003,7.53,6.77,0.0,0.76
1996-05-13,0.002,7.56,6.81,0.0,0.75
1996-05-14,3.897,52.47,11.46,16.7,24.32
1996-05-15,4.586,32.59,9.96,9.66,12.97
1996-05-16,3.997,28.78,11.27,7.56,9.95
1996-05-17,1.691,14.72,7.22,3.24,4.26
1996-05-18,1.322,14.85,7.27,3.27,4.31
1996-05-19,0.678,8.88,6.85,0.73,1.31
1996-05-20,0.526,8.27,6.82,0.32,1.14
1996-05-21,1.025,24.17,6.71,7.42,10.04
1996-05-22,0.464,10.58,6.9,1.23,2.45
1996-05-23,0.333,8.01,6.82,0.02,1.17
1996-05-24,0.268,7.86,6.81,0.0,1.04
1996-05-25,0.224,7.79,6.81,0.0,0.98
1996-05-26,0.188,7.74,6.8,0.0,0.93
1996-05-27,0.156,7.7,6.81,0.0,0.9
1996-05-28,0.13,7.67,6.8,0.0,0.87
1996-05-29,0.107,7.65,6.81,0.0,0.84
1996-05-30,0.09,7.63,6.81,0.0,0.83
1996-05-31,0.073,7.62,6.81,0.0,0.81
1996-06-01,0.061,7.61,6.81,0.0,0.8
1996-06-02,0.049,7.61,6.83,0.0,0.79
1996-06-03,0.038,7.6,6.82,0.0,0.78
1996-06-04,0.031,7.58,6.8,0.0,0.78
1996-06-05,0.025,7.6,6.83,0.0,0.77
1996-06-06,0.02,7.58,6.81,0.0,0.77
1996-06-07,0.017,7.57,6.8,0.0,0.77
1996-06-08,0.013,7.6,6.84,0.0,0.76
1996-06-09,0.01,7.59,6.83,0.0,0.76
1996-06-10,0.008,7.54,6.78,0.0,0.76
1996-06-11,0.007,7.55,6.79,0.0,0.77
1996-06-12,0.006,7.55,6.79,0.0,0.76
1996-06-13,0.005,7.56,6.79,0.0,0.76
1996-06-14,0.005,7.57,6.81,0.0,0.76
1996-06-15,0.004,7.55,6.8,0.0,0.76
1996-06-16,0.003,7.56,6.8,0.0,0.76
1996-06-17,0.002,7.73,6.98,0.0,0.76
1996-06-18,0.001,7.64,6.99,0.0,0.65
1996-06-19,0.0,7.46,6.71,0.0,0.75
1996-06-20,0.001,7.41,6.64,0.0,0.77
1996-06-21,0.001,7.6,6.84,0.0,0.76
1996-06-22,0.0,7.68,6.92,0.0,0.76
1996-06-23,0.0,7.59,6.97,0.0,0.62
1996-06-24,0.0,7.56,6.79,0.0,0.76
1996-06-25,0.0,7.49,6.81,0.0,0.68
1996-06-26,0.0,7.58,6.82,0.0,0.76
1996-06-27,0.0,7.86,7.66,0.0,0.2
1996-06-28,0.0,7.7,7.66,0.0,0.04
1996-06-29,0.0,0.0,0.0,0.0,0.0
1996-06-30,0.0,0.0,0.0,0.0,0.0
1996-07-01,0.0,0.0,0.0,0.0,0.0
1996-07-02,0.0,0.0,0.0,0.0,0.0
1996-07-03,0.0,0.0,0.0,0.0,0.0
1996-07-04,0.0,0.0,0.0,0.0,0.0
1996-07-05,0.0,0.0,0.0,0.0,0.0
1996-07-06,0.0,0.0,0.0,0.0,0.0
1996-07-07,0.0,0.0,0.0,0.0,0.0
1996-07-08,0.0,0.0,0.0,0.0,0.0
1996-07-09,0.0,0.0,0.0,0.0,0.0
1996-07-10,0.0,0.0,0.0,0.0,0.0
1996-07-11,0.0,0.0,0.0,0.0,0.0
1996-07-12,0.0,0.0,0.0,0.0,0.0
1996-07-13,0.0,0.0,0.0,0.0,0.0
1996-07-14,0.0,0.0,0.0,0.0,0.0
1996-07-15,0.0,0.0,0.0,0.0,0.0
1996-07-16,0.0,0.0,0.0,0.0,0.0
1996-07-17,0.0,0.0,0.0,0.0,0.0
1996-07-18,0.0,0.0,0.0,0.0,0.0
1996-07-19,0.0,0.0,0.0,0.0,0.0
1996-07-20,0.0,0.0,0.0,0.0,0.0
1996-07-21,0.0,0.0,0.0,0.0,0.0
1996-07-22,0.0,0.0,0.0,0.0,0.0
1996-07-23,0.0,0.0,0.0,0.0,0.0
1996-07-24,0.0,0.0,0.0,0.0,0.0
1996-07-25,0.0,0.0,0.0,0.0,0.0
1996-07-26,0.0,0.0,0.0,0.0,0.0
1996-07-27,0.0,0.0,0.0,0.0,0.0
1996-07-28,0.0,0.0,0.0,0.0,0.0
1996-07-29,0.0,0.0,0.0,0.0,0.0
1996-07-30,0.0,0.0,0.0,0.0,0.0
1996-07-31,0.0,0.0,0.0,0.0,0.0
1996-08-01,0.0,0.0,0.0,0.0,0.0
1996-08-02,0.0,0.0,0.0,0.0,0.0
1996-08-03,0.0,0.0,0.0,0.0,0.0
1996-08-04,0.0,0.0,0.0,0.0,0.0
1996-08-05,0.0,0.0,0.0,0.0,0.0
1996-08-06,0.0,0.0,0.0,0.0,0.0
1996-08-07,0.0,0.0,0.0,0.0,0.0
1996-08-08,0.0,0.0,0.0,0.0,0.0
1996-08-09,0.0,0.0,0.0,0.0,0.0
1996-08-10,0.0,0.0,0.0,0.0,0.0
1996-08-11,0.0,0.0,0.0,0.0,0.0
1996-08-12,0.0,0.0,0.0,0.0,0.0
1996-08-13,0.0,0.0,0.0,0.0,0.0
1996-08-14,0.0,0.0,0.0,0.0,0.0
1996-08-15,0.0,0.0,0.0,0.0,0.0
1996-08-16,0.0,0.0,0.0,0.0,0.0
1996-08-17,0.0,0.0,0.0,0.0,0.0
1996-08-18,0.0,0.0,0.0,0.0,0.0
1996-08-19,0.0,0.0,0.0,0.0,0.0
1996-08-20,0.0,0.0,0.0,0.0,0.0
1996-08-21,0.0,0.0,0.0,0.0,0.0
1996-08-22,0.0,0.0,0.0,0.0,0.0
1996-08-23,0.0,0.0,0.0,0.0,0.0
1996-08-24,0.0,0.0,0.0,0.0,0.0
1996-08-25,0.0,0.0,0.0,0.0,0.0
1996-08-26,0.0,0.0,0.0,0.0,0.0
1996-08-27,0.0,0.0,0.0,0.0,0.0
1996-08-28,0.0,0.0,0.0,0.0,0.0
1996-08-29,0.0,0.0,0.0,0.0,0.0
1996-08-30,0.0,0.0,0.0,0.0,0.0
1996-08-31,0.0,0.0,0.0,0.0,0.0
1996-09-01,0.0,0.0,0.0,0.0,0.0
1996-09-02,0.0,0.0,0.0,0.0,0.0
1996-09-03,0.0,0.0,0.0,0.0,0.0
1996-09-04,0.0,0.0,0.0,0.0,0.0
1996-09-05,0.0,0.0,0.0,0.0,0.0
1996-09-06,0.0,0.0,0.0,0.0,0.0
1996-09-07,0.0,0.0,0.0,0.0,0.0
1996-09-08,0.0,0.0,0.0,0.0,0.0
1996-09-09,0.0,0.0,0.0,0.0,0.0
1996-09-10,0.0,0.0,0.0,0.0,0.0
1996-09-11,0.0,0.0,0.0,0.0,0.0
1996-09-12,0.0,0.0,0.0,0.0,0.0
1996-09-13,0.0,0.0,0.0,0.0,0.0
1996-09-14,0.0,0.0,0.0,0.0,0.0
1996-09-15,0.0,0.0,0.0,0.0,0.0
1996-09-16,0.0,0.0,0.0,0.0,0.0
1996-09-17,0.0,0.0,0.0,0.0,0.0
1996-09-18,0.0,0.0,0.0,0.0,0.0
1996-09-19,0.0,0.0,0.0,0.0,0.0
1996-09-20,0.0,0.0,0.0,0.0,0.0
1996-09-21,0.0,0.0,0.0,0.0,0.0
1996-09-22,0.0,0.0,0.0,0.0,0.0
1996-09-23,0.0,0.0,0.0,0.0,0.0
1996-09-24,0.0,0.0,0.0,0.0,0.0
1996-09-25,0.0,0.0,0.0,0.0,0.0
1996-09-26,0.0,0.0,0.0,0.0,0.0
1996-09-27,0.0,0.0,0.0,0.0,0.0
1996-09-28,0.0,0.0,0.0,0.0,0.0
1996-09-29,0.0,0.0,0.0,0.0,0.0
1996-09-30,0.0,0.0,0.0,0.0,0.0
1996-10-01,0.0,0.0,0.0,0.0,0.0
1996-10-02,0.0,0.0,0.0,0.0,0.0
1996-10-03,0.0,0.0,0.0,0.0,0.0
1996-10-04,0.0,0.0,0.0,0.0,0.0
1996-10-05,0.0,0.0,0.0,0.0,0.0
1996-10-06,0.0,0.0,0.0,0.0,0.0
1996-10-07,0.0,0.0,0.0,0.0,0.0
1996-10-08,0.0,0.0,0.0,0.0,0.0
1996-10-09,0.0,0.0,0.0,0.0,0.0
1996-10-10,0.0,0.0,0.0,0.0,0.0
1996-10-11,0.0,0.0,0.0,0.0,0.0
1996-10-12,0.0,0.0,0.0,0.0,0.0
1996-10-13,0.0,0.0,0.0,0.0,0.0
1996-10-14,0.0,0.0,0.0,0.0,0.0
1996-10-15,0.0,0.0,0.0,0.0,0.0
1996-10-16,0.0,0.0,0.0,0.0,0.0
1996-10-17,0.0,0.0,0.0,0.0,0.0
1996-10-18,0.0,0.0,0.0,0.0,0.0
1996-10-19,0.0,0.0,0.0,0.0,0.0
1996-10-20,0.0,0.0,0.0,0.0,0.0
1996-10-21,0.0,0.0,0.0,0.0,0.0
1996-10-22,0.0,0.0,0.0,0.0,0.0
1996-10-23,0.0,0.0,0.0,0.0,0.0
1996-10-24,0.0,0.0,0.0,0.0,0.0
1996-10-25,0.0,0.0,0.0,0.0,0.0
1996-10-26,0.0,0.0,0.0,0.0,0.0
1996-10-27,0.0,0.0,0.0,0.0,0.0
1996-10-28,0.0,0.0,0.0,0.0,0.0
1996-10-29,5.706,125.48,14.47,42.75,68.27
1996-10-30,0.3,36.73,7.35,8.43,20.95
1996-10-31,0.101,8.77,6.88,0.0,1.9
1996-11-01,0.08,7.63,6.79,0.0,0.83
1996-11-02,0.072,7.59,6.78,0.0,0.81
1996-11-03,0.065,7.59,6.79,0.0,0.81
1996-11-04,0.058,7.6,6.8,0.0,0.8
1996-11-05,0.044,7.62,6.84,0.0,0.78
1996-11-06,0.04,7.51,6.72,0.0,0.79
1996-11-07,0.043,7.56,6.76,0.0,0.8
1996-11-08,0.039,7.58,6.79,0.0,0.79
1996-11-09,0.036,7.55,6.76,0.0,0.79
1996-11-10,0.035,7.56,6.77,0.0,0.79
1996-11-11,0.033,7.55,6.77,0.0,0.78
1996-11-12,0.032,7.55,6.76,0.0,0.78
1996-11-13,0.029,7.58,6.8,0.0,0.77
1996-11-14,0.021,7.66,6.91,0.0,0.76
1996-11-15,0.987,58.44,6.62,22.37,29.45
1996-11-16,8.119,101.85,16.22,30.22,55.41
1996-11-17,13.882,184.95,22.89,53.28,108.78
1996-11-18,3.052,26.19,8.54,7.23,10.42
1996-11-19,2.338,27.66,8.03,8.47,11.16
1996-11-20,1.193,12.84,6.82,2.6,3.42
1996-11-21,2.217,18.25,7.57,4.61,6.07
1996-11-22,2.23,18.97,8.26,4.62,6.08
1996-11-23,0.876,9.7,6.9,1.18,1.61
1996-11-24,0.651,8.47,6.81,0.51,1.15
1996-11-25,0.541,8.26,6.8,0.32,1.14
1996-11-26,0.451,8.19,6.8,0.25,1.14
1996-11-27,0.383,7.99,6.8,0.05,1.13
1996-11-28,0.325,7.94,6.81,0.01,1.12
1996-11-29,0.257,7.83,6.8,0.0,1.02
1996-11-30,0.231,7.77,6.78,0.0,0.98
1996-12-01,0.979,40.08,6.69,14.32,19.07
1996-12-02,0.276,13.41,7.0,1.19,5.22
1996-12-03,0.191,7.85,6.79,0.0,1.06
1996-12-04,3.716,60.03,11.24,19.28,29.52
1996-12-05,7.982,79.18,16.95,22.23,40.0
1996-12-06,1.029,13.18,6.96,2.33,3.89
1996-12-07,0.681,8.75,6.83,0.66,1.26
1996-12-08,0.631,8.29,6.36,0.58,1.36
1996-12-09,11.637,98.57,15.09,33.07,50.41
1996-12-10,10.109,111.86,16.21,35.7,59.96
1996-12-11,3.495,17.28,8.04,3.85,5.39
1996-12-12,4.38,24.08,9.95,6.1,8.03
1996-12-13,2.942,23.5,9.41,6.08,8.01
1996-12-14,1.38,9.32,6.85,1.07,1.4
1996-12-15,1.037,8.84,6.83,0.87,1.15
1996-12-16,0.82,8.81,6.82,0.86,1.14
1996-12-17,0.654,8.53,6.82,0.57,1.14
1996-12-18,0.517,8.25,6.82,0.3,1.13
1996-12-19,0.419,8.11,6.81,0.16,1.14
1996-12-20,0.345,7.95,6.81,0.02,1.13
1996-12-21,19.374,680.18,23.16,275.33,381.68
1996-12-22,2.108,23.95,7.94,6.63,9.38
1996-12-23,1.154,9.54,6.85,1.15,1.54
1996-12-24,0.883,8.84,6.82,0.87,1.15
1996-12-25,0.719,8.76,6.81,0.81,1.14
1996-12-26,7.707,73.72,11.88,25.34,36.5
1996-12-27,3.269,35.72,10.57,10.23,14.93
1996-12-28,5.277,82.75,11.16,28.73,42.87
1996-12-29,3.296,35.9,8.84,10.89,16.18
1996-12-30,2.49,14.81,7.38,3.19,4.24
1996-12-31,4.98,26.03,8.44,7.59,9.99
1997-01-01,33.75,774.43,25.5,312.22,436.72
1997-01-02,9.272,36.5,14.43,7.88,14.18
1997-01-03,3.87,11.65,9.33,0.98,1.35
1997-01-04,2.762,9.68,7.52,0.93,1.23
1997-01-05,2.421,12.18,7.71,1.93,2.54
1997-01-06,1.521,8.94,6.85,0.9,1.19
1997-01-07,1.136,8.83,6.83,0.86,1.14
1997-01-08,0.874,8.82,6.83,0.86,1.14
1997-01-09,0.684,8.63,6.82,0.67,1.14
1997-01-10,0.545,8.29,6.82,0.34,1.14
1997-01-11,0.44,8.16,6.81,0.21,1.14
1997-01-12,0.393,8.16,6.8,0.1,1.26
1997-01-13,0.281,7.96,6.86,0.01,1.09
1997-01-14,0.2,7.76,6.81,0.0,0.95
1997-01-15,0.944,21.41,6.66,6.29,8.46
1997-01-16,0.377,9.55,6.91,0.63,2.0
1997-01-17,0.272,7.91,6.82,0.0,1.09
1997-01-18,0.22,7.78,6.81,0.0,0.98
1997-01-19,0.186,7.73,6.8,0.0,0.93
1997-01-20,2.478,32.23,7.98,10.45,13.8
1997-01-21,3.988,29.68,9.29,8.8,11.59
1997-01-22,12.737,176.94,16.77,63.98,96.19
1997-01-23,4.264,18.36,9.68,3.69,4.99
1997-01-24,11.871,270.83,18.22,101.12,151.49
1997-01-25,14.24,371.24,19.05,141.24,210.96
1997-01-26,7.264,47.34,13.79,12.27,21.28
1997-01-27,2.697,10.26,7.73,1.04,1.49
1997-01-28,1.907,8.86,6.84,0.87,1.14
1997-01-29,1.367,8.84,6.85,0.86,1.13
1997-01-30,1.003,8.83,6.84,0.86,1.13
1997-01-31,0.765,8.74,6.83,0.78,1.13
1997-02-01,0.599,8.37,6.82,0.41,1.14
1997-02-02,0.472,8.22,6.82,0.27,1.13
1997-02-03,0.39,8.02,6.8,0.08,1.13
1997-02-04,0.371,8.14,6.77,0.04,1.33
1997-02-05,0.297,7.91,6.81,0.01,1.09
1997-02-06,0.253,7.81,6.79,0.0,1.02
1997-02-07,0.224,7.76,6.79,0.0,0.98
1997-02-08,0.191,7.74,6.8,0.0,0.94
1997-02-09,0.171,7.69,6.78,0.0,0.91
1997-02-10,0.154,7.68,6.78,0.0,0.89
1997-02-11,0.139,7.66,6.78,0.0,0.88
1997-02-12,0.122,7.67,6.81,0.0,0.86
1997-02-13,0.099,7.6,6.77,0.0,0.83
1997-02-14,0.104,7.6,6.75,0.0,0.85
1997-02-15,0.099,7.61,6.77,0.0,0.84
1997-02-16,0.095,7.61,6.77,0.0,0.84
1997-02-17,0.082,7.63,6.81,0.0,0.82
1997-02-18,0.072,7.57,6.76,0.0,0.81
1997-02-19,0.076,7.56,6.74,0.0,0.82
1997-02-20,0.065,7.61,6.81,0.0,0.8
1997-02-21,0.061,7.57,6.76,0.0,0.8
1997-02-22,0.059,7.57,6.77,0.0,0.8
1997-02-23,0.045,7.69,6.91,0.0,0.78
1997-02-24,0.018,7.61,6.92,0.0,0.68
1997-02-25,0.029,7.46,6.64,0.0,0.81
1997-02-26,0.027,7.61,6.84,0.0,0.77
1997-02-27,0.015,7.8,7.08,0.0,0.72
1997-02-28,0.005,7.31,6.66,0.0,0.65
1997-03-01,0.011,7.47,6.67,0.0,0.8
1997-03-02,0.011,7.66,6.9,0.0,0.76
1997-03-03,0.004,7.78,7.12,0.0,0.66
1997-03-04,0.002,7.12,6.44,0.0,0.68
1997-03-05,0.004,7.41,6.62,0.0,0.78
1997-03-06,0.005,7.53,6.76,0.0,0.77
1997-03-07,0.005,7.52,6.77,0.0,0.75
1997-03-08,0.004,7.64,6.89,0.0,0.75
1997-03-09,0.003,7.44,6.71,0.0,0.73
1997-03-10,0.003,7.6,6.83,0.0,0.77
1997-03-11,0.002,7.64,6.9,0.0,0.74
1997-03-12,0.0,8.01,7.56,0.0,0.46
1997-03-13,0.0,6.3,6.03,0.0,0.26
1997-03-14,0.0,7.02,6.26,0.0,0.76
1997-03-15,0.001,7.53,6.74,0.0,0.79
1997-03-16,0.001,7.45,6.73,0.0,0.73
1997-03-17,0.001,7.5,6.74,0.0,0.76
1997-03-18,0.001,7.55,6.79,0.0,0.76
1997-03-19,0.001,7.52,6.77,0.0,0.75
1997-03-20,0.001,7.55,6.8,0.0,0.75
1997-03-21,0.001,7.5,6.75,0.0,0.75
1997-03-22,0.001,7.55,6.79,0.0,0.76
1997-03-23,0.0,8.0,7.34,0.0,0.66
1997-03-24,0.0,6.76,6.06,0.0,0.7
1997-03-25,0.001,7.49,6.71,0.0,0.78
1997-03-26,0.001,7.67,6.9,0.0,0.77
1997-03-27,0.0,8.02,7.58,0.0,0.43
1997-03-28,0.0,7.74,7.66,0.0,0.08
1997-03-29,0.0,7.68,7.66,0.0,0.01
1997-03-30,0.0,7.62,6.79,0.02,0.81
1997-03-31,0.0,7.88,7.66,0.0,0.22
1997-04-01,0.0,7.72,7.66,0.0,0.05
1997-04-02,0.0,0.0,0.0,0.0,0.0
1997-04-03,0.0,0.0,0.0,0.0,0.0
1997-04-04,0.0,0.0,0.0,0.0,0.0
1997-04-05,0.0,0.0,0.0,0.0,0.0
1997-04-06,0.0,0.0,0.0,0.0,0.0
1997-04-07,0.0,0.0,0.0,0.0,0.0
1997-04-08,0.0,0.0,0.0,0.0,0.0
1997-04-09,0.0,0.0,0.0,0.0,0.0
1997-04-10,0.0,0.0,0.0,0.0,0.0
1997-04-11,0.0,0.0,0.0,0.0,0.0
1997-04-12,0.0,0.0,0.0,0.0,0.0
1997-04-13,0.0,0.0,0.0,0.0,0.0
1997-04-14,0.0,0.0,0.0,0.0,0.0
1997-04-15,0.0,0.0,0.0,0.0,0.0
1997-04-16,0.0,0.0,0.0,0.0,0.0
1997-04-17,0.0,0.0,0.0,0.0,0.0
1997-04-18,0.003,16.99,6.75,4.42,5.81
1997-04-19,0.517,23.21,6.69,6.35,10.17
1997-04-20,0.273,10.29,6.83,0.25,3.21
1997-04-21,0.069,8.12,6.96,0.0,1.16
1997-04-22,0.038,7.67,6.91,0.0,0.76
1997-04-23,0.023,7.69,6.96,0.0,0.73
1997-04-24,0.011,7.54,6.82,0.0,0.71
1997-04-25,0.013,7.49,6.71,0.0,0.77
1997-04-26,0.014,7.55,6.78,0.0,0.77
1997-04-27,0.012,7.61,6.85,0.0,0.76
1997-04-28,0.007,7.44,6.72,0.0,0.72
1997-04-29,0.01,7.55,6.78,0.0,0.77
1997-04-30,0.008,7.54,6.79,0.0,0.75
1997-05-01,0.004,7.71,7.0,0.0,0.71
1997-05-02,0.004,7.46,6.7,0.0,0.76
1997-05-03,0.005,7.52,6.76,0.0,0.77
1997-05-04,0.005,7.55,6.79,0.0,0.76
1997-05-05,0.004,7.58,6.82,0.0,0.75
1997-05-06,0.003,7.54,6.81,0.0,0.73
1997-05-07,0.002,7.5,6.76,0.0,0.74
1997-05-08,0.002,7.6,6.85,0.0,0.75
1997-05-09,0.002,7.44,6.69,0.0,0.75
1997-05-10,0.002,7.53,6.77,0.0,0.75
1997-05-11,0.002,7.64,6.89,0.0,0.75
1997-05-12,0.001,7.54,6.84,0.0,0.7
1997-05-13,0.0,7.77,7.04,0.0,0.73
1997-05-14,0.0,7.36,6.62,0.0,0.74
1997-05-15,0.0,7.61,6.86,0.0,0.75
1997-05-16,0.0,7.66,6.94,0.0,0.72
1997-05-17,0.0,7.56,6.91,0.0,0.65
1997-05-18,0.0,7.54,6.85,0.0,0.69
1997-05-19,0.0,7.87,7.66,0.0,0.2
1997-05-20,0.0,7.7,7.66,0.0,0.04
1997-05-21,0.0,0.0,0.0,0.0,0.0
1997-05-22,0.0,0.0,0.0,0.0,0.0
1997-05-23,0.0,0.0,0.0,0.0,0.0
1997-05-24,0.0,0.0,0.0,0.0,0.0
1997-05-25,0.0,0.0,0.0,0.0,0.0
1997-05-26,0.0,0.0,0.0,0.0,0.0
1997-05-27,0.0,0.0,0.0,0.0,0.0
1997-05-28,0.0,0.0,0.0,0.0,0.0
1997-05-29,0.0,0.0,0.0,0.0,0.0
1997-05-30,0.0,0.0,0.0,0.0,0.0
1997-05-31,0.0,0.0,0.0,0.0,0.0
1997-06-01,0.0,0.0,0.0,0.0,0.0
1997-06-02,0.0,0.0,0.0,0.0,0.0
1997-06-03,0.0,0.0,0.0,0.0,0.0
1997-06-04,0.0,0.0,0.0,0.0,0.0
1997-06-05,0.0,0.0,0.0,0.0,0.0
1997-06-06,0.0,0.0,0.0,0.0,0.0
1997-06-07,0.0,0.0,0.0,0.0,0.0
1997-06-08,0.0,0.0,0.0,0.0,0.0
1997-06-09,0.0,0.0,0.0,0.0,0.0
1997-06-10,0.0,0.0,0.0,0.0,0.0
1997-06-11,0.0,0.0,0.0,0.0,0.0
1997-06-12,0.0,0.0,0.0,0.0,0.0
1997-06-13,0.0,0.0,0.0,0.0,0.0
1997-06-14,0.0,0.0,0.0,0.0,0.0
1997-06-15,0.0,0.0,0.0,0.0,0.0
1997-06-16,0.0,0.0,0.0,0.0,0.0
1997-06-17,0.0,0.0,0.0,0.0,0.0
1997-06-18,0.0,0.0,0.0,0.0,0.0
1997-06-19,0.0,0.0,0.0,0.0,0.0
1997-06-20,0.0,0.0,0.0,0.0,0.0
1997-06-21,0.0,0.0,0.0,0.0,0.0
1997-06-22,0.0,0.0,0.0,0.0,0.0
1997-06-23,0.0,0.0,0.0,0.0,0.0
1997-06-24,0.0,0.0,0.0,0.0,0.0
1997-06-25,0.0,0.0,0.0,0.0,0.0
1997-06-26,0.0,0.0,0.0,0.0,0.0
1997-06-27,0.0,0.0,0.0,0.0,0.0
1997-06-28,0.0,0.0,0.0,0.0,0.0
1997-06-29,0.0,0.0,0.0,0.0,0.0
1997-06-30,0.0,0.0,0.0,0.0,0.0
1997-07-01,0.0,0.0,0.0,0.0,0.0
1997-07-02,0.0,0.0,0.0,0.0,0.0
1997-07-03,0.0,0.0,0.0,0.0,0.0
1997-07-04,0.0,0.0,0.0,0.0,0.0
1997-07-05,0.0,0.0,0.0,0.0,0.0
1997-07-06,0.0,0.0,0.0,0.0,0.0
1997-07-07,0.0,0.0,0.0,0.0,0.0
1997-07-08,0.0,0.0,0.0,0.0,0.0
1997-07-09,0.0,0.0,0.0,0.0,0.0
1997-07-10,0.0,0.0,0.0,0.0,0.0
1997-07-11,0.0,0.0,0.0,0.0,0.0
1997-07-12,0.0,0.0,0.0,0.0,0.0
1997-07-13,0.0,0.0,0.0,0.0,0.0
1997-07-14,0.0,0.0,0.0,0.0,0.0
1997-07-15,0.0,0.0,0.0,0.0,0.0
1997-07-16,0.0,0.0,0.0,0.0,0.0
1997-07-17,0.0,0.0,0.0,0.0,0.0
1997-07-18,0.0,0.0,0.0,0.0,0.0
1997-07-19,0.0,0.0,0.0,0.0,0.0
1997-07-20,0.0,0.0,0.0,0.0,0.0
1997-07-21,0.0,0.0,0.0,0.0,0.0
1997-07-22,0.0,0.0,0.0,0.0,0.0
1997-07-23,0.0,0.0,0.0,0.0,0.0
1997-07-24,0.0,0.0,0.0,0.0,0.0
1997-07-25,0.0,0.0,0.0,0.0,0.0
1997-07-26,0.0,0.0,0.0,0.0,0.0
1997-07-27,0.0,0.0,0.0,0.0,0.0
1997-07-28,0.0,0.0,0.0,0.0,0.0
1997-07-29,0.0,0.0,0.0,0.0,0.0
1997-07-30,0.0,0.0,0.0,0.0,0.0
1997-07-31,0.0,0.0,0.0,0.0,0.0
1997-08-01,0.0,0.0,0.0,0.0,0.0
1997-08-02,0.0,0.0,0.0,0.0,0.0
1997-08-03,0.0,0.0,0.0,0.0,0.0
1997-08-04,0.0,0.0,0.0,0.0,0.0
1997-08-05,0.0,0.0,0.0,0.0,0.0
1997-08-06,0.0,0.0,0.0,0.0,0.0
1997-08-07,0.0,0.0,0.0,0.0,0.0
1997-08-08,0.0,0.0,0.0,0.0,0.0
1997-08-09,0.0,0.0,0.0,0.0,0.0
1997-08-10,0.0,0.0,0.0,0.0,0.0
1997-08-11,0.0,0.0,0.0,0.0,0.0
1997-08-12,0.0,0.0,0.0,0.0,0.0
1997-08-13,0.0,0.0,0.0,0.0,0.0
1997-08-14,0.0,0.0,0.0,0.0,0.0
1997-08-15,0.0,0.0,0.0,0.0,0.0
1997-08-16,0.0,0.0,0.0,0.0,0.0
1997-08-17,0.0,0.0,0.0,0.0,0.0
1997-08-18,0.0,0.0,0.0,0.0,0.0
1997-08-19,0.0,0.0,0.0,0.0,0.0
1997-08-20,0.0,0.0,0.0,0.0,0.0
1997-08-21,0.0,0.0,0.0,0.0,0.0
1997-08-22,0.0,0.0,0.0,0.0,0.0
1997-08-23,0.0,0.0,0.0,0.0,0.0
1997-08-24,0.0,0.0,0.0,0.0,0.0
1997-08-25,0.0,0.0,0.0,0.0,0.0
1997-08-26,0.0,0.0,0.0,0.0,0.0
1997-08-27,0.0,0.0,0.0,0.0,0.0
1997-08-28,0.0,0.0,0.0,0.0,0.0
1997-08-29,0.0,0.0,0.0,0.0,0.0
1997-08-30,0.0,0.0,0.0,0.0,0.0
1997-08-31,0.0,0.0,0.0,0.0,0.0
1997-09-01,0.0,0.0,0.0,0.0,0.0
1997-09-02,0.0,0.0,0.0,0.0,0.0
1997-09-03,0.0,0.0,0.0,0.0,0.0
1997-09-04,0.0,0.0,0.0,0.0,0.0
1997-09-05,0.0,0.0,0.0,0.0,0.0
1997-09-06,0.0,0.0,0.0,0.0,0.0
1997-09-07,0.0,0.0,0.0,0.0,0.0
1997-09-08,0.0,0.0,0.0,0.0,0.0
1997-09-09,0.0,0.0,0.0,0.0,0.0
1997-09-10,0.0,0.0,0.0,0.0,0.0
1997-09-11,0.0,0.0,0.0,0.0,0.0
1997-09-12,0.0,0.0,0.0,0.0,0.0
1997-09-13,0.0,0.0,0.0,0.0,0.0
1997-09-14,0.0,0.0,0.0,0.0,0.0
1997-09-15,0.0,0.0,0.0,0.0,0.0
1997-09-16,0.0,0.0,0.0,0.0,0.0
1997-09-17,0.0,0.0,0.0,0.0,0.0
1997-09-18,0.0,0.0,0.0,0.0,0.0
1997-09-19,0.0,0.0,0.0,0.0,0.0
1997-09-20,0.0,0.0,0.0,0.0,0.0
1997-09-21,0.0,0.0,0.0,0.0,0.0
1997-09-22,0.0,0.0,0.0,0.0,0.0
1997-09-23,0.0,0.0,0.0,0.0,0.0
1997-09-24,0.0,0.0,0.0,0.0,0.0
1997-09-25,0.0,0.0,0.0,0.0,0.0
1997-09-26,0.0,0.0,0.0,0.0,0.0
1997-09-27,0.0,0.0,0.0,0.0,0.0
1997-09-28,0.0,0.0,0.0,0.0,0.0
1997-09-29,0.0,0.0,0.0,0.0,0.0
1997-09-30,0.0,0.0,0.0,0.0,0.0
1997-10-01,0.0,0.0,0.0,0.0,0.0
1997-10-02,0.0,0.0,0.0,0.0,0.0
1997-10-03,0.0,0.0,0.0,0.0,0.0
1997-10-04,0.0,0.0,0.0,0.0,0.0
1997-10-05,0.0,0.0,0.0,0.0,0.0
1997-10-06,0.0,0.0,0.0,0.0,0.0
1997-10-07,0.0,0.0,0.0,0.0,0.0
1997-10-08,0.0,0.0,0.0,0.0,0.0
1997-10-09,5.99,119.42,14.85,40.28,64.3
1997-10-10,0.293,36.76,7.37,8.31,21.08
1997-10-11,0.076,9.07,6.93,0.0,2.14
1997-10-12,0.067,7.56,6.73,0.0,0.83
1997-10-13,0.07,7.58,6.76,0.0,0.82
1997-10-14,0.065,7.59,6.78,0.0,0.81
1997-10-15,0.06,7.58,6.78,0.0,0.81
1997-10-16,0.055,7.58,6.78,0.0,0.8
1997-10-17,0.051,7.57,6.77,0.0,0.8
1997-10-18,0.045,7.59,6.8,0.0,0.79
1997-10-19,0.039,7.59,6.8,0.0,0.78
1997-10-20,0.034,7.55,6.77,0.0,0.78
1997-10-21,0.032,7.57,6.79,0.0,0.78
1997-10-22,0.027,7.58,6.81,0.0,0.78
1997-10-23,0.021,7.6,6.83,0.0,0.76
1997-10-24,0.015,7.61,6.86,0.0,0.75
1997-10-25,0.013,7.45,6.69,0.0,0.76
1997-10-26,0.015,7.56,6.78,0.0,0.78
1997-10-27,0.012,7.57,6.81,0.0,0.76
1997-10-28,0.01,7.61,6.84,0.0,0.77
1997-10-29,0.009,7.39,6.63,0.0,0.76
1997-10-30,0.013,7.53,6.75,0.0,0.78
1997-10-31,0.012,7.56,6.79,0.0,0.77
1997-11-01,0.01,7.57,6.81,0.0,0.76
1997-11-02,0.008,7.57,6.81,0.0,0.76
1997-11-03,0.007,7.55,6.8,0.0,0.76
1997-11-04,0.006,7.52,6.76,0.0,0.76
1997-11-05,0.006,7.52,6.76,0.0,0.77
1997-11-06,0.006,7.59,6.82,0.0,0.77
1997-11-07,0.004,7.76,7.03,0.0,0.74
1997-11-08,0.0,7.76,7.37,0.0,0.39
1997-11-09,0.0,6.03,5.37,0.0,0.65
1997-11-10,4.376,84.88,10.67,29.85,44.36
1997-11-11,0.515,28.42,7.45,7.96,13.01
1997-11-12,0.127,8.85,6.92,0.0,1.92
1997-11-13,3.398,50.22,9.87,17.42,22.94
1997-11-14,4.532,48.71,11.11,15.5,22.11
1997-11-15,2.553,35.2,8.6,11.31,15.3
1997-11-16,1.021,14.16,6.87,3.04,4.25
1997-11-17,0.57,9.02,6.86,0.66,1.5
1997-11-18,1.306,57.89,8.07,20.22,29.59
1997-11-19,3.874,52.47,10.6,17.51,24.35
1997-11-20,0.728,12.5,6.98,2.16,3.36
1997-11-21,0.501,8.39,6.81,0.35,1.23
1997-11-22,0.422,8.11,6.8,0.17,1.14
1997-11-23,0.954,22.27,6.7,6.6,8.98
1997-11-24,2.769,70.12,11.2,22.54,36.38
1997-11-25,8.336,95.38,11.3,33.18,50.9
1997-11-26,18.527,312.2,27.55,108.89,175.76
1997-11-27,3.193,42.5,10.68,12.47,19.36
1997-11-28,1.532,10.98,6.81,1.75,2.42
1997-11-29,3.758,62.59,9.34,22.43,30.82
1997-11-30,5.515,139.11,17.64,46.28,75.2
1997-12-01,1.704,16.49,6.86,3.98,5.64
1997-12-02,1.075,9.61,6.82,1.2,1.59
1997-12-03,1.013,11.73,6.68,2.16,2.89
1997-12-04,0.806,11.3,6.95,1.76,2.58
1997-12-05,3.832,81.68,10.72,28.06,42.9
1997-12-06,0.814,15.32,6.78,3.3,5.25
1997-12-07,14.009,227.35,16.9,86.17,124.28
1997-12-08,2.442,21.55,8.52,5.22,7.81
1997-12-09,1.273,9.29,6.85,1.04,1.41
1997-12-10,0.957,8.84,6.83,0.87,1.15
1997-12-11,0.751,8.76,6.82,0.81,1.14
1997-12-12,0.605,8.41,6.82,0.46,1.14
1997-12-13,0.483,8.21,6.81,0.27,1.13
1997-12-14,8.475,92.39,14.03,30.57,47.8
1997-12-15,1.395,14.66,6.98,3.13,4.55
1997-12-16,0.872,9.11,6.84,0.97,1.3
1997-12-17,0.668,8.6,6.82,0.63,1.14
1997-12-18,0.504,8.28,6.84,0.3,1.14
1997-12-19,0.382,8.01,6.81,0.07,1.13
1997-12-20,0.325,7.96,6.82,0.01,1.12
1997-12-21,0.227,7.88,6.88,0.0,1.0
1997-12-22,0.139,7.71,6.84,0.0,0.87
1997-12-23,0.138,7.66,6.78,0.0,0.88
1997-12-24,0.091,7.77,6.95,0.0,0.82
1997-12-25,0.046,7.56,6.82,0.0,0.74
1997-12-26,0.048,7.57,6.77,0.0,0.8
1997-12-27,0.04,7.59,6.82,0.0,0.77
1997-12-28,0.035,7.59,6.81,0.0,0.78
1997-12-29,0.023,7.58,6.84,0.0,0.74
1997-12-30,0.018,7.53,6.78,0.0,0.75
1997-12-31,0.019,7.56,6.78,0.0,0.77
1998-01-01,0.015,7.63,6.87,0.0,0.75
1998-01-02,5.859,61.28,11.6,19.74,29.94
1998-01-03,2.24,28.41,6.76,8.99,12.66
1998-01-04,5.98,62.52,12.95,19.59,29.98
1998-01-05,1.247,14.02,7.04,2.94,4.04
1998-01-06,0.844,9.43,6.47,1.2,1.76
1998-01-07,1.934,16.74,7.27,4.07,5.4
1998-01-08,1.101,16.54,6.78,4.13,5.63
1998-01-09,2.586,56.62,9.68,19.21,27.73
1998-01-10,5.944,40.64,11.3,12.31,17.04
1998-01-11,11.813,192.86,18.16,66.69,108.01
1998-01-12,15.969,165.29,19.02,55.13,91.14
1998-01-13,3.794,29.51,8.72,8.34,12.44
1998-01-14,9.186,71.97,13.43,23.43,35.11
1998-01-15,7.857,49.02,13.35,13.9,21.77
1998-01-16,3.175,12.4,8.29,1.75,2.37
1998-01-17,2.152,10.06,7.21,1.23,1.62
1998-01-18,19.969,1075.2,21.12,448.56,605.52
1998-01-19,3.438,54.01,9.37,18.47,26.17
1998-01-20,2.07,9.87,6.87,1.28,1.72
1998-01-21,1.555,8.87,6.83,0.88,1.16
1998-01-22,1.19,8.82,6.83,0.86,1.14
1998-01-23,0.929,8.82,6.82,0.86,1.13
1998-01-24,0.743,8.78,6.81,0.83,1.14
1998-01-25,0.603,8.43,6.81,0.49,1.14
1998-01-26,0.524,8.17,6.65,0.34,1.18
1998-01-27,0.654,10.51,6.86,1.41,2.24
1998-01-28,1.278,2.77,2.29,0.08,0.4
1998-01-29,14.46,590.87,21.97,236.52,332.38
1998-01-30,1.657,23.39,6.89,6.76,9.74
1998-01-31,6.141,81.61,12.54,27.53,41.54
1998-02-01,13.687,298.58,18.45,113.5,166.63
1998-02-02,25.51,363.88,20.03,139.74,204.11
1998-02-03,21.518,281.21,23.5,99.64,158.07
1998-02-04,8.013,21.74,12.91,3.43,5.4
1998-02-05,12.49,101.22,16.01,33.24,51.97
1998-02-06,21.177,163.74,19.35,54.26,90.13
1998-02-07,15.05,110.08,16.84,36.38,56.86
1998-02-08,7.362,29.64,12.65,6.68,10.3
1998-02-09,4.492,19.39,9.98,4.06,5.35
1998-02-10,2.878,13.14,7.96,2.24,2.94
1998-02-11,3.794,28.7,9.31,8.37,11.02
1998-02-12,2.425,14.41,7.46,3.0,3.95
1998-02-13,1.321,9.71,6.92,1.21,1.59
1998-02-14,10.102,213.77,15.82,80.82,117.14
1998-02-15,4.246,83.64,10.29,29.83,43.53
1998-02-16,2.95,23.5,8.43,6.37,8.7
1998-02-17,1.717,13.06,7.17,2.54,3.35
1998-02-18,1.308,7.11,5.28,0.79,1.04
1998-02-19,12.175,167.09,16.02,61.8,89.27
1998-02-20,2.465,16.03,7.74,3.35,4.94
1998-02-21,18.227,748.52,21.19,309.41,417.91
1998-02-22,6.833,105.31,12.04,38.81,54.46
1998-02-23,5.886,54.78,11.64,17.21,25.93
1998-02-24,2.343,13.25,7.38,2.37,3.49
1998-02-25,1.503,9.02,6.88,0.92,1.23
1998-02-26,1.003,8.86,6.86,0.86,1.14
1998-02-27,0.731,8.68,6.83,0.72,1.13
1998-02-28,0.563,8.32,6.82,0.36,1.13
1998-03-01,0.448,8.18,6.81,0.23,1.14
1998-03-02,0.37,7.97,6.8,0.03,1.13
1998-03-03,0.293,7.94,6.84,0.01,1.09
1998-03-04,0.224,7.79,6.8,0.0,0.98
1998-03-05,0.244,8.82,6.35,0.7,1.77
1998-03-06,0.686,21.74,6.81,6.3,8.63
1998-03-07,0.313,9.57,6.92,0.37,2.29
1998-03-08,0.214,7.85,6.83,0.0,1.02
1998-03-09,0.166,7.73,6.82,0.0,0.91
1998-03-10,0.139,7.67,6.8,0.0,0.88
1998-03-11,0.123,7.64,6.78,0.0,0.86
1998-03-12,0.116,7.74,6.74,0.0,1.0
1998-03-13,0.744,19.42,6.63,5.4,7.38
1998-03-14,0.289,9.48,6.98,0.37,2.13
1998-03-15,0.179,7.81,6.84,0.0,0.96
1998-03-16,0.136,7.7,6.83,0.0,0.87
1998-03-17,0.108,7.65,6.81,0.0,0.84
1998-03-18,0.092,7.63,6.8,0.0,0.83
1998-03-19,0.079,7.61,6.79,0.0,0.82
1998-03-20,0.07,7.6,6.79,0.0,0.81
1998-03-21,0.066,7.56,6.75,0.0,0.81
1998-03-22,0.867,32.04,6.61,10.94,14.5
1998-03-23,2.076,32.08,8.38,10.08,13.61
1998-03-24,1.933,21.2,7.42,5.93,7.86
1998-03-25,2.812,45.73,9.71,15.54,20.48
1998-03-26,0.739,11.34,6.94,1.78,2.62
1998-03-27,0.45,8.38,6.88,0.29,1.21
1998-03-28,0.289,8.04,6.87,0.01,1.17
1998-03-29,0.214,7.78,6.81,0.0,0.97
1998-03-30,0.176,7.74,6.82,0.0,0.92
1998-03-31,3.554,36.19,9.56,11.49,15.14
1998-04-01,0.966,14.02,7.01,2.99,4.02
1998-04-02,2.061,88.5,9.49,32.61,46.39
1998-04-03,5.585,96.62,11.37,34.83,50.43
1998-04-04,3.061,34.07,9.2,10.69,14.18
1998-04-05,1.484,19.7,7.02,5.47,7.2
1998-04-06,1.591,14.12,6.69,3.21,4.22
1998-04-07,0.896,10.12,6.99,1.29,1.84
1998-04-08,0.538,8.38,6.85,0.36,1.16
1998-04-09,0.401,8.1,6.83,0.14,1.13
1998-04-10,0.312,7.94,6.82,0.01,1.1
1998-04-11,0.24,7.86,6.85,0.0,1.01
1998-04-12,0.822,27.23,5.91,9.13,12.2
1998-04-13,3.105,45.44,9.81,14.86,20.76
1998-04-14,0.749,11.99,6.99,1.98,3.02
1998-04-15,0.448,8.37,6.85,0.29,1.23
1998-04-16,0.334,7.97,6.83,0.01,1.12
1998-04-17,0.259,7.86,6.82,0.0,1.03
1998-04-18,0.206,7.77,6.81,0.0,0.96
1998-04-19,0.17,7.72,6.8,0.0,0.91
1998-04-20,0.142,7.68,6.8,0.0,0.88
1998-04-21,0.119,7.66,6.8,0.0,0.86
1998-04-22,0.102,7.64,6.8,0.0,0.84
1998-04-23,0.091,7.61,6.78,0.0,0.83
1998-04-24,0.073,7.65,6.84,0.0,0.81
1998-04-25,0.052,7.59,6.81,0.0,0.78
1998-04-26,0.049,7.57,6.78,0.0,0.79
1998-04-27,0.044,7.58,6.79,0.0,0.79
1998-04-28,0.037,7.58,6.8,0.0,0.78
1998-04-29,0.031,7.58,6.81,0.0,0.77
1998-04-30,0.025,7.6,6.84,0.0,0.76
1998-05-01,0.024,7.48,6.7,0.0,0.78
1998-05-02,0.02,7.61,6.86,0.0,0.74
1998-05-03,0.017,7.53,6.76,0.0,0.77
1998-05-04,2.438,99.72,9.15,36.52,54.04
1998-05-05,2.186,53.68,8.8,19.06,25.81
1998-05-06,0.902,24.72,7.04,7.47,10.21
1998-05-07,0.445,10.07,7.01,0.98,2.07
1998-05-08,0.256,7.95,6.86,0.0,1.08
1998-05-09,0.181,7.77,6.84,0.0,0.93
1998-05-10,0.149,7.69,6.8,0.0,0.89
1998-05-11,0.791,24.27,6.36,7.68,10.23
1998-05-12,4.446,41.05,9.66,13.55,17.84
1998-05-13,1.247,21.45,7.11,6.18,8.15
1998-05-14,0.592,9.38,6.9,0.84,1.65
1998-05-15,0.418,8.17,6.83,0.18,1.15
1998-05-16,0.319,7.95,6.83,0.01,1.11
1998-05-17,0.254,7.84,6.81,0.0,1.02
1998-05-18,0.209,7.77,6.81,0.0,0.96
1998-05-19,0.171,7.73,6.81,0.0,0.91
1998-05-20,0.139,7.69,6.81,0.0,0.88
1998-05-21,0.116,7.66,6.8,0.0,0.85
1998-05-22,0.099,7.63,6.8,0.0,0.84
1998-05-23,0.086,7.61,6.79,0.0,0.83
1998-05-24,0.078,7.6,6.78,0.0,0.82
1998-05-25,0.058,7.72,6.93,0.0,0.79
1998-05-26,0.035,7.55,6.8,0.0,0.75
1998-05-27,3.54,36.34,9.91,11.4,15.03
1998-05-28,4.707,32.65,10.29,9.65,12.71
1998-05-29,2.407,19.85,7.75,5.22,6.87
1998-05-30,0.908,10.63,6.93,1.58,2.12
1998-05-31,0.618,8.51,6.83,0.5,1.18
1998-06-01,0.48,8.23,6.82,0.28,1.14
1998-06-02,0.383,8.03,6.81,0.08,1.13
1998-06-03,0.313,7.92,6.81,0.01,1.1
1998-06-04,0.252,7.84,6.82,0.0,1.02
1998-06-05,0.207,7.76,6.8,0.0,0.96
1998-06-06,0.174,7.72,6.8,0.0,0.92
1998-06-07,0.145,7.69,6.8,0.0,0.88
1998-06-08,0.123,7.66,6.8,0.0,0.86
1998-06-09,0.101,7.65,6.81,0.0,0.84
1998-06-10,0.09,7.61,6.77,0.0,0.83
1998-06-11,0.072,7.64,6.84,0.0,0.8
1998-06-12,0.059,7.6,6.8,0.0,0.8
1998-06-13,0.049,7.6,6.81,0.0,0.79
1998-06-14,0.04,7.6,6.82,0.0,0.78
1998-06-15,0.032,7.6,6.83,0.0,0.77
1998-06-16,0.024,7.61,6.85,0.0,0.76
1998-06-17,0.018,7.54,6.78,0.0,0.76
1998-06-18,0.017,7.58,6.81,0.0,0.77
1998-06-19,0.013,7.57,6.81,0.0,0.76
1998-06-20,0.011,7.55,6.79,0.0,0.76
1998-06-21,0.009,7.55,6.8,0.0,0.76
1998-06-22,0.008,7.56,6.8,0.0,0.76
1998-06-23,0.006,7.56,6.81,0.0,0.75
1998-06-24,0.005,7.55,6.8,0.0,0.75
1998-06-25,0.004,7.59,6.84,0.0,0.75
1998-06-26,0.003,7.53,6.8,0.0,0.73
1998-06-27,0.003,7.52,6.76,0.0,0.77
1998-06-28,0.003,7.58,6.83,0.0,0.75
1998-06-29,0.002,7.51,6.77,0.0,0.74
1998-06-30,0.002,7.62,6.86,0.0,0.75
1998-07-01,0.001,7.5,6.77,0.0,0.73
1998-07-02,0.001,7.54,6.78,0.0,0.75
1998-07-03,0.001,7.56,6.81,0.0,0.75
1998-07-04,0.001,7.56,6.82,0.0,0.74
1998-07-05,0.0,7.58,6.84,0.0,0.74
1998-07-06,0.0,7.53,6.8,0.0,0.73
1998-07-07,0.0,7.7,6.95,0.0,0.74
1998-07-08,0.0,7.53,6.81,0.0,0.71
1998-07-09,0.0,7.53,6.8,0.0,0.73
1998-07-10,0.0,7.53,6.8,0.0,0.72
1998-07-11,0.0,7.58,6.86,0.0,0.72
1998-07-12,0.0,7.85,7.64,0.0,0.21
1998-07-13,0.0,7.71,7.66,0.0,0.04
1998-07-14,0.0,0.0,0.0,0.0,0.0
1998-07-15,0.0,0.0,0.0,0.0,0.0
1998-07-16,0.0,0.0,0.0,0.0,0.0
1998-07-17,0.0,0.0,0.0,0.0,0.0
1998-07-18,0.0,0.0,0.0,0.0,0.0
1998-07-19,0.0,0.0,0.0,0.0,0.0
1998-07-20,0.0,0.0,0.0,0.0,0.0
1998-07-21,0.0,0.0,0.0,0.0,0.0
1998-07-22,0.0,0.0,0.0,0.0,0.0
1998-07-23,0.0,0.0,0.0,0.0,0.0
1998-07-24,0.0,0.0,0.0,0.0,0.0
1998-07-25,0.0,0.0,0.0,0.0,0.0
1998-07-26,0.0,0.0,0.0,0.0,0.0
1998-07-27,0.0,0.0,0.0,0.0,0.0
1998-07-28,0.0,0.0,0.0,0.0,0.0
1998-07-29,0.0,0.0,0.0,0.0,0.0
1998-07-30,0.0,0.0,0.0,0.0,0.0
1998-07-31,0.0,0.0,0.0,0.0,0.0
1998-08-01,0.0,0.0,0.0,0.0,0.0
1998-08-02,0.0,0.0,0.0,0.0,0.0
1998-08-03,0.0,0.0,0.0,0.0,0.0
1998-08-04,0.0,0.0,0.0,0.0,0.0
1998-08-05,0.0,0.0,0.0,0.0,0.0
1998-08-06,0.0,0.0,0.0,0.0,0.0
1998-08-07,0.0,0.0,0.0,0.0,0.0
1998-08-08,0.0,0.0,0.0,0.0,0.0
1998-08-09,0.0,0.0,0.0,0.0,0.0
1998-08-10,0.0,0.0,0.0,0.0,0.0
1998-08-11,0.0,0.0,0.0,0.0,0.0
1998-08-12,0.0,0.0,0.0,0.0,0.0
1998-08-13,0.0,0.0,0.0,0.0,0.0
1998-08-14,0.0,0.0,0.0,0.0,0.0
1998-08-15,0.0,0.0,0.0,0.0,0.0
1998-08-16,0.0,0.0,0.0,0.0,0.0
1998-08-17,0.0,0.0,0.0,0.0,0.0
1998-08-18,0.0,0.0,0.0,0.0,0.0
1998-08-19,0.0,0.0,0.0,0.0,0.0
1998-08-20,0.0,0.0,0.0,0.0,0.0
1998-08-21,0.0,0.0,0.0,0.0,0.0
1998-08-22,0.0,0.0,0.0,0.0,0.0
1998-08-23,0.0,0.0,0.0,0.0,0.0
1998-08-24,0.0,0.0,0.0,0.0,0.0
1998-08-25,0.0,0.0,0.0,0.0,0.0
1998-08-26,0.0,0.0,0.0,0.0,0.0
1998-08-27,0.0,0.0,0.0,0.0,0.0
1998-08-28,0.0,0.0,0.0,0.0,0.0
1998-08-29,0.0,0.0,0.0,0.0,0.0
1998-08-30,0.0,0.0,0.0,0.0,0.0
1998-08-31,0.0,0.0,0.0,0.0,0.0
1998-09-01,0.0,0.0,0.0,0.0,0.0
1998-09-02,0.0,0.0,0.0,0.0,0.0
1998-09-03,0.0,0.0,0.0,0.0,0.0
1998-09-04,0.0,0.0,0.0,0.0,0.0
1998-09-05,0.0,0.0,0.0,0.0,0.0
1998-09-06,0.0,0.0,0.0,0.0,0.0
1998-09-07,0.0,0.0,0.0,0.0,0.0
1998-09-08,0.0,0.0,0.0,0.0,0.0
1998-09-09,0.0,0.0,0.0,0.0,0.0
1998-09-10,0.0,0.0,0.0,0.0,0.0
1998-09-11,0.0,0.0,0.0,0.0,0.0
1998-09-12,0.0,0.0,0.0,0.0,0.0
1998-09-13,0.0,0.0,0.0,0.0,0.0
1998-09-14,0.0,0.0,0.0,0.0,0.0
1998-09-15,0.0,0.0,0.0,0.0,0.0
1998-09-16,0.0,0.0,0.0,0.0,0.0
1998-09-17,0.0,0.0,0.0,0.0,0.0
1998-09-18,0.0,0.0,0.0,0.0,0.0
1998-09-19,0.0,0.0,0.0,0.0,0.0
1998-09-20,0.0,0.0,0.0,0.0,0.0
1998-09-21,0.0,0.0,0.0,0.0,0.0
1998-09-22,0.0,0.0,0.0,0.0,0.0
1998-09-23,0.0,0.0,0.0,0.0,0.0
1998-09-24,0.0,0.0,0.0,0.0,0.0
1998-09-25,0.0,0.0,0.0,0.0,0.0
1998-09-26,0.0,0.0,0.0,0.0,0.0
1998-09-27,0.0,0.0,0.0,0.0,0.0
1998-09-28,0.0,0.0,0.0,0.0,0.0
1998-09-29,0.0,0.0,0.0,0.0,0.0
1998-09-30,0.0,0.0,0.0,0.0,0.0
1998-10-01,0.0,0.0,0.0,0.0,0.0
1998-10-02,0.0,0.0,0.0,0.0,0.0
1998-10-03,0.0,0.0,0.0,0.0,0.0
1998-10-04,0.0,0.0,0.0,0.0,0.0
1998-10-05,0.0,0.0,0.0,0.0,0.0
1998-10-06,0.0,0.0,0.0,0.0,0.0
1998-10-07,0.0,0.0,0.0,0.0,0.0
1998-10-08,0.0,0.0,0.0,0.0,0.0
1998-10-09,0.0,0.0,0.0,0.0,0.0
1998-10-10,0.0,0.0,0.0,0.0,0.0
1998-10-11,0.0,0.0,0.0,0.0,0.0
1998-10-12,0.0,0.0,0.0,0.0,0.0
1998-10-13,0.0,0.0,0.0,0.0,0.0
1998-10-14,0.0,0.0,0.0,0.0,0.0
1998-10-15,0.0,0.0,0.0,0.0,0.0
1998-10-16,0.0,0.0,0.0,0.0,0.0
1998-10-17,0.0,0.0,0.0,0.0,0.0
1998-10-18,0.0,0.0,0.0,0.0,0.0
1998-10-19,0.0,0.0,0.0,0.0,0.0
1998-10-20,0.0,0.0,0.0,0.0,0.0
1998-10-21,0.0,0.0,0.0,0.0,0.0
1998-10-22,0.0,0.0,0.0,0.0,0.0
1998-10-23,0.0,0.0,0.0,0.0,0.0
1998-10-24,4.294,60.57,11.35,20.31,28.9
1998-10-25,0.409,25.81,7.38,6.63,11.81
1998-10-26,0.129,8.45,6.88,0.0,1.57
1998-10-27,0.103,7.64,6.79,0.0,0.85
1998-10-28,0.091,7.62,6.79,0.0,0.83
1998-10-29,0.074,7.64,6.83,0.0,0.81
1998-10-30,0.065,7.56,6.76,0.0,0.81
1998-10-31,0.065,7.57,6.76,0.0,0.81
1998-11-01,0.062,7.59,6.78,0.0,0.81
1998-11-02,0.054,7.58,6.78,0.0,0.8
1998-11-03,0.053,7.56,6.76,0.0,0.8
1998-11-04,0.05,7.57,6.78,0.0,0.8
1998-11-05,0.039,7.64,6.87,0.0,0.77
1998-11-06,0.42,26.46,6.16,8.7,11.59
1998-11-07,4.123,33.67,10.21,10.12,13.34
1998-11-08,0.703,15.89,6.89,3.72,5.28
1998-11-09,0.624,14.33,6.92,3.02,4.39
1998-11-10,0.403,10.49,6.3,1.34,2.85
1998-11-11,0.525,16.15,7.16,3.54,5.45
1998-11-12,0.246,8.11,6.83,0.0,1.27
1998-11-13,0.208,7.75,6.79,0.0,0.96
1998-11-14,0.186,7.72,6.79,0.0,0.93
1998-11-15,0.169,7.69,6.78,0.0,0.91
1998-11-16,0.153,7.68,6.79,0.0,0.89
1998-11-17,0.18,8.07,6.75,0.0,1.31
1998-11-18,0.129,7.7,6.82,0.0,0.88
1998-11-19,0.107,7.63,6.79,0.0,0.84
1998-11-20,0.1,7.61,6.77,0.0,0.84
1998-11-21,0.096,7.6,6.77,0.0,0.84
1998-11-22,0.28,9.4,5.0,1.46,2.93
1998-11-23,5.343,45.9,10.93,13.96,21.01
1998-11-24,1.127,15.23,7.18,3.32,4.73
1998-11-25,0.432,8.72,6.88,0.42,1.42
1998-11-26,0.926,23.0,6.47,6.98,9.56
1998-11-27,1.4,19.09,6.67,5.3,7.12
1998-11-28,1.074,17.25,7.27,4.22,5.76
1998-11-29,11.424,73.34,15.6,22.47,35.27
1998-11-30,5.016,29.34,10.66,7.93,10.75
1998-12-01,1.826,12.69,7.11,2.41,3.17
1998-12-02,2.265,23.19,7.47,6.79,8.93
1998-12-03,3.876,42.24,9.79,13.93,18.52
1998-12-04,1.179,12.36,6.9,2.34,3.12
1998-12-05,1.907,61.96,8.54,21.78,31.65
1998-12-06,1.564,72.64,8.14,25.89,38.61
1998-12-07,0.676,12.34,6.86,2.04,3.44
1998-12-08,0.517,8.41,6.82,0.37,1.23
1998-12-09,0.405,8.1,6.82,0.15,1.14
1998-12-10,0.33,7.94,6.81,0.01,1.12
1998-12-11,0.277,7.86,6.8,0.01,1.05
1998-12-12,0.23,7.8,6.81,0.0,0.99
1998-12-13,0.203,7.77,6.66,0.0,1.1
1998-12-14,0.222,8.61,6.89,0.01,1.71
1998-12-15,0.15,7.72,6.81,0.0,0.91
1998-12-16,0.123,7.67,6.81,0.0,0.86
1998-12-17,0.105,7.64,6.79,0.0,0.84
1998-12-18,0.09,7.63,6.8,0.0,0.83
1998-12-19,0.059,7.78,7.0,0.0,0.79
1998-12-20,0.017,7.85,7.21,0.0,0.65
1998-12-21,0.006,7.29,6.59,0.0,0.7
1998-12-22,0.008,7.55,6.78,0.0,0.77
1998-12-23,0.006,7.63,6.89,0.0,0.75
1998-12-24,0.003,7.47,6.77,0.0,0.7
1998-12-25,0.006,7.27,6.5,0.0,0.77
1998-12-26,0.012,7.44,6.64,0.0,0.8
1998-12-27,0.013,7.56,6.79,0.0,0.77
1998-12-28,0.012,7.54,6.77,0.0,0.77
1998-12-29,0.01,7.57,6.83,0.0,0.75
1998-12-30,0.009,7.57,6.81,0.0,0.76
1998-12-31,0.007,7.63,6.87,0.0,0.76
1999-01-01,0.003,7.53,6.86,0.0,0.67
1999-01-02,0.003,7.68,6.92,0.0,0.76
1999-01-03,0.001,7.66,6.97,0.0,0.69
1999-01-04,0.001,7.42,6.68,0.0,0.74
1999-01-05,0.001,7.63,6.88,0.0,0.75
1999-01-06,0.001,7.79,7.04,0.0,0.75
1999-01-07,0.0,7.43,7.02,0.0,0.41
1999-01-08,0.0,8.19,7.44,0.0,0.75
1999-01-09,0.0,7.8,7.66,0.0,0.13
1999-01-10,0.0,8.18,7.24,0.4,0.54
1999-01-11,0.0,7.66,6.87,0.0,0.79
1999-01-12,0.0,7.84,7.66,0.0,0.17
1999-01-13,0.0,0.0,0.0,0.0,0.0
1999-01-14,0.0,0.0,0.0,0.0,0.0
1999-01-15,0.0,6.17,5.43,0.01,0.73
1999-01-16,0.383,16.02,6.56,3.23,6.23
1999-01-17,0.631,17.82,6.4,4.69,6.73
1999-01-18,7.2,59.44,12.28,19.08,28.07
1999-01-19,7.18,67.55,12.62,22.74,32.19
1999-01-20,6.281,77.7,12.85,25.81,39.04
1999-01-21,1.833,19.68,6.98,5.29,7.41
1999-01-22,1.079,10.22,6.87,1.43,1.91
1999-01-23,7.602,52.63,12.7,16.6,23.34
1999-01-24,1.559,13.45,6.94,2.73,3.77
1999-01-25,1.041,9.03,6.83,0.95,1.25
1999-01-26,2.094,17.37,7.37,4.32,5.68
1999-01-27,1.047,11.17,6.99,1.8,2.38
1999-01-28,0.678,8.61,6.83,0.6,1.19
1999-01-29,0.542,8.28,6.81,0.33,1.14
1999-01-30,0.454,7.89,6.58,0.21,1.1
1999-01-31,14.315,969.97,22.79,403.38,543.8
1999-02-01,1.083,96.71,6.99,37.78,51.94
1999-02-02,0.669,12.93,6.84,2.42,3.67
1999-02-03,0.523,8.43,6.81,0.38,1.23
1999-02-04,0.423,8.13,6.82,0.18,1.14
1999-02-05,0.347,7.94,6.8,0.02,1.13
1999-02-06,4.323,91.43,12.6,31.99,46.84
1999-02-07,14.588,216.25,18.39,79.88,117.98
1999-02-08,4.288,50.04,9.1,16.85,24.08
1999-02-09,12.177,178.83,17.43,63.43,97.97
1999-02-10,2.467,16.02,7.44,3.31,5.27
1999-02-11,1.757,9.07,6.84,0.95,1.28
1999-02-12,1.306,8.84,6.83,0.87,1.14
1999-02-13,1.016,8.82,6.82,0.86,1.14
1999-02-14,0.809,8.81,6.81,0.86,1.14
1999-02-15,0.654,8.56,6.81,0.61,1.14
1999-02-16,6.799,46.63,12.21,14.34,20.08
1999-02-17,9.267,58.94,15.48,17.14,26.32
1999-02-18,3.784,21.56,9.19,5.28,7.09
1999-02-19,2.115,12.83,7.43,2.33,3.07
1999-02-20,3.443,20.14,8.48,5.04,6.63
1999-02-21,3.912,32.56,10.99,9.23,12.34
1999-02-22,2.235,17.74,7.23,4.54,5.97
1999-02-23,1.247,9.84,6.89,1.27,1.67
1999-02-24,1.604,21.49,6.64,6.41,8.44
1999-02-25,5.175,85.73,12.16,30.1,43.47
1999-02-26,1.253,16.64,6.92,3.99,5.73
1999-02-27,0.82,9.18,6.85,0.98,1.35
1999-02-28,0.607,8.45,6.83,0.47,1.14
1999-03-01,0.466,8.21,6.83,0.25,1.14
1999-03-02,0.367,7.98,6.82,0.03,1.13
1999-03-03,0.386,9.41,6.71,0.79,1.9
1999-03-04,0.291,8.3,6.88,0.03,1.39
1999-03-05,0.228,7.8,6.8,0.0,0.99
1999-03-06,0.196,7.73,6.79,0.0,0.94
1999-03-07,0.166,7.71,6.8,0.0,0.91
1999-03-08,1.828,161.83,9.12,63.37,89.35
1999-03-09,5.289,130.61,11.95,49.4,69.27
1999-03-10,1.01,26.51,6.99,8.12,11.39
1999-03-11,0.591,9.37,6.86,0.84,1.67
1999-03-12,0.437,8.19,6.83,0.21,1.16
1999-03-13,0.347,7.96,6.81,0.02,1.13
1999-03-14,1.808,28.49,8.24,8.67,11.58
1999-03-15,3.271,27.87,10.05,7.69,10.13
1999-03-16,0.885,10.21,6.93,1.39,1.88
1999-03-17,0.59,8.46,6.84,0.46,1.17
1999-03-18,0.452,8.19,6.82,0.23,1.14
1999-03-19,0.363,7.97,6.81,0.03,1.13
1999-03-20,0.293,7.9,6.81,0.01,1.08
1999-03-21,0.245,7.81,6.8,0.0,1.01
1999-03-22,0.297,9.05,6.08,0.96,2.0
1999-03-23,1.927,31.11,7.46,10.18,13.47
1999-03-24,2.158,27.38,7.91,8.35,11.12
1999-03-25,6.77,122.23,14.51,45.07,62.64
1999-03-26,1.25,22.14,6.93,6.41,8.8
1999-03-27,0.793,9.42,6.86,1.06,1.5
1999-03-28,0.582,8.4,6.83,0.42,1.15
1999-03-29,0.459,8.2,6.82,0.25,1.14
1999-03-30,0.361,7.99,6.83,0.03,1.13
1999-03-31,0.846,30.44,6.67,10.13,13.64
1999-04-01,0.4,12.38,6.93,1.79,3.66
1999-04-02,0.282,7.99,6.82,0.01,1.17
1999-04-03,0.213,7.85,6.86,0.0,0.98
1999-04-04,0.164,7.66,6.76,0.0,0.9
1999-04-05,0.161,7.64,6.74,0.0,0.9
1999-04-06,2.159,30.74,7.14,10.16,13.45
1999-04-07,1.011,16.68,6.97,4.1,5.61
1999-04-08,4.643,218.93,11.79,88.21,118.93
1999-04-09,0.936,38.0,7.03,13.12,17.85
1999-04-10,0.548,9.86,6.85,1.0,2.01
1999-04-11,9.811,204.47,15.79,77.35,111.33
1999-04-12,1.613,23.33,6.96,6.79,9.58
1999-04-13,1.003,9.56,6.86,1.15,1.55
1999-04-14,0.734,8.73,6.83,0.75,1.15
1999-04-15,0.573,8.33,6.82,0.37,1.14
1999-04-16,0.471,8.21,6.8,0.27,1.14
1999-04-17,0.395,8.03,6.8,0.1,1.13
1999-04-18,0.336,7.93,6.8,0.01,1.12
1999-04-19,0.287,7.87,6.8,0.01,1.06
1999-04-20,0.25,7.81,6.79,0.0,1.01
1999-04-21,0.213,7.76,6.8,0.0,0.96
1999-04-22,0.185,7.73,6.8,0.0,0.93
1999-04-23,0.162,7.69,6.78,0.0,0.9
1999-04-24,0.147,7.67,6.79,0.0,0.89
1999-04-25,0.13,7.66,6.79,0.0,0.87
1999-04-26,0.115,7.65,6.8,0.0,0.86
1999-04-27,0.084,7.67,6.86,0.0,0.81
1999-04-28,0.059,7.62,6.84,0.0,0.79
1999-04-29,0.053,7.55,6.75,0.0,0.8
1999-04-30,0.053,7.59,6.79,0.0,0.8
1999-05-01,0.045,7.58,6.8,0.0,0.79
1999-05-02,0.037,7.55,6.77,0.0,0.78
1999-05-03,0.036,7.58,6.79,0.0,0.79
1999-05-04,0.024,7.64,6.9,0.0,0.74
1999-05-05,0.019,7.55,6.79,0.0,0.76
1999-05-06,0.018,7.56,6.79,0.0,0.77
1999-05-07,0.012,7.7,6.96,0.0,0.74
1999-05-08,0.006,7.57,6.85,0.0,0.72
1999-05-09,0.004,7.53,6.79,0.0,0.74
1999-05-10,0.005,7.48,6.71,0.0,0.76
1999-05-11,0.006,7.5,6.73,0.0,0.77
1999-05-12,0.006,7.66,6.9,0.0,0.76
1999-05-13,0.002,7.67,6.98,0.0,0.69
1999-05-14,0.001,7.6,6.87,0.0,0.73
1999-05-15,0.001,7.4,6.67,0.0,0.73
1999-05-16,0.001,7.48,6.71,0.0,0.77
1999-05-17,0.002,7.48,6.72,0.0,0.76
1999-05-18,0.002,7.58,6.83,0.0,0.76
1999-05-19,0.001,7.56,6.81,0.0,0.75
1999-05-20,0.001,7.69,6.98,0.0,0.72
1999-05-21,0.0,7.46,6.76,0.0,0.7
1999-05-22,0.0,7.71,6.92,0.0,0.79
1999-05-23,0.0,7.43,6.71,0.0,0.72
1999-05-24,0.0,7.63,6.87,0.0,0.76
1999-05-25,0.0,7.58,6.85,0.0,0.73
1999-05-26,0.0,7.57,6.84,0.0,0.73
1999-05-27,0.0,7.59,6.88,0.0,0.71
1999-05-28,0.0,7.86,7.66,0.0,0.2
1999-05-29,0.0,7.7,7.66,0.0,0.04
1999-05-30,0.0,0.0,0.0,0.0,0.0
1999-05-31,0.0,0.0,0.0,0.0,0.0
1999-06-01,0.0,0.0,0.0,0.0,0.0
1999-06-02,0.0,0.0,0.0,0.0,0.0
1999-06-03,0.0,0.0,0.0,0.0,0.0
1999-06-04,0.0,0.0,0.0,0.0,0.0
1999-06-05,0.0,0.0,0.0,0.0,0.0
1999-06-06,0.0,0.0,0.0,0.0,0.0
1999-06-07,0.0,0.0,0.0,0.0,0.0
1999-06-08,0.0,0.0,0.0,0.0,0.0
1999-06-09,0.0,0.0,0.0,0.0,0.0
1999-06-10,0.0,0.0,0.0,0.0,0.0
1999-06-11,0.0,0.0,0.0,0.0,0.0
1999-06-12,0.0,0.0,0.0,0.0,0.0
1999-06-13,0.0,0.0,0.0,0.0,0.0
1999-06-14,0.0,0.0,0.0,0.0,0.0
1999-06-15,0.0,0.0,0.0,0.0,0.0
1999-06-16,0.0,0.0,0.0,0.0,0.0
1999-06-17,0.0,0.0,0.0,0.0,0.0
1999-06-18,0.0,0.0,0.0,0.0,0.0
1999-06-19,0.0,0.0,0.0,0.0,0.0
1999-06-20,0.0,0.0,0.0,0.0,0.0
1999-06-21,0.0,0.0,0.0,0.0,0.0
1999-06-22,0.0,0.0,0.0,0.0,0.0
1999-06-23,0.0,0.0,0.0,0.0,0.0
1999-06-24,0.0,0.0,0.0,0.0,0.0
1999-06-25,0.0,0.0,0.0,0.0,0.0
1999-06-26,0.0,0.0,0.0,0.0,0.0
1999-06-27,0.0,0.0,0.0,0.0,0.0
1999-06-28,0.0,0.0,0.0,0.0,0.0
1999-06-29,0.0,0.0,0.0,0.0,0.0
1999-06-30,0.0,0.0,0.0,0.0,0.0
1999-07-01,0.0,0.0,0.0,0.0,0.0
1999-07-02,0.0,0.0,0.0,0.0,0.0
1999-07-03,0.0,0.0,0.0,0.0,0.0
1999-07-04,0.0,0.0,0.0,0.0,0.0
1999-07-05,0.0,0.0,0.0,0.0,0.0
1999-07-06,0.0,0.0,0.0,0.0,0.0
1999-07-07,0.0,0.0,0.0,0.0,0.0
1999-07-08,0.0,0.0,0.0,0.0,0.0
1999-07-09,0.0,0.0,0.0,0.0,0.0
1999-07-10,0.0,0.0,0.0,0.0,0.0
1999-07-11,0.0,0.0,0.0,0.0,0.0
1999-07-12,0.0,0.0,0.0,0.0,0.0
1999-07-13,0.0,0.0,0.0,0.0,0.0
1999-07-14,0.0,0.0,0.0,0.0,0.0
1999-07-15,0.0,0.0,0.0,0.0,0.0
1999-07-16,0.0,0.0,0.0,0.0,0.0
1999-07-17,0.0,0.0,0.0,0.0,0.0
1999-07-18,0.0,0.0,0.0,0.0,0.0
1999-07-19,0.0,0.0,0.0,0.0,0.0
1999-07-20,0.0,0.0,0.0,0.0,0.0
1999-07-21,0.0,0.0,0.0,0.0,0.0
1999-07-22,0.0,0.0,0.0,0.0,0.0
1999-07-23,0.0,0.0,0.0,0.0,0.0
1999-07-24,0.0,0.0,0.0,0.0,0.0
1999-07-25,0.0,0.0,0.0,0.0,0.0
1999-07-26,0.0,0.0,0.0,0.0,0.0
1999-07-27,0.0,0.0,0.0,0.0,0.0
1999-07-28,0.0,0.0,0.0,0.0,0.0
1999-07-29,0.0,0.0,0.0,0.0,0.0
1999-07-30,0.0,0.0,0.0,0.0,0.0
1999-07-31,0.0,0.0,0.0,0.0,0.0
1999-08-01,0.0,0.0,0.0,0.0,0.0
1999-08-02,0.0,0.0,0.0,0.0,0.0
1999-08-03,0.0,0.0,0.0,0.0,0.0
1999-08-04,0.0,0.0,0.0,0.0,0.0
1999-08-05,0.0,0.0,0.0,0.0,0.0
1999-08-06,0.0,0.0,0.0,0.0,0.0
1999-08-07,0.0,0.0,0.0,0.0,0.0
1999-08-08,0.0,0.0,0.0,0.0,0.0
1999-08-09,0.0,0.0,0.0,0.0,0.0
1999-08-10,0.0,0.0,0.0,0.0,0.0
1999-08-11,0.0,0.0,0.0,0.0,0.0
1999-08-12,0.0,0.0,0.0,0.0,0.0
1999-08-13,0.0,0.0,0.0,0.0,0.0
1999-08-14,0.0,0.0,0.0,0.0,0.0
1999-08-15,0.0,0.0,0.0,0.0,0.0
1999-08-16,0.0,0.0,0.0,0.0,0.0
1999-08-17,0.0,0.0,0.0,0.0,0.0
1999-08-18,0.0,0.0,0.0,0.0,0.0
1999-08-19,0.0,0.0,0.0,0.0,0.0
1999-08-20,0.0,0.0,0.0,0.0,0.0
1999-08-21,0.0,0.0,0.0,0.0,0.0
1999-08-22,0.0,0.0,0.0,0.0,0.0
1999-08-23,0.0,0.0,0.0,0.0,0.0
1999-08-24,0.0,0.0,0.0,0.0,0.0
1999-08-25,0.0,0.0,0.0,0.0,0.0
1999-08-26,0.0,0.0,0.0,0.0,0.0
1999-08-27,0.0,0.0,0.0,0.0,0.0
1999-08-28,0.0,0.0,0.0,0.0,0.0
1999-08-29,0.0,0.0,0.0,0.0,0.0
1999-08-30,0.0,0.0,0.0,0.0,0.0
1999-08-31,0.0,0.0,0.0,0.0,0.0
1999-09-01,0.0,0.0,0.0,0.0,0.0
1999-09-02,0.0,0.0,0.0,0.0,0.0
1999-09-03,0.0,0.0,0.0,0.0,0.0
1999-09-04,0.0,0.0,0.0,0.0,0.0
1999-09-05,0.0,0.0,0.0,0.0,0.0
1999-09-06,0.0,0.0,0.0,0.0,0.0
1999-09-07,0.0,0.0,0.0,0.0,0.0
1999-09-08,0.0,0.0,0.0,0.0,0.0
1999-09-09,0.0,0.0,0.0,0.0,0.0
1999-09-10,0.0,0.0,0.0,0.0,0.0
1999-09-11,0.0,0.0,0.0,0.0,0.0
1999-09-12,0.0,0.0,0.0,0.0,0.0
1999-09-13,0.0,0.0,0.0,0.0,0.0
1999-09-14,0.0,0.0,0.0,0.0,0.0
1999-09-15,0.0,0.0,0.0,0.0,0.0
1999-09-16,0.0,0.0,0.0,0.0,0.0
1999-09-17,0.0,0.0,0.0,0.0,0.0
1999-09-18,0.0,0.0,0.0,0.0,0.0
1999-09-19,0.0,0.0,0.0,0.0,0.0
1999-09-20,0.0,0.0,0.0,0.0,0.0
1999-09-21,0.0,0.0,0.0,0.0,0.0
1999-09-22,0.0,0.0,0.0,0.0,0.0
1999-09-23,0.0,0.0,0.0,0.0,0.0
1999-09-24,0.0,0.0,0.0,0.0,0.0
1999-09-25,0.0,0.0,0.0,0.0,0.0
1999-09-26,0.0,0.0,0.0,0.0,0.0
1999-09-27,0.0,0.0,0.0,0.0,0.0
1999-09-28,0.0,0.0,0.0,0.0,0.0
1999-09-29,0.0,0.0,0.0,0.0,0.0
1999-09-30,0.0,0.0,0.0,0.0,0.0
1999-10-01,0.0,0.0,0.0,0.0,0.0
1999-10-02,0.0,0.0,0.0,0.0,0.0
1999-10-03,0.0,0.0,0.0,0.0,0.0
1999-10-04,0.0,0.0,0.0,0.0,0.0
1999-10-05,0.0,0.0,0.0,0.0,0.0
1999-10-06,0.0,0.0,0.0,0.0,0.0
1999-10-07,0.0,0.0,0.0,0.0,0.0
1999-10-08,0.0,0.0,0.0,0.0,0.0
1999-10-09,0.0,0.0,0.0,0.0,0.0
1999-10-10,0.0,0.0,0.0,0.0,0.0
1999-10-11,0.0,0.0,0.0,0.0,0.0
1999-10-12,0.0,0.0,0.0,0.0,0.0
1999-10-13,0.0,0.0,0.0,0.0,0.0
1999-10-14,0.0,0.0,0.0,0.0,0.0
1999-10-15,0.0,0.0,0.0,0.0,0.0
1999-10-16,0.0,0.0,0.0,0.0,0.0
1999-10-17,0.0,0.0,0.0,0.0,0.0
1999-10-18,0.0,0.0,0.0,0.0,0.0
1999-10-19,0.0,0.0,0.0,0.0,0.0
1999-10-20,0.0,0.0,0.0,0.0,0.0
1999-10-21,0.0,0.0,0.0,0.0,0.0
1999-10-22,0.0,0.0,0.0,0.0,0.0
1999-10-23,0.0,0.0,0.0,0.0,0.0
1999-10-24,0.0,0.0,0.0,0.0,0.0
1999-10-25,0.0,0.0,0.0,0.0,0.0
1999-10-26,0.0,0.0,0.0,0.0,0.0
1999-10-27,0.031,35.5,6.75,12.41,16.33
1999-10-28,1.711,61.09,7.61,23.08,30.4
1999-10-29,0.25,45.82,7.55,12.72,25.55
1999-10-30,0.041,9.94,7.0,0.0,2.94
1999-10-31,0.028,7.59,6.8,0.0,0.79
1999-11-01,0.025,7.55,6.78,0.0,0.77
1999-11-02,0.024,7.54,6.77,0.0,0.78
1999-11-03,0.019,7.59,6.84,0.0,0.76
1999-11-04,0.018,7.52,6.75,0.0,0.78
1999-11-05,0.017,7.53,6.77,0.0,0.76
1999-11-06,0.017,7.52,6.75,0.0,0.77
1999-11-07,0.398,28.03,6.04,9.48,12.51
1999-11-08,3.457,47.56,10.26,15.48,21.82
1999-11-09,0.357,19.97,7.26,4.32,8.38
1999-11-10,0.154,8.08,6.83,0.0,1.25
1999-11-11,0.131,7.66,6.79,0.0,0.87
1999-11-12,0.118,7.64,6.78,0.0,0.86
1999-11-13,0.108,7.63,6.78,0.0,0.85
1999-11-14,0.098,7.62,6.78,0.0,0.84
1999-11-15,0.09,7.61,6.78,0.0,0.83
1999-11-16,1.809,47.58,9.14,16.56,21.87
1999-11-17,1.381,28.43,7.11,9.17,12.15
1999-11-18,0.323,12.75,7.11,1.72,3.92
1999-11-19,2.55,49.15,9.72,16.46,22.97
1999-11-20,0.824,26.79,7.26,8.0,11.53
1999-11-21,0.936,17.12,6.74,4.29,6.09
1999-11-22,0.325,9.08,6.91,0.34,1.83
1999-11-23,0.262,7.83,6.78,0.0,1.05
1999-11-24,0.233,7.78,6.79,0.0,0.99
1999-11-25,0.208,7.74,6.78,0.0,0.96
1999-11-26,0.188,7.72,6.78,0.0,0.93
1999-11-27,0.168,7.7,6.79,0.0,0.91
1999-11-28,0.149,7.67,6.78,0.0,0.89
1999-11-29,0.136,7.65,6.78,0.0,0.88
1999-11-30,0.931,65.21,7.47,23.98,33.76
1999-12-01,1.984,51.06,8.09,18.08,24.9
1999-12-02,0.953,26.44,6.67,8.24,11.53
1999-12-03,0.396,18.26,7.2,3.98,7.08
1999-12-04,0.204,8.05,6.81,0.0,1.23
1999-12-05,0.179,7.71,6.79,0.0,0.93
1999-12-06,0.161,7.68,6.78,0.0,0.9
1999-12-07,0.14,7.7,6.82,0.0,0.88
1999-12-08,0.115,7.63,6.78,0.0,0.85
1999-12-09,0.846,16.33,6.51,4.11,5.71
1999-12-10,0.356,12.07,7.27,1.59,3.22
1999-12-11,0.155,7.81,6.82,0.0,0.99
1999-12-12,0.137,7.66,6.78,0.0,0.88
1999-12-13,0.112,7.69,6.84,0.0,0.85
1999-12-14,0.09,7.6,6.77,0.0,0.82
1999-12-15,0.089,7.59,6.75,0.0,0.83
1999-12-16,0.085,7.61,6.78,0.0,0.83
1999-12-17,0.078,7.6,6.78,0.0,0.82
1999-12-18,0.07,7.6,6.79,0.0,0.81
1999-12-19,0.057,7.63,6.84,0.0,0.79
1999-12-20,0.049,7.55,6.76,0.0,0.79
1999-12-21,0.044,7.6,6.81,0.0,0.79
1999-12-22,0.038,7.53,6.75,0.0,0.78
1999-12-23,0.037,7.58,6.79,0.0,0.79
1999-12-24,0.031,7.57,6.8,0.0,0.77
1999-12-25,0.026,7.57,6.8,0.0,0.77
1999-12-26,0.024,7.56,6.78,0.0,0.77
1999-12-27,0.02,7.57,6.81,0.0,0.76
1999-12-28,0.017,7.56,6.8,0.0,0.76
1999-12-29,0.016,7.53,6.76,0.0,0.77
1999-12-30,0.013,7.58,6.83,0.0,0.76
1999-12-31,0.012,7.56,6.8,0.0,0.76
2000-01-01,0.008,7.71,6.96,0.0,0.75
2000-01-02,0.003,7.38,6.75,0.0,0.64
2000-01-03,0.005,7.43,6.64,0.0,0.78
2000-01-04,0.007,7.48,6.7,0.0,0.78
2000-01-05,0.005,7.75,7.01,0.0,0.74
2000-01-06,0.002,7.6,6.91,0.0,0.69
2000-01-07,0.002,7.45,6.7,0.0,0.75
2000-01-08,0.003,7.46,6.67,0.0,0.79
2000-01-09,0.001,7.62,6.98,0.0,0.64
2000-01-10,0.004,7.38,6.56,0.0,0.81
2000-01-11,1.786,84.86,9.09,30.83,44.95
2000-01-12,0.663,53.59,7.45,17.89,28.25
2000-01-13,0.099,12.19,7.09,0.0,5.1
2000-01-14,0.059,7.68,6.81,0.0,0.87
2000-01-15,0.19,5.41,4.29,0.0,1.12
2000-01-16,5.158,70.07,12.81,22.11,35.15
2000-01-17,0.509,15.55,5.86,3.12,6.57
2000-01-18,6.734,54.66,13.21,16.71,24.74
2000-01-19,2.387,29.86,8.4,9.14,12.33
2000-01-20,0.976,15.2,7.02,3.47,4.71
2000-01-21,0.585,8.66,6.83,0.52,1.32
2000-01-22,1.429,18.43,6.18,5.2,7.04
2000-01-23,17.538,90.62,17.33,27.19,46.1
2000-01-24,25.042,129.39,21.05,36.67,71.66
2000-01-25,5.725,34.77,12.12,8.04,14.6
2000-01-26,2.947,10.29,8.08,0.94,1.27
2000-01-27,2.143,8.89,6.89,0.86,1.14
2000-01-28,1.618,8.83,6.84,0.86,1.14
2000-01-29,1.215,8.83,6.83,0.86,1.13
2000-01-30,2.907,36.66,9.09,11.91,15.67
2000-01-31,1.437,14.97,6.9,3.48,4.58
2000-02-01,0.846,9.31,6.87,1.04,1.4
2000-02-02,0.624,8.46,6.83,0.49,1.14
2000-02-03,2.232,44.77,9.0,14.88,20.89
2000-02-04,1.05,23.72,7.12,6.84,9.76
2000-02-05,2.397,25.87,8.31,7.53,10.03
2000-02-06,1.092,14.94,7.1,3.34,4.5
2000-02-07,0.572,8.69,6.85,0.52,1.32
2000-02-08,0.433,8.16,6.82,0.2,1.14
2000-02-09,0.361,7.95,6.7,0.07,1.18
2000-02-10,6.064,77.47,12.15,27.01,38.32
2000-02-11,12.054,194.92,18.6,68.27,108.04
2000-02-12,6.935,67.04,13.53,20.04,33.48
2000-02-13,25.282,408.91,21.04,159.74,228.13
2000-02-14,11.914,148.61,16.08,53.69,78.84
2000-02-15,4.106,14.84,9.64,2.12,3.08
2000-02-16,3.66,14.63,8.88,2.48,3.27
2000-02-17,2.227,10.82,7.25,1.54,2.03
2000-02-18,1.549,8.9,6.85,0.89,1.17
2000-02-19,1.136,8.84,6.84,0.86,1.14
2000-02-20,4.047,130.26,12.17,48.66,69.43
2000-02-21,3.085,52.97,9.17,17.95,25.85
2000-02-22,4.176,46.54,10.64,14.91,20.99
2000-02-23,7.706,53.86,13.66,16.55,23.66
2000-02-24,2.311,13.09,7.13,2.54,3.42
2000-02-25,1.834,11.7,7.1,1.99,2.62
2000-02-26,3.362,50.95,8.5,17.67,24.78
2000-02-27,7.131,92.6,14.9,30.7,47.0
2000-02-28,1.945,11.44,7.11,1.82,2.51
2000-02-29,5.347,52.63,11.59,16.58,24.46
2000-03-01,1.69,13.26,6.91,2.59,3.76
2000-03-02,2.595,20.62,8.08,5.41,7.12
2000-03-03,1.213,10.84,6.94,1.68,2.21
2000-03-04,3.127,54.52,10.39,18.31,25.82
2000-03-05,3.837,70.94,12.34,23.07,35.53
2000-03-06,1.192,11.06,6.91,1.71,2.44
2000-03-07,1.86,30.21,7.84,9.62,12.75
2000-03-08,5.99,95.56,12.12,34.6,48.84
2000-03-09,3.654,30.31,9.35,8.81,12.14
2000-03-10,1.444,10.59,6.91,1.58,2.1
2000-03-11,0.927,8.94,6.86,0.89,1.18
2000-03-12,0.649,8.57,6.85,0.59,1.14
2000-03-13,0.479,8.24,6.83,0.28,1.13
2000-03-14,0.373,8.01,6.82,0.05,1.13
2000-03-15,0.294,7.91,6.82,0.01,1.08
2000-03-16,0.238,7.81,6.81,0.0,1.0
2000-03-17,0.195,7.75,6.8,0.0,0.94
2000-03-18,0.171,7.7,6.79,0.0,0.91
2000-03-19,0.15,7.7,6.81,0.0,0.89
2000-03-20,0.111,7.64,6.81,0.0,0.84
2000-03-21,0.109,7.6,6.75,0.0,0.85
2000-03-22,0.107,7.62,6.77,0.0,0.85
2000-03-23,0.096,7.62,6.79,0.0,0.83
2000-03-24,0.087,7.6,6.78,0.0,0.83
2000-03-25,0.079,7.6,6.78,0.0,0.82
2000-03-26,0.074,7.59,6.77,0.0,0.81
2000-03-27,0.067,7.6,6.79,0.0,0.81
2000-03-28,0.055,7.59,6.8,0.0,0.79
2000-03-29,0.054,7.54,6.74,0.0,0.8
2000-03-30,0.054,7.57,6.78,0.0,0.8
2000-03-31,0.046,7.6,6.82,0.0,0.78
2000-04-01,0.04,7.55,6.77,0.0,0.78
2000-04-02,0.039,7.55,6.77,0.0,0.79
2000-04-03,0.034,7.58,6.8,0.0,0.77
2000-04-04,0.031,7.56,6.79,0.0,0.77
2000-04-05,0.026,7.58,6.81,0.0,0.76
2000-04-06,0.02,7.58,6.82,0.0,0.75
2000-04-07,0.017,7.55,6.79,0.0,0.76
2000-04-08,0.013,7.57,6.82,0.0,0.75
2000-04-09,0.011,7.59,6.83,0.0,0.75
2000-04-10,0.008,7.53,6.79,0.0,0.74
2000-04-11,0.008,7.55,6.79,0.0,0.76
2000-04-12,0.007,7.53,6.76,0.0,0.77
2000-04-13,0.18,25.98,5.01,9.04,11.93
2000-04-14,1.796,35.0,7.67,11.77,15.55
2000-04-15,0.352,15.6,7.16,2.88,5.56
2000-04-16,1.341,16.84,5.26,4.93,6.65
2000-04-17,6.963,73.09,14.59,23.29,35.22
2000-04-18,1.036,13.01,6.97,2.48,3.56
2000-04-19,0.631,8.7,6.86,0.59,1.25
2000-04-20,0.461,8.23,6.83,0.25,1.14
2000-04-21,0.353,7.98,6.82,0.03,1.13
2000-04-22,0.281,7.88,6.82,0.01,1.06
2000-04-23,0.214,7.8,6.83,0.0,0.97
2000-04-24,0.173,7.73,6.81,0.0,0.92
2000-04-25,0.143,7.68,6.8,0.0,0.88
2000-04-26,0.119,7.67,6.82,0.0,0.86
2000-04-27,0.1,7.63,6.79,0.0,0.84
2000-04-28,0.074,7.67,6.87,0.0,0.8
2000-04-29,0.059,7.58,6.78,0.0,0.8
2000-04-30,0.053,7.6,6.81,0.0,0.8
2000-05-01,0.043,7.59,6.81,0.0,0.78
2000-05-02,0.037,7.57,6.79,0.0,0.78
2000-05-03,0.03,7.59,6.82,0.0,0.77
2000-05-04,0.023,7.62,6.85,0.0,0.76
2000-05-05,0.016,7.61,6.86,0.0,0.75
2000-05-06,0.013,7.53,6.76,0.0,0.77
2000-05-07,0.212,13.75,4.91,2.99,5.85
2000-05-08,2.534,29.25,8.69,8.8,11.75
2000-05-09,0.397,12.38,7.09,1.79,3.5
2000-05-10,0.205,7.96,6.87,0.0,1.08
2000-05-11,0.15,7.7,6.81,0.0,0.89
2000-05-12,0.128,7.67,6.8,0.0,0.87
2000-05-13,0.107,7.65,6.8,0.0,0.84
2000-05-14,0.092,7.62,6.79,0.0,0.83
2000-05-15,0.776,21.86,6.65,6.4,8.8
2000-05-16,0.208,10.33,7.06,0.11,3.16
2000-05-17,0.122,7.75,6.84,0.0,0.91
2000-05-18,0.097,7.64,6.81,0.0,0.83
2000-05-19,0.081,7.62,6.81,0.0,0.82
2000-05-20,0.067,7.61,6.81,0.0,0.8
2000-05-21,0.054,7.6,6.81,0.0,0.79
2000-05-22,0.044,7.6,6.82,0.0,0.78
2000-05-23,0.037,7.57,6.79,0.0,0.78
2000-05-24,0.031,7.59,6.82,0.0,0.77
2000-05-25,0.024,7.6,6.85,0.0,0.76
2000-05-26,0.019,7.52,6.76,0.0,0.76
2000-05-27,0.018,7.58,6.81,0.0,0.76
2000-05-28,0.014,7.59,6.83,0.0,0.76
2000-05-29,0.01,7.59,6.85,0.0,0.74
2000-05-30,0.007,7.61,6.86,0.0,0.75
2000-05-31,0.005,7.46,6.72,0.0,0.74
2000-06-01,0.007,7.53,6.76,0.0,0.77
2000-06-02,0.006,7.56,6.8,0.0,0.76
2000-06-03,0.005,7.55,6.8,0.0,0.75
2000-06-04,0.004,7.6,6.84,0.0,0.75
2000-06-05,0.003,7.48,6.75,0.0,0.74
2000-06-06,0.003,7.58,6.81,0.0,0.76
2000-06-07,0.002,7.55,6.8,0.0,0.74
2000-06-08,0.002,7.49,6.75,0.0,0.74
2000-06-09,0.002,7.58,6.82,0.0,0.76
2000-06-10,0.001,7.69,6.94,0.0,0.75
2000-06-11,0.0,7.75,7.5,0.0,0.24
2000-06-12,0.0,6.96,6.22,0.0,0.74
2000-06-13,0.001,7.69,6.89,0.0,0.79
2000-06-14,0.0,7.55,6.9,0.0,0.65
2000-06-15,0.0,7.61,6.86,0.0,0.76
2000-06-16,0.0,7.55,6.86,0.0,0.69
2000-06-17,0.0,7.5,6.79,0.0,0.71
2000-06-18,0.0,7.49,6.74,0.0,0.75
2000-06-19,0.0,7.56,6.82,0.0,0.74
2000-06-20,0.0,7.58,6.95,0.0,0.63
2000-06-21,0.0,7.86,7.66,0.0,0.19
2000-06-22,0.0,7.7,7.66,0.0,0.04
2000-06-23,0.0,0.0,0.0,0.0,0.0
2000-06-24,0.0,0.0,0.0,0.0,0.0
2000-06-25,0.0,0.0,0.0,0.0,0.0
2000-06-26,0.0,0.0,0.0,0.0,0.0
2000-06-27,0.0,0.0,0.0,0.0,0.0
2000-06-28,0.0,0.0,0.0,0.0,0.0
2000-06-29,0.0,0.0,0.0,0.0,0.0
2000-06-30,0.0,0.0,0.0,0.0,0.0
2000-07-01,0.0,0.0,0.0,0.0,0.0
2000-07-02,0.0,0.0,0.0,0.0,0.0
2000-07-03,0.0,0.0,0.0,0.0,0.0
2000-07-04,0.0,0.0,0.0,0.0,0.0
2000-07-05,0.0,0.0,0.0,0.0,0.0
2000-07-06,0.0,0.0,0.0,0.0,0.0
2000-07-07,0.0,0.0,0.0,0.0,0.0
2000-07-08,0.0,0.0,0.0,0.0,0.0
2000-07-09,0.0,0.0,0.0,0.0,0.0
2000-07-10,0.0,0.0,0.0,0.0,0.0
2000-07-11,0.0,0.0,0.0,0.0,0.0
2000-07-12,0.0,0.0,0.0,0.0,0.0
2000-07-13,0.0,0.0,0.0,0.0,0.0
2000-07-14,0.0,0.0,0.0,0.0,0.0
2000-07-15,0.0,0.0,0.0,0.0,0.0
2000-07-16,0.0,0.0,0.0,0.0,0.0
2000-07-17,0.0,0.0,0.0,0.0,0.0
2000-07-18,0.0,0.0,0.0,0.0,0.0
2000-07-19,0.0,0.0,0.0,0.0,0.0
2000-07-20,0.0,0.0,0.0,0.0,0.0
2000-07-21,0.0,0.0,0.0,0.0,0.0
2000-07-22,0.0,0.0,0.0,0.0,0.0
2000-07-23,0.0,0.0,0.0,0.0,0.0
2000-07-24,0.0,0.0,0.0,0.0,0.0
2000-07-25,0.0,0.0,0.0,0.0,0.0
2000-07-26,0.0,0.0,0.0,0.0,0.0
2000-07-27,0.0,0.0,0.0,0.0,0.0
2000-07-28,0.0,0.0,0.0,0.0,0.0
2000-07-29,0.0,0.0,0.0,0.0,0.0
2000-07-30,0.0,0.0,0.0,0.0,0.0
2000-07-31,0.0,0.0,0.0,0.0,0.0
2000-08-01,0.0,0.0,0.0,0.0,0.0
2000-08-02,0.0,0.0,0.0,0.0,0.0
2000-08-03,0.0,0.0,0.0,0.0,0.0
2000-08-04,0.0,0.0,0.0,0.0,0.0
2000-08-05,0.0,0.0,0.0,0.0,0.0
2000-08-06,0.0,0.0,0.0,0.0,0.0
2000-08-07,0.0,0.0,0.0,0.0,0.0
2000-08-08,0.0,0.0,0.0,0.0,0.0
2000-08-09,0.0,0.0,0.0,0.0,0.0
2000-08-10,0.0,0.0,0.0,0.0,0.0
2000-08-11,0.0,0.0,0.0,0.0,0.0
2000-08-12,0.0,0.0,0.0,0.0,0.0
2000-08-13,0.0,0.0,0.0,0.0,0.0
2000-08-14,0.0,0.0,0.0,0.0,0.0
2000-08-15,0.0,0.0,0.0,0.0,0.0
2000-08-16,0.0,0.0,0.0,0.0,0.0
2000-08-17,0.0,0.0,0.0,0.0,0.0
2000-08-18,0.0,0.0,0.0,0.0,0.0
2000-08-19,0.0,0.0,0.0,0.0,0.0
2000-08-20,0.0,0.0,0.0,0.0,0.0
2000-08-21,0.0,0.0,0.0,0.0,0.0
2000-08-22,0.0,0.0,0.0,0.0,0.0
2000-08-23,0.0,0.0,0.0,0.0,0.0
2000-08-24,0.0,0.0,0.0,0.0,0.0
2000-08-25,0.0,0.0,0.0,0.0,0.0
2000-08-26,0.0,0.0,0.0,0.0,0.0
2000-08-27,0.0,0.0,0.0,0.0,0.0
2000-08-28,0.0,0.0,0.0,0.0,0.0
2000-08-29,0.0,0.0,0.0,0.0,0.0
2000-08-30,0.0,0.0,0.0,0.0,0.0
2000-08-31,0.0,0.0,0.0,0.0,0.0
2000-09-01,0.0,0.0,0.0,0.0,0.0
2000-09-02,0.0,0.0,0.0,0.0,0.0
2000-09-03,0.0,0.0,0.0,0.0,0.0
2000-09-04,0.0,0.0,0.0,0.0,0.0
2000-09-05,0.0,0.0,0.0,0.0,0.0
2000-09-06,0.0,0.0,0.0,0.0,0.0
2000-09-07,0.0,0.0,0.0,0.0,0.0
2000-09-08,0.0,0.0,0.0,0.0,0.0
2000-09-09,0.0,0.0,0.0,0.0,0.0
2000-09-10,0.0,0.0,0.0,0.0,0.0
2000-09-11,0.0,0.0,0.0,0.0,0.0
2000-09-12,0.0,0.0,0.0,0.0,0.0
2000-09-13,0.0,0.0,0.0,0.0,0.0
2000-09-14,0.0,0.0,0.0,0.0,0.0
2000-09-15,0.0,0.0,0.0,0.0,0.0
2000-09-16,0.0,0.0,0.0,0.0,0.0
2000-09-17,0.0,0.0,0.0,0.0,0.0
2000-09-18,0.0,0.0,0.0,0.0,0.0
2000-09-19,0.0,0.0,0.0,0.0,0.0
2000-09-20,0.0,0.0,0.0,0.0,0.0
2000-09-21,0.0,0.0,0.0,0.0,0.0
2000-09-22,0.0,0.0,0.0,0.0,0.0
2000-09-23,0.0,0.0,0.0,0.0,0.0
2000-09-24,0.0,0.0,0.0,0.0,0.0
2000-09-25,0.0,0.0,0.0,0.0,0.0
2000-09-26,0.0,0.0,0.0,0.0,0.0
2000-09-27,0.0,0.0,0.0,0.0,0.0
2000-09-28,0.0,0.0,0.0,0.0,0.0
2000-09-29,0.0,0.0,0.0,0.0,0.0
2000-09-30,0.0,0.0,0.0,0.0,0.0
2000-10-01,0.0,0.0,0.0,0.0,0.0
2000-10-02,0.0,0.0,0.0,0.0,0.0
2000-10-03,0.0,0.0,0.0,0.0,0.0
2000-10-04,0.0,0.0,0.0,0.0,0.0
2000-10-05,0.0,0.0,0.0,0.0,0.0
2000-10-06,0.0,0.0,0.0,0.0,0.0
2000-10-07,0.0,0.0,0.0,0.0,0.0
2000-10-08,0.0,0.0,0.0,0.0,0.0
2000-10-09,0.0,0.0,0.0,0.0,0.0
2000-10-10,0.0,0.0,0.0,0.0,0.0
2000-10-11,0.0,0.0,0.0,0.0,0.0
2000-10-12,0.0,0.0,0.0,0.0,0.0
2000-10-13,0.0,0.0,0.0,0.0,0.0
2000-10-14,0.0,0.0,0.0,0.0,0.0
2000-10-15,0.0,0.0,0.0,0.0,0.0
2000-10-16,0.0,0.0,0.0,0.0,0.0
2000-10-17,0.0,0.0,0.0,0.0,0.0
2000-10-18,0.0,0.0,0.0,0.0,0.0
2000-10-19,0.0,0.0,0.0,0.0,0.0
2000-10-20,0.0,0.0,0.0,0.0,0.0
2000-10-21,0.0,0.0,0.0,0.0,0.0
2000-10-22,0.0,0.0,0.0,0.0,0.0
2000-10-23,0.0,0.0,0.0,0.0,0.0
2000-10-24,0.0,0.0,0.0,0.0,0.0
2000-10-25,0.0,0.0,0.0,0.0,0.0
2000-10-26,9.152,66.85,13.95,21.11,31.79
2000-10-27,1.034,28.41,7.53,8.06,12.82
2000-10-28,3.56,51.64,11.46,16.3,23.89
2000-10-29,4.135,63.59,11.27,20.69,31.64
2000-10-30,3.344,25.54,9.04,7.06,9.44
2000-10-31,0.967,11.31,6.96,1.85,2.49
2000-11-01,0.673,8.57,6.81,0.57,1.19
2000-11-02,0.564,8.28,6.8,0.34,1.14
2000-11-03,0.483,8.21,6.8,0.28,1.14
2000-11-04,0.416,8.1,6.79,0.17,1.14
2000-11-05,0.359,7.95,6.8,0.02,1.13
2000-11-06,0.304,7.9,6.8,0.01,1.09
2000-11-07,0.26,7.81,6.79,0.0,1.02
2000-11-08,0.233,7.79,6.8,0.0,0.99
2000-11-09,0.192,7.74,6.8,0.0,0.94
2000-11-10,0.168,7.71,6.8,0.0,0.91
2000-11-11,0.147,7.68,6.79,0.0,0.89
2000-11-12,0.126,7.66,6.8,0.0,0.86
2000-11-13,0.111,7.64,6.79,0.0,0.85
2000-11-14,0.097,7.62,6.79,0.0,0.83
2000-11-15,0.084,7.62,6.79,0.0,0.82
2000-11-16,0.072,7.61,6.8,0.0,0.81
2000-11-17,0.061,7.59,6.79,0.0,0.8
2000-11-18,0.055,7.58,6.78,0.0,0.8
2000-11-19,0.05,7.58,6.78,0.0,0.79
2000-11-20,0.046,7.57,6.78,0.0,0.79
2000-11-21,0.044,7.56,6.76,0.0,0.79
2000-11-22,0.038,7.6,6.82,0.0,0.78
2000-11-23,0.032,7.56,6.78,0.0,0.78
2000-11-24,0.028,7.57,6.8,0.0,0.77
2000-11-25,0.024,7.57,6.8,0.0,0.77
2000-11-26,0.022,7.54,6.76,0.0,0.77
2000-11-27,0.02,7.55,6.78,0.0,0.77
2000-11-28,0.019,7.56,6.8,0.0,0.77
2000-11-29,0.936,41.47,6.61,15.02,19.84
2000-11-30,0.197,20.86,7.33,2.98,10.54
2000-12-01,0.066,8.07,6.89,0.0,1.18
2000-12-02,0.052,7.59,6.79,0.0,0.79
2000-12-03,0.045,7.58,6.8,0.0,0.78
2000-12-04,0.039,7.57,6.79,0.0,0.78
2000-12-05,0.034,7.56,6.79,0.0,0.77
2000-12-06,0.032,7.55,6.77,0.0,0.78
2000-12-07,0.03,7.54,6.76,0.0,0.78
2000-12-08,0.028,7.56,6.79,0.0,0.77
2000-12-09,0.026,7.54,6.76,0.0,0.77
2000-12-10,0.021,7.61,6.85,0.0,0.76
2000-12-11,0.016,7.61,6.85,0.0,0.75
2000-12-12,0.996,61.7,6.64,23.75,31.31
2000-12-13,0.347,18.63,5.48,2.59,10.56
2000-12-14,2.218,33.96,7.54,11.32,15.11
2000-12-15,1.697,25.23,7.68,7.55,10.0
2000-12-16,0.326,11.24,7.04,1.15,3.05
2000-12-17,0.207,7.85,6.82,0.0,1.03
2000-12-18,0.162,7.71,6.81,0.0,0.9
2000-12-19,0.153,7.66,6.77,0.0,0.89
2000-12-20,0.14,7.67,6.79,0.0,0.88
2000-12-21,0.126,7.64,6.78,0.0,0.86
2000-12-22,0.116,7.64,6.78,0.0,0.86
2000-12-23,0.101,7.63,6.8,0.0,0.84
2000-12-24,0.087,7.63,6.8,0.0,0.82
2000-12-25,0.071,7.61,6.8,0.0,0.81
2000-12-26,0.062,7.58,6.77,0.0,0.8
2000-12-27,0.059,7.58,6.78,0.0,0.8
2000-12-28,0.05,7.59,6.8,0.0,0.79
2000-12-29,0.047,7.57,6.77,0.0,0.79
2000-12-30,0.042,7.57,6.78,0.0,0.79
2000-12-31,0.039,7.55,6.77,0.0,0.79
2001-01-01,0.034,7.57,6.8,0.0,0.78
2001-01-02,0.03,7.56,6.78,0.0,0.78
2001-01-03,0.025,7.59,6.83,0.0,0.76
2001-01-04,0.022,7.55,6.78,0.0,0.77
2001-01-05,0.021,7.53,6.76,0.0,0.77
2001-01-06,0.02,7.55,6.78,0.0,0.77
2001-01-07,0.016,7.6,6.85,0.0,0.75
2001-01-08,1.71,27.84,7.54,8.72,11.58
2001-01-09,0.299,16.09,7.24,2.78,6.07
2001-01-10,7.194,83.59,14.27,27.02,42.3
2001-01-11,7.997,65.19,13.71,20.8,30.68
2001-01-12,1.569,26.33,7.59,7.51,11.23
2001-01-13,0.833,9.69,6.84,1.19,1.66
2001-01-14,0.653,8.5,6.81,0.53,1.16
2001-01-15,0.529,8.27,6.82,0.31,1.14
2001-01-16,0.432,8.14,6.8,0.2,1.13
2001-01-17,0.373,7.96,6.8,0.03,1.13
2001-01-18,0.325,7.92,6.79,0.01,1.11
2001-01-19,0.284,7.86,6.79,0.01,1.06
2001-01-20,0.244,7.8,6.8,0.0,1.0
2001-01-21,0.207,7.76,6.8,0.0,0.96
2001-01-22,0.179,7.71,6.79,0.0,0.92
2001-01-23,0.158,7.68,6.78,0.0,0.9
2001-01-24,1.981,51.06,8.27,18.36,24.42
2001-01-25,5.967,237.47,16.18,94.17,127.13
2001-01-26,2.844,80.11,9.33,30.21,40.57
2001-01-27,0.611,16.92,6.99,4.02,5.91
2001-01-28,0.395,8.44,6.83,0.25,1.36
2001-01-29,0.378,8.81,6.78,0.27,1.77
2001-01-30,0.271,7.95,6.83,0.01,1.12
2001-01-31,0.222,7.78,6.8,0.0,0.98
2001-02-01,0.192,7.73,6.79,0.0,0.94
2001-02-02,0.17,7.7,6.79,0.0,0.91
2001-02-03,0.146,7.69,6.8,0.0,0.89
2001-02-04,0.127,7.66,6.79,0.0,0.87
2001-02-05,0.11,7.65,6.8,0.0,0.85
2001-02-06,0.076,7.77,6.96,0.0,0.81
2001-02-07,0.036,7.57,6.84,0.0,0.73
2001-02-08,0.047,7.48,6.66,0.0,0.82
2001-02-09,3.674,70.07,10.18,24.43,35.46
2001-02-10,5.059,37.76,10.23,11.64,15.89
2001-02-11,6.838,54.74,12.74,16.89,25.11
2001-02-12,7.94,56.72,14.36,16.78,25.58
2001-02-13,1.657,11.01,6.89,1.69,2.42
2001-02-14,1.176,8.92,6.83,0.9,1.19
2001-02-15,0.913,8.82,6.82,0.86,1.14
2001-02-16,0.725,8.66,6.82,0.71,1.14
2001-02-17,2.541,30.97,9.38,9.16,12.44
2001-02-18,3.031,31.04,10.18,8.84,12.02
2001-02-19,8.578,235.27,14.38,94.39,126.5
2001-02-20,4.284,84.23,10.06,31.7,42.46
2001-02-21,3.91,27.54,9.69,7.7,10.15
2001-02-22,4.572,35.59,9.73,10.86,14.99
2001-02-23,3.03,21.17,9.31,5.1,6.76
2001-02-24,9.711,85.01,14.66,27.9,42.45
2001-02-25,4.12,31.01,9.72,8.64,12.65
2001-02-26,1.99,14.5,7.11,3.01,4.38
2001-02-27,1.353,9.07,6.85,0.95,1.27
2001-02-28,0.996,8.84,6.84,0.87,1.14
2001-03-01,0.756,8.75,6.83,0.79,1.13
2001-03-02,1.376,23.71,6.69,7.29,9.73
2001-03-03,1.613,23.15,7.44,6.71,9.0
2001-03-04,7.32,51.46,12.47,15.85,23.14
2001-03-05,4.417,24.55,10.06,6.14,8.35
2001-03-06,1.814,10.88,6.96,1.69,2.23
2001-03-07,1.151,8.96,6.86,0.91,1.19
2001-03-08,0.821,8.82,6.84,0.84,1.14
2001-03-09,0.597,8.44,6.84,0.46,1.13
2001-03-10,0.45,8.18,6.82,0.23,1.13
2001-03-11,0.358,7.97,6.82,0.03,1.13
2001-03-12,0.284,7.89,6.82,0.01,1.07
2001-03-13,0.227,7.8,6.81,0.0,0.98
2001-03-14,0.182,7.74,6.82,0.0,0.93
2001-03-15,0.148,7.7,6.81,0.0,0.89
2001-03-16,0.119,7.67,6.82,0.0,0.85
2001-03-17,0.1,7.62,6.79,0.0,0.83
2001-03-18,0.09,7.62,6.8,0.0,0.83
2001-03-19,0.076,7.61,6.8,0.0,0.81
2001-03-20,0.066,7.6,6.79,0.0,0.8
2001-03-21,0.056,7.59,6.8,0.0,0.79
2001-03-22,0.049,7.58,6.8,0.0,0.79
2001-03-23,0.042,7.57,6.79,0.0,0.78
2001-03-24,0.038,7.56,6.78,0.0,0.78
2001-03-25,0.033,7.59,6.82,0.0,0.77
2001-03-26,0.025,7.59,6.84,0.0,0.75
2001-03-27,0.02,7.53,6.77,0.0,0.76
2001-03-28,0.022,7.5,6.73,0.0,0.77
2001-03-29,0.02,7.55,6.79,0.0,0.76
2001-03-30,0.018,7.56,6.8,0.0,0.76
2001-03-31,0.016,7.53,6.77,0.0,0.76
2001-04-01,0.013,7.65,6.9,0.0,0.75
2001-04-02,0.004,7.98,7.36,0.0,0.62
2001-04-03,0.0,6.74,6.51,0.0,0.23
2001-04-04,0.003,7.24,6.44,0.0,0.79
2001-04-05,0.005,7.58,6.81,0.0,0.77
2001-04-06,0.004,7.55,6.78,0.0,0.77
2001-04-07,0.81,20.09,6.66,5.59,7.85
2001-04-08,0.128,10.62,7.22,0.0,3.39
2001-04-09,1.09,27.99,6.66,9.14,12.19
2001-04-10,0.221,12.33,7.12,0.72,4.5
2001-04-11,0.123,7.78,6.82,0.0,0.96
2001-04-12,0.094,7.66,6.84,0.0,0.83
2001-04-13,0.07,7.65,6.85,0.0,0.8
2001-04-14,0.053,7.59,6.8,0.0,0.78
2001-04-15,0.046,7.58,6.8,0.0,0.79
2001-04-16,0.04,7.57,6.79,0.0,0.78
2001-04-17,0.035,7.58,6.81,0.0,0.78
2001-04-18,0.032,7.53,6.75,0.0,0.79
2001-04-19,0.024,7.69,6.94,0.0,0.75
2001-04-20,3.145,60.51,11.1,20.15,29.26
2001-04-21,0.926,36.16,7.37,11.36,17.42
2001-04-22,0.283,9.72,6.92,0.15,2.65
2001-04-23,0.193,7.83,6.83,0.0,0.99
2001-04-24,0.153,7.71,6.81,0.0,0.89
2001-04-25,0.126,7.67,6.81,0.0,0.86
2001-04-26,0.105,7.64,6.8,0.0,0.84
2001-04-27,0.088,7.62,6.8,0.0,0.82
2001-04-28,0.074,7.63,6.82,0.0,0.81
2001-04-29,0.059,7.6,6.81,0.0,0.79
2001-04-30,0.052,7.58,6.79,0.0,0.79
2001-05-01,0.041,7.64,6.86,0.0,0.78
2001-05-02,0.024,7.66,6.93,0.0,0.74
2001-05-03,0.016,7.47,6.73,0.0,0.75
2001-05-04,0.022,7.55,6.76,0.0,0.79
2001-05-05,0.019,7.55,6.79,0.0,0.77
2001-05-06,0.016,7.59,6.83,0.0,0.76
2001-05-07,0.013,7.56,6.8,0.0,0.76
2001-05-08,0.011,7.57,6.81,0.0,0.76
2001-05-09,0.009,7.58,6.82,0.0,0.76
2001-05-10,0.007,7.54,6.79,0.0,0.75
2001-05-11,0.006,7.53,6.77,0.0,0.76
2001-05-12,0.006,7.54,6.78,0.0,0.76
2001-05-13,0.005,7.6,6.85,0.0,0.76
2001-05-14,0.002,7.6,6.89,0.0,0.71
2001-05-15,0.003,7.4,6.63,0.0,0.77
2001-05-16,0.003,7.67,6.91,0.0,0.76
2001-05-17,0.001,7.76,7.09,0.0,0.67
2001-05-18,0.0,7.03,6.42,0.0,0.61
2001-05-19,0.001,7.5,6.71,0.0,0.79
2001-05-20,0.001,7.62,6.87,0.0,0.75
2001-05-21,0.001,7.67,6.94,0.0,0.73
2001-05-22,0.0,7.47,6.82,0.0,0.65
2001-05-23,0.0,7.58,6.82,0.0,0.77
2001-05-24,0.0,7.57,6.9,0.0,0.66
2001-05-25,0.0,7.86,7.66,0.0,0.2
2001-05-26,0.0,7.7,7.66,0.0,0.04
2001-05-27,0.0,7.67,7.66,0.0,0.01
2001-05-28,0.0,0.0,0.0,0.0,0.0
2001-05-29,0.0,0.0,0.0,0.0,0.0
2001-05-30,0.0,0.0,0.0,0.0,0.0
2001-05-31,0.0,0.0,0.0,0.0,0.0
2001-06-01,0.0,0.0,0.0,0.0,0.0
2001-06-02,0.0,0.0,0.0,0.0,0.0
2001-06-03,0.0,0.0,0.0,0.0,0.0
2001-06-04,0.0,0.0,0.0,0.0,0.0
2001-06-05,0.0,0.0,0.0,0.0,0.0
2001-06-06,0.0,0.0,0.0,0.0,0.0
2001-06-07,0.0,0.0,0.0,0.0,0.0
2001-06-08,0.0,0.0,0.0,0.0,0.0
2001-06-09,0.0,0.0,0.0,0.0,0.0
2001-06-10,0.0,0.0,0.0,0.0,0.0
2001-06-11,0.0,0.0,0.0,0.0,0.0
2001-06-12,0.0,0.0,0.0,0.0,0.0
2001-06-13,0.0,0.0,0.0,0.0,0.0
2001-06-14,0.0,0.0,0.0,0.0,0.0
2001-06-15,0.0,0.0,0.0,0.0,0.0
2001-06-16,0.0,0.0,0.0,0.0,0.0
2001-06-17,0.0,0.0,0.0,0.0,0.0
2001-06-18,0.0,0.0,0.0,0.0,0.0
2001-06-19,0.0,0.0,0.0,0.0,0.0
2001-06-20,0.0,0.0,0.0,0.0,0.0
2001-06-21,0.0,0.0,0.0,0.0,0.0
2001-06-22,0.0,0.0,0.0,0.0,0.0
2001-06-23,0.0,0.0,0.0,0.0,0.0
2001-06-24,0.0,0.0,0.0,0.0,0.0
2001-06-25,0.0,0.0,0.0,0.0,0.0
2001-06-26,0.0,0.0,0.0,0.0,0.0
2001-06-27,0.0,0.0,0.0,0.0,0.0
2001-06-28,0.0,0.0,0.0,0.0,0.0
2001-06-29,0.0,0.0,0.0,0.0,0.0
2001-06-30,0.0,0.0,0.0,0.0,0.0
2001-07-01,0.0,0.0,0.0,0.0,0.0
2001-07-02,0.0,0.0,0.0,0.0,0.0
2001-07-03,0.0,0.0,0.0,0.0,0.0
2001-07-04,0.0,0.0,0.0,0.0,0.0
2001-07-05,0.0,0.0,0.0,0.0,0.0
2001-07-06,0.0,0.0,0.0,0.0,0.0
2001-07-07,0.0,0.0,0.0,0.0,0.0
2001-07-08,0.0,0.0,0.0,0.0,0.0
2001-07-09,0.0,0.0,0.0,0.0,0.0
2001-07-10,0.0,0.0,0.0,0.0,0.0
2001-07-11,0.0,0.0,0.0,0.0,0.0
2001-07-12,0.0,0.0,0.0,0.0,0.0
2001-07-13,0.0,0.0,0.0,0.0,0.0
2001-07-14,0.0,0.0,0.0,0.0,0.0
2001-07-15,0.0,0.0,0.0,0.0,0.0
2001-07-16,0.0,0.0,0.0,0.0,0.0
2001-07-17,0.0,0.0,0.0,0.0,0.0
2001-07-18,0.0,0.0,0.0,0.0,0.0
2001-07-19,0.0,0.0,0.0,0.0,0.0
2001-07-20,0.0,0.0,0.0,0.0,0.0
2001-07-21,0.0,0.0,0.0,0.0,0.0
2001-07-22,0.0,0.0,0.0,0.0,0.0
2001-07-23,0.0,0.0,0.0,0.0,0.0
2001-07-24,0.0,0.0,0.0,0.0,0.0
2001-07-25,0.0,0.0,0.0,0.0,0.0
2001-07-26,0.0,0.0,0.0,0.0,0.0
2001-07-27,0.0,0.0,0.0,0.0,0.0
2001-07-28,0.0,0.0,0.0,0.0,0.0
2001-07-29,0.0,0.0,0.0,0.0,0.0
2001-07-30,0.0,0.0,0.0,0.0,0.0
2001-07-31,0.0,0.0,0.0,0.0,0.0
2001-08-01,0.0,0.0,0.0,0.0,0.0
2001-08-02,0.0,0.0,0.0,0.0,0.0
2001-08-03,0.0,0.0,0.0,0.0,0.0
2001-08-04,0.0,0.0,0.0,0.0,0.0
2001-08-05,0.0,0.0,0.0,0.0,0.0
2001-08-06,0.0,0.0,0.0,0.0,0.0
2001-08-07,0.0,0.0,0.0,0.0,0.0
2001-08-08,0.0,0.0,0.0,0.0,0.0
2001-08-09,0.0,0.0,0.0,0.0,0.0
2001-08-10,0.0,0.0,0.0,0.0,0.0
2001-08-11,0.0,0.0,0.0,0.0,0.0
2001-08-12,0.0,0.0,0.0,0.0,0.0
2001-08-13,0.0,0.0,0.0,0.0,0.0
2001-08-14,0.0,0.0,0.0,0.0,0.0
2001-08-15,0.0,0.0,0.0,0.0,0.0
2001-08-16,0.0,0.0,0.0,0.0,0.0
2001-08-17,0.0,0.0,0.0,0.0,0.0
2001-08-18,0.0,0.0,0.0,0.0,0.0
2001-08-19,0.0,0.0,0.0,0.0,0.0
2001-08-20,0.0,0.0,0.0,0.0,0.0
2001-08-21,0.0,0.0,0.0,0.0,0.0
2001-08-22,0.0,0.0,0.0,0.0,0.0
2001-08-23,0.0,0.0,0.0,0.0,0.0
2001-08-24,0.0,0.0,0.0,0.0,0.0
2001-08-25,0.0,0.0,0.0,0.0,0.0
2001-08-26,0.0,0.0,0.0,0.0,0.0
2001-08-27,0.0,0.0,0.0,0.0,0.0
2001-08-28,0.0,0.0,0.0,0.0,0.0
2001-08-29,0.0,0.0,0.0,0.0,0.0
2001-08-30,0.0,0.0,0.0,0.0,0.0
2001-08-31,0.0,0.0,0.0,0.0,0.0
2001-09-01,0.0,0.0,0.0,0.0,0.0
2001-09-02,0.0,0.0,0.0,0.0,0.0
2001-09-03,0.0,0.0,0.0,0.0,0.0
2001-09-04,0.0,0.0,0.0,0.0,0.0
2001-09-05,0.0,0.0,0.0,0.0,0.0
2001-09-06,0.0,0.0,0.0,0.0,0.0
2001-09-07,0.0,0.0,0.0,0.0,0.0
2001-09-08,0.0,0.0,0.0,0.0,0.0
2001-09-09,0.0,0.0,0.0,0.0,0.0
2001-09-10,0.0,0.0,0.0,0.0,0.0
2001-09-11,0.0,0.0,0.0,0.0,0.0
2001-09-12,0.0,0.0,0.0,0.0,0.0
2001-09-13,0.0,0.0,0.0,0.0,0.0
2001-09-14,0.0,0.0,0.0,0.0,0.0
2001-09-15,0.0,0.0,0.0,0.0,0.0
2001-09-16,0.0,0.0,0.0,0.0,0.0
2001-09-17,0.0,0.0,0.0,0.0,0.0
2001-09-18,0.0,0.0,0.0,0.0,0.0
2001-09-19,0.0,0.0,0.0,0.0,0.0
2001-09-20,0.0,0.0,0.0,0.0,0.0
2001-09-21,0.0,0.0,0.0,0.0,0.0
2001-09-22,0.0,0.0,0.0,0.0,0.0
2001-09-23,0.0,0.0,0.0,0.0,0.0
2001-09-24,0.0,0.0,0.0,0.0,0.0
2001-09-25,0.001,7.03,6.23,0.0,0.8
2001-09-26,0.001,8.12,7.59,0.0,0.52
2001-09-27,0.0,7.77,7.66,0.0,0.1
2001-09-28,0.0,7.68,7.66,0.0,0.02
2001-09-29,0.0,7.67,7.66,0.0,0.0
2001-09-30,0.0,0.0,0.0,0.0,0.0
2001-10-01,0.0,0.0,0.0,0.0,0.0
2001-10-02,0.0,0.0,0.0,0.0,0.0
2001-10-03,0.0,0.0,0.0,0.0,0.0
2001-10-04,0.0,7.59,6.75,0.02,0.83
2001-10-05,0.0,7.94,7.66,0.0,0.27
2001-10-06,0.0,7.72,7.66,0.0,0.05
2001-10-07,0.0,0.0,0.0,0.0,0.0
2001-10-08,0.0,0.0,0.0,0.0,0.0
2001-10-09,0.0,0.0,0.0,0.0,0.0
2001-10-10,0.0,0.0,0.0,0.0,0.0
2001-10-11,0.0,0.0,0.0,0.0,0.0
2001-10-12,0.0,0.0,0.0,0.0,0.0
2001-10-13,0.0,0.0,0.0,0.0,0.0
2001-10-14,0.0,0.0,0.0,0.0,0.0
2001-10-15,0.0,0.0,0.0,0.0,0.0
2001-10-16,0.0,0.0,0.0,0.0,0.0
2001-10-17,0.0,0.0,0.0,0.0,0.0
2001-10-18,0.0,0.0,0.0,0.0,0.0
2001-10-19,0.0,0.0,0.0,0.0,0.0
2001-10-20,0.0,0.0,0.0,0.0,0.0
2001-10-21,0.0,0.0,0.0,0.0,0.0
2001-10-22,0.0,0.0,0.0,0.0,0.0
2001-10-23,0.0,0.0,0.0,0.0,0.0
2001-10-24,0.0,0.0,0.0,0.0,0.0
2001-10-25,0.0,0.0,0.0,0.0,0.0
2001-10-26,0.0,0.0,0.0,0.0,0.0
2001-10-27,0.0,0.0,0.0,0.0,0.0
2001-10-28,0.0,0.0,0.0,0.0,0.0
2001-10-29,0.0,0.0,0.0,0.0,0.0
2001-10-30,1.04,30.07,6.74,10.06,13.27
2001-10-31,0.234,18.57,7.37,3.02,8.17
2001-11-01,0.048,8.37,7.08,0.0,1.29
2001-11-02,0.028,7.57,6.81,0.0,0.76
2001-11-03,0.025,7.56,6.79,0.0,0.77
2001-11-04,0.021,7.57,6.81,0.0,0.76
2001-11-05,0.018,7.54,6.78,0.0,0.76
2001-11-06,0.013,7.64,6.9,0.0,0.74
2001-11-07,0.011,7.42,6.67,0.0,0.75
2001-11-08,0.013,7.52,6.75,0.0,0.77
2001-11-09,0.014,7.52,6.75,0.0,0.77
2001-11-10,1.902,50.49,9.37,16.64,24.49
2001-11-11,2.975,47.75,11.12,14.8,21.83
2001-11-12,15.647,231.12,22.32,83.5,125.3
2001-11-13,1.043,40.05,7.08,12.1,20.86
2001-11-14,0.596,10.46,6.89,1.18,2.39
2001-11-15,0.447,8.26,6.81,0.27,1.18
2001-11-16,0.383,7.98,6.79,0.05,1.14
2001-11-17,0.333,7.93,6.79,0.01,1.12
2001-11-18,0.289,7.86,6.79,0.01,1.06
2001-11-19,0.258,7.8,6.78,0.0,1.02
2001-11-20,0.23,7.78,6.79,0.0,0.98
2001-11-21,0.398,11.69,5.33,2.52,3.84
2001-11-22,1.135,32.41,7.2,10.82,14.39
2001-11-23,0.284,10.35,6.97,0.53,2.85
2001-11-24,6.645,102.84,13.75,36.7,52.39
2001-11-25,1.033,26.5,7.22,7.93,11.36
2001-11-26,0.453,9.42,6.86,0.73,1.83
2001-11-27,0.351,7.99,6.81,0.02,1.15
2001-11-28,3.298,60.53,10.6,20.16,29.78
2001-11-29,6.121,81.31,15.54,24.35,41.42
2001-11-30,1.046,17.39,7.03,4.32,6.04
2001-12-01,9.636,68.66,14.74,20.63,33.29
2001-12-02,17.424,200.03,20.45,70.56,109.03
2001-12-03,3.693,27.94,10.19,7.45,10.31
2001-12-04,1.906,9.32,6.84,1.07,1.41
2001-12-05,4.374,31.33,10.02,9.2,12.11
2001-12-06,3.839,24.09,10.09,6.05,7.96
2001-12-07,1.548,9.58,6.86,1.17,1.54
2001-12-08,1.148,8.85,6.83,0.87,1.15
2001-12-09,1.005,9.47,6.8,1.15,1.52
2001-12-10,0.715,8.75,6.84,0.73,1.18
2001-12-11,0.559,8.3,6.81,0.35,1.14
2001-12-12,0.467,8.2,6.81,0.26,1.14
2001-12-13,0.765,15.79,5.56,4.19,6.04
2001-12-14,5.511,79.35,12.6,26.9,39.85
2001-12-15,0.888,15.22,6.96,3.37,4.9
2001-12-16,0.584,8.67,6.83,0.53,1.31
2001-12-17,3.846,129.65,11.32,49.42,68.92
2001-12-18,0.926,34.26,7.03,11.24,15.98
2001-12-19,1.078,26.97,6.63,8.62,11.72
2001-12-20,5.226,37.76,9.92,12.02,15.82
2001-12-21,3.43,37.29,11.32,10.78,15.2
2001-12-22,6.577,135.48,14.12,50.4,70.96
2001-12-23,1.82,27.67,6.99,8.45,12.23
2001-12-24,1.105,9.82,6.87,1.25,1.7
2001-12-25,0.809,8.85,6.83,0.87,1.16
2001-12-26,0.631,8.48,6.82,0.53,1.14
2001-12-27,0.924,19.8,6.4,5.62,7.79
2001-12-28,12.515,104.66,16.51,34.49,53.66
2001-12-29,10.856,51.85,15.03,14.56,22.25
2001-12-30,10.074,76.27,15.05,23.8,37.41
2001-12-31,5.685,41.03,12.33,11.1,17.6
2002-01-01,3.304,14.27,8.24,2.6,3.44
2002-01-02,12.108,95.4,15.43,32.69,47.28
2002-01-03,3.003,12.97,8.47,1.92,2.59
2002-01-04,1.967,8.9,6.85,0.89,1.17
2002-01-05,1.403,8.85,6.85,0.86,1.14
2002-01-06,1.082,9.07,6.82,0.97,1.27
2002-01-07,0.784,8.84,6.84,0.84,1.16
2002-01-08,0.591,8.4,6.83,0.44,1.14
2002-01-09,0.459,8.19,6.82,0.23,1.13
2002-01-10,0.364,7.98,6.81,0.03,1.13
2002-01-11,0.298,7.9,6.81,0.01,1.09
2002-01-12,0.249,7.82,6.8,0.0,1.02
2002-01-13,0.209,7.76,6.8,0.0,0.96
2002-01-14,0.169,7.74,6.83,0.0,0.91
2002-01-15,0.137,7.66,6.79,0.0,0.87
2002-01-16,0.126,7.64,6.78,0.0,0.86
2002-01-17,0.116,7.64,6.79,0.0,0.85
2002-01-18,0.104,7.62,6.78,0.0,0.84
2002-01-19,0.093,7.64,6.81,0.0,0.83
2002-01-20,0.077,7.57,6.76,0.0,0.81
2002-01-21,0.079,7.61,6.78,0.0,0.82
2002-01-22,0.047,7.7,6.95,0.0,0.75
2002-01-23,0.044,7.47,6.67,0.0,0.79
2002-01-24,0.049,7.55,6.75,0.0,0.8
2002-01-25,0.048,7.56,6.77,0.0,0.79
2002-01-26,0.583,31.55,6.47,10.71,14.37
2002-01-27,0.264,19.5,7.28,3.68,8.54
2002-01-28,0.931,25.44,6.55,8.02,10.87
2002-01-29,0.375,14.21,7.21,2.46,4.54
2002-01-30,0.157,7.94,6.86,0.0,1.07
2002-01-31,0.123,7.67,6.81,0.0,0.86
2002-02-01,0.103,7.64,6.8,0.0,0.84
2002-02-02,0.085,7.63,6.81,0.0,0.82
2002-02-03,0.071,7.61,6.8,0.0,0.8
2002-02-04,0.058,7.6,6.81,0.0,0.79
2002-02-05,0.05,7.57,6.79,0.0,0.79
2002-02-06,0.045,7.57,6.79,0.0,0.78
2002-02-07,0.219,23.84,5.55,7.83,10.46
2002-02-08,0.942,34.66,6.86,11.84,15.96
2002-02-09,0.285,18.81,7.21,3.52,8.09
2002-02-10,0.129,8.01,6.86,0.0,1.15
2002-02-11,0.1,7.65,6.81,0.0,0.84
2002-02-12,0.082,7.62,6.81,0.0,0.82
2002-02-13,0.071,7.59,6.78,0.0,0.81
2002-02-14,0.061,7.6,6.8,0.0,0.8
2002-02-15,0.051,7.59,6.81,0.0,0.79
2002-02-16,1.666,78.63,9.61,28.12,40.89
2002-02-17,4.296,50.13,10.85,16.25,23.03
2002-02-18,1.004,16.47,7.0,3.9,5.57
2002-02-19,5.085,37.8,10.6,11.73,15.47
2002-02-20,2.842,25.38,9.14,7.01,9.23
2002-02-21,0.979,10.08,6.9,1.38,1.81
2002-02-22,0.697,8.69,6.83,0.7,1.16
2002-02-23,0.547,8.29,6.82,0.34,1.14
2002-02-24,0.437,8.15,6.81,0.2,1.14
2002-02-25,0.357,7.96,6.81,0.02,1.13
2002-02-26,0.294,7.89,6.81,0.01,1.08
2002-02-27,0.245,7.82,6.8,0.0,1.01
2002-02-28,0.205,7.76,6.81,0.0,0.96
2002-03-01,0.162,7.72,6.82,0.0,0.9
2002-03-02,0.137,7.67,6.8,0.0,0.88
2002-03-03,0.123,7.64,6.78,0.0,0.86
2002-03-04,0.109,7.64,6.8,0.0,0.85
2002-03-05,0.097,7.62,6.78,0.0,0.84
2002-03-06,1.741,72.28,9.25,26.11,36.93
2002-03-07,3.52,51.31,9.51,17.64,24.16
2002-03-08,0.787,16.59,7.12,3.91,5.57
2002-03-09,0.417,8.55,6.84,0.33,1.38
2002-03-10,3.188,41.01,9.64,13.27,18.1
2002-03-11,0.73,13.99,6.99,2.77,4.22
2002-03-12,0.463,8.47,6.84,0.35,1.28
2002-03-13,0.333,7.99,6.85,0.02,1.12
2002-03-14,0.265,7.84,6.8,0.0,1.03
2002-03-15,0.226,7.8,6.81,0.0,0.98
2002-03-16,0.178,7.73,6.81,0.0,0.92
2002-03-17,2.174,62.56,8.97,22.12,31.46
2002-03-18,0.654,29.76,7.19,9.0,13.57
2002-03-19,0.306,8.77,6.85,0.02,1.89
2002-03-20,0.237,7.84,6.81,0.0,1.02
2002-03-21,0.194,7.75,6.81,0.0,0.94
2002-03-22,0.362,4.71,3.67,0.27,0.77
2002-03-23,3.972,55.66,10.54,19.14,25.98
2002-03-24,0.672,16.31,7.04,3.73,5.53
2002-03-25,0.391,8.44,6.84,0.24,1.36
2002-03-26,0.304,7.92,6.81,0.01,1.1
2002-03-27,0.249,7.82,6.81,0.0,1.01
2002-03-28,0.21,7.76,6.8,0.0,0.96
2002-03-29,0.18,7.72,6.8,0.0,0.92
2002-03-30,0.155,7.69,6.79,0.0,0.9
2002-03-31,0.134,7.67,6.79,0.0,0.87
2002-04-01,0.117,7.65,6.79,0.0,0.85
2002-04-02,0.103,7.63,6.79,0.0,0.84
2002-04-03,0.09,7.62,6.79,0.0,0.83
2002-04-04,0.081,7.61,6.79,0.0,0.82
2002-04-05,0.073,7.59,6.78,0.0,0.81
2002-04-06,0.065,7.6,6.8,0.0,0.8
2002-04-07,0.056,7.58,6.79,0.0,0.79
2002-04-08,0.05,7.57,6.78,0.0,0.79
2002-04-09,0.047,7.55,6.76,0.0,0.79
2002-04-10,0.041,7.6,6.82,0.0,0.77
2002-04-11,0.037,7.55,6.77,0.0,0.78
2002-04-12,0.031,7.59,6.82,0.0,0.76
2002-04-13,0.026,7.56,6.79,0.0,0.76
2002-04-14,0.022,7.64,6.87,0.0,0.77
2002-04-15,0.006,7.68,7.08,0.0,0.6
2002-04-16,0.008,7.5,6.71,0.0,0.79
2002-04-17,0.006,7.64,6.92,0.0,0.72
2002-04-18,0.005,7.51,6.78,0.0,0.74
2002-04-19,0.005,7.39,6.64,0.0,0.75
2002-04-20,0.007,7.53,6.75,0.0,0.77
2002-04-21,0.006,7.53,6.77,0.0,0.75
2002-04-22,0.006,7.51,6.76,0.0,0.75
2002-04-23,0.006,7.55,6.79,0.0,0.75
2002-04-24,0.005,7.55,6.81,0.0,0.75
2002-04-25,0.004,7.53,6.77,0.0,0.75
2002-04-26,0.003,7.7,6.96,0.0,0.73
2002-04-27,0.001,7.6,6.88,0.0,0.72
2002-04-28,0.001,7.37,6.66,0.0,0.71
2002-04-29,0.001,7.5,6.74,0.0,0.76
2002-04-30,0.001,7.73,6.97,0.0,0.77
2002-05-01,0.0,7.21,6.94,0.0,0.28
2002-05-02,0.0,7.05,6.32,0.0,0.73
2002-05-03,0.001,7.43,6.67,0.0,0.76
2002-05-04,0.001,7.48,6.72,0.0,0.77
2002-05-05,0.001,7.71,6.95,0.0,0.76
2002-05-06,0.0,7.87,7.27,0.0,0.59
2002-05-07,0.0,7.29,7.16,0.0,0.13
2002-05-08,0.0,7.1,6.35,0.0,0.75
2002-05-09,0.0,8.02,7.25,0.0,0.78
2002-05-10,0.0,7.82,7.66,0.0,0.15
2002-05-11,0.0,6.3,5.6,0.0,0.7
2002-05-12,0.0,7.68,6.88,0.0,0.79
2002-05-13,0.0,7.63,7.06,0.0,0.56
2002-05-14,0.0,6.86,6.71,0.0,0.15
2002-05-15,0.0,7.62,6.82,0.0,0.8
2002-05-16,0.0,7.84,7.66,0.0,0.18
2002-05-17,0.0,7.7,7.66,0.0,0.03
2002-05-18,0.0,0.0,0.0,0.0,0.0
2002-05-19,0.398,32.22,6.5,10.93,14.8
2002-05-20,0.951,26.36,6.5,7.98,11.87
2002-05-21,1.096,26.5,7.09,8.25,11.15
2002-05-22,0.16,10.42,7.13,0.01,3.29
2002-05-23,0.084,7.7,6.83,0.0,0.87
2002-05-24,0.071,7.6,6.79,0.0,0.81
2002-05-25,0.063,7.59,6.78,0.0,0.8
2002-05-26,0.057,7.58,6.78,0.0,0.8
2002-05-27,0.052,7.57,6.78,0.0,0.8
2002-05-28,0.047,7.57,6.78,0.0,0.79
2002-05-29,0.039,7.6,6.82,0.0,0.77
2002-05-30,0.032,7.59,6.82,0.0,0.77
2002-05-31,0.027,7.56,6.78,0.0,0.77
2002-06-01,0.025,7.56,6.79,0.0,0.77
2002-06-02,0.021,7.55,6.79,0.0,0.76
2002-06-03,0.017,7.58,6.81,0.0,0.76
2002-06-04,0.015,7.57,6.81,0.0,0.76
2002-06-05,0.013,7.57,6.81,0.0,0.76
2002-06-06,0.011,7.57,6.81,0.0,0.76
2002-06-07,0.008,7.55,6.8,0.0,0.75
2002-06-08,0.006,7.67,6.91,0.0,0.76
2002-06-09,0.002,7.29,6.65,0.0,0.64
2002-06-10,0.005,7.48,6.69,0.0,0.79
2002-06-11,0.006,7.54,6.77,0.0,0.77
2002-06-12,0.005,7.54,6.78,0.0,0.76
2002-06-13,0.005,7.55,6.79,0.0,0.76
2002-06-14,0.004,7.57,6.82,0.0,0.75
2002-06-15,0.003,7.55,6.81,0.0,0.74
2002-06-16,0.002,7.58,6.82,0.0,0.75
2002-06-17,0.002,7.52,6.78,0.0,0.74
2002-06-18,0.002,7.52,6.76,0.0,0.76
2002-06-19,0.001,7.59,6.85,0.0,0.74
2002-06-20,0.001,7.48,6.75,0.0,0.73
2002-06-21,0.001,7.49,6.74,0.0,0.75
2002-06-22,0.001,7.66,6.9,0.0,0.76
2002-06-23,0.001,7.53,6.82,0.0,0.71
2002-06-24,0.0,7.53,6.79,0.0,0.74
2002-06-25,0.0,7.53,6.8,0.0,0.73
2002-06-26,0.0,7.5,6.78,0.0,0.72
2002-06-27,0.0,7.57,6.82,0.0,0.74
2002-06-28,0.0,7.58,6.96,0.0,0.63
2002-06-29,0.0,7.85,7.66,0.0,0.19
2002-06-30,0.0,7.7,7.66,0.0,0.03
2002-07-01,0.0,0.0,0.0,0.0,0.0
2002-07-02,0.0,0.0,0.0,0.0,0.0
2002-07-03,0.0,0.0,0.0,0.0,0.0
2002-07-04,0.0,0.0,0.0,0.0,0.0
2002-07-05,0.0,0.0,0.0,0.0,0.0
2002-07-06,0.0,0.0,0.0,0.0,0.0
2002-07-07,0.0,0.0,0.0,0.0,0.0
2002-07-08,0.0,0.0,0.0,0.0,0.0
2002-07-09,0.0,0.0,0.0,0.0,0.0
2002-07-10,0.0,0.0,0.0,0.0,0.0
2002-07-11,0.0,0.0,0.0,0.0,0.0
2002-07-12,0.0,0.0,0.0,0.0,0.0
2002-07-13,0.0,0.0,0.0,0.0,0.0
2002-07-14,0.0,0.0,0.0,0.0,0.0
2002-07-15,0.0,0.0,0.0,0.0,0.0
2002-07-16,0.0,0.0,0.0,0.0,0.0
2002-07-17,0.0,0.0,0.0,0.0,0.0
2002-07-18,0.0,0.0,0.0,0.0,0.0
2002-07-19,0.0,0.0,0.0,0.0,0.0
2002-07-20,0.0,0.0,0.0,0.0,0.0
2002-07-21,0.0,0.0,0.0,0.0,0.0
2002-07-22,0.0,0.0,0.0,0.0,0.0
2002-07-23,0.0,0.0,0.0,0.0,0.0
2002-07-24,0.0,0.0,0.0,0.0,0.0
2002-07-25,0.0,0.0,0.0,0.0,0.0
2002-07-26,0.0,0.0,0.0,0.0,0.0
2002-07-27,0.0,0.0,0.0,0.0,0.0
2002-07-28,0.0,0.0,0.0,0.0,0.0
2002-07-29,0.0,0.0,0.0,0.0,0.0
2002-07-30,0.0,0.0,0.0,0.0,0.0
2002-07-31,0.0,0.0,0.0,0.0,0.0
2002-08-01,0.0,0.0,0.0,0.0,0.0
2002-08-02,0.0,0.0,0.0,0.0,0.0
2002-08-03,0.0,0.0,0.0,0.0,0.0
2002-08-04,0.0,0.0,0.0,0.0,0.0
2002-08-05,0.0,0.0,0.0,0.0,0.0
2002-08-06,0.0,0.0,0.0,0.0,0.0
2002-08-07,0.0,0.0,0.0,0.0,0.0
2002-08-08,0.0,0.0,0.0,0.0,0.0
2002-08-09,0.0,0.0,0.0,0.0,0.0
2002-08-10,0.0,0.0,0.0,0.0,0.0
2002-08-11,0.0,0.0,0.0,0.0,0.0
2002-08-12,0.0,0.0,0.0,0.0,0.0
2002-08-13,0.0,0.0,0.0,0.0,0.0
2002-08-14,0.0,0.0,0.0,0.0,0.0
2002-08-15,0.0,0.0,0.0,0.0,0.0
2002-08-16,0.0,0.0,0.0,0.0,0.0
2002-08-17,0.0,0.0,0.0,0.0,0.0
2002-08-18,0.0,0.0,0.0,0.0,0.0
2002-08-19,0.0,0.0,0.0,0.0,0.0
2002-08-20,0.0,0.0,0.0,0.0,0.0
2002-08-21,0.0,0.0,0.0,0.0,0.0
2002-08-22,0.0,0.0,0.0,0.0,0.0
2002-08-23,0.0,0.0,0.0,0.0,0.0
2002-08-24,0.0,0.0,0.0,0.0,0.0
2002-08-25,0.0,0.0,0.0,0.0,0.0
2002-08-26,0.0,0.0,0.0,0.0,0.0
2002-08-27,0.0,0.0,0.0,0.0,0.0
2002-08-28,0.0,0.0,0.0,0.0,0.0
2002-08-29,0.0,0.0,0.0,0.0,0.0
2002-08-30,0.0,0.0,0.0,0.0,0.0
2002-08-31,0.0,0.0,0.0,0.0,0.0
2002-09-01,0.0,0.0,0.0,0.0,0.0
2002-09-02,0.0,0.0,0.0,0.0,0.0
2002-09-03,0.0,0.0,0.0,0.0,0.0
2002-09-04,0.0,0.0,0.0,0.0,0.0
2002-09-05,0.0,0.0,0.0,0.0,0.0
2002-09-06,0.0,0.0,0.0,0.0,0.0
2002-09-07,0.0,0.0,0.0,0.0,0.0
2002-09-08,0.0,0.0,0.0,0.0,0.0
2002-09-09,0.0,0.0,0.0,0.0,0.0
2002-09-10,0.0,0.0,0.0,0.0,0.0
2002-09-11,0.0,0.0,0.0,0.0,0.0
2002-09-12,0.0,0.0,0.0,0.0,0.0
2002-09-13,0.0,0.0,0.0,0.0,0.0
2002-09-14,0.0,0.0,0.0,0.0,0.0
2002-09-15,0.0,0.0,0.0,0.0,0.0
2002-09-16,0.0,0.0,0.0,0.0,0.0
2002-09-17,0.0,0.0,0.0,0.0,0.0
2002-09-18,0.0,0.0,0.0,0.0,0.0
2002-09-19,0.0,0.0,0.0,0.0,0.0
2002-09-20,0.0,0.0,0.0,0.0,0.0
2002-09-21,0.0,0.0,0.0,0.0,0.0
2002-09-22,0.0,0.0,0.0,0.0,0.0
2002-09-23,0.0,0.0,0.0,0.0,0.0
2002-09-24,0.0,0.0,0.0,0.0,0.0
2002-09-25,0.0,0.0,0.0,0.0,0.0
2002-09-26,0.0,0.0,0.0,0.0,0.0
2002-09-27,0.0,0.0,0.0,0.0,0.0
2002-09-28,0.0,0.0,0.0,0.0,0.0
2002-09-29,0.0,0.0,0.0,0.0,0.0
2002-09-30,0.0,0.0,0.0,0.0,0.0
2002-10-01,0.0,0.0,0.0,0.0,0.0
2002-10-02,0.0,0.0,0.0,0.0,0.0
2002-10-03,0.0,0.0,0.0,0.0,0.0
2002-10-04,0.0,0.0,0.0,0.0,0.0
2002-10-05,0.0,0.0,0.0,0.0,0.0
2002-10-06,0.0,0.0,0.0,0.0,0.0
2002-10-07,0.0,0.0,0.0,0.0,0.0
2002-10-08,0.0,0.0,0.0,0.0,0.0
2002-10-09,0.0,0.0,0.0,0.0,0.0
2002-10-10,0.0,0.0,0.0,0.0,0.0
2002-10-11,0.0,0.0,0.0,0.0,0.0
2002-10-12,0.0,0.0,0.0,0.0,0.0
2002-10-13,0.0,0.0,0.0,0.0,0.0
2002-10-14,0.0,0.0,0.0,0.0,0.0
2002-10-15,0.0,0.0,0.0,0.0,0.0
2002-10-16,0.0,0.0,0.0,0.0,0.0
2002-10-17,0.0,0.0,0.0,0.0,0.0
2002-10-18,0.0,0.0,0.0,0.0,0.0
2002-10-19,0.0,0.0,0.0,0.0,0.0
2002-10-20,0.0,0.0,0.0,0.0,0.0
2002-10-21,0.0,0.0,0.0,0.0,0.0
2002-10-22,0.0,0.0,0.0,0.0,0.0
2002-10-23,0.0,0.0,0.0,0.0,0.0
2002-10-24,0.0,0.0,0.0,0.0,0.0
2002-10-25,0.0,0.0,0.0,0.0,0.0
2002-10-26,0.0,0.0,0.0,0.0,0.0
2002-10-27,0.0,0.0,0.0,0.0,0.0
2002-10-28,0.0,0.0,0.0,0.0,0.0
2002-10-29,0.0,0.0,0.0,0.0,0.0
2002-10-30,0.0,0.0,0.0,0.0,0.0
2002-10-31,0.0,0.0,0.0,0.0,0.0
2002-11-01,0.0,0.0,0.0,0.0,0.0
2002-11-02,0.0,0.0,0.0,0.0,0.0
2002-11-03,0.0,0.0,0.0,0.0,0.0
2002-11-04,0.0,0.0,0.0,0.0,0.0
2002-11-05,0.0,0.0,0.0,0.0,0.0
2002-11-06,0.0,0.0,0.0,0.0,0.0
2002-11-07,7.043,72.15,14.0,22.74,35.41
2002-11-08,20.009,235.57,23.46,86.85,125.26
2002-11-09,1.82,32.65,8.18,9.99,14.48
2002-11-10,1.502,19.75,6.76,5.59,7.4
2002-11-11,0.873,12.91,6.97,2.48,3.46
2002-11-12,0.604,8.51,6.81,0.46,1.23
2002-11-13,0.511,8.23,6.8,0.3,1.14
2002-11-14,0.436,8.15,6.8,0.22,1.14
2002-11-15,0.376,7.97,6.79,0.04,1.13
2002-11-16,0.327,7.92,6.79,0.01,1.11
2002-11-17,0.284,7.86,6.8,0.01,1.06
2002-11-18,0.244,7.8,6.79,0.0,1.0
2002-11-19,0.214,7.76,6.79,0.0,0.96
2002-11-20,0.187,7.72,6.79,0.0,0.93
2002-11-21,0.166,7.7,6.79,0.0,0.91
2002-11-22,0.147,7.68,6.79,0.0,0.89
2002-11-23,0.129,7.66,6.79,0.0,0.87
2002-11-24,0.111,7.64,6.79,0.0,0.85
2002-11-25,0.095,7.64,6.81,0.0,0.83
2002-11-26,0.077,7.6,6.79,0.0,0.81
2002-11-27,0.071,7.6,6.78,0.0,0.81
2002-11-28,0.063,7.6,6.79,0.0,0.81
2002-11-29,0.058,7.58,6.78,0.0,0.8
2002-11-30,0.052,7.58,6.78,0.0,0.8
2002-12-01,0.048,7.57,6.78,0.0,0.79
2002-12-02,0.042,7.58,6.8,0.0,0.79
2002-12-03,0.037,7.57,6.79,0.0,0.78
2002-12-04,0.033,7.56,6.78,0.0,0.78
2002-12-05,0.03,7.57,6.79,0.0,0.78
2002-12-06,0.027,7.56,6.79,0.0,0.78
2002-12-07,0.023,7.56,6.79,0.0,0.77
2002-12-08,0.019,7.57,6.81,0.0,0.76
2002-12-09,0.21,13.57,5.91,2.28,5.38
2002-12-10,1.469,26.76,7.13,8.35,11.27
2002-12-11,0.276,16.28,7.32,2.79,6.17
2002-12-12,0.101,7.94,6.87,0.0,1.06
2002-12-13,21.874,148.19,21.17,44.96,82.06
2002-12-14,13.875,100.26,17.15,31.39,51.72
2002-12-15,6.603,35.85,10.81,9.91,15.13
2002-12-16,18.264,144.14,19.66,46.77,77.72
2002-12-17,6.675,22.8,11.69,4.73,6.38
2002-12-18,3.159,11.31,8.52,1.2,1.58
2002-12-19,11.843,131.73,17.19,44.45,70.1
2002-12-20,10.452,52.99,13.96,15.62,23.41
2002-12-21,7.141,29.1,12.36,6.77,9.98
2002-12-22,3.009,11.48,8.32,1.33,1.82
2002-12-23,2.084,8.89,6.87,0.87,1.15
2002-12-24,1.538,8.84,6.84,0.86,1.14
2002-12-25,1.129,8.84,6.84,0.86,1.13
2002-12-26,0.851,8.83,6.83,0.86,1.13
2002-12-27,0.658,8.58,6.82,0.62,1.14
2002-12-28,8.338,168.2,16.74,61.46,89.99
2002-12-29,3.413,39.45,9.53,11.63,18.3
2002-12-30,1.378,10.13,6.87,1.36,1.9
2002-12-31,6.405,106.93,12.22,40.4,54.32
2003-01-01,1.505,13.09,6.91,2.65,3.53
2003-01-02,1.007,9.03,6.85,0.94,1.24
2003-01-03,0.748,8.78,6.83,0.81,1.14
2003-01-04,0.577,8.38,6.82,0.42,1.13
2003-01-05,0.456,8.18,6.82,0.23,1.14
2003-01-06,0.364,7.98,6.82,0.03,1.13
2003-01-07,0.296,7.9,6.81,0.01,1.09
2003-01-08,0.25,7.81,6.79,0.0,1.01
2003-01-09,4.237,172.49,14.16,67.34,90.99
2003-01-10,5.052,60.13,10.97,20.88,28.29
2003-01-11,1.694,15.93,7.31,3.72,4.91
2003-01-12,0.991,10.28,6.67,1.56,2.05
2003-01-13,0.939,12.64,6.92,2.43,3.29
2003-01-14,0.618,9.05,6.9,0.72,1.42
2003-01-15,0.435,8.17,6.83,0.2,1.14
2003-01-16,0.34,7.96,6.82,0.01,1.12
2003-01-17,0.275,7.87,6.81,0.0,1.05
2003-01-18,0.229,7.79,6.8,0.0,0.99
2003-01-19,0.193,7.74,6.8,0.0,0.94
2003-01-20,0.163,7.71,6.81,0.0,0.9
2003-01-21,0.921,16.46,6.3,4.3,5.87
2003-01-22,1.482,15.37,6.53,3.78,5.07
2003-01-23,1.427,17.68,7.4,4.4,5.88
2003-01-24,0.498,9.13,6.9,0.64,1.58
2003-01-25,0.338,7.99,6.84,0.02,1.14
2003-01-26,0.263,7.86,6.82,0.0,1.04
2003-01-27,0.212,7.78,6.81,0.0,0.96
2003-01-28,0.17,7.73,6.82,0.0,0.91
2003-01-29,0.138,7.68,6.81,0.0,0.87
2003-01-30,0.119,7.65,6.79,0.0,0.86
2003-01-31,0.103,7.63,6.8,0.0,0.84
2003-02-01,0.083,7.7,6.88,0.0,0.82
2003-02-02,0.049,7.53,6.77,0.0,0.75
2003-02-03,0.054,7.57,6.76,0.0,0.8
2003-02-04,0.046,7.58,6.8,0.0,0.78
2003-02-05,0.023,7.7,6.98,0.0,0.71
2003-02-06,0.026,7.58,6.79,0.0,0.79
2003-02-07,0.013,7.56,6.87,0.0,0.69
2003-02-08,0.014,7.58,6.8,0.0,0.77
2003-02-09,0.012,7.54,6.79,0.0,0.76
2003-02-10,0.011,7.54,6.78,0.0,0.75
2003-02-11,0.012,7.55,6.77,0.0,0.78
2003-02-12,0.013,6.19,5.58,0.0,0.61
2003-02-13,2.376,26.64,7.3,8.31,11.03
2003-02-14,0.628,14.39,7.27,2.86,4.26
2003-02-15,3.057,60.08,9.0,21.49,29.6
2003-02-16,8.348,141.81,17.64,50.43,73.74
2003-02-17,1.238,16.66,6.99,4.07,5.59
2003-02-18,0.738,9.11,6.85,0.89,1.36
2003-02-19,0.543,8.34,6.84,0.36,1.14
2003-02-20,0.407,8.09,6.82,0.14,1.13
2003-02-21,0.34,7.94,6.8,0.01,1.12
2003-02-22,0.282,7.88,6.81,0.01,1.06
2003-02-23,0.234,7.8,6.81,0.0,0.99
2003-02-24,0.195,7.75,6.8,0.0,0.94
2003-02-25,0.665,28.66,6.63,9.41,12.62
2003-02-26,0.604,20.68,5.69,5.88,9.12
2003-02-27,2.125,63.17,8.25,23.03,31.88
2003-02-28,0.469,16.24,7.04,3.45,5.74
2003-03-01,0.275,8.13,6.84,0.0,1.29
2003-03-02,0.221,7.79,6.81,0.0,0.98
2003-03-03,0.18,7.74,6.81,0.0,0.92
2003-03-04,0.152,7.68,6.79,0.0,0.89
2003-03-05,0.13,7.67,6.8,0.0,0.87
2003-03-06,0.11,7.65,6.8,0.0,0.85
2003-03-07,0.093,7.62,6.8,0.0,0.83
2003-03-08,0.083,7.61,6.79,0.0,0.82
2003-03-09,0.073,7.59,6.78,0.0,0.81
2003-03-10,0.07,7.59,6.77,0.0,0.81
2003-03-11,0.062,7.59,6.8,0.0,0.8
2003-03-12,0.054,7.58,6.79,0.0,0.79
2003-03-13,0.045,7.59,6.81,0.0,0.78
2003-03-14,0.042,7.43,6.65,0.0,0.77
2003-03-15,4.598,63.73,11.72,20.83,31.18
2003-03-16,3.191,51.23,9.06,17.49,24.68
2003-03-17,0.936,25.63,7.16,7.71,10.75
2003-03-18,0.438,9.24,6.86,0.63,1.75
2003-03-19,0.345,7.97,6.81,0.02,1.15
2003-03-20,0.293,7.95,6.8,0.01,1.15
2003-03-21,0.247,7.82,6.8,0.0,1.02
2003-03-22,0.213,7.76,6.79,0.0,0.96
2003-03-23,1.703,29.74,7.5,9.56,12.68
2003-03-24,0.465,14.05,7.08,2.6,4.38
2003-03-25,0.269,8.03,6.82,0.0,1.2
2003-03-26,0.225,7.79,6.8,0.0,0.98
2003-03-27,0.176,7.74,6.82,0.0,0.92
2003-03-28,0.153,7.68,6.79,0.0,0.89
2003-03-29,0.137,7.66,6.79,0.0,0.88
2003-03-30,0.121,7.65,6.79,0.0,0.86
2003-03-31,0.106,7.63,6.79,0.0,0.84
2003-04-01,0.09,7.65,6.82,0.0,0.83
2003-04-02,0.066,7.63,6.83,0.0,0.79
2003-04-03,0.058,7.58,6.78,0.0,0.8
2003-04-04,2.159,43.7,8.46,15.19,20.05
2003-04-05,0.377,17.24,7.13,3.58,6.53
2003-04-06,0.198,8.02,6.83,0.0,1.19
2003-04-07,0.164,7.71,6.8,0.0,0.91
2003-04-08,0.139,7.68,6.8,0.0,0.88
2003-04-09,0.121,7.65,6.79,0.0,0.86
2003-04-10,0.107,7.63,6.78,0.0,0.84
2003-04-11,0.094,7.63,6.8,0.0,0.83
2003-04-12,5.474,76.93,13.9,25.22,37.81
2003-04-13,5.858,67.27,12.3,22.29,32.68
2003-04-14,1.151,17.66,6.95,4.35,6.36
2003-04-15,0.713,9.17,6.85,0.9,1.42
2003-04-16,0.551,8.31,6.81,0.35,1.15
2003-04-17,0.45,8.17,6.81,0.23,1.14
2003-04-18,0.371,7.97,6.8,0.03,1.13
2003-04-19,0.322,7.91,6.79,0.01,1.11
2003-04-20,0.283,7.85,6.79,0.01,1.06
2003-04-21,0.239,7.82,6.81,0.0,1.0
2003-04-22,0.202,7.73,6.78,0.0,0.95
2003-04-23,0.186,7.71,6.78,0.0,0.93
2003-04-24,1.458,25.32,6.89,7.91,10.52
2003-04-25,1.794,24.97,7.34,7.55,10.08
2003-04-26,0.718,14.77,7.14,3.12,4.51
2003-04-27,0.996,28.08,7.01,8.92,12.15
2003-04-28,3.979,32.25,9.52,9.81,12.92
2003-04-29,1.394,16.74,6.9,4.24,5.59
2003-04-30,0.847,13.15,7.0,2.58,3.58
2003-05-01,0.546,8.49,6.82,0.42,1.25
2003-05-02,2.485,37.24,8.86,12.2,16.18
2003-05-03,4.079,34.02,10.1,10.33,13.59
2003-05-04,1.046,11.83,6.95,2.11,2.77
2003-05-05,0.701,8.8,6.83,0.77,1.21
2003-05-06,0.559,8.31,6.81,0.36,1.14
2003-05-07,0.457,8.19,6.81,0.24,1.14
2003-05-08,0.366,7.98,6.82,0.03,1.13
2003-05-09,0.303,7.89,6.8,0.01,1.09
2003-05-10,0.26,7.83,6.8,0.0,1.03
2003-05-11,0.22,7.77,6.8,0.0,0.97
2003-05-12,0.188,7.74,6.8,0.0,0.93
2003-05-13,0.162,7.7,6.79,0.0,0.9
2003-05-14,0.14,7.67,6.8,0.0,0.88
2003-05-15,0.118,7.66,6.81,0.0,0.86
2003-05-16,0.097,7.64,6.81,0.0,0.83
2003-05-17,0.078,7.63,6.82,0.0,0.81
2003-05-18,0.062,7.6,6.8,0.0,0.8
2003-05-19,0.056,7.59,6.79,0.0,0.8
2003-05-20,0.047,7.6,6.81,0.0,0.79
2003-05-21,0.04,7.58,6.8,0.0,0.78
2003-05-22,0.033,7.58,6.8,0.0,0.78
2003-05-23,0.028,7.57,6.8,0.0,0.77
2003-05-24,0.024,7.57,6.81,0.0,0.77
2003-05-25,0.02,7.56,6.79,0.0,0.77
2003-05-26,0.016,7.61,6.85,0.0,0.76
2003-05-27,0.012,7.55,6.81,0.0,0.75
2003-05-28,0.01,7.56,6.81,0.0,0.76
2003-05-29,0.008,7.54,6.78,0.0,0.76
2003-05-30,0.007,7.56,6.8,0.0,0.76
2003-05-31,0.006,7.58,6.82,0.0,0.75
2003-06-01,0.005,7.57,6.82,0.0,0.75
2003-06-02,0.004,7.53,6.78,0.0,0.75
2003-06-03,0.003,7.58,6.83,0.0,0.76
2003-06-04,0.003,7.54,6.79,0.0,0.75
2003-06-05,0.002,7.56,6.81,0.0,0.75
2003-06-06,0.002,7.54,6.8,0.0,0.75
2003-06-07,0.001,7.56,6.81,0.0,0.75
2003-06-08,0.001,7.54,6.79,0.0,0.74
2003-06-09,0.001,7.57,6.82,0.0,0.75
2003-06-10,0.001,7.55,6.8,0.0,0.74
2003-06-11,0.001,7.58,6.84,0.0,0.74
2003-06-12,0.0,7.73,6.98,0.0,0.75
2003-06-13,0.0,7.7,7.42,0.0,0.29
2003-06-14,0.0,7.54,6.74,0.0,0.8
2003-06-15,0.0,7.88,7.66,0.0,0.21
2003-06-16,0.0,7.7,7.66,0.0,0.04
2003-06-17,0.0,7.67,7.66,0.0,0.01
2003-06-18,0.0,0.0,0.0,0.0,0.0
2003-06-19,0.0,0.0,0.0,0.0,0.0
2003-06-20,0.0,0.0,0.0,0.0,0.0
2003-06-21,0.0,0.0,0.0,0.0,0.0
2003-06-22,0.0,0.0,0.0,0.0,0.0
2003-06-23,0.0,0.0,0.0,0.0,0.0
2003-06-24,0.0,0.0,0.0,0.0,0.0
2003-06-25,0.0,0.0,0.0,0.0,0.0
2003-06-26,0.0,0.0,0.0,0.0,0.0
2003-06-27,0.0,0.0,0.0,0.0,0.0
2003-06-28,0.0,0.0,0.0,0.0,0.0
2003-06-29,0.0,0.0,0.0,0.0,0.0
2003-06-30,0.0,0.0,0.0,0.0,0.0
2003-07-01,0.0,0.0,0.0,0.0,0.0
2003-07-02,0.0,0.0,0.0,0.0,0.0
2003-07-03,0.0,0.0,0.0,0.0,0.0
2003-07-04,0.0,0.0,0.0,0.0,0.0
2003-07-05,0.0,0.0,0.0,0.0,0.0
2003-07-06,0.0,0.0,0.0,0.0,0.0
2003-07-07,0.0,0.0,0.0,0.0,0.0
2003-07-08,0.0,0.0,0.0,0.0,0.0
2003-07-09,0.0,0.0,0.0,0.0,0.0
2003-07-10,0.0,0.0,0.0,0.0,0.0
2003-07-11,0.0,0.0,0.0,0.0,0.0
2003-07-12,0.0,0.0,0.0,0.0,0.0
2003-07-13,0.0,0.0,0.0,0.0,0.0
2003-07-14,0.0,0.0,0.0,0.0,0.0
2003-07-15,0.0,0.0,0.0,0.0,0.0
2003-07-16,0.0,0.0,0.0,0.0,0.0
2003-07-17,0.0,0.0,0.0,0.0,0.0
2003-07-18,0.0,0.0,0.0,0.0,0.0
2003-07-19,0.0,0.0,0.0,0.0,0.0
2003-07-20,0.0,0.0,0.0,0.0,0.0
2003-07-21,0.0,0.0,0.0,0.0,0.0
2003-07-22,0.0,0.0,0.0,0.0,0.0
2003-07-23,0.0,0.0,0.0,0.0,0.0
2003-07-24,0.0,0.0,0.0,0.0,0.0
2003-07-25,0.0,0.0,0.0,0.0,0.0
2003-07-26,0.0,0.0,0.0,0.0,0.0
2003-07-27,0.0,0.0,0.0,0.0,0.0
2003-07-28,0.0,0.0,0.0,0.0,0.0
2003-07-29,0.0,0.0,0.0,0.0,0.0
2003-07-30,0.0,0.0,0.0,0.0,0.0
2003-07-31,0.0,0.0,0.0,0.0,0.0
2003-08-01,0.0,0.0,0.0,0.0,0.0
2003-08-02,0.0,0.0,0.0,0.0,0.0
2003-08-03,0.0,0.0,0.0,0.0,0.0
2003-08-04,0.0,0.0,0.0,0.0,0.0
2003-08-05,0.0,0.0,0.0,0.0,0.0
2003-08-06,0.0,0.0,0.0,0.0,0.0
2003-08-07,0.0,0.0,0.0,0.0,0.0
2003-08-08,0.0,0.0,0.0,0.0,0.0
2003-08-09,0.0,0.0,0.0,0.0,0.0
2003-08-10,0.0,0.0,0.0,0.0,0.0
2003-08-11,0.0,0.0,0.0,0.0,0.0
2003-08-12,0.0,0.0,0.0,0.0,0.0
2003-08-13,0.0,0.0,0.0,0.0,0.0
2003-08-14,0.0,0.0,0.0,0.0,0.0
2003-08-15,0.0,0.0,0.0,0.0,0.0
2003-08-16,0.0,0.0,0.0,0.0,0.0
2003-08-17,0.0,0.0,0.0,0.0,0.0
2003-08-18,0.0,0.0,0.0,0.0,0.0
2003-08-19,0.0,0.0,0.0,0.0,0.0
2003-08-20,0.0,0.0,0.0,0.0,0.0
2003-08-21,0.0,0.0,0.0,0.0,0.0
2003-08-22,0.0,0.0,0.0,0.0,0.0
2003-08-23,0.0,0.0,0.0,0.0,0.0
2003-08-24,0.0,0.0,0.0,0.0,0.0
2003-08-25,0.0,0.0,0.0,0.0,0.0
2003-08-26,0.0,0.0,0.0,0.0,0.0
2003-08-27,0.0,0.0,0.0,0.0,0.0
2003-08-28,0.0,0.0,0.0,0.0,0.0
2003-08-29,0.0,0.0,0.0,0.0,0.0
2003-08-30,0.0,0.0,0.0,0.0,0.0
2003-08-31,0.0,0.0,0.0,0.0,0.0
2003-09-01,0.0,0.0,0.0,0.0,0.0
2003-09-02,0.0,0.0,0.0,0.0,0.0
2003-09-03,0.0,0.0,0.0,0.0,0.0
2003-09-04,0.0,0.0,0.0,0.0,0.0
2003-09-05,0.0,0.0,0.0,0.0,0.0
2003-09-06,0.0,0.0,0.0,0.0,0.0
2003-09-07,0.0,0.0,0.0,0.0,0.0
2003-09-08,0.0,0.0,0.0,0.0,0.0
2003-09-09,0.0,0.0,0.0,0.0,0.0
2003-09-10,0.0,0.0,0.0,0.0,0.0
2003-09-11,0.0,0.0,0.0,0.0,0.0
2003-09-12,0.0,0.0,0.0,0.0,0.0
2003-09-13,0.0,0.0,0.0,0.0,0.0
2003-09-14,0.0,0.0,0.0,0.0,0.0
2003-09-15,0.0,0.0,0.0,0.0,0.0
2003-09-16,0.0,0.0,0.0,0.0,0.0
2003-09-17,0.0,0.0,0.0,0.0,0.0
2003-09-18,0.0,0.0,0.0,0.0,0.0
2003-09-19,0.0,0.0,0.0,0.0,0.0
2003-09-20,0.0,0.0,0.0,0.0,0.0
2003-09-21,0.0,0.0,0.0,0.0,0.0
2003-09-22,0.0,0.0,0.0,0.0,0.0
2003-09-23,0.0,0.0,0.0,0.0,0.0
2003-09-24,0.0,0.0,0.0,0.0,0.0
2003-09-25,0.0,0.0,0.0,0.0,0.0
2003-09-26,0.0,0.0,0.0,0.0,0.0
2003-09-27,0.0,0.0,0.0,0.0,0.0
2003-09-28,0.0,0.0,0.0,0.0,0.0
2003-09-29,0.0,0.0,0.0,0.0,0.0
2003-09-30,0.0,0.0,0.0,0.0,0.0
2003-10-01,0.0,0.0,0.0,0.0,0.0
2003-10-02,0.0,0.0,0.0,0.0,0.0
2003-10-03,0.0,0.0,0.0,0.0,0.0
2003-10-04,0.0,0.0,0.0,0.0,0.0
2003-10-05,0.0,0.0,0.0,0.0,0.0
2003-10-06,0.0,0.0,0.0,0.0,0.0
2003-10-07,0.0,0.0,0.0,0.0,0.0
2003-10-08,0.0,0.0,0.0,0.0,0.0
2003-10-09,0.0,0.0,0.0,0.0,0.0
2003-10-10,0.0,0.0,0.0,0.0,0.0
2003-10-11,0.0,0.0,0.0,0.0,0.0
2003-10-12,0.0,0.0,0.0,0.0,0.0
2003-10-13,0.0,0.0,0.0,0.0,0.0
2003-10-14,0.0,0.0,0.0,0.0,0.0
2003-10-15,0.0,0.0,0.0,0.0,0.0
2003-10-16,0.0,0.0,0.0,0.0,0.0
2003-10-17,0.0,0.0,0.0,0.0,0.0
2003-10-18,0.0,0.0,0.0,0.0,0.0
2003-10-19,0.0,0.0,0.0,0.0,0.0
2003-10-20,0.0,0.0,0.0,0.0,0.0
2003-10-21,0.0,0.0,0.0,0.0,0.0
2003-10-22,0.0,0.0,0.0,0.0,0.0
2003-10-23,0.0,0.0,0.0,0.0,0.0
2003-10-24,0.0,0.0,0.0,0.0,0.0
2003-10-25,0.0,0.0,0.0,0.0,0.0
2003-10-26,0.0,0.0,0.0,0.0,0.0
2003-10-27,0.0,0.0,0.0,0.0,0.0
2003-10-28,0.0,0.0,0.0,0.0,0.0
2003-10-29,0.0,0.0,0.0,0.0,0.0
2003-10-30,0.0,0.0,0.0,0.0,0.0
2003-10-31,0.0,0.0,0.0,0.0,0.0
2003-11-01,0.0,0.0,0.0,0.0,0.0
2003-11-02,0.0,0.0,0.0,0.0,0.0
2003-11-03,0.0,0.0,0.0,0.0,0.0
2003-11-04,0.0,0.0,0.0,0.0,0.0
2003-11-05,0.0,0.0,0.0,0.0,0.0
2003-11-06,0.0,0.0,0.0,0.0,0.0
2003-11-07,0.519,24.35,6.66,7.1,10.58
2003-11-08,3.117,91.15,11.59,32.01,47.55
2003-11-09,2.0,53.68,9.82,17.77,26.09
2003-11-10,0.485,15.59,7.02,3.16,5.4
2003-11-11,0.173,8.25,6.92,0.0,1.34
2003-11-12,0.134,7.67,6.79,0.0,0.88
2003-11-13,0.122,7.64,6.78,0.0,0.86
2003-11-14,0.171,7.87,6.43,0.03,1.41
2003-11-15,0.947,19.13,6.68,5.22,7.23
2003-11-16,0.269,12.1,7.18,1.3,3.62
2003-11-17,0.245,8.54,6.72,0.04,1.77
2003-11-18,0.145,7.85,6.87,0.0,0.98
2003-11-19,0.12,7.64,6.79,0.0,0.86
2003-11-20,0.105,7.67,6.82,0.0,0.85
2003-11-21,0.061,7.75,6.98,0.0,0.77
2003-11-22,0.039,7.5,6.74,0.0,0.76
2003-11-23,0.044,7.51,6.72,0.0,0.79
2003-11-24,0.051,7.55,6.74,0.0,0.81
2003-11-25,0.042,7.56,6.79,0.0,0.77
2003-11-26,0.047,7.53,6.73,0.0,0.8
2003-11-27,0.04,7.57,6.8,0.0,0.77
2003-11-28,0.042,7.56,6.76,0.0,0.8
2003-11-29,0.039,7.56,6.78,0.0,0.78
2003-11-30,1.29,36.45,7.98,12.28,16.18
2003-12-01,3.66,32.54,9.11,10.11,13.32
2003-12-02,1.985,24.4,8.02,7.06,9.32
2003-12-03,0.502,10.63,7.01,1.26,2.36
2003-12-04,0.915,17.13,6.31,4.49,6.33
2003-12-05,3.194,33.24,9.45,10.26,13.53
2003-12-06,3.984,80.59,11.95,27.28,41.36
2003-12-07,2.571,46.33,9.32,14.4,22.6
2003-12-08,0.748,11.69,6.93,1.79,2.97
2003-12-09,1.781,20.04,6.95,5.57,7.52
2003-12-10,5.715,46.99,11.39,14.68,20.93
2003-12-11,2.699,30.85,10.06,8.97,11.83
2003-12-12,1.054,9.99,6.68,1.43,1.88
2003-12-13,1.616,19.33,6.81,5.41,7.12
2003-12-14,5.673,107.1,13.15,39.15,54.8
2003-12-15,0.98,20.63,6.93,5.74,7.96
2003-12-16,0.681,9.07,6.82,0.81,1.43
2003-12-17,0.55,8.3,6.81,0.34,1.15
2003-12-18,0.456,8.2,6.81,0.26,1.14
2003-12-19,1.301,25.8,7.52,7.75,10.54
2003-12-20,2.736,39.14,8.27,13.31,17.56
2003-12-21,1.515,26.77,7.62,8.24,10.9
2003-12-22,0.572,9.85,6.89,1.0,1.95
2003-12-23,1.751,20.91,7.26,5.84,7.81
2003-12-24,4.954,44.43,10.76,13.96,19.7
2003-12-25,2.887,33.62,8.94,10.6,14.09
2003-12-26,0.924,11.1,6.94,1.78,2.38
2003-12-27,0.639,8.55,6.82,0.54,1.19
2003-12-28,0.508,8.25,6.82,0.3,1.14
2003-12-29,16.159,166.27,20.49,55.9,89.88
2003-12-30,3.039,42.93,10.58,12.38,19.96
2003-12-31,1.25,10.1,6.88,1.33,1.89
2004-01-01,17.662,281.91,21.05,108.34,152.52
2004-01-02,4.13,37.51,9.66,11.73,16.12
2004-01-03,1.876,13.67,7.15,2.81,3.71
2004-01-04,1.244,9.03,6.84,0.95,1.24
2004-01-05,0.933,8.84,6.83,0.87,1.14
2004-01-06,0.72,8.66,6.82,0.71,1.13
2004-01-07,0.575,8.32,6.81,0.37,1.14
2004-01-08,0.469,8.21,6.81,0.26,1.14
2004-01-09,0.49,9.65,6.63,1.0,2.03
2004-01-10,0.595,10.7,6.83,1.5,2.37
2004-01-11,0.365,8.51,6.88,0.24,1.39
2004-01-12,0.277,7.88,6.81,0.0,1.07
2004-01-13,0.229,7.79,6.81,0.0,0.99
2004-01-14,0.192,7.74,6.8,0.0,0.94
2004-01-15,0.162,7.7,6.8,0.0,0.9
2004-01-16,0.138,7.68,6.8,0.0,0.87
2004-01-17,0.117,7.65,6.8,0.0,0.85
2004-01-18,0.102,7.63,6.79,0.0,0.84
2004-01-19,0.089,7.62,6.8,0.0,0.82
2004-01-20,0.076,7.61,6.8,0.0,0.81
2004-01-21,0.065,7.59,6.79,0.0,0.8
2004-01-22,0.058,7.58,6.79,0.0,0.79
2004-01-23,0.053,7.56,6.77,0.0,0.79
2004-01-24,0.084,7.86,6.69,0.0,1.17
2004-01-25,0.054,7.67,6.89,0.0,0.78
2004-01-26,0.046,7.54,6.75,0.0,0.78
2004-01-27,0.206,13.39,5.9,2.56,4.93
2004-01-28,0.286,15.06,7.29,2.31,5.46
2004-01-29,0.097,7.91,6.87,0.0,1.03
2004-01-30,0.337,14.29,6.49,2.81,4.99
2004-01-31,0.169,11.06,7.27,0.29,3.51
2004-02-01,0.084,7.66,6.78,0.0,0.88
2004-02-02,7.297,248.1,15.57,99.88,132.65
2004-02-03,3.323,34.67,8.75,11.15,14.78
2004-02-04,1.013,14.42,7.07,3.13,4.21
2004-02-05,0.569,8.64,6.84,0.5,1.29
2004-02-06,0.449,8.17,6.81,0.22,1.14
2004-02-07,0.363,7.97,6.81,0.03,1.13
2004-02-08,0.303,7.89,6.8,0.01,1.09
2004-02-09,0.257,7.83,6.8,0.0,1.03
2004-02-10,0.218,7.77,6.8,0.0,0.97
2004-02-11,0.192,7.73,6.79,0.0,0.94
2004-02-12,0.169,7.7,6.79,0.0,0.91
2004-02-13,0.147,7.68,6.79,0.0,0.89
2004-02-14,0.131,7.65,6.78,0.0,0.87
2004-02-15,0.119,7.64,6.78,0.0,0.86
2004-02-16,4.706,63.67,10.94,21.3,31.44
2004-02-17,3.383,35.34,9.66,11.0,14.68
2004-02-18,7.985,95.65,13.87,33.98,47.81
2004-02-19,1.408,25.57,6.94,7.85,10.78
2004-02-20,0.94,9.6,6.84,1.18,1.58
2004-02-21,0.732,8.76,6.82,0.79,1.15
2004-02-22,0.976,10.64,6.7,1.61,2.34
2004-02-23,0.629,8.97,6.9,0.66,1.4
2004-02-24,1.032,13.6,6.68,2.88,4.03
2004-02-25,11.738,84.72,15.27,27.4,42.04
2004-02-26,7.355,58.2,13.42,17.85,26.94
2004-02-27,3.252,17.32,8.78,3.67,4.87
2004-02-28,1.652,9.23,6.85,1.03,1.35
2004-02-29,1.23,8.84,6.83,0.87,1.14
2004-03-01,1.042,9.35,6.77,1.11,1.46
2004-03-02,0.832,9.19,6.85,1.0,1.33
2004-03-03,0.641,8.52,6.82,0.56,1.14
2004-03-04,0.515,8.25,6.81,0.3,1.14
2004-03-05,0.426,8.11,6.8,0.17,1.14
2004-03-06,0.357,7.96,6.8,0.02,1.13
2004-03-07,0.302,7.9,6.8,0.01,1.09
2004-03-08,0.256,7.82,6.8,0.0,1.02
2004-03-09,0.22,7.77,6.8,0.0,0.97
2004-03-10,0.188,7.73,6.8,0.0,0.93
2004-03-11,0.164,7.7,6.79,0.0,0.9
2004-03-12,0.144,7.67,6.79,0.0,0.88
2004-03-13,0.129,7.65,6.79,0.0,0.87
2004-03-14,0.115,7.64,6.79,0.0,0.85
2004-03-15,0.101,7.63,6.79,0.0,0.84
2004-03-16,0.088,7.61,6.79,0.0,0.82
2004-03-17,0.079,7.6,6.79,0.0,0.82
2004-03-18,0.07,7.6,6.79,0.0,0.81
2004-03-19,0.06,7.59,6.79,0.0,0.79
2004-03-20,0.053,7.58,6.79,0.0,0.79
2004-03-21,0.047,7.57,6.79,0.0,0.79
2004-03-22,0.042,7.57,6.79,0.0,0.78
2004-03-23,0.033,7.6,6.83,0.0,0.76
2004-03-24,0.03,7.55,6.77,0.0,0.77
2004-03-25,1.508,77.39,8.67,28.22,40.5
2004-03-26,1.129,54.65,8.15,19.1,27.4
2004-03-27,0.628,17.54,6.75,3.93,6.86
2004-03-28,0.235,9.26,6.98,0.05,2.23
2004-03-29,0.154,7.75,6.82,0.0,0.93
2004-03-30,0.123,7.69,6.83,0.0,0.86
2004-03-31,0.09,7.64,6.82,0.0,0.82
2004-04-01,0.073,7.63,6.83,0.0,0.81
2004-04-02,0.063,7.56,6.76,0.0,0.8
2004-04-03,0.061,7.59,6.78,0.0,0.8
2004-04-04,0.054,7.58,6.79,0.0,0.8
2004-04-05,0.044,7.61,6.84,0.0,0.78
2004-04-06,0.033,7.58,6.81,0.0,0.77
2004-04-07,0.03,7.54,6.77,0.0,0.77
2004-04-08,0.028,7.57,6.8,0.0,0.77
2004-04-09,0.024,7.56,6.8,0.0,0.77
2004-04-10,0.02,7.57,6.81,0.0,0.76
2004-04-11,0.017,7.56,6.8,0.0,0.76
2004-04-12,0.014,7.57,6.81,0.0,0.76
2004-04-13,0.01,7.55,6.82,0.0,0.74
2004-04-14,0.01,7.55,6.78,0.0,0.77
2004-04-15,0.008,7.66,6.91,0.0,0.75
2004-04-16,0.005,7.51,6.78,0.0,0.73
2004-04-17,0.004,7.66,6.9,0.0,0.76
2004-04-18,0.002,7.34,6.65,0.0,0.68
2004-04-19,0.003,7.51,6.73,0.0,0.78
2004-04-20,0.004,7.49,6.73,0.0,0.76
2004-04-21,0.003,7.66,6.91,0.0,0.75
2004-04-22,0.001,7.41,6.84,0.0,0.57
2004-04-23,0.002,7.48,6.7,0.0,0.78
2004-04-24,0.002,7.47,6.72,0.0,0.75
2004-04-25,0.002,7.55,6.79,0.0,0.76
2004-04-26,0.001,7.62,6.87,0.0,0.74
2004-04-27,0.001,7.56,6.82,0.0,0.74
2004-04-28,0.001,7.69,6.98,0.0,0.72
2004-04-29,0.0,7.4,6.76,0.0,0.64
2004-04-30,0.0,7.51,6.73,0.0,0.78
2004-05-01,0.0,7.63,6.9,0.0,0.73
2004-05-02,0.0,7.5,6.77,0.0,0.74
2004-05-03,0.0,7.78,7.05,0.0,0.73
2004-05-04,0.0,7.84,7.66,0.0,0.17
2004-05-05,0.0,7.7,7.66,0.0,0.03
2004-05-06,0.0,7.67,7.66,0.0,0.01
2004-05-07,0.0,0.0,0.0,0.0,0.0
2004-05-08,0.0,0.0,0.0,0.0,0.0
2004-05-09,0.0,0.0,0.0,0.0,0.0
2004-05-10,0.0,0.0,0.0,0.0,0.0
2004-05-11,0.0,0.0,0.0,0.0,0.0
2004-05-12,0.0,0.0,0.0,0.0,0.0
2004-05-13,0.0,0.0,0.0,0.0,0.0
2004-05-14,0.0,0.0,0.0,0.0,0.0
2004-05-15,0.0,0.0,0.0,0.0,0.0
2004-05-16,0.0,0.0,0.0,0.0,0.0
2004-05-17,0.0,0.0,0.0,0.0,0.0
2004-05-18,0.0,0.0,0.0,0.0,0.0
2004-05-19,0.0,0.0,0.0,0.0,0.0
2004-05-20,0.0,0.0,0.0,0.0,0.0
2004-05-21,0.0,0.0,0.0,0.0,0.0
2004-05-22,0.0,0.0,0.0,0.0,0.0
2004-05-23,0.0,0.0,0.0,0.0,0.0
2004-05-24,0.0,0.0,0.0,0.0,0.0
2004-05-25,0.0,0.0,0.0,0.0,0.0
2004-05-26,0.0,0.0,0.0,0.0,0.0
2004-05-27,0.0,0.0,0.0,0.0,0.0
2004-05-28,0.0,0.0,0.0,0.0,0.0
2004-05-29,0.0,0.0,0.0,0.0,0.0
2004-05-30,0.0,0.0,0.0,0.0,0.0
2004-05-31,0.0,0.0,0.0,0.0,0.0
2004-06-01,0.0,0.0,0.0,0.0,0.0
2004-06-02,0.0,0.0,0.0,0.0,0.0
2004-06-03,0.0,0.0,0.0,0.0,0.0
2004-06-04,0.0,0.0,0.0,0.0,0.0
2004-06-05,0.0,0.0,0.0,0.0,0.0
2004-06-06,0.0,0.0,0.0,0.0,0.0
2004-06-07,0.0,0.0,0.0,0.0,0.0
2004-06-08,0.0,0.0,0.0,0.0,0.0
2004-06-09,0.0,0.0,0.0,0.0,0.0
2004-06-10,0.0,0.0,0.0,0.0,0.0
2004-06-11,0.0,0.0,0.0,0.0,0.0
2004-06-12,0.0,0.0,0.0,0.0,0.0
2004-06-13,0.0,0.0,0.0,0.0,0.0
2004-06-14,0.0,0.0,0.0,0.0,0.0
2004-06-15,0.0,0.0,0.0,0.0,0.0
2004-06-16,0.0,0.0,0.0,0.0,0.0
2004-06-17,0.0,0.0,0.0,0.0,0.0
2004-06-18,0.0,0.0,0.0,0.0,0.0
2004-06-19,0.0,0.0,0.0,0.0,0.0
2004-06-20,0.0,0.0,0.0,0.0,0.0
2004-06-21,0.0,0.0,0.0,0.0,0.0
2004-06-22,0.0,0.0,0.0,0.0,0.0
2004-06-23,0.0,0.0,0.0,0.0,0.0
2004-06-24,0.0,0.0,0.0,0.0,0.0
2004-06-25,0.0,0.0,0.0,0.0,0.0
2004-06-26,0.0,0.0,0.0,0.0,0.0
2004-06-27,0.0,0.0,0.0,0.0,0.0
2004-06-28,0.0,0.0,0.0,0.0,0.0
2004-06-29,0.0,0.0,0.0,0.0,0.0
2004-06-30,0.0,0.0,0.0,0.0,0.0
2004-07-01,0.0,0.0,0.0,0.0,0.0
2004-07-02,0.0,0.0,0.0,0.0,0.0
2004-07-03,0.0,0.0,0.0,0.0,0.0
2004-07-04,0.0,0.0,0.0,0.0,0.0
2004-07-05,0.0,0.0,0.0,0.0,0.0
2004-07-06,0.0,0.0,0.0,0.0,0.0
2004-07-07,0.0,0.0,0.0,0.0,0.0
2004-07-08,0.0,0.0,0.0,0.0,0.0
2004-07-09,0.0,0.0,0.0,0.0,0.0
2004-07-10,0.0,0.0,0.0,0.0,0.0
2004-07-11,0.0,0.0,0.0,0.0,0.0
2004-07-12,0.0,0.0,0.0,0.0,0.0
2004-07-13,0.0,0.0,0.0,0.0,0.0
2004-07-14,0.0,0.0,0.0,0.0,0.0
2004-07-15,0.0,0.0,0.0,0.0,0.0
2004-07-16,0.0,0.0,0.0,0.0,0.0
2004-07-17,0.0,0.0,0.0,0.0,0.0
2004-07-18,0.0,0.0,0.0,0.0,0.0
2004-07-19,0.0,0.0,0.0,0.0,0.0
2004-07-20,0.0,0.0,0.0,0.0,0.0
2004-07-21,0.0,0.0,0.0,0.0,0.0
2004-07-22,0.0,0.0,0.0,0.0,0.0
2004-07-23,0.0,0.0,0.0,0.0,0.0
2004-07-24,0.0,0.0,0.0,0.0,0.0
2004-07-25,0.0,0.0,0.0,0.0,0.0
2004-07-26,0.0,0.0,0.0,0.0,0.0
2004-07-27,0.0,0.0,0.0,0.0,0.0
2004-07-28,0.0,0.0,0.0,0.0,0.0
2004-07-29,0.0,0.0,0.0,0.0,0.0
2004-07-30,0.0,0.0,0.0,0.0,0.0
2004-07-31,0.0,0.0,0.0,0.0,0.0
2004-08-01,0.0,0.0,0.0,0.0,0.0
2004-08-02,0.0,0.0,0.0,0.0,0.0
2004-08-03,0.0,0.0,0.0,0.0,0.0
2004-08-04,0.0,0.0,0.0,0.0,0.0
2004-08-05,0.0,0.0,0.0,0.0,0.0
2004-08-06,0.0,0.0,0.0,0.0,0.0
2004-08-07,0.0,0.0,0.0,0.0,0.0
2004-08-08,0.0,0.0,0.0,0.0,0.0
2004-08-09,0.0,0.0,0.0,0.0,0.0
2004-08-10,0.0,0.0,0.0,0.0,0.0
2004-08-11,0.0,0.0,0.0,0.0,0.0
2004-08-12,0.0,0.0,0.0,0.0,0.0
2004-08-13,0.0,0.0,0.0,0.0,0.0
2004-08-14,0.0,0.0,0.0,0.0,0.0
2004-08-15,0.0,0.0,0.0,0.0,0.0
2004-08-16,0.0,0.0,0.0,0.0,0.0
2004-08-17,0.0,0.0,0.0,0.0,0.0
2004-08-18,0.0,0.0,0.0,0.0,0.0
2004-08-19,0.0,0.0,0.0,0.0,0.0
2004-08-20,0.0,0.0,0.0,0.0,0.0
2004-08-21,0.0,0.0,0.0,0.0,0.0
2004-08-22,0.0,0.0,0.0,0.0,0.0
2004-08-23,0.0,0.0,0.0,0.0,0.0
2004-08-24,0.0,0.0,0.0,0.0,0.0
2004-08-25,0.0,0.0,0.0,0.0,0.0
2004-08-26,0.0,0.0,0.0,0.0,0.0
2004-08-27,0.0,0.0,0.0,0.0,0.0
2004-08-28,0.0,0.0,0.0,0.0,0.0
2004-08-29,0.0,0.0,0.0,0.0,0.0
2004-08-30,0.0,0.0,0.0,0.0,0.0
2004-08-31,0.0,0.0,0.0,0.0,0.0
2004-09-01,0.0,0.0,0.0,0.0,0.0
2004-09-02,0.0,0.0,0.0,0.0,0.0
2004-09-03,0.0,0.0,0.0,0.0,0.0
2004-09-04,0.0,0.0,0.0,0.0,0.0
2004-09-05,0.0,0.0,0.0,0.0,0.0
2004-09-06,0.0,0.0,0.0,0.0,0.0
2004-09-07,0.0,0.0,0.0,0.0,0.0
2004-09-08,0.0,0.0,0.0,0.0,0.0
2004-09-09,0.0,0.0,0.0,0.0,0.0
2004-09-10,0.0,0.0,0.0,0.0,0.0
2004-09-11,0.0,0.0,0.0,0.0,0.0
2004-09-12,0.0,0.0,0.0,0.0,0.0
2004-09-13,0.0,0.0,0.0,0.0,0.0
2004-09-14,0.0,0.0,0.0,0.0,0.0
2004-09-15,0.0,0.0,0.0,0.0,0.0
2004-09-16,0.0,0.0,0.0,0.0,0.0
2004-09-17,0.0,0.0,0.0,0.0,0.0
2004-09-18,0.0,0.0,0.0,0.0,0.0
2004-09-19,0.0,0.0,0.0,0.0,0.0
2004-09-20,0.0,0.0,0.0,0.0,0.0
2004-09-21,0.0,0.0,0.0,0.0,0.0
2004-09-22,0.0,0.0,0.0,0.0,0.0
2004-09-23,0.0,0.0,0.0,0.0,0.0
2004-09-24,0.0,0.0,0.0,0.0,0.0
2004-09-25,0.0,0.0,0.0,0.0,0.0
2004-09-26,0.0,0.0,0.0,0.0,0.0
2004-09-27,0.0,0.0,0.0,0.0,0.0
2004-09-28,0.0,0.0,0.0,0.0,0.0
2004-09-29,0.0,0.0,0.0,0.0,0.0
2004-09-30,0.0,0.0,0.0,0.0,0.0
2004-10-01,0.0,0.0,0.0,0.0,0.0
2004-10-02,0.0,0.0,0.0,0.0,0.0
2004-10-03,0.0,0.0,0.0,0.0,0.0
2004-10-04,0.0,0.0,0.0,0.0,0.0
2004-10-05,0.0,0.0,0.0,0.0,0.0
2004-10-06,0.0,0.0,0.0,0.0,0.0
2004-10-07,0.0,0.0,0.0,0.0,0.0
2004-10-08,0.0,0.0,0.0,0.0,0.0
2004-10-09,0.0,0.0,0.0,0.0,0.0
2004-10-10,0.0,0.0,0.0,0.0,0.0
2004-10-11,0.0,0.0,0.0,0.0,0.0
2004-10-12,0.0,0.0,0.0,0.0,0.0
2004-10-13,0.0,0.0,0.0,0.0,0.0
2004-10-14,0.0,0.0,0.0,0.0,0.0
2004-10-15,0.0,0.0,0.0,0.0,0.0
2004-10-16,0.0,0.0,0.0,0.0,0.0
2004-10-17,0.0,0.0,0.0,0.0,0.0
2004-10-18,0.0,0.0,0.0,0.0,0.0
2004-10-19,3.299,32.89,9.3,10.17,13.42
2004-10-20,3.333,48.36,10.19,15.64,22.53
2004-10-21,0.387,21.73,7.18,4.94,9.61
2004-10-22,0.202,8.16,6.82,0.0,1.34
2004-10-23,0.53,14.65,6.25,3.46,4.94
2004-10-24,0.485,15.17,7.28,3.02,4.87
2004-10-25,0.187,8.02,6.85,0.0,1.17
2004-10-26,13.835,259.23,21.0,98.11,140.12
2004-10-27,0.659,39.91,7.09,12.93,19.89
2004-10-28,0.386,9.42,6.82,0.48,2.11
2004-10-29,0.328,7.95,6.79,0.01,1.15
2004-10-30,0.289,7.86,6.79,0.01,1.06
2004-10-31,0.246,7.81,6.8,0.0,1.01
2004-11-01,0.215,7.75,6.78,0.0,0.96
2004-11-02,0.197,7.73,6.78,0.0,0.94
2004-11-03,0.165,7.74,6.83,0.0,0.91
2004-11-04,0.133,7.68,6.81,0.0,0.87
2004-11-05,0.119,7.59,6.73,0.0,0.86
2004-11-06,0.121,7.64,6.78,0.0,0.86
2004-11-07,0.111,7.63,6.78,0.0,0.85
2004-11-08,0.1,7.62,6.78,0.0,0.84
2004-11-09,0.091,7.62,6.79,0.0,0.83
2004-11-10,0.083,7.6,6.77,0.0,0.82
2004-11-11,5.726,47.56,12.28,14.83,20.45
2004-11-12,1.119,18.43,7.23,4.64,6.56
2004-11-13,0.416,9.17,6.92,0.57,1.69
2004-11-14,0.314,7.93,6.8,0.01,1.12
2004-11-15,0.271,7.84,6.79,0.0,1.04
2004-11-16,0.238,7.79,6.79,0.0,0.99
2004-11-17,0.208,7.75,6.79,0.0,0.96
2004-11-18,0.179,7.72,6.8,0.0,0.92
2004-11-19,0.147,7.69,6.81,0.0,0.88
2004-11-20,0.124,7.68,6.82,0.0,0.86
2004-11-21,0.071,7.67,6.89,0.0,0.78
2004-11-22,0.089,7.55,6.7,0.0,0.85
2004-11-23,0.088,7.61,6.78,0.0,0.83
2004-11-24,0.082,7.6,6.77,0.0,0.82
2004-11-25,0.073,7.6,6.79,0.0,0.81
2004-11-26,0.066,7.6,6.79,0.0,0.81
2004-11-27,0.15,10.75,6.7,0.06,3.99
2004-11-28,0.035,8.96,7.32,0.0,1.65
2004-11-29,0.017,7.47,6.71,0.0,0.76
2004-11-30,0.023,7.49,6.71,0.0,0.78
2004-12-01,0.026,7.51,6.73,0.0,0.78
2004-12-02,0.019,7.73,6.99,0.0,0.74
2004-12-03,0.009,7.48,6.76,0.0,0.72
2004-12-04,0.013,7.55,6.76,0.0,0.79
2004-12-05,0.008,7.69,6.97,0.0,0.72
2004-12-06,0.01,4.25,3.83,0.0,0.43
2004-12-07,6.754,123.49,13.91,46.37,63.2
2004-12-08,21.926,166.45,21.1,58.02,87.33
2004-12-09,4.191,35.71,12.07,9.8,13.85
2004-12-10,1.371,9.68,6.85,1.21,1.62
2004-12-11,1.122,9.14,6.81,1.01,1.32
2004-12-12,0.848,8.83,6.82,0.87,1.14
2004-12-13,0.694,8.59,6.81,0.65,1.14
2004-12-14,0.577,8.3,6.81,0.36,1.14
2004-12-15,0.479,8.21,6.81,0.27,1.14
2004-12-16,0.399,8.06,6.81,0.12,1.14
2004-12-17,0.333,7.93,6.8,0.01,1.12
2004-12-18,0.284,7.86,6.8,0.01,1.06
2004-12-19,0.242,7.8,6.8,0.0,1.0
2004-12-20,0.207,7.76,6.8,0.0,0.96
2004-12-21,0.175,7.72,6.8,0.0,0.92
2004-12-22,0.15,7.69,6.8,0.0,0.89
2004-12-23,0.123,7.67,6.81,0.0,0.86
2004-12-24,0.108,7.64,6.79,0.0,0.85
2004-12-25,0.094,7.63,6.8,0.0,0.83
2004-12-26,0.079,7.65,6.83,0.0,0.82
2004-12-27,21.697,220.05,21.61,80.01,118.43
2004-12-28,5.416,31.07,11.87,8.04,11.17
2004-12-29,5.663,29.75,10.55,8.2,11.0
2004-12-30,7.709,61.22,13.49,18.71,29.02
2004-12-31,7.423,58.66,12.96,17.94,27.76
2005-01-01,3.173,30.37,9.17,8.23,12.97
2005-01-02,12.195,45.51,14.68,12.36,18.47
2005-01-03,4.935,19.76,10.75,3.68,5.33
2005-01-04,2.606,10.56,7.8,1.19,1.57
2005-01-05,1.814,8.86,6.84,0.87,1.15
2005-01-06,1.343,8.84,6.84,0.86,1.14
2005-01-07,3.802,21.84,9.0,5.54,7.29
2005-01-08,5.528,32.61,10.62,9.22,12.77
2005-01-09,2.997,22.22,9.0,5.45,7.76
2005-01-10,3.141,55.79,9.79,18.6,27.4
2005-01-11,6.592,87.61,13.06,29.99,44.57
2005-01-12,1.648,16.88,6.9,4.03,5.94
2005-01-13,1.085,9.22,6.86,1.01,1.36
2005-01-14,0.777,8.8,6.84,0.81,1.14
2005-01-15,0.577,8.38,6.83,0.41,1.13
2005-01-16,0.444,8.17,6.82,0.21,1.13
2005-01-17,0.354,7.97,6.81,0.02,1.13
2005-01-18,0.287,7.89,6.81,0.01,1.07
2005-01-19,0.233,7.81,6.81,0.0,0.99
2005-01-20,0.194,7.74,6.8,0.0,0.94
2005-01-21,0.164,7.7,6.8,0.0,0.9
2005-01-22,0.139,7.67,6.8,0.0,0.88
2005-01-23,0.119,7.65,6.8,0.0,0.85
2005-01-24,0.104,7.63,6.79,0.0,0.84
2005-01-25,0.093,7.61,6.78,0.0,0.83
2005-01-26,0.922,42.66,6.55,15.54,20.57
2005-01-27,0.972,25.53,6.17,7.96,11.41
2005-01-28,3.724,42.24,9.48,14.13,18.63
2005-01-29,1.136,19.13,7.22,5.08,6.83
2005-01-30,0.505,8.97,6.87,0.59,1.51
2005-01-31,0.37,8.03,6.83,0.06,1.15
2005-02-01,0.286,7.91,6.83,0.01,1.07
2005-02-02,0.224,7.8,6.82,0.0,0.98
2005-02-03,0.18,7.74,6.81,0.0,0.92
2005-02-04,0.151,7.69,6.8,0.0,0.89
2005-02-05,0.122,7.69,6.83,0.0,0.86
2005-02-06,0.085,7.66,6.85,0.0,0.81
2005-02-07,0.078,7.58,6.76,0.0,0.82
2005-02-08,0.068,7.6,6.8,0.0,0.8
2005-02-09,0.061,7.57,6.77,0.0,0.8
2005-02-10,0.055,7.59,6.79,0.0,0.79
2005-02-11,0.051,7.56,6.77,0.0,0.79
2005-02-12,0.045,7.59,6.81,0.0,0.78
2005-02-13,0.04,7.54,6.76,0.0,0.78
2005-02-14,0.529,26.5,5.94,8.86,11.7
2005-02-15,14.427,104.23,17.07,35.19,51.97
2005-02-16,4.07,51.97,10.54,16.58,24.85
2005-02-17,1.915,25.81,6.83,7.76,11.21
2005-02-18,9.265,217.44,15.69,86.02,115.73
2005-02-19,6.02,82.46,12.49,28.89,41.08
2005-02-20,3.666,30.5,9.27,8.83,12.4
2005-02-21,5.485,31.26,10.8,8.76,11.7
2005-02-22,1.978,12.98,7.12,2.52,3.33
2005-02-23,1.373,9.0,6.84,0.93,1.23
2005-02-24,1.026,8.83,6.83,0.86,1.14
2005-02-25,0.792,8.8,6.82,0.84,1.13
2005-02-26,0.623,8.47,6.82,0.51,1.14
2005-02-27,2.157,48.16,9.43,16.42,22.32
2005-02-28,3.942,69.34,10.78,23.9,34.66
2005-03-01,2.533,36.44,8.58,11.66,16.2
2005-03-02,5.944,145.54,12.88,56.99,75.68
2005-03-03,2.424,47.8,7.72,17.22,22.85
2005-03-04,6.531,76.39,12.89,25.75,37.75
2005-03-05,1.651,14.94,6.9,3.25,4.79
2005-03-06,1.119,9.11,6.84,0.97,1.3
2005-03-07,0.836,8.84,6.83,0.87,1.14
2005-03-08,0.648,8.56,6.82,0.6,1.14
2005-03-09,0.516,8.25,6.82,0.3,1.14
2005-03-10,0.416,8.1,6.81,0.15,1.14
2005-03-11,0.343,7.95,6.81,0.01,1.13
2005-03-12,0.288,7.88,6.8,0.0,1.07
2005-03-13,0.244,7.81,6.8,0.0,1.01
2005-03-14,0.202,7.76,6.81,0.0,0.95
2005-03-15,0.176,7.7,6.79,0.0,0.92
2005-03-16,0.156,7.69,6.79,0.0,0.9
2005-03-17,0.135,7.67,6.79,0.0,0.87
2005-03-18,0.12,7.64,6.78,0.0,0.86
2005-03-19,3.767,51.53,10.59,17.23,23.71
2005-03-20,0.762,18.91,7.08,4.74,7.09
2005-03-21,1.712,25.58,7.23,7.82,10.52
2005-03-22,11.934,114.77,15.48,41.74,57.55
2005-03-23,4.871,35.46,11.55,10.13,13.77
2005-03-24,1.763,9.67,6.87,1.2,1.59
2005-03-25,1.224,8.88,6.85,0.88,1.15
2005-03-26,0.906,8.83,6.83,0.86,1.13
2005-03-27,1.63,37.92,8.03,12.41,17.49
2005-03-28,1.921,38.73,8.1,12.71,17.92
2005-03-29,3.544,46.46,9.67,15.43,21.36
2005-03-30,1.35,13.3,6.68,2.8,3.83
2005-03-31,1.455,11.78,6.95,2.08,2.74
2005-04-01,0.7,8.87,6.87,0.74,1.26
2005-04-02,0.506,8.28,6.84,0.31,1.14
2005-04-03,2.417,58.92,10.09,19.96,28.86
2005-04-04,2.727,31.81,8.32,9.6,13.89
2005-04-05,1.783,15.07,7.16,3.4,4.51
2005-04-06,0.756,9.4,6.89,1.01,1.5
2005-04-07,1.644,20.16,6.71,5.77,7.68
2005-04-08,5.256,156.25,12.85,61.46,81.93
2005-04-09,1.532,32.9,7.19,10.96,14.75
2005-04-10,0.863,10.23,6.86,1.42,1.96
2005-04-11,0.582,8.45,6.84,0.44,1.17
2005-04-12,0.437,8.17,6.83,0.2,1.14
2005-04-13,0.334,7.96,6.83,0.02,1.12
2005-04-14,0.267,7.85,6.8,0.0,1.04
2005-04-15,0.229,7.78,6.79,0.0,0.98
2005-04-16,0.203,7.75,6.8,0.0,0.95
2005-04-17,0.168,7.73,6.82,0.0,0.91
2005-04-18,0.124,7.69,6.83,0.0,0.86
2005-04-19,0.104,7.63,6.79,0.0,0.84
2005-04-20,0.094,7.63,6.79,0.0,0.83
2005-04-21,0.078,7.63,6.81,0.0,0.81
2005-04-22,0.065,7.6,6.8,0.0,0.8
2005-04-23,0.055,7.58,6.79,0.0,0.79
2005-04-24,0.048,7.59,6.81,0.0,0.79
2005-04-25,0.038,7.6,6.83,0.0,0.77
2005-04-26,0.031,7.56,6.79,0.0,0.77
2005-04-27,0.028,7.55,6.78,0.0,0.77
2005-04-28,1.526,40.79,7.5,14.33,18.96
2005-04-29,0.504,25.99,7.29,7.45,11.25
2005-04-30,0.179,8.54,6.9,0.0,1.64
2005-05-01,0.128,7.7,6.83,0.0,0.88
2005-05-02,0.1,7.66,6.83,0.0,0.83
2005-05-03,0.079,7.62,6.81,0.0,0.81
2005-05-04,0.148,8.76,4.97,1.4,2.39
2005-05-05,2.623,29.99,7.86,9.53,12.6
2005-05-06,0.812,24.16,7.26,7.17,9.73
2005-05-07,0.305,8.74,6.89,0.09,1.77
2005-05-08,0.896,14.81,6.13,3.58,5.09
2005-05-09,3.432,34.34,9.47,10.73,14.14
2005-05-10,0.767,13.61,7.06,2.67,3.89
2005-05-11,0.439,8.42,6.84,0.31,1.27
2005-05-12,0.339,7.96,6.82,0.02,1.13
2005-05-13,0.274,7.87,6.81,0.0,1.05
2005-05-14,0.224,7.79,6.81,0.0,0.98
2005-05-15,0.187,7.73,6.8,0.0,0.93
2005-05-16,0.15,7.72,6.83,0.0,0.89
2005-05-17,0.125,7.65,6.79,0.0,0.86
2005-05-18,0.11,7.61,6.77,0.0,0.84
2005-05-19,2.635,34.37,8.66,11.03,14.68
2005-05-20,0.577,15.83,7.15,3.46,5.22
2005-05-21,0.279,8.18,6.86,0.01,1.31
2005-05-22,0.212,7.79,6.82,0.0,0.97
2005-05-23,0.168,7.72,6.81,0.0,0.91
2005-05-24,0.141,7.68,6.8,0.0,0.88
2005-05-25,0.121,7.66,6.8,0.0,0.86
2005-05-26,0.102,7.64,6.8,0.0,0.84
2005-05-27,0.087,7.62,6.8,0.0,0.82
2005-05-28,0.072,7.62,6.81,0.0,0.81
2005-05-29,0.059,7.59,6.79,0.0,0.8
2005-05-30,0.051,7.6,6.81,0.0,0.79
2005-05-31,0.042,7.59,6.81,0.0,0.78
2005-06-01,0.033,7.61,6.84,0.0,0.77
2005-06-02,0.025,7.58,6.82,0.0,0.76
2005-06-03,0.02,7.57,6.81,0.0,0.76
2005-06-04,0.016,7.59,6.82,0.0,0.76
2005-06-05,0.009,7.74,7.01,0.0,0.73
2005-06-06,0.005,7.45,6.73,0.0,0.72
2005-06-07,0.007,7.51,6.73,0.0,0.78
2005-06-08,0.011,7.4,6.6,0.0,0.8
2005-06-09,0.261,12.52,6.53,0.83,5.16
2005-06-10,0.272,12.74,6.88,1.42,4.44
2005-06-11,0.055,8.49,7.11,0.0,1.38
2005-06-12,0.028,7.62,6.87,0.0,0.75
2005-06-13,0.021,7.57,6.82,0.0,0.76
2005-06-14,0.018,7.56,6.8,0.0,0.76
2005-06-15,0.014,7.56,6.81,0.0,0.75
2005-06-16,0.014,7.47,6.69,0.0,0.78
2005-06-17,0.013,7.61,6.87,0.0,0.75
2005-06-18,0.296,14.23,6.6,1.61,6.01
2005-06-19,0.076,9.41,7.22,0.0,2.19
2005-06-20,0.032,7.64,6.88,0.0,0.77
2005-06-21,0.023,7.58,6.83,0.0,0.75
2005-06-22,0.019,7.55,6.8,0.0,0.76
2005-06-23,0.017,7.54,6.78,0.0,0.76
2005-06-24,0.015,7.55,6.8,0.0,0.76
2005-06-25,0.013,7.55,6.79,0.0,0.75
2005-06-26,0.011,7.55,6.79,0.0,0.75
2005-06-27,0.009,7.56,6.81,0.0,0.75
2005-06-28,0.008,7.54,6.78,0.0,0.75
2005-06-29,0.007,7.55,6.79,0.0,0.75
2005-06-30,0.006,7.54,6.79,0.0,0.75
2005-07-01,0.005,7.55,6.8,0.0,0.75
2005-07-02,0.004,7.55,6.8,0.0,0.75
2005-07-03,0.004,7.53,6.78,0.0,0.75
2005-07-04,0.003,7.55,6.81,0.0,0.75
2005-07-05,0.002,7.51,6.77,0.0,0.74
2005-07-06,0.002,7.54,6.79,0.0,0.75
2005-07-07,0.002,7.58,6.84,0.0,0.74
2005-07-08,0.001,7.52,6.78,0.0,0.73
2005-07-09,0.001,7.56,6.81,0.0,0.74
2005-07-10,0.001,7.56,6.83,0.0,0.72
2005-07-11,0.001,7.6,6.85,0.0,0.75
2005-07-12,0.0,7.56,6.85,0.0,0.71
2005-07-13,0.0,7.56,6.87,0.0,0.7
2005-07-14,0.0,7.57,6.92,0.0,0.64
2005-07-15,0.0,7.54,6.84,0.0,0.7
2005-07-16,0.0,7.87,7.66,0.0,0.21
2005-07-17,0.0,7.7,7.66,0.0,0.04
2005-07-18,0.0,0.0,0.0,0.0,0.0
2005-07-19,0.0,0.0,0.0,0.0,0.0
2005-07-20,0.0,0.0,0.0,0.0,0.0
2005-07-21,0.0,0.0,0.0,0.0,0.0
2005-07-22,0.0,0.0,0.0,0.0,0.0
2005-07-23,0.0,0.0,0.0,0.0,0.0
2005-07-24,0.0,0.0,0.0,0.0,0.0
2005-07-25,0.0,0.0,0.0,0.0,0.0
2005-07-26,0.0,0.0,0.0,0.0,0.0
2005-07-27,0.0,0.0,0.0,0.0,0.0
2005-07-28,0.0,0.0,0.0,0.0,0.0
2005-07-29,0.0,0.0,0.0,0.0,0.0
2005-07-30,0.0,0.0,0.0,0.0,0.0
2005-07-31,0.0,0.0,0.0,0.0,0.0
2005-08-01,0.0,0.0,0.0,0.0,0.0
2005-08-02,0.0,0.0,0.0,0.0,0.0
2005-08-03,0.0,0.0,0.0,0.0,0.0
2005-08-04,0.0,0.0,0.0,0.0,0.0
2005-08-05,0.0,0.0,0.0,0.0,0.0
2005-08-06,0.0,0.0,0.0,0.0,0.0
2005-08-07,0.0,0.0,0.0,0.0,0.0
2005-08-08,0.0,0.0,0.0,0.0,0.0
2005-08-09,0.0,0.0,0.0,0.0,0.0
2005-08-10,0.0,0.0,0.0,0.0,0.0
2005-08-11,0.0,0.0,0.0,0.0,0.0
2005-08-12,0.0,0.0,0.0,0.0,0.0
2005-08-13,0.0,0.0,0.0,0.0,0.0
2005-08-14,0.0,0.0,0.0,0.0,0.0
2005-08-15,0.0,0.0,0.0,0.0,0.0
2005-08-16,0.0,0.0,0.0,0.0,0.0
2005-08-17,0.0,0.0,0.0,0.0,0.0
2005-08-18,0.0,0.0,0.0,0.0,0.0
2005-08-19,0.0,0.0,0.0,0.0,0.0
2005-08-20,0.0,0.0,0.0,0.0,0.0
2005-08-21,0.0,0.0,0.0,0.0,0.0
2005-08-22,0.0,0.0,0.0,0.0,0.0
2005-08-23,0.0,0.0,0.0,0.0,0.0
2005-08-24,0.0,0.0,0.0,0.0,0.0
2005-08-25,0.0,0.0,0.0,0.0,0.0
2005-08-26,0.0,0.0,0.0,0.0,0.0
2005-08-27,0.0,0.0,0.0,0.0,0.0
2005-08-28,0.0,0.0,0.0,0.0,0.0
2005-08-29,0.0,0.0,0.0,0.0,0.0
2005-08-30,0.0,0.0,0.0,0.0,0.0
2005-08-31,0.0,0.0,0.0,0.0,0.0
2005-09-01,0.0,0.0,0.0,0.0,0.0
2005-09-02,0.0,0.0,0.0,0.0,0.0
2005-09-03,0.0,0.0,0.0,0.0,0.0
2005-09-04,0.0,0.0,0.0,0.0,0.0
2005-09-05,0.0,0.0,0.0,0.0,0.0
2005-09-06,0.0,0.0,0.0,0.0,0.0
2005-09-07,0.0,0.0,0.0,0.0,0.0
2005-09-08,0.0,0.0,0.0,0.0,0.0
2005-09-09,0.0,0.0,0.0,0.0,0.0
2005-09-10,0.0,0.0,0.0,0.0,0.0
2005-09-11,0.0,0.0,0.0,0.0,0.0
2005-09-12,0.0,0.0,0.0,0.0,0.0
2005-09-13,0.0,0.0,0.0,0.0,0.0
2005-09-14,0.0,0.0,0.0,0.0,0.0
2005-09-15,0.0,0.0,0.0,0.0,0.0
2005-09-16,0.0,0.0,0.0,0.0,0.0
2005-09-17,0.0,0.0,0.0,0.0,0.0
2005-09-18,0.0,0.0,0.0,0.0,0.0
2005-09-19,0.0,0.0,0.0,0.0,0.0
2005-09-20,0.0,0.0,0.0,0.0,0.0
2005-09-21,0.0,0.0,0.0,0.0,0.0
2005-09-22,0.0,0.0,0.0,0.0,0.0
2005-09-23,0.0,0.0,0.0,0.0,0.0
2005-09-24,0.0,0.0,0.0,0.0,0.0
2005-09-25,0.0,0.0,0.0,0.0,0.0
2005-09-26,0.0,0.0,0.0,0.0,0.0
2005-09-27,0.0,0.0,0.0,0.0,0.0
2005-09-28,0.0,0.0,0.0,0.0,0.0
2005-09-29,0.0,0.0,0.0,0.0,0.0
2005-09-30,0.0,0.0,0.0,0.0,0.0
2005-10-01,0.0,0.0,0.0,0.0,0.0
2005-10-02,0.0,0.0,0.0,0.0,0.0
2005-10-03,0.0,0.0,0.0,0.0,0.0
2005-10-04,0.0,0.0,0.0,0.0,0.0
2005-10-05,0.0,0.0,0.0,0.0,0.0
2005-10-06,0.0,0.0,0.0,0.0,0.0
2005-10-07,0.0,0.0,0.0,0.0,0.0
2005-10-08,0.0,0.0,0.0,0.0,0.0
2005-10-09,0.0,0.0,0.0,0.0,0.0
2005-10-10,0.0,0.0,0.0,0.0,0.0
2005-10-11,0.0,0.0,0.0,0.0,0.0
2005-10-12,0.0,0.0,0.0,0.0,0.0
2005-10-13,0.0,0.0,0.0,0.0,0.0
2005-10-14,0.0,0.0,0.0,0.0,0.0
2005-10-15,0.0,0.0,0.0,0.0,0.0
2005-10-16,0.0,0.0,0.0,0.0,0.0
2005-10-17,0.0,0.0,0.0,0.0,0.0
2005-10-18,0.0,0.0,0.0,0.0,0.0
2005-10-19,0.0,0.0,0.0,0.0,0.0
2005-10-20,0.0,0.0,0.0,0.0,0.0
2005-10-21,0.0,0.0,0.0,0.0,0.0
2005-10-22,0.0,0.0,0.0,0.0,0.0
2005-10-23,0.0,0.0,0.0,0.0,0.0
2005-10-24,0.0,0.0,0.0,0.0,0.0
2005-10-25,0.0,0.0,0.0,0.0,0.0
2005-10-26,0.0,0.0,0.0,0.0,0.0
2005-10-27,0.0,0.0,0.0,0.0,0.0
2005-10-28,0.0,0.0,0.0,0.0,0.0
2005-10-29,0.0,0.0,0.0,0.0,0.0
2005-10-30,0.0,0.0,0.0,0.0,0.0
2005-10-31,0.0,0.0,0.0,0.0,0.0
2005-11-01,0.0,0.0,0.0,0.0,0.0
2005-11-02,0.0,0.0,0.0,0.0,0.0
2005-11-03,0.0,0.0,0.0,0.0,0.0
2005-11-04,0.0,0.0,0.0,0.0,0.0
2005-11-05,0.0,0.0,0.0,0.0,0.0
2005-11-06,0.0,0.0,0.0,0.0,0.0
2005-11-07,0.781,38.07,7.01,13.19,17.88
2005-11-08,3.122,35.6,9.39,11.28,14.93
2005-11-09,0.383,15.5,7.15,2.87,5.48
2005-11-10,0.306,9.92,6.86,0.47,2.59
2005-11-11,0.147,7.97,6.88,0.0,1.09
2005-11-12,0.112,7.66,6.81,0.0,0.85
2005-11-13,0.099,7.61,6.77,0.0,0.84
2005-11-14,0.097,7.61,6.77,0.0,0.84
2005-11-15,0.084,7.62,6.8,0.0,0.82
2005-11-16,0.076,7.59,6.77,0.0,0.82
2005-11-17,0.071,7.6,6.78,0.0,0.81
2005-11-18,0.064,7.57,6.77,0.0,0.8
2005-11-19,0.06,7.59,6.78,0.0,0.8
2005-11-20,0.055,7.57,6.78,0.0,0.8
2005-11-21,0.051,7.57,6.78,0.0,0.79
2005-11-22,0.047,7.57,6.78,0.0,0.79
2005-11-23,0.042,7.57,6.78,0.0,0.79
2005-11-24,0.038,7.56,6.78,0.0,0.78
2005-11-25,0.037,7.6,6.81,0.0,0.79
2005-11-26,0.012,7.95,7.34,0.0,0.61
2005-11-27,0.01,7.22,6.45,0.0,0.77
2005-11-28,0.334,24.11,4.85,8.3,10.95
2005-11-29,2.717,25.64,8.37,7.45,9.82
2005-11-30,0.404,13.25,7.26,2.16,3.83
2005-12-01,10.72,84.96,15.93,27.49,41.54
2005-12-02,3.738,62.72,10.42,21.12,31.19
2005-12-03,0.95,23.26,7.0,6.63,9.64
2005-12-04,0.625,9.05,6.81,0.7,1.53
2005-12-05,0.52,8.26,6.8,0.31,1.15
2005-12-06,0.448,8.18,6.79,0.24,1.14
2005-12-07,0.39,7.99,6.79,0.06,1.14
2005-12-08,0.33,7.93,6.8,0.01,1.12
2005-12-09,0.284,7.85,6.79,0.01,1.06
2005-12-10,0.253,7.81,6.79,0.0,1.01
2005-12-11,0.219,7.77,6.79,0.0,0.97
2005-12-12,0.191,7.73,6.79,0.0,0.94
2005-12-13,0.165,7.7,6.8,0.0,0.91
2005-12-14,0.141,7.68,6.8,0.0,0.88
2005-12-15,0.121,7.66,6.8,0.0,0.86
2005-12-16,0.104,7.63,6.79,0.0,0.84
2005-12-17,1.357,23.32,4.58,8.06,10.68
2005-12-18,24.991,198.29,22.33,70.14,105.82
2005-12-19,7.352,80.04,14.57,26.75,38.72
2005-12-20,1.912,11.48,6.79,1.99,2.71
2005-12-21,6.539,46.52,11.33,14.55,20.64
2005-12-22,11.437,186.02,15.66,73.28,97.08
2005-12-23,3.849,44.88,10.4,14.81,19.66
2005-12-24,1.918,9.65,6.84,1.21,1.6
2005-12-25,4.693,24.74,9.57,6.55,8.62
2005-12-26,6.944,37.01,13.36,9.87,13.79
2005-12-27,2.59,12.38,7.52,2.09,2.77
2005-12-28,8.683,122.16,14.94,45.53,61.69
2005-12-29,2.065,15.41,7.03,3.51,4.87
2005-12-30,3.727,30.66,8.86,9.13,12.66
2005-12-31,27.868,922.67,26.59,388.08,508.0
2006-01-01,5.989,116.76,11.95,44.07,60.75
2006-01-02,15.394,160.72,17.98,57.1,85.64
2006-01-03,5.204,22.63,10.54,4.84,7.25
2006-01-04,3.339,11.79,8.78,1.3,1.71
2006-01-05,2.15,9.01,6.93,0.9,1.18
2006-01-06,1.59,8.84,6.84,0.86,1.14
2006-01-07,2.114,17.39,7.2,4.4,5.79
2006-01-08,1.493,12.51,6.93,2.41,3.17
2006-01-09,0.891,9.03,6.85,0.94,1.24
2006-01-10,0.674,8.62,6.82,0.66,1.14
2006-01-11,0.671,9.42,6.74,0.98,1.7
2006-01-12,0.507,8.69,6.87,0.49,1.33
2006-01-13,0.387,8.04,6.81,0.08,1.14
2006-01-14,5.05,42.99,11.17,13.58,18.24
2006-01-15,1.421,15.95,7.08,3.79,5.08
2006-01-16,0.796,9.17,6.86,0.97,1.34
2006-01-17,0.569,8.39,6.84,0.41,1.14
2006-01-18,2.511,36.34,8.72,11.88,15.73
2006-01-19,1.134,18.54,7.06,4.93,6.54
2006-01-20,0.58,8.98,6.87,0.65,1.45
2006-01-21,0.642,12.0,6.69,2.09,3.22
2006-01-22,0.431,9.67,6.94,0.8,1.93
2006-01-23,0.283,7.94,6.83,0.01,1.1
2006-01-24,0.233,7.8,6.8,0.0,0.99
2006-01-25,0.197,7.75,6.81,0.0,0.94
2006-01-26,0.157,7.72,6.82,0.0,0.9
2006-01-27,0.134,7.64,6.77,0.0,0.87
2006-01-28,0.864,26.72,6.91,8.5,11.31
2006-01-29,1.504,26.43,7.85,7.98,10.6
2006-01-30,2.734,55.72,9.67,19.27,26.78
2006-01-31,1.067,26.77,7.13,8.16,11.48
2006-02-01,2.493,31.41,9.23,9.51,12.67
2006-02-02,3.019,23.0,9.14,5.98,7.88
2006-02-03,0.997,10.14,6.95,1.38,1.82
2006-02-04,1.967,28.03,7.61,8.8,11.62
2006-02-05,0.769,12.29,6.96,2.18,3.14
2006-02-06,0.492,8.43,6.84,0.36,1.23
2006-02-07,0.375,8.04,6.83,0.07,1.14
2006-02-08,0.291,7.91,6.82,0.01,1.08
2006-02-09,0.228,7.81,6.82,0.0,0.99
2006-02-10,0.188,7.74,6.81,0.0,0.93
2006-02-11,0.156,7.7,6.8,0.0,0.9
2006-02-12,0.131,7.67,6.8,0.0,0.87
2006-02-13,0.11,7.65,6.8,0.0,0.85
2006-02-14,0.087,7.7,6.88,0.0,0.83
2006-02-15,0.041,7.68,6.95,0.0,0.73
2006-02-16,0.04,7.53,6.73,0.0,0.79
2006-02-17,0.037,7.58,6.8,0.0,0.78
2006-02-18,0.028,7.58,6.82,0.0,0.76
2006-02-19,0.022,7.57,6.82,0.0,0.75
2006-02-20,0.017,7.57,6.82,0.0,0.75
2006-02-21,0.016,7.44,6.68,0.0,0.76
2006-02-22,0.021,7.5,6.72,0.0,0.78
2006-02-23,0.022,7.54,6.77,0.0,0.77
2006-02-24,0.02,7.54,6.77,0.0,0.77
2006-02-25,0.019,7.55,6.78,0.0,0.76
2006-02-26,0.016,7.58,6.81,0.0,0.76
2006-02-27,8.286,67.53,13.53,22.0,32.0
2006-02-28,5.296,64.17,11.58,21.43,31.16
2006-03-01,1.633,20.96,6.13,6.1,8.72
2006-03-02,3.721,96.31,11.04,35.22,50.04
2006-03-03,7.29,61.78,13.21,19.71,28.86
2006-03-04,1.613,12.35,6.91,2.22,3.22
2006-03-05,4.142,46.86,10.61,15.05,21.21
2006-03-06,13.385,102.13,16.28,35.0,50.86
2006-03-07,5.474,49.07,12.61,15.11,21.35
2006-03-08,2.204,9.73,7.02,1.15,1.55
2006-03-09,1.589,8.88,6.85,0.87,1.15
2006-03-10,1.145,8.83,6.84,0.86,1.13
2006-03-11,0.879,8.83,6.82,0.87,1.15
2006-03-12,2.177,28.52,7.48,9.09,11.95
2006-03-13,1.169,12.91,6.72,2.67,3.52
2006-03-14,7.948,133.48,13.43,50.85,69.2
2006-03-15,3.393,22.74,8.54,6.11,8.09
2006-03-16,4.37,143.12,11.43,57.59,74.1
2006-03-17,3.873,104.36,10.13,41.29,52.94
2006-03-18,1.715,12.88,7.08,2.52,3.28
2006-03-19,1.072,9.02,6.85,0.94,1.23
2006-03-20,2.8,40.1,8.35,13.71,18.04
2006-03-21,2.695,25.66,8.71,7.32,9.63
2006-03-22,1.767,11.36,6.8,1.97,2.59
2006-03-23,1.018,9.65,6.94,1.17,1.54
2006-03-24,2.647,25.66,7.55,7.79,10.32
2006-03-25,14.558,415.43,19.4,168.58,227.44
2006-03-26,2.32,25.66,7.42,7.82,10.42
2006-03-27,2.772,24.18,8.21,6.9,9.08
2006-03-28,3.31,23.56,8.82,6.36,8.37
2006-03-29,6.755,75.12,12.55,25.78,36.78
2006-03-30,1.926,14.56,6.99,3.14,4.44
2006-03-31,5.266,149.06,12.78,57.94,78.34
2006-04-01,4.278,60.7,10.22,21.36,29.12
2006-04-02,4.704,46.79,11.2,14.84,20.75
2006-04-03,7.879,49.39,13.36,14.81,21.22
2006-04-04,7.575,113.67,13.52,41.48,58.67
2006-04-05,5.979,41.22,11.69,12.28,17.24
2006-04-06,2.177,10.5,7.08,1.45,1.97
2006-04-07,2.759,29.96,8.62,9.21,12.13
2006-04-08,3.007,36.11,8.7,11.83,15.57
2006-04-09,1.292,11.34,6.9,1.92,2.52
2006-04-10,1.284,13.55,6.78,2.92,3.85
2006-04-11,6.695,48.88,12.43,15.47,20.98
2006-04-12,10.809,146.2,16.06,53.71,76.44
2006-04-13,3.103,34.92,8.79,10.74,15.39
2006-04-14,1.808,9.54,6.87,1.14,1.53
2006-04-15,1.352,9.6,6.83,1.19,1.57
2006-04-16,8.282,167.45,14.29,65.36,87.79
2006-04-17,2.907,23.56,8.33,6.51,8.71
2006-04-18,1.444,9.57,6.9,1.15,1.52
2006-04-19,0.942,8.89,6.86,0.87,1.15
2006-04-20,0.668,8.58,6.84,0.6,1.13
2006-04-21,0.5,8.26,6.83,0.3,1.13
2006-04-22,0.388,8.05,6.82,0.1,1.13
2006-04-23,0.321,7.92,6.8,0.01,1.11
2006-04-24,0.269,7.85,6.8,0.0,1.04
2006-04-25,0.229,7.78,6.79,0.0,0.98
2006-04-26,0.195,7.74,6.8,0.0,0.94
2006-04-27,0.172,7.7,6.79,0.0,0.91
2006-04-28,0.152,7.68,6.79,0.0,0.89
2006-04-29,0.132,7.67,6.79,0.0,0.87
2006-04-30,0.113,7.65,6.8,0.0,0.85
2006-05-01,0.094,7.63,6.8,0.0,0.83
2006-05-02,0.08,7.62,6.8,0.0,0.82
2006-05-03,0.068,7.6,6.8,0.0,0.81
2006-05-04,0.058,7.59,6.8,0.0,0.8
2006-05-05,0.049,7.59,6.81,0.0,0.79
2006-05-06,0.038,7.61,6.83,0.0,0.77
2006-05-07,0.031,7.57,6.8,0.0,0.77
2006-05-08,0.026,7.59,6.82,0.0,0.77
2006-05-09,0.02,7.57,6.82,0.0,0.76
2006-05-10,0.017,7.57,6.8,0.0,0.76
2006-05-11,0.014,7.57,6.82,0.0,0.76
2006-05-12,0.01,7.61,6.87,0.0,0.75
2006-05-13,0.006,7.56,6.83,0.0,0.74
2006-05-14,0.005,7.58,6.82,0.0,0.75
2006-05-15,0.004,7.59,6.84,0.0,0.75
2006-05-16,0.003,7.54,6.79,0.0,0.75
2006-05-17,0.003,7.53,6.78,0.0,0.75
2006-05-18,0.002,7.6,6.85,0.0,0.75
2006-05-19,0.002,7.47,6.72,0.0,0.74
2006-05-20,0.002,7.58,6.83,0.0,0.75
2006-05-21,0.168,28.33,6.13,9.34,12.86
2006-05-22,0.194,15.14,7.16,0.37,7.61
2006-05-23,0.053,8.4,7.09,0.0,1.31
2006-05-24,0.027,7.63,6.89,0.0,0.74
2006-05-25,0.017,7.63,6.9,0.0,0.73
2006-05-26,0.009,7.71,6.99,0.0,0.72
2006-05-27,0.002,7.44,6.84,0.0,0.61
2006-05-28,0.005,7.52,6.75,0.0,0.78
2006-05-29,0.003,7.56,6.83,0.0,0.73
2006-05-30,0.003,7.48,6.74,0.0,0.74
2006-05-31,0.004,7.51,6.76,0.0,0.76
2006-06-01,0.003,7.56,6.82,0.0,0.74
2006-06-02,0.002,7.53,6.8,0.0,0.73
2006-06-03,0.002,7.67,6.92,0.0,0.75
2006-06-04,0.001,7.5,6.8,0.0,0.7
2006-06-05,0.001,7.53,6.79,0.0,0.74
2006-06-06,0.001,7.67,6.93,0.0,0.74
2006-06-07,0.0,7.54,7.03,0.0,0.51
2006-06-08,0.0,7.56,6.78,0.0,0.77
2006-06-09,0.0,7.53,6.82,0.0,0.71
2006-06-10,0.0,7.57,6.84,0.0,0.73
2006-06-11,0.0,7.59,6.98,0.0,0.61
2006-06-12,0.0,7.85,7.66,0.0,0.19
2006-06-13,0.0,7.7,7.66,0.0,0.04
2006-06-14,0.0,0.0,0.0,0.0,0.0
2006-06-15,0.0,0.0,0.0,0.0,0.0
2006-06-16,0.0,0.0,0.0,0.0,0.0
2006-06-17,0.0,0.0,0.0,0.0,0.0
2006-06-18,0.0,0.0,0.0,0.0,0.0
2006-06-19,0.0,0.0,0.0,0.0,0.0
2006-06-20,0.0,0.0,0.0,0.0,0.0
2006-06-21,0.0,0.0,0.0,0.0,0.0
2006-06-22,0.0,0.0,0.0,0.0,0.0
2006-06-23,0.0,0.0,0.0,0.0,0.0
2006-06-24,0.0,0.0,0.0,0.0,0.0
2006-06-25,0.0,0.0,0.0,0.0,0.0
2006-06-26,0.0,0.0,0.0,0.0,0.0
2006-06-27,0.0,0.0,0.0,0.0,0.0
2006-06-28,0.0,0.0,0.0,0.0,0.0
2006-06-29,0.0,0.0,0.0,0.0,0.0
2006-06-30,0.0,0.0,0.0,0.0,0.0
2006-07-01,0.0,0.0,0.0,0.0,0.0
2006-07-02,0.0,0.0,0.0,0.0,0.0
2006-07-03,0.0,0.0,0.0,0.0,0.0
2006-07-04,0.0,0.0,0.0,0.0,0.0
2006-07-05,0.0,0.0,0.0,0.0,0.0
2006-07-06,0.0,0.0,0.0,0.0,0.0
2006-07-07,0.0,0.0,0.0,0.0,0.0
2006-07-08,0.0,0.0,0.0,0.0,0.0
2006-07-09,0.0,0.0,0.0,0.0,0.0
2006-07-10,0.0,0.0,0.0,0.0,0.0
2006-07-11,0.0,0.0,0.0,0.0,0.0
2006-07-12,0.0,0.0,0.0,0.0,0.0
2006-07-13,0.0,0.0,0.0,0.0,0.0
2006-07-14,0.0,0.0,0.0,0.0,0.0
2006-07-15,0.0,0.0,0.0,0.0,0.0
2006-07-16,0.0,0.0,0.0,0.0,0.0
2006-07-17,0.0,0.0,0.0,0.0,0.0
2006-07-18,0.0,0.0,0.0,0.0,0.0
2006-07-19,0.0,0.0,0.0,0.0,0.0
2006-07-20,0.0,0.0,0.0,0.0,0.0
2006-07-21,0.0,0.0,0.0,0.0,0.0
2006-07-22,0.0,0.0,0.0,0.0,0.0
2006-07-23,0.0,0.0,0.0,0.0,0.0
2006-07-24,0.0,0.0,0.0,0.0,0.0
2006-07-25,0.0,0.0,0.0,0.0,0.0
2006-07-26,0.0,0.0,0.0,0.0,0.0
2006-07-27,0.0,0.0,0.0,0.0,0.0
2006-07-28,0.0,0.0,0.0,0.0,0.0
2006-07-29,0.0,0.0,0.0,0.0,0.0
2006-07-30,0.0,0.0,0.0,0.0,0.0
2006-07-31,0.0,0.0,0.0,0.0,0.0
2006-08-01,0.0,0.0,0.0,0.0,0.0
2006-08-02,0.0,0.0,0.0,0.0,0.0
2006-08-03,0.0,0.0,0.0,0.0,0.0
2006-08-04,0.0,0.0,0.0,0.0,0.0
2006-08-05,0.0,0.0,0.0,0.0,0.0
2006-08-06,0.0,0.0,0.0,0.0,0.0
2006-08-07,0.0,0.0,0.0,0.0,0.0
2006-08-08,0.0,0.0,0.0,0.0,0.0
2006-08-09,0.0,0.0,0.0,0.0,0.0
2006-08-10,0.0,0.0,0.0,0.0,0.0
2006-08-11,0.0,0.0,0.0,0.0,0.0
2006-08-12,0.0,0.0,0.0,0.0,0.0
2006-08-13,0.0,0.0,0.0,0.0,0.0
2006-08-14,0.0,0.0,0.0,0.0,0.0
2006-08-15,0.0,0.0,0.0,0.0,0.0
2006-08-16,0.0,0.0,0.0,0.0,0.0
2006-08-17,0.0,0.0,0.0,0.0,0.0
2006-08-18,0.0,0.0,0.0,0.0,0.0
2006-08-19,0.0,0.0,0.0,0.0,0.0
2006-08-20,0.0,0.0,0.0,0.0,0.0
2006-08-21,0.0,0.0,0.0,0.0,0.0
2006-08-22,0.0,0.0,0.0,0.0,0.0
2006-08-23,0.0,0.0,0.0,0.0,0.0
2006-08-24,0.0,0.0,0.0,0.0,0.0
2006-08-25,0.0,0.0,0.0,0.0,0.0
2006-08-26,0.0,0.0,0.0,0.0,0.0
2006-08-27,0.0,0.0,0.0,0.0,0.0
2006-08-28,0.0,0.0,0.0,0.0,0.0
2006-08-29,0.0,0.0,0.0,0.0,0.0
2006-08-30,0.0,0.0,0.0,0.0,0.0
2006-08-31,0.0,0.0,0.0,0.0,0.0
2006-09-01,0.0,0.0,0.0,0.0,0.0
2006-09-02,0.0,0.0,0.0,0.0,0.0
2006-09-03,0.0,0.0,0.0,0.0,0.0
2006-09-04,0.0,0.0,0.0,0.0,0.0
2006-09-05,0.0,0.0,0.0,0.0,0.0
2006-09-06,0.0,0.0,0.0,0.0,0.0
2006-09-07,0.0,0.0,0.0,0.0,0.0
2006-09-08,0.0,0.0,0.0,0.0,0.0
2006-09-09,0.0,0.0,0.0,0.0,0.0
2006-09-10,0.0,0.0,0.0,0.0,0.0
2006-09-11,0.0,0.0,0.0,0.0,0.0
2006-09-12,0.0,0.0,0.0,0.0,0.0
2006-09-13,0.0,0.0,0.0,0.0,0.0
2006-09-14,0.0,0.0,0.0,0.0,0.0
2006-09-15,0.0,0.0,0.0,0.0,0.0
2006-09-16,0.0,0.0,0.0,0.0,0.0
2006-09-17,0.0,0.0,0.0,0.0,0.0
2006-09-18,0.0,0.0,0.0,0.0,0.0
2006-09-19,0.0,0.0,0.0,0.0,0.0
2006-09-20,0.0,0.0,0.0,0.0,0.0
2006-09-21,0.0,0.0,0.0,0.0,0.0
2006-09-22,0.0,0.0,0.0,0.0,0.0
2006-09-23,0.0,0.0,0.0,0.0,0.0
2006-09-24,0.0,0.0,0.0,0.0,0.0
2006-09-25,0.0,0.0,0.0,0.0,0.0
2006-09-26,0.0,0.0,0.0,0.0,0.0
2006-09-27,0.0,0.0,0.0,0.0,0.0
2006-09-28,0.0,0.0,0.0,0.0,0.0
2006-09-29,0.0,0.0,0.0,0.0,0.0
2006-09-30,0.0,0.0,0.0,0.0,0.0
2006-10-01,0.0,0.0,0.0,0.0,0.0
2006-10-02,0.0,0.0,0.0,0.0,0.0
2006-10-03,0.0,0.0,0.0,0.0,0.0
2006-10-04,0.0,0.0,0.0,0.0,0.0
2006-10-05,0.71,45.44,6.88,16.65,21.91
2006-10-06,0.363,33.93,7.6,9.92,16.4
2006-10-07,0.035,10.52,7.22,0.0,3.3
2006-10-08,0.016,7.62,6.84,0.0,0.78
2006-10-09,0.014,7.55,6.79,0.0,0.76
2006-10-10,0.013,7.51,6.74,0.0,0.77
2006-10-11,0.012,7.59,6.82,0.0,0.77
2006-10-12,0.009,7.53,6.78,0.0,0.75
2006-10-13,0.009,7.52,6.75,0.0,0.77
2006-10-14,0.008,7.59,6.83,0.0,0.76
2006-10-15,0.006,7.48,6.75,0.0,0.73
2006-10-16,0.007,7.68,6.89,0.0,0.79
2006-10-17,0.002,7.33,6.71,0.0,0.62
2006-10-18,0.004,7.51,6.73,0.0,0.78
2006-10-19,0.005,7.46,6.69,0.0,0.77
2006-10-20,0.005,7.54,6.78,0.0,0.76
2006-10-21,0.004,7.59,6.84,0.0,0.75
2006-10-22,0.004,7.53,6.78,0.0,0.76
2006-10-23,0.003,7.62,6.86,0.0,0.76
2006-10-24,0.001,7.62,6.95,0.0,0.67
2006-10-25,0.001,7.79,7.04,0.0,0.75
2006-10-26,0.0,6.92,6.69,0.0,0.23
2006-10-27,0.0,7.32,6.55,0.0,0.77
2006-10-28,0.001,7.61,6.83,0.0,0.79
2006-10-29,0.0,7.7,7.16,0.0,0.54
2006-10-30,0.0,7.88,7.66,0.0,0.22
2006-10-31,0.0,7.7,7.66,0.0,0.04
2006-11-01,0.0,7.67,7.66,0.0,0.01
2006-11-02,0.196,14.28,5.78,3.06,5.45
2006-11-03,0.761,21.22,6.91,5.81,8.5
2006-11-04,0.095,11.74,7.36,0.0,4.37
2006-11-05,0.031,7.72,6.88,0.0,0.84
2006-11-06,0.025,7.54,6.78,0.0,0.76
2006-11-07,0.023,7.54,6.77,0.0,0.77
2006-11-08,0.02,7.71,6.94,0.0,0.77
2006-11-09,0.006,7.52,6.9,0.0,0.62
2006-11-10,0.007,7.37,6.62,0.0,0.76
2006-11-11,1.764,42.53,8.06,14.85,19.62
2006-11-12,0.248,22.47,7.41,4.69,10.36
2006-11-13,4.476,60.57,12.62,19.98,27.97
2006-11-14,3.191,55.56,11.13,18.28,26.14
2006-11-15,0.572,20.66,7.09,5.52,8.05
2006-11-16,0.341,8.31,6.81,0.02,1.47
2006-11-17,0.292,7.88,6.79,0.01,1.08
2006-11-18,0.257,7.81,6.79,0.0,1.02
2006-11-19,0.229,7.77,6.79,0.0,0.98
2006-11-20,0.204,7.74,6.79,0.0,0.95
2006-11-21,0.182,7.71,6.78,0.0,0.93
2006-11-22,0.163,7.7,6.79,0.0,0.91
2006-11-23,0.129,7.7,6.83,0.0,0.87
2006-11-24,0.104,7.63,6.79,0.0,0.84
2006-11-25,0.101,7.62,6.77,0.0,0.84
2006-11-26,0.938,40.92,6.85,14.68,19.39
2006-11-27,1.404,27.39,6.92,8.78,11.69
2006-11-28,0.352,14.77,7.25,2.59,4.93
2006-11-29,0.147,7.92,6.85,0.0,1.07
2006-11-30,0.124,7.64,6.77,0.0,0.86
2006-12-01,0.126,7.62,6.75,0.0,0.87
2006-12-02,0.113,7.66,6.8,0.0,0.85
2006-12-03,0.095,7.62,6.78,0.0,0.83
2006-12-04,0.087,7.61,6.79,0.0,0.83
2006-12-05,0.082,7.6,6.77,0.0,0.82
2006-12-06,0.076,7.6,6.78,0.0,0.82
2006-12-07,0.069,7.59,6.78,0.0,0.81
2006-12-08,0.062,7.6,6.8,0.0,0.8
2006-12-09,2.506,75.15,11.23,25.87,38.05
2006-12-10,7.551,81.13,14.73,26.11,40.29
2006-12-11,0.797,23.76,7.13,6.09,10.54
2006-12-12,14.614,162.8,19.48,57.19,86.12
2006-12-13,1.902,17.93,6.79,4.25,6.9
2006-12-14,1.299,11.43,6.97,1.9,2.55
2006-12-15,2.213,22.26,7.84,6.22,8.19
2006-12-16,0.815,10.37,6.91,1.41,2.05
2006-12-17,0.587,8.38,6.81,0.4,1.17
2006-12-18,0.493,8.23,6.8,0.29,1.14
2006-12-19,0.412,8.1,6.8,0.16,1.14
2006-12-20,0.343,7.94,6.8,0.02,1.12
2006-12-21,1.281,27.45,7.09,8.7,11.66
2006-12-22,2.208,45.72,8.16,16.2,21.36
2006-12-23,0.549,17.4,7.0,4.22,6.18
2006-12-24,0.356,8.25,6.82,0.06,1.36
2006-12-25,0.294,7.9,6.8,0.01,1.08
2006-12-26,2.445,58.13,10.72,19.4,28.01
2006-12-27,3.558,68.01,10.6,23.5,33.91
2006-12-28,0.629,19.7,7.0,4.98,7.73
2006-12-29,0.415,8.61,6.82,0.35,1.44
2006-12-30,0.333,7.96,6.81,0.01,1.13
2006-12-31,0.276,7.86,6.8,0.01,1.05
2007-01-01,0.229,7.79,6.8,0.0,0.98
2007-01-02,0.196,7.74,6.8,0.0,0.94
2007-01-03,0.167,7.71,6.8,0.0,0.91
2007-01-04,0.13,7.77,6.9,0.0,0.87
2007-01-05,0.066,7.63,6.86,0.0,0.77
2007-01-06,0.076,7.52,6.69,0.0,0.83
2007-01-07,0.078,7.6,6.78,0.0,0.82
2007-01-08,0.066,7.62,6.82,0.0,0.8
2007-01-09,0.055,7.59,6.79,0.0,0.79
2007-01-10,0.045,7.71,6.92,0.0,0.79
2007-01-11,0.01,7.99,7.43,0.0,0.57
2007-01-12,0.001,7.81,7.66,0.0,0.15
2007-01-13,0.0,5.72,5.05,0.0,0.66
2007-01-14,0.004,7.61,6.8,0.0,0.81
2007-01-15,0.001,7.49,7.02,0.0,0.46
2007-01-16,0.002,7.33,6.55,0.0,0.78
2007-01-17,0.001,7.12,6.42,0.0,0.71
2007-01-18,0.004,7.44,6.66,0.0,0.79
2007-01-19,0.006,7.53,6.76,0.0,0.77
2007-01-20,0.004,7.72,6.98,0.0,0.74
2007-01-21,0.001,7.49,6.95,0.0,0.54
2007-01-22,0.002,7.42,6.63,0.0,0.78
2007-01-23,0.002,7.57,6.83,0.0,0.74
2007-01-24,0.001,7.51,6.75,0.0,0.75
2007-01-25,0.001,7.57,6.83,0.0,0.75
2007-01-26,0.001,7.51,6.77,0.0,0.74
2007-01-27,0.001,7.43,6.69,0.0,0.75
2007-01-28,0.632,28.02,6.64,8.88,12.5
2007-01-29,0.104,12.98,7.34,0.0,5.64
2007-01-30,0.034,7.78,6.9,0.0,0.89
2007-01-31,0.024,7.61,6.86,0.0,0.75
2007-02-01,0.017,7.57,6.83,0.0,0.74
2007-02-02,0.013,7.56,6.82,0.0,0.74
2007-02-03,0.011,7.51,6.76,0.0,0.75
2007-02-04,0.013,7.51,6.74,0.0,0.77
2007-02-05,0.012,7.55,6.79,0.0,0.76
2007-02-06,0.01,7.54,6.8,0.0,0.75
2007-02-07,0.011,7.47,6.69,0.0,0.78
2007-02-08,1.494,31.18,7.56,10.18,13.44
2007-02-09,6.447,46.1,11.71,14.62,19.77
2007-02-10,11.053,62.15,13.8,20.2,28.16
2007-02-11,4.467,67.41,13.78,22.51,31.12
2007-02-12,3.058,49.42,9.38,16.63,23.41
2007-02-13,2.412,34.22,8.09,10.97,15.16
2007-02-14,1.145,10.65,6.86,1.62,2.17
2007-02-15,0.867,8.89,6.82,0.89,1.18
2007-02-16,0.696,8.6,6.81,0.65,1.14
2007-02-17,0.564,8.3,6.81,0.35,1.14
2007-02-18,0.456,8.2,6.82,0.25,1.14
2007-02-19,0.358,7.97,6.81,0.03,1.13
2007-02-20,0.31,7.9,6.8,0.01,1.09
2007-02-21,0.264,7.83,6.8,0.0,1.03
2007-02-22,3.626,60.94,9.88,21.24,29.82
2007-02-23,1.837,20.82,7.53,5.64,7.65
2007-02-24,0.673,9.97,6.46,1.28,2.23
2007-02-25,1.836,23.72,7.23,7.09,9.4
2007-02-26,5.408,74.44,12.27,25.45,36.73
2007-02-27,3.56,43.47,9.31,14.29,19.87
2007-02-28,1.797,22.2,7.6,6.26,8.35
2007-03-01,0.88,9.56,6.86,1.16,1.54
2007-03-02,0.665,8.59,6.82,0.62,1.15
2007-03-03,0.533,8.27,6.81,0.32,1.14
2007-03-04,0.432,8.14,6.81,0.19,1.14
2007-03-05,0.353,7.96,6.81,0.02,1.13
2007-03-06,0.291,7.89,6.81,0.01,1.07
2007-03-07,0.244,7.81,6.8,0.0,1.01
2007-03-08,0.202,7.77,6.81,0.0,0.95
2007-03-09,0.166,7.71,6.8,0.0,0.91
2007-03-10,0.143,7.68,6.8,0.0,0.88
2007-03-11,0.122,7.66,6.8,0.0,0.86
2007-03-12,0.103,7.64,6.8,0.0,0.84
2007-03-13,0.088,7.63,6.8,0.0,0.82
2007-03-14,0.072,7.62,6.81,0.0,0.81
2007-03-15,0.061,7.58,6.79,0.0,0.8
2007-03-16,0.053,7.59,6.8,0.0,0.79
2007-03-17,0.046,7.58,6.79,0.0,0.78
2007-03-18,0.04,7.57,6.8,0.0,0.78
2007-03-19,0.035,7.56,6.79,0.0,0.77
2007-03-20,0.03,7.62,6.85,0.0,0.77
2007-03-21,0.016,7.54,6.84,0.0,0.71
2007-03-22,0.018,7.5,6.73,0.0,0.77
2007-03-23,0.018,7.54,6.78,0.0,0.76
2007-03-24,0.017,7.52,6.76,0.0,0.76
2007-03-25,0.017,7.53,6.77,0.0,0.76
2007-03-26,0.015,7.67,6.91,0.0,0.76
2007-03-27,0.003,7.84,7.32,0.0,0.52
2007-03-28,0.004,7.15,6.4,0.0,0.75
2007-03-29,0.008,7.45,6.68,0.0,0.78
2007-03-30,0.009,7.53,6.76,0.0,0.76
2007-03-31,0.008,7.51,6.76,0.0,0.75
2007-04-01,0.008,7.55,6.79,0.0,0.75
2007-04-02,0.006,7.57,6.84,0.0,0.73
2007-04-03,0.005,7.52,6.78,0.0,0.74
2007-04-04,0.005,7.52,6.77,0.0,0.75
2007-04-05,0.004,7.51,6.77,0.0,0.74
2007-04-06,0.004,7.49,6.74,0.0,0.75
2007-04-07,0.004,7.51,6.76,0.0,0.75
2007-04-08,0.004,7.56,6.83,0.0,0.74
2007-04-09,0.003,7.63,6.88,0.0,0.74
2007-04-10,0.001,7.58,6.91,0.0,0.67
2007-04-11,0.002,7.53,6.76,0.0,0.77
2007-04-12,0.0,7.64,7.08,0.0,0.56
2007-04-13,0.001,7.31,6.55,0.0,0.76
2007-04-14,0.002,7.59,6.8,0.0,0.79
2007-04-15,0.0,7.55,7.13,0.0,0.41
2007-04-16,0.001,7.34,6.58,0.0,0.76
2007-04-17,0.001,7.65,6.87,0.0,0.78
2007-04-18,0.0,7.89,7.66,0.0,0.23
2007-04-19,0.0,6.88,6.27,0.0,0.61
2007-04-20,2.186,63.7,8.79,22.89,32.02
2007-04-21,0.929,18.16,5.12,4.91,8.14
2007-04-22,5.02,57.24,12.54,18.32,26.38
2007-04-23,0.596,15.61,7.05,3.31,5.24
2007-04-24,0.346,8.22,6.84,0.05,1.33
2007-04-25,0.276,7.87,6.81,0.0,1.06
2007-04-26,0.23,7.79,6.8,0.0,0.99
2007-04-27,0.199,7.74,6.79,0.0,0.95
2007-04-28,0.173,7.71,6.79,0.0,0.92
2007-04-29,0.153,7.68,6.79,0.0,0.89
2007-04-30,0.133,7.67,6.8,0.0,0.87
2007-05-01,0.114,7.64,6.79,0.0,0.85
2007-05-02,0.105,7.64,6.79,0.0,0.85
2007-05-03,0.086,7.63,6.8,0.0,0.82
2007-05-04,0.077,7.6,6.78,0.0,0.82
2007-05-05,0.062,7.61,6.82,0.0,0.79
2007-05-06,0.053,7.58,6.79,0.0,0.79
2007-05-07,0.048,7.58,6.78,0.0,0.79
2007-05-08,0.043,7.58,6.79,0.0,0.79
2007-05-09,0.039,7.56,6.78,0.0,0.79
2007-05-10,0.035,7.58,6.8,0.0,0.78
2007-05-11,0.03,7.56,6.79,0.0,0.77
2007-05-12,0.025,7.58,6.82,0.0,0.77
2007-05-13,0.02,7.55,6.79,0.0,0.76
2007-05-14,0.018,7.56,6.79,0.0,0.76
2007-05-15,0.016,7.55,6.79,0.0,0.77
2007-05-16,0.013,7.56,6.8,0.0,0.76
2007-05-17,0.012,7.55,6.8,0.0,0.76
2007-05-18,0.01,7.57,6.81,0.0,0.76
2007-05-19,0.009,7.55,6.79,0.0,0.76
2007-05-20,0.006,7.56,6.82,0.0,0.74
2007-05-21,0.007,7.56,6.78,0.0,0.77
2007-05-22,0.004,7.55,6.82,0.0,0.74
2007-05-23,0.004,7.5,6.75,0.0,0.75
2007-05-24,0.004,7.54,6.78,0.0,0.77
2007-05-25,0.004,7.57,6.82,0.0,0.75
2007-05-26,0.003,7.5,6.76,0.0,0.75
2007-05-27,0.003,7.53,6.79,0.0,0.75
2007-05-28,0.002,7.56,6.81,0.0,0.75
2007-05-29,0.002,7.56,6.82,0.0,0.74
2007-05-30,0.001,7.55,6.81,0.0,0.74
2007-05-31,0.001,7.52,6.79,0.0,0.73
2007-06-01,0.001,7.51,6.77,0.0,0.74
2007-06-02,0.001,7.53,6.79,0.0,0.74
2007-06-03,0.001,7.54,6.81,0.0,0.74
2007-06-04,0.001,7.51,6.77,0.0,0.74
2007-06-05,0.0,7.61,6.87,0.0,0.74
2007-06-06,0.0,7.66,6.94,0.0,0.72
2007-06-07,0.0,7.58,6.93,0.0,0.65
2007-06-08,0.0,7.46,6.7,0.0,0.76
2007-06-09,0.0,7.53,6.79,0.0,0.75
2007-06-10,0.0,7.54,6.85,0.0,0.69
2007-06-11,0.0,7.87,7.66,0.0,0.2
2007-06-12,0.0,7.7,7.66,0.0,0.04
2007-06-13,0.0,0.0,0.0,0.0,0.0
2007-06-14,0.0,0.0,0.0,0.0,0.0
2007-06-15,0.0,0.0,0.0,0.0,0.0
2007-06-16,0.0,0.0,0.0,0.0,0.0
2007-06-17,0.0,0.0,0.0,0.0,0.0
2007-06-18,0.0,0.0,0.0,0.0,0.0
2007-06-19,0.0,0.0,0.0,0.0,0.0
2007-06-20,0.0,0.0,0.0,0.0,0.0
2007-06-21,0.0,0.0,0.0,0.0,0.0
2007-06-22,0.0,0.0,0.0,0.0,0.0
2007-06-23,0.0,0.0,0.0,0.0,0.0
2007-06-24,0.0,0.0,0.0,0.0,0.0
2007-06-25,0.0,0.0,0.0,0.0,0.0
2007-06-26,0.0,0.0,0.0,0.0,0.0
2007-06-27,0.0,0.0,0.0,0.0,0.0
2007-06-28,0.0,0.0,0.0,0.0,0.0
2007-06-29,0.0,0.0,0.0,0.0,0.0
2007-06-30,0.0,0.0,0.0,0.0,0.0
2007-07-01,0.0,0.0,0.0,0.0,0.0
2007-07-02,0.0,0.0,0.0,0.0,0.0
2007-07-03,0.0,0.0,0.0,0.0,0.0
2007-07-04,0.0,0.0,0.0,0.0,0.0
2007-07-05,0.0,0.0,0.0,0.0,0.0
2007-07-06,0.0,0.0,0.0,0.0,0.0
2007-07-07,0.0,0.0,0.0,0.0,0.0
2007-07-08,0.0,0.0,0.0,0.0,0.0
2007-07-09,0.0,0.0,0.0,0.0,0.0
2007-07-10,0.0,0.0,0.0,0.0,0.0
2007-07-11,0.0,0.0,0.0,0.0,0.0
2007-07-12,0.0,0.0,0.0,0.0,0.0
2007-07-13,0.0,0.0,0.0,0.0,0.0
2007-07-14,0.0,0.0,0.0,0.0,0.0
2007-07-15,0.0,0.0,0.0,0.0,0.0
2007-07-16,0.0,0.0,0.0,0.0,0.0
2007-07-17,0.0,0.0,0.0,0.0,0.0
2007-07-18,0.0,0.0,0.0,0.0,0.0
2007-07-19,0.0,0.0,0.0,0.0,0.0
2007-07-20,0.0,0.0,0.0,0.0,0.0
2007-07-21,0.0,0.0,0.0,0.0,0.0
2007-07-22,0.0,0.0,0.0,0.0,0.0
2007-07-23,0.0,0.0,0.0,0.0,0.0
2007-07-24,0.0,0.0,0.0,0.0,0.0
2007-07-25,0.0,0.0,0.0,0.0,0.0
2007-07-26,0.0,0.0,0.0,0.0,0.0
2007-07-27,0.0,0.0,0.0,0.0,0.0
2007-07-28,0.0,0.0,0.0,0.0,0.0
2007-07-29,0.0,0.0,0.0,0.0,0.0
2007-07-30,0.0,0.0,0.0,0.0,0.0
2007-07-31,0.0,0.0,0.0,0.0,0.0
2007-08-01,0.0,0.0,0.0,0.0,0.0
2007-08-02,0.0,0.0,0.0,0.0,0.0
2007-08-03,0.0,0.0,0.0,0.0,0.0
2007-08-04,0.0,0.0,0.0,0.0,0.0
2007-08-05,0.0,0.0,0.0,0.0,0.0
2007-08-06,0.0,0.0,0.0,0.0,0.0
2007-08-07,0.0,0.0,0.0,0.0,0.0
2007-08-08,0.0,0.0,0.0,0.0,0.0
2007-08-09,0.0,0.0,0.0,0.0,0.0
2007-08-10,0.0,0.0,0.0,0.0,0.0
2007-08-11,0.0,0.0,0.0,0.0,0.0
2007-08-12,0.0,0.0,0.0,0.0,0.0
2007-08-13,0.0,0.0,0.0,0.0,0.0
2007-08-14,0.0,0.0,0.0,0.0,0.0
2007-08-15,0.0,0.0,0.0,0.0,0.0
2007-08-16,0.0,0.0,0.0,0.0,0.0
2007-08-17,0.0,0.0,0.0,0.0,0.0
2007-08-18,0.0,0.0,0.0,0.0,0.0
2007-08-19,0.0,0.0,0.0,0.0,0.0
2007-08-20,0.0,0.0,0.0,0.0,0.0
2007-08-21,0.0,0.0,0.0,0.0,0.0
2007-08-22,0.0,0.0,0.0,0.0,0.0
2007-08-23,0.0,0.0,0.0,0.0,0.0
2007-08-24,0.0,0.0,0.0,0.0,0.0
2007-08-25,0.0,0.0,0.0,0.0,0.0
2007-08-26,0.0,0.0,0.0,0.0,0.0
2007-08-27,0.0,0.0,0.0,0.0,0.0
2007-08-28,0.0,0.0,0.0,0.0,0.0
2007-08-29,0.0,0.0,0.0,0.0,0.0
2007-08-30,0.0,0.0,0.0,0.0,0.0
2007-08-31,0.0,0.0,0.0,0.0,0.0
2007-09-01,0.0,0.0,0.0,0.0,0.0
2007-09-02,0.0,0.0,0.0,0.0,0.0
2007-09-03,0.0,0.0,0.0,0.0,0.0
2007-09-04,0.0,0.0,0.0,0.0,0.0
2007-09-05,0.0,0.0,0.0,0.0,0.0
2007-09-06,0.0,0.0,0.0,0.0,0.0
2007-09-07,0.0,0.0,0.0,0.0,0.0
2007-09-08,0.0,0.0,0.0,0.0,0.0
2007-09-09,0.0,0.0,0.0,0.0,0.0
2007-09-10,0.0,0.0,0.0,0.0,0.0
2007-09-11,0.0,0.0,0.0,0.0,0.0
2007-09-12,0.0,0.0,0.0,0.0,0.0
2007-09-13,0.0,0.0,0.0,0.0,0.0
2007-09-14,0.0,0.0,0.0,0.0,0.0
2007-09-15,0.0,0.0,0.0,0.0,0.0
2007-09-16,0.0,0.0,0.0,0.0,0.0
2007-09-17,0.0,0.0,0.0,0.0,0.0
2007-09-18,0.0,0.0,0.0,0.0,0.0
2007-09-19,0.0,0.0,0.0,0.0,0.0
2007-09-20,0.0,0.0,0.0,0.0,0.0
2007-09-21,0.0,0.0,0.0,0.0,0.0
2007-09-22,0.0,0.0,0.0,0.0,0.0
2007-09-23,0.0,0.0,0.0,0.0,0.0
2007-09-24,0.0,0.0,0.0,0.0,0.0
2007-09-25,0.0,0.0,0.0,0.0,0.0
2007-09-26,0.0,0.0,0.0,0.0,0.0
2007-09-27,0.0,0.0,0.0,0.0,0.0
2007-09-28,0.0,0.0,0.0,0.0,0.0
2007-09-29,0.0,0.0,0.0,0.0,0.0
2007-09-30,0.0,0.0,0.0,0.0,0.0
2007-10-01,0.0,0.0,0.0,0.0,0.0
2007-10-02,0.0,0.0,0.0,0.0,0.0
2007-10-03,0.0,0.0,0.0,0.0,0.0
2007-10-04,0.0,0.0,0.0,0.0,0.0
2007-10-05,0.0,0.0,0.0,0.0,0.0
2007-10-06,0.0,0.0,0.0,0.0,0.0
2007-10-07,0.0,0.0,0.0,0.0,0.0
2007-10-08,0.0,0.0,0.0,0.0,0.0
2007-10-09,0.319,5.75,1.08,2.02,2.66
2007-10-10,5.328,95.02,13.02,33.47,48.53
2007-10-11,0.32,32.74,7.31,8.31,17.12
2007-10-12,10.913,146.18,17.93,54.12,74.13
2007-10-13,1.788,45.02,5.95,16.68,22.38
2007-10-14,2.741,87.29,12.06,30.81,44.42
2007-10-15,0.671,14.49,6.82,2.95,4.72
2007-10-16,0.618,10.36,6.77,1.31,2.28
2007-10-17,1.341,22.76,6.79,6.82,9.15
2007-10-18,0.557,13.05,7.01,2.37,3.68
2007-10-19,0.372,8.12,6.81,0.07,1.24
2007-10-20,0.314,7.92,6.8,0.01,1.11
2007-10-21,0.266,7.83,6.79,0.0,1.03
2007-10-22,0.238,7.78,6.79,0.0,0.99
2007-10-23,0.209,7.75,6.79,0.0,0.96
2007-10-24,0.185,7.72,6.79,0.0,0.93
2007-10-25,0.164,7.7,6.79,0.0,0.91
2007-10-26,0.145,7.67,6.79,0.0,0.88
2007-10-27,0.129,7.65,6.78,0.0,0.87
2007-10-28,0.116,7.64,6.79,0.0,0.85
2007-10-29,0.103,7.63,6.78,0.0,0.84
2007-10-30,0.09,7.62,6.79,0.0,0.83
2007-10-31,0.079,7.6,6.78,0.0,0.82
2007-11-01,0.07,7.6,6.79,0.0,0.81
2007-11-02,0.063,7.59,6.79,0.0,0.81
2007-11-03,0.054,7.59,6.8,0.0,0.79
2007-11-04,0.046,7.58,6.79,0.0,0.79
2007-11-05,0.042,7.57,6.79,0.0,0.79
2007-11-06,0.037,7.58,6.79,0.0,0.78
2007-11-07,0.033,7.56,6.78,0.0,0.78
2007-11-08,0.029,7.57,6.8,0.0,0.77
2007-11-09,0.026,7.55,6.77,0.0,0.78
2007-11-10,0.025,7.54,6.76,0.0,0.78
2007-11-11,0.019,7.69,6.94,0.0,0.75
2007-11-12,0.011,7.47,6.74,0.0,0.73
2007-11-13,0.014,7.5,6.72,0.0,0.78
2007-11-14,3.191,199.09,11.37,84.26,103.46
2007-11-15,2.224,117.5,9.07,44.99,63.44
2007-11-16,0.297,53.41,7.33,14.84,31.24
2007-11-17,0.102,9.31,6.88,0.0,2.43
2007-11-18,0.08,7.64,6.8,0.0,0.84
2007-11-19,0.069,7.63,6.82,0.0,0.81
2007-11-20,0.046,7.62,6.85,0.0,0.77
2007-11-21,0.041,7.56,6.77,0.0,0.79
2007-11-22,0.038,7.57,6.78,0.0,0.79
2007-11-23,0.031,7.58,6.81,0.0,0.77
2007-11-24,0.031,7.55,6.76,0.0,0.79
2007-11-25,0.028,7.57,6.79,0.0,0.78
2007-11-26,0.024,7.58,6.8,0.0,0.78
2007-11-27,0.018,7.61,6.85,0.0,0.76
2007-11-28,0.013,7.54,6.79,0.0,0.74
2007-11-29,0.013,7.63,6.85,0.0,0.78
2007-11-30,0.004,8.12,7.49,0.0,0.63
2007-12-01,0.001,7.12,6.53,0.0,0.59
2007-12-02,0.002,6.85,6.06,0.0,0.79
2007-12-03,0.008,7.51,6.71,0.0,0.8
2007-12-04,0.011,7.43,6.64,0.0,0.8
2007-12-05,0.011,7.61,6.86,0.0,0.75
2007-12-06,0.112,10.43,4.47,2.05,3.91
2007-12-07,0.924,16.45,6.95,3.92,5.58
2007-12-08,1.639,103.9,8.62,39.59,55.69
2007-12-09,0.448,76.67,7.49,25.94,43.25
2007-12-10,0.097,11.7,6.95,0.0,4.75
2007-12-11,4.931,215.78,12.17,91.77,111.84
2007-12-12,0.809,74.38,7.45,28.63,38.31
2007-12-13,0.183,12.29,6.95,0.0,5.35
2007-12-14,0.133,7.77,6.8,0.0,0.96
2007-12-15,0.116,7.64,6.78,0.0,0.86
2007-12-16,0.103,7.63,6.79,0.0,0.84
2007-12-17,0.092,7.61,6.78,0.0,0.83
2007-12-18,0.086,7.59,6.77,0.0,0.83
2007-12-19,0.078,7.62,6.8,0.0,0.82
2007-12-20,0.062,7.64,6.85,0.0,0.8
2007-12-21,1.524,57.24,7.82,20.99,28.44
2007-12-22,7.61,485.66,18.16,204.78,262.72
2007-12-23,0.466,158.72,7.28,61.92,89.53
2007-12-24,7.62,233.17,14.93,96.48,121.77
2007-12-25,0.727,48.47,7.15,17.6,23.72
2007-12-26,0.345,10.02,6.88,0.57,2.57
2007-12-27,0.262,7.87,6.79,0.0,1.08
2007-12-28,0.244,7.77,6.77,0.0,1.0
2007-12-29,0.227,7.75,6.77,0.0,0.98
2007-12-30,0.207,7.75,6.79,0.0,0.96
2007-12-31,0.175,7.72,6.8,0.0,0.92
2008-01-01,0.159,7.66,6.76,0.0,0.9
2008-01-02,0.156,7.67,6.77,0.0,0.9
2008-01-03,0.147,7.66,6.77,0.0,0.89
2008-01-04,21.598,456.91,25.04,187.73,244.14
2008-01-05,6.845,150.35,13.27,59.36,77.72
2008-01-06,2.424,35.12,8.45,11.53,15.13
2008-01-07,2.28,18.97,7.51,4.95,6.51
2008-01-08,2.759,21.97,8.6,5.77,7.6
2008-01-09,1.545,12.95,6.97,2.58,3.4
2008-01-10,2.1,13.26,7.04,2.68,3.53
2008-01-11,1.238,9.91,6.9,1.3,1.71
2008-01-12,0.906,8.85,6.81,0.88,1.16
2008-01-13,0.761,8.8,6.8,0.86,1.14
2008-01-14,0.647,8.58,6.8,0.64,1.14
2008-01-15,0.555,8.28,6.8,0.35,1.14
2008-01-16,0.471,8.19,6.81,0.24,1.14
2008-01-17,0.391,7.99,6.79,0.07,1.13
2008-01-18,0.349,7.94,6.79,0.01,1.13
2008-01-19,0.308,7.89,6.79,0.01,1.1
2008-01-20,0.266,7.85,6.81,0.0,1.04
2008-01-21,1.082,25.97,6.75,8.21,11.01
2008-01-22,1.269,21.56,7.2,6.13,8.23
2008-01-23,1.613,18.67,7.08,4.96,6.63
2008-01-24,2.93,28.18,8.79,8.35,11.04
2008-01-25,20.766,203.02,21.21,73.4,108.41
2008-01-26,6.966,62.81,12.79,18.54,31.48
2008-01-27,8.975,103.89,15.73,36.7,51.45
2008-01-28,4.927,28.42,10.77,7.4,10.26
2008-01-29,2.3,9.58,7.02,1.1,1.45
2008-01-30,2.771,14.78,7.87,2.98,3.93
2008-01-31,4.421,51.84,11.12,16.88,23.84
2008-02-01,5.413,144.87,12.01,58.31,74.55
2008-02-02,3.828,32.05,9.06,10.02,12.97
2008-02-03,5.202,33.61,10.99,9.56,13.06
2008-02-04,1.906,12.9,7.01,2.49,3.4
2008-02-05,1.315,9.0,6.84,0.93,1.23
2008-02-06,0.983,8.84,6.83,0.87,1.14
2008-02-07,0.752,8.76,6.83,0.8,1.13
2008-02-08,0.592,8.38,6.82,0.43,1.14
2008-02-09,0.472,8.21,6.82,0.26,1.14
2008-02-10,0.384,8.01,6.81,0.06,1.13
2008-02-11,0.319,7.92,6.81,0.01,1.11
2008-02-12,0.268,7.84,6.8,0.0,1.04
2008-02-13,0.224,7.8,6.81,0.0,0.98
2008-02-14,0.167,7.72,6.82,0.0,0.91
2008-02-15,0.156,7.67,6.78,0.0,0.9
2008-02-16,0.139,7.67,6.79,0.0,0.88
2008-02-17,0.12,7.65,6.79,0.0,0.86
2008-02-18,0.102,7.64,6.8,0.0,0.84
2008-02-19,0.507,39.05,5.68,14.35,19.03
2008-02-20,3.064,48.68,9.29,17.0,22.4
2008-02-21,1.914,31.79,7.68,10.36,13.75
2008-02-22,2.354,31.38,8.04,10.07,13.27
2008-02-23,1.824,23.44,7.76,6.73,8.94
2008-02-24,3.634,29.24,9.46,8.54,11.24
2008-02-25,1.282,13.37,6.96,2.77,3.64
2008-02-26,0.728,8.98,6.87,0.83,1.28
2008-02-27,0.53,8.31,6.83,0.34,1.14
2008-02-28,0.407,8.1,6.83,0.14,1.13
2008-02-29,0.318,7.94,6.82,0.01,1.11
2008-03-01,0.248,7.86,6.83,0.0,1.02
2008-03-02,0.185,7.74,6.81,0.0,0.93
2008-03-03,0.162,7.7,6.8,0.0,0.9
2008-03-04,0.135,7.68,6.81,0.0,0.87
2008-03-05,0.112,7.65,6.8,0.0,0.85
2008-03-06,0.097,7.62,6.79,0.0,0.84
2008-03-07,0.085,7.63,6.81,0.0,0.82
2008-03-08,0.071,7.6,6.79,0.0,0.81
2008-03-09,0.063,7.59,6.79,0.0,0.8
2008-03-10,0.057,7.58,6.78,0.0,0.8
2008-03-11,0.05,7.59,6.8,0.0,0.79
2008-03-12,0.041,7.58,6.81,0.0,0.78
2008-03-13,0.037,7.56,6.77,0.0,0.78
2008-03-14,0.03,7.64,6.87,0.0,0.76
2008-03-15,0.018,7.64,6.91,0.0,0.73
2008-03-16,0.01,7.42,6.72,0.0,0.71
2008-03-17,0.017,7.46,6.66,0.0,0.79
2008-03-18,0.021,7.51,6.73,0.0,0.78
2008-03-19,0.021,7.55,6.78,0.0,0.77
2008-03-20,0.015,7.67,6.93,0.0,0.74
2008-03-21,0.008,7.5,6.78,0.0,0.72
2008-03-22,0.01,7.49,6.72,0.0,0.77
2008-03-23,0.01,7.55,6.8,0.0,0.75
2008-03-24,0.009,7.53,6.78,0.0,0.75
2008-03-25,0.008,7.57,6.81,0.0,0.76
2008-03-26,0.006,7.63,6.9,0.0,0.74
2008-03-27,0.002,7.92,7.28,0.0,0.64
2008-03-28,0.001,6.56,5.88,0.0,0.68
2008-03-29,0.003,7.74,6.94,0.0,0.8
2008-03-30,0.0,7.93,7.63,0.0,0.31
2008-03-31,0.0,4.98,4.47,0.0,0.51
2008-04-01,0.001,7.37,6.59,0.0,0.78
2008-04-02,0.002,7.53,6.77,0.0,0.76
2008-04-03,0.002,7.53,6.78,0.0,0.75
2008-04-04,0.001,7.79,7.05,0.0,0.74
2008-04-05,0.0,7.87,7.66,0.0,0.2
2008-04-06,0.0,7.7,7.66,0.0,0.04
2008-04-07,0.0,7.67,7.66,0.0,0.01
2008-04-08,0.0,0.0,0.0,0.0,0.0
2008-04-09,0.0,7.62,6.8,0.02,0.81
2008-04-10,0.0,4.53,4.0,0.0,0.53
2008-04-11,0.0,7.63,6.84,0.0,0.79
2008-04-12,0.0,7.65,6.99,0.0,0.65
2008-04-13,0.0,7.69,6.95,0.0,0.74
2008-04-14,0.0,7.85,7.66,0.0,0.19
2008-04-15,0.0,7.7,7.66,0.0,0.03
2008-04-16,0.0,0.0,0.0,0.0,0.0
2008-04-17,0.0,0.0,0.0,0.0,0.0
2008-04-18,0.0,0.0,0.0,0.0,0.0
2008-04-19,0.0,0.0,0.0,0.0,0.0
2008-04-20,0.0,0.0,0.0,0.0,0.0
2008-04-21,0.0,0.0,0.0,0.0,0.0
2008-04-22,0.0,0.0,0.0,0.0,0.0
2008-04-23,0.0,0.0,0.0,0.0,0.0
2008-04-24,0.0,0.0,0.0,0.0,0.0
2008-04-25,0.0,0.0,0.0,0.0,0.0
2008-04-26,0.0,0.0,0.0,0.0,0.0
2008-04-27,0.0,0.0,0.0,0.0,0.0
2008-04-28,0.0,0.0,0.0,0.0,0.0
2008-04-29,0.0,0.0,0.0,0.0,0.0
2008-04-30,0.0,0.0,0.0,0.0,0.0
2008-05-01,0.0,0.0,0.0,0.0,0.0
2008-05-02,0.0,0.0,0.0,0.0,0.0
2008-05-03,0.0,0.0,0.0,0.0,0.0
2008-05-04,0.0,0.0,0.0,0.0,0.0
2008-05-05,0.0,0.0,0.0,0.0,0.0
2008-05-06,0.0,0.0,0.0,0.0,0.0
2008-05-07,0.0,0.0,0.0,0.0,0.0
2008-05-08,0.0,0.0,0.0,0.0,0.0
2008-05-09,0.0,0.0,0.0,0.0,0.0
2008-05-10,0.0,0.0,0.0,0.0,0.0
2008-05-11,0.0,0.0,0.0,0.0,0.0
2008-05-12,0.0,0.0,0.0,0.0,0.0
2008-05-13,0.0,0.0,0.0,0.0,0.0
2008-05-14,0.0,0.0,0.0,0.0,0.0
2008-05-15,0.0,0.0,0.0,0.0,0.0
2008-05-16,0.0,0.0,0.0,0.0,0.0
2008-05-17,0.0,0.0,0.0,0.0,0.0
2008-05-18,0.0,0.0,0.0,0.0,0.0
2008-05-19,0.0,0.0,0.0,0.0,0.0
2008-05-20,0.0,0.0,0.0,0.0,0.0
2008-05-21,0.0,0.0,0.0,0.0,0.0
2008-05-22,0.0,0.0,0.0,0.0,0.0
2008-05-23,0.0,0.0,0.0,0.0,0.0
2008-05-24,0.0,0.0,0.0,0.0,0.0
2008-05-25,0.0,0.0,0.0,0.0,0.0
2008-05-26,0.0,0.0,0.0,0.0,0.0
2008-05-27,0.0,0.0,0.0,0.0,0.0
2008-05-28,0.0,0.0,0.0,0.0,0.0
2008-05-29,0.0,0.0,0.0,0.0,0.0
2008-05-30,0.0,0.0,0.0,0.0,0.0
2008-05-31,0.0,0.0,0.0,0.0,0.0
2008-06-01,0.0,0.0,0.0,0.0,0.0
2008-06-02,0.0,0.0,0.0,0.0,0.0
2008-06-03,0.0,0.0,0.0,0.0,0.0
2008-06-04,0.0,0.0,0.0,0.0,0.0
2008-06-05,0.0,0.0,0.0,0.0,0.0
2008-06-06,0.0,0.0,0.0,0.0,0.0
2008-06-07,0.0,0.0,0.0,0.0,0.0
2008-06-08,0.0,0.0,0.0,0.0,0.0
2008-06-09,0.0,0.0,0.0,0.0,0.0
2008-06-10,0.0,0.0,0.0,0.0,0.0
2008-06-11,0.0,0.0,0.0,0.0,0.0
2008-06-12,0.0,0.0,0.0,0.0,0.0
2008-06-13,0.0,0.0,0.0,0.0,0.0
2008-06-14,0.0,0.0,0.0,0.0,0.0
2008-06-15,0.0,0.0,0.0,0.0,0.0
2008-06-16,0.0,0.0,0.0,0.0,0.0
2008-06-17,0.0,0.0,0.0,0.0,0.0
2008-06-18,0.0,0.0,0.0,0.0,0.0
2008-06-19,0.0,0.0,0.0,0.0,0.0
2008-06-20,0.0,0.0,0.0,0.0,0.0
2008-06-21,0.0,0.0,0.0,0.0,0.0
2008-06-22,0.0,0.0,0.0,0.0,0.0
2008-06-23,0.0,0.0,0.0,0.0,0.0
2008-06-24,0.0,0.0,0.0,0.0,0.0
2008-06-25,0.0,0.0,0.0,0.0,0.0
2008-06-26,0.0,0.0,0.0,0.0,0.0
2008-06-27,0.0,0.0,0.0,0.0,0.0
2008-06-28,0.0,0.0,0.0,0.0,0.0
2008-06-29,0.0,0.0,0.0,0.0,0.0
2008-06-30,0.0,0.0,0.0,0.0,0.0
2008-07-01,0.0,0.0,0.0,0.0,0.0
2008-07-02,0.0,0.0,0.0,0.0,0.0
2008-07-03,0.0,0.0,0.0,0.0,0.0
2008-07-04,0.0,0.0,0.0,0.0,0.0
2008-07-05,0.0,0.0,0.0,0.0,0.0
2008-07-06,0.0,0.0,0.0,0.0,0.0
2008-07-07,0.0,0.0,0.0,0.0,0.0
2008-07-08,0.0,0.0,0.0,0.0,0.0
2008-07-09,0.0,0.0,0.0,0.0,0.0
2008-07-10,0.0,0.0,0.0,0.0,0.0
2008-07-11,0.0,0.0,0.0,0.0,0.0
2008-07-12,0.0,0.0,0.0,0.0,0.0
2008-07-13,0.0,0.0,0.0,0.0,0.0
2008-07-14,0.0,0.0,0.0,0.0,0.0
2008-07-15,0.0,0.0,0.0,0.0,0.0
2008-07-16,0.0,0.0,0.0,0.0,0.0
2008-07-17,0.0,0.0,0.0,0.0,0.0
2008-07-18,0.0,0.0,0.0,0.0,0.0
2008-07-19,0.0,0.0,0.0,0.0,0.0
2008-07-20,0.0,0.0,0.0,0.0,0.0
2008-07-21,0.0,0.0,0.0,0.0,0.0
2008-07-22,0.0,0.0,0.0,0.0,0.0
2008-07-23,0.0,0.0,0.0,0.0,0.0
2008-07-24,0.0,0.0,0.0,0.0,0.0
2008-07-25,0.0,0.0,0.0,0.0,0.0
2008-07-26,0.0,0.0,0.0,0.0,0.0
2008-07-27,0.0,0.0,0.0,0.0,0.0
2008-07-28,0.0,0.0,0.0,0.0,0.0
2008-07-29,0.0,0.0,0.0,0.0,0.0
2008-07-30,0.0,0.0,0.0,0.0,0.0
2008-07-31,0.0,0.0,0.0,0.0,0.0
2008-08-01,0.0,0.0,0.0,0.0,0.0
2008-08-02,0.0,0.0,0.0,0.0,0.0
2008-08-03,0.0,0.0,0.0,0.0,0.0
2008-08-04,0.0,0.0,0.0,0.0,0.0
2008-08-05,0.0,0.0,0.0,0.0,0.0
2008-08-06,0.0,0.0,0.0,0.0,0.0
2008-08-07,0.0,0.0,0.0,0.0,0.0
2008-08-08,0.0,0.0,0.0,0.0,0.0
2008-08-09,0.0,0.0,0.0,0.0,0.0
2008-08-10,0.0,0.0,0.0,0.0,0.0
2008-08-11,0.0,0.0,0.0,0.0,0.0
2008-08-12,0.0,0.0,0.0,0.0,0.0
2008-08-13,0.0,0.0,0.0,0.0,0.0
2008-08-14,0.0,0.0,0.0,0.0,0.0
2008-08-15,0.0,0.0,0.0,0.0,0.0
2008-08-16,0.0,0.0,0.0,0.0,0.0
2008-08-17,0.0,0.0,0.0,0.0,0.0
2008-08-18,0.0,0.0,0.0,0.0,0.0
2008-08-19,0.0,0.0,0.0,0.0,0.0
2008-08-20,0.0,0.0,0.0,0.0,0.0
2008-08-21,0.0,0.0,0.0,0.0,0.0
2008-08-22,0.0,0.0,0.0,0.0,0.0
2008-08-23,0.0,0.0,0.0,0.0,0.0
2008-08-24,0.0,0.0,0.0,0.0,0.0
2008-08-25,0.0,0.0,0.0,0.0,0.0
2008-08-26,0.0,0.0,0.0,0.0,0.0
2008-08-27,0.0,0.0,0.0,0.0,0.0
2008-08-28,0.0,0.0,0.0,0.0,0.0
2008-08-29,0.0,0.0,0.0,0.0,0.0
2008-08-30,0.0,0.0,0.0,0.0,0.0
2008-08-31,0.0,0.0,0.0,0.0,0.0
2008-09-01,0.0,0.0,0.0,0.0,0.0
2008-09-02,0.0,0.0,0.0,0.0,0.0
2008-09-03,0.0,0.0,0.0,0.0,0.0
2008-09-04,0.0,0.0,0.0,0.0,0.0
2008-09-05,0.0,0.0,0.0,0.0,0.0
2008-09-06,0.0,0.0,0.0,0.0,0.0
2008-09-07,0.0,0.0,0.0,0.0,0.0
2008-09-08,0.0,0.0,0.0,0.0,0.0
2008-09-09,0.0,0.0,0.0,0.0,0.0
2008-09-10,0.0,0.0,0.0,0.0,0.0
2008-09-11,0.0,0.0,0.0,0.0,0.0
2008-09-12,0.0,0.0,0.0,0.0,0.0
2008-09-13,0.0,0.0,0.0,0.0,0.0
2008-09-14,0.0,0.0,0.0,0.0,0.0
2008-09-15,0.0,0.0,0.0,0.0,0.0
2008-09-16,0.0,0.0,0.0,0.0,0.0
2008-09-17,0.0,0.0,0.0,0.0,0.0
2008-09-18,0.0,0.0,0.0,0.0,0.0
2008-09-19,0.0,0.0,0.0,0.0,0.0
2008-09-20,0.0,0.0,0.0,0.0,0.0
2008-09-21,0.0,0.0,0.0,0.0,0.0
2008-09-22,0.0,0.0,0.0,0.0,0.0
2008-09-23,0.0,0.0,0.0,0.0,0.0
2008-09-24,0.0,0.0,0.0,0.0,0.0
2008-09-25,0.0,0.0,0.0,0.0,0.0
2008-09-26,0.0,0.0,0.0,0.0,0.0
2008-09-27,0.0,0.0,0.0,0.0,0.0
2008-09-28,0.0,0.0,0.0,0.0,0.0
2008-09-29,0.0,0.0,0.0,0.0,0.0
2008-09-30,0.0,0.0,0.0,0.0,0.0
2008-10-01,0.0,0.0,0.0,0.0,0.0
2008-10-02,0.0,0.0,0.0,0.0,0.0
2008-10-03,0.0,0.0,0.0,0.0,0.0
2008-10-04,2.903,73.15,10.31,26.17,36.68
2008-10-05,0.51,51.53,7.55,16.62,27.37
2008-10-06,0.078,11.29,7.04,0.0,4.25
2008-10-07,0.048,7.67,6.83,0.0,0.84
2008-10-08,0.039,7.59,6.81,0.0,0.78
2008-10-09,0.023,7.74,7.0,0.0,0.73
2008-10-10,0.007,7.88,7.24,0.0,0.64
2008-10-11,0.005,6.99,6.25,0.0,0.73
2008-10-12,0.012,7.41,6.62,0.0,0.78
2008-10-13,0.019,7.5,6.71,0.0,0.79
2008-10-14,0.02,7.53,6.76,0.0,0.78
2008-10-15,0.019,7.55,6.78,0.0,0.77
2008-10-16,0.017,7.55,6.79,0.0,0.76
2008-10-17,0.016,7.54,6.78,0.0,0.77
2008-10-18,0.014,7.52,6.76,0.0,0.76
2008-10-19,0.013,7.6,6.83,0.0,0.76
2008-10-20,0.009,7.53,6.8,0.0,0.73
2008-10-21,0.01,7.53,6.76,0.0,0.77
2008-10-22,0.008,7.54,6.79,0.0,0.75
2008-10-23,0.008,7.54,6.78,0.0,0.76
2008-10-24,0.007,7.53,6.77,0.0,0.76
2008-10-25,0.007,7.52,6.76,0.0,0.76
2008-10-26,0.006,7.54,6.78,0.0,0.76
2008-10-27,0.006,7.54,6.79,0.0,0.75
2008-10-28,0.005,7.52,6.77,0.0,0.76
2008-10-29,0.004,7.58,6.83,0.0,0.75
2008-10-30,0.003,7.55,6.82,0.0,0.73
2008-10-31,0.004,7.45,6.68,0.0,0.77
2008-11-01,11.148,112.56,18.23,37.3,57.02
2008-11-02,1.804,47.81,7.73,16.31,23.77
2008-11-03,4.523,48.57,10.97,15.51,22.09
2008-11-04,1.995,30.38,7.54,9.49,13.35
2008-11-05,0.761,14.52,7.05,3.02,4.45
2008-11-06,0.477,8.48,6.81,0.38,1.29
2008-11-07,0.41,8.07,6.79,0.13,1.14
2008-11-08,0.359,7.95,6.79,0.02,1.13
2008-11-09,0.302,7.89,6.8,0.01,1.09
2008-11-10,0.269,7.82,6.78,0.0,1.03
2008-11-11,0.242,7.79,6.78,0.0,1.0
2008-11-12,0.215,7.75,6.79,0.0,0.96
2008-11-13,0.19,7.73,6.79,0.0,0.93
2008-11-14,0.165,7.71,6.8,0.0,0.91
2008-11-15,0.144,7.67,6.78,0.0,0.88
2008-11-16,0.13,7.65,6.78,0.0,0.87
2008-11-17,0.117,7.64,6.79,0.0,0.86
2008-11-18,0.105,7.63,6.78,0.0,0.84
2008-11-19,0.093,7.62,6.79,0.0,0.83
2008-11-20,0.082,7.61,6.78,0.0,0.82
2008-11-21,0.067,7.63,6.83,0.0,0.8
2008-11-22,0.058,7.57,6.77,0.0,0.8
2008-11-23,0.055,7.58,6.78,0.0,0.8
2008-11-24,0.052,7.58,6.78,0.0,0.8
2008-11-25,0.046,7.57,6.78,0.0,0.79
2008-11-26,0.043,7.56,6.77,0.0,0.79
2008-11-27,0.035,7.61,6.84,0.0,0.77
2008-11-28,0.029,7.55,6.78,0.0,0.77
2008-11-29,0.026,7.55,6.78,0.0,0.77
2008-11-30,0.024,7.55,6.77,0.0,0.77
2008-12-01,0.023,7.56,6.78,0.0,0.78
2008-12-02,0.02,7.55,6.79,0.0,0.77
2008-12-03,0.016,7.61,6.85,0.0,0.76
2008-12-04,0.011,7.52,6.78,0.0,0.73
2008-12-05,0.011,7.61,6.84,0.0,0.77
2008-12-06,0.007,7.54,6.79,0.0,0.75
2008-12-07,0.007,7.62,6.85,0.0,0.77
2008-12-08,0.004,7.7,6.98,0.0,0.72
2008-12-09,0.002,7.81,7.1,0.0,0.71
2008-12-10,0.0,6.82,6.3,0.0,0.52
2008-12-11,0.0,7.67,6.89,0.0,0.78
2008-12-12,0.0,8.04,7.32,0.0,0.73
2008-12-13,0.0,7.81,7.66,0.0,0.15
2008-12-14,1.773,79.86,10.35,28.87,40.63
2008-12-15,2.068,45.87,7.56,15.81,22.49
2008-12-16,2.753,38.88,8.8,12.97,17.12
2008-12-17,0.382,19.59,7.24,4.51,7.84
2008-12-18,0.179,8.06,6.82,0.0,1.24
2008-12-19,0.953,30.31,6.65,10.16,13.5
2008-12-20,0.273,13.73,7.09,1.62,5.02
2008-12-21,2.43,37.48,9.46,12.07,15.94
2008-12-22,1.626,24.57,7.84,7.19,9.54
2008-12-23,1.048,19.47,7.03,5.29,7.15
2008-12-24,1.564,23.92,7.03,7.23,9.66
2008-12-25,5.881,59.6,12.04,19.77,27.79
2008-12-26,0.84,16.64,7.05,3.91,5.68
2008-12-27,0.529,8.62,6.81,0.46,1.35
2008-12-28,0.451,8.18,6.79,0.24,1.14
2008-12-29,0.389,7.99,6.8,0.06,1.14
2008-12-30,0.331,7.94,6.8,0.01,1.12
2008-12-31,0.28,7.85,6.79,0.0,1.05
2009-01-01,0.245,7.8,6.79,0.0,1.01
2009-01-02,0.215,7.76,6.8,0.0,0.97
2009-01-03,0.167,7.74,6.83,0.0,0.91
2009-01-04,0.143,7.67,6.79,0.0,0.88
2009-01-05,0.128,7.65,6.78,0.0,0.87
2009-01-06,0.116,7.62,6.77,0.0,0.85
2009-01-07,0.109,7.64,6.79,0.0,0.85
2009-01-08,0.095,7.63,6.8,0.0,0.83
2009-01-09,0.076,7.63,6.82,0.0,0.81
2009-01-10,0.054,7.63,6.84,0.0,0.78
2009-01-11,0.052,7.57,6.77,0.0,0.8
2009-01-12,0.047,7.58,6.79,0.0,0.79
2009-01-13,0.041,7.57,6.79,0.0,0.78
2009-01-14,0.036,7.57,6.79,0.0,0.78
2009-01-15,0.03,7.59,6.82,0.0,0.77
2009-01-16,0.026,7.54,6.77,0.0,0.77
2009-01-17,0.023,7.57,6.8,0.0,0.77
2009-01-18,0.02,7.58,6.82,0.0,0.77
2009-01-19,0.015,7.56,6.81,0.0,0.76
2009-01-20,0.013,7.59,6.82,0.0,0.77
2009-01-21,0.013,7.51,6.73,0.0,0.78
2009-01-22,2.23,50.61,8.55,17.96,24.09
2009-01-23,1.322,21.07,6.62,6.17,8.27
2009-01-24,0.544,16.12,7.35,3.45,5.32
2009-01-25,0.154,8.25,6.97,0.0,1.28
2009-01-26,0.105,7.65,6.81,0.0,0.84
2009-01-27,0.093,7.6,6.77,0.0,0.83
2009-01-28,0.091,7.6,6.76,0.0,0.83
2009-01-29,0.083,7.62,6.79,0.0,0.82
2009-01-30,0.073,7.59,6.78,0.0,0.81
2009-01-31,0.067,7.59,6.78,0.0,0.81
2009-02-01,0.059,7.59,6.8,0.0,0.8
2009-02-02,0.051,7.58,6.79,0.0,0.79
2009-02-03,0.046,7.58,6.79,0.0,0.79
2009-02-04,0.041,7.57,6.79,0.0,0.78
2009-02-05,0.038,7.56,6.77,0.0,0.78
2009-02-06,1.254,26.77,6.22,8.86,11.69
2009-02-07,1.074,29.4,7.71,9.24,12.45
2009-02-08,0.894,32.35,7.15,10.65,14.56
2009-02-09,1.359,34.27,7.33,11.59,15.35
2009-02-10,0.333,13.3,6.22,2.01,5.07
2009-02-11,2.633,35.25,8.02,11.74,15.5
2009-02-12,1.228,25.07,7.75,7.43,9.89
2009-02-13,4.881,48.89,10.24,16.41,22.24
2009-02-14,2.342,27.67,9.19,7.95,10.53
2009-02-15,12.947,76.92,16.11,23.65,37.16
2009-02-16,12.697,78.95,17.72,22.31,38.92
2009-02-17,9.437,46.74,13.74,13.52,19.48
2009-02-18,2.885,14.71,8.58,2.62,3.5
2009-02-19,1.9,8.94,6.83,0.91,1.2
2009-02-20,1.446,8.83,6.83,0.86,1.14
2009-02-21,1.107,8.83,6.83,0.86,1.14
2009-02-22,12.387,79.56,16.28,25.9,37.38
2009-02-23,4.898,30.25,10.43,8.22,11.6
2009-02-24,6.604,58.56,13.48,18.36,26.72
2009-02-25,2.175,18.02,7.08,4.56,6.38
2009-02-26,2.716,20.39,8.2,5.26,6.93
2009-02-27,1.248,10.06,6.89,1.37,1.8
2009-02-28,0.872,8.88,6.84,0.88,1.16
2009-03-01,2.456,24.42,8.21,6.98,9.23
2009-03-02,6.233,58.2,13.06,18.34,26.8
2009-03-03,7.117,43.25,11.89,13.01,18.35
2009-03-04,2.761,20.12,9.1,4.72,6.3
2009-03-05,8.164,148.7,15.03,58.68,74.98
2009-03-06,1.678,18.37,6.9,5.06,6.41
2009-03-07,1.133,9.28,6.85,1.05,1.37
2009-03-08,0.815,8.83,6.85,0.84,1.15
2009-03-09,0.573,8.42,6.85,0.43,1.13
2009-03-10,0.434,8.15,6.82,0.19,1.13
2009-03-11,0.342,7.96,6.82,0.02,1.13
2009-03-12,0.271,7.87,6.82,0.0,1.05
2009-03-13,0.214,7.79,6.82,0.0,0.97
2009-03-14,0.165,7.74,6.83,0.0,0.91
2009-03-15,0.136,7.66,6.79,0.0,0.87
2009-03-16,0.116,7.65,6.8,0.0,0.85
2009-03-17,0.096,7.64,6.81,0.0,0.83
2009-03-18,0.078,7.62,6.81,0.0,0.81
2009-03-19,0.066,7.6,6.8,0.0,0.8
2009-03-20,0.057,7.58,6.79,0.0,0.79
2009-03-21,0.049,7.6,6.82,0.0,0.78
2009-03-22,0.213,11.39,6.67,0.3,4.41
2009-03-23,0.059,8.35,7.03,0.0,1.32
2009-03-24,0.047,7.5,6.72,0.0,0.79
2009-03-25,0.048,7.58,6.8,0.0,0.79
2009-03-26,0.042,7.55,6.78,0.0,0.77
2009-03-27,0.037,7.56,6.79,0.0,0.77
2009-03-28,0.034,7.56,6.79,0.0,0.77
2009-03-29,0.026,7.62,6.87,0.0,0.75
2009-03-30,0.018,7.5,6.77,0.0,0.74
2009-03-31,0.02,7.53,6.76,0.0,0.77
2009-04-01,0.016,7.56,6.81,0.0,0.74
2009-04-02,0.015,7.58,6.82,0.0,0.76
2009-04-03,0.008,7.58,6.89,0.0,0.7
2009-04-04,0.008,7.48,6.72,0.0,0.76
2009-04-05,0.008,7.53,6.78,0.0,0.75
2009-04-06,0.008,7.55,6.8,0.0,0.75
2009-04-07,0.008,7.47,6.71,0.0,0.76
2009-04-08,0.205,14.59,6.47,1.96,6.15
2009-04-09,0.155,10.06,6.95,0.0,3.1
2009-04-10,0.051,8.21,7.17,0.0,1.04
2009-04-11,0.021,7.57,6.86,0.0,0.71
2009-04-12,0.02,7.53,6.76,0.0,0.77
2009-04-13,0.017,7.65,6.9,0.0,0.75
2009-04-14,0.004,8.02,7.43,0.0,0.59
2009-04-15,0.001,5.96,5.49,0.0,0.47
2009-04-16,0.005,7.45,6.66,0.0,0.79
2009-04-17,0.006,7.48,6.73,0.0,0.75
2009-04-18,0.006,7.54,6.79,0.0,0.75
2009-04-19,0.005,7.54,6.8,0.0,0.74
2009-04-20,0.004,7.57,6.83,0.0,0.74
2009-04-21,0.003,7.56,6.83,0.0,0.73
2009-04-22,0.003,7.55,6.81,0.0,0.74
2009-04-23,0.002,7.67,6.93,0.0,0.74
2009-04-24,0.0,7.91,7.38,0.0,0.53
2009-04-25,0.0,7.72,7.34,0.0,0.38
2009-04-26,0.0,5.33,4.84,0.0,0.49
2009-04-27,0.0,8.1,7.29,0.0,0.81
2009-04-28,0.0,7.82,7.66,0.0,0.15
2009-04-29,0.0,7.69,7.66,0.0,0.03
2009-04-30,0.0,0.0,0.0,0.0,0.0
2009-05-01,0.0,5.03,4.35,0.07,0.62
2009-05-02,0.359,28.55,6.5,9.06,12.98
2009-05-03,0.552,19.37,6.73,4.67,7.97
2009-05-04,0.153,11.83,7.31,0.25,4.27
2009-05-05,2.672,35.67,8.67,11.65,15.36
2009-05-06,0.388,16.25,7.22,3.27,5.76
2009-05-07,0.174,8.01,6.85,0.0,1.15
2009-05-08,0.136,7.69,6.81,0.0,0.88
2009-05-09,0.115,7.65,6.8,0.0,0.85
2009-05-10,0.098,7.64,6.8,0.0,0.83
2009-05-11,0.083,7.61,6.79,0.0,0.82
2009-05-12,0.071,7.62,6.81,0.0,0.81
2009-05-13,0.059,7.6,6.8,0.0,0.8
2009-05-14,0.052,7.57,6.78,0.0,0.79
2009-05-15,0.046,7.59,6.8,0.0,0.79
2009-05-16,0.037,7.59,6.82,0.0,0.77
2009-05-17,0.03,7.59,6.82,0.0,0.77
2009-05-18,0.025,7.55,6.78,0.0,0.77
2009-05-19,0.022,7.58,6.81,0.0,0.77
2009-05-20,0.018,7.57,6.81,0.0,0.76
2009-05-21,0.015,7.56,6.8,0.0,0.76
2009-05-22,0.013,7.54,6.78,0.0,0.76
2009-05-23,0.011,7.56,6.8,0.0,0.76
2009-05-24,0.008,7.57,6.82,0.0,0.75
2009-05-25,0.007,7.58,6.82,0.0,0.76
2009-05-26,0.006,7.55,6.79,0.0,0.75
2009-05-27,0.005,7.55,6.79,0.0,0.76
2009-05-28,0.004,7.55,6.8,0.0,0.75
2009-05-29,0.003,7.54,6.79,0.0,0.75
2009-05-30,0.003,7.56,6.81,0.0,0.75
2009-05-31,0.002,7.56,6.82,0.0,0.74
2009-06-01,0.002,7.52,6.78,0.0,0.74
2009-06-02,0.002,7.55,6.81,0.0,0.75
2009-06-03,0.001,7.67,6.92,0.0,0.75
2009-06-04,0.0,7.54,6.85,0.0,0.69
2009-06-05,0.0,7.52,6.78,0.0,0.74
2009-06-06,0.0,7.47,6.73,0.0,0.74
2009-06-07,0.0,7.65,6.89,0.0,0.76
2009-06-08,0.0,7.86,7.66,0.0,0.2
2009-06-09,0.0,7.47,6.7,0.0,0.78
2009-06-10,0.0,7.74,7.31,0.0,0.43
2009-06-11,0.0,7.8,7.66,0.0,0.13
2009-06-12,0.0,7.69,7.66,0.0,0.03
2009-06-13,0.0,0.0,0.0,0.0,0.0
2009-06-14,0.0,0.0,0.0,0.0,0.0
2009-06-15,0.0,0.0,0.0,0.0,0.0
2009-06-16,0.0,0.0,0.0,0.0,0.0
2009-06-17,0.0,0.0,0.0,0.0,0.0
2009-06-18,0.0,0.0,0.0,0.0,0.0
2009-06-19,0.0,0.0,0.0,0.0,0.0
2009-06-20,0.0,0.0,0.0,0.0,0.0
2009-06-21,0.0,0.0,0.0,0.0,0.0
2009-06-22,0.0,0.0,0.0,0.0,0.0
2009-06-23,0.0,0.0,0.0,0.0,0.0
2009-06-24,0.0,0.0,0.0,0.0,0.0
2009-06-25,0.0,0.0,0.0,0.0,0.0
2009-06-26,0.0,0.0,0.0,0.0,0.0
2009-06-27,0.0,0.0,0.0,0.0,0.0
2009-06-28,0.0,0.0,0.0,0.0,0.0
2009-06-29,0.0,0.0,0.0,0.0,0.0
2009-06-30,0.0,0.0,0.0,0.0,0.0
2009-07-01,0.0,0.0,0.0,0.0,0.0
2009-07-02,0.0,0.0,0.0,0.0,0.0
2009-07-03,0.0,0.0,0.0,0.0,0.0
2009-07-04,0.0,0.0,0.0,0.0,0.0
2009-07-05,0.0,0.0,0.0,0.0,0.0
2009-07-06,0.0,0.0,0.0,0.0,0.0
2009-07-07,0.0,0.0,0.0,0.0,0.0
2009-07-08,0.0,0.0,0.0,0.0,0.0
2009-07-09,0.0,0.0,0.0,0.0,0.0
2009-07-10,0.0,0.0,0.0,0.0,0.0
2009-07-11,0.0,0.0,0.0,0.0,0.0
2009-07-12,0.0,0.0,0.0,0.0,0.0
2009-07-13,0.0,0.0,0.0,0.0,0.0
2009-07-14,0.0,0.0,0.0,0.0,0.0
2009-07-15,0.0,0.0,0.0,0.0,0.0
2009-07-16,0.0,0.0,0.0,0.0,0.0
2009-07-17,0.0,0.0,0.0,0.0,0.0
2009-07-18,0.0,0.0,0.0,0.0,0.0
2009-07-19,0.0,0.0,0.0,0.0,0.0
2009-07-20,0.0,0.0,0.0,0.0,0.0
2009-07-21,0.0,0.0,0.0,0.0,0.0
2009-07-22,0.0,0.0,0.0,0.0,0.0
2009-07-23,0.0,0.0,0.0,0.0,0.0
2009-07-24,0.0,0.0,0.0,0.0,0.0
2009-07-25,0.0,0.0,0.0,0.0,0.0
2009-07-26,0.0,0.0,0.0,0.0,0.0
2009-07-27,0.0,0.0,0.0,0.0,0.0
2009-07-28,0.0,0.0,0.0,0.0,0.0
2009-07-29,0.0,0.0,0.0,0.0,0.0
2009-07-30,0.0,0.0,0.0,0.0,0.0
2009-07-31,0.0,0.0,0.0,0.0,0.0
2009-08-01,0.0,0.0,0.0,0.0,0.0
2009-08-02,0.0,0.0,0.0,0.0,0.0
2009-08-03,0.0,0.0,0.0,0.0,0.0
2009-08-04,0.0,0.0,0.0,0.0,0.0
2009-08-05,0.0,0.0,0.0,0.0,0.0
2009-08-06,0.0,0.0,0.0,0.0,0.0
2009-08-07,0.0,0.0,0.0,0.0,0.0
2009-08-08,0.0,0.0,0.0,0.0,0.0
2009-08-09,0.0,0.0,0.0,0.0,0.0
2009-08-10,0.0,0.0,0.0,0.0,0.0
2009-08-11,0.0,0.0,0.0,0.0,0.0
2009-08-12,0.0,0.0,0.0,0.0,0.0
2009-08-13,0.0,0.0,0.0,0.0,0.0
2009-08-14,0.0,0.0,0.0,0.0,0.0
2009-08-15,0.0,0.0,0.0,0.0,0.0
2009-08-16,0.0,0.0,0.0,0.0,0.0
2009-08-17,0.0,0.0,0.0,0.0,0.0
2009-08-18,0.0,0.0,0.0,0.0,0.0
2009-08-19,0.0,0.0,0.0,0.0,0.0
2009-08-20,0.0,0.0,0.0,0.0,0.0
2009-08-21,0.0,0.0,0.0,0.0,0.0
2009-08-22,0.0,0.0,0.0,0.0,0.0
2009-08-23,0.0,0.0,0.0,0.0,0.0
2009-08-24,0.0,0.0,0.0,0.0,0.0
2009-08-25,0.0,0.0,0.0,0.0,0.0
2009-08-26,0.0,0.0,0.0,0.0,0.0
2009-08-27,0.0,0.0,0.0,0.0,0.0
2009-08-28,0.0,0.0,0.0,0.0,0.0
2009-08-29,0.0,0.0,0.0,0.0,0.0
2009-08-30,0.0,0.0,0.0,0.0,0.0
2009-08-31,0.0,0.0,0.0,0.0,0.0
2009-09-01,0.0,0.0,0.0,0.0,0.0
2009-09-02,0.0,0.0,0.0,0.0,0.0
2009-09-03,0.0,0.0,0.0,0.0,0.0
2009-09-04,0.0,0.0,0.0,0.0,0.0
2009-09-05,0.0,0.0,0.0,0.0,0.0
2009-09-06,0.0,0.0,0.0,0.0,0.0
2009-09-07,0.0,0.0,0.0,0.0,0.0
2009-09-08,0.0,0.0,0.0,0.0,0.0
2009-09-09,0.0,0.0,0.0,0.0,0.0
2009-09-10,0.0,0.0,0.0,0.0,0.0
2009-09-11,0.0,0.0,0.0,0.0,0.0
2009-09-12,0.0,0.0,0.0,0.0,0.0
2009-09-13,0.0,0.0,0.0,0.0,0.0
2009-09-14,0.623,47.3,7.11,17.18,23.01
2009-09-15,0.102,21.63,7.59,0.17,13.87
2009-09-16,0.012,8.88,7.12,0.0,1.76
2009-09-17,0.007,7.54,6.79,0.0,0.75
2009-09-18,0.006,7.55,6.79,0.0,0.75
2009-09-19,0.006,7.5,6.74,0.0,0.75
2009-09-20,0.006,7.52,6.77,0.0,0.76
2009-09-21,0.005,7.54,6.79,0.0,0.75
2009-09-22,0.005,7.53,6.78,0.0,0.75
2009-09-23,0.004,7.55,6.81,0.0,0.75
2009-09-24,0.003,7.47,6.74,0.0,0.72
2009-09-25,0.003,7.53,6.76,0.0,0.76
2009-09-26,0.003,7.54,6.79,0.0,0.75
2009-09-27,0.003,7.6,6.85,0.0,0.75
2009-09-28,0.002,7.6,6.87,0.0,0.73
2009-09-29,0.0,7.94,7.62,0.0,0.32
2009-09-30,0.0,7.71,7.65,0.0,0.06
2009-10-01,0.0,3.95,3.72,0.0,0.23
2009-10-02,0.0,7.53,6.73,0.0,0.79
2009-10-03,0.0,7.88,7.66,0.0,0.21
2009-10-04,0.0,7.7,7.66,0.0,0.04
2009-10-05,0.0,7.67,7.66,0.0,0.01
2009-10-06,0.0,0.0,0.0,0.0,0.0
2009-10-07,0.0,6.59,6.28,0.09,0.22
2009-10-08,0.0,7.53,6.8,0.01,0.72
2009-10-09,0.0,0.0,0.0,0.0,0.0
2009-10-10,0.0,0.0,0.0,0.0,0.0
2009-10-11,0.0,0.0,0.0,0.0,0.0
2009-10-12,0.0,0.0,0.0,0.0,0.0
2009-10-13,26.113,235.33,25.41,91.17,118.75
2009-10-14,1.649,52.64,7.95,18.37,26.32
2009-10-15,0.588,11.98,6.92,1.86,3.2
2009-10-16,0.496,8.97,6.79,0.66,1.52
2009-10-17,0.372,8.02,6.81,0.05,1.16
2009-10-18,0.319,7.91,6.79,0.01,1.11
2009-10-19,4.468,116.08,13.95,45.47,56.66
2009-10-20,1.349,68.57,8.39,27.14,33.04
2009-10-21,0.449,12.81,6.88,2.25,3.69
2009-10-22,0.351,8.05,6.8,0.02,1.23
2009-10-23,0.301,7.89,6.79,0.01,1.09
2009-10-24,0.264,7.82,6.79,0.0,1.03
2009-10-25,0.23,7.78,6.79,0.0,0.98
2009-10-26,0.204,7.74,6.79,0.0,0.95
2009-10-27,0.149,7.78,6.88,0.0,0.89
2009-10-28,0.114,7.61,6.76,0.0,0.85
2009-10-29,0.125,7.61,6.74,0.0,0.87
2009-10-30,0.124,7.64,6.77,0.0,0.87
2009-10-31,0.113,7.64,6.78,0.0,0.85
2009-11-01,0.101,7.62,6.78,0.0,0.84
2009-11-02,0.09,7.62,6.79,0.0,0.83
2009-11-03,0.079,7.6,6.79,0.0,0.82
2009-11-04,0.072,7.59,6.78,0.0,0.81
2009-11-05,0.066,7.59,6.78,0.0,0.81
2009-11-06,0.06,7.58,6.78,0.0,0.8
2009-11-07,0.049,7.61,6.83,0.0,0.78
2009-11-08,0.04,7.56,6.78,0.0,0.78
2009-11-09,0.039,7.56,6.77,0.0,0.79
2009-11-10,0.037,7.56,6.77,0.0,0.78
2009-11-11,0.033,7.58,6.81,0.0,0.78
2009-11-12,0.021,7.66,6.93,0.0,0.74
2009-11-13,0.015,7.52,6.78,0.0,0.75
2009-11-14,0.018,7.51,6.73,0.0,0.79
2009-11-15,0.015,7.53,6.78,0.0,0.75
2009-11-16,0.014,7.54,6.78,0.0,0.76
2009-11-17,0.014,7.52,6.75,0.0,0.77
2009-11-18,0.008,7.79,7.08,0.0,0.72
2009-11-19,0.006,7.35,6.61,0.0,0.74
2009-11-20,0.007,7.53,6.77,0.0,0.76
2009-11-21,0.005,7.71,6.97,0.0,0.74
2009-11-22,0.005,7.23,6.47,0.0,0.76
2009-11-23,0.005,7.63,6.89,0.0,0.74
2009-11-24,0.006,7.51,6.75,0.0,0.76
2009-11-25,0.006,7.5,6.74,0.0,0.76
2009-11-26,0.006,7.5,6.74,0.0,0.76
2009-11-27,0.006,7.75,6.99,0.0,0.76
2009-11-28,0.0,7.86,7.62,0.0,0.25
2009-11-29,0.001,6.74,6.0,0.0,0.74
2009-11-30,0.002,7.46,6.68,0.0,0.77
2009-12-01,0.002,7.53,6.78,0.0,0.75
2009-12-02,0.002,7.61,6.86,0.0,0.75
2009-12-03,0.001,7.54,6.85,0.0,0.69
2009-12-04,0.001,7.64,6.88,0.0,0.76
2009-12-05,0.0,7.74,7.04,0.0,0.7
2009-12-06,0.005,0.06,0.06,0.0,0.0
2009-12-07,4.139,48.6,11.2,15.77,21.64
2009-12-08,0.304,21.32,7.33,4.52,9.48
2009-12-09,0.105,8.18,6.9,0.0,1.27
2009-12-10,0.081,7.59,6.77,0.0,0.82
2009-12-11,1.975,43.9,9.25,14.95,19.7
2009-12-12,4.775,56.61,11.17,19.07,26.37
2009-12-13,3.398,30.69,9.52,9.04,12.12
2009-12-14,0.707,11.53,7.05,1.74,2.74
2009-12-15,0.438,8.27,6.82,0.25,1.21
2009-12-16,0.373,7.96,6.79,0.03,1.14
2009-12-17,0.326,7.92,6.79,0.01,1.12
2009-12-18,0.285,7.86,6.79,0.0,1.06
2009-12-19,0.251,7.8,6.79,0.0,1.01
2009-12-20,0.221,7.76,6.79,0.0,0.97
2009-12-21,0.513,12.19,6.29,2.18,3.71
2009-12-22,0.444,13.33,7.29,2.17,3.87
2009-12-23,0.172,7.9,6.83,0.0,1.07
2009-12-24,0.148,7.68,6.79,0.0,0.89
2009-12-25,0.131,7.65,6.78,0.0,0.87
2009-12-26,0.735,16.09,5.31,4.54,6.23
2009-12-27,3.283,62.51,10.1,22.21,30.2
2009-12-28,0.463,27.16,7.13,7.66,12.37
2009-12-29,0.338,9.33,6.1,0.85,2.38
2009-12-30,0.958,18.72,6.94,4.98,6.8
2009-12-31,0.29,9.55,6.96,0.38,2.21
2010-01-01,0.212,7.79,6.79,0.0,1.0
2010-01-02,0.185,7.72,6.79,0.0,0.93
2010-01-03,0.161,7.7,6.79,0.0,0.9
2010-01-04,0.141,7.67,6.79,0.0,0.88
2010-01-05,0.124,7.65,6.79,0.0,0.86
2010-01-06,0.112,7.63,6.78,0.0,0.85
2010-01-07,0.1,7.62,6.79,0.0,0.84
2010-01-08,0.09,7.61,6.79,0.0,0.83
2010-01-09,0.078,7.61,6.79,0.0,0.82
2010-01-10,0.069,7.6,6.79,0.0,0.81
2010-01-11,0.061,7.6,6.8,0.0,0.8
2010-01-12,1.056,16.98,5.87,4.74,6.36
2010-01-13,1.684,36.63,7.66,12.46,16.51
2010-01-14,0.347,16.77,7.22,3.28,6.27
2010-01-15,0.162,7.98,6.84,0.0,1.14
2010-01-16,0.135,7.67,6.79,0.0,0.88
2010-01-17,0.967,25.05,6.34,8.0,10.72
2010-01-18,8.363,134.83,16.01,52.12,66.7
2010-01-19,12.986,144.59,17.81,53.37,73.41
2010-01-20,17.142,887.51,24.83,378.98,483.7
2010-01-21,7.371,84.29,14.15,29.23,40.9
2010-01-22,5.091,32.72,10.68,9.27,12.76
2010-01-23,5.338,31.57,10.96,8.76,11.84
2010-01-24,2.023,10.22,6.88,1.43,1.91
2010-01-25,4.544,27.59,9.59,7.75,10.26
2010-01-26,6.251,66.94,12.43,23.35,31.17
2010-01-27,1.948,16.02,6.97,3.88,5.17
2010-01-28,1.422,9.11,6.83,0.99,1.3
2010-01-29,2.249,26.97,8.22,8.1,10.65
2010-01-30,2.319,27.35,7.79,8.44,11.11
2010-01-31,1.094,12.36,6.91,2.35,3.1
2010-02-01,0.774,8.94,6.83,0.9,1.22
2010-02-02,0.614,8.45,6.82,0.49,1.14
2010-02-03,0.495,8.23,6.81,0.28,1.14
2010-02-04,1.262,27.41,7.57,8.41,11.43
2010-02-05,1.605,33.63,8.62,10.73,14.28
2010-02-06,5.586,61.91,11.51,21.17,29.23
2010-02-07,1.064,14.51,6.97,3.2,4.33
2010-02-08,0.69,8.9,6.81,0.79,1.3
2010-02-09,2.263,28.16,7.82,8.77,11.58
2010-02-10,0.756,11.56,6.95,1.86,2.75
2010-02-11,0.504,8.38,6.83,0.35,1.21
2010-02-12,0.398,8.06,6.81,0.11,1.14
2010-02-13,0.327,7.94,6.81,0.01,1.12
2010-02-14,0.268,7.86,6.81,0.0,1.04
2010-02-15,0.223,7.78,6.8,0.0,0.98
2010-02-16,0.187,7.73,6.8,0.0,0.93
2010-02-17,0.159,7.7,6.8,0.0,0.9
2010-02-18,0.137,7.67,6.8,0.0,0.88
2010-02-19,0.117,7.65,6.8,0.0,0.85
2010-02-20,0.1,7.65,6.81,0.0,0.84
2010-02-21,1.122,37.07,7.81,12.39,16.86
2010-02-22,1.575,31.57,7.95,10.12,13.51
2010-02-23,5.599,47.89,12.24,15.21,20.44
2010-02-24,5.137,45.09,12.05,14.1,18.94
2010-02-25,1.245,12.33,6.93,2.32,3.08
2010-02-26,5.068,136.28,13.62,54.64,68.03
2010-02-27,3.58,42.58,9.18,14.74,18.65
2010-02-28,1.258,11.79,6.94,2.1,2.74
2010-03-01,0.838,8.96,6.84,0.91,1.21
2010-03-02,5.128,74.14,12.09,25.85,36.2
2010-03-03,8.491,111.32,13.92,42.73,54.67
2010-03-04,2.492,20.53,8.02,5.43,7.08
2010-03-05,1.349,9.84,6.88,1.28,1.68
2010-03-06,0.969,8.87,6.83,0.88,1.16
2010-03-07,0.747,8.75,6.83,0.78,1.14
2010-03-08,0.571,8.37,6.83,0.4,1.14
2010-03-09,0.433,8.15,6.82,0.19,1.13
2010-03-10,0.355,7.95,6.8,0.02,1.13
2010-03-11,0.305,7.89,6.79,0.01,1.09
2010-03-12,3.325,89.72,11.78,32.53,45.41
2010-03-13,1.261,41.34,7.53,13.97,19.85
2010-03-14,0.535,10.53,6.87,1.24,2.42
2010-03-15,0.402,8.15,6.82,0.15,1.19
2010-03-16,0.328,7.94,6.81,0.01,1.12
2010-03-17,0.27,7.86,6.81,0.0,1.05
2010-03-18,0.226,7.79,6.8,0.0,0.98
2010-03-19,0.192,7.74,6.8,0.0,0.94
2010-03-20,0.166,7.7,6.79,0.0,0.91
2010-03-21,0.145,7.67,6.79,0.0,0.88
2010-03-22,0.127,7.66,6.8,0.0,0.86
2010-03-23,0.11,7.63,6.79,0.0,0.85
2010-03-24,0.098,7.63,6.8,0.0,0.83
2010-03-25,0.081,7.63,6.82,0.0,0.81
2010-03-26,0.068,7.57,6.77,0.0,0.8
2010-03-27,0.064,7.58,6.78,0.0,0.8
2010-03-28,0.061,7.58,6.78,0.0,0.8
2010-03-29,0.057,7.55,6.76,0.0,0.8
2010-03-30,0.045,7.66,6.89,0.0,0.77
2010-03-31,1.661,58.35,9.52,20.66,28.17
2010-04-01,1.371,36.16,7.6,12.0,16.56
2010-04-02,1.484,17.88,6.67,4.79,6.43
2010-04-03,0.655,13.6,7.18,2.58,3.84
2010-04-04,2.606,45.11,10.18,14.74,20.19
2010-04-05,4.452,42.22,11.81,12.74,17.67
2010-04-06,1.043,12.93,7.01,2.54,3.38
2010-04-07,0.642,8.72,6.84,0.64,1.24
2010-04-08,0.495,8.25,6.82,0.29,1.14
2010-04-09,0.393,8.05,6.81,0.1,1.13
2010-04-10,0.324,7.93,6.81,0.01,1.12
2010-04-11,4.317,48.05,11.22,15.54,21.29
2010-04-12,8.184,35.13,13.0,9.52,12.6
2010-04-13,1.88,13.72,7.5,2.68,3.53
2010-04-14,1.142,9.02,6.85,0.94,1.24
2010-04-15,0.854,8.83,6.83,0.87,1.14
2010-04-16,0.662,8.57,6.82,0.61,1.14
2010-04-17,0.523,8.27,6.82,0.31,1.14
2010-04-18,0.415,8.12,6.82,0.16,1.14
2010-04-19,0.336,7.95,6.81,0.01,1.12
2010-04-20,3.317,62.91,9.76,22.25,30.89
2010-04-21,0.807,18.34,7.1,4.59,6.65
2010-04-22,0.433,8.68,6.84,0.4,1.44
2010-04-23,0.341,7.97,6.82,0.02,1.14
2010-04-24,0.273,7.87,6.82,0.0,1.05
2010-04-25,0.222,7.79,6.81,0.0,0.98
2010-04-26,0.184,7.74,6.81,0.0,0.93
2010-04-27,0.159,7.69,6.79,0.0,0.9
2010-04-28,0.128,7.7,6.84,0.0,0.87
2010-04-29,0.096,7.63,6.8,0.0,0.82
2010-04-30,0.086,7.6,6.78,0.0,0.82
2010-05-01,0.08,7.6,6.78,0.0,0.82
2010-05-02,0.07,7.6,6.8,0.0,0.81
2010-05-03,0.064,7.58,6.78,0.0,0.8
2010-05-04,0.056,7.6,6.8,0.0,0.8
2010-05-05,0.042,7.6,6.83,0.0,0.77
2010-05-06,0.036,7.55,6.77,0.0,0.78
2010-05-07,0.035,7.56,6.78,0.0,0.78
2010-05-08,0.031,7.56,6.79,0.0,0.77
2010-05-09,0.029,7.54,6.76,0.0,0.77
2010-05-10,0.026,7.61,6.84,0.0,0.77
2010-05-11,0.018,7.52,6.78,0.0,0.73
2010-05-12,0.019,7.53,6.76,0.0,0.77
2010-05-13,0.017,7.54,6.78,0.0,0.76
2010-05-14,0.016,7.54,6.78,0.0,0.76
2010-05-15,0.015,7.54,6.78,0.0,0.76
2010-05-16,0.013,7.55,6.8,0.0,0.75
2010-05-17,0.014,7.45,6.68,0.0,0.78
2010-05-18,0.013,7.58,6.83,0.0,0.75
2010-05-19,0.011,7.52,6.77,0.0,0.75
2010-05-20,0.008,7.68,6.95,0.0,0.73
2010-05-21,0.004,7.7,6.99,0.0,0.7
2010-05-22,0.001,7.61,6.94,0.0,0.67
2010-05-23,0.001,7.21,6.48,0.0,0.73
2010-05-24,0.004,7.32,6.53,0.0,0.79
2010-05-25,0.007,7.47,6.7,0.0,0.77
2010-05-26,0.006,7.64,6.91,0.0,0.73
2010-05-27,2.854,78.5,10.57,28.42,39.51
2010-05-28,0.506,38.62,7.35,12.01,19.26
2010-05-29,0.151,9.27,6.93,0.0,2.33
2010-05-30,0.102,7.7,6.83,0.0,0.86
2010-05-31,0.083,7.62,6.8,0.0,0.82
2010-06-01,0.071,7.61,6.8,0.0,0.81
2010-06-02,0.06,7.59,6.79,0.0,0.8
2010-06-03,0.054,7.58,6.79,0.0,0.8
2010-06-04,0.046,7.59,6.8,0.0,0.78
2010-06-05,0.039,7.59,6.81,0.0,0.78
2010-06-06,0.034,7.56,6.79,0.0,0.78
2010-06-07,0.03,7.56,6.79,0.0,0.78
2010-06-08,0.025,7.59,6.82,0.0,0.77
2010-06-09,0.022,7.55,6.78,0.0,0.77
2010-06-10,0.015,7.65,6.91,0.0,0.74
2010-06-11,0.011,7.51,6.76,0.0,0.75
2010-06-12,0.011,7.53,6.76,0.0,0.77
2010-06-13,0.011,7.56,6.79,0.0,0.77
2010-06-14,0.01,7.55,6.79,0.0,0.76
2010-06-15,0.008,7.57,6.82,0.0,0.76
2010-06-16,0.005,7.55,6.81,0.0,0.74
2010-06-17,0.006,7.52,6.76,0.0,0.77
2010-06-18,0.005,7.56,6.81,0.0,0.76
2010-06-19,0.003,7.56,6.82,0.0,0.74
2010-06-20,0.003,7.52,6.77,0.0,0.75
2010-06-21,0.003,7.52,6.76,0.0,0.76
2010-06-22,0.003,7.58,6.83,0.0,0.75
2010-06-23,0.002,7.59,6.85,0.0,0.73
2010-06-24,0.001,7.5,6.76,0.0,0.74
2010-06-25,0.001,7.56,6.81,0.0,0.75
2010-06-26,0.001,7.57,6.83,0.0,0.74
2010-06-27,0.001,7.56,6.83,0.0,0.73
2010-06-28,0.0,7.66,6.95,0.0,0.72
2010-06-29,0.0,7.55,6.85,0.0,0.7
2010-06-30,0.0,7.57,6.91,0.0,0.65
2010-07-01,0.0,7.64,6.93,0.0,0.71
2010-07-02,0.0,7.48,6.71,0.0,0.77
2010-07-03,0.0,7.89,7.66,0.0,0.22
2010-07-04,0.0,7.7,7.66,0.0,0.04
2010-07-05,0.0,0.0,0.0,0.0,0.0
2010-07-06,0.0,0.0,0.0,0.0,0.0
2010-07-07,0.0,0.0,0.0,0.0,0.0
2010-07-08,0.0,0.0,0.0,0.0,0.0
2010-07-09,0.0,0.0,0.0,0.0,0.0
2010-07-10,0.0,0.0,0.0,0.0,0.0
2010-07-11,0.0,0.0,0.0,0.0,0.0
2010-07-12,0.0,0.0,0.0,0.0,0.0
2010-07-13,0.0,0.0,0.0,0.0,0.0
2010-07-14,0.0,0.0,0.0,0.0,0.0
2010-07-15,0.0,0.0,0.0,0.0,0.0
2010-07-16,0.0,0.0,0.0,0.0,0.0
2010-07-17,0.0,0.0,0.0,0.0,0.0
2010-07-18,0.0,0.0,0.0,0.0,0.0
2010-07-19,0.0,0.0,0.0,0.0,0.0
2010-07-20,0.0,0.0,0.0,0.0,0.0
2010-07-21,0.0,0.0,0.0,0.0,0.0
2010-07-22,0.0,0.0,0.0,0.0,0.0
2010-07-23,0.0,0.0,0.0,0.0,0.0
2010-07-24,0.0,0.0,0.0,0.0,0.0
2010-07-25,0.0,0.0,0.0,0.0,0.0
2010-07-26,0.0,0.0,0.0,0.0,0.0
2010-07-27,0.0,0.0,0.0,0.0,0.0
2010-07-28,0.0,0.0,0.0,0.0,0.0
2010-07-29,0.0,0.0,0.0,0.0,0.0
2010-07-30,0.0,0.0,0.0,0.0,0.0
2010-07-31,0.0,0.0,0.0,0.0,0.0
2010-08-01,0.0,0.0,0.0,0.0,0.0
2010-08-02,0.0,0.0,0.0,0.0,0.0
2010-08-03,0.0,0.0,0.0,0.0,0.0
2010-08-04,0.0,0.0,0.0,0.0,0.0
2010-08-05,0.0,0.0,0.0,0.0,0.0
2010-08-06,0.0,0.0,0.0,0.0,0.0
2010-08-07,0.0,0.0,0.0,0.0,0.0
2010-08-08,0.0,0.0,0.0,0.0,0.0
2010-08-09,0.0,0.0,0.0,0.0,0.0
2010-08-10,0.0,0.0,0.0,0.0,0.0
2010-08-11,0.0,0.0,0.0,0.0,0.0
2010-08-12,0.0,0.0,0.0,0.0,0.0
2010-08-13,0.0,0.0,0.0,0.0,0.0
2010-08-14,0.0,0.0,0.0,0.0,0.0
2010-08-15,0.0,0.0,0.0,0.0,0.0
2010-08-16,0.0,0.0,0.0,0.0,0.0
2010-08-17,0.0,0.0,0.0,0.0,0.0
2010-08-18,0.0,0.0,0.0,0.0,0.0
2010-08-19,0.0,0.0,0.0,0.0,0.0
2010-08-20,0.0,0.0,0.0,0.0,0.0
2010-08-21,0.0,0.0,0.0,0.0,0.0
2010-08-22,0.0,0.0,0.0,0.0,0.0
2010-08-23,0.0,0.0,0.0,0.0,0.0
2010-08-24,0.0,0.0,0.0,0.0,0.0
2010-08-25,0.0,0.0,0.0,0.0,0.0
2010-08-26,0.0,0.0,0.0,0.0,0.0
2010-08-27,0.0,0.0,0.0,0.0,0.0
2010-08-28,0.0,0.0,0.0,0.0,0.0
2010-08-29,0.0,0.0,0.0,0.0,0.0
2010-08-30,0.0,0.0,0.0,0.0,0.0
2010-08-31,0.0,0.0,0.0,0.0,0.0
2010-09-01,0.0,0.0,0.0,0.0,0.0
2010-09-02,0.0,0.0,0.0,0.0,0.0
2010-09-03,0.0,0.0,0.0,0.0,0.0
2010-09-04,0.0,0.0,0.0,0.0,0.0
2010-09-05,0.0,0.0,0.0,0.0,0.0
2010-09-06,0.0,0.0,0.0,0.0,0.0
2010-09-07,0.0,0.0,0.0,0.0,0.0
2010-09-08,0.0,0.0,0.0,0.0,0.0
2010-09-09,0.0,0.0,0.0,0.0,0.0
2010-09-10,0.0,0.0,0.0,0.0,0.0
2010-09-11,0.0,0.0,0.0,0.0,0.0
2010-09-12,0.0,0.0,0.0,0.0,0.0
2010-09-13,0.0,0.0,0.0,0.0,0.0
2010-09-14,0.0,0.0,0.0,0.0,0.0
2010-09-15,0.0,0.0,0.0,0.0,0.0
2010-09-16,0.0,0.0,0.0,0.0,0.0
2010-09-17,0.0,0.0,0.0,0.0,0.0
2010-09-18,0.0,0.0,0.0,0.0,0.0
2010-09-19,0.0,0.0,0.0,0.0,0.0
2010-09-20,0.0,0.0,0.0,0.0,0.0
2010-09-21,0.0,0.0,0.0,0.0,0.0
2010-09-22,0.0,0.0,0.0,0.0,0.0
2010-09-23,0.0,0.0,0.0,0.0,0.0
2010-09-24,0.0,0.0,0.0,0.0,0.0
2010-09-25,0.0,0.0,0.0,0.0,0.0
2010-09-26,0.0,0.0,0.0,0.0,0.0
2010-09-27,0.0,0.0,0.0,0.0,0.0
2010-09-28,0.0,0.0,0.0,0.0,0.0
2010-09-29,0.0,0.0,0.0,0.0,0.0
2010-09-30,0.0,0.0,0.0,0.0,0.0
2010-10-01,0.0,0.0,0.0,0.0,0.0
2010-10-02,0.0,0.0,0.0,0.0,0.0
2010-10-03,0.0,0.0,0.0,0.0,0.0
2010-10-04,0.0,0.0,0.0,0.0,0.0
2010-10-05,0.0,0.0,0.0,0.0,0.0
2010-10-06,0.0,0.0,0.0,0.0,0.0
2010-10-07,0.0,0.0,0.0,0.0,0.0
2010-10-08,0.0,0.0,0.0,0.0,0.0
2010-10-09,0.0,0.0,0.0,0.0,0.0
2010-10-10,0.0,0.0,0.0,0.0,0.0
2010-10-11,0.0,0.0,0.0,0.0,0.0
2010-10-12,0.0,0.0,0.0,0.0,0.0
2010-10-13,0.0,0.0,0.0,0.0,0.0
2010-10-14,0.0,0.0,0.0,0.0,0.0
2010-10-15,0.0,0.0,0.0,0.0,0.0
2010-10-16,0.0,0.0,0.0,0.0,0.0
2010-10-17,0.0,0.0,0.0,0.0,0.0
2010-10-18,0.0,0.0,0.0,0.0,0.0
2010-10-19,0.0,0.0,0.0,0.0,0.0
2010-10-20,0.0,0.0,0.0,0.0,0.0
2010-10-21,0.0,0.0,0.0,0.0,0.0
2010-10-22,0.0,0.0,0.0,0.0,0.0
2010-10-23,0.119,18.03,4.83,5.13,8.07
2010-10-24,4.747,60.68,12.33,20.01,28.34
2010-10-25,0.761,36.72,7.46,11.45,17.81
2010-10-26,0.173,9.77,6.94,0.0,2.83
2010-10-27,0.127,7.7,6.8,0.0,0.9
2010-10-28,0.116,7.63,6.77,0.0,0.85
2010-10-29,0.458,13.36,5.76,2.99,4.62
2010-10-30,1.445,18.21,6.97,4.83,6.41
2010-10-31,0.311,10.85,7.14,1.05,2.67
2010-11-01,0.17,7.79,6.82,0.0,0.97
2010-11-02,0.148,7.67,6.78,0.0,0.89
2010-11-03,0.134,7.65,6.78,0.0,0.87
2010-11-04,0.122,7.64,6.78,0.0,0.86
2010-11-05,0.111,7.63,6.78,0.0,0.85
2010-11-06,0.102,7.61,6.77,0.0,0.84
2010-11-07,6.268,113.65,14.65,43.75,55.24
2010-11-08,0.723,42.04,7.2,15.41,19.44
2010-11-09,0.274,9.4,6.88,0.02,2.51
2010-11-10,0.22,7.81,6.8,0.0,1.01
2010-11-11,0.189,7.72,6.79,0.0,0.93
2010-11-12,0.17,7.7,6.78,0.0,0.91
2010-11-13,0.153,7.68,6.79,0.0,0.89
2010-11-14,0.137,7.66,6.78,0.0,0.88
2010-11-15,0.124,7.65,6.78,0.0,0.86
2010-11-16,0.114,7.63,6.78,0.0,0.85
2010-11-17,0.103,7.63,6.79,0.0,0.84
2010-11-18,0.091,7.62,6.79,0.0,0.83
2010-11-19,0.49,22.22,4.94,7.4,9.88
2010-11-20,6.824,123.93,14.85,48.53,60.55
2010-11-21,2.957,69.47,10.8,26.38,32.29
2010-11-22,0.547,13.92,6.98,2.82,4.12
2010-11-23,2.183,26.55,7.72,8.09,10.75
2010-11-24,0.583,13.5,7.06,2.55,3.9
2010-11-25,0.37,8.12,6.81,0.05,1.26
2010-11-26,0.318,7.9,6.79,0.01,1.11
2010-11-27,0.49,13.22,6.64,2.61,3.97
2010-11-28,0.323,9.96,6.96,0.66,2.34
2010-11-29,0.234,7.84,6.8,0.0,1.03
2010-11-30,0.2,7.74,6.79,0.0,0.95
2010-12-01,0.18,7.7,6.78,0.0,0.92
2010-12-02,0.164,7.69,6.78,0.0,0.9
2010-12-03,0.146,7.68,6.79,0.0,0.89
2010-12-04,0.128,7.65,6.79,0.0,0.87
2010-12-05,1.908,69.52,9.49,25.36,34.68
2010-12-06,1.458,36.04,7.61,12.01,16.42
2010-12-07,0.303,11.19,7.0,0.94,3.26
2010-12-08,7.103,74.46,14.9,25.34,34.22
2010-12-09,2.186,39.52,9.61,12.65,17.27
2010-12-10,0.695,10.53,6.9,1.37,2.26
2010-12-11,0.511,8.32,6.81,0.33,1.18
2010-12-12,0.424,8.12,6.8,0.18,1.14
2010-12-13,0.358,7.95,6.8,0.02,1.13
2010-12-14,2.256,44.64,9.33,15.19,20.13
2010-12-15,1.092,30.01,7.52,9.62,12.87
2010-12-16,0.406,9.68,6.87,0.75,2.05
2010-12-17,5.351,40.97,12.12,12.21,16.64
2010-12-18,5.019,33.8,11.12,9.7,12.98
2010-12-19,15.661,190.81,19.75,73.42,97.64
2010-12-20,2.103,18.73,7.29,4.91,6.52
2010-12-21,1.592,8.93,6.38,1.1,1.45
2010-12-22,4.293,33.28,10.48,9.7,13.09
2010-12-23,1.341,10.05,6.88,1.36,1.81
2010-12-24,0.973,8.87,6.83,0.88,1.16
2010-12-25,5.897,94.63,13.99,34.91,45.73
2010-12-26,2.09,36.15,8.61,11.78,15.76
2010-12-27,1.017,10.06,6.86,1.38,1.82
2010-12-28,9.239,157.9,16.96,59.71,81.23
2010-12-29,7.025,202.11,20.61,76.18,105.31
2010-12-30,1.639,12.38,6.86,2.33,3.19
2010-12-31,1.185,8.98,6.84,0.92,1.22
2011-01-01,0.906,8.83,6.82,0.86,1.14
2011-01-02,4.398,63.99,11.26,22.06,30.67
2011-01-03,1.167,14.99,6.93,3.37,4.69
2011-01-04,0.785,9.07,6.83,0.94,1.29
2011-01-05,0.608,8.44,6.82,0.48,1.14
2011-01-06,0.484,8.22,6.82,0.27,1.14
2011-01-07,0.396,8.04,6.81,0.1,1.14
2011-01-08,0.329,7.94,6.81,0.01,1.12
2011-01-09,0.264,7.86,6.82,0.0,1.04
2011-01-10,0.214,7.78,6.81,0.0,0.97
2011-01-11,0.18,7.71,6.78,0.0,0.92
2011-01-12,0.164,7.68,6.78,0.0,0.9
2011-01-13,0.147,7.68,6.79,0.0,0.89
2011-01-14,0.129,7.66,6.79,0.0,0.87
2011-01-15,0.112,7.64,6.79,0.0,0.85
2011-01-16,0.098,7.62,6.79,0.0,0.83
2011-01-17,0.087,7.6,6.78,0.0,0.82
2011-01-18,0.078,7.61,6.79,0.0,0.82
2011-01-19,0.066,7.59,6.79,0.0,0.8
2011-01-20,0.058,7.59,6.79,0.0,0.79
2011-01-21,0.053,7.56,6.76,0.0,0.79
2011-01-22,0.051,7.57,6.77,0.0,0.79
2011-01-23,0.046,7.57,6.79,0.0,0.78
2011-01-24,0.041,7.56,6.78,0.0,0.78
2011-01-25,0.039,7.55,6.78,0.0,0.78
2011-01-26,0.034,7.55,6.78,0.0,0.77
2011-01-27,0.032,7.55,6.78,0.0,0.77
2011-01-28,0.029,7.56,6.8,0.0,0.77
2011-01-29,0.025,7.53,6.77,0.0,0.76
2011-01-30,0.809,23.82,6.54,7.43,9.85
2011-01-31,0.265,15.19,7.31,2.38,5.5
2011-02-01,0.094,7.91,6.89,0.0,1.02
2011-02-02,0.063,7.63,6.85,0.0,0.79
2011-02-03,0.055,7.57,6.77,0.0,0.8
2011-02-04,0.051,7.57,6.78,0.0,0.79
2011-02-05,0.046,7.59,6.8,0.0,0.79
2011-02-06,0.037,7.56,6.79,0.0,0.77
2011-02-07,0.035,7.58,6.79,0.0,0.78
2011-02-08,0.016,7.83,7.14,0.0,0.69
2011-02-09,0.009,7.33,6.6,0.0,0.73
2011-02-10,0.013,7.5,6.72,0.0,0.78
2011-02-11,0.014,7.49,6.73,0.0,0.76
2011-02-12,0.017,7.54,6.77,0.0,0.78
2011-02-13,0.014,7.61,6.85,0.0,0.76
2011-02-14,0.009,7.41,6.68,0.0,0.73
2011-02-15,1.106,27.09,3.8,10.06,13.24
2011-02-16,6.051,93.82,14.44,34.71,44.67
2011-02-17,10.016,118.84,15.94,44.55,58.36
2011-02-18,6.709,56.78,12.18,18.78,25.83
2011-02-19,10.954,59.49,15.79,18.05,25.65
2011-02-20,2.563,14.56,7.88,2.77,3.92
2011-02-21,1.771,8.98,6.83,0.92,1.22
2011-02-22,1.351,8.83,6.83,0.86,1.14
2011-02-23,1.061,8.82,6.82,0.86,1.14
2011-02-24,2.018,21.5,7.06,6.24,8.2
2011-02-25,7.751,58.08,14.12,18.49,25.48
2011-02-26,1.622,13.25,6.9,2.67,3.68
2011-02-27,1.135,9.02,6.83,0.94,1.24
2011-02-28,0.876,8.83,6.82,0.87,1.14
2011-03-01,0.691,8.64,6.82,0.69,1.14
2011-03-02,0.561,8.3,6.81,0.35,1.14
2011-03-03,0.463,8.19,6.81,0.25,1.14
2011-03-04,0.38,8.0,6.81,0.05,1.13
2011-03-05,0.317,7.92,6.8,0.01,1.11
2011-03-06,2.106,22.84,7.95,6.39,8.51
2011-03-07,1.225,16.68,7.49,3.91,5.28
2011-03-08,0.51,8.78,6.86,0.51,1.41
2011-03-09,0.389,8.05,6.82,0.09,1.14
2011-03-10,0.316,7.93,6.81,0.01,1.11
2011-03-11,0.257,7.85,6.82,0.0,1.03
2011-03-12,0.211,7.77,6.8,0.0,0.96
2011-03-13,0.262,7.91,6.08,0.33,1.5
2011-03-14,1.323,15.97,6.76,3.91,5.3
2011-03-15,1.972,25.14,7.93,7.36,9.85
2011-03-16,2.453,31.16,9.69,9.26,12.21
2011-03-17,0.642,10.16,6.93,1.17,2.06
2011-03-18,7.04,104.62,14.31,39.03,51.27
2011-03-19,9.049,64.52,13.4,21.58,29.54
2011-03-20,6.282,69.94,14.25,24.18,31.51
2011-03-21,1.966,10.09,6.92,1.37,1.8
2011-03-22,1.501,9.1,6.67,1.05,1.38
2011-03-23,6.126,34.35,11.16,9.98,13.22
2011-03-24,17.845,264.08,19.93,103.95,140.21
2011-03-25,3.916,26.92,9.66,7.12,10.14
2011-03-26,9.69,61.83,14.68,19.45,27.7
2011-03-27,3.093,13.51,8.15,2.26,3.1
2011-03-28,2.211,11.3,7.36,1.7,2.24
2011-03-29,1.488,8.92,6.85,0.89,1.18
2011-03-30,1.088,8.84,6.84,0.86,1.14
2011-03-31,0.818,8.82,6.83,0.85,1.13
2011-04-01,0.631,8.51,6.82,0.55,1.13
2011-04-02,0.494,8.24,6.82,0.28,1.14
2011-04-03,0.386,8.03,6.81,0.08,1.13
2011-04-04,0.323,7.93,6.8,0.01,1.12
2011-04-05,0.27,7.86,6.81,0.0,1.05
2011-04-06,0.22,7.8,6.82,0.0,0.98
2011-04-07,0.167,7.75,6.84,0.0,0.91
2011-04-08,0.135,7.64,6.78,0.0,0.87
2011-04-09,0.124,7.66,6.8,0.0,0.86
2011-04-10,0.102,7.65,6.81,0.0,0.84
2011-04-11,0.084,7.63,6.81,0.0,0.82
2011-04-12,0.062,7.66,6.87,0.0,0.79
2011-04-13,0.046,7.57,6.79,0.0,0.78
2011-04-14,0.044,7.55,6.76,0.0,0.79
2011-04-15,0.042,7.56,6.78,0.0,0.78
2011-04-16,0.036,7.58,6.81,0.0,0.77
2011-04-17,0.031,7.56,6.79,0.0,0.77
2011-04-18,0.03,7.53,6.75,0.0,0.78
2011-04-19,0.025,7.61,6.86,0.0,0.75
2011-04-20,0.02,7.51,6.75,0.0,0.76
2011-04-21,0.017,7.62,6.87,0.0,0.75
2011-04-22,0.013,7.54,6.79,0.0,0.76
2011-04-23,0.015,7.44,6.67,0.0,0.77
2011-04-24,0.015,7.58,6.82,0.0,0.76
2011-04-25,0.013,7.53,6.77,0.0,0.76
2011-04-26,0.008,7.68,6.98,0.0,0.7
2011-04-27,0.005,7.51,6.77,0.0,0.74
2011-04-28,0.006,7.65,6.88,0.0,0.77
2011-04-29,0.001,7.51,6.93,0.0,0.58
2011-04-30,0.002,7.38,6.62,0.0,0.76
2011-05-01,0.004,7.49,6.71,0.0,0.78
2011-05-02,0.004,7.57,6.82,0.0,0.76
2011-05-03,0.003,7.51,6.78,0.0,0.74
2011-05-04,0.003,7.55,6.79,0.0,0.76
2011-05-05,0.002,7.58,6.83,0.0,0.75
2011-05-06,0.001,7.66,6.94,0.0,0.72
2011-05-07,0.001,7.48,6.79,0.0,0.7
2011-05-08,0.001,7.89,7.1,0.0,0.78
2011-05-09,0.0,7.52,7.36,0.0,0.17
2011-05-10,0.0,7.24,6.46,0.0,0.77
2011-05-11,0.0,8.05,7.31,0.0,0.74
2011-05-12,0.0,7.57,6.79,0.0,0.78
2011-05-13,0.0,7.87,7.66,0.0,0.21
2011-05-14,0.0,7.7,7.66,0.0,0.04
2011-05-15,0.0,7.67,7.66,0.0,0.01
2011-05-16,0.024,6.77,3.98,0.47,2.33
2011-05-17,0.767,15.86,6.34,3.46,6.06
2011-05-18,0.524,16.89,7.43,3.68,5.78
2011-05-19,0.1,8.32,7.0,0.0,1.32
2011-05-20,0.065,7.62,6.82,0.0,0.8
2011-05-21,0.051,7.6,6.81,0.0,0.78
2011-05-22,0.041,7.61,6.84,0.0,0.78
2011-05-23,0.027,7.6,6.86,0.0,0.74
2011-05-24,0.025,7.54,6.77,0.0,0.77
2011-05-25,0.024,7.54,6.76,0.0,0.78
2011-05-26,0.019,7.6,6.85,0.0,0.75
2011-05-27,0.016,7.56,6.8,0.0,0.76
2011-05-28,0.011,7.68,6.94,0.0,0.75
2011-05-29,0.002,7.55,6.98,0.0,0.57
2011-05-30,0.006,7.46,6.68,0.0,0.79
2011-05-31,0.007,7.53,6.75,0.0,0.77
2011-06-01,0.005,7.59,6.86,0.0,0.73
2011-06-02,0.005,7.48,6.73,0.0,0.76
2011-06-03,0.118,2.8,1.89,0.38,0.53
2011-06-04,9.075,67.27,14.6,22.07,30.6
2011-06-05,0.939,20.3,7.09,5.38,7.83
2011-06-06,0.493,8.94,6.86,0.57,1.52
2011-06-07,0.369,8.03,6.82,0.06,1.15
2011-06-08,0.297,7.9,6.81,0.01,1.08
2011-06-09,0.247,7.82,6.8,0.0,1.01
2011-06-10,0.207,7.76,6.8,0.0,0.96
2011-06-11,0.176,7.72,6.8,0.0,0.92
2011-06-12,0.151,7.69,6.8,0.0,0.89
2011-06-13,0.13,7.67,6.8,0.0,0.87
2011-06-14,0.112,7.65,6.8,0.0,0.85
2011-06-15,0.094,7.64,6.81,0.0,0.83
2011-06-16,0.079,7.62,6.8,0.0,0.82
2011-06-17,0.068,7.61,6.8,0.0,0.81
2011-06-18,0.059,7.6,6.79,0.0,0.8
2011-06-19,0.048,7.61,6.83,0.0,0.79
2011-06-20,0.039,7.59,6.81,0.0,0.78
2011-06-21,0.032,7.59,6.81,0.0,0.78
2011-06-22,0.026,7.58,6.8,0.0,0.77
2011-06-23,0.022,7.57,6.8,0.0,0.77
2011-06-24,0.018,7.56,6.8,0.0,0.77
2011-06-25,0.016,7.57,6.8,0.0,0.77
2011-06-26,0.013,7.58,6.81,0.0,0.76
2011-06-27,0.011,7.56,6.8,0.0,0.76
2011-06-28,2.936,56.6,10.6,19.57,26.42
2011-06-29,0.884,28.55,7.44,8.82,12.29
2011-06-30,0.22,9.22,6.96,0.0,2.25
2011-07-01,0.146,7.75,6.83,0.0,0.92
2011-07-02,0.117,7.66,6.81,0.0,0.85
2011-07-03,0.098,7.64,6.8,0.0,0.83
2011-07-04,0.083,7.62,6.79,0.0,0.82
2011-07-05,0.073,7.61,6.8,0.0,0.81
2011-07-06,0.062,7.6,6.8,0.0,0.8
2011-07-07,0.054,7.58,6.78,0.0,0.8
2011-07-08,0.047,7.6,6.81,0.0,0.79
2011-07-09,0.039,7.58,6.8,0.0,0.78
2011-07-10,0.033,7.58,6.8,0.0,0.78
2011-07-11,0.029,7.56,6.79,0.0,0.78
2011-07-12,0.025,7.57,6.8,0.0,0.77
2011-07-13,0.022,7.57,6.79,0.0,0.77
2011-07-14,0.018,7.56,6.8,0.0,0.76
2011-07-15,0.015,7.57,6.8,0.0,0.77
2011-07-16,0.014,7.55,6.78,0.0,0.77
2011-07-17,0.012,7.59,6.82,0.0,0.76
2011-07-18,0.009,7.55,6.8,0.0,0.75
2011-07-19,0.008,7.54,6.77,0.0,0.77
2011-07-20,0.007,7.55,6.79,0.0,0.76
2011-07-21,0.006,7.54,6.78,0.0,0.76
2011-07-22,0.006,7.55,6.79,0.0,0.76
2011-07-23,0.005,7.54,6.79,0.0,0.76
2011-07-24,0.004,7.55,6.79,0.0,0.76
2011-07-25,0.003,7.58,6.82,0.0,0.75
2011-07-26,0.003,7.53,6.78,0.0,0.75
2011-07-27,0.003,7.54,6.78,0.0,0.76
2011-07-28,0.002,7.59,6.84,0.0,0.75
2011-07-29,0.001,7.62,6.89,0.0,0.74
2011-07-30,0.001,7.57,6.82,0.0,0.75
2011-07-31,0.001,7.51,6.77,0.0,0.74
2011-08-01,0.001,7.53,6.79,0.0,0.75
2011-08-02,0.001,7.58,6.83,0.0,0.75
2011-08-03,0.0,7.57,7.0,0.0,0.56
2011-08-04,0.0,7.5,6.73,0.0,0.77
2011-08-05,0.0,7.56,6.83,0.0,0.73
2011-08-06,0.0,7.58,6.91,0.0,0.67
2011-08-07,0.0,7.59,6.98,0.0,0.61
2011-08-08,0.0,7.85,7.66,0.0,0.19
2011-08-09,0.0,7.7,7.66,0.0,0.04
2011-08-10,0.0,0.0,0.0,0.0,0.0
2011-08-11,0.0,0.0,0.0,0.0,0.0
2011-08-12,0.0,0.0,0.0,0.0,0.0
2011-08-13,0.0,0.0,0.0,0.0,0.0
2011-08-14,0.0,0.0,0.0,0.0,0.0
2011-08-15,0.0,0.0,0.0,0.0,0.0
2011-08-16,0.0,0.0,0.0,0.0,0.0
2011-08-17,0.0,0.0,0.0,0.0,0.0
2011-08-18,0.0,0.0,0.0,0.0,0.0
2011-08-19,0.0,0.0,0.0,0.0,0.0
2011-08-20,0.0,0.0,0.0,0.0,0.0
2011-08-21,0.0,0.0,0.0,0.0,0.0
2011-08-22,0.0,0.0,0.0,0.0,0.0
2011-08-23,0.0,0.0,0.0,0.0,0.0
2011-08-24,0.0,0.0,0.0,0.0,0.0
2011-08-25,0.0,0.0,0.0,0.0,0.0
2011-08-26,0.0,0.0,0.0,0.0,0.0
2011-08-27,0.0,0.0,0.0,0.0,0.0
2011-08-28,0.0,0.0,0.0,0.0,0.0
2011-08-29,0.0,0.0,0.0,0.0,0.0
2011-08-30,0.0,0.0,0.0,0.0,0.0
2011-08-31,0.0,0.0,0.0,0.0,0.0
2011-09-01,0.0,0.0,0.0,0.0,0.0
2011-09-02,0.0,0.0,0.0,0.0,0.0
2011-09-03,0.0,0.0,0.0,0.0,0.0
2011-09-04,0.0,0.0,0.0,0.0,0.0
2011-09-05,0.0,0.0,0.0,0.0,0.0
2011-09-06,0.0,0.0,0.0,0.0,0.0
2011-09-07,0.0,0.0,0.0,0.0,0.0
2011-09-08,0.0,0.0,0.0,0.0,0.0
2011-09-09,0.0,0.0,0.0,0.0,0.0
2011-09-10,0.0,0.0,0.0,0.0,0.0
2011-09-11,0.0,0.0,0.0,0.0,0.0
2011-09-12,0.0,0.0,0.0,0.0,0.0
2011-09-13,0.0,0.0,0.0,0.0,0.0
2011-09-14,0.0,0.0,0.0,0.0,0.0
2011-09-15,0.0,0.0,0.0,0.0,0.0
2011-09-16,0.0,0.0,0.0,0.0,0.0
2011-09-17,0.0,0.0,0.0,0.0,0.0
2011-09-18,0.0,0.0,0.0,0.0,0.0
2011-09-19,0.0,0.0,0.0,0.0,0.0
2011-09-20,0.0,0.0,0.0,0.0,0.0
2011-09-21,0.0,0.0,0.0,0.0,0.0
2011-09-22,0.0,0.0,0.0,0.0,0.0
2011-09-23,0.0,0.0,0.0,0.0,0.0
2011-09-24,0.0,0.0,0.0,0.0,0.0
2011-09-25,0.0,0.0,0.0,0.0,0.0
2011-09-26,0.0,0.0,0.0,0.0,0.0
2011-09-27,0.0,0.0,0.0,0.0,0.0
2011-09-28,0.0,0.0,0.0,0.0,0.0
2011-09-29,0.0,0.0,0.0,0.0,0.0
2011-09-30,0.0,0.0,0.0,0.0,0.0
2011-10-01,0.0,0.0,0.0,0.0,0.0
2011-10-02,0.0,0.0,0.0,0.0,0.0
2011-10-03,0.0,0.0,0.0,0.0,0.0
2011-10-04,0.496,43.63,4.64,16.83,22.15
2011-10-05,5.342,77.93,12.96,27.02,37.95
2011-10-06,2.004,30.92,7.62,10.01,13.3
2011-10-07,1.0,18.08,7.0,4.72,6.36
2011-10-08,0.281,8.87,6.94,0.15,1.78
2011-10-09,0.207,7.78,6.8,0.0,0.98
2011-10-10,0.471,11.26,5.93,2.08,3.25
2011-10-11,0.728,15.73,7.25,3.48,5.01
2011-10-12,0.229,8.24,6.89,0.0,1.35
2011-10-13,0.18,7.73,6.79,0.0,0.93
2011-10-14,0.16,7.68,6.78,0.0,0.9
2011-10-15,0.146,7.66,6.78,0.0,0.89
2011-10-16,0.133,7.65,6.78,0.0,0.87
2011-10-17,0.119,7.64,6.79,0.0,0.86
2011-10-18,0.107,7.63,6.78,0.0,0.85
2011-10-19,0.096,7.62,6.78,0.0,0.83
2011-10-20,0.086,7.61,6.79,0.0,0.83
2011-10-21,0.075,7.6,6.78,0.0,0.81
2011-10-22,0.07,7.59,6.78,0.0,0.81
2011-10-23,0.063,7.59,6.78,0.0,0.81
2011-10-24,0.059,7.58,6.77,0.0,0.8
2011-10-25,0.051,7.59,6.8,0.0,0.79
2011-10-26,0.041,7.59,6.81,0.0,0.78
2011-10-27,0.038,7.57,6.79,0.0,0.79
2011-10-28,0.032,7.56,6.79,0.0,0.78
2011-10-29,0.029,7.55,6.77,0.0,0.78
2011-10-30,0.029,7.54,6.76,0.0,0.78
2011-10-31,0.027,7.58,6.8,0.0,0.78
2011-11-01,0.017,7.7,6.95,0.0,0.74
2011-11-02,0.009,7.47,6.75,0.0,0.72
2011-11-03,0.009,7.79,7.01,0.0,0.78
2011-11-04,0.002,7.71,7.18,0.0,0.53
2011-11-05,0.015,6.62,4.67,0.0,1.96
2011-11-06,0.05,9.62,7.31,0.0,2.31
2011-11-07,0.009,7.55,6.87,0.0,0.68
2011-11-08,0.01,7.49,6.72,0.0,0.77
2011-11-09,0.009,7.54,6.79,0.0,0.75
2011-11-10,0.009,7.53,6.77,0.0,0.77
2011-11-11,0.871,44.73,7.02,16.28,21.43
2011-11-12,0.628,39.39,7.54,13.02,18.83
2011-11-13,0.086,10.66,7.08,0.0,3.58
2011-11-14,0.049,7.66,6.83,0.0,0.82
2011-11-15,0.041,7.57,6.79,0.0,0.78
2011-11-16,0.037,7.55,6.77,0.0,0.78
2011-11-17,0.035,7.55,6.76,0.0,0.78
2011-11-18,0.03,7.64,6.87,0.0,0.77
2011-11-19,0.272,23.48,4.18,8.26,11.04
2011-11-20,2.504,34.52,8.08,11.39,15.06
2011-11-21,0.461,18.86,7.34,4.45,7.07
2011-11-22,0.167,8.15,6.86,0.0,1.29
2011-11-23,0.136,7.67,6.79,0.0,0.88
2011-11-24,1.183,22.56,6.62,6.83,9.11
2011-11-25,0.328,13.35,7.17,1.97,4.21
2011-11-26,0.171,7.87,6.83,0.0,1.04
2011-11-27,0.146,7.67,6.78,0.0,0.89
2011-11-28,0.132,7.66,6.79,0.0,0.87
2011-11-29,0.115,7.65,6.79,0.0,0.85
2011-11-30,0.098,7.65,6.82,0.0,0.83
2011-12-01,0.067,7.63,6.84,0.0,0.79
2011-12-02,0.067,7.53,6.72,0.0,0.81
2011-12-03,0.054,7.63,6.85,0.0,0.78
2011-12-04,0.056,7.54,6.73,0.0,0.81
2011-12-05,0.05,7.6,6.81,0.0,0.79
2011-12-06,0.044,7.56,6.77,0.0,0.79
2011-12-07,0.042,7.57,6.78,0.0,0.79
2011-12-08,0.039,7.55,6.77,0.0,0.78
2011-12-09,0.038,7.56,6.77,0.0,0.79
2011-12-10,0.034,7.57,6.8,0.0,0.78
2011-12-11,0.028,7.59,6.82,0.0,0.77
2011-12-12,0.024,7.55,6.79,0.0,0.76
2011-12-13,0.021,7.53,6.77,0.0,0.77
2011-12-14,0.02,7.56,6.8,0.0,0.77
2011-12-15,0.018,7.52,6.75,0.0,0.77
2011-12-16,0.015,7.57,6.83,0.0,0.75
2011-12-17,0.012,7.56,6.81,0.0,0.75
2011-12-18,0.011,7.63,6.87,0.0,0.76
2011-12-19,0.006,7.61,6.9,0.0,0.71
2011-12-20,0.006,7.44,6.67,0.0,0.77
2011-12-21,0.006,7.63,6.87,0.0,0.76
2011-12-22,0.002,8.1,7.46,0.0,0.64
2011-12-23,0.0,7.79,7.66,0.0,0.12
2011-12-24,0.0,7.69,7.66,0.0,0.02
2011-12-25,0.0,5.08,4.16,0.39,0.52
2011-12-26,0.0,7.46,6.66,0.0,0.8
2011-12-27,0.0,5.51,4.89,0.0,0.62
2011-12-28,0.003,7.41,6.61,0.0,0.8
2011-12-29,0.003,7.46,6.7,0.0,0.77
2011-12-30,0.003,7.55,6.79,0.0,0.76
2011-12-31,0.001,8.03,7.36,0.0,0.67
2012-01-01,0.0,6.7,6.11,0.0,0.59
2012-01-02,0.001,7.28,6.5,0.0,0.78
2012-01-03,0.002,7.72,6.96,0.0,0.76
2012-01-04,0.0,7.92,7.38,0.0,0.53
2012-01-05,0.0,7.78,7.66,0.0,0.11
2012-01-06,0.0,7.68,7.66,0.0,0.02
2012-01-07,0.0,7.67,7.66,0.0,0.0
2012-01-08,0.0,0.0,0.0,0.0,0.0
2012-01-09,0.0,0.0,0.0,0.0,0.0
2012-01-10,0.0,0.0,0.0,0.0,0.0
2012-01-11,0.0,0.0,0.0,0.0,0.0
2012-01-12,0.0,0.0,0.0,0.0,0.0
2012-01-13,0.0,0.0,0.0,0.0,0.0
2012-01-14,0.0,0.0,0.0,0.0,0.0
2012-01-15,0.0,0.0,0.0,0.0,0.0
2012-01-16,0.0,0.0,0.0,0.0,0.0
2012-01-17,0.0,0.0,0.0,0.0,0.0
2012-01-18,0.0,0.0,0.0,0.0,0.0
2012-01-19,0.0,0.0,0.0,0.0,0.0
2012-01-20,7.034,100.27,14.42,35.93,49.93
2012-01-21,6.026,186.45,22.62,72.48,91.34
2012-01-22,2.419,23.28,7.55,6.8,8.93
2012-01-23,6.464,61.52,14.42,20.07,27.03
2012-01-24,0.928,12.25,6.95,2.25,3.06
2012-01-25,0.652,8.59,6.81,0.56,1.22
2012-01-26,0.547,8.26,6.8,0.32,1.14
2012-01-27,0.466,8.2,6.8,0.27,1.14
2012-01-28,0.391,8.03,6.8,0.09,1.13
2012-01-29,0.341,7.93,6.79,0.02,1.13
2012-01-30,0.301,7.88,6.79,0.01,1.08
2012-01-31,0.263,7.83,6.79,0.0,1.03
2012-02-01,0.229,7.77,6.79,0.0,0.98
2012-02-02,0.199,7.74,6.8,0.0,0.95
2012-02-03,0.172,7.71,6.79,0.0,0.91
2012-02-04,0.151,7.68,6.79,0.0,0.89
2012-02-05,0.132,7.66,6.79,0.0,0.87
2012-02-06,0.115,7.65,6.8,0.0,0.85
2012-02-07,0.102,7.61,6.77,0.0,0.84
2012-02-08,0.094,7.63,6.79,0.0,0.83
2012-02-09,0.082,7.61,6.79,0.0,0.82
2012-02-10,0.072,7.6,6.78,0.0,0.81
2012-02-11,0.064,7.61,6.8,0.0,0.81
2012-02-12,0.05,7.6,6.81,0.0,0.79
2012-02-13,0.035,8.07,6.9,0.0,1.16
2012-02-14,0.031,7.58,6.72,0.0,0.86
2012-02-15,0.034,8.98,6.8,0.0,2.18
2012-02-16,0.028,7.5,6.69,0.0,0.81
2012-02-17,0.035,7.52,6.72,0.0,0.8
2012-02-18,0.027,7.78,7.02,0.0,0.76
2012-02-19,0.006,7.24,6.68,0.0,0.57
2012-02-20,0.021,7.39,6.57,0.0,0.82
2012-02-21,0.024,7.57,6.79,0.0,0.77
2012-02-22,0.02,7.61,6.85,0.0,0.76
2012-02-23,0.013,7.6,6.86,0.0,0.74
2012-02-24,0.011,7.54,6.78,0.0,0.76
2012-02-25,0.006,7.8,7.1,0.0,0.7
2012-02-26,0.002,7.74,7.04,0.0,0.7
2012-02-27,0.001,7.56,6.89,0.0,0.68
2012-02-28,0.0,7.85,7.62,0.0,0.23
2012-02-29,0.002,7.29,6.5,0.0,0.79
2012-03-01,0.25,16.72,6.49,3.35,6.89
2012-03-02,0.081,11.89,7.49,0.0,4.4
2012-03-03,0.018,7.76,6.93,0.0,0.83
2012-03-04,0.015,7.52,6.76,0.0,0.76
2012-03-05,0.014,7.6,6.84,0.0,0.76
2012-03-06,0.006,7.87,7.19,0.0,0.68
2012-03-07,0.001,6.17,5.66,0.0,0.51
2012-03-08,0.007,7.46,6.67,0.0,0.79
2012-03-09,0.008,7.54,6.78,0.0,0.76
2012-03-10,0.006,7.52,6.78,0.0,0.74
2012-03-11,0.005,7.59,6.85,0.0,0.74
2012-03-12,0.005,7.57,6.83,0.0,0.74
2012-03-13,1.913,30.33,8.39,9.47,12.47
2012-03-14,6.03,33.74,11.28,9.7,12.77
2012-03-15,1.691,18.31,7.82,4.52,5.98
2012-03-16,7.751,65.66,14.82,21.18,29.65
2012-03-17,2.548,46.59,10.82,14.6,21.17
2012-03-18,0.938,10.46,6.86,1.51,2.08
2012-03-19,0.732,8.77,6.81,0.79,1.17
2012-03-20,0.613,8.38,6.8,0.44,1.14
2012-03-21,0.519,8.23,6.8,0.3,1.14
2012-03-22,0.438,8.16,6.81,0.22,1.14
2012-03-23,0.36,7.96,6.8,0.03,1.13
2012-03-24,7.502,61.23,15.07,19.12,27.04
2012-03-25,4.813,49.75,14.99,14.11,20.65
2012-03-26,1.121,10.17,6.88,1.39,1.9
2012-03-27,6.112,127.78,15.49,49.86,62.42
2012-03-28,2.33,62.95,9.63,23.78,29.53
2012-03-29,0.994,11.28,6.86,1.95,2.48
2012-03-30,0.745,8.8,6.82,0.79,1.19
2012-03-31,6.349,178.84,13.98,73.1,91.76
2012-04-01,1.578,31.52,7.6,10.48,13.43
2012-04-02,0.772,10.0,6.86,1.31,1.84
2012-04-03,0.589,8.4,6.82,0.42,1.16
2012-04-04,0.468,8.22,6.82,0.26,1.14
2012-04-05,0.37,7.98,6.81,0.04,1.13
2012-04-06,0.316,7.91,6.8,0.01,1.11
2012-04-07,0.271,7.84,6.8,0.0,1.04
2012-04-08,0.232,7.79,6.8,0.0,0.99
2012-04-09,0.199,7.75,6.8,0.0,0.95
2012-04-10,0.768,29.89,6.0,10.17,13.72
2012-04-11,1.874,48.87,9.39,16.87,22.6
2012-04-12,10.182,277.68,16.32,114.25,147.11
2012-04-13,11.876,384.15,19.87,158.32,205.96
2012-04-14,1.611,23.42,6.89,7.22,9.31
2012-04-15,1.116,9.48,6.84,1.14,1.5
2012-04-16,0.857,8.84,6.82,0.87,1.15
2012-04-17,0.697,8.66,6.81,0.72,1.14
2012-04-18,0.579,8.32,6.8,0.38,1.14
2012-04-19,0.492,8.2,6.8,0.27,1.14
2012-04-20,0.419,8.09,6.8,0.15,1.14
2012-04-21,0.358,7.95,6.8,0.02,1.13
2012-04-22,0.309,7.9,6.79,0.01,1.1
2012-04-23,0.269,7.84,6.79,0.0,1.04
2012-04-24,0.235,7.79,6.79,0.0,0.99
2012-04-25,0.266,9.96,6.3,1.26,2.4
2012-04-26,1.661,23.57,6.95,7.15,9.47
2012-04-27,0.412,11.36,7.03,1.43,2.9
2012-04-28,0.259,7.93,6.82,0.0,1.11
2012-04-29,0.217,7.77,6.8,0.0,0.97
2012-04-30,0.184,7.73,6.8,0.0,0.93
2012-05-01,0.155,7.7,6.81,0.0,0.9
2012-05-02,0.128,7.66,6.8,0.0,0.86
2012-05-03,0.116,7.63,6.77,0.0,0.85
2012-05-04,0.102,7.65,6.82,0.0,0.84
2012-05-05,0.083,7.61,6.8,0.0,0.81
2012-05-06,0.072,7.6,6.79,0.0,0.81
2012-05-07,0.064,7.59,6.79,0.0,0.8
2012-05-08,0.055,7.59,6.79,0.0,0.79
2012-05-09,0.047,7.59,6.8,0.0,0.79
2012-05-10,0.039,7.57,6.8,0.0,0.77
2012-05-11,0.034,7.57,6.8,0.0,0.77
2012-05-12,0.029,7.57,6.8,0.0,0.77
2012-05-13,0.025,7.56,6.79,0.0,0.76
2012-05-14,0.022,7.55,6.79,0.0,0.77
2012-05-15,0.018,7.57,6.82,0.0,0.76
2012-05-16,0.014,7.58,6.83,0.0,0.75
2012-05-17,0.009,7.72,6.99,0.0,0.73
2012-05-18,0.006,7.41,6.68,0.0,0.74
2012-05-19,0.006,7.56,6.8,0.0,0.76
2012-05-20,0.005,7.54,6.78,0.0,0.75
2012-05-21,0.005,7.53,6.78,0.0,0.75
2012-05-22,0.004,7.56,6.8,0.0,0.76
2012-05-23,0.003,7.6,6.85,0.0,0.75
2012-05-24,0.002,7.66,6.94,0.0,0.72
2012-05-25,0.001,7.26,6.63,0.0,0.64
2012-05-26,0.002,7.48,6.7,0.0,0.79
2012-05-27,0.002,7.56,6.8,0.0,0.76
2012-05-28,0.001,7.55,6.8,0.0,0.75
2012-05-29,0.001,7.62,6.88,0.0,0.74
2012-05-30,0.001,7.54,6.79,0.0,0.75
2012-05-31,0.001,7.58,6.85,0.0,0.74
2012-06-01,0.0,7.62,6.88,0.0,0.74
2012-06-02,0.0,7.57,6.82,0.0,0.75
2012-06-03,0.0,7.63,6.88,0.0,0.75
2012-06-04,0.0,7.51,7.22,0.0,0.29
2012-06-05,0.0,7.71,6.9,0.0,0.8
2012-06-06,0.0,7.84,7.66,0.0,0.18
2012-06-07,0.0,8.48,6.98,0.65,0.86
2012-06-08,0.0,7.59,6.78,0.0,0.81
2012-06-09,0.0,7.87,7.66,0.0,0.21
2012-06-10,0.0,7.7,7.66,0.0,0.04
2012-06-11,0.0,0.0,0.0,0.0,0.0
2012-06-12,0.0,0.0,0.0,0.0,0.0
2012-06-13,0.0,0.0,0.0,0.0,0.0
2012-06-14,0.0,0.0,0.0,0.0,0.0
2012-06-15,0.0,0.0,0.0,0.0,0.0
2012-06-16,0.0,0.0,0.0,0.0,0.0
2012-06-17,0.0,0.0,0.0,0.0,0.0
2012-06-18,0.0,0.0,0.0,0.0,0.0
2012-06-19,0.0,0.0,0.0,0.0,0.0
2012-06-20,0.0,0.0,0.0,0.0,0.0
2012-06-21,0.0,0.0,0.0,0.0,0.0
2012-06-22,0.0,0.0,0.0,0.0,0.0
2012-06-23,0.0,0.0,0.0,0.0,0.0
2012-06-24,0.0,0.0,0.0,0.0,0.0
2012-06-25,0.0,0.0,0.0,0.0,0.0
2012-06-26,0.0,0.0,0.0,0.0,0.0
2012-06-27,0.0,0.0,0.0,0.0,0.0
2012-06-28,0.0,0.0,0.0,0.0,0.0
2012-06-29,0.0,0.0,0.0,0.0,0.0
2012-06-30,0.0,0.0,0.0,0.0,0.0
2012-07-01,0.0,0.0,0.0,0.0,0.0
2012-07-02,0.0,0.0,0.0,0.0,0.0
2012-07-03,0.0,0.0,0.0,0.0,0.0
2012-07-04,0.0,0.0,0.0,0.0,0.0
2012-07-05,0.0,0.0,0.0,0.0,0.0
2012-07-06,0.0,0.0,0.0,0.0,0.0
2012-07-07,0.0,0.0,0.0,0.0,0.0
2012-07-08,0.0,0.0,0.0,0.0,0.0
2012-07-09,0.0,0.0,0.0,0.0,0.0
2012-07-10,0.0,0.0,0.0,0.0,0.0
2012-07-11,0.0,0.0,0.0,0.0,0.0
2012-07-12,0.0,0.0,0.0,0.0,0.0
2012-07-13,0.0,0.0,0.0,0.0,0.0
2012-07-14,0.0,0.0,0.0,0.0,0.0
2012-07-15,0.0,0.0,0.0,0.0,0.0
2012-07-16,0.0,0.0,0.0,0.0,0.0
2012-07-17,0.0,0.0,0.0,0.0,0.0
2012-07-18,0.0,0.0,0.0,0.0,0.0
2012-07-19,0.0,0.0,0.0,0.0,0.0
2012-07-20,0.0,0.0,0.0,0.0,0.0
2012-07-21,0.0,0.0,0.0,0.0,0.0
2012-07-22,0.0,0.0,0.0,0.0,0.0
2012-07-23,0.0,0.0,0.0,0.0,0.0
2012-07-24,0.0,0.0,0.0,0.0,0.0
2012-07-25,0.0,0.0,0.0,0.0,0.0
2012-07-26,0.0,0.0,0.0,0.0,0.0
2012-07-27,0.0,0.0,0.0,0.0,0.0
2012-07-28,0.0,0.0,0.0,0.0,0.0
2012-07-29,0.0,0.0,0.0,0.0,0.0
2012-07-30,0.0,0.0,0.0,0.0,0.0
2012-07-31,0.0,0.0,0.0,0.0,0.0
2012-08-01,0.0,0.0,0.0,0.0,0.0
2012-08-02,0.0,0.0,0.0,0.0,0.0
2012-08-03,0.0,0.0,0.0,0.0,0.0
2012-08-04,0.0,0.0,0.0,0.0,0.0
2012-08-05,0.0,0.0,0.0,0.0,0.0
2012-08-06,0.0,0.0,0.0,0.0,0.0
2012-08-07,0.0,0.0,0.0,0.0,0.0
2012-08-08,0.0,0.0,0.0,0.0,0.0
2012-08-09,0.0,0.0,0.0,0.0,0.0
2012-08-10,0.0,0.0,0.0,0.0,0.0
2012-08-11,0.0,0.0,0.0,0.0,0.0
2012-08-12,0.0,0.0,0.0,0.0,0.0
2012-08-13,0.0,0.0,0.0,0.0,0.0
2012-08-14,0.0,0.0,0.0,0.0,0.0
2012-08-15,0.0,0.0,0.0,0.0,0.0
2012-08-16,0.0,0.0,0.0,0.0,0.0
2012-08-17,0.0,0.0,0.0,0.0,0.0
2012-08-18,0.0,0.0,0.0,0.0,0.0
2012-08-19,0.0,0.0,0.0,0.0,0.0
2012-08-20,0.0,0.0,0.0,0.0,0.0
2012-08-21,0.0,0.0,0.0,0.0,0.0
2012-08-22,0.0,0.0,0.0,0.0,0.0
2012-08-23,0.0,0.0,0.0,0.0,0.0
2012-08-24,0.0,0.0,0.0,0.0,0.0
2012-08-25,0.0,0.0,0.0,0.0,0.0
2012-08-26,0.0,0.0,0.0,0.0,0.0
2012-08-27,0.0,0.0,0.0,0.0,0.0
2012-08-28,0.0,0.0,0.0,0.0,0.0
2012-08-29,0.0,0.0,0.0,0.0,0.0
2012-08-30,0.0,0.0,0.0,0.0,0.0
2012-08-31,0.0,0.0,0.0,0.0,0.0
2012-09-01,0.0,0.0,0.0,0.0,0.0
2012-09-02,0.0,0.0,0.0,0.0,0.0
2012-09-03,0.0,0.0,0.0,0.0,0.0
2012-09-04,0.0,0.0,0.0,0.0,0.0
2012-09-05,0.0,0.0,0.0,0.0,0.0
2012-09-06,0.0,0.0,0.0,0.0,0.0
2012-09-07,0.0,0.0,0.0,0.0,0.0
2012-09-08,0.0,0.0,0.0,0.0,0.0
2012-09-09,0.0,0.0,0.0,0.0,0.0
2012-09-10,0.0,0.0,0.0,0.0,0.0
2012-09-11,0.0,0.0,0.0,0.0,0.0
2012-09-12,0.0,0.0,0.0,0.0,0.0
2012-09-13,0.0,0.0,0.0,0.0,0.0
2012-09-14,0.0,0.0,0.0,0.0,0.0
2012-09-15,0.0,0.0,0.0,0.0,0.0
2012-09-16,0.0,0.0,0.0,0.0,0.0
2012-09-17,0.0,0.0,0.0,0.0,0.0
2012-09-18,0.0,0.0,0.0,0.0,0.0
2012-09-19,0.0,0.0,0.0,0.0,0.0
2012-09-20,0.0,0.0,0.0,0.0,0.0
2012-09-21,0.0,0.0,0.0,0.0,0.0
2012-09-22,0.0,0.0,0.0,0.0,0.0
2012-09-23,0.0,0.0,0.0,0.0,0.0
2012-09-24,0.0,0.0,0.0,0.0,0.0
2012-09-25,0.0,0.0,0.0,0.0,0.0
2012-09-26,0.0,0.0,0.0,0.0,0.0
2012-09-27,0.0,0.0,0.0,0.0,0.0
2012-09-28,0.0,0.0,0.0,0.0,0.0
2012-09-29,0.0,0.0,0.0,0.0,0.0
2012-09-30,0.0,0.0,0.0,0.0,0.0
2012-10-01,0.0,0.0,0.0,0.0,0.0
2012-10-02,0.0,0.0,0.0,0.0,0.0
2012-10-03,0.0,0.0,0.0,0.0,0.0
2012-10-04,0.0,0.0,0.0,0.0,0.0
2012-10-05,0.0,0.0,0.0,0.0,0.0
2012-10-06,0.0,0.0,0.0,0.0,0.0
2012-10-07,0.0,0.0,0.0,0.0,0.0
2012-10-08,0.0,0.0,0.0,0.0,0.0
2012-10-09,0.0,0.0,0.0,0.0,0.0
2012-10-10,0.0,0.0,0.0,0.0,0.0
2012-10-11,0.0,0.0,0.0,0.0,0.0
2012-10-12,0.0,0.0,0.0,0.0,0.0
2012-10-13,0.0,0.0,0.0,0.0,0.0
2012-10-14,0.0,0.0,0.0,0.0,0.0
2012-10-15,0.0,0.0,0.0,0.0,0.0
2012-10-16,0.0,0.0,0.0,0.0,0.0
2012-10-17,0.0,0.0,0.0,0.0,0.0
2012-10-18,0.0,0.0,0.0,0.0,0.0
2012-10-19,0.0,0.0,0.0,0.0,0.0
2012-10-20,0.0,0.0,0.0,0.0,0.0
2012-10-21,0.0,0.0,0.0,0.0,0.0
2012-10-22,1.15,53.43,7.31,19.91,26.21
2012-10-23,0.82,33.45,6.89,11.03,15.53
2012-10-24,1.162,37.22,6.81,12.96,17.46
2012-10-25,0.172,16.48,7.28,1.03,8.17
2012-10-26,0.065,7.9,6.87,0.0,1.03
2012-10-27,0.06,7.56,6.76,0.0,0.81
2012-10-28,0.057,7.57,6.77,0.0,0.8
2012-10-29,0.052,7.57,6.77,0.0,0.79
2012-10-30,0.049,7.56,6.77,0.0,0.79
2012-10-31,0.045,7.46,6.69,0.0,0.77
2012-11-01,2.239,53.16,8.7,19.07,25.39
2012-11-02,0.207,17.52,7.21,1.88,8.43
2012-11-03,0.102,7.88,6.82,0.0,1.06
2012-11-04,0.09,7.61,6.78,0.0,0.83
2012-11-05,0.082,7.6,6.78,0.0,0.82
2012-11-06,0.075,7.6,6.78,0.0,0.81
2012-11-07,0.068,7.61,6.8,0.0,0.81
2012-11-08,0.039,7.75,7.0,0.0,0.75
2012-11-09,0.026,7.56,6.8,0.0,0.76
2012-11-10,0.019,7.48,6.74,0.0,0.74
2012-11-11,0.029,7.45,6.65,0.0,0.8
2012-11-12,0.03,7.53,6.76,0.0,0.78
2012-11-13,0.029,7.56,6.78,0.0,0.78
2012-11-14,0.03,7.52,6.74,0.0,0.78
2012-11-15,0.03,7.56,6.78,0.0,0.78
2012-11-16,0.065,4.32,3.89,0.0,0.43
2012-11-17,4.306,48.31,9.91,16.36,22.03
2012-11-18,2.309,70.26,12.53,23.99,33.73
2012-11-19,0.31,13.77,7.0,1.65,5.12
2012-11-20,0.477,6.42,3.82,0.91,1.69
2012-11-21,5.318,54.5,12.77,17.52,24.21
2012-11-22,0.587,13.54,7.03,2.5,4.01
2012-11-23,0.377,8.17,6.81,0.1,1.26
2012-11-24,0.327,7.92,6.79,0.01,1.12
2012-11-25,0.288,7.86,6.79,0.01,1.06
2012-11-26,0.253,7.81,6.79,0.0,1.01
2012-11-27,0.222,7.76,6.79,0.0,0.97
2012-11-28,2.254,56.21,9.09,19.95,27.18
2012-11-29,0.736,23.18,6.22,6.83,10.13
2012-11-30,19.162,122.15,19.8,41.2,61.15
2012-12-01,5.368,34.81,10.61,10.21,13.99
2012-12-02,12.079,133.39,18.08,50.85,64.47
2012-12-03,2.037,19.25,7.08,5.5,6.67
2012-12-04,1.474,9.24,6.83,1.05,1.36
2012-12-05,7.561,214.75,15.58,91.33,107.84
2012-12-06,1.635,28.16,6.91,9.81,11.44
2012-12-07,1.032,9.79,6.84,1.3,1.64
2012-12-08,0.793,8.81,6.82,0.83,1.15
2012-12-09,0.631,8.42,6.81,0.47,1.14
2012-12-10,0.514,8.25,6.81,0.3,1.14
2012-12-11,0.421,8.13,6.81,0.18,1.14
2012-12-12,0.334,7.96,6.82,0.01,1.12
2012-12-13,0.269,7.85,6.81,0.0,1.04
2012-12-14,0.226,7.79,6.8,0.0,0.98
2012-12-15,0.187,7.74,6.8,0.0,0.93
2012-12-16,0.163,7.68,6.78,0.0,0.9
2012-12-17,0.869,19.9,6.6,5.67,7.63
2012-12-18,0.306,12.23,7.17,1.5,3.57
2012-12-19,0.159,7.78,6.79,0.0,0.99
2012-12-20,0.141,7.66,6.78,0.0,0.88
2012-12-21,0.132,7.51,6.66,0.0,0.85
2012-12-22,6.097,94.56,13.27,35.56,45.73
2012-12-23,15.018,172.31,18.84,66.18,87.28
2012-12-24,2.472,81.89,8.85,32.52,40.52
2012-12-25,8.441,126.57,16.21,48.45,61.91
2012-12-26,5.228,51.48,11.7,17.46,22.32
2012-12-27,1.863,10.44,6.87,1.55,2.02
2012-12-28,1.368,8.89,6.83,0.89,1.17
2012-12-29,2.079,17.88,7.31,4.56,6.01
2012-12-30,1.021,9.57,6.86,1.17,1.54
2012-12-31,0.766,8.82,6.82,0.84,1.15
2013-01-01,0.606,8.44,6.82,0.48,1.14
2013-01-02,0.48,8.21,6.81,0.26,1.13
2013-01-03,0.397,8.04,6.81,0.1,1.14
2013-01-04,0.328,7.94,6.81,0.01,1.12
2013-01-05,0.274,7.85,6.8,0.0,1.05
2013-01-06,0.226,7.81,6.82,0.0,0.99
2013-01-07,0.188,7.72,6.79,0.0,0.93
2013-01-08,0.167,7.7,6.79,0.0,0.91
2013-01-09,0.14,7.71,6.83,0.0,0.88
2013-01-10,0.093,7.71,6.89,0.0,0.82
2013-01-11,0.068,7.58,6.78,0.0,0.8
2013-01-12,0.062,7.59,6.8,0.0,0.8
2013-01-13,0.051,7.6,6.82,0.0,0.78
2013-01-14,0.037,7.59,6.83,0.0,0.76
2013-01-15,0.035,7.55,6.77,0.0,0.78
2013-01-16,0.03,7.57,6.81,0.0,0.76
2013-01-17,0.025,7.55,6.79,0.0,0.76
2013-01-18,0.022,7.56,6.8,0.0,0.76
2013-01-19,0.018,7.58,6.83,0.0,0.75
2013-01-20,0.014,7.56,6.81,0.0,0.75
2013-01-21,0.011,7.57,6.83,0.0,0.74
2013-01-22,0.011,7.53,6.76,0.0,0.76
2013-01-23,0.01,7.52,6.76,0.0,0.76
2013-01-24,0.01,7.51,6.75,0.0,0.76
2013-01-25,0.01,7.54,6.79,0.0,0.76
2013-01-26,0.006,7.79,7.07,0.0,0.72
2013-01-27,0.001,7.94,7.66,0.0,0.28
2013-01-28,0.0,6.28,5.59,0.0,0.69
2013-01-29,0.001,7.44,6.71,0.0,0.74
2013-01-30,0.002,7.26,6.47,0.0,0.79
2013-01-31,0.003,7.53,6.77,0.0,0.77
2013-02-01,0.002,7.55,6.8,0.0,0.75
2013-02-02,0.002,7.56,6.81,0.0,0.76
2013-02-03,0.001,7.68,6.96,0.0,0.72
2013-02-04,0.001,7.47,6.75,0.0,0.72
2013-02-05,0.0,8.07,7.39,0.0,0.68
2013-02-06,0.0,7.8,7.66,0.0,0.14
2013-02-07,0.0,7.69,7.66,0.0,0.02
2013-02-08,0.0,7.67,7.66,0.0,0.0
2013-02-09,0.0,0.0,0.0,0.0,0.0
2013-02-10,0.0,0.0,0.0,0.0,0.0
2013-02-11,0.0,5.52,4.76,0.07,0.69
2013-02-12,0.0,7.62,6.81,0.0,0.81
2013-02-13,0.0,7.35,6.79,0.0,0.57
2013-02-14,0.0,7.42,6.63,0.0,0.79
2013-02-15,0.0,7.31,6.6,0.0,0.71
2013-02-16,0.0,7.7,6.92,0.0,0.78
2013-02-17,0.0,7.76,7.11,0.0,0.65
2013-02-18,0.0,7.81,7.66,0.0,0.15
2013-02-19,0.838,27.2,6.45,8.48,12.27
2013-02-20,0.291,21.82,7.55,4.81,9.47
2013-02-21,0.047,8.54,7.01,0.0,1.53
2013-02-22,0.037,7.57,6.78,0.0,0.78
2013-02-23,0.029,7.67,6.91,0.0,0.76
2013-02-24,0.015,7.43,6.72,0.0,0.71
2013-02-25,0.022,7.52,6.73,0.0,0.79
2013-02-26,0.018,7.58,6.84,0.0,0.74
2013-02-27,0.016,7.54,6.77,0.0,0.76
2013-02-28,0.016,7.5,6.73,0.0,0.77
2013-03-01,0.015,7.56,6.8,0.0,0.76
2013-03-02,0.013,7.57,6.81,0.0,0.75
2013-03-03,0.012,7.5,6.73,0.0,0.77
2013-03-04,0.009,7.66,6.94,0.0,0.72
2013-03-05,0.005,7.62,6.91,0.0,0.71
2013-03-06,0.003,7.51,6.78,0.0,0.73
2013-03-07,0.007,3.98,3.63,0.0,0.35
2013-03-08,0.057,10.16,7.07,0.0,3.09
2013-03-09,0.005,7.87,7.16,0.0,0.71
2013-03-10,0.005,7.49,6.73,0.0,0.76
2013-03-11,0.005,7.54,6.79,0.0,0.75
2013-03-12,0.006,7.5,6.75,0.0,0.76
2013-03-13,0.005,7.54,6.79,0.0,0.75
2013-03-14,0.005,7.59,6.85,0.0,0.75
2013-03-15,0.003,7.51,6.79,0.0,0.72
2013-03-16,0.003,7.63,6.87,0.0,0.76
2013-03-17,0.001,7.54,6.86,0.0,0.67
2013-03-18,0.001,7.65,6.89,0.0,0.75
2013-03-19,0.001,7.41,6.67,0.0,0.74
2013-03-20,0.001,7.2,6.47,0.0,0.73
2013-03-21,0.001,7.85,7.07,0.0,0.77
2013-03-22,0.0,7.84,7.66,0.0,0.18
2013-03-23,0.0,5.46,5.02,0.0,0.44
2013-03-24,0.0,6.9,6.17,0.0,0.73
2013-03-25,0.0,7.83,7.03,0.0,0.8
2013-03-26,0.0,6.0,5.61,0.0,0.39
2013-03-27,0.001,7.47,6.69,0.0,0.78
2013-03-28,0.001,7.51,6.77,0.0,0.74
2013-03-29,0.001,7.68,6.93,0.0,0.75
2013-03-30,0.0,7.54,6.88,0.0,0.66
2013-03-31,0.0,7.31,6.57,0.0,0.74
2013-04-01,1.21,32.91,6.84,11.25,14.82
2013-04-02,0.184,18.72,7.45,2.62,8.65
2013-04-03,0.043,8.11,6.95,0.0,1.16
2013-04-04,2.774,48.55,9.36,16.63,22.56
2013-04-05,0.397,19.23,7.28,4.31,7.65
2013-04-06,0.148,8.13,6.87,0.0,1.26
2013-04-07,0.119,7.66,6.8,0.0,0.86
2013-04-08,0.083,7.68,6.87,0.0,0.81
2013-04-09,0.074,7.58,6.76,0.0,0.82
2013-04-10,0.073,7.58,6.77,0.0,0.82
2013-04-11,0.068,7.59,6.78,0.0,0.81
2013-04-12,0.06,7.59,6.79,0.0,0.8
2013-04-13,0.054,7.59,6.79,0.0,0.8
2013-04-14,0.042,7.61,6.83,0.0,0.77
2013-04-15,0.032,7.64,6.87,0.0,0.77
2013-04-16,0.022,7.5,6.75,0.0,0.75
2013-04-17,0.025,7.52,6.74,0.0,0.78
2013-04-18,0.026,7.53,6.75,0.0,0.78
2013-04-19,0.025,7.56,6.79,0.0,0.78
2013-04-20,0.021,7.56,6.8,0.0,0.76
2013-04-21,0.019,7.55,6.78,0.0,0.77
2013-04-22,0.016,7.56,6.79,0.0,0.76
2013-04-23,0.014,7.55,6.79,0.0,0.76
2013-04-24,0.013,7.54,6.77,0.0,0.77
2013-04-25,0.012,7.54,6.78,0.0,0.76
2013-04-26,0.01,7.57,6.82,0.0,0.76
2013-04-27,0.008,7.55,6.79,0.0,0.75
2013-04-28,0.007,7.57,6.81,0.0,0.76
2013-04-29,0.006,7.58,6.82,0.0,0.75
2013-04-30,0.005,7.53,6.78,0.0,0.75
2013-05-01,0.003,7.55,6.82,0.0,0.74
2013-05-02,0.003,7.52,6.77,0.0,0.75
2013-05-03,0.003,7.55,6.77,0.0,0.77
2013-05-04,0.003,7.52,6.77,0.0,0.75
2013-05-05,0.003,7.51,6.75,0.0,0.76
2013-05-06,0.003,7.58,6.82,0.0,0.75
2013-05-07,0.002,7.49,6.75,0.0,0.74
2013-05-08,0.002,7.52,6.77,0.0,0.75
2013-05-09,0.002,7.65,6.9,0.0,0.75
2013-05-10,0.001,7.66,6.98,0.0,0.69
2013-05-11,0.0,7.65,6.93,0.0,0.72
2013-05-12,0.0,7.41,6.66,0.0,0.75
2013-05-13,0.0,7.62,6.87,0.0,0.76
2013-05-14,0.0,7.93,7.6,0.0,0.33
2013-05-15,0.0,7.73,7.66,0.0,0.06
2013-05-16,0.0,7.68,7.66,0.0,0.01
2013-05-17,0.0,0.0,0.0,0.0,0.0
2013-05-18,0.0,0.0,0.0,0.0,0.0
2013-05-19,0.0,0.0,0.0,0.0,0.0
2013-05-20,0.0,0.0,0.0,0.0,0.0
2013-05-21,0.0,0.0,0.0,0.0,0.0
2013-05-22,0.0,0.0,0.0,0.0,0.0
2013-05-23,0.0,0.0,0.0,0.0,0.0
2013-05-24,0.0,0.0,0.0,0.0,0.0
2013-05-25,0.0,0.0,0.0,0.0,0.0
2013-05-26,0.0,0.0,0.0,0.0,0.0
2013-05-27,0.0,0.0,0.0,0.0,0.0
2013-05-28,0.0,0.0,0.0,0.0,0.0
2013-05-29,0.0,0.0,0.0,0.0,0.0
2013-05-30,0.0,0.0,0.0,0.0,0.0
2013-05-31,0.0,0.0,0.0,0.0,0.0
2013-06-01,0.0,0.0,0.0,0.0,0.0
2013-06-02,0.0,0.0,0.0,0.0,0.0
2013-06-03,0.0,0.0,0.0,0.0,0.0
2013-06-04,0.0,0.0,0.0,0.0,0.0
2013-06-05,0.0,0.0,0.0,0.0,0.0
2013-06-06,0.0,0.0,0.0,0.0,0.0
2013-06-07,0.0,0.0,0.0,0.0,0.0
2013-06-08,0.0,0.0,0.0,0.0,0.0
2013-06-09,0.0,0.0,0.0,0.0,0.0
2013-06-10,0.0,0.0,0.0,0.0,0.0
2013-06-11,0.0,0.0,0.0,0.0,0.0
2013-06-12,0.0,0.0,0.0,0.0,0.0
2013-06-13,0.0,0.0,0.0,0.0,0.0
2013-06-14,0.0,0.0,0.0,0.0,0.0
2013-06-15,0.0,0.0,0.0,0.0,0.0
2013-06-16,0.0,0.0,0.0,0.0,0.0
2013-06-17,0.0,0.0,0.0,0.0,0.0
2013-06-18,0.0,0.0,0.0,0.0,0.0
2013-06-19,0.0,0.0,0.0,0.0,0.0
2013-06-20,0.0,0.0,0.0,0.0,0.0
2013-06-21,0.0,0.0,0.0,0.0,0.0
2013-06-22,0.0,0.0,0.0,0.0,0.0
2013-06-23,0.0,0.0,0.0,0.0,0.0
2013-06-24,0.0,0.0,0.0,0.0,0.0
2013-06-25,0.0,0.0,0.0,0.0,0.0
2013-06-26,0.0,0.0,0.0,0.0,0.0
2013-06-27,0.0,0.0,0.0,0.0,0.0
2013-06-28,0.0,0.0,0.0,0.0,0.0
2013-06-29,0.0,0.0,0.0,0.0,0.0
2013-06-30,0.0,0.0,0.0,0.0,0.0
2013-07-01,0.0,0.0,0.0,0.0,0.0
2013-07-02,0.0,0.0,0.0,0.0,0.0
2013-07-03,0.0,0.0,0.0,0.0,0.0
2013-07-04,0.0,0.0,0.0,0.0,0.0
2013-07-05,0.0,0.0,0.0,0.0,0.0
2013-07-06,0.0,0.0,0.0,0.0,0.0
2013-07-07,0.0,0.0,0.0,0.0,0.0
2013-07-08,0.0,0.0,0.0,0.0,0.0
2013-07-09,0.0,0.0,0.0,0.0,0.0
2013-07-10,0.0,0.0,0.0,0.0,0.0
2013-07-11,0.0,0.0,0.0,0.0,0.0
2013-07-12,0.0,0.0,0.0,0.0,0.0
2013-07-13,0.0,0.0,0.0,0.0,0.0
2013-07-14,0.0,0.0,0.0,0.0,0.0
2013-07-15,0.0,0.0,0.0,0.0,0.0
2013-07-16,0.0,0.0,0.0,0.0,0.0
2013-07-17,0.0,0.0,0.0,0.0,0.0
2013-07-18,0.0,0.0,0.0,0.0,0.0
2013-07-19,0.0,0.0,0.0,0.0,0.0
2013-07-20,0.0,0.0,0.0,0.0,0.0
2013-07-21,0.0,0.0,0.0,0.0,0.0
2013-07-22,0.0,0.0,0.0,0.0,0.0
2013-07-23,0.0,0.0,0.0,0.0,0.0
2013-07-24,0.0,0.0,0.0,0.0,0.0
2013-07-25,0.0,0.0,0.0,0.0,0.0
2013-07-26,0.0,0.0,0.0,0.0,0.0
2013-07-27,0.0,0.0,0.0,0.0,0.0
2013-07-28,0.0,0.0,0.0,0.0,0.0
2013-07-29,0.0,0.0,0.0,0.0,0.0
2013-07-30,0.0,0.0,0.0,0.0,0.0
2013-07-31,0.0,0.0,0.0,0.0,0.0
2013-08-01,0.0,0.0,0.0,0.0,0.0
2013-08-02,0.0,0.0,0.0,0.0,0.0
2013-08-03,0.0,0.0,0.0,0.0,0.0
2013-08-04,0.0,0.0,0.0,0.0,0.0
2013-08-05,0.0,0.0,0.0,0.0,0.0
2013-08-06,0.0,0.0,0.0,0.0,0.0
2013-08-07,0.0,0.0,0.0,0.0,0.0
2013-08-08,0.0,0.0,0.0,0.0,0.0
2013-08-09,0.0,0.0,0.0,0.0,0.0
2013-08-10,0.0,0.0,0.0,0.0,0.0
2013-08-11,0.0,0.0,0.0,0.0,0.0
2013-08-12,0.0,0.0,0.0,0.0,0.0
2013-08-13,0.0,0.0,0.0,0.0,0.0
2013-08-14,0.0,0.0,0.0,0.0,0.0
2013-08-15,0.0,0.0,0.0,0.0,0.0
2013-08-16,0.0,0.0,0.0,0.0,0.0
2013-08-17,0.0,0.0,0.0,0.0,0.0
2013-08-18,0.0,0.0,0.0,0.0,0.0
2013-08-19,0.0,0.0,0.0,0.0,0.0
2013-08-20,0.0,0.0,0.0,0.0,0.0
2013-08-21,0.0,0.0,0.0,0.0,0.0
2013-08-22,0.0,0.0,0.0,0.0,0.0
2013-08-23,0.0,0.0,0.0,0.0,0.0
2013-08-24,0.0,0.0,0.0,0.0,0.0
2013-08-25,0.0,0.0,0.0,0.0,0.0
2013-08-26,0.0,0.0,0.0,0.0,0.0
2013-08-27,0.0,0.0,0.0,0.0,0.0
2013-08-28,0.0,0.0,0.0,0.0,0.0
2013-08-29,0.0,0.0,0.0,0.0,0.0
2013-08-30,0.0,0.0,0.0,0.0,0.0
2013-08-31,0.0,0.0,0.0,0.0,0.0
2013-09-01,0.0,0.0,0.0,0.0,0.0
2013-09-02,0.0,0.0,0.0,0.0,0.0
2013-09-03,0.0,0.0,0.0,0.0,0.0
2013-09-04,0.0,0.0,0.0,0.0,0.0
2013-09-05,0.0,0.0,0.0,0.0,0.0
2013-09-06,0.0,0.0,0.0,0.0,0.0
2013-09-07,0.0,0.0,0.0,0.0,0.0
2013-09-08,0.0,0.0,0.0,0.0,0.0
2013-09-09,0.0,0.0,0.0,0.0,0.0
2013-09-10,0.0,0.0,0.0,0.0,0.0
2013-09-11,0.0,0.0,0.0,0.0,0.0
2013-09-12,0.0,0.0,0.0,0.0,0.0
2013-09-13,0.0,0.0,0.0,0.0,0.0
2013-09-14,0.0,0.0,0.0,0.0,0.0
2013-09-15,0.0,0.0,0.0,0.0,0.0
2013-09-16,0.0,0.0,0.0,0.0,0.0
2013-09-17,0.0,0.0,0.0,0.0,0.0
2013-09-18,0.0,0.0,0.0,0.0,0.0
2013-09-19,0.0,0.0,0.0,0.0,0.0
2013-09-20,0.0,0.0,0.0,0.0,0.0
2013-09-21,0.0,0.0,0.0,0.0,0.0
2013-09-22,0.0,0.0,0.0,0.0,0.0
2013-09-23,0.0,0.0,0.0,0.0,0.0
2013-09-24,0.0,0.0,0.0,0.0,0.0
2013-09-25,0.0,0.0,0.0,0.0,0.0
2013-09-26,0.0,0.0,0.0,0.0,0.0
2013-09-27,0.0,0.0,0.0,0.0,0.0
2013-09-28,0.0,0.0,0.0,0.0,0.0
2013-09-29,0.0,0.0,0.0,0.0,0.0
2013-09-30,0.0,0.0,0.0,0.0,0.0
2013-10-01,0.0,0.0,0.0,0.0,0.0
2013-10-02,0.0,0.0,0.0,0.0,0.0
2013-10-03,0.0,0.0,0.0,0.0,0.0
2013-10-04,0.0,0.0,0.0,0.0,0.0
2013-10-05,0.0,0.0,0.0,0.0,0.0
2013-10-06,0.0,0.0,0.0,0.0,0.0
2013-10-07,0.0,0.0,0.0,0.0,0.0
2013-10-08,0.0,0.0,0.0,0.0,0.0
2013-10-09,0.0,0.0,0.0,0.0,0.0
2013-10-10,0.0,0.0,0.0,0.0,0.0
2013-10-11,0.0,0.0,0.0,0.0,0.0
2013-10-12,0.0,0.0,0.0,0.0,0.0
2013-10-13,0.0,0.0,0.0,0.0,0.0
2013-10-14,0.0,0.0,0.0,0.0,0.0
2013-10-15,0.0,0.0,0.0,0.0,0.0
2013-10-16,0.0,0.0,0.0,0.0,0.0
2013-10-17,0.0,0.0,0.0,0.0,0.0
2013-10-18,0.0,0.0,0.0,0.0,0.0
2013-10-19,0.0,0.0,0.0,0.0,0.0
2013-10-20,0.0,0.0,0.0,0.0,0.0
2013-10-21,0.0,0.0,0.0,0.0,0.0
2013-10-22,0.0,0.0,0.0,0.0,0.0
2013-10-23,0.0,0.0,0.0,0.0,0.0
2013-10-24,0.0,0.0,0.0,0.0,0.0
2013-10-25,0.0,0.0,0.0,0.0,0.0
2013-10-26,0.0,0.0,0.0,0.0,0.0
2013-10-27,0.0,0.0,0.0,0.0,0.0
2013-10-28,0.0,0.0,0.0,0.0,0.0
2013-10-29,0.0,0.0,0.0,0.0,0.0
2013-10-30,0.0,0.0,0.0,0.0,0.0
2013-10-31,0.0,0.0,0.0,0.0,0.0
2013-11-01,0.0,0.0,0.0,0.0,0.0
2013-11-02,0.0,0.0,0.0,0.0,0.0
2013-11-03,0.0,0.0,0.0,0.0,0.0
2013-11-04,0.0,0.0,0.0,0.0,0.0
2013-11-05,0.0,0.0,0.0,0.0,0.0
2013-11-06,0.0,0.0,0.0,0.0,0.0
2013-11-07,0.0,0.0,0.0,0.0,0.0
2013-11-08,0.0,0.0,0.0,0.0,0.0
2013-11-09,0.0,0.0,0.0,0.0,0.0
2013-11-10,0.0,0.0,0.0,0.0,0.0
2013-11-11,0.0,0.0,0.0,0.0,0.0
2013-11-12,0.0,0.0,0.0,0.0,0.0
2013-11-13,0.0,0.0,0.0,0.0,0.0
2013-11-14,0.0,0.0,0.0,0.0,0.0
2013-11-15,0.0,0.0,0.0,0.0,0.0
2013-11-16,0.0,0.0,0.0,0.0,0.0
2013-11-17,0.0,0.0,0.0,0.0,0.0
2013-11-18,0.0,0.0,0.0,0.0,0.0
2013-11-19,0.011,3.43,1.83,0.45,1.15
2013-11-20,6.048,132.92,15.64,52.91,64.37
2013-11-21,0.702,68.34,7.54,26.98,33.81
2013-11-22,0.093,13.55,7.09,0.0,6.46
2013-11-23,0.065,7.65,6.76,0.0,0.89
2013-11-24,0.066,7.57,6.76,0.0,0.81
2013-11-25,0.062,7.58,6.78,0.0,0.8
2013-11-26,0.056,7.57,6.78,0.0,0.79
2013-11-27,0.053,7.56,6.77,0.0,0.79
2013-11-28,0.05,7.56,6.77,0.0,0.79
2013-11-29,0.046,7.56,6.77,0.0,0.79
2013-11-30,0.043,7.56,6.78,0.0,0.78
2013-12-01,0.039,7.56,6.78,0.0,0.78
2013-12-02,0.036,7.55,6.78,0.0,0.78
2013-12-03,0.022,7.85,7.12,0.0,0.74
2013-12-04,0.003,7.58,7.09,0.0,0.49
2013-12-05,0.002,7.47,6.74,0.0,0.73
2013-12-06,0.026,1.15,1.03,0.0,0.12
2013-12-07,0.833,26.88,6.85,8.48,11.56
2013-12-08,0.081,13.28,7.58,0.0,5.69
2013-12-09,0.005,8.58,7.48,0.0,1.1
2013-12-10,0.004,7.05,6.28,0.0,0.76
2013-12-11,0.01,7.41,6.64,0.0,0.77
2013-12-12,0.015,7.46,6.68,0.0,0.78
2013-12-13,0.017,7.53,6.77,0.0,0.76
2013-12-14,0.016,7.54,6.79,0.0,0.75
2013-12-15,0.011,7.55,6.83,0.0,0.72
2013-12-16,0.011,7.51,6.76,0.0,0.76
2013-12-17,0.012,7.5,6.74,0.0,0.76
2013-12-18,0.011,7.61,6.85,0.0,0.76
2013-12-19,0.003,7.76,7.17,0.0,0.59
2013-12-20,0.003,7.39,6.66,0.0,0.74
2013-12-21,0.006,7.36,6.58,0.0,0.78
2013-12-22,0.008,7.55,6.78,0.0,0.77
2013-12-23,0.007,7.53,6.79,0.0,0.74
2013-12-24,0.005,7.53,6.8,0.0,0.73
2013-12-25,0.004,7.57,6.84,0.0,0.74
2013-12-26,0.003,7.47,6.75,0.0,0.72
2013-12-27,0.003,7.61,6.85,0.0,0.75
2013-12-28,0.002,7.5,6.78,0.0,0.72
2013-12-29,0.002,7.77,7.02,0.0,0.74
2013-12-30,0.001,7.17,6.52,0.0,0.65
2013-12-31,0.001,7.65,6.89,0.0,0.76
2014-01-01,0.001,7.54,6.77,0.0,0.77
2014-01-02,0.001,7.53,6.83,0.0,0.7
2014-01-03,0.0,7.32,6.63,0.0,0.69
2014-01-04,0.001,7.73,6.97,0.0,0.77
2014-01-05,0.0,7.49,7.11,0.0,0.38
2014-01-06,0.0,7.87,7.09,0.0,0.78
2014-01-07,0.0,4.88,4.46,0.0,0.42
2014-01-08,0.0,7.58,6.78,0.0,0.8
2014-01-09,0.0,7.9,7.66,0.0,0.24
2014-01-10,0.0,4.82,4.37,0.0,0.45
2014-01-11,0.0,7.49,6.71,0.0,0.78
2014-01-12,0.0,8.08,7.38,0.0,0.7
2014-01-13,0.0,7.8,7.66,0.0,0.13
2014-01-14,0.0,7.69,7.66,0.0,0.02
2014-01-15,0.0,0.0,0.0,0.0,0.0
2014-01-16,0.0,0.0,0.0,0.0,0.0
2014-01-17,0.0,0.0,0.0,0.0,0.0
2014-01-18,0.0,0.0,0.0,0.0,0.0
2014-01-19,0.0,0.0,0.0,0.0,0.0
2014-01-20,0.0,0.0,0.0,0.0,0.0
2014-01-21,0.0,0.0,0.0,0.0,0.0
2014-01-22,0.0,0.0,0.0,0.0,0.0
2014-01-23,0.0,0.0,0.0,0.0,0.0
2014-01-24,0.0,0.0,0.0,0.0,0.0
2014-01-25,0.0,0.0,0.0,0.0,0.0
2014-01-26,0.0,0.0,0.0,0.0,0.0
2014-01-27,0.0,0.0,0.0,0.0,0.0
2014-01-28,0.0,0.0,0.0,0.0,0.0
2014-01-29,0.0,0.0,0.0,0.0,0.0
2014-01-30,0.0,0.0,0.0,0.0,0.0
2014-01-31,0.0,0.0,0.0,0.0,0.0
2014-02-01,0.0,0.0,0.0,0.0,0.0
2014-02-02,3.935,65.58,12.59,22.23,30.75
2014-02-03,0.652,38.09,7.59,11.97,18.53
2014-02-04,0.07,11.36,7.18,0.0,4.19
2014-02-05,0.043,7.55,6.73,0.0,0.83
2014-02-06,7.726,80.15,14.93,28.76,36.45
2014-02-07,2.078,23.67,7.56,6.94,9.17
2014-02-08,5.731,33.05,10.84,9.56,12.65
2014-02-09,5.034,34.18,10.72,10.07,13.39
2014-02-10,1.374,16.85,7.67,3.95,5.22
2014-02-11,0.613,8.95,6.85,0.73,1.38
2014-02-12,0.501,8.23,6.8,0.28,1.14
2014-02-13,0.434,8.09,6.79,0.16,1.14
2014-02-14,0.377,7.95,6.79,0.02,1.14
2014-02-15,0.328,7.92,6.79,0.01,1.12
2014-02-16,0.283,7.87,6.8,0.0,1.06
2014-02-17,0.24,7.8,6.79,0.0,1.0
2014-02-18,0.213,7.75,6.79,0.0,0.96
2014-02-19,0.187,7.73,6.8,0.0,0.93
2014-02-20,0.157,7.69,6.79,0.0,0.9
2014-02-21,0.14,7.66,6.79,0.0,0.88
2014-02-22,0.127,7.65,6.78,0.0,0.86
2014-02-23,0.111,7.64,6.79,0.0,0.85
2014-02-24,0.097,7.62,6.78,0.0,0.83
2014-02-25,0.087,7.61,6.79,0.0,0.82
2014-02-26,1.517,34.86,8.71,11.21,14.94
2014-02-27,1.461,30.46,8.3,9.5,12.66
2014-02-28,6.565,53.86,12.44,17.5,23.92
2014-03-01,3.057,26.43,8.78,7.61,10.04
2014-03-02,1.042,13.63,7.01,2.8,3.82
2014-03-03,0.759,10.87,6.32,1.77,2.78
2014-03-04,0.935,15.67,7.17,3.56,4.95
2014-03-05,0.686,13.67,5.5,3.27,4.9
2014-03-06,1.676,51.79,8.58,18.6,24.61
2014-03-07,0.401,12.3,6.93,1.75,3.62
2014-03-08,0.293,7.99,6.81,0.0,1.18
2014-03-09,0.249,7.82,6.8,0.0,1.02
2014-03-10,0.212,7.77,6.8,0.0,0.96
2014-03-11,0.173,7.72,6.81,0.0,0.92
2014-03-12,0.136,7.69,6.82,0.0,0.87
2014-03-13,0.127,7.64,6.77,0.0,0.87
2014-03-14,0.113,7.64,6.79,0.0,0.85
2014-03-15,0.098,7.64,6.8,0.0,0.84
2014-03-16,0.084,7.63,6.81,0.0,0.82
2014-03-17,0.066,7.62,6.83,0.0,0.8
2014-03-18,0.053,7.58,6.79,0.0,0.79
2014-03-19,0.047,7.59,6.8,0.0,0.79
2014-03-20,0.041,7.59,6.8,0.0,0.78
2014-03-21,0.032,7.59,6.82,0.0,0.77
2014-03-22,0.026,7.58,6.81,0.0,0.77
2014-03-23,0.022,7.58,6.81,0.0,0.77
2014-03-24,0.018,7.58,6.82,0.0,0.77
2014-03-25,0.014,7.51,6.76,0.0,0.76
2014-03-26,1.897,35.98,8.26,11.97,15.76
2014-03-27,0.363,21.89,7.43,5.35,9.12
2014-03-28,0.098,8.28,6.91,0.0,1.37
2014-03-29,4.447,104.93,12.73,41.36,50.83
2014-03-30,1.199,37.55,7.16,13.43,16.97
2014-03-31,4.281,87.07,12.78,31.97,42.32
2014-04-01,7.405,76.32,13.83,26.43,36.07
2014-04-02,3.175,58.98,9.76,20.88,28.34
2014-04-03,0.783,16.15,6.94,3.85,5.36
2014-04-04,1.998,30.27,7.52,9.79,12.96
2014-04-05,0.718,12.53,6.98,2.22,3.32
2014-04-06,0.479,8.39,6.82,0.34,1.23
2014-04-07,0.395,8.04,6.8,0.1,1.14
2014-04-08,0.332,7.94,6.8,0.01,1.12
2014-04-09,0.28,7.86,6.8,0.0,1.06
2014-04-10,0.235,7.8,6.8,0.0,0.99
2014-04-11,0.198,7.75,6.8,0.0,0.95
2014-04-12,0.169,7.71,6.8,0.0,0.91
2014-04-13,0.142,7.69,6.8,0.0,0.88
2014-04-14,0.118,7.66,6.81,0.0,0.86
2014-04-15,0.099,7.64,6.81,0.0,0.84
2014-04-16,0.08,7.63,6.81,0.0,0.82
2014-04-17,0.067,7.62,6.81,0.0,0.81
2014-04-18,0.054,7.6,6.8,0.0,0.8
2014-04-19,0.044,7.59,6.81,0.0,0.78
2014-04-20,0.037,7.61,6.82,0.0,0.78
2014-04-21,0.028,7.59,6.82,0.0,0.77
2014-04-22,0.019,7.7,6.94,0.0,0.75
2014-04-23,0.013,7.46,6.7,0.0,0.75
2014-04-24,0.016,7.52,6.73,0.0,0.79
2014-04-25,0.445,26.46,6.36,8.65,11.45
2014-04-26,0.226,20.15,7.48,3.9,8.78
2014-04-27,0.047,8.17,6.9,0.0,1.27
2014-04-28,0.031,7.65,6.9,0.0,0.76
2014-04-29,0.021,7.55,6.8,0.0,0.75
2014-04-30,0.019,7.56,6.79,0.0,0.77
2014-05-01,0.017,7.58,6.81,0.0,0.76
2014-05-02,0.014,7.57,6.8,0.0,0.76
2014-05-03,0.011,7.59,6.83,0.0,0.76
2014-05-04,0.01,7.52,6.77,0.0,0.76
2014-05-05,0.008,7.71,6.95,0.0,0.76
2014-05-06,0.001,7.48,7.04,0.0,0.45
2014-05-07,0.002,7.59,6.82,0.0,0.78
2014-05-08,0.001,7.08,6.39,0.0,0.69
2014-05-09,0.003,7.67,6.87,0.0,0.8
2014-05-10,0.0,7.98,7.54,0.0,0.44
2014-05-11,0.0,5.54,5.18,0.0,0.36
2014-05-12,0.001,7.48,6.69,0.0,0.79
2014-05-13,0.001,7.64,6.91,0.0,0.73
2014-05-14,0.0,7.66,6.95,0.0,0.72
2014-05-15,0.0,7.58,6.91,0.0,0.67
2014-05-16,0.0,7.86,7.66,0.0,0.19
2014-05-17,0.0,7.7,7.66,0.0,0.03
2014-05-18,0.0,7.67,7.66,0.0,0.01
2014-05-19,0.0,0.0,0.0,0.0,0.0
2014-05-20,0.0,0.0,0.0,0.0,0.0
2014-05-21,0.0,0.0,0.0,0.0,0.0
2014-05-22,0.0,0.0,0.0,0.0,0.0
2014-05-23,0.0,0.0,0.0,0.0,0.0
2014-05-24,0.0,0.0,0.0,0.0,0.0
2014-05-25,0.0,0.0,0.0,0.0,0.0
2014-05-26,0.0,0.0,0.0,0.0,0.0
2014-05-27,0.0,0.0,0.0,0.0,0.0
2014-05-28,0.0,0.0,0.0,0.0,0.0
2014-05-29,0.0,0.0,0.0,0.0,0.0
2014-05-30,0.0,0.0,0.0,0.0,0.0
2014-05-31,0.0,0.0,0.0,0.0,0.0
2014-06-01,0.0,0.0,0.0,0.0,0.0
2014-06-02,0.0,0.0,0.0,0.0,0.0
2014-06-03,0.0,0.0,0.0,0.0,0.0
2014-06-04,0.0,0.0,0.0,0.0,0.0
2014-06-05,0.0,0.0,0.0,0.0,0.0
2014-06-06,0.0,0.0,0.0,0.0,0.0
2014-06-07,0.0,0.0,0.0,0.0,0.0
2014-06-08,0.0,0.0,0.0,0.0,0.0
2014-06-09,0.0,0.0,0.0,0.0,0.0
2014-06-10,0.0,0.0,0.0,0.0,0.0
2014-06-11,0.0,0.0,0.0,0.0,0.0
2014-06-12,0.0,0.0,0.0,0.0,0.0
2014-06-13,0.0,0.0,0.0,0.0,0.0
2014-06-14,0.0,0.0,0.0,0.0,0.0
2014-06-15,0.0,0.0,0.0,0.0,0.0
2014-06-16,0.0,0.0,0.0,0.0,0.0
2014-06-17,0.0,0.0,0.0,0.0,0.0
2014-06-18,0.0,0.0,0.0,0.0,0.0
2014-06-19,0.0,0.0,0.0,0.0,0.0
2014-06-20,0.0,0.0,0.0,0.0,0.0
2014-06-21,0.0,0.0,0.0,0.0,0.0
2014-06-22,2.393,128.03,13.94,50.26,63.83
2014-06-23,1.853,97.79,11.8,37.47,48.52
2014-06-24,0.116,21.01,7.32,0.02,13.67
2014-06-25,0.045,7.98,6.84,0.0,1.14
2014-06-26,0.038,7.57,6.79,0.0,0.78
2014-06-27,0.033,7.57,6.8,0.0,0.77
2014-06-28,0.029,7.58,6.81,0.0,0.77
2014-06-29,0.024,7.56,6.8,0.0,0.76
2014-06-30,0.021,7.56,6.8,0.0,0.77
2014-07-01,0.018,7.53,6.76,0.0,0.76
2014-07-02,0.017,7.55,6.79,0.0,0.76
2014-07-03,0.015,7.55,6.79,0.0,0.76
2014-07-04,0.013,7.55,6.79,0.0,0.76
2014-07-05,0.011,7.56,6.81,0.0,0.75
2014-07-06,0.009,7.55,6.79,0.0,0.75
2014-07-07,0.009,7.51,6.75,0.0,0.76
2014-07-08,0.008,7.56,6.8,0.0,0.75
2014-07-09,0.006,7.54,6.79,0.0,0.75
2014-07-10,0.006,7.56,6.8,0.0,0.75
2014-07-11,0.005,7.52,6.77,0.0,0.75
2014-07-12,0.004,7.56,6.81,0.0,0.75
2014-07-13,0.003,7.61,6.87,0.0,0.74
2014-07-14,0.002,7.61,6.88,0.0,0.73
2014-07-15,0.001,7.3,6.71,0.0,0.59
2014-07-16,0.001,7.54,6.77,0.0,0.77
2014-07-17,0.001,7.51,6.77,0.0,0.74
2014-07-18,0.001,7.59,6.85,0.0,0.74
2014-07-19,0.0,7.57,6.89,0.0,0.68
2014-07-20,0.0,7.78,7.55,0.0,0.23
2014-07-21,0.0,7.47,6.7,0.0,0.77
2014-07-22,0.0,7.53,6.78,0.0,0.75
2014-07-23,0.0,7.66,7.13,0.0,0.52
2014-07-24,0.0,7.83,7.66,0.0,0.17
2014-07-25,0.0,7.7,7.66,0.0,0.03
2014-07-26,0.0,0.0,0.0,0.0,0.0
2014-07-27,0.0,0.0,0.0,0.0,0.0
2014-07-28,0.0,0.0,0.0,0.0,0.0
2014-07-29,0.0,0.0,0.0,0.0,0.0
2014-07-30,0.0,0.0,0.0,0.0,0.0
2014-07-31,0.0,0.0,0.0,0.0,0.0
2014-08-01,0.0,0.0,0.0,0.0,0.0
2014-08-02,0.0,0.0,0.0,0.0,0.0
2014-08-03,0.0,0.0,0.0,0.0,0.0
2014-08-04,0.0,0.0,0.0,0.0,0.0
2014-08-05,0.0,0.0,0.0,0.0,0.0
2014-08-06,0.0,0.0,0.0,0.0,0.0
2014-08-07,0.0,0.0,0.0,0.0,0.0
2014-08-08,0.0,0.0,0.0,0.0,0.0
2014-08-09,0.0,0.0,0.0,0.0,0.0
2014-08-10,0.0,0.0,0.0,0.0,0.0
2014-08-11,0.0,0.0,0.0,0.0,0.0
2014-08-12,0.0,0.0,0.0,0.0,0.0
2014-08-13,0.0,0.0,0.0,0.0,0.0
2014-08-14,0.0,0.0,0.0,0.0,0.0
2014-08-15,0.0,0.0,0.0,0.0,0.0
2014-08-16,0.0,0.0,0.0,0.0,0.0
2014-08-17,0.0,0.0,0.0,0.0,0.0
2014-08-18,0.0,0.0,0.0,0.0,0.0
2014-08-19,0.0,0.0,0.0,0.0,0.0
2014-08-20,0.0,0.0,0.0,0.0,0.0
2014-08-21,0.0,0.0,0.0,0.0,0.0
2014-08-22,0.0,0.0,0.0,0.0,0.0
2014-08-23,0.0,0.0,0.0,0.0,0.0
2014-08-24,0.0,0.0,0.0,0.0,0.0
2014-08-25,0.0,0.0,0.0,0.0,0.0
2014-08-26,0.0,0.0,0.0,0.0,0.0
2014-08-27,0.0,0.0,0.0,0.0,0.0
2014-08-28,0.0,0.0,0.0,0.0,0.0
2014-08-29,0.0,0.0,0.0,0.0,0.0
2014-08-30,0.0,0.0,0.0,0.0,0.0
2014-08-31,0.0,0.0,0.0,0.0,0.0
2014-09-01,0.0,0.0,0.0,0.0,0.0
2014-09-02,0.0,0.0,0.0,0.0,0.0
2014-09-03,0.0,0.0,0.0,0.0,0.0
2014-09-04,0.0,0.0,0.0,0.0,0.0
2014-09-05,0.0,0.0,0.0,0.0,0.0
2014-09-06,0.0,0.0,0.0,0.0,0.0
2014-09-07,0.0,0.0,0.0,0.0,0.0
2014-09-08,0.0,0.0,0.0,0.0,0.0
2014-09-09,0.0,0.0,0.0,0.0,0.0
2014-09-10,0.0,0.0,0.0,0.0,0.0
2014-09-11,0.0,0.0,0.0,0.0,0.0
2014-09-12,0.0,0.0,0.0,0.0,0.0
2014-09-13,0.0,0.0,0.0,0.0,0.0
2014-09-14,0.0,0.0,0.0,0.0,0.0
2014-09-15,0.0,0.0,0.0,0.0,0.0
2014-09-16,0.0,0.0,0.0,0.0,0.0
2014-09-17,0.0,0.0,0.0,0.0,0.0
2014-09-18,0.0,0.0,0.0,0.0,0.0
2014-09-19,0.0,0.0,0.0,0.0,0.0
2014-09-20,0.0,0.0,0.0,0.0,0.0
2014-09-21,0.0,0.0,0.0,0.0,0.0
2014-09-22,0.0,0.0,0.0,0.0,0.0
2014-09-23,0.0,0.0,0.0,0.0,0.0
2014-09-24,0.0,0.0,0.0,0.0,0.0
2014-09-25,1.525,54.43,8.12,19.99,26.32
2014-09-26,0.141,27.07,7.62,3.45,16.01
2014-09-27,0.01,10.44,7.39,0.0,3.06
2014-09-28,0.005,7.42,6.66,0.0,0.77
2014-09-29,0.006,7.58,6.83,0.0,0.76
2014-09-30,0.004,7.63,6.9,0.0,0.72
2014-10-01,0.003,7.41,6.69,0.0,0.72
2014-10-02,0.004,7.53,6.76,0.0,0.77
2014-10-03,0.003,7.5,6.77,0.0,0.73
2014-10-04,0.004,7.55,6.78,0.0,0.76
2014-10-05,0.002,7.57,6.84,0.0,0.72
2014-10-06,0.002,7.49,6.74,0.0,0.74
2014-10-07,0.002,7.62,6.87,0.0,0.75
2014-10-08,0.001,7.71,7.02,0.0,0.68
2014-10-09,0.0,6.78,6.21,0.0,0.57
2014-10-10,0.0,7.84,7.04,0.0,0.8
2014-10-11,0.0,6.84,6.5,0.0,0.34
2014-10-12,0.0,8.11,7.29,0.0,0.81
2014-10-13,0.0,7.61,7.03,0.0,0.58
2014-10-14,0.0,7.55,6.88,0.0,0.67
2014-10-15,0.0,7.48,6.69,0.0,0.79
2014-10-16,0.0,7.67,7.15,0.0,0.52
2014-10-17,0.0,7.45,6.71,0.0,0.74
2014-10-18,0.0,7.55,6.79,0.0,0.76
2014-10-19,0.0,7.55,6.8,0.0,0.75
2014-10-20,0.0,7.71,6.96,0.0,0.75
2014-10-21,0.0,7.8,7.43,0.0,0.37
2014-10-22,0.0,7.13,6.38,0.01,0.74
2014-10-23,0.0,7.27,6.52,0.0,0.76
2014-10-24,0.0,7.67,6.89,0.0,0.78
2014-10-25,0.0,7.48,6.79,0.0,0.68
2014-10-26,0.0,8.15,7.46,0.0,0.69
2014-10-27,0.0,0.0,0.0,0.0,0.0
2014-10-28,0.0,0.0,0.0,0.0,0.0
2014-10-29,0.0,7.42,6.75,0.29,0.38
2014-10-30,0.0,7.53,6.84,0.0,0.69
2014-10-31,0.0,7.54,6.87,0.03,0.65
2014-11-01,0.0,0.0,0.0,0.0,0.0
2014-11-02,0.0,0.0,0.0,0.0,0.0
2014-11-03,0.0,0.0,0.0,0.0,0.0
2014-11-04,0.0,0.0,0.0,0.0,0.0
2014-11-05,0.0,0.0,0.0,0.0,0.0
2014-11-06,0.0,0.0,0.0,0.0,0.0
2014-11-07,0.0,0.0,0.0,0.0,0.0
2014-11-08,0.0,0.0,0.0,0.0,0.0
2014-11-09,0.0,0.0,0.0,0.0,0.0
2014-11-10,0.0,0.0,0.0,0.0,0.0
2014-11-11,0.0,0.0,0.0,0.0,0.0
2014-11-12,0.0,0.0,0.0,0.0,0.0
2014-11-13,0.96,24.17,6.69,7.39,10.09
2014-11-14,0.085,13.39,7.62,0.01,5.75
2014-11-15,0.006,8.39,7.3,0.0,1.09
2014-11-16,0.002,7.72,7.04,0.0,0.67
2014-11-17,0.001,7.32,6.67,0.0,0.65
2014-11-18,0.001,7.5,6.78,0.0,0.72
2014-11-19,0.001,7.19,6.41,0.0,0.78
2014-11-20,1.441,46.32,8.01,16.54,21.77
2014-11-21,0.374,35.29,7.64,10.48,17.17
2014-11-22,1.332,30.19,7.19,9.88,13.12
2014-11-23,0.209,20.89,7.59,3.98,9.32
2014-11-24,0.024,8.71,7.12,0.0,1.59
2014-11-25,0.015,7.53,6.78,0.0,0.76
2014-11-26,0.018,7.46,6.68,0.0,0.77
2014-11-27,0.02,7.54,6.78,0.0,0.77
2014-11-28,0.018,7.56,6.8,0.0,0.76
2014-11-29,0.017,7.49,6.72,0.0,0.76
2014-11-30,5.869,80.28,12.92,28.5,38.86
2014-12-01,2.043,70.98,12.48,24.2,34.3
2014-12-02,17.374,140.31,19.93,51.72,68.66
2014-12-03,16.843,153.73,18.75,59.35,75.63
2014-12-04,3.605,50.3,12.15,16.16,21.99
2014-12-05,1.253,11.73,6.51,2.25,2.98
2014-12-06,3.166,25.98,9.26,7.22,9.5
2014-12-07,0.883,10.43,6.9,1.52,2.01
2014-12-08,0.653,8.73,6.81,0.75,1.17
2014-12-09,0.547,8.31,6.8,0.37,1.14
2014-12-10,0.463,8.17,6.8,0.23,1.14
2014-12-11,34.283,213.46,25.85,84.46,103.16
2014-12-12,8.094,74.42,16.42,23.44,34.56
2014-12-13,2.207,11.18,7.09,1.74,2.35
2014-12-14,1.729,8.46,6.49,0.85,1.12
2014-12-15,15.168,102.34,17.52,37.14,47.68
2014-12-16,11.22,87.79,15.9,31.62,40.27
2014-12-17,4.547,37.28,10.6,12.09,14.59
2014-12-18,2.771,13.45,8.4,2.19,2.86
2014-12-19,5.722,33.41,11.8,9.27,12.35
2014-12-20,2.134,14.87,7.54,3.12,4.2
2014-12-21,1.399,9.05,6.84,0.95,1.25
2014-12-22,1.045,8.84,6.83,0.87,1.14
2014-12-23,0.793,8.79,6.83,0.83,1.13
2014-12-24,0.606,8.44,6.84,0.47,1.14
2014-12-25,0.421,8.17,6.86,0.18,1.13
2014-12-26,0.316,7.93,6.81,0.01,1.1
2014-12-27,0.26,7.85,6.81,0.0,1.03
2014-12-28,0.21,7.78,6.81,0.0,0.96
2014-12-29,0.165,7.76,6.85,0.0,0.91
2014-12-30,0.088,7.84,7.03,0.0,0.81
2014-12-31,0.034,7.52,6.81,0.0,0.7
2015-01-01,0.044,7.55,6.74,0.0,0.81
2015-01-02,0.038,7.58,6.81,0.0,0.77
2015-01-03,0.032,7.57,6.81,0.0,0.77
2015-01-04,0.025,7.6,6.85,0.0,0.76
2015-01-05,0.017,7.58,6.83,0.0,0.74
2015-01-06,0.014,7.52,6.77,0.0,0.75
2015-01-07,0.014,7.55,6.79,0.0,0.76
2015-01-08,0.012,7.57,6.82,0.0,0.76
2015-01-09,0.01,7.55,6.81,0.0,0.75
2015-01-10,0.008,7.58,6.83,0.0,0.75
2015-01-11,0.005,7.68,6.97,0.0,0.71
2015-01-12,0.003,7.49,6.76,0.0,0.73
2015-01-13,0.003,7.49,6.74,0.0,0.76
2015-01-14,0.002,7.64,6.91,0.0,0.74
2015-01-15,0.002,7.58,6.84,0.0,0.74
2015-01-16,0.002,7.46,6.7,0.0,0.76
2015-01-17,0.002,7.51,6.75,0.0,0.76
2015-01-18,0.002,7.51,6.75,0.0,0.76
2015-01-19,0.001,7.84,7.11,0.0,0.73
2015-01-20,0.0,7.87,7.66,0.0,0.2
2015-01-21,0.0,7.7,7.66,0.0,0.04
2015-01-22,0.0,7.67,7.66,0.0,0.01
2015-01-23,0.0,5.33,4.61,0.07,0.65
2015-01-24,0.0,8.13,7.32,0.0,0.81
2015-01-25,0.0,7.81,7.66,0.0,0.15
2015-01-26,0.0,7.69,7.66,0.0,0.03
2015-01-27,0.0,0.0,0.0,0.0,0.0
2015-01-28,0.0,0.0,0.0,0.0,0.0
2015-01-29,0.0,0.0,0.0,0.0,0.0
2015-01-30,0.0,0.0,0.0,0.0,0.0
2015-01-31,0.0,0.0,0.0,0.0,0.0
2015-02-01,0.0,7.58,6.77,0.01,0.8
2015-02-02,0.0,6.62,6.33,0.02,0.27
2015-02-03,0.0,7.48,6.69,0.0,0.79
2015-02-04,0.0,7.52,6.74,0.0,0.78
2015-02-05,0.0,7.91,7.66,0.0,0.25
2015-02-06,3.061,68.17,12.1,23.78,32.29
2015-02-07,2.528,44.88,10.11,14.69,20.08
2015-02-08,11.975,160.19,19.25,62.08,78.86
2015-02-09,1.553,34.28,7.98,11.59,14.72
2015-02-10,0.654,10.09,6.87,1.22,2.0
2015-02-11,0.5,8.29,6.81,0.31,1.17
2015-02-12,0.417,8.1,6.8,0.16,1.14
2015-02-13,0.352,7.95,6.8,0.02,1.13
2015-02-14,0.3,7.89,6.8,0.01,1.08
2015-02-15,0.257,7.82,6.8,0.0,1.02
2015-02-16,0.221,7.77,6.8,0.0,0.97
2015-02-17,0.19,7.73,6.8,0.0,0.94
2015-02-18,0.162,7.7,6.8,0.0,0.9
2015-02-19,0.141,7.67,6.79,0.0,0.88
2015-02-20,0.125,7.65,6.79,0.0,0.86
2015-02-21,0.11,7.64,6.79,0.0,0.85
2015-02-22,0.089,7.67,6.84,0.0,0.82
2015-02-23,0.048,7.7,6.94,0.0,0.76
2015-02-24,0.044,7.49,6.69,0.0,0.8
2015-02-25,0.054,7.56,6.75,0.0,0.81
2015-02-26,0.047,7.6,6.81,0.0,0.79
2015-02-27,0.035,7.7,6.93,0.0,0.77
2015-02-28,0.017,7.45,6.74,0.0,0.71
2015-03-01,0.022,7.51,6.73,0.0,0.78
2015-03-02,0.021,7.57,6.8,0.0,0.77
2015-03-03,0.019,7.55,6.79,0.0,0.76
2015-03-04,0.016,7.54,6.78,0.0,0.75
2015-03-05,0.014,7.56,6.8,0.0,0.76
2015-03-06,0.012,7.57,6.81,0.0,0.75
2015-03-07,0.009,7.53,6.78,0.0,0.75
2015-03-08,0.009,7.56,6.8,0.0,0.76
2015-03-09,0.007,7.53,6.79,0.0,0.75
2015-03-10,0.007,7.61,6.85,0.0,0.76
2015-03-11,0.007,7.41,6.64,0.0,0.77
2015-03-12,0.007,7.61,6.86,0.0,0.74
2015-03-13,0.005,7.54,6.8,0.0,0.74
2015-03-14,0.004,7.5,6.76,0.0,0.75
2015-03-15,0.004,7.56,6.82,0.0,0.75
2015-03-16,0.003,7.62,6.87,0.0,0.75
2015-03-17,0.001,7.72,7.05,0.0,0.67
2015-03-18,0.001,7.51,6.81,0.0,0.7
2015-03-19,0.001,7.45,6.7,0.0,0.75
2015-03-20,0.001,7.54,6.78,0.0,0.76
2015-03-21,0.001,7.5,6.76,0.0,0.75
2015-03-22,0.001,7.67,6.93,0.0,0.74
2015-03-23,0.0,8.04,7.54,0.0,0.5
2015-03-24,0.0,7.29,7.1,0.0,0.18
2015-03-25,0.0,5.08,4.46,0.0,0.62
2015-03-26,0.0,7.33,6.56,0.0,0.76
2015-03-27,0.0,7.73,6.94,0.0,0.79
2015-03-28,0.0,7.87,7.66,0.0,0.21
2015-03-29,0.0,7.7,7.66,0.0,0.04
2015-03-30,0.0,7.67,7.66,0.0,0.01
2015-03-31,0.0,0.0,0.0,0.0,0.0
2015-04-01,0.0,0.0,0.0,0.0,0.0
2015-04-02,0.0,0.0,0.0,0.0,0.0
2015-04-03,0.0,0.0,0.0,0.0,0.0
2015-04-04,0.0,0.0,0.0,0.0,0.0
2015-04-05,0.0,0.0,0.0,0.0,0.0
2015-04-06,0.0,0.0,0.0,0.0,0.0
2015-04-07,2.657,110.96,10.17,44.68,56.11
2015-04-08,0.275,43.65,7.28,13.14,23.23
2015-04-09,0.06,9.47,7.0,0.0,2.47
2015-04-10,0.039,7.61,6.82,0.0,0.79
2015-04-11,0.033,7.56,6.79,0.0,0.77
2015-04-12,0.029,7.56,6.79,0.0,0.77
2015-04-13,0.024,7.61,6.84,0.0,0.76
2015-04-14,0.012,7.83,7.11,0.0,0.72
2015-04-15,0.006,7.06,6.35,0.0,0.7
2015-04-16,0.015,7.5,6.71,0.0,0.79
2015-04-17,0.015,7.54,6.78,0.0,0.77
2015-04-18,0.013,7.54,6.78,0.0,0.76
2015-04-19,0.012,7.54,6.78,0.0,0.76
2015-04-20,0.011,7.55,6.8,0.0,0.76
2015-04-21,0.009,7.54,6.78,0.0,0.75
2015-04-22,0.008,7.55,6.79,0.0,0.75
2015-04-23,0.006,7.66,6.92,0.0,0.74
2015-04-24,0.003,7.62,6.91,0.0,0.72
2015-04-25,1.171,36.32,6.77,12.61,16.94
2015-04-26,0.108,15.38,7.39,0.01,7.97
2015-04-27,0.034,7.87,6.89,0.0,0.98
2015-04-28,0.027,7.55,6.79,0.0,0.77
2015-04-29,0.023,7.55,6.79,0.0,0.76
2015-04-30,0.021,7.56,6.8,0.0,0.76
2015-05-01,0.018,7.55,6.79,0.0,0.76
2015-05-02,0.017,7.53,6.77,0.0,0.76
2015-05-03,0.016,7.54,6.78,0.0,0.76
2015-05-04,0.014,7.55,6.79,0.0,0.76
2015-05-05,0.011,7.57,6.82,0.0,0.75
2015-05-06,0.008,7.58,6.84,0.0,0.73
2015-05-07,0.007,7.51,6.75,0.0,0.75
2015-05-08,0.007,7.5,6.74,0.0,0.76
2015-05-09,0.008,7.54,6.78,0.0,0.76
2015-05-10,0.007,7.55,6.81,0.0,0.75
2015-05-11,0.005,7.58,6.83,0.0,0.75
2015-05-12,0.003,7.57,6.85,0.0,0.72
2015-05-13,0.004,7.48,6.72,0.0,0.76
2015-05-14,0.003,7.53,6.78,0.0,0.75
2015-05-15,0.003,7.52,6.77,0.0,0.75
2015-05-16,0.003,7.54,6.79,0.0,0.74
2015-05-17,0.002,7.56,6.82,0.0,0.74
2015-05-18,0.002,7.53,6.81,0.0,0.72
2015-05-19,0.001,7.54,6.79,0.0,0.75
2015-05-20,0.001,7.51,6.76,0.0,0.75
2015-05-21,0.001,7.54,6.8,0.0,0.74
2015-05-22,0.001,7.5,6.76,0.0,0.73
2015-05-23,0.001,7.66,6.91,0.0,0.75
2015-05-24,0.001,7.45,6.74,0.0,0.71
2015-05-25,0.0,7.66,6.91,0.0,0.75
2015-05-26,0.0,7.53,6.82,0.0,0.71
2015-05-27,0.0,7.55,6.83,0.0,0.72
2015-05-28,0.0,7.59,6.9,0.0,0.7
2015-05-29,0.0,7.71,7.3,0.0,0.41
2015-05-30,0.0,7.8,7.66,0.0,0.13
2015-05-31,0.0,7.69,7.66,0.0,0.03
2015-06-01,0.0,0.0,0.0,0.0,0.0
2015-06-02,0.0,0.0,0.0,0.0,0.0
2015-06-03,0.0,0.0,0.0,0.0,0.0
2015-06-04,0.0,0.0,0.0,0.0,0.0
2015-06-05,0.0,0.0,0.0,0.0,0.0
2015-06-06,0.0,0.0,0.0,0.0,0.0
2015-06-07,0.0,0.0,0.0,0.0,0.0
2015-06-08,0.0,0.0,0.0,0.0,0.0
2015-06-09,0.0,0.0,0.0,0.0,0.0
2015-06-10,0.0,0.0,0.0,0.0,0.0
2015-06-11,0.0,0.0,0.0,0.0,0.0
2015-06-12,0.0,0.0,0.0,0.0,0.0
2015-06-13,0.0,0.0,0.0,0.0,0.0
2015-06-14,0.0,0.0,0.0,0.0,0.0
2015-06-15,0.0,0.0,0.0,0.0,0.0
2015-06-16,0.0,0.0,0.0,0.0,0.0
2015-06-17,0.0,0.0,0.0,0.0,0.0
2015-06-18,0.0,0.0,0.0,0.0,0.0
2015-06-19,0.0,0.0,0.0,0.0,0.0
2015-06-20,0.0,0.0,0.0,0.0,0.0
2015-06-21,0.0,0.0,0.0,0.0,0.0
2015-06-22,0.0,0.0,0.0,0.0,0.0
2015-06-23,0.0,0.0,0.0,0.0,0.0
2015-06-24,0.0,0.0,0.0,0.0,0.0
2015-06-25,0.0,0.0,0.0,0.0,0.0
2015-06-26,0.0,0.0,0.0,0.0,0.0
2015-06-27,0.0,0.0,0.0,0.0,0.0
2015-06-28,0.0,0.0,0.0,0.0,0.0
2015-06-29,0.0,0.0,0.0,0.0,0.0
2015-06-30,0.0,0.0,0.0,0.0,0.0
2015-07-01,0.0,0.0,0.0,0.0,0.0
2015-07-02,0.0,0.0,0.0,0.0,0.0
2015-07-03,0.0,0.0,0.0,0.0,0.0
2015-07-04,0.0,0.0,0.0,0.0,0.0
2015-07-05,0.0,0.0,0.0,0.0,0.0
2015-07-06,0.0,0.0,0.0,0.0,0.0
2015-07-07,0.0,0.0,0.0,0.0,0.0
2015-07-08,0.0,0.0,0.0,0.0,0.0
2015-07-09,0.0,0.0,0.0,0.0,0.0
2015-07-10,0.0,0.0,0.0,0.0,0.0
2015-07-11,0.0,0.0,0.0,0.0,0.0
2015-07-12,0.0,0.0,0.0,0.0,0.0
2015-07-13,0.0,0.0,0.0,0.0,0.0
2015-07-14,0.0,0.0,0.0,0.0,0.0
2015-07-15,0.0,0.0,0.0,0.0,0.0
2015-07-16,0.0,0.0,0.0,0.0,0.0
2015-07-17,0.0,0.0,0.0,0.0,0.0
2015-07-18,0.0,0.0,0.0,0.0,0.0
2015-07-19,0.0,0.0,0.0,0.0,0.0
2015-07-20,0.0,0.0,0.0,0.0,0.0
2015-07-21,0.0,0.0,0.0,0.0,0.0
2015-07-22,0.0,0.0,0.0,0.0,0.0
2015-07-23,0.0,0.0,0.0,0.0,0.0
2015-07-24,0.0,0.0,0.0,0.0,0.0
2015-07-25,0.0,0.0,0.0,0.0,0.0
2015-07-26,0.0,0.0,0.0,0.0,0.0
2015-07-27,0.0,0.0,0.0,0.0,0.0
2015-07-28,0.0,0.0,0.0,0.0,0.0
2015-07-29,0.0,0.0,0.0,0.0,0.0
2015-07-30,0.0,0.0,0.0,0.0,0.0
2015-07-31,0.0,0.0,0.0,0.0,0.0
2015-08-01,0.0,0.0,0.0,0.0,0.0
2015-08-02,0.0,0.0,0.0,0.0,0.0
2015-08-03,0.0,0.0,0.0,0.0,0.0
2015-08-04,0.0,0.0,0.0,0.0,0.0
2015-08-05,0.0,0.0,0.0,0.0,0.0
2015-08-06,0.0,0.0,0.0,0.0,0.0
2015-08-07,0.0,0.0,0.0,0.0,0.0
2015-08-08,0.0,0.0,0.0,0.0,0.0
2015-08-09,0.0,0.0,0.0,0.0,0.0
2015-08-10,0.0,0.0,0.0,0.0,0.0
2015-08-11,0.0,0.0,0.0,0.0,0.0
2015-08-12,0.0,0.0,0.0,0.0,0.0
2015-08-13,0.0,0.0,0.0,0.0,0.0
2015-08-14,0.0,0.0,0.0,0.0,0.0
2015-08-15,0.0,0.0,0.0,0.0,0.0
2015-08-16,0.0,0.0,0.0,0.0,0.0
2015-08-17,0.0,0.0,0.0,0.0,0.0
2015-08-18,0.0,0.0,0.0,0.0,0.0
2015-08-19,0.0,0.0,0.0,0.0,0.0
2015-08-20,0.0,0.0,0.0,0.0,0.0
2015-08-21,0.0,0.0,0.0,0.0,0.0
2015-08-22,0.0,0.0,0.0,0.0,0.0
2015-08-23,0.0,0.0,0.0,0.0,0.0
2015-08-24,0.0,0.0,0.0,0.0,0.0
2015-08-25,0.0,0.0,0.0,0.0,0.0
2015-08-26,0.0,0.0,0.0,0.0,0.0
2015-08-27,0.0,0.0,0.0,0.0,0.0
2015-08-28,0.0,0.0,0.0,0.0,0.0
2015-08-29,0.0,0.0,0.0,0.0,0.0
2015-08-30,0.0,0.0,0.0,0.0,0.0
2015-08-31,0.0,0.0,0.0,0.0,0.0
2015-09-01,0.0,0.0,0.0,0.0,0.0
2015-09-02,0.0,0.0,0.0,0.0,0.0
2015-09-03,0.0,0.0,0.0,0.0,0.0
2015-09-04,0.0,0.0,0.0,0.0,0.0
2015-09-05,0.0,0.0,0.0,0.0,0.0
2015-09-06,0.0,0.0,0.0,0.0,0.0
2015-09-07,0.0,0.0,0.0,0.0,0.0
2015-09-08,0.0,0.0,0.0,0.0,0.0
2015-09-09,0.0,0.0,0.0,0.0,0.0
2015-09-10,0.0,0.0,0.0,0.0,0.0
2015-09-11,0.0,0.0,0.0,0.0,0.0
2015-09-12,0.0,0.0,0.0,0.0,0.0
2015-09-13,0.0,0.0,0.0,0.0,0.0
2015-09-14,0.0,0.0,0.0,0.0,0.0
2015-09-15,0.0,0.0,0.0,0.0,0.0
2015-09-16,0.0,0.0,0.0,0.0,0.0
2015-09-17,0.0,0.0,0.0,0.0,0.0
2015-09-18,0.0,0.0,0.0,0.0,0.0
2015-09-19,0.0,0.0,0.0,0.0,0.0
2015-09-20,0.0,0.0,0.0,0.0,0.0
2015-09-21,0.0,0.0,0.0,0.0,0.0
2015-09-22,0.0,0.0,0.0,0.0,0.0
2015-09-23,0.0,0.0,0.0,0.0,0.0
2015-09-24,0.0,0.0,0.0,0.0,0.0
2015-09-25,0.0,0.0,0.0,0.0,0.0
2015-09-26,0.0,0.0,0.0,0.0,0.0
2015-09-27,0.0,0.0,0.0,0.0,0.0
2015-09-28,0.0,0.0,0.0,0.0,0.0
2015-09-29,0.0,0.0,0.0,0.0,0.0
2015-09-30,0.0,0.0,0.0,0.0,0.0
2015-10-01,0.0,0.0,0.0,0.0,0.0
2015-10-02,0.0,0.0,0.0,0.0,0.0
2015-10-03,0.0,0.0,0.0,0.0,0.0
2015-10-04,0.0,0.0,0.0,0.0,0.0
2015-10-05,0.0,0.0,0.0,0.0,0.0
2015-10-06,0.0,0.0,0.0,0.0,0.0
2015-10-07,0.0,0.0,0.0,0.0,0.0
2015-10-08,0.0,0.0,0.0,0.0,0.0
2015-10-09,0.0,0.0,0.0,0.0,0.0
2015-10-10,0.0,0.0,0.0,0.0,0.0
2015-10-11,0.0,0.0,0.0,0.0,0.0
2015-10-12,0.0,0.0,0.0,0.0,0.0
2015-10-13,0.0,0.0,0.0,0.0,0.0
2015-10-14,0.0,0.0,0.0,0.0,0.0
2015-10-15,0.0,0.0,0.0,0.0,0.0
2015-10-16,0.0,0.0,0.0,0.0,0.0
2015-10-17,0.0,0.0,0.0,0.0,0.0
2015-10-18,0.0,0.0,0.0,0.0,0.0
2015-10-19,0.0,0.0,0.0,0.0,0.0
2015-10-20,0.0,0.0,0.0,0.0,0.0
2015-10-21,0.0,0.0,0.0,0.0,0.0
2015-10-22,0.0,0.0,0.0,0.0,0.0
2015-10-23,0.0,0.0,0.0,0.0,0.0
2015-10-24,0.0,0.0,0.0,0.0,0.0
2015-10-25,0.0,0.0,0.0,0.0,0.0
2015-10-26,0.0,0.0,0.0,0.0,0.0
2015-10-27,0.0,0.0,0.0,0.0,0.0
2015-10-28,0.0,0.0,0.0,0.0,0.0
2015-10-29,0.0,0.0,0.0,0.0,0.0
2015-10-30,0.0,0.0,0.0,0.0,0.0
2015-10-31,0.0,0.0,0.0,0.0,0.0
2015-11-01,0.0,0.0,0.0,0.0,0.0
2015-11-02,2.177,80.82,9.39,30.42,41.01
2015-11-03,0.226,49.67,7.66,13.29,28.72
2015-11-04,0.011,15.67,7.62,0.0,8.05
2015-11-05,0.003,7.72,6.81,0.0,0.91
2015-11-06,0.003,7.33,6.59,0.0,0.74
2015-11-07,0.004,7.53,6.77,0.0,0.76
2015-11-08,0.004,7.53,6.78,0.0,0.75
2015-11-09,0.476,22.46,6.52,6.77,9.17
2015-11-10,0.119,15.94,7.65,0.82,7.47
2015-11-11,0.01,8.6,7.23,0.0,1.37
2015-11-12,0.005,7.5,6.78,0.0,0.72
2015-11-13,0.005,7.44,6.69,0.0,0.74
2015-11-14,0.006,7.51,6.75,0.0,0.76
2015-11-15,1.106,47.04,6.83,17.31,22.91
2015-11-16,0.136,28.17,7.65,3.57,16.95
2015-11-17,0.01,10.13,7.1,0.0,3.03
2015-11-18,0.012,7.49,6.7,0.0,0.79
2015-11-19,0.011,7.54,6.79,0.0,0.75
2015-11-20,0.012,7.49,6.72,0.0,0.76
2015-11-21,0.011,7.59,6.84,0.0,0.75
2015-11-22,0.009,7.5,6.76,0.0,0.74
2015-11-23,0.009,7.57,6.82,0.0,0.75
2015-11-24,0.005,7.79,7.07,0.0,0.71
2015-11-25,0.0,7.87,7.63,0.0,0.24
2015-11-26,0.0,7.65,7.32,0.0,0.33
2015-11-27,0.0,7.59,6.93,0.0,0.66
2015-11-28,0.0,7.52,6.79,0.0,0.73
2015-11-29,0.0,7.43,6.68,0.0,0.76
2015-11-30,0.0,5.89,5.2,0.0,0.7
2015-12-01,0.0,6.82,6.11,0.0,0.71
2015-12-02,0.001,7.4,6.62,0.0,0.77
2015-12-03,0.001,7.57,6.81,0.0,0.77
2015-12-04,0.001,7.41,6.66,0.0,0.74
2015-12-05,0.001,7.96,7.27,0.0,0.69
2015-12-06,0.001,6.99,6.24,0.0,0.75
2015-12-07,0.002,7.48,6.71,0.0,0.78
2015-12-08,0.002,7.51,6.76,0.0,0.74
2015-12-09,0.002,7.53,6.79,0.0,0.74
2015-12-10,2.175,46.93,7.16,17.16,22.61
2015-12-11,1.9,30.51,8.51,9.49,12.51
2015-12-12,0.13,14.18,7.54,0.66,5.98
2015-12-13,5.755,166.83,15.38,71.88,79.57
2015-12-14,0.493,76.95,7.61,31.53,37.81
2015-12-15,0.055,14.02,7.08,0.0,6.93
2015-12-16,0.046,7.55,6.68,0.0,0.86
2015-12-17,0.052,7.52,6.73,0.0,0.8
2015-12-18,0.053,7.57,6.77,0.0,0.8
2015-12-19,0.039,7.69,6.94,0.0,0.76
2015-12-20,0.994,35.92,7.42,12.29,16.2
2015-12-21,9.155,47.07,13.15,14.52,19.41
2015-12-22,3.96,39.82,12.66,11.68,15.48
2015-12-23,0.449,12.71,7.18,2.0,3.54
2015-12-24,0.227,7.95,6.83,0.0,1.11
2015-12-25,0.187,7.72,6.78,0.0,0.93
2015-12-26,0.173,7.69,6.77,0.0,0.92
2015-12-27,0.164,7.67,6.77,0.0,0.9
2015-12-28,0.146,7.69,6.81,0.0,0.88
2015-12-29,0.125,7.63,6.77,0.0,0.86
2015-12-30,0.12,7.63,6.78,0.0,0.86
2015-12-31,0.099,7.66,6.83,0.0,0.83
2016-01-01,0.074,7.63,6.83,0.0,0.8
2016-01-02,0.066,7.54,6.74,0.0,0.8
2016-01-03,0.071,7.56,6.74,0.0,0.81
2016-01-04,0.068,7.58,6.77,0.0,0.8
2016-01-05,6.845,65.4,12.94,22.24,30.21
2016-01-06,10.602,137.37,17.65,53.77,65.95
2016-01-07,1.286,24.69,7.4,7.57,9.72
2016-01-08,0.442,9.49,6.88,0.75,1.87
2016-01-09,0.392,8.27,6.77,0.16,1.34
2016-01-10,0.314,7.95,6.81,0.01,1.14
2016-01-11,0.269,7.83,6.79,0.0,1.04
2016-01-12,0.238,7.79,6.79,0.0,1.0
2016-01-13,2.705,44.71,9.06,15.37,20.28
2016-01-14,0.414,14.96,6.96,2.8,5.19
2016-01-15,0.795,19.86,5.9,5.78,8.18
2016-01-16,2.949,40.76,9.51,13.42,17.82
2016-01-17,4.6,47.82,11.02,15.69,21.12
2016-01-18,6.75,88.34,18.95,27.86,41.53
2016-01-19,11.581,96.82,17.63,33.11,46.08
2016-01-20,1.366,19.32,6.98,5.18,7.16
2016-01-21,0.901,9.3,6.83,1.06,1.41
2016-01-22,3.214,23.61,7.85,6.81,8.96
2016-01-23,3.237,52.69,11.13,17.69,23.88
2016-01-24,0.892,11.51,6.93,1.96,2.62
2016-01-25,0.635,8.66,6.82,0.64,1.2
2016-01-26,0.517,8.25,6.81,0.3,1.14
2016-01-27,0.426,8.11,6.81,0.17,1.14
2016-01-28,0.354,7.96,6.81,0.02,1.13
2016-01-29,0.328,7.85,6.51,0.13,1.21
2016-01-30,0.372,10.57,7.03,0.96,2.58
2016-01-31,0.191,7.93,6.91,0.0,1.02
2016-02-01,0.125,7.63,6.78,0.0,0.85
2016-02-02,0.129,7.64,6.76,0.0,0.87
2016-02-03,0.109,7.64,6.8,0.0,0.84
2016-02-04,0.099,7.63,6.79,0.0,0.84
2016-02-05,0.084,7.63,6.8,0.0,0.82
2016-02-06,0.071,7.61,6.8,0.0,0.81
2016-02-07,0.063,7.6,6.79,0.0,0.81
2016-02-08,0.053,7.6,6.8,0.0,0.79
2016-02-09,0.046,7.59,6.79,0.0,0.79
2016-02-10,0.04,7.58,6.79,0.0,0.79
2016-02-11,0.034,7.59,6.8,0.0,0.78
2016-02-12,0.029,7.58,6.8,0.0,0.78
2016-02-13,0.02,7.66,6.9,0.0,0.76
2016-02-14,0.014,7.53,6.78,0.0,0.76
2016-02-15,0.015,7.56,6.77,0.0,0.78
2016-02-16,0.013,7.58,6.81,0.0,0.77
2016-02-17,0.849,40.66,6.97,14.54,19.14
2016-02-18,2.039,40.19,9.01,13.44,17.73
2016-02-19,0.227,14.95,7.22,1.76,5.98
2016-02-20,0.105,7.85,6.85,0.0,1.0
2016-02-21,0.085,7.62,6.8,0.0,0.82
2016-02-22,0.072,7.61,6.8,0.0,0.81
2016-02-23,0.063,7.59,6.79,0.0,0.8
2016-02-24,0.055,7.59,6.79,0.0,0.79
2016-02-25,0.049,7.57,6.78,0.0,0.79
2016-02-26,0.043,7.58,6.79,0.0,0.78
2016-02-27,0.036,7.59,6.82,0.0,0.78
2016-02-28,0.029,7.56,6.79,0.0,0.77
2016-02-29,0.025,7.57,6.81,0.0,0.77
2016-03-01,0.021,7.56,6.79,0.0,0.76
2016-03-02,0.02,7.55,6.77,0.0,0.77
2016-03-03,0.02,7.52,6.75,0.0,0.78
2016-03-04,0.019,7.55,6.78,0.0,0.77
2016-03-05,11.363,142.14,19.81,52.82,69.51
2016-03-06,9.569,120.41,16.57,45.74,58.09
2016-03-07,5.922,114.83,17.62,44.87,52.35
2016-03-08,1.057,12.25,6.91,2.41,2.94
2016-03-09,0.782,8.94,6.81,0.92,1.21
2016-03-10,5.544,67.94,13.66,23.1,31.18
2016-03-11,5.833,37.61,11.82,11.07,14.71
2016-03-12,3.347,26.27,9.09,7.42,9.76
2016-03-13,10.766,47.41,14.38,14.08,18.94
2016-03-14,2.707,19.42,8.87,4.49,6.07
2016-03-15,1.578,9.11,6.84,0.98,1.29
2016-03-16,1.217,8.83,6.82,0.87,1.14
2016-03-17,0.959,8.82,6.82,0.86,1.14
2016-03-18,0.761,8.77,6.82,0.82,1.14
2016-03-19,0.608,8.41,6.82,0.46,1.14
2016-03-20,0.491,8.22,6.81,0.28,1.14
2016-03-21,0.393,8.07,6.83,0.11,1.14
2016-03-22,0.308,7.92,6.81,0.01,1.1
2016-03-23,0.255,7.82,6.8,0.0,1.02
2016-03-24,0.216,7.77,6.8,0.0,0.97
2016-03-25,0.178,7.74,6.81,0.0,0.92
2016-03-26,0.148,7.68,6.8,0.0,0.89
2016-03-27,0.125,7.69,6.82,0.0,0.87
2016-03-28,0.075,7.72,6.93,0.0,0.79
2016-03-29,0.068,7.53,6.72,0.0,0.81
2016-03-30,0.068,7.59,6.78,0.0,0.81
2016-03-31,0.059,7.6,6.8,0.0,0.8
2016-04-01,0.049,7.58,6.8,0.0,0.79
2016-04-02,0.042,7.58,6.8,0.0,0.78
2016-04-03,0.036,7.58,6.8,0.0,0.77
2016-04-04,0.03,7.58,6.82,0.0,0.77
2016-04-05,0.023,7.55,6.8,0.0,0.75
2016-04-06,0.02,7.57,6.81,0.0,0.76
2016-04-07,0.018,7.54,6.79,0.0,0.76
2016-04-08,0.017,7.34,6.6,0.0,0.74
2016-04-09,2.248,23.33,6.73,7.16,9.44
2016-04-10,1.58,18.1,7.33,4.63,6.14
2016-04-11,0.31,9.74,7.05,0.63,2.06
2016-04-12,0.186,7.8,6.83,0.0,0.97
2016-04-13,0.147,7.7,6.81,0.0,0.89
2016-04-14,0.121,7.67,6.81,0.0,0.86
2016-04-15,0.092,7.64,6.82,0.0,0.82
2016-04-16,0.084,7.61,6.78,0.0,0.83
2016-04-17,0.073,7.61,6.8,0.0,0.81
2016-04-18,0.062,7.61,6.8,0.0,0.8
2016-04-19,0.052,7.59,6.8,0.0,0.79
2016-04-20,0.043,7.59,6.81,0.0,0.78
2016-04-21,0.038,7.56,6.78,0.0,0.78
2016-04-22,0.029,7.69,6.93,0.0,0.76
2016-04-23,0.018,7.49,6.75,0.0,0.74
2016-04-24,0.015,7.78,7.01,0.0,0.77
2016-04-25,0.001,7.32,7.03,0.0,0.28
2016-04-26,0.005,7.43,6.63,0.0,0.79
2016-04-27,0.006,7.55,6.79,0.0,0.76
2016-04-28,0.005,7.35,6.62,0.0,0.72
2016-04-29,0.007,7.6,6.82,0.0,0.78
2016-04-30,0.003,7.52,6.82,0.0,0.7
2016-05-01,0.005,7.53,6.76,0.0,0.77
2016-05-02,0.004,7.53,6.78,0.0,0.75
2016-05-03,0.004,7.58,6.83,0.0,0.75
2016-05-04,0.003,7.54,6.8,0.0,0.74
2016-05-05,0.002,7.54,6.79,0.0,0.75
2016-05-06,0.002,7.49,6.75,0.0,0.74
2016-05-07,0.002,7.48,6.71,0.0,0.76
2016-05-08,0.002,7.59,6.87,0.0,0.73
2016-05-09,0.001,7.57,6.83,0.0,0.74
2016-05-10,0.001,7.52,6.78,0.0,0.74
2016-05-11,0.001,7.6,6.87,0.0,0.73
2016-05-12,0.001,7.55,6.81,0.0,0.74
2016-05-13,0.0,7.58,6.85,0.0,0.73
2016-05-14,0.0,7.44,6.71,0.0,0.73
2016-05-15,0.0,7.58,6.83,0.0,0.75
2016-05-16,0.0,7.69,6.96,0.0,0.73
2016-05-17,0.0,7.52,6.82,0.0,0.71
2016-05-18,0.0,7.6,6.89,0.0,0.71
2016-05-19,0.0,7.86,7.66,0.0,0.19
2016-05-20,0.0,7.7,7.66,0.0,0.03
2016-05-21,0.0,7.67,7.66,0.0,0.01
2016-05-22,0.0,6.74,6.53,0.07,0.14
2016-05-23,0.0,0.0,0.0,0.0,0.0
2016-05-24,0.0,6.79,6.75,0.0,0.04
2016-05-25,0.0,0.0,0.0,0.0,0.0
2016-05-26,0.0,0.0,0.0,0.0,0.0
2016-05-27,0.0,0.0,0.0,0.0,0.0
2016-05-28,0.0,0.0,0.0,0.0,0.0
2016-05-29,0.0,0.0,0.0,0.0,0.0
2016-05-30,0.0,0.0,0.0,0.0,0.0
2016-05-31,0.0,0.0,0.0,0.0,0.0
2016-06-01,0.0,0.0,0.0,0.0,0.0
2016-06-02,0.0,0.0,0.0,0.0,0.0
2016-06-03,0.0,0.0,0.0,0.0,0.0
2016-06-04,0.0,0.0,0.0,0.0,0.0
2016-06-05,0.0,0.0,0.0,0.0,0.0
2016-06-06,0.0,0.0,0.0,0.0,0.0
2016-06-07,0.0,0.0,0.0,0.0,0.0
2016-06-08,0.0,0.0,0.0,0.0,0.0
2016-06-09,0.0,0.0,0.0,0.0,0.0
2016-06-10,0.0,0.0,0.0,0.0,0.0
2016-06-11,0.0,0.0,0.0,0.0,0.0
2016-06-12,0.0,0.0,0.0,0.0,0.0
2016-06-13,0.0,0.0,0.0,0.0,0.0
2016-06-14,0.0,0.0,0.0,0.0,0.0
2016-06-15,0.0,0.0,0.0,0.0,0.0
2016-06-16,0.0,0.0,0.0,0.0,0.0
2016-06-17,0.0,0.0,0.0,0.0,0.0
2016-06-18,0.0,0.0,0.0,0.0,0.0
2016-06-19,0.0,0.0,0.0,0.0,0.0
2016-06-20,0.0,0.0,0.0,0.0,0.0
2016-06-21,0.0,0.0,0.0,0.0,0.0
2016-06-22,0.0,0.0,0.0,0.0,0.0
2016-06-23,0.0,0.0,0.0,0.0,0.0
2016-06-24,0.0,0.0,0.0,0.0,0.0
2016-06-25,0.0,0.0,0.0,0.0,0.0
2016-06-26,0.0,0.0,0.0,0.0,0.0
2016-06-27,0.0,0.0,0.0,0.0,0.0
2016-06-28,0.0,0.0,0.0,0.0,0.0
2016-06-29,0.0,0.0,0.0,0.0,0.0
2016-06-30,0.0,0.0,0.0,0.0,0.0
2016-07-01,0.0,0.0,0.0,0.0,0.0
2016-07-02,0.0,0.0,0.0,0.0,0.0
2016-07-03,0.0,0.0,0.0,0.0,0.0
2016-07-04,0.0,0.0,0.0,0.0,0.0
2016-07-05,0.0,0.0,0.0,0.0,0.0
2016-07-06,0.0,0.0,0.0,0.0,0.0
2016-07-07,0.0,0.0,0.0,0.0,0.0
2016-07-08,0.0,0.0,0.0,0.0,0.0
2016-07-09,0.0,0.0,0.0,0.0,0.0
2016-07-10,0.0,0.0,0.0,0.0,0.0
2016-07-11,0.0,0.0,0.0,0.0,0.0
2016-07-12,0.0,0.0,0.0,0.0,0.0
2016-07-13,0.0,0.0,0.0,0.0,0.0
2016-07-14,0.0,0.0,0.0,0.0,0.0
2016-07-15,0.0,0.0,0.0,0.0,0.0
2016-07-16,0.0,0.0,0.0,0.0,0.0
2016-07-17,0.0,0.0,0.0,0.0,0.0
2016-07-18,0.0,0.0,0.0,0.0,0.0
2016-07-19,0.0,0.0,0.0,0.0,0.0
2016-07-20,0.0,0.0,0.0,0.0,0.0
2016-07-21,0.0,0.0,0.0,0.0,0.0
2016-07-22,0.0,0.0,0.0,0.0,0.0
2016-07-23,0.0,0.0,0.0,0.0,0.0
2016-07-24,0.0,0.0,0.0,0.0,0.0
2016-07-25,0.0,0.0,0.0,0.0,0.0
2016-07-26,0.0,0.0,0.0,0.0,0.0
2016-07-27,0.0,0.0,0.0,0.0,0.0
2016-07-28,0.0,0.0,0.0,0.0,0.0
2016-07-29,0.0,0.0,0.0,0.0,0.0
2016-07-30,0.0,0.0,0.0,0.0,0.0
2016-07-31,0.0,0.0,0.0,0.0,0.0
2016-08-01,0.0,0.0,0.0,0.0,0.0
2016-08-02,0.0,0.0,0.0,0.0,0.0
2016-08-03,0.0,0.0,0.0,0.0,0.0
2016-08-04,0.0,0.0,0.0,0.0,0.0
2016-08-05,0.0,0.0,0.0,0.0,0.0
2016-08-06,0.0,0.0,0.0,0.0,0.0
2016-08-07,0.0,0.0,0.0,0.0,0.0
2016-08-08,0.0,0.0,0.0,0.0,0.0
2016-08-09,0.0,0.0,0.0,0.0,0.0
2016-08-10,0.0,0.0,0.0,0.0,0.0
2016-08-11,0.0,0.0,0.0,0.0,0.0
2016-08-12,0.0,0.0,0.0,0.0,0.0
2016-08-13,0.0,0.0,0.0,0.0,0.0
2016-08-14,0.0,0.0,0.0,0.0,0.0
2016-08-15,0.0,0.0,0.0,0.0,0.0
2016-08-16,0.0,0.0,0.0,0.0,0.0
2016-08-17,0.0,0.0,0.0,0.0,0.0
2016-08-18,0.0,0.0,0.0,0.0,0.0
2016-08-19,0.0,0.0,0.0,0.0,0.0
2016-08-20,0.0,0.0,0.0,0.0,0.0
2016-08-21,0.0,0.0,0.0,0.0,0.0
2016-08-22,0.0,0.0,0.0,0.0,0.0
2016-08-23,0.0,0.0,0.0,0.0,0.0
2016-08-24,0.0,0.0,0.0,0.0,0.0
2016-08-25,0.0,0.0,0.0,0.0,0.0
2016-08-26,0.0,0.0,0.0,0.0,0.0
2016-08-27,0.0,0.0,0.0,0.0,0.0
2016-08-28,0.0,0.0,0.0,0.0,0.0
2016-08-29,0.0,0.0,0.0,0.0,0.0
2016-08-30,0.0,0.0,0.0,0.0,0.0
2016-08-31,0.0,0.0,0.0,0.0,0.0
2016-09-01,0.0,0.0,0.0,0.0,0.0
2016-09-02,0.0,0.0,0.0,0.0,0.0
2016-09-03,0.0,0.0,0.0,0.0,0.0
2016-09-04,0.0,0.0,0.0,0.0,0.0
2016-09-05,0.0,0.0,0.0,0.0,0.0
2016-09-06,0.0,0.0,0.0,0.0,0.0
2016-09-07,0.0,0.0,0.0,0.0,0.0
2016-09-08,0.0,0.0,0.0,0.0,0.0
2016-09-09,0.0,0.0,0.0,0.0,0.0
2016-09-10,0.0,0.0,0.0,0.0,0.0
2016-09-11,0.0,0.0,0.0,0.0,0.0
2016-09-12,0.0,0.0,0.0,0.0,0.0
2016-09-13,0.0,0.0,0.0,0.0,0.0
2016-09-14,0.0,0.0,0.0,0.0,0.0
2016-09-15,0.0,0.0,0.0,0.0,0.0
2016-09-16,0.0,0.0,0.0,0.0,0.0
2016-09-17,0.0,0.0,0.0,0.0,0.0
2016-09-18,0.0,0.0,0.0,0.0,0.0
2016-09-19,0.0,0.0,0.0,0.0,0.0
2016-09-20,0.0,0.0,0.0,0.0,0.0
2016-09-21,0.0,0.0,0.0,0.0,0.0
2016-09-22,0.0,0.0,0.0,0.0,0.0
2016-09-23,0.0,0.0,0.0,0.0,0.0
2016-09-24,0.0,0.0,0.0,0.0,0.0
2016-09-25,0.0,0.0,0.0,0.0,0.0
2016-09-26,0.0,0.0,0.0,0.0,0.0
2016-09-27,0.0,0.0,0.0,0.0,0.0
2016-09-28,0.0,0.0,0.0,0.0,0.0
2016-09-29,0.0,0.0,0.0,0.0,0.0
2016-09-30,0.0,0.0,0.0,0.0,0.0
2016-10-01,0.0,0.0,0.0,0.0,0.0
2016-10-02,0.0,0.0,0.0,0.0,0.0
2016-10-03,0.0,0.0,0.0,0.0,0.0
2016-10-04,0.0,0.0,0.0,0.0,0.0
2016-10-05,0.0,0.0,0.0,0.0,0.0
2016-10-06,0.0,0.0,0.0,0.0,0.0
2016-10-07,0.0,0.0,0.0,0.0,0.0
2016-10-08,0.0,0.0,0.0,0.0,0.0
2016-10-09,0.0,0.0,0.0,0.0,0.0
2016-10-10,0.0,0.0,0.0,0.0,0.0
2016-10-11,0.0,0.0,0.0,0.0,0.0
2016-10-12,0.0,0.0,0.0,0.0,0.0
2016-10-13,0.0,0.0,0.0,0.0,0.0
2016-10-14,0.0,0.0,0.0,0.0,0.0
2016-10-15,0.785,35.92,7.07,12.41,16.44
2016-10-16,7.63,80.09,14.75,28.35,36.99
2016-10-17,0.894,35.69,7.83,11.94,15.91
2016-10-18,0.157,10.0,6.99,0.0,3.0
2016-10-19,0.107,7.69,6.81,0.0,0.88
2016-10-20,0.098,7.6,6.77,0.0,0.83
2016-10-21,0.091,7.61,6.78,0.0,0.83
2016-10-22,0.081,7.6,6.79,0.0,0.81
2016-10-23,0.075,7.58,6.77,0.0,0.81
2016-10-24,0.07,7.59,6.78,0.0,0.81
2016-10-25,0.068,7.56,6.75,0.0,0.81
2016-10-26,0.062,7.6,6.8,0.0,0.8
2016-10-27,1.601,33.28,7.38,11.12,14.78
2016-10-28,5.245,55.16,14.68,17.25,23.22
2016-10-29,0.59,14.49,6.99,2.94,4.56
2016-10-30,4.682,97.77,12.7,38.96,46.11
2016-10-31,1.007,30.58,7.21,10.6,12.78
2016-11-01,0.545,11.69,6.9,1.84,2.95
2016-11-02,0.281,8.09,6.85,0.0,1.23
2016-11-03,0.23,7.79,6.79,0.0,0.99
2016-11-04,0.205,7.74,6.78,0.0,0.95
2016-11-05,0.184,7.71,6.78,0.0,0.93
2016-11-06,0.166,7.69,6.78,0.0,0.91
2016-11-07,0.149,7.67,6.78,0.0,0.89
2016-11-08,0.133,7.66,6.79,0.0,0.87
2016-11-09,0.119,7.64,6.78,0.0,0.86
2016-11-10,0.106,7.63,6.79,0.0,0.84
2016-11-11,0.095,7.62,6.78,0.0,0.83
2016-11-12,0.086,7.6,6.78,0.0,0.82
2016-11-13,0.077,7.61,6.79,0.0,0.81
2016-11-14,0.068,7.59,6.78,0.0,0.8
2016-11-15,0.062,7.6,6.8,0.0,0.8
2016-11-16,0.035,7.81,7.08,0.0,0.74
2016-11-17,0.022,7.39,6.63,0.0,0.76
2016-11-18,0.02,7.53,6.78,0.0,0.75
2016-11-19,1.747,45.34,8.6,15.82,20.92
2016-11-20,2.727,39.33,8.85,13.12,17.37
2016-11-21,0.473,24.32,7.39,6.63,10.3
2016-11-22,0.154,8.13,6.64,0.0,1.48
2016-11-23,0.547,21.54,6.78,5.81,8.95
2016-11-24,0.139,8.75,6.92,0.0,1.83
2016-11-25,0.108,7.64,6.78,0.0,0.86
2016-11-26,2.172,31.35,7.25,10.38,13.73
2016-11-27,2.409,26.17,9.09,7.36,9.72
2016-11-28,0.34,11.32,7.08,1.24,2.99
2016-11-29,0.197,7.83,6.81,0.0,1.02
2016-11-30,0.177,7.71,6.79,0.0,0.92
2016-12-01,0.146,7.7,6.82,0.0,0.88
2016-12-02,0.113,7.65,6.81,0.0,0.84
2016-12-03,0.116,7.59,6.73,0.0,0.86
2016-12-04,0.113,7.63,6.78,0.0,0.85
2016-12-05,0.092,7.68,6.85,0.0,0.83
2016-12-06,0.065,7.61,6.82,0.0,0.79
2016-12-07,0.542,8.86,2.41,2.75,3.7
2016-12-08,11.764,82.95,17.03,27.86,38.05
2016-12-09,1.658,16.62,7.3,3.98,5.34
2016-12-10,7.63,73.64,14.82,26.51,32.31
2016-12-11,1.288,25.61,7.27,8.44,9.91
2016-12-12,0.687,9.62,6.84,1.17,1.62
2016-12-13,0.559,8.35,6.8,0.4,1.15
2016-12-14,0.476,8.18,6.8,0.25,1.14
2016-12-15,13.74,133.82,19.96,50.21,63.65
2016-12-16,2.631,43.52,11.06,14.05,18.42
2016-12-17,0.954,10.26,6.86,1.47,1.93
2016-12-18,0.734,8.81,6.82,0.83,1.17
2016-12-19,0.59,8.38,6.81,0.44,1.14
2016-12-20,0.483,8.21,6.81,0.27,1.14
2016-12-21,0.406,8.06,6.8,0.12,1.14
2016-12-22,0.34,7.95,6.81,0.01,1.13
2016-12-23,4.163,70.09,10.82,25.83,33.44
2016-12-24,0.815,21.9,7.19,6.27,8.45
2016-12-25,0.388,8.81,6.85,0.38,1.59
2016-12-26,0.288,7.92,6.82,0.01,1.09
2016-12-27,0.241,7.79,6.79,0.0,1.0
2016-12-28,0.21,7.76,6.8,0.0,0.96
2016-12-29,0.177,7.72,6.8,0.0,0.92
2016-12-30,0.155,7.69,6.8,0.0,0.9
2016-12-31,0.125,7.69,6.82,0.0,0.86
2017-01-01,0.098,7.66,6.83,0.0,0.83
2017-01-02,0.077,7.62,6.81,0.0,0.81
2017-01-03,3.884,39.3,10.94,12.21,16.14
2017-01-04,6.94,43.85,12.52,13.48,17.85
2017-01-05,1.897,23.41,9.1,6.18,8.13
2017-01-06,0.679,9.39,6.87,0.95,1.56
2017-01-07,4.317,30.89,8.13,9.81,12.96
2017-01-08,17.094,73.7,18.2,23.4,32.11
2017-01-09,4.503,27.55,10.7,7.25,9.6
2017-01-10,20.213,103.56,19.06,35.66,48.85
2017-01-11,5.098,59.55,12.15,21.35,26.05
2017-01-12,5.21,23.81,10.6,5.71,7.5
2017-01-13,2.267,10.44,7.21,1.39,1.83
2017-01-14,1.626,8.89,6.84,0.88,1.16
2017-01-15,1.191,8.84,6.84,0.86,1.14
2017-01-16,0.884,8.83,6.84,0.86,1.13
2017-01-17,0.67,8.57,6.83,0.61,1.13
2017-01-18,6.891,70.46,14.29,24.37,31.8
2017-01-19,3.438,44.33,10.13,15.21,18.99
2017-01-20,14.621,216.65,17.95,87.89,110.82
2017-01-21,4.093,20.78,9.35,4.96,6.47
2017-01-22,10.031,89.96,14.24,34.28,41.44
2017-01-23,5.199,31.46,10.63,9.31,11.52
2017-01-24,2.464,15.67,8.08,3.28,4.31
2017-01-25,1.49,9.06,6.86,0.95,1.25
2017-01-26,1.048,8.85,6.85,0.87,1.14
2017-01-27,0.752,8.74,6.85,0.76,1.13
2017-01-28,0.547,8.34,6.84,0.36,1.13
2017-01-29,0.413,8.12,6.83,0.15,1.13
2017-01-30,0.318,7.94,6.82,0.01,1.11
2017-01-31,0.253,7.84,6.82,0.0,1.02
2017-02-01,0.206,7.77,6.81,0.0,0.96
2017-02-02,0.168,7.72,6.81,0.0,0.91
2017-02-03,2.035,42.09,7.15,15.05,19.89
2017-02-04,3.288,27.53,9.22,7.9,10.41
2017-02-05,1.663,22.86,7.11,6.76,8.99
2017-02-06,5.148,29.22,9.96,8.31,10.96
2017-02-07,12.949,77.1,17.19,24.98,34.93
2017-02-08,5.747,27.01,11.19,6.8,9.01
2017-02-09,8.682,54.52,14.19,17.19,23.15
2017-02-10,4.617,23.02,10.51,5.38,7.13
2017-02-11,1.912,9.36,6.87,1.08,1.42
2017-02-12,1.297,8.88,6.86,0.87,1.15
2017-02-13,0.894,8.84,6.86,0.85,1.13
2017-02-14,0.629,8.49,6.85,0.51,1.13
2017-02-15,0.46,8.23,6.84,0.25,1.13
2017-02-16,2.553,50.81,8.82,17.99,24.0
2017-02-17,10.037,62.99,14.19,20.9,27.91
2017-02-18,4.49,39.8,11.06,12.31,16.44
2017-02-19,1.689,9.39,6.41,1.29,1.7
2017-02-20,24.452,304.88,20.74,124.87,159.27
2017-02-21,7.475,72.6,12.52,26.64,33.45
2017-02-22,3.572,18.27,9.56,3.73,4.98
2017-02-23,2.042,9.03,6.9,0.92,1.21
2017-02-24,1.421,8.86,6.86,0.86,1.14
2017-02-25,0.995,8.84,6.85,0.86,1.13
2017-02-26,0.716,8.71,6.85,0.73,1.13
2017-02-27,0.526,8.3,6.84,0.33,1.13
2017-02-28,0.399,8.07,6.82,0.11,1.13
2017-03-01,0.319,7.94,6.81,0.01,1.11
2017-03-02,0.255,7.85,6.82,0.0,1.03
2017-03-03,0.207,7.78,6.81,0.0,0.96
2017-03-04,1.586,80.79,9.47,30.95,40.37
2017-03-05,4.14,75.85,11.11,28.28,36.46
2017-03-06,3.454,26.66,8.95,7.65,10.06
2017-03-07,1.133,11.82,6.98,2.09,2.75
2017-03-08,0.672,8.79,6.87,0.71,1.21
2017-03-09,0.473,8.25,6.85,0.27,1.14
2017-03-10,0.348,7.98,6.84,0.02,1.13
2017-03-11,0.264,7.88,6.83,0.0,1.04
2017-03-12,0.206,7.78,6.82,0.0,0.96
2017-03-13,0.165,7.72,6.81,0.0,0.91
2017-03-14,0.139,7.68,6.8,0.0,0.88
2017-03-15,0.119,7.65,6.79,0.0,0.85
2017-03-16,0.102,7.63,6.8,0.0,0.84
2017-03-17,0.087,7.62,6.79,0.0,0.82
2017-03-18,0.079,7.59,6.77,0.0,0.82
2017-03-19,0.073,7.59,6.78,0.0,0.81
2017-03-20,0.794,32.84,6.26,11.44,15.13
2017-03-21,5.563,66.44,12.53,23.1,30.81
2017-03-22,4.242,62.98,10.39,22.61,29.98
2017-03-23,1.0,13.07,6.94,2.64,3.5
2017-03-24,7.183,91.16,14.74,32.9,43.52
2017-03-25,1.665,20.65,7.17,5.8,7.69
2017-03-26,0.979,9.43,6.86,1.11,1.46
2017-03-27,0.694,8.69,6.84,0.69,1.15
2017-03-28,0.512,8.28,6.83,0.31,1.13
2017-03-29,0.404,8.08,6.81,0.13,1.13
2017-03-30,0.319,7.95,6.83,0.01,1.11
2017-03-31,0.245,7.83,6.81,0.0,1.01
2017-04-01,0.214,7.75,6.79,0.0,0.96
2017-04-02,0.185,7.73,6.8,0.0,0.93
2017-04-03,0.151,7.7,6.81,0.0,0.89
2017-04-04,0.13,7.66,6.79,0.0,0.87
2017-04-05,0.112,7.65,6.81,0.0,0.85
2017-04-06,4.242,72.85,12.25,25.68,34.92
2017-04-07,7.295,118.28,15.75,45.02,57.51
2017-04-08,4.417,100.82,12.23,41.01,47.58
2017-04-09,1.299,13.55,6.92,2.95,3.69
2017-04-10,0.864,9.05,6.84,0.96,1.25
2017-04-11,0.651,8.56,6.83,0.6,1.14
2017-04-12,0.945,11.69,6.43,2.14,3.12
2017-04-13,1.149,17.1,7.01,4.29,5.8
2017-04-14,0.496,8.94,6.88,0.58,1.49
2017-04-15,0.374,8.01,6.81,0.05,1.15
2017-04-16,0.307,7.91,6.81,0.01,1.1
2017-04-17,0.885,24.26,6.21,7.67,10.39
2017-04-18,1.004,20.06,7.18,5.48,7.4
2017-04-19,1.248,29.55,6.23,9.98,13.33
2017-04-20,1.399,35.26,7.47,11.93,15.86
2017-04-21,0.452,10.82,6.91,1.29,2.61
2017-04-22,0.32,8.01,6.82,0.01,1.17
2017-04-23,0.252,7.85,6.82,0.0,1.03
2017-04-24,0.207,7.75,6.8,0.0,0.96
2017-04-25,0.176,7.72,6.8,0.0,0.92
2017-04-26,0.154,7.68,6.79,0.0,0.89
2017-04-27,0.124,7.7,6.84,0.0,0.86
2017-04-28,0.097,7.62,6.8,0.0,0.83
2017-04-29,0.087,7.61,6.78,0.0,0.82
2017-04-30,0.08,7.6,6.78,0.0,0.82
2017-05-01,0.069,7.61,6.81,0.0,0.8
2017-05-02,0.059,7.58,6.79,0.0,0.8
2017-05-03,0.052,7.58,6.79,0.0,0.79
2017-05-04,0.046,7.57,6.79,0.0,0.78
2017-05-05,0.038,7.62,6.84,0.0,0.78
2017-05-06,0.021,7.6,6.89,0.0,0.72
2017-05-07,0.02,7.5,6.73,0.0,0.77
2017-05-08,0.021,7.56,6.79,0.0,0.77
2017-05-09,0.018,7.57,6.81,0.0,0.76
2017-05-10,0.015,7.55,6.79,0.0,0.76
2017-05-11,0.013,7.57,6.82,0.0,0.75
2017-05-12,0.009,7.64,6.9,0.0,0.74
2017-05-13,0.005,7.59,6.87,0.0,0.72
2017-05-14,0.004,7.53,6.78,0.0,0.75
2017-05-15,0.004,7.56,6.81,0.0,0.75
2017-05-16,0.003,7.43,6.67,0.0,0.75
2017-05-17,0.004,7.62,6.86,0.0,0.76
2017-05-18,0.003,7.53,6.79,0.0,0.74
2017-05-19,0.002,7.54,6.79,0.0,0.75
2017-05-20,0.002,7.56,6.81,0.0,0.75
2017-05-21,0.001,7.55,6.81,0.0,0.74
2017-05-22,0.001,7.57,6.82,0.0,0.75
2017-05-23,0.001,7.61,6.87,0.0,0.74
2017-05-24,0.0,7.57,6.84,0.0,0.73
2017-05-25,0.0,7.53,6.78,0.0,0.75
2017-05-26,0.0,7.71,6.96,0.0,0.75
2017-05-27,0.0,7.62,6.91,0.0,0.71
2017-05-28,0.0,7.55,6.86,0.0,0.69
2017-05-29,0.0,7.87,7.66,0.0,0.2
2017-05-30,0.0,7.7,7.65,0.0,0.05
2017-05-31,0.0,0.0,0.0,0.0,0.0
2017-06-01,0.0,0.0,0.0,0.0,0.0
2017-06-02,0.0,0.0,0.0,0.0,0.0
2017-06-03,0.0,0.0,0.0,0.0,0.0
2017-06-04,0.0,0.0,0.0,0.0,0.0
2017-06-05,0.0,0.0,0.0,0.0,0.0
2017-06-06,0.0,0.0,0.0,0.0,0.0
2017-06-07,0.0,0.0,0.0,0.0,0.0
2017-06-08,0.0,0.0,0.0,0.0,0.0
2017-06-09,0.0,0.0,0.0,0.0,0.0
2017-06-10,0.0,0.0,0.0,0.0,0.0
2017-06-11,0.0,0.0,0.0,0.0,0.0
2017-06-12,0.0,0.0,0.0,0.0,0.0
2017-06-13,0.0,0.0,0.0,0.0,0.0
2017-06-14,0.0,0.0,0.0,0.0,0.0
2017-06-15,0.0,0.0,0.0,0.0,0.0
2017-06-16,0.0,0.0,0.0,0.0,0.0
2017-06-17,0.0,0.0,0.0,0.0,0.0
2017-06-18,0.0,0.0,0.0,0.0,0.0
2017-06-19,0.0,0.0,0.0,0.0,0.0
2017-06-20,0.0,0.0,0.0,0.0,0.0
2017-06-21,0.0,0.0,0.0,0.0,0.0
2017-06-22,0.0,0.0,0.0,0.0,0.0
2017-06-23,0.0,0.0,0.0,0.0,0.0
2017-06-24,0.0,0.0,0.0,0.0,0.0
2017-06-25,0.0,0.0,0.0,0.0,0.0
2017-06-26,0.0,0.0,0.0,0.0,0.0
2017-06-27,0.0,0.0,0.0,0.0,0.0
2017-06-28,0.0,0.0,0.0,0.0,0.0
2017-06-29,0.0,0.0,0.0,0.0,0.0
2017-06-30,0.0,0.0,0.0,0.0,0.0
2017-07-01,0.0,0.0,0.0,0.0,0.0
2017-07-02,0.0,0.0,0.0,0.0,0.0
2017-07-03,0.0,0.0,0.0,0.0,0.0
2017-07-04,0.0,0.0,0.0,0.0,0.0
2017-07-05,0.0,0.0,0.0,0.0,0.0
2017-07-06,0.0,0.0,0.0,0.0,0.0
2017-07-07,0.0,0.0,0.0,0.0,0.0
2017-07-08,0.0,0.0,0.0,0.0,0.0
2017-07-09,0.0,0.0,0.0,0.0,0.0
2017-07-10,0.0,0.0,0.0,0.0,0.0
2017-07-11,0.0,0.0,0.0,0.0,0.0
2017-07-12,0.0,0.0,0.0,0.0,0.0
2017-07-13,0.0,0.0,0.0,0.0,0.0
2017-07-14,0.0,0.0,0.0,0.0,0.0
2017-07-15,0.0,0.0,0.0,0.0,0.0
2017-07-16,0.0,0.0,0.0,0.0,0.0
2017-07-17,0.0,0.0,0.0,0.0,0.0
2017-07-18,0.0,0.0,0.0,0.0,0.0
2017-07-19,0.0,0.0,0.0,0.0,0.0
2017-07-20,0.0,0.0,0.0,0.0,0.0
2017-07-21,0.0,0.0,0.0,0.0,0.0
2017-07-22,0.0,0.0,0.0,0.0,0.0
2017-07-23,0.0,0.0,0.0,0.0,0.0
2017-07-24,0.0,0.0,0.0,0.0,0.0
2017-07-25,0.0,0.0,0.0,0.0,0.0
2017-07-26,0.0,0.0,0.0,0.0,0.0
2017-07-27,0.0,0.0,0.0,0.0,0.0
2017-07-28,0.0,0.0,0.0,0.0,0.0
2017-07-29,0.0,0.0,0.0,0.0,0.0
2017-07-30,0.0,0.0,0.0,0.0,0.0
2017-07-31,0.0,0.0,0.0,0.0,0.0
2017-08-01,0.0,0.0,0.0,0.0,0.0
2017-08-02,0.0,0.0,0.0,0.0,0.0
2017-08-03,0.0,0.0,0.0,0.0,0.0
2017-08-04,0.0,0.0,0.0,0.0,0.0
2017-08-05,0.0,0.0,0.0,0.0,0.0
2017-08-06,0.0,0.0,0.0,0.0,0.0
2017-08-07,0.0,0.0,0.0,0.0,0.0
2017-08-08,0.0,0.0,0.0,0.0,0.0
2017-08-09,0.0,0.0,0.0,0.0,0.0
2017-08-10,0.0,0.0,0.0,0.0,0.0
2017-08-11,0.0,0.0,0.0,0.0,0.0
2017-08-12,0.0,0.0,0.0,0.0,0.0
2017-08-13,0.0,0.0,0.0,0.0,0.0
2017-08-14,0.0,0.0,0.0,0.0,0.0
2017-08-15,0.0,0.0,0.0,0.0,0.0
2017-08-16,0.0,0.0,0.0,0.0,0.0
2017-08-17,0.0,0.0,0.0,0.0,0.0
2017-08-18,0.0,0.0,0.0,0.0,0.0
2017-08-19,0.0,0.0,0.0,0.0,0.0
2017-08-20,0.0,0.0,0.0,0.0,0.0
2017-08-21,0.0,0.0,0.0,0.0,0.0
2017-08-22,0.0,0.0,0.0,0.0,0.0
2017-08-23,0.0,0.0,0.0,0.0,0.0
2017-08-24,0.0,0.0,0.0,0.0,0.0
2017-08-25,0.0,0.0,0.0,0.0,0.0
2017-08-26,0.0,0.0,0.0,0.0,0.0
2017-08-27,0.0,0.0,0.0,0.0,0.0
2017-08-28,0.0,0.0,0.0,0.0,0.0
2017-08-29,0.0,0.0,0.0,0.0,0.0
2017-08-30,0.0,0.0,0.0,0.0,0.0
2017-08-31,0.0,0.0,0.0,0.0,0.0
2017-09-01,0.0,0.0,0.0,0.0,0.0
2017-09-02,0.0,0.0,0.0,0.0,0.0
2017-09-03,0.0,0.0,0.0,0.0,0.0
2017-09-04,0.0,0.0,0.0,0.0,0.0
2017-09-05,0.0,0.0,0.0,0.0,0.0
2017-09-06,0.0,0.0,0.0,0.0,0.0
2017-09-07,0.0,0.0,0.0,0.0,0.0
2017-09-08,0.0,0.0,0.0,0.0,0.0
2017-09-09,0.0,0.0,0.0,0.0,0.0
2017-09-10,0.0,0.0,0.0,0.0,0.0
2017-09-11,0.0,0.0,0.0,0.0,0.0
2017-09-12,0.0,0.0,0.0,0.0,0.0
2017-09-13,0.0,0.0,0.0,0.0,0.0
2017-09-14,0.0,0.0,0.0,0.0,0.0
2017-09-15,0.0,0.0,0.0,0.0,0.0
2017-09-16,0.0,0.0,0.0,0.0,0.0
2017-09-17,0.0,0.0,0.0,0.0,0.0
2017-09-18,0.0,0.0,0.0,0.0,0.0
2017-09-19,0.0,0.0,0.0,0.0,0.0
2017-09-20,0.0,0.0,0.0,0.0,0.0
2017-09-21,0.0,0.0,0.0,0.0,0.0
2017-09-22,0.0,0.0,0.0,0.0,0.0
2017-09-23,0.0,0.0,0.0,0.0,0.0
2017-09-24,0.0,0.0,0.0,0.0,0.0
2017-09-25,0.0,0.0,0.0,0.0,0.0
2017-09-26,0.0,0.0,0.0,0.0,0.0
2017-09-27,0.0,0.0,0.0,0.0,0.0
2017-09-28,0.0,0.0,0.0,0.0,0.0
2017-09-29,0.0,0.0,0.0,0.0,0.0
2017-09-30,0.0,0.0,0.0,0.0,0.0
2017-10-01,0.0,0.0,0.0,0.0,0.0
2017-10-02,0.0,0.0,0.0,0.0,0.0
2017-10-03,0.0,0.0,0.0,0.0,0.0
2017-10-04,0.0,0.0,0.0,0.0,0.0
2017-10-05,0.0,0.0,0.0,0.0,0.0
2017-10-06,0.0,0.0,0.0,0.0,0.0
2017-10-07,0.0,0.0,0.0,0.0,0.0
2017-10-08,0.0,0.0,0.0,0.0,0.0
2017-10-09,0.0,0.0,0.0,0.0,0.0
2017-10-10,0.0,0.0,0.0,0.0,0.0
2017-10-11,0.0,0.0,0.0,0.0,0.0
2017-10-12,0.0,0.0,0.0,0.0,0.0
2017-10-13,0.0,0.0,0.0,0.0,0.0
2017-10-14,0.0,0.0,0.0,0.0,0.0
2017-10-15,0.0,0.0,0.0,0.0,0.0
2017-10-16,0.0,0.0,0.0,0.0,0.0
2017-10-17,0.0,0.0,0.0,0.0,0.0
2017-10-18,0.0,0.0,0.0,0.0,0.0
2017-10-19,0.0,0.0,0.0,0.0,0.0
2017-10-20,0.0,0.0,0.0,0.0,0.0
2017-10-21,0.0,0.0,0.0,0.0,0.0
2017-10-22,0.0,0.0,0.0,0.0,0.0
2017-10-23,0.0,0.0,0.0,0.0,0.0
2017-10-24,0.0,0.0,0.0,0.0,0.0
2017-10-25,0.0,0.0,0.0,0.0,0.0
2017-10-26,0.0,0.0,0.0,0.0,0.0
2017-10-27,0.0,0.0,0.0,0.0,0.0
2017-10-28,0.0,0.0,0.0,0.0,0.0
2017-10-29,0.0,0.0,0.0,0.0,0.0
2017-10-30,0.0,0.0,0.0,0.0,0.0
2017-10-31,0.0,0.0,0.0,0.0,0.0
2017-11-01,0.0,0.0,0.0,0.0,0.0
2017-11-02,0.0,0.0,0.0,0.0,0.0
2017-11-03,0.0,0.0,0.0,0.0,0.0
2017-11-04,1.319,37.45,7.2,12.84,17.4
2017-11-05,0.165,22.04,7.55,3.21,11.28
2017-11-06,0.028,8.45,7.01,0.0,1.45
2017-11-07,0.02,7.5,6.74,0.0,0.77
2017-11-08,0.022,7.5,6.73,0.0,0.77
2017-11-09,0.023,7.53,6.76,0.0,0.77
2017-11-10,0.13,9.56,6.53,0.03,3.01
2017-11-11,0.059,8.67,7.21,0.0,1.46
2017-11-12,0.026,7.57,6.83,0.0,0.74
2017-11-13,0.026,7.52,6.74,0.0,0.78
2017-11-14,0.022,7.58,6.83,0.0,0.75
2017-11-15,0.016,7.54,6.8,0.0,0.74
2017-11-16,8.444,61.62,14.28,20.3,27.04
2017-11-17,1.625,26.94,8.68,7.82,10.44
2017-11-18,0.402,9.76,6.92,0.78,2.06
2017-11-19,0.308,7.93,6.79,0.01,1.13
2017-11-20,0.278,7.83,6.78,0.0,1.05
2017-11-21,0.251,7.8,6.79,0.0,1.01
2017-11-22,0.225,7.76,6.79,0.0,0.98
2017-11-23,0.201,7.73,6.78,0.0,0.95
2017-11-24,0.18,7.71,6.78,0.0,0.92
2017-11-25,0.159,7.69,6.79,0.0,0.9
2017-11-26,0.155,7.15,6.32,0.0,0.83
2017-11-27,1.668,28.96,7.15,9.39,12.42
2017-11-28,0.295,12.5,7.08,1.45,3.96
2017-11-29,0.172,7.83,6.81,0.0,1.02
2017-11-30,0.153,7.68,6.79,0.0,0.9
2017-12-01,0.138,7.66,6.78,0.0,0.88
2017-12-02,0.126,7.65,6.78,0.0,0.86
2017-12-03,0.096,7.72,6.89,0.0,0.83
2017-12-04,0.054,7.7,6.93,0.0,0.77
2017-12-05,0.042,7.38,6.61,0.0,0.78
2017-12-06,0.052,7.61,6.8,0.0,0.8
2017-12-07,0.046,7.53,6.74,0.0,0.79
2017-12-08,0.048,7.58,6.78,0.0,0.8
2017-12-09,0.041,7.58,6.8,0.0,0.78
2017-12-10,0.036,7.57,6.79,0.0,0.78
2017-12-11,0.032,7.56,6.79,0.0,0.78
2017-12-12,0.025,7.59,6.84,0.0,0.76
2017-12-13,0.021,7.55,6.79,0.0,0.77
2017-12-14,0.023,7.5,6.72,0.0,0.78
2017-12-15,0.024,7.6,6.82,0.0,0.78
2017-12-16,0.008,8.01,7.35,0.0,0.66
2017-12-17,0.002,6.44,5.85,0.0,0.59
2017-12-18,0.005,7.54,6.75,0.0,0.79
2017-12-19,0.007,7.55,6.77,0.0,0.78
2017-12-20,0.004,7.85,7.13,0.0,0.72
2017-12-21,0.0,7.84,7.66,0.0,0.18
2017-12-22,0.0,7.7,7.66,0.0,0.03
2017-12-23,0.0,6.53,6.52,0.0,0.0
2017-12-24,0.0,6.14,5.44,0.0,0.7
2017-12-25,0.001,7.21,6.45,0.0,0.76
2017-12-26,0.001,7.71,6.93,0.0,0.78
2017-12-27,0.001,6.95,6.22,0.0,0.72
2017-12-28,0.001,7.61,6.85,0.0,0.76
2017-12-29,0.002,7.52,6.74,0.0,0.78
2017-12-30,0.001,7.49,6.77,0.0,0.72
2017-12-31,0.001,7.7,6.96,0.0,0.74
2018-01-01,0.001,7.58,6.83,0.0,0.75
2018-01-02,0.0,7.53,6.81,0.0,0.73
2018-01-03,0.013,3.68,3.15,0.0,0.53
2018-01-04,0.105,10.68,6.78,0.02,3.88
2018-01-05,1.222,20.69,6.31,6.1,8.29
2018-01-06,0.767,22.31,7.49,6.13,8.69
2018-01-07,0.099,9.23,7.09,0.0,2.14
2018-01-08,26.785,119.44,20.79,39.68,58.97
2018-01-09,10.844,161.22,23.87,60.22,77.13
2018-01-10,1.704,11.71,6.85,2.05,2.8
2018-01-11,1.301,8.93,6.82,0.91,1.2
2018-01-12,1.038,8.82,6.82,0.86,1.14
2018-01-13,0.839,8.8,6.81,0.86,1.14
2018-01-14,0.686,8.53,6.81,0.59,1.14
2018-01-15,0.567,8.29,6.81,0.35,1.14
2018-01-16,0.474,8.22,6.8,0.28,1.14
2018-01-17,0.396,8.05,6.8,0.11,1.14
2018-01-18,0.579,12.97,6.27,2.59,4.1
2018-01-19,0.641,16.07,7.2,3.59,5.28
2018-01-20,0.268,8.2,6.86,0.01,1.33
2018-01-21,0.222,7.77,6.79,0.0,0.98
2018-01-22,1.077,30.81,6.64,10.36,13.82
2018-01-23,0.361,15.26,7.07,2.73,5.46
2018-01-24,1.659,38.46,8.81,12.73,16.92
2018-01-25,1.48,29.48,7.91,9.25,12.31
2018-01-26,0.55,12.23,7.1,1.94,3.19
2018-01-27,0.282,8.02,6.84,0.01,1.18
2018-01-28,0.228,7.79,6.8,0.0,0.99
2018-01-29,0.196,7.74,6.8,0.0,0.94
2018-01-30,0.169,7.71,6.79,0.0,0.91
2018-01-31,0.144,7.69,6.8,0.0,0.88
2018-02-01,0.122,7.66,6.8,0.0,0.86
2018-02-02,0.106,7.64,6.79,0.0,0.84
2018-02-03,0.091,7.63,6.8,0.0,0.83
2018-02-04,0.078,7.61,6.79,0.0,0.82
2018-02-05,0.068,7.6,6.79,0.0,0.81
2018-02-06,0.057,7.6,6.81,0.0,0.79
2018-02-07,0.049,7.58,6.79,0.0,0.79
2018-02-08,0.042,7.59,6.8,0.0,0.78
2018-02-09,0.036,7.58,6.8,0.0,0.78
2018-02-10,0.026,7.65,6.89,0.0,0.75
2018-02-11,0.017,7.68,6.93,0.0,0.75
2018-02-12,0.005,7.58,6.96,0.0,0.61
2018-02-13,0.005,7.46,6.7,0.0,0.75
2018-02-14,0.007,7.52,6.74,0.0,0.78
2018-02-15,0.005,7.54,6.81,0.0,0.73
2018-02-16,0.005,7.5,6.74,0.0,0.76
2018-02-17,0.006,7.52,6.76,0.0,0.76
2018-02-18,0.004,7.83,7.1,0.0,0.74
2018-02-19,0.0,7.86,7.66,0.0,0.2
2018-02-20,0.0,7.7,7.66,0.0,0.04
2018-02-21,0.0,7.67,7.66,0.0,0.01
2018-02-22,0.0,7.67,7.66,0.0,0.0
2018-02-23,0.0,0.0,0.0,0.0,0.0
2018-02-24,0.0,0.0,0.0,0.0,0.0
2018-02-25,0.0,0.0,0.0,0.0,0.0
2018-02-26,0.0,0.0,0.0,0.0,0.0
2018-02-27,0.0,0.0,0.0,0.0,0.0
2018-02-28,0.0,0.0,0.0,0.0,0.0
2018-03-01,7.634,60.76,12.86,20.55,27.36
2018-03-02,2.644,37.62,8.96,12.35,16.3
2018-03-03,1.214,18.21,6.98,4.79,6.44
2018-03-04,0.553,11.15,6.99,1.55,2.61
2018-03-05,0.366,8.06,6.81,0.05,1.19
2018-03-06,0.312,7.9,6.79,0.01,1.1
2018-03-07,0.271,7.84,6.79,0.0,1.04
2018-03-08,0.236,7.79,6.79,0.0,0.99
2018-03-09,0.204,7.75,6.79,0.0,0.95
2018-03-10,0.178,7.71,6.79,0.0,0.92
2018-03-11,0.154,7.69,6.8,0.0,0.89
2018-03-12,0.136,7.66,6.78,0.0,0.87
2018-03-13,2.32,32.34,8.1,10.45,13.8
2018-03-14,1.381,22.39,7.05,6.57,8.77
2018-03-15,0.73,14.79,6.2,3.48,5.11
2018-03-16,2.179,25.24,7.82,7.5,9.92
2018-03-17,0.49,11.73,7.03,1.71,2.99
2018-03-18,0.31,8.0,6.81,0.01,1.18
2018-03-19,0.261,7.83,6.8,0.0,1.03
2018-03-20,2.017,30.49,8.16,9.58,12.75
2018-03-21,2.521,32.65,9.56,9.96,13.13
2018-03-22,5.219,43.71,11.72,13.73,18.26
2018-03-23,0.925,13.8,6.99,2.89,3.92
2018-03-24,0.626,8.75,6.81,0.62,1.32
2018-03-25,0.75,13.02,6.75,2.55,3.73
2018-03-26,0.469,8.86,6.85,0.53,1.48
2018-03-27,0.373,7.99,6.8,0.04,1.15
2018-03-28,0.315,7.92,6.8,0.01,1.11
2018-03-29,0.265,7.84,6.8,0.0,1.04
2018-03-30,0.223,7.78,6.8,0.0,0.98
2018-03-31,0.188,7.74,6.8,0.0,0.93
2018-04-01,0.157,7.71,6.81,0.0,0.9
2018-04-02,0.132,7.67,6.8,0.0,0.87
2018-04-03,0.112,7.65,6.8,0.0,0.85
2018-04-04,0.096,7.63,6.8,0.0,0.83
2018-04-05,0.082,7.62,6.8,0.0,0.82
2018-04-06,10.025,47.92,13.22,14.95,19.75
2018-04-07,10.535,85.18,18.71,26.6,39.87
2018-04-08,1.523,11.92,6.88,2.06,2.97
2018-04-09,1.095,8.95,6.83,0.91,1.21
2018-04-10,0.857,8.82,6.82,0.86,1.14
2018-04-11,1.044,17.7,6.42,4.8,6.47
2018-04-12,1.039,21.75,7.12,6.22,8.4
2018-04-13,0.537,9.04,6.84,0.64,1.56
2018-04-14,0.431,8.16,6.81,0.2,1.15
2018-04-15,0.356,7.96,6.81,0.02,1.13
2018-04-16,0.281,7.9,6.83,0.01,1.07
2018-04-17,0.229,7.77,6.79,0.0,0.98
2018-04-18,0.203,7.74,6.79,0.0,0.95
2018-04-19,0.171,7.72,6.81,0.0,0.91
2018-04-20,0.146,7.68,6.79,0.0,0.88
2018-04-21,0.124,7.66,6.8,0.0,0.86
2018-04-22,0.106,7.64,6.8,0.0,0.84
2018-04-23,0.092,7.62,6.79,0.0,0.83
2018-04-24,0.079,7.62,6.8,0.0,0.82
2018-04-25,0.065,7.61,6.81,0.0,0.8
2018-04-26,0.054,7.59,6.8,0.0,0.79
2018-04-27,0.045,7.58,6.8,0.0,0.78
2018-04-28,0.039,7.59,6.81,0.0,0.78
2018-04-29,0.031,7.58,6.82,0.0,0.76
2018-04-30,0.025,7.59,6.83,0.0,0.76
2018-05-01,0.019,7.51,6.76,0.0,0.75
2018-05-02,0.02,7.53,6.77,0.0,0.77
2018-05-03,0.017,7.57,6.82,0.0,0.75
2018-05-04,0.013,7.56,6.81,0.0,0.74
2018-05-05,0.012,7.53,6.78,0.0,0.76
2018-05-06,0.01,7.56,6.82,0.0,0.75
2018-05-07,0.008,7.55,6.8,0.0,0.75
2018-05-08,0.007,7.54,6.8,0.0,0.74
2018-05-09,0.006,7.55,6.8,0.0,0.75
2018-05-10,0.004,7.58,6.85,0.0,0.73
2018-05-11,0.003,7.55,6.83,0.0,0.73
2018-05-12,0.003,7.49,6.74,0.0,0.74
2018-05-13,0.003,7.54,6.79,0.0,0.75
2018-05-14,0.002,7.57,6.83,0.0,0.74
2018-05-15,0.002,7.5,6.76,0.0,0.73
2018-05-16,0.002,7.55,6.81,0.0,0.74
2018-05-17,0.002,7.52,6.78,0.0,0.75
2018-05-18,0.001,7.54,6.8,0.0,0.74
2018-05-19,0.001,7.78,7.07,0.0,0.71
2018-05-20,0.0,8.03,7.48,0.0,0.55
2018-05-21,0.0,5.91,5.31,0.0,0.59
2018-05-22,0.0,7.46,6.69,0.0,0.77
2018-05-23,0.0,7.56,6.8,0.0,0.76
2018-05-24,0.0,7.65,6.91,0.0,0.74
2018-05-25,0.0,7.31,6.66,0.0,0.65
2018-05-26,0.0,7.66,6.89,0.0,0.77
2018-05-27,0.0,7.57,6.87,0.0,0.7
2018-05-28,0.0,7.6,6.99,0.0,0.6
2018-05-29,0.0,7.85,7.66,0.0,0.19
2018-05-30,0.0,7.7,7.66,0.0,0.04
2018-05-31,0.0,0.0,0.0,0.0,0.0
2018-06-01,0.0,0.0,0.0,0.0,0.0
2018-06-02,0.0,0.0,0.0,0.0,0.0
2018-06-03,0.0,0.0,0.0,0.0,0.0
2018-06-04,0.0,0.0,0.0,0.0,0.0
2018-06-05,0.0,0.0,0.0,0.0,0.0
2018-06-06,0.0,0.0,0.0,0.0,0.0
2018-06-07,0.0,0.0,0.0,0.0,0.0
2018-06-08,0.0,0.0,0.0,0.0,0.0
2018-06-09,0.0,0.0,0.0,0.0,0.0
2018-06-10,0.0,0.0,0.0,0.0,0.0
2018-06-11,0.0,0.0,0.0,0.0,0.0
2018-06-12,0.0,0.0,0.0,0.0,0.0
2018-06-13,0.0,0.0,0.0,0.0,0.0
2018-06-14,0.0,0.0,0.0,0.0,0.0
2018-06-15,0.0,0.0,0.0,0.0,0.0
2018-06-16,0.0,0.0,0.0,0.0,0.0
2018-06-17,0.0,0.0,0.0,0.0,0.0
2018-06-18,0.0,0.0,0.0,0.0,0.0
2018-06-19,0.0,0.0,0.0,0.0,0.0
2018-06-20,0.0,0.0,0.0,0.0,0.0
2018-06-21,0.0,0.0,0.0,0.0,0.0
2018-06-22,0.0,0.0,0.0,0.0,0.0
2018-06-23,0.0,0.0,0.0,0.0,0.0
2018-06-24,0.0,0.0,0.0,0.0,0.0
2018-06-25,0.0,0.0,0.0,0.0,0.0
2018-06-26,0.0,0.0,0.0,0.0,0.0
2018-06-27,0.0,0.0,0.0,0.0,0.0
2018-06-28,0.0,0.0,0.0,0.0,0.0
2018-06-29,0.0,0.0,0.0,0.0,0.0
2018-06-30,0.0,0.0,0.0,0.0,0.0
2018-07-01,0.0,0.0,0.0,0.0,0.0
2018-07-02,0.0,0.0,0.0,0.0,0.0
2018-07-03,0.0,0.0,0.0,0.0,0.0
2018-07-04,0.0,0.0,0.0,0.0,0.0
2018-07-05,0.0,0.0,0.0,0.0,0.0
2018-07-06,0.0,0.0,0.0,0.0,0.0
2018-07-07,0.0,0.0,0.0,0.0,0.0
2018-07-08,0.0,0.0,0.0,0.0,0.0
2018-07-09,0.0,0.0,0.0,0.0,0.0
2018-07-10,0.0,0.0,0.0,0.0,0.0
2018-07-11,0.0,0.0,0.0,0.0,0.0
2018-07-12,0.0,0.0,0.0,0.0,0.0
2018-07-13,0.0,0.0,0.0,0.0,0.0
2018-07-14,0.0,0.0,0.0,0.0,0.0
2018-07-15,0.0,0.0,0.0,0.0,0.0
2018-07-16,0.0,0.0,0.0,0.0,0.0
2018-07-17,0.0,0.0,0.0,0.0,0.0
2018-07-18,0.0,0.0,0.0,0.0,0.0
2018-07-19,0.0,0.0,0.0,0.0,0.0
2018-07-20,0.0,0.0,0.0,0.0,0.0
2018-07-21,0.0,0.0,0.0,0.0,0.0
2018-07-22,0.0,0.0,0.0,0.0,0.0
2018-07-23,0.0,0.0,0.0,0.0,0.0
2018-07-24,0.0,0.0,0.0,0.0,0.0
2018-07-25,0.0,0.0,0.0,0.0,0.0
2018-07-26,0.0,0.0,0.0,0.0,0.0
2018-07-27,0.0,0.0,0.0,0.0,0.0
2018-07-28,0.0,0.0,0.0,0.0,0.0
2018-07-29,0.0,0.0,0.0,0.0,0.0
2018-07-30,0.0,0.0,0.0,0.0,0.0
2018-07-31,0.0,0.0,0.0,0.0,0.0
2018-08-01,0.0,0.0,0.0,0.0,0.0
2018-08-02,0.0,0.0,0.0,0.0,0.0
2018-08-03,0.0,0.0,0.0,0.0,0.0
2018-08-04,0.0,0.0,0.0,0.0,0.0
2018-08-05,0.0,0.0,0.0,0.0,0.0
2018-08-06,0.0,0.0,0.0,0.0,0.0
2018-08-07,0.0,0.0,0.0,0.0,0.0
2018-08-08,0.0,0.0,0.0,0.0,0.0
2018-08-09,0.0,0.0,0.0,0.0,0.0
2018-08-10,0.0,0.0,0.0,0.0,0.0
2018-08-11,0.0,0.0,0.0,0.0,0.0
2018-08-12,0.0,0.0,0.0,0.0,0.0
2018-08-13,0.0,0.0,0.0,0.0,0.0
2018-08-14,0.0,0.0,0.0,0.0,0.0
2018-08-15,0.0,0.0,0.0,0.0,0.0
2018-08-16,0.0,0.0,0.0,0.0,0.0
2018-08-17,0.0,0.0,0.0,0.0,0.0
2018-08-18,0.0,0.0,0.0,0.0,0.0
2018-08-19,0.0,0.0,0.0,0.0,0.0
2018-08-20,0.0,0.0,0.0,0.0,0.0
2018-08-21,0.0,0.0,0.0,0.0,0.0
2018-08-22,0.0,0.0,0.0,0.0,0.0
2018-08-23,0.0,0.0,0.0,0.0,0.0
2018-08-24,0.0,0.0,0.0,0.0,0.0
2018-08-25,0.0,0.0,0.0,0.0,0.0
2018-08-26,0.0,0.0,0.0,0.0,0.0
2018-08-27,0.0,0.0,0.0,0.0,0.0
2018-08-28,0.0,0.0,0.0,0.0,0.0
2018-08-29,0.0,0.0,0.0,0.0,0.0
2018-08-30,0.0,0.0,0.0,0.0,0.0
2018-08-31,0.0,0.0,0.0,0.0,0.0
2018-09-01,0.0,0.0,0.0,0.0,0.0
2018-09-02,0.0,0.0,0.0,0.0,0.0
2018-09-03,0.0,0.0,0.0,0.0,0.0
2018-09-04,0.0,0.0,0.0,0.0,0.0
2018-09-05,0.0,0.0,0.0,0.0,0.0
2018-09-06,0.0,0.0,0.0,0.0,0.0
2018-09-07,0.0,0.0,0.0,0.0,0.0
2018-09-08,0.0,0.0,0.0,0.0,0.0
2018-09-09,0.0,0.0,0.0,0.0,0.0
2018-09-10,0.0,0.0,0.0,0.0,0.0
2018-09-11,0.0,0.0,0.0,0.0,0.0
2018-09-12,0.0,0.0,0.0,0.0,0.0
2018-09-13,0.0,0.0,0.0,0.0,0.0
2018-09-14,0.0,0.0,0.0,0.0,0.0
2018-09-15,0.0,0.0,0.0,0.0,0.0
2018-09-16,0.0,0.0,0.0,0.0,0.0
2018-09-17,0.0,0.0,0.0,0.0,0.0
2018-09-18,0.0,0.0,0.0,0.0,0.0
2018-09-19,0.0,0.0,0.0,0.0,0.0
2018-09-20,0.0,0.0,0.0,0.0,0.0
2018-09-21,0.0,0.0,0.0,0.0,0.0
2018-09-22,0.0,0.0,0.0,0.0,0.0
2018-09-23,0.0,0.0,0.0,0.0,0.0
2018-09-24,0.0,0.0,0.0,0.0,0.0
2018-09-25,0.0,0.0,0.0,0.0,0.0
2018-09-26,0.0,0.0,0.0,0.0,0.0
2018-09-27,0.0,0.0,0.0,0.0,0.0
2018-09-28,0.0,0.0,0.0,0.0,0.0
2018-09-29,0.0,0.0,0.0,0.0,0.0
2018-09-30,0.0,0.0,0.0,0.0,0.0
2018-10-01,0.0,0.0,0.0,0.0,0.0
2018-10-02,0.0,0.0,0.0,0.0,0.0
2018-10-03,0.0,0.0,0.0,0.0,0.0
2018-10-04,0.0,0.0,0.0,0.0,0.0
2018-10-05,0.0,0.0,0.0,0.0,0.0
2018-10-06,0.0,0.0,0.0,0.0,0.0
2018-10-07,0.0,0.0,0.0,0.0,0.0
2018-10-08,0.0,0.0,0.0,0.0,0.0
2018-10-09,0.0,0.0,0.0,0.0,0.0
2018-10-10,0.0,0.0,0.0,0.0,0.0
2018-10-11,0.0,0.0,0.0,0.0,0.0
2018-10-12,0.0,0.0,0.0,0.0,0.0
2018-10-13,0.0,0.0,0.0,0.0,0.0
2018-10-14,0.0,0.0,0.0,0.0,0.0
2018-10-15,0.0,0.0,0.0,0.0,0.0
2018-10-16,0.0,0.0,0.0,0.0,0.0
2018-10-17,0.0,0.0,0.0,0.0,0.0
2018-10-18,0.0,0.0,0.0,0.0,0.0
2018-10-19,0.0,0.0,0.0,0.0,0.0
2018-10-20,0.0,0.0,0.0,0.0,0.0
2018-10-21,0.0,0.0,0.0,0.0,0.0
2018-10-22,0.0,0.0,0.0,0.0,0.0
2018-10-23,0.0,0.0,0.0,0.0,0.0
2018-10-24,0.0,0.0,0.0,0.0,0.0
2018-10-25,0.0,0.0,0.0,0.0,0.0
2018-10-26,0.0,0.0,0.0,0.0,0.0
2018-10-27,0.0,0.0,0.0,0.0,0.0
2018-10-28,0.0,0.0,0.0,0.0,0.0
2018-10-29,0.0,0.0,0.0,0.0,0.0
2018-10-30,0.0,0.0,0.0,0.0,0.0
2018-10-31,0.0,0.0,0.0,0.0,0.0
2018-11-01,0.0,0.0,0.0,0.0,0.0
2018-11-02,0.0,0.0,0.0,0.0,0.0
2018-11-03,0.0,0.0,0.0,0.0,0.0
2018-11-04,0.0,0.0,0.0,0.0,0.0
2018-11-05,0.0,0.0,0.0,0.0,0.0
2018-11-06,0.0,0.0,0.0,0.0,0.0
2018-11-07,0.0,0.0,0.0,0.0,0.0
2018-11-08,0.0,0.0,0.0,0.0,0.0
2018-11-09,0.0,0.0,0.0,0.0,0.0
2018-11-10,0.0,0.0,0.0,0.0,0.0
2018-11-11,0.0,0.0,0.0,0.0,0.0
2018-11-12,0.0,0.0,0.0,0.0,0.0
2018-11-13,0.0,0.0,0.0,0.0,0.0
2018-11-14,0.0,0.0,0.0,0.0,0.0
2018-11-15,0.0,0.0,0.0,0.0,0.0
2018-11-16,0.0,0.0,0.0,0.0,0.0
2018-11-17,0.0,0.0,0.0,0.0,0.0
2018-11-18,0.0,0.0,0.0,0.0,0.0
2018-11-19,0.0,0.0,0.0,0.0,0.0
2018-11-20,0.0,0.0,0.0,0.0,0.0
2018-11-21,4.099,80.03,13.23,28.57,38.24
2018-11-22,3.906,66.83,12.04,23.66,31.13
2018-11-23,5.104,56.64,12.19,19.62,24.82
2018-11-24,1.421,22.81,8.11,6.32,8.38
2018-11-25,0.353,9.39,6.93,0.53,1.93
2018-11-26,0.266,7.86,6.79,0.0,1.07
2018-11-27,0.529,14.07,6.24,3.17,4.66
2018-11-28,5.475,124.4,11.42,50.53,62.44
2018-11-29,8.502,215.23,22.38,89.62,103.24
2018-11-30,0.781,18.56,7.07,5.07,6.42
2018-12-01,0.642,11.36,6.73,1.81,2.82
2018-12-02,0.456,9.04,6.87,0.59,1.57
2018-12-03,0.355,7.98,6.81,0.02,1.15
2018-12-04,0.302,7.89,6.79,0.01,1.09
2018-12-05,0.261,7.82,6.79,0.0,1.03
2018-12-06,0.235,7.78,6.78,0.0,0.99
2018-12-07,0.214,7.75,6.78,0.0,0.96
2018-12-08,0.189,7.73,6.79,0.0,0.93
2018-12-09,0.167,7.69,6.78,0.0,0.91
2018-12-10,0.148,7.69,6.8,0.0,0.89
2018-12-11,0.123,7.65,6.79,0.0,0.86
2018-12-12,0.112,7.65,6.8,0.0,0.85
2018-12-13,0.095,7.62,6.79,0.0,0.83
2018-12-14,0.085,7.59,6.77,0.0,0.82
2018-12-15,0.081,7.6,6.78,0.0,0.82
2018-12-16,1.776,52.32,9.8,18.27,24.24
2018-12-17,2.06,58.37,11.01,20.27,27.09
2018-12-18,0.259,12.97,7.04,1.07,4.86
2018-12-19,0.169,7.83,6.81,0.0,1.02
2018-12-20,0.144,7.68,6.79,0.0,0.88
2018-12-21,0.473,19.17,6.65,5.13,7.39
2018-12-22,0.172,9.99,7.06,0.01,2.92
2018-12-23,0.108,7.68,6.8,0.0,0.88
2018-12-24,2.805,72.37,10.31,26.63,35.43
2018-12-25,1.507,44.74,9.37,15.18,20.19
2018-12-26,0.259,11.03,6.99,0.46,3.59
2018-12-27,0.163,7.86,6.87,0.0,0.99
2018-12-28,0.118,7.63,6.78,0.0,0.85
2018-12-29,0.123,7.61,6.75,0.0,0.87
2018-12-30,0.118,7.64,6.78,0.0,0.86
2018-12-31,0.073,7.83,7.03,0.0,0.8
2019-01-01,0.034,7.44,6.71,0.0,0.73
2019-01-02,0.05,7.51,6.7,0.0,0.81
2019-01-03,0.05,7.57,6.77,0.0,0.79
2019-01-04,0.048,7.56,6.77,0.0,0.79
2019-01-05,0.038,7.66,6.89,0.0,0.77
2019-01-06,9.325,91.67,17.66,31.02,42.98
2019-01-07,1.599,38.8,9.36,12.12,17.32
2019-01-08,0.442,10.49,6.89,1.1,2.49
2019-01-09,0.529,10.81,6.76,1.46,2.59
2019-01-10,0.31,8.05,6.83,0.01,1.21
2019-01-11,0.695,17.39,6.07,4.74,6.59
2019-01-12,1.159,18.34,7.12,4.79,6.42
2019-01-13,0.311,8.93,6.93,0.29,1.7
2019-01-14,0.228,7.82,6.81,0.0,1.01
2019-01-15,4.151,39.29,10.74,12.31,16.24
2019-01-16,11.378,114.28,16.8,43.28,54.2
2019-01-17,3.97,104.01,13.38,43.23,47.4
2019-01-18,1.074,13.44,6.91,2.97,3.55
2019-01-19,0.772,8.99,6.82,0.93,1.24
2019-01-20,2.109,20.18,7.28,5.54,7.35
2019-01-21,1.311,16.29,7.31,3.85,5.13
2019-01-22,0.598,8.83,6.86,0.6,1.38
2019-01-23,0.475,8.21,6.81,0.27,1.14
2019-01-24,0.4,8.04,6.8,0.11,1.14
2019-01-25,0.334,7.94,6.81,0.01,1.12
2019-01-26,0.276,7.86,6.8,0.0,1.05
2019-01-27,0.235,7.79,6.8,0.0,0.99
2019-01-28,0.201,7.75,6.8,0.0,0.95
2019-01-29,0.172,7.71,6.8,0.0,0.91
2019-01-30,0.147,7.68,6.8,0.0,0.89
2019-01-31,2.452,49.02,8.85,17.3,22.86
2019-02-01,0.597,16.4,6.31,3.8,6.29
2019-02-02,5.69,42.31,10.8,13.55,17.96
2019-02-03,3.327,34.23,10.53,10.21,13.48
2019-02-04,5.126,31.89,10.2,9.36,12.33
2019-02-05,2.245,20.09,8.51,5.0,6.58
2019-02-06,0.884,9.52,6.86,1.15,1.51
2019-02-07,0.68,8.66,6.82,0.7,1.15
2019-02-08,1.605,25.07,7.21,7.63,10.23
2019-02-09,2.983,23.66,7.82,6.84,9.01
2019-02-10,4.172,34.6,11.41,10.01,13.18
2019-02-11,0.954,10.63,6.91,1.6,2.11
2019-02-12,0.736,8.11,6.35,0.66,1.11
2019-02-13,15.152,83.16,16.41,29.65,37.11
2019-02-14,14.554,80.21,17.83,27.23,35.15
2019-02-15,3.825,20.58,9.48,4.89,6.2
2019-02-16,3.002,13.91,8.34,2.41,3.17
2019-02-17,2.894,18.75,8.31,4.51,5.93
2019-02-18,1.432,9.77,6.87,1.25,1.65
2019-02-19,1.03,8.87,6.84,0.88,1.16
2019-02-20,0.764,8.76,6.84,0.78,1.14
2019-02-21,0.557,8.35,6.84,0.38,1.13
2019-02-22,0.418,8.12,6.83,0.17,1.13
2019-02-23,0.334,7.95,6.81,0.01,1.12
2019-02-24,0.266,7.87,6.82,0.0,1.04
2019-02-25,0.207,7.79,6.82,0.0,0.96
2019-02-26,1.133,20.57,5.14,6.5,8.93
2019-02-27,7.511,55.57,14.05,17.8,23.72
2019-02-28,1.382,14.7,7.22,3.23,4.26
2019-03-01,0.772,8.5,6.46,0.81,1.23
2019-03-02,9.664,68.25,14.41,23.69,30.15
2019-03-03,1.8,13.9,7.43,2.83,3.64
2019-03-04,1.04,9.06,6.86,0.95,1.25
2019-03-05,3.665,32.72,9.36,10.09,13.27
2019-03-06,11.029,175.01,16.61,71.12,87.28
2019-03-07,2.983,20.48,9.04,5.02,6.42
2019-03-08,1.329,9.33,6.87,1.06,1.39
2019-03-09,1.281,12.57,6.66,2.55,3.36
2019-03-10,2.526,18.51,7.44,4.78,6.29
2019-03-11,1.147,11.82,7.03,2.07,2.72
2019-03-12,0.658,8.75,6.86,0.67,1.21
2019-03-13,0.466,8.23,6.83,0.26,1.14
2019-03-14,0.365,7.99,6.82,0.04,1.13
2019-03-15,0.289,7.9,6.82,0.01,1.08
2019-03-16,0.229,7.81,6.82,0.0,0.99
2019-03-17,0.185,7.74,6.81,0.0,0.93
2019-03-18,0.151,7.7,6.81,0.0,0.89
2019-03-19,0.124,7.67,6.81,0.0,0.86
2019-03-20,3.02,58.86,9.79,21.09,27.98
2019-03-21,0.571,19.44,7.1,5.0,7.34
2019-03-22,0.926,11.66,5.08,2.63,3.95
2019-03-23,3.79,44.46,11.73,14.09,18.63
2019-03-24,0.683,11.27,6.95,1.68,2.65
2019-03-25,3.211,43.75,10.89,14.12,18.73
2019-03-26,1.81,25.3,8.32,7.31,9.67
2019-03-27,1.508,14.9,6.86,3.47,4.57
2019-03-28,0.684,9.57,6.94,0.95,1.68
2019-03-29,0.454,8.24,6.84,0.25,1.16
2019-03-30,0.346,7.97,6.82,0.02,1.13
2019-03-31,0.272,7.88,6.82,0.0,1.05
2019-04-01,0.22,7.78,6.81,0.0,0.97
2019-04-02,0.177,7.74,6.82,0.0,0.92
2019-04-03,0.142,7.69,6.81,0.0,0.88
2019-04-04,0.116,7.66,6.81,0.0,0.85
2019-04-05,0.097,7.64,6.8,0.0,0.83
2019-04-06,0.084,7.61,6.79,0.0,0.82
2019-04-07,0.072,7.62,6.81,0.0,0.81
2019-04-08,0.06,7.6,6.81,0.0,0.8
2019-04-09,0.043,7.66,6.89,0.0,0.77
2019-04-10,0.032,7.5,6.74,0.0,0.76
2019-04-11,0.032,7.61,6.83,0.0,0.78
2019-04-12,0.026,7.47,6.71,0.0,0.76
2019-04-13,0.03,7.54,6.76,0.0,0.78
2019-04-14,0.028,7.57,6.8,0.0,0.77
2019-04-15,0.024,7.54,6.78,0.0,0.76
2019-04-16,0.021,7.54,6.79,0.0,0.75
2019-04-17,0.02,7.52,6.76,0.0,0.76
2019-04-18,0.019,7.55,6.78,0.0,0.76
2019-04-19,0.017,7.54,6.78,0.0,0.76
2019-04-20,0.015,7.59,6.84,0.0,0.75
2019-04-21,0.011,7.52,6.78,0.0,0.74
2019-04-22,0.01,7.54,6.79,0.0,0.75
2019-04-23,0.01,7.54,6.78,0.0,0.76
2019-04-24,0.008,7.54,6.79,0.0,0.75
2019-04-25,0.007,7.54,6.79,0.0,0.75
2019-04-26,0.006,7.54,6.79,0.0,0.75
2019-04-27,0.006,7.55,6.81,0.0,0.75
2019-04-28,0.005,7.55,6.8,0.0,0.74
2019-04-29,0.004,7.54,6.79,0.0,0.75
2019-04-30,0.003,7.59,6.85,0.0,0.74
2019-05-01,0.003,7.52,6.77,0.0,0.75
2019-05-02,0.002,7.57,6.82,0.0,0.75
2019-05-03,0.001,7.59,6.86,0.0,0.72
2019-05-04,0.001,7.63,6.88,0.0,0.74
2019-05-05,0.0,7.57,6.87,0.0,0.71
2019-05-06,0.0,7.39,6.65,0.0,0.73
2019-05-07,0.001,7.58,6.82,0.0,0.76
2019-05-08,0.0,7.57,6.84,0.0,0.73
2019-05-09,0.0,7.54,6.8,0.0,0.74
2019-05-10,0.0,7.68,6.92,0.0,0.75
2019-05-11,0.0,7.55,6.83,0.0,0.72
2019-05-12,0.0,7.91,7.25,0.0,0.65
2019-05-13,0.0,7.8,7.66,0.0,0.14
2019-05-14,0.0,7.69,7.66,0.0,0.03
2019-05-15,0.795,36.25,7.12,12.3,16.82
2019-05-16,3.353,61.18,9.84,22.04,29.29
2019-05-17,0.581,39.78,7.33,13.23,19.22
2019-05-18,5.519,60.61,12.83,20.52,27.25
2019-05-19,5.057,50.61,12.54,16.37,21.7
2019-05-20,1.004,13.56,7.0,2.81,3.74
2019-05-21,0.986,11.28,6.76,1.91,2.61
2019-05-22,0.582,8.68,6.86,0.53,1.29
2019-05-23,0.458,8.2,6.81,0.25,1.14
2019-05-24,0.383,7.99,6.8,0.06,1.13
2019-05-25,0.318,7.93,6.81,0.01,1.11
2019-05-26,0.257,7.84,6.81,0.0,1.03
2019-05-27,0.224,7.76,6.79,0.0,0.98
2019-05-28,0.194,7.74,6.8,0.0,0.94
2019-05-29,0.164,7.71,6.8,0.0,0.91
2019-05-30,0.139,7.68,6.8,0.0,0.88
2019-05-31,0.118,7.66,6.8,0.0,0.86
2019-06-01,0.1,7.64,6.8,0.0,0.84
2019-06-02,0.085,7.62,6.8,0.0,0.82
2019-06-03,0.071,7.62,6.8,0.0,0.81
2019-06-04,0.058,7.61,6.81,0.0,0.8
2019-06-05,0.046,7.61,6.82,0.0,0.78
2019-06-06,0.037,7.61,6.83,0.0,0.78
2019-06-07,0.025,7.61,6.85,0.0,0.75
2019-06-08,0.02,7.56,6.8,0.0,0.77
2019-06-09,0.019,7.56,6.79,0.0,0.77
2019-06-10,0.015,7.58,6.81,0.0,0.76
2019-06-11,0.013,7.58,6.82,0.0,0.76
2019-06-12,0.01,7.57,6.81,0.0,0.76
2019-06-13,0.009,7.54,6.78,0.0,0.76
2019-06-14,0.008,7.56,6.79,0.0,0.76
2019-06-15,0.006,7.55,6.79,0.0,0.75
2019-06-16,0.005,7.58,6.82,0.0,0.76
2019-06-17,0.004,7.54,6.79,0.0,0.76
2019-06-18,0.004,7.57,6.81,0.0,0.76
2019-06-19,0.003,7.59,6.84,0.0,0.75
2019-06-20,0.002,7.57,6.83,0.0,0.74
2019-06-21,0.001,7.58,6.84,0.0,0.74
2019-06-22,0.001,7.56,6.82,0.0,0.74
2019-06-23,0.001,7.61,6.86,0.0,0.75
2019-06-24,0.0,7.7,6.96,0.0,0.74
2019-06-25,0.0,7.81,7.47,0.0,0.34
2019-06-26,0.0,7.5,7.43,0.0,0.07
2019-06-27,0.0,7.48,6.68,0.0,0.8
2019-06-28,0.0,7.89,7.66,0.0,0.23
2019-06-29,0.0,7.7,7.66,0.0,0.04
2019-06-30,0.0,7.67,7.66,0.0,0.01
2019-07-01,0.0,0.0,0.0,0.0,0.0
2019-07-02,0.0,0.0,0.0,0.0,0.0
2019-07-03,0.0,0.0,0.0,0.0,0.0
2019-07-04,0.0,0.0,0.0,0.0,0.0
2019-07-05,0.0,0.0,0.0,0.0,0.0
2019-07-06,0.0,0.0,0.0,0.0,0.0
2019-07-07,0.0,0.0,0.0,0.0,0.0
2019-07-08,0.0,0.0,0.0,0.0,0.0
2019-07-09,0.0,0.0,0.0,0.0,0.0
2019-07-10,0.0,0.0,0.0,0.0,0.0
2019-07-11,0.0,0.0,0.0,0.0,0.0
2019-07-12,0.0,0.0,0.0,0.0,0.0
2019-07-13,0.0,0.0,0.0,0.0,0.0
2019-07-14,0.0,0.0,0.0,0.0,0.0
2019-07-15,0.0,0.0,0.0,0.0,0.0
2019-07-16,0.0,0.0,0.0,0.0,0.0
2019-07-17,0.0,0.0,0.0,0.0,0.0
2019-07-18,0.0,0.0,0.0,0.0,0.0
2019-07-19,0.0,0.0,0.0,0.0,0.0
2019-07-20,0.0,0.0,0.0,0.0,0.0
2019-07-21,0.0,0.0,0.0,0.0,0.0
2019-07-22,0.0,0.0,0.0,0.0,0.0
2019-07-23,0.0,0.0,0.0,0.0,0.0
2019-07-24,0.0,0.0,0.0,0.0,0.0
2019-07-25,0.0,0.0,0.0,0.0,0.0
2019-07-26,0.0,0.0,0.0,0.0,0.0
2019-07-27,0.0,0.0,0.0,0.0,0.0
2019-07-28,0.0,0.0,0.0,0.0,0.0
2019-07-29,0.0,0.0,0.0,0.0,0.0
2019-07-30,0.0,0.0,0.0,0.0,0.0
2019-07-31,0.0,0.0,0.0,0.0,0.0
2019-08-01,0.0,0.0,0.0,0.0,0.0
2019-08-02,0.0,0.0,0.0,0.0,0.0
2019-08-03,0.0,0.0,0.0,0.0,0.0
2019-08-04,0.0,0.0,0.0,0.0,0.0
2019-08-05,0.0,0.0,0.0,0.0,0.0
2019-08-06,0.0,0.0,0.0,0.0,0.0
2019-08-07,0.0,0.0,0.0,0.0,0.0
2019-08-08,0.0,0.0,0.0,0.0,0.0
2019-08-09,0.0,0.0,0.0,0.0,0.0
2019-08-10,0.0,0.0,0.0,0.0,0.0
2019-08-11,0.0,0.0,0.0,0.0,0.0
2019-08-12,0.0,0.0,0.0,0.0,0.0
2019-08-13,0.0,0.0,0.0,0.0,0.0
2019-08-14,0.0,0.0,0.0,0.0,0.0
2019-08-15,0.0,0.0,0.0,0.0,0.0
2019-08-16,0.0,0.0,0.0,0.0,0.0
2019-08-17,0.0,0.0,0.0,0.0,0.0
2019-08-18,0.0,0.0,0.0,0.0,0.0
2019-08-19,0.0,0.0,0.0,0.0,0.0
2019-08-20,0.0,0.0,0.0,0.0,0.0
2019-08-21,0.0,0.0,0.0,0.0,0.0
2019-08-22,0.0,0.0,0.0,0.0,0.0
2019-08-23,0.0,0.0,0.0,0.0,0.0
2019-08-24,0.0,0.0,0.0,0.0,0.0
2019-08-25,0.0,0.0,0.0,0.0,0.0
2019-08-26,0.0,0.0,0.0,0.0,0.0
2019-08-27,0.0,0.0,0.0,0.0,0.0
2019-08-28,0.0,0.0,0.0,0.0,0.0
2019-08-29,0.0,0.0,0.0,0.0,0.0
2019-08-30,0.0,0.0,0.0,0.0,0.0
2019-08-31,0.0,0.0,0.0,0.0,0.0
2019-09-01,0.0,0.0,0.0,0.0,0.0
2019-09-02,0.0,0.0,0.0,0.0,0.0
2019-09-03,0.0,0.0,0.0,0.0,0.0
2019-09-04,0.0,0.0,0.0,0.0,0.0
2019-09-05,0.0,0.0,0.0,0.0,0.0
2019-09-06,0.0,0.0,0.0,0.0,0.0
2019-09-07,0.0,0.0,0.0,0.0,0.0
2019-09-08,0.0,0.0,0.0,0.0,0.0
2019-09-09,0.0,0.0,0.0,0.0,0.0
2019-09-10,0.0,0.0,0.0,0.0,0.0
2019-09-11,0.0,0.0,0.0,0.0,0.0
2019-09-12,0.0,0.0,0.0,0.0,0.0
2019-09-13,0.0,0.0,0.0,0.0,0.0
2019-09-14,0.0,0.0,0.0,0.0,0.0
2019-09-15,0.0,0.0,0.0,0.0,0.0
2019-09-16,0.0,0.0,0.0,0.0,0.0
2019-09-17,0.0,0.0,0.0,0.0,0.0
2019-09-18,0.0,0.0,0.0,0.0,0.0
2019-09-19,0.0,0.0,0.0,0.0,0.0
2019-09-20,0.0,0.0,0.0,0.0,0.0
2019-09-21,0.0,0.0,0.0,0.0,0.0
2019-09-22,0.0,0.0,0.0,0.0,0.0
2019-09-23,0.0,0.0,0.0,0.0,0.0
2019-09-24,0.0,0.0,0.0,0.0,0.0
2019-09-25,0.0,0.0,0.0,0.0,0.0
2019-09-26,0.0,0.0,0.0,0.0,0.0
2019-09-27,0.0,0.0,0.0,0.0,0.0
2019-09-28,0.0,0.0,0.0,0.0,0.0
2019-09-29,0.0,0.0,0.0,0.0,0.0
2019-09-30,0.0,0.0,0.0,0.0,0.0
2019-10-01,0.0,0.0,0.0,0.0,0.0
2019-10-02,0.0,0.0,0.0,0.0,0.0
2019-10-03,0.0,0.0,0.0,0.0,0.0
2019-10-04,0.0,0.0,0.0,0.0,0.0
2019-10-05,0.0,0.0,0.0,0.0,0.0
2019-10-06,0.0,0.0,0.0,0.0,0.0
2019-10-07,0.0,0.0,0.0,0.0,0.0
2019-10-08,0.0,0.0,0.0,0.0,0.0
2019-10-09,0.0,0.0,0.0,0.0,0.0
2019-10-10,0.0,0.0,0.0,0.0,0.0
2019-10-11,0.0,0.0,0.0,0.0,0.0
2019-10-12,0.0,0.0,0.0,0.0,0.0
2019-10-13,0.0,0.0,0.0,0.0,0.0
2019-10-14,0.0,0.0,0.0,0.0,0.0
2019-10-15,0.0,0.0,0.0,0.0,0.0
2019-10-16,0.0,0.0,0.0,0.0,0.0
2019-10-17,0.0,0.0,0.0,0.0,0.0
2019-10-18,0.0,0.0,0.0,0.0,0.0
2019-10-19,0.0,0.0,0.0,0.0,0.0
2019-10-20,0.0,0.0,0.0,0.0,0.0
2019-10-21,0.0,0.0,0.0,0.0,0.0
2019-10-22,0.0,0.0,0.0,0.0,0.0
2019-10-23,0.0,0.0,0.0,0.0,0.0
2019-10-24,0.0,0.0,0.0,0.0,0.0
2019-10-25,0.0,0.0,0.0,0.0,0.0
2019-10-26,0.0,0.0,0.0,0.0,0.0
2019-10-27,0.0,0.0,0.0,0.0,0.0
2019-10-28,0.0,0.0,0.0,0.0,0.0
2019-10-29,0.0,0.0,0.0,0.0,0.0
2019-10-30,0.0,0.0,0.0,0.0,0.0
2019-10-31,0.0,0.0,0.0,0.0,0.0
2019-11-01,0.0,0.0,0.0,0.0,0.0
2019-11-02,0.0,0.0,0.0,0.0,0.0
2019-11-03,0.0,0.0,0.0,0.0,0.0
2019-11-04,0.0,0.0,0.0,0.0,0.0
2019-11-05,0.0,0.0,0.0,0.0,0.0
2019-11-06,0.0,0.0,0.0,0.0,0.0
2019-11-07,0.0,0.0,0.0,0.0,0.0
2019-11-08,0.0,0.0,0.0,0.0,0.0
2019-11-09,0.0,0.0,0.0,0.0,0.0
2019-11-10,0.0,0.0,0.0,0.0,0.0
2019-11-11,0.0,0.0,0.0,0.0,0.0
2019-11-12,0.0,0.0,0.0,0.0,0.0
2019-11-13,0.0,0.0,0.0,0.0,0.0
2019-11-14,0.0,0.0,0.0,0.0,0.0
2019-11-15,0.0,0.0,0.0,0.0,0.0
2019-11-16,0.0,0.0,0.0,0.0,0.0
2019-11-17,0.0,0.0,0.0,0.0,0.0
2019-11-18,0.0,0.0,0.0,0.0,0.0
2019-11-19,0.0,0.0,0.0,0.0,0.0
2019-11-20,0.0,0.0,0.0,0.0,0.0
2019-11-21,0.0,0.0,0.0,0.0,0.0
2019-11-22,0.0,0.0,0.0,0.0,0.0
2019-11-23,0.0,0.0,0.0,0.0,0.0
2019-11-24,0.0,0.0,0.0,0.0,0.0
2019-11-25,0.0,0.0,0.0,0.0,0.0
2019-11-26,4.501,208.86,16.58,91.45,100.83
2019-11-27,3.652,96.73,11.26,41.73,43.74
2019-11-28,0.327,23.22,7.36,6.08,9.77
2019-11-29,0.109,8.17,6.86,0.0,1.31
2019-11-30,0.089,7.6,6.78,0.0,0.83
2019-12-01,0.534,11.93,4.73,2.9,4.3
2019-12-02,2.93,37.58,8.7,12.45,16.44
2019-12-03,0.877,19.7,7.11,5.33,7.26
2019-12-04,3.172,59.43,10.16,21.17,28.1
2019-12-05,0.433,17.11,7.03,3.73,6.35
2019-12-06,2.005,36.27,8.74,11.8,15.73
2019-12-07,7.713,67.63,14.12,23.55,29.96
2019-12-08,2.452,28.22,8.66,8.64,10.91
2019-12-09,0.786,10.29,6.91,1.42,1.96
2019-12-10,1.377,25.9,7.5,7.84,10.56
2019-12-11,1.893,27.0,7.82,8.26,10.91
2019-12-12,0.824,11.79,7.0,1.95,2.84
2019-12-13,0.526,8.36,6.76,0.37,1.22
2019-12-14,0.461,8.46,6.87,0.34,1.25
2019-12-15,0.344,7.95,6.8,0.01,1.13
2019-12-16,0.299,7.89,6.8,0.01,1.08
2019-12-17,0.252,7.81,6.79,0.0,1.01
2019-12-18,3.826,57.82,9.72,20.68,27.42
2019-12-19,0.774,18.61,7.17,4.77,6.67
2019-12-20,0.378,8.56,6.84,0.25,1.47
2019-12-21,0.304,7.92,6.8,0.01,1.1
2019-12-22,4.12,44.81,10.52,14.77,19.52
2019-12-23,0.716,16.59,7.12,3.9,5.58
2019-12-24,0.388,8.45,6.84,0.23,1.38
2019-12-25,0.709,16.34,6.7,3.99,5.64
2019-12-26,0.333,9.43,6.92,0.47,2.05
2019-12-27,0.252,7.86,6.8,0.0,1.05
2019-12-28,0.219,7.77,6.79,0.0,0.97
2019-12-29,2.252,41.89,8.71,14.28,18.9
2019-12-30,1.613,32.73,9.31,10.07,13.36
2019-12-31,0.38,10.08,6.92,0.84,2.32
2020-01-01,0.28,7.92,6.81,0.0,1.1
2020-01-02,0.233,7.8,6.81,0.0,0.99
2020-01-03,0.196,7.74,6.8,0.0,0.94
2020-01-04,0.169,7.71,6.8,0.0,0.91
2020-01-05,0.134,7.69,6.82,0.0,0.87
2020-01-06,0.111,7.64,6.79,0.0,0.85
2020-01-07,0.101,7.63,6.79,0.0,0.84
2020-01-08,0.084,7.64,6.82,0.0,0.82
2020-01-09,0.069,7.6,6.8,0.0,0.8
2020-01-10,0.061,7.59,6.79,0.0,0.8
2020-01-11,0.052,7.64,6.85,0.0,0.79
2020-01-12,0.033,7.57,6.81,0.0,0.75
2020-01-13,0.033,7.56,6.77,0.0,0.79
2020-01-14,0.026,7.65,6.89,0.0,0.76
2020-01-15,5.971,217.96,16.69,96.29,104.97
2020-01-16,4.458,80.34,11.55,30.81,37.98
2020-01-17,0.814,27.97,7.26,8.84,11.88
2020-01-18,0.324,8.96,6.87,0.18,1.91
2020-01-19,0.244,7.85,6.81,0.0,1.04
2020-01-20,0.212,7.75,6.79,0.0,0.96
2020-01-21,0.19,7.71,6.77,0.0,0.94
2020-01-22,0.18,7.82,6.79,0.0,1.02
2020-01-23,0.149,7.69,6.8,0.0,0.89
2020-01-24,0.129,7.66,6.79,0.0,0.87
2020-01-25,0.114,7.64,6.79,0.0,0.85
2020-01-26,1.481,42.8,7.05,15.41,20.34
2020-01-27,0.286,17.35,7.16,2.99,7.2
2020-01-28,0.16,7.92,6.79,0.0,1.13
2020-01-29,0.129,7.7,6.83,0.0,0.87
2020-01-30,0.107,7.63,6.79,0.0,0.84
2020-01-31,0.095,7.62,6.79,0.0,0.83
2020-02-01,0.083,7.62,6.8,0.0,0.82
2020-02-02,0.052,7.84,7.07,0.0,0.78
2020-02-03,0.016,7.62,6.93,0.0,0.68
2020-02-04,0.007,7.09,6.42,0.0,0.67
2020-02-05,0.026,7.42,6.59,0.0,0.82
2020-02-06,0.034,7.53,6.73,0.0,0.8
2020-02-07,0.033,7.57,6.79,0.0,0.78
2020-02-08,0.024,7.7,6.94,0.0,0.76
2020-02-09,0.006,7.95,7.37,0.0,0.58
2020-02-10,0.005,6.99,6.24,0.0,0.75
2020-02-11,0.013,7.52,6.72,0.0,0.8
2020-02-12,0.013,7.55,6.78,0.0,0.77
2020-02-13,0.011,7.58,6.82,0.0,0.76
2020-02-14,0.008,7.59,6.85,0.0,0.74
2020-02-15,0.007,7.57,6.82,0.0,0.76
2020-02-16,0.005,7.51,6.78,0.0,0.73
2020-02-17,0.005,7.57,6.81,0.0,0.76
2020-02-18,0.004,7.57,6.81,0.0,0.75
2020-02-19,0.003,7.58,6.85,0.0,0.73
2020-02-20,0.002,7.47,6.74,0.0,0.74
2020-02-21,0.002,7.63,6.86,0.0,0.76
2020-02-22,0.001,7.73,7.0,0.0,0.73
2020-02-23,0.0,7.22,6.68,0.0,0.54
2020-02-24,0.0,7.77,6.99,0.0,0.78
2020-02-25,0.0,7.36,6.62,0.0,0.74
2020-02-26,0.001,7.48,6.71,0.0,0.77
2020-02-27,0.001,7.54,6.79,0.0,0.75
2020-02-28,0.001,7.61,6.87,0.0,0.74
2020-02-29,0.0,8.06,7.53,0.0,0.54
2020-03-01,0.0,7.76,7.66,0.0,0.1
2020-03-02,0.0,7.68,7.66,0.0,0.02
2020-03-03,0.0,8.51,6.83,0.72,0.95
2020-03-04,0.0,7.53,6.75,0.0,0.79
2020-03-05,0.0,7.88,7.66,0.0,0.21
2020-03-06,0.0,0.0,0.0,0.0,0.0
2020-03-07,0.0,0.0,0.0,0.0,0.0
2020-03-08,0.0,0.0,0.0,0.0,0.0
2020-03-09,0.0,0.0,0.0,0.0,0.0
2020-03-10,0.0,0.0,0.0,0.0,0.0
2020-03-11,0.0,0.0,0.0,0.0,0.0
2020-03-12,0.0,0.0,0.0,0.0,0.0
2020-03-13,0.0,0.0,0.0,0.0,0.0
2020-03-14,3.332,46.3,10.11,15.47,20.72
2020-03-15,1.176,20.93,6.55,6.14,8.24
2020-03-16,1.481,24.22,7.44,7.21,9.57
2020-03-17,0.409,11.82,6.9,1.45,3.47
2020-03-18,0.193,8.01,6.85,0.0,1.16
2020-03-19,0.16,7.7,6.79,0.0,0.9
2020-03-20,0.143,7.67,6.79,0.0,0.88
2020-03-21,0.13,7.64,6.78,0.0,0.87
2020-03-22,0.117,7.64,6.79,0.0,0.85
2020-03-23,0.1,7.64,6.81,0.0,0.83
2020-03-24,0.147,8.71,6.33,0.1,2.28
2020-03-25,0.184,9.54,7.08,0.0,2.45
2020-03-26,0.077,7.7,6.86,0.0,0.85
2020-03-27,0.065,7.57,6.77,0.0,0.8
2020-03-28,0.067,7.56,6.74,0.0,0.81
2020-03-29,0.063,7.59,6.79,0.0,0.8
2020-03-30,0.055,7.58,6.79,0.0,0.79
2020-03-31,0.05,7.57,6.78,0.0,0.79
2020-04-01,0.031,7.77,7.03,0.0,0.74
2020-04-02,0.017,7.44,6.7,0.0,0.73
2020-04-03,0.016,7.57,6.81,0.0,0.76
2020-04-04,0.33,25.29,5.78,8.39,11.12
2020-04-05,2.787,46.45,9.51,15.9,21.04
2020-04-06,3.825,62.72,11.88,21.83,29.01
2020-04-07,0.913,33.54,7.38,11.11,15.06
2020-04-08,0.309,9.33,6.87,0.14,2.32
2020-04-09,0.247,7.84,6.79,0.0,1.05
2020-04-10,0.214,7.76,6.79,0.0,0.97
2020-04-11,0.187,7.72,6.79,0.0,0.93
2020-04-12,0.162,7.7,6.79,0.0,0.9
2020-04-13,0.142,7.67,6.79,0.0,0.88
2020-04-14,0.125,7.66,6.79,0.0,0.86
2020-04-15,0.11,7.63,6.79,0.0,0.85
2020-04-16,0.1,7.62,6.78,0.0,0.84
2020-04-17,0.087,7.63,6.81,0.0,0.82
2020-04-18,0.072,7.61,6.8,0.0,0.81
2020-04-19,0.064,7.59,6.79,0.0,0.8
2020-04-20,0.057,7.59,6.79,0.0,0.8
2020-04-21,0.045,7.59,6.82,0.0,0.78
2020-04-22,0.039,7.56,6.78,0.0,0.78
2020-04-23,0.036,7.58,6.8,0.0,0.78
2020-04-24,0.027,7.58,6.82,0.0,0.76
2020-04-25,0.025,7.56,6.78,0.0,0.78
2020-04-26,0.022,7.58,6.81,0.0,0.77
2020-04-27,0.017,7.55,6.79,0.0,0.76
2020-04-28,0.016,7.56,6.79,0.0,0.77
2020-04-29,0.014,7.54,6.78,0.0,0.76
2020-04-30,0.012,7.63,6.87,0.0,0.76
2020-05-01,0.008,7.5,6.76,0.0,0.74
2020-05-02,0.009,7.51,6.74,0.0,0.77
2020-05-03,0.007,7.64,6.88,0.0,0.76
2020-05-04,0.004,7.55,6.82,0.0,0.73
2020-05-05,0.004,7.51,6.75,0.0,0.76
2020-05-06,0.004,7.61,6.85,0.0,0.76
2020-05-07,0.003,7.46,6.72,0.0,0.74
2020-05-08,0.003,7.55,6.79,0.0,0.76
2020-05-09,0.003,7.54,6.79,0.0,0.75
2020-05-10,0.002,7.61,6.85,0.0,0.75
2020-05-11,0.001,7.4,6.68,0.0,0.72
2020-05-12,0.002,7.55,6.78,0.0,0.77
2020-05-13,0.002,7.49,6.75,0.0,0.74
2020-05-14,0.002,7.52,6.76,0.0,0.76
2020-05-15,0.002,7.59,6.83,0.0,0.76
2020-05-16,0.001,7.59,6.85,0.0,0.73
2020-05-17,0.001,7.52,6.77,0.0,0.75
2020-05-18,0.001,7.71,6.97,0.0,0.73
2020-05-19,0.0,7.7,7.16,0.0,0.54
2020-05-20,0.0,7.8,7.66,0.0,0.14
2020-05-21,0.0,7.69,7.66,0.0,0.02
2020-05-22,0.0,7.67,7.66,0.0,0.01
2020-05-23,0.0,0.0,0.0,0.0,0.0
2020-05-24,0.0,0.0,0.0,0.0,0.0
2020-05-25,0.0,0.0,0.0,0.0,0.0
2020-05-26,0.0,7.61,6.79,0.02,0.81
2020-05-27,0.0,7.89,7.66,0.0,0.22
2020-05-28,0.0,7.7,7.66,0.0,0.04
2020-05-29,0.0,0.0,0.0,0.0,0.0
2020-05-30,0.0,0.0,0.0,0.0,0.0
2020-05-31,0.0,0.0,0.0,0.0,0.0
2020-06-01,0.0,0.0,0.0,0.0,0.0
2020-06-02,0.0,0.0,0.0,0.0,0.0
2020-06-03,0.0,0.0,0.0,0.0,0.0
2020-06-04,0.0,0.0,0.0,0.0,0.0
2020-06-05,0.0,0.0,0.0,0.0,0.0
2020-06-06,0.0,0.0,0.0,0.0,0.0
2020-06-07,0.0,0.0,0.0,0.0,0.0
2020-06-08,0.0,0.0,0.0,0.0,0.0
2020-06-09,0.0,0.0,0.0,0.0,0.0
2020-06-10,0.0,0.0,0.0,0.0,0.0
2020-06-11,0.0,0.0,0.0,0.0,0.0
2020-06-12,0.0,0.0,0.0,0.0,0.0
2020-06-13,0.0,0.0,0.0,0.0,0.0
2020-06-14,0.0,0.0,0.0,0.0,0.0
2020-06-15,0.0,0.0,0.0,0.0,0.0
2020-06-16,0.0,0.0,0.0,0.0,0.0
2020-06-17,0.0,0.0,0.0,0.0,0.0
2020-06-18,0.0,0.0,0.0,0.0,0.0
2020-06-19,0.0,0.0,0.0,0.0,0.0
2020-06-20,0.0,0.0,0.0,0.0,0.0
2020-06-21,0.0,0.0,0.0,0.0,0.0
2020-06-22,0.0,0.0,0.0,0.0,0.0
2020-06-23,0.0,0.0,0.0,0.0,0.0
2020-06-24,0.0,0.0,0.0,0.0,0.0
2020-06-25,0.0,0.0,0.0,0.0,0.0
2020-06-26,0.0,0.0,0.0,0.0,0.0
2020-06-27,0.0,0.0,0.0,0.0,0.0
2020-06-28,0.0,0.0,0.0,0.0,0.0
2020-06-29,0.0,0.0,0.0,0.0,0.0
2020-06-30,0.0,0.0,0.0,0.0,0.0
2020-07-01,0.0,0.0,0.0,0.0,0.0
2020-07-02,0.0,0.0,0.0,0.0,0.0
2020-07-03,0.0,0.0,0.0,0.0,0.0
2020-07-04,0.0,0.0,0.0,0.0,0.0
2020-07-05,0.0,0.0,0.0,0.0,0.0
2020-07-06,0.0,0.0,0.0,0.0,0.0
2020-07-07,0.0,0.0,0.0,0.0,0.0
2020-07-08,0.0,0.0,0.0,0.0,0.0
2020-07-09,0.0,0.0,0.0,0.0,0.0
2020-07-10,0.0,0.0,0.0,0.0,0.0
2020-07-11,0.0,0.0,0.0,0.0,0.0
2020-07-12,0.0,0.0,0.0,0.0,0.0
2020-07-13,0.0,0.0,0.0,0.0,0.0
2020-07-14,0.0,0.0,0.0,0.0,0.0
2020-07-15,0.0,0.0,0.0,0.0,0.0
2020-07-16,0.0,0.0,0.0,0.0,0.0
2020-07-17,0.0,0.0,0.0,0.0,0.0
2020-07-18,0.0,0.0,0.0,0.0,0.0
2020-07-19,0.0,0.0,0.0,0.0,0.0
2020-07-20,0.0,0.0,0.0,0.0,0.0
2020-07-21,0.0,0.0,0.0,0.0,0.0
2020-07-22,0.0,0.0,0.0,0.0,0.0
2020-07-23,0.0,0.0,0.0,0.0,0.0
2020-07-24,0.0,0.0,0.0,0.0,0.0
2020-07-25,0.0,0.0,0.0,0.0,0.0
2020-07-26,0.0,0.0,0.0,0.0,0.0
2020-07-27,0.0,0.0,0.0,0.0,0.0
2020-07-28,0.0,0.0,0.0,0.0,0.0
2020-07-29,0.0,0.0,0.0,0.0,0.0
2020-07-30,0.0,0.0,0.0,0.0,0.0
2020-07-31,0.0,0.0,0.0,0.0,0.0
2020-08-01,0.0,0.0,0.0,0.0,0.0
2020-08-02,0.0,0.0,0.0,0.0,0.0
2020-08-03,0.0,0.0,0.0,0.0,0.0
2020-08-04,0.0,0.0,0.0,0.0,0.0
2020-08-05,0.0,0.0,0.0,0.0,0.0
2020-08-06,0.0,0.0,0.0,0.0,0.0
2020-08-07,0.0,0.0,0.0,0.0,0.0
2020-08-08,0.0,0.0,0.0,0.0,0.0
2020-08-09,0.0,0.0,0.0,0.0,0.0
2020-08-10,0.0,0.0,0.0,0.0,0.0
2020-08-11,0.0,0.0,0.0,0.0,0.0
2020-08-12,0.0,0.0,0.0,0.0,0.0
2020-08-13,0.0,0.0,0.0,0.0,0.0
2020-08-14,0.0,0.0,0.0,0.0,0.0
2020-08-15,0.0,0.0,0.0,0.0,0.0
2020-08-16,0.0,0.0,0.0,0.0,0.0
2020-08-17,0.0,0.0,0.0,0.0,0.0
2020-08-18,0.0,0.0,0.0,0.0,0.0
2020-08-19,0.0,0.0,0.0,0.0,0.0
2020-08-20,0.0,0.0,0.0,0.0,0.0
2020-08-21,0.0,0.0,0.0,0.0,0.0
2020-08-22,0.0,0.0,0.0,0.0,0.0
2020-08-23,0.0,0.0,0.0,0.0,0.0
2020-08-24,0.0,0.0,0.0,0.0,0.0
2020-08-25,0.0,0.0,0.0,0.0,0.0
2020-08-26,0.0,0.0,0.0,0.0,0.0
2020-08-27,0.0,0.0,0.0,0.0,0.0
2020-08-28,0.0,0.0,0.0,0.0,0.0
2020-08-29,0.0,0.0,0.0,0.0,0.0
2020-08-30,0.0,0.0,0.0,0.0,0.0
2020-08-31,0.0,0.0,0.0,0.0,0.0
2020-09-01,0.0,0.0,0.0,0.0,0.0
2020-09-02,0.0,0.0,0.0,0.0,0.0
2020-09-03,0.0,0.0,0.0,0.0,0.0
2020-09-04,0.0,0.0,0.0,0.0,0.0
2020-09-05,0.0,0.0,0.0,0.0,0.0
2020-09-06,0.0,0.0,0.0,0.0,0.0
2020-09-07,0.0,0.0,0.0,0.0,0.0
2020-09-08,0.0,0.0,0.0,0.0,0.0
2020-09-09,0.0,0.0,0.0,0.0,0.0
2020-09-10,0.0,0.0,0.0,0.0,0.0
2020-09-11,0.0,0.0,0.0,0.0,0.0
2020-09-12,0.0,0.0,0.0,0.0,0.0
2020-09-13,0.0,0.0,0.0,0.0,0.0
2020-09-14,0.0,0.0,0.0,0.0,0.0
2020-09-15,0.0,0.0,0.0,0.0,0.0
2020-09-16,0.0,0.0,0.0,0.0,0.0
2020-09-17,0.0,0.0,0.0,0.0,0.0
2020-09-18,0.0,0.0,0.0,0.0,0.0
2020-09-19,0.0,0.0,0.0,0.0,0.0
2020-09-20,0.0,0.0,0.0,0.0,0.0
2020-09-21,0.0,0.0,0.0,0.0,0.0
2020-09-22,0.0,0.0,0.0,0.0,0.0
2020-09-23,0.0,0.0,0.0,0.0,0.0
2020-09-24,0.0,0.0,0.0,0.0,0.0
2020-09-25,0.0,0.0,0.0,0.0,0.0
2020-09-26,0.0,0.0,0.0,0.0,0.0
2020-09-27,0.0,0.0,0.0,0.0,0.0
2020-09-28,0.0,0.0,0.0,0.0,0.0
2020-09-29,0.0,0.0,0.0,0.0,0.0
2020-09-30,0.0,0.0,0.0,0.0,0.0
2020-10-01,0.0,0.0,0.0,0.0,0.0
2020-10-02,0.0,0.0,0.0,0.0,0.0
2020-10-03,0.0,0.0,0.0,0.0,0.0
2020-10-04,0.0,0.0,0.0,0.0,0.0
2020-10-05,0.0,0.0,0.0,0.0,0.0
2020-10-06,0.0,0.0,0.0,0.0,0.0
2020-10-07,0.0,0.0,0.0,0.0,0.0
2020-10-08,0.0,0.0,0.0,0.0,0.0
2020-10-09,0.0,0.0,0.0,0.0,0.0
2020-10-10,0.0,0.0,0.0,0.0,0.0
2020-10-11,0.0,0.0,0.0,0.0,0.0
2020-10-12,0.0,0.0,0.0,0.0,0.0
2020-10-13,0.0,0.0,0.0,0.0,0.0
2020-10-14,0.0,0.0,0.0,0.0,0.0
2020-10-15,0.0,0.0,0.0,0.0,0.0
2020-10-16,0.0,0.0,0.0,0.0,0.0
2020-10-17,0.0,0.0,0.0,0.0,0.0
2020-10-18,0.0,0.0,0.0,0.0,0.0
2020-10-19,0.0,0.0,0.0,0.0,0.0
2020-10-20,0.0,0.0,0.0,0.0,0.0
2020-10-21,0.0,0.0,0.0,0.0,0.0
2020-10-22,0.0,0.0,0.0,0.0,0.0
2020-10-23,0.0,0.0,0.0,0.0,0.0
2020-10-24,0.0,0.0,0.0,0.0,0.0
2020-10-25,0.0,0.0,0.0,0.0,0.0
2020-10-26,0.0,0.0,0.0,0.0,0.0
2020-10-27,0.0,0.0,0.0,0.0,0.0
2020-10-28,0.0,0.0,0.0,0.0,0.0
2020-10-29,0.0,0.0,0.0,0.0,0.0
2020-10-30,0.0,0.0,0.0,0.0,0.0
2020-10-31,0.0,0.0,0.0,0.0,0.0
2020-11-01,0.0,0.0,0.0,0.0,0.0
2020-11-02,0.0,0.0,0.0,0.0,0.0
2020-11-03,0.0,0.0,0.0,0.0,0.0
2020-11-04,0.0,0.0,0.0,0.0,0.0
2020-11-05,0.0,0.0,0.0,0.0,0.0
2020-11-06,0.0,0.0,0.0,0.0,0.0
2020-11-07,0.0,0.0,0.0,0.0,0.0
2020-11-08,0.0,0.0,0.0,0.0,0.0
2020-11-09,0.0,0.0,0.0,0.0,0.0
2020-11-10,0.0,0.0,0.0,0.0,0.0
2020-11-11,0.0,0.0,0.0,0.0,0.0
2020-11-12,0.0,0.0,0.0,0.0,0.0
2020-11-13,0.0,0.0,0.0,0.0,0.0
2020-11-14,0.0,0.0,0.0,0.0,0.0
2020-11-15,0.0,0.0,0.0,0.0,0.0
2020-11-16,0.0,0.0,0.0,0.0,0.0
2020-11-17,0.0,0.0,0.0,0.0,0.0
2020-11-18,0.564,19.87,6.62,5.14,8.12
2020-11-19,0.093,13.06,7.61,0.02,5.43
2020-11-20,0.007,8.48,7.42,0.0,1.06
2020-11-21,0.002,7.54,6.89,0.0,0.65
2020-11-22,0.002,7.44,6.71,0.0,0.74
2020-11-23,0.003,7.4,6.62,0.0,0.78
2020-11-24,0.003,7.52,6.78,0.0,0.74
2020-11-25,0.003,7.76,7.02,0.0,0.74
2020-11-26,0.0,7.53,7.3,0.0,0.23
2020-11-27,0.001,7.13,6.37,0.0,0.76
2020-11-28,0.001,7.51,6.77,0.0,0.74
2020-11-29,0.001,7.57,6.81,0.0,0.75
2020-11-30,0.001,7.55,6.81,0.0,0.73
2020-12-01,0.001,7.32,6.57,0.0,0.75
2020-12-02,0.002,7.58,6.8,0.0,0.78
2020-12-03,0.001,7.44,6.72,0.0,0.71
2020-12-04,0.001,7.63,6.88,0.0,0.75
2020-12-05,0.001,7.5,6.82,0.0,0.69
2020-12-06,0.001,7.8,7.04,0.0,0.76
2020-12-07,0.0,7.86,7.63,0.0,0.23
2020-12-08,0.0,7.58,7.23,0.0,0.34
2020-12-09,0.0,4.54,4.07,0.0,0.48
2020-12-10,0.0,7.72,6.91,0.0,0.8
2020-12-11,0.004,0.03,0.03,0.0,0.0
2020-12-12,2.156,25.52,7.76,7.63,10.12
2020-12-13,3.345,33.34,9.74,10.17,13.43
2020-12-14,0.434,19.44,7.54,4.59,7.31
2020-12-15,0.072,8.44,6.99,0.0,1.45
2020-12-16,0.103,3.88,3.48,0.0,0.41
2020-12-17,4.172,80.25,11.93,30.64,37.68
2020-12-18,0.247,31.71,7.33,7.74,16.64
2020-12-19,0.092,8.35,6.85,0.0,1.5
2020-12-20,0.079,7.6,6.78,0.0,0.82
2020-12-21,0.072,7.59,6.78,0.0,0.81
2020-12-22,0.067,7.59,6.79,0.0,0.8
2020-12-23,0.052,7.64,6.86,0.0,0.78
2020-12-24,0.248,19.67,6.34,5.53,7.8
2020-12-25,0.986,18.8,6.65,4.83,7.31
2020-12-26,0.891,24.48,7.76,6.98,9.73
2020-12-27,0.121,9.42,7.07,0.0,2.35
2020-12-28,0.26,9.01,6.68,0.08,2.24
2020-12-29,0.092,7.99,6.99,0.0,1.0
2020-12-30,0.064,7.59,6.79,0.0,0.79
2020-12-31,0.338,14.26,6.68,2.36,5.21
2021-01-01,0.085,8.52,7.01,0.0,1.51
2021-01-02,0.967,20.75,6.62,5.97,8.16
2021-01-03,0.259,11.51,6.14,1.28,4.09
2021-01-04,3.018,26.8,8.31,7.96,10.53
2021-01-05,0.501,17.23,7.43,3.84,5.97
2021-01-06,0.135,8.16,6.9,0.0,1.26
2021-01-07,0.109,7.63,6.78,0.0,0.85
2021-01-08,0.098,7.61,6.78,0.0,0.83
2021-01-09,0.087,7.61,6.79,0.0,0.82
2021-01-10,0.08,7.58,6.77,0.0,0.81
2021-01-11,0.074,7.59,6.78,0.0,0.81
2021-01-12,0.07,7.57,6.77,0.0,0.81
2021-01-13,0.064,7.58,6.78,0.0,0.8
2021-01-14,0.058,7.57,6.78,0.0,0.79
2021-01-15,0.053,7.57,6.78,0.0,0.79
2021-01-16,0.047,7.57,6.78,0.0,0.78
2021-01-17,0.042,7.56,6.79,0.0,0.78
2021-01-18,0.034,7.64,6.88,0.0,0.76
2021-01-19,0.012,7.78,7.13,0.0,0.65
2021-01-20,0.017,7.34,6.55,0.0,0.79
2021-01-21,0.02,7.56,6.8,0.0,0.77
2021-01-22,0.016,7.65,6.9,0.0,0.75
2021-01-23,0.01,7.43,6.71,0.0,0.72
2021-01-24,0.011,7.68,6.91,0.0,0.77
2021-01-25,0.216,19.11,6.68,2.54,9.89
2021-01-26,1.111,9.55,2.05,3.2,4.3
2021-01-27,10.993,137.36,19.13,53.72,64.51
2021-01-28,8.655,50.21,14.22,15.51,20.48
2021-01-29,3.044,31.24,9.94,9.18,12.11
2021-01-30,0.621,10.78,6.93,1.43,2.43
2021-01-31,0.459,8.25,6.8,0.26,1.19
2021-02-01,1.287,17.23,5.96,4.73,6.54
2021-02-02,5.327,49.51,13.78,15.36,20.36
2021-02-03,0.668,12.42,6.96,2.14,3.32
2021-02-04,0.468,8.34,6.81,0.3,1.23
2021-02-05,0.398,8.01,6.8,0.07,1.14
2021-02-06,0.343,7.94,6.79,0.01,1.13
2021-02-07,0.296,7.88,6.8,0.0,1.08
2021-02-08,0.255,7.82,6.8,0.0,1.02
2021-02-09,0.221,7.77,6.79,0.0,0.98
2021-02-10,0.191,7.73,6.79,0.0,0.94
2021-02-11,1.355,49.93,8.91,17.62,23.4
2021-02-12,1.697,72.43,10.12,26.73,35.57
2021-02-13,0.492,14.06,6.8,2.08,5.18
2021-02-14,0.24,8.54,6.93,0.01,1.59
2021-02-15,1.48,18.01,6.67,4.86,6.48
2021-02-16,0.343,10.91,7.12,1.14,2.65
2021-02-17,0.188,7.82,6.82,0.0,1.0
2021-02-18,0.162,7.69,6.79,0.0,0.9
2021-02-19,0.31,10.87,6.66,1.22,3.0
2021-02-20,0.159,8.45,7.0,0.0,1.45
2021-02-21,0.109,7.65,6.8,0.0,0.85
2021-02-22,0.099,7.62,6.78,0.0,0.84
2021-02-23,0.085,7.63,6.81,0.0,0.82
2021-02-24,0.069,7.61,6.81,0.0,0.8
2021-02-25,0.058,7.58,6.78,0.0,0.79
2021-02-26,0.05,7.61,6.82,0.0,0.79
2021-02-27,0.034,7.6,6.85,0.0,0.75
2021-02-28,0.035,7.52,6.73,0.0,0.79
2021-03-01,0.035,7.57,6.79,0.0,0.78
2021-03-02,0.03,7.57,6.79,0.0,0.77
2021-03-03,0.026,7.57,6.8,0.0,0.77
2021-03-04,0.021,7.58,6.82,0.0,0.76
2021-03-05,0.018,7.56,6.79,0.0,0.77
2021-03-06,0.013,7.62,6.87,0.0,0.75
2021-03-07,0.01,7.55,6.79,0.0,0.76
2021-03-08,0.008,7.67,6.92,0.0,0.75
2021-03-09,0.767,26.98,5.69,9.13,12.16
2021-03-10,2.821,37.91,9.27,12.35,16.29
2021-03-11,2.27,21.46,8.19,5.72,7.55
2021-03-12,0.341,11.23,7.14,1.26,2.83
2021-03-13,0.184,7.82,6.82,0.0,1.0
2021-03-14,0.464,16.2,5.59,4.41,6.2
2021-03-15,0.791,26.82,7.4,8.07,11.34
2021-03-16,0.181,9.01,6.91,0.0,2.09
2021-03-17,0.14,7.69,6.79,0.0,0.9
2021-03-18,1.304,31.74,7.38,10.45,13.91
2021-03-19,0.681,26.56,7.39,7.92,11.25
2021-03-20,0.183,8.83,6.92,0.0,1.91
2021-03-21,0.138,7.69,6.8,0.0,0.89
2021-03-22,0.12,7.64,6.79,0.0,0.86
2021-03-23,0.101,7.65,6.81,0.0,0.83
2021-03-24,0.089,7.6,6.77,0.0,0.83
2021-03-25,0.078,7.61,6.8,0.0,0.81
2021-03-26,0.068,7.58,6.78,0.0,0.8
2021-03-27,0.064,7.59,6.78,0.0,0.8
2021-03-28,0.056,7.59,6.8,0.0,0.79
2021-03-29,0.046,7.58,6.8,0.0,0.78
2021-03-30,0.039,7.58,6.8,0.0,0.78
2021-03-31,0.033,7.57,6.8,0.0,0.77
2021-04-01,0.029,7.57,6.8,0.0,0.77
2021-04-02,0.025,7.57,6.8,0.0,0.77
2021-04-03,0.019,7.58,6.82,0.0,0.75
2021-04-04,0.016,7.58,6.82,0.0,0.76
2021-04-05,0.012,7.55,6.8,0.0,0.75
2021-04-06,0.011,7.58,6.82,0.0,0.76
2021-04-07,0.007,7.64,6.9,0.0,0.74
2021-04-08,0.004,7.56,6.85,0.0,0.71
2021-04-09,0.003,7.69,6.92,0.0,0.77
2021-04-10,0.001,7.44,6.89,0.0,0.55
2021-04-11,0.001,7.36,6.6,0.0,0.76
2021-04-12,0.003,7.47,6.7,0.0,0.78
2021-04-13,0.002,7.72,6.97,0.0,0.75
2021-04-14,0.001,7.28,6.58,0.0,0.69
2021-04-15,0.002,7.62,6.84,0.0,0.78
2021-04-16,0.0,7.93,7.27,0.0,0.66
2021-04-17,0.0,7.83,7.44,0.0,0.39
2021-04-18,0.0,7.48,6.69,0.0,0.79
2021-04-19,0.0,7.97,7.61,0.0,0.36
2021-04-20,0.0,7.73,7.66,0.0,0.07
2021-04-21,0.0,7.68,7.66,0.0,0.01
2021-04-22,0.0,0.0,0.0,0.0,0.0
2021-04-23,0.0,0.0,0.0,0.0,0.0
2021-04-24,0.0,0.0,0.0,0.0,0.0
2021-04-25,0.0,0.0,0.0,0.0,0.0
2021-04-26,0.0,0.0,0.0,0.0,0.0
2021-04-27,0.0,0.0,0.0,0.0,0.0
2021-04-28,0.0,0.0,0.0,0.0,0.0
2021-04-29,0.0,0.0,0.0,0.0,0.0
2021-04-30,0.0,0.0,0.0,0.0,0.0
2021-05-01,0.0,0.0,0.0,0.0,0.0
2021-05-02,0.0,0.0,0.0,0.0,0.0
2021-05-03,0.0,0.0,0.0,0.0,0.0
2021-05-04,0.0,0.0,0.0,0.0,0.0
2021-05-05,0.0,0.0,0.0,0.0,0.0
2021-05-06,0.0,0.0,0.0,0.0,0.0
2021-05-07,0.0,0.0,0.0,0.0,0.0
2021-05-08,0.0,0.0,0.0,0.0,0.0
2021-05-09,0.0,0.0,0.0,0.0,0.0
2021-05-10,0.0,0.0,0.0,0.0,0.0
2021-05-11,0.0,0.0,0.0,0.0,0.0
2021-05-12,0.0,0.0,0.0,0.0,0.0
2021-05-13,0.0,0.0,0.0,0.0,0.0
2021-05-14,0.0,0.0,0.0,0.0,0.0
2021-05-15,0.0,0.0,0.0,0.0,0.0
2021-05-16,0.0,0.0,0.0,0.0,0.0
2021-05-17,0.0,0.0,0.0,0.0,0.0
2021-05-18,0.0,0.0,0.0,0.0,0.0
2021-05-19,0.0,0.0,0.0,0.0,0.0
2021-05-20,0.0,0.0,0.0,0.0,0.0
2021-05-21,0.0,0.0,0.0,0.0,0.0
2021-05-22,0.0,0.0,0.0,0.0,0.0
2021-05-23,0.0,0.0,0.0,0.0,0.0
2021-05-24,0.0,0.0,0.0,0.0,0.0
2021-05-25,0.0,0.0,0.0,0.0,0.0
2021-05-26,0.0,0.0,0.0,0.0,0.0
2021-05-27,0.0,0.0,0.0,0.0,0.0
2021-05-28,0.0,0.0,0.0,0.0,0.0
2021-05-29,0.0,0.0,0.0,0.0,0.0
2021-05-30,0.0,0.0,0.0,0.0,0.0
2021-05-31,0.0,0.0,0.0,0.0,0.0
2021-06-01,0.0,0.0,0.0,0.0,0.0
2021-06-02,0.0,0.0,0.0,0.0,0.0
2021-06-03,0.0,0.0,0.0,0.0,0.0
2021-06-04,0.0,0.0,0.0,0.0,0.0
2021-06-05,0.0,0.0,0.0,0.0,0.0
2021-06-06,0.0,0.0,0.0,0.0,0.0
2021-06-07,0.0,0.0,0.0,0.0,0.0
2021-06-08,0.0,0.0,0.0,0.0,0.0
2021-06-09,0.0,0.0,0.0,0.0,0.0
2021-06-10,0.0,0.0,0.0,0.0,0.0
2021-06-11,0.0,0.0,0.0,0.0,0.0
2021-06-12,0.0,0.0,0.0,0.0,0.0
2021-06-13,0.0,0.0,0.0,0.0,0.0
2021-06-14,0.0,0.0,0.0,0.0,0.0
2021-06-15,0.0,0.0,0.0,0.0,0.0
2021-06-16,0.0,0.0,0.0,0.0,0.0
2021-06-17,0.0,0.0,0.0,0.0,0.0
2021-06-18,0.0,0.0,0.0,0.0,0.0
2021-06-19,0.0,0.0,0.0,0.0,0.0
2021-06-20,0.0,0.0,0.0,0.0,0.0
2021-06-21,0.0,0.0,0.0,0.0,0.0
2021-06-22,0.0,0.0,0.0,0.0,0.0
2021-06-23,0.0,0.0,0.0,0.0,0.0
2021-06-24,0.0,0.0,0.0,0.0,0.0
2021-06-25,0.0,0.0,0.0,0.0,0.0
2021-06-26,0.0,0.0,0.0,0.0,0.0
2021-06-27,0.0,0.0,0.0,0.0,0.0
2021-06-28,0.0,0.0,0.0,0.0,0.0
2021-06-29,0.0,0.0,0.0,0.0,0.0
2021-06-30,0.0,0.0,0.0,0.0,0.0
2021-07-01,0.0,0.0,0.0,0.0,0.0
2021-07-02,0.0,0.0,0.0,0.0,0.0
2021-07-03,0.0,0.0,0.0,0.0,0.0
2021-07-04,0.0,0.0,0.0,0.0,0.0
2021-07-05,0.0,0.0,0.0,0.0,0.0
2021-07-06,0.0,0.0,0.0,0.0,0.0
2021-07-07,0.0,0.0,0.0,0.0,0.0
2021-07-08,0.0,0.0,0.0,0.0,0.0
2021-07-09,0.0,0.0,0.0,0.0,0.0
2021-07-10,0.0,0.0,0.0,0.0,0.0
2021-07-11,0.0,0.0,0.0,0.0,0.0
2021-07-12,0.0,0.0,0.0,0.0,0.0
2021-07-13,0.0,0.0,0.0,0.0,0.0
2021-07-14,0.0,0.0,0.0,0.0,0.0
2021-07-15,0.0,0.0,0.0,0.0,0.0
2021-07-16,0.0,0.0,0.0,0.0,0.0
2021-07-17,0.0,0.0,0.0,0.0,0.0
2021-07-18,0.0,0.0,0.0,0.0,0.0
2021-07-19,0.0,0.0,0.0,0.0,0.0
2021-07-20,0.0,0.0,0.0,0.0,0.0
2021-07-21,0.0,0.0,0.0,0.0,0.0
2021-07-22,0.0,0.0,0.0,0.0,0.0
2021-07-23,0.0,0.0,0.0,0.0,0.0
2021-07-24,0.0,0.0,0.0,0.0,0.0
2021-07-25,0.0,0.0,0.0,0.0,0.0
2021-07-26,0.0,0.0,0.0,0.0,0.0
2021-07-27,0.0,0.0,0.0,0.0,0.0
2021-07-28,0.0,0.0,0.0,0.0,0.0
2021-07-29,0.0,0.0,0.0,0.0,0.0
2021-07-30,0.0,0.0,0.0,0.0,0.0
2021-07-31,0.0,0.0,0.0,0.0,0.0
2021-08-01,0.0,0.0,0.0,0.0,0.0
2021-08-02,0.0,0.0,0.0,0.0,0.0
2021-08-03,0.0,0.0,0.0,0.0,0.0
2021-08-04,0.0,0.0,0.0,0.0,0.0
2021-08-05,0.0,0.0,0.0,0.0,0.0
2021-08-06,0.0,0.0,0.0,0.0,0.0
2021-08-07,0.0,0.0,0.0,0.0,0.0
2021-08-08,0.0,0.0,0.0,0.0,0.0
2021-08-09,0.0,0.0,0.0,0.0,0.0
2021-08-10,0.0,0.0,0.0,0.0,0.0
2021-08-11,0.0,0.0,0.0,0.0,0.0
2021-08-12,0.0,0.0,0.0,0.0,0.0
2021-08-13,0.0,0.0,0.0,0.0,0.0
2021-08-14,0.0,0.0,0.0,0.0,0.0
2021-08-15,0.0,0.0,0.0,0.0,0.0
2021-08-16,0.0,0.0,0.0,0.0,0.0
2021-08-17,0.0,0.0,0.0,0.0,0.0
2021-08-18,0.0,0.0,0.0,0.0,0.0
2021-08-19,0.0,0.0,0.0,0.0,0.0
2021-08-20,0.0,0.0,0.0,0.0,0.0
2021-08-21,0.0,0.0,0.0,0.0,0.0
2021-08-22,0.0,0.0,0.0,0.0,0.0
2021-08-23,0.0,0.0,0.0,0.0,0.0
2021-08-24,0.0,0.0,0.0,0.0,0.0
2021-08-25,0.0,0.0,0.0,0.0,0.0
2021-08-26,0.0,0.0,0.0,0.0,0.0
2021-08-27,0.0,0.0,0.0,0.0,0.0
2021-08-28,0.0,0.0,0.0,0.0,0.0
2021-08-29,0.0,0.0,0.0,0.0,0.0
2021-08-30,0.0,0.0,0.0,0.0,0.0
2021-08-31,0.0,0.0,0.0,0.0,0.0
2021-09-01,0.0,0.0,0.0,0.0,0.0
2021-09-02,0.0,0.0,0.0,0.0,0.0
2021-09-03,0.0,0.0,0.0,0.0,0.0
2021-09-04,0.0,0.0,0.0,0.0,0.0
2021-09-05,0.0,0.0,0.0,0.0,0.0
2021-09-06,0.0,0.0,0.0,0.0,0.0
2021-09-07,0.0,0.0,0.0,0.0,0.0
2021-09-08,0.0,0.0,0.0,0.0,0.0
2021-09-09,0.0,0.0,0.0,0.0,0.0
2021-09-10,0.0,0.0,0.0,0.0,0.0
2021-09-11,0.0,0.0,0.0,0.0,0.0
2021-09-12,0.0,0.0,0.0,0.0,0.0
2021-09-13,0.0,0.0,0.0,0.0,0.0
2021-09-14,0.0,0.0,0.0,0.0,0.0
2021-09-15,0.0,0.0,0.0,0.0,0.0
2021-09-16,0.0,0.0,0.0,0.0,0.0
2021-09-17,0.0,0.0,0.0,0.0,0.0
2021-09-18,0.0,0.0,0.0,0.0,0.0
2021-09-19,0.0,0.0,0.0,0.0,0.0
2021-09-20,0.0,0.0,0.0,0.0,0.0
2021-09-21,0.0,0.0,0.0,0.0,0.0
2021-09-22,0.0,0.0,0.0,0.0,0.0
2021-09-23,0.0,0.0,0.0,0.0,0.0
2021-09-24,0.0,0.0,0.0,0.0,0.0
2021-09-25,0.0,0.0,0.0,0.0,0.0
2021-09-26,0.0,0.0,0.0,0.0,0.0
2021-09-27,0.0,0.0,0.0,0.0,0.0
2021-09-28,0.0,0.0,0.0,0.0,0.0
2021-09-29,0.0,0.0,0.0,0.0,0.0
2021-09-30,0.0,0.0,0.0,0.0,0.0
2021-10-01,0.0,0.0,0.0,0.0,0.0
2021-10-02,0.0,0.0,0.0,0.0,0.0
2021-10-03,0.0,0.0,0.0,0.0,0.0
2021-10-04,0.0,0.0,0.0,0.0,0.0
2021-10-05,0.0,0.0,0.0,0.0,0.0
2021-10-06,0.0,0.0,0.0,0.0,0.0
2021-10-07,0.0,0.0,0.0,0.0,0.0
2021-10-08,0.0,0.0,0.0,0.0,0.0
2021-10-09,0.0,0.0,0.0,0.0,0.0
2021-10-10,0.0,0.0,0.0,0.0,0.0
2021-10-11,0.0,0.0,0.0,0.0,0.0
2021-10-12,0.0,0.0,0.0,0.0,0.0
2021-10-13,0.0,0.0,0.0,0.0,0.0
2021-10-14,0.0,0.0,0.0,0.0,0.0
2021-10-15,0.0,0.0,0.0,0.0,0.0
2021-10-16,0.0,0.0,0.0,0.0,0.0
2021-10-17,0.0,0.0,0.0,0.0,0.0
2021-10-18,0.0,0.0,0.0,0.0,0.0
2021-10-19,0.0,0.0,0.0,0.0,0.0
2021-10-20,1.919,45.82,9.58,15.63,20.61
2021-10-21,7.505,48.93,14.3,14.94,19.69
2021-10-22,4.586,43.72,10.75,14.21,18.76
2021-10-23,1.664,23.42,6.27,7.11,10.05
2021-10-24,28.704,105.31,20.93,34.37,50.0
2021-10-25,7.418,78.14,18.29,23.9,35.95
2021-10-26,0.804,12.45,6.99,2.26,3.21
2021-10-27,0.549,8.51,6.81,0.48,1.22
2021-10-28,0.468,8.16,6.79,0.23,1.14
2021-10-29,0.407,8.02,6.79,0.09,1.14
2021-10-30,0.356,7.94,6.79,0.01,1.14
2021-10-31,0.818,16.87,6.65,4.27,5.95
2021-11-01,3.471,30.38,9.96,8.8,11.62
2021-11-02,1.081,18.45,7.62,4.6,6.24
2021-11-03,0.37,8.64,6.81,0.29,1.53
2021-11-04,1.1,17.45,6.73,4.52,6.2
2021-11-05,0.328,9.28,6.94,0.43,1.92
2021-11-06,0.243,7.84,6.8,0.0,1.03
2021-11-07,0.195,7.76,6.82,0.0,0.95
2021-11-08,0.168,7.7,6.79,0.0,0.91
2021-11-09,3.079,65.38,10.11,23.77,31.5
2021-11-10,0.372,20.63,7.13,4.78,8.72
2021-11-11,0.203,8.11,6.82,0.0,1.29
2021-11-12,0.172,7.71,6.79,0.0,0.92
2021-11-13,0.151,7.68,6.79,0.0,0.89
2021-11-14,0.132,7.66,6.79,0.0,0.87
2021-11-15,0.116,7.64,6.79,0.0,0.85
2021-11-16,0.1,7.64,6.8,0.0,0.83
2021-11-17,0.084,7.61,6.79,0.0,0.82
2021-11-18,0.076,7.6,6.78,0.0,0.81
2021-11-19,0.069,7.58,6.77,0.0,0.81
2021-11-20,0.061,7.6,6.8,0.0,0.8
2021-11-21,0.048,7.61,6.84,0.0,0.78
2021-11-22,0.04,7.56,6.78,0.0,0.78
2021-11-23,0.037,7.58,6.8,0.0,0.78
2021-11-24,0.027,7.56,6.81,0.0,0.75
2021-11-25,0.022,7.58,6.82,0.0,0.76
2021-11-26,0.022,7.53,6.75,0.0,0.78
2021-11-27,0.024,7.52,6.74,0.0,0.78
2021-11-28,0.022,7.56,6.8,0.0,0.77
2021-11-29,0.019,7.56,6.8,0.0,0.76
2021-11-30,0.016,7.55,6.79,0.0,0.76
2021-12-01,0.014,7.56,6.81,0.0,0.76
2021-12-02,0.012,7.55,6.78,0.0,0.76
2021-12-03,0.011,7.61,6.84,0.0,0.77
2021-12-04,0.007,7.59,6.85,0.0,0.73
2021-12-05,0.004,7.61,6.88,0.0,0.73
2021-12-06,0.003,7.54,6.79,0.0,0.75
2021-12-07,0.003,7.48,6.74,0.0,0.74
2021-12-08,0.004,7.53,6.74,0.0,0.8
2021-12-09,0.001,8.2,7.56,0.0,0.64
2021-12-10,0.0,7.78,7.66,0.0,0.11
2021-12-11,0.0,7.68,7.66,0.0,0.02
2021-12-12,5.258,55.32,12.78,18.31,24.23
2021-12-13,36.818,178.96,24.86,69.64,84.46
2021-12-14,8.164,48.02,15.3,13.92,18.8
2021-12-15,2.635,18.45,6.91,4.98,6.56
2021-12-16,7.152,60.23,14.39,20.09,25.75
2021-12-17,1.605,10.42,6.87,1.54,2.01
2021-12-18,1.195,8.88,6.82,0.89,1.17
2021-12-19,0.953,8.81,6.81,0.86,1.14
2021-12-20,0.771,8.8,6.81,0.85,1.14
2021-12-21,0.744,7.27,5.79,0.49,1.0
2021-12-22,9.847,45.99,13.8,13.86,18.32
2021-12-23,16.842,159.37,20.52,62.9,75.96
2021-12-24,4.469,29.61,10.14,8.72,10.75
2021-12-25,7.473,46.39,12.82,14.45,19.11
2021-12-26,3.225,16.08,8.67,3.2,4.21
2021-12-27,5.903,32.71,11.75,9.04,11.92
2021-12-28,1.809,11.23,6.89,1.87,2.47
2021-12-29,7.355,38.29,12.0,11.33,14.95
2021-12-30,2.265,17.02,8.14,3.83,5.06
2021-12-31,1.305,9.13,6.86,0.98,1.29
2022-01-01,0.937,8.85,6.84,0.87,1.14
2022-01-02,0.697,8.63,6.83,0.67,1.13
2022-01-03,0.576,7.85,6.47,0.31,1.07
2022-01-04,6.392,36.98,12.09,10.74,14.15
2022-01-05,1.285,12.27,7.0,2.28,3.0
2022-01-06,0.766,8.93,6.85,0.86,1.22
2022-01-07,0.56,8.36,6.84,0.38,1.14
2022-01-08,0.418,8.13,6.83,0.17,1.13
2022-01-09,0.317,7.95,6.83,0.01,1.11
2022-01-10,0.246,7.84,6.82,0.0,1.01
2022-01-11,0.192,7.76,6.82,0.0,0.94
2022-01-12,0.152,7.71,6.82,0.0,0.89
2022-01-13,0.124,7.67,6.81,0.0,0.86
2022-01-14,0.102,7.64,6.81,0.0,0.84
2022-01-15,0.082,7.63,6.82,0.0,0.82
2022-01-16,0.071,7.6,6.79,0.0,0.81
2022-01-17,0.06,7.6,6.8,0.0,0.8
2022-01-18,0.05,7.6,6.81,0.0,0.79
2022-01-19,0.044,7.56,6.78,0.0,0.78
2022-01-20,0.041,7.55,6.77,0.0,0.78
2022-01-21,0.035,7.63,6.86,0.0,0.77
2022-01-22,0.022,7.5,6.77,0.0,0.73
2022-01-23,0.024,7.52,6.75,0.0,0.77
2022-01-24,0.024,7.54,6.78,0.0,0.77
2022-01-25,0.023,7.54,6.78,0.0,0.76
2022-01-26,0.02,7.54,6.79,0.0,0.75
2022-01-27,0.017,7.53,6.78,0.0,0.75
2022-01-28,0.016,7.53,6.77,0.0,0.75
2022-01-29,0.015,7.54,6.79,0.0,0.75
2022-01-30,0.013,7.54,6.79,0.0,0.75
2022-01-31,0.011,7.55,6.8,0.0,0.75
2022-02-01,0.006,7.78,7.11,0.0,0.67
2022-02-02,0.003,7.37,6.65,0.0,0.72
2022-02-03,0.005,7.43,6.66,0.0,0.78
2022-02-04,0.005,7.54,6.79,0.0,0.74
2022-02-05,0.006,7.49,6.74,0.0,0.75
2022-02-06,0.005,7.55,6.81,0.0,0.74
2022-02-07,0.004,7.5,6.76,0.0,0.74
2022-02-08,0.004,7.54,6.79,0.0,0.75
2022-02-09,0.003,7.55,6.82,0.0,0.73
2022-02-10,0.003,7.5,6.76,0.0,0.74
2022-02-11,0.003,7.5,6.75,0.0,0.75
2022-02-12,0.003,7.51,6.77,0.0,0.74
2022-02-13,0.002,7.57,6.83,0.0,0.74
2022-02-14,0.001,7.87,7.17,0.0,0.7
2022-02-15,0.0,7.85,7.66,0.0,0.18
2022-02-16,0.0,7.7,7.66,0.0,0.03
2022-02-17,0.0,6.51,5.79,0.0,0.71
2022-02-18,0.0,7.72,6.94,0.0,0.78
2022-02-19,0.0,7.44,6.66,0.0,0.78
2022-02-20,0.0,8.1,7.5,0.0,0.6
2022-02-21,0.0,7.77,7.66,0.0,0.11
2022-02-22,0.0,7.68,7.66,0.0,0.02
2022-02-23,0.0,7.67,7.66,0.0,0.01
2022-02-24,0.0,0.0,0.0,0.0,0.0
2022-02-25,0.0,0.0,0.0,0.0,0.0
2022-02-26,0.0,0.0,0.0,0.0,0.0
2022-02-27,0.0,0.0,0.0,0.0,0.0
2022-02-28,0.0,6.76,6.59,0.06,0.11
2022-03-01,0.0,7.21,6.8,0.04,0.37
2022-03-02,0.0,7.44,6.73,0.04,0.67
2022-03-03,0.0,0.0,0.0,0.0,0.0
2022-03-04,0.0,0.0,0.0,0.0,0.0
2022-03-05,0.0,0.0,0.0,0.0,0.0
2022-03-06,0.0,0.0,0.0,0.0,0.0
2022-03-07,0.0,0.0,0.0,0.0,0.0
2022-03-08,0.0,0.0,0.0,0.0,0.0
2022-03-09,0.0,0.0,0.0,0.0,0.0
2022-03-10,0.0,0.0,0.0,0.0,0.0
2022-03-11,0.0,0.0,0.0,0.0,0.0
2022-03-12,0.0,0.0,0.0,0.0,0.0
2022-03-13,0.0,0.0,0.0,0.0,0.0
2022-03-14,0.0,0.0,0.0,0.0,0.0
2022-03-15,0.0,0.0,0.0,0.0,0.0
2022-03-16,0.0,0.0,0.0,0.0,0.0
2022-03-17,0.0,0.0,0.0,0.0,0.0
2022-03-18,0.0,0.0,0.0,0.0,0.0
2022-03-19,0.0,0.0,0.0,0.0,0.0
2022-03-20,0.0,0.0,0.0,0.0,0.0
2022-03-21,0.0,0.0,0.0,0.0,0.0
2022-03-22,0.0,0.0,0.0,0.0,0.0
2022-03-23,0.0,0.0,0.0,0.0,0.0
2022-03-24,0.0,0.0,0.0,0.0,0.0
2022-03-25,0.0,0.0,0.0,0.0,0.0
2022-03-26,0.0,0.0,0.0,0.0,0.0
2022-03-27,0.0,0.0,0.0,0.0,0.0
2022-03-28,0.0,0.0,0.0,0.0,0.0
2022-03-29,0.0,0.0,0.0,0.0,0.0
2022-03-30,0.0,0.0,0.0,0.0,0.0
2022-03-31,0.0,0.0,0.0,0.0,0.0
2022-04-01,0.0,0.0,0.0,0.0,0.0
2022-04-02,0.0,0.0,0.0,0.0,0.0
2022-04-03,0.0,0.0,0.0,0.0,0.0
2022-04-04,0.0,0.0,0.0,0.0,0.0
2022-04-05,0.0,0.0,0.0,0.0,0.0
2022-04-06,0.0,0.0,0.0,0.0,0.0
2022-04-07,0.0,0.0,0.0,0.0,0.0
2022-04-08,0.0,0.0,0.0,0.0,0.0
2022-04-09,0.0,0.0,0.0,0.0,0.0
2022-04-10,0.0,0.0,0.0,0.0,0.0
2022-04-11,0.0,0.0,0.0,0.0,0.0
2022-04-12,0.0,0.0,0.0,0.0,0.0
2022-04-13,0.0,0.0,0.0,0.0,0.0
2022-04-14,0.0,0.0,0.0,0.0,0.0
2022-04-15,0.0,0.0,0.0,0.0,0.0
2022-04-16,2.039,31.34,8.22,9.76,13.36
2022-04-17,0.271,18.79,7.45,3.71,7.62
2022-04-18,0.07,8.06,6.89,0.0,1.17
2022-04-19,0.306,15.8,6.68,3.04,6.08
2022-04-20,0.629,19.27,5.7,5.65,7.92
2022-04-21,3.001,29.89,9.44,8.8,11.65
2022-04-22,0.357,13.3,7.19,2.07,4.05
2022-04-23,0.176,7.88,6.83,0.0,1.05
2022-04-24,0.149,7.68,6.79,0.0,0.89
2022-04-25,0.133,7.66,6.79,0.0,0.87
2022-04-26,0.118,7.65,6.79,0.0,0.85
2022-04-27,0.099,7.63,6.8,0.0,0.83
2022-04-28,0.087,7.6,6.78,0.0,0.82
2022-04-29,0.082,7.6,6.78,0.0,0.82
2022-04-30,0.076,7.59,6.78,0.0,0.82
2022-05-01,0.067,7.6,6.8,0.0,0.81
2022-05-02,0.058,7.59,6.8,0.0,0.8
2022-05-03,0.048,7.58,6.8,0.0,0.78
2022-05-04,0.045,7.57,6.78,0.0,0.79
2022-05-05,0.041,7.57,6.79,0.0,0.78
2022-05-06,0.04,7.53,6.74,0.0,0.79
2022-05-07,0.033,7.64,6.88,0.0,0.76
2022-05-08,0.018,7.7,6.97,0.0,0.73
2022-05-09,0.013,7.51,6.75,0.0,0.76
2022-05-10,0.011,7.56,6.81,0.0,0.74
2022-05-11,0.011,7.48,6.72,0.0,0.76
2022-05-12,0.011,7.51,6.74,0.0,0.77
2022-05-13,0.012,7.53,6.76,0.0,0.77
2022-05-14,0.011,7.55,6.79,0.0,0.76
2022-05-15,0.009,7.54,6.79,0.0,0.76
2022-05-16,0.008,7.56,6.81,0.0,0.76
2022-05-17,0.006,7.57,6.82,0.0,0.75
2022-05-18,0.005,7.56,6.81,0.0,0.75
2022-05-19,0.004,7.63,6.87,0.0,0.76
2022-05-20,0.001,7.39,6.76,0.0,0.63
2022-05-21,0.003,7.48,6.7,0.0,0.78
2022-05-22,0.003,7.62,6.86,0.0,0.76
2022-05-23,0.001,7.52,6.83,0.0,0.68
2022-05-24,0.002,7.56,6.79,0.0,0.76
2022-05-25,0.001,7.63,6.9,0.0,0.74
2022-05-26,0.001,7.43,6.73,0.0,0.7
2022-05-27,0.001,7.59,6.83,0.0,0.76
2022-05-28,0.001,7.45,6.72,0.0,0.72
2022-05-29,0.0,7.72,6.96,0.0,0.75
2022-05-30,0.0,7.85,7.66,0.0,0.19
2022-05-31,0.0,7.7,7.66,0.0,0.03
2022-06-01,0.0,7.67,7.66,0.0,0.01
2022-06-02,0.0,0.0,0.0,0.0,0.0
2022-06-03,0.0,0.0,0.0,0.0,0.0
2022-06-04,0.0,0.0,0.0,0.0,0.0
2022-06-05,0.0,0.0,0.0,0.0,0.0
2022-06-06,0.0,0.0,0.0,0.0,0.0
2022-06-07,0.0,0.0,0.0,0.0,0.0
2022-06-08,0.0,0.0,0.0,0.0,0.0
2022-06-09,0.0,0.0,0.0,0.0,0.0
2022-06-10,0.0,0.0,0.0,0.0,0.0
2022-06-11,0.0,0.0,0.0,0.0,0.0
2022-06-12,0.0,0.0,0.0,0.0,0.0
2022-06-13,0.0,0.0,0.0,0.0,0.0
2022-06-14,0.0,0.0,0.0,0.0,0.0
2022-06-15,0.0,0.0,0.0,0.0,0.0
2022-06-16,0.0,0.0,0.0,0.0,0.0
2022-06-17,0.0,0.0,0.0,0.0,0.0
2022-06-18,0.0,0.0,0.0,0.0,0.0
2022-06-19,0.0,0.0,0.0,0.0,0.0
2022-06-20,0.0,0.0,0.0,0.0,0.0
2022-06-21,0.0,0.0,0.0,0.0,0.0
2022-06-22,0.0,0.0,0.0,0.0,0.0
2022-06-23,0.0,0.0,0.0,0.0,0.0
2022-06-24,0.0,0.0,0.0,0.0,0.0
2022-06-25,0.0,0.0,0.0,0.0,0.0
2022-06-26,0.0,0.0,0.0,0.0,0.0
2022-06-27,0.0,0.0,0.0,0.0,0.0
2022-06-28,0.0,0.0,0.0,0.0,0.0
2022-06-29,0.0,0.0,0.0,0.0,0.0
2022-06-30,0.0,0.0,0.0,0.0,0.0
2022-07-01,0.0,0.0,0.0,0.0,0.0
2022-07-02,0.0,0.0,0.0,0.0,0.0
2022-07-03,0.0,0.0,0.0,0.0,0.0
2022-07-04,0.0,0.0,0.0,0.0,0.0
2022-07-05,0.0,0.0,0.0,0.0,0.0
2022-07-06,0.0,0.0,0.0,0.0,0.0
2022-07-07,0.0,0.0,0.0,0.0,0.0
2022-07-08,0.0,0.0,0.0,0.0,0.0
2022-07-09,0.0,0.0,0.0,0.0,0.0
2022-07-10,0.0,0.0,0.0,0.0,0.0
2022-07-11,0.0,0.0,0.0,0.0,0.0
2022-07-12,0.0,0.0,0.0,0.0,0.0
2022-07-13,0.0,0.0,0.0,0.0,0.0
2022-07-14,0.0,0.0,0.0,0.0,0.0
2022-07-15,0.0,0.0,0.0,0.0,0.0
2022-07-16,0.0,0.0,0.0,0.0,0.0
2022-07-17,0.0,0.0,0.0,0.0,0.0
2022-07-18,0.0,0.0,0.0,0.0,0.0
2022-07-19,0.0,0.0,0.0,0.0,0.0
2022-07-20,0.0,0.0,0.0,0.0,0.0
2022-07-21,0.0,0.0,0.0,0.0,0.0
2022-07-22,0.0,0.0,0.0,0.0,0.0
2022-07-23,0.0,0.0,0.0,0.0,0.0
2022-07-24,0.0,0.0,0.0,0.0,0.0
2022-07-25,0.0,0.0,0.0,0.0,0.0
2022-07-26,0.0,0.0,0.0,0.0,0.0
2022-07-27,0.0,0.0,0.0,0.0,0.0
2022-07-28,0.0,0.0,0.0,0.0,0.0
2022-07-29,0.0,0.0,0.0,0.0,0.0
2022-07-30,0.0,0.0,0.0,0.0,0.0
2022-07-31,0.0,0.0,0.0,0.0,0.0
2022-08-01,0.0,0.0,0.0,0.0,0.0
2022-08-02,0.0,0.0,0.0,0.0,0.0
2022-08-03,0.0,0.0,0.0,0.0,0.0
2022-08-04,0.0,0.0,0.0,0.0,0.0
2022-08-05,0.0,0.0,0.0,0.0,0.0
2022-08-06,0.0,0.0,0.0,0.0,0.0
2022-08-07,0.0,0.0,0.0,0.0,0.0
2022-08-08,0.0,0.0,0.0,0.0,0.0
2022-08-09,0.0,0.0,0.0,0.0,0.0
2022-08-10,0.0,0.0,0.0,0.0,0.0
2022-08-11,0.0,0.0,0.0,0.0,0.0
2022-08-12,0.0,0.0,0.0,0.0,0.0
2022-08-13,0.0,0.0,0.0,0.0,0.0
2022-08-14,0.0,0.0,0.0,0.0,0.0
2022-08-15,0.0,0.0,0.0,0.0,0.0
2022-08-16,0.0,0.0,0.0,0.0,0.0
2022-08-17,0.0,0.0,0.0,0.0,0.0
2022-08-18,0.0,0.0,0.0,0.0,0.0
2022-08-19,0.0,0.0,0.0,0.0,0.0
2022-08-20,0.0,0.0,0.0,0.0,0.0
2022-08-21,0.0,0.0,0.0,0.0,0.0
2022-08-22,0.0,0.0,0.0,0.0,0.0
2022-08-23,0.0,0.0,0.0,0.0,0.0
2022-08-24,0.0,0.0,0.0,0.0,0.0
2022-08-25,0.0,0.0,0.0,0.0,0.0
2022-08-26,0.0,0.0,0.0,0.0,0.0
2022-08-27,0.0,0.0,0.0,0.0,0.0
2022-08-28,0.0,0.0,0.0,0.0,0.0
2022-08-29,0.0,0.0,0.0,0.0,0.0
2022-08-30,0.0,0.0,0.0,0.0,0.0
2022-08-31,0.0,0.0,0.0,0.0,0.0
2022-09-01,0.0,0.0,0.0,0.0,0.0
2022-09-02,0.0,0.0,0.0,0.0,0.0
2022-09-03,0.0,0.0,0.0,0.0,0.0
2022-09-04,0.0,0.0,0.0,0.0,0.0
2022-09-05,0.0,0.0,0.0,0.0,0.0
2022-09-06,0.0,0.0,0.0,0.0,0.0
2022-09-07,0.0,0.0,0.0,0.0,0.0
2022-09-08,0.0,0.0,0.0,0.0,0.0
2022-09-09,0.0,0.0,0.0,0.0,0.0
2022-09-10,0.0,0.0,0.0,0.0,0.0
2022-09-11,0.0,0.0,0.0,0.0,0.0
2022-09-12,0.0,0.0,0.0,0.0,0.0
2022-09-13,0.0,0.0,0.0,0.0,0.0
2022-09-14,0.0,0.0,0.0,0.0,0.0
2022-09-15,0.0,0.0,0.0,0.0,0.0
2022-09-16,0.0,0.0,0.0,0.0,0.0
2022-09-17,0.0,0.0,0.0,0.0,0.0
2022-09-18,0.0,0.0,0.0,0.0,0.0
2022-09-19,0.0,0.0,0.0,0.0,0.0
2022-09-20,0.0,0.0,0.0,0.0,0.0
2022-09-21,0.071,10.76,6.66,0.08,4.02
2022-09-22,0.018,9.56,7.63,0.0,1.93
2022-09-23,0.001,7.86,7.4,0.0,0.46
2022-09-24,0.001,7.55,6.84,0.0,0.71
2022-09-25,0.0,7.55,6.82,0.0,0.73
2022-09-26,0.0,7.9,7.66,0.0,0.24
2022-09-27,0.0,7.71,7.66,0.0,0.04
2022-09-28,0.0,7.26,7.13,0.01,0.12
2022-09-29,0.0,7.42,6.63,0.0,0.79
2022-09-30,0.0,7.5,6.74,0.0,0.76
2022-10-01,0.0,7.84,7.41,0.0,0.43
2022-10-02,0.0,7.75,7.66,0.0,0.1
2022-10-03,0.0,7.68,7.43,0.0,0.25
2022-10-04,0.0,0.0,0.0,0.0,0.0
2022-10-05,0.0,0.0,0.0,0.0,0.0
2022-10-06,0.0,0.0,0.0,0.0,0.0
2022-10-07,0.0,0.0,0.0,0.0,0.0
2022-10-08,0.0,0.0,0.0,0.0,0.0
2022-10-09,0.0,0.0,0.0,0.0,0.0
2022-10-10,0.0,0.0,0.0,0.0,0.0
2022-10-11,0.0,0.0,0.0,0.0,0.0
2022-10-12,0.0,0.0,0.0,0.0,0.0
2022-10-13,0.0,0.0,0.0,0.0,0.0
2022-10-14,0.0,0.0,0.0,0.0,0.0
2022-10-15,0.0,0.0,0.0,0.0,0.0
2022-10-16,0.0,0.0,0.0,0.0,0.0
2022-10-17,0.0,0.0,0.0,0.0,0.0
2022-10-18,0.0,0.0,0.0,0.0,0.0
2022-10-19,0.0,0.0,0.0,0.0,0.0
2022-10-20,0.0,0.0,0.0,0.0,0.0
2022-10-21,0.0,0.0,0.0,0.0,0.0
2022-10-22,0.0,0.0,0.0,0.0,0.0
2022-10-23,0.0,0.0,0.0,0.0,0.0
2022-10-24,0.0,0.0,0.0,0.0,0.0
2022-10-25,0.0,0.0,0.0,0.0,0.0
2022-10-26,0.0,0.0,0.0,0.0,0.0
2022-10-27,0.0,0.0,0.0,0.0,0.0
2022-10-28,0.0,0.0,0.0,0.0,0.0
2022-10-29,0.0,0.0,0.0,0.0,0.0
2022-10-30,0.0,0.0,0.0,0.0,0.0
2022-10-31,0.0,0.0,0.0,0.0,0.0
2022-11-01,0.261,26.04,6.53,7.17,12.34
2022-11-02,0.151,18.96,7.62,2.09,9.25
2022-11-03,0.008,9.93,7.66,0.0,2.27
2022-11-04,0.001,6.85,6.3,0.0,0.55
2022-11-05,0.004,7.42,6.63,0.0,0.8
2022-11-06,0.003,7.77,7.06,0.0,0.71
2022-11-07,0.067,0.37,0.35,0.0,0.02
2022-11-08,9.738,65.76,14.14,22.44,29.18
2022-11-09,0.954,26.81,7.94,8.02,10.85
2022-11-10,0.171,9.26,6.98,0.0,2.28
2022-11-11,0.123,7.67,6.79,0.0,0.88
2022-11-12,0.111,7.64,6.79,0.0,0.85
2022-11-13,0.096,7.61,6.78,0.0,0.83
2022-11-14,0.089,7.6,6.78,0.0,0.82
2022-11-15,0.08,7.6,6.78,0.0,0.81
2022-11-16,0.071,7.59,6.78,0.0,0.81
2022-11-17,0.064,7.59,6.79,0.0,0.8
2022-11-18,0.06,7.56,6.76,0.0,0.8
2022-11-19,0.05,7.61,6.83,0.0,0.78
2022-11-20,0.041,7.55,6.78,0.0,0.77
2022-11-21,0.038,7.57,6.79,0.0,0.78
2022-11-22,0.036,7.54,6.76,0.0,0.78
2022-11-23,0.037,7.53,6.75,0.0,0.78
2022-11-24,0.033,7.58,6.81,0.0,0.77
2022-11-25,0.029,7.55,6.78,0.0,0.77
2022-11-26,0.025,7.55,6.79,0.0,0.76
2022-11-27,0.024,7.55,6.78,0.0,0.77
2022-11-28,0.017,7.7,6.97,0.0,0.74
2022-11-29,0.005,7.53,6.91,0.0,0.62
2022-11-30,0.009,7.43,6.64,0.0,0.78
2022-12-01,4.347,61.37,11.65,21.41,28.31
2022-12-02,0.582,29.66,7.55,8.92,13.19
2022-12-03,4.91,38.18,11.92,11.3,14.95
2022-12-04,1.905,28.27,9.34,8.14,10.78
2022-12-05,1.918,19.32,7.35,5.15,6.82
2022-12-06,0.839,14.31,6.9,3.1,4.32
2022-12-07,0.277,8.39,6.9,0.03,1.45
2022-12-08,0.214,7.78,6.8,0.0,0.98
2022-12-09,0.189,7.72,6.79,0.0,0.93
2022-12-10,9.956,64.48,15.02,21.41,28.05
2022-12-11,7.696,39.38,12.99,11.39,14.99
2022-12-12,2.431,24.55,9.44,6.53,8.59
2022-12-13,0.818,9.66,6.87,1.21,1.59
2022-12-14,0.637,8.69,6.81,0.74,1.15
2022-12-15,0.534,8.29,6.8,0.36,1.14
2022-12-16,0.451,8.14,6.8,0.21,1.14
2022-12-17,0.384,7.97,6.8,0.04,1.14
2022-12-18,0.329,7.93,6.8,0.01,1.12
2022-12-19,0.281,7.86,6.8,0.0,1.06
2022-12-20,0.242,7.8,6.79,0.0,1.0
2022-12-21,0.209,7.76,6.8,0.0,0.96
2022-12-22,0.182,7.72,6.79,0.0,0.93
2022-12-23,0.159,7.69,6.79,0.0,0.9
2022-12-24,0.139,7.67,6.8,0.0,0.88
2022-12-25,0.12,7.65,6.79,0.0,0.86
2022-12-26,0.117,6.84,6.08,0.0,0.75
2022-12-27,12.672,106.96,17.34,40.3,49.32
2022-12-28,0.916,25.66,7.12,8.35,10.19
2022-12-29,4.282,26.09,8.95,7.39,9.75
2022-12-30,7.036,29.85,11.2,8.05,10.6
2022-12-31,43.82,292.41,28.08,124.84,139.49
2023-01-01,45.699,3402.39,41.1,1472.94,1888.35
2023-01-02,8.272,62.2,13.33,21.21,27.66
2023-01-03,5.385,24.24,11.69,5.43,7.13
2023-01-04,16.251,89.73,17.07,30.37,42.29
2023-01-05,17.801,76.93,18.83,23.98,34.12
2023-01-06,5.278,14.03,10.68,1.43,1.93
2023-01-07,5.38,19.73,9.14,4.58,6.02
2023-01-08,9.838,65.3,15.37,21.84,28.09
2023-01-09,21.07,139.59,20.97,47.55,71.06
2023-01-10,9.562,27.13,13.51,5.83,7.79
2023-01-11,10.328,61.97,15.08,20.5,26.39
2023-01-12,3.993,16.63,9.73,3.0,3.9
2023-01-13,10.533,37.89,14.45,10.12,13.33
2023-01-14,14.166,88.75,17.03,29.73,41.99
2023-01-15,11.489,37.61,13.88,10.19,13.54
2023-01-16,14.781,156.78,20.34,56.24,80.21
2023-01-17,3.529,12.57,9.01,1.52,2.05
2023-01-18,2.127,9.04,7.02,0.87,1.15
2023-01-19,2.221,17.44,7.44,4.32,5.68
2023-01-20,1.116,9.74,6.9,1.23,1.61
2023-01-21,0.733,8.74,6.86,0.73,1.15
2023-01-22,0.53,8.31,6.84,0.33,1.14
2023-01-23,0.395,8.06,6.82,0.11,1.13
2023-01-24,0.326,7.94,6.81,0.01,1.12
2023-01-25,0.273,7.85,6.8,0.0,1.05
2023-01-26,0.229,7.79,6.8,0.0,0.99
2023-01-27,0.194,7.74,6.8,0.0,0.94
2023-01-28,0.165,7.71,6.8,0.0,0.91
2023-01-29,0.127,7.7,6.84,0.0,0.86
2023-01-30,0.086,7.69,6.88,0.0,0.81
2023-01-31,0.065,7.58,6.79,0.0,0.79
2023-02-01,0.059,7.59,6.79,0.0,0.8
2023-02-02,0.05,7.6,6.81,0.0,0.79
2023-02-03,4.018,53.91,11.43,18.33,24.15
2023-02-04,5.745,42.42,12.27,13.01,17.14
2023-02-05,3.825,27.83,10.83,7.34,9.66
2023-02-06,1.281,9.62,6.93,1.16,1.53
2023-02-07,0.761,8.77,6.89,0.73,1.15
2023-02-08,0.485,8.31,6.88,0.31,1.13
2023-02-09,0.322,7.99,6.87,0.02,1.11
2023-02-10,0.221,7.86,6.87,0.0,0.99
2023-02-11,0.148,7.72,6.84,0.0,0.88
2023-02-12,0.118,7.67,6.82,0.0,0.85
2023-02-13,0.093,7.68,6.85,0.0,0.83
2023-02-14,0.046,7.75,7.01,0.0,0.74
2023-02-15,0.037,7.45,6.66,0.0,0.78
2023-02-16,0.042,7.56,6.76,0.0,0.8
2023-02-17,0.039,7.57,6.79,0.0,0.78
2023-02-18,0.034,7.56,6.79,0.0,0.77
2023-02-19,0.031,7.56,6.78,0.0,0.78
2023-02-20,0.029,7.56,6.79,0.0,0.77
2023-02-21,0.02,7.8,7.05,0.0,0.75
2023-02-22,0.002,7.94,7.66,0.0,0.28
2023-02-23,0.001,7.45,6.68,0.0,0.77
2023-02-24,6.621,67.42,12.96,23.51,30.95
2023-02-25,1.063,15.02,7.07,3.41,4.55
2023-02-26,3.067,32.8,9.48,10.03,13.29
2023-02-27,7.065,43.3,12.54,13.28,17.49
2023-02-28,5.184,26.34,10.61,6.79,8.94
2023-03-01,1.896,11.67,7.34,1.87,2.46
2023-03-02,1.119,8.96,6.87,0.91,1.19
2023-03-03,0.771,8.75,6.86,0.76,1.14
2023-03-04,0.913,13.17,6.4,2.77,4.0
2023-03-05,3.435,34.67,9.43,10.89,14.35
2023-03-06,1.09,13.0,6.85,2.64,3.5
2023-03-07,1.665,17.72,6.98,4.62,6.12
2023-03-08,1.943,17.72,7.33,4.46,5.93
2023-03-09,7.303,56.64,14.22,18.18,24.25
2023-03-10,8.83,71.36,17.1,22.84,31.43
2023-03-11,4.187,25.17,9.95,6.56,8.66
2023-03-12,4.473,26.38,10.24,6.97,9.17
2023-03-13,1.702,10.56,6.89,1.58,2.08
2023-03-14,9.493,86.82,15.43,30.46,40.92
2023-03-15,2.032,13.83,7.11,2.86,3.85
2023-03-16,1.311,9.07,6.87,0.95,1.25
2023-03-17,0.897,8.86,6.85,0.86,1.14
2023-03-18,0.644,8.53,6.84,0.56,1.13
2023-03-19,6.315,41.01,12.11,12.47,16.43
2023-03-20,2.101,13.37,7.49,2.54,3.34
2023-03-21,16.124,118.55,17.44,42.9,58.21
2023-03-22,9.577,99.09,16.99,34.54,47.57
2023-03-23,2.864,10.67,8.05,1.12,1.49
2023-03-24,1.9,8.87,6.86,0.87,1.14
2023-03-25,1.294,8.86,6.86,0.86,1.13
2023-03-26,0.904,8.84,6.85,0.86,1.13
2023-03-27,0.672,8.59,6.83,0.62,1.13
2023-03-28,3.214,34.75,9.96,10.67,14.13
2023-03-29,8.553,47.27,13.44,14.6,19.22
2023-03-30,2.412,20.88,8.0,5.56,7.32
2023-03-31,1.413,9.3,6.88,1.05,1.38
2023-04-01,0.942,8.87,6.86,0.87,1.14
2023-04-02,0.655,8.59,6.86,0.6,1.13
2023-04-03,0.448,8.22,6.86,0.23,1.13
2023-04-04,0.34,7.95,6.81,0.02,1.12
2023-04-05,0.278,7.87,6.81,0.0,1.06
2023-04-06,0.227,7.8,6.81,0.0,0.98
2023-04-07,0.189,7.74,6.8,0.0,0.93
2023-04-08,0.157,7.7,6.81,0.0,0.9
2023-04-09,0.131,7.67,6.8,0.0,0.87
2023-04-10,0.115,7.64,6.78,0.0,0.85
2023-04-11,0.101,7.65,6.81,0.0,0.84
2023-04-12,0.075,7.64,6.84,0.0,0.8
2023-04-13,0.06,7.58,6.79,0.0,0.79
2023-04-14,0.057,7.58,6.78,0.0,0.8
2023-04-15,0.051,7.59,6.8,0.0,0.79
2023-04-16,0.042,7.58,6.81,0.0,0.78
2023-04-17,0.037,7.57,6.79,0.0,0.78
2023-04-18,0.026,7.65,6.9,0.0,0.75
2023-04-19,0.019,7.55,6.79,0.0,0.75
2023-04-20,0.017,7.53,6.77,0.0,0.76
2023-04-21,0.017,7.54,6.78,0.0,0.76
2023-04-22,0.015,7.55,6.79,0.0,0.76
2023-04-23,0.013,7.55,6.8,0.0,0.76
2023-04-24,0.009,7.61,6.87,0.0,0.74
2023-04-25,0.007,7.53,6.78,0.0,0.75
2023-04-26,0.007,7.55,6.79,0.0,0.76
2023-04-27,0.006,7.57,6.82,0.0,0.75
2023-04-28,0.005,7.57,6.82,0.0,0.75
2023-04-29,0.004,7.57,6.82,0.0,0.75
2023-04-30,0.002,7.67,6.92,0.0,0.74
2023-05-01,0.001,7.8,7.11,0.0,0.69
2023-05-02,0.251,11.69,4.09,2.85,4.75
2023-05-03,4.612,30.64,9.8,8.98,11.86
2023-05-04,1.267,16.58,7.48,3.88,5.22
2023-05-05,0.521,8.82,6.88,0.53,1.41
2023-05-06,0.507,9.7,6.75,0.95,2.0
2023-05-07,0.335,8.34,6.89,0.13,1.32
2023-05-08,0.239,7.85,6.83,0.0,1.01
2023-05-09,0.185,7.76,6.83,0.0,0.93
2023-05-10,0.141,7.71,6.83,0.0,0.88
2023-05-11,0.109,7.67,6.82,0.0,0.84
2023-05-12,0.086,7.64,6.82,0.0,0.82
2023-05-13,0.067,7.63,6.83,0.0,0.8
2023-05-14,0.052,7.61,6.82,0.0,0.79
2023-05-15,0.041,7.6,6.82,0.0,0.78
2023-05-16,0.032,7.6,6.83,0.0,0.77
2023-05-17,0.024,7.59,6.83,0.0,0.76
2023-05-18,0.018,7.59,6.82,0.0,0.76
2023-05-19,0.014,7.58,6.82,0.0,0.76
2023-05-20,0.011,7.57,6.81,0.0,0.76
2023-05-21,0.009,7.6,6.84,0.0,0.76
2023-05-22,0.007,7.59,6.83,0.0,0.75
2023-05-23,0.005,7.6,6.85,0.0,0.75
2023-05-24,0.003,7.55,6.81,0.0,0.74
2023-05-25,0.003,7.64,6.87,0.0,0.77
2023-05-26,0.001,7.58,6.85,0.0,0.73
2023-05-27,0.001,7.54,6.79,0.0,0.76
2023-05-28,0.001,7.7,6.94,0.0,0.77
2023-05-29,0.0,7.6,6.9,0.0,0.7
2023-05-30,0.0,7.69,6.92,0.0,0.77
2023-05-31,0.0,7.89,7.66,0.0,0.23
2023-06-01,0.0,7.7,7.66,0.0,0.04
2023-06-02,0.0,7.67,7.66,0.0,0.01
2023-06-03,0.0,0.0,0.0,0.0,0.0
2023-06-04,0.0,0.0,0.0,0.0,0.0
2023-06-05,0.0,0.0,0.0,0.0,0.0
2023-06-06,0.0,0.0,0.0,0.0,0.0
2023-06-07,0.0,0.0,0.0,0.0,0.0
2023-06-08,0.0,0.0,0.0,0.0,0.0
2023-06-09,0.0,0.0,0.0,0.0,0.0
2023-06-10,0.0,0.0,0.0,0.0,0.0
2023-06-11,0.0,0.0,0.0,0.0,0.0
2023-06-12,0.0,0.0,0.0,0.0,0.0
2023-06-13,0.0,0.0,0.0,0.0,0.0
2023-06-14,0.0,0.0,0.0,0.0,0.0
2023-06-15,0.0,0.0,0.0,0.0,0.0
2023-06-16,0.0,0.0,0.0,0.0,0.0
2023-06-17,0.0,0.0,0.0,0.0,0.0
2023-06-18,0.0,0.0,0.0,0.0,0.0
2023-06-19,0.0,0.0,0.0,0.0,0.0
2023-06-20,0.0,0.0,0.0,0.0,0.0
2023-06-21,0.0,0.0,0.0,0.0,0.0
2023-06-22,0.0,0.0,0.0,0.0,0.0
2023-06-23,0.0,0.0,0.0,0.0,0.0
2023-06-24,0.0,0.0,0.0,0.0,0.0
2023-06-25,0.0,0.0,0.0,0.0,0.0
2023-06-26,0.0,0.0,0.0,0.0,0.0
2023-06-27,0.0,0.0,0.0,0.0,0.0
2023-06-28,0.0,0.0,0.0,0.0,0.0
2023-06-29,0.0,0.0,0.0,0.0,0.0
2023-06-30,0.0,0.0,0.0,0.0,0.0
2023-07-01,0.0,0.0,0.0,0.0,0.0
2023-07-02,0.0,0.0,0.0,0.0,0.0
2023-07-03,0.0,0.0,0.0,0.0,0.0
2023-07-04,0.0,0.0,0.0,0.0,0.0
2023-07-05,0.0,0.0,0.0,0.0,0.0
2023-07-06,0.0,0.0,0.0,0.0,0.0
2023-07-07,0.0,0.0,0.0,0.0,0.0
2023-07-08,0.0,0.0,0.0,0.0,0.0
2023-07-09,0.0,0.0,0.0,0.0,0.0
2023-07-10,0.0,0.0,0.0,0.0,0.0
2023-07-11,0.0,0.0,0.0,0.0,0.0
2023-07-12,0.0,0.0,0.0,0.0,0.0
2023-07-13,0.0,0.0,0.0,0.0,0.0
2023-07-14,0.0,0.0,0.0,0.0,0.0
2023-07-15,0.0,0.0,0.0,0.0,0.0
2023-07-16,0.0,0.0,0.0,0.0,0.0
2023-07-17,0.0,0.0,0.0,0.0,0.0
2023-07-18,0.0,0.0,0.0,0.0,0.0
2023-07-19,0.0,0.0,0.0,0.0,0.0
2023-07-20,0.0,0.0,0.0,0.0,0.0
2023-07-21,0.0,0.0,0.0,0.0,0.0
2023-07-22,0.0,0.0,0.0,0.0,0.0
2023-07-23,0.0,0.0,0.0,0.0,0.0
2023-07-24,0.0,0.0,0.0,0.0,0.0
2023-07-25,0.0,0.0,0.0,0.0,0.0
2023-07-26,0.0,0.0,0.0,0.0,0.0
2023-07-27,0.0,0.0,0.0,0.0,0.0
2023-07-28,0.0,0.0,0.0,0.0,0.0
2023-07-29,0.0,0.0,0.0,0.0,0.0
2023-07-30,0.0,0.0,0.0,0.0,0.0
2023-07-31,0.0,0.0,0.0,0.0,0.0
2023-08-01,0.0,0.0,0.0,0.0,0.0
2023-08-02,0.0,0.0,0.0,0.0,0.0
2023-08-03,0.0,0.0,0.0,0.0,0.0
2023-08-04,0.0,0.0,0.0,0.0,0.0
2023-08-05,0.0,0.0,0.0,0.0,0.0
2023-08-06,0.0,0.0,0.0,0.0,0.0
2023-08-07,0.0,0.0,0.0,0.0,0.0
2023-08-08,0.0,0.0,0.0,0.0,0.0
2023-08-09,0.0,0.0,0.0,0.0,0.0
2023-08-10,0.0,0.0,0.0,0.0,0.0
2023-08-11,0.0,0.0,0.0,0.0,0.0
2023-08-12,0.0,0.0,0.0,0.0,0.0
2023-08-13,0.0,0.0,0.0,0.0,0.0
2023-08-14,0.0,0.0,0.0,0.0,0.0
2023-08-15,0.0,0.0,0.0,0.0,0.0
2023-08-16,0.0,0.0,0.0,0.0,0.0
2023-08-17,0.0,0.0,0.0,0.0,0.0
2023-08-18,0.0,0.0,0.0,0.0,0.0
2023-08-19,0.0,0.0,0.0,0.0,0.0
2023-08-20,0.0,0.0,0.0,0.0,0.0
2023-08-21,0.0,0.0,0.0,0.0,0.0
2023-08-22,0.0,0.0,0.0,0.0,0.0
2023-08-23,0.0,0.0,0.0,0.0,0.0
2023-08-24,0.0,0.0,0.0,0.0,0.0
2023-08-25,0.0,0.0,0.0,0.0,0.0
2023-08-26,0.0,0.0,0.0,0.0,0.0
2023-08-27,0.0,0.0,0.0,0.0,0.0
2023-08-28,0.0,0.0,0.0,0.0,0.0
2023-08-29,0.0,0.0,0.0,0.0,0.0
2023-08-30,0.0,0.0,0.0,0.0,0.0
2023-08-31,0.0,0.0,0.0,0.0,0.0
2023-09-01,0.0,0.0,0.0,0.0,0.0
2023-09-02,0.0,0.0,0.0,0.0,0.0
2023-09-03,0.0,0.0,0.0,0.0,0.0
2023-09-04,0.0,0.0,0.0,0.0,0.0
2023-09-05,0.0,0.0,0.0,0.0,0.0
2023-09-06,0.0,0.0,0.0,0.0,0.0
2023-09-07,0.0,0.0,0.0,0.0,0.0
2023-09-08,0.0,0.0,0.0,0.0,0.0
2023-09-09,0.0,0.0,0.0,0.0,0.0
2023-09-10,0.0,0.0,0.0,0.0,0.0
2023-09-11,0.0,0.0,0.0,0.0,0.0
2023-09-12,0.0,0.0,0.0,0.0,0.0
2023-09-13,0.0,0.0,0.0,0.0,0.0
2023-09-14,0.0,0.0,0.0,0.0,0.0
2023-09-15,0.0,0.0,0.0,0.0,0.0
2023-09-16,0.0,0.0,0.0,0.0,0.0
2023-09-17,0.0,0.0,0.0,0.0,0.0
2023-09-18,0.0,0.0,0.0,0.0,0.0
2023-09-19,0.0,0.0,0.0,0.0,0.0
2023-09-20,0.0,0.0,0.0,0.0,0.0
2023-09-21,0.0,0.0,0.0,0.0,0.0
2023-09-22,0.0,0.0,0.0,0.0,0.0
2023-09-23,0.0,0.0,0.0,0.0,0.0
2023-09-24,0.0,0.0,0.0,0.0,0.0
2023-09-25,0.0,0.0,0.0,0.0,0.0
2023-09-26,0.0,0.0,0.0,0.0,0.0
2023-09-27,0.0,0.0,0.0,0.0,0.0
2023-09-28,0.0,0.0,0.0,0.0,0.0
2023-09-29,0.0,0.0,0.0,0.0,0.0
2023-09-30,0.0,0.0,0.0,0.0,0.0
2023-10-01,0.0,0.0,0.0,0.0,0.0
2023-10-02,0.0,0.0,0.0,0.0,0.0
2023-10-03,0.0,0.0,0.0,0.0,0.0
2023-10-04,0.0,0.0,0.0,0.0,0.0
2023-10-05,0.0,0.0,0.0,0.0,0.0
2023-10-06,0.0,0.0,0.0,0.0,0.0
2023-10-07,0.0,0.0,0.0,0.0,0.0
2023-10-08,0.0,0.0,0.0,0.0,0.0
2023-10-09,0.0,0.0,0.0,0.0,0.0
2023-10-10,0.0,0.0,0.0,0.0,0.0
2023-10-11,0.0,0.0,0.0,0.0,0.0
2023-10-12,0.0,0.0,0.0,0.0,0.0
2023-10-13,0.0,0.0,0.0,0.0,0.0
2023-10-14,0.0,0.0,0.0,0.0,0.0
2023-10-15,0.0,0.0,0.0,0.0,0.0
2023-10-16,0.0,0.0,0.0,0.0,0.0
2023-10-17,0.0,0.0,0.0,0.0,0.0
2023-10-18,0.0,0.0,0.0,0.0,0.0
2023-10-19,0.0,0.0,0.0,0.0,0.0
2023-10-20,0.0,0.0,0.0,0.0,0.0
2023-10-21,0.0,0.0,0.0,0.0,0.0
2023-10-22,0.0,0.0,0.0,0.0,0.0
2023-10-23,0.0,0.0,0.0,0.0,0.0
2023-10-24,0.0,0.0,0.0,0.0,0.0
2023-10-25,0.0,0.0,0.0,0.0,0.0
2023-10-26,0.0,0.0,0.0,0.0,0.0
2023-10-27,0.0,0.0,0.0,0.0,0.0
2023-10-28,0.0,0.0,0.0,0.0,0.0
2023-10-29,0.0,0.0,0.0,0.0,0.0
2023-10-30,0.0,0.0,0.0,0.0,0.0
2023-10-31,0.0,0.0,0.0,0.0,0.0
2023-11-01,0.0,0.0,0.0,0.0,0.0
2023-11-02,0.0,0.0,0.0,0.0,0.0
2023-11-03,0.0,0.0,0.0,0.0,0.0
2023-11-04,0.0,0.0,0.0,0.0,0.0
2023-11-05,0.0,0.0,0.0,0.0,0.0
2023-11-06,0.0,0.0,0.0,0.0,0.0
2023-11-07,0.0,0.0,0.0,0.0,0.0
2023-11-08,0.0,0.0,0.0,0.0,0.0
2023-11-09,0.0,0.0,0.0,0.0,0.0
2023-11-10,0.0,0.0,0.0,0.0,0.0
2023-11-11,0.0,0.0,0.0,0.0,0.0
2023-11-12,0.0,0.0,0.0,0.0,0.0
2023-11-13,0.0,0.0,0.0,0.0,0.0
2023-11-14,0.0,0.0,0.0,0.0,0.0
2023-11-15,0.0,0.0,0.0,0.0,0.0
2023-11-16,0.0,0.0,0.0,0.0,0.0
2023-11-17,1.302,29.37,7.7,9.32,12.36
2023-11-18,6.201,44.33,12.59,13.7,18.04
2023-11-19,0.626,15.72,7.27,3.42,5.04
2023-11-20,0.271,8.12,6.83,0.0,1.3
2023-11-21,0.233,7.78,6.79,0.0,0.99
2023-11-22,0.211,7.75,6.78,0.0,0.96
2023-11-23,0.192,7.72,6.78,0.0,0.94
2023-11-24,0.166,7.71,6.81,0.0,0.91
2023-11-25,0.13,7.68,6.81,0.0,0.86
2023-11-26,0.115,7.63,6.77,0.0,0.85
2023-11-27,0.106,7.62,6.78,0.0,0.85
2023-11-28,0.099,7.62,6.78,0.0,0.84
2023-11-29,0.461,16.26,6.61,3.75,5.9
2023-11-30,0.176,9.77,7.11,0.02,2.64
2023-12-01,0.095,7.65,6.79,0.0,0.86
2023-12-02,0.097,7.59,6.75,0.0,0.84
2023-12-03,0.094,7.6,6.77,0.0,0.83
2023-12-04,0.085,7.61,6.79,0.0,0.82
2023-12-05,0.077,7.6,6.78,0.0,0.82
2023-12-06,0.109,7.66,6.04,0.08,1.54
2023-12-07,0.176,10.38,7.2,0.06,3.12
2023-12-08,0.052,7.76,6.93,0.0,0.83
2023-12-09,0.039,7.57,6.8,0.0,0.77
2023-12-10,0.033,7.5,6.73,0.0,0.76
2023-12-11,0.042,7.5,6.7,0.0,0.8
2023-12-12,0.045,7.56,6.77,0.0,0.79
2023-12-13,0.039,7.57,6.8,0.0,0.77
2023-12-14,0.036,7.57,6.79,0.0,0.78
2023-12-15,0.029,7.55,6.79,0.0,0.76
2023-12-16,0.026,7.56,6.79,0.0,0.76
2023-12-17,0.024,7.55,6.77,0.0,0.77
2023-12-18,6.009,43.61,12.19,13.56,17.86
2023-12-19,4.108,32.31,10.55,9.39,12.36
2023-12-20,13.786,114.38,18.68,39.99,55.72
2023-12-21,1.568,19.58,7.11,5.27,7.21
2023-12-22,1.022,9.3,6.82,1.06,1.41
2023-12-23,0.822,8.83,6.81,0.87,1.15
2023-12-24,0.681,8.59,6.81,0.64,1.14
2023-12-25,0.569,8.29,6.8,0.35,1.14
2023-12-26,0.484,8.21,6.8,0.27,1.14
2023-12-27,0.561,10.16,6.28,1.37,2.51
2023-12-28,0.737,15.82,7.12,3.59,5.11
2023-12-29,7.909,71.07,15.01,23.68,32.37
2023-12-30,5.674,64.61,14.6,21.8,28.21
2023-12-31,1.243,10.84,6.92,1.7,2.22
2024-01-01,0.879,8.9,6.82,0.9,1.18
2024-01-02,2.51,24.49,7.93,7.12,9.43
2024-01-03,2.898,45.84,10.62,15.2,20.02
2024-01-04,0.858,11.16,6.89,1.82,2.45
2024-01-05,0.634,8.52,6.82,0.52,1.19
2024-01-06,0.598,9.88,6.73,1.12,2.03
2024-01-07,0.455,9.45,6.91,0.77,1.77
2024-01-08,0.338,7.97,6.81,0.01,1.15
2024-01-09,0.285,7.88,6.81,0.01,1.07
2024-01-10,0.667,16.73,6.54,4.23,5.96
2024-01-11,0.384,12.83,7.13,1.92,3.78
2024-01-12,0.218,7.9,6.81,0.0,1.09
2024-01-13,3.66,78.54,12.26,28.87,37.42
2024-01-14,2.352,71.59,11.34,26.44,33.82
2024-01-15,0.505,13.16,6.94,2.42,3.81
2024-01-16,3.775,59.54,11.92,20.51,27.11
2024-01-17,2.553,50.68,11.75,16.8,22.13
2024-01-18,0.66,10.89,6.9,1.5,2.48
2024-01-19,1.789,27.91,8.31,8.39,11.21
2024-01-20,2.201,20.09,7.29,5.51,7.28
2024-01-21,4.993,56.72,11.61,19.46,25.65
2024-01-22,8.695,62.07,16.26,19.69,26.12
2024-01-23,1.557,11.94,6.88,2.18,2.87
2024-01-24,6.177,71.79,13.01,25.69,33.1
2024-01-25,1.485,15.35,6.93,3.67,4.74
2024-01-26,0.986,9.13,6.84,0.99,1.3
2024-01-27,0.741,8.7,6.83,0.73,1.14
2024-01-28,0.572,8.33,6.82,0.37,1.14
2024-01-29,0.449,8.19,6.82,0.24,1.14
2024-01-30,0.356,7.98,6.82,0.03,1.13
2024-01-31,9.266,65.23,15.2,21.54,28.5
2024-02-01,8.485,59.49,14.7,19.32,25.47
2024-02-02,4.225,26.08,10.24,6.84,9.0
2024-02-03,5.419,54.2,11.12,18.41,24.67
2024-02-04,13.574,82.26,18.05,27.06,37.15
2024-02-05,4.074,15.7,9.88,2.51,3.31
2024-02-06,2.127,9.22,6.98,0.97,1.28
2024-02-07,4.138,32.27,10.44,9.43,12.41
2024-02-08,1.847,14.91,7.25,3.3,4.35
2024-02-09,1.154,9.11,6.86,0.97,1.28
2024-02-10,0.829,8.83,6.84,0.85,1.14
2024-02-11,0.622,8.48,6.83,0.51,1.13
2024-02-12,0.471,8.23,6.83,0.26,1.13
2024-02-13,0.365,7.99,6.82,0.04,1.13
2024-02-14,0.291,7.9,6.82,0.01,1.08
2024-02-15,0.233,7.81,6.81,0.0,0.99
2024-02-16,0.19,7.75,6.81,0.0,0.94
2024-02-17,1.663,38.28,8.58,12.79,16.92
2024-02-18,3.208,33.91,9.38,10.57,13.96
2024-02-19,4.261,31.08,10.26,8.98,11.83
2024-02-20,7.659,132.79,14.45,52.17,66.16
2024-02-21,2.345,54.68,8.68,20.57,25.44
2024-02-22,1.198,10.75,6.87,1.71,2.17
2024-02-23,0.838,8.9,6.85,0.88,1.18
2024-02-24,0.617,8.46,6.84,0.48,1.14
2024-02-25,0.465,8.22,6.83,0.25,1.13
2024-02-26,0.359,7.99,6.83,0.03,1.13
2024-02-27,0.268,7.89,6.84,0.0,1.05
2024-02-28,0.215,7.78,6.81,0.0,0.97
2024-02-29,0.253,8.86,6.02,0.82,2.01
2024-03-01,7.933,90.17,15.0,31.82,43.35
2024-03-02,6.304,73.75,14.79,25.28,33.68
2024-03-03,2.8,13.8,7.71,2.63,3.46
2024-03-04,1.883,11.53,7.24,1.85,2.44
2024-03-05,1.037,8.99,6.87,0.92,1.21
2024-03-06,2.985,27.52,9.32,7.86,10.34
2024-03-07,1.338,16.19,7.09,3.93,5.17
2024-03-08,0.742,9.11,6.86,0.91,1.35
2024-03-09,0.543,8.33,6.83,0.36,1.14
2024-03-10,0.414,8.12,6.83,0.16,1.14
2024-03-11,0.326,8.03,6.81,0.01,1.21
2024-03-12,1.585,17.72,6.91,4.59,6.22
2024-03-13,0.541,11.14,7.05,1.49,2.6
2024-03-14,0.311,8.04,6.85,0.01,1.17
2024-03-15,0.233,7.82,6.82,0.0,1.0
2024-03-16,0.196,7.75,6.81,0.0,0.94
2024-03-17,0.159,7.71,6.81,0.0,0.9
2024-03-18,0.131,7.67,6.8,0.0,0.87
2024-03-19,0.11,7.65,6.8,0.0,0.85
2024-03-20,0.091,7.64,6.81,0.0,0.83
2024-03-21,0.078,7.6,6.79,0.0,0.81
2024-03-22,1.041,83.81,7.66,33.16,42.99
2024-03-23,3.109,102.0,10.22,40.11,51.67
2024-03-24,1.712,20.55,7.25,5.72,7.58
2024-03-25,0.525,9.91,6.94,0.99,1.98
2024-03-26,0.353,8.04,6.84,0.04,1.16
2024-03-27,0.276,7.87,6.81,0.0,1.06
2024-03-28,1.909,22.04,7.42,6.26,8.36
2024-03-29,5.076,51.03,11.83,16.9,22.29
2024-03-30,2.086,21.02,8.5,5.41,7.12
2024-03-31,0.903,9.56,6.9,1.15,1.52
2024-04-01,0.625,8.51,6.84,0.53,1.15
2024-04-02,0.477,8.23,6.83,0.27,1.14
2024-04-03,0.374,8.01,6.82,0.06,1.13
2024-04-04,3.016,58.9,9.04,21.48,28.37
2024-04-05,1.888,39.95,9.31,13.22,17.42
2024-04-06,0.619,10.42,6.89,1.29,2.24
2024-04-07,0.438,8.24,6.83,0.23,1.18
2024-04-08,0.34,7.96,6.82,0.01,1.12
2024-04-09,0.276,7.87,6.81,0.0,1.05
2024-04-10,0.226,7.79,6.81,0.0,0.98
2024-04-11,0.186,7.74,6.81,0.0,0.93
2024-04-12,0.158,7.69,6.79,0.0,0.9
2024-04-13,0.157,7.43,6.3,0.03,1.09
2024-04-14,2.82,27.36,8.77,7.97,10.62
2024-04-15,1.968,24.44,7.95,7.06,9.42
2024-04-16,1.771,15.53,6.69,3.79,5.05
2024-04-17,1.561,13.2,7.13,2.6,3.47
2024-04-18,0.602,8.8,6.89,0.57,1.34
2024-04-19,0.435,8.17,6.83,0.2,1.14
2024-04-20,0.342,7.96,6.82,0.02,1.12
2024-04-21,0.272,7.87,6.81,0.0,1.05
2024-04-22,0.221,7.79,6.81,0.0,0.98
2024-04-23,0.18,7.74,6.81,0.0,0.92
2024-04-24,0.148,7.69,6.81,0.0,0.89
2024-04-25,0.123,7.66,6.8,0.0,0.86
2024-04-26,0.103,7.66,6.82,0.0,0.84
2024-04-27,0.08,7.62,6.81,0.0,0.81
2024-04-28,0.069,7.61,6.8,0.0,0.81
2024-04-29,0.053,7.63,6.84,0.0,0.78
2024-04-30,0.041,7.59,6.81,0.0,0.78
2024-05-01,0.033,7.58,6.81,0.0,0.77
2024-05-02,0.029,7.55,6.78,0.0,0.77
2024-05-03,0.026,7.58,6.81,0.0,0.77
2024-05-04,6.867,89.16,14.47,32.25,42.44
2024-05-05,1.245,26.24,7.43,8.08,10.72
2024-05-06,0.527,9.53,6.89,0.85,1.79
2024-05-07,0.368,8.08,6.84,0.08,1.16
2024-05-08,0.281,7.9,6.82,0.01,1.07
2024-05-09,0.224,7.8,6.81,0.0,0.98
2024-05-10,0.186,7.74,6.8,0.0,0.93
2024-05-11,0.157,7.7,6.8,0.0,0.9
2024-05-12,0.133,7.67,6.8,0.0,0.87
2024-05-13,0.113,7.65,6.8,0.0,0.85
2024-05-14,0.096,7.63,6.8,0.0,0.83
2024-05-15,0.082,7.62,6.8,0.0,0.82
2024-05-16,0.069,7.61,6.8,0.0,0.81
2024-05-17,0.059,7.59,6.8,0.0,0.8
2024-05-18,0.05,7.59,6.8,0.0,0.79
2024-05-19,0.038,7.61,6.84,0.0,0.77
2024-05-20,0.029,7.58,6.82,0.0,0.76
2024-05-21,0.024,7.58,6.82,0.0,0.77
2024-05-22,0.02,7.57,6.81,0.0,0.77
2024-05-23,0.014,7.6,6.86,0.0,0.74
2024-05-24,0.012,7.52,6.76,0.0,0.76
2024-05-25,0.012,7.56,6.79,0.0,0.77
2024-05-26,0.009,7.58,6.82,0.0,0.75
2024-05-27,0.008,7.54,6.79,0.0,0.75
2024-05-28,0.007,7.57,6.81,0.0,0.76
2024-05-29,0.005,7.58,6.84,0.0,0.74
2024-05-30,0.004,7.53,6.78,0.0,0.75
2024-05-31,0.003,7.58,6.82,0.0,0.76
2024-06-01,0.002,7.59,6.85,0.0,0.74
2024-06-02,0.002,7.51,6.76,0.0,0.75
2024-06-03,0.002,7.53,6.79,0.0,0.75
2024-06-04,0.001,7.64,6.89,0.0,0.75
2024-06-05,0.001,7.52,6.81,0.0,0.72
2024-06-06,0.001,7.59,6.84,0.0,0.75
2024-06-07,0.001,7.5,6.76,0.0,0.74
2024-06-08,0.0,7.66,6.9,0.0,0.76
2024-06-09,0.0,7.65,6.93,0.0,0.72
2024-06-10,0.0,7.53,6.98,0.0,0.55
2024-06-11,0.0,7.59,6.84,0.0,0.76
2024-06-12,0.0,7.62,7.04,0.0,0.57
2024-06-13,0.0,7.49,6.74,0.0,0.76
2024-06-14,0.0,7.88,7.66,0.0,0.22
2024-06-15,0.0,7.71,7.66,0.0,0.04
2024-06-16,0.0,0.0,0.0,0.0,0.0
2024-06-17,0.0,0.0,0.0,0.0,0.0
2024-06-18,0.0,0.0,0.0,0.0,0.0
2024-06-19,0.0,0.0,0.0,0.0,0.0
2024-06-20,0.0,0.0,0.0,0.0,0.0
2024-06-21,0.0,0.0,0.0,0.0,0.0
2024-06-22,0.0,0.0,0.0,0.0,0.0
2024-06-23,0.0,0.0,0.0,0.0,0.0
2024-06-24,0.0,0.0,0.0,0.0,0.0
2024-06-25,0.0,0.0,0.0,0.0,0.0
2024-06-26,0.0,0.0,0.0,0.0,0.0
2024-06-27,0.0,0.0,0.0,0.0,0.0
2024-06-28,0.0,0.0,0.0,0.0,0.0
2024-06-29,0.0,0.0,0.0,0.0,0.0
2024-06-30,0.0,0.0,0.0,0.0,0.0
2024-07-01,0.0,0.0,0.0,0.0,0.0
2024-07-02,0.0,0.0,0.0,0.0,0.0
2024-07-03,0.0,0.0,0.0,0.0,0.0
2024-07-04,0.0,0.0,0.0,0.0,0.0
2024-07-05,0.0,0.0,0.0,0.0,0.0
2024-07-06,0.0,0.0,0.0,0.0,0.0
2024-07-07,0.0,0.0,0.0,0.0,0.0
2024-07-08,0.0,0.0,0.0,0.0,0.0
2024-07-09,0.0,0.0,0.0,0.0,0.0
2024-07-10,0.0,0.0,0.0,0.0,0.0
2024-07-11,0.0,0.0,0.0,0.0,0.0
2024-07-12,0.0,0.0,0.0,0.0,0.0
2024-07-13,0.0,0.0,0.0,0.0,0.0
2024-07-14,0.0,0.0,0.0,0.0,0.0
2024-07-15,0.0,0.0,0.0,0.0,0.0
2024-07-16,0.0,0.0,0.0,0.0,0.0
2024-07-17,0.0,0.0,0.0,0.0,0.0
2024-07-18,0.0,0.0,0.0,0.0,0.0
2024-07-19,0.0,0.0,0.0,0.0,0.0
2024-07-20,0.0,0.0,0.0,0.0,0.0
2024-07-21,0.0,0.0,0.0,0.0,0.0
2024-07-22,0.0,0.0,0.0,0.0,0.0
2024-07-23,0.0,0.0,0.0,0.0,0.0
2024-07-24,0.0,0.0,0.0,0.0,0.0
2024-07-25,0.0,0.0,0.0,0.0,0.0
2024-07-26,0.0,0.0,0.0,0.0,0.0
2024-07-27,0.0,0.0,0.0,0.0,0.0
2024-07-28,0.0,0.0,0.0,0.0,0.0
2024-07-29,0.0,0.0,0.0,0.0,0.0
2024-07-30,0.0,0.0,0.0,0.0,0.0
2024-07-31,0.0,0.0,0.0,0.0,0.0
2024-08-01,0.0,0.0,0.0,0.0,0.0
2024-08-02,0.0,0.0,0.0,0.0,0.0
2024-08-03,0.0,0.0,0.0,0.0,0.0
2024-08-04,0.0,0.0,0.0,0.0,0.0
2024-08-05,0.0,0.0,0.0,0.0,0.0
2024-08-06,0.0,0.0,0.0,0.0,0.0
2024-08-07,0.0,0.0,0.0,0.0,0.0
2024-08-08,0.0,0.0,0.0,0.0,0.0
2024-08-09,0.0,0.0,0.0,0.0,0.0
2024-08-10,0.0,0.0,0.0,0.0,0.0
2024-08-11,0.0,0.0,0.0,0.0,0.0
2024-08-12,0.0,0.0,0.0,0.0,0.0
2024-08-13,0.0,0.0,0.0,0.0,0.0
2024-08-14,0.0,0.0,0.0,0.0,0.0
2024-08-15,0.0,0.0,0.0,0.0,0.0
2024-08-16,0.0,0.0,0.0,0.0,0.0
2024-08-17,0.0,0.0,0.0,0.0,0.0
2024-08-18,0.0,0.0,0.0,0.0,0.0
2024-08-19,0.0,0.0,0.0,0.0,0.0
2024-08-20,0.0,0.0,0.0,0.0,0.0
2024-08-21,0.0,0.0,0.0,0.0,0.0
2024-08-22,0.0,0.0,0.0,0.0,0.0
2024-08-23,0.0,0.0,0.0,0.0,0.0
2024-08-24,0.0,0.0,0.0,0.0,0.0
2024-08-25,0.0,0.0,0.0,0.0,0.0
2024-08-26,0.0,0.0,0.0,0.0,0.0
2024-08-27,0.0,0.0,0.0,0.0,0.0
2024-08-28,0.0,0.0,0.0,0.0,0.0
2024-08-29,0.0,0.0,0.0,0.0,0.0
2024-08-30,0.0,0.0,0.0,0.0,0.0
2024-08-31,0.0,0.0,0.0,0.0,0.0
2024-09-01,0.0,0.0,0.0,0.0,0.0
2024-09-02,0.0,0.0,0.0,0.0,0.0
2024-09-03,0.0,0.0,0.0,0.0,0.0
2024-09-04,0.0,0.0,0.0,0.0,0.0
2024-09-05,0.0,0.0,0.0,0.0,0.0
2024-09-06,0.0,0.0,0.0,0.0,0.0
2024-09-07,0.0,0.0,0.0,0.0,0.0
2024-09-08,0.0,0.0,0.0,0.0,0.0
2024-09-09,0.0,0.0,0.0,0.0,0.0
2024-09-10,0.0,0.0,0.0,0.0,0.0
2024-09-11,0.0,0.0,0.0,0.0,0.0
2024-09-12,0.0,0.0,0.0,0.0,0.0
2024-09-13,0.0,0.0,0.0,0.0,0.0
2024-09-14,0.0,0.0,0.0,0.0,0.0
2024-09-15,0.0,0.0,0.0,0.0,0.0
2024-09-16,0.0,0.0,0.0,0.0,0.0
2024-09-17,0.0,0.0,0.0,0.0,0.0
2024-09-18,0.0,0.0,0.0,0.0,0.0
2024-09-19,0.0,0.0,0.0,0.0,0.0
2024-09-20,0.0,0.0,0.0,0.0,0.0
2024-09-21,0.0,0.0,0.0,0.0,0.0
2024-09-22,0.0,0.0,0.0,0.0,0.0
2024-09-23,0.0,0.0,0.0,0.0,0.0
2024-09-24,0.0,0.0,0.0,0.0,0.0
2024-09-25,0.0,0.0,0.0,0.0,0.0
2024-09-26,0.0,0.0,0.0,0.0,0.0
2024-09-27,0.0,0.0,0.0,0.0,0.0
2024-09-28,0.0,0.0,0.0,0.0,0.0
2024-09-29,0.0,0.0,0.0,0.0,0.0
2024-09-30,0.0,0.0,0.0,0.0,0.0
2024-10-01,0.0,0.0,0.0,0.0,0.0
2024-10-02,0.0,0.0,0.0,0.0,0.0
2024-10-03,0.0,0.0,0.0,0.0,0.0
2024-10-04,0.0,0.0,0.0,0.0,0.0
2024-10-05,0.0,0.0,0.0,0.0,0.0
2024-10-06,0.0,0.0,0.0,0.0,0.0
2024-10-07,0.0,0.0,0.0,0.0,0.0
2024-10-08,0.0,0.0,0.0,0.0,0.0
2024-10-09,0.0,0.0,0.0,0.0,0.0
2024-10-10,0.0,0.0,0.0,0.0,0.0
2024-10-11,0.0,0.0,0.0,0.0,0.0
2024-10-12,0.0,0.0,0.0,0.0,0.0
2024-10-13,0.0,0.0,0.0,0.0,0.0
2024-10-14,0.0,0.0,0.0,0.0,0.0
2024-10-15,0.0,0.0,0.0,0.0,0.0
2024-10-16,0.0,0.0,0.0,0.0,0.0
2024-10-17,0.0,0.0,0.0,0.0,0.0
2024-10-18,0.0,0.0,0.0,0.0,0.0
2024-10-19,0.0,0.0,0.0,0.0,0.0
2024-10-20,0.0,0.0,0.0,0.0,0.0
2024-10-21,0.0,0.0,0.0,0.0,0.0
2024-10-22,0.0,0.0,0.0,0.0,0.0
2024-10-23,0.0,0.0,0.0,0.0,0.0
2024-10-24,0.0,0.0,0.0,0.0,0.0
2024-10-25,0.0,0.0,0.0,0.0,0.0
2024-10-26,0.0,0.0,0.0,0.0,0.0
2024-10-27,0.0,0.0,0.0,0.0,0.0
2024-10-28,0.0,0.0,0.0,0.0,0.0
2024-10-29,0.0,0.0,0.0,0.0,0.0
2024-10-30,0.0,0.0,0.0,0.0,0.0
2024-10-31,0.0,0.0,0.0,0.0,0.0
2024-11-01,0.0,0.0,0.0,0.0,0.0
2024-11-02,0.0,0.0,0.0,0.0,0.0
2024-11-03,0.0,0.0,0.0,0.0,0.0
2024-11-04,0.0,0.0,0.0,0.0,0.0
2024-11-05,0.0,0.0,0.0,0.0,0.0
2024-11-06,0.0,0.0,0.0,0.0,0.0
2024-11-07,0.0,0.0,0.0,0.0,0.0
2024-11-08,0.0,0.0,0.0,0.0,0.0
2024-11-09,0.0,0.0,0.0,0.0,0.0
2024-11-10,0.0,0.0,0.0,0.0,0.0
2024-11-11,0.035,9.49,6.2,0.06,3.23
2024-11-12,0.027,9.74,7.61,0.0,2.14
2024-11-13,0.002,7.9,7.42,0.0,0.48
2024-11-14,0.001,7.69,6.93,0.0,0.75
2024-11-15,0.0,7.88,7.66,0.0,0.22
2024-11-16,0.0,7.7,7.66,0.0,0.04
2024-11-17,0.0,4.75,4.23,0.0,0.52
2024-11-18,0.0,8.23,7.39,0.0,0.84
2024-11-19,0.0,7.81,7.66,0.0,0.15
2024-11-20,0.0,4.34,3.88,0.0,0.45
2024-11-21,3.983,34.81,10.13,10.65,14.02
2024-11-22,23.994,174.33,23.87,64.05,86.41
2024-11-23,4.208,103.76,15.76,36.91,51.09
2024-11-24,1.08,12.1,6.88,2.22,3.0
2024-11-25,3.056,22.12,8.67,5.81,7.64
2024-11-26,2.361,18.36,7.71,4.6,6.05
2024-11-27,1.002,10.29,6.91,1.46,1.92
2024-11-28,0.733,8.71,6.81,0.73,1.17
2024-11-29,0.61,8.34,6.8,0.41,1.14
2024-11-30,0.515,8.23,6.8,0.3,1.14
2024-12-01,0.44,8.16,6.8,0.23,1.14
2024-12-02,0.376,7.97,6.8,0.04,1.13
2024-12-03,0.322,7.92,6.8,0.01,1.11
2024-12-04,0.277,7.85,6.8,0.01,1.05
2024-12-05,0.238,7.79,6.8,0.0,0.99
2024-12-06,0.205,7.75,6.8,0.0,0.95
2024-12-07,0.177,7.72,6.79,0.0,0.92
2024-12-08,0.152,7.69,6.8,0.0,0.89
2024-12-09,0.125,7.69,6.82,0.0,0.86
2024-12-10,0.092,7.64,6.82,0.0,0.82
2024-12-11,0.087,7.6,6.77,0.0,0.83
2024-12-12,5.05,69.33,11.73,24.85,32.75
2024-12-13,0.965,15.39,6.55,3.73,5.11
2024-12-14,19.661,142.82,20.27,50.97,71.58
2024-12-15,1.897,18.16,7.32,4.51,6.33
2024-12-16,4.205,38.11,10.56,11.89,15.66
2024-12-17,1.633,15.88,7.1,3.79,4.99
2024-12-18,1.058,9.14,6.83,0.99,1.31
2024-12-19,0.835,8.82,6.82,0.87,1.14
2024-12-20,0.679,8.56,6.81,0.62,1.14
2024-12-21,0.906,10.63,6.43,1.67,2.53
2024-12-22,1.427,13.96,6.53,3.15,4.28
2024-12-23,2.25,20.54,8.32,5.26,6.96
2024-12-24,5.226,35.1,11.12,10.35,13.63
2024-12-25,1.174,11.49,6.95,1.96,2.58
2024-12-26,1.425,14.22,6.48,3.34,4.4
2024-12-27,5.511,44.75,12.3,14.01,18.44
2024-12-28,1.203,11.43,6.91,1.95,2.57
2024-12-29,4.233,35.38,10.75,10.63,13.99
2024-12-30,1.244,12.64,6.95,2.46,3.23
2024-12-31,0.822,8.99,6.84,0.92,1.23
2025-01-01,0.635,8.49,6.82,0.53,1.14
2025-01-02,0.506,8.24,6.81,0.29,1.14
2025-01-03,0.509,8.82,6.72,0.54,1.56
2025-01-04,0.393,8.41,6.89,0.22,1.3
2025-01-05,0.292,7.9,6.81,0.01,1.08
2025-01-06,0.242,7.81,6.8,0.0,1.0
2025-01-07,0.197,7.77,6.82,0.0,0.95
2025-01-08,0.159,7.7,6.8,0.0,0.9
2025-01-09,0.136,7.67,6.79,0.0,0.87
2025-01-10,0.119,7.65,6.79,0.0,0.86
2025-01-11,0.098,7.66,6.82,0.0,0.83
2025-01-12,0.081,7.6,6.78,0.0,0.81
2025-01-13,0.065,7.63,6.83,0.0,0.8
2025-01-14,0.057,7.57,6.77,0.0,0.8
2025-01-15,0.052,7.57,6.78,0.0,0.79
2025-01-16,0.049,7.57,6.78,0.0,0.79
2025-01-17,0.045,7.57,6.79,0.0,0.79
2025-01-18,0.039,7.57,6.8,0.0,0.77
2025-01-19,0.033,7.57,6.8,0.0,0.77
2025-01-20,0.027,7.56,6.8,0.0,0.76
2025-01-21,0.024,7.54,6.78,0.0,0.76
2025-01-22,0.02,7.56,6.81,0.0,0.75
2025-01-23,0.019,7.53,6.76,0.0,0.76
2025-01-24,0.019,7.54,6.77,0.0,0.77
2025-01-25,0.016,7.59,6.84,0.0,0.75
2025-01-26,0.008,7.66,6.97,0.0,0.68
2025-01-27,0.007,7.47,6.72,0.0,0.76
2025-01-28,0.009,7.48,6.71,0.0,0.78
2025-01-29,0.009,7.55,6.8,0.0,0.76
2025-01-30,0.007,7.58,6.85,0.0,0.73
2025-01-31,0.006,7.42,6.67,0.0,0.75
2025-02-01,0.631,28.37,6.29,9.37,12.72
2025-02-02,1.216,18.84,6.79,5.14,6.9
2025-02-03,1.132,25.55,5.82,8.35,11.38
2025-02-04,18.285,86.66,17.86,28.61,40.19
2025-02-05,3.078,28.99,10.48,7.95,10.55
2025-02-06,7.632,44.96,12.64,13.95,18.37
2025-02-07,3.092,18.78,9.11,4.17,5.49
2025-02-08,1.622,9.19,6.85,1.01,1.33
2025-02-09,1.207,8.84,6.83,0.87,1.14
2025-02-10,0.941,8.82,6.82,0.86,1.14
2025-02-11,0.746,8.72,6.82,0.77,1.14
2025-02-12,0.756,6.9,5.56,0.38,0.97
2025-02-13,23.454,408.65,21.36,168.93,218.36
2025-02-14,4.34,26.79,11.28,6.7,8.81
2025-02-15,2.111,9.13,6.88,0.97,1.28
2025-02-16,1.598,8.84,6.83,0.87,1.14
2025-02-17,1.226,8.82,6.83,0.86,1.14
2025-02-18,0.961,8.82,6.82,0.86,1.13
2025-02-19,0.771,8.8,6.81,0.85,1.14
2025-02-20,0.626,8.48,6.81,0.53,1.14
2025-02-21,0.513,8.23,6.81,0.29,1.14
2025-02-22,0.426,8.11,6.8,0.17,1.14
2025-02-23,0.36,7.95,6.8,0.02,1.13
2025-02-24,0.307,7.9,6.8,0.01,1.1
2025-02-25,0.261,7.84,6.8,0.0,1.03
2025-02-26,0.223,7.77,6.79,0.0,0.98
2025-02-27,0.195,7.73,6.79,0.0,0.94
2025-02-28,0.172,7.7,6.79,0.0,0.91
2025-03-01,0.15,7.68,6.79,0.0,0.89
2025-03-02,0.122,7.7,6.84,0.0,0.86
2025-03-03,0.104,7.58,6.75,0.0,0.84
2025-03-04,0.108,7.6,6.76,0.0,0.85
2025-03-05,0.102,7.63,6.79,0.0,0.84
2025-03-06,0.078,7.61,6.81,0.0,0.8
2025-03-07,0.078,7.58,6.76,0.0,0.82
2025-03-08,0.074,7.58,6.77,0.0,0.81
2025-03-09,0.069,7.59,6.78,0.0,0.81
2025-03-10,0.063,7.58,6.78,0.0,0.8
2025-03-11,0.057,7.57,6.78,0.0,0.79
2025-03-12,1.296,47.28,7.27,17.25,22.76
2025-03-13,2.161,29.31,8.54,8.95,11.82
2025-03-14,4.237,38.11,10.73,11.81,15.57
2025-03-15,0.877,13.0,7.01,2.52,3.47
2025-03-16,0.597,8.34,6.46,0.54,1.34
2025-03-17,2.001,18.07,7.16,4.69,6.22
2025-03-18,0.714,10.8,7.03,1.46,2.32
2025-03-19,0.442,8.27,6.83,0.25,1.19
2025-03-20,0.351,7.96,6.81,0.02,1.13
2025-03-21,0.285,7.88,6.81,0.01,1.07
2025-03-22,0.24,7.8,6.8,0.0,1.0
2025-03-23,0.198,7.76,6.81,0.0,0.95
2025-03-24,0.164,7.71,6.81,0.0,0.91
2025-03-25,0.138,7.68,6.8,0.0,0.88
2025-03-26,0.118,7.65,6.8,0.0,0.85
2025-03-27,0.104,7.63,6.78,0.0,0.84
2025-03-28,0.088,7.63,6.81,0.0,0.82
2025-03-29,0.071,7.62,6.81,0.0,0.8
2025-03-30,0.063,7.56,6.76,0.0,0.8
2025-03-31,0.054,7.68,6.88,0.0,0.79
2025-04-01,0.631,23.69,6.16,7.46,10.07
2025-04-02,0.561,16.85,7.32,3.81,5.72
2025-04-03,0.171,8.18,6.9,0.0,1.28
2025-04-04,0.13,7.67,6.8,0.0,0.87
2025-04-05,0.112,7.64,6.8,0.0,0.85
2025-04-06,0.097,7.63,6.79,0.0,0.83
2025-04-07,0.086,7.6,6.78,0.0,0.82
2025-04-08,0.073,7.62,6.81,0.0,0.8
2025-04-09,0.062,7.59,6.8,0.0,0.8
2025-04-10,0.055,7.58,6.78,0.0,0.79
2025-04-11,0.051,7.56,6.77,0.0,0.79
2025-04-12,0.038,7.62,6.86,0.0,0.76
2025-04-13,0.033,7.54,6.77,0.0,0.77
2025-04-14,0.031,7.56,6.79,0.0,0.77
2025-04-15,0.027,7.56,6.79,0.0,0.77
2025-04-16,0.024,7.56,6.8,0.0,0.76
2025-04-17,0.019,7.57,6.82,0.0,0.75
2025-04-18,0.016,7.54,6.79,0.0,0.75
2025-04-19,0.015,7.54,6.78,0.0,0.76
2025-04-20,0.013,7.56,6.8,0.0,0.75
2025-04-21,0.01,7.56,6.81,0.0,0.75
2025-04-22,0.009,7.59,6.83,0.0,0.75
2025-04-23,0.005,7.59,6.87,0.0,0.72
2025-04-24,0.004,7.6,6.85,0.0,0.75
2025-04-25,0.002,7.57,6.85,0.0,0.72
2025-04-26,0.002,7.6,6.86,0.0,0.74
2025-04-27,0.002,7.4,6.67,0.0,0.73
2025-04-28,0.002,7.44,6.69,0.0,0.75
2025-04-29,0.002,7.56,6.8,0.0,0.76
2025-04-30,0.002,7.55,6.8,0.0,0.76
2025-05-01,0.002,7.54,6.8,0.0,0.74
2025-05-02,0.001,7.51,6.79,0.0,0.72
2025-05-03,0.001,7.75,6.98,0.0,0.77
2025-05-04,0.0,6.7,6.37,0.0,0.33
2025-05-05,0.0,7.5,6.73,0.0,0.77
2025-05-06,0.0,7.48,6.73,0.0,0.75
2025-05-07,0.001,7.55,6.79,0.0,0.76
2025-05-08,0.0,7.74,7.0,0.0,0.74
2025-05-09,0.0,7.51,6.82,0.0,0.69
2025-05-10,0.0,7.87,7.18,0.0,0.69
2025-05-11,0.0,7.81,7.66,0.0,0.15
2025-05-12,0.0,7.69,7.66,0.0,0.03
2025-05-13,0.0,0.0,0.0,0.0,0.0
2025-05-14,0.0,0.0,0.0,0.0,0.0
2025-05-15,0.0,0.0,0.0,0.0,0.0
2025-05-16,0.0,0.0,0.0,0.0,0.0
2025-05-17,0.0,0.0,0.0,0.0,0.0
2025-05-18,0.0,0.0,0.0,0.0,0.0
2025-05-19,0.0,0.0,0.0,0.0,0.0
2025-05-20,0.0,0.0,0.0,0.0,0.0
2025-05-21,0.0,0.0,0.0,0.0,0.0
2025-05-22,0.0,0.0,0.0,0.0,0.0
2025-05-23,0.0,0.0,0.0,0.0,0.0
2025-05-24,0.0,0.0,0.0,0.0,0.0
2025-05-25,0.0,0.0,0.0,0.0,0.0
2025-05-26,0.0,0.0,0.0,0.0,0.0
2025-05-27,0.0,0.0,0.0,0.0,0.0
2025-05-28,0.0,0.0,0.0,0.0,0.0
2025-05-29,0.0,0.0,0.0,0.0,0.0
2025-05-30,0.0,0.0,0.0,0.0,0.0
2025-05-31,0.0,0.0,0.0,0.0,0.0
2025-06-01,0.0,0.0,0.0,0.0,0.0
2025-06-02,0.0,0.0,0.0,0.0,0.0
2025-06-03,0.0,0.0,0.0,0.0,0.0
2025-06-04,0.0,0.0,0.0,0.0,0.0
2025-06-05,0.0,0.0,0.0,0.0,0.0
2025-06-06,0.0,0.0,0.0,0.0,0.0
2025-06-07,0.0,0.0,0.0,0.0,0.0
2025-06-08,0.0,0.0,0.0,0.0,0.0
2025-06-09,0.0,0.0,0.0,0.0,0.0
2025-06-10,0.0,0.0,0.0,0.0,0.0
2025-06-11,0.0,0.0,0.0,0.0,0.0
2025-06-12,0.0,0.0,0.0,0.0,0.0
2025-06-13,0.0,0.0,0.0,0.0,0.0
2025-06-14,0.0,0.0,0.0,0.0,0.0
2025-06-15,0.0,0.0,0.0,0.0,0.0
2025-06-16,0.0,0.0,0.0,0.0,0.0
2025-06-17,0.0,0.0,0.0,0.0,0.0
2025-06-18,0.0,0.0,0.0,0.0,0.0
2025-06-19,0.0,0.0,0.0,0.0,0.0
2025-06-20,0.0,0.0,0.0,0.0,0.0
2025-06-21,0.0,0.0,0.0,0.0,0.0
2025-06-22,0.0,0.0,0.0,0.0,0.0
2025-06-23,0.0,0.0,0.0,0.0,0.0
2025-06-24,0.0,0.0,0.0,0.0,0.0
2025-06-25,0.0,0.0,0.0,0.0,0.0
2025-06-26,0.0,0.0,0.0,0.0,0.0
2025-06-27,0.0,0.0,0.0,0.0,0.0
2025-06-28,0.0,0.0,0.0,0.0,0.0
2025-06-29,0.0,0.0,0.0,0.0,0.0
2025-06-30,0.0,0.0,0.0,0.0,0.0
2025-07-01,0.0,0.0,0.0,0.0,0.0
2025-07-02,0.0,0.0,0.0,0.0,0.0
2025-07-03,0.0,0.0,0.0,0.0,0.0
2025-07-04,0.0,0.0,0.0,0.0,0.0
2025-07-05,0.0,0.0,0.0,0.0,0.0
2025-07-06,0.0,0.0,0.0,0.0,0.0
2025-07-07,0.0,0.0,0.0,0.0,0.0
2025-07-08,0.0,0.0,0.0,0.0,0.0
2025-07-09,0.0,0.0,0.0,0.0,0.0
2025-07-10,0.0,0.0,0.0,0.0,0.0
2025-07-11,0.0,0.0,0.0,0.0,0.0
2025-07-12,0.0,0.0,0.0,0.0,0.0
2025-07-13,0.0,0.0,0.0,0.0,0.0
2025-07-14,0.0,0.0,0.0,0.0,0.0
2025-07-15,0.0,0.0,0.0,0.0,0.0
2025-07-16,0.0,0.0,0.0,0.0,0.0
2025-07-17,0.0,0.0,0.0,0.0,0.0
2025-07-18,0.0,0.0,0.0,0.0,0.0
2025-07-19,0.0,0.0,0.0,0.0,0.0
2025-07-20,0.0,0.0,0.0,0.0,0.0
2025-07-21,0.0,0.0,0.0,0.0,0.0
2025-07-22,0.0,0.0,0.0,0.0,0.0
2025-07-23,0.0,0.0,0.0,0.0,0.0
2025-07-24,0.0,0.0,0.0,0.0,0.0
2025-07-25,0.0,0.0,0.0,0.0,0.0
2025-07-26,0.0,0.0,0.0,0.0,0.0
2025-07-27,0.0,0.0,0.0,0.0,0.0
2025-07-28,0.0,0.0,0.0,0.0,0.0
2025-07-29,0.0,0.0,0.0,0.0,0.0
2025-07-30,0.0,0.0,0.0,0.0,0.0
2025-07-31,0.0,0.0,0.0,0.0,0.0
2025-08-01,0.0,0.0,0.0,0.0,0.0
2025-08-02,0.0,0.0,0.0,0.0,0.0
2025-08-03,0.0,0.0,0.0,0.0,0.0
2025-08-04,0.0,0.0,0.0,0.0,0.0
2025-08-05,0.0,0.0,0.0,0.0,0.0
2025-08-06,0.0,0.0,0.0,0.0,0.0
2025-08-07,0.0,0.0,0.0,0.0,0.0
2025-08-08,0.0,0.0,0.0,0.0,0.0
2025-08-09,0.0,0.0,0.0,0.0,0.0
2025-08-10,0.0,0.0,0.0,0.0,0.0
2025-08-11,0.0,0.0,0.0,0.0,0.0
2025-08-12,0.0,0.0,0.0,0.0,0.0
2025-08-13,0.0,0.0,0.0,0.0,0.0
2025-08-14,0.0,0.0,0.0,0.0,0.0
2025-08-15,0.0,0.0,0.0,0.0,0.0
2025-08-16,0.0,0.0,0.0,0.0,0.0
2025-08-17,0.0,0.0,0.0,0.0,0.0
2025-08-18,0.0,0.0,0.0,0.0,0.0
2025-08-19,0.0,0.0,0.0,0.0,0.0
2025-08-20,0.0,0.0,0.0,0.0,0.0
2025-08-21,0.0,0.0,0.0,0.0,0.0
2025-08-22,0.0,0.0,0.0,0.0,0.0
2025-08-23,0.0,0.0,0.0,0.0,0.0
2025-08-24,0.0,0.0,0.0,0.0,0.0
2025-08-25,0.0,0.0,0.0,0.0,0.0
2025-08-26,0.0,0.0,0.0,0.0,0.0
2025-08-27,0.0,0.0,0.0,0.0,0.0
2025-08-28,0.0,0.0,0.0,0.0,0.0
2025-08-29,0.0,0.0,0.0,0.0,0.0
2025-08-30,0.0,0.0,0.0,0.0,0.0
2025-08-31,0.0,0.0,0.0,0.0,0.0
2025-09-01,0.0,0.0,0.0,0.0,0.0
2025-09-02,0.0,0.0,0.0,0.0,0.0
2025-09-03,0.0,0.0,0.0,0.0,0.0
2025-09-04,0.0,0.0,0.0,0.0,0.0
2025-09-05,0.0,0.0,0.0,0.0,0.0
2025-09-06,0.0,0.0,0.0,0.0,0.0
2025-09-07,0.0,0.0,0.0,0.0,0.0
2025-09-08,0.0,0.0,0.0,0.0,0.0
2025-09-09,0.0,0.0,0.0,0.0,0.0
2025-09-10,0.0,0.0,0.0,0.0,0.0
2025-09-11,0.0,0.0,0.0,0.0,0.0
2025-09-12,0.0,0.0,0.0,0.0,0.0
2025-09-13,0.0,0.0,0.0,0.0,0.0
2025-09-14,0.0,0.0,0.0,0.0,0.0
2025-09-15,0.0,0.0,0.0,0.0,0.0
2025-09-16,0.0,0.0,0.0,0.0,0.0
2025-09-17,0.0,0.0,0.0,0.0,0.0
2025-09-18,0.0,0.0,0.0,0.0,0.0
2025-09-19,0.0,0.0,0.0,0.0,0.0
2025-09-20,0.0,0.0,0.0,0.0,0.0
2025-09-21,0.0,0.0,0.0,0.0,0.0
2025-09-22,0.0,0.0,0.0,0.0,0.0
2025-09-23,0.0,0.0,0.0,0.0,0.0
2025-09-24,0.0,0.0,0.0,0.0,0.0
2025-09-25,0.0,0.0,0.0,0.0,0.0
2025-09-26,0.0,0.0,0.0,0.0,0.0
2025-09-27,0.0,0.0,0.0,0.0,0.0
2025-09-28,0.0,0.0,0.0,0.0,0.0
2025-09-29,0.0,0.0,0.0,0.0,0.0
2025-09-30,0.0,0.0,0.0,0.0,0.0
