Date,flow_cms,ssc_mg_L,ssc_sand_mg_L,ssc_silt_mg_L,ssc_clay_mg_L
1995-10-01,0.0,11.57,9.14,0.0,0.0
1995-10-02,0.0,11.57,8.89,0.0,0.0
1995-10-03,0.0,5.79,8.63,0.0,0.0
1995-10-04,0.0,5.79,8.39,0.0,0.0
1995-10-05,0.0,5.79,8.15,0.0,0.0
1995-10-06,0.0,5.79,7.92,0.0,0.0
1995-10-07,0.0,5.79,7.7,0.0,0.0
1995-10-08,0.0,5.79,7.48,0.0,0.0
1995-10-09,0.0,5.79,7.27,0.0,0.0
1995-10-10,0.0,5.79,7.06,0.0,0.0
1995-10-11,0.0,5.79,6.86,0.0,0.0
1995-10-12,0.0,11.57,13.33,0.0,0.0
1995-10-13,0.0,11.57,12.95,0.0,0.0
1995-10-14,0.0,11.57,12.59,0.0,0.0
1995-10-15,0.0,11.57,12.23,0.0,0.0
1995-10-16,0.0,11.57,11.88,0.0,0.0
1995-10-17,0.0,11.57,11.55,0.0,0.0
1995-10-18,0.0,11.57,11.22,0.0,0.0
1995-10-19,0.0,11.57,10.9,0.0,0.0
1995-10-20,0.0,11.57,10.59,0.0,0.0
1995-10-21,0.0,11.57,10.29,0.0,0.0
1995-10-22,0.0,11.57,10.0,0.0,0.0
1995-10-23,0.0,11.57,9.72,0.0,0.0
1995-10-24,0.0,11.57,9.44,0.0,0.0
1995-10-25,0.0,11.57,9.17,0.0,0.0
1995-10-26,0.0,11.57,8.91,0.0,0.0
1995-10-27,0.0,11.57,8.66,0.0,0.0
1995-10-28,0.0,11.57,8.42,0.0,0.0
1995-10-29,0.0,11.57,8.18,0.0,0.0
1995-10-30,0.0,11.57,7.95,0.0,0.0
1995-10-31,0.0,11.57,7.72,0.0,0.0
1995-11-01,0.0,11.57,7.5,0.0,0.0
1995-11-02,0.0,11.57,7.29,0.0,0.0
1995-11-03,0.0,11.57,7.08,0.0,0.0
1995-11-04,0.0,11.57,6.88,0.0,0.0
1995-11-05,0.0,11.57,6.69,0.0,0.0
1995-11-06,0.0,11.57,6.5,0.0,0.0
1995-11-07,0.0,11.57,6.31,0.0,0.0
1995-11-08,0.0,11.57,6.13,0.0,0.0
1995-11-09,0.0,11.57,5.96,0.0,0.0
1995-11-10,0.0,11.57,5.79,0.0,0.0
1995-11-11,0.0,0.0,5.63,0.0,0.0
1995-11-12,0.0,0.0,5.47,0.0,0.0
1995-11-13,0.0,0.0,5.31,0.0,0.0
1995-11-14,0.0,0.0,5.16,0.0,0.0
1995-11-15,0.0,0.0,5.02,0.0,0.0
1995-11-16,0.0,0.0,4.87,0.0,0.0
1995-11-17,0.0,0.0,4.74,0.0,0.0
1995-11-18,0.0,0.0,4.6,0.0,0.0
1995-11-19,0.0,0.0,0.0,0.0,0.0
1995-11-20,0.0,0.0,0.0,0.0,0.0
1995-11-21,0.0,0.0,0.0,0.0,0.0
1995-11-22,0.0,0.0,0.0,0.0,0.0
1995-11-23,0.0,0.0,0.0,0.0,0.0
1995-11-24,0.0,0.0,0.0,0.0,0.0
1995-11-25,0.0,0.0,0.0,0.0,0.0
1995-11-26,0.0,0.0,0.0,0.0,0.0
1995-11-27,0.0,0.0,0.0,0.0,0.0
1995-11-28,0.0,0.0,0.0,0.0,0.0
1995-11-29,0.0,0.0,0.0,0.0,0.0
1995-11-30,0.0,0.0,0.0,0.0,0.0
1995-12-01,0.0,0.0,0.0,0.0,0.0
1995-12-02,0.0,0.0,0.0,0.0,0.0
1995-12-03,0.0,0.0,0.0,0.0,0.0
1995-12-04,0.0,0.0,0.0,0.0,0.0
1995-12-05,0.0,0.0,0.0,0.0,0.0
1995-12-06,0.0,0.0,0.0,0.0,0.0
1995-12-07,0.0,0.0,0.0,0.0,0.0
1995-12-08,0.0,0.0,0.0,0.0,0.0
1995-12-09,0.0,0.0,0.0,0.0,0.0
1995-12-10,0.022,14.91,13.41,0.14,1.37
1995-12-11,13.571,106.36,34.06,27.43,44.87
1995-12-12,4.738,67.91,33.94,12.79,21.18
1995-12-13,0.281,32.38,25.31,0.02,7.05
1995-12-14,0.499,28.87,17.88,3.61,7.38
1995-12-15,3.46,53.06,26.22,10.65,16.19
1995-12-16,0.159,26.81,18.73,0.01,8.08
1995-12-17,0.075,19.1,12.39,0.0,6.71
1995-12-18,0.21,32.68,28.23,0.03,4.43
1995-12-19,0.061,19.41,16.08,0.0,3.34
1995-12-20,0.046,16.26,13.71,0.0,2.56
1995-12-21,0.476,76.11,15.17,26.25,34.69
1995-12-22,0.961,102.99,32.39,28.21,42.39
1995-12-23,0.092,34.58,15.61,0.0,18.97
1995-12-24,0.062,28.11,12.38,0.0,15.73
1995-12-25,0.045,23.14,10.37,0.0,12.77
1995-12-26,0.038,20.62,12.19,0.0,8.44
1995-12-27,0.033,19.35,13.98,0.0,5.37
1995-12-28,0.027,18.04,14.57,0.0,3.47
1995-12-29,0.55,44.98,29.32,5.97,9.68
1995-12-30,0.877,41.16,28.95,4.68,7.53
1995-12-31,0.08,18.97,14.9,0.0,4.07
1996-01-01,0.05,12.85,9.27,0.0,3.58
1996-01-02,0.043,13.7,11.2,0.0,2.5
1996-01-03,0.039,15.72,14.05,0.0,1.68
1996-01-04,0.032,15.92,14.73,0.0,1.18
1996-01-05,0.025,15.51,14.67,0.0,0.84
1996-01-06,0.021,16.05,15.44,0.0,0.61
1996-01-07,0.016,15.27,14.83,0.0,0.44
1996-01-08,0.012,13.27,12.98,0.0,0.29
1996-01-09,0.008,10.73,10.6,0.0,0.14
1996-01-10,0.007,11.82,11.68,0.0,0.13
1996-01-11,0.005,9.25,9.23,0.0,0.02
1996-01-12,0.004,9.18,9.17,0.0,0.01
1996-01-13,0.003,9.19,9.16,0.0,0.01
1996-01-14,0.002,9.18,9.17,0.0,0.0
1996-01-15,0.53,41.99,28.47,5.37,8.15
1996-01-16,2.729,45.03,25.23,8.0,11.8
1996-01-17,2.123,142.77,28.31,47.44,67.02
1996-01-18,1.934,54.39,23.78,9.97,20.64
1996-01-19,0.806,38.94,25.87,3.48,9.59
1996-01-20,1.14,46.26,17.52,11.52,17.22
1996-01-21,2.199,58.63,30.19,10.78,17.66
1996-01-22,0.115,24.87,16.2,0.0,8.67
1996-01-23,0.348,32.01,24.89,1.15,5.96
1996-01-24,2.156,37.88,25.16,5.07,7.65
1996-01-25,1.179,39.41,26.72,4.62,8.07
1996-01-26,0.723,32.27,18.75,4.18,9.34
1996-01-27,5.42,78.44,29.21,19.1,30.12
1996-01-28,0.374,35.89,26.83,0.79,8.27
1996-01-29,0.151,26.82,20.37,0.0,6.45
1996-01-30,2.965,51.25,20.93,12.19,18.14
1996-01-31,4.501,70.4,32.3,14.6,23.5
1996-02-01,0.3,30.53,24.37,0.02,6.15
1996-02-02,0.223,27.92,23.84,0.0,4.08
1996-02-03,2.907,40.26,22.52,7.07,10.67
1996-02-04,6.166,49.67,26.24,9.23,14.19
1996-02-05,1.195,39.81,28.68,3.83,7.3
1996-02-06,0.424,27.99,25.36,0.04,2.59
1996-02-07,0.366,27.37,25.33,0.03,2.01
1996-02-08,0.325,27.09,25.46,0.01,1.63
1996-02-09,0.284,26.83,25.44,0.01,1.39
1996-02-10,0.256,26.78,25.56,0.0,1.22
1996-02-11,0.217,26.36,25.24,0.0,1.11
1996-02-12,0.182,25.71,24.7,0.0,1.01
1996-02-13,0.166,25.46,24.51,0.0,0.94
1996-02-14,0.149,25.12,24.23,0.0,0.89
1996-02-15,0.137,25.14,24.29,0.0,0.85
1996-02-16,0.256,32.27,29.44,0.05,2.79
1996-02-17,0.121,25.05,24.18,0.0,0.86
1996-02-18,1.789,44.29,20.09,10.15,14.06
1996-02-19,5.926,54.76,28.06,10.51,16.19
1996-02-20,4.395,39.94,24.65,5.87,9.43
1996-02-21,3.893,45.52,27.71,6.94,10.87
1996-02-22,1.015,31.07,27.59,0.85,2.63
1996-02-23,0.676,28.69,26.97,0.05,1.67
1996-02-24,0.834,29.24,26.41,0.66,2.18
1996-02-25,0.64,29.35,27.48,0.17,1.7
1996-02-26,0.496,27.41,26.13,0.03,1.25
1996-02-27,1.223,45.2,26.69,7.25,11.25
1996-02-28,0.804,30.81,26.33,1.0,3.48
1996-02-29,1.634,33.84,24.84,3.24,5.76
1996-03-01,0.497,27.69,25.7,0.04,1.96
1996-03-02,0.41,26.84,25.2,0.03,1.61
1996-03-03,0.395,26.62,25.24,0.02,1.35
1996-03-04,2.796,43.23,25.44,7.15,10.64
1996-03-05,0.892,33.61,28.32,1.52,3.77
1996-03-06,0.46,27.71,25.8,0.03,1.88
1996-03-07,0.399,27.28,25.69,0.03,1.56
1996-03-08,0.328,26.72,25.35,0.01,1.36
1996-03-09,0.277,26.62,25.4,0.01,1.21
1996-03-10,0.269,27.14,26.02,0.0,1.12
1996-03-11,1.014,34.96,24.28,4.06,6.62
1996-03-12,5.536,65.71,29.88,13.99,21.84
1996-03-13,0.677,31.22,27.74,0.19,3.29
1996-03-14,0.534,28.9,26.57,0.04,2.3
1996-03-15,0.467,28.14,26.26,0.03,1.84
1996-03-16,0.398,27.58,26.0,0.03,1.55
1996-03-17,0.316,26.88,25.51,0.01,1.36
1996-03-18,0.26,26.69,25.48,0.0,1.21
1996-03-19,0.214,26.44,25.34,0.0,1.1
1996-03-20,0.179,25.9,24.89,0.0,1.01
1996-03-21,0.153,25.11,24.18,0.0,0.92
1996-03-22,0.132,24.65,23.79,0.0,0.86
1996-03-23,0.109,23.72,22.93,0.0,0.79
1996-03-24,0.091,23.09,22.35,0.0,0.74
1996-03-25,0.075,22.5,21.81,0.0,0.68
1996-03-26,0.061,21.97,21.33,0.0,0.63
1996-03-27,0.05,21.43,20.84,0.0,0.58
1996-03-28,0.042,21.28,20.73,0.0,0.55
1996-03-29,0.037,21.81,21.26,0.0,0.55
1996-03-30,0.029,20.67,20.17,0.0,0.49
1996-03-31,0.02,17.84,17.47,0.0,0.37
1996-04-01,0.946,62.63,32.93,12.44,17.26
1996-04-02,0.139,30.35,25.99,0.0,4.36
1996-04-03,0.079,21.7,18.73,0.0,2.97
1996-04-04,0.067,21.61,19.42,0.0,2.18
1996-04-05,0.054,20.8,19.15,0.0,1.65
1996-04-06,0.043,19.89,18.65,0.0,1.24
1996-04-07,0.033,18.76,17.83,0.0,0.93
1996-04-08,0.024,16.91,16.23,0.0,0.68
1996-04-09,0.016,13.78,13.33,0.0,0.44
1996-04-10,0.011,9.47,9.27,0.0,0.2
1996-04-11,0.008,9.28,9.17,0.0,0.11
1996-04-12,0.006,9.23,9.17,0.0,0.05
1996-04-13,0.005,9.21,9.18,0.0,0.03
1996-04-14,0.004,9.19,9.17,0.0,0.01
1996-04-15,0.003,9.19,9.19,0.0,0.01
1996-04-16,0.002,9.2,9.18,0.0,0.0
1996-04-17,0.002,9.16,9.17,0.0,0.0
1996-04-18,0.001,9.19,9.19,0.0,0.0
1996-04-19,0.001,9.15,9.15,0.0,0.0
1996-04-20,0.001,9.26,9.2,0.0,0.0
1996-04-21,0.001,9.29,9.21,0.0,0.0
1996-04-22,0.001,9.3,9.26,0.0,0.0
1996-04-23,0.0,9.26,9.17,0.0,0.0
1996-04-24,0.0,9.33,9.21,0.0,0.0
1996-04-25,0.0,9.09,9.03,0.0,0.0
1996-04-26,0.0,9.0,9.09,0.0,0.0
1996-04-27,0.0,9.35,9.17,0.0,0.0
1996-04-28,0.0,8.9,8.91,0.0,0.0
1996-04-29,0.0,8.8,9.01,0.0,0.0
1996-04-30,0.0,9.16,9.12,0.0,0.0
1996-05-01,0.0,9.06,9.24,0.0,0.0
1996-05-02,0.0,9.06,8.98,0.0,0.0
1996-05-03,0.0,8.94,9.12,0.0,0.0
1996-05-04,0.0,9.37,9.29,0.0,0.0
1996-05-05,0.0,8.82,9.02,0.0,0.0
1996-05-06,0.0,9.26,9.21,0.0,0.0
1996-05-07,0.0,8.68,8.95,0.0,0.0
1996-05-08,0.0,9.14,9.15,0.0,0.0
1996-05-09,0.0,9.14,8.89,0.0,0.0
1996-05-10,0.0,9.0,9.12,0.0,0.0
1996-05-11,0.0,9.0,8.86,0.0,0.0
1996-05-12,0.0,8.85,9.12,0.0,0.0
1996-05-13,0.0,8.85,8.86,0.0,0.0
1996-05-14,0.0,9.4,9.14,0.0,0.0
1996-05-15,2.092,56.13,25.77,12.84,17.52
1996-05-16,2.65,57.1,30.85,10.11,16.14
1996-05-17,0.125,25.8,17.98,0.0,7.81
1996-05-18,0.08,21.69,15.77,0.0,5.92
1996-05-19,0.067,21.02,16.67,0.0,4.35
1996-05-20,0.051,19.33,16.02,0.0,3.31
1996-05-21,0.038,17.21,14.75,0.0,2.46
1996-05-22,0.033,18.48,16.82,0.0,1.66
1996-05-23,0.022,14.92,13.73,0.0,1.19
1996-05-24,0.015,10.01,9.26,0.0,0.75
1996-05-25,0.011,9.61,9.18,0.0,0.43
1996-05-26,0.009,9.4,9.17,0.0,0.23
1996-05-27,0.007,9.29,9.17,0.0,0.12
1996-05-28,0.005,9.22,9.17,0.0,0.06
1996-05-29,0.004,9.22,9.18,0.0,0.03
1996-05-30,0.003,9.19,9.18,0.0,0.01
1996-05-31,0.003,9.17,9.17,0.0,0.01
1996-06-01,0.002,9.19,9.18,0.0,0.0
1996-06-02,0.002,9.2,9.16,0.0,0.0
1996-06-03,0.001,9.2,9.19,0.0,0.0
1996-06-04,0.001,9.16,9.17,0.0,0.0
1996-06-05,0.001,9.13,9.14,0.0,0.0
1996-06-06,0.001,9.26,9.16,0.0,0.0
1996-06-07,0.0,9.15,9.1,0.0,0.0
1996-06-08,0.0,9.12,9.21,0.0,0.0
1996-06-09,0.0,9.09,9.13,0.0,0.0
1996-06-10,0.0,9.0,9.16,0.0,0.0
1996-06-11,0.0,9.35,9.24,0.0,0.0
1996-06-12,0.0,8.9,8.98,0.0,0.0
1996-06-13,0.0,9.26,9.07,0.0,0.0
1996-06-14,0.0,9.16,9.18,0.0,0.0
1996-06-15,0.0,9.16,8.92,0.0,0.0
1996-06-16,0.0,9.06,9.05,0.0,0.0
1996-06-17,0.0,8.94,9.19,0.0,0.0
1996-06-18,0.0,8.94,8.93,0.0,0.0
1996-06-19,0.0,8.82,9.09,0.0,0.0
1996-06-20,0.0,9.26,9.28,0.0,0.0
1996-06-21,0.0,9.26,9.01,0.0,0.0
1996-06-22,0.0,9.14,9.22,0.0,0.0
1996-06-23,0.0,9.14,8.96,0.0,0.0
1996-06-24,0.0,9.0,9.19,0.0,0.0
1996-06-25,0.0,9.0,8.93,0.0,0.0
1996-06-26,0.0,8.85,9.18,0.0,0.0
1996-06-27,0.0,8.85,8.92,0.0,0.0
1996-06-28,0.0,9.4,9.21,0.0,0.0
1996-06-29,0.0,8.68,8.95,0.0,0.0
1996-06-30,0.0,9.26,9.28,0.0,0.0
1996-07-01,0.0,9.26,9.01,0.0,0.0
1996-07-02,0.0,9.09,9.38,0.0,0.0
1996-07-03,0.0,9.09,9.12,0.0,0.0
1996-07-04,0.0,9.09,8.86,0.0,0.0
1996-07-05,0.0,8.9,9.27,0.0,0.0
1996-07-06,0.0,8.9,9.01,0.0,0.0
1996-07-07,0.0,8.9,8.75,0.0,0.0
1996-07-08,0.0,9.65,9.21,0.0,0.0
1996-07-09,0.0,8.68,8.95,0.0,0.0
1996-07-10,0.0,9.47,9.49,0.0,0.0
1996-07-11,0.0,9.47,9.22,0.0,0.0
1996-07-12,0.0,9.47,8.96,0.0,0.0
1996-07-13,0.0,8.42,8.71,0.0,0.0
1996-07-14,0.0,9.26,9.31,0.0,0.0
1996-07-15,0.0,9.26,9.04,0.0,0.0
1996-07-16,0.0,9.26,8.79,0.0,0.0
1996-07-17,0.0,9.0,9.48,0.0,0.0
1996-07-18,0.0,9.0,9.22,0.0,0.0
1996-07-19,0.0,9.0,8.96,0.0,0.0
1996-07-20,0.0,9.0,8.7,0.0,0.0
1996-07-21,0.0,10.13,9.51,0.0,0.0
1996-07-22,0.0,8.68,9.24,0.0,0.0
1996-07-23,0.0,8.68,8.98,0.0,0.0
1996-07-24,0.0,8.68,8.73,0.0,0.0
1996-07-25,0.0,9.92,9.69,0.0,0.0
1996-07-26,0.0,9.92,9.42,0.0,0.0
1996-07-27,0.0,9.92,9.15,0.0,0.0
1996-07-28,0.0,8.27,8.89,0.0,0.0
1996-07-29,0.0,8.27,8.64,0.0,0.0
1996-07-30,0.0,9.65,9.79,0.0,0.0
1996-07-31,0.0,9.65,9.51,0.0,0.0
1996-08-01,0.0,9.65,9.24,0.0,0.0
1996-08-02,0.0,9.65,8.98,0.0,0.0
1996-08-03,0.0,9.65,8.73,0.0,0.0
1996-08-04,0.0,7.72,8.48,0.0,0.0
1996-08-05,0.0,9.26,9.89,0.0,0.0
1996-08-06,0.0,9.26,9.61,0.0,0.0
1996-08-07,0.0,9.26,9.34,0.0,0.0
1996-08-08,0.0,9.26,9.07,0.0,0.0
1996-08-09,0.0,9.26,8.81,0.0,0.0
1996-08-10,0.0,9.26,8.56,0.0,0.0
1996-08-11,0.0,9.26,8.32,0.0,0.0
1996-08-12,0.0,8.68,10.11,0.0,0.0
1996-08-13,0.0,8.68,9.82,0.0,0.0
1996-08-14,0.0,8.68,9.54,0.0,0.0
1996-08-15,0.0,8.68,9.27,0.0,0.0
1996-08-16,0.0,8.68,9.01,0.0,0.0
1996-08-17,0.0,8.68,8.75,0.0,0.0
1996-08-18,0.0,8.68,8.51,0.0,0.0
1996-08-19,0.0,8.68,8.26,0.0,0.0
1996-08-20,0.0,8.68,8.03,0.0,0.0
1996-08-21,0.0,11.57,10.4,0.0,0.0
1996-08-22,0.0,11.57,10.11,0.0,0.0
1996-08-23,0.0,11.57,9.82,0.0,0.0
1996-08-24,0.0,7.72,9.54,0.0,0.0
1996-08-25,0.0,7.72,9.27,0.0,0.0
1996-08-26,0.0,7.72,9.01,0.0,0.0
1996-08-27,0.0,7.72,8.76,0.0,0.0
1996-08-28,0.0,7.72,8.51,0.0,0.0
1996-08-29,0.0,7.72,8.27,0.0,0.0
1996-08-30,0.0,7.72,8.03,0.0,0.0
1996-08-31,0.0,7.72,7.8,0.0,0.0
1996-09-01,0.0,7.72,7.58,0.0,0.0
1996-09-02,0.0,11.57,11.05,0.0,0.0
1996-09-03,0.0,11.57,10.74,0.0,0.0
1996-09-04,0.0,11.57,10.44,0.0,0.0
1996-09-05,0.0,11.57,10.14,0.0,0.0
1996-09-06,0.0,11.57,9.85,0.0,0.0
1996-09-07,0.0,11.57,9.57,0.0,0.0
1996-09-08,0.0,11.57,9.3,0.0,0.0
1996-09-09,0.0,11.57,9.04,0.0,0.0
1996-09-10,0.0,11.57,8.78,0.0,0.0
1996-09-11,0.0,5.79,8.53,0.0,0.0
1996-09-12,0.0,5.79,8.29,0.0,0.0
1996-09-13,0.0,5.79,8.06,0.0,0.0
1996-09-14,0.0,5.79,7.83,0.0,0.0
1996-09-15,0.0,5.79,7.61,0.0,0.0
1996-09-16,0.0,5.79,7.39,0.0,0.0
1996-09-17,0.0,5.79,7.18,0.0,0.0
1996-09-18,0.0,5.79,6.98,0.0,0.0
1996-09-19,0.0,11.57,13.56,0.0,0.0
1996-09-20,0.0,11.57,13.18,0.0,0.0
1996-09-21,0.0,11.57,12.8,0.0,0.0
1996-09-22,0.0,11.57,12.44,0.0,0.0
1996-09-23,0.0,11.57,12.09,0.0,0.0
1996-09-24,0.0,11.57,11.75,0.0,0.0
1996-09-25,0.0,11.57,11.41,0.0,0.0
1996-09-26,0.0,11.57,11.09,0.0,0.0
1996-09-27,0.0,11.57,10.77,0.0,0.0
1996-09-28,0.0,11.57,10.47,0.0,0.0
1996-09-29,0.0,11.57,10.17,0.0,0.0
1996-09-30,0.0,11.57,9.88,0.0,0.0
1996-10-01,0.0,11.57,9.6,0.0,0.0
1996-10-02,0.0,11.57,9.33,0.0,0.0
1996-10-03,0.0,11.57,9.07,0.0,0.0
1996-10-04,0.0,11.57,8.81,0.0,0.0
1996-10-05,0.0,11.57,8.56,0.0,0.0
1996-10-06,0.0,11.57,8.32,0.0,0.0
1996-10-07,0.0,11.57,8.08,0.0,0.0
1996-10-08,0.0,11.57,7.85,0.0,0.0
1996-10-09,0.0,11.57,7.63,0.0,0.0
1996-10-10,0.0,11.57,7.42,0.0,0.0
1996-10-11,0.0,11.57,7.2,0.0,0.0
1996-10-12,0.0,11.57,7.0,0.0,0.0
1996-10-13,0.0,11.57,6.8,0.0,0.0
1996-10-14,0.0,11.57,6.61,0.0,0.0
1996-10-15,0.0,11.57,6.42,0.0,0.0
1996-10-16,0.0,11.57,6.24,0.0,0.0
1996-10-17,0.0,11.57,6.06,0.0,0.0
1996-10-18,0.0,11.57,5.89,0.0,0.0
1996-10-19,0.0,0.0,5.72,0.0,0.0
1996-10-20,0.0,0.0,5.56,0.0,0.0
1996-10-21,0.0,0.0,5.4,0.0,0.0
1996-10-22,0.0,0.0,5.25,0.0,0.0
1996-10-23,0.0,0.0,5.1,0.0,0.0
1996-10-24,0.0,0.0,4.96,0.0,0.0
1996-10-25,0.0,0.0,4.82,0.0,0.0
1996-10-26,0.0,0.0,4.68,0.0,0.0
1996-10-27,0.0,0.0,4.55,0.0,0.0
1996-10-28,0.0,0.0,0.0,0.0,0.0
1996-10-29,0.926,79.64,37.0,17.31,25.33
1996-10-30,0.605,38.92,30.01,1.96,6.95
1996-10-31,0.077,25.36,18.91,0.0,6.46
1996-11-01,0.042,15.22,9.31,0.0,5.91
1996-11-02,0.032,13.47,9.22,0.0,4.25
1996-11-03,0.025,12.14,9.23,0.0,2.91
1996-11-04,0.02,11.06,9.17,0.0,1.89
1996-11-05,0.015,10.33,9.17,0.0,1.16
1996-11-06,0.012,9.85,9.18,0.0,0.67
1996-11-07,0.009,9.54,9.17,0.0,0.37
1996-11-08,0.007,9.36,9.17,0.0,0.19
1996-11-09,0.006,9.26,9.17,0.0,0.09
1996-11-10,0.004,9.22,9.17,0.0,0.04
1996-11-11,0.003,9.2,9.17,0.0,0.02
1996-11-12,0.003,9.18,9.18,0.0,0.01
1996-11-13,0.002,9.18,9.18,0.0,0.0
1996-11-14,0.002,9.16,9.17,0.0,0.0
1996-11-15,0.001,9.13,9.16,0.0,0.0
1996-11-16,0.831,43.29,15.38,11.77,16.14
1996-11-17,6.753,85.75,33.42,19.68,32.65
1996-11-18,0.987,39.23,27.73,3.06,8.44
1996-11-19,0.675,35.39,27.27,1.37,6.76
1996-11-20,0.135,23.54,17.6,0.0,5.94
1996-11-21,0.469,31.0,22.43,2.63,5.94
1996-11-22,0.5,37.53,28.47,2.71,6.35
1996-11-23,0.071,15.31,11.52,0.0,3.79
1996-11-24,0.052,12.99,9.97,0.0,3.03
1996-11-25,0.04,11.93,9.67,0.0,2.26
1996-11-26,0.032,11.62,10.02,0.0,1.6
1996-11-27,0.024,10.29,9.19,0.0,1.1
1996-11-28,0.019,9.88,9.18,0.0,0.7
1996-11-29,0.015,9.6,9.18,0.0,0.43
1996-11-30,0.011,9.42,9.18,0.0,0.25
1996-12-01,0.009,9.3,9.17,0.0,0.14
1996-12-02,0.007,9.25,9.17,0.0,0.07
1996-12-03,0.005,9.19,9.17,0.0,0.04
1996-12-04,0.537,52.5,20.1,13.97,18.42
1996-12-05,2.431,63.36,30.65,12.92,19.8
1996-12-06,0.104,28.13,15.44,0.0,12.69
1996-12-07,0.058,20.32,9.26,0.0,11.06
1996-12-08,0.045,17.71,9.37,0.0,8.34
1996-12-09,5.549,69.47,25.9,17.16,26.41
1996-12-10,4.276,85.34,29.94,21.07,34.32
1996-12-11,0.408,31.04,21.79,0.46,8.79
1996-12-12,0.715,38.49,27.49,3.14,7.86
1996-12-13,0.171,27.07,20.42,0.1,6.55
1996-12-14,0.063,18.04,10.9,0.0,7.15
1996-12-15,0.048,15.49,9.93,0.0,5.56
1996-12-16,0.042,16.5,12.78,0.0,3.72
1996-12-17,0.029,12.66,9.81,0.0,2.85
1996-12-18,0.023,11.84,9.96,0.0,1.87
1996-12-19,0.021,14.68,13.53,0.0,1.16
1996-12-20,0.015,12.09,11.36,0.0,0.74
1996-12-21,9.38,171.43,34.15,52.86,84.43
1996-12-22,1.49,44.11,26.04,6.06,12.01
1996-12-23,0.15,27.68,17.59,0.01,10.08
1996-12-24,0.091,23.59,16.24,0.0,7.35
1996-12-25,0.076,22.36,16.96,0.0,5.39
1996-12-26,0.964,45.54,29.34,6.49,9.71
1996-12-27,0.468,39.07,29.87,2.19,7.01
1996-12-28,0.639,60.3,28.73,13.12,18.45
1996-12-29,1.639,49.79,25.11,9.44,15.24
1996-12-30,1.259,37.74,27.11,3.51,7.12
1996-12-31,1.991,40.5,22.89,6.65,10.96
1997-01-01,9.867,67.6,29.4,14.76,23.44
1997-01-02,4.537,50.7,27.13,9.12,14.44
1997-01-03,0.672,34.02,27.63,1.47,4.92
1997-01-04,0.501,28.76,21.58,2.31,4.86
1997-01-05,0.88,41.11,27.34,5.07,8.7
1997-01-06,0.289,26.97,24.54,0.01,2.42
1997-01-07,0.252,27.41,25.61,0.0,1.8
1997-01-08,0.221,27.47,26.0,0.0,1.47
1997-01-09,0.202,27.27,26.0,0.0,1.26
1997-01-10,0.19,26.94,25.82,0.0,1.13
1997-01-11,0.181,26.9,25.86,0.0,1.03
1997-01-12,0.169,26.85,25.89,0.0,0.96
1997-01-13,0.137,25.75,24.86,0.0,0.89
1997-01-14,0.115,24.55,23.75,0.0,0.8
1997-01-15,0.953,59.19,29.65,11.52,18.01
1997-01-16,0.197,27.58,22.87,0.0,4.7
1997-01-17,0.149,26.33,23.04,0.0,3.28
1997-01-18,0.125,25.02,22.46,0.0,2.57
1997-01-19,0.116,25.11,23.19,0.0,1.92
1997-01-20,2.812,60.45,27.02,13.56,19.87
1997-01-21,2.896,46.41,24.81,8.35,13.25
1997-01-22,5.435,48.02,25.27,8.93,13.82
1997-01-23,1.472,40.2,30.26,3.49,6.44
1997-01-24,5.393,96.42,29.85,25.03,41.54
1997-01-25,4.623,70.39,29.53,15.82,25.04
1997-01-26,3.37,51.53,28.67,8.75,14.11
1997-01-27,1.037,30.5,27.64,0.49,2.36
1997-01-28,0.902,29.14,27.32,0.14,1.68
1997-01-29,0.762,28.85,27.38,0.07,1.39
1997-01-30,0.664,28.36,27.06,0.05,1.25
1997-01-31,0.596,28.0,26.78,0.05,1.17
1997-02-01,0.524,27.56,26.39,0.04,1.12
1997-02-02,0.449,27.17,26.04,0.04,1.09
1997-02-03,0.392,27.08,25.99,0.03,1.06
1997-02-04,0.33,26.74,25.7,0.01,1.03
1997-02-05,0.282,26.62,25.61,0.01,1.0
1997-02-06,0.246,26.65,25.66,0.0,0.98
1997-02-07,0.221,26.68,25.72,0.0,0.95
1997-02-08,0.178,25.51,24.62,0.0,0.89
1997-02-09,0.156,24.95,24.1,0.0,0.85
1997-02-10,0.136,24.47,23.66,0.0,0.81
1997-02-11,0.121,24.18,23.4,0.0,0.78
1997-02-12,0.099,23.47,22.74,0.0,0.73
1997-02-13,0.075,21.77,21.12,0.0,0.65
1997-02-14,0.065,21.7,21.07,0.0,0.63
1997-02-15,0.055,21.72,21.12,0.0,0.6
1997-02-16,0.042,20.34,19.81,0.0,0.53
1997-02-17,0.036,20.29,19.78,0.0,0.51
1997-02-18,0.031,20.84,20.33,0.0,0.51
1997-02-19,0.02,16.67,16.31,0.0,0.36
1997-02-20,0.021,20.55,20.08,0.0,0.47
1997-02-21,0.017,19.5,19.07,0.0,0.42
1997-02-22,0.013,18.05,17.69,0.0,0.36
1997-02-23,0.008,13.5,13.31,0.0,0.19
1997-02-24,0.005,9.26,9.23,0.0,0.04
1997-02-25,0.004,9.19,9.17,0.0,0.02
1997-02-26,0.003,9.17,9.18,0.0,0.01
1997-02-27,0.003,9.17,9.18,0.0,0.0
1997-02-28,0.002,9.18,9.18,0.0,0.0
1997-03-01,0.002,9.17,9.17,0.0,0.0
1997-03-02,0.001,9.16,9.14,0.0,0.0
1997-03-03,0.001,9.21,9.16,0.0,0.0
1997-03-04,0.001,9.16,9.19,0.0,0.0
1997-03-05,0.001,9.09,9.18,0.0,0.0
1997-03-06,0.0,9.21,9.08,0.0,0.0
1997-03-07,0.0,9.19,9.13,0.0,0.0
1997-03-08,0.0,9.09,9.18,0.0,0.0
1997-03-09,0.0,9.0,9.18,0.0,0.0
1997-03-10,0.0,9.0,8.92,0.0,0.0
1997-03-11,0.0,8.9,9.0,0.0,0.0
1997-03-12,0.0,9.26,9.1,0.0,0.0
1997-03-13,0.0,9.16,9.21,0.0,0.0
1997-03-14,0.0,9.16,8.94,0.0,0.0
1997-03-15,0.0,9.06,9.07,0.0,0.0
1997-03-16,0.0,9.47,9.21,0.0,0.0
1997-03-17,0.0,8.94,8.95,0.0,0.0
1997-03-18,0.0,9.37,9.11,0.0,0.0
1997-03-19,0.0,9.26,9.3,0.0,0.0
1997-03-20,0.0,9.26,9.03,0.0,0.0
1997-03-21,0.0,9.14,9.24,0.0,0.0
1997-03-22,0.0,9.14,8.98,0.0,0.0
1997-03-23,0.0,9.0,9.21,0.0,0.0
1997-03-24,0.0,9.0,8.95,0.0,0.0
1997-03-25,0.0,9.53,9.2,0.0,0.0
1997-03-26,0.0,8.85,8.94,0.0,0.0
1997-03-27,0.0,9.4,9.23,0.0,0.0
1997-03-28,0.0,8.68,8.97,0.0,0.0
1997-03-29,0.0,9.26,9.3,0.0,0.0
1997-03-30,0.0,9.26,9.04,0.0,0.0
1997-03-31,0.0,9.09,9.41,0.0,0.0
1997-04-01,0.0,9.09,9.14,0.0,0.0
1997-04-02,0.0,9.09,8.88,0.0,0.0
1997-04-03,0.0,8.9,9.29,0.0,0.0
1997-04-04,0.0,8.9,9.03,0.0,0.0
1997-04-05,0.0,8.9,8.77,0.0,0.0
1997-04-06,0.0,9.65,9.24,0.0,0.0
1997-04-07,0.0,8.68,8.97,0.0,0.0
1997-04-08,0.0,8.68,8.72,0.0,0.0
1997-04-09,0.0,9.47,9.24,0.0,0.0
1997-04-10,0.0,9.47,8.98,0.0,0.0
1997-04-11,0.0,8.42,8.73,0.0,0.0
1997-04-12,0.0,9.26,9.33,0.0,0.0
1997-04-13,0.0,9.26,9.06,0.0,0.0
1997-04-14,0.0,9.26,8.81,0.0,0.0
1997-04-15,0.0,9.0,9.51,0.0,0.0
1997-04-16,0.0,9.0,9.24,0.0,0.0
1997-04-17,0.0,9.0,8.98,0.0,0.0
1997-04-18,0.0,9.0,8.72,0.0,0.0
1997-04-19,0.0,10.13,9.53,0.0,0.0
1997-04-20,0.0,8.68,9.26,0.0,0.0
1997-04-21,0.0,8.68,9.0,0.0,0.0
1997-04-22,0.0,8.68,8.75,0.0,0.0
1997-04-23,0.0,9.92,9.71,0.0,0.0
1997-04-24,0.0,9.92,9.44,0.0,0.0
1997-04-25,0.0,9.92,9.17,0.0,0.0
1997-04-26,0.0,8.27,8.91,0.0,0.0
1997-04-27,0.0,8.27,8.66,0.0,0.0
1997-04-28,0.0,9.65,9.81,0.0,0.0
1997-04-29,0.0,9.65,9.54,0.0,0.0
1997-04-30,0.0,9.65,9.27,0.0,0.0
1997-05-01,0.0,9.65,9.0,0.0,0.0
1997-05-02,0.0,9.65,8.75,0.0,0.0
1997-05-03,0.0,7.72,8.5,0.0,0.0
1997-05-04,0.0,9.26,9.91,0.0,0.0
1997-05-05,0.0,9.26,9.63,0.0,0.0
1997-05-06,0.0,9.26,9.36,0.0,0.0
1997-05-07,0.0,9.26,9.09,0.0,0.0
1997-05-08,0.0,9.26,8.83,0.0,0.0
1997-05-09,0.0,9.26,8.58,0.0,0.0
1997-05-10,0.0,9.26,8.34,0.0,0.0
1997-05-11,0.0,11.57,10.13,0.0,0.0
1997-05-12,0.0,8.68,9.84,0.0,0.0
1997-05-13,0.0,8.68,9.56,0.0,0.0
1997-05-14,0.0,8.68,9.29,0.0,0.0
1997-05-15,0.0,8.68,9.03,0.0,0.0
1997-05-16,0.0,8.68,8.77,0.0,0.0
1997-05-17,0.0,8.68,8.53,0.0,0.0
1997-05-18,0.0,8.68,8.28,0.0,0.0
1997-05-19,0.0,8.68,8.05,0.0,0.0
1997-05-20,0.0,11.57,10.43,0.0,0.0
1997-05-21,0.0,11.57,10.13,0.0,0.0
1997-05-22,0.0,11.57,9.85,0.0,0.0
1997-05-23,0.062,40.94,36.14,0.13,4.68
1997-05-24,0.003,44.55,43.25,0.0,1.33
1997-05-25,0.0,28.94,29.0,0.0,0.45
1997-05-26,0.0,7.72,9.4,0.0,0.0
1997-05-27,0.0,7.72,8.53,0.0,0.0
1997-05-28,0.0,7.72,8.29,0.0,0.0
1997-05-29,0.0,7.72,8.05,0.0,0.0
1997-05-30,0.0,7.72,7.82,0.0,0.0
1997-05-31,0.0,7.72,7.6,0.0,0.0
1997-06-01,0.0,11.57,11.08,0.0,0.0
1997-06-02,0.0,11.57,10.77,0.0,0.0
1997-06-03,0.0,11.57,10.46,0.0,0.0
1997-06-04,0.0,11.57,10.16,0.0,0.0
1997-06-05,0.0,11.57,9.88,0.0,0.0
1997-06-06,0.0,11.57,9.6,0.0,0.0
1997-06-07,0.0,11.57,9.32,0.0,0.0
1997-06-08,0.0,11.57,9.06,0.0,0.0
1997-06-09,0.0,11.57,8.8,0.0,0.0
1997-06-10,0.0,5.79,8.55,0.0,0.0
1997-06-11,0.0,5.79,8.31,0.0,0.0
1997-06-12,0.0,5.79,8.08,0.0,0.0
1997-06-13,0.0,5.79,7.85,0.0,0.0
1997-06-14,0.0,5.79,7.62,0.0,0.0
1997-06-15,0.0,5.79,7.41,0.0,0.0
1997-06-16,0.0,5.79,7.2,0.0,0.0
1997-06-17,0.0,5.79,6.99,0.0,0.0
1997-06-18,0.0,11.57,13.59,0.0,0.0
1997-06-19,0.0,11.57,13.21,0.0,0.0
1997-06-20,0.0,11.57,12.83,0.0,0.0
1997-06-21,0.0,11.57,12.47,0.0,0.0
1997-06-22,0.0,11.57,12.12,0.0,0.0
1997-06-23,0.0,11.57,11.77,0.0,0.0
1997-06-24,0.0,11.57,11.44,0.0,0.0
1997-06-25,0.0,11.57,11.11,0.0,0.0
1997-06-26,0.0,11.57,10.8,0.0,0.0
1997-06-27,0.0,11.57,10.49,0.0,0.0
1997-06-28,0.0,11.57,10.2,0.0,0.0
1997-06-29,0.0,11.57,9.91,0.0,0.0
1997-06-30,0.0,11.57,9.63,0.0,0.0
1997-07-01,0.0,11.57,9.35,0.0,0.0
1997-07-02,0.0,11.57,9.09,0.0,0.0
1997-07-03,0.0,11.57,8.83,0.0,0.0
1997-07-04,0.0,11.57,8.58,0.0,0.0
1997-07-05,0.0,11.57,8.34,0.0,0.0
1997-07-06,0.0,11.57,8.1,0.0,0.0
1997-07-07,0.0,11.57,7.87,0.0,0.0
1997-07-08,0.0,11.57,7.65,0.0,0.0
1997-07-09,0.0,11.57,7.43,0.0,0.0
1997-07-10,0.0,11.57,7.22,0.0,0.0
1997-07-11,0.0,11.57,7.02,0.0,0.0
1997-07-12,0.0,11.57,6.82,0.0,0.0
1997-07-13,0.0,11.57,6.63,0.0,0.0
1997-07-14,0.0,11.57,6.44,0.0,0.0
1997-07-15,0.0,11.57,6.25,0.0,0.0
1997-07-16,0.0,11.57,6.08,0.0,0.0
1997-07-17,0.0,11.57,5.91,0.0,0.0
1997-07-18,0.0,0.0,5.74,0.0,0.0
1997-07-19,0.0,0.0,5.58,0.0,0.0
1997-07-20,0.0,0.0,5.42,0.0,0.0
1997-07-21,0.0,0.0,5.26,0.0,0.0
1997-07-22,0.0,0.0,5.11,0.0,0.0
1997-07-23,0.0,0.0,4.97,0.0,0.0
1997-07-24,0.0,0.0,4.83,0.0,0.0
1997-07-25,0.0,0.0,4.69,0.0,0.0
1997-07-26,0.0,0.0,4.56,0.0,0.0
1997-07-27,0.0,0.0,0.0,0.0,0.0
1997-07-28,0.0,0.0,0.0,0.0,0.0
1997-07-29,0.0,0.0,0.0,0.0,0.0
1997-07-30,0.0,0.0,0.0,0.0,0.0
1997-07-31,0.0,0.0,0.0,0.0,0.0
1997-08-01,0.0,0.0,0.0,0.0,0.0
1997-08-02,0.0,0.0,0.0,0.0,0.0
1997-08-03,0.0,0.0,0.0,0.0,0.0
1997-08-04,0.0,0.0,0.0,0.0,0.0
1997-08-05,0.0,0.0,0.0,0.0,0.0
1997-08-06,0.0,0.0,0.0,0.0,0.0
1997-08-07,0.0,0.0,0.0,0.0,0.0
1997-08-08,0.0,0.0,0.0,0.0,0.0
1997-08-09,0.0,0.0,0.0,0.0,0.0
1997-08-10,0.0,0.0,0.0,0.0,0.0
1997-08-11,0.0,0.0,0.0,0.0,0.0
1997-08-12,0.0,0.0,0.0,0.0,0.0
1997-08-13,0.0,0.0,0.0,0.0,0.0
1997-08-14,0.0,0.0,0.0,0.0,0.0
1997-08-15,0.0,0.0,0.0,0.0,0.0
1997-08-16,0.0,0.0,0.0,0.0,0.0
1997-08-17,0.0,0.0,0.0,0.0,0.0
1997-08-18,0.0,0.0,0.0,0.0,0.0
1997-08-19,0.0,0.0,0.0,0.0,0.0
1997-08-20,0.0,0.0,0.0,0.0,0.0
1997-08-21,0.0,0.0,0.0,0.0,0.0
1997-08-22,0.0,0.0,0.0,0.0,0.0
1997-08-23,0.0,0.0,0.0,0.0,0.0
1997-08-24,0.0,0.0,0.0,0.0,0.0
1997-08-25,0.0,0.0,0.0,0.0,0.0
1997-08-26,0.0,0.0,0.0,0.0,0.0
1997-08-27,0.0,0.0,0.0,0.0,0.0
1997-08-28,0.0,0.0,0.0,0.0,0.0
1997-08-29,0.0,0.0,0.0,0.0,0.0
1997-08-30,0.0,0.0,0.0,0.0,0.0
1997-08-31,0.0,0.0,0.0,0.0,0.0
1997-09-01,0.0,0.0,0.0,0.0,0.0
1997-09-02,0.0,0.0,0.0,0.0,0.0
1997-09-03,0.0,0.0,0.0,0.0,0.0
1997-09-04,0.0,0.0,0.0,0.0,0.0
1997-09-05,0.0,0.0,0.0,0.0,0.0
1997-09-06,0.0,0.0,0.0,0.0,0.0
1997-09-07,0.0,0.0,0.0,0.0,0.0
1997-09-08,0.0,0.0,0.0,0.0,0.0
1997-09-09,0.0,0.0,0.0,0.0,0.0
1997-09-10,0.0,0.0,0.0,0.0,0.0
1997-09-11,0.0,0.0,0.0,0.0,0.0
1997-09-12,0.0,0.0,0.0,0.0,0.0
1997-09-13,0.0,0.0,0.0,0.0,0.0
1997-09-14,0.0,0.0,0.0,0.0,0.0
1997-09-15,0.0,0.0,0.0,0.0,0.0
1997-09-16,0.0,0.0,0.0,0.0,0.0
1997-09-17,0.0,0.0,0.0,0.0,0.0
1997-09-18,0.0,0.0,0.0,0.0,0.0
1997-09-19,0.0,0.0,0.0,0.0,0.0
1997-09-20,0.0,0.0,0.0,0.0,0.0
1997-09-21,0.0,0.0,0.0,0.0,0.0
1997-09-22,0.0,0.0,0.0,0.0,0.0
1997-09-23,0.0,0.0,0.0,0.0,0.0
1997-09-24,0.0,0.0,0.0,0.0,0.0
1997-09-25,0.0,0.0,0.0,0.0,0.0
1997-09-26,0.0,0.0,0.0,0.0,0.0
1997-09-27,0.0,0.0,0.0,0.0,0.0
1997-09-28,0.0,0.0,0.0,0.0,0.0
1997-09-29,0.0,0.0,0.0,0.0,0.0
1997-09-30,0.0,0.0,0.0,0.0,0.0
1997-10-01,0.0,0.0,0.0,0.0,0.0
1997-10-02,0.0,0.0,0.0,0.0,0.0
1997-10-03,0.0,0.0,0.0,0.0,0.0
1997-10-04,0.0,0.0,0.0,0.0,0.0
1997-10-05,0.0,0.0,0.0,0.0,0.0
1997-10-06,0.0,0.0,0.0,0.0,0.0
1997-10-07,0.0,0.0,0.0,0.0,0.0
1997-10-08,0.0,0.0,0.0,0.0,0.0
1997-10-09,0.385,49.06,30.49,6.34,12.23
1997-10-10,0.03,21.26,16.58,0.0,4.68
1997-10-11,0.019,13.52,10.21,0.0,3.31
1997-10-12,0.014,11.25,9.19,0.0,2.07
1997-10-13,0.011,10.34,9.17,0.0,1.17
1997-10-14,0.008,9.79,9.17,0.0,0.63
1997-10-15,0.006,9.49,9.17,0.0,0.32
1997-10-16,0.005,9.33,9.17,0.0,0.15
1997-10-17,0.004,9.25,9.18,0.0,0.07
1997-10-18,0.003,9.2,9.18,0.0,0.03
1997-10-19,0.002,9.16,9.17,0.0,0.01
1997-10-20,0.002,9.22,9.2,0.0,0.01
1997-10-21,0.001,9.13,9.16,0.0,0.0
1997-10-22,0.001,9.15,9.18,0.0,0.0
1997-10-23,0.001,9.15,9.12,0.0,0.0
1997-10-24,0.001,9.29,9.24,0.0,0.0
1997-10-25,0.001,9.13,9.11,0.0,0.0
1997-10-26,0.0,9.26,9.2,0.0,0.0
1997-10-27,0.0,9.33,9.23,0.0,0.0
1997-10-28,0.0,9.09,9.03,0.0,0.0
1997-10-29,0.0,9.0,9.09,0.0,0.0
1997-10-30,0.0,9.35,9.18,0.0,0.0
1997-10-31,0.0,8.9,8.92,0.0,0.0
1997-11-01,0.0,8.8,9.01,0.0,0.0
1997-11-02,0.0,9.16,9.12,0.0,0.0
1997-11-03,0.0,9.06,9.25,0.0,0.0
1997-11-04,0.0,9.06,8.98,0.0,0.0
1997-11-05,0.0,8.94,9.13,0.0,0.0
1997-11-06,0.0,9.37,9.29,0.0,0.0
1997-11-07,0.0,8.82,9.03,0.0,0.0
1997-11-08,0.0,9.26,9.21,0.0,0.0
1997-11-09,0.0,8.68,8.95,0.0,0.0
1997-11-10,1.43,57.27,29.72,11.66,15.9
1997-11-11,0.138,36.69,27.03,0.01,9.65
1997-11-12,0.049,16.84,9.51,0.0,7.34
1997-11-13,0.916,49.93,29.01,8.16,12.76
1997-11-14,1.775,59.93,26.64,13.53,19.76
1997-11-15,2.629,68.94,25.41,17.25,26.29
1997-11-16,1.037,34.02,23.54,2.69,7.78
1997-11-17,0.651,32.41,21.68,2.64,8.1
1997-11-18,0.123,22.46,15.64,0.0,6.82
1997-11-19,0.633,42.37,27.15,4.88,10.34
1997-11-20,0.073,17.27,11.21,0.0,6.05
1997-11-21,0.053,14.19,9.38,0.0,4.81
1997-11-22,0.041,12.78,9.17,0.0,3.61
1997-11-23,0.032,12.24,9.71,0.0,2.54
1997-11-24,0.026,11.71,9.99,0.0,1.72
1997-11-25,1.802,18.39,3.72,6.33,8.34
1997-11-26,9.163,195.54,44.06,57.03,94.45
1997-11-27,1.072,53.38,28.38,8.0,17.0
1997-11-28,0.091,25.89,13.26,0.0,12.62
1997-11-29,1.894,74.32,13.3,24.65,36.37
1997-11-30,3.157,148.57,43.18,39.35,66.04
1997-12-01,0.114,35.19,16.65,0.0,18.54
1997-12-02,0.075,28.3,14.12,0.0,14.17
1997-12-03,0.059,24.91,14.14,0.0,10.77
1997-12-04,0.043,20.85,12.44,0.0,8.41
1997-12-05,0.031,16.41,10.02,0.0,6.39
1997-12-06,1.02,76.15,28.26,18.73,29.16
1997-12-07,6.047,82.64,28.77,20.78,33.08
1997-12-08,1.521,41.11,25.57,4.96,10.58
1997-12-09,0.165,27.89,18.77,0.01,9.11
1997-12-10,0.096,23.67,16.92,0.0,6.75
1997-12-11,0.082,22.56,17.65,0.0,4.91
1997-12-12,0.071,22.12,18.63,0.0,3.49
1997-12-13,0.052,20.16,17.41,0.0,2.75
1997-12-14,1.556,52.44,29.19,9.45,13.81
1997-12-15,0.164,26.95,20.03,0.0,6.92
1997-12-16,0.093,21.89,16.93,0.0,4.97
1997-12-17,0.078,21.1,17.42,0.0,3.68
1997-12-18,0.06,19.76,16.89,0.0,2.87
1997-12-19,0.05,18.92,16.86,0.0,2.06
1997-12-20,0.049,21.4,19.99,0.0,1.42
1997-12-21,0.03,17.02,15.93,0.0,1.1
1997-12-22,0.019,10.88,10.15,0.0,0.74
1997-12-23,0.025,20.58,19.92,0.0,0.66
1997-12-24,0.017,18.72,18.24,0.0,0.49
1997-12-25,0.01,10.24,10.06,0.0,0.19
1997-12-26,0.012,20.05,19.62,0.0,0.44
1997-12-27,0.01,20.49,20.07,0.0,0.41
1997-12-28,0.008,19.74,19.38,0.0,0.37
1997-12-29,0.004,9.52,9.48,0.0,0.03
1997-12-30,0.003,9.19,9.16,0.0,0.01
1997-12-31,0.002,9.17,9.16,0.0,0.0
1998-01-01,0.002,9.19,9.19,0.0,0.0
1998-01-02,1.508,59.73,28.65,12.42,18.66
1998-01-03,0.637,27.19,19.41,1.34,6.44
1998-01-04,2.715,57.8,26.39,12.34,19.07
1998-01-05,0.126,26.56,16.91,0.0,9.65
1998-01-06,0.33,36.1,20.4,6.02,9.68
1998-01-07,0.379,35.88,27.91,1.47,6.5
1998-01-08,0.358,37.57,27.06,1.8,8.72
1998-01-09,1.35,59.63,24.12,14.54,20.97
1998-01-10,1.821,40.93,26.19,5.24,9.5
1998-01-11,1.906,41.18,20.69,8.09,12.4
1998-01-12,4.997,60.31,27.96,12.98,19.37
1998-01-13,0.327,38.19,27.39,0.77,10.03
1998-01-14,0.918,42.03,22.77,7.21,12.06
1998-01-15,3.255,48.19,25.98,8.6,13.61
1998-01-16,0.332,31.09,25.8,0.02,5.27
1998-01-17,0.214,27.38,24.06,0.0,3.32
1998-01-18,4.293,99.96,28.56,27.53,43.87
1998-01-19,1.402,42.05,27.07,5.03,9.94
1998-01-20,0.379,30.52,25.31,0.03,5.18
1998-01-21,0.278,28.31,24.64,0.01,3.66
1998-01-22,0.237,27.97,25.38,0.0,2.59
1998-01-23,0.204,27.53,25.55,0.0,1.98
1998-01-24,0.19,27.01,25.41,0.0,1.6
1998-01-25,0.169,26.46,25.11,0.0,1.35
1998-01-26,0.17,26.85,25.69,0.0,1.16
1998-01-27,0.248,31.96,28.88,0.06,3.02
1998-01-28,0.342,13.68,13.06,0.0,0.62
1998-01-29,5.331,97.19,31.89,24.95,40.34
1998-01-30,0.357,33.08,25.72,0.02,7.34
1998-01-31,1.081,49.04,29.22,7.45,12.36
1998-02-01,3.391,64.46,27.4,14.68,22.38
1998-02-02,15.285,115.93,34.24,29.9,51.79
1998-02-03,9.987,131.54,45.92,25.6,60.02
1998-02-04,3.626,37.63,27.12,3.99,6.52
1998-02-05,3.603,33.55,26.38,2.75,4.42
1998-02-06,12.627,84.42,36.11,18.18,30.12
1998-02-07,12.243,85.15,35.49,17.18,32.48
1998-02-08,7.794,43.21,29.33,5.11,8.77
1998-02-09,4.411,29.55,27.06,0.86,1.63
1998-02-10,3.348,28.05,26.28,0.64,1.14
1998-02-11,2.844,27.93,25.81,0.78,1.35
1998-02-12,2.541,28.94,25.55,1.3,2.09
1998-02-13,1.837,27.64,25.76,0.65,1.23
1998-02-14,5.928,69.61,29.21,15.46,24.94
1998-02-15,2.716,36.28,26.03,3.79,6.46
1998-02-16,2.692,32.1,24.94,2.73,4.43
1998-02-17,1.997,29.64,25.57,1.43,2.64
1998-02-18,1.629,27.46,24.27,1.16,2.02
1998-02-19,5.08,50.76,26.09,9.65,15.02
1998-02-20,3.05,49.44,25.18,9.16,15.1
1998-02-21,8.198,66.12,29.07,14.29,22.75
1998-02-22,3.876,34.61,26.33,2.99,5.29
1998-02-23,7.09,57.79,29.64,10.85,17.3
1998-02-24,2.901,28.94,26.23,0.81,1.91
1998-02-25,2.142,27.42,25.58,0.63,1.21
1998-02-26,1.592,27.09,25.33,0.62,1.13
1998-02-27,1.198,26.55,24.99,0.45,1.11
1998-02-28,0.884,25.97,24.72,0.15,1.1
1998-03-01,0.672,25.38,24.16,0.13,1.09
1998-03-02,0.525,24.49,23.29,0.13,1.07
1998-03-03,0.375,23.09,21.94,0.13,1.03
1998-03-04,0.271,22.05,20.96,0.11,0.99
1998-03-05,0.22,21.81,20.82,0.04,0.94
1998-03-06,0.157,20.61,19.73,0.01,0.86
1998-03-07,0.133,19.67,18.85,0.01,0.82
1998-03-08,0.108,18.66,17.9,0.01,0.76
1998-03-09,0.088,18.02,17.31,0.0,0.71
1998-03-10,0.072,17.47,16.81,0.0,0.66
1998-03-11,0.054,16.08,15.49,0.0,0.59
1998-03-12,0.04,13.51,13.01,0.0,0.5
1998-03-13,3.074,86.38,28.58,23.4,34.39
1998-03-14,0.518,33.2,26.28,0.06,6.86
1998-03-15,0.384,29.66,24.92,0.05,4.69
1998-03-16,0.296,28.04,24.5,0.03,3.51
1998-03-17,0.226,26.78,24.09,0.01,2.69
1998-03-18,0.174,25.44,23.3,0.0,2.14
1998-03-19,0.136,23.82,22.02,0.0,1.79
1998-03-20,0.106,22.37,20.87,0.0,1.5
1998-03-21,0.086,21.33,20.09,0.0,1.23
1998-03-22,0.063,19.43,18.41,0.0,1.02
1998-03-23,0.13,28.03,19.71,3.01,5.3
1998-03-24,0.362,45.1,35.01,3.13,6.96
1998-03-25,0.509,45.68,30.84,5.32,9.52
1998-03-26,0.164,27.48,25.14,0.0,2.34
1998-03-27,0.132,26.01,24.13,0.0,1.88
1998-03-28,0.196,31.07,28.53,0.01,2.52
1998-03-29,0.116,26.86,25.63,0.0,1.23
1998-03-30,0.093,25.71,24.66,0.0,1.05
1998-03-31,0.249,30.61,25.59,0.93,4.09
1998-04-01,0.721,36.44,27.44,3.25,5.75
1998-04-02,0.187,25.95,24.12,0.0,1.83
1998-04-03,2.05,53.73,23.24,12.19,18.3
1998-04-04,0.969,40.21,28.47,3.33,8.41
1998-04-05,0.454,28.05,24.95,0.04,3.06
1998-04-06,0.411,27.21,24.92,0.04,2.24
1998-04-07,0.302,25.73,23.8,0.03,1.89
1998-04-08,0.269,25.93,24.4,0.01,1.52
1998-04-09,0.201,24.88,23.57,0.0,1.31
1998-04-10,0.163,24.25,23.12,0.0,1.13
1998-04-11,0.133,23.07,22.06,0.0,1.0
1998-04-12,0.11,22.17,21.27,0.0,0.9
1998-04-13,0.516,43.44,31.99,3.06,8.39
1998-04-14,0.246,31.45,28.97,0.02,2.47
1998-04-15,0.152,26.77,25.54,0.0,1.23
1998-04-16,0.121,25.33,24.27,0.0,1.06
1998-04-17,0.101,24.67,23.73,0.0,0.94
1998-04-18,0.082,23.99,23.16,0.0,0.83
1998-04-19,0.066,23.33,22.58,0.0,0.74
1998-04-20,0.052,22.75,22.09,0.0,0.66
1998-04-21,0.039,21.25,20.69,0.0,0.57
1998-04-22,0.028,19.28,18.82,0.0,0.46
1998-04-23,0.02,16.92,16.56,0.0,0.36
1998-04-24,0.015,17.05,16.73,0.0,0.31
1998-04-25,0.01,12.98,12.83,0.0,0.16
1998-04-26,0.007,10.02,9.97,0.0,0.05
1998-04-27,0.005,9.2,9.2,0.0,0.01
1998-04-28,0.004,9.17,9.16,0.0,0.01
1998-04-29,0.003,9.17,9.18,0.0,0.0
1998-04-30,0.002,9.18,9.18,0.0,0.0
1998-05-01,0.002,9.16,9.17,0.0,0.0
1998-05-02,0.001,9.17,9.18,0.0,0.0
1998-05-03,0.001,9.18,9.16,0.0,0.0
1998-05-04,0.039,48.69,28.64,8.08,11.97
1998-05-05,3.493,62.54,26.32,14.77,21.46
1998-05-06,0.509,39.2,28.56,1.78,8.86
1998-05-07,0.323,29.29,24.8,0.01,4.48
1998-05-08,0.237,27.48,24.03,0.01,3.45
1998-05-09,0.182,26.41,23.82,0.0,2.59
1998-05-10,0.15,25.38,23.34,0.0,2.03
1998-05-11,0.133,24.91,23.28,0.0,1.63
1998-05-12,0.149,20.62,19.3,0.01,1.31
1998-05-13,0.253,39.98,32.91,1.21,5.86
1998-05-14,0.112,24.3,22.98,0.0,1.32
1998-05-15,0.096,23.79,22.68,0.0,1.11
1998-05-16,0.081,23.33,22.39,0.0,0.95
1998-05-17,0.068,22.94,22.11,0.0,0.82
1998-05-18,0.054,21.76,21.05,0.0,0.71
1998-05-19,0.044,21.28,20.65,0.0,0.63
1998-05-20,0.033,19.64,19.12,0.0,0.52
1998-05-21,0.022,16.3,15.92,0.0,0.38
1998-05-22,0.016,14.61,14.32,0.0,0.28
1998-05-23,0.011,11.09,10.96,0.0,0.13
1998-05-24,0.008,9.4,9.36,0.0,0.05
1998-05-25,0.006,9.19,9.18,0.0,0.02
1998-05-26,0.005,9.19,9.18,0.0,0.01
1998-05-27,0.004,9.18,9.16,0.0,0.0
1998-05-28,0.866,54.15,34.0,8.33,11.83
1998-05-29,0.457,43.34,32.71,2.96,7.67
1998-05-30,0.097,25.46,22.61,0.0,2.85
1998-05-31,0.078,24.0,21.86,0.0,2.14
1998-06-01,0.065,23.67,22.05,0.0,1.62
1998-06-02,0.05,22.74,21.48,0.0,1.26
1998-06-03,0.04,22.31,21.34,0.0,0.98
1998-06-04,0.031,22.0,21.23,0.0,0.77
1998-06-05,0.022,20.5,19.89,0.0,0.6
1998-06-06,0.016,19.85,19.37,0.0,0.48
1998-06-07,0.011,15.35,15.05,0.0,0.3
1998-06-08,0.008,14.33,14.12,0.0,0.21
1998-06-09,0.005,10.72,10.66,0.0,0.07
1998-06-10,0.004,9.2,9.19,0.0,0.01
1998-06-11,0.003,9.15,9.16,0.0,0.01
1998-06-12,0.002,9.16,9.16,0.0,0.0
1998-06-13,0.002,9.17,9.19,0.0,0.0
1998-06-14,0.001,9.16,9.15,0.0,0.0
1998-06-15,0.001,9.11,9.14,0.0,0.0
1998-06-16,0.001,9.09,9.13,0.0,0.0
1998-06-17,0.001,9.08,9.17,0.0,0.0
1998-06-18,0.001,9.26,9.26,0.0,0.0
1998-06-19,0.0,9.2,9.22,0.0,0.0
1998-06-20,0.0,8.96,9.05,0.0,0.0
1998-06-21,0.0,9.09,9.0,0.0,0.0
1998-06-22,0.0,9.0,9.07,0.0,0.0
1998-06-23,0.0,9.35,9.15,0.0,0.0
1998-06-24,0.0,9.26,9.25,0.0,0.0
1998-06-25,0.0,8.8,8.99,0.0,0.0
1998-06-26,0.0,9.16,9.1,0.0,0.0
1998-06-27,0.0,9.06,9.22,0.0,0.0
1998-06-28,0.0,9.06,8.96,0.0,0.0
1998-06-29,0.0,8.94,9.1,0.0,0.0
1998-06-30,0.0,9.37,9.27,0.0,0.0
1998-07-01,0.0,8.82,9.0,0.0,0.0
1998-07-02,0.0,9.26,9.19,0.0,0.0
1998-07-03,0.0,8.68,8.93,0.0,0.0
1998-07-04,0.0,9.14,9.13,0.0,0.0
1998-07-05,0.0,9.14,8.87,0.0,0.0
1998-07-06,0.0,9.0,9.1,0.0,0.0
1998-07-07,0.0,9.0,8.84,0.0,0.0
1998-07-08,0.0,8.85,9.1,0.0,0.0
1998-07-09,0.0,8.85,8.84,0.0,0.0
1998-07-10,0.0,9.4,9.12,0.0,0.0
1998-07-11,0.0,8.68,8.87,0.0,0.0
1998-07-12,0.0,9.26,9.19,0.0,0.0
1998-07-13,0.0,9.26,8.93,0.0,0.0
1998-07-14,0.0,9.09,9.29,0.0,0.0
1998-07-15,0.0,9.09,9.03,0.0,0.0
1998-07-16,0.0,9.09,8.78,0.0,0.0
1998-07-17,0.0,8.9,9.18,0.0,0.0
1998-07-18,0.0,8.9,8.92,0.0,0.0
1998-07-19,0.0,9.65,9.39,0.0,0.0
1998-07-20,0.0,8.68,9.13,0.0,0.0
1998-07-21,0.0,8.68,8.87,0.0,0.0
1998-07-22,0.0,9.47,9.4,0.0,0.0
1998-07-23,0.0,9.47,9.13,0.0,0.0
1998-07-24,0.0,8.42,8.87,0.0,0.0
1998-07-25,0.0,9.26,9.49,0.0,0.0
1998-07-26,0.0,9.26,9.22,0.0,0.0
1998-07-27,0.0,9.26,8.96,0.0,0.0
1998-07-28,0.0,9.26,8.7,0.0,0.0
1998-07-29,0.0,9.0,9.39,0.0,0.0
1998-07-30,0.0,9.0,9.13,0.0,0.0
1998-07-31,0.0,9.0,8.87,0.0,0.0
1998-08-01,0.0,9.0,8.62,0.0,0.0
1998-08-02,0.0,10.13,9.42,0.0,0.0
1998-08-03,0.0,8.68,9.15,0.0,0.0
1998-08-04,0.0,8.68,8.89,0.0,0.0
1998-08-05,0.0,8.68,8.64,0.0,0.0
1998-08-06,0.0,9.92,9.6,0.0,0.0
1998-08-07,0.0,9.92,9.32,0.0,0.0
1998-08-08,0.0,8.27,9.06,0.0,0.0
1998-08-09,0.0,8.27,8.8,0.0,0.0
1998-08-10,0.0,8.27,8.55,0.0,0.0
1998-08-11,0.0,9.65,9.7,0.0,0.0
1998-08-12,0.0,9.65,9.42,0.0,0.0
1998-08-13,0.0,9.65,9.16,0.0,0.0
1998-08-14,0.0,9.65,8.9,0.0,0.0
1998-08-15,0.0,7.72,8.64,0.0,0.0
1998-08-16,0.0,7.72,8.4,0.0,0.0
1998-08-17,0.0,9.26,9.79,0.0,0.0
1998-08-18,0.0,9.26,9.52,0.0,0.0
1998-08-19,0.0,9.26,9.25,0.0,0.0
1998-08-20,0.0,9.26,8.98,0.0,0.0
1998-08-21,0.0,9.26,8.73,0.0,0.0
1998-08-22,0.0,9.26,8.48,0.0,0.0
1998-08-23,0.0,9.26,8.24,0.0,0.0
1998-08-24,0.0,8.68,10.01,0.0,0.0
1998-08-25,0.0,8.68,9.73,0.0,0.0
1998-08-26,0.0,8.68,9.45,0.0,0.0
1998-08-27,0.0,8.68,9.18,0.0,0.0
1998-08-28,0.0,8.68,8.92,0.0,0.0
1998-08-29,0.0,8.68,8.67,0.0,0.0
1998-08-30,0.0,8.68,8.42,0.0,0.0
1998-08-31,0.0,8.68,8.19,0.0,0.0
1998-09-01,0.0,8.68,7.95,0.0,0.0
1998-09-02,0.0,11.57,10.3,0.0,0.0
1998-09-03,0.0,11.57,10.01,0.0,0.0
1998-09-04,0.0,11.57,9.73,0.0,0.0
1998-09-05,0.0,7.72,9.45,0.0,0.0
1998-09-06,0.0,7.72,9.19,0.0,0.0
1998-09-07,0.0,7.72,8.93,0.0,0.0
1998-09-08,0.0,7.72,8.67,0.0,0.0
1998-09-09,0.0,7.72,8.43,0.0,0.0
1998-09-10,0.0,7.72,8.19,0.0,0.0
1998-09-11,0.0,7.72,7.96,0.0,0.0
1998-09-12,0.0,7.72,7.73,0.0,0.0
1998-09-13,0.0,11.57,11.27,0.0,0.0
1998-09-14,0.0,11.57,10.95,0.0,0.0
1998-09-15,0.0,11.57,10.64,0.0,0.0
1998-09-16,0.0,11.57,10.34,0.0,0.0
1998-09-17,0.0,11.57,10.04,0.0,0.0
1998-09-18,0.0,11.57,9.76,0.0,0.0
1998-09-19,0.0,11.57,9.48,0.0,0.0
1998-09-20,0.0,11.57,9.21,0.0,0.0
1998-09-21,0.0,11.57,8.95,0.0,0.0
1998-09-22,0.0,11.57,8.7,0.0,0.0
1998-09-23,0.0,5.79,8.45,0.0,0.0
1998-09-24,0.0,5.79,8.21,0.0,0.0
1998-09-25,0.0,5.79,7.98,0.0,0.0
1998-09-26,0.0,5.79,7.75,0.0,0.0
1998-09-27,0.0,5.79,7.53,0.0,0.0
1998-09-28,0.0,5.79,7.32,0.0,0.0
1998-09-29,0.0,5.79,7.11,0.0,0.0
1998-09-30,0.0,5.79,6.91,0.0,0.0
1998-10-01,0.0,11.57,13.43,0.0,0.0
1998-10-02,0.0,11.57,13.05,0.0,0.0
1998-10-03,0.0,11.57,12.68,0.0,0.0
1998-10-04,0.0,11.57,12.32,0.0,0.0
1998-10-05,0.0,11.57,11.97,0.0,0.0
1998-10-06,0.0,11.57,11.63,0.0,0.0
1998-10-07,0.0,11.57,11.3,0.0,0.0
1998-10-08,0.0,11.57,10.98,0.0,0.0
1998-10-09,0.0,11.57,10.67,0.0,0.0
1998-10-10,0.0,11.57,10.37,0.0,0.0
1998-10-11,0.0,11.57,10.08,0.0,0.0
1998-10-12,0.0,11.57,9.79,0.0,0.0
1998-10-13,0.0,11.57,9.51,0.0,0.0
1998-10-14,0.0,11.57,9.24,0.0,0.0
1998-10-15,0.0,11.57,8.98,0.0,0.0
1998-10-16,0.0,11.57,8.73,0.0,0.0
1998-10-17,0.0,11.57,8.48,0.0,0.0
1998-10-18,0.0,11.57,8.24,0.0,0.0
1998-10-19,0.0,11.57,8.01,0.0,0.0
1998-10-20,0.0,11.57,7.78,0.0,0.0
1998-10-21,0.0,11.57,7.56,0.0,0.0
1998-10-22,0.0,11.57,7.34,0.0,0.0
1998-10-23,0.0,11.57,7.14,0.0,0.0
1998-10-24,0.449,62.16,37.41,9.72,15.03
1998-10-25,0.024,40.8,35.4,0.0,5.4
1998-10-26,0.005,11.65,10.34,0.0,1.3
1998-10-27,0.004,10.06,9.46,0.0,0.61
1998-10-28,0.003,9.44,9.19,0.0,0.27
1998-10-29,0.002,9.26,9.16,0.0,0.12
1998-10-30,0.002,9.22,9.16,0.0,0.05
1998-10-31,0.001,9.17,9.14,0.0,0.02
1998-11-01,0.001,9.17,9.14,0.0,0.01
1998-11-02,0.001,9.2,9.2,0.0,0.01
1998-11-03,0.001,9.11,9.13,0.0,0.0
1998-11-04,0.0,9.11,9.21,0.0,0.0
1998-11-05,0.0,9.07,9.09,0.0,0.0
1998-11-06,0.0,9.18,9.21,0.0,0.0
1998-11-07,0.0,9.09,8.93,0.0,0.0
1998-11-08,0.0,9.0,9.0,0.0,0.0
1998-11-09,0.549,65.43,23.18,16.12,26.13
1998-11-10,0.262,38.01,27.36,0.21,10.44
1998-11-11,0.352,46.77,34.52,1.79,10.45
1998-11-12,0.057,23.75,12.74,0.0,11.01
1998-11-13,0.04,18.16,9.27,0.0,8.9
1998-11-14,0.031,15.57,9.25,0.0,6.32
1998-11-15,0.024,13.46,9.18,0.0,4.28
1998-11-16,0.019,11.92,9.17,0.0,2.74
1998-11-17,0.014,10.84,9.18,0.0,1.66
1998-11-18,0.011,10.13,9.17,0.0,0.95
1998-11-19,0.009,9.7,9.18,0.0,0.51
1998-11-20,0.007,9.44,9.17,0.0,0.26
1998-11-21,0.005,9.31,9.18,0.0,0.13
1998-11-22,0.004,9.25,9.18,0.0,0.06
1998-11-23,0.003,9.21,9.18,0.0,0.03
1998-11-24,0.002,9.19,9.16,0.0,0.01
1998-11-25,0.002,9.18,9.16,0.0,0.01
1998-11-26,0.002,9.18,9.18,0.0,0.0
1998-11-27,0.701,37.15,20.73,6.97,9.45
1998-11-28,0.922,50.39,31.1,7.6,11.68
1998-11-29,2.63,43.36,21.87,8.63,12.86
1998-11-30,2.626,47.73,27.24,8.07,12.42
1998-12-01,0.638,38.71,21.86,5.22,11.64
1998-12-02,0.13,22.89,16.26,0.01,6.61
1998-12-03,0.804,40.32,28.79,3.65,7.88
1998-12-04,0.246,23.47,15.84,2.06,5.57
1998-12-05,0.4,45.17,22.81,9.25,13.11
1998-12-06,0.28,45.3,30.43,3.38,11.48
1998-12-07,0.066,16.68,11.7,0.0,4.98
1998-12-08,0.047,13.47,9.44,0.0,4.03
1998-12-09,0.037,12.4,9.45,0.0,2.95
1998-12-10,0.028,11.25,9.18,0.0,2.08
1998-12-11,0.023,11.0,9.63,0.0,1.37
1998-12-12,0.018,10.88,10.01,0.0,0.87
1998-12-13,0.013,9.72,9.2,0.0,0.52
1998-12-14,0.011,9.61,9.31,0.0,0.3
1998-12-15,0.008,9.51,9.34,0.0,0.16
1998-12-16,0.006,9.24,9.17,0.0,0.08
1998-12-17,0.005,9.21,9.18,0.0,0.04
1998-12-18,0.004,9.2,9.18,0.0,0.02
1998-12-19,0.003,9.18,9.18,0.0,0.01
1998-12-20,0.002,9.15,9.17,0.0,0.01
1998-12-21,0.002,9.16,9.18,0.0,0.0
1998-12-22,0.001,9.21,9.17,0.0,0.0
1998-12-23,0.001,9.18,9.15,0.0,0.0
1998-12-24,0.001,9.15,9.21,0.0,0.0
1998-12-25,0.001,9.16,9.22,0.0,0.0
1998-12-26,0.001,9.17,9.09,0.0,0.0
1998-12-27,0.0,9.03,9.16,0.0,0.0
1998-12-28,0.0,9.04,9.16,0.0,0.0
1998-12-29,0.0,9.09,9.07,0.0,0.0
1998-12-30,0.0,9.0,9.13,0.0,0.0
1998-12-31,0.0,9.35,9.21,0.0,0.0
1999-01-01,0.0,8.9,8.95,0.0,0.0
1999-01-02,0.0,9.26,9.04,0.0,0.0
1999-01-03,0.0,9.16,9.15,0.0,0.0
1999-01-04,0.0,9.06,9.28,0.0,0.0
1999-01-05,0.0,9.06,9.02,0.0,0.0
1999-01-06,0.0,8.94,9.16,0.0,0.0
1999-01-07,0.0,8.94,8.9,0.0,0.0
1999-01-08,0.0,8.82,9.06,0.0,0.0
1999-01-09,0.0,9.26,9.25,0.0,0.0
1999-01-10,0.0,9.26,8.98,0.0,0.0
1999-01-11,0.0,9.14,9.19,0.0,0.0
1999-01-12,0.0,9.14,8.93,0.0,0.0
1999-01-13,0.0,9.0,9.16,0.0,0.0
1999-01-14,0.0,9.0,8.9,0.0,0.0
1999-01-15,0.0,8.85,9.15,0.0,0.0
1999-01-16,0.0,8.85,8.89,0.0,0.0
1999-01-17,0.0,9.4,9.18,0.0,0.0
1999-01-18,2.863,54.74,27.11,11.22,16.41
1999-01-19,3.855,57.63,24.03,13.01,20.59
1999-01-20,3.829,61.45,29.35,12.53,19.57
1999-01-21,0.242,37.27,25.74,0.51,11.02
1999-01-22,0.136,11.23,6.46,0.0,4.77
1999-01-23,3.398,55.97,26.22,11.85,17.9
1999-01-24,0.166,29.8,20.59,0.01,9.21
1999-01-25,0.073,19.75,12.22,0.0,7.53
1999-01-26,2.775,57.71,23.13,13.88,20.7
1999-01-27,0.142,26.92,18.03,0.0,8.88
1999-01-28,0.074,19.75,12.7,0.0,7.05
1999-01-29,0.06,18.46,13.2,0.0,5.26
1999-01-30,0.046,16.96,13.0,0.0,3.95
1999-01-31,3.262,92.17,27.96,25.74,38.47
1999-02-01,0.163,40.84,20.46,0.0,20.37
1999-02-02,0.078,29.93,13.54,0.0,16.39
1999-02-03,0.064,26.18,14.19,0.0,11.99
1999-02-04,0.052,23.21,14.6,0.0,8.62
1999-02-05,0.043,21.09,15.13,0.0,5.96
1999-02-06,0.518,42.12,24.04,7.64,10.43
1999-02-07,5.693,58.32,28.51,11.97,17.85
1999-02-08,2.252,38.12,22.82,5.43,9.88
1999-02-09,5.459,86.25,30.9,20.93,34.41
1999-02-10,0.836,41.35,24.17,4.59,12.6
1999-02-11,0.191,28.91,20.6,0.01,8.3
1999-02-12,0.128,25.9,20.43,0.0,5.47
1999-02-13,0.119,25.41,21.66,0.0,3.75
1999-02-14,0.109,24.86,22.15,0.0,2.72
1999-02-15,0.093,24.04,21.97,0.0,2.07
1999-02-16,0.455,42.38,26.45,6.69,9.24
1999-02-17,2.099,47.23,26.3,8.36,12.57
1999-02-18,1.162,57.76,24.18,13.5,20.08
1999-02-19,0.264,34.1,24.28,0.05,9.76
1999-02-20,0.674,35.2,20.94,5.35,8.91
1999-02-21,1.241,39.47,25.24,5.22,9.01
1999-02-22,0.343,29.41,23.37,0.55,5.49
1999-02-23,0.144,23.8,20.81,0.0,2.99
1999-02-24,0.12,23.66,21.43,0.0,2.23
1999-02-25,0.437,36.28,26.5,3.18,6.6
1999-02-26,0.12,24.12,22.31,0.0,1.8
1999-02-27,0.093,22.14,20.74,0.0,1.4
1999-02-28,0.086,22.87,21.75,0.0,1.13
1999-03-01,0.076,22.67,21.71,0.0,0.95
1999-03-02,0.062,22.22,21.39,0.0,0.82
1999-03-03,0.049,20.63,19.93,0.0,0.7
1999-03-04,0.048,22.43,21.75,0.0,0.67
1999-03-05,0.043,23.07,22.42,0.0,0.64
1999-03-06,0.038,23.23,22.61,0.0,0.62
1999-03-07,0.032,23.22,22.62,0.0,0.59
1999-03-08,0.025,22.15,21.62,0.0,0.54
1999-03-09,0.515,57.45,33.16,9.16,15.13
1999-03-10,0.066,25.15,19.82,0.0,5.34
1999-03-11,0.047,20.43,16.59,0.0,3.84
1999-03-12,0.042,20.61,18.08,0.0,2.53
1999-03-13,0.035,20.32,18.59,0.0,1.73
1999-03-14,0.29,30.2,20.31,3.59,6.3
1999-03-15,1.913,53.83,27.61,10.56,15.66
1999-03-16,0.132,25.79,18.01,0.0,7.78
1999-03-17,0.084,21.67,15.89,0.0,5.78
1999-03-18,0.07,20.76,16.51,0.0,4.25
1999-03-19,0.059,20.34,17.28,0.0,3.06
1999-03-20,0.048,19.58,17.38,0.0,2.21
1999-03-21,0.044,20.25,18.72,0.0,1.53
1999-03-22,0.037,20.45,19.33,0.0,1.12
1999-03-23,0.027,18.21,17.38,0.0,0.83
1999-03-24,0.074,13.01,10.62,0.09,2.31
1999-03-25,0.701,52.73,35.28,6.57,10.88
1999-03-26,0.072,22.33,18.37,0.0,3.95
1999-03-27,0.052,18.66,15.65,0.0,3.01
1999-03-28,0.046,19.37,17.3,0.0,2.07
1999-03-29,0.038,18.94,17.47,0.0,1.48
1999-03-30,0.03,18.28,17.21,0.0,1.07
1999-03-31,0.019,12.33,11.61,0.0,0.72
1999-04-01,0.02,18.34,17.75,0.0,0.59
1999-04-02,0.015,17.51,17.05,0.0,0.45
1999-04-03,0.01,14.38,14.11,0.0,0.28
1999-04-04,0.007,9.36,9.28,0.0,0.07
1999-04-05,0.292,41.98,32.16,2.11,7.71
1999-04-06,0.78,43.94,30.53,4.85,8.57
1999-04-07,0.071,21.27,17.21,0.0,4.06
1999-04-08,1.002,55.8,27.91,11.26,16.64
1999-04-09,0.101,25.12,18.23,0.0,6.89
1999-04-10,0.065,18.95,13.71,0.0,5.24
1999-04-11,0.815,56.55,32.08,9.08,15.38
1999-04-12,0.106,24.98,18.94,0.0,6.04
1999-04-13,0.072,19.88,15.36,0.0,4.52
1999-04-14,0.058,19.24,15.9,0.0,3.35
1999-04-15,0.042,16.33,13.7,0.0,2.63
1999-04-16,0.032,15.28,13.39,0.0,1.89
1999-04-17,0.022,11.22,9.88,0.0,1.34
1999-04-18,0.018,11.83,10.98,0.0,0.85
1999-04-19,0.013,9.7,9.2,0.0,0.5
1999-04-20,0.01,9.45,9.18,0.0,0.28
1999-04-21,0.008,9.32,9.17,0.0,0.15
1999-04-22,0.006,9.26,9.18,0.0,0.07
1999-04-23,0.005,9.19,9.16,0.0,0.03
1999-04-24,0.004,9.18,9.16,0.0,0.02
1999-04-25,0.003,9.19,9.17,0.0,0.01
1999-04-26,0.002,9.18,9.18,0.0,0.0
1999-04-27,0.002,9.12,9.15,0.0,0.0
1999-04-28,0.001,9.12,9.15,0.0,0.0
1999-04-29,0.001,9.19,9.2,0.0,0.0
1999-04-30,0.001,9.23,9.23,0.0,0.0
1999-05-01,0.001,9.15,9.14,0.0,0.0
1999-05-02,0.0,9.16,9.17,0.0,0.0
1999-05-03,0.0,9.38,9.24,0.0,0.0
1999-05-04,0.0,8.87,9.0,0.0,0.0
1999-05-05,0.0,9.09,8.95,0.0,0.0
1999-05-06,0.0,9.0,9.02,0.0,0.0
1999-05-07,0.0,8.9,9.1,0.0,0.0
1999-05-08,0.0,9.26,9.2,0.0,0.0
1999-05-09,0.0,8.8,8.94,0.0,0.0
1999-05-10,0.0,9.16,9.04,0.0,0.0
1999-05-11,0.0,9.06,9.17,0.0,0.0
1999-05-12,0.0,9.06,8.91,0.0,0.0
1999-05-13,0.0,8.94,9.05,0.0,0.0
1999-05-14,0.0,9.37,9.21,0.0,0.0
1999-05-15,0.0,8.82,8.95,0.0,0.0
1999-05-16,0.0,9.26,9.13,0.0,0.0
1999-05-17,0.0,8.68,8.87,0.0,0.0
1999-05-18,0.0,9.14,9.08,0.0,0.0
1999-05-19,0.0,9.0,9.31,0.0,0.0
1999-05-20,0.0,9.0,9.05,0.0,0.0
1999-05-21,0.0,9.53,9.31,0.0,0.0
1999-05-22,0.0,8.85,9.04,0.0,0.0
1999-05-23,0.0,9.4,9.34,0.0,0.0
1999-05-24,0.0,9.4,9.07,0.0,0.0
1999-05-25,0.0,8.68,8.81,0.0,0.0
1999-05-26,0.0,9.26,9.14,0.0,0.0
1999-05-27,0.0,9.26,8.88,0.0,0.0
1999-05-28,0.0,9.09,9.24,0.0,0.0
1999-05-29,0.0,9.09,8.98,0.0,0.0
1999-05-30,0.0,9.79,9.4,0.0,0.0
1999-05-31,0.0,8.9,9.13,0.0,0.0
1999-06-01,0.0,8.9,8.87,0.0,0.0
1999-06-02,0.0,9.65,9.34,0.0,0.0
1999-06-03,0.0,8.68,9.07,0.0,0.0
1999-06-04,0.0,8.68,8.82,0.0,0.0
1999-06-05,0.0,9.47,9.35,0.0,0.0
1999-06-06,0.0,9.47,9.08,0.0,0.0
1999-06-07,0.0,8.42,8.82,0.0,0.0
1999-06-08,0.0,9.26,9.43,0.0,0.0
1999-06-09,0.0,9.26,9.16,0.0,0.0
1999-06-10,0.0,9.26,8.9,0.0,0.0
1999-06-11,0.0,8.1,8.65,0.0,0.0
1999-06-12,0.0,9.0,9.34,0.0,0.0
1999-06-13,0.0,9.0,9.08,0.0,0.0
1999-06-14,0.0,9.0,8.82,0.0,0.0
1999-06-15,0.0,10.13,9.64,0.0,0.0
1999-06-16,0.0,8.68,9.37,0.0,0.0
1999-06-17,0.0,8.68,9.1,0.0,0.0
1999-06-18,0.0,8.68,8.84,0.0,0.0
1999-06-19,0.0,8.68,8.59,0.0,0.0
1999-06-20,0.0,9.92,9.54,0.0,0.0
1999-06-21,0.0,9.92,9.27,0.0,0.0
1999-06-22,0.0,8.27,9.01,0.0,0.0
1999-06-23,0.0,8.27,8.75,0.0,0.0
1999-06-24,0.0,8.27,8.51,0.0,0.0
1999-06-25,0.0,9.65,9.64,0.0,0.0
1999-06-26,0.0,9.65,9.37,0.0,0.0
1999-06-27,0.0,9.65,9.1,0.0,0.0
1999-06-28,0.0,9.65,8.84,0.0,0.0
1999-06-29,0.0,7.72,8.59,0.0,0.0
1999-06-30,0.0,7.72,8.35,0.0,0.0
1999-07-01,0.0,9.26,9.74,0.0,0.0
1999-07-02,0.0,9.26,9.46,0.0,0.0
1999-07-03,0.0,9.26,9.19,0.0,0.0
1999-07-04,0.0,9.26,8.93,0.0,0.0
1999-07-05,0.0,9.26,8.68,0.0,0.0
1999-07-06,0.0,9.26,8.43,0.0,0.0
1999-07-07,0.0,9.26,8.19,0.0,0.0
1999-07-08,0.0,8.68,9.95,0.0,0.0
1999-07-09,0.0,8.68,9.67,0.0,0.0
1999-07-10,0.0,8.68,9.4,0.0,0.0
1999-07-11,0.0,8.68,9.13,0.0,0.0
1999-07-12,0.0,8.68,8.87,0.0,0.0
1999-07-13,0.0,8.68,8.62,0.0,0.0
1999-07-14,0.0,8.68,8.38,0.0,0.0
1999-07-15,0.0,8.68,8.14,0.0,0.0
1999-07-16,0.0,11.57,10.54,0.0,0.0
1999-07-17,0.0,11.57,10.25,0.0,0.0
1999-07-18,0.0,11.57,9.95,0.0,0.0
1999-07-19,0.0,11.57,9.67,0.0,0.0
1999-07-20,0.0,7.72,9.4,0.0,0.0
1999-07-21,0.0,7.72,9.13,0.0,0.0
1999-07-22,0.0,7.72,8.87,0.0,0.0
1999-07-23,0.0,7.72,8.62,0.0,0.0
1999-07-24,0.0,7.72,8.38,0.0,0.0
1999-07-25,0.0,7.72,8.14,0.0,0.0
1999-07-26,0.0,7.72,7.91,0.0,0.0
1999-07-27,0.0,7.72,7.69,0.0,0.0
1999-07-28,0.0,11.57,11.2,0.0,0.0
1999-07-29,0.0,11.57,10.88,0.0,0.0
1999-07-30,0.0,11.57,10.58,0.0,0.0
1999-07-31,0.0,11.57,10.28,0.0,0.0
1999-08-01,0.0,11.57,9.98,0.0,0.0
1999-08-02,0.0,11.57,9.7,0.0,0.0
1999-08-03,0.0,11.57,9.43,0.0,0.0
1999-08-04,0.0,11.57,9.16,0.0,0.0
1999-08-05,0.0,11.57,8.9,0.0,0.0
1999-08-06,0.0,5.79,8.65,0.0,0.0
1999-08-07,0.0,5.79,8.4,0.0,0.0
1999-08-08,0.0,5.79,8.16,0.0,0.0
1999-08-09,0.0,5.79,7.93,0.0,0.0
1999-08-10,0.0,5.79,7.71,0.0,0.0
1999-08-11,0.0,5.79,7.49,0.0,0.0
1999-08-12,0.0,5.79,7.28,0.0,0.0
1999-08-13,0.0,5.79,7.07,0.0,0.0
1999-08-14,0.0,5.79,6.87,0.0,0.0
1999-08-15,0.0,11.57,13.35,0.0,0.0
1999-08-16,0.0,11.57,12.97,0.0,0.0
1999-08-17,0.0,11.57,12.61,0.0,0.0
1999-08-18,0.0,11.57,12.25,0.0,0.0
1999-08-19,0.0,11.57,11.9,0.0,0.0
1999-08-20,0.0,11.57,11.57,0.0,0.0
1999-08-21,0.0,11.57,11.24,0.0,0.0
1999-08-22,0.0,11.57,10.92,0.0,0.0
1999-08-23,0.0,11.57,10.61,0.0,0.0
1999-08-24,0.0,11.57,10.31,0.0,0.0
1999-08-25,0.0,11.57,10.02,0.0,0.0
1999-08-26,0.0,11.57,9.73,0.0,0.0
1999-08-27,0.0,11.57,9.46,0.0,0.0
1999-08-28,0.0,11.57,9.19,0.0,0.0
1999-08-29,0.0,11.57,8.93,0.0,0.0
1999-08-30,0.0,11.57,8.68,0.0,0.0
1999-08-31,0.0,11.57,8.43,0.0,0.0
1999-09-01,0.0,11.57,8.19,0.0,0.0
1999-09-02,0.0,11.57,7.96,0.0,0.0
1999-09-03,0.0,11.57,7.73,0.0,0.0
1999-09-04,0.0,11.57,7.51,0.0,0.0
1999-09-05,0.0,11.57,7.3,0.0,0.0
1999-09-06,0.0,11.57,7.09,0.0,0.0
1999-09-07,0.0,11.57,6.89,0.0,0.0
1999-09-08,0.0,11.57,6.7,0.0,0.0
1999-09-09,0.0,11.57,6.51,0.0,0.0
1999-09-10,0.0,11.57,6.32,0.0,0.0
1999-09-11,0.0,11.57,6.14,0.0,0.0
1999-09-12,0.0,11.57,5.97,0.0,0.0
1999-09-13,0.0,11.57,5.8,0.0,0.0
1999-09-14,0.0,0.0,5.64,0.0,0.0
1999-09-15,0.0,0.0,5.48,0.0,0.0
1999-09-16,0.0,0.0,5.32,0.0,0.0
1999-09-17,0.0,0.0,5.17,0.0,0.0
1999-09-18,0.0,0.0,5.02,0.0,0.0
1999-09-19,0.0,0.0,4.88,0.0,0.0
1999-09-20,0.0,0.0,4.74,0.0,0.0
1999-09-21,0.0,0.0,4.61,0.0,0.0
1999-09-22,0.0,0.0,0.0,0.0,0.0
1999-09-23,0.0,0.0,0.0,0.0,0.0
1999-09-24,0.0,0.0,0.0,0.0,0.0
1999-09-25,0.0,0.0,0.0,0.0,0.0
1999-09-26,0.0,0.0,0.0,0.0,0.0
1999-09-27,0.0,0.0,0.0,0.0,0.0
1999-09-28,0.0,0.0,0.0,0.0,0.0
1999-09-29,0.0,0.0,0.0,0.0,0.0
1999-09-30,0.0,0.0,0.0,0.0,0.0
1999-10-01,0.0,0.0,0.0,0.0,0.0
1999-10-02,0.0,0.0,0.0,0.0,0.0
1999-10-03,0.0,0.0,0.0,0.0,0.0
1999-10-04,0.0,0.0,0.0,0.0,0.0
1999-10-05,0.0,0.0,0.0,0.0,0.0
1999-10-06,0.0,0.0,0.0,0.0,0.0
1999-10-07,0.0,0.0,0.0,0.0,0.0
1999-10-08,0.0,0.0,0.0,0.0,0.0
1999-10-09,0.0,0.0,0.0,0.0,0.0
1999-10-10,0.0,0.0,0.0,0.0,0.0
1999-10-11,0.0,0.0,0.0,0.0,0.0
1999-10-12,0.0,0.0,0.0,0.0,0.0
1999-10-13,0.0,0.0,0.0,0.0,0.0
1999-10-14,0.0,0.0,0.0,0.0,0.0
1999-10-15,0.0,0.0,0.0,0.0,0.0
1999-10-16,0.0,0.0,0.0,0.0,0.0
1999-10-17,0.0,0.0,0.0,0.0,0.0
1999-10-18,0.0,0.0,0.0,0.0,0.0
1999-10-19,0.0,0.0,0.0,0.0,0.0
1999-10-20,0.0,0.0,0.0,0.0,0.0
1999-10-21,0.0,0.0,0.0,0.0,0.0
1999-10-22,0.0,0.0,0.0,0.0,0.0
1999-10-23,0.0,0.0,0.0,0.0,0.0
1999-10-24,0.0,0.0,0.0,0.0,0.0
1999-10-25,0.0,0.0,0.0,0.0,0.0
1999-10-26,0.0,0.0,0.0,0.0,0.0
1999-10-27,0.0,0.0,0.0,0.0,0.0
1999-10-28,0.0,0.0,0.0,0.0,0.0
1999-10-29,0.0,0.0,0.0,0.0,0.0
1999-10-30,0.0,0.0,0.0,0.0,0.0
1999-10-31,0.0,0.0,0.0,0.0,0.0
1999-11-01,0.0,0.0,0.0,0.0,0.0
1999-11-02,0.0,0.0,0.0,0.0,0.0
1999-11-03,0.0,0.0,0.0,0.0,0.0
1999-11-04,0.0,0.0,0.0,0.0,0.0
1999-11-05,0.0,0.0,0.0,0.0,0.0
1999-11-06,0.0,0.0,0.0,0.0,0.0
1999-11-07,0.162,42.72,33.66,1.39,7.67
1999-11-08,1.602,61.89,29.65,13.1,19.14
1999-11-09,0.102,28.37,16.45,0.0,11.92
1999-11-10,0.057,19.21,9.25,0.0,9.96
1999-11-11,0.044,16.71,9.17,0.0,7.54
1999-11-12,0.034,14.64,9.19,0.0,5.45
1999-11-13,0.026,12.94,9.17,0.0,3.77
1999-11-14,0.021,11.64,9.17,0.0,2.47
1999-11-15,0.016,10.71,9.18,0.0,1.53
1999-11-16,0.012,10.08,9.17,0.0,0.9
1999-11-17,0.01,9.67,9.18,0.0,0.5
1999-11-18,0.008,9.43,9.18,0.0,0.26
1999-11-19,0.695,55.76,30.26,10.62,14.88
1999-11-20,0.137,37.01,27.42,0.03,9.56
1999-11-21,0.137,23.47,16.9,1.06,5.52
1999-11-22,0.046,15.81,10.14,0.0,5.67
1999-11-23,0.035,13.41,9.19,0.0,4.22
1999-11-24,0.027,12.13,9.21,0.0,2.92
1999-11-25,0.021,11.1,9.18,0.0,1.92
1999-11-26,0.016,10.37,9.17,0.0,1.2
1999-11-27,0.013,9.88,9.17,0.0,0.7
1999-11-28,0.01,9.56,9.17,0.0,0.39
1999-11-29,0.008,9.38,9.18,0.0,0.21
1999-11-30,0.006,9.28,9.18,0.0,0.1
1999-12-01,0.005,9.22,9.18,0.0,0.05
1999-12-02,0.004,9.17,9.16,0.0,0.02
1999-12-03,0.003,9.19,9.16,0.0,0.01
1999-12-04,0.002,9.14,9.15,0.0,0.01
1999-12-05,0.002,9.19,9.18,0.0,0.0
1999-12-06,0.001,9.14,9.15,0.0,0.0
1999-12-07,0.001,9.21,9.21,0.0,0.0
1999-12-08,0.001,9.14,9.14,0.0,0.0
1999-12-09,0.001,9.19,9.16,0.0,0.0
1999-12-10,0.0,9.21,9.2,0.0,0.0
1999-12-11,0.0,9.14,9.26,0.0,0.0
1999-12-12,0.0,9.26,9.24,0.0,0.0
1999-12-13,0.0,9.09,9.0,0.0,0.0
1999-12-14,0.0,9.0,9.07,0.0,0.0
1999-12-15,0.0,9.35,9.15,0.0,0.0
1999-12-16,0.0,9.26,9.26,0.0,0.0
1999-12-17,0.0,8.8,9.0,0.0,0.0
1999-12-18,0.0,9.16,9.11,0.0,0.0
1999-12-19,0.0,9.06,9.24,0.0,0.0
1999-12-20,0.0,9.06,8.98,0.0,0.0
1999-12-21,0.0,8.94,9.12,0.0,0.0
1999-12-22,0.0,9.37,9.28,0.0,0.0
1999-12-23,0.0,8.82,9.02,0.0,0.0
1999-12-24,0.0,9.26,9.2,0.0,0.0
1999-12-25,0.0,8.68,8.94,0.0,0.0
1999-12-26,0.0,9.14,9.15,0.0,0.0
1999-12-27,0.0,9.14,8.89,0.0,0.0
1999-12-28,0.0,9.0,9.11,0.0,0.0
1999-12-29,0.0,9.0,8.86,0.0,0.0
1999-12-30,0.0,8.85,9.11,0.0,0.0
1999-12-31,0.0,8.85,8.85,0.0,0.0
2000-01-01,0.0,9.4,9.14,0.0,0.0
2000-01-02,0.0,8.68,8.88,0.0,0.0
2000-01-03,0.0,9.26,9.2,0.0,0.0
2000-01-04,0.0,9.26,8.94,0.0,0.0
2000-01-05,0.0,9.09,9.31,0.0,0.0
2000-01-06,0.0,9.09,9.05,0.0,0.0
2000-01-07,0.0,9.09,8.79,0.0,0.0
2000-01-08,0.0,8.9,9.2,0.0,0.0
2000-01-09,0.0,8.9,8.94,0.0,0.0
2000-01-10,0.0,9.65,9.41,0.0,0.0
2000-01-11,0.0,8.68,9.14,0.0,0.0
2000-01-12,0.0,8.68,8.88,0.0,0.0
2000-01-13,0.0,9.47,9.42,0.0,0.0
2000-01-14,0.0,9.47,9.15,0.0,0.0
2000-01-15,0.0,8.42,8.89,0.0,0.0
2000-01-16,0.829,52.44,33.97,7.09,11.38
2000-01-17,0.093,16.99,12.82,0.0,4.17
2000-01-18,3.641,62.93,27.08,14.2,21.65
2000-01-19,0.863,35.55,25.14,2.94,7.46
2000-01-20,0.177,26.9,19.94,0.02,6.93
2000-01-21,0.066,16.14,9.57,0.0,6.57
2000-01-22,0.051,14.47,9.41,0.0,5.07
2000-01-23,5.589,60.13,26.74,13.42,19.98
2000-01-24,12.063,80.15,33.46,17.84,28.85
2000-01-25,2.745,52.3,27.55,9.34,15.41
2000-01-26,0.154,27.02,18.09,0.01,8.93
2000-01-27,0.083,21.36,14.46,0.0,6.9
2000-01-28,0.068,19.92,14.75,0.0,5.17
2000-01-29,0.054,18.6,14.77,0.0,3.83
2000-01-30,0.043,17.59,14.82,0.0,2.78
2000-01-31,0.038,18.05,16.19,0.0,1.86
2000-02-01,0.034,18.55,17.27,0.0,1.28
2000-02-02,0.029,19.02,18.1,0.0,0.92
2000-02-03,0.191,45.33,31.79,3.09,10.45
2000-02-04,0.051,35.77,30.9,0.0,4.87
2000-02-05,0.019,16.27,15.58,0.0,0.69
2000-02-06,0.02,20.41,19.79,0.0,0.62
2000-02-07,0.017,20.42,19.88,0.0,0.54
2000-02-08,0.016,21.53,21.0,0.0,0.53
2000-02-09,0.013,21.45,20.97,0.0,0.48
2000-02-10,0.459,50.61,33.57,6.54,10.49
2000-02-11,3.897,93.9,33.4,23.86,36.65
2000-02-12,1.9,61.45,31.44,11.51,18.5
2000-02-13,7.681,58.9,26.79,12.59,19.52
2000-02-14,3.968,101.83,29.87,28.25,43.72
2000-02-15,0.246,36.99,24.03,0.01,12.95
2000-02-16,0.43,38.56,28.92,1.85,7.78
2000-02-17,0.289,31.69,26.56,0.02,5.11
2000-02-18,0.146,26.47,22.5,0.0,3.97
2000-02-19,0.122,25.43,22.4,0.0,3.04
2000-02-20,0.152,27.2,24.3,0.01,2.89
2000-02-21,0.634,46.11,32.45,4.6,9.06
2000-02-22,2.632,69.38,27.11,17.2,25.08
2000-02-23,3.6,70.47,30.65,15.64,24.18
2000-02-24,0.316,32.59,25.74,0.01,6.84
2000-02-25,0.209,28.98,24.54,0.0,4.44
2000-02-26,0.349,20.98,17.2,0.93,2.85
2000-02-27,2.804,58.82,28.37,12.22,18.23
2000-02-28,0.699,34.24,25.92,2.18,6.14
2000-02-29,0.976,43.45,24.88,6.99,11.57
2000-03-01,0.278,27.94,24.17,0.01,3.77
2000-03-02,0.235,27.86,25.49,0.0,2.36
2000-03-03,0.186,27.15,25.27,0.0,1.88
2000-03-04,0.166,26.65,25.1,0.0,1.54
2000-03-05,1.196,38.06,27.34,4.13,6.59
2000-03-06,0.278,26.62,24.1,0.01,2.5
2000-03-07,0.392,30.55,20.33,3.69,6.54
2000-03-08,2.564,60.37,27.15,13.42,19.81
2000-03-09,1.383,44.01,25.71,6.48,11.82
2000-03-10,0.298,28.35,24.22,0.01,4.12
2000-03-11,0.221,27.46,24.58,0.0,2.89
2000-03-12,0.187,27.31,25.19,0.0,2.12
2000-03-13,0.167,26.83,25.12,0.0,1.71
2000-03-14,0.143,26.08,24.66,0.0,1.42
2000-03-15,0.121,25.58,24.37,0.0,1.21
2000-03-16,0.09,23.82,22.79,0.0,1.03
2000-03-17,0.08,24.14,23.24,0.0,0.9
2000-03-18,0.066,23.63,22.84,0.0,0.79
2000-03-19,0.056,23.36,22.64,0.0,0.71
2000-03-20,0.04,21.42,20.82,0.0,0.6
2000-03-21,0.025,16.46,16.05,0.0,0.41
2000-03-22,0.029,22.72,22.17,0.0,0.55
2000-03-23,0.021,20.73,20.27,0.0,0.46
2000-03-24,0.018,21.46,20.99,0.0,0.47
2000-03-25,0.014,20.49,20.07,0.0,0.42
2000-03-26,0.01,18.63,18.29,0.0,0.34
2000-03-27,0.006,14.44,14.25,0.0,0.18
2000-03-28,0.004,9.3,9.29,0.0,0.01
2000-03-29,0.003,9.21,9.19,0.0,0.0
2000-03-30,0.002,9.17,9.16,0.0,0.0
2000-03-31,0.002,9.17,9.18,0.0,0.0
2000-04-01,0.001,9.21,9.19,0.0,0.0
2000-04-02,0.001,9.18,9.13,0.0,0.0
2000-04-03,0.001,9.15,9.16,0.0,0.0
2000-04-04,0.001,9.16,9.13,0.0,0.0
2000-04-05,0.001,9.13,9.14,0.0,0.0
2000-04-06,0.0,9.26,9.23,0.0,0.0
2000-04-07,0.0,9.33,9.27,0.0,0.0
2000-04-08,0.0,9.09,9.03,0.0,0.0
2000-04-09,0.0,9.0,9.1,0.0,0.0
2000-04-10,0.0,9.35,9.18,0.0,0.0
2000-04-11,0.0,8.9,8.92,0.0,0.0
2000-04-12,0.0,8.8,9.01,0.0,0.0
2000-04-13,0.0,9.16,9.12,0.0,0.0
2000-04-14,0.0,9.06,9.25,0.0,0.0
2000-04-15,0.0,9.06,8.99,0.0,0.0
2000-04-16,0.048,5.31,4.51,0.22,0.58
2000-04-17,1.164,58.8,35.05,9.69,14.06
2000-04-18,0.082,24.17,17.17,0.0,7.0
2000-04-19,0.053,17.72,11.91,0.0,5.81
2000-04-20,0.039,14.55,10.01,0.0,4.54
2000-04-21,0.03,12.89,9.66,0.0,3.23
2000-04-22,0.023,11.36,9.18,0.0,2.19
2000-04-23,0.018,10.56,9.18,0.0,1.39
2000-04-24,0.014,10.01,9.17,0.0,0.83
2000-04-25,0.011,9.65,9.18,0.0,0.47
2000-04-26,0.008,9.43,9.18,0.0,0.25
2000-04-27,0.006,9.3,9.18,0.0,0.13
2000-04-28,0.005,9.23,9.18,0.0,0.06
2000-04-29,0.004,9.21,9.17,0.0,0.03
2000-04-30,0.003,9.19,9.16,0.0,0.01
2000-05-01,0.002,9.15,9.16,0.0,0.01
2000-05-02,0.002,9.21,9.2,0.0,0.0
2000-05-03,0.001,9.19,9.17,0.0,0.0
2000-05-04,0.001,9.15,9.13,0.0,0.0
2000-05-05,0.001,9.12,9.18,0.0,0.0
2000-05-06,0.001,9.12,9.19,0.0,0.0
2000-05-07,0.001,9.3,9.23,0.0,0.0
2000-05-08,0.0,9.26,9.15,0.0,0.0
2000-05-09,0.0,9.33,9.19,0.0,0.0
2000-05-10,0.0,9.09,9.02,0.0,0.0
2000-05-11,0.0,9.0,9.09,0.0,0.0
2000-05-12,0.0,9.35,9.17,0.0,0.0
2000-05-13,0.0,9.26,9.27,0.0,0.0
2000-05-14,0.0,8.8,9.0,0.0,0.0
2000-05-15,0.0,9.16,9.11,0.0,0.0
2000-05-16,0.0,9.06,9.24,0.0,0.0
2000-05-17,0.0,9.06,8.98,0.0,0.0
2000-05-18,0.0,8.94,9.12,0.0,0.0
2000-05-19,0.0,9.37,9.28,0.0,0.0
2000-05-20,0.0,8.82,9.02,0.0,0.0
2000-05-21,0.0,9.26,9.2,0.0,0.0
2000-05-22,0.0,8.68,8.94,0.0,0.0
2000-05-23,0.0,9.14,9.15,0.0,0.0
2000-05-24,0.0,9.14,8.89,0.0,0.0
2000-05-25,0.0,9.0,9.12,0.0,0.0
2000-05-26,0.0,9.0,8.86,0.0,0.0
2000-05-27,0.0,8.85,9.11,0.0,0.0
2000-05-28,0.0,8.85,8.85,0.0,0.0
2000-05-29,0.0,9.4,9.14,0.0,0.0
2000-05-30,0.0,8.68,8.88,0.0,0.0
2000-05-31,0.0,9.26,9.21,0.0,0.0
2000-06-01,0.0,9.26,8.95,0.0,0.0
2000-06-02,0.0,9.09,9.31,0.0,0.0
2000-06-03,0.0,9.09,9.05,0.0,0.0
2000-06-04,0.0,9.09,8.79,0.0,0.0
2000-06-05,0.0,8.9,9.2,0.0,0.0
2000-06-06,0.0,8.9,8.94,0.0,0.0
2000-06-07,0.0,9.65,9.41,0.0,0.0
2000-06-08,0.0,8.68,9.14,0.0,0.0
2000-06-09,0.0,8.68,8.88,0.0,0.0
2000-06-10,0.0,9.47,9.42,0.0,0.0
2000-06-11,0.0,9.47,9.15,0.0,0.0
2000-06-12,0.0,8.42,8.89,0.0,0.0
2000-06-13,0.0,9.26,9.5,0.0,0.0
2000-06-14,0.0,9.26,9.23,0.0,0.0
2000-06-15,0.0,9.26,8.97,0.0,0.0
2000-06-16,0.0,9.26,8.72,0.0,0.0
2000-06-17,0.0,9.0,9.41,0.0,0.0
2000-06-18,0.0,9.0,9.15,0.0,0.0
2000-06-19,0.0,9.0,8.89,0.0,0.0
2000-06-20,0.0,9.0,8.63,0.0,0.0
2000-06-21,0.0,10.13,9.44,0.0,0.0
2000-06-22,0.0,8.68,9.17,0.0,0.0
2000-06-23,0.0,8.68,8.91,0.0,0.0
2000-06-24,0.0,8.68,8.66,0.0,0.0
2000-06-25,0.0,9.92,9.62,0.0,0.0
2000-06-26,0.0,9.92,9.34,0.0,0.0
2000-06-27,0.0,8.27,9.08,0.0,0.0
2000-06-28,0.0,8.27,8.82,0.0,0.0
2000-06-29,0.0,8.27,8.57,0.0,0.0
2000-06-30,0.0,9.65,9.72,0.0,0.0
2000-07-01,0.0,9.65,9.44,0.0,0.0
2000-07-02,0.0,9.65,9.17,0.0,0.0
2000-07-03,0.0,9.65,8.91,0.0,0.0
2000-07-04,0.0,7.72,8.66,0.0,0.0
2000-07-05,0.0,7.72,8.42,0.0,0.0
2000-07-06,0.0,9.26,9.81,0.0,0.0
2000-07-07,0.0,9.26,9.53,0.0,0.0
2000-07-08,0.0,9.26,9.26,0.0,0.0
2000-07-09,0.0,9.26,9.0,0.0,0.0
2000-07-10,0.0,9.26,8.75,0.0,0.0
2000-07-11,0.0,9.26,8.5,0.0,0.0
2000-07-12,0.0,9.26,8.26,0.0,0.0
2000-07-13,0.0,8.68,10.03,0.0,0.0
2000-07-14,0.0,8.68,9.75,0.0,0.0
2000-07-15,0.0,8.68,9.47,0.0,0.0
2000-07-16,0.0,8.68,9.2,0.0,0.0
2000-07-17,0.0,8.68,8.94,0.0,0.0
2000-07-18,0.0,8.68,8.69,0.0,0.0
2000-07-19,0.0,8.68,8.44,0.0,0.0
2000-07-20,0.0,8.68,8.2,0.0,0.0
2000-07-21,0.0,8.68,7.97,0.0,0.0
2000-07-22,0.0,11.57,10.32,0.0,0.0
2000-07-23,0.0,11.57,10.03,0.0,0.0
2000-07-24,0.0,11.57,9.75,0.0,0.0
2000-07-25,0.0,7.72,9.47,0.0,0.0
2000-07-26,0.0,7.72,9.2,0.0,0.0
2000-07-27,0.0,7.72,8.94,0.0,0.0
2000-07-28,0.0,7.72,8.69,0.0,0.0
2000-07-29,0.0,7.72,8.44,0.0,0.0
2000-07-30,0.0,7.72,8.2,0.0,0.0
2000-07-31,0.0,7.72,7.97,0.0,0.0
2000-08-01,0.0,7.72,7.75,0.0,0.0
2000-08-02,0.0,11.57,11.29,0.0,0.0
2000-08-03,0.0,11.57,10.97,0.0,0.0
2000-08-04,0.0,11.57,10.66,0.0,0.0
2000-08-05,0.0,11.57,10.36,0.0,0.0
2000-08-06,0.0,11.57,10.06,0.0,0.0
2000-08-07,0.0,11.57,9.78,0.0,0.0
2000-08-08,0.0,11.57,9.5,0.0,0.0
2000-08-09,0.0,11.57,9.23,0.0,0.0
2000-08-10,0.0,11.57,8.97,0.0,0.0
2000-08-11,0.0,11.57,8.72,0.0,0.0
2000-08-12,0.0,5.79,8.47,0.0,0.0
2000-08-13,0.0,5.79,8.23,0.0,0.0
2000-08-14,0.0,5.79,8.0,0.0,0.0
2000-08-15,0.0,5.79,7.77,0.0,0.0
2000-08-16,0.0,5.79,7.55,0.0,0.0
2000-08-17,0.0,5.79,7.33,0.0,0.0
2000-08-18,0.0,5.79,7.13,0.0,0.0
2000-08-19,0.0,5.79,6.92,0.0,0.0
2000-08-20,0.0,11.57,13.46,0.0,0.0
2000-08-21,0.0,11.57,13.08,0.0,0.0
2000-08-22,0.0,11.57,12.7,0.0,0.0
2000-08-23,0.0,11.57,12.34,0.0,0.0
2000-08-24,0.0,11.57,12.0,0.0,0.0
2000-08-25,0.0,11.57,11.66,0.0,0.0
2000-08-26,0.0,11.57,11.32,0.0,0.0
2000-08-27,0.0,11.57,11.0,0.0,0.0
2000-08-28,0.0,11.57,10.69,0.0,0.0
2000-08-29,0.0,11.57,10.39,0.0,0.0
2000-08-30,0.0,11.57,10.09,0.0,0.0
2000-08-31,0.0,11.57,9.81,0.0,0.0
2000-09-01,0.0,11.57,9.53,0.0,0.0
2000-09-02,0.0,11.57,9.26,0.0,0.0
2000-09-03,0.0,11.57,9.0,0.0,0.0
2000-09-04,0.0,11.57,8.74,0.0,0.0
2000-09-05,0.0,11.57,8.5,0.0,0.0
2000-09-06,0.0,11.57,8.25,0.0,0.0
2000-09-07,0.0,11.57,8.02,0.0,0.0
2000-09-08,0.0,11.57,7.79,0.0,0.0
2000-09-09,0.0,11.57,7.57,0.0,0.0
2000-09-10,0.0,11.57,7.36,0.0,0.0
2000-09-11,0.0,11.57,7.15,0.0,0.0
2000-09-12,0.0,11.57,6.95,0.0,0.0
2000-09-13,0.0,11.57,6.75,0.0,0.0
2000-09-14,0.0,11.57,6.56,0.0,0.0
2000-09-15,0.0,11.57,6.37,0.0,0.0
2000-09-16,0.0,11.57,6.19,0.0,0.0
2000-09-17,0.0,11.57,6.02,0.0,0.0
2000-09-18,0.0,11.57,5.85,0.0,0.0
2000-09-19,0.0,0.0,5.68,0.0,0.0
2000-09-20,0.0,0.0,5.52,0.0,0.0
2000-09-21,0.0,0.0,5.36,0.0,0.0
2000-09-22,0.0,0.0,5.21,0.0,0.0
2000-09-23,0.0,0.0,5.06,0.0,0.0
2000-09-24,0.0,0.0,4.92,0.0,0.0
2000-09-25,0.0,0.0,4.78,0.0,0.0
2000-09-26,0.0,0.0,4.65,0.0,0.0
2000-09-27,0.0,0.0,0.0,0.0,0.0
2000-09-28,0.0,0.0,0.0,0.0,0.0
2000-09-29,0.0,0.0,0.0,0.0,0.0
2000-09-30,0.0,0.0,0.0,0.0,0.0
2000-10-01,0.0,0.0,0.0,0.0,0.0
2000-10-02,0.0,0.0,0.0,0.0,0.0
2000-10-03,0.0,0.0,0.0,0.0,0.0
2000-10-04,0.0,0.0,0.0,0.0,0.0
2000-10-05,0.0,0.0,0.0,0.0,0.0
2000-10-06,0.0,0.0,0.0,0.0,0.0
2000-10-07,0.0,0.0,0.0,0.0,0.0
2000-10-08,0.0,0.0,0.0,0.0,0.0
2000-10-09,0.0,0.0,0.0,0.0,0.0
2000-10-10,0.0,0.0,0.0,0.0,0.0
2000-10-11,0.0,0.0,0.0,0.0,0.0
2000-10-12,0.0,0.0,0.0,0.0,0.0
2000-10-13,0.0,0.0,0.0,0.0,0.0
2000-10-14,0.0,0.0,0.0,0.0,0.0
2000-10-15,0.0,0.0,0.0,0.0,0.0
2000-10-16,0.0,0.0,0.0,0.0,0.0
2000-10-17,0.0,0.0,0.0,0.0,0.0
2000-10-18,0.0,0.0,0.0,0.0,0.0
2000-10-19,0.0,0.0,0.0,0.0,0.0
2000-10-20,0.0,0.0,0.0,0.0,0.0
2000-10-21,0.0,0.0,0.0,0.0,0.0
2000-10-22,0.0,0.0,0.0,0.0,0.0
2000-10-23,0.0,0.0,0.0,0.0,0.0
2000-10-24,0.0,0.0,0.0,0.0,0.0
2000-10-25,0.0,0.0,0.0,0.0,0.0
2000-10-26,4.284,89.32,30.69,23.01,35.62
2000-10-27,0.627,63.52,32.07,10.65,20.79
2000-10-28,1.513,58.36,24.25,13.6,20.5
2000-10-29,1.146,46.28,28.18,6.28,11.82
2000-10-30,2.029,41.74,23.83,6.9,11.01
2000-10-31,0.193,30.38,22.73,0.02,7.62
2000-11-01,0.066,16.2,9.98,0.0,6.22
2000-11-02,0.051,14.46,9.65,0.0,4.8
2000-11-03,0.04,13.22,9.66,0.0,3.56
2000-11-04,0.03,11.8,9.25,0.0,2.55
2000-11-05,0.024,10.9,9.18,0.0,1.72
2000-11-06,0.018,10.27,9.17,0.0,1.1
2000-11-07,0.014,9.84,9.17,0.0,0.67
2000-11-08,0.011,9.56,9.18,0.0,0.38
2000-11-09,0.009,9.38,9.17,0.0,0.21
2000-11-10,0.007,9.27,9.17,0.0,0.11
2000-11-11,0.005,9.23,9.18,0.0,0.05
2000-11-12,0.004,9.19,9.17,0.0,0.03
2000-11-13,0.003,9.19,9.18,0.0,0.01
2000-11-14,0.003,9.18,9.17,0.0,0.01
2000-11-15,0.002,9.15,9.16,0.0,0.01
2000-11-16,0.002,9.15,9.17,0.0,0.0
2000-11-17,0.001,9.24,9.2,0.0,0.0
2000-11-18,0.001,9.21,9.2,0.0,0.0
2000-11-19,0.001,9.2,9.15,0.0,0.0
2000-11-20,0.001,9.14,9.16,0.0,0.0
2000-11-21,0.0,9.21,9.26,0.0,0.0
2000-11-22,0.0,9.26,9.11,0.0,0.0
2000-11-23,0.0,8.78,8.98,0.0,0.0
2000-11-24,0.0,9.43,9.22,0.0,0.0
2000-11-25,0.0,9.0,8.97,0.0,0.0
2000-11-26,0.0,8.9,9.05,0.0,0.0
2000-11-27,0.0,9.26,9.15,0.0,0.0
2000-11-28,0.0,9.16,9.26,0.0,0.0
2000-11-29,0.0,9.16,9.0,0.0,0.0
2000-11-30,0.0,9.06,9.12,0.0,0.0
2000-12-01,0.0,9.47,9.27,0.0,0.0
2000-12-02,0.0,8.94,9.0,0.0,0.0
2000-12-03,0.0,9.37,9.17,0.0,0.0
2000-12-04,0.0,8.82,8.91,0.0,0.0
2000-12-05,0.0,9.26,9.09,0.0,0.0
2000-12-06,0.0,9.14,9.29,0.0,0.0
2000-12-07,0.0,9.14,9.03,0.0,0.0
2000-12-08,0.0,9.0,9.26,0.0,0.0
2000-12-09,0.0,9.0,9.0,0.0,0.0
2000-12-10,0.0,9.53,9.26,0.0,0.0
2000-12-11,0.0,8.85,9.0,0.0,0.0
2000-12-12,0.0,9.4,9.29,0.0,0.0
2000-12-13,0.0,8.68,9.02,0.0,0.0
2000-12-14,0.0,9.26,9.35,0.0,0.0
2000-12-15,0.0,9.26,9.09,0.0,0.0
2000-12-16,0.0,8.49,8.83,0.0,0.0
2000-12-17,0.0,9.09,9.19,0.0,0.0
2000-12-18,0.0,9.09,8.93,0.0,0.0
2000-12-19,0.0,8.9,9.35,0.0,0.0
2000-12-20,0.0,8.9,9.08,0.0,0.0
2000-12-21,0.0,8.9,8.83,0.0,0.0
2000-12-22,0.0,9.65,9.29,0.0,0.0
2000-12-23,0.0,8.68,9.03,0.0,0.0
2000-12-24,0.0,8.68,8.77,0.0,0.0
2000-12-25,0.0,9.47,9.3,0.0,0.0
2000-12-26,0.0,9.47,9.03,0.0,0.0
2000-12-27,0.0,8.42,8.78,0.0,0.0
2000-12-28,0.0,9.26,9.38,0.0,0.0
2000-12-29,0.0,9.26,9.12,0.0,0.0
2000-12-30,0.0,9.26,8.86,0.0,0.0
2000-12-31,0.0,9.0,9.56,0.0,0.0
2001-01-01,0.0,9.0,9.29,0.0,0.0
2001-01-02,0.0,9.0,9.03,0.0,0.0
2001-01-03,0.0,9.0,8.77,0.0,0.0
2001-01-04,0.0,10.13,9.59,0.0,0.0
2001-01-05,0.0,8.68,9.32,0.0,0.0
2001-01-06,0.0,8.68,9.05,0.0,0.0
2001-01-07,0.0,8.68,8.8,0.0,0.0
2001-01-08,0.035,37.84,35.45,0.06,2.32
2001-01-09,0.004,41.84,41.06,0.0,0.77
2001-01-10,4.041,87.04,32.25,22.39,32.39
2001-01-11,3.639,52.83,26.95,9.81,16.07
2001-01-12,0.331,42.12,29.7,2.36,10.06
2001-01-13,0.07,19.94,10.63,0.0,9.32
2001-01-14,0.053,17.35,10.13,0.0,7.22
2001-01-15,0.042,15.6,10.25,0.0,5.35
2001-01-16,0.031,13.21,9.3,0.0,3.91
2001-01-17,0.026,13.15,10.58,0.0,2.57
2001-01-18,0.02,11.51,9.81,0.0,1.69
2001-01-19,0.015,10.23,9.18,0.0,1.04
2001-01-20,0.012,9.78,9.17,0.0,0.6
2001-01-21,0.009,9.5,9.17,0.0,0.33
2001-01-22,0.007,9.34,9.17,0.0,0.17
2001-01-23,0.005,9.26,9.18,0.0,0.09
2001-01-24,0.004,9.2,9.17,0.0,0.04
2001-01-25,2.79,94.52,29.43,26.91,38.18
2001-01-26,0.865,57.18,29.14,9.34,18.71
2001-01-27,0.114,29.48,12.8,0.07,16.61
2001-01-28,0.063,24.0,9.98,0.0,14.02
2001-01-29,0.049,20.57,9.78,0.0,10.79
2001-01-30,0.038,17.85,10.02,0.0,7.83
2001-01-31,0.03,15.62,10.16,0.0,5.46
2001-02-01,0.024,13.95,10.32,0.0,3.64
2001-02-02,0.018,11.7,9.33,0.0,2.37
2001-02-03,0.014,10.6,9.18,0.0,1.43
2001-02-04,0.011,9.97,9.17,0.0,0.81
2001-02-05,0.008,9.6,9.17,0.0,0.43
2001-02-06,0.006,9.39,9.18,0.0,0.22
2001-02-07,0.005,9.28,9.17,0.0,0.11
2001-02-08,0.004,9.21,9.17,0.0,0.05
2001-02-09,0.457,46.9,31.41,6.1,9.38
2001-02-10,2.048,43.88,26.83,6.93,10.12
2001-02-11,4.047,55.06,26.72,11.19,17.15
2001-02-12,3.229,49.23,25.05,9.48,14.7
2001-02-13,0.393,28.47,21.29,0.54,6.64
2001-02-14,0.087,17.71,11.52,0.0,6.18
2001-02-15,0.065,16.69,12.13,0.0,4.56
2001-02-16,0.052,15.96,12.54,0.0,3.42
2001-02-17,0.036,12.63,9.94,0.0,2.68
2001-02-18,0.031,13.86,12.06,0.0,1.8
2001-02-19,2.258,69.36,27.74,16.79,24.83
2001-02-20,1.446,39.8,24.97,4.76,10.07
2001-02-21,0.306,32.06,25.48,0.03,6.55
2001-02-22,1.269,47.43,21.93,9.85,15.65
2001-02-23,1.896,49.4,27.72,8.05,13.63
2001-02-24,2.221,47.84,23.73,9.26,14.84
2001-02-25,0.225,32.32,25.06,0.05,7.22
2001-02-26,0.088,21.2,15.47,0.0,5.73
2001-02-27,0.07,19.81,15.46,0.0,4.35
2001-02-28,0.056,18.78,15.53,0.0,3.25
2001-03-01,0.048,18.88,16.59,0.0,2.3
2001-03-02,0.035,16.44,14.73,0.0,1.7
2001-03-03,0.033,19.25,18.09,0.0,1.16
2001-03-04,4.951,63.61,27.93,14.52,21.16
2001-03-05,1.427,46.35,28.12,6.52,11.71
2001-03-06,0.349,30.22,23.65,0.41,6.17
2001-03-07,0.113,23.04,18.15,0.0,4.89
2001-03-08,0.089,21.93,18.26,0.0,3.67
2001-03-09,0.075,21.51,18.77,0.0,2.73
2001-03-10,0.063,21.16,19.14,0.0,2.02
2001-03-11,0.053,21.08,19.59,0.0,1.5
2001-03-12,0.044,20.96,19.83,0.0,1.13
2001-03-13,0.036,20.69,19.81,0.0,0.87
2001-03-14,0.03,20.44,19.74,0.0,0.7
2001-03-15,0.024,20.08,19.51,0.0,0.57
2001-03-16,0.019,19.72,19.24,0.0,0.48
2001-03-17,0.013,16.99,16.64,0.0,0.35
2001-03-18,0.01,16.94,16.63,0.0,0.3
2001-03-19,0.006,13.02,12.86,0.0,0.15
2001-03-20,0.004,9.28,9.26,0.0,0.02
2001-03-21,0.003,9.16,9.16,0.0,0.01
2001-03-22,0.003,9.17,9.16,0.0,0.0
2001-03-23,0.002,9.16,9.15,0.0,0.0
2001-03-24,0.002,9.19,9.15,0.0,0.0
2001-03-25,0.001,9.15,9.17,0.0,0.0
2001-03-26,0.001,9.16,9.21,0.0,0.0
2001-03-27,0.001,9.1,9.15,0.0,0.0
2001-03-28,0.001,9.18,9.2,0.0,0.0
2001-03-29,0.0,9.26,9.21,0.0,0.0
2001-03-30,0.0,9.26,9.2,0.0,0.0
2001-03-31,0.0,9.18,8.99,0.0,0.0
2001-04-01,0.0,9.43,9.22,0.0,0.0
2001-04-02,0.0,9.0,8.96,0.0,0.0
2001-04-03,0.0,8.9,9.04,0.0,0.0
2001-04-04,0.0,9.26,9.13,0.0,0.0
2001-04-05,0.0,9.16,9.24,0.0,0.0
2001-04-06,0.0,9.16,8.98,0.0,0.0
2001-04-07,0.538,51.4,29.94,7.44,14.01
2001-04-08,0.03,24.4,18.34,0.0,6.05
2001-04-09,0.228,35.25,29.33,0.27,5.65
2001-04-10,0.029,16.49,13.6,0.0,2.89
2001-04-11,0.02,11.35,9.33,0.0,2.02
2001-04-12,0.016,11.79,10.56,0.0,1.23
2001-04-13,0.012,9.92,9.19,0.0,0.72
2001-04-14,0.009,9.57,9.17,0.0,0.39
2001-04-15,0.007,9.38,9.18,0.0,0.2
2001-04-16,0.006,9.28,9.18,0.0,0.1
2001-04-17,0.004,9.21,9.16,0.0,0.05
2001-04-18,0.003,9.19,9.16,0.0,0.02
2001-04-19,0.003,9.17,9.17,0.0,0.01
2001-04-20,0.537,55.63,34.79,8.0,12.85
2001-04-21,0.132,41.35,34.26,0.03,7.06
2001-04-22,0.028,16.68,12.36,0.0,4.31
2001-04-23,0.02,13.11,10.12,0.0,2.99
2001-04-24,0.015,11.06,9.19,0.0,1.88
2001-04-25,0.012,10.26,9.17,0.0,1.09
2001-04-26,0.009,9.77,9.17,0.0,0.59
2001-04-27,0.007,9.48,9.18,0.0,0.31
2001-04-28,0.006,9.33,9.18,0.0,0.15
2001-04-29,0.004,9.23,9.17,0.0,0.07
2001-04-30,0.003,9.22,9.17,0.0,0.03
2001-05-01,0.003,9.21,9.19,0.0,0.01
2001-05-02,0.002,9.17,9.15,0.0,0.01
2001-05-03,0.002,9.14,9.15,0.0,0.0
2001-05-04,0.001,9.11,9.14,0.0,0.0
2001-05-05,0.001,9.23,9.22,0.0,0.0
2001-05-06,0.001,9.2,9.22,0.0,0.0
2001-05-07,0.001,9.14,9.18,0.0,0.0
2001-05-08,0.0,9.21,9.23,0.0,0.0
2001-05-09,0.0,9.19,9.28,0.0,0.0
2001-05-10,0.0,9.09,9.24,0.0,0.0
2001-05-11,0.0,9.0,9.2,0.0,0.0
2001-05-12,0.0,9.0,8.94,0.0,0.0
2001-05-13,0.0,8.9,9.02,0.0,0.0
2001-05-14,0.0,9.26,9.11,0.0,0.0
2001-05-15,0.0,9.16,9.22,0.0,0.0
2001-05-16,0.0,9.16,8.96,0.0,0.0
2001-05-17,0.0,9.06,9.09,0.0,0.0
2001-05-18,0.0,9.47,9.23,0.0,0.0
2001-05-19,0.0,8.94,8.97,0.0,0.0
2001-05-20,0.0,9.37,9.13,0.0,0.0
2001-05-21,0.0,9.26,9.31,0.0,0.0
2001-05-22,0.0,9.26,9.05,0.0,0.0
2001-05-23,0.0,9.14,9.26,0.0,0.0
2001-05-24,0.0,9.14,8.99,0.0,0.0
2001-05-25,0.0,9.0,9.23,0.0,0.0
2001-05-26,0.0,9.0,8.96,0.0,0.0
2001-05-27,0.0,9.53,9.22,0.0,0.0
2001-05-28,0.0,8.85,8.96,0.0,0.0
2001-05-29,0.0,9.4,9.25,0.0,0.0
2001-05-30,0.0,8.68,8.99,0.0,0.0
2001-05-31,0.0,9.26,9.32,0.0,0.0
2001-06-01,0.0,9.26,9.05,0.0,0.0
2001-06-02,0.0,8.49,8.8,0.0,0.0
2001-06-03,0.0,9.09,9.16,0.0,0.0
2001-06-04,0.0,9.09,8.9,0.0,0.0
2001-06-05,0.0,8.9,9.31,0.0,0.0
2001-06-06,0.0,8.9,9.05,0.0,0.0
2001-06-07,0.0,8.9,8.79,0.0,0.0
2001-06-08,0.0,9.65,9.25,0.0,0.0
2001-06-09,0.0,8.68,8.99,0.0,0.0
2001-06-10,0.0,8.68,8.74,0.0,0.0
2001-06-11,0.0,9.47,9.26,0.0,0.0
2001-06-12,0.0,9.47,9.0,0.0,0.0
2001-06-13,0.0,8.42,8.74,0.0,0.0
2001-06-14,0.0,9.26,9.34,0.0,0.0
2001-06-15,0.0,9.26,9.08,0.0,0.0
2001-06-16,0.0,9.26,8.82,0.0,0.0
2001-06-17,0.0,9.0,9.53,0.0,0.0
2001-06-18,0.0,9.0,9.26,0.0,0.0
2001-06-19,0.0,9.0,8.99,0.0,0.0
2001-06-20,0.0,9.0,8.74,0.0,0.0
2001-06-21,0.0,10.13,9.55,0.0,0.0
2001-06-22,0.0,8.68,9.28,0.0,0.0
2001-06-23,0.0,8.68,9.02,0.0,0.0
2001-06-24,0.0,8.68,8.76,0.0,0.0
2001-06-25,0.0,9.92,9.73,0.0,0.0
2001-06-26,0.0,9.92,9.46,0.0,0.0
2001-06-27,0.0,9.92,9.19,0.0,0.0
2001-06-28,0.0,8.27,8.93,0.0,0.0
2001-06-29,0.0,8.27,8.67,0.0,0.0
2001-06-30,0.0,9.65,9.83,0.0,0.0
2001-07-01,0.0,9.65,9.55,0.0,0.0
2001-07-02,0.0,9.65,9.28,0.0,0.0
2001-07-03,0.0,9.65,9.02,0.0,0.0
2001-07-04,0.0,9.65,8.76,0.0,0.0
2001-07-05,0.0,7.72,8.52,0.0,0.0
2001-07-06,0.0,9.26,9.93,0.0,0.0
2001-07-07,0.0,9.26,9.65,0.0,0.0
2001-07-08,0.0,9.26,9.38,0.0,0.0
2001-07-09,0.0,9.26,9.11,0.0,0.0
2001-07-10,0.0,9.26,8.85,0.0,0.0
2001-07-11,0.0,9.26,8.6,0.0,0.0
2001-07-12,0.0,9.26,8.36,0.0,0.0
2001-07-13,0.0,11.57,10.15,0.0,0.0
2001-07-14,0.0,8.68,9.86,0.0,0.0
2001-07-15,0.0,8.68,9.58,0.0,0.0
2001-07-16,0.0,8.68,9.31,0.0,0.0
2001-07-17,0.0,8.68,9.05,0.0,0.0
2001-07-18,0.0,8.68,8.79,0.0,0.0
2001-07-19,0.0,8.68,8.54,0.0,0.0
2001-07-20,0.0,8.68,8.3,0.0,0.0
2001-07-21,0.0,8.68,8.06,0.0,0.0
2001-07-22,0.0,11.57,10.45,0.0,0.0
2001-07-23,0.0,11.57,10.15,0.0,0.0
2001-07-24,0.0,11.57,9.86,0.0,0.0
2001-07-25,0.0,7.72,9.59,0.0,0.0
2001-07-26,0.0,7.72,9.31,0.0,0.0
2001-07-27,0.0,7.72,9.05,0.0,0.0
2001-07-28,0.0,7.72,8.79,0.0,0.0
2001-07-29,0.0,7.72,8.54,0.0,0.0
2001-07-30,0.0,7.72,8.3,0.0,0.0
2001-07-31,0.0,7.72,8.07,0.0,0.0
2001-08-01,0.0,7.72,7.84,0.0,0.0
2001-08-02,0.0,7.72,7.62,0.0,0.0
2001-08-03,0.0,11.57,11.1,0.0,0.0
2001-08-04,0.0,11.57,10.79,0.0,0.0
2001-08-05,0.0,11.57,10.48,0.0,0.0
2001-08-06,0.0,11.57,10.18,0.0,0.0
2001-08-07,0.0,11.57,9.89,0.0,0.0
2001-08-08,0.0,11.57,9.61,0.0,0.0
2001-08-09,0.0,11.57,9.34,0.0,0.0
2001-08-10,0.0,11.57,9.08,0.0,0.0
2001-08-11,0.0,11.57,8.82,0.0,0.0
2001-08-12,0.0,5.79,8.57,0.0,0.0
2001-08-13,0.0,5.79,8.33,0.0,0.0
2001-08-14,0.0,5.79,8.09,0.0,0.0
2001-08-15,0.0,5.79,7.86,0.0,0.0
2001-08-16,0.0,5.79,7.64,0.0,0.0
2001-08-17,0.0,5.79,7.42,0.0,0.0
2001-08-18,0.0,5.79,7.21,0.0,0.0
2001-08-19,0.0,5.79,7.01,0.0,0.0
2001-08-20,0.0,11.57,13.62,0.0,0.0
2001-08-21,0.0,11.57,13.23,0.0,0.0
2001-08-22,0.0,11.57,12.86,0.0,0.0
2001-08-23,0.0,11.57,12.49,0.0,0.0
2001-08-24,0.0,11.57,12.14,0.0,0.0
2001-08-25,0.0,11.57,11.8,0.0,0.0
2001-08-26,0.0,11.57,11.46,0.0,0.0
2001-08-27,0.0,11.57,11.14,0.0,0.0
2001-08-28,0.0,11.57,10.82,0.0,0.0
2001-08-29,0.0,11.57,10.51,0.0,0.0
2001-08-30,0.0,11.57,10.22,0.0,0.0
2001-08-31,0.0,11.57,9.93,0.0,0.0
2001-09-01,0.0,11.57,9.65,0.0,0.0
2001-09-02,0.0,11.57,9.37,0.0,0.0
2001-09-03,0.0,11.57,9.11,0.0,0.0
2001-09-04,0.0,11.57,8.85,0.0,0.0
2001-09-05,0.0,11.57,8.6,0.0,0.0
2001-09-06,0.0,11.57,8.35,0.0,0.0
2001-09-07,0.0,11.57,8.12,0.0,0.0
2001-09-08,0.0,11.57,7.89,0.0,0.0
2001-09-09,0.0,11.57,7.66,0.0,0.0
2001-09-10,0.0,11.57,7.45,0.0,0.0
2001-09-11,0.0,11.57,7.24,0.0,0.0
2001-09-12,0.0,11.57,7.03,0.0,0.0
2001-09-13,0.0,11.57,6.83,0.0,0.0
2001-09-14,0.0,11.57,6.64,0.0,0.0
2001-09-15,0.0,11.57,6.45,0.0,0.0
2001-09-16,0.0,11.57,6.27,0.0,0.0
2001-09-17,0.0,11.57,6.09,0.0,0.0
2001-09-18,0.0,11.57,5.92,0.0,0.0
2001-09-19,0.0,0.0,5.75,0.0,0.0
2001-09-20,0.0,0.0,5.59,0.0,0.0
2001-09-21,0.0,0.0,5.43,0.0,0.0
2001-09-22,0.0,0.0,5.27,0.0,0.0
2001-09-23,0.0,0.0,5.12,0.0,0.0
2001-09-24,0.0,0.0,4.98,0.0,0.0
2001-09-25,0.0,0.0,4.84,0.0,0.0
2001-09-26,0.0,0.0,4.7,0.0,0.0
2001-09-27,0.0,0.0,4.57,0.0,0.0
2001-09-28,0.0,0.0,0.0,0.0,0.0
2001-09-29,0.0,0.0,0.0,0.0,0.0
2001-09-30,0.0,0.0,0.0,0.0,0.0
2001-10-01,0.0,0.0,0.0,0.0,0.0
2001-10-02,0.0,0.0,0.0,0.0,0.0
2001-10-03,0.0,0.0,0.0,0.0,0.0
2001-10-04,0.0,0.0,0.0,0.0,0.0
2001-10-05,0.0,0.0,0.0,0.0,0.0
2001-10-06,0.0,0.0,0.0,0.0,0.0
2001-10-07,0.0,0.0,0.0,0.0,0.0
2001-10-08,0.0,0.0,0.0,0.0,0.0
2001-10-09,0.0,0.0,0.0,0.0,0.0
2001-10-10,0.0,0.0,0.0,0.0,0.0
2001-10-11,0.0,0.0,0.0,0.0,0.0
2001-10-12,0.0,0.0,0.0,0.0,0.0
2001-10-13,0.0,0.0,0.0,0.0,0.0
2001-10-14,0.0,0.0,0.0,0.0,0.0
2001-10-15,0.0,0.0,0.0,0.0,0.0
2001-10-16,0.0,0.0,0.0,0.0,0.0
2001-10-17,0.0,0.0,0.0,0.0,0.0
2001-10-18,0.0,0.0,0.0,0.0,0.0
2001-10-19,0.0,0.0,0.0,0.0,0.0
2001-10-20,0.0,0.0,0.0,0.0,0.0
2001-10-21,0.0,0.0,0.0,0.0,0.0
2001-10-22,0.0,0.0,0.0,0.0,0.0
2001-10-23,0.0,0.0,0.0,0.0,0.0
2001-10-24,0.0,0.0,0.0,0.0,0.0
2001-10-25,0.0,0.0,0.0,0.0,0.0
2001-10-26,0.0,0.0,0.0,0.0,0.0
2001-10-27,0.0,0.0,0.0,0.0,0.0
2001-10-28,0.0,0.0,0.0,0.0,0.0
2001-10-29,0.0,0.0,0.0,0.0,0.0
2001-10-30,0.0,0.0,0.0,0.0,0.0
2001-10-31,0.0,0.0,0.0,0.0,0.0
2001-11-01,0.0,0.0,0.0,0.0,0.0
2001-11-02,0.0,0.0,0.0,0.0,0.0
2001-11-03,0.0,0.0,0.0,0.0,0.0
2001-11-04,0.0,0.0,0.0,0.0,0.0
2001-11-05,0.0,0.0,0.0,0.0,0.0
2001-11-06,0.0,0.0,0.0,0.0,0.0
2001-11-07,0.0,0.0,0.0,0.0,0.0
2001-11-08,0.0,0.0,0.0,0.0,0.0
2001-11-09,0.0,0.0,0.0,0.0,0.0
2001-11-10,0.0,0.0,0.0,0.0,0.0
2001-11-11,0.0,0.0,0.0,0.0,0.0
2001-11-12,5.061,133.18,35.65,38.96,58.58
2001-11-13,0.237,51.38,26.84,1.3,23.24
2001-11-14,0.065,32.29,9.66,0.0,22.64
2001-11-15,0.05,26.83,9.28,0.0,17.55
2001-11-16,0.039,22.23,9.28,0.0,12.95
2001-11-17,0.03,18.46,9.33,0.0,9.13
2001-11-18,0.023,15.34,9.17,0.0,6.17
2001-11-19,0.018,13.1,9.17,0.0,3.93
2001-11-20,0.014,11.54,9.17,0.0,2.37
2001-11-21,0.011,10.52,9.17,0.0,1.35
2001-11-22,0.009,9.89,9.17,0.0,0.73
2001-11-23,0.007,9.55,9.17,0.0,0.37
2001-11-24,2.809,80.18,28.12,21.67,30.39
2001-11-25,0.514,45.62,29.35,3.0,13.26
2001-11-26,0.082,27.08,12.27,0.0,14.81
2001-11-27,0.055,21.7,9.47,0.0,12.23
2001-11-28,0.185,28.99,13.15,5.89,9.95
2001-11-29,1.851,48.78,27.36,8.56,12.86
2001-11-30,0.128,24.13,16.28,0.0,7.85
2001-12-01,1.339,36.56,24.04,4.77,7.75
2001-12-02,5.683,62.14,28.34,13.19,20.62
2001-12-03,0.752,37.1,27.4,2.39,7.31
2001-12-04,0.106,20.76,13.5,0.0,7.26
2001-12-05,0.294,28.14,21.16,0.91,6.07
2001-12-06,0.224,26.84,21.21,0.99,4.64
2001-12-07,0.058,15.24,11.6,0.0,3.64
2001-12-08,0.043,13.05,10.19,0.0,2.86
2001-12-09,0.032,11.55,9.47,0.0,2.08
2001-12-10,0.027,12.13,10.73,0.0,1.4
2001-12-11,0.022,12.39,11.46,0.0,0.92
2001-12-12,0.018,13.68,13.05,0.0,0.63
2001-12-13,0.015,13.8,13.36,0.0,0.44
2001-12-14,1.364,60.85,28.4,13.35,19.1
2001-12-15,0.084,26.38,15.39,0.0,10.99
2001-12-16,0.052,18.99,9.41,0.0,9.59
2001-12-17,0.233,34.79,27.13,0.5,7.15
2001-12-18,0.056,20.49,16.12,0.0,4.37
2001-12-19,0.036,14.88,11.47,0.0,3.42
2001-12-20,3.663,55.22,23.97,12.71,18.54
2001-12-21,1.555,59.72,32.12,10.05,17.55
2001-12-22,0.912,42.71,24.74,6.59,11.38
2001-12-23,0.182,28.73,21.42,0.01,7.29
2001-12-24,0.077,19.44,13.54,0.0,5.91
2001-12-25,0.059,17.48,12.84,0.0,4.64
2001-12-26,0.05,17.26,13.96,0.0,3.29
2001-12-27,0.038,16.19,13.79,0.0,2.4
2001-12-28,3.121,53.51,24.57,11.61,17.33
2001-12-29,3.655,57.75,26.64,12.06,19.05
2001-12-30,2.057,42.89,22.5,7.83,12.56
2001-12-31,0.883,36.52,25.28,3.4,7.84
2002-01-01,0.132,22.62,16.87,0.0,5.75
2002-01-02,2.795,48.17,26.0,8.77,13.4
2002-01-03,0.29,31.33,25.56,0.04,5.73
2002-01-04,0.121,23.25,19.11,0.0,4.14
2002-01-05,0.093,22.04,18.83,0.0,3.21
2002-01-06,0.088,22.54,20.27,0.0,2.27
2002-01-07,0.077,22.48,20.77,0.0,1.71
2002-01-08,0.072,23.06,21.76,0.0,1.29
2002-01-09,0.064,23.21,22.18,0.0,1.03
2002-01-10,0.056,23.17,22.3,0.0,0.87
2002-01-11,0.046,22.61,21.86,0.0,0.75
2002-01-12,0.041,22.89,22.21,0.0,0.68
2002-01-13,0.037,23.29,22.64,0.0,0.64
2002-01-14,0.032,23.26,22.65,0.0,0.61
2002-01-15,0.026,22.87,22.3,0.0,0.57
2002-01-16,0.022,22.85,22.3,0.0,0.55
2002-01-17,0.019,22.96,22.43,0.0,0.53
2002-01-18,0.016,22.57,22.06,0.0,0.51
2002-01-19,0.012,22.07,21.6,0.0,0.48
2002-01-20,0.01,21.13,20.68,0.0,0.45
2002-01-21,0.008,21.22,20.79,0.0,0.44
2002-01-22,0.006,19.24,18.89,0.0,0.34
2002-01-23,0.005,18.79,18.44,0.0,0.35
2002-01-24,0.003,17.5,17.2,0.0,0.28
2002-01-25,0.002,11.09,11.01,0.0,0.06
2002-01-26,0.001,9.26,9.19,0.0,0.0
2002-01-27,0.001,9.22,9.21,0.0,0.0
2002-01-28,0.001,9.23,9.2,0.0,0.0
2002-01-29,0.001,9.26,9.24,0.0,0.0
2002-01-30,0.001,9.08,9.14,0.0,0.0
2002-01-31,0.0,9.2,9.29,0.0,0.0
2002-02-01,0.0,8.96,9.11,0.0,0.0
2002-02-02,0.0,9.09,9.01,0.0,0.0
2002-02-03,0.0,9.0,9.08,0.0,0.0
2002-02-04,0.0,9.35,9.16,0.0,0.0
2002-02-05,0.0,9.26,9.26,0.0,0.0
2002-02-06,0.0,8.8,8.99,0.0,0.0
2002-02-07,0.0,9.16,9.1,0.0,0.0
2002-02-08,0.0,9.06,9.23,0.0,0.0
2002-02-09,0.0,9.06,8.97,0.0,0.0
2002-02-10,0.0,8.94,9.11,0.0,0.0
2002-02-11,0.0,9.37,9.27,0.0,0.0
2002-02-12,0.0,8.82,9.01,0.0,0.0
2002-02-13,0.0,9.26,9.19,0.0,0.0
2002-02-14,0.0,8.68,8.93,0.0,0.0
2002-02-15,0.0,9.14,9.14,0.0,0.0
2002-02-16,0.0,9.14,8.88,0.0,0.0
2002-02-17,1.138,55.03,29.94,10.26,14.83
2002-02-18,0.074,25.19,17.99,0.0,7.2
2002-02-19,0.693,37.6,26.0,4.27,7.34
2002-02-20,0.202,30.47,25.4,0.31,4.76
2002-02-21,0.062,15.06,11.67,0.0,3.38
2002-02-22,0.048,14.23,11.65,0.0,2.57
2002-02-23,0.037,12.73,10.83,0.0,1.9
2002-02-24,0.031,13.83,12.52,0.0,1.31
2002-02-25,0.023,12.74,11.84,0.0,0.9
2002-02-26,0.017,9.79,9.23,0.0,0.56
2002-02-27,0.013,9.51,9.18,0.0,0.33
2002-02-28,0.01,9.36,9.17,0.0,0.19
2002-03-01,0.008,9.27,9.18,0.0,0.1
2002-03-02,0.006,9.21,9.17,0.0,0.05
2002-03-03,0.005,9.2,9.18,0.0,0.02
2002-03-04,0.004,9.19,9.17,0.0,0.01
2002-03-05,0.003,9.16,9.17,0.0,0.01
2002-03-06,0.032,26.43,22.1,0.34,4.0
2002-03-07,0.757,46.31,32.78,4.73,8.8
2002-03-08,0.075,27.34,22.18,0.0,5.16
2002-03-09,0.037,14.8,10.61,0.0,4.19
2002-03-10,0.028,12.6,9.63,0.0,2.98
2002-03-11,0.023,13.14,11.23,0.0,1.91
2002-03-12,0.018,12.59,11.37,0.0,1.22
2002-03-13,0.013,9.95,9.22,0.0,0.73
2002-03-14,0.01,9.58,9.17,0.0,0.41
2002-03-15,0.008,9.38,9.17,0.0,0.22
2002-03-16,0.006,9.29,9.18,0.0,0.11
2002-03-17,0.731,64.57,30.8,13.76,20.01
2002-03-18,0.091,36.12,24.29,0.0,11.84
2002-03-19,0.04,19.96,10.3,0.0,9.67
2002-03-20,0.031,17.2,10.41,0.0,6.8
2002-03-21,0.023,14.05,9.31,0.0,4.74
2002-03-22,0.018,12.21,9.17,0.0,3.04
2002-03-23,1.095,49.1,27.99,8.25,12.86
2002-03-24,0.101,27.23,19.36,0.0,7.87
2002-03-25,0.055,17.4,10.37,0.0,7.02
2002-03-26,0.043,15.55,10.32,0.0,5.23
2002-03-27,0.033,14.08,10.33,0.0,3.75
2002-03-28,0.025,11.83,9.2,0.0,2.64
2002-03-29,0.019,10.88,9.17,0.0,1.71
2002-03-30,0.015,10.22,9.18,0.0,1.05
2002-03-31,0.012,9.78,9.17,0.0,0.61
2002-04-01,0.009,9.5,9.18,0.0,0.33
2002-04-02,0.007,9.33,9.17,0.0,0.17
2002-04-03,0.005,9.26,9.17,0.0,0.08
2002-04-04,0.004,9.19,9.16,0.0,0.04
2002-04-05,0.003,9.2,9.18,0.0,0.02
2002-04-06,0.003,9.2,9.18,0.0,0.01
2002-04-07,0.002,9.16,9.16,0.0,0.0
2002-04-08,0.002,9.2,9.17,0.0,0.0
2002-04-09,0.001,9.18,9.19,0.0,0.0
2002-04-10,0.001,9.23,9.19,0.0,0.0
2002-04-11,0.001,9.2,9.19,0.0,0.0
2002-04-12,0.001,9.14,9.14,0.0,0.0
2002-04-13,0.0,9.21,9.2,0.0,0.0
2002-04-14,0.0,9.19,9.25,0.0,0.0
2002-04-15,0.0,9.09,9.22,0.0,0.0
2002-04-16,0.0,9.0,9.19,0.0,0.0
2002-04-17,0.0,9.0,8.93,0.0,0.0
2002-04-18,0.0,8.9,9.01,0.0,0.0
2002-04-19,0.0,9.26,9.11,0.0,0.0
2002-04-20,0.0,9.16,9.22,0.0,0.0
2002-04-21,0.0,9.16,8.96,0.0,0.0
2002-04-22,0.0,9.06,9.08,0.0,0.0
2002-04-23,0.0,9.47,9.23,0.0,0.0
2002-04-24,0.0,8.94,8.97,0.0,0.0
2002-04-25,0.0,9.37,9.13,0.0,0.0
2002-04-26,0.0,9.26,9.31,0.0,0.0
2002-04-27,0.0,9.26,9.05,0.0,0.0
2002-04-28,0.0,9.14,9.25,0.0,0.0
2002-04-29,0.0,9.14,8.99,0.0,0.0
2002-04-30,0.0,9.0,9.22,0.0,0.0
2002-05-01,0.0,9.0,8.96,0.0,0.0
2002-05-02,0.0,9.53,9.22,0.0,0.0
2002-05-03,0.0,8.85,8.96,0.0,0.0
2002-05-04,0.0,9.4,9.25,0.0,0.0
2002-05-05,0.0,8.68,8.99,0.0,0.0
2002-05-06,0.0,9.26,9.31,0.0,0.0
2002-05-07,0.0,9.26,9.05,0.0,0.0
2002-05-08,0.0,8.49,8.79,0.0,0.0
2002-05-09,0.0,9.09,9.15,0.0,0.0
2002-05-10,0.0,9.09,8.89,0.0,0.0
2002-05-11,0.0,8.9,9.31,0.0,0.0
2002-05-12,0.0,8.9,9.04,0.0,0.0
2002-05-13,0.0,8.9,8.79,0.0,0.0
2002-05-14,0.0,9.65,9.25,0.0,0.0
2002-05-15,0.0,8.68,8.99,0.0,0.0
2002-05-16,0.0,8.68,8.73,0.0,0.0
2002-05-17,0.0,9.47,9.26,0.0,0.0
2002-05-18,0.0,9.47,8.99,0.0,0.0
2002-05-19,0.0,8.42,8.74,0.0,0.0
2002-05-20,0.0,9.26,9.34,0.0,0.0
2002-05-21,0.0,9.26,9.08,0.0,0.0
2002-05-22,0.0,9.26,8.82,0.0,0.0
2002-05-23,0.0,9.0,9.52,0.0,0.0
2002-05-24,0.0,9.0,9.25,0.0,0.0
2002-05-25,0.0,9.0,8.99,0.0,0.0
2002-05-26,0.0,9.0,8.73,0.0,0.0
2002-05-27,0.0,10.13,9.55,0.0,0.0
2002-05-28,0.0,8.68,9.28,0.0,0.0
2002-05-29,0.0,8.68,9.01,0.0,0.0
2002-05-30,0.0,8.68,8.76,0.0,0.0
2002-05-31,0.0,9.92,9.73,0.0,0.0
2002-06-01,0.0,9.92,9.45,0.0,0.0
2002-06-02,0.0,9.92,9.18,0.0,0.0
2002-06-03,0.0,8.27,8.92,0.0,0.0
2002-06-04,0.0,8.27,8.67,0.0,0.0
2002-06-05,0.0,9.65,9.83,0.0,0.0
2002-06-06,0.0,9.65,9.55,0.0,0.0
2002-06-07,0.0,9.65,9.28,0.0,0.0
2002-06-08,0.0,9.65,9.02,0.0,0.0
2002-06-09,0.0,9.65,8.76,0.0,0.0
2002-06-10,0.0,7.72,8.51,0.0,0.0
2002-06-11,0.0,9.26,9.93,0.0,0.0
2002-06-12,0.0,9.26,9.64,0.0,0.0
2002-06-13,0.0,9.26,9.37,0.0,0.0
2002-06-14,0.0,9.26,9.11,0.0,0.0
2002-06-15,0.0,9.26,8.85,0.0,0.0
2002-06-16,0.0,9.26,8.6,0.0,0.0
2002-06-17,0.0,9.26,8.35,0.0,0.0
2002-06-18,0.0,11.57,10.15,0.0,0.0
2002-06-19,0.0,8.68,9.86,0.0,0.0
2002-06-20,0.0,8.68,9.58,0.0,0.0
2002-06-21,0.0,8.68,9.31,0.0,0.0
2002-06-22,0.0,8.68,9.04,0.0,0.0
2002-06-23,0.0,8.68,8.79,0.0,0.0
2002-06-24,0.0,8.68,8.54,0.0,0.0
2002-06-25,0.0,8.68,8.3,0.0,0.0
2002-06-26,0.0,8.68,8.06,0.0,0.0
2002-06-27,0.0,11.57,10.44,0.0,0.0
2002-06-28,0.0,11.57,10.15,0.0,0.0
2002-06-29,0.0,11.57,9.86,0.0,0.0
2002-06-30,0.0,7.72,9.58,0.0,0.0
2002-07-01,0.0,7.72,9.31,0.0,0.0
2002-07-02,0.0,7.72,9.05,0.0,0.0
2002-07-03,0.0,7.72,8.79,0.0,0.0
2002-07-04,0.0,7.72,8.54,0.0,0.0
2002-07-05,0.0,7.72,8.3,0.0,0.0
2002-07-06,0.0,7.72,8.06,0.0,0.0
2002-07-07,0.0,7.72,7.83,0.0,0.0
2002-07-08,0.0,7.72,7.61,0.0,0.0
2002-07-09,0.0,11.57,11.1,0.0,0.0
2002-07-10,0.0,11.57,10.78,0.0,0.0
2002-07-11,0.0,11.57,10.48,0.0,0.0
2002-07-12,0.0,11.57,10.18,0.0,0.0
2002-07-13,0.0,11.57,9.89,0.0,0.0
2002-07-14,0.0,11.57,9.61,0.0,0.0
2002-07-15,0.0,11.57,9.34,0.0,0.0
2002-07-16,0.0,11.57,9.07,0.0,0.0
2002-07-17,0.0,11.57,8.82,0.0,0.0
2002-07-18,0.0,5.79,8.57,0.0,0.0
2002-07-19,0.0,5.79,8.32,0.0,0.0
2002-07-20,0.0,5.79,8.09,0.0,0.0
2002-07-21,0.0,5.79,7.86,0.0,0.0
2002-07-22,0.0,5.79,7.64,0.0,0.0
2002-07-23,0.0,5.79,7.42,0.0,0.0
2002-07-24,0.0,5.79,7.21,0.0,0.0
2002-07-25,0.0,5.79,7.01,0.0,0.0
2002-07-26,0.0,11.57,13.61,0.0,0.0
2002-07-27,0.0,11.57,13.23,0.0,0.0
2002-07-28,0.0,11.57,12.85,0.0,0.0
2002-07-29,0.0,11.57,12.49,0.0,0.0
2002-07-30,0.0,11.57,12.13,0.0,0.0
2002-07-31,0.0,11.57,11.79,0.0,0.0
2002-08-01,0.0,11.57,11.46,0.0,0.0
2002-08-02,0.0,11.57,11.13,0.0,0.0
2002-08-03,0.0,11.57,10.82,0.0,0.0
2002-08-04,0.0,11.57,10.51,0.0,0.0
2002-08-05,0.0,11.57,10.21,0.0,0.0
2002-08-06,0.0,11.57,9.92,0.0,0.0
2002-08-07,0.0,11.57,9.64,0.0,0.0
2002-08-08,0.0,11.57,9.37,0.0,0.0
2002-08-09,0.0,11.57,9.1,0.0,0.0
2002-08-10,0.0,11.57,8.84,0.0,0.0
2002-08-11,0.0,11.57,8.59,0.0,0.0
2002-08-12,0.0,11.57,8.35,0.0,0.0
2002-08-13,0.0,11.57,8.11,0.0,0.0
2002-08-14,0.0,11.57,7.88,0.0,0.0
2002-08-15,0.0,11.57,7.66,0.0,0.0
2002-08-16,0.0,11.57,7.44,0.0,0.0
2002-08-17,0.0,11.57,7.23,0.0,0.0
2002-08-18,0.0,11.57,7.03,0.0,0.0
2002-08-19,0.0,11.57,6.83,0.0,0.0
2002-08-20,0.0,11.57,6.64,0.0,0.0
2002-08-21,0.0,11.57,6.45,0.0,0.0
2002-08-22,0.0,11.57,6.26,0.0,0.0
2002-08-23,0.0,11.57,6.09,0.0,0.0
2002-08-24,0.0,11.57,5.91,0.0,0.0
2002-08-25,0.0,0.0,5.75,0.0,0.0
2002-08-26,0.0,0.0,5.58,0.0,0.0
2002-08-27,0.0,0.0,5.43,0.0,0.0
2002-08-28,0.0,0.0,5.27,0.0,0.0
2002-08-29,0.0,0.0,5.12,0.0,0.0
2002-08-30,0.0,0.0,4.98,0.0,0.0
2002-08-31,0.0,0.0,4.84,0.0,0.0
2002-09-01,0.0,0.0,4.7,0.0,0.0
2002-09-02,0.0,0.0,4.57,0.0,0.0
2002-09-03,0.0,0.0,0.0,0.0,0.0
2002-09-04,0.0,0.0,0.0,0.0,0.0
2002-09-05,0.0,0.0,0.0,0.0,0.0
2002-09-06,0.0,0.0,0.0,0.0,0.0
2002-09-07,0.0,0.0,0.0,0.0,0.0
2002-09-08,0.0,0.0,0.0,0.0,0.0
2002-09-09,0.0,0.0,0.0,0.0,0.0
2002-09-10,0.0,0.0,0.0,0.0,0.0
2002-09-11,0.0,0.0,0.0,0.0,0.0
2002-09-12,0.0,0.0,0.0,0.0,0.0
2002-09-13,0.0,0.0,0.0,0.0,0.0
2002-09-14,0.0,0.0,0.0,0.0,0.0
2002-09-15,0.0,0.0,0.0,0.0,0.0
2002-09-16,0.0,0.0,0.0,0.0,0.0
2002-09-17,0.0,0.0,0.0,0.0,0.0
2002-09-18,0.0,0.0,0.0,0.0,0.0
2002-09-19,0.0,0.0,0.0,0.0,0.0
2002-09-20,0.0,0.0,0.0,0.0,0.0
2002-09-21,0.0,0.0,0.0,0.0,0.0
2002-09-22,0.0,0.0,0.0,0.0,0.0
2002-09-23,0.0,0.0,0.0,0.0,0.0
2002-09-24,0.0,0.0,0.0,0.0,0.0
2002-09-25,0.0,0.0,0.0,0.0,0.0
2002-09-26,0.0,0.0,0.0,0.0,0.0
2002-09-27,0.0,0.0,0.0,0.0,0.0
2002-09-28,0.0,0.0,0.0,0.0,0.0
2002-09-29,0.0,0.0,0.0,0.0,0.0
2002-09-30,0.0,0.0,0.0,0.0,0.0
2002-10-01,0.0,0.0,0.0,0.0,0.0
2002-10-02,0.0,0.0,0.0,0.0,0.0
2002-10-03,0.0,0.0,0.0,0.0,0.0
2002-10-04,0.0,0.0,0.0,0.0,0.0
2002-10-05,0.0,0.0,0.0,0.0,0.0
2002-10-06,0.0,0.0,0.0,0.0,0.0
2002-10-07,0.0,0.0,0.0,0.0,0.0
2002-10-08,0.0,0.0,0.0,0.0,0.0
2002-10-09,0.0,0.0,0.0,0.0,0.0
2002-10-10,0.0,0.0,0.0,0.0,0.0
2002-10-11,0.0,0.0,0.0,0.0,0.0
2002-10-12,0.0,0.0,0.0,0.0,0.0
2002-10-13,0.0,0.0,0.0,0.0,0.0
2002-10-14,0.0,0.0,0.0,0.0,0.0
2002-10-15,0.0,0.0,0.0,0.0,0.0
2002-10-16,0.0,0.0,0.0,0.0,0.0
2002-10-17,0.0,0.0,0.0,0.0,0.0
2002-10-18,0.0,0.0,0.0,0.0,0.0
2002-10-19,0.0,0.0,0.0,0.0,0.0
2002-10-20,0.0,0.0,0.0,0.0,0.0
2002-10-21,0.0,0.0,0.0,0.0,0.0
2002-10-22,0.0,0.0,0.0,0.0,0.0
2002-10-23,0.0,0.0,0.0,0.0,0.0
2002-10-24,0.0,0.0,0.0,0.0,0.0
2002-10-25,0.0,0.0,0.0,0.0,0.0
2002-10-26,0.0,0.0,0.0,0.0,0.0
2002-10-27,0.0,0.0,0.0,0.0,0.0
2002-10-28,0.0,0.0,0.0,0.0,0.0
2002-10-29,0.0,0.0,0.0,0.0,0.0
2002-10-30,0.0,0.0,0.0,0.0,0.0
2002-10-31,0.0,0.0,0.0,0.0,0.0
2002-11-01,0.0,0.0,0.0,0.0,0.0
2002-11-02,0.0,0.0,0.0,0.0,0.0
2002-11-03,0.0,0.0,0.0,0.0,0.0
2002-11-04,0.0,0.0,0.0,0.0,0.0
2002-11-05,0.0,0.0,0.0,0.0,0.0
2002-11-06,0.0,0.0,0.0,0.0,0.0
2002-11-07,3.469,145.29,34.03,45.03,66.23
2002-11-08,13.843,165.09,42.38,41.65,81.07
2002-11-09,0.772,49.14,30.76,4.81,13.58
2002-11-10,0.162,30.99,22.05,0.01,8.93
2002-11-11,0.077,24.26,16.18,0.0,8.08
2002-11-12,0.051,18.01,11.09,0.0,6.91
2002-11-13,0.042,16.65,11.73,0.0,4.92
2002-11-14,0.033,15.48,12.05,0.0,3.43
2002-11-15,0.025,13.42,11.04,0.0,2.39
2002-11-16,0.018,11.42,9.85,0.0,1.57
2002-11-17,0.014,10.94,9.98,0.0,0.96
2002-11-18,0.011,9.73,9.19,0.0,0.54
2002-11-19,0.009,9.46,9.17,0.0,0.29
2002-11-20,0.007,9.32,9.17,0.0,0.15
2002-11-21,0.005,9.24,9.17,0.0,0.08
2002-11-22,0.004,9.21,9.17,0.0,0.04
2002-11-23,0.003,9.16,9.16,0.0,0.02
2002-11-24,0.002,9.18,9.17,0.0,0.01
2002-11-25,0.002,9.22,9.19,0.0,0.01
2002-11-26,0.002,9.18,9.16,0.0,0.0
2002-11-27,0.001,9.1,9.13,0.0,0.0
2002-11-28,0.001,9.16,9.14,0.0,0.0
2002-11-29,0.001,9.13,9.11,0.0,0.0
2002-11-30,0.001,9.05,9.14,0.0,0.0
2002-12-01,0.0,9.15,9.08,0.0,0.0
2002-12-02,0.0,9.12,9.19,0.0,0.0
2002-12-03,0.0,9.09,9.12,0.0,0.0
2002-12-04,0.0,9.0,9.16,0.0,0.0
2002-12-05,0.0,9.35,9.24,0.0,0.0
2002-12-06,0.0,8.9,8.98,0.0,0.0
2002-12-07,0.0,9.26,9.07,0.0,0.0
2002-12-08,0.0,9.16,9.18,0.0,0.0
2002-12-09,0.0,9.16,8.92,0.0,0.0
2002-12-10,0.0,9.06,9.05,0.0,0.0
2002-12-11,0.0,8.94,9.19,0.0,0.0
2002-12-12,0.0,8.94,8.93,0.0,0.0
2002-12-13,3.636,67.51,27.45,16.22,23.84
2002-12-14,10.828,113.07,35.0,28.95,49.12
2002-12-15,2.693,59.6,28.37,11.59,19.64
2002-12-16,10.564,139.05,37.7,36.27,65.08
2002-12-17,3.339,49.57,26.19,8.73,14.65
2002-12-18,1.016,42.34,26.82,5.07,10.45
2002-12-19,6.98,143.37,37.44,39.5,66.42
2002-12-20,4.977,60.22,24.92,13.48,21.82
2002-12-21,2.454,50.39,26.55,8.81,15.04
2002-12-22,0.413,29.79,25.38,0.04,4.37
2002-12-23,0.343,28.14,25.08,0.02,3.04
2002-12-24,0.315,27.77,25.53,0.01,2.23
2002-12-25,0.281,27.41,25.63,0.01,1.77
2002-12-26,0.249,27.11,25.64,0.0,1.47
2002-12-27,0.236,27.04,25.78,0.0,1.27
2002-12-28,2.098,65.28,26.05,16.26,22.98
2002-12-29,2.43,44.96,25.77,7.24,11.96
2002-12-30,0.377,28.84,25.08,0.03,3.73
2002-12-31,3.718,77.21,26.47,20.34,30.4
2003-01-01,0.45,30.84,25.81,0.04,4.99
2003-01-02,0.355,28.48,25.05,0.03,3.41
2003-01-03,0.307,27.74,25.22,0.01,2.51
2003-01-04,0.278,27.42,25.5,0.01,1.91
2003-01-05,0.238,27.05,25.47,0.0,1.58
2003-01-06,0.192,26.18,24.85,0.0,1.33
2003-01-07,0.178,25.94,24.77,0.0,1.17
2003-01-08,0.172,26.03,24.98,0.0,1.05
2003-01-09,0.155,25.24,24.29,0.0,0.95
2003-01-10,1.155,48.75,27.81,8.31,12.63
2003-01-11,0.24,26.95,23.45,0.01,3.49
2003-01-12,0.164,25.05,22.74,0.0,2.31
2003-01-13,0.149,24.93,23.16,0.0,1.77
2003-01-14,0.138,24.85,23.42,0.0,1.43
2003-01-15,0.122,24.57,23.37,0.0,1.2
2003-01-16,0.108,24.24,23.2,0.0,1.04
2003-01-17,0.096,24.07,23.15,0.0,0.92
2003-01-18,0.087,24.12,23.28,0.0,0.83
2003-01-19,0.077,23.9,23.13,0.0,0.77
2003-01-20,0.069,24.02,23.28,0.0,0.73
2003-01-21,0.058,23.63,22.95,0.0,0.68
2003-01-22,0.048,22.98,22.34,0.0,0.64
2003-01-23,0.048,23.99,23.33,0.0,0.66
2003-01-24,0.042,23.94,23.29,0.0,0.65
2003-01-25,0.036,23.4,22.78,0.0,0.62
2003-01-26,0.029,22.9,22.32,0.0,0.58
2003-01-27,0.023,21.88,21.34,0.0,0.54
2003-01-28,0.02,22.51,21.97,0.0,0.54
2003-01-29,0.016,22.06,21.56,0.0,0.5
2003-01-30,0.013,21.09,20.63,0.0,0.46
2003-01-31,0.01,20.37,19.95,0.0,0.42
2003-02-01,0.007,17.85,17.53,0.0,0.32
2003-02-02,0.004,10.61,10.55,0.0,0.07
2003-02-03,0.003,9.22,9.22,0.0,0.01
2003-02-04,0.002,9.19,9.19,0.0,0.01
2003-02-05,0.002,9.21,9.19,0.0,0.0
2003-02-06,0.001,9.19,9.16,0.0,0.0
2003-02-07,0.001,9.24,9.21,0.0,0.0
2003-02-08,0.001,9.12,9.17,0.0,0.0
2003-02-09,0.001,9.12,9.18,0.0,0.0
2003-02-10,0.001,9.3,9.23,0.0,0.0
2003-02-11,0.0,9.26,9.14,0.0,0.0
2003-02-12,0.0,9.33,9.18,0.0,0.0
2003-02-13,0.0,9.09,9.02,0.0,0.0
2003-02-14,0.0,9.0,9.09,0.0,0.0
2003-02-15,0.137,8.03,5.98,0.58,1.47
2003-02-16,3.357,93.54,27.94,25.73,39.86
2003-02-17,0.151,38.54,19.15,0.0,19.39
2003-02-18,0.09,30.52,16.25,0.0,14.27
2003-02-19,0.076,27.36,17.12,0.0,10.25
2003-02-20,0.063,24.41,17.0,0.0,7.41
2003-02-21,0.054,22.8,17.75,0.0,5.04
2003-02-22,0.045,21.52,18.05,0.0,3.47
2003-02-23,0.035,20.04,17.61,0.0,2.43
2003-02-24,0.026,17.98,16.3,0.0,1.69
2003-02-25,1.285,65.7,29.39,14.59,21.72
2003-02-26,0.196,18.33,11.73,0.0,6.6
2003-02-27,1.433,61.58,25.79,13.95,21.83
2003-02-28,0.13,27.85,17.77,0.0,10.08
2003-03-01,0.089,24.12,16.91,0.0,7.21
2003-03-02,0.078,23.24,18.16,0.0,5.08
2003-03-03,0.066,22.33,18.7,0.0,3.64
2003-03-04,0.055,21.54,18.92,0.0,2.62
2003-03-05,0.045,20.82,18.95,0.0,1.87
2003-03-06,0.038,20.44,19.1,0.0,1.34
2003-03-07,0.031,20.06,19.08,0.0,0.98
2003-03-08,0.025,19.63,18.89,0.0,0.74
2003-03-09,0.02,19.16,18.59,0.0,0.58
2003-03-10,0.016,18.37,17.92,0.0,0.46
2003-03-11,0.012,16.95,16.59,0.0,0.35
2003-03-12,0.008,13.65,13.44,0.0,0.21
2003-03-13,0.005,9.73,9.68,0.0,0.05
2003-03-14,0.004,9.21,9.19,0.0,0.02
2003-03-15,1.048,77.0,29.79,19.2,28.01
2003-03-16,0.332,35.73,23.33,2.81,9.59
2003-03-17,0.064,24.72,18.1,0.0,6.62
2003-03-18,0.043,18.71,13.52,0.0,5.19
2003-03-19,0.036,18.35,14.89,0.0,3.47
2003-03-20,0.028,16.66,14.26,0.0,2.4
2003-03-21,0.021,15.44,13.86,0.0,1.59
2003-03-22,0.015,13.39,12.36,0.0,1.02
2003-03-23,0.011,9.91,9.33,0.0,0.59
2003-03-24,0.008,10.06,9.72,0.0,0.32
2003-03-25,0.006,9.34,9.18,0.0,0.16
2003-03-26,0.005,9.25,9.17,0.0,0.08
2003-03-27,0.004,9.21,9.17,0.0,0.04
2003-03-28,0.003,9.22,9.19,0.0,0.02
2003-03-29,0.002,9.19,9.19,0.0,0.01
2003-03-30,0.002,9.21,9.19,0.0,0.0
2003-03-31,0.001,9.19,9.17,0.0,0.0
2003-04-01,0.001,9.24,9.21,0.0,0.0
2003-04-02,0.001,9.12,9.18,0.0,0.0
2003-04-03,0.001,9.12,9.18,0.0,0.0
2003-04-04,0.001,9.3,9.23,0.0,0.0
2003-04-05,0.0,9.26,9.14,0.0,0.0
2003-04-06,0.0,9.33,9.18,0.0,0.0
2003-04-07,0.0,9.09,9.02,0.0,0.0
2003-04-08,0.0,9.0,9.09,0.0,0.0
2003-04-09,0.0,9.35,9.17,0.0,0.0
2003-04-10,0.0,9.26,9.27,0.0,0.0
2003-04-11,0.0,8.8,9.0,0.0,0.0
2003-04-12,1.796,60.15,28.24,13.52,18.38
2003-04-13,4.405,73.54,29.67,16.76,27.11
2003-04-14,0.155,32.64,20.59,0.0,12.05
2003-04-15,0.088,24.99,16.41,0.0,8.58
2003-04-16,0.07,22.84,16.3,0.0,6.54
2003-04-17,0.06,21.81,17.23,0.0,4.57
2003-04-18,0.051,21.31,18.15,0.0,3.16
2003-04-19,0.042,20.54,18.33,0.0,2.21
2003-04-20,0.035,20.55,19.02,0.0,1.53
2003-04-21,0.029,19.86,18.77,0.0,1.09
2003-04-22,0.022,18.57,17.79,0.0,0.78
2003-04-23,0.02,21.33,20.69,0.0,0.64
2003-04-24,0.012,14.55,14.18,0.0,0.38
2003-04-25,0.013,20.89,20.41,0.0,0.48
2003-04-26,0.012,23.02,22.51,0.0,0.51
2003-04-27,0.009,22.1,21.65,0.0,0.45
2003-04-28,0.005,13.23,13.06,0.0,0.18
2003-04-29,0.006,22.84,22.35,0.0,0.49
2003-04-30,0.006,25.21,24.65,0.0,0.55
2003-05-01,0.004,25.54,25.01,0.0,0.52
2003-05-02,0.002,9.57,9.63,0.0,0.01
2003-05-03,0.513,49.0,34.34,4.48,10.18
2003-05-04,0.048,34.49,29.46,0.0,5.03
2003-05-05,0.018,17.55,14.67,0.0,2.88
2003-05-06,0.014,16.06,14.3,0.0,1.76
2003-05-07,0.01,12.64,11.6,0.0,1.04
2003-05-08,0.007,9.75,9.21,0.0,0.54
2003-05-09,0.005,9.43,9.18,0.0,0.26
2003-05-10,0.004,9.3,9.18,0.0,0.12
2003-05-11,0.003,9.22,9.18,0.0,0.05
2003-05-12,0.002,9.2,9.17,0.0,0.02
2003-05-13,0.002,9.18,9.19,0.0,0.01
2003-05-14,0.002,9.18,9.18,0.0,0.0
2003-05-15,0.001,9.1,9.15,0.0,0.0
2003-05-16,0.001,9.16,9.14,0.0,0.0
2003-05-17,0.001,9.26,9.23,0.0,0.0
2003-05-18,0.001,9.05,9.12,0.0,0.0
2003-05-19,0.0,9.37,9.28,0.0,0.0
2003-05-20,0.0,9.12,9.18,0.0,0.0
2003-05-21,0.0,9.09,9.12,0.0,0.0
2003-05-22,0.0,9.0,9.15,0.0,0.0
2003-05-23,0.0,9.35,9.24,0.0,0.0
2003-05-24,0.0,8.9,8.98,0.0,0.0
2003-05-25,0.0,9.26,9.07,0.0,0.0
2003-05-26,0.0,9.16,9.18,0.0,0.0
2003-05-27,0.0,8.68,8.92,0.0,0.0
2003-05-28,0.0,9.06,9.04,0.0,0.0
2003-05-29,0.0,8.94,9.19,0.0,0.0
2003-05-30,0.0,8.94,8.93,0.0,0.0
2003-05-31,0.0,8.82,9.09,0.0,0.0
2003-06-01,0.0,9.26,9.27,0.0,0.0
2003-06-02,0.0,9.26,9.01,0.0,0.0
2003-06-03,0.0,9.14,9.21,0.0,0.0
2003-06-04,0.0,9.14,8.95,0.0,0.0
2003-06-05,0.0,9.0,9.18,0.0,0.0
2003-06-06,0.0,9.0,8.92,0.0,0.0
2003-06-07,0.0,8.85,9.18,0.0,0.0
2003-06-08,0.0,8.85,8.92,0.0,0.0
2003-06-09,0.0,9.4,9.21,0.0,0.0
2003-06-10,0.0,8.68,8.95,0.0,0.0
2003-06-11,0.0,9.26,9.27,0.0,0.0
2003-06-12,0.0,9.26,9.01,0.0,0.0
2003-06-13,0.0,9.09,9.38,0.0,0.0
2003-06-14,0.0,9.09,9.11,0.0,0.0
2003-06-15,0.0,9.09,8.86,0.0,0.0
2003-06-16,0.0,8.9,9.27,0.0,0.0
2003-06-17,0.0,8.9,9.0,0.0,0.0
2003-06-18,0.0,8.9,8.75,0.0,0.0
2003-06-19,0.0,9.65,9.21,0.0,0.0
2003-06-20,0.0,8.68,8.95,0.0,0.0
2003-06-21,0.0,9.47,9.49,0.0,0.0
2003-06-22,0.0,9.47,9.22,0.0,0.0
2003-06-23,0.0,9.47,8.96,0.0,0.0
2003-06-24,0.0,8.42,8.7,0.0,0.0
2003-06-25,0.0,9.26,9.3,0.0,0.0
2003-06-26,0.0,9.26,9.04,0.0,0.0
2003-06-27,0.0,9.26,8.78,0.0,0.0
2003-06-28,0.0,9.0,9.48,0.0,0.0
2003-06-29,0.0,9.0,9.21,0.0,0.0
2003-06-30,0.0,9.0,8.95,0.0,0.0
2003-07-01,0.0,9.0,8.7,0.0,0.0
2003-07-02,0.0,10.13,9.51,0.0,0.0
2003-07-03,0.0,8.68,9.24,0.0,0.0
2003-07-04,0.0,8.68,8.98,0.0,0.0
2003-07-05,0.0,8.68,8.72,0.0,0.0
2003-07-06,0.0,9.92,9.68,0.0,0.0
2003-07-07,0.0,9.92,9.41,0.0,0.0
2003-07-08,0.0,9.92,9.14,0.0,0.0
2003-07-09,0.0,8.27,8.88,0.0,0.0
2003-07-10,0.0,8.27,8.63,0.0,0.0
2003-07-11,0.0,9.65,9.79,0.0,0.0
2003-07-12,0.0,9.65,9.51,0.0,0.0
2003-07-13,0.0,9.65,9.24,0.0,0.0
2003-07-14,0.0,9.65,8.98,0.0,0.0
2003-07-15,0.0,9.65,8.72,0.0,0.0
2003-07-16,0.0,7.72,8.48,0.0,0.0
2003-07-17,0.0,9.26,9.88,0.0,0.0
2003-07-18,0.0,9.26,9.6,0.0,0.0
2003-07-19,0.0,9.26,9.33,0.0,0.0
2003-07-20,0.0,9.26,9.07,0.0,0.0
2003-07-21,0.0,9.26,8.81,0.0,0.0
2003-07-22,0.0,9.26,8.56,0.0,0.0
2003-07-23,0.0,9.26,8.32,0.0,0.0
2003-07-24,0.0,8.68,10.1,0.0,0.0
2003-07-25,0.0,8.68,9.82,0.0,0.0
2003-07-26,0.0,8.68,9.54,0.0,0.0
2003-07-27,0.0,8.68,9.27,0.0,0.0
2003-07-28,0.0,8.68,9.0,0.0,0.0
2003-07-29,0.0,8.68,8.75,0.0,0.0
2003-07-30,0.0,8.68,8.5,0.0,0.0
2003-07-31,0.0,8.68,8.26,0.0,0.0
2003-08-01,0.0,8.68,8.03,0.0,0.0
2003-08-02,0.0,11.57,10.4,0.0,0.0
2003-08-03,0.0,11.57,10.1,0.0,0.0
2003-08-04,0.0,11.57,9.82,0.0,0.0
2003-08-05,0.0,7.72,9.54,0.0,0.0
2003-08-06,0.0,7.72,9.27,0.0,0.0
2003-08-07,0.0,7.72,9.01,0.0,0.0
2003-08-08,0.0,7.72,8.75,0.0,0.0
2003-08-09,0.0,7.72,8.5,0.0,0.0
2003-08-10,0.0,7.72,8.26,0.0,0.0
2003-08-11,0.0,7.72,8.03,0.0,0.0
2003-08-12,0.0,7.72,7.8,0.0,0.0
2003-08-13,0.0,7.72,7.58,0.0,0.0
2003-08-14,0.0,11.57,11.05,0.0,0.0
2003-08-15,0.0,11.57,10.73,0.0,0.0
2003-08-16,0.0,11.57,10.43,0.0,0.0
2003-08-17,0.0,11.57,10.13,0.0,0.0
2003-08-18,0.0,11.57,9.85,0.0,0.0
2003-08-19,0.0,11.57,9.57,0.0,0.0
2003-08-20,0.0,11.57,9.3,0.0,0.0
2003-08-21,0.0,11.57,9.03,0.0,0.0
2003-08-22,0.0,11.57,8.78,0.0,0.0
2003-08-23,0.0,5.79,8.53,0.0,0.0
2003-08-24,0.0,5.79,8.29,0.0,0.0
2003-08-25,0.0,5.79,8.05,0.0,0.0
2003-08-26,0.0,5.79,7.82,0.0,0.0
2003-08-27,0.0,5.79,7.6,0.0,0.0
2003-08-28,0.0,5.79,7.39,0.0,0.0
2003-08-29,0.0,5.79,7.18,0.0,0.0
2003-08-30,0.0,5.79,6.97,0.0,0.0
2003-08-31,0.0,11.57,13.55,0.0,0.0
2003-09-01,0.0,11.57,13.17,0.0,0.0
2003-09-02,0.0,11.57,12.8,0.0,0.0
2003-09-03,0.0,11.57,12.43,0.0,0.0
2003-09-04,0.0,11.57,12.08,0.0,0.0
2003-09-05,0.0,11.57,11.74,0.0,0.0
2003-09-06,0.0,11.57,11.41,0.0,0.0
2003-09-07,0.0,11.57,11.08,0.0,0.0
2003-09-08,0.0,11.57,10.77,0.0,0.0
2003-09-09,0.0,11.57,10.46,0.0,0.0
2003-09-10,0.0,11.57,10.17,0.0,0.0
2003-09-11,0.0,11.57,9.88,0.0,0.0
2003-09-12,0.0,11.57,9.6,0.0,0.0
2003-09-13,0.0,11.57,9.33,0.0,0.0
2003-09-14,0.0,11.57,9.06,0.0,0.0
2003-09-15,0.0,11.57,8.81,0.0,0.0
2003-09-16,0.0,11.57,8.56,0.0,0.0
2003-09-17,0.0,11.57,8.31,0.0,0.0
2003-09-18,0.0,11.57,8.08,0.0,0.0
2003-09-19,0.0,11.57,7.85,0.0,0.0
2003-09-20,0.0,11.57,7.63,0.0,0.0
2003-09-21,0.0,11.57,7.41,0.0,0.0
2003-09-22,0.0,11.57,7.2,0.0,0.0
2003-09-23,0.0,11.57,7.0,0.0,0.0
2003-09-24,0.0,11.57,6.8,0.0,0.0
2003-09-25,0.0,11.57,6.61,0.0,0.0
2003-09-26,0.0,11.57,6.42,0.0,0.0
2003-09-27,0.0,11.57,6.24,0.0,0.0
2003-09-28,0.0,11.57,6.06,0.0,0.0
2003-09-29,0.0,11.57,5.89,0.0,0.0
2003-09-30,0.0,0.0,5.72,0.0,0.0
2003-10-01,0.0,0.0,5.56,0.0,0.0
2003-10-02,0.0,0.0,5.4,0.0,0.0
2003-10-03,0.0,0.0,5.25,0.0,0.0
2003-10-04,0.0,0.0,5.1,0.0,0.0
2003-10-05,0.0,0.0,4.96,0.0,0.0
2003-10-06,0.0,0.0,4.82,0.0,0.0
2003-10-07,0.0,0.0,4.68,0.0,0.0
2003-10-08,0.0,0.0,4.55,0.0,0.0
2003-10-09,0.0,0.0,0.0,0.0,0.0
2003-10-10,0.0,0.0,0.0,0.0,0.0
2003-10-11,0.0,0.0,0.0,0.0,0.0
2003-10-12,0.0,0.0,0.0,0.0,0.0
2003-10-13,0.0,0.0,0.0,0.0,0.0
2003-10-14,0.0,0.0,0.0,0.0,0.0
2003-10-15,0.0,0.0,0.0,0.0,0.0
2003-10-16,0.0,0.0,0.0,0.0,0.0
2003-10-17,0.0,0.0,0.0,0.0,0.0
2003-10-18,0.0,0.0,0.0,0.0,0.0
2003-10-19,0.0,0.0,0.0,0.0,0.0
2003-10-20,0.0,0.0,0.0,0.0,0.0
2003-10-21,0.0,0.0,0.0,0.0,0.0
2003-10-22,0.0,0.0,0.0,0.0,0.0
2003-10-23,0.0,0.0,0.0,0.0,0.0
2003-10-24,0.0,0.0,0.0,0.0,0.0
2003-10-25,0.0,0.0,0.0,0.0,0.0
2003-10-26,0.0,0.0,0.0,0.0,0.0
2003-10-27,0.0,0.0,0.0,0.0,0.0
2003-10-28,0.0,0.0,0.0,0.0,0.0
2003-10-29,0.0,0.0,0.0,0.0,0.0
2003-10-30,0.0,0.0,0.0,0.0,0.0
2003-10-31,0.0,0.0,0.0,0.0,0.0
2003-11-01,0.0,0.0,0.0,0.0,0.0
2003-11-02,0.0,0.0,0.0,0.0,0.0
2003-11-03,0.0,0.0,0.0,0.0,0.0
2003-11-04,0.0,0.0,0.0,0.0,0.0
2003-11-05,0.0,0.0,0.0,0.0,0.0
2003-11-06,0.0,0.0,0.0,0.0,0.0
2003-11-07,0.0,0.0,0.0,0.0,0.0
2003-11-08,0.253,66.3,36.56,12.83,16.91
2003-11-09,2.674,65.42,27.72,15.63,22.07
2003-11-10,0.946,46.64,25.46,6.62,14.56
2003-11-11,0.084,23.53,11.2,0.0,12.33
2003-11-12,0.056,19.09,9.21,0.0,9.87
2003-11-13,0.044,16.66,9.22,0.0,7.44
2003-11-14,0.034,14.57,9.18,0.0,5.39
2003-11-15,0.026,12.89,9.17,0.0,3.72
2003-11-16,0.021,11.61,9.17,0.0,2.43
2003-11-17,0.016,10.68,9.17,0.0,1.51
2003-11-18,0.012,10.06,9.17,0.0,0.88
2003-11-19,0.01,9.67,9.18,0.0,0.49
2003-11-20,0.008,9.43,9.17,0.0,0.26
2003-11-21,0.006,9.28,9.16,0.0,0.13
2003-11-22,0.005,9.24,9.17,0.0,0.06
2003-11-23,0.004,9.19,9.17,0.0,0.03
2003-11-24,0.003,9.18,9.19,0.0,0.01
2003-11-25,0.002,9.21,9.19,0.0,0.01
2003-11-26,0.002,9.16,9.17,0.0,0.0
2003-11-27,0.001,9.19,9.16,0.0,0.0
2003-11-28,0.001,9.19,9.17,0.0,0.0
2003-11-29,0.001,9.23,9.22,0.0,0.0
2003-11-30,0.001,9.15,9.15,0.0,0.0
2003-12-01,0.0,9.16,9.24,0.0,0.0
2003-12-02,0.0,9.14,9.12,0.0,0.0
2003-12-03,0.0,9.26,9.13,0.0,0.0
2003-12-04,0.0,9.09,8.98,0.0,0.0
2003-12-05,0.0,9.0,9.06,0.0,0.0
2003-12-06,0.304,58.18,31.77,11.39,15.02
2003-12-07,0.526,51.39,37.42,4.87,9.09
2003-12-08,0.043,21.4,17.26,0.0,4.13
2003-12-09,0.3,25.89,20.12,1.24,4.52
2003-12-10,1.688,55.46,28.38,10.76,16.32
2003-12-11,0.686,52.03,27.88,8.18,15.97
2003-12-12,0.082,19.73,10.94,0.0,8.79
2003-12-13,0.056,16.25,9.3,0.0,6.95
2003-12-14,1.694,68.5,26.16,17.05,25.29
2003-12-15,0.1,28.09,14.53,0.0,13.56
2003-12-16,0.058,20.31,9.4,0.0,10.91
2003-12-17,0.045,17.53,9.23,0.0,8.31
2003-12-18,0.035,15.21,9.17,0.0,6.04
2003-12-19,0.027,13.36,9.18,0.0,4.18
2003-12-20,0.861,50.39,27.06,9.84,13.49
2003-12-21,1.072,55.85,31.92,9.39,14.54
2003-12-22,0.084,19.48,12.18,0.0,7.3
2003-12-23,0.055,15.12,9.23,0.0,5.89
2003-12-24,1.06,52.91,26.39,10.39,16.12
2003-12-25,1.858,45.98,24.95,8.16,12.86
2003-12-26,0.143,27.22,19.14,0.0,8.07
2003-12-27,0.064,16.66,10.17,0.0,6.49
2003-12-28,0.05,15.24,10.28,0.0,4.97
2003-12-29,5.526,79.49,30.13,19.76,29.6
2003-12-30,1.506,51.9,29.95,7.6,14.35
2003-12-31,0.135,27.13,17.02,0.02,10.08
2004-01-01,7.122,167.47,37.08,48.81,81.57
2004-01-02,0.801,49.82,26.39,4.64,18.79
2004-01-03,0.168,37.96,19.94,0.02,18.0
2004-01-04,0.087,29.83,15.57,0.0,14.26
2004-01-05,0.07,26.43,15.7,0.0,10.73
2004-01-06,0.051,22.88,14.29,0.0,8.59
2004-01-07,0.038,19.05,12.6,0.0,6.45
2004-01-08,0.036,20.37,16.58,0.0,3.79
2004-01-09,0.024,14.63,11.76,0.0,2.87
2004-01-10,0.031,22.17,20.69,0.0,1.48
2004-01-11,0.027,22.34,21.3,0.0,1.04
2004-01-12,0.023,22.35,21.56,0.0,0.79
2004-01-13,0.019,22.61,21.96,0.0,0.65
2004-01-14,0.016,22.12,21.57,0.0,0.55
2004-01-15,0.014,22.4,21.88,0.0,0.53
2004-01-16,0.011,22.44,21.96,0.0,0.49
2004-01-17,0.009,21.84,21.37,0.0,0.46
2004-01-18,0.006,20.17,19.77,0.0,0.39
2004-01-19,0.005,20.06,19.68,0.0,0.37
2004-01-20,0.003,17.86,17.57,0.0,0.28
2004-01-21,0.002,11.33,11.29,0.0,0.07
2004-01-22,0.001,9.23,9.2,0.0,0.0
2004-01-23,0.001,9.19,9.16,0.0,0.0
2004-01-24,0.107,45.41,38.09,0.61,6.71
2004-01-25,0.003,36.75,35.66,0.0,1.09
2004-01-26,0.001,18.07,17.82,0.0,0.28
2004-01-27,0.0,10.47,10.42,0.0,0.06
2004-01-28,0.001,21.18,20.85,0.0,0.4
2004-01-29,0.001,20.37,19.9,0.0,0.4
2004-01-30,0.0,21.7,21.28,0.0,0.4
2004-01-31,0.0,17.83,17.33,0.0,0.28
2004-02-01,0.0,9.72,9.57,0.0,0.0
2004-02-02,0.414,67.09,33.42,12.89,20.79
2004-02-03,1.771,52.49,27.94,10.15,14.4
2004-02-04,0.184,33.08,23.58,0.02,9.47
2004-02-05,0.068,17.97,11.28,0.0,6.69
2004-02-06,0.053,16.43,11.32,0.0,5.11
2004-02-07,0.042,15.53,11.82,0.0,3.71
2004-02-08,0.034,14.85,12.25,0.0,2.6
2004-02-09,0.026,13.91,12.12,0.0,1.79
2004-02-10,0.018,10.44,9.24,0.0,1.21
2004-02-11,0.014,10.08,9.35,0.0,0.73
2004-02-12,0.011,9.59,9.18,0.0,0.42
2004-02-13,0.009,9.39,9.17,0.0,0.22
2004-02-14,0.007,9.28,9.17,0.0,0.11
2004-02-15,0.005,9.22,9.17,0.0,0.06
2004-02-16,0.004,9.18,9.16,0.0,0.03
2004-02-17,0.646,66.5,31.38,14.82,20.29
2004-02-18,2.055,58.65,27.83,12.21,18.6
2004-02-19,0.105,26.33,15.16,0.0,11.17
2004-02-20,0.063,20.23,11.32,0.0,8.91
2004-02-21,0.05,18.21,11.51,0.0,6.7
2004-02-22,0.04,16.73,11.93,0.0,4.81
2004-02-23,0.032,15.89,12.61,0.0,3.28
2004-02-24,0.023,13.3,10.98,0.0,2.32
2004-02-25,6.272,104.98,35.11,27.04,42.83
2004-02-26,2.693,64.41,28.15,13.9,22.36
2004-02-27,0.693,34.12,23.78,2.03,8.31
2004-02-28,0.125,25.06,17.03,0.0,8.04
2004-02-29,0.087,22.77,16.89,0.0,5.88
2004-03-01,0.072,21.71,17.34,0.0,4.37
2004-03-02,0.064,21.94,18.93,0.0,3.01
2004-03-03,0.054,21.54,19.39,0.0,2.15
2004-03-04,0.046,21.43,19.88,0.0,1.55
2004-03-05,0.038,21.2,20.06,0.0,1.14
2004-03-06,0.031,21.04,20.17,0.0,0.86
2004-03-07,0.026,21.01,20.33,0.0,0.69
2004-03-08,0.02,20.44,19.88,0.0,0.56
2004-03-09,0.015,19.52,19.07,0.0,0.45
2004-03-10,0.008,12.04,11.87,0.0,0.16
2004-03-11,0.006,10.89,10.8,0.0,0.1
2004-03-12,0.004,9.23,9.2,0.0,0.02
2004-03-13,0.003,9.19,9.17,0.0,0.01
2004-03-14,0.003,9.18,9.17,0.0,0.0
2004-03-15,0.002,9.16,9.15,0.0,0.0
2004-03-16,0.002,9.17,9.15,0.0,0.0
2004-03-17,0.001,9.2,9.18,0.0,0.0
2004-03-18,0.001,9.12,9.15,0.0,0.0
2004-03-19,0.001,9.17,9.13,0.0,0.0
2004-03-20,0.001,9.07,9.11,0.0,0.0
2004-03-21,0.0,9.31,9.23,0.0,0.0
2004-03-22,0.0,9.0,9.16,0.0,0.0
2004-03-23,0.0,9.18,9.1,0.0,0.0
2004-03-24,0.0,9.43,9.24,0.0,0.0
2004-03-25,0.0,9.0,8.98,0.0,0.0
2004-03-26,0.0,8.9,9.06,0.0,0.0
2004-03-27,0.0,9.26,9.16,0.0,0.0
2004-03-28,0.0,9.16,9.27,0.0,0.0
2004-03-29,0.0,9.16,9.01,0.0,0.0
2004-03-30,0.0,9.06,9.13,0.0,0.0
2004-03-31,0.0,9.47,9.28,0.0,0.0
2004-04-01,0.0,8.94,9.01,0.0,0.0
2004-04-02,0.0,9.37,9.18,0.0,0.0
2004-04-03,0.0,8.82,8.92,0.0,0.0
2004-04-04,0.0,9.26,9.1,0.0,0.0
2004-04-05,0.0,9.14,9.3,0.0,0.0
2004-04-06,0.0,9.14,9.04,0.0,0.0
2004-04-07,0.0,9.0,9.27,0.0,0.0
2004-04-08,0.0,9.0,9.01,0.0,0.0
2004-04-09,0.0,9.53,9.27,0.0,0.0
2004-04-10,0.0,8.85,9.01,0.0,0.0
2004-04-11,0.0,9.4,9.3,0.0,0.0
2004-04-12,0.0,8.68,9.03,0.0,0.0
2004-04-13,0.0,9.26,9.36,0.0,0.0
2004-04-14,0.0,9.26,9.1,0.0,0.0
2004-04-15,0.0,8.49,8.84,0.0,0.0
2004-04-16,0.0,9.09,9.2,0.0,0.0
2004-04-17,0.0,9.09,8.94,0.0,0.0
2004-04-18,0.0,9.79,9.36,0.0,0.0
2004-04-19,0.0,8.9,9.09,0.0,0.0
2004-04-20,0.0,8.9,8.83,0.0,0.0
2004-04-21,0.0,9.65,9.3,0.0,0.0
2004-04-22,0.0,8.68,9.04,0.0,0.0
2004-04-23,0.0,8.68,8.78,0.0,0.0
2004-04-24,0.0,9.47,9.31,0.0,0.0
2004-04-25,0.0,9.47,9.04,0.0,0.0
2004-04-26,0.0,8.42,8.79,0.0,0.0
2004-04-27,0.0,9.26,9.39,0.0,0.0
2004-04-28,0.0,9.26,9.13,0.0,0.0
2004-04-29,0.0,9.26,8.87,0.0,0.0
2004-04-30,0.0,9.0,9.57,0.0,0.0
2004-05-01,0.0,9.0,9.3,0.0,0.0
2004-05-02,0.0,9.0,9.04,0.0,0.0
2004-05-03,0.0,9.0,8.78,0.0,0.0
2004-05-04,0.0,10.13,9.6,0.0,0.0
2004-05-05,0.0,8.68,9.33,0.0,0.0
2004-05-06,0.0,8.68,9.06,0.0,0.0
2004-05-07,0.0,8.68,8.81,0.0,0.0
2004-05-08,0.0,8.68,8.56,0.0,0.0
2004-05-09,0.0,9.92,9.5,0.0,0.0
2004-05-10,0.0,9.92,9.23,0.0,0.0
2004-05-11,0.0,8.27,8.97,0.0,0.0
2004-05-12,0.0,8.27,8.72,0.0,0.0
2004-05-13,0.0,8.27,8.47,0.0,0.0
2004-05-14,0.0,9.65,9.6,0.0,0.0
2004-05-15,0.0,9.65,9.33,0.0,0.0
2004-05-16,0.0,9.65,9.07,0.0,0.0
2004-05-17,0.0,9.65,8.81,0.0,0.0
2004-05-18,0.0,7.72,8.56,0.0,0.0
2004-05-19,0.0,9.26,9.98,0.0,0.0
2004-05-20,0.0,9.26,9.7,0.0,0.0
2004-05-21,0.0,9.26,9.42,0.0,0.0
2004-05-22,0.0,9.26,9.16,0.0,0.0
2004-05-23,0.0,9.26,8.9,0.0,0.0
2004-05-24,0.0,9.26,8.64,0.0,0.0
2004-05-25,0.0,9.26,8.4,0.0,0.0
2004-05-26,0.0,11.57,10.2,0.0,0.0
2004-05-27,0.0,8.68,9.91,0.0,0.0
2004-05-28,0.0,8.68,9.63,0.0,0.0
2004-05-29,0.0,8.68,9.36,0.0,0.0
2004-05-30,0.0,8.68,9.09,0.0,0.0
2004-05-31,0.0,8.68,8.84,0.0,0.0
2004-06-01,0.0,8.68,8.58,0.0,0.0
2004-06-02,0.0,8.68,8.34,0.0,0.0
2004-06-03,0.0,8.68,8.11,0.0,0.0
2004-06-04,0.0,11.57,10.5,0.0,0.0
2004-06-05,0.0,11.57,10.2,0.0,0.0
2004-06-06,0.0,11.57,9.91,0.0,0.0
2004-06-07,0.0,7.72,9.63,0.0,0.0
2004-06-08,0.0,7.72,9.36,0.0,0.0
2004-06-09,0.0,7.72,9.09,0.0,0.0
2004-06-10,0.0,7.72,8.84,0.0,0.0
2004-06-11,0.0,7.72,8.59,0.0,0.0
2004-06-12,0.0,7.72,8.34,0.0,0.0
2004-06-13,0.0,7.72,8.11,0.0,0.0
2004-06-14,0.0,7.72,7.88,0.0,0.0
2004-06-15,0.0,7.72,7.65,0.0,0.0
2004-06-16,0.0,11.57,11.16,0.0,0.0
2004-06-17,0.0,11.57,10.84,0.0,0.0
2004-06-18,0.0,11.57,10.53,0.0,0.0
2004-06-19,0.0,11.57,10.23,0.0,0.0
2004-06-20,0.0,11.57,9.94,0.0,0.0
2004-06-21,0.0,11.57,9.66,0.0,0.0
2004-06-22,0.0,11.57,9.39,0.0,0.0
2004-06-23,0.0,11.57,9.12,0.0,0.0
2004-06-24,0.0,11.57,8.86,0.0,0.0
2004-06-25,0.0,5.79,8.61,0.0,0.0
2004-06-26,0.0,5.79,8.37,0.0,0.0
2004-06-27,0.0,5.79,8.13,0.0,0.0
2004-06-28,0.0,5.79,7.9,0.0,0.0
2004-06-29,0.0,5.79,7.68,0.0,0.0
2004-06-30,0.0,5.79,7.46,0.0,0.0
2004-07-01,0.0,5.79,7.25,0.0,0.0
2004-07-02,0.0,5.79,7.04,0.0,0.0
2004-07-03,0.0,5.79,6.84,0.0,0.0
2004-07-04,0.0,11.57,13.3,0.0,0.0
2004-07-05,0.0,11.57,12.92,0.0,0.0
2004-07-06,0.0,11.57,12.56,0.0,0.0
2004-07-07,0.0,11.57,12.2,0.0,0.0
2004-07-08,0.0,11.57,11.85,0.0,0.0
2004-07-09,0.0,11.57,11.52,0.0,0.0
2004-07-10,0.0,11.57,11.19,0.0,0.0
2004-07-11,0.0,11.57,10.87,0.0,0.0
2004-07-12,0.0,11.57,10.57,0.0,0.0
2004-07-13,0.0,11.57,10.27,0.0,0.0
2004-07-14,0.0,11.57,9.98,0.0,0.0
2004-07-15,0.0,11.57,9.69,0.0,0.0
2004-07-16,0.0,11.57,9.42,0.0,0.0
2004-07-17,0.0,11.57,9.15,0.0,0.0
2004-07-18,0.0,11.57,8.89,0.0,0.0
2004-07-19,0.0,11.57,8.64,0.0,0.0
2004-07-20,0.0,11.57,8.4,0.0,0.0
2004-07-21,0.0,11.57,8.16,0.0,0.0
2004-07-22,0.0,11.57,7.93,0.0,0.0
2004-07-23,0.0,11.57,7.7,0.0,0.0
2004-07-24,0.0,11.57,7.48,0.0,0.0
2004-07-25,0.0,11.57,7.27,0.0,0.0
2004-07-26,0.0,11.57,7.07,0.0,0.0
2004-07-27,0.0,11.57,6.87,0.0,0.0
2004-07-28,0.0,11.57,6.67,0.0,0.0
2004-07-29,0.0,11.57,6.48,0.0,0.0
2004-07-30,0.0,11.57,6.3,0.0,0.0
2004-07-31,0.0,11.57,6.12,0.0,0.0
2004-08-01,0.0,11.57,5.95,0.0,0.0
2004-08-02,0.0,0.0,5.78,0.0,0.0
2004-08-03,0.0,0.0,5.61,0.0,0.0
2004-08-04,0.0,0.0,5.45,0.0,0.0
2004-08-05,0.0,0.0,5.3,0.0,0.0
2004-08-06,0.0,0.0,5.15,0.0,0.0
2004-08-07,0.0,0.0,5.0,0.0,0.0
2004-08-08,0.0,0.0,4.86,0.0,0.0
2004-08-09,0.0,0.0,4.72,0.0,0.0
2004-08-10,0.0,0.0,4.59,0.0,0.0
2004-08-11,0.0,0.0,0.0,0.0,0.0
2004-08-12,0.0,0.0,0.0,0.0,0.0
2004-08-13,0.0,0.0,0.0,0.0,0.0
2004-08-14,0.0,0.0,0.0,0.0,0.0
2004-08-15,0.0,0.0,0.0,0.0,0.0
2004-08-16,0.0,0.0,0.0,0.0,0.0
2004-08-17,0.0,0.0,0.0,0.0,0.0
2004-08-18,0.0,0.0,0.0,0.0,0.0
2004-08-19,0.0,0.0,0.0,0.0,0.0
2004-08-20,0.0,0.0,0.0,0.0,0.0
2004-08-21,0.0,0.0,0.0,0.0,0.0
2004-08-22,0.0,0.0,0.0,0.0,0.0
2004-08-23,0.0,0.0,0.0,0.0,0.0
2004-08-24,0.0,0.0,0.0,0.0,0.0
2004-08-25,0.0,0.0,0.0,0.0,0.0
2004-08-26,0.0,0.0,0.0,0.0,0.0
2004-08-27,0.0,0.0,0.0,0.0,0.0
2004-08-28,0.0,0.0,0.0,0.0,0.0
2004-08-29,0.0,0.0,0.0,0.0,0.0
2004-08-30,0.0,0.0,0.0,0.0,0.0
2004-08-31,0.0,0.0,0.0,0.0,0.0
2004-09-01,0.0,0.0,0.0,0.0,0.0
2004-09-02,0.0,0.0,0.0,0.0,0.0
2004-09-03,0.0,0.0,0.0,0.0,0.0
2004-09-04,0.0,0.0,0.0,0.0,0.0
2004-09-05,0.0,0.0,0.0,0.0,0.0
2004-09-06,0.0,0.0,0.0,0.0,0.0
2004-09-07,0.0,0.0,0.0,0.0,0.0
2004-09-08,0.0,0.0,0.0,0.0,0.0
2004-09-09,0.0,0.0,0.0,0.0,0.0
2004-09-10,0.0,0.0,0.0,0.0,0.0
2004-09-11,0.0,0.0,0.0,0.0,0.0
2004-09-12,0.0,0.0,0.0,0.0,0.0
2004-09-13,0.0,0.0,0.0,0.0,0.0
2004-09-14,0.0,0.0,0.0,0.0,0.0
2004-09-15,0.0,0.0,0.0,0.0,0.0
2004-09-16,0.0,0.0,0.0,0.0,0.0
2004-09-17,0.0,0.0,0.0,0.0,0.0
2004-09-18,0.0,0.0,0.0,0.0,0.0
2004-09-19,0.0,0.0,0.0,0.0,0.0
2004-09-20,0.0,0.0,0.0,0.0,0.0
2004-09-21,0.0,0.0,0.0,0.0,0.0
2004-09-22,0.0,0.0,0.0,0.0,0.0
2004-09-23,0.0,0.0,0.0,0.0,0.0
2004-09-24,0.0,0.0,0.0,0.0,0.0
2004-09-25,0.0,0.0,0.0,0.0,0.0
2004-09-26,0.0,0.0,0.0,0.0,0.0
2004-09-27,0.0,0.0,0.0,0.0,0.0
2004-09-28,0.0,0.0,0.0,0.0,0.0
2004-09-29,0.0,0.0,0.0,0.0,0.0
2004-09-30,0.0,0.0,0.0,0.0,0.0
2004-10-01,0.0,0.0,0.0,0.0,0.0
2004-10-02,0.0,0.0,0.0,0.0,0.0
2004-10-03,0.0,0.0,0.0,0.0,0.0
2004-10-04,0.0,0.0,0.0,0.0,0.0
2004-10-05,0.0,0.0,0.0,0.0,0.0
2004-10-06,0.0,0.0,0.0,0.0,0.0
2004-10-07,0.0,0.0,0.0,0.0,0.0
2004-10-08,0.0,0.0,0.0,0.0,0.0
2004-10-09,0.0,0.0,0.0,0.0,0.0
2004-10-10,0.0,0.0,0.0,0.0,0.0
2004-10-11,0.0,0.0,0.0,0.0,0.0
2004-10-12,0.0,0.0,0.0,0.0,0.0
2004-10-13,0.0,0.0,0.0,0.0,0.0
2004-10-14,0.0,0.0,0.0,0.0,0.0
2004-10-15,0.0,0.0,0.0,0.0,0.0
2004-10-16,0.0,0.0,0.0,0.0,0.0
2004-10-17,0.0,0.0,0.0,0.0,0.0
2004-10-18,0.0,0.0,0.0,0.0,0.0
2004-10-19,3.539,83.88,29.14,22.39,32.35
2004-10-20,1.626,44.43,24.32,6.87,13.24
2004-10-21,0.11,26.64,13.88,0.0,12.76
2004-10-22,0.06,20.1,9.3,0.0,10.8
2004-10-23,0.047,17.45,9.18,0.0,8.27
2004-10-24,0.037,15.28,9.24,0.0,6.04
2004-10-25,0.028,13.47,9.26,0.0,4.21
2004-10-26,3.918,100.39,30.51,27.25,42.63
2004-10-27,0.118,37.48,17.46,0.0,20.02
2004-10-28,0.06,26.45,9.54,0.0,16.91
2004-10-29,0.047,22.32,9.45,0.0,12.87
2004-10-30,0.036,18.85,9.49,0.0,9.36
2004-10-31,0.028,15.77,9.18,0.0,6.59
2004-11-01,0.022,13.54,9.17,0.0,4.37
2004-11-02,0.017,11.91,9.17,0.0,2.74
2004-11-03,0.013,10.79,9.17,0.0,1.63
2004-11-04,0.01,10.09,9.17,0.0,0.91
2004-11-05,0.008,9.65,9.18,0.0,0.48
2004-11-06,0.006,9.41,9.16,0.0,0.24
2004-11-07,0.005,9.3,9.17,0.0,0.12
2004-11-08,0.004,9.2,9.16,0.0,0.06
2004-11-09,0.003,9.2,9.17,0.0,0.03
2004-11-10,0.002,9.18,9.15,0.0,0.01
2004-11-11,0.93,49.71,31.22,7.43,11.06
2004-11-12,0.185,32.75,26.23,0.24,6.28
2004-11-13,0.052,15.29,9.73,0.0,5.55
2004-11-14,0.04,13.59,9.39,0.0,4.2
2004-11-15,0.031,12.37,9.39,0.0,2.98
2004-11-16,0.024,11.28,9.26,0.0,2.02
2004-11-17,0.018,10.48,9.18,0.0,1.3
2004-11-18,0.014,9.95,9.17,0.0,0.79
2004-11-19,0.011,9.62,9.18,0.0,0.45
2004-11-20,0.009,9.41,9.17,0.0,0.24
2004-11-21,0.007,9.29,9.17,0.0,0.12
2004-11-22,0.005,9.22,9.17,0.0,0.06
2004-11-23,0.004,9.19,9.17,0.0,0.03
2004-11-24,0.003,9.2,9.18,0.0,0.01
2004-11-25,0.002,9.18,9.16,0.0,0.01
2004-11-26,0.002,9.16,9.17,0.0,0.0
2004-11-27,0.001,9.17,9.19,0.0,0.0
2004-11-28,0.001,9.18,9.17,0.0,0.0
2004-11-29,0.001,9.13,9.19,0.0,0.0
2004-11-30,0.001,9.26,9.19,0.0,0.0
2004-12-01,0.001,9.05,9.1,0.0,0.0
2004-12-02,0.0,9.37,9.27,0.0,0.0
2004-12-03,0.0,9.12,9.17,0.0,0.0
2004-12-04,0.0,9.09,9.12,0.0,0.0
2004-12-05,0.0,9.0,9.15,0.0,0.0
2004-12-06,0.0,9.35,9.24,0.0,0.0
2004-12-07,1.464,66.64,28.89,15.46,22.29
2004-12-08,6.237,64.04,27.19,13.75,23.1
2004-12-09,0.453,37.36,26.08,2.34,8.93
2004-12-10,0.08,20.55,10.87,0.0,9.68
2004-12-11,0.058,17.76,10.32,0.0,7.44
2004-12-12,0.046,16.0,10.46,0.0,5.54
2004-12-13,0.037,14.78,10.85,0.0,3.93
2004-12-14,0.029,13.78,11.08,0.0,2.7
2004-12-15,0.023,12.87,11.07,0.0,1.8
2004-12-16,0.017,10.93,9.77,0.0,1.16
2004-12-17,0.013,9.87,9.18,0.0,0.69
2004-12-18,0.01,9.56,9.18,0.0,0.38
2004-12-19,0.008,9.37,9.17,0.0,0.2
2004-12-20,0.006,9.27,9.17,0.0,0.1
2004-12-21,0.005,9.22,9.17,0.0,0.05
2004-12-22,0.004,9.19,9.16,0.0,0.02
2004-12-23,0.003,9.19,9.18,0.0,0.01
2004-12-24,0.002,9.2,9.17,0.0,0.01
2004-12-25,0.002,9.13,9.15,0.0,0.0
2004-12-26,0.001,9.19,9.18,0.0,0.0
2004-12-27,6.423,81.51,29.81,20.27,31.43
2004-12-28,2.21,51.32,29.34,8.01,13.96
2004-12-29,1.509,40.15,18.71,8.08,13.36
2004-12-30,5.847,54.76,26.59,11.18,17.0
2004-12-31,2.77,46.79,26.74,7.62,12.43
2005-01-01,0.985,35.49,26.12,2.75,6.61
2005-01-02,3.186,43.31,23.69,7.7,11.92
2005-01-03,1.315,41.57,29.72,4.09,7.76
2005-01-04,0.299,30.4,25.42,0.08,4.9
2005-01-05,0.122,21.21,17.75,0.0,3.46
2005-01-06,0.097,21.16,18.62,0.0,2.54
2005-01-07,2.885,50.44,25.06,10.35,15.04
2005-01-08,1.747,37.13,25.05,4.31,7.77
2005-01-09,0.585,29.23,23.85,0.73,4.64
2005-01-10,0.902,47.6,21.25,10.91,15.44
2005-01-11,3.455,51.76,26.83,9.99,14.93
2005-01-12,0.302,30.68,25.03,0.03,5.61
2005-01-13,0.162,25.06,21.28,0.0,3.78
2005-01-14,0.135,24.8,22.11,0.0,2.69
2005-01-15,0.117,24.23,22.13,0.0,2.09
2005-01-16,0.105,23.88,22.26,0.0,1.62
2005-01-17,0.099,24.28,23.0,0.0,1.28
2005-01-18,0.088,24.19,23.12,0.0,1.07
2005-01-19,0.074,23.56,22.64,0.0,0.92
2005-01-20,0.068,23.96,23.14,0.0,0.82
2005-01-21,0.061,24.09,23.34,0.0,0.75
2005-01-22,0.054,23.97,23.26,0.0,0.7
2005-01-23,0.047,23.89,23.23,0.0,0.66
2005-01-24,0.039,23.57,22.95,0.0,0.62
2005-01-25,0.03,22.22,21.67,0.0,0.55
2005-01-26,0.027,22.47,21.93,0.0,0.55
2005-01-27,0.024,23.64,23.09,0.0,0.55
2005-01-28,0.798,49.79,33.57,6.39,9.83
2005-01-29,0.099,25.34,22.05,0.0,3.29
2005-01-30,0.065,19.36,17.06,0.0,2.3
2005-01-31,0.054,19.24,17.54,0.0,1.7
2005-02-01,0.044,19.1,17.83,0.0,1.27
2005-02-02,0.033,16.93,15.98,0.0,0.95
2005-02-03,0.031,19.46,18.72,0.0,0.74
2005-02-04,0.026,19.61,19.0,0.0,0.6
2005-02-05,0.021,19.32,18.81,0.0,0.51
2005-02-06,0.017,19.1,18.66,0.0,0.45
2005-02-07,0.014,18.43,18.04,0.0,0.39
2005-02-08,0.012,19.45,19.05,0.0,0.39
2005-02-09,0.008,15.96,15.71,0.0,0.26
2005-02-10,0.006,16.98,16.7,0.0,0.29
2005-02-11,0.004,9.51,9.48,0.0,0.02
2005-02-12,0.003,10.19,10.15,0.0,0.05
2005-02-13,0.002,11.18,11.14,0.0,0.07
2005-02-14,0.002,9.25,9.22,0.0,0.0
2005-02-15,7.673,68.81,27.59,16.06,25.16
2005-02-16,1.855,53.04,30.29,8.51,14.24
2005-02-17,0.175,26.48,20.06,0.0,6.41
2005-02-18,2.473,57.07,26.3,12.26,18.51
2005-02-19,1.898,46.4,23.04,8.98,14.38
2005-02-20,1.202,42.17,27.65,4.9,9.61
2005-02-21,0.992,33.78,24.55,2.74,6.49
2005-02-22,0.254,25.92,22.46,0.02,3.44
2005-02-23,0.184,25.36,22.93,0.0,2.43
2005-02-24,0.161,25.6,23.79,0.0,1.81
2005-02-25,0.147,25.36,23.88,0.0,1.47
2005-02-26,0.132,25.12,23.88,0.0,1.24
2005-02-27,0.199,29.23,24.54,0.79,3.9
2005-02-28,0.344,39.07,34.06,0.45,4.55
2005-03-01,0.147,18.65,17.98,0.0,0.68
2005-03-02,0.796,52.54,33.93,7.28,11.32
2005-03-03,0.787,44.98,20.2,10.41,14.38
2005-03-04,3.273,60.0,27.04,13.01,19.95
2005-03-05,0.302,31.97,25.46,0.01,6.49
2005-03-06,0.195,27.81,23.75,0.0,4.06
2005-03-07,0.168,27.26,24.39,0.0,2.86
2005-03-08,0.15,26.56,24.35,0.0,2.21
2005-03-09,0.13,25.91,24.14,0.0,1.76
2005-03-10,0.107,24.93,23.48,0.0,1.44
2005-03-11,0.092,24.59,23.4,0.0,1.19
2005-03-12,0.08,24.38,23.38,0.0,1.0
2005-03-13,0.068,24.18,23.31,0.0,0.86
2005-03-14,0.055,23.63,22.88,0.0,0.75
2005-03-15,0.044,22.41,21.75,0.0,0.66
2005-03-16,0.035,21.96,21.37,0.0,0.59
2005-03-17,0.026,20.09,19.6,0.0,0.49
2005-03-18,0.02,19.56,19.12,0.0,0.44
2005-03-19,0.66,52.08,30.18,8.38,13.53
2005-03-20,0.457,38.25,26.8,3.02,8.43
2005-03-21,0.194,16.01,13.25,0.0,2.76
2005-03-22,4.686,57.31,26.32,12.47,18.52
2005-03-23,1.708,42.35,27.09,5.45,9.81
2005-03-24,0.236,27.77,23.34,0.01,4.43
2005-03-25,0.172,26.75,23.7,0.0,3.04
2005-03-26,0.151,26.44,24.16,0.0,2.28
2005-03-27,0.17,26.14,23.56,0.12,2.47
2005-03-28,0.703,38.9,28.88,3.33,6.69
2005-03-29,0.821,42.46,27.38,5.7,9.39
2005-03-30,0.206,25.31,22.17,0.0,3.13
2005-03-31,0.143,24.42,22.32,0.0,2.1
2005-04-01,0.128,24.61,22.97,0.0,1.64
2005-04-02,0.11,24.26,22.91,0.0,1.35
2005-04-03,0.184,25.95,22.44,0.41,3.1
2005-04-04,0.616,39.42,30.81,2.8,5.81
2005-04-05,0.121,24.27,22.46,0.0,1.81
2005-04-06,0.098,23.21,21.75,0.0,1.46
2005-04-07,0.078,22.12,20.93,0.0,1.19
2005-04-08,0.075,23.67,22.68,0.0,0.99
2005-04-09,0.113,29.76,28.12,0.0,1.63
2005-04-10,0.061,24.64,23.87,0.0,0.77
2005-04-11,0.053,24.79,24.07,0.0,0.72
2005-04-12,0.044,24.01,23.36,0.0,0.66
2005-04-13,0.037,24.04,23.41,0.0,0.62
2005-04-14,0.028,22.92,22.37,0.0,0.56
2005-04-15,0.021,21.64,21.15,0.0,0.5
2005-04-16,0.016,20.51,20.08,0.0,0.43
2005-04-17,0.011,18.53,18.2,0.0,0.33
2005-04-18,0.006,11.87,11.76,0.0,0.11
2005-04-19,0.004,9.2,9.2,0.0,0.01
2005-04-20,0.003,9.18,9.18,0.0,0.01
2005-04-21,0.003,9.15,9.16,0.0,0.0
2005-04-22,0.002,9.17,9.18,0.0,0.0
2005-04-23,0.002,9.13,9.17,0.0,0.0
2005-04-24,0.001,9.17,9.17,0.0,0.0
2005-04-25,0.001,9.19,9.18,0.0,0.0
2005-04-26,0.001,9.26,9.22,0.0,0.0
2005-04-27,0.001,9.02,9.11,0.0,0.0
2005-04-28,0.898,58.83,34.65,9.99,14.19
2005-04-29,0.088,27.61,22.01,0.0,5.6
2005-04-30,0.048,17.05,12.53,0.0,4.52
2005-05-01,0.038,15.69,12.46,0.0,3.23
2005-05-02,0.031,15.95,13.78,0.0,2.18
2005-05-03,0.024,14.5,13.0,0.0,1.5
2005-05-04,0.126,31.66,20.55,3.57,7.54
2005-05-05,1.265,53.36,32.16,8.51,12.69
2005-05-06,0.094,24.8,18.99,0.0,5.81
2005-05-07,0.06,18.4,13.79,0.0,4.61
2005-05-08,0.044,15.98,12.41,0.0,3.58
2005-05-09,0.105,30.42,27.31,0.01,3.1
2005-05-10,0.038,21.66,20.07,0.0,1.59
2005-05-11,0.025,16.71,15.58,0.0,1.13
2005-05-12,0.02,17.23,16.44,0.0,0.79
2005-05-13,0.013,12.62,12.14,0.0,0.48
2005-05-14,0.009,10.51,10.24,0.0,0.26
2005-05-15,0.007,9.3,9.19,0.0,0.12
2005-05-16,0.005,9.23,9.18,0.0,0.06
2005-05-17,0.004,9.21,9.18,0.0,0.03
2005-05-18,0.003,9.2,9.18,0.0,0.01
2005-05-19,0.003,9.2,9.18,0.0,0.01
2005-05-20,0.002,9.18,9.15,0.0,0.0
2005-05-21,0.002,9.23,9.2,0.0,0.0
2005-05-22,0.001,9.14,9.19,0.0,0.0
2005-05-23,0.001,9.09,9.14,0.0,0.0
2005-05-24,0.001,9.16,9.17,0.0,0.0
2005-05-25,0.001,9.09,9.16,0.0,0.0
2005-05-26,0.0,9.15,9.26,0.0,0.0
2005-05-27,0.0,9.19,9.1,0.0,0.0
2005-05-28,0.0,9.09,9.17,0.0,0.0
2005-05-29,0.0,9.0,9.18,0.0,0.0
2005-05-30,0.0,9.35,9.26,0.0,0.0
2005-05-31,0.0,8.9,9.0,0.0,0.0
2005-06-01,0.0,9.26,9.09,0.0,0.0
2005-06-02,0.0,9.16,9.2,0.0,0.0
2005-06-03,0.0,9.16,8.94,0.0,0.0
2005-06-04,0.0,9.06,9.07,0.0,0.0
2005-06-05,0.0,9.47,9.21,0.0,0.0
2005-06-06,0.0,8.94,8.95,0.0,0.0
2005-06-07,0.0,9.37,9.11,0.0,0.0
2005-06-08,0.0,9.26,9.29,0.0,0.0
2005-06-09,0.0,9.26,9.03,0.0,0.0
2005-06-10,0.0,9.14,9.24,0.0,0.0
2005-06-11,0.0,9.14,8.97,0.0,0.0
2005-06-12,0.0,9.0,9.2,0.0,0.0
2005-06-13,0.0,9.0,8.94,0.0,0.0
2005-06-14,0.0,9.53,9.2,0.0,0.0
2005-06-15,0.0,8.85,8.94,0.0,0.0
2005-06-16,0.0,9.4,9.23,0.0,0.0
2005-06-17,0.0,8.68,8.97,0.0,0.0
2005-06-18,0.0,9.26,9.3,0.0,0.0
2005-06-19,0.0,9.26,9.03,0.0,0.0
2005-06-20,0.0,9.09,9.4,0.0,0.0
2005-06-21,0.0,9.09,9.14,0.0,0.0
2005-06-22,0.0,9.09,8.88,0.0,0.0
2005-06-23,0.0,8.9,9.29,0.0,0.0
2005-06-24,0.0,8.9,9.03,0.0,0.0
2005-06-25,0.0,8.9,8.77,0.0,0.0
2005-06-26,0.0,9.65,9.23,0.0,0.0
2005-06-27,0.0,8.68,8.97,0.0,0.0
2005-06-28,0.0,8.68,8.72,0.0,0.0
2005-06-29,0.0,9.47,9.24,0.0,0.0
2005-06-30,0.0,9.47,8.98,0.0,0.0
2005-07-01,0.0,8.42,8.72,0.0,0.0
2005-07-02,0.0,9.26,9.32,0.0,0.0
2005-07-03,0.0,9.26,9.06,0.0,0.0
2005-07-04,0.0,9.26,8.8,0.0,0.0
2005-07-05,0.0,9.0,9.5,0.0,0.0
2005-07-06,0.0,9.0,9.23,0.0,0.0
2005-07-07,0.0,9.0,8.97,0.0,0.0
2005-07-08,0.0,9.0,8.72,0.0,0.0
2005-07-09,0.0,10.13,9.53,0.0,0.0
2005-07-10,0.0,8.68,9.26,0.0,0.0
2005-07-11,0.0,8.68,9.0,0.0,0.0
2005-07-12,0.0,8.68,8.74,0.0,0.0
2005-07-13,0.0,9.92,9.71,0.0,0.0
2005-07-14,0.0,9.92,9.43,0.0,0.0
2005-07-15,0.0,9.92,9.17,0.0,0.0
2005-07-16,0.0,8.27,8.91,0.0,0.0
2005-07-17,0.0,8.27,8.65,0.0,0.0
2005-07-18,0.0,9.65,9.81,0.0,0.0
2005-07-19,0.0,9.65,9.53,0.0,0.0
2005-07-20,0.0,9.65,9.26,0.0,0.0
2005-07-21,0.0,9.65,9.0,0.0,0.0
2005-07-22,0.0,9.65,8.74,0.0,0.0
2005-07-23,0.0,7.72,8.5,0.0,0.0
2005-07-24,0.0,9.26,9.91,0.0,0.0
2005-07-25,0.0,9.26,9.63,0.0,0.0
2005-07-26,0.0,9.26,9.35,0.0,0.0
2005-07-27,0.0,9.26,9.09,0.0,0.0
2005-07-28,0.0,9.26,8.83,0.0,0.0
2005-07-29,0.0,9.26,8.58,0.0,0.0
2005-07-30,0.0,9.26,8.34,0.0,0.0
2005-07-31,0.0,8.68,10.13,0.0,0.0
2005-08-01,0.0,8.68,9.84,0.0,0.0
2005-08-02,0.0,8.68,9.56,0.0,0.0
2005-08-03,0.0,8.68,9.29,0.0,0.0
2005-08-04,0.0,8.68,9.03,0.0,0.0
2005-08-05,0.0,8.68,8.77,0.0,0.0
2005-08-06,0.0,8.68,8.52,0.0,0.0
2005-08-07,0.0,8.68,8.28,0.0,0.0
2005-08-08,0.0,8.68,8.05,0.0,0.0
2005-08-09,0.0,11.57,10.42,0.0,0.0
2005-08-10,0.0,11.57,10.13,0.0,0.0
2005-08-11,0.0,11.57,9.84,0.0,0.0
2005-08-12,0.0,7.72,9.56,0.0,0.0
2005-08-13,0.0,7.72,9.29,0.0,0.0
2005-08-14,0.0,7.72,9.03,0.0,0.0
2005-08-15,0.0,7.72,8.77,0.0,0.0
2005-08-16,0.0,7.72,8.52,0.0,0.0
2005-08-17,0.0,7.72,8.28,0.0,0.0
2005-08-18,0.0,7.72,8.05,0.0,0.0
2005-08-19,0.0,7.72,7.82,0.0,0.0
2005-08-20,0.0,7.72,7.6,0.0,0.0
2005-08-21,0.0,11.57,11.08,0.0,0.0
2005-08-22,0.0,11.57,10.76,0.0,0.0
2005-08-23,0.0,11.57,10.46,0.0,0.0
2005-08-24,0.0,11.57,10.16,0.0,0.0
2005-08-25,0.0,11.57,9.87,0.0,0.0
2005-08-26,0.0,11.57,9.59,0.0,0.0
2005-08-27,0.0,11.57,9.32,0.0,0.0
2005-08-28,0.0,11.57,9.06,0.0,0.0
2005-08-29,0.0,11.57,8.8,0.0,0.0
2005-08-30,0.0,5.79,8.55,0.0,0.0
2005-08-31,0.0,5.79,8.31,0.0,0.0
2005-09-01,0.0,5.79,8.07,0.0,0.0
2005-09-02,0.0,5.79,7.84,0.0,0.0
2005-09-03,0.0,5.79,7.62,0.0,0.0
2005-09-04,0.0,5.79,7.41,0.0,0.0
2005-09-05,0.0,5.79,7.2,0.0,0.0
2005-09-06,0.0,5.79,6.99,0.0,0.0
2005-09-07,0.0,11.57,13.59,0.0,0.0
2005-09-08,0.0,11.57,13.2,0.0,0.0
2005-09-09,0.0,11.57,12.83,0.0,0.0
2005-09-10,0.0,11.57,12.47,0.0,0.0
2005-09-11,0.0,11.57,12.11,0.0,0.0
2005-09-12,0.0,11.57,11.77,0.0,0.0
2005-09-13,0.0,11.57,11.44,0.0,0.0
2005-09-14,0.0,11.57,11.11,0.0,0.0
2005-09-15,0.0,11.57,10.8,0.0,0.0
2005-09-16,0.0,11.57,10.49,0.0,0.0
2005-09-17,0.0,11.57,10.19,0.0,0.0
2005-09-18,0.0,11.57,9.9,0.0,0.0
2005-09-19,0.0,11.57,9.62,0.0,0.0
2005-09-20,0.0,11.57,9.35,0.0,0.0
2005-09-21,0.0,11.57,9.09,0.0,0.0
2005-09-22,0.0,11.57,8.83,0.0,0.0
2005-09-23,0.0,11.57,8.58,0.0,0.0
2005-09-24,0.0,11.57,8.34,0.0,0.0
2005-09-25,0.0,11.57,8.1,0.0,0.0
2005-09-26,0.0,11.57,7.87,0.0,0.0
2005-09-27,0.0,11.57,7.65,0.0,0.0
2005-09-28,0.0,11.57,7.43,0.0,0.0
2005-09-29,0.0,11.57,7.22,0.0,0.0
2005-09-30,0.0,11.57,7.01,0.0,0.0
2005-10-01,0.0,11.57,6.82,0.0,0.0
2005-10-02,0.0,11.57,6.62,0.0,0.0
2005-10-03,0.0,11.57,6.44,0.0,0.0
2005-10-04,0.0,11.57,6.25,0.0,0.0
2005-10-05,0.0,11.57,6.08,0.0,0.0
2005-10-06,0.0,11.57,5.9,0.0,0.0
2005-10-07,0.0,0.0,5.74,0.0,0.0
2005-10-08,0.0,0.0,5.57,0.0,0.0
2005-10-09,0.0,0.0,5.42,0.0,0.0
2005-10-10,0.0,0.0,5.26,0.0,0.0
2005-10-11,0.0,0.0,5.11,0.0,0.0
2005-10-12,0.0,0.0,4.97,0.0,0.0
2005-10-13,0.0,0.0,4.83,0.0,0.0
2005-10-14,0.0,0.0,4.69,0.0,0.0
2005-10-15,0.0,0.0,4.56,0.0,0.0
2005-10-16,0.0,0.0,0.0,0.0,0.0
2005-10-17,0.0,0.0,0.0,0.0,0.0
2005-10-18,0.0,0.0,0.0,0.0,0.0
2005-10-19,0.0,0.0,0.0,0.0,0.0
2005-10-20,0.0,0.0,0.0,0.0,0.0
2005-10-21,0.0,0.0,0.0,0.0,0.0
2005-10-22,0.0,0.0,0.0,0.0,0.0
2005-10-23,0.0,0.0,0.0,0.0,0.0
2005-10-24,0.0,0.0,0.0,0.0,0.0
2005-10-25,0.0,0.0,0.0,0.0,0.0
2005-10-26,0.0,0.0,0.0,0.0,0.0
2005-10-27,0.0,0.0,0.0,0.0,0.0
2005-10-28,0.0,0.0,0.0,0.0,0.0
2005-10-29,0.0,0.0,0.0,0.0,0.0
2005-10-30,0.0,0.0,0.0,0.0,0.0
2005-10-31,0.0,0.0,0.0,0.0,0.0
2005-11-01,0.0,0.0,0.0,0.0,0.0
2005-11-02,0.0,0.0,0.0,0.0,0.0
2005-11-03,0.0,0.0,0.0,0.0,0.0
2005-11-04,0.0,0.0,0.0,0.0,0.0
2005-11-05,0.0,0.0,0.0,0.0,0.0
2005-11-06,0.0,0.0,0.0,0.0,0.0
2005-11-07,0.0,0.0,0.0,0.0,0.0
2005-11-08,0.0,0.0,0.0,0.0,0.0
2005-11-09,0.0,0.0,0.0,0.0,0.0
2005-11-10,0.0,0.0,0.0,0.0,0.0
2005-11-11,0.0,0.0,0.0,0.0,0.0
2005-11-12,0.0,0.0,0.0,0.0,0.0
2005-11-13,0.0,0.0,0.0,0.0,0.0
2005-11-14,0.0,0.0,0.0,0.0,0.0
2005-11-15,0.0,0.0,0.0,0.0,0.0
2005-11-16,0.0,0.0,0.0,0.0,0.0
2005-11-17,0.0,0.0,0.0,0.0,0.0
2005-11-18,0.0,0.0,0.0,0.0,0.0
2005-11-19,0.0,0.0,0.0,0.0,0.0
2005-11-20,0.0,0.0,0.0,0.0,0.0
2005-11-21,0.0,0.0,0.0,0.0,0.0
2005-11-22,0.0,0.0,0.0,0.0,0.0
2005-11-23,0.0,0.0,0.0,0.0,0.0
2005-11-24,0.0,0.0,0.0,0.0,0.0
2005-11-25,0.0,0.0,0.0,0.0,0.0
2005-11-26,0.0,0.0,0.0,0.0,0.0
2005-11-27,0.0,0.0,0.0,0.0,0.0
2005-11-28,0.0,0.0,0.0,0.0,0.0
2005-11-29,0.237,38.11,33.7,0.08,4.34
2005-11-30,0.032,27.3,25.38,0.0,1.92
2005-12-01,5.922,120.49,32.68,34.41,53.4
2005-12-02,1.015,67.66,33.83,11.87,21.97
2005-12-03,0.08,28.95,11.44,0.0,17.51
2005-12-04,0.055,23.42,9.4,0.0,14.02
2005-12-05,0.043,19.78,9.18,0.0,10.6
2005-12-06,0.033,16.95,9.41,0.0,7.54
2005-12-07,0.026,14.58,9.4,0.0,5.18
2005-12-08,0.02,12.57,9.17,0.0,3.4
2005-12-09,0.016,11.26,9.17,0.0,2.09
2005-12-10,0.012,10.39,9.17,0.0,1.22
2005-12-11,0.01,9.85,9.18,0.0,0.67
2005-12-12,0.007,9.52,9.17,0.0,0.35
2005-12-13,0.006,9.36,9.18,0.0,0.18
2005-12-14,0.005,9.25,9.18,0.0,0.09
2005-12-15,0.004,9.22,9.17,0.0,0.04
2005-12-16,0.003,9.19,9.16,0.0,0.02
2005-12-17,0.216,33.57,16.92,7.19,9.46
2005-12-18,14.039,95.95,35.3,22.61,38.04
2005-12-19,2.482,54.25,28.98,9.41,15.86
2005-12-20,0.098,24.36,13.84,0.0,10.52
2005-12-21,0.79,49.16,25.67,9.43,14.06
2005-12-22,3.278,55.26,25.46,11.99,17.8
2005-12-23,0.44,42.11,27.72,3.44,10.95
2005-12-24,0.095,21.9,14.12,0.0,7.78
2005-12-25,0.917,38.64,23.25,5.91,9.49
2005-12-26,3.043,57.54,26.91,12.15,18.48
2005-12-27,0.133,25.45,17.38,0.0,8.07
2005-12-28,2.24,57.27,25.48,12.54,19.24
2005-12-29,0.172,30.94,21.29,0.0,9.64
2005-12-30,0.607,29.01,14.26,5.81,8.94
2005-12-31,9.865,154.59,39.12,41.73,73.74
2006-01-01,0.417,44.42,26.74,1.42,16.26
2006-01-02,9.1,100.7,34.5,24.54,41.66
2006-01-03,0.569,50.15,30.62,4.79,14.75
2006-01-04,0.296,30.9,24.16,0.01,6.72
2006-01-05,0.252,29.09,24.53,0.0,4.56
2006-01-06,0.222,28.09,24.91,0.0,3.17
2006-01-07,0.2,27.29,24.94,0.0,2.34
2006-01-08,0.177,26.33,24.45,0.0,1.88
2006-01-09,0.165,25.79,24.26,0.0,1.52
2006-01-10,0.157,25.71,24.44,0.0,1.27
2006-01-11,0.152,25.78,24.67,0.0,1.11
2006-01-12,0.129,24.89,23.9,0.0,0.99
2006-01-13,0.113,24.54,23.64,0.0,0.9
2006-01-14,1.561,49.01,26.56,9.44,13.01
2006-01-15,0.424,34.43,27.37,1.37,5.7
2006-01-16,0.183,24.75,21.53,0.0,3.21
2006-01-17,0.143,24.63,22.3,0.0,2.33
2006-01-18,0.545,44.37,28.42,5.62,10.33
2006-01-19,0.193,27.18,23.95,0.0,3.23
2006-01-20,0.134,23.75,21.6,0.0,2.15
2006-01-21,0.12,23.52,21.82,0.0,1.69
2006-01-22,0.103,23.23,21.86,0.0,1.38
2006-01-23,0.086,22.47,21.33,0.0,1.13
2006-01-24,0.083,23.18,22.22,0.0,0.96
2006-01-25,0.076,23.51,22.66,0.0,0.85
2006-01-26,0.067,23.37,22.6,0.0,0.77
2006-01-27,0.061,23.58,22.86,0.0,0.73
2006-01-28,0.051,23.11,22.43,0.0,0.67
2006-01-29,0.047,23.45,22.8,0.0,0.65
2006-01-30,0.041,23.05,22.42,0.0,0.63
2006-01-31,0.037,23.3,22.69,0.0,0.62
2006-02-01,0.031,22.53,21.95,0.0,0.58
2006-02-02,0.032,23.94,23.31,0.0,0.63
2006-02-03,0.029,23.85,23.23,0.0,0.62
2006-02-04,0.025,23.69,23.08,0.0,0.6
2006-02-05,0.014,18.94,18.53,0.0,0.41
2006-02-06,0.011,16.74,16.41,0.0,0.33
2006-02-07,0.007,13.0,12.82,0.0,0.19
2006-02-08,0.008,18.04,17.71,0.0,0.34
2006-02-09,0.005,11.7,11.58,0.0,0.12
2006-02-10,0.004,11.79,11.68,0.0,0.12
2006-02-11,0.003,9.29,9.25,0.0,0.02
2006-02-12,0.002,9.19,9.18,0.0,0.01
2006-02-13,0.002,9.22,9.2,0.0,0.0
2006-02-14,0.001,9.19,9.18,0.0,0.0
2006-02-15,0.001,9.21,9.17,0.0,0.0
2006-02-16,0.001,9.14,9.19,0.0,0.0
2006-02-17,0.001,9.22,9.2,0.0,0.0
2006-02-18,0.0,9.06,9.16,0.0,0.0
2006-02-19,0.0,9.0,9.1,0.0,0.0
2006-02-20,0.0,9.18,9.07,0.0,0.0
2006-02-21,0.0,9.43,9.24,0.0,0.0
2006-02-22,0.0,9.0,8.97,0.0,0.0
2006-02-23,0.0,8.9,9.06,0.0,0.0
2006-02-24,0.0,9.26,9.15,0.0,0.0
2006-02-25,0.0,9.16,9.26,0.0,0.0
2006-02-26,0.0,9.16,9.0,0.0,0.0
2006-02-27,3.921,66.29,28.79,15.43,22.07
2006-02-28,2.741,53.67,28.34,9.88,15.45
2006-03-01,0.212,30.9,23.17,0.01,7.72
2006-03-02,1.342,56.21,26.04,11.65,18.52
2006-03-03,3.5,54.62,25.45,11.48,17.69
2006-03-04,0.284,31.19,25.16,0.01,6.01
2006-03-05,1.124,49.09,18.57,12.56,17.96
2006-03-06,4.359,62.81,28.46,13.61,20.74
2006-03-07,2.401,41.12,24.5,6.08,10.54
2006-03-08,0.409,30.33,26.31,0.02,3.99
2006-03-09,0.293,27.97,25.15,0.01,2.81
2006-03-10,0.256,27.95,25.89,0.0,2.06
2006-03-11,0.523,37.52,30.24,2.04,5.24
2006-03-12,0.873,38.42,28.27,3.58,6.57
2006-03-13,0.318,27.23,24.97,0.02,2.24
2006-03-14,2.18,49.92,26.1,9.6,14.21
2006-03-15,1.19,34.0,24.66,3.16,6.18
2006-03-16,1.225,45.97,20.86,10.3,14.82
2006-03-17,2.86,53.75,27.6,10.38,15.77
2006-03-18,0.457,30.2,26.68,0.03,3.5
2006-03-19,0.362,28.38,25.89,0.01,2.48
2006-03-20,1.871,41.96,24.95,6.82,10.19
2006-03-21,1.774,37.21,26.34,3.97,6.89
2006-03-22,0.476,28.54,26.34,0.03,2.18
2006-03-23,0.412,28.05,26.29,0.02,1.74
2006-03-24,0.345,27.61,26.12,0.01,1.48
2006-03-25,5.471,112.13,34.14,30.26,47.74
2006-03-26,0.612,34.59,27.85,0.1,6.64
2006-03-27,0.516,30.86,26.67,0.03,4.16
2006-03-28,0.456,29.54,26.5,0.03,3.02
2006-03-29,1.343,38.6,27.1,4.15,7.35
2006-03-30,0.512,29.09,26.58,0.03,2.48
2006-03-31,0.464,28.3,26.34,0.03,1.94
2006-04-01,0.566,32.56,28.26,0.88,3.43
2006-04-02,1.367,42.56,21.63,8.64,12.29
2006-04-03,4.028,48.37,27.59,8.27,12.51
2006-04-04,5.383,60.5,28.71,12.56,19.23
2006-04-05,1.971,34.28,26.96,2.42,4.91
2006-04-06,1.035,30.1,27.8,0.46,1.85
2006-04-07,0.884,29.06,27.47,0.15,1.45
2006-04-08,0.745,28.75,27.41,0.06,1.27
2006-04-09,0.641,28.22,27.0,0.04,1.18
2006-04-10,0.549,27.85,26.68,0.04,1.13
2006-04-11,0.49,27.52,26.39,0.03,1.09
2006-04-12,1.508,46.63,28.01,7.51,11.12
2006-04-13,0.741,33.81,28.82,1.09,3.9
2006-04-14,0.529,28.67,26.74,0.03,1.9
2006-04-15,0.417,27.66,26.01,0.02,1.62
2006-04-16,1.039,57.24,28.57,11.53,17.14
2006-04-17,0.565,30.72,27.31,0.19,3.22
2006-04-18,0.331,27.48,25.48,0.01,1.99
2006-04-19,0.267,27.31,25.7,0.0,1.61
2006-04-20,0.221,27.12,25.75,0.0,1.36
2006-04-21,0.187,26.73,25.53,0.0,1.2
2006-04-22,0.15,25.35,24.28,0.0,1.06
2006-04-23,0.142,25.7,24.73,0.0,0.97
2006-04-24,0.11,24.21,23.34,0.0,0.86
2006-04-25,0.095,23.88,23.08,0.0,0.8
2006-04-26,0.076,22.92,22.2,0.0,0.72
2006-04-27,0.059,21.89,21.24,0.0,0.65
2006-04-28,0.046,20.86,20.28,0.0,0.57
2006-04-29,0.035,19.49,18.99,0.0,0.49
2006-04-30,0.025,17.04,16.66,0.0,0.38
2006-05-01,0.016,12.94,12.72,0.0,0.22
2006-05-02,0.011,9.52,9.44,0.0,0.08
2006-05-03,0.009,9.21,9.18,0.0,0.04
2006-05-04,0.007,9.19,9.17,0.0,0.02
2006-05-05,0.005,9.19,9.17,0.0,0.01
2006-05-06,0.004,9.19,9.18,0.0,0.0
2006-05-07,0.003,9.19,9.18,0.0,0.0
2006-05-08,0.002,9.17,9.16,0.0,0.0
2006-05-09,0.002,9.15,9.17,0.0,0.0
2006-05-10,0.001,9.23,9.19,0.0,0.0
2006-05-11,0.001,9.16,9.19,0.0,0.0
2006-05-12,0.001,9.23,9.22,0.0,0.0
2006-05-13,0.001,9.09,9.11,0.0,0.0
2006-05-14,0.001,9.22,9.17,0.0,0.0
2006-05-15,0.0,9.09,9.16,0.0,0.0
2006-05-16,0.0,9.12,9.06,0.0,0.0
2006-05-17,0.0,9.09,9.09,0.0,0.0
2006-05-18,0.0,9.0,9.14,0.0,0.0
2006-05-19,0.0,9.35,9.22,0.0,0.0
2006-05-20,0.0,8.9,8.96,0.0,0.0
2006-05-21,0.0,9.26,9.06,0.0,0.0
2006-05-22,0.0,9.16,9.17,0.0,0.0
2006-05-23,0.0,8.68,8.91,0.0,0.0
2006-05-24,0.0,9.06,9.03,0.0,0.0
2006-05-25,0.0,8.94,9.17,0.0,0.0
2006-05-26,0.0,8.94,8.91,0.0,0.0
2006-05-27,0.0,8.82,9.07,0.0,0.0
2006-05-28,0.0,9.26,9.26,0.0,0.0
2006-05-29,0.0,9.26,8.99,0.0,0.0
2006-05-30,0.0,9.14,9.2,0.0,0.0
2006-05-31,0.0,9.14,8.94,0.0,0.0
2006-06-01,0.0,9.0,9.17,0.0,0.0
2006-06-02,0.0,9.0,8.91,0.0,0.0
2006-06-03,0.0,8.85,9.17,0.0,0.0
2006-06-04,0.0,8.85,8.91,0.0,0.0
2006-06-05,0.0,9.4,9.19,0.0,0.0
2006-06-06,0.0,8.68,8.93,0.0,0.0
2006-06-07,0.0,9.26,9.26,0.0,0.0
2006-06-08,0.0,9.26,9.0,0.0,0.0
2006-06-09,0.0,9.09,9.37,0.0,0.0
2006-06-10,0.0,9.09,9.1,0.0,0.0
2006-06-11,0.0,9.09,8.84,0.0,0.0
2006-06-12,0.0,8.9,9.25,0.0,0.0
2006-06-13,0.0,8.9,8.99,0.0,0.0
2006-06-14,0.0,9.65,9.46,0.0,0.0
2006-06-15,0.0,9.65,9.2,0.0,0.0
2006-06-16,0.0,8.68,8.94,0.0,0.0
2006-06-17,0.0,9.47,9.47,0.0,0.0
2006-06-18,0.0,9.47,9.2,0.0,0.0
2006-06-19,0.0,8.42,8.94,0.0,0.0
2006-06-20,0.0,8.42,8.69,0.0,0.0
2006-06-21,0.0,9.26,9.29,0.0,0.0
2006-06-22,0.0,9.26,9.02,0.0,0.0
2006-06-23,0.0,9.26,8.77,0.0,0.0
2006-06-24,0.0,9.0,9.47,0.0,0.0
2006-06-25,0.0,9.0,9.2,0.0,0.0
2006-06-26,0.0,9.0,8.94,0.0,0.0
2006-06-27,0.0,9.0,8.68,0.0,0.0
2006-06-28,0.0,10.13,9.49,0.0,0.0
2006-06-29,0.0,8.68,9.22,0.0,0.0
2006-06-30,0.0,8.68,8.96,0.0,0.0
2006-07-01,0.0,8.68,8.71,0.0,0.0
2006-07-02,0.0,9.92,9.67,0.0,0.0
2006-07-03,0.0,9.92,9.4,0.0,0.0
2006-07-04,0.0,9.92,9.13,0.0,0.0
2006-07-05,0.0,8.27,8.87,0.0,0.0
2006-07-06,0.0,8.27,8.62,0.0,0.0
2006-07-07,0.0,9.65,9.77,0.0,0.0
2006-07-08,0.0,9.65,9.5,0.0,0.0
2006-07-09,0.0,9.65,9.23,0.0,0.0
2006-07-10,0.0,9.65,8.96,0.0,0.0
2006-07-11,0.0,9.65,8.71,0.0,0.0
2006-07-12,0.0,7.72,8.46,0.0,0.0
2006-07-13,0.0,9.26,9.87,0.0,0.0
2006-07-14,0.0,9.26,9.59,0.0,0.0
2006-07-15,0.0,9.26,9.32,0.0,0.0
2006-07-16,0.0,9.26,9.05,0.0,0.0
2006-07-17,0.0,9.26,8.8,0.0,0.0
2006-07-18,0.0,9.26,8.55,0.0,0.0
2006-07-19,0.0,9.26,8.31,0.0,0.0
2006-07-20,0.0,8.68,10.09,0.0,0.0
2006-07-21,0.0,8.68,9.8,0.0,0.0
2006-07-22,0.0,8.68,9.52,0.0,0.0
2006-07-23,0.0,8.68,9.25,0.0,0.0
2006-07-24,0.0,8.68,8.99,0.0,0.0
2006-07-25,0.0,8.68,8.74,0.0,0.0
2006-07-26,0.0,8.68,8.49,0.0,0.0
2006-07-27,0.0,8.68,8.25,0.0,0.0
2006-07-28,0.0,8.68,8.02,0.0,0.0
2006-07-29,0.0,11.57,10.38,0.0,0.0
2006-07-30,0.0,11.57,10.09,0.0,0.0
2006-07-31,0.0,11.57,9.8,0.0,0.0
2006-08-01,0.0,7.72,9.53,0.0,0.0
2006-08-02,0.0,7.72,9.26,0.0,0.0
2006-08-03,0.0,7.72,8.99,0.0,0.0
2006-08-04,0.0,7.72,8.74,0.0,0.0
2006-08-05,0.0,7.72,8.49,0.0,0.0
2006-08-06,0.0,7.72,8.25,0.0,0.0
2006-08-07,0.0,7.72,8.02,0.0,0.0
2006-08-08,0.0,7.72,7.79,0.0,0.0
2006-08-09,0.0,11.57,11.35,0.0,0.0
2006-08-10,0.0,11.57,11.03,0.0,0.0
2006-08-11,0.0,11.57,10.72,0.0,0.0
2006-08-12,0.0,11.57,10.42,0.0,0.0
2006-08-13,0.0,11.57,10.12,0.0,0.0
2006-08-14,0.0,11.57,9.83,0.0,0.0
2006-08-15,0.0,11.57,9.55,0.0,0.0
2006-08-16,0.0,11.57,9.28,0.0,0.0
2006-08-17,0.0,11.57,9.02,0.0,0.0
2006-08-18,0.0,11.57,8.77,0.0,0.0
2006-08-19,0.0,5.79,8.52,0.0,0.0
2006-08-20,0.0,5.79,8.28,0.0,0.0
2006-08-21,0.0,5.79,8.04,0.0,0.0
2006-08-22,0.0,5.79,7.81,0.0,0.0
2006-08-23,0.0,5.79,7.59,0.0,0.0
2006-08-24,0.0,5.79,7.38,0.0,0.0
2006-08-25,0.0,5.79,7.17,0.0,0.0
2006-08-26,0.0,5.79,6.96,0.0,0.0
2006-08-27,0.0,11.57,13.53,0.0,0.0
2006-08-28,0.0,11.57,13.15,0.0,0.0
2006-08-29,0.0,11.57,12.78,0.0,0.0
2006-08-30,0.0,11.57,12.42,0.0,0.0
2006-08-31,0.0,11.57,12.06,0.0,0.0
2006-09-01,0.0,11.57,11.72,0.0,0.0
2006-09-02,0.0,11.57,11.39,0.0,0.0
2006-09-03,0.0,11.57,11.07,0.0,0.0
2006-09-04,0.0,11.57,10.75,0.0,0.0
2006-09-05,0.0,11.57,10.45,0.0,0.0
2006-09-06,0.0,11.57,10.15,0.0,0.0
2006-09-07,0.0,11.57,9.87,0.0,0.0
2006-09-08,0.0,11.57,9.59,0.0,0.0
2006-09-09,0.0,11.57,9.31,0.0,0.0
2006-09-10,0.0,11.57,9.05,0.0,0.0
2006-09-11,0.0,11.57,8.79,0.0,0.0
2006-09-12,0.0,11.57,8.54,0.0,0.0
2006-09-13,0.0,11.57,8.3,0.0,0.0
2006-09-14,0.0,11.57,8.07,0.0,0.0
2006-09-15,0.0,11.57,7.84,0.0,0.0
2006-09-16,0.0,11.57,7.62,0.0,0.0
2006-09-17,0.0,11.57,7.4,0.0,0.0
2006-09-18,0.0,11.57,7.19,0.0,0.0
2006-09-19,0.0,11.57,6.99,0.0,0.0
2006-09-20,0.0,11.57,6.79,0.0,0.0
2006-09-21,0.0,11.57,6.6,0.0,0.0
2006-09-22,0.0,11.57,6.41,0.0,0.0
2006-09-23,0.0,11.57,6.23,0.0,0.0
2006-09-24,0.0,11.57,6.05,0.0,0.0
2006-09-25,0.0,11.57,5.88,0.0,0.0
2006-09-26,0.0,0.0,5.71,0.0,0.0
2006-09-27,0.0,0.0,5.55,0.0,0.0
2006-09-28,0.0,0.0,5.39,0.0,0.0
2006-09-29,0.0,0.0,5.24,0.0,0.0
2006-09-30,0.0,0.0,5.09,0.0,0.0
2006-10-01,0.0,0.0,4.95,0.0,0.0
2006-10-02,0.0,0.0,4.81,0.0,0.0
2006-10-03,0.0,0.0,4.67,0.0,0.0
2006-10-04,0.0,0.0,0.0,0.0,0.0
2006-10-05,0.0,0.0,0.0,0.0,0.0
2006-10-06,0.0,0.0,0.0,0.0,0.0
2006-10-07,0.0,0.0,0.0,0.0,0.0
2006-10-08,0.0,0.0,0.0,0.0,0.0
2006-10-09,0.0,0.0,0.0,0.0,0.0
2006-10-10,0.0,0.0,0.0,0.0,0.0
2006-10-11,0.0,0.0,0.0,0.0,0.0
2006-10-12,0.0,0.0,0.0,0.0,0.0
2006-10-13,0.0,0.0,0.0,0.0,0.0
2006-10-14,0.0,0.0,0.0,0.0,0.0
2006-10-15,0.0,0.0,0.0,0.0,0.0
2006-10-16,0.0,0.0,0.0,0.0,0.0
2006-10-17,0.0,0.0,0.0,0.0,0.0
2006-10-18,0.0,0.0,0.0,0.0,0.0
2006-10-19,0.0,0.0,0.0,0.0,0.0
2006-10-20,0.0,0.0,0.0,0.0,0.0
2006-10-21,0.0,0.0,0.0,0.0,0.0
2006-10-22,0.0,0.0,0.0,0.0,0.0
2006-10-23,0.0,0.0,0.0,0.0,0.0
2006-10-24,0.0,0.0,0.0,0.0,0.0
2006-10-25,0.0,0.0,0.0,0.0,0.0
2006-10-26,0.0,0.0,0.0,0.0,0.0
2006-10-27,0.0,0.0,0.0,0.0,0.0
2006-10-28,0.0,0.0,0.0,0.0,0.0
2006-10-29,0.0,0.0,0.0,0.0,0.0
2006-10-30,0.0,0.0,0.0,0.0,0.0
2006-10-31,0.0,0.0,0.0,0.0,0.0
2006-11-01,0.0,0.0,0.0,0.0,0.0
2006-11-02,0.0,0.0,0.0,0.0,0.0
2006-11-03,0.0,0.0,0.0,0.0,0.0
2006-11-04,0.0,0.0,0.0,0.0,0.0
2006-11-05,0.0,0.0,0.0,0.0,0.0
2006-11-06,0.0,0.0,0.0,0.0,0.0
2006-11-07,0.0,0.0,0.0,0.0,0.0
2006-11-08,0.0,0.0,0.0,0.0,0.0
2006-11-09,0.0,0.0,0.0,0.0,0.0
2006-11-10,0.0,0.0,0.0,0.0,0.0
2006-11-11,0.0,0.0,0.0,0.0,0.0
2006-11-12,0.0,0.0,0.0,0.0,0.0
2006-11-13,0.048,17.46,12.53,0.28,4.66
2006-11-14,0.33,46.73,36.79,1.51,8.43
2006-11-15,0.031,21.72,16.87,0.0,4.85
2006-11-16,0.019,12.71,9.26,0.0,3.45
2006-11-17,0.014,11.29,9.2,0.0,2.09
2006-11-18,0.011,10.4,9.21,0.0,1.2
2006-11-19,0.009,9.83,9.18,0.0,0.65
2006-11-20,0.007,9.5,9.17,0.0,0.33
2006-11-21,0.005,9.34,9.18,0.0,0.16
2006-11-22,0.004,9.25,9.16,0.0,0.07
2006-11-23,0.003,9.2,9.17,0.0,0.03
2006-11-24,0.002,9.17,9.18,0.0,0.02
2006-11-25,0.002,9.21,9.19,0.0,0.01
2006-11-26,0.001,9.17,9.15,0.0,0.0
2006-11-27,0.001,9.18,9.14,0.0,0.0
2006-11-28,0.001,9.13,9.15,0.0,0.0
2006-11-29,0.001,9.09,9.15,0.0,0.0
2006-11-30,0.001,9.22,9.22,0.0,0.0
2006-12-01,0.0,9.09,9.21,0.0,0.0
2006-12-02,0.0,9.12,9.11,0.0,0.0
2006-12-03,0.0,9.09,9.1,0.0,0.0
2006-12-04,0.0,9.0,9.15,0.0,0.0
2006-12-05,0.0,9.35,9.23,0.0,0.0
2006-12-06,0.0,8.9,8.97,0.0,0.0
2006-12-07,0.0,9.26,9.06,0.0,0.0
2006-12-08,0.0,9.16,9.17,0.0,0.0
2006-12-09,0.598,76.72,31.71,18.89,26.12
2006-12-10,1.604,54.21,28.46,10.05,15.7
2006-12-11,0.12,26.91,15.95,0.0,10.95
2006-12-12,2.8,52.49,24.63,10.88,16.97
2006-12-13,0.151,29.56,19.6,0.0,9.96
2006-12-14,0.063,18.44,9.5,0.0,8.95
2006-12-15,0.049,16.18,9.28,0.0,6.9
2006-12-16,0.038,14.32,9.24,0.0,5.08
2006-12-17,0.029,12.77,9.19,0.0,3.58
2006-12-18,0.023,11.92,9.55,0.0,2.37
2006-12-19,0.018,11.13,9.63,0.0,1.51
2006-12-20,0.014,10.57,9.66,0.0,0.91
2006-12-21,0.038,25.26,22.52,0.01,2.73
2006-12-22,0.114,36.83,32.69,0.02,4.12
2006-12-23,0.018,13.27,11.64,0.0,1.63
2006-12-24,0.013,10.19,9.19,0.0,1.0
2006-12-25,0.01,9.73,9.17,0.0,0.57
2006-12-26,0.033,26.28,22.7,0.46,3.12
2006-12-27,0.606,45.69,33.88,3.92,7.89
2006-12-28,0.054,19.65,15.36,0.0,4.29
2006-12-29,0.034,12.71,9.28,0.0,3.43
2006-12-30,0.027,11.64,9.28,0.0,2.37
2006-12-31,0.021,10.94,9.38,0.0,1.55
2007-01-01,0.016,10.15,9.18,0.0,0.97
2007-01-02,0.013,9.74,9.17,0.0,0.57
2007-01-03,0.01,9.49,9.17,0.0,0.32
2007-01-04,0.008,9.34,9.17,0.0,0.17
2007-01-05,0.006,9.26,9.17,0.0,0.08
2007-01-06,0.005,9.21,9.17,0.0,0.04
2007-01-07,0.004,9.18,9.17,0.0,0.02
2007-01-08,0.003,9.17,9.16,0.0,0.01
2007-01-09,0.002,9.17,9.16,0.0,0.0
2007-01-10,0.002,9.18,9.16,0.0,0.0
2007-01-11,0.001,9.19,9.2,0.0,0.0
2007-01-12,0.001,9.19,9.2,0.0,0.0
2007-01-13,0.001,9.23,9.23,0.0,0.0
2007-01-14,0.001,9.15,9.16,0.0,0.0
2007-01-15,0.0,9.16,9.21,0.0,0.0
2007-01-16,0.0,9.14,9.05,0.0,0.0
2007-01-17,0.0,8.87,9.05,0.0,0.0
2007-01-18,0.0,9.09,8.96,0.0,0.0
2007-01-19,0.0,9.0,9.03,0.0,0.0
2007-01-20,0.0,8.9,9.11,0.0,0.0
2007-01-21,0.0,9.26,9.21,0.0,0.0
2007-01-22,0.0,8.8,8.95,0.0,0.0
2007-01-23,0.0,9.16,9.06,0.0,0.0
2007-01-24,0.0,9.06,9.18,0.0,0.0
2007-01-25,0.0,9.06,8.92,0.0,0.0
2007-01-26,0.0,8.94,9.06,0.0,0.0
2007-01-27,0.092,42.44,24.95,6.89,10.61
2007-01-28,0.26,47.59,37.96,0.76,8.86
2007-01-29,0.019,25.07,23.15,0.0,1.91
2007-01-30,0.009,10.78,9.62,0.0,1.16
2007-01-31,0.007,10.14,9.54,0.0,0.6
2007-02-01,0.005,9.95,9.63,0.0,0.3
2007-02-02,0.004,9.85,9.7,0.0,0.15
2007-02-03,0.003,9.9,9.8,0.0,0.08
2007-02-04,0.002,9.18,9.17,0.0,0.03
2007-02-05,0.002,9.16,9.15,0.0,0.01
2007-02-06,0.001,9.17,9.16,0.0,0.01
2007-02-07,0.001,9.18,9.15,0.0,0.0
2007-02-08,0.001,9.13,9.16,0.0,0.0
2007-02-09,1.016,51.11,28.71,9.53,12.87
2007-02-10,4.959,51.76,24.31,10.86,16.58
2007-02-11,1.449,46.66,29.1,6.25,11.31
2007-02-12,0.737,63.05,24.52,15.81,22.72
2007-02-13,0.735,47.98,26.03,6.23,15.72
2007-02-14,0.095,22.66,12.33,0.0,10.32
2007-02-15,0.061,18.23,10.12,0.0,8.11
2007-02-16,0.048,16.35,10.22,0.0,6.13
2007-02-17,0.036,13.81,9.19,0.0,4.61
2007-02-18,0.028,12.38,9.17,0.0,3.21
2007-02-19,0.022,11.29,9.17,0.0,2.12
2007-02-20,0.017,10.5,9.17,0.0,1.33
2007-02-21,0.013,9.95,9.17,0.0,0.79
2007-02-22,1.898,57.47,28.05,12.38,17.03
2007-02-23,0.779,38.48,26.3,3.36,8.82
2007-02-24,0.093,20.45,12.25,0.0,8.19
2007-02-25,0.798,42.04,26.14,6.08,9.82
2007-02-26,2.04,40.96,23.33,6.96,10.67
2007-02-27,1.57,39.39,25.23,5.22,8.94
2007-02-28,0.545,36.36,26.85,2.65,6.85
2007-03-01,0.088,17.23,12.33,0.0,4.9
2007-03-02,0.061,14.93,11.07,0.0,3.86
2007-03-03,0.048,14.28,11.39,0.0,2.89
2007-03-04,0.038,13.68,11.58,0.0,2.1
2007-03-05,0.027,10.76,9.22,0.0,1.53
2007-03-06,0.021,10.19,9.18,0.0,1.01
2007-03-07,0.016,9.8,9.17,0.0,0.63
2007-03-08,0.013,9.55,9.17,0.0,0.37
2007-03-09,0.01,9.39,9.18,0.0,0.21
2007-03-10,0.008,9.28,9.17,0.0,0.11
2007-03-11,0.006,9.24,9.18,0.0,0.06
2007-03-12,0.005,9.21,9.18,0.0,0.03
2007-03-13,0.004,9.18,9.16,0.0,0.01
2007-03-14,0.003,9.19,9.17,0.0,0.01
2007-03-15,0.002,9.2,9.18,0.0,0.0
2007-03-16,0.002,9.19,9.19,0.0,0.0
2007-03-17,0.001,9.21,9.19,0.0,0.0
2007-03-18,0.001,9.1,9.15,0.0,0.0
2007-03-19,0.001,9.11,9.16,0.0,0.0
2007-03-20,0.001,9.15,9.18,0.0,0.0
2007-03-21,0.0,9.16,9.21,0.0,0.0
2007-03-22,0.0,9.38,9.28,0.0,0.0
2007-03-23,0.0,8.87,9.02,0.0,0.0
2007-03-24,0.0,9.09,8.95,0.0,0.0
2007-03-25,0.0,9.0,9.02,0.0,0.0
2007-03-26,0.0,8.9,9.1,0.0,0.0
2007-03-27,0.0,9.26,9.2,0.0,0.0
2007-03-28,0.0,8.8,8.94,0.0,0.0
2007-03-29,0.0,9.16,9.05,0.0,0.0
2007-03-30,0.0,9.06,9.17,0.0,0.0
2007-03-31,0.0,9.06,8.91,0.0,0.0
2007-04-01,0.0,8.94,9.06,0.0,0.0
2007-04-02,0.0,9.37,9.22,0.0,0.0
2007-04-03,0.0,8.82,8.96,0.0,0.0
2007-04-04,0.0,9.26,9.14,0.0,0.0
2007-04-05,0.0,8.68,8.88,0.0,0.0
2007-04-06,0.0,9.14,9.08,0.0,0.0
2007-04-07,0.0,9.0,9.31,0.0,0.0
2007-04-08,0.0,9.0,9.05,0.0,0.0
2007-04-09,0.0,9.53,9.31,0.0,0.0
2007-04-10,0.0,8.85,9.05,0.0,0.0
2007-04-11,0.0,9.4,9.34,0.0,0.0
2007-04-12,0.0,9.4,9.08,0.0,0.0
2007-04-13,0.0,8.68,8.82,0.0,0.0
2007-04-14,0.0,9.26,9.14,0.0,0.0
2007-04-15,0.0,9.26,8.88,0.0,0.0
2007-04-16,0.0,9.09,9.25,0.0,0.0
2007-04-17,0.0,9.09,8.98,0.0,0.0
2007-04-18,0.0,9.79,9.4,0.0,0.0
2007-04-19,0.0,8.9,9.13,0.0,0.0
2007-04-20,0.0,8.9,8.88,0.0,0.0
2007-04-21,0.0,9.65,9.34,0.0,0.0
2007-04-22,0.451,53.17,34.65,6.6,11.91
2007-04-23,0.031,20.14,15.61,0.0,4.53
2007-04-24,0.02,12.49,9.24,0.0,3.25
2007-04-25,0.015,11.18,9.18,0.0,2.0
2007-04-26,0.012,10.34,9.17,0.0,1.16
2007-04-27,0.009,9.81,9.18,0.0,0.64
2007-04-28,0.007,9.51,9.18,0.0,0.33
2007-04-29,0.006,9.33,9.18,0.0,0.16
2007-04-30,0.004,9.25,9.17,0.0,0.08
2007-05-01,0.003,9.23,9.18,0.0,0.03
2007-05-02,0.003,9.18,9.18,0.0,0.02
2007-05-03,0.002,9.18,9.17,0.0,0.01
2007-05-04,0.002,9.16,9.15,0.0,0.0
2007-05-05,0.001,9.2,9.21,0.0,0.0
2007-05-06,0.001,9.14,9.19,0.0,0.0
2007-05-07,0.001,9.23,9.16,0.0,0.0
2007-05-08,0.001,9.34,9.24,0.0,0.0
2007-05-09,0.0,9.0,9.09,0.0,0.0
2007-05-10,0.0,8.93,9.08,0.0,0.0
2007-05-11,0.0,9.09,9.26,0.0,0.0
2007-05-12,0.0,9.0,9.21,0.0,0.0
2007-05-13,0.0,9.0,8.94,0.0,0.0
2007-05-14,0.0,8.9,9.03,0.0,0.0
2007-05-15,0.0,9.26,9.12,0.0,0.0
2007-05-16,0.0,9.16,9.23,0.0,0.0
2007-05-17,0.0,9.16,8.97,0.0,0.0
2007-05-18,0.0,9.06,9.09,0.0,0.0
2007-05-19,0.0,9.47,9.24,0.0,0.0
2007-05-20,0.0,8.94,8.98,0.0,0.0
2007-05-21,0.0,9.37,9.14,0.0,0.0
2007-05-22,0.0,8.82,8.88,0.0,0.0
2007-05-23,0.0,9.26,9.06,0.0,0.0
2007-05-24,0.0,9.14,9.26,0.0,0.0
2007-05-25,0.0,9.14,9.0,0.0,0.0
2007-05-26,0.0,9.0,9.23,0.0,0.0
2007-05-27,0.0,9.0,8.97,0.0,0.0
2007-05-28,0.0,9.53,9.23,0.0,0.0
2007-05-29,0.0,8.85,8.97,0.0,0.0
2007-05-30,0.0,9.4,9.26,0.0,0.0
2007-05-31,0.0,8.68,9.0,0.0,0.0
2007-06-01,0.0,9.26,9.32,0.0,0.0
2007-06-02,0.0,9.26,9.06,0.0,0.0
2007-06-03,0.0,8.49,8.8,0.0,0.0
2007-06-04,0.0,9.09,9.16,0.0,0.0
2007-06-05,0.0,9.09,8.91,0.0,0.0
2007-06-06,0.0,8.9,9.32,0.0,0.0
2007-06-07,0.0,8.9,9.05,0.0,0.0
2007-06-08,0.0,8.9,8.8,0.0,0.0
2007-06-09,0.0,9.65,9.26,0.0,0.0
2007-06-10,0.0,8.68,9.0,0.0,0.0
2007-06-11,0.0,8.68,8.74,0.0,0.0
2007-06-12,0.0,9.47,9.27,0.0,0.0
2007-06-13,0.0,9.47,9.01,0.0,0.0
2007-06-14,0.0,8.42,8.75,0.0,0.0
2007-06-15,0.0,9.26,9.35,0.0,0.0
2007-06-16,0.0,9.26,9.09,0.0,0.0
2007-06-17,0.0,9.26,8.83,0.0,0.0
2007-06-18,0.0,9.0,9.53,0.0,0.0
2007-06-19,0.0,9.0,9.26,0.0,0.0
2007-06-20,0.0,9.0,9.0,0.0,0.0
2007-06-21,0.0,9.0,8.75,0.0,0.0
2007-06-22,0.0,10.13,9.56,0.0,0.0
2007-06-23,0.0,8.68,9.29,0.0,0.0
2007-06-24,0.0,8.68,9.03,0.0,0.0
2007-06-25,0.0,8.68,8.77,0.0,0.0
2007-06-26,0.0,8.68,8.52,0.0,0.0
2007-06-27,0.0,9.92,9.46,0.0,0.0
2007-06-28,0.0,9.92,9.19,0.0,0.0
2007-06-29,0.0,8.27,8.93,0.0,0.0
2007-06-30,0.0,8.27,8.68,0.0,0.0
2007-07-01,0.0,9.65,9.84,0.0,0.0
2007-07-02,0.0,9.65,9.56,0.0,0.0
2007-07-03,0.0,9.65,9.29,0.0,0.0
2007-07-04,0.0,9.65,9.03,0.0,0.0
2007-07-05,0.0,9.65,8.77,0.0,0.0
2007-07-06,0.0,7.72,8.52,0.0,0.0
2007-07-07,0.0,9.26,9.94,0.0,0.0
2007-07-08,0.0,9.26,9.66,0.0,0.0
2007-07-09,0.0,9.26,9.38,0.0,0.0
2007-07-10,0.0,9.26,9.12,0.0,0.0
2007-07-11,0.0,9.26,8.86,0.0,0.0
2007-07-12,0.0,9.26,8.61,0.0,0.0
2007-07-13,0.0,9.26,8.36,0.0,0.0
2007-07-14,0.0,11.57,10.16,0.0,0.0
2007-07-15,0.0,8.68,9.87,0.0,0.0
2007-07-16,0.0,8.68,9.59,0.0,0.0
2007-07-17,0.0,8.68,9.32,0.0,0.0
2007-07-18,0.0,8.68,9.06,0.0,0.0
2007-07-19,0.0,8.68,8.8,0.0,0.0
2007-07-20,0.0,8.68,8.55,0.0,0.0
2007-07-21,0.0,8.68,8.31,0.0,0.0
2007-07-22,0.0,8.68,8.07,0.0,0.0
2007-07-23,0.0,11.57,10.46,0.0,0.0
2007-07-24,0.0,11.57,10.16,0.0,0.0
2007-07-25,0.0,11.57,9.87,0.0,0.0
2007-07-26,0.0,7.72,9.59,0.0,0.0
2007-07-27,0.0,7.72,9.32,0.0,0.0
2007-07-28,0.0,7.72,9.06,0.0,0.0
2007-07-29,0.0,7.72,8.8,0.0,0.0
2007-07-30,0.0,7.72,8.55,0.0,0.0
2007-07-31,0.0,7.72,8.31,0.0,0.0
2007-08-01,0.0,7.72,8.07,0.0,0.0
2007-08-02,0.0,7.72,7.84,0.0,0.0
2007-08-03,0.0,7.72,7.62,0.0,0.0
2007-08-04,0.0,11.57,11.11,0.0,0.0
2007-08-05,0.0,11.57,10.79,0.0,0.0
2007-08-06,0.0,11.57,10.49,0.0,0.0
2007-08-07,0.0,11.57,10.19,0.0,0.0
2007-08-08,0.0,11.57,9.9,0.0,0.0
2007-08-09,0.0,11.57,9.62,0.0,0.0
2007-08-10,0.0,11.57,9.35,0.0,0.0
2007-08-11,0.0,11.57,9.08,0.0,0.0
2007-08-12,0.0,11.57,8.83,0.0,0.0
2007-08-13,0.0,5.79,8.58,0.0,0.0
2007-08-14,0.0,5.79,8.33,0.0,0.0
2007-08-15,0.0,5.79,8.1,0.0,0.0
2007-08-16,0.0,5.79,7.87,0.0,0.0
2007-08-17,0.0,5.79,7.65,0.0,0.0
2007-08-18,0.0,5.79,7.43,0.0,0.0
2007-08-19,0.0,5.79,7.22,0.0,0.0
2007-08-20,0.0,5.79,7.01,0.0,0.0
2007-08-21,0.0,11.57,13.63,0.0,0.0
2007-08-22,0.0,11.57,13.24,0.0,0.0
2007-08-23,0.0,11.57,12.87,0.0,0.0
2007-08-24,0.0,11.57,12.5,0.0,0.0
2007-08-25,0.0,11.57,12.15,0.0,0.0
2007-08-26,0.0,11.57,11.8,0.0,0.0
2007-08-27,0.0,11.57,11.47,0.0,0.0
2007-08-28,0.0,11.57,11.15,0.0,0.0
2007-08-29,0.0,11.57,10.83,0.0,0.0
2007-08-30,0.0,11.57,10.52,0.0,0.0
2007-08-31,0.0,11.57,10.22,0.0,0.0
2007-09-01,0.0,11.57,9.93,0.0,0.0
2007-09-02,0.0,11.57,9.65,0.0,0.0
2007-09-03,0.0,11.57,9.38,0.0,0.0
2007-09-04,0.0,11.57,9.11,0.0,0.0
2007-09-05,0.0,11.57,8.86,0.0,0.0
2007-09-06,0.0,11.57,8.6,0.0,0.0
2007-09-07,0.0,11.57,8.36,0.0,0.0
2007-09-08,0.0,11.57,8.12,0.0,0.0
2007-09-09,0.0,11.57,7.89,0.0,0.0
2007-09-10,0.0,11.57,7.67,0.0,0.0
2007-09-11,0.0,11.57,7.45,0.0,0.0
2007-09-12,0.0,11.57,7.24,0.0,0.0
2007-09-13,0.0,11.57,7.04,0.0,0.0
2007-09-14,0.0,11.57,6.84,0.0,0.0
2007-09-15,0.0,11.57,6.64,0.0,0.0
2007-09-16,0.0,11.57,6.45,0.0,0.0
2007-09-17,0.0,11.57,6.27,0.0,0.0
2007-09-18,0.0,11.57,6.09,0.0,0.0
2007-09-19,0.0,11.57,5.92,0.0,0.0
2007-09-20,0.0,0.0,5.75,0.0,0.0
2007-09-21,0.0,0.0,5.59,0.0,0.0
2007-09-22,0.0,0.0,5.43,0.0,0.0
2007-09-23,0.0,0.0,5.28,0.0,0.0
2007-09-24,0.0,0.0,5.13,0.0,0.0
2007-09-25,0.0,0.0,4.98,0.0,0.0
2007-09-26,0.0,0.0,4.84,0.0,0.0
2007-09-27,0.0,0.0,4.71,0.0,0.0
2007-09-28,0.0,0.0,4.57,0.0,0.0
2007-09-29,0.0,0.0,0.0,0.0,0.0
2007-09-30,0.0,0.0,0.0,0.0,0.0
2007-10-01,0.0,0.0,0.0,0.0,0.0
2007-10-02,0.0,0.0,0.0,0.0,0.0
2007-10-03,0.0,0.0,0.0,0.0,0.0
2007-10-04,0.0,0.0,0.0,0.0,0.0
2007-10-05,0.0,0.0,0.0,0.0,0.0
2007-10-06,0.0,0.0,0.0,0.0,0.0
2007-10-07,0.0,0.0,0.0,0.0,0.0
2007-10-08,0.0,0.0,0.0,0.0,0.0
2007-10-09,0.0,0.0,0.0,0.0,0.0
2007-10-10,0.715,46.21,29.75,6.36,10.1
2007-10-11,0.046,20.45,15.11,0.0,5.34
2007-10-12,1.959,71.02,26.74,18.66,25.63
2007-10-13,0.392,35.86,21.26,2.67,11.94
2007-10-14,1.133,55.08,27.13,10.34,17.61
2007-10-15,0.082,22.72,11.33,0.0,11.38
2007-10-16,0.056,18.27,9.21,0.0,9.06
2007-10-17,0.043,16.06,9.25,0.0,6.81
2007-10-18,0.034,14.12,9.2,0.0,4.92
2007-10-19,0.026,12.56,9.17,0.0,3.39
2007-10-20,0.02,11.39,9.17,0.0,2.21
2007-10-21,0.016,10.55,9.18,0.0,1.37
2007-10-22,0.012,9.97,9.17,0.0,0.8
2007-10-23,0.01,9.61,9.17,0.0,0.44
2007-10-24,0.007,9.41,9.17,0.0,0.23
2007-10-25,0.006,9.29,9.18,0.0,0.12
2007-10-26,0.004,9.23,9.17,0.0,0.06
2007-10-27,0.004,9.19,9.18,0.0,0.03
2007-10-28,0.003,9.2,9.17,0.0,0.01
2007-10-29,0.002,9.17,9.19,0.0,0.01
2007-10-30,0.002,9.13,9.14,0.0,0.0
2007-10-31,0.001,9.15,9.17,0.0,0.0
2007-11-01,0.001,9.17,9.13,0.0,0.0
2007-11-02,0.001,9.2,9.21,0.0,0.0
2007-11-03,0.001,9.11,9.18,0.0,0.0
2007-11-04,0.0,9.16,9.09,0.0,0.0
2007-11-05,0.0,9.07,9.18,0.0,0.0
2007-11-06,0.0,9.18,9.28,0.0,0.0
2007-11-07,0.0,9.09,8.95,0.0,0.0
2007-11-08,0.0,9.0,9.02,0.0,0.0
2007-11-09,0.0,8.9,9.1,0.0,0.0
2007-11-10,0.0,9.26,9.2,0.0,0.0
2007-11-11,0.0,8.8,8.94,0.0,0.0
2007-11-12,0.0,9.16,9.04,0.0,0.0
2007-11-13,0.0,9.06,9.17,0.0,0.0
2007-11-14,1.303,130.78,32.41,40.56,57.81
2007-11-15,0.486,54.15,24.64,7.9,21.61
2007-11-16,0.07,38.62,12.17,0.0,26.45
2007-11-17,0.049,31.13,9.22,0.0,21.91
2007-11-18,0.038,25.42,9.28,0.0,16.15
2007-11-19,0.03,20.69,9.29,0.0,11.4
2007-11-20,0.023,16.86,9.17,0.0,7.69
2007-11-21,0.018,14.07,9.17,0.0,4.9
2007-11-22,0.014,12.12,9.17,0.0,2.95
2007-11-23,0.011,10.85,9.17,0.0,1.68
2007-11-24,0.008,10.07,9.17,0.0,0.9
2007-11-25,0.007,9.62,9.17,0.0,0.46
2007-11-26,0.005,9.4,9.18,0.0,0.22
2007-11-27,0.004,9.28,9.16,0.0,0.1
2007-11-28,0.003,9.21,9.17,0.0,0.05
2007-11-29,0.002,9.21,9.18,0.0,0.02
2007-11-30,0.002,9.16,9.17,0.0,0.01
2007-12-01,0.001,9.18,9.19,0.0,0.0
2007-12-02,0.001,9.22,9.18,0.0,0.0
2007-12-03,0.001,9.21,9.16,0.0,0.0
2007-12-04,0.001,9.19,9.21,0.0,0.0
2007-12-05,0.001,9.17,9.19,0.0,0.0
2007-12-06,0.0,9.32,9.24,0.0,0.0
2007-12-07,0.182,38.92,30.89,0.82,7.21
2007-12-08,0.933,103.15,26.54,31.71,44.9
2007-12-09,0.1,56.27,27.01,0.0,29.26
2007-12-10,0.036,30.69,9.46,0.0,21.23
2007-12-11,1.551,93.35,26.45,26.8,40.1
2007-12-12,0.131,41.85,17.65,0.01,24.19
2007-12-13,0.062,29.94,9.38,0.0,20.56
2007-12-14,0.048,25.06,9.32,0.0,15.74
2007-12-15,0.037,20.89,9.38,0.0,11.52
2007-12-16,0.029,17.47,9.39,0.0,8.07
2007-12-17,0.022,14.71,9.31,0.0,5.4
2007-12-18,0.017,12.61,9.18,0.0,3.42
2007-12-19,0.014,11.22,9.17,0.0,2.05
2007-12-20,0.011,10.32,9.17,0.0,1.15
2007-12-21,0.118,41.44,34.77,0.53,6.14
2007-12-22,2.1,140.16,26.92,46.97,66.28
2007-12-23,0.403,120.02,32.64,26.26,61.13
2007-12-24,3.111,93.78,26.04,25.72,42.02
2007-12-25,0.131,45.92,19.24,0.0,26.68
2007-12-26,0.068,32.65,12.2,0.0,20.45
2007-12-27,0.047,26.96,9.66,0.0,17.3
2007-12-28,0.036,22.0,9.18,0.0,12.82
2007-12-29,0.028,18.16,9.25,0.0,8.9
2007-12-30,0.023,15.96,10.24,0.0,5.72
2007-12-31,0.017,12.92,9.19,0.0,3.72
2008-01-01,0.013,11.39,9.17,0.0,2.22
2008-01-02,0.01,10.41,9.17,0.0,1.25
2008-01-03,0.008,9.83,9.17,0.0,0.66
2008-01-04,10.162,146.09,41.53,36.18,68.38
2008-01-05,3.837,79.05,27.11,19.67,32.27
2008-01-06,0.817,62.09,31.62,10.27,20.2
2008-01-07,0.611,39.58,23.87,4.57,11.14
2008-01-08,0.435,35.95,23.65,3.23,9.08
2008-01-09,0.138,28.34,21.05,0.01,7.29
2008-01-10,0.143,28.35,23.55,0.01,4.79
2008-01-11,0.074,21.11,17.31,0.0,3.8
2008-01-12,0.054,17.72,14.73,0.0,2.99
2008-01-13,0.045,17.41,15.27,0.0,2.14
2008-01-14,0.037,17.32,15.8,0.0,1.51
2008-01-15,0.031,17.45,16.37,0.0,1.08
2008-01-16,0.021,14.51,13.76,0.0,0.75
2008-01-17,0.014,9.94,9.5,0.0,0.44
2008-01-18,0.014,15.3,14.89,0.0,0.4
2008-01-19,0.011,15.04,14.72,0.0,0.31
2008-01-20,0.008,14.74,14.49,0.0,0.25
2008-01-21,0.018,4.44,4.39,0.0,0.06
2008-01-22,0.75,46.08,31.93,4.9,9.24
2008-01-23,0.749,39.49,27.51,4.37,7.61
2008-01-24,0.621,36.31,28.07,2.27,5.97
2008-01-25,8.463,80.23,32.16,18.01,30.05
2008-01-26,1.445,49.08,28.03,7.54,13.51
2008-01-27,3.03,59.2,26.47,12.96,19.76
2008-01-28,1.1,40.83,26.3,4.88,9.65
2008-01-29,0.176,25.74,20.13,0.0,5.61
2008-01-30,0.452,37.85,26.89,2.86,8.1
2008-01-31,1.27,45.9,22.14,9.51,14.25
2008-02-01,1.682,67.27,27.51,15.21,24.55
2008-02-02,0.67,31.29,18.78,3.96,8.55
2008-02-03,2.601,46.35,26.62,7.5,12.23
2008-02-04,0.279,31.5,24.94,0.03,6.52
2008-02-05,0.155,25.63,21.75,0.0,3.88
2008-02-06,0.137,25.59,22.83,0.0,2.75
2008-02-07,0.121,25.01,22.9,0.0,2.11
2008-02-08,0.109,24.87,23.24,0.0,1.63
2008-02-09,0.092,24.22,22.89,0.0,1.32
2008-02-10,0.082,24.19,23.11,0.0,1.09
2008-02-11,0.072,24.18,23.25,0.0,0.92
2008-02-12,0.061,23.73,22.93,0.0,0.81
2008-02-13,0.048,23.42,22.71,0.0,0.71
2008-02-14,0.021,10.87,10.53,0.0,0.34
2008-02-15,0.03,21.69,21.13,0.0,0.56
2008-02-16,0.027,23.04,22.48,0.0,0.56
2008-02-17,0.023,22.84,22.3,0.0,0.54
2008-02-18,0.019,22.69,22.17,0.0,0.52
2008-02-19,0.299,40.76,17.16,10.17,13.43
2008-02-20,1.866,57.53,27.86,11.94,17.73
2008-02-21,0.365,33.02,23.15,0.93,8.95
2008-02-22,0.571,40.67,27.01,4.31,9.35
2008-02-23,2.228,61.62,24.57,15.07,21.99
2008-02-24,3.045,51.24,26.86,9.42,14.96
2008-02-25,0.308,33.11,26.14,0.02,6.95
2008-02-26,0.141,25.67,20.99,0.0,4.68
2008-02-27,0.118,24.91,21.53,0.0,3.38
2008-02-28,0.104,24.51,22.0,0.0,2.51
2008-02-29,0.092,24.34,22.45,0.0,1.89
2008-03-01,0.074,23.49,21.99,0.0,1.5
2008-03-02,0.056,21.77,20.57,0.0,1.2
2008-03-03,0.049,22.1,21.15,0.0,0.95
2008-03-04,0.043,22.46,21.67,0.0,0.79
2008-03-05,0.036,22.48,21.8,0.0,0.68
2008-03-06,0.03,21.97,21.37,0.0,0.6
2008-03-07,0.024,22.06,21.51,0.0,0.55
2008-03-08,0.019,20.85,20.36,0.0,0.48
2008-03-09,0.015,20.23,19.8,0.0,0.43
2008-03-10,0.01,18.39,18.05,0.0,0.35
2008-03-11,0.008,17.17,16.89,0.0,0.28
2008-03-12,0.005,11.5,11.41,0.0,0.08
2008-03-13,0.003,9.24,9.22,0.0,0.01
2008-03-14,0.003,9.16,9.16,0.0,0.0
2008-03-15,0.002,9.17,9.18,0.0,0.0
2008-03-16,0.002,9.15,9.18,0.0,0.0
2008-03-17,0.001,9.14,9.17,0.0,0.0
2008-03-18,0.001,9.18,9.21,0.0,0.0
2008-03-19,0.001,9.16,9.14,0.0,0.0
2008-03-20,0.001,9.09,9.13,0.0,0.0
2008-03-21,0.0,9.15,9.24,0.0,0.0
2008-03-22,0.0,9.19,9.08,0.0,0.0
2008-03-23,0.0,9.09,9.16,0.0,0.0
2008-03-24,0.0,9.0,9.17,0.0,0.0
2008-03-25,0.0,9.35,9.26,0.0,0.0
2008-03-26,0.0,8.9,8.99,0.0,0.0
2008-03-27,0.0,9.26,9.09,0.0,0.0
2008-03-28,0.0,9.16,9.2,0.0,0.0
2008-03-29,0.0,9.16,8.94,0.0,0.0
2008-03-30,0.0,9.06,9.06,0.0,0.0
2008-03-31,0.0,9.47,9.21,0.0,0.0
2008-04-01,0.0,8.94,8.95,0.0,0.0
2008-04-02,0.0,9.37,9.11,0.0,0.0
2008-04-03,0.0,9.26,9.29,0.0,0.0
2008-04-04,0.0,9.26,9.03,0.0,0.0
2008-04-05,0.0,9.14,9.23,0.0,0.0
2008-04-06,0.0,9.14,8.97,0.0,0.0
2008-04-07,0.0,9.0,9.2,0.0,0.0
2008-04-08,0.0,9.0,8.94,0.0,0.0
2008-04-09,0.0,9.53,9.2,0.0,0.0
2008-04-10,0.0,8.85,8.94,0.0,0.0
2008-04-11,0.0,9.4,9.23,0.0,0.0
2008-04-12,0.0,8.68,8.97,0.0,0.0
2008-04-13,0.0,9.26,9.29,0.0,0.0
2008-04-14,0.0,9.26,9.03,0.0,0.0
2008-04-15,0.0,9.09,9.4,0.0,0.0
2008-04-16,0.0,9.09,9.13,0.0,0.0
2008-04-17,0.0,9.09,8.88,0.0,0.0
2008-04-18,0.0,8.9,9.29,0.0,0.0
2008-04-19,0.0,8.9,9.02,0.0,0.0
2008-04-20,0.0,8.9,8.77,0.0,0.0
2008-04-21,0.0,9.65,9.23,0.0,0.0
2008-04-22,0.0,8.68,8.97,0.0,0.0
2008-04-23,0.0,8.68,8.71,0.0,0.0
2008-04-24,0.0,9.47,9.24,0.0,0.0
2008-04-25,0.0,9.47,8.98,0.0,0.0
2008-04-26,0.0,8.42,8.72,0.0,0.0
2008-04-27,0.0,9.26,9.32,0.0,0.0
2008-04-28,0.0,9.26,9.06,0.0,0.0
2008-04-29,0.0,9.26,8.8,0.0,0.0
2008-04-30,0.0,9.0,9.5,0.0,0.0
2008-05-01,0.0,9.0,9.23,0.0,0.0
2008-05-02,0.0,9.0,8.97,0.0,0.0
2008-05-03,0.0,9.0,8.72,0.0,0.0
2008-05-04,0.0,10.13,9.53,0.0,0.0
2008-05-05,0.0,8.68,9.26,0.0,0.0
2008-05-06,0.0,8.68,9.0,0.0,0.0
2008-05-07,0.0,8.68,8.74,0.0,0.0
2008-05-08,0.0,9.92,9.71,0.0,0.0
2008-05-09,0.0,9.92,9.43,0.0,0.0
2008-05-10,0.0,9.92,9.16,0.0,0.0
2008-05-11,0.0,8.27,8.9,0.0,0.0
2008-05-12,0.0,8.27,8.65,0.0,0.0
2008-05-13,0.0,9.65,9.81,0.0,0.0
2008-05-14,0.0,9.65,9.53,0.0,0.0
2008-05-15,0.0,9.65,9.26,0.0,0.0
2008-05-16,0.0,9.65,9.0,0.0,0.0
2008-05-17,0.0,9.65,8.74,0.0,0.0
2008-05-18,0.0,7.72,8.49,0.0,0.0
2008-05-19,0.0,9.26,9.9,0.0,0.0
2008-05-20,0.0,9.26,9.62,0.0,0.0
2008-05-21,0.0,9.26,9.35,0.0,0.0
2008-05-22,0.0,9.26,9.09,0.0,0.0
2008-05-23,0.0,9.26,8.83,0.0,0.0
2008-05-24,0.0,9.26,8.58,0.0,0.0
2008-05-25,0.0,9.26,8.34,0.0,0.0
2008-05-26,0.0,8.68,10.12,0.0,0.0
2008-05-27,0.0,8.68,9.84,0.0,0.0
2008-05-28,0.0,8.68,9.56,0.0,0.0
2008-05-29,0.0,8.68,9.29,0.0,0.0
2008-05-30,0.0,8.68,9.02,0.0,0.0
2008-05-31,0.0,8.68,8.77,0.0,0.0
2008-06-01,0.0,8.68,8.52,0.0,0.0
2008-06-02,0.0,8.68,8.28,0.0,0.0
2008-06-03,0.0,8.68,8.04,0.0,0.0
2008-06-04,0.0,11.57,10.42,0.0,0.0
2008-06-05,0.0,11.57,10.13,0.0,0.0
2008-06-06,0.0,11.57,9.84,0.0,0.0
2008-06-07,0.0,7.72,9.56,0.0,0.0
2008-06-08,0.0,7.72,9.29,0.0,0.0
2008-06-09,0.0,7.72,9.03,0.0,0.0
2008-06-10,0.0,7.72,8.77,0.0,0.0
2008-06-11,0.0,7.72,8.52,0.0,0.0
2008-06-12,0.0,7.72,8.28,0.0,0.0
2008-06-13,0.0,7.72,8.05,0.0,0.0
2008-06-14,0.0,7.72,7.82,0.0,0.0
2008-06-15,0.0,7.72,7.6,0.0,0.0
2008-06-16,0.0,11.57,11.07,0.0,0.0
2008-06-17,0.0,11.57,10.76,0.0,0.0
2008-06-18,0.0,11.57,10.45,0.0,0.0
2008-06-19,0.0,11.57,10.16,0.0,0.0
2008-06-20,0.0,11.57,9.87,0.0,0.0
2008-06-21,0.0,11.57,9.59,0.0,0.0
2008-06-22,0.0,11.57,9.32,0.0,0.0
2008-06-23,0.0,11.57,9.05,0.0,0.0
2008-06-24,0.0,11.57,8.8,0.0,0.0
2008-06-25,0.0,5.79,8.55,0.0,0.0
2008-06-26,0.0,5.79,8.31,0.0,0.0
2008-06-27,0.0,5.79,8.07,0.0,0.0
2008-06-28,0.0,5.79,7.84,0.0,0.0
2008-06-29,0.0,5.79,7.62,0.0,0.0
2008-06-30,0.0,5.79,7.4,0.0,0.0
2008-07-01,0.0,5.79,7.19,0.0,0.0
2008-07-02,0.0,5.79,6.99,0.0,0.0
2008-07-03,0.0,11.57,13.58,0.0,0.0
2008-07-04,0.0,11.57,13.2,0.0,0.0
2008-07-05,0.0,11.57,12.82,0.0,0.0
2008-07-06,0.0,11.57,12.46,0.0,0.0
2008-07-07,0.0,11.57,12.11,0.0,0.0
2008-07-08,0.0,11.57,11.77,0.0,0.0
2008-07-09,0.0,11.57,11.43,0.0,0.0
2008-07-10,0.0,11.57,11.11,0.0,0.0
2008-07-11,0.0,11.57,10.79,0.0,0.0
2008-07-12,0.0,11.57,10.49,0.0,0.0
2008-07-13,0.0,11.57,10.19,0.0,0.0
2008-07-14,0.0,11.57,9.9,0.0,0.0
2008-07-15,0.0,11.57,9.62,0.0,0.0
2008-07-16,0.0,11.57,9.35,0.0,0.0
2008-07-17,0.0,11.57,9.08,0.0,0.0
2008-07-18,0.0,11.57,8.83,0.0,0.0
2008-07-19,0.0,11.57,8.58,0.0,0.0
2008-07-20,0.0,11.57,8.33,0.0,0.0
2008-07-21,0.0,11.57,8.1,0.0,0.0
2008-07-22,0.0,11.57,7.87,0.0,0.0
2008-07-23,0.0,11.57,7.64,0.0,0.0
2008-07-24,0.0,11.57,7.43,0.0,0.0
2008-07-25,0.0,11.57,7.22,0.0,0.0
2008-07-26,0.0,11.57,7.01,0.0,0.0
2008-07-27,0.0,11.57,6.81,0.0,0.0
2008-07-28,0.0,11.57,6.62,0.0,0.0
2008-07-29,0.0,11.57,6.43,0.0,0.0
2008-07-30,0.0,11.57,6.25,0.0,0.0
2008-07-31,0.0,11.57,6.07,0.0,0.0
2008-08-01,0.0,11.57,5.9,0.0,0.0
2008-08-02,0.0,0.0,5.73,0.0,0.0
2008-08-03,0.0,0.0,5.57,0.0,0.0
2008-08-04,0.0,0.0,5.41,0.0,0.0
2008-08-05,0.0,0.0,5.26,0.0,0.0
2008-08-06,0.0,0.0,5.11,0.0,0.0
2008-08-07,0.0,0.0,4.97,0.0,0.0
2008-08-08,0.0,0.0,4.83,0.0,0.0
2008-08-09,0.0,0.0,4.69,0.0,0.0
2008-08-10,0.0,0.0,4.56,0.0,0.0
2008-08-11,0.0,0.0,0.0,0.0,0.0
2008-08-12,0.0,0.0,0.0,0.0,0.0
2008-08-13,0.0,0.0,0.0,0.0,0.0
2008-08-14,0.0,0.0,0.0,0.0,0.0
2008-08-15,0.0,0.0,0.0,0.0,0.0
2008-08-16,0.0,0.0,0.0,0.0,0.0
2008-08-17,0.0,0.0,0.0,0.0,0.0
2008-08-18,0.0,0.0,0.0,0.0,0.0
2008-08-19,0.0,0.0,0.0,0.0,0.0
2008-08-20,0.0,0.0,0.0,0.0,0.0
2008-08-21,0.0,0.0,0.0,0.0,0.0
2008-08-22,0.0,0.0,0.0,0.0,0.0
2008-08-23,0.0,0.0,0.0,0.0,0.0
2008-08-24,0.0,0.0,0.0,0.0,0.0
2008-08-25,0.0,0.0,0.0,0.0,0.0
2008-08-26,0.0,0.0,0.0,0.0,0.0
2008-08-27,0.0,0.0,0.0,0.0,0.0
2008-08-28,0.0,0.0,0.0,0.0,0.0
2008-08-29,0.0,0.0,0.0,0.0,0.0
2008-08-30,0.0,0.0,0.0,0.0,0.0
2008-08-31,0.0,0.0,0.0,0.0,0.0
2008-09-01,0.0,0.0,0.0,0.0,0.0
2008-09-02,0.0,0.0,0.0,0.0,0.0
2008-09-03,0.0,0.0,0.0,0.0,0.0
2008-09-04,0.0,0.0,0.0,0.0,0.0
2008-09-05,0.0,0.0,0.0,0.0,0.0
2008-09-06,0.0,0.0,0.0,0.0,0.0
2008-09-07,0.0,0.0,0.0,0.0,0.0
2008-09-08,0.0,0.0,0.0,0.0,0.0
2008-09-09,0.0,0.0,0.0,0.0,0.0
2008-09-10,0.0,0.0,0.0,0.0,0.0
2008-09-11,0.0,0.0,0.0,0.0,0.0
2008-09-12,0.0,0.0,0.0,0.0,0.0
2008-09-13,0.0,0.0,0.0,0.0,0.0
2008-09-14,0.0,0.0,0.0,0.0,0.0
2008-09-15,0.0,0.0,0.0,0.0,0.0
2008-09-16,0.0,0.0,0.0,0.0,0.0
2008-09-17,0.0,0.0,0.0,0.0,0.0
2008-09-18,0.0,0.0,0.0,0.0,0.0
2008-09-19,0.0,0.0,0.0,0.0,0.0
2008-09-20,0.0,0.0,0.0,0.0,0.0
2008-09-21,0.0,0.0,0.0,0.0,0.0
2008-09-22,0.0,0.0,0.0,0.0,0.0
2008-09-23,0.0,0.0,0.0,0.0,0.0
2008-09-24,0.0,0.0,0.0,0.0,0.0
2008-09-25,0.0,0.0,0.0,0.0,0.0
2008-09-26,0.0,0.0,0.0,0.0,0.0
2008-09-27,0.0,0.0,0.0,0.0,0.0
2008-09-28,0.0,0.0,0.0,0.0,0.0
2008-09-29,0.0,0.0,0.0,0.0,0.0
2008-09-30,0.0,0.0,0.0,0.0,0.0
2008-10-01,0.0,0.0,0.0,0.0,0.0
2008-10-02,0.0,0.0,0.0,0.0,0.0
2008-10-03,0.0,0.0,0.0,0.0,0.0
2008-10-04,1.07,67.17,31.52,14.75,20.89
2008-10-05,0.078,31.09,20.18,0.0,10.9
2008-10-06,0.041,19.11,9.32,0.0,9.79
2008-10-07,0.032,16.2,9.18,0.0,7.03
2008-10-08,0.025,13.96,9.17,0.0,4.79
2008-10-09,0.019,12.27,9.17,0.0,3.1
2008-10-10,0.015,11.06,9.17,0.0,1.89
2008-10-11,0.012,10.27,9.17,0.0,1.09
2008-10-12,0.009,9.77,9.17,0.0,0.6
2008-10-13,0.007,9.49,9.18,0.0,0.31
2008-10-14,0.005,9.32,9.17,0.0,0.15
2008-10-15,0.004,9.23,9.16,0.0,0.07
2008-10-16,0.003,9.22,9.17,0.0,0.03
2008-10-17,0.003,9.18,9.16,0.0,0.01
2008-10-18,0.002,9.19,9.15,0.0,0.01
2008-10-19,0.002,9.17,9.19,0.0,0.0
2008-10-20,0.001,9.16,9.16,0.0,0.0
2008-10-21,0.001,9.21,9.18,0.0,0.0
2008-10-22,0.001,9.16,9.22,0.0,0.0
2008-10-23,0.001,9.3,9.2,0.0,0.0
2008-10-24,0.0,9.21,9.1,0.0,0.0
2008-10-25,0.0,9.19,9.15,0.0,0.0
2008-10-26,0.0,9.09,9.19,0.0,0.0
2008-10-27,0.0,9.0,9.18,0.0,0.0
2008-10-28,0.0,9.0,8.92,0.0,0.0
2008-10-29,0.0,8.9,9.0,0.0,0.0
2008-10-30,0.0,9.26,9.1,0.0,0.0
2008-10-31,0.0,9.16,9.21,0.0,0.0
2008-11-01,5.557,158.62,38.9,45.2,74.52
2008-11-02,0.731,83.4,32.23,15.21,35.97
2008-11-03,1.258,54.32,24.13,10.99,19.2
2008-11-04,0.266,43.4,25.53,1.23,16.64
2008-11-05,0.075,25.14,9.64,0.0,15.5
2008-11-06,0.054,21.13,9.17,0.0,11.96
2008-11-07,0.043,18.32,9.45,0.0,8.87
2008-11-08,0.033,15.74,9.35,0.0,6.4
2008-11-09,0.026,13.58,9.18,0.0,4.41
2008-11-10,0.02,12.04,9.17,0.0,2.87
2008-11-11,0.016,10.94,9.17,0.0,1.77
2008-11-12,0.012,10.2,9.17,0.0,1.03
2008-11-13,0.009,9.73,9.17,0.0,0.57
2008-11-14,0.007,9.48,9.17,0.0,0.3
2008-11-15,0.006,9.32,9.17,0.0,0.15
2008-11-16,0.004,9.23,9.17,0.0,0.07
2008-11-17,0.004,9.19,9.17,0.0,0.03
2008-11-18,0.003,9.2,9.16,0.0,0.02
2008-11-19,0.002,9.18,9.16,0.0,0.01
2008-11-20,0.002,9.2,9.17,0.0,0.01
2008-11-21,0.001,9.17,9.14,0.0,0.0
2008-11-22,0.001,9.17,9.18,0.0,0.0
2008-11-23,0.001,9.23,9.16,0.0,0.0
2008-11-24,0.001,9.15,9.11,0.0,0.0
2008-11-25,0.0,9.16,9.18,0.0,0.0
2008-11-26,0.0,9.14,9.05,0.0,0.0
2008-11-27,0.0,9.26,9.07,0.0,0.0
2008-11-28,0.0,9.09,8.97,0.0,0.0
2008-11-29,0.0,9.0,9.04,0.0,0.0
2008-11-30,0.0,9.35,9.13,0.0,0.0
2008-12-01,0.0,9.26,9.23,0.0,0.0
2008-12-02,0.0,8.8,8.97,0.0,0.0
2008-12-03,0.0,9.16,9.08,0.0,0.0
2008-12-04,0.0,9.06,9.21,0.0,0.0
2008-12-05,0.0,9.06,8.95,0.0,0.0
2008-12-06,0.0,8.94,9.09,0.0,0.0
2008-12-07,0.0,9.37,9.26,0.0,0.0
2008-12-08,0.0,8.82,8.99,0.0,0.0
2008-12-09,0.0,9.26,9.18,0.0,0.0
2008-12-10,0.0,8.68,8.92,0.0,0.0
2008-12-11,0.0,9.14,9.12,0.0,0.0
2008-12-12,0.0,9.14,8.86,0.0,0.0
2008-12-13,0.0,9.0,9.09,0.0,0.0
2008-12-14,0.0,9.53,9.35,0.0,0.0
2008-12-15,0.769,46.53,30.78,5.77,9.98
2008-12-16,1.192,43.83,26.18,7.06,10.59
2008-12-17,0.11,22.88,16.77,0.0,6.1
2008-12-18,0.058,14.69,9.43,0.0,5.27
2008-12-19,0.969,46.44,26.93,7.45,12.06
2008-12-20,0.103,22.16,15.63,0.0,6.53
2008-12-21,0.819,37.53,22.06,6.18,9.29
2008-12-22,0.86,35.37,24.59,3.45,7.34
2008-12-23,0.871,42.34,26.3,5.57,10.47
2008-12-24,0.675,27.99,19.74,2.18,6.07
2008-12-25,4.715,57.43,26.13,12.37,18.92
2008-12-26,0.161,32.27,21.6,0.0,10.66
2008-12-27,0.066,19.43,10.55,0.0,8.87
2008-12-28,0.051,17.2,10.43,0.0,6.77
2008-12-29,0.041,15.88,11.02,0.0,4.87
2008-12-30,0.033,14.69,11.3,0.0,3.39
2008-12-31,0.027,14.25,12.0,0.0,2.25
2009-01-01,0.022,13.77,12.3,0.0,1.47
2009-01-02,0.016,12.56,11.62,0.0,0.94
2009-01-03,0.013,12.56,11.97,0.0,0.59
2009-01-04,0.011,12.99,12.6,0.0,0.39
2009-01-05,0.008,10.26,10.06,0.0,0.19
2009-01-06,0.006,11.43,11.26,0.0,0.15
2009-01-07,0.005,9.24,9.21,0.0,0.04
2009-01-08,0.004,9.21,9.17,0.0,0.02
2009-01-09,0.003,9.21,9.19,0.0,0.01
2009-01-10,0.002,9.19,9.17,0.0,0.01
2009-01-11,0.002,9.15,9.15,0.0,0.0
2009-01-12,0.001,9.17,9.15,0.0,0.0
2009-01-13,0.001,9.17,9.17,0.0,0.0
2009-01-14,0.001,9.08,9.12,0.0,0.0
2009-01-15,0.001,9.11,9.19,0.0,0.0
2009-01-16,0.0,9.16,9.08,0.0,0.0
2009-01-17,0.0,9.07,9.16,0.0,0.0
2009-01-18,0.0,9.18,9.25,0.0,0.0
2009-01-19,0.0,9.09,8.94,0.0,0.0
2009-01-20,0.0,9.0,9.01,0.0,0.0
2009-01-21,0.0,8.9,9.09,0.0,0.0
2009-01-22,1.763,55.03,29.43,10.4,15.2
2009-01-23,1.39,39.24,25.49,5.07,8.67
2009-01-24,0.415,30.93,24.76,0.37,5.8
2009-01-25,0.085,17.77,11.54,0.0,6.23
2009-01-26,0.058,14.85,9.95,0.0,4.9
2009-01-27,0.045,13.45,9.73,0.0,3.73
2009-01-28,0.035,12.45,9.76,0.0,2.69
2009-01-29,0.027,11.56,9.69,0.0,1.87
2009-01-30,0.021,10.42,9.18,0.0,1.24
2009-01-31,0.016,9.94,9.17,0.0,0.77
2009-02-01,0.013,9.63,9.17,0.0,0.45
2009-02-02,0.01,9.43,9.17,0.0,0.25
2009-02-03,0.008,9.31,9.17,0.0,0.13
2009-02-04,0.006,9.23,9.17,0.0,0.07
2009-02-05,0.005,9.22,9.18,0.0,0.03
2009-02-06,0.458,43.09,30.88,4.36,7.86
2009-02-07,0.268,50.27,38.92,3.46,7.89
2009-02-08,0.041,14.94,12.66,0.0,2.28
2009-02-09,0.244,38.49,31.58,0.28,6.63
2009-02-10,0.041,18.23,15.38,0.0,2.85
2009-02-11,0.056,5.55,4.63,0.0,0.91
2009-02-12,0.419,42.66,33.06,2.06,7.54
2009-02-13,2.493,53.58,24.8,11.69,17.09
2009-02-14,0.908,45.65,27.77,5.9,11.98
2009-02-15,10.21,73.62,31.64,16.02,25.96
2009-02-16,6.205,71.04,32.38,15.15,23.52
2009-02-17,3.868,50.34,26.11,9.44,14.78
2009-02-18,0.349,34.5,26.63,0.4,7.46
2009-02-19,0.135,24.87,19.63,0.0,5.24
2009-02-20,0.11,24.14,20.43,0.0,3.72
2009-02-21,0.094,23.54,20.74,0.0,2.8
2009-02-22,0.979,40.82,21.95,7.73,11.14
2009-02-23,1.952,53.87,29.45,9.32,15.1
2009-02-24,1.119,40.03,25.04,5.2,9.79
2009-02-25,0.166,25.07,20.29,0.0,4.78
2009-02-26,0.125,24.46,21.19,0.0,3.27
2009-02-27,0.107,23.84,21.33,0.0,2.51
2009-02-28,0.083,22.56,20.55,0.0,2.01
2009-03-01,0.077,23.14,21.65,0.0,1.49
2009-03-02,1.256,56.73,29.68,11.3,15.76
2009-03-03,4.335,69.44,26.92,16.54,25.97
2009-03-04,1.493,48.17,29.38,6.63,12.16
2009-03-05,1.62,52.05,25.7,9.98,16.36
2009-03-06,0.23,28.89,23.54,0.0,5.34
2009-03-07,0.175,27.44,24.06,0.0,3.37
2009-03-08,0.154,26.85,24.32,0.0,2.52
2009-03-09,0.132,26.08,24.08,0.0,2.0
2009-03-10,0.118,25.75,24.17,0.0,1.58
2009-03-11,0.104,25.61,24.33,0.0,1.28
2009-03-12,0.091,25.41,24.34,0.0,1.07
2009-03-13,0.077,24.98,24.05,0.0,0.92
2009-03-14,0.065,24.69,23.87,0.0,0.82
2009-03-15,0.055,24.51,23.77,0.0,0.74
2009-03-16,0.05,24.76,24.06,0.0,0.7
2009-03-17,0.041,24.47,23.82,0.0,0.65
2009-03-18,0.035,23.98,23.37,0.0,0.61
2009-03-19,0.028,23.36,22.79,0.0,0.57
2009-03-20,0.024,23.33,22.78,0.0,0.55
2009-03-21,0.018,22.78,22.27,0.0,0.51
2009-03-22,0.649,61.81,32.57,11.43,17.81
2009-03-23,0.058,26.11,20.38,0.0,5.73
2009-03-24,0.04,20.35,16.51,0.0,3.84
2009-03-25,0.033,19.9,17.32,0.0,2.57
2009-03-26,0.024,17.76,15.99,0.0,1.78
2009-03-27,0.017,15.53,14.34,0.0,1.19
2009-03-28,0.012,13.07,12.33,0.0,0.73
2009-03-29,0.009,9.63,9.24,0.0,0.38
2009-03-30,0.007,9.38,9.18,0.0,0.19
2009-03-31,0.005,9.27,9.18,0.0,0.09
2009-04-01,0.004,9.22,9.17,0.0,0.04
2009-04-02,0.003,9.21,9.18,0.0,0.02
2009-04-03,0.002,9.21,9.18,0.0,0.01
2009-04-04,0.002,9.16,9.15,0.0,0.0
2009-04-05,0.001,9.18,9.17,0.0,0.0
2009-04-06,0.001,9.12,9.14,0.0,0.0
2009-04-07,0.001,9.18,9.22,0.0,0.0
2009-04-08,0.001,9.19,9.17,0.0,0.0
2009-04-09,0.001,9.17,9.14,0.0,0.0
2009-04-10,0.0,9.32,9.18,0.0,0.0
2009-04-11,0.0,9.04,9.14,0.0,0.0
2009-04-12,0.0,9.09,9.06,0.0,0.0
2009-04-13,0.0,9.0,9.12,0.0,0.0
2009-04-14,0.0,9.35,9.2,0.0,0.0
2009-04-15,0.0,8.9,8.94,0.0,0.0
2009-04-16,0.0,9.26,9.03,0.0,0.0
2009-04-17,0.0,9.16,9.14,0.0,0.0
2009-04-18,0.0,9.06,9.27,0.0,0.0
2009-04-19,0.0,9.06,9.01,0.0,0.0
2009-04-20,0.0,8.94,9.15,0.0,0.0
2009-04-21,0.0,8.94,8.89,0.0,0.0
2009-04-22,0.0,8.82,9.05,0.0,0.0
2009-04-23,0.0,9.26,9.23,0.0,0.0
2009-04-24,0.0,9.26,8.97,0.0,0.0
2009-04-25,0.0,9.14,9.18,0.0,0.0
2009-04-26,0.0,9.14,8.92,0.0,0.0
2009-04-27,0.0,9.0,9.15,0.0,0.0
2009-04-28,0.0,9.0,8.89,0.0,0.0
2009-04-29,0.0,8.85,9.14,0.0,0.0
2009-04-30,0.0,8.85,8.88,0.0,0.0
2009-05-01,0.0,9.4,9.17,0.0,0.0
2009-05-02,0.0,8.68,8.91,0.0,0.0
2009-05-03,0.0,9.26,9.24,0.0,0.0
2009-05-04,0.0,9.26,8.97,0.0,0.0
2009-05-05,0.0,9.09,9.34,0.0,0.0
2009-05-06,0.0,9.09,9.08,0.0,0.0
2009-05-07,0.0,9.09,8.82,0.0,0.0
2009-05-08,0.0,8.9,9.23,0.0,0.0
2009-05-09,0.0,8.9,8.97,0.0,0.0
2009-05-10,0.0,9.65,9.44,0.0,0.0
2009-05-11,0.0,9.65,9.17,0.0,0.0
2009-05-12,0.0,8.68,8.91,0.0,0.0
2009-05-13,0.0,9.47,9.45,0.0,0.0
2009-05-14,0.0,9.47,9.18,0.0,0.0
2009-05-15,0.0,8.42,8.92,0.0,0.0
2009-05-16,0.0,9.26,9.53,0.0,0.0
2009-05-17,0.0,9.26,9.26,0.0,0.0
2009-05-18,0.0,9.26,9.0,0.0,0.0
2009-05-19,0.0,9.26,8.75,0.0,0.0
2009-05-20,0.0,9.0,9.44,0.0,0.0
2009-05-21,0.0,9.0,9.17,0.0,0.0
2009-05-22,0.0,9.0,8.91,0.0,0.0
2009-05-23,0.0,9.0,8.66,0.0,0.0
2009-05-24,0.0,10.13,9.47,0.0,0.0
2009-05-25,0.0,8.68,9.2,0.0,0.0
2009-05-26,0.0,8.68,8.94,0.0,0.0
2009-05-27,0.0,8.68,8.69,0.0,0.0
2009-05-28,0.0,9.92,9.65,0.0,0.0
2009-05-29,0.0,9.92,9.37,0.0,0.0
2009-05-30,0.0,9.92,9.11,0.0,0.0
2009-05-31,0.0,8.27,8.85,0.0,0.0
2009-06-01,0.0,8.27,8.6,0.0,0.0
2009-06-02,0.0,9.65,9.75,0.0,0.0
2009-06-03,0.0,9.65,9.47,0.0,0.0
2009-06-04,0.0,9.65,9.2,0.0,0.0
2009-06-05,0.0,9.65,8.94,0.0,0.0
2009-06-06,0.0,9.65,8.69,0.0,0.0
2009-06-07,0.0,7.72,8.44,0.0,0.0
2009-06-08,0.0,9.26,9.84,0.0,0.0
2009-06-09,0.0,9.26,9.56,0.0,0.0
2009-06-10,0.0,9.26,9.29,0.0,0.0
2009-06-11,0.0,9.26,9.03,0.0,0.0
2009-06-12,0.0,9.26,8.77,0.0,0.0
2009-06-13,0.0,9.26,8.53,0.0,0.0
2009-06-14,0.0,9.26,8.28,0.0,0.0
2009-06-15,0.0,8.68,10.06,0.0,0.0
2009-06-16,0.0,8.68,9.78,0.0,0.0
2009-06-17,0.0,8.68,9.5,0.0,0.0
2009-06-18,0.0,8.68,9.23,0.0,0.0
2009-06-19,0.0,8.68,8.97,0.0,0.0
2009-06-20,0.0,8.68,8.71,0.0,0.0
2009-06-21,0.0,8.68,8.47,0.0,0.0
2009-06-22,0.0,8.68,8.23,0.0,0.0
2009-06-23,0.0,8.68,7.99,0.0,0.0
2009-06-24,0.0,11.57,10.36,0.0,0.0
2009-06-25,0.0,11.57,10.06,0.0,0.0
2009-06-26,0.0,11.57,9.78,0.0,0.0
2009-06-27,0.0,7.72,9.5,0.0,0.0
2009-06-28,0.0,7.72,9.23,0.0,0.0
2009-06-29,0.0,7.72,8.97,0.0,0.0
2009-06-30,0.0,7.72,8.72,0.0,0.0
2009-07-01,0.0,7.72,8.47,0.0,0.0
2009-07-02,0.0,7.72,8.23,0.0,0.0
2009-07-03,0.0,7.72,8.0,0.0,0.0
2009-07-04,0.0,7.72,7.77,0.0,0.0
2009-07-05,0.0,11.57,11.32,0.0,0.0
2009-07-06,0.0,11.57,11.0,0.0,0.0
2009-07-07,0.0,11.57,10.69,0.0,0.0
2009-07-08,0.0,11.57,10.39,0.0,0.0
2009-07-09,0.0,11.57,10.09,0.0,0.0
2009-07-10,0.0,11.57,9.81,0.0,0.0
2009-07-11,0.0,11.57,9.53,0.0,0.0
2009-07-12,0.0,11.57,9.26,0.0,0.0
2009-07-13,0.0,11.57,9.0,0.0,0.0
2009-07-14,0.0,11.57,8.74,0.0,0.0
2009-07-15,0.0,5.79,8.5,0.0,0.0
2009-07-16,0.0,5.79,8.25,0.0,0.0
2009-07-17,0.0,5.79,8.02,0.0,0.0
2009-07-18,0.0,5.79,7.79,0.0,0.0
2009-07-19,0.0,5.79,7.57,0.0,0.0
2009-07-20,0.0,5.79,7.36,0.0,0.0
2009-07-21,0.0,5.79,7.15,0.0,0.0
2009-07-22,0.0,5.79,6.95,0.0,0.0
2009-07-23,0.0,11.57,13.5,0.0,0.0
2009-07-24,0.0,11.57,13.12,0.0,0.0
2009-07-25,0.0,11.57,12.75,0.0,0.0
2009-07-26,0.0,11.57,12.38,0.0,0.0
2009-07-27,0.0,11.57,12.03,0.0,0.0
2009-07-28,0.0,11.57,11.69,0.0,0.0
2009-07-29,0.0,11.57,11.36,0.0,0.0
2009-07-30,0.0,11.57,11.04,0.0,0.0
2009-07-31,0.0,11.57,10.73,0.0,0.0
2009-08-01,0.0,11.57,10.42,0.0,0.0
2009-08-02,0.0,11.57,10.13,0.0,0.0
2009-08-03,0.0,11.57,9.84,0.0,0.0
2009-08-04,0.0,11.57,9.56,0.0,0.0
2009-08-05,0.0,11.57,9.29,0.0,0.0
2009-08-06,0.0,11.57,9.03,0.0,0.0
2009-08-07,0.0,11.57,8.77,0.0,0.0
2009-08-08,0.0,11.57,8.52,0.0,0.0
2009-08-09,0.0,11.57,8.28,0.0,0.0
2009-08-10,0.0,11.57,8.05,0.0,0.0
2009-08-11,0.0,11.57,7.82,0.0,0.0
2009-08-12,0.0,11.57,7.6,0.0,0.0
2009-08-13,0.0,11.57,7.38,0.0,0.0
2009-08-14,0.0,11.57,7.17,0.0,0.0
2009-08-15,0.0,11.57,6.97,0.0,0.0
2009-08-16,0.0,11.57,6.77,0.0,0.0
2009-08-17,0.0,11.57,6.58,0.0,0.0
2009-08-18,0.0,11.57,6.39,0.0,0.0
2009-08-19,0.0,11.57,6.21,0.0,0.0
2009-08-20,0.0,11.57,6.04,0.0,0.0
2009-08-21,0.0,11.57,5.87,0.0,0.0
2009-08-22,0.0,0.0,5.7,0.0,0.0
2009-08-23,0.0,0.0,5.54,0.0,0.0
2009-08-24,0.0,0.0,5.38,0.0,0.0
2009-08-25,0.0,0.0,5.23,0.0,0.0
2009-08-26,0.0,0.0,5.08,0.0,0.0
2009-08-27,0.0,0.0,4.94,0.0,0.0
2009-08-28,0.0,0.0,4.8,0.0,0.0
2009-08-29,0.0,0.0,4.66,0.0,0.0
2009-08-30,0.0,0.0,0.0,0.0,0.0
2009-08-31,0.0,0.0,0.0,0.0,0.0
2009-09-01,0.0,0.0,0.0,0.0,0.0
2009-09-02,0.0,0.0,0.0,0.0,0.0
2009-09-03,0.0,0.0,0.0,0.0,0.0
2009-09-04,0.0,0.0,0.0,0.0,0.0
2009-09-05,0.0,0.0,0.0,0.0,0.0
2009-09-06,0.0,0.0,0.0,0.0,0.0
2009-09-07,0.0,0.0,0.0,0.0,0.0
2009-09-08,0.0,0.0,0.0,0.0,0.0
2009-09-09,0.0,0.0,0.0,0.0,0.0
2009-09-10,0.0,0.0,0.0,0.0,0.0
2009-09-11,0.0,0.0,0.0,0.0,0.0
2009-09-12,0.0,0.0,0.0,0.0,0.0
2009-09-13,0.0,0.0,0.0,0.0,0.0
2009-09-14,0.0,0.0,0.0,0.0,0.0
2009-09-15,0.0,0.0,0.0,0.0,0.0
2009-09-16,0.0,0.0,0.0,0.0,0.0
2009-09-17,0.0,0.0,0.0,0.0,0.0
2009-09-18,0.0,0.0,0.0,0.0,0.0
2009-09-19,0.0,0.0,0.0,0.0,0.0
2009-09-20,0.0,0.0,0.0,0.0,0.0
2009-09-21,0.0,0.0,0.0,0.0,0.0
2009-09-22,0.0,0.0,0.0,0.0,0.0
2009-09-23,0.0,0.0,0.0,0.0,0.0
2009-09-24,0.0,0.0,0.0,0.0,0.0
2009-09-25,0.0,0.0,0.0,0.0,0.0
2009-09-26,0.0,0.0,0.0,0.0,0.0
2009-09-27,0.0,0.0,0.0,0.0,0.0
2009-09-28,0.0,0.0,0.0,0.0,0.0
2009-09-29,0.0,0.0,0.0,0.0,0.0
2009-09-30,0.0,0.0,0.0,0.0,0.0
2009-10-01,0.0,0.0,0.0,0.0,0.0
2009-10-02,0.0,0.0,0.0,0.0,0.0
2009-10-03,0.0,0.0,0.0,0.0,0.0
2009-10-04,0.0,0.0,0.0,0.0,0.0
2009-10-05,0.0,0.0,0.0,0.0,0.0
2009-10-06,0.0,0.0,0.0,0.0,0.0
2009-10-07,0.0,0.0,0.0,0.0,0.0
2009-10-08,0.0,0.0,0.0,0.0,0.0
2009-10-09,0.0,0.0,0.0,0.0,0.0
2009-10-10,0.0,0.0,0.0,0.0,0.0
2009-10-11,0.0,0.0,0.0,0.0,0.0
2009-10-12,0.0,0.0,0.0,0.0,0.0
2009-10-13,17.897,214.15,49.79,52.61,111.75
2009-10-14,1.218,62.99,28.93,8.54,25.53
2009-10-15,0.107,34.81,14.19,0.0,20.61
2009-10-16,0.066,27.88,11.38,0.0,16.5
2009-10-17,0.052,23.87,11.42,0.0,12.44
2009-10-18,0.04,20.14,10.88,0.0,9.25
2009-10-19,0.031,17.47,11.03,0.0,6.44
2009-10-20,0.025,15.65,11.4,0.0,4.25
2009-10-21,0.02,14.34,11.64,0.0,2.7
2009-10-22,0.015,12.45,10.77,0.0,1.68
2009-10-23,0.011,10.19,9.21,0.0,0.98
2009-10-24,0.009,9.7,9.17,0.0,0.53
2009-10-25,0.007,9.44,9.17,0.0,0.27
2009-10-26,0.005,9.29,9.16,0.0,0.13
2009-10-27,0.004,9.24,9.17,0.0,0.06
2009-10-28,0.003,9.2,9.16,0.0,0.03
2009-10-29,0.002,9.22,9.19,0.0,0.01
2009-10-30,0.002,9.16,9.16,0.0,0.01
2009-10-31,0.001,9.17,9.18,0.0,0.0
2009-11-01,0.001,9.18,9.17,0.0,0.0
2009-11-02,0.001,9.13,9.18,0.0,0.0
2009-11-03,0.001,9.09,9.17,0.0,0.0
2009-11-04,0.001,9.22,9.24,0.0,0.0
2009-11-05,0.0,9.09,9.23,0.0,0.0
2009-11-06,0.0,9.12,9.12,0.0,0.0
2009-11-07,0.0,9.09,9.1,0.0,0.0
2009-11-08,0.0,9.0,9.15,0.0,0.0
2009-11-09,0.0,9.35,9.23,0.0,0.0
2009-11-10,0.0,8.9,8.97,0.0,0.0
2009-11-11,0.0,9.26,9.06,0.0,0.0
2009-11-12,0.0,9.16,9.17,0.0,0.0
2009-11-13,0.0,8.68,8.91,0.0,0.0
2009-11-14,0.0,9.06,9.04,0.0,0.0
2009-11-15,0.0,8.94,9.18,0.0,0.0
2009-11-16,0.0,8.94,8.92,0.0,0.0
2009-11-17,0.0,8.82,9.08,0.0,0.0
2009-11-18,0.0,9.26,9.26,0.0,0.0
2009-11-19,0.0,9.26,9.0,0.0,0.0
2009-11-20,0.0,9.14,9.21,0.0,0.0
2009-11-21,0.0,9.14,8.95,0.0,0.0
2009-11-22,0.0,9.0,9.18,0.0,0.0
2009-11-23,0.0,9.0,8.92,0.0,0.0
2009-11-24,0.0,8.85,9.17,0.0,0.0
2009-11-25,0.0,8.85,8.91,0.0,0.0
2009-11-26,0.0,9.4,9.2,0.0,0.0
2009-11-27,0.0,8.68,8.94,0.0,0.0
2009-11-28,0.0,9.26,9.27,0.0,0.0
2009-11-29,0.0,9.26,9.0,0.0,0.0
2009-11-30,0.0,9.09,9.37,0.0,0.0
2009-12-01,0.0,9.09,9.11,0.0,0.0
2009-12-02,0.0,9.09,8.85,0.0,0.0
2009-12-03,0.0,8.9,9.26,0.0,0.0
2009-12-04,0.0,8.9,9.0,0.0,0.0
2009-12-05,0.0,8.9,8.74,0.0,0.0
2009-12-06,0.0,9.65,9.2,0.0,0.0
2009-12-07,1.417,64.61,29.03,14.35,21.23
2009-12-08,0.087,30.71,17.13,0.0,13.58
2009-12-09,0.052,21.4,9.5,0.0,11.9
2009-12-10,0.091,7.9,4.01,0.0,3.9
2009-12-11,1.652,47.07,27.51,7.84,11.72
2009-12-12,2.654,45.28,25.14,7.76,12.37
2009-12-13,1.914,43.49,26.16,6.51,10.82
2009-12-14,0.138,24.51,18.12,0.0,6.39
2009-12-15,0.063,15.79,9.91,0.0,5.88
2009-12-16,0.049,14.03,9.51,0.0,4.52
2009-12-17,0.041,14.66,11.53,0.0,3.12
2009-12-18,0.033,14.04,11.84,0.0,2.19
2009-12-19,0.026,13.57,12.08,0.0,1.49
2009-12-20,0.021,13.63,12.64,0.0,0.99
2009-12-21,0.017,13.62,12.96,0.0,0.65
2009-12-22,0.012,10.22,9.86,0.0,0.36
2009-12-23,0.009,10.93,10.7,0.0,0.24
2009-12-24,0.007,9.48,9.37,0.0,0.11
2009-12-25,0.006,9.94,9.87,0.0,0.07
2009-12-26,0.013,2.93,2.92,0.0,0.01
2009-12-27,0.593,46.95,30.04,5.36,11.55
2009-12-28,0.093,27.32,23.08,0.01,4.23
2009-12-29,0.08,21.43,18.57,0.02,2.84
2009-12-30,0.166,36.64,31.66,0.07,4.9
2009-12-31,0.025,13.36,11.76,0.0,1.6
2010-01-01,0.018,10.57,9.5,0.0,1.07
2010-01-02,0.014,11.0,10.35,0.0,0.66
2010-01-03,0.011,10.98,10.58,0.0,0.4
2010-01-04,0.009,11.19,10.95,0.0,0.25
2010-01-05,0.007,11.18,11.02,0.0,0.16
2010-01-06,0.005,9.24,9.21,0.0,0.05
2010-01-07,0.004,9.18,9.17,0.0,0.02
2010-01-08,0.003,9.18,9.16,0.0,0.01
2010-01-09,0.002,9.16,9.18,0.0,0.01
2010-01-10,0.002,9.16,9.16,0.0,0.0
2010-01-11,0.001,9.18,9.19,0.0,0.0
2010-01-12,0.205,28.56,16.5,5.12,6.94
2010-01-13,0.722,68.55,38.94,11.93,17.69
2010-01-14,0.05,22.68,16.02,0.0,6.66
2010-01-15,0.032,15.41,9.97,0.0,5.44
2010-01-16,0.024,13.19,9.45,0.0,3.75
2010-01-17,0.019,11.91,9.5,0.0,2.41
2010-01-18,3.442,95.84,30.17,26.82,38.84
2010-01-19,6.299,78.62,30.51,17.76,30.35
2010-01-20,9.707,341.04,47.76,111.16,182.13
2010-01-21,2.123,54.68,23.08,9.81,21.79
2010-01-22,2.652,46.86,26.51,6.92,13.43
2010-01-23,2.143,44.56,24.36,7.38,12.82
2010-01-24,0.216,28.13,22.25,0.01,5.88
2010-01-25,0.294,33.76,24.24,3.14,6.39
2010-01-26,1.124,42.54,28.64,5.12,8.78
2010-01-27,0.228,27.48,23.05,0.01,4.42
2010-01-28,0.135,23.76,21.05,0.0,2.72
2010-01-29,0.295,36.25,26.91,2.82,6.52
2010-01-30,0.338,36.48,30.93,0.31,5.24
2010-01-31,0.12,23.79,22.08,0.0,1.7
2010-02-01,0.101,23.26,21.9,0.0,1.36
2010-02-02,0.091,23.62,22.5,0.0,1.11
2010-02-03,0.082,23.91,22.96,0.0,0.95
2010-02-04,1.234,76.58,22.31,23.03,31.23
2010-02-05,1.407,89.03,34.06,21.04,33.94
2010-02-06,2.47,71.45,26.11,17.85,27.49
2010-02-07,0.212,32.36,22.45,0.01,9.9
2010-02-08,0.141,28.41,22.09,0.0,6.32
2010-02-09,0.379,36.31,30.03,0.51,5.77
2010-02-10,0.139,26.59,23.29,0.0,3.3
2010-02-11,0.114,25.11,22.58,0.0,2.52
2010-02-12,0.099,24.65,22.72,0.0,1.93
2010-02-13,0.093,25.03,23.57,0.0,1.46
2010-02-14,0.083,25.0,23.82,0.0,1.18
2010-02-15,0.072,24.82,23.83,0.0,0.98
2010-02-16,0.061,24.55,23.7,0.0,0.85
2010-02-17,0.051,24.39,23.63,0.0,0.76
2010-02-18,0.045,24.55,23.86,0.0,0.69
2010-02-19,0.038,24.42,23.78,0.0,0.64
2010-02-20,0.032,24.24,23.63,0.0,0.61
2010-02-21,0.028,24.32,23.71,0.0,0.6
2010-02-22,0.024,24.76,24.17,0.0,0.59
2010-02-23,0.872,48.15,26.49,9.05,12.61
2010-02-24,1.271,44.87,29.15,5.96,9.75
2010-02-25,0.135,23.61,17.99,0.0,5.62
2010-02-26,1.928,80.49,25.9,22.58,32.01
2010-02-27,1.479,56.13,26.62,10.72,18.79
2010-02-28,0.201,30.65,21.82,0.01,8.83
2010-03-01,0.122,26.89,20.7,0.0,6.18
2010-03-02,0.827,61.28,28.49,13.01,19.79
2010-03-03,2.945,66.5,25.97,16.46,24.08
2010-03-04,0.472,37.37,27.82,1.5,8.05
2010-03-05,0.186,27.81,22.74,0.0,5.07
2010-03-06,0.148,27.18,23.63,0.0,3.55
2010-03-07,0.131,26.55,23.89,0.0,2.66
2010-03-08,0.116,26.32,24.29,0.0,2.03
2010-03-09,0.096,25.58,23.97,0.0,1.61
2010-03-10,0.083,25.18,23.89,0.0,1.28
2010-03-11,0.078,25.76,24.71,0.0,1.05
2010-03-12,0.521,61.23,29.5,13.06,18.67
2010-03-13,0.199,42.16,30.85,0.33,10.98
2010-03-14,0.091,24.64,20.8,0.0,3.85
2010-03-15,0.081,24.36,21.64,0.0,2.73
2010-03-16,0.07,24.11,22.11,0.0,1.99
2010-03-17,0.058,23.58,22.08,0.0,1.5
2010-03-18,0.048,23.14,21.99,0.0,1.15
2010-03-19,0.034,20.59,19.7,0.0,0.89
2010-03-20,0.031,22.18,21.44,0.0,0.73
2010-03-21,0.025,22.0,21.39,0.0,0.62
2010-03-22,0.02,21.54,21.01,0.0,0.53
2010-03-23,0.015,20.3,19.85,0.0,0.45
2010-03-24,0.01,18.38,18.04,0.0,0.34
2010-03-25,0.006,12.06,11.94,0.0,0.11
2010-03-26,0.004,10.6,10.54,0.0,0.06
2010-03-27,0.003,9.22,9.21,0.0,0.01
2010-03-28,0.003,9.19,9.18,0.0,0.0
2010-03-29,0.002,9.15,9.17,0.0,0.0
2010-03-30,0.002,9.21,9.19,0.0,0.0
2010-03-31,0.001,9.22,9.2,0.0,0.0
2010-04-01,0.001,9.18,9.16,0.0,0.0
2010-04-02,0.001,9.29,9.22,0.0,0.0
2010-04-03,0.001,9.26,9.25,0.0,0.0
2010-04-04,0.775,60.03,29.86,12.96,17.21
2010-04-05,2.167,47.41,28.37,7.43,11.61
2010-04-06,0.153,26.15,19.05,0.0,7.09
2010-04-07,0.084,20.99,15.56,0.0,5.43
2010-04-08,0.068,20.08,15.97,0.0,4.1
2010-04-09,0.054,19.02,15.94,0.0,3.07
2010-04-10,0.042,17.86,15.59,0.0,2.27
2010-04-11,1.855,58.95,26.45,13.58,18.92
2010-04-12,1.149,41.24,26.15,5.1,9.99
2010-04-13,1.3,58.14,25.57,12.41,20.16
2010-04-14,0.125,25.65,18.2,0.0,7.44
2010-04-15,0.093,23.67,18.43,0.0,5.25
2010-04-16,0.076,22.62,18.66,0.0,3.95
2010-04-17,0.064,22.16,19.3,0.0,2.86
2010-04-18,0.051,21.24,19.12,0.0,2.11
2010-04-19,0.036,19.02,17.41,0.0,1.6
2010-04-20,0.518,52.05,30.25,8.25,13.55
2010-04-21,0.306,38.78,30.32,1.08,7.38
2010-04-22,0.082,26.98,23.94,0.0,3.05
2010-04-23,0.05,20.09,18.22,0.0,1.87
2010-04-24,0.041,20.34,18.98,0.0,1.36
2010-04-25,0.03,18.55,17.54,0.0,1.01
2010-04-26,0.021,16.31,15.59,0.0,0.72
2010-04-27,0.013,10.98,10.57,0.0,0.41
2010-04-28,0.012,15.46,15.08,0.0,0.37
2010-04-29,0.009,14.35,14.09,0.0,0.26
2010-04-30,0.006,10.06,9.98,0.0,0.08
2010-05-01,0.005,9.21,9.19,0.0,0.03
2010-05-02,0.004,9.19,9.18,0.0,0.01
2010-05-03,0.003,9.18,9.18,0.0,0.01
2010-05-04,0.002,9.14,9.16,0.0,0.0
2010-05-05,0.002,9.2,9.18,0.0,0.0
2010-05-06,0.001,9.15,9.17,0.0,0.0
2010-05-07,0.001,9.14,9.19,0.0,0.0
2010-05-08,0.001,9.2,9.16,0.0,0.0
2010-05-09,0.001,9.26,9.25,0.0,0.0
2010-05-10,0.0,9.11,9.17,0.0,0.0
2010-05-11,0.0,9.07,9.05,0.0,0.0
2010-05-12,0.0,9.18,9.18,0.0,0.0
2010-05-13,0.0,9.09,8.93,0.0,0.0
2010-05-14,0.0,9.0,9.0,0.0,0.0
2010-05-15,0.0,8.9,9.08,0.0,0.0
2010-05-16,0.0,9.26,9.17,0.0,0.0
2010-05-17,0.0,8.8,8.91,0.0,0.0
2010-05-18,0.0,9.16,9.02,0.0,0.0
2010-05-19,0.0,9.06,9.15,0.0,0.0
2010-05-20,0.0,9.47,9.29,0.0,0.0
2010-05-21,0.0,8.94,9.03,0.0,0.0
2010-05-22,0.0,9.37,9.19,0.0,0.0
2010-05-23,0.0,8.82,8.93,0.0,0.0
2010-05-24,0.0,9.26,9.11,0.0,0.0
2010-05-25,0.0,9.14,9.32,0.0,0.0
2010-05-26,0.0,9.14,9.06,0.0,0.0
2010-05-27,0.0,9.0,9.29,0.0,0.0
2010-05-28,0.0,9.0,9.02,0.0,0.0
2010-05-29,0.0,9.53,9.28,0.0,0.0
2010-05-30,0.0,8.85,9.02,0.0,0.0
2010-05-31,0.0,9.4,9.31,0.0,0.0
2010-06-01,0.0,9.4,9.05,0.0,0.0
2010-06-02,0.0,9.26,9.38,0.0,0.0
2010-06-03,0.0,9.26,9.11,0.0,0.0
2010-06-04,0.0,8.49,8.86,0.0,0.0
2010-06-05,0.0,9.09,9.22,0.0,0.0
2010-06-06,0.0,9.09,8.96,0.0,0.0
2010-06-07,0.0,9.79,9.37,0.0,0.0
2010-06-08,0.0,8.9,9.11,0.0,0.0
2010-06-09,0.0,8.9,8.85,0.0,0.0
2010-06-10,0.0,9.65,9.32,0.0,0.0
2010-06-11,0.0,8.68,9.05,0.0,0.0
2010-06-12,0.0,8.68,8.8,0.0,0.0
2010-06-13,0.0,9.47,9.32,0.0,0.0
2010-06-14,0.0,9.47,9.06,0.0,0.0
2010-06-15,0.0,8.42,8.8,0.0,0.0
2010-06-16,0.0,9.26,9.41,0.0,0.0
2010-06-17,0.0,9.26,9.14,0.0,0.0
2010-06-18,0.0,9.26,8.88,0.0,0.0
2010-06-19,0.0,9.0,9.59,0.0,0.0
2010-06-20,0.0,9.0,9.32,0.0,0.0
2010-06-21,0.0,9.0,9.05,0.0,0.0
2010-06-22,0.0,9.0,8.8,0.0,0.0
2010-06-23,0.0,10.13,9.62,0.0,0.0
2010-06-24,0.0,8.68,9.34,0.0,0.0
2010-06-25,0.0,8.68,9.08,0.0,0.0
2010-06-26,0.0,8.68,8.82,0.0,0.0
2010-06-27,0.0,8.68,8.57,0.0,0.0
2010-06-28,0.0,9.92,9.52,0.0,0.0
2010-06-29,0.0,9.92,9.25,0.0,0.0
2010-06-30,0.0,8.27,8.99,0.0,0.0
2010-07-01,0.0,8.27,8.73,0.0,0.0
2010-07-02,0.0,8.27,8.48,0.0,0.0
2010-07-03,0.0,9.65,9.62,0.0,0.0
2010-07-04,0.0,9.65,9.35,0.0,0.0
2010-07-05,0.0,9.65,9.08,0.0,0.0
2010-07-06,0.0,9.65,8.82,0.0,0.0
2010-07-07,0.0,7.72,8.57,0.0,0.0
2010-07-08,0.0,7.72,8.33,0.0,0.0
2010-07-09,0.0,9.26,9.71,0.0,0.0
2010-07-10,0.0,9.26,9.44,0.0,0.0
2010-07-11,0.0,9.26,9.17,0.0,0.0
2010-07-12,0.0,9.26,8.91,0.0,0.0
2010-07-13,0.0,9.26,8.66,0.0,0.0
2010-07-14,0.0,9.26,8.41,0.0,0.0
2010-07-15,0.0,11.57,10.22,0.0,0.0
2010-07-16,0.0,8.68,9.93,0.0,0.0
2010-07-17,0.0,8.68,9.65,0.0,0.0
2010-07-18,0.0,8.68,9.37,0.0,0.0
2010-07-19,0.0,8.68,9.11,0.0,0.0
2010-07-20,0.0,8.68,8.85,0.0,0.0
2010-07-21,0.0,8.68,8.6,0.0,0.0
2010-07-22,0.0,8.68,8.36,0.0,0.0
2010-07-23,0.0,8.68,8.12,0.0,0.0
2010-07-24,0.0,11.57,10.52,0.0,0.0
2010-07-25,0.0,11.57,10.22,0.0,0.0
2010-07-26,0.0,11.57,9.93,0.0,0.0
2010-07-27,0.0,11.57,9.65,0.0,0.0
2010-07-28,0.0,7.72,9.38,0.0,0.0
2010-07-29,0.0,7.72,9.11,0.0,0.0
2010-07-30,0.0,7.72,8.85,0.0,0.0
2010-07-31,0.0,7.72,8.6,0.0,0.0
2010-08-01,0.0,7.72,8.36,0.0,0.0
2010-08-02,0.0,7.72,8.12,0.0,0.0
2010-08-03,0.0,7.72,7.89,0.0,0.0
2010-08-04,0.0,7.72,7.67,0.0,0.0
2010-08-05,0.0,11.57,11.18,0.0,0.0
2010-08-06,0.0,11.57,10.86,0.0,0.0
2010-08-07,0.0,11.57,10.55,0.0,0.0
2010-08-08,0.0,11.57,10.25,0.0,0.0
2010-08-09,0.0,11.57,9.96,0.0,0.0
2010-08-10,0.0,11.57,9.68,0.0,0.0
2010-08-11,0.0,11.57,9.4,0.0,0.0
2010-08-12,0.0,11.57,9.14,0.0,0.0
2010-08-13,0.0,11.57,8.88,0.0,0.0
2010-08-14,0.0,5.79,8.63,0.0,0.0
2010-08-15,0.0,5.79,8.38,0.0,0.0
2010-08-16,0.0,5.79,8.15,0.0,0.0
2010-08-17,0.0,5.79,7.91,0.0,0.0
2010-08-18,0.0,5.79,7.69,0.0,0.0
2010-08-19,0.0,5.79,7.47,0.0,0.0
2010-08-20,0.0,5.79,7.26,0.0,0.0
2010-08-21,0.0,5.79,7.06,0.0,0.0
2010-08-22,0.0,5.79,6.86,0.0,0.0
2010-08-23,0.0,11.57,13.32,0.0,0.0
2010-08-24,0.0,11.57,12.94,0.0,0.0
2010-08-25,0.0,11.57,12.58,0.0,0.0
2010-08-26,0.0,11.57,12.22,0.0,0.0
2010-08-27,0.0,11.57,11.87,0.0,0.0
2010-08-28,0.0,11.57,11.54,0.0,0.0
2010-08-29,0.0,11.57,11.21,0.0,0.0
2010-08-30,0.0,11.57,10.89,0.0,0.0
2010-08-31,0.0,11.57,10.58,0.0,0.0
2010-09-01,0.0,11.57,10.28,0.0,0.0
2010-09-02,0.0,11.57,9.99,0.0,0.0
2010-09-03,0.0,11.57,9.71,0.0,0.0
2010-09-04,0.0,11.57,9.44,0.0,0.0
2010-09-05,0.0,11.57,9.17,0.0,0.0
2010-09-06,0.0,11.57,8.91,0.0,0.0
2010-09-07,0.0,11.57,8.66,0.0,0.0
2010-09-08,0.0,11.57,8.41,0.0,0.0
2010-09-09,0.0,11.57,8.17,0.0,0.0
2010-09-10,0.0,11.57,7.94,0.0,0.0
2010-09-11,0.0,11.57,7.72,0.0,0.0
2010-09-12,0.0,11.57,7.5,0.0,0.0
2010-09-13,0.0,11.57,7.28,0.0,0.0
2010-09-14,0.0,11.57,7.08,0.0,0.0
2010-09-15,0.0,11.57,6.88,0.0,0.0
2010-09-16,0.0,11.57,6.68,0.0,0.0
2010-09-17,0.0,11.57,6.49,0.0,0.0
2010-09-18,0.0,11.57,6.31,0.0,0.0
2010-09-19,0.0,11.57,6.13,0.0,0.0
2010-09-20,0.0,11.57,5.96,0.0,0.0
2010-09-21,0.0,11.57,5.79,0.0,0.0
2010-09-22,0.0,0.0,5.62,0.0,0.0
2010-09-23,0.0,0.0,5.46,0.0,0.0
2010-09-24,0.0,0.0,5.31,0.0,0.0
2010-09-25,0.0,0.0,5.16,0.0,0.0
2010-09-26,0.0,0.0,5.01,0.0,0.0
2010-09-27,0.0,0.0,4.87,0.0,0.0
2010-09-28,0.0,0.0,4.73,0.0,0.0
2010-09-29,0.0,0.0,4.6,0.0,0.0
2010-09-30,0.0,0.0,0.0,0.0,0.0
2010-10-01,0.0,0.0,0.0,0.0,0.0
2010-10-02,0.0,0.0,0.0,0.0,0.0
2010-10-03,0.0,0.0,0.0,0.0,0.0
2010-10-04,0.0,0.0,0.0,0.0,0.0
2010-10-05,0.0,0.0,0.0,0.0,0.0
2010-10-06,0.0,0.0,0.0,0.0,0.0
2010-10-07,0.0,0.0,0.0,0.0,0.0
2010-10-08,0.0,0.0,0.0,0.0,0.0
2010-10-09,0.0,0.0,0.0,0.0,0.0
2010-10-10,0.0,0.0,0.0,0.0,0.0
2010-10-11,0.0,0.0,0.0,0.0,0.0
2010-10-12,0.0,0.0,0.0,0.0,0.0
2010-10-13,0.0,0.0,0.0,0.0,0.0
2010-10-14,0.0,0.0,0.0,0.0,0.0
2010-10-15,0.0,0.0,0.0,0.0,0.0
2010-10-16,0.0,0.0,0.0,0.0,0.0
2010-10-17,0.0,0.0,0.0,0.0,0.0
2010-10-18,0.0,0.0,0.0,0.0,0.0
2010-10-19,0.0,0.0,0.0,0.0,0.0
2010-10-20,0.0,0.0,0.0,0.0,0.0
2010-10-21,0.0,0.0,0.0,0.0,0.0
2010-10-22,0.0,0.0,0.0,0.0,0.0
2010-10-23,0.0,0.0,0.0,0.0,0.0
2010-10-24,0.589,70.3,37.02,13.97,19.31
2010-10-25,0.108,44.37,33.3,0.02,11.06
2010-10-26,0.026,16.86,9.78,0.0,7.07
2010-10-27,0.02,13.85,9.19,0.0,4.66
2010-10-28,0.015,12.03,9.17,0.0,2.86
2010-10-29,0.012,10.83,9.17,0.0,1.66
2010-10-30,0.009,10.08,9.17,0.0,0.91
2010-10-31,0.007,9.65,9.17,0.0,0.47
2010-11-01,0.006,9.39,9.17,0.0,0.23
2010-11-02,0.004,9.27,9.17,0.0,0.11
2010-11-03,0.003,9.2,9.16,0.0,0.05
2010-11-04,0.003,9.18,9.16,0.0,0.02
2010-11-05,0.002,9.18,9.16,0.0,0.01
2010-11-06,0.002,9.22,9.2,0.0,0.0
2010-11-07,0.116,44.67,36.82,0.72,7.13
2010-11-08,0.016,26.11,23.53,0.0,2.58
2010-11-09,0.007,10.67,9.37,0.0,1.3
2010-11-10,0.006,9.83,9.18,0.0,0.64
2010-11-11,0.004,9.46,9.16,0.0,0.3
2010-11-12,0.003,9.3,9.18,0.0,0.14
2010-11-13,0.003,9.22,9.18,0.0,0.06
2010-11-14,0.002,9.18,9.17,0.0,0.03
2010-11-15,0.002,9.16,9.15,0.0,0.01
2010-11-16,0.001,9.2,9.21,0.0,0.01
2010-11-17,0.001,9.14,9.19,0.0,0.0
2010-11-18,0.001,9.23,9.16,0.0,0.0
2010-11-19,0.054,70.16,34.84,15.25,20.07
2010-11-20,3.724,82.27,27.34,22.21,32.72
2010-11-21,1.406,64.12,30.55,12.6,20.97
2010-11-22,0.294,33.72,24.34,0.15,9.23
2010-11-23,1.304,42.65,24.52,6.57,11.56
2010-11-24,0.125,24.83,16.18,0.0,8.65
2010-11-25,0.062,16.7,9.42,0.0,7.28
2010-11-26,0.048,14.88,9.3,0.0,5.58
2010-11-27,0.037,13.54,9.46,0.0,4.08
2010-11-28,0.029,12.31,9.46,0.0,2.85
2010-11-29,0.023,11.65,9.75,0.0,1.9
2010-11-30,0.018,10.39,9.18,0.0,1.21
2010-12-01,0.014,10.32,9.59,0.0,0.73
2010-12-02,0.011,10.16,9.74,0.0,0.42
2010-12-03,0.008,9.4,9.19,0.0,0.22
2010-12-04,0.006,9.29,9.18,0.0,0.11
2010-12-05,0.324,53.12,32.42,8.22,12.48
2010-12-06,0.366,44.5,35.43,2.68,6.39
2010-12-07,0.04,16.18,12.54,0.0,3.64
2010-12-08,1.365,51.33,23.2,11.67,16.47
2010-12-09,0.452,42.35,28.15,3.42,10.78
2010-12-10,0.077,19.22,10.95,0.0,8.28
2010-12-11,0.055,16.14,9.55,0.0,6.59
2010-12-12,0.043,14.56,9.64,0.0,4.92
2010-12-13,0.033,13.24,9.72,0.0,3.52
2010-12-14,0.104,30.77,24.31,0.31,6.15
2010-12-15,0.083,36.25,30.48,0.0,5.77
2010-12-16,0.026,12.11,10.16,0.0,1.95
2010-12-17,2.52,49.16,24.18,10.05,14.93
2010-12-18,2.344,45.68,27.49,6.92,11.28
2010-12-19,8.18,110.62,34.68,28.41,47.52
2010-12-20,0.341,41.95,26.93,1.9,13.12
2010-12-21,0.269,32.79,16.87,5.07,10.86
2010-12-22,0.867,46.17,28.78,6.27,11.11
2010-12-23,0.103,21.71,14.24,0.0,7.48
2010-12-24,0.068,18.58,12.77,0.0,5.81
2010-12-25,1.656,72.09,24.83,19.64,27.62
2010-12-26,0.406,47.72,27.9,4.13,15.69
2010-12-27,0.089,24.8,13.99,0.0,10.81
2010-12-28,3.76,74.76,25.41,18.84,30.51
2010-12-29,2.946,96.9,41.81,20.1,34.99
2010-12-30,0.123,29.69,17.83,0.0,11.86
2010-12-31,0.09,25.64,17.31,0.0,8.34
2011-01-01,0.072,23.51,17.21,0.0,6.3
2011-01-02,1.342,71.01,27.1,17.66,26.25
2011-01-03,0.142,30.29,18.53,0.0,11.76
2011-01-04,0.093,25.01,16.97,0.0,8.04
2011-01-05,0.08,23.57,17.79,0.0,5.78
2011-01-06,0.068,22.35,18.22,0.0,4.13
2011-01-07,0.061,22.09,19.27,0.0,2.82
2011-01-08,0.054,22.04,20.09,0.0,1.95
2011-01-09,0.047,21.75,20.34,0.0,1.41
2011-01-10,0.039,21.3,20.24,0.0,1.06
2011-01-11,0.029,19.83,19.03,0.0,0.81
2011-01-12,0.027,20.9,20.22,0.0,0.68
2011-01-13,0.028,22.84,22.19,0.0,0.65
2011-01-14,0.024,23.1,22.51,0.0,0.6
2011-01-15,0.017,20.81,20.32,0.0,0.49
2011-01-16,0.015,21.68,21.2,0.0,0.49
2011-01-17,0.011,19.33,18.92,0.0,0.41
2011-01-18,0.009,20.75,20.33,0.0,0.42
2011-01-19,0.005,11.38,11.27,0.0,0.11
2011-01-20,0.004,10.69,10.64,0.0,0.06
2011-01-21,0.003,10.6,10.56,0.0,0.06
2011-01-22,0.002,9.2,9.22,0.0,0.0
2011-01-23,0.002,9.16,9.18,0.0,0.0
2011-01-24,0.001,9.11,9.15,0.0,0.0
2011-01-25,0.001,9.21,9.21,0.0,0.0
2011-01-26,0.001,9.29,9.23,0.0,0.0
2011-01-27,0.001,9.22,9.23,0.0,0.0
2011-01-28,0.0,9.31,9.2,0.0,0.0
2011-01-29,0.0,9.0,9.13,0.0,0.0
2011-01-30,0.898,47.55,29.26,7.52,10.77
2011-01-31,0.072,29.07,24.27,0.0,4.8
2011-02-01,0.031,14.57,11.0,0.0,3.57
2011-02-02,0.023,11.73,9.21,0.0,2.52
2011-02-03,0.019,11.94,10.38,0.0,1.56
2011-02-04,0.015,12.18,11.22,0.0,0.96
2011-02-05,0.011,9.77,9.22,0.0,0.54
2011-02-06,0.008,9.47,9.17,0.0,0.29
2011-02-07,0.007,9.32,9.17,0.0,0.15
2011-02-08,0.005,9.25,9.17,0.0,0.07
2011-02-09,0.004,9.19,9.17,0.0,0.03
2011-02-10,0.003,9.19,9.17,0.0,0.01
2011-02-11,0.002,9.19,9.16,0.0,0.01
2011-02-12,0.002,9.13,9.16,0.0,0.0
2011-02-13,0.001,9.23,9.2,0.0,0.0
2011-02-14,0.001,9.18,9.21,0.0,0.0
2011-02-15,0.001,9.18,9.13,0.0,0.0
2011-02-16,1.449,50.65,28.83,8.76,13.06
2011-02-17,5.374,72.42,28.55,16.93,26.94
2011-02-18,4.838,61.03,26.59,13.35,21.09
2011-02-19,2.89,50.61,27.64,8.78,14.19
2011-02-20,0.318,35.26,26.8,0.81,7.65
2011-02-21,0.121,24.23,18.85,0.0,5.37
2011-02-22,0.098,23.14,19.21,0.0,3.93
2011-02-23,0.085,22.64,19.75,0.0,2.88
2011-02-24,0.074,22.55,20.43,0.0,2.12
2011-02-25,3.136,64.4,27.65,14.86,21.89
2011-02-26,0.184,32.2,22.35,0.0,9.85
2011-02-27,0.114,25.8,19.76,0.0,6.04
2011-02-28,0.1,24.86,20.5,0.0,4.36
2011-03-01,0.084,23.96,20.71,0.0,3.25
2011-03-02,0.068,22.52,20.08,0.0,2.44
2011-03-03,0.067,23.7,22.02,0.0,1.68
2011-03-04,0.057,23.32,22.04,0.0,1.28
2011-03-05,0.048,22.93,21.92,0.0,1.01
2011-03-06,0.042,23.18,22.36,0.0,0.83
2011-03-07,0.036,23.12,22.41,0.0,0.7
2011-03-08,0.032,23.43,22.78,0.0,0.65
2011-03-09,0.029,23.73,23.11,0.0,0.62
2011-03-10,0.024,23.35,22.77,0.0,0.58
2011-03-11,0.021,23.12,22.57,0.0,0.55
2011-03-12,0.017,22.39,21.87,0.0,0.51
2011-03-13,0.012,20.91,20.47,0.0,0.45
2011-03-14,0.01,20.49,20.06,0.0,0.42
2011-03-15,0.007,18.11,17.77,0.0,0.33
2011-03-16,0.006,20.2,19.8,0.0,0.4
2011-03-17,0.006,22.8,22.31,0.0,0.48
2011-03-18,0.581,54.61,29.57,10.33,14.71
2011-03-19,5.513,64.72,27.36,14.74,22.62
2011-03-20,2.717,63.41,32.16,12.07,19.19
2011-03-21,1.05,35.51,24.41,3.25,7.86
2011-03-22,0.194,26.68,21.38,0.01,5.29
2011-03-23,2.234,49.73,25.96,9.46,14.31
2011-03-24,7.777,85.52,32.78,19.99,32.74
2011-03-25,0.936,43.24,30.24,3.99,9.0
2011-03-26,2.406,45.66,25.84,7.52,12.31
2011-03-27,0.438,30.79,27.0,0.02,3.78
2011-03-28,0.325,28.78,26.12,0.01,2.66
2011-03-29,0.271,28.5,26.47,0.0,2.02
2011-03-30,0.222,27.98,26.33,0.0,1.65
2011-03-31,0.189,27.3,25.89,0.0,1.4
2011-04-01,0.167,26.92,25.69,0.0,1.22
2011-04-02,0.14,26.33,25.25,0.0,1.08
2011-04-03,0.118,25.69,24.73,0.0,0.96
2011-04-04,0.1,25.27,24.4,0.0,0.87
2011-04-05,0.084,24.83,24.04,0.0,0.79
2011-04-06,0.07,24.3,23.57,0.0,0.73
2011-04-07,0.059,23.93,23.25,0.0,0.68
2011-04-08,0.052,24.18,23.52,0.0,0.66
2011-04-09,0.046,24.5,23.86,0.0,0.64
2011-04-10,0.038,24.16,23.55,0.0,0.61
2011-04-11,0.031,23.68,23.1,0.0,0.58
2011-04-12,0.025,23.09,22.55,0.0,0.54
2011-04-13,0.019,22.21,21.72,0.0,0.5
2011-04-14,0.014,21.23,20.8,0.0,0.43
2011-04-15,0.007,12.36,12.22,0.0,0.14
2011-04-16,0.007,17.04,16.76,0.0,0.27
2011-04-17,0.004,9.39,9.37,0.0,0.01
2011-04-18,0.003,9.17,9.19,0.0,0.0
2011-04-19,0.002,9.14,9.16,0.0,0.0
2011-04-20,0.002,9.14,9.16,0.0,0.0
2011-04-21,0.001,9.18,9.2,0.0,0.0
2011-04-22,0.001,9.13,9.18,0.0,0.0
2011-04-23,0.001,9.12,9.14,0.0,0.0
2011-04-24,0.001,9.12,9.15,0.0,0.0
2011-04-25,0.001,9.3,9.2,0.0,0.0
2011-04-26,0.0,8.97,9.11,0.0,0.0
2011-04-27,0.0,9.33,9.15,0.0,0.0
2011-04-28,0.0,9.09,9.02,0.0,0.0
2011-04-29,0.0,9.0,9.08,0.0,0.0
2011-04-30,0.0,9.35,9.17,0.0,0.0
2011-05-01,0.0,9.26,9.26,0.0,0.0
2011-05-02,0.0,8.8,9.0,0.0,0.0
2011-05-03,0.0,9.16,9.11,0.0,0.0
2011-05-04,0.0,9.06,9.24,0.0,0.0
2011-05-05,0.0,9.06,8.97,0.0,0.0
2011-05-06,0.0,8.94,9.12,0.0,0.0
2011-05-07,0.0,9.37,9.28,0.0,0.0
2011-05-08,0.0,8.82,9.02,0.0,0.0
2011-05-09,0.0,9.26,9.2,0.0,0.0
2011-05-10,0.0,8.68,8.94,0.0,0.0
2011-05-11,0.0,9.14,9.14,0.0,0.0
2011-05-12,0.0,9.14,8.88,0.0,0.0
2011-05-13,0.0,9.0,9.11,0.0,0.0
2011-05-14,0.0,9.0,8.85,0.0,0.0
2011-05-15,0.0,8.85,9.11,0.0,0.0
2011-05-16,0.0,8.85,8.85,0.0,0.0
2011-05-17,0.0,9.4,9.14,0.0,0.0
2011-05-18,0.0,8.68,8.88,0.0,0.0
2011-05-19,0.0,9.26,9.2,0.0,0.0
2011-05-20,0.0,9.26,8.94,0.0,0.0
2011-05-21,0.0,9.09,9.31,0.0,0.0
2011-05-22,0.0,9.09,9.04,0.0,0.0
2011-05-23,0.0,9.09,8.79,0.0,0.0
2011-05-24,0.0,8.9,9.2,0.0,0.0
2011-05-25,0.0,8.9,8.94,0.0,0.0
2011-05-26,0.0,9.65,9.41,0.0,0.0
2011-05-27,0.0,8.68,9.14,0.0,0.0
2011-05-28,0.0,8.68,8.88,0.0,0.0
2011-05-29,0.0,9.47,9.41,0.0,0.0
2011-05-30,0.0,9.47,9.15,0.0,0.0
2011-05-31,0.0,8.42,8.89,0.0,0.0
2011-06-01,0.0,9.26,9.5,0.0,0.0
2011-06-02,0.0,9.26,9.23,0.0,0.0
2011-06-03,0.0,9.26,8.97,0.0,0.0
2011-06-04,3.745,83.04,32.85,20.35,29.84
2011-06-05,0.181,40.9,24.23,0.01,16.65
2011-06-06,0.066,25.46,10.86,0.0,14.59
2011-06-07,0.052,22.26,11.28,0.0,10.99
2011-06-08,0.04,18.92,10.64,0.0,8.29
2011-06-09,0.029,15.41,9.33,0.0,6.08
2011-06-10,0.023,13.26,9.17,0.0,4.09
2011-06-11,0.018,11.76,9.17,0.0,2.59
2011-06-12,0.014,10.73,9.17,0.0,1.56
2011-06-13,0.011,10.05,9.17,0.0,0.88
2011-06-14,0.008,9.64,9.17,0.0,0.47
2011-06-15,0.006,9.41,9.18,0.0,0.24
2011-06-16,0.005,9.3,9.18,0.0,0.12
2011-06-17,0.004,9.24,9.18,0.0,0.05
2011-06-18,0.003,9.21,9.18,0.0,0.02
2011-06-19,0.002,9.22,9.19,0.0,0.01
2011-06-20,0.002,9.18,9.16,0.0,0.0
2011-06-21,0.001,9.15,9.16,0.0,0.0
2011-06-22,0.001,9.18,9.16,0.0,0.0
2011-06-23,0.001,9.15,9.19,0.0,0.0
2011-06-24,0.001,9.16,9.16,0.0,0.0
2011-06-25,0.001,9.13,9.17,0.0,0.0
2011-06-26,0.0,9.26,9.26,0.0,0.0
2011-06-27,0.0,9.33,9.29,0.0,0.0
2011-06-28,0.716,48.29,25.96,9.11,13.23
2011-06-29,0.142,39.44,32.48,0.17,6.79
2011-06-30,0.025,14.45,10.62,0.0,3.83
2011-07-01,0.018,11.74,9.19,0.0,2.55
2011-07-02,0.014,10.71,9.17,0.0,1.54
2011-07-03,0.011,10.05,9.17,0.0,0.88
2011-07-04,0.009,9.64,9.17,0.0,0.47
2011-07-05,0.007,9.41,9.17,0.0,0.24
2011-07-06,0.005,9.3,9.18,0.0,0.12
2011-07-07,0.004,9.22,9.16,0.0,0.05
2011-07-08,0.003,9.21,9.19,0.0,0.02
2011-07-09,0.002,9.15,9.16,0.0,0.01
2011-07-10,0.002,9.19,9.18,0.0,0.0
2011-07-11,0.001,9.21,9.17,0.0,0.0
2011-07-12,0.001,9.24,9.19,0.0,0.0
2011-07-13,0.001,9.1,9.14,0.0,0.0
2011-07-14,0.001,9.23,9.16,0.0,0.0
2011-07-15,0.001,9.0,9.09,0.0,0.0
2011-07-16,0.0,9.09,9.08,0.0,0.0
2011-07-17,0.0,9.4,9.26,0.0,0.0
2011-07-18,0.0,9.09,9.08,0.0,0.0
2011-07-19,0.0,9.0,9.13,0.0,0.0
2011-07-20,0.0,9.35,9.21,0.0,0.0
2011-07-21,0.0,8.9,8.95,0.0,0.0
2011-07-22,0.0,9.26,9.05,0.0,0.0
2011-07-23,0.0,9.16,9.16,0.0,0.0
2011-07-24,0.0,9.06,9.28,0.0,0.0
2011-07-25,0.0,9.06,9.02,0.0,0.0
2011-07-26,0.0,8.94,9.16,0.0,0.0
2011-07-27,0.0,8.94,8.9,0.0,0.0
2011-07-28,0.0,8.82,9.06,0.0,0.0
2011-07-29,0.0,9.26,9.25,0.0,0.0
2011-07-30,0.0,9.26,8.99,0.0,0.0
2011-07-31,0.0,9.14,9.19,0.0,0.0
2011-08-01,0.0,9.14,8.93,0.0,0.0
2011-08-02,0.0,9.0,9.16,0.0,0.0
2011-08-03,0.0,9.0,8.9,0.0,0.0
2011-08-04,0.0,8.85,9.16,0.0,0.0
2011-08-05,0.0,8.85,8.9,0.0,0.0
2011-08-06,0.0,9.4,9.19,0.0,0.0
2011-08-07,0.0,8.68,8.92,0.0,0.0
2011-08-08,0.0,9.26,9.25,0.0,0.0
2011-08-09,0.0,9.26,8.99,0.0,0.0
2011-08-10,0.0,9.09,9.36,0.0,0.0
2011-08-11,0.0,9.09,9.09,0.0,0.0
2011-08-12,0.0,9.09,8.83,0.0,0.0
2011-08-13,0.0,8.9,9.24,0.0,0.0
2011-08-14,0.0,8.9,8.98,0.0,0.0
2011-08-15,0.0,9.65,9.46,0.0,0.0
2011-08-16,0.0,9.65,9.19,0.0,0.0
2011-08-17,0.0,8.68,8.93,0.0,0.0
2011-08-18,0.0,9.47,9.46,0.0,0.0
2011-08-19,0.0,9.47,9.19,0.0,0.0
2011-08-20,0.0,8.42,8.93,0.0,0.0
2011-08-21,0.0,8.42,8.68,0.0,0.0
2011-08-22,0.0,9.26,9.28,0.0,0.0
2011-08-23,0.0,9.26,9.02,0.0,0.0
2011-08-24,0.0,9.26,8.76,0.0,0.0
2011-08-25,0.0,9.0,9.46,0.0,0.0
2011-08-26,0.0,9.0,9.19,0.0,0.0
2011-08-27,0.0,9.0,8.93,0.0,0.0
2011-08-28,0.0,9.0,8.68,0.0,0.0
2011-08-29,0.0,10.13,9.48,0.0,0.0
2011-08-30,0.0,8.68,9.21,0.0,0.0
2011-08-31,0.0,8.68,8.95,0.0,0.0
2011-09-01,0.0,8.68,8.7,0.0,0.0
2011-09-02,0.0,9.92,9.66,0.0,0.0
2011-09-03,0.0,9.92,9.39,0.0,0.0
2011-09-04,0.0,9.92,9.12,0.0,0.0
2011-09-05,0.0,8.27,8.86,0.0,0.0
2011-09-06,0.0,8.27,8.61,0.0,0.0
2011-09-07,0.0,9.65,9.76,0.0,0.0
2011-09-08,0.0,9.65,9.49,0.0,0.0
2011-09-09,0.0,9.65,9.22,0.0,0.0
2011-09-10,0.0,9.65,8.96,0.0,0.0
2011-09-11,0.0,9.65,8.7,0.0,0.0
2011-09-12,0.0,7.72,8.46,0.0,0.0
2011-09-13,0.0,9.26,9.86,0.0,0.0
2011-09-14,0.0,9.26,9.58,0.0,0.0
2011-09-15,0.0,9.26,9.31,0.0,0.0
2011-09-16,0.0,9.26,9.04,0.0,0.0
2011-09-17,0.0,9.26,8.79,0.0,0.0
2011-09-18,0.0,9.26,8.54,0.0,0.0
2011-09-19,0.0,9.26,8.3,0.0,0.0
2011-09-20,0.0,8.68,10.08,0.0,0.0
2011-09-21,0.0,8.68,9.79,0.0,0.0
2011-09-22,0.0,8.68,9.51,0.0,0.0
2011-09-23,0.0,8.68,9.24,0.0,0.0
2011-09-24,0.0,8.68,8.98,0.0,0.0
2011-09-25,0.0,8.68,8.73,0.0,0.0
2011-09-26,0.0,8.68,8.48,0.0,0.0
2011-09-27,0.0,8.68,8.24,0.0,0.0
2011-09-28,0.0,8.68,8.01,0.0,0.0
2011-09-29,0.0,11.57,10.37,0.0,0.0
2011-09-30,0.0,11.57,10.08,0.0,0.0
2011-10-01,0.0,11.57,9.79,0.0,0.0
2011-10-02,0.0,7.72,9.52,0.0,0.0
2011-10-03,0.0,7.72,9.25,0.0,0.0
2011-10-04,0.005,44.71,35.16,4.13,5.43
2011-10-05,1.72,73.69,29.32,18.25,26.12
2011-10-06,0.567,37.53,22.84,4.04,10.65
2011-10-07,0.092,25.42,13.76,0.0,11.65
2011-10-08,0.056,19.22,9.27,0.0,9.95
2011-10-09,0.044,16.75,9.24,0.0,7.51
2011-10-10,0.034,14.61,9.17,0.0,5.44
2011-10-11,0.026,12.92,9.17,0.0,3.75
2011-10-12,0.02,11.63,9.17,0.0,2.45
2011-10-13,0.016,10.69,9.17,0.0,1.52
2011-10-14,0.012,10.06,9.17,0.0,0.89
2011-10-15,0.01,9.67,9.18,0.0,0.49
2011-10-16,0.007,9.43,9.17,0.0,0.26
2011-10-17,0.006,9.3,9.17,0.0,0.13
2011-10-18,0.005,9.24,9.17,0.0,0.06
2011-10-19,0.004,9.2,9.17,0.0,0.03
2011-10-20,0.003,9.2,9.17,0.0,0.01
2011-10-21,0.002,9.17,9.18,0.0,0.01
2011-10-22,0.002,9.19,9.18,0.0,0.0
2011-10-23,0.001,9.22,9.2,0.0,0.0
2011-10-24,0.001,9.14,9.16,0.0,0.0
2011-10-25,0.001,9.2,9.13,0.0,0.0
2011-10-26,0.001,9.26,9.23,0.0,0.0
2011-10-27,0.0,9.11,9.16,0.0,0.0
2011-10-28,0.0,9.32,9.3,0.0,0.0
2011-10-29,0.0,9.18,9.18,0.0,0.0
2011-10-30,0.0,9.09,8.93,0.0,0.0
2011-10-31,0.0,9.0,9.0,0.0,0.0
2011-11-01,0.0,8.9,9.08,0.0,0.0
2011-11-02,0.0,9.26,9.17,0.0,0.0
2011-11-03,0.0,8.8,8.91,0.0,0.0
2011-11-04,0.0,9.16,9.02,0.0,0.0
2011-11-05,0.0,9.06,9.15,0.0,0.0
2011-11-06,0.0,9.47,9.29,0.0,0.0
2011-11-07,0.0,8.94,9.03,0.0,0.0
2011-11-08,0.0,9.37,9.19,0.0,0.0
2011-11-09,0.0,8.82,8.93,0.0,0.0
2011-11-10,0.0,9.26,9.11,0.0,0.0
2011-11-11,0.0,9.14,9.32,0.0,0.0
2011-11-12,0.0,9.14,9.05,0.0,0.0
2011-11-13,0.0,9.0,9.29,0.0,0.0
2011-11-14,0.0,9.0,9.02,0.0,0.0
2011-11-15,0.0,9.53,9.28,0.0,0.0
2011-11-16,0.0,8.85,9.02,0.0,0.0
2011-11-17,0.0,9.4,9.31,0.0,0.0
2011-11-18,0.0,9.4,9.05,0.0,0.0
2011-11-19,0.0,9.26,9.38,0.0,0.0
2011-11-20,0.237,57.15,33.97,7.52,15.66
2011-11-21,0.034,37.81,31.09,0.0,6.72
2011-11-22,0.01,12.29,9.83,0.0,2.46
2011-11-23,0.007,10.61,9.31,0.0,1.3
2011-11-24,0.006,9.82,9.19,0.0,0.64
2011-11-25,0.004,9.67,9.36,0.0,0.31
2011-11-26,0.004,9.52,9.39,0.0,0.14
2011-11-27,0.003,9.27,9.23,0.0,0.06
2011-11-28,0.002,9.2,9.17,0.0,0.03
2011-11-29,0.002,9.16,9.17,0.0,0.01
2011-11-30,0.001,9.11,9.15,0.0,0.01
2011-12-01,0.001,9.21,9.21,0.0,0.0
2011-12-02,0.001,9.29,9.23,0.0,0.0
2011-12-03,0.001,9.22,9.24,0.0,0.0
2011-12-04,0.0,9.31,9.2,0.0,0.0
2011-12-05,0.0,9.0,9.14,0.0,0.0
2011-12-06,0.0,9.18,9.09,0.0,0.0
2011-12-07,0.0,9.43,9.24,0.0,0.0
2011-12-08,0.0,9.0,8.98,0.0,0.0
2011-12-09,0.0,8.9,9.06,0.0,0.0
2011-12-10,0.0,9.26,9.16,0.0,0.0
2011-12-11,0.0,9.16,9.27,0.0,0.0
2011-12-12,0.0,9.16,9.0,0.0,0.0
2011-12-13,0.0,9.06,9.13,0.0,0.0
2011-12-14,0.0,9.47,9.27,0.0,0.0
2011-12-15,0.0,8.94,9.01,0.0,0.0
2011-12-16,0.0,9.37,9.17,0.0,0.0
2011-12-17,0.0,8.82,8.91,0.0,0.0
2011-12-18,0.0,9.26,9.09,0.0,0.0
2011-12-19,0.0,9.14,9.3,0.0,0.0
2011-12-20,0.0,9.14,9.04,0.0,0.0
2011-12-21,0.0,9.0,9.27,0.0,0.0
2011-12-22,0.0,9.0,9.01,0.0,0.0
2011-12-23,0.0,9.53,9.27,0.0,0.0
2011-12-24,0.0,8.85,9.0,0.0,0.0
2011-12-25,0.0,9.4,9.29,0.0,0.0
2011-12-26,0.0,8.68,9.03,0.0,0.0
2011-12-27,0.0,9.26,9.36,0.0,0.0
2011-12-28,0.0,9.26,9.1,0.0,0.0
2011-12-29,0.0,8.49,8.84,0.0,0.0
2011-12-30,0.0,9.09,9.2,0.0,0.0
2011-12-31,0.0,9.09,8.94,0.0,0.0
2012-01-01,0.0,9.79,9.35,0.0,0.0
2012-01-02,0.0,8.9,9.09,0.0,0.0
2012-01-03,0.0,8.9,8.83,0.0,0.0
2012-01-04,0.0,9.65,9.3,0.0,0.0
2012-01-05,0.0,8.68,9.03,0.0,0.0
2012-01-06,0.0,8.68,8.78,0.0,0.0
2012-01-07,0.0,9.47,9.3,0.0,0.0
2012-01-08,0.0,9.47,9.04,0.0,0.0
2012-01-09,0.0,8.42,8.78,0.0,0.0
2012-01-10,0.0,9.26,9.39,0.0,0.0
2012-01-11,0.0,9.26,9.12,0.0,0.0
2012-01-12,0.0,9.26,8.86,0.0,0.0
2012-01-13,0.0,9.0,9.57,0.0,0.0
2012-01-14,0.0,9.0,9.3,0.0,0.0
2012-01-15,0.0,9.0,9.04,0.0,0.0
2012-01-16,0.0,9.0,8.78,0.0,0.0
2012-01-17,0.0,10.13,9.6,0.0,0.0
2012-01-18,0.0,8.68,9.32,0.0,0.0
2012-01-19,0.0,8.68,9.06,0.0,0.0
2012-01-20,8.566,175.22,38.23,51.25,85.74
2012-01-21,6.069,245.17,58.96,55.77,130.43
2012-01-22,1.249,34.02,18.7,4.93,10.4
2012-01-23,2.904,70.09,30.33,15.23,24.53
2012-01-24,0.109,27.13,14.97,0.0,12.15
2012-01-25,0.065,20.97,11.31,0.0,9.66
2012-01-26,0.053,18.93,11.76,0.0,7.17
2012-01-27,0.042,17.26,12.06,0.0,5.2
2012-01-28,0.03,13.67,9.73,0.0,3.94
2012-01-29,0.024,13.07,10.5,0.0,2.57
2012-01-30,0.019,12.32,10.68,0.0,1.65
2012-01-31,0.014,10.88,9.86,0.0,1.01
2012-02-01,0.011,9.77,9.18,0.0,0.58
2012-02-02,0.009,9.48,9.17,0.0,0.31
2012-02-03,0.007,9.33,9.17,0.0,0.16
2012-02-04,0.005,9.25,9.17,0.0,0.08
2012-02-05,0.004,9.22,9.17,0.0,0.04
2012-02-06,0.003,9.18,9.17,0.0,0.02
2012-02-07,0.002,9.2,9.18,0.0,0.01
2012-02-08,0.002,9.2,9.18,0.0,0.0
2012-02-09,0.001,9.15,9.18,0.0,0.0
2012-02-10,0.001,9.16,9.2,0.0,0.0
2012-02-11,0.001,9.13,9.14,0.0,0.0
2012-02-12,0.001,9.09,9.15,0.0,0.0
2012-02-13,0.291,44.74,33.71,2.77,8.27
2012-02-14,0.067,38.68,33.87,0.0,4.82
2012-02-15,0.015,12.07,10.16,0.0,1.91
2012-02-16,0.011,10.3,9.18,0.0,1.12
2012-02-17,0.009,10.23,9.61,0.0,0.61
2012-02-18,0.007,9.49,9.18,0.0,0.31
2012-02-19,0.005,9.33,9.17,0.0,0.15
2012-02-20,0.004,9.26,9.18,0.0,0.07
2012-02-21,0.003,9.18,9.16,0.0,0.03
2012-02-22,0.003,9.22,9.19,0.0,0.01
2012-02-23,0.002,9.2,9.19,0.0,0.01
2012-02-24,0.002,9.14,9.16,0.0,0.0
2012-02-25,0.001,9.12,9.16,0.0,0.0
2012-02-26,0.001,9.18,9.13,0.0,0.0
2012-02-27,0.001,9.13,9.19,0.0,0.0
2012-02-28,0.001,9.26,9.22,0.0,0.0
2012-02-29,0.561,66.45,34.2,12.51,19.75
2012-03-01,0.304,42.63,31.44,2.39,8.8
2012-03-02,0.065,27.87,21.99,0.0,5.88
2012-03-03,0.032,14.09,9.53,0.0,4.56
2012-03-04,0.025,12.75,9.65,0.0,3.1
2012-03-05,0.019,11.21,9.18,0.0,2.03
2012-03-06,0.015,10.42,9.17,0.0,1.24
2012-03-07,0.012,9.9,9.17,0.0,0.72
2012-03-08,0.009,9.57,9.18,0.0,0.39
2012-03-09,0.007,9.37,9.17,0.0,0.2
2012-03-10,0.005,9.27,9.17,0.0,0.1
2012-03-11,0.004,9.2,9.17,0.0,0.05
2012-03-12,0.003,9.19,9.18,0.0,0.02
2012-03-13,4.043,69.07,30.33,15.47,23.27
2012-03-14,7.166,60.95,29.53,12.26,19.15
2012-03-15,1.725,48.77,30.87,6.65,11.24
2012-03-16,4.169,82.63,28.66,19.98,33.99
2012-03-17,1.393,96.66,38.85,21.61,36.2
2012-03-18,0.121,31.28,18.9,0.0,12.37
2012-03-19,0.082,26.73,16.88,0.0,9.86
2012-03-20,0.062,23.49,15.81,0.0,7.69
2012-03-21,0.056,22.48,17.39,0.0,5.09
2012-03-22,0.048,21.77,18.33,0.0,3.44
2012-03-23,0.039,20.83,18.42,0.0,2.41
2012-03-24,2.189,48.77,19.92,11.97,16.88
2012-03-25,2.572,67.31,33.4,13.19,20.72
2012-03-26,0.113,26.15,17.11,0.0,9.04
2012-03-27,3.868,106.81,31.5,28.81,46.5
2012-03-28,1.128,80.89,34.39,17.24,29.26
2012-03-29,0.126,31.4,17.7,0.0,13.69
2012-03-30,0.095,27.6,18.06,0.0,9.54
2012-03-31,0.314,35.21,27.21,0.42,7.57
2012-04-01,0.259,35.31,29.24,0.33,5.73
2012-04-02,0.086,22.01,17.59,0.0,4.42
2012-04-03,0.072,21.27,17.99,0.0,3.28
2012-04-04,0.059,20.59,18.18,0.0,2.41
2012-04-05,0.049,20.2,18.45,0.0,1.75
2012-04-06,0.04,19.52,18.23,0.0,1.29
2012-04-07,0.031,18.5,17.55,0.0,0.95
2012-04-08,0.024,17.19,16.5,0.0,0.7
2012-04-09,0.017,15.33,14.85,0.0,0.49
2012-04-10,0.396,52.42,23.86,12.1,16.46
2012-04-11,0.968,51.75,30.87,8.18,12.69
2012-04-12,3.559,104.84,24.83,30.81,49.2
2012-04-13,4.126,87.42,32.41,20.97,34.04
2012-04-14,0.157,32.92,19.99,0.0,12.92
2012-04-15,0.097,26.87,17.74,0.0,9.14
2012-04-16,0.08,24.82,17.99,0.0,6.83
2012-04-17,0.066,23.14,18.17,0.0,4.97
2012-04-18,0.053,21.72,18.12,0.0,3.6
2012-04-19,0.042,20.24,17.66,0.0,2.58
2012-04-20,0.032,18.86,17.01,0.0,1.84
2012-04-21,0.022,14.92,13.61,0.0,1.32
2012-04-22,0.016,12.62,11.77,0.0,0.85
2012-04-23,0.011,9.85,9.37,0.0,0.48
2012-04-24,0.009,9.43,9.18,0.0,0.26
2012-04-25,0.007,9.3,9.17,0.0,0.13
2012-04-26,0.005,9.23,9.17,0.0,0.06
2012-04-27,0.004,9.21,9.18,0.0,0.03
2012-04-28,0.003,9.17,9.16,0.0,0.01
2012-04-29,0.002,9.19,9.17,0.0,0.01
2012-04-30,0.002,9.19,9.16,0.0,0.0
2012-05-01,0.001,9.13,9.15,0.0,0.0
2012-05-02,0.001,9.14,9.16,0.0,0.0
2012-05-03,0.001,9.21,9.22,0.0,0.0
2012-05-04,0.001,9.06,9.13,0.0,0.0
2012-05-05,0.001,9.17,9.24,0.0,0.0
2012-05-06,0.0,9.32,9.28,0.0,0.0
2012-05-07,0.0,9.4,9.24,0.0,0.0
2012-05-08,0.0,9.09,9.07,0.0,0.0
2012-05-09,0.0,9.0,9.13,0.0,0.0
2012-05-10,0.0,9.35,9.21,0.0,0.0
2012-05-11,0.0,8.9,8.95,0.0,0.0
2012-05-12,0.0,9.26,9.04,0.0,0.0
2012-05-13,0.0,9.16,9.15,0.0,0.0
2012-05-14,0.0,9.06,9.28,0.0,0.0
2012-05-15,0.0,9.06,9.02,0.0,0.0
2012-05-16,0.0,8.94,9.16,0.0,0.0
2012-05-17,0.0,8.94,8.9,0.0,0.0
2012-05-18,0.0,8.82,9.06,0.0,0.0
2012-05-19,0.0,9.26,9.25,0.0,0.0
2012-05-20,0.0,9.26,8.98,0.0,0.0
2012-05-21,0.0,9.14,9.19,0.0,0.0
2012-05-22,0.0,9.14,8.93,0.0,0.0
2012-05-23,0.0,9.0,9.16,0.0,0.0
2012-05-24,0.0,9.0,8.9,0.0,0.0
2012-05-25,0.0,8.85,9.15,0.0,0.0
2012-05-26,0.0,8.85,8.89,0.0,0.0
2012-05-27,0.0,9.4,9.18,0.0,0.0
2012-05-28,0.0,8.68,8.92,0.0,0.0
2012-05-29,0.0,9.26,9.25,0.0,0.0
2012-05-30,0.0,9.26,8.99,0.0,0.0
2012-05-31,0.0,9.09,9.35,0.0,0.0
2012-06-01,0.0,9.09,9.09,0.0,0.0
2012-06-02,0.0,9.09,8.83,0.0,0.0
2012-06-03,0.0,8.9,9.24,0.0,0.0
2012-06-04,0.0,8.9,8.98,0.0,0.0
2012-06-05,0.0,9.65,9.45,0.0,0.0
2012-06-06,0.0,9.65,9.18,0.0,0.0
2012-06-07,0.0,8.68,8.92,0.0,0.0
2012-06-08,0.0,9.47,9.46,0.0,0.0
2012-06-09,0.0,9.47,9.19,0.0,0.0
2012-06-10,0.0,8.42,8.93,0.0,0.0
2012-06-11,0.0,8.42,8.68,0.0,0.0
2012-06-12,0.0,9.26,9.28,0.0,0.0
2012-06-13,0.0,9.26,9.01,0.0,0.0
2012-06-14,0.0,9.26,8.76,0.0,0.0
2012-06-15,0.0,9.0,9.45,0.0,0.0
2012-06-16,0.0,9.0,9.19,0.0,0.0
2012-06-17,0.0,9.0,8.93,0.0,0.0
2012-06-18,0.0,9.0,8.67,0.0,0.0
2012-06-19,0.0,10.13,9.48,0.0,0.0
2012-06-20,0.0,8.68,9.21,0.0,0.0
2012-06-21,0.0,8.68,8.95,0.0,0.0
2012-06-22,0.0,8.68,8.7,0.0,0.0
2012-06-23,0.0,9.92,9.66,0.0,0.0
2012-06-24,0.0,9.92,9.38,0.0,0.0
2012-06-25,0.0,9.92,9.12,0.0,0.0
2012-06-26,0.0,8.27,8.86,0.0,0.0
2012-06-27,0.0,8.27,8.61,0.0,0.0
2012-06-28,0.0,9.65,9.76,0.0,0.0
2012-06-29,0.0,9.65,9.48,0.0,0.0
2012-06-30,0.0,9.65,9.21,0.0,0.0
2012-07-01,0.0,9.65,8.95,0.0,0.0
2012-07-02,0.0,9.65,8.7,0.0,0.0
2012-07-03,0.0,7.72,8.45,0.0,0.0
2012-07-04,0.0,9.26,9.86,0.0,0.0
2012-07-05,0.0,9.26,9.58,0.0,0.0
2012-07-06,0.0,9.26,9.31,0.0,0.0
2012-07-07,0.0,9.26,9.04,0.0,0.0
2012-07-08,0.0,9.26,8.79,0.0,0.0
2012-07-09,0.0,9.26,8.54,0.0,0.0
2012-07-10,0.0,9.26,8.29,0.0,0.0
2012-07-11,0.0,8.68,10.07,0.0,0.0
2012-07-12,0.0,8.68,9.79,0.0,0.0
2012-07-13,0.0,8.68,9.51,0.0,0.0
2012-07-14,0.0,8.68,9.24,0.0,0.0
2012-07-15,0.0,8.68,8.98,0.0,0.0
2012-07-16,0.0,8.68,8.73,0.0,0.0
2012-07-17,0.0,8.68,8.48,0.0,0.0
2012-07-18,0.0,8.68,8.24,0.0,0.0
2012-07-19,0.0,8.68,8.0,0.0,0.0
2012-07-20,0.0,11.57,10.37,0.0,0.0
2012-07-21,0.0,11.57,10.08,0.0,0.0
2012-07-22,0.0,11.57,9.79,0.0,0.0
2012-07-23,0.0,7.72,9.51,0.0,0.0
2012-07-24,0.0,7.72,9.24,0.0,0.0
2012-07-25,0.0,7.72,8.98,0.0,0.0
2012-07-26,0.0,7.72,8.73,0.0,0.0
2012-07-27,0.0,7.72,8.48,0.0,0.0
2012-07-28,0.0,7.72,8.24,0.0,0.0
2012-07-29,0.0,7.72,8.01,0.0,0.0
2012-07-30,0.0,7.72,7.78,0.0,0.0
2012-07-31,0.0,11.57,11.34,0.0,0.0
2012-08-01,0.0,11.57,11.02,0.0,0.0
2012-08-02,0.0,11.57,10.71,0.0,0.0
2012-08-03,0.0,11.57,10.4,0.0,0.0
2012-08-04,0.0,11.57,10.11,0.0,0.0
2012-08-05,0.0,11.57,9.82,0.0,0.0
2012-08-06,0.0,11.57,9.54,0.0,0.0
2012-08-07,0.0,11.57,9.27,0.0,0.0
2012-08-08,0.0,11.57,9.01,0.0,0.0
2012-08-09,0.0,11.57,8.75,0.0,0.0
2012-08-10,0.0,5.79,8.51,0.0,0.0
2012-08-11,0.0,5.79,8.26,0.0,0.0
2012-08-12,0.0,5.79,8.03,0.0,0.0
2012-08-13,0.0,5.79,7.8,0.0,0.0
2012-08-14,0.0,5.79,7.58,0.0,0.0
2012-08-15,0.0,5.79,7.37,0.0,0.0
2012-08-16,0.0,5.79,7.16,0.0,0.0
2012-08-17,0.0,5.79,6.96,0.0,0.0
2012-08-18,0.0,11.57,13.52,0.0,0.0
2012-08-19,0.0,11.57,13.13,0.0,0.0
2012-08-20,0.0,11.57,12.76,0.0,0.0
2012-08-21,0.0,11.57,12.4,0.0,0.0
2012-08-22,0.0,11.57,12.05,0.0,0.0
2012-08-23,0.0,11.57,11.71,0.0,0.0
2012-08-24,0.0,11.57,11.38,0.0,0.0
2012-08-25,0.0,11.57,11.05,0.0,0.0
2012-08-26,0.0,11.57,10.74,0.0,0.0
2012-08-27,0.0,11.57,10.44,0.0,0.0
2012-08-28,0.0,11.57,10.14,0.0,0.0
2012-08-29,0.0,11.57,9.85,0.0,0.0
2012-08-30,0.0,11.57,9.57,0.0,0.0
2012-08-31,0.0,11.57,9.3,0.0,0.0
2012-09-01,0.0,11.57,9.04,0.0,0.0
2012-09-02,0.0,11.57,8.78,0.0,0.0
2012-09-03,0.0,11.57,8.53,0.0,0.0
2012-09-04,0.0,11.57,8.29,0.0,0.0
2012-09-05,0.0,11.57,8.06,0.0,0.0
2012-09-06,0.0,11.57,7.83,0.0,0.0
2012-09-07,0.0,11.57,7.61,0.0,0.0
2012-09-08,0.0,11.57,7.39,0.0,0.0
2012-09-09,0.0,11.57,7.18,0.0,0.0
2012-09-10,0.0,11.57,6.98,0.0,0.0
2012-09-11,0.0,11.57,6.78,0.0,0.0
2012-09-12,0.0,11.57,6.59,0.0,0.0
2012-09-13,0.0,11.57,6.4,0.0,0.0
2012-09-14,0.0,11.57,6.22,0.0,0.0
2012-09-15,0.0,11.57,6.04,0.0,0.0
2012-09-16,0.0,11.57,5.87,0.0,0.0
2012-09-17,0.0,0.0,5.71,0.0,0.0
2012-09-18,0.0,0.0,5.54,0.0,0.0
2012-09-19,0.0,0.0,5.39,0.0,0.0
2012-09-20,0.0,0.0,5.23,0.0,0.0
2012-09-21,0.0,0.0,5.09,0.0,0.0
2012-09-22,0.0,0.0,4.94,0.0,0.0
2012-09-23,0.0,0.0,4.8,0.0,0.0
2012-09-24,0.0,0.0,4.67,0.0,0.0
2012-09-25,0.0,0.0,0.0,0.0,0.0
2012-09-26,0.0,0.0,0.0,0.0,0.0
2012-09-27,0.0,0.0,0.0,0.0,0.0
2012-09-28,0.0,0.0,0.0,0.0,0.0
2012-09-29,0.0,0.0,0.0,0.0,0.0
2012-09-30,0.0,0.0,0.0,0.0,0.0
2012-10-01,0.0,0.0,0.0,0.0,0.0
2012-10-02,0.0,0.0,0.0,0.0,0.0
2012-10-03,0.0,0.0,0.0,0.0,0.0
2012-10-04,0.0,0.0,0.0,0.0,0.0
2012-10-05,0.0,0.0,0.0,0.0,0.0
2012-10-06,0.0,0.0,0.0,0.0,0.0
2012-10-07,0.0,0.0,0.0,0.0,0.0
2012-10-08,0.0,0.0,0.0,0.0,0.0
2012-10-09,0.0,0.0,0.0,0.0,0.0
2012-10-10,0.0,0.0,0.0,0.0,0.0
2012-10-11,0.0,0.0,0.0,0.0,0.0
2012-10-12,0.0,0.0,0.0,0.0,0.0
2012-10-13,0.0,0.0,0.0,0.0,0.0
2012-10-14,0.0,0.0,0.0,0.0,0.0
2012-10-15,0.0,0.0,0.0,0.0,0.0
2012-10-16,0.0,0.0,0.0,0.0,0.0
2012-10-17,0.0,0.0,0.0,0.0,0.0
2012-10-18,0.0,0.0,0.0,0.0,0.0
2012-10-19,0.0,0.0,0.0,0.0,0.0
2012-10-20,0.0,0.0,0.0,0.0,0.0
2012-10-21,0.0,0.0,0.0,0.0,0.0
2012-10-22,0.1,28.57,23.29,0.78,4.5
2012-10-23,1.043,57.64,23.65,13.59,20.4
2012-10-24,0.303,31.52,20.27,2.49,8.76
2012-10-25,0.064,20.17,11.34,0.0,8.83
2012-10-26,0.046,16.32,9.19,0.0,7.13
2012-10-27,0.036,14.38,9.17,0.0,5.21
2012-10-28,0.028,12.81,9.17,0.0,3.63
2012-10-29,0.022,11.58,9.17,0.0,2.41
2012-10-30,0.017,10.68,9.17,0.0,1.51
2012-10-31,0.013,10.08,9.17,0.0,0.9
2012-11-01,0.01,9.68,9.17,0.0,0.5
2012-11-02,0.008,9.43,9.17,0.0,0.27
2012-11-03,0.006,9.3,9.17,0.0,0.13
2012-11-04,0.005,9.24,9.17,0.0,0.06
2012-11-05,0.004,9.22,9.18,0.0,0.03
2012-11-06,0.003,9.18,9.18,0.0,0.01
2012-11-07,0.002,9.17,9.16,0.0,0.01
2012-11-08,0.002,9.14,9.15,0.0,0.0
2012-11-09,0.001,9.12,9.15,0.0,0.0
2012-11-10,0.001,9.17,9.2,0.0,0.0
2012-11-11,0.001,9.2,9.15,0.0,0.0
2012-11-12,0.001,9.22,9.24,0.0,0.0
2012-11-13,0.001,9.26,9.2,0.0,0.0
2012-11-14,0.0,9.2,9.17,0.0,0.0
2012-11-15,0.0,8.96,9.02,0.0,0.0
2012-11-16,0.0,9.09,9.0,0.0,0.0
2012-11-17,1.803,48.53,25.25,9.73,13.55
2012-11-18,1.565,72.16,33.21,14.89,24.06
2012-11-19,0.089,23.8,11.98,0.0,11.82
2012-11-20,0.057,18.74,9.25,0.0,9.5
2012-11-21,1.99,87.0,27.35,23.82,35.84
2012-11-22,0.116,37.03,16.65,0.0,20.38
2012-11-23,0.06,26.27,9.42,0.0,16.86
2012-11-24,0.047,22.2,9.38,0.0,12.82
2012-11-25,0.036,18.79,9.46,0.0,9.33
2012-11-26,0.028,15.74,9.18,0.0,6.56
2012-11-27,0.022,13.52,9.17,0.0,4.35
2012-11-28,0.129,25.86,19.06,1.86,4.94
2012-11-29,0.069,19.08,15.4,0.12,3.57
2012-11-30,9.418,83.31,33.35,19.27,30.68
2012-12-01,3.178,47.45,25.73,8.2,13.52
2012-12-02,4.933,69.7,29.95,15.53,24.22
2012-12-03,0.236,38.34,27.25,0.09,11.0
2012-12-04,0.071,22.25,12.31,0.0,9.93
2012-12-05,2.946,93.99,23.22,27.64,43.13
2012-12-06,0.362,39.3,24.96,1.55,12.79
2012-12-07,0.094,27.14,14.23,0.0,12.92
2012-12-08,0.072,24.06,14.51,0.0,9.55
2012-12-09,0.057,21.6,14.44,0.0,7.16
2012-12-10,0.047,19.96,14.95,0.0,5.01
2012-12-11,0.043,19.96,16.73,0.0,3.23
2012-12-12,0.035,19.16,16.94,0.0,2.21
2012-12-13,0.03,19.14,17.66,0.0,1.47
2012-12-14,0.026,19.38,18.36,0.0,1.02
2012-12-15,0.022,19.62,18.87,0.0,0.75
2012-12-16,0.017,18.65,18.09,0.0,0.57
2012-12-17,0.597,60.48,33.38,10.02,17.08
2012-12-18,0.078,31.13,23.51,0.0,7.61
2012-12-19,0.042,18.91,13.76,0.0,5.15
2012-12-20,0.035,18.39,14.97,0.0,3.42
2012-12-21,1.174,57.76,26.67,13.21,17.87
2012-12-22,5.439,80.11,28.93,19.4,31.78
2012-12-23,16.851,177.15,44.61,44.18,88.35
2012-12-24,0.996,84.22,34.48,12.01,37.73
2012-12-25,1.522,42.03,21.75,7.3,12.98
2012-12-26,2.646,42.85,26.52,6.06,10.27
2012-12-27,0.393,29.84,25.99,0.03,3.83
2012-12-28,0.321,27.86,25.34,0.01,2.51
2012-12-29,1.201,41.53,24.77,6.34,10.42
2012-12-30,0.31,27.22,24.26,0.02,2.94
2012-12-31,0.256,26.99,24.84,0.0,2.14
2013-01-01,0.223,27.02,25.35,0.0,1.67
2013-01-02,0.195,26.64,25.25,0.0,1.39
2013-01-03,0.18,26.31,25.1,0.0,1.21
2013-01-04,0.161,25.81,24.74,0.0,1.08
2013-01-05,0.152,25.85,24.86,0.0,0.98
2013-01-06,0.146,26.03,25.11,0.0,0.92
2013-01-07,0.13,25.5,24.63,0.0,0.86
2013-01-08,0.114,25.05,24.23,0.0,0.82
2013-01-09,0.101,24.92,24.14,0.0,0.78
2013-01-10,0.09,24.66,23.91,0.0,0.75
2013-01-11,0.084,24.87,24.13,0.0,0.74
2013-01-12,0.078,25.05,24.32,0.0,0.73
2013-01-13,0.07,24.99,24.27,0.0,0.72
2013-01-14,0.057,24.22,23.55,0.0,0.67
2013-01-15,0.054,24.6,23.93,0.0,0.67
2013-01-16,0.044,24.09,23.46,0.0,0.64
2013-01-17,0.036,23.66,23.06,0.0,0.6
2013-01-18,0.032,23.6,23.01,0.0,0.58
2013-01-19,0.026,23.0,22.45,0.0,0.55
2013-01-20,0.02,21.95,21.44,0.0,0.5
2013-01-21,0.015,20.82,20.37,0.0,0.44
2013-01-22,0.012,20.1,19.69,0.0,0.41
2013-01-23,0.006,10.12,10.06,0.0,0.06
2013-01-24,0.006,14.2,13.97,0.0,0.22
2013-01-25,0.007,22.82,22.33,0.0,0.47
2013-01-26,0.006,21.9,21.44,0.0,0.45
2013-01-27,0.006,24.64,24.08,0.0,0.54
2013-01-28,0.005,24.46,23.96,0.0,0.52
2013-01-29,0.003,22.19,21.76,0.0,0.43
2013-01-30,0.001,11.24,11.25,0.0,0.07
2013-01-31,0.001,9.35,9.3,0.0,0.0
2013-02-01,0.001,9.17,9.2,0.0,0.0
2013-02-02,0.001,9.26,9.17,0.0,0.0
2013-02-03,0.0,9.11,9.09,0.0,0.0
2013-02-04,0.0,9.32,9.22,0.0,0.0
2013-02-05,0.0,9.18,9.14,0.0,0.0
2013-02-06,0.0,9.43,9.25,0.0,0.0
2013-02-07,0.0,9.0,8.99,0.0,0.0
2013-02-08,0.0,8.9,9.07,0.0,0.0
2013-02-09,0.0,9.26,9.17,0.0,0.0
2013-02-10,0.0,9.16,9.28,0.0,0.0
2013-02-11,0.0,9.16,9.01,0.0,0.0
2013-02-12,0.0,9.06,9.14,0.0,0.0
2013-02-13,0.0,9.47,9.28,0.0,0.0
2013-02-14,0.0,8.94,9.02,0.0,0.0
2013-02-15,0.0,9.37,9.18,0.0,0.0
2013-02-16,0.0,8.82,8.92,0.0,0.0
2013-02-17,0.0,9.26,9.1,0.0,0.0
2013-02-18,0.0,9.14,9.31,0.0,0.0
2013-02-19,0.0,9.14,9.05,0.0,0.0
2013-02-20,0.0,9.0,9.28,0.0,0.0
2013-02-21,0.0,9.0,9.02,0.0,0.0
2013-02-22,0.0,9.53,9.28,0.0,0.0
2013-02-23,0.0,8.85,9.01,0.0,0.0
2013-02-24,0.0,9.4,9.3,0.0,0.0
2013-02-25,0.0,8.68,9.04,0.0,0.0
2013-02-26,0.0,9.26,9.37,0.0,0.0
2013-02-27,0.0,9.26,9.1,0.0,0.0
2013-02-28,0.0,8.49,8.85,0.0,0.0
2013-03-01,0.0,9.09,9.21,0.0,0.0
2013-03-02,0.0,9.09,8.95,0.0,0.0
2013-03-03,0.0,9.79,9.36,0.0,0.0
2013-03-04,0.0,8.9,9.1,0.0,0.0
2013-03-05,0.0,8.9,8.84,0.0,0.0
2013-03-06,0.662,60.01,36.32,9.42,14.28
2013-03-07,0.209,27.33,14.31,4.88,8.15
2013-03-08,0.952,60.11,31.43,11.48,17.2
2013-03-09,0.07,20.56,13.84,0.0,6.73
2013-03-10,0.053,17.62,12.43,0.0,5.18
2013-03-11,0.042,16.5,12.74,0.0,3.76
2013-03-12,0.032,14.73,12.02,0.0,2.72
2013-03-13,0.023,12.61,10.72,0.0,1.89
2013-03-14,0.017,10.43,9.2,0.0,1.23
2013-03-15,0.013,9.91,9.17,0.0,0.73
2013-03-16,0.01,9.6,9.18,0.0,0.41
2013-03-17,0.008,9.4,9.18,0.0,0.22
2013-03-18,0.006,9.29,9.17,0.0,0.11
2013-03-19,0.005,9.23,9.17,0.0,0.05
2013-03-20,0.004,9.2,9.17,0.0,0.02
2013-03-21,0.003,9.18,9.18,0.0,0.01
2013-03-22,0.002,9.2,9.19,0.0,0.01
2013-03-23,0.002,9.17,9.18,0.0,0.0
2013-03-24,0.001,9.23,9.2,0.0,0.0
2013-03-25,0.001,9.11,9.14,0.0,0.0
2013-03-26,0.001,9.09,9.13,0.0,0.0
2013-03-27,0.001,9.08,9.16,0.0,0.0
2013-03-28,0.001,9.26,9.25,0.0,0.0
2013-03-29,0.0,9.2,9.21,0.0,0.0
2013-03-30,0.0,8.96,9.05,0.0,0.0
2013-03-31,0.0,9.09,9.0,0.0,0.0
2013-04-01,0.0,9.0,9.07,0.0,0.0
2013-04-02,0.0,9.35,9.15,0.0,0.0
2013-04-03,0.0,9.26,9.25,0.0,0.0
2013-04-04,0.0,8.8,8.99,0.0,0.0
2013-04-05,0.0,9.16,9.1,0.0,0.0
2013-04-06,0.0,9.06,9.22,0.0,0.0
2013-04-07,0.0,9.06,8.96,0.0,0.0
2013-04-08,0.0,8.94,9.1,0.0,0.0
2013-04-09,0.0,9.37,9.27,0.0,0.0
2013-04-10,0.0,8.82,9.0,0.0,0.0
2013-04-11,0.0,9.26,9.19,0.0,0.0
2013-04-12,0.0,8.68,8.93,0.0,0.0
2013-04-13,0.0,9.14,9.13,0.0,0.0
2013-04-14,0.0,9.14,8.87,0.0,0.0
2013-04-15,0.0,9.0,9.1,0.0,0.0
2013-04-16,0.0,9.0,8.84,0.0,0.0
2013-04-17,0.0,8.85,9.09,0.0,0.0
2013-04-18,0.0,8.85,8.84,0.0,0.0
2013-04-19,0.0,9.4,9.12,0.0,0.0
2013-04-20,0.0,8.68,8.86,0.0,0.0
2013-04-21,0.0,9.26,9.19,0.0,0.0
2013-04-22,0.0,9.26,8.93,0.0,0.0
2013-04-23,0.0,9.09,9.29,0.0,0.0
2013-04-24,0.0,9.09,9.03,0.0,0.0
2013-04-25,0.0,9.09,8.77,0.0,0.0
2013-04-26,0.0,8.9,9.18,0.0,0.0
2013-04-27,0.0,8.9,8.92,0.0,0.0
2013-04-28,0.0,9.65,9.39,0.0,0.0
2013-04-29,0.0,8.68,9.12,0.0,0.0
2013-04-30,0.0,8.68,8.87,0.0,0.0
2013-05-01,0.0,9.47,9.4,0.0,0.0
2013-05-02,0.0,9.47,9.13,0.0,0.0
2013-05-03,0.0,8.42,8.87,0.0,0.0
2013-05-04,0.0,9.26,9.48,0.0,0.0
2013-05-05,0.0,9.26,9.22,0.0,0.0
2013-05-06,0.0,9.26,8.95,0.0,0.0
2013-05-07,0.0,9.26,8.7,0.0,0.0
2013-05-08,0.0,9.0,9.39,0.0,0.0
2013-05-09,0.0,9.0,9.13,0.0,0.0
2013-05-10,0.0,9.0,8.87,0.0,0.0
2013-05-11,0.0,9.0,8.62,0.0,0.0
2013-05-12,0.0,10.13,9.42,0.0,0.0
2013-05-13,0.0,8.68,9.15,0.0,0.0
2013-05-14,0.0,8.68,8.89,0.0,0.0
2013-05-15,0.0,8.68,8.64,0.0,0.0
2013-05-16,0.0,9.92,9.6,0.0,0.0
2013-05-17,0.0,9.92,9.32,0.0,0.0
2013-05-18,0.0,8.27,9.06,0.0,0.0
2013-05-19,0.0,8.27,8.8,0.0,0.0
2013-05-20,0.0,8.27,8.55,0.0,0.0
2013-05-21,0.0,9.65,9.7,0.0,0.0
2013-05-22,0.0,9.65,9.42,0.0,0.0
2013-05-23,0.0,9.65,9.15,0.0,0.0
2013-05-24,0.0,9.65,8.9,0.0,0.0
2013-05-25,0.0,7.72,8.64,0.0,0.0
2013-05-26,0.0,7.72,8.4,0.0,0.0
2013-05-27,0.0,9.26,9.79,0.0,0.0
2013-05-28,0.0,9.26,9.51,0.0,0.0
2013-05-29,0.0,9.26,9.25,0.0,0.0
2013-05-30,0.0,9.26,8.98,0.0,0.0
2013-05-31,0.0,9.26,8.73,0.0,0.0
2013-06-01,0.0,9.26,8.48,0.0,0.0
2013-06-02,0.0,9.26,8.24,0.0,0.0
2013-06-03,0.0,8.68,10.01,0.0,0.0
2013-06-04,0.0,8.68,9.73,0.0,0.0
2013-06-05,0.0,8.68,9.45,0.0,0.0
2013-06-06,0.0,8.68,9.18,0.0,0.0
2013-06-07,0.0,8.68,8.92,0.0,0.0
2013-06-08,0.0,8.68,8.67,0.0,0.0
2013-06-09,0.0,8.68,8.42,0.0,0.0
2013-06-10,0.0,8.68,8.18,0.0,0.0
2013-06-11,0.0,8.68,7.95,0.0,0.0
2013-06-12,0.0,11.57,10.3,0.0,0.0
2013-06-13,0.0,11.57,10.01,0.0,0.0
2013-06-14,0.0,11.57,9.73,0.0,0.0
2013-06-15,0.0,7.72,9.45,0.0,0.0
2013-06-16,0.0,7.72,9.18,0.0,0.0
2013-06-17,0.0,7.72,8.92,0.0,0.0
2013-06-18,0.0,7.72,8.67,0.0,0.0
2013-06-19,0.0,7.72,8.43,0.0,0.0
2013-06-20,0.0,7.72,8.19,0.0,0.0
2013-06-21,0.0,7.72,7.95,0.0,0.0
2013-06-22,0.0,7.72,7.73,0.0,0.0
2013-06-23,0.0,11.57,11.27,0.0,0.0
2013-06-24,0.0,11.57,10.95,0.0,0.0
2013-06-25,0.0,11.57,10.64,0.0,0.0
2013-06-26,0.0,11.57,10.33,0.0,0.0
2013-06-27,0.0,11.57,10.04,0.0,0.0
2013-06-28,0.0,11.57,9.76,0.0,0.0
2013-06-29,0.0,11.57,9.48,0.0,0.0
2013-06-30,0.0,11.57,9.21,0.0,0.0
2013-07-01,0.0,11.57,8.95,0.0,0.0
2013-07-02,0.0,11.57,8.7,0.0,0.0
2013-07-03,0.0,5.79,8.45,0.0,0.0
2013-07-04,0.0,5.79,8.21,0.0,0.0
2013-07-05,0.0,5.79,7.98,0.0,0.0
2013-07-06,0.0,5.79,7.75,0.0,0.0
2013-07-07,0.0,5.79,7.53,0.0,0.0
2013-07-08,0.0,5.79,7.32,0.0,0.0
2013-07-09,0.0,5.79,7.11,0.0,0.0
2013-07-10,0.0,5.79,6.91,0.0,0.0
2013-07-11,0.0,11.57,13.43,0.0,0.0
2013-07-12,0.0,11.57,13.05,0.0,0.0
2013-07-13,0.0,11.57,12.68,0.0,0.0
2013-07-14,0.0,11.57,12.32,0.0,0.0
2013-07-15,0.0,11.57,11.97,0.0,0.0
2013-07-16,0.0,11.57,11.63,0.0,0.0
2013-07-17,0.0,11.57,11.3,0.0,0.0
2013-07-18,0.0,11.57,10.98,0.0,0.0
2013-07-19,0.0,11.57,10.67,0.0,0.0
2013-07-20,0.0,11.57,10.37,0.0,0.0
2013-07-21,0.0,11.57,10.07,0.0,0.0
2013-07-22,0.0,11.57,9.79,0.0,0.0
2013-07-23,0.0,11.57,9.51,0.0,0.0
2013-07-24,0.0,11.57,9.24,0.0,0.0
2013-07-25,0.0,11.57,8.98,0.0,0.0
2013-07-26,0.0,11.57,8.73,0.0,0.0
2013-07-27,0.0,11.57,8.48,0.0,0.0
2013-07-28,0.0,11.57,8.24,0.0,0.0
2013-07-29,0.0,11.57,8.0,0.0,0.0
2013-07-30,0.0,11.57,7.78,0.0,0.0
2013-07-31,0.0,11.57,7.56,0.0,0.0
2013-08-01,0.0,11.57,7.34,0.0,0.0
2013-08-02,0.0,11.57,7.14,0.0,0.0
2013-08-03,0.0,11.57,6.93,0.0,0.0
2013-08-04,0.0,11.57,6.74,0.0,0.0
2013-08-05,0.0,11.57,6.55,0.0,0.0
2013-08-06,0.0,11.57,6.36,0.0,0.0
2013-08-07,0.0,11.57,6.18,0.0,0.0
2013-08-08,0.0,11.57,6.0,0.0,0.0
2013-08-09,0.0,11.57,5.83,0.0,0.0
2013-08-10,0.0,0.0,5.67,0.0,0.0
2013-08-11,0.0,0.0,5.51,0.0,0.0
2013-08-12,0.0,0.0,5.35,0.0,0.0
2013-08-13,0.0,0.0,5.2,0.0,0.0
2013-08-14,0.0,0.0,5.05,0.0,0.0
2013-08-15,0.0,0.0,4.91,0.0,0.0
2013-08-16,0.0,0.0,4.77,0.0,0.0
2013-08-17,0.0,0.0,4.64,0.0,0.0
2013-08-18,0.0,0.0,0.0,0.0,0.0
2013-08-19,0.0,0.0,0.0,0.0,0.0
2013-08-20,0.0,0.0,0.0,0.0,0.0
2013-08-21,0.0,0.0,0.0,0.0,0.0
2013-08-22,0.0,0.0,0.0,0.0,0.0
2013-08-23,0.0,0.0,0.0,0.0,0.0
2013-08-24,0.0,0.0,0.0,0.0,0.0
2013-08-25,0.0,0.0,0.0,0.0,0.0
2013-08-26,0.0,0.0,0.0,0.0,0.0
2013-08-27,0.0,0.0,0.0,0.0,0.0
2013-08-28,0.0,0.0,0.0,0.0,0.0
2013-08-29,0.0,0.0,0.0,0.0,0.0
2013-08-30,0.0,0.0,0.0,0.0,0.0
2013-08-31,0.0,0.0,0.0,0.0,0.0
2013-09-01,0.0,0.0,0.0,0.0,0.0
2013-09-02,0.0,0.0,0.0,0.0,0.0
2013-09-03,0.0,0.0,0.0,0.0,0.0
2013-09-04,0.0,0.0,0.0,0.0,0.0
2013-09-05,0.0,0.0,0.0,0.0,0.0
2013-09-06,0.0,0.0,0.0,0.0,0.0
2013-09-07,0.0,0.0,0.0,0.0,0.0
2013-09-08,0.0,0.0,0.0,0.0,0.0
2013-09-09,0.0,0.0,0.0,0.0,0.0
2013-09-10,0.0,0.0,0.0,0.0,0.0
2013-09-11,0.0,0.0,0.0,0.0,0.0
2013-09-12,0.0,0.0,0.0,0.0,0.0
2013-09-13,0.0,0.0,0.0,0.0,0.0
2013-09-14,0.0,0.0,0.0,0.0,0.0
2013-09-15,0.0,0.0,0.0,0.0,0.0
2013-09-16,0.0,0.0,0.0,0.0,0.0
2013-09-17,0.0,0.0,0.0,0.0,0.0
2013-09-18,0.0,0.0,0.0,0.0,0.0
2013-09-19,0.0,0.0,0.0,0.0,0.0
2013-09-20,0.0,0.0,0.0,0.0,0.0
2013-09-21,0.0,0.0,0.0,0.0,0.0
2013-09-22,0.0,0.0,0.0,0.0,0.0
2013-09-23,0.0,0.0,0.0,0.0,0.0
2013-09-24,0.0,0.0,0.0,0.0,0.0
2013-09-25,0.0,0.0,0.0,0.0,0.0
2013-09-26,0.0,0.0,0.0,0.0,0.0
2013-09-27,0.0,0.0,0.0,0.0,0.0
2013-09-28,0.0,0.0,0.0,0.0,0.0
2013-09-29,0.0,0.0,0.0,0.0,0.0
2013-09-30,0.0,0.0,0.0,0.0,0.0
2013-10-01,0.0,0.0,0.0,0.0,0.0
2013-10-02,0.0,0.0,0.0,0.0,0.0
2013-10-03,0.0,0.0,0.0,0.0,0.0
2013-10-04,0.0,0.0,0.0,0.0,0.0
2013-10-05,0.0,0.0,0.0,0.0,0.0
2013-10-06,0.0,0.0,0.0,0.0,0.0
2013-10-07,0.0,0.0,0.0,0.0,0.0
2013-10-08,0.0,0.0,0.0,0.0,0.0
2013-10-09,0.0,0.0,0.0,0.0,0.0
2013-10-10,0.0,0.0,0.0,0.0,0.0
2013-10-11,0.0,0.0,0.0,0.0,0.0
2013-10-12,0.0,0.0,0.0,0.0,0.0
2013-10-13,0.0,0.0,0.0,0.0,0.0
2013-10-14,0.0,0.0,0.0,0.0,0.0
2013-10-15,0.0,0.0,0.0,0.0,0.0
2013-10-16,0.0,0.0,0.0,0.0,0.0
2013-10-17,0.0,0.0,0.0,0.0,0.0
2013-10-18,0.0,0.0,0.0,0.0,0.0
2013-10-19,0.0,0.0,0.0,0.0,0.0
2013-10-20,0.0,0.0,0.0,0.0,0.0
2013-10-21,0.0,0.0,0.0,0.0,0.0
2013-10-22,0.0,0.0,0.0,0.0,0.0
2013-10-23,0.0,0.0,0.0,0.0,0.0
2013-10-24,0.0,0.0,0.0,0.0,0.0
2013-10-25,0.0,0.0,0.0,0.0,0.0
2013-10-26,0.0,0.0,0.0,0.0,0.0
2013-10-27,0.0,0.0,0.0,0.0,0.0
2013-10-28,0.0,0.0,0.0,0.0,0.0
2013-10-29,0.0,0.0,0.0,0.0,0.0
2013-10-30,0.0,0.0,0.0,0.0,0.0
2013-10-31,0.0,0.0,0.0,0.0,0.0
2013-11-01,0.0,0.0,0.0,0.0,0.0
2013-11-02,0.0,0.0,0.0,0.0,0.0
2013-11-03,0.0,0.0,0.0,0.0,0.0
2013-11-04,0.0,0.0,0.0,0.0,0.0
2013-11-05,0.0,0.0,0.0,0.0,0.0
2013-11-06,0.0,0.0,0.0,0.0,0.0
2013-11-07,0.0,0.0,0.0,0.0,0.0
2013-11-08,0.0,0.0,0.0,0.0,0.0
2013-11-09,0.0,0.0,0.0,0.0,0.0
2013-11-10,0.0,0.0,0.0,0.0,0.0
2013-11-11,0.0,0.0,0.0,0.0,0.0
2013-11-12,0.0,0.0,0.0,0.0,0.0
2013-11-13,0.0,0.0,0.0,0.0,0.0
2013-11-14,0.0,0.0,0.0,0.0,0.0
2013-11-15,0.0,0.0,0.0,0.0,0.0
2013-11-16,0.0,0.0,0.0,0.0,0.0
2013-11-17,0.0,0.0,0.0,0.0,0.0
2013-11-18,0.0,0.0,0.0,0.0,0.0
2013-11-19,0.0,0.0,0.0,0.0,0.0
2013-11-20,1.412,95.16,27.07,28.8,39.29
2013-11-21,0.188,56.3,29.46,1.26,25.59
2013-11-22,0.055,31.07,9.62,0.0,21.45
2013-11-23,0.042,25.45,9.18,0.0,16.27
2013-11-24,0.033,20.85,9.17,0.0,11.68
2013-11-25,0.025,17.16,9.17,0.0,7.99
2013-11-26,0.02,14.36,9.18,0.0,5.19
2013-11-27,0.015,12.35,9.17,0.0,3.18
2013-11-28,0.012,11.03,9.18,0.0,1.85
2013-11-29,0.009,10.18,9.17,0.0,1.01
2013-11-30,0.007,9.69,9.17,0.0,0.52
2013-12-01,0.006,9.44,9.17,0.0,0.26
2013-12-02,0.004,9.28,9.17,0.0,0.12
2013-12-03,0.003,9.24,9.18,0.0,0.06
2013-12-04,0.003,9.19,9.18,0.0,0.02
2013-12-05,0.002,9.19,9.17,0.0,0.01
2013-12-06,0.002,9.17,9.16,0.0,0.01
2013-12-07,1.577,90.62,29.33,25.0,36.29
2013-12-08,0.109,41.72,18.52,0.0,23.2
2013-12-09,0.056,28.91,9.28,0.0,19.63
2013-12-10,0.043,24.01,9.17,0.0,14.84
2013-12-11,0.034,19.89,9.17,0.0,10.72
2013-12-12,0.026,16.56,9.17,0.0,7.38
2013-12-13,0.02,14.0,9.17,0.0,4.83
2013-12-14,0.016,12.17,9.17,0.0,2.99
2013-12-15,0.012,10.93,9.18,0.0,1.75
2013-12-16,0.01,10.14,9.17,0.0,0.97
2013-12-17,0.007,9.68,9.17,0.0,0.5
2013-12-18,0.006,9.42,9.16,0.0,0.25
2013-12-19,0.005,9.29,9.17,0.0,0.12
2013-12-20,0.004,9.23,9.16,0.0,0.05
2013-12-21,0.003,9.2,9.17,0.0,0.02
2013-12-22,0.002,9.23,9.19,0.0,0.01
2013-12-23,0.002,9.19,9.19,0.0,0.01
2013-12-24,0.001,9.15,9.15,0.0,0.0
2013-12-25,0.001,9.14,9.19,0.0,0.0
2013-12-26,0.001,9.2,9.18,0.0,0.0
2013-12-27,0.001,9.11,9.14,0.0,0.0
2013-12-28,0.0,9.36,9.24,0.0,0.0
2013-12-29,0.0,9.07,9.13,0.0,0.0
2013-12-30,0.0,9.18,9.25,0.0,0.0
2013-12-31,0.0,9.09,8.94,0.0,0.0
2014-01-01,0.0,9.0,9.01,0.0,0.0
2014-01-02,0.0,8.9,9.09,0.0,0.0
2014-01-03,0.0,9.26,9.19,0.0,0.0
2014-01-04,0.0,8.8,8.93,0.0,0.0
2014-01-05,0.0,9.16,9.04,0.0,0.0
2014-01-06,0.0,9.06,9.16,0.0,0.0
2014-01-07,0.0,9.06,8.9,0.0,0.0
2014-01-08,0.0,8.94,9.04,0.0,0.0
2014-01-09,0.0,9.37,9.21,0.0,0.0
2014-01-10,0.0,8.82,8.95,0.0,0.0
2014-01-11,0.0,9.26,9.13,0.0,0.0
2014-01-12,0.0,8.68,8.87,0.0,0.0
2014-01-13,0.0,9.14,9.07,0.0,0.0
2014-01-14,0.0,9.0,9.3,0.0,0.0
2014-01-15,0.0,9.0,9.04,0.0,0.0
2014-01-16,0.0,9.53,9.3,0.0,0.0
2014-01-17,0.0,8.85,9.04,0.0,0.0
2014-01-18,0.0,9.4,9.33,0.0,0.0
2014-01-19,0.0,9.4,9.06,0.0,0.0
2014-01-20,0.0,8.68,8.81,0.0,0.0
2014-01-21,0.0,9.26,9.13,0.0,0.0
2014-01-22,0.0,8.49,8.87,0.0,0.0
2014-01-23,0.0,9.09,9.23,0.0,0.0
2014-01-24,0.0,9.09,8.97,0.0,0.0
2014-01-25,0.0,9.79,9.39,0.0,0.0
2014-01-26,0.0,8.9,9.12,0.0,0.0
2014-01-27,0.0,8.9,8.86,0.0,0.0
2014-01-28,0.0,9.65,9.33,0.0,0.0
2014-01-29,0.0,8.68,9.07,0.0,0.0
2014-01-30,0.0,8.68,8.81,0.0,0.0
2014-01-31,0.0,9.47,9.34,0.0,0.0
2014-02-01,0.0,9.47,9.07,0.0,0.0
2014-02-02,0.0,8.42,8.82,0.0,0.0
2014-02-03,0.0,9.26,9.42,0.0,0.0
2014-02-04,0.0,9.26,9.16,0.0,0.0
2014-02-05,0.0,9.26,8.9,0.0,0.0
2014-02-06,2.19,83.72,28.5,22.68,32.54
2014-02-07,1.127,42.33,24.11,5.72,12.5
2014-02-08,4.163,47.44,25.63,8.28,13.52
2014-02-09,4.414,48.93,27.27,8.4,13.26
2014-02-10,0.702,44.82,31.44,4.28,9.1
2014-02-11,0.086,18.5,11.7,0.0,6.8
2014-02-12,0.059,15.65,10.33,0.0,5.32
2014-02-13,0.047,14.38,10.39,0.0,3.99
2014-02-14,0.037,13.68,10.81,0.0,2.86
2014-02-15,0.028,12.13,10.1,0.0,2.03
2014-02-16,0.021,10.55,9.19,0.0,1.36
2014-02-17,0.017,10.02,9.17,0.0,0.85
2014-02-18,0.013,9.68,9.17,0.0,0.51
2014-02-19,0.01,9.45,9.17,0.0,0.28
2014-02-20,0.008,9.32,9.17,0.0,0.15
2014-02-21,0.006,9.24,9.17,0.0,0.08
2014-02-22,0.005,9.23,9.18,0.0,0.04
2014-02-23,0.004,9.18,9.17,0.0,0.02
2014-02-24,0.003,9.19,9.16,0.0,0.01
2014-02-25,0.002,9.18,9.16,0.0,0.01
2014-02-26,2.504,95.04,29.93,27.21,37.91
2014-02-27,0.937,70.44,34.07,13.36,23.01
2014-02-28,6.14,90.75,31.72,22.72,36.31
2014-03-01,4.276,61.26,28.0,12.93,20.33
2014-03-02,0.399,35.76,28.12,0.08,7.56
2014-03-03,0.099,23.98,16.28,0.0,7.71
2014-03-04,0.068,19.76,13.55,0.0,6.2
2014-03-05,0.055,18.72,14.16,0.0,4.56
2014-03-06,0.098,28.96,25.62,0.0,3.34
2014-03-07,0.039,18.38,16.19,0.0,2.19
2014-03-08,0.032,17.97,16.44,0.0,1.53
2014-03-09,0.023,15.93,14.86,0.0,1.07
2014-03-10,0.017,13.97,13.26,0.0,0.71
2014-03-11,0.011,10.02,9.62,0.0,0.39
2014-03-12,0.009,9.37,9.17,0.0,0.21
2014-03-13,0.007,9.28,9.17,0.0,0.11
2014-03-14,0.005,9.22,9.17,0.0,0.05
2014-03-15,0.004,9.2,9.17,0.0,0.02
2014-03-16,0.003,9.19,9.16,0.0,0.01
2014-03-17,0.002,9.2,9.19,0.0,0.0
2014-03-18,0.002,9.2,9.17,0.0,0.0
2014-03-19,0.001,9.15,9.14,0.0,0.0
2014-03-20,0.001,9.16,9.14,0.0,0.0
2014-03-21,0.001,9.23,9.18,0.0,0.0
2014-03-22,0.001,9.23,9.19,0.0,0.0
2014-03-23,0.001,9.22,9.13,0.0,0.0
2014-03-24,0.0,9.09,9.12,0.0,0.0
2014-03-25,0.0,9.4,9.29,0.0,0.0
2014-03-26,0.25,53.11,34.82,5.27,13.03
2014-03-27,0.04,29.81,23.93,0.0,5.88
2014-03-28,0.018,13.33,9.72,0.0,3.62
2014-03-29,0.855,52.21,31.02,8.54,12.64
2014-03-30,0.338,42.09,31.92,2.57,7.6
2014-03-31,2.36,89.91,25.97,26.41,37.53
2014-04-01,1.864,55.98,24.33,11.85,19.79
2014-04-02,0.388,47.55,29.15,3.98,14.41
2014-04-03,0.078,23.32,11.78,0.0,11.54
2014-04-04,0.057,19.69,10.63,0.0,9.06
2014-04-05,0.048,18.62,12.26,0.0,6.37
2014-04-06,0.038,16.91,12.33,0.0,4.58
2014-04-07,0.027,13.96,10.63,0.0,3.33
2014-04-08,0.02,11.46,9.2,0.0,2.26
2014-04-09,0.016,10.57,9.18,0.0,1.4
2014-04-10,0.012,9.99,9.17,0.0,0.82
2014-04-11,0.009,9.62,9.17,0.0,0.45
2014-04-12,0.007,9.41,9.18,0.0,0.23
2014-04-13,0.006,9.3,9.17,0.0,0.12
2014-04-14,0.004,9.24,9.18,0.0,0.06
2014-04-15,0.003,9.21,9.17,0.0,0.03
2014-04-16,0.003,9.21,9.19,0.0,0.01
2014-04-17,0.002,9.19,9.19,0.0,0.0
2014-04-18,0.002,9.16,9.15,0.0,0.0
2014-04-19,0.001,9.19,9.2,0.0,0.0
2014-04-20,0.001,9.21,9.18,0.0,0.0
2014-04-21,0.001,9.14,9.2,0.0,0.0
2014-04-22,0.001,9.22,9.21,0.0,0.0
2014-04-23,0.0,9.06,9.17,0.0,0.0
2014-04-24,0.0,9.0,9.11,0.0,0.0
2014-04-25,0.0,9.18,9.07,0.0,0.0
2014-04-26,0.0,9.43,9.24,0.0,0.0
2014-04-27,0.0,9.0,8.98,0.0,0.0
2014-04-28,0.0,8.9,9.06,0.0,0.0
2014-04-29,0.0,9.26,9.15,0.0,0.0
2014-04-30,0.0,9.16,9.26,0.0,0.0
2014-05-01,0.0,9.16,9.0,0.0,0.0
2014-05-02,0.0,9.06,9.13,0.0,0.0
2014-05-03,0.0,9.47,9.27,0.0,0.0
2014-05-04,0.0,8.94,9.01,0.0,0.0
2014-05-05,0.0,9.37,9.17,0.0,0.0
2014-05-06,0.0,8.82,8.91,0.0,0.0
2014-05-07,0.0,9.26,9.09,0.0,0.0
2014-05-08,0.0,9.14,9.3,0.0,0.0
2014-05-09,0.0,9.14,9.03,0.0,0.0
2014-05-10,0.0,9.0,9.27,0.0,0.0
2014-05-11,0.0,9.0,9.0,0.0,0.0
2014-05-12,0.0,9.53,9.26,0.0,0.0
2014-05-13,0.0,8.85,9.0,0.0,0.0
2014-05-14,0.0,9.4,9.29,0.0,0.0
2014-05-15,0.0,8.68,9.03,0.0,0.0
2014-05-16,0.0,9.26,9.36,0.0,0.0
2014-05-17,0.0,9.26,9.09,0.0,0.0
2014-05-18,0.0,8.49,8.83,0.0,0.0
2014-05-19,0.0,9.09,9.2,0.0,0.0
2014-05-20,0.0,9.09,8.94,0.0,0.0
2014-05-21,0.0,9.79,9.35,0.0,0.0
2014-05-22,0.0,8.9,9.09,0.0,0.0
2014-05-23,0.0,8.9,8.83,0.0,0.0
2014-05-24,0.0,9.65,9.29,0.0,0.0
2014-05-25,0.0,8.68,9.03,0.0,0.0
2014-05-26,0.0,8.68,8.77,0.0,0.0
2014-05-27,0.0,9.47,9.3,0.0,0.0
2014-05-28,0.0,9.47,9.04,0.0,0.0
2014-05-29,0.0,8.42,8.78,0.0,0.0
2014-05-30,0.0,9.26,9.39,0.0,0.0
2014-05-31,0.0,9.26,9.12,0.0,0.0
2014-06-01,0.0,9.26,8.86,0.0,0.0
2014-06-02,0.0,9.0,9.57,0.0,0.0
2014-06-03,0.0,9.0,9.3,0.0,0.0
2014-06-04,0.0,9.0,9.03,0.0,0.0
2014-06-05,0.0,9.0,8.78,0.0,0.0
2014-06-06,0.0,10.13,9.59,0.0,0.0
2014-06-07,0.0,8.68,9.32,0.0,0.0
2014-06-08,0.0,8.68,9.06,0.0,0.0
2014-06-09,0.0,8.68,8.8,0.0,0.0
2014-06-10,0.0,8.68,8.55,0.0,0.0
2014-06-11,0.0,9.92,9.5,0.0,0.0
2014-06-12,0.0,9.92,9.23,0.0,0.0
2014-06-13,0.0,8.27,8.97,0.0,0.0
2014-06-14,0.0,8.27,8.71,0.0,0.0
2014-06-15,0.0,8.27,8.46,0.0,0.0
2014-06-16,0.0,9.65,9.6,0.0,0.0
2014-06-17,0.0,9.65,9.32,0.0,0.0
2014-06-18,0.0,9.65,9.06,0.0,0.0
2014-06-19,0.0,9.65,8.8,0.0,0.0
2014-06-20,0.0,7.72,8.55,0.0,0.0
2014-06-21,0.0,9.26,9.97,0.0,0.0
2014-06-22,0.0,9.26,9.69,0.0,0.0
2014-06-23,0.0,9.26,9.42,0.0,0.0
2014-06-24,0.0,9.26,9.15,0.0,0.0
2014-06-25,0.0,9.26,8.89,0.0,0.0
2014-06-26,0.0,9.26,8.64,0.0,0.0
2014-06-27,0.0,9.26,8.39,0.0,0.0
2014-06-28,0.0,11.57,10.19,0.0,0.0
2014-06-29,0.0,8.68,9.91,0.0,0.0
2014-06-30,0.0,8.68,9.62,0.0,0.0
2014-07-01,0.0,8.68,9.35,0.0,0.0
2014-07-02,0.0,8.68,9.09,0.0,0.0
2014-07-03,0.0,8.68,8.83,0.0,0.0
2014-07-04,0.0,8.68,8.58,0.0,0.0
2014-07-05,0.0,8.68,8.34,0.0,0.0
2014-07-06,0.0,8.68,8.1,0.0,0.0
2014-07-07,0.0,11.57,10.49,0.0,0.0
2014-07-08,0.0,11.57,10.2,0.0,0.0
2014-07-09,0.0,11.57,9.91,0.0,0.0
2014-07-10,0.0,7.72,9.63,0.0,0.0
2014-07-11,0.0,7.72,9.35,0.0,0.0
2014-07-12,0.0,7.72,9.09,0.0,0.0
2014-07-13,0.0,7.72,8.83,0.0,0.0
2014-07-14,0.0,7.72,8.58,0.0,0.0
2014-07-15,0.0,7.72,8.34,0.0,0.0
2014-07-16,0.0,7.72,8.1,0.0,0.0
2014-07-17,0.0,7.72,7.87,0.0,0.0
2014-07-18,0.0,7.72,7.65,0.0,0.0
2014-07-19,0.0,11.57,11.15,0.0,0.0
2014-07-20,0.0,11.57,10.83,0.0,0.0
2014-07-21,0.0,11.57,10.53,0.0,0.0
2014-07-22,0.0,11.57,10.23,0.0,0.0
2014-07-23,0.0,11.57,9.94,0.0,0.0
2014-07-24,0.0,11.57,9.66,0.0,0.0
2014-07-25,0.0,11.57,9.38,0.0,0.0
2014-07-26,0.0,11.57,9.12,0.0,0.0
2014-07-27,0.0,11.57,8.86,0.0,0.0
2014-07-28,0.0,5.79,8.61,0.0,0.0
2014-07-29,0.0,5.79,8.36,0.0,0.0
2014-07-30,0.0,5.79,8.13,0.0,0.0
2014-07-31,0.0,5.79,7.9,0.0,0.0
2014-08-01,0.0,5.79,7.67,0.0,0.0
2014-08-02,0.0,5.79,7.45,0.0,0.0
2014-08-03,0.0,5.79,7.24,0.0,0.0
2014-08-04,0.0,5.79,7.04,0.0,0.0
2014-08-05,0.0,5.79,6.84,0.0,0.0
2014-08-06,0.0,11.57,13.29,0.0,0.0
2014-08-07,0.0,11.57,12.91,0.0,0.0
2014-08-08,0.0,11.57,12.55,0.0,0.0
2014-08-09,0.0,11.57,12.19,0.0,0.0
2014-08-10,0.0,11.57,11.85,0.0,0.0
2014-08-11,0.0,11.57,11.51,0.0,0.0
2014-08-12,0.0,11.57,11.18,0.0,0.0
2014-08-13,0.0,11.57,10.87,0.0,0.0
2014-08-14,0.0,11.57,10.56,0.0,0.0
2014-08-15,0.0,11.57,10.26,0.0,0.0
2014-08-16,0.0,11.57,9.97,0.0,0.0
2014-08-17,0.0,11.57,9.69,0.0,0.0
2014-08-18,0.0,11.57,9.41,0.0,0.0
2014-08-19,0.0,11.57,9.15,0.0,0.0
2014-08-20,0.0,11.57,8.89,0.0,0.0
2014-08-21,0.0,11.57,8.63,0.0,0.0
2014-08-22,0.0,11.57,8.39,0.0,0.0
2014-08-23,0.0,11.57,8.15,0.0,0.0
2014-08-24,0.0,11.57,7.92,0.0,0.0
2014-08-25,0.0,11.57,7.7,0.0,0.0
2014-08-26,0.0,11.57,7.48,0.0,0.0
2014-08-27,0.0,11.57,7.27,0.0,0.0
2014-08-28,0.0,11.57,7.06,0.0,0.0
2014-08-29,0.0,11.57,6.86,0.0,0.0
2014-08-30,0.0,11.57,6.67,0.0,0.0
2014-08-31,0.0,11.57,6.48,0.0,0.0
2014-09-01,0.0,11.57,6.29,0.0,0.0
2014-09-02,0.0,11.57,6.12,0.0,0.0
2014-09-03,0.0,11.57,5.94,0.0,0.0
2014-09-04,0.0,0.0,5.77,0.0,0.0
2014-09-05,0.0,0.0,5.61,0.0,0.0
2014-09-06,0.0,0.0,5.45,0.0,0.0
2014-09-07,0.0,0.0,5.3,0.0,0.0
2014-09-08,0.0,0.0,5.15,0.0,0.0
2014-09-09,0.0,0.0,5.0,0.0,0.0
2014-09-10,0.0,0.0,4.86,0.0,0.0
2014-09-11,0.0,0.0,4.72,0.0,0.0
2014-09-12,0.0,0.0,4.59,0.0,0.0
2014-09-13,0.0,0.0,0.0,0.0,0.0
2014-09-14,0.0,0.0,0.0,0.0,0.0
2014-09-15,0.0,0.0,0.0,0.0,0.0
2014-09-16,0.0,0.0,0.0,0.0,0.0
2014-09-17,0.0,0.0,0.0,0.0,0.0
2014-09-18,0.0,0.0,0.0,0.0,0.0
2014-09-19,0.0,0.0,0.0,0.0,0.0
2014-09-20,0.0,0.0,0.0,0.0,0.0
2014-09-21,0.0,0.0,0.0,0.0,0.0
2014-09-22,0.0,0.0,0.0,0.0,0.0
2014-09-23,0.0,0.0,0.0,0.0,0.0
2014-09-24,0.0,0.0,0.0,0.0,0.0
2014-09-25,0.561,46.42,26.91,6.91,12.6
2014-09-26,0.036,24.75,16.97,0.0,7.78
2014-09-27,0.021,15.35,9.26,0.0,6.08
2014-09-28,0.016,12.99,9.17,0.0,3.81
2014-09-29,0.013,11.42,9.17,0.0,2.25
2014-09-30,0.01,10.42,9.17,0.0,1.25
2014-10-01,0.008,9.84,9.17,0.0,0.66
2014-10-02,0.006,9.49,9.17,0.0,0.33
2014-10-03,0.005,9.32,9.17,0.0,0.16
2014-10-04,0.004,9.25,9.16,0.0,0.07
2014-10-05,0.003,9.19,9.16,0.0,0.03
2014-10-06,0.002,9.2,9.16,0.0,0.01
2014-10-07,0.002,9.19,9.17,0.0,0.01
2014-10-08,0.001,9.21,9.18,0.0,0.0
2014-10-09,0.001,9.1,9.13,0.0,0.0
2014-10-10,0.001,9.11,9.14,0.0,0.0
2014-10-11,0.001,9.15,9.16,0.0,0.0
2014-10-12,0.0,9.16,9.19,0.0,0.0
2014-10-13,0.0,9.38,9.26,0.0,0.0
2014-10-14,0.0,8.87,9.01,0.0,0.0
2014-10-15,0.0,9.09,8.95,0.0,0.0
2014-10-16,0.0,9.0,9.02,0.0,0.0
2014-10-17,0.0,8.9,9.1,0.0,0.0
2014-10-18,0.0,9.26,9.2,0.0,0.0
2014-10-19,0.0,8.8,8.94,0.0,0.0
2014-10-20,0.0,9.16,9.05,0.0,0.0
2014-10-21,0.0,9.06,9.17,0.0,0.0
2014-10-22,0.0,9.06,8.91,0.0,0.0
2014-10-23,0.0,8.94,9.05,0.0,0.0
2014-10-24,0.0,9.37,9.22,0.0,0.0
2014-10-25,0.0,8.82,8.95,0.0,0.0
2014-10-26,0.0,9.26,9.14,0.0,0.0
2014-10-27,0.0,8.68,8.88,0.0,0.0
2014-10-28,0.0,9.14,9.08,0.0,0.0
2014-10-29,0.0,9.0,9.31,0.0,0.0
2014-10-30,0.0,9.0,9.05,0.0,0.0
2014-10-31,0.0,9.53,9.31,0.0,0.0
2014-11-01,0.0,8.85,9.05,0.0,0.0
2014-11-02,0.0,9.4,9.34,0.0,0.0
2014-11-03,0.0,9.4,9.07,0.0,0.0
2014-11-04,0.0,8.68,8.82,0.0,0.0
2014-11-05,0.0,9.26,9.14,0.0,0.0
2014-11-06,0.0,9.26,8.88,0.0,0.0
2014-11-07,0.0,9.09,9.24,0.0,0.0
2014-11-08,0.0,9.09,8.98,0.0,0.0
2014-11-09,0.0,9.79,9.4,0.0,0.0
2014-11-10,0.0,8.9,9.13,0.0,0.0
2014-11-11,0.0,8.9,8.87,0.0,0.0
2014-11-12,0.0,9.65,9.34,0.0,0.0
2014-11-13,0.018,36.9,35.02,0.05,1.83
2014-11-14,0.003,40.57,39.85,0.0,0.72
2014-11-15,0.0,18.19,17.94,0.0,0.03
2014-11-16,0.0,9.47,9.19,0.0,0.0
2014-11-17,0.0,8.42,8.83,0.0,0.0
2014-11-18,0.0,9.26,9.43,0.0,0.0
2014-11-19,0.0,9.26,9.17,0.0,0.0
2014-11-20,0.0,9.26,8.91,0.0,0.0
2014-11-21,0.0,8.1,8.65,0.0,0.0
2014-11-22,0.044,38.18,34.59,0.12,3.46
2014-11-23,0.008,24.82,23.2,0.0,1.63
2014-11-24,0.004,10.26,9.37,0.0,0.91
2014-11-25,0.003,9.58,9.16,0.0,0.4
2014-11-26,0.002,9.34,9.17,0.0,0.18
2014-11-27,0.002,9.26,9.15,0.0,0.08
2014-11-28,0.001,9.22,9.16,0.0,0.03
2014-11-29,0.947,85.57,36.65,20.16,28.76
2014-11-30,3.063,95.07,29.42,26.92,38.73
2014-12-01,0.294,47.65,27.34,2.37,17.94
2014-12-02,9.588,98.2,31.51,25.09,41.6
2014-12-03,13.108,163.82,40.73,45.6,77.5
2014-12-04,1.05,45.43,27.99,5.18,12.26
2014-12-05,0.482,34.24,22.37,3.15,8.73
2014-12-06,2.032,48.27,25.58,8.52,14.17
2014-12-07,0.127,25.32,17.26,0.0,8.06
2014-12-08,0.083,21.46,15.57,0.0,5.89
2014-12-09,0.072,20.78,16.53,0.0,4.25
2014-12-10,0.057,19.69,16.5,0.0,3.19
2014-12-11,20.39,160.86,43.0,39.89,77.96
2014-12-12,2.858,105.1,42.68,18.43,43.99
2014-12-13,0.346,31.27,24.27,0.04,6.97
2014-12-14,0.272,28.9,24.26,0.01,4.63
2014-12-15,5.389,59.64,25.48,13.25,20.91
2014-12-16,3.891,62.31,25.96,13.95,22.4
2014-12-17,1.707,45.16,27.36,6.57,11.23
2014-12-18,0.66,33.25,27.73,0.95,4.57
2014-12-19,2.828,47.04,24.75,8.86,13.43
2014-12-20,1.626,40.55,28.92,4.15,7.47
2014-12-21,0.525,28.24,25.89,0.06,2.29
2014-12-22,0.455,27.5,25.62,0.05,1.82
2014-12-23,0.4,27.15,25.58,0.04,1.53
2014-12-24,0.368,27.05,25.69,0.02,1.33
2014-12-25,0.301,26.59,25.38,0.01,1.21
2014-12-26,0.259,26.44,25.33,0.01,1.11
2014-12-27,0.25,26.85,25.79,0.0,1.06
2014-12-28,0.227,26.56,25.55,0.0,1.0
2014-12-29,0.204,26.08,25.12,0.0,0.95
2014-12-30,0.155,25.11,24.23,0.0,0.88
2014-12-31,0.104,21.79,21.05,0.0,0.74
2015-01-01,0.126,24.68,23.87,0.0,0.81
2015-01-02,0.116,24.76,23.96,0.0,0.79
2015-01-03,0.106,24.65,23.88,0.0,0.77
2015-01-04,0.095,24.47,23.71,0.0,0.75
2015-01-05,0.08,24.09,23.37,0.0,0.72
2015-01-06,0.066,23.26,22.59,0.0,0.68
2015-01-07,0.058,23.21,22.55,0.0,0.66
2015-01-08,0.052,23.31,22.66,0.0,0.65
2015-01-09,0.047,23.52,22.88,0.0,0.64
2015-01-10,0.041,23.67,23.04,0.0,0.63
2015-01-11,0.035,23.24,22.63,0.0,0.61
2015-01-12,0.031,23.34,22.74,0.0,0.6
2015-01-13,0.025,22.54,21.98,0.0,0.56
2015-01-14,0.021,22.27,21.73,0.0,0.54
2015-01-15,0.016,21.68,21.2,0.0,0.49
2015-01-16,0.011,18.84,18.47,0.0,0.38
2015-01-17,0.01,19.21,18.82,0.0,0.39
2015-01-18,0.008,19.53,19.16,0.0,0.38
2015-01-19,0.005,14.93,14.72,0.0,0.21
2015-01-20,0.004,12.96,12.81,0.0,0.14
2015-01-21,0.002,9.23,9.24,0.0,0.01
2015-01-22,0.002,9.16,9.18,0.0,0.0
2015-01-23,0.001,9.18,9.19,0.0,0.0
2015-01-24,0.001,9.12,9.16,0.0,0.0
2015-01-25,0.001,9.21,9.14,0.0,0.0
2015-01-26,0.001,9.19,9.19,0.0,0.0
2015-01-27,0.001,9.17,9.16,0.0,0.0
2015-01-28,0.0,9.32,9.2,0.0,0.0
2015-01-29,0.0,9.04,9.16,0.0,0.0
2015-01-30,0.0,9.09,9.06,0.0,0.0
2015-01-31,0.0,9.0,9.12,0.0,0.0
2015-02-01,0.0,9.35,9.2,0.0,0.0
2015-02-02,0.0,8.9,8.94,0.0,0.0
2015-02-03,0.0,9.26,9.04,0.0,0.0
2015-02-04,0.0,9.16,9.15,0.0,0.0
2015-02-05,0.0,9.06,9.27,0.0,0.0
2015-02-06,5.714,107.74,35.54,28.25,43.95
2015-02-07,4.098,70.0,28.33,16.15,25.53
2015-02-08,6.406,87.84,28.44,22.92,36.48
2015-02-09,1.55,84.39,34.12,18.86,31.4
2015-02-10,0.375,31.29,25.43,0.03,5.83
2015-02-11,0.314,29.56,25.55,0.01,4.0
2015-02-12,0.271,28.66,25.79,0.01,2.87
2015-02-13,0.238,28.06,25.88,0.0,2.17
2015-02-14,0.208,27.36,25.61,0.0,1.75
2015-02-15,0.185,26.65,25.18,0.0,1.47
2015-02-16,0.166,26.15,24.9,0.0,1.26
2015-02-17,0.15,25.82,24.72,0.0,1.1
2015-02-18,0.134,25.5,24.51,0.0,0.99
2015-02-19,0.12,25.24,24.34,0.0,0.9
2015-02-20,0.104,24.91,24.07,0.0,0.84
2015-02-21,0.088,24.33,23.55,0.0,0.78
2015-02-22,0.069,23.56,22.86,0.0,0.71
2015-02-23,0.047,20.66,20.09,0.0,0.58
2015-02-24,0.047,22.69,22.08,0.0,0.61
2015-02-25,0.042,23.25,22.65,0.0,0.6
2015-02-26,0.034,23.05,22.48,0.0,0.57
2015-02-27,0.028,22.43,21.89,0.0,0.54
2015-02-28,0.024,22.19,21.67,0.0,0.52
2015-03-01,0.02,22.58,22.05,0.0,0.52
2015-03-02,0.017,22.09,21.6,0.0,0.49
2015-03-03,0.013,21.54,21.08,0.0,0.46
2015-03-04,0.01,19.86,19.47,0.0,0.39
2015-03-05,0.006,16.62,16.35,0.0,0.26
2015-03-06,0.004,9.38,9.37,0.0,0.02
2015-03-07,0.003,9.15,9.16,0.0,0.01
2015-03-08,0.002,9.14,9.16,0.0,0.0
2015-03-09,0.002,9.19,9.17,0.0,0.0
2015-03-10,0.001,9.21,9.17,0.0,0.0
2015-03-11,0.001,9.1,9.13,0.0,0.0
2015-03-12,0.001,9.11,9.14,0.0,0.0
2015-03-13,0.001,9.15,9.16,0.0,0.0
2015-03-14,0.0,9.16,9.19,0.0,0.0
2015-03-15,0.0,9.38,9.26,0.0,0.0
2015-03-16,0.0,8.87,9.01,0.0,0.0
2015-03-17,0.0,9.09,8.95,0.0,0.0
2015-03-18,0.0,9.0,9.02,0.0,0.0
2015-03-19,0.0,8.9,9.1,0.0,0.0
2015-03-20,0.0,9.26,9.2,0.0,0.0
2015-03-21,0.0,8.8,8.94,0.0,0.0
2015-03-22,0.0,9.16,9.05,0.0,0.0
2015-03-23,0.0,9.06,9.17,0.0,0.0
2015-03-24,0.0,9.06,8.91,0.0,0.0
2015-03-25,0.0,8.94,9.05,0.0,0.0
2015-03-26,0.0,9.37,9.22,0.0,0.0
2015-03-27,0.0,8.82,8.95,0.0,0.0
2015-03-28,0.0,9.26,9.14,0.0,0.0
2015-03-29,0.0,8.68,8.88,0.0,0.0
2015-03-30,0.0,9.14,9.08,0.0,0.0
2015-03-31,0.0,9.0,9.31,0.0,0.0
2015-04-01,0.0,9.0,9.05,0.0,0.0
2015-04-02,0.0,9.53,9.31,0.0,0.0
2015-04-03,0.0,8.85,9.05,0.0,0.0
2015-04-04,0.0,9.4,9.34,0.0,0.0
2015-04-05,0.0,9.4,9.07,0.0,0.0
2015-04-06,0.0,8.68,8.82,0.0,0.0
2015-04-07,0.993,76.32,35.57,16.8,23.95
2015-04-08,0.051,30.56,21.46,0.0,9.1
2015-04-09,0.028,19.16,12.44,0.0,6.72
2015-04-10,0.021,16.0,11.5,0.0,4.5
2015-04-11,0.015,12.19,9.24,0.0,2.95
2015-04-12,0.012,10.88,9.17,0.0,1.71
2015-04-13,0.009,10.1,9.17,0.0,0.93
2015-04-14,0.007,9.65,9.18,0.0,0.48
2015-04-15,0.005,9.41,9.18,0.0,0.23
2015-04-16,0.004,9.28,9.18,0.0,0.11
2015-04-17,0.003,9.22,9.16,0.0,0.05
2015-04-18,0.003,9.18,9.18,0.0,0.02
2015-04-19,0.002,9.19,9.17,0.0,0.01
2015-04-20,0.002,9.18,9.15,0.0,0.0
2015-04-21,0.001,9.16,9.18,0.0,0.0
2015-04-22,0.001,9.21,9.2,0.0,0.0
2015-04-23,0.001,9.16,9.23,0.0,0.0
2015-04-24,0.001,9.3,9.22,0.0,0.0
2015-04-25,1.124,71.11,31.9,15.99,23.21
2015-04-26,0.061,26.11,14.52,0.0,11.6
2015-04-27,0.041,19.29,10.07,0.0,9.22
2015-04-28,0.031,15.92,9.19,0.0,6.74
2015-04-29,0.024,13.73,9.17,0.0,4.56
2015-04-30,0.019,12.1,9.18,0.0,2.92
2015-05-01,0.014,10.95,9.17,0.0,1.77
2015-05-02,0.011,10.19,9.18,0.0,1.02
2015-05-03,0.009,9.73,9.18,0.0,0.55
2015-05-04,0.007,9.45,9.17,0.0,0.28
2015-05-05,0.005,9.31,9.17,0.0,0.14
2015-05-06,0.004,9.23,9.17,0.0,0.06
2015-05-07,0.003,9.17,9.16,0.0,0.03
2015-05-08,0.002,9.18,9.16,0.0,0.01
2015-05-09,0.002,9.16,9.16,0.0,0.01
2015-05-10,0.001,9.17,9.16,0.0,0.0
2015-05-11,0.001,9.18,9.15,0.0,0.0
2015-05-12,0.001,9.13,9.16,0.0,0.0
2015-05-13,0.001,9.09,9.15,0.0,0.0
2015-05-14,0.001,9.22,9.21,0.0,0.0
2015-05-15,0.0,9.09,9.2,0.0,0.0
2015-05-16,0.0,9.12,9.1,0.0,0.0
2015-05-17,0.0,9.09,9.1,0.0,0.0
2015-05-18,0.0,9.0,9.15,0.0,0.0
2015-05-19,0.0,9.35,9.23,0.0,0.0
2015-05-20,0.0,8.9,8.97,0.0,0.0
2015-05-21,0.0,9.26,9.06,0.0,0.0
2015-05-22,0.0,9.16,9.17,0.0,0.0
2015-05-23,0.0,8.68,8.91,0.0,0.0
2015-05-24,0.0,9.06,9.03,0.0,0.0
2015-05-25,0.0,8.94,9.18,0.0,0.0
2015-05-26,0.0,8.94,8.92,0.0,0.0
2015-05-27,0.0,8.82,9.08,0.0,0.0
2015-05-28,0.0,9.26,9.26,0.0,0.0
2015-05-29,0.0,9.26,9.0,0.0,0.0
2015-05-30,0.0,9.14,9.2,0.0,0.0
2015-05-31,0.0,9.14,8.94,0.0,0.0
2015-06-01,0.0,9.0,9.17,0.0,0.0
2015-06-02,0.0,9.0,8.91,0.0,0.0
2015-06-03,0.0,8.85,9.17,0.0,0.0
2015-06-04,0.0,8.85,8.91,0.0,0.0
2015-06-05,0.0,9.4,9.2,0.0,0.0
2015-06-06,0.0,8.68,8.94,0.0,0.0
2015-06-07,0.0,9.26,9.26,0.0,0.0
2015-06-08,0.0,9.26,9.0,0.0,0.0
2015-06-09,0.0,9.09,9.37,0.0,0.0
2015-06-10,0.0,9.09,9.11,0.0,0.0
2015-06-11,0.0,9.09,8.85,0.0,0.0
2015-06-12,0.0,8.9,9.26,0.0,0.0
2015-06-13,0.0,8.9,9.0,0.0,0.0
2015-06-14,0.0,8.9,8.74,0.0,0.0
2015-06-15,0.0,9.65,9.2,0.0,0.0
2015-06-16,0.0,8.68,8.94,0.0,0.0
2015-06-17,0.0,9.47,9.48,0.0,0.0
2015-06-18,0.0,9.47,9.21,0.0,0.0
2015-06-19,0.0,9.47,8.95,0.0,0.0
2015-06-20,0.0,8.42,8.69,0.0,0.0
2015-06-21,0.0,9.26,9.29,0.0,0.0
2015-06-22,0.0,9.26,9.03,0.0,0.0
2015-06-23,0.0,9.26,8.77,0.0,0.0
2015-06-24,0.0,9.0,9.47,0.0,0.0
2015-06-25,0.0,9.0,9.2,0.0,0.0
2015-06-26,0.0,9.0,8.94,0.0,0.0
2015-06-27,0.0,9.0,8.69,0.0,0.0
2015-06-28,0.0,10.13,9.5,0.0,0.0
2015-06-29,0.0,8.68,9.23,0.0,0.0
2015-06-30,0.0,8.68,8.97,0.0,0.0
2015-07-01,0.0,8.68,8.71,0.0,0.0
2015-07-02,0.0,9.92,9.68,0.0,0.0
2015-07-03,0.0,9.92,9.4,0.0,0.0
2015-07-04,0.0,9.92,9.13,0.0,0.0
2015-07-05,0.0,8.27,8.88,0.0,0.0
2015-07-06,0.0,8.27,8.62,0.0,0.0
2015-07-07,0.0,9.65,9.78,0.0,0.0
2015-07-08,0.0,9.65,9.5,0.0,0.0
2015-07-09,0.0,9.65,9.23,0.0,0.0
2015-07-10,0.0,9.65,8.97,0.0,0.0
2015-07-11,0.0,9.65,8.71,0.0,0.0
2015-07-12,0.0,7.72,8.47,0.0,0.0
2015-07-13,0.0,9.26,9.87,0.0,0.0
2015-07-14,0.0,9.26,9.59,0.0,0.0
2015-07-15,0.0,9.26,9.32,0.0,0.0
2015-07-16,0.0,9.26,9.06,0.0,0.0
2015-07-17,0.0,9.26,8.8,0.0,0.0
2015-07-18,0.0,9.26,8.55,0.0,0.0
2015-07-19,0.0,9.26,8.31,0.0,0.0
2015-07-20,0.0,8.68,10.09,0.0,0.0
2015-07-21,0.0,8.68,9.81,0.0,0.0
2015-07-22,0.0,8.68,9.53,0.0,0.0
2015-07-23,0.0,8.68,9.26,0.0,0.0
2015-07-24,0.0,8.68,9.0,0.0,0.0
2015-07-25,0.0,8.68,8.74,0.0,0.0
2015-07-26,0.0,8.68,8.49,0.0,0.0
2015-07-27,0.0,8.68,8.25,0.0,0.0
2015-07-28,0.0,8.68,8.02,0.0,0.0
2015-07-29,0.0,11.57,10.39,0.0,0.0
2015-07-30,0.0,11.57,10.09,0.0,0.0
2015-07-31,0.0,11.57,9.81,0.0,0.0
2015-08-01,0.0,7.72,9.53,0.0,0.0
2015-08-02,0.0,7.72,9.26,0.0,0.0
2015-08-03,0.0,7.72,9.0,0.0,0.0
2015-08-04,0.0,7.72,8.74,0.0,0.0
2015-08-05,0.0,7.72,8.5,0.0,0.0
2015-08-06,0.0,7.72,8.25,0.0,0.0
2015-08-07,0.0,7.72,8.02,0.0,0.0
2015-08-08,0.0,7.72,7.79,0.0,0.0
2015-08-09,0.0,11.57,11.36,0.0,0.0
2015-08-10,0.0,11.57,11.04,0.0,0.0
2015-08-11,0.0,11.57,10.72,0.0,0.0
2015-08-12,0.0,11.57,10.42,0.0,0.0
2015-08-13,0.0,11.57,10.12,0.0,0.0
2015-08-14,0.0,11.57,9.84,0.0,0.0
2015-08-15,0.0,11.57,9.56,0.0,0.0
2015-08-16,0.0,11.57,9.29,0.0,0.0
2015-08-17,0.0,11.57,9.03,0.0,0.0
2015-08-18,0.0,11.57,8.77,0.0,0.0
2015-08-19,0.0,5.79,8.52,0.0,0.0
2015-08-20,0.0,5.79,8.28,0.0,0.0
2015-08-21,0.0,5.79,8.04,0.0,0.0
2015-08-22,0.0,5.79,7.82,0.0,0.0
2015-08-23,0.0,5.79,7.6,0.0,0.0
2015-08-24,0.0,5.79,7.38,0.0,0.0
2015-08-25,0.0,5.79,7.17,0.0,0.0
2015-08-26,0.0,5.79,6.97,0.0,0.0
2015-08-27,0.0,11.57,13.54,0.0,0.0
2015-08-28,0.0,11.57,13.16,0.0,0.0
2015-08-29,0.0,11.57,12.78,0.0,0.0
2015-08-30,0.0,11.57,12.42,0.0,0.0
2015-08-31,0.0,11.57,12.07,0.0,0.0
2015-09-01,0.0,11.57,11.73,0.0,0.0
2015-09-02,0.0,11.57,11.4,0.0,0.0
2015-09-03,0.0,11.57,11.07,0.0,0.0
2015-09-04,0.0,11.57,10.76,0.0,0.0
2015-09-05,0.0,11.57,10.45,0.0,0.0
2015-09-06,0.0,11.57,10.16,0.0,0.0
2015-09-07,0.0,11.57,9.87,0.0,0.0
2015-09-08,0.0,11.57,9.59,0.0,0.0
2015-09-09,0.0,11.57,9.32,0.0,0.0
2015-09-10,0.0,11.57,9.05,0.0,0.0
2015-09-11,0.0,11.57,8.8,0.0,0.0
2015-09-12,0.0,11.57,8.55,0.0,0.0
2015-09-13,0.0,11.57,8.31,0.0,0.0
2015-09-14,0.0,11.57,8.07,0.0,0.0
2015-09-15,0.0,11.57,7.84,0.0,0.0
2015-09-16,0.0,11.57,7.62,0.0,0.0
2015-09-17,0.0,11.57,7.4,0.0,0.0
2015-09-18,0.0,11.57,7.19,0.0,0.0
2015-09-19,0.0,11.57,6.99,0.0,0.0
2015-09-20,0.0,11.57,6.79,0.0,0.0
2015-09-21,0.0,11.57,6.6,0.0,0.0
2015-09-22,0.0,11.57,6.41,0.0,0.0
2015-09-23,0.0,11.57,6.23,0.0,0.0
2015-09-24,0.0,11.57,6.05,0.0,0.0
2015-09-25,0.0,11.57,5.88,0.0,0.0
2015-09-26,0.0,0.0,5.72,0.0,0.0
2015-09-27,0.0,0.0,5.55,0.0,0.0
2015-09-28,0.0,0.0,5.4,0.0,0.0
2015-09-29,0.0,0.0,5.24,0.0,0.0
2015-09-30,0.0,0.0,5.1,0.0,0.0
2015-10-01,0.0,0.0,4.95,0.0,0.0
2015-10-02,0.0,0.0,4.81,0.0,0.0
2015-10-03,0.0,0.0,4.67,0.0,0.0
2015-10-04,0.0,0.0,0.0,0.0,0.0
2015-10-05,0.0,0.0,0.0,0.0,0.0
2015-10-06,0.0,0.0,0.0,0.0,0.0
2015-10-07,0.0,0.0,0.0,0.0,0.0
2015-10-08,0.0,0.0,0.0,0.0,0.0
2015-10-09,0.0,0.0,0.0,0.0,0.0
2015-10-10,0.0,0.0,0.0,0.0,0.0
2015-10-11,0.0,0.0,0.0,0.0,0.0
2015-10-12,0.0,0.0,0.0,0.0,0.0
2015-10-13,0.0,0.0,0.0,0.0,0.0
2015-10-14,0.0,0.0,0.0,0.0,0.0
2015-10-15,0.0,0.0,0.0,0.0,0.0
2015-10-16,0.0,0.0,0.0,0.0,0.0
2015-10-17,0.0,0.0,0.0,0.0,0.0
2015-10-18,0.0,0.0,0.0,0.0,0.0
2015-10-19,0.0,0.0,0.0,0.0,0.0
2015-10-20,0.0,0.0,0.0,0.0,0.0
2015-10-21,0.0,0.0,0.0,0.0,0.0
2015-10-22,0.0,0.0,0.0,0.0,0.0
2015-10-23,0.0,0.0,0.0,0.0,0.0
2015-10-24,0.0,0.0,0.0,0.0,0.0
2015-10-25,0.0,0.0,0.0,0.0,0.0
2015-10-26,0.0,0.0,0.0,0.0,0.0
2015-10-27,0.0,0.0,0.0,0.0,0.0
2015-10-28,0.0,0.0,0.0,0.0,0.0
2015-10-29,0.0,0.0,0.0,0.0,0.0
2015-10-30,0.0,0.0,0.0,0.0,0.0
2015-10-31,0.0,0.0,0.0,0.0,0.0
2015-11-01,0.0,0.0,0.0,0.0,0.0
2015-11-02,4.722,115.01,32.43,32.36,50.22
2015-11-03,0.153,48.48,22.2,0.0,26.28
2015-11-04,0.061,32.42,9.43,0.0,22.99
2015-11-05,0.047,26.85,9.22,0.0,17.63
2015-11-06,0.036,22.09,9.17,0.0,12.92
2015-11-07,0.028,18.2,9.17,0.0,9.03
2015-11-08,0.022,15.17,9.17,0.0,5.99
2015-11-09,0.191,42.15,32.23,1.07,8.85
2015-11-10,0.029,27.8,24.52,0.0,3.27
2015-11-11,0.013,10.73,9.43,0.0,1.29
2015-11-12,0.01,9.95,9.23,0.0,0.72
2015-11-13,0.008,9.61,9.23,0.0,0.38
2015-11-14,0.006,9.37,9.18,0.0,0.19
2015-11-15,0.585,57.83,33.25,9.67,14.9
2015-11-16,0.043,25.96,19.66,0.0,6.3
2015-11-17,0.023,13.94,9.33,0.0,4.62
2015-11-18,0.018,12.23,9.29,0.0,2.94
2015-11-19,0.014,10.95,9.18,0.0,1.78
2015-11-20,0.011,10.18,9.17,0.0,1.01
2015-11-21,0.008,9.72,9.17,0.0,0.54
2015-11-22,0.007,9.45,9.18,0.0,0.28
2015-11-23,0.005,9.3,9.17,0.0,0.13
2015-11-24,0.004,9.22,9.17,0.0,0.06
2015-11-25,0.003,9.19,9.16,0.0,0.03
2015-11-26,0.002,9.18,9.16,0.0,0.01
2015-11-27,0.002,9.17,9.18,0.0,0.01
2015-11-28,0.001,9.13,9.15,0.0,0.0
2015-11-29,0.001,9.24,9.19,0.0,0.0
2015-11-30,0.001,9.23,9.17,0.0,0.0
2015-12-01,0.001,9.23,9.22,0.0,0.0
2015-12-02,0.001,9.22,9.19,0.0,0.0
2015-12-03,0.433,67.15,38.25,11.56,17.33
2015-12-04,0.072,38.52,30.87,0.0,7.65
2015-12-05,0.021,14.46,9.91,0.0,4.55
2015-12-06,0.016,12.06,9.19,0.0,2.87
2015-12-07,0.012,11.05,9.37,0.0,1.68
2015-12-08,0.01,10.34,9.42,0.0,0.93
2015-12-09,0.008,9.96,9.47,0.0,0.49
2015-12-10,0.047,6.23,5.35,0.01,0.87
2015-12-11,1.021,61.49,33.01,11.46,17.02
2015-12-12,0.069,22.95,14.0,0.0,8.95
2015-12-13,3.232,127.07,29.87,39.44,57.76
2015-12-14,0.22,55.25,25.51,0.66,29.08
2015-12-15,0.066,34.54,9.86,0.0,24.69
2015-12-16,0.051,28.62,9.63,0.0,19.0
2015-12-17,0.04,23.79,9.9,0.0,13.89
2015-12-18,0.031,19.77,9.94,0.0,9.83
2015-12-19,0.024,16.34,9.69,0.0,6.65
2015-12-20,0.46,49.5,22.0,11.78,15.72
2015-12-21,7.622,62.27,28.45,13.36,20.46
2015-12-22,6.75,80.95,36.59,17.04,27.33
2015-12-23,0.182,32.63,22.55,0.0,10.07
2015-12-24,0.883,37.62,24.65,4.69,8.28
2015-12-25,0.219,30.49,24.94,0.01,5.54
2015-12-26,0.081,19.37,14.36,0.0,5.01
2015-12-27,0.066,18.53,14.77,0.0,3.76
2015-12-28,0.056,18.41,15.69,0.0,2.72
2015-12-29,0.047,18.54,16.61,0.0,1.93
2015-12-30,0.041,18.97,17.6,0.0,1.37
2015-12-31,0.034,19.03,18.02,0.0,1.0
2016-01-01,0.029,19.66,18.89,0.0,0.77
2016-01-02,0.023,19.28,18.69,0.0,0.6
2016-01-03,0.016,15.87,15.46,0.0,0.41
2016-01-04,0.066,3.62,3.52,0.0,0.1
2016-01-05,6.275,88.45,33.64,21.38,33.44
2016-01-06,4.262,86.19,27.75,22.38,36.07
2016-01-07,0.675,39.7,27.89,2.7,9.1
2016-01-08,0.137,26.77,18.74,0.0,8.03
2016-01-09,0.103,25.04,19.4,0.0,5.64
2016-01-10,0.091,24.41,20.38,0.0,4.03
2016-01-11,0.079,23.76,20.85,0.0,2.91
2016-01-12,0.069,23.71,21.62,0.0,2.09
2016-01-13,0.28,38.4,31.39,0.96,6.05
2016-01-14,0.102,18.39,16.81,0.0,1.58
2016-01-15,0.297,34.63,27.74,0.73,6.15
2016-01-16,0.89,47.0,31.05,5.8,10.14
2016-01-17,2.597,39.33,18.37,8.41,12.55
2016-01-18,5.485,105.37,39.77,24.45,41.16
2016-01-19,4.572,74.98,28.22,17.51,29.24
2016-01-20,0.352,35.64,27.04,0.08,8.52
2016-01-21,0.213,29.75,24.7,0.0,5.05
2016-01-22,1.543,56.17,25.69,12.49,17.99
2016-01-23,2.525,52.9,28.59,9.22,15.09
2016-01-24,0.398,31.69,26.6,0.03,5.05
2016-01-25,0.267,28.55,25.31,0.0,3.24
2016-01-26,0.229,28.52,26.22,0.0,2.3
2016-01-27,0.202,28.08,26.26,0.0,1.82
2016-01-28,0.194,27.99,26.51,0.0,1.48
2016-01-29,0.186,27.95,26.68,0.0,1.27
2016-01-30,0.146,26.59,25.47,0.0,1.12
2016-01-31,0.128,26.06,25.06,0.0,1.0
2016-02-01,0.115,25.83,24.92,0.0,0.91
2016-02-02,0.116,26.64,25.76,0.0,0.87
2016-02-03,0.104,26.47,25.65,0.0,0.82
2016-02-04,0.094,26.26,25.47,0.0,0.79
2016-02-05,0.084,26.09,25.32,0.0,0.76
2016-02-06,0.072,25.68,24.95,0.0,0.73
2016-02-07,0.06,25.07,24.38,0.0,0.69
2016-02-08,0.05,24.71,24.05,0.0,0.65
2016-02-09,0.043,24.37,23.74,0.0,0.63
2016-02-10,0.038,24.45,23.83,0.0,0.62
2016-02-11,0.032,24.14,23.55,0.0,0.6
2016-02-12,0.026,23.64,23.08,0.0,0.56
2016-02-13,0.02,22.31,21.8,0.0,0.51
2016-02-14,0.015,21.38,20.92,0.0,0.46
2016-02-15,0.011,19.77,19.37,0.0,0.4
2016-02-16,0.009,20.3,19.9,0.0,0.39
2016-02-17,0.284,58.66,27.05,13.64,17.97
2016-02-18,0.576,58.32,36.99,8.35,12.98
2016-02-19,0.053,21.56,17.23,0.0,4.33
2016-02-20,0.039,18.13,14.95,0.0,3.18
2016-02-21,0.032,17.73,15.57,0.0,2.15
2016-02-22,0.026,17.53,16.08,0.0,1.45
2016-02-23,0.019,16.26,15.29,0.0,0.97
2016-02-24,0.015,15.36,14.72,0.0,0.64
2016-02-25,0.01,13.0,12.62,0.0,0.39
2016-02-26,0.007,9.44,9.28,0.0,0.16
2016-02-27,0.005,9.25,9.17,0.0,0.08
2016-02-28,0.004,9.2,9.17,0.0,0.04
2016-02-29,0.003,9.19,9.17,0.0,0.02
2016-03-01,0.003,9.18,9.19,0.0,0.01
2016-03-02,0.002,9.19,9.18,0.0,0.0
2016-03-03,0.002,9.18,9.16,0.0,0.0
2016-03-04,0.124,28.67,19.16,2.89,6.63
2016-03-05,10.819,113.83,37.37,26.71,49.75
2016-03-06,5.801,112.62,36.64,26.0,49.97
2016-03-07,4.748,86.82,37.14,18.77,30.92
2016-03-08,0.539,31.99,27.74,0.03,4.23
2016-03-09,0.457,30.11,27.16,0.01,2.93
2016-03-10,0.488,28.64,24.5,0.96,3.18
2016-03-11,4.304,52.11,25.1,10.73,16.28
2016-03-12,3.909,50.3,25.84,9.6,14.86
2016-03-13,8.166,56.63,29.53,10.59,16.5
2016-03-14,1.995,39.33,30.59,2.99,5.75
2016-03-15,1.156,30.15,27.81,0.57,1.76
2016-03-16,0.978,29.42,27.65,0.38,1.38
2016-03-17,0.832,28.93,27.59,0.11,1.23
2016-03-18,0.709,28.61,27.41,0.05,1.16
2016-03-19,0.605,28.26,27.12,0.03,1.11
2016-03-20,0.541,27.98,26.87,0.03,1.09
2016-03-21,0.456,27.4,26.32,0.02,1.06
2016-03-22,0.385,27.1,26.05,0.01,1.04
2016-03-23,0.32,26.82,25.8,0.01,1.01
2016-03-24,0.267,26.7,25.72,0.0,0.98
2016-03-25,0.219,26.5,25.54,0.0,0.95
2016-03-26,0.183,26.03,25.12,0.0,0.91
2016-03-27,0.158,25.46,24.6,0.0,0.86
2016-03-28,0.128,24.3,23.5,0.0,0.79
2016-03-29,0.11,23.82,23.06,0.0,0.75
2016-03-30,0.091,23.17,22.47,0.0,0.7
2016-03-31,0.075,22.49,21.83,0.0,0.66
2016-04-01,0.063,21.88,21.26,0.0,0.62
2016-04-02,0.052,21.28,20.71,0.0,0.57
2016-04-03,0.041,20.4,19.87,0.0,0.52
2016-04-04,0.032,19.16,18.7,0.0,0.46
2016-04-05,0.022,16.26,15.91,0.0,0.35
2016-04-06,0.015,11.53,11.36,0.0,0.17
2016-04-07,0.011,9.27,9.21,0.0,0.06
2016-04-08,0.008,9.21,9.17,0.0,0.03
2016-04-09,0.277,25.71,17.69,2.22,5.8
2016-04-10,1.008,38.42,26.81,4.43,7.18
2016-04-11,0.069,23.42,20.9,0.0,2.51
2016-04-12,0.049,19.9,18.05,0.0,1.85
2016-04-13,0.039,19.84,18.47,0.0,1.36
2016-04-14,0.024,14.89,13.89,0.0,1.0
2016-04-15,0.019,14.14,13.47,0.0,0.68
2016-04-16,0.014,13.47,13.02,0.0,0.45
2016-04-17,0.009,9.43,9.23,0.0,0.2
2016-04-18,0.007,9.28,9.17,0.0,0.11
2016-04-19,0.006,9.23,9.18,0.0,0.05
2016-04-20,0.004,9.19,9.18,0.0,0.02
2016-04-21,0.003,9.19,9.16,0.0,0.01
2016-04-22,0.29,48.23,35.44,3.43,9.35
2016-04-23,0.025,43.66,39.77,0.0,3.9
2016-04-24,0.003,20.97,20.6,0.0,0.34
2016-04-25,0.002,19.29,18.94,0.0,0.34
2016-04-26,0.001,9.45,9.45,0.0,0.0
2016-04-27,0.001,9.14,9.12,0.0,0.0
2016-04-28,0.001,9.22,9.12,0.0,0.0
2016-04-29,0.0,9.06,9.09,0.0,0.0
2016-04-30,0.0,9.26,9.28,0.0,0.0
2016-05-01,0.0,9.18,9.03,0.0,0.0
2016-05-02,0.0,9.43,9.23,0.0,0.0
2016-05-03,0.0,9.0,8.97,0.0,0.0
2016-05-04,0.0,8.9,9.05,0.0,0.0
2016-05-05,0.0,9.26,9.14,0.0,0.0
2016-05-06,0.0,9.16,9.25,0.0,0.0
2016-05-07,0.0,9.16,8.99,0.0,0.0
2016-05-08,0.0,9.06,9.12,0.0,0.0
2016-05-09,0.0,9.47,9.26,0.0,0.0
2016-05-10,0.0,8.94,9.0,0.0,0.0
2016-05-11,0.0,9.37,9.16,0.0,0.0
2016-05-12,0.0,8.82,8.9,0.0,0.0
2016-05-13,0.0,9.26,9.08,0.0,0.0
2016-05-14,0.0,9.14,9.29,0.0,0.0
2016-05-15,0.0,9.14,9.02,0.0,0.0
2016-05-16,0.0,9.0,9.26,0.0,0.0
2016-05-17,0.0,9.0,8.99,0.0,0.0
2016-05-18,0.0,9.53,9.25,0.0,0.0
2016-05-19,0.0,8.85,8.99,0.0,0.0
2016-05-20,0.0,9.4,9.28,0.0,0.0
2016-05-21,0.0,8.68,9.02,0.0,0.0
2016-05-22,0.0,9.26,9.35,0.0,0.0
2016-05-23,0.0,9.26,9.08,0.0,0.0
2016-05-24,0.0,8.49,8.82,0.0,0.0
2016-05-25,0.0,9.09,9.19,0.0,0.0
2016-05-26,0.0,9.09,8.93,0.0,0.0
2016-05-27,0.0,8.9,9.34,0.0,0.0
2016-05-28,0.0,8.9,9.08,0.0,0.0
2016-05-29,0.0,8.9,8.82,0.0,0.0
2016-05-30,0.0,9.65,9.28,0.0,0.0
2016-05-31,0.0,8.68,9.02,0.0,0.0
2016-06-01,0.0,8.68,8.76,0.0,0.0
2016-06-02,0.0,9.47,9.29,0.0,0.0
2016-06-03,0.0,9.47,9.03,0.0,0.0
2016-06-04,0.0,8.42,8.77,0.0,0.0
2016-06-05,0.0,9.26,9.38,0.0,0.0
2016-06-06,0.0,9.26,9.11,0.0,0.0
2016-06-07,0.0,9.26,8.85,0.0,0.0
2016-06-08,0.0,9.0,9.56,0.0,0.0
2016-06-09,0.0,9.0,9.29,0.0,0.0
2016-06-10,0.0,9.0,9.02,0.0,0.0
2016-06-11,0.0,9.0,8.77,0.0,0.0
2016-06-12,0.0,10.13,9.58,0.0,0.0
2016-06-13,0.0,8.68,9.31,0.0,0.0
2016-06-14,0.0,8.68,9.05,0.0,0.0
2016-06-15,0.0,8.68,8.79,0.0,0.0
2016-06-16,0.0,8.68,8.54,0.0,0.0
2016-06-17,0.0,9.92,9.49,0.0,0.0
2016-06-18,0.0,9.92,9.22,0.0,0.0
2016-06-19,0.0,8.27,8.96,0.0,0.0
2016-06-20,0.0,8.27,8.7,0.0,0.0
2016-06-21,0.0,8.27,8.46,0.0,0.0
2016-06-22,0.0,9.65,9.59,0.0,0.0
2016-06-23,0.0,9.65,9.31,0.0,0.0
2016-06-24,0.0,9.65,9.05,0.0,0.0
2016-06-25,0.0,9.65,8.79,0.0,0.0
2016-06-26,0.0,7.72,8.54,0.0,0.0
2016-06-27,0.0,9.26,9.96,0.0,0.0
2016-06-28,0.0,9.26,9.68,0.0,0.0
2016-06-29,0.0,9.26,9.41,0.0,0.0
2016-06-30,0.0,9.26,9.14,0.0,0.0
2016-07-01,0.0,9.26,8.88,0.0,0.0
2016-07-02,0.0,9.26,8.63,0.0,0.0
2016-07-03,0.0,9.26,8.38,0.0,0.0
2016-07-04,0.0,11.57,10.18,0.0,0.0
2016-07-05,0.0,8.68,9.89,0.0,0.0
2016-07-06,0.0,8.68,9.61,0.0,0.0
2016-07-07,0.0,8.68,9.34,0.0,0.0
2016-07-08,0.0,8.68,9.08,0.0,0.0
2016-07-09,0.0,8.68,8.82,0.0,0.0
2016-07-10,0.0,8.68,8.57,0.0,0.0
2016-07-11,0.0,8.68,8.33,0.0,0.0
2016-07-12,0.0,8.68,8.09,0.0,0.0
2016-07-13,0.0,11.57,10.48,0.0,0.0
2016-07-14,0.0,11.57,10.19,0.0,0.0
2016-07-15,0.0,11.57,9.9,0.0,0.0
2016-07-16,0.0,7.72,9.62,0.0,0.0
2016-07-17,0.0,7.72,9.34,0.0,0.0
2016-07-18,0.0,7.72,9.08,0.0,0.0
2016-07-19,0.0,7.72,8.82,0.0,0.0
2016-07-20,0.0,7.72,8.57,0.0,0.0
2016-07-21,0.0,7.72,8.33,0.0,0.0
2016-07-22,0.0,7.72,8.09,0.0,0.0
2016-07-23,0.0,7.72,7.86,0.0,0.0
2016-07-24,0.0,7.72,7.64,0.0,0.0
2016-07-25,0.0,11.57,11.14,0.0,0.0
2016-07-26,0.0,11.57,10.82,0.0,0.0
2016-07-27,0.0,11.57,10.51,0.0,0.0
2016-07-28,0.0,11.57,10.22,0.0,0.0
2016-07-29,0.0,11.57,9.93,0.0,0.0
2016-07-30,0.0,11.57,9.65,0.0,0.0
2016-07-31,0.0,11.57,9.37,0.0,0.0
2016-08-01,0.0,11.57,9.11,0.0,0.0
2016-08-02,0.0,11.57,8.85,0.0,0.0
2016-08-03,0.0,5.79,8.6,0.0,0.0
2016-08-04,0.0,5.79,8.35,0.0,0.0
2016-08-05,0.0,5.79,8.12,0.0,0.0
2016-08-06,0.0,5.79,7.89,0.0,0.0
2016-08-07,0.0,5.79,7.66,0.0,0.0
2016-08-08,0.0,5.79,7.45,0.0,0.0
2016-08-09,0.0,5.79,7.24,0.0,0.0
2016-08-10,0.0,5.79,7.03,0.0,0.0
2016-08-11,0.0,5.79,6.83,0.0,0.0
2016-08-12,0.0,11.57,13.28,0.0,0.0
2016-08-13,0.0,11.57,12.9,0.0,0.0
2016-08-14,0.0,11.57,12.53,0.0,0.0
2016-08-15,0.0,11.57,12.18,0.0,0.0
2016-08-16,0.0,11.57,11.83,0.0,0.0
2016-08-17,0.0,11.57,11.5,0.0,0.0
2016-08-18,0.0,11.57,11.17,0.0,0.0
2016-08-19,0.0,11.57,10.86,0.0,0.0
2016-08-20,0.0,11.57,10.55,0.0,0.0
2016-08-21,0.0,11.57,10.25,0.0,0.0
2016-08-22,0.0,11.57,9.96,0.0,0.0
2016-08-23,0.0,11.57,9.68,0.0,0.0
2016-08-24,0.0,11.57,9.4,0.0,0.0
2016-08-25,0.0,11.57,9.14,0.0,0.0
2016-08-26,0.0,11.57,8.88,0.0,0.0
2016-08-27,0.0,11.57,8.63,0.0,0.0
2016-08-28,0.0,11.57,8.38,0.0,0.0
2016-08-29,0.0,11.57,8.14,0.0,0.0
2016-08-30,0.0,11.57,7.91,0.0,0.0
2016-08-31,0.0,11.57,7.69,0.0,0.0
2016-09-01,0.0,11.57,7.47,0.0,0.0
2016-09-02,0.0,11.57,7.26,0.0,0.0
2016-09-03,0.0,11.57,7.05,0.0,0.0
2016-09-04,0.0,11.57,6.85,0.0,0.0
2016-09-05,0.0,11.57,6.66,0.0,0.0
2016-09-06,0.0,11.57,6.47,0.0,0.0
2016-09-07,0.0,11.57,6.29,0.0,0.0
2016-09-08,0.0,11.57,6.11,0.0,0.0
2016-09-09,0.0,11.57,5.94,0.0,0.0
2016-09-10,0.0,0.0,5.77,0.0,0.0
2016-09-11,0.0,0.0,5.6,0.0,0.0
2016-09-12,0.0,0.0,5.45,0.0,0.0
2016-09-13,0.0,0.0,5.29,0.0,0.0
2016-09-14,0.0,0.0,5.14,0.0,0.0
2016-09-15,0.0,0.0,5.0,0.0,0.0
2016-09-16,0.0,0.0,4.85,0.0,0.0
2016-09-17,0.0,0.0,4.72,0.0,0.0
2016-09-18,0.0,0.0,4.58,0.0,0.0
2016-09-19,0.0,0.0,0.0,0.0,0.0
2016-09-20,0.0,0.0,0.0,0.0,0.0
2016-09-21,0.0,0.0,0.0,0.0,0.0
2016-09-22,0.0,0.0,0.0,0.0,0.0
2016-09-23,0.0,0.0,0.0,0.0,0.0
2016-09-24,0.0,0.0,0.0,0.0,0.0
2016-09-25,0.0,0.0,0.0,0.0,0.0
2016-09-26,0.0,0.0,0.0,0.0,0.0
2016-09-27,0.0,0.0,0.0,0.0,0.0
2016-09-28,0.0,0.0,0.0,0.0,0.0
2016-09-29,0.0,0.0,0.0,0.0,0.0
2016-09-30,0.0,0.0,0.0,0.0,0.0
2016-10-01,0.0,0.0,0.0,0.0,0.0
2016-10-02,0.0,0.0,0.0,0.0,0.0
2016-10-03,0.0,0.0,0.0,0.0,0.0
2016-10-04,0.0,0.0,0.0,0.0,0.0
2016-10-05,0.0,0.0,0.0,0.0,0.0
2016-10-06,0.0,0.0,0.0,0.0,0.0
2016-10-07,0.0,0.0,0.0,0.0,0.0
2016-10-08,0.0,0.0,0.0,0.0,0.0
2016-10-09,0.0,0.0,0.0,0.0,0.0
2016-10-10,0.0,0.0,0.0,0.0,0.0
2016-10-11,0.0,0.0,0.0,0.0,0.0
2016-10-12,0.0,0.0,0.0,0.0,0.0
2016-10-13,0.0,0.0,0.0,0.0,0.0
2016-10-14,0.946,71.19,33.4,16.08,21.72
2016-10-15,2.547,59.61,24.32,13.69,21.6
2016-10-16,7.933,77.23,32.49,17.05,27.68
2016-10-17,0.428,50.84,30.79,4.82,15.23
2016-10-18,0.074,24.31,10.71,0.0,13.6
2016-10-19,0.053,20.07,9.19,0.0,10.87
2016-10-20,0.042,17.29,9.17,0.0,8.12
2016-10-21,0.032,14.97,9.17,0.0,5.8
2016-10-22,0.025,13.13,9.17,0.0,3.96
2016-10-23,0.02,11.73,9.17,0.0,2.56
2016-10-24,0.015,10.75,9.17,0.0,1.57
2016-10-25,0.012,10.09,9.17,0.0,0.92
2016-10-26,0.009,9.67,9.17,0.0,0.5
2016-10-27,0.048,31.89,19.92,5.15,6.82
2016-10-28,2.418,54.87,26.35,11.59,16.94
2016-10-29,0.382,34.15,27.72,0.08,6.35
2016-10-30,1.341,72.98,25.58,18.88,28.51
2016-10-31,0.213,36.35,22.46,0.02,13.86
2016-11-01,0.198,36.65,26.25,0.33,10.08
2016-11-02,0.057,20.24,10.95,0.0,9.29
2016-11-03,0.044,17.28,10.21,0.0,7.07
2016-11-04,0.035,15.38,10.32,0.0,5.06
2016-11-05,0.027,13.52,10.02,0.0,3.51
2016-11-06,0.02,11.53,9.19,0.0,2.34
2016-11-07,0.016,10.61,9.17,0.0,1.44
2016-11-08,0.012,10.01,9.17,0.0,0.84
2016-11-09,0.009,9.64,9.17,0.0,0.46
2016-11-10,0.007,9.42,9.17,0.0,0.24
2016-11-11,0.006,9.31,9.18,0.0,0.12
2016-11-12,0.004,9.23,9.18,0.0,0.06
2016-11-13,0.003,9.2,9.18,0.0,0.03
2016-11-14,0.003,9.21,9.18,0.0,0.01
2016-11-15,0.002,9.19,9.19,0.0,0.01
2016-11-16,0.002,9.16,9.16,0.0,0.0
2016-11-17,0.001,9.11,9.14,0.0,0.0
2016-11-18,0.001,9.21,9.2,0.0,0.0
2016-11-19,0.001,9.29,9.22,0.0,0.0
2016-11-20,0.469,66.16,34.15,13.16,18.86
2016-11-21,0.074,48.81,38.86,0.0,9.94
2016-11-22,0.008,13.34,12.26,0.0,1.08
2016-11-23,0.006,10.71,10.15,0.0,0.56
2016-11-24,0.005,11.41,11.1,0.0,0.31
2016-11-25,0.004,11.37,11.18,0.0,0.18
2016-11-26,1.016,57.87,27.72,12.62,17.53
2016-11-27,1.968,55.61,28.19,10.82,16.6
2016-11-28,0.099,23.08,13.52,0.0,9.56
2016-11-29,0.06,17.74,10.03,0.0,7.71
2016-11-30,0.048,16.21,10.44,0.0,5.76
2016-12-01,0.037,14.8,10.61,0.0,4.18
2016-12-02,0.028,12.59,9.59,0.0,3.0
2016-12-03,0.022,11.89,9.92,0.0,1.98
2016-12-04,0.017,10.44,9.19,0.0,1.26
2016-12-05,0.013,9.92,9.17,0.0,0.74
2016-12-06,0.01,9.58,9.17,0.0,0.42
2016-12-07,0.008,9.39,9.17,0.0,0.22
2016-12-08,1.446,48.09,30.17,7.41,10.5
2016-12-09,0.532,31.56,25.07,0.91,5.59
2016-12-10,5.723,67.73,28.6,15.17,23.95
2016-12-11,0.33,49.0,29.98,4.05,14.97
2016-12-12,0.075,23.3,12.23,0.0,11.06
2016-12-13,0.056,19.99,11.24,0.0,8.75
2016-12-14,0.046,18.26,12.08,0.0,6.18
2016-12-15,8.751,98.09,37.33,23.12,37.64
2016-12-16,1.263,72.66,37.66,12.95,22.04
2016-12-17,0.122,29.31,18.68,0.0,10.63
2016-12-18,0.096,26.42,18.91,0.0,7.51
2016-12-19,0.081,24.87,19.44,0.0,5.43
2016-12-20,0.068,23.66,19.73,0.0,3.93
2016-12-21,0.053,21.69,18.78,0.0,2.91
2016-12-22,0.053,23.44,21.57,0.0,1.87
2016-12-23,1.005,66.37,26.57,16.73,23.08
2016-12-24,0.202,36.16,26.73,0.09,9.34
2016-12-25,0.082,25.2,18.05,0.0,7.15
2016-12-26,0.065,23.14,17.78,0.0,5.36
2016-12-27,0.055,22.15,18.4,0.0,3.75
2016-12-28,0.044,21.02,18.37,0.0,2.65
2016-12-29,0.039,21.21,19.43,0.0,1.77
2016-12-30,0.036,22.34,21.12,0.0,1.22
2016-12-31,0.033,23.24,22.32,0.0,0.92
2017-01-01,0.029,23.47,22.72,0.0,0.75
2017-01-02,0.024,22.93,22.3,0.0,0.64
2017-01-03,5.067,75.51,30.36,18.01,27.13
2017-01-04,6.248,77.78,35.91,16.13,25.74
2017-01-05,0.813,50.81,31.64,6.27,12.9
2017-01-06,0.184,27.7,22.57,0.0,5.13
2017-01-07,2.518,44.96,21.33,9.57,14.06
2017-01-08,12.737,84.06,35.98,18.58,29.5
2017-01-09,2.74,56.51,29.3,10.45,16.76
2017-01-10,12.146,93.74,35.36,21.33,37.06
2017-01-11,2.862,54.1,30.71,7.82,15.57
2017-01-12,2.112,36.63,27.32,3.32,5.99
2017-01-13,1.251,30.33,27.9,0.65,1.78
2017-01-14,1.075,29.61,27.71,0.53,1.37
2017-01-15,0.927,29.04,27.63,0.19,1.22
2017-01-16,0.797,28.77,27.55,0.07,1.15
2017-01-17,0.691,28.58,27.42,0.04,1.11
2017-01-18,4.035,99.01,29.61,27.36,42.04
2017-01-19,2.438,58.32,28.61,11.24,18.47
2017-01-20,10.06,77.34,31.68,16.88,28.78
2017-01-21,3.237,35.29,26.95,2.95,5.39
2017-01-22,8.61,64.48,31.02,12.94,20.52
2017-01-23,4.381,34.44,26.92,2.69,4.82
2017-01-24,2.54,29.85,27.55,0.77,1.54
2017-01-25,1.966,28.81,27.03,0.62,1.16
2017-01-26,1.576,28.66,26.92,0.61,1.12
2017-01-27,1.277,28.47,26.75,0.61,1.11
2017-01-28,1.036,28.08,26.6,0.38,1.1
2017-01-29,0.84,27.65,26.47,0.09,1.09
2017-01-30,0.681,27.42,26.29,0.05,1.08
2017-01-31,0.569,26.89,25.77,0.05,1.07
2017-02-01,0.473,26.26,25.16,0.04,1.05
2017-02-02,0.398,25.69,24.61,0.04,1.03
2017-02-03,3.077,71.09,29.6,16.88,24.62
2017-02-04,1.642,36.38,28.44,2.42,5.53
2017-02-05,1.875,32.17,19.35,5.08,7.74
2017-02-06,5.272,53.65,27.41,10.32,15.92
2017-02-07,12.095,93.95,38.98,19.65,35.32
2017-02-08,5.602,35.41,27.18,2.98,5.25
2017-02-09,10.471,70.75,35.9,12.97,21.88
2017-02-10,5.489,33.03,28.09,1.74,3.2
2017-02-11,3.486,28.85,27.05,0.63,1.17
2017-02-12,2.577,28.51,26.77,0.62,1.12
2017-02-13,1.949,28.19,26.47,0.61,1.11
2017-02-14,1.453,27.96,26.25,0.6,1.11
2017-02-15,1.148,27.39,25.84,0.45,1.1
2017-02-16,1.34,33.34,26.99,2.44,3.91
2017-02-17,5.387,47.12,25.56,8.73,12.83
2017-02-18,3.724,37.62,27.39,3.79,6.44
2017-02-19,1.898,27.43,25.41,0.61,1.41
2017-02-20,19.054,107.58,41.18,21.79,44.6
2017-02-21,7.952,39.38,29.87,3.12,6.4
2017-02-22,4.547,29.16,27.12,0.72,1.32
2017-02-23,3.16,27.92,26.16,0.63,1.13
2017-02-24,2.249,27.48,25.75,0.62,1.12
2017-02-25,1.654,26.97,25.24,0.61,1.11
2017-02-26,1.147,26.46,24.95,0.41,1.1
2017-02-27,0.816,25.65,24.42,0.14,1.09
2017-02-28,0.589,24.59,23.38,0.13,1.08
2017-03-01,0.43,23.09,21.9,0.14,1.05
2017-03-02,0.307,21.63,20.48,0.15,1.01
2017-03-03,0.225,20.62,19.54,0.12,0.95
2017-03-04,0.16,19.22,18.31,0.03,0.88
2017-03-05,0.964,37.87,28.33,3.45,6.08
2017-03-06,0.86,30.33,24.33,1.91,4.08
2017-03-07,0.411,25.7,23.91,0.07,1.72
2017-03-08,0.29,24.0,22.45,0.06,1.48
2017-03-09,0.216,23.31,22.02,0.02,1.28
2017-03-10,0.162,22.4,21.28,0.01,1.11
2017-03-11,0.121,20.45,19.47,0.0,0.98
2017-03-12,0.092,18.58,17.72,0.0,0.85
2017-03-13,0.07,16.75,16.01,0.0,0.74
2017-03-14,0.051,14.71,14.1,0.0,0.61
2017-03-15,0.037,12.33,11.85,0.0,0.48
2017-03-16,0.028,11.34,10.96,0.0,0.39
2017-03-17,0.021,10.26,9.96,0.0,0.29
2017-03-18,0.015,9.43,9.24,0.0,0.18
2017-03-19,0.012,9.35,9.22,0.0,0.13
2017-03-20,0.165,87.42,34.94,22.66,29.82
2017-03-21,2.744,61.55,30.04,12.77,18.74
2017-03-22,4.122,54.95,26.02,11.06,17.87
2017-03-23,1.039,30.59,27.51,0.49,2.59
2017-03-24,3.506,53.88,26.0,11.08,16.8
2017-03-25,1.415,33.93,28.33,1.62,3.99
2017-03-26,1.042,28.82,26.66,0.38,1.77
2017-03-27,0.75,28.3,26.83,0.07,1.4
2017-03-28,0.569,27.28,25.99,0.04,1.26
2017-03-29,0.441,26.53,25.32,0.04,1.17
2017-03-30,0.324,25.46,24.34,0.03,1.1
2017-03-31,0.226,24.43,23.41,0.01,1.02
2017-04-01,0.172,24.08,23.14,0.0,0.94
2017-04-02,0.133,23.02,22.17,0.0,0.85
2017-04-03,0.1,21.12,20.37,0.0,0.75
2017-04-04,0.079,19.93,19.25,0.0,0.67
2017-04-05,0.058,18.34,17.76,0.0,0.57
2017-04-06,1.284,60.63,13.42,20.11,27.1
2017-04-07,4.104,96.67,34.32,24.03,38.32
2017-04-08,2.614,56.55,28.29,10.53,17.73
2017-04-09,0.847,31.02,27.54,0.37,3.1
2017-04-10,0.663,28.9,26.72,0.05,2.13
2017-04-11,0.555,28.16,26.46,0.04,1.66
2017-04-12,0.455,27.14,25.66,0.03,1.45
2017-04-13,0.803,38.79,29.33,3.32,6.14
2017-04-14,0.373,26.81,25.43,0.03,1.35
2017-04-15,0.279,26.33,25.12,0.01,1.2
2017-04-16,0.24,26.99,25.89,0.0,1.1
2017-04-17,0.22,27.17,26.14,0.0,1.03
2017-04-18,0.162,25.2,24.27,0.0,0.93
2017-04-19,0.129,23.51,22.67,0.0,0.85
2017-04-20,0.105,22.87,22.09,0.0,0.78
2017-04-21,0.084,21.87,21.16,0.0,0.71
2017-04-22,0.066,20.91,20.28,0.0,0.63
2017-04-23,0.05,19.68,19.13,0.0,0.55
2017-04-24,0.036,17.66,17.21,0.0,0.45
2017-04-25,0.027,16.62,16.25,0.0,0.37
2017-04-26,0.019,14.01,13.75,0.0,0.26
2017-04-27,0.015,12.86,12.68,0.0,0.19
2017-04-28,0.01,10.07,10.0,0.0,0.07
2017-04-29,0.008,9.21,9.19,0.0,0.03
2017-04-30,0.006,9.19,9.18,0.0,0.01
2017-05-01,0.005,9.17,9.18,0.0,0.01
2017-05-02,0.004,9.18,9.17,0.0,0.0
2017-05-03,0.003,9.15,9.17,0.0,0.0
2017-05-04,0.002,9.2,9.17,0.0,0.0
2017-05-05,0.002,9.19,9.18,0.0,0.0
2017-05-06,0.001,9.21,9.19,0.0,0.0
2017-05-07,0.001,9.1,9.14,0.0,0.0
2017-05-08,0.001,9.11,9.15,0.0,0.0
2017-05-09,0.001,9.15,9.17,0.0,0.0
2017-05-10,0.0,9.16,9.2,0.0,0.0
2017-05-11,0.0,9.38,9.27,0.0,0.0
2017-05-12,0.0,8.87,9.02,0.0,0.0
2017-05-13,0.0,9.09,8.95,0.0,0.0
2017-05-14,0.0,9.0,9.02,0.0,0.0
2017-05-15,0.0,8.9,9.1,0.0,0.0
2017-05-16,0.0,9.26,9.2,0.0,0.0
2017-05-17,0.0,8.8,8.94,0.0,0.0
2017-05-18,0.0,9.16,9.05,0.0,0.0
2017-05-19,0.0,9.06,9.17,0.0,0.0
2017-05-20,0.0,9.06,8.91,0.0,0.0
2017-05-21,0.0,8.94,9.05,0.0,0.0
2017-05-22,0.0,9.37,9.22,0.0,0.0
2017-05-23,0.0,8.82,8.96,0.0,0.0
2017-05-24,0.0,9.26,9.14,0.0,0.0
2017-05-25,0.0,8.68,8.88,0.0,0.0
2017-05-26,0.0,9.14,9.08,0.0,0.0
2017-05-27,0.0,9.0,9.31,0.0,0.0
2017-05-28,0.0,9.0,9.05,0.0,0.0
2017-05-29,0.0,9.53,9.31,0.0,0.0
2017-05-30,0.0,8.85,9.05,0.0,0.0
2017-05-31,0.0,9.4,9.34,0.0,0.0
2017-06-01,0.0,9.4,9.07,0.0,0.0
2017-06-02,0.0,8.68,8.82,0.0,0.0
2017-06-03,0.0,9.26,9.14,0.0,0.0
2017-06-04,0.0,9.26,8.88,0.0,0.0
2017-06-05,0.0,9.09,9.24,0.0,0.0
2017-06-06,0.0,9.09,8.98,0.0,0.0
2017-06-07,0.0,9.79,9.4,0.0,0.0
2017-06-08,0.0,8.9,9.13,0.0,0.0
2017-06-09,0.0,8.9,8.87,0.0,0.0
2017-06-10,0.0,9.65,9.34,0.0,0.0
2017-06-11,0.0,8.68,9.08,0.0,0.0
2017-06-12,0.0,8.68,8.82,0.0,0.0
2017-06-13,0.0,9.47,9.35,0.0,0.0
2017-06-14,0.0,9.47,9.08,0.0,0.0
2017-06-15,0.0,8.42,8.83,0.0,0.0
2017-06-16,0.0,9.26,9.43,0.0,0.0
2017-06-17,0.0,9.26,9.17,0.0,0.0
2017-06-18,0.0,9.26,8.91,0.0,0.0
2017-06-19,0.0,8.1,8.65,0.0,0.0
2017-06-20,0.0,9.0,9.34,0.0,0.0
2017-06-21,0.0,9.0,9.08,0.0,0.0
2017-06-22,0.0,9.0,8.82,0.0,0.0
2017-06-23,0.0,10.13,9.64,0.0,0.0
2017-06-24,0.0,8.68,9.37,0.0,0.0
2017-06-25,0.0,8.68,9.1,0.0,0.0
2017-06-26,0.0,8.68,8.85,0.0,0.0
2017-06-27,0.0,8.68,8.6,0.0,0.0
2017-06-28,0.0,9.92,9.55,0.0,0.0
2017-06-29,0.0,9.92,9.27,0.0,0.0
2017-06-30,0.0,8.27,9.01,0.0,0.0
2017-07-01,0.0,8.27,8.76,0.0,0.0
2017-07-02,0.0,8.27,8.51,0.0,0.0
2017-07-03,0.0,9.65,9.65,0.0,0.0
2017-07-04,0.0,9.65,9.37,0.0,0.0
2017-07-05,0.0,9.65,9.11,0.0,0.0
2017-07-06,0.0,9.65,8.85,0.0,0.0
2017-07-07,0.0,7.72,8.6,0.0,0.0
2017-07-08,0.0,7.72,8.35,0.0,0.0
2017-07-09,0.0,9.26,9.74,0.0,0.0
2017-07-10,0.0,9.26,9.46,0.0,0.0
2017-07-11,0.0,9.26,9.2,0.0,0.0
2017-07-12,0.0,9.26,8.94,0.0,0.0
2017-07-13,0.0,9.26,8.68,0.0,0.0
2017-07-14,0.0,9.26,8.44,0.0,0.0
2017-07-15,0.0,9.26,8.2,0.0,0.0
2017-07-16,0.0,8.68,9.96,0.0,0.0
2017-07-17,0.0,8.68,9.67,0.0,0.0
2017-07-18,0.0,8.68,9.4,0.0,0.0
2017-07-19,0.0,8.68,9.13,0.0,0.0
2017-07-20,0.0,8.68,8.87,0.0,0.0
2017-07-21,0.0,8.68,8.62,0.0,0.0
2017-07-22,0.0,8.68,8.38,0.0,0.0
2017-07-23,0.0,8.68,8.14,0.0,0.0
2017-07-24,0.0,11.57,10.55,0.0,0.0
2017-07-25,0.0,11.57,10.25,0.0,0.0
2017-07-26,0.0,11.57,9.96,0.0,0.0
2017-07-27,0.0,11.57,9.68,0.0,0.0
2017-07-28,0.0,7.72,9.4,0.0,0.0
2017-07-29,0.0,7.72,9.14,0.0,0.0
2017-07-30,0.0,7.72,8.88,0.0,0.0
2017-07-31,0.0,7.72,8.63,0.0,0.0
2017-08-01,0.0,7.72,8.38,0.0,0.0
2017-08-02,0.0,7.72,8.14,0.0,0.0
2017-08-03,0.0,7.72,7.91,0.0,0.0
2017-08-04,0.0,7.72,7.69,0.0,0.0
2017-08-05,0.0,11.57,11.21,0.0,0.0
2017-08-06,0.0,11.57,10.89,0.0,0.0
2017-08-07,0.0,11.57,10.58,0.0,0.0
2017-08-08,0.0,11.57,10.28,0.0,0.0
2017-08-09,0.0,11.57,9.99,0.0,0.0
2017-08-10,0.0,11.57,9.71,0.0,0.0
2017-08-11,0.0,11.57,9.43,0.0,0.0
2017-08-12,0.0,11.57,9.16,0.0,0.0
2017-08-13,0.0,11.57,8.9,0.0,0.0
2017-08-14,0.0,5.79,8.65,0.0,0.0
2017-08-15,0.0,5.79,8.41,0.0,0.0
2017-08-16,0.0,5.79,8.17,0.0,0.0
2017-08-17,0.0,5.79,7.94,0.0,0.0
2017-08-18,0.0,5.79,7.71,0.0,0.0
2017-08-19,0.0,5.79,7.49,0.0,0.0
2017-08-20,0.0,5.79,7.28,0.0,0.0
2017-08-21,0.0,5.79,7.07,0.0,0.0
2017-08-22,0.0,5.79,6.87,0.0,0.0
2017-08-23,0.0,11.57,13.36,0.0,0.0
2017-08-24,0.0,11.57,12.98,0.0,0.0
2017-08-25,0.0,11.57,12.61,0.0,0.0
2017-08-26,0.0,11.57,12.25,0.0,0.0
2017-08-27,0.0,11.57,11.91,0.0,0.0
2017-08-28,0.0,11.57,11.57,0.0,0.0
2017-08-29,0.0,11.57,11.24,0.0,0.0
2017-08-30,0.0,11.57,10.92,0.0,0.0
2017-08-31,0.0,11.57,10.61,0.0,0.0
2017-09-01,0.0,11.57,10.31,0.0,0.0
2017-09-02,0.0,11.57,10.02,0.0,0.0
2017-09-03,0.0,11.57,9.74,0.0,0.0
2017-09-04,0.0,11.57,9.46,0.0,0.0
2017-09-05,0.0,11.57,9.19,0.0,0.0
2017-09-06,0.0,11.57,8.93,0.0,0.0
2017-09-07,0.0,11.57,8.68,0.0,0.0
2017-09-08,0.0,11.57,8.43,0.0,0.0
2017-09-09,0.0,11.57,8.19,0.0,0.0
2017-09-10,0.0,11.57,7.96,0.0,0.0
2017-09-11,0.0,11.57,7.74,0.0,0.0
2017-09-12,0.0,11.57,7.52,0.0,0.0
2017-09-13,0.0,11.57,7.3,0.0,0.0
2017-09-14,0.0,11.57,7.1,0.0,0.0
2017-09-15,0.0,11.57,6.9,0.0,0.0
2017-09-16,0.0,11.57,6.7,0.0,0.0
2017-09-17,0.0,11.57,6.51,0.0,0.0
2017-09-18,0.0,11.57,6.33,0.0,0.0
2017-09-19,0.0,11.57,6.15,0.0,0.0
2017-09-20,0.0,11.57,5.97,0.0,0.0
2017-09-21,0.0,11.57,5.8,0.0,0.0
2017-09-22,0.0,0.0,5.64,0.0,0.0
2017-09-23,0.0,0.0,5.48,0.0,0.0
2017-09-24,0.0,0.0,5.32,0.0,0.0
2017-09-25,0.0,0.0,5.17,0.0,0.0
2017-09-26,0.0,0.0,5.03,0.0,0.0
2017-09-27,0.0,0.0,4.88,0.0,0.0
2017-09-28,0.0,0.0,4.75,0.0,0.0
2017-09-29,0.0,0.0,4.61,0.0,0.0
2017-09-30,0.0,0.0,0.0,0.0,0.0
2017-10-01,0.0,0.0,0.0,0.0,0.0
2017-10-02,0.0,0.0,0.0,0.0,0.0
2017-10-03,0.0,0.0,0.0,0.0,0.0
2017-10-04,0.0,0.0,0.0,0.0,0.0
2017-10-05,0.0,0.0,0.0,0.0,0.0
2017-10-06,0.0,0.0,0.0,0.0,0.0
2017-10-07,0.0,0.0,0.0,0.0,0.0
2017-10-08,0.0,0.0,0.0,0.0,0.0
2017-10-09,0.0,0.0,0.0,0.0,0.0
2017-10-10,0.0,0.0,0.0,0.0,0.0
2017-10-11,0.0,0.0,0.0,0.0,0.0
2017-10-12,0.0,0.0,0.0,0.0,0.0
2017-10-13,0.0,0.0,0.0,0.0,0.0
2017-10-14,0.0,0.0,0.0,0.0,0.0
2017-10-15,0.0,0.0,0.0,0.0,0.0
2017-10-16,0.0,0.0,0.0,0.0,0.0
2017-10-17,0.0,0.0,0.0,0.0,0.0
2017-10-18,0.0,0.0,0.0,0.0,0.0
2017-10-19,0.0,0.0,0.0,0.0,0.0
2017-10-20,0.0,0.0,0.0,0.0,0.0
2017-10-21,0.0,0.0,0.0,0.0,0.0
2017-10-22,0.0,0.0,0.0,0.0,0.0
2017-10-23,0.0,0.0,0.0,0.0,0.0
2017-10-24,0.0,0.0,0.0,0.0,0.0
2017-10-25,0.0,0.0,0.0,0.0,0.0
2017-10-26,0.0,0.0,0.0,0.0,0.0
2017-10-27,0.0,0.0,0.0,0.0,0.0
2017-10-28,0.0,0.0,0.0,0.0,0.0
2017-10-29,0.0,0.0,0.0,0.0,0.0
2017-10-30,0.0,0.0,0.0,0.0,0.0
2017-10-31,0.0,0.0,0.0,0.0,0.0
2017-11-01,0.0,0.0,0.0,0.0,0.0
2017-11-02,0.0,0.0,0.0,0.0,0.0
2017-11-03,0.0,0.0,0.0,0.0,0.0
2017-11-04,0.0,0.0,0.0,0.0,0.0
2017-11-05,0.0,0.0,0.0,0.0,0.0
2017-11-06,0.0,0.0,0.0,0.0,0.0
2017-11-07,0.0,0.0,0.0,0.0,0.0
2017-11-08,0.005,44.59,34.69,4.27,5.62
2017-11-09,1.075,53.21,33.69,7.87,11.66
2017-11-10,0.375,36.12,21.07,4.13,10.93
2017-11-11,0.077,21.89,15.28,0.0,6.61
2017-11-12,0.049,14.66,9.27,0.0,5.39
2017-11-13,0.038,13.18,9.2,0.0,3.97
2017-11-14,0.029,12.02,9.22,0.0,2.79
2017-11-15,0.023,11.04,9.17,0.0,1.87
2017-11-16,7.69,91.63,33.62,21.98,36.03
2017-11-17,0.808,42.27,26.21,4.67,11.4
2017-11-18,0.089,24.54,11.19,0.0,13.35
2017-11-19,0.059,20.23,9.78,0.0,10.45
2017-11-20,0.045,17.27,9.22,0.0,8.04
2017-11-21,0.037,15.75,10.08,0.0,5.67
2017-11-22,0.029,14.05,10.12,0.0,3.93
2017-11-23,0.022,11.86,9.19,0.0,2.67
2017-11-24,0.017,10.84,9.17,0.0,1.67
2017-11-25,0.013,10.17,9.17,0.0,0.99
2017-11-26,0.01,9.73,9.17,0.0,0.56
2017-11-27,0.578,61.76,36.2,9.9,15.67
2017-11-28,0.047,20.5,13.33,0.0,7.17
2017-11-29,0.032,14.94,9.4,0.0,5.54
2017-11-30,0.025,13.18,9.41,0.0,3.77
2017-12-01,0.02,11.9,9.45,0.0,2.44
2017-12-02,0.015,10.69,9.18,0.0,1.51
2017-12-03,0.012,10.05,9.17,0.0,0.87
2017-12-04,0.009,9.66,9.18,0.0,0.48
2017-12-05,0.007,9.42,9.17,0.0,0.25
2017-12-06,0.006,9.29,9.17,0.0,0.12
2017-12-07,0.004,9.25,9.18,0.0,0.06
2017-12-08,0.003,9.2,9.18,0.0,0.03
2017-12-09,0.003,9.19,9.19,0.0,0.01
2017-12-10,0.002,9.19,9.18,0.0,0.01
2017-12-11,0.002,9.17,9.16,0.0,0.0
2017-12-12,0.001,9.15,9.14,0.0,0.0
2017-12-13,0.001,9.16,9.18,0.0,0.0
2017-12-14,0.001,9.1,9.14,0.0,0.0
2017-12-15,0.001,9.18,9.18,0.0,0.0
2017-12-16,0.0,9.26,9.2,0.0,0.0
2017-12-17,0.0,9.26,9.19,0.0,0.0
2017-12-18,0.0,9.18,8.99,0.0,0.0
2017-12-19,0.0,9.43,9.22,0.0,0.0
2017-12-20,0.0,9.0,8.96,0.0,0.0
2017-12-21,0.0,8.9,9.04,0.0,0.0
2017-12-22,0.0,9.26,9.13,0.0,0.0
2017-12-23,0.0,9.16,9.24,0.0,0.0
2017-12-24,0.0,9.16,8.98,0.0,0.0
2017-12-25,0.0,9.06,9.11,0.0,0.0
2017-12-26,0.0,9.47,9.25,0.0,0.0
2017-12-27,0.0,8.94,8.99,0.0,0.0
2017-12-28,0.0,9.37,9.15,0.0,0.0
2017-12-29,0.0,8.82,8.89,0.0,0.0
2017-12-30,0.0,9.26,9.07,0.0,0.0
2017-12-31,0.0,9.14,9.28,0.0,0.0
2018-01-01,0.0,9.14,9.01,0.0,0.0
2018-01-02,0.0,9.0,9.25,0.0,0.0
2018-01-03,0.0,9.0,8.98,0.0,0.0
2018-01-04,0.04,13.36,10.82,0.07,2.47
2018-01-05,0.905,44.36,33.0,3.89,7.47
2018-01-06,0.567,37.05,28.02,2.93,6.1
2018-01-07,0.062,14.77,11.37,0.0,3.41
2018-01-08,11.456,86.07,32.11,20.36,33.6
2018-01-09,5.515,98.42,39.08,21.27,38.07
2018-01-10,0.216,34.12,23.04,0.02,11.06
2018-01-11,0.084,23.6,13.64,0.0,9.96
2018-01-12,0.067,21.29,13.85,0.0,7.44
2018-01-13,0.055,19.64,14.23,0.0,5.42
2018-01-14,0.044,18.32,14.47,0.0,3.85
2018-01-15,0.036,17.5,14.85,0.0,2.64
2018-01-16,0.032,17.69,15.95,0.0,1.74
2018-01-17,0.027,18.12,16.94,0.0,1.18
2018-01-18,0.022,17.42,16.59,0.0,0.83
2018-01-19,0.018,16.95,16.35,0.0,0.61
2018-01-20,0.016,18.39,17.87,0.0,0.52
2018-01-21,0.014,19.02,18.56,0.0,0.46
2018-01-22,0.011,17.79,17.41,0.0,0.38
2018-01-23,0.011,21.14,20.66,0.0,0.47
2018-01-24,0.195,45.26,26.5,8.08,10.68
2018-01-25,0.343,46.61,37.32,2.22,7.07
2018-01-26,0.04,20.91,18.56,0.0,2.35
2018-01-27,0.027,15.2,13.55,0.0,1.65
2018-01-28,0.021,14.46,13.36,0.0,1.09
2018-01-29,0.016,13.23,12.52,0.0,0.71
2018-01-30,0.012,11.93,11.49,0.0,0.44
2018-01-31,0.01,14.01,13.68,0.0,0.33
2018-02-01,0.007,9.39,9.28,0.0,0.11
2018-02-02,0.005,9.23,9.18,0.0,0.06
2018-02-03,0.004,9.19,9.16,0.0,0.03
2018-02-04,0.003,9.16,9.16,0.0,0.01
2018-02-05,0.002,9.17,9.17,0.0,0.01
2018-02-06,0.002,9.15,9.18,0.0,0.0
2018-02-07,0.001,9.23,9.2,0.0,0.0
2018-02-08,0.001,9.16,9.2,0.0,0.0
2018-02-09,0.001,9.13,9.13,0.0,0.0
2018-02-10,0.001,9.09,9.12,0.0,0.0
2018-02-11,0.001,9.22,9.19,0.0,0.0
2018-02-12,0.0,9.09,9.17,0.0,0.0
2018-02-13,0.0,9.12,9.07,0.0,0.0
2018-02-14,0.0,9.09,9.09,0.0,0.0
2018-02-15,0.0,9.0,9.14,0.0,0.0
2018-02-16,0.0,9.35,9.22,0.0,0.0
2018-02-17,0.0,8.9,8.96,0.0,0.0
2018-02-18,0.0,9.26,9.06,0.0,0.0
2018-02-19,0.0,9.16,9.17,0.0,0.0
2018-02-20,0.0,8.68,8.91,0.0,0.0
2018-02-21,0.0,9.06,9.03,0.0,0.0
2018-02-22,0.0,8.94,9.18,0.0,0.0
2018-02-23,0.0,8.94,8.92,0.0,0.0
2018-02-24,0.0,8.82,9.07,0.0,0.0
2018-02-25,0.0,9.26,9.26,0.0,0.0
2018-02-26,0.0,9.26,9.0,0.0,0.0
2018-02-27,0.0,9.14,9.2,0.0,0.0
2018-02-28,0.0,9.14,8.94,0.0,0.0
2018-03-01,2.545,66.05,26.45,16.35,23.25
2018-03-02,1.523,46.55,26.71,6.31,13.54
2018-03-03,0.713,34.71,25.37,1.87,7.47
2018-03-04,0.121,23.7,15.66,0.0,8.04
2018-03-05,0.065,17.24,10.67,0.0,6.57
2018-03-06,0.05,15.27,10.16,0.0,5.11
2018-03-07,0.038,13.58,9.78,0.0,3.8
2018-03-08,0.031,13.27,10.66,0.0,2.61
2018-03-09,0.024,11.85,10.08,0.0,1.78
2018-03-10,0.018,10.33,9.19,0.0,1.15
2018-03-11,0.014,9.87,9.17,0.0,0.69
2018-03-12,0.178,25.26,14.37,4.68,6.21
2018-03-13,2.242,51.12,28.76,8.93,13.44
2018-03-14,2.704,87.1,25.86,24.28,36.95
2018-03-15,1.69,52.93,22.37,11.32,19.24
2018-03-16,1.765,47.66,27.39,7.29,12.98
2018-03-17,0.139,25.9,18.05,0.0,7.85
2018-03-18,0.074,20.15,13.33,0.0,6.83
2018-03-19,0.058,18.28,13.03,0.0,5.26
2018-03-20,0.044,16.21,12.24,0.0,3.97
2018-03-21,0.042,13.72,11.37,0.0,2.34
2018-03-22,4.311,64.1,29.28,13.81,21.01
2018-03-23,0.181,34.52,23.36,0.0,11.16
2018-03-24,0.081,23.31,14.78,0.0,8.53
2018-03-25,0.068,21.65,15.39,0.0,6.26
2018-03-26,0.057,20.56,16.08,0.0,4.48
2018-03-27,0.046,19.34,16.13,0.0,3.21
2018-03-28,0.036,18.18,15.9,0.0,2.27
2018-03-29,0.028,16.57,14.98,0.0,1.59
2018-03-30,0.02,14.2,13.11,0.0,1.08
2018-03-31,0.014,10.21,9.55,0.0,0.66
2018-04-01,0.01,9.55,9.18,0.0,0.37
2018-04-02,0.008,9.37,9.17,0.0,0.2
2018-04-03,0.006,9.28,9.17,0.0,0.1
2018-04-04,0.005,9.23,9.18,0.0,0.05
2018-04-05,0.004,9.2,9.18,0.0,0.02
2018-04-06,0.464,31.54,22.53,3.08,5.93
2018-04-07,3.979,78.96,30.02,18.88,30.06
2018-04-08,0.117,31.45,17.47,0.0,13.98
2018-04-09,0.066,23.24,12.11,0.0,11.13
2018-04-10,0.048,19.08,10.01,0.0,9.07
2018-04-11,0.038,16.94,10.39,0.0,6.56
2018-04-12,0.029,14.35,9.67,0.0,4.67
2018-04-13,0.022,12.33,9.18,0.0,3.15
2018-04-14,0.017,11.15,9.17,0.0,1.98
2018-04-15,0.013,10.35,9.17,0.0,1.18
2018-04-16,0.01,9.83,9.18,0.0,0.66
2018-04-17,0.008,9.52,9.17,0.0,0.35
2018-04-18,0.006,9.34,9.17,0.0,0.18
2018-04-19,0.005,9.25,9.18,0.0,0.08
2018-04-20,0.004,9.23,9.18,0.0,0.04
2018-04-21,0.003,9.2,9.19,0.0,0.02
2018-04-22,0.002,9.18,9.18,0.0,0.01
2018-04-23,0.002,9.15,9.15,0.0,0.0
2018-04-24,0.001,9.21,9.18,0.0,0.0
2018-04-25,0.001,9.09,9.13,0.0,0.0
2018-04-26,0.001,9.2,9.15,0.0,0.0
2018-04-27,0.001,9.22,9.21,0.0,0.0
2018-04-28,0.001,9.26,9.16,0.0,0.0
2018-04-29,0.0,9.2,9.13,0.0,0.0
2018-04-30,0.0,9.26,9.27,0.0,0.0
2018-05-01,0.0,9.09,8.99,0.0,0.0
2018-05-02,0.0,9.0,9.06,0.0,0.0
2018-05-03,0.0,9.35,9.14,0.0,0.0
2018-05-04,0.0,9.26,9.24,0.0,0.0
2018-05-05,0.0,8.8,8.98,0.0,0.0
2018-05-06,0.0,9.16,9.09,0.0,0.0
2018-05-07,0.0,9.06,9.21,0.0,0.0
2018-05-08,0.0,9.06,8.95,0.0,0.0
2018-05-09,0.0,8.94,9.09,0.0,0.0
2018-05-10,0.0,9.37,9.26,0.0,0.0
2018-05-11,0.0,8.82,8.99,0.0,0.0
2018-05-12,0.0,9.26,9.18,0.0,0.0
2018-05-13,0.0,8.68,8.92,0.0,0.0
2018-05-14,0.0,9.14,9.12,0.0,0.0
2018-05-15,0.0,9.14,8.86,0.0,0.0
2018-05-16,0.0,9.0,9.09,0.0,0.0
2018-05-17,0.0,9.53,9.35,0.0,0.0
2018-05-18,0.0,8.85,9.08,0.0,0.0
2018-05-19,0.0,8.85,8.83,0.0,0.0
2018-05-20,0.0,9.4,9.11,0.0,0.0
2018-05-21,0.0,8.68,8.85,0.0,0.0
2018-05-22,0.0,9.26,9.18,0.0,0.0
2018-05-23,0.0,9.26,8.92,0.0,0.0
2018-05-24,0.0,9.09,9.28,0.0,0.0
2018-05-25,0.0,9.09,9.02,0.0,0.0
2018-05-26,0.0,9.09,8.76,0.0,0.0
2018-05-27,0.0,8.9,9.17,0.0,0.0
2018-05-28,0.0,8.9,8.91,0.0,0.0
2018-05-29,0.0,9.65,9.38,0.0,0.0
2018-05-30,0.0,8.68,9.11,0.0,0.0
2018-05-31,0.0,8.68,8.86,0.0,0.0
2018-06-01,0.0,9.47,9.39,0.0,0.0
2018-06-02,0.0,9.47,9.12,0.0,0.0
2018-06-03,0.0,8.42,8.86,0.0,0.0
2018-06-04,0.0,9.26,9.47,0.0,0.0
2018-06-05,0.0,9.26,9.21,0.0,0.0
2018-06-06,0.0,9.26,8.94,0.0,0.0
2018-06-07,0.0,9.26,8.69,0.0,0.0
2018-06-08,0.0,9.0,9.38,0.0,0.0
2018-06-09,0.0,9.0,9.12,0.0,0.0
2018-06-10,0.0,9.0,8.86,0.0,0.0
2018-06-11,0.0,9.0,8.61,0.0,0.0
2018-06-12,0.0,10.13,9.41,0.0,0.0
2018-06-13,0.0,8.68,9.14,0.0,0.0
2018-06-14,0.0,8.68,8.88,0.0,0.0
2018-06-15,0.0,8.68,8.63,0.0,0.0
2018-06-16,0.0,9.92,9.59,0.0,0.0
2018-06-17,0.0,9.92,9.31,0.0,0.0
2018-06-18,0.0,8.27,9.05,0.0,0.0
2018-06-19,0.0,8.27,8.79,0.0,0.0
2018-06-20,0.0,8.27,8.54,0.0,0.0
2018-06-21,0.0,9.65,9.69,0.0,0.0
2018-06-22,0.0,9.65,9.41,0.0,0.0
2018-06-23,0.0,9.65,9.14,0.0,0.0
2018-06-24,0.0,9.65,8.89,0.0,0.0
2018-06-25,0.0,7.72,8.63,0.0,0.0
2018-06-26,0.0,7.72,8.39,0.0,0.0
2018-06-27,0.0,9.26,9.78,0.0,0.0
2018-06-28,0.0,9.26,9.5,0.0,0.0
2018-06-29,0.0,9.26,9.23,0.0,0.0
2018-06-30,0.0,9.26,8.97,0.0,0.0
2018-07-01,0.0,9.26,8.72,0.0,0.0
2018-07-02,0.0,9.26,8.47,0.0,0.0
2018-07-03,0.0,9.26,8.23,0.0,0.0
2018-07-04,0.0,8.68,10.0,0.0,0.0
2018-07-05,0.0,8.68,9.71,0.0,0.0
2018-07-06,0.0,8.68,9.44,0.0,0.0
2018-07-07,0.0,8.68,9.17,0.0,0.0
2018-07-08,0.0,8.68,8.91,0.0,0.0
2018-07-09,0.0,8.68,8.66,0.0,0.0
2018-07-10,0.0,8.68,8.41,0.0,0.0
2018-07-11,0.0,8.68,8.18,0.0,0.0
2018-07-12,0.0,11.57,10.59,0.0,0.0
2018-07-13,0.0,11.57,10.29,0.0,0.0
2018-07-14,0.0,11.57,10.0,0.0,0.0
2018-07-15,0.0,11.57,9.72,0.0,0.0
2018-07-16,0.0,7.72,9.44,0.0,0.0
2018-07-17,0.0,7.72,9.17,0.0,0.0
2018-07-18,0.0,7.72,8.91,0.0,0.0
2018-07-19,0.0,7.72,8.66,0.0,0.0
2018-07-20,0.0,7.72,8.42,0.0,0.0
2018-07-21,0.0,7.72,8.18,0.0,0.0
2018-07-22,0.0,7.72,7.95,0.0,0.0
2018-07-23,0.0,7.72,7.72,0.0,0.0
2018-07-24,0.0,11.57,11.25,0.0,0.0
2018-07-25,0.0,11.57,10.93,0.0,0.0
2018-07-26,0.0,11.57,10.62,0.0,0.0
2018-07-27,0.0,11.57,10.32,0.0,0.0
2018-07-28,0.0,11.57,10.03,0.0,0.0
2018-07-29,0.0,11.57,9.75,0.0,0.0
2018-07-30,0.0,11.57,9.47,0.0,0.0
2018-07-31,0.0,11.57,9.2,0.0,0.0
2018-08-01,0.0,11.57,8.94,0.0,0.0
2018-08-02,0.0,11.57,8.69,0.0,0.0
2018-08-03,0.0,5.79,8.44,0.0,0.0
2018-08-04,0.0,5.79,8.2,0.0,0.0
2018-08-05,0.0,5.79,7.97,0.0,0.0
2018-08-06,0.0,5.79,7.74,0.0,0.0
2018-08-07,0.0,5.79,7.52,0.0,0.0
2018-08-08,0.0,5.79,7.31,0.0,0.0
2018-08-09,0.0,5.79,7.1,0.0,0.0
2018-08-10,0.0,5.79,6.9,0.0,0.0
2018-08-11,0.0,11.57,13.41,0.0,0.0
2018-08-12,0.0,11.57,13.03,0.0,0.0
2018-08-13,0.0,11.57,12.67,0.0,0.0
2018-08-14,0.0,11.57,12.31,0.0,0.0
2018-08-15,0.0,11.57,11.96,0.0,0.0
2018-08-16,0.0,11.57,11.62,0.0,0.0
2018-08-17,0.0,11.57,11.29,0.0,0.0
2018-08-18,0.0,11.57,10.97,0.0,0.0
2018-08-19,0.0,11.57,10.66,0.0,0.0
2018-08-20,0.0,11.57,10.36,0.0,0.0
2018-08-21,0.0,11.57,10.06,0.0,0.0
2018-08-22,0.0,11.57,9.78,0.0,0.0
2018-08-23,0.0,11.57,9.5,0.0,0.0
2018-08-24,0.0,11.57,9.23,0.0,0.0
2018-08-25,0.0,11.57,8.97,0.0,0.0
2018-08-26,0.0,11.57,8.72,0.0,0.0
2018-08-27,0.0,11.57,8.47,0.0,0.0
2018-08-28,0.0,11.57,8.23,0.0,0.0
2018-08-29,0.0,11.57,8.0,0.0,0.0
2018-08-30,0.0,11.57,7.77,0.0,0.0
2018-08-31,0.0,11.57,7.55,0.0,0.0
2018-09-01,0.0,11.57,7.34,0.0,0.0
2018-09-02,0.0,11.57,7.13,0.0,0.0
2018-09-03,0.0,11.57,6.93,0.0,0.0
2018-09-04,0.0,11.57,6.73,0.0,0.0
2018-09-05,0.0,11.57,6.54,0.0,0.0
2018-09-06,0.0,11.57,6.35,0.0,0.0
2018-09-07,0.0,11.57,6.17,0.0,0.0
2018-09-08,0.0,11.57,6.0,0.0,0.0
2018-09-09,0.0,11.57,5.83,0.0,0.0
2018-09-10,0.0,0.0,5.66,0.0,0.0
2018-09-11,0.0,0.0,5.5,0.0,0.0
2018-09-12,0.0,0.0,5.35,0.0,0.0
2018-09-13,0.0,0.0,5.2,0.0,0.0
2018-09-14,0.0,0.0,5.05,0.0,0.0
2018-09-15,0.0,0.0,4.9,0.0,0.0
2018-09-16,0.0,0.0,4.77,0.0,0.0
2018-09-17,0.0,0.0,4.63,0.0,0.0
2018-09-18,0.0,0.0,0.0,0.0,0.0
2018-09-19,0.0,0.0,0.0,0.0,0.0
2018-09-20,0.0,0.0,0.0,0.0,0.0
2018-09-21,0.0,0.0,0.0,0.0,0.0
2018-09-22,0.0,0.0,0.0,0.0,0.0
2018-09-23,0.0,0.0,0.0,0.0,0.0
2018-09-24,0.0,0.0,0.0,0.0,0.0
2018-09-25,0.0,0.0,0.0,0.0,0.0
2018-09-26,0.0,0.0,0.0,0.0,0.0
2018-09-27,0.0,0.0,0.0,0.0,0.0
2018-09-28,0.0,0.0,0.0,0.0,0.0
2018-09-29,0.0,0.0,0.0,0.0,0.0
2018-09-30,0.0,0.0,0.0,0.0,0.0
2018-10-01,0.0,0.0,0.0,0.0,0.0
2018-10-02,0.0,0.0,0.0,0.0,0.0
2018-10-03,0.0,0.0,0.0,0.0,0.0
2018-10-04,0.0,0.0,0.0,0.0,0.0
2018-10-05,0.0,0.0,0.0,0.0,0.0
2018-10-06,0.0,0.0,0.0,0.0,0.0
2018-10-07,0.0,0.0,0.0,0.0,0.0
2018-10-08,0.0,0.0,0.0,0.0,0.0
2018-10-09,0.0,0.0,0.0,0.0,0.0
2018-10-10,0.0,0.0,0.0,0.0,0.0
2018-10-11,0.0,0.0,0.0,0.0,0.0
2018-10-12,0.0,0.0,0.0,0.0,0.0
2018-10-13,0.0,0.0,0.0,0.0,0.0
2018-10-14,0.0,0.0,0.0,0.0,0.0
2018-10-15,0.0,0.0,0.0,0.0,0.0
2018-10-16,0.0,0.0,0.0,0.0,0.0
2018-10-17,0.0,0.0,0.0,0.0,0.0
2018-10-18,0.0,0.0,0.0,0.0,0.0
2018-10-19,0.0,0.0,0.0,0.0,0.0
2018-10-20,0.0,0.0,0.0,0.0,0.0
2018-10-21,0.0,0.0,0.0,0.0,0.0
2018-10-22,0.0,0.0,0.0,0.0,0.0
2018-10-23,0.0,0.0,0.0,0.0,0.0
2018-10-24,0.0,0.0,0.0,0.0,0.0
2018-10-25,0.0,0.0,0.0,0.0,0.0
2018-10-26,0.0,0.0,0.0,0.0,0.0
2018-10-27,0.0,0.0,0.0,0.0,0.0
2018-10-28,0.0,0.0,0.0,0.0,0.0
2018-10-29,0.0,0.0,0.0,0.0,0.0
2018-10-30,0.0,0.0,0.0,0.0,0.0
2018-10-31,0.0,0.0,0.0,0.0,0.0
2018-11-01,0.0,0.0,0.0,0.0,0.0
2018-11-02,0.0,0.0,0.0,0.0,0.0
2018-11-03,0.0,0.0,0.0,0.0,0.0
2018-11-04,0.0,0.0,0.0,0.0,0.0
2018-11-05,0.0,0.0,0.0,0.0,0.0
2018-11-06,0.0,0.0,0.0,0.0,0.0
2018-11-07,0.0,0.0,0.0,0.0,0.0
2018-11-08,0.0,0.0,0.0,0.0,0.0
2018-11-09,0.0,0.0,0.0,0.0,0.0
2018-11-10,0.0,0.0,0.0,0.0,0.0
2018-11-11,0.0,0.0,0.0,0.0,0.0
2018-11-12,0.0,0.0,0.0,0.0,0.0
2018-11-13,0.0,0.0,0.0,0.0,0.0
2018-11-14,0.0,0.0,0.0,0.0,0.0
2018-11-15,0.0,0.0,0.0,0.0,0.0
2018-11-16,0.0,0.0,0.0,0.0,0.0
2018-11-17,0.0,0.0,0.0,0.0,0.0
2018-11-18,0.0,0.0,0.0,0.0,0.0
2018-11-19,0.0,0.0,0.0,0.0,0.0
2018-11-20,0.0,0.0,0.0,0.0,0.0
2018-11-21,0.952,71.44,28.08,18.49,24.87
2018-11-22,1.97,44.52,21.36,9.0,14.16
2018-11-23,3.934,59.4,27.61,12.23,19.56
2018-11-24,0.998,41.24,28.32,4.16,8.76
2018-11-25,0.09,19.68,11.64,0.0,8.04
2018-11-26,0.058,15.9,9.47,0.0,6.43
2018-11-27,0.045,14.23,9.35,0.0,4.88
2018-11-28,2.148,47.6,19.25,11.68,16.67
2018-11-29,6.807,82.84,30.63,20.34,31.88
2018-11-30,0.31,41.43,27.94,1.92,11.57
2018-12-01,0.124,21.86,13.81,0.45,7.6
2018-12-02,0.061,20.1,12.27,0.0,7.83
2018-12-03,0.045,17.23,11.09,0.0,6.14
2018-12-04,0.033,13.88,9.21,0.0,4.67
2018-12-05,0.025,12.36,9.17,0.0,3.19
2018-12-06,0.021,12.81,10.83,0.0,1.98
2018-12-07,0.019,14.65,13.45,0.0,1.21
2018-12-08,0.016,15.11,14.32,0.0,0.78
2018-12-09,0.013,15.38,14.83,0.0,0.54
2018-12-10,0.011,15.53,15.14,0.0,0.39
2018-12-11,0.009,15.24,14.92,0.0,0.31
2018-12-12,0.006,14.27,14.05,0.0,0.23
2018-12-13,0.004,10.37,10.29,0.0,0.07
2018-12-14,0.003,9.22,9.19,0.0,0.02
2018-12-15,0.003,9.15,9.16,0.0,0.01
2018-12-16,2.363,69.47,20.54,20.43,28.5
2018-12-17,3.036,106.99,39.83,25.17,41.99
2018-12-18,0.093,31.03,14.38,0.0,16.65
2018-12-19,0.062,24.31,11.26,0.0,13.05
2018-12-20,0.049,21.21,11.5,0.0,9.71
2018-12-21,0.039,18.53,11.53,0.0,7.0
2018-12-22,0.031,16.75,12.02,0.0,4.73
2018-12-23,0.025,15.72,12.65,0.0,3.07
2018-12-24,0.021,15.13,13.2,0.0,1.93
2018-12-25,0.128,36.88,30.87,0.11,5.89
2018-12-26,0.022,15.4,13.88,0.0,1.51
2018-12-27,0.017,14.34,13.36,0.0,0.98
2018-12-28,0.011,9.98,9.42,0.0,0.56
2018-12-29,0.011,14.9,14.45,0.0,0.44
2018-12-30,0.009,16.19,15.83,0.0,0.37
2018-12-31,0.007,15.01,14.74,0.0,0.26
2019-01-01,0.004,9.33,9.28,0.0,0.05
2019-01-02,0.003,9.18,9.17,0.0,0.02
2019-01-03,0.003,9.19,9.16,0.0,0.01
2019-01-04,0.002,9.17,9.19,0.0,0.01
2019-01-05,0.405,37.58,25.36,3.87,8.35
2019-01-06,11.18,115.82,38.32,27.42,50.08
2019-01-07,1.065,71.38,35.52,11.53,24.33
2019-01-08,0.1,29.36,15.54,0.0,13.81
2019-01-09,1.055,43.89,27.21,5.85,10.83
2019-01-10,0.175,28.74,21.78,0.02,6.94
2019-01-11,0.846,46.28,22.78,9.26,14.24
2019-01-12,0.407,34.76,26.15,1.49,7.11
2019-01-13,0.105,21.16,16.06,0.0,5.1
2019-01-14,0.076,19.32,15.35,0.0,3.97
2019-01-15,5.537,58.2,26.0,12.9,19.3
2019-01-16,10.516,98.13,32.32,24.34,41.47
2019-01-17,3.251,104.89,43.76,21.36,39.77
2019-01-18,0.356,31.95,24.91,0.03,7.02
2019-01-19,0.279,29.01,24.28,0.01,4.72
2019-01-20,1.178,49.6,22.88,10.46,16.26
2019-01-21,0.815,42.33,28.16,4.5,9.67
2019-01-22,0.267,26.9,23.06,0.02,3.82
2019-01-23,0.224,26.61,23.96,0.0,2.65
2019-01-24,0.194,26.3,24.31,0.0,1.99
2019-01-25,0.172,25.77,24.17,0.0,1.6
2019-01-26,0.154,25.31,23.96,0.0,1.34
2019-01-27,0.135,24.65,23.5,0.0,1.15
2019-01-28,0.124,24.56,23.55,0.0,1.01
2019-01-29,0.109,24.26,23.35,0.0,0.91
2019-01-30,0.102,24.36,23.52,0.0,0.85
2019-01-31,0.127,27.95,26.59,0.0,1.35
2019-02-01,0.32,33.23,21.53,4.96,6.75
2019-02-02,9.538,88.64,31.26,21.98,35.41
2019-02-03,4.102,59.55,31.55,10.58,17.42
2019-02-04,4.744,53.84,26.65,10.8,16.39
2019-02-05,1.229,33.24,26.99,1.84,4.41
2019-02-06,0.649,28.78,26.75,0.05,1.98
2019-02-07,0.577,28.12,26.49,0.04,1.59
2019-02-08,0.728,29.11,26.4,0.57,2.15
2019-02-09,2.069,42.35,22.98,7.72,11.66
2019-02-10,2.706,44.76,26.9,7.01,10.85
2019-02-11,0.62,29.08,26.75,0.05,2.28
2019-02-12,0.529,28.0,26.18,0.04,1.78
2019-02-13,9.045,65.54,28.85,14.35,22.34
2019-02-14,9.969,69.74,33.72,13.7,22.31
2019-02-15,5.388,37.97,25.9,4.55,7.53
2019-02-16,4.606,39.83,27.73,4.75,7.35
2019-02-17,4.258,46.41,26.81,7.73,11.87
2019-02-18,2.154,29.05,26.77,0.67,1.61
2019-02-19,1.752,28.33,26.5,0.62,1.21
2019-02-20,1.44,28.12,26.36,0.62,1.14
2019-02-21,1.158,27.91,26.32,0.47,1.11
2019-02-22,0.939,27.39,26.13,0.16,1.1
2019-02-23,0.795,27.06,25.88,0.09,1.09
2019-02-24,0.659,26.85,25.69,0.08,1.08
2019-02-25,0.531,26.29,25.16,0.07,1.06
2019-02-26,0.517,23.11,22.1,0.07,0.94
2019-02-27,5.289,68.26,28.72,15.34,24.2
2019-02-28,1.425,31.45,26.56,1.32,3.57
2019-03-01,0.857,27.86,25.99,0.1,1.77
2019-03-02,5.492,56.74,26.7,11.89,18.14
2019-03-03,1.588,31.33,27.08,1.16,3.09
2019-03-04,1.118,28.4,26.33,0.45,1.62
2019-03-05,0.949,27.02,25.58,0.13,1.31
2019-03-06,7.622,70.11,29.29,15.26,25.57
2019-03-07,2.777,36.2,27.95,2.85,5.4
2019-03-08,1.609,28.03,25.93,0.63,1.48
2019-03-09,1.293,27.3,25.54,0.55,1.21
2019-03-10,1.676,31.06,26.37,1.79,2.9
2019-03-11,0.944,27.33,25.84,0.22,1.27
2019-03-12,0.744,26.82,25.58,0.08,1.16
2019-03-13,0.586,26.23,25.05,0.07,1.12
2019-03-14,0.464,25.53,24.38,0.07,1.08
2019-03-15,0.364,24.61,23.5,0.06,1.04
2019-03-16,0.278,23.94,22.89,0.05,1.0
2019-03-17,0.213,23.54,22.58,0.01,0.95
2019-03-18,0.165,22.92,22.03,0.0,0.88
2019-03-19,0.129,21.53,20.72,0.0,0.81
2019-03-20,0.103,20.0,19.26,0.0,0.73
2019-03-21,0.09,19.92,19.22,0.0,0.7
2019-03-22,0.079,19.66,18.99,0.0,0.68
2019-03-23,0.843,60.98,32.17,11.49,17.32
2019-03-24,0.178,27.39,24.22,0.0,3.17
2019-03-25,0.152,26.15,23.87,0.0,2.28
2019-03-26,0.125,24.8,22.94,0.0,1.86
2019-03-27,0.122,25.46,23.88,0.0,1.58
2019-03-28,0.104,25.19,23.99,0.0,1.21
2019-03-29,0.084,24.05,23.02,0.0,1.02
2019-03-30,0.07,23.58,22.69,0.0,0.89
2019-03-31,0.056,22.93,22.16,0.0,0.77
2019-04-01,0.039,20.89,20.27,0.0,0.63
2019-04-02,0.033,21.25,20.67,0.0,0.58
2019-04-03,0.028,21.46,20.92,0.0,0.54
2019-04-04,0.02,20.22,19.77,0.0,0.45
2019-04-05,0.014,18.09,17.73,0.0,0.36
2019-04-06,0.012,19.14,18.76,0.0,0.37
2019-04-07,0.01,20.41,20.02,0.0,0.39
2019-04-08,0.005,11.84,11.74,0.0,0.1
2019-04-09,0.004,9.23,9.22,0.0,0.01
2019-04-10,0.003,9.16,9.16,0.0,0.0
2019-04-11,0.002,9.19,9.19,0.0,0.0
2019-04-12,0.002,9.18,9.15,0.0,0.0
2019-04-13,0.001,9.17,9.16,0.0,0.0
2019-04-14,0.001,9.15,9.15,0.0,0.0
2019-04-15,0.001,9.14,9.21,0.0,0.0
2019-04-16,0.001,9.19,9.2,0.0,0.0
2019-04-17,0.0,9.21,9.19,0.0,0.0
2019-04-18,0.0,9.14,9.21,0.0,0.0
2019-04-19,0.0,9.26,9.15,0.0,0.0
2019-04-20,0.0,9.09,8.97,0.0,0.0
2019-04-21,0.0,9.0,9.04,0.0,0.0
2019-04-22,0.0,8.9,9.12,0.0,0.0
2019-04-23,0.0,9.26,9.22,0.0,0.0
2019-04-24,0.0,8.8,8.96,0.0,0.0
2019-04-25,0.0,9.16,9.07,0.0,0.0
2019-04-26,0.0,9.06,9.19,0.0,0.0
2019-04-27,0.0,9.06,8.93,0.0,0.0
2019-04-28,0.0,8.94,9.07,0.0,0.0
2019-04-29,0.0,9.37,9.24,0.0,0.0
2019-04-30,0.0,8.82,8.98,0.0,0.0
2019-05-01,0.0,9.26,9.16,0.0,0.0
2019-05-02,0.0,8.68,8.9,0.0,0.0
2019-05-03,0.0,9.14,9.1,0.0,0.0
2019-05-04,0.0,9.65,9.33,0.0,0.0
2019-05-05,0.0,9.0,9.07,0.0,0.0
2019-05-06,0.0,9.53,9.33,0.0,0.0
2019-05-07,0.0,8.85,9.07,0.0,0.0
2019-05-08,0.0,9.4,9.36,0.0,0.0
2019-05-09,0.0,9.4,9.1,0.0,0.0
2019-05-10,0.0,8.68,8.84,0.0,0.0
2019-05-11,0.0,9.26,9.16,0.0,0.0
2019-05-12,0.0,9.26,8.9,0.0,0.0
2019-05-13,0.0,9.09,9.27,0.0,0.0
2019-05-14,0.0,9.09,9.0,0.0,0.0
2019-05-15,0.615,58.95,20.17,16.72,22.06
2019-05-16,1.271,61.35,31.39,11.91,18.05
2019-05-17,0.124,28.45,17.34,0.0,11.11
2019-05-18,0.24,29.6,16.72,4.36,8.52
2019-05-19,1.759,54.75,27.29,10.82,16.63
2019-05-20,0.199,28.83,21.11,0.03,7.69
2019-05-21,0.098,22.63,16.94,0.0,5.69
2019-05-22,0.08,21.28,17.06,0.0,4.22
2019-05-23,0.071,21.53,18.54,0.0,2.98
2019-05-24,0.058,20.64,18.41,0.0,2.23
2019-05-25,0.045,19.52,17.86,0.0,1.66
2019-05-26,0.032,16.44,15.19,0.0,1.25
2019-05-27,0.029,18.36,17.47,0.0,0.89
2019-05-28,0.022,17.08,16.43,0.0,0.65
2019-05-29,0.015,14.46,14.03,0.0,0.43
2019-05-30,0.01,9.72,9.52,0.0,0.19
2019-05-31,0.008,9.27,9.17,0.0,0.1
2019-06-01,0.006,9.23,9.17,0.0,0.05
2019-06-02,0.005,9.2,9.17,0.0,0.02
2019-06-03,0.004,9.16,9.16,0.0,0.01
2019-06-04,0.003,9.19,9.19,0.0,0.0
2019-06-05,0.002,9.2,9.19,0.0,0.0
2019-06-06,0.002,9.19,9.2,0.0,0.0
2019-06-07,0.001,9.21,9.2,0.0,0.0
2019-06-08,0.001,9.21,9.16,0.0,0.0
2019-06-09,0.001,9.11,9.16,0.0,0.0
2019-06-10,0.001,9.15,9.18,0.0,0.0
2019-06-11,0.0,9.16,9.22,0.0,0.0
2019-06-12,0.0,9.38,9.29,0.0,0.0
2019-06-13,0.0,8.87,9.03,0.0,0.0
2019-06-14,0.0,9.09,8.96,0.0,0.0
2019-06-15,0.0,9.0,9.02,0.0,0.0
2019-06-16,0.0,8.9,9.11,0.0,0.0
2019-06-17,0.0,9.26,9.2,0.0,0.0
2019-06-18,0.0,8.8,8.94,0.0,0.0
2019-06-19,0.0,9.16,9.05,0.0,0.0
2019-06-20,0.0,9.06,9.18,0.0,0.0
2019-06-21,0.0,9.06,8.92,0.0,0.0
2019-06-22,0.0,8.94,9.06,0.0,0.0
2019-06-23,0.0,9.37,9.22,0.0,0.0
2019-06-24,0.0,8.82,8.96,0.0,0.0
2019-06-25,0.0,9.26,9.14,0.0,0.0
2019-06-26,0.0,8.68,8.88,0.0,0.0
2019-06-27,0.0,9.14,9.08,0.0,0.0
2019-06-28,0.0,9.0,9.32,0.0,0.0
2019-06-29,0.0,9.0,9.05,0.0,0.0
2019-06-30,0.0,9.53,9.31,0.0,0.0
2019-07-01,0.0,8.85,9.05,0.0,0.0
2019-07-02,0.0,9.4,9.34,0.0,0.0
2019-07-03,0.0,9.4,9.08,0.0,0.0
2019-07-04,0.0,8.68,8.82,0.0,0.0
2019-07-05,0.0,9.26,9.14,0.0,0.0
2019-07-06,0.0,9.26,8.88,0.0,0.0
2019-07-07,0.0,9.09,9.25,0.0,0.0
2019-07-08,0.0,9.09,8.98,0.0,0.0
2019-07-09,0.0,9.79,9.4,0.0,0.0
2019-07-10,0.0,8.9,9.14,0.0,0.0
2019-07-11,0.0,8.9,8.88,0.0,0.0
2019-07-12,0.0,9.65,9.34,0.0,0.0
2019-07-13,0.0,8.68,9.08,0.0,0.0
2019-07-14,0.0,8.68,8.82,0.0,0.0
2019-07-15,0.0,9.47,9.35,0.0,0.0
2019-07-16,0.0,9.47,9.09,0.0,0.0
2019-07-17,0.0,8.42,8.83,0.0,0.0
2019-07-18,0.0,9.26,9.44,0.0,0.0
2019-07-19,0.0,9.26,9.17,0.0,0.0
2019-07-20,0.0,9.26,8.91,0.0,0.0
2019-07-21,0.0,8.1,8.66,0.0,0.0
2019-07-22,0.0,9.0,9.35,0.0,0.0
2019-07-23,0.0,9.0,9.08,0.0,0.0
2019-07-24,0.0,9.0,8.82,0.0,0.0
2019-07-25,0.0,10.13,9.64,0.0,0.0
2019-07-26,0.0,8.68,9.37,0.0,0.0
2019-07-27,0.0,8.68,9.11,0.0,0.0
2019-07-28,0.0,8.68,8.85,0.0,0.0
2019-07-29,0.0,8.68,8.6,0.0,0.0
2019-07-30,0.0,9.92,9.55,0.0,0.0
2019-07-31,0.0,9.92,9.28,0.0,0.0
2019-08-01,0.0,8.27,9.01,0.0,0.0
2019-08-02,0.0,8.27,8.76,0.0,0.0
2019-08-03,0.0,8.27,8.51,0.0,0.0
2019-08-04,0.0,9.65,9.65,0.0,0.0
2019-08-05,0.0,9.65,9.37,0.0,0.0
2019-08-06,0.0,9.65,9.11,0.0,0.0
2019-08-07,0.0,9.65,8.85,0.0,0.0
2019-08-08,0.0,7.72,8.6,0.0,0.0
2019-08-09,0.0,7.72,8.36,0.0,0.0
2019-08-10,0.0,9.26,9.74,0.0,0.0
2019-08-11,0.0,9.26,9.47,0.0,0.0
2019-08-12,0.0,9.26,9.2,0.0,0.0
2019-08-13,0.0,9.26,8.94,0.0,0.0
2019-08-14,0.0,9.26,8.68,0.0,0.0
2019-08-15,0.0,9.26,8.44,0.0,0.0
2019-08-16,0.0,9.26,8.2,0.0,0.0
2019-08-17,0.0,8.68,9.96,0.0,0.0
2019-08-18,0.0,8.68,9.68,0.0,0.0
2019-08-19,0.0,8.68,9.4,0.0,0.0
2019-08-20,0.0,8.68,9.14,0.0,0.0
2019-08-21,0.0,8.68,8.88,0.0,0.0
2019-08-22,0.0,8.68,8.63,0.0,0.0
2019-08-23,0.0,8.68,8.38,0.0,0.0
2019-08-24,0.0,8.68,8.14,0.0,0.0
2019-08-25,0.0,11.57,10.55,0.0,0.0
2019-08-26,0.0,11.57,10.25,0.0,0.0
2019-08-27,0.0,11.57,9.96,0.0,0.0
2019-08-28,0.0,11.57,9.68,0.0,0.0
2019-08-29,0.0,7.72,9.4,0.0,0.0
2019-08-30,0.0,7.72,9.14,0.0,0.0
2019-08-31,0.0,7.72,8.88,0.0,0.0
2019-09-01,0.0,7.72,8.63,0.0,0.0
2019-09-02,0.0,7.72,8.38,0.0,0.0
2019-09-03,0.0,7.72,8.15,0.0,0.0
2019-09-04,0.0,7.72,7.91,0.0,0.0
2019-09-05,0.0,7.72,7.69,0.0,0.0
2019-09-06,0.0,11.57,11.21,0.0,0.0
2019-09-07,0.0,11.57,10.89,0.0,0.0
2019-09-08,0.0,11.57,10.58,0.0,0.0
2019-09-09,0.0,11.57,10.28,0.0,0.0
2019-09-10,0.0,11.57,9.99,0.0,0.0
2019-09-11,0.0,11.57,9.71,0.0,0.0
2019-09-12,0.0,11.57,9.43,0.0,0.0
2019-09-13,0.0,11.57,9.17,0.0,0.0
2019-09-14,0.0,11.57,8.91,0.0,0.0
2019-09-15,0.0,5.79,8.65,0.0,0.0
2019-09-16,0.0,5.79,8.41,0.0,0.0
2019-09-17,0.0,5.79,8.17,0.0,0.0
2019-09-18,0.0,5.79,7.94,0.0,0.0
2019-09-19,0.0,5.79,7.71,0.0,0.0
2019-09-20,0.0,5.79,7.49,0.0,0.0
2019-09-21,0.0,5.79,7.28,0.0,0.0
2019-09-22,0.0,5.79,7.08,0.0,0.0
2019-09-23,0.0,5.79,6.88,0.0,0.0
2019-09-24,0.0,11.57,13.36,0.0,0.0
2019-09-25,0.0,11.57,12.98,0.0,0.0
2019-09-26,0.0,11.57,12.61,0.0,0.0
2019-09-27,0.0,11.57,12.26,0.0,0.0
2019-09-28,0.0,11.57,11.91,0.0,0.0
2019-09-29,0.0,11.57,11.57,0.0,0.0
2019-09-30,0.0,11.57,11.24,0.0,0.0
2019-10-01,0.0,11.57,10.93,0.0,0.0
2019-10-02,0.0,11.57,10.62,0.0,0.0
2019-10-03,0.0,11.57,10.32,0.0,0.0
2019-10-04,0.0,11.57,10.02,0.0,0.0
2019-10-05,0.0,11.57,9.74,0.0,0.0
2019-10-06,0.0,11.57,9.46,0.0,0.0
2019-10-07,0.0,11.57,9.19,0.0,0.0
2019-10-08,0.0,11.57,8.93,0.0,0.0
2019-10-09,0.0,11.57,8.68,0.0,0.0
2019-10-10,0.0,11.57,8.44,0.0,0.0
2019-10-11,0.0,11.57,8.2,0.0,0.0
2019-10-12,0.0,11.57,7.96,0.0,0.0
2019-10-13,0.0,11.57,7.74,0.0,0.0
2019-10-14,0.0,11.57,7.52,0.0,0.0
2019-10-15,0.0,11.57,7.31,0.0,0.0
2019-10-16,0.0,11.57,7.1,0.0,0.0
2019-10-17,0.0,11.57,6.9,0.0,0.0
2019-10-18,0.0,11.57,6.7,0.0,0.0
2019-10-19,0.0,11.57,6.51,0.0,0.0
2019-10-20,0.0,11.57,6.33,0.0,0.0
2019-10-21,0.0,11.57,6.15,0.0,0.0
2019-10-22,0.0,11.57,5.97,0.0,0.0
2019-10-23,0.0,11.57,5.8,0.0,0.0
2019-10-24,0.0,0.0,5.64,0.0,0.0
2019-10-25,0.0,0.0,5.48,0.0,0.0
2019-10-26,0.0,0.0,5.33,0.0,0.0
2019-10-27,0.0,0.0,5.17,0.0,0.0
2019-10-28,0.0,0.0,5.03,0.0,0.0
2019-10-29,0.0,0.0,4.89,0.0,0.0
2019-10-30,0.0,0.0,4.75,0.0,0.0
2019-10-31,0.0,0.0,4.61,0.0,0.0
2019-11-01,0.0,0.0,0.0,0.0,0.0
2019-11-02,0.0,0.0,0.0,0.0,0.0
2019-11-03,0.0,0.0,0.0,0.0,0.0
2019-11-04,0.0,0.0,0.0,0.0,0.0
2019-11-05,0.0,0.0,0.0,0.0,0.0
2019-11-06,0.0,0.0,0.0,0.0,0.0
2019-11-07,0.0,0.0,0.0,0.0,0.0
2019-11-08,0.0,0.0,0.0,0.0,0.0
2019-11-09,0.0,0.0,0.0,0.0,0.0
2019-11-10,0.0,0.0,0.0,0.0,0.0
2019-11-11,0.0,0.0,0.0,0.0,0.0
2019-11-12,0.0,0.0,0.0,0.0,0.0
2019-11-13,0.0,0.0,0.0,0.0,0.0
2019-11-14,0.0,0.0,0.0,0.0,0.0
2019-11-15,0.0,0.0,0.0,0.0,0.0
2019-11-16,0.0,0.0,0.0,0.0,0.0
2019-11-17,0.0,0.0,0.0,0.0,0.0
2019-11-18,0.0,0.0,0.0,0.0,0.0
2019-11-19,0.0,0.0,0.0,0.0,0.0
2019-11-20,0.0,0.0,0.0,0.0,0.0
2019-11-21,0.0,0.0,0.0,0.0,0.0
2019-11-22,0.0,0.0,0.0,0.0,0.0
2019-11-23,0.0,0.0,0.0,0.0,0.0
2019-11-24,0.0,0.0,0.0,0.0,0.0
2019-11-25,0.0,0.0,0.0,0.0,0.0
2019-11-26,1.041,105.02,25.7,34.13,45.19
2019-11-27,2.411,59.38,27.54,11.79,20.05
2019-11-28,0.185,36.13,23.18,0.01,12.94
2019-11-29,0.066,25.91,11.08,0.0,14.83
2019-11-30,0.375,32.34,21.62,3.53,7.19
2019-12-01,4.518,45.94,24.59,8.46,12.89
2019-12-02,3.277,52.28,28.01,9.37,14.89
2019-12-03,0.142,29.28,19.68,0.0,9.59
2019-12-04,2.706,45.74,23.29,8.82,13.63
2019-12-05,0.571,44.24,29.24,4.5,10.5
2019-12-06,1.504,46.8,15.06,13.18,18.57
2019-12-07,8.364,87.73,31.63,21.43,34.67
2019-12-08,2.244,50.28,27.24,8.31,14.73
2019-12-09,0.135,27.12,17.23,0.0,9.89
2019-12-10,0.079,21.97,14.19,0.0,7.78
2019-12-11,0.064,20.0,14.13,0.0,5.87
2019-12-12,0.054,19.1,14.95,0.0,4.15
2019-12-13,0.047,19.09,16.27,0.0,2.82
2019-12-14,0.039,18.28,16.32,0.0,1.96
2019-12-15,0.034,18.61,17.27,0.0,1.34
2019-12-16,0.029,19.16,18.19,0.0,0.97
2019-12-17,0.021,17.3,16.6,0.0,0.7
2019-12-18,0.404,43.59,31.83,3.77,8.0
2019-12-19,0.214,36.13,31.72,0.03,4.38
2019-12-20,0.057,17.5,15.02,0.0,2.48
2019-12-21,0.044,16.14,14.25,0.0,1.88
2019-12-22,2.348,60.03,26.7,13.56,19.77
2019-12-23,0.175,32.69,22.0,0.0,10.69
2019-12-24,0.08,22.13,14.24,0.0,7.89
2019-12-25,0.062,19.99,13.83,0.0,6.16
2019-12-26,0.047,17.02,12.26,0.0,4.75
2019-12-27,0.045,18.65,15.67,0.0,2.98
2019-12-28,0.038,18.62,16.59,0.0,2.02
2019-12-29,0.032,18.25,16.86,0.0,1.4
2019-12-30,0.027,18.51,17.53,0.0,0.98
2019-12-31,0.024,19.28,18.55,0.0,0.74
2020-01-01,0.019,18.38,17.8,0.0,0.58
2020-01-02,0.018,20.33,19.79,0.0,0.54
2020-01-03,0.016,20.84,20.33,0.0,0.51
2020-01-04,0.012,20.66,20.21,0.0,0.45
2020-01-05,0.008,15.65,15.37,0.0,0.28
2020-01-06,0.007,17.93,17.6,0.0,0.33
2020-01-07,0.005,15.88,15.62,0.0,0.26
2020-01-08,0.004,15.18,14.97,0.0,0.21
2020-01-09,0.003,10.72,10.68,0.0,0.06
2020-01-10,0.002,11.41,11.31,0.0,0.08
2020-01-11,0.002,11.79,11.75,0.0,0.09
2020-01-12,0.001,12.21,12.14,0.0,0.1
2020-01-13,0.001,9.23,9.21,0.0,0.0
2020-01-14,0.001,9.23,9.15,0.0,0.0
2020-01-15,0.001,9.17,9.26,0.0,0.0
2020-01-16,2.518,90.58,29.24,25.38,35.95
2020-01-17,0.387,47.72,27.51,3.45,16.76
2020-01-18,0.078,31.41,11.73,0.0,19.69
2020-01-19,0.055,25.92,9.95,0.0,15.97
2020-01-20,0.044,21.99,10.25,0.0,11.75
2020-01-21,0.037,20.06,12.32,0.0,7.74
2020-01-22,0.182,39.75,31.12,0.29,8.34
2020-01-23,0.031,19.14,16.04,0.0,3.09
2020-01-24,0.023,16.22,14.19,0.0,2.03
2020-01-25,0.019,16.44,15.17,0.0,1.28
2020-01-26,0.217,41.42,32.07,1.46,7.9
2020-01-27,0.038,20.71,18.26,0.0,2.44
2020-01-28,0.026,15.48,13.87,0.0,1.61
2020-01-29,0.02,15.36,14.29,0.0,1.06
2020-01-30,0.016,13.64,12.95,0.0,0.69
2020-01-31,0.014,16.61,16.08,0.0,0.52
2020-02-01,0.011,15.63,15.26,0.0,0.38
2020-02-02,0.008,13.6,13.36,0.0,0.24
2020-02-03,0.005,9.32,9.28,0.0,0.06
2020-02-04,0.004,9.19,9.17,0.0,0.03
2020-02-05,0.003,9.19,9.18,0.0,0.01
2020-02-06,0.002,9.17,9.16,0.0,0.01
2020-02-07,0.002,9.15,9.17,0.0,0.0
2020-02-08,0.001,9.23,9.19,0.0,0.0
2020-02-09,0.001,9.16,9.19,0.0,0.0
2020-02-10,0.001,9.13,9.12,0.0,0.0
2020-02-11,0.001,9.09,9.11,0.0,0.0
2020-02-12,0.001,9.22,9.18,0.0,0.0
2020-02-13,0.0,9.09,9.17,0.0,0.0
2020-02-14,0.0,9.12,9.06,0.0,0.0
2020-02-15,0.0,9.09,9.09,0.0,0.0
2020-02-16,0.0,9.0,9.14,0.0,0.0
2020-02-17,0.0,9.35,9.22,0.0,0.0
2020-02-18,0.0,8.9,8.96,0.0,0.0
2020-02-19,0.0,9.26,9.06,0.0,0.0
2020-02-20,0.0,9.16,9.17,0.0,0.0
2020-02-21,0.0,8.68,8.91,0.0,0.0
2020-02-22,0.0,9.06,9.03,0.0,0.0
2020-02-23,0.0,8.94,9.17,0.0,0.0
2020-02-24,0.0,8.94,8.91,0.0,0.0
2020-02-25,0.0,8.82,9.07,0.0,0.0
2020-02-26,0.0,9.26,9.26,0.0,0.0
2020-02-27,0.0,9.26,9.0,0.0,0.0
2020-02-28,0.0,9.14,9.2,0.0,0.0
2020-02-29,0.0,9.14,8.94,0.0,0.0
2020-03-01,0.0,9.0,9.17,0.0,0.0
2020-03-02,0.0,9.0,8.91,0.0,0.0
2020-03-03,0.0,8.85,9.17,0.0,0.0
2020-03-04,0.0,8.85,8.91,0.0,0.0
2020-03-05,0.0,9.4,9.19,0.0,0.0
2020-03-06,0.0,8.68,8.93,0.0,0.0
2020-03-07,0.0,9.26,9.26,0.0,0.0
2020-03-08,0.0,9.26,9.0,0.0,0.0
2020-03-09,0.0,9.09,9.37,0.0,0.0
2020-03-10,0.0,9.09,9.1,0.0,0.0
2020-03-11,0.0,9.09,8.84,0.0,0.0
2020-03-12,0.0,8.9,9.25,0.0,0.0
2020-03-13,0.0,8.9,8.99,0.0,0.0
2020-03-14,0.616,61.81,29.91,13.4,18.49
2020-03-15,1.865,46.71,27.07,7.85,11.8
2020-03-16,1.958,46.64,25.25,8.08,13.31
2020-03-17,0.108,22.3,14.45,0.0,7.84
2020-03-18,0.062,16.71,10.32,0.0,6.39
2020-03-19,0.05,15.71,10.97,0.0,4.74
2020-03-20,0.04,14.74,11.3,0.0,3.44
2020-03-21,0.031,13.58,11.15,0.0,2.43
2020-03-22,0.023,11.81,10.14,0.0,1.67
2020-03-23,0.018,10.47,9.39,0.0,1.07
2020-03-24,0.014,9.91,9.27,0.0,0.64
2020-03-25,0.011,9.53,9.17,0.0,0.36
2020-03-26,0.008,9.37,9.18,0.0,0.19
2020-03-27,0.006,9.26,9.17,0.0,0.1
2020-03-28,0.005,9.22,9.17,0.0,0.05
2020-03-29,0.004,9.21,9.17,0.0,0.02
2020-03-30,0.003,9.19,9.19,0.0,0.01
2020-03-31,0.002,9.16,9.16,0.0,0.01
2020-04-01,0.002,9.17,9.16,0.0,0.0
2020-04-02,0.001,9.21,9.19,0.0,0.0
2020-04-03,0.001,9.18,9.16,0.0,0.0
2020-04-04,1.268,63.68,24.13,16.89,22.66
2020-04-05,6.431,68.1,30.55,14.9,22.64
2020-04-06,1.869,44.92,24.26,7.53,13.13
2020-04-07,0.172,30.11,20.87,0.01,9.23
2020-04-08,0.074,19.97,12.44,0.0,7.53
2020-04-09,0.06,18.9,13.32,0.0,5.58
2020-04-10,0.047,17.38,13.21,0.0,4.16
2020-04-11,0.037,16.05,13.05,0.0,3.0
2020-04-12,0.028,13.99,11.85,0.0,2.14
2020-04-13,0.02,11.53,10.08,0.0,1.45
2020-04-14,0.015,10.09,9.19,0.0,0.9
2020-04-15,0.012,9.69,9.17,0.0,0.52
2020-04-16,0.009,9.46,9.18,0.0,0.29
2020-04-17,0.007,9.32,9.17,0.0,0.15
2020-04-18,0.006,9.24,9.17,0.0,0.07
2020-04-19,0.004,9.22,9.17,0.0,0.04
2020-04-20,0.003,9.2,9.17,0.0,0.02
2020-04-21,0.003,9.14,9.16,0.0,0.01
2020-04-22,0.002,9.18,9.19,0.0,0.0
2020-04-23,0.002,9.16,9.18,0.0,0.0
2020-04-24,0.001,9.13,9.17,0.0,0.0
2020-04-25,0.001,9.26,9.22,0.0,0.0
2020-04-26,0.001,9.23,9.2,0.0,0.0
2020-04-27,0.001,9.18,9.11,0.0,0.0
2020-04-28,0.0,9.0,9.13,0.0,0.0
2020-04-29,0.0,9.26,9.12,0.0,0.0
2020-04-30,0.0,9.09,9.28,0.0,0.0
2020-05-01,0.0,9.0,9.21,0.0,0.0
2020-05-02,0.0,9.0,8.95,0.0,0.0
2020-05-03,0.0,8.9,9.03,0.0,0.0
2020-05-04,0.0,9.26,9.12,0.0,0.0
2020-05-05,0.0,9.16,9.23,0.0,0.0
2020-05-06,0.0,9.16,8.97,0.0,0.0
2020-05-07,0.0,9.06,9.1,0.0,0.0
2020-05-08,0.0,9.47,9.24,0.0,0.0
2020-05-09,0.0,8.94,8.98,0.0,0.0
2020-05-10,0.0,9.37,9.14,0.0,0.0
2020-05-11,0.0,8.82,8.88,0.0,0.0
2020-05-12,0.0,9.26,9.06,0.0,0.0
2020-05-13,0.0,9.14,9.27,0.0,0.0
2020-05-14,0.0,9.14,9.01,0.0,0.0
2020-05-15,0.0,9.0,9.24,0.0,0.0
2020-05-16,0.0,9.0,8.98,0.0,0.0
2020-05-17,0.0,9.53,9.23,0.0,0.0
2020-05-18,0.073,42.14,36.79,0.3,5.05
2020-05-19,0.005,30.47,29.28,0.0,1.19
2020-05-20,0.002,9.85,9.54,0.0,0.35
2020-05-21,0.001,9.33,9.16,0.0,0.16
2020-05-22,0.001,9.28,9.18,0.0,0.07
2020-05-23,0.001,9.1,9.13,0.0,0.04
2020-05-24,0.001,9.18,9.17,0.0,0.02
2020-05-25,0.0,9.26,9.18,0.0,0.01
2020-05-26,0.0,9.26,9.17,0.0,0.01
2020-05-27,0.0,9.18,8.98,0.0,0.0
2020-05-28,0.0,9.43,9.22,0.0,0.0
2020-05-29,0.0,9.0,8.95,0.0,0.0
2020-05-30,0.0,8.9,9.04,0.0,0.0
2020-05-31,0.0,9.26,9.13,0.0,0.0
2020-06-01,0.0,9.16,9.24,0.0,0.0
2020-06-02,0.0,9.16,8.98,0.0,0.0
2020-06-03,0.0,9.06,9.1,0.0,0.0
2020-06-04,0.0,9.47,9.25,0.0,0.0
2020-06-05,0.0,8.94,8.99,0.0,0.0
2020-06-06,0.0,9.37,9.15,0.0,0.0
2020-06-07,0.0,8.82,8.89,0.0,0.0
2020-06-08,0.0,9.26,9.07,0.0,0.0
2020-06-09,0.0,9.14,9.28,0.0,0.0
2020-06-10,0.0,9.14,9.01,0.0,0.0
2020-06-11,0.0,9.0,9.24,0.0,0.0
2020-06-12,0.0,9.0,8.98,0.0,0.0
2020-06-13,0.0,9.53,9.24,0.0,0.0
2020-06-14,0.0,8.85,8.98,0.0,0.0
2020-06-15,0.0,9.4,9.27,0.0,0.0
2020-06-16,0.0,8.68,9.01,0.0,0.0
2020-06-17,0.0,9.26,9.33,0.0,0.0
2020-06-18,0.0,9.26,9.07,0.0,0.0
2020-06-19,0.0,8.49,8.81,0.0,0.0
2020-06-20,0.0,9.09,9.18,0.0,0.0
2020-06-21,0.0,9.09,8.92,0.0,0.0
2020-06-22,0.0,8.9,9.33,0.0,0.0
2020-06-23,0.0,8.9,9.06,0.0,0.0
2020-06-24,0.0,8.9,8.81,0.0,0.0
2020-06-25,0.0,9.65,9.27,0.0,0.0
2020-06-26,0.0,8.68,9.01,0.0,0.0
2020-06-27,0.0,8.68,8.75,0.0,0.0
2020-06-28,0.0,9.47,9.28,0.0,0.0
2020-06-29,0.0,9.47,9.02,0.0,0.0
2020-06-30,0.0,8.42,8.76,0.0,0.0
2020-07-01,0.0,9.26,9.36,0.0,0.0
2020-07-02,0.0,9.26,9.1,0.0,0.0
2020-07-03,0.0,9.26,8.84,0.0,0.0
2020-07-04,0.0,9.0,9.54,0.0,0.0
2020-07-05,0.0,9.0,9.27,0.0,0.0
2020-07-06,0.0,9.0,9.01,0.0,0.0
2020-07-07,0.0,9.0,8.76,0.0,0.0
2020-07-08,0.0,10.13,9.57,0.0,0.0
2020-07-09,0.0,8.68,9.3,0.0,0.0
2020-07-10,0.0,8.68,9.04,0.0,0.0
2020-07-11,0.0,8.68,8.78,0.0,0.0
2020-07-12,0.0,8.68,8.53,0.0,0.0
2020-07-13,0.0,9.92,9.47,0.0,0.0
2020-07-14,0.0,9.92,9.21,0.0,0.0
2020-07-15,0.0,8.27,8.94,0.0,0.0
2020-07-16,0.0,8.27,8.69,0.0,0.0
2020-07-17,0.0,8.27,8.44,0.0,0.0
2020-07-18,0.0,9.65,9.57,0.0,0.0
2020-07-19,0.0,9.65,9.3,0.0,0.0
2020-07-20,0.0,9.65,9.04,0.0,0.0
2020-07-21,0.0,9.65,8.78,0.0,0.0
2020-07-22,0.0,7.72,8.53,0.0,0.0
2020-07-23,0.0,9.26,9.95,0.0,0.0
2020-07-24,0.0,9.26,9.67,0.0,0.0
2020-07-25,0.0,9.26,9.39,0.0,0.0
2020-07-26,0.0,9.26,9.13,0.0,0.0
2020-07-27,0.0,9.26,8.87,0.0,0.0
2020-07-28,0.0,9.26,8.62,0.0,0.0
2020-07-29,0.0,9.26,8.37,0.0,0.0
2020-07-30,0.0,11.57,10.17,0.0,0.0
2020-07-31,0.0,8.68,9.88,0.0,0.0
2020-08-01,0.0,8.68,9.6,0.0,0.0
2020-08-02,0.0,8.68,9.33,0.0,0.0
2020-08-03,0.0,8.68,9.07,0.0,0.0
2020-08-04,0.0,8.68,8.81,0.0,0.0
2020-08-05,0.0,8.68,8.56,0.0,0.0
2020-08-06,0.0,8.68,8.32,0.0,0.0
2020-08-07,0.0,8.68,8.08,0.0,0.0
2020-08-08,0.0,11.57,10.47,0.0,0.0
2020-08-09,0.0,11.57,10.17,0.0,0.0
2020-08-10,0.0,11.57,9.88,0.0,0.0
2020-08-11,0.0,7.72,9.6,0.0,0.0
2020-08-12,0.0,7.72,9.33,0.0,0.0
2020-08-13,0.0,7.72,9.07,0.0,0.0
2020-08-14,0.0,7.72,8.81,0.0,0.0
2020-08-15,0.0,7.72,8.56,0.0,0.0
2020-08-16,0.0,7.72,8.32,0.0,0.0
2020-08-17,0.0,7.72,8.08,0.0,0.0
2020-08-18,0.0,7.72,7.85,0.0,0.0
2020-08-19,0.0,7.72,7.63,0.0,0.0
2020-08-20,0.0,11.57,11.12,0.0,0.0
2020-08-21,0.0,11.57,10.81,0.0,0.0
2020-08-22,0.0,11.57,10.5,0.0,0.0
2020-08-23,0.0,11.57,10.2,0.0,0.0
2020-08-24,0.0,11.57,9.91,0.0,0.0
2020-08-25,0.0,11.57,9.63,0.0,0.0
2020-08-26,0.0,11.57,9.36,0.0,0.0
2020-08-27,0.0,11.57,9.09,0.0,0.0
2020-08-28,0.0,11.57,8.84,0.0,0.0
2020-08-29,0.0,5.79,8.59,0.0,0.0
2020-08-30,0.0,5.79,8.34,0.0,0.0
2020-08-31,0.0,5.79,8.11,0.0,0.0
2020-09-01,0.0,5.79,7.88,0.0,0.0
2020-09-02,0.0,5.79,7.65,0.0,0.0
2020-09-03,0.0,5.79,7.44,0.0,0.0
2020-09-04,0.0,5.79,7.23,0.0,0.0
2020-09-05,0.0,5.79,7.02,0.0,0.0
2020-09-06,0.0,5.79,6.82,0.0,0.0
2020-09-07,0.0,11.57,13.26,0.0,0.0
2020-09-08,0.0,11.57,12.88,0.0,0.0
2020-09-09,0.0,11.57,12.52,0.0,0.0
2020-09-10,0.0,11.57,12.16,0.0,0.0
2020-09-11,0.0,11.57,11.82,0.0,0.0
2020-09-12,0.0,11.57,11.48,0.0,0.0
2020-09-13,0.0,11.57,11.16,0.0,0.0
2020-09-14,0.0,11.57,10.84,0.0,0.0
2020-09-15,0.0,11.57,10.53,0.0,0.0
2020-09-16,0.0,11.57,10.24,0.0,0.0
2020-09-17,0.0,11.57,9.95,0.0,0.0
2020-09-18,0.0,11.57,9.66,0.0,0.0
2020-09-19,0.0,11.57,9.39,0.0,0.0
2020-09-20,0.0,11.57,9.12,0.0,0.0
2020-09-21,0.0,11.57,8.87,0.0,0.0
2020-09-22,0.0,11.57,8.61,0.0,0.0
2020-09-23,0.0,11.57,8.37,0.0,0.0
2020-09-24,0.0,11.57,8.13,0.0,0.0
2020-09-25,0.0,11.57,7.9,0.0,0.0
2020-09-26,0.0,11.57,7.68,0.0,0.0
2020-09-27,0.0,11.57,7.46,0.0,0.0
2020-09-28,0.0,11.57,7.25,0.0,0.0
2020-09-29,0.0,11.57,7.04,0.0,0.0
2020-09-30,0.0,11.57,6.84,0.0,0.0
2020-10-01,0.0,11.57,6.65,0.0,0.0
2020-10-02,0.0,11.57,6.46,0.0,0.0
2020-10-03,0.0,11.57,6.28,0.0,0.0
2020-10-04,0.0,11.57,6.1,0.0,0.0
2020-10-05,0.0,11.57,5.93,0.0,0.0
2020-10-06,0.0,0.0,5.76,0.0,0.0
2020-10-07,0.0,0.0,5.6,0.0,0.0
2020-10-08,0.0,0.0,5.44,0.0,0.0
2020-10-09,0.0,0.0,5.28,0.0,0.0
2020-10-10,0.0,0.0,5.13,0.0,0.0
2020-10-11,0.0,0.0,4.99,0.0,0.0
2020-10-12,0.0,0.0,4.85,0.0,0.0
2020-10-13,0.0,0.0,4.71,0.0,0.0
2020-10-14,0.0,0.0,4.58,0.0,0.0
2020-10-15,0.0,0.0,0.0,0.0,0.0
2020-10-16,0.0,0.0,0.0,0.0,0.0
2020-10-17,0.0,0.0,0.0,0.0,0.0
2020-10-18,0.0,0.0,0.0,0.0,0.0
2020-10-19,0.0,0.0,0.0,0.0,0.0
2020-10-20,0.0,0.0,0.0,0.0,0.0
2020-10-21,0.0,0.0,0.0,0.0,0.0
2020-10-22,0.0,0.0,0.0,0.0,0.0
2020-10-23,0.0,0.0,0.0,0.0,0.0
2020-10-24,0.0,0.0,0.0,0.0,0.0
2020-10-25,0.0,0.0,0.0,0.0,0.0
2020-10-26,0.0,0.0,0.0,0.0,0.0
2020-10-27,0.0,0.0,0.0,0.0,0.0
2020-10-28,0.0,0.0,0.0,0.0,0.0
2020-10-29,0.0,0.0,0.0,0.0,0.0
2020-10-30,0.0,0.0,0.0,0.0,0.0
2020-10-31,0.0,0.0,0.0,0.0,0.0
2020-11-01,0.0,0.0,0.0,0.0,0.0
2020-11-02,0.0,0.0,0.0,0.0,0.0
2020-11-03,0.0,0.0,0.0,0.0,0.0
2020-11-04,0.0,0.0,0.0,0.0,0.0
2020-11-05,0.0,0.0,0.0,0.0,0.0
2020-11-06,0.0,0.0,0.0,0.0,0.0
2020-11-07,0.0,0.0,0.0,0.0,0.0
2020-11-08,0.0,0.0,0.0,0.0,0.0
2020-11-09,0.0,0.0,0.0,0.0,0.0
2020-11-10,0.0,0.0,0.0,0.0,0.0
2020-11-11,0.0,0.0,0.0,0.0,0.0
2020-11-12,0.0,0.0,0.0,0.0,0.0
2020-11-13,0.0,0.0,0.0,0.0,0.0
2020-11-14,0.0,0.0,0.0,0.0,0.0
2020-11-15,0.0,0.0,0.0,0.0,0.0
2020-11-16,0.0,0.0,0.0,0.0,0.0
2020-11-17,0.224,46.29,27.08,8.04,11.17
2020-11-18,1.814,53.01,31.65,8.45,12.91
2020-11-19,0.129,26.79,18.08,0.0,8.7
2020-11-20,0.061,16.55,9.29,0.0,7.26
2020-11-21,0.047,14.74,9.17,0.0,5.56
2020-11-22,0.036,13.25,9.17,0.0,4.07
2020-11-23,0.028,12.02,9.17,0.0,2.85
2020-11-24,0.022,11.07,9.17,0.0,1.89
2020-11-25,0.017,10.37,9.17,0.0,1.19
2020-11-26,0.013,9.89,9.18,0.0,0.71
2020-11-27,0.01,9.58,9.17,0.0,0.4
2020-11-28,0.008,9.39,9.18,0.0,0.21
2020-11-29,0.006,9.29,9.18,0.0,0.11
2020-11-30,0.005,9.23,9.17,0.0,0.05
2020-12-01,0.004,9.2,9.17,0.0,0.02
2020-12-02,0.003,9.19,9.16,0.0,0.01
2020-12-03,0.002,9.16,9.18,0.0,0.01
2020-12-04,0.002,9.18,9.18,0.0,0.0
2020-12-05,0.001,9.18,9.14,0.0,0.0
2020-12-06,0.001,9.13,9.15,0.0,0.0
2020-12-07,0.001,9.12,9.13,0.0,0.0
2020-12-08,0.001,9.12,9.16,0.0,0.0
2020-12-09,0.001,9.3,9.23,0.0,0.0
2020-12-10,0.0,9.26,9.17,0.0,0.0
2020-12-11,0.0,9.33,9.23,0.0,0.0
2020-12-12,0.39,41.07,32.85,1.96,6.26
2020-12-13,2.452,47.29,25.49,9.0,12.8
2020-12-14,0.323,35.67,26.44,1.33,7.9
2020-12-15,0.071,17.33,9.79,0.0,7.54
2020-12-16,0.053,15.11,9.26,0.0,5.85
2020-12-17,0.793,40.91,27.27,4.72,8.93
2020-12-18,0.08,19.6,14.91,0.0,4.69
2020-12-19,0.051,13.14,9.35,0.0,3.79
2020-12-20,0.04,12.14,9.32,0.0,2.81
2020-12-21,0.031,11.35,9.36,0.0,2.0
2020-12-22,0.024,10.73,9.38,0.0,1.35
2020-12-23,0.019,10.05,9.18,0.0,0.87
2020-12-24,0.015,9.71,9.18,0.0,0.53
2020-12-25,0.034,23.33,20.47,0.33,2.52
2020-12-26,0.05,37.98,34.39,0.0,3.6
2020-12-27,0.011,10.44,9.87,0.0,0.57
2020-12-28,0.008,9.49,9.18,0.0,0.31
2020-12-29,0.006,9.39,9.22,0.0,0.16
2020-12-30,0.005,9.3,9.22,0.0,0.08
2020-12-31,0.004,9.28,9.22,0.0,0.04
2021-01-01,0.003,9.28,9.25,0.0,0.02
2021-01-02,0.002,9.23,9.24,0.0,0.01
2021-01-03,0.002,9.32,9.3,0.0,0.01
2021-01-04,1.026,62.81,33.23,12.51,17.07
2021-01-05,0.189,41.03,28.67,0.5,11.86
2021-01-06,0.058,18.72,9.62,0.0,9.1
2021-01-07,0.045,16.25,9.3,0.0,6.94
2021-01-08,0.035,14.23,9.18,0.0,5.05
2021-01-09,0.027,12.78,9.29,0.0,3.48
2021-01-10,0.021,11.63,9.35,0.0,2.29
2021-01-11,0.016,10.95,9.52,0.0,1.42
2021-01-12,0.013,10.02,9.18,0.0,0.84
2021-01-13,0.01,9.65,9.17,0.0,0.47
2021-01-14,0.008,9.43,9.18,0.0,0.25
2021-01-15,0.006,9.3,9.18,0.0,0.12
2021-01-16,0.005,9.23,9.17,0.0,0.06
2021-01-17,0.004,9.2,9.17,0.0,0.03
2021-01-18,0.003,9.19,9.16,0.0,0.01
2021-01-19,0.002,9.18,9.18,0.0,0.01
2021-01-20,0.002,9.12,9.15,0.0,0.0
2021-01-21,0.001,9.21,9.16,0.0,0.0
2021-01-22,0.001,9.1,9.13,0.0,0.0
2021-01-23,0.001,9.11,9.15,0.0,0.0
2021-01-24,0.001,9.15,9.19,0.0,0.0
2021-01-25,0.0,9.16,9.23,0.0,0.0
2021-01-26,0.8,20.41,8.95,4.92,6.54
2021-01-27,8.187,119.78,36.9,31.91,50.98
2021-01-28,9.416,83.05,34.91,18.14,30.0
2021-01-29,1.238,38.64,23.93,4.9,9.82
2021-01-30,0.125,23.45,15.39,0.01,8.05
2021-01-31,0.068,18.72,11.85,0.0,6.87
2021-02-01,0.053,16.51,11.21,0.0,5.3
2021-02-02,1.622,47.39,27.84,7.48,12.07
2021-02-03,0.135,24.72,17.96,0.0,6.76
2021-02-04,0.075,18.8,13.65,0.0,5.14
2021-02-05,0.061,17.92,14.07,0.0,3.85
2021-02-06,0.051,17.63,14.86,0.0,2.78
2021-02-07,0.042,17.31,15.32,0.0,1.98
2021-02-08,0.032,16.65,15.22,0.0,1.43
2021-02-09,0.021,11.98,10.97,0.0,1.0
2021-02-10,0.019,14.61,13.93,0.0,0.68
2021-02-11,0.016,15.42,14.93,0.0,0.49
2021-02-12,0.012,13.7,13.37,0.0,0.33
2021-02-13,0.01,15.82,15.53,0.0,0.3
2021-02-14,0.006,9.38,9.31,0.0,0.06
2021-02-15,0.006,16.01,15.76,0.0,0.26
2021-02-16,0.005,15.12,14.89,0.0,0.22
2021-02-17,0.005,19.67,19.31,0.0,0.36
2021-02-18,0.002,9.57,9.53,0.0,0.01
2021-02-19,0.002,9.31,9.31,0.0,0.01
2021-02-20,0.001,9.55,9.54,0.0,0.01
2021-02-21,0.001,9.18,9.15,0.0,0.0
2021-02-22,0.001,9.15,9.17,0.0,0.0
2021-02-23,0.001,9.16,9.14,0.0,0.0
2021-02-24,0.001,9.13,9.15,0.0,0.0
2021-02-25,0.0,9.26,9.24,0.0,0.0
2021-02-26,0.0,9.33,9.28,0.0,0.0
2021-02-27,0.0,9.09,9.03,0.0,0.0
2021-02-28,0.0,9.0,9.1,0.0,0.0
2021-03-01,0.0,9.35,9.18,0.0,0.0
2021-03-02,0.0,8.9,8.92,0.0,0.0
2021-03-03,0.0,8.8,9.02,0.0,0.0
2021-03-04,0.0,9.16,9.12,0.0,0.0
2021-03-05,0.0,9.06,9.25,0.0,0.0
2021-03-06,0.0,9.06,8.99,0.0,0.0
2021-03-07,0.0,8.94,9.13,0.0,0.0
2021-03-08,0.0,9.37,9.3,0.0,0.0
2021-03-09,0.0,8.82,9.03,0.0,0.0
2021-03-10,0.619,45.34,32.75,4.47,8.13
2021-03-11,0.924,37.99,27.39,4.07,6.53
2021-03-12,0.071,18.46,14.83,0.0,3.63
2021-03-13,0.047,13.17,10.18,0.0,2.99
2021-03-14,0.037,12.46,10.27,0.0,2.18
2021-03-15,0.028,10.82,9.28,0.0,1.55
2021-03-16,0.023,11.62,10.6,0.0,1.02
2021-03-17,0.018,11.48,10.81,0.0,0.66
2021-03-18,0.203,35.93,29.72,0.32,5.88
2021-03-19,0.115,38.3,34.21,0.0,4.08
2021-03-20,0.025,12.22,10.58,0.0,1.64
2021-03-21,0.019,10.56,9.48,0.0,1.08
2021-03-22,0.014,9.84,9.18,0.0,0.66
2021-03-23,0.011,9.55,9.17,0.0,0.38
2021-03-24,0.009,9.37,9.18,0.0,0.2
2021-03-25,0.007,9.27,9.17,0.0,0.1
2021-03-26,0.005,9.22,9.18,0.0,0.05
2021-03-27,0.004,9.2,9.17,0.0,0.02
2021-03-28,0.003,9.21,9.19,0.0,0.01
2021-03-29,0.002,9.18,9.19,0.0,0.0
2021-03-30,0.002,9.16,9.18,0.0,0.0
2021-03-31,0.001,9.17,9.19,0.0,0.0
2021-04-01,0.001,9.18,9.17,0.0,0.0
2021-04-02,0.001,9.13,9.19,0.0,0.0
2021-04-03,0.001,9.09,9.17,0.0,0.0
2021-04-04,0.001,9.22,9.24,0.0,0.0
2021-04-05,0.0,9.09,9.23,0.0,0.0
2021-04-06,0.0,9.12,9.12,0.0,0.0
2021-04-07,0.0,9.09,9.1,0.0,0.0
2021-04-08,0.0,9.0,9.15,0.0,0.0
2021-04-09,0.0,9.35,9.23,0.0,0.0
2021-04-10,0.0,8.9,8.97,0.0,0.0
2021-04-11,0.0,9.26,9.06,0.0,0.0
2021-04-12,0.0,9.16,9.17,0.0,0.0
2021-04-13,0.0,8.68,8.91,0.0,0.0
2021-04-14,0.0,9.06,9.04,0.0,0.0
2021-04-15,0.0,8.94,9.18,0.0,0.0
2021-04-16,0.0,8.94,8.92,0.0,0.0
2021-04-17,0.0,8.82,9.08,0.0,0.0
2021-04-18,0.0,9.26,9.26,0.0,0.0
2021-04-19,0.0,9.26,9.0,0.0,0.0
2021-04-20,0.0,9.14,9.21,0.0,0.0
2021-04-21,0.0,9.14,8.95,0.0,0.0
2021-04-22,0.0,9.0,9.18,0.0,0.0
2021-04-23,0.0,9.0,8.92,0.0,0.0
2021-04-24,0.0,8.85,9.17,0.0,0.0
2021-04-25,0.0,8.85,8.91,0.0,0.0
2021-04-26,0.0,9.4,9.2,0.0,0.0
2021-04-27,0.0,8.68,8.94,0.0,0.0
2021-04-28,0.0,9.26,9.27,0.0,0.0
2021-04-29,0.0,9.26,9.0,0.0,0.0
2021-04-30,0.0,9.09,9.37,0.0,0.0
2021-05-01,0.0,9.09,9.11,0.0,0.0
2021-05-02,0.0,9.09,8.85,0.0,0.0
2021-05-03,0.0,8.9,9.26,0.0,0.0
2021-05-04,0.0,8.9,9.0,0.0,0.0
2021-05-05,0.0,8.9,8.74,0.0,0.0
2021-05-06,0.0,9.65,9.2,0.0,0.0
2021-05-07,0.0,8.68,8.94,0.0,0.0
2021-05-08,0.0,9.47,9.48,0.0,0.0
2021-05-09,0.0,9.47,9.21,0.0,0.0
2021-05-10,0.0,9.47,8.95,0.0,0.0
2021-05-11,0.0,8.42,8.7,0.0,0.0
2021-05-12,0.0,9.26,9.29,0.0,0.0
2021-05-13,0.0,9.26,9.03,0.0,0.0
2021-05-14,0.0,9.26,8.78,0.0,0.0
2021-05-15,0.0,9.0,9.47,0.0,0.0
2021-05-16,0.0,9.0,9.21,0.0,0.0
2021-05-17,0.0,9.0,8.94,0.0,0.0
2021-05-18,0.0,9.0,8.69,0.0,0.0
2021-05-19,0.0,10.13,9.5,0.0,0.0
2021-05-20,0.0,8.68,9.23,0.0,0.0
2021-05-21,0.0,8.68,8.97,0.0,0.0
2021-05-22,0.0,8.68,8.72,0.0,0.0
2021-05-23,0.0,9.92,9.68,0.0,0.0
2021-05-24,0.0,9.92,9.4,0.0,0.0
2021-05-25,0.0,9.92,9.14,0.0,0.0
2021-05-26,0.0,8.27,8.88,0.0,0.0
2021-05-27,0.0,8.27,8.63,0.0,0.0
2021-05-28,0.0,9.65,9.78,0.0,0.0
2021-05-29,0.0,9.65,9.5,0.0,0.0
2021-05-30,0.0,9.65,9.23,0.0,0.0
2021-05-31,0.0,9.65,8.97,0.0,0.0
2021-06-01,0.0,9.65,8.72,0.0,0.0
2021-06-02,0.0,7.72,8.47,0.0,0.0
2021-06-03,0.0,9.26,9.88,0.0,0.0
2021-06-04,0.0,9.26,9.6,0.0,0.0
2021-06-05,0.0,9.26,9.33,0.0,0.0
2021-06-06,0.0,9.26,9.06,0.0,0.0
2021-06-07,0.0,9.26,8.8,0.0,0.0
2021-06-08,0.0,9.26,8.55,0.0,0.0
2021-06-09,0.0,9.26,8.31,0.0,0.0
2021-06-10,0.0,8.68,10.1,0.0,0.0
2021-06-11,0.0,8.68,9.81,0.0,0.0
2021-06-12,0.0,8.68,9.53,0.0,0.0
2021-06-13,0.0,8.68,9.26,0.0,0.0
2021-06-14,0.0,8.68,9.0,0.0,0.0
2021-06-15,0.0,8.68,8.74,0.0,0.0
2021-06-16,0.0,8.68,8.5,0.0,0.0
2021-06-17,0.0,8.68,8.26,0.0,0.0
2021-06-18,0.0,8.68,8.02,0.0,0.0
2021-06-19,0.0,11.57,10.39,0.0,0.0
2021-06-20,0.0,11.57,10.1,0.0,0.0
2021-06-21,0.0,11.57,9.81,0.0,0.0
2021-06-22,0.0,7.72,9.53,0.0,0.0
2021-06-23,0.0,7.72,9.26,0.0,0.0
2021-06-24,0.0,7.72,9.0,0.0,0.0
2021-06-25,0.0,7.72,8.75,0.0,0.0
2021-06-26,0.0,7.72,8.5,0.0,0.0
2021-06-27,0.0,7.72,8.26,0.0,0.0
2021-06-28,0.0,7.72,8.02,0.0,0.0
2021-06-29,0.0,7.72,7.8,0.0,0.0
2021-06-30,0.0,7.72,7.58,0.0,0.0
2021-07-01,0.0,11.57,11.04,0.0,0.0
2021-07-02,0.0,11.57,10.73,0.0,0.0
2021-07-03,0.0,11.57,10.42,0.0,0.0
2021-07-04,0.0,11.57,10.13,0.0,0.0
2021-07-05,0.0,11.57,9.84,0.0,0.0
2021-07-06,0.0,11.57,9.56,0.0,0.0
2021-07-07,0.0,11.57,9.29,0.0,0.0
2021-07-08,0.0,11.57,9.03,0.0,0.0
2021-07-09,0.0,11.57,8.77,0.0,0.0
2021-07-10,0.0,5.79,8.52,0.0,0.0
2021-07-11,0.0,5.79,8.28,0.0,0.0
2021-07-12,0.0,5.79,8.05,0.0,0.0
2021-07-13,0.0,5.79,7.82,0.0,0.0
2021-07-14,0.0,5.79,7.6,0.0,0.0
2021-07-15,0.0,5.79,7.38,0.0,0.0
2021-07-16,0.0,5.79,7.17,0.0,0.0
2021-07-17,0.0,5.79,6.97,0.0,0.0
2021-07-18,0.0,11.57,13.55,0.0,0.0
2021-07-19,0.0,11.57,13.16,0.0,0.0
2021-07-20,0.0,11.57,12.79,0.0,0.0
2021-07-21,0.0,11.57,12.43,0.0,0.0
2021-07-22,0.0,11.57,12.07,0.0,0.0
2021-07-23,0.0,11.57,11.73,0.0,0.0
2021-07-24,0.0,11.57,11.4,0.0,0.0
2021-07-25,0.0,11.57,11.08,0.0,0.0
2021-07-26,0.0,11.57,10.76,0.0,0.0
2021-07-27,0.0,11.57,10.46,0.0,0.0
2021-07-28,0.0,11.57,10.16,0.0,0.0
2021-07-29,0.0,11.57,9.87,0.0,0.0
2021-07-30,0.0,11.57,9.59,0.0,0.0
2021-07-31,0.0,11.57,9.32,0.0,0.0
2021-08-01,0.0,11.57,9.06,0.0,0.0
2021-08-02,0.0,11.57,8.8,0.0,0.0
2021-08-03,0.0,11.57,8.55,0.0,0.0
2021-08-04,0.0,11.57,8.31,0.0,0.0
2021-08-05,0.0,11.57,8.07,0.0,0.0
2021-08-06,0.0,11.57,7.84,0.0,0.0
2021-08-07,0.0,11.57,7.62,0.0,0.0
2021-08-08,0.0,11.57,7.41,0.0,0.0
2021-08-09,0.0,11.57,7.2,0.0,0.0
2021-08-10,0.0,11.57,6.99,0.0,0.0
2021-08-11,0.0,11.57,6.79,0.0,0.0
2021-08-12,0.0,11.57,6.6,0.0,0.0
2021-08-13,0.0,11.57,6.42,0.0,0.0
2021-08-14,0.0,11.57,6.23,0.0,0.0
2021-08-15,0.0,11.57,6.06,0.0,0.0
2021-08-16,0.0,11.57,5.89,0.0,0.0
2021-08-17,0.0,0.0,5.72,0.0,0.0
2021-08-18,0.0,0.0,5.56,0.0,0.0
2021-08-19,0.0,0.0,5.4,0.0,0.0
2021-08-20,0.0,0.0,5.25,0.0,0.0
2021-08-21,0.0,0.0,5.1,0.0,0.0
2021-08-22,0.0,0.0,4.95,0.0,0.0
2021-08-23,0.0,0.0,4.81,0.0,0.0
2021-08-24,0.0,0.0,4.68,0.0,0.0
2021-08-25,0.0,0.0,0.0,0.0,0.0
2021-08-26,0.0,0.0,0.0,0.0,0.0
2021-08-27,0.0,0.0,0.0,0.0,0.0
2021-08-28,0.0,0.0,0.0,0.0,0.0
2021-08-29,0.0,0.0,0.0,0.0,0.0
2021-08-30,0.0,0.0,0.0,0.0,0.0
2021-08-31,0.0,0.0,0.0,0.0,0.0
2021-09-01,0.0,0.0,0.0,0.0,0.0
2021-09-02,0.0,0.0,0.0,0.0,0.0
2021-09-03,0.0,0.0,0.0,0.0,0.0
2021-09-04,0.0,0.0,0.0,0.0,0.0
2021-09-05,0.0,0.0,0.0,0.0,0.0
2021-09-06,0.0,0.0,0.0,0.0,0.0
2021-09-07,0.0,0.0,0.0,0.0,0.0
2021-09-08,0.0,0.0,0.0,0.0,0.0
2021-09-09,0.0,0.0,0.0,0.0,0.0
2021-09-10,0.0,0.0,0.0,0.0,0.0
2021-09-11,0.0,0.0,0.0,0.0,0.0
2021-09-12,0.0,0.0,0.0,0.0,0.0
2021-09-13,0.0,0.0,0.0,0.0,0.0
2021-09-14,0.0,0.0,0.0,0.0,0.0
2021-09-15,0.0,0.0,0.0,0.0,0.0
2021-09-16,0.0,0.0,0.0,0.0,0.0
2021-09-17,0.0,0.0,0.0,0.0,0.0
2021-09-18,0.0,0.0,0.0,0.0,0.0
2021-09-19,0.0,0.0,0.0,0.0,0.0
2021-09-20,0.0,0.0,0.0,0.0,0.0
2021-09-21,0.0,0.0,0.0,0.0,0.0
2021-09-22,0.0,0.0,0.0,0.0,0.0
2021-09-23,0.0,0.0,0.0,0.0,0.0
2021-09-24,0.0,0.0,0.0,0.0,0.0
2021-09-25,0.0,0.0,0.0,0.0,0.0
2021-09-26,0.0,0.0,0.0,0.0,0.0
2021-09-27,0.0,0.0,0.0,0.0,0.0
2021-09-28,0.0,0.0,0.0,0.0,0.0
2021-09-29,0.0,0.0,0.0,0.0,0.0
2021-09-30,0.0,0.0,0.0,0.0,0.0
2021-10-01,0.0,0.0,0.0,0.0,0.0
2021-10-02,0.0,0.0,0.0,0.0,0.0
2021-10-03,0.0,0.0,0.0,0.0,0.0
2021-10-04,0.0,0.0,0.0,0.0,0.0
2021-10-05,0.0,0.0,0.0,0.0,0.0
2021-10-06,0.0,0.0,0.0,0.0,0.0
2021-10-07,0.0,0.0,0.0,0.0,0.0
2021-10-08,0.0,0.0,0.0,0.0,0.0
2021-10-09,0.0,0.0,0.0,0.0,0.0
2021-10-10,0.0,0.0,0.0,0.0,0.0
2021-10-11,0.0,0.0,0.0,0.0,0.0
2021-10-12,0.0,0.0,0.0,0.0,0.0
2021-10-13,0.0,0.0,0.0,0.0,0.0
2021-10-14,0.0,0.0,0.0,0.0,0.0
2021-10-15,0.0,0.0,0.0,0.0,0.0
2021-10-16,0.0,0.0,0.0,0.0,0.0
2021-10-17,0.0,0.0,0.0,0.0,0.0
2021-10-18,0.0,0.0,0.0,0.0,0.0
2021-10-19,0.0,0.0,0.0,0.0,0.0
2021-10-20,0.004,0.03,0.03,0.0,0.0
2021-10-21,0.364,44.89,34.14,2.6,8.15
2021-10-22,1.541,51.48,27.8,9.22,14.46
2021-10-23,0.343,25.62,15.51,2.82,7.3
2021-10-24,25.401,166.34,44.81,39.28,82.25
2021-10-25,6.705,106.27,41.0,21.29,43.98
2021-10-26,0.17,32.05,21.06,0.0,10.98
2021-10-27,0.094,24.45,16.46,0.0,7.99
2021-10-28,0.082,23.01,17.31,0.0,5.7
2021-10-29,0.071,22.01,17.96,0.0,4.05
2021-10-30,0.061,21.18,18.3,0.0,2.88
2021-10-31,0.051,20.65,18.58,0.0,2.07
2021-11-01,0.059,20.81,18.57,0.02,2.23
2021-11-02,0.075,34.34,31.41,0.0,2.93
2021-11-03,0.034,21.49,20.65,0.0,0.84
2021-11-04,0.028,20.7,20.02,0.0,0.68
2021-11-05,0.027,21.73,21.09,0.0,0.63
2021-11-06,0.023,22.4,21.8,0.0,0.59
2021-11-07,0.017,19.96,19.48,0.0,0.48
2021-11-08,0.017,23.2,22.66,0.0,0.54
2021-11-09,0.492,45.73,33.96,3.49,8.28
2021-11-10,0.046,26.1,23.66,0.0,2.44
2021-11-11,0.029,19.07,17.56,0.0,1.51
2021-11-12,0.026,19.78,18.75,0.0,1.03
2021-11-13,0.022,20.24,19.47,0.0,0.76
2021-11-14,0.018,20.14,19.54,0.0,0.6
2021-11-15,0.014,19.22,18.75,0.0,0.48
2021-11-16,0.008,13.5,13.25,0.0,0.25
2021-11-17,0.007,14.54,14.3,0.0,0.24
2021-11-18,0.005,13.51,13.35,0.0,0.17
2021-11-19,0.004,10.18,10.15,0.0,0.05
2021-11-20,0.003,9.22,9.23,0.0,0.01
2021-11-21,0.002,9.17,9.17,0.0,0.0
2021-11-22,0.002,9.13,9.16,0.0,0.0
2021-11-23,0.001,9.17,9.17,0.0,0.0
2021-11-24,0.001,9.19,9.18,0.0,0.0
2021-11-25,0.001,9.26,9.22,0.0,0.0
2021-11-26,0.001,9.02,9.11,0.0,0.0
2021-11-27,0.0,9.06,9.07,0.0,0.0
2021-11-28,0.0,9.26,9.26,0.0,0.0
2021-11-29,0.0,9.18,9.02,0.0,0.0
2021-11-30,0.0,9.43,9.23,0.0,0.0
2021-12-01,0.0,9.0,8.96,0.0,0.0
2021-12-02,0.0,8.9,9.05,0.0,0.0
2021-12-03,0.0,9.26,9.14,0.0,0.0
2021-12-04,0.0,9.16,9.25,0.0,0.0
2021-12-05,0.0,9.16,8.99,0.0,0.0
2021-12-06,0.0,9.06,9.11,0.0,0.0
2021-12-07,0.0,9.47,9.26,0.0,0.0
2021-12-08,0.0,8.94,9.0,0.0,0.0
2021-12-09,0.0,9.37,9.16,0.0,0.0
2021-12-10,0.0,8.82,8.9,0.0,0.0
2021-12-11,0.0,9.26,9.08,0.0,0.0
2021-12-12,2.304,54.67,19.63,14.58,20.46
2021-12-13,24.579,136.61,43.35,32.25,61.02
2021-12-14,4.874,63.59,28.67,13.35,21.57
2021-12-15,4.019,64.49,23.79,15.06,25.64
2021-12-16,5.369,82.02,37.72,16.55,27.75
2021-12-17,0.605,30.15,26.2,0.06,3.89
2021-12-18,0.528,28.06,25.33,0.06,2.67
2021-12-19,0.488,27.23,25.13,0.06,2.04
2021-12-20,0.43,26.69,24.97,0.05,1.67
2021-12-21,0.736,27.44,19.01,3.17,5.26
2021-12-22,3.363,39.5,22.94,6.59,9.96
2021-12-23,8.627,72.38,32.17,15.4,24.8
2021-12-24,5.321,53.45,27.62,10.1,15.73
2021-12-25,6.173,47.87,26.06,8.65,13.16
2021-12-26,3.339,32.39,25.37,2.52,4.5
2021-12-27,4.809,43.02,26.81,6.42,9.79
2021-12-28,1.764,28.98,26.25,0.74,2.0
2021-12-29,3.726,36.23,24.92,4.53,6.78
2021-12-30,1.79,30.66,27.35,1.08,2.23
2021-12-31,1.343,27.85,25.95,0.61,1.29
2022-01-01,1.132,27.45,25.84,0.45,1.17
2022-01-02,0.963,27.0,25.73,0.15,1.12
2022-01-03,1.35,29.08,22.78,2.38,3.92
2022-01-04,4.848,46.95,27.06,7.94,11.95
2022-01-05,1.23,29.49,26.29,0.71,2.5
2022-01-06,1.001,27.37,25.62,0.17,1.57
2022-01-07,0.854,26.9,25.49,0.1,1.31
2022-01-08,0.703,26.77,25.49,0.08,1.19
2022-01-09,0.595,26.35,25.14,0.08,1.13
2022-01-10,0.503,25.81,24.64,0.07,1.09
2022-01-11,0.431,25.4,24.26,0.07,1.07
2022-01-12,0.366,25.1,24.0,0.07,1.04
2022-01-13,0.31,24.88,23.82,0.05,1.01
2022-01-14,0.252,24.53,23.54,0.01,0.98
2022-01-15,0.199,24.01,23.08,0.01,0.92
2022-01-16,0.181,24.0,23.11,0.0,0.89
2022-01-17,0.157,23.36,22.51,0.0,0.84
2022-01-18,0.132,22.43,21.63,0.0,0.8
2022-01-19,0.114,21.93,21.17,0.0,0.76
2022-01-20,0.097,21.35,20.62,0.0,0.72
2022-01-21,0.07,20.19,19.55,0.0,0.64
2022-01-22,0.037,12.01,11.64,0.0,0.38
2022-01-23,0.046,18.47,17.92,0.0,0.55
2022-01-24,0.038,18.1,17.57,0.0,0.52
2022-01-25,0.03,17.21,16.74,0.0,0.48
2022-01-26,0.023,16.14,15.71,0.0,0.43
2022-01-27,0.017,14.59,14.22,0.0,0.37
2022-01-28,0.012,11.65,11.41,0.0,0.24
2022-01-29,0.009,9.93,9.78,0.0,0.16
2022-01-30,0.006,9.37,9.26,0.0,0.1
2022-01-31,0.005,9.23,9.2,0.0,0.05
2022-02-01,0.004,9.16,9.17,0.0,0.01
2022-02-02,0.003,9.21,9.19,0.0,0.0
2022-02-03,0.002,9.17,9.18,0.0,0.0
2022-02-04,0.002,9.18,9.15,0.0,0.0
2022-02-05,0.001,9.19,9.17,0.0,0.0
2022-02-06,0.001,9.19,9.15,0.0,0.0
2022-02-07,0.001,9.23,9.18,0.0,0.0
2022-02-08,0.001,9.3,9.24,0.0,0.0
2022-02-09,0.0,9.16,9.12,0.0,0.0
2022-02-10,0.0,9.07,9.19,0.0,0.0
2022-02-11,0.0,9.18,9.27,0.0,0.0
2022-02-12,0.0,9.09,8.94,0.0,0.0
2022-02-13,0.0,9.0,9.01,0.0,0.0
2022-02-14,0.0,8.9,9.09,0.0,0.0
2022-02-15,0.0,9.26,9.19,0.0,0.0
2022-02-16,0.0,8.8,8.93,0.0,0.0
2022-02-17,0.0,9.16,9.04,0.0,0.0
2022-02-18,0.0,9.06,9.16,0.0,0.0
2022-02-19,0.0,9.06,8.9,0.0,0.0
2022-02-20,0.0,8.94,9.05,0.0,0.0
2022-02-21,0.0,9.37,9.21,0.0,0.0
2022-02-22,0.0,8.82,8.95,0.0,0.0
2022-02-23,0.0,9.26,9.13,0.0,0.0
2022-02-24,0.0,8.68,8.87,0.0,0.0
2022-02-25,0.0,9.14,9.07,0.0,0.0
2022-02-26,0.0,9.0,9.3,0.0,0.0
2022-02-27,0.0,9.0,9.04,0.0,0.0
2022-02-28,0.0,9.53,9.3,0.0,0.0
2022-03-01,0.0,8.85,9.04,0.0,0.0
2022-03-02,0.0,9.4,9.33,0.0,0.0
2022-03-03,0.0,9.4,9.07,0.0,0.0
2022-03-04,0.0,8.68,8.81,0.0,0.0
2022-03-05,0.0,9.26,9.13,0.0,0.0
2022-03-06,0.0,8.49,8.87,0.0,0.0
2022-03-07,0.0,9.09,9.24,0.0,0.0
2022-03-08,0.0,9.09,8.97,0.0,0.0
2022-03-09,0.0,9.79,9.39,0.0,0.0
2022-03-10,0.0,8.9,9.12,0.0,0.0
2022-03-11,0.0,8.9,8.87,0.0,0.0
2022-03-12,0.0,9.65,9.33,0.0,0.0
2022-03-13,0.0,8.68,9.07,0.0,0.0
2022-03-14,0.0,8.68,8.81,0.0,0.0
2022-03-15,0.0,9.47,9.34,0.0,0.0
2022-03-16,0.0,9.47,9.07,0.0,0.0
2022-03-17,0.0,8.42,8.82,0.0,0.0
2022-03-18,0.0,9.26,9.42,0.0,0.0
2022-03-19,0.0,9.26,9.16,0.0,0.0
2022-03-20,0.0,9.26,8.9,0.0,0.0
2022-03-21,0.0,8.1,8.65,0.0,0.0
2022-03-22,0.0,9.0,9.33,0.0,0.0
2022-03-23,0.0,9.0,9.07,0.0,0.0
2022-03-24,0.0,9.0,8.81,0.0,0.0
2022-03-25,0.0,10.13,9.63,0.0,0.0
2022-03-26,0.0,8.68,9.36,0.0,0.0
2022-03-27,0.116,68.11,33.27,15.05,19.8
2022-03-28,1.849,54.24,29.97,10.01,14.27
2022-03-29,0.113,26.6,18.38,0.0,8.22
2022-03-30,0.07,20.64,13.99,0.0,6.65
2022-03-31,0.057,19.45,14.54,0.0,4.91
2022-04-01,0.044,17.93,14.29,0.0,3.64
2022-04-02,0.034,16.08,13.44,0.0,2.64
2022-04-03,0.024,13.69,11.82,0.0,1.87
2022-04-04,0.017,10.47,9.23,0.0,1.24
2022-04-05,0.013,9.91,9.18,0.0,0.74
2022-04-06,0.01,9.59,9.18,0.0,0.42
2022-04-07,0.008,9.39,9.17,0.0,0.22
2022-04-08,0.006,9.29,9.18,0.0,0.11
2022-04-09,0.005,9.22,9.18,0.0,0.05
2022-04-10,0.004,9.19,9.16,0.0,0.02
2022-04-11,0.003,9.17,9.18,0.0,0.01
2022-04-12,0.002,9.19,9.19,0.0,0.0
2022-04-13,0.002,9.22,9.2,0.0,0.0
2022-04-14,0.001,9.14,9.17,0.0,0.0
2022-04-15,0.001,9.19,9.18,0.0,0.0
2022-04-16,1.891,46.57,24.28,8.85,13.45
2022-04-17,0.123,27.52,16.64,0.0,10.88
2022-04-18,0.066,20.11,10.97,0.0,9.14
2022-04-19,0.05,17.49,10.41,0.0,7.07
2022-04-20,0.041,16.19,11.13,0.0,5.07
2022-04-21,1.959,53.41,27.02,10.7,15.69
2022-04-22,0.311,27.23,16.34,2.8,8.09
2022-04-23,0.086,19.77,13.44,0.0,6.33
2022-04-24,0.064,17.71,12.82,0.0,4.89
2022-04-25,0.046,14.6,10.63,0.0,3.97
2022-04-26,0.034,12.16,9.19,0.0,2.98
2022-04-27,0.026,11.46,9.42,0.0,2.04
2022-04-28,0.02,10.52,9.18,0.0,1.34
2022-04-29,0.016,10.0,9.18,0.0,0.83
2022-04-30,0.012,9.66,9.17,0.0,0.49
2022-05-01,0.01,9.45,9.18,0.0,0.27
2022-05-02,0.007,9.31,9.17,0.0,0.14
2022-05-03,0.006,9.24,9.17,0.0,0.07
2022-05-04,0.004,9.21,9.18,0.0,0.03
2022-05-05,0.004,9.19,9.17,0.0,0.02
2022-05-06,0.003,9.19,9.17,0.0,0.01
2022-05-07,0.002,9.22,9.19,0.0,0.0
2022-05-08,0.002,9.17,9.18,0.0,0.0
2022-05-09,0.001,9.13,9.14,0.0,0.0
2022-05-10,0.001,9.24,9.18,0.0,0.0
2022-05-11,0.001,9.17,9.17,0.0,0.0
2022-05-12,0.001,9.07,9.14,0.0,0.0
2022-05-13,0.0,9.31,9.27,0.0,0.0
2022-05-14,0.0,9.32,9.2,0.0,0.0
2022-05-15,0.0,9.18,9.12,0.0,0.0
2022-05-16,0.0,9.43,9.25,0.0,0.0
2022-05-17,0.0,9.0,8.99,0.0,0.0
2022-05-18,0.0,8.9,9.07,0.0,0.0
2022-05-19,0.0,9.26,9.16,0.0,0.0
2022-05-20,0.0,9.16,9.27,0.0,0.0
2022-05-21,0.0,9.16,9.01,0.0,0.0
2022-05-22,0.0,9.06,9.14,0.0,0.0
2022-05-23,0.0,9.47,9.28,0.0,0.0
2022-05-24,0.0,8.94,9.02,0.0,0.0
2022-05-25,0.0,9.37,9.18,0.0,0.0
2022-05-26,0.0,8.82,8.92,0.0,0.0
2022-05-27,0.0,9.26,9.1,0.0,0.0
2022-05-28,0.0,9.14,9.31,0.0,0.0
2022-05-29,0.0,9.14,9.04,0.0,0.0
2022-05-30,0.0,9.0,9.28,0.0,0.0
2022-05-31,0.0,9.0,9.01,0.0,0.0
2022-06-01,0.0,9.53,9.27,0.0,0.0
2022-06-02,0.0,8.85,9.01,0.0,0.0
2022-06-03,0.0,9.4,9.3,0.0,0.0
2022-06-04,0.0,8.68,9.04,0.0,0.0
2022-06-05,0.0,9.26,9.37,0.0,0.0
2022-06-06,0.0,9.26,9.1,0.0,0.0
2022-06-07,0.0,8.49,8.84,0.0,0.0
2022-06-08,0.0,9.09,9.21,0.0,0.0
2022-06-09,0.0,9.09,8.95,0.0,0.0
2022-06-10,0.0,9.79,9.36,0.0,0.0
2022-06-11,0.0,8.9,9.1,0.0,0.0
2022-06-12,0.0,8.9,8.84,0.0,0.0
2022-06-13,0.0,9.65,9.3,0.0,0.0
2022-06-14,0.0,8.68,9.04,0.0,0.0
2022-06-15,0.0,8.68,8.78,0.0,0.0
2022-06-16,0.0,9.47,9.31,0.0,0.0
2022-06-17,0.0,9.47,9.05,0.0,0.0
2022-06-18,0.0,8.42,8.79,0.0,0.0
2022-06-19,0.0,9.26,9.4,0.0,0.0
2022-06-20,0.0,9.26,9.13,0.0,0.0
2022-06-21,0.0,9.26,8.87,0.0,0.0
2022-06-22,0.0,9.0,9.58,0.0,0.0
2022-06-23,0.0,9.0,9.31,0.0,0.0
2022-06-24,0.0,9.0,9.04,0.0,0.0
2022-06-25,0.0,9.0,8.79,0.0,0.0
2022-06-26,0.0,10.13,9.6,0.0,0.0
2022-06-27,0.0,8.68,9.33,0.0,0.0
2022-06-28,0.0,8.68,9.07,0.0,0.0
2022-06-29,0.0,8.68,8.81,0.0,0.0
2022-06-30,0.0,8.68,8.56,0.0,0.0
2022-07-01,0.0,9.92,9.51,0.0,0.0
2022-07-02,0.0,9.92,9.24,0.0,0.0
2022-07-03,0.0,8.27,8.98,0.0,0.0
2022-07-04,0.0,8.27,8.72,0.0,0.0
2022-07-05,0.0,8.27,8.47,0.0,0.0
2022-07-06,0.0,9.65,9.61,0.0,0.0
2022-07-07,0.0,9.65,9.33,0.0,0.0
2022-07-08,0.0,9.65,9.07,0.0,0.0
2022-07-09,0.0,9.65,8.81,0.0,0.0
2022-07-10,0.0,7.72,8.56,0.0,0.0
2022-07-11,0.0,9.26,9.98,0.0,0.0
2022-07-12,0.0,9.26,9.7,0.0,0.0
2022-07-13,0.0,9.26,9.43,0.0,0.0
2022-07-14,0.0,9.26,9.16,0.0,0.0
2022-07-15,0.0,9.26,8.9,0.0,0.0
2022-07-16,0.0,9.26,8.65,0.0,0.0
2022-07-17,0.0,9.26,8.4,0.0,0.0
2022-07-18,0.0,11.57,10.21,0.0,0.0
2022-07-19,0.0,8.68,9.92,0.0,0.0
2022-07-20,0.0,8.68,9.64,0.0,0.0
2022-07-21,0.0,8.68,9.36,0.0,0.0
2022-07-22,0.0,8.68,9.1,0.0,0.0
2022-07-23,0.0,8.68,8.84,0.0,0.0
2022-07-24,0.0,8.68,8.59,0.0,0.0
2022-07-25,0.0,8.68,8.35,0.0,0.0
2022-07-26,0.0,8.68,8.11,0.0,0.0
2022-07-27,0.0,11.57,10.51,0.0,0.0
2022-07-28,0.0,11.57,10.21,0.0,0.0
2022-07-29,0.0,11.57,9.92,0.0,0.0
2022-07-30,0.0,7.72,9.64,0.0,0.0
2022-07-31,0.0,7.72,9.36,0.0,0.0
2022-08-01,0.0,7.72,9.1,0.0,0.0
2022-08-02,0.0,7.72,8.84,0.0,0.0
2022-08-03,0.0,7.72,8.59,0.0,0.0
2022-08-04,0.0,7.72,8.35,0.0,0.0
2022-08-05,0.0,7.72,8.11,0.0,0.0
2022-08-06,0.0,7.72,7.88,0.0,0.0
2022-08-07,0.0,7.72,7.66,0.0,0.0
2022-08-08,0.0,11.57,11.16,0.0,0.0
2022-08-09,0.0,11.57,10.84,0.0,0.0
2022-08-10,0.0,11.57,10.54,0.0,0.0
2022-08-11,0.0,11.57,10.24,0.0,0.0
2022-08-12,0.0,11.57,9.95,0.0,0.0
2022-08-13,0.0,11.57,9.67,0.0,0.0
2022-08-14,0.0,11.57,9.39,0.0,0.0
2022-08-15,0.0,11.57,9.13,0.0,0.0
2022-08-16,0.0,11.57,8.87,0.0,0.0
2022-08-17,0.0,5.79,8.62,0.0,0.0
2022-08-18,0.0,5.79,8.37,0.0,0.0
2022-08-19,0.0,5.79,8.14,0.0,0.0
2022-08-20,0.0,5.79,7.9,0.0,0.0
2022-08-21,0.0,5.79,7.68,0.0,0.0
2022-08-22,0.0,5.79,7.46,0.0,0.0
2022-08-23,0.0,5.79,7.25,0.0,0.0
2022-08-24,0.0,5.79,7.05,0.0,0.0
2022-08-25,0.0,5.79,6.85,0.0,0.0
2022-08-26,0.0,11.57,13.3,0.0,0.0
2022-08-27,0.0,11.57,12.93,0.0,0.0
2022-08-28,0.0,11.57,12.56,0.0,0.0
2022-08-29,0.0,11.57,12.21,0.0,0.0
2022-08-30,0.0,11.57,11.86,0.0,0.0
2022-08-31,0.0,11.57,11.52,0.0,0.0
2022-09-01,0.0,11.57,11.2,0.0,0.0
2022-09-02,0.0,11.57,10.88,0.0,0.0
2022-09-03,0.0,11.57,10.57,0.0,0.0
2022-09-04,0.0,11.57,10.27,0.0,0.0
2022-09-05,0.0,11.57,9.98,0.0,0.0
2022-09-06,0.0,11.57,9.7,0.0,0.0
2022-09-07,0.0,11.57,9.42,0.0,0.0
2022-09-08,0.0,11.57,9.16,0.0,0.0
2022-09-09,0.0,11.57,8.9,0.0,0.0
2022-09-10,0.0,11.57,8.64,0.0,0.0
2022-09-11,0.0,11.57,8.4,0.0,0.0
2022-09-12,0.0,11.57,8.16,0.0,0.0
2022-09-13,0.0,11.57,7.93,0.0,0.0
2022-09-14,0.0,11.57,7.71,0.0,0.0
2022-09-15,0.0,11.57,7.49,0.0,0.0
2022-09-16,0.0,11.57,7.28,0.0,0.0
2022-09-17,0.0,11.57,7.07,0.0,0.0
2022-09-18,1.154,70.09,26.5,18.63,24.96
2022-09-19,0.72,72.83,35.74,13.85,23.24
2022-09-20,0.067,24.21,10.88,0.0,13.34
2022-09-21,0.049,19.81,9.19,0.0,10.63
2022-09-22,0.038,17.03,9.17,0.0,7.85
2022-09-23,0.03,14.72,9.17,0.0,5.54
2022-09-24,0.023,12.9,9.17,0.0,3.73
2022-09-25,0.018,11.55,9.17,0.0,2.37
2022-09-26,0.014,10.6,9.17,0.0,1.43
2022-09-27,0.011,9.98,9.18,0.0,0.81
2022-09-28,0.008,9.61,9.18,0.0,0.44
2022-09-29,0.007,9.39,9.17,0.0,0.22
2022-09-30,0.005,9.28,9.18,0.0,0.11
2022-10-01,0.004,9.24,9.17,0.0,0.05
2022-10-02,0.003,9.21,9.17,0.0,0.02
2022-10-03,0.002,9.2,9.18,0.0,0.01
2022-10-04,0.002,9.15,9.17,0.0,0.0
2022-10-05,0.001,9.16,9.2,0.0,0.0
2022-10-06,0.001,9.2,9.19,0.0,0.0
2022-10-07,0.001,9.18,9.19,0.0,0.0
2022-10-08,0.001,9.19,9.14,0.0,0.0
2022-10-09,0.001,9.17,9.11,0.0,0.0
2022-10-10,0.0,9.03,9.14,0.0,0.0
2022-10-11,0.0,9.04,9.11,0.0,0.0
2022-10-12,0.0,9.09,9.05,0.0,0.0
2022-10-13,0.0,9.0,9.11,0.0,0.0
2022-10-14,0.0,9.35,9.2,0.0,0.0
2022-10-15,0.0,8.9,8.94,0.0,0.0
2022-10-16,0.0,9.26,9.03,0.0,0.0
2022-10-17,0.0,9.16,9.14,0.0,0.0
2022-10-18,0.0,9.06,9.27,0.0,0.0
2022-10-19,0.0,9.06,9.0,0.0,0.0
2022-10-20,0.0,8.94,9.15,0.0,0.0
2022-10-21,0.0,8.94,8.89,0.0,0.0
2022-10-22,0.0,8.82,9.05,0.0,0.0
2022-10-23,0.0,9.26,9.23,0.0,0.0
2022-10-24,0.0,8.68,8.97,0.0,0.0
2022-10-25,0.0,9.14,9.17,0.0,0.0
2022-10-26,0.0,9.14,8.91,0.0,0.0
2022-10-27,0.0,9.0,9.14,0.0,0.0
2022-10-28,0.0,9.0,8.88,0.0,0.0
2022-10-29,0.0,8.85,9.14,0.0,0.0
2022-10-30,0.0,8.85,8.88,0.0,0.0
2022-10-31,0.0,9.4,9.17,0.0,0.0
2022-11-01,0.131,47.92,37.21,1.42,9.28
2022-11-02,0.038,36.26,30.83,0.0,5.43
2022-11-03,0.01,12.99,9.68,0.0,3.31
2022-11-04,0.008,10.99,9.21,0.0,1.77
2022-11-05,0.006,10.11,9.22,0.0,0.89
2022-11-06,0.005,9.61,9.2,0.0,0.42
2022-11-07,0.005,18.34,16.45,0.75,1.13
2022-11-08,8.344,104.12,33.5,27.54,43.08
2022-11-09,0.738,38.92,26.36,3.21,9.35
2022-11-10,0.085,22.73,11.05,0.0,11.68
2022-11-11,0.058,18.88,9.7,0.0,9.18
2022-11-12,0.045,16.69,9.8,0.0,6.89
2022-11-13,0.035,14.85,9.88,0.0,4.97
2022-11-14,0.027,13.02,9.55,0.0,3.47
2022-11-15,0.021,11.48,9.18,0.0,2.3
2022-11-16,0.016,10.61,9.17,0.0,1.43
2022-11-17,0.013,10.02,9.17,0.0,0.84
2022-11-18,0.01,9.64,9.17,0.0,0.47
2022-11-19,0.008,9.42,9.17,0.0,0.25
2022-11-20,0.006,9.29,9.16,0.0,0.13
2022-11-21,0.005,9.23,9.17,0.0,0.06
2022-11-22,0.004,9.21,9.16,0.0,0.03
2022-11-23,0.003,9.19,9.18,0.0,0.02
2022-11-24,0.002,9.19,9.18,0.0,0.01
2022-11-25,0.002,9.18,9.19,0.0,0.01
2022-11-26,0.001,9.19,9.18,0.0,0.0
2022-11-27,0.001,9.17,9.2,0.0,0.0
2022-11-28,0.001,9.2,9.18,0.0,0.0
2022-11-29,0.001,9.08,9.15,0.0,0.0
2022-11-30,0.001,9.08,9.12,0.0,0.0
2022-12-01,4.55,83.06,31.53,20.85,30.68
2022-12-02,0.346,57.36,31.22,6.14,20.0
2022-12-03,4.967,52.68,24.34,11.11,17.23
2022-12-04,1.523,45.95,29.41,6.06,10.48
2022-12-05,0.686,35.44,25.75,2.45,7.24
2022-12-06,0.604,38.71,26.75,3.33,8.63
2022-12-07,0.088,18.14,12.54,0.0,5.6
2022-12-08,0.062,15.82,11.48,0.0,4.34
2022-12-09,0.304,36.6,29.18,1.09,6.33
2022-12-10,15.893,170.94,40.44,46.19,84.31
2022-12-11,6.255,63.02,29.54,12.35,21.13
2022-12-12,1.989,49.48,28.1,7.99,13.39
2022-12-13,0.198,26.44,21.28,0.01,5.15
2022-12-14,0.152,25.27,21.84,0.0,3.43
2022-12-15,0.133,24.51,21.92,0.0,2.58
2022-12-16,0.121,24.1,22.13,0.0,1.97
2022-12-17,0.111,23.92,22.39,0.0,1.53
2022-12-18,0.102,23.9,22.67,0.0,1.24
2022-12-19,0.092,23.83,22.78,0.0,1.04
2022-12-20,0.084,23.85,22.94,0.0,0.91
2022-12-21,0.076,23.77,22.94,0.0,0.83
2022-12-22,0.068,23.76,22.99,0.0,0.77
2022-12-23,0.063,23.83,23.09,0.0,0.73
2022-12-24,0.057,23.96,23.25,0.0,0.71
2022-12-25,0.05,23.6,22.92,0.0,0.68
2022-12-26,0.043,23.83,23.18,0.0,0.65
2022-12-27,17.659,245.33,45.14,73.85,126.33
2022-12-28,0.501,56.15,28.41,3.23,24.51
2022-12-29,1.913,35.77,20.05,5.16,10.55
2022-12-30,9.284,50.64,25.47,9.74,15.43
2022-12-31,30.257,180.64,48.26,41.66,90.71
2023-01-01,29.121,842.9,59.84,318.55,464.51
2023-01-02,4.506,36.52,25.17,2.21,9.15
2023-01-03,4.239,30.65,26.04,1.57,3.04
2023-01-04,12.587,83.78,33.55,18.03,32.2
2023-01-05,14.614,64.35,37.06,9.52,17.77
2023-01-06,6.03,29.02,26.52,0.85,1.64
2023-01-07,6.973,43.42,25.83,6.56,11.03
2023-01-08,10.679,56.23,31.8,8.85,15.57
2023-01-09,24.92,152.75,47.22,30.76,74.77
2023-01-10,12.811,44.44,35.09,3.33,6.01
2023-01-11,11.1,42.09,30.93,3.77,7.39
2023-01-12,6.717,28.95,26.67,0.78,1.5
2023-01-13,13.637,58.85,33.98,8.59,16.28
2023-01-14,25.096,143.61,44.83,30.54,68.24
2023-01-15,16.359,49.51,34.19,5.04,10.29
2023-01-16,20.427,110.14,43.79,19.31,47.04
2023-01-17,8.843,29.97,28.13,0.67,1.16
2023-01-18,5.671,27.72,25.94,0.65,1.13
2023-01-19,4.092,27.1,24.73,0.87,1.5
2023-01-20,2.613,25.84,24.08,0.62,1.14
2023-01-21,1.802,25.7,23.98,0.61,1.12
2023-01-22,1.262,25.57,24.02,0.44,1.11
2023-01-23,0.89,25.19,23.97,0.13,1.09
2023-01-24,0.695,25.22,24.03,0.11,1.08
2023-01-25,0.536,24.97,23.81,0.09,1.07
2023-01-26,0.415,24.31,23.2,0.07,1.04
2023-01-27,0.337,23.96,22.89,0.06,1.02
2023-01-28,0.27,23.71,22.71,0.03,0.98
2023-01-29,0.213,23.66,22.73,0.01,0.92
2023-01-30,0.154,22.75,21.9,0.0,0.84
2023-01-31,0.128,22.06,21.26,0.0,0.79
2023-02-01,0.109,21.49,20.74,0.0,0.74
2023-02-02,0.088,20.57,19.89,0.0,0.68
2023-02-03,1.025,70.17,27.05,17.48,25.65
2023-02-04,5.747,64.74,29.17,13.67,21.9
2023-02-05,5.364,41.26,28.13,4.79,8.34
2023-02-06,2.598,27.81,25.72,0.67,1.42
2023-02-07,1.719,27.17,25.39,0.62,1.16
2023-02-08,1.161,26.86,25.3,0.44,1.12
2023-02-09,0.797,26.41,25.18,0.13,1.1
2023-02-10,0.583,25.65,24.46,0.11,1.08
2023-02-11,0.441,24.73,23.57,0.1,1.05
2023-02-12,0.316,23.95,22.87,0.08,1.01
2023-02-13,0.23,23.52,22.54,0.02,0.96
2023-02-14,0.165,22.87,21.98,0.01,0.88
2023-02-15,0.129,21.56,20.75,0.0,0.8
2023-02-16,0.105,20.84,20.1,0.0,0.74
2023-02-17,0.08,19.61,18.95,0.0,0.66
2023-02-18,0.062,18.48,17.89,0.0,0.59
2023-02-19,0.048,17.51,16.99,0.0,0.52
2023-02-20,0.036,16.17,15.73,0.0,0.44
2023-02-21,0.023,12.08,11.84,0.0,0.24
2023-02-22,0.016,9.37,9.26,0.0,0.11
2023-02-23,0.038,4.23,4.17,0.0,0.06
2023-02-24,7.002,59.32,28.11,12.26,18.94
2023-02-25,1.924,29.02,25.78,0.83,2.4
2023-02-26,3.833,37.07,23.29,5.44,8.34
2023-02-27,8.954,65.01,30.62,12.89,21.51
2023-02-28,10.96,46.5,29.19,6.61,10.7
2023-03-01,6.042,33.29,27.68,2.01,3.6
2023-03-02,3.823,26.83,25.04,0.64,1.15
2023-03-03,2.686,26.15,24.4,0.63,1.12
2023-03-04,2.101,23.98,22.28,0.62,1.08
2023-03-05,6.301,47.17,25.52,7.9,13.76
2023-03-06,2.374,25.82,23.63,0.65,1.54
2023-03-07,1.949,26.18,23.26,1.06,1.86
2023-03-08,2.583,32.65,23.03,3.85,5.77
2023-03-09,9.482,95.81,32.0,23.35,40.46
2023-03-10,18.75,182.06,46.17,43.22,92.67
2023-03-11,7.128,29.42,26.23,1.18,2.01
2023-03-12,6.28,30.94,26.53,1.67,2.74
2023-03-13,3.797,27.37,25.52,0.66,1.19
2023-03-14,13.81,83.68,36.64,16.94,30.1
2023-03-15,6.244,29.88,27.23,0.89,1.76
2023-03-16,4.031,27.58,25.81,0.64,1.13
2023-03-17,2.743,27.05,25.3,0.63,1.12
2023-03-18,1.912,27.05,25.31,0.62,1.11
2023-03-19,1.425,26.57,24.87,0.61,1.09
2023-03-20,1.736,26.4,22.45,1.31,2.65
2023-03-21,25.009,255.79,44.75,71.21,139.84
2023-03-22,16.063,84.9,40.64,10.4,33.86
2023-03-23,8.309,29.9,28.09,0.67,1.15
2023-03-24,5.428,27.98,26.2,0.65,1.13
2023-03-25,3.639,26.96,25.2,0.64,1.12
2023-03-26,2.551,26.52,24.78,0.62,1.12
2023-03-27,1.812,26.51,24.78,0.62,1.11
2023-03-28,3.966,51.57,26.01,10.48,15.08
2023-03-29,9.237,48.01,29.01,7.21,11.79
2023-03-30,4.746,30.02,26.95,1.04,2.03
2023-03-31,2.902,27.36,25.57,0.64,1.15
2023-04-01,1.904,27.11,25.36,0.63,1.12
2023-04-02,1.277,26.86,25.27,0.49,1.11
2023-04-03,0.847,26.44,25.19,0.15,1.1
2023-04-04,0.58,25.48,24.3,0.11,1.08
2023-04-05,0.398,24.39,23.26,0.09,1.04
2023-04-06,0.274,23.35,22.29,0.07,0.99
2023-04-07,0.189,22.55,21.62,0.01,0.92
2023-04-08,0.134,21.41,20.58,0.0,0.82
2023-04-09,0.101,19.79,19.05,0.0,0.73
2023-04-10,0.077,18.43,17.78,0.0,0.65
2023-04-11,0.056,16.72,16.18,0.0,0.54
2023-04-12,0.04,14.54,14.12,0.0,0.42
2023-04-13,0.029,12.62,12.32,0.0,0.3
2023-04-14,0.022,11.34,11.13,0.0,0.21
2023-04-15,0.016,10.17,10.04,0.0,0.13
2023-04-16,0.012,9.35,9.29,0.0,0.07
2023-04-17,0.01,9.21,9.17,0.0,0.03
2023-04-18,0.007,9.19,9.17,0.0,0.02
2023-04-19,0.006,9.19,9.17,0.0,0.01
2023-04-20,0.004,9.18,9.17,0.0,0.0
2023-04-21,0.003,9.19,9.17,0.0,0.0
2023-04-22,0.003,9.18,9.17,0.0,0.0
2023-04-23,0.002,9.16,9.15,0.0,0.0
2023-04-24,0.002,9.17,9.15,0.0,0.0
2023-04-25,0.001,9.2,9.18,0.0,0.0
2023-04-26,0.001,9.12,9.15,0.0,0.0
2023-04-27,0.001,9.17,9.13,0.0,0.0
2023-04-28,0.001,9.07,9.11,0.0,0.0
2023-04-29,0.0,9.31,9.23,0.0,0.0
2023-04-30,0.0,9.0,9.16,0.0,0.0
2023-05-01,0.0,9.18,9.1,0.0,0.0
2023-05-02,0.881,46.06,24.47,8.42,13.17
2023-05-03,2.182,33.15,22.57,3.88,6.71
2023-05-04,0.839,27.04,24.09,0.4,2.55
2023-05-05,0.59,24.53,22.75,0.11,1.67
2023-05-06,0.44,23.43,21.91,0.1,1.42
2023-05-07,0.337,22.38,21.02,0.1,1.26
2023-05-08,0.252,21.6,20.38,0.08,1.14
2023-05-09,0.181,21.06,20.01,0.02,1.03
2023-05-10,0.136,20.44,19.51,0.01,0.92
2023-05-11,0.108,19.27,18.44,0.0,0.82
2023-05-12,0.085,18.04,17.31,0.0,0.73
2023-05-13,0.063,16.28,15.65,0.0,0.62
2023-05-14,0.044,13.82,13.34,0.0,0.48
2023-05-15,0.031,11.14,10.8,0.0,0.34
2023-05-16,0.023,9.4,9.21,0.0,0.2
2023-05-17,0.017,9.29,9.17,0.0,0.12
2023-05-18,0.013,9.24,9.17,0.0,0.07
2023-05-19,0.01,9.21,9.17,0.0,0.04
2023-05-20,0.008,9.19,9.17,0.0,0.02
2023-05-21,0.006,9.17,9.17,0.0,0.01
2023-05-22,0.005,9.16,9.17,0.0,0.01
2023-05-23,0.004,9.17,9.16,0.0,0.0
2023-05-24,0.003,9.15,9.16,0.0,0.0
2023-05-25,0.002,9.16,9.16,0.0,0.0
2023-05-26,0.002,9.17,9.19,0.0,0.0
2023-05-27,0.001,9.16,9.15,0.0,0.0
2023-05-28,0.001,9.11,9.15,0.0,0.0
2023-05-29,0.001,9.09,9.13,0.0,0.0
2023-05-30,0.001,9.26,9.17,0.0,0.0
2023-05-31,0.001,9.26,9.26,0.0,0.0
2023-06-01,0.0,9.2,9.22,0.0,0.0
2023-06-02,0.0,8.96,9.05,0.0,0.0
2023-06-03,0.0,9.09,9.0,0.0,0.0
2023-06-04,0.0,9.0,9.07,0.0,0.0
2023-06-05,0.0,9.35,9.15,0.0,0.0
2023-06-06,0.0,9.26,9.25,0.0,0.0
2023-06-07,0.0,8.8,8.99,0.0,0.0
2023-06-08,0.0,9.16,9.1,0.0,0.0
2023-06-09,0.0,9.06,9.22,0.0,0.0
2023-06-10,0.0,9.06,8.96,0.0,0.0
2023-06-11,0.0,8.94,9.1,0.0,0.0
2023-06-12,0.0,9.37,9.27,0.0,0.0
2023-06-13,0.0,8.82,9.0,0.0,0.0
2023-06-14,0.0,9.26,9.19,0.0,0.0
2023-06-15,0.0,8.68,8.93,0.0,0.0
2023-06-16,0.0,9.14,9.13,0.0,0.0
2023-06-17,0.0,9.14,8.87,0.0,0.0
2023-06-18,0.0,9.0,9.1,0.0,0.0
2023-06-19,0.0,9.0,8.84,0.0,0.0
2023-06-20,0.0,8.85,9.1,0.0,0.0
2023-06-21,0.0,8.85,8.84,0.0,0.0
2023-06-22,0.0,9.4,9.12,0.0,0.0
2023-06-23,0.0,8.68,8.87,0.0,0.0
2023-06-24,0.0,9.26,9.19,0.0,0.0
2023-06-25,0.0,9.26,8.93,0.0,0.0
2023-06-26,0.0,9.09,9.29,0.0,0.0
2023-06-27,0.0,9.09,9.03,0.0,0.0
2023-06-28,0.0,9.09,8.78,0.0,0.0
2023-06-29,0.0,8.9,9.18,0.0,0.0
2023-06-30,0.0,8.9,8.92,0.0,0.0
2023-07-01,0.0,9.65,9.39,0.0,0.0
2023-07-02,0.0,8.68,9.13,0.0,0.0
2023-07-03,0.0,8.68,8.87,0.0,0.0
2023-07-04,0.0,9.47,9.4,0.0,0.0
2023-07-05,0.0,9.47,9.13,0.0,0.0
2023-07-06,0.0,8.42,8.87,0.0,0.0
2023-07-07,0.0,9.26,9.49,0.0,0.0
2023-07-08,0.0,9.26,9.22,0.0,0.0
2023-07-09,0.0,9.26,8.96,0.0,0.0
2023-07-10,0.0,9.26,8.7,0.0,0.0
2023-07-11,0.0,9.0,9.39,0.0,0.0
2023-07-12,0.0,9.0,9.13,0.0,0.0
2023-07-13,0.0,9.0,8.87,0.0,0.0
2023-07-14,0.0,9.0,8.62,0.0,0.0
2023-07-15,0.0,10.13,9.42,0.0,0.0
2023-07-16,0.0,8.68,9.15,0.0,0.0
2023-07-17,0.0,8.68,8.89,0.0,0.0
2023-07-18,0.0,8.68,8.64,0.0,0.0
2023-07-19,0.0,9.92,9.6,0.0,0.0
2023-07-20,0.0,9.92,9.32,0.0,0.0
2023-07-21,0.0,8.27,9.06,0.0,0.0
2023-07-22,0.0,8.27,8.8,0.0,0.0
2023-07-23,0.0,8.27,8.55,0.0,0.0
2023-07-24,0.0,9.65,9.7,0.0,0.0
2023-07-25,0.0,9.65,9.42,0.0,0.0
2023-07-26,0.0,9.65,9.16,0.0,0.0
2023-07-27,0.0,9.65,8.9,0.0,0.0
2023-07-28,0.0,7.72,8.64,0.0,0.0
2023-07-29,0.0,7.72,8.4,0.0,0.0
2023-07-30,0.0,9.26,9.79,0.0,0.0
2023-07-31,0.0,9.26,9.52,0.0,0.0
2023-08-01,0.0,9.26,9.25,0.0,0.0
2023-08-02,0.0,9.26,8.98,0.0,0.0
2023-08-03,0.0,9.26,8.73,0.0,0.0
2023-08-04,0.0,9.26,8.48,0.0,0.0
2023-08-05,0.0,9.26,8.24,0.0,0.0
2023-08-06,0.0,8.68,10.01,0.0,0.0
2023-08-07,0.0,8.68,9.73,0.0,0.0
2023-08-08,0.0,8.68,9.45,0.0,0.0
2023-08-09,0.0,8.68,9.18,0.0,0.0
2023-08-10,0.0,8.68,8.92,0.0,0.0
2023-08-11,0.0,8.68,8.67,0.0,0.0
2023-08-12,0.0,8.68,8.42,0.0,0.0
2023-08-13,0.0,8.68,8.19,0.0,0.0
2023-08-14,0.0,8.68,7.95,0.0,0.0
2023-08-15,0.0,11.57,10.3,0.0,0.0
2023-08-16,0.0,11.57,10.01,0.0,0.0
2023-08-17,0.0,11.57,9.73,0.0,0.0
2023-08-18,0.0,7.72,9.45,0.0,0.0
2023-08-19,0.0,7.72,9.19,0.0,0.0
2023-08-20,0.0,7.72,8.93,0.0,0.0
2023-08-21,0.0,7.72,8.67,0.0,0.0
2023-08-22,0.0,7.72,8.43,0.0,0.0
2023-08-23,0.0,7.72,8.19,0.0,0.0
2023-08-24,0.0,7.72,7.96,0.0,0.0
2023-08-25,0.0,7.72,7.73,0.0,0.0
2023-08-26,0.0,11.57,11.27,0.0,0.0
2023-08-27,0.0,11.57,10.95,0.0,0.0
2023-08-28,0.0,11.57,10.64,0.0,0.0
2023-08-29,0.0,11.57,10.34,0.0,0.0
2023-08-30,0.0,11.57,10.04,0.0,0.0
2023-08-31,0.0,11.57,9.76,0.0,0.0
2023-09-01,0.0,11.57,9.48,0.0,0.0
2023-09-02,0.0,11.57,9.21,0.0,0.0
2023-09-03,0.0,11.57,8.95,0.0,0.0
2023-09-04,0.0,11.57,8.7,0.0,0.0
2023-09-05,0.0,5.79,8.45,0.0,0.0
2023-09-06,0.0,5.79,8.21,0.0,0.0
2023-09-07,0.0,5.79,7.98,0.0,0.0
2023-09-08,0.0,5.79,7.75,0.0,0.0
2023-09-09,0.0,5.79,7.53,0.0,0.0
2023-09-10,0.0,5.79,7.32,0.0,0.0
2023-09-11,0.0,5.79,7.11,0.0,0.0
2023-09-12,0.0,5.79,6.91,0.0,0.0
2023-09-13,0.0,11.57,13.43,0.0,0.0
2023-09-14,0.0,11.57,13.05,0.0,0.0
2023-09-15,0.0,11.57,12.68,0.0,0.0
2023-09-16,0.0,11.57,12.32,0.0,0.0
2023-09-17,0.0,11.57,11.97,0.0,0.0
2023-09-18,0.0,11.57,11.63,0.0,0.0
2023-09-19,0.0,11.57,11.3,0.0,0.0
2023-09-20,0.0,11.57,10.98,0.0,0.0
2023-09-21,0.0,11.57,10.67,0.0,0.0
2023-09-22,0.0,11.57,10.37,0.0,0.0
2023-09-23,0.0,11.57,10.08,0.0,0.0
2023-09-24,0.0,11.57,9.79,0.0,0.0
2023-09-25,0.0,11.57,9.51,0.0,0.0
2023-09-26,0.0,11.57,9.24,0.0,0.0
2023-09-27,0.0,11.57,8.98,0.0,0.0
2023-09-28,0.0,11.57,8.73,0.0,0.0
2023-09-29,0.0,11.57,8.48,0.0,0.0
2023-09-30,0.0,11.57,8.24,0.0,0.0
2023-10-01,0.0,11.57,8.01,0.0,0.0
2023-10-02,0.0,11.57,7.78,0.0,0.0
2023-10-03,0.0,11.57,7.56,0.0,0.0
2023-10-04,0.0,11.57,7.34,0.0,0.0
2023-10-05,0.0,11.57,7.14,0.0,0.0
2023-10-06,0.0,11.57,6.93,0.0,0.0
2023-10-07,0.0,11.57,6.74,0.0,0.0
2023-10-08,0.0,11.57,6.55,0.0,0.0
2023-10-09,0.0,11.57,6.36,0.0,0.0
2023-10-10,0.0,11.57,6.18,0.0,0.0
2023-10-11,0.0,11.57,6.01,0.0,0.0
2023-10-12,0.0,11.57,5.84,0.0,0.0
2023-10-13,0.0,0.0,5.67,0.0,0.0
2023-10-14,0.0,0.0,5.51,0.0,0.0
2023-10-15,0.0,0.0,5.35,0.0,0.0
2023-10-16,0.0,0.0,5.2,0.0,0.0
2023-10-17,0.0,0.0,5.05,0.0,0.0
2023-10-18,0.0,0.0,4.91,0.0,0.0
2023-10-19,0.0,0.0,4.77,0.0,0.0
2023-10-20,0.0,0.0,4.64,0.0,0.0
2023-10-21,0.0,0.0,0.0,0.0,0.0
2023-10-22,0.074,22.51,15.07,2.08,5.35
2023-10-23,0.373,33.81,26.95,1.5,5.36
2023-10-24,0.019,16.02,13.92,0.0,2.09
2023-10-25,0.012,10.75,9.41,0.0,1.34
2023-10-26,0.01,9.92,9.18,0.0,0.74
2023-10-27,0.007,9.56,9.18,0.0,0.39
2023-10-28,0.006,9.35,9.17,0.0,0.19
2023-10-29,0.004,9.25,9.17,0.0,0.09
2023-10-30,0.003,9.22,9.16,0.0,0.04
2023-10-31,0.003,9.18,9.17,0.0,0.02
2023-11-01,0.002,9.2,9.19,0.0,0.01
2023-11-02,0.002,9.23,9.2,0.0,0.0
2023-11-03,0.001,9.2,9.17,0.0,0.0
2023-11-04,0.001,9.12,9.14,0.0,0.0
2023-11-05,0.001,9.17,9.13,0.0,0.0
2023-11-06,0.001,9.07,9.1,0.0,0.0
2023-11-07,0.0,9.31,9.22,0.0,0.0
2023-11-08,0.0,9.0,9.15,0.0,0.0
2023-11-09,0.0,9.18,9.1,0.0,0.0
2023-11-10,0.0,9.43,9.24,0.0,0.0
2023-11-11,0.0,9.0,8.98,0.0,0.0
2023-11-12,0.0,8.9,9.06,0.0,0.0
2023-11-13,0.0,9.26,9.16,0.0,0.0
2023-11-14,0.0,9.16,9.27,0.0,0.0
2023-11-15,0.0,9.16,9.01,0.0,0.0
2023-11-16,0.0,9.06,9.13,0.0,0.0
2023-11-17,0.0,9.47,9.28,0.0,0.0
2023-11-18,4.176,51.84,24.44,11.08,16.32
2023-11-19,0.338,35.25,25.29,1.37,8.59
2023-11-20,0.071,17.95,9.72,0.0,8.23
2023-11-21,0.053,15.56,9.18,0.0,6.39
2023-11-22,0.041,13.94,9.17,0.0,4.77
2023-11-23,0.032,12.58,9.17,0.0,3.41
2023-11-24,0.025,11.49,9.17,0.0,2.32
2023-11-25,0.019,10.67,9.17,0.0,1.5
2023-11-26,0.015,10.1,9.17,0.0,0.92
2023-11-27,0.012,9.7,9.17,0.0,0.53
2023-11-28,0.009,9.47,9.17,0.0,0.29
2023-11-29,0.007,9.32,9.18,0.0,0.15
2023-11-30,0.006,9.23,9.17,0.0,0.08
2023-12-01,0.004,9.21,9.16,0.0,0.04
2023-12-02,0.003,9.2,9.16,0.0,0.02
2023-12-03,0.003,9.19,9.17,0.0,0.01
2023-12-04,0.002,9.19,9.19,0.0,0.01
2023-12-05,0.002,9.11,9.15,0.0,0.0
2023-12-06,0.001,9.17,9.15,0.0,0.0
2023-12-07,0.001,9.09,9.13,0.0,0.0
2023-12-08,0.001,9.14,9.21,0.0,0.0
2023-12-09,0.001,9.07,9.13,0.0,0.0
2023-12-10,0.0,9.11,9.14,0.0,0.0
2023-12-11,0.0,9.07,9.11,0.0,0.0
2023-12-12,0.0,9.18,9.29,0.0,0.0
2023-12-13,0.0,9.09,8.96,0.0,0.0
2023-12-14,0.0,9.0,9.04,0.0,0.0
2023-12-15,0.0,9.35,9.13,0.0,0.0
2023-12-16,0.0,9.26,9.24,0.0,0.0
2023-12-17,0.0,8.8,8.98,0.0,0.0
2023-12-18,5.252,51.96,24.42,11.13,16.41
2023-12-19,8.364,66.11,30.72,13.8,21.59
2023-12-20,7.823,93.33,32.76,23.35,37.22
2023-12-21,0.231,44.69,25.16,0.19,19.34
2023-12-22,0.087,30.33,14.38,0.0,15.95
2023-12-23,0.073,26.56,15.2,0.0,11.36
2023-12-24,0.063,23.91,15.98,0.0,7.93
2023-12-25,0.052,21.72,16.14,0.0,5.58
2023-12-26,0.043,20.15,16.3,0.0,3.85
2023-12-27,0.228,43.12,25.57,7.15,10.4
2023-12-28,0.236,50.17,36.31,3.57,10.29
2023-12-29,5.436,84.17,29.67,20.55,33.95
2023-12-30,4.112,58.3,29.73,10.97,17.6
2023-12-31,0.251,31.75,24.15,0.05,7.55
2024-01-01,0.119,23.52,18.16,0.0,5.36
2024-01-02,3.979,116.91,29.49,33.74,53.67
2024-01-03,1.19,74.6,30.81,16.48,27.31
2024-01-04,0.168,31.4,19.45,0.01,11.94
2024-01-05,0.125,27.73,19.83,0.0,7.9
2024-01-06,0.858,57.13,22.89,13.46,20.78
2024-01-07,0.25,35.15,23.66,0.1,11.38
2024-01-08,0.128,24.7,18.89,0.0,5.81
2024-01-09,0.111,23.71,19.63,0.0,4.08
2024-01-10,3.23,217.37,28.73,76.83,111.81
2024-01-11,0.28,75.36,26.28,1.93,47.14
2024-01-12,0.141,43.55,20.02,0.0,23.52
2024-01-13,3.989,77.24,22.47,20.23,34.55
2024-01-14,2.194,101.96,41.26,21.62,39.09
2024-01-15,0.224,30.53,21.5,0.02,9.01
2024-01-16,2.082,85.76,20.6,26.63,38.53
2024-01-17,1.378,96.78,33.83,23.36,39.59
2024-01-18,0.235,31.41,21.58,0.03,9.8
2024-01-19,1.466,52.54,24.68,11.09,16.77
2024-01-20,5.496,90.59,30.05,22.86,37.69
2024-01-21,6.074,91.09,27.04,24.66,39.39
2024-01-22,10.285,122.36,43.18,27.92,51.26
2024-01-23,1.108,30.07,25.6,0.62,3.86
2024-01-24,3.677,69.35,26.2,16.94,26.21
2024-01-25,1.05,29.88,25.55,0.68,3.65
2024-01-26,0.901,26.94,24.83,0.11,2.0
2024-01-27,0.765,26.51,24.9,0.1,1.51
2024-01-28,0.659,26.23,24.84,0.09,1.3
2024-01-29,0.586,25.89,24.6,0.09,1.2
2024-01-30,0.514,25.61,24.4,0.08,1.13
2024-01-31,7.674,82.3,29.57,20.48,32.25
2024-02-01,6.348,83.56,35.54,17.89,30.13
2024-02-02,4.565,47.95,26.03,8.58,13.34
2024-02-03,4.567,49.71,24.03,9.81,15.87
2024-02-04,12.722,63.06,33.28,11.0,18.78
2024-02-05,6.115,46.97,28.11,7.2,11.65
2024-02-06,3.536,27.88,25.39,0.85,1.63
2024-02-07,6.915,68.39,29.7,14.6,24.09
2024-02-08,3.125,30.48,26.0,1.26,3.22
2024-02-09,2.383,27.13,25.19,0.63,1.31
2024-02-10,1.864,26.88,25.1,0.63,1.15
2024-02-11,1.492,26.7,24.96,0.63,1.12
2024-02-12,1.194,26.41,24.84,0.46,1.1
2024-02-13,0.967,25.98,24.71,0.17,1.1
2024-02-14,1.073,28.57,23.26,1.96,3.34
2024-02-15,0.949,34.71,27.38,2.51,4.82
2024-02-16,0.61,25.98,24.4,0.11,1.47
2024-02-17,5.43,80.9,31.0,18.72,31.18
2024-02-18,7.85,83.38,31.83,19.65,31.9
2024-02-19,9.135,51.94,29.32,8.53,14.09
2024-02-20,7.589,42.85,27.58,5.6,9.68
2024-02-21,3.894,28.38,25.5,0.92,1.97
2024-02-22,2.865,26.25,24.46,0.63,1.16
2024-02-23,2.154,26.08,24.34,0.62,1.12
2024-02-24,1.661,25.9,24.17,0.62,1.11
2024-02-25,1.253,25.66,24.1,0.45,1.1
2024-02-26,0.96,25.23,23.95,0.18,1.1
2024-02-27,0.711,24.97,23.73,0.15,1.09
2024-02-28,0.544,24.24,23.02,0.15,1.07
2024-02-29,2.698,47.52,22.11,10.32,15.09
2024-03-01,6.287,46.55,24.28,8.79,13.48
2024-03-02,7.749,47.75,28.65,7.25,11.84
2024-03-03,5.548,31.92,25.38,2.46,4.09
2024-03-04,3.555,27.79,25.0,1.01,1.78
2024-03-05,2.32,25.84,24.07,0.62,1.14
2024-03-06,3.108,31.85,24.49,2.96,4.4
2024-03-07,1.689,26.71,24.68,0.67,1.36
2024-03-08,1.23,25.93,24.31,0.45,1.17
2024-03-09,0.92,25.49,24.2,0.17,1.12
2024-03-10,0.706,25.24,23.99,0.15,1.1
2024-03-11,0.541,24.46,23.25,0.14,1.07
2024-03-12,0.426,23.75,22.56,0.14,1.05
2024-03-13,0.295,22.81,21.7,0.1,1.0
2024-03-14,0.171,21.27,20.34,0.03,0.9
2024-03-15,0.118,19.37,18.57,0.0,0.79
2024-03-16,0.104,19.85,19.1,0.0,0.75
2024-03-17,0.077,18.36,17.69,0.0,0.66
2024-03-18,0.056,16.6,16.04,0.0,0.56
2024-03-19,0.039,14.31,13.86,0.0,0.44
2024-03-20,0.027,12.44,12.13,0.0,0.32
2024-03-21,0.019,10.61,10.43,0.0,0.18
2024-03-22,0.074,4.02,3.54,0.01,0.46
2024-03-23,2.174,37.19,24.03,5.53,7.64
2024-03-24,3.028,43.15,26.17,6.72,10.26
2024-03-25,0.854,27.63,25.49,0.15,2.0
2024-03-26,0.642,26.57,24.9,0.11,1.57
2024-03-27,0.556,26.02,24.56,0.11,1.35
2024-03-28,2.143,41.66,25.96,6.22,9.48
2024-03-29,5.016,57.63,26.13,12.23,19.27
2024-03-30,3.698,36.72,25.78,4.06,6.88
2024-03-31,2.041,30.53,26.18,1.45,2.89
2024-04-01,1.37,26.68,24.85,0.52,1.32
2024-04-02,1.038,26.29,24.79,0.32,1.18
2024-04-03,0.815,25.9,24.65,0.13,1.13
2024-04-04,2.508,37.94,21.57,6.51,9.86
2024-04-05,1.498,37.15,27.76,3.26,6.13
2024-04-06,0.83,26.15,24.21,0.13,1.81
2024-04-07,0.634,25.42,23.83,0.12,1.47
2024-04-08,0.468,24.56,23.16,0.11,1.29
2024-04-09,0.351,23.56,22.27,0.1,1.19
2024-04-10,0.26,23.01,21.83,0.08,1.1
2024-04-11,0.184,22.34,21.32,0.02,1.0
2024-04-12,0.144,21.41,20.5,0.01,0.91
2024-04-13,4.124,58.03,26.03,12.76,19.24
2024-04-14,7.113,64.34,28.69,13.25,22.4
2024-04-15,7.959,67.74,31.41,13.17,23.17
2024-04-16,4.806,30.21,23.56,2.48,4.17
2024-04-17,4.53,34.47,26.6,3.02,4.85
2024-04-18,2.51,26.49,24.61,0.63,1.24
2024-04-19,1.861,26.3,24.54,0.62,1.14
2024-04-20,1.355,26.11,24.5,0.49,1.11
2024-04-21,0.976,25.76,24.43,0.23,1.1
2024-04-22,0.716,25.33,24.1,0.14,1.09
2024-04-23,0.518,24.66,23.46,0.13,1.07
2024-04-24,0.382,23.71,22.55,0.12,1.03
2024-04-25,0.289,23.27,22.17,0.1,1.0
2024-04-26,0.199,22.5,21.54,0.03,0.93
2024-04-27,0.146,21.38,20.52,0.01,0.85
2024-04-28,0.11,19.96,19.19,0.0,0.77
2024-04-29,0.08,18.28,17.61,0.0,0.67
2024-04-30,0.054,15.37,14.83,0.0,0.53
2024-05-01,0.034,11.81,11.47,0.0,0.34
2024-05-02,0.024,9.65,9.47,0.0,0.18
2024-05-03,0.018,9.64,9.52,0.0,0.12
2024-05-04,5.537,86.38,29.0,22.29,35.09
2024-05-05,1.036,39.52,28.03,3.22,8.27
2024-05-06,0.651,27.7,24.3,0.11,3.28
2024-05-07,0.483,26.25,23.76,0.1,2.39
2024-05-08,0.335,24.69,22.57,0.08,2.04
2024-05-09,0.233,23.62,21.85,0.06,1.71
2024-05-10,0.177,23.31,21.89,0.01,1.41
2024-05-11,0.135,22.08,20.87,0.0,1.21
2024-05-12,0.105,20.72,19.67,0.0,1.04
2024-05-13,0.08,19.32,18.42,0.0,0.89
2024-05-14,0.058,17.47,16.72,0.0,0.74
2024-05-15,0.039,14.69,14.13,0.0,0.56
2024-05-16,0.026,10.77,10.42,0.0,0.35
2024-05-17,0.019,9.4,9.19,0.0,0.21
2024-05-18,0.015,9.3,9.17,0.0,0.13
2024-05-19,0.011,9.24,9.17,0.0,0.07
2024-05-20,0.009,9.21,9.17,0.0,0.04
2024-05-21,0.007,9.2,9.18,0.0,0.02
2024-05-22,0.005,9.18,9.18,0.0,0.01
2024-05-23,0.004,9.19,9.18,0.0,0.0
2024-05-24,0.003,9.18,9.18,0.0,0.0
2024-05-25,0.003,9.19,9.17,0.0,0.0
2024-05-26,0.002,9.15,9.16,0.0,0.0
2024-05-27,0.002,9.14,9.17,0.0,0.0
2024-05-28,0.001,9.22,9.18,0.0,0.0
2024-05-29,0.001,9.18,9.14,0.0,0.0
2024-05-30,0.001,9.13,9.21,0.0,0.0
2024-05-31,0.001,9.26,9.23,0.0,0.0
2024-06-01,0.0,9.15,9.17,0.0,0.0
2024-06-02,0.0,9.12,9.29,0.0,0.0
2024-06-03,0.0,9.09,9.14,0.0,0.0
2024-06-04,0.0,9.0,9.17,0.0,0.0
2024-06-05,0.0,9.35,9.25,0.0,0.0
2024-06-06,0.0,8.9,8.99,0.0,0.0
2024-06-07,0.0,9.26,9.08,0.0,0.0
2024-06-08,0.0,9.16,9.19,0.0,0.0
2024-06-09,0.0,9.16,8.93,0.0,0.0
2024-06-10,0.0,9.06,9.06,0.0,0.0
2024-06-11,0.0,8.94,9.2,0.0,0.0
2024-06-12,0.0,8.94,8.94,0.0,0.0
2024-06-13,0.0,9.37,9.1,0.0,0.0
2024-06-14,0.0,9.26,9.28,0.0,0.0
2024-06-15,0.0,9.26,9.02,0.0,0.0
2024-06-16,0.0,9.14,9.23,0.0,0.0
2024-06-17,0.0,9.14,8.96,0.0,0.0
2024-06-18,0.0,9.0,9.19,0.0,0.0
2024-06-19,0.0,9.0,8.93,0.0,0.0
2024-06-20,0.0,9.53,9.19,0.0,0.0
2024-06-21,0.0,8.85,8.93,0.0,0.0
2024-06-22,0.0,9.4,9.22,0.0,0.0
2024-06-23,0.0,8.68,8.96,0.0,0.0
2024-06-24,0.0,9.26,9.29,0.0,0.0
2024-06-25,0.0,9.26,9.02,0.0,0.0
2024-06-26,0.0,9.09,9.39,0.0,0.0
2024-06-27,0.0,9.09,9.13,0.0,0.0
2024-06-28,0.0,9.09,8.87,0.0,0.0
2024-06-29,0.0,8.9,9.28,0.0,0.0
2024-06-30,0.0,8.9,9.02,0.0,0.0
2024-07-01,0.0,8.9,8.76,0.0,0.0
2024-07-02,0.0,9.65,9.22,0.0,0.0
2024-07-03,0.0,8.68,8.96,0.0,0.0
2024-07-04,0.0,9.47,9.5,0.0,0.0
2024-07-05,0.0,9.47,9.23,0.0,0.0
2024-07-06,0.0,9.47,8.97,0.0,0.0
2024-07-07,0.0,8.42,8.71,0.0,0.0
2024-07-08,0.0,9.26,9.31,0.0,0.0
2024-07-09,0.0,9.26,9.05,0.0,0.0
2024-07-10,0.0,9.26,8.79,0.0,0.0
2024-07-11,0.0,9.0,9.49,0.0,0.0
2024-07-12,0.0,9.0,9.22,0.0,0.0
2024-07-13,0.0,9.0,8.96,0.0,0.0
2024-07-14,0.0,9.0,8.71,0.0,0.0
2024-07-15,0.0,10.13,9.52,0.0,0.0
2024-07-16,0.0,8.68,9.25,0.0,0.0
2024-07-17,0.0,8.68,8.99,0.0,0.0
2024-07-18,0.0,8.68,8.73,0.0,0.0
2024-07-19,0.0,9.92,9.7,0.0,0.0
2024-07-20,0.0,9.92,9.42,0.0,0.0
2024-07-21,0.0,9.92,9.16,0.0,0.0
2024-07-22,0.0,8.27,8.9,0.0,0.0
2024-07-23,0.0,8.27,8.64,0.0,0.0
2024-07-24,0.0,9.65,9.8,0.0,0.0
2024-07-25,0.0,9.65,9.52,0.0,0.0
2024-07-26,0.0,9.65,9.25,0.0,0.0
2024-07-27,0.0,9.65,8.99,0.0,0.0
2024-07-28,0.0,9.65,8.74,0.0,0.0
2024-07-29,0.0,7.72,8.49,0.0,0.0
2024-07-30,0.0,9.26,9.9,0.0,0.0
2024-07-31,0.0,9.26,9.62,0.0,0.0
2024-08-01,0.0,9.26,9.34,0.0,0.0
2024-08-02,0.0,9.26,9.08,0.0,0.0
2024-08-03,0.0,9.26,8.82,0.0,0.0
2024-08-04,0.0,9.26,8.57,0.0,0.0
2024-08-05,0.0,9.26,8.33,0.0,0.0
2024-08-06,0.0,8.68,10.12,0.0,0.0
2024-08-07,0.0,8.68,9.83,0.0,0.0
2024-08-08,0.0,8.68,9.55,0.0,0.0
2024-08-09,0.0,8.68,9.28,0.0,0.0
2024-08-10,0.0,8.68,9.02,0.0,0.0
2024-08-11,0.0,8.68,8.76,0.0,0.0
2024-08-12,0.0,8.68,8.51,0.0,0.0
2024-08-13,0.0,8.68,8.27,0.0,0.0
2024-08-14,0.0,8.68,8.04,0.0,0.0
2024-08-15,0.0,11.57,10.41,0.0,0.0
2024-08-16,0.0,11.57,10.12,0.0,0.0
2024-08-17,0.0,11.57,9.83,0.0,0.0
2024-08-18,0.0,7.72,9.55,0.0,0.0
2024-08-19,0.0,7.72,9.28,0.0,0.0
2024-08-20,0.0,7.72,9.02,0.0,0.0
2024-08-21,0.0,7.72,8.76,0.0,0.0
2024-08-22,0.0,7.72,8.52,0.0,0.0
2024-08-23,0.0,7.72,8.27,0.0,0.0
2024-08-24,0.0,7.72,8.04,0.0,0.0
2024-08-25,0.0,7.72,7.81,0.0,0.0
2024-08-26,0.0,7.72,7.59,0.0,0.0
2024-08-27,0.0,11.57,11.06,0.0,0.0
2024-08-28,0.0,11.57,10.75,0.0,0.0
2024-08-29,0.0,11.57,10.44,0.0,0.0
2024-08-30,0.0,11.57,10.15,0.0,0.0
2024-08-31,0.0,11.57,9.86,0.0,0.0
2024-09-01,0.0,11.57,9.58,0.0,0.0
2024-09-02,0.0,11.57,9.31,0.0,0.0
2024-09-03,0.0,11.57,9.05,0.0,0.0
2024-09-04,0.0,11.57,8.79,0.0,0.0
2024-09-05,0.0,5.79,8.54,0.0,0.0
2024-09-06,0.0,5.79,8.3,0.0,0.0
2024-09-07,0.0,5.79,8.06,0.0,0.0
2024-09-08,0.0,5.79,7.84,0.0,0.0
2024-09-09,0.0,5.79,7.61,0.0,0.0
2024-09-10,0.0,5.79,7.4,0.0,0.0
2024-09-11,0.0,5.79,7.19,0.0,0.0
2024-09-12,0.0,5.79,6.98,0.0,0.0
2024-09-13,0.0,11.57,13.57,0.0,0.0
2024-09-14,0.0,11.57,13.19,0.0,0.0
2024-09-15,0.0,11.57,12.81,0.0,0.0
2024-09-16,0.0,11.57,12.45,0.0,0.0
2024-09-17,0.0,11.57,12.1,0.0,0.0
2024-09-18,0.0,11.57,11.76,0.0,0.0
2024-09-19,0.0,11.57,11.42,0.0,0.0
2024-09-20,0.0,11.57,11.1,0.0,0.0
2024-09-21,0.0,11.57,10.78,0.0,0.0
2024-09-22,0.0,11.57,10.48,0.0,0.0
2024-09-23,0.0,11.57,10.18,0.0,0.0
2024-09-24,0.0,11.57,9.89,0.0,0.0
2024-09-25,0.0,11.57,9.61,0.0,0.0
2024-09-26,0.0,11.57,9.34,0.0,0.0
2024-09-27,0.0,11.57,9.08,0.0,0.0
2024-09-28,0.0,11.57,8.82,0.0,0.0
2024-09-29,0.0,11.57,8.57,0.0,0.0
2024-09-30,0.0,11.57,8.33,0.0,0.0
2024-10-01,0.0,11.57,8.09,0.0,0.0
2024-10-02,0.0,11.57,7.86,0.0,0.0
2024-10-03,0.0,11.57,7.64,0.0,0.0
2024-10-04,0.0,11.57,7.42,0.0,0.0
2024-10-05,0.0,11.57,7.21,0.0,0.0
2024-10-06,0.0,11.57,7.01,0.0,0.0
2024-10-07,0.0,11.57,6.81,0.0,0.0
2024-10-08,0.0,11.57,6.62,0.0,0.0
2024-10-09,0.0,11.57,6.43,0.0,0.0
2024-10-10,0.0,11.57,6.25,0.0,0.0
2024-10-11,0.0,11.57,6.07,0.0,0.0
2024-10-12,0.0,11.57,5.9,0.0,0.0
2024-10-13,0.0,0.0,5.73,0.0,0.0
2024-10-14,0.0,0.0,5.57,0.0,0.0
2024-10-15,0.0,0.0,5.41,0.0,0.0
2024-10-16,0.0,0.0,5.26,0.0,0.0
2024-10-17,0.0,0.0,5.11,0.0,0.0
2024-10-18,0.0,0.0,4.96,0.0,0.0
2024-10-19,0.0,0.0,4.82,0.0,0.0
2024-10-20,0.0,0.0,4.69,0.0,0.0
2024-10-21,0.0,0.0,4.55,0.0,0.0
2024-10-22,0.0,0.0,0.0,0.0,0.0
2024-10-23,0.0,0.0,0.0,0.0,0.0
2024-10-24,0.0,0.0,0.0,0.0,0.0
2024-10-25,0.0,0.0,0.0,0.0,0.0
2024-10-26,0.0,0.0,0.0,0.0,0.0
2024-10-27,0.0,0.0,0.0,0.0,0.0
2024-10-28,0.0,0.0,0.0,0.0,0.0
2024-10-29,0.0,0.0,0.0,0.0,0.0
2024-10-30,0.0,0.0,0.0,0.0,0.0
2024-10-31,0.0,0.0,0.0,0.0,0.0
2024-11-01,0.0,0.0,0.0,0.0,0.0
2024-11-02,0.0,0.0,0.0,0.0,0.0
2024-11-03,0.0,0.0,0.0,0.0,0.0
2024-11-04,0.0,0.0,0.0,0.0,0.0
2024-11-05,0.0,0.0,0.0,0.0,0.0
2024-11-06,0.0,0.0,0.0,0.0,0.0
2024-11-07,0.0,0.0,0.0,0.0,0.0
2024-11-08,0.0,0.0,0.0,0.0,0.0
2024-11-09,0.0,0.0,0.0,0.0,0.0
2024-11-10,0.0,0.0,0.0,0.0,0.0
2024-11-11,0.363,58.66,33.25,9.96,15.45
2024-11-12,0.075,44.98,33.92,0.0,11.06
2024-11-13,0.016,16.31,9.91,0.0,6.41
2024-11-14,0.012,13.02,9.23,0.0,3.8
2024-11-15,0.009,11.32,9.23,0.0,2.09
2024-11-16,0.007,10.32,9.24,0.0,1.09
2024-11-17,0.006,9.72,9.18,0.0,0.54
2024-11-18,0.004,9.43,9.17,0.0,0.25
2024-11-19,0.003,9.28,9.18,0.0,0.11
2024-11-20,0.003,9.23,9.16,0.0,0.05
2024-11-21,0.002,9.23,9.18,0.0,0.02
2024-11-22,13.529,181.63,42.36,48.67,90.61
2024-11-23,3.124,119.86,40.32,22.98,56.56
2024-11-24,0.115,34.02,15.05,0.0,18.97
2024-11-25,2.016,43.83,24.21,7.59,12.02
2024-11-26,0.406,29.74,22.77,0.63,6.34
2024-11-27,0.103,22.79,16.2,0.0,6.59
2024-11-28,0.062,16.95,11.29,0.0,5.66
2024-11-29,0.05,15.82,11.62,0.0,4.2
2024-11-30,0.039,14.82,11.77,0.0,3.05
2024-12-01,0.028,11.5,9.22,0.0,2.28
2024-12-02,0.022,11.64,10.15,0.0,1.49
2024-12-03,0.018,11.14,10.19,0.0,0.94
2024-12-04,0.014,10.62,10.04,0.0,0.57
2024-12-05,0.01,9.52,9.2,0.0,0.32
2024-12-06,0.008,9.34,9.17,0.0,0.17
2024-12-07,0.006,9.26,9.17,0.0,0.09
2024-12-08,0.005,9.2,9.17,0.0,0.04
2024-12-09,0.004,9.19,9.17,0.0,0.02
2024-12-10,0.003,9.18,9.17,0.0,0.01
2024-12-11,0.002,9.16,9.16,0.0,0.01
2024-12-12,2.42,62.21,24.72,15.35,22.14
2024-12-13,0.713,26.05,14.32,2.87,8.86
2024-12-14,16.27,149.23,41.24,37.46,70.53
2024-12-15,0.328,49.72,28.52,2.58,18.61
2024-12-16,2.584,61.99,24.91,14.65,22.43
2024-12-17,0.331,44.2,27.99,2.66,13.55
2024-12-18,0.114,25.43,17.22,0.0,8.2
2024-12-19,0.098,23.76,18.08,0.0,5.68
2024-12-20,0.088,22.89,18.87,0.0,4.02
2024-12-21,0.07,20.99,17.95,0.0,3.04
2024-12-22,0.073,22.09,20.09,0.0,2.0
2024-12-23,0.067,22.21,20.74,0.0,1.47
2024-12-24,2.138,50.77,25.48,10.24,15.05
2024-12-25,0.169,26.39,20.04,0.01,6.34
2024-12-26,1.648,41.56,16.77,10.28,14.5
2024-12-27,6.202,79.92,33.11,17.22,29.6
2024-12-28,0.261,30.51,22.99,0.02,7.5
2024-12-29,5.202,67.43,26.99,15.41,25.03
2024-12-30,0.4,34.82,26.25,0.65,7.93
2024-12-31,0.241,26.39,21.66,0.02,4.71
2025-01-01,0.215,25.69,22.52,0.01,3.17
2025-01-02,0.181,24.75,22.37,0.0,2.37
2025-01-03,0.182,24.89,23.13,0.0,1.76
2025-01-04,0.157,23.84,22.36,0.0,1.47
2025-01-05,0.143,23.18,21.93,0.0,1.24
2025-01-06,0.133,23.02,21.94,0.0,1.08
2025-01-07,0.103,22.1,21.14,0.0,0.95
2025-01-08,0.079,19.59,18.77,0.0,0.81
2025-01-09,0.088,22.21,21.42,0.0,0.79
2025-01-10,0.08,22.16,21.41,0.0,0.75
2025-01-11,0.063,21.43,20.75,0.0,0.68
2025-01-12,0.039,16.3,15.8,0.0,0.5
2025-01-13,0.048,21.24,20.63,0.0,0.62
2025-01-14,0.043,21.32,20.71,0.0,0.61
2025-01-15,0.039,21.36,20.76,0.0,0.6
2025-01-16,0.034,21.17,20.59,0.0,0.58
2025-01-17,0.03,21.09,20.52,0.0,0.57
2025-01-18,0.027,21.43,20.86,0.0,0.57
2025-01-19,0.023,20.93,20.39,0.0,0.54
2025-01-20,0.018,19.89,19.42,0.0,0.48
2025-01-21,0.013,17.61,17.22,0.0,0.39
2025-01-22,0.01,16.39,16.08,0.0,0.32
2025-01-23,0.006,9.4,9.33,0.0,0.06
2025-01-24,0.005,10.74,10.65,0.0,0.1
2025-01-25,0.004,9.26,9.21,0.0,0.03
2025-01-26,0.003,9.18,9.18,0.0,0.01
2025-01-27,0.002,9.19,9.18,0.0,0.01
2025-01-28,0.002,9.21,9.18,0.0,0.0
2025-01-29,0.001,9.19,9.15,0.0,0.0
2025-01-30,0.001,9.24,9.2,0.0,0.0
2025-01-31,0.001,9.12,9.16,0.0,0.0
2025-02-01,2.174,61.46,25.63,14.66,21.17
2025-02-02,2.45,43.35,25.79,6.39,11.18
2025-02-03,0.42,30.16,22.52,1.0,6.64
2025-02-04,16.225,97.88,35.25,23.3,39.32
2025-02-05,1.541,68.77,35.16,12.43,21.18
2025-02-06,8.701,60.55,28.73,12.45,19.37
2025-02-07,2.672,42.16,28.24,5.03,8.88
2025-02-08,0.975,26.77,24.49,0.17,2.11
2025-02-09,0.829,25.72,24.13,0.09,1.5
2025-02-10,0.73,25.49,24.14,0.08,1.27
2025-02-11,0.644,25.44,24.19,0.08,1.17
2025-02-12,1.819,33.48,15.11,7.68,10.69
2025-02-13,27.127,180.62,45.66,47.21,87.75
2025-02-14,5.571,40.43,29.01,4.11,7.31
2025-02-15,2.987,26.4,24.53,0.62,1.26
2025-02-16,2.424,26.18,24.45,0.6,1.13
2025-02-17,1.984,26.17,24.45,0.6,1.11
2025-02-18,1.614,26.19,24.48,0.6,1.11
2025-02-19,1.342,26.06,24.41,0.54,1.1
2025-02-20,1.075,25.87,24.51,0.26,1.1
2025-02-21,0.867,25.7,24.48,0.13,1.09
2025-02-22,0.709,25.63,24.43,0.12,1.08
2025-02-23,0.612,25.34,24.15,0.12,1.07
2025-02-24,0.513,24.86,23.69,0.11,1.06
2025-02-25,0.411,24.33,23.19,0.11,1.03
2025-02-26,0.319,23.87,22.77,0.09,1.01
2025-02-27,0.255,23.72,22.7,0.05,0.98
2025-02-28,0.204,23.52,22.58,0.01,0.93
2025-03-01,0.166,22.77,21.89,0.01,0.87
2025-03-02,0.279,33.66,27.75,0.8,5.11
2025-03-03,0.146,23.78,22.74,0.0,1.04
2025-03-04,0.131,23.06,22.2,0.0,0.85
2025-03-05,0.221,31.73,27.94,0.06,3.73
2025-03-06,0.376,35.13,30.17,0.88,4.08
2025-03-07,0.142,23.92,22.62,0.0,1.3
2025-03-08,0.118,22.65,21.56,0.0,1.09
2025-03-09,0.099,22.13,21.18,0.0,0.95
2025-03-10,0.082,21.49,20.66,0.0,0.84
2025-03-11,0.068,21.09,20.34,0.0,0.75
2025-03-12,4.21,75.18,25.27,20.12,29.79
2025-03-13,3.101,48.8,27.73,7.93,13.15
2025-03-14,4.249,43.43,24.44,7.38,11.61
2025-03-15,1.099,28.33,25.33,0.52,2.47
2025-03-16,1.897,29.39,20.04,3.6,5.75
2025-03-17,4.329,39.88,25.53,5.62,8.73
2025-03-18,1.439,28.24,25.3,0.79,2.15
2025-03-19,1.066,25.72,24.2,0.18,1.33
2025-03-20,0.854,25.59,24.28,0.12,1.19
2025-03-21,0.686,25.45,24.22,0.1,1.13
2025-03-22,0.617,25.25,24.05,0.1,1.1
2025-03-23,0.479,24.64,23.49,0.09,1.07
2025-03-24,0.37,23.74,22.62,0.09,1.03
2025-03-25,0.293,23.51,22.43,0.07,1.0
2025-03-26,0.23,23.39,22.4,0.03,0.96
2025-03-27,0.211,23.95,23.0,0.01,0.93
2025-03-28,0.174,23.31,22.42,0.01,0.88
2025-03-29,0.139,22.29,21.47,0.0,0.82
2025-03-30,0.112,21.03,20.28,0.0,0.75
2025-03-31,0.329,33.25,25.21,2.73,5.31
2025-04-01,2.512,40.58,24.61,6.3,9.67
2025-04-02,0.554,31.07,26.7,0.74,3.63
2025-04-03,0.318,25.03,22.74,0.05,2.24
2025-04-04,0.258,24.66,22.85,0.03,1.78
2025-04-05,0.205,24.34,22.86,0.01,1.47
2025-04-06,0.163,23.76,22.52,0.0,1.24
2025-04-07,0.142,23.31,22.23,0.0,1.08
2025-04-08,0.116,22.14,21.18,0.0,0.96
2025-04-09,0.095,21.18,20.33,0.0,0.85
2025-04-10,0.075,20.27,19.53,0.0,0.75
2025-04-11,0.056,18.63,18.0,0.0,0.63
2025-04-12,0.047,18.58,18.0,0.0,0.57
2025-04-13,0.037,18.17,17.66,0.0,0.5
2025-04-14,0.025,15.07,14.72,0.0,0.35
2025-04-15,0.017,11.16,10.98,0.0,0.19
2025-04-16,0.012,9.47,9.39,0.0,0.09
2025-04-17,0.01,9.22,9.18,0.0,0.05
2025-04-18,0.007,9.2,9.17,0.0,0.02
2025-04-19,0.006,9.18,9.17,0.0,0.01
2025-04-20,0.004,9.18,9.16,0.0,0.01
2025-04-21,0.003,9.19,9.18,0.0,0.0
2025-04-22,0.003,9.18,9.18,0.0,0.0
2025-04-23,0.002,9.16,9.16,0.0,0.0
2025-04-24,0.002,9.17,9.16,0.0,0.0
2025-04-25,0.001,9.2,9.19,0.0,0.0
2025-04-26,0.001,9.12,9.16,0.0,0.0
2025-04-27,0.001,9.17,9.15,0.0,0.0
2025-04-28,0.001,9.07,9.12,0.0,0.0
2025-04-29,0.0,9.31,9.24,0.0,0.0
2025-04-30,0.0,9.32,9.17,0.0,0.0
2025-05-01,0.0,9.18,9.11,0.0,0.0
2025-05-02,0.0,9.43,9.24,0.0,0.0
2025-05-03,0.0,9.0,8.98,0.0,0.0
2025-05-04,0.0,8.9,9.06,0.0,0.0
2025-05-05,0.0,9.26,9.16,0.0,0.0
2025-05-06,0.0,9.16,9.27,0.0,0.0
2025-05-07,0.0,9.16,9.01,0.0,0.0
2025-05-08,0.0,9.06,9.13,0.0,0.0
2025-05-09,0.0,9.47,9.28,0.0,0.0
2025-05-10,0.0,8.94,9.02,0.0,0.0
2025-05-11,0.0,9.37,9.18,0.0,0.0
2025-05-12,0.0,8.82,8.92,0.0,0.0
2025-05-13,0.0,9.26,9.1,0.0,0.0
2025-05-14,0.0,9.14,9.3,0.0,0.0
2025-05-15,0.0,9.14,9.04,0.0,0.0
2025-05-16,0.0,9.0,9.27,0.0,0.0
2025-05-17,0.0,9.0,9.01,0.0,0.0
2025-05-18,0.0,9.53,9.27,0.0,0.0
2025-05-19,0.0,8.85,9.01,0.0,0.0
2025-05-20,0.0,9.4,9.3,0.0,0.0
2025-05-21,0.0,8.68,9.04,0.0,0.0
2025-05-22,0.0,9.26,9.36,0.0,0.0
2025-05-23,0.0,9.26,9.1,0.0,0.0
2025-05-24,0.0,8.49,8.84,0.0,0.0
2025-05-25,0.0,9.09,9.2,0.0,0.0
2025-05-26,0.0,9.09,8.94,0.0,0.0
2025-05-27,0.0,9.79,9.36,0.0,0.0
2025-05-28,0.0,8.9,9.09,0.0,0.0
2025-05-29,0.0,8.9,8.84,0.0,0.0
2025-05-30,0.0,9.65,9.3,0.0,0.0
2025-05-31,0.0,8.68,9.04,0.0,0.0
2025-06-01,0.0,8.68,8.78,0.0,0.0
2025-06-02,0.0,9.47,9.31,0.0,0.0
2025-06-03,0.0,9.47,9.04,0.0,0.0
2025-06-04,0.0,8.42,8.79,0.0,0.0
2025-06-05,0.0,9.26,9.39,0.0,0.0
2025-06-06,0.0,9.26,9.13,0.0,0.0
2025-06-07,0.0,9.26,8.87,0.0,0.0
2025-06-08,0.0,9.0,9.57,0.0,0.0
2025-06-09,0.0,9.0,9.3,0.0,0.0
2025-06-10,0.0,9.0,9.04,0.0,0.0
2025-06-11,0.0,9.0,8.78,0.0,0.0
2025-06-12,0.0,10.13,9.6,0.0,0.0
2025-06-13,0.0,8.68,9.33,0.0,0.0
2025-06-14,0.0,8.68,9.06,0.0,0.0
2025-06-15,0.0,8.68,8.81,0.0,0.0
2025-06-16,0.0,8.68,8.56,0.0,0.0
2025-06-17,0.0,9.92,9.5,0.0,0.0
2025-06-18,0.0,9.92,9.23,0.0,0.0
2025-06-19,0.0,8.27,8.97,0.0,0.0
2025-06-20,0.0,8.27,8.72,0.0,0.0
2025-06-21,0.0,8.27,8.47,0.0,0.0
2025-06-22,0.0,9.65,9.6,0.0,0.0
2025-06-23,0.0,9.65,9.33,0.0,0.0
2025-06-24,0.0,9.65,9.07,0.0,0.0
2025-06-25,0.0,9.65,8.81,0.0,0.0
2025-06-26,0.0,7.72,8.56,0.0,0.0
2025-06-27,0.0,9.26,9.98,0.0,0.0
2025-06-28,0.0,9.26,9.7,0.0,0.0
2025-06-29,0.0,9.26,9.42,0.0,0.0
2025-06-30,0.0,9.26,9.16,0.0,0.0
2025-07-01,0.0,9.26,8.9,0.0,0.0
2025-07-02,0.0,9.26,8.64,0.0,0.0
2025-07-03,0.0,9.26,8.4,0.0,0.0
2025-07-04,0.0,11.57,10.2,0.0,0.0
2025-07-05,0.0,8.68,9.91,0.0,0.0
2025-07-06,0.0,8.68,9.63,0.0,0.0
2025-07-07,0.0,8.68,9.36,0.0,0.0
2025-07-08,0.0,8.68,9.09,0.0,0.0
2025-07-09,0.0,8.68,8.84,0.0,0.0
2025-07-10,0.0,8.68,8.59,0.0,0.0
2025-07-11,0.0,8.68,8.34,0.0,0.0
2025-07-12,0.0,8.68,8.11,0.0,0.0
2025-07-13,0.0,11.57,10.5,0.0,0.0
2025-07-14,0.0,11.57,10.2,0.0,0.0
2025-07-15,0.0,11.57,9.92,0.0,0.0
2025-07-16,0.0,7.72,9.63,0.0,0.0
2025-07-17,0.0,7.72,9.36,0.0,0.0
2025-07-18,0.0,7.72,9.1,0.0,0.0
2025-07-19,0.0,7.72,8.84,0.0,0.0
2025-07-20,0.0,7.72,8.59,0.0,0.0
2025-07-21,0.0,7.72,8.34,0.0,0.0
2025-07-22,0.0,7.72,8.11,0.0,0.0
2025-07-23,0.0,7.72,7.88,0.0,0.0
2025-07-24,0.0,7.72,7.66,0.0,0.0
2025-07-25,0.0,11.57,11.16,0.0,0.0
2025-07-26,0.0,11.57,10.84,0.0,0.0
2025-07-27,0.0,11.57,10.53,0.0,0.0
2025-07-28,0.0,11.57,10.24,0.0,0.0
2025-07-29,0.0,11.57,9.95,0.0,0.0
2025-07-30,0.0,11.57,9.66,0.0,0.0
2025-07-31,0.0,11.57,9.39,0.0,0.0
2025-08-01,0.0,11.57,9.12,0.0,0.0
2025-08-02,0.0,11.57,8.87,0.0,0.0
2025-08-03,0.0,5.79,8.61,0.0,0.0
2025-08-04,0.0,5.79,8.37,0.0,0.0
2025-08-05,0.0,5.79,8.13,0.0,0.0
2025-08-06,0.0,5.79,7.9,0.0,0.0
2025-08-07,0.0,5.79,7.68,0.0,0.0
2025-08-08,0.0,5.79,7.46,0.0,0.0
2025-08-09,0.0,5.79,7.25,0.0,0.0
2025-08-10,0.0,5.79,7.04,0.0,0.0
2025-08-11,0.0,5.79,6.84,0.0,0.0
2025-08-12,0.0,11.57,13.3,0.0,0.0
2025-08-13,0.0,11.57,12.92,0.0,0.0
2025-08-14,0.0,11.57,12.56,0.0,0.0
2025-08-15,0.0,11.57,12.2,0.0,0.0
2025-08-16,0.0,11.57,11.86,0.0,0.0
2025-08-17,0.0,11.57,11.52,0.0,0.0
2025-08-18,0.0,11.57,11.19,0.0,0.0
2025-08-19,0.0,11.57,10.88,0.0,0.0
2025-08-20,0.0,11.57,10.57,0.0,0.0
2025-08-21,0.0,11.57,10.27,0.0,0.0
2025-08-22,0.0,11.57,9.98,0.0,0.0
2025-08-23,0.0,11.57,9.69,0.0,0.0
2025-08-24,0.0,11.57,9.42,0.0,0.0
2025-08-25,0.0,11.57,9.15,0.0,0.0
2025-08-26,0.0,11.57,8.89,0.0,0.0
2025-08-27,0.0,11.57,8.64,0.0,0.0
2025-08-28,0.0,11.57,8.4,0.0,0.0
2025-08-29,0.0,11.57,8.16,0.0,0.0
2025-08-30,0.0,11.57,7.93,0.0,0.0
2025-08-31,0.0,11.57,7.7,0.0,0.0
2025-09-01,0.0,11.57,7.48,0.0,0.0
2025-09-02,0.0,11.57,7.27,0.0,0.0
2025-09-03,0.0,11.57,7.07,0.0,0.0
2025-09-04,0.0,11.57,6.87,0.0,0.0
2025-09-05,0.0,11.57,6.67,0.0,0.0
2025-09-06,0.0,11.57,6.48,0.0,0.0
2025-09-07,0.0,11.57,6.3,0.0,0.0
2025-09-08,0.0,11.57,6.12,0.0,0.0
2025-09-09,0.0,11.57,5.95,0.0,0.0
2025-09-10,0.0,0.0,5.78,0.0,0.0
2025-09-11,0.0,0.0,5.61,0.0,0.0
2025-09-12,0.0,0.0,5.46,0.0,0.0
2025-09-13,0.0,0.0,5.3,0.0,0.0
2025-09-14,0.0,0.0,5.15,0.0,0.0
2025-09-15,0.0,0.0,5.0,0.0,0.0
2025-09-16,0.0,0.0,4.86,0.0,0.0
2025-09-17,0.0,0.0,4.73,0.0,0.0
2025-09-18,0.0,0.0,4.59,0.0,0.0
2025-09-19,0.0,0.0,0.0,0.0,0.0
2025-09-20,0.0,0.0,0.0,0.0,0.0
2025-09-21,0.0,0.0,0.0,0.0,0.0
2025-09-22,0.0,0.0,0.0,0.0,0.0
2025-09-23,0.0,0.0,0.0,0.0,0.0
2025-09-24,0.0,0.0,0.0,0.0,0.0
2025-09-25,0.0,0.0,0.0,0.0,0.0
2025-09-26,0.0,0.0,0.0,0.0,0.0
2025-09-27,0.0,0.0,0.0,0.0,0.0
2025-09-28,0.0,0.0,0.0,0.0,0.0
2025-09-29,0.0,0.0,0.0,0.0,0.0
2025-09-30,0.0,0.0,0.0,0.0,0.0
