Date,flow_cms,ssc_mg_L,ssc_sand_mg_L,ssc_silt_mg_L,ssc_clay_mg_L
1995-10-01,0.0,0.0,0.0,0.0,0.0
1995-10-02,0.0,0.0,0.0,0.0,0.0
1995-10-03,0.0,0.0,0.0,0.0,0.0
1995-10-04,0.0,0.0,0.0,0.0,0.0
1995-10-05,0.0,0.0,0.0,0.0,0.0
1995-10-06,0.0,0.0,0.0,0.0,0.0
1995-10-07,0.0,0.0,0.0,0.0,0.0
1995-10-08,0.0,0.0,0.0,0.0,0.0
1995-10-09,0.0,0.0,0.0,0.0,0.0
1995-10-10,0.0,0.0,0.0,0.0,0.0
1995-10-11,0.0,0.0,0.0,0.0,0.0
1995-10-12,0.0,0.0,0.0,0.0,0.0
1995-10-13,0.0,0.0,0.0,0.0,0.0
1995-10-14,0.0,0.0,0.0,0.0,0.0
1995-10-15,0.0,0.0,0.0,0.0,0.0
1995-10-16,0.0,0.0,0.0,0.0,0.0
1995-10-17,0.0,0.0,0.0,0.0,0.0
1995-10-18,0.0,0.0,0.0,0.0,0.0
1995-10-19,0.0,0.0,0.0,0.0,0.0
1995-10-20,0.0,0.0,0.0,0.0,0.0
1995-10-21,0.0,0.0,0.0,0.0,0.0
1995-10-22,0.0,0.0,0.0,0.0,0.0
1995-10-23,0.0,0.0,0.0,0.0,0.0
1995-10-24,0.0,0.0,0.0,0.0,0.0
1995-10-25,0.0,0.0,0.0,0.0,0.0
1995-10-26,0.0,0.0,0.0,0.0,0.0
1995-10-27,0.0,0.0,0.0,0.0,0.0
1995-10-28,0.0,0.0,0.0,0.0,0.0
1995-10-29,0.0,0.0,0.0,0.0,0.0
1995-10-30,0.0,0.0,0.0,0.0,0.0
1995-10-31,0.0,0.0,0.0,0.0,0.0
1995-11-01,0.0,0.0,0.0,0.0,0.0
1995-11-02,0.0,0.0,0.0,0.0,0.0
1995-11-03,0.0,0.0,0.0,0.0,0.0
1995-11-04,0.0,0.0,0.0,0.0,0.0
1995-11-05,0.0,0.0,0.0,0.0,0.0
1995-11-06,0.0,0.0,0.0,0.0,0.0
1995-11-07,0.0,0.0,0.0,0.0,0.0
1995-11-08,0.0,0.0,0.0,0.0,0.0
1995-11-09,0.0,0.0,0.0,0.0,0.0
1995-11-10,0.0,0.0,0.0,0.0,0.0
1995-11-11,0.0,0.0,0.0,0.0,0.0
1995-11-12,0.0,0.0,0.0,0.0,0.0
1995-11-13,0.0,0.0,0.0,0.0,0.0
1995-11-14,0.0,0.0,0.0,0.0,0.0
1995-11-15,0.0,0.0,0.0,0.0,0.0
1995-11-16,0.0,0.0,0.0,0.0,0.0
1995-11-17,0.0,0.0,0.0,0.0,0.0
1995-11-18,0.0,0.0,0.0,0.0,0.0
1995-11-19,0.0,0.0,0.0,0.0,0.0
1995-11-20,0.0,0.0,0.0,0.0,0.0
1995-11-21,0.0,0.0,0.0,0.0,0.0
1995-11-22,0.0,0.0,0.0,0.0,0.0
1995-11-23,0.0,0.0,0.0,0.0,0.0
1995-11-24,0.0,0.0,0.0,0.0,0.0
1995-11-25,0.0,0.0,0.0,0.0,0.0
1995-11-26,0.0,0.0,0.0,0.0,0.0
1995-11-27,0.0,0.0,0.0,0.0,0.0
1995-11-28,0.0,0.0,0.0,0.0,0.0
1995-11-29,0.0,0.0,0.0,0.0,0.0
1995-11-30,0.0,0.0,0.0,0.0,0.0
1995-12-01,0.0,0.0,0.0,0.0,0.0
1995-12-02,0.0,0.0,0.0,0.0,0.0
1995-12-03,0.0,0.0,0.0,0.0,0.0
1995-12-04,0.0,0.0,0.0,0.0,0.0
1995-12-05,0.0,0.0,0.0,0.0,0.0
1995-12-06,0.0,0.0,0.0,0.0,0.0
1995-12-07,0.0,0.0,0.0,0.0,0.0
1995-12-08,0.0,0.0,0.0,0.0,0.0
1995-12-09,0.0,0.0,0.0,0.0,0.0
1995-12-10,0.078,136.53,8.86,1.12,126.55
1995-12-11,0.838,309.19,9.93,102.11,197.15
1995-12-12,1.251,188.74,10.7,71.24,106.8
1995-12-13,1.176,33.97,11.07,9.61,13.3
1995-12-14,1.177,21.79,11.23,4.55,6.01
1995-12-15,1.61,53.69,11.18,18.36,24.16
1995-12-16,1.57,16.42,11.42,2.16,2.84
1995-12-17,1.411,13.61,11.45,0.93,1.23
1995-12-18,1.426,20.41,11.44,3.87,5.1
1995-12-19,1.352,14.45,11.58,1.24,1.63
1995-12-20,1.205,13.63,11.59,0.88,1.16
1995-12-21,1.104,16.57,11.57,2.16,2.84
1995-12-22,1.078,15.32,11.64,1.59,2.09
1995-12-23,0.976,13.86,11.74,0.92,1.21
1995-12-24,0.854,13.67,11.72,0.81,1.14
1995-12-25,0.759,13.57,11.71,0.72,1.14
1995-12-26,0.683,13.36,11.71,0.51,1.14
1995-12-27,0.632,13.18,11.73,0.32,1.14
1995-12-28,0.591,12.97,11.74,0.1,1.14
1995-12-29,0.696,22.15,11.53,2.92,7.7
1995-12-30,0.784,16.05,11.84,1.57,2.64
1995-12-31,0.673,13.78,11.94,0.62,1.23
1996-01-01,0.579,13.22,11.91,0.17,1.14
1996-01-02,0.526,13.08,11.9,0.05,1.14
1996-01-03,0.488,13.08,11.91,0.03,1.14
1996-01-04,0.435,13.1,11.95,0.02,1.14
1996-01-05,0.407,13.08,11.93,0.01,1.14
1996-01-06,0.355,13.17,12.04,0.01,1.13
1996-01-07,0.309,13.15,12.04,0.0,1.11
1996-01-08,0.274,13.18,12.09,0.0,1.09
1996-01-09,0.268,13.05,11.97,0.0,1.08
1996-01-10,0.237,13.22,12.15,0.0,1.07
1996-01-11,0.204,13.17,12.14,0.0,1.03
1996-01-12,0.186,13.16,12.15,0.0,1.01
1996-01-13,0.169,13.14,12.15,0.0,0.98
1996-01-14,0.15,13.15,12.2,0.0,0.95
1996-01-15,0.44,62.86,10.64,4.55,47.67
1996-01-16,1.113,57.03,11.21,17.35,28.47
1996-01-17,1.304,27.46,11.62,6.74,9.1
1996-01-18,1.382,21.46,11.63,4.24,5.59
1996-01-19,1.438,16.56,11.73,2.08,2.74
1996-01-20,1.383,17.5,11.73,2.49,3.28
1996-01-21,1.612,31.26,11.67,8.46,11.13
1996-01-22,1.479,14.82,11.81,1.3,1.71
1996-01-23,1.38,15.72,11.76,1.71,2.25
1996-01-24,1.682,28.99,11.43,7.58,9.97
1996-01-25,2.054,25.57,11.9,5.9,7.77
1996-01-26,1.951,16.33,11.84,1.94,2.55
1996-01-27,2.902,49.25,12.15,16.02,21.08
1996-01-28,2.955,18.03,12.61,2.34,3.08
1996-01-29,2.555,14.58,12.42,0.93,1.23
1996-01-30,2.587,43.33,11.98,13.54,17.82
1996-01-31,6.06,89.27,13.85,32.57,42.85
1996-02-01,5.499,18.8,13.87,2.13,2.8
1996-02-02,4.452,15.43,13.3,0.92,1.21
1996-02-03,4.309,28.57,12.97,6.74,8.87
1996-02-04,8.579,156.07,15.65,59.24,81.18
1996-02-05,8.979,39.45,16.93,3.84,18.68
1996-02-06,6.945,18.57,15.37,0.94,2.26
1996-02-07,5.534,15.98,13.93,0.87,1.18
1996-02-08,4.538,15.35,13.35,0.86,1.14
1996-02-09,3.703,15.08,13.08,0.86,1.14
1996-02-10,3.023,14.79,12.8,0.86,1.14
1996-02-11,2.469,14.51,12.51,0.86,1.14
1996-02-12,2.027,14.3,12.3,0.86,1.14
1996-02-13,1.679,14.24,12.24,0.86,1.14
1996-02-14,1.378,14.3,12.3,0.86,1.14
1996-02-15,1.224,26.69,12.09,6.3,8.29
1996-02-16,1.783,29.88,11.99,7.72,10.16
1996-02-17,1.592,15.21,12.24,1.28,1.69
1996-02-18,1.401,24.03,12.01,5.19,6.83
1996-02-19,3.074,66.67,12.04,23.59,31.04
1996-02-20,4.98,42.42,13.1,12.66,16.66
1996-02-21,6.644,37.45,14.55,9.89,13.01
1996-02-22,5.776,17.56,14.11,1.49,1.96
1996-02-23,4.649,15.45,13.38,0.89,1.18
1996-02-24,3.754,15.08,13.08,0.86,1.14
1996-02-25,3.026,14.77,12.77,0.86,1.14
1996-02-26,2.415,14.46,12.46,0.86,1.14
1996-02-27,2.802,79.2,12.27,28.9,38.03
1996-02-28,2.823,29.45,12.44,7.34,9.66
1996-02-29,2.535,18.38,12.24,2.65,3.49
1996-03-01,2.043,14.3,11.96,1.01,1.33
1996-03-02,1.64,13.68,11.66,0.87,1.15
1996-03-03,1.399,13.66,11.66,0.86,1.14
1996-03-04,1.887,53.4,11.42,18.13,23.85
1996-03-05,2.747,37.36,12.39,10.78,14.19
1996-03-06,2.35,15.89,12.43,1.49,1.97
1996-03-07,1.939,14.29,12.2,0.9,1.18
1996-03-08,1.523,14.25,12.25,0.87,1.14
1996-03-09,1.186,14.3,12.3,0.86,1.14
1996-03-10,1.064,14.57,12.26,1.0,1.31
1996-03-11,1.602,44.31,11.53,14.16,18.63
1996-03-12,4.326,59.84,12.76,20.33,26.75
1996-03-13,4.159,18.1,13.31,2.07,2.72
1996-03-14,3.168,15.11,12.96,0.93,1.22
1996-03-15,2.456,14.65,12.65,0.87,1.14
1996-03-16,1.935,14.44,12.44,0.86,1.14
1996-03-17,1.519,14.48,12.48,0.86,1.14
1996-03-18,1.2,14.56,12.56,0.86,1.14
1996-03-19,0.927,14.57,12.66,0.77,1.14
1996-03-20,0.702,14.41,12.73,0.54,1.14
1996-03-21,0.532,14.22,12.81,0.28,1.13
1996-03-22,0.399,14.09,12.89,0.08,1.12
1996-03-23,0.319,14.08,12.97,0.02,1.1
1996-03-24,0.244,14.2,13.13,0.01,1.07
1996-03-25,0.18,14.25,13.22,0.0,1.03
1996-03-26,0.133,14.33,13.35,0.0,0.98
1996-03-27,0.098,14.44,13.52,0.0,0.91
1996-03-28,0.078,14.8,13.9,0.0,0.89
1996-03-29,0.048,15.11,14.28,0.0,0.83
1996-03-30,0.024,16.23,15.46,0.0,0.77
1996-03-31,0.014,19.19,13.73,0.01,5.45
1996-04-01,0.575,91.06,10.16,5.57,75.33
1996-04-02,0.894,22.76,11.44,1.62,9.7
1996-04-03,0.749,13.81,11.53,0.64,1.64
1996-04-04,0.579,13.17,11.66,0.34,1.17
1996-04-05,0.458,12.89,11.7,0.05,1.14
1996-04-06,0.36,12.87,11.73,0.01,1.13
1996-04-07,0.278,12.92,11.82,0.01,1.1
1996-04-08,0.212,12.89,11.84,0.0,1.05
1996-04-09,0.162,12.86,11.88,0.0,0.98
1996-04-10,0.123,12.82,11.9,0.0,0.91
1996-04-11,0.091,12.85,11.99,0.0,0.86
1996-04-12,0.055,12.4,11.62,0.0,0.78
1996-04-13,0.036,12.45,11.7,0.0,0.76
1996-04-14,0.016,11.98,11.28,0.0,0.7
1996-04-15,0.002,10.85,10.5,0.0,0.34
1996-04-16,0.0,10.75,10.26,0.0,0.06
1996-04-17,0.002,14.71,6.73,0.01,7.93
1996-04-18,0.038,21.25,10.6,0.0,10.65
1996-04-19,0.026,12.35,11.32,0.0,1.03
1996-04-20,0.018,12.09,11.34,0.0,0.75
1996-04-21,0.005,11.46,10.85,0.0,0.59
1996-04-22,0.001,10.89,10.49,0.0,0.48
1996-04-23,0.0,11.57,11.15,0.0,0.31
1996-04-24,0.0,17.36,11.58,0.0,0.47
1996-04-25,0.0,0.0,0.0,0.0,0.0
1996-04-26,0.0,0.0,0.0,0.0,0.0
1996-04-27,0.0,0.0,0.0,0.0,0.0
1996-04-28,0.0,0.0,0.0,0.0,0.0
1996-04-29,0.0,0.0,0.0,0.0,0.0
1996-04-30,0.0,0.0,0.0,0.0,0.0
1996-05-01,0.0,0.0,0.0,0.0,0.0
1996-05-02,0.0,0.0,0.0,0.0,0.0
1996-05-03,0.0,0.0,0.0,0.0,0.0
1996-05-04,0.0,0.0,0.0,0.0,0.0
1996-05-05,0.0,0.0,0.0,0.0,0.0
1996-05-06,0.0,0.0,0.0,0.0,0.0
1996-05-07,0.0,0.0,0.0,0.0,0.0
1996-05-08,0.0,0.0,0.0,0.0,0.0
1996-05-09,0.0,0.0,0.0,0.0,0.0
1996-05-10,0.0,0.0,0.0,0.0,0.0
1996-05-11,0.0,0.0,0.0,0.0,0.0
1996-05-12,0.0,0.0,0.0,0.0,0.0
1996-05-13,0.0,0.0,0.0,0.0,0.0
1996-05-14,0.027,26.59,9.94,0.03,16.62
1996-05-15,0.085,42.83,9.83,0.07,32.93
1996-05-16,0.143,48.17,11.42,0.05,36.7
1996-05-17,0.018,19.2,11.77,0.0,7.43
1996-05-18,0.008,12.63,11.73,0.0,0.89
1996-05-19,0.002,12.73,12.11,0.0,0.63
1996-05-20,0.001,13.18,12.54,0.0,0.68
1996-05-21,0.001,13.18,12.45,0.0,0.75
1996-05-22,0.001,13.31,12.53,0.0,0.7
1996-05-23,0.001,13.58,12.9,0.0,0.72
1996-05-24,0.0,13.1,12.61,0.0,0.71
1996-05-25,0.0,13.57,12.71,0.0,0.72
1996-05-26,0.0,13.78,12.96,0.0,0.73
1996-05-27,0.0,13.89,13.54,0.0,0.77
1996-05-28,0.0,13.35,12.61,0.0,0.72
1996-05-29,0.0,13.89,12.55,0.0,0.71
1996-05-30,0.0,15.43,14.7,0.0,0.81
1996-05-31,0.0,14.47,12.66,0.0,0.66
1996-06-01,0.0,23.15,25.25,0.0,1.26
1996-06-02,0.0,0.0,0.0,0.0,0.0
1996-06-03,0.0,0.0,0.0,0.0,0.0
1996-06-04,0.0,0.0,0.0,0.0,0.0
1996-06-05,0.0,0.0,0.0,0.0,0.0
1996-06-06,0.0,0.0,0.0,0.0,0.0
1996-06-07,0.0,0.0,0.0,0.0,0.0
1996-06-08,0.0,0.0,0.0,0.0,0.0
1996-06-09,0.0,0.0,0.0,0.0,0.0
1996-06-10,0.0,0.0,0.0,0.0,0.0
1996-06-11,0.0,0.0,0.0,0.0,0.0
1996-06-12,0.0,0.0,0.0,0.0,0.0
1996-06-13,0.0,0.0,0.0,0.0,0.0
1996-06-14,0.0,0.0,0.0,0.0,0.0
1996-06-15,0.0,0.0,0.0,0.0,0.0
1996-06-16,0.0,0.0,0.0,0.0,0.0
1996-06-17,0.0,0.0,0.0,0.0,0.0
1996-06-18,0.0,0.0,0.0,0.0,0.0
1996-06-19,0.0,0.0,0.0,0.0,0.0
1996-06-20,0.0,0.0,0.0,0.0,0.0
1996-06-21,0.0,0.0,0.0,0.0,0.0
1996-06-22,0.0,0.0,0.0,0.0,0.0
1996-06-23,0.0,0.0,0.0,0.0,0.0
1996-06-24,0.0,0.0,0.0,0.0,0.0
1996-06-25,0.0,0.0,0.0,0.0,0.0
1996-06-26,0.0,0.0,0.0,0.0,0.0
1996-06-27,0.0,0.0,0.0,0.0,0.0
1996-06-28,0.0,0.0,0.0,0.0,0.0
1996-06-29,0.0,0.0,0.0,0.0,0.0
1996-06-30,0.0,0.0,0.0,0.0,0.0
1996-07-01,0.0,0.0,0.0,0.0,0.0
1996-07-02,0.0,0.0,0.0,0.0,0.0
1996-07-03,0.0,0.0,0.0,0.0,0.0
1996-07-04,0.0,0.0,0.0,0.0,0.0
1996-07-05,0.0,0.0,0.0,0.0,0.0
1996-07-06,0.0,0.0,0.0,0.0,0.0
1996-07-07,0.0,0.0,0.0,0.0,0.0
1996-07-08,0.0,0.0,0.0,0.0,0.0
1996-07-09,0.0,0.0,0.0,0.0,0.0
1996-07-10,0.0,0.0,0.0,0.0,0.0
1996-07-11,0.0,0.0,0.0,0.0,0.0
1996-07-12,0.0,0.0,0.0,0.0,0.0
1996-07-13,0.0,0.0,0.0,0.0,0.0
1996-07-14,0.0,0.0,0.0,0.0,0.0
1996-07-15,0.0,0.0,0.0,0.0,0.0
1996-07-16,0.0,0.0,0.0,0.0,0.0
1996-07-17,0.0,0.0,0.0,0.0,0.0
1996-07-18,0.0,0.0,0.0,0.0,0.0
1996-07-19,0.0,0.0,0.0,0.0,0.0
1996-07-20,0.0,0.0,0.0,0.0,0.0
1996-07-21,0.0,0.0,0.0,0.0,0.0
1996-07-22,0.0,0.0,0.0,0.0,0.0
1996-07-23,0.0,0.0,0.0,0.0,0.0
1996-07-24,0.0,0.0,0.0,0.0,0.0
1996-07-25,0.0,0.0,0.0,0.0,0.0
1996-07-26,0.0,0.0,0.0,0.0,0.0
1996-07-27,0.0,0.0,0.0,0.0,0.0
1996-07-28,0.0,0.0,0.0,0.0,0.0
1996-07-29,0.0,0.0,0.0,0.0,0.0
1996-07-30,0.0,0.0,0.0,0.0,0.0
1996-07-31,0.0,0.0,0.0,0.0,0.0
1996-08-01,0.0,0.0,0.0,0.0,0.0
1996-08-02,0.0,0.0,0.0,0.0,0.0
1996-08-03,0.0,0.0,0.0,0.0,0.0
1996-08-04,0.0,0.0,0.0,0.0,0.0
1996-08-05,0.0,0.0,0.0,0.0,0.0
1996-08-06,0.0,0.0,0.0,0.0,0.0
1996-08-07,0.0,0.0,0.0,0.0,0.0
1996-08-08,0.0,0.0,0.0,0.0,0.0
1996-08-09,0.0,0.0,0.0,0.0,0.0
1996-08-10,0.0,0.0,0.0,0.0,0.0
1996-08-11,0.0,0.0,0.0,0.0,0.0
1996-08-12,0.0,0.0,0.0,0.0,0.0
1996-08-13,0.0,0.0,0.0,0.0,0.0
1996-08-14,0.0,0.0,0.0,0.0,0.0
1996-08-15,0.0,0.0,0.0,0.0,0.0
1996-08-16,0.0,0.0,0.0,0.0,0.0
1996-08-17,0.0,0.0,0.0,0.0,0.0
1996-08-18,0.0,0.0,0.0,0.0,0.0
1996-08-19,0.0,0.0,0.0,0.0,0.0
1996-08-20,0.0,0.0,0.0,0.0,0.0
1996-08-21,0.0,0.0,0.0,0.0,0.0
1996-08-22,0.0,0.0,0.0,0.0,0.0
1996-08-23,0.0,0.0,0.0,0.0,0.0
1996-08-24,0.0,0.0,0.0,0.0,0.0
1996-08-25,0.0,0.0,0.0,0.0,0.0
1996-08-26,0.0,0.0,0.0,0.0,0.0
1996-08-27,0.0,0.0,0.0,0.0,0.0
1996-08-28,0.0,0.0,0.0,0.0,0.0
1996-08-29,0.0,0.0,0.0,0.0,0.0
1996-08-30,0.0,0.0,0.0,0.0,0.0
1996-08-31,0.0,0.0,0.0,0.0,0.0
1996-09-01,0.0,0.0,0.0,0.0,0.0
1996-09-02,0.0,0.0,0.0,0.0,0.0
1996-09-03,0.0,0.0,0.0,0.0,0.0
1996-09-04,0.0,0.0,0.0,0.0,0.0
1996-09-05,0.0,0.0,0.0,0.0,0.0
1996-09-06,0.0,0.0,0.0,0.0,0.0
1996-09-07,0.0,0.0,0.0,0.0,0.0
1996-09-08,0.0,0.0,0.0,0.0,0.0
1996-09-09,0.0,0.0,0.0,0.0,0.0
1996-09-10,0.0,0.0,0.0,0.0,0.0
1996-09-11,0.0,0.0,0.0,0.0,0.0
1996-09-12,0.0,0.0,0.0,0.0,0.0
1996-09-13,0.0,0.0,0.0,0.0,0.0
1996-09-14,0.0,0.0,0.0,0.0,0.0
1996-09-15,0.0,0.0,0.0,0.0,0.0
1996-09-16,0.0,0.0,0.0,0.0,0.0
1996-09-17,0.0,0.0,0.0,0.0,0.0
1996-09-18,0.0,0.0,0.0,0.0,0.0
1996-09-19,0.0,0.0,0.0,0.0,0.0
1996-09-20,0.0,0.0,0.0,0.0,0.0
1996-09-21,0.0,0.0,0.0,0.0,0.0
1996-09-22,0.0,0.0,0.0,0.0,0.0
1996-09-23,0.0,0.0,0.0,0.0,0.0
1996-09-24,0.0,0.0,0.0,0.0,0.0
1996-09-25,0.0,0.0,0.0,0.0,0.0
1996-09-26,0.0,0.0,0.0,0.0,0.0
1996-09-27,0.0,0.0,0.0,0.0,0.0
1996-09-28,0.0,0.0,0.0,0.0,0.0
1996-09-29,0.0,0.0,0.0,0.0,0.0
1996-09-30,0.0,0.0,0.0,0.0,0.0
1996-10-01,0.0,0.0,0.0,0.0,0.0
1996-10-02,0.0,0.0,0.0,0.0,0.0
1996-10-03,0.0,0.0,0.0,0.0,0.0
1996-10-04,0.0,0.0,0.0,0.0,0.0
1996-10-05,0.0,0.0,0.0,0.0,0.0
1996-10-06,0.0,0.0,0.0,0.0,0.0
1996-10-07,0.0,0.0,0.0,0.0,0.0
1996-10-08,0.0,0.0,0.0,0.0,0.0
1996-10-09,0.0,0.0,0.0,0.0,0.0
1996-10-10,0.0,0.0,0.0,0.0,0.0
1996-10-11,0.0,0.0,0.0,0.0,0.0
1996-10-12,0.0,0.0,0.0,0.0,0.0
1996-10-13,0.0,0.0,0.0,0.0,0.0
1996-10-14,0.0,0.0,0.0,0.0,0.0
1996-10-15,0.0,0.0,0.0,0.0,0.0
1996-10-16,0.0,0.0,0.0,0.0,0.0
1996-10-17,0.0,0.0,0.0,0.0,0.0
1996-10-18,0.0,0.0,0.0,0.0,0.0
1996-10-19,0.0,0.0,0.0,0.0,0.0
1996-10-20,0.0,0.0,0.0,0.0,0.0
1996-10-21,0.0,0.0,0.0,0.0,0.0
1996-10-22,0.0,0.0,0.0,0.0,0.0
1996-10-23,0.0,0.0,0.0,0.0,0.0
1996-10-24,0.0,0.0,0.0,0.0,0.0
1996-10-25,0.0,0.0,0.0,0.0,0.0
1996-10-26,0.0,0.0,0.0,0.0,0.0
1996-10-27,0.0,0.0,0.0,0.0,0.0
1996-10-28,0.0,0.0,0.0,0.0,0.0
1996-10-29,0.176,100.78,10.09,1.01,89.68
1996-10-30,0.058,31.77,11.03,0.0,20.74
1996-10-31,0.007,15.28,11.24,0.0,4.05
1996-11-01,0.002,11.96,11.15,0.0,0.76
1996-11-02,0.001,12.35,11.58,0.0,0.69
1996-11-03,0.001,12.52,11.72,0.0,0.72
1996-11-04,0.001,12.5,11.66,0.0,0.72
1996-11-05,0.001,12.68,11.84,0.0,0.73
1996-11-06,0.001,12.21,11.66,0.0,0.72
1996-11-07,0.0,12.54,11.76,0.0,0.73
1996-11-08,0.0,12.7,11.94,0.0,0.74
1996-11-09,0.0,12.2,11.58,0.0,0.72
1996-11-10,0.0,12.66,11.92,0.0,0.74
1996-11-11,0.0,12.37,11.4,0.0,0.7
1996-11-12,0.0,13.02,11.95,0.0,0.74
1996-11-13,0.0,13.23,12.2,0.0,0.75
1996-11-14,0.0,12.18,11.51,0.0,0.71
1996-11-15,0.0,13.02,12.23,0.0,0.76
1996-11-16,0.055,67.91,8.07,0.57,59.27
1996-11-17,0.287,103.92,10.91,4.79,88.22
1996-11-18,0.069,31.9,11.11,0.0,20.79
1996-11-19,0.04,17.16,10.71,0.0,6.45
1996-11-20,0.032,13.46,11.41,0.0,2.06
1996-11-21,0.042,18.59,10.02,0.01,8.56
1996-11-22,0.087,25.71,11.23,0.01,14.48
1996-11-23,0.044,13.17,11.67,0.0,1.5
1996-11-24,0.038,12.58,11.79,0.0,0.79
1996-11-25,0.029,12.29,11.54,0.0,0.75
1996-11-26,0.023,12.48,11.72,0.0,0.75
1996-11-27,0.016,12.33,11.59,0.0,0.73
1996-11-28,0.012,12.06,11.33,0.0,0.74
1996-11-29,0.007,11.66,10.95,0.0,0.71
1996-11-30,0.003,10.91,10.26,0.0,0.68
1996-12-01,0.002,11.22,8.88,0.0,2.35
1996-12-02,0.003,10.09,9.32,0.0,0.8
1996-12-03,0.002,9.65,8.92,0.0,0.7
1996-12-04,0.014,37.0,6.69,0.06,30.24
1996-12-05,0.125,53.91,10.86,0.06,42.98
1996-12-06,0.034,17.47,11.45,0.0,6.02
1996-12-07,0.019,12.6,11.72,0.0,0.87
1996-12-08,0.013,11.99,11.25,0.0,0.73
1996-12-09,0.169,43.49,9.72,0.09,33.68
1996-12-10,0.257,45.77,10.62,0.32,34.83
1996-12-11,0.216,16.39,10.79,0.02,5.58
1996-12-12,0.264,16.54,11.02,0.01,5.51
1996-12-13,0.261,16.84,11.32,0.02,5.5
1996-12-14,0.219,12.65,11.39,0.0,1.26
1996-12-15,0.201,12.42,11.39,0.0,1.02
1996-12-16,0.193,12.4,11.4,0.0,1.0
1996-12-17,0.175,12.41,11.43,0.0,0.98
1996-12-18,0.155,12.34,11.4,0.0,0.94
1996-12-19,0.147,12.3,11.37,0.0,0.93
1996-12-20,0.134,12.29,11.38,0.0,0.91
1996-12-21,0.673,118.07,10.45,21.83,85.79
1996-12-22,0.742,35.31,11.28,7.1,16.93
1996-12-23,0.694,15.87,11.34,1.31,3.22
1996-12-24,0.642,13.16,11.41,0.49,1.25
1996-12-25,0.606,12.87,11.44,0.29,1.14
1996-12-26,0.713,31.5,10.84,7.55,13.11
1996-12-27,1.02,36.76,10.91,10.39,15.46
1996-12-28,1.152,30.44,10.84,8.34,11.26
1996-12-29,1.347,29.39,10.77,8.03,10.58
1996-12-30,1.558,18.13,10.88,3.13,4.12
1996-12-31,1.629,18.04,10.87,3.09,4.07
1997-01-01,5.776,754.41,13.55,319.92,420.94
1997-01-02,7.02,53.04,14.73,16.54,21.77
1997-01-03,5.885,22.58,14.0,3.7,4.87
1997-01-04,4.875,15.66,13.34,1.0,1.32
1997-01-05,4.069,15.11,13.09,0.87,1.15
1997-01-06,3.443,14.82,12.82,0.86,1.14
1997-01-07,2.987,14.61,12.61,0.86,1.14
1997-01-08,2.584,14.4,12.4,0.86,1.14
1997-01-09,2.23,14.18,12.18,0.86,1.14
1997-01-10,1.936,13.99,11.99,0.86,1.14
1997-01-11,1.697,13.93,11.93,0.86,1.14
1997-01-12,1.671,37.36,11.9,10.99,14.46
1997-01-13,1.51,16.46,12.04,1.91,2.51
1997-01-14,1.276,14.22,12.08,0.92,1.22
1997-01-15,1.404,31.66,12.05,8.47,11.14
1997-01-16,1.334,15.76,12.3,1.5,1.97
1997-01-17,1.159,14.43,12.34,0.9,1.18
1997-01-18,0.978,14.41,12.41,0.86,1.14
1997-01-19,0.855,14.38,12.43,0.81,1.14
1997-01-20,1.002,41.9,11.97,12.9,17.02
1997-01-21,1.353,40.0,11.56,12.28,16.16
1997-01-22,4.623,316.47,12.78,131.14,172.55
1997-01-23,8.146,92.99,16.44,30.41,46.13
1997-01-24,6.676,141.46,14.83,54.4,72.22
1997-01-25,13.591,910.13,19.41,353.38,537.35
1997-01-26,14.333,348.08,20.48,90.45,237.14
1997-01-27,10.156,91.98,18.63,1.53,71.82
1997-01-28,7.406,29.36,16.45,0.87,12.03
1997-01-29,5.692,17.05,14.66,0.86,1.53
1997-01-30,4.556,15.57,13.56,0.86,1.15
1997-01-31,3.748,15.21,13.21,0.86,1.14
1997-02-01,3.017,14.96,12.96,0.86,1.14
1997-02-02,2.435,14.7,12.7,0.86,1.14
1997-02-03,2.026,14.56,12.56,0.86,1.14
1997-02-04,1.757,19.56,12.46,3.07,4.03
1997-02-05,1.458,14.9,12.48,1.04,1.37
1997-02-06,1.199,14.55,12.53,0.87,1.15
1997-02-07,1.014,14.57,12.57,0.86,1.14
1997-02-08,0.792,14.55,12.7,0.71,1.14
1997-02-09,0.642,14.27,12.71,0.42,1.14
1997-02-10,0.51,14.2,12.83,0.24,1.13
1997-02-11,0.401,14.02,12.85,0.05,1.12
1997-02-12,0.322,14.03,12.91,0.01,1.1
1997-02-13,0.252,14.06,12.99,0.0,1.06
1997-02-14,0.213,14.1,13.05,0.0,1.05
1997-02-15,0.172,14.21,13.19,0.0,1.02
1997-02-16,0.129,14.37,13.4,0.0,0.97
1997-02-17,0.088,14.36,13.47,0.0,0.89
1997-02-18,0.072,14.54,13.66,0.0,0.87
1997-02-19,0.039,15.0,14.22,0.0,0.78
1997-02-20,0.04,14.84,14.01,0.0,0.83
1997-02-21,0.025,15.46,14.68,0.0,0.77
1997-02-22,0.015,16.38,15.61,0.0,0.76
1997-02-23,0.008,16.81,16.09,0.0,0.74
1997-02-24,0.001,17.54,17.39,0.0,0.2
1997-02-25,0.0,17.36,19.11,0.0,0.04
1997-02-26,0.0,0.0,0.0,0.0,0.0
1997-02-27,0.0,0.0,0.0,0.0,0.0
1997-02-28,0.0,0.0,0.0,0.0,0.0
1997-03-01,0.0,0.0,0.0,0.0,0.0
1997-03-02,0.0,0.0,0.0,0.0,0.0
1997-03-03,0.0,0.0,0.0,0.0,0.0
1997-03-04,0.0,0.0,0.0,0.0,0.0
1997-03-05,0.0,0.0,0.0,0.0,0.0
1997-03-06,0.0,0.0,0.0,0.0,0.0
1997-03-07,0.0,0.0,0.0,0.0,0.0
1997-03-08,0.0,0.0,0.0,0.0,0.0
1997-03-09,0.0,0.0,0.0,0.0,0.0
1997-03-10,0.0,0.0,0.0,0.0,0.0
1997-03-11,0.0,0.0,0.0,0.0,0.0
1997-03-12,0.0,0.0,0.0,0.0,0.0
1997-03-13,0.0,0.0,0.0,0.0,0.0
1997-03-14,0.0,0.0,0.0,0.0,0.0
1997-03-15,0.0,0.0,0.0,0.0,0.0
1997-03-16,0.017,17.44,7.95,0.02,9.47
1997-03-17,0.03,13.67,10.41,0.0,3.27
1997-03-18,0.015,10.74,9.95,0.0,0.78
1997-03-19,0.006,8.81,8.16,0.0,0.66
1997-03-20,0.001,8.37,8.03,0.0,0.41
1997-03-21,0.0,9.26,8.95,0.0,0.31
1997-03-22,0.0,11.57,11.42,0.0,0.78
1997-03-23,0.0,11.57,8.95,0.0,0.8
1997-03-24,0.0,0.0,3.91,0.0,0.37
1997-03-25,0.0,0.0,0.0,0.0,0.0
1997-03-26,0.0,0.0,0.0,0.0,0.0
1997-03-27,0.0,0.0,0.0,0.0,0.0
1997-03-28,0.0,0.0,0.0,0.0,0.0
1997-03-29,0.0,0.0,0.0,0.0,0.0
1997-03-30,0.0,0.0,0.0,0.0,0.0
1997-03-31,0.0,0.0,0.0,0.0,0.0
1997-04-01,0.0,0.0,0.0,0.0,0.0
1997-04-02,0.0,0.0,0.0,0.0,0.0
1997-04-03,0.0,0.0,0.0,0.0,0.0
1997-04-04,0.0,0.0,0.0,0.0,0.0
1997-04-05,0.0,0.0,0.0,0.0,0.0
1997-04-06,0.0,0.0,0.0,0.0,0.0
1997-04-07,0.0,0.0,0.0,0.0,0.0
1997-04-08,0.0,0.0,0.0,0.0,0.0
1997-04-09,0.0,0.0,0.0,0.0,0.0
1997-04-10,0.0,0.0,0.0,0.0,0.0
1997-04-11,0.0,0.0,0.0,0.0,0.0
1997-04-12,0.0,0.0,0.0,0.0,0.0
1997-04-13,0.0,0.0,0.0,0.0,0.0
1997-04-14,0.0,0.0,0.0,0.0,0.0
1997-04-15,0.0,0.0,0.0,0.0,0.0
1997-04-16,0.0,0.0,0.0,0.0,0.0
1997-04-17,0.0,0.0,0.0,0.0,0.0
1997-04-18,0.0,9.86,3.86,2.38,3.3
1997-04-19,0.013,23.63,10.82,0.0,12.8
1997-04-20,0.001,14.44,11.82,0.0,2.57
1997-04-21,0.0,12.86,11.89,0.0,0.5
1997-04-22,0.0,34.72,20.31,0.0,0.89
1997-04-23,0.0,0.0,0.0,0.0,0.0
1997-04-24,0.0,0.0,0.0,0.0,0.0
1997-04-25,0.0,0.0,0.0,0.0,0.0
1997-04-26,0.0,0.0,0.0,0.0,0.0
1997-04-27,0.0,0.0,0.0,0.0,0.0
1997-04-28,0.0,0.0,0.0,0.0,0.0
1997-04-29,0.0,0.0,0.0,0.0,0.0
1997-04-30,0.0,0.0,0.0,0.0,0.0
1997-05-01,0.0,0.0,0.0,0.0,0.0
1997-05-02,0.0,0.0,0.0,0.0,0.0
1997-05-03,0.0,0.0,0.0,0.0,0.0
1997-05-04,0.0,0.0,0.0,0.0,0.0
1997-05-05,0.0,0.0,0.0,0.0,0.0
1997-05-06,0.0,0.0,0.0,0.0,0.0
1997-05-07,0.0,0.0,0.0,0.0,0.0
1997-05-08,0.0,0.0,0.0,0.0,0.0
1997-05-09,0.0,0.0,0.0,0.0,0.0
1997-05-10,0.0,0.0,0.0,0.0,0.0
1997-05-11,0.0,0.0,0.0,0.0,0.0
1997-05-12,0.0,0.0,0.0,0.0,0.0
1997-05-13,0.0,0.0,0.0,0.0,0.0
1997-05-14,0.0,0.0,0.0,0.0,0.0
1997-05-15,0.0,0.0,0.0,0.0,0.0
1997-05-16,0.0,0.0,0.0,0.0,0.0
1997-05-17,0.0,0.0,0.0,0.0,0.0
1997-05-18,0.0,0.0,0.0,0.0,0.0
1997-05-19,0.0,0.0,0.0,0.0,0.0
1997-05-20,0.0,0.0,0.0,0.0,0.0
1997-05-21,0.0,0.0,0.0,0.0,0.0
1997-05-22,0.0,0.0,0.0,0.0,0.0
1997-05-23,0.082,128.1,11.48,9.13,107.48
1997-05-24,0.009,36.58,11.78,0.0,24.8
1997-05-25,0.001,15.06,11.65,0.0,3.46
1997-05-26,0.0,12.18,11.75,0.0,0.7
1997-05-27,0.0,12.46,12.44,0.0,0.72
1997-05-28,0.0,12.73,12.02,0.0,0.69
1997-05-29,0.0,13.89,14.48,0.0,0.83
1997-05-30,0.0,15.43,15.77,0.0,0.9
1997-05-31,0.0,15.43,11.78,0.0,0.69
1997-06-01,0.0,0.0,0.0,0.0,0.0
1997-06-02,0.0,0.0,0.0,0.0,0.0
1997-06-03,0.001,20.07,7.97,1.69,10.42
1997-06-04,0.004,21.96,12.38,0.0,9.59
1997-06-05,0.0,13.17,11.76,0.0,1.55
1997-06-06,0.0,17.36,12.03,0.0,0.27
1997-06-07,0.0,0.0,0.0,0.0,0.0
1997-06-08,0.0,0.0,0.0,0.0,0.0
1997-06-09,0.0,0.0,0.0,0.0,0.0
1997-06-10,0.0,0.0,0.0,0.0,0.0
1997-06-11,0.0,0.0,0.0,0.0,0.0
1997-06-12,0.0,0.0,0.0,0.0,0.0
1997-06-13,0.0,0.0,0.0,0.0,0.0
1997-06-14,0.0,0.0,0.0,0.0,0.0
1997-06-15,0.0,0.0,0.0,0.0,0.0
1997-06-16,0.0,0.0,0.0,0.0,0.0
1997-06-17,0.0,0.0,0.0,0.0,0.0
1997-06-18,0.0,0.0,0.0,0.0,0.0
1997-06-19,0.0,0.0,0.0,0.0,0.0
1997-06-20,0.0,0.0,0.0,0.0,0.0
1997-06-21,0.0,0.0,0.0,0.0,0.0
1997-06-22,0.0,0.0,0.0,0.0,0.0
1997-06-23,0.0,0.0,0.0,0.0,0.0
1997-06-24,0.0,0.0,0.0,0.0,0.0
1997-06-25,0.0,0.0,0.0,0.0,0.0
1997-06-26,0.0,0.0,0.0,0.0,0.0
1997-06-27,0.0,0.0,0.0,0.0,0.0
1997-06-28,0.0,0.0,0.0,0.0,0.0
1997-06-29,0.0,0.0,0.0,0.0,0.0
1997-06-30,0.0,0.0,0.0,0.0,0.0
1997-07-01,0.0,0.0,0.0,0.0,0.0
1997-07-02,0.0,0.0,0.0,0.0,0.0
1997-07-03,0.0,0.0,0.0,0.0,0.0
1997-07-04,0.0,0.0,0.0,0.0,0.0
1997-07-05,0.0,0.0,0.0,0.0,0.0
1997-07-06,0.0,0.0,0.0,0.0,0.0
1997-07-07,0.0,0.0,0.0,0.0,0.0
1997-07-08,0.0,0.0,0.0,0.0,0.0
1997-07-09,0.0,0.0,0.0,0.0,0.0
1997-07-10,0.0,0.0,0.0,0.0,0.0
1997-07-11,0.0,0.0,0.0,0.0,0.0
1997-07-12,0.0,0.0,0.0,0.0,0.0
1997-07-13,0.0,0.0,0.0,0.0,0.0
1997-07-14,0.0,0.0,0.0,0.0,0.0
1997-07-15,0.0,0.0,0.0,0.0,0.0
1997-07-16,0.0,0.0,0.0,0.0,0.0
1997-07-17,0.0,0.0,0.0,0.0,0.0
1997-07-18,0.0,0.0,0.0,0.0,0.0
1997-07-19,0.0,0.0,0.0,0.0,0.0
1997-07-20,0.0,0.0,0.0,0.0,0.0
1997-07-21,0.0,0.0,0.0,0.0,0.0
1997-07-22,0.0,0.0,0.0,0.0,0.0
1997-07-23,0.0,0.0,0.0,0.0,0.0
1997-07-24,0.0,0.0,0.0,0.0,0.0
1997-07-25,0.0,0.0,0.0,0.0,0.0
1997-07-26,0.0,0.0,0.0,0.0,0.0
1997-07-27,0.0,0.0,0.0,0.0,0.0
1997-07-28,0.0,0.0,0.0,0.0,0.0
1997-07-29,0.0,0.0,0.0,0.0,0.0
1997-07-30,0.0,0.0,0.0,0.0,0.0
1997-07-31,0.0,0.0,0.0,0.0,0.0
1997-08-01,0.0,0.0,0.0,0.0,0.0
1997-08-02,0.0,0.0,0.0,0.0,0.0
1997-08-03,0.0,0.0,0.0,0.0,0.0
1997-08-04,0.0,0.0,0.0,0.0,0.0
1997-08-05,0.0,0.0,0.0,0.0,0.0
1997-08-06,0.0,0.0,0.0,0.0,0.0
1997-08-07,0.0,0.0,0.0,0.0,0.0
1997-08-08,0.0,0.0,0.0,0.0,0.0
1997-08-09,0.0,0.0,0.0,0.0,0.0
1997-08-10,0.0,0.0,0.0,0.0,0.0
1997-08-11,0.0,0.0,0.0,0.0,0.0
1997-08-12,0.0,0.0,0.0,0.0,0.0
1997-08-13,0.0,0.0,0.0,0.0,0.0
1997-08-14,0.0,0.0,0.0,0.0,0.0
1997-08-15,0.0,0.0,0.0,0.0,0.0
1997-08-16,0.0,0.0,0.0,0.0,0.0
1997-08-17,0.0,0.0,0.0,0.0,0.0
1997-08-18,0.0,0.0,0.0,0.0,0.0
1997-08-19,0.0,0.0,0.0,0.0,0.0
1997-08-20,0.009,19.52,8.81,0.0,10.71
1997-08-21,0.001,12.23,9.89,0.0,2.26
1997-08-22,0.0,9.65,10.48,0.0,0.41
1997-08-23,0.0,0.0,0.0,0.0,0.0
1997-08-24,0.0,0.0,0.0,0.0,0.0
1997-08-25,0.0,0.0,0.0,0.0,0.0
1997-08-26,0.0,0.0,0.0,0.0,0.0
1997-08-27,0.0,0.0,0.0,0.0,0.0
1997-08-28,0.0,0.0,0.0,0.0,0.0
1997-08-29,0.0,0.0,0.0,0.0,0.0
1997-08-30,0.0,0.0,0.0,0.0,0.0
1997-08-31,0.0,0.0,0.0,0.0,0.0
1997-09-01,0.0,0.0,0.0,0.0,0.0
1997-09-02,0.0,0.0,0.0,0.0,0.0
1997-09-03,0.0,0.0,0.0,0.0,0.0
1997-09-04,0.0,0.0,0.0,0.0,0.0
1997-09-05,0.0,0.0,0.0,0.0,0.0
1997-09-06,0.0,0.0,0.0,0.0,0.0
1997-09-07,0.0,0.0,0.0,0.0,0.0
1997-09-08,0.0,0.0,0.0,0.0,0.0
1997-09-09,0.0,0.0,0.0,0.0,0.0
1997-09-10,0.0,0.0,0.0,0.0,0.0
1997-09-11,0.0,0.0,0.0,0.0,0.0
1997-09-12,0.0,0.0,0.0,0.0,0.0
1997-09-13,0.0,0.0,0.0,0.0,0.0
1997-09-14,0.0,0.0,0.0,0.0,0.0
1997-09-15,0.0,0.0,0.0,0.0,0.0
1997-09-16,0.0,0.0,0.0,0.0,0.0
1997-09-17,0.0,0.0,0.0,0.0,0.0
1997-09-18,0.0,0.0,0.0,0.0,0.0
1997-09-19,0.0,0.0,0.0,0.0,0.0
1997-09-20,0.0,0.0,0.0,0.0,0.0
1997-09-21,0.0,0.0,0.0,0.0,0.0
1997-09-22,0.0,0.0,0.0,0.0,0.0
1997-09-23,0.0,0.0,0.0,0.0,0.0
1997-09-24,0.0,0.0,0.0,0.0,0.0
1997-09-25,0.0,0.0,0.0,0.0,0.0
1997-09-26,0.0,0.0,0.0,0.0,0.0
1997-09-27,0.0,0.0,0.0,0.0,0.0
1997-09-28,0.0,0.0,0.0,0.0,0.0
1997-09-29,0.0,0.0,0.0,0.0,0.0
1997-09-30,0.0,0.0,0.0,0.0,0.0
1997-10-01,0.0,0.0,0.0,0.0,0.0
1997-10-02,0.0,0.0,0.0,0.0,0.0
1997-10-03,0.0,0.0,0.0,0.0,0.0
1997-10-04,0.0,0.0,0.0,0.0,0.0
1997-10-05,0.0,0.0,0.0,0.0,0.0
1997-10-06,0.0,0.0,0.0,0.0,0.0
1997-10-07,0.0,0.0,0.0,0.0,0.0
1997-10-08,0.0,0.0,0.0,0.0,0.0
1997-10-09,0.109,86.54,10.47,0.47,75.6
1997-10-10,0.011,35.13,11.57,0.0,23.57
1997-10-11,0.001,14.63,11.55,0.0,3.07
1997-10-12,0.0,12.6,11.86,0.0,0.72
1997-10-13,0.0,13.43,12.45,0.0,0.75
1997-10-14,0.0,12.58,11.66,0.0,0.71
1997-10-15,0.0,13.4,12.26,0.0,0.74
1997-10-16,0.0,11.57,11.32,0.0,0.69
1997-10-17,0.0,13.23,12.06,0.0,0.73
1997-10-18,0.0,11.57,10.95,0.0,0.66
1997-10-19,0.0,12.73,11.97,0.0,0.73
1997-10-20,0.0,12.86,11.93,0.0,0.74
1997-10-21,0.0,11.57,11.66,0.0,0.71
1997-10-22,0.0,13.5,12.43,0.0,0.75
1997-10-23,0.0,9.26,11.45,0.0,0.71
1997-10-24,0.0,9.26,10.81,0.0,0.65
1997-10-25,0.0,17.36,12.69,0.0,0.74
1997-10-26,0.0,11.57,9.53,0.0,0.6
1997-10-27,0.0,0.0,14.74,0.0,0.9
1997-10-28,0.0,0.0,10.5,0.0,0.69
1997-10-29,0.0,0.0,0.0,0.0,0.0
1997-10-30,0.0,0.0,0.0,0.0,0.0
1997-10-31,0.0,0.0,0.0,0.0,0.0
1997-11-01,0.0,0.0,0.0,0.0,0.0
1997-11-02,0.0,0.0,0.0,0.0,0.0
1997-11-03,0.0,0.0,0.0,0.0,0.0
1997-11-04,0.0,0.0,0.0,0.0,0.0
1997-11-05,0.0,0.0,0.0,0.0,0.0
1997-11-06,0.0,0.0,0.0,0.0,0.0
1997-11-07,0.0,0.0,0.0,0.0,0.0
1997-11-08,0.0,0.0,0.0,0.0,0.0
1997-11-09,0.0,0.0,0.0,0.0,0.0
1997-11-10,0.109,109.15,10.69,6.75,91.7
1997-11-11,0.021,43.63,11.57,0.0,32.07
1997-11-12,0.002,15.6,11.43,0.0,4.16
1997-11-13,0.068,50.93,9.8,0.04,41.09
1997-11-14,0.112,66.75,10.05,0.13,56.57
1997-11-15,0.057,48.97,10.34,0.03,38.59
1997-11-16,0.025,19.07,9.96,0.0,9.11
1997-11-17,0.012,12.0,10.82,0.0,1.19
1997-11-18,0.018,32.62,9.34,0.03,23.26
1997-11-19,0.037,36.32,10.84,0.01,25.47
1997-11-20,0.009,13.05,10.69,0.0,2.35
1997-11-21,0.003,10.78,10.08,0.0,0.7
1997-11-22,0.002,11.87,11.24,0.0,0.67
1997-11-23,0.002,10.33,9.58,0.0,0.81
1997-11-24,0.002,9.94,9.21,0.0,0.74
1997-11-25,0.063,100.29,5.22,13.8,81.27
1997-11-26,0.475,299.84,10.7,73.59,215.54
1997-11-27,0.152,46.98,10.62,0.0,36.35
1997-11-28,0.114,12.89,10.79,0.0,2.1
1997-11-29,0.108,11.51,10.36,0.0,1.15
1997-11-30,0.301,80.5,10.47,1.16,68.87
1997-12-01,0.206,17.16,10.88,0.0,6.27
1997-12-02,0.181,12.12,10.93,0.0,1.19
1997-12-03,0.156,11.92,10.97,0.0,0.96
1997-12-04,0.122,11.65,10.76,0.0,0.89
1997-12-05,0.177,31.15,9.75,0.04,21.36
1997-12-06,0.307,30.04,10.31,0.25,19.48
1997-12-07,0.617,71.73,10.36,14.35,47.02
1997-12-08,0.585,20.42,10.82,1.84,7.77
1997-12-09,0.517,12.75,10.92,0.32,1.51
1997-12-10,0.47,12.19,10.97,0.06,1.16
1997-12-11,0.429,12.18,11.02,0.03,1.14
1997-12-12,0.392,12.18,11.03,0.02,1.13
1997-12-13,0.347,12.23,11.09,0.01,1.13
1997-12-14,0.628,45.76,10.65,4.79,30.31
1997-12-15,0.638,16.08,11.07,1.2,3.81
1997-12-16,0.586,12.81,11.09,0.44,1.28
1997-12-17,0.537,12.5,11.12,0.23,1.14
1997-12-18,0.438,12.45,11.26,0.05,1.14
1997-12-19,0.375,12.18,11.04,0.01,1.13
1997-12-20,0.349,12.25,11.11,0.01,1.13
1997-12-21,0.285,12.36,11.23,0.01,1.12
1997-12-22,0.23,12.07,11.02,0.0,1.05
1997-12-23,0.253,12.21,11.13,0.0,1.08
1997-12-24,0.223,12.38,11.31,0.0,1.07
1997-12-25,0.186,12.12,11.13,0.0,0.98
1997-12-26,0.194,12.24,11.23,0.0,1.0
1997-12-27,0.182,12.24,11.25,0.0,0.98
1997-12-28,0.163,12.24,11.28,0.0,0.96
1997-12-29,0.148,12.2,11.27,0.0,0.93
1997-12-30,0.134,12.19,11.28,0.0,0.91
1997-12-31,0.118,12.13,11.24,0.0,0.88
1998-01-01,0.106,11.99,11.12,0.0,0.86
1998-01-02,0.188,19.42,10.4,0.01,9.01
1998-01-03,0.206,15.09,10.59,0.05,4.46
1998-01-04,0.524,79.23,10.56,7.55,61.12
1998-01-05,0.48,16.61,10.87,0.12,5.62
1998-01-06,0.458,12.85,10.84,0.09,1.92
1998-01-07,0.498,14.01,10.65,0.53,2.83
1998-01-08,0.464,12.06,10.72,0.1,1.25
1998-01-09,0.484,17.01,10.67,0.83,5.5
1998-01-10,0.702,21.53,10.69,3.14,7.69
1998-01-11,0.888,34.49,10.65,8.8,15.04
1998-01-12,1.564,53.92,10.9,17.95,25.07
1998-01-13,1.808,22.37,11.38,4.72,6.27
1998-01-14,2.318,45.41,11.61,14.6,19.21
1998-01-15,3.087,35.65,12.36,10.06,13.23
1998-01-16,2.992,17.46,12.5,2.14,2.82
1998-01-17,2.97,22.55,12.31,4.42,5.82
1998-01-18,3.828,285.6,12.52,117.92,155.16
1998-01-19,4.747,84.92,13.28,30.93,40.7
1998-01-20,3.919,17.99,13.03,2.14,2.82
1998-01-21,3.249,14.88,12.74,0.93,1.22
1998-01-22,2.796,14.49,12.48,0.87,1.14
1998-01-23,2.414,14.26,12.26,0.86,1.14
1998-01-24,2.099,14.04,12.04,0.86,1.14
1998-01-25,1.827,13.87,11.87,0.86,1.14
1998-01-26,1.637,13.85,11.84,0.87,1.14
1998-01-27,1.476,21.6,11.87,4.2,5.52
1998-01-28,1.282,14.52,11.93,1.12,1.47
1998-01-29,2.684,319.48,11.96,132.79,174.73
1998-01-30,2.52,32.45,12.42,8.65,11.38
1998-01-31,2.549,32.92,12.15,8.97,11.8
1998-02-01,4.4,294.24,12.84,121.52,159.89
1998-02-02,10.108,1719.83,15.59,726.2,978.03
1998-02-03,32.556,5661.9,28.22,2371.54,3262.13
1998-02-04,18.48,247.24,23.26,22.38,201.6
1998-02-05,15.03,186.19,20.91,11.07,154.21
1998-02-06,15.033,215.33,20.71,28.88,165.74
1998-02-07,18.296,563.81,21.93,174.48,367.4
1998-02-08,19.747,264.12,23.76,32.27,208.09
1998-02-09,14.399,179.65,21.3,1.6,156.75
1998-02-10,10.825,110.24,19.35,1.86,89.03
1998-02-11,9.927,190.98,18.3,56.72,115.97
1998-02-12,8.91,52.59,17.77,6.09,28.73
1998-02-13,7.44,30.6,16.97,1.41,12.22
1998-02-14,11.561,1986.03,18.89,825.11,1142.03
1998-02-15,9.046,112.02,18.21,20.05,73.75
1998-02-16,7.153,38.5,16.09,8.09,14.33
1998-02-17,6.957,26.19,16.36,4.2,5.63
1998-02-18,5.104,16.65,14.42,0.96,1.27
1998-02-19,7.946,440.68,16.12,180.92,243.63
1998-02-20,10.514,231.96,18.24,78.68,135.03
1998-02-21,10.559,244.73,18.49,79.59,146.65
1998-02-22,9.41,94.85,18.5,11.86,64.49
1998-02-23,8.108,89.01,16.99,29.44,42.58
1998-02-24,6.505,27.62,15.95,4.74,6.93
1998-02-25,4.59,16.24,13.88,1.0,1.35
1998-02-26,3.34,15.22,13.2,0.87,1.15
1998-02-27,2.404,14.85,12.85,0.86,1.14
1998-02-28,1.747,14.74,12.74,0.86,1.13
1998-03-01,1.283,14.78,12.79,0.86,1.13
1998-03-02,0.948,14.79,12.87,0.78,1.13
1998-03-03,0.635,14.65,13.04,0.47,1.13
1998-03-04,0.462,14.31,12.98,0.21,1.13
1998-03-05,0.373,34.94,12.56,2.36,20.02
1998-03-06,0.762,47.25,12.11,5.01,30.13
1998-03-07,0.718,20.12,12.07,1.29,6.75
1998-03-08,0.784,19.54,12.09,1.72,5.74
1998-03-09,0.624,14.2,12.25,0.48,1.47
1998-03-10,0.454,13.5,12.3,0.04,1.15
1998-03-11,0.328,13.5,12.37,0.01,1.12
1998-03-12,0.246,13.83,12.28,0.0,1.55
1998-03-13,0.784,54.19,11.13,6.14,36.92
1998-03-14,0.933,16.88,11.86,1.32,3.7
1998-03-15,0.695,13.82,11.94,0.57,1.3
1998-03-16,0.502,13.27,12.02,0.11,1.15
1998-03-17,0.371,13.22,12.08,0.01,1.13
1998-03-18,0.267,13.22,12.12,0.0,1.1
1998-03-19,0.186,13.23,12.2,0.0,1.02
1998-03-20,0.127,13.18,12.25,0.0,0.93
1998-03-21,0.095,12.98,12.12,0.0,0.86
1998-03-22,0.142,19.3,10.77,0.01,8.52
1998-03-23,0.209,15.34,10.84,0.01,4.49
1998-03-24,0.474,15.46,11.74,0.06,3.66
1998-03-25,0.66,19.6,11.68,1.95,5.97
1998-03-26,0.605,14.05,12.14,0.4,1.51
1998-03-27,0.446,13.4,12.18,0.06,1.16
1998-03-28,0.351,13.24,12.11,0.01,1.12
1998-03-29,0.277,13.39,12.28,0.01,1.1
1998-03-30,0.201,13.39,12.35,0.0,1.04
1998-03-31,0.382,17.17,11.27,0.04,5.86
1998-04-01,0.492,13.63,11.97,0.06,1.6
1998-04-02,0.377,13.28,12.05,0.02,1.22
1998-04-03,0.524,17.89,11.77,0.37,5.75
1998-04-04,0.734,15.53,11.88,1.06,2.59
1998-04-05,0.62,13.81,12.12,0.45,1.24
1998-04-06,0.555,13.25,12.03,0.08,1.14
1998-04-07,0.429,13.43,12.27,0.04,1.13
1998-04-08,0.345,13.24,12.12,0.01,1.12
1998-04-09,0.274,13.38,12.27,0.0,1.1
1998-04-10,0.194,13.39,12.36,0.0,1.03
1998-04-11,0.143,13.37,12.4,0.0,0.97
1998-04-12,0.114,14.66,12.05,0.01,2.6
1998-04-13,0.325,21.35,11.35,0.03,9.97
1998-04-14,0.37,13.58,11.91,0.01,1.65
1998-04-15,0.301,13.24,12.09,0.01,1.14
1998-04-16,0.229,13.2,12.14,0.0,1.06
1998-04-17,0.174,13.2,12.19,0.0,1.0
1998-04-18,0.131,13.16,12.22,0.0,0.94
1998-04-19,0.096,13.1,12.23,0.0,0.87
1998-04-20,0.067,13.07,12.26,0.0,0.82
1998-04-21,0.039,13.05,12.29,0.0,0.76
1998-04-22,0.015,13.03,12.35,0.0,0.68
1998-04-23,0.002,12.69,12.29,0.0,0.4
1998-04-24,0.0,12.25,12.11,0.0,0.09
1998-04-25,0.0,11.57,14.25,0.0,0.02
1998-04-26,0.0,0.0,0.0,0.0,0.0
1998-04-27,0.0,0.0,0.0,0.0,0.0
1998-04-28,0.0,0.0,0.0,0.0,0.0
1998-04-29,0.0,0.0,0.0,0.0,0.0
1998-04-30,0.0,0.0,0.0,0.0,0.0
1998-05-01,0.0,0.0,0.0,0.0,0.0
1998-05-02,0.0,0.0,0.0,0.0,0.0
1998-05-03,0.004,38.66,11.58,2.72,24.38
1998-05-04,0.015,22.96,12.72,0.0,10.24
1998-05-05,0.003,16.63,14.34,0.0,2.29
1998-05-06,0.002,15.75,15.02,0.0,0.73
1998-05-07,0.001,16.2,15.58,0.0,0.68
1998-05-08,0.0,15.78,15.33,0.0,0.37
1998-05-09,0.0,15.43,15.31,0.0,0.6
1998-05-10,0.0,11.57,20.91,0.0,0.9
1998-05-11,0.0,0.0,0.0,0.0,0.0
1998-05-12,0.053,68.5,10.62,0.33,57.54
1998-05-13,0.026,22.48,12.08,0.0,10.4
1998-05-14,0.012,14.27,12.84,0.0,1.43
1998-05-15,0.002,13.58,12.95,0.0,0.59
1998-05-16,0.0,13.82,13.33,0.0,0.45
1998-05-17,0.0,14.47,13.73,0.0,0.71
1998-05-18,0.0,14.73,14.24,0.0,0.78
1998-05-19,0.0,14.15,12.76,0.0,0.69
1998-05-20,0.0,16.2,15.51,0.0,0.82
1998-05-21,0.0,11.57,12.11,0.0,0.61
1998-05-22,0.0,23.15,27.46,0.0,1.29
1998-05-23,0.0,0.0,0.0,0.0,0.0
1998-05-24,0.0,0.0,0.0,0.0,0.0
1998-05-25,0.0,0.0,0.0,0.0,0.0
1998-05-26,0.0,0.0,0.0,0.0,0.0
1998-05-27,0.044,30.73,10.27,0.23,20.23
1998-05-28,0.128,44.62,10.29,0.04,34.28
1998-05-29,0.038,22.66,10.12,0.0,12.54
1998-05-30,0.012,12.07,10.76,0.0,1.3
1998-05-31,0.002,10.95,10.38,0.0,0.58
1998-06-01,0.001,11.71,11.1,0.0,0.62
1998-06-02,0.001,11.97,11.31,0.0,0.71
1998-06-03,0.0,12.07,11.48,0.0,0.72
1998-06-04,0.0,12.57,11.66,0.0,0.72
1998-06-05,0.0,12.43,11.61,0.0,0.73
1998-06-06,0.0,12.68,11.81,0.0,0.74
1998-06-07,0.0,13.02,11.91,0.0,0.74
1998-06-08,0.0,12.4,11.32,0.0,0.71
1998-06-09,0.0,11.57,11.21,0.0,0.69
1998-06-10,0.0,13.5,13.95,0.0,0.88
1998-06-11,0.0,13.5,11.83,0.0,0.75
1998-06-12,0.0,11.57,10.93,0.0,0.68
1998-06-13,0.0,11.57,15.64,0.0,1.01
1998-06-14,0.0,0.0,10.88,0.0,0.76
1998-06-15,0.0,0.0,0.0,0.0,0.0
1998-06-16,0.0,0.0,0.0,0.0,0.0
1998-06-17,0.0,0.0,0.0,0.0,0.0
1998-06-18,0.0,0.0,0.0,0.0,0.0
1998-06-19,0.0,0.0,0.0,0.0,0.0
1998-06-20,0.0,0.0,0.0,0.0,0.0
1998-06-21,0.0,0.0,0.0,0.0,0.0
1998-06-22,0.0,0.0,0.0,0.0,0.0
1998-06-23,0.0,0.0,0.0,0.0,0.0
1998-06-24,0.0,0.0,0.0,0.0,0.0
1998-06-25,0.0,0.0,0.0,0.0,0.0
1998-06-26,0.0,0.0,0.0,0.0,0.0
1998-06-27,0.0,0.0,0.0,0.0,0.0
1998-06-28,0.0,0.0,0.0,0.0,0.0
1998-06-29,0.0,0.0,0.0,0.0,0.0
1998-06-30,0.0,0.0,0.0,0.0,0.0
1998-07-01,0.0,0.0,0.0,0.0,0.0
1998-07-02,0.0,0.0,0.0,0.0,0.0
1998-07-03,0.0,0.0,0.0,0.0,0.0
1998-07-04,0.0,0.0,0.0,0.0,0.0
1998-07-05,0.0,0.0,0.0,0.0,0.0
1998-07-06,0.0,0.0,0.0,0.0,0.0
1998-07-07,0.0,0.0,0.0,0.0,0.0
1998-07-08,0.0,0.0,0.0,0.0,0.0
1998-07-09,0.0,0.0,0.0,0.0,0.0
1998-07-10,0.0,0.0,0.0,0.0,0.0
1998-07-11,0.0,0.0,0.0,0.0,0.0
1998-07-12,0.0,0.0,0.0,0.0,0.0
1998-07-13,0.0,0.0,0.0,0.0,0.0
1998-07-14,0.0,0.0,0.0,0.0,0.0
1998-07-15,0.0,0.0,0.0,0.0,0.0
1998-07-16,0.0,0.0,0.0,0.0,0.0
1998-07-17,0.0,0.0,0.0,0.0,0.0
1998-07-18,0.0,0.0,0.0,0.0,0.0
1998-07-19,0.0,0.0,0.0,0.0,0.0
1998-07-20,0.0,0.0,0.0,0.0,0.0
1998-07-21,0.0,0.0,0.0,0.0,0.0
1998-07-22,0.0,0.0,0.0,0.0,0.0
1998-07-23,0.0,0.0,0.0,0.0,0.0
1998-07-24,0.0,0.0,0.0,0.0,0.0
1998-07-25,0.0,0.0,0.0,0.0,0.0
1998-07-26,0.0,0.0,0.0,0.0,0.0
1998-07-27,0.0,0.0,0.0,0.0,0.0
1998-07-28,0.0,0.0,0.0,0.0,0.0
1998-07-29,0.0,0.0,0.0,0.0,0.0
1998-07-30,0.0,0.0,0.0,0.0,0.0
1998-07-31,0.0,0.0,0.0,0.0,0.0
1998-08-01,0.0,0.0,0.0,0.0,0.0
1998-08-02,0.0,0.0,0.0,0.0,0.0
1998-08-03,0.0,0.0,0.0,0.0,0.0
1998-08-04,0.0,0.0,0.0,0.0,0.0
1998-08-05,0.0,0.0,0.0,0.0,0.0
1998-08-06,0.0,0.0,0.0,0.0,0.0
1998-08-07,0.0,0.0,0.0,0.0,0.0
1998-08-08,0.0,0.0,0.0,0.0,0.0
1998-08-09,0.0,0.0,0.0,0.0,0.0
1998-08-10,0.0,0.0,0.0,0.0,0.0
1998-08-11,0.0,0.0,0.0,0.0,0.0
1998-08-12,0.0,0.0,0.0,0.0,0.0
1998-08-13,0.0,0.0,0.0,0.0,0.0
1998-08-14,0.0,0.0,0.0,0.0,0.0
1998-08-15,0.0,0.0,0.0,0.0,0.0
1998-08-16,0.0,0.0,0.0,0.0,0.0
1998-08-17,0.0,0.0,0.0,0.0,0.0
1998-08-18,0.0,0.0,0.0,0.0,0.0
1998-08-19,0.0,0.0,0.0,0.0,0.0
1998-08-20,0.0,0.0,0.0,0.0,0.0
1998-08-21,0.0,0.0,0.0,0.0,0.0
1998-08-22,0.0,0.0,0.0,0.0,0.0
1998-08-23,0.0,0.0,0.0,0.0,0.0
1998-08-24,0.0,0.0,0.0,0.0,0.0
1998-08-25,0.0,0.0,0.0,0.0,0.0
1998-08-26,0.0,0.0,0.0,0.0,0.0
1998-08-27,0.0,0.0,0.0,0.0,0.0
1998-08-28,0.0,0.0,0.0,0.0,0.0
1998-08-29,0.0,0.0,0.0,0.0,0.0
1998-08-30,0.0,0.0,0.0,0.0,0.0
1998-08-31,0.0,0.0,0.0,0.0,0.0
1998-09-01,0.0,0.0,0.0,0.0,0.0
1998-09-02,0.0,0.0,0.0,0.0,0.0
1998-09-03,0.0,0.0,0.0,0.0,0.0
1998-09-04,0.0,0.0,0.0,0.0,0.0
1998-09-05,0.0,0.0,0.0,0.0,0.0
1998-09-06,0.0,0.0,0.0,0.0,0.0
1998-09-07,0.0,0.0,0.0,0.0,0.0
1998-09-08,0.0,0.0,0.0,0.0,0.0
1998-09-09,0.0,0.0,0.0,0.0,0.0
1998-09-10,0.0,0.0,0.0,0.0,0.0
1998-09-11,0.0,0.0,0.0,0.0,0.0
1998-09-12,0.0,0.0,0.0,0.0,0.0
1998-09-13,0.0,0.0,0.0,0.0,0.0
1998-09-14,0.0,0.0,0.0,0.0,0.0
1998-09-15,0.0,0.0,0.0,0.0,0.0
1998-09-16,0.0,0.0,0.0,0.0,0.0
1998-09-17,0.0,0.0,0.0,0.0,0.0
1998-09-18,0.0,0.0,0.0,0.0,0.0
1998-09-19,0.0,0.0,0.0,0.0,0.0
1998-09-20,0.0,0.0,0.0,0.0,0.0
1998-09-21,0.0,0.0,0.0,0.0,0.0
1998-09-22,0.0,0.0,0.0,0.0,0.0
1998-09-23,0.0,0.0,0.0,0.0,0.0
1998-09-24,0.0,0.0,0.0,0.0,0.0
1998-09-25,0.0,0.0,0.0,0.0,0.0
1998-09-26,0.0,0.0,0.0,0.0,0.0
1998-09-27,0.0,0.0,0.0,0.0,0.0
1998-09-28,0.0,0.0,0.0,0.0,0.0
1998-09-29,0.0,0.0,0.0,0.0,0.0
1998-09-30,0.0,0.0,0.0,0.0,0.0
1998-10-01,0.0,0.0,0.0,0.0,0.0
1998-10-02,0.0,0.0,0.0,0.0,0.0
1998-10-03,0.0,0.0,0.0,0.0,0.0
1998-10-04,0.0,0.0,0.0,0.0,0.0
1998-10-05,0.0,0.0,0.0,0.0,0.0
1998-10-06,0.0,0.0,0.0,0.0,0.0
1998-10-07,0.0,0.0,0.0,0.0,0.0
1998-10-08,0.0,0.0,0.0,0.0,0.0
1998-10-09,0.0,0.0,0.0,0.0,0.0
1998-10-10,0.0,0.0,0.0,0.0,0.0
1998-10-11,0.0,0.0,0.0,0.0,0.0
1998-10-12,0.0,0.0,0.0,0.0,0.0
1998-10-13,0.0,0.0,0.0,0.0,0.0
1998-10-14,0.0,0.0,0.0,0.0,0.0
1998-10-15,0.0,0.0,0.0,0.0,0.0
1998-10-16,0.0,0.0,0.0,0.0,0.0
1998-10-17,0.0,0.0,0.0,0.0,0.0
1998-10-18,0.0,0.0,0.0,0.0,0.0
1998-10-19,0.0,0.0,0.0,0.0,0.0
1998-10-20,0.0,0.0,0.0,0.0,0.0
1998-10-21,0.0,0.0,0.0,0.0,0.0
1998-10-22,0.0,0.0,0.0,0.0,0.0
1998-10-23,0.0,0.0,0.0,0.0,0.0
1998-10-24,0.111,97.67,10.9,5.02,81.75
1998-10-25,0.017,38.39,11.79,0.0,26.6
1998-10-26,0.002,15.46,11.71,0.0,3.75
1998-10-27,0.0,12.89,12.1,0.0,0.74
1998-10-28,0.0,13.12,12.3,0.0,0.73
1998-10-29,0.0,13.29,12.41,0.0,0.74
1998-10-30,0.0,13.02,12.43,0.0,0.75
1998-10-31,0.0,12.1,12.04,0.0,0.72
1998-11-01,0.0,12.22,12.17,0.0,0.73
1998-11-02,0.0,12.22,11.95,0.0,0.73
1998-11-03,0.0,13.89,12.81,0.0,0.77
1998-11-04,0.0,13.23,12.36,0.0,0.74
1998-11-05,0.0,12.46,11.09,0.0,0.66
1998-11-06,0.0,13.89,12.64,0.0,0.77
1998-11-07,0.089,47.6,10.22,0.04,37.35
1998-11-08,0.024,34.81,11.24,0.01,23.56
1998-11-09,0.009,30.19,12.69,0.0,17.49
1998-11-10,0.002,12.74,10.77,0.0,2.01
1998-11-11,0.01,18.92,7.93,0.0,10.99
1998-11-12,0.002,11.57,9.92,0.0,1.67
1998-11-13,0.001,11.95,11.34,0.0,0.68
1998-11-14,0.0,12.58,11.82,0.0,0.72
1998-11-15,0.0,12.68,11.82,0.0,0.74
1998-11-16,0.0,12.51,11.8,0.0,0.72
1998-11-17,0.003,14.92,8.04,0.0,6.89
1998-11-18,0.001,11.57,9.91,0.0,1.66
1998-11-19,0.0,11.57,11.05,0.0,0.66
1998-11-20,0.0,12.54,11.59,0.0,0.72
1998-11-21,0.001,9.65,5.87,0.01,3.84
1998-11-22,0.008,16.84,10.92,0.0,5.91
1998-11-23,0.058,29.59,9.52,0.01,20.06
1998-11-24,0.017,17.48,11.08,0.0,6.4
1998-11-25,0.002,12.01,11.04,0.0,0.99
1998-11-26,0.001,11.9,11.35,0.0,0.64
1998-11-27,0.011,27.53,10.55,0.02,16.96
1998-11-28,0.03,30.61,12.83,0.01,17.78
1998-11-29,0.162,69.01,9.85,0.11,59.06
1998-11-30,0.135,44.07,10.3,0.04,33.72
1998-12-01,0.051,20.7,11.36,0.0,9.34
1998-12-02,0.024,11.93,10.93,0.0,1.0
1998-12-03,0.059,24.99,10.44,0.01,14.54
1998-12-04,0.032,12.88,11.1,0.0,1.79
1998-12-05,0.039,23.81,10.44,0.02,13.36
1998-12-06,0.04,25.0,10.96,0.0,14.05
1998-12-07,0.03,12.06,11.04,0.0,1.02
1998-12-08,0.018,10.66,9.95,0.0,0.72
1998-12-09,0.025,11.56,10.78,0.0,0.79
1998-12-10,0.021,11.34,10.59,0.0,0.75
1998-12-11,0.017,11.15,10.41,0.0,0.74
1998-12-12,0.013,11.04,10.29,0.0,0.74
1998-12-13,0.007,10.22,9.53,0.0,0.69
1998-12-14,0.007,9.86,9.12,0.0,0.75
1998-12-15,0.009,10.23,9.46,0.0,0.75
1998-12-16,0.007,9.59,8.87,0.0,0.72
1998-12-17,0.005,9.04,8.32,0.0,0.73
1998-12-18,0.003,8.28,7.6,0.0,0.71
1998-12-19,0.002,8.53,7.79,0.0,0.7
1998-12-20,0.0,10.98,10.43,0.0,0.48
1998-12-21,0.0,12.73,12.0,0.0,0.68
1998-12-22,0.0,13.62,12.29,0.0,0.71
1998-12-23,0.0,13.12,12.26,0.0,0.71
1998-12-24,0.0,13.5,13.17,0.0,0.76
1998-12-25,0.0,13.89,13.26,0.0,0.76
1998-12-26,0.0,14.15,12.69,0.0,0.73
1998-12-27,0.0,13.02,12.23,0.0,0.7
1998-12-28,0.0,15.43,14.06,0.0,0.8
1998-12-29,0.0,13.5,11.79,0.0,0.66
1998-12-30,0.0,14.47,14.29,0.0,0.78
1998-12-31,0.0,11.57,12.06,0.0,0.63
1999-01-01,0.0,17.36,16.38,0.0,0.9
1999-01-02,0.0,34.72,25.84,0.0,1.37
1999-01-03,0.0,11.57,19.12,0.0,0.96
1999-01-04,0.0,11.57,12.73,0.0,0.61
1999-01-05,0.0,0.0,0.0,0.0,0.0
1999-01-06,0.0,0.0,0.0,0.0,0.0
1999-01-07,0.0,0.0,0.0,0.0,0.0
1999-01-08,0.0,0.0,0.0,0.0,0.0
1999-01-09,0.0,0.0,0.0,0.0,0.0
1999-01-10,0.0,0.0,0.0,0.0,0.0
1999-01-11,0.0,0.0,0.0,0.0,0.0
1999-01-12,0.0,0.0,0.0,0.0,0.0
1999-01-13,0.0,0.0,0.0,0.0,0.0
1999-01-14,0.0,0.0,0.0,0.0,0.0
1999-01-15,0.008,29.27,7.61,0.29,21.37
1999-01-16,0.039,30.46,11.32,0.0,19.14
1999-01-17,0.022,21.89,9.78,0.01,12.1
1999-01-18,0.058,26.38,10.07,0.01,16.29
1999-01-19,0.16,47.91,10.52,0.07,37.32
1999-01-20,0.098,36.23,11.16,0.0,25.07
1999-01-21,0.064,33.45,10.82,0.02,22.62
1999-01-22,0.035,12.76,11.27,0.0,1.5
1999-01-23,0.082,27.74,10.18,0.01,17.54
1999-01-24,0.052,13.69,11.18,0.0,2.5
1999-01-25,0.039,12.25,11.45,0.0,0.81
1999-01-26,0.04,18.65,10.35,0.0,8.29
1999-01-27,0.039,12.41,11.08,0.0,1.33
1999-01-28,0.036,11.91,11.13,0.0,0.78
1999-01-29,0.032,11.79,11.02,0.0,0.77
1999-01-30,0.025,11.87,11.12,0.0,0.75
1999-01-31,0.155,106.19,10.23,0.37,95.59
1999-02-01,0.069,24.44,11.1,0.0,13.35
1999-02-02,0.051,12.11,11.04,0.0,1.07
1999-02-03,0.045,11.79,11.0,0.0,0.79
1999-02-04,0.034,11.67,10.92,0.0,0.76
1999-02-05,0.027,11.7,10.93,0.0,0.76
1999-02-06,0.071,36.7,9.06,0.03,27.61
1999-02-07,0.473,130.38,9.95,27.45,92.97
1999-02-08,0.368,32.99,10.64,0.45,21.89
1999-02-09,0.711,91.65,10.29,23.59,57.77
1999-02-10,0.655,22.16,10.7,3.15,8.31
1999-02-11,0.566,12.88,10.8,0.53,1.56
1999-02-12,0.509,12.25,10.85,0.24,1.16
1999-02-13,0.491,12.1,10.87,0.1,1.14
1999-02-14,0.443,13.32,10.9,0.19,2.23
1999-02-15,0.382,12.33,10.98,0.02,1.33
1999-02-16,0.436,17.79,10.5,0.84,6.45
1999-02-17,0.759,48.86,10.6,11.5,26.76
1999-02-18,0.789,23.24,10.83,4.64,7.76
1999-02-19,0.696,16.05,10.9,1.89,3.26
1999-02-20,0.721,26.54,10.68,5.43,10.43
1999-02-21,0.919,30.25,10.79,6.88,12.58
1999-02-22,0.901,14.76,10.75,1.53,2.48
1999-02-23,0.898,15.37,10.75,1.56,3.06
1999-02-24,0.877,13.3,10.9,0.86,1.54
1999-02-25,0.878,21.43,10.67,3.29,7.47
1999-02-26,0.85,13.69,10.75,0.96,1.98
1999-02-27,0.782,12.71,10.82,0.7,1.18
1999-02-28,0.744,12.75,10.93,0.68,1.14
1999-03-01,0.591,12.66,11.04,0.48,1.14
1999-03-02,0.489,12.28,10.93,0.21,1.14
1999-03-03,0.411,11.99,10.79,0.05,1.15
1999-03-04,0.373,12.08,10.92,0.02,1.14
1999-03-05,0.341,12.12,10.98,0.01,1.12
1999-03-06,0.324,11.89,10.76,0.01,1.12
1999-03-07,0.276,12.07,10.96,0.01,1.11
1999-03-08,0.313,15.57,10.51,0.07,4.99
1999-03-09,0.474,27.91,10.55,2.15,15.21
1999-03-10,0.434,13.05,10.66,0.12,2.27
1999-03-11,0.363,12.01,10.79,0.03,1.19
1999-03-12,0.314,11.93,10.81,0.01,1.12
1999-03-13,0.272,11.93,10.82,0.01,1.1
1999-03-14,0.253,11.65,10.57,0.0,1.08
1999-03-15,0.234,12.29,10.7,0.01,1.58
1999-03-16,0.203,11.76,10.66,0.0,1.09
1999-03-17,0.175,11.71,10.71,0.0,1.0
1999-03-18,0.149,11.69,10.74,0.0,0.95
1999-03-19,0.135,11.5,10.51,0.0,0.99
1999-03-20,0.136,12.12,10.5,0.0,1.62
1999-03-21,0.118,11.32,10.4,0.0,0.92
1999-03-22,0.1,11.49,10.61,0.0,0.87
1999-03-23,0.081,11.08,10.23,0.0,0.84
1999-03-24,0.087,14.44,9.18,0.01,5.24
1999-03-25,0.258,38.92,10.08,0.46,28.38
1999-03-26,0.191,14.17,10.28,0.0,3.89
1999-03-27,0.153,11.39,10.29,0.0,1.1
1999-03-28,0.127,11.15,10.22,0.0,0.93
1999-03-29,0.108,11.02,10.12,0.0,0.9
1999-03-30,0.089,10.95,10.08,0.0,0.87
1999-03-31,0.068,10.51,9.5,0.0,1.01
1999-04-01,0.063,10.34,9.5,0.0,0.84
1999-04-02,0.056,10.35,9.53,0.0,0.82
1999-04-03,0.042,10.17,9.37,0.0,0.8
1999-04-04,0.025,9.37,8.63,0.0,0.74
1999-04-05,0.116,90.52,9.57,0.25,80.7
1999-04-06,0.092,25.01,10.11,0.0,14.9
1999-04-07,0.07,11.24,9.82,0.0,1.42
1999-04-08,0.102,40.55,9.79,0.06,30.7
1999-04-09,0.076,13.05,9.86,0.0,3.19
1999-04-10,0.063,10.4,9.52,0.0,0.88
1999-04-11,0.161,41.29,9.45,0.15,31.69
1999-04-12,0.119,14.58,9.84,0.0,4.74
1999-04-13,0.09,10.67,9.67,0.0,1.0
1999-04-14,0.073,10.27,9.41,0.0,0.85
1999-04-15,0.057,9.97,9.15,0.0,0.82
1999-04-16,0.043,9.77,8.97,0.0,0.8
1999-04-17,0.033,9.25,8.48,0.0,0.78
1999-04-18,0.028,9.23,8.45,0.0,0.77
1999-04-19,0.019,8.76,8.01,0.0,0.75
1999-04-20,0.011,7.97,7.25,0.0,0.72
1999-04-21,0.006,7.8,7.12,0.0,0.69
1999-04-22,0.003,7.96,7.24,0.0,0.68
1999-04-23,0.0,8.78,8.62,0.0,0.29
1999-04-24,0.0,13.5,11.85,0.0,0.57
1999-04-25,0.0,15.43,11.24,0.0,0.6
1999-04-26,0.0,0.0,0.0,0.0,0.0
1999-04-27,0.0,0.0,0.0,0.0,0.0
1999-04-28,0.0,0.0,0.0,0.0,0.0
1999-04-29,0.0,0.0,0.0,0.0,0.0
1999-04-30,0.0,0.0,0.0,0.0,0.0
1999-05-01,0.0,0.0,0.0,0.0,0.0
1999-05-02,0.0,0.0,0.0,0.0,0.0
1999-05-03,0.0,0.0,0.0,0.0,0.0
1999-05-04,0.0,0.0,0.0,0.0,0.0
1999-05-05,0.0,0.0,0.0,0.0,0.0
1999-05-06,0.0,0.0,0.0,0.0,0.0
1999-05-07,0.0,0.0,0.0,0.0,0.0
1999-05-08,0.0,0.0,0.0,0.0,0.0
1999-05-09,0.0,0.0,0.0,0.0,0.0
1999-05-10,0.0,0.0,0.0,0.0,0.0
1999-05-11,0.0,0.0,0.0,0.0,0.0
1999-05-12,0.0,0.0,0.0,0.0,0.0
1999-05-13,0.0,0.0,0.0,0.0,0.0
1999-05-14,0.0,0.0,0.0,0.0,0.0
1999-05-15,0.0,0.0,0.0,0.0,0.0
1999-05-16,0.0,0.0,0.0,0.0,0.0
1999-05-17,0.0,0.0,0.0,0.0,0.0
1999-05-18,0.0,0.0,0.0,0.0,0.0
1999-05-19,0.0,0.0,0.0,0.0,0.0
1999-05-20,0.0,0.0,0.0,0.0,0.0
1999-05-21,0.0,0.0,0.0,0.0,0.0
1999-05-22,0.0,0.0,0.0,0.0,0.0
1999-05-23,0.0,0.0,0.0,0.0,0.0
1999-05-24,0.0,0.0,0.0,0.0,0.0
1999-05-25,0.0,0.0,0.0,0.0,0.0
1999-05-26,0.0,0.0,0.0,0.0,0.0
1999-05-27,0.0,0.0,0.0,0.0,0.0
1999-05-28,0.0,0.0,0.0,0.0,0.0
1999-05-29,0.0,0.0,0.0,0.0,0.0
1999-05-30,0.0,0.0,0.0,0.0,0.0
1999-05-31,0.0,0.0,0.0,0.0,0.0
1999-06-01,0.0,0.0,0.0,0.0,0.0
1999-06-02,0.0,0.0,0.0,0.0,0.0
1999-06-03,0.0,0.0,0.0,0.0,0.0
1999-06-04,0.0,0.0,0.0,0.0,0.0
1999-06-05,0.0,0.0,0.0,0.0,0.0
1999-06-06,0.0,0.0,0.0,0.0,0.0
1999-06-07,0.0,0.0,0.0,0.0,0.0
1999-06-08,0.0,0.0,0.0,0.0,0.0
1999-06-09,0.0,0.0,0.0,0.0,0.0
1999-06-10,0.0,0.0,0.0,0.0,0.0
1999-06-11,0.0,0.0,0.0,0.0,0.0
1999-06-12,0.0,0.0,0.0,0.0,0.0
1999-06-13,0.0,0.0,0.0,0.0,0.0
1999-06-14,0.0,0.0,0.0,0.0,0.0
1999-06-15,0.0,0.0,0.0,0.0,0.0
1999-06-16,0.0,0.0,0.0,0.0,0.0
1999-06-17,0.0,0.0,0.0,0.0,0.0
1999-06-18,0.0,0.0,0.0,0.0,0.0
1999-06-19,0.0,0.0,0.0,0.0,0.0
1999-06-20,0.0,0.0,0.0,0.0,0.0
1999-06-21,0.0,0.0,0.0,0.0,0.0
1999-06-22,0.0,0.0,0.0,0.0,0.0
1999-06-23,0.0,0.0,0.0,0.0,0.0
1999-06-24,0.0,0.0,0.0,0.0,0.0
1999-06-25,0.0,0.0,0.0,0.0,0.0
1999-06-26,0.0,0.0,0.0,0.0,0.0
1999-06-27,0.0,0.0,0.0,0.0,0.0
1999-06-28,0.0,0.0,0.0,0.0,0.0
1999-06-29,0.0,0.0,0.0,0.0,0.0
1999-06-30,0.0,0.0,0.0,0.0,0.0
1999-07-01,0.0,0.0,0.0,0.0,0.0
1999-07-02,0.0,0.0,0.0,0.0,0.0
1999-07-03,0.0,0.0,0.0,0.0,0.0
1999-07-04,0.0,0.0,0.0,0.0,0.0
1999-07-05,0.0,0.0,0.0,0.0,0.0
1999-07-06,0.0,0.0,0.0,0.0,0.0
1999-07-07,0.0,0.0,0.0,0.0,0.0
1999-07-08,0.0,0.0,0.0,0.0,0.0
1999-07-09,0.0,0.0,0.0,0.0,0.0
1999-07-10,0.0,0.0,0.0,0.0,0.0
1999-07-11,0.0,0.0,0.0,0.0,0.0
1999-07-12,0.0,0.0,0.0,0.0,0.0
1999-07-13,0.0,0.0,0.0,0.0,0.0
1999-07-14,0.0,0.0,0.0,0.0,0.0
1999-07-15,0.0,0.0,0.0,0.0,0.0
1999-07-16,0.0,0.0,0.0,0.0,0.0
1999-07-17,0.0,0.0,0.0,0.0,0.0
1999-07-18,0.0,0.0,0.0,0.0,0.0
1999-07-19,0.0,0.0,0.0,0.0,0.0
1999-07-20,0.0,0.0,0.0,0.0,0.0
1999-07-21,0.0,0.0,0.0,0.0,0.0
1999-07-22,0.0,0.0,0.0,0.0,0.0
1999-07-23,0.0,0.0,0.0,0.0,0.0
1999-07-24,0.0,0.0,0.0,0.0,0.0
1999-07-25,0.0,0.0,0.0,0.0,0.0
1999-07-26,0.0,0.0,0.0,0.0,0.0
1999-07-27,0.0,0.0,0.0,0.0,0.0
1999-07-28,0.0,0.0,0.0,0.0,0.0
1999-07-29,0.0,0.0,0.0,0.0,0.0
1999-07-30,0.0,0.0,0.0,0.0,0.0
1999-07-31,0.0,0.0,0.0,0.0,0.0
1999-08-01,0.0,0.0,0.0,0.0,0.0
1999-08-02,0.0,0.0,0.0,0.0,0.0
1999-08-03,0.0,0.0,0.0,0.0,0.0
1999-08-04,0.0,0.0,0.0,0.0,0.0
1999-08-05,0.0,0.0,0.0,0.0,0.0
1999-08-06,0.0,0.0,0.0,0.0,0.0
1999-08-07,0.0,0.0,0.0,0.0,0.0
1999-08-08,0.0,0.0,0.0,0.0,0.0
1999-08-09,0.0,0.0,0.0,0.0,0.0
1999-08-10,0.0,0.0,0.0,0.0,0.0
1999-08-11,0.0,0.0,0.0,0.0,0.0
1999-08-12,0.0,0.0,0.0,0.0,0.0
1999-08-13,0.0,0.0,0.0,0.0,0.0
1999-08-14,0.0,0.0,0.0,0.0,0.0
1999-08-15,0.0,0.0,0.0,0.0,0.0
1999-08-16,0.0,0.0,0.0,0.0,0.0
1999-08-17,0.0,0.0,0.0,0.0,0.0
1999-08-18,0.0,0.0,0.0,0.0,0.0
1999-08-19,0.0,0.0,0.0,0.0,0.0
1999-08-20,0.0,0.0,0.0,0.0,0.0
1999-08-21,0.0,0.0,0.0,0.0,0.0
1999-08-22,0.0,0.0,0.0,0.0,0.0
1999-08-23,0.0,0.0,0.0,0.0,0.0
1999-08-24,0.0,0.0,0.0,0.0,0.0
1999-08-25,0.0,0.0,0.0,0.0,0.0
1999-08-26,0.0,0.0,0.0,0.0,0.0
1999-08-27,0.0,0.0,0.0,0.0,0.0
1999-08-28,0.0,0.0,0.0,0.0,0.0
1999-08-29,0.0,0.0,0.0,0.0,0.0
1999-08-30,0.0,0.0,0.0,0.0,0.0
1999-08-31,0.0,0.0,0.0,0.0,0.0
1999-09-01,0.0,0.0,0.0,0.0,0.0
1999-09-02,0.0,0.0,0.0,0.0,0.0
1999-09-03,0.0,0.0,0.0,0.0,0.0
1999-09-04,0.0,0.0,0.0,0.0,0.0
1999-09-05,0.0,0.0,0.0,0.0,0.0
1999-09-06,0.0,0.0,0.0,0.0,0.0
1999-09-07,0.0,0.0,0.0,0.0,0.0
1999-09-08,0.0,0.0,0.0,0.0,0.0
1999-09-09,0.0,0.0,0.0,0.0,0.0
1999-09-10,0.0,0.0,0.0,0.0,0.0
1999-09-11,0.0,0.0,0.0,0.0,0.0
1999-09-12,0.0,0.0,0.0,0.0,0.0
1999-09-13,0.0,0.0,0.0,0.0,0.0
1999-09-14,0.0,0.0,0.0,0.0,0.0
1999-09-15,0.0,0.0,0.0,0.0,0.0
1999-09-16,0.0,0.0,0.0,0.0,0.0
1999-09-17,0.0,0.0,0.0,0.0,0.0
1999-09-18,0.0,0.0,0.0,0.0,0.0
1999-09-19,0.0,0.0,0.0,0.0,0.0
1999-09-20,0.0,0.0,0.0,0.0,0.0
1999-09-21,0.0,0.0,0.0,0.0,0.0
1999-09-22,0.0,0.0,0.0,0.0,0.0
1999-09-23,0.0,0.0,0.0,0.0,0.0
1999-09-24,0.0,0.0,0.0,0.0,0.0
1999-09-25,0.0,0.0,0.0,0.0,0.0
1999-09-26,0.0,0.0,0.0,0.0,0.0
1999-09-27,0.0,0.0,0.0,0.0,0.0
1999-09-28,0.0,0.0,0.0,0.0,0.0
1999-09-29,0.0,0.0,0.0,0.0,0.0
1999-09-30,0.0,0.0,0.0,0.0,0.0
1999-10-01,0.0,0.0,0.0,0.0,0.0
1999-10-02,0.0,0.0,0.0,0.0,0.0
1999-10-03,0.0,0.0,0.0,0.0,0.0
1999-10-04,0.0,0.0,0.0,0.0,0.0
1999-10-05,0.0,0.0,0.0,0.0,0.0
1999-10-06,0.0,0.0,0.0,0.0,0.0
1999-10-07,0.0,0.0,0.0,0.0,0.0
1999-10-08,0.0,0.0,0.0,0.0,0.0
1999-10-09,0.0,0.0,0.0,0.0,0.0
1999-10-10,0.0,0.0,0.0,0.0,0.0
1999-10-11,0.0,0.0,0.0,0.0,0.0
1999-10-12,0.0,0.0,0.0,0.0,0.0
1999-10-13,0.0,0.0,0.0,0.0,0.0
1999-10-14,0.0,0.0,0.0,0.0,0.0
1999-10-15,0.0,0.0,0.0,0.0,0.0
1999-10-16,0.0,0.0,0.0,0.0,0.0
1999-10-17,0.0,0.0,0.0,0.0,0.0
1999-10-18,0.0,0.0,0.0,0.0,0.0
1999-10-19,0.0,0.0,0.0,0.0,0.0
1999-10-20,0.0,0.0,0.0,0.0,0.0
1999-10-21,0.0,0.0,0.0,0.0,0.0
1999-10-22,0.0,0.0,0.0,0.0,0.0
1999-10-23,0.0,0.0,0.0,0.0,0.0
1999-10-24,0.0,0.0,0.0,0.0,0.0
1999-10-25,0.0,0.0,0.0,0.0,0.0
1999-10-26,0.0,0.0,0.0,0.0,0.0
1999-10-27,0.005,48.44,6.53,5.25,36.68
1999-10-28,0.025,47.34,10.65,0.0,36.68
1999-10-29,0.002,16.59,10.3,0.0,6.31
1999-10-30,0.0,11.0,10.31,0.0,1.03
1999-10-31,0.0,9.26,9.79,0.0,0.56
1999-11-01,0.0,8.68,7.59,0.0,0.53
1999-11-02,0.0,34.72,23.59,0.0,1.66
1999-11-03,0.0,11.57,15.89,0.0,1.19
1999-11-04,0.0,11.57,12.42,0.0,0.96
1999-11-05,0.0,0.0,5.84,0.0,0.48
1999-11-06,0.0,0.0,0.0,0.0,0.0
1999-11-07,0.037,74.86,9.66,0.85,64.35
1999-11-08,0.102,62.7,10.54,0.07,52.09
1999-11-09,0.012,26.59,11.32,0.0,15.26
1999-11-10,0.001,13.16,11.28,0.0,1.91
1999-11-11,0.001,12.23,11.68,0.0,0.7
1999-11-12,0.0,12.11,11.44,0.0,0.72
1999-11-13,0.0,12.51,11.79,0.0,0.75
1999-11-14,0.0,12.28,11.58,0.0,0.73
1999-11-15,0.0,12.37,11.56,0.0,0.74
1999-11-16,0.042,64.03,9.28,0.07,54.68
1999-11-17,0.029,44.19,11.27,0.0,32.92
1999-11-18,0.003,14.82,10.84,0.0,4.0
1999-11-19,0.074,68.69,9.89,0.07,58.72
1999-11-20,0.03,37.36,11.24,0.0,26.12
1999-11-21,0.006,13.72,11.37,0.0,2.37
1999-11-22,0.002,11.7,11.0,0.0,0.69
1999-11-23,0.001,12.25,11.56,0.0,0.69
1999-11-24,0.001,12.25,11.67,0.0,0.73
1999-11-25,0.001,12.35,11.6,0.0,0.72
1999-11-26,0.001,12.45,11.67,0.0,0.73
1999-11-27,0.001,12.17,11.71,0.0,0.73
1999-11-28,0.001,12.45,11.73,0.0,0.73
1999-11-29,0.0,12.76,11.87,0.0,0.74
1999-11-30,0.008,23.13,9.79,0.0,13.34
1999-12-01,0.001,13.17,11.09,0.0,2.06
1999-12-02,0.001,12.0,11.19,0.0,0.72
1999-12-03,0.0,11.57,10.74,0.0,0.71
1999-12-04,0.0,12.37,11.62,0.0,0.72
1999-12-05,0.0,12.04,11.65,0.0,0.72
1999-12-06,0.0,13.08,12.03,0.0,0.76
1999-12-07,0.0,12.79,12.41,0.0,0.75
1999-12-08,0.0,12.94,11.69,0.0,0.72
1999-12-09,0.012,29.34,8.82,0.01,20.51
1999-12-10,0.009,23.11,10.91,0.0,12.19
1999-12-11,0.001,12.33,10.77,0.0,1.55
1999-12-12,0.0,11.57,10.96,0.0,0.6
1999-12-13,0.0,12.25,11.57,0.0,0.7
1999-12-14,0.0,12.35,11.37,0.0,0.71
1999-12-15,0.0,12.46,12.07,0.0,0.76
1999-12-16,0.0,12.54,11.96,0.0,0.75
1999-12-17,0.0,12.63,11.61,0.0,0.72
1999-12-18,0.0,11.57,11.34,0.0,0.71
1999-12-19,0.0,13.23,13.4,0.0,0.81
1999-12-20,0.0,11.57,10.37,0.0,0.64
1999-12-21,0.0,11.57,11.89,0.0,0.73
1999-12-22,0.003,17.99,7.15,0.01,10.84
1999-12-23,0.002,15.41,8.92,0.0,6.45
1999-12-24,0.0,10.57,9.46,0.0,1.01
1999-12-25,0.0,8.27,9.63,0.0,0.56
1999-12-26,0.0,14.47,12.03,0.0,0.78
1999-12-27,0.0,11.57,10.03,0.0,0.66
1999-12-28,0.0,11.57,11.12,0.0,0.73
1999-12-29,0.0,17.36,13.87,0.0,0.92
1999-12-30,0.0,11.57,11.4,0.0,0.76
1999-12-31,0.0,23.15,18.09,0.0,1.23
2000-01-01,0.0,0.0,13.35,0.0,0.9
2000-01-02,0.0,0.0,8.88,0.0,0.62
2000-01-03,0.0,0.0,0.0,0.0,0.0
2000-01-04,0.0,0.0,0.0,0.0,0.0
2000-01-05,0.0,0.0,0.0,0.0,0.0
2000-01-06,0.0,0.0,0.0,0.0,0.0
2000-01-07,0.0,0.0,0.0,0.0,0.0
2000-01-08,0.0,0.0,0.0,0.0,0.0
2000-01-09,0.0,0.0,0.0,0.0,0.0
2000-01-10,0.0,0.0,0.0,0.0,0.0
2000-01-11,0.065,105.65,10.0,1.3,94.35
2000-01-12,0.025,63.17,11.43,0.0,51.75
2000-01-13,0.002,19.16,11.2,0.0,7.96
2000-01-14,0.0,12.56,11.44,0.0,0.97
2000-01-15,0.0,12.35,11.64,0.0,0.71
2000-01-16,0.085,79.75,9.95,0.1,69.7
2000-01-17,0.01,29.22,11.05,0.0,18.17
2000-01-18,0.122,57.3,10.4,0.08,46.82
2000-01-19,0.039,26.4,10.85,0.0,15.54
2000-01-20,0.014,15.01,11.38,0.0,3.64
2000-01-21,0.008,11.94,11.18,0.0,0.77
2000-01-22,0.006,12.01,11.29,0.0,0.73
2000-01-23,0.221,101.31,9.81,1.59,89.92
2000-01-24,0.757,143.9,10.42,41.34,92.14
2000-01-25,0.673,51.22,11.4,12.61,27.22
2000-01-26,0.542,14.49,11.47,0.25,2.77
2000-01-27,0.482,12.82,11.54,0.05,1.23
2000-01-28,0.432,12.71,11.55,0.02,1.14
2000-01-29,0.385,12.73,11.59,0.01,1.13
2000-01-30,0.454,36.03,11.12,2.65,22.25
2000-01-31,0.521,16.56,11.34,0.05,5.18
2000-02-01,0.441,12.92,11.51,0.03,1.38
2000-02-02,0.367,12.67,11.52,0.01,1.14
2000-02-03,0.364,13.97,11.36,0.02,2.59
2000-02-04,0.35,13.5,11.47,0.01,2.03
2000-02-05,0.307,12.62,11.44,0.01,1.17
2000-02-06,0.283,12.63,11.52,0.0,1.11
2000-02-07,0.258,12.69,11.6,0.0,1.09
2000-02-08,0.229,12.63,11.57,0.0,1.06
2000-02-09,0.212,12.39,11.37,0.0,1.02
2000-02-10,0.329,52.04,10.74,0.51,40.79
2000-02-11,0.584,80.53,10.33,12.51,57.69
2000-02-12,1.224,49.13,11.04,10.29,27.8
2000-02-13,2.23,153.79,11.13,61.44,81.22
2000-02-14,5.475,282.4,13.54,116.09,152.76
2000-02-15,5.044,26.51,13.58,5.58,7.35
2000-02-16,4.196,19.61,13.01,2.85,3.75
2000-02-17,3.793,18.69,12.93,2.49,3.27
2000-02-18,3.223,14.85,12.67,0.94,1.24
2000-02-19,2.774,14.43,12.43,0.87,1.14
2000-02-20,2.513,19.31,12.14,3.1,4.07
2000-02-21,2.725,24.63,12.33,5.31,6.99
2000-02-22,2.829,116.22,11.84,45.07,59.3
2000-02-23,7.036,328.89,14.89,135.5,178.5
2000-02-24,6.11,26.09,14.67,4.81,6.62
2000-02-25,4.707,15.89,13.51,1.02,1.36
2000-02-26,3.927,17.55,13.02,1.96,2.58
2000-02-27,5.147,43.46,13.37,13.0,17.1
2000-02-28,4.74,17.13,13.49,1.57,2.07
2000-02-29,4.28,21.74,13.14,3.71,4.89
2000-03-01,3.768,16.0,13.09,1.26,1.65
2000-03-02,3.245,16.91,12.83,1.76,2.32
2000-03-03,2.728,16.91,12.65,1.84,2.42
2000-03-04,2.326,15.81,12.24,1.54,2.03
2000-03-05,3.142,30.31,12.51,7.69,10.12
2000-03-06,2.939,17.82,12.67,2.22,2.92
2000-03-07,2.407,14.81,12.4,1.04,1.37
2000-03-08,2.616,29.02,12.21,7.26,9.55
2000-03-09,3.163,33.51,12.57,9.04,11.9
2000-03-10,2.857,16.94,12.66,1.85,2.43
2000-03-11,2.289,14.48,12.35,0.92,1.21
2000-03-12,1.872,14.14,12.14,0.87,1.14
2000-03-13,1.512,14.12,12.13,0.86,1.14
2000-03-14,1.202,14.18,12.18,0.86,1.14
2000-03-15,0.944,14.18,12.25,0.79,1.14
2000-03-16,0.707,14.05,12.35,0.56,1.14
2000-03-17,0.574,13.8,12.39,0.27,1.13
2000-03-18,0.472,13.74,12.49,0.11,1.13
2000-03-19,0.365,13.76,12.62,0.02,1.12
2000-03-20,0.26,13.85,12.76,0.01,1.08
2000-03-21,0.205,13.82,12.79,0.0,1.03
2000-03-22,0.165,14.02,13.0,0.0,1.01
2000-03-23,0.111,13.99,13.06,0.0,0.93
2000-03-24,0.09,14.09,13.19,0.0,0.9
2000-03-25,0.066,14.34,13.49,0.0,0.85
2000-03-26,0.044,14.8,13.98,0.0,0.81
2000-03-27,0.025,15.72,14.94,0.0,0.78
2000-03-28,0.012,16.46,15.72,0.0,0.74
2000-03-29,0.005,16.81,16.09,0.0,0.71
2000-03-30,0.0,17.62,17.43,0.0,0.2
2000-03-31,0.0,15.43,17.03,0.0,0.03
2000-04-01,0.0,0.0,0.0,0.0,0.0
2000-04-02,0.0,0.0,0.0,0.0,0.0
2000-04-03,0.0,0.0,0.0,0.0,0.0
2000-04-04,0.0,0.0,0.0,0.0,0.0
2000-04-05,0.0,0.0,0.0,0.0,0.0
2000-04-06,0.0,0.0,0.0,0.0,0.0
2000-04-07,0.0,0.0,0.0,0.0,0.0
2000-04-08,0.0,0.0,0.0,0.0,0.0
2000-04-09,0.0,0.0,0.0,0.0,0.0
2000-04-10,0.0,0.0,0.0,0.0,0.0
2000-04-11,0.0,0.0,0.0,0.0,0.0
2000-04-12,0.004,33.29,5.77,3.53,23.98
2000-04-13,0.024,39.95,11.2,0.01,28.75
2000-04-14,0.005,12.63,10.13,0.0,2.49
2000-04-15,0.0,10.87,10.38,0.0,0.48
2000-04-16,0.007,20.32,5.83,0.03,14.46
2000-04-17,0.108,47.37,10.25,0.04,37.08
2000-04-18,0.066,35.6,11.76,0.0,23.84
2000-04-19,0.032,12.77,11.31,0.0,1.46
2000-04-20,0.012,10.93,10.24,0.0,0.68
2000-04-21,0.005,10.6,9.92,0.0,0.67
2000-04-22,0.001,11.72,11.28,0.0,0.46
2000-04-23,0.0,12.86,11.88,0.0,0.65
2000-04-24,0.0,13.02,12.29,0.0,0.7
2000-04-25,0.0,13.62,12.46,0.0,0.72
2000-04-26,0.0,12.46,12.24,0.0,0.71
2000-04-27,0.0,12.86,11.92,0.0,0.67
2000-04-28,0.0,13.5,12.65,0.0,0.71
2000-04-29,0.0,11.57,11.1,0.0,0.6
2000-04-30,0.0,23.15,18.53,0.0,0.88
2000-05-01,0.0,0.0,0.0,0.0,0.0
2000-05-02,0.0,0.0,0.0,0.0,0.0
2000-05-03,0.0,0.0,0.0,0.0,0.0
2000-05-04,0.0,0.0,0.0,0.0,0.0
2000-05-05,0.0,0.0,0.0,0.0,0.0
2000-05-06,0.0,0.0,0.0,0.0,0.0
2000-05-07,0.048,33.09,10.69,0.22,22.19
2000-05-08,0.034,21.92,11.09,0.0,10.83
2000-05-09,0.005,13.6,11.87,0.0,1.73
2000-05-10,0.001,12.43,12.14,0.0,0.48
2000-05-11,0.0,12.5,11.99,0.0,0.63
2000-05-12,0.0,12.94,12.5,0.0,0.72
2000-05-13,0.0,13.68,12.88,0.0,0.73
2000-05-14,0.0,14.47,13.4,0.0,0.78
2000-05-15,0.012,31.11,10.71,0.01,20.39
2000-05-16,0.002,17.81,11.95,0.0,5.92
2000-05-17,0.0,13.02,11.88,0.0,0.9
2000-05-18,0.0,13.02,12.68,0.0,0.66
2000-05-19,0.0,17.36,14.35,0.0,0.78
2000-05-20,0.0,7.72,9.2,0.0,0.47
2000-05-21,0.0,0.0,0.0,0.0,0.0
2000-05-22,0.0,0.0,0.0,0.0,0.0
2000-05-23,0.0,0.0,0.0,0.0,0.0
2000-05-24,0.0,0.0,0.0,0.0,0.0
2000-05-25,0.0,0.0,0.0,0.0,0.0
2000-05-26,0.0,0.0,0.0,0.0,0.0
2000-05-27,0.0,0.0,0.0,0.0,0.0
2000-05-28,0.0,0.0,0.0,0.0,0.0
2000-05-29,0.0,0.0,0.0,0.0,0.0
2000-05-30,0.0,0.0,0.0,0.0,0.0
2000-05-31,0.0,0.0,0.0,0.0,0.0
2000-06-01,0.0,0.0,0.0,0.0,0.0
2000-06-02,0.0,0.0,0.0,0.0,0.0
2000-06-03,0.0,0.0,0.0,0.0,0.0
2000-06-04,0.0,0.0,0.0,0.0,0.0
2000-06-05,0.0,0.0,0.0,0.0,0.0
2000-06-06,0.0,0.0,0.0,0.0,0.0
2000-06-07,0.0,23.15,12.26,4.52,5.95
2000-06-08,0.006,20.96,12.22,0.02,8.72
2000-06-09,0.001,14.57,12.95,0.0,1.55
2000-06-10,0.0,14.47,12.29,0.0,0.25
2000-06-11,0.0,0.0,0.0,0.0,0.0
2000-06-12,0.0,0.0,0.0,0.0,0.0
2000-06-13,0.0,0.0,0.0,0.0,0.0
2000-06-14,0.0,0.0,0.0,0.0,0.0
2000-06-15,0.0,0.0,0.0,0.0,0.0
2000-06-16,0.0,0.0,0.0,0.0,0.0
2000-06-17,0.0,0.0,0.0,0.0,0.0
2000-06-18,0.0,0.0,0.0,0.0,0.0
2000-06-19,0.0,0.0,0.0,0.0,0.0
2000-06-20,0.0,0.0,0.0,0.0,0.0
2000-06-21,0.0,0.0,0.0,0.0,0.0
2000-06-22,0.0,0.0,0.0,0.0,0.0
2000-06-23,0.0,0.0,0.0,0.0,0.0
2000-06-24,0.0,0.0,0.0,0.0,0.0
2000-06-25,0.0,0.0,0.0,0.0,0.0
2000-06-26,0.0,0.0,0.0,0.0,0.0
2000-06-27,0.0,0.0,0.0,0.0,0.0
2000-06-28,0.0,0.0,0.0,0.0,0.0
2000-06-29,0.0,0.0,0.0,0.0,0.0
2000-06-30,0.0,0.0,0.0,0.0,0.0
2000-07-01,0.0,0.0,0.0,0.0,0.0
2000-07-02,0.0,0.0,0.0,0.0,0.0
2000-07-03,0.0,0.0,0.0,0.0,0.0
2000-07-04,0.0,0.0,0.0,0.0,0.0
2000-07-05,0.0,0.0,0.0,0.0,0.0
2000-07-06,0.0,0.0,0.0,0.0,0.0
2000-07-07,0.0,0.0,0.0,0.0,0.0
2000-07-08,0.0,0.0,0.0,0.0,0.0
2000-07-09,0.0,0.0,0.0,0.0,0.0
2000-07-10,0.0,0.0,0.0,0.0,0.0
2000-07-11,0.0,0.0,0.0,0.0,0.0
2000-07-12,0.0,0.0,0.0,0.0,0.0
2000-07-13,0.0,0.0,0.0,0.0,0.0
2000-07-14,0.0,0.0,0.0,0.0,0.0
2000-07-15,0.0,0.0,0.0,0.0,0.0
2000-07-16,0.0,0.0,0.0,0.0,0.0
2000-07-17,0.0,0.0,0.0,0.0,0.0
2000-07-18,0.0,0.0,0.0,0.0,0.0
2000-07-19,0.0,0.0,0.0,0.0,0.0
2000-07-20,0.0,0.0,0.0,0.0,0.0
2000-07-21,0.0,0.0,0.0,0.0,0.0
2000-07-22,0.0,0.0,0.0,0.0,0.0
2000-07-23,0.0,0.0,0.0,0.0,0.0
2000-07-24,0.0,0.0,0.0,0.0,0.0
2000-07-25,0.0,0.0,0.0,0.0,0.0
2000-07-26,0.0,0.0,0.0,0.0,0.0
2000-07-27,0.0,0.0,0.0,0.0,0.0
2000-07-28,0.0,0.0,0.0,0.0,0.0
2000-07-29,0.0,0.0,0.0,0.0,0.0
2000-07-30,0.0,0.0,0.0,0.0,0.0
2000-07-31,0.0,0.0,0.0,0.0,0.0
2000-08-01,0.0,0.0,0.0,0.0,0.0
2000-08-02,0.0,0.0,0.0,0.0,0.0
2000-08-03,0.0,0.0,0.0,0.0,0.0
2000-08-04,0.0,0.0,0.0,0.0,0.0
2000-08-05,0.0,0.0,0.0,0.0,0.0
2000-08-06,0.0,0.0,0.0,0.0,0.0
2000-08-07,0.0,0.0,0.0,0.0,0.0
2000-08-08,0.0,0.0,0.0,0.0,0.0
2000-08-09,0.0,0.0,0.0,0.0,0.0
2000-08-10,0.0,0.0,0.0,0.0,0.0
2000-08-11,0.0,0.0,0.0,0.0,0.0
2000-08-12,0.0,0.0,0.0,0.0,0.0
2000-08-13,0.0,0.0,0.0,0.0,0.0
2000-08-14,0.0,0.0,0.0,0.0,0.0
2000-08-15,0.0,0.0,0.0,0.0,0.0
2000-08-16,0.0,0.0,0.0,0.0,0.0
2000-08-17,0.0,0.0,0.0,0.0,0.0
2000-08-18,0.0,0.0,0.0,0.0,0.0
2000-08-19,0.0,0.0,0.0,0.0,0.0
2000-08-20,0.0,0.0,0.0,0.0,0.0
2000-08-21,0.0,0.0,0.0,0.0,0.0
2000-08-22,0.0,0.0,0.0,0.0,0.0
2000-08-23,0.0,0.0,0.0,0.0,0.0
2000-08-24,0.0,0.0,0.0,0.0,0.0
2000-08-25,0.0,0.0,0.0,0.0,0.0
2000-08-26,0.0,0.0,0.0,0.0,0.0
2000-08-27,0.0,0.0,0.0,0.0,0.0
2000-08-28,0.0,0.0,0.0,0.0,0.0
2000-08-29,0.0,0.0,0.0,0.0,0.0
2000-08-30,0.0,0.0,0.0,0.0,0.0
2000-08-31,0.0,0.0,0.0,0.0,0.0
2000-09-01,0.0,0.0,0.0,0.0,0.0
2000-09-02,0.0,0.0,0.0,0.0,0.0
2000-09-03,0.0,0.0,0.0,0.0,0.0
2000-09-04,0.0,0.0,0.0,0.0,0.0
2000-09-05,0.0,0.0,0.0,0.0,0.0
2000-09-06,0.0,0.0,0.0,0.0,0.0
2000-09-07,0.0,0.0,0.0,0.0,0.0
2000-09-08,0.0,0.0,0.0,0.0,0.0
2000-09-09,0.0,0.0,0.0,0.0,0.0
2000-09-10,0.0,0.0,0.0,0.0,0.0
2000-09-11,0.0,0.0,0.0,0.0,0.0
2000-09-12,0.0,0.0,0.0,0.0,0.0
2000-09-13,0.0,0.0,0.0,0.0,0.0
2000-09-14,0.0,0.0,0.0,0.0,0.0
2000-09-15,0.0,0.0,0.0,0.0,0.0
2000-09-16,0.0,0.0,0.0,0.0,0.0
2000-09-17,0.0,0.0,0.0,0.0,0.0
2000-09-18,0.0,0.0,0.0,0.0,0.0
2000-09-19,0.0,0.0,0.0,0.0,0.0
2000-09-20,0.0,0.0,0.0,0.0,0.0
2000-09-21,0.0,0.0,0.0,0.0,0.0
2000-09-22,0.0,0.0,0.0,0.0,0.0
2000-09-23,0.0,0.0,0.0,0.0,0.0
2000-09-24,0.0,0.0,0.0,0.0,0.0
2000-09-25,0.0,0.0,0.0,0.0,0.0
2000-09-26,0.0,0.0,0.0,0.0,0.0
2000-09-27,0.0,0.0,0.0,0.0,0.0
2000-09-28,0.0,0.0,0.0,0.0,0.0
2000-09-29,0.0,0.0,0.0,0.0,0.0
2000-09-30,0.0,0.0,0.0,0.0,0.0
2000-10-01,0.0,0.0,0.0,0.0,0.0
2000-10-02,0.0,0.0,0.0,0.0,0.0
2000-10-03,0.0,0.0,0.0,0.0,0.0
2000-10-04,0.0,0.0,0.0,0.0,0.0
2000-10-05,0.0,0.0,0.0,0.0,0.0
2000-10-06,0.0,0.0,0.0,0.0,0.0
2000-10-07,0.0,0.0,0.0,0.0,0.0
2000-10-08,0.0,0.0,0.0,0.0,0.0
2000-10-09,0.0,0.0,0.0,0.0,0.0
2000-10-10,0.012,36.72,11.51,1.52,23.69
2000-10-11,0.038,67.57,9.96,0.06,57.55
2000-10-12,0.018,47.5,11.47,0.0,36.02
2000-10-13,0.001,17.12,11.29,0.0,5.86
2000-10-14,0.0,12.63,11.89,0.0,0.9
2000-10-15,0.0,12.54,12.1,0.0,0.7
2000-10-16,0.0,13.89,12.49,0.0,0.75
2000-10-17,0.0,11.57,11.77,0.0,0.69
2000-10-18,0.0,13.23,11.15,0.0,0.66
2000-10-19,0.0,11.57,13.67,0.0,0.83
2000-10-20,0.0,11.57,12.08,0.0,0.73
2000-10-21,0.0,11.57,10.28,0.0,0.61
2000-10-22,0.0,0.0,0.0,0.0,0.0
2000-10-23,0.0,0.0,0.0,0.0,0.0
2000-10-24,0.0,0.0,0.0,0.0,0.0
2000-10-25,0.0,0.0,0.0,0.0,0.0
2000-10-26,0.108,46.16,9.83,0.04,36.29
2000-10-27,0.037,29.39,11.6,0.0,17.78
2000-10-28,0.062,58.45,9.98,0.06,48.4
2000-10-29,0.051,37.86,11.7,0.0,26.16
2000-10-30,0.045,25.05,10.36,0.01,14.67
2000-10-31,0.018,18.88,11.61,0.0,7.27
2000-11-01,0.006,12.87,11.97,0.0,0.9
2000-11-02,0.002,12.67,12.02,0.0,0.62
2000-11-03,0.001,12.8,12.07,0.0,0.7
2000-11-04,0.001,12.82,12.13,0.0,0.73
2000-11-05,0.001,12.72,12.07,0.0,0.73
2000-11-06,0.001,12.83,12.22,0.0,0.72
2000-11-07,0.001,12.86,12.07,0.0,0.73
2000-11-08,0.001,13.0,12.26,0.0,0.74
2000-11-09,0.001,12.5,11.95,0.0,0.71
2000-11-10,0.0,12.92,12.29,0.0,0.74
2000-11-11,0.0,12.79,12.12,0.0,0.72
2000-11-12,0.0,12.63,12.11,0.0,0.73
2000-11-13,0.005,21.35,7.77,0.01,13.55
2000-11-14,0.004,15.38,9.29,0.0,6.1
2000-11-15,0.001,10.94,10.02,0.0,0.9
2000-11-16,0.0,12.43,11.61,0.0,0.66
2000-11-17,0.0,12.68,11.89,0.0,0.73
2000-11-18,0.0,12.18,11.63,0.0,0.72
2000-11-19,0.0,13.74,12.22,0.0,0.75
2000-11-20,0.0,13.23,12.29,0.0,0.76
2000-11-21,0.011,26.04,8.9,0.01,17.13
2000-11-22,0.01,18.43,11.1,0.0,7.32
2000-11-23,0.001,12.78,11.68,0.0,1.15
2000-11-24,0.0,12.46,11.92,0.0,0.58
2000-11-25,0.0,13.02,11.97,0.0,0.72
2000-11-26,0.0,12.4,11.63,0.0,0.72
2000-11-27,0.0,12.63,12.97,0.0,0.81
2000-11-28,0.0,12.63,11.45,0.0,0.71
2000-11-29,0.04,44.07,9.86,0.02,34.19
2000-11-30,0.008,22.23,11.13,0.0,11.12
2000-12-01,0.001,12.44,11.2,0.0,1.26
2000-12-02,0.0,11.91,11.37,0.0,0.6
2000-12-03,0.0,12.08,11.22,0.0,0.69
2000-12-04,0.0,11.57,11.06,0.0,0.7
2000-12-05,0.0,12.25,11.51,0.0,0.72
2000-12-06,0.0,11.57,11.64,0.0,0.73
2000-12-07,0.0,12.46,11.33,0.0,0.71
2000-12-08,0.0,11.57,11.21,0.0,0.71
2000-12-09,0.0,11.57,10.76,0.0,0.69
2000-12-10,0.0,12.86,11.75,0.0,0.75
2000-12-11,0.009,30.82,8.38,0.02,22.42
2000-12-12,0.025,30.71,10.8,0.01,19.9
2000-12-13,0.005,19.51,11.46,0.0,8.03
2000-12-14,0.021,30.16,10.15,0.01,20.0
2000-12-15,0.005,14.23,10.52,0.0,3.71
2000-12-16,0.001,12.05,11.19,0.0,0.83
2000-12-17,0.0,12.54,11.6,0.0,0.56
2000-12-18,0.0,12.63,11.9,0.0,0.73
2000-12-19,0.0,12.13,11.56,0.0,0.73
2000-12-20,0.0,12.86,12.09,0.0,0.75
2000-12-21,0.0,11.57,11.11,0.0,0.71
2000-12-22,0.0,12.35,12.07,0.0,0.75
2000-12-23,0.0,12.4,11.54,0.0,0.72
2000-12-24,0.0,12.54,11.97,0.0,0.74
2000-12-25,0.0,11.57,11.34,0.0,0.7
2000-12-26,0.0,14.15,12.37,0.0,0.77
2000-12-27,0.0,11.57,11.31,0.0,0.71
2000-12-28,0.0,11.57,11.38,0.0,0.71
2000-12-29,0.0,11.57,11.46,0.0,0.71
2000-12-30,0.0,13.5,11.8,0.0,0.73
2000-12-31,0.0,11.57,12.02,0.0,0.75
2001-01-01,0.0,9.26,10.76,0.0,0.67
2001-01-02,0.0,11.57,11.37,0.0,0.7
2001-01-03,0.0,15.43,12.69,0.0,0.79
2001-01-04,0.0,11.57,10.73,0.0,0.67
2001-01-05,0.0,11.57,8.88,0.0,0.55
2001-01-06,0.0,17.36,10.8,0.0,0.67
2001-01-07,0.001,0.19,0.26,0.0,0.02
2001-01-08,0.137,55.92,10.44,0.07,45.42
2001-01-09,0.021,29.16,11.76,0.0,17.41
2001-01-10,0.119,82.56,9.79,0.22,72.55
2001-01-11,0.105,42.7,10.63,0.01,32.06
2001-01-12,0.043,18.52,10.65,0.0,7.87
2001-01-13,0.02,12.27,11.31,0.0,0.96
2001-01-14,0.015,11.97,11.23,0.0,0.74
2001-01-15,0.011,12.07,11.34,0.0,0.74
2001-01-16,0.004,11.26,10.61,0.0,0.63
2001-01-17,0.004,10.66,9.92,0.0,0.74
2001-01-18,0.002,10.36,9.62,0.0,0.71
2001-01-19,0.001,12.17,11.51,0.0,0.67
2001-01-20,0.001,12.72,11.98,0.0,0.73
2001-01-21,0.001,12.76,12.01,0.0,0.73
2001-01-22,0.001,12.8,12.0,0.0,0.72
2001-01-23,0.021,41.01,9.55,0.02,31.44
2001-01-24,0.036,25.68,11.59,0.0,14.09
2001-01-25,0.116,132.79,9.9,0.94,121.94
2001-01-26,0.085,80.1,11.44,0.0,68.66
2001-01-27,0.029,15.66,11.5,0.0,4.16
2001-01-28,0.022,12.41,11.59,0.0,0.81
2001-01-29,0.015,12.08,11.36,0.0,0.72
2001-01-30,0.015,12.29,11.52,0.0,0.76
2001-01-31,0.012,11.97,11.25,0.0,0.73
2001-02-01,0.008,11.63,10.91,0.0,0.72
2001-02-02,0.004,11.32,10.62,0.0,0.69
2001-02-03,0.002,11.73,11.03,0.0,0.62
2001-02-04,0.001,11.57,10.72,0.0,0.71
2001-02-05,0.001,12.84,12.07,0.0,0.69
2001-02-06,0.0,13.31,12.38,0.0,0.7
2001-02-07,0.0,13.5,12.69,0.0,0.74
2001-02-08,0.0,13.89,12.95,0.0,0.76
2001-02-09,0.086,71.11,9.25,0.11,61.75
2001-02-10,0.103,35.59,10.66,0.02,24.92
2001-02-11,0.105,35.86,10.13,0.03,25.69
2001-02-12,0.183,42.42,10.11,0.08,32.23
2001-02-13,0.097,15.99,10.74,0.0,5.26
2001-02-14,0.074,11.54,10.61,0.0,0.93
2001-02-15,0.062,11.42,10.62,0.0,0.81
2001-02-16,0.052,11.32,10.52,0.0,0.79
2001-02-17,0.044,10.82,10.03,0.0,0.78
2001-02-18,0.079,18.54,9.91,0.01,8.63
2001-02-19,0.124,42.25,9.81,0.06,32.38
2001-02-20,0.174,26.03,9.89,0.03,16.11
2001-02-21,0.19,19.07,9.71,0.03,9.33
2001-02-22,0.196,24.66,9.43,0.39,14.84
2001-02-23,0.294,38.17,10.24,0.07,27.85
2001-02-24,0.555,52.4,9.83,11.38,31.2
2001-02-25,0.57,17.73,10.11,2.34,5.28
2001-02-26,0.475,11.95,10.05,0.52,1.39
2001-02-27,0.391,11.51,10.14,0.23,1.14
2001-02-28,0.334,11.29,10.14,0.04,1.11
2001-03-01,0.303,11.23,10.11,0.02,1.11
2001-03-02,0.459,19.87,9.74,2.23,7.9
2001-03-03,0.433,12.87,9.86,0.81,2.21
2001-03-04,0.642,38.39,9.59,9.0,19.8
2001-03-05,0.878,30.61,10.07,7.09,13.45
2001-03-06,0.77,13.14,10.11,1.07,1.95
2001-03-07,0.653,11.93,10.11,0.65,1.18
2001-03-08,0.573,11.8,10.13,0.54,1.13
2001-03-09,0.494,11.67,10.16,0.39,1.13
2001-03-10,0.423,11.59,10.23,0.24,1.12
2001-03-11,0.375,11.48,10.26,0.09,1.12
2001-03-12,0.327,11.43,10.29,0.03,1.11
2001-03-13,0.284,11.36,10.25,0.01,1.1
2001-03-14,0.247,11.32,10.23,0.01,1.08
2001-03-15,0.216,11.24,10.17,0.0,1.06
2001-03-16,0.187,11.24,10.21,0.0,1.04
2001-03-17,0.157,11.17,10.19,0.0,0.98
2001-03-18,0.137,11.15,10.2,0.0,0.95
2001-03-19,0.116,11.05,10.14,0.0,0.91
2001-03-20,0.094,10.98,10.11,0.0,0.88
2001-03-21,0.076,10.81,9.96,0.0,0.84
2001-03-22,0.062,10.59,9.76,0.0,0.82
2001-03-23,0.049,10.22,9.41,0.0,0.81
2001-03-24,0.04,10.07,9.27,0.0,0.79
2001-03-25,0.039,13.74,9.35,0.0,4.39
2001-03-26,0.03,9.99,9.06,0.0,0.94
2001-03-27,0.023,9.72,8.95,0.0,0.76
2001-03-28,0.011,8.41,7.72,0.0,0.69
2001-03-29,0.009,7.94,7.21,0.0,0.74
2001-03-30,0.004,7.75,7.06,0.0,0.69
2001-03-31,0.001,7.72,7.31,0.0,0.42
2001-04-01,0.0,7.72,7.91,0.0,0.12
2001-04-02,0.0,0.0,0.0,0.0,0.0
2001-04-03,0.0,0.0,0.0,0.0,0.0
2001-04-04,0.0,0.0,0.0,0.0,0.0
2001-04-05,0.0,0.0,0.0,0.0,0.0
2001-04-06,0.036,31.8,10.29,0.02,21.5
2001-04-07,0.03,21.17,11.35,0.0,9.81
2001-04-08,0.007,14.04,11.44,0.0,2.6
2001-04-09,0.001,11.76,11.09,0.0,0.63
2001-04-10,0.0,12.73,11.91,0.0,0.57
2001-04-11,0.0,12.94,12.39,0.0,0.69
2001-04-12,0.0,13.23,12.01,0.0,0.69
2001-04-13,0.0,14.15,14.05,0.0,0.8
2001-04-14,0.0,16.53,13.76,0.0,0.78
2001-04-15,0.0,13.89,13.96,0.0,0.78
2001-04-16,0.0,11.57,11.44,0.0,0.61
2001-04-17,0.0,11.57,13.11,0.0,0.65
2001-04-18,0.0,0.0,0.0,0.0,0.0
2001-04-19,0.0,0.0,0.0,0.0,0.0
2001-04-20,0.064,63.29,10.52,0.07,52.69
2001-04-21,0.028,45.55,12.22,0.0,33.33
2001-04-22,0.002,17.26,12.12,0.0,5.11
2001-04-23,0.0,13.3,12.53,0.0,0.81
2001-04-24,0.0,13.29,12.81,0.0,0.71
2001-04-25,0.0,13.23,12.37,0.0,0.69
2001-04-26,0.0,13.02,12.29,0.0,0.69
2001-04-27,0.0,12.46,12.1,0.0,0.68
2001-04-28,0.0,14.15,13.37,0.0,0.74
2001-04-29,0.0,13.23,12.81,0.0,0.7
2001-04-30,0.0,17.36,15.27,0.0,0.8
2001-05-01,0.0,11.57,12.94,0.0,0.63
2001-05-02,0.0,11.57,12.87,0.0,0.51
2001-05-03,0.0,0.0,0.0,0.0,0.0
2001-05-04,0.0,0.0,0.0,0.0,0.0
2001-05-05,0.0,0.0,0.0,0.0,0.0
2001-05-06,0.0,0.0,0.0,0.0,0.0
2001-05-07,0.0,0.0,0.0,0.0,0.0
2001-05-08,0.0,0.0,0.0,0.0,0.0
2001-05-09,0.0,0.0,0.0,0.0,0.0
2001-05-10,0.0,0.0,0.0,0.0,0.0
2001-05-11,0.0,0.0,0.0,0.0,0.0
2001-05-12,0.0,0.0,0.0,0.0,0.0
2001-05-13,0.0,0.0,0.0,0.0,0.0
2001-05-14,0.0,0.0,0.0,0.0,0.0
2001-05-15,0.0,0.0,0.0,0.0,0.0
2001-05-16,0.0,0.0,0.0,0.0,0.0
2001-05-17,0.0,0.0,0.0,0.0,0.0
2001-05-18,0.0,0.0,0.0,0.0,0.0
2001-05-19,0.0,0.0,0.0,0.0,0.0
2001-05-20,0.0,0.0,0.0,0.0,0.0
2001-05-21,0.0,0.0,0.0,0.0,0.0
2001-05-22,0.0,0.0,0.0,0.0,0.0
2001-05-23,0.0,0.0,0.0,0.0,0.0
2001-05-24,0.0,0.0,0.0,0.0,0.0
2001-05-25,0.0,0.0,0.0,0.0,0.0
2001-05-26,0.0,0.0,0.0,0.0,0.0
2001-05-27,0.0,0.0,0.0,0.0,0.0
2001-05-28,0.0,0.0,0.0,0.0,0.0
2001-05-29,0.0,0.0,0.0,0.0,0.0
2001-05-30,0.0,0.0,0.0,0.0,0.0
2001-05-31,0.0,0.0,0.0,0.0,0.0
2001-06-01,0.0,0.0,0.0,0.0,0.0
2001-06-02,0.0,0.0,0.0,0.0,0.0
2001-06-03,0.0,0.0,0.0,0.0,0.0
2001-06-04,0.0,0.0,0.0,0.0,0.0
2001-06-05,0.0,0.0,0.0,0.0,0.0
2001-06-06,0.0,0.0,0.0,0.0,0.0
2001-06-07,0.0,0.0,0.0,0.0,0.0
2001-06-08,0.0,0.0,0.0,0.0,0.0
2001-06-09,0.0,0.0,0.0,0.0,0.0
2001-06-10,0.0,0.0,0.0,0.0,0.0
2001-06-11,0.0,0.0,0.0,0.0,0.0
2001-06-12,0.0,0.0,0.0,0.0,0.0
2001-06-13,0.0,0.0,0.0,0.0,0.0
2001-06-14,0.0,0.0,0.0,0.0,0.0
2001-06-15,0.0,0.0,0.0,0.0,0.0
2001-06-16,0.0,0.0,0.0,0.0,0.0
2001-06-17,0.0,0.0,0.0,0.0,0.0
2001-06-18,0.0,0.0,0.0,0.0,0.0
2001-06-19,0.0,0.0,0.0,0.0,0.0
2001-06-20,0.0,0.0,0.0,0.0,0.0
2001-06-21,0.0,0.0,0.0,0.0,0.0
2001-06-22,0.0,0.0,0.0,0.0,0.0
2001-06-23,0.0,0.0,0.0,0.0,0.0
2001-06-24,0.0,0.0,0.0,0.0,0.0
2001-06-25,0.0,0.0,0.0,0.0,0.0
2001-06-26,0.0,0.0,0.0,0.0,0.0
2001-06-27,0.0,0.0,0.0,0.0,0.0
2001-06-28,0.0,0.0,0.0,0.0,0.0
2001-06-29,0.0,0.0,0.0,0.0,0.0
2001-06-30,0.0,0.0,0.0,0.0,0.0
2001-07-01,0.0,0.0,0.0,0.0,0.0
2001-07-02,0.0,0.0,0.0,0.0,0.0
2001-07-03,0.0,0.0,0.0,0.0,0.0
2001-07-04,0.0,0.0,0.0,0.0,0.0
2001-07-05,0.0,0.0,0.0,0.0,0.0
2001-07-06,0.0,0.0,0.0,0.0,0.0
2001-07-07,0.0,0.0,0.0,0.0,0.0
2001-07-08,0.0,0.0,0.0,0.0,0.0
2001-07-09,0.0,0.0,0.0,0.0,0.0
2001-07-10,0.0,0.0,0.0,0.0,0.0
2001-07-11,0.0,0.0,0.0,0.0,0.0
2001-07-12,0.0,0.0,0.0,0.0,0.0
2001-07-13,0.0,0.0,0.0,0.0,0.0
2001-07-14,0.0,0.0,0.0,0.0,0.0
2001-07-15,0.0,0.0,0.0,0.0,0.0
2001-07-16,0.0,0.0,0.0,0.0,0.0
2001-07-17,0.0,0.0,0.0,0.0,0.0
2001-07-18,0.0,0.0,0.0,0.0,0.0
2001-07-19,0.0,0.0,0.0,0.0,0.0
2001-07-20,0.0,0.0,0.0,0.0,0.0
2001-07-21,0.0,0.0,0.0,0.0,0.0
2001-07-22,0.0,0.0,0.0,0.0,0.0
2001-07-23,0.0,0.0,0.0,0.0,0.0
2001-07-24,0.0,0.0,0.0,0.0,0.0
2001-07-25,0.0,0.0,0.0,0.0,0.0
2001-07-26,0.0,0.0,0.0,0.0,0.0
2001-07-27,0.0,0.0,0.0,0.0,0.0
2001-07-28,0.0,0.0,0.0,0.0,0.0
2001-07-29,0.0,0.0,0.0,0.0,0.0
2001-07-30,0.0,0.0,0.0,0.0,0.0
2001-07-31,0.0,0.0,0.0,0.0,0.0
2001-08-01,0.0,0.0,0.0,0.0,0.0
2001-08-02,0.0,0.0,0.0,0.0,0.0
2001-08-03,0.0,0.0,0.0,0.0,0.0
2001-08-04,0.0,0.0,0.0,0.0,0.0
2001-08-05,0.0,0.0,0.0,0.0,0.0
2001-08-06,0.0,0.0,0.0,0.0,0.0
2001-08-07,0.0,0.0,0.0,0.0,0.0
2001-08-08,0.0,0.0,0.0,0.0,0.0
2001-08-09,0.0,0.0,0.0,0.0,0.0
2001-08-10,0.0,0.0,0.0,0.0,0.0
2001-08-11,0.0,0.0,0.0,0.0,0.0
2001-08-12,0.0,0.0,0.0,0.0,0.0
2001-08-13,0.0,0.0,0.0,0.0,0.0
2001-08-14,0.0,0.0,0.0,0.0,0.0
2001-08-15,0.0,0.0,0.0,0.0,0.0
2001-08-16,0.0,0.0,0.0,0.0,0.0
2001-08-17,0.0,0.0,0.0,0.0,0.0
2001-08-18,0.0,0.0,0.0,0.0,0.0
2001-08-19,0.0,0.0,0.0,0.0,0.0
2001-08-20,0.0,0.0,0.0,0.0,0.0
2001-08-21,0.0,0.0,0.0,0.0,0.0
2001-08-22,0.0,0.0,0.0,0.0,0.0
2001-08-23,0.0,0.0,0.0,0.0,0.0
2001-08-24,0.0,0.0,0.0,0.0,0.0
2001-08-25,0.0,0.0,0.0,0.0,0.0
2001-08-26,0.0,0.0,0.0,0.0,0.0
2001-08-27,0.0,0.0,0.0,0.0,0.0
2001-08-28,0.0,0.0,0.0,0.0,0.0
2001-08-29,0.0,0.0,0.0,0.0,0.0
2001-08-30,0.0,0.0,0.0,0.0,0.0
2001-08-31,0.0,0.0,0.0,0.0,0.0
2001-09-01,0.0,0.0,0.0,0.0,0.0
2001-09-02,0.0,0.0,0.0,0.0,0.0
2001-09-03,0.0,0.0,0.0,0.0,0.0
2001-09-04,0.0,0.0,0.0,0.0,0.0
2001-09-05,0.0,0.0,0.0,0.0,0.0
2001-09-06,0.0,0.0,0.0,0.0,0.0
2001-09-07,0.0,0.0,0.0,0.0,0.0
2001-09-08,0.0,0.0,0.0,0.0,0.0
2001-09-09,0.0,0.0,0.0,0.0,0.0
2001-09-10,0.0,0.0,0.0,0.0,0.0
2001-09-11,0.0,0.0,0.0,0.0,0.0
2001-09-12,0.0,0.0,0.0,0.0,0.0
2001-09-13,0.0,0.0,0.0,0.0,0.0
2001-09-14,0.0,0.0,0.0,0.0,0.0
2001-09-15,0.0,0.0,0.0,0.0,0.0
2001-09-16,0.0,0.0,0.0,0.0,0.0
2001-09-17,0.0,0.0,0.0,0.0,0.0
2001-09-18,0.0,0.0,0.0,0.0,0.0
2001-09-19,0.0,0.0,0.0,0.0,0.0
2001-09-20,0.0,0.0,0.0,0.0,0.0
2001-09-21,0.0,0.0,0.0,0.0,0.0
2001-09-22,0.0,0.0,0.0,0.0,0.0
2001-09-23,0.0,0.0,0.0,0.0,0.0
2001-09-24,0.0,0.0,0.0,0.0,0.0
2001-09-25,0.004,19.45,8.8,0.5,10.15
2001-09-26,0.001,13.23,9.48,0.0,3.77
2001-09-27,0.0,9.92,8.91,0.0,0.62
2001-09-28,0.0,0.0,0.0,0.0,0.0
2001-09-29,0.0,0.0,0.0,0.0,0.0
2001-09-30,0.0,0.0,0.0,0.0,0.0
2001-10-01,0.0,0.0,0.0,0.0,0.0
2001-10-02,0.0,0.0,0.0,0.0,0.0
2001-10-03,0.0,0.0,0.0,0.0,0.0
2001-10-04,0.0,0.0,0.0,0.0,0.0
2001-10-05,0.0,0.0,0.0,0.0,0.0
2001-10-06,0.0,0.0,0.0,0.0,0.0
2001-10-07,0.0,0.0,0.0,0.0,0.0
2001-10-08,0.0,0.0,0.0,0.0,0.0
2001-10-09,0.0,0.0,0.0,0.0,0.0
2001-10-10,0.0,0.0,0.0,0.0,0.0
2001-10-11,0.0,0.0,0.0,0.0,0.0
2001-10-12,0.0,0.0,0.0,0.0,0.0
2001-10-13,0.0,0.0,0.0,0.0,0.0
2001-10-14,0.0,0.0,0.0,0.0,0.0
2001-10-15,0.0,0.0,0.0,0.0,0.0
2001-10-16,0.0,0.0,0.0,0.0,0.0
2001-10-17,0.0,0.0,0.0,0.0,0.0
2001-10-18,0.0,0.0,0.0,0.0,0.0
2001-10-19,0.0,0.0,0.0,0.0,0.0
2001-10-20,0.0,0.0,0.0,0.0,0.0
2001-10-21,0.0,0.0,0.0,0.0,0.0
2001-10-22,0.0,0.0,0.0,0.0,0.0
2001-10-23,0.0,0.0,0.0,0.0,0.0
2001-10-24,0.0,0.0,0.0,0.0,0.0
2001-10-25,0.0,0.0,0.0,0.0,0.0
2001-10-26,0.0,0.0,0.0,0.0,0.0
2001-10-27,0.0,0.0,0.0,0.0,0.0
2001-10-28,0.0,0.0,0.0,0.0,0.0
2001-10-29,0.0,0.0,0.0,0.0,0.0
2001-10-30,0.06,55.39,10.35,0.37,44.67
2001-10-31,0.009,26.96,11.41,0.0,15.55
2001-11-01,0.001,13.74,11.37,0.0,2.34
2001-11-02,0.0,12.18,11.47,0.0,0.66
2001-11-03,0.0,12.46,11.54,0.0,0.7
2001-11-04,0.0,11.57,11.27,0.0,0.69
2001-11-05,0.0,11.57,11.32,0.0,0.71
2001-11-06,0.0,11.57,11.26,0.0,0.7
2001-11-07,0.0,11.57,11.88,0.0,0.75
2001-11-08,0.0,11.57,11.07,0.0,0.69
2001-11-09,0.0,13.89,12.62,0.0,0.78
2001-11-10,0.003,13.77,4.47,0.01,9.29
2001-11-11,0.026,32.08,10.3,0.01,21.77
2001-11-12,0.187,185.51,9.98,7.95,167.59
2001-11-13,0.042,106.83,11.3,0.0,95.54
2001-11-14,0.005,23.27,10.99,0.0,12.29
2001-11-15,0.003,11.01,10.07,0.0,0.93
2001-11-16,0.002,11.23,10.53,0.0,0.68
2001-11-17,0.001,11.99,11.36,0.0,0.7
2001-11-18,0.001,12.32,11.56,0.0,0.73
2001-11-19,0.001,12.39,11.57,0.0,0.74
2001-11-20,0.001,12.18,11.59,0.0,0.73
2001-11-21,0.008,32.65,7.02,0.02,25.61
2001-11-22,0.022,24.57,9.47,0.0,15.11
2001-11-23,0.003,12.57,9.81,0.0,2.76
2001-11-24,0.187,135.91,10.34,0.81,124.76
2001-11-25,0.043,61.5,11.16,0.0,50.35
2001-11-26,0.011,13.9,10.61,0.0,3.3
2001-11-27,0.009,11.57,10.79,0.0,0.78
2001-11-28,0.031,48.53,7.34,0.13,41.07
2001-11-29,0.152,53.46,10.44,0.07,42.94
2001-11-30,0.046,17.06,10.66,0.0,6.4
2001-12-01,0.128,31.8,9.33,0.04,22.43
2001-12-02,0.435,119.18,10.05,18.46,90.68
2001-12-03,0.379,31.93,10.37,0.71,20.85
2001-12-04,0.331,12.83,10.42,0.01,2.39
2001-12-05,0.347,12.68,10.37,0.04,2.26
2001-12-06,0.344,12.62,10.38,0.02,2.22
2001-12-07,0.301,11.68,10.49,0.01,1.18
2001-12-08,0.267,11.6,10.49,0.01,1.1
2001-12-09,0.23,11.3,10.22,0.0,1.07
2001-12-10,0.215,11.6,10.53,0.0,1.06
2001-12-11,0.196,11.57,10.54,0.0,1.02
2001-12-12,0.179,11.48,10.49,0.0,0.99
2001-12-13,0.171,19.19,10.04,0.26,8.89
2001-12-14,0.353,76.65,10.33,1.31,65.01
2001-12-15,0.32,15.83,10.43,0.01,5.39
2001-12-16,0.31,11.8,10.47,0.01,1.33
2001-12-17,0.368,23.46,10.3,0.27,12.89
2001-12-18,0.354,13.49,10.57,0.02,2.9
2001-12-19,0.324,11.74,10.52,0.01,1.22
2001-12-20,0.428,44.9,10.35,2.49,32.07
2001-12-21,0.505,19.61,10.79,0.36,8.46
2001-12-22,0.588,29.19,10.65,5.15,13.39
2001-12-23,0.673,18.23,10.79,2.28,5.17
2001-12-24,0.61,12.78,10.79,0.61,1.38
2001-12-25,0.561,12.41,10.83,0.42,1.15
2001-12-26,0.494,12.23,10.84,0.25,1.14
2001-12-27,0.488,12.1,10.9,0.06,1.14
2001-12-28,1.083,115.19,10.21,39.77,65.21
2001-12-29,2.152,54.01,11.45,17.79,24.76
2001-12-30,2.454,40.52,11.72,12.41,16.38
2001-12-31,3.297,33.14,12.5,8.91,11.73
2002-01-01,3.07,18.14,12.43,2.46,3.24
2002-01-02,4.507,113.56,12.75,43.53,57.28
2002-01-03,4.78,22.47,13.25,3.98,5.24
2002-01-04,4.014,15.34,13.0,1.01,1.33
2002-01-05,3.613,17.98,12.71,2.28,3.0
2002-01-06,3.629,17.42,12.75,2.02,2.65
2002-01-07,3.163,14.83,12.61,0.96,1.27
2002-01-08,2.761,14.37,12.36,0.87,1.14
2002-01-09,2.373,14.13,12.13,0.86,1.14
2002-01-10,2.049,13.88,11.88,0.86,1.14
2002-01-11,1.774,13.68,11.68,0.86,1.14
2002-01-12,1.542,13.61,11.61,0.86,1.14
2002-01-13,1.343,13.67,11.67,0.86,1.14
2002-01-14,1.163,13.74,11.74,0.86,1.14
2002-01-15,0.983,13.8,11.81,0.86,1.14
2002-01-16,0.856,13.8,11.85,0.82,1.14
2002-01-17,0.761,13.8,11.94,0.73,1.14
2002-01-18,0.651,13.62,12.01,0.47,1.14
2002-01-19,0.555,13.3,12.07,0.1,1.14
2002-01-20,0.485,13.27,12.11,0.03,1.14
2002-01-21,0.46,13.33,12.17,0.02,1.14
2002-01-22,0.36,13.53,12.4,0.01,1.13
2002-01-23,0.295,13.45,12.35,0.0,1.09
2002-01-24,0.262,13.5,12.43,0.0,1.08
2002-01-25,0.23,13.56,12.51,0.0,1.05
2002-01-26,0.355,30.09,11.62,0.11,18.36
2002-01-27,0.419,16.7,12.02,0.02,4.66
2002-01-28,0.357,13.36,12.02,0.01,1.33
2002-01-29,0.3,13.25,12.12,0.0,1.12
2002-01-30,0.262,13.25,12.16,0.0,1.08
2002-01-31,0.232,13.28,12.22,0.0,1.06
2002-02-01,0.221,13.28,12.23,0.0,1.04
2002-02-02,0.188,13.37,12.35,0.0,1.02
2002-02-03,0.16,13.36,12.38,0.0,0.98
2002-02-04,0.138,13.37,12.44,0.0,0.94
2002-02-05,0.117,13.41,12.51,0.0,0.9
2002-02-06,0.096,13.48,12.61,0.0,0.87
2002-02-07,0.086,17.69,12.12,0.01,5.57
2002-02-08,0.126,16.2,12.01,0.0,4.19
2002-02-09,0.122,13.17,12.13,0.0,1.04
2002-02-10,0.111,13.07,12.17,0.0,0.89
2002-02-11,0.095,13.11,12.25,0.0,0.86
2002-02-12,0.079,13.14,12.3,0.0,0.84
2002-02-13,0.064,13.15,12.33,0.0,0.81
2002-02-14,0.053,13.13,12.33,0.0,0.8
2002-02-15,0.044,13.22,12.43,0.0,0.79
2002-02-16,0.057,26.04,11.01,0.02,15.02
2002-02-17,0.241,32.59,10.59,0.05,21.94
2002-02-18,0.261,14.0,11.19,0.0,2.81
2002-02-19,0.276,12.3,11.0,0.0,1.3
2002-02-20,0.288,12.37,10.74,0.01,1.62
2002-02-21,0.246,12.01,10.84,0.0,1.16
2002-02-22,0.203,12.01,10.95,0.0,1.05
2002-02-23,0.154,11.7,10.74,0.0,0.96
2002-02-24,0.143,11.74,10.8,0.0,0.94
2002-02-25,0.124,11.75,10.85,0.0,0.9
2002-02-26,0.102,11.75,10.88,0.0,0.87
2002-02-27,0.084,11.7,10.86,0.0,0.84
2002-02-28,0.068,11.6,10.78,0.0,0.82
2002-03-01,0.047,11.63,10.85,0.0,0.78
2002-03-02,0.039,11.31,10.53,0.0,0.78
2002-03-03,0.029,10.93,10.17,0.0,0.76
2002-03-04,0.021,10.49,9.74,0.0,0.75
2002-03-05,0.015,10.28,9.54,0.0,0.73
2002-03-06,0.048,38.85,8.37,0.06,30.42
2002-03-07,0.147,34.33,10.56,0.02,23.74
2002-03-08,0.126,13.55,10.58,0.0,2.97
2002-03-09,0.112,11.47,10.52,0.0,0.95
2002-03-10,0.213,20.61,9.95,0.03,10.63
2002-03-11,0.192,12.31,10.44,0.0,1.87
2002-03-12,0.157,11.6,10.57,0.0,1.03
2002-03-13,0.099,10.85,9.99,0.0,0.87
2002-03-14,0.099,11.28,10.4,0.0,0.88
2002-03-15,0.086,11.27,10.41,0.0,0.85
2002-03-16,0.071,11.16,10.32,0.0,0.83
2002-03-17,0.076,13.81,9.61,0.0,4.2
2002-03-18,0.08,11.93,10.17,0.0,1.75
2002-03-19,0.066,10.91,10.06,0.0,0.85
2002-03-20,0.053,10.68,9.87,0.0,0.8
2002-03-21,0.041,10.32,9.53,0.0,0.79
2002-03-22,0.038,11.93,9.14,0.0,2.79
2002-03-23,0.127,34.57,10.08,0.03,24.46
2002-03-24,0.094,13.24,10.37,0.0,2.86
2002-03-25,0.075,11.23,10.35,0.0,0.89
2002-03-26,0.061,10.91,10.1,0.0,0.82
2002-03-27,0.049,10.67,9.87,0.0,0.8
2002-03-28,0.037,10.22,9.44,0.0,0.78
2002-03-29,0.028,9.98,9.22,0.0,0.76
2002-03-30,0.02,9.65,8.91,0.0,0.75
2002-03-31,0.013,9.05,8.33,0.0,0.73
2002-04-01,0.007,8.04,7.32,0.0,0.7
2002-04-02,0.003,8.0,7.33,0.0,0.66
2002-04-03,0.0,9.2,8.79,0.0,0.32
2002-04-04,0.0,10.52,10.75,0.0,0.54
2002-04-05,0.0,13.5,13.33,0.0,0.75
2002-04-06,0.0,11.57,11.82,0.0,0.67
2002-04-07,0.0,11.57,10.89,0.0,0.6
2002-04-08,0.0,17.36,13.9,0.0,0.73
2002-04-09,0.0,0.0,0.0,0.0,0.0
2002-04-10,0.0,0.0,0.0,0.0,0.0
2002-04-11,0.0,0.0,0.0,0.0,0.0
2002-04-12,0.0,0.0,0.0,0.0,0.0
2002-04-13,0.0,0.0,0.0,0.0,0.0
2002-04-14,0.0,0.0,0.0,0.0,0.0
2002-04-15,0.0,0.0,0.0,0.0,0.0
2002-04-16,0.0,0.0,0.0,0.0,0.0
2002-04-17,0.0,0.0,0.0,0.0,0.0
2002-04-18,0.0,0.0,0.0,0.0,0.0
2002-04-19,0.0,0.0,0.0,0.0,0.0
2002-04-20,0.0,0.0,0.0,0.0,0.0
2002-04-21,0.0,0.0,0.0,0.0,0.0
2002-04-22,0.0,0.0,0.0,0.0,0.0
2002-04-23,0.0,0.0,0.0,0.0,0.0
2002-04-24,0.0,0.0,0.0,0.0,0.0
2002-04-25,0.0,0.0,0.0,0.0,0.0
2002-04-26,0.0,0.0,0.0,0.0,0.0
2002-04-27,0.0,0.0,0.0,0.0,0.0
2002-04-28,0.0,0.0,0.0,0.0,0.0
2002-04-29,0.0,0.0,0.0,0.0,0.0
2002-04-30,0.0,0.0,0.0,0.0,0.0
2002-05-01,0.0,0.0,0.0,0.0,0.0
2002-05-02,0.0,0.0,0.0,0.0,0.0
2002-05-03,0.0,0.0,0.0,0.0,0.0
2002-05-04,0.0,0.0,0.0,0.0,0.0
2002-05-05,0.0,0.0,0.0,0.0,0.0
2002-05-06,0.0,0.0,0.0,0.0,0.0
2002-05-07,0.0,0.0,0.0,0.0,0.0
2002-05-08,0.0,0.0,0.0,0.0,0.0
2002-05-09,0.0,0.0,0.0,0.0,0.0
2002-05-10,0.0,0.0,0.0,0.0,0.0
2002-05-11,0.0,0.0,0.0,0.0,0.0
2002-05-12,0.0,0.0,0.0,0.0,0.0
2002-05-13,0.0,0.0,0.0,0.0,0.0
2002-05-14,0.0,0.0,0.0,0.0,0.0
2002-05-15,0.0,0.0,0.0,0.0,0.0
2002-05-16,0.0,0.0,0.0,0.0,0.0
2002-05-17,0.0,0.0,0.0,0.0,0.0
2002-05-18,0.0,0.0,0.0,0.0,0.0
2002-05-19,0.038,62.18,10.14,1.49,50.55
2002-05-20,0.074,37.14,10.98,0.01,26.14
2002-05-21,0.078,41.85,11.25,0.02,30.58
2002-05-22,0.008,19.02,11.97,0.0,7.04
2002-05-23,0.001,13.13,12.18,0.0,0.97
2002-05-24,0.001,13.31,12.55,0.0,0.69
2002-05-25,0.0,13.68,12.95,0.0,0.74
2002-05-26,0.0,13.14,12.67,0.0,0.73
2002-05-27,0.0,13.02,12.48,0.0,0.72
2002-05-28,0.0,12.86,12.21,0.0,0.7
2002-05-29,0.0,13.78,12.85,0.0,0.74
2002-05-30,0.0,13.62,12.23,0.0,0.7
2002-05-31,0.0,13.5,12.25,0.0,0.69
2002-06-01,0.0,14.47,13.5,0.0,0.77
2002-06-02,0.0,13.02,12.01,0.0,0.7
2002-06-03,0.0,11.57,11.91,0.0,0.67
2002-06-04,0.0,15.43,14.84,0.0,0.8
2002-06-05,0.0,11.57,10.19,0.0,0.52
2002-06-06,0.0,0.0,0.0,0.0,0.0
2002-06-07,0.0,0.0,0.0,0.0,0.0
2002-06-08,0.0,0.0,0.0,0.0,0.0
2002-06-09,0.0,0.0,0.0,0.0,0.0
2002-06-10,0.0,0.0,0.0,0.0,0.0
2002-06-11,0.0,0.0,0.0,0.0,0.0
2002-06-12,0.0,0.0,0.0,0.0,0.0
2002-06-13,0.0,0.0,0.0,0.0,0.0
2002-06-14,0.0,0.0,0.0,0.0,0.0
2002-06-15,0.0,0.0,0.0,0.0,0.0
2002-06-16,0.0,0.0,0.0,0.0,0.0
2002-06-17,0.0,0.0,0.0,0.0,0.0
2002-06-18,0.0,0.0,0.0,0.0,0.0
2002-06-19,0.0,0.0,0.0,0.0,0.0
2002-06-20,0.0,0.0,0.0,0.0,0.0
2002-06-21,0.0,0.0,0.0,0.0,0.0
2002-06-22,0.0,0.0,0.0,0.0,0.0
2002-06-23,0.0,0.0,0.0,0.0,0.0
2002-06-24,0.0,0.0,0.0,0.0,0.0
2002-06-25,0.0,0.0,0.0,0.0,0.0
2002-06-26,0.0,0.0,0.0,0.0,0.0
2002-06-27,0.0,0.0,0.0,0.0,0.0
2002-06-28,0.0,0.0,0.0,0.0,0.0
2002-06-29,0.0,0.0,0.0,0.0,0.0
2002-06-30,0.0,0.0,0.0,0.0,0.0
2002-07-01,0.0,0.0,0.0,0.0,0.0
2002-07-02,0.0,0.0,0.0,0.0,0.0
2002-07-03,0.0,0.0,0.0,0.0,0.0
2002-07-04,0.0,0.0,0.0,0.0,0.0
2002-07-05,0.0,0.0,0.0,0.0,0.0
2002-07-06,0.0,0.0,0.0,0.0,0.0
2002-07-07,0.0,0.0,0.0,0.0,0.0
2002-07-08,0.0,0.0,0.0,0.0,0.0
2002-07-09,0.0,0.0,0.0,0.0,0.0
2002-07-10,0.0,0.0,0.0,0.0,0.0
2002-07-11,0.0,0.0,0.0,0.0,0.0
2002-07-12,0.0,0.0,0.0,0.0,0.0
2002-07-13,0.0,0.0,0.0,0.0,0.0
2002-07-14,0.0,0.0,0.0,0.0,0.0
2002-07-15,0.0,0.0,0.0,0.0,0.0
2002-07-16,0.0,0.0,0.0,0.0,0.0
2002-07-17,0.0,0.0,0.0,0.0,0.0
2002-07-18,0.0,0.0,0.0,0.0,0.0
2002-07-19,0.0,0.0,0.0,0.0,0.0
2002-07-20,0.0,0.0,0.0,0.0,0.0
2002-07-21,0.0,0.0,0.0,0.0,0.0
2002-07-22,0.0,0.0,0.0,0.0,0.0
2002-07-23,0.0,0.0,0.0,0.0,0.0
2002-07-24,0.0,0.0,0.0,0.0,0.0
2002-07-25,0.0,0.0,0.0,0.0,0.0
2002-07-26,0.0,0.0,0.0,0.0,0.0
2002-07-27,0.0,0.0,0.0,0.0,0.0
2002-07-28,0.0,0.0,0.0,0.0,0.0
2002-07-29,0.0,0.0,0.0,0.0,0.0
2002-07-30,0.0,0.0,0.0,0.0,0.0
2002-07-31,0.0,0.0,0.0,0.0,0.0
2002-08-01,0.0,0.0,0.0,0.0,0.0
2002-08-02,0.0,0.0,0.0,0.0,0.0
2002-08-03,0.0,0.0,0.0,0.0,0.0
2002-08-04,0.0,0.0,0.0,0.0,0.0
2002-08-05,0.0,0.0,0.0,0.0,0.0
2002-08-06,0.0,0.0,0.0,0.0,0.0
2002-08-07,0.0,0.0,0.0,0.0,0.0
2002-08-08,0.0,0.0,0.0,0.0,0.0
2002-08-09,0.0,0.0,0.0,0.0,0.0
2002-08-10,0.0,0.0,0.0,0.0,0.0
2002-08-11,0.0,0.0,0.0,0.0,0.0
2002-08-12,0.0,0.0,0.0,0.0,0.0
2002-08-13,0.0,0.0,0.0,0.0,0.0
2002-08-14,0.0,0.0,0.0,0.0,0.0
2002-08-15,0.0,0.0,0.0,0.0,0.0
2002-08-16,0.0,0.0,0.0,0.0,0.0
2002-08-17,0.0,0.0,0.0,0.0,0.0
2002-08-18,0.0,0.0,0.0,0.0,0.0
2002-08-19,0.0,0.0,0.0,0.0,0.0
2002-08-20,0.0,0.0,0.0,0.0,0.0
2002-08-21,0.0,0.0,0.0,0.0,0.0
2002-08-22,0.0,0.0,0.0,0.0,0.0
2002-08-23,0.0,0.0,0.0,0.0,0.0
2002-08-24,0.0,0.0,0.0,0.0,0.0
2002-08-25,0.0,0.0,0.0,0.0,0.0
2002-08-26,0.0,0.0,0.0,0.0,0.0
2002-08-27,0.0,0.0,0.0,0.0,0.0
2002-08-28,0.0,0.0,0.0,0.0,0.0
2002-08-29,0.0,0.0,0.0,0.0,0.0
2002-08-30,0.0,0.0,0.0,0.0,0.0
2002-08-31,0.0,0.0,0.0,0.0,0.0
2002-09-01,0.0,0.0,0.0,0.0,0.0
2002-09-02,0.0,0.0,0.0,0.0,0.0
2002-09-03,0.0,0.0,0.0,0.0,0.0
2002-09-04,0.0,0.0,0.0,0.0,0.0
2002-09-05,0.0,0.0,0.0,0.0,0.0
2002-09-06,0.0,0.0,0.0,0.0,0.0
2002-09-07,0.0,0.0,0.0,0.0,0.0
2002-09-08,0.0,0.0,0.0,0.0,0.0
2002-09-09,0.0,0.0,0.0,0.0,0.0
2002-09-10,0.0,0.0,0.0,0.0,0.0
2002-09-11,0.0,0.0,0.0,0.0,0.0
2002-09-12,0.0,0.0,0.0,0.0,0.0
2002-09-13,0.0,0.0,0.0,0.0,0.0
2002-09-14,0.0,0.0,0.0,0.0,0.0
2002-09-15,0.0,0.0,0.0,0.0,0.0
2002-09-16,0.0,0.0,0.0,0.0,0.0
2002-09-17,0.0,0.0,0.0,0.0,0.0
2002-09-18,0.0,0.0,0.0,0.0,0.0
2002-09-19,0.0,0.0,0.0,0.0,0.0
2002-09-20,0.0,0.0,0.0,0.0,0.0
2002-09-21,0.0,0.0,0.0,0.0,0.0
2002-09-22,0.0,0.0,0.0,0.0,0.0
2002-09-23,0.0,0.0,0.0,0.0,0.0
2002-09-24,0.0,0.0,0.0,0.0,0.0
2002-09-25,0.0,0.0,0.0,0.0,0.0
2002-09-26,0.0,0.0,0.0,0.0,0.0
2002-09-27,0.0,0.0,0.0,0.0,0.0
2002-09-28,0.0,0.0,0.0,0.0,0.0
2002-09-29,0.0,0.0,0.0,0.0,0.0
2002-09-30,0.0,0.0,0.0,0.0,0.0
2002-10-01,0.0,0.0,0.0,0.0,0.0
2002-10-02,0.0,0.0,0.0,0.0,0.0
2002-10-03,0.0,0.0,0.0,0.0,0.0
2002-10-04,0.0,0.0,0.0,0.0,0.0
2002-10-05,0.0,0.0,0.0,0.0,0.0
2002-10-06,0.0,0.0,0.0,0.0,0.0
2002-10-07,0.0,0.0,0.0,0.0,0.0
2002-10-08,0.0,0.0,0.0,0.0,0.0
2002-10-09,0.0,0.0,0.0,0.0,0.0
2002-10-10,0.0,0.0,0.0,0.0,0.0
2002-10-11,0.0,0.0,0.0,0.0,0.0
2002-10-12,0.0,0.0,0.0,0.0,0.0
2002-10-13,0.0,0.0,0.0,0.0,0.0
2002-10-14,0.0,0.0,0.0,0.0,0.0
2002-10-15,0.0,0.0,0.0,0.0,0.0
2002-10-16,0.0,0.0,0.0,0.0,0.0
2002-10-17,0.0,0.0,0.0,0.0,0.0
2002-10-18,0.0,0.0,0.0,0.0,0.0
2002-10-19,0.0,0.0,0.0,0.0,0.0
2002-10-20,0.0,0.0,0.0,0.0,0.0
2002-10-21,0.0,0.0,0.0,0.0,0.0
2002-10-22,0.0,0.0,0.0,0.0,0.0
2002-10-23,0.0,0.0,0.0,0.0,0.0
2002-10-24,0.0,0.0,0.0,0.0,0.0
2002-10-25,0.0,0.0,0.0,0.0,0.0
2002-10-26,0.0,0.0,0.0,0.0,0.0
2002-10-27,0.0,0.0,0.0,0.0,0.0
2002-10-28,0.0,0.0,0.0,0.0,0.0
2002-10-29,0.0,0.0,0.0,0.0,0.0
2002-10-30,0.0,0.0,0.0,0.0,0.0
2002-10-31,0.0,0.0,0.0,0.0,0.0
2002-11-01,0.0,0.0,0.0,0.0,0.0
2002-11-02,0.0,0.0,0.0,0.0,0.0
2002-11-03,0.0,0.0,0.0,0.0,0.0
2002-11-04,0.0,0.0,0.0,0.0,0.0
2002-11-05,0.0,0.0,0.0,0.0,0.0
2002-11-06,0.0,0.0,0.0,0.0,0.0
2002-11-07,0.166,112.75,9.31,9.81,93.62
2002-11-08,0.439,229.32,10.43,42.97,175.92
2002-11-09,0.104,100.38,10.94,0.0,89.44
2002-11-10,0.067,23.18,10.8,0.01,12.37
2002-11-11,0.052,13.42,10.99,0.0,2.43
2002-11-12,0.047,11.88,11.07,0.0,0.81
2002-11-13,0.042,11.8,11.02,0.0,0.78
2002-11-14,0.036,11.71,10.94,0.0,0.77
2002-11-15,0.03,11.39,10.62,0.0,0.76
2002-11-16,0.024,11.4,10.66,0.0,0.75
2002-11-17,0.016,10.69,9.96,0.0,0.73
2002-11-18,0.013,10.18,9.44,0.0,0.74
2002-11-19,0.009,9.68,8.95,0.0,0.72
2002-11-20,0.006,9.2,8.48,0.0,0.71
2002-11-21,0.004,8.73,8.02,0.0,0.72
2002-11-22,0.003,8.77,8.08,0.0,0.71
2002-11-23,0.002,9.32,8.61,0.0,0.71
2002-11-24,0.001,11.0,10.28,0.0,0.66
2002-11-25,0.0,12.46,12.05,0.0,0.66
2002-11-26,0.0,13.8,13.03,0.0,0.74
2002-11-27,0.0,13.5,12.5,0.0,0.72
2002-11-28,0.0,14.01,13.27,0.0,0.76
2002-11-29,0.0,13.74,13.36,0.0,0.76
2002-11-30,0.0,13.23,12.63,0.0,0.71
2002-12-01,0.0,15.05,14.25,0.0,0.8
2002-12-02,0.0,13.89,12.06,0.0,0.68
2002-12-03,0.0,11.57,12.33,0.0,0.68
2002-12-04,0.0,16.2,15.0,0.0,0.81
2002-12-05,0.0,17.36,15.24,0.0,0.82
2002-12-06,0.0,11.57,11.24,0.0,0.58
2002-12-07,0.0,34.72,27.07,0.0,1.36
2002-12-08,0.0,23.15,24.93,0.0,1.26
2002-12-09,0.003,19.97,7.96,0.01,12.0
2002-12-10,0.024,28.96,9.69,0.01,19.26
2002-12-11,0.005,16.3,10.88,0.0,5.44
2002-12-12,0.001,11.24,10.58,0.0,0.84
2002-12-13,0.252,193.19,9.27,55.43,128.5
2002-12-14,0.355,137.49,10.26,17.41,109.82
2002-12-15,0.204,58.89,9.99,0.01,48.89
2002-12-16,0.954,225.75,9.71,72.52,143.51
2002-12-17,0.98,46.52,10.19,11.86,24.47
2002-12-18,0.847,15.05,10.43,1.53,3.1
2002-12-19,1.203,331.31,10.32,137.49,183.49
2002-12-20,2.195,134.89,11.32,53.16,70.41
2002-12-21,2.564,42.96,11.85,13.43,17.68
2002-12-22,2.266,15.87,11.79,1.76,2.32
2002-12-23,1.97,13.6,11.5,0.91,1.2
2002-12-24,1.762,13.29,11.29,0.87,1.14
2002-12-25,1.573,13.08,11.08,0.86,1.14
2002-12-26,1.435,12.99,10.99,0.86,1.14
2002-12-27,1.323,14.78,10.98,1.64,2.16
2002-12-28,1.375,45.87,10.78,15.15,19.94
2002-12-29,2.044,48.64,11.43,16.07,21.14
2002-12-30,1.933,16.19,11.59,1.98,2.61
2002-12-31,2.545,56.81,11.82,19.43,25.57
2003-01-01,2.45,17.14,12.11,2.17,2.86
2003-01-02,2.079,13.99,11.84,0.93,1.22
2003-01-03,1.794,13.59,11.58,0.87,1.14
2003-01-04,1.589,13.43,11.43,0.86,1.14
2003-01-05,1.407,13.46,11.46,0.86,1.14
2003-01-06,1.231,13.51,11.51,0.86,1.14
2003-01-07,1.086,13.56,11.56,0.86,1.14
2003-01-08,0.97,13.62,11.62,0.86,1.14
2003-01-09,0.981,31.66,11.36,8.77,11.53
2003-01-10,1.749,59.72,11.25,20.93,27.54
2003-01-11,1.775,19.37,11.55,3.38,4.44
2003-01-12,1.48,13.81,11.42,1.03,1.36
2003-01-13,1.318,13.56,11.34,0.96,1.26
2003-01-14,1.161,13.42,11.4,0.87,1.15
2003-01-15,1.022,13.43,11.43,0.86,1.14
2003-01-16,0.892,13.43,11.48,0.81,1.14
2003-01-17,0.783,13.36,11.51,0.71,1.14
2003-01-18,0.689,13.24,11.56,0.54,1.14
2003-01-19,0.606,13.01,11.61,0.27,1.14
2003-01-20,0.529,12.85,11.65,0.06,1.14
2003-01-21,0.627,33.15,11.25,4.99,16.92
2003-01-22,0.683,16.14,11.38,1.29,3.47
2003-01-23,0.771,29.19,10.93,7.07,11.19
2003-01-24,0.728,14.61,10.9,1.26,2.45
2003-01-25,0.615,12.6,10.9,0.49,1.21
2003-01-26,0.541,12.38,10.94,0.3,1.14
2003-01-27,0.473,12.23,10.99,0.1,1.14
2003-01-28,0.406,12.24,11.08,0.02,1.13
2003-01-29,0.353,12.31,11.17,0.01,1.13
2003-01-30,0.304,12.43,11.31,0.01,1.12
2003-01-31,0.265,12.48,11.38,0.0,1.1
2003-02-01,0.22,12.51,11.45,0.0,1.07
2003-02-02,0.183,12.25,11.26,0.0,0.99
2003-02-03,0.17,12.37,11.4,0.0,0.97
2003-02-04,0.146,12.43,11.5,0.0,0.93
2003-02-05,0.11,12.45,11.58,0.0,0.87
2003-02-06,0.101,12.39,11.52,0.0,0.86
2003-02-07,0.077,12.49,11.67,0.0,0.82
2003-02-08,0.068,12.37,11.55,0.0,0.82
2003-02-09,0.059,12.39,11.59,0.0,0.8
2003-02-10,0.048,12.41,11.63,0.0,0.78
2003-02-11,0.035,12.51,11.74,0.0,0.76
2003-02-12,0.094,43.63,9.39,0.08,34.16
2003-02-13,0.284,23.04,10.04,0.04,12.96
2003-02-14,0.256,12.61,10.28,0.01,2.32
2003-02-15,0.254,13.6,9.92,0.11,3.56
2003-02-16,0.589,63.97,10.24,8.8,44.94
2003-02-17,0.535,15.4,10.64,0.85,3.91
2003-02-18,0.465,12.24,10.75,0.2,1.29
2003-02-19,0.427,11.96,10.77,0.05,1.14
2003-02-20,0.357,12.03,10.89,0.02,1.13
2003-02-21,0.31,12.07,10.95,0.01,1.11
2003-02-22,0.271,12.09,10.98,0.0,1.1
2003-02-23,0.226,12.01,10.94,0.0,1.07
2003-02-24,0.192,11.82,10.8,0.0,1.02
2003-02-25,0.168,11.81,10.83,0.0,0.98
2003-02-26,0.141,11.88,10.94,0.0,0.94
2003-02-27,0.115,11.56,10.68,0.0,0.88
2003-02-28,0.105,11.81,10.94,0.0,0.88
2003-03-01,0.08,11.63,10.8,0.0,0.83
2003-03-02,0.071,11.76,10.94,0.0,0.82
2003-03-03,0.058,11.73,10.92,0.0,0.8
2003-03-04,0.047,11.64,10.85,0.0,0.79
2003-03-05,0.036,11.41,10.64,0.0,0.77
2003-03-06,0.027,11.07,10.31,0.0,0.76
2003-03-07,0.019,10.53,9.78,0.0,0.74
2003-03-08,0.013,10.26,9.54,0.0,0.73
2003-03-09,0.007,9.88,9.17,0.0,0.71
2003-03-10,0.003,8.35,7.69,0.0,0.65
2003-03-11,0.001,7.93,7.52,0.0,0.47
2003-03-12,0.0,6.94,7.47,0.0,0.12
2003-03-13,0.0,0.0,0.35,0.0,0.0
2003-03-14,0.032,22.71,7.71,0.05,14.95
2003-03-15,0.255,151.98,9.98,16.24,125.76
2003-03-16,0.154,25.96,9.97,0.0,15.99
2003-03-17,0.127,12.07,10.19,0.0,1.87
2003-03-18,0.104,11.09,10.18,0.0,0.91
2003-03-19,0.086,10.96,10.1,0.0,0.85
2003-03-20,0.07,10.58,9.76,0.0,0.83
2003-03-21,0.063,10.64,9.82,0.0,0.82
2003-03-22,0.051,10.39,9.59,0.0,0.8
2003-03-23,0.057,16.33,9.21,0.01,7.12
2003-03-24,0.047,10.39,9.22,0.0,1.16
2003-03-25,0.036,9.69,8.89,0.0,0.79
2003-03-26,0.025,8.95,8.19,0.0,0.75
2003-03-27,0.021,8.84,8.08,0.0,0.76
2003-03-28,0.014,8.07,7.33,0.0,0.74
2003-03-29,0.009,7.78,7.06,0.0,0.72
2003-03-30,0.005,7.87,7.16,0.0,0.71
2003-03-31,0.001,8.64,8.23,0.0,0.36
2003-04-01,0.0,9.79,9.98,0.0,0.45
2003-04-02,0.0,13.5,12.84,0.0,0.73
2003-04-03,0.0,13.89,12.64,0.0,0.75
2003-04-04,0.049,61.07,10.39,0.03,50.65
2003-04-05,0.011,18.79,11.07,0.0,7.72
2003-04-06,0.001,11.74,10.71,0.0,1.05
2003-04-07,0.0,12.4,11.69,0.0,0.57
2003-04-08,0.0,12.3,11.77,0.0,0.67
2003-04-09,0.0,13.68,12.71,0.0,0.75
2003-04-10,0.0,14.47,13.6,0.0,0.8
2003-04-11,0.0,11.57,10.53,0.0,0.62
2003-04-12,0.08,83.73,9.89,0.1,73.73
2003-04-13,0.148,72.47,10.7,0.18,61.6
2003-04-14,0.036,22.75,10.8,0.0,11.95
2003-04-15,0.018,11.48,10.45,0.0,1.03
2003-04-16,0.007,10.25,9.57,0.0,0.66
2003-04-17,0.004,9.54,8.81,0.0,0.71
2003-04-18,0.003,9.64,8.93,0.0,0.7
2003-04-19,0.001,11.85,11.28,0.0,0.62
2003-04-20,0.001,13.05,12.27,0.0,0.72
2003-04-21,0.0,12.89,12.13,0.0,0.72
2003-04-22,0.0,12.83,12.21,0.0,0.72
2003-04-23,0.0,13.02,11.99,0.0,0.71
2003-04-24,0.015,27.77,9.64,0.01,18.12
2003-04-25,0.003,16.78,11.26,0.0,5.57
2003-04-26,0.0,12.35,11.57,0.0,0.85
2003-04-27,0.006,15.32,3.32,0.03,11.98
2003-04-28,0.057,51.19,11.2,0.02,39.96
2003-04-29,0.006,18.63,11.56,0.0,7.07
2003-04-30,0.001,11.27,10.35,0.0,0.93
2003-05-01,0.0,12.4,11.82,0.0,0.66
2003-05-02,0.008,25.51,5.68,0.04,19.78
2003-05-03,0.109,47.86,10.9,0.04,36.91
2003-05-04,0.013,23.7,11.81,0.0,11.88
2003-05-05,0.003,12.0,10.72,0.0,1.25
2003-05-06,0.001,12.55,11.93,0.0,0.68
2003-05-07,0.001,12.83,12.24,0.0,0.7
2003-05-08,0.001,13.12,12.23,0.0,0.73
2003-05-09,0.0,13.08,12.33,0.0,0.71
2003-05-10,0.0,12.9,12.27,0.0,0.71
2003-05-11,0.0,13.35,12.59,0.0,0.73
2003-05-12,0.0,13.31,12.64,0.0,0.73
2003-05-13,0.0,12.35,12.5,0.0,0.72
2003-05-14,0.0,13.68,13.34,0.0,0.77
2003-05-15,0.0,14.15,12.91,0.0,0.74
2003-05-16,0.0,15.43,14.58,0.0,0.82
2003-05-17,0.0,14.47,13.51,0.0,0.73
2003-05-18,0.0,17.36,14.4,0.0,0.73
2003-05-19,0.0,11.57,11.66,0.0,0.52
2003-05-20,0.0,0.0,0.0,0.0,0.0
2003-05-21,0.0,0.0,0.0,0.0,0.0
2003-05-22,0.0,0.0,0.0,0.0,0.0
2003-05-23,0.0,0.0,0.0,0.0,0.0
2003-05-24,0.0,0.0,0.0,0.0,0.0
2003-05-25,0.0,0.0,0.0,0.0,0.0
2003-05-26,0.0,0.0,0.0,0.0,0.0
2003-05-27,0.0,0.0,0.0,0.0,0.0
2003-05-28,0.0,0.0,0.0,0.0,0.0
2003-05-29,0.0,0.0,0.0,0.0,0.0
2003-05-30,0.0,0.0,0.0,0.0,0.0
2003-05-31,0.0,0.0,0.0,0.0,0.0
2003-06-01,0.0,0.0,0.0,0.0,0.0
2003-06-02,0.0,0.0,0.0,0.0,0.0
2003-06-03,0.0,0.0,0.0,0.0,0.0
2003-06-04,0.0,0.0,0.0,0.0,0.0
2003-06-05,0.0,0.0,0.0,0.0,0.0
2003-06-06,0.0,0.0,0.0,0.0,0.0
2003-06-07,0.0,0.0,0.0,0.0,0.0
2003-06-08,0.0,0.0,0.0,0.0,0.0
2003-06-09,0.0,0.0,0.0,0.0,0.0
2003-06-10,0.0,0.0,0.0,0.0,0.0
2003-06-11,0.0,0.0,0.0,0.0,0.0
2003-06-12,0.0,0.0,0.0,0.0,0.0
2003-06-13,0.0,0.0,0.0,0.0,0.0
2003-06-14,0.0,0.0,0.0,0.0,0.0
2003-06-15,0.0,0.0,0.0,0.0,0.0
2003-06-16,0.0,0.0,0.0,0.0,0.0
2003-06-17,0.0,0.0,0.0,0.0,0.0
2003-06-18,0.0,0.0,0.0,0.0,0.0
2003-06-19,0.0,0.0,0.0,0.0,0.0
2003-06-20,0.0,0.0,0.0,0.0,0.0
2003-06-21,0.0,0.0,0.0,0.0,0.0
2003-06-22,0.0,0.0,0.0,0.0,0.0
2003-06-23,0.0,0.0,0.0,0.0,0.0
2003-06-24,0.0,0.0,0.0,0.0,0.0
2003-06-25,0.0,0.0,0.0,0.0,0.0
2003-06-26,0.0,0.0,0.0,0.0,0.0
2003-06-27,0.0,0.0,0.0,0.0,0.0
2003-06-28,0.0,0.0,0.0,0.0,0.0
2003-06-29,0.0,0.0,0.0,0.0,0.0
2003-06-30,0.0,0.0,0.0,0.0,0.0
2003-07-01,0.0,0.0,0.0,0.0,0.0
2003-07-02,0.0,0.0,0.0,0.0,0.0
2003-07-03,0.0,0.0,0.0,0.0,0.0
2003-07-04,0.0,0.0,0.0,0.0,0.0
2003-07-05,0.0,0.0,0.0,0.0,0.0
2003-07-06,0.0,0.0,0.0,0.0,0.0
2003-07-07,0.0,0.0,0.0,0.0,0.0
2003-07-08,0.0,0.0,0.0,0.0,0.0
2003-07-09,0.0,0.0,0.0,0.0,0.0
2003-07-10,0.0,0.0,0.0,0.0,0.0
2003-07-11,0.0,0.0,0.0,0.0,0.0
2003-07-12,0.0,0.0,0.0,0.0,0.0
2003-07-13,0.0,0.0,0.0,0.0,0.0
2003-07-14,0.0,0.0,0.0,0.0,0.0
2003-07-15,0.0,0.0,0.0,0.0,0.0
2003-07-16,0.0,0.0,0.0,0.0,0.0
2003-07-17,0.0,0.0,0.0,0.0,0.0
2003-07-18,0.0,0.0,0.0,0.0,0.0
2003-07-19,0.0,0.0,0.0,0.0,0.0
2003-07-20,0.0,0.0,0.0,0.0,0.0
2003-07-21,0.0,0.0,0.0,0.0,0.0
2003-07-22,0.0,0.0,0.0,0.0,0.0
2003-07-23,0.0,0.0,0.0,0.0,0.0
2003-07-24,0.0,0.0,0.0,0.0,0.0
2003-07-25,0.0,0.0,0.0,0.0,0.0
2003-07-26,0.0,0.0,0.0,0.0,0.0
2003-07-27,0.0,0.0,0.0,0.0,0.0
2003-07-28,0.0,0.0,0.0,0.0,0.0
2003-07-29,0.0,0.0,0.0,0.0,0.0
2003-07-30,0.0,0.0,0.0,0.0,0.0
2003-07-31,0.0,0.0,0.0,0.0,0.0
2003-08-01,0.0,0.0,0.0,0.0,0.0
2003-08-02,0.0,0.0,0.0,0.0,0.0
2003-08-03,0.0,0.0,0.0,0.0,0.0
2003-08-04,0.0,0.0,0.0,0.0,0.0
2003-08-05,0.0,0.0,0.0,0.0,0.0
2003-08-06,0.0,0.0,0.0,0.0,0.0
2003-08-07,0.0,0.0,0.0,0.0,0.0
2003-08-08,0.0,0.0,0.0,0.0,0.0
2003-08-09,0.0,0.0,0.0,0.0,0.0
2003-08-10,0.0,0.0,0.0,0.0,0.0
2003-08-11,0.0,0.0,0.0,0.0,0.0
2003-08-12,0.0,0.0,0.0,0.0,0.0
2003-08-13,0.0,0.0,0.0,0.0,0.0
2003-08-14,0.0,0.0,0.0,0.0,0.0
2003-08-15,0.0,0.0,0.0,0.0,0.0
2003-08-16,0.0,0.0,0.0,0.0,0.0
2003-08-17,0.0,0.0,0.0,0.0,0.0
2003-08-18,0.0,0.0,0.0,0.0,0.0
2003-08-19,0.0,0.0,0.0,0.0,0.0
2003-08-20,0.0,0.0,0.0,0.0,0.0
2003-08-21,0.002,16.54,8.05,0.36,8.15
2003-08-22,0.013,26.25,9.48,0.13,16.64
2003-08-23,0.002,14.5,10.15,0.0,4.37
2003-08-24,0.0,10.68,9.73,0.0,0.73
2003-08-25,0.0,0.0,9.15,0.0,0.12
2003-08-26,0.0,0.0,0.0,0.0,0.0
2003-08-27,0.0,0.0,0.0,0.0,0.0
2003-08-28,0.0,0.0,0.0,0.0,0.0
2003-08-29,0.0,0.0,0.0,0.0,0.0
2003-08-30,0.0,0.0,0.0,0.0,0.0
2003-08-31,0.0,0.0,0.0,0.0,0.0
2003-09-01,0.0,0.0,0.0,0.0,0.0
2003-09-02,0.0,0.0,0.0,0.0,0.0
2003-09-03,0.0,0.0,0.0,0.0,0.0
2003-09-04,0.0,0.0,0.0,0.0,0.0
2003-09-05,0.0,0.0,0.0,0.0,0.0
2003-09-06,0.0,0.0,0.0,0.0,0.0
2003-09-07,0.0,0.0,0.0,0.0,0.0
2003-09-08,0.0,0.0,0.0,0.0,0.0
2003-09-09,0.0,0.0,0.0,0.0,0.0
2003-09-10,0.0,0.0,0.0,0.0,0.0
2003-09-11,0.0,0.0,0.0,0.0,0.0
2003-09-12,0.0,0.0,0.0,0.0,0.0
2003-09-13,0.0,0.0,0.0,0.0,0.0
2003-09-14,0.0,0.0,0.0,0.0,0.0
2003-09-15,0.0,0.0,0.0,0.0,0.0
2003-09-16,0.0,0.0,0.0,0.0,0.0
2003-09-17,0.0,0.0,0.0,0.0,0.0
2003-09-18,0.0,0.0,0.0,0.0,0.0
2003-09-19,0.0,0.0,0.0,0.0,0.0
2003-09-20,0.0,0.0,0.0,0.0,0.0
2003-09-21,0.0,0.0,0.0,0.0,0.0
2003-09-22,0.0,0.0,0.0,0.0,0.0
2003-09-23,0.0,0.0,0.0,0.0,0.0
2003-09-24,0.0,0.0,0.0,0.0,0.0
2003-09-25,0.0,0.0,0.0,0.0,0.0
2003-09-26,0.0,0.0,0.0,0.0,0.0
2003-09-27,0.0,0.0,0.0,0.0,0.0
2003-09-28,0.0,0.0,0.0,0.0,0.0
2003-09-29,0.0,0.0,0.0,0.0,0.0
2003-09-30,0.0,0.0,0.0,0.0,0.0
2003-10-01,0.0,0.0,0.0,0.0,0.0
2003-10-02,0.0,0.0,0.0,0.0,0.0
2003-10-03,0.0,0.0,0.0,0.0,0.0
2003-10-04,0.0,0.0,0.0,0.0,0.0
2003-10-05,0.0,0.0,0.0,0.0,0.0
2003-10-06,0.0,0.0,0.0,0.0,0.0
2003-10-07,0.0,0.0,0.0,0.0,0.0
2003-10-08,0.0,0.0,0.0,0.0,0.0
2003-10-09,0.0,0.0,0.0,0.0,0.0
2003-10-10,0.0,0.0,0.0,0.0,0.0
2003-10-11,0.0,0.0,0.0,0.0,0.0
2003-10-12,0.0,0.0,0.0,0.0,0.0
2003-10-13,0.0,0.0,0.0,0.0,0.0
2003-10-14,0.0,0.0,0.0,0.0,0.0
2003-10-15,0.0,0.0,0.0,0.0,0.0
2003-10-16,0.0,0.0,0.0,0.0,0.0
2003-10-17,0.0,0.0,0.0,0.0,0.0
2003-10-18,0.0,0.0,0.0,0.0,0.0
2003-10-19,0.0,0.0,0.0,0.0,0.0
2003-10-20,0.0,0.0,0.0,0.0,0.0
2003-10-21,0.0,0.0,0.0,0.0,0.0
2003-10-22,0.0,0.0,0.0,0.0,0.0
2003-10-23,0.0,0.0,0.0,0.0,0.0
2003-10-24,0.0,0.0,0.0,0.0,0.0
2003-10-25,0.0,0.0,0.0,0.0,0.0
2003-10-26,0.0,0.0,0.0,0.0,0.0
2003-10-27,0.0,0.0,0.0,0.0,0.0
2003-10-28,0.0,0.0,0.0,0.0,0.0
2003-10-29,0.0,0.0,0.0,0.0,0.0
2003-10-30,0.0,0.0,0.0,0.0,0.0
2003-10-31,0.0,0.0,0.0,0.0,0.0
2003-11-01,0.0,0.0,0.0,0.0,0.0
2003-11-02,0.0,0.0,0.0,0.0,0.0
2003-11-03,0.025,32.01,10.49,0.45,21.08
2003-11-04,0.003,17.71,11.37,0.0,6.34
2003-11-05,0.0,12.54,11.61,0.0,1.07
2003-11-06,0.0,13.89,11.48,0.0,0.57
2003-11-07,0.004,16.93,10.41,0.0,6.54
2003-11-08,0.063,159.15,9.49,0.53,149.12
2003-11-09,0.088,104.77,10.94,0.03,93.81
2003-11-10,0.015,38.87,11.65,0.0,27.22
2003-11-11,0.002,14.85,11.63,0.0,3.21
2003-11-12,0.001,12.75,11.91,0.0,0.74
2003-11-13,0.001,12.66,11.91,0.0,0.72
2003-11-14,0.001,12.81,12.16,0.0,0.74
2003-11-15,0.012,26.67,10.13,0.01,16.53
2003-11-16,0.003,17.05,11.46,0.0,5.59
2003-11-17,0.001,12.58,11.77,0.0,0.83
2003-11-18,0.0,12.83,11.89,0.0,0.72
2003-11-19,0.0,12.73,11.96,0.0,0.73
2003-11-20,0.0,12.6,11.88,0.0,0.72
2003-11-21,0.0,12.86,12.34,0.0,0.74
2003-11-22,0.0,12.54,12.31,0.0,0.75
2003-11-23,0.0,12.58,11.75,0.0,0.72
2003-11-24,0.0,12.73,12.2,0.0,0.74
2003-11-25,0.0,13.5,12.32,0.0,0.75
2003-11-26,0.0,12.25,11.91,0.0,0.73
2003-11-27,0.0,12.35,11.98,0.0,0.73
2003-11-28,0.0,12.46,11.92,0.0,0.72
2003-11-29,0.0,11.57,11.5,0.0,0.66
2003-11-30,0.017,34.33,8.49,0.02,25.82
2003-12-01,0.055,35.07,9.58,0.02,25.47
2003-12-02,0.024,24.14,10.7,0.0,13.44
2003-12-03,0.003,12.35,10.64,0.0,1.72
2003-12-04,0.001,11.22,10.49,0.0,0.7
2003-12-05,0.02,29.35,9.29,0.01,20.06
2003-12-06,0.044,68.39,9.19,0.09,59.11
2003-12-07,0.052,49.89,11.54,0.0,38.36
2003-12-08,0.008,16.14,11.51,0.0,4.64
2003-12-09,0.002,11.37,10.65,0.0,0.71
2003-12-10,0.047,31.71,8.98,0.06,22.68
2003-12-11,0.075,57.67,11.37,0.02,46.28
2003-12-12,0.013,18.61,11.4,0.0,7.2
2003-12-13,0.002,12.65,11.71,0.0,0.94
2003-12-14,0.086,92.89,10.32,0.14,82.42
2003-12-15,0.023,23.32,11.26,0.0,12.06
2003-12-16,0.014,12.04,11.07,0.0,0.97
2003-12-17,0.011,11.74,11.0,0.0,0.74
2003-12-18,0.007,11.56,10.85,0.0,0.71
2003-12-19,0.022,36.08,9.18,0.02,26.88
2003-12-20,0.058,48.76,10.09,0.04,38.62
2003-12-21,0.04,28.91,11.13,0.0,17.77
2003-12-22,0.018,12.19,10.9,0.0,1.28
2003-12-23,0.077,36.65,9.97,0.02,26.66
2003-12-24,0.121,49.81,9.73,0.09,39.99
2003-12-25,0.076,20.18,11.1,0.0,9.07
2003-12-26,0.051,11.47,10.44,0.0,1.02
2003-12-27,0.052,11.29,10.49,0.0,0.8
2003-12-28,0.045,11.69,10.91,0.0,0.78
2003-12-29,0.256,98.22,9.41,5.68,83.13
2003-12-30,0.323,44.6,10.62,0.25,33.74
2003-12-31,0.251,14.54,10.63,0.0,3.9
2004-01-01,0.826,160.67,10.11,47.53,103.03
2004-01-02,0.939,46.6,10.63,12.15,23.82
2004-01-03,0.813,17.49,10.69,2.22,4.58
2004-01-04,0.727,12.78,10.76,0.69,1.33
2004-01-05,0.646,12.48,10.78,0.55,1.15
2004-01-06,0.582,12.39,10.77,0.49,1.14
2004-01-07,0.668,33.81,10.55,5.45,17.8
2004-01-08,0.616,14.4,10.64,0.96,2.8
2004-01-09,0.588,12.44,10.7,0.51,1.22
2004-01-10,0.533,12.27,10.77,0.35,1.14
2004-01-11,0.484,12.1,10.77,0.19,1.14
2004-01-12,0.436,11.97,10.79,0.05,1.13
2004-01-13,0.392,11.96,10.81,0.02,1.13
2004-01-14,0.355,11.97,10.83,0.01,1.13
2004-01-15,0.317,11.96,10.84,0.01,1.12
2004-01-16,0.295,12.04,10.92,0.01,1.12
2004-01-17,0.269,12.06,10.96,0.0,1.1
2004-01-18,0.238,12.12,11.04,0.0,1.08
2004-01-19,0.217,12.13,11.08,0.0,1.04
2004-01-20,0.196,12.1,11.08,0.0,1.01
2004-01-21,0.176,12.03,11.06,0.0,0.98
2004-01-22,0.16,11.99,11.04,0.0,0.95
2004-01-23,0.147,11.98,11.05,0.0,0.93
2004-01-24,0.132,11.85,10.9,0.0,0.96
2004-01-25,0.129,12.29,10.9,0.0,1.39
2004-01-26,0.118,11.66,10.75,0.0,0.91
2004-01-27,0.101,11.43,10.51,0.0,0.93
2004-01-28,0.107,11.83,10.9,0.0,0.92
2004-01-29,0.1,11.8,10.94,0.0,0.86
2004-01-30,0.083,11.94,11.1,0.0,0.84
2004-01-31,0.064,11.4,10.59,0.0,0.8
2004-02-01,0.065,11.48,10.65,0.0,0.82
2004-02-02,0.218,153.29,9.95,1.43,141.92
2004-02-03,0.269,40.61,10.53,0.06,30.01
2004-02-04,0.225,14.44,10.8,0.0,3.63
2004-02-05,0.196,12.0,10.87,0.0,1.13
2004-02-06,0.173,11.9,10.91,0.0,0.99
2004-02-07,0.148,11.68,10.74,0.0,0.94
2004-02-08,0.139,11.71,10.79,0.0,0.92
2004-02-09,0.122,11.75,10.85,0.0,0.9
2004-02-10,0.109,11.62,10.74,0.0,0.88
2004-02-11,0.099,11.63,10.77,0.0,0.86
2004-02-12,0.087,11.54,10.7,0.0,0.84
2004-02-13,0.072,11.57,10.74,0.0,0.83
2004-02-14,0.051,10.9,10.11,0.0,0.78
2004-02-15,0.055,11.13,10.31,0.0,0.82
2004-02-16,0.323,73.87,9.28,3.86,60.74
2004-02-17,0.411,31.17,9.75,2.87,18.55
2004-02-18,0.973,72.38,9.87,21.52,41.0
2004-02-19,0.958,18.75,10.17,3.17,5.41
2004-02-20,0.845,12.49,10.22,0.88,1.39
2004-02-21,0.767,12.19,10.33,0.7,1.15
2004-02-22,0.732,15.08,10.27,1.84,2.98
2004-02-23,0.662,13.66,10.3,1.2,2.17
2004-02-24,0.591,12.01,10.25,0.57,1.19
2004-02-25,1.662,443.35,10.54,184.54,248.26
2004-02-26,2.499,74.29,11.76,26.77,35.77
2004-02-27,2.158,17.83,11.65,2.65,3.52
2004-02-28,1.758,13.45,11.24,0.95,1.26
2004-02-29,1.512,12.93,10.94,0.85,1.14
2004-03-01,1.444,19.39,10.81,3.69,4.88
2004-03-02,1.291,15.84,10.83,2.12,2.89
2004-03-03,1.116,12.85,10.77,0.84,1.24
2004-03-04,0.961,12.73,10.84,0.75,1.14
2004-03-05,0.849,12.69,10.85,0.7,1.14
2004-03-06,0.726,12.69,10.93,0.63,1.14
2004-03-07,0.617,12.59,10.99,0.46,1.14
2004-03-08,0.525,12.5,11.09,0.28,1.14
2004-03-09,0.448,12.42,11.18,0.1,1.13
2004-03-10,0.377,12.36,11.21,0.02,1.13
2004-03-11,0.326,12.33,11.2,0.01,1.12
2004-03-12,0.281,12.37,11.26,0.01,1.1
2004-03-13,0.238,12.33,11.26,0.0,1.07
2004-03-14,0.2,12.34,11.31,0.0,1.03
2004-03-15,0.165,12.35,11.37,0.0,0.98
2004-03-16,0.137,12.33,11.4,0.0,0.93
2004-03-17,0.114,12.31,11.42,0.0,0.89
2004-03-18,0.091,12.36,11.5,0.0,0.86
2004-03-19,0.07,12.22,11.4,0.0,0.82
2004-03-20,0.057,12.25,11.44,0.0,0.8
2004-03-21,0.043,12.16,11.39,0.0,0.78
2004-03-22,0.029,11.96,11.21,0.0,0.75
2004-03-23,0.017,11.49,10.76,0.0,0.72
2004-03-24,0.008,11.4,10.71,0.0,0.69
2004-03-25,0.027,56.62,9.3,0.04,47.28
2004-03-26,0.032,29.98,11.11,0.0,18.86
2004-03-27,0.007,10.77,9.08,0.0,1.68
2004-03-28,0.007,9.82,9.05,0.0,0.76
2004-03-29,0.002,8.78,8.19,0.0,0.57
2004-03-30,0.0,9.56,9.12,0.0,0.33
2004-03-31,0.0,13.5,11.91,0.0,0.64
2004-04-01,0.0,11.57,9.9,0.0,0.59
2004-04-02,0.0,0.0,12.44,0.0,0.68
2004-04-03,0.0,0.0,0.0,0.0,0.0
2004-04-04,0.0,0.0,0.0,0.0,0.0
2004-04-05,0.0,0.0,0.0,0.0,0.0
2004-04-06,0.0,0.0,0.0,0.0,0.0
2004-04-07,0.0,0.0,0.0,0.0,0.0
2004-04-08,0.0,0.0,0.0,0.0,0.0
2004-04-09,0.0,0.0,0.0,0.0,0.0
2004-04-10,0.0,0.0,0.0,0.0,0.0
2004-04-11,0.0,0.0,0.0,0.0,0.0
2004-04-12,0.0,0.0,0.0,0.0,0.0
2004-04-13,0.0,0.0,0.0,0.0,0.0
2004-04-14,0.0,0.0,0.0,0.0,0.0
2004-04-15,0.0,0.0,0.0,0.0,0.0
2004-04-16,0.0,0.0,0.0,0.0,0.0
2004-04-17,0.0,0.0,0.0,0.0,0.0
2004-04-18,0.0,0.0,0.0,0.0,0.0
2004-04-19,0.0,0.0,0.0,0.0,0.0
2004-04-20,0.0,0.0,0.0,0.0,0.0
2004-04-21,0.0,0.0,0.0,0.0,0.0
2004-04-22,0.0,0.0,0.0,0.0,0.0
2004-04-23,0.0,0.0,0.0,0.0,0.0
2004-04-24,0.0,0.0,0.0,0.0,0.0
2004-04-25,0.0,0.0,0.0,0.0,0.0
2004-04-26,0.0,0.0,0.0,0.0,0.0
2004-04-27,0.0,0.0,0.0,0.0,0.0
2004-04-28,0.0,0.0,0.0,0.0,0.0
2004-04-29,0.0,0.0,0.0,0.0,0.0
2004-04-30,0.0,0.0,0.0,0.0,0.0
2004-05-01,0.0,0.0,0.0,0.0,0.0
2004-05-02,0.0,0.0,0.0,0.0,0.0
2004-05-03,0.0,0.0,0.0,0.0,0.0
2004-05-04,0.0,0.0,0.0,0.0,0.0
2004-05-05,0.0,0.0,0.0,0.0,0.0
2004-05-06,0.0,0.0,0.0,0.0,0.0
2004-05-07,0.0,0.0,0.0,0.0,0.0
2004-05-08,0.0,0.0,0.0,0.0,0.0
2004-05-09,0.0,0.0,0.0,0.0,0.0
2004-05-10,0.0,0.0,0.0,0.0,0.0
2004-05-11,0.0,0.0,0.0,0.0,0.0
2004-05-12,0.0,0.0,0.0,0.0,0.0
2004-05-13,0.0,0.0,0.0,0.0,0.0
2004-05-14,0.0,0.0,0.0,0.0,0.0
2004-05-15,0.0,0.0,0.0,0.0,0.0
2004-05-16,0.0,0.0,0.0,0.0,0.0
2004-05-17,0.0,0.0,0.0,0.0,0.0
2004-05-18,0.0,0.0,0.0,0.0,0.0
2004-05-19,0.0,0.0,0.0,0.0,0.0
2004-05-20,0.0,0.0,0.0,0.0,0.0
2004-05-21,0.0,0.0,0.0,0.0,0.0
2004-05-22,0.0,0.0,0.0,0.0,0.0
2004-05-23,0.0,0.0,0.0,0.0,0.0
2004-05-24,0.0,0.0,0.0,0.0,0.0
2004-05-25,0.0,0.0,0.0,0.0,0.0
2004-05-26,0.0,0.0,0.0,0.0,0.0
2004-05-27,0.0,0.0,0.0,0.0,0.0
2004-05-28,0.0,14.47,14.82,0.0,0.9
2004-05-29,0.0,23.15,19.93,0.0,0.47
2004-05-30,0.0,0.0,0.0,0.0,0.0
2004-05-31,0.0,0.0,0.0,0.0,0.0
2004-06-01,0.0,0.0,0.0,0.0,0.0
2004-06-02,0.0,0.0,0.0,0.0,0.0
2004-06-03,0.0,0.0,0.0,0.0,0.0
2004-06-04,0.0,0.0,0.0,0.0,0.0
2004-06-05,0.0,0.0,0.0,0.0,0.0
2004-06-06,0.0,0.0,0.0,0.0,0.0
2004-06-07,0.0,0.0,0.0,0.0,0.0
2004-06-08,0.0,0.0,0.0,0.0,0.0
2004-06-09,0.0,0.0,0.0,0.0,0.0
2004-06-10,0.0,0.0,0.0,0.0,0.0
2004-06-11,0.0,0.0,0.0,0.0,0.0
2004-06-12,0.0,0.0,0.0,0.0,0.0
2004-06-13,0.0,0.0,0.0,0.0,0.0
2004-06-14,0.0,0.0,0.0,0.0,0.0
2004-06-15,0.0,0.0,0.0,0.0,0.0
2004-06-16,0.0,0.0,0.0,0.0,0.0
2004-06-17,0.0,0.0,0.0,0.0,0.0
2004-06-18,0.0,0.0,0.0,0.0,0.0
2004-06-19,0.0,0.0,0.0,0.0,0.0
2004-06-20,0.0,0.0,0.0,0.0,0.0
2004-06-21,0.0,0.0,0.0,0.0,0.0
2004-06-22,0.0,0.0,0.0,0.0,0.0
2004-06-23,0.0,0.0,0.0,0.0,0.0
2004-06-24,0.0,0.0,0.0,0.0,0.0
2004-06-25,0.0,0.0,0.0,0.0,0.0
2004-06-26,0.0,0.0,0.0,0.0,0.0
2004-06-27,0.0,0.0,0.0,0.0,0.0
2004-06-28,0.0,0.0,0.0,0.0,0.0
2004-06-29,0.0,0.0,0.0,0.0,0.0
2004-06-30,0.0,0.0,0.0,0.0,0.0
2004-07-01,0.0,0.0,0.0,0.0,0.0
2004-07-02,0.0,0.0,0.0,0.0,0.0
2004-07-03,0.0,0.0,0.0,0.0,0.0
2004-07-04,0.0,0.0,0.0,0.0,0.0
2004-07-05,0.0,0.0,0.0,0.0,0.0
2004-07-06,0.0,0.0,0.0,0.0,0.0
2004-07-07,0.0,0.0,0.0,0.0,0.0
2004-07-08,0.0,0.0,0.0,0.0,0.0
2004-07-09,0.0,0.0,0.0,0.0,0.0
2004-07-10,0.0,0.0,0.0,0.0,0.0
2004-07-11,0.0,0.0,0.0,0.0,0.0
2004-07-12,0.0,0.0,0.0,0.0,0.0
2004-07-13,0.0,0.0,0.0,0.0,0.0
2004-07-14,0.0,0.0,0.0,0.0,0.0
2004-07-15,0.0,0.0,0.0,0.0,0.0
2004-07-16,0.0,0.0,0.0,0.0,0.0
2004-07-17,0.0,0.0,0.0,0.0,0.0
2004-07-18,0.0,0.0,0.0,0.0,0.0
2004-07-19,0.0,0.0,0.0,0.0,0.0
2004-07-20,0.0,0.0,0.0,0.0,0.0
2004-07-21,0.0,0.0,0.0,0.0,0.0
2004-07-22,0.0,0.0,0.0,0.0,0.0
2004-07-23,0.0,0.0,0.0,0.0,0.0
2004-07-24,0.0,0.0,0.0,0.0,0.0
2004-07-25,0.0,0.0,0.0,0.0,0.0
2004-07-26,0.0,0.0,0.0,0.0,0.0
2004-07-27,0.0,0.0,0.0,0.0,0.0
2004-07-28,0.0,0.0,0.0,0.0,0.0
2004-07-29,0.0,0.0,0.0,0.0,0.0
2004-07-30,0.0,0.0,0.0,0.0,0.0
2004-07-31,0.0,0.0,0.0,0.0,0.0
2004-08-01,0.0,0.0,0.0,0.0,0.0
2004-08-02,0.0,0.0,0.0,0.0,0.0
2004-08-03,0.0,0.0,0.0,0.0,0.0
2004-08-04,0.0,0.0,0.0,0.0,0.0
2004-08-05,0.0,0.0,0.0,0.0,0.0
2004-08-06,0.0,0.0,0.0,0.0,0.0
2004-08-07,0.0,0.0,0.0,0.0,0.0
2004-08-08,0.0,0.0,0.0,0.0,0.0
2004-08-09,0.0,0.0,0.0,0.0,0.0
2004-08-10,0.0,0.0,0.0,0.0,0.0
2004-08-11,0.0,0.0,0.0,0.0,0.0
2004-08-12,0.0,0.0,0.0,0.0,0.0
2004-08-13,0.0,0.0,0.0,0.0,0.0
2004-08-14,0.0,0.0,0.0,0.0,0.0
2004-08-15,0.0,0.0,0.0,0.0,0.0
2004-08-16,0.0,0.0,0.0,0.0,0.0
2004-08-17,0.0,0.0,0.0,0.0,0.0
2004-08-18,0.0,0.0,0.0,0.0,0.0
2004-08-19,0.0,0.0,0.0,0.0,0.0
2004-08-20,0.0,0.0,0.0,0.0,0.0
2004-08-21,0.0,0.0,0.0,0.0,0.0
2004-08-22,0.0,0.0,0.0,0.0,0.0
2004-08-23,0.0,0.0,0.0,0.0,0.0
2004-08-24,0.0,0.0,0.0,0.0,0.0
2004-08-25,0.0,0.0,0.0,0.0,0.0
2004-08-26,0.0,0.0,0.0,0.0,0.0
2004-08-27,0.0,0.0,0.0,0.0,0.0
2004-08-28,0.0,0.0,0.0,0.0,0.0
2004-08-29,0.0,0.0,0.0,0.0,0.0
2004-08-30,0.0,0.0,0.0,0.0,0.0
2004-08-31,0.0,0.0,0.0,0.0,0.0
2004-09-01,0.0,0.0,0.0,0.0,0.0
2004-09-02,0.0,0.0,0.0,0.0,0.0
2004-09-03,0.0,0.0,0.0,0.0,0.0
2004-09-04,0.0,0.0,0.0,0.0,0.0
2004-09-05,0.0,0.0,0.0,0.0,0.0
2004-09-06,0.0,0.0,0.0,0.0,0.0
2004-09-07,0.0,0.0,0.0,0.0,0.0
2004-09-08,0.0,0.0,0.0,0.0,0.0
2004-09-09,0.0,0.0,0.0,0.0,0.0
2004-09-10,0.0,0.0,0.0,0.0,0.0
2004-09-11,0.0,0.0,0.0,0.0,0.0
2004-09-12,0.0,0.0,0.0,0.0,0.0
2004-09-13,0.0,0.0,0.0,0.0,0.0
2004-09-14,0.0,0.0,0.0,0.0,0.0
2004-09-15,0.0,0.0,0.0,0.0,0.0
2004-09-16,0.0,0.0,0.0,0.0,0.0
2004-09-17,0.0,0.0,0.0,0.0,0.0
2004-09-18,0.0,0.0,0.0,0.0,0.0
2004-09-19,0.0,0.0,0.0,0.0,0.0
2004-09-20,0.0,0.0,0.0,0.0,0.0
2004-09-21,0.0,0.0,0.0,0.0,0.0
2004-09-22,0.0,0.0,0.0,0.0,0.0
2004-09-23,0.0,0.0,0.0,0.0,0.0
2004-09-24,0.0,0.0,0.0,0.0,0.0
2004-09-25,0.0,0.0,0.0,0.0,0.0
2004-09-26,0.0,0.0,0.0,0.0,0.0
2004-09-27,0.0,0.0,0.0,0.0,0.0
2004-09-28,0.0,0.0,0.0,0.0,0.0
2004-09-29,0.0,0.0,0.0,0.0,0.0
2004-09-30,0.0,0.0,0.0,0.0,0.0
2004-10-01,0.0,0.0,0.0,0.0,0.0
2004-10-02,0.0,0.0,0.0,0.0,0.0
2004-10-03,0.0,0.0,0.0,0.0,0.0
2004-10-04,0.0,0.0,0.0,0.0,0.0
2004-10-05,0.0,0.0,0.0,0.0,0.0
2004-10-06,0.0,0.0,0.0,0.0,0.0
2004-10-07,0.0,0.0,0.0,0.0,0.0
2004-10-08,0.0,0.0,0.0,0.0,0.0
2004-10-09,0.0,0.0,0.0,0.0,0.0
2004-10-10,0.0,0.0,0.0,0.0,0.0
2004-10-11,0.0,0.0,0.0,0.0,0.0
2004-10-12,0.0,0.0,0.0,0.0,0.0
2004-10-13,0.0,0.0,0.0,0.0,0.0
2004-10-14,0.0,0.0,0.0,0.0,0.0
2004-10-15,0.0,0.0,0.0,0.0,0.0
2004-10-16,0.0,0.0,0.0,0.0,0.0
2004-10-17,0.0,0.0,0.0,0.0,0.0
2004-10-18,0.0,0.0,0.0,0.0,0.0
2004-10-19,0.163,72.71,10.4,0.3,62.01
2004-10-20,0.099,42.91,11.56,0.02,31.33
2004-10-21,0.011,18.53,12.16,0.0,6.37
2004-10-22,0.002,13.49,12.58,0.0,0.89
2004-10-23,0.01,18.26,9.27,0.0,8.98
2004-10-24,0.011,16.28,11.65,0.0,4.63
2004-10-25,0.002,13.18,12.38,0.0,0.83
2004-10-26,0.219,173.3,10.32,2.35,160.63
2004-10-27,0.028,57.96,11.54,0.0,46.42
2004-10-28,0.013,13.96,11.92,0.0,2.03
2004-10-29,0.007,12.48,11.74,0.0,0.74
2004-10-30,0.004,12.06,11.38,0.0,0.7
2004-10-31,0.002,12.55,11.86,0.0,0.67
2004-11-01,0.002,12.99,12.21,0.0,0.72
2004-11-02,0.001,13.0,12.27,0.0,0.73
2004-11-03,0.013,28.13,6.16,0.04,21.93
2004-11-04,0.078,49.88,11.22,0.03,38.63
2004-11-05,0.016,17.03,11.92,0.0,5.11
2004-11-06,0.009,13.08,12.26,0.0,0.81
2004-11-07,0.005,12.89,12.18,0.0,0.71
2004-11-08,0.002,12.7,12.01,0.0,0.68
2004-11-09,0.001,12.97,12.29,0.0,0.66
2004-11-10,0.022,18.38,8.65,0.01,9.73
2004-11-11,0.17,51.73,9.81,0.16,41.76
2004-11-12,0.088,35.81,11.51,0.0,24.3
2004-11-13,0.037,12.93,11.25,0.0,1.68
2004-11-14,0.033,12.23,11.45,0.0,0.78
2004-11-15,0.025,12.2,11.45,0.0,0.75
2004-11-16,0.014,11.29,10.59,0.0,0.71
2004-11-17,0.015,11.36,10.6,0.0,0.75
2004-11-18,0.012,11.22,10.49,0.0,0.74
2004-11-19,0.008,10.68,9.96,0.0,0.71
2004-11-20,0.004,10.43,9.77,0.0,0.68
2004-11-21,0.001,11.7,11.26,0.0,0.53
2004-11-22,0.001,12.45,11.89,0.0,0.7
2004-11-23,0.0,12.63,11.84,0.0,0.71
2004-11-24,0.0,12.86,11.99,0.0,0.72
2004-11-25,0.0,12.69,12.19,0.0,0.74
2004-11-26,0.0,13.43,12.46,0.0,0.74
2004-11-27,0.081,82.22,9.85,0.1,72.28
2004-11-28,0.017,31.75,11.35,0.0,20.41
2004-11-29,0.004,12.59,10.93,0.0,1.64
2004-11-30,0.003,10.38,9.65,0.0,0.73
2004-12-01,0.002,9.59,8.94,0.0,0.7
2004-12-02,0.001,10.36,9.8,0.0,0.68
2004-12-03,0.0,12.09,11.43,0.0,0.69
2004-12-04,0.0,12.22,11.62,0.0,0.72
2004-12-05,0.0,12.4,11.83,0.0,0.72
2004-12-06,0.005,8.87,2.1,0.02,6.77
2004-12-07,0.116,61.68,10.19,0.08,51.41
2004-12-08,0.274,65.68,10.05,0.76,54.86
2004-12-09,0.123,20.94,10.68,0.0,10.25
2004-12-10,0.094,11.9,10.78,0.0,1.12
2004-12-11,0.085,11.67,10.83,0.0,0.84
2004-12-12,0.077,11.62,10.79,0.0,0.82
2004-12-13,0.069,11.53,10.71,0.0,0.81
2004-12-14,0.062,11.45,10.65,0.0,0.8
2004-12-15,0.054,11.37,10.57,0.0,0.79
2004-12-16,0.048,11.25,10.47,0.0,0.78
2004-12-17,0.041,11.18,10.4,0.0,0.78
2004-12-18,0.037,11.04,10.27,0.0,0.77
2004-12-19,0.032,10.86,10.1,0.0,0.76
2004-12-20,0.028,10.65,9.89,0.0,0.76
2004-12-21,0.022,10.49,9.74,0.0,0.75
2004-12-22,0.014,9.98,9.27,0.0,0.72
2004-12-23,0.013,9.57,8.82,0.0,0.75
2004-12-24,0.012,9.33,8.59,0.0,0.75
2004-12-25,0.01,9.07,8.33,0.0,0.74
2004-12-26,0.008,9.1,8.39,0.0,0.72
2004-12-27,0.125,57.76,9.28,0.11,48.36
2004-12-28,0.225,50.6,10.35,0.16,40.1
2004-12-29,0.19,28.35,10.31,0.03,18.01
2004-12-30,0.353,51.98,9.84,2.94,39.2
2004-12-31,0.551,42.89,10.59,6.19,26.12
2005-01-01,0.668,23.01,10.82,3.14,9.06
2005-01-02,0.929,33.6,10.51,8.75,14.34
2005-01-03,1.312,19.61,10.74,3.59,5.28
2005-01-04,1.297,13.6,10.86,1.18,1.57
2005-01-05,1.182,12.91,10.89,0.86,1.16
2005-01-06,1.062,12.85,10.93,0.79,1.14
2005-01-07,1.234,23.53,10.73,5.49,7.3
2005-01-08,1.51,18.16,10.85,3.15,4.15
2005-01-09,1.688,15.1,11.16,1.7,2.24
2005-01-10,1.623,17.47,11.14,2.74,3.6
2005-01-11,2.257,43.38,11.62,13.71,18.04
2005-01-12,2.232,17.06,11.96,2.2,2.9
2005-01-13,1.95,13.91,11.76,0.93,1.22
2005-01-14,1.733,13.6,11.59,0.87,1.14
2005-01-15,1.533,13.56,11.55,0.86,1.14
2005-01-16,1.338,13.58,11.58,0.86,1.14
2005-01-17,1.188,13.6,11.6,0.86,1.14
2005-01-18,1.054,13.65,11.65,0.86,1.14
2005-01-19,0.926,13.65,11.68,0.83,1.14
2005-01-20,0.824,13.62,11.71,0.78,1.14
2005-01-21,0.731,13.54,11.74,0.66,1.14
2005-01-22,0.645,13.31,11.77,0.4,1.14
2005-01-23,0.564,13.05,11.8,0.11,1.14
2005-01-24,0.49,12.99,11.82,0.03,1.14
2005-01-25,0.486,12.98,11.82,0.02,1.14
2005-01-26,0.625,33.35,11.36,4.81,17.17
2005-01-27,0.642,15.93,11.57,0.89,3.46
2005-01-28,0.873,34.9,11.08,7.52,16.3
2005-01-29,0.957,16.9,11.48,2.04,3.38
2005-01-30,0.856,13.64,11.55,0.83,1.26
2005-01-31,0.762,13.44,11.6,0.7,1.14
2005-02-01,0.649,13.24,11.64,0.47,1.14
2005-02-02,0.56,12.94,11.63,0.17,1.14
2005-02-03,0.494,12.86,11.68,0.04,1.14
2005-02-04,0.433,12.88,11.73,0.02,1.14
2005-02-05,0.373,12.98,11.84,0.01,1.13
2005-02-06,0.317,13.04,11.91,0.01,1.12
2005-02-07,0.274,12.94,11.84,0.0,1.09
2005-02-08,0.247,13.01,11.93,0.0,1.07
2005-02-09,0.209,12.94,11.91,0.0,1.03
2005-02-10,0.188,12.95,11.94,0.0,1.01
2005-02-11,0.16,12.98,12.01,0.0,0.97
2005-02-12,0.141,12.92,11.99,0.0,0.93
2005-02-13,0.133,12.88,11.96,0.0,0.91
2005-02-14,0.12,13.46,12.0,0.0,1.46
2005-02-15,0.391,53.7,10.35,7.92,35.44
2005-02-16,1.079,47.98,10.96,13.12,23.9
2005-02-17,1.096,16.08,11.2,1.9,2.98
2005-02-18,1.203,30.33,11.0,8.32,11.01
2005-02-19,1.27,22.19,11.11,4.78,6.3
2005-02-20,1.363,17.35,11.2,2.66,3.5
2005-02-21,1.568,32.78,11.0,9.4,12.37
2005-02-22,1.653,17.55,11.32,2.69,3.54
2005-02-23,1.442,13.5,11.26,0.97,1.27
2005-02-24,1.246,13.29,11.29,0.85,1.14
2005-02-25,1.08,13.28,11.33,0.81,1.14
2005-02-26,0.92,13.26,11.36,0.77,1.14
2005-02-27,0.841,20.1,11.25,3.32,5.53
2005-02-28,1.067,35.79,11.31,9.6,14.88
2005-03-01,1.04,19.8,11.44,3.38,4.98
2005-03-02,1.306,34.41,11.51,9.87,13.04
2005-03-03,1.204,14.85,11.72,1.35,1.78
2005-03-04,1.309,22.17,11.57,4.58,6.02
2005-03-05,1.24,15.92,11.75,1.8,2.37
2005-03-06,1.025,13.81,11.72,0.88,1.21
2005-03-07,0.873,13.64,11.73,0.77,1.14
2005-03-08,0.737,13.53,11.79,0.6,1.14
2005-03-09,0.617,13.38,11.86,0.38,1.14
2005-03-10,0.516,13.2,11.94,0.12,1.14
2005-03-11,0.437,13.14,11.98,0.03,1.13
2005-03-12,0.369,13.16,12.02,0.01,1.13
2005-03-13,0.31,13.12,12.01,0.01,1.11
2005-03-14,0.248,13.23,12.15,0.0,1.08
2005-03-15,0.207,13.14,12.11,0.0,1.03
2005-03-16,0.169,13.25,12.24,0.0,1.0
2005-03-17,0.127,13.14,12.22,0.0,0.92
2005-03-18,0.115,12.9,12.01,0.0,0.89
2005-03-19,0.177,27.61,11.19,0.04,16.39
2005-03-20,0.204,16.4,11.25,0.01,5.14
2005-03-21,0.215,16.34,10.76,0.13,5.45
2005-03-22,0.698,38.78,10.27,6.29,22.22
2005-03-23,0.904,16.96,10.78,2.02,4.16
2005-03-24,0.823,13.1,10.98,0.77,1.35
2005-03-25,0.684,12.71,11.03,0.53,1.15
2005-03-26,0.619,12.56,10.98,0.44,1.14
2005-03-27,0.569,13.12,10.94,0.55,1.63
2005-03-28,0.532,14.91,10.94,0.88,3.08
2005-03-29,0.494,12.53,11.07,0.17,1.29
2005-03-30,0.417,12.39,11.18,0.06,1.14
2005-03-31,0.352,12.33,11.19,0.01,1.12
2005-04-01,0.338,12.15,11.01,0.01,1.12
2005-04-02,0.266,12.37,11.26,0.01,1.1
2005-04-03,0.277,23.83,10.67,0.12,13.05
2005-04-04,0.356,24.57,10.87,0.25,13.45
2005-04-05,0.3,13.15,10.96,0.01,2.18
2005-04-06,0.247,12.19,11.04,0.0,1.14
2005-04-07,0.19,12.04,11.01,0.0,1.03
2005-04-08,0.244,24.21,10.63,0.09,13.49
2005-04-09,0.227,14.36,11.04,0.0,3.32
2005-04-10,0.186,12.26,11.15,0.0,1.11
2005-04-11,0.15,12.15,11.19,0.0,0.96
2005-04-12,0.122,12.13,11.22,0.0,0.91
2005-04-13,0.097,12.0,11.13,0.0,0.87
2005-04-14,0.076,11.83,11.0,0.0,0.83
2005-04-15,0.057,11.59,10.79,0.0,0.8
2005-04-16,0.039,11.18,10.41,0.0,0.77
2005-04-17,0.024,10.5,9.75,0.0,0.74
2005-04-18,0.012,9.93,9.22,0.0,0.71
2005-04-19,0.004,8.54,7.96,0.0,0.61
2005-04-20,0.0,8.59,8.39,0.0,0.15
2005-04-21,0.0,5.79,9.7,0.0,0.03
2005-04-22,0.0,0.0,0.0,0.0,0.0
2005-04-23,0.0,0.0,0.0,0.0,0.0
2005-04-24,0.0,0.0,0.0,0.0,0.0
2005-04-25,0.0,0.0,0.0,0.0,0.0
2005-04-26,0.0,0.0,0.0,0.0,0.0
2005-04-27,0.0,0.0,0.0,0.0,0.0
2005-04-28,0.014,29.55,11.6,0.37,17.57
2005-04-29,0.002,16.84,12.14,0.0,4.75
2005-04-30,0.0,12.73,11.99,0.0,0.78
2005-05-01,0.0,15.43,12.78,0.0,0.45
2005-05-02,0.0,11.57,15.15,0.0,0.65
2005-05-03,0.0,0.0,0.0,0.0,0.0
2005-05-04,0.009,19.11,7.07,0.02,12.01
2005-05-05,0.041,25.78,11.19,0.01,14.59
2005-05-06,0.004,14.82,11.55,0.0,3.26
2005-05-07,0.0,12.36,11.68,0.0,0.62
2005-05-08,0.038,26.79,8.79,0.01,17.99
2005-05-09,0.047,28.67,10.98,0.01,17.69
2005-05-10,0.007,14.08,11.5,0.0,2.58
2005-05-11,0.001,12.17,11.57,0.0,0.58
2005-05-12,0.0,11.57,11.17,0.0,0.64
2005-05-13,0.0,12.43,11.67,0.0,0.72
2005-05-14,0.0,12.1,11.06,0.0,0.68
2005-05-15,0.0,11.57,11.34,0.0,0.73
2005-05-16,0.0,12.46,11.73,0.0,0.72
2005-05-17,0.0,12.73,12.22,0.0,0.78
2005-05-18,0.004,23.15,5.43,0.02,17.7
2005-05-19,0.021,21.11,9.56,0.0,11.54
2005-05-20,0.002,13.51,10.79,0.0,2.73
2005-05-21,0.0,10.78,10.39,0.0,0.57
2005-05-22,0.0,11.57,10.64,0.0,0.65
2005-05-23,0.0,7.72,9.19,0.0,0.66
2005-05-24,0.0,9.26,7.5,0.0,0.57
2005-05-25,0.0,5.79,9.11,0.0,0.77
2005-05-26,0.0,11.57,8.32,0.0,0.78
2005-05-27,0.0,0.0,3.73,0.0,0.36
2005-05-28,0.0,0.0,0.0,0.0,0.0
2005-05-29,0.0,0.0,0.0,0.0,0.0
2005-05-30,0.0,0.0,0.0,0.0,0.0
2005-05-31,0.0,0.0,0.0,0.0,0.0
2005-06-01,0.0,0.0,0.0,0.0,0.0
2005-06-02,0.0,0.0,0.0,0.0,0.0
2005-06-03,0.0,0.0,0.0,0.0,0.0
2005-06-04,0.0,0.0,0.0,0.0,0.0
2005-06-05,0.0,0.0,0.0,0.0,0.0
2005-06-06,0.0,0.0,0.0,0.0,0.0
2005-06-07,0.0,0.0,0.0,0.0,0.0
2005-06-08,0.0,0.0,0.0,0.0,0.0
2005-06-09,0.018,27.09,11.67,0.09,15.32
2005-06-10,0.002,16.58,12.86,0.0,3.65
2005-06-11,0.0,13.35,13.76,0.0,0.66
2005-06-12,0.0,11.57,9.93,0.0,0.24
2005-06-13,0.0,0.0,0.0,0.0,0.0
2005-06-14,0.0,0.0,0.0,0.0,0.0
2005-06-15,0.0,0.0,0.0,0.0,0.0
2005-06-16,0.0,0.0,0.0,0.0,0.0
2005-06-17,0.0,0.0,0.0,0.0,0.0
2005-06-18,0.0,0.0,0.0,0.0,0.0
2005-06-19,0.0,0.0,0.0,0.0,0.0
2005-06-20,0.0,0.0,0.0,0.0,0.0
2005-06-21,0.0,0.0,0.0,0.0,0.0
2005-06-22,0.0,0.0,0.0,0.0,0.0
2005-06-23,0.0,0.0,0.0,0.0,0.0
2005-06-24,0.0,0.0,0.0,0.0,0.0
2005-06-25,0.0,0.0,0.0,0.0,0.0
2005-06-26,0.0,0.0,0.0,0.0,0.0
2005-06-27,0.0,0.0,0.0,0.0,0.0
2005-06-28,0.0,0.0,0.0,0.0,0.0
2005-06-29,0.0,0.0,0.0,0.0,0.0
2005-06-30,0.0,0.0,0.0,0.0,0.0
2005-07-01,0.0,0.0,0.0,0.0,0.0
2005-07-02,0.0,0.0,0.0,0.0,0.0
2005-07-03,0.0,0.0,0.0,0.0,0.0
2005-07-04,0.0,0.0,0.0,0.0,0.0
2005-07-05,0.0,0.0,0.0,0.0,0.0
2005-07-06,0.0,0.0,0.0,0.0,0.0
2005-07-07,0.0,0.0,0.0,0.0,0.0
2005-07-08,0.0,0.0,0.0,0.0,0.0
2005-07-09,0.0,0.0,0.0,0.0,0.0
2005-07-10,0.0,0.0,0.0,0.0,0.0
2005-07-11,0.0,0.0,0.0,0.0,0.0
2005-07-12,0.0,0.0,0.0,0.0,0.0
2005-07-13,0.0,0.0,0.0,0.0,0.0
2005-07-14,0.0,0.0,0.0,0.0,0.0
2005-07-15,0.0,0.0,0.0,0.0,0.0
2005-07-16,0.0,0.0,0.0,0.0,0.0
2005-07-17,0.0,0.0,0.0,0.0,0.0
2005-07-18,0.0,0.0,0.0,0.0,0.0
2005-07-19,0.0,0.0,0.0,0.0,0.0
2005-07-20,0.0,0.0,0.0,0.0,0.0
2005-07-21,0.0,0.0,0.0,0.0,0.0
2005-07-22,0.0,0.0,0.0,0.0,0.0
2005-07-23,0.0,0.0,0.0,0.0,0.0
2005-07-24,0.0,0.0,0.0,0.0,0.0
2005-07-25,0.0,0.0,0.0,0.0,0.0
2005-07-26,0.0,0.0,0.0,0.0,0.0
2005-07-27,0.0,0.0,0.0,0.0,0.0
2005-07-28,0.0,0.0,0.0,0.0,0.0
2005-07-29,0.0,0.0,0.0,0.0,0.0
2005-07-30,0.0,0.0,0.0,0.0,0.0
2005-07-31,0.0,0.0,0.0,0.0,0.0
2005-08-01,0.0,0.0,0.0,0.0,0.0
2005-08-02,0.0,0.0,0.0,0.0,0.0
2005-08-03,0.0,0.0,0.0,0.0,0.0
2005-08-04,0.0,0.0,0.0,0.0,0.0
2005-08-05,0.0,0.0,0.0,0.0,0.0
2005-08-06,0.0,0.0,0.0,0.0,0.0
2005-08-07,0.0,0.0,0.0,0.0,0.0
2005-08-08,0.0,0.0,0.0,0.0,0.0
2005-08-09,0.0,0.0,0.0,0.0,0.0
2005-08-10,0.0,0.0,0.0,0.0,0.0
2005-08-11,0.0,0.0,0.0,0.0,0.0
2005-08-12,0.0,0.0,0.0,0.0,0.0
2005-08-13,0.0,0.0,0.0,0.0,0.0
2005-08-14,0.0,0.0,0.0,0.0,0.0
2005-08-15,0.0,0.0,0.0,0.0,0.0
2005-08-16,0.0,0.0,0.0,0.0,0.0
2005-08-17,0.0,0.0,0.0,0.0,0.0
2005-08-18,0.0,0.0,0.0,0.0,0.0
2005-08-19,0.0,0.0,0.0,0.0,0.0
2005-08-20,0.0,0.0,0.0,0.0,0.0
2005-08-21,0.0,0.0,0.0,0.0,0.0
2005-08-22,0.0,0.0,0.0,0.0,0.0
2005-08-23,0.0,0.0,0.0,0.0,0.0
2005-08-24,0.0,0.0,0.0,0.0,0.0
2005-08-25,0.0,0.0,0.0,0.0,0.0
2005-08-26,0.0,0.0,0.0,0.0,0.0
2005-08-27,0.0,0.0,0.0,0.0,0.0
2005-08-28,0.0,0.0,0.0,0.0,0.0
2005-08-29,0.0,0.0,0.0,0.0,0.0
2005-08-30,0.0,0.0,0.0,0.0,0.0
2005-08-31,0.0,0.0,0.0,0.0,0.0
2005-09-01,0.0,0.0,0.0,0.0,0.0
2005-09-02,0.0,0.0,0.0,0.0,0.0
2005-09-03,0.0,0.0,0.0,0.0,0.0
2005-09-04,0.0,0.0,0.0,0.0,0.0
2005-09-05,0.0,0.0,0.0,0.0,0.0
2005-09-06,0.0,0.0,0.0,0.0,0.0
2005-09-07,0.0,0.0,0.0,0.0,0.0
2005-09-08,0.0,0.0,0.0,0.0,0.0
2005-09-09,0.0,0.0,0.0,0.0,0.0
2005-09-10,0.0,0.0,0.0,0.0,0.0
2005-09-11,0.0,0.0,0.0,0.0,0.0
2005-09-12,0.0,0.0,0.0,0.0,0.0
2005-09-13,0.0,0.0,0.0,0.0,0.0
2005-09-14,0.0,0.0,0.0,0.0,0.0
2005-09-15,0.0,0.0,0.0,0.0,0.0
2005-09-16,0.0,0.0,0.0,0.0,0.0
2005-09-17,0.0,0.0,0.0,0.0,0.0
2005-09-18,0.0,0.0,0.0,0.0,0.0
2005-09-19,0.0,0.0,0.0,0.0,0.0
2005-09-20,0.0,0.0,0.0,0.0,0.0
2005-09-21,0.0,0.0,0.0,0.0,0.0
2005-09-22,0.0,0.0,0.0,0.0,0.0
2005-09-23,0.0,0.0,0.0,0.0,0.0
2005-09-24,0.0,0.0,0.0,0.0,0.0
2005-09-25,0.0,0.0,0.0,0.0,0.0
2005-09-26,0.0,0.0,0.0,0.0,0.0
2005-09-27,0.0,0.0,0.0,0.0,0.0
2005-09-28,0.0,0.0,0.0,0.0,0.0
2005-09-29,0.0,0.0,0.0,0.0,0.0
2005-09-30,0.0,0.0,0.0,0.0,0.0
2005-10-01,0.0,0.0,0.0,0.0,0.0
2005-10-02,0.0,0.0,0.0,0.0,0.0
2005-10-03,0.0,0.0,0.0,0.0,0.0
2005-10-04,0.0,0.0,0.0,0.0,0.0
2005-10-05,0.0,0.0,0.0,0.0,0.0
2005-10-06,0.0,0.0,0.0,0.0,0.0
2005-10-07,0.0,0.0,0.0,0.0,0.0
2005-10-08,0.0,0.0,0.0,0.0,0.0
2005-10-09,0.0,0.0,0.0,0.0,0.0
2005-10-10,0.0,0.0,0.0,0.0,0.0
2005-10-11,0.0,0.0,0.0,0.0,0.0
2005-10-12,0.0,0.0,0.0,0.0,0.0
2005-10-13,0.0,0.0,0.0,0.0,0.0
2005-10-14,0.0,0.0,0.0,0.0,0.0
2005-10-15,0.059,94.2,11.24,5.73,77.23
2005-10-16,0.005,29.63,11.67,0.0,17.97
2005-10-17,0.0,14.04,11.41,0.0,2.53
2005-10-18,0.0,12.73,11.95,0.0,0.67
2005-10-19,0.0,13.02,12.62,0.0,0.76
2005-10-20,0.0,13.23,12.66,0.0,0.75
2005-10-21,0.0,13.89,14.24,0.0,0.85
2005-10-22,0.0,13.89,12.75,0.0,0.76
2005-10-23,0.0,11.57,10.53,0.0,0.63
2005-10-24,0.0,15.43,14.29,0.0,0.84
2005-10-25,0.0,11.57,10.19,0.0,0.61
2005-10-26,0.0,11.57,11.28,0.0,0.68
2005-10-27,0.0,17.36,12.81,0.0,0.78
2005-10-28,0.0,0.0,0.0,0.0,0.0
2005-10-29,0.0,0.0,0.0,0.0,0.0
2005-10-30,0.0,0.0,0.0,0.0,0.0
2005-10-31,0.0,0.0,0.0,0.0,0.0
2005-11-01,0.0,0.0,0.0,0.0,0.0
2005-11-02,0.0,0.0,0.0,0.0,0.0
2005-11-03,0.001,13.83,4.74,2.56,6.53
2005-11-04,0.012,18.04,8.6,0.0,9.43
2005-11-05,0.001,11.48,9.49,0.0,2.02
2005-11-06,0.0,10.29,10.01,0.0,0.41
2005-11-07,0.001,0.11,0.13,0.0,0.01
2005-11-08,0.063,44.18,9.87,0.05,34.26
2005-11-09,0.006,19.65,10.99,0.0,8.65
2005-11-10,0.001,11.77,10.54,0.0,1.3
2005-11-11,0.0,10.89,10.1,0.0,0.64
2005-11-12,0.0,10.75,9.95,0.0,0.7
2005-11-13,0.0,11.57,10.98,0.0,0.77
2005-11-14,0.0,11.57,9.95,0.0,0.7
2005-11-15,0.0,10.13,9.74,0.0,0.69
2005-11-16,0.0,13.5,12.08,0.0,0.87
2005-11-17,0.0,13.5,11.25,0.0,0.81
2005-11-18,0.0,11.57,11.0,0.0,0.79
2005-11-19,0.0,9.26,9.96,0.0,0.73
2005-11-20,0.0,9.26,8.61,0.0,0.64
2005-11-21,0.0,11.57,9.07,0.0,0.68
2005-11-22,0.0,7.72,10.18,0.0,0.78
2005-11-23,0.0,7.72,8.18,0.0,0.64
2005-11-24,0.0,11.57,8.7,0.0,0.68
2005-11-25,0.028,38.18,9.27,0.02,28.89
2005-11-26,0.007,22.04,10.75,0.0,11.28
2005-11-27,0.001,12.17,10.34,0.0,1.75
2005-11-28,0.016,60.7,8.99,0.06,51.65
2005-11-29,0.054,35.23,10.76,0.01,24.46
2005-11-30,0.007,16.59,11.31,0.0,5.29
2005-12-01,0.154,84.94,9.37,0.49,75.07
2005-12-02,0.099,58.15,10.81,0.01,47.33
2005-12-03,0.018,17.27,10.73,0.0,6.55
2005-12-04,0.007,11.08,10.19,0.0,0.87
2005-12-05,0.003,10.43,9.74,0.0,0.68
2005-12-06,0.003,10.02,9.29,0.0,0.73
2005-12-07,0.002,11.73,11.04,0.0,0.68
2005-12-08,0.001,12.06,11.34,0.0,0.72
2005-12-09,0.001,12.25,11.44,0.0,0.73
2005-12-10,0.001,12.08,11.41,0.0,0.72
2005-12-11,0.001,12.15,11.45,0.0,0.72
2005-12-12,0.001,12.41,11.65,0.0,0.73
2005-12-13,0.001,12.13,11.45,0.0,0.72
2005-12-14,0.001,12.43,11.57,0.0,0.72
2005-12-15,0.0,12.31,11.61,0.0,0.72
2005-12-16,0.0,12.4,11.48,0.0,0.71
2005-12-17,0.015,17.09,6.59,0.01,10.49
2005-12-18,0.537,206.9,10.15,54.96,141.79
2005-12-19,0.284,78.38,10.56,3.7,64.12
2005-12-20,0.169,15.96,10.56,0.0,5.4
2005-12-21,0.244,30.98,10.26,0.1,20.62
2005-12-22,0.429,79.91,10.11,13.25,56.55
2005-12-23,0.448,34.64,10.56,4.21,19.88
2005-12-24,0.375,12.78,10.53,0.02,2.23
2005-12-25,0.362,23.61,10.4,0.73,12.48
2005-12-26,0.712,81.58,10.29,17.53,53.76
2005-12-27,0.834,33.25,10.45,7.5,15.3
2005-12-28,1.278,62.88,10.27,22.03,30.58
2005-12-29,1.317,19.24,10.52,3.66,5.06
2005-12-30,1.276,32.4,10.16,9.5,12.74
2005-12-31,22.459,16360.12,24.41,7022.19,9313.47
2006-01-01,11.926,386.85,18.88,125.49,242.48
2006-01-02,12.119,436.92,18.48,160.35,258.09
2006-01-03,11.074,137.8,18.82,24.64,94.35
2006-01-04,7.98,35.89,16.5,1.4,18.0
2006-01-05,6.195,17.39,14.67,0.88,1.84
2006-01-06,5.112,15.61,13.58,0.86,1.17
2006-01-07,4.301,15.61,13.27,1.01,1.33
2006-01-08,3.644,15.08,13.04,0.88,1.16
2006-01-09,3.116,14.82,12.82,0.86,1.14
2006-01-10,2.7,14.62,12.62,0.86,1.14
2006-01-11,2.303,14.42,12.42,0.86,1.14
2006-01-12,1.979,14.28,12.28,0.86,1.14
2006-01-13,1.73,14.29,12.29,0.86,1.14
2006-01-14,1.808,26.25,12.03,6.14,8.08
2006-01-15,1.892,16.16,12.23,1.7,2.24
2006-01-16,1.646,14.41,12.3,0.91,1.2
2006-01-17,1.402,15.85,12.34,1.52,1.99
2006-01-18,1.638,46.68,11.95,15.0,19.73
2006-01-19,1.688,18.83,12.17,2.88,3.79
2006-01-20,1.458,14.51,12.25,0.98,1.29
2006-01-21,1.256,14.32,12.31,0.87,1.14
2006-01-22,1.032,14.41,12.41,0.86,1.14
2006-01-23,0.871,14.36,12.42,0.81,1.14
2006-01-24,0.747,14.27,12.48,0.66,1.14
2006-01-25,0.632,14.06,12.54,0.38,1.14
2006-01-26,0.512,13.94,12.63,0.17,1.14
2006-01-27,0.429,13.77,12.62,0.03,1.13
2006-01-28,0.421,13.73,12.54,0.02,1.17
2006-01-29,0.395,13.75,12.54,0.01,1.2
2006-01-30,0.412,25.95,12.01,0.12,13.82
2006-01-31,0.443,17.61,11.95,0.02,5.64
2006-02-01,0.409,13.25,11.86,0.01,1.37
2006-02-02,0.376,13.28,11.97,0.01,1.31
2006-02-03,0.301,13.18,12.03,0.0,1.15
2006-02-04,0.244,13.11,12.04,0.0,1.07
2006-02-05,0.203,13.06,12.04,0.0,1.03
2006-02-06,0.174,13.08,12.09,0.0,0.99
2006-02-07,0.147,13.06,12.11,0.0,0.94
2006-02-08,0.125,13.04,12.13,0.0,0.91
2006-02-09,0.102,13.04,12.17,0.0,0.87
2006-02-10,0.084,13.05,12.21,0.0,0.84
2006-02-11,0.07,13.02,12.2,0.0,0.82
2006-02-12,0.055,13.08,12.28,0.0,0.8
2006-02-13,0.042,13.11,12.33,0.0,0.78
2006-02-14,0.029,13.39,12.63,0.0,0.76
2006-02-15,0.013,13.01,12.33,0.0,0.69
2006-02-16,0.01,13.46,12.72,0.0,0.74
2006-02-17,0.005,14.18,8.75,0.0,5.43
2006-02-18,0.022,15.34,10.46,0.0,4.88
2006-02-19,0.048,14.21,10.71,0.0,3.5
2006-02-20,0.044,11.87,11.02,0.0,0.84
2006-02-21,0.036,11.82,11.05,0.0,0.77
2006-02-22,0.026,11.6,10.84,0.0,0.75
2006-02-23,0.018,11.16,10.42,0.0,0.74
2006-02-24,0.012,10.8,10.07,0.0,0.72
2006-02-25,0.007,10.58,9.87,0.0,0.7
2006-02-26,0.034,56.38,8.31,0.05,48.02
2006-02-27,0.418,65.7,9.33,8.6,47.77
2006-02-28,1.007,40.39,10.75,8.73,20.9
2006-03-01,1.01,15.37,11.1,1.55,2.72
2006-03-02,0.94,14.27,11.06,1.29,1.92
2006-03-03,0.976,20.1,11.05,3.74,5.31
2006-03-04,0.896,13.78,11.2,1.01,1.58
2006-03-05,0.89,25.59,10.84,5.93,8.82
2006-03-06,2.002,45.4,11.25,14.51,19.64
2006-03-07,2.242,17.66,11.88,2.49,3.3
2006-03-08,1.96,13.96,11.73,0.96,1.27
2006-03-09,1.591,13.51,11.5,0.87,1.14
2006-03-10,1.401,13.34,11.34,0.86,1.14
2006-03-11,1.25,13.44,11.43,0.86,1.14
2006-03-12,1.243,24.54,11.27,5.73,7.54
2006-03-13,1.338,15.77,11.26,1.94,2.56
2006-03-14,1.648,30.84,11.09,8.53,11.22
2006-03-15,1.688,15.21,11.46,1.62,2.13
2006-03-16,1.495,15.24,11.39,1.66,2.18
2006-03-17,1.496,19.39,11.33,3.48,4.58
2006-03-18,1.326,14.99,11.37,1.56,2.06
2006-03-19,1.103,13.41,11.36,0.86,1.19
2006-03-20,1.225,33.68,11.27,9.66,12.75
2006-03-21,1.333,19.37,11.63,3.34,4.4
2006-03-22,1.102,14.1,11.76,1.01,1.33
2006-03-23,0.987,13.79,11.77,0.87,1.15
2006-03-24,0.845,15.19,11.76,1.43,2.0
2006-03-25,1.684,62.98,11.1,22.38,29.5
2006-03-26,1.74,17.55,11.66,2.54,3.35
2006-03-27,1.511,20.68,11.49,3.97,5.22
2006-03-28,1.523,18.73,11.51,3.12,4.1
2006-03-29,1.697,27.59,11.34,7.02,9.24
2006-03-30,1.617,15.23,11.52,1.6,2.11
2006-03-31,1.447,27.8,11.33,7.11,9.36
2006-04-01,1.569,23.51,11.3,5.27,6.94
2006-04-02,1.436,17.79,11.31,2.8,3.68
2006-04-03,2.029,36.84,11.48,10.95,14.41
2006-04-04,3.298,52.36,12.3,17.3,22.76
2006-04-05,3.634,20.03,12.93,3.07,4.04
2006-04-06,3.007,15.04,12.71,1.01,1.32
2006-04-07,2.485,16.97,12.39,1.98,2.6
2006-04-08,2.267,16.57,12.2,1.88,2.48
2006-04-09,1.936,14.2,12.08,0.92,1.21
2006-04-10,1.613,14.01,12.01,0.87,1.14
2006-04-11,1.651,27.93,11.72,7.0,9.21
2006-04-12,2.429,32.74,11.94,8.98,11.82
2006-04-13,2.44,17.4,12.28,2.21,2.91
2006-04-14,2.143,14.22,12.06,0.93,1.23
2006-04-15,1.763,13.94,11.93,0.87,1.14
2006-04-16,1.791,30.68,11.59,8.24,10.85
2006-04-17,1.685,16.74,11.78,2.14,2.82
2006-04-18,1.353,13.9,11.72,0.94,1.24
2006-04-19,1.07,13.74,11.77,0.83,1.14
2006-04-20,0.854,13.64,11.81,0.7,1.14
2006-04-21,0.677,13.51,11.88,0.5,1.14
2006-04-22,0.533,13.33,11.97,0.22,1.14
2006-04-23,0.511,13.14,11.96,0.04,1.14
2006-04-24,0.403,13.37,12.21,0.02,1.13
2006-04-25,0.313,13.31,12.2,0.01,1.11
2006-04-26,0.235,13.42,12.35,0.0,1.07
2006-04-27,0.178,13.42,12.4,0.0,1.01
2006-04-28,0.133,13.46,12.51,0.0,0.95
2006-04-29,0.096,13.52,12.64,0.0,0.88
2006-04-30,0.065,13.69,12.86,0.0,0.82
2006-05-01,0.036,14.13,13.37,0.0,0.76
2006-05-02,0.014,15.07,14.37,0.0,0.7
2006-05-03,0.002,16.04,15.58,0.0,0.46
2006-05-04,0.0,16.2,15.89,0.0,0.1
2006-05-05,0.0,11.57,16.0,0.0,0.02
2006-05-06,0.0,0.0,0.0,0.0,0.0
2006-05-07,0.0,0.0,0.0,0.0,0.0
2006-05-08,0.0,0.0,0.0,0.0,0.0
2006-05-09,0.0,0.0,0.0,0.0,0.0
2006-05-10,0.0,0.0,0.0,0.0,0.0
2006-05-11,0.0,0.0,0.0,0.0,0.0
2006-05-12,0.0,0.0,0.0,0.0,0.0
2006-05-13,0.0,0.0,0.0,0.0,0.0
2006-05-14,0.0,0.0,0.0,0.0,0.0
2006-05-15,0.0,0.0,0.0,0.0,0.0
2006-05-16,0.0,0.0,0.0,0.0,0.0
2006-05-17,0.0,0.0,0.0,0.0,0.0
2006-05-18,0.0,0.0,0.0,0.0,0.0
2006-05-19,0.0,0.0,0.0,0.0,0.0
2006-05-20,0.0,0.0,0.0,0.0,0.0
2006-05-21,0.034,45.69,8.71,1.1,35.88
2006-05-22,0.047,35.97,11.72,0.01,24.24
2006-05-23,0.005,16.14,11.48,0.0,4.68
2006-05-24,0.001,12.15,11.45,0.0,0.79
2006-05-25,0.0,12.54,11.92,0.0,0.68
2006-05-26,0.0,13.02,11.86,0.0,0.71
2006-05-27,0.0,12.63,12.53,0.0,0.77
2006-05-28,0.0,14.15,12.02,0.0,0.73
2006-05-29,0.0,13.5,11.85,0.0,0.71
2006-05-30,0.0,8.68,9.5,0.0,0.56
2006-05-31,0.0,11.57,15.7,0.0,0.91
2006-06-01,0.0,0.0,0.0,0.0,0.0
2006-06-02,0.0,0.0,0.0,0.0,0.0
2006-06-03,0.0,0.0,0.0,0.0,0.0
2006-06-04,0.0,0.0,0.0,0.0,0.0
2006-06-05,0.0,0.0,0.0,0.0,0.0
2006-06-06,0.0,0.0,0.0,0.0,0.0
2006-06-07,0.0,0.0,0.0,0.0,0.0
2006-06-08,0.0,0.0,0.0,0.0,0.0
2006-06-09,0.0,0.0,0.0,0.0,0.0
2006-06-10,0.0,0.0,0.0,0.0,0.0
2006-06-11,0.0,0.0,0.0,0.0,0.0
2006-06-12,0.0,0.0,0.0,0.0,0.0
2006-06-13,0.0,0.0,0.0,0.0,0.0
2006-06-14,0.0,0.0,0.0,0.0,0.0
2006-06-15,0.0,0.0,0.0,0.0,0.0
2006-06-16,0.0,0.0,0.0,0.0,0.0
2006-06-17,0.0,0.0,0.0,0.0,0.0
2006-06-18,0.0,0.0,0.0,0.0,0.0
2006-06-19,0.0,0.0,0.0,0.0,0.0
2006-06-20,0.0,0.0,0.0,0.0,0.0
2006-06-21,0.0,0.0,0.0,0.0,0.0
2006-06-22,0.0,0.0,0.0,0.0,0.0
2006-06-23,0.0,0.0,0.0,0.0,0.0
2006-06-24,0.0,0.0,0.0,0.0,0.0
2006-06-25,0.0,0.0,0.0,0.0,0.0
2006-06-26,0.0,0.0,0.0,0.0,0.0
2006-06-27,0.0,0.0,0.0,0.0,0.0
2006-06-28,0.0,0.0,0.0,0.0,0.0
2006-06-29,0.0,0.0,0.0,0.0,0.0
2006-06-30,0.0,0.0,0.0,0.0,0.0
2006-07-01,0.0,0.0,0.0,0.0,0.0
2006-07-02,0.0,0.0,0.0,0.0,0.0
2006-07-03,0.0,0.0,0.0,0.0,0.0
2006-07-04,0.0,0.0,0.0,0.0,0.0
2006-07-05,0.0,0.0,0.0,0.0,0.0
2006-07-06,0.0,0.0,0.0,0.0,0.0
2006-07-07,0.0,0.0,0.0,0.0,0.0
2006-07-08,0.0,0.0,0.0,0.0,0.0
2006-07-09,0.0,0.0,0.0,0.0,0.0
2006-07-10,0.0,0.0,0.0,0.0,0.0
2006-07-11,0.0,0.0,0.0,0.0,0.0
2006-07-12,0.0,0.0,0.0,0.0,0.0
2006-07-13,0.0,0.0,0.0,0.0,0.0
2006-07-14,0.0,0.0,0.0,0.0,0.0
2006-07-15,0.0,0.0,0.0,0.0,0.0
2006-07-16,0.0,0.0,0.0,0.0,0.0
2006-07-17,0.0,0.0,0.0,0.0,0.0
2006-07-18,0.0,0.0,0.0,0.0,0.0
2006-07-19,0.0,0.0,0.0,0.0,0.0
2006-07-20,0.0,0.0,0.0,0.0,0.0
2006-07-21,0.0,0.0,0.0,0.0,0.0
2006-07-22,0.0,0.0,0.0,0.0,0.0
2006-07-23,0.0,0.0,0.0,0.0,0.0
2006-07-24,0.0,0.0,0.0,0.0,0.0
2006-07-25,0.0,0.0,0.0,0.0,0.0
2006-07-26,0.0,0.0,0.0,0.0,0.0
2006-07-27,0.0,0.0,0.0,0.0,0.0
2006-07-28,0.0,0.0,0.0,0.0,0.0
2006-07-29,0.0,0.0,0.0,0.0,0.0
2006-07-30,0.0,0.0,0.0,0.0,0.0
2006-07-31,0.0,0.0,0.0,0.0,0.0
2006-08-01,0.0,0.0,0.0,0.0,0.0
2006-08-02,0.0,0.0,0.0,0.0,0.0
2006-08-03,0.0,0.0,0.0,0.0,0.0
2006-08-04,0.0,0.0,0.0,0.0,0.0
2006-08-05,0.0,0.0,0.0,0.0,0.0
2006-08-06,0.0,0.0,0.0,0.0,0.0
2006-08-07,0.0,0.0,0.0,0.0,0.0
2006-08-08,0.0,0.0,0.0,0.0,0.0
2006-08-09,0.0,0.0,0.0,0.0,0.0
2006-08-10,0.0,0.0,0.0,0.0,0.0
2006-08-11,0.0,0.0,0.0,0.0,0.0
2006-08-12,0.0,0.0,0.0,0.0,0.0
2006-08-13,0.0,0.0,0.0,0.0,0.0
2006-08-14,0.0,0.0,0.0,0.0,0.0
2006-08-15,0.0,0.0,0.0,0.0,0.0
2006-08-16,0.0,0.0,0.0,0.0,0.0
2006-08-17,0.0,0.0,0.0,0.0,0.0
2006-08-18,0.0,0.0,0.0,0.0,0.0
2006-08-19,0.0,0.0,0.0,0.0,0.0
2006-08-20,0.0,0.0,0.0,0.0,0.0
2006-08-21,0.0,0.0,0.0,0.0,0.0
2006-08-22,0.0,0.0,0.0,0.0,0.0
2006-08-23,0.0,0.0,0.0,0.0,0.0
2006-08-24,0.0,0.0,0.0,0.0,0.0
2006-08-25,0.0,0.0,0.0,0.0,0.0
2006-08-26,0.0,0.0,0.0,0.0,0.0
2006-08-27,0.0,0.0,0.0,0.0,0.0
2006-08-28,0.0,0.0,0.0,0.0,0.0
2006-08-29,0.0,0.0,0.0,0.0,0.0
2006-08-30,0.0,0.0,0.0,0.0,0.0
2006-08-31,0.0,0.0,0.0,0.0,0.0
2006-09-01,0.0,0.0,0.0,0.0,0.0
2006-09-02,0.0,0.0,0.0,0.0,0.0
2006-09-03,0.0,0.0,0.0,0.0,0.0
2006-09-04,0.0,0.0,0.0,0.0,0.0
2006-09-05,0.0,0.0,0.0,0.0,0.0
2006-09-06,0.0,0.0,0.0,0.0,0.0
2006-09-07,0.0,0.0,0.0,0.0,0.0
2006-09-08,0.0,0.0,0.0,0.0,0.0
2006-09-09,0.0,0.0,0.0,0.0,0.0
2006-09-10,0.0,0.0,0.0,0.0,0.0
2006-09-11,0.0,0.0,0.0,0.0,0.0
2006-09-12,0.0,0.0,0.0,0.0,0.0
2006-09-13,0.0,0.0,0.0,0.0,0.0
2006-09-14,0.0,0.0,0.0,0.0,0.0
2006-09-15,0.0,0.0,0.0,0.0,0.0
2006-09-16,0.0,0.0,0.0,0.0,0.0
2006-09-17,0.0,0.0,0.0,0.0,0.0
2006-09-18,0.0,0.0,0.0,0.0,0.0
2006-09-19,0.0,0.0,0.0,0.0,0.0
2006-09-20,0.0,0.0,0.0,0.0,0.0
2006-09-21,0.0,0.0,0.0,0.0,0.0
2006-09-22,0.0,0.0,0.0,0.0,0.0
2006-09-23,0.0,0.0,0.0,0.0,0.0
2006-09-24,0.0,0.0,0.0,0.0,0.0
2006-09-25,0.0,0.0,0.0,0.0,0.0
2006-09-26,0.0,0.0,0.0,0.0,0.0
2006-09-27,0.0,0.0,0.0,0.0,0.0
2006-09-28,0.0,0.0,0.0,0.0,0.0
2006-09-29,0.0,0.0,0.0,0.0,0.0
2006-09-30,0.0,0.0,0.0,0.0,0.0
2006-10-01,0.0,0.0,0.0,0.0,0.0
2006-10-02,0.0,0.0,0.0,0.0,0.0
2006-10-03,0.0,0.0,0.0,0.0,0.0
2006-10-04,0.0,0.0,0.0,0.0,0.0
2006-10-05,0.0,0.0,0.0,0.0,0.0
2006-10-06,0.0,0.0,0.0,0.0,0.0
2006-10-07,0.0,0.0,0.0,0.0,0.0
2006-10-08,0.0,0.0,0.0,0.0,0.0
2006-10-09,0.0,0.0,0.0,0.0,0.0
2006-10-10,0.0,0.0,0.0,0.0,0.0
2006-10-11,0.0,0.0,0.0,0.0,0.0
2006-10-12,0.0,0.0,0.0,0.0,0.0
2006-10-13,0.0,0.0,0.0,0.0,0.0
2006-10-14,0.0,0.0,0.0,0.0,0.0
2006-10-15,0.0,0.0,0.0,0.0,0.0
2006-10-16,0.0,0.0,0.0,0.0,0.0
2006-10-17,0.0,0.0,0.0,0.0,0.0
2006-10-18,0.0,0.0,0.0,0.0,0.0
2006-10-19,0.0,0.0,0.0,0.0,0.0
2006-10-20,0.0,0.0,0.0,0.0,0.0
2006-10-21,0.0,0.0,0.0,0.0,0.0
2006-10-22,0.0,0.0,0.0,0.0,0.0
2006-10-23,0.0,0.0,0.0,0.0,0.0
2006-10-24,0.0,0.0,0.0,0.0,0.0
2006-10-25,0.0,0.0,0.0,0.0,0.0
2006-10-26,0.0,0.0,0.0,0.0,0.0
2006-10-27,0.0,0.0,0.0,0.0,0.0
2006-10-28,0.0,0.0,0.0,0.0,0.0
2006-10-29,0.0,0.0,0.0,0.0,0.0
2006-10-30,0.0,0.0,0.0,0.0,0.0
2006-10-31,0.0,0.0,0.0,0.0,0.0
2006-11-01,0.0,0.0,0.0,0.0,0.0
2006-11-02,0.04,69.16,9.08,0.07,60.0
2006-11-03,0.025,42.36,10.71,0.0,31.65
2006-11-04,0.002,15.59,10.72,0.0,4.9
2006-11-05,0.0,11.2,10.54,0.0,0.8
2006-11-06,0.0,12.54,11.33,0.0,0.71
2006-11-07,0.0,11.57,9.89,0.0,0.66
2006-11-08,0.0,13.23,12.28,0.0,0.81
2006-11-09,0.0,11.57,10.57,0.0,0.76
2006-11-10,0.0,11.57,10.71,0.0,0.74
2006-11-11,0.028,42.56,10.09,0.02,32.46
2006-11-12,0.005,21.37,11.34,0.0,10.03
2006-11-13,0.026,34.41,9.22,0.02,25.16
2006-11-14,0.031,27.72,11.34,0.0,16.38
2006-11-15,0.003,13.79,11.28,0.0,2.51
2006-11-16,0.001,11.97,11.24,0.0,0.64
2006-11-17,0.0,12.6,11.41,0.0,0.69
2006-11-18,0.0,12.4,11.53,0.0,0.73
2006-11-19,0.0,12.54,11.89,0.0,0.75
2006-11-20,0.0,12.68,12.03,0.0,0.76
2006-11-21,0.0,12.15,11.28,0.0,0.71
2006-11-22,0.0,12.25,11.66,0.0,0.73
2006-11-23,0.0,11.57,10.85,0.0,0.7
2006-11-24,0.0,11.57,11.14,0.0,0.71
2006-11-25,0.0,12.46,11.06,0.0,0.7
2006-11-26,0.013,39.01,8.87,0.02,30.13
2006-11-27,0.016,23.04,10.94,0.0,12.09
2006-11-28,0.002,13.67,11.62,0.0,2.13
2006-11-29,0.0,11.95,11.3,0.0,0.59
2006-11-30,0.0,11.57,11.0,0.0,0.67
2006-12-01,0.0,12.35,11.72,0.0,0.75
2006-12-02,0.0,11.57,11.42,0.0,0.72
2006-12-03,0.0,12.46,10.76,0.0,0.68
2006-12-04,0.0,11.57,11.6,0.0,0.74
2006-12-05,0.0,12.73,11.4,0.0,0.72
2006-12-06,0.0,12.86,11.41,0.0,0.73
2006-12-07,0.0,10.29,10.23,0.0,0.65
2006-12-08,0.004,24.64,4.41,0.06,20.16
2006-12-09,0.067,50.74,9.69,0.06,41.0
2006-12-10,0.12,66.97,10.67,0.08,56.21
2006-12-11,0.025,27.29,9.41,0.01,17.87
2006-12-12,0.163,60.2,10.63,0.09,49.48
2006-12-13,0.035,22.65,11.49,0.0,11.16
2006-12-14,0.018,12.65,11.66,0.0,1.0
2006-12-15,0.011,12.48,11.75,0.0,0.73
2006-12-16,0.005,12.17,11.49,0.0,0.68
2006-12-17,0.003,11.85,11.13,0.0,0.7
2006-12-18,0.004,10.99,10.26,0.0,0.74
2006-12-19,0.003,10.73,10.03,0.0,0.72
2006-12-20,0.002,11.73,11.01,0.0,0.68
2006-12-21,0.046,48.59,9.39,0.04,39.15
2006-12-22,0.048,32.26,10.39,0.01,21.86
2006-12-23,0.017,15.95,11.43,0.0,4.52
2006-12-24,0.004,11.64,10.84,0.0,0.77
2006-12-25,0.004,11.52,10.76,0.0,0.76
2006-12-26,0.031,46.78,8.68,0.05,38.04
2006-12-27,0.069,39.0,11.1,0.01,27.88
2006-12-28,0.011,15.89,11.2,0.0,4.68
2006-12-29,0.011,11.23,10.43,0.0,0.81
2006-12-30,0.011,11.05,10.3,0.0,0.74
2006-12-31,0.008,10.46,9.74,0.0,0.73
2007-01-01,0.006,10.23,9.5,0.0,0.72
2007-01-02,0.004,10.01,9.29,0.0,0.71
2007-01-03,0.003,9.54,8.82,0.0,0.7
2007-01-04,0.004,12.35,9.3,0.0,3.02
2007-01-05,0.001,12.18,10.86,0.0,1.25
2007-01-06,0.001,12.5,11.84,0.0,0.68
2007-01-07,0.0,13.1,12.4,0.0,0.74
2007-01-08,0.0,13.02,12.3,0.0,0.73
2007-01-09,0.0,12.86,12.16,0.0,0.72
2007-01-10,0.0,13.68,12.66,0.0,0.75
2007-01-11,0.0,13.4,12.25,0.0,0.72
2007-01-12,0.0,13.23,12.75,0.0,0.73
2007-01-13,0.0,13.68,13.11,0.0,0.77
2007-01-14,0.0,12.63,12.37,0.0,0.73
2007-01-15,0.0,14.15,13.16,0.0,0.77
2007-01-16,0.0,11.57,11.54,0.0,0.67
2007-01-17,0.0,15.43,14.59,0.0,0.84
2007-01-18,0.0,13.5,12.71,0.0,0.73
2007-01-19,0.0,11.57,12.25,0.0,0.69
2007-01-20,0.0,14.47,11.91,0.0,0.66
2007-01-21,0.0,17.36,15.37,0.0,0.8
2007-01-22,0.0,23.15,22.68,0.0,1.25
2007-01-23,0.0,11.57,19.81,0.0,1.06
2007-01-24,0.0,11.57,13.41,0.0,0.68
2007-01-25,0.0,0.0,0.0,0.0,0.0
2007-01-26,0.0,0.0,0.0,0.0,0.0
2007-01-27,0.0,0.0,0.0,0.0,0.0
2007-01-28,0.002,11.28,6.65,0.01,4.65
2007-01-29,0.0,8.27,7.3,0.0,1.16
2007-01-30,0.0,11.57,9.02,0.0,0.32
2007-01-31,0.0,0.0,0.0,0.0,0.0
2007-02-01,0.0,0.0,0.0,0.0,0.0
2007-02-02,0.0,0.0,0.0,0.0,0.0
2007-02-03,0.0,0.0,0.0,0.0,0.0
2007-02-04,0.0,0.0,0.0,0.0,0.0
2007-02-05,0.0,0.0,0.0,0.0,0.0
2007-02-06,0.0,0.0,0.0,0.0,0.0
2007-02-07,0.002,17.01,4.68,0.48,11.88
2007-02-08,0.056,42.71,9.27,0.03,33.41
2007-02-09,0.096,33.14,10.38,0.01,22.74
2007-02-10,0.179,45.14,9.83,0.12,35.18
2007-02-11,0.119,45.11,11.2,0.01,33.9
2007-02-12,0.036,13.9,11.03,0.0,2.87
2007-02-13,0.028,11.84,10.6,0.0,1.24
2007-02-14,0.026,11.63,10.84,0.0,0.79
2007-02-15,0.02,11.3,10.55,0.0,0.75
2007-02-16,0.015,10.83,10.09,0.0,0.74
2007-02-17,0.009,10.47,9.74,0.0,0.7
2007-02-18,0.006,9.49,8.77,0.0,0.72
2007-02-19,0.004,9.24,8.53,0.0,0.7
2007-02-20,0.001,10.64,9.93,0.0,0.66
2007-02-21,0.001,12.3,11.73,0.0,0.69
2007-02-22,0.061,50.48,10.12,0.03,40.33
2007-02-23,0.014,21.2,11.2,0.0,10.0
2007-02-24,0.006,18.91,6.99,0.04,11.86
2007-02-25,0.045,28.82,10.28,0.01,18.54
2007-02-26,0.071,38.5,9.8,0.04,28.67
2007-02-27,0.082,38.25,10.54,0.03,27.69
2007-02-28,0.047,24.37,10.7,0.0,13.68
2007-03-01,0.03,11.75,10.7,0.0,1.05
2007-03-02,0.025,11.33,10.57,0.0,0.76
2007-03-03,0.018,10.79,10.06,0.0,0.74
2007-03-04,0.012,10.0,9.27,0.0,0.72
2007-03-05,0.004,9.17,8.52,0.0,0.63
2007-03-06,0.005,8.5,7.74,0.0,0.76
2007-03-07,0.002,9.97,9.34,0.0,0.61
2007-03-08,0.001,9.72,8.97,0.0,0.73
2007-03-09,0.0,12.05,11.43,0.0,0.64
2007-03-10,0.0,12.63,12.17,0.0,0.7
2007-03-11,0.0,12.46,12.16,0.0,0.71
2007-03-12,0.0,13.31,12.55,0.0,0.73
2007-03-13,0.0,13.89,12.67,0.0,0.72
2007-03-14,0.0,13.68,12.99,0.0,0.74
2007-03-15,0.0,12.86,12.07,0.0,0.69
2007-03-16,0.0,13.5,13.73,0.0,0.77
2007-03-17,0.0,14.47,14.9,0.0,0.83
2007-03-18,0.0,11.57,10.03,0.0,0.54
2007-03-19,0.0,11.57,23.85,0.0,1.19
2007-03-20,0.0,0.0,0.0,0.0,0.0
2007-03-21,0.0,0.0,0.0,0.0,0.0
2007-03-22,0.0,0.0,0.0,0.0,0.0
2007-03-23,0.0,0.0,0.0,0.0,0.0
2007-03-24,0.0,0.0,0.0,0.0,0.0
2007-03-25,0.0,0.0,0.0,0.0,0.0
2007-03-26,0.0,0.0,0.0,0.0,0.0
2007-03-27,0.0,0.0,0.0,0.0,0.0
2007-03-28,0.0,0.0,0.0,0.0,0.0
2007-03-29,0.0,0.0,0.0,0.0,0.0
2007-03-30,0.0,0.0,0.0,0.0,0.0
2007-03-31,0.0,0.0,0.0,0.0,0.0
2007-04-01,0.0,0.0,0.0,0.0,0.0
2007-04-02,0.0,0.0,0.0,0.0,0.0
2007-04-03,0.0,0.0,0.0,0.0,0.0
2007-04-04,0.0,0.0,0.0,0.0,0.0
2007-04-05,0.0,0.0,0.0,0.0,0.0
2007-04-06,0.0,0.0,0.0,0.0,0.0
2007-04-07,0.0,0.0,0.0,0.0,0.0
2007-04-08,0.0,0.0,0.0,0.0,0.0
2007-04-09,0.0,0.0,0.0,0.0,0.0
2007-04-10,0.0,0.0,0.0,0.0,0.0
2007-04-11,0.001,22.85,15.13,0.04,7.71
2007-04-12,0.0,19.17,16.66,0.0,2.52
2007-04-13,0.0,17.36,18.71,0.0,0.47
2007-04-14,0.052,45.48,9.67,0.65,35.16
2007-04-15,0.031,36.47,11.57,0.0,24.9
2007-04-16,0.002,15.5,11.33,0.0,4.21
2007-04-17,0.0,11.9,11.16,0.0,0.73
2007-04-18,0.0,12.25,11.25,0.0,0.66
2007-04-19,0.0,11.57,10.85,0.0,0.7
2007-04-20,0.0,12.54,11.71,0.0,0.73
2007-04-21,0.006,15.22,5.29,0.02,9.9
2007-04-22,0.073,54.1,10.66,0.04,43.39
2007-04-23,0.006,21.4,11.44,0.0,9.95
2007-04-24,0.001,12.79,11.47,0.0,1.33
2007-04-25,0.0,12.3,11.75,0.0,0.7
2007-04-26,0.0,12.04,11.43,0.0,0.7
2007-04-27,0.0,12.15,11.32,0.0,0.7
2007-04-28,0.0,11.57,11.34,0.0,0.7
2007-04-29,0.0,12.63,12.93,0.0,0.8
2007-04-30,0.0,14.15,12.64,0.0,0.78
2007-05-01,0.0,13.5,12.43,0.0,0.77
2007-05-02,0.003,14.93,9.24,0.0,5.71
2007-05-03,0.001,12.22,10.43,0.0,1.72
2007-05-04,0.004,14.41,8.66,0.0,5.75
2007-05-05,0.001,12.33,10.86,0.0,1.46
2007-05-06,0.0,11.57,10.92,0.0,0.41
2007-05-07,0.0,11.57,10.44,0.0,0.53
2007-05-08,0.0,0.0,0.0,0.0,0.0
2007-05-09,0.0,0.0,0.0,0.0,0.0
2007-05-10,0.0,0.0,0.0,0.0,0.0
2007-05-11,0.0,0.0,0.0,0.0,0.0
2007-05-12,0.0,0.0,0.0,0.0,0.0
2007-05-13,0.0,0.0,0.0,0.0,0.0
2007-05-14,0.0,0.0,0.0,0.0,0.0
2007-05-15,0.0,0.0,0.0,0.0,0.0
2007-05-16,0.0,0.0,0.0,0.0,0.0
2007-05-17,0.0,0.0,0.0,0.0,0.0
2007-05-18,0.0,0.0,0.0,0.0,0.0
2007-05-19,0.0,0.0,0.0,0.0,0.0
2007-05-20,0.0,0.0,0.0,0.0,0.0
2007-05-21,0.0,0.0,0.0,0.0,0.0
2007-05-22,0.0,0.0,0.0,0.0,0.0
2007-05-23,0.0,0.0,0.0,0.0,0.0
2007-05-24,0.0,0.0,0.0,0.0,0.0
2007-05-25,0.0,0.0,0.0,0.0,0.0
2007-05-26,0.0,0.0,0.0,0.0,0.0
2007-05-27,0.0,0.0,0.0,0.0,0.0
2007-05-28,0.0,0.0,0.0,0.0,0.0
2007-05-29,0.0,0.0,0.0,0.0,0.0
2007-05-30,0.0,0.0,0.0,0.0,0.0
2007-05-31,0.0,0.0,0.0,0.0,0.0
2007-06-01,0.0,0.0,0.0,0.0,0.0
2007-06-02,0.0,0.0,0.0,0.0,0.0
2007-06-03,0.0,0.0,0.0,0.0,0.0
2007-06-04,0.0,0.0,0.0,0.0,0.0
2007-06-05,0.0,0.0,0.0,0.0,0.0
2007-06-06,0.0,0.0,0.0,0.0,0.0
2007-06-07,0.0,0.0,0.0,0.0,0.0
2007-06-08,0.0,0.0,0.0,0.0,0.0
2007-06-09,0.0,0.0,0.0,0.0,0.0
2007-06-10,0.0,0.0,0.0,0.0,0.0
2007-06-11,0.0,0.0,0.0,0.0,0.0
2007-06-12,0.0,0.0,0.0,0.0,0.0
2007-06-13,0.0,0.0,0.0,0.0,0.0
2007-06-14,0.0,0.0,0.0,0.0,0.0
2007-06-15,0.0,0.0,0.0,0.0,0.0
2007-06-16,0.0,0.0,0.0,0.0,0.0
2007-06-17,0.0,0.0,0.0,0.0,0.0
2007-06-18,0.0,0.0,0.0,0.0,0.0
2007-06-19,0.0,0.0,0.0,0.0,0.0
2007-06-20,0.0,0.0,0.0,0.0,0.0
2007-06-21,0.0,0.0,0.0,0.0,0.0
2007-06-22,0.0,0.0,0.0,0.0,0.0
2007-06-23,0.0,0.0,0.0,0.0,0.0
2007-06-24,0.0,0.0,0.0,0.0,0.0
2007-06-25,0.0,0.0,0.0,0.0,0.0
2007-06-26,0.0,0.0,0.0,0.0,0.0
2007-06-27,0.0,0.0,0.0,0.0,0.0
2007-06-28,0.0,0.0,0.0,0.0,0.0
2007-06-29,0.0,0.0,0.0,0.0,0.0
2007-06-30,0.0,0.0,0.0,0.0,0.0
2007-07-01,0.0,0.0,0.0,0.0,0.0
2007-07-02,0.0,0.0,0.0,0.0,0.0
2007-07-03,0.0,0.0,0.0,0.0,0.0
2007-07-04,0.0,0.0,0.0,0.0,0.0
2007-07-05,0.0,0.0,0.0,0.0,0.0
2007-07-06,0.0,0.0,0.0,0.0,0.0
2007-07-07,0.0,0.0,0.0,0.0,0.0
2007-07-08,0.0,0.0,0.0,0.0,0.0
2007-07-09,0.0,0.0,0.0,0.0,0.0
2007-07-10,0.0,0.0,0.0,0.0,0.0
2007-07-11,0.0,0.0,0.0,0.0,0.0
2007-07-12,0.0,0.0,0.0,0.0,0.0
2007-07-13,0.0,0.0,0.0,0.0,0.0
2007-07-14,0.0,0.0,0.0,0.0,0.0
2007-07-15,0.0,0.0,0.0,0.0,0.0
2007-07-16,0.0,0.0,0.0,0.0,0.0
2007-07-17,0.0,0.0,0.0,0.0,0.0
2007-07-18,0.0,0.0,0.0,0.0,0.0
2007-07-19,0.0,0.0,0.0,0.0,0.0
2007-07-20,0.0,0.0,0.0,0.0,0.0
2007-07-21,0.0,0.0,0.0,0.0,0.0
2007-07-22,0.0,0.0,0.0,0.0,0.0
2007-07-23,0.0,0.0,0.0,0.0,0.0
2007-07-24,0.0,0.0,0.0,0.0,0.0
2007-07-25,0.0,0.0,0.0,0.0,0.0
2007-07-26,0.0,0.0,0.0,0.0,0.0
2007-07-27,0.0,0.0,0.0,0.0,0.0
2007-07-28,0.0,0.0,0.0,0.0,0.0
2007-07-29,0.0,0.0,0.0,0.0,0.0
2007-07-30,0.0,0.0,0.0,0.0,0.0
2007-07-31,0.0,0.0,0.0,0.0,0.0
2007-08-01,0.0,0.0,0.0,0.0,0.0
2007-08-02,0.0,0.0,0.0,0.0,0.0
2007-08-03,0.0,0.0,0.0,0.0,0.0
2007-08-04,0.0,0.0,0.0,0.0,0.0
2007-08-05,0.0,0.0,0.0,0.0,0.0
2007-08-06,0.0,0.0,0.0,0.0,0.0
2007-08-07,0.0,0.0,0.0,0.0,0.0
2007-08-08,0.0,0.0,0.0,0.0,0.0
2007-08-09,0.0,0.0,0.0,0.0,0.0
2007-08-10,0.0,0.0,0.0,0.0,0.0
2007-08-11,0.0,0.0,0.0,0.0,0.0
2007-08-12,0.0,0.0,0.0,0.0,0.0
2007-08-13,0.0,0.0,0.0,0.0,0.0
2007-08-14,0.0,0.0,0.0,0.0,0.0
2007-08-15,0.0,0.0,0.0,0.0,0.0
2007-08-16,0.0,0.0,0.0,0.0,0.0
2007-08-17,0.0,0.0,0.0,0.0,0.0
2007-08-18,0.0,0.0,0.0,0.0,0.0
2007-08-19,0.0,0.0,0.0,0.0,0.0
2007-08-20,0.0,0.0,0.0,0.0,0.0
2007-08-21,0.0,0.0,0.0,0.0,0.0
2007-08-22,0.0,0.0,0.0,0.0,0.0
2007-08-23,0.0,0.0,0.0,0.0,0.0
2007-08-24,0.0,0.0,0.0,0.0,0.0
2007-08-25,0.0,0.0,0.0,0.0,0.0
2007-08-26,0.0,0.0,0.0,0.0,0.0
2007-08-27,0.0,0.0,0.0,0.0,0.0
2007-08-28,0.0,0.0,0.0,0.0,0.0
2007-08-29,0.0,0.0,0.0,0.0,0.0
2007-08-30,0.0,0.0,0.0,0.0,0.0
2007-08-31,0.0,0.0,0.0,0.0,0.0
2007-09-01,0.0,0.0,0.0,0.0,0.0
2007-09-02,0.0,0.0,0.0,0.0,0.0
2007-09-03,0.0,0.0,0.0,0.0,0.0
2007-09-04,0.0,0.0,0.0,0.0,0.0
2007-09-05,0.0,0.0,0.0,0.0,0.0
2007-09-06,0.0,0.0,0.0,0.0,0.0
2007-09-07,0.0,0.0,0.0,0.0,0.0
2007-09-08,0.0,0.0,0.0,0.0,0.0
2007-09-09,0.0,0.0,0.0,0.0,0.0
2007-09-10,0.0,0.0,0.0,0.0,0.0
2007-09-11,0.0,0.0,0.0,0.0,0.0
2007-09-12,0.0,0.0,0.0,0.0,0.0
2007-09-13,0.0,0.0,0.0,0.0,0.0
2007-09-14,0.0,0.0,0.0,0.0,0.0
2007-09-15,0.0,0.0,0.0,0.0,0.0
2007-09-16,0.0,0.0,0.0,0.0,0.0
2007-09-17,0.0,0.0,0.0,0.0,0.0
2007-09-18,0.0,0.0,0.0,0.0,0.0
2007-09-19,0.0,0.0,0.0,0.0,0.0
2007-09-20,0.0,0.0,0.0,0.0,0.0
2007-09-21,0.0,0.0,0.0,0.0,0.0
2007-09-22,0.0,0.0,0.0,0.0,0.0
2007-09-23,0.0,0.0,0.0,0.0,0.0
2007-09-24,0.0,0.0,0.0,0.0,0.0
2007-09-25,0.0,0.0,0.0,0.0,0.0
2007-09-26,0.0,0.0,0.0,0.0,0.0
2007-09-27,0.0,0.0,0.0,0.0,0.0
2007-09-28,0.0,0.0,0.0,0.0,0.0
2007-09-29,0.0,0.0,0.0,0.0,0.0
2007-09-30,0.0,0.0,0.0,0.0,0.0
2007-10-01,0.0,0.0,0.0,0.0,0.0
2007-10-02,0.0,0.0,0.0,0.0,0.0
2007-10-03,0.0,0.0,0.0,0.0,0.0
2007-10-04,0.0,0.0,0.0,0.0,0.0
2007-10-05,0.0,0.0,0.0,0.0,0.0
2007-10-06,0.0,0.0,0.0,0.0,0.0
2007-10-07,0.0,0.0,0.0,0.0,0.0
2007-10-08,0.0,0.0,0.0,0.0,0.0
2007-10-09,0.005,46.46,5.17,17.13,24.16
2007-10-10,0.12,110.14,10.56,0.27,99.32
2007-10-11,0.01,37.2,11.35,0.0,25.85
2007-10-12,0.071,64.63,9.77,0.1,54.76
2007-10-13,0.038,42.02,11.01,0.0,31.0
2007-10-14,0.005,15.83,10.94,0.0,4.9
2007-10-15,0.001,12.06,11.29,0.0,0.79
2007-10-16,0.001,12.39,11.56,0.0,0.72
2007-10-17,0.007,20.73,9.34,0.0,11.38
2007-10-18,0.002,13.96,10.96,0.0,3.01
2007-10-19,0.001,12.08,11.38,0.0,0.72
2007-10-20,0.0,12.07,11.39,0.0,0.7
2007-10-21,0.0,12.17,11.61,0.0,0.73
2007-10-22,0.0,12.24,11.51,0.0,0.72
2007-10-23,0.0,12.32,11.53,0.0,0.73
2007-10-24,0.0,12.43,11.84,0.0,0.74
2007-10-25,0.0,12.58,11.77,0.0,0.73
2007-10-26,0.0,12.73,11.82,0.0,0.75
2007-10-27,0.0,12.22,11.57,0.0,0.73
2007-10-28,0.0,11.57,11.4,0.0,0.71
2007-10-29,0.0,11.57,11.91,0.0,0.73
2007-10-30,0.0,12.73,11.63,0.0,0.75
2007-10-31,0.0,14.15,12.38,0.0,0.78
2007-11-01,0.0,11.57,11.01,0.0,0.69
2007-11-02,0.0,11.57,10.7,0.0,0.67
2007-11-03,0.0,13.5,11.97,0.0,0.75
2007-11-04,0.0,13.89,11.87,0.0,0.74
2007-11-05,0.0,11.57,11.9,0.0,0.74
2007-11-06,0.0,8.68,9.07,0.0,0.58
2007-11-07,0.0,11.57,9.61,0.0,0.61
2007-11-08,0.0,34.72,20.39,0.0,1.29
2007-11-09,0.0,0.0,13.28,0.0,0.87
2007-11-10,0.0,0.0,9.78,0.0,0.65
2007-11-11,0.0,0.0,0.0,0.0,0.0
2007-11-12,0.0,0.0,0.0,0.0,0.0
2007-11-13,0.0,0.0,0.0,0.0,0.0
2007-11-14,0.119,336.47,10.93,16.32,309.22
2007-11-15,0.021,142.6,11.37,0.0,131.23
2007-11-16,0.002,29.1,11.28,0.0,17.77
2007-11-17,0.001,12.86,11.6,0.0,1.32
2007-11-18,0.0,12.54,11.69,0.0,0.73
2007-11-19,0.0,12.7,11.86,0.0,0.73
2007-11-20,0.0,12.57,11.79,0.0,0.72
2007-11-21,0.0,12.69,11.82,0.0,0.74
2007-11-22,0.0,12.4,11.64,0.0,0.72
2007-11-23,0.0,12.54,11.94,0.0,0.73
2007-11-24,0.0,13.23,12.16,0.0,0.75
2007-11-25,0.0,12.18,11.42,0.0,0.69
2007-11-26,0.0,13.02,12.2,0.0,0.75
2007-11-27,0.0,12.35,11.48,0.0,0.7
2007-11-28,0.0,12.46,11.86,0.0,0.73
2007-11-29,0.0,11.57,11.49,0.0,0.7
2007-11-30,0.0,13.89,11.98,0.0,0.73
2007-12-01,0.0,10.42,10.8,0.0,0.66
2007-12-02,0.0,11.57,11.97,0.0,0.73
2007-12-03,0.0,13.89,13.49,0.0,0.77
2007-12-04,0.0,11.57,10.07,0.0,0.65
2007-12-05,0.0,11.57,12.8,0.0,0.81
2007-12-06,0.069,41.74,8.7,0.12,32.91
2007-12-07,0.215,64.34,10.87,0.38,53.09
2007-12-08,0.027,26.77,11.53,0.0,15.25
2007-12-09,0.006,13.6,12.11,0.0,1.48
2007-12-10,0.034,372.23,13.65,1.26,357.32
2007-12-11,0.221,636.38,9.91,126.38,500.09
2007-12-12,0.053,135.35,11.48,0.0,123.87
2007-12-13,0.03,16.18,12.04,0.0,4.14
2007-12-14,0.026,13.04,12.22,0.0,0.82
2007-12-15,0.023,12.93,12.17,0.0,0.76
2007-12-16,0.018,13.18,12.43,0.0,0.74
2007-12-17,0.009,12.62,11.94,0.0,0.68
2007-12-18,0.008,12.28,11.51,0.0,0.75
2007-12-19,0.01,13.01,12.26,0.0,0.76
2007-12-20,0.004,11.41,10.03,0.0,1.4
2007-12-21,0.027,35.28,10.48,0.01,24.78
2007-12-22,0.115,156.5,10.2,0.7,145.6
2007-12-23,0.077,83.43,10.46,0.14,72.82
2007-12-24,0.089,49.5,11.15,0.01,38.34
2007-12-25,0.098,128.06,10.47,0.63,116.96
2007-12-26,0.112,103.54,11.51,0.0,92.03
2007-12-27,0.063,15.48,11.56,0.0,3.92
2007-12-28,0.04,11.94,11.11,0.0,0.83
2007-12-29,0.043,11.88,11.09,0.0,0.79
2007-12-30,0.052,12.29,11.48,0.0,0.81
2007-12-31,0.045,12.58,11.8,0.0,0.78
2008-01-01,0.031,12.34,11.59,0.0,0.75
2008-01-02,0.036,12.31,11.53,0.0,0.79
2008-01-03,0.061,32.92,9.99,0.02,22.91
2008-01-04,0.978,633.14,9.62,251.08,372.43
2008-01-05,1.567,194.15,10.3,75.47,108.38
2008-01-06,1.555,46.39,10.74,15.06,20.59
2008-01-07,1.224,14.31,10.51,1.59,2.21
2008-01-08,1.139,30.32,10.57,8.5,11.24
2008-01-09,1.144,20.94,10.68,4.34,5.92
2008-01-10,1.117,25.93,10.68,6.53,8.72
2008-01-11,1.042,15.51,10.74,2.0,2.77
2008-01-12,0.942,12.73,10.72,0.78,1.23
2008-01-13,0.849,12.53,10.73,0.66,1.14
2008-01-14,0.766,12.46,10.73,0.6,1.14
2008-01-15,0.684,12.41,10.72,0.55,1.14
2008-01-16,0.587,12.3,10.75,0.42,1.14
2008-01-17,0.529,12.14,10.72,0.29,1.13
2008-01-18,0.493,12.13,10.78,0.22,1.14
2008-01-19,0.448,12.01,10.81,0.06,1.14
2008-01-20,0.397,12.01,10.86,0.02,1.13
2008-01-21,0.399,19.64,10.48,0.58,8.58
2008-01-22,0.857,56.11,10.51,9.95,35.65
2008-01-23,1.426,64.79,10.86,22.88,31.06
2008-01-24,1.623,31.65,11.25,8.79,11.61
2008-01-25,1.726,39.71,11.13,12.34,16.24
2008-01-26,2.41,38.93,11.85,11.69,15.39
2008-01-27,3.061,37.94,12.21,11.11,14.62
2008-01-28,3.063,19.1,12.48,2.86,3.76
2008-01-29,2.779,14.64,12.37,0.98,1.29
2008-01-30,2.407,14.19,12.17,0.87,1.14
2008-01-31,2.265,22.82,11.88,4.72,6.21
2008-02-01,2.422,22.79,12.1,4.62,6.08
2008-02-02,2.255,21.18,11.89,4.01,5.27
2008-02-03,2.707,33.41,12.22,9.15,12.04
2008-02-04,2.39,15.49,12.2,1.42,1.87
2008-02-05,2.071,14.01,11.95,0.89,1.17
2008-02-06,1.807,13.8,11.8,0.87,1.14
2008-02-07,1.569,13.75,11.75,0.86,1.14
2008-02-08,1.353,13.8,11.8,0.86,1.14
2008-02-09,1.157,13.85,11.85,0.86,1.14
2008-02-10,0.995,13.9,11.9,0.86,1.14
2008-02-11,0.852,13.9,11.95,0.81,1.14
2008-02-12,0.725,13.73,12.0,0.6,1.14
2008-02-13,0.624,16.51,11.89,1.44,3.19
2008-02-14,0.506,13.35,11.83,0.06,1.46
2008-02-15,0.482,13.09,11.9,0.03,1.15
2008-02-16,0.429,13.16,12.01,0.02,1.14
2008-02-17,0.372,13.23,12.09,0.01,1.13
2008-02-18,0.32,13.27,12.15,0.01,1.12
2008-02-19,0.32,28.64,11.71,0.91,16.03
2008-02-20,0.535,53.31,11.92,0.53,40.86
2008-02-21,0.584,15.91,12.01,0.14,3.76
2008-02-22,0.573,15.77,12.01,0.55,3.22
2008-02-23,0.58,18.99,11.74,0.73,6.52
2008-02-24,1.037,53.03,10.97,16.87,25.19
2008-02-25,1.214,18.96,11.31,3.2,4.45
2008-02-26,1.035,13.58,11.34,0.91,1.33
2008-02-27,0.881,13.29,11.38,0.76,1.15
2008-02-28,0.742,13.2,11.44,0.63,1.14
2008-02-29,0.628,13.01,11.47,0.4,1.14
2008-03-01,0.516,12.94,11.6,0.2,1.14
2008-03-02,0.423,12.83,11.67,0.03,1.13
2008-03-03,0.367,12.81,11.67,0.01,1.13
2008-03-04,0.319,12.86,11.73,0.01,1.12
2008-03-05,0.265,12.84,11.75,0.0,1.09
2008-03-06,0.227,12.8,11.75,0.0,1.05
2008-03-07,0.191,12.89,11.87,0.0,1.02
2008-03-08,0.147,12.84,11.89,0.0,0.95
2008-03-09,0.121,12.78,11.87,0.0,0.9
2008-03-10,0.1,12.82,11.95,0.0,0.87
2008-03-11,0.08,12.84,12.01,0.0,0.84
2008-03-12,0.061,13.04,12.22,0.0,0.82
2008-03-13,0.033,12.44,11.7,0.0,0.74
2008-03-14,0.031,12.65,11.88,0.0,0.77
2008-03-15,0.02,12.72,11.98,0.0,0.73
2008-03-16,0.016,12.87,12.12,0.0,0.75
2008-03-17,0.004,12.96,12.37,0.0,0.59
2008-03-18,0.0,13.14,12.8,0.0,0.15
2008-03-19,0.0,17.36,16.33,0.0,0.03
2008-03-20,0.0,0.0,0.0,0.0,0.0
2008-03-21,0.0,0.0,0.0,0.0,0.0
2008-03-22,0.0,0.0,0.0,0.0,0.0
2008-03-23,0.0,0.0,0.0,0.0,0.0
2008-03-24,0.0,0.0,0.0,0.0,0.0
2008-03-25,0.0,0.0,0.0,0.0,0.0
2008-03-26,0.0,0.0,0.0,0.0,0.0
2008-03-27,0.0,0.0,0.0,0.0,0.0
2008-03-28,0.0,0.0,0.0,0.0,0.0
2008-03-29,0.0,0.0,0.0,0.0,0.0
2008-03-30,0.0,0.0,0.0,0.0,0.0
2008-03-31,0.0,0.0,0.0,0.0,0.0
2008-04-01,0.0,0.0,0.0,0.0,0.0
2008-04-02,0.0,0.0,0.0,0.0,0.0
2008-04-03,0.0,0.0,0.0,0.0,0.0
2008-04-04,0.0,0.0,0.0,0.0,0.0
2008-04-05,0.0,0.0,0.0,0.0,0.0
2008-04-06,0.0,0.0,0.0,0.0,0.0
2008-04-07,0.0,0.0,0.0,0.0,0.0
2008-04-08,0.0,0.0,0.0,0.0,0.0
2008-04-09,0.0,0.0,0.0,0.0,0.0
2008-04-10,0.0,0.0,0.0,0.0,0.0
2008-04-11,0.0,0.0,0.0,0.0,0.0
2008-04-12,0.0,0.0,0.0,0.0,0.0
2008-04-13,0.0,0.0,0.0,0.0,0.0
2008-04-14,0.0,0.0,0.0,0.0,0.0
2008-04-15,0.0,0.0,0.0,0.0,0.0
2008-04-16,0.0,0.0,0.0,0.0,0.0
2008-04-17,0.0,0.0,0.0,0.0,0.0
2008-04-18,0.0,0.0,0.0,0.0,0.0
2008-04-19,0.0,0.0,0.0,0.0,0.0
2008-04-20,0.0,0.0,0.0,0.0,0.0
2008-04-21,0.0,0.0,0.0,0.0,0.0
2008-04-22,0.0,0.0,0.0,0.0,0.0
2008-04-23,0.0,0.0,0.0,0.0,0.0
2008-04-24,0.0,0.0,0.0,0.0,0.0
2008-04-25,0.0,0.0,0.0,0.0,0.0
2008-04-26,0.0,0.0,0.0,0.0,0.0
2008-04-27,0.0,0.0,0.0,0.0,0.0
2008-04-28,0.0,0.0,0.0,0.0,0.0
2008-04-29,0.0,0.0,0.0,0.0,0.0
2008-04-30,0.0,0.0,0.0,0.0,0.0
2008-05-01,0.0,0.0,0.0,0.0,0.0
2008-05-02,0.0,0.0,0.0,0.0,0.0
2008-05-03,0.0,0.0,0.0,0.0,0.0
2008-05-04,0.0,0.0,0.0,0.0,0.0
2008-05-05,0.0,0.0,0.0,0.0,0.0
2008-05-06,0.0,0.0,0.0,0.0,0.0
2008-05-07,0.0,0.0,0.0,0.0,0.0
2008-05-08,0.0,0.0,0.0,0.0,0.0
2008-05-09,0.0,0.0,0.0,0.0,0.0
2008-05-10,0.0,0.0,0.0,0.0,0.0
2008-05-11,0.0,0.0,0.0,0.0,0.0
2008-05-12,0.0,0.0,0.0,0.0,0.0
2008-05-13,0.0,0.0,0.0,0.0,0.0
2008-05-14,0.0,0.0,0.0,0.0,0.0
2008-05-15,0.0,0.0,0.0,0.0,0.0
2008-05-16,0.0,0.0,0.0,0.0,0.0
2008-05-17,0.0,0.0,0.0,0.0,0.0
2008-05-18,0.0,0.0,0.0,0.0,0.0
2008-05-19,0.0,0.0,0.0,0.0,0.0
2008-05-20,0.0,0.0,0.0,0.0,0.0
2008-05-21,0.0,0.0,0.0,0.0,0.0
2008-05-22,0.0,0.0,0.0,0.0,0.0
2008-05-23,0.093,182.25,10.85,14.41,156.99
2008-05-24,0.007,47.67,10.95,0.0,36.74
2008-05-25,0.001,15.53,10.88,0.0,4.61
2008-05-26,0.0,12.1,11.2,0.0,0.78
2008-05-27,0.0,12.4,11.61,0.0,0.73
2008-05-28,0.0,11.57,10.84,0.0,0.71
2008-05-29,0.0,10.29,10.43,0.0,0.69
2008-05-30,0.0,9.92,9.81,0.0,0.66
2008-05-31,0.0,11.57,9.51,0.0,0.67
2008-06-01,0.0,11.57,10.94,0.0,0.84
2008-06-02,0.0,11.57,10.69,0.0,0.82
2008-06-03,0.0,0.0,0.0,0.0,0.0
2008-06-04,0.0,0.0,0.0,0.0,0.0
2008-06-05,0.0,0.0,0.0,0.0,0.0
2008-06-06,0.0,0.0,0.0,0.0,0.0
2008-06-07,0.0,0.0,0.0,0.0,0.0
2008-06-08,0.0,0.0,0.0,0.0,0.0
2008-06-09,0.0,0.0,0.0,0.0,0.0
2008-06-10,0.0,0.0,0.0,0.0,0.0
2008-06-11,0.0,0.0,0.0,0.0,0.0
2008-06-12,0.0,0.0,0.0,0.0,0.0
2008-06-13,0.0,0.0,0.0,0.0,0.0
2008-06-14,0.0,0.0,0.0,0.0,0.0
2008-06-15,0.0,0.0,0.0,0.0,0.0
2008-06-16,0.0,0.0,0.0,0.0,0.0
2008-06-17,0.0,0.0,0.0,0.0,0.0
2008-06-18,0.0,0.0,0.0,0.0,0.0
2008-06-19,0.0,0.0,0.0,0.0,0.0
2008-06-20,0.0,0.0,0.0,0.0,0.0
2008-06-21,0.0,0.0,0.0,0.0,0.0
2008-06-22,0.0,0.0,0.0,0.0,0.0
2008-06-23,0.0,0.0,0.0,0.0,0.0
2008-06-24,0.0,0.0,0.0,0.0,0.0
2008-06-25,0.0,0.0,0.0,0.0,0.0
2008-06-26,0.0,0.0,0.0,0.0,0.0
2008-06-27,0.0,0.0,0.0,0.0,0.0
2008-06-28,0.0,0.0,0.0,0.0,0.0
2008-06-29,0.0,0.0,0.0,0.0,0.0
2008-06-30,0.0,0.0,0.0,0.0,0.0
2008-07-01,0.0,0.0,0.0,0.0,0.0
2008-07-02,0.0,0.0,0.0,0.0,0.0
2008-07-03,0.0,0.0,0.0,0.0,0.0
2008-07-04,0.0,0.0,0.0,0.0,0.0
2008-07-05,0.0,0.0,0.0,0.0,0.0
2008-07-06,0.0,0.0,0.0,0.0,0.0
2008-07-07,0.0,0.0,0.0,0.0,0.0
2008-07-08,0.0,0.0,0.0,0.0,0.0
2008-07-09,0.0,0.0,0.0,0.0,0.0
2008-07-10,0.0,0.0,0.0,0.0,0.0
2008-07-11,0.0,0.0,0.0,0.0,0.0
2008-07-12,0.0,0.0,0.0,0.0,0.0
2008-07-13,0.0,0.0,0.0,0.0,0.0
2008-07-14,0.0,0.0,0.0,0.0,0.0
2008-07-15,0.0,0.0,0.0,0.0,0.0
2008-07-16,0.0,0.0,0.0,0.0,0.0
2008-07-17,0.0,0.0,0.0,0.0,0.0
2008-07-18,0.0,0.0,0.0,0.0,0.0
2008-07-19,0.0,0.0,0.0,0.0,0.0
2008-07-20,0.0,0.0,0.0,0.0,0.0
2008-07-21,0.0,0.0,0.0,0.0,0.0
2008-07-22,0.0,0.0,0.0,0.0,0.0
2008-07-23,0.0,0.0,0.0,0.0,0.0
2008-07-24,0.0,0.0,0.0,0.0,0.0
2008-07-25,0.0,0.0,0.0,0.0,0.0
2008-07-26,0.0,0.0,0.0,0.0,0.0
2008-07-27,0.0,0.0,0.0,0.0,0.0
2008-07-28,0.0,0.0,0.0,0.0,0.0
2008-07-29,0.0,0.0,0.0,0.0,0.0
2008-07-30,0.0,0.0,0.0,0.0,0.0
2008-07-31,0.0,0.0,0.0,0.0,0.0
2008-08-01,0.0,0.0,0.0,0.0,0.0
2008-08-02,0.0,0.0,0.0,0.0,0.0
2008-08-03,0.0,0.0,0.0,0.0,0.0
2008-08-04,0.0,0.0,0.0,0.0,0.0
2008-08-05,0.0,0.0,0.0,0.0,0.0
2008-08-06,0.0,0.0,0.0,0.0,0.0
2008-08-07,0.0,0.0,0.0,0.0,0.0
2008-08-08,0.0,0.0,0.0,0.0,0.0
2008-08-09,0.0,0.0,0.0,0.0,0.0
2008-08-10,0.0,0.0,0.0,0.0,0.0
2008-08-11,0.0,0.0,0.0,0.0,0.0
2008-08-12,0.0,0.0,0.0,0.0,0.0
2008-08-13,0.0,0.0,0.0,0.0,0.0
2008-08-14,0.0,0.0,0.0,0.0,0.0
2008-08-15,0.0,0.0,0.0,0.0,0.0
2008-08-16,0.0,0.0,0.0,0.0,0.0
2008-08-17,0.0,0.0,0.0,0.0,0.0
2008-08-18,0.0,0.0,0.0,0.0,0.0
2008-08-19,0.0,0.0,0.0,0.0,0.0
2008-08-20,0.0,0.0,0.0,0.0,0.0
2008-08-21,0.0,0.0,0.0,0.0,0.0
2008-08-22,0.0,0.0,0.0,0.0,0.0
2008-08-23,0.0,0.0,0.0,0.0,0.0
2008-08-24,0.0,0.0,0.0,0.0,0.0
2008-08-25,0.0,0.0,0.0,0.0,0.0
2008-08-26,0.0,0.0,0.0,0.0,0.0
2008-08-27,0.0,0.0,0.0,0.0,0.0
2008-08-28,0.0,0.0,0.0,0.0,0.0
2008-08-29,0.0,0.0,0.0,0.0,0.0
2008-08-30,0.0,0.0,0.0,0.0,0.0
2008-08-31,0.0,0.0,0.0,0.0,0.0
2008-09-01,0.0,0.0,0.0,0.0,0.0
2008-09-02,0.0,0.0,0.0,0.0,0.0
2008-09-03,0.0,0.0,0.0,0.0,0.0
2008-09-04,0.0,0.0,0.0,0.0,0.0
2008-09-05,0.0,0.0,0.0,0.0,0.0
2008-09-06,0.0,0.0,0.0,0.0,0.0
2008-09-07,0.0,0.0,0.0,0.0,0.0
2008-09-08,0.0,0.0,0.0,0.0,0.0
2008-09-09,0.0,0.0,0.0,0.0,0.0
2008-09-10,0.0,0.0,0.0,0.0,0.0
2008-09-11,0.0,0.0,0.0,0.0,0.0
2008-09-12,0.0,0.0,0.0,0.0,0.0
2008-09-13,0.0,0.0,0.0,0.0,0.0
2008-09-14,0.0,0.0,0.0,0.0,0.0
2008-09-15,0.0,0.0,0.0,0.0,0.0
2008-09-16,0.0,0.0,0.0,0.0,0.0
2008-09-17,0.0,0.0,0.0,0.0,0.0
2008-09-18,0.0,0.0,0.0,0.0,0.0
2008-09-19,0.0,0.0,0.0,0.0,0.0
2008-09-20,0.0,0.0,0.0,0.0,0.0
2008-09-21,0.0,0.0,0.0,0.0,0.0
2008-09-22,0.0,0.0,0.0,0.0,0.0
2008-09-23,0.0,0.0,0.0,0.0,0.0
2008-09-24,0.0,0.0,0.0,0.0,0.0
2008-09-25,0.0,0.0,0.0,0.0,0.0
2008-09-26,0.0,0.0,0.0,0.0,0.0
2008-09-27,0.0,0.0,0.0,0.0,0.0
2008-09-28,0.0,0.0,0.0,0.0,0.0
2008-09-29,0.0,0.0,0.0,0.0,0.0
2008-09-30,0.0,0.0,0.0,0.0,0.0
2008-10-01,0.0,0.0,0.0,0.0,0.0
2008-10-02,0.0,0.0,0.0,0.0,0.0
2008-10-03,0.0,0.0,0.0,0.0,0.0
2008-10-04,0.005,19.84,10.01,0.13,9.69
2008-10-05,0.001,14.68,11.97,0.0,2.69
2008-10-06,0.0,11.57,10.75,0.0,0.44
2008-10-07,0.0,0.0,0.0,0.0,0.0
2008-10-08,0.0,0.0,0.0,0.0,0.0
2008-10-09,0.0,0.0,0.0,0.0,0.0
2008-10-10,0.0,0.0,0.0,0.0,0.0
2008-10-11,0.0,0.0,0.0,0.0,0.0
2008-10-12,0.0,0.0,0.0,0.0,0.0
2008-10-13,0.0,0.0,0.0,0.0,0.0
2008-10-14,0.0,0.0,0.0,0.0,0.0
2008-10-15,0.0,0.0,0.0,0.0,0.0
2008-10-16,0.0,0.0,0.0,0.0,0.0
2008-10-17,0.0,0.0,0.0,0.0,0.0
2008-10-18,0.0,0.0,0.0,0.0,0.0
2008-10-19,0.0,0.0,0.0,0.0,0.0
2008-10-20,0.0,0.0,0.0,0.0,0.0
2008-10-21,0.0,0.0,0.0,0.0,0.0
2008-10-22,0.0,0.0,0.0,0.0,0.0
2008-10-23,0.0,0.0,0.0,0.0,0.0
2008-10-24,0.0,0.0,0.0,0.0,0.0
2008-10-25,0.0,0.0,0.0,0.0,0.0
2008-10-26,0.0,0.0,0.0,0.0,0.0
2008-10-27,0.0,0.0,0.0,0.0,0.0
2008-10-28,0.0,0.0,0.0,0.0,0.0
2008-10-29,0.0,0.0,0.0,0.0,0.0
2008-10-30,0.001,7.72,4.37,0.01,3.37
2008-10-31,0.015,19.82,10.16,0.0,9.65
2008-11-01,0.19,84.67,9.99,1.12,73.55
2008-11-02,0.082,74.43,11.28,0.0,63.16
2008-11-03,0.039,41.25,9.6,0.04,31.62
2008-11-04,0.028,30.64,10.84,0.0,19.8
2008-11-05,0.008,12.79,10.99,0.0,1.81
2008-11-06,0.002,12.32,11.67,0.0,0.63
2008-11-07,0.002,11.64,10.9,0.0,0.73
2008-11-08,0.001,12.41,11.69,0.0,0.72
2008-11-09,0.001,12.35,11.61,0.0,0.72
2008-11-10,0.001,12.58,11.79,0.0,0.73
2008-11-11,0.001,12.39,11.7,0.0,0.73
2008-11-12,0.001,12.54,11.74,0.0,0.72
2008-11-13,0.001,12.52,11.76,0.0,0.72
2008-11-14,0.001,12.5,11.83,0.0,0.72
2008-11-15,0.0,12.65,11.75,0.0,0.72
2008-11-16,0.0,12.17,11.68,0.0,0.72
2008-11-17,0.0,12.6,11.84,0.0,0.73
2008-11-18,0.0,12.77,12.18,0.0,0.74
2008-11-19,0.0,12.96,12.29,0.0,0.75
2008-11-20,0.0,12.08,11.7,0.0,0.71
2008-11-21,0.0,12.73,11.85,0.0,0.72
2008-11-22,0.0,12.94,12.15,0.0,0.74
2008-11-23,0.0,13.12,12.27,0.0,0.74
2008-11-24,0.0,13.35,12.39,0.0,0.75
2008-11-25,0.0,13.89,13.28,0.0,0.79
2008-11-26,0.01,24.59,10.19,0.01,14.39
2008-11-27,0.006,18.69,11.98,0.0,6.71
2008-11-28,0.001,13.09,12.08,0.0,0.97
2008-11-29,0.0,12.73,12.05,0.0,0.57
2008-11-30,0.0,12.4,11.45,0.0,0.66
2008-12-01,0.0,13.68,12.64,0.0,0.74
2008-12-02,0.0,12.73,12.27,0.0,0.72
2008-12-03,0.0,12.86,12.11,0.0,0.71
2008-12-04,0.0,14.88,13.69,0.0,0.8
2008-12-05,0.0,13.5,13.64,0.0,0.79
2008-12-06,0.0,11.57,11.47,0.0,0.66
2008-12-07,0.0,11.57,11.82,0.0,0.68
2008-12-08,0.0,14.47,12.45,0.0,0.71
2008-12-09,0.0,11.57,10.4,0.0,0.6
2008-12-10,0.0,15.43,11.89,0.0,0.68
2008-12-11,0.0,17.36,14.98,0.0,0.85
2008-12-12,0.0,5.79,11.14,0.0,0.6
2008-12-13,0.0,11.57,12.66,0.0,0.68
2008-12-14,0.024,43.27,8.92,0.03,34.32
2008-12-15,0.051,32.9,10.77,0.01,22.12
2008-12-16,0.018,23.14,10.74,0.0,12.4
2008-12-17,0.004,15.0,11.5,0.0,3.53
2008-12-18,0.001,11.47,10.79,0.0,0.7
2008-12-19,0.03,30.99,9.59,0.01,21.39
2008-12-20,0.004,16.02,10.99,0.0,5.05
2008-12-21,0.025,35.92,9.7,0.01,26.21
2008-12-22,0.019,19.76,10.3,0.0,9.45
2008-12-23,0.004,15.32,11.02,0.0,4.28
2008-12-24,0.059,32.95,9.83,0.02,23.1
2008-12-25,0.068,31.44,10.66,0.01,20.76
2008-12-26,0.013,15.7,11.41,0.0,4.29
2008-12-27,0.003,11.36,10.62,0.0,0.76
2008-12-28,0.001,12.15,11.46,0.0,0.66
2008-12-29,0.001,12.32,11.59,0.0,0.72
2008-12-30,0.001,11.68,10.91,0.0,0.74
2008-12-31,0.001,12.54,11.78,0.0,0.72
2009-01-01,0.001,12.53,11.84,0.0,0.73
2009-01-02,0.001,12.44,11.76,0.0,0.73
2009-01-03,0.001,12.17,11.71,0.0,0.71
2009-01-04,0.001,12.5,11.82,0.0,0.73
2009-01-05,0.0,12.58,11.93,0.0,0.74
2009-01-06,0.0,13.06,12.18,0.0,0.73
2009-01-07,0.0,12.94,12.06,0.0,0.73
2009-01-08,0.0,12.73,11.86,0.0,0.72
2009-01-09,0.0,12.5,11.93,0.0,0.71
2009-01-10,0.0,13.31,12.71,0.0,0.76
2009-01-11,0.0,12.79,11.84,0.0,0.71
2009-01-12,0.0,13.02,12.31,0.0,0.73
2009-01-13,0.0,12.4,12.41,0.0,0.74
2009-01-14,0.0,12.46,11.9,0.0,0.71
2009-01-15,0.0,13.68,12.41,0.0,0.74
2009-01-16,0.0,12.73,11.77,0.0,0.7
2009-01-17,0.0,11.57,11.4,0.0,0.67
2009-01-18,0.0,13.23,12.41,0.0,0.73
2009-01-19,0.0,13.5,11.98,0.0,0.7
2009-01-20,0.0,11.57,11.74,0.0,0.68
2009-01-21,0.007,23.19,3.74,0.06,19.39
2009-01-22,0.194,75.4,10.7,0.25,64.45
2009-01-23,0.059,29.45,10.88,0.01,18.57
2009-01-24,0.026,17.72,11.3,0.0,6.42
2009-01-25,0.01,12.1,11.18,0.0,0.92
2009-01-26,0.011,12.63,11.88,0.0,0.75
2009-01-27,0.007,12.34,11.63,0.0,0.71
2009-01-28,0.003,11.51,10.8,0.0,0.69
2009-01-29,0.002,11.28,10.65,0.0,0.67
2009-01-30,0.001,12.6,11.87,0.0,0.69
2009-01-31,0.001,12.84,12.17,0.0,0.72
2009-02-01,0.001,12.88,12.13,0.0,0.72
2009-02-02,0.001,12.91,12.21,0.0,0.72
2009-02-03,0.0,13.46,12.48,0.0,0.74
2009-02-04,0.0,12.79,11.97,0.0,0.71
2009-02-05,0.007,21.17,10.2,0.0,10.97
2009-02-06,0.029,25.74,9.21,0.01,16.52
2009-02-07,0.021,27.61,11.77,0.0,15.84
2009-02-08,0.006,13.98,10.64,0.0,3.33
2009-02-09,0.004,17.55,11.5,0.0,6.07
2009-02-10,0.001,12.34,11.47,0.0,0.88
2009-02-11,0.045,50.51,9.43,0.04,41.03
2009-02-12,0.022,36.36,11.39,0.0,24.97
2009-02-13,0.09,63.44,9.84,0.06,53.54
2009-02-14,0.038,27.42,11.44,0.0,15.98
2009-02-15,0.083,34.3,9.33,0.04,24.93
2009-02-16,0.174,43.62,10.28,0.1,33.24
2009-02-17,0.306,48.71,9.98,0.6,38.13
2009-02-18,0.306,23.49,10.62,0.02,12.85
2009-02-19,0.252,12.63,10.67,0.0,1.95
2009-02-20,0.216,11.72,10.62,0.0,1.1
2009-02-21,0.186,11.6,10.57,0.0,1.02
2009-02-22,0.443,40.8,9.57,5.9,25.34
2009-02-23,0.671,28.34,10.31,5.62,12.41
2009-02-24,0.673,17.83,10.12,2.74,4.98
2009-02-25,0.665,12.28,10.24,0.67,1.37
2009-02-26,0.593,12.02,10.3,0.56,1.16
2009-02-27,0.51,11.82,10.28,0.4,1.13
2009-02-28,0.431,11.7,10.33,0.24,1.13
2009-03-01,0.551,19.52,10.09,2.81,6.62
2009-03-02,0.78,30.05,10.14,7.59,12.33
2009-03-03,1.117,28.89,10.04,7.15,11.69
2009-03-04,1.408,18.46,10.55,3.14,4.77
2009-03-05,1.47,15.43,10.6,2.03,2.8
2009-03-06,1.316,12.83,10.62,0.91,1.3
2009-03-07,1.15,12.46,10.53,0.78,1.15
2009-03-08,1.004,12.44,10.57,0.74,1.14
2009-03-09,0.857,12.39,10.58,0.68,1.14
2009-03-10,0.746,12.35,10.59,0.62,1.14
2009-03-11,0.653,12.36,10.64,0.58,1.14
2009-03-12,0.562,12.25,10.7,0.41,1.14
2009-03-13,0.48,12.15,10.78,0.24,1.13
2009-03-14,0.401,12.04,10.83,0.08,1.13
2009-03-15,0.401,11.78,10.64,0.02,1.13
2009-03-16,0.377,11.89,10.75,0.02,1.13
2009-03-17,0.295,12.03,10.92,0.01,1.11
2009-03-18,0.24,11.97,10.89,0.0,1.07
2009-03-19,0.2,11.97,10.93,0.0,1.04
2009-03-20,0.168,11.97,10.98,0.0,0.99
2009-03-21,0.139,11.99,11.05,0.0,0.94
2009-03-22,0.105,11.74,10.87,0.0,0.87
2009-03-23,0.098,11.92,11.05,0.0,0.87
2009-03-24,0.083,11.87,11.02,0.0,0.84
2009-03-25,0.068,11.78,10.96,0.0,0.82
2009-03-26,0.054,11.64,10.84,0.0,0.8
2009-03-27,0.039,11.33,10.55,0.0,0.77
2009-03-28,0.026,10.78,10.03,0.0,0.75
2009-03-29,0.016,10.66,9.93,0.0,0.74
2009-03-30,0.002,9.99,9.65,0.0,0.31
2009-03-31,0.001,7.96,7.27,0.0,0.7
2009-04-01,0.0,7.37,7.93,0.0,0.19
2009-04-02,0.0,11.57,6.55,0.0,0.03
2009-04-03,0.0,0.0,0.0,0.0,0.0
2009-04-04,0.0,0.0,0.0,0.0,0.0
2009-04-05,0.0,0.0,0.0,0.0,0.0
2009-04-06,0.0,0.0,0.0,0.0,0.0
2009-04-07,0.023,57.0,10.37,5.13,41.49
2009-04-08,0.066,32.2,10.71,0.01,21.48
2009-04-09,0.014,17.77,11.4,0.0,6.37
2009-04-10,0.007,11.95,10.79,0.0,1.17
2009-04-11,0.003,10.09,9.41,0.0,0.69
2009-04-12,0.001,11.14,10.86,0.0,0.48
2009-04-13,0.0,12.54,11.96,0.0,0.66
2009-04-14,0.0,13.89,13.27,0.0,0.77
2009-04-15,0.0,13.5,12.06,0.0,0.71
2009-04-16,0.0,12.86,12.42,0.0,0.72
2009-04-17,0.0,13.5,13.43,0.0,0.77
2009-04-18,0.0,14.47,13.6,0.0,0.76
2009-04-19,0.0,11.57,10.12,0.0,0.53
2009-04-20,0.0,0.0,0.0,0.0,0.0
2009-04-21,0.0,0.0,0.0,0.0,0.0
2009-04-22,0.0,0.0,0.0,0.0,0.0
2009-04-23,0.0,0.0,0.0,0.0,0.0
2009-04-24,0.0,0.0,0.0,0.0,0.0
2009-04-25,0.0,0.0,0.0,0.0,0.0
2009-04-26,0.0,0.0,0.0,0.0,0.0
2009-04-27,0.0,0.0,0.0,0.0,0.0
2009-04-28,0.0,0.0,0.0,0.0,0.0
2009-04-29,0.0,0.0,0.0,0.0,0.0
2009-04-30,0.0,0.0,0.0,0.0,0.0
2009-05-01,0.042,45.33,10.0,0.14,35.18
2009-05-02,0.054,39.89,11.08,0.01,28.8
2009-05-03,0.008,22.91,11.55,0.0,11.35
2009-05-04,0.001,13.13,11.63,0.0,1.46
2009-05-05,0.001,10.85,8.28,0.0,2.46
2009-05-06,0.0,11.08,10.43,0.0,0.77
2009-05-07,0.0,12.54,11.61,0.0,0.67
2009-05-08,0.0,12.22,11.45,0.0,0.68
2009-05-09,0.0,12.46,12.26,0.0,0.73
2009-05-10,0.0,12.73,11.83,0.0,0.7
2009-05-11,0.0,15.43,13.04,0.0,0.75
2009-05-12,0.0,9.26,10.09,0.0,0.59
2009-05-13,0.0,17.36,12.68,0.0,0.69
2009-05-14,0.0,0.0,0.0,0.0,0.0
2009-05-15,0.0,0.0,0.0,0.0,0.0
2009-05-16,0.0,0.0,0.0,0.0,0.0
2009-05-17,0.0,0.0,0.0,0.0,0.0
2009-05-18,0.0,0.0,0.0,0.0,0.0
2009-05-19,0.0,0.0,0.0,0.0,0.0
2009-05-20,0.0,0.0,0.0,0.0,0.0
2009-05-21,0.0,0.0,0.0,0.0,0.0
2009-05-22,0.0,0.0,0.0,0.0,0.0
2009-05-23,0.0,0.0,0.0,0.0,0.0
2009-05-24,0.0,0.0,0.0,0.0,0.0
2009-05-25,0.0,0.0,0.0,0.0,0.0
2009-05-26,0.0,0.0,0.0,0.0,0.0
2009-05-27,0.0,0.0,0.0,0.0,0.0
2009-05-28,0.0,0.0,0.0,0.0,0.0
2009-05-29,0.0,0.0,0.0,0.0,0.0
2009-05-30,0.0,0.0,0.0,0.0,0.0
2009-05-31,0.0,0.0,0.0,0.0,0.0
2009-06-01,0.0,0.0,0.0,0.0,0.0
2009-06-02,0.0,0.0,0.0,0.0,0.0
2009-06-03,0.0,0.0,0.0,0.0,0.0
2009-06-04,0.0,0.0,0.0,0.0,0.0
2009-06-05,0.0,0.0,0.0,0.0,0.0
2009-06-06,0.0,0.0,0.0,0.0,0.0
2009-06-07,0.0,0.0,0.0,0.0,0.0
2009-06-08,0.0,0.0,0.0,0.0,0.0
2009-06-09,0.0,0.0,0.0,0.0,0.0
2009-06-10,0.0,0.0,0.0,0.0,0.0
2009-06-11,0.0,0.0,0.0,0.0,0.0
2009-06-12,0.0,0.0,0.0,0.0,0.0
2009-06-13,0.0,0.0,0.0,0.0,0.0
2009-06-14,0.0,0.0,0.0,0.0,0.0
2009-06-15,0.0,0.0,0.0,0.0,0.0
2009-06-16,0.0,0.0,0.0,0.0,0.0
2009-06-17,0.0,0.0,0.0,0.0,0.0
2009-06-18,0.0,0.0,0.0,0.0,0.0
2009-06-19,0.0,0.0,0.0,0.0,0.0
2009-06-20,0.0,0.0,0.0,0.0,0.0
2009-06-21,0.0,0.0,0.0,0.0,0.0
2009-06-22,0.0,0.0,0.0,0.0,0.0
2009-06-23,0.0,0.0,0.0,0.0,0.0
2009-06-24,0.0,0.0,0.0,0.0,0.0
2009-06-25,0.0,0.0,0.0,0.0,0.0
2009-06-26,0.0,0.0,0.0,0.0,0.0
2009-06-27,0.0,0.0,0.0,0.0,0.0
2009-06-28,0.0,0.0,0.0,0.0,0.0
2009-06-29,0.0,0.0,0.0,0.0,0.0
2009-06-30,0.0,0.0,0.0,0.0,0.0
2009-07-01,0.0,0.0,0.0,0.0,0.0
2009-07-02,0.0,0.0,0.0,0.0,0.0
2009-07-03,0.0,0.0,0.0,0.0,0.0
2009-07-04,0.0,0.0,0.0,0.0,0.0
2009-07-05,0.0,0.0,0.0,0.0,0.0
2009-07-06,0.0,0.0,0.0,0.0,0.0
2009-07-07,0.0,0.0,0.0,0.0,0.0
2009-07-08,0.0,0.0,0.0,0.0,0.0
2009-07-09,0.0,0.0,0.0,0.0,0.0
2009-07-10,0.0,0.0,0.0,0.0,0.0
2009-07-11,0.0,0.0,0.0,0.0,0.0
2009-07-12,0.0,0.0,0.0,0.0,0.0
2009-07-13,0.0,0.0,0.0,0.0,0.0
2009-07-14,0.0,0.0,0.0,0.0,0.0
2009-07-15,0.0,0.0,0.0,0.0,0.0
2009-07-16,0.0,0.0,0.0,0.0,0.0
2009-07-17,0.0,0.0,0.0,0.0,0.0
2009-07-18,0.0,0.0,0.0,0.0,0.0
2009-07-19,0.0,0.0,0.0,0.0,0.0
2009-07-20,0.0,0.0,0.0,0.0,0.0
2009-07-21,0.0,0.0,0.0,0.0,0.0
2009-07-22,0.0,0.0,0.0,0.0,0.0
2009-07-23,0.0,0.0,0.0,0.0,0.0
2009-07-24,0.0,0.0,0.0,0.0,0.0
2009-07-25,0.0,0.0,0.0,0.0,0.0
2009-07-26,0.0,0.0,0.0,0.0,0.0
2009-07-27,0.0,0.0,0.0,0.0,0.0
2009-07-28,0.0,0.0,0.0,0.0,0.0
2009-07-29,0.0,0.0,0.0,0.0,0.0
2009-07-30,0.0,0.0,0.0,0.0,0.0
2009-07-31,0.0,0.0,0.0,0.0,0.0
2009-08-01,0.0,0.0,0.0,0.0,0.0
2009-08-02,0.0,0.0,0.0,0.0,0.0
2009-08-03,0.0,0.0,0.0,0.0,0.0
2009-08-04,0.0,0.0,0.0,0.0,0.0
2009-08-05,0.0,0.0,0.0,0.0,0.0
2009-08-06,0.0,0.0,0.0,0.0,0.0
2009-08-07,0.0,0.0,0.0,0.0,0.0
2009-08-08,0.0,0.0,0.0,0.0,0.0
2009-08-09,0.0,0.0,0.0,0.0,0.0
2009-08-10,0.0,0.0,0.0,0.0,0.0
2009-08-11,0.0,0.0,0.0,0.0,0.0
2009-08-12,0.0,0.0,0.0,0.0,0.0
2009-08-13,0.0,0.0,0.0,0.0,0.0
2009-08-14,0.0,0.0,0.0,0.0,0.0
2009-08-15,0.0,0.0,0.0,0.0,0.0
2009-08-16,0.0,0.0,0.0,0.0,0.0
2009-08-17,0.0,0.0,0.0,0.0,0.0
2009-08-18,0.0,0.0,0.0,0.0,0.0
2009-08-19,0.0,0.0,0.0,0.0,0.0
2009-08-20,0.0,0.0,0.0,0.0,0.0
2009-08-21,0.0,0.0,0.0,0.0,0.0
2009-08-22,0.0,0.0,0.0,0.0,0.0
2009-08-23,0.0,0.0,0.0,0.0,0.0
2009-08-24,0.0,0.0,0.0,0.0,0.0
2009-08-25,0.0,0.0,0.0,0.0,0.0
2009-08-26,0.0,0.0,0.0,0.0,0.0
2009-08-27,0.0,0.0,0.0,0.0,0.0
2009-08-28,0.0,0.0,0.0,0.0,0.0
2009-08-29,0.0,0.0,0.0,0.0,0.0
2009-08-30,0.0,0.0,0.0,0.0,0.0
2009-08-31,0.0,0.0,0.0,0.0,0.0
2009-09-01,0.0,0.0,0.0,0.0,0.0
2009-09-02,0.0,0.0,0.0,0.0,0.0
2009-09-03,0.0,0.0,0.0,0.0,0.0
2009-09-04,0.0,0.0,0.0,0.0,0.0
2009-09-05,0.0,0.0,0.0,0.0,0.0
2009-09-06,0.0,0.0,0.0,0.0,0.0
2009-09-07,0.0,0.0,0.0,0.0,0.0
2009-09-08,0.0,0.0,0.0,0.0,0.0
2009-09-09,0.0,0.0,0.0,0.0,0.0
2009-09-10,0.0,0.0,0.0,0.0,0.0
2009-09-11,0.0,0.0,0.0,0.0,0.0
2009-09-12,0.0,0.0,0.0,0.0,0.0
2009-09-13,0.0,0.0,0.0,0.0,0.0
2009-09-14,0.007,18.0,9.42,0.14,8.46
2009-09-15,0.001,12.91,10.12,0.0,2.74
2009-09-16,0.0,10.13,10.25,0.0,0.48
2009-09-17,0.0,0.0,0.0,0.0,0.0
2009-09-18,0.0,0.0,0.0,0.0,0.0
2009-09-19,0.0,0.0,0.0,0.0,0.0
2009-09-20,0.0,0.0,0.0,0.0,0.0
2009-09-21,0.0,0.0,0.0,0.0,0.0
2009-09-22,0.0,0.0,0.0,0.0,0.0
2009-09-23,0.0,0.0,0.0,0.0,0.0
2009-09-24,0.0,0.0,0.0,0.0,0.0
2009-09-25,0.0,0.0,0.0,0.0,0.0
2009-09-26,0.0,0.0,0.0,0.0,0.0
2009-09-27,0.0,0.0,0.0,0.0,0.0
2009-09-28,0.0,0.0,0.0,0.0,0.0
2009-09-29,0.0,0.0,0.0,0.0,0.0
2009-09-30,0.0,0.0,0.0,0.0,0.0
2009-10-01,0.0,0.0,0.0,0.0,0.0
2009-10-02,0.0,0.0,0.0,0.0,0.0
2009-10-03,0.0,0.0,0.0,0.0,0.0
2009-10-04,0.0,0.0,0.0,0.0,0.0
2009-10-05,0.0,0.0,0.0,0.0,0.0
2009-10-06,0.0,0.0,0.0,0.0,0.0
2009-10-07,0.0,0.0,0.0,0.0,0.0
2009-10-08,0.0,0.0,0.0,0.0,0.0
2009-10-09,0.0,0.0,0.0,0.0,0.0
2009-10-10,0.0,0.0,0.0,0.0,0.0
2009-10-11,0.0,0.0,0.0,0.0,0.0
2009-10-12,0.0,0.0,0.0,0.0,0.0
2009-10-13,0.601,293.55,10.01,89.38,194.16
2009-10-14,0.254,149.94,11.2,15.85,122.9
2009-10-15,0.091,22.67,11.21,0.0,11.46
2009-10-16,0.071,12.47,11.4,0.0,1.07
2009-10-17,0.056,12.23,11.42,0.0,0.8
2009-10-18,0.04,12.04,11.27,0.0,0.77
2009-10-19,0.051,35.79,10.17,0.02,25.6
2009-10-20,0.047,17.48,10.95,0.0,6.52
2009-10-21,0.034,11.58,10.7,0.0,0.88
2009-10-22,0.028,11.31,10.55,0.0,0.76
2009-10-23,0.021,10.91,10.16,0.0,0.75
2009-10-24,0.012,9.7,8.99,0.0,0.71
2009-10-25,0.009,9.53,8.79,0.0,0.74
2009-10-26,0.004,9.1,8.44,0.0,0.66
2009-10-27,0.001,11.2,10.72,0.0,0.51
2009-10-28,0.0,12.33,11.84,0.0,0.66
2009-10-29,0.0,13.18,12.5,0.0,0.73
2009-10-30,0.0,13.97,12.94,0.0,0.75
2009-10-31,0.0,13.5,13.05,0.0,0.75
2009-11-01,0.0,13.31,12.78,0.0,0.73
2009-11-02,0.0,13.74,12.64,0.0,0.71
2009-11-03,0.0,12.54,12.86,0.0,0.72
2009-11-04,0.0,14.15,12.82,0.0,0.7
2009-11-05,0.0,13.5,13.5,0.0,0.72
2009-11-06,0.0,14.47,13.82,0.0,0.75
2009-11-07,0.0,14.47,12.57,0.0,0.68
2009-11-08,0.0,34.72,31.25,0.0,1.59
2009-11-09,0.0,11.57,18.36,0.0,0.85
2009-11-10,0.0,0.0,0.0,0.0,0.0
2009-11-11,0.0,0.0,0.0,0.0,0.0
2009-11-12,0.0,0.0,0.0,0.0,0.0
2009-11-13,0.0,0.0,0.0,0.0,0.0
2009-11-14,0.0,0.0,0.0,0.0,0.0
2009-11-15,0.0,0.0,0.0,0.0,0.0
2009-11-16,0.0,0.0,0.0,0.0,0.0
2009-11-17,0.0,0.0,0.0,0.0,0.0
2009-11-18,0.0,0.0,0.0,0.0,0.0
2009-11-19,0.0,0.0,0.0,0.0,0.0
2009-11-20,0.017,58.59,9.78,1.21,47.59
2009-11-21,0.007,30.79,10.74,0.0,20.06
2009-11-22,0.001,13.6,10.59,0.0,3.09
2009-11-23,0.0,10.52,10.46,0.0,0.68
2009-11-24,0.0,11.57,10.85,0.0,0.71
2009-11-25,0.0,9.26,10.06,0.0,0.69
2009-11-26,0.0,8.68,9.78,0.0,0.67
2009-11-27,0.0,11.57,8.47,0.0,0.57
2009-11-28,0.0,0.0,8.74,0.0,0.62
2009-11-29,0.0,0.0,0.0,0.0,0.0
2009-11-30,0.0,0.0,6.62,0.0,0.6
2009-12-01,0.0,0.0,5.57,0.0,0.49
2009-12-02,0.0,0.0,0.0,0.0,0.0
2009-12-03,0.0,0.0,0.0,0.0,0.0
2009-12-04,0.0,0.0,0.0,0.0,0.0
2009-12-05,0.0,0.0,0.0,0.0,0.0
2009-12-06,0.001,3.82,1.66,0.77,1.4
2009-12-07,0.075,37.13,10.58,0.02,26.54
2009-12-08,0.011,19.02,11.77,0.0,7.26
2009-12-09,0.002,12.6,11.59,0.0,0.96
2009-12-10,0.001,12.22,11.56,0.0,0.57
2009-12-11,0.06,43.19,9.26,0.06,33.88
2009-12-12,0.119,41.25,10.42,0.03,30.81
2009-12-13,0.194,50.16,10.62,0.11,39.44
2009-12-14,0.058,19.93,11.49,0.0,8.44
2009-12-15,0.03,12.59,11.63,0.0,0.95
2009-12-16,0.017,11.33,10.61,0.0,0.72
2009-12-17,0.026,11.98,11.19,0.0,0.79
2009-12-18,0.025,12.2,11.44,0.0,0.76
2009-12-19,0.021,12.08,11.33,0.0,0.75
2009-12-20,0.015,11.76,11.03,0.0,0.72
2009-12-21,0.013,11.9,11.15,0.0,0.74
2009-12-22,0.008,11.7,10.98,0.0,0.72
2009-12-23,0.006,10.8,10.1,0.0,0.72
2009-12-24,0.006,10.45,9.72,0.0,0.73
2009-12-25,0.005,10.2,9.47,0.0,0.73
2009-12-26,0.003,8.79,8.17,0.0,0.61
2009-12-27,0.03,31.56,10.22,0.01,21.34
2009-12-28,0.007,13.55,10.64,0.0,2.92
2009-12-29,0.004,11.07,10.35,0.0,0.76
2009-12-30,0.002,10.2,9.55,0.0,0.63
2009-12-31,0.002,10.8,10.01,0.0,0.76
2010-01-01,0.001,9.83,9.21,0.0,0.64
2010-01-02,0.002,9.02,8.2,0.0,0.77
2010-01-03,0.001,8.78,8.03,0.0,0.71
2010-01-04,0.001,9.58,8.96,0.0,0.64
2010-01-05,0.0,12.68,11.89,0.0,0.66
2010-01-06,0.0,13.89,12.91,0.0,0.76
2010-01-07,0.0,12.46,12.27,0.0,0.72
2010-01-08,0.0,13.5,12.24,0.0,0.74
2010-01-09,0.0,12.73,12.79,0.0,0.75
2010-01-10,0.0,12.86,11.71,0.0,0.68
2010-01-11,0.0,15.43,13.57,0.0,0.78
2010-01-12,0.023,25.3,8.49,0.01,16.8
2010-01-13,0.083,71.43,10.57,0.07,60.79
2010-01-14,0.016,18.24,11.08,0.0,7.16
2010-01-15,0.008,11.7,10.83,0.0,0.87
2010-01-16,0.004,10.83,10.12,0.0,0.7
2010-01-17,0.001,11.57,10.98,0.0,0.51
2010-01-18,0.145,91.74,9.83,0.59,81.31
2010-01-19,0.311,120.5,9.86,7.5,103.14
2010-01-20,0.684,557.91,9.76,207.9,340.25
2010-01-21,0.712,144.4,9.71,44.0,90.69
2010-01-22,0.965,55.28,10.01,14.53,30.74
2010-01-23,0.902,21.97,10.15,4.38,7.44
2010-01-24,0.816,13.18,10.31,1.08,1.79
2010-01-25,1.079,58.0,10.1,18.49,29.41
2010-01-26,1.31,27.06,10.26,6.3,10.5
2010-01-27,1.225,13.97,10.32,1.23,2.42
2010-01-28,1.077,12.23,10.27,0.76,1.21
2010-01-29,0.972,13.35,10.27,1.24,1.84
2010-01-30,0.901,13.85,10.25,1.47,2.14
2010-01-31,0.822,12.23,10.28,0.75,1.2
2010-02-01,0.749,12.13,10.34,0.65,1.14
2010-02-02,0.685,12.13,10.38,0.6,1.14
2010-02-03,0.605,12.11,10.44,0.54,1.14
2010-02-04,0.561,29.63,10.24,2.89,16.5
2010-02-05,0.779,42.61,10.32,4.73,27.56
2010-02-06,0.857,27.73,10.33,5.55,11.85
2010-02-07,0.806,13.74,10.44,1.15,2.15
2010-02-08,0.719,12.32,10.48,0.64,1.19
2010-02-09,0.729,26.53,10.48,4.52,11.53
2010-02-10,0.709,13.92,10.67,0.85,2.4
2010-02-11,0.658,12.56,10.76,0.59,1.2
2010-02-12,0.558,12.33,10.8,0.4,1.14
2010-02-13,0.481,12.18,10.83,0.22,1.13
2010-02-14,0.422,12.06,10.88,0.05,1.13
2010-02-15,0.372,12.12,10.97,0.02,1.13
2010-02-16,0.325,12.18,11.05,0.01,1.12
2010-02-17,0.288,12.2,11.09,0.01,1.11
2010-02-18,0.258,12.21,11.12,0.0,1.09
2010-02-19,0.224,12.17,11.11,0.0,1.06
2010-02-20,0.19,12.11,11.09,0.0,1.02
2010-02-21,0.17,11.98,11.01,0.0,0.97
2010-02-22,0.169,13.37,11.04,0.0,2.33
2010-02-23,0.298,45.24,10.12,2.29,32.83
2010-02-24,0.667,30.94,10.68,3.44,16.81
2010-02-25,0.618,13.64,10.8,0.75,2.09
2010-02-26,0.654,41.38,10.61,7.96,22.81
2010-02-27,0.845,35.44,10.73,8.0,16.7
2010-02-28,0.789,15.09,10.88,1.49,2.72
2010-03-01,0.677,12.79,10.93,0.63,1.23
2010-03-02,0.756,35.56,10.71,7.01,17.84
2010-03-03,1.119,69.62,10.67,23.1,35.85
2010-03-04,1.218,20.67,10.96,3.24,6.47
2010-03-05,1.068,13.36,11.02,0.9,1.44
2010-03-06,0.935,12.98,11.08,0.75,1.15
2010-03-07,0.787,12.95,11.16,0.66,1.14
2010-03-08,0.651,12.81,11.19,0.49,1.14
2010-03-09,0.557,12.6,11.16,0.31,1.14
2010-03-10,0.512,12.63,11.18,0.2,1.25
2010-03-11,0.465,12.51,11.29,0.07,1.14
2010-03-12,0.597,32.81,10.93,6.67,15.21
2010-03-13,0.644,21.15,11.23,2.97,6.96
2010-03-14,0.53,12.91,11.16,0.26,1.5
2010-03-15,0.457,12.52,11.27,0.1,1.16
2010-03-16,0.407,12.42,11.26,0.02,1.13
2010-03-17,0.343,12.47,11.33,0.01,1.12
2010-03-18,0.281,12.49,11.38,0.01,1.1
2010-03-19,0.236,12.4,11.34,0.0,1.07
2010-03-20,0.203,12.45,11.41,0.0,1.03
2010-03-21,0.169,12.41,11.43,0.0,0.98
2010-03-22,0.141,12.44,11.5,0.0,0.94
2010-03-23,0.117,12.4,11.51,0.0,0.9
2010-03-24,0.095,12.45,11.58,0.0,0.86
2010-03-25,0.074,12.3,11.48,0.0,0.82
2010-03-26,0.063,12.3,11.48,0.0,0.81
2010-03-27,0.051,12.28,11.48,0.0,0.79
2010-03-28,0.036,12.24,11.47,0.0,0.77
2010-03-29,0.019,11.75,11.03,0.0,0.72
2010-03-30,0.009,11.18,10.49,0.0,0.69
2010-03-31,0.01,12.17,10.2,0.0,1.96
2010-04-01,0.011,10.81,9.62,0.0,1.19
2010-04-02,0.007,10.67,9.95,0.0,0.72
2010-04-03,0.008,10.76,9.99,0.0,0.76
2010-04-04,0.062,53.32,9.43,0.07,43.82
2010-04-05,0.082,29.92,10.96,0.0,18.96
2010-04-06,0.048,12.08,10.74,0.0,1.34
2010-04-07,0.034,11.21,10.43,0.0,0.77
2010-04-08,0.022,10.52,9.78,0.0,0.74
2010-04-09,0.012,9.64,8.93,0.0,0.71
2010-04-10,0.004,8.53,7.9,0.0,0.64
2010-04-11,0.068,52.2,9.23,0.06,42.91
2010-04-12,0.115,33.29,9.99,0.03,23.27
2010-04-13,0.125,63.61,10.04,0.17,53.4
2010-04-14,0.072,14.52,10.01,0.0,4.51
2010-04-15,0.057,10.66,9.77,0.0,0.89
2010-04-16,0.043,10.1,9.31,0.0,0.79
2010-04-17,0.032,9.53,8.75,0.0,0.77
2010-04-18,0.023,9.1,8.35,0.0,0.76
2010-04-19,0.013,8.41,7.68,0.0,0.72
2010-04-20,0.091,74.53,10.07,0.08,64.38
2010-04-21,0.042,17.93,9.88,0.0,8.05
2010-04-22,0.029,10.44,9.39,0.0,1.04
2010-04-23,0.021,9.38,8.62,0.0,0.76
2010-04-24,0.013,8.46,7.74,0.0,0.73
2010-04-25,0.007,8.15,7.45,0.0,0.7
2010-04-26,0.003,8.51,7.85,0.0,0.65
2010-04-27,0.001,11.11,10.45,0.0,0.51
2010-04-28,0.0,12.43,11.96,0.0,0.68
2010-04-29,0.0,13.4,12.66,0.0,0.73
2010-04-30,0.0,14.88,13.07,0.0,0.76
2010-05-01,0.0,13.68,12.5,0.0,0.72
2010-05-02,0.0,14.47,12.49,0.0,0.71
2010-05-03,0.0,13.89,13.2,0.0,0.73
2010-05-04,0.0,15.43,12.39,0.0,0.64
2010-05-05,0.0,0.0,0.0,0.0,0.0
2010-05-06,0.0,0.0,0.0,0.0,0.0
2010-05-07,0.0,0.0,0.0,0.0,0.0
2010-05-08,0.0,0.0,0.0,0.0,0.0
2010-05-09,0.0,0.0,0.0,0.0,0.0
2010-05-10,0.002,14.7,10.0,0.08,4.6
2010-05-11,0.001,13.73,11.78,0.0,1.96
2010-05-12,0.0,13.5,13.25,0.0,0.38
2010-05-13,0.0,0.0,0.0,0.0,0.0
2010-05-14,0.0,0.0,0.0,0.0,0.0
2010-05-15,0.0,0.0,0.0,0.0,0.0
2010-05-16,0.0,0.0,0.0,0.0,0.0
2010-05-17,0.0,0.0,0.0,0.0,0.0
2010-05-18,0.0,0.0,0.0,0.0,0.0
2010-05-19,0.0,0.0,0.0,0.0,0.0
2010-05-20,0.0,0.0,0.0,0.0,0.0
2010-05-21,0.0,0.0,0.0,0.0,0.0
2010-05-22,0.0,0.0,0.0,0.0,0.0
2010-05-23,0.0,0.0,0.0,0.0,0.0
2010-05-24,0.0,0.0,0.0,0.0,0.0
2010-05-25,0.0,0.0,0.0,0.0,0.0
2010-05-26,0.0,0.0,0.0,0.0,0.0
2010-05-27,0.023,64.98,9.95,1.29,53.73
2010-05-28,0.006,32.33,10.9,0.0,21.42
2010-05-29,0.001,13.89,10.63,0.0,3.4
2010-05-30,0.0,11.57,10.72,0.0,0.68
2010-05-31,0.0,11.57,9.1,0.0,0.49
2010-06-01,0.0,0.0,0.0,0.0,0.0
2010-06-02,0.0,0.0,0.0,0.0,0.0
2010-06-03,0.0,0.0,0.0,0.0,0.0
2010-06-04,0.0,0.0,0.0,0.0,0.0
2010-06-05,0.0,0.0,0.0,0.0,0.0
2010-06-06,0.0,0.0,0.0,0.0,0.0
2010-06-07,0.0,0.0,0.0,0.0,0.0
2010-06-08,0.0,0.0,0.0,0.0,0.0
2010-06-09,0.0,0.0,0.0,0.0,0.0
2010-06-10,0.0,0.0,0.0,0.0,0.0
2010-06-11,0.0,0.0,0.0,0.0,0.0
2010-06-12,0.0,0.0,0.0,0.0,0.0
2010-06-13,0.0,0.0,0.0,0.0,0.0
2010-06-14,0.0,0.0,0.0,0.0,0.0
2010-06-15,0.0,0.0,0.0,0.0,0.0
2010-06-16,0.0,0.0,0.0,0.0,0.0
2010-06-17,0.0,0.0,0.0,0.0,0.0
2010-06-18,0.0,0.0,0.0,0.0,0.0
2010-06-19,0.0,0.0,0.0,0.0,0.0
2010-06-20,0.0,0.0,0.0,0.0,0.0
2010-06-21,0.0,0.0,0.0,0.0,0.0
2010-06-22,0.0,0.0,0.0,0.0,0.0
2010-06-23,0.0,0.0,0.0,0.0,0.0
2010-06-24,0.0,0.0,0.0,0.0,0.0
2010-06-25,0.0,0.0,0.0,0.0,0.0
2010-06-26,0.0,0.0,0.0,0.0,0.0
2010-06-27,0.0,0.0,0.0,0.0,0.0
2010-06-28,0.0,0.0,0.0,0.0,0.0
2010-06-29,0.0,0.0,0.0,0.0,0.0
2010-06-30,0.0,0.0,0.0,0.0,0.0
2010-07-01,0.0,0.0,0.0,0.0,0.0
2010-07-02,0.0,0.0,0.0,0.0,0.0
2010-07-03,0.0,0.0,0.0,0.0,0.0
2010-07-04,0.0,0.0,0.0,0.0,0.0
2010-07-05,0.0,0.0,0.0,0.0,0.0
2010-07-06,0.0,0.0,0.0,0.0,0.0
2010-07-07,0.0,0.0,0.0,0.0,0.0
2010-07-08,0.0,0.0,0.0,0.0,0.0
2010-07-09,0.0,0.0,0.0,0.0,0.0
2010-07-10,0.0,0.0,0.0,0.0,0.0
2010-07-11,0.0,0.0,0.0,0.0,0.0
2010-07-12,0.0,0.0,0.0,0.0,0.0
2010-07-13,0.0,0.0,0.0,0.0,0.0
2010-07-14,0.0,0.0,0.0,0.0,0.0
2010-07-15,0.0,0.0,0.0,0.0,0.0
2010-07-16,0.0,0.0,0.0,0.0,0.0
2010-07-17,0.0,0.0,0.0,0.0,0.0
2010-07-18,0.0,0.0,0.0,0.0,0.0
2010-07-19,0.0,0.0,0.0,0.0,0.0
2010-07-20,0.0,0.0,0.0,0.0,0.0
2010-07-21,0.0,0.0,0.0,0.0,0.0
2010-07-22,0.0,0.0,0.0,0.0,0.0
2010-07-23,0.0,0.0,0.0,0.0,0.0
2010-07-24,0.0,0.0,0.0,0.0,0.0
2010-07-25,0.0,0.0,0.0,0.0,0.0
2010-07-26,0.0,0.0,0.0,0.0,0.0
2010-07-27,0.0,0.0,0.0,0.0,0.0
2010-07-28,0.0,0.0,0.0,0.0,0.0
2010-07-29,0.0,0.0,0.0,0.0,0.0
2010-07-30,0.0,0.0,0.0,0.0,0.0
2010-07-31,0.0,0.0,0.0,0.0,0.0
2010-08-01,0.0,0.0,0.0,0.0,0.0
2010-08-02,0.0,0.0,0.0,0.0,0.0
2010-08-03,0.0,0.0,0.0,0.0,0.0
2010-08-04,0.0,0.0,0.0,0.0,0.0
2010-08-05,0.0,0.0,0.0,0.0,0.0
2010-08-06,0.0,0.0,0.0,0.0,0.0
2010-08-07,0.0,0.0,0.0,0.0,0.0
2010-08-08,0.0,0.0,0.0,0.0,0.0
2010-08-09,0.0,0.0,0.0,0.0,0.0
2010-08-10,0.0,0.0,0.0,0.0,0.0
2010-08-11,0.0,0.0,0.0,0.0,0.0
2010-08-12,0.0,0.0,0.0,0.0,0.0
2010-08-13,0.0,0.0,0.0,0.0,0.0
2010-08-14,0.0,0.0,0.0,0.0,0.0
2010-08-15,0.0,0.0,0.0,0.0,0.0
2010-08-16,0.0,0.0,0.0,0.0,0.0
2010-08-17,0.0,0.0,0.0,0.0,0.0
2010-08-18,0.0,0.0,0.0,0.0,0.0
2010-08-19,0.0,0.0,0.0,0.0,0.0
2010-08-20,0.0,0.0,0.0,0.0,0.0
2010-08-21,0.0,0.0,0.0,0.0,0.0
2010-08-22,0.0,0.0,0.0,0.0,0.0
2010-08-23,0.0,0.0,0.0,0.0,0.0
2010-08-24,0.0,0.0,0.0,0.0,0.0
2010-08-25,0.0,0.0,0.0,0.0,0.0
2010-08-26,0.0,0.0,0.0,0.0,0.0
2010-08-27,0.0,0.0,0.0,0.0,0.0
2010-08-28,0.0,0.0,0.0,0.0,0.0
2010-08-29,0.0,0.0,0.0,0.0,0.0
2010-08-30,0.0,0.0,0.0,0.0,0.0
2010-08-31,0.0,0.0,0.0,0.0,0.0
2010-09-01,0.0,0.0,0.0,0.0,0.0
2010-09-02,0.0,0.0,0.0,0.0,0.0
2010-09-03,0.0,0.0,0.0,0.0,0.0
2010-09-04,0.0,0.0,0.0,0.0,0.0
2010-09-05,0.0,0.0,0.0,0.0,0.0
2010-09-06,0.0,0.0,0.0,0.0,0.0
2010-09-07,0.0,0.0,0.0,0.0,0.0
2010-09-08,0.0,0.0,0.0,0.0,0.0
2010-09-09,0.0,0.0,0.0,0.0,0.0
2010-09-10,0.0,0.0,0.0,0.0,0.0
2010-09-11,0.0,0.0,0.0,0.0,0.0
2010-09-12,0.0,0.0,0.0,0.0,0.0
2010-09-13,0.0,0.0,0.0,0.0,0.0
2010-09-14,0.0,0.0,0.0,0.0,0.0
2010-09-15,0.0,0.0,0.0,0.0,0.0
2010-09-16,0.0,0.0,0.0,0.0,0.0
2010-09-17,0.0,0.0,0.0,0.0,0.0
2010-09-18,0.0,0.0,0.0,0.0,0.0
2010-09-19,0.0,0.0,0.0,0.0,0.0
2010-09-20,0.0,0.0,0.0,0.0,0.0
2010-09-21,0.0,0.0,0.0,0.0,0.0
2010-09-22,0.0,0.0,0.0,0.0,0.0
2010-09-23,0.0,0.0,0.0,0.0,0.0
2010-09-24,0.0,0.0,0.0,0.0,0.0
2010-09-25,0.0,0.0,0.0,0.0,0.0
2010-09-26,0.0,0.0,0.0,0.0,0.0
2010-09-27,0.0,0.0,0.0,0.0,0.0
2010-09-28,0.0,0.0,0.0,0.0,0.0
2010-09-29,0.0,0.0,0.0,0.0,0.0
2010-09-30,0.0,0.0,0.0,0.0,0.0
2010-10-01,0.0,0.0,0.0,0.0,0.0
2010-10-02,0.0,0.0,0.0,0.0,0.0
2010-10-03,0.0,0.0,0.0,0.0,0.0
2010-10-04,0.0,0.0,0.0,0.0,0.0
2010-10-05,0.0,0.0,0.0,0.0,0.0
2010-10-06,0.0,0.0,0.0,0.0,0.0
2010-10-07,0.0,0.0,0.0,0.0,0.0
2010-10-08,0.0,0.0,0.0,0.0,0.0
2010-10-09,0.0,0.0,0.0,0.0,0.0
2010-10-10,0.0,0.0,0.0,0.0,0.0
2010-10-11,0.0,0.0,0.0,0.0,0.0
2010-10-12,0.0,0.0,0.0,0.0,0.0
2010-10-13,0.0,0.0,0.0,0.0,0.0
2010-10-14,0.0,0.0,0.0,0.0,0.0
2010-10-15,0.0,0.0,0.0,0.0,0.0
2010-10-16,0.0,0.0,0.0,0.0,0.0
2010-10-17,0.0,0.0,0.0,0.0,0.0
2010-10-18,0.0,0.0,0.0,0.0,0.0
2010-10-19,0.0,0.0,0.0,0.0,0.0
2010-10-20,0.0,0.0,0.0,0.0,0.0
2010-10-21,0.0,0.0,0.0,0.0,0.0
2010-10-22,0.0,0.0,0.0,0.0,0.0
2010-10-23,0.008,25.35,9.49,0.7,15.15
2010-10-24,0.151,85.26,9.93,0.49,74.84
2010-10-25,0.046,61.18,11.26,0.0,49.93
2010-10-26,0.004,18.79,11.03,0.0,7.75
2010-10-27,0.001,12.21,11.3,0.0,0.94
2010-10-28,0.001,12.35,11.61,0.0,0.72
2010-10-29,0.001,12.46,11.74,0.0,0.74
2010-10-30,0.001,12.48,11.8,0.0,0.75
2010-10-31,0.001,12.61,11.7,0.0,0.72
2010-11-01,0.0,12.07,11.5,0.0,0.71
2010-11-02,0.0,12.73,11.67,0.0,0.73
2010-11-03,0.0,12.57,11.75,0.0,0.73
2010-11-04,0.0,13.12,12.1,0.0,0.75
2010-11-05,0.0,12.43,11.73,0.0,0.72
2010-11-06,0.0,13.08,12.03,0.0,0.74
2010-11-07,0.066,101.8,9.99,0.18,91.63
2010-11-08,0.016,49.94,11.52,0.0,38.41
2010-11-09,0.002,15.95,11.68,0.0,4.26
2010-11-10,0.001,12.44,11.66,0.0,0.76
2010-11-11,0.001,12.5,11.66,0.0,0.71
2010-11-12,0.0,12.38,11.77,0.0,0.73
2010-11-13,0.0,12.51,11.75,0.0,0.72
2010-11-14,0.0,12.69,11.84,0.0,0.73
2010-11-15,0.0,12.43,12.13,0.0,0.75
2010-11-16,0.0,12.96,11.76,0.0,0.72
2010-11-17,0.0,12.63,12.03,0.0,0.74
2010-11-18,0.0,12.15,11.9,0.0,0.73
2010-11-19,0.022,47.02,6.97,0.17,39.88
2010-11-20,0.156,104.36,9.99,1.14,93.22
2010-11-21,0.101,115.62,11.47,0.0,104.15
2010-11-22,0.01,30.74,11.41,0.0,19.33
2010-11-23,0.015,25.32,10.23,0.01,15.08
2010-11-24,0.008,14.12,11.24,0.0,2.88
2010-11-25,0.003,11.23,10.53,0.0,0.72
2010-11-26,0.002,11.19,10.45,0.0,0.72
2010-11-27,0.029,41.86,9.92,0.02,31.92
2010-11-28,0.012,23.39,11.42,0.0,11.98
2010-11-29,0.004,12.18,11.11,0.0,1.06
2010-11-30,0.002,11.79,11.14,0.0,0.66
2010-12-01,0.001,12.6,11.86,0.0,0.7
2010-12-02,0.001,12.69,11.96,0.0,0.72
2010-12-03,0.001,12.72,11.96,0.0,0.73
2010-12-04,0.001,13.0,12.14,0.0,0.74
2010-12-05,0.067,80.72,9.49,0.2,71.04
2010-12-06,0.074,50.79,10.78,0.01,40.01
2010-12-07,0.018,14.41,10.78,0.0,3.64
2010-12-08,0.072,32.73,9.89,0.02,22.82
2010-12-09,0.049,18.98,10.86,0.0,8.13
2010-12-10,0.029,11.9,10.93,0.0,0.97
2010-12-11,0.025,11.69,10.93,0.0,0.76
2010-12-12,0.022,11.54,10.79,0.0,0.75
2010-12-13,0.018,11.37,10.63,0.0,0.74
2010-12-14,0.03,28.13,9.52,0.01,18.59
2010-12-15,0.028,19.72,10.47,0.0,9.26
2010-12-16,0.02,11.15,10.24,0.0,0.91
2010-12-17,0.086,40.72,9.35,0.08,31.29
2010-12-18,0.113,33.72,10.49,0.01,23.23
2010-12-19,0.386,146.99,10.08,21.52,115.39
2010-12-20,0.327,37.71,10.32,0.09,27.3
2010-12-21,0.303,14.35,10.31,0.02,4.02
2010-12-22,0.495,35.52,10.14,4.72,20.66
2010-12-23,0.458,14.08,10.48,0.73,2.88
2010-12-24,0.405,11.73,10.46,0.04,1.23
2010-12-25,0.508,42.02,10.27,6.78,24.97
2010-12-26,0.66,30.53,10.66,4.73,15.14
2010-12-27,0.579,13.26,10.6,0.72,1.94
2010-12-28,0.653,35.65,10.4,7.89,17.37
2010-12-29,0.997,54.85,10.52,15.04,29.3
2010-12-30,0.927,14.69,10.59,1.45,2.65
2010-12-31,0.854,12.71,10.76,0.73,1.22
2011-01-01,0.948,25.18,10.59,4.75,9.84
2011-01-02,1.25,31.5,10.57,8.86,12.07
2011-01-03,1.276,14.96,10.79,1.79,2.37
2011-01-04,1.131,12.91,10.83,0.88,1.21
2011-01-05,1.019,12.78,10.86,0.78,1.14
2011-01-06,0.923,12.78,10.91,0.73,1.14
2011-01-07,0.836,12.77,10.95,0.68,1.14
2011-01-08,0.767,12.78,11.0,0.64,1.14
2011-01-09,0.684,12.74,11.03,0.57,1.14
2011-01-10,0.61,12.63,11.04,0.46,1.14
2011-01-11,0.579,12.63,11.1,0.39,1.14
2011-01-12,0.504,12.43,11.14,0.14,1.14
2011-01-13,0.458,12.26,11.1,0.03,1.14
2011-01-14,0.401,12.33,11.18,0.02,1.13
2011-01-15,0.349,12.33,11.19,0.01,1.13
2011-01-16,0.31,12.39,11.26,0.01,1.12
2011-01-17,0.276,12.45,11.34,0.0,1.11
2011-01-18,0.299,12.47,11.35,0.0,1.11
2011-01-19,0.244,12.65,11.55,0.0,1.1
2011-01-20,0.205,12.49,11.46,0.0,1.02
2011-01-21,0.187,12.47,11.48,0.0,0.99
2011-01-22,0.168,12.45,11.49,0.0,0.96
2011-01-23,0.149,12.43,11.5,0.0,0.93
2011-01-24,0.134,12.39,11.48,0.0,0.91
2011-01-25,0.121,12.36,11.48,0.0,0.88
2011-01-26,0.105,12.35,11.49,0.0,0.86
2011-01-27,0.092,12.27,11.43,0.0,0.84
2011-01-28,0.083,12.26,11.43,0.0,0.83
2011-01-29,0.071,12.23,11.41,0.0,0.81
2011-01-30,0.276,45.85,10.13,0.17,35.56
2011-01-31,0.289,15.65,10.79,0.01,4.86
2011-02-01,0.247,12.25,10.95,0.0,1.29
2011-02-02,0.209,11.93,10.89,0.0,1.04
2011-02-03,0.196,11.94,10.92,0.0,1.01
2011-02-04,0.177,11.9,10.91,0.0,0.98
2011-02-05,0.155,11.88,10.93,0.0,0.95
2011-02-06,0.129,11.8,10.9,0.0,0.9
2011-02-07,0.117,11.69,10.81,0.0,0.88
2011-02-08,0.08,11.9,11.08,0.0,0.82
2011-02-09,0.07,11.47,10.64,0.0,0.82
2011-02-10,0.069,11.45,10.63,0.0,0.82
2011-02-11,0.06,11.4,10.6,0.0,0.8
2011-02-12,0.051,11.27,10.48,0.0,0.79
2011-02-13,0.042,11.12,10.34,0.0,0.78
2011-02-14,0.045,13.36,9.01,0.0,4.35
2011-02-15,0.061,13.32,8.41,0.01,4.9
2011-02-16,0.202,47.32,9.16,0.12,38.03
2011-02-17,0.485,57.78,9.4,11.16,37.22
2011-02-18,0.745,36.75,9.85,8.14,18.77
2011-02-19,1.14,24.36,10.19,5.2,8.97
2011-02-20,1.104,13.07,10.27,1.09,1.7
2011-02-21,1.021,12.25,10.33,0.75,1.17
2011-02-22,0.882,12.24,10.39,0.71,1.14
2011-02-23,0.758,12.16,10.37,0.65,1.14
2011-02-24,0.697,12.8,10.28,0.91,1.61
2011-02-25,1.262,47.26,10.18,14.47,22.61
2011-02-26,1.291,15.83,10.55,1.97,3.32
2011-02-27,1.129,12.66,10.56,0.83,1.26
2011-02-28,0.988,12.51,10.63,0.74,1.14
2011-03-01,0.86,12.5,10.66,0.7,1.14
2011-03-02,0.89,14.02,10.48,1.42,2.12
2011-03-03,0.84,12.58,10.52,0.8,1.26
2011-03-04,0.709,12.32,10.54,0.64,1.14
2011-03-05,0.606,12.22,10.55,0.53,1.14
2011-03-06,0.875,29.45,10.28,6.97,12.2
2011-03-07,0.929,15.36,10.52,1.78,3.06
2011-03-08,0.864,12.48,10.5,0.73,1.24
2011-03-09,0.75,12.41,10.62,0.64,1.14
2011-03-10,0.644,12.31,10.6,0.57,1.14
2011-03-11,0.531,12.23,10.73,0.37,1.13
2011-03-12,0.451,12.05,10.74,0.17,1.13
2011-03-13,0.442,12.36,10.51,0.12,1.73
2011-03-14,0.671,33.86,10.51,6.23,17.12
2011-03-15,0.706,23.48,10.4,4.48,8.6
2011-03-16,0.863,21.5,10.43,3.86,7.21
2011-03-17,0.756,12.82,10.52,0.79,1.51
2011-03-18,0.931,42.94,10.23,11.81,20.9
2011-03-19,1.51,32.85,10.47,9.19,13.19
2011-03-20,2.398,32.97,11.57,9.23,12.17
2011-03-21,2.388,16.6,11.9,2.03,2.67
2011-03-22,2.048,13.76,11.61,0.93,1.22
2011-03-23,2.199,24.71,11.54,5.69,7.49
2011-03-24,3.407,133.67,12.11,52.49,69.07
2011-03-25,4.372,32.57,13.02,8.44,11.11
2011-03-26,4.566,31.12,12.95,7.85,10.32
2011-03-27,4.226,16.68,13.06,1.56,2.06
2011-03-28,3.395,14.82,12.75,0.9,1.18
2011-03-29,2.801,14.4,12.4,0.87,1.14
2011-03-30,2.272,14.07,12.07,0.86,1.14
2011-03-31,1.872,13.77,11.77,0.86,1.14
2011-04-01,1.566,13.58,11.58,0.86,1.14
2011-04-02,1.264,13.6,11.6,0.86,1.14
2011-04-03,1.017,13.63,11.68,0.82,1.14
2011-04-04,0.831,13.59,11.79,0.67,1.14
2011-04-05,0.67,13.57,11.95,0.48,1.14
2011-04-06,0.529,13.47,12.1,0.23,1.14
2011-04-07,0.411,13.24,12.09,0.02,1.13
2011-04-08,0.36,13.4,12.27,0.01,1.12
2011-04-09,0.288,13.55,12.44,0.01,1.1
2011-04-10,0.231,13.63,12.57,0.0,1.06
2011-04-11,0.182,13.72,12.7,0.0,1.02
2011-04-12,0.144,13.81,12.83,0.0,0.98
2011-04-13,0.112,13.93,13.0,0.0,0.93
2011-04-14,0.087,14.16,13.27,0.0,0.89
2011-04-15,0.064,14.38,13.54,0.0,0.84
2011-04-16,0.055,14.64,13.81,0.0,0.84
2011-04-17,0.036,15.4,14.6,0.0,0.8
2011-04-18,0.019,16.23,15.48,0.0,0.75
2011-04-19,0.013,16.71,15.93,0.0,0.77
2011-04-20,0.005,16.54,15.85,0.0,0.68
2011-04-21,0.002,16.96,16.23,0.0,0.73
2011-04-22,0.0,17.06,17.03,0.0,0.16
2011-04-23,0.0,23.15,21.55,0.0,0.04
2011-04-24,0.0,0.0,0.0,0.0,0.0
2011-04-25,0.0,0.0,0.0,0.0,0.0
2011-04-26,0.0,0.0,0.0,0.0,0.0
2011-04-27,0.0,0.0,0.0,0.0,0.0
2011-04-28,0.0,0.0,0.0,0.0,0.0
2011-04-29,0.0,0.0,0.0,0.0,0.0
2011-04-30,0.0,0.0,0.0,0.0,0.0
2011-05-01,0.0,0.0,0.0,0.0,0.0
2011-05-02,0.0,0.0,0.0,0.0,0.0
2011-05-03,0.0,0.0,0.0,0.0,0.0
2011-05-04,0.0,0.0,0.0,0.0,0.0
2011-05-05,0.0,0.0,0.0,0.0,0.0
2011-05-06,0.0,0.0,0.0,0.0,0.0
2011-05-07,0.0,0.0,0.0,0.0,0.0
2011-05-08,0.0,0.0,0.0,0.0,0.0
2011-05-09,0.0,0.0,0.0,0.0,0.0
2011-05-10,0.0,0.0,0.0,0.0,0.0
2011-05-11,0.0,0.0,0.0,0.0,0.0
2011-05-12,0.0,0.0,0.0,0.0,0.0
2011-05-13,0.0,0.0,0.0,0.0,0.0
2011-05-14,0.0,0.0,0.0,0.0,0.0
2011-05-15,0.013,22.21,11.37,0.02,10.81
2011-05-16,0.008,21.88,9.78,0.01,12.1
2011-05-17,0.019,20.61,9.96,0.01,10.65
2011-05-18,0.019,21.58,10.23,0.0,11.34
2011-05-19,0.002,12.64,10.61,0.0,2.0
2011-05-20,0.0,11.57,10.74,0.0,0.55
2011-05-21,0.0,12.63,11.66,0.0,0.68
2011-05-22,0.0,10.29,10.15,0.0,0.63
2011-05-23,0.0,9.65,9.73,0.0,0.61
2011-05-24,0.0,8.68,8.97,0.0,0.57
2011-05-25,0.0,23.15,15.98,0.0,1.03
2011-05-26,0.0,11.57,14.17,0.0,1.0
2011-05-27,0.0,0.0,0.0,0.0,0.0
2011-05-28,0.0,0.0,0.0,0.0,0.0
2011-05-29,0.0,0.0,0.0,0.0,0.0
2011-05-30,0.0,0.0,0.0,0.0,0.0
2011-05-31,0.0,0.0,0.0,0.0,0.0
2011-06-01,0.001,12.9,9.04,0.09,3.75
2011-06-02,0.0,11.84,10.47,0.0,1.44
2011-06-03,0.0,11.57,11.82,0.0,0.28
2011-06-04,0.11,57.62,10.49,0.05,47.08
2011-06-05,0.037,26.39,10.86,0.0,15.53
2011-06-06,0.005,14.77,11.48,0.0,3.28
2011-06-07,0.001,12.61,11.9,0.0,0.69
2011-06-08,0.0,12.56,12.11,0.0,0.69
2011-06-09,0.0,12.9,12.23,0.0,0.72
2011-06-10,0.0,13.35,12.5,0.0,0.74
2011-06-11,0.0,12.68,12.3,0.0,0.73
2011-06-12,0.0,13.74,13.1,0.0,0.78
2011-06-13,0.0,12.4,11.98,0.0,0.71
2011-06-14,0.0,13.89,13.07,0.0,0.77
2011-06-15,0.0,13.02,12.26,0.0,0.71
2011-06-16,0.0,11.57,11.86,0.0,0.67
2011-06-17,0.0,15.43,10.82,0.0,0.6
2011-06-18,0.0,5.79,9.02,0.0,0.5
2011-06-19,0.0,0.0,0.0,0.0,0.0
2011-06-20,0.0,0.0,0.0,0.0,0.0
2011-06-21,0.0,0.0,0.0,0.0,0.0
2011-06-22,0.0,0.0,0.0,0.0,0.0
2011-06-23,0.0,0.0,0.0,0.0,0.0
2011-06-24,0.0,0.0,0.0,0.0,0.0
2011-06-25,0.0,0.0,0.0,0.0,0.0
2011-06-26,0.0,0.0,0.0,0.0,0.0
2011-06-27,0.0,0.0,0.0,0.0,0.0
2011-06-28,0.098,102.45,10.25,0.84,91.36
2011-06-29,0.04,66.37,11.85,0.0,54.53
2011-06-30,0.003,20.63,11.67,0.0,8.97
2011-07-01,0.001,12.92,11.85,0.0,1.06
2011-07-02,0.0,12.66,12.21,0.0,0.7
2011-07-03,0.0,13.02,12.48,0.0,0.74
2011-07-04,0.0,14.01,12.53,0.0,0.74
2011-07-05,0.0,12.3,11.92,0.0,0.7
2011-07-06,0.0,13.68,12.62,0.0,0.74
2011-07-07,0.0,13.02,12.17,0.0,0.72
2011-07-08,0.0,15.43,13.7,0.0,0.8
2011-07-09,0.0,15.43,14.15,0.0,0.8
2011-07-10,0.0,17.36,13.16,0.0,0.76
2011-07-11,0.0,0.0,0.0,0.0,0.0
2011-07-12,0.0,0.0,0.0,0.0,0.0
2011-07-13,0.0,0.0,0.0,0.0,0.0
2011-07-14,0.0,0.0,0.0,0.0,0.0
2011-07-15,0.0,0.0,0.0,0.0,0.0
2011-07-16,0.0,0.0,0.0,0.0,0.0
2011-07-17,0.0,0.0,0.0,0.0,0.0
2011-07-18,0.0,0.0,0.0,0.0,0.0
2011-07-19,0.0,0.0,0.0,0.0,0.0
2011-07-20,0.0,0.0,0.0,0.0,0.0
2011-07-21,0.0,0.0,0.0,0.0,0.0
2011-07-22,0.0,0.0,0.0,0.0,0.0
2011-07-23,0.0,0.0,0.0,0.0,0.0
2011-07-24,0.0,0.0,0.0,0.0,0.0
2011-07-25,0.0,0.0,0.0,0.0,0.0
2011-07-26,0.0,0.0,0.0,0.0,0.0
2011-07-27,0.0,0.0,0.0,0.0,0.0
2011-07-28,0.0,0.0,0.0,0.0,0.0
2011-07-29,0.0,0.0,0.0,0.0,0.0
2011-07-30,0.0,0.0,0.0,0.0,0.0
2011-07-31,0.0,0.0,0.0,0.0,0.0
2011-08-01,0.0,0.0,0.0,0.0,0.0
2011-08-02,0.0,0.0,0.0,0.0,0.0
2011-08-03,0.0,0.0,0.0,0.0,0.0
2011-08-04,0.0,0.0,0.0,0.0,0.0
2011-08-05,0.0,0.0,0.0,0.0,0.0
2011-08-06,0.0,0.0,0.0,0.0,0.0
2011-08-07,0.0,0.0,0.0,0.0,0.0
2011-08-08,0.0,0.0,0.0,0.0,0.0
2011-08-09,0.0,0.0,0.0,0.0,0.0
2011-08-10,0.0,0.0,0.0,0.0,0.0
2011-08-11,0.0,0.0,0.0,0.0,0.0
2011-08-12,0.0,0.0,0.0,0.0,0.0
2011-08-13,0.0,0.0,0.0,0.0,0.0
2011-08-14,0.0,0.0,0.0,0.0,0.0
2011-08-15,0.0,0.0,0.0,0.0,0.0
2011-08-16,0.0,0.0,0.0,0.0,0.0
2011-08-17,0.0,0.0,0.0,0.0,0.0
2011-08-18,0.0,0.0,0.0,0.0,0.0
2011-08-19,0.0,0.0,0.0,0.0,0.0
2011-08-20,0.0,0.0,0.0,0.0,0.0
2011-08-21,0.0,0.0,0.0,0.0,0.0
2011-08-22,0.0,0.0,0.0,0.0,0.0
2011-08-23,0.0,0.0,0.0,0.0,0.0
2011-08-24,0.0,0.0,0.0,0.0,0.0
2011-08-25,0.0,0.0,0.0,0.0,0.0
2011-08-26,0.0,0.0,0.0,0.0,0.0
2011-08-27,0.0,0.0,0.0,0.0,0.0
2011-08-28,0.0,0.0,0.0,0.0,0.0
2011-08-29,0.0,0.0,0.0,0.0,0.0
2011-08-30,0.0,0.0,0.0,0.0,0.0
2011-08-31,0.0,0.0,0.0,0.0,0.0
2011-09-01,0.0,0.0,0.0,0.0,0.0
2011-09-02,0.0,0.0,0.0,0.0,0.0
2011-09-03,0.0,0.0,0.0,0.0,0.0
2011-09-04,0.0,0.0,0.0,0.0,0.0
2011-09-05,0.0,0.0,0.0,0.0,0.0
2011-09-06,0.0,0.0,0.0,0.0,0.0
2011-09-07,0.0,0.0,0.0,0.0,0.0
2011-09-08,0.0,0.0,0.0,0.0,0.0
2011-09-09,0.0,0.0,0.0,0.0,0.0
2011-09-10,0.0,0.0,0.0,0.0,0.0
2011-09-11,0.0,0.0,0.0,0.0,0.0
2011-09-12,0.0,0.0,0.0,0.0,0.0
2011-09-13,0.0,0.0,0.0,0.0,0.0
2011-09-14,0.0,0.0,0.0,0.0,0.0
2011-09-15,0.0,0.0,0.0,0.0,0.0
2011-09-16,0.0,0.0,0.0,0.0,0.0
2011-09-17,0.0,0.0,0.0,0.0,0.0
2011-09-18,0.0,0.0,0.0,0.0,0.0
2011-09-19,0.0,0.0,0.0,0.0,0.0
2011-09-20,0.0,0.0,0.0,0.0,0.0
2011-09-21,0.0,0.0,0.0,0.0,0.0
2011-09-22,0.0,0.0,0.0,0.0,0.0
2011-09-23,0.0,0.0,0.0,0.0,0.0
2011-09-24,0.0,0.0,0.0,0.0,0.0
2011-09-25,0.0,0.0,0.0,0.0,0.0
2011-09-26,0.0,0.0,0.0,0.0,0.0
2011-09-27,0.0,0.0,0.0,0.0,0.0
2011-09-28,0.0,0.0,0.0,0.0,0.0
2011-09-29,0.0,0.0,0.0,0.0,0.0
2011-09-30,0.0,0.0,0.0,0.0,0.0
2011-10-01,0.0,0.0,0.0,0.0,0.0
2011-10-02,0.0,0.0,0.0,0.0,0.0
2011-10-03,0.0,0.0,0.0,0.0,0.0
2011-10-04,0.006,39.1,5.52,2.36,31.23
2011-10-05,0.089,85.73,10.6,0.15,74.99
2011-10-06,0.022,27.8,10.66,0.0,17.13
2011-10-07,0.005,18.07,11.76,0.0,6.31
2011-10-08,0.001,12.6,11.65,0.0,0.92
2011-10-09,0.0,12.3,11.56,0.0,0.67
2011-10-10,0.004,24.87,11.93,0.01,12.93
2011-10-11,0.003,21.28,14.05,0.0,7.22
2011-10-12,0.0,13.89,12.98,0.0,0.96
2011-10-13,0.0,13.15,12.22,0.0,0.69
2011-10-14,0.0,12.94,12.57,0.0,0.75
2011-10-15,0.0,13.23,12.52,0.0,0.75
2011-10-16,0.0,13.35,12.26,0.0,0.75
2011-10-17,0.0,12.54,11.87,0.0,0.72
2011-10-18,0.0,12.73,11.89,0.0,0.7
2011-10-19,0.0,11.57,12.0,0.0,0.74
2011-10-20,0.0,13.23,12.06,0.0,0.73
2011-10-21,0.0,16.2,14.27,0.0,0.88
2011-10-22,0.0,13.89,13.09,0.0,0.8
2011-10-23,0.0,11.57,11.2,0.0,0.68
2011-10-24,0.0,15.43,14.09,0.0,0.84
2011-10-25,0.0,11.57,10.63,0.0,0.64
2011-10-26,0.0,11.57,7.56,0.0,0.45
2011-10-27,0.0,11.57,13.42,0.0,0.81
2011-10-28,0.0,0.0,0.0,0.0,0.0
2011-10-29,0.0,0.0,0.0,0.0,0.0
2011-10-30,0.0,0.0,0.0,0.0,0.0
2011-10-31,0.0,0.0,0.0,0.0,0.0
2011-11-01,0.0,0.0,0.0,0.0,0.0
2011-11-02,0.0,0.0,0.0,0.0,0.0
2011-11-03,0.0,0.0,0.0,0.0,0.0
2011-11-04,0.0,0.0,0.0,0.0,0.0
2011-11-05,0.038,73.44,9.4,2.4,61.64
2011-11-06,0.041,54.95,11.24,0.0,43.71
2011-11-07,0.003,18.61,11.04,0.0,7.59
2011-11-08,0.0,12.36,11.26,0.0,1.06
2011-11-09,0.0,12.15,11.81,0.0,0.71
2011-11-10,0.0,11.57,10.88,0.0,0.69
2011-11-11,0.0,11.57,11.3,0.0,0.71
2011-11-12,0.0,12.46,11.53,0.0,0.77
2011-11-13,0.0,12.46,11.72,0.0,0.75
2011-11-14,0.0,11.57,11.15,0.0,0.71
2011-11-15,0.0,12.73,11.87,0.0,0.76
2011-11-16,0.0,12.86,11.58,0.0,0.74
2011-11-17,0.0,10.13,11.27,0.0,0.72
2011-11-18,0.0,13.5,11.86,0.0,0.74
2011-11-19,0.007,23.1,5.33,0.03,17.74
2011-11-20,0.042,32.96,10.95,0.01,22.0
2011-11-21,0.005,14.8,11.13,0.0,3.68
2011-11-22,0.001,12.03,11.33,0.0,0.72
2011-11-23,0.0,12.04,11.2,0.0,0.6
2011-11-24,0.03,36.23,9.19,0.02,27.02
2011-11-25,0.005,17.79,10.31,0.0,7.48
2011-11-26,0.001,11.1,10.01,0.0,1.03
2011-11-27,0.0,11.19,10.82,0.0,0.68
2011-11-28,0.0,11.57,11.06,0.0,0.73
2011-11-29,0.0,12.13,11.34,0.0,0.75
2011-11-30,0.0,12.25,11.58,0.0,0.74
2011-12-01,0.0,10.29,11.13,0.0,0.7
2011-12-02,0.0,10.42,10.15,0.0,0.72
2011-12-03,0.0,10.29,10.54,0.0,0.69
2011-12-04,0.0,10.42,9.84,0.0,0.68
2011-12-05,0.0,10.42,10.13,0.0,0.68
2011-12-06,0.0,11.57,11.5,0.0,0.77
2011-12-07,0.0,13.23,12.08,0.0,0.81
2011-12-08,0.0,11.57,11.07,0.0,0.74
2011-12-09,0.0,11.57,11.47,0.0,0.77
2011-12-10,0.0,9.65,10.09,0.0,0.68
2011-12-11,0.0,11.57,10.6,0.0,0.71
2011-12-12,0.0,14.47,11.8,0.0,0.8
2011-12-13,0.0,8.68,10.55,0.0,0.72
2011-12-14,0.0,8.68,9.22,0.0,0.63
2011-12-15,0.009,21.78,10.01,0.0,11.78
2011-12-16,0.002,14.52,11.24,0.0,3.28
2011-12-17,0.0,12.25,11.04,0.0,0.62
2011-12-18,0.0,11.57,10.76,0.0,0.63
2011-12-19,0.0,11.57,12.09,0.0,0.78
2011-12-20,0.0,11.57,10.11,0.0,0.67
2011-12-21,0.0,8.68,8.59,0.0,0.57
2011-12-22,0.0,17.36,11.67,0.0,0.73
2011-12-23,0.0,17.36,10.61,0.0,0.73
2011-12-24,0.0,23.15,19.93,0.0,1.37
2011-12-25,0.0,23.15,17.26,0.0,1.19
2011-12-26,0.0,11.57,14.69,0.0,1.02
2011-12-27,0.0,0.0,11.79,0.0,0.83
2011-12-28,0.0,0.0,8.1,0.0,0.56
2011-12-29,0.0,0.0,0.0,0.0,0.0
2011-12-30,0.0,0.0,0.0,0.0,0.0
2011-12-31,0.0,0.0,0.0,0.0,0.0
2012-01-01,0.0,0.0,0.0,0.0,0.0
2012-01-02,0.0,0.0,0.0,0.0,0.0
2012-01-03,0.0,0.0,0.0,0.0,0.0
2012-01-04,0.0,0.0,0.0,0.0,0.0
2012-01-05,0.0,0.0,0.0,0.0,0.0
2012-01-06,0.0,0.0,0.0,0.0,0.0
2012-01-07,0.0,0.0,0.0,0.0,0.0
2012-01-08,0.0,0.0,0.0,0.0,0.0
2012-01-09,0.0,0.0,0.0,0.0,0.0
2012-01-10,0.0,0.0,0.0,0.0,0.0
2012-01-11,0.0,0.0,0.0,0.0,0.0
2012-01-12,0.0,0.0,0.0,0.0,0.0
2012-01-13,0.0,0.0,0.0,0.0,0.0
2012-01-14,0.0,0.0,0.0,0.0,0.0
2012-01-15,0.0,0.0,0.0,0.0,0.0
2012-01-16,0.0,0.0,0.0,0.0,0.0
2012-01-17,0.0,0.0,0.0,0.0,0.0
2012-01-18,0.0,0.0,0.0,0.0,0.0
2012-01-19,0.0,6.79,3.63,0.1,3.18
2012-01-20,0.142,107.74,7.85,19.29,80.61
2012-01-21,0.292,218.24,11.34,37.11,169.79
2012-01-22,0.072,41.15,9.68,0.04,31.43
2012-01-23,0.337,91.62,10.17,6.38,75.07
2012-01-24,0.135,25.03,10.84,0.0,14.19
2012-01-25,0.1,12.02,10.75,0.0,1.27
2012-01-26,0.088,11.59,10.74,0.0,0.85
2012-01-27,0.075,11.45,10.63,0.0,0.82
2012-01-28,0.063,11.38,10.58,0.0,0.8
2012-01-29,0.056,11.3,10.5,0.0,0.8
2012-01-30,0.049,11.32,10.54,0.0,0.78
2012-01-31,0.041,10.99,10.22,0.0,0.78
2012-02-01,0.033,10.7,9.93,0.0,0.76
2012-02-02,0.028,10.61,9.84,0.0,0.76
2012-02-03,0.023,10.12,9.37,0.0,0.75
2012-02-04,0.018,9.59,8.85,0.0,0.74
2012-02-05,0.014,9.38,8.63,0.0,0.74
2012-02-06,0.008,8.76,8.04,0.0,0.72
2012-02-07,0.084,38.99,9.74,0.02,29.23
2012-02-08,0.031,13.74,9.7,0.0,4.04
2012-02-09,0.021,10.14,9.33,0.0,0.81
2012-02-10,0.015,9.45,8.71,0.0,0.74
2012-02-11,0.011,8.41,7.69,0.0,0.73
2012-02-12,0.008,8.13,7.39,0.0,0.74
2012-02-13,0.003,9.74,8.49,0.0,1.24
2012-02-14,0.006,8.45,7.64,0.0,0.82
2012-02-15,0.004,8.07,7.36,0.0,0.71
2012-02-16,0.002,8.09,7.38,0.0,0.69
2012-02-17,0.001,8.45,7.88,0.0,0.68
2012-02-18,0.0,11.13,10.34,0.0,0.49
2012-02-19,0.0,13.68,12.95,0.0,0.7
2012-02-20,0.0,12.86,12.33,0.0,0.7
2012-02-21,0.0,15.43,14.33,0.0,0.79
2012-02-22,0.0,14.47,15.54,0.0,0.85
2012-02-23,0.0,11.57,10.44,0.0,0.55
2012-02-24,0.0,11.57,20.85,0.0,0.96
2012-02-25,0.0,0.0,0.0,0.0,0.0
2012-02-26,0.0,0.0,0.0,0.0,0.0
2012-02-27,0.0,0.0,0.0,0.0,0.0
2012-02-28,0.0,0.0,0.0,0.0,0.0
2012-02-29,0.084,70.79,10.37,0.23,60.2
2012-03-01,0.029,31.58,10.2,0.01,21.37
2012-03-02,0.011,15.96,11.09,0.0,4.87
2012-03-03,0.003,10.46,9.65,0.0,0.8
2012-03-04,0.001,11.4,10.89,0.0,0.55
2012-03-05,0.0,12.49,11.75,0.0,0.69
2012-03-06,0.0,12.81,12.06,0.0,0.73
2012-03-07,0.0,12.58,11.67,0.0,0.72
2012-03-08,0.0,12.15,11.5,0.0,0.7
2012-03-09,0.0,12.3,11.7,0.0,0.71
2012-03-10,0.0,12.54,12.17,0.0,0.73
2012-03-11,0.0,11.57,11.24,0.0,0.67
2012-03-12,0.0,13.23,12.78,0.0,0.77
2012-03-13,0.091,41.43,8.93,0.06,32.44
2012-03-14,0.227,51.12,9.96,0.21,40.95
2012-03-15,0.081,26.03,10.45,0.0,15.58
2012-03-16,0.13,48.89,9.45,0.18,39.26
2012-03-17,0.124,45.35,10.82,0.0,34.53
2012-03-18,0.064,12.17,9.89,0.0,2.28
2012-03-19,0.059,10.69,9.85,0.0,0.84
2012-03-20,0.049,10.29,9.5,0.0,0.79
2012-03-21,0.038,9.85,9.08,0.0,0.78
2012-03-22,0.036,10.02,9.23,0.0,0.79
2012-03-23,0.03,9.72,8.95,0.0,0.77
2012-03-24,0.072,32.68,7.73,0.19,24.75
2012-03-25,0.214,51.32,10.51,0.31,40.5
2012-03-26,0.089,13.65,9.85,0.0,3.8
2012-03-27,0.223,74.97,8.92,11.64,54.41
2012-03-28,0.302,52.7,10.05,5.83,36.81
2012-03-29,0.202,12.92,9.58,0.01,3.33
2012-03-30,0.173,10.58,9.46,0.0,1.12
2012-03-31,0.204,22.75,9.39,0.14,13.22
2012-04-01,0.174,12.73,9.47,0.0,3.25
2012-04-02,0.153,10.59,9.51,0.0,1.08
2012-04-03,0.128,10.4,9.44,0.0,0.96
2012-04-04,0.104,10.09,9.18,0.0,0.91
2012-04-05,0.087,9.88,9.0,0.0,0.88
2012-04-06,0.075,9.58,8.71,0.0,0.86
2012-04-07,0.063,9.28,8.44,0.0,0.85
2012-04-08,0.053,9.09,8.26,0.0,0.83
2012-04-09,0.043,8.86,8.05,0.0,0.81
2012-04-10,0.095,23.96,8.59,0.02,15.34
2012-04-11,0.115,20.51,10.1,0.01,10.4
2012-04-12,0.171,71.49,8.99,0.48,62.02
2012-04-13,0.325,70.4,10.01,5.86,54.53
2012-04-14,0.212,15.93,9.76,0.01,6.17
2012-04-15,0.175,11.01,9.75,0.0,1.25
2012-04-16,0.144,10.68,9.7,0.0,0.98
2012-04-17,0.122,10.45,9.52,0.0,0.93
2012-04-18,0.104,10.32,9.42,0.0,0.9
2012-04-19,0.082,9.87,9.0,0.0,0.86
2012-04-20,0.071,9.67,8.81,0.0,0.85
2012-04-21,0.056,9.14,8.31,0.0,0.83
2012-04-22,0.043,8.66,7.85,0.0,0.81
2012-04-23,0.032,8.19,7.4,0.0,0.79
2012-04-24,0.023,7.69,6.92,0.0,0.77
2012-04-25,0.02,8.79,7.06,0.0,1.73
2012-04-26,0.025,13.88,9.47,0.0,4.41
2012-04-27,0.014,8.34,7.47,0.0,0.87
2012-04-28,0.008,7.75,7.04,0.0,0.71
2012-04-29,0.004,7.83,7.13,0.0,0.71
2012-04-30,0.001,7.86,7.33,0.0,0.62
2012-05-01,0.0,8.01,8.16,0.0,0.22
2012-05-02,0.0,11.57,9.88,0.0,0.12
2012-05-03,0.0,0.0,0.0,0.0,0.0
2012-05-04,0.0,0.0,0.0,0.0,0.0
2012-05-05,0.0,0.0,0.0,0.0,0.0
2012-05-06,0.0,0.0,0.0,0.0,0.0
2012-05-07,0.0,0.0,0.0,0.0,0.0
2012-05-08,0.0,0.0,0.0,0.0,0.0
2012-05-09,0.0,0.0,0.0,0.0,0.0
2012-05-10,0.0,0.0,0.0,0.0,0.0
2012-05-11,0.0,0.0,0.0,0.0,0.0
2012-05-12,0.0,0.0,0.0,0.0,0.0
2012-05-13,0.0,0.0,0.0,0.0,0.0
2012-05-14,0.0,0.0,0.0,0.0,0.0
2012-05-15,0.0,0.0,0.0,0.0,0.0
2012-05-16,0.0,0.0,0.0,0.0,0.0
2012-05-17,0.0,0.0,0.0,0.0,0.0
2012-05-18,0.0,0.0,0.0,0.0,0.0
2012-05-19,0.0,0.0,0.0,0.0,0.0
2012-05-20,0.0,0.0,0.0,0.0,0.0
2012-05-21,0.0,0.0,0.0,0.0,0.0
2012-05-22,0.0,0.0,0.0,0.0,0.0
2012-05-23,0.0,0.0,0.0,0.0,0.0
2012-05-24,0.0,0.0,0.0,0.0,0.0
2012-05-25,0.0,0.0,0.0,0.0,0.0
2012-05-26,0.0,0.0,0.0,0.0,0.0
2012-05-27,0.0,0.0,0.0,0.0,0.0
2012-05-28,0.0,0.0,0.0,0.0,0.0
2012-05-29,0.0,0.0,0.0,0.0,0.0
2012-05-30,0.0,0.0,0.0,0.0,0.0
2012-05-31,0.0,0.0,0.0,0.0,0.0
2012-06-01,0.0,0.0,0.0,0.0,0.0
2012-06-02,0.0,0.0,0.0,0.0,0.0
2012-06-03,0.0,0.0,0.0,0.0,0.0
2012-06-04,0.0,0.0,0.0,0.0,0.0
2012-06-05,0.0,0.0,0.0,0.0,0.0
2012-06-06,0.0,0.0,0.0,0.0,0.0
2012-06-07,0.0,0.0,0.0,0.0,0.0
2012-06-08,0.0,0.0,0.0,0.0,0.0
2012-06-09,0.0,0.0,0.0,0.0,0.0
2012-06-10,0.0,0.0,0.0,0.0,0.0
2012-06-11,0.0,0.0,0.0,0.0,0.0
2012-06-12,0.0,0.0,0.0,0.0,0.0
2012-06-13,0.0,0.0,0.0,0.0,0.0
2012-06-14,0.0,0.0,0.0,0.0,0.0
2012-06-15,0.0,0.0,0.0,0.0,0.0
2012-06-16,0.0,0.0,0.0,0.0,0.0
2012-06-17,0.0,0.0,0.0,0.0,0.0
2012-06-18,0.0,0.0,0.0,0.0,0.0
2012-06-19,0.0,0.0,0.0,0.0,0.0
2012-06-20,0.0,0.0,0.0,0.0,0.0
2012-06-21,0.0,0.0,0.0,0.0,0.0
2012-06-22,0.0,0.0,0.0,0.0,0.0
2012-06-23,0.0,0.0,0.0,0.0,0.0
2012-06-24,0.0,0.0,0.0,0.0,0.0
2012-06-25,0.0,0.0,0.0,0.0,0.0
2012-06-26,0.0,0.0,0.0,0.0,0.0
2012-06-27,0.0,0.0,0.0,0.0,0.0
2012-06-28,0.0,0.0,0.0,0.0,0.0
2012-06-29,0.0,0.0,0.0,0.0,0.0
2012-06-30,0.0,0.0,0.0,0.0,0.0
2012-07-01,0.0,0.0,0.0,0.0,0.0
2012-07-02,0.0,0.0,0.0,0.0,0.0
2012-07-03,0.0,0.0,0.0,0.0,0.0
2012-07-04,0.0,0.0,0.0,0.0,0.0
2012-07-05,0.0,0.0,0.0,0.0,0.0
2012-07-06,0.0,0.0,0.0,0.0,0.0
2012-07-07,0.0,0.0,0.0,0.0,0.0
2012-07-08,0.0,0.0,0.0,0.0,0.0
2012-07-09,0.0,0.0,0.0,0.0,0.0
2012-07-10,0.0,0.0,0.0,0.0,0.0
2012-07-11,0.0,0.0,0.0,0.0,0.0
2012-07-12,0.0,0.0,0.0,0.0,0.0
2012-07-13,0.0,0.0,0.0,0.0,0.0
2012-07-14,0.0,0.0,0.0,0.0,0.0
2012-07-15,0.012,126.37,10.67,20.91,94.78
2012-07-16,0.021,69.04,10.9,0.0,58.13
2012-07-17,0.002,21.04,10.61,0.0,10.47
2012-07-18,0.0,12.54,10.76,0.0,1.76
2012-07-19,0.0,11.57,14.19,0.0,0.72
2012-07-20,0.0,0.0,0.0,0.0,0.0
2012-07-21,0.0,0.0,0.0,0.0,0.0
2012-07-22,0.0,0.0,0.0,0.0,0.0
2012-07-23,0.0,0.0,0.0,0.0,0.0
2012-07-24,0.0,0.0,0.0,0.0,0.0
2012-07-25,0.0,0.0,0.0,0.0,0.0
2012-07-26,0.0,0.0,0.0,0.0,0.0
2012-07-27,0.0,0.0,0.0,0.0,0.0
2012-07-28,0.0,0.0,0.0,0.0,0.0
2012-07-29,0.0,0.0,0.0,0.0,0.0
2012-07-30,0.0,0.0,0.0,0.0,0.0
2012-07-31,0.0,0.0,0.0,0.0,0.0
2012-08-01,0.0,0.0,0.0,0.0,0.0
2012-08-02,0.0,0.0,0.0,0.0,0.0
2012-08-03,0.0,0.0,0.0,0.0,0.0
2012-08-04,0.0,0.0,0.0,0.0,0.0
2012-08-05,0.0,0.0,0.0,0.0,0.0
2012-08-06,0.0,0.0,0.0,0.0,0.0
2012-08-07,0.0,0.0,0.0,0.0,0.0
2012-08-08,0.0,0.0,0.0,0.0,0.0
2012-08-09,0.0,0.0,0.0,0.0,0.0
2012-08-10,0.0,0.0,0.0,0.0,0.0
2012-08-11,0.0,0.0,0.0,0.0,0.0
2012-08-12,0.0,0.0,0.0,0.0,0.0
2012-08-13,0.0,0.0,0.0,0.0,0.0
2012-08-14,0.0,0.0,0.0,0.0,0.0
2012-08-15,0.0,0.0,0.0,0.0,0.0
2012-08-16,0.0,0.0,0.0,0.0,0.0
2012-08-17,0.0,0.0,0.0,0.0,0.0
2012-08-18,0.0,0.0,0.0,0.0,0.0
2012-08-19,0.0,0.0,0.0,0.0,0.0
2012-08-20,0.0,0.0,0.0,0.0,0.0
2012-08-21,0.0,0.0,0.0,0.0,0.0
2012-08-22,0.0,0.0,0.0,0.0,0.0
2012-08-23,0.0,0.0,0.0,0.0,0.0
2012-08-24,0.0,0.0,0.0,0.0,0.0
2012-08-25,0.0,0.0,0.0,0.0,0.0
2012-08-26,0.0,0.0,0.0,0.0,0.0
2012-08-27,0.0,0.0,0.0,0.0,0.0
2012-08-28,0.0,0.0,0.0,0.0,0.0
2012-08-29,0.0,0.0,0.0,0.0,0.0
2012-08-30,0.0,0.0,0.0,0.0,0.0
2012-08-31,0.0,0.0,0.0,0.0,0.0
2012-09-01,0.0,0.0,0.0,0.0,0.0
2012-09-02,0.0,0.0,0.0,0.0,0.0
2012-09-03,0.0,0.0,0.0,0.0,0.0
2012-09-04,0.0,0.0,0.0,0.0,0.0
2012-09-05,0.0,0.0,0.0,0.0,0.0
2012-09-06,0.0,0.0,0.0,0.0,0.0
2012-09-07,0.0,0.0,0.0,0.0,0.0
2012-09-08,0.0,0.0,0.0,0.0,0.0
2012-09-09,0.0,0.0,0.0,0.0,0.0
2012-09-10,0.0,0.0,0.0,0.0,0.0
2012-09-11,0.0,0.0,0.0,0.0,0.0
2012-09-12,0.0,0.0,0.0,0.0,0.0
2012-09-13,0.0,0.0,0.0,0.0,0.0
2012-09-14,0.0,0.0,0.0,0.0,0.0
2012-09-15,0.0,0.0,0.0,0.0,0.0
2012-09-16,0.0,0.0,0.0,0.0,0.0
2012-09-17,0.0,0.0,0.0,0.0,0.0
2012-09-18,0.0,0.0,0.0,0.0,0.0
2012-09-19,0.0,0.0,0.0,0.0,0.0
2012-09-20,0.0,0.0,0.0,0.0,0.0
2012-09-21,0.0,0.0,0.0,0.0,0.0
2012-09-22,0.0,0.0,0.0,0.0,0.0
2012-09-23,0.0,0.0,0.0,0.0,0.0
2012-09-24,0.0,0.0,0.0,0.0,0.0
2012-09-25,0.0,0.0,0.0,0.0,0.0
2012-09-26,0.0,0.0,0.0,0.0,0.0
2012-09-27,0.0,0.0,0.0,0.0,0.0
2012-09-28,0.0,0.0,0.0,0.0,0.0
2012-09-29,0.0,0.0,0.0,0.0,0.0
2012-09-30,0.0,0.0,0.0,0.0,0.0
2012-10-01,0.0,0.0,0.0,0.0,0.0
2012-10-02,0.0,0.0,0.0,0.0,0.0
2012-10-03,0.0,0.0,0.0,0.0,0.0
2012-10-04,0.0,0.0,0.0,0.0,0.0
2012-10-05,0.0,0.0,0.0,0.0,0.0
2012-10-06,0.0,0.0,0.0,0.0,0.0
2012-10-07,0.0,0.0,0.0,0.0,0.0
2012-10-08,0.0,0.0,0.0,0.0,0.0
2012-10-09,0.0,0.0,0.0,0.0,0.0
2012-10-10,0.0,0.0,0.0,0.0,0.0
2012-10-11,0.0,0.0,0.0,0.0,0.0
2012-10-12,0.0,0.0,0.0,0.0,0.0
2012-10-13,0.0,0.0,0.0,0.0,0.0
2012-10-14,0.0,0.0,0.0,0.0,0.0
2012-10-15,0.0,0.0,0.0,0.0,0.0
2012-10-16,0.0,0.0,0.0,0.0,0.0
2012-10-17,0.0,0.0,0.0,0.0,0.0
2012-10-18,0.0,0.0,0.0,0.0,0.0
2012-10-19,0.0,0.0,0.0,0.0,0.0
2012-10-20,0.0,0.0,0.0,0.0,0.0
2012-10-21,0.0,0.0,0.0,0.0,0.0
2012-10-22,0.115,54.27,10.11,1.1,43.06
2012-10-23,0.048,37.12,11.68,0.01,25.43
2012-10-24,0.004,16.18,11.73,0.0,4.44
2012-10-25,0.001,12.65,11.92,0.0,0.77
2012-10-26,0.001,12.67,11.96,0.0,0.7
2012-10-27,0.0,12.92,11.96,0.0,0.72
2012-10-28,0.0,12.79,11.99,0.0,0.73
2012-10-29,0.0,12.6,11.85,0.0,0.72
2012-10-30,0.0,13.12,12.08,0.0,0.74
2012-10-31,0.0,8.61,8.09,0.0,0.49
2012-11-01,0.024,28.03,10.68,0.01,17.34
2012-11-02,0.003,15.14,11.93,0.0,3.2
2012-11-03,0.0,12.76,12.14,0.0,0.69
2012-11-04,0.0,12.77,12.12,0.0,0.7
2012-11-05,0.0,12.96,12.15,0.0,0.73
2012-11-06,0.0,13.15,12.34,0.0,0.74
2012-11-07,0.0,12.79,12.43,0.0,0.74
2012-11-08,0.0,12.35,11.59,0.0,0.67
2012-11-09,0.0,11.57,11.44,0.0,0.71
2012-11-10,0.0,12.46,11.84,0.0,0.73
2012-11-11,0.0,12.54,12.32,0.0,0.75
2012-11-12,0.0,12.63,11.98,0.0,0.72
2012-11-13,0.0,11.57,12.2,0.0,0.72
2012-11-14,0.0,13.02,12.08,0.0,0.73
2012-11-15,0.0,13.23,12.48,0.0,0.74
2012-11-16,0.005,18.5,4.89,0.02,13.59
2012-11-17,0.084,33.12,9.56,0.03,23.53
2012-11-18,0.058,43.11,11.73,0.01,31.37
2012-11-19,0.005,17.14,11.66,0.0,5.47
2012-11-20,0.002,6.62,5.97,0.0,0.61
2012-11-21,0.115,56.08,10.38,0.06,45.64
2012-11-22,0.017,21.86,11.62,0.0,10.25
2012-11-23,0.005,12.68,11.64,0.0,1.04
2012-11-24,0.002,11.94,11.26,0.0,0.66
2012-11-25,0.001,12.52,11.79,0.0,0.7
2012-11-26,0.001,12.8,11.96,0.0,0.73
2012-11-27,0.001,12.72,11.98,0.0,0.73
2012-11-28,0.063,69.26,9.94,0.08,59.25
2012-11-29,0.021,34.96,11.18,0.0,23.77
2012-11-30,0.328,96.92,10.39,3.0,83.53
2012-12-01,0.214,43.53,10.7,0.07,32.76
2012-12-02,0.642,222.33,10.62,65.14,146.57
2012-12-03,0.56,47.29,11.65,7.03,28.61
2012-12-04,0.46,14.6,11.75,0.02,2.84
2012-12-05,0.508,45.39,11.51,0.92,32.96
2012-12-06,0.448,17.62,11.78,0.02,5.81
2012-12-07,0.39,13.09,11.68,0.01,1.4
2012-12-08,0.356,12.86,11.7,0.01,1.15
2012-12-09,0.318,12.9,11.78,0.01,1.12
2012-12-10,0.294,12.87,11.76,0.0,1.11
2012-12-11,0.275,12.87,11.77,0.0,1.1
2012-12-12,0.243,12.89,11.82,0.0,1.07
2012-12-13,0.226,12.85,11.8,0.0,1.05
2012-12-14,0.215,12.8,11.77,0.0,1.03
2012-12-15,0.224,17.35,11.56,0.01,5.78
2012-12-16,0.219,15.15,11.57,0.0,3.57
2012-12-17,0.213,15.18,11.28,0.01,3.89
2012-12-18,0.204,12.98,11.62,0.0,1.36
2012-12-19,0.187,12.62,11.62,0.0,1.0
2012-12-20,0.16,12.69,11.73,0.0,0.97
2012-12-21,0.188,35.79,10.39,0.28,25.11
2012-12-22,0.725,81.64,10.73,19.17,51.74
2012-12-23,1.472,150.01,11.05,59.44,79.52
2012-12-24,2.039,42.27,11.82,13.13,17.32
2012-12-25,2.096,67.06,11.57,23.96,31.53
2012-12-26,2.788,42.18,12.39,12.86,16.92
2012-12-27,2.395,15.51,12.24,1.41,1.86
2012-12-28,2.123,14.09,12.03,0.89,1.17
2012-12-29,1.866,13.87,11.86,0.86,1.14
2012-12-30,1.667,13.78,11.78,0.86,1.14
2012-12-31,1.498,13.79,11.79,0.86,1.14
2013-01-01,1.342,13.82,11.82,0.86,1.14
2013-01-02,1.199,13.84,11.84,0.86,1.14
2013-01-03,1.076,13.86,11.86,0.86,1.14
2013-01-04,0.961,13.89,11.89,0.86,1.14
2013-01-05,0.885,24.17,11.81,5.33,7.02
2013-01-06,1.109,40.68,11.87,12.44,16.37
2013-01-07,1.049,15.78,12.08,1.6,2.1
2013-01-08,0.923,14.19,12.1,0.9,1.19
2013-01-09,0.81,14.13,12.13,0.85,1.14
2013-01-10,0.7,13.85,12.11,0.61,1.13
2013-01-11,0.645,13.56,12.13,0.29,1.14
2013-01-12,0.567,13.46,12.18,0.14,1.14
2013-01-13,0.494,13.35,12.18,0.03,1.14
2013-01-14,0.429,13.38,12.23,0.02,1.13
2013-01-15,0.389,13.35,12.21,0.01,1.13
2013-01-16,0.347,13.38,12.25,0.01,1.12
2013-01-17,0.304,13.41,12.3,0.0,1.1
2013-01-18,0.27,13.41,12.33,0.0,1.08
2013-01-19,0.242,13.42,12.35,0.0,1.06
2013-01-20,0.218,13.42,12.38,0.0,1.04
2013-01-21,0.194,13.42,12.4,0.0,1.02
2013-01-22,0.175,13.41,12.41,0.0,1.0
2013-01-23,0.157,13.56,12.3,0.0,1.26
2013-01-24,0.198,13.58,12.0,0.0,1.58
2013-01-25,0.194,13.22,12.18,0.0,1.04
2013-01-26,0.143,13.32,12.37,0.0,0.96
2013-01-27,0.117,13.02,12.13,0.0,0.89
2013-01-28,0.105,13.08,12.2,0.0,0.87
2013-01-29,0.095,13.11,12.24,0.0,0.86
2013-01-30,0.084,13.07,12.23,0.0,0.84
2013-01-31,0.075,13.12,12.29,0.0,0.83
2013-02-01,0.064,13.15,12.34,0.0,0.81
2013-02-02,0.053,13.17,12.37,0.0,0.8
2013-02-03,0.045,13.14,12.36,0.0,0.79
2013-02-04,0.037,13.15,12.37,0.0,0.77
2013-02-05,0.029,13.22,12.46,0.0,0.76
2013-02-06,0.022,13.19,12.43,0.0,0.75
2013-02-07,0.016,13.21,12.46,0.0,0.75
2013-02-08,0.012,13.22,12.49,0.0,0.74
2013-02-09,0.009,13.32,12.59,0.0,0.73
2013-02-10,0.004,13.47,12.79,0.0,0.69
2013-02-11,0.0,13.6,13.47,0.0,0.19
2013-02-12,0.0,11.57,12.5,0.0,0.03
2013-02-13,0.0,0.0,0.0,0.0,0.0
2013-02-14,0.0,0.0,0.0,0.0,0.0
2013-02-15,0.0,0.0,0.0,0.0,0.0
2013-02-16,0.0,0.0,0.0,0.0,0.0
2013-02-17,0.0,0.0,0.0,0.0,0.0
2013-02-18,0.0,0.0,0.0,0.0,0.0
2013-02-19,0.021,48.84,10.66,1.63,36.55
2013-02-20,0.017,17.15,11.78,0.0,5.37
2013-02-21,0.009,12.7,11.87,0.0,0.82
2013-02-22,0.003,11.71,11.05,0.0,0.65
2013-02-23,0.0,12.57,11.89,0.0,0.26
2013-02-24,0.0,13.5,12.29,0.0,0.49
2013-02-25,0.0,15.43,13.12,0.0,0.74
2013-02-26,0.0,17.36,13.46,0.0,0.78
2013-02-27,0.0,11.57,16.03,0.0,0.9
2013-02-28,0.0,0.0,0.0,0.0,0.0
2013-03-01,0.0,0.0,0.0,0.0,0.0
2013-03-02,0.0,0.0,0.0,0.0,0.0
2013-03-03,0.0,0.0,0.0,0.0,0.0
2013-03-04,0.0,0.0,0.0,0.0,0.0
2013-03-05,0.0,0.0,0.0,0.0,0.0
2013-03-06,0.009,25.7,10.39,0.43,14.89
2013-03-07,0.001,13.58,10.79,0.0,2.72
2013-03-08,0.0,10.61,10.56,0.0,0.46
2013-03-09,0.0,23.15,18.13,0.0,0.7
2013-03-10,0.0,0.0,0.0,0.0,0.0
2013-03-11,0.0,0.0,0.0,0.0,0.0
2013-03-12,0.0,0.0,0.0,0.0,0.0
2013-03-13,0.0,0.0,0.0,0.0,0.0
2013-03-14,0.0,0.0,0.0,0.0,0.0
2013-03-15,0.0,0.0,0.0,0.0,0.0
2013-03-16,0.0,0.0,0.0,0.0,0.0
2013-03-17,0.0,0.0,0.0,0.0,0.0
2013-03-18,0.0,0.0,0.0,0.0,0.0
2013-03-19,0.0,0.0,0.0,0.0,0.0
2013-03-20,0.0,7.96,6.76,0.01,1.25
2013-03-21,0.0,8.27,7.26,0.0,0.6
2013-03-22,0.0,0.0,4.14,0.0,0.07
2013-03-23,0.0,0.0,0.0,0.0,0.0
2013-03-24,0.0,0.0,0.0,0.0,0.0
2013-03-25,0.0,0.0,0.0,0.0,0.0
2013-03-26,0.0,0.0,0.0,0.0,0.0
2013-03-27,0.0,0.0,0.0,0.0,0.0
2013-03-28,0.0,0.0,0.0,0.0,0.0
2013-03-29,0.0,0.0,0.0,0.0,0.0
2013-03-30,0.0,0.0,0.0,0.0,0.0
2013-03-31,0.013,32.58,9.85,0.02,22.71
2013-04-01,0.04,31.15,10.3,0.01,20.84
2013-04-02,0.004,15.54,11.1,0.0,4.46
2013-04-03,0.0,11.57,10.82,0.0,0.75
2013-04-04,0.068,84.57,10.29,0.08,74.2
2013-04-05,0.011,30.08,11.56,0.0,18.53
2013-04-06,0.001,13.89,11.54,0.0,2.35
2013-04-07,0.0,12.18,11.7,0.0,0.69
2013-04-08,0.0,12.5,11.93,0.0,0.72
2013-04-09,0.0,12.1,11.47,0.0,0.71
2013-04-10,0.0,12.22,11.93,0.0,0.74
2013-04-11,0.0,13.12,11.95,0.0,0.74
2013-04-12,0.0,11.57,10.85,0.0,0.67
2013-04-13,0.0,11.57,11.45,0.0,0.71
2013-04-14,0.0,11.57,11.54,0.0,0.71
2013-04-15,0.0,13.5,13.35,0.0,0.83
2013-04-16,0.0,16.2,12.5,0.0,0.77
2013-04-17,0.0,11.57,11.38,0.0,0.71
2013-04-18,0.0,11.57,10.89,0.0,0.69
2013-04-19,0.0,34.72,19.66,0.0,1.26
2013-04-20,0.0,0.0,9.08,0.0,0.6
2013-04-21,0.0,0.0,0.0,0.0,0.0
2013-04-22,0.0,0.0,0.0,0.0,0.0
2013-04-23,0.0,0.0,0.0,0.0,0.0
2013-04-24,0.0,0.0,0.0,0.0,0.0
2013-04-25,0.0,0.0,0.0,0.0,0.0
2013-04-26,0.0,0.0,0.0,0.0,0.0
2013-04-27,0.0,0.0,0.0,0.0,0.0
2013-04-28,0.0,0.0,0.0,0.0,0.0
2013-04-29,0.0,0.0,0.0,0.0,0.0
2013-04-30,0.0,0.0,0.0,0.0,0.0
2013-05-01,0.0,0.0,0.0,0.0,0.0
2013-05-02,0.0,0.0,0.0,0.0,0.0
2013-05-03,0.0,0.0,0.0,0.0,0.0
2013-05-04,0.0,0.0,0.0,0.0,0.0
2013-05-05,0.0,0.0,0.0,0.0,0.0
2013-05-06,0.0,0.0,0.0,0.0,0.0
2013-05-07,0.0,0.0,0.0,0.0,0.0
2013-05-08,0.0,0.0,0.0,0.0,0.0
2013-05-09,0.0,0.0,0.0,0.0,0.0
2013-05-10,0.0,0.0,0.0,0.0,0.0
2013-05-11,0.0,0.0,0.0,0.0,0.0
2013-05-12,0.0,0.0,0.0,0.0,0.0
2013-05-13,0.0,0.0,0.0,0.0,0.0
2013-05-14,0.0,0.0,0.0,0.0,0.0
2013-05-15,0.0,0.0,0.0,0.0,0.0
2013-05-16,0.0,0.0,0.0,0.0,0.0
2013-05-17,0.0,0.0,0.0,0.0,0.0
2013-05-18,0.0,0.0,0.0,0.0,0.0
2013-05-19,0.0,0.0,0.0,0.0,0.0
2013-05-20,0.0,0.0,0.0,0.0,0.0
2013-05-21,0.0,0.0,0.0,0.0,0.0
2013-05-22,0.0,0.0,0.0,0.0,0.0
2013-05-23,0.0,0.0,0.0,0.0,0.0
2013-05-24,0.0,0.0,0.0,0.0,0.0
2013-05-25,0.0,0.0,0.0,0.0,0.0
2013-05-26,0.0,0.0,0.0,0.0,0.0
2013-05-27,0.0,0.0,0.0,0.0,0.0
2013-05-28,0.0,0.0,0.0,0.0,0.0
2013-05-29,0.0,0.0,0.0,0.0,0.0
2013-05-30,0.0,0.0,0.0,0.0,0.0
2013-05-31,0.0,0.0,0.0,0.0,0.0
2013-06-01,0.0,0.0,0.0,0.0,0.0
2013-06-02,0.0,0.0,0.0,0.0,0.0
2013-06-03,0.0,0.0,0.0,0.0,0.0
2013-06-04,0.004,22.57,8.44,0.91,13.21
2013-06-05,0.002,14.84,9.14,0.0,5.71
2013-06-06,0.0,9.65,8.64,0.0,0.94
2013-06-07,0.0,0.0,7.57,0.0,0.14
2013-06-08,0.0,0.0,0.0,0.0,0.0
2013-06-09,0.0,0.0,0.0,0.0,0.0
2013-06-10,0.0,0.0,0.0,0.0,0.0
2013-06-11,0.0,0.0,0.0,0.0,0.0
2013-06-12,0.0,0.0,0.0,0.0,0.0
2013-06-13,0.0,0.0,0.0,0.0,0.0
2013-06-14,0.0,0.0,0.0,0.0,0.0
2013-06-15,0.0,0.0,0.0,0.0,0.0
2013-06-16,0.0,0.0,0.0,0.0,0.0
2013-06-17,0.0,0.0,0.0,0.0,0.0
2013-06-18,0.0,0.0,0.0,0.0,0.0
2013-06-19,0.0,0.0,0.0,0.0,0.0
2013-06-20,0.0,0.0,0.0,0.0,0.0
2013-06-21,0.0,0.0,0.0,0.0,0.0
2013-06-22,0.0,0.0,0.0,0.0,0.0
2013-06-23,0.0,0.0,0.0,0.0,0.0
2013-06-24,0.0,0.0,0.0,0.0,0.0
2013-06-25,0.0,0.0,0.0,0.0,0.0
2013-06-26,0.0,0.0,0.0,0.0,0.0
2013-06-27,0.0,0.0,0.0,0.0,0.0
2013-06-28,0.0,0.0,0.0,0.0,0.0
2013-06-29,0.0,0.0,0.0,0.0,0.0
2013-06-30,0.0,0.0,0.0,0.0,0.0
2013-07-01,0.0,0.0,0.0,0.0,0.0
2013-07-02,0.0,0.0,0.0,0.0,0.0
2013-07-03,0.0,0.0,0.0,0.0,0.0
2013-07-04,0.0,0.0,0.0,0.0,0.0
2013-07-05,0.0,0.0,0.0,0.0,0.0
2013-07-06,0.0,0.0,0.0,0.0,0.0
2013-07-07,0.0,0.0,0.0,0.0,0.0
2013-07-08,0.0,0.0,0.0,0.0,0.0
2013-07-09,0.0,0.0,0.0,0.0,0.0
2013-07-10,0.0,0.0,0.0,0.0,0.0
2013-07-11,0.0,0.0,0.0,0.0,0.0
2013-07-12,0.0,0.0,0.0,0.0,0.0
2013-07-13,0.0,0.0,0.0,0.0,0.0
2013-07-14,0.0,0.0,0.0,0.0,0.0
2013-07-15,0.0,0.0,0.0,0.0,0.0
2013-07-16,0.0,0.0,0.0,0.0,0.0
2013-07-17,0.0,0.0,0.0,0.0,0.0
2013-07-18,0.0,0.0,0.0,0.0,0.0
2013-07-19,0.0,0.0,0.0,0.0,0.0
2013-07-20,0.0,0.0,0.0,0.0,0.0
2013-07-21,0.0,0.0,0.0,0.0,0.0
2013-07-22,0.0,0.0,0.0,0.0,0.0
2013-07-23,0.0,0.0,0.0,0.0,0.0
2013-07-24,0.0,0.0,0.0,0.0,0.0
2013-07-25,0.0,0.0,0.0,0.0,0.0
2013-07-26,0.0,0.0,0.0,0.0,0.0
2013-07-27,0.0,0.0,0.0,0.0,0.0
2013-07-28,0.0,0.0,0.0,0.0,0.0
2013-07-29,0.0,0.0,0.0,0.0,0.0
2013-07-30,0.0,0.0,0.0,0.0,0.0
2013-07-31,0.0,0.0,0.0,0.0,0.0
2013-08-01,0.0,0.0,0.0,0.0,0.0
2013-08-02,0.0,0.0,0.0,0.0,0.0
2013-08-03,0.0,0.0,0.0,0.0,0.0
2013-08-04,0.0,0.0,0.0,0.0,0.0
2013-08-05,0.0,0.0,0.0,0.0,0.0
2013-08-06,0.0,0.0,0.0,0.0,0.0
2013-08-07,0.0,0.0,0.0,0.0,0.0
2013-08-08,0.0,0.0,0.0,0.0,0.0
2013-08-09,0.0,0.0,0.0,0.0,0.0
2013-08-10,0.0,0.0,0.0,0.0,0.0
2013-08-11,0.0,0.0,0.0,0.0,0.0
2013-08-12,0.0,0.0,0.0,0.0,0.0
2013-08-13,0.0,0.0,0.0,0.0,0.0
2013-08-14,0.0,0.0,0.0,0.0,0.0
2013-08-15,0.0,0.0,0.0,0.0,0.0
2013-08-16,0.0,0.0,0.0,0.0,0.0
2013-08-17,0.0,0.0,0.0,0.0,0.0
2013-08-18,0.0,0.0,0.0,0.0,0.0
2013-08-19,0.0,0.0,0.0,0.0,0.0
2013-08-20,0.0,0.0,0.0,0.0,0.0
2013-08-21,0.0,0.0,0.0,0.0,0.0
2013-08-22,0.0,0.0,0.0,0.0,0.0
2013-08-23,0.0,0.0,0.0,0.0,0.0
2013-08-24,0.0,0.0,0.0,0.0,0.0
2013-08-25,0.0,0.0,0.0,0.0,0.0
2013-08-26,0.0,0.0,0.0,0.0,0.0
2013-08-27,0.0,0.0,0.0,0.0,0.0
2013-08-28,0.0,0.0,0.0,0.0,0.0
2013-08-29,0.0,0.0,0.0,0.0,0.0
2013-08-30,0.0,0.0,0.0,0.0,0.0
2013-08-31,0.0,0.0,0.0,0.0,0.0
2013-09-01,0.0,0.0,0.0,0.0,0.0
2013-09-02,0.0,0.0,0.0,0.0,0.0
2013-09-03,0.0,0.0,0.0,0.0,0.0
2013-09-04,0.0,0.0,0.0,0.0,0.0
2013-09-05,0.0,0.0,0.0,0.0,0.0
2013-09-06,0.0,0.0,0.0,0.0,0.0
2013-09-07,0.0,0.0,0.0,0.0,0.0
2013-09-08,0.0,0.0,0.0,0.0,0.0
2013-09-09,0.0,0.0,0.0,0.0,0.0
2013-09-10,0.0,0.0,0.0,0.0,0.0
2013-09-11,0.0,0.0,0.0,0.0,0.0
2013-09-12,0.0,0.0,0.0,0.0,0.0
2013-09-13,0.0,0.0,0.0,0.0,0.0
2013-09-14,0.0,0.0,0.0,0.0,0.0
2013-09-15,0.0,0.0,0.0,0.0,0.0
2013-09-16,0.0,0.0,0.0,0.0,0.0
2013-09-17,0.0,0.0,0.0,0.0,0.0
2013-09-18,0.0,0.0,0.0,0.0,0.0
2013-09-19,0.0,0.0,0.0,0.0,0.0
2013-09-20,0.0,0.0,0.0,0.0,0.0
2013-09-21,0.065,104.5,10.53,0.98,93.0
2013-09-22,0.02,56.03,11.72,0.0,44.3
2013-09-23,0.002,18.76,11.57,0.0,7.14
2013-09-24,0.0,12.5,11.69,0.0,0.96
2013-09-25,0.0,13.68,12.74,0.0,0.72
2013-09-26,0.0,11.57,11.34,0.0,0.67
2013-09-27,0.0,11.57,11.66,0.0,0.69
2013-09-28,0.0,15.43,14.01,0.0,0.81
2013-09-29,0.0,11.57,10.51,0.0,0.61
2013-09-30,0.0,11.57,11.26,0.0,0.68
2013-10-01,0.0,15.43,13.17,0.0,0.78
2013-10-02,0.0,11.57,13.71,0.0,0.79
2013-10-03,0.0,5.79,10.06,0.0,0.59
2013-10-04,0.0,0.0,0.0,0.0,0.0
2013-10-05,0.0,0.0,0.0,0.0,0.0
2013-10-06,0.0,0.0,0.0,0.0,0.0
2013-10-07,0.0,0.0,0.0,0.0,0.0
2013-10-08,0.0,0.0,0.0,0.0,0.0
2013-10-09,0.0,0.0,0.0,0.0,0.0
2013-10-10,0.0,0.0,0.0,0.0,0.0
2013-10-11,0.0,0.0,0.0,0.0,0.0
2013-10-12,0.0,0.0,0.0,0.0,0.0
2013-10-13,0.0,0.0,0.0,0.0,0.0
2013-10-14,0.0,0.0,0.0,0.0,0.0
2013-10-15,0.0,0.0,0.0,0.0,0.0
2013-10-16,0.0,0.0,0.0,0.0,0.0
2013-10-17,0.0,0.0,0.0,0.0,0.0
2013-10-18,0.0,0.0,0.0,0.0,0.0
2013-10-19,0.0,0.0,0.0,0.0,0.0
2013-10-20,0.0,0.0,0.0,0.0,0.0
2013-10-21,0.0,0.0,0.0,0.0,0.0
2013-10-22,0.0,0.0,0.0,0.0,0.0
2013-10-23,0.0,0.0,0.0,0.0,0.0
2013-10-24,0.0,0.0,0.0,0.0,0.0
2013-10-25,0.0,0.0,0.0,0.0,0.0
2013-10-26,0.0,0.0,0.0,0.0,0.0
2013-10-27,0.0,0.0,0.0,0.0,0.0
2013-10-28,0.0,0.0,0.0,0.0,0.0
2013-10-29,0.0,0.0,0.0,0.0,0.0
2013-10-30,0.0,0.0,0.0,0.0,0.0
2013-10-31,0.0,0.0,0.0,0.0,0.0
2013-11-01,0.0,0.0,0.0,0.0,0.0
2013-11-02,0.0,0.0,0.0,0.0,0.0
2013-11-03,0.0,0.0,0.0,0.0,0.0
2013-11-04,0.0,0.0,0.0,0.0,0.0
2013-11-05,0.0,0.0,0.0,0.0,0.0
2013-11-06,0.0,0.0,0.0,0.0,0.0
2013-11-07,0.0,0.0,0.0,0.0,0.0
2013-11-08,0.0,0.0,0.0,0.0,0.0
2013-11-09,0.0,0.0,0.0,0.0,0.0
2013-11-10,0.0,0.0,0.0,0.0,0.0
2013-11-11,0.0,0.0,0.0,0.0,0.0
2013-11-12,0.0,0.0,0.0,0.0,0.0
2013-11-13,0.0,0.0,0.0,0.0,0.0
2013-11-14,0.0,0.0,0.0,0.0,0.0
2013-11-15,0.0,0.0,0.0,0.0,0.0
2013-11-16,0.0,0.0,0.0,0.0,0.0
2013-11-17,0.0,0.0,0.0,0.0,0.0
2013-11-18,0.0,0.0,0.0,0.0,0.0
2013-11-19,0.025,62.06,7.72,0.56,53.78
2013-11-20,0.127,63.67,11.07,0.04,52.56
2013-11-21,0.041,34.48,11.82,0.0,22.66
2013-11-22,0.004,15.92,12.23,0.0,3.69
2013-11-23,0.001,13.1,12.38,0.0,0.74
2013-11-24,0.001,13.33,12.61,0.0,0.72
2013-11-25,0.001,13.59,12.75,0.0,0.74
2013-11-26,0.001,13.23,12.4,0.0,0.72
2013-11-27,0.001,13.72,12.78,0.0,0.74
2013-11-28,0.0,13.26,12.58,0.0,0.73
2013-11-29,0.0,13.23,12.76,0.0,0.74
2013-11-30,0.0,13.1,12.57,0.0,0.73
2013-12-01,0.0,13.68,12.93,0.0,0.75
2013-12-02,0.0,12.73,12.24,0.0,0.7
2013-12-03,0.0,13.02,12.55,0.0,0.72
2013-12-04,0.0,13.78,13.09,0.0,0.77
2013-12-05,0.0,12.68,12.22,0.0,0.72
2013-12-06,0.018,62.81,6.1,0.34,56.37
2013-12-07,0.106,72.44,11.45,0.02,60.97
2013-12-08,0.014,28.13,12.23,0.0,15.9
2013-12-09,0.002,14.11,12.31,0.0,1.81
2013-12-10,0.001,13.35,12.66,0.0,0.72
2013-12-11,0.001,13.27,12.62,0.0,0.73
2013-12-12,0.001,13.48,12.61,0.0,0.73
2013-12-13,0.001,13.15,12.44,0.0,0.72
2013-12-14,0.001,13.4,12.76,0.0,0.74
2013-12-15,0.001,13.39,12.57,0.0,0.73
2013-12-16,0.0,13.12,12.44,0.0,0.72
2013-12-17,0.0,13.35,12.64,0.0,0.73
2013-12-18,0.0,13.5,12.73,0.0,0.75
2013-12-19,0.017,52.3,9.16,0.03,43.12
2013-12-20,0.004,25.28,10.49,0.0,14.78
2013-12-21,0.001,12.79,11.11,0.0,1.63
2013-12-22,0.0,12.69,11.8,0.0,0.71
2013-12-23,0.0,12.96,12.36,0.0,0.75
2013-12-24,0.0,13.15,12.32,0.0,0.75
2013-12-25,0.0,12.73,12.05,0.0,0.73
2013-12-26,0.0,12.86,11.85,0.0,0.72
2013-12-27,0.0,13.12,12.66,0.0,0.77
2013-12-28,0.0,12.35,11.32,0.0,0.69
2013-12-29,0.0,12.54,12.41,0.0,0.75
2013-12-30,0.0,13.89,13.04,0.0,0.79
2013-12-31,0.0,11.57,11.21,0.0,0.68
2014-01-01,0.0,13.02,12.72,0.0,0.78
2014-01-02,0.0,13.23,12.49,0.0,0.76
2014-01-03,0.0,13.5,12.54,0.0,0.77
2014-01-04,0.0,13.89,12.83,0.0,0.78
2014-01-05,0.0,9.26,10.18,0.0,0.61
2014-01-06,0.0,15.43,12.52,0.0,0.74
2014-01-07,0.0,17.36,12.88,0.0,0.79
2014-01-08,0.0,17.36,11.95,0.0,0.76
2014-01-09,0.0,11.57,9.96,0.0,0.61
2014-01-10,0.0,0.0,0.0,0.0,0.0
2014-01-11,0.0,0.0,0.0,0.0,0.0
2014-01-12,0.0,0.0,0.0,0.0,0.0
2014-01-13,0.0,0.0,0.0,0.0,0.0
2014-01-14,0.0,0.0,0.0,0.0,0.0
2014-01-15,0.0,0.0,0.0,0.0,0.0
2014-01-16,0.0,0.0,0.0,0.0,0.0
2014-01-17,0.0,0.0,0.0,0.0,0.0
2014-01-18,0.0,0.0,0.0,0.0,0.0
2014-01-19,0.0,0.0,0.0,0.0,0.0
2014-01-20,0.0,0.0,0.0,0.0,0.0
2014-01-21,0.0,0.0,0.0,0.0,0.0
2014-01-22,0.0,0.0,0.0,0.0,0.0
2014-01-23,0.0,0.0,0.0,0.0,0.0
2014-01-24,0.0,0.0,0.0,0.0,0.0
2014-01-25,0.0,0.0,0.0,0.0,0.0
2014-01-26,0.0,0.0,0.0,0.0,0.0
2014-01-27,0.0,0.0,0.0,0.0,0.0
2014-01-28,0.0,0.0,0.0,0.0,0.0
2014-01-29,0.0,0.0,0.0,0.0,0.0
2014-01-30,0.0,0.0,0.0,0.0,0.0
2014-01-31,0.0,0.0,0.0,0.0,0.0
2014-02-01,0.0,0.0,0.0,0.0,0.0
2014-02-02,0.024,36.3,10.25,0.54,25.52
2014-02-03,0.007,21.78,11.35,0.0,10.44
2014-02-04,0.001,12.81,11.17,0.0,1.67
2014-02-05,0.0,7.44,7.26,0.0,0.35
2014-02-06,0.14,79.08,10.69,0.17,68.23
2014-02-07,0.091,43.56,9.93,0.06,33.57
2014-02-08,0.338,70.52,9.79,3.06,57.67
2014-02-09,0.571,121.79,10.7,24.36,86.74
2014-02-10,0.353,30.3,11.4,0.07,18.82
2014-02-11,0.272,13.63,11.44,0.0,2.19
2014-02-12,0.235,12.53,11.41,0.0,1.12
2014-02-13,0.21,12.38,11.35,0.0,1.03
2014-02-14,0.192,12.37,11.36,0.0,1.01
2014-02-15,0.163,12.3,11.33,0.0,0.97
2014-02-16,0.137,12.04,11.12,0.0,0.91
2014-02-17,0.121,12.08,11.19,0.0,0.89
2014-02-18,0.101,12.1,11.24,0.0,0.87
2014-02-19,0.081,11.87,11.04,0.0,0.83
2014-02-20,0.076,11.96,11.13,0.0,0.83
2014-02-21,0.067,11.89,11.07,0.0,0.82
2014-02-22,0.057,11.83,11.03,0.0,0.8
2014-02-23,0.047,11.72,10.93,0.0,0.79
2014-02-24,0.039,11.51,10.73,0.0,0.78
2014-02-25,0.031,11.22,10.45,0.0,0.77
2014-02-26,0.087,32.51,9.44,0.05,23.02
2014-02-27,0.115,30.79,11.06,0.01,19.73
2014-02-28,0.308,126.01,10.44,4.97,110.59
2014-03-01,0.202,27.24,11.11,0.0,16.13
2014-03-02,0.161,12.6,11.05,0.0,1.55
2014-03-03,0.163,11.91,10.94,0.0,0.96
2014-03-04,0.148,12.01,11.07,0.0,0.93
2014-03-05,0.124,12.31,11.04,0.0,1.27
2014-03-06,0.128,20.23,11.16,0.01,9.07
2014-03-07,0.107,12.32,11.23,0.0,1.09
2014-03-08,0.096,12.02,11.15,0.0,0.86
2014-03-09,0.079,12.01,11.17,0.0,0.83
2014-03-10,0.076,23.39,10.08,0.02,13.29
2014-03-11,0.066,12.43,10.84,0.0,1.59
2014-03-12,0.033,11.28,10.53,0.0,0.75
2014-03-13,0.039,11.02,10.22,0.0,0.8
2014-03-14,0.031,10.59,9.82,0.0,0.77
2014-03-15,0.023,9.88,9.12,0.0,0.75
2014-03-16,0.017,9.41,8.66,0.0,0.74
2014-03-17,0.01,8.53,7.8,0.0,0.72
2014-03-18,0.006,7.8,7.1,0.0,0.71
2014-03-19,0.003,7.72,7.07,0.0,0.67
2014-03-20,0.0,7.6,7.5,0.0,0.27
2014-03-21,0.0,7.72,6.4,0.0,0.05
2014-03-22,0.0,0.0,0.0,0.0,0.0
2014-03-23,0.0,0.0,0.0,0.0,0.0
2014-03-24,0.0,0.0,0.0,0.0,0.0
2014-03-25,0.0,0.0,0.0,0.0,0.0
2014-03-26,0.073,56.29,9.78,0.83,45.68
2014-03-27,0.019,24.57,10.86,0.0,13.7
2014-03-28,0.007,12.12,10.96,0.0,1.16
2014-03-29,0.043,54.51,9.74,0.04,44.74
2014-03-30,0.017,25.11,10.8,0.0,14.3
2014-03-31,0.08,98.16,9.66,0.18,88.31
2014-04-01,0.138,45.93,10.13,0.04,35.77
2014-04-02,0.071,22.91,10.9,0.0,12.01
2014-04-03,0.035,11.65,10.54,0.0,1.11
2014-04-04,0.024,11.21,9.43,0.0,1.79
2014-04-05,0.023,10.6,9.78,0.0,0.83
2014-04-06,0.015,9.45,8.72,0.0,0.73
2014-04-07,0.008,8.41,7.7,0.0,0.71
2014-04-08,0.004,8.72,8.06,0.0,0.67
2014-04-09,0.001,10.84,10.38,0.0,0.52
2014-04-10,0.0,12.73,12.01,0.0,0.7
2014-04-11,0.0,12.81,11.96,0.0,0.7
2014-04-12,0.0,12.15,11.99,0.0,0.71
2014-04-13,0.0,12.35,11.75,0.0,0.69
2014-04-14,0.0,13.89,12.41,0.0,0.72
2014-04-15,0.0,15.43,13.02,0.0,0.74
2014-04-16,0.0,15.43,13.45,0.0,0.73
2014-04-17,0.0,0.0,0.0,0.0,0.0
2014-04-18,0.0,0.0,0.0,0.0,0.0
2014-04-19,0.0,0.0,0.0,0.0,0.0
2014-04-20,0.0,0.0,0.0,0.0,0.0
2014-04-21,0.0,0.0,0.0,0.0,0.0
2014-04-22,0.0,0.0,0.0,0.0,0.0
2014-04-23,0.0,0.0,0.0,0.0,0.0
2014-04-24,0.0,0.0,0.0,0.0,0.0
2014-04-25,0.047,39.46,10.39,0.84,28.23
2014-04-26,0.022,26.1,11.71,0.0,14.4
2014-04-27,0.002,13.89,11.57,0.0,2.28
2014-04-28,0.0,12.57,11.95,0.0,0.62
2014-04-29,0.0,13.62,12.61,0.0,0.71
2014-04-30,0.0,13.5,12.63,0.0,0.74
2014-05-01,0.0,11.57,11.39,0.0,0.65
2014-05-02,0.0,11.57,10.56,0.0,0.58
2014-05-03,0.0,5.79,9.99,0.0,0.51
2014-05-04,0.0,0.0,0.0,0.0,0.0
2014-05-05,0.0,0.0,0.0,0.0,0.0
2014-05-06,0.0,0.0,0.0,0.0,0.0
2014-05-07,0.0,0.0,0.0,0.0,0.0
2014-05-08,0.0,0.0,0.0,0.0,0.0
2014-05-09,0.0,0.0,0.0,0.0,0.0
2014-05-10,0.0,0.0,0.0,0.0,0.0
2014-05-11,0.0,0.0,0.0,0.0,0.0
2014-05-12,0.0,0.0,0.0,0.0,0.0
2014-05-13,0.0,0.0,0.0,0.0,0.0
2014-05-14,0.0,0.0,0.0,0.0,0.0
2014-05-15,0.0,0.0,0.0,0.0,0.0
2014-05-16,0.0,0.0,0.0,0.0,0.0
2014-05-17,0.0,0.0,0.0,0.0,0.0
2014-05-18,0.0,0.0,0.0,0.0,0.0
2014-05-19,0.0,0.0,0.0,0.0,0.0
2014-05-20,0.0,0.0,0.0,0.0,0.0
2014-05-21,0.0,0.0,0.0,0.0,0.0
2014-05-22,0.0,0.0,0.0,0.0,0.0
2014-05-23,0.0,0.0,0.0,0.0,0.0
2014-05-24,0.0,0.0,0.0,0.0,0.0
2014-05-25,0.0,0.0,0.0,0.0,0.0
2014-05-26,0.0,0.0,0.0,0.0,0.0
2014-05-27,0.0,0.0,0.0,0.0,0.0
2014-05-28,0.0,0.0,0.0,0.0,0.0
2014-05-29,0.0,0.0,0.0,0.0,0.0
2014-05-30,0.0,0.0,0.0,0.0,0.0
2014-05-31,0.0,0.0,0.0,0.0,0.0
2014-06-01,0.0,0.0,0.0,0.0,0.0
2014-06-02,0.0,0.0,0.0,0.0,0.0
2014-06-03,0.0,0.0,0.0,0.0,0.0
2014-06-04,0.0,0.0,0.0,0.0,0.0
2014-06-05,0.0,0.0,0.0,0.0,0.0
2014-06-06,0.0,0.0,0.0,0.0,0.0
2014-06-07,0.0,0.0,0.0,0.0,0.0
2014-06-08,0.0,0.0,0.0,0.0,0.0
2014-06-09,0.0,0.0,0.0,0.0,0.0
2014-06-10,0.0,0.0,0.0,0.0,0.0
2014-06-11,0.0,0.0,0.0,0.0,0.0
2014-06-12,0.0,0.0,0.0,0.0,0.0
2014-06-13,0.0,0.0,0.0,0.0,0.0
2014-06-14,0.0,0.0,0.0,0.0,0.0
2014-06-15,0.0,0.0,0.0,0.0,0.0
2014-06-16,0.0,0.0,0.0,0.0,0.0
2014-06-17,0.0,0.0,0.0,0.0,0.0
2014-06-18,0.0,0.0,0.0,0.0,0.0
2014-06-19,0.0,0.0,0.0,0.0,0.0
2014-06-20,0.0,0.0,0.0,0.0,0.0
2014-06-21,0.0,0.0,0.0,0.0,0.0
2014-06-22,0.0,0.0,0.0,0.0,0.0
2014-06-23,0.0,0.0,0.0,0.0,0.0
2014-06-24,0.0,0.0,0.0,0.0,0.0
2014-06-25,0.0,0.0,0.0,0.0,0.0
2014-06-26,0.0,0.0,0.0,0.0,0.0
2014-06-27,0.0,0.0,0.0,0.0,0.0
2014-06-28,0.0,0.0,0.0,0.0,0.0
2014-06-29,0.0,0.0,0.0,0.0,0.0
2014-06-30,0.0,0.0,0.0,0.0,0.0
2014-07-01,0.0,0.0,0.0,0.0,0.0
2014-07-02,0.0,0.0,0.0,0.0,0.0
2014-07-03,0.0,0.0,0.0,0.0,0.0
2014-07-04,0.0,0.0,0.0,0.0,0.0
2014-07-05,0.0,0.0,0.0,0.0,0.0
2014-07-06,0.0,0.0,0.0,0.0,0.0
2014-07-07,0.0,0.0,0.0,0.0,0.0
2014-07-08,0.0,0.0,0.0,0.0,0.0
2014-07-09,0.0,0.0,0.0,0.0,0.0
2014-07-10,0.0,0.0,0.0,0.0,0.0
2014-07-11,0.0,0.0,0.0,0.0,0.0
2014-07-12,0.0,0.0,0.0,0.0,0.0
2014-07-13,0.0,0.0,0.0,0.0,0.0
2014-07-14,0.0,0.0,0.0,0.0,0.0
2014-07-15,0.0,0.0,0.0,0.0,0.0
2014-07-16,0.0,0.0,0.0,0.0,0.0
2014-07-17,0.0,0.0,0.0,0.0,0.0
2014-07-18,0.0,0.0,0.0,0.0,0.0
2014-07-19,0.0,0.0,0.0,0.0,0.0
2014-07-20,0.0,0.0,0.0,0.0,0.0
2014-07-21,0.0,0.0,0.0,0.0,0.0
2014-07-22,0.0,0.0,0.0,0.0,0.0
2014-07-23,0.0,0.0,0.0,0.0,0.0
2014-07-24,0.0,0.0,0.0,0.0,0.0
2014-07-25,0.0,0.0,0.0,0.0,0.0
2014-07-26,0.0,0.0,0.0,0.0,0.0
2014-07-27,0.0,0.0,0.0,0.0,0.0
2014-07-28,0.0,0.0,0.0,0.0,0.0
2014-07-29,0.0,0.0,0.0,0.0,0.0
2014-07-30,0.0,0.0,0.0,0.0,0.0
2014-07-31,0.0,0.0,0.0,0.0,0.0
2014-08-01,0.0,0.0,0.0,0.0,0.0
2014-08-02,0.0,0.0,0.0,0.0,0.0
2014-08-03,0.0,0.0,0.0,0.0,0.0
2014-08-04,0.0,0.0,0.0,0.0,0.0
2014-08-05,0.0,0.0,0.0,0.0,0.0
2014-08-06,0.0,0.0,0.0,0.0,0.0
2014-08-07,0.0,0.0,0.0,0.0,0.0
2014-08-08,0.0,0.0,0.0,0.0,0.0
2014-08-09,0.0,0.0,0.0,0.0,0.0
2014-08-10,0.0,0.0,0.0,0.0,0.0
2014-08-11,0.0,0.0,0.0,0.0,0.0
2014-08-12,0.0,0.0,0.0,0.0,0.0
2014-08-13,0.0,0.0,0.0,0.0,0.0
2014-08-14,0.0,0.0,0.0,0.0,0.0
2014-08-15,0.0,0.0,0.0,0.0,0.0
2014-08-16,0.0,0.0,0.0,0.0,0.0
2014-08-17,0.0,0.0,0.0,0.0,0.0
2014-08-18,0.0,0.0,0.0,0.0,0.0
2014-08-19,0.0,0.0,0.0,0.0,0.0
2014-08-20,0.0,0.0,0.0,0.0,0.0
2014-08-21,0.0,0.0,0.0,0.0,0.0
2014-08-22,0.0,0.0,0.0,0.0,0.0
2014-08-23,0.0,0.0,0.0,0.0,0.0
2014-08-24,0.0,0.0,0.0,0.0,0.0
2014-08-25,0.0,0.0,0.0,0.0,0.0
2014-08-26,0.0,0.0,0.0,0.0,0.0
2014-08-27,0.0,0.0,0.0,0.0,0.0
2014-08-28,0.0,0.0,0.0,0.0,0.0
2014-08-29,0.0,0.0,0.0,0.0,0.0
2014-08-30,0.0,0.0,0.0,0.0,0.0
2014-08-31,0.0,0.0,0.0,0.0,0.0
2014-09-01,0.0,0.0,0.0,0.0,0.0
2014-09-02,0.0,0.0,0.0,0.0,0.0
2014-09-03,0.0,0.0,0.0,0.0,0.0
2014-09-04,0.0,0.0,0.0,0.0,0.0
2014-09-05,0.0,0.0,0.0,0.0,0.0
2014-09-06,0.0,0.0,0.0,0.0,0.0
2014-09-07,0.0,0.0,0.0,0.0,0.0
2014-09-08,0.0,0.0,0.0,0.0,0.0
2014-09-09,0.0,0.0,0.0,0.0,0.0
2014-09-10,0.0,0.0,0.0,0.0,0.0
2014-09-11,0.0,0.0,0.0,0.0,0.0
2014-09-12,0.0,0.0,0.0,0.0,0.0
2014-09-13,0.0,0.0,0.0,0.0,0.0
2014-09-14,0.0,0.0,0.0,0.0,0.0
2014-09-15,0.0,0.0,0.0,0.0,0.0
2014-09-16,0.0,0.0,0.0,0.0,0.0
2014-09-17,0.0,0.0,0.0,0.0,0.0
2014-09-18,0.0,0.0,0.0,0.0,0.0
2014-09-19,0.0,0.0,0.0,0.0,0.0
2014-09-20,0.0,0.0,0.0,0.0,0.0
2014-09-21,0.0,0.0,0.0,0.0,0.0
2014-09-22,0.0,0.0,0.0,0.0,0.0
2014-09-23,0.0,0.0,0.0,0.0,0.0
2014-09-24,0.0,0.0,0.0,0.0,0.0
2014-09-25,0.033,54.28,10.35,1.43,42.5
2014-09-26,0.005,24.11,11.19,0.0,12.94
2014-09-27,0.0,13.1,10.99,0.0,2.09
2014-09-28,0.0,13.89,12.04,0.0,0.63
2014-09-29,0.0,8.68,9.56,0.0,0.59
2014-09-30,0.0,34.72,21.85,0.0,1.41
2014-10-01,0.0,0.0,12.25,0.0,0.82
2014-10-02,0.0,0.0,0.0,0.0,0.0
2014-10-03,0.0,0.0,0.0,0.0,0.0
2014-10-04,0.0,0.0,0.0,0.0,0.0
2014-10-05,0.0,0.0,0.0,0.0,0.0
2014-10-06,0.0,0.0,0.0,0.0,0.0
2014-10-07,0.0,0.0,0.0,0.0,0.0
2014-10-08,0.0,0.0,0.0,0.0,0.0
2014-10-09,0.0,0.0,0.0,0.0,0.0
2014-10-10,0.0,0.0,0.0,0.0,0.0
2014-10-11,0.0,0.0,0.0,0.0,0.0
2014-10-12,0.0,0.0,0.0,0.0,0.0
2014-10-13,0.0,0.0,0.0,0.0,0.0
2014-10-14,0.0,0.0,0.0,0.0,0.0
2014-10-15,0.0,0.0,0.0,0.0,0.0
2014-10-16,0.0,0.0,0.0,0.0,0.0
2014-10-17,0.0,0.0,0.0,0.0,0.0
2014-10-18,0.0,0.0,0.0,0.0,0.0
2014-10-19,0.0,0.0,0.0,0.0,0.0
2014-10-20,0.0,0.0,0.0,0.0,0.0
2014-10-21,0.0,0.0,0.0,0.0,0.0
2014-10-22,0.0,0.0,0.0,0.0,0.0
2014-10-23,0.0,0.0,0.0,0.0,0.0
2014-10-24,0.0,0.0,0.0,0.0,0.0
2014-10-25,0.005,21.93,8.49,0.8,12.64
2014-10-26,0.001,13.36,9.39,0.0,3.95
2014-10-27,0.0,9.92,9.74,0.0,0.72
2014-10-28,0.0,0.0,5.46,0.0,0.12
2014-10-29,0.0,0.0,0.0,0.0,0.0
2014-10-30,0.0,0.0,0.0,0.0,0.0
2014-10-31,0.027,39.94,9.47,1.75,28.72
2014-11-01,0.008,21.99,10.68,0.0,11.3
2014-11-02,0.001,12.32,10.37,0.0,1.86
2014-11-03,0.0,11.57,10.84,0.0,0.57
2014-11-04,0.0,9.26,8.42,0.0,0.57
2014-11-05,0.0,11.57,9.64,0.0,0.71
2014-11-06,0.0,11.57,11.79,0.0,0.9
2014-11-07,0.0,11.57,18.31,0.0,1.44
2014-11-08,0.0,11.57,14.13,0.0,1.17
2014-11-09,0.0,11.57,10.76,0.0,0.93
2014-11-10,0.0,11.57,7.71,0.0,0.69
2014-11-11,0.0,0.0,5.07,0.0,0.49
2014-11-12,0.0,0.0,3.69,0.0,0.37
2014-11-13,0.018,27.26,10.66,0.03,16.56
2014-11-14,0.003,16.35,11.74,0.0,4.63
2014-11-15,0.0,12.08,11.18,0.0,0.76
2014-11-16,0.0,11.57,10.87,0.0,0.52
2014-11-17,0.0,11.57,10.17,0.0,0.58
2014-11-18,0.0,5.79,6.7,0.0,0.41
2014-11-19,0.0,0.0,0.0,0.0,0.0
2014-11-20,0.039,72.33,9.91,0.06,62.36
2014-11-21,0.02,42.67,11.72,0.0,30.95
2014-11-22,0.038,40.7,10.05,0.02,30.63
2014-11-23,0.008,22.24,11.58,0.0,10.67
2014-11-24,0.001,13.16,11.71,0.0,1.43
2014-11-25,0.0,12.49,11.87,0.0,0.68
2014-11-26,0.0,12.69,11.87,0.0,0.72
2014-11-27,0.0,12.86,12.19,0.0,0.74
2014-11-28,0.0,12.04,11.8,0.0,0.71
2014-11-29,0.004,15.52,6.89,0.0,8.65
2014-11-30,0.049,36.53,9.36,0.02,27.15
2014-12-01,0.019,26.45,11.47,0.0,14.98
2014-12-02,0.261,133.13,10.57,1.9,120.67
2014-12-03,0.399,121.01,10.48,16.33,94.2
2014-12-04,0.201,33.75,11.38,0.01,22.36
2014-12-05,0.138,13.64,11.76,0.0,1.88
2014-12-06,0.137,13.59,11.64,0.0,1.94
2014-12-07,0.132,12.84,11.86,0.0,0.98
2014-12-08,0.117,12.78,11.89,0.0,0.89
2014-12-09,0.107,12.63,11.76,0.0,0.87
2014-12-10,0.088,13.06,12.2,0.0,0.86
2014-12-11,0.635,188.49,9.75,47.44,131.3
2014-12-12,1.797,77.86,11.68,26.31,39.87
2014-12-13,1.613,19.33,12.07,3.01,4.25
2014-12-14,1.383,14.41,12.11,0.99,1.32
2014-12-15,1.971,44.13,11.75,13.98,18.4
2014-12-16,2.538,91.62,12.12,34.33,45.17
2014-12-17,3.252,83.86,12.77,30.7,40.39
2014-12-18,3.026,22.89,12.77,4.37,5.75
2014-12-19,3.321,63.77,12.62,22.09,29.06
2014-12-20,3.759,24.96,13.11,5.12,6.73
2014-12-21,3.195,15.46,12.93,1.09,1.43
2014-12-22,2.753,14.73,12.7,0.88,1.15
2014-12-23,2.414,14.51,12.51,0.86,1.14
2014-12-24,2.159,14.36,12.36,0.86,1.14
2014-12-25,1.855,14.32,12.32,0.86,1.14
2014-12-26,1.622,14.31,12.31,0.86,1.14
2014-12-27,1.455,14.32,12.32,0.86,1.14
2014-12-28,1.288,14.34,12.34,0.86,1.14
2014-12-29,1.145,14.35,12.35,0.86,1.14
2014-12-30,0.929,14.39,12.46,0.78,1.14
2014-12-31,0.774,14.13,12.38,0.62,1.13
2015-01-01,0.741,14.09,12.39,0.57,1.14
2015-01-02,0.675,13.99,12.41,0.44,1.14
2015-01-03,0.598,13.86,12.44,0.28,1.14
2015-01-04,0.539,13.76,12.44,0.18,1.14
2015-01-05,0.457,13.68,12.5,0.05,1.13
2015-01-06,0.38,13.66,12.52,0.02,1.12
2015-01-07,0.329,13.62,12.51,0.01,1.11
2015-01-08,0.292,13.61,12.51,0.01,1.09
2015-01-09,0.267,13.58,12.5,0.0,1.07
2015-01-10,0.241,13.61,12.55,0.0,1.06
2015-01-11,0.208,13.58,12.55,0.0,1.04
2015-01-12,0.185,13.57,12.55,0.0,1.01
2015-01-13,0.162,13.57,12.58,0.0,0.98
2015-01-14,0.142,13.57,12.62,0.0,0.95
2015-01-15,0.122,13.59,12.68,0.0,0.92
2015-01-16,0.099,13.56,12.69,0.0,0.87
2015-01-17,0.082,13.47,12.63,0.0,0.84
2015-01-18,0.079,13.51,12.66,0.0,0.85
2015-01-19,0.068,13.57,12.75,0.0,0.83
2015-01-20,0.056,13.59,12.78,0.0,0.81
2015-01-21,0.047,13.56,12.76,0.0,0.8
2015-01-22,0.04,13.61,12.82,0.0,0.78
2015-01-23,0.033,13.69,12.92,0.0,0.77
2015-01-24,0.025,13.8,13.05,0.0,0.76
2015-01-25,0.019,13.95,13.2,0.0,0.75
2015-01-26,0.013,14.23,13.5,0.0,0.73
2015-01-27,0.007,14.95,14.24,0.0,0.7
2015-01-28,0.003,15.73,15.02,0.0,0.67
2015-01-29,0.0,16.62,16.45,0.0,0.42
2015-01-30,0.0,15.43,17.17,0.0,0.1
2015-01-31,0.0,0.0,0.0,0.0,0.0
2015-02-01,0.0,0.0,0.0,0.0,0.0
2015-02-02,0.0,0.0,0.0,0.0,0.0
2015-02-03,0.0,0.0,0.0,0.0,0.0
2015-02-04,0.0,0.0,0.0,0.0,0.0
2015-02-05,0.0,0.0,0.0,0.0,0.0
2015-02-06,0.164,137.94,9.32,4.91,123.71
2015-02-07,0.403,71.12,11.8,0.39,58.93
2015-02-08,0.719,134.98,11.36,45.04,78.58
2015-02-09,0.998,52.87,12.2,16.67,24.01
2015-02-10,0.854,16.42,12.36,1.61,2.45
2015-02-11,0.742,14.21,12.37,0.62,1.21
2015-02-12,0.644,13.9,12.39,0.36,1.14
2015-02-13,0.56,13.76,12.4,0.23,1.14
2015-02-14,0.488,13.7,12.41,0.15,1.13
2015-02-15,0.433,13.59,12.42,0.05,1.13
2015-02-16,0.385,13.56,12.42,0.02,1.12
2015-02-17,0.344,13.55,12.42,0.01,1.11
2015-02-18,0.306,13.52,12.42,0.01,1.1
2015-02-19,0.272,13.5,12.42,0.0,1.08
2015-02-20,0.239,13.49,12.43,0.0,1.06
2015-02-21,0.205,13.47,12.44,0.0,1.03
2015-02-22,0.158,13.64,12.64,0.0,1.0
2015-02-23,0.113,13.49,12.59,0.0,0.91
2015-02-24,0.114,13.32,12.41,0.0,0.91
2015-02-25,0.104,13.38,12.49,0.0,0.89
2015-02-26,0.085,13.39,12.53,0.0,0.86
2015-02-27,0.067,13.34,12.51,0.0,0.83
2015-02-28,0.055,13.22,12.41,0.0,0.81
2015-03-01,0.048,13.26,12.46,0.0,0.8
2015-03-02,0.039,13.3,12.52,0.0,0.78
2015-03-03,0.03,13.3,12.53,0.0,0.77
2015-03-04,0.021,13.35,12.6,0.0,0.75
2015-03-05,0.013,13.42,12.69,0.0,0.73
2015-03-06,0.006,13.59,12.91,0.0,0.68
2015-03-07,0.001,14.1,13.8,0.0,0.21
2015-03-08,0.0,11.57,10.68,0.0,0.03
2015-03-09,0.0,0.0,0.0,0.0,0.0
2015-03-10,0.0,0.0,0.0,0.0,0.0
2015-03-11,0.002,16.98,10.51,0.07,6.37
2015-03-12,0.001,13.68,12.45,0.0,1.24
2015-03-13,0.0,13.02,13.35,0.0,0.27
2015-03-14,0.0,0.0,0.0,0.0,0.0
2015-03-15,0.0,0.0,0.0,0.0,0.0
2015-03-16,0.0,0.0,0.0,0.0,0.0
2015-03-17,0.0,0.0,0.0,0.0,0.0
2015-03-18,0.0,0.0,0.0,0.0,0.0
2015-03-19,0.0,0.0,0.0,0.0,0.0
2015-03-20,0.0,0.0,0.0,0.0,0.0
2015-03-21,0.0,0.0,0.0,0.0,0.0
2015-03-22,0.0,0.0,0.0,0.0,0.0
2015-03-23,0.0,0.0,0.0,0.0,0.0
2015-03-24,0.0,0.0,0.0,0.0,0.0
2015-03-25,0.0,0.0,0.0,0.0,0.0
2015-03-26,0.0,0.0,0.0,0.0,0.0
2015-03-27,0.0,0.0,0.0,0.0,0.0
2015-03-28,0.0,0.0,0.0,0.0,0.0
2015-03-29,0.0,0.0,0.0,0.0,0.0
2015-03-30,0.0,0.0,0.0,0.0,0.0
2015-03-31,0.0,0.0,0.0,0.0,0.0
2015-04-01,0.0,0.0,0.0,0.0,0.0
2015-04-02,0.0,0.0,0.0,0.0,0.0
2015-04-03,0.0,0.0,0.0,0.0,0.0
2015-04-04,0.0,0.0,0.0,0.0,0.0
2015-04-05,0.0,0.0,0.0,0.0,0.0
2015-04-06,0.0,0.0,0.0,0.0,0.0
2015-04-07,0.083,79.37,10.42,2.2,66.75
2015-04-08,0.013,30.9,11.08,0.0,19.82
2015-04-09,0.001,13.93,11.08,0.0,2.81
2015-04-10,0.0,11.91,11.2,0.0,0.68
2015-04-11,0.0,12.1,11.42,0.0,0.7
2015-04-12,0.0,12.94,11.99,0.0,0.75
2015-04-13,0.0,12.4,11.78,0.0,0.73
2015-04-14,0.0,12.63,11.66,0.0,0.72
2015-04-15,0.0,11.57,11.5,0.0,0.72
2015-04-16,0.0,15.43,13.78,0.0,0.86
2015-04-17,0.0,11.57,10.31,0.0,0.65
2015-04-18,0.0,11.57,10.82,0.0,0.69
2015-04-19,0.0,17.36,13.61,0.0,0.89
2015-04-20,0.0,11.57,13.31,0.0,0.94
2015-04-21,0.0,0.0,0.0,0.0,0.0
2015-04-22,0.0,0.0,0.0,0.0,0.0
2015-04-23,0.0,0.0,0.0,0.0,0.0
2015-04-24,0.0,31.42,7.59,10.22,13.45
2015-04-25,0.039,69.67,10.74,0.04,58.89
2015-04-26,0.003,24.3,11.9,0.0,12.4
2015-04-27,0.0,13.57,11.97,0.0,1.76
2015-04-28,0.0,14.88,13.88,0.0,0.74
2015-04-29,0.0,11.57,12.31,0.0,0.69
2015-04-30,0.0,11.57,10.97,0.0,0.61
2015-05-01,0.0,5.79,11.44,0.0,0.6
2015-05-02,0.0,0.0,0.0,0.0,0.0
2015-05-03,0.0,0.0,0.0,0.0,0.0
2015-05-04,0.0,0.0,0.0,0.0,0.0
2015-05-05,0.0,0.0,0.0,0.0,0.0
2015-05-06,0.0,0.0,0.0,0.0,0.0
2015-05-07,0.0,0.0,0.0,0.0,0.0
2015-05-08,0.0,0.0,0.0,0.0,0.0
2015-05-09,0.0,0.0,0.0,0.0,0.0
2015-05-10,0.0,0.0,0.0,0.0,0.0
2015-05-11,0.0,0.0,0.0,0.0,0.0
2015-05-12,0.0,0.0,0.0,0.0,0.0
2015-05-13,0.0,0.0,0.0,0.0,0.0
2015-05-14,0.0,14.88,13.49,0.03,2.15
2015-05-15,0.0,18.19,16.49,0.0,1.11
2015-05-16,0.0,11.57,11.03,0.0,0.16
2015-05-17,0.0,0.0,0.0,0.0,0.0
2015-05-18,0.0,0.0,0.0,0.0,0.0
2015-05-19,0.0,0.0,0.0,0.0,0.0
2015-05-20,0.0,0.0,0.0,0.0,0.0
2015-05-21,0.0,0.0,0.0,0.0,0.0
2015-05-22,0.0,0.0,0.0,0.0,0.0
2015-05-23,0.0,0.0,0.0,0.0,0.0
2015-05-24,0.0,0.0,0.0,0.0,0.0
2015-05-25,0.0,0.0,0.0,0.0,0.0
2015-05-26,0.0,0.0,0.0,0.0,0.0
2015-05-27,0.0,0.0,0.0,0.0,0.0
2015-05-28,0.0,0.0,0.0,0.0,0.0
2015-05-29,0.0,0.0,0.0,0.0,0.0
2015-05-30,0.0,0.0,0.0,0.0,0.0
2015-05-31,0.0,0.0,0.0,0.0,0.0
2015-06-01,0.0,0.0,0.0,0.0,0.0
2015-06-02,0.0,0.0,0.0,0.0,0.0
2015-06-03,0.0,0.0,0.0,0.0,0.0
2015-06-04,0.0,0.0,0.0,0.0,0.0
2015-06-05,0.0,0.0,0.0,0.0,0.0
2015-06-06,0.0,0.0,0.0,0.0,0.0
2015-06-07,0.0,0.0,0.0,0.0,0.0
2015-06-08,0.0,0.0,0.0,0.0,0.0
2015-06-09,0.0,0.0,0.0,0.0,0.0
2015-06-10,0.004,31.49,13.01,0.46,18.01
2015-06-11,0.002,21.54,14.24,0.0,7.25
2015-06-12,0.0,15.78,13.58,0.0,1.15
2015-06-13,0.0,0.0,0.0,0.0,0.0
2015-06-14,0.0,0.0,0.0,0.0,0.0
2015-06-15,0.0,0.0,0.0,0.0,0.0
2015-06-16,0.0,0.0,0.0,0.0,0.0
2015-06-17,0.0,0.0,0.0,0.0,0.0
2015-06-18,0.0,0.0,0.0,0.0,0.0
2015-06-19,0.0,0.0,0.0,0.0,0.0
2015-06-20,0.0,0.0,0.0,0.0,0.0
2015-06-21,0.0,0.0,0.0,0.0,0.0
2015-06-22,0.0,0.0,0.0,0.0,0.0
2015-06-23,0.0,0.0,0.0,0.0,0.0
2015-06-24,0.0,0.0,0.0,0.0,0.0
2015-06-25,0.0,0.0,0.0,0.0,0.0
2015-06-26,0.0,0.0,0.0,0.0,0.0
2015-06-27,0.0,0.0,0.0,0.0,0.0
2015-06-28,0.0,0.0,0.0,0.0,0.0
2015-06-29,0.0,0.0,0.0,0.0,0.0
2015-06-30,0.0,0.0,0.0,0.0,0.0
2015-07-01,0.0,0.0,0.0,0.0,0.0
2015-07-02,0.0,0.0,0.0,0.0,0.0
2015-07-03,0.0,0.0,0.0,0.0,0.0
2015-07-04,0.0,0.0,0.0,0.0,0.0
2015-07-05,0.0,0.0,0.0,0.0,0.0
2015-07-06,0.0,0.0,0.0,0.0,0.0
2015-07-07,0.0,0.0,0.0,0.0,0.0
2015-07-08,0.0,0.0,0.0,0.0,0.0
2015-07-09,0.0,0.0,0.0,0.0,0.0
2015-07-10,0.0,0.0,0.0,0.0,0.0
2015-07-11,0.0,0.0,0.0,0.0,0.0
2015-07-12,0.0,0.0,0.0,0.0,0.0
2015-07-13,0.0,0.0,0.0,0.0,0.0
2015-07-14,0.0,0.0,0.0,0.0,0.0
2015-07-15,0.0,0.0,0.0,0.0,0.0
2015-07-16,0.0,0.0,0.0,0.0,0.0
2015-07-17,0.0,0.0,0.0,0.0,0.0
2015-07-18,0.0,0.0,0.0,0.0,0.0
2015-07-19,0.0,0.0,0.0,0.0,0.0
2015-07-20,0.0,0.0,0.0,0.0,0.0
2015-07-21,0.0,0.0,0.0,0.0,0.0
2015-07-22,0.0,0.0,0.0,0.0,0.0
2015-07-23,0.0,0.0,0.0,0.0,0.0
2015-07-24,0.0,0.0,0.0,0.0,0.0
2015-07-25,0.0,0.0,0.0,0.0,0.0
2015-07-26,0.0,0.0,0.0,0.0,0.0
2015-07-27,0.0,0.0,0.0,0.0,0.0
2015-07-28,0.0,0.0,0.0,0.0,0.0
2015-07-29,0.0,0.0,0.0,0.0,0.0
2015-07-30,0.0,0.0,0.0,0.0,0.0
2015-07-31,0.0,0.0,0.0,0.0,0.0
2015-08-01,0.0,0.0,0.0,0.0,0.0
2015-08-02,0.0,0.0,0.0,0.0,0.0
2015-08-03,0.0,0.0,0.0,0.0,0.0
2015-08-04,0.0,0.0,0.0,0.0,0.0
2015-08-05,0.0,0.0,0.0,0.0,0.0
2015-08-06,0.0,0.0,0.0,0.0,0.0
2015-08-07,0.0,0.0,0.0,0.0,0.0
2015-08-08,0.0,0.0,0.0,0.0,0.0
2015-08-09,0.0,0.0,0.0,0.0,0.0
2015-08-10,0.0,0.0,0.0,0.0,0.0
2015-08-11,0.0,0.0,0.0,0.0,0.0
2015-08-12,0.0,0.0,0.0,0.0,0.0
2015-08-13,0.0,0.0,0.0,0.0,0.0
2015-08-14,0.0,0.0,0.0,0.0,0.0
2015-08-15,0.0,0.0,0.0,0.0,0.0
2015-08-16,0.0,0.0,0.0,0.0,0.0
2015-08-17,0.0,0.0,0.0,0.0,0.0
2015-08-18,0.0,0.0,0.0,0.0,0.0
2015-08-19,0.0,0.0,0.0,0.0,0.0
2015-08-20,0.0,0.0,0.0,0.0,0.0
2015-08-21,0.0,0.0,0.0,0.0,0.0
2015-08-22,0.0,0.0,0.0,0.0,0.0
2015-08-23,0.0,0.0,0.0,0.0,0.0
2015-08-24,0.0,0.0,0.0,0.0,0.0
2015-08-25,0.0,0.0,0.0,0.0,0.0
2015-08-26,0.0,0.0,0.0,0.0,0.0
2015-08-27,0.0,0.0,0.0,0.0,0.0
2015-08-28,0.0,0.0,0.0,0.0,0.0
2015-08-29,0.0,0.0,0.0,0.0,0.0
2015-08-30,0.0,0.0,0.0,0.0,0.0
2015-08-31,0.0,0.0,0.0,0.0,0.0
2015-09-01,0.0,0.0,0.0,0.0,0.0
2015-09-02,0.0,0.0,0.0,0.0,0.0
2015-09-03,0.0,0.0,0.0,0.0,0.0
2015-09-04,0.0,0.0,0.0,0.0,0.0
2015-09-05,0.0,0.0,0.0,0.0,0.0
2015-09-06,0.0,0.0,0.0,0.0,0.0
2015-09-07,0.0,0.0,0.0,0.0,0.0
2015-09-08,0.0,0.0,0.0,0.0,0.0
2015-09-09,0.0,0.0,0.0,0.0,0.0
2015-09-10,0.0,0.0,0.0,0.0,0.0
2015-09-11,0.0,0.0,0.0,0.0,0.0
2015-09-12,0.0,0.0,0.0,0.0,0.0
2015-09-13,0.0,0.0,0.0,0.0,0.0
2015-09-14,0.0,0.0,0.0,0.0,0.0
2015-09-15,0.0,0.0,0.0,0.0,0.0
2015-09-16,0.0,0.0,0.0,0.0,0.0
2015-09-17,0.0,0.0,0.0,0.0,0.0
2015-09-18,0.0,0.0,0.0,0.0,0.0
2015-09-19,0.0,0.0,0.0,0.0,0.0
2015-09-20,0.0,0.0,0.0,0.0,0.0
2015-09-21,0.0,0.0,0.0,0.0,0.0
2015-09-22,0.0,0.0,0.0,0.0,0.0
2015-09-23,0.0,0.0,0.0,0.0,0.0
2015-09-24,0.0,0.0,0.0,0.0,0.0
2015-09-25,0.0,0.0,0.0,0.0,0.0
2015-09-26,0.0,0.0,0.0,0.0,0.0
2015-09-27,0.0,0.0,0.0,0.0,0.0
2015-09-28,0.0,0.0,0.0,0.0,0.0
2015-09-29,0.0,0.0,0.0,0.0,0.0
2015-09-30,0.0,0.0,0.0,0.0,0.0
2015-10-01,0.0,0.0,0.0,0.0,0.0
2015-10-02,0.0,0.0,0.0,0.0,0.0
2015-10-03,0.0,0.0,0.0,0.0,0.0
2015-10-04,0.0,0.0,0.0,0.0,0.0
2015-10-05,0.0,0.0,0.0,0.0,0.0
2015-10-06,0.0,0.0,0.0,0.0,0.0
2015-10-07,0.0,0.0,0.0,0.0,0.0
2015-10-08,0.0,0.0,0.0,0.0,0.0
2015-10-09,0.0,0.0,0.0,0.0,0.0
2015-10-10,0.0,0.0,0.0,0.0,0.0
2015-10-11,0.0,0.0,0.0,0.0,0.0
2015-10-12,0.0,0.0,0.0,0.0,0.0
2015-10-13,0.0,0.0,0.0,0.0,0.0
2015-10-14,0.0,0.0,0.0,0.0,0.0
2015-10-15,0.0,0.0,0.0,0.0,0.0
2015-10-16,0.0,0.0,0.0,0.0,0.0
2015-10-17,0.0,0.0,0.0,0.0,0.0
2015-10-18,0.0,0.0,0.0,0.0,0.0
2015-10-19,0.0,0.0,0.0,0.0,0.0
2015-10-20,0.0,0.0,0.0,0.0,0.0
2015-10-21,0.0,0.0,0.0,0.0,0.0
2015-10-22,0.0,0.0,0.0,0.0,0.0
2015-10-23,0.0,0.0,0.0,0.0,0.0
2015-10-24,0.0,0.0,0.0,0.0,0.0
2015-10-25,0.0,0.0,0.0,0.0,0.0
2015-10-26,0.0,0.0,0.0,0.0,0.0
2015-10-27,0.0,0.0,0.0,0.0,0.0
2015-10-28,0.0,0.0,0.0,0.0,0.0
2015-10-29,0.0,0.0,0.0,0.0,0.0
2015-10-30,0.0,0.0,0.0,0.0,0.0
2015-10-31,0.0,0.0,0.0,0.0,0.0
2015-11-01,0.0,57.15,13.12,18.96,24.95
2015-11-02,0.182,86.37,11.28,0.18,74.92
2015-11-03,0.044,57.09,12.96,0.0,44.13
2015-11-04,0.006,18.64,13.54,0.0,5.09
2015-11-05,0.002,14.61,13.81,0.0,0.79
2015-11-06,0.001,14.47,13.77,0.0,0.73
2015-11-07,0.001,14.41,13.58,0.0,0.73
2015-11-08,0.001,14.47,13.79,0.0,0.74
2015-11-09,0.048,90.39,10.43,0.07,79.89
2015-11-10,0.013,40.41,11.96,0.0,28.45
2015-11-11,0.002,15.43,12.89,0.0,2.53
2015-11-12,0.001,13.93,13.13,0.0,0.72
2015-11-13,0.001,13.97,13.23,0.0,0.73
2015-11-14,0.001,14.18,13.27,0.0,0.74
2015-11-15,0.011,30.37,10.03,0.01,20.33
2015-11-16,0.002,17.14,11.57,0.0,5.55
2015-11-17,0.001,13.65,12.65,0.0,0.84
2015-11-18,0.001,13.66,12.72,0.0,0.71
2015-11-19,0.0,13.78,13.03,0.0,0.74
2015-11-20,0.0,13.82,13.08,0.0,0.74
2015-11-21,0.0,13.38,12.64,0.0,0.72
2015-11-22,0.0,14.15,12.88,0.0,0.74
2015-11-23,0.0,13.5,12.68,0.0,0.73
2015-11-24,0.0,13.23,12.84,0.0,0.74
2015-11-25,0.0,12.79,11.96,0.0,0.69
2015-11-26,0.0,13.62,12.62,0.0,0.73
2015-11-27,0.0,13.12,12.29,0.0,0.7
2015-11-28,0.0,14.47,13.2,0.0,0.76
2015-11-29,0.0,12.63,12.75,0.0,0.74
2015-11-30,0.0,13.89,12.62,0.0,0.73
2015-12-01,0.0,11.57,11.17,0.0,0.64
2015-12-02,0.0,13.5,13.48,0.0,0.77
2015-12-03,0.005,16.71,6.57,0.01,10.13
2015-12-04,0.004,13.53,8.03,0.0,5.49
2015-12-05,0.0,9.38,8.64,0.0,0.91
2015-12-06,0.0,9.92,10.61,0.0,0.59
2015-12-07,0.0,9.65,10.47,0.0,0.72
2015-12-08,0.0,9.65,9.69,0.0,0.66
2015-12-09,0.0,11.57,9.77,0.0,0.66
2015-12-10,0.015,27.68,9.53,0.01,18.14
2015-12-11,0.045,62.13,11.41,0.04,50.68
2015-12-12,0.005,23.49,12.34,0.0,11.17
2015-12-13,0.062,111.23,10.76,0.1,100.36
2015-12-14,0.016,51.78,12.34,0.0,39.44
2015-12-15,0.002,16.83,12.7,0.0,4.13
2015-12-16,0.001,13.43,12.71,0.0,0.76
2015-12-17,0.001,13.5,12.58,0.0,0.72
2015-12-18,0.001,10.22,8.8,0.0,1.37
2015-12-19,0.011,22.92,8.8,0.01,14.11
2015-12-20,0.02,23.35,7.6,0.03,15.73
2015-12-21,0.104,34.53,10.21,0.02,24.29
2015-12-22,0.069,28.56,11.52,0.01,17.04
2015-12-23,0.013,14.23,12.07,0.0,2.16
2015-12-24,0.006,13.88,12.54,0.0,1.34
2015-12-25,0.006,13.45,12.63,0.0,0.82
2015-12-26,0.005,13.95,13.21,0.0,0.74
2015-12-27,0.002,14.38,13.69,0.0,0.69
2015-12-28,0.001,13.26,12.57,0.0,0.68
2015-12-29,0.001,13.15,12.4,0.0,0.73
2015-12-30,0.001,12.91,12.26,0.0,0.73
2015-12-31,0.001,12.92,12.08,0.0,0.72
2016-01-01,0.001,12.97,12.31,0.0,0.73
2016-01-02,0.001,12.88,12.07,0.0,0.73
2016-01-03,0.0,12.92,12.2,0.0,0.71
2016-01-04,0.003,13.86,10.35,0.0,3.51
2016-01-05,0.147,63.34,10.51,0.09,52.74
2016-01-06,0.148,51.39,9.91,0.08,41.4
2016-01-07,0.11,30.91,11.16,0.0,19.75
2016-01-08,0.051,13.39,11.75,0.0,1.63
2016-01-09,0.043,13.6,11.31,0.0,2.28
2016-01-10,0.045,12.63,11.6,0.0,1.03
2016-01-11,0.036,12.54,11.77,0.0,0.77
2016-01-12,0.035,12.67,11.88,0.0,0.78
2016-01-13,0.055,26.38,10.06,0.01,16.31
2016-01-14,0.055,18.97,10.55,0.01,8.41
2016-01-15,0.062,15.09,10.38,0.0,4.7
2016-01-16,0.135,32.41,11.15,0.02,21.24
2016-01-17,0.139,26.48,10.05,0.23,16.2
2016-01-18,0.45,78.2,11.31,5.82,61.08
2016-01-19,0.718,100.93,10.93,28.22,61.78
2016-01-20,0.73,25.94,11.66,4.37,9.9
2016-01-21,0.618,13.92,11.74,0.52,1.66
2016-01-22,0.637,28.9,11.48,5.38,12.04
2016-01-23,0.846,39.78,11.55,11.1,17.12
2016-01-24,0.832,17.11,11.77,2.14,3.2
2016-01-25,0.731,13.79,11.84,0.69,1.25
2016-01-26,0.656,13.35,11.81,0.4,1.14
2016-01-27,0.588,13.19,11.82,0.23,1.14
2016-01-28,0.564,13.06,11.83,0.1,1.14
2016-01-29,0.554,15.64,11.77,0.62,3.25
2016-01-30,0.517,19.91,11.95,0.95,7.01
2016-01-31,0.43,13.49,11.98,0.03,1.48
2016-02-01,0.38,13.1,11.95,0.01,1.14
2016-02-02,0.408,13.02,11.87,0.01,1.13
2016-02-03,0.398,13.1,11.95,0.01,1.14
2016-02-04,0.326,13.19,12.07,0.01,1.12
2016-02-05,0.286,13.12,12.02,0.0,1.1
2016-02-06,0.259,13.12,12.04,0.0,1.08
2016-02-07,0.232,13.08,12.03,0.0,1.05
2016-02-08,0.206,13.07,12.04,0.0,1.03
2016-02-09,0.184,13.02,12.02,0.0,1.0
2016-02-10,0.165,12.97,11.99,0.0,0.97
2016-02-11,0.145,12.92,11.98,0.0,0.94
2016-02-12,0.126,12.87,11.96,0.0,0.91
2016-02-13,0.107,12.82,11.94,0.0,0.88
2016-02-14,0.088,12.81,11.95,0.0,0.85
2016-02-15,0.076,12.71,11.87,0.0,0.83
2016-02-16,0.066,12.73,11.91,0.0,0.82
2016-02-17,0.087,62.19,10.83,0.13,51.23
2016-02-18,0.165,54.75,11.36,0.01,43.37
2016-02-19,0.148,14.37,11.89,0.0,2.48
2016-02-20,0.133,12.94,11.96,0.0,0.97
2016-02-21,0.115,12.88,11.97,0.0,0.9
2016-02-22,0.097,12.88,12.01,0.0,0.87
2016-02-23,0.084,12.79,11.94,0.0,0.85
2016-02-24,0.073,12.81,11.97,0.0,0.83
2016-02-25,0.061,12.75,11.94,0.0,0.81
2016-02-26,0.05,12.72,11.93,0.0,0.8
2016-02-27,0.041,12.69,11.9,0.0,0.78
2016-02-28,0.033,12.61,11.83,0.0,0.77
2016-02-29,0.025,12.48,11.72,0.0,0.76
2016-03-01,0.018,12.28,11.54,0.0,0.75
2016-03-02,0.011,11.84,11.12,0.0,0.72
2016-03-03,0.003,10.55,9.94,0.0,0.62
2016-03-04,0.039,42.2,9.17,0.03,32.99
2016-03-05,0.225,113.37,9.36,10.58,93.43
2016-03-06,0.367,112.88,11.16,9.08,92.64
2016-03-07,0.43,39.0,11.05,0.24,27.71
2016-03-08,0.405,14.29,11.44,0.02,2.83
2016-03-09,0.422,12.69,11.4,0.02,1.28
2016-03-10,0.516,48.02,10.99,7.08,29.95
2016-03-11,0.783,50.93,11.16,10.66,29.12
2016-03-12,0.862,32.19,10.99,7.98,13.22
2016-03-13,1.471,62.28,11.08,21.84,29.37
2016-03-14,1.655,21.35,11.62,4.19,5.54
2016-03-15,1.422,14.05,11.61,1.05,1.39
2016-03-16,1.221,13.61,11.6,0.86,1.15
2016-03-17,1.05,13.55,11.6,0.82,1.14
2016-03-18,0.898,13.48,11.59,0.75,1.14
2016-03-19,0.783,13.36,11.58,0.65,1.14
2016-03-20,0.758,13.37,11.59,0.64,1.14
2016-03-21,0.63,13.33,11.71,0.48,1.14
2016-03-22,0.511,13.04,11.72,0.18,1.13
2016-03-23,0.447,12.96,11.78,0.05,1.13
2016-03-24,0.388,12.94,11.79,0.02,1.13
2016-03-25,0.329,12.92,11.79,0.01,1.12
2016-03-26,0.278,12.91,11.81,0.01,1.09
2016-03-27,0.231,12.95,11.88,0.0,1.07
2016-03-28,0.19,12.81,11.79,0.0,1.01
2016-03-29,0.165,12.8,11.82,0.0,0.98
2016-03-30,0.14,12.8,11.86,0.0,0.94
2016-03-31,0.117,12.81,11.9,0.0,0.9
2016-04-01,0.097,12.78,11.91,0.0,0.87
2016-04-02,0.079,12.73,11.89,0.0,0.84
2016-04-03,0.063,12.67,11.85,0.0,0.81
2016-04-04,0.048,12.57,11.78,0.0,0.79
2016-04-05,0.034,12.42,11.66,0.0,0.76
2016-04-06,0.02,12.14,11.4,0.0,0.73
2016-04-07,0.007,10.8,10.16,0.0,0.66
2016-04-08,0.002,5.3,5.0,0.0,0.21
2016-04-09,0.094,40.28,11.18,0.02,29.08
2016-04-10,0.094,22.71,12.04,0.0,10.67
2016-04-11,0.049,13.96,12.65,0.0,1.31
2016-04-12,0.035,13.6,12.82,0.0,0.79
2016-04-13,0.021,14.16,13.42,0.0,0.75
2016-04-14,0.004,15.53,14.98,0.0,0.55
2016-04-15,0.002,15.9,15.21,0.0,0.68
2016-04-16,0.0,14.53,14.03,0.0,0.6
2016-04-17,0.0,13.57,13.17,0.0,0.68
2016-04-18,0.0,14.47,13.55,0.0,0.72
2016-04-19,0.0,14.05,13.74,0.0,0.72
2016-04-20,0.0,15.43,14.48,0.0,0.75
2016-04-21,0.0,15.43,15.18,0.0,0.78
2016-04-22,0.001,9.63,6.77,0.0,2.87
2016-04-23,0.0,9.09,7.87,0.0,1.09
2016-04-24,0.0,8.68,10.85,0.0,0.38
2016-04-25,0.0,0.0,0.0,0.0,0.0
2016-04-26,0.0,0.0,0.0,0.0,0.0
2016-04-27,0.0,0.0,0.0,0.0,0.0
2016-04-28,0.0,0.0,0.0,0.0,0.0
2016-04-29,0.0,0.0,0.0,0.0,0.0
2016-04-30,0.0,0.0,0.0,0.0,0.0
2016-05-01,0.0,0.0,0.0,0.0,0.0
2016-05-02,0.0,0.0,0.0,0.0,0.0
2016-05-03,0.0,0.0,0.0,0.0,0.0
2016-05-04,0.0,0.0,0.0,0.0,0.0
2016-05-05,0.0,0.0,0.0,0.0,0.0
2016-05-06,0.0,0.0,0.0,0.0,0.0
2016-05-07,0.0,0.0,0.0,0.0,0.0
2016-05-08,0.0,0.0,0.0,0.0,0.0
2016-05-09,0.0,0.0,0.0,0.0,0.0
2016-05-10,0.0,0.0,0.0,0.0,0.0
2016-05-11,0.0,0.0,0.0,0.0,0.0
2016-05-12,0.0,0.0,0.0,0.0,0.0
2016-05-13,0.0,0.0,0.0,0.0,0.0
2016-05-14,0.0,0.0,0.0,0.0,0.0
2016-05-15,0.0,0.0,0.0,0.0,0.0
2016-05-16,0.0,0.0,0.0,0.0,0.0
2016-05-17,0.0,0.0,0.0,0.0,0.0
2016-05-18,0.0,0.0,0.0,0.0,0.0
2016-05-19,0.0,0.0,0.0,0.0,0.0
2016-05-20,0.0,0.0,0.0,0.0,0.0
2016-05-21,0.0,0.0,0.0,0.0,0.0
2016-05-22,0.0,0.0,0.0,0.0,0.0
2016-05-23,0.0,0.0,0.0,0.0,0.0
2016-05-24,0.0,0.0,0.0,0.0,0.0
2016-05-25,0.0,0.0,0.0,0.0,0.0
2016-05-26,0.0,0.0,0.0,0.0,0.0
2016-05-27,0.0,0.0,0.0,0.0,0.0
2016-05-28,0.0,0.0,0.0,0.0,0.0
2016-05-29,0.0,0.0,0.0,0.0,0.0
2016-05-30,0.0,0.0,0.0,0.0,0.0
2016-05-31,0.0,0.0,0.0,0.0,0.0
2016-06-01,0.0,0.0,0.0,0.0,0.0
2016-06-02,0.0,0.0,0.0,0.0,0.0
2016-06-03,0.0,0.0,0.0,0.0,0.0
2016-06-04,0.0,0.0,0.0,0.0,0.0
2016-06-05,0.0,0.0,0.0,0.0,0.0
2016-06-06,0.0,0.0,0.0,0.0,0.0
2016-06-07,0.0,0.0,0.0,0.0,0.0
2016-06-08,0.0,0.0,0.0,0.0,0.0
2016-06-09,0.0,0.0,0.0,0.0,0.0
2016-06-10,0.0,0.0,0.0,0.0,0.0
2016-06-11,0.0,0.0,0.0,0.0,0.0
2016-06-12,0.0,0.0,0.0,0.0,0.0
2016-06-13,0.0,0.0,0.0,0.0,0.0
2016-06-14,0.0,0.0,0.0,0.0,0.0
2016-06-15,0.0,0.0,0.0,0.0,0.0
2016-06-16,0.0,0.0,0.0,0.0,0.0
2016-06-17,0.0,0.0,0.0,0.0,0.0
2016-06-18,0.0,0.0,0.0,0.0,0.0
2016-06-19,0.0,0.0,0.0,0.0,0.0
2016-06-20,0.0,0.0,0.0,0.0,0.0
2016-06-21,0.0,0.0,0.0,0.0,0.0
2016-06-22,0.0,0.0,0.0,0.0,0.0
2016-06-23,0.0,0.0,0.0,0.0,0.0
2016-06-24,0.0,0.0,0.0,0.0,0.0
2016-06-25,0.0,0.0,0.0,0.0,0.0
2016-06-26,0.0,0.0,0.0,0.0,0.0
2016-06-27,0.0,0.0,0.0,0.0,0.0
2016-06-28,0.0,0.0,0.0,0.0,0.0
2016-06-29,0.0,0.0,0.0,0.0,0.0
2016-06-30,0.0,0.0,0.0,0.0,0.0
2016-07-01,0.0,0.0,0.0,0.0,0.0
2016-07-02,0.0,0.0,0.0,0.0,0.0
2016-07-03,0.0,0.0,0.0,0.0,0.0
2016-07-04,0.0,0.0,0.0,0.0,0.0
2016-07-05,0.0,0.0,0.0,0.0,0.0
2016-07-06,0.0,0.0,0.0,0.0,0.0
2016-07-07,0.0,0.0,0.0,0.0,0.0
2016-07-08,0.0,0.0,0.0,0.0,0.0
2016-07-09,0.0,0.0,0.0,0.0,0.0
2016-07-10,0.0,0.0,0.0,0.0,0.0
2016-07-11,0.0,0.0,0.0,0.0,0.0
2016-07-12,0.0,0.0,0.0,0.0,0.0
2016-07-13,0.0,0.0,0.0,0.0,0.0
2016-07-14,0.0,0.0,0.0,0.0,0.0
2016-07-15,0.0,0.0,0.0,0.0,0.0
2016-07-16,0.0,0.0,0.0,0.0,0.0
2016-07-17,0.0,0.0,0.0,0.0,0.0
2016-07-18,0.0,0.0,0.0,0.0,0.0
2016-07-19,0.0,0.0,0.0,0.0,0.0
2016-07-20,0.0,0.0,0.0,0.0,0.0
2016-07-21,0.0,0.0,0.0,0.0,0.0
2016-07-22,0.0,0.0,0.0,0.0,0.0
2016-07-23,0.0,0.0,0.0,0.0,0.0
2016-07-24,0.0,0.0,0.0,0.0,0.0
2016-07-25,0.0,0.0,0.0,0.0,0.0
2016-07-26,0.0,0.0,0.0,0.0,0.0
2016-07-27,0.0,0.0,0.0,0.0,0.0
2016-07-28,0.0,0.0,0.0,0.0,0.0
2016-07-29,0.0,0.0,0.0,0.0,0.0
2016-07-30,0.0,0.0,0.0,0.0,0.0
2016-07-31,0.0,0.0,0.0,0.0,0.0
2016-08-01,0.0,0.0,0.0,0.0,0.0
2016-08-02,0.0,0.0,0.0,0.0,0.0
2016-08-03,0.0,0.0,0.0,0.0,0.0
2016-08-04,0.0,0.0,0.0,0.0,0.0
2016-08-05,0.0,0.0,0.0,0.0,0.0
2016-08-06,0.0,0.0,0.0,0.0,0.0
2016-08-07,0.0,0.0,0.0,0.0,0.0
2016-08-08,0.0,0.0,0.0,0.0,0.0
2016-08-09,0.0,0.0,0.0,0.0,0.0
2016-08-10,0.0,0.0,0.0,0.0,0.0
2016-08-11,0.0,0.0,0.0,0.0,0.0
2016-08-12,0.0,0.0,0.0,0.0,0.0
2016-08-13,0.0,0.0,0.0,0.0,0.0
2016-08-14,0.0,0.0,0.0,0.0,0.0
2016-08-15,0.0,0.0,0.0,0.0,0.0
2016-08-16,0.0,0.0,0.0,0.0,0.0
2016-08-17,0.0,0.0,0.0,0.0,0.0
2016-08-18,0.0,0.0,0.0,0.0,0.0
2016-08-19,0.0,0.0,0.0,0.0,0.0
2016-08-20,0.0,0.0,0.0,0.0,0.0
2016-08-21,0.0,0.0,0.0,0.0,0.0
2016-08-22,0.0,0.0,0.0,0.0,0.0
2016-08-23,0.0,0.0,0.0,0.0,0.0
2016-08-24,0.0,0.0,0.0,0.0,0.0
2016-08-25,0.0,0.0,0.0,0.0,0.0
2016-08-26,0.0,0.0,0.0,0.0,0.0
2016-08-27,0.0,0.0,0.0,0.0,0.0
2016-08-28,0.0,0.0,0.0,0.0,0.0
2016-08-29,0.0,0.0,0.0,0.0,0.0
2016-08-30,0.0,0.0,0.0,0.0,0.0
2016-08-31,0.0,0.0,0.0,0.0,0.0
2016-09-01,0.0,0.0,0.0,0.0,0.0
2016-09-02,0.0,0.0,0.0,0.0,0.0
2016-09-03,0.0,0.0,0.0,0.0,0.0
2016-09-04,0.0,0.0,0.0,0.0,0.0
2016-09-05,0.0,0.0,0.0,0.0,0.0
2016-09-06,0.0,0.0,0.0,0.0,0.0
2016-09-07,0.0,0.0,0.0,0.0,0.0
2016-09-08,0.0,0.0,0.0,0.0,0.0
2016-09-09,0.0,0.0,0.0,0.0,0.0
2016-09-10,0.0,0.0,0.0,0.0,0.0
2016-09-11,0.0,0.0,0.0,0.0,0.0
2016-09-12,0.0,0.0,0.0,0.0,0.0
2016-09-13,0.0,0.0,0.0,0.0,0.0
2016-09-14,0.0,0.0,0.0,0.0,0.0
2016-09-15,0.0,0.0,0.0,0.0,0.0
2016-09-16,0.0,0.0,0.0,0.0,0.0
2016-09-17,0.0,0.0,0.0,0.0,0.0
2016-09-18,0.0,0.0,0.0,0.0,0.0
2016-09-19,0.0,0.0,0.0,0.0,0.0
2016-09-20,0.0,0.0,0.0,0.0,0.0
2016-09-21,0.0,0.0,0.0,0.0,0.0
2016-09-22,0.0,0.0,0.0,0.0,0.0
2016-09-23,0.0,0.0,0.0,0.0,0.0
2016-09-24,0.0,0.0,0.0,0.0,0.0
2016-09-25,0.0,0.0,0.0,0.0,0.0
2016-09-26,0.0,0.0,0.0,0.0,0.0
2016-09-27,0.0,0.0,0.0,0.0,0.0
2016-09-28,0.0,0.0,0.0,0.0,0.0
2016-09-29,0.0,0.0,0.0,0.0,0.0
2016-09-30,0.0,0.0,0.0,0.0,0.0
2016-10-01,0.0,0.0,0.0,0.0,0.0
2016-10-02,0.0,0.0,0.0,0.0,0.0
2016-10-03,0.0,0.0,0.0,0.0,0.0
2016-10-04,0.0,0.0,0.0,0.0,0.0
2016-10-05,0.0,0.0,0.0,0.0,0.0
2016-10-06,0.0,0.0,0.0,0.0,0.0
2016-10-07,0.0,0.0,0.0,0.0,0.0
2016-10-08,0.0,0.0,0.0,0.0,0.0
2016-10-09,0.0,0.0,0.0,0.0,0.0
2016-10-10,0.0,0.0,0.0,0.0,0.0
2016-10-11,0.0,0.0,0.0,0.0,0.0
2016-10-12,0.0,0.0,0.0,0.0,0.0
2016-10-13,0.0,0.0,0.0,0.0,0.0
2016-10-14,0.027,34.99,9.62,0.23,25.14
2016-10-15,0.04,85.27,9.95,0.11,75.21
2016-10-16,0.143,75.62,10.99,0.11,64.52
2016-10-17,0.056,54.07,12.13,0.0,41.94
2016-10-18,0.007,17.84,12.44,0.0,5.39
2016-10-19,0.002,13.57,12.8,0.0,0.81
2016-10-20,0.001,13.57,12.81,0.0,0.72
2016-10-21,0.001,13.6,12.92,0.0,0.73
2016-10-22,0.001,13.84,13.01,0.0,0.74
2016-10-23,0.001,13.53,12.83,0.0,0.74
2016-10-24,0.001,13.74,12.98,0.0,0.73
2016-10-25,0.001,13.59,12.73,0.0,0.76
2016-10-26,0.001,13.5,12.91,0.0,0.72
2016-10-27,0.021,39.75,7.07,0.06,32.62
2016-10-28,0.146,57.46,10.99,0.08,46.39
2016-10-29,0.018,22.33,11.81,0.0,10.52
2016-10-30,0.051,87.09,10.6,0.08,76.41
2016-10-31,0.022,36.71,10.91,0.01,25.79
2016-11-01,0.035,29.78,9.59,0.01,20.18
2016-11-02,0.011,13.11,11.28,0.0,1.84
2016-11-03,0.006,12.44,11.7,0.0,0.73
2016-11-04,0.002,11.73,11.06,0.0,0.64
2016-11-05,0.001,12.57,11.83,0.0,0.69
2016-11-06,0.001,12.7,12.09,0.0,0.73
2016-11-07,0.001,12.77,12.04,0.0,0.73
2016-11-08,0.001,12.68,12.12,0.0,0.73
2016-11-09,0.001,12.69,12.07,0.0,0.73
2016-11-10,0.001,12.91,12.17,0.0,0.74
2016-11-11,0.0,12.63,11.96,0.0,0.72
2016-11-12,0.0,12.86,11.94,0.0,0.72
2016-11-13,0.0,12.69,12.03,0.0,0.73
2016-11-14,0.0,12.43,11.86,0.0,0.72
2016-11-15,0.0,12.63,12.1,0.0,0.72
2016-11-16,0.0,12.86,11.72,0.0,0.71
2016-11-17,0.0,13.12,12.62,0.0,0.77
2016-11-18,0.0,12.46,12.11,0.0,0.73
2016-11-19,0.017,27.42,7.57,0.01,19.84
2016-11-20,0.062,49.23,10.17,0.03,39.02
2016-11-21,0.023,31.93,11.97,0.0,19.96
2016-11-22,0.005,13.59,11.81,0.0,1.78
2016-11-23,0.002,11.03,9.02,0.0,1.98
2016-11-24,0.001,10.48,9.78,0.0,0.73
2016-11-25,0.001,11.8,11.16,0.0,0.67
2016-11-26,0.002,8.11,4.51,0.01,3.59
2016-11-27,0.037,47.08,11.72,0.02,35.34
2016-11-28,0.003,19.14,12.36,0.0,6.77
2016-11-29,0.001,13.21,12.39,0.0,0.9
2016-11-30,0.001,13.05,12.25,0.0,0.71
2016-12-01,0.0,13.15,12.5,0.0,0.72
2016-12-02,0.0,13.62,12.89,0.0,0.74
2016-12-03,0.0,12.66,12.09,0.0,0.72
2016-12-04,0.0,12.81,12.46,0.0,0.73
2016-12-05,0.0,13.08,12.79,0.0,0.74
2016-12-06,0.0,13.31,12.65,0.0,0.74
2016-12-07,0.007,31.21,5.87,0.05,25.29
2016-12-08,0.097,33.52,10.5,0.01,23.01
2016-12-09,0.033,20.44,11.72,0.0,8.71
2016-12-10,0.091,33.89,10.23,0.02,23.64
2016-12-11,0.035,20.51,12.03,0.0,8.48
2016-12-12,0.015,12.85,11.9,0.0,0.95
2016-12-13,0.012,13.1,12.36,0.0,0.74
2016-12-14,0.003,12.78,12.18,0.0,0.58
2016-12-15,0.198,143.85,9.04,25.87,108.95
2016-12-16,0.17,89.87,11.08,1.23,77.56
2016-12-17,0.073,15.82,10.76,0.0,5.06
2016-12-18,0.065,11.87,10.98,0.0,0.89
2016-12-19,0.06,11.78,10.97,0.0,0.8
2016-12-20,0.054,11.8,11.01,0.0,0.79
2016-12-21,0.044,11.66,10.89,0.0,0.77
2016-12-22,0.043,11.52,10.74,0.0,0.79
2016-12-23,0.12,49.59,10.53,0.05,39.01
2016-12-24,0.082,16.59,11.24,0.0,5.35
2016-12-25,0.065,12.07,11.17,0.0,0.9
2016-12-26,0.059,11.96,11.16,0.0,0.8
2016-12-27,0.054,11.96,11.17,0.0,0.8
2016-12-28,0.049,11.89,11.1,0.0,0.79
2016-12-29,0.044,11.87,11.09,0.0,0.78
2016-12-30,0.04,11.73,10.95,0.0,0.78
2016-12-31,0.036,11.6,10.83,0.0,0.77
2017-01-01,0.03,11.71,10.95,0.0,0.75
2017-01-02,0.023,11.27,10.48,0.0,0.79
2017-01-03,0.142,36.96,9.5,0.12,27.34
2017-01-04,0.364,47.9,10.61,0.77,36.52
2017-01-05,0.271,18.46,11.43,0.0,7.02
2017-01-06,0.224,12.76,11.42,0.0,1.34
2017-01-07,0.341,25.45,10.55,0.28,14.63
2017-01-08,1.116,103.2,10.36,34.56,58.28
2017-01-09,1.552,38.58,11.05,11.65,15.88
2017-01-10,3.387,523.33,11.91,220.83,290.58
2017-01-11,6.298,205.83,14.09,82.8,108.95
2017-01-12,5.231,23.85,13.44,4.5,5.91
2017-01-13,4.382,16.01,13.14,1.24,1.63
2017-01-14,3.722,14.93,12.88,0.88,1.16
2017-01-15,3.217,14.66,12.66,0.86,1.14
2017-01-16,2.796,14.43,12.44,0.86,1.14
2017-01-17,2.436,14.22,12.22,0.86,1.14
2017-01-18,2.869,43.49,12.01,13.59,17.89
2017-01-19,4.568,43.06,13.13,12.92,17.01
2017-01-20,6.404,306.84,14.46,126.26,166.13
2017-01-21,6.797,43.98,15.27,12.4,16.31
2017-01-22,10.328,305.85,17.31,120.26,168.29
2017-01-23,11.174,113.33,18.85,21.55,72.92
2017-01-24,8.401,31.43,17.18,1.16,13.09
2017-01-25,6.621,18.01,15.54,0.87,1.6
2017-01-26,5.335,16.23,14.22,0.86,1.15
2017-01-27,4.395,15.44,13.44,0.86,1.14
2017-01-28,3.631,15.16,13.16,0.86,1.14
2017-01-29,2.984,14.91,12.91,0.86,1.14
2017-01-30,2.462,14.68,12.68,0.86,1.14
2017-01-31,2.058,14.54,12.55,0.86,1.14
2017-02-01,1.726,14.58,12.58,0.86,1.14
2017-02-02,1.481,15.29,12.52,1.2,1.57
2017-02-03,2.112,80.35,11.86,29.57,38.91
2017-02-04,2.498,28.02,12.39,6.75,8.88
2017-02-05,2.061,16.58,12.24,1.87,2.47
2017-02-06,2.396,80.39,11.75,29.64,39.0
2017-02-07,10.894,829.04,17.75,338.57,472.71
2017-02-08,10.535,82.36,18.47,11.99,51.9
2017-02-09,9.195,59.12,17.47,13.96,27.68
2017-02-10,8.47,33.66,17.37,4.83,11.46
2017-02-11,6.4,18.15,15.59,1.0,1.56
2017-02-12,4.97,16.11,14.09,0.87,1.15
2017-02-13,3.952,15.33,13.33,0.86,1.14
2017-02-14,3.119,15.04,13.04,0.86,1.14
2017-02-15,2.571,14.76,12.76,0.86,1.14
2017-02-16,2.088,15.4,12.59,1.22,1.6
2017-02-17,2.513,40.93,12.08,12.46,16.39
2017-02-18,4.138,32.06,13.09,8.19,10.78
2017-02-19,3.747,25.06,13.06,5.18,6.82
2017-02-20,10.016,1466.66,17.4,613.85,835.4
2017-02-21,14.484,433.31,21.33,124.74,287.24
2017-02-22,9.5,82.76,18.63,2.49,61.64
2017-02-23,6.54,21.2,15.92,0.9,4.38
2017-02-24,4.782,16.13,14.0,0.86,1.27
2017-02-25,3.749,15.27,13.27,0.86,1.14
2017-02-26,2.801,14.97,12.97,0.86,1.14
2017-02-27,2.163,14.67,12.67,0.86,1.14
2017-02-28,1.651,14.69,12.69,0.86,1.14
2017-03-01,1.266,14.74,12.74,0.86,1.13
2017-03-02,0.992,14.72,12.77,0.81,1.14
2017-03-03,0.745,14.65,12.88,0.63,1.14
2017-03-04,0.559,17.59,12.63,1.17,3.79
2017-03-05,1.509,37.7,11.9,10.1,15.7
2017-03-06,1.8,17.01,12.47,1.92,2.62
2017-03-07,1.466,14.78,12.57,0.95,1.26
2017-03-08,1.071,14.66,12.67,0.85,1.14
2017-03-09,0.783,14.51,12.7,0.67,1.13
2017-03-10,0.604,14.22,12.73,0.36,1.14
2017-03-11,0.453,14.11,12.82,0.16,1.13
2017-03-12,0.339,13.96,12.83,0.02,1.11
2017-03-13,0.257,14.0,12.92,0.01,1.07
2017-03-14,0.189,14.04,13.01,0.0,1.03
2017-03-15,0.135,14.09,13.11,0.0,0.97
2017-03-16,0.096,14.07,13.17,0.0,0.9
2017-03-17,0.066,14.18,13.34,0.0,0.84
2017-03-18,0.041,14.52,13.73,0.0,0.79
2017-03-19,0.022,15.3,14.56,0.0,0.75
2017-03-20,0.053,49.94,7.96,0.33,41.64
2017-03-21,0.893,46.85,10.76,9.72,26.37
2017-03-22,1.734,36.13,11.36,10.53,14.25
2017-03-23,1.703,15.63,11.85,1.63,2.16
2017-03-24,1.633,20.41,11.64,3.79,4.98
2017-03-25,1.509,15.41,11.69,1.61,2.11
2017-03-26,1.311,13.77,11.68,0.91,1.19
2017-03-27,0.97,13.7,11.78,0.78,1.14
2017-03-28,0.699,13.43,11.75,0.55,1.13
2017-03-29,0.554,13.11,11.73,0.25,1.14
2017-03-30,0.417,12.96,11.79,0.03,1.13
2017-03-31,0.31,12.92,11.8,0.01,1.11
2017-04-01,0.243,12.88,11.8,0.0,1.07
2017-04-02,0.186,12.88,11.86,0.0,1.02
2017-04-03,0.136,12.78,11.84,0.0,0.93
2017-04-04,0.096,12.68,11.82,0.0,0.86
2017-04-05,0.066,12.69,11.87,0.0,0.81
2017-04-06,0.142,98.86,8.51,5.28,85.07
2017-04-07,0.892,55.23,10.62,9.87,34.75
2017-04-08,1.342,44.82,11.13,14.2,19.48
2017-04-09,1.192,15.69,11.47,1.8,2.42
2017-04-10,0.95,13.55,11.5,0.83,1.22
2017-04-11,0.86,13.46,11.54,0.79,1.14
2017-04-12,0.71,13.4,11.65,0.62,1.14
2017-04-13,0.566,18.48,11.42,1.83,5.22
2017-04-14,0.461,13.58,11.38,0.13,2.06
2017-04-15,0.364,12.61,11.41,0.02,1.19
2017-04-16,0.382,15.27,11.01,0.05,4.2
2017-04-17,0.437,13.22,11.1,0.03,2.1
2017-04-18,0.333,12.52,11.31,0.01,1.19
2017-04-19,0.234,12.48,11.39,0.0,1.08
2017-04-20,0.201,13.24,11.02,0.0,2.21
2017-04-21,0.174,12.2,11.15,0.0,1.05
2017-04-22,0.132,12.07,11.14,0.0,0.93
2017-04-23,0.093,11.71,10.86,0.0,0.85
2017-04-24,0.061,11.11,10.31,0.0,0.8
2017-04-25,0.051,11.18,10.38,0.0,0.8
2017-04-26,0.032,10.1,9.35,0.0,0.75
2017-04-27,0.026,10.21,9.44,0.0,0.77
2017-04-28,0.01,9.04,8.37,0.0,0.67
2017-04-29,0.002,8.18,7.64,0.0,0.51
2017-04-30,0.0,7.49,7.6,0.0,0.12
2017-05-01,0.0,11.57,9.63,0.0,0.03
2017-05-02,0.0,0.0,0.0,0.0,0.0
2017-05-03,0.0,0.0,0.0,0.0,0.0
2017-05-04,0.0,0.0,0.0,0.0,0.0
2017-05-05,0.0,0.0,0.0,0.0,0.0
2017-05-06,0.0,0.0,0.0,0.0,0.0
2017-05-07,0.0,0.0,0.0,0.0,0.0
2017-05-08,0.0,0.0,0.0,0.0,0.0
2017-05-09,0.0,0.0,0.0,0.0,0.0
2017-05-10,0.0,0.0,0.0,0.0,0.0
2017-05-11,0.0,0.0,0.0,0.0,0.0
2017-05-12,0.0,0.0,0.0,0.0,0.0
2017-05-13,0.0,0.0,0.0,0.0,0.0
2017-05-14,0.0,0.0,0.0,0.0,0.0
2017-05-15,0.0,0.0,0.0,0.0,0.0
2017-05-16,0.0,0.0,0.0,0.0,0.0
2017-05-17,0.0,0.0,0.0,0.0,0.0
2017-05-18,0.0,0.0,0.0,0.0,0.0
2017-05-19,0.0,0.0,0.0,0.0,0.0
2017-05-20,0.0,0.0,0.0,0.0,0.0
2017-05-21,0.0,0.0,0.0,0.0,0.0
2017-05-22,0.0,0.0,0.0,0.0,0.0
2017-05-23,0.0,0.0,0.0,0.0,0.0
2017-05-24,0.0,0.0,0.0,0.0,0.0
2017-05-25,0.0,0.0,0.0,0.0,0.0
2017-05-26,0.0,0.0,0.0,0.0,0.0
2017-05-27,0.0,0.0,0.0,0.0,0.0
2017-05-28,0.0,0.0,0.0,0.0,0.0
2017-05-29,0.0,0.0,0.0,0.0,0.0
2017-05-30,0.0,0.0,0.0,0.0,0.0
2017-05-31,0.0,0.0,0.0,0.0,0.0
2017-06-01,0.0,0.0,0.0,0.0,0.0
2017-06-02,0.0,0.0,0.0,0.0,0.0
2017-06-03,0.0,0.0,0.0,0.0,0.0
2017-06-04,0.0,0.0,0.0,0.0,0.0
2017-06-05,0.0,0.0,0.0,0.0,0.0
2017-06-06,0.0,0.0,0.0,0.0,0.0
2017-06-07,0.0,0.0,0.0,0.0,0.0
2017-06-08,0.0,0.0,0.0,0.0,0.0
2017-06-09,0.0,0.0,0.0,0.0,0.0
2017-06-10,0.0,0.0,0.0,0.0,0.0
2017-06-11,0.0,0.0,0.0,0.0,0.0
2017-06-12,0.0,0.0,0.0,0.0,0.0
2017-06-13,0.0,0.0,0.0,0.0,0.0
2017-06-14,0.0,0.0,0.0,0.0,0.0
2017-06-15,0.0,0.0,0.0,0.0,0.0
2017-06-16,0.0,0.0,0.0,0.0,0.0
2017-06-17,0.0,0.0,0.0,0.0,0.0
2017-06-18,0.0,0.0,0.0,0.0,0.0
2017-06-19,0.0,0.0,0.0,0.0,0.0
2017-06-20,0.0,0.0,0.0,0.0,0.0
2017-06-21,0.0,0.0,0.0,0.0,0.0
2017-06-22,0.0,0.0,0.0,0.0,0.0
2017-06-23,0.0,0.0,0.0,0.0,0.0
2017-06-24,0.0,0.0,0.0,0.0,0.0
2017-06-25,0.0,0.0,0.0,0.0,0.0
2017-06-26,0.0,0.0,0.0,0.0,0.0
2017-06-27,0.0,0.0,0.0,0.0,0.0
2017-06-28,0.0,0.0,0.0,0.0,0.0
2017-06-29,0.0,0.0,0.0,0.0,0.0
2017-06-30,0.0,0.0,0.0,0.0,0.0
2017-07-01,0.0,0.0,0.0,0.0,0.0
2017-07-02,0.0,0.0,0.0,0.0,0.0
2017-07-03,0.0,0.0,0.0,0.0,0.0
2017-07-04,0.0,0.0,0.0,0.0,0.0
2017-07-05,0.0,0.0,0.0,0.0,0.0
2017-07-06,0.0,0.0,0.0,0.0,0.0
2017-07-07,0.0,0.0,0.0,0.0,0.0
2017-07-08,0.0,0.0,0.0,0.0,0.0
2017-07-09,0.0,0.0,0.0,0.0,0.0
2017-07-10,0.0,0.0,0.0,0.0,0.0
2017-07-11,0.0,0.0,0.0,0.0,0.0
2017-07-12,0.0,0.0,0.0,0.0,0.0
2017-07-13,0.0,0.0,0.0,0.0,0.0
2017-07-14,0.0,0.0,0.0,0.0,0.0
2017-07-15,0.0,0.0,0.0,0.0,0.0
2017-07-16,0.0,0.0,0.0,0.0,0.0
2017-07-17,0.0,0.0,0.0,0.0,0.0
2017-07-18,0.0,0.0,0.0,0.0,0.0
2017-07-19,0.0,0.0,0.0,0.0,0.0
2017-07-20,0.0,0.0,0.0,0.0,0.0
2017-07-21,0.0,0.0,0.0,0.0,0.0
2017-07-22,0.0,0.0,0.0,0.0,0.0
2017-07-23,0.0,0.0,0.0,0.0,0.0
2017-07-24,0.0,0.0,0.0,0.0,0.0
2017-07-25,0.0,0.0,0.0,0.0,0.0
2017-07-26,0.0,0.0,0.0,0.0,0.0
2017-07-27,0.0,0.0,0.0,0.0,0.0
2017-07-28,0.0,0.0,0.0,0.0,0.0
2017-07-29,0.0,0.0,0.0,0.0,0.0
2017-07-30,0.0,0.0,0.0,0.0,0.0
2017-07-31,0.0,0.0,0.0,0.0,0.0
2017-08-01,0.0,0.0,0.0,0.0,0.0
2017-08-02,0.0,0.0,0.0,0.0,0.0
2017-08-03,0.0,0.0,0.0,0.0,0.0
2017-08-04,0.0,0.0,0.0,0.0,0.0
2017-08-05,0.0,0.0,0.0,0.0,0.0
2017-08-06,0.0,0.0,0.0,0.0,0.0
2017-08-07,0.0,0.0,0.0,0.0,0.0
2017-08-08,0.0,0.0,0.0,0.0,0.0
2017-08-09,0.0,0.0,0.0,0.0,0.0
2017-08-10,0.0,0.0,0.0,0.0,0.0
2017-08-11,0.0,0.0,0.0,0.0,0.0
2017-08-12,0.0,0.0,0.0,0.0,0.0
2017-08-13,0.0,0.0,0.0,0.0,0.0
2017-08-14,0.0,0.0,0.0,0.0,0.0
2017-08-15,0.0,0.0,0.0,0.0,0.0
2017-08-16,0.0,0.0,0.0,0.0,0.0
2017-08-17,0.0,0.0,0.0,0.0,0.0
2017-08-18,0.0,0.0,0.0,0.0,0.0
2017-08-19,0.0,0.0,0.0,0.0,0.0
2017-08-20,0.0,0.0,0.0,0.0,0.0
2017-08-21,0.0,0.0,0.0,0.0,0.0
2017-08-22,0.0,0.0,0.0,0.0,0.0
2017-08-23,0.0,0.0,0.0,0.0,0.0
2017-08-24,0.0,0.0,0.0,0.0,0.0
2017-08-25,0.0,0.0,0.0,0.0,0.0
2017-08-26,0.0,0.0,0.0,0.0,0.0
2017-08-27,0.0,0.0,0.0,0.0,0.0
2017-08-28,0.0,0.0,0.0,0.0,0.0
2017-08-29,0.0,0.0,0.0,0.0,0.0
2017-08-30,0.0,0.0,0.0,0.0,0.0
2017-08-31,0.0,0.0,0.0,0.0,0.0
2017-09-01,0.0,0.0,0.0,0.0,0.0
2017-09-02,0.0,0.0,0.0,0.0,0.0
2017-09-03,0.0,0.0,0.0,0.0,0.0
2017-09-04,0.0,0.0,0.0,0.0,0.0
2017-09-05,0.0,0.0,0.0,0.0,0.0
2017-09-06,0.0,0.0,0.0,0.0,0.0
2017-09-07,0.0,0.0,0.0,0.0,0.0
2017-09-08,0.0,0.0,0.0,0.0,0.0
2017-09-09,0.0,0.0,0.0,0.0,0.0
2017-09-10,0.0,0.0,0.0,0.0,0.0
2017-09-11,0.0,0.0,0.0,0.0,0.0
2017-09-12,0.0,0.0,0.0,0.0,0.0
2017-09-13,0.0,0.0,0.0,0.0,0.0
2017-09-14,0.0,0.0,0.0,0.0,0.0
2017-09-15,0.0,0.0,0.0,0.0,0.0
2017-09-16,0.0,0.0,0.0,0.0,0.0
2017-09-17,0.0,0.0,0.0,0.0,0.0
2017-09-18,0.0,0.0,0.0,0.0,0.0
2017-09-19,0.0,0.0,0.0,0.0,0.0
2017-09-20,0.0,0.0,0.0,0.0,0.0
2017-09-21,0.0,0.0,0.0,0.0,0.0
2017-09-22,0.0,0.0,0.0,0.0,0.0
2017-09-23,0.0,0.0,0.0,0.0,0.0
2017-09-24,0.0,0.0,0.0,0.0,0.0
2017-09-25,0.0,0.0,0.0,0.0,0.0
2017-09-26,0.0,0.0,0.0,0.0,0.0
2017-09-27,0.0,0.0,0.0,0.0,0.0
2017-09-28,0.0,0.0,0.0,0.0,0.0
2017-09-29,0.0,0.0,0.0,0.0,0.0
2017-09-30,0.0,0.0,0.0,0.0,0.0
2017-10-01,0.0,0.0,0.0,0.0,0.0
2017-10-02,0.0,0.0,0.0,0.0,0.0
2017-10-03,0.0,0.0,0.0,0.0,0.0
2017-10-04,0.0,0.0,0.0,0.0,0.0
2017-10-05,0.0,0.0,0.0,0.0,0.0
2017-10-06,0.0,0.0,0.0,0.0,0.0
2017-10-07,0.0,0.0,0.0,0.0,0.0
2017-10-08,0.0,0.0,0.0,0.0,0.0
2017-10-09,0.0,0.0,0.0,0.0,0.0
2017-10-10,0.0,0.0,0.0,0.0,0.0
2017-10-11,0.0,0.0,0.0,0.0,0.0
2017-10-12,0.0,0.0,0.0,0.0,0.0
2017-10-13,0.0,0.0,0.0,0.0,0.0
2017-10-14,0.0,0.0,0.0,0.0,0.0
2017-10-15,0.0,0.0,0.0,0.0,0.0
2017-10-16,0.0,0.0,0.0,0.0,0.0
2017-10-17,0.0,0.0,0.0,0.0,0.0
2017-10-18,0.0,0.0,0.0,0.0,0.0
2017-10-19,0.002,126.16,12.39,49.12,64.63
2017-10-20,0.026,48.02,12.4,0.02,35.6
2017-10-21,0.002,19.17,12.88,0.0,6.33
2017-10-22,0.0,13.4,12.45,0.0,0.96
2017-10-23,0.0,16.2,13.84,0.0,0.64
2017-10-24,0.0,11.57,11.85,0.0,0.59
2017-10-25,0.0,17.36,17.8,0.0,0.88
2017-10-26,0.0,23.15,25.75,0.0,1.24
2017-10-27,0.0,11.57,15.72,0.0,0.72
2017-10-28,0.0,0.0,0.0,0.0,0.0
2017-10-29,0.0,0.0,0.0,0.0,0.0
2017-10-30,0.0,0.0,0.0,0.0,0.0
2017-10-31,0.0,0.0,0.0,0.0,0.0
2017-11-01,0.0,0.0,0.0,0.0,0.0
2017-11-02,0.0,0.0,0.0,0.0,0.0
2017-11-03,0.0,0.0,0.0,0.0,0.0
2017-11-04,0.003,16.93,6.67,0.03,10.23
2017-11-05,0.001,10.52,7.49,0.0,2.97
2017-11-06,0.0,8.68,8.25,0.0,0.57
2017-11-07,0.0,0.0,0.0,0.0,0.0
2017-11-08,0.0,0.0,0.0,0.0,0.0
2017-11-09,0.001,9.75,6.59,0.0,3.15
2017-11-10,0.0,8.53,7.59,0.0,1.0
2017-11-11,0.0,5.79,5.84,0.0,0.15
2017-11-12,0.0,0.0,0.0,0.0,0.0
2017-11-13,0.0,0.0,0.0,0.0,0.0
2017-11-14,0.0,0.0,0.0,0.0,0.0
2017-11-15,0.017,38.94,5.85,0.95,32.15
2017-11-16,0.258,80.71,10.7,0.49,69.51
2017-11-17,0.053,41.37,12.12,0.0,29.25
2017-11-18,0.011,14.87,12.32,0.0,2.55
2017-11-19,0.005,13.18,12.44,0.0,0.74
2017-11-20,0.002,13.2,12.52,0.0,0.65
2017-11-21,0.001,13.23,12.45,0.0,0.72
2017-11-22,0.001,13.02,12.28,0.0,0.72
2017-11-23,0.001,13.15,12.46,0.0,0.73
2017-11-24,0.001,13.02,12.43,0.0,0.73
2017-11-25,0.001,13.23,12.4,0.0,0.73
2017-11-26,0.001,13.06,12.25,0.0,0.73
2017-11-27,0.036,36.94,11.01,0.01,25.91
2017-11-28,0.005,16.92,12.37,0.0,4.55
2017-11-29,0.001,13.41,12.59,0.0,0.77
2017-11-30,0.001,13.4,12.63,0.0,0.71
2017-12-01,0.001,13.15,12.41,0.0,0.72
2017-12-02,0.001,13.2,12.61,0.0,0.73
2017-12-03,0.0,13.54,12.77,0.0,0.73
2017-12-04,0.0,13.4,12.82,0.0,0.73
2017-12-05,0.0,13.28,12.58,0.0,0.74
2017-12-06,0.0,13.44,12.7,0.0,0.74
2017-12-07,0.0,13.29,12.54,0.0,0.72
2017-12-08,0.0,13.02,12.4,0.0,0.72
2017-12-09,0.0,13.23,12.42,0.0,0.72
2017-12-10,0.0,13.5,12.64,0.0,0.73
2017-12-11,0.0,13.02,12.64,0.0,0.74
2017-12-12,0.0,12.35,12.03,0.0,0.7
2017-12-13,0.0,13.5,13.31,0.0,0.77
2017-12-14,0.0,12.63,12.87,0.0,0.75
2017-12-15,0.0,13.89,12.43,0.0,0.72
2017-12-16,0.0,17.36,15.14,0.0,0.82
2017-12-17,0.0,14.47,14.63,0.0,0.83
2017-12-18,0.0,11.57,11.0,0.0,0.64
2017-12-19,0.0,14.47,14.32,0.0,0.8
2017-12-20,0.0,17.36,15.44,0.0,0.83
2017-12-21,0.0,11.57,10.2,0.0,0.61
2017-12-22,0.0,15.43,11.83,0.0,0.66
2017-12-23,0.0,11.57,13.13,0.0,0.73
2017-12-24,0.0,11.57,17.47,0.0,0.92
2017-12-25,0.0,0.0,0.0,0.0,0.0
2017-12-26,0.0,0.0,0.0,0.0,0.0
2017-12-27,0.0,0.0,0.0,0.0,0.0
2017-12-28,0.0,0.0,0.0,0.0,0.0
2017-12-29,0.0,0.0,0.0,0.0,0.0
2017-12-30,0.0,0.0,0.0,0.0,0.0
2017-12-31,0.0,0.0,0.0,0.0,0.0
2018-01-01,0.0,0.0,0.0,0.0,0.0
2018-01-02,0.0,0.0,0.0,0.0,0.0
2018-01-03,0.019,65.43,8.33,3.57,53.52
2018-01-04,0.054,60.76,11.66,0.0,49.09
2018-01-05,0.007,19.62,10.24,0.01,9.37
2018-01-06,0.008,25.83,12.5,0.0,13.34
2018-01-07,0.001,13.8,12.48,0.0,1.39
2018-01-08,0.279,78.6,9.68,3.69,65.23
2018-01-09,0.372,96.03,11.52,12.94,71.57
2018-01-10,0.113,22.79,12.34,0.0,10.45
2018-01-11,0.096,13.45,12.36,0.0,1.09
2018-01-12,0.088,13.35,12.5,0.0,0.86
2018-01-13,0.078,13.37,12.53,0.0,0.84
2018-01-14,0.068,13.36,12.54,0.0,0.82
2018-01-15,0.058,13.38,12.58,0.0,0.81
2018-01-16,0.048,13.32,12.52,0.0,0.79
2018-01-17,0.048,13.27,12.47,0.0,0.8
2018-01-18,0.041,13.68,12.89,0.0,0.79
2018-01-19,0.027,13.02,12.27,0.0,0.75
2018-01-20,0.031,13.21,12.42,0.0,0.79
2018-01-21,0.026,13.49,12.71,0.0,0.77
2018-01-22,0.02,16.42,11.3,0.0,5.12
2018-01-23,0.027,13.35,12.35,0.0,1.0
2018-01-24,0.047,33.01,11.09,0.02,21.89
2018-01-25,0.056,25.47,12.07,0.0,13.4
2018-01-26,0.033,13.57,12.21,0.0,1.37
2018-01-27,0.029,13.29,12.51,0.0,0.78
2018-01-28,0.026,13.21,12.44,0.0,0.77
2018-01-29,0.022,13.32,12.57,0.0,0.76
2018-01-30,0.017,13.27,12.52,0.0,0.75
2018-01-31,0.013,13.28,12.55,0.0,0.74
2018-02-01,0.009,13.3,12.56,0.0,0.73
2018-02-02,0.005,13.3,12.61,0.0,0.7
2018-02-03,0.001,13.35,12.75,0.0,0.59
2018-02-04,0.0,14.09,13.24,0.0,0.52
2018-02-05,0.0,14.73,13.86,0.0,0.76
2018-02-06,0.0,11.57,11.94,0.0,0.68
2018-02-07,0.0,13.5,12.76,0.0,0.73
2018-02-08,0.0,11.57,11.33,0.0,0.65
2018-02-09,0.0,15.43,13.16,0.0,0.74
2018-02-10,0.0,11.57,12.11,0.0,0.67
2018-02-11,0.0,0.0,0.0,0.0,0.0
2018-02-12,0.0,0.0,0.0,0.0,0.0
2018-02-13,0.0,0.0,0.0,0.0,0.0
2018-02-14,0.0,0.0,0.0,0.0,0.0
2018-02-15,0.0,0.0,0.0,0.0,0.0
2018-02-16,0.0,0.0,0.0,0.0,0.0
2018-02-17,0.0,0.0,0.0,0.0,0.0
2018-02-18,0.0,0.0,0.0,0.0,0.0
2018-02-19,0.0,0.0,0.0,0.0,0.0
2018-02-20,0.0,0.0,0.0,0.0,0.0
2018-02-21,0.0,0.0,0.0,0.0,0.0
2018-02-22,0.0,0.0,0.0,0.0,0.0
2018-02-23,0.0,0.0,0.0,0.0,0.0
2018-02-24,0.0,0.0,0.0,0.0,0.0
2018-02-25,0.0,0.0,0.0,0.0,0.0
2018-02-26,0.019,61.62,10.5,3.68,47.43
2018-02-27,0.014,35.64,12.04,0.0,23.61
2018-02-28,0.001,15.64,11.98,0.0,3.69
2018-03-01,0.167,75.12,9.38,0.58,65.16
2018-03-02,0.088,50.17,11.09,0.01,39.07
2018-03-03,0.038,21.93,11.07,0.0,10.86
2018-03-04,0.019,13.66,11.11,0.0,2.54
2018-03-05,0.014,12.18,11.4,0.0,0.77
2018-03-06,0.008,11.56,10.85,0.0,0.71
2018-03-07,0.004,9.84,9.18,0.0,0.68
2018-03-08,0.002,10.45,9.73,0.0,0.68
2018-03-09,0.001,12.07,11.39,0.0,0.67
2018-03-10,0.001,12.37,11.67,0.0,0.72
2018-03-11,0.001,12.77,11.85,0.0,0.72
2018-03-12,0.001,12.48,11.67,0.0,0.73
2018-03-13,0.044,36.87,9.25,0.02,27.6
2018-03-14,0.069,35.05,10.89,0.01,24.15
2018-03-15,0.049,26.2,9.47,0.02,16.72
2018-03-16,0.083,33.98,11.59,0.01,22.38
2018-03-17,0.028,13.87,11.74,0.0,2.13
2018-03-18,0.02,12.72,11.9,0.0,0.82
2018-03-19,0.014,12.39,11.65,0.0,0.74
2018-03-20,0.042,39.81,9.51,0.04,30.26
2018-03-21,0.111,39.7,10.32,0.03,29.35
2018-03-22,0.147,40.03,10.49,0.07,29.47
2018-03-23,0.067,15.02,11.23,0.0,3.79
2018-03-24,0.055,12.66,10.61,0.0,2.05
2018-03-25,0.047,11.8,10.97,0.0,0.83
2018-03-26,0.039,11.62,10.85,0.0,0.78
2018-03-27,0.029,11.22,10.46,0.0,0.76
2018-03-28,0.019,10.4,9.66,0.0,0.74
2018-03-29,0.011,8.63,7.91,0.0,0.71
2018-03-30,0.007,8.25,7.53,0.0,0.71
2018-03-31,0.004,8.53,7.83,0.0,0.69
2018-04-01,0.001,10.71,10.01,0.0,0.53
2018-04-02,0.0,12.22,11.68,0.0,0.66
2018-04-03,0.0,12.96,12.28,0.0,0.71
2018-04-04,0.0,14.01,12.55,0.0,0.73
2018-04-05,0.005,24.42,6.27,0.03,18.11
2018-04-06,0.19,51.55,10.0,0.12,41.43
2018-04-07,0.272,75.87,11.12,1.31,63.44
2018-04-08,0.096,19.9,11.69,0.0,8.2
2018-04-09,0.069,12.74,11.74,0.0,1.0
2018-04-10,0.049,12.32,11.54,0.0,0.78
2018-04-11,0.044,13.92,11.31,0.0,2.61
2018-04-12,0.04,14.49,11.6,0.0,2.89
2018-04-13,0.029,12.12,11.32,0.0,0.8
2018-04-14,0.019,11.67,10.93,0.0,0.74
2018-04-15,0.005,9.93,9.34,0.0,0.59
2018-04-16,0.034,51.5,9.51,0.03,41.96
2018-04-17,0.016,17.74,10.03,0.0,7.7
2018-04-18,0.005,9.28,8.37,0.0,0.92
2018-04-19,0.003,9.08,8.43,0.0,0.69
2018-04-20,0.001,11.57,11.09,0.0,0.56
2018-04-21,0.0,13.07,12.28,0.0,0.68
2018-04-22,0.0,13.15,12.12,0.0,0.69
2018-04-23,0.0,13.12,12.43,0.0,0.7
2018-04-24,0.0,13.89,12.97,0.0,0.73
2018-04-25,0.0,15.43,14.31,0.0,0.79
2018-04-26,0.0,11.57,11.42,0.0,0.59
2018-04-27,0.0,11.57,16.33,0.0,0.73
2018-04-28,0.0,0.0,0.0,0.0,0.0
2018-04-29,0.0,0.0,0.0,0.0,0.0
2018-04-30,0.0,0.0,0.0,0.0,0.0
2018-05-01,0.0,0.0,0.0,0.0,0.0
2018-05-02,0.0,0.0,0.0,0.0,0.0
2018-05-03,0.0,0.0,0.0,0.0,0.0
2018-05-04,0.0,0.0,0.0,0.0,0.0
2018-05-05,0.0,0.0,0.0,0.0,0.0
2018-05-06,0.0,0.0,0.0,0.0,0.0
2018-05-07,0.0,0.0,0.0,0.0,0.0
2018-05-08,0.0,0.0,0.0,0.0,0.0
2018-05-09,0.0,0.0,0.0,0.0,0.0
2018-05-10,0.0,0.0,0.0,0.0,0.0
2018-05-11,0.0,0.0,0.0,0.0,0.0
2018-05-12,0.0,0.0,0.0,0.0,0.0
2018-05-13,0.0,0.0,0.0,0.0,0.0
2018-05-14,0.0,0.0,0.0,0.0,0.0
2018-05-15,0.0,0.0,0.0,0.0,0.0
2018-05-16,0.0,0.0,0.0,0.0,0.0
2018-05-17,0.0,0.0,0.0,0.0,0.0
2018-05-18,0.0,0.0,0.0,0.0,0.0
2018-05-19,0.0,0.0,0.0,0.0,0.0
2018-05-20,0.0,0.0,0.0,0.0,0.0
2018-05-21,0.0,0.0,0.0,0.0,0.0
2018-05-22,0.0,0.0,0.0,0.0,0.0
2018-05-23,0.0,0.0,0.0,0.0,0.0
2018-05-24,0.0,0.0,0.0,0.0,0.0
2018-05-25,0.0,0.0,0.0,0.0,0.0
2018-05-26,0.0,0.0,0.0,0.0,0.0
2018-05-27,0.0,0.0,0.0,0.0,0.0
2018-05-28,0.0,0.0,0.0,0.0,0.0
2018-05-29,0.0,0.0,0.0,0.0,0.0
2018-05-30,0.0,0.0,0.0,0.0,0.0
2018-05-31,0.0,0.0,0.0,0.0,0.0
2018-06-01,0.0,0.0,0.0,0.0,0.0
2018-06-02,0.0,0.0,0.0,0.0,0.0
2018-06-03,0.0,0.0,0.0,0.0,0.0
2018-06-04,0.0,0.0,0.0,0.0,0.0
2018-06-05,0.0,0.0,0.0,0.0,0.0
2018-06-06,0.0,0.0,0.0,0.0,0.0
2018-06-07,0.0,0.0,0.0,0.0,0.0
2018-06-08,0.0,0.0,0.0,0.0,0.0
2018-06-09,0.0,0.0,0.0,0.0,0.0
2018-06-10,0.0,0.0,0.0,0.0,0.0
2018-06-11,0.0,0.0,0.0,0.0,0.0
2018-06-12,0.0,0.0,0.0,0.0,0.0
2018-06-13,0.0,0.0,0.0,0.0,0.0
2018-06-14,0.0,0.0,0.0,0.0,0.0
2018-06-15,0.0,0.0,0.0,0.0,0.0
2018-06-16,0.0,0.0,0.0,0.0,0.0
2018-06-17,0.0,0.0,0.0,0.0,0.0
2018-06-18,0.0,0.0,0.0,0.0,0.0
2018-06-19,0.0,0.0,0.0,0.0,0.0
2018-06-20,0.0,0.0,0.0,0.0,0.0
2018-06-21,0.0,0.0,0.0,0.0,0.0
2018-06-22,0.0,0.0,0.0,0.0,0.0
2018-06-23,0.0,0.0,0.0,0.0,0.0
2018-06-24,0.0,0.0,0.0,0.0,0.0
2018-06-25,0.0,0.0,0.0,0.0,0.0
2018-06-26,0.0,0.0,0.0,0.0,0.0
2018-06-27,0.0,0.0,0.0,0.0,0.0
2018-06-28,0.0,0.0,0.0,0.0,0.0
2018-06-29,0.0,0.0,0.0,0.0,0.0
2018-06-30,0.0,0.0,0.0,0.0,0.0
2018-07-01,0.0,0.0,0.0,0.0,0.0
2018-07-02,0.0,0.0,0.0,0.0,0.0
2018-07-03,0.0,0.0,0.0,0.0,0.0
2018-07-04,0.0,0.0,0.0,0.0,0.0
2018-07-05,0.0,0.0,0.0,0.0,0.0
2018-07-06,0.0,0.0,0.0,0.0,0.0
2018-07-07,0.0,0.0,0.0,0.0,0.0
2018-07-08,0.0,0.0,0.0,0.0,0.0
2018-07-09,0.0,0.0,0.0,0.0,0.0
2018-07-10,0.0,0.0,0.0,0.0,0.0
2018-07-11,0.0,0.0,0.0,0.0,0.0
2018-07-12,0.0,0.0,0.0,0.0,0.0
2018-07-13,0.0,0.0,0.0,0.0,0.0
2018-07-14,0.0,0.0,0.0,0.0,0.0
2018-07-15,0.0,0.0,0.0,0.0,0.0
2018-07-16,0.0,0.0,0.0,0.0,0.0
2018-07-17,0.0,0.0,0.0,0.0,0.0
2018-07-18,0.0,0.0,0.0,0.0,0.0
2018-07-19,0.0,0.0,0.0,0.0,0.0
2018-07-20,0.0,0.0,0.0,0.0,0.0
2018-07-21,0.0,0.0,0.0,0.0,0.0
2018-07-22,0.0,0.0,0.0,0.0,0.0
2018-07-23,0.0,0.0,0.0,0.0,0.0
2018-07-24,0.0,0.0,0.0,0.0,0.0
2018-07-25,0.0,0.0,0.0,0.0,0.0
2018-07-26,0.0,0.0,0.0,0.0,0.0
2018-07-27,0.0,0.0,0.0,0.0,0.0
2018-07-28,0.0,0.0,0.0,0.0,0.0
2018-07-29,0.0,0.0,0.0,0.0,0.0
2018-07-30,0.0,0.0,0.0,0.0,0.0
2018-07-31,0.0,0.0,0.0,0.0,0.0
2018-08-01,0.0,0.0,0.0,0.0,0.0
2018-08-02,0.0,0.0,0.0,0.0,0.0
2018-08-03,0.0,0.0,0.0,0.0,0.0
2018-08-04,0.0,0.0,0.0,0.0,0.0
2018-08-05,0.0,0.0,0.0,0.0,0.0
2018-08-06,0.0,0.0,0.0,0.0,0.0
2018-08-07,0.0,0.0,0.0,0.0,0.0
2018-08-08,0.0,0.0,0.0,0.0,0.0
2018-08-09,0.0,0.0,0.0,0.0,0.0
2018-08-10,0.0,0.0,0.0,0.0,0.0
2018-08-11,0.0,0.0,0.0,0.0,0.0
2018-08-12,0.0,0.0,0.0,0.0,0.0
2018-08-13,0.0,0.0,0.0,0.0,0.0
2018-08-14,0.0,0.0,0.0,0.0,0.0
2018-08-15,0.0,0.0,0.0,0.0,0.0
2018-08-16,0.0,0.0,0.0,0.0,0.0
2018-08-17,0.0,0.0,0.0,0.0,0.0
2018-08-18,0.0,0.0,0.0,0.0,0.0
2018-08-19,0.0,0.0,0.0,0.0,0.0
2018-08-20,0.0,0.0,0.0,0.0,0.0
2018-08-21,0.0,0.0,0.0,0.0,0.0
2018-08-22,0.0,0.0,0.0,0.0,0.0
2018-08-23,0.0,0.0,0.0,0.0,0.0
2018-08-24,0.0,0.0,0.0,0.0,0.0
2018-08-25,0.0,0.0,0.0,0.0,0.0
2018-08-26,0.0,0.0,0.0,0.0,0.0
2018-08-27,0.0,0.0,0.0,0.0,0.0
2018-08-28,0.0,0.0,0.0,0.0,0.0
2018-08-29,0.0,0.0,0.0,0.0,0.0
2018-08-30,0.0,0.0,0.0,0.0,0.0
2018-08-31,0.0,0.0,0.0,0.0,0.0
2018-09-01,0.0,0.0,0.0,0.0,0.0
2018-09-02,0.0,0.0,0.0,0.0,0.0
2018-09-03,0.0,0.0,0.0,0.0,0.0
2018-09-04,0.0,0.0,0.0,0.0,0.0
2018-09-05,0.0,0.0,0.0,0.0,0.0
2018-09-06,0.0,0.0,0.0,0.0,0.0
2018-09-07,0.0,0.0,0.0,0.0,0.0
2018-09-08,0.0,0.0,0.0,0.0,0.0
2018-09-09,0.0,0.0,0.0,0.0,0.0
2018-09-10,0.0,0.0,0.0,0.0,0.0
2018-09-11,0.0,0.0,0.0,0.0,0.0
2018-09-12,0.0,0.0,0.0,0.0,0.0
2018-09-13,0.0,0.0,0.0,0.0,0.0
2018-09-14,0.0,0.0,0.0,0.0,0.0
2018-09-15,0.0,0.0,0.0,0.0,0.0
2018-09-16,0.0,0.0,0.0,0.0,0.0
2018-09-17,0.0,0.0,0.0,0.0,0.0
2018-09-18,0.0,0.0,0.0,0.0,0.0
2018-09-19,0.0,0.0,0.0,0.0,0.0
2018-09-20,0.0,0.0,0.0,0.0,0.0
2018-09-21,0.0,0.0,0.0,0.0,0.0
2018-09-22,0.0,0.0,0.0,0.0,0.0
2018-09-23,0.0,0.0,0.0,0.0,0.0
2018-09-24,0.0,0.0,0.0,0.0,0.0
2018-09-25,0.0,0.0,0.0,0.0,0.0
2018-09-26,0.0,0.0,0.0,0.0,0.0
2018-09-27,0.0,0.0,0.0,0.0,0.0
2018-09-28,0.0,0.0,0.0,0.0,0.0
2018-09-29,0.0,0.0,0.0,0.0,0.0
2018-09-30,0.0,0.0,0.0,0.0,0.0
2018-10-01,0.0,0.0,0.0,0.0,0.0
2018-10-02,0.0,0.0,0.0,0.0,0.0
2018-10-03,0.0,0.0,0.0,0.0,0.0
2018-10-04,0.0,0.0,0.0,0.0,0.0
2018-10-05,0.0,0.0,0.0,0.0,0.0
2018-10-06,0.0,0.0,0.0,0.0,0.0
2018-10-07,0.0,0.0,0.0,0.0,0.0
2018-10-08,0.0,0.0,0.0,0.0,0.0
2018-10-09,0.0,0.0,0.0,0.0,0.0
2018-10-10,0.0,0.0,0.0,0.0,0.0
2018-10-11,0.0,0.0,0.0,0.0,0.0
2018-10-12,0.0,0.0,0.0,0.0,0.0
2018-10-13,0.0,0.0,0.0,0.0,0.0
2018-10-14,0.0,0.0,0.0,0.0,0.0
2018-10-15,0.0,0.0,0.0,0.0,0.0
2018-10-16,0.0,0.0,0.0,0.0,0.0
2018-10-17,0.0,0.0,0.0,0.0,0.0
2018-10-18,0.0,0.0,0.0,0.0,0.0
2018-10-19,0.0,0.0,0.0,0.0,0.0
2018-10-20,0.0,0.0,0.0,0.0,0.0
2018-10-21,0.0,0.0,0.0,0.0,0.0
2018-10-22,0.0,0.0,0.0,0.0,0.0
2018-10-23,0.0,0.0,0.0,0.0,0.0
2018-10-24,0.0,0.0,0.0,0.0,0.0
2018-10-25,0.0,0.0,0.0,0.0,0.0
2018-10-26,0.0,0.0,0.0,0.0,0.0
2018-10-27,0.0,0.0,0.0,0.0,0.0
2018-10-28,0.0,0.0,0.0,0.0,0.0
2018-10-29,0.0,0.0,0.0,0.0,0.0
2018-10-30,0.0,0.0,0.0,0.0,0.0
2018-10-31,0.0,0.0,0.0,0.0,0.0
2018-11-01,0.0,0.0,0.0,0.0,0.0
2018-11-02,0.0,0.0,0.0,0.0,0.0
2018-11-03,0.0,0.0,0.0,0.0,0.0
2018-11-04,0.0,0.0,0.0,0.0,0.0
2018-11-05,0.0,0.0,0.0,0.0,0.0
2018-11-06,0.0,0.0,0.0,0.0,0.0
2018-11-07,0.0,0.0,0.0,0.0,0.0
2018-11-08,0.0,0.0,0.0,0.0,0.0
2018-11-09,0.0,0.0,0.0,0.0,0.0
2018-11-10,0.0,0.0,0.0,0.0,0.0
2018-11-11,0.0,0.0,0.0,0.0,0.0
2018-11-12,0.0,0.0,0.0,0.0,0.0
2018-11-13,0.0,0.0,0.0,0.0,0.0
2018-11-14,0.0,0.0,0.0,0.0,0.0
2018-11-15,0.0,0.0,0.0,0.0,0.0
2018-11-16,0.0,0.0,0.0,0.0,0.0
2018-11-17,0.0,0.0,0.0,0.0,0.0
2018-11-18,0.0,0.0,0.0,0.0,0.0
2018-11-19,0.0,0.0,0.0,0.0,0.0
2018-11-20,0.0,0.0,0.0,0.0,0.0
2018-11-21,0.081,73.16,10.19,2.2,60.77
2018-11-22,0.103,49.35,10.32,0.06,38.97
2018-11-23,0.108,44.23,10.6,0.02,33.62
2018-11-24,0.039,26.37,11.98,0.0,14.39
2018-11-25,0.011,13.35,12.07,0.0,1.28
2018-11-26,0.007,12.96,12.24,0.0,0.73
2018-11-27,0.003,12.73,12.11,0.0,0.65
2018-11-28,0.02,58.67,4.37,0.44,53.86
2018-11-29,0.262,122.29,10.62,0.95,110.72
2018-11-30,0.071,35.52,11.36,0.0,24.16
2018-12-01,0.103,50.61,10.82,0.05,39.74
2018-12-02,0.065,15.86,11.67,0.0,4.19
2018-12-03,0.051,12.87,12.01,0.0,0.86
2018-12-04,0.024,12.54,11.84,0.0,0.71
2018-12-05,0.052,28.2,10.74,0.01,17.45
2018-12-06,0.046,12.77,11.54,0.0,1.23
2018-12-07,0.047,12.54,11.74,0.0,0.8
2018-12-08,0.043,12.54,11.75,0.0,0.78
2018-12-09,0.037,12.5,11.73,0.0,0.77
2018-12-10,0.032,12.33,11.57,0.0,0.77
2018-12-11,0.029,12.37,11.61,0.0,0.76
2018-12-12,0.023,12.09,11.35,0.0,0.75
2018-12-13,0.019,11.96,11.22,0.0,0.75
2018-12-14,0.014,11.97,11.23,0.0,0.73
2018-12-15,0.01,11.21,10.48,0.0,0.73
2018-12-16,0.066,55.87,9.15,0.08,46.65
2018-12-17,0.105,35.06,11.19,0.01,23.86
2018-12-18,0.042,13.08,11.24,0.0,1.85
2018-12-19,0.035,11.82,11.03,0.0,0.79
2018-12-20,0.033,12.1,11.33,0.0,0.77
2018-12-21,0.027,11.45,10.69,0.0,0.76
2018-12-22,0.027,11.83,11.07,0.0,0.76
2018-12-23,0.021,11.71,10.96,0.0,0.75
2018-12-24,0.032,24.56,8.57,0.01,15.98
2018-12-25,0.117,52.12,11.05,0.05,41.01
2018-12-26,0.058,13.87,11.37,0.0,2.5
2018-12-27,0.045,12.37,11.56,0.0,0.81
2018-12-28,0.035,12.07,11.3,0.0,0.77
2018-12-29,0.035,12.04,11.26,0.0,0.78
2018-12-30,0.032,11.98,11.21,0.0,0.77
2018-12-31,0.025,12.34,11.59,0.0,0.75
2019-01-01,0.008,10.93,10.29,0.0,0.63
2019-01-02,0.016,11.41,10.63,0.0,0.78
2019-01-03,0.014,11.15,10.42,0.0,0.74
2019-01-04,0.01,10.57,9.83,0.0,0.73
2019-01-05,0.008,9.9,8.1,0.0,1.8
2019-01-06,0.355,219.51,9.66,44.15,165.69
2019-01-07,0.447,106.49,11.4,11.67,83.42
2019-01-08,0.309,18.49,11.43,0.0,7.06
2019-01-09,0.286,14.11,11.26,0.01,2.84
2019-01-10,0.254,12.64,11.43,0.0,1.21
2019-01-11,0.237,12.52,11.45,0.0,1.07
2019-01-12,0.215,12.52,11.48,0.0,1.03
2019-01-13,0.2,12.56,11.55,0.0,1.01
2019-01-14,0.181,12.51,11.53,0.0,0.99
2019-01-15,0.348,64.36,10.57,1.58,52.22
2019-01-16,0.776,150.48,10.49,47.2,92.78
2019-01-17,1.788,125.1,11.41,47.52,66.17
2019-01-18,1.74,20.53,11.67,3.75,5.11
2019-01-19,1.477,14.1,11.7,1.03,1.37
2019-01-20,1.307,14.2,11.7,1.08,1.42
2019-01-21,1.159,14.71,11.69,1.3,1.72
2019-01-22,1.069,13.77,11.72,0.89,1.17
2019-01-23,0.984,13.74,11.73,0.86,1.14
2019-01-24,0.893,13.72,11.75,0.83,1.14
2019-01-25,0.8,13.67,11.76,0.77,1.14
2019-01-26,0.714,13.49,11.77,0.58,1.14
2019-01-27,0.634,13.27,11.77,0.36,1.14
2019-01-28,0.572,13.07,11.77,0.16,1.14
2019-01-29,0.517,12.98,11.79,0.05,1.14
2019-01-30,0.457,12.94,11.78,0.02,1.14
2019-01-31,0.398,12.99,11.85,0.01,1.13
2019-02-01,0.385,23.07,11.64,0.17,11.26
2019-02-02,0.699,48.37,11.51,8.92,27.94
2019-02-03,0.811,18.82,12.0,2.25,4.56
2019-02-04,1.021,78.71,11.92,28.81,37.98
2019-02-05,1.166,30.36,12.33,7.79,10.25
2019-02-06,1.073,15.27,12.43,1.22,1.61
2019-02-07,0.953,14.5,12.46,0.88,1.16
2019-02-08,0.936,21.26,12.28,3.88,5.1
2019-02-09,1.068,35.24,12.32,9.9,13.02
2019-02-10,1.367,75.28,12.66,27.04,35.58
2019-02-11,1.299,18.18,12.9,2.28,3.0
2019-02-12,1.154,15.66,12.88,1.2,1.58
2019-02-13,2.647,178.14,12.11,71.7,94.34
2019-02-14,5.538,83.84,14.02,30.15,39.67
2019-02-15,6.118,33.71,15.05,8.06,10.6
2019-02-16,5.21,20.18,14.32,2.53,3.33
2019-02-17,4.362,15.76,13.54,0.96,1.26
2019-02-18,3.782,15.19,13.18,0.87,1.14
2019-02-19,3.186,14.96,12.96,0.86,1.14
2019-02-20,2.716,14.73,12.74,0.86,1.14
2019-02-21,2.277,14.55,12.55,0.86,1.14
2019-02-22,1.957,14.38,12.38,0.86,1.14
2019-02-23,1.726,14.38,12.38,0.86,1.14
2019-02-24,1.524,14.4,12.4,0.86,1.14
2019-02-25,1.38,20.98,12.26,3.77,4.95
2019-02-26,2.49,64.77,11.67,22.93,30.17
2019-02-27,5.615,50.53,13.34,16.06,21.13
2019-02-28,5.155,18.11,13.54,1.98,2.6
2019-03-01,4.204,15.32,13.19,0.92,1.21
2019-03-02,4.589,68.15,13.03,23.8,31.32
2019-03-03,4.43,19.29,13.28,2.6,3.42
2019-03-04,3.527,15.15,12.99,0.93,1.23
2019-03-05,2.942,14.69,12.68,0.87,1.14
2019-03-06,4.125,85.54,12.73,31.44,41.37
2019-03-07,4.145,20.29,13.21,3.06,4.02
2019-03-08,3.195,15.14,12.89,0.97,1.28
2019-03-09,2.598,14.55,12.54,0.87,1.14
2019-03-10,2.148,19.9,12.3,3.28,4.32
2019-03-11,1.787,16.49,12.24,1.83,2.41
2019-03-12,1.434,14.41,12.28,0.92,1.21
2019-03-13,1.132,14.31,12.31,0.87,1.14
2019-03-14,0.924,14.26,12.34,0.79,1.14
2019-03-15,0.745,14.13,12.41,0.59,1.14
2019-03-16,0.593,13.91,12.46,0.31,1.14
2019-03-17,0.48,13.78,12.51,0.14,1.13
2019-03-18,0.386,13.72,12.57,0.03,1.12
2019-03-19,0.298,13.81,12.69,0.01,1.1
2019-03-20,0.493,55.92,11.71,1.23,42.97
2019-03-21,0.567,17.41,12.37,0.25,4.79
2019-03-22,0.605,15.29,12.03,0.6,2.66
2019-03-23,1.135,49.53,11.75,16.05,21.73
2019-03-24,1.066,16.55,12.12,1.9,2.53
2019-03-25,1.06,24.37,11.84,5.41,7.12
2019-03-26,1.288,23.54,11.79,5.08,6.68
2019-03-27,1.226,30.21,11.73,7.98,10.5
2019-03-28,1.268,18.25,11.93,2.73,3.59
2019-03-29,1.022,14.28,12.02,0.97,1.29
2019-03-30,0.796,13.86,12.04,0.67,1.14
2019-03-31,0.633,13.66,12.1,0.42,1.14
2019-04-01,0.58,13.32,12.04,0.14,1.14
2019-04-02,0.491,13.41,12.2,0.08,1.14
2019-04-03,0.371,13.35,12.21,0.01,1.12
2019-04-04,0.284,13.32,12.22,0.01,1.1
2019-04-05,0.246,13.27,12.2,0.0,1.06
2019-04-06,0.227,13.2,12.15,0.0,1.04
2019-04-07,0.174,13.44,12.43,0.0,1.01
2019-04-08,0.127,13.38,12.44,0.0,0.94
2019-04-09,0.09,13.2,12.34,0.0,0.86
2019-04-10,0.067,13.33,12.51,0.0,0.82
2019-04-11,0.042,13.34,12.57,0.0,0.77
2019-04-12,0.025,13.5,12.75,0.0,0.75
2019-04-13,0.008,13.85,13.23,0.0,0.62
2019-04-14,0.001,13.93,13.84,0.0,0.15
2019-04-15,0.0,14.47,15.13,0.0,0.03
2019-04-16,0.0,0.0,0.0,0.0,0.0
2019-04-17,0.0,0.0,0.0,0.0,0.0
2019-04-18,0.0,0.0,0.0,0.0,0.0
2019-04-19,0.0,0.0,0.0,0.0,0.0
2019-04-20,0.0,0.0,0.0,0.0,0.0
2019-04-21,0.0,0.0,0.0,0.0,0.0
2019-04-22,0.0,0.0,0.0,0.0,0.0
2019-04-23,0.0,0.0,0.0,0.0,0.0
2019-04-24,0.0,0.0,0.0,0.0,0.0
2019-04-25,0.0,0.0,0.0,0.0,0.0
2019-04-26,0.0,0.0,0.0,0.0,0.0
2019-04-27,0.0,0.0,0.0,0.0,0.0
2019-04-28,0.0,0.0,0.0,0.0,0.0
2019-04-29,0.0,0.0,0.0,0.0,0.0
2019-04-30,0.0,0.0,0.0,0.0,0.0
2019-05-01,0.0,0.0,0.0,0.0,0.0
2019-05-02,0.0,0.0,0.0,0.0,0.0
2019-05-03,0.0,0.0,0.0,0.0,0.0
2019-05-04,0.0,0.0,0.0,0.0,0.0
2019-05-05,0.0,0.0,0.0,0.0,0.0
2019-05-06,0.0,0.0,0.0,0.0,0.0
2019-05-07,0.0,0.0,0.0,0.0,0.0
2019-05-08,0.0,0.0,0.0,0.0,0.0
2019-05-09,0.0,0.0,0.0,0.0,0.0
2019-05-10,0.0,0.0,0.0,0.0,0.0
2019-05-11,0.0,0.0,0.0,0.0,0.0
2019-05-12,0.0,0.0,0.0,0.0,0.0
2019-05-13,0.0,0.0,0.0,0.0,0.0
2019-05-14,0.0,0.0,0.0,0.0,0.0
2019-05-15,0.036,53.37,8.2,0.51,44.66
2019-05-16,0.079,41.62,10.78,0.01,30.83
2019-05-17,0.011,18.74,11.07,0.0,7.66
2019-05-18,0.055,45.19,9.18,0.05,35.96
2019-05-19,0.141,53.33,11.2,0.05,42.08
2019-05-20,0.033,23.36,12.14,0.0,11.22
2019-05-21,0.005,13.68,12.22,0.0,1.44
2019-05-22,0.002,12.87,12.23,0.0,0.69
2019-05-23,0.001,12.93,12.21,0.0,0.71
2019-05-24,0.001,13.11,12.27,0.0,0.72
2019-05-25,0.001,13.02,12.29,0.0,0.72
2019-05-26,0.001,13.0,12.32,0.0,0.74
2019-05-27,0.001,12.9,12.3,0.0,0.71
2019-05-28,0.0,13.12,12.26,0.0,0.7
2019-05-29,0.0,13.44,12.76,0.0,0.72
2019-05-30,0.0,13.15,12.94,0.0,0.74
2019-05-31,0.0,12.86,12.44,0.0,0.72
2019-06-01,0.0,13.23,12.21,0.0,0.7
2019-06-02,0.0,14.15,13.2,0.0,0.75
2019-06-03,0.0,13.5,13.43,0.0,0.75
2019-06-04,0.0,14.47,12.38,0.0,0.67
2019-06-05,0.0,23.15,23.24,0.0,1.16
2019-06-06,0.0,0.0,0.0,0.0,0.0
2019-06-07,0.0,0.0,0.0,0.0,0.0
2019-06-08,0.0,0.0,0.0,0.0,0.0
2019-06-09,0.0,0.0,0.0,0.0,0.0
2019-06-10,0.0,0.0,0.0,0.0,0.0
2019-06-11,0.0,0.0,0.0,0.0,0.0
2019-06-12,0.0,0.0,0.0,0.0,0.0
2019-06-13,0.0,0.0,0.0,0.0,0.0
2019-06-14,0.0,0.0,0.0,0.0,0.0
2019-06-15,0.0,0.0,0.0,0.0,0.0
2019-06-16,0.0,0.0,0.0,0.0,0.0
2019-06-17,0.0,0.0,0.0,0.0,0.0
2019-06-18,0.0,0.0,0.0,0.0,0.0
2019-06-19,0.0,0.0,0.0,0.0,0.0
2019-06-20,0.0,0.0,0.0,0.0,0.0
2019-06-21,0.0,0.0,0.0,0.0,0.0
2019-06-22,0.0,0.0,0.0,0.0,0.0
2019-06-23,0.0,0.0,0.0,0.0,0.0
2019-06-24,0.0,0.0,0.0,0.0,0.0
2019-06-25,0.0,0.0,0.0,0.0,0.0
2019-06-26,0.0,0.0,0.0,0.0,0.0
2019-06-27,0.0,0.0,0.0,0.0,0.0
2019-06-28,0.0,0.0,0.0,0.0,0.0
2019-06-29,0.0,0.0,0.0,0.0,0.0
2019-06-30,0.0,0.0,0.0,0.0,0.0
2019-07-01,0.0,0.0,0.0,0.0,0.0
2019-07-02,0.0,0.0,0.0,0.0,0.0
2019-07-03,0.0,0.0,0.0,0.0,0.0
2019-07-04,0.0,0.0,0.0,0.0,0.0
2019-07-05,0.0,0.0,0.0,0.0,0.0
2019-07-06,0.0,0.0,0.0,0.0,0.0
2019-07-07,0.0,0.0,0.0,0.0,0.0
2019-07-08,0.0,0.0,0.0,0.0,0.0
2019-07-09,0.0,0.0,0.0,0.0,0.0
2019-07-10,0.0,0.0,0.0,0.0,0.0
2019-07-11,0.0,0.0,0.0,0.0,0.0
2019-07-12,0.0,0.0,0.0,0.0,0.0
2019-07-13,0.0,0.0,0.0,0.0,0.0
2019-07-14,0.0,0.0,0.0,0.0,0.0
2019-07-15,0.0,0.0,0.0,0.0,0.0
2019-07-16,0.0,0.0,0.0,0.0,0.0
2019-07-17,0.0,0.0,0.0,0.0,0.0
2019-07-18,0.0,0.0,0.0,0.0,0.0
2019-07-19,0.0,0.0,0.0,0.0,0.0
2019-07-20,0.0,0.0,0.0,0.0,0.0
2019-07-21,0.0,0.0,0.0,0.0,0.0
2019-07-22,0.0,0.0,0.0,0.0,0.0
2019-07-23,0.0,0.0,0.0,0.0,0.0
2019-07-24,0.0,0.0,0.0,0.0,0.0
2019-07-25,0.0,0.0,0.0,0.0,0.0
2019-07-26,0.0,0.0,0.0,0.0,0.0
2019-07-27,0.0,0.0,0.0,0.0,0.0
2019-07-28,0.0,0.0,0.0,0.0,0.0
2019-07-29,0.0,0.0,0.0,0.0,0.0
2019-07-30,0.0,0.0,0.0,0.0,0.0
2019-07-31,0.0,0.0,0.0,0.0,0.0
2019-08-01,0.0,0.0,0.0,0.0,0.0
2019-08-02,0.0,0.0,0.0,0.0,0.0
2019-08-03,0.0,0.0,0.0,0.0,0.0
2019-08-04,0.0,0.0,0.0,0.0,0.0
2019-08-05,0.0,0.0,0.0,0.0,0.0
2019-08-06,0.0,0.0,0.0,0.0,0.0
2019-08-07,0.0,0.0,0.0,0.0,0.0
2019-08-08,0.0,0.0,0.0,0.0,0.0
2019-08-09,0.0,0.0,0.0,0.0,0.0
2019-08-10,0.0,0.0,0.0,0.0,0.0
2019-08-11,0.0,0.0,0.0,0.0,0.0
2019-08-12,0.0,0.0,0.0,0.0,0.0
2019-08-13,0.0,0.0,0.0,0.0,0.0
2019-08-14,0.0,0.0,0.0,0.0,0.0
2019-08-15,0.0,0.0,0.0,0.0,0.0
2019-08-16,0.0,0.0,0.0,0.0,0.0
2019-08-17,0.0,0.0,0.0,0.0,0.0
2019-08-18,0.0,0.0,0.0,0.0,0.0
2019-08-19,0.0,0.0,0.0,0.0,0.0
2019-08-20,0.0,0.0,0.0,0.0,0.0
2019-08-21,0.0,0.0,0.0,0.0,0.0
2019-08-22,0.0,0.0,0.0,0.0,0.0
2019-08-23,0.0,0.0,0.0,0.0,0.0
2019-08-24,0.0,0.0,0.0,0.0,0.0
2019-08-25,0.0,0.0,0.0,0.0,0.0
2019-08-26,0.0,0.0,0.0,0.0,0.0
2019-08-27,0.0,0.0,0.0,0.0,0.0
2019-08-28,0.0,0.0,0.0,0.0,0.0
2019-08-29,0.0,0.0,0.0,0.0,0.0
2019-08-30,0.0,0.0,0.0,0.0,0.0
2019-08-31,0.0,0.0,0.0,0.0,0.0
2019-09-01,0.0,0.0,0.0,0.0,0.0
2019-09-02,0.0,0.0,0.0,0.0,0.0
2019-09-03,0.0,0.0,0.0,0.0,0.0
2019-09-04,0.0,0.0,0.0,0.0,0.0
2019-09-05,0.0,0.0,0.0,0.0,0.0
2019-09-06,0.0,0.0,0.0,0.0,0.0
2019-09-07,0.0,0.0,0.0,0.0,0.0
2019-09-08,0.0,0.0,0.0,0.0,0.0
2019-09-09,0.0,0.0,0.0,0.0,0.0
2019-09-10,0.0,0.0,0.0,0.0,0.0
2019-09-11,0.0,0.0,0.0,0.0,0.0
2019-09-12,0.0,0.0,0.0,0.0,0.0
2019-09-13,0.0,0.0,0.0,0.0,0.0
2019-09-14,0.0,0.0,0.0,0.0,0.0
2019-09-15,0.0,0.0,0.0,0.0,0.0
2019-09-16,0.0,0.0,0.0,0.0,0.0
2019-09-17,0.0,0.0,0.0,0.0,0.0
2019-09-18,0.0,0.0,0.0,0.0,0.0
2019-09-19,0.0,0.0,0.0,0.0,0.0
2019-09-20,0.0,0.0,0.0,0.0,0.0
2019-09-21,0.0,0.0,0.0,0.0,0.0
2019-09-22,0.0,0.0,0.0,0.0,0.0
2019-09-23,0.0,0.0,0.0,0.0,0.0
2019-09-24,0.0,0.0,0.0,0.0,0.0
2019-09-25,0.0,0.0,0.0,0.0,0.0
2019-09-26,0.0,0.0,0.0,0.0,0.0
2019-09-27,0.0,0.0,0.0,0.0,0.0
2019-09-28,0.0,0.0,0.0,0.0,0.0
2019-09-29,0.0,0.0,0.0,0.0,0.0
2019-09-30,0.0,0.0,0.0,0.0,0.0
2019-10-01,0.0,0.0,0.0,0.0,0.0
2019-10-02,0.0,0.0,0.0,0.0,0.0
2019-10-03,0.0,0.0,0.0,0.0,0.0
2019-10-04,0.0,0.0,0.0,0.0,0.0
2019-10-05,0.0,0.0,0.0,0.0,0.0
2019-10-06,0.0,0.0,0.0,0.0,0.0
2019-10-07,0.0,0.0,0.0,0.0,0.0
2019-10-08,0.0,0.0,0.0,0.0,0.0
2019-10-09,0.0,0.0,0.0,0.0,0.0
2019-10-10,0.0,0.0,0.0,0.0,0.0
2019-10-11,0.0,0.0,0.0,0.0,0.0
2019-10-12,0.0,0.0,0.0,0.0,0.0
2019-10-13,0.0,0.0,0.0,0.0,0.0
2019-10-14,0.0,0.0,0.0,0.0,0.0
2019-10-15,0.0,0.0,0.0,0.0,0.0
2019-10-16,0.0,0.0,0.0,0.0,0.0
2019-10-17,0.0,0.0,0.0,0.0,0.0
2019-10-18,0.0,0.0,0.0,0.0,0.0
2019-10-19,0.0,0.0,0.0,0.0,0.0
2019-10-20,0.0,0.0,0.0,0.0,0.0
2019-10-21,0.0,0.0,0.0,0.0,0.0
2019-10-22,0.0,0.0,0.0,0.0,0.0
2019-10-23,0.0,0.0,0.0,0.0,0.0
2019-10-24,0.0,0.0,0.0,0.0,0.0
2019-10-25,0.0,0.0,0.0,0.0,0.0
2019-10-26,0.0,0.0,0.0,0.0,0.0
2019-10-27,0.0,0.0,0.0,0.0,0.0
2019-10-28,0.0,0.0,0.0,0.0,0.0
2019-10-29,0.0,0.0,0.0,0.0,0.0
2019-10-30,0.0,0.0,0.0,0.0,0.0
2019-10-31,0.0,0.0,0.0,0.0,0.0
2019-11-01,0.0,0.0,0.0,0.0,0.0
2019-11-02,0.0,0.0,0.0,0.0,0.0
2019-11-03,0.0,0.0,0.0,0.0,0.0
2019-11-04,0.0,0.0,0.0,0.0,0.0
2019-11-05,0.0,0.0,0.0,0.0,0.0
2019-11-06,0.0,0.0,0.0,0.0,0.0
2019-11-07,0.0,0.0,0.0,0.0,0.0
2019-11-08,0.0,0.0,0.0,0.0,0.0
2019-11-09,0.0,0.0,0.0,0.0,0.0
2019-11-10,0.0,0.0,0.0,0.0,0.0
2019-11-11,0.0,0.0,0.0,0.0,0.0
2019-11-12,0.0,0.0,0.0,0.0,0.0
2019-11-13,0.0,0.0,0.0,0.0,0.0
2019-11-14,0.0,0.0,0.0,0.0,0.0
2019-11-15,0.0,0.0,0.0,0.0,0.0
2019-11-16,0.0,0.0,0.0,0.0,0.0
2019-11-17,0.0,0.0,0.0,0.0,0.0
2019-11-18,0.0,0.0,0.0,0.0,0.0
2019-11-19,0.0,0.0,0.0,0.0,0.0
2019-11-20,0.0,0.0,0.0,0.0,0.0
2019-11-21,0.0,0.0,0.0,0.0,0.0
2019-11-22,0.0,0.0,0.0,0.0,0.0
2019-11-23,0.0,0.0,0.0,0.0,0.0
2019-11-24,0.0,0.0,0.0,0.0,0.0
2019-11-25,0.0,0.0,0.0,0.0,0.0
2019-11-26,0.04,110.2,9.47,4.85,95.88
2019-11-27,0.058,70.09,11.63,0.0,58.45
2019-11-28,0.008,22.52,12.51,0.0,10.03
2019-11-29,0.001,13.85,12.6,0.0,1.2
2019-11-30,0.002,12.28,5.46,0.01,6.86
2019-12-01,0.148,42.8,9.35,0.08,33.38
2019-12-02,0.188,46.94,10.2,0.12,36.62
2019-12-03,0.043,20.54,10.87,0.0,9.67
2019-12-04,0.122,41.76,10.76,0.04,30.97
2019-12-05,0.057,18.37,11.42,0.0,6.95
2019-12-06,0.039,14.5,10.81,0.01,3.68
2019-12-07,0.082,45.14,9.76,0.04,35.34
2019-12-08,0.096,25.85,11.36,0.0,14.49
2019-12-09,0.069,12.53,11.33,0.0,1.2
2019-12-10,0.061,12.46,11.32,0.0,1.14
2019-12-11,0.053,13.02,10.93,0.0,2.09
2019-12-12,0.051,11.88,10.89,0.0,0.98
2019-12-13,0.052,12.02,11.22,0.0,0.8
2019-12-14,0.041,12.33,11.56,0.0,0.77
2019-12-15,0.033,11.59,10.82,0.0,0.77
2019-12-16,0.038,11.91,11.13,0.0,0.78
2019-12-17,0.031,12.17,11.41,0.0,0.76
2019-12-18,0.034,21.34,8.67,0.01,12.66
2019-12-19,0.036,12.63,10.5,0.0,2.13
2019-12-20,0.035,11.65,10.86,0.0,0.8
2019-12-21,0.031,11.79,11.02,0.0,0.77
2019-12-22,0.064,39.89,10.01,0.03,29.85
2019-12-23,0.056,16.29,10.97,0.0,5.31
2019-12-24,0.042,11.78,10.92,0.0,0.86
2019-12-25,0.067,39.55,10.71,0.03,28.81
2019-12-26,0.04,13.69,10.78,0.0,2.91
2019-12-27,0.045,11.9,11.08,0.0,0.82
2019-12-28,0.042,11.91,11.13,0.0,0.78
2019-12-29,0.072,30.88,9.82,0.06,21.01
2019-12-30,0.112,27.03,10.97,0.0,16.07
2019-12-31,0.074,12.31,11.0,0.0,1.31
2020-01-01,0.064,11.79,10.98,0.0,0.81
2020-01-02,0.056,11.71,10.91,0.0,0.79
2020-01-03,0.05,11.56,10.77,0.0,0.79
2020-01-04,0.044,11.56,10.78,0.0,0.78
2020-01-05,0.037,11.41,10.64,0.0,0.77
2020-01-06,0.032,11.16,10.39,0.0,0.77
2020-01-07,0.028,11.06,10.3,0.0,0.76
2020-01-08,0.021,10.94,10.2,0.0,0.74
2020-01-09,0.026,17.97,9.11,0.0,8.85
2020-01-10,0.025,11.22,10.03,0.0,1.19
2020-01-11,0.019,10.58,9.83,0.0,0.75
2020-01-12,0.016,10.21,9.47,0.0,0.75
2020-01-13,0.012,9.93,9.21,0.0,0.73
2020-01-14,0.007,8.69,7.98,0.0,0.71
2020-01-15,0.007,8.71,7.97,0.0,0.75
2020-01-16,0.125,137.01,10.06,0.47,126.49
2020-01-17,0.074,46.77,11.01,0.0,35.77
2020-01-18,0.045,12.35,10.61,0.0,1.74
2020-01-19,0.037,11.48,10.69,0.0,0.79
2020-01-20,0.029,11.06,10.3,0.0,0.76
2020-01-21,0.027,10.86,10.09,0.0,0.77
2020-01-22,0.021,10.33,9.59,0.0,0.74
2020-01-23,0.023,10.82,10.05,0.0,0.77
2020-01-24,0.02,10.61,9.86,0.0,0.75
2020-01-25,0.017,10.41,9.66,0.0,0.75
2020-01-26,0.016,10.57,9.51,0.0,1.06
2020-01-27,0.014,10.26,9.48,0.0,0.77
2020-01-28,0.011,9.85,9.11,0.0,0.74
2020-01-29,0.008,8.74,8.03,0.0,0.72
2020-01-30,0.005,7.89,7.17,0.0,0.72
2020-01-31,0.004,7.74,7.06,0.0,0.72
2020-02-01,0.003,7.85,7.14,0.0,0.71
2020-02-02,0.002,8.09,7.37,0.0,0.69
2020-02-03,0.0,9.92,9.44,0.0,0.37
2020-02-04,0.0,13.5,12.84,0.0,0.67
2020-02-05,0.0,11.57,12.02,0.0,0.69
2020-02-06,0.0,11.57,12.06,0.0,0.69
2020-02-07,0.0,15.43,12.28,0.0,0.69
2020-02-08,0.0,11.57,13.2,0.0,0.73
2020-02-09,0.0,0.0,0.0,0.0,0.0
2020-02-10,0.0,0.0,0.0,0.0,0.0
2020-02-11,0.0,0.0,0.0,0.0,0.0
2020-02-12,0.0,0.0,0.0,0.0,0.0
2020-02-13,0.0,0.0,0.0,0.0,0.0
2020-02-14,0.0,0.0,0.0,0.0,0.0
2020-02-15,0.0,0.0,0.0,0.0,0.0
2020-02-16,0.0,0.0,0.0,0.0,0.0
2020-02-17,0.0,0.0,0.0,0.0,0.0
2020-02-18,0.0,0.0,0.0,0.0,0.0
2020-02-19,0.0,0.0,0.0,0.0,0.0
2020-02-20,0.0,0.0,0.0,0.0,0.0
2020-02-21,0.0,0.0,0.0,0.0,0.0
2020-02-22,0.0,0.0,0.0,0.0,0.0
2020-02-23,0.0,0.0,0.0,0.0,0.0
2020-02-24,0.0,0.0,0.0,0.0,0.0
2020-02-25,0.0,0.0,0.0,0.0,0.0
2020-02-26,0.0,0.0,0.0,0.0,0.0
2020-02-27,0.0,0.0,0.0,0.0,0.0
2020-02-28,0.0,0.0,0.0,0.0,0.0
2020-02-29,0.0,0.0,0.0,0.0,0.0
2020-03-01,0.0,0.0,0.0,0.0,0.0
2020-03-02,0.0,0.0,0.0,0.0,0.0
2020-03-03,0.0,0.0,0.0,0.0,0.0
2020-03-04,0.0,0.0,0.0,0.0,0.0
2020-03-05,0.0,0.0,0.0,0.0,0.0
2020-03-06,0.0,0.0,0.0,0.0,0.0
2020-03-07,0.0,0.0,0.0,0.0,0.0
2020-03-08,0.0,0.0,0.0,0.0,0.0
2020-03-09,0.0,0.0,0.0,0.0,0.0
2020-03-10,0.0,0.0,0.0,0.0,0.0
2020-03-11,0.0,0.0,0.0,0.0,0.0
2020-03-12,0.0,0.0,0.0,0.0,0.0
2020-03-13,0.0,0.0,0.0,0.0,0.0
2020-03-14,0.036,31.56,9.56,0.23,21.77
2020-03-15,0.053,25.35,10.71,0.01,14.62
2020-03-16,0.056,37.39,11.41,0.02,25.97
2020-03-17,0.008,17.81,12.39,0.0,5.42
2020-03-18,0.001,13.44,12.59,0.0,0.84
2020-03-19,0.001,13.28,12.63,0.0,0.68
2020-03-20,0.0,13.34,12.59,0.0,0.72
2020-03-21,0.0,13.4,12.75,0.0,0.74
2020-03-22,0.0,13.33,12.71,0.0,0.74
2020-03-23,0.0,13.72,13.0,0.0,0.75
2020-03-24,0.0,13.02,12.77,0.0,0.75
2020-03-25,0.0,13.23,12.55,0.0,0.72
2020-03-26,0.0,13.5,12.45,0.0,0.72
2020-03-27,0.0,13.12,12.61,0.0,0.73
2020-03-28,0.0,12.35,11.56,0.0,0.68
2020-03-29,0.0,13.5,12.71,0.0,0.73
2020-03-30,0.0,13.89,12.59,0.0,0.72
2020-03-31,0.0,12.86,11.57,0.0,0.67
2020-04-01,0.0,17.36,14.54,0.0,0.84
2020-04-02,0.0,11.57,11.74,0.0,0.68
2020-04-03,0.0,14.47,13.69,0.0,0.78
2020-04-04,0.012,36.06,10.0,0.03,26.04
2020-04-05,0.115,65.23,10.79,0.11,54.34
2020-04-06,0.023,38.44,11.72,0.0,26.71
2020-04-07,0.004,14.93,12.48,0.0,2.43
2020-04-08,0.001,13.65,13.13,0.0,0.65
2020-04-09,0.001,13.28,12.75,0.0,0.71
2020-04-10,0.0,13.7,12.9,0.0,0.72
2020-04-11,0.0,13.65,12.87,0.0,0.72
2020-04-12,0.0,13.74,12.97,0.0,0.74
2020-04-13,0.0,13.29,12.7,0.0,0.72
2020-04-14,0.0,13.68,12.77,0.0,0.72
2020-04-15,0.0,14.15,12.82,0.0,0.73
2020-04-16,0.0,13.12,12.55,0.0,0.71
2020-04-17,0.0,14.47,13.12,0.0,0.75
2020-04-18,0.0,13.89,12.94,0.0,0.74
2020-04-19,0.0,12.86,11.85,0.0,0.67
2020-04-20,0.0,15.43,13.78,0.0,0.77
2020-04-21,0.0,11.57,11.27,0.0,0.64
2020-04-22,0.0,14.47,12.73,0.0,0.7
2020-04-23,0.0,17.36,15.17,0.0,0.8
2020-04-24,0.0,11.57,14.0,0.0,0.67
2020-04-25,0.0,0.0,0.0,0.0,0.0
2020-04-26,0.0,0.0,0.0,0.0,0.0
2020-04-27,0.0,0.0,0.0,0.0,0.0
2020-04-28,0.0,0.0,0.0,0.0,0.0
2020-04-29,0.0,0.0,0.0,0.0,0.0
2020-04-30,0.0,0.0,0.0,0.0,0.0
2020-05-01,0.0,0.0,0.0,0.0,0.0
2020-05-02,0.0,0.0,0.0,0.0,0.0
2020-05-03,0.0,0.0,0.0,0.0,0.0
2020-05-04,0.0,0.0,0.0,0.0,0.0
2020-05-05,0.0,0.0,0.0,0.0,0.0
2020-05-06,0.0,0.0,0.0,0.0,0.0
2020-05-07,0.0,0.0,0.0,0.0,0.0
2020-05-08,0.0,0.0,0.0,0.0,0.0
2020-05-09,0.0,0.0,0.0,0.0,0.0
2020-05-10,0.0,0.0,0.0,0.0,0.0
2020-05-11,0.0,0.0,0.0,0.0,0.0
2020-05-12,0.0,0.0,0.0,0.0,0.0
2020-05-13,0.0,0.0,0.0,0.0,0.0
2020-05-14,0.0,0.0,0.0,0.0,0.0
2020-05-15,0.0,0.0,0.0,0.0,0.0
2020-05-16,0.0,0.0,0.0,0.0,0.0
2020-05-17,0.0,0.0,0.0,0.0,0.0
2020-05-18,0.007,17.23,7.3,0.01,9.93
2020-05-19,0.001,10.52,8.19,0.0,2.3
2020-05-20,0.0,9.65,8.0,0.0,0.4
2020-05-21,0.0,0.0,0.0,0.0,0.0
2020-05-22,0.0,0.0,0.0,0.0,0.0
2020-05-23,0.0,0.0,0.0,0.0,0.0
2020-05-24,0.0,0.0,0.0,0.0,0.0
2020-05-25,0.0,0.0,0.0,0.0,0.0
2020-05-26,0.0,0.0,0.0,0.0,0.0
2020-05-27,0.0,0.0,0.0,0.0,0.0
2020-05-28,0.0,0.0,0.0,0.0,0.0
2020-05-29,0.0,0.0,0.0,0.0,0.0
2020-05-30,0.0,0.0,0.0,0.0,0.0
2020-05-31,0.0,0.0,0.0,0.0,0.0
2020-06-01,0.0,0.0,0.0,0.0,0.0
2020-06-02,0.0,0.0,0.0,0.0,0.0
2020-06-03,0.0,0.0,0.0,0.0,0.0
2020-06-04,0.0,0.0,0.0,0.0,0.0
2020-06-05,0.0,0.0,0.0,0.0,0.0
2020-06-06,0.0,0.0,0.0,0.0,0.0
2020-06-07,0.0,0.0,0.0,0.0,0.0
2020-06-08,0.0,0.0,0.0,0.0,0.0
2020-06-09,0.0,0.0,0.0,0.0,0.0
2020-06-10,0.0,0.0,0.0,0.0,0.0
2020-06-11,0.0,0.0,0.0,0.0,0.0
2020-06-12,0.0,0.0,0.0,0.0,0.0
2020-06-13,0.0,0.0,0.0,0.0,0.0
2020-06-14,0.0,0.0,0.0,0.0,0.0
2020-06-15,0.0,0.0,0.0,0.0,0.0
2020-06-16,0.0,0.0,0.0,0.0,0.0
2020-06-17,0.0,0.0,0.0,0.0,0.0
2020-06-18,0.0,0.0,0.0,0.0,0.0
2020-06-19,0.0,0.0,0.0,0.0,0.0
2020-06-20,0.0,0.0,0.0,0.0,0.0
2020-06-21,0.0,0.0,0.0,0.0,0.0
2020-06-22,0.0,0.0,0.0,0.0,0.0
2020-06-23,0.0,0.0,0.0,0.0,0.0
2020-06-24,0.0,0.0,0.0,0.0,0.0
2020-06-25,0.0,0.0,0.0,0.0,0.0
2020-06-26,0.0,0.0,0.0,0.0,0.0
2020-06-27,0.0,0.0,0.0,0.0,0.0
2020-06-28,0.0,0.0,0.0,0.0,0.0
2020-06-29,0.0,0.0,0.0,0.0,0.0
2020-06-30,0.0,0.0,0.0,0.0,0.0
2020-07-01,0.0,0.0,0.0,0.0,0.0
2020-07-02,0.0,0.0,0.0,0.0,0.0
2020-07-03,0.0,0.0,0.0,0.0,0.0
2020-07-04,0.0,0.0,0.0,0.0,0.0
2020-07-05,0.0,0.0,0.0,0.0,0.0
2020-07-06,0.0,0.0,0.0,0.0,0.0
2020-07-07,0.0,0.0,0.0,0.0,0.0
2020-07-08,0.0,0.0,0.0,0.0,0.0
2020-07-09,0.0,0.0,0.0,0.0,0.0
2020-07-10,0.0,0.0,0.0,0.0,0.0
2020-07-11,0.0,0.0,0.0,0.0,0.0
2020-07-12,0.0,0.0,0.0,0.0,0.0
2020-07-13,0.0,0.0,0.0,0.0,0.0
2020-07-14,0.0,0.0,0.0,0.0,0.0
2020-07-15,0.0,0.0,0.0,0.0,0.0
2020-07-16,0.0,0.0,0.0,0.0,0.0
2020-07-17,0.0,0.0,0.0,0.0,0.0
2020-07-18,0.0,0.0,0.0,0.0,0.0
2020-07-19,0.0,0.0,0.0,0.0,0.0
2020-07-20,0.0,0.0,0.0,0.0,0.0
2020-07-21,0.0,0.0,0.0,0.0,0.0
2020-07-22,0.0,0.0,0.0,0.0,0.0
2020-07-23,0.0,0.0,0.0,0.0,0.0
2020-07-24,0.0,0.0,0.0,0.0,0.0
2020-07-25,0.0,0.0,0.0,0.0,0.0
2020-07-26,0.0,0.0,0.0,0.0,0.0
2020-07-27,0.0,0.0,0.0,0.0,0.0
2020-07-28,0.0,0.0,0.0,0.0,0.0
2020-07-29,0.0,0.0,0.0,0.0,0.0
2020-07-30,0.0,0.0,0.0,0.0,0.0
2020-07-31,0.0,0.0,0.0,0.0,0.0
2020-08-01,0.0,0.0,0.0,0.0,0.0
2020-08-02,0.0,0.0,0.0,0.0,0.0
2020-08-03,0.0,0.0,0.0,0.0,0.0
2020-08-04,0.0,0.0,0.0,0.0,0.0
2020-08-05,0.0,0.0,0.0,0.0,0.0
2020-08-06,0.0,0.0,0.0,0.0,0.0
2020-08-07,0.0,0.0,0.0,0.0,0.0
2020-08-08,0.0,0.0,0.0,0.0,0.0
2020-08-09,0.0,0.0,0.0,0.0,0.0
2020-08-10,0.0,0.0,0.0,0.0,0.0
2020-08-11,0.0,0.0,0.0,0.0,0.0
2020-08-12,0.0,0.0,0.0,0.0,0.0
2020-08-13,0.0,0.0,0.0,0.0,0.0
2020-08-14,0.0,0.0,0.0,0.0,0.0
2020-08-15,0.0,0.0,0.0,0.0,0.0
2020-08-16,0.0,0.0,0.0,0.0,0.0
2020-08-17,0.0,0.0,0.0,0.0,0.0
2020-08-18,0.0,0.0,0.0,0.0,0.0
2020-08-19,0.0,0.0,0.0,0.0,0.0
2020-08-20,0.0,0.0,0.0,0.0,0.0
2020-08-21,0.0,0.0,0.0,0.0,0.0
2020-08-22,0.0,0.0,0.0,0.0,0.0
2020-08-23,0.0,0.0,0.0,0.0,0.0
2020-08-24,0.0,0.0,0.0,0.0,0.0
2020-08-25,0.0,0.0,0.0,0.0,0.0
2020-08-26,0.0,0.0,0.0,0.0,0.0
2020-08-27,0.0,0.0,0.0,0.0,0.0
2020-08-28,0.0,0.0,0.0,0.0,0.0
2020-08-29,0.0,0.0,0.0,0.0,0.0
2020-08-30,0.0,0.0,0.0,0.0,0.0
2020-08-31,0.0,0.0,0.0,0.0,0.0
2020-09-01,0.0,0.0,0.0,0.0,0.0
2020-09-02,0.0,0.0,0.0,0.0,0.0
2020-09-03,0.0,0.0,0.0,0.0,0.0
2020-09-04,0.0,0.0,0.0,0.0,0.0
2020-09-05,0.0,0.0,0.0,0.0,0.0
2020-09-06,0.0,0.0,0.0,0.0,0.0
2020-09-07,0.0,0.0,0.0,0.0,0.0
2020-09-08,0.0,0.0,0.0,0.0,0.0
2020-09-09,0.0,0.0,0.0,0.0,0.0
2020-09-10,0.0,0.0,0.0,0.0,0.0
2020-09-11,0.0,0.0,0.0,0.0,0.0
2020-09-12,0.0,0.0,0.0,0.0,0.0
2020-09-13,0.0,0.0,0.0,0.0,0.0
2020-09-14,0.0,0.0,0.0,0.0,0.0
2020-09-15,0.0,0.0,0.0,0.0,0.0
2020-09-16,0.0,0.0,0.0,0.0,0.0
2020-09-17,0.0,0.0,0.0,0.0,0.0
2020-09-18,0.0,0.0,0.0,0.0,0.0
2020-09-19,0.0,0.0,0.0,0.0,0.0
2020-09-20,0.0,0.0,0.0,0.0,0.0
2020-09-21,0.0,0.0,0.0,0.0,0.0
2020-09-22,0.0,0.0,0.0,0.0,0.0
2020-09-23,0.0,0.0,0.0,0.0,0.0
2020-09-24,0.0,0.0,0.0,0.0,0.0
2020-09-25,0.0,0.0,0.0,0.0,0.0
2020-09-26,0.0,0.0,0.0,0.0,0.0
2020-09-27,0.0,0.0,0.0,0.0,0.0
2020-09-28,0.0,0.0,0.0,0.0,0.0
2020-09-29,0.0,0.0,0.0,0.0,0.0
2020-09-30,0.0,0.0,0.0,0.0,0.0
2020-10-01,0.0,0.0,0.0,0.0,0.0
2020-10-02,0.0,0.0,0.0,0.0,0.0
2020-10-03,0.0,0.0,0.0,0.0,0.0
2020-10-04,0.0,0.0,0.0,0.0,0.0
2020-10-05,0.0,0.0,0.0,0.0,0.0
2020-10-06,0.0,0.0,0.0,0.0,0.0
2020-10-07,0.0,0.0,0.0,0.0,0.0
2020-10-08,0.0,0.0,0.0,0.0,0.0
2020-10-09,0.0,0.0,0.0,0.0,0.0
2020-10-10,0.0,0.0,0.0,0.0,0.0
2020-10-11,0.0,0.0,0.0,0.0,0.0
2020-10-12,0.0,0.0,0.0,0.0,0.0
2020-10-13,0.0,0.0,0.0,0.0,0.0
2020-10-14,0.0,0.0,0.0,0.0,0.0
2020-10-15,0.0,0.0,0.0,0.0,0.0
2020-10-16,0.0,0.0,0.0,0.0,0.0
2020-10-17,0.0,0.0,0.0,0.0,0.0
2020-10-18,0.0,0.0,0.0,0.0,0.0
2020-10-19,0.0,0.0,0.0,0.0,0.0
2020-10-20,0.0,0.0,0.0,0.0,0.0
2020-10-21,0.0,0.0,0.0,0.0,0.0
2020-10-22,0.0,0.0,0.0,0.0,0.0
2020-10-23,0.0,0.0,0.0,0.0,0.0
2020-10-24,0.0,0.0,0.0,0.0,0.0
2020-10-25,0.0,0.0,0.0,0.0,0.0
2020-10-26,0.0,0.0,0.0,0.0,0.0
2020-10-27,0.0,0.0,0.0,0.0,0.0
2020-10-28,0.0,0.0,0.0,0.0,0.0
2020-10-29,0.0,0.0,0.0,0.0,0.0
2020-10-30,0.0,0.0,0.0,0.0,0.0
2020-10-31,0.0,0.0,0.0,0.0,0.0
2020-11-01,0.0,0.0,0.0,0.0,0.0
2020-11-02,0.0,0.0,0.0,0.0,0.0
2020-11-03,0.0,0.0,0.0,0.0,0.0
2020-11-04,0.0,0.0,0.0,0.0,0.0
2020-11-05,0.0,0.0,0.0,0.0,0.0
2020-11-06,0.0,0.0,0.0,0.0,0.0
2020-11-07,0.0,0.0,0.0,0.0,0.0
2020-11-08,0.0,0.0,0.0,0.0,0.0
2020-11-09,0.0,0.0,0.0,0.0,0.0
2020-11-10,0.0,0.0,0.0,0.0,0.0
2020-11-11,0.0,0.0,0.0,0.0,0.0
2020-11-12,0.0,0.0,0.0,0.0,0.0
2020-11-13,0.0,0.0,0.0,0.0,0.0
2020-11-14,0.0,0.0,0.0,0.0,0.0
2020-11-15,0.0,0.0,0.0,0.0,0.0
2020-11-16,0.0,0.0,0.0,0.0,0.0
2020-11-17,0.002,13.02,5.26,0.05,7.68
2020-11-18,0.037,23.08,10.17,0.01,12.9
2020-11-19,0.005,15.87,10.98,0.0,4.9
2020-11-20,0.0,11.57,10.91,0.0,0.84
2020-11-21,0.0,11.57,10.83,0.0,0.57
2020-11-22,0.0,13.5,13.22,0.0,0.82
2020-11-23,0.0,11.57,10.37,0.0,0.68
2020-11-24,0.0,11.57,10.56,0.0,0.69
2020-11-25,0.0,11.57,11.21,0.0,0.72
2020-11-26,0.0,11.57,11.15,0.0,0.7
2020-11-27,0.0,8.68,8.29,0.0,0.55
2020-11-28,0.0,8.68,8.61,0.0,0.58
2020-11-29,0.0,11.57,10.28,0.0,0.68
2020-11-30,0.0,17.36,12.5,0.0,0.84
2020-12-01,0.0,34.72,21.17,0.0,1.45
2020-12-02,0.0,11.57,16.65,0.0,1.14
2020-12-03,0.0,0.0,9.3,0.0,0.69
2020-12-04,0.0,0.0,7.34,0.0,0.58
2020-12-05,0.0,0.0,0.0,0.0,0.0
2020-12-06,0.0,0.0,0.0,0.0,0.0
2020-12-07,0.0,0.0,0.0,0.0,0.0
2020-12-08,0.0,0.0,0.0,0.0,0.0
2020-12-09,0.0,0.0,0.0,0.0,0.0
2020-12-10,0.0,0.0,0.0,0.0,0.0
2020-12-11,0.002,16.04,6.33,0.06,9.59
2020-12-12,0.017,21.53,11.48,0.0,10.05
2020-12-13,0.083,51.85,10.41,0.04,41.4
2020-12-14,0.021,29.98,11.87,0.0,18.11
2020-12-15,0.002,14.16,11.83,0.0,2.31
2020-12-16,0.001,13.33,12.6,0.0,0.74
2020-12-17,0.037,43.66,11.14,0.02,32.51
2020-12-18,0.005,19.05,12.86,0.0,6.2
2020-12-19,0.001,13.82,13.04,0.0,0.87
2020-12-20,0.001,13.89,12.96,0.0,0.71
2020-12-21,0.001,13.58,12.78,0.0,0.73
2020-12-22,0.0,13.54,12.57,0.0,0.72
2020-12-23,0.0,13.27,12.66,0.0,0.72
2020-12-24,0.0,13.5,12.96,0.0,0.75
2020-12-25,0.0,13.23,12.52,0.0,0.73
2020-12-26,0.0,13.57,13.08,0.0,0.74
2020-12-27,0.0,13.29,12.62,0.0,0.73
2020-12-28,0.0,13.43,12.78,0.0,0.75
2020-12-29,0.0,13.68,12.88,0.0,0.73
2020-12-30,0.0,13.4,12.98,0.0,0.75
2020-12-31,0.0,13.62,12.65,0.0,0.73
2021-01-01,0.0,13.02,12.66,0.0,0.74
2021-01-02,0.0,13.74,13.0,0.0,0.78
2021-01-03,0.0,13.12,12.33,0.0,0.7
2021-01-04,0.027,39.93,10.61,0.02,29.31
2021-01-05,0.013,27.26,12.46,0.0,14.81
2021-01-06,0.002,14.4,12.63,0.0,1.78
2021-01-07,0.001,13.82,13.26,0.0,0.72
2021-01-08,0.0,13.89,13.05,0.0,0.66
2021-01-09,0.0,13.08,12.78,0.0,0.71
2021-01-10,0.0,13.31,12.6,0.0,0.71
2021-01-11,0.0,14.3,13.36,0.0,0.76
2021-01-12,0.0,13.62,13.02,0.0,0.75
2021-01-13,0.0,14.05,13.13,0.0,0.73
2021-01-14,0.0,13.35,12.87,0.0,0.74
2021-01-15,0.0,12.54,12.66,0.0,0.72
2021-01-16,0.0,13.89,13.48,0.0,0.77
2021-01-17,0.0,12.73,11.99,0.0,0.68
2021-01-18,0.0,15.43,14.66,0.0,0.77
2021-01-19,0.0,11.57,14.89,0.0,0.46
2021-01-20,0.0,14.47,11.71,0.0,0.72
2021-01-21,0.0,14.47,13.58,0.0,0.76
2021-01-22,0.002,14.39,6.58,0.0,7.79
2021-01-23,0.001,11.06,7.69,0.0,3.32
2021-01-24,0.0,9.0,8.89,0.0,0.61
2021-01-25,0.0,17.36,16.02,0.0,0.86
2021-01-26,0.019,36.43,5.56,0.11,30.77
2021-01-27,0.243,85.87,10.9,0.38,74.6
2021-01-28,0.174,36.63,11.16,0.03,25.44
2021-01-29,0.11,21.3,11.87,0.01,9.42
2021-01-30,0.045,13.95,12.67,0.0,1.28
2021-01-31,0.035,13.76,12.98,0.0,0.78
2021-02-01,0.022,13.73,13.0,0.0,0.73
2021-02-02,0.048,16.36,10.12,0.0,6.24
2021-02-03,0.033,13.15,12.08,0.0,1.07
2021-02-04,0.026,12.92,12.16,0.0,0.76
2021-02-05,0.023,12.92,12.15,0.0,0.77
2021-02-06,0.02,12.96,12.21,0.0,0.75
2021-02-07,0.015,12.89,12.16,0.0,0.74
2021-02-08,0.01,12.93,12.2,0.0,0.72
2021-02-09,0.004,12.04,11.36,0.0,0.68
2021-02-10,0.003,11.73,10.99,0.0,0.71
2021-02-11,0.024,46.8,8.74,0.07,38.0
2021-02-12,0.042,44.75,12.07,0.0,32.68
2021-02-13,0.006,15.91,12.26,0.0,3.65
2021-02-14,0.001,12.97,12.28,0.0,0.72
2021-02-15,0.001,12.84,12.25,0.0,0.71
2021-02-16,0.001,12.14,11.4,0.0,0.75
2021-02-17,0.001,12.94,12.31,0.0,0.67
2021-02-18,0.0,12.92,12.23,0.0,0.74
2021-02-19,0.0,13.35,12.55,0.0,0.75
2021-02-20,0.0,13.12,12.38,0.0,0.7
2021-02-21,0.0,13.5,12.14,0.0,0.71
2021-02-22,0.0,12.73,12.14,0.0,0.71
2021-02-23,0.0,13.02,11.93,0.0,0.69
2021-02-24,0.0,13.68,12.5,0.0,0.71
2021-02-25,0.0,13.02,11.55,0.0,0.67
2021-02-26,0.0,15.43,14.33,0.0,0.84
2021-02-27,0.0,11.57,12.76,0.0,0.74
2021-02-28,0.0,11.57,11.52,0.0,0.67
2021-03-01,0.0,15.43,11.05,0.0,0.64
2021-03-02,0.0,5.79,10.58,0.0,0.6
2021-03-03,0.0,0.0,0.0,0.0,0.0
2021-03-04,0.0,0.0,0.0,0.0,0.0
2021-03-05,0.0,0.0,0.0,0.0,0.0
2021-03-06,0.009,23.03,10.37,0.03,12.63
2021-03-07,0.001,14.41,11.49,0.0,2.96
2021-03-08,0.0,12.86,11.27,0.0,0.54
2021-03-09,0.0,0.0,15.16,0.0,0.59
2021-03-10,0.023,21.04,10.75,0.0,10.29
2021-03-11,0.003,14.93,12.06,0.0,2.84
2021-03-12,0.0,12.66,12.03,0.0,0.54
2021-03-13,0.0,14.88,13.63,0.0,0.64
2021-03-14,0.002,19.22,5.71,0.02,13.54
2021-03-15,0.004,22.02,9.35,0.0,12.67
2021-03-16,0.0,11.27,9.41,0.0,1.99
2021-03-17,0.0,13.5,10.74,0.0,0.6
2021-03-18,0.017,29.41,9.29,0.01,20.11
2021-03-19,0.016,23.37,11.77,0.0,11.6
2021-03-20,0.001,13.47,11.57,0.0,1.88
2021-03-21,0.0,12.22,12.02,0.0,0.57
2021-03-22,0.0,11.57,10.78,0.0,0.62
2021-03-23,0.0,13.23,11.93,0.0,0.72
2021-03-24,0.0,11.57,11.25,0.0,0.68
2021-03-25,0.0,9.26,9.69,0.0,0.6
2021-03-26,0.0,15.43,12.13,0.0,0.75
2021-03-27,0.0,11.57,11.82,0.0,0.73
2021-03-28,0.0,0.0,12.5,0.0,0.79
2021-03-29,0.0,0.0,0.0,0.0,0.0
2021-03-30,0.0,0.0,0.0,0.0,0.0
2021-03-31,0.0,0.0,0.0,0.0,0.0
2021-04-01,0.0,0.0,0.0,0.0,0.0
2021-04-02,0.0,0.0,0.0,0.0,0.0
2021-04-03,0.0,0.0,0.0,0.0,0.0
2021-04-04,0.0,0.0,0.0,0.0,0.0
2021-04-05,0.0,0.0,0.0,0.0,0.0
2021-04-06,0.0,0.0,0.0,0.0,0.0
2021-04-07,0.0,0.0,0.0,0.0,0.0
2021-04-08,0.0,0.0,0.0,0.0,0.0
2021-04-09,0.0,0.0,0.0,0.0,0.0
2021-04-10,0.0,0.0,0.0,0.0,0.0
2021-04-11,0.0,0.0,0.0,0.0,0.0
2021-04-12,0.0,0.0,0.0,0.0,0.0
2021-04-13,0.0,0.0,0.0,0.0,0.0
2021-04-14,0.0,0.0,0.0,0.0,0.0
2021-04-15,0.0,0.0,0.0,0.0,0.0
2021-04-16,0.0,0.0,0.0,0.0,0.0
2021-04-17,0.0,0.0,0.0,0.0,0.0
2021-04-18,0.0,0.0,0.0,0.0,0.0
2021-04-19,0.0,0.0,0.0,0.0,0.0
2021-04-20,0.0,0.0,0.0,0.0,0.0
2021-04-21,0.0,0.0,0.0,0.0,0.0
2021-04-22,0.0,0.0,0.0,0.0,0.0
2021-04-23,0.0,0.0,0.0,0.0,0.0
2021-04-24,0.0,0.0,0.0,0.0,0.0
2021-04-25,0.0,0.0,0.0,0.0,0.0
2021-04-26,0.0,0.0,0.0,0.0,0.0
2021-04-27,0.0,0.0,0.0,0.0,0.0
2021-04-28,0.0,0.0,0.0,0.0,0.0
2021-04-29,0.0,0.0,0.0,0.0,0.0
2021-04-30,0.0,0.0,0.0,0.0,0.0
2021-05-01,0.0,0.0,0.0,0.0,0.0
2021-05-02,0.0,0.0,0.0,0.0,0.0
2021-05-03,0.0,0.0,0.0,0.0,0.0
2021-05-04,0.0,0.0,0.0,0.0,0.0
2021-05-05,0.0,0.0,0.0,0.0,0.0
2021-05-06,0.0,0.0,0.0,0.0,0.0
2021-05-07,0.0,0.0,0.0,0.0,0.0
2021-05-08,0.0,0.0,0.0,0.0,0.0
2021-05-09,0.0,0.0,0.0,0.0,0.0
2021-05-10,0.0,0.0,0.0,0.0,0.0
2021-05-11,0.0,0.0,0.0,0.0,0.0
2021-05-12,0.0,0.0,0.0,0.0,0.0
2021-05-13,0.0,0.0,0.0,0.0,0.0
2021-05-14,0.0,0.0,0.0,0.0,0.0
2021-05-15,0.0,0.0,0.0,0.0,0.0
2021-05-16,0.0,0.0,0.0,0.0,0.0
2021-05-17,0.0,0.0,0.0,0.0,0.0
2021-05-18,0.0,0.0,0.0,0.0,0.0
2021-05-19,0.0,0.0,0.0,0.0,0.0
2021-05-20,0.0,0.0,0.0,0.0,0.0
2021-05-21,0.0,0.0,0.0,0.0,0.0
2021-05-22,0.0,0.0,0.0,0.0,0.0
2021-05-23,0.0,0.0,0.0,0.0,0.0
2021-05-24,0.0,0.0,0.0,0.0,0.0
2021-05-25,0.0,0.0,0.0,0.0,0.0
2021-05-26,0.0,0.0,0.0,0.0,0.0
2021-05-27,0.0,0.0,0.0,0.0,0.0
2021-05-28,0.0,0.0,0.0,0.0,0.0
2021-05-29,0.0,0.0,0.0,0.0,0.0
2021-05-30,0.0,0.0,0.0,0.0,0.0
2021-05-31,0.0,0.0,0.0,0.0,0.0
2021-06-01,0.0,0.0,0.0,0.0,0.0
2021-06-02,0.0,0.0,0.0,0.0,0.0
2021-06-03,0.0,0.0,0.0,0.0,0.0
2021-06-04,0.0,0.0,0.0,0.0,0.0
2021-06-05,0.0,0.0,0.0,0.0,0.0
2021-06-06,0.0,0.0,0.0,0.0,0.0
2021-06-07,0.0,0.0,0.0,0.0,0.0
2021-06-08,0.0,0.0,0.0,0.0,0.0
2021-06-09,0.0,0.0,0.0,0.0,0.0
2021-06-10,0.0,0.0,0.0,0.0,0.0
2021-06-11,0.0,0.0,0.0,0.0,0.0
2021-06-12,0.0,0.0,0.0,0.0,0.0
2021-06-13,0.0,0.0,0.0,0.0,0.0
2021-06-14,0.0,0.0,0.0,0.0,0.0
2021-06-15,0.0,0.0,0.0,0.0,0.0
2021-06-16,0.0,0.0,0.0,0.0,0.0
2021-06-17,0.0,0.0,0.0,0.0,0.0
2021-06-18,0.0,0.0,0.0,0.0,0.0
2021-06-19,0.0,0.0,0.0,0.0,0.0
2021-06-20,0.0,0.0,0.0,0.0,0.0
2021-06-21,0.0,0.0,0.0,0.0,0.0
2021-06-22,0.0,0.0,0.0,0.0,0.0
2021-06-23,0.0,0.0,0.0,0.0,0.0
2021-06-24,0.0,0.0,0.0,0.0,0.0
2021-06-25,0.0,0.0,0.0,0.0,0.0
2021-06-26,0.0,0.0,0.0,0.0,0.0
2021-06-27,0.0,0.0,0.0,0.0,0.0
2021-06-28,0.0,0.0,0.0,0.0,0.0
2021-06-29,0.0,0.0,0.0,0.0,0.0
2021-06-30,0.0,0.0,0.0,0.0,0.0
2021-07-01,0.0,0.0,0.0,0.0,0.0
2021-07-02,0.0,0.0,0.0,0.0,0.0
2021-07-03,0.0,0.0,0.0,0.0,0.0
2021-07-04,0.0,0.0,0.0,0.0,0.0
2021-07-05,0.0,0.0,0.0,0.0,0.0
2021-07-06,0.0,0.0,0.0,0.0,0.0
2021-07-07,0.0,0.0,0.0,0.0,0.0
2021-07-08,0.0,0.0,0.0,0.0,0.0
2021-07-09,0.0,0.0,0.0,0.0,0.0
2021-07-10,0.0,0.0,0.0,0.0,0.0
2021-07-11,0.0,0.0,0.0,0.0,0.0
2021-07-12,0.0,0.0,0.0,0.0,0.0
2021-07-13,0.0,0.0,0.0,0.0,0.0
2021-07-14,0.0,0.0,0.0,0.0,0.0
2021-07-15,0.0,0.0,0.0,0.0,0.0
2021-07-16,0.0,0.0,0.0,0.0,0.0
2021-07-17,0.0,0.0,0.0,0.0,0.0
2021-07-18,0.0,0.0,0.0,0.0,0.0
2021-07-19,0.0,0.0,0.0,0.0,0.0
2021-07-20,0.0,0.0,0.0,0.0,0.0
2021-07-21,0.0,0.0,0.0,0.0,0.0
2021-07-22,0.0,0.0,0.0,0.0,0.0
2021-07-23,0.0,0.0,0.0,0.0,0.0
2021-07-24,0.0,0.0,0.0,0.0,0.0
2021-07-25,0.0,0.0,0.0,0.0,0.0
2021-07-26,0.0,0.0,0.0,0.0,0.0
2021-07-27,0.0,0.0,0.0,0.0,0.0
2021-07-28,0.0,0.0,0.0,0.0,0.0
2021-07-29,0.0,0.0,0.0,0.0,0.0
2021-07-30,0.0,0.0,0.0,0.0,0.0
2021-07-31,0.0,0.0,0.0,0.0,0.0
2021-08-01,0.0,0.0,0.0,0.0,0.0
2021-08-02,0.0,0.0,0.0,0.0,0.0
2021-08-03,0.0,0.0,0.0,0.0,0.0
2021-08-04,0.0,0.0,0.0,0.0,0.0
2021-08-05,0.0,0.0,0.0,0.0,0.0
2021-08-06,0.0,0.0,0.0,0.0,0.0
2021-08-07,0.0,0.0,0.0,0.0,0.0
2021-08-08,0.0,0.0,0.0,0.0,0.0
2021-08-09,0.0,0.0,0.0,0.0,0.0
2021-08-10,0.0,0.0,0.0,0.0,0.0
2021-08-11,0.0,0.0,0.0,0.0,0.0
2021-08-12,0.0,0.0,0.0,0.0,0.0
2021-08-13,0.0,0.0,0.0,0.0,0.0
2021-08-14,0.0,0.0,0.0,0.0,0.0
2021-08-15,0.0,0.0,0.0,0.0,0.0
2021-08-16,0.0,0.0,0.0,0.0,0.0
2021-08-17,0.0,0.0,0.0,0.0,0.0
2021-08-18,0.0,0.0,0.0,0.0,0.0
2021-08-19,0.0,0.0,0.0,0.0,0.0
2021-08-20,0.0,0.0,0.0,0.0,0.0
2021-08-21,0.0,0.0,0.0,0.0,0.0
2021-08-22,0.0,0.0,0.0,0.0,0.0
2021-08-23,0.0,0.0,0.0,0.0,0.0
2021-08-24,0.0,0.0,0.0,0.0,0.0
2021-08-25,0.0,0.0,0.0,0.0,0.0
2021-08-26,0.0,0.0,0.0,0.0,0.0
2021-08-27,0.0,0.0,0.0,0.0,0.0
2021-08-28,0.0,0.0,0.0,0.0,0.0
2021-08-29,0.0,0.0,0.0,0.0,0.0
2021-08-30,0.0,0.0,0.0,0.0,0.0
2021-08-31,0.0,0.0,0.0,0.0,0.0
2021-09-01,0.0,0.0,0.0,0.0,0.0
2021-09-02,0.0,0.0,0.0,0.0,0.0
2021-09-03,0.0,0.0,0.0,0.0,0.0
2021-09-04,0.0,0.0,0.0,0.0,0.0
2021-09-05,0.0,0.0,0.0,0.0,0.0
2021-09-06,0.0,0.0,0.0,0.0,0.0
2021-09-07,0.0,0.0,0.0,0.0,0.0
2021-09-08,0.0,0.0,0.0,0.0,0.0
2021-09-09,0.0,0.0,0.0,0.0,0.0
2021-09-10,0.015,28.07,7.2,0.02,20.85
2021-09-11,0.001,13.59,8.15,0.0,5.42
2021-09-12,0.0,8.68,7.67,0.0,0.89
2021-09-13,0.0,11.57,7.79,0.0,0.24
2021-09-14,0.0,0.0,0.0,0.0,0.0
2021-09-15,0.0,0.0,0.0,0.0,0.0
2021-09-16,0.0,0.0,0.0,0.0,0.0
2021-09-17,0.0,0.0,0.0,0.0,0.0
2021-09-18,0.0,0.0,0.0,0.0,0.0
2021-09-19,0.0,0.0,0.0,0.0,0.0
2021-09-20,0.0,0.0,0.0,0.0,0.0
2021-09-21,0.0,0.0,0.0,0.0,0.0
2021-09-22,0.0,0.0,0.0,0.0,0.0
2021-09-23,0.0,0.0,0.0,0.0,0.0
2021-09-24,0.0,0.0,0.0,0.0,0.0
2021-09-25,0.0,0.0,0.0,0.0,0.0
2021-09-26,0.0,0.0,0.0,0.0,0.0
2021-09-27,0.0,0.0,0.0,0.0,0.0
2021-09-28,0.0,0.0,0.0,0.0,0.0
2021-09-29,0.0,0.0,0.0,0.0,0.0
2021-09-30,0.0,0.0,0.0,0.0,0.0
2021-10-01,0.0,0.0,0.0,0.0,0.0
2021-10-02,0.0,0.0,0.0,0.0,0.0
2021-10-03,0.0,0.0,0.0,0.0,0.0
2021-10-04,0.0,0.0,0.0,0.0,0.0
2021-10-05,0.0,0.0,0.0,0.0,0.0
2021-10-06,0.0,0.0,0.0,0.0,0.0
2021-10-07,0.0,0.0,0.0,0.0,0.0
2021-10-08,0.0,0.0,0.0,0.0,0.0
2021-10-09,0.0,0.0,0.0,0.0,0.0
2021-10-10,0.0,0.0,0.0,0.0,0.0
2021-10-11,0.0,0.0,0.0,0.0,0.0
2021-10-12,0.0,0.0,0.0,0.0,0.0
2021-10-13,0.0,0.0,0.0,0.0,0.0
2021-10-14,0.0,0.0,0.0,0.0,0.0
2021-10-15,0.0,0.0,0.0,0.0,0.0
2021-10-16,0.0,0.0,0.0,0.0,0.0
2021-10-17,0.0,0.0,0.0,0.0,0.0
2021-10-18,0.0,0.0,0.0,0.0,0.0
2021-10-19,0.0,0.0,0.0,0.0,0.0
2021-10-20,0.0,0.0,0.0,0.0,0.0
2021-10-21,0.01,22.88,10.48,0.05,12.35
2021-10-22,0.018,28.0,10.92,0.01,17.07
2021-10-23,0.013,33.04,5.81,0.11,27.12
2021-10-24,0.744,206.16,9.8,62.1,134.26
2021-10-25,0.755,181.37,11.01,54.46,115.89
2021-10-26,0.534,24.77,11.28,2.21,11.28
2021-10-27,0.432,13.26,11.47,0.03,1.77
2021-10-28,0.367,12.69,11.52,0.01,1.17
2021-10-29,0.329,12.69,11.56,0.01,1.12
2021-10-30,0.29,12.66,11.54,0.0,1.11
2021-10-31,0.269,12.59,11.49,0.0,1.09
2021-11-01,0.282,12.45,11.35,0.0,1.1
2021-11-02,0.256,12.89,11.55,0.0,1.34
2021-11-03,0.224,12.7,11.63,0.0,1.07
2021-11-04,0.189,12.59,11.58,0.0,1.0
2021-11-05,0.174,12.56,11.58,0.0,0.98
2021-11-06,0.165,12.51,11.55,0.0,0.96
2021-11-07,0.144,12.54,11.61,0.0,0.93
2021-11-08,0.117,12.45,11.56,0.0,0.89
2021-11-09,0.31,47.97,10.39,0.18,37.4
2021-11-10,0.267,15.69,11.3,0.0,4.38
2021-11-11,0.231,12.59,11.37,0.0,1.22
2021-11-12,0.211,12.43,11.39,0.0,1.04
2021-11-13,0.192,12.39,11.38,0.0,1.0
2021-11-14,0.175,12.34,11.37,0.0,0.97
2021-11-15,0.157,12.31,11.36,0.0,0.94
2021-11-16,0.134,12.16,11.25,0.0,0.9
2021-11-17,0.125,12.15,11.25,0.0,0.89
2021-11-18,0.115,12.11,11.23,0.0,0.88
2021-11-19,0.1,12.05,11.2,0.0,0.85
2021-11-20,0.093,12.03,11.18,0.0,0.85
2021-11-21,0.081,12.1,11.27,0.0,0.83
2021-11-22,0.072,12.0,11.18,0.0,0.82
2021-11-23,0.064,12.01,11.2,0.0,0.81
2021-11-24,0.054,11.88,11.09,0.0,0.79
2021-11-25,0.047,11.74,10.95,0.0,0.78
2021-11-26,0.042,11.68,10.9,0.0,0.78
2021-11-27,0.036,11.51,10.75,0.0,0.77
2021-11-28,0.03,11.27,10.51,0.0,0.76
2021-11-29,0.025,11.04,10.28,0.0,0.76
2021-11-30,0.021,10.75,10.0,0.0,0.75
2021-12-01,0.017,10.39,9.64,0.0,0.74
2021-12-02,0.013,9.68,8.94,0.0,0.73
2021-12-03,0.009,8.86,8.13,0.0,0.73
2021-12-04,0.007,8.31,7.57,0.0,0.73
2021-12-05,0.005,7.69,6.96,0.0,0.72
2021-12-06,0.004,7.8,7.09,0.0,0.71
2021-12-07,0.001,7.32,6.73,0.0,0.59
2021-12-08,0.001,7.69,6.91,0.0,0.76
2021-12-09,0.0,7.96,7.41,0.0,0.2
2021-12-10,0.0,5.79,7.61,0.0,0.38
2021-12-11,0.0,0.0,0.0,0.0,0.0
2021-12-12,0.031,23.46,7.46,0.03,15.97
2021-12-13,0.514,118.94,9.71,27.59,81.64
2021-12-14,0.732,63.86,10.81,15.7,37.35
2021-12-15,0.666,17.36,10.85,1.99,4.52
2021-12-16,1.088,72.21,10.92,23.97,37.32
2021-12-17,1.069,17.5,11.28,2.55,3.67
2021-12-18,0.962,13.54,11.31,0.95,1.27
2021-12-19,0.88,13.32,11.35,0.83,1.14
2021-12-20,0.795,13.25,11.38,0.73,1.14
2021-12-21,0.747,14.3,11.32,1.09,1.89
2021-12-22,1.03,31.46,11.2,8.59,11.67
2021-12-23,1.87,45.39,11.39,14.68,19.32
2021-12-24,2.37,28.29,12.04,7.01,9.23
2021-12-25,2.561,35.81,12.13,10.22,13.45
2021-12-26,2.686,20.84,12.47,3.61,4.75
2021-12-27,2.993,35.67,12.52,10.0,13.15
2021-12-28,2.889,16.99,12.66,1.87,2.46
2021-12-29,3.117,42.83,12.56,13.07,17.2
2021-12-30,3.079,18.47,12.77,2.46,3.24
2021-12-31,2.704,14.79,12.6,0.94,1.24
2022-01-01,2.354,14.41,12.41,0.87,1.14
2022-01-02,2.074,14.23,12.23,0.86,1.14
2022-01-03,1.87,14.16,12.16,0.86,1.14
2022-01-04,1.672,14.19,12.19,0.86,1.14
2022-01-05,1.481,14.21,12.21,0.86,1.14
2022-01-06,1.282,14.25,12.25,0.86,1.14
2022-01-07,1.147,14.26,12.26,0.86,1.14
2022-01-08,0.988,14.3,12.3,0.86,1.14
2022-01-09,0.85,14.28,12.31,0.83,1.14
2022-01-10,0.739,14.14,12.33,0.67,1.14
2022-01-11,0.652,13.87,12.35,0.38,1.14
2022-01-12,0.572,13.73,12.38,0.21,1.14
2022-01-13,0.504,13.6,12.4,0.07,1.14
2022-01-14,0.437,13.6,12.44,0.02,1.13
2022-01-15,0.374,13.62,12.48,0.01,1.12
2022-01-16,0.354,13.58,12.45,0.01,1.11
2022-01-17,0.317,13.66,12.55,0.01,1.1
2022-01-18,0.262,13.66,12.59,0.0,1.07
2022-01-19,0.228,13.6,12.55,0.0,1.05
2022-01-20,0.203,13.61,12.57,0.0,1.03
2022-01-21,0.172,13.76,12.75,0.0,1.01
2022-01-22,0.119,13.95,13.03,0.0,0.92
2022-01-23,0.127,13.65,12.71,0.0,0.94
2022-01-24,0.117,13.63,12.72,0.0,0.91
2022-01-25,0.102,13.65,12.76,0.0,0.88
2022-01-26,0.086,13.69,12.83,0.0,0.86
2022-01-27,0.071,13.71,12.88,0.0,0.83
2022-01-28,0.06,13.71,12.89,0.0,0.82
2022-01-29,0.051,13.76,12.95,0.0,0.8
2022-01-30,0.042,13.84,13.05,0.0,0.79
2022-01-31,0.034,13.94,13.16,0.0,0.78
2022-02-01,0.024,14.33,13.57,0.0,0.76
2022-02-02,0.01,15.14,14.46,0.0,0.69
2022-02-03,0.007,15.49,14.75,0.0,0.75
2022-02-04,0.004,16.4,15.69,0.0,0.72
2022-02-05,0.002,16.74,16.07,0.0,0.67
2022-02-06,0.0,17.36,17.25,0.0,0.18
2022-02-07,0.0,11.57,16.09,0.0,0.03
2022-02-08,0.0,0.0,0.0,0.0,0.0
2022-02-09,0.0,0.0,0.0,0.0,0.0
2022-02-10,0.0,0.0,0.0,0.0,0.0
2022-02-11,0.0,0.0,0.0,0.0,0.0
2022-02-12,0.0,0.0,0.0,0.0,0.0
2022-02-13,0.0,0.0,0.0,0.0,0.0
2022-02-14,0.0,0.0,0.0,0.0,0.0
2022-02-15,0.0,0.0,0.0,0.0,0.0
2022-02-16,0.0,0.0,0.0,0.0,0.0
2022-02-17,0.0,0.0,0.0,0.0,0.0
2022-02-18,0.0,0.0,0.0,0.0,0.0
2022-02-19,0.0,0.0,0.0,0.0,0.0
2022-02-20,0.0,0.0,0.0,0.0,0.0
2022-02-21,0.0,0.0,0.0,0.0,0.0
2022-02-22,0.0,0.0,0.0,0.0,0.0
2022-02-23,0.0,0.0,0.0,0.0,0.0
2022-02-24,0.0,0.0,0.0,0.0,0.0
2022-02-25,0.0,0.0,0.0,0.0,0.0
2022-02-26,0.0,0.0,0.0,0.0,0.0
2022-02-27,0.0,0.0,0.0,0.0,0.0
2022-02-28,0.0,0.0,0.0,0.0,0.0
2022-03-01,0.0,0.0,0.0,0.0,0.0
2022-03-02,0.0,0.0,0.0,0.0,0.0
2022-03-03,0.0,0.0,0.0,0.0,0.0
2022-03-04,0.0,0.0,0.0,0.0,0.0
2022-03-05,0.0,0.0,0.0,0.0,0.0
2022-03-06,0.0,0.0,0.0,0.0,0.0
2022-03-07,0.0,0.0,0.0,0.0,0.0
2022-03-08,0.0,0.0,0.0,0.0,0.0
2022-03-09,0.0,0.0,0.0,0.0,0.0
2022-03-10,0.0,0.0,0.0,0.0,0.0
2022-03-11,0.0,0.0,0.0,0.0,0.0
2022-03-12,0.0,0.0,0.0,0.0,0.0
2022-03-13,0.0,0.0,0.0,0.0,0.0
2022-03-14,0.0,0.0,0.0,0.0,0.0
2022-03-15,0.0,0.0,0.0,0.0,0.0
2022-03-16,0.0,0.0,0.0,0.0,0.0
2022-03-17,0.0,0.0,0.0,0.0,0.0
2022-03-18,0.0,0.0,0.0,0.0,0.0
2022-03-19,0.0,0.0,0.0,0.0,0.0
2022-03-20,0.0,0.0,0.0,0.0,0.0
2022-03-21,0.0,0.0,0.0,0.0,0.0
2022-03-22,0.0,0.0,0.0,0.0,0.0
2022-03-23,0.0,0.0,0.0,0.0,0.0
2022-03-24,0.0,0.0,0.0,0.0,0.0
2022-03-25,0.0,0.0,0.0,0.0,0.0
2022-03-26,0.0,0.0,0.0,0.0,0.0
2022-03-27,0.001,4.57,1.88,0.8,1.97
2022-03-28,0.049,27.9,10.1,0.01,17.79
2022-03-29,0.007,16.39,11.21,0.0,5.17
2022-03-30,0.001,11.76,10.95,0.0,0.84
2022-03-31,0.0,12.4,11.33,0.0,0.58
2022-04-01,0.0,11.57,11.52,0.0,0.71
2022-04-02,0.0,13.23,11.89,0.0,0.75
2022-04-03,0.0,13.5,11.03,0.0,0.7
2022-04-04,0.0,11.57,9.88,0.0,0.63
2022-04-05,0.0,11.57,9.65,0.0,0.64
2022-04-06,0.0,17.36,14.0,0.0,0.92
2022-04-07,0.0,11.57,16.11,0.0,1.1
2022-04-08,0.0,0.0,6.31,0.0,0.5
2022-04-09,0.0,0.0,0.0,0.0,0.0
2022-04-10,0.0,0.0,0.0,0.0,0.0
2022-04-11,0.002,43.43,15.04,0.01,28.35
2022-04-12,0.0,27.58,17.28,0.0,10.18
2022-04-13,0.0,17.36,15.49,0.0,1.46
2022-04-14,0.0,0.0,0.0,0.0,0.0
2022-04-15,0.0,0.0,0.0,0.0,0.0
2022-04-16,0.023,27.79,10.04,0.03,17.72
2022-04-17,0.004,17.86,11.43,0.0,6.41
2022-04-18,0.0,12.6,11.22,0.0,1.05
2022-04-19,0.0,16.1,13.71,0.0,2.27
2022-04-20,0.0,18.81,17.14,0.0,1.0
2022-04-21,0.039,36.54,11.79,0.01,24.74
2022-04-22,0.006,21.88,13.08,0.0,8.8
2022-04-23,0.001,14.26,12.96,0.0,1.32
2022-04-24,0.0,14.88,13.65,0.0,0.65
2022-04-25,0.0,14.15,14.09,0.0,0.74
2022-04-26,0.0,15.43,14.26,0.0,0.72
2022-04-27,0.0,18.52,15.99,0.0,0.84
2022-04-28,0.0,15.43,18.05,0.0,0.88
2022-04-29,0.0,15.43,16.55,0.0,0.83
2022-04-30,0.0,34.72,31.64,0.0,1.46
2022-05-01,0.0,11.57,20.25,0.0,0.93
2022-05-02,0.0,11.57,9.8,0.0,0.43
2022-05-03,0.0,0.0,0.0,0.0,0.0
2022-05-04,0.0,0.0,0.0,0.0,0.0
2022-05-05,0.0,0.0,0.0,0.0,0.0
2022-05-06,0.0,0.0,0.0,0.0,0.0
2022-05-07,0.0,0.0,0.0,0.0,0.0
2022-05-08,0.0,0.0,0.0,0.0,0.0
2022-05-09,0.0,0.0,0.0,0.0,0.0
2022-05-10,0.0,0.0,0.0,0.0,0.0
2022-05-11,0.0,0.0,0.0,0.0,0.0
2022-05-12,0.0,0.0,0.0,0.0,0.0
2022-05-13,0.0,0.0,0.0,0.0,0.0
2022-05-14,0.0,0.0,0.0,0.0,0.0
2022-05-15,0.0,0.0,0.0,0.0,0.0
2022-05-16,0.0,0.0,0.0,0.0,0.0
2022-05-17,0.0,0.0,0.0,0.0,0.0
2022-05-18,0.0,0.0,0.0,0.0,0.0
2022-05-19,0.0,0.0,0.0,0.0,0.0
2022-05-20,0.0,0.0,0.0,0.0,0.0
2022-05-21,0.0,0.0,0.0,0.0,0.0
2022-05-22,0.0,0.0,0.0,0.0,0.0
2022-05-23,0.0,0.0,0.0,0.0,0.0
2022-05-24,0.0,0.0,0.0,0.0,0.0
2022-05-25,0.0,0.0,0.0,0.0,0.0
2022-05-26,0.0,0.0,0.0,0.0,0.0
2022-05-27,0.0,0.0,0.0,0.0,0.0
2022-05-28,0.0,0.0,0.0,0.0,0.0
2022-05-29,0.0,0.0,0.0,0.0,0.0
2022-05-30,0.0,0.0,0.0,0.0,0.0
2022-05-31,0.0,0.0,0.0,0.0,0.0
2022-06-01,0.0,0.0,0.0,0.0,0.0
2022-06-02,0.0,0.0,0.0,0.0,0.0
2022-06-03,0.0,0.0,0.0,0.0,0.0
2022-06-04,0.0,0.0,0.0,0.0,0.0
2022-06-05,0.0,0.0,0.0,0.0,0.0
2022-06-06,0.0,0.0,0.0,0.0,0.0
2022-06-07,0.0,0.0,0.0,0.0,0.0
2022-06-08,0.0,0.0,0.0,0.0,0.0
2022-06-09,0.0,0.0,0.0,0.0,0.0
2022-06-10,0.0,0.0,0.0,0.0,0.0
2022-06-11,0.0,0.0,0.0,0.0,0.0
2022-06-12,0.0,0.0,0.0,0.0,0.0
2022-06-13,0.0,0.0,0.0,0.0,0.0
2022-06-14,0.0,0.0,0.0,0.0,0.0
2022-06-15,0.0,0.0,0.0,0.0,0.0
2022-06-16,0.0,0.0,0.0,0.0,0.0
2022-06-17,0.0,0.0,0.0,0.0,0.0
2022-06-18,0.0,0.0,0.0,0.0,0.0
2022-06-19,0.0,0.0,0.0,0.0,0.0
2022-06-20,0.0,0.0,0.0,0.0,0.0
2022-06-21,0.0,0.0,0.0,0.0,0.0
2022-06-22,0.0,0.0,0.0,0.0,0.0
2022-06-23,0.0,0.0,0.0,0.0,0.0
2022-06-24,0.0,0.0,0.0,0.0,0.0
2022-06-25,0.0,0.0,0.0,0.0,0.0
2022-06-26,0.0,0.0,0.0,0.0,0.0
2022-06-27,0.0,0.0,0.0,0.0,0.0
2022-06-28,0.0,0.0,0.0,0.0,0.0
2022-06-29,0.0,0.0,0.0,0.0,0.0
2022-06-30,0.0,0.0,0.0,0.0,0.0
2022-07-01,0.0,0.0,0.0,0.0,0.0
2022-07-02,0.0,0.0,0.0,0.0,0.0
2022-07-03,0.0,0.0,0.0,0.0,0.0
2022-07-04,0.0,0.0,0.0,0.0,0.0
2022-07-05,0.0,0.0,0.0,0.0,0.0
2022-07-06,0.0,0.0,0.0,0.0,0.0
2022-07-07,0.0,0.0,0.0,0.0,0.0
2022-07-08,0.0,0.0,0.0,0.0,0.0
2022-07-09,0.0,0.0,0.0,0.0,0.0
2022-07-10,0.0,0.0,0.0,0.0,0.0
2022-07-11,0.0,0.0,0.0,0.0,0.0
2022-07-12,0.0,0.0,0.0,0.0,0.0
2022-07-13,0.0,0.0,0.0,0.0,0.0
2022-07-14,0.0,0.0,0.0,0.0,0.0
2022-07-15,0.0,0.0,0.0,0.0,0.0
2022-07-16,0.0,0.0,0.0,0.0,0.0
2022-07-17,0.0,0.0,0.0,0.0,0.0
2022-07-18,0.0,0.0,0.0,0.0,0.0
2022-07-19,0.0,0.0,0.0,0.0,0.0
2022-07-20,0.0,0.0,0.0,0.0,0.0
2022-07-21,0.0,0.0,0.0,0.0,0.0
2022-07-22,0.0,0.0,0.0,0.0,0.0
2022-07-23,0.0,0.0,0.0,0.0,0.0
2022-07-24,0.0,0.0,0.0,0.0,0.0
2022-07-25,0.0,0.0,0.0,0.0,0.0
2022-07-26,0.0,0.0,0.0,0.0,0.0
2022-07-27,0.0,0.0,0.0,0.0,0.0
2022-07-28,0.0,0.0,0.0,0.0,0.0
2022-07-29,0.0,0.0,0.0,0.0,0.0
2022-07-30,0.0,0.0,0.0,0.0,0.0
2022-07-31,0.0,0.0,0.0,0.0,0.0
2022-08-01,0.0,0.0,0.0,0.0,0.0
2022-08-02,0.0,0.0,0.0,0.0,0.0
2022-08-03,0.0,0.0,0.0,0.0,0.0
2022-08-04,0.0,0.0,0.0,0.0,0.0
2022-08-05,0.0,0.0,0.0,0.0,0.0
2022-08-06,0.0,0.0,0.0,0.0,0.0
2022-08-07,0.0,0.0,0.0,0.0,0.0
2022-08-08,0.0,0.0,0.0,0.0,0.0
2022-08-09,0.0,0.0,0.0,0.0,0.0
2022-08-10,0.0,0.0,0.0,0.0,0.0
2022-08-11,0.0,0.0,0.0,0.0,0.0
2022-08-12,0.0,0.0,0.0,0.0,0.0
2022-08-13,0.0,0.0,0.0,0.0,0.0
2022-08-14,0.0,0.0,0.0,0.0,0.0
2022-08-15,0.0,0.0,0.0,0.0,0.0
2022-08-16,0.0,0.0,0.0,0.0,0.0
2022-08-17,0.0,0.0,0.0,0.0,0.0
2022-08-18,0.0,0.0,0.0,0.0,0.0
2022-08-19,0.0,0.0,0.0,0.0,0.0
2022-08-20,0.0,0.0,0.0,0.0,0.0
2022-08-21,0.0,0.0,0.0,0.0,0.0
2022-08-22,0.0,0.0,0.0,0.0,0.0
2022-08-23,0.0,0.0,0.0,0.0,0.0
2022-08-24,0.0,0.0,0.0,0.0,0.0
2022-08-25,0.0,0.0,0.0,0.0,0.0
2022-08-26,0.0,0.0,0.0,0.0,0.0
2022-08-27,0.0,0.0,0.0,0.0,0.0
2022-08-28,0.0,0.0,0.0,0.0,0.0
2022-08-29,0.0,0.0,0.0,0.0,0.0
2022-08-30,0.0,0.0,0.0,0.0,0.0
2022-08-31,0.0,0.0,0.0,0.0,0.0
2022-09-01,0.0,0.0,0.0,0.0,0.0
2022-09-02,0.0,0.0,0.0,0.0,0.0
2022-09-03,0.0,0.0,0.0,0.0,0.0
2022-09-04,0.0,0.0,0.0,0.0,0.0
2022-09-05,0.0,0.0,0.0,0.0,0.0
2022-09-06,0.0,0.0,0.0,0.0,0.0
2022-09-07,0.0,0.0,0.0,0.0,0.0
2022-09-08,0.0,0.0,0.0,0.0,0.0
2022-09-09,0.0,0.0,0.0,0.0,0.0
2022-09-10,0.0,0.0,0.0,0.0,0.0
2022-09-11,0.0,0.0,0.0,0.0,0.0
2022-09-12,0.0,0.0,0.0,0.0,0.0
2022-09-13,0.0,0.0,0.0,0.0,0.0
2022-09-14,0.0,0.0,0.0,0.0,0.0
2022-09-15,0.0,0.0,0.0,0.0,0.0
2022-09-16,0.0,0.0,0.0,0.0,0.0
2022-09-17,0.0,0.0,0.0,0.0,0.0
2022-09-18,0.005,24.05,8.42,0.31,15.32
2022-09-19,0.014,25.01,10.92,0.01,14.08
2022-09-20,0.018,24.92,12.47,0.0,12.45
2022-09-21,0.002,15.36,13.0,0.0,2.31
2022-09-22,0.0,13.02,12.64,0.0,0.5
2022-09-23,0.0,13.89,14.13,0.0,0.67
2022-09-24,0.0,11.57,11.9,0.0,0.61
2022-09-25,0.0,23.15,24.82,0.0,1.16
2022-09-26,0.0,11.57,14.4,0.0,0.66
2022-09-27,0.0,11.57,11.48,0.0,0.55
2022-09-28,0.0,0.0,0.0,0.0,0.0
2022-09-29,0.0,0.0,0.0,0.0,0.0
2022-09-30,0.0,0.0,0.0,0.0,0.0
2022-10-01,0.0,0.0,0.0,0.0,0.0
2022-10-02,0.0,0.0,0.0,0.0,0.0
2022-10-03,0.0,0.0,0.0,0.0,0.0
2022-10-04,0.0,0.0,0.0,0.0,0.0
2022-10-05,0.0,0.0,0.0,0.0,0.0
2022-10-06,0.0,0.0,0.0,0.0,0.0
2022-10-07,0.0,0.0,0.0,0.0,0.0
2022-10-08,0.0,0.0,0.0,0.0,0.0
2022-10-09,0.0,0.0,0.0,0.0,0.0
2022-10-10,0.0,0.0,0.0,0.0,0.0
2022-10-11,0.0,0.0,0.0,0.0,0.0
2022-10-12,0.0,0.0,0.0,0.0,0.0
2022-10-13,0.0,0.0,0.0,0.0,0.0
2022-10-14,0.0,0.0,0.0,0.0,0.0
2022-10-15,0.0,0.0,0.0,0.0,0.0
2022-10-16,0.0,0.0,0.0,0.0,0.0
2022-10-17,0.0,0.0,0.0,0.0,0.0
2022-10-18,0.0,0.0,0.0,0.0,0.0
2022-10-19,0.0,0.0,0.0,0.0,0.0
2022-10-20,0.0,0.0,0.0,0.0,0.0
2022-10-21,0.0,0.0,0.0,0.0,0.0
2022-10-22,0.0,0.0,0.0,0.0,0.0
2022-10-23,0.0,0.0,0.0,0.0,0.0
2022-10-24,0.0,0.0,0.0,0.0,0.0
2022-10-25,0.0,0.0,0.0,0.0,0.0
2022-10-26,0.0,0.0,0.0,0.0,0.0
2022-10-27,0.0,0.0,0.0,0.0,0.0
2022-10-28,0.0,0.0,0.0,0.0,0.0
2022-10-29,0.0,0.0,0.0,0.0,0.0
2022-10-30,0.0,0.0,0.0,0.0,0.0
2022-10-31,0.0,0.0,0.0,0.0,0.0
2022-11-01,0.002,29.64,14.85,0.23,14.57
2022-11-02,0.014,58.44,14.43,0.03,43.97
2022-11-03,0.006,43.39,16.66,0.0,26.73
2022-11-04,0.001,19.81,16.04,0.0,3.93
2022-11-05,0.0,15.78,15.24,0.0,0.74
2022-11-06,0.0,17.36,16.5,0.0,0.72
2022-11-07,0.002,34.92,15.21,0.01,19.68
2022-11-08,0.135,114.03,11.14,0.37,102.52
2022-11-09,0.026,68.05,12.5,0.0,55.55
2022-11-10,0.003,19.62,12.83,0.0,6.8
2022-11-11,0.001,14.52,13.66,0.0,0.86
2022-11-12,0.001,14.37,13.75,0.0,0.73
2022-11-13,0.001,14.75,14.03,0.0,0.74
2022-11-14,0.001,14.42,13.81,0.0,0.73
2022-11-15,0.001,14.42,13.87,0.0,0.73
2022-11-16,0.001,14.3,13.66,0.0,0.73
2022-11-17,0.0,14.66,13.75,0.0,0.73
2022-11-18,0.0,14.25,13.68,0.0,0.73
2022-11-19,0.0,14.38,13.89,0.0,0.74
2022-11-20,0.0,14.27,13.56,0.0,0.73
2022-11-21,0.0,14.15,13.52,0.0,0.73
2022-11-22,0.0,13.99,13.5,0.0,0.73
2022-11-23,0.0,14.33,13.56,0.0,0.73
2022-11-24,0.0,14.01,13.26,0.0,0.72
2022-11-25,0.0,14.47,13.91,0.0,0.75
2022-11-26,0.0,14.88,13.92,0.0,0.75
2022-11-27,0.0,14.25,13.58,0.0,0.74
2022-11-28,0.0,13.5,12.83,0.0,0.69
2022-11-29,0.0,13.89,13.6,0.0,0.74
2022-11-30,0.0,14.15,13.87,0.0,0.75
2022-12-01,0.068,54.87,10.32,0.04,44.51
2022-12-02,0.019,30.63,12.14,0.0,18.48
2022-12-03,0.115,57.22,9.82,0.33,47.07
2022-12-04,0.111,63.29,11.69,0.0,51.6
2022-12-05,0.03,18.46,11.57,0.0,6.88
2022-12-06,0.013,13.58,12.45,0.0,1.13
2022-12-07,0.014,13.72,12.96,0.0,0.77
2022-12-08,0.01,14.11,13.38,0.0,0.73
2022-12-09,0.005,13.72,13.03,0.0,0.69
2022-12-10,0.157,77.03,10.02,0.32,66.69
2022-12-11,0.149,46.96,11.94,0.02,35.01
2022-12-12,0.106,20.57,11.87,0.0,8.7
2022-12-13,0.082,14.05,12.89,0.0,1.15
2022-12-14,0.075,13.88,13.03,0.0,0.86
2022-12-15,0.067,13.91,13.07,0.0,0.84
2022-12-16,0.06,13.9,13.08,0.0,0.83
2022-12-17,0.054,13.9,13.09,0.0,0.82
2022-12-18,0.049,13.93,13.12,0.0,0.81
2022-12-19,0.042,13.99,13.19,0.0,0.8
2022-12-20,0.036,14.12,13.33,0.0,0.79
2022-12-21,0.032,14.05,13.26,0.0,0.78
2022-12-22,0.029,14.1,13.32,0.0,0.78
2022-12-23,0.023,14.2,13.43,0.0,0.77
2022-12-24,0.023,14.13,13.35,0.0,0.78
2022-12-25,0.02,14.22,13.46,0.0,0.77
2022-12-26,0.023,19.75,10.94,0.03,8.78
2022-12-27,0.286,74.97,10.58,0.72,63.68
2022-12-28,0.16,24.29,12.41,0.0,11.87
2022-12-29,0.213,19.22,11.84,0.03,7.36
2022-12-30,0.395,24.56,12.02,0.37,12.17
2022-12-31,4.183,5473.9,19.28,2331.52,3123.09
2023-01-01,38.61,29982.34,39.99,12898.53,17043.76
2023-01-02,16.225,1579.49,27.84,618.1,933.55
2023-01-03,11.759,162.7,22.86,12.66,127.19
2023-01-04,10.421,159.65,19.98,32.11,107.56
2023-01-05,17.312,326.26,23.18,84.23,218.86
2023-01-06,15.708,166.25,23.18,5.8,137.28
2023-01-07,11.53,115.53,20.6,0.99,93.94
2023-01-08,10.649,102.6,19.9,7.76,74.95
2023-01-09,22.369,1894.42,24.8,771.51,1098.12
2023-01-10,21.733,237.53,25.26,42.97,169.31
2023-01-11,17.714,163.13,23.3,6.51,133.32
2023-01-12,14.373,135.84,21.68,1.14,113.01
2023-01-13,11.304,94.44,19.76,3.04,71.64
2023-01-14,18.465,2144.11,23.02,880.97,1240.12
2023-01-15,17.948,234.59,23.27,39.62,171.69
2023-01-16,23.88,1048.85,26.44,400.64,621.76
2023-01-17,16.164,167.37,23.43,10.95,132.99
2023-01-18,10.704,97.72,20.02,0.97,76.73
2023-01-19,7.634,31.87,17.35,0.98,13.54
2023-01-20,5.538,17.46,15.03,0.87,1.56
2023-01-21,4.144,15.54,13.52,0.86,1.16
2023-01-22,3.087,15.07,13.07,0.86,1.14
2023-01-23,2.271,14.66,12.67,0.86,1.13
2023-01-24,1.717,14.48,12.48,0.86,1.14
2023-01-25,1.277,14.45,12.45,0.86,1.14
2023-01-26,0.931,14.42,12.43,0.85,1.13
2023-01-27,0.69,14.12,12.39,0.59,1.13
2023-01-28,0.502,13.58,12.37,0.07,1.13
2023-01-29,0.366,13.46,12.33,0.01,1.13
2023-01-30,0.257,13.47,12.38,0.0,1.08
2023-01-31,0.185,13.37,12.35,0.0,1.02
2023-02-01,0.138,13.26,12.32,0.0,0.94
2023-02-02,0.099,13.17,12.31,0.0,0.86
2023-02-03,0.243,72.82,10.81,0.08,61.94
2023-02-04,0.511,45.62,11.42,7.63,26.58
2023-02-05,1.24,63.07,12.24,19.73,31.09
2023-02-06,1.359,19.9,12.68,3.02,4.2
2023-02-07,1.093,15.01,12.7,0.99,1.32
2023-02-08,0.839,14.59,12.71,0.74,1.15
2023-02-09,0.632,14.24,12.71,0.4,1.14
2023-02-10,0.468,14.05,12.73,0.2,1.13
2023-02-11,0.398,13.71,12.57,0.02,1.12
2023-02-12,0.303,13.83,12.72,0.01,1.1
2023-02-13,0.219,13.67,12.62,0.0,1.05
2023-02-14,0.15,13.65,12.67,0.0,0.98
2023-02-15,0.107,13.45,12.56,0.0,0.89
2023-02-16,0.081,13.41,12.57,0.0,0.84
2023-02-17,0.055,13.48,12.68,0.0,0.79
2023-02-18,0.033,13.32,12.57,0.0,0.75
2023-02-19,0.018,13.31,12.58,0.0,0.72
2023-02-20,0.006,13.1,12.45,0.0,0.64
2023-02-21,0.001,12.86,12.76,0.0,0.16
2023-02-22,0.0,11.57,11.87,0.0,0.03
2023-02-23,0.002,0.2,0.12,0.0,0.12
2023-02-24,0.963,105.3,11.65,28.38,65.27
2023-02-25,1.652,26.42,12.52,5.42,8.47
2023-02-26,1.765,22.49,12.47,4.3,5.72
2023-02-27,2.529,48.53,12.33,15.63,20.57
2023-02-28,3.688,39.35,12.98,11.39,14.99
2023-03-01,3.668,20.08,13.33,2.91,3.83
2023-03-02,3.012,15.36,13.1,0.98,1.29
2023-03-03,2.461,14.9,12.88,0.87,1.14
2023-03-04,2.035,14.77,12.77,0.86,1.14
2023-03-05,2.185,41.72,12.5,12.61,16.6
2023-03-06,2.073,16.73,12.71,1.74,2.28
2023-03-07,1.697,14.83,12.71,0.91,1.2
2023-03-08,1.443,17.1,12.65,1.92,2.53
2023-03-09,1.785,179.56,11.79,72.45,95.32
2023-03-10,7.038,219.05,16.16,87.57,115.31
2023-03-11,6.08,31.82,15.7,6.95,9.16
2023-03-12,4.994,29.87,14.15,6.79,8.93
2023-03-13,4.206,17.81,13.44,1.89,2.48
2023-03-14,4.975,66.56,13.69,22.83,30.04
2023-03-15,4.81,21.5,13.94,3.27,4.3
2023-03-16,3.663,15.46,13.19,0.98,1.29
2023-03-17,2.807,14.82,12.81,0.87,1.14
2023-03-18,2.183,14.47,12.47,0.86,1.14
2023-03-19,2.509,21.27,12.21,3.91,5.15
2023-03-20,2.582,15.7,12.69,1.3,1.71
2023-03-21,2.887,42.59,12.29,13.09,17.22
2023-03-22,4.75,30.78,13.47,7.48,9.84
2023-03-23,4.014,16.28,13.34,1.27,1.67
2023-03-24,3.085,15.01,12.95,0.89,1.17
2023-03-25,2.378,14.61,12.6,0.86,1.14
2023-03-26,1.863,14.33,12.33,0.86,1.14
2023-03-27,1.494,14.28,12.29,0.86,1.14
2023-03-28,1.549,37.38,11.91,11.0,14.47
2023-03-29,2.503,57.88,12.03,19.8,26.05
2023-03-30,2.985,22.86,12.76,4.36,5.74
2023-03-31,2.372,14.95,12.5,1.06,1.39
2023-04-01,1.877,14.23,12.2,0.87,1.15
2023-04-02,1.442,14.15,12.15,0.86,1.14
2023-04-03,1.055,14.12,12.13,0.86,1.13
2023-04-04,0.788,13.9,12.11,0.66,1.13
2023-04-05,0.605,13.68,12.16,0.39,1.14
2023-04-06,0.466,13.38,12.18,0.07,1.13
2023-04-07,0.384,13.29,12.15,0.01,1.13
2023-04-08,0.276,13.36,12.25,0.01,1.1
2023-04-09,0.195,13.27,12.24,0.0,1.03
2023-04-10,0.138,13.19,12.24,0.0,0.95
2023-04-11,0.093,13.14,12.27,0.0,0.86
2023-04-12,0.055,12.98,12.2,0.0,0.79
2023-04-13,0.026,12.84,12.12,0.0,0.72
2023-04-14,0.005,11.62,11.16,0.0,0.49
2023-04-15,0.0,11.57,11.27,0.0,0.11
2023-04-16,0.0,7.72,9.26,0.0,0.02
2023-04-17,0.0,0.0,0.0,0.0,0.0
2023-04-18,0.0,0.0,0.0,0.0,0.0
2023-04-19,0.0,0.0,0.0,0.0,0.0
2023-04-20,0.0,0.0,0.0,0.0,0.0
2023-04-21,0.0,0.0,0.0,0.0,0.0
2023-04-22,0.0,0.0,0.0,0.0,0.0
2023-04-23,0.0,0.0,0.0,0.0,0.0
2023-04-24,0.0,0.0,0.0,0.0,0.0
2023-04-25,0.0,0.0,0.0,0.0,0.0
2023-04-26,0.0,0.0,0.0,0.0,0.0
2023-04-27,0.0,0.0,0.0,0.0,0.0
2023-04-28,0.0,0.0,0.0,0.0,0.0
2023-04-29,0.0,0.0,0.0,0.0,0.0
2023-04-30,0.0,0.0,0.0,0.0,0.0
2023-05-01,0.0,0.0,0.0,0.0,0.0
2023-05-02,0.0,0.0,0.0,0.0,0.0
2023-05-03,0.0,0.0,0.0,0.0,0.0
2023-05-04,0.0,0.0,0.0,0.0,0.0
2023-05-05,0.0,0.0,0.0,0.0,0.0
2023-05-06,0.0,0.0,0.0,0.0,0.0
2023-05-07,0.0,0.0,0.0,0.0,0.0
2023-05-08,0.0,0.0,0.0,0.0,0.0
2023-05-09,0.0,0.0,0.0,0.0,0.0
2023-05-10,0.0,0.0,0.0,0.0,0.0
2023-05-11,0.0,0.0,0.0,0.0,0.0
2023-05-12,0.0,0.0,0.0,0.0,0.0
2023-05-13,0.0,0.0,0.0,0.0,0.0
2023-05-14,0.0,0.0,0.0,0.0,0.0
2023-05-15,0.0,0.0,0.0,0.0,0.0
2023-05-16,0.0,0.0,0.0,0.0,0.0
2023-05-17,0.0,0.0,0.0,0.0,0.0
2023-05-18,0.0,0.0,0.0,0.0,0.0
2023-05-19,0.0,0.0,0.0,0.0,0.0
2023-05-20,0.0,0.0,0.0,0.0,0.0
2023-05-21,0.0,0.0,0.0,0.0,0.0
2023-05-22,0.0,0.0,0.0,0.0,0.0
2023-05-23,0.0,0.0,0.0,0.0,0.0
2023-05-24,0.0,0.0,0.0,0.0,0.0
2023-05-25,0.0,0.0,0.0,0.0,0.0
2023-05-26,0.0,0.0,0.0,0.0,0.0
2023-05-27,0.0,0.0,0.0,0.0,0.0
2023-05-28,0.0,0.0,0.0,0.0,0.0
2023-05-29,0.0,0.0,0.0,0.0,0.0
2023-05-30,0.0,0.0,0.0,0.0,0.0
2023-05-31,0.0,0.0,0.0,0.0,0.0
2023-06-01,0.0,0.0,0.0,0.0,0.0
2023-06-02,0.0,0.0,0.0,0.0,0.0
2023-06-03,0.0,0.0,0.0,0.0,0.0
2023-06-04,0.0,0.0,0.0,0.0,0.0
2023-06-05,0.0,0.0,0.0,0.0,0.0
2023-06-06,0.0,0.0,0.0,0.0,0.0
2023-06-07,0.0,0.0,0.0,0.0,0.0
2023-06-08,0.0,0.0,0.0,0.0,0.0
2023-06-09,0.0,0.0,0.0,0.0,0.0
2023-06-10,0.0,0.0,0.0,0.0,0.0
2023-06-11,0.0,0.0,0.0,0.0,0.0
2023-06-12,0.0,0.0,0.0,0.0,0.0
2023-06-13,0.0,0.0,0.0,0.0,0.0
2023-06-14,0.0,0.0,0.0,0.0,0.0
2023-06-15,0.0,0.0,0.0,0.0,0.0
2023-06-16,0.0,0.0,0.0,0.0,0.0
2023-06-17,0.0,0.0,0.0,0.0,0.0
2023-06-18,0.0,0.0,0.0,0.0,0.0
2023-06-19,0.0,0.0,0.0,0.0,0.0
2023-06-20,0.0,0.0,0.0,0.0,0.0
2023-06-21,0.0,0.0,0.0,0.0,0.0
2023-06-22,0.0,0.0,0.0,0.0,0.0
2023-06-23,0.0,0.0,0.0,0.0,0.0
2023-06-24,0.0,0.0,0.0,0.0,0.0
2023-06-25,0.0,0.0,0.0,0.0,0.0
2023-06-26,0.0,0.0,0.0,0.0,0.0
2023-06-27,0.0,0.0,0.0,0.0,0.0
2023-06-28,0.0,0.0,0.0,0.0,0.0
2023-06-29,0.0,0.0,0.0,0.0,0.0
2023-06-30,0.0,0.0,0.0,0.0,0.0
2023-07-01,0.0,0.0,0.0,0.0,0.0
2023-07-02,0.0,0.0,0.0,0.0,0.0
2023-07-03,0.0,0.0,0.0,0.0,0.0
2023-07-04,0.0,0.0,0.0,0.0,0.0
2023-07-05,0.0,0.0,0.0,0.0,0.0
2023-07-06,0.0,0.0,0.0,0.0,0.0
2023-07-07,0.0,0.0,0.0,0.0,0.0
2023-07-08,0.0,0.0,0.0,0.0,0.0
2023-07-09,0.0,0.0,0.0,0.0,0.0
2023-07-10,0.0,0.0,0.0,0.0,0.0
2023-07-11,0.0,0.0,0.0,0.0,0.0
2023-07-12,0.0,0.0,0.0,0.0,0.0
2023-07-13,0.0,0.0,0.0,0.0,0.0
2023-07-14,0.0,0.0,0.0,0.0,0.0
2023-07-15,0.0,0.0,0.0,0.0,0.0
2023-07-16,0.0,0.0,0.0,0.0,0.0
2023-07-17,0.0,0.0,0.0,0.0,0.0
2023-07-18,0.0,0.0,0.0,0.0,0.0
2023-07-19,0.0,0.0,0.0,0.0,0.0
2023-07-20,0.0,0.0,0.0,0.0,0.0
2023-07-21,0.0,0.0,0.0,0.0,0.0
2023-07-22,0.0,0.0,0.0,0.0,0.0
2023-07-23,0.0,0.0,0.0,0.0,0.0
2023-07-24,0.0,0.0,0.0,0.0,0.0
2023-07-25,0.0,0.0,0.0,0.0,0.0
2023-07-26,0.0,0.0,0.0,0.0,0.0
2023-07-27,0.0,0.0,0.0,0.0,0.0
2023-07-28,0.0,0.0,0.0,0.0,0.0
2023-07-29,0.0,0.0,0.0,0.0,0.0
2023-07-30,0.0,0.0,0.0,0.0,0.0
2023-07-31,0.0,0.0,0.0,0.0,0.0
2023-08-01,0.0,0.0,0.0,0.0,0.0
2023-08-02,0.0,0.0,0.0,0.0,0.0
2023-08-03,0.0,0.0,0.0,0.0,0.0
2023-08-04,0.0,0.0,0.0,0.0,0.0
2023-08-05,0.0,0.0,0.0,0.0,0.0
2023-08-06,0.0,0.0,0.0,0.0,0.0
2023-08-07,0.0,0.0,0.0,0.0,0.0
2023-08-08,0.0,0.0,0.0,0.0,0.0
2023-08-09,0.0,0.0,0.0,0.0,0.0
2023-08-10,0.0,0.0,0.0,0.0,0.0
2023-08-11,0.0,0.0,0.0,0.0,0.0
2023-08-12,0.0,0.0,0.0,0.0,0.0
2023-08-13,0.0,0.0,0.0,0.0,0.0
2023-08-14,0.0,0.0,0.0,0.0,0.0
2023-08-15,0.0,0.0,0.0,0.0,0.0
2023-08-16,0.0,0.0,0.0,0.0,0.0
2023-08-17,0.0,0.0,0.0,0.0,0.0
2023-08-18,0.0,0.0,0.0,0.0,0.0
2023-08-19,0.0,0.0,0.0,0.0,0.0
2023-08-20,0.0,0.0,0.0,0.0,0.0
2023-08-21,0.0,0.0,0.0,0.0,0.0
2023-08-22,0.0,0.0,0.0,0.0,0.0
2023-08-23,0.0,0.0,0.0,0.0,0.0
2023-08-24,0.0,0.0,0.0,0.0,0.0
2023-08-25,0.0,0.0,0.0,0.0,0.0
2023-08-26,0.0,0.0,0.0,0.0,0.0
2023-08-27,0.0,0.0,0.0,0.0,0.0
2023-08-28,0.0,0.0,0.0,0.0,0.0
2023-08-29,0.0,0.0,0.0,0.0,0.0
2023-08-30,0.0,0.0,0.0,0.0,0.0
2023-08-31,0.0,0.0,0.0,0.0,0.0
2023-09-01,0.0,0.0,0.0,0.0,0.0
2023-09-02,0.0,0.0,0.0,0.0,0.0
2023-09-03,0.0,0.0,0.0,0.0,0.0
2023-09-04,0.0,0.0,0.0,0.0,0.0
2023-09-05,0.0,0.0,0.0,0.0,0.0
2023-09-06,0.0,0.0,0.0,0.0,0.0
2023-09-07,0.0,0.0,0.0,0.0,0.0
2023-09-08,0.0,0.0,0.0,0.0,0.0
2023-09-09,0.0,0.0,0.0,0.0,0.0
2023-09-10,0.0,0.0,0.0,0.0,0.0
2023-09-11,0.0,0.0,0.0,0.0,0.0
2023-09-12,0.0,0.0,0.0,0.0,0.0
2023-09-13,0.0,0.0,0.0,0.0,0.0
2023-09-14,0.0,0.0,0.0,0.0,0.0
2023-09-15,0.0,0.0,0.0,0.0,0.0
2023-09-16,0.0,0.0,0.0,0.0,0.0
2023-09-17,0.0,0.0,0.0,0.0,0.0
2023-09-18,0.0,0.0,0.0,0.0,0.0
2023-09-19,0.0,0.0,0.0,0.0,0.0
2023-09-20,0.0,0.0,0.0,0.0,0.0
2023-09-21,0.0,0.0,0.0,0.0,0.0
2023-09-22,0.0,0.0,0.0,0.0,0.0
2023-09-23,0.0,0.0,0.0,0.0,0.0
2023-09-24,0.0,0.0,0.0,0.0,0.0
2023-09-25,0.0,0.0,0.0,0.0,0.0
2023-09-26,0.0,0.0,0.0,0.0,0.0
2023-09-27,0.0,0.0,0.0,0.0,0.0
2023-09-28,0.0,0.0,0.0,0.0,0.0
2023-09-29,0.0,0.0,0.0,0.0,0.0
2023-09-30,0.0,0.0,0.0,0.0,0.0
2023-10-01,0.0,0.0,0.0,0.0,0.0
2023-10-02,0.0,0.0,0.0,0.0,0.0
2023-10-03,0.0,0.0,0.0,0.0,0.0
2023-10-04,0.0,0.0,0.0,0.0,0.0
2023-10-05,0.0,0.0,0.0,0.0,0.0
2023-10-06,0.0,0.0,0.0,0.0,0.0
2023-10-07,0.0,0.0,0.0,0.0,0.0
2023-10-08,0.0,0.0,0.0,0.0,0.0
2023-10-09,0.0,0.0,0.0,0.0,0.0
2023-10-10,0.0,0.0,0.0,0.0,0.0
2023-10-11,0.0,0.0,0.0,0.0,0.0
2023-10-12,0.0,0.0,0.0,0.0,0.0
2023-10-13,0.0,0.0,0.0,0.0,0.0
2023-10-14,0.0,0.0,0.0,0.0,0.0
2023-10-15,0.0,0.0,0.0,0.0,0.0
2023-10-16,0.0,0.0,0.0,0.0,0.0
2023-10-17,0.0,0.0,0.0,0.0,0.0
2023-10-18,0.0,0.0,0.0,0.0,0.0
2023-10-19,0.0,0.0,0.0,0.0,0.0
2023-10-20,0.0,0.0,0.0,0.0,0.0
2023-10-21,0.0,0.0,0.0,0.0,0.0
2023-10-22,0.007,18.06,6.33,0.08,11.65
2023-10-23,0.021,18.68,9.86,0.0,8.82
2023-10-24,0.002,12.22,10.46,0.0,1.76
2023-10-25,0.0,10.8,10.28,0.0,0.38
2023-10-26,0.0,8.68,8.35,0.0,0.5
2023-10-27,0.0,11.57,9.02,0.0,0.73
2023-10-28,0.0,11.57,14.05,0.0,1.2
2023-10-29,0.0,0.0,6.03,0.0,0.55
2023-10-30,0.0,0.0,5.44,0.0,0.56
2023-10-31,0.0,0.0,4.55,0.0,0.48
2023-11-01,0.0,0.0,0.0,0.0,0.0
2023-11-02,0.0,0.0,0.0,0.0,0.0
2023-11-03,0.0,0.0,0.0,0.0,0.0
2023-11-04,0.0,0.0,0.0,0.0,0.0
2023-11-05,0.0,7.12,3.77,0.06,2.96
2023-11-06,0.016,26.32,10.99,0.05,15.29
2023-11-07,0.003,17.09,11.63,0.0,5.46
2023-11-08,0.0,12.02,11.2,0.0,0.88
2023-11-09,0.0,11.57,11.95,0.0,0.51
2023-11-10,0.0,11.57,11.31,0.0,0.57
2023-11-11,0.0,11.57,13.3,0.0,0.69
2023-11-12,0.0,23.15,24.06,0.0,1.23
2023-11-13,0.0,23.15,19.21,0.0,0.96
2023-11-14,0.0,11.57,12.85,0.0,0.59
2023-11-15,0.0,11.57,9.64,0.0,0.44
2023-11-16,0.0,0.0,0.0,0.0,0.0
2023-11-17,0.0,11.57,8.1,0.0,0.41
2023-11-18,0.057,32.98,10.38,0.02,22.58
2023-11-19,0.011,20.1,11.94,0.0,8.17
2023-11-20,0.001,13.06,11.81,0.0,1.28
2023-11-21,0.0,12.54,12.11,0.0,0.6
2023-11-22,0.0,12.94,12.44,0.0,0.71
2023-11-23,0.0,12.4,12.45,0.0,0.72
2023-11-24,0.0,14.47,13.11,0.0,0.76
2023-11-25,0.0,13.68,12.88,0.0,0.75
2023-11-26,0.0,13.89,12.84,0.0,0.74
2023-11-27,0.0,12.73,11.92,0.0,0.7
2023-11-28,0.0,12.86,12.09,0.0,0.7
2023-11-29,0.025,27.2,10.12,0.01,17.07
2023-11-30,0.004,17.25,11.45,0.0,5.79
2023-12-01,0.0,12.33,11.58,0.0,0.92
2023-12-02,0.0,13.62,12.75,0.0,0.72
2023-12-03,0.0,12.3,11.42,0.0,0.67
2023-12-04,0.0,12.46,12.33,0.0,0.74
2023-12-05,0.0,13.68,13.27,0.0,0.79
2023-12-06,0.037,39.94,8.33,0.05,31.57
2023-12-07,0.042,33.98,10.93,0.0,23.05
2023-12-08,0.005,14.45,11.05,0.0,3.41
2023-12-09,0.001,11.85,11.1,0.0,0.73
2023-12-10,0.0,11.83,11.13,0.0,0.63
2023-12-11,0.0,11.9,11.36,0.0,0.73
2023-12-12,0.0,12.32,11.49,0.0,0.74
2023-12-13,0.0,11.99,11.4,0.0,0.74
2023-12-14,0.0,12.5,11.3,0.0,0.73
2023-12-15,0.0,12.68,11.78,0.0,0.75
2023-12-16,0.0,11.57,11.02,0.0,0.7
2023-12-17,0.0,11.57,11.18,0.0,0.72
2023-12-18,0.149,56.78,10.56,0.06,46.16
2023-12-19,0.121,35.3,11.3,0.02,23.98
2023-12-20,0.069,27.06,10.76,0.01,16.29
2023-12-21,0.036,18.72,12.16,0.0,6.57
2023-12-22,0.021,13.44,12.57,0.0,0.87
2023-12-23,0.017,13.52,12.78,0.0,0.75
2023-12-24,0.013,13.54,12.8,0.0,0.74
2023-12-25,0.009,13.78,13.04,0.0,0.74
2023-12-26,0.003,13.88,13.3,0.0,0.6
2023-12-27,0.006,19.37,9.21,0.01,10.15
2023-12-28,0.012,20.27,11.71,0.0,8.56
2023-12-29,0.048,44.12,8.77,0.08,35.27
2023-12-30,0.182,54.87,10.91,0.15,43.81
2023-12-31,0.052,17.2,11.97,0.0,5.23
2024-01-01,0.038,12.85,11.99,0.0,0.87
2024-01-02,0.07,36.17,11.01,0.03,25.13
2024-01-03,0.087,26.27,11.87,0.0,14.4
2024-01-04,0.061,13.46,12.21,0.0,1.25
2024-01-05,0.055,13.04,12.23,0.0,0.81
2024-01-06,0.055,17.55,12.2,0.0,5.34
2024-01-07,0.05,14.34,12.45,0.0,1.89
2024-01-08,0.046,13.28,12.46,0.0,0.82
2024-01-09,0.032,12.97,12.21,0.0,0.76
2024-01-10,0.04,13.6,12.53,0.0,1.08
2024-01-11,0.036,13.34,12.54,0.0,0.8
2024-01-12,0.034,13.31,12.53,0.0,0.79
2024-01-13,0.176,131.62,10.8,0.44,120.38
2024-01-14,0.137,40.07,12.26,0.0,27.81
2024-01-15,0.099,14.34,12.57,0.0,1.77
2024-01-16,0.132,33.62,11.66,0.05,21.92
2024-01-17,0.149,27.97,12.32,0.0,15.65
2024-01-18,0.119,13.94,12.53,0.0,1.42
2024-01-19,0.102,13.52,12.62,0.0,0.9
2024-01-20,0.112,18.93,12.01,0.01,6.91
2024-01-21,0.165,40.71,11.2,0.36,29.15
2024-01-22,0.328,67.27,11.82,0.13,55.31
2024-01-23,0.256,16.81,12.35,0.0,4.45
2024-01-24,0.409,44.94,11.81,0.53,32.6
2024-01-25,0.347,17.45,12.43,0.01,5.01
2024-01-26,0.336,13.59,12.3,0.01,1.28
2024-01-27,0.283,13.62,12.51,0.01,1.1
2024-01-28,0.27,13.38,12.31,0.0,1.06
2024-01-29,0.243,13.51,12.45,0.0,1.06
2024-01-30,0.211,13.46,12.42,0.0,1.03
2024-01-31,0.288,37.0,11.37,0.17,25.46
2024-02-01,0.541,31.64,11.76,1.29,18.58
2024-02-02,0.501,14.84,12.08,0.14,2.63
2024-02-03,0.458,14.32,11.93,0.2,2.2
2024-02-04,1.347,128.39,11.25,46.49,70.66
2024-02-05,1.842,31.98,11.88,8.53,11.57
2024-02-06,1.771,14.96,12.02,1.26,1.68
2024-02-07,1.793,24.97,11.92,5.63,7.41
2024-02-08,1.942,18.13,12.17,2.57,3.39
2024-02-09,1.729,14.42,12.21,0.96,1.26
2024-02-10,1.494,14.24,12.23,0.87,1.14
2024-02-11,1.314,14.21,12.21,0.86,1.14
2024-02-12,1.173,14.22,12.22,0.86,1.14
2024-02-13,1.047,14.23,12.23,0.86,1.14
2024-02-14,0.988,14.22,12.22,0.86,1.14
2024-02-15,0.867,14.24,12.28,0.83,1.14
2024-02-16,0.755,14.06,12.25,0.67,1.14
2024-02-17,0.791,36.28,11.88,10.29,14.11
2024-02-18,1.1,55.2,11.46,18.82,24.92
2024-02-19,1.773,55.55,11.69,18.94,24.92
2024-02-20,1.82,19.96,11.85,3.5,4.61
2024-02-21,1.739,16.15,11.99,1.8,2.37
2024-02-22,1.535,14.15,12.03,0.92,1.2
2024-02-23,1.332,14.07,12.06,0.87,1.14
2024-02-24,1.194,14.06,12.06,0.86,1.14
2024-02-25,1.022,14.1,12.1,0.86,1.14
2024-02-26,0.91,14.07,12.07,0.86,1.14
2024-02-27,0.751,13.92,12.13,0.65,1.14
2024-02-28,0.627,13.57,12.07,0.37,1.14
2024-02-29,0.606,13.41,12.05,0.2,1.17
2024-03-01,0.61,31.41,11.62,4.46,15.33
2024-03-02,1.113,42.93,11.8,11.38,19.75
2024-03-03,1.317,17.46,12.14,2.21,3.11
2024-03-04,1.406,15.24,12.34,1.25,1.65
2024-03-05,1.273,14.49,12.45,0.88,1.16
2024-03-06,1.109,16.6,12.31,1.85,2.44
2024-03-07,0.972,15.21,12.03,1.35,1.83
2024-03-08,0.819,13.89,11.98,0.73,1.18
2024-03-09,0.754,13.7,11.96,0.6,1.14
2024-03-10,0.683,13.63,12.02,0.47,1.14
2024-03-11,0.576,13.39,12.03,0.23,1.14
2024-03-12,0.509,13.25,12.01,0.1,1.14
2024-03-13,0.407,13.28,12.12,0.03,1.13
2024-03-14,0.31,13.31,12.2,0.01,1.11
2024-03-15,0.25,13.24,12.17,0.0,1.07
2024-03-16,0.222,13.13,12.08,0.0,1.05
2024-03-17,0.187,13.13,12.11,0.0,1.01
2024-03-18,0.157,13.08,12.11,0.0,0.97
2024-03-19,0.128,13.07,12.14,0.0,0.93
2024-03-20,0.103,13.02,12.13,0.0,0.88
2024-03-21,0.083,12.98,12.13,0.0,0.85
2024-03-22,0.088,21.29,10.87,0.04,10.38
2024-03-23,0.238,27.82,11.16,0.02,16.64
2024-03-24,0.207,13.66,11.69,0.0,1.97
2024-03-25,0.19,12.7,11.66,0.0,1.04
2024-03-26,0.156,12.74,11.77,0.0,0.97
2024-03-27,0.134,12.5,11.58,0.0,0.92
2024-03-28,0.118,12.75,11.84,0.0,0.9
2024-03-29,0.118,17.76,11.18,0.01,6.57
2024-03-30,0.126,14.11,11.56,0.0,2.55
2024-03-31,0.103,12.52,11.6,0.0,0.92
2024-04-01,0.088,12.45,11.6,0.0,0.85
2024-04-02,0.071,12.34,11.51,0.0,0.82
2024-04-03,0.052,12.34,11.54,0.0,0.8
2024-04-04,0.081,33.66,9.93,0.02,23.71
2024-04-05,0.127,19.19,12.32,0.0,6.87
2024-04-06,0.099,13.28,12.22,0.0,1.06
2024-04-07,0.082,13.08,12.22,0.0,0.85
2024-04-08,0.064,13.04,12.23,0.0,0.82
2024-04-09,0.048,12.99,12.2,0.0,0.79
2024-04-10,0.034,12.93,12.17,0.0,0.77
2024-04-11,0.02,12.85,12.11,0.0,0.74
2024-04-12,0.007,12.49,11.88,0.0,0.63
2024-04-13,0.056,38.81,10.43,0.02,28.36
2024-04-14,0.123,45.55,11.1,0.05,34.4
2024-04-15,0.152,37.46,11.43,0.04,25.98
2024-04-16,0.129,16.0,12.12,0.0,3.87
2024-04-17,0.154,16.76,12.04,0.01,4.71
2024-04-18,0.122,13.47,12.39,0.0,1.08
2024-04-19,0.098,13.33,12.44,0.0,0.89
2024-04-20,0.079,13.3,12.45,0.0,0.85
2024-04-21,0.06,13.29,12.48,0.0,0.81
2024-04-22,0.041,13.42,12.64,0.0,0.79
2024-04-23,0.019,13.08,12.37,0.0,0.71
2024-04-24,0.01,13.22,12.5,0.0,0.72
2024-04-25,0.002,13.25,12.7,0.0,0.57
2024-04-26,0.0,13.6,13.02,0.0,0.48
2024-04-27,0.0,14.01,13.08,0.0,0.69
2024-04-28,0.0,14.25,13.44,0.0,0.75
2024-04-29,0.0,12.73,12.4,0.0,0.69
2024-04-30,0.0,13.5,13.87,0.0,0.76
2024-05-01,0.0,14.47,12.12,0.0,0.63
2024-05-02,0.0,23.15,19.37,0.0,0.9
2024-05-03,0.0,0.0,0.0,0.0,0.0
2024-05-04,0.113,57.17,10.44,0.21,46.52
2024-05-05,0.038,33.4,12.21,0.0,21.19
2024-05-06,0.006,14.82,12.56,0.0,2.27
2024-05-07,0.001,13.61,12.92,0.0,0.61
2024-05-08,0.001,13.35,12.87,0.0,0.68
2024-05-09,0.0,13.45,12.66,0.0,0.71
2024-05-10,0.0,13.17,12.52,0.0,0.71
2024-05-11,0.0,13.78,12.92,0.0,0.73
2024-05-12,0.0,13.02,12.74,0.0,0.72
2024-05-13,0.0,13.5,12.77,0.0,0.72
2024-05-14,0.0,12.86,11.98,0.0,0.67
2024-05-15,0.0,11.57,11.6,0.0,0.64
2024-05-16,0.0,15.43,12.7,0.0,0.67
2024-05-17,0.0,11.57,12.87,0.0,0.62
2024-05-18,0.0,0.0,0.0,0.0,0.0
2024-05-19,0.0,0.0,0.0,0.0,0.0
2024-05-20,0.0,0.0,0.0,0.0,0.0
2024-05-21,0.0,0.0,0.0,0.0,0.0
2024-05-22,0.0,0.0,0.0,0.0,0.0
2024-05-23,0.0,0.0,0.0,0.0,0.0
2024-05-24,0.0,0.0,0.0,0.0,0.0
2024-05-25,0.0,0.0,0.0,0.0,0.0
2024-05-26,0.0,0.0,0.0,0.0,0.0
2024-05-27,0.0,0.0,0.0,0.0,0.0
2024-05-28,0.0,0.0,0.0,0.0,0.0
2024-05-29,0.0,0.0,0.0,0.0,0.0
2024-05-30,0.0,0.0,0.0,0.0,0.0
2024-05-31,0.0,0.0,0.0,0.0,0.0
2024-06-01,0.0,0.0,0.0,0.0,0.0
2024-06-02,0.0,0.0,0.0,0.0,0.0
2024-06-03,0.0,0.0,0.0,0.0,0.0
2024-06-04,0.0,0.0,0.0,0.0,0.0
2024-06-05,0.0,0.0,0.0,0.0,0.0
2024-06-06,0.0,0.0,0.0,0.0,0.0
2024-06-07,0.0,0.0,0.0,0.0,0.0
2024-06-08,0.0,0.0,0.0,0.0,0.0
2024-06-09,0.0,0.0,0.0,0.0,0.0
2024-06-10,0.0,0.0,0.0,0.0,0.0
2024-06-11,0.0,0.0,0.0,0.0,0.0
2024-06-12,0.0,0.0,0.0,0.0,0.0
2024-06-13,0.0,0.0,0.0,0.0,0.0
2024-06-14,0.0,0.0,0.0,0.0,0.0
2024-06-15,0.0,0.0,0.0,0.0,0.0
2024-06-16,0.0,0.0,0.0,0.0,0.0
2024-06-17,0.0,0.0,0.0,0.0,0.0
2024-06-18,0.0,0.0,0.0,0.0,0.0
2024-06-19,0.0,0.0,0.0,0.0,0.0
2024-06-20,0.0,0.0,0.0,0.0,0.0
2024-06-21,0.0,0.0,0.0,0.0,0.0
2024-06-22,0.0,0.0,0.0,0.0,0.0
2024-06-23,0.0,0.0,0.0,0.0,0.0
2024-06-24,0.0,0.0,0.0,0.0,0.0
2024-06-25,0.0,0.0,0.0,0.0,0.0
2024-06-26,0.0,0.0,0.0,0.0,0.0
2024-06-27,0.0,0.0,0.0,0.0,0.0
2024-06-28,0.0,0.0,0.0,0.0,0.0
2024-06-29,0.0,0.0,0.0,0.0,0.0
2024-06-30,0.0,0.0,0.0,0.0,0.0
2024-07-01,0.0,0.0,0.0,0.0,0.0
2024-07-02,0.0,0.0,0.0,0.0,0.0
2024-07-03,0.0,0.0,0.0,0.0,0.0
2024-07-04,0.0,0.0,0.0,0.0,0.0
2024-07-05,0.0,0.0,0.0,0.0,0.0
2024-07-06,0.0,0.0,0.0,0.0,0.0
2024-07-07,0.0,0.0,0.0,0.0,0.0
2024-07-08,0.0,0.0,0.0,0.0,0.0
2024-07-09,0.0,0.0,0.0,0.0,0.0
2024-07-10,0.0,0.0,0.0,0.0,0.0
2024-07-11,0.0,0.0,0.0,0.0,0.0
2024-07-12,0.0,0.0,0.0,0.0,0.0
2024-07-13,0.0,0.0,0.0,0.0,0.0
2024-07-14,0.0,0.0,0.0,0.0,0.0
2024-07-15,0.0,0.0,0.0,0.0,0.0
2024-07-16,0.0,0.0,0.0,0.0,0.0
2024-07-17,0.0,0.0,0.0,0.0,0.0
2024-07-18,0.0,0.0,0.0,0.0,0.0
2024-07-19,0.0,0.0,0.0,0.0,0.0
2024-07-20,0.0,0.0,0.0,0.0,0.0
2024-07-21,0.0,0.0,0.0,0.0,0.0
2024-07-22,0.0,0.0,0.0,0.0,0.0
2024-07-23,0.0,0.0,0.0,0.0,0.0
2024-07-24,0.0,0.0,0.0,0.0,0.0
2024-07-25,0.0,0.0,0.0,0.0,0.0
2024-07-26,0.0,0.0,0.0,0.0,0.0
2024-07-27,0.0,0.0,0.0,0.0,0.0
2024-07-28,0.0,0.0,0.0,0.0,0.0
2024-07-29,0.0,0.0,0.0,0.0,0.0
2024-07-30,0.0,0.0,0.0,0.0,0.0
2024-07-31,0.0,0.0,0.0,0.0,0.0
2024-08-01,0.0,0.0,0.0,0.0,0.0
2024-08-02,0.0,0.0,0.0,0.0,0.0
2024-08-03,0.0,0.0,0.0,0.0,0.0
2024-08-04,0.0,0.0,0.0,0.0,0.0
2024-08-05,0.0,0.0,0.0,0.0,0.0
2024-08-06,0.0,0.0,0.0,0.0,0.0
2024-08-07,0.0,0.0,0.0,0.0,0.0
2024-08-08,0.0,0.0,0.0,0.0,0.0
2024-08-09,0.0,0.0,0.0,0.0,0.0
2024-08-10,0.0,0.0,0.0,0.0,0.0
2024-08-11,0.0,0.0,0.0,0.0,0.0
2024-08-12,0.0,0.0,0.0,0.0,0.0
2024-08-13,0.0,0.0,0.0,0.0,0.0
2024-08-14,0.0,0.0,0.0,0.0,0.0
2024-08-15,0.0,0.0,0.0,0.0,0.0
2024-08-16,0.0,0.0,0.0,0.0,0.0
2024-08-17,0.0,0.0,0.0,0.0,0.0
2024-08-18,0.0,0.0,0.0,0.0,0.0
2024-08-19,0.0,0.0,0.0,0.0,0.0
2024-08-20,0.0,0.0,0.0,0.0,0.0
2024-08-21,0.0,0.0,0.0,0.0,0.0
2024-08-22,0.0,0.0,0.0,0.0,0.0
2024-08-23,0.0,0.0,0.0,0.0,0.0
2024-08-24,0.0,0.0,0.0,0.0,0.0
2024-08-25,0.0,0.0,0.0,0.0,0.0
2024-08-26,0.0,0.0,0.0,0.0,0.0
2024-08-27,0.0,0.0,0.0,0.0,0.0
2024-08-28,0.0,0.0,0.0,0.0,0.0
2024-08-29,0.0,0.0,0.0,0.0,0.0
2024-08-30,0.0,0.0,0.0,0.0,0.0
2024-08-31,0.0,0.0,0.0,0.0,0.0
2024-09-01,0.0,0.0,0.0,0.0,0.0
2024-09-02,0.0,0.0,0.0,0.0,0.0
2024-09-03,0.0,0.0,0.0,0.0,0.0
2024-09-04,0.0,0.0,0.0,0.0,0.0
2024-09-05,0.0,0.0,0.0,0.0,0.0
2024-09-06,0.0,0.0,0.0,0.0,0.0
2024-09-07,0.0,0.0,0.0,0.0,0.0
2024-09-08,0.0,0.0,0.0,0.0,0.0
2024-09-09,0.0,0.0,0.0,0.0,0.0
2024-09-10,0.0,0.0,0.0,0.0,0.0
2024-09-11,0.0,0.0,0.0,0.0,0.0
2024-09-12,0.0,0.0,0.0,0.0,0.0
2024-09-13,0.0,0.0,0.0,0.0,0.0
2024-09-14,0.0,0.0,0.0,0.0,0.0
2024-09-15,0.0,0.0,0.0,0.0,0.0
2024-09-16,0.0,0.0,0.0,0.0,0.0
2024-09-17,0.0,0.0,0.0,0.0,0.0
2024-09-18,0.0,0.0,0.0,0.0,0.0
2024-09-19,0.0,0.0,0.0,0.0,0.0
2024-09-20,0.0,0.0,0.0,0.0,0.0
2024-09-21,0.0,0.0,0.0,0.0,0.0
2024-09-22,0.0,0.0,0.0,0.0,0.0
2024-09-23,0.0,0.0,0.0,0.0,0.0
2024-09-24,0.0,0.0,0.0,0.0,0.0
2024-09-25,0.0,0.0,0.0,0.0,0.0
2024-09-26,0.0,0.0,0.0,0.0,0.0
2024-09-27,0.0,0.0,0.0,0.0,0.0
2024-09-28,0.0,0.0,0.0,0.0,0.0
2024-09-29,0.0,0.0,0.0,0.0,0.0
2024-09-30,0.0,0.0,0.0,0.0,0.0
2024-10-01,0.0,0.0,0.0,0.0,0.0
2024-10-02,0.0,0.0,0.0,0.0,0.0
2024-10-03,0.0,0.0,0.0,0.0,0.0
2024-10-04,0.0,0.0,0.0,0.0,0.0
2024-10-05,0.0,0.0,0.0,0.0,0.0
2024-10-06,0.0,0.0,0.0,0.0,0.0
2024-10-07,0.0,0.0,0.0,0.0,0.0
2024-10-08,0.0,0.0,0.0,0.0,0.0
2024-10-09,0.0,0.0,0.0,0.0,0.0
2024-10-10,0.0,0.0,0.0,0.0,0.0
2024-10-11,0.0,0.0,0.0,0.0,0.0
2024-10-12,0.0,0.0,0.0,0.0,0.0
2024-10-13,0.0,0.0,0.0,0.0,0.0
2024-10-14,0.0,0.0,0.0,0.0,0.0
2024-10-15,0.0,0.0,0.0,0.0,0.0
2024-10-16,0.0,0.0,0.0,0.0,0.0
2024-10-17,0.0,0.0,0.0,0.0,0.0
2024-10-18,0.0,0.0,0.0,0.0,0.0
2024-10-19,0.0,0.0,0.0,0.0,0.0
2024-10-20,0.0,0.0,0.0,0.0,0.0
2024-10-21,0.0,0.0,0.0,0.0,0.0
2024-10-22,0.0,0.0,0.0,0.0,0.0
2024-10-23,0.0,0.0,0.0,0.0,0.0
2024-10-24,0.0,0.0,0.0,0.0,0.0
2024-10-25,0.0,0.0,0.0,0.0,0.0
2024-10-26,0.0,0.0,0.0,0.0,0.0
2024-10-27,0.0,0.0,0.0,0.0,0.0
2024-10-28,0.005,25.71,6.13,0.35,19.25
2024-10-29,0.01,25.22,8.96,0.0,16.25
2024-10-30,0.001,11.73,8.91,0.0,2.85
2024-10-31,0.0,8.27,7.59,0.0,0.47
2024-11-01,0.003,17.45,3.82,0.02,13.65
2024-11-02,0.032,28.22,8.88,0.01,19.33
2024-11-03,0.003,14.43,9.68,0.0,4.73
2024-11-04,0.0,10.24,9.25,0.0,0.82
2024-11-05,0.0,8.27,7.6,0.0,0.54
2024-11-06,0.0,11.57,8.84,0.0,0.78
2024-11-07,0.0,7.72,7.84,0.0,0.83
2024-11-08,0.0,7.72,7.7,0.0,0.79
2024-11-09,0.0,7.72,6.65,0.0,0.69
2024-11-10,0.0,11.57,8.38,0.0,0.88
2024-11-11,0.002,19.99,13.15,0.03,6.78
2024-11-12,0.001,17.64,14.64,0.0,3.03
2024-11-13,0.0,13.5,13.23,0.0,0.57
2024-11-14,0.0,7.72,10.44,0.0,0.61
2024-11-15,0.0,11.57,9.13,0.0,0.75
2024-11-16,0.0,5.79,7.71,0.0,0.67
2024-11-17,0.0,11.57,8.04,0.0,0.79
2024-11-18,0.0,11.57,7.91,0.0,0.78
2024-11-19,0.0,11.57,6.05,0.0,0.61
2024-11-20,0.067,49.21,8.19,0.19,40.83
2024-11-21,0.103,45.52,10.58,0.02,34.92
2024-11-22,0.31,158.63,9.58,36.36,112.68
2024-11-23,0.27,119.11,11.36,15.7,92.05
2024-11-24,0.085,20.6,11.0,0.0,9.6
2024-11-25,0.064,11.71,10.68,0.0,1.03
2024-11-26,0.064,11.66,10.83,0.0,0.83
2024-11-27,0.059,11.76,10.96,0.0,0.8
2024-11-28,0.052,11.63,10.84,0.0,0.79
2024-11-29,0.046,11.54,10.75,0.0,0.78
2024-11-30,0.04,11.41,10.64,0.0,0.78
2024-12-01,0.03,11.21,10.46,0.0,0.75
2024-12-02,0.026,10.8,10.03,0.0,0.76
2024-12-03,0.024,10.66,9.9,0.0,0.76
2024-12-04,0.021,10.44,9.68,0.0,0.75
2024-12-05,0.018,10.21,9.46,0.0,0.75
2024-12-06,0.015,10.09,9.34,0.0,0.74
2024-12-07,0.013,9.89,9.15,0.0,0.74
2024-12-08,0.01,9.62,8.87,0.0,0.74
2024-12-09,0.008,9.59,8.86,0.0,0.72
2024-12-10,0.004,8.79,8.09,0.0,0.7
2024-12-11,0.005,5.68,5.19,0.0,0.5
2024-12-12,0.1,52.12,10.34,0.05,41.74
2024-12-13,0.03,15.58,9.98,0.0,5.6
2024-12-14,0.306,110.0,10.03,6.77,93.2
2024-12-15,0.173,32.43,10.74,0.0,21.69
2024-12-16,0.281,38.25,10.12,0.35,27.78
2024-12-17,0.27,17.46,10.67,0.0,6.79
2024-12-18,0.235,12.13,10.75,0.0,1.37
2024-12-19,0.214,11.9,10.85,0.0,1.05
2024-12-20,0.195,11.87,10.86,0.0,1.01
2024-12-21,0.182,11.57,10.59,0.0,0.98
2024-12-22,0.189,12.99,10.32,0.01,2.66
2024-12-23,0.257,15.39,10.41,0.01,4.97
2024-12-24,0.315,19.04,10.36,0.08,8.6
2024-12-25,0.298,12.58,10.6,0.01,1.97
2024-12-26,0.274,11.83,10.39,0.02,1.42
2024-12-27,0.431,26.77,10.13,1.23,15.4
2024-12-28,0.449,12.77,10.54,0.06,2.17
2024-12-29,0.502,24.14,10.33,4.28,9.53
2024-12-30,0.489,14.0,10.46,0.97,2.57
2024-12-31,0.443,11.82,10.48,0.12,1.22
2025-01-01,0.416,11.67,10.49,0.04,1.14
2025-01-02,0.352,11.64,10.49,0.02,1.13
2025-01-03,0.364,11.69,10.51,0.01,1.17
2025-01-04,0.326,11.77,10.6,0.01,1.15
2025-01-05,0.287,11.64,10.53,0.01,1.11
2025-01-06,0.265,11.68,10.58,0.0,1.1
2025-01-07,0.227,11.86,10.78,0.0,1.07
2025-01-08,0.194,11.71,10.71,0.0,1.0
2025-01-09,0.19,11.78,10.77,0.0,1.0
2025-01-10,0.175,11.75,10.78,0.0,0.97
2025-01-11,0.148,11.7,10.76,0.0,0.94
2025-01-12,0.127,11.42,10.53,0.0,0.9
2025-01-13,0.121,11.5,10.61,0.0,0.89
2025-01-14,0.111,11.44,10.57,0.0,0.87
2025-01-15,0.102,11.41,10.55,0.0,0.86
2025-01-16,0.092,11.37,10.53,0.0,0.85
2025-01-17,0.083,11.3,10.47,0.0,0.83
2025-01-18,0.075,11.22,10.4,0.0,0.82
2025-01-19,0.067,11.16,10.35,0.0,0.81
2025-01-20,0.056,11.08,10.28,0.0,0.79
2025-01-21,0.047,10.9,10.11,0.0,0.79
2025-01-22,0.041,10.81,10.03,0.0,0.78
2025-01-23,0.035,10.72,9.95,0.0,0.77
2025-01-24,0.028,10.43,9.66,0.0,0.76
2025-01-25,0.022,10.06,9.31,0.0,0.75
2025-01-26,0.016,9.7,8.96,0.0,0.74
2025-01-27,0.014,9.38,8.63,0.0,0.75
2025-01-28,0.012,9.18,8.44,0.0,0.74
2025-01-29,0.009,8.85,8.1,0.0,0.74
2025-01-30,0.007,8.36,7.65,0.0,0.72
2025-01-31,0.025,22.93,7.79,0.02,15.12
2025-02-01,0.16,37.84,9.32,0.1,28.42
2025-02-02,0.164,19.47,9.51,0.0,9.95
2025-02-03,0.129,11.08,8.98,0.01,2.08
2025-02-04,0.535,65.94,8.9,16.67,40.38
2025-02-05,0.794,30.1,9.52,6.59,13.98
2025-02-06,0.872,17.86,9.58,3.1,5.18
2025-02-07,1.025,15.93,9.86,2.35,3.72
2025-02-08,0.917,12.01,9.92,0.8,1.3
2025-02-09,0.812,11.73,9.94,0.65,1.15
2025-02-10,0.723,11.71,9.97,0.6,1.14
2025-02-11,0.644,11.69,10.0,0.56,1.14
2025-02-12,0.572,12.07,9.88,0.72,1.47
2025-02-13,2.085,107.94,10.93,39.52,57.49
2025-02-14,2.552,27.64,11.99,6.65,9.0
2025-02-15,2.23,14.45,11.8,1.14,1.51
2025-02-16,1.933,13.6,11.57,0.88,1.16
2025-02-17,1.668,13.31,11.31,0.86,1.14
2025-02-18,1.445,13.15,11.15,0.86,1.14
2025-02-19,1.308,13.17,11.17,0.86,1.14
2025-02-20,1.106,13.19,11.24,0.82,1.14
2025-02-21,0.952,13.11,11.2,0.77,1.14
2025-02-22,0.831,13.1,11.26,0.71,1.14
2025-02-23,0.775,13.1,11.31,0.65,1.14
2025-02-24,0.676,13.06,11.4,0.53,1.14
2025-02-25,0.554,12.91,11.49,0.29,1.14
2025-02-26,0.466,12.74,11.57,0.04,1.13
2025-02-27,0.408,12.81,11.66,0.02,1.13
2025-02-28,0.356,12.83,11.7,0.01,1.13
2025-03-01,0.294,12.86,11.74,0.01,1.11
2025-03-02,0.251,12.71,11.63,0.0,1.07
2025-03-03,0.221,12.78,11.73,0.0,1.05
2025-03-04,0.207,12.75,11.72,0.0,1.02
2025-03-05,0.175,12.86,11.87,0.0,0.99
2025-03-06,0.14,12.84,11.91,0.0,0.93
2025-03-07,0.117,12.87,11.97,0.0,0.9
2025-03-08,0.099,12.86,11.99,0.0,0.87
2025-03-09,0.082,12.94,12.09,0.0,0.84
2025-03-10,0.067,12.98,12.16,0.0,0.82
2025-03-11,0.055,13.03,12.23,0.0,0.8
2025-03-12,0.062,22.46,11.38,0.01,11.07
2025-03-13,0.098,16.91,11.43,0.0,5.48
2025-03-14,0.147,23.34,10.46,0.02,12.86
2025-03-15,0.149,12.95,10.87,0.0,2.07
2025-03-16,0.131,11.72,10.79,0.0,0.93
2025-03-17,0.113,12.03,11.15,0.0,0.88
2025-03-18,0.095,12.13,11.27,0.0,0.86
2025-03-19,0.078,12.21,11.37,0.0,0.83
2025-03-20,0.057,11.97,11.18,0.0,0.8
2025-03-21,0.046,11.67,10.89,0.0,0.78
2025-03-22,0.042,11.79,11.01,0.0,0.78
2025-03-23,0.037,11.83,11.05,0.0,0.78
2025-03-24,0.026,11.61,10.87,0.0,0.75
2025-03-25,0.016,10.98,10.25,0.0,0.72
2025-03-26,0.007,9.81,9.13,0.0,0.68
2025-03-27,0.001,8.79,8.24,0.0,0.48
2025-03-28,0.001,8.04,7.36,0.0,0.65
2025-03-29,0.0,9.65,9.44,0.0,0.27
2025-03-30,0.0,0.0,0.0,0.0,0.0
2025-03-31,0.0,0.0,0.0,0.0,0.0
2025-04-01,0.0,23.63,14.35,0.0,9.39
2025-04-02,0.0,19.99,16.66,0.0,3.26
2025-04-03,0.0,17.36,16.69,0.0,0.52
2025-04-04,0.0,0.0,0.0,0.0,0.0
2025-04-05,0.0,0.0,0.0,0.0,0.0
2025-04-06,0.0,0.0,0.0,0.0,0.0
2025-04-07,0.0,0.0,0.0,0.0,0.0
2025-04-08,0.0,0.0,0.0,0.0,0.0
2025-04-09,0.0,0.0,0.0,0.0,0.0
2025-04-10,0.0,0.0,0.0,0.0,0.0
2025-04-11,0.0,0.0,0.0,0.0,0.0
2025-04-12,0.0,0.0,0.0,0.0,0.0
2025-04-13,0.0,0.0,0.0,0.0,0.0
2025-04-14,0.0,0.0,0.0,0.0,0.0
2025-04-15,0.0,0.0,0.0,0.0,0.0
2025-04-16,0.0,0.0,0.0,0.0,0.0
2025-04-17,0.0,0.0,0.0,0.0,0.0
2025-04-18,0.0,0.0,0.0,0.0,0.0
2025-04-19,0.0,0.0,0.0,0.0,0.0
2025-04-20,0.0,0.0,0.0,0.0,0.0
2025-04-21,0.0,0.0,0.0,0.0,0.0
2025-04-22,0.0,0.0,0.0,0.0,0.0
2025-04-23,0.0,0.0,0.0,0.0,0.0
2025-04-24,0.0,0.0,0.0,0.0,0.0
2025-04-25,0.0,0.0,0.0,0.0,0.0
2025-04-26,0.0,0.0,0.0,0.0,0.0
2025-04-27,0.0,0.0,0.0,0.0,0.0
2025-04-28,0.0,0.0,0.0,0.0,0.0
2025-04-29,0.0,0.0,0.0,0.0,0.0
2025-04-30,0.0,0.0,0.0,0.0,0.0
2025-05-01,0.0,0.0,0.0,0.0,0.0
2025-05-02,0.0,0.0,0.0,0.0,0.0
2025-05-03,0.0,0.0,0.0,0.0,0.0
2025-05-04,0.0,0.0,0.0,0.0,0.0
2025-05-05,0.0,0.0,0.0,0.0,0.0
2025-05-06,0.0,0.0,0.0,0.0,0.0
2025-05-07,0.0,0.0,0.0,0.0,0.0
2025-05-08,0.0,0.0,0.0,0.0,0.0
2025-05-09,0.0,0.0,0.0,0.0,0.0
2025-05-10,0.0,0.0,0.0,0.0,0.0
2025-05-11,0.0,0.0,0.0,0.0,0.0
2025-05-12,0.019,33.45,10.53,0.87,22.05
2025-05-13,0.004,18.8,11.47,0.0,7.34
2025-05-14,0.0,13.17,11.46,0.0,1.22
2025-05-15,0.0,8.68,9.62,0.0,0.36
2025-05-16,0.0,0.0,0.0,0.0,0.0
2025-05-17,0.0,0.0,0.0,0.0,0.0
2025-05-18,0.0,0.0,0.0,0.0,0.0
2025-05-19,0.0,0.0,0.0,0.0,0.0
2025-05-20,0.0,0.0,0.0,0.0,0.0
2025-05-21,0.0,0.0,0.0,0.0,0.0
2025-05-22,0.0,0.0,0.0,0.0,0.0
2025-05-23,0.0,0.0,0.0,0.0,0.0
2025-05-24,0.0,0.0,0.0,0.0,0.0
2025-05-25,0.0,0.0,0.0,0.0,0.0
2025-05-26,0.0,0.0,0.0,0.0,0.0
2025-05-27,0.0,0.0,0.0,0.0,0.0
2025-05-28,0.0,0.0,0.0,0.0,0.0
2025-05-29,0.0,0.0,0.0,0.0,0.0
2025-05-30,0.0,0.0,0.0,0.0,0.0
2025-05-31,0.0,0.0,0.0,0.0,0.0
2025-06-01,0.0,0.0,0.0,0.0,0.0
2025-06-02,0.0,0.0,0.0,0.0,0.0
2025-06-03,0.0,0.0,0.0,0.0,0.0
2025-06-04,0.0,0.0,0.0,0.0,0.0
2025-06-05,0.0,0.0,0.0,0.0,0.0
2025-06-06,0.0,0.0,0.0,0.0,0.0
2025-06-07,0.0,0.0,0.0,0.0,0.0
2025-06-08,0.0,0.0,0.0,0.0,0.0
2025-06-09,0.0,0.0,0.0,0.0,0.0
2025-06-10,0.0,0.0,0.0,0.0,0.0
2025-06-11,0.0,0.0,0.0,0.0,0.0
2025-06-12,0.0,0.0,0.0,0.0,0.0
2025-06-13,0.0,0.0,0.0,0.0,0.0
2025-06-14,0.0,0.0,0.0,0.0,0.0
2025-06-15,0.0,0.0,0.0,0.0,0.0
2025-06-16,0.0,0.0,0.0,0.0,0.0
2025-06-17,0.0,0.0,0.0,0.0,0.0
2025-06-18,0.0,0.0,0.0,0.0,0.0
2025-06-19,0.0,0.0,0.0,0.0,0.0
2025-06-20,0.0,0.0,0.0,0.0,0.0
2025-06-21,0.0,0.0,0.0,0.0,0.0
2025-06-22,0.0,0.0,0.0,0.0,0.0
2025-06-23,0.0,0.0,0.0,0.0,0.0
2025-06-24,0.0,0.0,0.0,0.0,0.0
2025-06-25,0.0,0.0,0.0,0.0,0.0
2025-06-26,0.0,0.0,0.0,0.0,0.0
2025-06-27,0.0,0.0,0.0,0.0,0.0
2025-06-28,0.0,0.0,0.0,0.0,0.0
2025-06-29,0.0,0.0,0.0,0.0,0.0
2025-06-30,0.0,0.0,0.0,0.0,0.0
2025-07-01,0.0,0.0,0.0,0.0,0.0
2025-07-02,0.0,0.0,0.0,0.0,0.0
2025-07-03,0.0,0.0,0.0,0.0,0.0
2025-07-04,0.0,0.0,0.0,0.0,0.0
2025-07-05,0.0,0.0,0.0,0.0,0.0
2025-07-06,0.0,0.0,0.0,0.0,0.0
2025-07-07,0.0,0.0,0.0,0.0,0.0
2025-07-08,0.0,0.0,0.0,0.0,0.0
2025-07-09,0.0,0.0,0.0,0.0,0.0
2025-07-10,0.0,0.0,0.0,0.0,0.0
2025-07-11,0.0,0.0,0.0,0.0,0.0
2025-07-12,0.0,0.0,0.0,0.0,0.0
2025-07-13,0.0,0.0,0.0,0.0,0.0
2025-07-14,0.0,0.0,0.0,0.0,0.0
2025-07-15,0.0,0.0,0.0,0.0,0.0
2025-07-16,0.0,0.0,0.0,0.0,0.0
2025-07-17,0.0,0.0,0.0,0.0,0.0
2025-07-18,0.0,0.0,0.0,0.0,0.0
2025-07-19,0.0,0.0,0.0,0.0,0.0
2025-07-20,0.0,0.0,0.0,0.0,0.0
2025-07-21,0.0,0.0,0.0,0.0,0.0
2025-07-22,0.0,0.0,0.0,0.0,0.0
2025-07-23,0.0,0.0,0.0,0.0,0.0
2025-07-24,0.0,0.0,0.0,0.0,0.0
2025-07-25,0.0,0.0,0.0,0.0,0.0
2025-07-26,0.0,0.0,0.0,0.0,0.0
2025-07-27,0.0,0.0,0.0,0.0,0.0
2025-07-28,0.0,0.0,0.0,0.0,0.0
2025-07-29,0.0,0.0,0.0,0.0,0.0
2025-07-30,0.0,0.0,0.0,0.0,0.0
2025-07-31,0.0,0.0,0.0,0.0,0.0
2025-08-01,0.0,0.0,0.0,0.0,0.0
2025-08-02,0.0,0.0,0.0,0.0,0.0
2025-08-03,0.0,0.0,0.0,0.0,0.0
2025-08-04,0.0,0.0,0.0,0.0,0.0
2025-08-05,0.0,0.0,0.0,0.0,0.0
2025-08-06,0.0,0.0,0.0,0.0,0.0
2025-08-07,0.0,0.0,0.0,0.0,0.0
2025-08-08,0.0,0.0,0.0,0.0,0.0
2025-08-09,0.0,0.0,0.0,0.0,0.0
2025-08-10,0.0,0.0,0.0,0.0,0.0
2025-08-11,0.0,0.0,0.0,0.0,0.0
2025-08-12,0.0,0.0,0.0,0.0,0.0
2025-08-13,0.0,0.0,0.0,0.0,0.0
2025-08-14,0.0,0.0,0.0,0.0,0.0
2025-08-15,0.0,0.0,0.0,0.0,0.0
2025-08-16,0.0,0.0,0.0,0.0,0.0
2025-08-17,0.0,0.0,0.0,0.0,0.0
2025-08-18,0.0,0.0,0.0,0.0,0.0
2025-08-19,0.0,0.0,0.0,0.0,0.0
2025-08-20,0.0,0.0,0.0,0.0,0.0
2025-08-21,0.0,0.0,0.0,0.0,0.0
2025-08-22,0.0,0.0,0.0,0.0,0.0
2025-08-23,0.0,0.0,0.0,0.0,0.0
2025-08-24,0.0,0.0,0.0,0.0,0.0
2025-08-25,0.0,0.0,0.0,0.0,0.0
2025-08-26,0.0,0.0,0.0,0.0,0.0
2025-08-27,0.0,0.0,0.0,0.0,0.0
2025-08-28,0.0,0.0,0.0,0.0,0.0
2025-08-29,0.0,0.0,0.0,0.0,0.0
2025-08-30,0.0,0.0,0.0,0.0,0.0
2025-08-31,0.0,0.0,0.0,0.0,0.0
2025-09-01,0.0,0.0,0.0,0.0,0.0
2025-09-02,0.0,0.0,0.0,0.0,0.0
2025-09-03,0.0,0.0,0.0,0.0,0.0
2025-09-04,0.0,0.0,0.0,0.0,0.0
2025-09-05,0.0,0.0,0.0,0.0,0.0
2025-09-06,0.0,0.0,0.0,0.0,0.0
2025-09-07,0.0,0.0,0.0,0.0,0.0
2025-09-08,0.0,0.0,0.0,0.0,0.0
2025-09-09,0.0,0.0,0.0,0.0,0.0
2025-09-10,0.0,0.0,0.0,0.0,0.0
2025-09-11,0.0,0.0,0.0,0.0,0.0
2025-09-12,0.0,0.0,0.0,0.0,0.0
2025-09-13,0.0,0.0,0.0,0.0,0.0
2025-09-14,0.0,0.0,0.0,0.0,0.0
2025-09-15,0.0,0.0,0.0,0.0,0.0
2025-09-16,0.0,0.0,0.0,0.0,0.0
2025-09-17,0.0,0.0,0.0,0.0,0.0
2025-09-18,0.0,0.0,0.0,0.0,0.0
2025-09-19,0.0,0.0,0.0,0.0,0.0
2025-09-20,0.0,0.0,0.0,0.0,0.0
2025-09-21,0.0,0.0,0.0,0.0,0.0
2025-09-22,0.0,0.0,0.0,0.0,0.0
2025-09-23,0.0,0.0,0.0,0.0,0.0
2025-09-24,0.0,0.0,0.0,0.0,0.0
2025-09-25,0.003,16.73,6.71,0.03,9.98
2025-09-26,0.0,9.84,7.45,0.0,2.37
2025-09-27,0.0,7.72,7.5,0.0,0.41
2025-09-28,0.0,0.0,0.0,0.0,0.0
2025-09-29,0.0,0.0,0.0,0.0,0.0
2025-09-30,0.0,0.0,0.0,0.0,0.0
