Date,flow_cms,ssc_mg_L,ssc_sand_mg_L,ssc_silt_mg_L,ssc_clay_mg_L
1995-10-01,0.0,0.0,0.0,0.0,0.0
1995-10-02,0.0,0.0,0.0,0.0,0.0
1995-10-03,0.0,0.0,0.0,0.0,0.0
1995-10-04,0.0,0.0,0.0,0.0,0.0
1995-10-05,0.0,0.0,0.0,0.0,0.0
1995-10-06,0.0,0.0,0.0,0.0,0.0
1995-10-07,0.0,0.0,0.0,0.0,0.0
1995-10-08,0.0,0.0,0.0,0.0,0.0
1995-10-09,0.0,0.0,0.0,0.0,0.0
1995-10-10,0.0,0.0,0.0,0.0,0.0
1995-10-11,0.0,0.0,0.0,0.0,0.0
1995-10-12,0.0,0.0,0.0,0.0,0.0
1995-10-13,0.0,0.0,0.0,0.0,0.0
1995-10-14,0.0,0.0,0.0,0.0,0.0
1995-10-15,0.0,0.0,0.0,0.0,0.0
1995-10-16,0.0,0.0,0.0,0.0,0.0
1995-10-17,0.0,0.0,0.0,0.0,0.0
1995-10-18,0.0,0.0,0.0,0.0,0.0
1995-10-19,0.0,0.0,0.0,0.0,0.0
1995-10-20,0.0,0.0,0.0,0.0,0.0
1995-10-21,0.0,0.0,0.0,0.0,0.0
1995-10-22,0.0,0.0,0.0,0.0,0.0
1995-10-23,0.0,0.0,0.0,0.0,0.0
1995-10-24,0.0,0.0,0.0,0.0,0.0
1995-10-25,0.0,0.0,0.0,0.0,0.0
1995-10-26,0.0,0.0,0.0,0.0,0.0
1995-10-27,0.0,0.0,0.0,0.0,0.0
1995-10-28,0.0,0.0,0.0,0.0,0.0
1995-10-29,0.0,0.0,0.0,0.0,0.0
1995-10-30,0.0,0.0,0.0,0.0,0.0
1995-10-31,0.0,15.43,8.89,0.37,6.05
1995-11-01,0.001,19.84,14.23,0.0,5.62
1995-11-02,0.0,11.57,11.48,0.0,0.47
1995-11-03,0.0,11.57,11.85,0.0,0.54
1995-11-04,0.0,0.0,0.0,0.0,0.0
1995-11-05,0.0,0.0,0.0,0.0,0.0
1995-11-06,0.0,0.0,0.0,0.0,0.0
1995-11-07,0.0,0.0,0.0,0.0,0.0
1995-11-08,0.0,0.0,0.0,0.0,0.0
1995-11-09,0.0,0.0,0.0,0.0,0.0
1995-11-10,0.0,0.0,0.0,0.0,0.0
1995-11-11,0.0,0.0,0.0,0.0,0.0
1995-11-12,0.0,0.0,0.0,0.0,0.0
1995-11-13,0.0,0.0,0.0,0.0,0.0
1995-11-14,0.0,0.0,0.0,0.0,0.0
1995-11-15,0.0,0.0,0.0,0.0,0.0
1995-11-16,0.0,0.0,0.0,0.0,0.0
1995-11-17,0.0,0.0,0.0,0.0,0.0
1995-11-18,0.0,0.0,0.0,0.0,0.0
1995-11-19,0.0,0.0,0.0,0.0,0.0
1995-11-20,0.0,0.0,0.0,0.0,0.0
1995-11-21,0.0,0.0,0.0,0.0,0.0
1995-11-22,0.0,0.0,0.0,0.0,0.0
1995-11-23,0.0,0.0,0.0,0.0,0.0
1995-11-24,0.0,0.0,0.0,0.0,0.0
1995-11-25,0.0,0.0,0.0,0.0,0.0
1995-11-26,0.0,0.0,0.0,0.0,0.0
1995-11-27,0.0,0.0,0.0,0.0,0.0
1995-11-28,0.0,0.0,0.0,0.0,0.0
1995-11-29,0.0,0.0,0.0,0.0,0.0
1995-11-30,0.0,0.0,0.0,0.0,0.0
1995-12-01,0.0,0.0,0.0,0.0,0.0
1995-12-02,0.0,0.0,0.0,0.0,0.0
1995-12-03,0.0,0.0,0.0,0.0,0.0
1995-12-04,0.075,34.36,12.96,0.12,21.28
1995-12-05,0.003,17.08,13.78,0.0,3.31
1995-12-06,0.001,14.26,13.35,0.0,0.89
1995-12-07,0.0,13.68,13.01,0.0,0.79
1995-12-08,0.0,14.27,13.39,0.0,0.85
1995-12-09,0.0,13.72,12.99,0.0,0.83
1995-12-10,3.006,337.14,19.32,130.79,187.02
1995-12-11,23.303,571.29,28.32,232.41,310.55
1995-12-12,20.15,1083.13,24.38,456.23,602.52
1995-12-13,10.977,59.98,18.79,17.63,23.56
1995-12-14,8.72,25.33,17.18,3.01,5.13
1995-12-15,11.333,57.6,18.81,16.65,22.14
1995-12-16,8.448,21.28,17.24,1.42,2.62
1995-12-17,7.042,18.27,16.2,0.75,1.32
1995-12-18,7.634,34.61,16.58,7.33,10.7
1995-12-19,6.222,18.42,15.56,0.85,2.01
1995-12-20,5.34,17.01,15.08,0.68,1.26
1995-12-21,5.248,26.65,15.39,3.95,7.31
1995-12-22,4.746,19.59,15.37,0.86,3.35
1995-12-23,4.058,17.39,15.29,0.65,1.44
1995-12-24,3.454,17.12,15.3,0.64,1.18
1995-12-25,2.915,17.02,15.3,0.6,1.13
1995-12-26,2.534,17.0,15.37,0.52,1.11
1995-12-27,2.29,16.95,15.5,0.34,1.11
1995-12-28,2.13,16.74,15.36,0.15,1.24
1995-12-29,3.798,35.33,16.4,5.87,13.07
1995-12-30,3.536,21.46,15.74,1.64,4.08
1995-12-31,2.835,17.5,15.38,0.65,1.47
1996-01-01,2.296,16.95,15.39,0.41,1.15
1996-01-02,2.022,16.61,15.42,0.09,1.1
1996-01-03,1.81,16.64,15.52,0.03,1.09
1996-01-04,1.582,16.68,15.59,0.01,1.08
1996-01-05,1.419,16.76,15.68,0.01,1.07
1996-01-06,1.211,16.81,15.74,0.0,1.06
1996-01-07,1.026,16.84,15.79,0.0,1.05
1996-01-08,0.878,16.93,15.91,0.0,1.02
1996-01-09,0.838,16.98,15.99,0.0,0.99
1996-01-10,0.69,17.19,16.24,0.0,0.95
1996-01-11,0.556,17.21,16.3,0.0,0.91
1996-01-12,0.485,17.22,16.33,0.0,0.89
1996-01-13,0.444,17.3,16.42,0.0,0.88
1996-01-14,0.385,17.46,16.59,0.0,0.86
1996-01-15,6.012,156.64,18.26,55.0,83.39
1996-01-16,9.393,93.56,18.41,31.77,43.38
1996-01-17,9.375,1493.72,18.06,636.34,839.32
1996-01-18,9.536,167.77,17.63,64.67,85.47
1996-01-19,9.53,34.63,17.79,7.25,9.59
1996-01-20,8.552,32.77,16.67,6.87,9.23
1996-01-21,10.974,66.22,18.7,20.49,27.03
1996-01-22,8.354,21.26,17.08,1.78,2.39
1996-01-23,8.6,30.17,16.78,5.71,7.67
1996-01-24,14.281,49.5,19.33,13.02,17.15
1996-01-25,15.857,41.94,20.45,9.28,12.21
1996-01-26,13.282,27.14,19.13,3.46,4.55
1996-01-27,29.085,1932.3,25.29,822.02,1084.99
1996-01-28,19.038,61.88,21.38,17.49,23.02
1996-01-29,14.573,23.87,19.75,1.64,2.48
1996-01-30,17.179,128.56,20.44,45.91,62.21
1996-01-31,31.41,157.6,26.14,55.7,75.76
1996-02-01,22.355,34.93,22.66,2.28,9.99
1996-02-02,17.598,35.83,20.75,1.09,13.99
1996-02-03,22.405,83.41,20.81,22.04,40.56
1996-02-04,63.33,1812.81,32.53,759.99,1020.28
1996-02-05,49.701,119.71,30.42,20.85,68.44
1996-02-06,36.919,118.5,27.41,10.23,80.86
1996-02-07,28.284,126.82,24.99,6.03,95.8
1996-02-08,22.02,131.62,23.11,3.44,105.07
1996-02-09,17.226,134.28,21.46,2.02,110.8
1996-02-10,13.594,137.31,20.01,1.28,116.02
1996-02-11,10.722,140.79,19.16,0.89,120.75
1996-02-12,8.416,145.75,18.33,0.6,126.82
1996-02-13,6.709,149.19,17.44,0.3,131.45
1996-02-14,5.32,151.99,16.46,0.14,135.39
1996-02-15,6.139,173.71,16.33,24.81,132.56
1996-02-16,9.141,118.06,17.65,16.89,83.52
1996-02-17,7.802,87.18,16.87,3.57,66.74
1996-02-18,11.305,508.92,17.55,194.5,296.86
1996-02-19,31.571,555.03,25.46,220.33,309.25
1996-02-20,37.025,91.68,26.18,18.46,47.04
1996-02-21,48.099,243.09,29.69,79.36,134.03
1996-02-22,35.157,73.75,26.78,2.34,44.64
1996-02-23,26.616,81.67,24.35,1.27,56.04
1996-02-24,20.573,87.42,22.43,0.93,64.06
1996-02-25,16.134,91.35,20.85,0.74,69.76
1996-02-26,12.596,95.36,19.57,0.62,75.17
1996-02-27,17.107,237.42,20.25,73.12,144.05
1996-02-28,18.605,81.94,20.76,8.66,52.53
1996-02-29,19.057,70.35,21.28,4.26,44.8
1996-03-01,14.897,69.9,20.15,0.95,48.8
1996-03-02,11.644,76.44,19.02,0.67,56.75
1996-03-03,9.352,81.0,18.16,0.61,62.24
1996-03-04,12.303,77.19,18.58,7.2,51.41
1996-03-05,12.173,63.71,19.01,2.59,42.11
1996-03-06,9.473,65.55,18.08,0.77,46.7
1996-03-07,7.484,70.38,17.29,0.51,52.57
1996-03-08,5.76,76.47,16.4,0.29,59.78
1996-03-09,4.498,82.55,15.4,0.12,67.03
1996-03-10,4.716,79.53,14.89,2.57,62.06
1996-03-11,10.261,107.58,17.5,27.88,62.2
1996-03-12,22.867,351.05,22.53,136.49,192.02
1996-03-13,16.201,52.53,20.53,4.62,27.37
1996-03-14,12.032,53.79,19.12,1.48,33.19
1996-03-15,9.204,59.58,18.01,1.02,40.55
1996-03-16,7.074,64.99,17.13,0.69,47.16
1996-03-17,5.458,70.61,16.19,0.41,54.01
1996-03-18,4.29,75.6,15.24,0.21,60.16
1996-03-19,3.388,81.78,14.59,0.12,67.06
1996-03-20,2.674,87.2,14.44,0.09,72.67
1996-03-21,2.061,93.16,14.3,0.06,78.79
1996-03-22,1.543,100.56,14.06,0.05,86.45
1996-03-23,1.215,104.01,13.86,0.03,90.12
1996-03-24,1.014,108.15,13.7,0.01,94.44
1996-03-25,0.843,114.54,13.45,0.0,101.1
1996-03-26,0.703,120.63,13.15,0.0,107.48
1996-03-27,0.587,125.99,12.71,0.0,113.28
1996-03-28,0.508,127.29,12.55,0.0,114.74
1996-03-29,0.436,128.35,12.32,0.0,116.02
1996-03-30,0.376,127.72,12.29,0.0,115.43
1996-03-31,0.714,112.3,13.54,14.42,84.34
1996-04-01,10.838,398.39,20.55,160.56,217.28
1996-04-02,6.9,67.28,16.04,17.52,33.72
1996-04-03,5.12,31.61,14.82,1.0,15.78
1996-04-04,3.951,32.69,14.34,0.61,17.75
1996-04-05,3.124,37.09,14.25,0.48,22.36
1996-04-06,2.463,42.25,14.21,0.31,27.73
1996-04-07,1.94,47.79,14.13,0.16,33.5
1996-04-08,1.54,53.41,14.03,0.1,39.28
1996-04-09,1.243,58.52,13.92,0.05,44.55
1996-04-10,0.992,64.2,13.82,0.01,50.38
1996-04-11,0.789,70.09,13.71,0.0,56.39
1996-04-12,0.603,78.07,13.32,0.0,64.75
1996-04-13,0.486,82.54,13.14,0.0,69.4
1996-04-14,0.368,88.55,12.75,0.0,75.8
1996-04-15,0.26,94.12,12.42,0.0,81.7
1996-04-16,0.525,57.85,16.21,0.07,41.57
1996-04-17,0.282,58.21,13.39,0.0,44.81
1996-04-18,0.705,38.09,16.58,0.04,21.47
1996-04-19,0.374,33.99,14.15,0.0,19.85
1996-04-20,0.27,31.4,13.83,0.0,17.57
1996-04-21,0.157,28.23,13.25,0.0,14.99
1996-04-22,0.098,18.45,13.24,0.0,5.2
1996-04-23,0.042,14.15,13.1,0.0,1.05
1996-04-24,0.016,13.64,12.94,0.0,0.7
1996-04-25,0.011,14.14,13.35,0.0,0.79
1996-04-26,0.001,14.09,13.83,0.0,0.2
1996-04-27,0.0,15.43,14.81,0.0,0.06
1996-04-28,0.0,11.57,8.9,0.0,0.01
1996-04-29,0.0,0.0,0.0,0.0,0.0
1996-04-30,0.0,0.0,0.0,0.0,0.0
1996-05-01,0.0,0.0,0.0,0.0,0.0
1996-05-02,0.0,0.0,0.0,0.0,0.0
1996-05-03,0.0,0.0,0.0,0.0,0.0
1996-05-04,0.0,0.0,0.0,0.0,0.0
1996-05-05,0.0,0.0,0.0,0.0,0.0
1996-05-06,0.0,0.0,0.0,0.0,0.0
1996-05-07,0.0,0.0,0.0,0.0,0.0
1996-05-08,0.0,0.0,0.0,0.0,0.0
1996-05-09,0.0,0.0,0.0,0.0,0.0
1996-05-10,0.0,0.0,0.0,0.0,0.0
1996-05-11,0.0,0.0,0.0,0.0,0.0
1996-05-12,0.0,0.0,0.0,0.0,0.0
1996-05-13,0.0,0.0,0.0,0.0,0.0
1996-05-14,1.97,74.31,18.5,16.93,38.88
1996-05-15,2.771,84.27,18.08,22.04,44.14
1996-05-16,3.073,88.19,19.9,25.21,43.08
1996-05-17,0.776,43.4,16.33,0.96,26.12
1996-05-18,0.627,34.28,17.29,0.01,16.99
1996-05-19,0.249,17.64,15.09,0.0,2.54
1996-05-20,0.142,14.96,14.05,0.0,0.9
1996-05-21,0.371,28.04,16.35,0.04,11.65
1996-05-22,0.137,17.02,15.2,0.0,1.82
1996-05-23,0.068,14.93,14.13,0.0,0.8
1996-05-24,0.022,15.57,14.89,0.0,0.67
1996-05-25,0.012,15.87,15.12,0.0,0.75
1996-05-26,0.007,16.19,15.41,0.0,0.77
1996-05-27,0.005,16.33,15.54,0.0,0.77
1996-05-28,0.004,16.45,15.72,0.0,0.77
1996-05-29,0.003,16.55,15.75,0.0,0.77
1996-05-30,0.002,16.98,16.18,0.0,0.77
1996-05-31,0.001,17.69,16.89,0.0,0.74
1996-06-01,0.0,17.98,17.38,0.0,0.69
1996-06-02,0.0,22.38,22.02,0.0,0.68
1996-06-03,0.0,23.15,24.19,0.0,0.41
1996-06-04,0.0,11.57,12.69,0.0,0.06
1996-06-05,0.0,0.0,0.0,0.0,0.0
1996-06-06,0.0,0.0,0.0,0.0,0.0
1996-06-07,0.0,0.0,0.0,0.0,0.0
1996-06-08,0.0,0.0,0.0,0.0,0.0
1996-06-09,0.0,0.0,0.0,0.0,0.0
1996-06-10,0.0,0.0,0.0,0.0,0.0
1996-06-11,0.0,0.0,0.0,0.0,0.0
1996-06-12,0.0,0.0,0.0,0.0,0.0
1996-06-13,0.0,0.0,0.0,0.0,0.0
1996-06-14,0.0,0.0,0.0,0.0,0.0
1996-06-15,0.0,0.0,0.0,0.0,0.0
1996-06-16,0.0,0.0,0.0,0.0,0.0
1996-06-17,0.0,0.0,0.0,0.0,0.0
1996-06-18,0.0,0.0,0.0,0.0,0.0
1996-06-19,0.0,0.0,0.0,0.0,0.0
1996-06-20,0.0,0.0,0.0,0.0,0.0
1996-06-21,0.0,0.0,0.0,0.0,0.0
1996-06-22,0.0,0.0,0.0,0.0,0.0
1996-06-23,0.0,0.0,0.0,0.0,0.0
1996-06-24,0.0,0.0,0.0,0.0,0.0
1996-06-25,0.0,0.0,0.0,0.0,0.0
1996-06-26,0.0,0.0,0.0,0.0,0.0
1996-06-27,0.0,0.0,0.0,0.0,0.0
1996-06-28,0.0,0.0,0.0,0.0,0.0
1996-06-29,0.0,0.0,0.0,0.0,0.0
1996-06-30,0.0,0.0,0.0,0.0,0.0
1996-07-01,0.0,0.0,0.0,0.0,0.0
1996-07-02,0.0,0.0,0.0,0.0,0.0
1996-07-03,0.0,0.0,0.0,0.0,0.0
1996-07-04,0.0,0.0,0.0,0.0,0.0
1996-07-05,0.0,0.0,0.0,0.0,0.0
1996-07-06,0.0,0.0,0.0,0.0,0.0
1996-07-07,0.0,0.0,0.0,0.0,0.0
1996-07-08,0.0,0.0,0.0,0.0,0.0
1996-07-09,0.0,0.0,0.0,0.0,0.0
1996-07-10,0.0,0.0,0.0,0.0,0.0
1996-07-11,0.0,0.0,0.0,0.0,0.0
1996-07-12,0.0,0.0,0.0,0.0,0.0
1996-07-13,0.0,0.0,0.0,0.0,0.0
1996-07-14,0.0,0.0,0.0,0.0,0.0
1996-07-15,0.0,0.0,0.0,0.0,0.0
1996-07-16,0.0,0.0,0.0,0.0,0.0
1996-07-17,0.0,0.0,0.0,0.0,0.0
1996-07-18,0.0,0.0,0.0,0.0,0.0
1996-07-19,0.0,0.0,0.0,0.0,0.0
1996-07-20,0.0,0.0,0.0,0.0,0.0
1996-07-21,0.0,0.0,0.0,0.0,0.0
1996-07-22,0.0,0.0,0.0,0.0,0.0
1996-07-23,0.0,0.0,0.0,0.0,0.0
1996-07-24,0.0,0.0,0.0,0.0,0.0
1996-07-25,0.0,0.0,0.0,0.0,0.0
1996-07-26,0.0,0.0,0.0,0.0,0.0
1996-07-27,0.0,0.0,0.0,0.0,0.0
1996-07-28,0.0,0.0,0.0,0.0,0.0
1996-07-29,0.0,0.0,0.0,0.0,0.0
1996-07-30,0.0,0.0,0.0,0.0,0.0
1996-07-31,0.0,0.0,0.0,0.0,0.0
1996-08-01,0.0,0.0,0.0,0.0,0.0
1996-08-02,0.0,0.0,0.0,0.0,0.0
1996-08-03,0.0,0.0,0.0,0.0,0.0
1996-08-04,0.0,0.0,0.0,0.0,0.0
1996-08-05,0.0,0.0,0.0,0.0,0.0
1996-08-06,0.0,0.0,0.0,0.0,0.0
1996-08-07,0.0,0.0,0.0,0.0,0.0
1996-08-08,0.0,0.0,0.0,0.0,0.0
1996-08-09,0.0,0.0,0.0,0.0,0.0
1996-08-10,0.0,0.0,0.0,0.0,0.0
1996-08-11,0.0,0.0,0.0,0.0,0.0
1996-08-12,0.0,0.0,0.0,0.0,0.0
1996-08-13,0.0,0.0,0.0,0.0,0.0
1996-08-14,0.0,0.0,0.0,0.0,0.0
1996-08-15,0.0,0.0,0.0,0.0,0.0
1996-08-16,0.0,0.0,0.0,0.0,0.0
1996-08-17,0.0,0.0,0.0,0.0,0.0
1996-08-18,0.0,0.0,0.0,0.0,0.0
1996-08-19,0.0,0.0,0.0,0.0,0.0
1996-08-20,0.0,0.0,0.0,0.0,0.0
1996-08-21,0.0,0.0,0.0,0.0,0.0
1996-08-22,0.0,0.0,0.0,0.0,0.0
1996-08-23,0.0,0.0,0.0,0.0,0.0
1996-08-24,0.0,0.0,0.0,0.0,0.0
1996-08-25,0.0,0.0,0.0,0.0,0.0
1996-08-26,0.0,0.0,0.0,0.0,0.0
1996-08-27,0.0,0.0,0.0,0.0,0.0
1996-08-28,0.0,0.0,0.0,0.0,0.0
1996-08-29,0.0,0.0,0.0,0.0,0.0
1996-08-30,0.0,0.0,0.0,0.0,0.0
1996-08-31,0.0,0.0,0.0,0.0,0.0
1996-09-01,0.0,0.0,0.0,0.0,0.0
1996-09-02,0.0,0.0,0.0,0.0,0.0
1996-09-03,0.0,0.0,0.0,0.0,0.0
1996-09-04,0.0,0.0,0.0,0.0,0.0
1996-09-05,0.0,0.0,0.0,0.0,0.0
1996-09-06,0.0,0.0,0.0,0.0,0.0
1996-09-07,0.0,0.0,0.0,0.0,0.0
1996-09-08,0.0,0.0,0.0,0.0,0.0
1996-09-09,0.0,0.0,0.0,0.0,0.0
1996-09-10,0.0,0.0,0.0,0.0,0.0
1996-09-11,0.0,0.0,0.0,0.0,0.0
1996-09-12,0.0,0.0,0.0,0.0,0.0
1996-09-13,0.0,0.0,0.0,0.0,0.0
1996-09-14,0.0,0.0,0.0,0.0,0.0
1996-09-15,0.0,0.0,0.0,0.0,0.0
1996-09-16,0.0,0.0,0.0,0.0,0.0
1996-09-17,0.0,0.0,0.0,0.0,0.0
1996-09-18,0.0,0.0,0.0,0.0,0.0
1996-09-19,0.0,0.0,0.0,0.0,0.0
1996-09-20,0.0,0.0,0.0,0.0,0.0
1996-09-21,0.0,0.0,0.0,0.0,0.0
1996-09-22,0.0,0.0,0.0,0.0,0.0
1996-09-23,0.0,0.0,0.0,0.0,0.0
1996-09-24,0.0,0.0,0.0,0.0,0.0
1996-09-25,0.0,0.0,0.0,0.0,0.0
1996-09-26,0.0,0.0,0.0,0.0,0.0
1996-09-27,0.0,0.0,0.0,0.0,0.0
1996-09-28,0.0,0.0,0.0,0.0,0.0
1996-09-29,0.0,0.0,0.0,0.0,0.0
1996-09-30,0.0,0.0,0.0,0.0,0.0
1996-10-01,0.0,0.0,0.0,0.0,0.0
1996-10-02,0.0,0.0,0.0,0.0,0.0
1996-10-03,0.0,0.0,0.0,0.0,0.0
1996-10-04,0.0,0.0,0.0,0.0,0.0
1996-10-05,0.0,0.0,0.0,0.0,0.0
1996-10-06,0.0,0.0,0.0,0.0,0.0
1996-10-07,0.0,0.0,0.0,0.0,0.0
1996-10-08,0.0,0.0,0.0,0.0,0.0
1996-10-09,0.0,0.0,0.0,0.0,0.0
1996-10-10,0.0,0.0,0.0,0.0,0.0
1996-10-11,0.0,0.0,0.0,0.0,0.0
1996-10-12,0.0,0.0,0.0,0.0,0.0
1996-10-13,0.0,0.0,0.0,0.0,0.0
1996-10-14,0.0,0.0,0.0,0.0,0.0
1996-10-15,0.0,0.0,0.0,0.0,0.0
1996-10-16,0.0,0.0,0.0,0.0,0.0
1996-10-17,0.0,0.0,0.0,0.0,0.0
1996-10-18,0.0,0.0,0.0,0.0,0.0
1996-10-19,0.0,0.0,0.0,0.0,0.0
1996-10-20,0.0,0.0,0.0,0.0,0.0
1996-10-21,0.0,0.0,0.0,0.0,0.0
1996-10-22,0.0,0.0,0.0,0.0,0.0
1996-10-23,0.0,0.0,0.0,0.0,0.0
1996-10-24,0.0,0.0,0.0,0.0,0.0
1996-10-25,0.0,0.0,0.0,0.0,0.0
1996-10-26,0.0,0.0,0.0,0.0,0.0
1996-10-27,0.0,0.0,0.0,0.0,0.0
1996-10-28,0.0,0.0,0.0,0.0,0.0
1996-10-29,4.313,257.1,20.19,91.2,145.7
1996-10-30,0.741,84.8,19.94,0.38,64.49
1996-10-31,0.118,48.34,18.43,0.0,29.91
1996-11-01,0.04,20.31,16.13,0.0,4.18
1996-11-02,0.024,15.91,14.95,0.0,0.96
1996-11-03,0.019,15.42,14.61,0.0,0.81
1996-11-04,0.016,15.37,14.55,0.0,0.81
1996-11-05,0.014,15.35,14.55,0.0,0.81
1996-11-06,0.012,15.35,14.53,0.0,0.81
1996-11-07,0.01,15.34,14.54,0.0,0.81
1996-11-08,0.008,15.41,14.61,0.0,0.8
1996-11-09,0.007,15.36,14.54,0.0,0.8
1996-11-10,0.006,15.41,14.59,0.0,0.81
1996-11-11,0.005,15.45,14.67,0.0,0.8
1996-11-12,0.005,15.44,14.64,0.0,0.8
1996-11-13,0.004,15.66,14.84,0.0,0.8
1996-11-14,0.003,15.53,14.73,0.0,0.8
1996-11-15,0.112,34.9,15.65,0.07,19.18
1996-11-16,1.576,131.17,16.58,43.23,71.36
1996-11-17,5.565,170.19,21.34,59.45,89.4
1996-11-18,1.546,71.07,19.14,10.05,41.87
1996-11-19,0.948,47.13,18.06,0.52,28.55
1996-11-20,0.483,30.55,16.95,0.06,13.53
1996-11-21,0.617,34.3,15.98,1.51,16.81
1996-11-22,0.896,43.16,19.79,2.87,20.51
1996-11-23,0.25,18.41,15.67,0.0,2.74
1996-11-24,0.187,15.53,14.62,0.0,0.91
1996-11-25,0.146,15.12,14.3,0.0,0.81
1996-11-26,0.113,15.34,14.53,0.0,0.81
1996-11-27,0.063,14.5,13.74,0.0,0.76
1996-11-28,0.071,14.82,14.0,0.0,0.81
1996-11-29,0.045,14.46,13.7,0.0,0.76
1996-11-30,0.037,14.54,13.76,0.0,0.78
1996-12-01,0.255,43.31,17.11,0.62,25.59
1996-12-02,0.063,16.75,14.89,0.0,1.87
1996-12-03,0.046,14.3,13.5,0.0,0.8
1996-12-04,0.858,100.25,12.89,29.85,57.51
1996-12-05,4.315,145.4,20.53,47.44,77.43
1996-12-06,0.612,57.43,17.19,0.02,40.23
1996-12-07,0.32,20.36,14.65,0.0,5.71
1996-12-08,0.246,14.96,13.8,0.0,1.17
1996-12-09,5.01,124.06,18.13,39.47,66.46
1996-12-10,6.381,149.37,18.78,54.71,75.88
1996-12-11,3.959,58.11,15.34,14.24,28.53
1996-12-12,4.852,53.57,16.25,13.38,23.94
1996-12-13,4.103,36.92,15.78,6.47,14.67
1996-12-14,2.885,17.59,14.22,0.81,2.57
1996-12-15,2.436,15.94,14.01,0.71,1.23
1996-12-16,2.235,15.83,14.07,0.65,1.11
1996-12-17,1.886,15.7,14.18,0.43,1.1
1996-12-18,1.622,15.16,14.0,0.07,1.09
1996-12-19,1.553,15.29,14.16,0.04,1.09
1996-12-20,1.503,15.28,13.56,0.19,1.53
1996-12-21,13.584,391.36,21.89,159.26,210.21
1996-12-22,7.647,57.11,16.59,17.34,23.18
1996-12-23,6.016,21.78,15.12,1.75,4.91
1996-12-24,5.111,17.05,14.65,0.75,1.65
1996-12-25,4.512,17.19,14.65,0.96,1.57
1996-12-26,9.89,201.8,17.7,79.16,104.94
1996-12-27,12.886,100.84,19.43,35.1,46.31
1996-12-28,14.598,427.03,19.86,175.67,231.5
1996-12-29,17.507,171.01,20.76,64.88,85.38
1996-12-30,19.058,75.38,21.25,23.37,30.75
1996-12-31,20.325,47.39,21.5,11.18,14.71
1997-01-01,82.052,6449.12,37.14,2762.69,3649.29
1997-01-02,45.203,145.98,29.32,47.36,69.29
1997-01-03,31.928,63.06,25.9,8.27,28.9
1997-01-04,24.423,94.17,23.33,7.86,62.98
1997-01-05,19.509,127.63,21.47,6.63,99.54
1997-01-06,15.994,156.69,20.21,4.81,131.67
1997-01-07,13.261,177.96,19.39,3.21,155.35
1997-01-08,10.941,194.99,18.54,2.13,174.32
1997-01-09,9.093,207.4,17.87,1.46,188.07
1997-01-10,7.585,218.74,17.3,1.05,200.39
1997-01-11,6.37,229.19,16.73,0.74,211.73
1997-01-12,6.358,211.8,16.53,3.8,191.48
1997-01-13,5.04,223.23,16.05,0.64,206.54
1997-01-14,4.017,242.12,15.91,0.14,226.07
1997-01-15,4.107,207.37,16.12,0.92,190.34
1997-01-16,3.558,203.21,15.98,0.15,187.08
1997-01-17,2.931,211.15,16.01,0.09,195.05
1997-01-18,2.352,227.97,15.98,0.08,211.92
1997-01-19,2.054,235.67,16.0,0.07,219.6
1997-01-20,3.24,154.4,16.15,2.86,135.39
1997-01-21,5.339,125.16,16.03,15.42,93.71
1997-01-22,21.591,703.27,22.17,284.4,396.7
1997-01-23,21.733,114.03,22.51,22.39,69.13
1997-01-24,23.544,1472.77,23.37,601.96,847.44
1997-01-25,57.929,2025.34,31.58,842.6,1151.15
1997-01-26,57.962,712.66,32.32,262.93,417.41
1997-01-27,38.968,182.03,27.95,13.11,140.97
1997-01-28,28.725,209.06,25.02,7.63,176.41
1997-01-29,21.912,226.9,22.94,4.44,199.52
1997-01-30,17.147,237.35,21.24,2.6,213.52
1997-01-31,13.713,244.44,19.86,1.6,222.97
1997-02-01,10.881,252.68,19.05,1.08,232.55
1997-02-02,8.69,262.44,18.29,0.77,243.38
1997-02-03,7.036,267.57,17.48,0.47,249.63
1997-02-04,6.337,252.52,16.64,1.68,234.2
1997-02-05,5.178,255.88,16.01,0.28,239.58
1997-02-06,4.238,268.72,15.18,0.11,253.43
1997-02-07,3.58,278.57,14.77,0.08,263.72
1997-02-08,2.857,298.07,14.66,0.07,283.35
1997-02-09,2.311,308.52,14.62,0.05,293.85
1997-02-10,1.858,317.28,14.54,0.05,302.69
1997-02-11,1.496,324.02,14.51,0.04,309.46
1997-02-12,1.23,341.25,14.37,0.03,326.85
1997-02-13,0.984,378.79,14.06,0.0,364.73
1997-02-14,0.862,383.83,13.98,0.0,369.84
1997-02-15,0.736,397.23,13.81,0.0,383.41
1997-02-16,0.613,417.77,13.58,0.0,404.19
1997-02-17,0.509,437.46,13.26,0.0,424.21
1997-02-18,0.436,440.57,13.25,0.0,427.32
1997-02-19,0.345,461.7,12.48,0.0,449.22
1997-02-20,0.299,422.61,12.76,0.0,409.85
1997-02-21,0.243,403.57,12.52,0.0,391.05
1997-02-22,0.195,383.47,12.43,0.0,371.04
1997-02-23,0.151,364.84,12.37,0.0,352.47
1997-02-24,0.112,345.68,12.39,0.0,333.3
1997-02-25,0.075,326.24,12.45,0.0,313.79
1997-02-26,0.041,301.71,12.62,0.0,289.09
1997-02-27,0.012,231.22,13.19,0.0,218.03
1997-02-28,0.001,76.72,13.44,0.0,63.33
1997-03-01,0.0,29.9,13.8,0.0,15.75
1997-03-02,0.009,19.18,12.33,0.06,6.79
1997-03-03,0.011,13.44,12.54,0.0,0.9
1997-03-04,0.006,14.01,13.28,0.0,0.73
1997-03-05,0.0,13.79,13.57,0.0,0.26
1997-03-06,0.0,14.47,13.27,0.0,0.05
1997-03-07,0.0,0.0,0.0,0.0,0.0
1997-03-08,0.0,0.0,0.0,0.0,0.0
1997-03-09,0.0,0.0,0.0,0.0,0.0
1997-03-10,0.0,0.0,0.0,0.0,0.0
1997-03-11,0.0,0.0,0.0,0.0,0.0
1997-03-12,0.0,0.0,0.0,0.0,0.0
1997-03-13,0.0,0.0,0.0,0.0,0.0
1997-03-14,0.0,0.0,0.0,0.0,0.0
1997-03-15,0.014,21.96,14.69,0.1,7.16
1997-03-16,0.706,35.5,16.46,0.35,18.69
1997-03-17,0.484,26.82,17.67,0.0,9.16
1997-03-18,0.205,16.09,14.61,0.0,1.48
1997-03-19,0.128,14.34,13.52,0.0,0.82
1997-03-20,0.071,13.72,12.98,0.0,0.75
1997-03-21,0.049,13.55,12.8,0.0,0.75
1997-03-22,0.038,13.66,12.89,0.0,0.76
1997-03-23,0.02,13.65,12.94,0.0,0.71
1997-03-24,0.008,14.05,13.35,0.0,0.68
1997-03-25,0.001,14.42,13.75,0.0,0.57
1997-03-26,0.0,14.34,13.5,0.0,0.75
1997-03-27,0.0,15.43,14.2,0.0,0.8
1997-03-28,0.0,11.57,11.53,0.0,0.56
1997-03-29,0.0,0.0,0.0,0.0,0.0
1997-03-30,0.0,0.0,0.0,0.0,0.0
1997-03-31,0.0,0.0,0.0,0.0,0.0
1997-04-01,0.0,0.0,0.0,0.0,0.0
1997-04-02,0.0,0.0,0.0,0.0,0.0
1997-04-03,0.0,0.0,0.0,0.0,0.0
1997-04-04,0.0,0.0,0.0,0.0,0.0
1997-04-05,0.0,0.0,0.0,0.0,0.0
1997-04-06,0.0,0.0,0.0,0.0,0.0
1997-04-07,0.0,0.0,0.0,0.0,0.0
1997-04-08,0.0,0.0,0.0,0.0,0.0
1997-04-09,0.0,0.0,0.0,0.0,0.0
1997-04-10,0.0,0.0,0.0,0.0,0.0
1997-04-11,0.0,0.0,0.0,0.0,0.0
1997-04-12,0.0,0.0,0.0,0.0,0.0
1997-04-13,0.0,0.0,0.0,0.0,0.0
1997-04-14,0.0,0.0,0.0,0.0,0.0
1997-04-15,0.0,0.0,0.0,0.0,0.0
1997-04-16,0.0,0.0,0.0,0.0,0.0
1997-04-17,0.0,0.0,0.0,0.0,0.0
1997-04-18,0.118,38.73,9.53,4.12,25.08
1997-04-19,0.667,62.0,20.58,2.39,39.03
1997-04-20,0.053,34.66,20.09,0.0,14.57
1997-04-21,0.009,22.9,19.53,0.0,3.37
1997-04-22,0.002,18.84,17.99,0.0,0.84
1997-04-23,0.001,17.15,16.41,0.0,0.7
1997-04-24,0.001,16.33,15.57,0.0,0.73
1997-04-25,0.0,17.04,16.13,0.0,0.78
1997-04-26,0.0,18.19,17.95,0.0,0.78
1997-04-27,0.0,23.15,24.78,0.0,0.17
1997-04-28,0.0,0.0,0.0,0.0,0.0
1997-04-29,0.0,0.0,0.0,0.0,0.0
1997-04-30,0.0,0.0,0.0,0.0,0.0
1997-05-01,0.0,0.0,0.0,0.0,0.0
1997-05-02,0.0,0.0,0.0,0.0,0.0
1997-05-03,0.0,0.0,0.0,0.0,0.0
1997-05-04,0.0,0.0,0.0,0.0,0.0
1997-05-05,0.0,0.0,0.0,0.0,0.0
1997-05-06,0.0,0.0,0.0,0.0,0.0
1997-05-07,0.0,0.0,0.0,0.0,0.0
1997-05-08,0.0,0.0,0.0,0.0,0.0
1997-05-09,0.0,0.0,0.0,0.0,0.0
1997-05-10,0.0,0.0,0.0,0.0,0.0
1997-05-11,0.0,0.0,0.0,0.0,0.0
1997-05-12,0.0,0.0,0.0,0.0,0.0
1997-05-13,0.0,0.0,0.0,0.0,0.0
1997-05-14,0.0,0.0,0.0,0.0,0.0
1997-05-15,0.0,0.0,0.0,0.0,0.0
1997-05-16,0.0,0.0,0.0,0.0,0.0
1997-05-17,0.0,0.0,0.0,0.0,0.0
1997-05-18,0.0,0.0,0.0,0.0,0.0
1997-05-19,0.0,0.0,0.0,0.0,0.0
1997-05-20,0.0,0.0,0.0,0.0,0.0
1997-05-21,0.0,0.0,0.0,0.0,0.0
1997-05-22,0.0,0.0,0.0,0.0,0.0
1997-05-23,2.282,376.19,22.67,137.27,216.24
1997-05-24,0.23,154.66,19.92,0.0,134.74
1997-05-25,0.036,62.9,19.5,0.0,43.39
1997-05-26,0.009,24.33,17.62,0.0,6.71
1997-05-27,0.004,17.28,16.15,0.0,1.12
1997-05-28,0.003,16.22,15.44,0.0,0.79
1997-05-29,0.002,15.94,15.14,0.0,0.78
1997-05-30,0.001,16.16,15.3,0.0,0.79
1997-05-31,0.001,16.0,15.19,0.0,0.8
1997-06-01,0.001,16.37,15.61,0.0,0.79
1997-06-02,0.0,15.71,15.1,0.0,0.78
1997-06-03,0.001,21.1,10.31,0.0,10.8
1997-06-04,0.003,18.45,13.89,0.0,4.57
1997-06-05,0.001,15.12,14.32,0.0,0.73
1997-06-06,0.0,15.62,14.89,0.0,0.79
1997-06-07,0.0,14.47,17.38,0.0,0.95
1997-06-08,0.0,23.15,19.26,0.0,1.15
1997-06-09,0.0,0.0,0.0,0.0,0.0
1997-06-10,0.0,0.0,0.0,0.0,0.0
1997-06-11,0.0,0.0,0.0,0.0,0.0
1997-06-12,0.0,0.0,0.0,0.0,0.0
1997-06-13,0.0,0.0,0.0,0.0,0.0
1997-06-14,0.0,0.0,0.0,0.0,0.0
1997-06-15,0.0,0.0,0.0,0.0,0.0
1997-06-16,0.0,0.0,0.0,0.0,0.0
1997-06-17,0.0,0.0,0.0,0.0,0.0
1997-06-18,0.0,0.0,0.0,0.0,0.0
1997-06-19,0.0,0.0,0.0,0.0,0.0
1997-06-20,0.0,0.0,0.0,0.0,0.0
1997-06-21,0.0,0.0,0.0,0.0,0.0
1997-06-22,0.0,0.0,0.0,0.0,0.0
1997-06-23,0.0,0.0,0.0,0.0,0.0
1997-06-24,0.0,0.0,0.0,0.0,0.0
1997-06-25,0.0,0.0,0.0,0.0,0.0
1997-06-26,0.0,0.0,0.0,0.0,0.0
1997-06-27,0.0,0.0,0.0,0.0,0.0
1997-06-28,0.0,0.0,0.0,0.0,0.0
1997-06-29,0.0,0.0,0.0,0.0,0.0
1997-06-30,0.0,0.0,0.0,0.0,0.0
1997-07-01,0.0,0.0,0.0,0.0,0.0
1997-07-02,0.0,0.0,0.0,0.0,0.0
1997-07-03,0.0,0.0,0.0,0.0,0.0
1997-07-04,0.0,0.0,0.0,0.0,0.0
1997-07-05,0.0,0.0,0.0,0.0,0.0
1997-07-06,0.0,0.0,0.0,0.0,0.0
1997-07-07,0.0,0.0,0.0,0.0,0.0
1997-07-08,0.0,0.0,0.0,0.0,0.0
1997-07-09,0.0,0.0,0.0,0.0,0.0
1997-07-10,0.0,0.0,0.0,0.0,0.0
1997-07-11,0.0,0.0,0.0,0.0,0.0
1997-07-12,0.0,0.0,0.0,0.0,0.0
1997-07-13,0.0,0.0,0.0,0.0,0.0
1997-07-14,0.0,0.0,0.0,0.0,0.0
1997-07-15,0.0,0.0,0.0,0.0,0.0
1997-07-16,0.0,0.0,0.0,0.0,0.0
1997-07-17,0.0,0.0,0.0,0.0,0.0
1997-07-18,0.0,0.0,0.0,0.0,0.0
1997-07-19,0.0,0.0,0.0,0.0,0.0
1997-07-20,0.0,0.0,0.0,0.0,0.0
1997-07-21,0.0,0.0,0.0,0.0,0.0
1997-07-22,0.0,0.0,0.0,0.0,0.0
1997-07-23,0.0,0.0,0.0,0.0,0.0
1997-07-24,0.0,0.0,0.0,0.0,0.0
1997-07-25,0.0,0.0,0.0,0.0,0.0
1997-07-26,0.0,0.0,0.0,0.0,0.0
1997-07-27,0.0,0.0,0.0,0.0,0.0
1997-07-28,0.0,0.0,0.0,0.0,0.0
1997-07-29,0.0,0.0,0.0,0.0,0.0
1997-07-30,0.0,0.0,0.0,0.0,0.0
1997-07-31,0.0,0.0,0.0,0.0,0.0
1997-08-01,0.0,0.0,0.0,0.0,0.0
1997-08-02,0.0,0.0,0.0,0.0,0.0
1997-08-03,0.0,0.0,0.0,0.0,0.0
1997-08-04,0.0,0.0,0.0,0.0,0.0
1997-08-05,0.0,0.0,0.0,0.0,0.0
1997-08-06,0.0,0.0,0.0,0.0,0.0
1997-08-07,0.0,0.0,0.0,0.0,0.0
1997-08-08,0.0,0.0,0.0,0.0,0.0
1997-08-09,0.0,0.0,0.0,0.0,0.0
1997-08-10,0.0,0.0,0.0,0.0,0.0
1997-08-11,0.0,0.0,0.0,0.0,0.0
1997-08-12,0.0,0.0,0.0,0.0,0.0
1997-08-13,0.0,0.0,0.0,0.0,0.0
1997-08-14,0.0,0.0,0.0,0.0,0.0
1997-08-15,0.0,0.0,0.0,0.0,0.0
1997-08-16,0.0,0.0,0.0,0.0,0.0
1997-08-17,0.0,0.0,0.0,0.0,0.0
1997-08-18,0.0,0.0,0.0,0.0,0.0
1997-08-19,0.029,6.3,3.58,0.1,2.61
1997-08-20,0.358,37.42,20.8,0.07,16.55
1997-08-21,0.026,25.44,20.77,0.0,4.68
1997-08-22,0.004,21.89,20.74,0.0,1.15
1997-08-23,0.001,20.75,20.49,0.0,0.25
1997-08-24,0.0,18.33,18.49,0.0,0.18
1997-08-25,0.0,17.36,17.13,0.0,0.04
1997-08-26,0.0,0.0,0.0,0.0,0.0
1997-08-27,0.0,0.0,0.0,0.0,0.0
1997-08-28,0.0,0.0,0.0,0.0,0.0
1997-08-29,0.0,0.0,0.0,0.0,0.0
1997-08-30,0.0,0.0,0.0,0.0,0.0
1997-08-31,0.0,0.0,0.0,0.0,0.0
1997-09-01,0.0,0.0,0.0,0.0,0.0
1997-09-02,0.0,0.0,0.0,0.0,0.0
1997-09-03,0.0,0.0,0.0,0.0,0.0
1997-09-04,0.0,0.0,0.0,0.0,0.0
1997-09-05,0.0,0.0,0.0,0.0,0.0
1997-09-06,0.0,0.0,0.0,0.0,0.0
1997-09-07,0.0,0.0,0.0,0.0,0.0
1997-09-08,0.0,0.0,0.0,0.0,0.0
1997-09-09,0.0,0.0,0.0,0.0,0.0
1997-09-10,0.0,0.0,0.0,0.0,0.0
1997-09-11,0.0,0.0,0.0,0.0,0.0
1997-09-12,0.0,0.0,0.0,0.0,0.0
1997-09-13,0.0,0.0,0.0,0.0,0.0
1997-09-14,0.0,0.0,0.0,0.0,0.0
1997-09-15,0.0,0.0,0.0,0.0,0.0
1997-09-16,0.0,0.0,0.0,0.0,0.0
1997-09-17,0.0,0.0,0.0,0.0,0.0
1997-09-18,0.0,0.0,0.0,0.0,0.0
1997-09-19,0.0,0.0,0.0,0.0,0.0
1997-09-20,0.0,0.0,0.0,0.0,0.0
1997-09-21,0.0,0.0,0.0,0.0,0.0
1997-09-22,0.0,0.0,0.0,0.0,0.0
1997-09-23,0.0,0.0,0.0,0.0,0.0
1997-09-24,0.0,0.0,0.0,0.0,0.0
1997-09-25,0.0,0.0,0.0,0.0,0.0
1997-09-26,0.0,0.0,0.0,0.0,0.0
1997-09-27,0.0,0.0,0.0,0.0,0.0
1997-09-28,0.0,0.0,0.0,0.0,0.0
1997-09-29,0.0,0.0,0.0,0.0,0.0
1997-09-30,0.0,0.0,0.0,0.0,0.0
1997-10-01,0.0,0.0,0.0,0.0,0.0
1997-10-02,0.0,0.0,0.0,0.0,0.0
1997-10-03,0.0,0.0,0.0,0.0,0.0
1997-10-04,0.0,0.0,0.0,0.0,0.0
1997-10-05,0.0,0.0,0.0,0.0,0.0
1997-10-06,0.0,0.0,0.0,0.0,0.0
1997-10-07,0.0,0.0,0.0,0.0,0.0
1997-10-08,0.077,26.88,7.12,5.35,14.41
1997-10-09,4.084,232.31,20.37,83.16,128.78
1997-10-10,0.328,120.06,19.74,0.0,100.32
1997-10-11,0.06,51.46,18.78,0.0,32.68
1997-10-12,0.02,20.96,16.71,0.0,4.24
1997-10-13,0.013,16.26,15.31,0.0,0.95
1997-10-14,0.01,15.77,14.98,0.0,0.8
1997-10-15,0.008,15.75,14.95,0.0,0.8
1997-10-16,0.007,15.76,14.96,0.0,0.8
1997-10-17,0.006,15.79,14.99,0.0,0.8
1997-10-18,0.005,15.8,15.0,0.0,0.8
1997-10-19,0.005,15.83,15.02,0.0,0.8
1997-10-20,0.004,15.8,14.99,0.0,0.8
1997-10-21,0.004,15.78,14.98,0.0,0.79
1997-10-22,0.003,15.91,15.1,0.0,0.8
1997-10-23,0.003,15.89,15.01,0.0,0.8
1997-10-24,0.002,16.65,15.81,0.0,0.8
1997-10-25,0.001,15.39,14.68,0.0,0.75
1997-10-26,0.001,15.95,15.15,0.0,0.81
1997-10-27,0.001,15.9,15.05,0.0,0.8
1997-10-28,0.001,16.08,15.43,0.0,0.79
1997-10-29,0.001,16.13,15.2,0.0,0.77
1997-10-30,0.001,15.75,15.05,0.0,0.8
1997-10-31,0.001,16.04,15.26,0.0,0.8
1997-11-01,0.0,16.31,15.39,0.0,0.82
1997-11-02,0.0,16.29,15.49,0.0,0.79
1997-11-03,0.0,15.78,14.67,0.0,0.8
1997-11-04,0.0,17.36,14.78,0.0,0.77
1997-11-05,0.0,11.57,14.11,0.0,0.71
1997-11-06,0.0,11.57,10.78,0.0,0.43
1997-11-07,0.0,0.0,0.0,0.0,0.0
1997-11-08,0.0,0.0,0.0,0.0,0.0
1997-11-09,0.0,0.0,0.0,0.0,0.0
1997-11-10,4.096,500.85,23.36,200.5,276.99
1997-11-11,0.48,198.93,20.05,6.2,172.68
1997-11-12,0.084,88.37,19.07,0.0,69.3
1997-11-13,2.116,86.3,17.78,19.78,48.73
1997-11-14,5.309,210.31,20.13,76.28,113.9
1997-11-15,1.717,105.23,18.19,17.94,69.09
1997-11-16,0.824,36.49,16.5,0.15,19.84
1997-11-17,0.382,19.42,15.1,0.01,4.32
1997-11-18,0.597,91.81,15.13,24.14,52.53
1997-11-19,1.533,96.44,18.44,16.91,61.09
1997-11-20,0.392,24.35,15.48,0.0,8.86
1997-11-21,0.28,15.79,14.47,0.0,1.31
1997-11-22,0.351,31.21,13.37,0.64,17.2
1997-11-23,0.826,41.9,16.46,2.41,23.04
1997-11-24,0.37,20.94,15.26,0.01,5.67
1997-11-25,3.617,192.27,13.59,72.52,106.16
1997-11-26,11.76,1385.39,27.76,583.04,774.59
1997-11-27,3.546,83.84,15.54,23.77,44.53
1997-11-28,2.353,23.95,14.58,1.92,7.45
1997-11-29,2.281,23.34,13.73,3.16,6.46
1997-11-30,6.522,606.92,18.12,251.43,337.37
1997-12-01,3.477,46.89,14.77,11.1,21.02
1997-12-02,2.759,19.47,14.55,1.69,3.23
1997-12-03,2.311,16.51,14.51,0.7,1.3
1997-12-04,1.912,15.75,14.27,0.33,1.15
1997-12-05,3.346,44.06,15.7,7.57,20.78
1997-12-06,3.513,31.69,15.65,4.83,11.21
1997-12-07,14.104,2316.42,20.93,990.02,1305.47
1997-12-08,7.526,151.77,16.5,57.06,78.21
1997-12-09,5.643,26.91,14.94,4.11,7.86
1997-12-10,4.665,17.54,14.66,0.99,1.9
1997-12-11,3.941,16.64,14.72,0.7,1.22
1997-12-12,3.417,16.57,14.77,0.67,1.13
1997-12-13,2.925,16.57,14.78,0.67,1.12
1997-12-14,6.626,61.69,17.03,18.38,26.28
1997-12-15,4.921,23.62,15.49,2.67,5.46
1997-12-16,4.109,17.71,15.28,0.68,1.74
1997-12-17,3.583,17.16,15.31,0.63,1.22
1997-12-18,2.956,17.06,15.32,0.59,1.15
1997-12-19,2.458,16.89,15.31,0.47,1.11
1997-12-20,2.241,16.8,15.41,0.29,1.11
1997-12-21,1.775,16.45,15.31,0.04,1.1
1997-12-22,1.332,16.22,15.15,0.01,1.06
1997-12-23,1.445,16.59,15.5,0.01,1.08
1997-12-24,1.166,16.8,15.73,0.0,1.07
1997-12-25,0.838,16.43,15.43,0.0,1.01
1997-12-26,0.941,16.73,15.69,0.0,1.03
1997-12-27,0.877,16.81,15.8,0.0,1.02
1997-12-28,0.723,17.06,16.08,0.0,0.97
1997-12-29,0.589,17.01,16.09,0.0,0.92
1997-12-30,0.511,16.98,16.08,0.0,0.9
1997-12-31,0.463,17.08,16.2,0.0,0.89
1998-01-01,0.436,17.12,16.24,0.0,0.88
1998-01-02,2.484,57.67,16.95,8.03,32.68
1998-01-03,2.363,29.68,15.47,2.53,11.68
1998-01-04,6.091,102.2,18.04,34.72,49.45
1998-01-05,3.822,26.1,15.64,2.55,7.92
1998-01-06,3.173,18.88,15.21,1.11,2.57
1998-01-07,3.79,23.19,15.62,2.5,5.07
1998-01-08,3.078,17.45,15.18,0.77,1.5
1998-01-09,3.138,25.13,15.35,3.06,6.72
1998-01-10,5.776,48.89,16.6,13.05,19.24
1998-01-11,8.218,200.49,17.35,78.61,104.53
1998-01-12,16.477,193.35,20.71,74.49,98.15
1998-01-13,13.548,34.11,19.5,6.3,8.31
1998-01-14,16.121,79.02,20.36,25.33,33.33
1998-01-15,20.218,53.57,21.89,13.68,18.0
1998-01-16,16.778,26.29,20.5,2.5,3.29
1998-01-17,19.592,219.37,21.81,85.31,112.25
1998-01-18,26.657,2012.58,25.03,856.99,1130.56
1998-01-19,23.578,212.23,23.29,81.58,107.36
1998-01-20,17.792,32.21,21.0,4.84,6.37
1998-01-21,13.766,22.58,19.47,1.34,1.76
1998-01-22,11.036,20.61,18.43,0.94,1.24
1998-01-23,8.926,19.49,17.46,0.88,1.15
1998-01-24,7.322,18.67,16.67,0.87,1.14
1998-01-25,6.056,18.53,16.55,0.84,1.14
1998-01-26,5.327,20.81,16.51,1.82,2.48
1998-01-27,6.212,41.85,16.66,10.84,14.34
1998-01-28,5.076,19.74,16.34,1.37,2.04
1998-01-29,14.971,604.13,20.22,252.12,331.78
1998-01-30,10.348,52.53,18.21,14.82,19.5
1998-01-31,10.077,37.47,17.88,8.45,11.13
1998-02-01,24.293,1636.49,23.65,695.06,917.78
1998-02-02,43.191,1568.41,27.29,663.91,877.21
1998-02-03,120.73,7054.0,43.24,3015.94,3994.8
1998-02-04,63.333,252.94,33.93,58.42,160.59
1998-02-05,58.826,350.39,32.11,73.89,244.39
1998-02-06,66.461,510.85,33.19,132.32,345.34
1998-02-07,77.46,472.99,35.21,110.55,327.23
1998-02-08,71.978,279.39,34.97,13.8,230.62
1998-02-09,54.442,293.3,31.73,4.0,257.57
1998-02-10,39.867,316.71,28.34,2.26,286.11
1998-02-11,35.489,335.97,26.87,21.29,287.81
1998-02-12,29.01,295.97,24.96,3.4,267.6
1998-02-13,23.28,299.43,23.49,1.26,274.67
1998-02-14,43.631,1642.65,28.56,635.84,978.24
1998-02-15,32.446,265.7,26.05,21.97,217.68
1998-02-16,28.356,347.49,24.41,52.03,271.05
1998-02-17,25.843,248.76,24.14,8.08,216.54
1998-02-18,19.332,276.51,22.15,2.25,252.11
1998-02-19,37.022,1076.3,26.63,398.1,651.57
1998-02-20,31.838,236.73,26.04,27.53,183.17
1998-02-21,54.233,2131.92,30.73,863.08,1238.1
1998-02-22,42.913,274.43,28.91,41.77,203.75
1998-02-23,41.255,336.63,27.99,64.47,244.17
1998-02-24,31.281,241.98,25.95,8.08,207.95
1998-02-25,21.834,280.5,23.11,3.72,253.67
1998-02-26,15.713,313.89,20.97,2.25,290.68
1998-02-27,11.513,348.23,19.51,1.42,327.3
1998-02-28,8.425,381.48,18.49,0.84,362.14
1998-03-01,6.36,411.13,17.35,0.4,393.39
1998-03-02,4.844,435.67,16.08,0.22,419.37
1998-03-03,3.575,474.31,14.55,0.14,459.63
1998-03-04,2.894,502.35,13.6,0.09,488.67
1998-03-05,2.661,466.8,13.42,0.98,452.4
1998-03-06,3.491,308.57,14.46,1.34,292.77
1998-03-07,3.015,302.44,14.18,0.28,287.98
1998-03-08,3.155,257.21,14.47,1.49,241.25
1998-03-09,2.495,275.72,14.29,0.16,261.26
1998-03-10,1.865,314.28,14.11,0.08,300.09
1998-03-11,1.432,361.98,13.82,0.06,348.1
1998-03-12,1.161,401.31,13.58,0.04,387.7
1998-03-13,3.378,181.08,16.66,13.48,150.95
1998-03-14,2.597,169.13,15.77,0.45,152.9
1998-03-15,1.922,208.51,15.41,0.15,192.95
1998-03-16,1.437,254.61,15.11,0.08,239.42
1998-03-17,1.114,296.1,14.87,0.01,281.22
1998-03-18,0.858,342.31,14.54,0.0,327.77
1998-03-19,0.662,390.04,14.17,0.0,375.87
1998-03-20,0.512,437.61,13.83,0.0,423.78
1998-03-21,0.394,479.92,13.33,0.0,466.6
1998-03-22,1.471,202.72,16.33,18.95,167.44
1998-03-23,1.698,113.57,14.98,2.07,96.52
1998-03-24,2.691,69.29,14.63,1.56,53.1
1998-03-25,3.337,69.49,15.55,4.08,49.87
1998-03-26,2.421,73.19,14.86,0.57,57.75
1998-03-27,1.754,90.66,14.68,0.18,75.8
1998-03-28,1.337,105.45,14.46,0.01,90.98
1998-03-29,1.032,119.05,14.62,0.0,104.43
1998-03-30,0.75,136.86,14.68,0.0,122.18
1998-03-31,3.304,60.97,15.98,4.87,40.12
1998-04-01,2.858,46.78,15.01,0.75,31.02
1998-04-02,2.23,55.37,14.49,0.46,40.42
1998-04-03,3.871,55.85,15.3,5.68,34.88
1998-04-04,4.854,47.21,15.3,3.27,28.64
1998-04-05,3.809,52.21,14.71,0.73,36.76
1998-04-06,3.221,63.49,14.71,0.58,48.2
1998-04-07,2.483,80.36,14.6,0.45,65.32
1998-04-08,2.066,92.56,14.55,0.2,77.81
1998-04-09,1.608,110.55,14.54,0.12,95.89
1998-04-10,1.186,134.97,14.39,0.01,120.57
1998-04-11,0.887,159.19,14.33,0.0,144.85
1998-04-12,0.883,152.86,13.63,2.04,137.18
1998-04-13,2.807,80.18,17.07,5.75,57.36
1998-04-14,1.817,68.4,15.3,0.05,53.05
1998-04-15,1.363,77.31,15.19,0.01,62.11
1998-04-16,1.001,89.3,15.16,0.0,74.14
1998-04-17,0.745,97.68,15.18,0.0,82.5
1998-04-18,0.549,98.45,15.22,0.0,83.24
1998-04-19,0.398,91.28,15.25,0.0,76.03
1998-04-20,0.274,80.31,15.29,0.0,65.01
1998-04-21,0.16,61.55,15.37,0.0,46.17
1998-04-22,0.124,33.0,13.66,0.01,19.33
1998-04-23,0.103,14.65,12.77,0.0,1.88
1998-04-24,0.087,13.47,12.64,0.0,0.82
1998-04-25,0.059,13.52,12.77,0.0,0.76
1998-04-26,0.028,13.66,12.96,0.0,0.7
1998-04-27,0.007,13.73,13.16,0.0,0.58
1998-04-28,0.001,13.82,13.53,0.0,0.16
1998-04-29,0.0,13.23,12.64,0.0,0.04
1998-04-30,0.0,11.57,8.78,0.0,0.01
1998-05-01,0.004,20.58,11.12,0.06,9.39
1998-05-02,0.013,15.42,12.95,0.0,2.47
1998-05-03,0.009,14.41,13.51,0.01,0.88
1998-05-04,0.467,35.74,20.69,0.1,14.95
1998-05-05,0.088,27.34,20.31,0.0,7.03
1998-05-06,0.02,21.1,19.52,0.0,1.59
1998-05-07,0.006,18.54,17.8,0.0,0.73
1998-05-08,0.002,16.79,16.08,0.0,0.69
1998-05-09,0.0,19.99,19.51,0.0,0.59
1998-05-10,0.0,20.48,20.38,0.0,0.57
1998-05-11,0.0,21.22,20.05,0.0,0.53
1998-05-12,1.248,77.6,17.95,11.17,48.48
1998-05-13,0.402,33.34,17.93,0.0,15.42
1998-05-14,0.149,17.44,14.89,0.0,2.55
1998-05-15,0.085,14.36,13.49,0.0,0.87
1998-05-16,0.038,14.01,13.28,0.0,0.72
1998-05-17,0.03,13.88,13.1,0.0,0.78
1998-05-18,0.013,14.33,13.58,0.0,0.75
1998-05-19,0.004,14.67,13.93,0.0,0.74
1998-05-20,0.001,14.98,14.23,0.0,0.75
1998-05-21,0.001,15.21,14.34,0.0,0.8
1998-05-22,0.0,14.96,14.06,0.0,0.82
1998-05-23,0.0,13.02,13.57,0.0,0.69
1998-05-24,0.0,11.57,14.85,0.0,0.88
1998-05-25,0.0,0.0,0.0,0.0,0.0
1998-05-26,0.0,0.0,0.0,0.0,0.0
1998-05-27,2.052,80.49,18.49,16.68,45.32
1998-05-28,3.627,101.31,19.07,29.58,52.67
1998-05-29,2.03,57.61,18.23,5.97,33.41
1998-05-30,0.526,25.92,16.0,0.0,9.92
1998-05-31,0.274,15.85,14.22,0.0,1.63
1998-06-01,0.176,14.37,13.5,0.0,0.87
1998-06-02,0.116,14.06,13.27,0.0,0.79
1998-06-03,0.105,14.01,13.19,0.0,0.81
1998-06-04,0.079,14.04,13.25,0.0,0.79
1998-06-05,0.05,14.23,13.47,0.0,0.76
1998-06-06,0.034,14.33,13.56,0.0,0.77
1998-06-07,0.019,14.37,13.65,0.0,0.73
1998-06-08,0.014,14.72,13.95,0.0,0.77
1998-06-09,0.006,15.56,14.82,0.0,0.74
1998-06-10,0.003,16.06,15.26,0.0,0.78
1998-06-11,0.002,16.51,15.69,0.0,0.77
1998-06-12,0.001,16.78,15.98,0.0,0.78
1998-06-13,0.001,17.11,16.24,0.0,0.76
1998-06-14,0.001,17.77,16.99,0.0,0.75
1998-06-15,0.0,20.1,19.47,0.0,0.67
1998-06-16,0.0,27.01,26.77,0.0,0.56
1998-06-17,0.0,11.57,12.44,0.0,0.06
1998-06-18,0.0,0.0,0.0,0.0,0.0
1998-06-19,0.0,0.0,0.0,0.0,0.0
1998-06-20,0.0,0.0,0.0,0.0,0.0
1998-06-21,0.0,0.0,0.0,0.0,0.0
1998-06-22,0.0,0.0,0.0,0.0,0.0
1998-06-23,0.0,0.0,0.0,0.0,0.0
1998-06-24,0.0,0.0,0.0,0.0,0.0
1998-06-25,0.0,0.0,0.0,0.0,0.0
1998-06-26,0.0,0.0,0.0,0.0,0.0
1998-06-27,0.0,0.0,0.0,0.0,0.0
1998-06-28,0.0,0.0,0.0,0.0,0.0
1998-06-29,0.0,0.0,0.0,0.0,0.0
1998-06-30,0.0,0.0,0.0,0.0,0.0
1998-07-01,0.0,0.0,0.0,0.0,0.0
1998-07-02,0.0,0.0,0.0,0.0,0.0
1998-07-03,0.0,0.0,0.0,0.0,0.0
1998-07-04,0.0,0.0,0.0,0.0,0.0
1998-07-05,0.0,0.0,0.0,0.0,0.0
1998-07-06,0.0,0.0,0.0,0.0,0.0
1998-07-07,0.0,0.0,0.0,0.0,0.0
1998-07-08,0.0,0.0,0.0,0.0,0.0
1998-07-09,0.0,0.0,0.0,0.0,0.0
1998-07-10,0.0,0.0,0.0,0.0,0.0
1998-07-11,0.0,0.0,0.0,0.0,0.0
1998-07-12,0.0,0.0,0.0,0.0,0.0
1998-07-13,0.0,0.0,0.0,0.0,0.0
1998-07-14,0.0,0.0,0.0,0.0,0.0
1998-07-15,0.0,0.0,0.0,0.0,0.0
1998-07-16,0.0,0.0,0.0,0.0,0.0
1998-07-17,0.0,0.0,0.0,0.0,0.0
1998-07-18,0.0,0.0,0.0,0.0,0.0
1998-07-19,0.0,0.0,0.0,0.0,0.0
1998-07-20,0.0,0.0,0.0,0.0,0.0
1998-07-21,0.0,0.0,0.0,0.0,0.0
1998-07-22,0.0,0.0,0.0,0.0,0.0
1998-07-23,0.0,0.0,0.0,0.0,0.0
1998-07-24,0.0,0.0,0.0,0.0,0.0
1998-07-25,0.0,0.0,0.0,0.0,0.0
1998-07-26,0.0,0.0,0.0,0.0,0.0
1998-07-27,0.0,0.0,0.0,0.0,0.0
1998-07-28,0.0,0.0,0.0,0.0,0.0
1998-07-29,0.0,0.0,0.0,0.0,0.0
1998-07-30,0.0,0.0,0.0,0.0,0.0
1998-07-31,0.0,0.0,0.0,0.0,0.0
1998-08-01,0.0,0.0,0.0,0.0,0.0
1998-08-02,0.0,0.0,0.0,0.0,0.0
1998-08-03,0.0,0.0,0.0,0.0,0.0
1998-08-04,0.0,0.0,0.0,0.0,0.0
1998-08-05,0.0,0.0,0.0,0.0,0.0
1998-08-06,0.0,0.0,0.0,0.0,0.0
1998-08-07,0.0,0.0,0.0,0.0,0.0
1998-08-08,0.0,0.0,0.0,0.0,0.0
1998-08-09,0.0,0.0,0.0,0.0,0.0
1998-08-10,0.0,0.0,0.0,0.0,0.0
1998-08-11,0.0,0.0,0.0,0.0,0.0
1998-08-12,0.0,0.0,0.0,0.0,0.0
1998-08-13,0.0,0.0,0.0,0.0,0.0
1998-08-14,0.0,0.0,0.0,0.0,0.0
1998-08-15,0.0,0.0,0.0,0.0,0.0
1998-08-16,0.0,0.0,0.0,0.0,0.0
1998-08-17,0.0,0.0,0.0,0.0,0.0
1998-08-18,0.0,0.0,0.0,0.0,0.0
1998-08-19,0.0,0.0,0.0,0.0,0.0
1998-08-20,0.0,0.0,0.0,0.0,0.0
1998-08-21,0.0,0.0,0.0,0.0,0.0
1998-08-22,0.0,0.0,0.0,0.0,0.0
1998-08-23,0.0,0.0,0.0,0.0,0.0
1998-08-24,0.0,0.0,0.0,0.0,0.0
1998-08-25,0.0,0.0,0.0,0.0,0.0
1998-08-26,0.0,0.0,0.0,0.0,0.0
1998-08-27,0.0,0.0,0.0,0.0,0.0
1998-08-28,0.0,0.0,0.0,0.0,0.0
1998-08-29,0.0,0.0,0.0,0.0,0.0
1998-08-30,0.0,0.0,0.0,0.0,0.0
1998-08-31,0.0,0.0,0.0,0.0,0.0
1998-09-01,0.0,0.0,0.0,0.0,0.0
1998-09-02,0.0,0.0,0.0,0.0,0.0
1998-09-03,0.0,0.0,0.0,0.0,0.0
1998-09-04,0.0,0.0,0.0,0.0,0.0
1998-09-05,0.0,0.0,0.0,0.0,0.0
1998-09-06,0.0,0.0,0.0,0.0,0.0
1998-09-07,0.0,0.0,0.0,0.0,0.0
1998-09-08,0.0,0.0,0.0,0.0,0.0
1998-09-09,0.0,0.0,0.0,0.0,0.0
1998-09-10,0.0,0.0,0.0,0.0,0.0
1998-09-11,0.0,0.0,0.0,0.0,0.0
1998-09-12,0.0,0.0,0.0,0.0,0.0
1998-09-13,0.0,0.0,0.0,0.0,0.0
1998-09-14,0.0,0.0,0.0,0.0,0.0
1998-09-15,0.0,0.0,0.0,0.0,0.0
1998-09-16,0.0,0.0,0.0,0.0,0.0
1998-09-17,0.0,0.0,0.0,0.0,0.0
1998-09-18,0.0,0.0,0.0,0.0,0.0
1998-09-19,0.0,0.0,0.0,0.0,0.0
1998-09-20,0.0,0.0,0.0,0.0,0.0
1998-09-21,0.0,0.0,0.0,0.0,0.0
1998-09-22,0.0,0.0,0.0,0.0,0.0
1998-09-23,0.0,0.0,0.0,0.0,0.0
1998-09-24,0.0,0.0,0.0,0.0,0.0
1998-09-25,0.0,0.0,0.0,0.0,0.0
1998-09-26,0.0,0.0,0.0,0.0,0.0
1998-09-27,0.0,0.0,0.0,0.0,0.0
1998-09-28,0.0,0.0,0.0,0.0,0.0
1998-09-29,0.0,0.0,0.0,0.0,0.0
1998-09-30,0.0,0.0,0.0,0.0,0.0
1998-10-01,0.0,0.0,0.0,0.0,0.0
1998-10-02,0.0,0.0,0.0,0.0,0.0
1998-10-03,0.0,0.0,0.0,0.0,0.0
1998-10-04,0.0,0.0,0.0,0.0,0.0
1998-10-05,0.0,0.0,0.0,0.0,0.0
1998-10-06,0.0,0.0,0.0,0.0,0.0
1998-10-07,0.0,0.0,0.0,0.0,0.0
1998-10-08,0.0,0.0,0.0,0.0,0.0
1998-10-09,0.0,0.0,0.0,0.0,0.0
1998-10-10,0.0,0.0,0.0,0.0,0.0
1998-10-11,0.0,0.0,0.0,0.0,0.0
1998-10-12,0.0,0.0,0.0,0.0,0.0
1998-10-13,0.0,0.0,0.0,0.0,0.0
1998-10-14,0.0,0.0,0.0,0.0,0.0
1998-10-15,0.0,0.0,0.0,0.0,0.0
1998-10-16,0.0,0.0,0.0,0.0,0.0
1998-10-17,0.0,0.0,0.0,0.0,0.0
1998-10-18,0.0,0.0,0.0,0.0,0.0
1998-10-19,0.0,0.0,0.0,0.0,0.0
1998-10-20,0.0,0.0,0.0,0.0,0.0
1998-10-21,0.0,0.0,0.0,0.0,0.0
1998-10-22,0.0,0.0,0.0,0.0,0.0
1998-10-23,0.0,0.0,0.0,0.0,0.0
1998-10-24,2.371,152.59,20.16,42.92,89.51
1998-10-25,0.268,83.14,19.81,0.0,63.33
1998-10-26,0.042,39.67,19.17,0.0,20.5
1998-10-27,0.012,20.34,17.21,0.0,3.14
1998-10-28,0.006,16.29,15.41,0.0,0.87
1998-10-29,0.005,15.72,14.95,0.0,0.79
1998-10-30,0.004,15.54,14.72,0.0,0.8
1998-10-31,0.004,15.6,14.8,0.0,0.81
1998-11-01,0.003,15.39,14.6,0.0,0.8
1998-11-02,0.003,15.56,14.74,0.0,0.81
1998-11-03,0.003,15.6,14.8,0.0,0.81
1998-11-04,0.002,15.62,14.82,0.0,0.81
1998-11-05,0.002,15.66,14.84,0.0,0.8
1998-11-06,0.002,15.23,14.44,0.0,0.81
1998-11-07,3.696,121.2,19.02,34.99,67.19
1998-11-08,0.402,64.19,19.23,0.0,44.96
1998-11-09,0.087,30.02,17.52,0.0,12.49
1998-11-10,0.035,17.28,15.38,0.0,1.9
1998-11-11,0.29,41.32,16.42,0.61,24.29
1998-11-12,0.046,17.24,15.47,0.0,1.77
1998-11-13,0.026,15.2,14.4,0.0,0.8
1998-11-14,0.019,15.15,14.35,0.0,0.8
1998-11-15,0.016,15.23,14.41,0.0,0.81
1998-11-16,0.013,15.28,14.48,0.0,0.81
1998-11-17,0.351,39.73,16.76,0.39,22.58
1998-11-18,0.05,22.13,17.8,0.0,4.33
1998-11-19,0.017,16.72,15.75,0.0,0.97
1998-11-20,0.011,15.44,14.64,0.0,0.78
1998-11-21,0.024,14.47,9.42,0.01,5.03
1998-11-22,0.145,25.11,18.01,0.01,7.09
1998-11-23,2.271,70.37,17.98,13.26,39.13
1998-11-24,0.695,38.06,18.97,0.04,19.05
1998-11-25,0.118,22.84,16.94,0.0,5.89
1998-11-26,0.064,15.76,14.57,0.0,1.19
1998-11-27,0.042,14.98,14.15,0.0,0.83
1998-11-28,0.044,18.29,16.85,0.0,1.43
1998-11-29,5.243,155.44,18.94,51.82,84.69
1998-11-30,4.518,99.67,18.56,30.74,50.38
1998-12-01,1.47,39.2,16.84,2.4,19.97
1998-12-02,0.851,17.68,14.17,0.0,3.51
1998-12-03,2.245,55.8,16.57,9.55,29.68
1998-12-04,0.993,19.62,14.25,0.01,5.37
1998-12-05,1.213,45.71,14.58,8.15,22.98
1998-12-06,1.405,44.7,16.02,2.69,25.99
1998-12-07,0.917,17.15,14.04,0.0,3.11
1998-12-08,0.805,15.01,13.46,0.0,1.55
1998-12-09,0.712,14.73,13.61,0.0,1.12
1998-12-10,0.636,14.57,13.51,0.0,1.05
1998-12-11,0.591,14.5,13.47,0.0,1.03
1998-12-12,0.517,14.47,13.47,0.0,1.0
1998-12-13,0.461,13.99,12.98,0.0,1.01
1998-12-14,0.414,14.03,13.07,0.0,0.97
1998-12-15,0.378,14.46,13.53,0.0,0.94
1998-12-16,0.297,14.23,13.33,0.0,0.9
1998-12-17,0.287,14.06,13.16,0.0,0.9
1998-12-18,0.279,14.13,13.24,0.0,0.89
1998-12-19,0.244,14.12,13.24,0.0,0.88
1998-12-20,0.16,13.69,12.88,0.0,0.82
1998-12-21,0.139,13.4,12.58,0.0,0.82
1998-12-22,0.152,13.55,12.71,0.0,0.84
1998-12-23,0.148,13.55,12.72,0.0,0.83
1998-12-24,0.134,13.59,12.77,0.0,0.82
1998-12-25,0.118,13.54,12.73,0.0,0.81
1998-12-26,0.109,13.46,12.65,0.0,0.81
1998-12-27,0.102,13.49,12.69,0.0,0.8
1998-12-28,0.094,13.45,12.65,0.0,0.8
1998-12-29,0.083,13.48,12.7,0.0,0.79
1998-12-30,0.069,13.61,12.82,0.0,0.78
1998-12-31,0.045,13.34,12.6,0.0,0.74
1999-01-01,0.044,13.52,12.75,0.0,0.78
1999-01-02,0.035,13.71,12.94,0.0,0.77
1999-01-03,0.01,13.85,13.22,0.0,0.63
1999-01-04,0.013,13.7,12.89,0.0,0.8
1999-01-05,0.006,13.14,12.43,0.0,0.71
1999-01-06,0.011,13.9,13.09,0.0,0.81
1999-01-07,0.006,13.11,12.38,0.0,0.71
1999-01-08,0.004,14.61,13.81,0.0,0.79
1999-01-09,0.0,13.68,13.13,0.0,0.33
1999-01-10,0.0,14.38,13.27,0.0,0.85
1999-01-11,0.0,14.05,13.44,0.0,0.85
1999-01-12,0.0,0.0,0.0,0.0,0.0
1999-01-13,0.0,0.0,0.0,0.0,0.0
1999-01-14,0.0,0.0,0.0,0.0,0.0
1999-01-15,0.123,33.97,11.69,0.8,21.48
1999-01-16,0.819,46.2,18.73,1.85,25.63
1999-01-17,0.667,36.4,18.67,0.09,17.64
1999-01-18,1.937,64.06,18.32,10.3,35.44
1999-01-19,2.844,80.33,18.05,19.97,42.31
1999-01-20,2.682,75.53,18.4,16.44,40.69
1999-01-21,1.138,36.35,17.28,0.11,18.96
1999-01-22,0.649,16.84,13.81,0.0,3.03
1999-01-23,2.5,58.45,16.9,10.17,31.38
1999-01-24,1.022,26.11,15.08,0.01,11.03
1999-01-25,0.709,15.74,13.86,0.0,1.88
1999-01-26,1.202,39.8,15.54,4.43,19.82
1999-01-27,0.752,17.38,14.19,0.0,3.19
1999-01-28,0.625,14.77,13.64,0.0,1.13
1999-01-29,0.555,14.53,13.53,0.0,1.0
1999-01-30,0.49,14.45,13.47,0.0,0.98
1999-01-31,3.92,304.69,18.8,112.82,173.07
1999-02-01,1.193,67.17,15.29,0.01,51.87
1999-02-02,0.813,20.13,13.95,0.0,6.17
1999-02-03,0.685,14.98,13.64,0.0,1.34
1999-02-04,0.561,14.57,13.54,0.0,1.03
1999-02-05,0.49,14.48,13.49,0.0,0.99
1999-02-06,2.772,99.92,15.99,31.16,52.77
1999-02-07,21.851,5570.51,26.69,2391.66,3152.14
1999-02-08,9.312,351.44,17.7,142.83,190.91
1999-02-09,22.884,2399.45,24.06,1023.19,1352.19
1999-02-10,13.411,106.52,20.04,36.86,49.61
1999-02-11,9.306,23.14,17.87,1.76,3.51
1999-02-12,7.115,18.27,16.1,0.79,1.38
1999-02-13,5.878,16.79,14.88,0.74,1.17
1999-02-14,5.36,20.69,14.38,2.26,4.05
1999-02-15,4.5,16.35,14.04,0.79,1.51
1999-02-16,6.651,54.35,15.53,16.16,22.67
1999-02-17,12.686,875.02,19.4,369.07,486.54
1999-02-18,9.975,62.63,17.81,19.27,25.55
1999-02-19,8.324,23.56,16.93,2.72,3.91
1999-02-20,8.537,37.28,16.62,8.71,11.95
1999-02-21,11.015,49.15,18.4,13.22,17.54
1999-02-22,9.546,30.95,17.61,5.71,7.64
1999-02-23,7.752,18.87,16.5,0.97,1.4
1999-02-24,6.443,17.35,15.43,0.72,1.19
1999-02-25,8.61,129.75,17.01,48.49,64.25
1999-02-26,6.747,23.49,15.77,3.16,4.56
1999-02-27,5.531,17.28,15.02,0.78,1.49
1999-02-28,4.725,17.52,15.12,0.89,1.51
1999-03-01,3.93,18.71,15.0,1.47,2.23
1999-03-02,3.256,17.08,15.04,0.74,1.3
1999-03-03,2.872,19.56,14.91,1.74,2.92
1999-03-04,2.493,17.15,15.02,0.67,1.46
1999-03-05,2.1,16.57,15.16,0.26,1.14
1999-03-06,1.865,16.5,15.37,0.03,1.1
1999-03-07,1.415,16.73,15.65,0.01,1.07
1999-03-08,2.142,35.15,15.31,4.79,15.05
1999-03-09,4.401,75.51,16.45,22.13,36.94
1999-03-10,3.05,20.87,14.99,1.22,4.66
1999-03-11,2.291,17.15,14.97,0.55,1.63
1999-03-12,1.81,16.37,15.06,0.16,1.15
1999-03-13,1.459,16.31,15.22,0.01,1.08
1999-03-14,1.408,16.96,15.02,0.05,1.88
1999-03-15,2.15,35.21,15.71,4.19,15.32
1999-03-16,1.552,17.65,15.0,0.02,2.63
1999-03-17,1.221,16.19,14.97,0.01,1.21
1999-03-18,0.963,16.15,15.09,0.0,1.06
1999-03-19,0.871,16.34,14.8,0.0,1.54
1999-03-20,1.058,17.92,14.29,0.03,3.6
1999-03-21,0.984,15.54,14.24,0.0,1.3
1999-03-22,0.806,15.46,14.38,0.0,1.08
1999-03-23,0.634,15.37,14.34,0.0,1.03
1999-03-24,0.969,28.33,13.35,2.88,12.1
1999-03-25,3.994,125.27,17.01,41.31,66.95
1999-03-26,2.122,25.38,14.36,1.62,9.4
1999-03-27,1.525,16.28,13.98,0.39,1.92
1999-03-28,1.192,15.09,13.93,0.02,1.14
1999-03-29,1.008,14.99,13.9,0.01,1.08
1999-03-30,0.813,15.38,14.0,0.0,1.38
1999-03-31,1.248,45.56,15.46,5.34,24.76
1999-04-01,0.873,17.96,14.33,0.0,3.63
1999-04-02,0.651,15.29,14.07,0.0,1.22
1999-04-03,0.481,15.21,14.19,0.0,1.02
1999-04-04,0.293,14.16,13.27,0.0,0.88
1999-04-05,2.478,137.52,17.55,40.16,79.81
1999-04-06,1.427,35.15,15.3,0.02,19.82
1999-04-07,1.009,17.7,14.02,0.0,3.68
1999-04-08,2.34,86.85,16.45,20.52,49.88
1999-04-09,1.16,22.11,14.39,0.01,7.71
1999-04-10,0.957,15.13,13.58,0.0,1.54
1999-04-11,4.815,135.94,17.51,48.11,70.32
1999-04-12,2.664,31.25,14.52,2.32,14.42
1999-04-13,1.883,17.04,13.76,0.58,2.7
1999-04-14,1.398,15.12,13.73,0.17,1.22
1999-04-15,1.033,14.77,13.67,0.01,1.09
1999-04-16,0.851,14.65,13.56,0.0,1.08
1999-04-17,0.676,14.49,13.42,0.0,1.07
1999-04-18,0.531,14.61,13.59,0.0,1.03
1999-04-19,0.404,14.54,13.58,0.0,0.96
1999-04-20,0.303,14.28,13.37,0.0,0.9
1999-04-21,0.207,13.98,13.13,0.0,0.85
1999-04-22,0.167,14.01,13.16,0.0,0.85
1999-04-23,0.05,13.75,13.09,0.0,0.66
1999-04-24,0.06,13.57,12.76,0.0,0.81
1999-04-25,0.041,13.63,12.86,0.0,0.77
1999-04-26,0.014,13.67,13.01,0.0,0.65
1999-04-27,0.005,13.56,12.91,0.0,0.67
1999-04-28,0.0,13.84,13.6,0.0,0.2
1999-04-29,0.0,14.47,15.2,0.0,0.06
1999-04-30,0.0,0.0,0.0,0.0,0.0
1999-05-01,0.0,0.0,0.0,0.0,0.0
1999-05-02,0.0,0.0,0.0,0.0,0.0
1999-05-03,0.0,0.0,0.0,0.0,0.0
1999-05-04,0.0,0.0,0.0,0.0,0.0
1999-05-05,0.0,0.0,0.0,0.0,0.0
1999-05-06,0.0,0.0,0.0,0.0,0.0
1999-05-07,0.0,0.0,0.0,0.0,0.0
1999-05-08,0.0,0.0,0.0,0.0,0.0
1999-05-09,0.0,0.0,0.0,0.0,0.0
1999-05-10,0.0,0.0,0.0,0.0,0.0
1999-05-11,0.0,0.0,0.0,0.0,0.0
1999-05-12,0.0,0.0,0.0,0.0,0.0
1999-05-13,0.0,0.0,0.0,0.0,0.0
1999-05-14,0.0,0.0,0.0,0.0,0.0
1999-05-15,0.0,0.0,0.0,0.0,0.0
1999-05-16,0.0,0.0,0.0,0.0,0.0
1999-05-17,0.0,0.0,0.0,0.0,0.0
1999-05-18,0.0,0.0,0.0,0.0,0.0
1999-05-19,0.0,0.0,0.0,0.0,0.0
1999-05-20,0.0,0.0,0.0,0.0,0.0
1999-05-21,0.0,0.0,0.0,0.0,0.0
1999-05-22,0.0,0.0,0.0,0.0,0.0
1999-05-23,0.0,0.0,0.0,0.0,0.0
1999-05-24,0.0,0.0,0.0,0.0,0.0
1999-05-25,0.0,0.0,0.0,0.0,0.0
1999-05-26,0.0,0.0,0.0,0.0,0.0
1999-05-27,0.0,0.0,0.0,0.0,0.0
1999-05-28,0.0,0.0,0.0,0.0,0.0
1999-05-29,0.0,0.0,0.0,0.0,0.0
1999-05-30,0.0,0.0,0.0,0.0,0.0
1999-05-31,0.0,0.0,0.0,0.0,0.0
1999-06-01,0.0,0.0,0.0,0.0,0.0
1999-06-02,0.0,0.0,0.0,0.0,0.0
1999-06-03,0.0,0.0,0.0,0.0,0.0
1999-06-04,0.0,0.0,0.0,0.0,0.0
1999-06-05,0.0,0.0,0.0,0.0,0.0
1999-06-06,0.0,0.0,0.0,0.0,0.0
1999-06-07,0.0,0.0,0.0,0.0,0.0
1999-06-08,0.0,0.0,0.0,0.0,0.0
1999-06-09,0.0,0.0,0.0,0.0,0.0
1999-06-10,0.0,0.0,0.0,0.0,0.0
1999-06-11,0.0,0.0,0.0,0.0,0.0
1999-06-12,0.0,0.0,0.0,0.0,0.0
1999-06-13,0.0,0.0,0.0,0.0,0.0
1999-06-14,0.0,0.0,0.0,0.0,0.0
1999-06-15,0.0,0.0,0.0,0.0,0.0
1999-06-16,0.0,0.0,0.0,0.0,0.0
1999-06-17,0.0,0.0,0.0,0.0,0.0
1999-06-18,0.0,0.0,0.0,0.0,0.0
1999-06-19,0.0,0.0,0.0,0.0,0.0
1999-06-20,0.0,0.0,0.0,0.0,0.0
1999-06-21,0.0,0.0,0.0,0.0,0.0
1999-06-22,0.0,0.0,0.0,0.0,0.0
1999-06-23,0.0,0.0,0.0,0.0,0.0
1999-06-24,0.0,0.0,0.0,0.0,0.0
1999-06-25,0.0,0.0,0.0,0.0,0.0
1999-06-26,0.0,0.0,0.0,0.0,0.0
1999-06-27,0.0,0.0,0.0,0.0,0.0
1999-06-28,0.0,0.0,0.0,0.0,0.0
1999-06-29,0.0,0.0,0.0,0.0,0.0
1999-06-30,0.0,0.0,0.0,0.0,0.0
1999-07-01,0.0,0.0,0.0,0.0,0.0
1999-07-02,0.0,0.0,0.0,0.0,0.0
1999-07-03,0.0,0.0,0.0,0.0,0.0
1999-07-04,0.0,0.0,0.0,0.0,0.0
1999-07-05,0.0,0.0,0.0,0.0,0.0
1999-07-06,0.0,0.0,0.0,0.0,0.0
1999-07-07,0.0,0.0,0.0,0.0,0.0
1999-07-08,0.0,0.0,0.0,0.0,0.0
1999-07-09,0.0,0.0,0.0,0.0,0.0
1999-07-10,0.0,0.0,0.0,0.0,0.0
1999-07-11,0.0,0.0,0.0,0.0,0.0
1999-07-12,0.0,0.0,0.0,0.0,0.0
1999-07-13,0.0,0.0,0.0,0.0,0.0
1999-07-14,0.0,0.0,0.0,0.0,0.0
1999-07-15,0.0,0.0,0.0,0.0,0.0
1999-07-16,0.0,0.0,0.0,0.0,0.0
1999-07-17,0.0,0.0,0.0,0.0,0.0
1999-07-18,0.0,0.0,0.0,0.0,0.0
1999-07-19,0.0,0.0,0.0,0.0,0.0
1999-07-20,0.0,0.0,0.0,0.0,0.0
1999-07-21,0.0,0.0,0.0,0.0,0.0
1999-07-22,0.0,0.0,0.0,0.0,0.0
1999-07-23,0.0,0.0,0.0,0.0,0.0
1999-07-24,0.0,0.0,0.0,0.0,0.0
1999-07-25,0.0,0.0,0.0,0.0,0.0
1999-07-26,0.0,0.0,0.0,0.0,0.0
1999-07-27,0.0,0.0,0.0,0.0,0.0
1999-07-28,0.0,0.0,0.0,0.0,0.0
1999-07-29,0.0,0.0,0.0,0.0,0.0
1999-07-30,0.0,0.0,0.0,0.0,0.0
1999-07-31,0.0,0.0,0.0,0.0,0.0
1999-08-01,0.0,0.0,0.0,0.0,0.0
1999-08-02,0.0,0.0,0.0,0.0,0.0
1999-08-03,0.0,0.0,0.0,0.0,0.0
1999-08-04,0.0,0.0,0.0,0.0,0.0
1999-08-05,0.0,0.0,0.0,0.0,0.0
1999-08-06,0.0,0.0,0.0,0.0,0.0
1999-08-07,0.0,0.0,0.0,0.0,0.0
1999-08-08,0.0,0.0,0.0,0.0,0.0
1999-08-09,0.0,0.0,0.0,0.0,0.0
1999-08-10,0.0,0.0,0.0,0.0,0.0
1999-08-11,0.0,0.0,0.0,0.0,0.0
1999-08-12,0.0,0.0,0.0,0.0,0.0
1999-08-13,0.0,0.0,0.0,0.0,0.0
1999-08-14,0.0,0.0,0.0,0.0,0.0
1999-08-15,0.0,0.0,0.0,0.0,0.0
1999-08-16,0.0,0.0,0.0,0.0,0.0
1999-08-17,0.0,0.0,0.0,0.0,0.0
1999-08-18,0.0,0.0,0.0,0.0,0.0
1999-08-19,0.0,0.0,0.0,0.0,0.0
1999-08-20,0.0,0.0,0.0,0.0,0.0
1999-08-21,0.0,0.0,0.0,0.0,0.0
1999-08-22,0.0,0.0,0.0,0.0,0.0
1999-08-23,0.0,0.0,0.0,0.0,0.0
1999-08-24,0.0,0.0,0.0,0.0,0.0
1999-08-25,0.0,0.0,0.0,0.0,0.0
1999-08-26,0.0,0.0,0.0,0.0,0.0
1999-08-27,0.0,0.0,0.0,0.0,0.0
1999-08-28,0.0,0.0,0.0,0.0,0.0
1999-08-29,0.0,0.0,0.0,0.0,0.0
1999-08-30,0.0,0.0,0.0,0.0,0.0
1999-08-31,0.0,0.0,0.0,0.0,0.0
1999-09-01,0.0,0.0,0.0,0.0,0.0
1999-09-02,0.0,0.0,0.0,0.0,0.0
1999-09-03,0.0,0.0,0.0,0.0,0.0
1999-09-04,0.0,0.0,0.0,0.0,0.0
1999-09-05,0.0,0.0,0.0,0.0,0.0
1999-09-06,0.0,0.0,0.0,0.0,0.0
1999-09-07,0.0,0.0,0.0,0.0,0.0
1999-09-08,0.0,0.0,0.0,0.0,0.0
1999-09-09,0.0,0.0,0.0,0.0,0.0
1999-09-10,0.0,0.0,0.0,0.0,0.0
1999-09-11,0.0,0.0,0.0,0.0,0.0
1999-09-12,0.0,0.0,0.0,0.0,0.0
1999-09-13,0.0,0.0,0.0,0.0,0.0
1999-09-14,0.0,0.0,0.0,0.0,0.0
1999-09-15,0.0,0.0,0.0,0.0,0.0
1999-09-16,0.0,0.0,0.0,0.0,0.0
1999-09-17,0.0,0.0,0.0,0.0,0.0
1999-09-18,0.0,0.0,0.0,0.0,0.0
1999-09-19,0.0,0.0,0.0,0.0,0.0
1999-09-20,0.0,0.0,0.0,0.0,0.0
1999-09-21,0.0,0.0,0.0,0.0,0.0
1999-09-22,0.0,0.0,0.0,0.0,0.0
1999-09-23,0.0,0.0,0.0,0.0,0.0
1999-09-24,0.0,0.0,0.0,0.0,0.0
1999-09-25,0.0,0.0,0.0,0.0,0.0
1999-09-26,0.0,0.0,0.0,0.0,0.0
1999-09-27,0.0,0.0,0.0,0.0,0.0
1999-09-28,0.0,0.0,0.0,0.0,0.0
1999-09-29,0.0,0.0,0.0,0.0,0.0
1999-09-30,0.0,0.0,0.0,0.0,0.0
1999-10-01,0.0,0.0,0.0,0.0,0.0
1999-10-02,0.0,0.0,0.0,0.0,0.0
1999-10-03,0.0,0.0,0.0,0.0,0.0
1999-10-04,0.0,0.0,0.0,0.0,0.0
1999-10-05,0.0,0.0,0.0,0.0,0.0
1999-10-06,0.0,0.0,0.0,0.0,0.0
1999-10-07,0.0,0.0,0.0,0.0,0.0
1999-10-08,0.0,0.0,0.0,0.0,0.0
1999-10-09,0.0,0.0,0.0,0.0,0.0
1999-10-10,0.0,0.0,0.0,0.0,0.0
1999-10-11,0.0,0.0,0.0,0.0,0.0
1999-10-12,0.0,0.0,0.0,0.0,0.0
1999-10-13,0.0,0.0,0.0,0.0,0.0
1999-10-14,0.0,0.0,0.0,0.0,0.0
1999-10-15,0.0,0.0,0.0,0.0,0.0
1999-10-16,0.0,0.0,0.0,0.0,0.0
1999-10-17,0.0,0.0,0.0,0.0,0.0
1999-10-18,0.0,0.0,0.0,0.0,0.0
1999-10-19,0.0,0.0,0.0,0.0,0.0
1999-10-20,0.0,0.0,0.0,0.0,0.0
1999-10-21,0.0,0.0,0.0,0.0,0.0
1999-10-22,0.0,0.0,0.0,0.0,0.0
1999-10-23,0.0,0.0,0.0,0.0,0.0
1999-10-24,0.0,0.0,0.0,0.0,0.0
1999-10-25,0.0,0.0,0.0,0.0,0.0
1999-10-26,0.0,0.0,0.0,0.0,0.0
1999-10-27,0.19,100.38,14.69,28.79,56.9
1999-10-28,1.208,106.61,19.33,15.97,71.32
1999-10-29,0.138,54.79,19.81,0.0,34.97
1999-10-30,0.022,28.13,19.18,0.0,8.96
1999-10-31,0.006,18.6,17.03,0.0,1.56
1999-11-01,0.004,15.98,15.19,0.0,0.78
1999-11-02,0.003,15.36,14.58,0.0,0.79
1999-11-03,0.002,15.13,14.33,0.0,0.81
1999-11-04,0.002,15.3,14.53,0.0,0.81
1999-11-05,0.002,14.9,14.2,0.0,0.79
1999-11-06,0.001,15.04,14.21,0.0,0.81
1999-11-07,0.842,120.2,17.38,29.75,73.07
1999-11-08,2.369,148.7,19.03,41.64,88.02
1999-11-09,0.258,76.01,19.23,0.0,56.78
1999-11-10,0.053,31.54,17.7,0.0,13.84
1999-11-11,0.023,17.33,15.54,0.0,1.8
1999-11-12,0.017,15.4,14.56,0.0,0.84
1999-11-13,0.014,15.15,14.35,0.0,0.81
1999-11-14,0.012,15.14,14.32,0.0,0.81
1999-11-15,0.011,15.08,14.26,0.0,0.82
1999-11-16,1.31,154.6,18.16,45.12,91.32
1999-11-17,0.678,69.68,19.38,0.02,50.28
1999-11-18,0.11,38.24,18.69,0.0,19.55
1999-11-19,1.913,139.1,18.03,42.44,78.62
1999-11-20,0.784,98.25,19.68,9.24,69.32
1999-11-21,0.143,43.62,17.8,0.0,25.82
1999-11-22,0.05,19.79,16.11,0.0,3.67
1999-11-23,0.033,15.9,14.98,0.0,0.92
1999-11-24,0.028,15.47,14.67,0.0,0.81
1999-11-25,0.023,15.54,14.73,0.0,0.8
1999-11-26,0.019,15.63,14.83,0.0,0.8
1999-11-27,0.015,15.72,14.92,0.0,0.8
1999-11-28,0.014,15.76,14.95,0.0,0.8
1999-11-29,0.014,14.42,13.59,0.0,0.82
1999-11-30,0.381,67.85,15.55,9.21,43.08
1999-12-01,0.464,42.53,19.03,0.02,23.47
1999-12-02,0.104,25.53,16.67,0.0,8.86
1999-12-03,0.032,18.21,15.87,0.0,2.34
1999-12-04,0.016,15.68,14.87,0.0,0.82
1999-12-05,0.012,15.48,14.68,0.0,0.79
1999-12-06,0.011,15.45,14.64,0.0,0.8
1999-12-07,0.008,15.54,14.76,0.0,0.79
1999-12-08,0.007,15.46,14.68,0.0,0.8
1999-12-09,0.825,57.43,17.49,8.12,31.82
1999-12-10,0.267,37.03,19.63,0.0,17.4
1999-12-11,0.045,21.94,17.92,0.0,4.02
1999-12-12,0.022,16.32,15.38,0.0,0.93
1999-12-13,0.012,15.43,14.68,0.0,0.75
1999-12-14,0.008,15.39,14.6,0.0,0.78
1999-12-15,0.007,15.42,14.63,0.0,0.8
1999-12-16,0.006,15.49,14.7,0.0,0.8
1999-12-17,0.005,15.5,14.71,0.0,0.8
1999-12-18,0.004,15.65,14.87,0.0,0.8
1999-12-19,0.003,16.24,15.46,0.0,0.78
1999-12-20,0.002,15.71,15.0,0.0,0.75
1999-12-21,0.002,16.24,15.42,0.0,0.81
1999-12-22,0.001,15.51,14.89,0.0,0.74
1999-12-23,0.002,15.94,15.02,0.0,0.81
1999-12-24,0.001,16.0,15.21,0.0,0.79
1999-12-25,0.001,16.11,15.29,0.0,0.78
1999-12-26,0.001,16.48,15.67,0.0,0.8
1999-12-27,0.001,15.94,15.25,0.0,0.77
1999-12-28,0.0,16.35,15.8,0.0,0.77
1999-12-29,0.0,16.2,15.65,0.0,0.78
1999-12-30,0.0,16.28,15.54,0.0,0.76
1999-12-31,0.0,18.19,17.3,0.0,0.81
2000-01-01,0.0,19.01,17.48,0.0,0.78
2000-01-02,0.0,18.81,17.55,0.0,0.72
2000-01-03,0.0,17.36,18.25,0.0,0.66
2000-01-04,0.0,23.15,26.16,0.01,0.78
2000-01-05,0.0,23.15,27.94,0.0,1.07
2000-01-06,0.0,0.0,0.0,0.0,0.0
2000-01-07,0.0,0.0,0.0,0.0,0.0
2000-01-08,0.0,0.0,0.0,0.0,0.0
2000-01-09,0.0,0.0,0.0,0.0,0.0
2000-01-10,0.0,0.0,0.0,0.0,0.0
2000-01-11,1.745,222.92,19.06,75.38,128.49
2000-01-12,0.439,132.24,19.9,0.08,112.26
2000-01-13,0.065,63.78,19.0,0.0,44.78
2000-01-14,0.02,22.95,16.72,0.0,6.23
2000-01-15,0.013,15.53,14.47,0.0,1.06
2000-01-16,2.291,183.99,19.17,53.22,111.61
2000-01-17,0.254,105.51,18.89,0.0,86.62
2000-01-18,2.078,112.55,19.1,28.63,64.82
2000-01-19,0.741,52.43,18.4,0.46,33.57
2000-01-20,0.294,31.39,18.59,0.0,12.79
2000-01-21,0.091,18.38,16.07,0.0,2.3
2000-01-22,0.063,15.61,14.76,0.0,0.85
2000-01-23,4.024,141.06,18.13,48.81,74.12
2000-01-24,13.15,186.95,23.94,68.6,94.41
2000-01-25,4.304,74.26,17.36,22.81,34.09
2000-01-26,2.35,23.02,15.3,0.37,7.35
2000-01-27,1.889,17.07,14.95,0.19,1.93
2000-01-28,1.618,16.11,14.91,0.05,1.16
2000-01-29,1.408,16.02,14.92,0.02,1.08
2000-01-30,2.909,113.68,16.67,35.01,62.01
2000-01-31,2.187,26.42,15.2,0.68,10.55
2000-02-01,1.737,16.92,14.73,0.06,2.12
2000-02-02,1.454,15.88,14.69,0.02,1.16
2000-02-03,1.672,27.69,15.22,3.17,9.3
2000-02-04,1.452,17.75,14.92,0.02,2.8
2000-02-05,1.374,19.07,14.35,0.21,4.52
2000-02-06,1.319,16.43,14.49,0.02,1.93
2000-02-07,1.151,15.69,14.54,0.01,1.14
2000-02-08,1.012,15.6,14.52,0.0,1.08
2000-02-09,0.935,15.51,14.43,0.0,1.07
2000-02-10,3.201,133.5,17.06,43.01,73.43
2000-02-11,5.904,409.38,18.36,165.33,225.69
2000-02-12,7.049,131.44,16.88,48.58,65.98
2000-02-13,27.316,1713.79,24.87,727.36,961.56
2000-02-14,41.262,968.65,28.38,402.9,537.37
2000-02-15,28.478,56.31,25.09,12.1,19.11
2000-02-16,20.426,25.21,22.01,1.38,1.82
2000-02-17,15.905,22.77,20.41,1.02,1.34
2000-02-18,12.644,21.31,19.27,0.88,1.15
2000-02-19,10.237,20.18,18.18,0.86,1.14
2000-02-20,10.542,104.49,17.97,37.36,49.16
2000-02-21,13.517,67.93,19.38,20.97,27.59
2000-02-22,15.363,758.92,20.01,318.74,420.17
2000-02-23,32.852,1089.95,26.24,457.44,606.26
2000-02-24,22.74,45.26,22.98,9.56,12.72
2000-02-25,16.227,23.64,20.54,1.34,1.77
2000-02-26,13.173,26.97,18.96,3.46,4.55
2000-02-27,21.051,116.57,21.88,40.89,53.8
2000-02-28,16.571,26.96,20.58,2.75,3.62
2000-02-29,15.179,34.61,19.86,6.37,8.38
2000-03-01,12.2,22.27,19.06,1.39,1.83
2000-03-02,10.687,25.03,18.22,2.94,3.87
2000-03-03,9.1,21.55,17.62,1.7,2.23
2000-03-04,8.105,49.0,16.53,14.01,18.45
2000-03-05,12.715,107.54,19.04,38.22,50.28
2000-03-06,13.924,48.82,19.6,12.62,16.6
2000-03-07,9.935,21.97,17.96,1.73,2.28
2000-03-08,11.398,106.87,18.34,38.23,50.3
2000-03-09,16.985,132.47,20.49,48.36,63.63
2000-03-10,13.555,28.23,19.61,3.72,4.91
2000-03-11,9.827,21.43,18.0,1.09,2.34
2000-03-12,7.412,21.43,16.69,0.85,3.89
2000-03-13,5.757,22.83,16.1,0.75,5.98
2000-03-14,4.445,25.05,16.19,0.54,8.32
2000-03-15,3.408,27.49,16.3,0.36,10.83
2000-03-16,2.449,30.76,16.36,0.13,14.28
2000-03-17,1.884,33.51,16.43,0.03,17.05
2000-03-18,1.483,35.93,16.49,0.01,19.43
2000-03-19,1.125,39.03,16.57,0.0,22.46
2000-03-20,0.739,45.25,16.63,0.0,28.61
2000-03-21,0.514,47.21,16.8,0.0,30.41
2000-03-22,0.435,43.62,16.96,0.0,26.66
2000-03-23,0.286,45.67,16.89,0.0,28.78
2000-03-24,0.218,42.65,17.45,0.0,25.2
2000-03-25,0.145,40.07,18.07,0.0,22.01
2000-03-26,0.082,34.5,19.42,0.0,15.09
2000-03-27,0.036,25.05,21.95,0.0,3.1
2000-03-28,0.013,24.06,23.25,0.0,0.82
2000-03-29,0.003,22.89,22.46,0.0,0.47
2000-03-30,0.0,21.02,21.02,0.0,0.11
2000-03-31,0.0,21.22,21.06,0.0,0.02
2000-04-01,0.0,23.15,20.16,0.0,0.01
2000-04-02,0.0,0.0,0.0,0.0,0.0
2000-04-03,0.0,0.0,0.0,0.0,0.0
2000-04-04,0.0,0.0,0.0,0.0,0.0
2000-04-05,0.0,0.0,0.0,0.0,0.0
2000-04-06,0.0,0.0,0.0,0.0,0.0
2000-04-07,0.0,0.0,0.0,0.0,0.0
2000-04-08,0.0,0.0,0.0,0.0,0.0
2000-04-09,0.0,0.0,0.0,0.0,0.0
2000-04-10,0.0,0.0,0.0,0.0,0.0
2000-04-11,0.0,0.0,0.0,0.0,0.0
2000-04-12,0.139,53.09,12.01,8.0,33.07
2000-04-13,0.672,52.57,19.38,0.34,32.85
2000-04-14,0.152,24.96,16.83,0.0,8.12
2000-04-15,0.067,16.8,15.23,0.0,1.57
2000-04-16,0.267,30.51,12.99,0.58,16.94
2000-04-17,3.086,109.88,18.95,31.22,59.71
2000-04-18,0.812,45.22,17.94,0.02,27.26
2000-04-19,0.361,20.99,15.44,0.0,5.56
2000-04-20,0.204,15.19,14.03,0.0,1.16
2000-04-21,0.14,14.38,13.55,0.0,0.83
2000-04-22,0.088,14.06,13.28,0.0,0.78
2000-04-23,0.044,14.11,13.37,0.0,0.73
2000-04-24,0.023,14.5,13.75,0.0,0.75
2000-04-25,0.006,15.57,14.92,0.0,0.64
2000-04-26,0.003,16.61,15.89,0.0,0.74
2000-04-27,0.001,17.45,16.76,0.0,0.73
2000-04-28,0.001,18.02,17.28,0.0,0.74
2000-04-29,0.0,19.49,18.61,0.0,0.69
2000-04-30,0.0,19.93,19.44,0.0,0.62
2000-05-01,0.0,18.52,19.93,0.0,0.43
2000-05-02,0.0,11.57,17.18,0.0,0.1
2000-05-03,0.0,0.0,0.0,0.0,0.0
2000-05-04,0.0,0.0,0.0,0.0,0.0
2000-05-05,0.0,0.0,0.0,0.0,0.0
2000-05-06,0.0,0.0,0.0,0.0,0.0
2000-05-07,1.013,35.14,17.39,0.32,17.43
2000-05-08,1.608,60.65,19.78,8.32,32.54
2000-05-09,0.187,41.82,19.51,0.0,22.31
2000-05-10,0.035,24.65,18.73,0.0,5.91
2000-05-11,0.011,18.15,16.99,0.0,1.17
2000-05-12,0.006,16.76,16.01,0.0,0.75
2000-05-13,0.004,16.62,15.86,0.0,0.76
2000-05-14,0.006,23.54,13.45,0.0,10.09
2000-05-15,1.178,108.4,18.54,20.67,69.19
2000-05-16,0.139,59.59,19.51,0.0,40.08
2000-05-17,0.027,27.04,18.23,0.0,8.81
2000-05-18,0.01,17.84,16.4,0.0,1.44
2000-05-19,0.005,16.18,15.37,0.0,0.79
2000-05-20,0.004,15.86,15.1,0.0,0.78
2000-05-21,0.003,15.91,15.15,0.0,0.79
2000-05-22,0.002,15.93,15.24,0.0,0.79
2000-05-23,0.001,16.58,15.71,0.0,0.78
2000-05-24,0.0,16.64,16.12,0.0,0.6
2000-05-25,0.0,17.36,17.54,0.0,0.23
2000-05-26,0.0,0.0,0.0,0.0,0.0
2000-05-27,0.0,0.0,0.0,0.0,0.0
2000-05-28,0.0,0.0,0.0,0.0,0.0
2000-05-29,0.0,0.0,0.0,0.0,0.0
2000-05-30,0.0,0.0,0.0,0.0,0.0
2000-05-31,0.0,0.0,0.0,0.0,0.0
2000-06-01,0.0,0.0,0.0,0.0,0.0
2000-06-02,0.0,0.0,0.0,0.0,0.0
2000-06-03,0.0,0.0,0.0,0.0,0.0
2000-06-04,0.0,0.0,0.0,0.0,0.0
2000-06-05,0.0,0.0,0.0,0.0,0.0
2000-06-06,0.0,0.0,0.0,0.0,0.0
2000-06-07,0.0,0.0,0.0,0.0,0.0
2000-06-08,0.024,25.36,20.17,0.08,5.11
2000-06-09,0.001,18.41,17.54,0.0,0.89
2000-06-10,0.0,11.57,12.77,0.0,0.22
2000-06-11,0.0,0.0,0.0,0.0,0.0
2000-06-12,0.0,0.0,0.0,0.0,0.0
2000-06-13,0.0,0.0,0.0,0.0,0.0
2000-06-14,0.0,0.0,0.0,0.0,0.0
2000-06-15,0.0,0.0,0.0,0.0,0.0
2000-06-16,0.0,0.0,0.0,0.0,0.0
2000-06-17,0.0,0.0,0.0,0.0,0.0
2000-06-18,0.0,0.0,0.0,0.0,0.0
2000-06-19,0.0,0.0,0.0,0.0,0.0
2000-06-20,0.0,0.0,0.0,0.0,0.0
2000-06-21,0.0,0.0,0.0,0.0,0.0
2000-06-22,0.0,0.0,0.0,0.0,0.0
2000-06-23,0.0,0.0,0.0,0.0,0.0
2000-06-24,0.0,0.0,0.0,0.0,0.0
2000-06-25,0.0,0.0,0.0,0.0,0.0
2000-06-26,0.0,0.0,0.0,0.0,0.0
2000-06-27,0.0,0.0,0.0,0.0,0.0
2000-06-28,0.0,0.0,0.0,0.0,0.0
2000-06-29,0.0,0.0,0.0,0.0,0.0
2000-06-30,0.0,0.0,0.0,0.0,0.0
2000-07-01,0.0,0.0,0.0,0.0,0.0
2000-07-02,0.0,0.0,0.0,0.0,0.0
2000-07-03,0.0,0.0,0.0,0.0,0.0
2000-07-04,0.0,0.0,0.0,0.0,0.0
2000-07-05,0.0,0.0,0.0,0.0,0.0
2000-07-06,0.0,0.0,0.0,0.0,0.0
2000-07-07,0.0,0.0,0.0,0.0,0.0
2000-07-08,0.0,0.0,0.0,0.0,0.0
2000-07-09,0.0,0.0,0.0,0.0,0.0
2000-07-10,0.0,0.0,0.0,0.0,0.0
2000-07-11,0.0,0.0,0.0,0.0,0.0
2000-07-12,0.0,0.0,0.0,0.0,0.0
2000-07-13,0.0,0.0,0.0,0.0,0.0
2000-07-14,0.0,0.0,0.0,0.0,0.0
2000-07-15,0.0,0.0,0.0,0.0,0.0
2000-07-16,0.0,0.0,0.0,0.0,0.0
2000-07-17,0.0,0.0,0.0,0.0,0.0
2000-07-18,0.0,0.0,0.0,0.0,0.0
2000-07-19,0.0,0.0,0.0,0.0,0.0
2000-07-20,0.0,0.0,0.0,0.0,0.0
2000-07-21,0.0,0.0,0.0,0.0,0.0
2000-07-22,0.0,0.0,0.0,0.0,0.0
2000-07-23,0.0,0.0,0.0,0.0,0.0
2000-07-24,0.0,0.0,0.0,0.0,0.0
2000-07-25,0.0,0.0,0.0,0.0,0.0
2000-07-26,0.0,0.0,0.0,0.0,0.0
2000-07-27,0.0,0.0,0.0,0.0,0.0
2000-07-28,0.0,0.0,0.0,0.0,0.0
2000-07-29,0.0,0.0,0.0,0.0,0.0
2000-07-30,0.0,0.0,0.0,0.0,0.0
2000-07-31,0.0,0.0,0.0,0.0,0.0
2000-08-01,0.0,0.0,0.0,0.0,0.0
2000-08-02,0.0,0.0,0.0,0.0,0.0
2000-08-03,0.0,0.0,0.0,0.0,0.0
2000-08-04,0.0,0.0,0.0,0.0,0.0
2000-08-05,0.0,0.0,0.0,0.0,0.0
2000-08-06,0.0,0.0,0.0,0.0,0.0
2000-08-07,0.0,0.0,0.0,0.0,0.0
2000-08-08,0.0,0.0,0.0,0.0,0.0
2000-08-09,0.0,0.0,0.0,0.0,0.0
2000-08-10,0.0,0.0,0.0,0.0,0.0
2000-08-11,0.0,0.0,0.0,0.0,0.0
2000-08-12,0.0,0.0,0.0,0.0,0.0
2000-08-13,0.0,0.0,0.0,0.0,0.0
2000-08-14,0.0,0.0,0.0,0.0,0.0
2000-08-15,0.0,0.0,0.0,0.0,0.0
2000-08-16,0.0,0.0,0.0,0.0,0.0
2000-08-17,0.0,0.0,0.0,0.0,0.0
2000-08-18,0.0,0.0,0.0,0.0,0.0
2000-08-19,0.0,0.0,0.0,0.0,0.0
2000-08-20,0.0,0.0,0.0,0.0,0.0
2000-08-21,0.0,0.0,0.0,0.0,0.0
2000-08-22,0.0,0.0,0.0,0.0,0.0
2000-08-23,0.0,0.0,0.0,0.0,0.0
2000-08-24,0.0,0.0,0.0,0.0,0.0
2000-08-25,0.0,0.0,0.0,0.0,0.0
2000-08-26,0.0,0.0,0.0,0.0,0.0
2000-08-27,0.0,0.0,0.0,0.0,0.0
2000-08-28,0.0,0.0,0.0,0.0,0.0
2000-08-29,0.0,0.0,0.0,0.0,0.0
2000-08-30,0.0,0.0,0.0,0.0,0.0
2000-08-31,0.0,0.0,0.0,0.0,0.0
2000-09-01,0.0,0.0,0.0,0.0,0.0
2000-09-02,0.0,0.0,0.0,0.0,0.0
2000-09-03,0.0,0.0,0.0,0.0,0.0
2000-09-04,0.0,0.0,0.0,0.0,0.0
2000-09-05,0.0,0.0,0.0,0.0,0.0
2000-09-06,0.0,0.0,0.0,0.0,0.0
2000-09-07,0.0,0.0,0.0,0.0,0.0
2000-09-08,0.0,0.0,0.0,0.0,0.0
2000-09-09,0.0,0.0,0.0,0.0,0.0
2000-09-10,0.0,0.0,0.0,0.0,0.0
2000-09-11,0.0,0.0,0.0,0.0,0.0
2000-09-12,0.0,0.0,0.0,0.0,0.0
2000-09-13,0.0,0.0,0.0,0.0,0.0
2000-09-14,0.0,0.0,0.0,0.0,0.0
2000-09-15,0.0,0.0,0.0,0.0,0.0
2000-09-16,0.0,0.0,0.0,0.0,0.0
2000-09-17,0.0,0.0,0.0,0.0,0.0
2000-09-18,0.0,0.0,0.0,0.0,0.0
2000-09-19,0.0,0.0,0.0,0.0,0.0
2000-09-20,0.0,0.0,0.0,0.0,0.0
2000-09-21,0.0,0.0,0.0,0.0,0.0
2000-09-22,0.0,0.0,0.0,0.0,0.0
2000-09-23,0.0,0.0,0.0,0.0,0.0
2000-09-24,0.0,0.0,0.0,0.0,0.0
2000-09-25,0.0,0.0,0.0,0.0,0.0
2000-09-26,0.0,0.0,0.0,0.0,0.0
2000-09-27,0.0,0.0,0.0,0.0,0.0
2000-09-28,0.0,0.0,0.0,0.0,0.0
2000-09-29,0.0,0.0,0.0,0.0,0.0
2000-09-30,0.0,0.0,0.0,0.0,0.0
2000-10-01,0.0,0.0,0.0,0.0,0.0
2000-10-02,0.0,0.0,0.0,0.0,0.0
2000-10-03,0.0,0.0,0.0,0.0,0.0
2000-10-04,0.0,0.0,0.0,0.0,0.0
2000-10-05,0.0,0.0,0.0,0.0,0.0
2000-10-06,0.0,0.0,0.0,0.0,0.0
2000-10-07,0.0,0.0,0.0,0.0,0.0
2000-10-08,0.0,0.0,0.0,0.0,0.0
2000-10-09,0.0,0.0,0.0,0.0,0.0
2000-10-10,0.12,31.48,18.24,0.23,13.01
2000-10-11,1.123,242.56,19.91,66.38,156.28
2000-10-12,0.14,88.53,18.46,0.0,70.06
2000-10-13,0.02,33.85,18.43,0.0,15.42
2000-10-14,0.005,19.54,17.11,0.0,2.45
2000-10-15,0.002,16.32,15.45,0.0,0.83
2000-10-16,0.002,15.52,14.73,0.0,0.8
2000-10-17,0.001,15.51,14.73,0.0,0.81
2000-10-18,0.001,15.5,14.7,0.0,0.81
2000-10-19,0.001,15.31,14.55,0.0,0.83
2000-10-20,0.001,15.21,14.4,0.0,0.81
2000-10-21,0.001,15.83,14.96,0.0,0.84
2000-10-22,0.0,19.29,17.04,0.01,0.18
2000-10-23,0.0,13.23,14.34,0.0,0.85
2000-10-24,0.0,14.66,14.79,0.0,0.91
2000-10-25,0.079,28.52,10.74,0.03,17.76
2000-10-26,3.906,198.19,19.26,68.4,110.53
2000-10-27,1.007,95.28,19.6,8.22,67.47
2000-10-28,1.713,132.27,18.15,39.6,74.52
2000-10-29,0.885,76.08,19.87,2.8,53.42
2000-10-30,1.527,84.95,18.94,15.85,50.15
2000-10-31,0.381,51.3,19.25,0.0,32.05
2000-11-01,0.107,22.19,17.02,0.0,5.17
2000-11-02,0.052,16.72,15.66,0.0,1.07
2000-11-03,0.034,16.05,15.26,0.0,0.79
2000-11-04,0.028,15.83,15.03,0.0,0.8
2000-11-05,0.023,15.91,15.11,0.0,0.8
2000-11-06,0.019,15.99,15.2,0.0,0.79
2000-11-07,0.015,15.98,15.18,0.0,0.79
2000-11-08,0.013,16.0,15.2,0.0,0.8
2000-11-09,0.011,16.02,15.23,0.0,0.79
2000-11-10,0.01,16.01,15.22,0.0,0.8
2000-11-11,0.008,16.1,15.3,0.0,0.79
2000-11-12,0.007,16.11,15.32,0.0,0.79
2000-11-13,0.137,41.97,14.9,0.13,26.94
2000-11-14,0.051,28.16,17.5,0.0,10.66
2000-11-15,0.013,16.91,15.56,0.0,1.35
2000-11-16,0.007,15.86,15.07,0.0,0.76
2000-11-17,0.005,15.62,14.85,0.0,0.79
2000-11-18,0.004,15.6,14.81,0.0,0.8
2000-11-19,0.004,15.7,14.89,0.0,0.8
2000-11-20,0.003,15.7,14.94,0.0,0.79
2000-11-21,0.543,76.54,17.31,11.33,47.9
2000-11-22,0.127,37.29,18.95,0.0,18.34
2000-11-23,0.023,20.23,17.19,0.0,3.03
2000-11-24,0.01,16.1,15.24,0.0,0.85
2000-11-25,0.006,15.37,14.6,0.0,0.77
2000-11-26,0.005,15.25,14.46,0.0,0.8
2000-11-27,0.004,15.23,14.41,0.0,0.8
2000-11-28,0.003,15.26,14.42,0.0,0.81
2000-11-29,1.767,150.35,18.68,40.99,90.69
2000-11-30,0.223,68.72,19.26,0.0,49.46
2000-12-01,0.047,27.95,17.56,0.0,10.39
2000-12-02,0.019,17.09,15.55,0.0,1.53
2000-12-03,0.012,15.6,14.78,0.0,0.81
2000-12-04,0.009,15.38,14.58,0.0,0.8
2000-12-05,0.007,15.33,14.51,0.0,0.81
2000-12-06,0.006,15.32,14.51,0.0,0.81
2000-12-07,0.006,15.33,14.55,0.0,0.81
2000-12-08,0.005,15.41,14.63,0.0,0.8
2000-12-09,0.004,15.39,14.6,0.0,0.82
2000-12-10,0.004,15.58,14.78,0.0,0.8
2000-12-11,0.186,39.81,15.1,0.5,24.2
2000-12-12,0.775,73.01,19.52,6.24,47.25
2000-12-13,0.114,45.09,19.03,0.0,26.05
2000-12-14,1.212,79.78,17.86,9.62,52.31
2000-12-15,0.258,38.26,19.73,0.0,18.52
2000-12-16,0.052,21.99,17.66,0.0,4.34
2000-12-17,0.026,16.46,15.49,0.0,0.97
2000-12-18,0.013,15.6,14.83,0.0,0.76
2000-12-19,0.011,15.35,14.56,0.0,0.8
2000-12-20,0.009,15.41,14.61,0.0,0.81
2000-12-21,0.008,15.39,14.58,0.0,0.81
2000-12-22,0.007,15.47,14.67,0.0,0.8
2000-12-23,0.006,15.51,14.69,0.0,0.81
2000-12-24,0.005,15.58,14.79,0.0,0.8
2000-12-25,0.004,15.73,14.92,0.0,0.79
2000-12-26,0.003,15.69,14.86,0.0,0.8
2000-12-27,0.003,15.66,14.87,0.0,0.8
2000-12-28,0.003,15.8,14.99,0.0,0.8
2000-12-29,0.002,15.76,14.92,0.0,0.8
2000-12-30,0.002,15.8,14.99,0.0,0.8
2000-12-31,0.002,15.75,14.96,0.0,0.8
2001-01-01,0.001,15.92,15.11,0.0,0.8
2001-01-02,0.001,15.91,15.05,0.0,0.78
2001-01-03,0.001,16.03,15.21,0.0,0.8
2001-01-04,0.001,15.97,15.21,0.0,0.79
2001-01-05,0.001,15.96,15.18,0.0,0.79
2001-01-06,0.001,15.57,14.99,0.0,0.78
2001-01-07,0.002,2.85,2.73,0.0,0.13
2001-01-08,1.872,84.06,18.46,16.29,49.31
2001-01-09,0.216,52.65,19.55,0.0,33.1
2001-01-10,2.94,189.35,18.64,62.85,107.85
2001-01-11,3.104,136.32,19.05,40.83,76.43
2001-01-12,0.886,70.73,18.86,4.13,47.74
2001-01-13,0.244,28.68,16.39,0.0,12.28
2001-01-14,0.148,16.33,14.75,0.0,1.59
2001-01-15,0.103,15.49,14.65,0.0,0.84
2001-01-16,0.055,14.93,14.17,0.0,0.76
2001-01-17,0.058,14.55,13.74,0.0,0.81
2001-01-18,0.059,14.57,13.77,0.0,0.81
2001-01-19,0.044,14.51,13.74,0.0,0.78
2001-01-20,0.04,14.55,13.76,0.0,0.78
2001-01-21,0.032,14.6,13.82,0.0,0.78
2001-01-22,0.022,14.79,14.03,0.0,0.76
2001-01-23,0.869,89.61,17.15,19.67,52.79
2001-01-24,0.784,59.58,19.81,1.54,38.23
2001-01-25,2.446,215.67,19.15,77.12,119.39
2001-01-26,1.928,108.57,18.76,24.82,65.0
2001-01-27,0.403,44.23,17.04,0.0,27.18
2001-01-28,0.214,18.25,14.97,0.0,3.29
2001-01-29,0.155,15.14,14.2,0.0,0.93
2001-01-30,0.134,14.96,14.13,0.0,0.82
2001-01-31,0.113,14.68,13.87,0.0,0.81
2001-02-01,0.098,14.43,13.62,0.0,0.81
2001-02-02,0.076,14.33,13.54,0.0,0.79
2001-02-03,0.052,14.22,13.46,0.0,0.76
2001-02-04,0.051,14.0,13.21,0.0,0.79
2001-02-05,0.045,14.09,13.31,0.0,0.78
2001-02-06,0.028,14.44,13.68,0.0,0.76
2001-02-07,0.013,14.83,14.08,0.0,0.74
2001-02-08,0.007,15.45,14.67,0.0,0.77
2001-02-09,2.74,133.95,17.72,40.66,75.56
2001-02-10,2.506,74.67,19.33,15.99,39.35
2001-02-11,3.354,101.52,18.23,29.86,53.43
2001-02-12,5.093,106.55,18.65,34.62,53.28
2001-02-13,1.697,32.79,15.67,1.7,15.42
2001-02-14,1.16,17.06,14.22,0.01,2.82
2001-02-15,0.977,15.11,13.91,0.01,1.19
2001-02-16,0.86,14.9,13.8,0.0,1.09
2001-02-17,1.071,23.01,13.64,1.92,7.45
2001-02-18,2.188,40.7,16.65,5.91,18.14
2001-02-19,3.167,96.92,16.49,27.22,53.22
2001-02-20,4.806,65.57,16.82,17.34,31.41
2001-02-21,5.319,62.34,16.03,17.26,29.04
2001-02-22,4.909,55.15,14.61,16.02,24.52
2001-02-23,5.417,28.89,15.44,4.1,9.34
2001-02-24,11.989,321.27,19.03,130.12,172.12
2001-02-25,9.914,37.95,17.96,8.33,11.66
2001-02-26,7.604,19.77,16.51,0.99,2.26
2001-02-27,6.023,17.13,15.1,0.75,1.29
2001-02-28,4.944,16.13,14.25,0.72,1.15
2001-03-01,4.309,16.05,14.18,0.73,1.14
2001-03-02,5.158,25.77,14.8,4.04,6.93
2001-03-03,4.441,17.27,14.26,1.02,1.99
2001-03-04,8.333,187.47,17.08,73.17,97.23
2001-03-05,8.234,70.58,16.98,22.55,31.05
2001-03-06,6.296,20.24,15.41,1.65,3.18
2001-03-07,5.095,16.52,14.4,0.79,1.33
2001-03-08,4.269,16.07,14.2,0.72,1.14
2001-03-09,3.509,16.1,14.27,0.72,1.12
2001-03-10,2.871,16.11,14.34,0.66,1.11
2001-03-11,2.428,16.15,14.45,0.59,1.11
2001-03-12,1.963,16.06,14.59,0.38,1.1
2001-03-13,1.62,15.83,14.67,0.08,1.09
2001-03-14,1.316,15.9,14.81,0.01,1.08
2001-03-15,1.122,15.85,14.78,0.01,1.07
2001-03-16,0.907,16.03,14.97,0.0,1.06
2001-03-17,0.713,16.04,15.02,0.0,1.02
2001-03-18,0.602,16.17,15.19,0.0,0.98
2001-03-19,0.482,16.24,15.31,0.0,0.93
2001-03-20,0.377,16.44,15.55,0.0,0.89
2001-03-21,0.281,16.51,15.66,0.0,0.85
2001-03-22,0.222,16.58,15.75,0.0,0.83
2001-03-23,0.182,16.73,15.91,0.0,0.82
2001-03-24,0.139,16.92,16.1,0.0,0.81
2001-03-25,0.341,35.53,17.56,0.11,17.86
2001-03-26,0.141,17.9,16.03,0.0,1.87
2001-03-27,0.086,16.36,15.53,0.0,0.83
2001-03-28,0.026,15.16,14.5,0.0,0.66
2001-03-29,0.016,14.79,14.04,0.0,0.76
2001-03-30,0.004,14.77,14.1,0.0,0.68
2001-03-31,0.0,14.47,14.24,0.0,0.18
2001-04-01,0.0,11.57,14.38,0.0,0.04
2001-04-02,0.0,0.0,0.0,0.0,0.0
2001-04-03,0.0,0.0,0.0,0.0,0.0
2001-04-04,0.0,0.0,0.0,0.0,0.0
2001-04-05,0.0,0.0,0.0,0.0,0.0
2001-04-06,0.497,51.6,18.87,0.6,32.14
2001-04-07,0.813,52.84,19.72,0.7,32.42
2001-04-08,0.136,36.37,18.5,0.0,17.87
2001-04-09,0.038,18.75,15.92,0.0,2.84
2001-04-10,0.009,16.77,15.93,0.0,0.86
2001-04-11,0.003,16.44,15.75,0.0,0.68
2001-04-12,0.002,16.45,15.66,0.0,0.76
2001-04-13,0.001,16.57,15.75,0.0,0.77
2001-04-14,0.001,16.92,16.1,0.0,0.78
2001-04-15,0.001,17.47,16.84,0.0,0.77
2001-04-16,0.0,19.29,17.81,0.0,0.65
2001-04-17,0.0,21.49,21.67,0.0,0.61
2001-04-18,0.0,23.15,27.39,0.0,0.23
2001-04-19,0.0,0.0,0.0,0.0,0.0
2001-04-20,1.429,101.21,19.15,23.44,58.62
2001-04-21,0.427,77.25,20.25,0.03,56.97
2001-04-22,0.063,41.77,19.16,0.0,22.61
2001-04-23,0.014,22.37,18.09,0.0,4.29
2001-04-24,0.006,17.4,16.45,0.0,0.96
2001-04-25,0.003,16.55,15.77,0.0,0.75
2001-04-26,0.002,16.45,15.66,0.0,0.77
2001-04-27,0.002,16.43,15.68,0.0,0.77
2001-04-28,0.001,16.77,16.01,0.0,0.77
2001-04-29,0.001,17.44,16.76,0.0,0.76
2001-04-30,0.0,18.45,18.2,0.0,0.73
2001-05-01,0.0,22.18,20.67,0.0,0.63
2001-05-02,0.0,23.15,22.42,0.0,0.2
2001-05-03,0.0,0.0,0.0,0.0,0.0
2001-05-04,0.0,0.0,0.0,0.0,0.0
2001-05-05,0.0,0.0,0.0,0.0,0.0
2001-05-06,0.0,0.0,0.0,0.0,0.0
2001-05-07,0.0,0.0,0.0,0.0,0.0
2001-05-08,0.0,0.0,0.0,0.0,0.0
2001-05-09,0.0,0.0,0.0,0.0,0.0
2001-05-10,0.0,0.0,0.0,0.0,0.0
2001-05-11,0.0,0.0,0.0,0.0,0.0
2001-05-12,0.0,0.0,0.0,0.0,0.0
2001-05-13,0.0,0.0,0.0,0.0,0.0
2001-05-14,0.0,0.0,0.0,0.0,0.0
2001-05-15,0.0,0.0,0.0,0.0,0.0
2001-05-16,0.0,0.0,0.0,0.0,0.0
2001-05-17,0.0,0.0,0.0,0.0,0.0
2001-05-18,0.0,0.0,0.0,0.0,0.0
2001-05-19,0.0,0.0,0.0,0.0,0.0
2001-05-20,0.0,0.0,0.0,0.0,0.0
2001-05-21,0.0,0.0,0.0,0.0,0.0
2001-05-22,0.0,0.0,0.0,0.0,0.0
2001-05-23,0.0,0.0,0.0,0.0,0.0
2001-05-24,0.0,0.0,0.0,0.0,0.0
2001-05-25,0.0,0.0,0.0,0.0,0.0
2001-05-26,0.0,0.0,0.0,0.0,0.0
2001-05-27,0.0,0.0,0.0,0.0,0.0
2001-05-28,0.0,0.0,0.0,0.0,0.0
2001-05-29,0.0,0.0,0.0,0.0,0.0
2001-05-30,0.0,0.0,0.0,0.0,0.0
2001-05-31,0.0,0.0,0.0,0.0,0.0
2001-06-01,0.0,0.0,0.0,0.0,0.0
2001-06-02,0.0,0.0,0.0,0.0,0.0
2001-06-03,0.0,0.0,0.0,0.0,0.0
2001-06-04,0.0,0.0,0.0,0.0,0.0
2001-06-05,0.0,0.0,0.0,0.0,0.0
2001-06-06,0.0,0.0,0.0,0.0,0.0
2001-06-07,0.0,0.0,0.0,0.0,0.0
2001-06-08,0.0,0.0,0.0,0.0,0.0
2001-06-09,0.0,0.0,0.0,0.0,0.0
2001-06-10,0.0,0.0,0.0,0.0,0.0
2001-06-11,0.0,0.0,0.0,0.0,0.0
2001-06-12,0.0,0.0,0.0,0.0,0.0
2001-06-13,0.0,0.0,0.0,0.0,0.0
2001-06-14,0.0,0.0,0.0,0.0,0.0
2001-06-15,0.0,0.0,0.0,0.0,0.0
2001-06-16,0.0,0.0,0.0,0.0,0.0
2001-06-17,0.0,0.0,0.0,0.0,0.0
2001-06-18,0.0,0.0,0.0,0.0,0.0
2001-06-19,0.0,0.0,0.0,0.0,0.0
2001-06-20,0.0,0.0,0.0,0.0,0.0
2001-06-21,0.0,0.0,0.0,0.0,0.0
2001-06-22,0.0,0.0,0.0,0.0,0.0
2001-06-23,0.0,0.0,0.0,0.0,0.0
2001-06-24,0.0,0.0,0.0,0.0,0.0
2001-06-25,0.0,0.0,0.0,0.0,0.0
2001-06-26,0.0,0.0,0.0,0.0,0.0
2001-06-27,0.0,0.0,0.0,0.0,0.0
2001-06-28,0.0,0.0,0.0,0.0,0.0
2001-06-29,0.0,0.0,0.0,0.0,0.0
2001-06-30,0.0,0.0,0.0,0.0,0.0
2001-07-01,0.0,0.0,0.0,0.0,0.0
2001-07-02,0.0,0.0,0.0,0.0,0.0
2001-07-03,0.0,0.0,0.0,0.0,0.0
2001-07-04,0.0,0.0,0.0,0.0,0.0
2001-07-05,0.0,0.0,0.0,0.0,0.0
2001-07-06,0.0,0.0,0.0,0.0,0.0
2001-07-07,0.0,0.0,0.0,0.0,0.0
2001-07-08,0.0,0.0,0.0,0.0,0.0
2001-07-09,0.0,0.0,0.0,0.0,0.0
2001-07-10,0.0,0.0,0.0,0.0,0.0
2001-07-11,0.0,0.0,0.0,0.0,0.0
2001-07-12,0.0,0.0,0.0,0.0,0.0
2001-07-13,0.0,0.0,0.0,0.0,0.0
2001-07-14,0.0,0.0,0.0,0.0,0.0
2001-07-15,0.0,0.0,0.0,0.0,0.0
2001-07-16,0.0,0.0,0.0,0.0,0.0
2001-07-17,0.0,0.0,0.0,0.0,0.0
2001-07-18,0.0,0.0,0.0,0.0,0.0
2001-07-19,0.0,0.0,0.0,0.0,0.0
2001-07-20,0.0,0.0,0.0,0.0,0.0
2001-07-21,0.0,0.0,0.0,0.0,0.0
2001-07-22,0.0,0.0,0.0,0.0,0.0
2001-07-23,0.0,0.0,0.0,0.0,0.0
2001-07-24,0.0,0.0,0.0,0.0,0.0
2001-07-25,0.0,0.0,0.0,0.0,0.0
2001-07-26,0.0,0.0,0.0,0.0,0.0
2001-07-27,0.0,0.0,0.0,0.0,0.0
2001-07-28,0.0,0.0,0.0,0.0,0.0
2001-07-29,0.0,0.0,0.0,0.0,0.0
2001-07-30,0.0,0.0,0.0,0.0,0.0
2001-07-31,0.0,0.0,0.0,0.0,0.0
2001-08-01,0.0,0.0,0.0,0.0,0.0
2001-08-02,0.0,0.0,0.0,0.0,0.0
2001-08-03,0.0,0.0,0.0,0.0,0.0
2001-08-04,0.0,0.0,0.0,0.0,0.0
2001-08-05,0.0,0.0,0.0,0.0,0.0
2001-08-06,0.0,0.0,0.0,0.0,0.0
2001-08-07,0.0,0.0,0.0,0.0,0.0
2001-08-08,0.0,0.0,0.0,0.0,0.0
2001-08-09,0.0,0.0,0.0,0.0,0.0
2001-08-10,0.0,0.0,0.0,0.0,0.0
2001-08-11,0.0,0.0,0.0,0.0,0.0
2001-08-12,0.0,0.0,0.0,0.0,0.0
2001-08-13,0.0,0.0,0.0,0.0,0.0
2001-08-14,0.0,0.0,0.0,0.0,0.0
2001-08-15,0.0,0.0,0.0,0.0,0.0
2001-08-16,0.0,0.0,0.0,0.0,0.0
2001-08-17,0.0,0.0,0.0,0.0,0.0
2001-08-18,0.0,0.0,0.0,0.0,0.0
2001-08-19,0.0,0.0,0.0,0.0,0.0
2001-08-20,0.0,0.0,0.0,0.0,0.0
2001-08-21,0.0,0.0,0.0,0.0,0.0
2001-08-22,0.0,0.0,0.0,0.0,0.0
2001-08-23,0.0,0.0,0.0,0.0,0.0
2001-08-24,0.0,0.0,0.0,0.0,0.0
2001-08-25,0.0,0.0,0.0,0.0,0.0
2001-08-26,0.0,0.0,0.0,0.0,0.0
2001-08-27,0.0,0.0,0.0,0.0,0.0
2001-08-28,0.0,0.0,0.0,0.0,0.0
2001-08-29,0.0,0.0,0.0,0.0,0.0
2001-08-30,0.0,0.0,0.0,0.0,0.0
2001-08-31,0.0,0.0,0.0,0.0,0.0
2001-09-01,0.0,0.0,0.0,0.0,0.0
2001-09-02,0.0,0.0,0.0,0.0,0.0
2001-09-03,0.0,0.0,0.0,0.0,0.0
2001-09-04,0.0,0.0,0.0,0.0,0.0
2001-09-05,0.0,0.0,0.0,0.0,0.0
2001-09-06,0.0,0.0,0.0,0.0,0.0
2001-09-07,0.0,0.0,0.0,0.0,0.0
2001-09-08,0.0,0.0,0.0,0.0,0.0
2001-09-09,0.0,0.0,0.0,0.0,0.0
2001-09-10,0.0,0.0,0.0,0.0,0.0
2001-09-11,0.0,0.0,0.0,0.0,0.0
2001-09-12,0.0,0.0,0.0,0.0,0.0
2001-09-13,0.0,0.0,0.0,0.0,0.0
2001-09-14,0.0,0.0,0.0,0.0,0.0
2001-09-15,0.0,0.0,0.0,0.0,0.0
2001-09-16,0.0,0.0,0.0,0.0,0.0
2001-09-17,0.0,0.0,0.0,0.0,0.0
2001-09-18,0.0,0.0,0.0,0.0,0.0
2001-09-19,0.0,0.0,0.0,0.0,0.0
2001-09-20,0.0,0.0,0.0,0.0,0.0
2001-09-21,0.0,0.0,0.0,0.0,0.0
2001-09-22,0.0,0.0,0.0,0.0,0.0
2001-09-23,0.0,0.0,0.0,0.0,0.0
2001-09-24,0.001,19.7,9.98,0.35,9.33
2001-09-25,0.578,142.85,19.18,27.98,95.69
2001-09-26,0.096,62.32,19.77,0.0,42.55
2001-09-27,0.013,30.83,19.69,0.0,11.15
2001-09-28,0.002,21.35,18.98,0.0,2.34
2001-09-29,0.001,16.62,15.86,0.0,0.73
2001-09-30,0.0,15.27,14.44,0.0,0.77
2001-10-01,0.0,14.35,13.76,0.0,0.81
2001-10-02,0.0,15.43,16.77,0.0,0.86
2001-10-03,0.0,11.57,10.77,0.0,0.65
2001-10-04,0.0,0.0,0.0,0.0,0.0
2001-10-05,0.0,11.57,11.8,0.01,0.77
2001-10-06,0.0,11.57,11.98,0.0,0.76
2001-10-07,0.0,0.0,0.0,0.0,0.0
2001-10-08,0.0,0.0,0.0,0.0,0.0
2001-10-09,0.0,0.0,0.0,0.0,0.0
2001-10-10,0.0,0.0,0.0,0.0,0.0
2001-10-11,0.0,0.0,0.0,0.0,0.0
2001-10-12,0.0,0.0,0.0,0.0,0.0
2001-10-13,0.0,0.0,0.0,0.0,0.0
2001-10-14,0.0,0.0,0.0,0.0,0.0
2001-10-15,0.0,0.0,0.0,0.0,0.0
2001-10-16,0.0,0.0,0.0,0.0,0.0
2001-10-17,0.0,0.0,0.0,0.0,0.0
2001-10-18,0.0,0.0,0.0,0.0,0.0
2001-10-19,0.0,0.0,0.0,0.0,0.0
2001-10-20,0.0,0.0,0.0,0.0,0.0
2001-10-21,0.0,0.0,0.0,0.0,0.0
2001-10-22,0.0,0.0,0.0,0.0,0.0
2001-10-23,0.0,0.0,0.0,0.0,0.0
2001-10-24,0.0,0.0,0.0,0.0,0.0
2001-10-25,0.0,0.0,0.0,0.0,0.0
2001-10-26,0.0,0.0,0.0,0.0,0.0
2001-10-27,0.0,0.0,0.0,0.0,0.0
2001-10-28,0.0,0.0,0.0,0.0,0.0
2001-10-29,0.0,0.0,0.0,0.0,0.0
2001-10-30,1.786,173.51,19.08,49.7,104.72
2001-10-31,0.205,84.35,19.76,0.0,64.59
2001-11-01,0.032,38.01,19.27,0.0,18.74
2001-11-02,0.008,20.35,17.41,0.0,2.95
2001-11-03,0.005,16.39,15.54,0.0,0.86
2001-11-04,0.003,15.83,14.99,0.0,0.79
2001-11-05,0.003,15.62,14.8,0.0,0.8
2001-11-06,0.002,15.5,14.7,0.0,0.79
2001-11-07,0.002,15.4,14.57,0.0,0.81
2001-11-08,0.002,15.55,14.72,0.0,0.8
2001-11-09,0.002,15.61,14.8,0.0,0.81
2001-11-10,0.16,29.92,12.1,0.31,17.51
2001-11-11,0.802,76.64,18.82,11.81,46.0
2001-11-12,6.767,452.49,23.44,177.06,251.99
2001-11-13,0.959,260.99,19.28,58.38,183.32
2001-11-14,0.211,86.96,17.28,0.0,69.68
2001-11-15,0.11,22.12,15.45,0.0,6.68
2001-11-16,0.079,15.88,14.78,0.0,1.1
2001-11-17,0.055,15.2,14.4,0.0,0.81
2001-11-18,0.047,15.11,14.31,0.0,0.8
2001-11-19,0.033,15.43,14.64,0.0,0.79
2001-11-20,0.03,15.36,14.55,0.0,0.81
2001-11-21,0.82,52.81,16.17,5.1,31.55
2001-11-22,0.94,54.55,19.42,2.04,33.09
2001-11-23,0.148,27.33,17.44,0.0,9.89
2001-11-24,5.079,350.15,21.31,134.99,193.86
2001-11-25,0.99,171.63,18.15,27.49,125.98
2001-11-26,0.336,47.1,16.02,0.0,31.08
2001-11-27,0.219,17.79,14.85,0.0,2.94
2001-11-28,1.423,116.11,14.81,39.16,62.13
2001-11-29,6.056,257.97,20.4,95.21,142.36
2001-11-30,1.506,60.38,16.25,5.76,38.38
2001-12-01,6.137,161.93,17.99,58.63,85.32
2001-12-02,16.315,1390.69,22.46,589.53,778.7
2001-12-03,12.261,95.15,19.18,32.74,43.23
2001-12-04,8.556,24.3,17.21,2.68,4.4
2001-12-05,8.244,31.83,16.78,6.06,9.0
2001-12-06,7.877,23.12,16.6,2.5,4.02
2001-12-07,6.339,17.58,15.33,0.79,1.46
2001-12-08,5.467,16.54,14.67,0.7,1.18
2001-12-09,4.856,17.42,14.5,1.16,1.76
2001-12-10,4.293,16.59,14.53,0.79,1.28
2001-12-11,3.751,16.4,14.58,0.69,1.14
2001-12-12,3.314,16.47,14.68,0.67,1.12
2001-12-13,3.383,35.55,14.52,8.78,12.26
2001-12-14,8.987,641.53,18.05,268.95,354.54
2001-12-15,5.811,53.19,15.1,14.17,23.92
2001-12-16,4.676,20.3,14.86,1.44,4.0
2001-12-17,6.898,133.73,16.52,50.25,66.96
2001-12-18,5.457,26.37,15.08,3.74,7.55
2001-12-19,4.557,17.84,14.95,0.92,1.97
2001-12-20,6.431,65.84,16.54,21.03,28.28
2001-12-21,6.386,31.43,15.71,6.51,9.21
2001-12-22,9.158,295.9,17.5,120.0,158.4
2001-12-23,8.761,44.87,17.23,11.88,15.76
2001-12-24,6.793,19.9,15.9,1.61,2.4
2001-12-25,5.71,17.39,15.36,0.75,1.28
2001-12-26,4.858,17.26,15.43,0.68,1.15
2001-12-27,4.252,17.31,15.56,0.62,1.14
2001-12-28,18.735,1237.91,22.52,524.5,690.89
2001-12-29,20.924,107.95,22.09,37.06,48.8
2001-12-30,23.475,364.87,22.92,147.35,194.59
2001-12-31,26.579,189.84,24.58,71.3,93.96
2002-01-01,21.266,232.88,22.06,91.0,119.82
2002-01-02,35.419,507.1,26.27,206.7,274.13
2002-01-03,26.9,34.93,24.49,4.46,5.98
2002-01-04,19.458,23.95,21.63,1.01,1.32
2002-01-05,18.507,93.3,21.01,31.22,41.07
2002-01-06,18.211,33.58,21.08,5.4,7.1
2002-01-07,13.87,22.05,19.52,1.09,1.44
2002-01-08,10.895,20.43,18.38,0.89,1.17
2002-01-09,8.585,19.32,17.31,0.87,1.14
2002-01-10,6.894,18.64,16.64,0.86,1.14
2002-01-11,5.51,18.7,16.73,0.83,1.14
2002-01-12,4.395,18.73,16.91,0.69,1.14
2002-01-13,3.523,18.66,17.09,0.43,1.14
2002-01-14,2.805,18.55,17.27,0.15,1.14
2002-01-15,2.173,18.65,17.5,0.02,1.13
2002-01-16,1.74,18.85,17.72,0.01,1.13
2002-01-17,1.419,18.99,17.88,0.0,1.1
2002-01-18,1.113,19.16,18.12,0.0,1.04
2002-01-19,0.872,19.28,18.31,0.0,0.97
2002-01-20,0.698,19.41,18.49,0.0,0.92
2002-01-21,0.618,19.69,18.78,0.0,0.9
2002-01-22,0.424,19.79,18.94,0.0,0.85
2002-01-23,0.351,19.86,19.01,0.0,0.85
2002-01-24,0.292,20.13,19.29,0.0,0.84
2002-01-25,0.231,20.47,19.65,0.0,0.82
2002-01-26,1.993,53.89,17.14,6.97,29.79
2002-01-27,1.694,22.23,16.17,0.01,6.05
2002-01-28,1.539,19.05,15.73,0.07,3.26
2002-01-29,1.248,17.18,15.79,0.0,1.38
2002-01-30,0.977,16.99,15.93,0.0,1.06
2002-01-31,0.804,17.02,16.03,0.0,0.99
2002-02-01,0.72,17.09,16.13,0.0,0.95
2002-02-02,0.567,17.22,16.32,0.0,0.9
2002-02-03,0.451,17.29,16.42,0.0,0.87
2002-02-04,0.361,17.37,16.52,0.0,0.85
2002-02-05,0.288,17.48,16.65,0.0,0.83
2002-02-06,0.214,17.65,16.84,0.0,0.81
2002-02-07,0.211,25.13,15.48,0.02,9.63
2002-02-08,0.334,19.93,14.57,0.0,5.36
2002-02-09,0.885,63.12,16.72,8.0,38.4
2002-02-10,0.486,18.14,15.41,0.0,2.73
2002-02-11,0.381,16.17,15.21,0.0,0.97
2002-02-12,0.301,16.02,15.16,0.0,0.86
2002-02-13,0.233,15.97,15.15,0.0,0.83
2002-02-14,0.195,15.96,15.15,0.0,0.82
2002-02-15,0.155,16.05,15.25,0.0,0.8
2002-02-16,0.49,83.06,16.7,15.43,50.93
2002-02-17,3.057,95.52,18.17,25.32,52.03
2002-02-18,1.555,26.86,16.38,0.01,10.48
2002-02-19,2.365,31.56,16.43,3.89,11.23
2002-02-20,3.721,31.23,16.29,4.46,10.47
2002-02-21,2.866,18.47,15.51,0.71,2.25
2002-02-22,2.243,17.01,15.35,0.4,1.26
2002-02-23,1.824,16.42,15.28,0.04,1.11
2002-02-24,1.531,16.54,15.44,0.01,1.08
2002-02-25,1.233,16.67,15.6,0.01,1.06
2002-02-26,0.99,16.71,15.66,0.0,1.04
2002-02-27,0.801,16.71,15.7,0.0,1.01
2002-02-28,0.674,16.73,15.76,0.0,0.97
2002-03-01,0.376,16.94,16.09,0.0,0.86
2002-03-02,0.365,16.81,15.94,0.0,0.87
2002-03-03,0.318,16.7,15.84,0.0,0.86
2002-03-04,0.263,16.74,15.9,0.0,0.84
2002-03-05,0.21,16.73,15.91,0.0,0.82
2002-03-06,1.025,88.31,15.75,22.57,49.98
2002-03-07,3.175,78.46,17.27,19.37,41.83
2002-03-08,1.803,27.41,15.37,0.03,12.01
2002-03-09,1.458,16.79,14.64,0.01,2.14
2002-03-10,3.937,67.63,16.45,18.72,32.45
2002-03-11,2.555,21.2,14.96,0.96,5.29
2002-03-12,1.959,16.7,14.74,0.39,1.56
2002-03-13,1.381,15.49,14.36,0.02,1.12
2002-03-14,1.177,15.59,14.51,0.01,1.08
2002-03-15,1.025,15.62,14.55,0.0,1.07
2002-03-16,0.826,15.58,14.53,0.0,1.05
2002-03-17,2.059,94.97,17.01,23.5,54.45
2002-03-18,1.159,31.32,15.95,0.0,15.36
2002-03-19,0.855,17.47,15.25,0.0,2.22
2002-03-20,0.692,16.23,15.16,0.0,1.07
2002-03-21,0.552,16.16,15.21,0.0,0.95
2002-03-22,0.552,15.03,14.0,0.0,1.02
2002-03-23,2.416,57.05,17.21,9.08,30.76
2002-03-24,1.285,21.66,15.14,0.01,6.51
2002-03-25,0.976,15.97,14.5,0.0,1.46
2002-03-26,0.777,15.54,14.46,0.0,1.08
2002-03-27,0.623,15.54,14.52,0.0,1.01
2002-03-28,0.497,15.52,14.56,0.0,0.96
2002-03-29,0.397,15.43,14.51,0.0,0.92
2002-03-30,0.32,15.32,14.43,0.0,0.88
2002-03-31,0.253,15.18,14.32,0.0,0.86
2002-04-01,0.193,14.96,14.13,0.0,0.83
2002-04-02,0.14,14.58,13.77,0.0,0.81
2002-04-03,0.102,14.22,13.42,0.0,0.8
2002-04-04,0.071,14.06,13.28,0.0,0.79
2002-04-05,0.045,13.95,13.18,0.0,0.77
2002-04-06,0.024,13.56,12.83,0.0,0.73
2002-04-07,0.013,13.77,13.06,0.0,0.72
2002-04-08,0.004,14.24,13.56,0.0,0.68
2002-04-09,0.0,14.01,14.5,0.0,0.14
2002-04-10,0.0,11.57,11.89,0.0,0.03
2002-04-11,0.0,0.0,0.0,0.0,0.0
2002-04-12,0.0,0.0,0.0,0.0,0.0
2002-04-13,0.0,0.0,0.0,0.0,0.0
2002-04-14,0.0,0.0,0.0,0.0,0.0
2002-04-15,0.0,0.0,0.0,0.0,0.0
2002-04-16,0.0,0.0,3.14,0.47,1.21
2002-04-17,0.289,66.24,20.51,3.14,42.58
2002-04-18,0.047,42.86,20.55,0.0,22.32
2002-04-19,0.007,26.26,20.56,0.0,5.69
2002-04-20,0.001,21.73,20.44,0.0,1.25
2002-04-21,0.0,21.49,21.02,0.0,0.37
2002-04-22,0.0,17.36,18.69,0.0,0.1
2002-04-23,0.0,11.57,11.98,0.0,0.01
2002-04-24,0.0,0.0,0.0,0.0,0.0
2002-04-25,0.0,0.0,0.0,0.0,0.0
2002-04-26,0.0,0.0,0.0,0.0,0.0
2002-04-27,0.0,0.0,0.0,0.0,0.0
2002-04-28,0.0,0.0,0.0,0.0,0.0
2002-04-29,0.001,19.86,12.7,0.13,7.12
2002-04-30,0.0,14.37,13.45,0.0,0.79
2002-05-01,0.0,11.57,11.31,0.0,0.33
2002-05-02,0.0,0.0,0.0,0.0,0.0
2002-05-03,0.0,0.0,0.0,0.0,0.0
2002-05-04,0.0,0.0,0.0,0.0,0.0
2002-05-05,0.0,0.0,0.0,0.0,0.0
2002-05-06,0.0,0.0,0.0,0.0,0.0
2002-05-07,0.0,0.0,0.0,0.0,0.0
2002-05-08,0.0,0.0,0.0,0.0,0.0
2002-05-09,0.0,0.0,0.0,0.0,0.0
2002-05-10,0.0,0.0,0.0,0.0,0.0
2002-05-11,0.0,0.0,0.0,0.0,0.0
2002-05-12,0.0,0.0,0.0,0.0,0.0
2002-05-13,0.0,0.0,0.0,0.0,0.0
2002-05-14,0.0,0.0,0.0,0.0,0.0
2002-05-15,0.0,0.0,0.0,0.0,0.0
2002-05-16,0.0,0.0,0.0,0.0,0.0
2002-05-17,0.0,0.0,0.0,0.0,0.0
2002-05-18,0.0,0.0,0.0,0.0,0.0
2002-05-19,1.963,192.74,19.27,64.18,109.29
2002-05-20,1.074,69.97,18.79,0.58,50.61
2002-05-21,1.686,103.67,19.79,20.44,63.45
2002-05-22,0.16,53.79,19.45,0.0,34.34
2002-05-23,0.036,24.87,17.92,0.0,6.96
2002-05-24,0.016,17.27,16.09,0.0,1.18
2002-05-25,0.01,16.15,15.37,0.0,0.79
2002-05-26,0.008,15.97,15.19,0.0,0.79
2002-05-27,0.007,15.9,15.1,0.0,0.8
2002-05-28,0.006,16.04,15.26,0.0,0.79
2002-05-29,0.004,16.15,15.36,0.0,0.78
2002-05-30,0.003,16.21,15.4,0.0,0.79
2002-05-31,0.002,16.34,15.54,0.0,0.79
2002-06-01,0.002,16.14,15.35,0.0,0.79
2002-06-02,0.002,16.19,15.32,0.0,0.79
2002-06-03,0.001,16.36,15.67,0.0,0.79
2002-06-04,0.001,16.49,15.67,0.0,0.78
2002-06-05,0.0,16.89,16.19,0.0,0.76
2002-06-06,0.0,17.89,18.12,0.0,0.74
2002-06-07,0.0,23.15,21.67,0.0,0.16
2002-06-08,0.0,0.0,0.0,0.0,0.0
2002-06-09,0.0,0.0,0.0,0.0,0.0
2002-06-10,0.0,0.0,0.0,0.0,0.0
2002-06-11,0.0,0.0,0.0,0.0,0.0
2002-06-12,0.0,0.0,0.0,0.0,0.0
2002-06-13,0.0,0.0,0.0,0.0,0.0
2002-06-14,0.0,0.0,0.0,0.0,0.0
2002-06-15,0.0,0.0,0.0,0.0,0.0
2002-06-16,0.0,0.0,0.0,0.0,0.0
2002-06-17,0.0,0.0,0.0,0.0,0.0
2002-06-18,0.0,0.0,0.0,0.0,0.0
2002-06-19,0.0,0.0,0.0,0.0,0.0
2002-06-20,0.0,0.0,0.0,0.0,0.0
2002-06-21,0.0,0.0,0.0,0.0,0.0
2002-06-22,0.0,0.0,0.0,0.0,0.0
2002-06-23,0.0,0.0,0.0,0.0,0.0
2002-06-24,0.0,0.0,0.0,0.0,0.0
2002-06-25,0.0,0.0,0.0,0.0,0.0
2002-06-26,0.0,0.0,0.0,0.0,0.0
2002-06-27,0.0,0.0,0.0,0.0,0.0
2002-06-28,0.0,0.0,0.0,0.0,0.0
2002-06-29,0.0,0.0,0.0,0.0,0.0
2002-06-30,0.0,0.0,0.0,0.0,0.0
2002-07-01,0.0,0.0,0.0,0.0,0.0
2002-07-02,0.0,0.0,0.0,0.0,0.0
2002-07-03,0.0,0.0,0.0,0.0,0.0
2002-07-04,0.0,0.0,0.0,0.0,0.0
2002-07-05,0.0,0.0,0.0,0.0,0.0
2002-07-06,0.0,0.0,0.0,0.0,0.0
2002-07-07,0.0,0.0,0.0,0.0,0.0
2002-07-08,0.0,0.0,0.0,0.0,0.0
2002-07-09,0.0,0.0,0.0,0.0,0.0
2002-07-10,0.0,0.0,0.0,0.0,0.0
2002-07-11,0.0,0.0,0.0,0.0,0.0
2002-07-12,0.0,0.0,0.0,0.0,0.0
2002-07-13,0.0,0.0,0.0,0.0,0.0
2002-07-14,0.0,0.0,0.0,0.0,0.0
2002-07-15,0.0,0.0,0.0,0.0,0.0
2002-07-16,0.0,0.0,0.0,0.0,0.0
2002-07-17,0.0,0.0,0.0,0.0,0.0
2002-07-18,0.0,0.0,0.0,0.0,0.0
2002-07-19,0.0,0.0,0.0,0.0,0.0
2002-07-20,0.0,0.0,0.0,0.0,0.0
2002-07-21,0.0,0.0,0.0,0.0,0.0
2002-07-22,0.0,0.0,0.0,0.0,0.0
2002-07-23,0.0,0.0,0.0,0.0,0.0
2002-07-24,0.0,0.0,0.0,0.0,0.0
2002-07-25,0.0,0.0,0.0,0.0,0.0
2002-07-26,0.0,0.0,0.0,0.0,0.0
2002-07-27,0.0,0.0,0.0,0.0,0.0
2002-07-28,0.0,0.0,0.0,0.0,0.0
2002-07-29,0.0,0.0,0.0,0.0,0.0
2002-07-30,0.0,0.0,0.0,0.0,0.0
2002-07-31,0.0,0.0,0.0,0.0,0.0
2002-08-01,0.0,0.0,0.0,0.0,0.0
2002-08-02,0.0,0.0,0.0,0.0,0.0
2002-08-03,0.0,0.0,0.0,0.0,0.0
2002-08-04,0.0,0.0,0.0,0.0,0.0
2002-08-05,0.0,0.0,0.0,0.0,0.0
2002-08-06,0.0,0.0,0.0,0.0,0.0
2002-08-07,0.0,0.0,0.0,0.0,0.0
2002-08-08,0.0,0.0,0.0,0.0,0.0
2002-08-09,0.0,0.0,0.0,0.0,0.0
2002-08-10,0.0,0.0,0.0,0.0,0.0
2002-08-11,0.0,0.0,0.0,0.0,0.0
2002-08-12,0.0,0.0,0.0,0.0,0.0
2002-08-13,0.0,0.0,0.0,0.0,0.0
2002-08-14,0.0,0.0,0.0,0.0,0.0
2002-08-15,0.0,0.0,0.0,0.0,0.0
2002-08-16,0.0,0.0,0.0,0.0,0.0
2002-08-17,0.0,0.0,0.0,0.0,0.0
2002-08-18,0.0,0.0,0.0,0.0,0.0
2002-08-19,0.0,0.0,0.0,0.0,0.0
2002-08-20,0.0,0.0,0.0,0.0,0.0
2002-08-21,0.0,0.0,0.0,0.0,0.0
2002-08-22,0.0,0.0,0.0,0.0,0.0
2002-08-23,0.0,0.0,0.0,0.0,0.0
2002-08-24,0.0,0.0,0.0,0.0,0.0
2002-08-25,0.0,0.0,0.0,0.0,0.0
2002-08-26,0.0,0.0,0.0,0.0,0.0
2002-08-27,0.0,0.0,0.0,0.0,0.0
2002-08-28,0.0,0.0,0.0,0.0,0.0
2002-08-29,0.0,0.0,0.0,0.0,0.0
2002-08-30,0.0,0.0,0.0,0.0,0.0
2002-08-31,0.0,0.0,0.0,0.0,0.0
2002-09-01,0.0,0.0,0.0,0.0,0.0
2002-09-02,0.0,0.0,0.0,0.0,0.0
2002-09-03,0.0,0.0,0.0,0.0,0.0
2002-09-04,0.0,0.0,0.0,0.0,0.0
2002-09-05,0.0,0.0,0.0,0.0,0.0
2002-09-06,0.0,0.0,0.0,0.0,0.0
2002-09-07,0.0,0.0,0.0,0.0,0.0
2002-09-08,0.0,0.0,0.0,0.0,0.0
2002-09-09,0.0,0.0,0.0,0.0,0.0
2002-09-10,0.0,0.0,0.0,0.0,0.0
2002-09-11,0.0,0.0,0.0,0.0,0.0
2002-09-12,0.0,0.0,0.0,0.0,0.0
2002-09-13,0.0,0.0,0.0,0.0,0.0
2002-09-14,0.0,0.0,0.0,0.0,0.0
2002-09-15,0.0,0.0,0.0,0.0,0.0
2002-09-16,0.0,0.0,0.0,0.0,0.0
2002-09-17,0.0,0.0,0.0,0.0,0.0
2002-09-18,0.0,0.0,0.0,0.0,0.0
2002-09-19,0.0,0.0,0.0,0.0,0.0
2002-09-20,0.0,0.0,0.0,0.0,0.0
2002-09-21,0.0,0.0,0.0,0.0,0.0
2002-09-22,0.0,0.0,0.0,0.0,0.0
2002-09-23,0.0,0.0,0.0,0.0,0.0
2002-09-24,0.0,0.0,0.0,0.0,0.0
2002-09-25,0.0,0.0,0.0,0.0,0.0
2002-09-26,0.0,0.0,0.0,0.0,0.0
2002-09-27,0.0,0.0,0.0,0.0,0.0
2002-09-28,0.0,0.0,0.0,0.0,0.0
2002-09-29,0.0,0.0,0.0,0.0,0.0
2002-09-30,0.0,0.0,0.0,0.0,0.0
2002-10-01,0.0,0.0,0.0,0.0,0.0
2002-10-02,0.0,0.0,0.0,0.0,0.0
2002-10-03,0.0,0.0,0.0,0.0,0.0
2002-10-04,0.0,0.0,0.0,0.0,0.0
2002-10-05,0.0,0.0,0.0,0.0,0.0
2002-10-06,0.0,0.0,0.0,0.0,0.0
2002-10-07,0.0,0.0,0.0,0.0,0.0
2002-10-08,0.0,0.0,0.0,0.0,0.0
2002-10-09,0.0,0.0,0.0,0.0,0.0
2002-10-10,0.0,0.0,0.0,0.0,0.0
2002-10-11,0.0,0.0,0.0,0.0,0.0
2002-10-12,0.0,0.0,0.0,0.0,0.0
2002-10-13,0.0,0.0,0.0,0.0,0.0
2002-10-14,0.0,0.0,0.0,0.0,0.0
2002-10-15,0.0,0.0,0.0,0.0,0.0
2002-10-16,0.0,0.0,0.0,0.0,0.0
2002-10-17,0.0,0.0,0.0,0.0,0.0
2002-10-18,0.0,0.0,0.0,0.0,0.0
2002-10-19,0.0,0.0,0.0,0.0,0.0
2002-10-20,0.0,0.0,0.0,0.0,0.0
2002-10-21,0.0,0.0,0.0,0.0,0.0
2002-10-22,0.0,0.0,0.0,0.0,0.0
2002-10-23,0.0,0.0,0.0,0.0,0.0
2002-10-24,0.0,0.0,0.0,0.0,0.0
2002-10-25,0.0,0.0,0.0,0.0,0.0
2002-10-26,0.0,0.0,0.0,0.0,0.0
2002-10-27,0.0,0.0,0.0,0.0,0.0
2002-10-28,0.0,0.0,0.0,0.0,0.0
2002-10-29,0.0,0.0,0.0,0.0,0.0
2002-10-30,0.0,0.0,0.0,0.0,0.0
2002-10-31,0.0,0.0,0.0,0.0,0.0
2002-11-01,0.0,0.0,0.0,0.0,0.0
2002-11-02,0.0,0.0,0.0,0.0,0.0
2002-11-03,0.0,0.0,0.0,0.0,0.0
2002-11-04,0.0,0.0,0.0,0.0,0.0
2002-11-05,0.0,0.0,0.0,0.0,0.0
2002-11-06,0.0,0.0,0.0,0.0,0.0
2002-11-07,4.83,255.95,20.63,93.31,142.02
2002-11-08,15.408,722.56,28.5,295.16,398.9
2002-11-09,2.854,277.04,17.38,90.13,169.54
2002-11-10,1.768,68.15,16.01,5.97,46.17
2002-11-11,0.972,26.17,15.14,0.01,11.02
2002-11-12,0.737,16.24,14.53,0.0,1.72
2002-11-13,0.628,15.52,14.5,0.0,1.02
2002-11-14,0.523,15.51,14.56,0.0,0.95
2002-11-15,0.445,15.47,14.56,0.0,0.92
2002-11-16,0.391,15.4,14.5,0.0,0.9
2002-11-17,0.345,15.21,14.33,0.0,0.89
2002-11-18,0.317,15.2,14.32,0.0,0.88
2002-11-19,0.272,15.1,14.24,0.0,0.86
2002-11-20,0.222,14.79,13.95,0.0,0.84
2002-11-21,0.207,14.8,13.96,0.0,0.84
2002-11-22,0.188,14.67,13.83,0.0,0.83
2002-11-23,0.176,14.57,13.74,0.0,0.83
2002-11-24,0.156,14.5,13.68,0.0,0.82
2002-11-25,0.114,14.87,14.06,0.0,0.81
2002-11-26,0.019,13.02,12.52,0.0,0.5
2002-11-27,0.046,13.73,12.92,0.0,0.81
2002-11-28,0.053,13.54,12.74,0.0,0.8
2002-11-29,0.054,13.55,12.76,0.0,0.79
2002-11-30,0.046,13.69,12.92,0.0,0.78
2002-12-01,0.037,13.41,12.65,0.0,0.76
2002-12-02,0.035,13.52,12.75,0.0,0.77
2002-12-03,0.029,13.67,12.91,0.0,0.76
2002-12-04,0.021,13.39,12.65,0.0,0.74
2002-12-05,0.02,13.56,12.8,0.0,0.76
2002-12-06,0.015,13.82,13.06,0.0,0.75
2002-12-07,0.008,13.19,12.48,0.0,0.71
2002-12-08,0.009,13.62,12.86,0.0,0.76
2002-12-09,0.768,52.33,18.36,1.74,32.24
2002-12-10,1.182,69.48,18.61,9.49,41.38
2002-12-11,0.199,37.62,18.37,0.0,19.25
2002-12-12,0.064,19.14,16.06,0.0,3.08
2002-12-13,7.965,297.24,22.71,114.63,159.9
2002-12-14,12.702,1524.87,22.16,647.06,855.65
2002-12-15,9.289,361.94,17.16,148.17,196.62
2002-12-16,27.911,2258.51,25.3,963.23,1269.98
2002-12-17,19.082,98.75,21.54,33.32,43.89
2002-12-18,13.49,25.86,19.74,2.63,3.49
2002-12-19,21.754,2131.76,24.47,908.97,1198.31
2002-12-20,30.846,333.88,24.98,133.08,175.82
2002-12-21,30.122,60.34,25.34,14.95,20.05
2002-12-22,22.366,27.76,22.6,2.23,2.93
2002-12-23,17.411,22.9,20.64,0.97,1.28
2002-12-24,14.045,21.55,19.51,0.88,1.16
2002-12-25,11.446,20.53,18.52,0.87,1.14
2002-12-26,9.574,20.61,17.61,1.3,1.71
2002-12-27,8.871,21.49,17.26,1.83,2.41
2002-12-28,13.895,425.77,19.71,175.35,230.72
2002-12-29,17.928,109.84,21.07,38.33,50.44
2002-12-30,13.165,25.61,19.3,2.72,3.58
2002-12-31,18.928,314.85,21.09,126.85,166.91
2003-01-01,14.651,31.23,19.82,4.92,6.48
2003-01-02,11.195,21.1,18.49,1.13,1.48
2003-01-03,8.804,19.45,17.38,0.89,1.18
2003-01-04,7.138,18.61,16.61,0.87,1.14
2003-01-05,5.815,18.59,16.62,0.84,1.14
2003-01-06,4.541,18.66,16.8,0.73,1.13
2003-01-07,3.701,18.6,16.94,0.52,1.14
2003-01-08,3.069,18.51,17.11,0.27,1.14
2003-01-09,4.151,87.63,17.44,29.79,40.4
2003-01-10,9.926,152.21,18.18,57.76,76.27
2003-01-11,10.747,61.35,18.33,18.57,24.45
2003-01-12,8.109,23.75,16.91,2.63,4.21
2003-01-13,7.232,25.14,16.33,2.08,6.72
2003-01-14,5.944,26.3,15.76,0.89,9.66
2003-01-15,4.96,30.33,15.73,0.61,14.0
2003-01-16,4.079,34.87,15.73,0.52,18.62
2003-01-17,3.386,39.2,15.74,0.41,23.05
2003-01-18,2.845,43.07,15.79,0.2,27.08
2003-01-19,2.386,46.92,15.83,0.13,30.96
2003-01-20,2.001,50.55,15.87,0.09,34.59
2003-01-21,3.738,54.35,16.43,6.88,31.04
2003-01-22,4.034,42.91,15.43,4.42,23.06
2003-01-23,6.187,51.11,16.21,9.89,25.01
2003-01-24,5.301,33.56,15.35,1.36,16.85
2003-01-25,4.299,36.16,15.27,0.58,20.31
2003-01-26,3.564,40.6,15.28,0.46,24.87
2003-01-27,3.001,44.73,15.28,0.29,29.15
2003-01-28,2.488,49.25,15.27,0.15,33.83
2003-01-29,2.079,53.54,15.25,0.12,38.17
2003-01-30,1.704,58.42,15.2,0.08,43.13
2003-01-31,1.399,63.12,15.21,0.01,47.89
2003-02-01,1.141,67.93,15.21,0.0,52.71
2003-02-02,0.917,72.99,15.1,0.0,57.89
2003-02-03,0.802,72.79,15.21,0.0,57.58
2003-02-04,0.632,77.41,15.34,0.0,62.07
2003-02-05,0.339,100.75,14.43,0.0,86.32
2003-02-06,0.368,75.64,15.31,0.0,60.33
2003-02-07,0.197,94.5,14.57,0.0,79.93
2003-02-08,0.19,71.73,15.44,0.0,56.29
2003-02-09,0.139,62.79,16.08,0.0,46.71
2003-02-10,0.081,52.25,17.13,0.0,35.11
2003-02-11,0.034,29.97,19.87,0.0,10.1
2003-02-12,1.136,91.09,17.17,21.46,52.47
2003-02-13,2.959,49.01,16.43,7.37,25.21
2003-02-14,2.183,20.41,14.98,0.55,4.87
2003-02-15,2.865,55.91,13.24,16.86,25.82
2003-02-16,9.731,400.42,19.65,163.16,217.6
2003-02-17,5.993,44.51,15.41,9.56,19.53
2003-02-18,4.71,26.45,14.91,0.98,10.56
2003-02-19,3.936,27.83,14.92,0.63,12.28
2003-02-20,3.242,31.03,14.86,0.52,15.65
2003-02-21,2.756,33.98,14.86,0.42,18.7
2003-02-22,2.311,37.03,14.87,0.24,21.93
2003-02-23,1.963,39.71,14.84,0.15,24.72
2003-02-24,1.665,42.28,14.81,0.1,27.37
2003-02-25,1.38,45.36,14.9,0.01,30.45
2003-02-26,1.153,47.82,14.9,0.0,32.91
2003-02-27,0.972,49.46,14.8,0.0,34.66
2003-02-28,0.834,50.19,14.95,0.0,35.24
2003-03-01,0.65,52.99,14.76,0.0,38.23
2003-03-02,0.549,51.06,14.9,0.0,36.16
2003-03-03,0.435,48.82,14.97,0.0,33.85
2003-03-04,0.337,45.68,15.07,0.0,30.61
2003-03-05,0.257,41.39,15.3,0.0,26.1
2003-03-06,0.186,35.33,15.62,0.0,19.7
2003-03-07,0.122,25.35,16.24,0.0,9.11
2003-03-08,0.075,18.18,16.8,0.0,1.38
2003-03-09,0.046,17.96,17.16,0.0,0.79
2003-03-10,0.023,18.52,17.78,0.0,0.75
2003-03-11,0.006,19.07,18.42,0.0,0.67
2003-03-12,0.001,17.56,17.63,0.0,0.15
2003-03-13,0.0,15.91,17.2,0.0,0.03
2003-03-14,1.583,75.33,14.75,14.69,45.9
2003-03-15,7.822,356.56,20.43,141.91,194.22
2003-03-16,4.39,65.22,14.6,13.67,36.95
2003-03-17,3.509,22.42,13.7,1.73,6.99
2003-03-18,2.857,19.96,13.45,0.79,5.72
2003-03-19,2.463,22.9,13.38,0.69,8.82
2003-03-20,2.407,27.35,13.27,1.69,12.39
2003-03-21,2.129,27.75,13.27,0.64,13.84
2003-03-22,1.836,30.42,13.24,0.41,16.78
2003-03-23,2.217,43.04,14.51,3.6,24.93
2003-03-24,1.608,34.21,13.58,0.34,20.29
2003-03-25,1.299,36.51,13.34,0.08,23.08
2003-03-26,1.052,39.77,13.19,0.01,26.57
2003-03-27,0.877,42.22,13.15,0.0,29.07
2003-03-28,0.702,45.4,13.12,0.0,32.28
2003-03-29,0.58,46.76,12.92,0.0,33.84
2003-03-30,0.484,46.76,12.88,0.0,33.87
2003-03-31,0.355,48.19,12.76,0.0,35.43
2003-04-01,0.255,47.49,12.55,0.0,34.94
2003-04-02,0.19,44.43,12.6,0.0,31.83
2003-04-03,0.15,37.08,12.59,0.0,24.49
2003-04-04,1.776,98.84,18.66,21.23,58.95
2003-04-05,0.372,41.26,16.51,0.0,24.76
2003-04-06,0.166,17.15,13.93,0.0,3.22
2003-04-07,0.135,14.11,13.19,0.0,0.92
2003-04-08,0.098,13.73,12.92,0.0,0.8
2003-04-09,0.065,13.72,12.95,0.0,0.77
2003-04-10,0.039,13.69,12.96,0.0,0.74
2003-04-11,0.024,13.83,13.1,0.0,0.73
2003-04-12,2.778,180.69,18.93,64.39,97.37
2003-04-13,3.526,181.07,19.39,63.39,98.3
2003-04-14,0.851,57.67,16.25,0.03,41.4
2003-04-15,0.468,20.42,14.47,0.0,5.95
2003-04-16,0.345,14.75,13.57,0.0,1.18
2003-04-17,0.283,14.36,13.46,0.0,0.9
2003-04-18,0.217,14.26,13.4,0.0,0.85
2003-04-19,0.163,13.96,13.13,0.0,0.83
2003-04-20,0.119,13.91,13.11,0.0,0.81
2003-04-21,0.079,13.75,12.98,0.0,0.76
2003-04-22,0.063,13.66,12.91,0.0,0.76
2003-04-23,0.054,13.77,13.01,0.0,0.76
2003-04-24,0.701,60.09,17.76,4.18,38.15
2003-04-25,0.317,31.28,14.59,0.05,16.64
2003-04-26,0.151,16.49,13.65,0.0,2.84
2003-04-27,0.433,51.46,12.03,8.06,31.37
2003-04-28,0.905,67.35,19.87,5.21,42.26
2003-04-29,0.645,29.44,17.58,0.03,11.83
2003-04-30,0.232,18.05,15.18,0.0,2.87
2003-05-01,0.134,14.4,13.49,0.0,0.91
2003-05-02,0.47,72.93,15.59,9.56,47.77
2003-05-03,3.894,145.97,19.35,47.81,78.81
2003-05-04,0.749,52.44,17.11,0.23,35.1
2003-05-05,0.343,20.27,14.55,0.0,5.71
2003-05-06,0.248,14.47,13.34,0.0,1.13
2003-05-07,0.18,14.06,13.22,0.0,0.85
2003-05-08,0.118,13.87,13.08,0.0,0.79
2003-05-09,0.113,13.74,12.93,0.0,0.81
2003-05-10,0.092,13.77,12.98,0.0,0.79
2003-05-11,0.07,13.75,12.98,0.0,0.77
2003-05-12,0.049,13.86,13.1,0.0,0.76
2003-05-13,0.025,13.97,13.26,0.0,0.71
2003-05-14,0.016,13.9,13.2,0.0,0.72
2003-05-15,0.01,14.15,13.44,0.0,0.73
2003-05-16,0.004,14.79,14.15,0.0,0.66
2003-05-17,0.001,17.2,16.58,0.0,0.53
2003-05-18,0.0,18.25,17.98,0.0,0.57
2003-05-19,0.0,21.99,22.02,0.0,0.68
2003-05-20,0.0,17.36,20.51,0.0,0.29
2003-05-21,0.0,0.0,0.0,0.0,0.0
2003-05-22,0.0,0.0,0.0,0.0,0.0
2003-05-23,0.0,0.0,0.0,0.0,0.0
2003-05-24,0.0,0.0,0.0,0.0,0.0
2003-05-25,0.0,0.0,0.0,0.0,0.0
2003-05-26,0.0,0.0,0.0,0.0,0.0
2003-05-27,0.0,0.0,0.0,0.0,0.0
2003-05-28,0.0,0.0,0.0,0.0,0.0
2003-05-29,0.0,0.0,0.0,0.0,0.0
2003-05-30,0.0,0.0,0.0,0.0,0.0
2003-05-31,0.0,0.0,0.0,0.0,0.0
2003-06-01,0.0,0.0,0.0,0.0,0.0
2003-06-02,0.0,0.0,0.0,0.0,0.0
2003-06-03,0.0,0.0,0.0,0.0,0.0
2003-06-04,0.0,0.0,0.0,0.0,0.0
2003-06-05,0.0,0.0,0.0,0.0,0.0
2003-06-06,0.0,0.0,0.0,0.0,0.0
2003-06-07,0.0,0.0,0.0,0.0,0.0
2003-06-08,0.0,0.0,0.0,0.0,0.0
2003-06-09,0.0,0.0,0.0,0.0,0.0
2003-06-10,0.0,0.0,0.0,0.0,0.0
2003-06-11,0.0,0.0,0.0,0.0,0.0
2003-06-12,0.0,0.0,0.0,0.0,0.0
2003-06-13,0.0,0.0,0.0,0.0,0.0
2003-06-14,0.0,0.0,0.0,0.0,0.0
2003-06-15,0.0,0.0,0.0,0.0,0.0
2003-06-16,0.0,0.0,0.0,0.0,0.0
2003-06-17,0.0,0.0,0.0,0.0,0.0
2003-06-18,0.0,0.0,0.0,0.0,0.0
2003-06-19,0.0,0.0,0.0,0.0,0.0
2003-06-20,0.0,0.0,0.0,0.0,0.0
2003-06-21,0.0,0.0,0.0,0.0,0.0
2003-06-22,0.0,0.0,0.0,0.0,0.0
2003-06-23,0.0,0.0,0.0,0.0,0.0
2003-06-24,0.0,0.0,0.0,0.0,0.0
2003-06-25,0.0,0.0,0.0,0.0,0.0
2003-06-26,0.0,0.0,0.0,0.0,0.0
2003-06-27,0.0,0.0,0.0,0.0,0.0
2003-06-28,0.0,0.0,0.0,0.0,0.0
2003-06-29,0.0,0.0,0.0,0.0,0.0
2003-06-30,0.0,0.0,0.0,0.0,0.0
2003-07-01,0.0,0.0,0.0,0.0,0.0
2003-07-02,0.0,0.0,0.0,0.0,0.0
2003-07-03,0.0,0.0,0.0,0.0,0.0
2003-07-04,0.0,0.0,0.0,0.0,0.0
2003-07-05,0.0,0.0,0.0,0.0,0.0
2003-07-06,0.0,0.0,0.0,0.0,0.0
2003-07-07,0.0,0.0,0.0,0.0,0.0
2003-07-08,0.0,0.0,0.0,0.0,0.0
2003-07-09,0.0,0.0,0.0,0.0,0.0
2003-07-10,0.0,0.0,0.0,0.0,0.0
2003-07-11,0.0,0.0,0.0,0.0,0.0
2003-07-12,0.0,0.0,0.0,0.0,0.0
2003-07-13,0.0,0.0,0.0,0.0,0.0
2003-07-14,0.0,0.0,0.0,0.0,0.0
2003-07-15,0.0,0.0,0.0,0.0,0.0
2003-07-16,0.0,0.0,0.0,0.0,0.0
2003-07-17,0.0,0.0,0.0,0.0,0.0
2003-07-18,0.0,0.0,0.0,0.0,0.0
2003-07-19,0.0,0.0,0.0,0.0,0.0
2003-07-20,0.0,0.0,0.0,0.0,0.0
2003-07-21,0.0,0.0,0.0,0.0,0.0
2003-07-22,0.0,0.0,0.0,0.0,0.0
2003-07-23,0.0,0.0,0.0,0.0,0.0
2003-07-24,0.0,0.0,0.0,0.0,0.0
2003-07-25,0.0,0.0,0.0,0.0,0.0
2003-07-26,0.0,0.0,0.0,0.0,0.0
2003-07-27,0.0,0.0,0.0,0.0,0.0
2003-07-28,0.0,0.0,0.0,0.0,0.0
2003-07-29,0.0,0.0,0.0,0.0,0.0
2003-07-30,0.0,0.0,0.0,0.0,0.0
2003-07-31,0.0,0.0,0.0,0.0,0.0
2003-08-01,0.0,0.0,0.0,0.0,0.0
2003-08-02,0.0,0.0,0.0,0.0,0.0
2003-08-03,0.0,0.0,0.0,0.0,0.0
2003-08-04,0.0,0.0,0.0,0.0,0.0
2003-08-05,0.0,0.0,0.0,0.0,0.0
2003-08-06,0.0,0.0,0.0,0.0,0.0
2003-08-07,0.0,0.0,0.0,0.0,0.0
2003-08-08,0.0,0.0,0.0,0.0,0.0
2003-08-09,0.0,0.0,0.0,0.0,0.0
2003-08-10,0.0,0.0,0.0,0.0,0.0
2003-08-11,0.0,0.0,0.0,0.0,0.0
2003-08-12,0.0,0.0,0.0,0.0,0.0
2003-08-13,0.0,0.0,0.0,0.0,0.0
2003-08-14,0.0,0.0,0.0,0.0,0.0
2003-08-15,0.0,0.0,0.0,0.0,0.0
2003-08-16,0.0,0.0,0.0,0.0,0.0
2003-08-17,0.0,0.0,0.0,0.0,0.0
2003-08-18,0.0,0.0,0.0,0.0,0.0
2003-08-19,0.0,0.0,0.0,0.0,0.0
2003-08-20,0.0,0.0,0.0,0.0,0.0
2003-08-21,0.3,71.8,19.39,8.55,43.86
2003-08-22,0.497,78.87,18.11,10.52,50.24
2003-08-23,0.065,33.03,19.59,0.0,13.44
2003-08-24,0.009,21.22,18.76,0.0,2.46
2003-08-25,0.002,17.52,16.82,0.0,0.74
2003-08-26,0.001,16.03,15.35,0.0,0.67
2003-08-27,0.0,14.66,13.88,0.0,0.81
2003-08-28,0.0,14.4,13.38,0.0,0.84
2003-08-29,0.0,13.96,13.2,0.0,0.84
2003-08-30,0.0,13.89,12.91,0.0,0.8
2003-08-31,0.0,14.47,14.25,0.0,0.89
2003-09-01,0.0,11.57,12.65,0.0,0.69
2003-09-02,0.0,0.0,0.0,0.0,0.0
2003-09-03,0.0,0.0,0.0,0.0,0.0
2003-09-04,0.0,0.0,0.0,0.0,0.0
2003-09-05,0.0,0.0,0.0,0.0,0.0
2003-09-06,0.0,0.0,0.0,0.0,0.0
2003-09-07,0.0,0.0,0.0,0.0,0.0
2003-09-08,0.0,0.0,0.0,0.0,0.0
2003-09-09,0.0,0.0,0.0,0.0,0.0
2003-09-10,0.0,0.0,0.0,0.0,0.0
2003-09-11,0.0,0.0,0.0,0.0,0.0
2003-09-12,0.0,0.0,0.0,0.0,0.0
2003-09-13,0.0,0.0,0.0,0.0,0.0
2003-09-14,0.0,0.0,0.0,0.0,0.0
2003-09-15,0.0,0.0,0.0,0.0,0.0
2003-09-16,0.0,0.0,0.0,0.0,0.0
2003-09-17,0.0,0.0,0.0,0.0,0.0
2003-09-18,0.0,0.0,0.0,0.0,0.0
2003-09-19,0.0,0.0,0.0,0.0,0.0
2003-09-20,0.0,0.0,0.0,0.0,0.0
2003-09-21,0.0,0.0,0.0,0.0,0.0
2003-09-22,0.0,0.0,0.0,0.0,0.0
2003-09-23,0.0,0.0,0.0,0.0,0.0
2003-09-24,0.0,0.0,0.0,0.0,0.0
2003-09-25,0.0,0.0,0.0,0.0,0.0
2003-09-26,0.0,0.0,0.0,0.0,0.0
2003-09-27,0.0,0.0,0.0,0.0,0.0
2003-09-28,0.0,0.0,0.0,0.0,0.0
2003-09-29,0.0,0.0,0.0,0.0,0.0
2003-09-30,0.0,0.0,0.0,0.0,0.0
2003-10-01,0.0,0.0,0.0,0.0,0.0
2003-10-02,0.0,0.0,0.0,0.0,0.0
2003-10-03,0.0,0.0,0.0,0.0,0.0
2003-10-04,0.0,0.0,0.0,0.0,0.0
2003-10-05,0.0,0.0,0.0,0.0,0.0
2003-10-06,0.0,0.0,0.0,0.0,0.0
2003-10-07,0.0,0.0,0.0,0.0,0.0
2003-10-08,0.0,0.0,0.0,0.0,0.0
2003-10-09,0.0,0.0,0.0,0.0,0.0
2003-10-10,0.0,0.0,0.0,0.0,0.0
2003-10-11,0.0,0.0,0.0,0.0,0.0
2003-10-12,0.0,0.0,0.0,0.0,0.0
2003-10-13,0.0,0.0,0.0,0.0,0.0
2003-10-14,0.0,0.0,0.0,0.0,0.0
2003-10-15,0.0,0.0,0.0,0.0,0.0
2003-10-16,0.0,0.0,0.0,0.0,0.0
2003-10-17,0.0,0.0,0.0,0.0,0.0
2003-10-18,0.0,0.0,0.0,0.0,0.0
2003-10-19,0.0,0.0,0.0,0.0,0.0
2003-10-20,0.0,0.0,0.0,0.0,0.0
2003-10-21,0.0,0.0,0.0,0.0,0.0
2003-10-22,0.0,0.0,0.0,0.0,0.0
2003-10-23,0.0,0.0,0.0,0.0,0.0
2003-10-24,0.0,0.0,0.0,0.0,0.0
2003-10-25,0.0,0.0,0.0,0.0,0.0
2003-10-26,0.0,0.0,0.0,0.0,0.0
2003-10-27,0.0,0.0,0.0,0.0,0.0
2003-10-28,0.0,0.0,0.0,0.0,0.0
2003-10-29,0.0,0.0,0.0,0.0,0.0
2003-10-30,0.0,0.0,0.0,0.0,0.0
2003-10-31,0.0,0.0,0.0,0.0,0.0
2003-11-01,0.0,0.0,0.0,0.0,0.0
2003-11-02,0.0,3.31,1.38,0.71,0.98
2003-11-03,0.455,81.69,20.07,10.84,50.78
2003-11-04,0.051,30.73,20.02,0.0,10.71
2003-11-05,0.007,22.0,19.7,0.0,2.28
2003-11-06,0.003,9.7,9.4,0.0,0.32
2003-11-07,0.047,26.0,18.22,0.01,7.77
2003-11-08,1.103,120.79,16.94,33.91,69.94
2003-11-09,2.782,212.61,19.47,70.96,122.18
2003-11-10,0.526,131.74,19.67,2.73,109.34
2003-11-11,0.093,57.66,18.24,0.0,39.42
2003-11-12,0.033,21.07,16.11,0.0,4.96
2003-11-13,0.022,15.83,14.83,0.0,1.0
2003-11-14,0.018,15.32,14.51,0.0,0.82
2003-11-15,0.47,56.72,18.49,1.79,36.44
2003-11-16,0.099,32.46,19.01,0.0,13.44
2003-11-17,0.027,18.87,16.7,0.0,2.17
2003-11-18,0.016,15.97,15.15,0.0,0.83
2003-11-19,0.013,15.5,14.71,0.0,0.79
2003-11-20,0.011,15.5,14.7,0.0,0.8
2003-11-21,0.009,15.42,14.61,0.0,0.8
2003-11-22,0.008,15.41,14.6,0.0,0.8
2003-11-23,0.007,15.44,14.64,0.0,0.8
2003-11-24,0.006,15.43,14.62,0.0,0.8
2003-11-25,0.005,15.51,14.71,0.0,0.8
2003-11-26,0.005,15.59,14.78,0.0,0.8
2003-11-27,0.004,15.63,14.85,0.0,0.79
2003-11-28,0.003,15.55,14.74,0.0,0.81
2003-11-29,0.002,15.63,14.79,0.0,0.78
2003-11-30,1.109,70.97,17.77,11.65,41.55
2003-12-01,2.006,86.75,18.52,18.27,49.96
2003-12-02,0.95,46.22,19.55,0.09,26.58
2003-12-03,0.172,29.96,18.48,0.0,11.47
2003-12-04,0.067,17.7,15.32,0.0,2.37
2003-12-05,1.024,68.47,17.88,9.42,41.16
2003-12-06,1.695,157.36,18.23,53.35,85.79
2003-12-07,1.784,155.26,19.38,38.55,97.32
2003-12-08,0.298,68.04,17.85,0.0,50.19
2003-12-09,0.206,22.72,13.31,0.02,9.4
2003-12-10,1.698,73.7,17.03,17.76,38.91
2003-12-11,2.128,147.42,20.07,39.57,87.78
2003-12-12,0.456,54.27,16.81,0.0,37.46
2003-12-13,0.248,19.42,14.71,0.0,4.71
2003-12-14,2.739,242.48,18.85,76.76,146.87
2003-12-15,0.6,69.38,16.29,0.0,53.09
2003-12-16,0.37,20.26,14.69,0.0,5.57
2003-12-17,0.296,15.38,14.29,0.0,1.09
2003-12-18,0.224,14.82,13.97,0.0,0.85
2003-12-19,1.009,94.72,16.52,23.75,54.45
2003-12-20,1.977,129.91,17.78,38.12,74.0
2003-12-21,1.109,60.6,16.82,0.21,43.57
2003-12-22,0.589,20.9,14.58,0.0,6.32
2003-12-23,1.987,58.52,17.25,9.5,31.77
2003-12-24,3.739,115.27,17.29,36.16,61.82
2003-12-25,2.006,36.04,15.67,0.39,19.98
2003-12-26,1.4,17.93,14.08,0.02,3.83
2003-12-27,1.219,15.12,13.85,0.01,1.26
2003-12-28,1.092,14.92,13.81,0.01,1.1
2003-12-29,9.318,612.53,20.22,254.51,337.8
2003-12-30,8.39,150.18,17.24,56.8,76.15
2003-12-31,5.491,30.09,14.64,4.41,11.05
2004-01-01,23.744,2856.15,25.57,1220.42,1610.15
2004-01-02,16.004,171.05,20.4,64.99,85.66
2004-01-03,11.746,32.39,18.89,5.81,7.69
2004-01-04,9.262,20.97,17.55,1.43,1.99
2004-01-05,7.609,18.45,16.42,0.76,1.27
2004-01-06,6.411,17.27,15.39,0.73,1.15
2004-01-07,6.488,23.13,15.56,2.99,4.58
2004-01-08,5.559,17.87,15.05,1.02,1.8
2004-01-09,5.342,24.22,15.13,3.5,5.59
2004-01-10,5.253,20.35,15.21,1.88,3.26
2004-01-11,4.456,17.11,15.09,0.71,1.31
2004-01-12,3.834,16.97,15.17,0.63,1.16
2004-01-13,3.293,17.02,15.26,0.62,1.14
2004-01-14,2.861,17.05,15.36,0.56,1.13
2004-01-15,2.457,16.99,15.43,0.43,1.12
2004-01-16,2.138,16.78,15.54,0.13,1.11
2004-01-17,1.853,16.75,15.63,0.02,1.1
2004-01-18,1.578,16.79,15.69,0.01,1.08
2004-01-19,1.354,16.85,15.77,0.01,1.07
2004-01-20,1.146,16.96,15.91,0.0,1.05
2004-01-21,0.934,17.13,16.11,0.0,1.02
2004-01-22,0.82,17.16,16.18,0.0,0.98
2004-01-23,0.738,17.23,16.27,0.0,0.95
2004-01-24,0.812,20.24,16.16,0.02,4.06
2004-01-25,0.708,17.88,16.15,0.0,1.74
2004-01-26,0.675,16.97,16.0,0.0,0.97
2004-01-27,0.616,19.05,15.66,0.0,3.39
2004-01-28,0.624,17.26,15.56,0.0,1.69
2004-01-29,0.541,16.67,15.72,0.0,0.95
2004-01-30,0.438,16.75,15.86,0.0,0.89
2004-01-31,0.344,16.38,15.53,0.0,0.85
2004-02-01,0.36,16.57,15.69,0.0,0.87
2004-02-02,4.468,428.58,19.37,160.24,248.97
2004-02-03,3.802,108.17,15.97,29.53,62.66
2004-02-04,2.478,24.33,15.04,1.34,7.94
2004-02-05,1.935,17.07,14.92,0.33,1.83
2004-02-06,1.608,16.15,14.98,0.03,1.15
2004-02-07,1.341,16.15,15.05,0.01,1.09
2004-02-08,1.164,16.23,15.15,0.0,1.07
2004-02-09,0.952,16.39,15.34,0.0,1.05
2004-02-10,0.784,16.36,15.34,0.0,1.01
2004-02-11,0.727,16.42,15.42,0.0,1.0
2004-02-12,0.631,16.42,15.46,0.0,0.96
2004-02-13,0.542,16.35,15.42,0.0,0.93
2004-02-14,0.457,16.27,15.37,0.0,0.9
2004-02-15,0.434,16.38,15.48,0.0,0.89
2004-02-16,7.933,498.15,19.04,204.16,274.95
2004-02-17,9.907,356.28,17.72,145.33,193.24
2004-02-18,16.114,183.28,20.79,69.99,92.5
2004-02-19,11.327,33.33,18.82,5.99,8.51
2004-02-20,8.863,20.37,17.44,0.83,2.1
2004-02-21,7.238,18.3,16.26,0.75,1.29
2004-02-22,7.036,23.55,16.05,2.92,4.59
2004-02-23,5.758,17.67,15.19,0.87,1.61
2004-02-24,4.903,16.83,14.97,0.67,1.19
2004-02-25,25.649,2432.68,25.18,1037.95,1369.54
2004-02-26,22.2,141.5,22.67,51.3,67.53
2004-02-27,15.772,27.79,20.46,3.16,4.17
2004-02-28,11.53,21.46,18.85,1.13,1.49
2004-02-29,8.949,19.69,17.47,0.88,1.34
2004-03-01,8.296,27.2,16.89,3.67,6.64
2004-03-02,7.247,23.58,16.34,1.27,5.97
2004-03-03,6.109,24.41,15.67,0.77,7.97
2004-03-04,5.125,26.68,15.28,0.66,10.74
2004-03-05,4.409,29.08,15.2,0.57,13.31
2004-03-06,3.685,31.72,15.19,0.45,16.08
2004-03-07,3.04,34.5,15.17,0.33,19.0
2004-03-08,2.484,37.44,15.15,0.17,22.12
2004-03-09,2.067,40.16,15.2,0.12,24.84
2004-03-10,1.68,43.34,15.22,0.09,28.03
2004-03-11,1.416,45.31,15.22,0.02,30.07
2004-03-12,1.201,46.97,15.23,0.01,31.73
2004-03-13,0.991,49.2,15.23,0.0,33.97
2004-03-14,0.809,51.47,15.22,0.0,36.25
2004-03-15,0.645,54.11,15.19,0.0,38.91
2004-03-16,0.505,55.33,15.24,0.0,40.1
2004-03-17,0.402,53.33,15.3,0.0,38.03
2004-03-18,0.302,52.67,15.47,0.0,37.2
2004-03-19,0.206,53.92,15.38,0.0,38.54
2004-03-20,0.154,50.22,15.86,0.0,34.36
2004-03-21,0.094,48.9,16.33,0.0,32.57
2004-03-22,0.04,45.94,16.92,0.0,29.03
2004-03-23,0.01,29.1,20.59,0.0,8.52
2004-03-24,0.001,22.18,20.47,0.0,1.76
2004-03-25,1.225,177.36,18.03,52.99,106.35
2004-03-26,0.803,66.95,17.18,0.16,49.61
2004-03-27,0.348,20.02,14.12,0.0,5.9
2004-03-28,0.262,14.87,13.75,0.0,1.12
2004-03-29,0.186,14.26,13.41,0.0,0.85
2004-03-30,0.107,13.67,12.89,0.0,0.77
2004-03-31,0.084,13.5,12.72,0.0,0.78
2004-04-01,0.055,13.67,12.92,0.0,0.75
2004-04-02,0.01,13.79,13.34,0.0,0.45
2004-04-03,0.006,13.71,13.0,0.0,0.7
2004-04-04,0.001,13.97,13.47,0.0,0.56
2004-04-05,0.0,15.17,14.42,0.0,0.64
2004-04-06,0.0,17.36,15.02,0.0,0.29
2004-04-07,0.0,0.0,0.0,0.0,0.0
2004-04-08,0.0,0.0,0.0,0.0,0.0
2004-04-09,0.0,0.0,0.0,0.0,0.0
2004-04-10,0.0,0.0,0.0,0.0,0.0
2004-04-11,0.0,0.0,0.0,0.0,0.0
2004-04-12,0.0,0.0,0.0,0.0,0.0
2004-04-13,0.0,0.0,0.0,0.0,0.0
2004-04-14,0.0,0.0,0.0,0.0,0.0
2004-04-15,0.0,0.0,0.0,0.0,0.0
2004-04-16,0.0,0.0,0.0,0.0,0.0
2004-04-17,0.0,0.0,0.0,0.0,0.0
2004-04-18,0.0,0.0,0.0,0.0,0.0
2004-04-19,0.0,0.0,0.0,0.0,0.0
2004-04-20,0.0,12.73,12.18,0.0,0.86
2004-04-21,0.0,15.43,13.62,0.0,0.42
2004-04-22,0.0,0.0,0.0,0.0,0.0
2004-04-23,0.0,0.0,0.0,0.0,0.0
2004-04-24,0.0,0.0,0.0,0.0,0.0
2004-04-25,0.0,0.0,0.0,0.0,0.0
2004-04-26,0.0,0.0,0.0,0.0,0.0
2004-04-27,0.0,0.0,0.0,0.0,0.0
2004-04-28,0.0,0.0,0.0,0.0,0.0
2004-04-29,0.0,0.0,0.0,0.0,0.0
2004-04-30,0.0,0.0,0.0,0.0,0.0
2004-05-01,0.0,0.0,0.0,0.0,0.0
2004-05-02,0.0,0.0,0.0,0.0,0.0
2004-05-03,0.0,0.0,0.0,0.0,0.0
2004-05-04,0.0,0.0,0.0,0.0,0.0
2004-05-05,0.0,0.0,0.0,0.0,0.0
2004-05-06,0.0,0.0,0.0,0.0,0.0
2004-05-07,0.0,0.0,0.0,0.0,0.0
2004-05-08,0.0,0.0,0.0,0.0,0.0
2004-05-09,0.0,0.0,0.0,0.0,0.0
2004-05-10,0.0,0.0,0.0,0.0,0.0
2004-05-11,0.0,0.0,0.0,0.0,0.0
2004-05-12,0.0,0.0,0.0,0.0,0.0
2004-05-13,0.0,0.0,0.0,0.0,0.0
2004-05-14,0.0,0.0,0.0,0.0,0.0
2004-05-15,0.0,0.0,0.0,0.0,0.0
2004-05-16,0.0,0.0,0.0,0.0,0.0
2004-05-17,0.0,0.0,0.0,0.0,0.0
2004-05-18,0.0,0.0,0.0,0.0,0.0
2004-05-19,0.0,0.0,0.0,0.0,0.0
2004-05-20,0.0,0.0,0.0,0.0,0.0
2004-05-21,0.0,0.0,0.0,0.0,0.0
2004-05-22,0.0,0.0,0.0,0.0,0.0
2004-05-23,0.0,0.0,0.0,0.0,0.0
2004-05-24,0.0,0.0,0.0,0.0,0.0
2004-05-25,0.0,0.0,0.0,0.0,0.0
2004-05-26,0.0,0.0,0.0,0.0,0.0
2004-05-27,0.0,0.0,0.0,0.0,0.0
2004-05-28,0.0,0.0,0.0,0.0,0.0
2004-05-29,0.0,0.0,0.0,0.0,0.0
2004-05-30,0.0,0.0,0.0,0.0,0.0
2004-05-31,0.0,0.0,0.0,0.0,0.0
2004-06-01,0.0,0.0,0.0,0.0,0.0
2004-06-02,0.0,0.0,0.0,0.0,0.0
2004-06-03,0.0,0.0,0.0,0.0,0.0
2004-06-04,0.0,0.0,0.0,0.0,0.0
2004-06-05,0.0,0.0,0.0,0.0,0.0
2004-06-06,0.0,0.0,0.0,0.0,0.0
2004-06-07,0.0,0.0,0.0,0.0,0.0
2004-06-08,0.0,0.0,0.0,0.0,0.0
2004-06-09,0.0,0.0,0.0,0.0,0.0
2004-06-10,0.0,0.0,0.0,0.0,0.0
2004-06-11,0.0,0.0,0.0,0.0,0.0
2004-06-12,0.0,0.0,0.0,0.0,0.0
2004-06-13,0.0,0.0,0.0,0.0,0.0
2004-06-14,0.0,0.0,0.0,0.0,0.0
2004-06-15,0.0,0.0,0.0,0.0,0.0
2004-06-16,0.0,0.0,0.0,0.0,0.0
2004-06-17,0.0,0.0,0.0,0.0,0.0
2004-06-18,0.0,0.0,0.0,0.0,0.0
2004-06-19,0.0,0.0,0.0,0.0,0.0
2004-06-20,0.0,0.0,0.0,0.0,0.0
2004-06-21,0.0,0.0,0.0,0.0,0.0
2004-06-22,0.0,0.0,0.0,0.0,0.0
2004-06-23,0.0,0.0,0.0,0.0,0.0
2004-06-24,0.0,0.0,0.0,0.0,0.0
2004-06-25,0.0,0.0,0.0,0.0,0.0
2004-06-26,0.0,0.0,0.0,0.0,0.0
2004-06-27,0.0,0.0,0.0,0.0,0.0
2004-06-28,0.0,0.0,0.0,0.0,0.0
2004-06-29,0.0,0.0,0.0,0.0,0.0
2004-06-30,0.0,0.0,0.0,0.0,0.0
2004-07-01,0.0,0.0,0.0,0.0,0.0
2004-07-02,0.0,0.0,0.0,0.0,0.0
2004-07-03,0.0,0.0,0.0,0.0,0.0
2004-07-04,0.0,0.0,0.0,0.0,0.0
2004-07-05,0.0,0.0,0.0,0.0,0.0
2004-07-06,0.0,0.0,0.0,0.0,0.0
2004-07-07,0.0,0.0,0.0,0.0,0.0
2004-07-08,0.0,0.0,0.0,0.0,0.0
2004-07-09,0.0,0.0,0.0,0.0,0.0
2004-07-10,0.0,0.0,0.0,0.0,0.0
2004-07-11,0.0,0.0,0.0,0.0,0.0
2004-07-12,0.0,0.0,0.0,0.0,0.0
2004-07-13,0.0,0.0,0.0,0.0,0.0
2004-07-14,0.0,0.0,0.0,0.0,0.0
2004-07-15,0.0,0.0,0.0,0.0,0.0
2004-07-16,0.0,0.0,0.0,0.0,0.0
2004-07-17,0.0,0.0,0.0,0.0,0.0
2004-07-18,0.0,0.0,0.0,0.0,0.0
2004-07-19,0.0,0.0,0.0,0.0,0.0
2004-07-20,0.0,0.0,0.0,0.0,0.0
2004-07-21,0.0,0.0,0.0,0.0,0.0
2004-07-22,0.0,0.0,0.0,0.0,0.0
2004-07-23,0.0,0.0,0.0,0.0,0.0
2004-07-24,0.0,0.0,0.0,0.0,0.0
2004-07-25,0.0,0.0,0.0,0.0,0.0
2004-07-26,0.0,0.0,0.0,0.0,0.0
2004-07-27,0.0,0.0,0.0,0.0,0.0
2004-07-28,0.0,0.0,0.0,0.0,0.0
2004-07-29,0.0,0.0,0.0,0.0,0.0
2004-07-30,0.0,0.0,0.0,0.0,0.0
2004-07-31,0.0,0.0,0.0,0.0,0.0
2004-08-01,0.0,0.0,0.0,0.0,0.0
2004-08-02,0.0,0.0,0.0,0.0,0.0
2004-08-03,0.0,0.0,0.0,0.0,0.0
2004-08-04,0.0,0.0,0.0,0.0,0.0
2004-08-05,0.0,0.0,0.0,0.0,0.0
2004-08-06,0.0,0.0,0.0,0.0,0.0
2004-08-07,0.0,0.0,0.0,0.0,0.0
2004-08-08,0.0,0.0,0.0,0.0,0.0
2004-08-09,0.0,0.0,0.0,0.0,0.0
2004-08-10,0.0,0.0,0.0,0.0,0.0
2004-08-11,0.0,0.0,0.0,0.0,0.0
2004-08-12,0.0,0.0,0.0,0.0,0.0
2004-08-13,0.0,0.0,0.0,0.0,0.0
2004-08-14,0.0,0.0,0.0,0.0,0.0
2004-08-15,0.0,0.0,0.0,0.0,0.0
2004-08-16,0.0,0.0,0.0,0.0,0.0
2004-08-17,0.0,0.0,0.0,0.0,0.0
2004-08-18,0.0,0.0,0.0,0.0,0.0
2004-08-19,0.0,0.0,0.0,0.0,0.0
2004-08-20,0.0,0.0,0.0,0.0,0.0
2004-08-21,0.0,0.0,0.0,0.0,0.0
2004-08-22,0.0,0.0,0.0,0.0,0.0
2004-08-23,0.0,0.0,0.0,0.0,0.0
2004-08-24,0.0,0.0,0.0,0.0,0.0
2004-08-25,0.0,0.0,0.0,0.0,0.0
2004-08-26,0.0,0.0,0.0,0.0,0.0
2004-08-27,0.0,0.0,0.0,0.0,0.0
2004-08-28,0.0,0.0,0.0,0.0,0.0
2004-08-29,0.0,0.0,0.0,0.0,0.0
2004-08-30,0.0,0.0,0.0,0.0,0.0
2004-08-31,0.0,0.0,0.0,0.0,0.0
2004-09-01,0.0,0.0,0.0,0.0,0.0
2004-09-02,0.0,0.0,0.0,0.0,0.0
2004-09-03,0.0,0.0,0.0,0.0,0.0
2004-09-04,0.0,0.0,0.0,0.0,0.0
2004-09-05,0.0,0.0,0.0,0.0,0.0
2004-09-06,0.0,0.0,0.0,0.0,0.0
2004-09-07,0.0,0.0,0.0,0.0,0.0
2004-09-08,0.0,0.0,0.0,0.0,0.0
2004-09-09,0.0,0.0,0.0,0.0,0.0
2004-09-10,0.0,0.0,0.0,0.0,0.0
2004-09-11,0.0,0.0,0.0,0.0,0.0
2004-09-12,0.0,0.0,0.0,0.0,0.0
2004-09-13,0.0,0.0,0.0,0.0,0.0
2004-09-14,0.0,0.0,0.0,0.0,0.0
2004-09-15,0.0,0.0,0.0,0.0,0.0
2004-09-16,0.0,0.0,0.0,0.0,0.0
2004-09-17,0.0,0.0,0.0,0.0,0.0
2004-09-18,0.0,0.0,0.0,0.0,0.0
2004-09-19,0.047,23.16,15.98,0.07,7.11
2004-09-20,0.009,21.85,20.13,0.0,1.73
2004-09-21,0.001,21.27,20.85,0.0,0.39
2004-09-22,0.0,20.98,20.73,0.0,0.09
2004-09-23,0.0,19.29,17.47,0.0,0.02
2004-09-24,0.0,0.0,0.0,0.0,0.0
2004-09-25,0.0,0.0,0.0,0.0,0.0
2004-09-26,0.0,0.0,0.0,0.0,0.0
2004-09-27,0.0,0.0,0.0,0.0,0.0
2004-09-28,0.0,0.0,0.0,0.0,0.0
2004-09-29,0.0,0.0,0.0,0.0,0.0
2004-09-30,0.0,0.0,0.0,0.0,0.0
2004-10-01,0.0,0.0,0.0,0.0,0.0
2004-10-02,0.0,0.0,0.0,0.0,0.0
2004-10-03,0.0,0.0,0.0,0.0,0.0
2004-10-04,0.0,0.0,0.0,0.0,0.0
2004-10-05,0.0,0.0,0.0,0.0,0.0
2004-10-06,0.0,0.0,0.0,0.0,0.0
2004-10-07,0.0,0.0,0.0,0.0,0.0
2004-10-08,0.0,0.0,0.0,0.0,0.0
2004-10-09,0.0,0.0,0.0,0.0,0.0
2004-10-10,0.0,0.0,0.0,0.0,0.0
2004-10-11,0.0,0.0,0.0,0.0,0.0
2004-10-12,0.0,0.0,0.0,0.0,0.0
2004-10-13,0.0,0.0,0.0,0.0,0.0
2004-10-14,0.0,0.0,0.0,0.0,0.0
2004-10-15,0.0,0.0,0.0,0.0,0.0
2004-10-16,0.0,0.0,0.0,0.0,0.0
2004-10-17,0.0,0.0,0.0,0.0,0.0
2004-10-18,0.0,0.0,0.0,0.0,0.0
2004-10-19,4.671,160.38,19.96,55.64,84.78
2004-10-20,2.318,95.3,19.93,26.27,49.1
2004-10-21,0.27,56.36,19.4,0.0,36.96
2004-10-22,0.071,25.91,17.67,0.0,8.25
2004-10-23,0.145,25.67,15.43,0.02,10.22
2004-10-24,0.085,28.82,18.89,0.0,9.92
2004-10-25,0.075,7.63,6.94,0.0,0.7
2004-10-26,7.176,408.11,23.2,159.43,225.49
2004-10-27,0.708,178.78,18.53,18.01,142.24
2004-10-28,0.232,50.07,16.68,0.0,33.38
2004-10-29,0.142,18.6,15.49,0.0,3.1
2004-10-30,0.11,16.0,15.08,0.0,0.92
2004-10-31,0.084,15.86,15.05,0.0,0.81
2004-11-01,0.043,15.8,15.04,0.0,0.76
2004-11-02,0.037,15.69,14.88,0.0,0.8
2004-11-03,0.608,87.91,13.09,24.84,49.98
2004-11-04,1.741,83.43,20.26,16.41,46.76
2004-11-05,0.236,36.73,18.3,0.0,18.43
2004-11-06,0.101,18.7,16.14,0.0,2.56
2004-11-07,0.069,15.96,15.08,0.0,0.88
2004-11-08,0.053,15.62,14.82,0.0,0.8
2004-11-09,0.037,15.33,14.54,0.0,0.79
2004-11-10,0.731,41.85,16.96,1.6,23.29
2004-11-11,4.123,112.02,18.86,35.44,57.72
2004-11-12,1.064,67.21,18.41,8.68,40.11
2004-11-13,0.384,24.87,15.69,0.0,9.18
2004-11-14,0.286,16.08,14.73,0.0,1.35
2004-11-15,0.235,15.29,14.42,0.0,0.88
2004-11-16,0.196,14.86,14.02,0.0,0.84
2004-11-17,0.179,14.89,14.05,0.0,0.84
2004-11-18,0.161,14.83,14.0,0.0,0.84
2004-11-19,0.133,14.81,13.98,0.0,0.82
2004-11-20,0.063,15.18,14.41,0.0,0.77
2004-11-21,0.013,14.72,14.11,0.0,0.61
2004-11-22,0.037,13.78,12.94,0.0,0.83
2004-11-23,0.053,13.89,13.06,0.0,0.83
2004-11-24,0.048,13.86,13.07,0.0,0.8
2004-11-25,0.04,14.01,13.23,0.0,0.79
2004-11-26,0.031,13.89,13.11,0.0,0.78
2004-11-27,1.956,164.02,18.42,43.74,101.86
2004-11-28,0.273,62.03,17.9,0.0,44.12
2004-11-29,0.092,20.91,15.01,0.0,5.91
2004-11-30,0.084,14.48,13.48,0.0,1.0
2004-12-01,0.074,13.92,13.1,0.0,0.81
2004-12-02,0.061,14.08,13.28,0.0,0.8
2004-12-03,0.044,13.77,12.98,0.0,0.78
2004-12-04,0.047,13.86,13.06,0.0,0.8
2004-12-05,0.028,14.17,13.41,0.0,0.77
2004-12-06,0.524,58.29,6.78,17.1,34.41
2004-12-07,4.266,198.22,20.71,67.21,110.3
2004-12-08,8.889,204.33,21.08,75.44,107.81
2004-12-09,3.207,62.19,16.36,15.83,30.0
2004-12-10,1.938,20.85,14.41,0.32,6.11
2004-12-11,1.58,15.64,14.06,0.07,1.51
2004-12-12,1.374,15.17,14.02,0.03,1.12
2004-12-13,1.243,15.11,14.0,0.02,1.09
2004-12-14,1.109,15.13,14.04,0.01,1.09
2004-12-15,0.973,15.13,14.04,0.0,1.08
2004-12-16,0.857,15.1,14.02,0.0,1.08
2004-12-17,0.742,15.01,13.95,0.0,1.07
2004-12-18,0.681,14.98,13.93,0.0,1.04
2004-12-19,0.617,14.95,13.93,0.0,1.02
2004-12-20,0.577,14.98,13.99,0.0,0.99
2004-12-21,0.464,15.14,14.18,0.0,0.96
2004-12-22,0.3,14.32,13.45,0.0,0.87
2004-12-23,0.293,14.52,13.63,0.0,0.89
2004-12-24,0.318,14.69,13.79,0.0,0.9
2004-12-25,0.31,14.69,13.8,0.0,0.89
2004-12-26,0.277,14.3,13.45,0.0,0.85
2004-12-27,8.687,191.53,20.27,70.28,100.99
2004-12-28,7.173,165.66,17.63,62.81,85.22
2004-12-29,6.703,63.11,15.78,19.19,28.15
2004-12-30,10.565,111.38,18.21,39.73,53.44
2004-12-31,11.577,71.57,18.79,22.7,30.07
2005-01-01,10.752,31.05,18.47,5.39,7.19
2005-01-02,14.018,50.04,19.23,13.26,17.55
2005-01-03,15.589,37.44,20.14,7.46,9.84
2005-01-04,13.868,25.55,19.81,2.47,3.26
2005-01-05,11.2,20.94,18.66,0.98,1.31
2005-01-06,9.263,19.6,17.62,0.82,1.16
2005-01-07,11.968,39.26,18.59,8.91,11.76
2005-01-08,13.056,32.73,19.17,5.85,7.71
2005-01-09,11.678,24.68,18.72,2.57,3.39
2005-01-10,10.62,98.9,18.04,34.91,45.94
2005-01-11,18.364,938.65,21.51,395.57,521.57
2005-01-12,13.398,48.97,19.53,12.71,16.73
2005-01-13,10.244,21.81,18.17,1.57,2.07
2005-01-14,8.202,19.2,17.03,0.94,1.24
2005-01-15,6.669,18.16,16.17,0.84,1.15
2005-01-16,5.506,17.94,16.08,0.72,1.14
2005-01-17,4.581,18.02,16.24,0.64,1.14
2005-01-18,3.78,18.1,16.41,0.55,1.14
2005-01-19,3.09,18.1,16.56,0.41,1.14
2005-01-20,2.585,18.02,16.73,0.16,1.14
2005-01-21,2.161,18.06,16.9,0.02,1.13
2005-01-22,1.797,18.21,17.07,0.01,1.13
2005-01-23,1.479,18.35,17.25,0.0,1.1
2005-01-24,1.201,18.5,17.44,0.0,1.06
2005-01-25,1.123,18.55,17.52,0.0,1.03
2005-01-26,3.167,70.78,17.17,17.37,36.24
2005-01-27,2.379,21.51,16.0,0.12,5.39
2005-01-28,4.95,63.07,16.7,17.3,29.07
2005-01-29,4.186,23.4,16.0,2.06,5.35
2005-01-30,3.344,18.22,15.85,0.67,1.69
2005-01-31,2.759,17.65,15.96,0.47,1.21
2005-02-01,2.168,17.37,16.06,0.17,1.13
2005-02-02,1.709,17.27,16.16,0.01,1.1
2005-02-03,1.464,17.36,16.28,0.01,1.08
2005-02-04,1.23,17.47,16.41,0.0,1.06
2005-02-05,0.992,17.64,16.6,0.0,1.03
2005-02-06,0.788,17.74,16.77,0.0,0.97
2005-02-07,0.647,17.76,16.84,0.0,0.92
2005-02-08,0.563,17.93,17.03,0.0,0.9
2005-02-09,0.444,18.02,17.15,0.0,0.87
2005-02-10,0.362,18.19,17.34,0.0,0.85
2005-02-11,0.279,18.45,17.62,0.0,0.83
2005-02-12,0.232,18.64,17.82,0.0,0.82
2005-02-13,0.204,18.86,18.04,0.0,0.83
2005-02-14,0.536,37.48,17.96,0.4,19.12
2005-02-15,4.863,126.85,18.3,43.56,64.99
2005-02-16,7.487,80.21,17.99,26.04,36.18
2005-02-17,5.448,26.17,15.86,3.98,6.33
2005-02-18,7.383,134.93,16.82,50.68,67.42
2005-02-19,7.72,54.2,16.75,16.1,21.35
2005-02-20,7.917,31.23,16.52,6.33,8.37
2005-02-21,10.898,177.24,18.33,68.62,90.3
2005-02-22,10.188,58.14,18.14,17.27,22.73
2005-02-23,7.869,21.08,16.81,1.81,2.46
2005-02-24,6.341,17.93,15.87,0.77,1.29
2005-02-25,5.233,17.53,15.7,0.68,1.16
2005-02-26,4.27,17.57,15.81,0.62,1.14
2005-02-27,4.317,45.29,15.9,12.26,17.14
2005-02-28,6.884,106.86,16.62,38.27,51.96
2005-03-01,5.978,37.32,15.47,8.37,13.48
2005-03-02,7.409,43.52,16.84,11.33,15.34
2005-03-03,5.874,19.64,15.45,1.48,2.71
2005-03-04,8.576,63.16,17.32,19.64,26.21
2005-03-05,7.146,24.38,16.34,3.37,4.66
2005-03-06,5.568,18.05,15.66,0.79,1.6
2005-03-07,4.474,17.61,15.76,0.65,1.21
2005-03-08,3.568,17.58,15.87,0.57,1.15
2005-03-09,2.844,17.57,15.96,0.47,1.14
2005-03-10,2.182,17.45,16.09,0.24,1.13
2005-03-11,1.648,17.39,16.27,0.02,1.1
2005-03-12,1.333,17.5,16.42,0.01,1.07
2005-03-13,1.094,17.59,16.54,0.0,1.04
2005-03-14,0.716,17.95,16.98,0.0,0.97
2005-03-15,0.6,17.78,16.86,0.0,0.92
2005-03-16,0.466,18.02,17.13,0.0,0.88
2005-03-17,0.331,18.21,17.37,0.0,0.84
2005-03-18,0.3,18.28,17.44,0.0,0.84
2005-03-19,2.481,86.79,17.12,20.96,48.7
2005-03-20,1.967,33.09,15.15,2.86,15.07
2005-03-21,2.423,40.91,13.96,9.26,17.69
2005-03-22,9.921,109.7,18.37,38.63,52.7
2005-03-23,9.534,36.02,17.73,7.76,10.54
2005-03-24,7.046,19.94,16.06,1.32,2.56
2005-03-25,5.695,17.68,15.13,0.67,1.88
2005-03-26,4.918,17.4,14.84,0.6,1.97
2005-03-27,4.958,27.76,15.07,4.57,8.12
2005-03-28,5.241,25.18,15.24,2.66,7.29
2005-03-29,5.661,27.42,15.23,3.92,8.27
2005-03-30,4.589,18.37,14.67,0.67,3.03
2005-03-31,3.801,17.67,14.55,0.51,2.61
2005-04-01,3.45,17.76,14.65,0.48,2.63
2005-04-02,2.73,17.92,14.6,0.37,2.96
2005-04-03,3.605,71.67,15.59,22.55,33.53
2005-04-04,4.782,93.85,16.38,27.93,49.54
2005-04-05,3.256,25.91,14.97,0.88,10.06
2005-04-06,2.517,18.78,14.72,0.27,3.79
2005-04-07,2.02,17.87,14.52,0.13,3.22
2005-04-08,3.481,86.58,16.05,24.94,45.59
2005-04-09,2.473,26.29,15.0,0.77,10.53
2005-04-10,1.901,18.57,14.63,0.18,3.75
2005-04-11,1.518,17.89,14.52,0.09,3.29
2005-04-12,1.215,18.02,14.48,0.01,3.53
2005-04-13,1.0,18.15,14.4,0.0,3.74
2005-04-14,0.827,18.29,14.36,0.0,3.92
2005-04-15,0.678,18.42,14.32,0.0,4.09
2005-04-16,0.543,18.55,14.29,0.0,4.26
2005-04-17,0.42,18.46,14.19,0.0,4.27
2005-04-18,0.3,18.21,13.86,0.0,4.35
2005-04-19,0.185,18.17,13.34,0.0,4.83
2005-04-20,0.128,17.99,13.27,0.0,4.73
2005-04-21,0.073,17.66,12.69,0.0,4.97
2005-04-22,0.037,17.39,12.71,0.0,4.68
2005-04-23,0.009,16.58,13.34,0.0,3.25
2005-04-24,0.001,14.44,13.5,0.0,0.85
2005-04-25,0.0,12.86,13.32,0.0,0.2
2005-04-26,0.0,11.57,11.98,0.0,0.04
2005-04-27,0.0,0.0,0.0,0.0,0.0
2005-04-28,0.404,59.17,21.03,0.94,37.2
2005-04-29,0.068,42.97,20.58,0.0,22.39
2005-04-30,0.01,26.59,20.6,0.0,5.98
2005-05-01,0.002,21.88,20.53,0.0,1.28
2005-05-02,0.0,20.69,20.23,0.0,0.46
2005-05-03,0.0,19.74,19.76,0.0,0.45
2005-05-04,0.429,39.82,16.23,0.56,23.03
2005-05-05,1.264,69.0,19.91,8.56,40.53
2005-05-06,0.159,42.02,18.96,0.0,23.06
2005-05-07,0.032,22.77,17.56,0.0,5.2
2005-05-08,1.644,83.37,17.04,18.93,47.39
2005-05-09,1.483,77.0,20.11,11.36,45.53
2005-05-10,0.294,34.16,17.49,0.0,16.67
2005-05-11,0.11,17.47,14.91,0.0,2.57
2005-05-12,0.064,14.77,13.91,0.0,0.86
2005-05-13,0.031,14.8,14.06,0.0,0.74
2005-05-14,0.017,15.13,14.38,0.0,0.75
2005-05-15,0.01,15.52,14.74,0.0,0.78
2005-05-16,0.006,16.08,15.34,0.0,0.76
2005-05-17,0.005,15.72,14.92,0.0,0.81
2005-05-18,0.25,42.61,11.77,0.9,29.95
2005-05-19,0.831,49.89,18.86,1.04,30.0
2005-05-20,0.137,33.54,17.94,0.0,15.61
2005-05-21,0.039,18.6,15.87,0.0,2.73
2005-05-22,0.012,16.05,15.2,0.0,0.85
2005-05-23,0.007,15.19,14.44,0.0,0.76
2005-05-24,0.005,15.1,14.31,0.0,0.79
2005-05-25,0.003,15.25,14.41,0.0,0.8
2005-05-26,0.002,15.04,14.31,0.0,0.8
2005-05-27,0.002,15.11,14.22,0.0,0.79
2005-05-28,0.024,36.98,12.22,0.01,24.74
2005-05-29,0.006,19.03,13.45,0.0,5.57
2005-05-30,0.002,14.42,13.3,0.0,1.06
2005-05-31,0.001,14.12,13.28,0.0,0.82
2005-06-01,0.001,14.03,13.35,0.0,0.83
2005-06-02,0.0,14.66,13.59,0.0,0.83
2005-06-03,0.0,14.15,13.88,0.0,0.83
2005-06-04,0.012,30.14,12.09,0.01,18.05
2005-06-05,0.003,18.5,13.58,0.0,4.92
2005-06-06,0.0,14.68,13.31,0.0,1.15
2005-06-07,0.0,14.47,13.95,0.0,0.68
2005-06-08,0.003,16.51,8.5,3.47,4.57
2005-06-09,0.351,38.94,18.41,0.09,20.44
2005-06-10,0.04,27.77,20.42,0.0,7.35
2005-06-11,0.006,22.06,20.27,0.0,1.79
2005-06-12,0.001,20.31,19.86,0.0,0.45
2005-06-13,0.0,19.93,19.66,0.0,0.16
2005-06-14,0.0,19.29,18.89,0.0,0.04
2005-06-15,0.0,0.0,0.0,0.0,0.0
2005-06-16,0.001,27.14,12.25,0.5,14.37
2005-06-17,0.001,17.97,14.53,0.0,3.39
2005-06-18,0.0,14.15,13.44,0.0,0.61
2005-06-19,0.0,15.43,16.5,0.0,0.96
2005-06-20,0.0,0.0,0.0,0.0,0.0
2005-06-21,0.0,0.0,0.0,0.0,0.0
2005-06-22,0.0,0.0,0.0,0.0,0.0
2005-06-23,0.0,0.0,0.0,0.0,0.0
2005-06-24,0.055,41.9,12.22,0.43,29.25
2005-06-25,0.016,23.54,13.5,0.0,10.04
2005-06-26,0.003,15.08,13.33,0.0,1.78
2005-06-27,0.001,14.0,13.23,0.0,0.82
2005-06-28,0.001,13.91,13.17,0.0,0.82
2005-06-29,0.001,14.25,13.41,0.0,0.84
2005-06-30,0.0,14.56,13.63,0.0,0.85
2005-07-01,0.0,14.05,13.36,0.0,0.83
2005-07-02,0.0,0.0,0.0,0.0,0.0
2005-07-03,0.0,0.0,0.0,0.0,0.0
2005-07-04,0.0,0.0,0.0,0.0,0.0
2005-07-05,0.0,0.0,0.0,0.0,0.0
2005-07-06,0.0,0.0,0.0,0.0,0.0
2005-07-07,0.0,0.0,0.0,0.0,0.0
2005-07-08,0.0,0.0,0.0,0.0,0.0
2005-07-09,0.0,0.0,0.0,0.0,0.0
2005-07-10,0.0,0.0,0.0,0.0,0.0
2005-07-11,0.0,0.0,0.0,0.0,0.0
2005-07-12,0.0,0.0,0.0,0.0,0.0
2005-07-13,0.0,0.0,0.0,0.0,0.0
2005-07-14,0.0,0.0,0.0,0.0,0.0
2005-07-15,0.0,0.0,0.0,0.0,0.0
2005-07-16,0.0,0.0,0.0,0.0,0.0
2005-07-17,0.0,0.0,0.0,0.0,0.0
2005-07-18,0.0,0.0,0.0,0.0,0.0
2005-07-19,0.0,0.0,0.0,0.0,0.0
2005-07-20,0.0,0.0,0.0,0.0,0.0
2005-07-21,0.0,0.0,0.0,0.0,0.0
2005-07-22,0.0,0.0,0.0,0.0,0.0
2005-07-23,0.0,0.0,0.0,0.0,0.0
2005-07-24,0.0,0.0,0.0,0.0,0.0
2005-07-25,0.0,0.0,0.0,0.0,0.0
2005-07-26,0.0,0.0,0.0,0.0,0.0
2005-07-27,0.0,0.0,0.0,0.0,0.0
2005-07-28,0.0,0.0,0.0,0.0,0.0
2005-07-29,0.0,0.0,0.0,0.0,0.0
2005-07-30,0.0,0.0,0.0,0.0,0.0
2005-07-31,0.0,0.0,0.0,0.0,0.0
2005-08-01,0.0,0.0,0.0,0.0,0.0
2005-08-02,0.0,0.0,0.0,0.0,0.0
2005-08-03,0.0,0.0,0.0,0.0,0.0
2005-08-04,0.0,0.0,0.0,0.0,0.0
2005-08-05,0.0,0.0,0.0,0.0,0.0
2005-08-06,0.0,0.0,0.0,0.0,0.0
2005-08-07,0.0,0.0,0.0,0.0,0.0
2005-08-08,0.0,0.0,0.0,0.0,0.0
2005-08-09,0.0,0.0,0.0,0.0,0.0
2005-08-10,0.0,0.0,0.0,0.0,0.0
2005-08-11,0.0,0.0,0.0,0.0,0.0
2005-08-12,0.0,0.0,0.0,0.0,0.0
2005-08-13,0.0,0.0,0.0,0.0,0.0
2005-08-14,0.0,0.0,0.0,0.0,0.0
2005-08-15,0.0,0.0,0.0,0.0,0.0
2005-08-16,0.0,0.0,0.0,0.0,0.0
2005-08-17,0.0,0.0,0.0,0.0,0.0
2005-08-18,0.0,0.0,0.0,0.0,0.0
2005-08-19,0.0,0.0,0.0,0.0,0.0
2005-08-20,0.0,0.0,0.0,0.0,0.0
2005-08-21,0.0,0.0,0.0,0.0,0.0
2005-08-22,0.0,0.0,0.0,0.0,0.0
2005-08-23,0.0,0.0,0.0,0.0,0.0
2005-08-24,0.0,0.0,0.0,0.0,0.0
2005-08-25,0.0,0.0,0.0,0.0,0.0
2005-08-26,0.0,0.0,0.0,0.0,0.0
2005-08-27,0.0,0.0,0.0,0.0,0.0
2005-08-28,0.0,0.0,0.0,0.0,0.0
2005-08-29,0.0,0.0,0.0,0.0,0.0
2005-08-30,0.0,0.0,0.0,0.0,0.0
2005-08-31,0.0,0.0,0.0,0.0,0.0
2005-09-01,0.0,0.0,0.0,0.0,0.0
2005-09-02,0.0,0.0,0.0,0.0,0.0
2005-09-03,0.0,0.0,0.0,0.0,0.0
2005-09-04,0.0,0.0,0.0,0.0,0.0
2005-09-05,0.0,0.0,0.0,0.0,0.0
2005-09-06,0.0,0.0,0.0,0.0,0.0
2005-09-07,0.0,0.0,0.0,0.0,0.0
2005-09-08,0.0,0.0,0.0,0.0,0.0
2005-09-09,0.0,0.0,0.0,0.0,0.0
2005-09-10,0.0,0.0,0.0,0.0,0.0
2005-09-11,0.0,0.0,0.0,0.0,0.0
2005-09-12,0.0,0.0,0.0,0.0,0.0
2005-09-13,0.0,0.0,0.0,0.0,0.0
2005-09-14,0.0,0.0,0.0,0.0,0.0
2005-09-15,0.0,0.0,0.0,0.0,0.0
2005-09-16,0.0,0.0,0.0,0.0,0.0
2005-09-17,0.0,0.0,0.0,0.0,0.0
2005-09-18,0.0,0.0,0.0,0.0,0.0
2005-09-19,0.0,0.0,0.0,0.0,0.0
2005-09-20,0.0,0.0,0.0,0.0,0.0
2005-09-21,0.0,0.0,0.0,0.0,0.0
2005-09-22,0.0,0.0,0.0,0.0,0.0
2005-09-23,0.0,0.0,0.0,0.0,0.0
2005-09-24,0.0,0.0,0.0,0.0,0.0
2005-09-25,0.0,0.0,0.0,0.0,0.0
2005-09-26,0.0,0.0,0.0,0.0,0.0
2005-09-27,0.0,0.0,0.0,0.0,0.0
2005-09-28,0.0,0.0,0.0,0.0,0.0
2005-09-29,0.0,0.0,0.0,0.0,0.0
2005-09-30,0.0,0.0,0.0,0.0,0.0
2005-10-01,0.0,0.0,0.0,0.0,0.0
2005-10-02,0.0,0.0,0.0,0.0,0.0
2005-10-03,0.0,0.0,0.0,0.0,0.0
2005-10-04,0.0,0.0,0.0,0.0,0.0
2005-10-05,0.0,0.0,0.0,0.0,0.0
2005-10-06,0.0,0.0,0.0,0.0,0.0
2005-10-07,0.0,0.0,0.0,0.0,0.0
2005-10-08,0.0,0.0,0.0,0.0,0.0
2005-10-09,0.0,0.0,0.0,0.0,0.0
2005-10-10,0.0,0.0,0.0,0.0,0.0
2005-10-11,0.0,0.0,0.0,0.0,0.0
2005-10-12,0.0,0.0,0.0,0.0,0.0
2005-10-13,0.0,0.0,0.0,0.0,0.0
2005-10-14,0.0,0.0,0.0,0.0,0.0
2005-10-15,0.0,0.0,0.0,0.0,0.0
2005-10-16,0.0,0.0,0.0,0.0,0.0
2005-10-17,0.0,0.0,0.0,0.0,0.0
2005-10-18,0.0,0.0,0.0,0.0,0.0
2005-10-19,0.0,0.0,0.0,0.0,0.0
2005-10-20,0.0,0.0,0.0,0.0,0.0
2005-10-21,0.0,0.0,0.0,0.0,0.0
2005-10-22,0.0,0.0,0.0,0.0,0.0
2005-10-23,0.0,0.0,0.0,0.0,0.0
2005-10-24,0.0,0.0,0.0,0.0,0.0
2005-10-25,0.0,0.0,0.0,0.0,0.0
2005-10-26,0.062,27.36,13.9,0.07,13.39
2005-10-27,0.006,18.82,15.9,0.0,2.93
2005-10-28,0.001,15.07,14.27,0.0,0.83
2005-10-29,0.0,14.47,13.62,0.0,0.76
2005-10-30,0.0,13.89,12.93,0.0,0.82
2005-10-31,0.0,13.35,12.75,0.0,0.8
2005-11-01,0.0,14.47,14.04,0.0,0.89
2005-11-02,0.0,0.0,0.0,0.0,0.0
2005-11-03,0.003,11.02,4.45,1.86,4.74
2005-11-04,0.498,40.9,16.19,0.72,23.99
2005-11-05,0.041,24.82,18.46,0.0,6.36
2005-11-06,0.006,18.64,17.26,0.0,1.36
2005-11-07,0.21,30.87,9.68,0.87,20.32
2005-11-08,2.175,100.31,19.23,24.2,56.87
2005-11-09,0.181,44.37,19.11,0.0,25.26
2005-11-10,0.037,22.77,17.51,0.0,5.26
2005-11-11,0.016,16.21,15.15,0.0,1.05
2005-11-12,0.012,15.01,14.19,0.0,0.81
2005-11-13,0.01,14.8,13.98,0.0,0.82
2005-11-14,0.008,14.82,13.99,0.0,0.82
2005-11-15,0.006,14.81,14.0,0.0,0.8
2005-11-16,0.005,14.61,13.79,0.0,0.83
2005-11-17,0.005,14.82,13.97,0.0,0.83
2005-11-18,0.004,14.69,13.89,0.0,0.82
2005-11-19,0.004,14.77,13.94,0.0,0.83
2005-11-20,0.003,14.76,13.95,0.0,0.82
2005-11-21,0.003,14.8,13.98,0.0,0.82
2005-11-22,0.003,14.84,14.01,0.0,0.82
2005-11-23,0.002,14.81,13.98,0.0,0.82
2005-11-24,0.002,15.03,14.21,0.0,0.83
2005-11-25,1.016,94.48,18.03,17.55,58.9
2005-11-26,0.158,52.61,19.56,0.0,33.05
2005-11-27,0.026,26.4,18.41,0.0,8.0
2005-11-28,0.859,159.53,16.95,51.11,91.47
2005-11-29,1.856,74.93,19.54,8.72,46.68
2005-11-30,0.281,44.59,19.86,0.0,24.73
2005-12-01,4.13,147.33,18.99,49.77,78.57
2005-12-02,2.219,135.19,19.51,37.54,78.13
2005-12-03,0.45,64.93,17.77,0.0,47.16
2005-12-04,0.182,22.83,15.54,0.0,7.29
2005-12-05,0.119,15.35,14.18,0.0,1.17
2005-12-06,0.11,14.86,14.03,0.0,0.83
2005-12-07,0.078,14.93,14.14,0.0,0.79
2005-12-08,0.041,15.23,14.47,0.0,0.75
2005-12-09,0.055,14.41,13.6,0.0,0.81
2005-12-10,0.055,14.47,13.68,0.0,0.79
2005-12-11,0.046,14.47,13.69,0.0,0.78
2005-12-12,0.038,14.49,13.72,0.0,0.77
2005-12-13,0.033,14.49,13.72,0.0,0.77
2005-12-14,0.028,14.59,13.83,0.0,0.76
2005-12-15,0.022,14.66,13.9,0.0,0.76
2005-12-16,0.018,14.61,13.85,0.0,0.76
2005-12-17,0.455,37.16,12.39,4.85,19.92
2005-12-18,15.016,407.57,26.13,161.38,220.07
2005-12-19,5.461,195.47,17.51,74.68,103.28
2005-12-20,2.672,39.01,14.52,3.14,21.35
2005-12-21,4.731,60.26,15.96,15.28,29.01
2005-12-22,11.167,1883.13,20.47,802.59,1060.07
2005-12-23,8.207,278.28,17.02,111.58,149.69
2005-12-24,5.839,33.87,14.93,6.85,12.09
2005-12-25,5.754,29.0,14.46,5.17,9.37
2005-12-26,10.633,582.45,18.48,243.02,320.95
2005-12-27,11.03,157.77,18.3,60.15,79.31
2005-12-28,23.112,1291.3,23.3,546.42,721.58
2005-12-29,16.478,65.95,20.84,19.47,25.63
2005-12-30,17.237,277.95,19.59,111.47,146.88
2005-12-31,169.098,19248.71,53.37,8284.2,10911.1
2006-01-01,56.594,771.78,31.86,310.5,429.41
2006-01-02,60.231,581.33,32.38,192.18,356.77
2006-01-03,48.639,407.92,30.18,46.12,331.62
2006-01-04,38.049,536.83,27.46,28.5,480.88
2006-01-05,29.942,644.49,25.22,17.54,601.73
2006-01-06,23.999,710.71,23.49,9.97,677.25
2006-01-07,19.447,753.64,21.88,5.56,726.19
2006-01-08,15.825,783.38,20.53,3.18,759.68
2006-01-09,12.97,805.84,19.51,1.92,784.41
2006-01-10,10.756,822.4,18.81,1.25,802.34
2006-01-11,8.814,846.41,18.16,0.9,827.35
2006-01-12,7.222,863.2,17.43,0.64,845.12
2006-01-13,5.974,870.14,16.69,0.32,853.13
2006-01-14,7.775,627.34,17.0,11.12,599.22
2006-01-15,6.783,602.16,16.78,1.76,583.62
2006-01-16,5.58,642.4,16.13,0.39,625.87
2006-01-17,4.775,668.48,15.47,1.14,651.87
2006-01-18,7.706,433.67,16.63,14.33,402.71
2006-01-19,7.011,405.98,16.52,2.05,387.41
2006-01-20,5.718,463.59,15.9,0.49,447.2
2006-01-21,4.852,509.75,15.28,0.5,493.97
2006-01-22,3.99,572.75,15.0,0.33,557.42
2006-01-23,3.221,630.38,14.95,0.13,615.29
2006-01-24,2.678,656.74,14.95,0.1,641.69
2006-01-25,2.23,686.6,14.96,0.08,671.55
2006-01-26,1.823,760.23,14.85,0.07,745.31
2006-01-27,1.684,748.88,14.55,0.39,733.93
2006-01-28,1.862,622.7,14.35,2.15,606.2
2006-01-29,2.787,394.87,14.65,2.7,377.52
2006-01-30,3.571,321.78,15.09,9.89,296.8
2006-01-31,3.321,312.88,14.87,1.33,296.68
2006-02-01,2.846,349.25,14.63,0.38,334.23
2006-02-02,3.497,286.53,15.1,3.35,268.08
2006-02-03,2.854,327.52,14.75,0.6,312.17
2006-02-04,2.279,388.69,14.62,0.18,373.89
2006-02-05,1.795,460.13,14.56,0.11,445.46
2006-02-06,1.449,522.0,14.45,0.07,507.48
2006-02-07,1.213,564.53,14.43,0.01,550.09
2006-02-08,1.061,577.61,14.5,0.0,563.1
2006-02-09,0.873,620.86,14.42,0.0,606.44
2006-02-10,0.743,635.72,14.43,0.0,621.29
2006-02-11,0.627,645.99,14.44,0.0,631.55
2006-02-12,0.501,661.64,14.4,0.0,647.23
2006-02-13,0.393,639.35,14.38,0.0,624.97
2006-02-14,0.288,638.53,14.43,0.0,624.1
2006-02-15,0.158,792.38,13.27,0.0,779.11
2006-02-16,0.132,616.17,14.18,0.0,602.0
2006-02-17,0.132,339.88,13.87,0.02,325.99
2006-02-18,0.113,120.56,14.82,0.0,105.73
2006-02-19,0.303,21.69,13.18,0.04,8.47
2006-02-20,0.289,14.48,13.36,0.0,1.12
2006-02-21,0.233,14.06,13.19,0.0,0.87
2006-02-22,0.177,13.85,13.02,0.0,0.83
2006-02-23,0.13,13.73,12.92,0.0,0.81
2006-02-24,0.093,13.58,12.79,0.0,0.79
2006-02-25,0.065,13.56,12.79,0.0,0.77
2006-02-26,0.771,70.27,17.08,12.6,40.6
2006-02-27,8.147,471.63,18.78,193.04,259.81
2006-02-28,11.185,283.93,18.59,112.83,152.51
2006-03-01,8.676,67.84,17.14,6.9,43.79
2006-03-02,8.57,105.44,17.29,10.28,77.86
2006-03-03,8.911,124.94,17.25,10.85,96.84
2006-03-04,7.405,135.42,16.44,1.03,117.95
2006-03-05,10.646,596.31,17.96,208.85,369.5
2006-03-06,27.3,1651.08,24.26,674.6,952.22
2006-03-07,24.328,305.47,23.61,69.54,212.31
2006-03-08,18.981,229.48,22.1,4.7,202.68
2006-03-09,15.095,283.6,20.59,2.67,260.33
2006-03-10,12.564,319.89,19.44,1.75,298.7
2006-03-11,10.564,343.13,18.64,1.13,323.36
2006-03-12,10.793,313.45,18.36,5.15,289.94
2006-03-13,10.168,291.56,17.99,1.56,272.01
2006-03-14,17.124,631.55,20.6,197.03,413.92
2006-03-15,13.302,232.92,19.63,7.28,206.01
2006-03-16,11.694,271.79,18.76,16.07,236.97
2006-03-17,12.496,257.55,19.08,20.36,218.11
2006-03-18,11.344,223.97,18.75,3.93,201.29
2006-03-19,9.122,241.52,17.81,0.82,222.9
2006-03-20,9.728,235.66,17.84,11.9,205.92
2006-03-21,8.58,221.81,17.47,2.34,202.0
2006-03-22,6.898,246.13,16.77,0.5,228.86
2006-03-23,5.871,261.39,16.17,0.38,244.83
2006-03-24,5.431,256.15,14.73,1.89,239.53
2006-03-25,17.076,871.04,20.92,332.37,517.75
2006-03-26,12.488,165.11,19.35,13.51,132.25
2006-03-27,10.329,173.89,18.21,4.41,151.27
2006-03-28,10.011,176.38,18.07,2.94,155.37
2006-03-29,15.73,375.37,19.95,110.62,244.81
2006-03-30,12.752,156.96,19.39,5.36,132.21
2006-03-31,12.735,278.09,18.99,58.21,200.88
2006-04-01,12.681,169.92,19.23,12.23,138.46
2006-04-02,10.594,163.95,18.16,2.67,143.12
2006-04-03,16.436,148.5,20.02,16.6,111.88
2006-04-04,22.803,464.57,22.65,160.96,280.96
2006-04-05,18.909,134.07,21.39,10.44,102.25
2006-04-06,14.763,137.84,20.02,1.51,116.31
2006-04-07,12.38,153.24,18.95,2.7,131.59
2006-04-08,12.132,146.24,19.07,2.98,124.2
2006-04-09,10.031,151.71,18.19,1.1,132.42
2006-04-10,8.076,162.62,17.41,0.58,144.62
2006-04-11,11.015,262.72,18.29,63.54,180.9
2006-04-12,20.103,139.31,21.28,27.86,90.17
2006-04-13,17.938,94.79,21.18,3.6,70.01
2006-04-14,14.038,109.93,19.82,0.97,89.13
2006-04-15,11.01,127.54,18.69,0.68,108.16
2006-04-16,15.52,197.0,19.82,45.02,132.16
2006-04-17,12.619,111.28,19.32,3.12,88.84
2006-04-18,9.579,123.89,18.12,0.83,104.94
2006-04-19,7.453,137.88,17.18,0.47,120.23
2006-04-20,5.912,150.95,16.35,0.32,134.27
2006-04-21,4.689,163.92,15.44,0.22,148.26
2006-04-22,3.697,180.5,14.64,0.1,165.77
2006-04-23,3.207,180.35,14.63,0.07,165.64
2006-04-24,2.519,193.33,14.54,0.06,178.72
2006-04-25,2.017,200.44,14.53,0.06,185.85
2006-04-26,1.54,214.48,14.37,0.05,200.06
2006-04-27,1.224,230.47,14.12,0.03,216.32
2006-04-28,1.0,249.64,13.88,0.0,235.76
2006-04-29,0.821,269.12,13.64,0.0,255.48
2006-04-30,0.677,287.13,13.34,0.0,273.79
2006-05-01,0.56,303.26,12.92,0.0,290.34
2006-05-02,0.471,313.49,12.54,0.0,300.95
2006-05-03,0.401,317.38,12.34,0.0,305.04
2006-05-04,0.343,310.86,12.3,0.0,298.56
2006-05-05,0.291,291.39,12.3,0.0,279.09
2006-05-06,0.242,272.56,12.31,0.0,260.25
2006-05-07,0.197,256.37,12.32,0.0,244.04
2006-05-08,0.155,242.25,12.35,0.0,229.9
2006-05-09,0.116,229.43,12.38,0.0,217.05
2006-05-10,0.079,216.89,12.44,0.0,204.45
2006-05-11,0.045,201.73,12.59,0.0,189.15
2006-05-12,0.014,162.57,13.11,0.0,149.46
2006-05-13,0.002,60.89,13.45,0.0,47.42
2006-05-14,0.0,24.59,13.11,0.0,11.21
2006-05-15,0.0,11.57,10.42,0.0,2.15
2006-05-16,0.0,0.0,0.0,0.0,0.0
2006-05-17,0.0,0.0,0.0,0.0,0.0
2006-05-18,0.0,0.0,0.0,0.0,0.0
2006-05-19,0.0,0.0,0.0,0.0,0.0
2006-05-20,0.0,0.0,0.0,0.0,0.0
2006-05-21,1.477,153.1,19.68,46.54,86.88
2006-05-22,0.936,71.26,19.89,0.39,50.98
2006-05-23,0.161,42.17,17.81,0.0,24.36
2006-05-24,0.061,18.45,15.18,0.0,3.27
2006-05-25,0.021,15.52,14.62,0.0,0.9
2006-05-26,0.007,15.9,15.21,0.0,0.68
2006-05-27,0.004,15.95,15.21,0.0,0.75
2006-05-28,0.003,16.17,15.36,0.0,0.78
2006-05-29,0.002,16.38,15.62,0.0,0.78
2006-05-30,0.001,17.05,16.23,0.0,0.77
2006-05-31,0.0,16.96,16.57,0.0,0.7
2006-06-01,0.0,19.68,18.28,0.0,0.49
2006-06-02,0.0,17.36,16.75,0.0,0.18
2006-06-03,0.0,0.0,0.0,0.0,0.0
2006-06-04,0.0,0.0,0.0,0.0,0.0
2006-06-05,0.0,0.0,0.0,0.0,0.0
2006-06-06,0.0,0.0,0.0,0.0,0.0
2006-06-07,0.0,0.0,0.0,0.0,0.0
2006-06-08,0.0,0.0,0.0,0.0,0.0
2006-06-09,0.0,0.0,0.0,0.0,0.0
2006-06-10,0.0,0.0,0.0,0.0,0.0
2006-06-11,0.0,0.0,0.0,0.0,0.0
2006-06-12,0.0,0.0,0.0,0.0,0.0
2006-06-13,0.0,0.0,0.0,0.0,0.0
2006-06-14,0.0,0.0,0.0,0.0,0.0
2006-06-15,0.0,0.0,0.0,0.0,0.0
2006-06-16,0.0,0.0,0.0,0.0,0.0
2006-06-17,0.0,0.0,0.0,0.0,0.0
2006-06-18,0.0,0.0,0.0,0.0,0.0
2006-06-19,0.0,0.0,0.0,0.0,0.0
2006-06-20,0.0,0.0,0.0,0.0,0.0
2006-06-21,0.0,0.0,0.0,0.0,0.0
2006-06-22,0.0,0.0,0.0,0.0,0.0
2006-06-23,0.0,0.0,0.0,0.0,0.0
2006-06-24,0.0,0.0,0.0,0.0,0.0
2006-06-25,0.0,0.0,0.0,0.0,0.0
2006-06-26,0.0,0.0,0.0,0.0,0.0
2006-06-27,0.0,0.0,0.0,0.0,0.0
2006-06-28,0.0,0.0,0.0,0.0,0.0
2006-06-29,0.0,0.0,0.0,0.0,0.0
2006-06-30,0.0,0.0,0.0,0.0,0.0
2006-07-01,0.0,0.0,0.0,0.0,0.0
2006-07-02,0.0,0.0,0.0,0.0,0.0
2006-07-03,0.0,0.0,0.0,0.0,0.0
2006-07-04,0.0,0.0,0.0,0.0,0.0
2006-07-05,0.0,0.0,0.0,0.0,0.0
2006-07-06,0.0,0.0,0.0,0.0,0.0
2006-07-07,0.0,0.0,0.0,0.0,0.0
2006-07-08,0.0,0.0,0.0,0.0,0.0
2006-07-09,0.0,0.0,0.0,0.0,0.0
2006-07-10,0.0,0.0,0.0,0.0,0.0
2006-07-11,0.0,0.0,0.0,0.0,0.0
2006-07-12,0.0,0.0,0.0,0.0,0.0
2006-07-13,0.0,0.0,0.0,0.0,0.0
2006-07-14,0.0,0.0,0.0,0.0,0.0
2006-07-15,0.0,0.0,0.0,0.0,0.0
2006-07-16,0.0,0.0,0.0,0.0,0.0
2006-07-17,0.0,0.0,0.0,0.0,0.0
2006-07-18,0.0,0.0,0.0,0.0,0.0
2006-07-19,0.0,0.0,0.0,0.0,0.0
2006-07-20,0.0,0.0,0.0,0.0,0.0
2006-07-21,0.0,0.0,0.0,0.0,0.0
2006-07-22,0.0,0.0,0.0,0.0,0.0
2006-07-23,0.0,0.0,0.0,0.0,0.0
2006-07-24,0.0,0.0,0.0,0.0,0.0
2006-07-25,0.0,0.0,0.0,0.0,0.0
2006-07-26,0.0,0.0,0.0,0.0,0.0
2006-07-27,0.0,0.0,0.0,0.0,0.0
2006-07-28,0.0,0.0,0.0,0.0,0.0
2006-07-29,0.0,0.0,0.0,0.0,0.0
2006-07-30,0.0,0.0,0.0,0.0,0.0
2006-07-31,0.0,0.0,0.0,0.0,0.0
2006-08-01,0.0,0.0,0.0,0.0,0.0
2006-08-02,0.0,0.0,0.0,0.0,0.0
2006-08-03,0.0,0.0,0.0,0.0,0.0
2006-08-04,0.0,0.0,0.0,0.0,0.0
2006-08-05,0.0,0.0,0.0,0.0,0.0
2006-08-06,0.0,0.0,0.0,0.0,0.0
2006-08-07,0.0,0.0,0.0,0.0,0.0
2006-08-08,0.0,0.0,0.0,0.0,0.0
2006-08-09,0.0,0.0,0.0,0.0,0.0
2006-08-10,0.0,0.0,0.0,0.0,0.0
2006-08-11,0.0,0.0,0.0,0.0,0.0
2006-08-12,0.0,0.0,0.0,0.0,0.0
2006-08-13,0.0,0.0,0.0,0.0,0.0
2006-08-14,0.0,0.0,0.0,0.0,0.0
2006-08-15,0.0,0.0,0.0,0.0,0.0
2006-08-16,0.0,0.0,0.0,0.0,0.0
2006-08-17,0.0,0.0,0.0,0.0,0.0
2006-08-18,0.0,0.0,0.0,0.0,0.0
2006-08-19,0.0,0.0,0.0,0.0,0.0
2006-08-20,0.0,0.0,0.0,0.0,0.0
2006-08-21,0.0,0.0,0.0,0.0,0.0
2006-08-22,0.0,0.0,0.0,0.0,0.0
2006-08-23,0.0,0.0,0.0,0.0,0.0
2006-08-24,0.0,0.0,0.0,0.0,0.0
2006-08-25,0.0,0.0,0.0,0.0,0.0
2006-08-26,0.0,0.0,0.0,0.0,0.0
2006-08-27,0.0,0.0,0.0,0.0,0.0
2006-08-28,0.0,0.0,0.0,0.0,0.0
2006-08-29,0.0,0.0,0.0,0.0,0.0
2006-08-30,0.0,0.0,0.0,0.0,0.0
2006-08-31,0.0,0.0,0.0,0.0,0.0
2006-09-01,0.0,0.0,0.0,0.0,0.0
2006-09-02,0.0,0.0,0.0,0.0,0.0
2006-09-03,0.0,0.0,0.0,0.0,0.0
2006-09-04,0.0,0.0,0.0,0.0,0.0
2006-09-05,0.0,0.0,0.0,0.0,0.0
2006-09-06,0.0,0.0,0.0,0.0,0.0
2006-09-07,0.0,0.0,0.0,0.0,0.0
2006-09-08,0.0,0.0,0.0,0.0,0.0
2006-09-09,0.0,0.0,0.0,0.0,0.0
2006-09-10,0.0,0.0,0.0,0.0,0.0
2006-09-11,0.0,0.0,0.0,0.0,0.0
2006-09-12,0.0,0.0,0.0,0.0,0.0
2006-09-13,0.0,0.0,0.0,0.0,0.0
2006-09-14,0.0,0.0,0.0,0.0,0.0
2006-09-15,0.0,0.0,0.0,0.0,0.0
2006-09-16,0.0,0.0,0.0,0.0,0.0
2006-09-17,0.0,0.0,0.0,0.0,0.0
2006-09-18,0.0,0.0,0.0,0.0,0.0
2006-09-19,0.0,0.0,0.0,0.0,0.0
2006-09-20,0.0,0.0,0.0,0.0,0.0
2006-09-21,0.0,0.0,0.0,0.0,0.0
2006-09-22,0.0,0.0,0.0,0.0,0.0
2006-09-23,0.0,0.0,0.0,0.0,0.0
2006-09-24,0.0,0.0,0.0,0.0,0.0
2006-09-25,0.0,0.0,0.0,0.0,0.0
2006-09-26,0.0,0.0,0.0,0.0,0.0
2006-09-27,0.0,0.0,0.0,0.0,0.0
2006-09-28,0.0,0.0,0.0,0.0,0.0
2006-09-29,0.0,0.0,0.0,0.0,0.0
2006-09-30,0.0,0.0,0.0,0.0,0.0
2006-10-01,0.0,0.0,0.0,0.0,0.0
2006-10-02,0.0,0.0,0.0,0.0,0.0
2006-10-03,0.0,0.0,0.0,0.0,0.0
2006-10-04,0.0,0.0,0.0,0.0,0.0
2006-10-05,0.233,39.05,19.55,0.28,19.22
2006-10-06,0.039,29.42,20.65,0.0,8.77
2006-10-07,0.006,22.96,20.74,0.0,2.2
2006-10-08,0.001,21.08,20.65,0.0,0.51
2006-10-09,0.0,21.11,21.08,0.0,0.2
2006-10-10,0.0,20.25,19.64,0.0,0.23
2006-10-11,0.0,11.57,16.65,0.0,0.15
2006-10-12,0.0,0.0,0.0,0.0,0.0
2006-10-13,0.0,0.0,0.0,0.0,0.0
2006-10-14,0.0,0.0,0.0,0.0,0.0
2006-10-15,0.0,0.0,0.0,0.0,0.0
2006-10-16,0.0,0.0,0.0,0.0,0.0
2006-10-17,0.0,0.0,0.0,0.0,0.0
2006-10-18,0.0,0.0,0.0,0.0,0.0
2006-10-19,0.0,0.0,0.0,0.0,0.0
2006-10-20,0.0,0.0,0.0,0.0,0.0
2006-10-21,0.0,0.0,0.0,0.0,0.0
2006-10-22,0.0,0.0,0.0,0.0,0.0
2006-10-23,0.0,0.0,0.0,0.0,0.0
2006-10-24,0.0,0.0,0.0,0.0,0.0
2006-10-25,0.0,0.0,0.0,0.0,0.0
2006-10-26,0.0,0.0,0.0,0.0,0.0
2006-10-27,0.0,0.0,0.0,0.0,0.0
2006-10-28,0.0,0.0,0.0,0.0,0.0
2006-10-29,0.0,0.0,0.0,0.0,0.0
2006-10-30,0.0,0.0,0.0,0.0,0.0
2006-10-31,0.0,0.0,0.0,0.0,0.0
2006-11-01,0.0,0.0,0.0,0.0,0.0
2006-11-02,1.734,232.37,18.65,77.29,136.43
2006-11-03,0.571,99.45,19.37,0.01,80.07
2006-11-04,0.075,43.34,18.52,0.0,24.82
2006-11-05,0.02,20.29,16.46,0.0,3.84
2006-11-06,0.011,15.53,14.6,0.0,0.93
2006-11-07,0.008,14.85,14.04,0.0,0.81
2006-11-08,0.007,14.81,13.99,0.0,0.81
2006-11-09,0.006,14.6,13.75,0.0,0.82
2006-11-10,0.005,14.74,13.91,0.0,0.82
2006-11-11,1.152,91.95,18.41,16.72,56.82
2006-11-12,0.145,52.66,19.32,0.0,33.35
2006-11-13,0.986,92.6,17.62,24.06,50.93
2006-11-14,0.598,59.88,20.7,0.56,38.63
2006-11-15,0.081,32.66,18.81,0.0,13.86
2006-11-16,0.026,18.78,16.57,0.0,2.21
2006-11-17,0.015,15.97,15.14,0.0,0.83
2006-11-18,0.012,15.48,14.68,0.0,0.8
2006-11-19,0.011,15.43,14.63,0.0,0.81
2006-11-20,0.009,15.42,14.62,0.0,0.8
2006-11-21,0.008,15.41,14.6,0.0,0.81
2006-11-22,0.007,15.49,14.7,0.0,0.81
2006-11-23,0.006,15.46,14.64,0.0,0.8
2006-11-24,0.005,15.47,14.67,0.0,0.81
2006-11-25,0.004,15.58,14.78,0.0,0.8
2006-11-26,0.703,122.1,17.23,27.07,77.8
2006-11-27,0.498,47.35,19.38,0.03,27.95
2006-11-28,0.069,26.94,18.96,0.0,7.98
2006-11-29,0.018,18.35,16.82,0.0,1.54
2006-11-30,0.01,15.84,15.07,0.0,0.79
2006-12-01,0.008,15.32,14.53,0.0,0.8
2006-12-02,0.007,15.36,14.58,0.0,0.8
2006-12-03,0.005,15.29,14.5,0.0,0.8
2006-12-04,0.005,15.23,14.45,0.0,0.81
2006-12-05,0.004,15.37,14.57,0.0,0.81
2006-12-06,0.004,15.41,14.6,0.0,0.81
2006-12-07,0.003,15.41,14.61,0.0,0.8
2006-12-08,0.107,38.91,10.4,2.74,25.76
2006-12-09,1.382,76.52,18.08,14.29,44.16
2006-12-10,2.768,171.54,19.45,53.45,98.64
2006-12-11,0.588,75.1,14.6,5.05,55.46
2006-12-12,4.966,150.97,20.52,51.24,79.21
2006-12-13,0.676,81.31,18.87,7.39,55.05
2006-12-14,0.225,30.39,16.73,0.0,13.66
2006-12-15,0.129,17.69,15.29,0.0,2.4
2006-12-16,0.091,15.68,14.81,0.0,0.87
2006-12-17,0.077,14.98,14.19,0.0,0.79
2006-12-18,0.081,15.35,14.54,0.0,0.81
2006-12-19,0.069,15.3,14.51,0.0,0.79
2006-12-20,0.052,15.07,14.29,0.0,0.78
2006-12-21,1.425,85.35,17.87,18.77,48.71
2006-12-22,1.318,90.74,18.86,11.94,59.94
2006-12-23,0.281,37.74,17.35,0.0,20.39
2006-12-24,0.107,17.75,14.94,0.0,2.81
2006-12-25,0.088,14.89,14.02,0.0,0.87
2006-12-26,1.125,116.67,16.89,32.92,66.86
2006-12-27,1.89,114.97,19.06,23.54,72.37
2006-12-28,0.327,46.11,16.57,0.0,29.54
2006-12-29,0.233,16.99,14.32,0.0,2.67
2006-12-30,0.209,14.68,13.78,0.0,0.91
2006-12-31,0.192,14.4,13.57,0.0,0.83
2007-01-01,0.17,14.34,13.52,0.0,0.82
2007-01-02,0.141,14.18,13.38,0.0,0.8
2007-01-03,0.125,14.04,13.24,0.0,0.8
2007-01-04,0.264,27.26,16.66,0.03,10.58
2007-01-05,0.079,19.53,16.11,0.0,3.42
2007-01-06,0.075,14.06,13.2,0.0,0.86
2007-01-07,0.075,13.7,12.92,0.0,0.78
2007-01-08,0.061,13.76,13.0,0.0,0.76
2007-01-09,0.051,13.54,12.79,0.0,0.75
2007-01-10,0.046,13.81,13.05,0.0,0.76
2007-01-11,0.032,13.58,12.85,0.0,0.73
2007-01-12,0.012,14.38,13.73,0.0,0.64
2007-01-13,0.003,12.74,12.16,0.0,0.54
2007-01-14,0.017,13.59,12.8,0.0,0.79
2007-01-15,0.01,13.6,12.91,0.0,0.68
2007-01-16,0.014,13.41,12.65,0.0,0.76
2007-01-17,0.012,13.62,12.9,0.0,0.71
2007-01-18,0.008,13.83,13.1,0.0,0.72
2007-01-19,0.003,13.73,13.14,0.0,0.62
2007-01-20,0.004,13.72,12.99,0.0,0.76
2007-01-21,0.001,14.47,14.14,0.0,0.27
2007-01-22,0.0,13.5,14.21,0.0,0.12
2007-01-23,0.0,0.0,0.0,0.0,0.0
2007-01-24,0.0,0.0,0.0,0.0,0.0
2007-01-25,0.0,0.0,0.0,0.0,0.0
2007-01-26,0.0,0.0,0.0,0.0,0.0
2007-01-27,0.128,34.85,18.01,0.26,16.58
2007-01-28,0.149,34.33,20.09,0.01,14.22
2007-01-29,0.023,27.57,20.69,0.0,6.88
2007-01-30,0.003,22.14,20.54,0.0,1.65
2007-01-31,0.001,20.14,19.62,0.0,0.48
2007-02-01,0.0,18.98,18.96,0.0,0.53
2007-02-02,0.0,19.01,18.45,0.0,0.67
2007-02-03,0.0,21.7,20.21,0.0,0.77
2007-02-04,0.0,23.15,26.49,0.0,0.38
2007-02-05,0.0,0.0,0.0,0.0,0.0
2007-02-06,0.0,0.0,0.0,0.0,0.0
2007-02-07,0.31,88.55,14.61,21.07,52.86
2007-02-08,2.044,113.94,18.33,32.38,63.23
2007-02-09,2.242,59.82,18.81,6.44,34.58
2007-02-10,4.132,98.01,17.77,30.2,50.04
2007-02-11,2.046,92.46,19.83,24.6,48.03
2007-02-12,0.789,45.39,15.59,4.31,25.49
2007-02-13,0.546,24.28,15.25,0.0,9.03
2007-02-14,0.378,15.2,13.93,0.0,1.27
2007-02-15,0.327,14.55,13.64,0.0,0.91
2007-02-16,0.272,14.56,13.69,0.0,0.88
2007-02-17,0.146,14.08,13.31,0.0,0.77
2007-02-18,0.182,14.04,13.19,0.0,0.85
2007-02-19,0.14,13.84,13.03,0.0,0.81
2007-02-20,0.132,13.79,12.97,0.0,0.82
2007-02-21,0.112,13.76,12.96,0.0,0.8
2007-02-22,2.476,118.4,18.71,33.02,66.67
2007-02-23,0.493,46.23,16.96,0.0,29.27
2007-02-24,0.425,34.75,12.72,5.25,16.78
2007-02-25,1.118,49.05,17.49,2.72,28.84
2007-02-26,2.007,84.24,17.68,19.5,47.06
2007-02-27,1.901,65.82,17.38,10.75,37.7
2007-02-28,1.057,32.5,15.59,0.04,16.88
2007-03-01,0.719,15.77,13.52,0.0,2.26
2007-03-02,0.582,14.45,13.32,0.0,1.13
2007-03-03,0.476,14.24,13.21,0.0,1.02
2007-03-04,0.396,14.14,13.16,0.0,0.98
2007-03-05,0.313,13.63,12.71,0.0,0.92
2007-03-06,0.301,13.76,12.83,0.0,0.93
2007-03-07,0.267,13.55,12.66,0.0,0.89
2007-03-08,0.241,13.67,12.79,0.0,0.88
2007-03-09,0.19,13.58,12.73,0.0,0.85
2007-03-10,0.165,13.54,12.7,0.0,0.83
2007-03-11,0.141,13.52,12.7,0.0,0.82
2007-03-12,0.119,13.5,12.7,0.0,0.8
2007-03-13,0.097,13.53,12.75,0.0,0.78
2007-03-14,0.067,13.45,12.7,0.0,0.75
2007-03-15,0.062,13.4,12.64,0.0,0.76
2007-03-16,0.054,13.41,12.66,0.0,0.76
2007-03-17,0.045,13.41,12.66,0.0,0.75
2007-03-18,0.036,13.41,12.68,0.0,0.74
2007-03-19,0.027,13.38,12.66,0.0,0.72
2007-03-20,0.015,13.53,12.83,0.0,0.69
2007-03-21,0.011,13.27,12.57,0.0,0.7
2007-03-22,0.002,13.76,13.31,0.0,0.45
2007-03-23,0.002,12.98,12.31,0.0,0.68
2007-03-24,0.0,13.44,13.41,0.0,0.26
2007-03-25,0.0,15.43,13.7,0.0,0.06
2007-03-26,0.06,28.79,14.51,0.03,14.25
2007-03-27,0.021,24.01,18.62,0.0,5.39
2007-03-28,0.002,17.97,17.14,0.0,0.84
2007-03-29,0.001,16.03,15.23,0.0,0.58
2007-03-30,0.0,15.43,14.08,0.0,0.73
2007-03-31,0.0,19.29,16.67,0.0,0.77
2007-04-01,0.0,0.0,0.0,0.0,0.0
2007-04-02,0.0,0.0,0.0,0.0,0.0
2007-04-03,0.0,0.0,0.0,0.0,0.0
2007-04-04,0.0,0.0,0.0,0.0,0.0
2007-04-05,0.0,0.0,0.0,0.0,0.0
2007-04-06,0.0,0.0,0.0,0.0,0.0
2007-04-07,0.0,0.0,0.0,0.0,0.0
2007-04-08,0.0,0.0,0.0,0.0,0.0
2007-04-09,0.0,0.0,0.0,0.0,0.0
2007-04-10,0.0,0.0,0.0,0.0,0.0
2007-04-11,0.002,14.92,12.85,0.01,2.07
2007-04-12,0.0,15.43,14.51,0.0,0.89
2007-04-13,0.0,0.0,0.0,0.0,0.0
2007-04-14,1.338,107.9,19.31,21.25,67.35
2007-04-15,0.284,76.25,19.86,0.0,56.39
2007-04-16,0.039,39.83,19.26,0.0,20.58
2007-04-17,0.009,21.7,17.97,0.0,3.72
2007-04-18,0.004,16.82,15.92,0.0,0.91
2007-04-19,0.004,12.29,11.65,0.0,0.63
2007-04-20,0.648,46.2,18.72,0.33,27.16
2007-04-21,0.284,25.32,11.3,0.48,13.54
2007-04-22,1.951,108.94,20.05,24.96,63.92
2007-04-23,0.184,58.69,19.5,0.0,39.19
2007-04-24,0.038,27.27,18.19,0.0,9.08
2007-04-25,0.015,17.54,16.14,0.0,1.41
2007-04-26,0.01,16.12,15.32,0.0,0.79
2007-04-27,0.007,15.86,15.06,0.0,0.78
2007-04-28,0.005,15.9,15.11,0.0,0.79
2007-04-29,0.004,15.9,15.09,0.0,0.79
2007-04-30,0.003,16.08,15.29,0.0,0.79
2007-05-01,0.002,16.06,15.28,0.0,0.79
2007-05-02,0.332,50.89,19.34,0.22,31.33
2007-05-03,0.047,34.99,19.92,0.0,15.07
2007-05-04,0.246,33.09,16.58,0.14,16.37
2007-05-05,0.024,21.55,18.43,0.0,3.12
2007-05-06,0.005,17.74,16.93,0.0,0.8
2007-05-07,0.002,16.16,15.41,0.0,0.7
2007-05-08,0.002,15.57,14.73,0.0,0.8
2007-05-09,0.001,15.4,14.5,0.0,0.8
2007-05-10,0.001,15.14,14.3,0.0,0.81
2007-05-11,0.0,15.1,14.3,0.0,0.81
2007-05-12,0.0,14.69,13.84,0.0,0.81
2007-05-13,0.0,14.88,13.7,0.0,0.83
2007-05-14,0.0,17.36,15.92,0.0,0.9
2007-05-15,0.0,0.0,0.0,0.0,0.0
2007-05-16,0.0,0.0,0.0,0.0,0.0
2007-05-17,0.0,0.0,0.0,0.0,0.0
2007-05-18,0.0,0.0,0.0,0.0,0.0
2007-05-19,0.0,0.0,0.0,0.0,0.0
2007-05-20,0.0,0.0,0.0,0.0,0.0
2007-05-21,0.0,0.0,0.0,0.0,0.0
2007-05-22,0.0,0.0,0.0,0.0,0.0
2007-05-23,0.0,0.0,0.0,0.0,0.0
2007-05-24,0.0,0.0,0.0,0.0,0.0
2007-05-25,0.0,0.0,0.0,0.0,0.0
2007-05-26,0.0,0.0,0.0,0.0,0.0
2007-05-27,0.0,0.0,0.0,0.0,0.0
2007-05-28,0.0,0.0,0.0,0.0,0.0
2007-05-29,0.0,0.0,0.0,0.0,0.0
2007-05-30,0.0,0.0,0.0,0.0,0.0
2007-05-31,0.0,0.0,0.0,0.0,0.0
2007-06-01,0.0,0.0,0.0,0.0,0.0
2007-06-02,0.0,0.0,0.0,0.0,0.0
2007-06-03,0.0,0.0,0.0,0.0,0.0
2007-06-04,0.0,0.0,0.0,0.0,0.0
2007-06-05,0.0,0.0,0.0,0.0,0.0
2007-06-06,0.0,0.0,0.0,0.0,0.0
2007-06-07,0.0,0.0,0.0,0.0,0.0
2007-06-08,0.0,0.0,0.0,0.0,0.0
2007-06-09,0.0,0.0,0.0,0.0,0.0
2007-06-10,0.0,0.0,0.0,0.0,0.0
2007-06-11,0.0,0.0,0.0,0.0,0.0
2007-06-12,0.0,0.0,0.0,0.0,0.0
2007-06-13,0.0,0.0,0.0,0.0,0.0
2007-06-14,0.0,0.0,0.0,0.0,0.0
2007-06-15,0.0,0.0,0.0,0.0,0.0
2007-06-16,0.0,0.0,0.0,0.0,0.0
2007-06-17,0.0,0.0,0.0,0.0,0.0
2007-06-18,0.0,0.0,0.0,0.0,0.0
2007-06-19,0.0,0.0,0.0,0.0,0.0
2007-06-20,0.0,0.0,0.0,0.0,0.0
2007-06-21,0.0,0.0,0.0,0.0,0.0
2007-06-22,0.0,0.0,0.0,0.0,0.0
2007-06-23,0.0,0.0,0.0,0.0,0.0
2007-06-24,0.0,0.0,0.0,0.0,0.0
2007-06-25,0.0,0.0,0.0,0.0,0.0
2007-06-26,0.0,0.0,0.0,0.0,0.0
2007-06-27,0.0,0.0,0.0,0.0,0.0
2007-06-28,0.0,0.0,0.0,0.0,0.0
2007-06-29,0.0,0.0,0.0,0.0,0.0
2007-06-30,0.0,0.0,0.0,0.0,0.0
2007-07-01,0.0,0.0,0.0,0.0,0.0
2007-07-02,0.0,0.0,0.0,0.0,0.0
2007-07-03,0.0,0.0,0.0,0.0,0.0
2007-07-04,0.0,0.0,0.0,0.0,0.0
2007-07-05,0.0,0.0,0.0,0.0,0.0
2007-07-06,0.0,0.0,0.0,0.0,0.0
2007-07-07,0.0,0.0,0.0,0.0,0.0
2007-07-08,0.0,0.0,0.0,0.0,0.0
2007-07-09,0.0,0.0,0.0,0.0,0.0
2007-07-10,0.0,0.0,0.0,0.0,0.0
2007-07-11,0.0,0.0,0.0,0.0,0.0
2007-07-12,0.0,0.0,0.0,0.0,0.0
2007-07-13,0.0,0.0,0.0,0.0,0.0
2007-07-14,0.0,0.0,0.0,0.0,0.0
2007-07-15,0.0,0.0,0.0,0.0,0.0
2007-07-16,0.0,0.0,0.0,0.0,0.0
2007-07-17,0.0,0.0,0.0,0.0,0.0
2007-07-18,0.0,0.0,0.0,0.0,0.0
2007-07-19,0.0,0.0,0.0,0.0,0.0
2007-07-20,0.0,0.0,0.0,0.0,0.0
2007-07-21,0.0,0.0,0.0,0.0,0.0
2007-07-22,0.0,0.0,0.0,0.0,0.0
2007-07-23,0.0,0.0,0.0,0.0,0.0
2007-07-24,0.0,0.0,0.0,0.0,0.0
2007-07-25,0.0,0.0,0.0,0.0,0.0
2007-07-26,0.0,0.0,0.0,0.0,0.0
2007-07-27,0.0,0.0,0.0,0.0,0.0
2007-07-28,0.0,0.0,0.0,0.0,0.0
2007-07-29,0.0,0.0,0.0,0.0,0.0
2007-07-30,0.0,0.0,0.0,0.0,0.0
2007-07-31,0.0,0.0,0.0,0.0,0.0
2007-08-01,0.0,0.0,0.0,0.0,0.0
2007-08-02,0.0,0.0,0.0,0.0,0.0
2007-08-03,0.0,0.0,0.0,0.0,0.0
2007-08-04,0.0,0.0,0.0,0.0,0.0
2007-08-05,0.0,0.0,0.0,0.0,0.0
2007-08-06,0.0,0.0,0.0,0.0,0.0
2007-08-07,0.0,0.0,0.0,0.0,0.0
2007-08-08,0.0,0.0,0.0,0.0,0.0
2007-08-09,0.0,0.0,0.0,0.0,0.0
2007-08-10,0.0,0.0,0.0,0.0,0.0
2007-08-11,0.0,0.0,0.0,0.0,0.0
2007-08-12,0.0,0.0,0.0,0.0,0.0
2007-08-13,0.0,0.0,0.0,0.0,0.0
2007-08-14,0.0,0.0,0.0,0.0,0.0
2007-08-15,0.0,0.0,0.0,0.0,0.0
2007-08-16,0.0,0.0,0.0,0.0,0.0
2007-08-17,0.0,0.0,0.0,0.0,0.0
2007-08-18,0.0,0.0,0.0,0.0,0.0
2007-08-19,0.0,0.0,0.0,0.0,0.0
2007-08-20,0.0,0.0,0.0,0.0,0.0
2007-08-21,0.0,0.0,0.0,0.0,0.0
2007-08-22,0.0,0.0,0.0,0.0,0.0
2007-08-23,0.0,0.0,0.0,0.0,0.0
2007-08-24,0.0,0.0,0.0,0.0,0.0
2007-08-25,0.0,0.0,0.0,0.0,0.0
2007-08-26,0.0,0.0,0.0,0.0,0.0
2007-08-27,0.0,0.0,0.0,0.0,0.0
2007-08-28,0.0,0.0,0.0,0.0,0.0
2007-08-29,0.0,0.0,0.0,0.0,0.0
2007-08-30,0.0,0.0,0.0,0.0,0.0
2007-08-31,0.0,0.0,0.0,0.0,0.0
2007-09-01,0.0,0.0,0.0,0.0,0.0
2007-09-02,0.0,0.0,0.0,0.0,0.0
2007-09-03,0.0,0.0,0.0,0.0,0.0
2007-09-04,0.0,0.0,0.0,0.0,0.0
2007-09-05,0.0,0.0,0.0,0.0,0.0
2007-09-06,0.0,0.0,0.0,0.0,0.0
2007-09-07,0.0,0.0,0.0,0.0,0.0
2007-09-08,0.0,0.0,0.0,0.0,0.0
2007-09-09,0.0,0.0,0.0,0.0,0.0
2007-09-10,0.0,0.0,0.0,0.0,0.0
2007-09-11,0.0,0.0,0.0,0.0,0.0
2007-09-12,0.0,0.0,0.0,0.0,0.0
2007-09-13,0.0,0.0,0.0,0.0,0.0
2007-09-14,0.0,0.0,0.0,0.0,0.0
2007-09-15,0.0,0.0,0.0,0.0,0.0
2007-09-16,0.0,0.0,0.0,0.0,0.0
2007-09-17,0.0,0.0,0.0,0.0,0.0
2007-09-18,0.0,0.0,0.0,0.0,0.0
2007-09-19,0.0,0.0,0.0,0.0,0.0
2007-09-20,0.0,0.0,0.0,0.0,0.0
2007-09-21,0.0,0.0,0.0,0.0,0.0
2007-09-22,0.0,0.0,0.0,0.0,0.0
2007-09-23,0.0,0.0,0.0,0.0,0.0
2007-09-24,0.0,0.0,0.0,0.0,0.0
2007-09-25,0.0,0.0,0.0,0.0,0.0
2007-09-26,0.0,0.0,0.0,0.0,0.0
2007-09-27,0.0,0.0,0.0,0.0,0.0
2007-09-28,0.0,0.0,0.0,0.0,0.0
2007-09-29,0.0,0.0,0.0,0.0,0.0
2007-09-30,0.0,0.0,0.0,0.0,0.0
2007-10-01,0.0,0.0,0.0,0.0,0.0
2007-10-02,0.0,0.0,0.0,0.0,0.0
2007-10-03,0.0,0.0,0.0,0.0,0.0
2007-10-04,0.0,0.0,0.0,0.0,0.0
2007-10-05,0.0,0.0,0.0,0.0,0.0
2007-10-06,0.0,0.0,0.0,0.0,0.0
2007-10-07,0.0,0.0,0.0,0.0,0.0
2007-10-08,0.0,0.0,0.0,0.0,0.0
2007-10-09,0.5,75.48,7.09,26.21,42.18
2007-10-10,3.704,261.1,21.73,92.73,146.64
2007-10-11,0.313,110.87,19.67,0.0,91.2
2007-10-12,3.487,139.22,19.22,47.12,72.88
2007-10-13,1.731,184.14,19.71,52.61,111.82
2007-10-14,0.263,94.81,19.21,0.0,75.6
2007-10-15,0.075,32.03,17.35,0.0,14.68
2007-10-16,0.042,17.59,15.9,0.0,1.69
2007-10-17,0.638,65.28,17.83,5.88,41.57
2007-10-18,0.107,33.74,18.49,0.0,15.25
2007-10-19,0.039,18.67,16.53,0.0,2.14
2007-10-20,0.025,16.46,15.63,0.0,0.83
2007-10-21,0.02,16.16,15.38,0.0,0.79
2007-10-22,0.016,16.14,15.36,0.0,0.79
2007-10-23,0.013,16.12,15.32,0.0,0.79
2007-10-24,0.011,16.11,15.31,0.0,0.79
2007-10-25,0.009,16.17,15.39,0.0,0.79
2007-10-26,0.008,16.15,15.34,0.0,0.79
2007-10-27,0.007,16.24,15.46,0.0,0.79
2007-10-28,0.005,16.32,15.56,0.0,0.78
2007-10-29,0.004,16.32,15.53,0.0,0.78
2007-10-30,0.004,16.23,15.44,0.0,0.79
2007-10-31,0.003,16.25,15.48,0.0,0.79
2007-11-01,0.003,16.4,15.59,0.0,0.79
2007-11-02,0.002,16.53,15.73,0.0,0.78
2007-11-03,0.002,16.54,15.73,0.0,0.78
2007-11-04,0.001,16.36,15.6,0.0,0.78
2007-11-05,0.001,16.62,15.77,0.0,0.78
2007-11-06,0.001,16.48,15.75,0.0,0.78
2007-11-07,0.001,16.65,16.0,0.0,0.78
2007-11-08,0.001,17.36,16.51,0.0,0.77
2007-11-09,0.0,16.58,16.13,0.0,0.76
2007-11-10,0.0,17.58,16.64,0.0,0.77
2007-11-11,0.0,19.01,18.48,0.0,0.81
2007-11-12,0.0,18.94,18.1,0.0,0.76
2007-11-13,0.0,23.15,27.12,0.0,0.32
2007-11-14,2.851,752.13,23.28,290.17,438.68
2007-11-15,0.462,327.2,19.55,0.14,307.51
2007-11-16,0.419,106.06,19.26,11.25,75.54
2007-11-17,0.033,31.02,17.13,0.0,13.89
2007-11-18,0.017,16.87,15.3,0.0,1.56
2007-11-19,0.013,15.67,14.84,0.0,0.83
2007-11-20,0.011,15.58,14.77,0.0,0.81
2007-11-21,0.009,15.52,14.73,0.0,0.81
2007-11-22,0.008,15.58,14.77,0.0,0.8
2007-11-23,0.006,15.71,14.92,0.0,0.8
2007-11-24,0.005,15.59,14.78,0.0,0.81
2007-11-25,0.004,15.69,14.89,0.0,0.8
2007-11-26,0.004,15.7,14.89,0.0,0.81
2007-11-27,0.003,15.83,14.99,0.0,0.8
2007-11-28,0.003,15.76,14.99,0.0,0.79
2007-11-29,0.002,15.75,14.94,0.0,0.81
2007-11-30,0.002,15.73,14.92,0.0,0.8
2007-12-01,0.002,15.74,14.91,0.0,0.81
2007-12-02,0.002,15.91,15.14,0.0,0.81
2007-12-03,0.001,16.5,15.63,0.0,0.78
2007-12-04,0.001,14.86,14.03,0.0,0.8
2007-12-05,0.001,15.55,14.63,0.0,0.81
2007-12-06,1.438,69.59,15.81,17.04,36.75
2007-12-07,4.076,115.24,20.72,36.37,58.15
2007-12-08,0.733,68.13,18.94,1.1,48.08
2007-12-09,0.17,48.01,19.08,0.0,28.93
2007-12-10,0.056,21.07,16.78,0.0,4.29
2007-12-11,4.766,876.82,21.36,343.93,511.53
2007-12-12,0.797,345.05,19.68,56.37,269.0
2007-12-13,0.208,94.98,17.16,0.0,77.82
2007-12-14,0.122,22.2,15.71,0.0,6.48
2007-12-15,0.096,16.33,15.26,0.0,1.07
2007-12-16,0.075,16.16,15.35,0.0,0.81
2007-12-17,0.047,15.93,15.15,0.0,0.78
2007-12-18,0.037,15.36,14.57,0.0,0.79
2007-12-19,0.041,15.77,14.96,0.0,0.81
2007-12-20,0.449,65.29,17.16,3.68,44.44
2007-12-21,0.819,118.55,18.44,21.29,78.81
2007-12-22,3.254,426.14,19.83,159.01,247.3
2007-12-23,1.721,283.19,18.23,75.27,189.69
2007-12-24,1.761,118.01,18.46,14.95,84.6
2007-12-25,0.654,102.42,20.17,25.48,56.77
2007-12-26,0.367,29.61,19.28,0.05,10.28
2007-12-27,0.225,16.25,15.32,0.0,0.93
2007-12-28,0.169,15.62,14.8,0.0,0.82
2007-12-29,0.185,15.74,14.9,0.0,0.85
2007-12-30,0.198,16.18,15.33,0.0,0.84
2007-12-31,0.137,16.62,15.82,0.0,0.81
2008-01-01,0.051,14.43,13.73,0.0,0.7
2008-01-02,0.102,15.66,14.81,0.0,0.85
2008-01-03,0.729,61.06,15.59,8.41,37.06
2008-01-04,23.317,3830.56,28.71,1639.0,2162.84
2008-01-05,14.349,693.11,20.19,290.38,382.54
2008-01-06,9.363,82.09,18.13,26.95,37.01
2008-01-07,6.631,24.03,15.94,2.52,5.57
2008-01-08,6.981,81.21,16.17,27.63,37.41
2008-01-09,6.378,31.36,15.63,5.85,9.88
2008-01-10,6.122,23.91,15.34,3.13,5.45
2008-01-11,5.256,17.52,14.83,0.89,1.8
2008-01-12,4.569,16.72,14.81,0.7,1.21
2008-01-13,4.0,16.65,14.84,0.68,1.14
2008-01-14,3.505,16.67,14.88,0.67,1.12
2008-01-15,3.068,16.73,14.94,0.67,1.12
2008-01-16,2.501,16.62,14.94,0.57,1.11
2008-01-17,2.138,16.36,14.88,0.38,1.1
2008-01-18,1.992,16.34,15.01,0.23,1.1
2008-01-19,1.786,16.21,15.08,0.04,1.09
2008-01-20,1.572,16.23,15.12,0.02,1.09
2008-01-21,2.526,41.61,15.53,7.39,18.68
2008-01-22,3.657,34.17,16.56,5.24,12.37
2008-01-23,5.886,59.16,16.85,16.83,25.48
2008-01-24,4.985,28.1,15.77,3.76,8.57
2008-01-25,10.896,291.56,18.95,117.33,155.27
2008-01-26,14.885,112.51,20.01,39.89,52.6
2008-01-27,20.28,201.22,21.87,77.44,101.91
2008-01-28,15.942,28.99,20.33,3.74,4.92
2008-01-29,12.602,21.85,19.2,1.15,1.51
2008-01-30,10.414,20.64,18.22,1.04,1.37
2008-01-31,11.419,214.54,18.41,84.69,111.44
2008-02-01,12.725,68.62,19.23,21.33,28.06
2008-02-02,12.223,54.72,18.48,15.65,20.59
2008-02-03,15.691,48.38,20.22,12.16,16.0
2008-02-04,12.071,22.27,19.0,1.41,1.86
2008-02-05,9.567,19.96,17.81,0.93,1.22
2008-02-06,7.708,18.75,16.74,0.86,1.15
2008-02-07,6.327,17.96,16.03,0.79,1.14
2008-02-08,5.201,17.9,16.08,0.68,1.14
2008-02-09,4.201,17.97,16.21,0.63,1.14
2008-02-10,3.449,17.99,16.35,0.51,1.14
2008-02-11,2.824,18.0,16.51,0.35,1.14
2008-02-12,2.291,17.85,16.66,0.05,1.13
2008-02-13,1.924,19.9,16.68,0.22,3.0
2008-02-14,1.234,18.12,16.63,0.0,1.48
2008-02-15,1.211,17.85,16.76,0.0,1.09
2008-02-16,1.05,17.97,16.93,0.0,1.03
2008-02-17,0.874,18.09,17.1,0.0,0.98
2008-02-18,0.718,18.21,17.27,0.0,0.93
2008-02-19,1.469,104.93,16.63,34.78,53.52
2008-02-20,2.635,82.31,19.15,18.45,44.71
2008-02-21,2.347,32.89,17.33,2.53,13.04
2008-02-22,2.808,32.91,16.89,4.13,11.89
2008-02-23,2.947,30.96,16.24,4.29,10.42
2008-02-24,7.999,77.31,17.63,25.27,34.4
2008-02-25,7.178,27.53,16.31,4.58,6.63
2008-02-26,5.616,18.04,15.43,0.85,1.77
2008-02-27,4.549,17.27,15.39,0.65,1.23
2008-02-28,3.659,17.25,15.49,0.61,1.15
2008-02-29,3.006,17.25,15.58,0.54,1.13
2008-03-01,2.354,17.15,15.63,0.4,1.12
2008-03-02,1.727,16.96,15.82,0.04,1.09
2008-03-03,1.429,16.96,15.88,0.01,1.07
2008-03-04,1.185,17.15,16.09,0.0,1.06
2008-03-05,0.93,17.3,16.27,0.0,1.03
2008-03-06,0.788,17.29,16.31,0.0,0.98
2008-03-07,0.632,17.43,16.49,0.0,0.94
2008-03-08,0.466,17.43,16.55,0.0,0.88
2008-03-09,0.361,17.65,16.79,0.0,0.86
2008-03-10,0.284,17.76,16.92,0.0,0.84
2008-03-11,0.219,17.91,17.09,0.0,0.82
2008-03-12,0.152,18.53,17.73,0.0,0.81
2008-03-13,0.071,18.53,17.79,0.0,0.74
2008-03-14,0.062,19.65,18.86,0.0,0.8
2008-03-15,0.025,20.23,19.52,0.0,0.71
2008-03-16,0.029,21.44,20.61,0.0,0.82
2008-03-17,0.004,21.5,21.07,0.0,0.44
2008-03-18,0.001,22.71,22.22,0.0,0.46
2008-03-19,0.0,22.38,21.87,0.0,0.12
2008-03-20,0.0,23.15,25.96,0.0,0.03
2008-03-21,0.0,0.0,0.0,0.0,0.0
2008-03-22,0.0,0.0,0.0,0.0,0.0
2008-03-23,0.0,0.0,0.0,0.0,0.0
2008-03-24,0.0,0.0,0.0,0.0,0.0
2008-03-25,0.0,0.0,0.0,0.0,0.0
2008-03-26,0.0,0.0,0.0,0.0,0.0
2008-03-27,0.0,0.0,0.0,0.0,0.0
2008-03-28,0.0,0.0,0.0,0.0,0.0
2008-03-29,0.0,0.0,0.0,0.0,0.0
2008-03-30,0.0,0.0,0.0,0.0,0.0
2008-03-31,0.0,0.0,0.0,0.0,0.0
2008-04-01,0.0,0.0,0.0,0.0,0.0
2008-04-02,0.0,0.0,0.0,0.0,0.0
2008-04-03,0.0,0.0,0.0,0.0,0.0
2008-04-04,0.0,0.0,0.0,0.0,0.0
2008-04-05,0.0,0.0,0.0,0.0,0.0
2008-04-06,0.0,0.0,0.0,0.0,0.0
2008-04-07,0.0,0.0,0.0,0.0,0.0
2008-04-08,0.0,0.0,0.0,0.0,0.0
2008-04-09,0.0,0.0,0.0,0.0,0.0
2008-04-10,0.0,0.0,0.0,0.0,0.0
2008-04-11,0.0,0.0,0.0,0.0,0.0
2008-04-12,0.0,0.0,0.0,0.0,0.0
2008-04-13,0.0,0.0,0.0,0.0,0.0
2008-04-14,0.0,0.0,0.0,0.0,0.0
2008-04-15,0.0,0.0,0.0,0.0,0.0
2008-04-16,0.0,0.0,0.0,0.0,0.0
2008-04-17,0.0,0.0,0.0,0.0,0.0
2008-04-18,0.0,0.0,0.0,0.0,0.0
2008-04-19,0.0,0.0,0.0,0.0,0.0
2008-04-20,0.0,0.0,0.0,0.0,0.0
2008-04-21,0.0,0.0,0.0,0.0,0.0
2008-04-22,0.0,0.0,0.0,0.0,0.0
2008-04-23,0.0,0.0,0.0,0.0,0.0
2008-04-24,0.0,0.0,0.0,0.0,0.0
2008-04-25,0.0,0.0,0.0,0.0,0.0
2008-04-26,0.0,0.0,0.0,0.0,0.0
2008-04-27,0.0,0.0,0.0,0.0,0.0
2008-04-28,0.0,0.0,0.0,0.0,0.0
2008-04-29,0.0,0.0,0.0,0.0,0.0
2008-04-30,0.0,0.0,0.0,0.0,0.0
2008-05-01,0.0,0.0,0.0,0.0,0.0
2008-05-02,0.0,0.0,0.0,0.0,0.0
2008-05-03,0.0,0.0,0.0,0.0,0.0
2008-05-04,0.0,0.0,0.0,0.0,0.0
2008-05-05,0.0,0.0,0.0,0.0,0.0
2008-05-06,0.0,0.0,0.0,0.0,0.0
2008-05-07,0.0,0.0,0.0,0.0,0.0
2008-05-08,0.0,0.0,0.0,0.0,0.0
2008-05-09,0.0,0.0,0.0,0.0,0.0
2008-05-10,0.0,0.0,0.0,0.0,0.0
2008-05-11,0.0,0.0,0.0,0.0,0.0
2008-05-12,0.0,0.0,0.0,0.0,0.0
2008-05-13,0.0,0.0,0.0,0.0,0.0
2008-05-14,0.0,0.0,0.0,0.0,0.0
2008-05-15,0.0,0.0,0.0,0.0,0.0
2008-05-16,0.0,0.0,0.0,0.0,0.0
2008-05-17,0.0,0.0,0.0,0.0,0.0
2008-05-18,0.0,0.0,0.0,0.0,0.0
2008-05-19,0.0,0.0,0.0,0.0,0.0
2008-05-20,0.0,0.0,0.0,0.0,0.0
2008-05-21,0.0,0.0,0.0,0.0,0.0
2008-05-22,0.0,0.0,0.0,0.0,0.0
2008-05-23,1.221,241.41,22.51,62.12,156.78
2008-05-24,0.078,85.79,19.66,0.0,66.12
2008-05-25,0.013,34.1,19.1,0.0,15.0
2008-05-26,0.003,19.85,17.44,0.0,2.4
2008-05-27,0.002,16.7,15.86,0.0,0.83
2008-05-28,0.001,15.8,15.07,0.0,0.78
2008-05-29,0.001,15.75,15.05,0.0,0.81
2008-05-30,0.001,15.89,14.88,0.0,0.82
2008-05-31,0.0,16.53,14.98,0.0,0.75
2008-06-01,0.0,15.05,14.67,0.0,0.84
2008-06-02,0.0,0.0,0.0,0.0,0.0
2008-06-03,0.0,0.0,0.0,0.0,0.0
2008-06-04,0.0,0.0,0.0,0.0,0.0
2008-06-05,0.0,0.0,0.0,0.0,0.0
2008-06-06,0.0,0.0,0.0,0.0,0.0
2008-06-07,0.0,0.0,0.0,0.0,0.0
2008-06-08,0.0,0.0,0.0,0.0,0.0
2008-06-09,0.0,0.0,0.0,0.0,0.0
2008-06-10,0.0,0.0,0.0,0.0,0.0
2008-06-11,0.0,0.0,0.0,0.0,0.0
2008-06-12,0.0,0.0,0.0,0.0,0.0
2008-06-13,0.0,0.0,0.0,0.0,0.0
2008-06-14,0.0,0.0,0.0,0.0,0.0
2008-06-15,0.0,0.0,0.0,0.0,0.0
2008-06-16,0.0,0.0,0.0,0.0,0.0
2008-06-17,0.0,0.0,0.0,0.0,0.0
2008-06-18,0.0,0.0,0.0,0.0,0.0
2008-06-19,0.0,0.0,0.0,0.0,0.0
2008-06-20,0.0,0.0,0.0,0.0,0.0
2008-06-21,0.0,0.0,0.0,0.0,0.0
2008-06-22,0.0,0.0,0.0,0.0,0.0
2008-06-23,0.0,0.0,0.0,0.0,0.0
2008-06-24,0.0,0.0,0.0,0.0,0.0
2008-06-25,0.0,0.0,0.0,0.0,0.0
2008-06-26,0.0,0.0,0.0,0.0,0.0
2008-06-27,0.0,0.0,0.0,0.0,0.0
2008-06-28,0.0,0.0,0.0,0.0,0.0
2008-06-29,0.0,0.0,0.0,0.0,0.0
2008-06-30,0.0,0.0,0.0,0.0,0.0
2008-07-01,0.0,0.0,0.0,0.0,0.0
2008-07-02,0.0,0.0,0.0,0.0,0.0
2008-07-03,0.0,0.0,0.0,0.0,0.0
2008-07-04,0.0,0.0,0.0,0.0,0.0
2008-07-05,0.0,0.0,0.0,0.0,0.0
2008-07-06,0.0,0.0,0.0,0.0,0.0
2008-07-07,0.0,0.0,0.0,0.0,0.0
2008-07-08,0.0,0.0,0.0,0.0,0.0
2008-07-09,0.0,0.0,0.0,0.0,0.0
2008-07-10,0.0,0.0,0.0,0.0,0.0
2008-07-11,0.0,0.0,0.0,0.0,0.0
2008-07-12,0.0,0.0,0.0,0.0,0.0
2008-07-13,0.0,0.0,0.0,0.0,0.0
2008-07-14,0.0,0.0,0.0,0.0,0.0
2008-07-15,0.0,0.0,0.0,0.0,0.0
2008-07-16,0.0,0.0,0.0,0.0,0.0
2008-07-17,0.0,0.0,0.0,0.0,0.0
2008-07-18,0.0,0.0,0.0,0.0,0.0
2008-07-19,0.0,0.0,0.0,0.0,0.0
2008-07-20,0.0,0.0,0.0,0.0,0.0
2008-07-21,0.0,0.0,0.0,0.0,0.0
2008-07-22,0.0,0.0,0.0,0.0,0.0
2008-07-23,0.0,0.0,0.0,0.0,0.0
2008-07-24,0.0,0.0,0.0,0.0,0.0
2008-07-25,0.0,0.0,0.0,0.0,0.0
2008-07-26,0.0,0.0,0.0,0.0,0.0
2008-07-27,0.0,0.0,0.0,0.0,0.0
2008-07-28,0.0,0.0,0.0,0.0,0.0
2008-07-29,0.0,0.0,0.0,0.0,0.0
2008-07-30,0.0,0.0,0.0,0.0,0.0
2008-07-31,0.0,0.0,0.0,0.0,0.0
2008-08-01,0.0,0.0,0.0,0.0,0.0
2008-08-02,0.0,0.0,0.0,0.0,0.0
2008-08-03,0.0,0.0,0.0,0.0,0.0
2008-08-04,0.0,0.0,0.0,0.0,0.0
2008-08-05,0.0,0.0,0.0,0.0,0.0
2008-08-06,0.0,0.0,0.0,0.0,0.0
2008-08-07,0.0,0.0,0.0,0.0,0.0
2008-08-08,0.0,0.0,0.0,0.0,0.0
2008-08-09,0.0,0.0,0.0,0.0,0.0
2008-08-10,0.0,0.0,0.0,0.0,0.0
2008-08-11,0.0,0.0,0.0,0.0,0.0
2008-08-12,0.0,0.0,0.0,0.0,0.0
2008-08-13,0.0,0.0,0.0,0.0,0.0
2008-08-14,0.0,0.0,0.0,0.0,0.0
2008-08-15,0.0,0.0,0.0,0.0,0.0
2008-08-16,0.0,0.0,0.0,0.0,0.0
2008-08-17,0.0,0.0,0.0,0.0,0.0
2008-08-18,0.0,0.0,0.0,0.0,0.0
2008-08-19,0.0,0.0,0.0,0.0,0.0
2008-08-20,0.0,0.0,0.0,0.0,0.0
2008-08-21,0.0,0.0,0.0,0.0,0.0
2008-08-22,0.0,0.0,0.0,0.0,0.0
2008-08-23,0.0,0.0,0.0,0.0,0.0
2008-08-24,0.0,0.0,0.0,0.0,0.0
2008-08-25,0.0,0.0,0.0,0.0,0.0
2008-08-26,0.0,0.0,0.0,0.0,0.0
2008-08-27,0.0,0.0,0.0,0.0,0.0
2008-08-28,0.0,0.0,0.0,0.0,0.0
2008-08-29,0.0,0.0,0.0,0.0,0.0
2008-08-30,0.0,0.0,0.0,0.0,0.0
2008-08-31,0.0,0.0,0.0,0.0,0.0
2008-09-01,0.0,0.0,0.0,0.0,0.0
2008-09-02,0.0,0.0,0.0,0.0,0.0
2008-09-03,0.0,0.0,0.0,0.0,0.0
2008-09-04,0.0,0.0,0.0,0.0,0.0
2008-09-05,0.0,0.0,0.0,0.0,0.0
2008-09-06,0.0,0.0,0.0,0.0,0.0
2008-09-07,0.0,0.0,0.0,0.0,0.0
2008-09-08,0.0,0.0,0.0,0.0,0.0
2008-09-09,0.0,0.0,0.0,0.0,0.0
2008-09-10,0.0,0.0,0.0,0.0,0.0
2008-09-11,0.0,0.0,0.0,0.0,0.0
2008-09-12,0.0,0.0,0.0,0.0,0.0
2008-09-13,0.0,0.0,0.0,0.0,0.0
2008-09-14,0.0,0.0,0.0,0.0,0.0
2008-09-15,0.0,0.0,0.0,0.0,0.0
2008-09-16,0.0,0.0,0.0,0.0,0.0
2008-09-17,0.0,0.0,0.0,0.0,0.0
2008-09-18,0.0,0.0,0.0,0.0,0.0
2008-09-19,0.0,0.0,0.0,0.0,0.0
2008-09-20,0.0,0.0,0.0,0.0,0.0
2008-09-21,0.0,0.0,0.0,0.0,0.0
2008-09-22,0.0,0.0,0.0,0.0,0.0
2008-09-23,0.0,0.0,0.0,0.0,0.0
2008-09-24,0.0,0.0,0.0,0.0,0.0
2008-09-25,0.0,0.0,0.0,0.0,0.0
2008-09-26,0.0,0.0,0.0,0.0,0.0
2008-09-27,0.0,0.0,0.0,0.0,0.0
2008-09-28,0.0,0.0,0.0,0.0,0.0
2008-09-29,0.0,0.0,0.0,0.0,0.0
2008-09-30,0.0,0.0,0.0,0.0,0.0
2008-10-01,0.0,0.0,0.0,0.0,0.0
2008-10-02,0.0,0.0,0.0,0.0,0.0
2008-10-03,0.0,0.0,0.0,0.0,0.0
2008-10-04,0.848,155.68,20.63,25.93,109.13
2008-10-05,0.093,83.53,20.22,0.0,63.31
2008-10-06,0.013,37.49,20.04,0.0,17.46
2008-10-07,0.003,22.41,19.12,0.0,3.3
2008-10-08,0.001,18.83,17.83,0.0,0.84
2008-10-09,0.0,17.7,16.85,0.0,0.65
2008-10-10,0.0,21.22,20.48,0.0,0.51
2008-10-11,0.0,17.36,16.93,0.0,0.67
2008-10-12,0.0,11.57,17.22,0.0,0.17
2008-10-13,0.0,0.0,0.0,0.0,0.0
2008-10-14,0.0,0.0,0.0,0.0,0.0
2008-10-15,0.0,0.0,0.0,0.0,0.0
2008-10-16,0.0,0.0,0.0,0.0,0.0
2008-10-17,0.0,0.0,0.0,0.0,0.0
2008-10-18,0.0,0.0,0.0,0.0,0.0
2008-10-19,0.0,0.0,0.0,0.0,0.0
2008-10-20,0.0,0.0,0.0,0.0,0.0
2008-10-21,0.0,0.0,0.0,0.0,0.0
2008-10-22,0.0,0.0,0.0,0.0,0.0
2008-10-23,0.0,0.0,0.0,0.0,0.0
2008-10-24,0.0,0.0,0.0,0.0,0.0
2008-10-25,0.0,0.0,0.0,0.0,0.0
2008-10-26,0.0,0.0,0.0,0.0,0.0
2008-10-27,0.0,0.0,0.0,0.0,0.0
2008-10-28,0.0,0.0,0.0,0.0,0.0
2008-10-29,0.0,0.0,0.0,0.0,0.0
2008-10-30,0.002,20.42,10.55,0.02,9.81
2008-10-31,0.064,25.17,14.93,0.03,10.21
2008-11-01,6.239,258.9,21.87,96.65,140.38
2008-11-02,1.509,201.26,19.62,56.3,125.34
2008-11-03,2.395,123.81,18.24,32.51,73.07
2008-11-04,0.968,64.82,19.17,1.56,44.09
2008-11-05,0.24,35.66,17.76,0.0,17.91
2008-11-06,0.106,17.7,15.22,0.0,2.48
2008-11-07,0.098,15.3,14.42,0.0,0.88
2008-11-08,0.078,15.14,14.34,0.0,0.81
2008-11-09,0.049,15.02,14.25,0.0,0.77
2008-11-10,0.047,14.92,14.12,0.0,0.8
2008-11-11,0.037,15.09,14.29,0.0,0.79
2008-11-12,0.028,15.12,14.34,0.0,0.77
2008-11-13,0.025,15.27,14.48,0.0,0.79
2008-11-14,0.014,15.99,15.25,0.0,0.75
2008-11-15,0.01,15.99,15.22,0.0,0.78
2008-11-16,0.009,16.04,15.25,0.0,0.79
2008-11-17,0.007,16.15,15.36,0.0,0.79
2008-11-18,0.006,16.24,15.46,0.0,0.79
2008-11-19,0.005,16.3,15.51,0.0,0.78
2008-11-20,0.004,16.4,15.62,0.0,0.78
2008-11-21,0.004,16.48,15.66,0.0,0.78
2008-11-22,0.003,16.48,15.74,0.0,0.78
2008-11-23,0.002,16.71,15.92,0.0,0.78
2008-11-24,0.002,16.72,15.91,0.0,0.77
2008-11-25,0.002,16.69,15.98,0.0,0.76
2008-11-26,0.179,38.84,22.18,0.12,16.54
2008-11-27,0.062,30.1,21.35,0.0,8.75
2008-11-28,0.01,22.27,20.14,0.0,2.13
2008-11-29,0.003,19.52,18.87,0.0,0.65
2008-11-30,0.001,18.43,17.73,0.0,0.64
2008-12-01,0.001,18.12,17.5,0.0,0.71
2008-12-02,0.001,18.55,17.9,0.0,0.74
2008-12-03,0.001,18.52,17.84,0.0,0.71
2008-12-04,0.0,19.8,19.13,0.0,0.74
2008-12-05,0.0,19.99,19.29,0.0,0.69
2008-12-06,0.0,20.39,20.0,0.0,0.68
2008-12-07,0.0,20.1,19.26,0.0,0.68
2008-12-08,0.0,20.06,19.53,0.0,0.67
2008-12-09,0.0,18.94,18.98,0.0,0.6
2008-12-10,0.0,23.15,21.17,0.0,0.67
2008-12-11,0.0,26.04,25.83,0.0,0.8
2008-12-12,0.0,23.15,22.3,0.0,0.66
2008-12-13,0.0,11.57,19.96,0.0,0.4
2008-12-14,0.771,87.38,17.73,20.42,49.24
2008-12-15,1.336,63.52,19.35,4.83,39.34
2008-12-16,0.592,47.39,19.46,0.29,27.65
2008-12-17,0.103,34.49,19.47,0.0,15.02
2008-12-18,0.033,18.39,15.32,0.0,3.06
2008-12-19,1.287,101.6,18.39,18.85,64.36
2008-12-20,0.15,51.78,18.81,0.0,32.97
2008-12-21,0.707,51.23,17.9,1.32,32.01
2008-12-22,0.498,35.87,18.86,0.03,16.98
2008-12-23,0.088,23.97,18.22,0.0,5.74
2008-12-24,1.122,46.33,17.81,2.96,25.57
2008-12-25,2.006,74.77,18.87,14.88,41.03
2008-12-26,0.284,37.24,17.92,0.0,19.33
2008-12-27,0.121,18.17,15.38,0.0,2.79
2008-12-28,0.074,15.02,14.14,0.0,0.87
2008-12-29,0.066,14.44,13.65,0.0,0.79
2008-12-30,0.064,14.43,13.64,0.0,0.79
2008-12-31,0.054,14.35,13.57,0.0,0.78
2009-01-01,0.045,14.4,13.63,0.0,0.77
2009-01-02,0.04,14.49,13.41,0.0,1.07
2009-01-03,0.036,14.29,13.51,0.0,0.78
2009-01-04,0.032,14.24,13.47,0.0,0.77
2009-01-05,0.022,14.62,13.88,0.0,0.74
2009-01-06,0.023,14.2,13.43,0.0,0.78
2009-01-07,0.021,14.24,13.49,0.0,0.76
2009-01-08,0.018,14.3,13.55,0.0,0.75
2009-01-09,0.009,15.32,14.58,0.0,0.73
2009-01-10,0.003,16.11,15.37,0.0,0.72
2009-01-11,0.003,16.14,15.36,0.0,0.79
2009-01-12,0.002,16.81,15.95,0.0,0.75
2009-01-13,0.002,16.47,15.74,0.0,0.79
2009-01-14,0.001,16.3,15.57,0.0,0.79
2009-01-15,0.001,16.71,16.01,0.0,0.77
2009-01-16,0.001,16.98,16.17,0.0,0.75
2009-01-17,0.001,16.7,16.01,0.0,0.77
2009-01-18,0.001,17.25,16.49,0.0,0.76
2009-01-19,0.0,18.86,17.64,0.0,0.76
2009-01-20,0.0,19.06,18.07,0.0,0.73
2009-01-21,0.151,54.99,10.11,10.68,34.19
2009-01-22,3.734,123.55,20.01,38.65,64.88
2009-01-23,0.872,54.32,19.51,0.25,34.56
2009-01-24,0.361,35.49,19.66,0.01,15.83
2009-01-25,0.068,20.55,17.25,0.0,3.3
2009-01-26,0.045,16.88,15.98,0.0,0.9
2009-01-27,0.021,16.37,15.62,0.0,0.74
2009-01-28,0.02,15.61,14.81,0.0,0.8
2009-01-29,0.012,16.11,15.35,0.0,0.77
2009-01-30,0.01,16.09,15.3,0.0,0.8
2009-01-31,0.008,16.24,15.44,0.0,0.79
2009-02-01,0.007,16.35,15.58,0.0,0.78
2009-02-02,0.005,16.37,15.56,0.0,0.78
2009-02-03,0.005,16.31,15.53,0.0,0.79
2009-02-04,0.004,16.4,15.6,0.0,0.79
2009-02-05,0.095,29.65,13.75,0.03,15.87
2009-02-06,1.108,74.37,17.8,13.02,43.55
2009-02-07,0.226,40.02,21.0,0.01,19.01
2009-02-08,0.178,41.73,16.27,0.62,24.83
2009-02-09,0.151,41.81,21.17,0.0,20.64
2009-02-10,0.042,14.23,12.09,0.0,2.13
2009-02-11,1.501,99.93,18.08,22.51,59.34
2009-02-12,0.44,71.6,19.54,0.0,52.06
2009-02-13,2.53,110.49,18.13,25.47,66.9
2009-02-14,0.845,65.38,20.01,2.98,42.4
2009-02-15,4.293,109.85,17.9,35.52,56.43
2009-02-16,6.183,133.2,19.55,46.6,67.05
2009-02-17,9.156,119.93,19.5,42.75,57.67
2009-02-18,5.474,42.27,15.62,10.43,16.22
2009-02-19,4.024,18.46,14.31,0.89,3.26
2009-02-20,3.343,16.24,14.14,0.74,1.35
2009-02-21,2.909,15.97,14.11,0.73,1.13
2009-02-22,11.169,203.91,18.78,79.2,105.92
2009-02-23,13.773,207.36,19.69,80.91,106.76
2009-02-24,13.338,75.29,19.87,23.9,31.52
2009-02-25,10.084,21.33,18.2,1.06,2.08
2009-02-26,8.876,21.35,17.37,1.52,2.46
2009-02-27,7.35,18.4,16.31,0.81,1.28
2009-02-28,5.986,17.05,15.16,0.74,1.15
2009-03-01,7.819,38.76,16.56,9.16,13.03
2009-03-02,11.069,72.18,18.19,23.05,30.93
2009-03-03,16.996,91.4,20.27,30.68,40.44
2009-03-04,15.487,30.67,20.33,4.46,5.88
2009-03-05,16.195,99.13,20.31,34.04,44.79
2009-03-06,12.323,23.39,19.2,1.81,2.39
2009-03-07,9.662,20.12,17.9,0.95,1.27
2009-03-08,7.686,18.64,16.68,0.81,1.16
2009-03-09,6.168,17.6,15.74,0.72,1.14
2009-03-10,5.072,17.4,15.59,0.68,1.14
2009-03-11,4.142,17.51,15.75,0.63,1.14
2009-03-12,3.345,17.57,15.91,0.53,1.13
2009-03-13,2.677,17.58,16.07,0.39,1.13
2009-03-14,2.141,17.42,16.22,0.08,1.12
2009-03-15,1.944,17.55,16.43,0.01,1.11
2009-03-16,1.696,17.73,16.62,0.01,1.1
2009-03-17,1.254,17.85,16.78,0.0,1.07
2009-03-18,0.948,18.0,16.99,0.0,1.01
2009-03-19,0.732,18.16,17.21,0.0,0.95
2009-03-20,0.578,18.33,17.43,0.0,0.91
2009-03-21,0.446,18.7,17.82,0.0,0.88
2009-03-22,0.37,20.4,18.44,0.0,1.95
2009-03-23,0.285,18.95,18.09,0.0,0.86
2009-03-24,0.23,19.29,18.46,0.0,0.83
2009-03-25,0.176,19.84,19.01,0.0,0.82
2009-03-26,0.123,20.54,19.73,0.0,0.81
2009-03-27,0.087,21.4,20.59,0.0,0.8
2009-03-28,0.059,22.03,21.24,0.0,0.79
2009-03-29,0.033,23.3,22.54,0.0,0.77
2009-03-30,0.004,20.74,20.52,0.0,0.23
2009-03-31,0.002,25.89,25.19,0.0,0.7
2009-04-01,0.0,21.08,20.98,0.0,0.17
2009-04-02,0.0,23.15,23.29,0.0,0.04
2009-04-03,0.0,11.57,14.91,0.0,0.01
2009-04-04,0.0,0.0,0.0,0.0,0.0
2009-04-05,0.0,0.0,0.0,0.0,0.0
2009-04-06,0.0,0.0,0.0,0.0,0.0
2009-04-07,0.64,55.62,16.68,4.96,33.98
2009-04-08,2.057,92.44,19.34,19.68,53.43
2009-04-09,0.411,42.68,17.33,0.0,25.35
2009-04-10,0.195,18.49,15.03,0.0,3.46
2009-04-11,0.12,14.85,13.91,0.0,0.94
2009-04-12,0.076,14.12,13.33,0.0,0.78
2009-04-13,0.044,14.09,13.34,0.0,0.75
2009-04-14,0.017,14.57,13.85,0.0,0.71
2009-04-15,0.005,15.35,14.67,0.0,0.68
2009-04-16,0.002,16.51,15.68,0.0,0.75
2009-04-17,0.001,16.75,15.97,0.0,0.76
2009-04-18,0.001,17.29,16.39,0.0,0.75
2009-04-19,0.0,19.29,18.65,0.0,0.71
2009-04-20,0.0,21.99,21.0,0.0,0.56
2009-04-21,0.0,17.36,18.33,0.0,0.13
2009-04-22,0.0,0.0,0.0,0.0,0.0
2009-04-23,0.0,0.0,0.0,0.0,0.0
2009-04-24,0.0,0.0,0.0,0.0,0.0
2009-04-25,0.0,0.0,0.0,0.0,0.0
2009-04-26,0.0,0.0,0.0,0.0,0.0
2009-04-27,0.0,0.0,0.0,0.0,0.0
2009-04-28,0.0,0.0,0.0,0.0,0.0
2009-04-29,0.0,0.0,0.0,0.0,0.0
2009-04-30,0.0,0.0,0.0,0.0,0.0
2009-05-01,1.045,90.57,18.06,18.16,54.36
2009-05-02,1.556,119.44,19.28,25.65,74.51
2009-05-03,0.289,70.33,18.7,0.0,51.63
2009-05-04,0.067,28.36,16.87,0.0,11.49
2009-05-05,0.506,36.61,17.34,0.24,19.03
2009-05-06,0.092,24.68,18.25,0.0,6.43
2009-05-07,0.025,17.7,16.39,0.0,1.31
2009-05-08,0.011,16.11,15.36,0.0,0.74
2009-05-09,0.007,15.62,14.85,0.0,0.77
2009-05-10,0.005,15.63,14.85,0.0,0.79
2009-05-11,0.003,15.66,14.9,0.0,0.79
2009-05-12,0.002,15.77,14.98,0.0,0.79
2009-05-13,0.002,15.91,15.05,0.0,0.79
2009-05-14,0.001,15.52,14.87,0.0,0.76
2009-05-15,0.001,16.0,15.29,0.0,0.8
2009-05-16,0.0,16.76,15.89,0.0,0.76
2009-05-17,0.0,20.25,19.45,0.0,0.59
2009-05-18,0.0,0.0,0.0,0.0,0.0
2009-05-19,0.0,0.0,0.0,0.0,0.0
2009-05-20,0.0,0.0,0.0,0.0,0.0
2009-05-21,0.0,0.0,0.0,0.0,0.0
2009-05-22,0.0,0.0,0.0,0.0,0.0
2009-05-23,0.0,0.0,0.0,0.0,0.0
2009-05-24,0.0,0.0,0.0,0.0,0.0
2009-05-25,0.0,0.0,0.0,0.0,0.0
2009-05-26,0.0,0.0,0.0,0.0,0.0
2009-05-27,0.0,0.0,0.0,0.0,0.0
2009-05-28,0.0,0.0,0.0,0.0,0.0
2009-05-29,0.0,0.0,0.0,0.0,0.0
2009-05-30,0.0,0.0,0.0,0.0,0.0
2009-05-31,0.0,0.0,0.0,0.0,0.0
2009-06-01,0.0,0.0,0.0,0.0,0.0
2009-06-02,0.0,0.0,0.0,0.0,0.0
2009-06-03,0.0,0.0,0.0,0.0,0.0
2009-06-04,0.0,0.0,0.0,0.0,0.0
2009-06-05,0.0,0.0,0.0,0.0,0.0
2009-06-06,0.0,0.0,0.0,0.0,0.0
2009-06-07,0.0,0.0,0.0,0.0,0.0
2009-06-08,0.0,0.0,0.0,0.0,0.0
2009-06-09,0.0,0.0,0.0,0.0,0.0
2009-06-10,0.0,0.0,0.0,0.0,0.0
2009-06-11,0.0,0.0,0.0,0.0,0.0
2009-06-12,0.0,0.0,0.0,0.0,0.0
2009-06-13,0.0,0.0,0.0,0.0,0.0
2009-06-14,0.0,0.0,0.0,0.0,0.0
2009-06-15,0.0,0.0,0.0,0.0,0.0
2009-06-16,0.0,0.0,0.0,0.0,0.0
2009-06-17,0.0,0.0,0.0,0.0,0.0
2009-06-18,0.0,0.0,0.0,0.0,0.0
2009-06-19,0.0,0.0,0.0,0.0,0.0
2009-06-20,0.0,0.0,0.0,0.0,0.0
2009-06-21,0.0,0.0,0.0,0.0,0.0
2009-06-22,0.0,0.0,0.0,0.0,0.0
2009-06-23,0.0,0.0,0.0,0.0,0.0
2009-06-24,0.0,0.0,0.0,0.0,0.0
2009-06-25,0.0,0.0,0.0,0.0,0.0
2009-06-26,0.0,0.0,0.0,0.0,0.0
2009-06-27,0.0,0.0,0.0,0.0,0.0
2009-06-28,0.0,0.0,0.0,0.0,0.0
2009-06-29,0.0,0.0,0.0,0.0,0.0
2009-06-30,0.0,0.0,0.0,0.0,0.0
2009-07-01,0.0,0.0,0.0,0.0,0.0
2009-07-02,0.0,0.0,0.0,0.0,0.0
2009-07-03,0.0,0.0,0.0,0.0,0.0
2009-07-04,0.0,0.0,0.0,0.0,0.0
2009-07-05,0.0,0.0,0.0,0.0,0.0
2009-07-06,0.0,0.0,0.0,0.0,0.0
2009-07-07,0.0,0.0,0.0,0.0,0.0
2009-07-08,0.0,0.0,0.0,0.0,0.0
2009-07-09,0.0,0.0,0.0,0.0,0.0
2009-07-10,0.0,0.0,0.0,0.0,0.0
2009-07-11,0.0,0.0,0.0,0.0,0.0
2009-07-12,0.0,0.0,0.0,0.0,0.0
2009-07-13,0.0,0.0,0.0,0.0,0.0
2009-07-14,0.0,0.0,0.0,0.0,0.0
2009-07-15,0.0,0.0,0.0,0.0,0.0
2009-07-16,0.0,0.0,0.0,0.0,0.0
2009-07-17,0.0,0.0,0.0,0.0,0.0
2009-07-18,0.0,0.0,0.0,0.0,0.0
2009-07-19,0.0,0.0,0.0,0.0,0.0
2009-07-20,0.0,0.0,0.0,0.0,0.0
2009-07-21,0.0,0.0,0.0,0.0,0.0
2009-07-22,0.0,0.0,0.0,0.0,0.0
2009-07-23,0.0,0.0,0.0,0.0,0.0
2009-07-24,0.0,0.0,0.0,0.0,0.0
2009-07-25,0.0,0.0,0.0,0.0,0.0
2009-07-26,0.0,0.0,0.0,0.0,0.0
2009-07-27,0.0,0.0,0.0,0.0,0.0
2009-07-28,0.0,0.0,0.0,0.0,0.0
2009-07-29,0.0,0.0,0.0,0.0,0.0
2009-07-30,0.0,0.0,0.0,0.0,0.0
2009-07-31,0.0,0.0,0.0,0.0,0.0
2009-08-01,0.0,0.0,0.0,0.0,0.0
2009-08-02,0.0,0.0,0.0,0.0,0.0
2009-08-03,0.0,0.0,0.0,0.0,0.0
2009-08-04,0.0,0.0,0.0,0.0,0.0
2009-08-05,0.0,0.0,0.0,0.0,0.0
2009-08-06,0.0,0.0,0.0,0.0,0.0
2009-08-07,0.0,0.0,0.0,0.0,0.0
2009-08-08,0.0,0.0,0.0,0.0,0.0
2009-08-09,0.0,0.0,0.0,0.0,0.0
2009-08-10,0.0,0.0,0.0,0.0,0.0
2009-08-11,0.0,0.0,0.0,0.0,0.0
2009-08-12,0.0,0.0,0.0,0.0,0.0
2009-08-13,0.0,0.0,0.0,0.0,0.0
2009-08-14,0.0,0.0,0.0,0.0,0.0
2009-08-15,0.0,0.0,0.0,0.0,0.0
2009-08-16,0.0,0.0,0.0,0.0,0.0
2009-08-17,0.0,0.0,0.0,0.0,0.0
2009-08-18,0.0,0.0,0.0,0.0,0.0
2009-08-19,0.0,0.0,0.0,0.0,0.0
2009-08-20,0.0,0.0,0.0,0.0,0.0
2009-08-21,0.0,0.0,0.0,0.0,0.0
2009-08-22,0.0,0.0,0.0,0.0,0.0
2009-08-23,0.0,0.0,0.0,0.0,0.0
2009-08-24,0.0,0.0,0.0,0.0,0.0
2009-08-25,0.0,0.0,0.0,0.0,0.0
2009-08-26,0.0,0.0,0.0,0.0,0.0
2009-08-27,0.0,0.0,0.0,0.0,0.0
2009-08-28,0.0,0.0,0.0,0.0,0.0
2009-08-29,0.0,0.0,0.0,0.0,0.0
2009-08-30,0.0,0.0,0.0,0.0,0.0
2009-08-31,0.0,0.0,0.0,0.0,0.0
2009-09-01,0.0,0.0,0.0,0.0,0.0
2009-09-02,0.0,0.0,0.0,0.0,0.0
2009-09-03,0.0,0.0,0.0,0.0,0.0
2009-09-04,0.0,0.0,0.0,0.0,0.0
2009-09-05,0.0,0.0,0.0,0.0,0.0
2009-09-06,0.0,0.0,0.0,0.0,0.0
2009-09-07,0.0,0.0,0.0,0.0,0.0
2009-09-08,0.0,0.0,0.0,0.0,0.0
2009-09-09,0.0,0.0,0.0,0.0,0.0
2009-09-10,0.0,0.0,0.0,0.0,0.0
2009-09-11,0.0,0.0,0.0,0.0,0.0
2009-09-12,0.0,0.0,0.0,0.0,0.0
2009-09-13,0.0,0.0,0.0,0.0,0.0
2009-09-14,0.5,68.63,18.54,7.39,42.7
2009-09-15,0.066,33.68,19.83,0.0,13.85
2009-09-16,0.009,22.99,19.82,0.0,3.19
2009-09-17,0.002,19.81,19.07,0.0,0.75
2009-09-18,0.0,17.49,16.87,0.0,0.51
2009-09-19,0.0,20.25,22.34,0.0,0.09
2009-09-20,0.0,13.5,14.45,0.01,0.8
2009-09-21,0.0,0.0,0.0,0.0,0.0
2009-09-22,0.0,0.0,0.0,0.0,0.0
2009-09-23,0.0,0.0,0.0,0.0,0.0
2009-09-24,0.0,0.0,0.0,0.0,0.0
2009-09-25,0.0,0.0,0.0,0.0,0.0
2009-09-26,0.0,0.0,0.0,0.0,0.0
2009-09-27,0.0,0.0,0.0,0.0,0.0
2009-09-28,0.0,0.0,0.0,0.0,0.0
2009-09-29,0.0,0.0,0.0,0.0,0.0
2009-09-30,0.0,0.0,0.0,0.0,0.0
2009-10-01,0.0,0.0,0.0,0.0,0.0
2009-10-02,0.0,0.0,0.0,0.0,0.0
2009-10-03,0.0,0.0,0.0,0.0,0.0
2009-10-04,0.0,0.0,0.0,0.0,0.0
2009-10-05,0.0,0.0,0.0,0.0,0.0
2009-10-06,0.0,0.0,0.0,0.0,0.0
2009-10-07,0.0,0.0,0.0,0.0,0.0
2009-10-08,0.0,0.0,0.0,0.0,0.0
2009-10-09,0.0,0.0,0.0,0.0,0.0
2009-10-10,0.0,0.0,0.0,0.0,0.0
2009-10-11,0.0,0.0,0.0,0.0,0.0
2009-10-12,0.0,0.0,0.0,0.0,0.0
2009-10-13,18.216,502.09,30.73,200.25,271.12
2009-10-14,3.517,243.71,19.37,86.89,137.45
2009-10-15,1.011,67.59,16.71,0.25,50.63
2009-10-16,0.585,23.43,15.68,0.0,7.75
2009-10-17,0.429,16.77,15.42,0.0,1.35
2009-10-18,0.313,16.24,15.36,0.0,0.89
2009-10-19,1.833,148.39,17.88,45.96,84.55
2009-10-20,0.812,57.75,17.68,0.01,40.06
2009-10-21,0.419,21.24,15.78,0.0,5.45
2009-10-22,0.329,16.42,15.31,0.0,1.12
2009-10-23,0.275,16.06,15.2,0.0,0.86
2009-10-24,0.224,15.82,14.98,0.0,0.83
2009-10-25,0.188,15.98,15.15,0.0,0.83
2009-10-26,0.136,15.7,14.89,0.0,0.81
2009-10-27,0.036,15.46,14.82,0.0,0.65
2009-10-28,0.01,15.32,14.7,0.0,0.62
2009-10-29,0.028,14.09,13.26,0.0,0.83
2009-10-30,0.045,14.07,13.25,0.0,0.83
2009-10-31,0.045,14.04,13.23,0.0,0.81
2009-11-01,0.037,13.95,13.17,0.0,0.79
2009-11-02,0.028,14.02,13.24,0.0,0.78
2009-11-03,0.018,13.93,13.17,0.0,0.76
2009-11-04,0.012,14.19,13.42,0.0,0.77
2009-11-05,0.006,14.26,13.51,0.0,0.75
2009-11-06,0.004,15.21,12.81,0.0,2.42
2009-11-07,0.005,14.37,13.48,0.0,0.91
2009-11-08,0.002,14.4,13.62,0.0,0.79
2009-11-09,0.001,14.47,13.69,0.0,0.84
2009-11-10,0.0,15.05,14.47,0.0,0.63
2009-11-11,0.0,0.0,0.0,0.0,0.0
2009-11-12,0.0,0.0,0.0,0.0,0.0
2009-11-13,0.0,0.0,0.0,0.0,0.0
2009-11-14,0.0,0.0,0.0,0.0,0.0
2009-11-15,0.0,0.0,0.0,0.0,0.0
2009-11-16,0.0,0.0,0.0,0.0,0.0
2009-11-17,0.0,0.0,0.0,0.0,0.0
2009-11-18,0.0,0.0,0.0,0.0,0.0
2009-11-19,0.0,0.0,0.0,0.0,0.0
2009-11-20,0.821,132.73,19.84,29.46,83.43
2009-11-21,0.184,69.36,19.45,0.0,49.92
2009-11-22,0.028,31.1,18.37,0.0,12.72
2009-11-23,0.01,17.8,15.98,0.0,1.82
2009-11-24,0.004,15.76,14.96,0.0,0.8
2009-11-25,0.003,15.32,14.56,0.0,0.79
2009-11-26,0.003,15.15,14.37,0.0,0.8
2009-11-27,0.002,15.21,14.46,0.0,0.81
2009-11-28,0.001,15.29,14.59,0.0,0.79
2009-11-29,0.0,14.73,13.75,0.0,0.8
2009-11-30,0.001,14.92,14.02,0.0,0.84
2009-12-01,0.001,14.74,13.99,0.0,0.81
2009-12-02,0.001,15.15,14.22,0.0,0.82
2009-12-03,0.001,15.14,14.26,0.0,0.82
2009-12-04,0.0,15.43,14.45,0.0,0.83
2009-12-05,0.0,14.47,13.71,0.0,0.82
2009-12-06,0.11,21.85,7.21,0.31,14.33
2009-12-07,1.673,65.92,20.27,7.16,38.5
2009-12-08,0.198,47.49,19.99,0.0,27.5
2009-12-09,0.037,26.34,19.07,0.0,7.28
2009-12-10,0.01,18.97,17.58,0.0,1.39
2009-12-11,1.045,68.59,17.62,13.78,37.18
2009-12-12,2.435,71.59,18.45,13.31,39.84
2009-12-13,3.495,94.95,19.53,28.64,46.78
2009-12-14,0.685,45.96,19.12,2.12,24.71
2009-12-15,0.214,23.4,16.72,0.0,6.68
2009-12-16,0.122,16.05,14.85,0.0,1.19
2009-12-17,0.131,15.94,15.11,0.0,0.83
2009-12-18,0.116,15.92,15.12,0.0,0.8
2009-12-19,0.099,15.78,14.98,0.0,0.79
2009-12-20,0.079,15.52,14.74,0.0,0.78
2009-12-21,0.069,15.61,14.72,0.0,0.89
2009-12-22,0.042,14.68,13.9,0.0,0.78
2009-12-23,0.033,14.73,13.96,0.0,0.77
2009-12-24,0.038,14.66,13.87,0.0,0.79
2009-12-25,0.033,14.24,13.47,0.0,0.77
2009-12-26,0.15,21.86,8.67,0.44,12.76
2009-12-27,0.942,50.24,19.97,0.96,29.32
2009-12-28,0.142,28.12,17.94,0.0,10.19
2009-12-29,0.058,16.98,15.39,0.0,1.59
2009-12-30,0.111,24.34,17.89,0.01,6.44
2009-12-31,0.055,15.78,14.58,0.0,1.19
2010-01-01,0.041,14.31,13.54,0.0,0.77
2010-01-02,0.044,14.37,13.59,0.0,0.79
2010-01-03,0.039,14.35,13.59,0.0,0.77
2010-01-04,0.031,13.89,13.14,0.0,0.76
2010-01-05,0.025,13.98,13.23,0.0,0.76
2010-01-06,0.019,14.11,13.37,0.0,0.75
2010-01-07,0.014,13.78,13.05,0.0,0.74
2010-01-08,0.014,13.93,13.18,0.0,0.76
2010-01-09,0.013,14.1,13.34,0.0,0.76
2010-01-10,0.009,14.15,13.4,0.0,0.75
2010-01-11,0.003,14.69,13.98,0.0,0.68
2010-01-12,0.969,51.35,16.36,3.76,31.23
2010-01-13,1.612,94.12,19.78,15.42,58.92
2010-01-14,0.239,41.3,17.42,0.0,23.88
2010-01-15,0.103,17.98,15.04,0.0,2.94
2010-01-16,0.067,14.85,13.97,0.0,0.88
2010-01-17,0.073,16.56,12.96,0.0,3.6
2010-01-18,4.561,258.31,20.26,95.48,142.58
2010-01-19,9.041,333.86,21.24,129.85,182.76
2010-01-20,36.853,20056.59,33.96,8644.69,11377.9
2010-01-21,12.784,1089.2,19.38,459.44,610.38
2010-01-22,12.885,101.43,19.42,34.59,47.42
2010-01-23,10.262,29.85,18.23,4.78,6.83
2010-01-24,8.169,20.19,16.97,1.08,2.14
2010-01-25,11.658,58.43,18.44,17.15,22.83
2010-01-26,14.002,55.94,19.67,15.65,20.62
2010-01-27,11.562,25.08,18.85,2.68,3.54
2010-01-28,9.417,20.16,17.77,0.98,1.41
2010-01-29,8.287,21.62,16.98,1.89,2.76
2010-01-30,7.865,22.69,16.79,2.35,3.55
2010-01-31,6.588,17.97,15.83,0.76,1.38
2010-02-01,5.684,17.29,15.4,0.72,1.17
2010-02-02,4.886,17.32,15.5,0.68,1.14
2010-02-03,4.133,17.34,15.59,0.62,1.14
2010-02-04,4.382,34.37,15.65,7.62,11.1
2010-02-05,5.687,32.26,16.03,6.16,10.08
2010-02-06,9.459,117.7,17.63,42.94,57.13
2010-02-07,7.528,24.27,16.55,3.1,4.62
2010-02-08,6.035,17.82,15.5,0.82,1.51
2010-02-09,6.736,36.52,16.02,8.47,12.03
2010-02-10,5.629,18.53,15.37,1.03,2.13
2010-02-11,4.737,17.36,15.43,0.67,1.26
2010-02-12,3.911,17.29,15.52,0.62,1.15
2010-02-13,3.248,17.34,15.62,0.58,1.14
2010-02-14,2.711,17.34,15.72,0.49,1.13
2010-02-15,2.256,17.17,15.82,0.23,1.12
2010-02-16,1.885,17.06,15.93,0.03,1.1
2010-02-17,1.545,17.13,16.04,0.01,1.08
2010-02-18,1.296,17.23,16.16,0.0,1.06
2010-02-19,1.072,17.39,16.34,0.0,1.04
2010-02-20,0.872,17.56,16.55,0.0,1.01
2010-02-21,0.8,17.94,16.62,0.0,1.31
2010-02-22,1.201,47.45,17.74,5.49,24.22
2010-02-23,3.451,87.97,17.54,26.38,44.05
2010-02-24,6.325,61.87,16.88,18.03,26.96
2010-02-25,4.78,19.94,15.26,1.09,3.59
2010-02-26,6.616,622.39,17.16,261.2,344.02
2010-02-27,7.937,130.17,16.76,48.91,64.5
2010-02-28,6.091,26.26,15.6,3.96,6.7
2010-03-01,4.834,17.91,15.24,0.9,1.77
2010-03-02,6.45,107.21,16.32,39.07,51.82
2010-03-03,11.054,213.94,18.25,84.05,111.64
2010-03-04,9.929,39.39,18.03,9.14,12.22
2010-03-05,7.464,19.97,16.53,1.35,2.09
2010-03-06,5.901,17.52,15.53,0.72,1.26
2010-03-07,4.723,17.26,15.44,0.66,1.15
2010-03-08,3.757,17.31,15.56,0.61,1.14
2010-03-09,3.014,17.3,15.63,0.53,1.13
2010-03-10,2.888,20.52,15.45,1.88,3.19
2010-03-11,2.525,17.47,15.5,0.63,1.34
2010-03-12,4.378,58.02,16.62,16.45,24.94
2010-03-13,4.055,26.79,15.79,3.21,7.79
2010-03-14,3.08,18.17,15.45,0.64,2.08
2010-03-15,2.435,17.19,15.5,0.44,1.26
2010-03-16,2.04,16.89,15.64,0.13,1.12
2010-03-17,1.573,16.94,15.84,0.01,1.09
2010-03-18,1.198,17.11,16.04,0.0,1.06
2010-03-19,0.883,17.16,16.14,0.0,1.02
2010-03-20,0.755,17.25,16.26,0.0,0.98
2010-03-21,0.606,17.33,16.4,0.0,0.93
2010-03-22,0.471,17.51,16.62,0.0,0.89
2010-03-23,0.356,17.71,16.85,0.0,0.85
2010-03-24,0.272,17.9,17.07,0.0,0.83
2010-03-25,0.196,18.06,17.25,0.0,0.81
2010-03-26,0.171,18.13,17.31,0.0,0.81
2010-03-27,0.13,18.49,17.69,0.0,0.8
2010-03-28,0.082,19.25,18.47,0.0,0.78
2010-03-29,0.035,20.65,19.93,0.0,0.72
2010-03-30,0.011,17.98,14.81,0.0,3.17
2010-03-31,0.285,31.8,13.8,0.22,17.78
2010-04-01,0.571,32.34,19.18,0.05,13.1
2010-04-02,0.252,16.97,14.76,0.0,2.22
2010-04-03,0.218,15.33,14.26,0.0,1.07
2010-04-04,1.512,79.41,17.09,18.6,43.72
2010-04-05,1.942,43.34,17.31,1.73,24.29
2010-04-06,1.015,21.74,14.96,0.0,6.77
2010-04-07,0.7,15.66,14.15,0.0,1.51
2010-04-08,0.54,15.01,13.98,0.0,1.04
2010-04-09,0.416,14.81,13.85,0.0,0.95
2010-04-10,0.305,14.53,13.63,0.0,0.91
2010-04-11,2.528,93.08,17.12,25.88,50.08
2010-04-12,3.701,58.77,16.41,14.08,28.28
2010-04-13,4.482,69.16,16.63,18.97,33.56
2010-04-14,2.593,19.77,13.93,1.02,4.82
2010-04-15,2.004,15.73,13.66,0.66,1.41
2010-04-16,1.551,15.12,13.66,0.34,1.12
2010-04-17,1.246,14.79,13.66,0.04,1.1
2010-04-18,0.984,14.81,13.71,0.01,1.09
2010-04-19,0.813,14.62,13.53,0.0,1.09
2010-04-20,2.8,128.47,17.43,39.57,71.47
2010-04-21,1.275,29.29,14.76,0.01,14.52
2010-04-22,0.886,16.49,14.17,0.0,2.31
2010-04-23,0.663,15.11,13.98,0.0,1.13
2010-04-24,0.516,14.93,13.92,0.0,1.01
2010-04-25,0.393,14.76,13.81,0.0,0.95
2010-04-26,0.278,14.65,13.75,0.0,0.9
2010-04-27,0.191,14.46,12.71,0.0,1.75
2010-04-28,0.211,13.95,12.98,0.0,0.97
2010-04-29,0.177,13.72,12.87,0.0,0.85
2010-04-30,0.142,13.81,12.97,0.0,0.83
2010-05-01,0.095,13.7,12.91,0.0,0.8
2010-05-02,0.055,13.76,12.99,0.0,0.77
2010-05-03,0.031,13.74,13.0,0.0,0.75
2010-05-04,0.011,13.88,13.21,0.0,0.68
2010-05-05,0.001,14.07,13.83,0.0,0.19
2010-05-06,0.0,15.91,14.81,0.0,0.05
2010-05-07,0.0,11.57,12.2,0.0,0.01
2010-05-08,0.0,0.0,0.0,0.0,0.0
2010-05-09,0.0,0.0,0.0,0.0,0.0
2010-05-10,0.083,29.55,18.45,0.05,11.05
2010-05-11,0.027,23.54,19.43,0.0,4.12
2010-05-12,0.003,19.95,18.98,0.0,0.96
2010-05-13,0.001,18.86,18.45,0.0,0.31
2010-05-14,0.0,19.84,19.71,0.0,0.05
2010-05-15,0.0,23.15,21.38,0.0,0.01
2010-05-16,0.0,0.0,0.0,0.0,0.0
2010-05-17,0.0,0.0,0.0,0.0,0.0
2010-05-18,0.0,0.0,0.0,0.0,0.0
2010-05-19,0.0,0.0,0.0,0.0,0.0
2010-05-20,0.0,0.0,0.0,0.0,0.0
2010-05-21,0.0,0.0,0.0,0.0,0.0
2010-05-22,0.0,0.0,0.0,0.0,0.0
2010-05-23,0.0,0.0,0.0,0.0,0.0
2010-05-24,0.0,0.0,0.0,0.0,0.0
2010-05-25,0.087,26.87,15.47,0.23,11.17
2010-05-26,0.215,30.35,21.12,0.01,9.22
2010-05-27,1.548,246.05,18.51,80.35,147.18
2010-05-28,0.291,136.72,19.9,0.0,116.82
2010-05-29,0.044,59.47,19.42,0.0,40.05
2010-05-30,0.011,24.55,17.95,0.0,6.6
2010-05-31,0.004,17.44,16.25,0.0,1.16
2010-06-01,0.003,16.12,15.36,0.0,0.78
2010-06-02,0.002,16.05,15.27,0.0,0.78
2010-06-03,0.002,16.22,15.38,0.0,0.79
2010-06-04,0.001,15.88,15.21,0.0,0.76
2010-06-05,0.001,16.5,15.76,0.0,0.79
2010-06-06,0.0,16.98,16.49,0.0,0.69
2010-06-07,0.0,17.06,16.3,0.0,0.74
2010-06-08,0.0,23.15,20.9,0.0,0.78
2010-06-09,0.0,11.57,17.63,0.0,0.14
2010-06-10,0.0,0.0,0.0,0.0,0.0
2010-06-11,0.0,0.0,0.0,0.0,0.0
2010-06-12,0.0,0.0,0.0,0.0,0.0
2010-06-13,0.0,0.0,0.0,0.0,0.0
2010-06-14,0.0,0.0,0.0,0.0,0.0
2010-06-15,0.0,0.0,0.0,0.0,0.0
2010-06-16,0.0,0.0,0.0,0.0,0.0
2010-06-17,0.0,0.0,0.0,0.0,0.0
2010-06-18,0.0,0.0,0.0,0.0,0.0
2010-06-19,0.0,0.0,0.0,0.0,0.0
2010-06-20,0.0,0.0,0.0,0.0,0.0
2010-06-21,0.0,0.0,0.0,0.0,0.0
2010-06-22,0.0,0.0,0.0,0.0,0.0
2010-06-23,0.0,0.0,0.0,0.0,0.0
2010-06-24,0.0,0.0,0.0,0.0,0.0
2010-06-25,0.0,0.0,0.0,0.0,0.0
2010-06-26,0.0,0.0,0.0,0.0,0.0
2010-06-27,0.0,0.0,0.0,0.0,0.0
2010-06-28,0.0,0.0,0.0,0.0,0.0
2010-06-29,0.0,0.0,0.0,0.0,0.0
2010-06-30,0.0,0.0,0.0,0.0,0.0
2010-07-01,0.0,0.0,0.0,0.0,0.0
2010-07-02,0.0,0.0,0.0,0.0,0.0
2010-07-03,0.0,0.0,0.0,0.0,0.0
2010-07-04,0.0,0.0,0.0,0.0,0.0
2010-07-05,0.0,0.0,0.0,0.0,0.0
2010-07-06,0.0,0.0,0.0,0.0,0.0
2010-07-07,0.0,0.0,0.0,0.0,0.0
2010-07-08,0.0,0.0,0.0,0.0,0.0
2010-07-09,0.0,0.0,0.0,0.0,0.0
2010-07-10,0.0,0.0,0.0,0.0,0.0
2010-07-11,0.0,0.0,0.0,0.0,0.0
2010-07-12,0.0,0.0,0.0,0.0,0.0
2010-07-13,0.0,0.0,0.0,0.0,0.0
2010-07-14,0.0,0.0,0.0,0.0,0.0
2010-07-15,0.0,0.0,0.0,0.0,0.0
2010-07-16,0.0,0.0,0.0,0.0,0.0
2010-07-17,0.0,0.0,0.0,0.0,0.0
2010-07-18,0.0,0.0,0.0,0.0,0.0
2010-07-19,0.0,0.0,0.0,0.0,0.0
2010-07-20,0.0,0.0,0.0,0.0,0.0
2010-07-21,0.0,0.0,0.0,0.0,0.0
2010-07-22,0.0,0.0,0.0,0.0,0.0
2010-07-23,0.0,0.0,0.0,0.0,0.0
2010-07-24,0.0,0.0,0.0,0.0,0.0
2010-07-25,0.0,0.0,0.0,0.0,0.0
2010-07-26,0.0,0.0,0.0,0.0,0.0
2010-07-27,0.0,0.0,0.0,0.0,0.0
2010-07-28,0.0,0.0,0.0,0.0,0.0
2010-07-29,0.0,0.0,0.0,0.0,0.0
2010-07-30,0.0,0.0,0.0,0.0,0.0
2010-07-31,0.0,0.0,0.0,0.0,0.0
2010-08-01,0.0,0.0,0.0,0.0,0.0
2010-08-02,0.0,0.0,0.0,0.0,0.0
2010-08-03,0.0,0.0,0.0,0.0,0.0
2010-08-04,0.0,0.0,0.0,0.0,0.0
2010-08-05,0.0,0.0,0.0,0.0,0.0
2010-08-06,0.0,0.0,0.0,0.0,0.0
2010-08-07,0.0,0.0,0.0,0.0,0.0
2010-08-08,0.0,0.0,0.0,0.0,0.0
2010-08-09,0.0,0.0,0.0,0.0,0.0
2010-08-10,0.0,0.0,0.0,0.0,0.0
2010-08-11,0.0,0.0,0.0,0.0,0.0
2010-08-12,0.0,0.0,0.0,0.0,0.0
2010-08-13,0.0,0.0,0.0,0.0,0.0
2010-08-14,0.0,0.0,0.0,0.0,0.0
2010-08-15,0.0,0.0,0.0,0.0,0.0
2010-08-16,0.0,0.0,0.0,0.0,0.0
2010-08-17,0.0,0.0,0.0,0.0,0.0
2010-08-18,0.0,0.0,0.0,0.0,0.0
2010-08-19,0.0,0.0,0.0,0.0,0.0
2010-08-20,0.0,0.0,0.0,0.0,0.0
2010-08-21,0.0,0.0,0.0,0.0,0.0
2010-08-22,0.0,0.0,0.0,0.0,0.0
2010-08-23,0.0,0.0,0.0,0.0,0.0
2010-08-24,0.0,0.0,0.0,0.0,0.0
2010-08-25,0.0,0.0,0.0,0.0,0.0
2010-08-26,0.0,0.0,0.0,0.0,0.0
2010-08-27,0.0,0.0,0.0,0.0,0.0
2010-08-28,0.0,0.0,0.0,0.0,0.0
2010-08-29,0.0,0.0,0.0,0.0,0.0
2010-08-30,0.0,0.0,0.0,0.0,0.0
2010-08-31,0.0,0.0,0.0,0.0,0.0
2010-09-01,0.0,0.0,0.0,0.0,0.0
2010-09-02,0.0,0.0,0.0,0.0,0.0
2010-09-03,0.0,0.0,0.0,0.0,0.0
2010-09-04,0.0,0.0,0.0,0.0,0.0
2010-09-05,0.0,0.0,0.0,0.0,0.0
2010-09-06,0.0,0.0,0.0,0.0,0.0
2010-09-07,0.0,0.0,0.0,0.0,0.0
2010-09-08,0.0,0.0,0.0,0.0,0.0
2010-09-09,0.0,0.0,0.0,0.0,0.0
2010-09-10,0.0,0.0,0.0,0.0,0.0
2010-09-11,0.0,0.0,0.0,0.0,0.0
2010-09-12,0.0,0.0,0.0,0.0,0.0
2010-09-13,0.0,0.0,0.0,0.0,0.0
2010-09-14,0.0,0.0,0.0,0.0,0.0
2010-09-15,0.0,0.0,0.0,0.0,0.0
2010-09-16,0.0,0.0,0.0,0.0,0.0
2010-09-17,0.0,0.0,0.0,0.0,0.0
2010-09-18,0.0,0.0,0.0,0.0,0.0
2010-09-19,0.0,0.0,0.0,0.0,0.0
2010-09-20,0.0,0.0,0.0,0.0,0.0
2010-09-21,0.0,0.0,0.0,0.0,0.0
2010-09-22,0.0,0.0,0.0,0.0,0.0
2010-09-23,0.0,0.0,0.0,0.0,0.0
2010-09-24,0.0,0.0,0.0,0.0,0.0
2010-09-25,0.0,0.0,0.0,0.0,0.0
2010-09-26,0.0,0.0,0.0,0.0,0.0
2010-09-27,0.0,0.0,0.0,0.0,0.0
2010-09-28,0.0,0.0,0.0,0.0,0.0
2010-09-29,0.0,0.0,0.0,0.0,0.0
2010-09-30,0.0,0.0,0.0,0.0,0.0
2010-10-01,0.0,0.0,0.0,0.0,0.0
2010-10-02,0.0,0.0,0.0,0.0,0.0
2010-10-03,0.0,0.0,0.0,0.0,0.0
2010-10-04,0.0,0.0,0.0,0.0,0.0
2010-10-05,0.0,0.0,0.0,0.0,0.0
2010-10-06,0.0,0.0,0.0,0.0,0.0
2010-10-07,0.0,0.0,0.0,0.0,0.0
2010-10-08,0.0,0.0,0.0,0.0,0.0
2010-10-09,0.0,0.0,0.0,0.0,0.0
2010-10-10,0.0,0.0,0.0,0.0,0.0
2010-10-11,0.0,0.0,0.0,0.0,0.0
2010-10-12,0.0,0.0,0.0,0.0,0.0
2010-10-13,0.0,0.0,0.0,0.0,0.0
2010-10-14,0.0,0.0,0.0,0.0,0.0
2010-10-15,0.0,0.0,0.0,0.0,0.0
2010-10-16,0.0,0.0,0.0,0.0,0.0
2010-10-17,0.0,0.0,0.0,0.0,0.0
2010-10-18,0.0,0.0,0.0,0.0,0.0
2010-10-19,0.0,0.0,0.0,0.0,0.0
2010-10-20,0.0,0.0,0.0,0.0,0.0
2010-10-21,0.0,0.0,0.0,0.0,0.0
2010-10-22,0.177,30.97,15.68,0.13,15.16
2010-10-23,0.359,36.14,16.18,0.79,19.17
2010-10-24,4.573,167.75,19.84,56.11,91.81
2010-10-25,0.844,119.02,19.42,18.11,81.49
2010-10-26,0.152,51.47,17.82,0.0,33.65
2010-10-27,0.053,20.36,15.78,0.0,4.58
2010-10-28,0.034,15.59,14.6,0.0,0.99
2010-10-29,0.048,16.48,13.55,0.0,2.92
2010-10-30,0.139,22.6,14.94,0.01,7.64
2010-10-31,0.049,19.06,16.81,0.0,2.25
2010-11-01,0.024,15.66,14.84,0.0,0.82
2010-11-02,0.018,15.2,14.4,0.0,0.8
2010-11-03,0.015,15.13,14.32,0.0,0.81
2010-11-04,0.012,15.14,14.33,0.0,0.81
2010-11-05,0.01,15.19,14.37,0.0,0.81
2010-11-06,0.009,15.22,14.4,0.0,0.81
2010-11-07,2.296,177.04,18.85,53.05,105.13
2010-11-08,0.32,104.41,19.31,0.0,85.1
2010-11-09,0.069,38.52,17.44,0.0,21.08
2010-11-10,0.028,18.27,15.69,0.0,2.58
2010-11-11,0.018,15.83,14.97,0.0,0.87
2010-11-12,0.015,15.56,14.76,0.0,0.8
2010-11-13,0.012,15.64,14.84,0.0,0.8
2010-11-14,0.009,15.64,14.85,0.0,0.79
2010-11-15,0.008,15.66,14.88,0.0,0.8
2010-11-16,0.007,15.69,14.89,0.0,0.8
2010-11-17,0.006,15.77,14.96,0.0,0.8
2010-11-18,0.005,15.83,15.05,0.0,0.8
2010-11-19,0.739,119.95,14.42,38.89,66.64
2010-11-20,4.194,215.29,20.34,74.35,120.6
2010-11-21,1.77,180.45,20.46,51.05,108.93
2010-11-22,0.253,80.37,18.37,0.0,62.0
2010-11-23,0.595,34.67,18.52,0.12,16.03
2010-11-24,0.154,21.03,16.78,0.0,4.25
2010-11-25,0.088,15.83,14.86,0.0,0.97
2010-11-26,0.068,14.87,14.08,0.0,0.79
2010-11-27,0.796,49.92,17.57,2.27,30.08
2010-11-28,0.201,27.69,17.34,0.0,10.35
2010-11-29,0.095,16.21,14.78,0.0,1.43
2010-11-30,0.063,14.77,13.98,0.0,0.79
2010-12-01,0.051,14.48,13.71,0.0,0.77
2010-12-02,0.032,14.85,14.1,0.0,0.75
2010-12-03,0.035,16.42,13.43,0.0,2.98
2010-12-04,0.027,14.68,13.86,0.0,0.82
2010-12-05,1.939,225.17,18.74,82.05,124.38
2010-12-06,1.341,109.0,19.24,17.23,72.53
2010-12-07,0.302,39.41,16.26,0.0,23.14
2010-12-08,2.685,89.65,18.36,24.78,46.51
2010-12-09,1.039,44.1,18.19,1.73,24.17
2010-12-10,0.431,20.71,15.35,0.0,5.36
2010-12-11,0.321,15.47,14.35,0.0,1.12
2010-12-12,0.281,14.98,14.11,0.0,0.87
2010-12-13,0.251,14.88,14.03,0.0,0.85
2010-12-14,0.859,75.9,17.06,15.28,43.57
2010-12-15,0.536,39.35,17.35,0.0,22.0
2010-12-16,0.292,16.96,14.61,0.0,2.35
2010-12-17,2.412,119.95,17.46,37.96,64.53
2010-12-18,2.75,79.91,18.55,19.02,42.34
2010-12-19,9.963,346.83,21.7,138.73,186.4
2010-12-20,6.417,101.58,16.61,35.81,49.15
2010-12-21,5.049,27.05,14.39,3.83,8.83
2010-12-22,7.894,56.84,17.04,16.35,23.45
2010-12-23,5.774,19.16,14.88,1.23,3.05
2010-12-24,4.909,16.48,14.35,0.75,1.37
2010-12-25,7.484,124.96,16.92,46.28,61.76
2010-12-26,8.074,51.49,16.87,14.42,20.2
2010-12-27,6.344,19.86,15.4,1.36,3.1
2010-12-28,9.37,251.12,17.35,100.71,133.06
2010-12-29,13.525,166.45,20.44,62.94,83.07
2010-12-30,9.437,26.39,17.73,3.68,4.98
2010-12-31,7.588,18.95,16.54,0.84,1.58
2011-01-01,8.063,29.52,16.62,5.5,7.4
2011-01-02,10.471,44.09,18.16,11.19,14.74
2011-01-03,8.376,21.53,17.06,1.92,2.55
2011-01-04,6.926,18.28,16.09,0.87,1.33
2011-01-05,5.935,17.45,15.58,0.71,1.16
2011-01-06,5.102,17.46,15.64,0.68,1.14
2011-01-07,4.393,17.51,15.75,0.62,1.14
2011-01-08,3.809,17.59,15.86,0.59,1.14
2011-01-09,3.25,17.66,15.96,0.57,1.14
2011-01-10,2.761,17.64,16.06,0.45,1.13
2011-01-11,2.428,17.46,16.17,0.16,1.13
2011-01-12,2.069,17.41,16.27,0.02,1.12
2011-01-13,1.827,17.49,16.36,0.01,1.11
2011-01-14,1.556,17.56,16.46,0.01,1.09
2011-01-15,1.299,17.62,16.55,0.0,1.06
2011-01-16,1.09,17.69,16.65,0.0,1.04
2011-01-17,0.929,17.76,16.76,0.0,1.0
2011-01-18,0.921,17.91,16.93,0.0,0.98
2011-01-19,0.708,18.06,17.13,0.0,0.93
2011-01-20,0.549,18.19,17.31,0.0,0.88
2011-01-21,0.513,18.13,17.24,0.0,0.89
2011-01-22,0.444,18.3,17.43,0.0,0.87
2011-01-23,0.35,18.53,17.69,0.0,0.84
2011-01-24,0.32,18.51,17.66,0.0,0.85
2011-01-25,0.279,18.61,17.77,0.0,0.84
2011-01-26,0.224,18.74,17.93,0.0,0.82
2011-01-27,0.189,18.86,18.04,0.0,0.82
2011-01-28,0.171,19.1,18.28,0.0,0.82
2011-01-29,0.177,18.7,15.73,0.04,2.93
2011-01-30,3.931,89.49,18.3,25.0,46.19
2011-01-31,1.791,26.68,16.37,0.02,10.3
2011-02-01,1.249,18.18,15.95,0.0,2.23
2011-02-02,0.894,16.91,15.79,0.0,1.12
2011-02-03,0.874,16.91,15.89,0.0,1.02
2011-02-04,0.77,16.99,16.0,0.0,0.98
2011-02-05,0.628,17.16,16.21,0.0,0.95
2011-02-06,0.411,16.93,16.08,0.0,0.86
2011-02-07,0.45,17.09,16.19,0.0,0.9
2011-02-08,0.214,17.76,16.97,0.0,0.79
2011-02-09,0.196,17.31,16.48,0.0,0.83
2011-02-10,0.231,17.22,16.37,0.0,0.85
2011-02-11,0.205,17.3,16.47,0.0,0.83
2011-02-12,0.168,17.32,16.51,0.0,0.82
2011-02-13,0.137,17.39,16.58,0.0,0.81
2011-02-14,0.871,40.79,15.03,4.44,21.33
2011-02-15,1.788,43.88,13.75,7.65,22.48
2011-02-16,5.816,148.37,19.11,50.85,78.41
2011-02-17,9.645,352.58,18.78,142.75,191.05
2011-02-18,9.936,83.49,17.51,28.28,37.69
2011-02-19,13.157,52.57,19.37,14.32,18.88
2011-02-20,10.209,23.72,18.11,2.41,3.2
2011-02-21,8.317,19.39,17.02,0.96,1.41
2011-02-22,6.805,17.85,15.95,0.73,1.18
2011-02-23,5.721,17.12,15.28,0.7,1.14
2011-02-24,5.827,27.26,15.12,5.02,7.12
2011-02-25,13.993,293.48,20.07,117.95,155.46
2011-02-26,9.95,37.74,18.04,8.48,11.22
2011-02-27,7.733,20.0,16.71,1.35,1.94
2011-02-28,6.27,17.74,15.78,0.73,1.23
2011-03-01,5.191,17.41,15.58,0.68,1.15
2011-03-02,6.89,30.21,16.16,5.84,8.22
2011-03-03,6.052,18.49,15.48,1.12,1.89
2011-03-04,4.937,17.12,15.21,0.69,1.22
2011-03-05,4.021,17.07,15.29,0.64,1.15
2011-03-06,7.702,50.24,16.99,14.08,19.17
2011-03-07,6.879,24.13,16.15,3.21,4.77
2011-03-08,5.619,17.55,15.28,0.77,1.5
2011-03-09,4.563,17.15,15.31,0.65,1.19
2011-03-10,3.743,17.21,15.44,0.62,1.14
2011-03-11,2.927,17.16,15.49,0.54,1.13
2011-03-12,2.354,17.07,15.57,0.38,1.11
2011-03-13,2.589,21.18,14.68,1.22,5.29
2011-03-14,4.971,76.3,17.09,24.21,34.99
2011-03-15,5.195,69.91,15.94,22.35,31.62
2011-03-16,6.495,38.07,16.09,8.79,13.2
2011-03-17,4.898,18.39,15.02,1.05,2.33
2011-03-18,10.903,1082.58,19.0,459.2,604.38
2011-03-19,16.813,255.47,19.91,101.69,133.87
2011-03-20,27.206,422.27,24.53,171.14,226.6
2011-03-21,19.546,29.98,22.12,3.3,4.56
2011-03-22,14.852,25.29,20.12,1.57,3.6
2011-03-23,18.921,104.78,21.09,35.07,48.62
2011-03-24,38.565,2332.98,27.95,992.8,1312.22
2011-03-25,34.431,142.58,26.58,44.6,71.4
2011-03-26,38.232,147.67,27.05,43.23,77.39
2011-03-27,30.216,69.06,25.43,4.94,38.69
2011-03-28,23.583,72.32,23.61,2.79,45.91
2011-03-29,18.659,74.7,22.07,1.75,50.89
2011-03-30,14.571,76.92,20.44,1.17,55.3
2011-03-31,11.483,78.84,19.25,0.84,58.75
2011-04-01,9.103,80.64,18.41,0.61,61.63
2011-04-02,7.127,83.15,17.52,0.36,65.26
2011-04-03,5.512,85.58,16.47,0.19,68.91
2011-04-04,4.307,87.92,15.35,0.1,72.47
2011-04-05,3.491,91.72,14.62,0.07,77.03
2011-04-06,2.783,96.49,14.47,0.05,81.97
2011-04-07,2.15,102.3,14.34,0.04,87.93
2011-04-08,1.771,101.76,14.39,0.03,87.34
2011-04-09,1.39,104.39,14.34,0.03,90.02
2011-04-10,1.122,107.4,14.18,0.01,93.2
2011-04-11,0.946,111.59,13.99,0.0,97.6
2011-04-12,0.806,115.42,13.78,0.0,101.64
2011-04-13,0.682,119.58,13.47,0.0,106.11
2011-04-14,0.587,121.71,13.28,0.0,108.42
2011-04-15,0.497,124.56,12.94,0.0,111.62
2011-04-16,0.431,124.31,12.94,0.0,111.38
2011-04-17,0.36,125.04,12.6,0.0,112.45
2011-04-18,0.299,120.01,12.35,0.0,107.66
2011-04-19,0.248,113.13,12.32,0.0,100.81
2011-04-20,0.202,106.9,12.33,0.0,94.58
2011-04-21,0.16,101.01,12.34,0.0,88.66
2011-04-22,0.12,96.42,12.38,0.0,84.05
2011-04-23,0.083,91.69,12.43,0.0,79.26
2011-04-24,0.049,86.2,12.56,0.0,73.64
2011-04-25,0.017,73.64,13.02,0.0,60.62
2011-04-26,0.002,35.0,13.47,0.0,21.54
2011-04-27,0.0,19.1,13.72,0.0,5.32
2011-04-28,0.0,17.36,13.63,0.0,1.28
2011-04-29,0.0,0.0,0.0,0.0,0.0
2011-04-30,0.0,0.0,0.0,0.0,0.0
2011-05-01,0.0,0.0,0.0,0.0,0.0
2011-05-02,0.0,0.0,0.0,0.0,0.0
2011-05-03,0.0,0.0,0.0,0.0,0.0
2011-05-04,0.0,0.0,0.0,0.0,0.0
2011-05-05,0.0,0.0,0.0,0.0,0.0
2011-05-06,0.0,0.0,0.0,0.0,0.0
2011-05-07,0.0,0.0,0.0,0.0,0.0
2011-05-08,0.0,0.0,0.0,0.0,0.0
2011-05-09,0.0,0.0,0.0,0.0,0.0
2011-05-10,0.0,0.0,0.0,0.0,0.0
2011-05-11,0.0,0.0,0.0,0.0,0.0
2011-05-12,0.0,0.0,0.0,0.0,0.0
2011-05-13,0.0,0.0,0.0,0.0,0.0
2011-05-14,0.001,42.2,19.18,9.93,13.07
2011-05-15,0.336,34.51,19.88,0.09,14.54
2011-05-16,0.318,36.85,16.79,0.19,19.86
2011-05-17,0.688,37.98,18.69,0.56,18.73
2011-05-18,0.423,40.71,20.77,0.02,19.92
2011-05-19,0.047,22.75,18.14,0.0,4.61
2011-05-20,0.011,17.89,16.81,0.0,1.08
2011-05-21,0.005,16.13,15.38,0.0,0.73
2011-05-22,0.003,15.63,14.85,0.0,0.77
2011-05-23,0.002,15.62,14.81,0.0,0.79
2011-05-24,0.002,15.58,14.84,0.0,0.8
2011-05-25,0.178,46.69,15.43,0.43,30.84
2011-05-26,0.033,26.05,17.21,0.0,8.84
2011-05-27,0.005,17.22,15.76,0.0,1.47
2011-05-28,0.002,15.14,14.39,0.0,0.74
2011-05-29,0.001,14.44,13.58,0.0,0.81
2011-05-30,0.001,14.28,13.47,0.0,0.83
2011-05-31,0.0,14.23,13.23,0.0,0.83
2011-06-01,0.325,60.55,19.8,2.67,38.08
2011-06-02,0.039,28.25,19.67,0.0,8.58
2011-06-03,0.005,20.24,18.82,0.0,1.42
2011-06-04,3.605,113.81,19.21,35.91,58.69
2011-06-05,0.97,63.63,19.68,4.89,39.07
2011-06-06,0.139,40.39,19.14,0.0,21.25
2011-06-07,0.038,21.26,17.41,0.0,3.85
2011-06-08,0.018,16.99,16.06,0.0,0.94
2011-06-09,0.011,16.43,15.66,0.0,0.77
2011-06-10,0.008,16.35,15.56,0.0,0.78
2011-06-11,0.006,16.38,15.58,0.0,0.79
2011-06-12,0.005,16.48,15.72,0.0,0.78
2011-06-13,0.004,16.64,15.84,0.0,0.78
2011-06-14,0.003,16.6,15.81,0.0,0.78
2011-06-15,0.002,17.0,16.22,0.0,0.78
2011-06-16,0.001,17.27,16.58,0.0,0.77
2011-06-17,0.001,18.25,17.42,0.0,0.76
2011-06-18,0.0,18.72,18.09,0.0,0.73
2011-06-19,0.0,19.63,18.39,0.0,0.65
2011-06-20,0.0,20.58,19.96,0.0,0.62
2011-06-21,0.0,17.36,19.59,0.0,0.35
2011-06-22,0.0,0.0,0.0,0.0,0.0
2011-06-23,0.0,0.0,0.0,0.0,0.0
2011-06-24,0.0,0.0,0.0,0.0,0.0
2011-06-25,0.0,0.0,0.0,0.0,0.0
2011-06-26,0.0,0.0,0.0,0.0,0.0
2011-06-27,0.0,0.0,0.0,0.0,0.0
2011-06-28,2.748,175.5,19.96,60.27,95.28
2011-06-29,0.64,112.46,20.21,11.4,80.85
2011-06-30,0.091,60.43,19.51,0.0,40.93
2011-07-01,0.021,25.73,18.12,0.0,7.6
2011-07-02,0.009,17.6,16.36,0.0,1.24
2011-07-03,0.005,16.41,15.63,0.0,0.78
2011-07-04,0.004,16.23,15.45,0.0,0.78
2011-07-05,0.003,16.23,15.47,0.0,0.79
2011-07-06,0.002,16.45,15.6,0.0,0.78
2011-07-07,0.001,16.42,15.63,0.0,0.77
2011-07-08,0.001,16.63,15.9,0.0,0.79
2011-07-09,0.001,17.27,16.64,0.0,0.75
2011-07-10,0.0,16.92,16.3,0.0,0.71
2011-07-11,0.0,18.81,18.64,0.0,0.73
2011-07-12,0.0,17.36,18.06,0.0,0.65
2011-07-13,0.0,17.36,20.47,0.0,0.51
2011-07-14,0.0,0.0,0.0,0.0,0.0
2011-07-15,0.0,0.0,0.0,0.0,0.0
2011-07-16,0.0,0.0,0.0,0.0,0.0
2011-07-17,0.0,0.0,0.0,0.0,0.0
2011-07-18,0.0,0.0,0.0,0.0,0.0
2011-07-19,0.0,0.0,0.0,0.0,0.0
2011-07-20,0.0,0.0,0.0,0.0,0.0
2011-07-21,0.0,0.0,0.0,0.0,0.0
2011-07-22,0.0,0.0,0.0,0.0,0.0
2011-07-23,0.0,0.0,0.0,0.0,0.0
2011-07-24,0.0,0.0,0.0,0.0,0.0
2011-07-25,0.0,0.0,0.0,0.0,0.0
2011-07-26,0.0,0.0,0.0,0.0,0.0
2011-07-27,0.0,0.0,0.0,0.0,0.0
2011-07-28,0.0,0.0,0.0,0.0,0.0
2011-07-29,0.0,0.0,0.0,0.0,0.0
2011-07-30,0.0,0.0,0.0,0.0,0.0
2011-07-31,0.0,0.0,0.0,0.0,0.0
2011-08-01,0.0,0.0,0.0,0.0,0.0
2011-08-02,0.0,0.0,0.0,0.0,0.0
2011-08-03,0.0,0.0,0.0,0.0,0.0
2011-08-04,0.0,0.0,0.0,0.0,0.0
2011-08-05,0.0,0.0,0.0,0.0,0.0
2011-08-06,0.0,0.0,0.0,0.0,0.0
2011-08-07,0.0,0.0,0.0,0.0,0.0
2011-08-08,0.0,0.0,0.0,0.0,0.0
2011-08-09,0.0,0.0,0.0,0.0,0.0
2011-08-10,0.0,0.0,0.0,0.0,0.0
2011-08-11,0.0,0.0,0.0,0.0,0.0
2011-08-12,0.0,0.0,0.0,0.0,0.0
2011-08-13,0.0,0.0,0.0,0.0,0.0
2011-08-14,0.0,0.0,0.0,0.0,0.0
2011-08-15,0.0,0.0,0.0,0.0,0.0
2011-08-16,0.0,0.0,0.0,0.0,0.0
2011-08-17,0.0,0.0,0.0,0.0,0.0
2011-08-18,0.0,0.0,0.0,0.0,0.0
2011-08-19,0.0,0.0,0.0,0.0,0.0
2011-08-20,0.0,0.0,0.0,0.0,0.0
2011-08-21,0.0,0.0,0.0,0.0,0.0
2011-08-22,0.0,0.0,0.0,0.0,0.0
2011-08-23,0.0,0.0,0.0,0.0,0.0
2011-08-24,0.0,0.0,0.0,0.0,0.0
2011-08-25,0.0,0.0,0.0,0.0,0.0
2011-08-26,0.0,0.0,0.0,0.0,0.0
2011-08-27,0.0,0.0,0.0,0.0,0.0
2011-08-28,0.0,0.0,0.0,0.0,0.0
2011-08-29,0.0,0.0,0.0,0.0,0.0
2011-08-30,0.0,0.0,0.0,0.0,0.0
2011-08-31,0.0,0.0,0.0,0.0,0.0
2011-09-01,0.0,0.0,0.0,0.0,0.0
2011-09-02,0.0,0.0,0.0,0.0,0.0
2011-09-03,0.0,0.0,0.0,0.0,0.0
2011-09-04,0.0,0.0,0.0,0.0,0.0
2011-09-05,0.0,0.0,0.0,0.0,0.0
2011-09-06,0.0,0.0,0.0,0.0,0.0
2011-09-07,0.0,0.0,0.0,0.0,0.0
2011-09-08,0.0,0.0,0.0,0.0,0.0
2011-09-09,0.0,0.0,0.0,0.0,0.0
2011-09-10,0.0,0.0,0.0,0.0,0.0
2011-09-11,0.0,0.0,0.0,0.0,0.0
2011-09-12,0.0,0.0,0.0,0.0,0.0
2011-09-13,0.0,0.0,0.0,0.0,0.0
2011-09-14,0.0,0.0,0.0,0.0,0.0
2011-09-15,0.0,0.0,0.0,0.0,0.0
2011-09-16,0.0,0.0,0.0,0.0,0.0
2011-09-17,0.0,0.0,0.0,0.0,0.0
2011-09-18,0.0,0.0,0.0,0.0,0.0
2011-09-19,0.0,0.0,0.0,0.0,0.0
2011-09-20,0.0,0.0,0.0,0.0,0.0
2011-09-21,0.0,0.0,0.0,0.0,0.0
2011-09-22,0.0,0.0,0.0,0.0,0.0
2011-09-23,0.0,0.0,0.0,0.0,0.0
2011-09-24,0.0,0.0,0.0,0.0,0.0
2011-09-25,0.0,0.0,0.0,0.0,0.0
2011-09-26,0.0,0.0,0.0,0.0,0.0
2011-09-27,0.0,0.0,0.0,0.0,0.0
2011-09-28,0.0,0.0,0.0,0.0,0.0
2011-09-29,0.0,0.0,0.0,0.0,0.0
2011-09-30,0.0,0.0,0.0,0.0,0.0
2011-10-01,0.0,0.0,0.0,0.0,0.0
2011-10-02,0.0,0.0,0.0,0.0,0.0
2011-10-03,0.08,26.46,13.62,0.09,12.75
2011-10-04,0.446,61.12,13.74,14.46,32.92
2011-10-05,2.468,168.02,20.15,50.12,97.75
2011-10-06,0.599,70.7,19.18,1.89,49.62
2011-10-07,0.121,39.44,19.8,0.0,19.64
2011-10-08,0.025,21.44,17.85,0.0,3.58
2011-10-09,0.012,16.68,15.77,0.0,0.9
2011-10-10,0.026,18.62,15.83,0.0,2.8
2011-10-11,0.046,22.59,19.01,0.0,3.59
2011-10-12,0.013,18.72,17.82,0.0,0.92
2011-10-13,0.007,16.62,15.92,0.0,0.71
2011-10-14,0.005,15.95,15.18,0.0,0.77
2011-10-15,0.004,15.71,14.94,0.0,0.79
2011-10-16,0.004,15.78,14.97,0.0,0.8
2011-10-17,0.003,15.84,15.05,0.0,0.8
2011-10-18,0.003,15.89,15.13,0.0,0.79
2011-10-19,0.002,15.69,14.92,0.0,0.8
2011-10-20,0.002,15.9,15.11,0.0,0.8
2011-10-21,0.002,15.87,15.01,0.0,0.8
2011-10-22,0.002,15.86,15.05,0.0,0.8
2011-10-23,0.001,15.79,15.01,0.0,0.79
2011-10-24,0.001,16.08,15.16,0.0,0.79
2011-10-25,0.001,15.7,15.01,0.0,0.79
2011-10-26,0.001,15.94,15.14,0.0,0.77
2011-10-27,0.001,15.86,15.17,0.0,0.78
2011-10-28,0.0,16.03,15.16,0.0,0.79
2011-10-29,0.0,16.43,15.52,0.0,0.81
2011-10-30,0.0,16.45,15.77,0.0,0.8
2011-10-31,0.0,15.71,14.46,0.0,0.75
2011-11-01,0.0,17.36,18.34,0.0,0.5
2011-11-02,0.0,0.0,0.0,0.0,0.0
2011-11-03,0.0,0.0,0.0,0.0,0.0
2011-11-04,0.0,0.0,0.0,0.0,0.0
2011-11-05,1.601,186.2,18.38,64.98,102.85
2011-11-06,1.016,124.08,20.67,17.52,85.88
2011-11-07,0.11,61.17,19.11,0.0,42.06
2011-11-08,0.025,25.21,17.46,0.0,7.75
2011-11-09,0.011,16.68,15.44,0.0,1.23
2011-11-10,0.009,15.36,14.54,0.0,0.81
2011-11-11,0.007,15.17,14.36,0.0,0.81
2011-11-12,0.007,15.13,14.3,0.0,0.82
2011-11-13,0.006,15.25,14.46,0.0,0.81
2011-11-14,0.005,15.27,14.48,0.0,0.81
2011-11-15,0.005,15.33,14.52,0.0,0.81
2011-11-16,0.004,15.33,14.52,0.0,0.81
2011-11-17,0.004,15.38,14.55,0.0,0.81
2011-11-18,0.003,15.39,14.63,0.0,0.8
2011-11-19,0.32,78.56,14.94,14.73,48.89
2011-11-20,0.851,50.27,19.85,0.67,29.76
2011-11-21,0.098,28.82,19.31,0.0,9.51
2011-11-22,0.022,19.14,17.23,0.0,1.91
2011-11-23,0.01,16.18,15.39,0.0,0.78
2011-11-24,0.962,62.89,18.18,7.45,37.26
2011-11-25,0.116,32.78,18.64,0.0,14.14
2011-11-26,0.029,19.02,16.58,0.0,2.45
2011-11-27,0.014,15.78,14.93,0.0,0.84
2011-11-28,0.011,15.19,14.39,0.0,0.8
2011-11-29,0.009,15.05,14.25,0.0,0.81
2011-11-30,0.007,15.36,14.56,0.0,0.8
2011-12-01,0.003,15.1,14.32,0.0,0.77
2011-12-02,0.003,14.58,13.79,0.0,0.82
2011-12-03,0.002,15.07,14.3,0.0,0.8
2011-12-04,0.003,14.73,13.88,0.0,0.84
2011-12-05,0.003,15.2,14.42,0.0,0.81
2011-12-06,0.003,15.19,14.31,0.0,0.82
2011-12-07,0.002,15.12,14.35,0.0,0.81
2011-12-08,0.002,15.17,14.37,0.0,0.81
2011-12-09,0.002,15.27,14.5,0.0,0.81
2011-12-10,0.002,15.32,14.45,0.0,0.81
2011-12-11,0.002,15.31,14.52,0.0,0.81
2011-12-12,0.001,15.15,14.35,0.0,0.81
2011-12-13,0.001,15.27,14.45,0.0,0.81
2011-12-14,0.001,15.54,14.63,0.0,0.82
2011-12-15,0.147,39.04,17.62,0.08,21.33
2011-12-16,0.02,22.47,17.73,0.0,4.74
2011-12-17,0.004,17.59,16.58,0.0,0.99
2011-12-18,0.002,15.5,14.77,0.0,0.73
2011-12-19,0.002,14.76,14.05,0.0,0.79
2011-12-20,0.001,14.67,13.82,0.0,0.81
2011-12-21,0.001,15.07,14.15,0.0,0.83
2011-12-22,0.0,13.59,13.49,0.0,0.66
2011-12-23,0.001,14.27,13.55,0.0,0.87
2011-12-24,0.001,14.36,13.58,0.0,0.83
2011-12-25,0.001,14.35,13.4,0.0,0.84
2011-12-26,0.0,14.47,13.3,0.0,0.84
2011-12-27,0.0,14.11,13.31,0.0,0.83
2011-12-28,0.0,14.27,13.39,0.0,0.82
2011-12-29,0.0,13.68,12.87,0.0,0.83
2011-12-30,0.0,13.68,12.93,0.0,0.82
2011-12-31,0.0,15.19,14.09,0.0,0.86
2012-01-01,0.0,11.57,15.53,0.0,0.73
2012-01-02,0.0,14.15,12.91,0.0,0.85
2012-01-03,0.0,13.23,12.43,0.0,0.76
2012-01-04,0.0,15.43,15.28,0.0,0.93
2012-01-05,0.0,11.57,8.19,0.0,0.47
2012-01-06,0.0,0.0,0.0,0.0,0.0
2012-01-07,0.0,0.0,0.0,0.0,0.0
2012-01-08,0.0,0.0,0.0,0.0,0.0
2012-01-09,0.0,0.0,0.0,0.0,0.0
2012-01-10,0.0,0.0,0.0,0.0,0.0
2012-01-11,0.0,0.0,0.0,0.0,0.0
2012-01-12,0.0,0.0,0.0,0.0,0.0
2012-01-13,0.0,0.0,0.0,0.0,0.0
2012-01-14,0.0,0.0,0.0,0.0,0.0
2012-01-15,0.0,0.0,0.0,0.0,0.0
2012-01-16,0.0,0.0,0.0,0.0,0.0
2012-01-17,0.0,0.0,0.0,0.0,0.0
2012-01-18,0.0,0.0,0.0,0.0,0.0
2012-01-19,0.201,37.62,13.13,0.91,23.58
2012-01-20,5.479,263.85,20.25,101.92,141.68
2012-01-21,4.966,318.61,25.86,118.54,174.21
2012-01-22,1.95,80.06,16.12,9.97,53.97
2012-01-23,6.078,147.42,20.39,50.04,76.99
2012-01-24,1.198,45.78,16.49,1.74,27.54
2012-01-25,0.698,19.42,14.9,0.0,4.52
2012-01-26,0.565,15.71,14.54,0.0,1.17
2012-01-27,0.462,15.34,14.4,0.0,0.94
2012-01-28,0.358,15.08,14.19,0.0,0.89
2012-01-29,0.328,14.86,13.98,0.0,0.88
2012-01-30,0.3,15.02,14.15,0.0,0.87
2012-01-31,0.275,14.87,14.0,0.0,0.87
2012-02-01,0.236,14.73,13.88,0.0,0.84
2012-02-02,0.202,14.8,13.97,0.0,0.83
2012-02-03,0.175,14.53,13.71,0.0,0.82
2012-02-04,0.151,14.42,13.61,0.0,0.82
2012-02-05,0.117,14.23,13.43,0.0,0.8
2012-02-06,0.074,13.87,13.11,0.0,0.76
2012-02-07,1.647,64.78,18.4,10.8,35.57
2012-02-08,0.321,25.23,16.08,0.0,9.15
2012-02-09,0.186,15.42,14.06,0.0,1.36
2012-02-10,0.142,14.3,13.47,0.0,0.82
2012-02-11,0.118,13.8,13.01,0.0,0.8
2012-02-12,0.099,13.95,13.15,0.0,0.8
2012-02-13,0.294,30.02,16.06,0.12,13.85
2012-02-14,0.128,17.21,14.98,0.0,2.23
2012-02-15,0.068,14.13,13.34,0.0,0.79
2012-02-16,0.046,13.55,12.81,0.0,0.74
2012-02-17,0.052,13.6,12.81,0.0,0.78
2012-02-18,0.044,13.67,12.9,0.0,0.77
2012-02-19,0.029,13.45,12.74,0.0,0.72
2012-02-20,0.023,13.52,12.79,0.0,0.73
2012-02-21,0.022,13.52,12.77,0.0,0.75
2012-02-22,0.017,13.75,13.01,0.0,0.74
2012-02-23,0.003,14.34,13.85,0.0,0.45
2012-02-24,0.0,15.58,14.85,0.0,0.16
2012-02-25,0.0,13.89,14.62,0.0,0.61
2012-02-26,0.0,34.72,26.49,0.0,0.43
2012-02-27,0.0,0.0,0.0,0.0,0.0
2012-02-28,0.0,7.72,0.12,3.04,4.0
2012-02-29,1.909,135.03,19.22,34.88,80.93
2012-03-01,0.387,56.01,19.33,0.06,36.62
2012-03-02,0.094,27.14,17.75,0.0,9.39
2012-03-03,0.031,16.84,15.27,0.0,1.57
2012-03-04,0.017,14.96,14.21,0.0,0.75
2012-03-05,0.01,14.91,14.19,0.0,0.72
2012-03-06,0.005,15.48,14.77,0.0,0.73
2012-03-07,0.004,15.66,14.87,0.0,0.77
2012-03-08,0.003,15.62,14.81,0.0,0.79
2012-03-09,0.002,15.76,14.95,0.0,0.79
2012-03-10,0.002,15.79,15.03,0.0,0.78
2012-03-11,0.001,16.0,15.19,0.0,0.78
2012-03-12,0.001,15.91,15.17,0.0,0.78
2012-03-13,2.725,84.99,17.34,22.25,45.39
2012-03-14,6.766,125.63,19.63,42.63,63.38
2012-03-15,2.303,63.38,17.97,14.64,30.76
2012-03-16,4.479,112.75,17.74,37.33,57.68
2012-03-17,2.636,65.92,16.72,15.21,33.99
2012-03-18,1.442,20.61,13.99,0.1,6.52
2012-03-19,1.281,14.81,13.34,0.03,1.43
2012-03-20,1.137,14.43,13.29,0.02,1.12
2012-03-21,0.954,14.37,13.27,0.01,1.1
2012-03-22,0.821,14.45,13.35,0.0,1.09
2012-03-23,0.662,14.43,13.35,0.0,1.08
2012-03-24,2.905,86.85,16.08,26.9,43.86
2012-03-25,4.413,92.02,18.95,28.56,44.51
2012-03-26,1.817,23.74,14.34,0.68,8.72
2012-03-27,5.124,152.58,18.01,56.41,78.16
2012-03-28,4.834,77.78,15.95,23.27,38.56
2012-03-29,3.207,21.67,13.79,1.27,6.6
2012-03-30,2.617,15.85,13.53,0.75,1.58
2012-03-31,4.136,63.87,15.55,17.99,30.33
2012-04-01,3.004,21.56,13.87,1.98,5.71
2012-04-02,2.426,15.81,13.57,0.78,1.46
2012-04-03,2.017,15.29,13.54,0.62,1.13
2012-04-04,1.65,15.04,13.51,0.42,1.11
2012-04-05,1.387,14.8,13.54,0.17,1.1
2012-04-06,1.195,14.68,13.55,0.03,1.1
2012-04-07,1.002,14.72,13.62,0.01,1.09
2012-04-08,0.813,14.73,13.65,0.0,1.09
2012-04-09,0.664,14.73,13.66,0.0,1.07
2012-04-10,2.799,63.51,16.92,13.87,32.72
2012-04-11,2.151,37.29,16.79,3.61,16.89
2012-04-12,3.63,107.43,16.48,33.39,57.56
2012-04-13,4.978,103.19,17.82,34.59,50.78
2012-04-14,2.359,26.42,14.49,0.94,10.99
2012-04-15,1.779,16.48,13.94,0.43,2.12
2012-04-16,1.409,15.17,13.87,0.14,1.16
2012-04-17,1.215,14.92,13.8,0.02,1.1
2012-04-18,0.986,15.02,13.93,0.01,1.09
2012-04-19,0.797,14.91,13.84,0.0,1.07
2012-04-20,0.659,15.08,14.02,0.0,1.06
2012-04-21,0.52,15.04,14.02,0.0,1.01
2012-04-22,0.411,14.92,13.96,0.0,0.96
2012-04-23,0.312,14.71,13.8,0.0,0.91
2012-04-24,0.245,14.42,13.55,0.0,0.87
2012-04-25,0.294,23.01,15.26,0.06,7.69
2012-04-26,0.557,29.0,18.38,0.04,10.57
2012-04-27,0.188,16.48,14.8,0.0,1.68
2012-04-28,0.108,14.25,13.43,0.0,0.82
2012-04-29,0.08,13.91,13.12,0.0,0.79
2012-04-30,0.044,13.96,13.2,0.0,0.76
2012-05-01,0.021,13.71,12.98,0.0,0.74
2012-05-02,0.007,13.75,13.08,0.0,0.68
2012-05-03,0.001,14.01,13.62,0.0,0.39
2012-05-04,0.0,13.89,14.68,0.0,0.05
2012-05-05,0.0,11.57,6.96,0.0,0.01
2012-05-06,0.0,0.0,0.0,0.0,0.0
2012-05-07,0.0,0.0,0.0,0.0,0.0
2012-05-08,0.0,0.0,0.0,0.0,0.0
2012-05-09,0.0,0.0,0.0,0.0,0.0
2012-05-10,0.0,0.0,0.0,0.0,0.0
2012-05-11,0.0,0.0,0.0,0.0,0.0
2012-05-12,0.0,0.0,0.0,0.0,0.0
2012-05-13,0.0,0.0,0.0,0.0,0.0
2012-05-14,0.0,0.0,0.0,0.0,0.0
2012-05-15,0.0,0.0,0.0,0.0,0.0
2012-05-16,0.0,0.0,0.0,0.0,0.0
2012-05-17,0.0,0.0,0.0,0.0,0.0
2012-05-18,0.0,0.0,0.0,0.0,0.0
2012-05-19,0.0,0.0,0.0,0.0,0.0
2012-05-20,0.0,0.0,0.0,0.0,0.0
2012-05-21,0.0,0.0,0.0,0.0,0.0
2012-05-22,0.0,0.0,0.0,0.0,0.0
2012-05-23,0.0,0.0,0.0,0.0,0.0
2012-05-24,0.0,0.0,0.0,0.0,0.0
2012-05-25,0.0,0.0,0.0,0.0,0.0
2012-05-26,0.0,0.0,0.0,0.0,0.0
2012-05-27,0.0,0.0,0.0,0.0,0.0
2012-05-28,0.0,0.0,0.0,0.0,0.0
2012-05-29,0.0,0.0,0.0,0.0,0.0
2012-05-30,0.0,0.0,0.0,0.0,0.0
2012-05-31,0.0,0.0,0.0,0.0,0.0
2012-06-01,0.0,0.0,0.0,0.0,0.0
2012-06-02,0.0,0.0,0.0,0.0,0.0
2012-06-03,0.0,0.0,0.0,0.0,0.0
2012-06-04,0.0,0.0,0.0,0.0,0.0
2012-06-05,0.0,0.0,0.0,0.0,0.0
2012-06-06,0.0,0.0,0.0,0.0,0.0
2012-06-07,0.0,0.0,0.0,0.0,0.0
2012-06-08,0.0,0.0,0.0,0.0,0.0
2012-06-09,0.0,0.0,0.0,0.0,0.0
2012-06-10,0.0,0.0,0.0,0.0,0.0
2012-06-11,0.0,0.0,0.0,0.0,0.0
2012-06-12,0.0,0.0,0.0,0.0,0.0
2012-06-13,0.0,0.0,0.0,0.0,0.0
2012-06-14,0.0,0.0,0.0,0.0,0.0
2012-06-15,0.0,0.0,0.0,0.0,0.0
2012-06-16,0.0,0.0,0.0,0.0,0.0
2012-06-17,0.0,0.0,0.0,0.0,0.0
2012-06-18,0.0,0.0,0.0,0.0,0.0
2012-06-19,0.0,0.0,0.0,0.0,0.0
2012-06-20,0.0,0.0,0.0,0.0,0.0
2012-06-21,0.0,0.0,0.0,0.0,0.0
2012-06-22,0.0,0.0,0.0,0.0,0.0
2012-06-23,0.0,0.0,0.0,0.0,0.0
2012-06-24,0.0,0.0,0.0,0.0,0.0
2012-06-25,0.0,0.0,0.0,0.0,0.0
2012-06-26,0.0,0.0,0.0,0.0,0.0
2012-06-27,0.0,0.0,0.0,0.0,0.0
2012-06-28,0.0,0.0,0.0,0.0,0.0
2012-06-29,0.0,0.0,0.0,0.0,0.0
2012-06-30,0.0,0.0,0.0,0.0,0.0
2012-07-01,0.0,0.0,0.0,0.0,0.0
2012-07-02,0.0,0.0,0.0,0.0,0.0
2012-07-03,0.0,0.0,0.0,0.0,0.0
2012-07-04,0.0,0.0,0.0,0.0,0.0
2012-07-05,0.0,0.0,0.0,0.0,0.0
2012-07-06,0.0,0.0,0.0,0.0,0.0
2012-07-07,0.0,0.0,0.0,0.0,0.0
2012-07-08,0.0,0.0,0.0,0.0,0.0
2012-07-09,0.0,0.0,0.0,0.0,0.0
2012-07-10,0.0,0.0,0.0,0.0,0.0
2012-07-11,0.0,0.0,0.0,0.0,0.0
2012-07-12,0.0,0.0,0.0,0.0,0.0
2012-07-13,0.0,0.0,0.0,0.0,0.0
2012-07-14,0.0,0.0,0.0,0.0,0.0
2012-07-15,0.0,0.0,0.0,0.0,0.0
2012-07-16,0.0,0.0,0.0,0.0,0.0
2012-07-17,0.0,0.0,0.0,0.0,0.0
2012-07-18,0.0,0.0,0.0,0.0,0.0
2012-07-19,0.0,0.0,0.0,0.0,0.0
2012-07-20,0.0,0.0,0.0,0.0,0.0
2012-07-21,0.0,0.0,0.0,0.0,0.0
2012-07-22,0.0,0.0,0.0,0.0,0.0
2012-07-23,0.0,0.0,0.0,0.0,0.0
2012-07-24,0.0,0.0,0.0,0.0,0.0
2012-07-25,0.0,0.0,0.0,0.0,0.0
2012-07-26,0.0,0.0,0.0,0.0,0.0
2012-07-27,0.0,0.0,0.0,0.0,0.0
2012-07-28,0.0,0.0,0.0,0.0,0.0
2012-07-29,0.0,0.0,0.0,0.0,0.0
2012-07-30,0.0,0.0,0.0,0.0,0.0
2012-07-31,0.0,0.0,0.0,0.0,0.0
2012-08-01,0.0,0.0,0.0,0.0,0.0
2012-08-02,0.0,0.0,0.0,0.0,0.0
2012-08-03,0.0,0.0,0.0,0.0,0.0
2012-08-04,0.0,0.0,0.0,0.0,0.0
2012-08-05,0.0,0.0,0.0,0.0,0.0
2012-08-06,0.0,0.0,0.0,0.0,0.0
2012-08-07,0.0,0.0,0.0,0.0,0.0
2012-08-08,0.0,0.0,0.0,0.0,0.0
2012-08-09,0.0,0.0,0.0,0.0,0.0
2012-08-10,0.0,0.0,0.0,0.0,0.0
2012-08-11,0.0,0.0,0.0,0.0,0.0
2012-08-12,0.0,0.0,0.0,0.0,0.0
2012-08-13,0.0,0.0,0.0,0.0,0.0
2012-08-14,0.0,0.0,0.0,0.0,0.0
2012-08-15,0.0,0.0,0.0,0.0,0.0
2012-08-16,0.0,0.0,0.0,0.0,0.0
2012-08-17,0.0,0.0,0.0,0.0,0.0
2012-08-18,0.0,0.0,0.0,0.0,0.0
2012-08-19,0.0,0.0,0.0,0.0,0.0
2012-08-20,0.0,0.0,0.0,0.0,0.0
2012-08-21,0.0,0.0,0.0,0.0,0.0
2012-08-22,0.0,0.0,0.0,0.0,0.0
2012-08-23,0.0,0.0,0.0,0.0,0.0
2012-08-24,0.0,0.0,0.0,0.0,0.0
2012-08-25,0.0,0.0,0.0,0.0,0.0
2012-08-26,0.0,0.0,0.0,0.0,0.0
2012-08-27,0.0,0.0,0.0,0.0,0.0
2012-08-28,0.0,0.0,0.0,0.0,0.0
2012-08-29,0.0,0.0,0.0,0.0,0.0
2012-08-30,0.0,0.0,0.0,0.0,0.0
2012-08-31,0.0,0.0,0.0,0.0,0.0
2012-09-01,0.0,0.0,0.0,0.0,0.0
2012-09-02,0.0,0.0,0.0,0.0,0.0
2012-09-03,0.0,0.0,0.0,0.0,0.0
2012-09-04,0.0,0.0,0.0,0.0,0.0
2012-09-05,0.0,0.0,0.0,0.0,0.0
2012-09-06,0.0,0.0,0.0,0.0,0.0
2012-09-07,0.0,0.0,0.0,0.0,0.0
2012-09-08,0.0,0.0,0.0,0.0,0.0
2012-09-09,0.0,0.0,0.0,0.0,0.0
2012-09-10,0.0,0.0,0.0,0.0,0.0
2012-09-11,0.0,0.0,0.0,0.0,0.0
2012-09-12,0.0,0.0,0.0,0.0,0.0
2012-09-13,0.0,0.0,0.0,0.0,0.0
2012-09-14,0.0,0.0,0.0,0.0,0.0
2012-09-15,0.0,0.0,0.0,0.0,0.0
2012-09-16,0.0,0.0,0.0,0.0,0.0
2012-09-17,0.0,0.0,0.0,0.0,0.0
2012-09-18,0.0,0.0,0.0,0.0,0.0
2012-09-19,0.0,0.0,0.0,0.0,0.0
2012-09-20,0.0,0.0,0.0,0.0,0.0
2012-09-21,0.0,0.0,0.0,0.0,0.0
2012-09-22,0.0,0.0,0.0,0.0,0.0
2012-09-23,0.0,0.0,0.0,0.0,0.0
2012-09-24,0.0,0.0,0.0,0.0,0.0
2012-09-25,0.0,0.0,0.0,0.0,0.0
2012-09-26,0.0,0.0,0.0,0.0,0.0
2012-09-27,0.0,0.0,0.0,0.0,0.0
2012-09-28,0.0,0.0,0.0,0.0,0.0
2012-09-29,0.0,0.0,0.0,0.0,0.0
2012-09-30,0.0,0.0,0.0,0.0,0.0
2012-10-01,0.0,0.0,0.0,0.0,0.0
2012-10-02,0.0,0.0,0.0,0.0,0.0
2012-10-03,0.0,0.0,0.0,0.0,0.0
2012-10-04,0.0,0.0,0.0,0.0,0.0
2012-10-05,0.0,0.0,0.0,0.0,0.0
2012-10-06,0.0,0.0,0.0,0.0,0.0
2012-10-07,0.0,0.0,0.0,0.0,0.0
2012-10-08,0.0,0.0,0.0,0.0,0.0
2012-10-09,0.0,0.0,0.0,0.0,0.0
2012-10-10,0.0,0.0,0.0,0.0,0.0
2012-10-11,0.0,0.0,0.0,0.0,0.0
2012-10-12,0.0,0.0,0.0,0.0,0.0
2012-10-13,0.0,0.0,0.0,0.0,0.0
2012-10-14,0.0,0.0,0.0,0.0,0.0
2012-10-15,0.0,0.0,0.0,0.0,0.0
2012-10-16,0.0,0.0,0.0,0.0,0.0
2012-10-17,0.0,0.0,0.0,0.0,0.0
2012-10-18,0.0,0.0,0.0,0.0,0.0
2012-10-19,0.0,0.0,0.0,0.0,0.0
2012-10-20,0.0,0.0,0.0,0.0,0.0
2012-10-21,0.0,36.53,13.0,10.2,13.42
2012-10-22,3.296,122.51,18.85,34.97,68.69
2012-10-23,1.104,86.32,21.76,13.16,51.39
2012-10-24,0.129,47.76,19.61,0.0,28.15
2012-10-25,0.032,23.13,17.83,0.0,5.29
2012-10-26,0.016,17.05,16.02,0.0,1.03
2012-10-27,0.012,16.02,15.23,0.0,0.79
2012-10-28,0.01,15.86,15.07,0.0,0.8
2012-10-29,0.008,15.86,15.07,0.0,0.8
2012-10-30,0.007,15.85,15.05,0.0,0.8
2012-10-31,0.115,23.32,9.43,0.12,13.76
2012-11-01,0.675,48.8,20.35,0.62,27.83
2012-11-02,0.07,29.72,19.24,0.0,10.48
2012-11-03,0.017,19.54,17.55,0.0,1.99
2012-11-04,0.009,16.58,15.8,0.0,0.78
2012-11-05,0.007,15.97,15.21,0.0,0.77
2012-11-06,0.006,15.88,15.09,0.0,0.79
2012-11-07,0.005,15.94,15.16,0.0,0.79
2012-11-08,0.004,16.0,15.21,0.0,0.78
2012-11-09,0.015,20.83,17.88,0.0,2.96
2012-11-10,0.007,18.67,17.78,0.0,0.9
2012-11-11,0.004,16.61,15.9,0.0,0.71
2012-11-12,0.003,16.14,15.37,0.0,0.77
2012-11-13,0.002,16.05,15.3,0.0,0.77
2012-11-14,0.002,15.99,15.18,0.0,0.79
2012-11-15,0.002,16.15,15.43,0.0,0.79
2012-11-16,0.326,45.78,11.77,5.63,28.38
2012-11-17,2.644,89.06,18.13,22.9,48.03
2012-11-18,1.2,111.36,21.3,22.35,67.71
2012-11-19,0.144,53.92,18.99,0.0,34.92
2012-11-20,0.297,57.46,8.0,16.44,33.02
2012-11-21,3.216,129.0,20.27,39.63,69.1
2012-11-22,0.36,64.92,19.04,0.0,45.88
2012-11-23,0.109,26.65,16.9,0.0,9.75
2012-11-24,0.061,16.59,15.24,0.0,1.35
2012-11-25,0.044,15.4,14.62,0.0,0.79
2012-11-26,0.036,15.33,14.55,0.0,0.77
2012-11-27,0.029,15.48,14.7,0.0,0.77
2012-11-28,1.958,164.3,18.81,48.71,96.79
2012-11-29,0.387,70.86,18.37,0.0,52.49
2012-11-30,7.077,178.16,20.76,62.38,95.02
2012-12-01,2.612,75.51,17.51,18.13,39.88
2012-12-02,10.022,383.14,24.3,153.26,205.58
2012-12-03,3.372,117.07,15.9,37.18,63.98
2012-12-04,2.327,27.89,14.83,1.68,11.38
2012-12-05,3.392,47.81,16.25,10.36,21.19
2012-12-06,2.296,21.57,15.2,0.67,5.7
2012-12-07,1.914,16.95,14.86,0.43,1.66
2012-12-08,1.685,16.18,14.82,0.22,1.13
2012-12-09,1.442,15.97,14.86,0.03,1.08
2012-12-10,1.301,15.92,14.84,0.01,1.07
2012-12-11,1.213,15.95,14.88,0.0,1.07
2012-12-12,1.059,15.93,14.87,0.0,1.06
2012-12-13,0.97,15.97,14.92,0.0,1.05
2012-12-14,0.917,15.99,14.94,0.0,1.05
2012-12-15,0.913,16.88,15.42,0.0,1.46
2012-12-16,0.831,16.34,15.23,0.0,1.11
2012-12-17,1.416,27.52,16.66,0.37,10.48
2012-12-18,0.893,18.19,15.38,0.0,2.8
2012-12-19,0.766,16.16,15.01,0.0,1.15
2012-12-20,0.663,16.17,15.14,0.0,1.03
2012-12-21,1.262,30.36,14.93,1.02,14.4
2012-12-22,6.434,149.98,18.9,54.18,76.91
2012-12-23,8.762,94.98,18.41,32.63,43.94
2012-12-24,6.695,37.61,16.08,9.18,12.35
2012-12-25,8.766,97.28,17.57,34.13,45.58
2012-12-26,8.961,52.74,17.47,15.17,20.11
2012-12-27,6.992,21.26,16.18,2.15,2.92
2012-12-28,6.032,17.91,15.67,0.87,1.37
2012-12-29,5.178,17.35,15.56,0.62,1.17
2012-12-30,4.539,17.37,15.62,0.6,1.14
2012-12-31,3.978,17.43,15.7,0.59,1.14
2013-01-01,3.48,17.48,15.75,0.59,1.14
2013-01-02,3.023,17.47,15.81,0.52,1.14
2013-01-03,2.652,17.43,15.88,0.41,1.13
2013-01-04,2.314,17.33,15.94,0.26,1.13
2013-01-05,2.387,25.74,16.0,2.87,6.87
2013-01-06,2.756,25.74,16.75,1.32,7.67
2013-01-07,2.213,18.03,16.06,0.18,1.78
2013-01-08,1.903,17.28,16.07,0.02,1.19
2013-01-09,1.635,17.23,16.13,0.01,1.1
2013-01-10,1.38,17.16,16.08,0.0,1.07
2013-01-11,1.247,17.21,16.15,0.0,1.06
2013-01-12,1.071,17.27,16.22,0.0,1.04
2013-01-13,0.913,17.32,16.3,0.0,1.01
2013-01-14,0.726,17.46,16.51,0.0,0.95
2013-01-15,0.681,17.43,16.5,0.0,0.94
2013-01-16,0.605,17.51,16.59,0.0,0.91
2013-01-17,0.515,17.57,16.68,0.0,0.89
2013-01-18,0.447,17.6,16.73,0.0,0.87
2013-01-19,0.38,17.67,16.81,0.0,0.86
2013-01-20,0.324,17.65,16.81,0.0,0.84
2013-01-21,0.275,17.68,16.84,0.0,0.83
2013-01-22,0.243,17.72,16.89,0.0,0.83
2013-01-23,0.317,20.74,15.56,0.02,5.15
2013-01-24,0.415,19.91,16.98,0.0,2.92
2013-01-25,0.332,16.72,15.84,0.0,0.88
2013-01-26,0.245,16.76,15.95,0.0,0.82
2013-01-27,0.191,16.6,15.79,0.0,0.81
2013-01-28,0.164,16.52,15.71,0.0,0.81
2013-01-29,0.15,16.76,15.94,0.0,0.81
2013-01-30,0.126,16.96,16.16,0.0,0.8
2013-01-31,0.11,16.89,16.09,0.0,0.8
2013-02-01,0.089,16.88,16.08,0.0,0.79
2013-02-02,0.068,16.76,15.98,0.0,0.78
2013-02-03,0.052,16.68,15.89,0.0,0.78
2013-02-04,0.039,16.68,15.89,0.0,0.78
2013-02-05,0.026,16.65,15.87,0.0,0.78
2013-02-06,0.016,16.38,15.6,0.0,0.78
2013-02-07,0.006,15.67,14.91,0.0,0.76
2013-02-08,0.002,14.6,13.91,0.0,0.68
2013-02-09,0.0,13.89,13.36,0.0,0.59
2013-02-10,0.0,11.57,12.13,0.0,0.15
2013-02-11,0.0,0.0,0.0,0.0,0.0
2013-02-12,0.0,0.0,0.0,0.0,0.0
2013-02-13,0.0,0.0,0.0,0.0,0.0
2013-02-14,0.0,0.0,0.0,0.0,0.0
2013-02-15,0.0,0.0,0.0,0.0,0.0
2013-02-16,0.0,0.0,0.0,0.0,0.0
2013-02-17,0.0,0.0,0.0,0.0,0.0
2013-02-18,0.0,0.0,0.0,0.0,0.0
2013-02-19,0.342,52.81,20.04,0.57,32.2
2013-02-20,0.09,33.98,19.63,0.0,14.35
2013-02-21,0.02,20.61,17.79,0.0,2.81
2013-02-22,0.004,17.05,16.27,0.0,0.75
2013-02-23,0.001,17.18,16.76,0.0,0.43
2013-02-24,0.0,17.67,18.02,0.0,0.35
2013-02-25,0.0,18.19,17.92,0.0,0.69
2013-02-26,0.0,23.15,22.34,0.0,0.66
2013-02-27,0.0,17.36,19.59,0.0,0.45
2013-02-28,0.0,0.0,0.0,0.0,0.0
2013-03-01,0.0,0.0,0.0,0.0,0.0
2013-03-02,0.0,0.0,0.0,0.0,0.0
2013-03-03,0.0,0.0,0.0,0.0,0.0
2013-03-04,0.0,0.0,0.0,0.0,0.0
2013-03-05,0.003,2.31,1.65,0.19,0.48
2013-03-06,0.535,53.65,20.1,0.84,32.72
2013-03-07,0.064,34.1,20.07,0.0,14.02
2013-03-08,0.01,23.47,20.0,0.0,3.48
2013-03-09,0.002,20.13,19.33,0.0,0.81
2013-03-10,0.001,18.64,17.93,0.0,0.55
2013-03-11,0.0,18.63,18.02,0.0,0.64
2013-03-12,0.0,18.98,18.66,0.0,0.65
2013-03-13,0.0,20.98,19.85,0.0,0.65
2013-03-14,0.0,19.29,18.98,0.0,0.61
2013-03-15,0.0,18.81,18.75,0.0,0.58
2013-03-16,0.0,18.52,18.28,0.0,0.54
2013-03-17,0.0,34.72,28.77,0.0,0.58
2013-03-18,0.0,0.0,0.0,0.0,0.0
2013-03-19,0.0,0.0,0.0,0.0,0.0
2013-03-20,0.001,15.14,12.0,0.03,3.06
2013-03-21,0.0,14.3,13.09,0.0,1.11
2013-03-22,0.0,14.47,14.19,0.0,0.31
2013-03-23,0.0,0.0,0.0,0.0,0.0
2013-03-24,0.0,0.0,0.0,0.0,0.0
2013-03-25,0.0,0.0,0.0,0.0,0.0
2013-03-26,0.0,0.0,0.0,0.0,0.0
2013-03-27,0.0,0.0,0.0,0.0,0.0
2013-03-28,0.0,0.0,0.0,0.0,0.0
2013-03-29,0.0,0.0,0.0,0.0,0.0
2013-03-30,0.0,0.0,0.0,0.0,0.0
2013-03-31,0.002,24.32,12.4,0.35,11.61
2013-04-01,1.073,108.73,18.76,19.57,70.4
2013-04-02,0.1,49.61,20.08,0.0,29.54
2013-04-03,0.016,27.14,19.67,0.0,7.46
2013-04-04,1.399,110.49,18.8,19.64,72.05
2013-04-05,0.157,69.43,19.6,0.0,49.83
2013-04-06,0.027,31.26,18.69,0.0,12.57
2013-04-07,0.009,18.72,16.82,0.0,1.89
2013-04-08,0.005,16.35,15.56,0.0,0.79
2013-04-09,0.004,16.0,15.18,0.0,0.78
2013-04-10,0.003,15.85,15.02,0.0,0.79
2013-04-11,0.002,15.78,14.98,0.0,0.8
2013-04-12,0.002,15.73,14.95,0.0,0.8
2013-04-13,0.002,15.78,15.08,0.0,0.8
2013-04-14,0.001,15.99,15.19,0.0,0.8
2013-04-15,0.001,15.74,14.92,0.0,0.79
2013-04-16,0.001,15.48,14.75,0.0,0.78
2013-04-17,0.0,16.42,15.42,0.0,0.79
2013-04-18,0.0,15.73,14.88,0.0,0.8
2013-04-19,0.0,15.57,14.66,0.0,0.8
2013-04-20,0.0,16.4,15.03,0.0,0.81
2013-04-21,0.0,17.36,15.23,0.0,0.86
2013-04-22,0.0,0.0,0.0,0.0,0.0
2013-04-23,0.0,0.0,0.0,0.0,0.0
2013-04-24,0.0,0.0,0.0,0.0,0.0
2013-04-25,0.0,0.0,0.0,0.0,0.0
2013-04-26,0.0,0.0,0.0,0.0,0.0
2013-04-27,0.0,0.0,0.0,0.0,0.0
2013-04-28,0.0,0.0,0.0,0.0,0.0
2013-04-29,0.0,0.0,0.0,0.0,0.0
2013-04-30,0.0,0.0,0.0,0.0,0.0
2013-05-01,0.0,0.0,0.0,0.0,0.0
2013-05-02,0.0,0.0,0.0,0.0,0.0
2013-05-03,0.0,0.0,0.0,0.0,0.0
2013-05-04,0.0,0.0,0.0,0.0,0.0
2013-05-05,0.0,0.0,0.0,0.0,0.0
2013-05-06,0.0,0.0,0.0,0.0,0.0
2013-05-07,0.0,0.0,0.0,0.0,0.0
2013-05-08,0.0,0.0,0.0,0.0,0.0
2013-05-09,0.0,0.0,0.0,0.0,0.0
2013-05-10,0.0,0.0,0.0,0.0,0.0
2013-05-11,0.0,0.0,0.0,0.0,0.0
2013-05-12,0.0,0.0,0.0,0.0,0.0
2013-05-13,0.0,0.0,0.0,0.0,0.0
2013-05-14,0.0,0.0,0.0,0.0,0.0
2013-05-15,0.0,0.0,0.0,0.0,0.0
2013-05-16,0.0,0.0,0.0,0.0,0.0
2013-05-17,0.0,0.0,0.0,0.0,0.0
2013-05-18,0.0,0.0,0.0,0.0,0.0
2013-05-19,0.0,0.0,0.0,0.0,0.0
2013-05-20,0.0,0.0,0.0,0.0,0.0
2013-05-21,0.0,0.0,0.0,0.0,0.0
2013-05-22,0.0,0.0,0.0,0.0,0.0
2013-05-23,0.0,0.0,0.0,0.0,0.0
2013-05-24,0.0,0.0,0.0,0.0,0.0
2013-05-25,0.0,0.0,0.0,0.0,0.0
2013-05-26,0.0,0.0,0.0,0.0,0.0
2013-05-27,0.0,0.0,0.0,0.0,0.0
2013-05-28,0.0,0.0,0.0,0.0,0.0
2013-05-29,0.0,0.0,0.0,0.0,0.0
2013-05-30,0.0,0.0,0.0,0.0,0.0
2013-05-31,0.0,0.0,0.0,0.0,0.0
2013-06-01,0.0,0.0,0.0,0.0,0.0
2013-06-02,0.0,0.0,0.0,0.0,0.0
2013-06-03,0.0,0.0,0.0,0.0,0.0
2013-06-04,0.0,0.0,0.0,0.0,0.0
2013-06-05,0.0,0.0,0.0,0.0,0.0
2013-06-06,0.0,0.0,0.0,0.0,0.0
2013-06-07,0.0,0.0,0.0,0.0,0.0
2013-06-08,0.0,0.0,0.0,0.0,0.0
2013-06-09,0.0,0.0,0.0,0.0,0.0
2013-06-10,0.0,0.0,0.0,0.0,0.0
2013-06-11,0.0,0.0,0.0,0.0,0.0
2013-06-12,0.0,0.0,0.0,0.0,0.0
2013-06-13,0.0,0.0,0.0,0.0,0.0
2013-06-14,0.0,0.0,0.0,0.0,0.0
2013-06-15,0.0,0.0,0.0,0.0,0.0
2013-06-16,0.0,0.0,0.0,0.0,0.0
2013-06-17,0.0,0.0,0.0,0.0,0.0
2013-06-18,0.0,0.0,0.0,0.0,0.0
2013-06-19,0.0,0.0,0.0,0.0,0.0
2013-06-20,0.0,0.0,0.0,0.0,0.0
2013-06-21,0.0,0.0,0.0,0.0,0.0
2013-06-22,0.0,0.0,0.0,0.0,0.0
2013-06-23,0.0,0.0,0.0,0.0,0.0
2013-06-24,0.0,0.0,0.0,0.0,0.0
2013-06-25,0.016,24.52,11.89,0.02,12.61
2013-06-26,0.005,18.94,13.51,0.0,5.45
2013-06-27,0.001,14.66,13.3,0.0,1.28
2013-06-28,0.0,13.5,13.79,0.0,0.37
2013-06-29,0.0,11.57,9.25,0.0,0.1
2013-06-30,0.0,0.0,0.0,0.0,0.0
2013-07-01,0.0,0.0,0.0,0.0,0.0
2013-07-02,0.0,0.0,0.0,0.0,0.0
2013-07-03,0.0,0.0,0.0,0.0,0.0
2013-07-04,0.0,0.0,0.0,0.0,0.0
2013-07-05,0.0,0.0,0.0,0.0,0.0
2013-07-06,0.0,0.0,0.0,0.0,0.0
2013-07-07,0.0,0.0,0.0,0.0,0.0
2013-07-08,0.0,0.0,0.0,0.0,0.0
2013-07-09,0.0,0.0,0.0,0.0,0.0
2013-07-10,0.0,0.0,0.0,0.0,0.0
2013-07-11,0.0,0.0,0.0,0.0,0.0
2013-07-12,0.0,0.0,0.0,0.0,0.0
2013-07-13,0.0,0.0,0.0,0.0,0.0
2013-07-14,0.0,0.0,0.0,0.0,0.0
2013-07-15,0.0,0.0,0.0,0.0,0.0
2013-07-16,0.0,0.0,0.0,0.0,0.0
2013-07-17,0.0,0.0,0.0,0.0,0.0
2013-07-18,0.0,0.0,0.0,0.0,0.0
2013-07-19,0.0,0.0,0.0,0.0,0.0
2013-07-20,0.0,0.0,0.0,0.0,0.0
2013-07-21,0.0,0.0,0.0,0.0,0.0
2013-07-22,0.0,0.0,0.0,0.0,0.0
2013-07-23,0.0,0.0,0.0,0.0,0.0
2013-07-24,0.0,0.0,0.0,0.0,0.0
2013-07-25,0.0,0.0,0.0,0.0,0.0
2013-07-26,0.0,0.0,0.0,0.0,0.0
2013-07-27,0.0,0.0,0.0,0.0,0.0
2013-07-28,0.0,0.0,0.0,0.0,0.0
2013-07-29,0.0,0.0,0.0,0.0,0.0
2013-07-30,0.0,0.0,0.0,0.0,0.0
2013-07-31,0.0,0.0,0.0,0.0,0.0
2013-08-01,0.0,0.0,0.0,0.0,0.0
2013-08-02,0.0,0.0,0.0,0.0,0.0
2013-08-03,0.0,0.0,0.0,0.0,0.0
2013-08-04,0.0,0.0,0.0,0.0,0.0
2013-08-05,0.0,0.0,0.0,0.0,0.0
2013-08-06,0.0,0.0,0.0,0.0,0.0
2013-08-07,0.0,0.0,0.0,0.0,0.0
2013-08-08,0.0,0.0,0.0,0.0,0.0
2013-08-09,0.0,0.0,0.0,0.0,0.0
2013-08-10,0.0,0.0,0.0,0.0,0.0
2013-08-11,0.0,0.0,0.0,0.0,0.0
2013-08-12,0.0,0.0,0.0,0.0,0.0
2013-08-13,0.0,0.0,0.0,0.0,0.0
2013-08-14,0.0,0.0,0.0,0.0,0.0
2013-08-15,0.0,0.0,0.0,0.0,0.0
2013-08-16,0.0,0.0,0.0,0.0,0.0
2013-08-17,0.0,0.0,0.0,0.0,0.0
2013-08-18,0.0,0.0,0.0,0.0,0.0
2013-08-19,0.0,0.0,0.0,0.0,0.0
2013-08-20,0.0,0.0,0.0,0.0,0.0
2013-08-21,0.0,0.0,0.0,0.0,0.0
2013-08-22,0.0,0.0,0.0,0.0,0.0
2013-08-23,0.0,0.0,0.0,0.0,0.0
2013-08-24,0.0,0.0,0.0,0.0,0.0
2013-08-25,0.0,0.0,0.0,0.0,0.0
2013-08-26,0.0,0.0,0.0,0.0,0.0
2013-08-27,0.0,0.0,0.0,0.0,0.0
2013-08-28,0.0,0.0,0.0,0.0,0.0
2013-08-29,0.0,0.0,0.0,0.0,0.0
2013-08-30,0.0,0.0,0.0,0.0,0.0
2013-08-31,0.0,0.0,0.0,0.0,0.0
2013-09-01,0.0,0.0,0.0,0.0,0.0
2013-09-02,0.0,0.0,0.0,0.0,0.0
2013-09-03,0.0,0.0,0.0,0.0,0.0
2013-09-04,0.0,0.0,0.0,0.0,0.0
2013-09-05,0.0,0.0,0.0,0.0,0.0
2013-09-06,0.0,0.0,0.0,0.0,0.0
2013-09-07,0.0,0.0,0.0,0.0,0.0
2013-09-08,0.0,0.0,0.0,0.0,0.0
2013-09-09,0.0,0.0,0.0,0.0,0.0
2013-09-10,0.0,0.0,0.0,0.0,0.0
2013-09-11,0.0,0.0,0.0,0.0,0.0
2013-09-12,0.0,0.0,0.0,0.0,0.0
2013-09-13,0.0,0.0,0.0,0.0,0.0
2013-09-14,0.0,0.0,0.0,0.0,0.0
2013-09-15,0.0,0.0,0.0,0.0,0.0
2013-09-16,0.0,0.0,0.0,0.0,0.0
2013-09-17,0.0,0.0,0.0,0.0,0.0
2013-09-18,0.0,0.0,0.0,0.0,0.0
2013-09-19,0.0,0.0,0.0,0.0,0.0
2013-09-20,0.0,0.0,0.0,0.0,0.0
2013-09-21,2.572,223.49,20.15,79.33,124.01
2013-09-22,0.457,134.05,20.09,0.51,113.44
2013-09-23,0.064,70.02,19.63,0.0,50.4
2013-09-24,0.014,27.44,18.27,0.0,9.18
2013-09-25,0.006,17.55,16.17,0.0,1.38
2013-09-26,0.004,16.0,15.19,0.0,0.8
2013-09-27,0.003,15.77,15.01,0.0,0.8
2013-09-28,0.003,16.1,15.23,0.0,0.8
2013-09-29,0.002,15.64,14.85,0.0,0.8
2013-09-30,0.002,15.81,15.02,0.0,0.81
2013-10-01,0.002,15.75,14.93,0.0,0.8
2013-10-02,0.001,15.77,14.96,0.0,0.8
2013-10-03,0.001,16.12,15.38,0.0,0.81
2013-10-04,0.0,16.72,15.96,0.0,0.26
2013-10-05,0.0,14.47,13.58,0.0,0.8
2013-10-06,0.0,15.52,14.74,0.0,0.86
2013-10-07,0.0,15.66,14.45,0.0,0.79
2013-10-08,0.0,16.2,14.6,0.0,0.83
2013-10-09,0.0,13.68,14.18,0.0,0.82
2013-10-10,0.0,14.47,16.37,0.0,0.97
2013-10-11,0.0,11.57,11.75,0.0,0.74
2013-10-12,0.0,0.0,0.0,0.0,0.0
2013-10-13,0.0,0.0,0.0,0.0,0.0
2013-10-14,0.0,0.0,0.0,0.0,0.0
2013-10-15,0.0,0.0,0.0,0.0,0.0
2013-10-16,0.0,0.0,0.0,0.0,0.0
2013-10-17,0.0,0.0,0.0,0.0,0.0
2013-10-18,0.0,0.0,0.0,0.0,0.0
2013-10-19,0.0,0.0,0.0,0.0,0.0
2013-10-20,0.0,0.0,0.0,0.0,0.0
2013-10-21,0.0,0.0,0.0,0.0,0.0
2013-10-22,0.0,0.0,0.0,0.0,0.0
2013-10-23,0.0,0.0,0.0,0.0,0.0
2013-10-24,0.0,0.0,0.0,0.0,0.0
2013-10-25,0.0,0.0,0.0,0.0,0.0
2013-10-26,0.0,0.0,0.0,0.0,0.0
2013-10-27,0.0,0.0,0.0,0.0,0.0
2013-10-28,0.0,0.0,0.0,0.0,0.0
2013-10-29,0.0,0.0,0.0,0.0,0.0
2013-10-30,0.0,0.0,0.0,0.0,0.0
2013-10-31,0.0,0.0,0.0,0.0,0.0
2013-11-01,0.0,0.0,0.0,0.0,0.0
2013-11-02,0.0,0.0,0.0,0.0,0.0
2013-11-03,0.0,0.0,0.0,0.0,0.0
2013-11-04,0.0,0.0,0.0,0.0,0.0
2013-11-05,0.0,0.0,0.0,0.0,0.0
2013-11-06,0.0,0.0,0.0,0.0,0.0
2013-11-07,0.0,0.0,0.0,0.0,0.0
2013-11-08,0.0,0.0,0.0,0.0,0.0
2013-11-09,0.0,0.0,0.0,0.0,0.0
2013-11-10,0.0,0.0,0.0,0.0,0.0
2013-11-11,0.0,0.0,0.0,0.0,0.0
2013-11-12,0.0,0.0,0.0,0.0,0.0
2013-11-13,0.0,0.0,0.0,0.0,0.0
2013-11-14,0.0,0.0,0.0,0.0,0.0
2013-11-15,0.0,0.0,0.0,0.0,0.0
2013-11-16,0.0,0.0,0.0,0.0,0.0
2013-11-17,0.0,0.0,0.0,0.0,0.0
2013-11-18,0.0,0.0,0.0,0.0,0.0
2013-11-19,1.139,121.29,16.5,40.82,63.98
2013-11-20,3.361,143.2,20.45,45.74,77.01
2013-11-21,1.009,96.41,20.31,16.16,59.94
2013-11-22,0.122,60.07,19.91,0.0,40.17
2013-11-23,0.03,25.88,18.35,0.0,7.53
2013-11-24,0.017,17.74,16.6,0.0,1.15
2013-11-25,0.013,16.87,16.1,0.0,0.78
2013-11-26,0.011,16.75,15.99,0.0,0.77
2013-11-27,0.01,16.77,15.98,0.0,0.78
2013-11-28,0.009,16.77,16.0,0.0,0.78
2013-11-29,0.008,16.72,15.96,0.0,0.78
2013-11-30,0.007,16.77,15.99,0.0,0.78
2013-12-01,0.006,16.72,15.95,0.0,0.78
2013-12-02,0.005,16.81,16.04,0.0,0.77
2013-12-03,0.004,16.92,16.12,0.0,0.77
2013-12-04,0.004,16.62,15.88,0.0,0.78
2013-12-05,0.004,16.62,15.86,0.0,0.78
2013-12-06,0.707,134.38,13.9,44.06,76.42
2013-12-07,2.751,261.6,20.79,85.15,155.66
2013-12-08,0.32,154.89,19.79,0.0,135.09
2013-12-09,0.063,59.53,18.64,0.0,40.89
2013-12-10,0.025,21.22,16.68,0.0,4.54
2013-12-11,0.017,16.64,15.69,0.0,0.95
2013-12-12,0.015,16.22,15.42,0.0,0.79
2013-12-13,0.013,16.17,15.39,0.0,0.79
2013-12-14,0.011,16.2,15.42,0.0,0.79
2013-12-15,0.01,16.17,15.39,0.0,0.79
2013-12-16,0.008,16.22,15.44,0.0,0.78
2013-12-17,0.007,16.16,15.36,0.0,0.79
2013-12-18,0.007,16.07,15.28,0.0,0.8
2013-12-19,0.005,16.34,15.58,0.0,0.77
2013-12-20,0.004,16.19,15.41,0.0,0.78
2013-12-21,0.004,16.19,15.4,0.0,0.79
2013-12-22,0.004,16.16,15.37,0.0,0.79
2013-12-23,0.003,16.26,15.4,0.0,0.79
2013-12-24,0.003,16.18,15.39,0.0,0.79
2013-12-25,0.002,16.15,15.4,0.0,0.79
2013-12-26,0.002,16.13,15.38,0.0,0.78
2013-12-27,0.002,16.12,15.34,0.0,0.79
2013-12-28,0.002,16.25,15.46,0.0,0.8
2013-12-29,0.001,16.4,15.72,0.0,0.76
2013-12-30,0.001,16.02,15.29,0.0,0.78
2013-12-31,0.001,16.12,15.29,0.0,0.79
2014-01-01,0.001,16.2,15.37,0.0,0.78
2014-01-02,0.001,16.13,15.41,0.0,0.79
2014-01-03,0.0,16.4,15.68,0.0,0.8
2014-01-04,0.0,16.72,15.75,0.0,0.78
2014-01-05,0.0,20.25,19.14,0.0,0.62
2014-01-06,0.0,23.15,25.89,0.0,0.37
2014-01-07,0.0,14.47,16.94,0.01,0.9
2014-01-08,0.0,11.57,14.96,0.0,0.76
2014-01-09,0.0,0.0,0.0,0.0,0.0
2014-01-10,0.0,0.0,0.0,0.0,0.0
2014-01-11,0.0,0.0,0.0,0.0,0.0
2014-01-12,0.0,0.0,0.0,0.0,0.0
2014-01-13,0.0,0.0,0.0,0.0,0.0
2014-01-14,0.0,0.0,0.0,0.0,0.0
2014-01-15,0.0,0.0,0.0,0.0,0.0
2014-01-16,0.0,0.0,0.0,0.0,0.0
2014-01-17,0.0,0.0,0.0,0.0,0.0
2014-01-18,0.0,0.0,0.0,0.0,0.0
2014-01-19,0.0,0.0,0.0,0.0,0.0
2014-01-20,0.0,0.0,0.0,0.0,0.0
2014-01-21,0.0,0.0,0.0,0.0,0.0
2014-01-22,0.0,0.0,0.0,0.0,0.0
2014-01-23,0.0,0.0,0.0,0.0,0.0
2014-01-24,0.0,0.0,0.0,0.0,0.0
2014-01-25,0.0,0.0,0.0,0.0,0.0
2014-01-26,0.0,0.0,0.0,0.0,0.0
2014-01-27,0.0,0.0,0.0,0.0,0.0
2014-01-28,0.0,0.0,0.0,0.0,0.0
2014-01-29,0.0,0.0,0.0,0.0,0.0
2014-01-30,0.0,0.0,0.0,0.0,0.0
2014-01-31,0.0,0.0,0.0,0.0,0.0
2014-02-01,0.0,0.0,0.0,0.0,0.0
2014-02-02,0.822,70.61,19.36,10.29,40.96
2014-02-03,0.146,42.79,19.73,0.0,23.07
2014-02-04,0.02,25.83,19.41,0.0,6.42
2014-02-05,0.058,4.79,3.22,0.01,1.56
2014-02-06,3.756,166.51,20.24,56.28,89.99
2014-02-07,2.379,93.14,17.41,22.16,53.57
2014-02-08,5.773,105.41,18.85,33.92,52.65
2014-02-09,6.558,133.72,19.94,46.72,67.06
2014-02-10,1.74,59.0,17.13,11.21,30.65
2014-02-11,0.911,21.69,15.04,0.0,6.64
2014-02-12,0.688,15.89,14.44,0.0,1.45
2014-02-13,0.597,15.25,14.23,0.0,1.02
2014-02-14,0.528,15.21,14.23,0.0,0.98
2014-02-15,0.455,15.12,14.18,0.0,0.95
2014-02-16,0.384,15.01,14.1,0.0,0.91
2014-02-17,0.326,15.0,14.11,0.0,0.89
2014-02-18,0.268,15.0,14.13,0.0,0.87
2014-02-19,0.214,14.45,13.63,0.0,0.83
2014-02-20,0.194,14.57,13.74,0.0,0.83
2014-02-21,0.165,14.36,13.55,0.0,0.82
2014-02-22,0.141,14.09,13.28,0.0,0.81
2014-02-23,0.118,13.78,12.98,0.0,0.8
2014-02-24,0.099,13.55,12.76,0.0,0.79
2014-02-25,0.082,13.54,12.77,0.0,0.77
2014-02-26,2.356,107.58,18.03,31.6,57.95
2014-02-27,1.56,101.7,20.37,22.78,58.54
2014-02-28,4.354,149.2,19.48,50.3,79.42
2014-03-01,0.965,51.6,16.7,1.19,33.7
2014-03-02,0.581,19.58,14.52,0.0,5.06
2014-03-03,0.545,15.26,14.08,0.0,1.18
2014-03-04,0.467,15.07,14.1,0.0,0.98
2014-03-05,0.816,117.95,12.88,44.34,60.72
2014-03-06,1.478,214.72,20.43,54.37,139.92
2014-03-07,0.481,40.47,15.54,0.0,24.93
2014-03-08,0.36,16.99,14.6,0.0,2.38
2014-03-09,0.283,15.22,14.28,0.0,0.94
2014-03-10,0.201,14.54,13.71,0.0,0.83
2014-03-11,0.134,14.91,14.11,0.0,0.8
2014-03-12,0.024,13.74,13.31,0.0,0.43
2014-03-13,0.086,13.57,12.74,0.0,0.83
2014-03-14,0.085,13.44,12.66,0.0,0.78
2014-03-15,0.072,13.44,12.68,0.0,0.76
2014-03-16,0.056,13.53,12.78,0.0,0.75
2014-03-17,0.03,13.36,12.68,0.0,0.68
2014-03-18,0.016,13.26,12.63,0.0,0.63
2014-03-19,0.019,13.29,12.56,0.0,0.73
2014-03-20,0.014,13.3,12.6,0.0,0.68
2014-03-21,0.007,13.06,12.44,0.0,0.62
2014-03-22,0.004,13.1,12.52,0.0,0.59
2014-03-23,0.001,13.65,13.44,0.0,0.28
2014-03-24,0.0,13.23,13.95,0.0,0.09
2014-03-25,0.0,11.57,9.69,0.0,0.02
2014-03-26,1.329,91.95,19.07,18.07,54.8
2014-03-27,0.269,53.93,20.55,0.01,33.38
2014-03-28,0.045,30.05,19.34,0.0,10.71
2014-03-29,1.915,142.54,18.9,43.22,80.42
2014-03-30,0.409,94.14,19.94,0.06,74.13
2014-03-31,1.587,134.85,19.36,39.79,75.7
2014-04-01,2.535,103.91,19.06,26.48,58.36
2014-04-02,1.101,95.44,20.02,18.3,57.13
2014-04-03,0.237,42.11,18.19,0.0,23.92
2014-04-04,0.973,54.48,17.61,5.5,31.37
2014-04-05,0.264,24.71,17.08,0.0,7.62
2014-04-06,0.122,16.48,15.39,0.0,1.09
2014-04-07,0.077,15.3,14.53,0.0,0.77
2014-04-08,0.049,14.77,14.02,0.0,0.74
2014-04-09,0.026,15.01,14.3,0.0,0.71
2014-04-10,0.018,15.12,14.39,0.0,0.73
2014-04-11,0.011,15.58,14.84,0.0,0.72
2014-04-12,0.006,16.12,15.38,0.0,0.75
2014-04-13,0.004,16.32,15.54,0.0,0.77
2014-04-14,0.003,16.4,15.64,0.0,0.77
2014-04-15,0.002,16.49,15.72,0.0,0.78
2014-04-16,0.001,16.75,15.94,0.0,0.77
2014-04-17,0.001,17.21,16.44,0.0,0.76
2014-04-18,0.0,19.44,18.17,0.0,0.71
2014-04-19,0.0,18.52,20.5,0.0,0.48
2014-04-20,0.0,11.57,15.66,0.0,0.09
2014-04-21,0.0,0.0,0.0,0.0,0.0
2014-04-22,0.0,0.0,0.0,0.0,0.0
2014-04-23,0.0,0.0,0.0,0.0,0.0
2014-04-24,0.0,0.0,0.0,0.0,0.0
2014-04-25,1.525,77.58,18.37,15.43,43.79
2014-04-26,0.536,57.34,20.65,0.73,35.97
2014-04-27,0.061,28.71,18.57,0.0,10.15
2014-04-28,0.016,18.6,16.77,0.0,1.82
2014-04-29,0.007,16.04,15.23,0.0,0.8
2014-04-30,0.005,15.43,14.61,0.0,0.8
2014-05-01,0.003,15.27,14.44,0.0,0.81
2014-05-02,0.002,15.06,14.25,0.0,0.82
2014-05-03,0.001,14.85,13.94,0.0,0.82
2014-05-04,0.001,14.88,13.94,0.0,0.84
2014-05-05,0.0,14.88,14.09,0.0,0.86
2014-05-06,0.0,13.35,12.77,0.0,0.79
2014-05-07,0.0,14.73,14.08,0.0,0.88
2014-05-08,0.0,0.0,0.0,0.0,0.0
2014-05-09,0.0,0.0,0.0,0.0,0.0
2014-05-10,0.0,0.0,0.0,0.0,0.0
2014-05-11,0.0,0.0,0.0,0.0,0.0
2014-05-12,0.0,0.0,0.0,0.0,0.0
2014-05-13,0.0,0.0,0.0,0.0,0.0
2014-05-14,0.0,0.0,0.0,0.0,0.0
2014-05-15,0.0,0.0,0.0,0.0,0.0
2014-05-16,0.0,0.0,0.0,0.0,0.0
2014-05-17,0.0,0.0,0.0,0.0,0.0
2014-05-18,0.0,0.0,0.0,0.0,0.0
2014-05-19,0.0,0.0,0.0,0.0,0.0
2014-05-20,0.0,0.0,0.0,0.0,0.0
2014-05-21,0.0,0.0,0.0,0.0,0.0
2014-05-22,0.0,0.0,0.0,0.0,0.0
2014-05-23,0.0,0.0,0.0,0.0,0.0
2014-05-24,0.0,0.0,0.0,0.0,0.0
2014-05-25,0.0,0.0,0.0,0.0,0.0
2014-05-26,0.0,0.0,0.0,0.0,0.0
2014-05-27,0.0,0.0,0.0,0.0,0.0
2014-05-28,0.0,0.0,0.0,0.0,0.0
2014-05-29,0.0,0.0,0.0,0.0,0.0
2014-05-30,0.0,0.0,0.0,0.0,0.0
2014-05-31,0.0,0.0,0.0,0.0,0.0
2014-06-01,0.0,0.0,0.0,0.0,0.0
2014-06-02,0.0,0.0,0.0,0.0,0.0
2014-06-03,0.0,0.0,0.0,0.0,0.0
2014-06-04,0.0,0.0,0.0,0.0,0.0
2014-06-05,0.0,0.0,0.0,0.0,0.0
2014-06-06,0.0,0.0,0.0,0.0,0.0
2014-06-07,0.0,0.0,0.0,0.0,0.0
2014-06-08,0.0,0.0,0.0,0.0,0.0
2014-06-09,0.0,0.0,0.0,0.0,0.0
2014-06-10,0.0,0.0,0.0,0.0,0.0
2014-06-11,0.0,0.0,0.0,0.0,0.0
2014-06-12,0.0,0.0,0.0,0.0,0.0
2014-06-13,0.0,0.0,0.0,0.0,0.0
2014-06-14,0.0,0.0,0.0,0.0,0.0
2014-06-15,0.0,0.0,0.0,0.0,0.0
2014-06-16,0.0,0.0,0.0,0.0,0.0
2014-06-17,0.0,0.0,0.0,0.0,0.0
2014-06-18,0.0,0.0,0.0,0.0,0.0
2014-06-19,0.0,0.0,0.0,0.0,0.0
2014-06-20,0.0,0.0,0.0,0.0,0.0
2014-06-21,0.0,0.0,0.0,0.0,0.0
2014-06-22,0.0,0.0,0.0,0.0,0.0
2014-06-23,0.0,0.0,0.0,0.0,0.0
2014-06-24,0.0,0.0,0.0,0.0,0.0
2014-06-25,0.0,0.0,0.0,0.0,0.0
2014-06-26,0.0,0.0,0.0,0.0,0.0
2014-06-27,0.0,0.0,0.0,0.0,0.0
2014-06-28,0.0,0.0,0.0,0.0,0.0
2014-06-29,0.0,0.0,0.0,0.0,0.0
2014-06-30,0.0,0.0,0.0,0.0,0.0
2014-07-01,0.0,0.0,0.0,0.0,0.0
2014-07-02,0.0,0.0,0.0,0.0,0.0
2014-07-03,0.0,0.0,0.0,0.0,0.0
2014-07-04,0.0,0.0,0.0,0.0,0.0
2014-07-05,0.0,0.0,0.0,0.0,0.0
2014-07-06,0.0,0.0,0.0,0.0,0.0
2014-07-07,0.0,0.0,0.0,0.0,0.0
2014-07-08,0.0,0.0,0.0,0.0,0.0
2014-07-09,0.0,0.0,0.0,0.0,0.0
2014-07-10,0.0,0.0,0.0,0.0,0.0
2014-07-11,0.0,0.0,0.0,0.0,0.0
2014-07-12,0.0,0.0,0.0,0.0,0.0
2014-07-13,0.0,0.0,0.0,0.0,0.0
2014-07-14,0.0,0.0,0.0,0.0,0.0
2014-07-15,0.0,0.0,0.0,0.0,0.0
2014-07-16,0.0,0.0,0.0,0.0,0.0
2014-07-17,0.0,0.0,0.0,0.0,0.0
2014-07-18,0.0,0.0,0.0,0.0,0.0
2014-07-19,0.0,0.0,0.0,0.0,0.0
2014-07-20,0.0,0.0,0.0,0.0,0.0
2014-07-21,0.0,0.0,0.0,0.0,0.0
2014-07-22,0.0,0.0,0.0,0.0,0.0
2014-07-23,0.0,0.0,0.0,0.0,0.0
2014-07-24,0.0,0.0,0.0,0.0,0.0
2014-07-25,0.0,0.0,0.0,0.0,0.0
2014-07-26,0.0,0.0,0.0,0.0,0.0
2014-07-27,0.0,0.0,0.0,0.0,0.0
2014-07-28,0.0,0.0,0.0,0.0,0.0
2014-07-29,0.0,0.0,0.0,0.0,0.0
2014-07-30,0.0,0.0,0.0,0.0,0.0
2014-07-31,0.0,0.0,0.0,0.0,0.0
2014-08-01,0.0,0.0,0.0,0.0,0.0
2014-08-02,0.0,0.0,0.0,0.0,0.0
2014-08-03,0.0,0.0,0.0,0.0,0.0
2014-08-04,0.0,0.0,0.0,0.0,0.0
2014-08-05,0.0,0.0,0.0,0.0,0.0
2014-08-06,0.0,0.0,0.0,0.0,0.0
2014-08-07,0.0,0.0,0.0,0.0,0.0
2014-08-08,0.0,0.0,0.0,0.0,0.0
2014-08-09,0.0,0.0,0.0,0.0,0.0
2014-08-10,0.0,0.0,0.0,0.0,0.0
2014-08-11,0.0,0.0,0.0,0.0,0.0
2014-08-12,0.0,0.0,0.0,0.0,0.0
2014-08-13,0.0,0.0,0.0,0.0,0.0
2014-08-14,0.0,0.0,0.0,0.0,0.0
2014-08-15,0.0,0.0,0.0,0.0,0.0
2014-08-16,0.0,0.0,0.0,0.0,0.0
2014-08-17,0.0,0.0,0.0,0.0,0.0
2014-08-18,0.0,0.0,0.0,0.0,0.0
2014-08-19,0.0,0.0,0.0,0.0,0.0
2014-08-20,0.0,0.0,0.0,0.0,0.0
2014-08-21,0.0,0.0,0.0,0.0,0.0
2014-08-22,0.0,0.0,0.0,0.0,0.0
2014-08-23,0.0,0.0,0.0,0.0,0.0
2014-08-24,0.0,0.0,0.0,0.0,0.0
2014-08-25,0.0,0.0,0.0,0.0,0.0
2014-08-26,0.0,0.0,0.0,0.0,0.0
2014-08-27,0.0,0.0,0.0,0.0,0.0
2014-08-28,0.0,0.0,0.0,0.0,0.0
2014-08-29,0.0,0.0,0.0,0.0,0.0
2014-08-30,0.0,0.0,0.0,0.0,0.0
2014-08-31,0.0,0.0,0.0,0.0,0.0
2014-09-01,0.0,0.0,0.0,0.0,0.0
2014-09-02,0.0,0.0,0.0,0.0,0.0
2014-09-03,0.0,0.0,0.0,0.0,0.0
2014-09-04,0.0,0.0,0.0,0.0,0.0
2014-09-05,0.0,0.0,0.0,0.0,0.0
2014-09-06,0.0,0.0,0.0,0.0,0.0
2014-09-07,0.0,0.0,0.0,0.0,0.0
2014-09-08,0.0,0.0,0.0,0.0,0.0
2014-09-09,0.0,0.0,0.0,0.0,0.0
2014-09-10,0.0,0.0,0.0,0.0,0.0
2014-09-11,0.0,0.0,0.0,0.0,0.0
2014-09-12,0.0,0.0,0.0,0.0,0.0
2014-09-13,0.0,0.0,0.0,0.0,0.0
2014-09-14,0.0,0.0,0.0,0.0,0.0
2014-09-15,0.0,0.0,0.0,0.0,0.0
2014-09-16,0.0,0.0,0.0,0.0,0.0
2014-09-17,0.0,0.0,0.0,0.0,0.0
2014-09-18,0.0,0.0,0.0,0.0,0.0
2014-09-19,0.0,0.0,0.0,0.0,0.0
2014-09-20,0.0,0.0,0.0,0.0,0.0
2014-09-21,0.0,0.0,0.0,0.0,0.0
2014-09-22,0.0,0.0,0.0,0.0,0.0
2014-09-23,0.0,0.0,0.0,0.0,0.0
2014-09-24,0.0,0.0,0.0,0.0,0.0
2014-09-25,0.982,92.8,20.32,14.84,57.64
2014-09-26,0.11,55.9,20.18,0.0,35.72
2014-09-27,0.016,30.22,20.14,0.0,10.08
2014-09-28,0.003,21.36,19.31,0.0,2.02
2014-09-29,0.001,18.27,17.65,0.0,0.71
2014-09-30,0.001,17.66,16.81,0.0,0.7
2014-10-01,0.0,18.76,18.09,0.0,0.7
2014-10-02,0.0,19.84,19.07,0.0,0.68
2014-10-03,0.0,19.29,22.26,0.0,0.46
2014-10-04,0.0,23.15,27.54,0.0,0.73
2014-10-05,0.0,0.0,0.0,0.0,0.0
2014-10-06,0.0,0.0,0.0,0.0,0.0
2014-10-07,0.0,0.0,0.0,0.0,0.0
2014-10-08,0.0,0.0,0.0,0.0,0.0
2014-10-09,0.0,0.0,0.0,0.0,0.0
2014-10-10,0.0,0.0,0.0,0.0,0.0
2014-10-11,0.0,0.0,0.0,0.0,0.0
2014-10-12,0.0,0.0,0.0,0.0,0.0
2014-10-13,0.0,0.0,0.0,0.0,0.0
2014-10-14,0.0,0.0,0.0,0.0,0.0
2014-10-15,0.073,31.72,13.83,0.2,17.69
2014-10-16,0.009,20.53,16.53,0.0,3.99
2014-10-17,0.001,17.43,16.54,0.0,0.92
2014-10-18,0.0,15.43,15.42,0.0,0.5
2014-10-19,0.0,11.57,11.84,0.0,0.49
2014-10-20,0.0,23.15,17.91,0.0,0.79
2014-10-21,0.0,0.0,0.0,0.0,0.0
2014-10-22,0.0,0.0,0.0,0.0,0.0
2014-10-23,0.0,0.0,0.0,0.0,0.0
2014-10-24,0.0,0.0,0.0,0.0,0.0
2014-10-25,0.847,96.42,19.71,16.42,60.28
2014-10-26,0.1,51.03,20.02,0.0,31.01
2014-10-27,0.015,27.93,19.77,0.0,8.17
2014-10-28,0.003,20.08,18.48,0.0,1.61
2014-10-29,0.001,17.1,16.32,0.0,0.71
2014-10-30,0.001,16.59,15.75,0.0,0.76
2014-10-31,0.828,105.14,18.98,21.0,65.15
2014-11-01,0.148,56.15,20.03,0.0,36.12
2014-11-02,0.021,29.37,19.48,0.0,9.89
2014-11-03,0.005,19.62,17.84,0.0,1.79
2014-11-04,0.003,16.76,15.94,0.0,0.77
2014-11-05,0.002,15.89,15.1,0.0,0.77
2014-11-06,0.002,15.83,15.03,0.0,0.79
2014-11-07,0.001,15.8,15.0,0.0,0.8
2014-11-08,0.001,15.76,14.91,0.0,0.8
2014-11-09,0.001,15.66,14.91,0.0,0.8
2014-11-10,0.001,15.74,14.93,0.0,0.8
2014-11-11,0.001,15.71,14.83,0.0,0.79
2014-11-12,0.001,15.87,15.08,0.0,0.81
2014-11-13,0.076,28.56,19.11,0.02,9.44
2014-11-14,0.008,19.83,18.11,0.0,1.72
2014-11-15,0.002,17.17,16.49,0.0,0.61
2014-11-16,0.001,15.91,15.3,0.0,0.7
2014-11-17,0.0,15.55,14.64,0.0,0.76
2014-11-18,0.0,13.68,12.85,0.0,0.73
2014-11-19,0.044,27.62,17.17,0.01,10.44
2014-11-20,1.432,117.72,19.06,31.35,67.31
2014-11-21,0.523,86.55,20.71,2.4,63.44
2014-11-22,1.412,73.29,17.79,10.6,44.9
2014-11-23,0.218,47.69,19.39,0.0,28.31
2014-11-24,0.042,25.13,18.22,0.0,6.91
2014-11-25,0.017,17.41,16.21,0.0,1.2
2014-11-26,0.012,15.99,15.21,0.0,0.78
2014-11-27,0.01,15.78,14.99,0.0,0.79
2014-11-28,0.011,15.73,13.24,0.0,2.49
2014-11-29,0.344,43.54,14.48,1.88,27.18
2014-11-30,2.299,165.68,18.43,44.0,103.25
2014-12-01,0.466,62.89,20.8,0.03,42.06
2014-12-02,7.194,251.76,22.42,94.51,134.83
2014-12-03,7.67,212.56,21.83,78.84,111.89
2014-12-04,3.339,94.34,18.34,28.31,47.7
2014-12-05,1.189,29.11,16.19,0.01,12.92
2014-12-06,2.743,99.9,17.1,28.12,54.67
2014-12-07,1.322,21.91,15.58,0.01,6.33
2014-12-08,1.08,16.7,15.19,0.0,1.5
2014-12-09,1.022,16.23,15.15,0.0,1.08
2014-12-10,0.854,16.33,15.28,0.0,1.04
2014-12-11,19.85,857.01,26.67,357.41,472.93
2014-12-12,17.484,157.07,22.26,58.04,76.76
2014-12-13,11.466,29.36,18.74,4.57,6.05
2014-12-14,8.903,20.4,17.4,1.28,1.71
2014-12-15,16.951,105.96,20.69,36.82,48.45
2014-12-16,19.874,338.84,22.14,136.7,179.99
2014-12-17,19.897,148.67,21.92,54.72,72.02
2014-12-18,16.181,27.61,20.45,3.09,4.07
2014-12-19,20.455,411.26,22.09,168.01,221.16
2014-12-20,17.661,47.02,21.01,11.23,14.78
2014-12-21,13.904,22.53,19.53,1.29,1.7
2014-12-22,11.345,20.67,18.59,0.9,1.18
2014-12-23,9.37,19.72,17.71,0.87,1.14
2014-12-24,7.845,18.92,16.91,0.86,1.14
2014-12-25,6.459,18.46,16.47,0.85,1.14
2014-12-26,5.344,18.48,16.55,0.79,1.14
2014-12-27,4.555,18.41,16.63,0.64,1.14
2014-12-28,3.852,18.4,16.71,0.56,1.14
2014-12-29,3.256,18.36,16.79,0.43,1.14
2014-12-30,2.467,18.27,16.94,0.19,1.14
2014-12-31,1.756,18.04,16.92,0.01,1.11
2015-01-01,1.721,18.18,17.06,0.01,1.11
2015-01-02,1.521,18.23,17.13,0.0,1.1
2015-01-03,1.292,18.29,17.22,0.0,1.07
2015-01-04,1.097,18.35,17.32,0.0,1.03
2015-01-05,0.855,18.39,17.42,0.0,0.97
2015-01-06,0.677,18.41,17.49,0.0,0.92
2015-01-07,0.562,18.5,17.61,0.0,0.89
2015-01-08,0.481,18.59,17.71,0.0,0.87
2015-01-09,0.419,18.71,17.85,0.0,0.86
2015-01-10,0.357,18.8,17.95,0.0,0.85
2015-01-11,0.296,18.87,18.04,0.0,0.83
2015-01-12,0.251,18.99,18.17,0.0,0.83
2015-01-13,0.2,19.25,18.44,0.0,0.81
2015-01-14,0.152,19.46,18.65,0.0,0.8
2015-01-15,0.111,19.99,19.2,0.0,0.79
2015-01-16,0.073,20.63,19.85,0.0,0.78
2015-01-17,0.05,20.7,19.91,0.0,0.78
2015-01-18,0.053,20.85,20.04,0.0,0.81
2015-01-19,0.036,21.61,20.83,0.0,0.78
2015-01-20,0.024,22.07,21.3,0.0,0.78
2015-01-21,0.016,22.89,22.12,0.0,0.77
2015-01-22,0.009,24.06,23.3,0.0,0.75
2015-01-23,0.004,26.15,25.37,0.0,0.74
2015-01-24,0.001,26.66,26.06,0.0,0.57
2015-01-25,0.0,20.25,20.17,0.0,0.08
2015-01-26,0.0,23.15,25.4,0.0,0.02
2015-01-27,0.0,0.0,0.0,0.0,0.0
2015-01-28,0.0,0.0,0.0,0.0,0.0
2015-01-29,0.0,0.0,0.0,0.0,0.0
2015-01-30,0.0,0.0,0.0,0.0,0.0
2015-01-31,0.0,0.0,0.0,0.0,0.0
2015-02-01,0.0,0.0,0.0,0.0,0.0
2015-02-02,0.0,0.0,0.0,0.0,0.0
2015-02-03,0.0,0.0,0.0,0.0,0.0
2015-02-04,0.0,0.0,0.0,0.0,0.0
2015-02-05,0.0,0.0,0.0,0.0,0.0
2015-02-06,4.423,195.11,19.81,71.14,104.16
2015-02-07,3.496,115.67,19.61,35.76,60.31
2015-02-08,7.841,171.26,20.46,63.56,87.24
2015-02-09,5.271,61.07,17.38,18.39,25.3
2015-02-10,3.825,22.06,16.29,0.97,4.8
2015-02-11,3.184,18.43,16.18,0.54,1.71
2015-02-12,2.702,17.84,16.19,0.43,1.22
2015-02-13,2.321,17.56,16.21,0.21,1.14
2015-02-14,1.985,17.39,16.24,0.03,1.11
2015-02-15,1.684,17.37,16.26,0.01,1.09
2015-02-16,1.434,17.38,16.3,0.01,1.07
2015-02-17,1.244,17.4,16.33,0.0,1.06
2015-02-18,1.074,17.45,16.4,0.0,1.04
2015-02-19,0.929,17.5,16.48,0.0,1.02
2015-02-20,0.798,17.53,16.55,0.0,0.98
2015-02-21,0.669,17.54,16.6,0.0,0.94
2015-02-22,0.456,17.99,17.09,0.0,0.89
2015-02-23,0.206,18.19,17.43,0.0,0.76
2015-02-24,0.302,17.7,16.83,0.0,0.87
2015-02-25,0.295,17.64,16.79,0.0,0.85
2015-02-26,0.237,17.7,16.88,0.0,0.83
2015-02-27,0.178,17.8,16.98,0.0,0.81
2015-02-28,0.139,17.76,16.95,0.0,0.8
2015-03-01,0.123,17.84,17.03,0.0,0.81
2015-03-02,0.097,17.94,17.15,0.0,0.8
2015-03-03,0.073,18.07,17.28,0.0,0.79
2015-03-04,0.049,18.29,17.51,0.0,0.78
2015-03-05,0.027,18.84,18.07,0.0,0.76
2015-03-06,0.007,21.04,20.35,0.0,0.68
2015-03-07,0.001,18.78,18.75,0.0,0.22
2015-03-08,0.0,16.53,16.94,0.0,0.03
2015-03-09,0.0,11.57,16.47,0.0,0.01
2015-03-10,0.0,0.0,0.0,0.0,0.0
2015-03-11,0.0,0.0,0.0,0.0,0.0
2015-03-12,0.0,0.0,0.0,0.0,0.0
2015-03-13,0.0,0.0,0.0,0.0,0.0
2015-03-14,0.0,0.0,0.0,0.0,0.0
2015-03-15,0.0,0.0,0.0,0.0,0.0
2015-03-16,0.0,0.0,0.0,0.0,0.0
2015-03-17,0.0,0.0,0.0,0.0,0.0
2015-03-18,0.0,0.0,0.0,0.0,0.0
2015-03-19,0.0,0.0,0.0,0.0,0.0
2015-03-20,0.0,0.0,0.0,0.0,0.0
2015-03-21,0.0,0.0,0.0,0.0,0.0
2015-03-22,0.0,0.0,0.0,0.0,0.0
2015-03-23,0.0,0.0,0.0,0.0,0.0
2015-03-24,0.0,0.0,0.0,0.0,0.0
2015-03-25,0.0,0.0,0.0,0.0,0.0
2015-03-26,0.0,0.0,0.0,0.0,0.0
2015-03-27,0.0,0.0,0.0,0.0,0.0
2015-03-28,0.0,0.0,0.0,0.0,0.0
2015-03-29,0.0,0.0,0.0,0.0,0.0
2015-03-30,0.0,0.0,0.0,0.0,0.0
2015-03-31,0.0,0.0,0.0,0.0,0.0
2015-04-01,0.0,0.0,0.0,0.0,0.0
2015-04-02,0.0,0.0,0.0,0.0,0.0
2015-04-03,0.0,0.0,0.0,0.0,0.0
2015-04-04,0.0,0.0,0.0,0.0,0.0
2015-04-05,0.0,0.0,0.0,0.0,0.0
2015-04-06,0.0,0.0,0.0,0.0,0.0
2015-04-07,3.033,176.83,19.73,56.27,100.83
2015-04-08,0.311,85.53,19.2,0.0,66.33
2015-04-09,0.058,36.56,17.95,0.0,18.61
2015-04-10,0.02,18.64,16.07,0.0,2.57
2015-04-11,0.012,15.67,14.8,0.0,0.87
2015-04-12,0.009,15.34,14.55,0.0,0.8
2015-04-13,0.007,15.35,14.54,0.0,0.8
2015-04-14,0.005,15.26,14.45,0.0,0.81
2015-04-15,0.004,15.25,14.46,0.0,0.81
2015-04-16,0.003,15.32,14.5,0.0,0.81
2015-04-17,0.003,15.4,14.57,0.0,0.81
2015-04-18,0.002,15.3,14.48,0.0,0.8
2015-04-19,0.002,15.3,14.51,0.0,0.81
2015-04-20,0.001,15.29,14.43,0.0,0.81
2015-04-21,0.001,14.99,14.27,0.0,0.81
2015-04-22,0.001,14.94,14.2,0.0,0.81
2015-04-23,0.0,15.51,14.38,0.0,0.83
2015-04-24,0.143,51.44,8.46,18.56,24.42
2015-04-25,1.578,189.13,21.03,48.25,119.85
2015-04-26,0.12,90.32,19.98,0.0,70.34
2015-04-27,0.021,37.14,19.39,0.0,17.74
2015-04-28,0.006,20.39,17.64,0.0,2.74
2015-04-29,0.003,16.89,16.03,0.0,0.84
2015-04-30,0.002,16.28,15.52,0.0,0.77
2015-05-01,0.002,16.37,15.57,0.0,0.79
2015-05-02,0.001,16.44,15.55,0.0,0.77
2015-05-03,0.001,16.14,15.62,0.0,0.78
2015-05-04,0.001,16.2,15.68,0.0,0.77
2015-05-05,0.0,16.84,16.18,0.0,0.77
2015-05-06,0.0,16.92,16.98,0.0,0.71
2015-05-07,0.0,17.36,18.78,0.0,0.36
2015-05-08,0.0,0.0,0.0,0.0,0.0
2015-05-09,0.0,0.0,0.0,0.0,0.0
2015-05-10,0.0,0.0,0.0,0.0,0.0
2015-05-11,0.0,0.0,0.0,0.0,0.0
2015-05-12,0.0,0.0,0.0,0.0,0.0
2015-05-13,0.0,0.0,0.0,0.0,0.0
2015-05-14,0.0,0.0,0.0,0.0,0.0
2015-05-15,0.0,0.0,0.0,0.0,0.0
2015-05-16,0.0,0.0,0.0,0.0,0.0
2015-05-17,0.0,0.0,0.0,0.0,0.0
2015-05-18,0.0,0.0,0.0,0.0,0.0
2015-05-19,0.0,0.0,0.0,0.0,0.0
2015-05-20,0.0,0.0,0.0,0.0,0.0
2015-05-21,0.0,0.0,0.0,0.0,0.0
2015-05-22,0.0,0.0,0.0,0.0,0.0
2015-05-23,0.0,0.0,0.0,0.0,0.0
2015-05-24,0.0,0.0,0.0,0.0,0.0
2015-05-25,0.0,0.0,0.0,0.0,0.0
2015-05-26,0.0,0.0,0.0,0.0,0.0
2015-05-27,0.0,0.0,0.0,0.0,0.0
2015-05-28,0.0,0.0,0.0,0.0,0.0
2015-05-29,0.0,0.0,0.0,0.0,0.0
2015-05-30,0.0,0.0,0.0,0.0,0.0
2015-05-31,0.0,0.0,0.0,0.0,0.0
2015-06-01,0.0,0.0,0.0,0.0,0.0
2015-06-02,0.0,0.0,0.0,0.0,0.0
2015-06-03,0.0,0.0,0.0,0.0,0.0
2015-06-04,0.0,0.0,0.0,0.0,0.0
2015-06-05,0.0,0.0,0.0,0.0,0.0
2015-06-06,0.0,0.0,0.0,0.0,0.0
2015-06-07,0.0,0.0,0.0,0.0,0.0
2015-06-08,0.0,0.0,0.0,0.0,0.0
2015-06-09,0.0,0.0,0.0,0.0,0.0
2015-06-10,0.125,44.4,24.21,0.18,20.01
2015-06-11,0.041,30.39,21.5,0.0,8.89
2015-06-12,0.006,22.89,20.72,0.0,2.18
2015-06-13,0.001,21.22,20.73,0.0,0.48
2015-06-14,0.0,20.98,21.18,0.0,0.11
2015-06-15,0.0,19.29,18.1,0.0,0.02
2015-06-16,0.0,0.0,0.0,0.0,0.0
2015-06-17,0.0,0.0,0.0,0.0,0.0
2015-06-18,0.0,0.0,0.0,0.0,0.0
2015-06-19,0.0,0.0,0.0,0.0,0.0
2015-06-20,0.0,0.0,0.0,0.0,0.0
2015-06-21,0.0,0.0,0.0,0.0,0.0
2015-06-22,0.0,0.0,0.0,0.0,0.0
2015-06-23,0.0,0.0,0.0,0.0,0.0
2015-06-24,0.0,0.0,0.0,0.0,0.0
2015-06-25,0.0,0.0,0.0,0.0,0.0
2015-06-26,0.0,0.0,0.0,0.0,0.0
2015-06-27,0.0,0.0,0.0,0.0,0.0
2015-06-28,0.0,0.0,0.0,0.0,0.0
2015-06-29,0.0,0.0,0.0,0.0,0.0
2015-06-30,0.0,0.0,0.0,0.0,0.0
2015-07-01,0.0,0.0,0.0,0.0,0.0
2015-07-02,0.0,0.0,0.0,0.0,0.0
2015-07-03,0.0,0.0,0.0,0.0,0.0
2015-07-04,0.0,0.0,0.0,0.0,0.0
2015-07-05,0.0,0.0,0.0,0.0,0.0
2015-07-06,0.0,0.0,0.0,0.0,0.0
2015-07-07,0.0,0.0,0.0,0.0,0.0
2015-07-08,0.0,0.0,0.0,0.0,0.0
2015-07-09,0.0,0.0,0.0,0.0,0.0
2015-07-10,0.0,0.0,0.0,0.0,0.0
2015-07-11,0.0,0.0,0.0,0.0,0.0
2015-07-12,0.0,0.0,0.0,0.0,0.0
2015-07-13,0.0,0.0,0.0,0.0,0.0
2015-07-14,0.0,0.0,0.0,0.0,0.0
2015-07-15,0.0,0.0,0.0,0.0,0.0
2015-07-16,0.0,0.0,0.0,0.0,0.0
2015-07-17,0.0,0.0,0.0,0.0,0.0
2015-07-18,0.0,0.0,0.0,0.0,0.0
2015-07-19,0.0,0.0,0.0,0.0,0.0
2015-07-20,0.0,0.0,0.0,0.0,0.0
2015-07-21,0.0,0.0,0.0,0.0,0.0
2015-07-22,0.0,0.0,0.0,0.0,0.0
2015-07-23,0.0,0.0,0.0,0.0,0.0
2015-07-24,0.0,0.0,0.0,0.0,0.0
2015-07-25,0.0,0.0,0.0,0.0,0.0
2015-07-26,0.0,0.0,0.0,0.0,0.0
2015-07-27,0.0,0.0,0.0,0.0,0.0
2015-07-28,0.0,0.0,0.0,0.0,0.0
2015-07-29,0.0,0.0,0.0,0.0,0.0
2015-07-30,0.0,0.0,0.0,0.0,0.0
2015-07-31,0.0,0.0,0.0,0.0,0.0
2015-08-01,0.0,0.0,0.0,0.0,0.0
2015-08-02,0.0,0.0,0.0,0.0,0.0
2015-08-03,0.0,0.0,0.0,0.0,0.0
2015-08-04,0.0,0.0,0.0,0.0,0.0
2015-08-05,0.0,0.0,0.0,0.0,0.0
2015-08-06,0.0,0.0,0.0,0.0,0.0
2015-08-07,0.0,0.0,0.0,0.0,0.0
2015-08-08,0.0,0.0,0.0,0.0,0.0
2015-08-09,0.0,0.0,0.0,0.0,0.0
2015-08-10,0.0,0.0,0.0,0.0,0.0
2015-08-11,0.0,0.0,0.0,0.0,0.0
2015-08-12,0.0,0.0,0.0,0.0,0.0
2015-08-13,0.0,0.0,0.0,0.0,0.0
2015-08-14,0.0,0.0,0.0,0.0,0.0
2015-08-15,0.0,0.0,0.0,0.0,0.0
2015-08-16,0.0,0.0,0.0,0.0,0.0
2015-08-17,0.0,0.0,0.0,0.0,0.0
2015-08-18,0.0,0.0,0.0,0.0,0.0
2015-08-19,0.0,0.0,0.0,0.0,0.0
2015-08-20,0.0,0.0,0.0,0.0,0.0
2015-08-21,0.0,0.0,0.0,0.0,0.0
2015-08-22,0.0,0.0,0.0,0.0,0.0
2015-08-23,0.0,0.0,0.0,0.0,0.0
2015-08-24,0.0,0.0,0.0,0.0,0.0
2015-08-25,0.0,0.0,0.0,0.0,0.0
2015-08-26,0.0,0.0,0.0,0.0,0.0
2015-08-27,0.0,0.0,0.0,0.0,0.0
2015-08-28,0.0,0.0,0.0,0.0,0.0
2015-08-29,0.0,0.0,0.0,0.0,0.0
2015-08-30,0.0,0.0,0.0,0.0,0.0
2015-08-31,0.0,0.0,0.0,0.0,0.0
2015-09-01,0.0,0.0,0.0,0.0,0.0
2015-09-02,0.0,0.0,0.0,0.0,0.0
2015-09-03,0.0,0.0,0.0,0.0,0.0
2015-09-04,0.0,0.0,0.0,0.0,0.0
2015-09-05,0.0,0.0,0.0,0.0,0.0
2015-09-06,0.0,0.0,0.0,0.0,0.0
2015-09-07,0.0,0.0,0.0,0.0,0.0
2015-09-08,0.0,0.0,0.0,0.0,0.0
2015-09-09,0.0,0.0,0.0,0.0,0.0
2015-09-10,0.0,0.0,0.0,0.0,0.0
2015-09-11,0.0,0.0,0.0,0.0,0.0
2015-09-12,0.0,0.0,0.0,0.0,0.0
2015-09-13,0.0,0.0,0.0,0.0,0.0
2015-09-14,0.0,0.0,0.0,0.0,0.0
2015-09-15,0.0,0.0,0.0,0.0,0.0
2015-09-16,0.0,0.0,0.0,0.0,0.0
2015-09-17,0.0,0.0,0.0,0.0,0.0
2015-09-18,0.0,0.0,0.0,0.0,0.0
2015-09-19,0.0,0.0,0.0,0.0,0.0
2015-09-20,0.0,0.0,0.0,0.0,0.0
2015-09-21,0.0,0.0,0.0,0.0,0.0
2015-09-22,0.0,0.0,0.0,0.0,0.0
2015-09-23,0.0,0.0,0.0,0.0,0.0
2015-09-24,0.0,0.0,0.0,0.0,0.0
2015-09-25,0.0,0.0,0.0,0.0,0.0
2015-09-26,0.0,0.0,0.0,0.0,0.0
2015-09-27,0.0,0.0,0.0,0.0,0.0
2015-09-28,0.0,0.0,0.0,0.0,0.0
2015-09-29,0.0,0.0,0.0,0.0,0.0
2015-09-30,0.0,0.0,0.0,0.0,0.0
2015-10-01,0.0,0.0,0.0,0.0,0.0
2015-10-02,0.0,0.0,0.0,0.0,0.0
2015-10-03,0.0,0.0,0.0,0.0,0.0
2015-10-04,0.001,22.16,13.14,0.03,8.92
2015-10-05,0.0,23.15,20.54,0.0,0.94
2015-10-06,0.0,0.0,0.0,0.0,0.0
2015-10-07,0.0,0.0,0.0,0.0,0.0
2015-10-08,0.0,0.0,0.0,0.0,0.0
2015-10-09,0.0,0.0,0.0,0.0,0.0
2015-10-10,0.0,0.0,0.0,0.0,0.0
2015-10-11,0.0,0.0,0.0,0.0,0.0
2015-10-12,0.0,0.0,0.0,0.0,0.0
2015-10-13,0.0,0.0,0.0,0.0,0.0
2015-10-14,0.0,0.0,0.0,0.0,0.0
2015-10-15,0.0,0.0,0.0,0.0,0.0
2015-10-16,0.0,0.0,0.0,0.0,0.0
2015-10-17,0.0,0.0,0.0,0.0,0.0
2015-10-18,0.0,0.0,0.0,0.0,0.0
2015-10-19,0.0,0.0,0.0,0.0,0.0
2015-10-20,0.0,0.0,0.0,0.0,0.0
2015-10-21,0.0,0.0,0.0,0.0,0.0
2015-10-22,0.0,0.0,0.0,0.0,0.0
2015-10-23,0.0,0.0,0.0,0.0,0.0
2015-10-24,0.0,0.0,0.0,0.0,0.0
2015-10-25,0.0,0.0,0.0,0.0,0.0
2015-10-26,0.0,0.0,0.0,0.0,0.0
2015-10-27,0.0,0.0,0.0,0.0,0.0
2015-10-28,0.0,0.0,0.0,0.0,0.0
2015-10-29,0.0,0.0,0.0,0.0,0.0
2015-10-30,0.0,0.0,0.0,0.0,0.0
2015-10-31,0.0,0.0,0.0,0.0,0.0
2015-11-01,0.004,82.03,18.66,27.36,36.02
2015-11-02,2.691,118.35,19.64,35.22,63.49
2015-11-03,0.42,76.63,20.3,0.1,56.23
2015-11-04,0.06,44.22,19.74,0.0,24.48
2015-11-05,0.015,22.67,18.38,0.0,4.29
2015-11-06,0.007,17.66,16.72,0.0,0.92
2015-11-07,0.005,16.8,16.04,0.0,0.76
2015-11-08,0.005,16.69,15.93,0.0,0.77
2015-11-09,1.535,133.89,19.14,33.6,81.16
2015-11-10,0.273,88.96,20.06,0.0,68.9
2015-11-11,0.045,41.37,19.28,0.0,22.09
2015-11-12,0.014,20.63,17.55,0.0,3.07
2015-11-13,0.009,17.16,16.31,0.0,0.85
2015-11-14,0.007,16.74,15.96,0.0,0.77
2015-11-15,0.968,80.9,18.99,10.49,51.42
2015-11-16,0.129,51.29,19.97,0.0,31.32
2015-11-17,0.026,25.55,18.74,0.0,6.81
2015-11-18,0.011,18.08,16.93,0.0,1.16
2015-11-19,0.008,16.86,16.09,0.0,0.77
2015-11-20,0.006,16.68,15.92,0.0,0.77
2015-11-21,0.005,16.68,15.89,0.0,0.77
2015-11-22,0.005,16.56,15.79,0.0,0.78
2015-11-23,0.004,16.59,15.81,0.0,0.78
2015-11-24,0.045,33.0,18.11,0.01,14.87
2015-11-25,0.023,26.97,20.0,0.0,6.97
2015-11-26,0.006,19.66,18.33,0.0,1.31
2015-11-27,0.003,17.63,16.95,0.0,0.7
2015-11-28,0.002,17.1,16.33,0.0,0.74
2015-11-29,0.002,16.68,15.94,0.0,0.76
2015-11-30,0.002,16.82,16.09,0.0,0.78
2015-12-01,0.001,16.92,16.16,0.0,0.76
2015-12-02,0.001,17.03,16.24,0.0,0.76
2015-12-03,0.56,62.73,18.61,0.45,43.67
2015-12-04,0.248,61.0,20.49,0.0,40.51
2015-12-05,0.034,34.64,19.92,0.0,14.73
2015-12-06,0.008,21.44,18.73,0.0,2.7
2015-12-07,0.004,17.76,16.97,0.0,0.79
2015-12-08,0.003,17.1,16.35,0.0,0.73
2015-12-09,0.002,16.84,16.13,0.0,0.75
2015-12-10,0.348,42.66,18.79,0.14,23.72
2015-12-11,1.328,111.57,20.29,22.58,68.71
2015-12-12,0.142,73.83,20.41,0.0,53.42
2015-12-13,1.911,219.99,19.65,77.92,122.41
2015-12-14,0.373,148.15,20.22,0.23,127.7
2015-12-15,0.065,68.79,19.6,0.0,49.18
2015-12-16,0.021,24.64,18.12,0.0,6.52
2015-12-17,0.013,18.03,17.0,0.0,1.03
2015-12-18,0.196,41.86,13.47,0.37,28.02
2015-12-19,1.087,82.24,19.54,10.16,52.54
2015-12-20,0.426,43.96,14.87,1.04,28.05
2015-12-21,4.353,123.48,19.36,40.46,63.65
2015-12-22,2.888,108.86,20.09,34.7,54.07
2015-12-23,0.418,53.48,19.02,0.0,34.45
2015-12-24,0.246,28.4,17.99,0.01,10.41
2015-12-25,0.138,19.92,16.94,0.0,2.99
2015-12-26,0.115,17.43,16.55,0.0,0.88
2015-12-27,0.094,17.28,16.5,0.0,0.78
2015-12-28,0.072,17.15,16.39,0.0,0.76
2015-12-29,0.069,17.24,16.47,0.0,0.78
2015-12-30,0.061,17.26,16.5,0.0,0.76
2015-12-31,0.051,17.37,16.61,0.0,0.75
2016-01-01,0.036,17.51,16.77,0.0,0.73
2016-01-02,0.016,16.79,16.1,0.0,0.69
2016-01-03,0.011,16.46,15.71,0.0,0.75
2016-01-04,0.012,15.61,14.3,0.0,1.31
2016-01-05,3.481,138.48,19.16,45.66,73.66
2016-01-06,5.245,165.4,19.01,58.42,87.96
2016-01-07,3.701,188.21,19.6,66.95,101.67
2016-01-08,0.999,45.3,17.64,0.21,27.45
2016-01-09,0.682,20.5,16.59,0.0,3.92
2016-01-10,0.565,17.65,16.52,0.0,1.12
2016-01-11,0.458,17.33,16.45,0.0,0.87
2016-01-12,0.427,17.38,16.52,0.0,0.86
2016-01-13,1.537,70.56,17.86,8.35,44.34
2016-01-14,1.043,33.57,16.82,0.31,16.44
2016-01-15,0.998,23.17,15.28,0.33,7.56
2016-01-16,2.713,57.02,18.38,9.53,29.1
2016-01-17,3.333,65.21,16.21,17.28,31.73
2016-01-18,6.154,114.19,20.33,39.45,54.42
2016-01-19,14.163,421.05,23.07,171.81,226.17
2016-01-20,7.553,59.17,16.61,18.36,24.2
2016-01-21,5.971,23.21,16.11,3.01,4.08
2016-01-22,5.422,22.21,16.0,2.59,3.62
2016-01-23,6.249,35.34,16.78,7.87,10.69
2016-01-24,5.249,20.84,16.33,1.83,2.68
2016-01-25,4.485,18.5,16.26,0.89,1.35
2016-01-26,3.941,18.1,16.27,0.67,1.17
2016-01-27,3.446,17.96,16.3,0.52,1.14
2016-01-28,3.124,17.97,16.35,0.48,1.14
2016-01-29,3.088,21.57,16.41,1.68,3.47
2016-01-30,3.372,28.22,17.02,3.61,7.58
2016-01-31,2.594,18.67,16.49,0.29,1.88
2016-02-01,2.17,17.63,16.38,0.03,1.23
2016-02-02,2.116,17.64,16.48,0.02,1.14
2016-02-03,1.926,17.64,16.51,0.01,1.13
2016-02-04,1.56,17.62,16.51,0.01,1.11
2016-02-05,1.336,17.59,16.51,0.0,1.08
2016-02-06,1.15,17.63,16.58,0.0,1.06
2016-02-07,0.971,17.7,16.68,0.0,1.02
2016-02-08,0.798,17.68,16.71,0.0,0.97
2016-02-09,0.724,17.64,16.69,0.0,0.94
2016-02-10,0.658,17.67,16.74,0.0,0.92
2016-02-11,0.574,17.68,16.78,0.0,0.9
2016-02-12,0.499,17.68,16.8,0.0,0.88
2016-02-13,0.425,17.7,16.84,0.0,0.86
2016-02-14,0.342,17.77,16.93,0.0,0.84
2016-02-15,0.283,17.84,17.01,0.0,0.83
2016-02-16,0.242,17.81,17.0,0.0,0.82
2016-02-17,0.847,98.7,18.58,28.15,51.97
2016-02-18,3.489,125.33,19.57,41.06,64.69
2016-02-19,1.176,36.72,18.13,0.47,18.12
2016-02-20,0.84,20.99,17.43,0.0,3.56
2016-02-21,0.708,18.49,17.31,0.0,1.18
2016-02-22,0.597,18.27,17.35,0.0,0.92
2016-02-23,0.504,18.28,17.4,0.0,0.88
2016-02-24,0.431,18.29,17.43,0.0,0.86
2016-02-25,0.369,18.31,17.47,0.0,0.84
2016-02-26,0.3,18.36,17.54,0.0,0.82
2016-02-27,0.246,18.4,17.58,0.0,0.81
2016-02-28,0.207,18.45,17.65,0.0,0.81
2016-02-29,0.171,18.53,17.73,0.0,0.8
2016-03-01,0.136,18.61,17.82,0.0,0.79
2016-03-02,0.108,18.95,18.17,0.0,0.79
2016-03-03,0.067,19.28,18.53,0.0,0.75
2016-03-04,0.826,101.47,17.96,16.61,66.9
2016-03-05,5.919,162.22,20.87,56.82,84.53
2016-03-06,5.487,157.4,20.84,56.11,80.45
2016-03-07,8.096,96.58,19.36,32.97,44.26
2016-03-08,4.954,34.29,16.65,7.09,10.55
2016-03-09,5.593,36.79,17.13,8.34,11.31
2016-03-10,7.984,116.04,18.14,42.21,55.69
2016-03-11,13.086,70.69,19.84,21.95,28.89
2016-03-12,12.28,49.42,18.96,13.15,17.3
2016-03-13,18.732,60.33,22.26,16.44,21.63
2016-03-14,15.86,30.01,21.08,3.86,5.07
2016-03-15,12.412,21.82,19.23,1.12,1.47
2016-03-16,10.172,20.15,18.07,0.9,1.18
2016-03-17,8.365,19.27,17.26,0.87,1.14
2016-03-18,6.975,18.76,16.76,0.86,1.14
2016-03-19,5.817,18.71,16.74,0.83,1.14
2016-03-20,5.238,20.59,16.81,1.59,2.19
2016-03-21,4.998,23.48,16.81,2.76,3.9
2016-03-22,4.274,19.59,16.61,1.15,1.83
2016-03-23,3.506,18.32,16.6,0.49,1.23
2016-03-24,2.857,18.13,16.63,0.35,1.15
2016-03-25,2.243,17.91,16.68,0.1,1.13
2016-03-26,1.748,17.87,16.74,0.01,1.12
2016-03-27,1.38,17.94,16.84,0.0,1.09
2016-03-28,1.048,17.9,16.85,0.0,1.04
2016-03-29,0.869,17.92,16.92,0.0,1.0
2016-03-30,0.687,17.95,17.0,0.0,0.94
2016-03-31,0.536,17.98,17.08,0.0,0.9
2016-04-01,0.417,18.02,17.16,0.0,0.86
2016-04-02,0.324,18.09,17.24,0.0,0.84
2016-04-03,0.248,18.17,17.34,0.0,0.82
2016-04-04,0.184,18.32,17.51,0.0,0.81
2016-04-05,0.122,18.71,17.92,0.0,0.79
2016-04-06,0.064,19.37,18.61,0.0,0.76
2016-04-07,0.022,20.18,19.47,0.0,0.71
2016-04-08,0.005,18.84,18.29,0.0,0.57
2016-04-09,2.686,83.82,19.32,20.39,44.12
2016-04-10,1.466,51.19,20.52,7.56,23.12
2016-04-11,0.491,25.99,18.56,0.0,7.43
2016-04-12,0.307,19.72,18.18,0.0,1.54
2016-04-13,0.206,19.45,18.61,0.0,0.85
2016-04-14,0.096,20.63,19.91,0.0,0.71
2016-04-15,0.086,20.5,19.73,0.0,0.77
2016-04-16,0.054,21.68,20.95,0.0,0.73
2016-04-17,0.028,21.99,21.32,0.0,0.67
2016-04-18,0.015,20.94,20.31,0.0,0.63
2016-04-19,0.005,20.37,19.88,0.0,0.48
2016-04-20,0.001,20.9,20.63,0.0,0.28
2016-04-21,0.0,21.08,20.79,0.0,0.38
2016-04-22,0.526,43.56,18.67,0.13,24.77
2016-04-23,0.123,35.69,19.72,0.0,15.97
2016-04-24,0.019,23.99,19.55,0.0,4.43
2016-04-25,0.004,19.67,18.69,0.0,1.01
2016-04-26,0.001,17.93,17.39,0.0,0.59
2016-04-27,0.0,19.29,18.49,0.0,0.46
2016-04-28,0.0,17.94,17.2,0.0,0.7
2016-04-29,0.0,14.47,15.55,0.0,0.28
2016-04-30,0.0,0.0,0.0,0.0,0.0
2016-05-01,0.0,0.0,0.0,0.0,0.0
2016-05-02,0.0,0.0,0.0,0.0,0.0
2016-05-03,0.0,0.0,0.0,0.0,0.0
2016-05-04,0.0,0.0,0.0,0.0,0.0
2016-05-05,0.0,0.0,0.0,0.0,0.0
2016-05-06,0.0,0.0,0.0,0.0,0.0
2016-05-07,0.026,17.97,14.26,0.0,3.71
2016-05-08,0.264,35.93,18.7,0.07,17.16
2016-05-09,0.024,24.38,19.97,0.0,4.41
2016-05-10,0.004,20.61,19.56,0.0,1.01
2016-05-11,0.001,19.29,18.94,0.0,0.41
2016-05-12,0.0,17.89,18.93,0.0,0.26
2016-05-13,0.0,23.15,27.17,0.0,0.02
2016-05-14,0.0,0.0,0.0,0.0,0.0
2016-05-15,0.0,0.0,0.0,0.0,0.0
2016-05-16,0.0,0.0,0.0,0.0,0.0
2016-05-17,0.0,0.0,0.0,0.0,0.0
2016-05-18,0.0,0.0,0.0,0.0,0.0
2016-05-19,0.0,0.0,0.0,0.0,0.0
2016-05-20,0.0,0.0,0.0,0.0,0.0
2016-05-21,0.0,0.0,0.0,0.0,0.0
2016-05-22,0.0,0.0,0.0,0.0,0.0
2016-05-23,0.0,0.0,0.0,0.0,0.0
2016-05-24,0.0,0.0,0.0,0.0,0.0
2016-05-25,0.0,0.0,0.0,0.0,0.0
2016-05-26,0.0,0.0,0.0,0.0,0.0
2016-05-27,0.0,0.0,0.0,0.0,0.0
2016-05-28,0.0,0.0,0.0,0.0,0.0
2016-05-29,0.0,0.0,0.0,0.0,0.0
2016-05-30,0.0,0.0,0.0,0.0,0.0
2016-05-31,0.0,0.0,0.0,0.0,0.0
2016-06-01,0.0,0.0,0.0,0.0,0.0
2016-06-02,0.0,0.0,0.0,0.0,0.0
2016-06-03,0.0,0.0,0.0,0.0,0.0
2016-06-04,0.0,0.0,0.0,0.0,0.0
2016-06-05,0.0,0.0,0.0,0.0,0.0
2016-06-06,0.0,0.0,0.0,0.0,0.0
2016-06-07,0.0,0.0,0.0,0.0,0.0
2016-06-08,0.0,0.0,0.0,0.0,0.0
2016-06-09,0.0,0.0,0.0,0.0,0.0
2016-06-10,0.0,0.0,0.0,0.0,0.0
2016-06-11,0.0,0.0,0.0,0.0,0.0
2016-06-12,0.0,0.0,0.0,0.0,0.0
2016-06-13,0.0,0.0,0.0,0.0,0.0
2016-06-14,0.0,0.0,0.0,0.0,0.0
2016-06-15,0.0,0.0,0.0,0.0,0.0
2016-06-16,0.0,0.0,0.0,0.0,0.0
2016-06-17,0.0,0.0,0.0,0.0,0.0
2016-06-18,0.0,0.0,0.0,0.0,0.0
2016-06-19,0.0,0.0,0.0,0.0,0.0
2016-06-20,0.0,0.0,0.0,0.0,0.0
2016-06-21,0.0,0.0,0.0,0.0,0.0
2016-06-22,0.0,0.0,0.0,0.0,0.0
2016-06-23,0.0,0.0,0.0,0.0,0.0
2016-06-24,0.0,0.0,0.0,0.0,0.0
2016-06-25,0.0,0.0,0.0,0.0,0.0
2016-06-26,0.0,0.0,0.0,0.0,0.0
2016-06-27,0.0,0.0,0.0,0.0,0.0
2016-06-28,0.0,0.0,0.0,0.0,0.0
2016-06-29,0.0,0.0,0.0,0.0,0.0
2016-06-30,0.0,0.0,0.0,0.0,0.0
2016-07-01,0.0,0.0,0.0,0.0,0.0
2016-07-02,0.0,0.0,0.0,0.0,0.0
2016-07-03,0.0,0.0,0.0,0.0,0.0
2016-07-04,0.0,0.0,0.0,0.0,0.0
2016-07-05,0.0,0.0,0.0,0.0,0.0
2016-07-06,0.0,0.0,0.0,0.0,0.0
2016-07-07,0.0,0.0,0.0,0.0,0.0
2016-07-08,0.0,0.0,0.0,0.0,0.0
2016-07-09,0.0,0.0,0.0,0.0,0.0
2016-07-10,0.0,0.0,0.0,0.0,0.0
2016-07-11,0.0,0.0,0.0,0.0,0.0
2016-07-12,0.0,0.0,0.0,0.0,0.0
2016-07-13,0.0,0.0,0.0,0.0,0.0
2016-07-14,0.0,0.0,0.0,0.0,0.0
2016-07-15,0.0,0.0,0.0,0.0,0.0
2016-07-16,0.0,0.0,0.0,0.0,0.0
2016-07-17,0.0,0.0,0.0,0.0,0.0
2016-07-18,0.0,0.0,0.0,0.0,0.0
2016-07-19,0.0,0.0,0.0,0.0,0.0
2016-07-20,0.0,0.0,0.0,0.0,0.0
2016-07-21,0.0,0.0,0.0,0.0,0.0
2016-07-22,0.0,0.0,0.0,0.0,0.0
2016-07-23,0.0,0.0,0.0,0.0,0.0
2016-07-24,0.0,0.0,0.0,0.0,0.0
2016-07-25,0.0,0.0,0.0,0.0,0.0
2016-07-26,0.0,0.0,0.0,0.0,0.0
2016-07-27,0.0,0.0,0.0,0.0,0.0
2016-07-28,0.0,0.0,0.0,0.0,0.0
2016-07-29,0.0,0.0,0.0,0.0,0.0
2016-07-30,0.0,0.0,0.0,0.0,0.0
2016-07-31,0.0,0.0,0.0,0.0,0.0
2016-08-01,0.0,0.0,0.0,0.0,0.0
2016-08-02,0.0,0.0,0.0,0.0,0.0
2016-08-03,0.0,0.0,0.0,0.0,0.0
2016-08-04,0.0,0.0,0.0,0.0,0.0
2016-08-05,0.0,0.0,0.0,0.0,0.0
2016-08-06,0.0,0.0,0.0,0.0,0.0
2016-08-07,0.0,0.0,0.0,0.0,0.0
2016-08-08,0.0,0.0,0.0,0.0,0.0
2016-08-09,0.0,0.0,0.0,0.0,0.0
2016-08-10,0.0,0.0,0.0,0.0,0.0
2016-08-11,0.0,0.0,0.0,0.0,0.0
2016-08-12,0.0,0.0,0.0,0.0,0.0
2016-08-13,0.0,0.0,0.0,0.0,0.0
2016-08-14,0.0,0.0,0.0,0.0,0.0
2016-08-15,0.0,0.0,0.0,0.0,0.0
2016-08-16,0.0,0.0,0.0,0.0,0.0
2016-08-17,0.0,0.0,0.0,0.0,0.0
2016-08-18,0.0,0.0,0.0,0.0,0.0
2016-08-19,0.0,0.0,0.0,0.0,0.0
2016-08-20,0.0,0.0,0.0,0.0,0.0
2016-08-21,0.0,0.0,0.0,0.0,0.0
2016-08-22,0.0,0.0,0.0,0.0,0.0
2016-08-23,0.0,0.0,0.0,0.0,0.0
2016-08-24,0.0,0.0,0.0,0.0,0.0
2016-08-25,0.0,0.0,0.0,0.0,0.0
2016-08-26,0.0,0.0,0.0,0.0,0.0
2016-08-27,0.0,0.0,0.0,0.0,0.0
2016-08-28,0.0,0.0,0.0,0.0,0.0
2016-08-29,0.0,0.0,0.0,0.0,0.0
2016-08-30,0.0,0.0,0.0,0.0,0.0
2016-08-31,0.0,0.0,0.0,0.0,0.0
2016-09-01,0.0,0.0,0.0,0.0,0.0
2016-09-02,0.0,0.0,0.0,0.0,0.0
2016-09-03,0.0,0.0,0.0,0.0,0.0
2016-09-04,0.0,0.0,0.0,0.0,0.0
2016-09-05,0.0,0.0,0.0,0.0,0.0
2016-09-06,0.0,0.0,0.0,0.0,0.0
2016-09-07,0.0,0.0,0.0,0.0,0.0
2016-09-08,0.0,0.0,0.0,0.0,0.0
2016-09-09,0.0,0.0,0.0,0.0,0.0
2016-09-10,0.0,0.0,0.0,0.0,0.0
2016-09-11,0.0,0.0,0.0,0.0,0.0
2016-09-12,0.0,0.0,0.0,0.0,0.0
2016-09-13,0.0,0.0,0.0,0.0,0.0
2016-09-14,0.0,0.0,0.0,0.0,0.0
2016-09-15,0.0,0.0,0.0,0.0,0.0
2016-09-16,0.0,0.0,0.0,0.0,0.0
2016-09-17,0.0,0.0,0.0,0.0,0.0
2016-09-18,0.0,0.0,0.0,0.0,0.0
2016-09-19,0.0,0.0,0.0,0.0,0.0
2016-09-20,0.0,0.0,0.0,0.0,0.0
2016-09-21,0.0,0.0,0.0,0.0,0.0
2016-09-22,0.0,0.0,0.0,0.0,0.0
2016-09-23,0.0,0.0,0.0,0.0,0.0
2016-09-24,0.0,0.0,0.0,0.0,0.0
2016-09-25,0.0,0.0,0.0,0.0,0.0
2016-09-26,0.0,0.0,0.0,0.0,0.0
2016-09-27,0.0,0.0,0.0,0.0,0.0
2016-09-28,0.0,0.0,0.0,0.0,0.0
2016-09-29,0.0,0.0,0.0,0.0,0.0
2016-09-30,0.0,0.0,0.0,0.0,0.0
2016-10-01,0.0,0.0,0.0,0.0,0.0
2016-10-02,0.0,0.0,0.0,0.0,0.0
2016-10-03,0.0,0.0,0.0,0.0,0.0
2016-10-04,0.0,0.0,0.0,0.0,0.0
2016-10-05,0.0,0.0,0.0,0.0,0.0
2016-10-06,0.0,0.0,0.0,0.0,0.0
2016-10-07,0.0,0.0,0.0,0.0,0.0
2016-10-08,0.0,0.0,0.0,0.0,0.0
2016-10-09,0.0,0.0,0.0,0.0,0.0
2016-10-10,0.0,0.0,0.0,0.0,0.0
2016-10-11,0.0,0.0,0.0,0.0,0.0
2016-10-12,0.0,0.0,0.0,0.0,0.0
2016-10-13,0.0,0.0,0.0,0.0,0.0
2016-10-14,2.688,158.15,19.46,54.32,84.37
2016-10-15,1.613,167.31,19.09,50.07,98.15
2016-10-16,3.435,178.0,19.33,58.17,100.51
2016-10-17,1.114,147.14,20.46,31.7,94.98
2016-10-18,0.174,64.78,19.05,0.0,45.73
2016-10-19,0.054,24.75,17.41,0.0,7.34
2016-10-20,0.032,17.33,16.19,0.0,1.14
2016-10-21,0.026,16.62,15.83,0.0,0.79
2016-10-22,0.021,16.55,15.78,0.0,0.78
2016-10-23,0.018,16.51,15.73,0.0,0.78
2016-10-24,0.016,16.49,15.72,0.0,0.78
2016-10-25,0.39,40.72,15.33,0.46,24.93
2016-10-26,0.046,19.05,16.04,0.0,3.01
2016-10-27,0.911,104.28,14.71,31.63,57.94
2016-10-28,3.643,120.04,20.4,37.37,62.28
2016-10-29,0.382,57.06,18.77,0.0,38.29
2016-10-30,2.337,315.9,19.68,120.28,175.94
2016-10-31,0.723,152.4,17.91,10.25,124.24
2016-11-01,0.473,54.97,18.55,0.03,36.39
2016-11-02,0.163,20.49,16.21,0.0,4.28
2016-11-03,0.115,16.46,15.5,0.0,0.96
2016-11-04,0.089,16.0,15.2,0.0,0.79
2016-11-05,0.067,15.8,15.02,0.0,0.78
2016-11-06,0.046,15.52,14.75,0.0,0.77
2016-11-07,0.033,15.28,14.53,0.0,0.76
2016-11-08,0.027,15.14,14.38,0.0,0.77
2016-11-09,0.02,15.21,14.45,0.0,0.76
2016-11-10,0.015,15.46,14.69,0.0,0.76
2016-11-11,0.01,15.89,15.13,0.0,0.76
2016-11-12,0.007,16.12,15.35,0.0,0.77
2016-11-13,0.006,16.21,15.41,0.0,0.78
2016-11-14,0.005,16.26,15.49,0.0,0.78
2016-11-15,0.004,16.41,15.63,0.0,0.78
2016-11-16,0.003,16.34,15.57,0.0,0.77
2016-11-17,0.002,16.24,15.51,0.0,0.79
2016-11-18,0.002,16.74,15.94,0.0,0.77
2016-11-19,1.338,90.83,16.96,21.89,51.98
2016-11-20,1.928,106.09,19.09,27.98,59.02
2016-11-21,0.438,71.37,19.08,0.0,52.29
2016-11-22,0.191,17.84,10.45,0.0,7.39
2016-11-23,0.66,79.51,20.97,2.7,55.84
2016-11-24,0.123,29.96,17.19,0.0,12.77
2016-11-25,0.065,16.94,15.32,0.0,1.62
2016-11-26,0.447,40.64,14.93,1.62,24.1
2016-11-27,1.108,72.62,20.39,9.21,43.02
2016-11-28,0.141,34.17,17.99,0.0,16.18
2016-11-29,0.075,17.38,15.47,0.0,1.91
2016-11-30,0.057,15.15,14.34,0.0,0.81
2016-12-01,0.044,15.09,14.33,0.0,0.76
2016-12-02,0.015,15.89,15.21,0.0,0.67
2016-12-03,0.015,15.01,14.23,0.0,0.77
2016-12-04,0.017,14.91,14.13,0.0,0.78
2016-12-05,0.013,14.81,14.08,0.0,0.74
2016-12-06,0.01,14.92,14.15,0.0,0.75
2016-12-07,0.351,82.69,12.37,22.3,48.01
2016-12-08,2.429,64.41,19.71,9.58,35.12
2016-12-09,1.161,42.74,19.15,1.73,21.87
2016-12-10,3.371,103.45,19.24,31.31,52.91
2016-12-11,0.858,78.92,19.26,13.66,46.01
2016-12-12,0.292,30.01,17.03,0.0,12.97
2016-12-13,0.202,17.63,15.99,0.0,1.65
2016-12-14,0.164,16.47,15.44,0.0,1.03
2016-12-15,10.4,438.84,26.17,175.25,237.43
2016-12-16,4.798,230.66,19.25,88.47,122.94
2016-12-17,2.336,42.75,15.37,3.79,23.59
2016-12-18,1.825,19.41,15.02,0.05,4.34
2016-12-19,1.582,16.39,14.96,0.02,1.42
2016-12-20,1.371,16.1,14.99,0.01,1.1
2016-12-21,1.18,16.01,14.94,0.0,1.06
2016-12-22,1.125,16.07,15.0,0.0,1.06
2016-12-23,4.013,133.21,17.7,47.56,67.94
2016-12-24,2.084,35.49,15.87,1.8,17.82
2016-12-25,1.632,18.76,15.21,0.01,3.53
2016-12-26,1.37,16.4,15.07,0.01,1.32
2016-12-27,1.234,16.19,15.1,0.0,1.08
2016-12-28,1.106,16.25,15.19,0.0,1.06
2016-12-29,0.976,16.23,15.19,0.0,1.05
2016-12-30,0.913,16.24,15.2,0.0,1.04
2016-12-31,0.891,16.25,15.22,0.0,1.03
2017-01-01,0.77,16.33,15.33,0.0,1.0
2017-01-02,0.726,18.45,14.6,0.71,3.14
2017-01-03,4.977,89.83,17.98,27.94,43.91
2017-01-04,8.907,102.88,19.22,35.57,48.09
2017-01-05,5.243,33.73,16.11,7.42,10.2
2017-01-06,4.119,18.94,15.54,0.87,2.53
2017-01-07,5.721,38.42,15.56,9.54,13.32
2017-01-08,32.272,748.45,26.69,311.33,410.43
2017-01-09,27.34,86.73,24.63,26.78,35.32
2017-01-10,59.903,1177.72,33.31,491.55,652.86
2017-01-11,59.403,260.16,33.94,95.78,130.44
2017-01-12,44.892,52.2,29.87,9.34,12.99
2017-01-13,31.856,28.99,26.42,1.11,1.46
2017-01-14,23.739,25.65,23.61,0.88,1.16
2017-01-15,18.212,23.74,21.74,0.86,1.14
2017-01-16,14.181,21.95,19.95,0.86,1.14
2017-01-17,11.201,20.54,18.54,0.86,1.14
2017-01-18,18.908,303.9,22.5,121.48,159.91
2017-01-19,28.064,175.06,24.82,64.64,85.59
2017-01-20,46.308,1582.78,30.56,668.03,884.19
2017-01-21,36.565,95.82,27.28,25.97,42.57
2017-01-22,55.42,397.01,31.75,152.59,212.66
2017-01-23,47.034,90.14,30.38,17.4,42.35
2017-01-24,33.955,63.3,26.7,2.38,34.22
2017-01-25,25.672,67.55,24.14,1.46,41.95
2017-01-26,19.612,71.28,21.94,1.07,48.28
2017-01-27,15.236,74.03,20.18,0.84,53.01
2017-01-28,11.918,77.29,19.24,0.69,57.36
2017-01-29,9.294,81.02,18.47,0.6,61.96
2017-01-30,7.227,84.22,17.59,0.44,66.19
2017-01-31,5.655,86.43,16.63,0.17,69.63
2017-02-01,4.536,89.05,15.67,0.09,73.29
2017-02-02,4.893,81.38,15.43,1.83,64.12
2017-02-03,14.45,268.75,19.9,98.95,149.9
2017-02-04,16.184,64.3,20.4,11.39,32.51
2017-02-05,13.905,73.43,19.19,13.97,40.27
2017-02-06,20.487,120.44,20.92,35.94,63.58
2017-02-07,60.776,1120.22,32.87,462.91,624.43
2017-02-08,56.646,167.7,32.08,45.64,89.99
2017-02-09,63.472,709.9,33.25,274.98,401.67
2017-02-10,53.021,150.99,31.72,27.85,91.41
2017-02-11,36.706,116.72,27.59,5.31,83.82
2017-02-12,26.352,123.01,24.67,2.77,95.57
2017-02-13,19.345,128.47,22.29,1.66,104.52
2017-02-14,14.432,133.55,20.44,1.09,112.02
2017-02-15,11.154,137.63,19.4,0.78,117.45
2017-02-16,11.644,142.58,18.87,13.99,109.73
2017-02-17,16.355,117.43,19.98,17.6,79.86
2017-02-18,20.881,90.33,22.26,9.82,58.26
2017-02-19,16.714,83.49,20.58,1.89,61.01
2017-02-20,50.842,1450.51,30.16,602.49,817.87
2017-02-21,54.828,143.61,32.04,34.67,76.9
2017-02-22,39.003,91.31,28.26,5.49,57.56
2017-02-23,27.4,99.61,24.91,2.71,71.99
2017-02-24,19.7,108.15,22.3,1.72,84.14
2017-02-25,14.83,113.76,20.35,1.15,92.26
2017-02-26,10.962,122.31,19.31,0.81,102.18
2017-02-27,8.254,129.67,18.3,0.62,110.75
2017-02-28,6.203,137.77,17.19,0.21,120.36
2017-03-01,4.664,145.32,15.88,0.12,129.32
2017-03-02,3.595,152.99,14.55,0.08,138.35
2017-03-03,2.889,161.99,13.9,0.06,148.03
2017-03-04,3.732,189.51,14.76,31.82,142.92
2017-03-05,9.258,118.19,18.36,27.3,72.53
2017-03-06,8.417,65.84,17.24,6.96,41.64
2017-03-07,6.8,57.1,16.83,1.78,38.5
2017-03-08,4.97,63.42,16.44,0.65,46.33
2017-03-09,3.637,71.55,16.25,0.14,55.16
2017-03-10,2.722,79.52,16.08,0.08,63.37
2017-03-11,2.019,92.22,15.7,0.07,76.45
2017-03-12,1.555,104.73,15.35,0.05,89.34
2017-03-13,1.224,116.51,15.03,0.01,101.48
2017-03-14,0.96,129.42,14.65,0.0,114.77
2017-03-15,0.755,142.63,14.24,0.0,128.38
2017-03-16,0.604,153.93,13.91,0.0,140.02
2017-03-17,0.475,167.43,13.55,0.0,153.88
2017-03-18,0.368,179.32,12.97,0.0,166.35
2017-03-19,0.297,175.54,12.52,0.0,163.02
2017-03-20,1.978,157.52,15.53,48.95,93.04
2017-03-21,8.35,98.74,18.07,31.5,49.17
2017-03-22,14.435,150.03,20.61,53.97,75.46
2017-03-23,9.58,36.66,17.79,4.25,14.62
2017-03-24,10.66,54.37,18.01,11.27,25.1
2017-03-25,9.378,37.0,17.67,2.56,16.77
2017-03-26,7.508,37.92,16.7,1.03,20.2
2017-03-27,5.794,44.13,16.01,0.75,27.37
2017-03-28,4.443,51.59,15.44,0.39,35.75
2017-03-29,3.556,57.48,15.26,0.28,41.94
2017-03-30,2.669,65.77,15.09,0.13,50.54
2017-03-31,2.027,75.73,14.81,0.09,60.83
2017-04-01,1.636,83.51,14.59,0.07,68.85
2017-04-02,1.34,90.61,14.36,0.05,76.2
2017-04-03,1.075,99.48,14.1,0.01,85.37
2017-04-04,0.863,108.54,13.79,0.0,94.75
2017-04-05,0.69,118.18,13.54,0.0,104.64
2017-04-06,3.991,233.6,18.49,84.5,130.61
2017-04-07,10.299,141.07,19.42,49.47,72.18
2017-04-08,10.987,81.92,19.12,24.3,38.5
2017-04-09,7.991,34.69,17.06,3.23,14.41
2017-04-10,6.262,33.44,16.32,1.15,15.98
2017-04-11,5.254,35.92,16.1,0.68,19.14
2017-04-12,4.665,39.47,15.98,1.07,22.43
2017-04-13,4.287,43.21,16.01,1.83,25.37
2017-04-14,3.39,44.12,15.72,0.44,27.95
2017-04-15,2.662,48.78,15.49,0.14,33.14
2017-04-16,3.232,54.15,15.62,3.98,34.55
2017-04-17,3.92,40.95,15.69,1.55,23.71
2017-04-18,3.67,39.99,15.64,1.19,23.16
2017-04-19,2.789,42.06,15.01,0.34,26.71
2017-04-20,2.704,49.89,16.61,1.14,32.14
2017-04-21,1.95,48.53,15.68,0.07,32.78
2017-04-22,1.504,52.64,15.48,0.02,37.14
2017-04-23,1.154,58.1,15.3,0.0,42.8
2017-04-24,0.948,60.78,15.13,0.0,45.65
2017-04-25,0.796,62.21,15.18,0.0,47.03
2017-04-26,0.644,64.26,15.06,0.0,49.2
2017-04-27,0.511,64.66,15.05,0.0,49.61
2017-04-28,0.348,68.58,14.75,0.0,53.82
2017-04-29,0.198,80.69,13.9,0.0,66.79
2017-04-30,0.141,78.76,13.63,0.0,65.13
2017-05-01,0.082,83.95,12.9,0.0,71.05
2017-05-02,0.044,81.21,12.71,0.0,68.5
2017-05-03,0.013,66.79,13.19,0.0,53.6
2017-05-04,0.001,29.73,13.44,0.0,16.26
2017-05-05,0.0,18.19,14.07,0.0,4.09
2017-05-06,0.0,23.15,19.88,0.0,1.37
2017-05-07,0.0,0.0,0.0,0.0,0.0
2017-05-08,0.0,0.0,0.0,0.0,0.0
2017-05-09,0.0,0.0,0.0,0.0,0.0
2017-05-10,0.0,0.0,0.0,0.0,0.0
2017-05-11,0.0,0.0,0.0,0.0,0.0
2017-05-12,0.0,0.0,0.0,0.0,0.0
2017-05-13,0.0,0.0,0.0,0.0,0.0
2017-05-14,0.0,0.0,0.0,0.0,0.0
2017-05-15,0.0,0.0,0.0,0.0,0.0
2017-05-16,0.0,0.0,0.0,0.0,0.0
2017-05-17,0.0,0.0,0.0,0.0,0.0
2017-05-18,0.0,0.0,0.0,0.0,0.0
2017-05-19,0.0,0.0,0.0,0.0,0.0
2017-05-20,0.0,0.0,0.0,0.0,0.0
2017-05-21,0.0,0.0,0.0,0.0,0.0
2017-05-22,0.0,0.0,0.0,0.0,0.0
2017-05-23,0.0,0.0,0.0,0.0,0.0
2017-05-24,0.0,0.0,0.0,0.0,0.0
2017-05-25,0.0,0.0,0.0,0.0,0.0
2017-05-26,0.0,0.0,0.0,0.0,0.0
2017-05-27,0.0,0.0,0.0,0.0,0.0
2017-05-28,0.0,0.0,0.0,0.0,0.0
2017-05-29,0.0,0.0,0.0,0.0,0.0
2017-05-30,0.0,0.0,0.0,0.0,0.0
2017-05-31,0.0,0.0,0.0,0.0,0.0
2017-06-01,0.0,0.0,0.0,0.0,0.0
2017-06-02,0.0,0.0,0.0,0.0,0.0
2017-06-03,0.0,0.0,0.0,0.0,0.0
2017-06-04,0.0,0.0,0.0,0.0,0.0
2017-06-05,0.0,0.0,0.0,0.0,0.0
2017-06-06,0.0,0.0,0.0,0.0,0.0
2017-06-07,0.0,0.0,0.0,0.0,0.0
2017-06-08,0.004,21.61,12.47,0.04,9.08
2017-06-09,0.001,14.81,13.52,0.0,1.26
2017-06-10,0.0,13.5,12.92,0.0,0.61
2017-06-11,0.002,20.34,10.68,0.0,9.62
2017-06-12,0.002,20.28,13.24,0.0,7.05
2017-06-13,0.0,14.95,13.51,0.0,1.63
2017-06-14,0.0,11.57,11.58,0.0,0.35
2017-06-15,0.0,0.0,0.0,0.0,0.0
2017-06-16,0.0,0.0,0.0,0.0,0.0
2017-06-17,0.0,0.0,0.0,0.0,0.0
2017-06-18,0.0,0.0,0.0,0.0,0.0
2017-06-19,0.0,0.0,0.0,0.0,0.0
2017-06-20,0.0,0.0,0.0,0.0,0.0
2017-06-21,0.0,0.0,0.0,0.0,0.0
2017-06-22,0.0,0.0,0.0,0.0,0.0
2017-06-23,0.0,0.0,0.0,0.0,0.0
2017-06-24,0.0,0.0,0.0,0.0,0.0
2017-06-25,0.0,0.0,0.0,0.0,0.0
2017-06-26,0.0,0.0,0.0,0.0,0.0
2017-06-27,0.0,0.0,0.0,0.0,0.0
2017-06-28,0.0,0.0,0.0,0.0,0.0
2017-06-29,0.0,0.0,0.0,0.0,0.0
2017-06-30,0.0,0.0,0.0,0.0,0.0
2017-07-01,0.0,0.0,0.0,0.0,0.0
2017-07-02,0.0,0.0,0.0,0.0,0.0
2017-07-03,0.0,0.0,0.0,0.0,0.0
2017-07-04,0.0,0.0,0.0,0.0,0.0
2017-07-05,0.0,0.0,0.0,0.0,0.0
2017-07-06,0.0,0.0,0.0,0.0,0.0
2017-07-07,0.0,0.0,0.0,0.0,0.0
2017-07-08,0.0,0.0,0.0,0.0,0.0
2017-07-09,0.0,0.0,0.0,0.0,0.0
2017-07-10,0.0,0.0,0.0,0.0,0.0
2017-07-11,0.0,0.0,0.0,0.0,0.0
2017-07-12,0.0,0.0,0.0,0.0,0.0
2017-07-13,0.0,0.0,0.0,0.0,0.0
2017-07-14,0.0,0.0,0.0,0.0,0.0
2017-07-15,0.0,0.0,0.0,0.0,0.0
2017-07-16,0.0,0.0,0.0,0.0,0.0
2017-07-17,0.0,0.0,0.0,0.0,0.0
2017-07-18,0.0,0.0,0.0,0.0,0.0
2017-07-19,0.0,0.0,0.0,0.0,0.0
2017-07-20,0.0,0.0,0.0,0.0,0.0
2017-07-21,0.0,0.0,0.0,0.0,0.0
2017-07-22,0.0,0.0,0.0,0.0,0.0
2017-07-23,0.0,0.0,0.0,0.0,0.0
2017-07-24,0.0,0.0,0.0,0.0,0.0
2017-07-25,0.0,0.0,0.0,0.0,0.0
2017-07-26,0.0,0.0,0.0,0.0,0.0
2017-07-27,0.0,0.0,0.0,0.0,0.0
2017-07-28,0.0,0.0,0.0,0.0,0.0
2017-07-29,0.0,0.0,0.0,0.0,0.0
2017-07-30,0.0,0.0,0.0,0.0,0.0
2017-07-31,0.0,0.0,0.0,0.0,0.0
2017-08-01,0.0,0.0,0.0,0.0,0.0
2017-08-02,0.0,0.0,0.0,0.0,0.0
2017-08-03,0.0,0.0,0.0,0.0,0.0
2017-08-04,0.0,0.0,0.0,0.0,0.0
2017-08-05,0.0,0.0,0.0,0.0,0.0
2017-08-06,0.0,0.0,0.0,0.0,0.0
2017-08-07,0.0,0.0,0.0,0.0,0.0
2017-08-08,0.0,0.0,0.0,0.0,0.0
2017-08-09,0.0,0.0,0.0,0.0,0.0
2017-08-10,0.0,0.0,0.0,0.0,0.0
2017-08-11,0.0,0.0,0.0,0.0,0.0
2017-08-12,0.0,0.0,0.0,0.0,0.0
2017-08-13,0.0,0.0,0.0,0.0,0.0
2017-08-14,0.0,0.0,0.0,0.0,0.0
2017-08-15,0.0,0.0,0.0,0.0,0.0
2017-08-16,0.0,0.0,0.0,0.0,0.0
2017-08-17,0.0,0.0,0.0,0.0,0.0
2017-08-18,0.0,0.0,0.0,0.0,0.0
2017-08-19,0.0,0.0,0.0,0.0,0.0
2017-08-20,0.0,0.0,0.0,0.0,0.0
2017-08-21,0.0,0.0,0.0,0.0,0.0
2017-08-22,0.0,0.0,0.0,0.0,0.0
2017-08-23,0.0,0.0,0.0,0.0,0.0
2017-08-24,0.0,0.0,0.0,0.0,0.0
2017-08-25,0.0,0.0,0.0,0.0,0.0
2017-08-26,0.0,0.0,0.0,0.0,0.0
2017-08-27,0.0,0.0,0.0,0.0,0.0
2017-08-28,0.0,0.0,0.0,0.0,0.0
2017-08-29,0.0,0.0,0.0,0.0,0.0
2017-08-30,0.0,0.0,0.0,0.0,0.0
2017-08-31,0.0,0.0,0.0,0.0,0.0
2017-09-01,0.0,0.0,0.0,0.0,0.0
2017-09-02,0.0,0.0,0.0,0.0,0.0
2017-09-03,0.0,0.0,0.0,0.0,0.0
2017-09-04,0.0,0.0,0.0,0.0,0.0
2017-09-05,0.0,0.0,0.0,0.0,0.0
2017-09-06,0.0,0.0,0.0,0.0,0.0
2017-09-07,0.0,0.0,0.0,0.0,0.0
2017-09-08,0.0,0.0,0.0,0.0,0.0
2017-09-09,0.0,0.0,0.0,0.0,0.0
2017-09-10,0.0,0.0,0.0,0.0,0.0
2017-09-11,0.0,0.0,0.0,0.0,0.0
2017-09-12,0.0,0.0,0.0,0.0,0.0
2017-09-13,0.0,0.0,0.0,0.0,0.0
2017-09-14,0.0,0.0,0.0,0.0,0.0
2017-09-15,0.0,0.0,0.0,0.0,0.0
2017-09-16,0.0,0.0,0.0,0.0,0.0
2017-09-17,0.0,0.0,0.0,0.0,0.0
2017-09-18,0.0,0.0,0.0,0.0,0.0
2017-09-19,0.0,0.0,0.0,0.0,0.0
2017-09-20,0.0,0.0,0.0,0.0,0.0
2017-09-21,0.0,0.0,0.0,0.0,0.0
2017-09-22,0.0,0.0,0.0,0.0,0.0
2017-09-23,0.0,0.0,0.0,0.0,0.0
2017-09-24,0.0,0.0,0.0,0.0,0.0
2017-09-25,0.0,0.0,0.0,0.0,0.0
2017-09-26,0.0,0.0,0.0,0.0,0.0
2017-09-27,0.0,0.0,0.0,0.0,0.0
2017-09-28,0.0,0.0,0.0,0.0,0.0
2017-09-29,0.0,0.0,0.0,0.0,0.0
2017-09-30,0.0,0.0,0.0,0.0,0.0
2017-10-01,0.0,0.0,0.0,0.0,0.0
2017-10-02,0.0,0.0,0.0,0.0,0.0
2017-10-03,0.0,0.0,0.0,0.0,0.0
2017-10-04,0.0,0.0,0.0,0.0,0.0
2017-10-05,0.0,0.0,0.0,0.0,0.0
2017-10-06,0.0,0.0,0.0,0.0,0.0
2017-10-07,0.0,0.0,0.0,0.0,0.0
2017-10-08,0.0,0.0,0.0,0.0,0.0
2017-10-09,0.0,0.0,0.0,0.0,0.0
2017-10-10,0.0,0.0,0.0,0.0,0.0
2017-10-11,0.0,0.0,0.0,0.0,0.0
2017-10-12,0.0,0.0,0.0,0.0,0.0
2017-10-13,0.0,0.0,0.0,0.0,0.0
2017-10-14,0.0,0.0,0.0,0.0,0.0
2017-10-15,0.0,0.0,0.0,0.0,0.0
2017-10-16,0.0,0.0,0.0,0.0,0.0
2017-10-17,0.0,0.0,0.0,0.0,0.0
2017-10-18,0.0,0.0,0.0,0.0,0.0
2017-10-19,0.042,145.0,25.71,51.51,67.78
2017-10-20,1.009,113.13,20.61,16.74,75.78
2017-10-21,0.092,56.05,20.4,0.0,35.64
2017-10-22,0.014,29.35,20.25,0.0,9.11
2017-10-23,0.003,21.38,19.61,0.0,1.79
2017-10-24,0.001,19.25,18.58,0.0,0.65
2017-10-25,0.001,19.03,18.14,0.0,0.71
2017-10-26,0.0,19.2,18.32,0.0,0.73
2017-10-27,0.0,19.29,19.01,0.0,0.7
2017-10-28,0.0,19.68,18.76,0.0,0.67
2017-10-29,0.0,20.42,19.52,0.0,0.71
2017-10-30,0.0,20.67,19.71,0.0,0.7
2017-10-31,0.0,19.59,18.65,0.0,0.66
2017-11-01,0.0,18.52,18.06,0.0,0.61
2017-11-02,0.0,21.22,20.3,0.0,0.65
2017-11-03,0.0,17.36,18.38,0.0,0.55
2017-11-04,0.542,85.75,17.37,12.37,56.0
2017-11-05,0.056,35.71,18.64,0.0,17.07
2017-11-06,0.009,21.19,17.83,0.0,3.36
2017-11-07,0.003,16.46,15.58,0.0,0.86
2017-11-08,0.092,29.59,7.59,2.33,19.67
2017-11-09,1.075,58.27,20.23,1.05,36.99
2017-11-10,0.527,50.53,17.98,1.68,30.88
2017-11-11,0.082,30.05,19.58,0.0,10.47
2017-11-12,0.015,19.11,17.48,0.0,1.63
2017-11-13,0.008,16.1,15.34,0.0,0.77
2017-11-14,0.006,15.53,14.76,0.0,0.77
2017-11-15,1.506,112.19,12.95,37.43,61.8
2017-11-16,12.128,273.68,25.86,103.66,144.16
2017-11-17,1.704,135.2,19.92,40.06,75.22
2017-11-18,0.443,49.02,17.92,0.0,31.1
2017-11-19,0.264,20.88,16.96,0.0,3.92
2017-11-20,0.176,17.44,16.44,0.0,1.0
2017-11-21,0.16,17.29,16.46,0.0,0.82
2017-11-22,0.154,17.42,16.6,0.0,0.82
2017-11-23,0.122,17.56,16.75,0.0,0.8
2017-11-24,0.082,17.2,16.42,0.0,0.78
2017-11-25,0.076,17.72,16.92,0.0,0.81
2017-11-26,0.298,36.23,17.02,0.05,19.15
2017-11-27,1.608,87.62,19.55,15.39,52.69
2017-11-28,0.262,42.59,18.7,0.0,23.89
2017-11-29,0.126,20.47,17.33,0.0,3.14
2017-11-30,0.091,17.81,16.91,0.0,0.9
2017-12-01,0.074,17.62,16.83,0.0,0.79
2017-12-02,0.057,17.88,17.1,0.0,0.78
2017-12-03,0.03,17.32,16.59,0.0,0.73
2017-12-04,0.015,17.86,17.15,0.0,0.71
2017-12-05,0.007,16.94,16.25,0.0,0.7
2017-12-06,0.006,16.71,15.97,0.0,0.76
2017-12-07,0.004,16.64,15.89,0.0,0.76
2017-12-08,0.003,16.54,15.75,0.0,0.77
2017-12-09,0.003,16.47,15.75,0.0,0.77
2017-12-10,0.002,16.56,15.83,0.0,0.76
2017-12-11,0.002,16.81,15.92,0.0,0.77
2017-12-12,0.001,16.41,15.65,0.0,0.77
2017-12-13,0.001,16.77,15.95,0.0,0.77
2017-12-14,0.001,17.01,16.23,0.0,0.77
2017-12-15,0.001,17.06,16.45,0.0,0.75
2017-12-16,0.0,17.54,16.77,0.0,0.71
2017-12-17,0.0,23.15,21.24,0.0,0.2
2017-12-18,0.0,23.15,22.83,0.0,0.78
2017-12-19,0.0,11.57,22.74,0.0,0.71
2017-12-20,0.0,0.0,0.0,0.0,0.0
2017-12-21,0.0,0.0,0.0,0.0,0.0
2017-12-22,0.0,0.0,0.0,0.0,0.0
2017-12-23,0.0,0.0,0.0,0.0,0.0
2017-12-24,0.0,0.0,0.0,0.0,0.0
2017-12-25,0.0,0.0,0.0,0.0,0.0
2017-12-26,0.0,0.0,0.0,0.0,0.0
2017-12-27,0.0,0.0,0.0,0.0,0.0
2017-12-28,0.0,0.0,0.0,0.0,0.0
2017-12-29,0.0,0.0,0.0,0.0,0.0
2017-12-30,0.0,0.0,0.0,0.0,0.0
2017-12-31,0.0,0.0,0.0,0.0,0.0
2018-01-01,0.0,0.0,0.0,0.0,0.0
2018-01-02,0.0,0.0,0.0,0.0,0.0
2018-01-03,0.323,77.43,17.73,14.44,45.26
2018-01-04,0.843,91.73,20.14,13.02,58.57
2018-01-05,1.174,60.51,19.72,3.2,37.59
2018-01-06,0.494,39.32,20.0,0.02,19.3
2018-01-07,0.095,28.48,19.58,0.0,8.9
2018-01-08,7.003,140.97,20.09,48.95,71.94
2018-01-09,7.041,218.98,23.57,81.64,113.77
2018-01-10,1.04,83.03,18.96,13.71,50.36
2018-01-11,0.55,27.43,17.81,0.0,9.62
2018-01-12,0.43,19.13,17.54,0.0,1.58
2018-01-13,0.354,18.47,17.58,0.0,0.89
2018-01-14,0.297,18.46,17.63,0.0,0.83
2018-01-15,0.264,18.56,17.73,0.0,0.83
2018-01-16,0.24,18.58,17.75,0.0,0.83
2018-01-17,0.231,18.6,17.78,0.0,0.82
2018-01-18,0.356,28.48,17.09,0.08,11.31
2018-01-19,0.582,43.2,18.86,0.68,23.66
2018-01-20,0.224,20.44,18.11,0.0,2.33
2018-01-21,0.168,18.88,18.02,0.0,0.86
2018-01-22,0.649,46.13,17.07,1.37,27.69
2018-01-23,0.287,21.92,17.26,0.0,4.66
2018-01-24,0.842,82.76,17.8,15.24,49.72
2018-01-25,1.368,75.71,18.88,8.9,47.93
2018-01-26,0.516,33.14,17.6,0.01,15.53
2018-01-27,0.297,18.83,16.97,0.0,1.86
2018-01-28,0.251,17.57,16.69,0.0,0.87
2018-01-29,0.22,17.55,16.73,0.0,0.82
2018-01-30,0.194,17.43,16.61,0.0,0.81
2018-01-31,0.174,17.49,16.68,0.0,0.81
2018-02-01,0.145,17.58,16.78,0.0,0.79
2018-02-02,0.124,17.53,16.74,0.0,0.79
2018-02-03,0.105,17.64,16.85,0.0,0.79
2018-02-04,0.087,17.51,16.73,0.0,0.78
2018-02-05,0.07,17.53,16.75,0.0,0.77
2018-02-06,0.049,17.94,17.18,0.0,0.77
2018-02-07,0.025,17.43,16.72,0.0,0.72
2018-02-08,0.023,17.17,16.41,0.0,0.76
2018-02-09,0.014,16.63,15.92,0.0,0.72
2018-02-10,0.006,17.69,17.02,0.0,0.67
2018-02-11,0.001,19.01,18.58,0.0,0.44
2018-02-12,0.0,20.25,20.09,0.0,0.21
2018-02-13,0.0,19.29,19.59,0.0,0.03
2018-02-14,0.0,0.0,0.0,0.0,0.0
2018-02-15,0.0,0.0,0.0,0.0,0.0
2018-02-16,0.0,0.0,0.0,0.0,0.0
2018-02-17,0.0,0.0,0.0,0.0,0.0
2018-02-18,0.0,0.0,0.0,0.0,0.0
2018-02-19,0.0,0.0,0.0,0.0,0.0
2018-02-20,0.0,0.0,0.0,0.0,0.0
2018-02-21,0.0,0.0,0.0,0.0,0.0
2018-02-22,0.0,0.0,0.0,0.0,0.0
2018-02-23,0.0,0.0,0.0,0.0,0.0
2018-02-24,0.0,0.0,0.0,0.0,0.0
2018-02-25,0.0,0.0,0.0,0.0,0.0
2018-02-26,0.104,50.66,27.17,0.45,23.04
2018-02-27,0.024,31.19,26.13,0.0,5.06
2018-02-28,0.005,14.13,13.26,0.17,0.7
2018-03-01,5.702,182.38,20.48,64.26,97.64
2018-03-02,2.449,128.15,20.08,39.15,68.92
2018-03-03,1.066,69.79,19.54,4.08,46.17
2018-03-04,0.306,38.71,18.48,0.0,20.24
2018-03-05,0.154,19.75,17.1,0.0,2.64
2018-03-06,0.106,17.53,16.65,0.0,0.88
2018-03-07,0.081,17.18,16.41,0.0,0.78
2018-03-08,0.081,17.69,16.37,0.0,1.32
2018-03-09,0.061,17.25,16.46,0.0,0.8
2018-03-10,0.042,17.06,16.31,0.0,0.75
2018-03-11,0.029,16.74,16.0,0.0,0.74
2018-03-12,0.02,16.53,15.67,0.0,0.85
2018-03-13,1.786,91.86,17.87,18.83,55.16
2018-03-14,1.802,74.28,19.9,9.82,44.56
2018-03-15,1.114,61.94,16.88,8.29,36.77
2018-03-16,2.363,80.68,19.58,17.74,43.37
2018-03-17,0.453,35.74,18.41,0.0,17.33
2018-03-18,0.217,19.41,16.89,0.0,2.51
2018-03-19,0.157,17.32,16.43,0.0,0.89
2018-03-20,0.689,51.53,17.16,5.75,28.61
2018-03-21,2.861,85.61,18.86,22.78,43.97
2018-03-22,5.7,177.56,21.21,64.72,91.63
2018-03-23,1.216,71.91,17.34,12.93,41.64
2018-03-24,2.24,96.64,19.01,24.99,52.64
2018-03-25,0.99,32.47,18.41,0.0,14.05
2018-03-26,0.66,19.97,17.64,0.0,2.33
2018-03-27,0.54,18.62,17.6,0.0,1.02
2018-03-28,0.467,18.45,17.56,0.0,0.89
2018-03-29,0.398,18.46,17.6,0.0,0.86
2018-03-30,0.336,18.48,17.64,0.0,0.84
2018-03-31,0.282,18.54,17.7,0.0,0.83
2018-04-01,0.237,18.61,17.79,0.0,0.82
2018-04-02,0.195,18.7,17.89,0.0,0.81
2018-04-03,0.166,18.75,17.95,0.0,0.81
2018-04-04,0.113,19.39,18.61,0.0,0.78
2018-04-05,0.081,19.06,16.34,0.01,2.72
2018-04-06,6.708,141.73,19.63,49.56,72.55
2018-04-07,8.114,237.13,23.56,89.8,123.77
2018-04-08,1.877,59.25,17.56,11.77,29.92
2018-04-09,1.276,22.96,16.93,0.01,6.02
2018-04-10,0.963,18.55,16.84,0.0,1.7
2018-04-11,0.974,20.1,16.99,0.02,3.09
2018-04-12,0.871,21.59,17.36,0.0,4.22
2018-04-13,0.696,18.3,17.0,0.0,1.3
2018-04-14,0.586,17.96,17.01,0.0,0.95
2018-04-15,0.551,22.79,17.05,0.02,5.72
2018-04-16,1.519,67.02,18.13,11.8,37.09
2018-04-17,0.673,25.79,17.33,0.0,8.46
2018-04-18,0.47,18.47,16.93,0.0,1.54
2018-04-19,0.401,17.75,16.84,0.0,0.91
2018-04-20,0.339,17.68,16.82,0.0,0.86
2018-04-21,0.284,17.66,16.82,0.0,0.84
2018-04-22,0.234,17.66,16.84,0.0,0.82
2018-04-23,0.186,17.66,16.85,0.0,0.81
2018-04-24,0.144,17.65,16.86,0.0,0.8
2018-04-25,0.108,17.69,16.91,0.0,0.79
2018-04-26,0.067,17.57,16.81,0.0,0.75
2018-04-27,0.05,17.27,16.51,0.0,0.76
2018-04-28,0.028,17.08,16.36,0.0,0.72
2018-04-29,0.013,16.85,16.16,0.0,0.68
2018-04-30,0.006,17.45,16.78,0.0,0.68
2018-05-01,0.001,17.63,17.11,0.0,0.52
2018-05-02,0.0,23.15,23.0,0.0,0.05
2018-05-03,0.0,23.15,28.38,0.0,0.01
2018-05-04,0.0,0.0,0.0,0.0,0.0
2018-05-05,0.0,0.0,0.0,0.0,0.0
2018-05-06,0.0,0.0,0.0,0.0,0.0
2018-05-07,0.0,0.0,0.0,0.0,0.0
2018-05-08,0.0,0.0,0.0,0.0,0.0
2018-05-09,0.0,0.0,0.0,0.0,0.0
2018-05-10,0.0,0.0,0.0,0.0,0.0
2018-05-11,0.0,0.0,0.0,0.0,0.0
2018-05-12,0.0,0.0,0.0,0.0,0.0
2018-05-13,0.0,0.0,0.0,0.0,0.0
2018-05-14,0.0,0.0,0.0,0.0,0.0
2018-05-15,0.0,0.0,0.0,0.0,0.0
2018-05-16,0.0,0.0,0.0,0.0,0.0
2018-05-17,0.0,0.0,0.0,0.0,0.0
2018-05-18,0.0,0.0,0.0,0.0,0.0
2018-05-19,0.0,0.0,0.0,0.0,0.0
2018-05-20,0.0,0.0,0.0,0.0,0.0
2018-05-21,0.0,0.0,0.0,0.0,0.0
2018-05-22,0.0,0.0,0.0,0.0,0.0
2018-05-23,0.0,0.0,0.0,0.0,0.0
2018-05-24,0.0,0.0,0.0,0.0,0.0
2018-05-25,0.0,0.0,0.0,0.0,0.0
2018-05-26,0.0,0.0,0.0,0.0,0.0
2018-05-27,0.0,0.0,0.0,0.0,0.0
2018-05-28,0.0,0.0,0.0,0.0,0.0
2018-05-29,0.0,0.0,0.0,0.0,0.0
2018-05-30,0.0,0.0,0.0,0.0,0.0
2018-05-31,0.0,0.0,0.0,0.0,0.0
2018-06-01,0.0,0.0,0.0,0.0,0.0
2018-06-02,0.0,0.0,0.0,0.0,0.0
2018-06-03,0.0,0.0,0.0,0.0,0.0
2018-06-04,0.0,0.0,0.0,0.0,0.0
2018-06-05,0.0,0.0,0.0,0.0,0.0
2018-06-06,0.0,0.0,0.0,0.0,0.0
2018-06-07,0.0,0.0,0.0,0.0,0.0
2018-06-08,0.0,0.0,0.0,0.0,0.0
2018-06-09,0.0,0.0,0.0,0.0,0.0
2018-06-10,0.0,0.0,0.0,0.0,0.0
2018-06-11,0.0,0.0,0.0,0.0,0.0
2018-06-12,0.0,0.0,0.0,0.0,0.0
2018-06-13,0.0,0.0,0.0,0.0,0.0
2018-06-14,0.0,0.0,0.0,0.0,0.0
2018-06-15,0.0,0.0,0.0,0.0,0.0
2018-06-16,0.0,0.0,0.0,0.0,0.0
2018-06-17,0.0,0.0,0.0,0.0,0.0
2018-06-18,0.0,0.0,0.0,0.0,0.0
2018-06-19,0.0,0.0,0.0,0.0,0.0
2018-06-20,0.0,0.0,0.0,0.0,0.0
2018-06-21,0.0,0.0,0.0,0.0,0.0
2018-06-22,0.0,0.0,0.0,0.0,0.0
2018-06-23,0.0,0.0,0.0,0.0,0.0
2018-06-24,0.0,0.0,0.0,0.0,0.0
2018-06-25,0.0,0.0,0.0,0.0,0.0
2018-06-26,0.0,0.0,0.0,0.0,0.0
2018-06-27,0.0,0.0,0.0,0.0,0.0
2018-06-28,0.0,0.0,0.0,0.0,0.0
2018-06-29,0.0,0.0,0.0,0.0,0.0
2018-06-30,0.0,0.0,0.0,0.0,0.0
2018-07-01,0.0,0.0,0.0,0.0,0.0
2018-07-02,0.0,0.0,0.0,0.0,0.0
2018-07-03,0.0,0.0,0.0,0.0,0.0
2018-07-04,0.0,0.0,0.0,0.0,0.0
2018-07-05,0.0,0.0,0.0,0.0,0.0
2018-07-06,0.0,0.0,0.0,0.0,0.0
2018-07-07,0.0,0.0,0.0,0.0,0.0
2018-07-08,0.0,0.0,0.0,0.0,0.0
2018-07-09,0.0,0.0,0.0,0.0,0.0
2018-07-10,0.0,0.0,0.0,0.0,0.0
2018-07-11,0.0,0.0,0.0,0.0,0.0
2018-07-12,0.0,0.0,0.0,0.0,0.0
2018-07-13,0.0,0.0,0.0,0.0,0.0
2018-07-14,0.0,0.0,0.0,0.0,0.0
2018-07-15,0.0,0.0,0.0,0.0,0.0
2018-07-16,0.0,0.0,0.0,0.0,0.0
2018-07-17,0.0,0.0,0.0,0.0,0.0
2018-07-18,0.0,0.0,0.0,0.0,0.0
2018-07-19,0.0,0.0,0.0,0.0,0.0
2018-07-20,0.0,0.0,0.0,0.0,0.0
2018-07-21,0.0,0.0,0.0,0.0,0.0
2018-07-22,0.0,0.0,0.0,0.0,0.0
2018-07-23,0.0,0.0,0.0,0.0,0.0
2018-07-24,0.0,0.0,0.0,0.0,0.0
2018-07-25,0.0,0.0,0.0,0.0,0.0
2018-07-26,0.0,0.0,0.0,0.0,0.0
2018-07-27,0.0,0.0,0.0,0.0,0.0
2018-07-28,0.0,0.0,0.0,0.0,0.0
2018-07-29,0.0,0.0,0.0,0.0,0.0
2018-07-30,0.0,0.0,0.0,0.0,0.0
2018-07-31,0.0,0.0,0.0,0.0,0.0
2018-08-01,0.0,0.0,0.0,0.0,0.0
2018-08-02,0.0,0.0,0.0,0.0,0.0
2018-08-03,0.0,0.0,0.0,0.0,0.0
2018-08-04,0.0,0.0,0.0,0.0,0.0
2018-08-05,0.0,0.0,0.0,0.0,0.0
2018-08-06,0.0,0.0,0.0,0.0,0.0
2018-08-07,0.0,0.0,0.0,0.0,0.0
2018-08-08,0.0,0.0,0.0,0.0,0.0
2018-08-09,0.0,0.0,0.0,0.0,0.0
2018-08-10,0.0,0.0,0.0,0.0,0.0
2018-08-11,0.0,0.0,0.0,0.0,0.0
2018-08-12,0.0,0.0,0.0,0.0,0.0
2018-08-13,0.0,0.0,0.0,0.0,0.0
2018-08-14,0.0,0.0,0.0,0.0,0.0
2018-08-15,0.0,0.0,0.0,0.0,0.0
2018-08-16,0.0,0.0,0.0,0.0,0.0
2018-08-17,0.0,0.0,0.0,0.0,0.0
2018-08-18,0.0,0.0,0.0,0.0,0.0
2018-08-19,0.0,0.0,0.0,0.0,0.0
2018-08-20,0.0,0.0,0.0,0.0,0.0
2018-08-21,0.0,0.0,0.0,0.0,0.0
2018-08-22,0.0,0.0,0.0,0.0,0.0
2018-08-23,0.0,0.0,0.0,0.0,0.0
2018-08-24,0.0,0.0,0.0,0.0,0.0
2018-08-25,0.0,0.0,0.0,0.0,0.0
2018-08-26,0.0,0.0,0.0,0.0,0.0
2018-08-27,0.0,0.0,0.0,0.0,0.0
2018-08-28,0.0,0.0,0.0,0.0,0.0
2018-08-29,0.0,0.0,0.0,0.0,0.0
2018-08-30,0.0,0.0,0.0,0.0,0.0
2018-08-31,0.0,0.0,0.0,0.0,0.0
2018-09-01,0.0,0.0,0.0,0.0,0.0
2018-09-02,0.0,0.0,0.0,0.0,0.0
2018-09-03,0.0,0.0,0.0,0.0,0.0
2018-09-04,0.0,0.0,0.0,0.0,0.0
2018-09-05,0.0,0.0,0.0,0.0,0.0
2018-09-06,0.0,0.0,0.0,0.0,0.0
2018-09-07,0.0,0.0,0.0,0.0,0.0
2018-09-08,0.0,0.0,0.0,0.0,0.0
2018-09-09,0.0,0.0,0.0,0.0,0.0
2018-09-10,0.0,0.0,0.0,0.0,0.0
2018-09-11,0.0,0.0,0.0,0.0,0.0
2018-09-12,0.0,0.0,0.0,0.0,0.0
2018-09-13,0.0,0.0,0.0,0.0,0.0
2018-09-14,0.0,0.0,0.0,0.0,0.0
2018-09-15,0.0,0.0,0.0,0.0,0.0
2018-09-16,0.0,0.0,0.0,0.0,0.0
2018-09-17,0.0,0.0,0.0,0.0,0.0
2018-09-18,0.0,0.0,0.0,0.0,0.0
2018-09-19,0.0,0.0,0.0,0.0,0.0
2018-09-20,0.0,0.0,0.0,0.0,0.0
2018-09-21,0.0,0.0,0.0,0.0,0.0
2018-09-22,0.0,0.0,0.0,0.0,0.0
2018-09-23,0.0,0.0,0.0,0.0,0.0
2018-09-24,0.0,0.0,0.0,0.0,0.0
2018-09-25,0.0,0.0,0.0,0.0,0.0
2018-09-26,0.0,0.0,0.0,0.0,0.0
2018-09-27,0.0,0.0,0.0,0.0,0.0
2018-09-28,0.0,0.0,0.0,0.0,0.0
2018-09-29,0.0,0.0,0.0,0.0,0.0
2018-09-30,0.0,0.0,0.0,0.0,0.0
2018-10-01,0.0,0.0,0.0,0.0,0.0
2018-10-02,0.001,15.62,11.89,0.05,3.69
2018-10-03,0.0,15.14,13.5,0.0,1.74
2018-10-04,0.0,14.47,13.28,0.0,0.41
2018-10-05,0.0,0.0,0.0,0.0,0.0
2018-10-06,0.0,0.0,0.0,0.0,0.0
2018-10-07,0.0,0.0,0.0,0.0,0.0
2018-10-08,0.0,0.0,0.0,0.0,0.0
2018-10-09,0.0,0.0,0.0,0.0,0.0
2018-10-10,0.0,0.0,0.0,0.0,0.0
2018-10-11,0.0,0.0,0.0,0.0,0.0
2018-10-12,0.0,0.0,0.0,0.0,0.0
2018-10-13,0.0,0.0,0.0,0.0,0.0
2018-10-14,0.0,0.0,0.0,0.0,0.0
2018-10-15,0.0,0.0,0.0,0.0,0.0
2018-10-16,0.0,0.0,0.0,0.0,0.0
2018-10-17,0.0,0.0,0.0,0.0,0.0
2018-10-18,0.0,0.0,0.0,0.0,0.0
2018-10-19,0.0,0.0,0.0,0.0,0.0
2018-10-20,0.0,0.0,0.0,0.0,0.0
2018-10-21,0.0,0.0,0.0,0.0,0.0
2018-10-22,0.0,0.0,0.0,0.0,0.0
2018-10-23,0.0,0.0,0.0,0.0,0.0
2018-10-24,0.0,0.0,0.0,0.0,0.0
2018-10-25,0.0,0.0,0.0,0.0,0.0
2018-10-26,0.0,0.0,0.0,0.0,0.0
2018-10-27,0.0,0.0,0.0,0.0,0.0
2018-10-28,0.0,0.0,0.0,0.0,0.0
2018-10-29,0.0,0.0,0.0,0.0,0.0
2018-10-30,0.0,0.0,0.0,0.0,0.0
2018-10-31,0.0,0.0,0.0,0.0,0.0
2018-11-01,0.0,0.0,0.0,0.0,0.0
2018-11-02,0.0,0.0,0.0,0.0,0.0
2018-11-03,0.0,0.0,0.0,0.0,0.0
2018-11-04,0.0,0.0,0.0,0.0,0.0
2018-11-05,0.0,0.0,0.0,0.0,0.0
2018-11-06,0.0,0.0,0.0,0.0,0.0
2018-11-07,0.0,0.0,0.0,0.0,0.0
2018-11-08,0.0,0.0,0.0,0.0,0.0
2018-11-09,0.0,0.0,0.0,0.0,0.0
2018-11-10,0.0,0.0,0.0,0.0,0.0
2018-11-11,0.0,0.0,0.0,0.0,0.0
2018-11-12,0.0,0.0,0.0,0.0,0.0
2018-11-13,0.0,0.0,0.0,0.0,0.0
2018-11-14,0.0,0.0,0.0,0.0,0.0
2018-11-15,0.0,0.0,0.0,0.0,0.0
2018-11-16,0.0,0.0,0.0,0.0,0.0
2018-11-17,0.0,0.0,0.0,0.0,0.0
2018-11-18,0.0,0.0,0.0,0.0,0.0
2018-11-19,0.0,0.0,0.0,0.0,0.0
2018-11-20,0.0,0.0,0.0,0.0,0.0
2018-11-21,3.527,230.29,19.56,85.33,125.4
2018-11-22,2.357,119.89,18.41,30.38,71.09
2018-11-23,4.477,135.45,19.78,45.41,70.26
2018-11-24,1.533,100.32,20.24,26.03,54.05
2018-11-25,0.315,42.18,17.88,0.0,24.3
2018-11-26,0.154,19.51,16.2,0.0,3.31
2018-11-27,0.403,36.31,15.27,0.9,20.15
2018-11-28,1.369,148.48,11.7,55.88,80.9
2018-11-29,7.792,312.39,24.31,121.35,166.73
2018-11-30,1.357,138.65,18.95,38.64,81.06
2018-12-01,1.938,93.85,17.93,19.23,56.68
2018-12-02,0.781,29.25,17.03,0.0,12.22
2018-12-03,0.548,18.64,16.62,0.0,2.03
2018-12-04,0.322,17.13,16.22,0.0,0.91
2018-12-05,1.433,63.22,17.78,10.79,34.64
2018-12-06,0.625,22.83,17.29,0.0,5.54
2018-12-07,0.503,17.9,16.72,0.0,1.18
2018-12-08,0.446,17.51,16.63,0.0,0.88
2018-12-09,0.4,17.47,16.61,0.0,0.85
2018-12-10,0.37,17.45,16.61,0.0,0.84
2018-12-11,0.335,17.48,16.64,0.0,0.83
2018-12-12,0.292,17.5,16.68,0.0,0.82
2018-12-13,0.252,17.53,16.72,0.0,0.81
2018-12-14,0.222,17.42,16.61,0.0,0.8
2018-12-15,0.215,17.4,16.58,0.0,0.81
2018-12-16,1.72,109.4,17.5,32.7,59.2
2018-12-17,2.536,111.73,20.06,31.21,60.46
2018-12-18,0.761,38.06,17.79,0.0,20.27
2018-12-19,0.538,20.18,16.96,0.0,3.22
2018-12-20,0.461,17.87,16.85,0.0,1.03
2018-12-21,0.564,21.46,17.11,0.01,4.33
2018-12-22,0.437,18.47,17.04,0.0,1.44
2018-12-23,0.382,17.7,16.83,0.0,0.87
2018-12-24,1.756,107.24,17.39,30.41,59.45
2018-12-25,1.565,71.53,19.31,11.87,40.35
2018-12-26,0.696,26.44,17.16,0.0,9.28
2018-12-27,0.524,18.62,16.9,0.0,1.72
2018-12-28,0.403,17.69,16.79,0.0,0.9
2018-12-29,0.421,17.63,16.77,0.0,0.86
2018-12-30,0.41,17.58,16.73,0.0,0.85
2018-12-31,0.296,18.07,17.25,0.0,0.82
2019-01-01,0.116,17.69,17.01,0.0,0.68
2019-01-02,0.249,17.63,16.79,0.0,0.84
2019-01-03,0.243,17.58,16.77,0.0,0.81
2019-01-04,0.227,17.54,16.74,0.0,0.8
2019-01-05,0.261,22.31,16.22,0.04,6.04
2019-01-06,7.888,224.31,22.73,83.81,117.77
2019-01-07,4.935,121.29,18.09,42.34,60.86
2019-01-08,2.668,31.0,16.12,3.7,11.19
2019-01-09,3.248,34.33,15.97,6.3,12.06
2019-01-10,2.791,21.31,15.67,1.17,4.47
2019-01-11,2.445,17.5,15.47,0.45,1.57
2019-01-12,2.136,16.91,15.44,0.29,1.19
2019-01-13,1.876,16.57,15.4,0.05,1.13
2019-01-14,1.669,16.5,15.39,0.01,1.1
2019-01-15,3.282,55.34,16.69,13.84,24.82
2019-01-16,10.775,981.51,21.24,414.1,546.16
2019-01-17,18.498,845.2,23.47,354.78,466.95
2019-01-18,11.886,85.13,18.99,28.56,37.59
2019-01-19,9.219,26.87,17.47,4.06,5.34
2019-01-20,8.417,25.25,16.89,3.61,4.76
2019-01-21,7.722,22.9,16.65,2.69,3.56
2019-01-22,6.546,18.59,16.16,1.01,1.42
2019-01-23,5.716,18.13,16.18,0.77,1.17
2019-01-24,4.94,18.11,16.24,0.73,1.14
2019-01-25,4.243,18.09,16.28,0.67,1.14
2019-01-26,3.628,17.99,16.33,0.53,1.14
2019-01-27,3.127,17.96,16.37,0.45,1.14
2019-01-28,2.748,17.89,16.43,0.32,1.14
2019-01-29,2.385,17.69,16.49,0.07,1.13
2019-01-30,2.088,17.66,16.52,0.02,1.13
2019-01-31,1.775,17.7,16.57,0.01,1.12
2019-02-01,1.752,20.36,16.42,0.34,3.59
2019-02-02,5.648,97.52,17.36,33.04,47.12
2019-02-03,5.805,45.51,17.13,11.89,16.5
2019-02-04,8.863,76.51,17.46,25.44,33.61
2019-02-05,7.123,27.37,16.69,4.6,6.08
2019-02-06,5.768,19.57,16.41,1.32,1.84
2019-02-07,4.819,18.5,16.45,0.81,1.25
2019-02-08,5.082,35.84,16.93,8.09,10.82
2019-02-09,5.606,33.39,17.06,6.96,9.37
2019-02-10,7.195,49.17,18.07,13.42,17.68
2019-02-11,5.364,22.19,17.25,2.1,2.84
2019-02-12,4.582,20.39,16.98,1.39,2.02
2019-02-13,23.999,1411.34,25.72,598.01,787.61
2019-02-14,49.965,1386.24,31.33,584.33,770.57
2019-02-15,38.837,93.28,29.51,27.51,36.25
2019-02-16,28.61,31.45,25.77,2.45,3.23
2019-02-17,21.086,25.35,23.13,0.96,1.26
2019-02-18,16.254,23.21,21.2,0.87,1.15
2019-02-19,12.627,21.41,19.41,0.86,1.14
2019-02-20,9.993,20.1,18.1,0.86,1.14
2019-02-21,7.902,19.38,17.38,0.86,1.14
2019-02-22,6.333,19.22,17.23,0.86,1.14
2019-02-23,5.193,19.24,17.26,0.84,1.14
2019-02-24,4.244,19.15,17.29,0.72,1.14
2019-02-25,4.123,27.34,16.86,4.19,6.28
2019-02-26,13.56,71.14,18.97,22.48,29.69
2019-02-27,26.054,99.43,24.01,31.8,43.62
2019-02-28,19.55,41.33,21.7,2.38,17.25
2019-03-01,15.826,56.13,20.21,1.46,34.46
2019-03-02,19.953,190.51,21.69,58.52,110.3
2019-03-03,16.334,78.84,20.46,4.65,53.73
2019-03-04,13.119,83.99,19.46,1.4,63.13
2019-03-05,10.946,90.97,18.66,1.1,71.21
2019-03-06,24.339,755.0,23.39,302.03,429.58
2019-03-07,19.503,90.87,21.86,11.38,57.62
2019-03-08,14.828,81.79,20.06,1.96,59.78
2019-03-09,11.944,88.91,19.08,1.27,68.56
2019-03-10,10.244,93.53,18.41,1.83,73.3
2019-03-11,8.545,95.56,17.87,0.98,76.71
2019-03-12,6.75,100.63,17.04,0.42,83.17
2019-03-13,5.309,106.43,16.04,0.27,90.12
2019-03-14,4.288,111.65,15.1,0.13,96.42
2019-03-15,3.494,118.16,14.39,0.08,103.69
2019-03-16,2.835,123.87,14.23,0.07,109.57
2019-03-17,2.281,128.44,14.14,0.06,114.24
2019-03-18,1.809,133.23,14.04,0.05,119.14
2019-03-19,1.401,139.72,13.91,0.04,125.76
2019-03-20,3.879,157.26,16.63,40.33,100.3
2019-03-21,2.711,76.8,15.28,0.4,61.12
2019-03-22,3.377,65.61,14.19,3.87,47.55
2019-03-23,6.668,76.29,17.01,16.56,42.71
2019-03-24,4.881,46.06,15.28,0.79,29.99
2019-03-25,5.371,59.95,15.69,7.83,36.42
2019-03-26,5.796,51.74,16.11,4.87,30.76
2019-03-27,6.044,51.52,16.02,4.89,30.61
2019-03-28,5.379,46.52,15.66,1.01,29.85
2019-03-29,4.574,51.45,15.19,0.51,35.75
2019-03-30,3.722,58.67,14.89,0.36,43.41
2019-03-31,2.987,65.8,14.75,0.22,50.82
2019-04-01,2.6,67.88,14.78,0.12,52.98
2019-04-02,2.196,72.64,14.67,0.1,57.88
2019-04-03,1.788,80.3,14.49,0.08,65.73
2019-04-04,1.46,88.02,14.32,0.07,73.64
2019-04-05,1.402,86.67,14.51,0.04,72.12
2019-04-06,1.271,84.8,14.66,0.01,70.13
2019-04-07,1.007,93.31,14.39,0.0,78.92
2019-04-08,0.798,102.74,14.1,0.0,88.64
2019-04-09,0.627,112.99,13.7,0.0,99.29
2019-04-10,0.506,120.39,13.52,0.0,106.88
2019-04-11,0.394,128.77,13.2,0.0,115.57
2019-04-12,0.305,129.57,12.82,0.0,116.75
2019-04-13,0.235,128.94,12.42,0.0,116.52
2019-04-14,0.187,122.99,12.35,0.0,110.64
2019-04-15,0.145,116.85,12.36,0.0,104.5
2019-04-16,0.107,111.08,12.39,0.0,98.69
2019-04-17,0.071,105.25,12.46,0.0,92.79
2019-04-18,0.037,97.5,12.66,0.0,84.84
2019-04-19,0.009,72.32,13.3,0.0,59.02
2019-04-20,0.001,28.87,13.39,0.0,15.53
2019-04-21,0.0,16.72,13.45,0.0,3.78
2019-04-22,0.0,11.57,12.03,0.0,0.82
2019-04-23,0.0,0.0,0.0,0.0,0.0
2019-04-24,0.0,0.0,0.0,0.0,0.0
2019-04-25,0.0,0.0,0.0,0.0,0.0
2019-04-26,0.0,0.0,0.0,0.0,0.0
2019-04-27,0.0,0.0,0.0,0.0,0.0
2019-04-28,0.0,0.0,0.0,0.0,0.0
2019-04-29,0.0,0.0,0.0,0.0,0.0
2019-04-30,0.0,0.0,0.0,0.0,0.0
2019-05-01,0.0,0.0,0.0,0.0,0.0
2019-05-02,0.0,0.0,0.0,0.0,0.0
2019-05-03,0.0,0.0,0.0,0.0,0.0
2019-05-04,0.0,0.0,0.0,0.0,0.0
2019-05-05,0.0,0.0,0.0,0.0,0.0
2019-05-06,0.0,0.0,0.0,0.0,0.0
2019-05-07,0.0,0.0,0.0,0.0,0.0
2019-05-08,0.0,0.0,0.0,0.0,0.0
2019-05-09,0.0,0.0,0.0,0.0,0.0
2019-05-10,0.0,0.0,0.0,0.0,0.0
2019-05-11,0.0,0.0,0.0,0.0,0.0
2019-05-12,0.0,0.0,0.0,0.0,0.0
2019-05-13,0.0,0.0,0.0,0.0,0.0
2019-05-14,0.0,0.0,0.0,0.0,0.0
2019-05-15,2.596,183.36,18.35,67.13,97.88
2019-05-16,2.805,148.05,20.57,46.95,80.53
2019-05-17,0.407,77.74,19.34,0.03,58.37
2019-05-18,1.356,84.98,16.98,18.78,49.22
2019-05-19,3.411,166.65,20.29,57.92,88.44
2019-05-20,0.588,79.97,19.03,1.97,58.97
2019-05-21,0.167,34.2,17.15,0.0,17.05
2019-05-22,0.086,17.63,15.6,0.0,2.03
2019-05-23,0.063,16.33,15.51,0.0,0.81
2019-05-24,0.037,16.33,15.61,0.0,0.73
2019-05-25,0.022,16.41,15.68,0.0,0.73
2019-05-26,0.016,16.47,15.7,0.0,0.76
2019-05-27,0.012,16.66,15.9,0.0,0.76
2019-05-28,0.008,16.69,15.94,0.0,0.76
2019-05-29,0.006,16.82,16.06,0.0,0.76
2019-05-30,0.004,16.83,16.04,0.0,0.76
2019-05-31,0.003,16.78,16.04,0.0,0.76
2019-06-01,0.002,17.05,16.3,0.0,0.77
2019-06-02,0.001,17.36,16.52,0.0,0.75
2019-06-03,0.001,17.58,16.94,0.0,0.74
2019-06-04,0.0,18.85,18.05,0.0,0.69
2019-06-05,0.0,21.86,21.46,0.0,0.6
2019-06-06,0.0,23.15,27.58,0.0,0.17
2019-06-07,0.0,0.0,0.0,0.0,0.0
2019-06-08,0.0,0.0,0.0,0.0,0.0
2019-06-09,0.0,0.0,0.0,0.0,0.0
2019-06-10,0.0,0.0,0.0,0.0,0.0
2019-06-11,0.0,0.0,0.0,0.0,0.0
2019-06-12,0.0,0.0,0.0,0.0,0.0
2019-06-13,0.0,0.0,0.0,0.0,0.0
2019-06-14,0.0,0.0,0.0,0.0,0.0
2019-06-15,0.0,0.0,0.0,0.0,0.0
2019-06-16,0.0,0.0,0.0,0.0,0.0
2019-06-17,0.0,0.0,0.0,0.0,0.0
2019-06-18,0.0,0.0,0.0,0.0,0.0
2019-06-19,0.0,0.0,0.0,0.0,0.0
2019-06-20,0.0,0.0,0.0,0.0,0.0
2019-06-21,0.0,0.0,0.0,0.0,0.0
2019-06-22,0.0,0.0,0.0,0.0,0.0
2019-06-23,0.0,0.0,0.0,0.0,0.0
2019-06-24,0.0,0.0,0.0,0.0,0.0
2019-06-25,0.0,0.0,0.0,0.0,0.0
2019-06-26,0.0,0.0,0.0,0.0,0.0
2019-06-27,0.0,0.0,0.0,0.0,0.0
2019-06-28,0.0,0.0,0.0,0.0,0.0
2019-06-29,0.0,0.0,0.0,0.0,0.0
2019-06-30,0.0,0.0,0.0,0.0,0.0
2019-07-01,0.0,0.0,0.0,0.0,0.0
2019-07-02,0.0,0.0,0.0,0.0,0.0
2019-07-03,0.0,0.0,0.0,0.0,0.0
2019-07-04,0.0,0.0,0.0,0.0,0.0
2019-07-05,0.0,0.0,0.0,0.0,0.0
2019-07-06,0.0,0.0,0.0,0.0,0.0
2019-07-07,0.0,0.0,0.0,0.0,0.0
2019-07-08,0.0,0.0,0.0,0.0,0.0
2019-07-09,0.0,0.0,0.0,0.0,0.0
2019-07-10,0.0,0.0,0.0,0.0,0.0
2019-07-11,0.0,0.0,0.0,0.0,0.0
2019-07-12,0.0,0.0,0.0,0.0,0.0
2019-07-13,0.0,0.0,0.0,0.0,0.0
2019-07-14,0.0,0.0,0.0,0.0,0.0
2019-07-15,0.0,0.0,0.0,0.0,0.0
2019-07-16,0.0,0.0,0.0,0.0,0.0
2019-07-17,0.0,0.0,0.0,0.0,0.0
2019-07-18,0.0,0.0,0.0,0.0,0.0
2019-07-19,0.0,0.0,0.0,0.0,0.0
2019-07-20,0.0,0.0,0.0,0.0,0.0
2019-07-21,0.0,0.0,0.0,0.0,0.0
2019-07-22,0.0,0.0,0.0,0.0,0.0
2019-07-23,0.0,0.0,0.0,0.0,0.0
2019-07-24,0.0,0.0,0.0,0.0,0.0
2019-07-25,0.0,0.0,0.0,0.0,0.0
2019-07-26,0.0,0.0,0.0,0.0,0.0
2019-07-27,0.0,0.0,0.0,0.0,0.0
2019-07-28,0.0,0.0,0.0,0.0,0.0
2019-07-29,0.0,0.0,0.0,0.0,0.0
2019-07-30,0.0,0.0,0.0,0.0,0.0
2019-07-31,0.0,0.0,0.0,0.0,0.0
2019-08-01,0.0,0.0,0.0,0.0,0.0
2019-08-02,0.0,0.0,0.0,0.0,0.0
2019-08-03,0.0,0.0,0.0,0.0,0.0
2019-08-04,0.0,0.0,0.0,0.0,0.0
2019-08-05,0.0,0.0,0.0,0.0,0.0
2019-08-06,0.0,0.0,0.0,0.0,0.0
2019-08-07,0.0,0.0,0.0,0.0,0.0
2019-08-08,0.0,0.0,0.0,0.0,0.0
2019-08-09,0.0,0.0,0.0,0.0,0.0
2019-08-10,0.0,0.0,0.0,0.0,0.0
2019-08-11,0.0,0.0,0.0,0.0,0.0
2019-08-12,0.0,0.0,0.0,0.0,0.0
2019-08-13,0.0,0.0,0.0,0.0,0.0
2019-08-14,0.0,0.0,0.0,0.0,0.0
2019-08-15,0.0,0.0,0.0,0.0,0.0
2019-08-16,0.0,0.0,0.0,0.0,0.0
2019-08-17,0.0,0.0,0.0,0.0,0.0
2019-08-18,0.0,0.0,0.0,0.0,0.0
2019-08-19,0.0,0.0,0.0,0.0,0.0
2019-08-20,0.0,0.0,0.0,0.0,0.0
2019-08-21,0.0,0.0,0.0,0.0,0.0
2019-08-22,0.0,0.0,0.0,0.0,0.0
2019-08-23,0.0,0.0,0.0,0.0,0.0
2019-08-24,0.0,0.0,0.0,0.0,0.0
2019-08-25,0.0,0.0,0.0,0.0,0.0
2019-08-26,0.0,0.0,0.0,0.0,0.0
2019-08-27,0.0,0.0,0.0,0.0,0.0
2019-08-28,0.0,0.0,0.0,0.0,0.0
2019-08-29,0.0,0.0,0.0,0.0,0.0
2019-08-30,0.0,0.0,0.0,0.0,0.0
2019-08-31,0.0,0.0,0.0,0.0,0.0
2019-09-01,0.0,0.0,0.0,0.0,0.0
2019-09-02,0.0,0.0,0.0,0.0,0.0
2019-09-03,0.0,0.0,0.0,0.0,0.0
2019-09-04,0.0,0.0,0.0,0.0,0.0
2019-09-05,0.0,0.0,0.0,0.0,0.0
2019-09-06,0.0,0.0,0.0,0.0,0.0
2019-09-07,0.0,0.0,0.0,0.0,0.0
2019-09-08,0.0,0.0,0.0,0.0,0.0
2019-09-09,0.0,0.0,0.0,0.0,0.0
2019-09-10,0.0,0.0,0.0,0.0,0.0
2019-09-11,0.0,0.0,0.0,0.0,0.0
2019-09-12,0.0,0.0,0.0,0.0,0.0
2019-09-13,0.0,0.0,0.0,0.0,0.0
2019-09-14,0.0,0.0,0.0,0.0,0.0
2019-09-15,0.0,0.0,0.0,0.0,0.0
2019-09-16,0.0,0.0,0.0,0.0,0.0
2019-09-17,0.0,0.0,0.0,0.0,0.0
2019-09-18,0.0,0.0,0.0,0.0,0.0
2019-09-19,0.0,0.0,0.0,0.0,0.0
2019-09-20,0.0,0.0,0.0,0.0,0.0
2019-09-21,0.0,0.0,0.0,0.0,0.0
2019-09-22,0.0,0.0,0.0,0.0,0.0
2019-09-23,0.0,0.0,0.0,0.0,0.0
2019-09-24,0.0,0.0,0.0,0.0,0.0
2019-09-25,0.0,0.0,0.0,0.0,0.0
2019-09-26,0.0,0.0,0.0,0.0,0.0
2019-09-27,0.0,0.0,0.0,0.0,0.0
2019-09-28,0.0,0.0,0.0,0.0,0.0
2019-09-29,0.0,0.0,0.0,0.0,0.0
2019-09-30,0.0,0.0,0.0,0.0,0.0
2019-10-01,0.0,0.0,0.0,0.0,0.0
2019-10-02,0.0,0.0,0.0,0.0,0.0
2019-10-03,0.0,0.0,0.0,0.0,0.0
2019-10-04,0.0,0.0,0.0,0.0,0.0
2019-10-05,0.0,0.0,0.0,0.0,0.0
2019-10-06,0.0,0.0,0.0,0.0,0.0
2019-10-07,0.0,0.0,0.0,0.0,0.0
2019-10-08,0.0,0.0,0.0,0.0,0.0
2019-10-09,0.0,0.0,0.0,0.0,0.0
2019-10-10,0.0,0.0,0.0,0.0,0.0
2019-10-11,0.0,0.0,0.0,0.0,0.0
2019-10-12,0.0,0.0,0.0,0.0,0.0
2019-10-13,0.0,0.0,0.0,0.0,0.0
2019-10-14,0.0,0.0,0.0,0.0,0.0
2019-10-15,0.0,0.0,0.0,0.0,0.0
2019-10-16,0.0,0.0,0.0,0.0,0.0
2019-10-17,0.0,0.0,0.0,0.0,0.0
2019-10-18,0.0,0.0,0.0,0.0,0.0
2019-10-19,0.0,0.0,0.0,0.0,0.0
2019-10-20,0.0,0.0,0.0,0.0,0.0
2019-10-21,0.0,0.0,0.0,0.0,0.0
2019-10-22,0.0,0.0,0.0,0.0,0.0
2019-10-23,0.0,0.0,0.0,0.0,0.0
2019-10-24,0.0,0.0,0.0,0.0,0.0
2019-10-25,0.0,0.0,0.0,0.0,0.0
2019-10-26,0.0,0.0,0.0,0.0,0.0
2019-10-27,0.0,0.0,0.0,0.0,0.0
2019-10-28,0.0,0.0,0.0,0.0,0.0
2019-10-29,0.0,0.0,0.0,0.0,0.0
2019-10-30,0.0,0.0,0.0,0.0,0.0
2019-10-31,0.0,0.0,0.0,0.0,0.0
2019-11-01,0.0,0.0,0.0,0.0,0.0
2019-11-02,0.0,0.0,0.0,0.0,0.0
2019-11-03,0.0,0.0,0.0,0.0,0.0
2019-11-04,0.0,0.0,0.0,0.0,0.0
2019-11-05,0.0,0.0,0.0,0.0,0.0
2019-11-06,0.0,0.0,0.0,0.0,0.0
2019-11-07,0.0,0.0,0.0,0.0,0.0
2019-11-08,0.0,0.0,0.0,0.0,0.0
2019-11-09,0.0,0.0,0.0,0.0,0.0
2019-11-10,0.0,0.0,0.0,0.0,0.0
2019-11-11,0.0,0.0,0.0,0.0,0.0
2019-11-12,0.0,0.0,0.0,0.0,0.0
2019-11-13,0.0,0.0,0.0,0.0,0.0
2019-11-14,0.0,0.0,0.0,0.0,0.0
2019-11-15,0.0,0.0,0.0,0.0,0.0
2019-11-16,0.0,0.0,0.0,0.0,0.0
2019-11-17,0.0,0.0,0.0,0.0,0.0
2019-11-18,0.0,0.0,0.0,0.0,0.0
2019-11-19,0.0,0.0,0.0,0.0,0.0
2019-11-20,0.0,0.0,0.0,0.0,0.0
2019-11-21,0.0,0.0,0.0,0.0,0.0
2019-11-22,0.0,0.0,0.0,0.0,0.0
2019-11-23,0.0,0.0,0.0,0.0,0.0
2019-11-24,0.0,0.0,0.0,0.0,0.0
2019-11-25,0.0,0.0,0.0,0.0,0.0
2019-11-26,1.079,208.4,18.62,75.58,114.2
2019-11-27,1.17,146.88,21.05,30.4,95.42
2019-11-28,0.494,59.52,19.9,0.1,39.53
2019-11-29,0.074,40.27,20.14,0.0,20.12
2019-11-30,0.322,32.25,14.12,0.46,17.68
2019-12-01,3.874,83.98,18.25,23.56,42.18
2019-12-02,3.275,88.44,19.56,26.49,42.38
2019-12-03,0.48,45.56,18.79,0.04,26.73
2019-12-04,1.267,48.07,18.66,3.67,25.74
2019-12-05,0.322,29.13,17.84,0.0,11.29
2019-12-06,0.774,84.68,14.05,24.12,46.52
2019-12-07,2.94,146.74,19.63,46.37,80.74
2019-12-08,1.436,124.95,19.52,33.85,71.57
2019-12-09,0.474,42.15,17.0,0.0,25.16
2019-12-10,0.331,19.58,15.72,0.0,3.86
2019-12-11,0.378,21.31,16.51,0.02,4.78
2019-12-12,0.814,29.86,18.25,0.23,11.37
2019-12-13,0.341,18.1,16.24,0.0,1.87
2019-12-14,0.229,16.48,15.63,0.0,0.85
2019-12-15,0.192,15.67,14.87,0.0,0.81
2019-12-16,0.202,16.24,15.41,0.0,0.82
2019-12-17,0.146,16.05,15.26,0.0,0.78
2019-12-18,1.358,70.77,17.98,10.3,42.49
2019-12-19,0.645,32.52,18.04,0.01,14.46
2019-12-20,0.301,18.91,16.16,0.0,2.76
2019-12-21,0.226,16.6,15.69,0.0,0.91
2019-12-22,1.903,108.96,18.44,25.71,64.8
2019-12-23,0.602,40.7,17.32,0.0,23.38
2019-12-24,0.361,18.85,15.87,0.0,2.97
2019-12-25,1.906,170.89,18.37,49.28,103.25
2019-12-26,0.491,42.56,16.54,0.0,26.02
2019-12-27,0.4,18.17,15.75,0.0,2.41
2019-12-28,0.362,16.55,15.61,0.0,0.93
2019-12-29,1.215,86.8,16.83,24.79,45.17
2019-12-30,2.502,178.97,18.72,54.98,105.27
2019-12-31,0.803,32.4,16.29,0.0,16.1
2020-01-01,0.604,17.58,15.57,0.0,2.0
2020-01-02,0.523,16.48,15.51,0.0,0.97
2020-01-03,0.463,16.34,15.44,0.0,0.9
2020-01-04,0.427,16.35,15.46,0.0,0.88
2020-01-05,0.381,16.27,15.4,0.0,0.87
2020-01-06,0.354,16.26,15.4,0.0,0.86
2020-01-07,0.327,16.28,15.43,0.0,0.85
2020-01-08,0.282,16.29,15.45,0.0,0.84
2020-01-09,0.375,21.28,14.96,0.02,6.3
2020-01-10,0.3,16.26,15.19,0.0,1.07
2020-01-11,0.261,15.87,15.03,0.0,0.84
2020-01-12,0.237,15.71,14.88,0.0,0.83
2020-01-13,0.21,15.67,14.85,0.0,0.82
2020-01-14,0.174,15.49,14.69,0.0,0.8
2020-01-15,0.165,15.58,14.76,0.0,0.82
2020-01-16,3.696,325.38,20.1,126.8,178.48
2020-01-17,1.119,150.34,17.99,26.62,105.73
2020-01-18,0.538,35.97,15.96,0.0,20.01
2020-01-19,0.387,17.48,15.28,0.0,2.2
2020-01-20,0.353,15.93,15.01,0.0,0.93
2020-01-21,0.478,18.05,14.39,0.02,3.63
2020-01-22,0.518,18.2,15.2,0.0,3.0
2020-01-23,0.409,15.67,14.68,0.0,0.99
2020-01-24,0.373,15.61,14.72,0.0,0.88
2020-01-25,0.351,15.52,14.65,0.0,0.87
2020-01-26,0.587,29.7,15.68,0.15,13.86
2020-01-27,0.37,16.46,14.71,0.0,1.75
2020-01-28,0.318,15.36,14.46,0.0,0.9
2020-01-29,0.274,15.2,14.35,0.0,0.85
2020-01-30,0.237,15.04,14.21,0.0,0.84
2020-01-31,0.225,15.09,14.25,0.0,0.84
2020-02-01,0.204,14.98,14.15,0.0,0.83
2020-02-02,0.157,15.18,14.37,0.0,0.81
2020-02-03,0.108,14.61,13.82,0.0,0.79
2020-02-04,0.055,13.53,12.82,0.0,0.71
2020-02-05,0.08,13.96,13.15,0.0,0.81
2020-02-06,0.079,13.8,13.01,0.0,0.79
2020-02-07,0.068,13.63,12.86,0.0,0.78
2020-02-08,0.054,13.66,12.89,0.0,0.77
2020-02-09,0.012,14.38,13.79,0.0,0.59
2020-02-10,0.002,13.13,12.74,0.0,0.39
2020-02-11,0.002,13.2,12.41,0.0,0.76
2020-02-12,0.009,13.36,12.55,0.0,0.8
2020-02-13,0.009,13.48,12.74,0.0,0.75
2020-02-14,0.006,13.59,12.85,0.0,0.72
2020-02-15,0.003,13.82,13.1,0.0,0.71
2020-02-16,0.0,14.15,13.65,0.0,0.22
2020-02-17,0.0,11.57,11.55,0.0,0.05
2020-02-18,0.0,0.0,0.0,0.0,0.0
2020-02-19,0.0,0.0,0.0,0.0,0.0
2020-02-20,0.0,0.0,0.0,0.0,0.0
2020-02-21,0.0,0.0,0.0,0.0,0.0
2020-02-22,0.0,0.0,0.0,0.0,0.0
2020-02-23,0.0,0.0,0.0,0.0,0.0
2020-02-24,0.0,0.0,0.0,0.0,0.0
2020-02-25,0.0,0.0,0.0,0.0,0.0
2020-02-26,0.0,0.0,0.0,0.0,0.0
2020-02-27,0.0,0.0,0.0,0.0,0.0
2020-02-28,0.0,0.0,0.0,0.0,0.0
2020-02-29,0.0,0.0,0.0,0.0,0.0
2020-03-01,0.0,0.0,0.0,0.0,0.0
2020-03-02,0.0,0.0,0.0,0.0,0.0
2020-03-03,0.0,0.0,0.0,0.0,0.0
2020-03-04,0.0,0.0,0.0,0.0,0.0
2020-03-05,0.0,0.0,0.0,0.0,0.0
2020-03-06,0.0,0.0,0.0,0.0,0.0
2020-03-07,0.157,48.84,21.76,2.16,24.92
2020-03-08,0.048,36.19,20.89,0.0,15.3
2020-03-09,0.007,24.66,20.72,0.0,3.94
2020-03-10,0.001,21.52,20.62,0.0,0.88
2020-03-11,0.0,21.04,20.84,0.0,0.31
2020-03-12,0.0,19.29,19.11,0.0,0.29
2020-03-13,0.0,23.15,20.54,0.0,0.1
2020-03-14,1.718,86.34,18.71,17.39,50.24
2020-03-15,2.518,84.22,19.54,21.04,43.64
2020-03-16,1.888,88.7,19.8,19.65,49.25
2020-03-17,0.213,54.73,20.1,0.0,34.64
2020-03-18,0.049,27.07,19.02,0.0,8.06
2020-03-19,0.035,22.26,19.68,0.0,2.59
2020-03-20,0.017,19.42,18.45,0.0,0.98
2020-03-21,0.011,17.74,16.99,0.0,0.75
2020-03-22,0.009,17.69,16.93,0.0,0.76
2020-03-23,0.007,17.7,16.94,0.0,0.76
2020-03-24,0.01,20.0,14.76,0.0,5.23
2020-03-25,0.008,17.71,15.69,0.0,2.03
2020-03-26,0.005,17.07,16.29,0.0,0.77
2020-03-27,0.004,17.24,16.5,0.0,0.76
2020-03-28,0.004,17.14,16.37,0.0,0.78
2020-03-29,0.003,17.25,16.5,0.0,0.76
2020-03-30,0.002,17.27,16.5,0.0,0.76
2020-03-31,0.002,17.15,16.36,0.0,0.76
2020-04-01,0.002,17.29,16.47,0.0,0.77
2020-04-02,0.001,17.31,16.56,0.0,0.77
2020-04-03,0.001,17.61,16.82,0.0,0.78
2020-04-04,0.41,51.41,17.3,0.49,33.62
2020-04-05,3.142,171.9,20.05,60.42,91.43
2020-04-06,0.768,109.94,19.83,10.61,79.5
2020-04-07,0.962,152.66,19.34,32.07,101.25
2020-04-08,0.112,57.62,20.09,0.0,37.54
2020-04-09,0.028,24.27,18.52,0.0,5.75
2020-04-10,0.015,18.34,17.32,0.0,1.01
2020-04-11,0.011,17.71,16.96,0.0,0.74
2020-04-12,0.009,17.54,16.82,0.0,0.74
2020-04-13,0.007,17.53,16.78,0.0,0.74
2020-04-14,0.005,17.55,16.8,0.0,0.74
2020-04-15,0.004,17.47,16.72,0.0,0.75
2020-04-16,0.003,17.44,16.69,0.0,0.75
2020-04-17,0.003,17.48,16.71,0.0,0.75
2020-04-18,0.002,17.41,16.69,0.0,0.75
2020-04-19,0.002,17.42,16.67,0.0,0.76
2020-04-20,0.001,17.65,16.87,0.0,0.75
2020-04-21,0.001,17.36,16.67,0.0,0.75
2020-04-22,0.001,18.05,17.32,0.0,0.76
2020-04-23,0.001,18.7,17.92,0.0,0.73
2020-04-24,0.0,19.29,18.4,0.0,0.66
2020-04-25,0.0,20.48,19.7,0.0,0.62
2020-04-26,0.0,18.52,19.95,0.0,0.52
2020-04-27,0.0,23.15,19.17,0.0,0.19
2020-04-28,0.0,0.0,0.0,0.0,0.0
2020-04-29,0.0,0.0,0.0,0.0,0.0
2020-04-30,0.0,0.0,0.0,0.0,0.0
2020-05-01,0.0,0.0,0.0,0.0,0.0
2020-05-02,0.0,0.0,0.0,0.0,0.0
2020-05-03,0.0,0.0,0.0,0.0,0.0
2020-05-04,0.0,0.0,0.0,0.0,0.0
2020-05-05,0.0,0.0,0.0,0.0,0.0
2020-05-06,0.0,0.0,0.0,0.0,0.0
2020-05-07,0.0,0.0,0.0,0.0,0.0
2020-05-08,0.0,0.0,0.0,0.0,0.0
2020-05-09,0.0,0.0,0.0,0.0,0.0
2020-05-10,0.0,0.0,0.0,0.0,0.0
2020-05-11,0.02,30.86,12.54,0.61,17.71
2020-05-12,0.217,36.91,16.83,0.13,19.94
2020-05-13,0.037,24.62,19.12,0.0,5.5
2020-05-14,0.005,19.43,18.3,0.0,1.12
2020-05-15,0.002,16.45,15.87,0.0,0.61
2020-05-16,0.001,15.1,14.46,0.0,0.73
2020-05-17,0.367,52.63,18.98,0.11,33.53
2020-05-18,0.864,63.15,19.55,2.78,40.82
2020-05-19,0.083,39.7,19.89,0.0,19.81
2020-05-20,0.014,24.08,19.33,0.0,4.76
2020-05-21,0.004,18.6,17.58,0.0,1.02
2020-05-22,0.002,16.62,15.9,0.0,0.69
2020-05-23,0.001,16.0,15.23,0.0,0.75
2020-05-24,0.001,15.95,15.15,0.0,0.77
2020-05-25,0.001,15.62,14.82,0.0,0.76
2020-05-26,0.0,15.82,14.95,0.0,0.76
2020-05-27,0.0,17.36,15.84,0.0,0.83
2020-05-28,0.0,23.15,26.91,0.0,1.07
2020-05-29,0.0,0.0,0.0,0.0,0.0
2020-05-30,0.0,0.0,0.0,0.0,0.0
2020-05-31,0.0,0.0,0.0,0.0,0.0
2020-06-01,0.0,0.0,0.0,0.0,0.0
2020-06-02,0.0,0.0,0.0,0.0,0.0
2020-06-03,0.0,0.0,0.0,0.0,0.0
2020-06-04,0.0,0.0,0.0,0.0,0.0
2020-06-05,0.0,0.0,0.0,0.0,0.0
2020-06-06,0.0,0.0,0.0,0.0,0.0
2020-06-07,0.0,0.0,0.0,0.0,0.0
2020-06-08,0.0,0.0,0.0,0.0,0.0
2020-06-09,0.0,0.0,0.0,0.0,0.0
2020-06-10,0.0,0.0,0.0,0.0,0.0
2020-06-11,0.0,0.0,0.0,0.0,0.0
2020-06-12,0.0,0.0,0.0,0.0,0.0
2020-06-13,0.0,0.0,0.0,0.0,0.0
2020-06-14,0.0,0.0,0.0,0.0,0.0
2020-06-15,0.0,0.0,0.0,0.0,0.0
2020-06-16,0.0,0.0,0.0,0.0,0.0
2020-06-17,0.0,0.0,0.0,0.0,0.0
2020-06-18,0.0,0.0,0.0,0.0,0.0
2020-06-19,0.0,0.0,0.0,0.0,0.0
2020-06-20,0.0,0.0,0.0,0.0,0.0
2020-06-21,0.0,0.0,0.0,0.0,0.0
2020-06-22,0.0,0.0,0.0,0.0,0.0
2020-06-23,0.0,0.0,0.0,0.0,0.0
2020-06-24,0.0,0.0,0.0,0.0,0.0
2020-06-25,0.0,0.0,0.0,0.0,0.0
2020-06-26,0.0,0.0,0.0,0.0,0.0
2020-06-27,0.0,0.0,0.0,0.0,0.0
2020-06-28,0.0,0.0,0.0,0.0,0.0
2020-06-29,0.0,0.0,0.0,0.0,0.0
2020-06-30,0.0,0.0,0.0,0.0,0.0
2020-07-01,0.0,0.0,0.0,0.0,0.0
2020-07-02,0.0,0.0,0.0,0.0,0.0
2020-07-03,0.0,0.0,0.0,0.0,0.0
2020-07-04,0.0,0.0,0.0,0.0,0.0
2020-07-05,0.0,0.0,0.0,0.0,0.0
2020-07-06,0.0,0.0,0.0,0.0,0.0
2020-07-07,0.0,0.0,0.0,0.0,0.0
2020-07-08,0.0,0.0,0.0,0.0,0.0
2020-07-09,0.0,0.0,0.0,0.0,0.0
2020-07-10,0.0,0.0,0.0,0.0,0.0
2020-07-11,0.0,0.0,0.0,0.0,0.0
2020-07-12,0.0,0.0,0.0,0.0,0.0
2020-07-13,0.0,0.0,0.0,0.0,0.0
2020-07-14,0.0,0.0,0.0,0.0,0.0
2020-07-15,0.0,0.0,0.0,0.0,0.0
2020-07-16,0.0,0.0,0.0,0.0,0.0
2020-07-17,0.0,0.0,0.0,0.0,0.0
2020-07-18,0.0,0.0,0.0,0.0,0.0
2020-07-19,0.0,0.0,0.0,0.0,0.0
2020-07-20,0.0,0.0,0.0,0.0,0.0
2020-07-21,0.0,0.0,0.0,0.0,0.0
2020-07-22,0.0,0.0,0.0,0.0,0.0
2020-07-23,0.0,0.0,0.0,0.0,0.0
2020-07-24,0.0,0.0,0.0,0.0,0.0
2020-07-25,0.0,0.0,0.0,0.0,0.0
2020-07-26,0.0,0.0,0.0,0.0,0.0
2020-07-27,0.0,0.0,0.0,0.0,0.0
2020-07-28,0.0,0.0,0.0,0.0,0.0
2020-07-29,0.0,0.0,0.0,0.0,0.0
2020-07-30,0.0,0.0,0.0,0.0,0.0
2020-07-31,0.0,0.0,0.0,0.0,0.0
2020-08-01,0.0,0.0,0.0,0.0,0.0
2020-08-02,0.0,0.0,0.0,0.0,0.0
2020-08-03,0.0,0.0,0.0,0.0,0.0
2020-08-04,0.0,0.0,0.0,0.0,0.0
2020-08-05,0.0,0.0,0.0,0.0,0.0
2020-08-06,0.0,0.0,0.0,0.0,0.0
2020-08-07,0.0,0.0,0.0,0.0,0.0
2020-08-08,0.0,0.0,0.0,0.0,0.0
2020-08-09,0.0,0.0,0.0,0.0,0.0
2020-08-10,0.0,0.0,0.0,0.0,0.0
2020-08-11,0.0,0.0,0.0,0.0,0.0
2020-08-12,0.0,0.0,0.0,0.0,0.0
2020-08-13,0.0,0.0,0.0,0.0,0.0
2020-08-14,0.0,0.0,0.0,0.0,0.0
2020-08-15,0.0,0.0,0.0,0.0,0.0
2020-08-16,0.0,0.0,0.0,0.0,0.0
2020-08-17,0.0,0.0,0.0,0.0,0.0
2020-08-18,0.0,0.0,0.0,0.0,0.0
2020-08-19,0.0,0.0,0.0,0.0,0.0
2020-08-20,0.0,0.0,0.0,0.0,0.0
2020-08-21,0.0,0.0,0.0,0.0,0.0
2020-08-22,0.0,0.0,0.0,0.0,0.0
2020-08-23,0.0,0.0,0.0,0.0,0.0
2020-08-24,0.0,0.0,0.0,0.0,0.0
2020-08-25,0.0,0.0,0.0,0.0,0.0
2020-08-26,0.0,0.0,0.0,0.0,0.0
2020-08-27,0.0,0.0,0.0,0.0,0.0
2020-08-28,0.0,0.0,0.0,0.0,0.0
2020-08-29,0.0,0.0,0.0,0.0,0.0
2020-08-30,0.0,0.0,0.0,0.0,0.0
2020-08-31,0.0,0.0,0.0,0.0,0.0
2020-09-01,0.0,0.0,0.0,0.0,0.0
2020-09-02,0.0,0.0,0.0,0.0,0.0
2020-09-03,0.0,0.0,0.0,0.0,0.0
2020-09-04,0.0,0.0,0.0,0.0,0.0
2020-09-05,0.0,0.0,0.0,0.0,0.0
2020-09-06,0.0,0.0,0.0,0.0,0.0
2020-09-07,0.0,0.0,0.0,0.0,0.0
2020-09-08,0.0,0.0,0.0,0.0,0.0
2020-09-09,0.0,0.0,0.0,0.0,0.0
2020-09-10,0.0,0.0,0.0,0.0,0.0
2020-09-11,0.0,0.0,0.0,0.0,0.0
2020-09-12,0.0,0.0,0.0,0.0,0.0
2020-09-13,0.0,0.0,0.0,0.0,0.0
2020-09-14,0.0,0.0,0.0,0.0,0.0
2020-09-15,0.0,0.0,0.0,0.0,0.0
2020-09-16,0.0,0.0,0.0,0.0,0.0
2020-09-17,0.0,0.0,0.0,0.0,0.0
2020-09-18,0.0,0.0,0.0,0.0,0.0
2020-09-19,0.0,0.0,0.0,0.0,0.0
2020-09-20,0.0,0.0,0.0,0.0,0.0
2020-09-21,0.0,0.0,0.0,0.0,0.0
2020-09-22,0.0,0.0,0.0,0.0,0.0
2020-09-23,0.0,0.0,0.0,0.0,0.0
2020-09-24,0.0,0.0,0.0,0.0,0.0
2020-09-25,0.0,0.0,0.0,0.0,0.0
2020-09-26,0.0,0.0,0.0,0.0,0.0
2020-09-27,0.0,0.0,0.0,0.0,0.0
2020-09-28,0.0,0.0,0.0,0.0,0.0
2020-09-29,0.0,0.0,0.0,0.0,0.0
2020-09-30,0.0,0.0,0.0,0.0,0.0
2020-10-01,0.0,0.0,0.0,0.0,0.0
2020-10-02,0.0,0.0,0.0,0.0,0.0
2020-10-03,0.0,0.0,0.0,0.0,0.0
2020-10-04,0.0,0.0,0.0,0.0,0.0
2020-10-05,0.0,0.0,0.0,0.0,0.0
2020-10-06,0.0,0.0,0.0,0.0,0.0
2020-10-07,0.0,0.0,0.0,0.0,0.0
2020-10-08,0.0,0.0,0.0,0.0,0.0
2020-10-09,0.0,0.0,0.0,0.0,0.0
2020-10-10,0.0,0.0,0.0,0.0,0.0
2020-10-11,0.0,0.0,0.0,0.0,0.0
2020-10-12,0.0,0.0,0.0,0.0,0.0
2020-10-13,0.0,0.0,0.0,0.0,0.0
2020-10-14,0.0,0.0,0.0,0.0,0.0
2020-10-15,0.0,0.0,0.0,0.0,0.0
2020-10-16,0.0,0.0,0.0,0.0,0.0
2020-10-17,0.0,0.0,0.0,0.0,0.0
2020-10-18,0.0,0.0,0.0,0.0,0.0
2020-10-19,0.0,0.0,0.0,0.0,0.0
2020-10-20,0.0,0.0,0.0,0.0,0.0
2020-10-21,0.0,0.0,0.0,0.0,0.0
2020-10-22,0.0,0.0,0.0,0.0,0.0
2020-10-23,0.0,0.0,0.0,0.0,0.0
2020-10-24,0.0,0.0,0.0,0.0,0.0
2020-10-25,0.0,0.0,0.0,0.0,0.0
2020-10-26,0.0,0.0,0.0,0.0,0.0
2020-10-27,0.0,0.0,0.0,0.0,0.0
2020-10-28,0.0,0.0,0.0,0.0,0.0
2020-10-29,0.0,0.0,0.0,0.0,0.0
2020-10-30,0.0,0.0,0.0,0.0,0.0
2020-10-31,0.0,0.0,0.0,0.0,0.0
2020-11-01,0.0,0.0,0.0,0.0,0.0
2020-11-02,0.0,0.0,0.0,0.0,0.0
2020-11-03,0.0,0.0,0.0,0.0,0.0
2020-11-04,0.0,0.0,0.0,0.0,0.0
2020-11-05,0.0,0.0,0.0,0.0,0.0
2020-11-06,0.0,0.0,0.0,0.0,0.0
2020-11-07,0.0,0.0,0.0,0.0,0.0
2020-11-08,0.0,0.0,0.0,0.0,0.0
2020-11-09,0.0,0.0,0.0,0.0,0.0
2020-11-10,0.0,0.0,0.0,0.0,0.0
2020-11-11,0.0,0.0,0.0,0.0,0.0
2020-11-12,0.0,0.0,0.0,0.0,0.0
2020-11-13,0.008,23.3,10.48,0.06,12.75
2020-11-14,0.015,19.57,13.33,0.0,6.24
2020-11-15,0.003,14.87,13.42,0.0,1.46
2020-11-16,0.001,13.96,13.25,0.0,0.69
2020-11-17,0.791,54.14,16.21,2.85,35.09
2020-11-18,1.752,58.5,19.47,6.74,32.3
2020-11-19,0.2,42.02,19.5,0.0,22.52
2020-11-20,0.038,24.02,18.24,0.0,5.77
2020-11-21,0.014,17.06,15.95,0.0,1.11
2020-11-22,0.01,15.53,14.74,0.0,0.78
2020-11-23,0.008,15.15,14.36,0.0,0.79
2020-11-24,0.008,15.18,14.37,0.0,0.8
2020-11-25,0.007,15.24,14.43,0.0,0.8
2020-11-26,0.005,15.39,14.62,0.0,0.78
2020-11-27,0.005,15.09,14.32,0.0,0.8
2020-11-28,0.004,15.25,14.44,0.0,0.8
2020-11-29,0.004,15.29,14.47,0.0,0.8
2020-11-30,0.004,15.29,14.54,0.0,0.8
2020-12-01,0.003,15.3,14.53,0.0,0.79
2020-12-02,0.003,15.36,14.56,0.0,0.79
2020-12-03,0.002,15.32,14.53,0.0,0.79
2020-12-04,0.002,15.27,14.49,0.0,0.79
2020-12-05,0.002,15.45,14.64,0.0,0.8
2020-12-06,0.002,15.27,14.5,0.0,0.8
2020-12-07,0.001,15.76,15.2,0.0,0.75
2020-12-08,0.001,14.99,14.13,0.0,0.8
2020-12-09,0.001,15.32,14.46,0.0,0.81
2020-12-10,0.001,15.17,14.49,0.0,0.78
2020-12-11,0.015,22.09,9.67,0.07,12.35
2020-12-12,0.257,40.22,19.68,0.03,20.52
2020-12-13,3.14,89.02,18.86,24.81,45.35
2020-12-14,0.51,57.07,20.01,0.85,36.2
2020-12-15,0.981,224.98,18.52,66.21,140.25
2020-12-16,0.086,46.5,19.22,0.0,27.28
2020-12-17,0.889,49.5,18.72,0.38,30.4
2020-12-18,0.139,33.97,18.49,0.0,15.48
2020-12-19,0.044,19.33,16.81,0.0,2.52
2020-12-20,0.025,16.4,15.55,0.0,0.84
2020-12-21,0.018,16.04,15.25,0.0,0.78
2020-12-22,0.015,15.99,15.19,0.0,0.79
2020-12-23,0.013,16.05,15.25,0.0,0.79
2020-12-24,0.011,15.96,15.16,0.0,0.79
2020-12-25,0.052,31.33,15.0,0.06,16.27
2020-12-26,0.105,38.8,20.24,0.0,18.56
2020-12-27,0.024,22.75,18.86,0.0,3.89
2020-12-28,0.01,17.72,16.81,0.0,0.91
2020-12-29,0.007,16.65,15.9,0.0,0.75
2020-12-30,0.006,16.49,15.71,0.0,0.77
2020-12-31,0.005,16.3,15.51,0.0,0.78
2021-01-01,0.005,16.35,15.55,0.0,0.78
2021-01-02,0.352,39.58,19.03,0.2,20.35
2021-01-03,0.053,25.63,19.23,0.0,6.4
2021-01-04,1.129,71.19,19.74,10.33,41.12
2021-01-05,0.328,57.12,20.44,0.0,36.68
2021-01-06,0.057,31.47,19.25,0.0,12.21
2021-01-07,0.02,19.38,17.52,0.0,1.86
2021-01-08,0.01,17.07,16.31,0.0,0.77
2021-01-09,0.008,16.69,15.93,0.0,0.75
2021-01-10,0.006,16.6,15.83,0.0,0.77
2021-01-11,0.006,16.64,15.86,0.0,0.77
2021-01-12,0.005,16.52,15.73,0.0,0.79
2021-01-13,0.004,16.71,15.94,0.0,0.76
2021-01-14,0.004,16.62,15.82,0.0,0.77
2021-01-15,0.003,16.65,15.84,0.0,0.77
2021-01-16,0.003,16.69,15.9,0.0,0.78
2021-01-17,0.002,16.7,15.95,0.0,0.77
2021-01-18,0.001,17.9,17.21,0.0,0.73
2021-01-19,0.0,21.37,21.34,0.01,0.28
2021-01-20,0.001,16.25,15.28,0.0,0.79
2021-01-21,0.001,17.44,16.48,0.0,0.8
2021-01-22,0.408,96.41,18.88,0.98,76.56
2021-01-23,0.12,94.28,20.34,0.0,73.93
2021-01-24,0.019,40.41,19.94,0.0,20.48
2021-01-25,0.004,22.6,19.02,0.0,3.62
2021-01-26,0.358,62.35,10.8,15.49,36.06
2021-01-27,4.254,108.28,19.34,33.84,55.1
2021-01-28,3.548,91.11,19.13,28.16,43.82
2021-01-29,3.294,91.06,19.31,25.77,45.97
2021-01-30,0.508,42.41,18.51,0.0,23.91
2021-01-31,0.182,21.21,16.66,0.0,4.56
2021-02-01,0.165,18.86,13.48,0.03,5.35
2021-02-02,2.063,68.95,18.97,12.95,37.03
2021-02-03,0.44,38.12,18.2,0.0,19.92
2021-02-04,0.212,19.81,16.67,0.0,3.14
2021-02-05,0.157,17.02,16.09,0.0,0.92
2021-02-06,0.136,16.72,15.92,0.0,0.8
2021-02-07,0.114,16.64,15.85,0.0,0.79
2021-02-08,0.088,16.88,16.09,0.0,0.79
2021-02-09,0.033,16.46,15.77,0.0,0.69
2021-02-10,0.04,15.96,15.18,0.0,0.78
2021-02-11,0.286,48.82,16.44,1.46,30.92
2021-02-12,0.391,60.62,21.06,0.0,39.56
2021-02-13,0.122,26.36,16.41,0.01,9.94
2021-02-14,0.028,17.67,16.06,0.0,1.61
2021-02-15,0.801,50.82,18.26,2.92,29.64
2021-02-16,0.172,32.07,18.7,0.0,13.38
2021-02-17,0.064,18.54,16.46,0.0,2.08
2021-02-18,0.024,16.35,15.58,0.0,0.77
2021-02-19,0.176,36.6,18.36,0.02,18.21
2021-02-20,0.252,26.26,16.51,0.02,9.73
2021-02-21,0.053,18.37,16.47,0.0,1.89
2021-02-22,0.02,15.64,14.91,0.0,0.73
2021-02-23,0.013,15.08,14.34,0.0,0.74
2021-02-24,0.005,16.07,15.4,0.0,0.69
2021-02-25,0.002,15.88,15.15,0.0,0.72
2021-02-26,0.003,16.02,15.24,0.0,0.79
2021-02-27,0.002,16.13,15.4,0.0,0.77
2021-02-28,0.001,16.09,15.27,0.0,0.76
2021-03-01,0.001,16.2,15.39,0.0,0.79
2021-03-02,0.001,16.14,15.44,0.0,0.78
2021-03-03,0.0,16.01,15.28,0.0,0.77
2021-03-04,0.0,15.74,14.79,0.0,0.71
2021-03-05,0.0,16.84,15.66,0.0,0.74
2021-03-06,0.937,53.42,19.26,1.56,32.61
2021-03-07,0.124,43.13,20.6,0.0,22.53
2021-03-08,0.019,26.9,20.48,0.0,6.42
2021-03-09,0.046,23.64,10.88,0.05,12.71
2021-03-10,0.683,37.47,20.15,0.06,17.26
2021-03-11,0.231,25.94,16.03,0.02,9.89
2021-03-12,0.027,19.75,17.77,0.0,1.98
2021-03-13,0.007,17.43,16.75,0.0,0.69
2021-03-14,0.178,45.77,16.99,0.44,28.34
2021-03-15,0.286,58.63,21.61,0.0,37.02
2021-03-16,0.044,32.69,19.59,0.0,13.1
2021-03-17,0.01,20.92,18.48,0.0,2.44
2021-03-18,0.878,67.47,18.03,7.85,41.6
2021-03-19,0.661,45.59,20.14,0.02,25.43
2021-03-20,0.093,32.26,19.69,0.0,12.57
2021-03-21,0.021,20.91,18.29,0.0,2.62
2021-03-22,0.009,17.22,16.41,0.0,0.81
2021-03-23,0.006,16.8,16.04,0.0,0.73
2021-03-24,0.004,16.32,15.57,0.0,0.75
2021-03-25,0.004,16.28,15.47,0.0,0.78
2021-03-26,0.003,16.34,15.58,0.0,0.77
2021-03-27,0.002,16.27,15.55,0.0,0.78
2021-03-28,0.002,16.33,15.59,0.0,0.77
2021-03-29,0.001,16.58,15.7,0.0,0.78
2021-03-30,0.001,16.98,16.14,0.0,0.77
2021-03-31,0.001,16.9,16.04,0.0,0.72
2021-04-01,0.0,16.69,16.18,0.0,0.79
2021-04-02,0.0,18.7,18.73,0.0,0.68
2021-04-03,0.0,20.25,21.09,0.0,0.55
2021-04-04,0.0,11.57,16.65,0.0,0.13
2021-04-05,0.0,0.0,0.0,0.0,0.0
2021-04-06,0.0,0.0,0.0,0.0,0.0
2021-04-07,0.0,0.0,0.0,0.0,0.0
2021-04-08,0.0,0.0,0.0,0.0,0.0
2021-04-09,0.0,0.0,0.0,0.0,0.0
2021-04-10,0.0,0.0,0.0,0.0,0.0
2021-04-11,0.0,0.0,0.0,0.0,0.0
2021-04-12,0.0,0.0,0.0,0.0,0.0
2021-04-13,0.0,0.0,0.0,0.0,0.0
2021-04-14,0.0,0.0,0.0,0.0,0.0
2021-04-15,0.0,0.0,0.0,0.0,0.0
2021-04-16,0.0,0.0,0.0,0.0,0.0
2021-04-17,0.0,0.0,0.0,0.0,0.0
2021-04-18,0.0,0.0,0.0,0.0,0.0
2021-04-19,0.0,0.0,0.0,0.0,0.0
2021-04-20,0.0,0.0,0.0,0.0,0.0
2021-04-21,0.0,0.0,0.0,0.0,0.0
2021-04-22,0.0,0.0,0.0,0.0,0.0
2021-04-23,0.0,0.0,0.0,0.0,0.0
2021-04-24,0.0,0.0,0.0,0.0,0.0
2021-04-25,0.0,0.0,0.0,0.0,0.0
2021-04-26,0.0,0.0,0.0,0.0,0.0
2021-04-27,0.0,0.0,0.0,0.0,0.0
2021-04-28,0.0,0.0,0.0,0.0,0.0
2021-04-29,0.0,0.0,0.0,0.0,0.0
2021-04-30,0.0,0.0,0.0,0.0,0.0
2021-05-01,0.0,0.0,0.0,0.0,0.0
2021-05-02,0.0,0.0,0.0,0.0,0.0
2021-05-03,0.0,0.0,0.0,0.0,0.0
2021-05-04,0.0,0.0,0.0,0.0,0.0
2021-05-05,0.0,0.0,0.0,0.0,0.0
2021-05-06,0.0,0.0,0.0,0.0,0.0
2021-05-07,0.0,0.0,0.0,0.0,0.0
2021-05-08,0.0,0.0,0.0,0.0,0.0
2021-05-09,0.0,0.0,0.0,0.0,0.0
2021-05-10,0.0,0.0,0.0,0.0,0.0
2021-05-11,0.0,0.0,0.0,0.0,0.0
2021-05-12,0.0,0.0,0.0,0.0,0.0
2021-05-13,0.0,0.0,0.0,0.0,0.0
2021-05-14,0.0,0.0,0.0,0.0,0.0
2021-05-15,0.0,0.0,0.0,0.0,0.0
2021-05-16,0.0,0.0,0.0,0.0,0.0
2021-05-17,0.0,0.0,0.0,0.0,0.0
2021-05-18,0.0,0.0,0.0,0.0,0.0
2021-05-19,0.0,0.0,0.0,0.0,0.0
2021-05-20,0.0,0.0,0.0,0.0,0.0
2021-05-21,0.0,0.0,0.0,0.0,0.0
2021-05-22,0.0,0.0,0.0,0.0,0.0
2021-05-23,0.0,0.0,0.0,0.0,0.0
2021-05-24,0.0,0.0,0.0,0.0,0.0
2021-05-25,0.0,0.0,0.0,0.0,0.0
2021-05-26,0.0,0.0,0.0,0.0,0.0
2021-05-27,0.0,0.0,0.0,0.0,0.0
2021-05-28,0.0,0.0,0.0,0.0,0.0
2021-05-29,0.0,0.0,0.0,0.0,0.0
2021-05-30,0.0,0.0,0.0,0.0,0.0
2021-05-31,0.0,0.0,0.0,0.0,0.0
2021-06-01,0.0,0.0,0.0,0.0,0.0
2021-06-02,0.0,0.0,0.0,0.0,0.0
2021-06-03,0.0,0.0,0.0,0.0,0.0
2021-06-04,0.0,0.0,0.0,0.0,0.0
2021-06-05,0.0,0.0,0.0,0.0,0.0
2021-06-06,0.0,0.0,0.0,0.0,0.0
2021-06-07,0.0,0.0,0.0,0.0,0.0
2021-06-08,0.0,0.0,0.0,0.0,0.0
2021-06-09,0.0,0.0,0.0,0.0,0.0
2021-06-10,0.0,0.0,0.0,0.0,0.0
2021-06-11,0.0,0.0,0.0,0.0,0.0
2021-06-12,0.0,0.0,0.0,0.0,0.0
2021-06-13,0.0,0.0,0.0,0.0,0.0
2021-06-14,0.0,0.0,0.0,0.0,0.0
2021-06-15,0.0,0.0,0.0,0.0,0.0
2021-06-16,0.0,0.0,0.0,0.0,0.0
2021-06-17,0.0,0.0,0.0,0.0,0.0
2021-06-18,0.0,0.0,0.0,0.0,0.0
2021-06-19,0.0,0.0,0.0,0.0,0.0
2021-06-20,0.0,0.0,0.0,0.0,0.0
2021-06-21,0.0,0.0,0.0,0.0,0.0
2021-06-22,0.0,0.0,0.0,0.0,0.0
2021-06-23,0.0,0.0,0.0,0.0,0.0
2021-06-24,0.0,0.0,0.0,0.0,0.0
2021-06-25,0.0,0.0,0.0,0.0,0.0
2021-06-26,0.0,0.0,0.0,0.0,0.0
2021-06-27,0.0,0.0,0.0,0.0,0.0
2021-06-28,0.0,0.0,0.0,0.0,0.0
2021-06-29,0.0,0.0,0.0,0.0,0.0
2021-06-30,0.0,0.0,0.0,0.0,0.0
2021-07-01,0.0,0.0,0.0,0.0,0.0
2021-07-02,0.0,0.0,0.0,0.0,0.0
2021-07-03,0.0,0.0,0.0,0.0,0.0
2021-07-04,0.0,0.0,0.0,0.0,0.0
2021-07-05,0.0,0.0,0.0,0.0,0.0
2021-07-06,0.0,0.0,0.0,0.0,0.0
2021-07-07,0.0,0.0,0.0,0.0,0.0
2021-07-08,0.0,0.0,0.0,0.0,0.0
2021-07-09,0.0,0.0,0.0,0.0,0.0
2021-07-10,0.0,0.0,0.0,0.0,0.0
2021-07-11,0.0,0.0,0.0,0.0,0.0
2021-07-12,0.0,0.0,0.0,0.0,0.0
2021-07-13,0.0,0.0,0.0,0.0,0.0
2021-07-14,0.0,0.0,0.0,0.0,0.0
2021-07-15,0.0,0.0,0.0,0.0,0.0
2021-07-16,0.0,0.0,0.0,0.0,0.0
2021-07-17,0.0,0.0,0.0,0.0,0.0
2021-07-18,0.0,0.0,0.0,0.0,0.0
2021-07-19,0.0,0.0,0.0,0.0,0.0
2021-07-20,0.0,0.0,0.0,0.0,0.0
2021-07-21,0.0,0.0,0.0,0.0,0.0
2021-07-22,0.0,0.0,0.0,0.0,0.0
2021-07-23,0.0,0.0,0.0,0.0,0.0
2021-07-24,0.0,0.0,0.0,0.0,0.0
2021-07-25,0.0,0.0,0.0,0.0,0.0
2021-07-26,0.0,0.0,0.0,0.0,0.0
2021-07-27,0.0,0.0,0.0,0.0,0.0
2021-07-28,0.0,0.0,0.0,0.0,0.0
2021-07-29,0.0,0.0,0.0,0.0,0.0
2021-07-30,0.0,0.0,0.0,0.0,0.0
2021-07-31,0.0,0.0,0.0,0.0,0.0
2021-08-01,0.0,0.0,0.0,0.0,0.0
2021-08-02,0.0,0.0,0.0,0.0,0.0
2021-08-03,0.0,0.0,0.0,0.0,0.0
2021-08-04,0.0,0.0,0.0,0.0,0.0
2021-08-05,0.0,0.0,0.0,0.0,0.0
2021-08-06,0.0,0.0,0.0,0.0,0.0
2021-08-07,0.0,0.0,0.0,0.0,0.0
2021-08-08,0.0,0.0,0.0,0.0,0.0
2021-08-09,0.0,0.0,0.0,0.0,0.0
2021-08-10,0.0,0.0,0.0,0.0,0.0
2021-08-11,0.0,0.0,0.0,0.0,0.0
2021-08-12,0.0,0.0,0.0,0.0,0.0
2021-08-13,0.0,0.0,0.0,0.0,0.0
2021-08-14,0.0,0.0,0.0,0.0,0.0
2021-08-15,0.0,0.0,0.0,0.0,0.0
2021-08-16,0.0,0.0,0.0,0.0,0.0
2021-08-17,0.0,0.0,0.0,0.0,0.0
2021-08-18,0.0,0.0,0.0,0.0,0.0
2021-08-19,0.0,0.0,0.0,0.0,0.0
2021-08-20,0.0,0.0,0.0,0.0,0.0
2021-08-21,0.0,0.0,0.0,0.0,0.0
2021-08-22,0.0,0.0,0.0,0.0,0.0
2021-08-23,0.0,0.0,0.0,0.0,0.0
2021-08-24,0.0,0.0,0.0,0.0,0.0
2021-08-25,0.0,0.0,0.0,0.0,0.0
2021-08-26,0.0,0.0,0.0,0.0,0.0
2021-08-27,0.0,0.0,0.0,0.0,0.0
2021-08-28,0.0,0.0,0.0,0.0,0.0
2021-08-29,0.0,0.0,0.0,0.0,0.0
2021-08-30,0.0,0.0,0.0,0.0,0.0
2021-08-31,0.0,0.0,0.0,0.0,0.0
2021-09-01,0.0,0.0,0.0,0.0,0.0
2021-09-02,0.0,0.0,0.0,0.0,0.0
2021-09-03,0.0,0.0,0.0,0.0,0.0
2021-09-04,0.0,0.0,0.0,0.0,0.0
2021-09-05,0.0,0.0,0.0,0.0,0.0
2021-09-06,0.0,0.0,0.0,0.0,0.0
2021-09-07,0.0,0.0,0.0,0.0,0.0
2021-09-08,0.0,0.0,0.0,0.0,0.0
2021-09-09,0.0,0.0,0.0,0.0,0.0
2021-09-10,0.0,0.0,0.0,0.0,0.0
2021-09-11,0.0,0.0,0.0,0.0,0.0
2021-09-12,0.0,0.0,0.0,0.0,0.0
2021-09-13,0.0,0.0,0.0,0.0,0.0
2021-09-14,0.0,0.0,0.0,0.0,0.0
2021-09-15,0.0,0.0,0.0,0.0,0.0
2021-09-16,0.0,0.0,0.0,0.0,0.0
2021-09-17,0.0,0.0,0.0,0.0,0.0
2021-09-18,0.0,0.0,0.0,0.0,0.0
2021-09-19,0.0,0.0,0.0,0.0,0.0
2021-09-20,0.0,0.0,0.0,0.0,0.0
2021-09-21,0.0,0.0,0.0,0.0,0.0
2021-09-22,0.0,0.0,0.0,0.0,0.0
2021-09-23,0.0,0.0,0.0,0.0,0.0
2021-09-24,0.0,0.0,0.0,0.0,0.0
2021-09-25,0.0,0.0,0.0,0.0,0.0
2021-09-26,0.0,0.0,0.0,0.0,0.0
2021-09-27,0.0,0.0,0.0,0.0,0.0
2021-09-28,0.0,0.0,0.0,0.0,0.0
2021-09-29,0.0,0.0,0.0,0.0,0.0
2021-09-30,0.0,0.0,0.0,0.0,0.0
2021-10-01,0.0,0.0,0.0,0.0,0.0
2021-10-02,0.0,0.0,0.0,0.0,0.0
2021-10-03,0.0,0.0,0.0,0.0,0.0
2021-10-04,0.0,0.0,0.0,0.0,0.0
2021-10-05,0.0,0.0,0.0,0.0,0.0
2021-10-06,0.0,0.0,0.0,0.0,0.0
2021-10-07,0.0,0.0,0.0,0.0,0.0
2021-10-08,0.0,0.0,0.0,0.0,0.0
2021-10-09,0.0,0.0,0.0,0.0,0.0
2021-10-10,0.0,0.0,0.0,0.0,0.0
2021-10-11,0.0,0.0,0.0,0.0,0.0
2021-10-12,0.0,0.0,0.0,0.0,0.0
2021-10-13,0.0,0.0,0.0,0.0,0.0
2021-10-14,0.0,0.0,0.0,0.0,0.0
2021-10-15,0.0,0.0,0.0,0.0,0.0
2021-10-16,0.0,0.0,0.0,0.0,0.0
2021-10-17,0.0,0.0,0.0,0.0,0.0
2021-10-18,0.0,0.0,0.0,0.0,0.0
2021-10-19,0.0,0.0,0.0,0.0,0.0
2021-10-20,0.014,28.19,18.76,0.56,8.87
2021-10-21,0.93,52.62,18.21,5.49,28.92
2021-10-22,1.96,81.5,18.47,17.51,45.51
2021-10-23,0.495,55.75,12.04,9.42,34.29
2021-10-24,22.273,1187.63,26.08,499.47,662.08
2021-10-25,20.516,474.24,24.14,194.2,255.91
2021-10-26,9.218,47.7,17.85,11.98,17.87
2021-10-27,6.179,19.62,15.43,1.07,3.12
2021-10-28,4.729,16.33,14.15,0.77,1.41
2021-10-29,3.909,15.82,13.92,0.75,1.15
2021-10-30,3.347,15.84,13.98,0.74,1.11
2021-10-31,2.939,15.88,14.05,0.72,1.11
2021-11-01,2.824,16.81,14.3,0.88,1.63
2021-11-02,2.935,20.13,14.98,1.82,3.33
2021-11-03,2.352,16.34,14.27,0.75,1.32
2021-11-04,1.961,15.8,14.19,0.5,1.11
2021-11-05,1.748,15.7,14.25,0.35,1.1
2021-11-06,1.596,15.5,14.31,0.09,1.09
2021-11-07,1.337,15.47,14.37,0.02,1.08
2021-11-08,1.176,15.3,14.13,0.02,1.16
2021-11-09,6.637,92.46,17.69,30.01,44.76
2021-11-10,4.044,25.13,14.77,2.63,7.73
2021-11-11,3.208,17.06,14.26,0.81,1.99
2021-11-12,2.735,16.1,14.23,0.68,1.19
2021-11-13,2.361,16.0,14.27,0.61,1.11
2021-11-14,2.044,15.89,14.32,0.47,1.1
2021-11-15,1.773,15.78,14.39,0.3,1.09
2021-11-16,1.513,15.55,14.43,0.04,1.09
2021-11-17,1.324,15.64,14.55,0.01,1.08
2021-11-18,1.249,15.72,14.63,0.01,1.08
2021-11-19,1.081,15.73,14.65,0.0,1.07
2021-11-20,0.922,15.85,14.77,0.0,1.07
2021-11-21,0.744,15.88,14.83,0.0,1.04
2021-11-22,0.623,15.7,14.7,0.0,1.0
2021-11-23,0.572,15.89,14.92,0.0,0.97
2021-11-24,0.477,15.98,15.05,0.0,0.93
2021-11-25,0.412,15.87,14.97,0.0,0.9
2021-11-26,0.373,15.89,15.0,0.0,0.88
2021-11-27,0.331,15.98,15.11,0.0,0.87
2021-11-28,0.292,15.98,15.13,0.0,0.85
2021-11-29,0.257,16.0,15.16,0.0,0.84
2021-11-30,0.224,16.05,15.22,0.0,0.83
2021-12-01,0.184,16.17,15.35,0.0,0.82
2021-12-02,0.161,16.07,15.25,0.0,0.82
2021-12-03,0.143,16.05,15.24,0.0,0.81
2021-12-04,0.122,16.13,15.32,0.0,0.8
2021-12-05,0.103,16.14,15.34,0.0,0.8
2021-12-06,0.079,16.16,15.37,0.0,0.79
2021-12-07,0.052,15.31,14.53,0.0,0.78
2021-12-08,0.058,15.94,15.12,0.0,0.81
2021-12-09,0.022,14.6,13.92,0.0,0.68
2021-12-10,0.032,15.39,14.56,0.0,0.83
2021-12-11,0.023,15.42,14.62,0.0,0.8
2021-12-12,1.014,44.13,14.24,4.77,25.12
2021-12-13,14.776,188.97,23.45,70.55,94.97
2021-12-14,12.208,91.85,20.44,30.73,40.67
2021-12-15,8.041,31.34,16.41,6.37,8.56
2021-12-16,14.299,75.17,20.43,23.63,31.11
2021-12-17,10.075,25.53,17.97,3.26,4.3
2021-12-18,8.312,19.85,17.05,1.21,1.6
2021-12-19,7.09,18.37,16.27,0.89,1.21
2021-12-20,6.132,17.84,15.89,0.8,1.15
2021-12-21,5.338,17.88,15.91,0.76,1.21
2021-12-22,6.476,30.66,16.79,5.92,7.95
2021-12-23,16.421,197.12,22.49,75.4,99.23
2021-12-24,15.212,52.48,20.73,13.71,18.04
2021-12-25,16.586,47.87,21.24,11.5,15.13
2021-12-26,14.502,26.09,20.22,2.53,3.33
2021-12-27,16.791,41.06,21.15,8.6,11.32
2021-12-28,13.632,23.05,19.73,1.43,1.89
2021-12-29,14.418,31.95,20.09,5.12,6.74
2021-12-30,12.153,22.77,19.08,1.59,2.1
2021-12-31,9.949,20.2,18.01,0.94,1.24
2022-01-01,8.242,19.3,17.27,0.88,1.15
2022-01-02,6.937,19.01,17.0,0.87,1.14
2022-01-03,5.953,19.8,17.0,1.21,1.59
2022-01-04,7.904,35.94,17.39,8.01,10.54
2022-01-05,6.957,22.06,16.78,2.28,3.0
2022-01-06,5.667,19.2,16.77,1.03,1.41
2022-01-07,4.696,18.78,16.85,0.75,1.18
2022-01-08,3.836,18.66,16.92,0.6,1.14
2022-01-09,3.126,18.47,16.99,0.34,1.14
2022-01-10,2.558,18.34,17.06,0.14,1.14
2022-01-11,2.115,18.29,17.15,0.01,1.13
2022-01-12,1.731,18.37,17.24,0.01,1.12
2022-01-13,1.45,18.44,17.33,0.0,1.11
2022-01-14,1.176,18.55,17.49,0.0,1.06
2022-01-15,0.908,18.55,17.55,0.0,0.99
2022-01-16,0.811,18.57,17.63,0.0,0.95
2022-01-17,0.672,18.69,17.79,0.0,0.91
2022-01-18,0.546,18.62,17.75,0.0,0.88
2022-01-19,0.457,18.65,17.8,0.0,0.86
2022-01-20,0.382,18.75,17.9,0.0,0.84
2022-01-21,0.26,19.4,18.59,0.0,0.81
2022-01-22,0.046,18.03,17.53,0.0,0.49
2022-01-23,0.133,19.82,18.97,0.0,0.85
2022-01-24,0.123,19.99,19.19,0.0,0.81
2022-01-25,0.097,20.35,19.56,0.0,0.79
2022-01-26,0.069,20.88,20.1,0.0,0.78
2022-01-27,0.046,21.76,20.98,0.0,0.78
2022-01-28,0.03,22.58,21.81,0.0,0.77
2022-01-29,0.017,23.42,22.64,0.0,0.76
2022-01-30,0.009,24.5,23.74,0.0,0.76
2022-01-31,0.004,25.87,25.12,0.0,0.76
2022-02-01,0.001,28.23,27.42,0.0,0.72
2022-02-02,0.0,26.04,26.11,0.0,0.08
2022-02-03,0.0,11.57,12.66,0.0,0.0
2022-02-04,0.0,0.0,0.0,0.0,0.0
2022-02-05,0.0,0.0,0.0,0.0,0.0
2022-02-06,0.0,0.0,0.0,0.0,0.0
2022-02-07,0.0,0.0,0.0,0.0,0.0
2022-02-08,0.0,0.0,0.0,0.0,0.0
2022-02-09,0.0,0.0,0.0,0.0,0.0
2022-02-10,0.0,0.0,0.0,0.0,0.0
2022-02-11,0.0,0.0,0.0,0.0,0.0
2022-02-12,0.0,0.0,0.0,0.0,0.0
2022-02-13,0.0,0.0,0.0,0.0,0.0
2022-02-14,0.0,0.0,0.0,0.0,0.0
2022-02-15,0.0,0.0,0.0,0.0,0.0
2022-02-16,0.0,0.0,0.0,0.0,0.0
2022-02-17,0.0,0.0,0.0,0.0,0.0
2022-02-18,0.0,0.0,0.0,0.0,0.0
2022-02-19,0.0,0.0,0.0,0.0,0.0
2022-02-20,0.0,0.0,0.0,0.0,0.0
2022-02-21,0.0,0.0,0.0,0.0,0.0
2022-02-22,0.02,50.04,11.97,0.6,37.48
2022-02-23,0.028,17.28,13.04,0.0,4.24
2022-02-24,0.017,13.83,12.96,0.0,0.87
2022-02-25,0.009,13.95,13.17,0.0,0.77
2022-02-26,0.004,14.43,13.63,0.0,0.81
2022-02-27,0.001,14.15,13.35,0.0,0.78
2022-02-28,0.001,14.12,13.2,0.0,0.83
2022-03-01,0.0,14.05,13.37,0.0,0.84
2022-03-02,0.0,14.37,13.43,0.0,0.86
2022-03-03,0.0,14.66,13.7,0.0,0.87
2022-03-04,0.0,14.73,13.6,0.0,0.87
2022-03-05,0.0,11.57,11.27,0.0,0.71
2022-03-06,0.0,15.43,13.92,0.0,0.89
2022-03-07,0.0,0.0,0.0,0.0,0.0
2022-03-08,0.0,0.0,0.0,0.0,0.0
2022-03-09,0.0,0.0,0.0,0.0,0.0
2022-03-10,0.0,0.0,0.0,0.0,0.0
2022-03-11,0.0,0.0,0.0,0.0,0.0
2022-03-12,0.0,0.0,0.0,0.0,0.0
2022-03-13,0.0,0.0,0.0,0.0,0.0
2022-03-14,0.0,0.0,0.0,0.0,0.0
2022-03-15,0.05,25.2,13.76,0.06,11.37
2022-03-16,0.01,18.77,14.98,0.0,3.79
2022-03-17,0.001,14.76,13.89,0.0,0.99
2022-03-18,0.0,14.66,13.84,0.0,0.73
2022-03-19,0.0,13.5,12.34,0.0,0.63
2022-03-20,0.0,15.05,13.49,0.0,0.85
2022-03-21,0.0,0.0,0.0,0.0,0.0
2022-03-22,0.0,0.0,0.0,0.0,0.0
2022-03-23,0.0,0.0,0.0,0.0,0.0
2022-03-24,0.0,0.0,0.0,0.0,0.0
2022-03-25,0.0,0.0,0.0,0.0,0.0
2022-03-26,0.0,0.0,0.0,0.0,0.0
2022-03-27,0.014,23.47,9.11,0.23,14.14
2022-03-28,1.319,75.58,19.12,13.85,42.61
2022-03-29,0.168,43.24,19.69,0.0,23.55
2022-03-30,0.026,26.0,19.31,0.0,6.69
2022-03-31,0.006,19.1,17.77,0.0,1.33
2022-04-01,0.003,16.7,15.97,0.0,0.72
2022-04-02,0.002,15.95,15.22,0.0,0.75
2022-04-03,0.002,16.06,15.3,0.0,0.78
2022-04-04,0.001,15.98,15.27,0.0,0.75
2022-04-05,0.001,15.79,15.01,0.0,0.79
2022-04-06,0.001,15.72,15.11,0.0,0.77
2022-04-07,0.001,15.62,14.79,0.0,0.76
2022-04-08,0.0,16.03,15.29,0.0,0.78
2022-04-09,0.0,15.66,15.22,0.0,0.74
2022-04-10,0.0,11.57,15.87,0.0,0.33
2022-04-11,0.0,0.0,0.0,0.0,0.0
2022-04-12,0.0,0.0,0.0,0.0,0.0
2022-04-13,0.0,0.0,0.0,0.0,0.0
2022-04-14,0.022,24.68,11.64,0.01,13.03
2022-04-15,0.015,19.71,13.6,0.0,6.11
2022-04-16,1.568,100.7,19.94,22.58,58.18
2022-04-17,0.222,62.79,20.17,0.0,42.62
2022-04-18,0.036,33.26,19.59,0.0,13.67
2022-04-19,0.398,37.54,18.89,0.04,18.61
2022-04-20,0.079,26.31,18.09,0.0,8.21
2022-04-21,0.931,53.04,21.11,2.44,29.49
2022-04-22,0.133,39.9,20.24,0.0,19.66
2022-04-23,0.025,24.06,19.24,0.0,4.82
2022-04-24,0.009,18.4,17.41,0.0,1.01
2022-04-25,0.005,17.06,16.35,0.0,0.72
2022-04-26,0.003,16.73,16.0,0.0,0.74
2022-04-27,0.003,16.73,15.97,0.0,0.76
2022-04-28,0.002,16.75,15.93,0.0,0.75
2022-04-29,0.002,16.66,15.85,0.0,0.77
2022-04-30,0.002,16.77,16.0,0.0,0.76
2022-05-01,0.001,16.57,15.83,0.0,0.76
2022-05-02,0.001,17.29,16.63,0.0,0.73
2022-05-03,0.001,17.84,16.99,0.0,0.74
2022-05-04,0.001,17.25,16.56,0.0,0.75
2022-05-05,0.0,19.12,18.94,0.0,0.7
2022-05-06,0.0,20.58,20.87,0.01,0.6
2022-05-07,0.0,18.94,18.11,0.0,0.71
2022-05-08,0.0,34.72,30.52,0.0,0.27
2022-05-09,0.0,0.0,0.0,0.0,0.0
2022-05-10,0.0,0.0,0.0,0.0,0.0
2022-05-11,0.0,0.0,0.0,0.0,0.0
2022-05-12,0.0,0.0,0.0,0.0,0.0
2022-05-13,0.0,0.0,0.0,0.0,0.0
2022-05-14,0.0,0.0,0.0,0.0,0.0
2022-05-15,0.0,0.0,0.0,0.0,0.0
2022-05-16,0.0,0.0,0.0,0.0,0.0
2022-05-17,0.0,0.0,0.0,0.0,0.0
2022-05-18,0.0,0.0,0.0,0.0,0.0
2022-05-19,0.0,0.0,0.0,0.0,0.0
2022-05-20,0.0,0.0,0.0,0.0,0.0
2022-05-21,0.0,0.0,0.0,0.0,0.0
2022-05-22,0.0,0.0,0.0,0.0,0.0
2022-05-23,0.0,0.0,0.0,0.0,0.0
2022-05-24,0.0,0.0,0.0,0.0,0.0
2022-05-25,0.0,0.0,0.0,0.0,0.0
2022-05-26,0.0,0.0,0.0,0.0,0.0
2022-05-27,0.0,0.0,0.0,0.0,0.0
2022-05-28,0.0,0.0,0.0,0.0,0.0
2022-05-29,0.0,0.0,0.0,0.0,0.0
2022-05-30,0.0,0.0,0.0,0.0,0.0
2022-05-31,0.0,0.0,0.0,0.0,0.0
2022-06-01,0.0,0.0,0.0,0.0,0.0
2022-06-02,0.0,0.0,0.0,0.0,0.0
2022-06-03,0.0,0.0,0.0,0.0,0.0
2022-06-04,0.0,0.0,0.0,0.0,0.0
2022-06-05,0.159,35.32,14.69,0.15,20.48
2022-06-06,0.016,22.44,17.97,0.0,4.47
2022-06-07,0.001,17.67,16.87,0.0,0.83
2022-06-08,0.0,17.36,16.82,0.0,0.21
2022-06-09,0.0,17.36,16.9,0.0,0.18
2022-06-10,0.0,0.0,0.0,0.0,0.0
2022-06-11,0.0,0.0,0.0,0.0,0.0
2022-06-12,0.0,0.0,0.0,0.0,0.0
2022-06-13,0.0,0.0,0.0,0.0,0.0
2022-06-14,0.0,0.0,0.0,0.0,0.0
2022-06-15,0.0,0.0,0.0,0.0,0.0
2022-06-16,0.0,0.0,0.0,0.0,0.0
2022-06-17,0.0,0.0,0.0,0.0,0.0
2022-06-18,0.0,0.0,0.0,0.0,0.0
2022-06-19,0.0,0.0,0.0,0.0,0.0
2022-06-20,0.0,0.0,0.0,0.0,0.0
2022-06-21,0.0,0.0,0.0,0.0,0.0
2022-06-22,0.0,0.0,0.0,0.0,0.0
2022-06-23,0.0,0.0,0.0,0.0,0.0
2022-06-24,0.0,0.0,0.0,0.0,0.0
2022-06-25,0.0,0.0,0.0,0.0,0.0
2022-06-26,0.0,0.0,0.0,0.0,0.0
2022-06-27,0.0,0.0,0.0,0.0,0.0
2022-06-28,0.0,0.0,0.0,0.0,0.0
2022-06-29,0.0,0.0,0.0,0.0,0.0
2022-06-30,0.0,0.0,0.0,0.0,0.0
2022-07-01,0.0,0.0,0.0,0.0,0.0
2022-07-02,0.0,0.0,0.0,0.0,0.0
2022-07-03,0.0,0.0,0.0,0.0,0.0
2022-07-04,0.0,0.0,0.0,0.0,0.0
2022-07-05,0.0,0.0,0.0,0.0,0.0
2022-07-06,0.0,0.0,0.0,0.0,0.0
2022-07-07,0.0,0.0,0.0,0.0,0.0
2022-07-08,0.0,0.0,0.0,0.0,0.0
2022-07-09,0.0,0.0,0.0,0.0,0.0
2022-07-10,0.0,0.0,0.0,0.0,0.0
2022-07-11,0.0,0.0,0.0,0.0,0.0
2022-07-12,0.0,0.0,0.0,0.0,0.0
2022-07-13,0.0,0.0,0.0,0.0,0.0
2022-07-14,0.0,0.0,0.0,0.0,0.0
2022-07-15,0.0,0.0,0.0,0.0,0.0
2022-07-16,0.0,0.0,0.0,0.0,0.0
2022-07-17,0.0,0.0,0.0,0.0,0.0
2022-07-18,0.0,0.0,0.0,0.0,0.0
2022-07-19,0.0,0.0,0.0,0.0,0.0
2022-07-20,0.0,0.0,0.0,0.0,0.0
2022-07-21,0.0,0.0,0.0,0.0,0.0
2022-07-22,0.0,0.0,0.0,0.0,0.0
2022-07-23,0.0,0.0,0.0,0.0,0.0
2022-07-24,0.0,0.0,0.0,0.0,0.0
2022-07-25,0.0,0.0,0.0,0.0,0.0
2022-07-26,0.0,0.0,0.0,0.0,0.0
2022-07-27,0.0,0.0,0.0,0.0,0.0
2022-07-28,0.0,0.0,0.0,0.0,0.0
2022-07-29,0.0,0.0,0.0,0.0,0.0
2022-07-30,0.0,0.0,0.0,0.0,0.0
2022-07-31,0.0,0.0,0.0,0.0,0.0
2022-08-01,0.0,0.0,0.0,0.0,0.0
2022-08-02,0.0,0.0,0.0,0.0,0.0
2022-08-03,0.0,0.0,0.0,0.0,0.0
2022-08-04,0.0,0.0,0.0,0.0,0.0
2022-08-05,0.0,0.0,0.0,0.0,0.0
2022-08-06,0.0,0.0,0.0,0.0,0.0
2022-08-07,0.0,0.0,0.0,0.0,0.0
2022-08-08,0.0,0.0,0.0,0.0,0.0
2022-08-09,0.0,0.0,0.0,0.0,0.0
2022-08-10,0.0,0.0,0.0,0.0,0.0
2022-08-11,0.0,0.0,0.0,0.0,0.0
2022-08-12,0.0,0.0,0.0,0.0,0.0
2022-08-13,0.0,0.0,0.0,0.0,0.0
2022-08-14,0.0,0.0,0.0,0.0,0.0
2022-08-15,0.0,0.0,0.0,0.0,0.0
2022-08-16,0.0,0.0,0.0,0.0,0.0
2022-08-17,0.0,0.0,0.0,0.0,0.0
2022-08-18,0.0,0.0,0.0,0.0,0.0
2022-08-19,0.0,0.0,0.0,0.0,0.0
2022-08-20,0.0,0.0,0.0,0.0,0.0
2022-08-21,0.0,0.0,0.0,0.0,0.0
2022-08-22,0.0,0.0,0.0,0.0,0.0
2022-08-23,0.0,0.0,0.0,0.0,0.0
2022-08-24,0.0,0.0,0.0,0.0,0.0
2022-08-25,0.0,0.0,0.0,0.0,0.0
2022-08-26,0.0,0.0,0.0,0.0,0.0
2022-08-27,0.0,0.0,0.0,0.0,0.0
2022-08-28,0.0,0.0,0.0,0.0,0.0
2022-08-29,0.0,0.0,0.0,0.0,0.0
2022-08-30,0.0,0.0,0.0,0.0,0.0
2022-08-31,0.0,0.0,0.0,0.0,0.0
2022-09-01,0.0,0.0,0.0,0.0,0.0
2022-09-02,0.0,0.0,0.0,0.0,0.0
2022-09-03,0.0,0.0,0.0,0.0,0.0
2022-09-04,0.0,0.0,0.0,0.0,0.0
2022-09-05,0.0,0.0,0.0,0.0,0.0
2022-09-06,0.0,0.0,0.0,0.0,0.0
2022-09-07,0.0,0.0,0.0,0.0,0.0
2022-09-08,0.0,0.0,0.0,0.0,0.0
2022-09-09,0.0,0.0,0.0,0.0,0.0
2022-09-10,0.0,0.0,0.0,0.0,0.0
2022-09-11,0.0,0.0,0.0,0.0,0.0
2022-09-12,0.0,0.0,0.0,0.0,0.0
2022-09-13,0.0,0.0,0.0,0.0,0.0
2022-09-14,0.0,0.0,0.0,0.0,0.0
2022-09-15,0.0,0.0,0.0,0.0,0.0
2022-09-16,0.0,0.0,0.0,0.0,0.0
2022-09-17,0.0,98.38,12.84,36.83,48.46
2022-09-18,0.102,24.0,11.56,0.02,12.41
2022-09-19,0.052,23.93,14.86,0.0,9.07
2022-09-20,0.005,14.82,13.36,0.0,1.45
2022-09-21,0.002,14.09,13.32,0.0,0.76
2022-09-22,0.001,13.81,13.0,0.0,0.8
2022-09-23,0.001,13.89,13.06,0.0,0.82
2022-09-24,0.001,14.03,13.17,0.0,0.83
2022-09-25,0.001,13.97,13.22,0.0,0.83
2022-09-26,0.0,14.05,13.16,0.0,0.83
2022-09-27,0.0,14.47,13.47,0.0,0.84
2022-09-28,0.0,13.89,12.97,0.0,0.81
2022-09-29,0.0,14.2,13.09,0.0,0.83
2022-09-30,0.0,14.15,13.67,0.0,0.86
2022-10-01,0.0,13.5,12.29,0.0,0.74
2022-10-02,0.0,11.57,16.67,0.0,0.94
2022-10-03,0.0,11.57,9.13,0.0,0.57
2022-10-04,0.0,0.0,0.0,0.0,0.0
2022-10-05,0.0,0.0,0.0,0.0,0.0
2022-10-06,0.0,0.0,0.0,0.0,0.0
2022-10-07,0.0,0.0,0.0,0.0,0.0
2022-10-08,0.0,0.0,0.0,0.0,0.0
2022-10-09,0.0,0.0,0.0,0.0,0.0
2022-10-10,0.0,0.0,0.0,0.0,0.0
2022-10-11,0.0,0.0,0.0,0.0,0.0
2022-10-12,0.0,0.0,0.0,0.0,0.0
2022-10-13,0.0,0.0,0.0,0.0,0.0
2022-10-14,0.0,0.0,0.0,0.0,0.0
2022-10-15,0.0,0.0,0.0,0.0,0.0
2022-10-16,0.0,0.0,0.0,0.0,0.0
2022-10-17,0.0,0.0,0.0,0.0,0.0
2022-10-18,0.0,0.0,0.0,0.0,0.0
2022-10-19,0.0,0.0,0.0,0.0,0.0
2022-10-20,0.0,0.0,0.0,0.0,0.0
2022-10-21,0.0,0.0,0.0,0.0,0.0
2022-10-22,0.0,0.0,0.0,0.0,0.0
2022-10-23,0.0,0.0,0.0,0.0,0.0
2022-10-24,0.0,0.0,0.0,0.0,0.0
2022-10-25,0.0,0.0,0.0,0.0,0.0
2022-10-26,0.0,0.0,0.0,0.0,0.0
2022-10-27,0.0,0.0,0.0,0.0,0.0
2022-10-28,0.0,0.0,0.0,0.0,0.0
2022-10-29,0.0,0.0,0.0,0.0,0.0
2022-10-30,0.0,0.0,0.0,0.0,0.0
2022-10-31,0.0,0.0,0.0,0.0,0.0
2022-11-01,0.554,58.5,19.96,2.01,36.52
2022-11-02,0.178,53.54,21.04,0.0,32.5
2022-11-03,0.024,31.28,20.61,0.0,10.67
2022-11-04,0.004,22.84,20.46,0.0,2.35
2022-11-05,0.001,20.1,19.53,0.0,0.65
2022-11-06,0.001,20.03,19.18,0.0,0.61
2022-11-07,0.054,32.33,17.99,0.01,14.33
2022-11-08,3.097,175.64,19.66,61.28,94.69
2022-11-09,0.486,127.19,20.11,6.23,100.86
2022-11-10,0.077,65.36,19.6,0.0,45.76
2022-11-11,0.021,25.17,18.03,0.0,7.14
2022-11-12,0.012,17.62,16.52,0.0,1.11
2022-11-13,0.009,16.9,16.13,0.0,0.76
2022-11-14,0.008,16.73,15.95,0.0,0.77
2022-11-15,0.007,16.82,16.07,0.0,0.76
2022-11-16,0.006,16.76,16.0,0.0,0.77
2022-11-17,0.005,16.69,15.96,0.0,0.77
2022-11-18,0.005,16.81,16.03,0.0,0.77
2022-11-19,0.004,16.85,16.13,0.0,0.76
2022-11-20,0.003,16.73,15.95,0.0,0.77
2022-11-21,0.003,16.68,15.9,0.0,0.77
2022-11-22,0.003,16.67,15.92,0.0,0.78
2022-11-23,0.003,16.66,15.91,0.0,0.77
2022-11-24,0.002,16.8,16.05,0.0,0.76
2022-11-25,0.002,16.56,15.79,0.0,0.77
2022-11-26,0.002,16.65,15.9,0.0,0.77
2022-11-27,0.002,16.74,15.98,0.0,0.78
2022-11-28,0.001,16.92,16.11,0.0,0.76
2022-11-29,0.001,16.71,15.94,0.0,0.78
2022-11-30,0.001,16.89,16.09,0.0,0.79
2022-12-01,2.478,179.59,19.27,60.19,100.12
2022-12-02,0.431,108.17,20.08,0.42,87.67
2022-12-03,1.455,83.01,19.16,21.3,42.55
2022-12-04,1.433,76.22,19.76,10.79,45.68
2022-12-05,0.823,37.06,18.87,0.06,18.12
2022-12-06,0.389,30.36,18.29,0.04,12.03
2022-12-07,0.085,18.38,16.61,0.0,1.76
2022-12-08,0.053,16.68,15.88,0.0,0.8
2022-12-09,0.038,16.15,15.37,0.0,0.78
2022-12-10,3.607,121.27,18.7,38.76,63.81
2022-12-11,2.707,80.09,19.53,21.53,39.03
2022-12-12,3.425,88.81,19.38,26.96,42.47
2022-12-13,0.673,33.68,17.7,0.0,15.98
2022-12-14,0.388,18.65,16.22,0.0,2.43
2022-12-15,0.313,16.76,15.84,0.0,0.92
2022-12-16,0.27,16.6,15.77,0.0,0.83
2022-12-17,0.238,16.58,15.75,0.0,0.82
2022-12-18,0.216,16.58,15.76,0.0,0.82
2022-12-19,0.187,16.56,15.75,0.0,0.81
2022-12-20,0.161,16.52,15.71,0.0,0.8
2022-12-21,0.142,16.42,15.63,0.0,0.8
2022-12-22,0.129,16.42,15.62,0.0,0.8
2022-12-23,0.107,16.06,15.28,0.0,0.78
2022-12-24,0.11,16.27,15.47,0.0,0.8
2022-12-25,0.097,16.29,15.51,0.0,0.78
2022-12-26,0.186,22.45,10.33,0.35,11.77
2022-12-27,6.447,157.85,20.5,52.87,84.48
2022-12-28,1.44,62.13,16.83,8.3,37.0
2022-12-29,1.628,30.24,16.0,1.58,12.66
2022-12-30,4.208,52.78,17.17,11.66,23.95
2022-12-31,18.195,274.86,26.63,106.72,141.51
2023-01-01,45.901,15629.09,41.7,6725.24,8862.11
2023-01-02,17.33,982.12,21.9,413.77,546.45
2023-01-03,17.422,92.67,21.87,30.51,40.29
2023-01-04,19.351,51.06,22.0,12.55,16.52
2023-01-05,32.865,105.51,27.2,33.82,44.5
2023-01-06,29.682,35.86,26.21,4.17,5.48
2023-01-07,22.766,25.77,23.38,1.03,1.36
2023-01-08,20.849,28.74,22.41,2.73,3.59
2023-01-09,47.414,1138.93,29.95,477.74,631.24
2023-01-10,46.399,92.6,30.0,26.53,36.07
2023-01-11,42.718,43.04,29.51,5.81,7.72
2023-01-12,34.734,31.52,27.74,1.63,2.15
2023-01-13,31.982,41.77,26.43,6.63,8.72
2023-01-14,54.384,1162.42,32.22,485.8,644.4
2023-01-15,50.081,85.6,30.95,19.05,35.6
2023-01-16,64.613,692.95,34.77,274.74,383.44
2023-01-17,45.948,75.67,30.55,6.53,38.6
2023-01-18,32.823,74.84,26.59,1.51,46.73
2023-01-19,25.643,82.33,24.06,1.56,56.71
2023-01-20,19.289,89.26,21.74,0.87,66.64
2023-01-21,14.882,95.65,20.04,0.73,74.88
2023-01-22,11.405,103.47,19.04,0.63,83.8
2023-01-23,8.595,112.37,18.1,0.53,93.75
2023-01-24,6.683,117.55,17.15,0.31,100.09
2023-01-25,5.139,123.44,16.06,0.13,107.25
2023-01-26,3.939,133.88,14.93,0.07,118.88
2023-01-27,3.215,140.68,14.44,0.06,126.18
2023-01-28,2.547,148.22,14.25,0.05,133.92
2023-01-29,2.005,154.91,14.07,0.05,140.79
2023-01-30,1.469,170.66,13.78,0.04,156.85
2023-01-31,1.164,175.32,13.6,0.03,161.7
2023-02-01,0.991,179.2,13.42,0.01,165.78
2023-02-02,0.837,187.69,13.19,0.0,174.5
2023-02-03,2.553,100.47,16.0,8.62,75.85
2023-02-04,2.858,65.86,15.75,1.34,48.78
2023-02-05,4.854,55.59,16.53,4.93,34.12
2023-02-06,4.579,46.23,15.91,0.88,29.45
2023-02-07,3.716,51.88,15.66,0.41,35.81
2023-02-08,2.948,60.11,15.47,0.19,44.45
2023-02-09,2.32,69.54,15.24,0.11,54.19
2023-02-10,1.839,79.3,15.03,0.09,64.18
2023-02-11,2.451,72.99,16.37,2.37,54.24
2023-02-12,1.869,71.95,16.43,0.02,55.5
2023-02-13,1.42,79.75,16.06,0.0,63.68
2023-02-14,1.069,90.46,15.75,0.0,74.71
2023-02-15,0.846,98.04,15.55,0.0,82.49
2023-02-16,0.689,102.62,15.41,0.0,87.22
2023-02-17,0.528,108.96,15.18,0.0,93.77
2023-02-18,0.404,108.9,14.94,0.0,93.96
2023-02-19,0.301,109.59,14.74,0.0,94.84
2023-02-20,0.214,111.97,14.45,0.0,97.53
2023-02-21,0.143,116.31,14.02,0.0,102.29
2023-02-22,0.081,127.94,12.74,0.0,115.21
2023-02-23,0.048,113.64,11.95,0.02,101.67
2023-02-24,5.853,114.26,18.41,37.91,57.93
2023-02-25,5.135,33.96,16.4,5.81,11.75
2023-02-26,5.197,27.79,15.78,2.56,9.46
2023-02-27,9.071,53.83,17.53,13.57,22.73
2023-02-28,12.081,48.28,18.88,10.32,19.08
2023-03-01,10.287,32.74,18.12,2.45,12.18
2023-03-02,8.315,32.98,17.22,1.02,14.74
2023-03-03,6.889,36.41,16.6,0.76,19.05
2023-03-04,5.791,40.83,16.06,0.62,24.15
2023-03-05,6.865,46.96,16.39,4.01,26.56
2023-03-06,6.579,43.01,16.03,1.59,25.39
2023-03-07,6.569,43.03,16.16,1.01,25.87
2023-03-08,8.161,57.0,17.03,8.4,31.57
2023-03-09,10.891,89.93,18.78,23.94,47.2
2023-03-10,26.371,525.39,25.15,212.39,287.86
2023-03-11,21.338,55.59,22.31,8.81,24.47
2023-03-12,19.42,44.92,21.47,2.87,20.58
2023-03-13,17.103,45.04,20.61,1.55,22.88
2023-03-14,24.117,158.15,23.03,51.37,83.74
2023-03-15,20.802,52.4,22.23,3.94,26.23
2023-03-16,16.48,50.95,20.58,1.21,29.16
2023-03-17,13.225,54.3,19.54,0.85,33.91
2023-03-18,10.607,57.23,18.71,0.68,37.84
2023-03-19,13.532,62.51,19.21,7.36,35.94
2023-03-20,11.762,49.85,18.94,1.45,29.46
2023-03-21,19.413,172.1,21.46,58.18,92.46
2023-03-22,27.037,83.85,24.48,20.21,39.16
2023-03-23,20.093,43.88,21.99,1.44,20.45
2023-03-24,15.723,45.83,20.27,0.83,24.73
2023-03-25,12.437,48.56,19.27,0.68,28.61
2023-03-26,9.874,50.76,18.45,0.58,31.74
2023-03-27,7.912,52.27,17.7,0.47,34.09
2023-03-28,10.816,67.79,18.33,12.09,37.37
2023-03-29,19.412,118.1,21.8,36.79,59.51
2023-03-30,17.573,44.4,21.2,4.73,18.48
2023-03-31,13.439,37.59,19.4,1.04,17.15
2023-04-01,10.573,38.7,18.38,0.71,19.61
2023-04-02,8.247,40.42,17.55,0.6,22.27
2023-04-03,6.33,42.71,16.7,0.44,25.58
2023-04-04,4.954,44.49,15.78,0.2,28.51
2023-04-05,3.945,46.69,15.1,0.09,31.51
2023-04-06,3.137,48.96,14.93,0.06,33.97
2023-04-07,2.511,50.42,14.79,0.06,35.57
2023-04-08,1.965,52.64,14.57,0.05,38.02
2023-04-09,1.497,55.86,14.29,0.04,41.53
2023-04-10,1.204,58.96,13.98,0.03,44.95
2023-04-11,0.979,63.07,13.66,0.0,49.4
2023-04-12,0.776,68.67,13.19,0.0,55.48
2023-04-13,0.648,71.69,12.89,0.0,58.79
2023-04-14,0.541,74.34,12.49,0.0,61.85
2023-04-15,0.464,75.24,12.31,0.0,62.93
2023-04-16,0.402,75.05,12.29,0.0,62.76
2023-04-17,0.346,73.57,12.29,0.0,61.28
2023-04-18,0.293,69.59,12.3,0.0,57.29
2023-04-19,0.245,65.71,12.31,0.0,53.4
2023-04-20,0.199,62.38,12.32,0.0,50.06
2023-04-21,0.157,59.49,12.34,0.0,47.15
2023-04-22,0.117,56.89,12.38,0.0,44.51
2023-04-23,0.081,54.38,12.44,0.0,41.94
2023-04-24,0.046,51.44,12.58,0.0,38.87
2023-04-25,0.015,44.33,13.07,0.0,31.26
2023-04-26,0.002,23.81,13.44,0.0,10.35
2023-04-27,0.0,16.34,13.75,0.0,2.57
2023-04-28,0.0,11.57,11.61,0.0,0.52
2023-04-29,0.0,0.0,0.0,0.0,0.0
2023-04-30,0.0,0.0,0.0,0.0,0.0
2023-05-01,0.003,19.94,7.36,0.78,11.82
2023-05-02,0.338,33.01,19.32,0.08,13.61
2023-05-03,0.394,33.22,19.62,0.03,13.57
2023-05-04,0.073,24.7,19.34,0.0,5.36
2023-05-05,0.017,19.32,18.1,0.0,1.22
2023-05-06,0.086,23.38,16.28,0.01,7.1
2023-05-07,0.02,18.56,17.01,0.0,1.55
2023-05-08,0.004,16.98,16.43,0.0,0.54
2023-05-09,0.001,16.37,15.8,0.0,0.63
2023-05-10,0.001,16.16,15.39,0.0,0.69
2023-05-11,0.0,16.08,15.37,0.0,0.64
2023-05-12,0.0,15.43,16.06,0.0,0.45
2023-05-13,0.0,0.0,0.0,0.0,0.0
2023-05-14,0.0,0.0,0.0,0.0,0.0
2023-05-15,0.0,0.0,0.0,0.0,0.0
2023-05-16,0.0,0.0,0.0,0.0,0.0
2023-05-17,0.0,0.0,0.0,0.0,0.0
2023-05-18,0.0,0.0,0.0,0.0,0.0
2023-05-19,0.0,0.0,0.0,0.0,0.0
2023-05-20,0.0,0.0,0.0,0.0,0.0
2023-05-21,0.0,0.0,0.0,0.0,0.0
2023-05-22,0.0,0.0,0.0,0.0,0.0
2023-05-23,0.0,0.0,0.0,0.0,0.0
2023-05-24,0.0,0.0,0.0,0.0,0.0
2023-05-25,0.0,0.0,0.0,0.0,0.0
2023-05-26,0.0,0.0,0.0,0.0,0.0
2023-05-27,0.0,0.0,0.0,0.0,0.0
2023-05-28,0.0,0.0,0.0,0.0,0.0
2023-05-29,0.0,0.0,0.0,0.0,0.0
2023-05-30,0.0,0.0,0.0,0.0,0.0
2023-05-31,0.0,0.0,0.0,0.0,0.0
2023-06-01,0.0,0.0,0.0,0.0,0.0
2023-06-02,0.0,0.0,0.0,0.0,0.0
2023-06-03,0.0,0.0,0.0,0.0,0.0
2023-06-04,0.0,0.0,0.0,0.0,0.0
2023-06-05,0.0,0.0,0.0,0.0,0.0
2023-06-06,0.0,0.0,0.0,0.0,0.0
2023-06-07,0.0,0.0,0.0,0.0,0.0
2023-06-08,0.0,0.0,0.0,0.0,0.0
2023-06-09,0.0,0.0,0.0,0.0,0.0
2023-06-10,0.0,0.0,0.0,0.0,0.0
2023-06-11,0.0,0.0,0.0,0.0,0.0
2023-06-12,0.0,0.0,0.0,0.0,0.0
2023-06-13,0.0,0.0,0.0,0.0,0.0
2023-06-14,0.0,0.0,0.0,0.0,0.0
2023-06-15,0.0,0.0,0.0,0.0,0.0
2023-06-16,0.0,0.0,0.0,0.0,0.0
2023-06-17,0.0,0.0,0.0,0.0,0.0
2023-06-18,0.0,0.0,0.0,0.0,0.0
2023-06-19,0.0,0.0,0.0,0.0,0.0
2023-06-20,0.0,0.0,0.0,0.0,0.0
2023-06-21,0.0,0.0,0.0,0.0,0.0
2023-06-22,0.0,0.0,0.0,0.0,0.0
2023-06-23,0.0,0.0,0.0,0.0,0.0
2023-06-24,0.0,0.0,0.0,0.0,0.0
2023-06-25,0.0,0.0,0.0,0.0,0.0
2023-06-26,0.0,0.0,0.0,0.0,0.0
2023-06-27,0.0,0.0,0.0,0.0,0.0
2023-06-28,0.0,0.0,0.0,0.0,0.0
2023-06-29,0.0,0.0,0.0,0.0,0.0
2023-06-30,0.0,0.0,0.0,0.0,0.0
2023-07-01,0.0,0.0,0.0,0.0,0.0
2023-07-02,0.0,0.0,0.0,0.0,0.0
2023-07-03,0.0,0.0,0.0,0.0,0.0
2023-07-04,0.0,0.0,0.0,0.0,0.0
2023-07-05,0.0,0.0,0.0,0.0,0.0
2023-07-06,0.0,0.0,0.0,0.0,0.0
2023-07-07,0.0,0.0,0.0,0.0,0.0
2023-07-08,0.0,0.0,0.0,0.0,0.0
2023-07-09,0.0,0.0,0.0,0.0,0.0
2023-07-10,0.0,0.0,0.0,0.0,0.0
2023-07-11,0.0,0.0,0.0,0.0,0.0
2023-07-12,0.0,0.0,0.0,0.0,0.0
2023-07-13,0.0,0.0,0.0,0.0,0.0
2023-07-14,0.0,0.0,0.0,0.0,0.0
2023-07-15,0.0,0.0,0.0,0.0,0.0
2023-07-16,0.0,0.0,0.0,0.0,0.0
2023-07-17,0.0,0.0,0.0,0.0,0.0
2023-07-18,0.0,0.0,0.0,0.0,0.0
2023-07-19,0.0,0.0,0.0,0.0,0.0
2023-07-20,0.0,0.0,0.0,0.0,0.0
2023-07-21,0.0,0.0,0.0,0.0,0.0
2023-07-22,0.0,0.0,0.0,0.0,0.0
2023-07-23,0.0,0.0,0.0,0.0,0.0
2023-07-24,0.0,0.0,0.0,0.0,0.0
2023-07-25,0.0,0.0,0.0,0.0,0.0
2023-07-26,0.0,0.0,0.0,0.0,0.0
2023-07-27,0.0,0.0,0.0,0.0,0.0
2023-07-28,0.0,0.0,0.0,0.0,0.0
2023-07-29,0.0,0.0,0.0,0.0,0.0
2023-07-30,0.0,0.0,0.0,0.0,0.0
2023-07-31,0.0,0.0,0.0,0.0,0.0
2023-08-01,0.0,0.0,0.0,0.0,0.0
2023-08-02,0.0,0.0,0.0,0.0,0.0
2023-08-03,0.0,0.0,0.0,0.0,0.0
2023-08-04,0.0,0.0,0.0,0.0,0.0
2023-08-05,0.0,0.0,0.0,0.0,0.0
2023-08-06,0.0,0.0,0.0,0.0,0.0
2023-08-07,0.0,0.0,0.0,0.0,0.0
2023-08-08,0.0,0.0,0.0,0.0,0.0
2023-08-09,0.0,0.0,0.0,0.0,0.0
2023-08-10,0.0,0.0,0.0,0.0,0.0
2023-08-11,0.0,0.0,0.0,0.0,0.0
2023-08-12,0.0,0.0,0.0,0.0,0.0
2023-08-13,0.0,0.0,0.0,0.0,0.0
2023-08-14,0.0,0.0,0.0,0.0,0.0
2023-08-15,0.0,0.0,0.0,0.0,0.0
2023-08-16,0.0,0.0,0.0,0.0,0.0
2023-08-17,0.0,0.0,0.0,0.0,0.0
2023-08-18,0.0,0.0,0.0,0.0,0.0
2023-08-19,0.0,0.0,0.0,0.0,0.0
2023-08-20,0.0,0.0,0.0,0.0,0.0
2023-08-21,0.0,0.0,0.0,0.0,0.0
2023-08-22,0.0,0.0,0.0,0.0,0.0
2023-08-23,0.0,0.0,0.0,0.0,0.0
2023-08-24,0.0,0.0,0.0,0.0,0.0
2023-08-25,0.0,0.0,0.0,0.0,0.0
2023-08-26,0.0,0.0,0.0,0.0,0.0
2023-08-27,0.0,0.0,0.0,0.0,0.0
2023-08-28,0.0,0.0,0.0,0.0,0.0
2023-08-29,0.0,0.0,0.0,0.0,0.0
2023-08-30,0.0,0.0,0.0,0.0,0.0
2023-08-31,0.0,0.0,0.0,0.0,0.0
2023-09-01,0.0,0.0,0.0,0.0,0.0
2023-09-02,0.0,0.0,0.0,0.0,0.0
2023-09-03,0.0,0.0,0.0,0.0,0.0
2023-09-04,0.0,0.0,0.0,0.0,0.0
2023-09-05,0.0,0.0,0.0,0.0,0.0
2023-09-06,0.0,0.0,0.0,0.0,0.0
2023-09-07,0.0,0.0,0.0,0.0,0.0
2023-09-08,0.0,0.0,0.0,0.0,0.0
2023-09-09,0.0,0.0,0.0,0.0,0.0
2023-09-10,0.0,0.0,0.0,0.0,0.0
2023-09-11,0.0,0.0,0.0,0.0,0.0
2023-09-12,0.0,0.0,0.0,0.0,0.0
2023-09-13,0.0,0.0,0.0,0.0,0.0
2023-09-14,0.0,0.0,0.0,0.0,0.0
2023-09-15,0.0,0.0,0.0,0.0,0.0
2023-09-16,0.0,0.0,0.0,0.0,0.0
2023-09-17,0.0,0.0,0.0,0.0,0.0
2023-09-18,0.0,0.0,0.0,0.0,0.0
2023-09-19,0.0,0.0,0.0,0.0,0.0
2023-09-20,0.0,0.0,0.0,0.0,0.0
2023-09-21,0.0,0.0,0.0,0.0,0.0
2023-09-22,0.0,0.0,0.0,0.0,0.0
2023-09-23,0.0,0.0,0.0,0.0,0.0
2023-09-24,0.0,0.0,0.0,0.0,0.0
2023-09-25,0.0,0.0,0.0,0.0,0.0
2023-09-26,0.0,0.0,0.0,0.0,0.0
2023-09-27,0.0,0.0,0.0,0.0,0.0
2023-09-28,0.0,0.0,0.0,0.0,0.0
2023-09-29,0.0,0.0,0.0,0.0,0.0
2023-09-30,0.0,0.0,0.0,0.0,0.0
2023-10-01,0.0,0.0,0.0,0.0,0.0
2023-10-02,0.0,0.0,0.0,0.0,0.0
2023-10-03,0.0,0.0,0.0,0.0,0.0
2023-10-04,0.0,0.0,0.0,0.0,0.0
2023-10-05,0.0,0.0,0.0,0.0,0.0
2023-10-06,0.0,0.0,0.0,0.0,0.0
2023-10-07,0.0,0.0,0.0,0.0,0.0
2023-10-08,0.0,0.0,0.0,0.0,0.0
2023-10-09,0.0,0.0,0.0,0.0,0.0
2023-10-10,0.0,0.0,0.0,0.0,0.0
2023-10-11,0.0,0.0,0.0,0.0,0.0
2023-10-12,0.0,0.0,0.0,0.0,0.0
2023-10-13,0.0,0.0,0.0,0.0,0.0
2023-10-14,0.0,0.0,0.0,0.0,0.0
2023-10-15,0.0,0.0,0.0,0.0,0.0
2023-10-16,0.0,0.0,0.0,0.0,0.0
2023-10-17,0.0,0.0,0.0,0.0,0.0
2023-10-18,0.0,0.0,0.0,0.0,0.0
2023-10-19,0.0,0.0,0.0,0.0,0.0
2023-10-20,0.0,0.0,0.0,0.0,0.0
2023-10-21,0.0,0.0,0.0,0.0,0.0
2023-10-22,0.58,41.42,16.22,1.36,23.83
2023-10-23,0.404,35.29,21.49,0.01,13.79
2023-10-24,0.042,24.46,19.95,0.0,4.51
2023-10-25,0.007,20.23,19.14,0.0,1.08
2023-10-26,0.002,17.24,16.68,0.0,0.6
2023-10-27,0.001,15.92,15.11,0.0,0.73
2023-10-28,0.001,15.6,14.8,0.0,0.81
2023-10-29,0.0,15.53,14.73,0.0,0.75
2023-10-30,0.001,14.8,14.04,0.0,0.85
2023-10-31,0.001,14.85,14.03,0.0,0.84
2023-11-01,0.001,14.91,14.05,0.0,0.83
2023-11-02,0.0,14.64,14.1,0.0,0.82
2023-11-03,0.0,14.47,13.62,0.0,0.82
2023-11-04,0.0,14.2,13.57,0.0,0.85
2023-11-05,0.0,13.5,12.65,0.0,0.73
2023-11-06,0.01,24.77,12.02,0.01,12.74
2023-11-07,0.003,18.04,13.45,0.0,4.57
2023-11-08,0.001,14.52,13.54,0.0,1.03
2023-11-09,0.0,14.2,13.4,0.0,0.78
2023-11-10,0.0,14.47,13.47,0.0,0.82
2023-11-11,0.0,14.15,13.46,0.0,0.84
2023-11-12,0.0,14.47,13.07,0.0,0.82
2023-11-13,0.0,11.57,10.77,0.0,0.67
2023-11-14,0.0,0.0,0.0,0.0,0.0
2023-11-15,0.0,0.0,0.0,0.0,0.0
2023-11-16,0.0,0.0,0.0,0.0,0.0
2023-11-17,0.147,31.88,8.54,0.89,22.45
2023-11-18,2.971,92.66,18.95,25.39,48.32
2023-11-19,0.373,53.11,19.75,0.0,33.36
2023-11-20,0.061,30.97,19.0,0.0,11.97
2023-11-21,0.019,18.86,16.9,0.0,1.96
2023-11-22,0.012,16.13,15.32,0.0,0.81
2023-11-23,0.009,15.68,14.89,0.0,0.79
2023-11-24,0.008,15.67,14.88,0.0,0.79
2023-11-25,0.007,15.61,14.81,0.0,0.8
2023-11-26,0.006,15.59,14.78,0.0,0.8
2023-11-27,0.005,15.6,14.82,0.0,0.8
2023-11-28,0.005,15.61,14.81,0.0,0.8
2023-11-29,0.848,47.78,19.21,0.83,27.74
2023-11-30,0.134,41.91,20.22,0.0,21.69
2023-12-01,0.025,24.6,19.2,0.0,5.4
2023-12-02,0.009,18.1,17.03,0.0,1.06
2023-12-03,0.006,16.66,15.92,0.0,0.75
2023-12-04,0.005,16.44,15.68,0.0,0.76
2023-12-05,0.004,16.42,15.66,0.0,0.77
2023-12-06,1.282,83.25,17.58,20.5,45.17
2023-12-07,0.731,52.41,20.82,0.6,30.99
2023-12-08,0.102,31.01,19.16,0.0,11.85
2023-12-09,0.028,19.48,17.31,0.0,2.16
2023-12-10,0.013,16.58,15.77,0.0,0.8
2023-12-11,0.011,16.04,15.26,0.0,0.79
2023-12-12,0.01,16.0,15.21,0.0,0.79
2023-12-13,0.008,16.02,15.22,0.0,0.79
2023-12-14,0.007,15.96,15.18,0.0,0.79
2023-12-15,0.006,16.01,15.23,0.0,0.78
2023-12-16,0.005,16.0,15.21,0.0,0.79
2023-12-17,0.141,28.16,18.59,0.04,9.53
2023-12-18,5.707,127.57,19.34,43.3,64.93
2023-12-19,4.084,135.07,20.46,46.1,68.52
2023-12-20,2.714,92.86,18.8,24.56,49.5
2023-12-21,0.656,49.56,18.76,0.83,29.96
2023-12-22,0.279,23.19,17.06,0.0,6.13
2023-12-23,0.207,17.56,16.42,0.0,1.14
2023-12-24,0.176,17.08,16.26,0.0,0.82
2023-12-25,0.15,17.11,16.31,0.0,0.8
2023-12-26,0.114,17.14,16.36,0.0,0.78
2023-12-27,0.501,36.11,16.71,0.27,19.13
2023-12-28,0.452,32.67,19.14,0.0,13.52
2023-12-29,2.67,113.88,17.86,37.99,58.03
2023-12-30,3.427,107.09,20.05,33.75,53.29
2023-12-31,0.797,37.07,17.39,0.0,19.67
2024-01-01,0.516,19.51,16.31,0.0,3.2
2024-01-02,1.89,89.78,17.85,25.93,46.0
2024-01-03,1.869,65.55,18.8,10.83,35.92
2024-01-04,0.798,28.64,17.08,0.0,11.56
2024-01-05,0.638,18.6,16.65,0.0,1.95
2024-01-06,0.757,24.91,17.02,0.04,7.85
2024-01-07,0.582,20.01,16.8,0.0,3.21
2024-01-08,0.528,17.6,16.57,0.0,1.02
2024-01-09,0.481,17.29,16.42,0.0,0.87
2024-01-10,0.89,52.55,18.34,0.84,33.37
2024-01-11,0.547,37.26,17.49,0.0,19.77
2024-01-12,0.461,19.14,16.84,0.0,2.3
2024-01-13,3.382,186.65,18.44,67.53,100.69
2024-01-14,1.977,97.47,18.54,24.62,54.31
2024-01-15,1.036,28.78,16.83,0.0,11.95
2024-01-16,1.884,104.65,17.13,34.58,52.94
2024-01-17,1.609,55.2,17.71,5.02,32.47
2024-01-18,1.061,22.03,16.51,0.0,5.52
2024-01-19,1.129,21.71,16.12,0.35,5.23
2024-01-20,1.767,35.48,16.71,2.77,16.0
2024-01-21,3.459,112.2,17.16,38.06,56.98
2024-01-22,5.147,106.91,18.5,36.7,51.71
2024-01-23,3.287,42.62,16.94,9.75,15.93
2024-01-24,4.619,50.58,17.32,13.42,19.84
2024-01-25,3.275,23.85,16.61,2.53,4.71
2024-01-26,2.865,18.45,16.46,0.33,1.66
2024-01-27,2.42,17.72,16.44,0.07,1.21
2024-01-28,2.2,17.58,16.42,0.02,1.14
2024-01-29,1.932,17.58,16.44,0.01,1.13
2024-01-30,1.662,17.57,16.45,0.01,1.12
2024-01-31,6.461,108.31,19.1,37.21,52.0
2024-02-01,9.535,86.95,20.01,28.61,38.33
2024-02-02,6.603,32.42,16.97,6.6,8.84
2024-02-03,6.022,26.45,16.03,4.47,5.96
2024-02-04,24.674,432.0,24.29,176.06,231.66
2024-02-05,22.011,58.83,22.89,15.52,20.42
2024-02-06,16.91,24.51,20.77,1.61,2.12
2024-02-07,16.633,46.31,20.72,11.05,14.54
2024-02-08,14.561,26.39,19.92,2.79,3.67
2024-02-09,11.879,21.1,18.66,1.05,1.39
2024-02-10,9.71,19.84,17.77,0.89,1.17
2024-02-11,8.058,18.97,16.96,0.87,1.14
2024-02-12,6.796,18.51,16.52,0.85,1.14
2024-02-13,5.718,18.49,16.53,0.83,1.14
2024-02-14,5.2,21.35,16.58,2.0,2.77
2024-02-15,5.111,24.03,17.24,2.9,3.9
2024-02-16,4.118,19.38,17.01,0.9,1.47
2024-02-17,5.337,54.41,17.52,15.76,21.13
2024-02-18,8.875,76.24,18.2,25.04,33.0
2024-02-19,12.312,63.73,19.72,19.0,25.01
2024-02-20,13.76,53.52,19.8,14.56,19.16
2024-02-21,12.336,28.59,19.17,4.07,5.35
2024-02-22,9.715,20.6,17.83,1.2,1.57
2024-02-23,7.787,19.16,17.04,0.91,1.2
2024-02-24,6.425,18.83,16.82,0.87,1.15
2024-02-25,5.2,18.84,16.87,0.83,1.14
2024-02-26,4.308,18.77,16.94,0.7,1.14
2024-02-27,3.415,18.56,16.99,0.44,1.14
2024-02-28,2.72,18.4,17.05,0.21,1.13
2024-02-29,2.788,22.17,16.99,1.16,4.02
2024-03-01,5.532,66.39,17.75,20.35,28.28
2024-03-02,8.432,55.02,18.92,15.49,20.62
2024-03-03,7.512,26.51,17.53,3.87,5.12
2024-03-04,6.647,20.19,17.18,1.3,1.71
2024-03-05,5.481,19.22,17.11,0.9,1.21
2024-03-06,4.385,19.06,17.16,0.76,1.15
2024-03-07,3.434,18.74,17.19,0.41,1.14
2024-03-08,2.725,18.55,17.27,0.15,1.14
2024-03-09,2.304,18.45,17.29,0.02,1.14
2024-03-10,1.937,18.49,17.35,0.01,1.13
2024-03-11,3.37,44.84,17.21,8.8,18.83
2024-03-12,2.526,20.1,16.8,0.08,3.21
2024-03-13,1.921,18.15,16.66,0.03,1.46
2024-03-14,1.196,18.06,16.91,0.0,1.14
2024-03-15,0.789,17.85,16.88,0.0,0.97
2024-03-16,0.794,17.74,16.77,0.0,0.97
2024-03-17,0.64,17.74,16.81,0.0,0.93
2024-03-18,0.493,17.75,16.86,0.0,0.88
2024-03-19,0.37,17.79,16.94,0.0,0.85
2024-03-20,0.271,17.89,17.06,0.0,0.83
2024-03-21,0.19,17.99,17.18,0.0,0.8
2024-03-22,1.184,128.95,16.47,41.68,70.8
2024-03-23,3.162,78.45,18.93,20.59,38.94
2024-03-24,1.632,23.76,16.9,0.01,6.86
2024-03-25,1.398,18.45,16.61,0.0,1.84
2024-03-26,1.033,17.84,16.7,0.0,1.14
2024-03-27,1.105,24.94,15.83,2.64,6.47
2024-03-28,1.209,23.92,16.14,0.96,6.82
2024-03-29,2.13,49.95,16.44,8.75,24.77
2024-03-30,1.84,24.46,16.04,0.13,8.3
2024-03-31,1.365,17.42,15.54,0.01,1.87
2024-04-01,1.014,16.69,15.57,0.0,1.12
2024-04-02,0.794,16.54,15.52,0.0,1.02
2024-04-03,0.632,16.45,15.47,0.0,0.97
2024-04-04,2.999,89.22,17.82,25.28,46.12
2024-04-05,1.901,35.16,17.39,3.28,14.49
2024-04-06,1.248,19.9,16.43,0.0,3.46
2024-04-07,0.948,17.66,16.35,0.0,1.31
2024-04-08,0.736,17.39,16.4,0.0,0.99
2024-04-09,0.585,17.34,16.42,0.0,0.92
2024-04-10,0.464,17.32,16.44,0.0,0.88
2024-04-11,0.359,17.37,16.52,0.0,0.85
2024-04-12,0.238,17.54,16.73,0.0,0.81
2024-04-13,1.889,64.78,18.16,11.41,35.22
2024-04-14,1.461,41.21,17.85,2.28,21.07
2024-04-15,2.193,53.26,17.77,8.98,26.5
2024-04-16,1.171,23.7,16.41,0.0,7.29
2024-04-17,0.916,17.48,15.68,0.0,1.8
2024-04-18,0.766,16.63,15.55,0.0,1.07
2024-04-19,0.608,16.53,15.57,0.0,0.97
2024-04-20,0.481,16.51,15.6,0.0,0.92
2024-04-21,0.376,16.42,15.54,0.0,0.87
2024-04-22,0.288,16.35,15.51,0.0,0.84
2024-04-23,0.19,16.09,15.31,0.0,0.78
2024-04-24,0.14,15.8,15.03,0.0,0.77
2024-04-25,0.092,15.4,14.66,0.0,0.74
2024-04-26,0.041,13.99,13.35,0.0,0.64
2024-04-27,0.033,13.99,13.28,0.0,0.71
2024-04-28,0.015,13.64,13.02,0.0,0.63
2024-04-29,0.003,13.69,13.35,0.0,0.35
2024-04-30,0.0,13.96,13.66,0.0,0.14
2024-05-01,0.0,15.43,16.07,0.0,0.04
2024-05-02,0.0,0.0,0.0,0.0,0.0
2024-05-03,0.0,0.0,0.0,0.0,0.0
2024-05-04,4.316,196.28,20.29,73.32,102.66
2024-05-05,0.866,134.27,20.04,31.02,83.21
2024-05-06,0.18,56.64,19.1,0.0,37.54
2024-05-07,0.067,23.61,18.23,0.0,5.38
2024-05-08,0.025,19.08,17.98,0.0,1.1
2024-05-09,0.011,17.93,17.26,0.0,0.68
2024-05-10,0.008,17.37,16.64,0.0,0.73
2024-05-11,0.005,17.38,16.62,0.0,0.74
2024-05-12,0.004,17.42,16.67,0.0,0.74
2024-05-13,0.003,17.48,16.73,0.0,0.74
2024-05-14,0.002,17.69,16.94,0.0,0.75
2024-05-15,0.001,17.89,17.14,0.0,0.74
2024-05-16,0.001,19.0,18.24,0.0,0.71
2024-05-17,0.001,19.36,18.56,0.0,0.69
2024-05-18,0.0,20.06,19.62,0.0,0.66
2024-05-19,0.0,21.49,20.61,0.0,0.62
2024-05-20,0.0,23.15,22.85,0.0,0.52
2024-05-21,0.0,11.57,15.65,0.0,0.09
2024-05-22,0.0,0.0,0.0,0.0,0.0
2024-05-23,0.0,0.0,0.0,0.0,0.0
2024-05-24,0.0,0.0,0.0,0.0,0.0
2024-05-25,0.0,0.0,0.0,0.0,0.0
2024-05-26,0.0,0.0,0.0,0.0,0.0
2024-05-27,0.0,0.0,0.0,0.0,0.0
2024-05-28,0.0,0.0,0.0,0.0,0.0
2024-05-29,0.0,0.0,0.0,0.0,0.0
2024-05-30,0.0,0.0,0.0,0.0,0.0
2024-05-31,0.0,0.0,0.0,0.0,0.0
2024-06-01,0.0,0.0,0.0,0.0,0.0
2024-06-02,0.0,0.0,0.0,0.0,0.0
2024-06-03,0.0,0.0,0.0,0.0,0.0
2024-06-04,0.0,0.0,0.0,0.0,0.0
2024-06-05,0.0,0.0,0.0,0.0,0.0
2024-06-06,0.0,0.0,0.0,0.0,0.0
2024-06-07,0.0,0.0,0.0,0.0,0.0
2024-06-08,0.0,0.0,0.0,0.0,0.0
2024-06-09,0.0,0.0,0.0,0.0,0.0
2024-06-10,0.0,0.0,0.0,0.0,0.0
2024-06-11,0.0,0.0,0.0,0.0,0.0
2024-06-12,0.0,0.0,0.0,0.0,0.0
2024-06-13,0.0,0.0,0.0,0.0,0.0
2024-06-14,0.0,0.0,0.0,0.0,0.0
2024-06-15,0.0,0.0,0.0,0.0,0.0
2024-06-16,0.0,0.0,0.0,0.0,0.0
2024-06-17,0.0,0.0,0.0,0.0,0.0
2024-06-18,0.0,0.0,0.0,0.0,0.0
2024-06-19,0.0,0.0,0.0,0.0,0.0
2024-06-20,0.0,0.0,0.0,0.0,0.0
2024-06-21,0.0,0.0,0.0,0.0,0.0
2024-06-22,0.0,0.0,0.0,0.0,0.0
2024-06-23,0.0,0.0,0.0,0.0,0.0
2024-06-24,0.0,0.0,0.0,0.0,0.0
2024-06-25,0.0,0.0,0.0,0.0,0.0
2024-06-26,0.0,0.0,0.0,0.0,0.0
2024-06-27,0.0,0.0,0.0,0.0,0.0
2024-06-28,0.0,0.0,0.0,0.0,0.0
2024-06-29,0.0,0.0,0.0,0.0,0.0
2024-06-30,0.0,0.0,0.0,0.0,0.0
2024-07-01,0.0,0.0,0.0,0.0,0.0
2024-07-02,0.0,0.0,0.0,0.0,0.0
2024-07-03,0.0,0.0,0.0,0.0,0.0
2024-07-04,0.0,0.0,0.0,0.0,0.0
2024-07-05,0.0,0.0,0.0,0.0,0.0
2024-07-06,0.0,0.0,0.0,0.0,0.0
2024-07-07,0.0,0.0,0.0,0.0,0.0
2024-07-08,0.0,0.0,0.0,0.0,0.0
2024-07-09,0.0,0.0,0.0,0.0,0.0
2024-07-10,0.0,0.0,0.0,0.0,0.0
2024-07-11,0.0,0.0,0.0,0.0,0.0
2024-07-12,0.0,0.0,0.0,0.0,0.0
2024-07-13,0.0,0.0,0.0,0.0,0.0
2024-07-14,0.0,0.0,0.0,0.0,0.0
2024-07-15,0.0,0.0,0.0,0.0,0.0
2024-07-16,0.0,0.0,0.0,0.0,0.0
2024-07-17,0.0,0.0,0.0,0.0,0.0
2024-07-18,0.0,0.0,0.0,0.0,0.0
2024-07-19,0.0,0.0,0.0,0.0,0.0
2024-07-20,0.0,0.0,0.0,0.0,0.0
2024-07-21,0.0,0.0,0.0,0.0,0.0
2024-07-22,0.0,0.0,0.0,0.0,0.0
2024-07-23,0.0,0.0,0.0,0.0,0.0
2024-07-24,0.0,0.0,0.0,0.0,0.0
2024-07-25,0.0,0.0,0.0,0.0,0.0
2024-07-26,0.0,0.0,0.0,0.0,0.0
2024-07-27,0.0,0.0,0.0,0.0,0.0
2024-07-28,0.0,0.0,0.0,0.0,0.0
2024-07-29,0.0,0.0,0.0,0.0,0.0
2024-07-30,0.0,0.0,0.0,0.0,0.0
2024-07-31,0.0,0.0,0.0,0.0,0.0
2024-08-01,0.0,0.0,0.0,0.0,0.0
2024-08-02,0.0,0.0,0.0,0.0,0.0
2024-08-03,0.0,0.0,0.0,0.0,0.0
2024-08-04,0.0,0.0,0.0,0.0,0.0
2024-08-05,0.0,0.0,0.0,0.0,0.0
2024-08-06,0.0,0.0,0.0,0.0,0.0
2024-08-07,0.0,0.0,0.0,0.0,0.0
2024-08-08,0.0,0.0,0.0,0.0,0.0
2024-08-09,0.0,0.0,0.0,0.0,0.0
2024-08-10,0.0,0.0,0.0,0.0,0.0
2024-08-11,0.0,0.0,0.0,0.0,0.0
2024-08-12,0.0,0.0,0.0,0.0,0.0
2024-08-13,0.0,0.0,0.0,0.0,0.0
2024-08-14,0.0,0.0,0.0,0.0,0.0
2024-08-15,0.0,0.0,0.0,0.0,0.0
2024-08-16,0.0,0.0,0.0,0.0,0.0
2024-08-17,0.0,0.0,0.0,0.0,0.0
2024-08-18,0.0,0.0,0.0,0.0,0.0
2024-08-19,0.0,0.0,0.0,0.0,0.0
2024-08-20,0.0,0.0,0.0,0.0,0.0
2024-08-21,0.0,0.0,0.0,0.0,0.0
2024-08-22,0.0,0.0,0.0,0.0,0.0
2024-08-23,0.0,0.0,0.0,0.0,0.0
2024-08-24,0.0,0.0,0.0,0.0,0.0
2024-08-25,0.0,0.0,0.0,0.0,0.0
2024-08-26,0.0,0.0,0.0,0.0,0.0
2024-08-27,0.0,0.0,0.0,0.0,0.0
2024-08-28,0.0,0.0,0.0,0.0,0.0
2024-08-29,0.0,0.0,0.0,0.0,0.0
2024-08-30,0.0,0.0,0.0,0.0,0.0
2024-08-31,0.0,0.0,0.0,0.0,0.0
2024-09-01,0.0,0.0,0.0,0.0,0.0
2024-09-02,0.0,0.0,0.0,0.0,0.0
2024-09-03,0.0,0.0,0.0,0.0,0.0
2024-09-04,0.0,0.0,0.0,0.0,0.0
2024-09-05,0.0,0.0,0.0,0.0,0.0
2024-09-06,0.0,0.0,0.0,0.0,0.0
2024-09-07,0.0,0.0,0.0,0.0,0.0
2024-09-08,0.0,0.0,0.0,0.0,0.0
2024-09-09,0.0,0.0,0.0,0.0,0.0
2024-09-10,0.0,0.0,0.0,0.0,0.0
2024-09-11,0.0,0.0,0.0,0.0,0.0
2024-09-12,0.0,0.0,0.0,0.0,0.0
2024-09-13,0.0,0.0,0.0,0.0,0.0
2024-09-14,0.0,0.0,0.0,0.0,0.0
2024-09-15,0.0,0.0,0.0,0.0,0.0
2024-09-16,0.0,0.0,0.0,0.0,0.0
2024-09-17,0.0,0.0,0.0,0.0,0.0
2024-09-18,0.0,0.0,0.0,0.0,0.0
2024-09-19,0.0,0.0,0.0,0.0,0.0
2024-09-20,0.0,0.0,0.0,0.0,0.0
2024-09-21,0.0,0.0,0.0,0.0,0.0
2024-09-22,0.0,0.0,0.0,0.0,0.0
2024-09-23,0.0,0.0,0.0,0.0,0.0
2024-09-24,0.0,0.0,0.0,0.0,0.0
2024-09-25,0.0,0.0,0.0,0.0,0.0
2024-09-26,0.0,0.0,0.0,0.0,0.0
2024-09-27,0.0,0.0,0.0,0.0,0.0
2024-09-28,0.0,0.0,0.0,0.0,0.0
2024-09-29,0.0,0.0,0.0,0.0,0.0
2024-09-30,0.0,0.0,0.0,0.0,0.0
2024-10-01,0.0,0.0,0.0,0.0,0.0
2024-10-02,0.0,0.0,0.0,0.0,0.0
2024-10-03,0.0,0.0,0.0,0.0,0.0
2024-10-04,0.0,0.0,0.0,0.0,0.0
2024-10-05,0.0,0.0,0.0,0.0,0.0
2024-10-06,0.0,0.0,0.0,0.0,0.0
2024-10-07,0.0,0.0,0.0,0.0,0.0
2024-10-08,0.0,0.0,0.0,0.0,0.0
2024-10-09,0.0,0.0,0.0,0.0,0.0
2024-10-10,0.0,0.0,0.0,0.0,0.0
2024-10-11,0.0,0.0,0.0,0.0,0.0
2024-10-12,0.0,0.0,0.0,0.0,0.0
2024-10-13,0.0,0.0,0.0,0.0,0.0
2024-10-14,0.0,0.0,0.0,0.0,0.0
2024-10-15,0.0,0.0,0.0,0.0,0.0
2024-10-16,0.0,0.0,0.0,0.0,0.0
2024-10-17,0.0,0.0,0.0,0.0,0.0
2024-10-18,0.0,0.0,0.0,0.0,0.0
2024-10-19,0.0,0.0,0.0,0.0,0.0
2024-10-20,0.0,0.0,0.0,0.0,0.0
2024-10-21,0.0,0.0,0.0,0.0,0.0
2024-10-22,0.0,0.0,0.0,0.0,0.0
2024-10-23,0.0,0.0,0.0,0.0,0.0
2024-10-24,0.0,0.0,0.0,0.0,0.0
2024-10-25,0.0,0.0,0.0,0.0,0.0
2024-10-26,0.0,0.0,0.0,0.0,0.0
2024-10-27,0.0,0.0,0.0,0.0,0.0
2024-10-28,0.0,0.0,0.0,0.0,0.0
2024-10-29,0.0,0.0,0.0,0.0,0.0
2024-10-30,0.0,0.0,0.0,0.0,0.0
2024-10-31,0.029,28.65,19.19,0.22,9.24
2024-11-01,0.21,44.09,13.76,1.91,28.42
2024-11-02,0.472,39.34,19.94,0.21,19.19
2024-11-03,0.031,22.34,18.76,0.0,3.58
2024-11-04,0.005,18.51,17.71,0.0,0.83
2024-11-05,0.002,16.25,15.58,0.0,0.65
2024-11-06,0.0,15.32,14.89,0.0,0.54
2024-11-07,0.001,14.06,13.28,0.0,0.85
2024-11-08,0.001,14.2,13.43,0.0,0.84
2024-11-09,0.001,14.28,13.42,0.0,0.83
2024-11-10,0.001,14.25,13.42,0.0,0.83
2024-11-11,0.45,38.09,18.89,0.15,19.05
2024-11-12,0.097,29.7,20.2,0.0,9.5
2024-11-13,0.015,21.89,19.39,0.0,2.51
2024-11-14,0.005,16.98,16.09,0.0,0.93
2024-11-15,0.005,20.27,18.61,0.0,1.66
2024-11-16,0.002,15.97,15.26,0.0,0.75
2024-11-17,0.001,14.88,14.21,0.0,0.81
2024-11-18,0.001,14.85,14.16,0.0,0.81
2024-11-19,0.001,15.15,14.28,0.0,0.82
2024-11-20,2.595,103.76,16.88,31.54,55.34
2024-11-21,2.951,71.75,18.56,16.35,36.83
2024-11-22,10.73,290.8,26.03,111.81,152.95
2024-11-23,4.688,177.26,20.81,64.79,91.65
2024-11-24,1.555,44.41,15.49,1.56,27.36
2024-11-25,1.177,18.79,14.46,0.0,4.33
2024-11-26,1.041,16.11,14.32,0.0,1.78
2024-11-27,0.878,15.2,14.08,0.0,1.12
2024-11-28,0.764,15.06,14.0,0.0,1.06
2024-11-29,0.666,15.02,13.97,0.0,1.05
2024-11-30,0.585,14.99,13.95,0.0,1.03
2024-12-01,0.465,14.64,13.65,0.0,0.99
2024-12-02,0.427,14.59,13.64,0.0,0.95
2024-12-03,0.412,14.78,13.84,0.0,0.94
2024-12-04,0.381,14.76,13.84,0.0,0.92
2024-12-05,0.349,14.69,13.79,0.0,0.9
2024-12-06,0.314,14.67,13.79,0.0,0.88
2024-12-07,0.279,14.57,13.7,0.0,0.87
2024-12-08,0.249,14.52,13.67,0.0,0.85
2024-12-09,0.203,14.55,13.72,0.0,0.83
2024-12-10,0.145,13.56,12.77,0.0,0.79
2024-12-11,0.268,8.01,7.51,0.0,0.5
2024-12-12,3.39,133.83,19.55,40.66,73.62
2024-12-13,1.377,41.24,15.51,2.7,23.03
2024-12-14,10.331,248.32,22.01,95.69,130.63
2024-12-15,3.58,66.49,15.38,17.59,33.52
2024-12-16,5.659,86.66,16.32,28.89,41.45
2024-12-17,4.565,26.62,14.66,3.65,8.31
2024-12-18,3.663,17.18,14.24,0.92,2.02
2024-12-19,3.135,16.13,14.19,0.74,1.2
2024-12-20,2.767,16.02,14.23,0.68,1.11
2024-12-21,2.522,16.18,14.31,0.68,1.19
2024-12-22,3.457,46.67,15.3,12.2,19.18
2024-12-23,4.535,47.05,16.25,11.22,19.58
2024-12-24,6.696,49.61,16.73,13.33,19.55
2024-12-25,4.877,20.44,15.13,1.67,3.63
2024-12-26,4.777,29.14,14.66,5.92,8.56
2024-12-27,8.898,66.73,17.77,20.96,28.0
2024-12-28,6.435,20.83,15.52,2.03,3.28
2024-12-29,8.914,58.56,17.34,17.68,23.54
2024-12-30,7.135,24.01,16.13,3.34,4.54
2024-12-31,5.957,17.84,15.43,0.8,1.6
2025-01-01,5.18,17.34,15.46,0.68,1.21
2025-01-02,4.395,17.26,15.5,0.62,1.15
2025-01-03,4.736,24.13,15.75,3.12,5.25
2025-01-04,4.05,18.09,15.65,0.77,1.67
2025-01-05,3.475,17.48,15.67,0.6,1.2
2025-01-06,3.029,17.47,15.75,0.57,1.14
2025-01-07,2.414,17.35,15.86,0.36,1.13
2025-01-08,1.935,16.94,15.82,0.02,1.1
2025-01-09,1.83,17.09,15.96,0.02,1.1
2025-01-10,1.609,17.13,16.03,0.01,1.09
2025-01-11,1.265,17.32,16.25,0.0,1.06
2025-01-12,1.006,17.31,16.29,0.0,1.02
2025-01-13,0.891,17.45,16.45,0.0,1.0
2025-01-14,0.819,17.42,16.44,0.0,0.97
2025-01-15,0.735,17.48,16.53,0.0,0.95
2025-01-16,0.647,17.57,16.65,0.0,0.92
2025-01-17,0.575,17.64,16.74,0.0,0.9
2025-01-18,0.514,17.7,16.82,0.0,0.89
2025-01-19,0.456,17.77,16.9,0.0,0.87
2025-01-20,0.359,17.98,17.13,0.0,0.85
2025-01-21,0.299,17.9,17.05,0.0,0.84
2025-01-22,0.264,18.12,17.28,0.0,0.84
2025-01-23,0.211,18.32,17.5,0.0,0.82
2025-01-24,0.183,18.33,17.51,0.0,0.82
2025-01-25,0.153,18.68,17.86,0.0,0.82
2025-01-26,0.083,19.23,18.46,0.0,0.76
2025-01-27,0.083,19.21,18.38,0.0,0.83
2025-01-28,0.079,19.22,18.4,0.0,0.82
2025-01-29,0.065,19.44,18.63,0.0,0.81
2025-01-30,0.051,19.69,18.89,0.0,0.81
2025-01-31,0.867,54.01,15.69,9.54,28.79
2025-02-01,4.792,85.97,18.09,26.2,41.68
2025-02-02,7.179,59.16,17.1,17.61,24.45
2025-02-03,6.466,33.03,15.26,7.23,10.54
2025-02-04,21.84,337.11,23.22,135.41,178.47
2025-02-05,18.257,68.86,21.31,20.53,27.03
2025-02-06,19.275,81.39,21.13,26.02,34.24
2025-02-07,19.97,42.46,21.75,8.95,11.77
2025-02-08,15.415,22.78,20.03,1.19,1.56
2025-02-09,12.271,21.0,18.92,0.9,1.19
2025-02-10,9.932,19.87,17.86,0.87,1.14
2025-02-11,8.081,18.83,16.85,0.85,1.14
2025-02-12,6.947,18.67,15.63,1.21,1.82
2025-02-13,29.176,433.14,26.25,175.53,231.37
2025-02-14,22.89,50.17,23.47,10.81,15.89
2025-02-15,17.648,30.08,21.12,1.95,7.01
2025-02-16,14.401,29.95,19.72,1.28,8.95
2025-02-17,11.936,30.79,18.76,1.04,10.99
2025-02-18,9.915,31.68,18.04,0.88,12.76
2025-02-19,8.384,32.37,17.49,0.77,14.11
2025-02-20,6.913,33.12,16.97,0.67,15.48
2025-02-21,5.727,33.51,16.35,0.49,16.67
2025-02-22,4.804,33.85,15.91,0.23,17.71
2025-02-23,4.135,34.06,15.87,0.12,18.08
2025-02-24,3.444,34.6,15.88,0.09,18.62
2025-02-25,2.71,35.85,15.87,0.08,19.9
2025-02-26,2.153,36.89,15.78,0.07,21.04
2025-02-27,1.794,38.07,15.64,0.07,22.37
2025-02-28,1.505,39.44,15.54,0.05,23.86
2025-03-01,1.241,41.17,15.41,0.01,25.75
2025-03-02,1.027,42.85,15.31,0.0,27.53
2025-03-03,0.874,43.66,15.22,0.0,28.44
2025-03-04,0.751,44.17,15.31,0.0,28.85
2025-03-05,0.616,45.44,15.13,0.0,30.32
2025-03-06,0.492,46.91,14.86,0.0,32.05
2025-03-07,0.407,45.51,14.82,0.0,30.7
2025-03-08,0.323,44.48,14.74,0.0,29.74
2025-03-09,0.25,43.61,14.65,0.0,28.96
2025-03-10,0.186,43.05,14.5,0.0,28.55
2025-03-11,0.131,42.61,14.31,0.0,28.3
2025-03-12,1.727,121.26,18.47,35.45,67.34
2025-03-13,1.731,53.71,18.93,6.92,27.86
2025-03-14,3.7,59.48,17.51,15.05,26.93
2025-03-15,2.708,22.88,16.34,0.51,6.02
2025-03-16,2.355,20.04,15.8,0.21,4.03
2025-03-17,2.899,26.79,16.69,1.54,8.56
2025-03-18,2.081,21.19,15.75,0.14,5.29
2025-03-19,1.78,21.4,15.59,0.02,5.79
2025-03-20,1.455,22.55,15.57,0.01,6.98
2025-03-21,1.174,23.63,15.39,0.0,8.24
2025-03-22,1.122,23.62,15.45,0.0,8.17
2025-03-23,0.887,24.85,15.49,0.0,9.36
2025-03-24,0.683,25.84,15.45,0.0,10.39
2025-03-25,0.535,25.76,15.43,0.0,10.34
2025-03-26,0.406,25.5,15.49,0.0,10.01
2025-03-27,0.294,24.77,15.34,0.0,9.43
2025-03-28,0.255,22.73,15.59,0.0,7.14
2025-03-29,0.197,20.96,16.02,0.0,4.94
2025-03-30,0.149,19.45,15.04,0.01,4.4
2025-03-31,0.174,29.31,19.67,0.01,9.62
2025-04-01,0.117,21.0,16.54,0.0,4.46
2025-04-02,0.116,16.56,15.54,0.0,1.02
2025-04-03,0.088,16.2,15.42,0.0,0.78
2025-04-04,0.049,15.49,14.76,0.0,0.72
2025-04-05,0.018,14.04,13.4,0.0,0.63
2025-04-06,0.007,13.62,13.0,0.0,0.61
2025-04-07,0.001,13.89,13.67,0.0,0.22
2025-04-08,0.0,15.43,14.59,0.0,0.05
2025-04-09,0.0,11.57,13.65,0.0,0.01
2025-04-10,0.0,0.0,0.0,0.0,0.0
2025-04-11,0.0,0.0,0.0,0.0,0.0
2025-04-12,0.0,0.0,0.0,0.0,0.0
2025-04-13,0.0,0.0,0.0,0.0,0.0
2025-04-14,0.0,0.0,0.0,0.0,0.0
2025-04-15,0.0,0.0,0.0,0.0,0.0
2025-04-16,0.0,0.0,0.0,0.0,0.0
2025-04-17,0.0,0.0,0.0,0.0,0.0
2025-04-18,0.0,0.0,0.0,0.0,0.0
2025-04-19,0.0,0.0,0.0,0.0,0.0
2025-04-20,0.0,0.0,0.0,0.0,0.0
2025-04-21,0.0,0.0,0.0,0.0,0.0
2025-04-22,0.0,0.0,0.0,0.0,0.0
2025-04-23,0.0,0.0,0.0,0.0,0.0
2025-04-24,0.0,0.0,0.0,0.0,0.0
2025-04-25,0.0,0.0,0.0,0.0,0.0
2025-04-26,0.0,0.0,0.0,0.0,0.0
2025-04-27,0.0,0.0,0.0,0.0,0.0
2025-04-28,0.0,0.0,0.0,0.0,0.0
2025-04-29,0.0,0.0,0.0,0.0,0.0
2025-04-30,0.0,0.0,0.0,0.0,0.0
2025-05-01,0.0,0.0,0.0,0.0,0.0
2025-05-02,0.0,0.0,0.0,0.0,0.0
2025-05-03,0.0,0.0,0.0,0.0,0.0
2025-05-04,0.0,0.0,0.0,0.0,0.0
2025-05-05,0.0,0.0,0.0,0.0,0.0
2025-05-06,0.0,0.0,0.0,0.0,0.0
2025-05-07,0.0,0.0,0.0,0.0,0.0
2025-05-08,0.0,0.0,0.0,0.0,0.0
2025-05-09,0.0,0.0,0.0,0.0,0.0
2025-05-10,0.0,0.0,0.0,0.0,0.0
2025-05-11,0.0,0.0,0.0,0.0,0.0
2025-05-12,0.289,40.68,19.35,0.16,21.17
2025-05-13,0.046,29.19,20.1,0.0,9.08
2025-05-14,0.006,22.35,20.08,0.0,2.28
2025-05-15,0.001,20.6,20.14,0.0,0.54
2025-05-16,0.0,20.83,20.68,0.0,0.12
2025-05-17,0.0,23.15,24.54,0.0,0.03
2025-05-18,0.0,0.0,0.0,0.0,0.0
2025-05-19,0.0,0.0,0.0,0.0,0.0
2025-05-20,0.0,0.0,0.0,0.0,0.0
2025-05-21,0.0,0.0,0.0,0.0,0.0
2025-05-22,0.0,0.0,0.0,0.0,0.0
2025-05-23,0.0,0.0,0.0,0.0,0.0
2025-05-24,0.0,0.0,0.0,0.0,0.0
2025-05-25,0.0,0.0,0.0,0.0,0.0
2025-05-26,0.0,0.0,0.0,0.0,0.0
2025-05-27,0.0,0.0,0.0,0.0,0.0
2025-05-28,0.0,0.0,0.0,0.0,0.0
2025-05-29,0.0,0.0,0.0,0.0,0.0
2025-05-30,0.0,0.0,0.0,0.0,0.0
2025-05-31,0.0,0.0,0.0,0.0,0.0
2025-06-01,0.0,0.0,0.0,0.0,0.0
2025-06-02,0.0,0.0,0.0,0.0,0.0
2025-06-03,0.0,0.0,0.0,0.0,0.0
2025-06-04,0.0,0.0,0.0,0.0,0.0
2025-06-05,0.0,0.0,0.0,0.0,0.0
2025-06-06,0.0,0.0,0.0,0.0,0.0
2025-06-07,0.0,0.0,0.0,0.0,0.0
2025-06-08,0.0,0.0,0.0,0.0,0.0
2025-06-09,0.0,0.0,0.0,0.0,0.0
2025-06-10,0.0,0.0,0.0,0.0,0.0
2025-06-11,0.0,0.0,0.0,0.0,0.0
2025-06-12,0.0,0.0,0.0,0.0,0.0
2025-06-13,0.0,0.0,0.0,0.0,0.0
2025-06-14,0.0,0.0,0.0,0.0,0.0
2025-06-15,0.0,0.0,0.0,0.0,0.0
2025-06-16,0.0,0.0,0.0,0.0,0.0
2025-06-17,0.0,0.0,0.0,0.0,0.0
2025-06-18,0.0,0.0,0.0,0.0,0.0
2025-06-19,0.0,0.0,0.0,0.0,0.0
2025-06-20,0.0,0.0,0.0,0.0,0.0
2025-06-21,0.0,0.0,0.0,0.0,0.0
2025-06-22,0.0,0.0,0.0,0.0,0.0
2025-06-23,0.0,0.0,0.0,0.0,0.0
2025-06-24,0.0,0.0,0.0,0.0,0.0
2025-06-25,0.0,0.0,0.0,0.0,0.0
2025-06-26,0.0,0.0,0.0,0.0,0.0
2025-06-27,0.0,0.0,0.0,0.0,0.0
2025-06-28,0.0,0.0,0.0,0.0,0.0
2025-06-29,0.0,0.0,0.0,0.0,0.0
2025-06-30,0.0,0.0,0.0,0.0,0.0
2025-07-01,0.0,0.0,0.0,0.0,0.0
2025-07-02,0.0,0.0,0.0,0.0,0.0
2025-07-03,0.0,0.0,0.0,0.0,0.0
2025-07-04,0.0,0.0,0.0,0.0,0.0
2025-07-05,0.0,0.0,0.0,0.0,0.0
2025-07-06,0.0,0.0,0.0,0.0,0.0
2025-07-07,0.0,0.0,0.0,0.0,0.0
2025-07-08,0.0,0.0,0.0,0.0,0.0
2025-07-09,0.0,0.0,0.0,0.0,0.0
2025-07-10,0.0,0.0,0.0,0.0,0.0
2025-07-11,0.0,0.0,0.0,0.0,0.0
2025-07-12,0.0,0.0,0.0,0.0,0.0
2025-07-13,0.0,0.0,0.0,0.0,0.0
2025-07-14,0.0,0.0,0.0,0.0,0.0
2025-07-15,0.0,0.0,0.0,0.0,0.0
2025-07-16,0.0,0.0,0.0,0.0,0.0
2025-07-17,0.0,0.0,0.0,0.0,0.0
2025-07-18,0.0,0.0,0.0,0.0,0.0
2025-07-19,0.0,0.0,0.0,0.0,0.0
2025-07-20,0.0,0.0,0.0,0.0,0.0
2025-07-21,0.0,0.0,0.0,0.0,0.0
2025-07-22,0.0,0.0,0.0,0.0,0.0
2025-07-23,0.0,0.0,0.0,0.0,0.0
2025-07-24,0.0,0.0,0.0,0.0,0.0
2025-07-25,0.0,0.0,0.0,0.0,0.0
2025-07-26,0.0,0.0,0.0,0.0,0.0
2025-07-27,0.0,0.0,0.0,0.0,0.0
2025-07-28,0.0,0.0,0.0,0.0,0.0
2025-07-29,0.0,0.0,0.0,0.0,0.0
2025-07-30,0.0,0.0,0.0,0.0,0.0
2025-07-31,0.0,0.0,0.0,0.0,0.0
2025-08-01,0.0,0.0,0.0,0.0,0.0
2025-08-02,0.0,0.0,0.0,0.0,0.0
2025-08-03,0.0,0.0,0.0,0.0,0.0
2025-08-04,0.0,0.0,0.0,0.0,0.0
2025-08-05,0.0,0.0,0.0,0.0,0.0
2025-08-06,0.0,0.0,0.0,0.0,0.0
2025-08-07,0.0,0.0,0.0,0.0,0.0
2025-08-08,0.0,0.0,0.0,0.0,0.0
2025-08-09,0.0,0.0,0.0,0.0,0.0
2025-08-10,0.0,0.0,0.0,0.0,0.0
2025-08-11,0.0,0.0,0.0,0.0,0.0
2025-08-12,0.0,0.0,0.0,0.0,0.0
2025-08-13,0.0,0.0,0.0,0.0,0.0
2025-08-14,0.0,0.0,0.0,0.0,0.0
2025-08-15,0.0,0.0,0.0,0.0,0.0
2025-08-16,0.0,0.0,0.0,0.0,0.0
2025-08-17,0.0,0.0,0.0,0.0,0.0
2025-08-18,0.0,0.0,0.0,0.0,0.0
2025-08-19,0.0,0.0,0.0,0.0,0.0
2025-08-20,0.0,0.0,0.0,0.0,0.0
2025-08-21,0.0,0.0,0.0,0.0,0.0
2025-08-22,0.0,0.0,0.0,0.0,0.0
2025-08-23,0.0,0.0,0.0,0.0,0.0
2025-08-24,0.0,0.0,0.0,0.0,0.0
2025-08-25,0.0,0.0,0.0,0.0,0.0
2025-08-26,0.0,0.0,0.0,0.0,0.0
2025-08-27,0.0,0.0,0.0,0.0,0.0
2025-08-28,0.0,0.0,0.0,0.0,0.0
2025-08-29,0.0,0.0,0.0,0.0,0.0
2025-08-30,0.0,0.0,0.0,0.0,0.0
2025-08-31,0.0,0.0,0.0,0.0,0.0
2025-09-01,0.0,0.0,0.0,0.0,0.0
2025-09-02,0.0,0.0,0.0,0.0,0.0
2025-09-03,0.0,0.0,0.0,0.0,0.0
2025-09-04,0.0,0.0,0.0,0.0,0.0
2025-09-05,0.0,0.0,0.0,0.0,0.0
2025-09-06,0.0,0.0,0.0,0.0,0.0
2025-09-07,0.0,0.0,0.0,0.0,0.0
2025-09-08,0.0,0.0,0.0,0.0,0.0
2025-09-09,0.0,0.0,0.0,0.0,0.0
2025-09-10,0.0,0.0,0.0,0.0,0.0
2025-09-11,0.0,0.0,0.0,0.0,0.0
2025-09-12,0.0,0.0,0.0,0.0,0.0
2025-09-13,0.0,0.0,0.0,0.0,0.0
2025-09-14,0.0,0.0,0.0,0.0,0.0
2025-09-15,0.0,0.0,0.0,0.0,0.0
2025-09-16,0.0,0.0,0.0,0.0,0.0
2025-09-17,0.0,0.0,0.0,0.0,0.0
2025-09-18,0.0,0.0,0.0,0.0,0.0
2025-09-19,0.0,0.0,0.0,0.0,0.0
2025-09-20,0.0,0.0,0.0,0.0,0.0
2025-09-21,0.0,0.0,0.0,0.0,0.0
2025-09-22,0.0,0.0,0.0,0.0,0.0
2025-09-23,0.0,0.0,0.0,0.0,0.0
2025-09-24,0.0,0.0,0.0,0.0,0.0
2025-09-25,0.017,25.7,12.29,0.06,13.36
2025-09-26,0.002,17.03,13.46,0.0,3.57
2025-09-27,0.0,13.78,13.2,0.0,0.86
2025-09-28,0.0,11.57,11.84,0.0,0.32
2025-09-29,0.0,0.0,0.0,0.0,0.0
2025-09-30,0.001,14.91,12.21,0.02,2.64
