Date,flow_cms,ssc_mg_L,ssc_sand_mg_L,ssc_silt_mg_L,ssc_clay_mg_L
1995-10-01,1.146,4.61,4.06,0.0,0.55
1995-10-02,1.146,4.61,4.06,0.0,0.55
1995-10-03,1.145,4.61,4.06,0.0,0.54
1995-10-04,1.145,4.61,4.06,0.0,0.54
1995-10-05,1.145,4.6,4.06,0.0,0.54
1995-10-06,1.145,4.6,4.06,0.0,0.54
1995-10-07,1.144,4.6,4.06,0.0,0.54
1995-10-08,1.144,4.6,4.06,0.0,0.53
1995-10-09,1.144,4.59,4.06,0.0,0.53
1995-10-10,1.144,4.59,4.06,0.0,0.53
1995-10-11,1.143,4.59,4.06,0.0,0.53
1995-10-12,1.143,4.59,4.06,0.0,0.52
1995-10-13,1.143,4.59,4.06,0.0,0.52
1995-10-14,1.143,4.58,4.06,0.0,0.52
1995-10-15,1.143,4.58,4.06,0.0,0.52
1995-10-16,1.143,4.58,4.06,0.0,0.52
1995-10-17,1.142,4.58,4.06,0.0,0.51
1995-10-18,1.142,4.58,4.06,0.0,0.51
1995-10-19,1.142,4.57,4.06,0.0,0.51
1995-10-20,1.142,4.57,4.06,0.0,0.51
1995-10-21,1.142,4.57,4.06,0.0,0.51
1995-10-22,1.141,4.57,4.06,0.0,0.5
1995-10-23,1.141,4.57,4.06,0.0,0.5
1995-10-24,1.141,4.56,4.06,0.0,0.5
1995-10-25,1.141,4.56,4.06,0.0,0.5
1995-10-26,1.141,4.56,4.06,0.0,0.5
1995-10-27,1.141,4.56,4.06,0.0,0.49
1995-10-28,1.141,4.56,4.06,0.0,0.49
1995-10-29,1.14,4.55,4.06,0.0,0.49
1995-10-30,1.14,4.55,4.06,0.0,0.49
1995-10-31,1.14,4.55,4.06,0.0,0.49
1995-11-01,1.14,4.55,4.06,0.0,0.48
1995-11-02,1.14,4.55,4.06,0.0,0.48
1995-11-03,1.14,4.54,4.06,0.0,0.48
1995-11-04,1.14,4.54,4.06,0.0,0.48
1995-11-05,1.14,4.54,4.06,0.0,0.48
1995-11-06,1.139,4.54,4.06,0.0,0.47
1995-11-07,1.139,4.54,4.06,0.0,0.47
1995-11-08,1.139,4.53,4.06,0.0,0.47
1995-11-09,1.139,4.53,4.06,0.0,0.47
1995-11-10,1.139,4.53,4.06,0.0,0.47
1995-11-11,1.139,4.53,4.06,0.0,0.47
1995-11-12,1.139,4.53,4.06,0.0,0.46
1995-11-13,1.139,4.52,4.06,0.0,0.46
1995-11-14,1.139,4.52,4.06,0.0,0.46
1995-11-15,1.139,4.52,4.06,0.0,0.46
1995-11-16,1.138,4.52,4.06,0.0,0.46
1995-11-17,1.138,4.52,4.06,0.0,0.45
1995-11-18,1.138,4.52,4.06,0.0,0.45
1995-11-19,1.138,4.51,4.06,0.0,0.45
1995-11-20,1.138,4.51,4.06,0.0,0.45
1995-11-21,1.138,4.51,4.06,0.0,0.45
1995-11-22,1.138,4.51,4.06,0.0,0.45
1995-11-23,1.138,4.51,4.06,0.0,0.44
1995-11-24,1.138,4.51,4.06,0.0,0.44
1995-11-25,1.138,4.5,4.06,0.0,0.44
1995-11-26,1.138,4.5,4.06,0.0,0.44
1995-11-27,1.138,4.5,4.06,0.0,0.44
1995-11-28,1.141,4.49,4.05,0.0,0.43
1995-11-29,1.271,8.41,4.07,1.61,2.74
1995-11-30,1.17,5.15,4.07,0.19,0.9
1995-12-01,1.157,4.63,4.07,0.01,0.55
1995-12-02,1.145,4.51,4.06,0.0,0.45
1995-12-03,1.14,4.49,4.06,0.0,0.43
1995-12-04,1.306,7.63,4.05,1.37,2.21
1995-12-05,1.184,5.2,4.07,0.28,0.85
1995-12-06,1.157,4.58,4.07,0.03,0.49
1995-12-07,1.145,4.5,4.06,0.0,0.43
1995-12-08,1.14,4.48,4.06,0.0,0.42
1995-12-09,1.138,4.48,4.06,0.0,0.42
1995-12-10,1.188,4.7,3.98,0.13,0.59
1995-12-11,60.956,408.91,13.55,166.14,229.22
1995-12-12,65.924,228.41,14.26,89.82,124.32
1995-12-13,17.559,109.03,8.54,43.2,57.3
1995-12-14,9.469,62.08,6.04,23.97,32.07
1995-12-15,19.052,95.97,7.86,37.7,50.42
1995-12-16,11.046,96.91,6.95,38.68,51.28
1995-12-17,4.2,43.79,4.32,16.81,22.66
1995-12-18,4.044,25.19,4.12,8.7,12.37
1995-12-19,6.375,56.2,5.03,21.89,29.28
1995-12-20,4.242,50.05,4.18,19.47,26.39
1995-12-21,3.018,29.06,4.02,10.27,14.77
1995-12-22,10.416,202.05,6.0,83.99,112.06
1995-12-23,9.227,186.1,6.21,77.48,102.41
1995-12-24,4.235,65.62,4.28,26.26,35.07
1995-12-25,2.771,24.3,4.12,8.29,11.89
1995-12-26,2.174,8.92,4.09,1.63,3.2
1995-12-27,1.985,5.39,4.07,0.28,1.04
1995-12-28,1.942,4.9,4.07,0.13,0.71
1995-12-29,4.67,64.32,4.73,25.32,34.27
1995-12-30,11.268,72.22,6.32,27.97,37.93
1995-12-31,6.19,50.61,5.16,19.4,26.05
1996-01-01,3.33,25.59,4.15,8.91,12.53
1996-01-02,2.289,11.23,4.11,2.54,4.59
1996-01-03,2.01,5.86,4.07,0.43,1.35
1996-01-04,1.965,4.95,4.07,0.15,0.74
1996-01-05,1.91,4.85,4.07,0.12,0.66
1996-01-06,1.817,4.8,4.07,0.1,0.63
1996-01-07,1.738,4.76,4.07,0.09,0.6
1996-01-08,1.663,4.73,4.07,0.08,0.58
1996-01-09,1.579,4.69,4.07,0.07,0.55
1996-01-10,1.517,4.66,4.07,0.06,0.53
1996-01-11,1.458,4.63,4.07,0.05,0.51
1996-01-12,1.398,4.59,4.07,0.04,0.48
1996-01-13,1.357,4.55,4.07,0.03,0.46
1996-01-14,1.333,4.54,4.07,0.03,0.44
1996-01-15,2.253,17.31,3.67,5.67,7.97
1996-01-16,26.204,115.0,8.93,45.46,60.61
1996-01-17,18.204,108.87,8.66,43.07,57.13
1996-01-18,8.605,55.91,5.62,21.47,28.82
1996-01-19,14.365,67.76,6.93,25.96,34.87
1996-01-20,8.281,43.03,5.72,15.96,21.35
1996-01-21,14.508,80.2,6.94,31.35,41.91
1996-01-22,9.003,73.3,6.14,28.92,38.25
1996-01-23,5.199,26.58,4.43,9.43,12.73
1996-01-24,10.002,27.95,5.74,9.39,12.81
1996-01-25,23.324,72.79,8.76,27.45,36.57
1996-01-26,11.209,44.37,6.53,16.26,21.57
1996-01-27,32.028,120.87,9.83,47.68,63.36
1996-01-28,24.401,98.05,9.39,35.12,53.54
1996-01-29,13.365,60.5,6.88,7.55,46.07
1996-01-30,12.204,49.99,6.29,4.88,38.82
1996-01-31,49.31,119.86,11.77,42.17,65.91
1996-02-01,28.057,96.54,9.94,21.83,64.78
1996-02-02,18.32,77.12,7.85,3.75,65.52
1996-02-03,18.869,67.29,7.69,2.81,56.79
1996-02-04,46.092,91.7,11.29,20.32,60.09
1996-02-05,46.714,118.51,12.04,21.51,84.97
1996-02-06,28.886,123.3,9.58,5.94,107.78
1996-02-07,23.367,114.67,8.73,1.12,104.81
1996-02-08,19.613,103.97,8.08,0.79,95.1
1996-02-09,16.709,93.62,7.48,0.76,85.37
1996-02-10,14.275,81.48,6.93,0.75,73.8
1996-02-11,12.271,74.24,6.59,0.74,66.91
1996-02-12,10.254,62.49,6.18,0.72,55.59
1996-02-13,8.574,34.0,5.72,0.7,27.58
1996-02-14,7.426,11.45,5.35,0.68,5.42
1996-02-15,7.156,12.3,5.04,2.92,4.33
1996-02-16,21.277,156.14,8.24,63.52,84.38
1996-02-17,12.651,102.57,6.88,38.7,57.0
1996-02-18,9.186,38.2,5.77,8.77,23.65
1996-02-19,25.98,56.91,8.8,17.77,30.34
1996-02-20,50.291,112.72,11.84,24.76,76.11
1996-02-21,65.36,156.77,13.23,37.74,105.8
1996-02-22,53.541,203.0,12.55,55.3,135.14
1996-02-23,39.904,210.14,11.02,51.94,147.19
1996-02-24,33.828,193.46,10.16,38.92,144.39
1996-02-25,29.561,185.63,9.57,32.36,143.69
1996-02-26,24.44,162.28,8.91,16.98,136.38
1996-02-27,21.993,126.79,8.42,3.76,114.62
1996-02-28,19.7,116.89,8.12,2.77,106.01
1996-02-29,17.439,113.79,7.58,1.29,104.92
1996-03-01,15.966,127.78,7.32,1.59,118.87
1996-03-02,13.549,142.05,6.81,0.74,134.5
1996-03-03,11.695,148.34,6.46,0.6,141.28
1996-03-04,22.503,129.62,8.32,13.89,107.42
1996-03-05,40.606,163.23,11.06,35.92,116.24
1996-03-06,27.092,226.07,9.35,51.77,164.95
1996-03-07,21.602,235.75,8.44,47.36,179.95
1996-03-08,18.258,223.33,7.82,34.71,180.8
1996-03-09,15.259,202.45,7.16,17.45,177.84
1996-03-10,13.111,186.8,6.72,4.3,175.78
1996-03-11,16.102,161.87,7.06,4.96,149.85
1996-03-12,58.444,168.32,12.53,44.61,111.18
1996-03-13,47.344,238.82,11.99,81.79,145.05
1996-03-14,36.634,325.44,10.59,122.23,192.62
1996-03-15,30.71,334.2,9.75,121.64,202.81
1996-03-16,26.186,342.42,9.12,119.98,213.32
1996-03-17,21.018,332.77,8.4,106.05,218.33
1996-03-18,15.985,272.6,7.37,63.45,201.78
1996-03-19,12.648,189.74,6.68,16.23,166.84
1996-03-20,10.522,156.01,6.23,1.02,148.76
1996-03-21,8.969,155.4,5.83,0.44,149.13
1996-03-22,7.861,157.95,5.49,0.36,152.1
1996-03-23,7.097,161.15,5.21,0.29,155.64
1996-03-24,6.413,162.59,4.96,0.23,157.4
1996-03-25,5.52,148.19,4.58,0.18,143.43
1996-03-26,4.705,130.52,4.18,0.13,126.21
1996-03-27,4.088,113.49,4.09,0.08,109.32
1996-03-28,3.614,68.25,4.08,0.14,64.03
1996-03-29,3.269,20.41,4.08,0.23,16.1
1996-03-30,2.942,6.47,4.08,0.09,2.29
1996-03-31,2.594,4.92,4.08,0.05,0.79
1996-04-01,8.192,58.59,5.79,22.28,30.52
1996-04-02,19.271,120.09,8.29,47.23,64.56
1996-04-03,9.897,59.51,6.2,13.34,39.97
1996-04-04,7.342,50.3,5.35,3.12,41.83
1996-04-05,5.993,34.26,4.81,0.92,28.53
1996-04-06,5.033,13.72,4.34,0.52,8.86
1996-04-07,4.349,6.44,4.09,0.4,1.96
1996-04-08,3.723,5.32,4.09,0.31,0.92
1996-04-09,3.153,5.14,4.09,0.23,0.82
1996-04-10,2.677,5.01,4.09,0.13,0.78
1996-04-11,2.299,4.92,4.09,0.07,0.75
1996-04-12,1.955,4.85,4.09,0.04,0.72
1996-04-13,1.686,4.77,4.08,0.02,0.67
1996-04-14,1.548,4.73,4.07,0.01,0.64
1996-04-15,1.477,4.7,4.07,0.0,0.62
1996-04-16,1.482,4.89,4.04,0.09,0.76
1996-04-17,2.261,13.29,3.88,3.35,6.06
1996-04-18,13.317,80.64,6.64,31.28,42.72
1996-04-19,8.833,64.93,6.05,25.19,33.69
1996-04-20,5.318,23.62,4.54,8.05,11.02
1996-04-21,4.213,9.38,4.09,2.1,3.19
1996-04-22,3.614,6.01,4.09,0.65,1.27
1996-04-23,3.071,5.38,4.09,0.36,0.93
1996-04-24,2.607,5.17,4.09,0.24,0.84
1996-04-25,2.307,5.03,4.08,0.16,0.79
1996-04-26,2.041,4.94,4.09,0.11,0.75
1996-04-27,1.8,4.81,4.08,0.05,0.68
1996-04-28,1.633,4.73,4.08,0.02,0.63
1996-04-29,1.519,4.67,4.07,0.01,0.59
1996-04-30,1.461,4.65,4.07,0.0,0.58
1996-05-01,1.434,4.64,4.07,0.0,0.57
1996-05-02,1.422,4.63,4.06,0.0,0.57
1996-05-03,1.418,4.63,4.06,0.0,0.57
1996-05-04,1.417,4.63,4.06,0.0,0.56
1996-05-05,1.416,4.62,4.06,0.0,0.56
1996-05-06,1.416,4.62,4.06,0.0,0.56
1996-05-07,1.416,4.62,4.06,0.0,0.55
1996-05-08,1.416,4.61,4.06,0.0,0.55
1996-05-09,1.416,4.61,4.06,0.0,0.55
1996-05-10,1.416,4.61,4.06,0.0,0.55
1996-05-11,1.416,4.61,4.06,0.0,0.54
1996-05-12,1.416,4.6,4.06,0.0,0.54
1996-05-13,1.416,4.6,4.06,0.0,0.54
1996-05-14,1.417,4.6,4.06,0.0,0.53
1996-05-15,4.535,56.77,4.59,22.23,29.95
1996-05-16,39.51,150.81,10.9,59.94,79.98
1996-05-17,13.301,88.99,7.45,35.0,46.54
1996-05-18,6.984,32.72,5.28,11.67,15.76
1996-05-19,5.147,12.06,4.43,3.13,4.5
1996-05-20,4.231,6.61,4.09,0.93,1.58
1996-05-21,3.587,5.55,4.08,0.48,0.99
1996-05-22,3.381,5.35,4.07,0.39,0.88
1996-05-23,3.023,5.33,4.09,0.37,0.87
1996-05-24,2.518,5.17,4.1,0.26,0.81
1996-05-25,2.093,4.93,4.09,0.11,0.73
1996-05-26,1.865,4.8,4.08,0.05,0.67
1996-05-27,1.718,4.74,4.08,0.03,0.64
1996-05-28,1.607,4.69,4.07,0.01,0.6
1996-05-29,1.542,4.66,4.07,0.01,0.58
1996-05-30,1.492,4.64,4.07,0.01,0.56
1996-05-31,1.443,4.62,4.07,0.0,0.55
1996-06-01,1.4,4.61,4.07,0.0,0.54
1996-06-02,1.374,4.6,4.07,0.0,0.54
1996-06-03,1.361,4.6,4.06,0.0,0.54
1996-06-04,1.354,4.6,4.06,0.0,0.53
1996-06-05,1.348,4.6,4.06,0.0,0.53
1996-06-06,1.343,4.6,4.06,0.0,0.53
1996-06-07,1.338,4.59,4.06,0.0,0.53
1996-06-08,1.333,4.59,4.06,0.0,0.53
1996-06-09,1.329,4.59,4.06,0.0,0.53
1996-06-10,1.324,4.59,4.06,0.0,0.53
1996-06-11,1.32,4.59,4.06,0.0,0.52
1996-06-12,1.316,4.59,4.06,0.0,0.52
1996-06-13,1.312,4.59,4.06,0.0,0.52
1996-06-14,1.308,4.58,4.06,0.0,0.52
1996-06-15,1.304,4.58,4.06,0.0,0.52
1996-06-16,1.3,4.58,4.06,0.0,0.52
1996-06-17,1.296,4.58,4.06,0.0,0.51
1996-06-18,1.292,4.58,4.06,0.0,0.51
1996-06-19,1.289,4.58,4.06,0.0,0.51
1996-06-20,1.285,4.57,4.06,0.0,0.51
1996-06-21,1.282,4.57,4.06,0.0,0.51
1996-06-22,1.278,4.57,4.06,0.0,0.51
1996-06-23,1.275,4.57,4.06,0.0,0.5
1996-06-24,1.272,4.57,4.06,0.0,0.5
1996-06-25,1.269,4.57,4.06,0.0,0.5
1996-06-26,1.266,4.56,4.06,0.0,0.5
1996-06-27,1.263,4.56,4.06,0.0,0.5
1996-06-28,1.26,4.56,4.06,0.0,0.5
1996-06-29,1.257,4.56,4.06,0.0,0.49
1996-06-30,1.254,4.56,4.06,0.0,0.49
1996-07-01,1.251,4.56,4.06,0.0,0.49
1996-07-02,1.249,4.55,4.06,0.0,0.49
1996-07-03,1.246,4.55,4.06,0.0,0.49
1996-07-04,1.244,4.55,4.06,0.0,0.49
1996-07-05,1.241,4.55,4.06,0.0,0.48
1996-07-06,1.239,4.55,4.06,0.0,0.48
1996-07-07,1.236,4.54,4.06,0.0,0.48
1996-07-08,1.234,4.54,4.06,0.0,0.48
1996-07-09,1.232,4.54,4.06,0.0,0.48
1996-07-10,1.23,4.54,4.06,0.0,0.48
1996-07-11,1.227,4.54,4.06,0.0,0.47
1996-07-12,1.225,4.54,4.06,0.0,0.47
1996-07-13,1.223,4.53,4.06,0.0,0.47
1996-07-14,1.221,4.53,4.06,0.0,0.47
1996-07-15,1.219,4.53,4.06,0.0,0.47
1996-07-16,1.217,4.53,4.06,0.0,0.47
1996-07-17,1.215,4.53,4.06,0.0,0.46
1996-07-18,1.214,4.53,4.06,0.0,0.46
1996-07-19,1.212,4.52,4.06,0.0,0.46
1996-07-20,1.21,4.52,4.06,0.0,0.46
1996-07-21,1.208,4.52,4.06,0.0,0.46
1996-07-22,1.207,4.52,4.06,0.0,0.45
1996-07-23,1.205,4.52,4.06,0.0,0.45
1996-07-24,1.203,4.51,4.06,0.0,0.45
1996-07-25,1.202,4.51,4.06,0.0,0.45
1996-07-26,1.2,4.51,4.06,0.0,0.45
1996-07-27,1.199,4.51,4.06,0.0,0.45
1996-07-28,1.197,4.51,4.06,0.0,0.44
1996-07-29,1.196,4.51,4.06,0.0,0.44
1996-07-30,1.194,4.5,4.06,0.0,0.44
1996-07-31,1.193,4.5,4.06,0.0,0.44
1996-08-01,1.192,4.5,4.06,0.0,0.44
1996-08-02,1.19,4.5,4.06,0.0,0.44
1996-08-03,1.189,4.5,4.06,0.0,0.43
1996-08-04,1.188,4.5,4.06,0.0,0.43
1996-08-05,1.187,4.49,4.06,0.0,0.43
1996-08-06,1.186,4.49,4.06,0.0,0.43
1996-08-07,1.184,4.49,4.06,0.0,0.43
1996-08-08,1.183,4.49,4.06,0.0,0.43
1996-08-09,1.182,4.49,4.06,0.0,0.42
1996-08-10,1.181,4.49,4.06,0.0,0.42
1996-08-11,1.18,4.48,4.06,0.0,0.42
1996-08-12,1.179,4.48,4.06,0.0,0.42
1996-08-13,1.178,4.48,4.06,0.0,0.42
1996-08-14,1.177,4.48,4.06,0.0,0.42
1996-08-15,1.176,4.48,4.06,0.0,0.41
1996-08-16,1.175,4.48,4.06,0.0,0.41
1996-08-17,1.174,4.47,4.06,0.0,0.41
1996-08-18,1.173,4.47,4.06,0.0,0.41
1996-08-19,1.173,4.47,4.06,0.0,0.41
1996-08-20,1.172,4.47,4.06,0.0,0.41
1996-08-21,1.171,4.47,4.06,0.0,0.4
1996-08-22,1.17,4.47,4.06,0.0,0.4
1996-08-23,1.169,4.46,4.06,0.0,0.4
1996-08-24,1.168,4.46,4.06,0.0,0.4
1996-08-25,1.168,4.46,4.06,0.0,0.4
1996-08-26,1.167,4.46,4.06,0.0,0.4
1996-08-27,1.166,4.46,4.06,0.0,0.39
1996-08-28,1.165,4.46,4.06,0.0,0.39
1996-08-29,1.165,4.45,4.06,0.0,0.39
1996-08-30,1.164,4.45,4.06,0.0,0.39
1996-08-31,1.163,4.45,4.06,0.0,0.39
1996-09-01,1.163,4.45,4.06,0.0,0.39
1996-09-02,1.162,4.45,4.06,0.0,0.38
1996-09-03,1.161,4.45,4.06,0.0,0.38
1996-09-04,1.161,4.45,4.06,0.0,0.38
1996-09-05,1.16,4.44,4.06,0.0,0.38
1996-09-06,1.16,4.44,4.06,0.0,0.38
1996-09-07,1.159,4.44,4.06,0.0,0.38
1996-09-08,1.159,4.44,4.06,0.0,0.38
1996-09-09,1.158,4.44,4.06,0.0,0.37
1996-09-10,1.157,4.44,4.06,0.0,0.37
1996-09-11,1.157,4.43,4.06,0.0,0.37
1996-09-12,1.156,4.43,4.06,0.0,0.37
1996-09-13,1.156,4.43,4.06,0.0,0.37
1996-09-14,1.155,4.43,4.06,0.0,0.37
1996-09-15,1.155,4.43,4.06,0.0,0.36
1996-09-16,1.154,4.43,4.06,0.0,0.36
1996-09-17,1.154,4.43,4.06,0.0,0.36
1996-09-18,1.154,4.42,4.06,0.0,0.36
1996-09-19,1.153,4.42,4.06,0.0,0.36
1996-09-20,1.153,4.42,4.06,0.0,0.36
1996-09-21,1.152,4.42,4.06,0.0,0.36
1996-09-22,1.152,4.42,4.06,0.0,0.35
1996-09-23,1.152,4.42,4.06,0.0,0.35
1996-09-24,1.151,4.41,4.06,0.0,0.35
1996-09-25,1.151,4.41,4.06,0.0,0.35
1996-09-26,1.15,4.41,4.06,0.0,0.35
1996-09-27,1.15,4.41,4.06,0.0,0.35
1996-09-28,1.15,4.41,4.06,0.0,0.35
1996-09-29,1.149,4.41,4.06,0.0,0.34
1996-09-30,1.149,4.41,4.06,0.0,0.34
1996-10-01,1.149,4.41,4.06,0.0,0.34
1996-10-02,1.148,4.4,4.06,0.0,0.34
1996-10-03,1.148,4.4,4.06,0.0,0.34
1996-10-04,1.148,4.4,4.06,0.0,0.34
1996-10-05,1.147,4.4,4.06,0.0,0.34
1996-10-06,1.147,4.4,4.06,0.0,0.33
1996-10-07,1.147,4.4,4.06,0.0,0.33
1996-10-08,1.147,4.4,4.06,0.0,0.33
1996-10-09,1.146,4.39,4.06,0.0,0.33
1996-10-10,1.146,4.39,4.06,0.0,0.33
1996-10-11,1.146,4.39,4.06,0.0,0.33
1996-10-12,1.146,4.39,4.06,0.0,0.33
1996-10-13,1.145,4.39,4.06,0.0,0.33
1996-10-14,1.145,4.39,4.06,0.0,0.32
1996-10-15,1.145,4.39,4.06,0.0,0.32
1996-10-16,1.145,4.38,4.06,0.0,0.32
1996-10-17,1.144,4.38,4.06,0.0,0.32
1996-10-18,1.144,4.38,4.06,0.0,0.32
1996-10-19,1.144,4.38,4.06,0.0,0.32
1996-10-20,1.144,4.38,4.06,0.0,0.32
1996-10-21,1.143,4.38,4.06,0.0,0.31
1996-10-22,1.143,4.38,4.06,0.0,0.31
1996-10-23,1.143,4.38,4.06,0.0,0.31
1996-10-24,1.143,4.37,4.06,0.0,0.31
1996-10-25,1.143,4.37,4.06,0.0,0.31
1996-10-26,1.143,4.37,4.06,0.0,0.31
1996-10-27,1.142,4.37,4.06,0.0,0.31
1996-10-28,1.142,4.37,4.06,0.0,0.31
1996-10-29,7.172,137.51,5.61,56.76,75.14
1996-10-30,18.118,173.02,7.86,71.04,94.12
1996-10-31,7.844,80.31,5.96,31.8,42.55
1996-11-01,3.078,43.49,4.18,16.4,22.91
1996-11-02,1.758,19.92,4.14,5.66,10.13
1996-11-03,1.312,7.74,4.09,1.01,2.64
1996-11-04,1.2,4.84,4.07,0.14,0.63
1996-11-05,1.178,4.44,4.07,0.03,0.35
1996-11-06,1.17,4.4,4.06,0.02,0.32
1996-11-07,1.165,4.39,4.06,0.01,0.31
1996-11-08,1.162,4.38,4.06,0.01,0.31
1996-11-09,1.158,4.38,4.06,0.01,0.3
1996-11-10,1.156,4.37,4.06,0.01,0.3
1996-11-11,1.155,4.37,4.06,0.01,0.3
1996-11-12,1.153,4.37,4.06,0.01,0.3
1996-11-13,1.152,4.36,4.06,0.0,0.29
1996-11-14,1.151,4.36,4.06,0.0,0.29
1996-11-15,1.15,4.36,4.06,0.0,0.29
1996-11-16,1.941,45.3,3.6,17.92,23.78
1996-11-17,66.564,387.66,13.96,154.66,219.04
1996-11-18,20.972,261.18,9.69,105.89,145.6
1996-11-19,6.436,108.85,5.19,43.43,60.24
1996-11-20,4.71,61.08,4.3,23.22,33.56
1996-11-21,2.956,37.97,4.09,13.59,20.29
1996-11-22,8.516,54.65,5.56,20.7,28.39
1996-11-23,6.838,62.85,5.47,24.48,32.9
1996-11-24,3.23,34.3,4.16,12.47,17.67
1996-11-25,2.136,14.31,4.11,3.52,6.68
1996-11-26,1.762,6.42,4.09,0.56,1.78
1996-11-27,1.565,4.86,4.08,0.11,0.67
1996-11-28,2.152,36.46,4.01,13.8,18.64
1996-11-29,1.709,22.53,4.13,7.31,11.09
1996-11-30,1.5,18.29,4.08,4.74,9.48
1996-12-01,1.399,10.52,4.06,1.57,4.89
1996-12-02,1.531,11.53,4.05,2.74,4.73
1996-12-03,1.447,9.69,4.08,1.89,3.72
1996-12-04,1.542,15.49,3.8,4.79,6.9
1996-12-05,17.047,141.73,7.67,57.41,76.65
1996-12-06,10.951,135.29,6.87,55.19,73.23
1996-12-07,4.46,58.86,4.43,23.12,31.32
1996-12-08,2.563,26.71,4.14,8.93,13.64
1996-12-09,3.0,34.13,3.9,12.49,17.74
1996-12-10,23.893,122.23,8.66,48.54,65.02
1996-12-11,15.022,111.31,7.94,44.43,58.94
1996-12-12,9.316,49.89,5.83,18.83,25.23
1996-12-13,9.101,51.59,5.87,19.59,26.13
1996-12-14,6.05,43.6,5.01,16.54,22.05
1996-12-15,3.775,21.8,4.12,7.4,10.28
1996-12-16,3.003,9.15,4.09,1.87,3.2
1996-12-17,2.687,5.72,4.08,0.51,1.13
1996-12-18,2.382,5.14,4.08,0.28,0.77
1996-12-19,2.25,4.99,4.07,0.22,0.7
1996-12-20,2.23,4.99,4.07,0.22,0.7
1996-12-21,54.027,370.06,12.96,150.85,206.25
1996-12-22,41.925,195.09,12.28,77.27,105.54
1996-12-23,16.407,126.91,7.84,42.73,76.35
1996-12-24,9.895,82.19,6.13,12.54,63.52
1996-12-25,8.233,63.43,5.61,2.67,55.16
1996-12-26,8.491,47.42,5.49,2.72,39.21
1996-12-27,15.339,79.6,7.13,25.15,47.32
1996-12-28,10.174,73.15,6.26,20.29,46.6
1996-12-29,8.818,41.73,5.67,7.16,28.9
1996-12-30,11.294,48.48,6.34,13.57,28.57
1996-12-31,9.718,44.66,6.02,7.6,31.04
1997-01-01,51.427,262.88,12.5,101.02,149.36
1997-01-02,65.608,184.88,13.53,62.36,108.99
1997-01-03,45.329,149.8,11.91,41.96,95.94
1997-01-04,29.938,164.44,9.64,43.64,111.17
1997-01-05,28.203,143.85,9.36,30.58,103.9
1997-01-06,22.418,123.98,8.62,15.75,99.62
1997-01-07,18.504,98.56,7.87,2.35,88.35
1997-01-08,15.781,83.32,7.26,0.78,75.28
1997-01-09,13.686,70.89,6.82,0.74,63.33
1997-01-10,12.821,61.44,6.59,2.47,52.37
1997-01-11,13.217,116.81,6.75,29.94,80.11
1997-01-12,13.822,85.38,6.72,14.82,63.83
1997-01-13,15.954,79.41,7.36,10.23,61.81
1997-01-14,12.229,88.13,6.6,4.14,77.38
1997-01-15,17.498,107.56,7.45,16.93,83.18
1997-01-16,16.212,124.9,7.47,18.68,98.75
1997-01-17,13.157,117.47,6.74,3.95,106.78
1997-01-18,11.513,116.87,6.43,0.98,109.46
1997-01-19,10.155,114.19,6.12,0.58,107.49
1997-01-20,14.326,109.04,6.77,10.84,91.44
1997-01-21,18.345,115.92,7.66,11.69,96.57
1997-01-22,47.402,151.8,11.27,42.77,97.76
1997-01-23,65.497,229.89,13.83,89.07,126.98
1997-01-24,46.144,270.44,11.39,124.92,134.13
1997-01-25,82.92,281.49,14.63,125.43,141.42
1997-01-26,77.097,252.58,14.35,118.67,119.55
1997-01-27,57.902,260.16,12.94,128.16,119.06
1997-01-28,46.718,258.68,11.69,129.37,117.62
1997-01-29,39.159,263.4,10.88,130.11,122.41
1997-01-30,33.1,263.12,10.09,126.82,126.21
1997-01-31,28.523,263.23,9.41,123.56,130.27
1997-02-01,25.035,264.94,8.95,121.27,134.72
1997-02-02,22.022,269.97,8.49,120.76,140.72
1997-02-03,19.679,274.43,8.06,119.84,146.52
1997-02-04,17.788,279.32,7.69,119.48,152.15
1997-02-05,16.171,285.8,7.33,119.97,158.51
1997-02-06,14.855,292.8,7.0,121.12,164.68
1997-02-07,13.886,300.74,6.82,124.07,169.84
1997-02-08,13.179,307.84,6.71,127.51,173.62
1997-02-09,12.372,316.21,6.57,131.42,178.22
1997-02-10,9.774,304.39,6.16,119.16,179.08
1997-02-11,6.704,149.23,5.11,27.03,117.09
1997-02-12,6.031,89.74,4.78,1.32,83.64
1997-02-13,5.589,87.14,4.59,0.12,82.43
1997-02-14,5.165,87.98,4.38,0.05,83.54
1997-02-15,4.642,83.35,4.14,0.03,79.18
1997-02-16,4.097,73.0,4.09,0.02,68.89
1997-02-17,3.74,61.29,4.07,0.39,56.83
1997-02-18,3.647,39.59,4.08,1.26,34.25
1997-02-19,3.144,18.22,4.09,0.49,13.64
1997-02-20,2.725,8.22,4.08,0.07,4.06
1997-02-21,2.47,6.52,4.08,0.03,2.41
1997-02-22,2.225,6.28,4.08,0.03,2.17
1997-02-23,1.976,6.14,4.08,0.02,2.04
1997-02-24,1.746,6.0,4.08,0.01,1.91
1997-02-25,1.56,5.83,4.08,0.0,1.75
1997-02-26,1.452,5.67,4.07,0.0,1.6
1997-02-27,1.421,5.61,4.06,0.0,1.55
1997-02-28,1.417,5.6,4.06,0.0,1.53
1997-03-01,1.416,5.58,4.06,0.0,1.52
1997-03-02,1.416,5.57,4.06,0.0,1.51
1997-03-03,1.416,5.56,4.06,0.0,1.5
1997-03-04,1.416,5.55,4.06,0.0,1.49
1997-03-05,1.416,5.54,4.06,0.0,1.48
1997-03-06,1.416,5.53,4.06,0.0,1.47
1997-03-07,1.416,5.52,4.06,0.0,1.46
1997-03-08,1.416,5.51,4.06,0.0,1.45
1997-03-09,1.416,5.5,4.06,0.0,1.43
1997-03-10,1.416,5.49,4.06,0.0,1.42
1997-03-11,1.416,5.48,4.06,0.0,1.41
1997-03-12,1.416,5.47,4.06,0.0,1.4
1997-03-13,1.416,5.46,4.06,0.0,1.39
1997-03-14,1.416,5.45,4.06,0.0,1.38
1997-03-15,1.416,5.44,4.06,0.0,1.37
1997-03-16,1.416,5.43,4.06,0.0,1.36
1997-03-17,1.416,5.42,4.06,0.0,1.35
1997-03-18,1.416,5.41,4.06,0.0,1.34
1997-03-19,1.416,5.4,4.06,0.0,1.34
1997-03-20,1.416,5.39,4.06,0.0,1.33
1997-03-21,1.416,5.38,4.06,0.0,1.32
1997-03-22,1.413,5.37,4.06,0.0,1.31
1997-03-23,1.407,5.37,4.06,0.0,1.3
1997-03-24,1.401,5.36,4.06,0.0,1.3
1997-03-25,1.395,5.36,4.06,0.0,1.29
1997-03-26,1.389,5.35,4.06,0.0,1.29
1997-03-27,1.383,5.35,4.06,0.0,1.29
1997-03-28,1.377,5.34,4.06,0.0,1.28
1997-03-29,1.372,5.34,4.06,0.0,1.28
1997-03-30,1.366,5.34,4.06,0.0,1.27
1997-03-31,1.361,5.33,4.06,0.0,1.27
1997-04-01,1.356,5.33,4.06,0.0,1.26
1997-04-02,1.351,5.32,4.06,0.0,1.26
1997-04-03,1.346,5.32,4.06,0.0,1.25
1997-04-04,1.341,5.31,4.06,0.0,1.25
1997-04-05,1.337,5.31,4.06,0.0,1.24
1997-04-06,1.332,5.3,4.06,0.0,1.24
1997-04-07,1.327,5.3,4.06,0.0,1.23
1997-04-08,1.323,5.29,4.06,0.0,1.23
1997-04-09,1.319,5.29,4.06,0.0,1.22
1997-04-10,1.315,5.28,4.06,0.0,1.22
1997-04-11,1.31,5.27,4.06,0.0,1.21
1997-04-12,1.306,5.27,4.06,0.0,1.21
1997-04-13,1.303,5.26,4.06,0.0,1.2
1997-04-14,1.299,5.26,4.06,0.0,1.2
1997-04-15,1.295,5.25,4.06,0.0,1.19
1997-04-16,1.291,5.25,4.06,0.0,1.18
1997-04-17,1.288,5.24,4.06,0.0,1.18
1997-04-18,1.284,5.24,4.06,0.0,1.17
1997-04-19,1.613,13.02,3.97,3.39,5.66
1997-04-20,2.256,36.4,4.07,12.83,19.5
1997-04-21,1.766,23.2,4.12,6.64,12.44
1997-04-22,1.402,8.73,4.09,1.07,3.57
1997-04-23,1.299,5.57,4.07,0.1,1.41
1997-04-24,1.274,5.23,4.07,0.01,1.16
1997-04-25,1.265,5.2,4.06,0.0,1.14
1997-04-26,1.26,5.2,4.06,0.0,1.13
1997-04-27,1.257,5.19,4.06,0.0,1.13
1997-04-28,1.254,5.18,4.06,0.0,1.12
1997-04-29,1.251,5.18,4.06,0.0,1.12
1997-04-30,1.248,5.17,4.06,0.0,1.11
1997-05-01,1.246,5.17,4.06,0.0,1.11
1997-05-02,1.243,5.16,4.06,0.0,1.1
1997-05-03,1.241,5.16,4.06,0.0,1.09
1997-05-04,1.238,5.15,4.06,0.0,1.09
1997-05-05,1.236,5.15,4.06,0.0,1.08
1997-05-06,1.234,5.14,4.06,0.0,1.08
1997-05-07,1.232,5.14,4.06,0.0,1.07
1997-05-08,1.229,5.13,4.06,0.0,1.07
1997-05-09,1.227,5.13,4.06,0.0,1.06
1997-05-10,1.225,5.12,4.06,0.0,1.06
1997-05-11,1.223,5.12,4.06,0.0,1.05
1997-05-12,1.221,5.11,4.06,0.0,1.05
1997-05-13,1.219,5.11,4.06,0.0,1.04
1997-05-14,1.217,5.1,4.06,0.0,1.04
1997-05-15,1.215,5.1,4.06,0.0,1.03
1997-05-16,1.213,5.09,4.06,0.0,1.03
1997-05-17,1.212,5.08,4.06,0.0,1.02
1997-05-18,1.21,5.08,4.06,0.0,1.02
1997-05-19,1.208,5.07,4.06,0.0,1.01
1997-05-20,1.206,5.07,4.06,0.0,1.01
1997-05-21,1.205,5.06,4.06,0.0,1.0
1997-05-22,1.203,5.06,4.06,0.0,1.0
1997-05-23,2.988,56.16,3.94,22.2,30.03
1997-05-24,6.442,156.42,5.11,64.84,86.47
1997-05-25,3.132,121.5,4.18,49.06,68.26
1997-05-26,1.797,57.39,4.14,19.23,34.02
1997-05-27,1.331,16.65,4.09,3.34,9.22
1997-05-28,1.217,6.43,4.07,0.33,2.03
1997-05-29,1.198,5.15,4.06,0.03,1.05
1997-05-30,1.194,5.03,4.06,0.0,0.96
1997-05-31,1.192,5.02,4.06,0.0,0.95
1997-06-01,1.19,5.01,4.06,0.0,0.95
1997-06-02,1.189,5.0,4.06,0.0,0.94
1997-06-03,1.187,5.0,4.06,0.0,0.94
1997-06-04,1.419,12.98,3.99,3.49,5.5
1997-06-05,1.865,37.77,4.07,13.79,19.91
1997-06-06,1.481,21.6,4.11,6.25,11.24
1997-06-07,1.24,7.89,4.08,0.89,2.93
1997-06-08,1.189,5.26,4.07,0.07,1.12
1997-06-09,1.182,4.99,4.06,0.0,0.92
1997-06-10,1.18,4.97,4.06,0.0,0.9
1997-06-11,1.179,4.96,4.06,0.0,0.9
1997-06-12,1.178,4.96,4.06,0.0,0.89
1997-06-13,1.177,4.95,4.06,0.0,0.89
1997-06-14,1.176,4.95,4.06,0.0,0.88
1997-06-15,1.175,4.94,4.06,0.0,0.88
1997-06-16,1.174,4.94,4.06,0.0,0.87
1997-06-17,1.173,4.93,4.06,0.0,0.87
1997-06-18,1.172,4.93,4.06,0.0,0.86
1997-06-19,1.171,4.92,4.06,0.0,0.86
1997-06-20,1.17,4.92,4.06,0.0,0.86
1997-06-21,1.169,4.91,4.06,0.0,0.85
1997-06-22,1.169,4.91,4.06,0.0,0.85
1997-06-23,1.168,4.91,4.06,0.0,0.84
1997-06-24,1.167,4.9,4.06,0.0,0.84
1997-06-25,1.166,4.9,4.06,0.0,0.83
1997-06-26,1.166,4.89,4.06,0.0,0.83
1997-06-27,1.165,4.89,4.06,0.0,0.82
1997-06-28,1.164,4.88,4.06,0.0,0.82
1997-06-29,1.164,4.88,4.06,0.0,0.82
1997-06-30,1.163,4.88,4.06,0.0,0.81
1997-07-01,1.162,4.87,4.06,0.0,0.81
1997-07-02,1.162,4.87,4.06,0.0,0.8
1997-07-03,1.161,4.86,4.06,0.0,0.8
1997-07-04,1.16,4.86,4.06,0.0,0.79
1997-07-05,1.16,4.85,4.06,0.0,0.79
1997-07-06,1.159,4.85,4.06,0.0,0.79
1997-07-07,1.159,4.85,4.06,0.0,0.78
1997-07-08,1.158,4.84,4.06,0.0,0.78
1997-07-09,1.158,4.84,4.06,0.0,0.77
1997-07-10,1.157,4.83,4.06,0.0,0.77
1997-07-11,1.157,4.83,4.06,0.0,0.77
1997-07-12,1.156,4.83,4.06,0.0,0.76
1997-07-13,1.156,4.82,4.06,0.0,0.76
1997-07-14,1.155,4.82,4.06,0.0,0.75
1997-07-15,1.155,4.81,4.06,0.0,0.75
1997-07-16,1.154,4.81,4.06,0.0,0.75
1997-07-17,1.154,4.81,4.06,0.0,0.74
1997-07-18,1.153,4.8,4.06,0.0,0.74
1997-07-19,1.153,4.8,4.06,0.0,0.73
1997-07-20,1.152,4.79,4.06,0.0,0.73
1997-07-21,1.152,4.79,4.06,0.0,0.73
1997-07-22,1.152,4.79,4.06,0.0,0.72
1997-07-23,1.151,4.78,4.06,0.0,0.72
1997-07-24,1.151,4.78,4.06,0.0,0.72
1997-07-25,1.15,4.78,4.06,0.0,0.71
1997-07-26,1.15,4.77,4.06,0.0,0.71
1997-07-27,1.15,4.77,4.06,0.0,0.7
1997-07-28,1.149,4.76,4.06,0.0,0.7
1997-07-29,1.149,4.76,4.06,0.0,0.7
1997-07-30,1.149,4.76,4.06,0.0,0.69
1997-07-31,1.148,4.75,4.06,0.0,0.69
1997-08-01,1.148,4.75,4.06,0.0,0.69
1997-08-02,1.148,4.75,4.06,0.0,0.68
1997-08-03,1.147,4.74,4.06,0.0,0.68
1997-08-04,1.147,4.74,4.06,0.0,0.68
1997-08-05,1.147,4.74,4.06,0.0,0.67
1997-08-06,1.147,4.73,4.06,0.0,0.67
1997-08-07,1.146,4.73,4.06,0.0,0.66
1997-08-08,1.146,4.73,4.06,0.0,0.66
1997-08-09,1.146,4.72,4.06,0.0,0.66
1997-08-10,1.146,4.72,4.06,0.0,0.65
1997-08-11,1.145,4.71,4.06,0.0,0.65
1997-08-12,1.145,4.71,4.06,0.0,0.65
1997-08-13,1.145,4.71,4.06,0.0,0.64
1997-08-14,1.145,4.7,4.06,0.0,0.64
1997-08-15,1.144,4.7,4.06,0.0,0.64
1997-08-16,1.144,4.7,4.06,0.0,0.63
1997-08-17,1.144,4.7,4.06,0.0,0.63
1997-08-18,1.144,4.69,4.06,0.0,0.63
1997-08-19,1.151,4.66,4.04,0.0,0.62
1997-08-20,3.092,52.54,3.89,20.73,27.92
1997-08-21,3.856,84.94,4.13,34.33,46.48
1997-08-22,2.216,51.62,4.15,18.74,28.72
1997-08-23,1.445,19.59,4.12,4.82,10.65
1997-08-24,1.2,7.04,4.08,0.6,2.36
1997-08-25,1.155,4.91,4.07,0.06,0.79
1997-08-26,1.146,4.69,4.06,0.01,0.62
1997-08-27,1.143,4.67,4.06,0.0,0.6
1997-08-28,1.143,4.66,4.06,0.0,0.6
1997-08-29,1.142,4.66,4.06,0.0,0.59
1997-08-30,1.142,4.65,4.06,0.0,0.59
1997-08-31,1.142,4.65,4.06,0.0,0.59
1997-09-01,1.142,4.65,4.06,0.0,0.59
1997-09-02,1.141,4.65,4.06,0.0,0.58
1997-09-03,1.141,4.64,4.06,0.0,0.58
1997-09-04,1.141,4.64,4.06,0.0,0.58
1997-09-05,1.141,4.64,4.06,0.0,0.57
1997-09-06,1.141,4.63,4.06,0.0,0.57
1997-09-07,1.141,4.63,4.06,0.0,0.57
1997-09-08,1.14,4.63,4.06,0.0,0.57
1997-09-09,1.14,4.63,4.06,0.0,0.56
1997-09-10,1.14,4.62,4.06,0.0,0.56
1997-09-11,1.14,4.62,4.06,0.0,0.56
1997-09-12,1.14,4.62,4.06,0.0,0.55
1997-09-13,1.14,4.61,4.06,0.0,0.55
1997-09-14,1.14,4.61,4.06,0.0,0.55
1997-09-15,1.14,4.61,4.06,0.0,0.55
1997-09-16,1.139,4.61,4.06,0.0,0.54
1997-09-17,1.139,4.6,4.06,0.0,0.54
1997-09-18,1.139,4.6,4.06,0.0,0.54
1997-09-19,1.139,4.6,4.06,0.0,0.54
1997-09-20,1.139,4.6,4.06,0.0,0.53
1997-09-21,1.139,4.59,4.06,0.0,0.53
1997-09-22,1.139,4.59,4.06,0.0,0.53
1997-09-23,1.139,4.59,4.06,0.0,0.52
1997-09-24,1.139,4.59,4.06,0.0,0.52
1997-09-25,1.139,4.58,4.06,0.0,0.52
1997-09-26,1.138,4.58,4.06,0.0,0.52
1997-09-27,1.138,4.58,4.06,0.0,0.51
1997-09-28,1.138,4.58,4.06,0.0,0.51
1997-09-29,1.138,4.57,4.06,0.0,0.51
1997-09-30,1.138,4.57,4.06,0.0,0.51
1997-10-01,1.138,4.57,4.06,0.0,0.5
1997-10-02,1.138,4.57,4.06,0.0,0.5
1997-10-03,1.138,4.56,4.06,0.0,0.5
1997-10-04,1.138,4.56,4.06,0.0,0.5
1997-10-05,1.138,4.56,4.06,0.0,0.5
1997-10-06,1.138,4.56,4.06,0.0,0.49
1997-10-07,1.138,4.55,4.06,0.0,0.49
1997-10-08,1.137,4.55,4.06,0.0,0.49
1997-10-09,6.371,125.78,4.96,51.67,69.15
1997-10-10,6.066,186.08,5.22,77.77,103.09
1997-10-11,2.663,93.69,4.18,37.24,52.27
1997-10-12,1.579,34.72,4.13,10.51,20.08
1997-10-13,1.231,10.01,4.08,1.52,4.4
1997-10-14,1.161,5.17,4.07,0.16,0.94
1997-10-15,1.147,4.6,4.06,0.02,0.52
1997-10-16,1.143,4.55,4.06,0.01,0.48
1997-10-17,1.142,4.54,4.06,0.0,0.47
1997-10-18,1.141,4.53,4.06,0.0,0.47
1997-10-19,1.141,4.53,4.06,0.0,0.47
1997-10-20,1.14,4.53,4.06,0.0,0.46
1997-10-21,1.14,4.53,4.06,0.0,0.46
1997-10-22,1.139,4.52,4.06,0.0,0.46
1997-10-23,1.139,4.52,4.06,0.0,0.46
1997-10-24,1.139,4.52,4.06,0.0,0.45
1997-10-25,1.138,4.51,4.06,0.0,0.45
1997-10-26,1.138,4.51,4.06,0.0,0.45
1997-10-27,1.137,4.51,4.06,0.0,0.45
1997-10-28,1.137,4.51,4.06,0.0,0.44
1997-10-29,1.137,4.51,4.06,0.0,0.44
1997-10-30,1.137,4.5,4.06,0.0,0.44
1997-10-31,1.137,4.5,4.06,0.0,0.44
1997-11-01,1.137,4.5,4.06,0.0,0.44
1997-11-02,1.137,4.5,4.06,0.0,0.43
1997-11-03,1.137,4.5,4.06,0.0,0.43
1997-11-04,1.137,4.49,4.06,0.0,0.43
1997-11-05,1.137,4.49,4.06,0.0,0.43
1997-11-06,1.137,4.49,4.06,0.0,0.43
1997-11-07,1.137,4.49,4.06,0.0,0.42
1997-11-08,1.137,4.49,4.06,0.0,0.42
1997-11-09,1.136,4.48,4.06,0.0,0.42
1997-11-10,12.101,333.06,6.62,139.74,186.7
1997-11-11,14.606,277.85,7.58,116.21,154.06
1997-11-12,5.928,156.21,5.07,64.51,86.63
1997-11-13,6.057,99.28,4.67,39.48,55.13
1997-11-14,14.794,148.49,6.93,60.19,81.38
1997-11-15,12.843,182.59,6.92,75.35,100.33
1997-11-16,7.008,125.1,5.46,51.07,68.58
1997-11-17,3.512,64.39,4.15,25.35,34.89
1997-11-18,2.117,27.23,4.14,8.84,14.25
1997-11-19,1.675,11.73,4.04,2.53,5.16
1997-11-20,2.2,26.44,4.05,9.13,13.27
1997-11-21,1.818,20.47,4.12,6.12,10.23
1997-11-22,1.379,8.42,4.1,1.22,3.1
1997-11-23,1.23,5.01,4.07,0.15,0.79
1997-11-24,1.201,4.56,4.06,0.04,0.46
1997-11-25,2.447,48.59,2.85,19.64,26.1
1997-11-26,64.823,689.09,13.6,284.99,390.5
1997-11-27,20.422,263.95,9.25,108.58,146.12
1997-11-28,6.147,113.22,5.27,45.73,62.21
1997-11-29,3.542,62.56,3.78,24.27,34.52
1997-11-30,20.197,307.49,8.11,128.18,171.2
1997-12-01,9.771,264.39,6.63,110.88,146.87
1997-12-02,3.948,123.75,4.21,50.6,68.94
1997-12-03,2.678,44.89,4.11,15.61,25.17
1997-12-04,2.157,12.62,4.09,2.53,6.0
1997-12-05,1.811,5.92,4.09,0.36,1.47
1997-12-06,2.44,16.16,3.83,5.06,7.27
1997-12-07,25.397,149.96,8.92,60.29,80.76
1997-12-08,26.346,158.22,9.74,63.86,84.62
1997-12-09,9.963,62.45,6.44,24.07,31.94
1997-12-10,4.874,27.76,4.42,9.94,13.4
1997-12-11,3.686,11.44,4.1,2.96,4.39
1997-12-12,3.217,6.29,4.08,0.74,1.47
1997-12-13,2.935,5.38,4.08,0.37,0.92
1997-12-14,8.932,58.23,5.68,22.31,30.24
1997-12-15,12.761,86.08,7.02,33.95,45.11
1997-12-16,5.617,43.37,4.82,16.47,22.08
1997-12-17,3.874,17.66,4.1,5.56,8.0
1997-12-18,3.286,7.71,4.09,1.3,2.32
1997-12-19,2.825,5.56,4.09,0.43,1.04
1997-12-20,2.502,5.15,4.08,0.27,0.8
1997-12-21,2.335,5.09,4.08,0.25,0.76
1997-12-22,2.019,5.03,4.09,0.19,0.75
1997-12-23,1.796,4.81,4.07,0.11,0.63
1997-12-24,1.797,4.82,4.07,0.11,0.64
1997-12-25,2.268,53.17,4.06,20.11,29.0
1997-12-26,1.925,20.8,4.07,6.2,10.53
1997-12-27,1.721,6.91,4.07,0.78,2.07
1997-12-28,1.667,4.9,4.07,0.11,0.71
1997-12-29,1.548,4.7,4.07,0.06,0.57
1997-12-30,1.462,4.65,4.07,0.05,0.52
1997-12-31,1.411,4.61,4.07,0.05,0.5
1998-01-01,1.378,4.59,4.07,0.04,0.48
1998-01-02,2.832,46.44,3.88,17.86,24.69
1998-01-03,5.942,65.96,4.66,25.93,35.38
1998-01-04,22.178,182.68,8.4,74.64,99.64
1998-01-05,12.928,171.05,7.47,70.33,93.25
1998-01-06,5.053,72.29,4.57,28.83,38.88
1998-01-07,3.972,27.42,4.07,9.55,13.81
1998-01-08,3.74,13.85,4.08,3.78,5.99
1998-01-09,3.191,9.41,4.08,2.04,3.29
1998-01-10,5.715,27.02,4.62,9.36,13.03
1998-01-11,8.535,37.32,5.53,13.4,18.39
1998-01-12,34.687,145.76,10.1,57.82,77.84
1998-01-13,25.714,290.08,10.16,120.48,159.44
1998-01-14,13.264,73.96,6.59,28.94,38.43
1998-01-15,31.699,95.48,9.63,36.51,49.34
1998-01-16,23.877,103.5,9.31,38.01,56.18
1998-01-17,14.197,38.86,6.98,7.57,24.31
1998-01-18,38.679,304.58,10.92,120.92,172.74
1998-01-19,48.123,476.47,13.11,193.77,269.59
1998-01-20,20.81,77.88,8.44,22.79,46.64
1998-01-21,16.184,35.12,7.37,3.91,23.85
1998-01-22,13.925,26.82,6.86,1.12,18.83
1998-01-23,12.136,24.33,6.56,0.77,17.0
1998-01-24,10.567,19.31,6.23,0.72,12.37
1998-01-25,9.334,12.81,5.92,0.7,6.18
1998-01-26,8.244,8.39,5.6,0.69,2.1
1998-01-27,9.371,19.23,5.77,5.6,7.85
1998-01-28,8.626,33.8,5.84,11.96,15.99
1998-01-29,32.465,224.81,9.97,91.17,123.67
1998-01-30,19.269,151.85,8.51,61.21,82.13
1998-01-31,13.46,39.89,6.71,12.0,21.17
1998-02-01,19.715,54.63,7.78,18.33,28.52
1998-02-02,48.455,130.27,11.26,46.73,72.28
1998-02-03,145.704,853.61,18.72,347.36,487.53
1998-02-04,73.571,185.06,14.54,73.35,97.17
1998-02-05,66.271,119.9,13.38,44.74,61.78
1998-02-06,81.379,227.9,14.37,89.76,123.77
1998-02-07,98.4,243.91,15.69,103.36,124.86
1998-02-08,106.024,220.54,16.41,96.62,107.51
1998-02-09,85.709,161.63,15.2,74.48,71.95
1998-02-10,65.881,133.35,13.53,62.03,57.78
1998-02-11,60.79,137.6,13.03,65.0,59.57
1998-02-12,58.55,156.66,12.68,79.62,64.36
1998-02-13,53.318,184.39,12.5,104.64,67.24
1998-02-14,68.031,235.9,13.38,117.34,105.18
1998-02-15,61.476,189.09,13.33,104.26,71.49
1998-02-16,48.048,177.65,11.74,107.84,58.07
1998-02-17,50.717,173.6,12.06,102.06,59.47
1998-02-18,39.815,179.05,10.99,109.66,58.4
1998-02-19,48.207,228.33,11.52,117.15,99.66
1998-02-20,54.807,256.54,12.57,134.96,109.01
1998-02-21,69.292,430.58,13.44,198.6,218.54
1998-02-22,73.22,290.8,14.38,144.33,132.08
1998-02-23,67.429,329.12,13.44,162.09,153.59
1998-02-24,57.797,237.74,13.03,130.64,94.07
1998-02-25,42.993,164.75,11.34,106.16,47.26
1998-02-26,35.096,161.84,10.39,103.75,47.7
1998-02-27,29.339,161.63,9.55,102.06,50.02
1998-02-28,24.918,163.08,8.95,101.27,52.86
1998-03-01,21.406,166.09,8.39,101.52,56.18
1998-03-02,18.829,168.87,7.91,101.67,59.3
1998-03-03,16.749,172.55,7.48,102.59,62.49
1998-03-04,14.696,180.58,6.99,106.8,66.78
1998-03-05,13.603,188.07,6.74,111.37,69.96
1998-03-06,17.952,171.4,7.6,97.81,65.99
1998-03-07,16.634,176.9,7.45,105.51,63.94
1998-03-08,16.101,177.17,7.25,107.37,62.55
1998-03-09,15.498,174.46,7.18,106.54,60.74
1998-03-10,13.881,181.9,6.84,112.04,63.02
1998-03-11,12.763,189.37,6.65,116.99,65.74
1998-03-12,10.461,187.5,6.3,113.8,67.4
1998-03-13,21.25,218.63,8.15,78.76,131.72
1998-03-14,18.864,104.17,8.18,34.08,61.91
1998-03-15,12.963,38.33,6.75,4.13,27.45
1998-03-16,10.401,31.77,6.21,0.91,24.65
1998-03-17,8.777,30.85,5.78,0.45,24.63
1998-03-18,7.656,30.63,5.42,0.33,24.88
1998-03-19,6.754,30.42,5.1,0.25,25.07
1998-03-20,5.805,27.47,4.71,0.19,22.57
1998-03-21,4.948,22.34,4.29,0.13,17.92
1998-03-22,4.299,19.97,4.09,0.09,15.8
1998-03-23,4.002,18.47,4.01,0.85,13.61
1998-03-24,15.178,68.4,7.04,24.43,36.94
1998-03-25,16.374,49.68,7.33,14.63,27.72
1998-03-26,16.171,43.76,7.35,9.36,27.05
1998-03-27,12.991,33.39,6.73,3.54,23.13
1998-03-28,11.604,30.21,6.43,1.6,22.18
1998-03-29,10.427,29.77,6.19,0.88,22.7
1998-03-30,9.104,29.73,5.86,0.89,22.98
1998-03-31,11.433,35.85,6.16,5.42,24.28
1998-04-01,16.969,58.66,7.6,16.44,34.62
1998-04-02,12.374,32.39,6.66,4.24,21.5
1998-04-03,13.72,38.69,6.66,7.5,24.52
1998-04-04,18.746,60.91,7.89,17.91,35.1
1998-04-05,17.709,45.56,7.67,11.08,26.81
1998-04-06,14.073,35.14,6.92,6.0,22.21
1998-04-07,12.415,27.57,6.61,2.03,18.94
1998-04-08,10.624,24.6,6.24,0.91,17.45
1998-04-09,9.381,23.14,5.95,0.65,16.54
1998-04-10,7.921,19.96,5.52,0.49,13.95
1998-04-11,6.825,16.79,5.13,0.42,11.23
1998-04-12,5.97,17.3,4.77,1.15,11.38
1998-04-13,13.903,66.3,6.82,22.46,37.02
1998-04-14,15.672,68.06,7.38,21.91,38.76
1998-04-15,11.866,34.08,6.53,5.06,22.48
1998-04-16,9.786,25.42,6.06,1.23,18.13
1998-04-17,8.225,21.68,5.61,0.55,15.52
1998-04-18,7.093,18.11,5.23,0.4,12.47
1998-04-19,6.16,15.49,4.86,0.34,10.29
1998-04-20,5.395,14.29,4.51,0.28,9.5
1998-04-21,4.735,13.16,4.18,0.22,8.76
1998-04-22,4.183,11.03,4.09,0.17,6.77
1998-04-23,3.616,8.73,4.09,0.11,4.54
1998-04-24,3.113,7.97,4.09,0.07,3.81
1998-04-25,2.693,7.87,4.09,0.05,3.73
1998-04-26,2.343,7.86,4.09,0.04,3.73
1998-04-27,2.027,7.88,4.09,0.02,3.78
1998-04-28,1.786,7.91,4.08,0.01,3.81
1998-04-29,1.588,7.91,4.08,0.01,3.82
1998-04-30,1.471,7.89,4.07,0.0,3.82
1998-05-01,1.433,7.91,4.07,0.0,3.84
1998-05-02,1.435,8.67,4.06,0.0,4.61
1998-05-03,1.514,10.44,4.05,0.13,6.26
1998-05-04,4.1,30.57,4.21,9.81,16.55
1998-05-05,21.805,184.27,8.21,74.18,101.88
1998-05-06,18.202,147.0,7.94,58.39,80.66
1998-05-07,14.79,45.08,7.01,14.33,23.73
1998-05-08,13.274,25.67,6.74,3.92,15.01
1998-05-09,12.061,20.33,6.53,1.01,12.79
1998-05-10,10.945,18.61,6.29,0.49,11.83
1998-05-11,10.394,17.16,6.15,0.37,10.64
1998-05-12,13.228,25.22,6.52,4.54,14.16
1998-05-13,20.741,54.38,8.23,16.75,29.4
1998-05-14,17.124,31.4,7.57,6.09,17.73
1998-05-15,15.418,20.82,7.14,1.32,12.37
1998-05-16,14.065,17.69,6.87,0.44,10.38
1998-05-17,12.638,15.9,6.64,0.32,8.94
1998-05-18,10.879,14.01,6.31,0.27,7.43
1998-05-19,9.187,12.86,5.9,0.23,6.73
1998-05-20,7.742,12.24,5.47,0.2,6.57
1998-05-21,6.491,11.1,5.01,0.16,5.93
1998-05-22,5.636,9.28,4.62,0.12,4.53
1998-05-23,4.968,8.14,4.3,0.09,3.75
1998-05-24,4.428,7.8,4.08,0.05,3.67
1998-05-25,3.965,7.81,4.08,0.02,3.71
1998-05-26,3.5,7.86,4.09,0.01,3.76
1998-05-27,3.154,8.1,4.06,0.13,3.91
1998-05-28,10.135,75.27,6.08,28.16,41.03
1998-05-29,16.077,129.94,7.67,51.94,70.33
1998-05-30,9.016,41.96,5.95,14.96,21.05
1998-05-31,6.583,15.28,5.06,3.76,6.46
1998-06-01,5.507,8.51,4.58,0.97,2.96
1998-06-02,4.735,7.15,4.19,0.46,2.5
1998-06-03,4.173,6.96,4.08,0.32,2.56
1998-06-04,3.73,6.96,4.08,0.23,2.65
1998-06-05,3.253,6.99,4.09,0.18,2.73
1998-06-06,2.823,7.0,4.09,0.13,2.79
1998-06-07,2.452,7.02,4.09,0.08,2.84
1998-06-08,2.129,7.01,4.08,0.05,2.88
1998-06-09,1.928,6.98,4.08,0.03,2.87
1998-06-10,1.793,6.99,4.08,0.02,2.89
1998-06-11,1.679,7.04,4.07,0.01,2.95
1998-06-12,1.602,7.09,4.07,0.01,3.01
1998-06-13,1.539,7.15,4.07,0.01,3.07
1998-06-14,1.483,7.2,4.07,0.0,3.13
1998-06-15,1.447,7.24,4.07,0.0,3.17
1998-06-16,1.427,7.26,4.07,0.0,3.19
1998-06-17,1.42,7.25,4.06,0.0,3.19
1998-06-18,1.417,7.24,4.06,0.0,3.17
1998-06-19,1.417,7.22,4.06,0.0,3.15
1998-06-20,1.416,7.2,4.06,0.0,3.13
1998-06-21,1.416,7.18,4.06,0.0,3.11
1998-06-22,1.416,7.16,4.06,0.0,3.09
1998-06-23,1.416,7.14,4.06,0.0,3.07
1998-06-24,1.416,7.12,4.06,0.0,3.05
1998-06-25,1.416,7.1,4.06,0.0,3.03
1998-06-26,1.416,7.08,4.06,0.0,3.01
1998-06-27,1.416,7.06,4.06,0.0,2.99
1998-06-28,1.416,7.04,4.06,0.0,2.98
1998-06-29,1.416,7.02,4.06,0.0,2.96
1998-06-30,1.416,7.0,4.06,0.0,2.94
1998-07-01,1.416,6.98,4.06,0.0,2.92
1998-07-02,1.416,6.96,4.06,0.0,2.9
1998-07-03,1.416,6.95,4.06,0.0,2.88
1998-07-04,1.416,6.93,4.06,0.0,2.86
1998-07-05,1.416,6.91,4.06,0.0,2.85
1998-07-06,1.416,6.89,4.06,0.0,2.83
1998-07-07,1.416,6.87,4.06,0.0,2.81
1998-07-08,1.416,6.86,4.06,0.0,2.79
1998-07-09,1.416,6.84,4.06,0.0,2.77
1998-07-10,1.416,6.82,4.06,0.0,2.76
1998-07-11,1.416,6.8,4.06,0.0,2.74
1998-07-12,1.416,6.79,4.06,0.0,2.72
1998-07-13,1.416,6.77,4.06,0.0,2.71
1998-07-14,1.416,6.75,4.06,0.0,2.69
1998-07-15,1.416,6.74,4.06,0.0,2.67
1998-07-16,1.416,6.72,4.06,0.0,2.66
1998-07-17,1.416,6.7,4.06,0.0,2.64
1998-07-18,1.416,6.69,4.06,0.0,2.62
1998-07-19,1.416,6.67,4.06,0.0,2.61
1998-07-20,1.416,6.65,4.06,0.0,2.59
1998-07-21,1.416,6.64,4.06,0.0,2.57
1998-07-22,1.416,6.62,4.06,0.0,2.56
1998-07-23,1.415,6.61,4.06,0.0,2.54
1998-07-24,1.412,6.6,4.06,0.0,2.53
1998-07-25,1.406,6.59,4.06,0.0,2.53
1998-07-26,1.4,6.58,4.06,0.0,2.52
1998-07-27,1.394,6.58,4.06,0.0,2.51
1998-07-28,1.388,6.57,4.06,0.0,2.51
1998-07-29,1.382,6.56,4.06,0.0,2.5
1998-07-30,1.377,6.56,4.06,0.0,2.49
1998-07-31,1.371,6.55,4.06,0.0,2.49
1998-08-01,1.366,6.55,4.06,0.0,2.48
1998-08-02,1.36,6.54,4.06,0.0,2.47
1998-08-03,1.355,6.53,4.06,0.0,2.47
1998-08-04,1.35,6.52,4.06,0.0,2.46
1998-08-05,1.345,6.52,4.06,0.0,2.45
1998-08-06,1.34,6.51,4.06,0.0,2.45
1998-08-07,1.336,6.5,4.06,0.0,2.44
1998-08-08,1.331,6.5,4.06,0.0,2.43
1998-08-09,1.327,6.49,4.06,0.0,2.42
1998-08-10,1.322,6.48,4.06,0.0,2.42
1998-08-11,1.318,6.47,4.06,0.0,2.41
1998-08-12,1.314,6.47,4.06,0.0,2.4
1998-08-13,1.31,6.46,4.06,0.0,2.39
1998-08-14,1.306,6.45,4.06,0.0,2.39
1998-08-15,1.302,6.44,4.06,0.0,2.38
1998-08-16,1.298,6.43,4.06,0.0,2.37
1998-08-17,1.294,6.43,4.06,0.0,2.36
1998-08-18,1.291,6.42,4.06,0.0,2.35
1998-08-19,1.287,6.41,4.06,0.0,2.35
1998-08-20,1.284,6.4,4.06,0.0,2.34
1998-08-21,1.28,6.39,4.06,0.0,2.33
1998-08-22,1.277,6.38,4.06,0.0,2.32
1998-08-23,1.274,6.38,4.06,0.0,2.31
1998-08-24,1.271,6.37,4.06,0.0,2.3
1998-08-25,1.267,6.36,4.06,0.0,2.3
1998-08-26,1.264,6.35,4.06,0.0,2.29
1998-08-27,1.261,6.34,4.06,0.0,2.28
1998-08-28,1.259,6.33,4.06,0.0,2.27
1998-08-29,1.256,6.33,4.06,0.0,2.26
1998-08-30,1.253,6.32,4.06,0.0,2.25
1998-08-31,1.25,6.31,4.06,0.0,2.24
1998-09-01,1.248,6.3,4.06,0.0,2.24
1998-09-02,1.245,6.29,4.06,0.0,2.23
1998-09-03,1.243,6.28,4.06,0.0,2.22
1998-09-04,1.24,6.27,4.06,0.0,2.21
1998-09-05,1.238,6.26,4.06,0.0,2.2
1998-09-06,1.235,6.26,4.06,0.0,2.19
1998-09-07,1.233,6.25,4.06,0.0,2.18
1998-09-08,1.231,6.24,4.06,0.0,2.17
1998-09-09,1.229,6.23,4.06,0.0,2.16
1998-09-10,1.226,6.22,4.06,0.0,2.16
1998-09-11,1.224,6.21,4.06,0.0,2.15
1998-09-12,1.222,6.2,4.06,0.0,2.14
1998-09-13,1.22,6.19,4.06,0.0,2.13
1998-09-14,1.218,6.18,4.06,0.0,2.12
1998-09-15,1.216,6.18,4.06,0.0,2.11
1998-09-16,1.215,6.17,4.06,0.0,2.1
1998-09-17,1.213,6.16,4.06,0.0,2.09
1998-09-18,1.211,6.15,4.06,0.0,2.08
1998-09-19,1.209,6.14,4.06,0.0,2.08
1998-09-20,1.208,6.13,4.06,0.0,2.07
1998-09-21,1.206,6.12,4.06,0.0,2.06
1998-09-22,1.204,6.11,4.06,0.0,2.05
1998-09-23,1.203,6.1,4.06,0.0,2.04
1998-09-24,1.201,6.09,4.06,0.0,2.03
1998-09-25,1.2,6.09,4.06,0.0,2.02
1998-09-26,1.198,6.08,4.06,0.0,2.01
1998-09-27,1.197,6.07,4.06,0.0,2.0
1998-09-28,1.195,6.06,4.06,0.0,2.0
1998-09-29,1.194,6.05,4.06,0.0,1.99
1998-09-30,1.193,6.04,4.06,0.0,1.98
1998-10-01,1.191,6.03,4.06,0.0,1.97
1998-10-02,1.19,6.02,4.06,0.0,1.96
1998-10-03,1.189,6.01,4.06,0.0,1.95
1998-10-04,1.187,6.01,4.06,0.0,1.94
1998-10-05,1.186,6.0,4.06,0.0,1.93
1998-10-06,1.185,5.99,4.06,0.0,1.93
1998-10-07,1.184,5.98,4.06,0.0,1.92
1998-10-08,1.183,5.97,4.06,0.0,1.91
1998-10-09,1.182,5.96,4.06,0.0,1.9
1998-10-10,1.181,5.95,4.06,0.0,1.89
1998-10-11,1.18,5.95,4.06,0.0,1.88
1998-10-12,1.179,5.94,4.06,0.0,1.87
1998-10-13,1.178,5.93,4.06,0.0,1.86
1998-10-14,1.177,5.92,4.06,0.0,1.86
1998-10-15,1.176,5.91,4.06,0.0,1.85
1998-10-16,1.175,5.9,4.06,0.0,1.84
1998-10-17,1.174,5.89,4.06,0.0,1.83
1998-10-18,1.173,5.89,4.06,0.0,1.82
1998-10-19,1.172,5.88,4.06,0.0,1.81
1998-10-20,1.171,5.87,4.06,0.0,1.8
1998-10-21,1.17,5.86,4.06,0.0,1.8
1998-10-22,1.17,5.85,4.06,0.0,1.79
1998-10-23,1.169,5.84,4.06,0.0,1.78
1998-10-24,7.892,161.65,5.73,66.5,89.42
1998-10-25,11.304,255.1,6.91,106.63,141.56
1998-10-26,3.751,142.28,4.31,58.29,79.68
1998-10-27,1.976,69.95,4.15,24.42,41.38
1998-10-28,1.372,22.09,4.1,4.91,13.07
1998-10-29,1.211,8.01,4.07,0.57,3.37
1998-10-30,1.183,6.0,4.06,0.06,1.87
1998-10-31,1.177,5.8,4.06,0.01,1.72
1998-11-01,1.173,5.77,4.06,0.01,1.7
1998-11-02,1.172,5.76,4.06,0.01,1.69
1998-11-03,1.17,5.75,4.06,0.0,1.69
1998-11-04,1.169,5.75,4.06,0.0,1.68
1998-11-05,1.167,5.74,4.06,0.0,1.67
1998-11-06,1.166,5.73,4.06,0.0,1.66
1998-11-07,2.125,25.36,3.83,8.79,12.75
1998-11-08,4.438,55.42,4.18,21.61,29.63
1998-11-09,2.748,37.09,4.12,13.3,19.67
1998-11-10,2.323,32.34,4.09,10.64,17.61
1998-11-11,1.931,23.49,4.09,6.44,12.97
1998-11-12,1.6,15.92,4.1,3.81,8.01
1998-11-13,1.305,9.02,4.09,1.21,3.73
1998-11-14,1.195,6.1,4.07,0.15,1.88
1998-11-15,1.172,5.69,4.07,0.01,1.61
1998-11-16,1.165,5.65,4.06,0.0,1.58
1998-11-17,1.162,5.64,4.06,0.0,1.58
1998-11-18,1.16,5.64,4.06,0.0,1.57
1998-11-19,1.159,5.63,4.06,0.0,1.56
1998-11-20,1.158,5.62,4.06,0.0,1.56
1998-11-21,1.157,5.61,4.06,0.0,1.55
1998-11-22,1.168,5.66,4.06,0.01,1.6
1998-11-23,1.573,8.65,3.85,1.24,3.56
1998-11-24,5.385,54.43,4.5,21.08,28.85
1998-11-25,3.224,42.01,4.18,15.86,21.97
1998-11-26,1.77,19.12,4.14,5.51,9.46
1998-11-27,1.535,13.34,3.87,3.34,6.14
1998-11-28,8.37,67.19,5.57,26.19,35.43
1998-11-29,11.827,91.8,6.31,36.48,49.01
1998-11-30,19.652,153.19,7.9,62.06,83.22
1998-12-01,14.421,215.42,7.71,89.2,118.52
1998-12-02,4.987,92.1,4.77,37.19,50.14
1998-12-03,5.167,72.87,4.43,28.44,40.0
1998-12-04,5.578,91.07,4.82,36.4,49.85
1998-12-05,2.922,57.77,4.14,21.99,31.64
1998-12-06,3.933,87.2,4.1,34.58,48.52
1998-12-07,4.49,131.17,4.31,53.79,73.06
1998-12-08,2.481,90.29,4.16,35.58,50.55
1998-12-09,1.625,29.59,4.11,8.8,16.67
1998-12-10,1.357,8.89,4.08,1.03,3.78
1998-12-11,1.294,5.76,4.07,0.11,1.58
1998-12-12,1.27,5.47,4.07,0.03,1.36
1998-12-13,1.264,5.69,4.05,0.14,1.49
1998-12-14,1.293,7.76,4.08,1.0,2.69
1998-12-15,1.221,5.94,4.07,0.23,1.65
1998-12-16,1.206,5.47,4.07,0.03,1.38
1998-12-17,1.192,5.42,4.07,0.01,1.35
1998-12-18,1.186,5.42,4.06,0.01,1.34
1998-12-19,1.184,5.41,4.06,0.01,1.34
1998-12-20,1.177,5.41,4.06,0.01,1.34
1998-12-21,1.166,5.4,4.06,0.0,1.33
1998-12-22,1.161,5.4,4.06,0.0,1.33
1998-12-23,1.158,5.39,4.06,0.0,1.33
1998-12-24,1.157,5.39,4.06,0.0,1.32
1998-12-25,1.156,5.38,4.06,0.0,1.31
1998-12-26,1.155,5.37,4.06,0.0,1.31
1998-12-27,1.154,5.37,4.06,0.0,1.3
1998-12-28,1.153,5.36,4.06,0.0,1.3
1998-12-29,1.152,5.36,4.06,0.0,1.29
1998-12-30,1.152,5.35,4.06,0.0,1.29
1998-12-31,1.151,5.34,4.06,0.0,1.28
1999-01-01,1.15,5.34,4.06,0.0,1.27
1999-01-02,1.15,5.33,4.06,0.0,1.27
1999-01-03,1.15,5.33,4.06,0.0,1.26
1999-01-04,1.149,5.32,4.06,0.0,1.26
1999-01-05,1.149,5.31,4.06,0.0,1.25
1999-01-06,1.149,5.31,4.06,0.0,1.25
1999-01-07,1.148,5.3,4.06,0.0,1.24
1999-01-08,1.148,5.3,4.06,0.0,1.23
1999-01-09,1.148,5.29,4.06,0.0,1.23
1999-01-10,1.147,5.29,4.06,0.0,1.22
1999-01-11,1.147,5.28,4.06,0.0,1.22
1999-01-12,1.147,5.28,4.06,0.0,1.21
1999-01-13,1.146,5.27,4.06,0.0,1.21
1999-01-14,1.146,5.26,4.06,0.0,1.2
1999-01-15,1.147,5.25,4.06,0.0,1.19
1999-01-16,3.646,61.92,4.05,24.64,33.23
1999-01-17,4.565,90.95,4.41,36.94,49.6
1999-01-18,6.221,91.01,4.88,36.24,49.89
1999-01-19,21.352,124.59,8.1,49.87,66.62
1999-01-20,28.352,188.54,9.54,76.88,102.13
1999-01-21,10.87,148.88,6.78,61.0,81.11
1999-01-22,4.732,72.61,4.51,28.71,39.39
1999-01-23,7.246,59.48,5.1,22.71,31.67
1999-01-24,7.761,70.72,5.7,27.63,37.39
1999-01-25,3.624,41.56,4.17,15.62,21.77
1999-01-26,5.833,102.4,4.69,40.91,56.8
1999-01-27,5.1,46.4,4.38,17.27,24.74
1999-01-28,3.391,33.95,4.14,12.1,17.71
1999-01-29,2.339,15.66,4.11,3.87,7.69
1999-01-30,1.955,7.18,4.08,0.64,2.46
1999-01-31,7.216,224.98,5.22,93.35,126.41
1999-02-01,7.52,273.59,5.69,115.08,152.81
1999-02-02,3.498,126.5,4.15,51.64,70.71
1999-02-03,2.296,44.06,4.11,14.47,25.48
1999-02-04,1.89,11.99,4.09,1.96,5.95
1999-02-05,1.719,5.99,4.08,0.24,1.67
1999-02-06,1.809,8.66,3.95,1.63,3.09
1999-02-07,21.032,167.62,8.71,67.86,91.06
1999-02-08,18.705,262.1,8.84,109.0,144.25
1999-02-09,23.875,249.58,8.67,103.12,137.79
1999-02-10,14.561,252.56,7.78,105.4,139.38
1999-02-11,6.069,88.81,5.0,35.75,48.06
1999-02-12,4.138,31.61,4.1,11.2,16.31
1999-02-13,3.458,10.42,4.08,2.15,4.19
1999-02-14,3.182,6.1,4.07,0.53,1.49
1999-02-15,2.982,5.57,4.08,0.37,1.13
1999-02-16,2.781,5.5,4.03,0.35,1.12
1999-02-17,9.013,53.0,5.69,20.02,27.29
1999-02-18,8.912,68.99,5.89,26.97,36.13
1999-02-19,7.285,63.94,5.39,24.75,33.8
1999-02-20,4.909,42.12,4.24,15.91,21.97
1999-02-21,13.66,66.58,6.71,25.35,34.53
1999-02-22,9.903,64.11,6.36,24.68,33.07
1999-02-23,5.354,25.95,4.54,8.94,12.48
1999-02-24,10.293,62.82,6.01,24.26,32.55
1999-02-25,10.509,63.13,6.11,24.26,32.76
1999-02-26,9.141,70.24,6.06,27.43,36.76
1999-02-27,5.414,30.72,4.61,10.97,15.14
1999-02-28,4.384,10.89,4.08,2.59,4.22
1999-03-01,3.97,6.39,4.08,0.77,1.54
1999-03-02,3.456,5.72,4.09,0.51,1.12
1999-03-03,2.946,5.58,4.09,0.41,1.08
1999-03-04,2.69,5.53,4.08,0.36,1.1
1999-03-05,2.521,5.44,4.07,0.31,1.06
1999-03-06,2.366,5.37,4.07,0.27,1.03
1999-03-07,2.199,5.34,4.08,0.24,1.02
1999-03-08,2.019,5.28,4.07,0.2,1.0
1999-03-09,4.628,43.91,4.38,16.56,22.97
1999-03-10,5.494,71.97,4.79,28.66,38.52
1999-03-11,3.217,30.72,4.13,10.93,15.66
1999-03-12,2.374,11.35,4.1,2.48,4.77
1999-03-13,2.053,6.14,4.08,0.45,1.61
1999-03-14,2.165,11.42,3.94,2.9,4.57
1999-03-15,5.833,50.03,4.65,19.12,26.26
1999-03-16,4.631,50.56,4.42,19.61,26.52
1999-03-17,2.929,27.25,4.12,9.65,13.48
1999-03-18,2.322,10.24,4.09,2.22,3.93
1999-03-19,2.07,5.85,4.07,0.4,1.38
1999-03-20,1.975,5.31,4.07,0.19,1.05
1999-03-21,1.89,5.4,4.07,0.23,1.1
1999-03-22,1.791,5.23,4.07,0.14,1.01
1999-03-23,1.676,5.11,4.07,0.08,0.96
1999-03-24,1.58,5.07,4.07,0.06,0.94
1999-03-25,2.481,19.99,3.91,6.52,9.56
1999-03-26,3.564,45.17,4.11,17.26,23.81
1999-03-27,2.336,27.28,4.13,9.37,13.78
1999-03-28,1.726,10.45,4.1,2.08,4.27
1999-03-29,1.505,5.7,4.08,0.25,1.38
1999-03-30,1.421,5.05,4.07,0.04,0.94
1999-03-31,1.347,4.98,4.07,0.02,0.89
1999-04-01,1.293,4.95,4.07,0.02,0.87
1999-04-02,1.276,4.94,4.06,0.02,0.86
1999-04-03,1.264,4.94,4.07,0.01,0.86
1999-04-04,1.229,4.93,4.07,0.01,0.85
1999-04-05,2.065,26.21,3.83,9.28,13.1
1999-04-06,7.92,88.06,5.4,35.14,47.52
1999-04-07,4.528,60.03,4.5,23.5,32.03
1999-04-08,4.643,53.73,4.19,20.32,29.22
1999-04-09,5.131,108.18,4.56,43.93,59.69
1999-04-10,3.079,51.33,4.14,19.54,27.66
1999-04-11,3.947,41.88,4.02,15.23,22.63
1999-04-12,4.96,84.0,4.5,33.73,45.77
1999-04-13,2.947,43.03,4.14,16.3,22.59
1999-04-14,2.165,14.03,4.1,3.68,6.25
1999-04-15,1.834,6.33,4.09,0.53,1.71
1999-04-16,1.649,5.15,4.08,0.11,0.96
1999-04-17,1.518,4.99,4.08,0.05,0.87
1999-04-18,1.416,4.95,4.07,0.03,0.84
1999-04-19,1.358,4.92,4.07,0.03,0.83
1999-04-20,1.306,4.91,4.07,0.02,0.82
1999-04-21,1.254,4.89,4.07,0.01,0.8
1999-04-22,1.222,4.87,4.07,0.01,0.79
1999-04-23,1.196,4.86,4.07,0.01,0.79
1999-04-24,1.173,4.85,4.07,0.0,0.78
1999-04-25,1.162,4.85,4.06,0.0,0.78
1999-04-26,1.157,4.84,4.06,0.0,0.78
1999-04-27,1.153,4.84,4.06,0.0,0.78
1999-04-28,1.151,4.84,4.06,0.0,0.78
1999-04-29,1.149,4.84,4.06,0.0,0.77
1999-04-30,1.148,4.84,4.06,0.0,0.77
1999-05-01,1.147,4.83,4.06,0.0,0.77
1999-05-02,1.147,4.83,4.06,0.0,0.77
1999-05-03,1.147,4.83,4.06,0.0,0.76
1999-05-04,1.146,4.82,4.06,0.0,0.76
1999-05-05,1.146,4.82,4.06,0.0,0.76
1999-05-06,1.146,4.82,4.06,0.0,0.75
1999-05-07,1.146,4.81,4.06,0.0,0.75
1999-05-08,1.145,4.81,4.06,0.0,0.75
1999-05-09,1.145,4.81,4.06,0.0,0.74
1999-05-10,1.145,4.8,4.06,0.0,0.74
1999-05-11,1.145,4.8,4.06,0.0,0.74
1999-05-12,1.144,4.8,4.06,0.0,0.74
1999-05-13,1.144,4.8,4.06,0.0,0.73
1999-05-14,1.144,4.79,4.06,0.0,0.73
1999-05-15,1.144,4.79,4.06,0.0,0.73
1999-05-16,1.143,4.79,4.06,0.0,0.72
1999-05-17,1.143,4.78,4.06,0.0,0.72
1999-05-18,1.143,4.78,4.06,0.0,0.72
1999-05-19,1.143,4.78,4.06,0.0,0.71
1999-05-20,1.143,4.77,4.06,0.0,0.71
1999-05-21,1.143,4.77,4.06,0.0,0.71
1999-05-22,1.142,4.77,4.06,0.0,0.71
1999-05-23,1.142,4.77,4.06,0.0,0.7
1999-05-24,1.142,4.76,4.06,0.0,0.7
1999-05-25,1.142,4.76,4.06,0.0,0.7
1999-05-26,1.142,4.76,4.06,0.0,0.69
1999-05-27,1.141,4.75,4.06,0.0,0.69
1999-05-28,1.141,4.75,4.06,0.0,0.69
1999-05-29,1.141,4.75,4.06,0.0,0.69
1999-05-30,1.141,4.75,4.06,0.0,0.68
1999-05-31,1.141,4.74,4.06,0.0,0.68
1999-06-01,1.141,4.74,4.06,0.0,0.68
1999-06-02,1.141,4.74,4.06,0.0,0.67
1999-06-03,1.14,4.73,4.06,0.0,0.67
1999-06-04,1.14,4.73,4.06,0.0,0.67
1999-06-05,1.14,4.73,4.06,0.0,0.67
1999-06-06,1.14,4.73,4.06,0.0,0.66
1999-06-07,1.14,4.72,4.06,0.0,0.66
1999-06-08,1.14,4.72,4.06,0.0,0.66
1999-06-09,1.14,4.72,4.06,0.0,0.66
1999-06-10,1.14,4.72,4.06,0.0,0.65
1999-06-11,1.139,4.71,4.06,0.0,0.65
1999-06-12,1.139,4.71,4.06,0.0,0.65
1999-06-13,1.139,4.71,4.06,0.0,0.64
1999-06-14,1.139,4.71,4.06,0.0,0.64
1999-06-15,1.139,4.7,4.06,0.0,0.64
1999-06-16,1.139,4.7,4.06,0.0,0.64
1999-06-17,1.139,4.7,4.06,0.0,0.63
1999-06-18,1.139,4.7,4.06,0.0,0.63
1999-06-19,1.139,4.69,4.06,0.0,0.63
1999-06-20,1.139,4.69,4.06,0.0,0.63
1999-06-21,1.138,4.69,4.06,0.0,0.62
1999-06-22,1.138,4.69,4.06,0.0,0.62
1999-06-23,1.138,4.68,4.06,0.0,0.62
1999-06-24,1.138,4.68,4.06,0.0,0.62
1999-06-25,1.138,4.68,4.06,0.0,0.61
1999-06-26,1.138,4.68,4.06,0.0,0.61
1999-06-27,1.138,4.67,4.06,0.0,0.61
1999-06-28,1.138,4.67,4.06,0.0,0.61
1999-06-29,1.138,4.67,4.06,0.0,0.6
1999-06-30,1.138,4.67,4.06,0.0,0.6
1999-07-01,1.138,4.66,4.06,0.0,0.6
1999-07-02,1.138,4.66,4.06,0.0,0.6
1999-07-03,1.138,4.66,4.06,0.0,0.59
1999-07-04,1.137,4.66,4.06,0.0,0.59
1999-07-05,1.137,4.65,4.06,0.0,0.59
1999-07-06,1.137,4.65,4.06,0.0,0.59
1999-07-07,1.137,4.65,4.06,0.0,0.59
1999-07-08,1.137,4.65,4.06,0.0,0.58
1999-07-09,1.137,4.64,4.06,0.0,0.58
1999-07-10,1.137,4.64,4.06,0.0,0.58
1999-07-11,1.137,4.64,4.06,0.0,0.58
1999-07-12,1.137,4.64,4.06,0.0,0.57
1999-07-13,1.137,4.63,4.06,0.0,0.57
1999-07-14,1.137,4.63,4.06,0.0,0.57
1999-07-15,1.136,4.63,4.06,0.0,0.57
1999-07-16,1.133,4.63,4.06,0.0,0.57
1999-07-17,1.13,4.63,4.06,0.0,0.57
1999-07-18,1.127,4.63,4.06,0.0,0.56
1999-07-19,1.123,4.63,4.06,0.0,0.56
1999-07-20,1.12,4.63,4.06,0.0,0.56
1999-07-21,1.117,4.63,4.06,0.0,0.56
1999-07-22,1.114,4.62,4.06,0.0,0.56
1999-07-23,1.111,4.62,4.06,0.0,0.56
1999-07-24,1.108,4.62,4.06,0.0,0.56
1999-07-25,1.104,4.62,4.06,0.0,0.56
1999-07-26,1.101,4.62,4.06,0.0,0.56
1999-07-27,1.099,4.62,4.06,0.0,0.56
1999-07-28,1.096,4.62,4.06,0.0,0.55
1999-07-29,1.093,4.62,4.06,0.0,0.55
1999-07-30,1.09,4.62,4.06,0.0,0.55
1999-07-31,1.087,4.62,4.06,0.0,0.55
1999-08-01,1.084,4.61,4.06,0.0,0.55
1999-08-02,1.081,4.61,4.06,0.0,0.55
1999-08-03,1.079,4.61,4.06,0.0,0.55
1999-08-04,1.076,4.61,4.06,0.0,0.55
1999-08-05,1.073,4.61,4.06,0.0,0.55
1999-08-06,1.071,4.61,4.06,0.0,0.55
1999-08-07,1.068,4.61,4.06,0.0,0.54
1999-08-08,1.066,4.61,4.06,0.0,0.54
1999-08-09,1.063,4.61,4.06,0.0,0.54
1999-08-10,1.061,4.6,4.06,0.0,0.54
1999-08-11,1.058,4.6,4.06,0.0,0.54
1999-08-12,1.056,4.6,4.06,0.0,0.54
1999-08-13,1.053,4.6,4.06,0.0,0.54
1999-08-14,1.051,4.6,4.06,0.0,0.54
1999-08-15,1.048,4.6,4.06,0.0,0.54
1999-08-16,1.046,4.6,4.06,0.0,0.53
1999-08-17,1.044,4.6,4.06,0.0,0.53
1999-08-18,1.042,4.6,4.06,0.0,0.53
1999-08-19,1.039,4.6,4.06,0.0,0.53
1999-08-20,1.037,4.59,4.06,0.0,0.53
1999-08-21,1.035,4.59,4.06,0.0,0.53
1999-08-22,1.033,4.59,4.06,0.0,0.53
1999-08-23,1.031,4.59,4.06,0.0,0.53
1999-08-24,1.028,4.59,4.06,0.0,0.53
1999-08-25,1.026,4.59,4.06,0.0,0.53
1999-08-26,1.024,4.59,4.06,0.0,0.52
1999-08-27,1.022,4.59,4.06,0.0,0.52
1999-08-28,1.02,4.59,4.06,0.0,0.52
1999-08-29,1.018,4.58,4.06,0.0,0.52
1999-08-30,1.016,4.58,4.06,0.0,0.52
1999-08-31,1.014,4.58,4.06,0.0,0.52
1999-09-01,1.013,4.58,4.06,0.0,0.52
1999-09-02,1.011,4.58,4.06,0.0,0.52
1999-09-03,1.009,4.58,4.06,0.0,0.52
1999-09-04,1.007,4.58,4.06,0.0,0.51
1999-09-05,1.005,4.58,4.06,0.0,0.51
1999-09-06,1.003,4.58,4.06,0.0,0.51
1999-09-07,1.002,4.57,4.06,0.0,0.51
1999-09-08,1.0,4.57,4.06,0.0,0.51
1999-09-09,0.998,4.57,4.06,0.0,0.51
1999-09-10,0.996,4.57,4.06,0.0,0.51
1999-09-11,0.995,4.57,4.06,0.0,0.51
1999-09-12,0.993,4.57,4.06,0.0,0.51
1999-09-13,0.991,4.57,4.06,0.0,0.5
1999-09-14,0.99,4.57,4.06,0.0,0.5
1999-09-15,0.988,4.57,4.06,0.0,0.5
1999-09-16,0.987,4.56,4.06,0.0,0.5
1999-09-17,0.985,4.56,4.06,0.0,0.5
1999-09-18,0.983,4.56,4.06,0.0,0.5
1999-09-19,0.982,4.56,4.06,0.0,0.5
1999-09-20,0.98,4.56,4.06,0.0,0.5
1999-09-21,0.979,4.56,4.06,0.0,0.49
1999-09-22,0.977,4.56,4.06,0.0,0.49
1999-09-23,0.976,4.56,4.06,0.0,0.49
1999-09-24,0.974,4.56,4.06,0.0,0.49
1999-09-25,0.973,4.55,4.06,0.0,0.49
1999-09-26,0.972,4.55,4.06,0.0,0.49
1999-09-27,0.97,4.55,4.06,0.0,0.49
1999-09-28,0.969,4.55,4.06,0.0,0.49
1999-09-29,0.967,4.55,4.06,0.0,0.49
1999-09-30,0.966,4.55,4.06,0.0,0.48
1999-10-01,0.965,4.55,4.06,0.0,0.48
1999-10-02,0.963,4.55,4.06,0.0,0.48
1999-10-03,0.962,4.54,4.06,0.0,0.48
1999-10-04,0.961,4.54,4.06,0.0,0.48
1999-10-05,0.96,4.54,4.06,0.0,0.48
1999-10-06,0.958,4.54,4.06,0.0,0.48
1999-10-07,0.957,4.54,4.06,0.0,0.48
1999-10-08,0.956,4.54,4.06,0.0,0.48
1999-10-09,0.955,4.54,4.06,0.0,0.47
1999-10-10,0.953,4.54,4.06,0.0,0.47
1999-10-11,0.952,4.54,4.06,0.0,0.47
1999-10-12,0.951,4.53,4.06,0.0,0.47
1999-10-13,0.95,4.53,4.06,0.0,0.47
1999-10-14,0.949,4.53,4.06,0.0,0.47
1999-10-15,0.948,4.53,4.06,0.0,0.47
1999-10-16,0.946,4.53,4.06,0.0,0.47
1999-10-17,0.945,4.53,4.06,0.0,0.47
1999-10-18,0.944,4.53,4.06,0.0,0.46
1999-10-19,0.943,4.53,4.06,0.0,0.46
1999-10-20,0.942,4.53,4.06,0.0,0.46
1999-10-21,0.941,4.52,4.06,0.0,0.46
1999-10-22,0.94,4.52,4.06,0.0,0.46
1999-10-23,0.939,4.52,4.06,0.0,0.46
1999-10-24,0.938,4.52,4.06,0.0,0.46
1999-10-25,0.937,4.52,4.06,0.0,0.46
1999-10-26,0.936,4.52,4.06,0.0,0.45
1999-10-27,0.935,4.52,4.06,0.0,0.45
1999-10-28,2.092,93.98,3.92,38.63,51.44
1999-10-29,2.715,68.43,4.09,27.11,37.23
1999-10-30,1.743,47.12,4.15,17.54,25.42
1999-10-31,1.146,16.81,4.11,4.4,8.3
1999-11-01,0.979,6.21,4.08,0.51,1.62
1999-11-02,0.94,4.66,4.07,0.04,0.55
1999-11-03,0.932,4.52,4.06,0.0,0.45
1999-11-04,0.93,4.51,4.06,0.0,0.45
1999-11-05,0.928,4.51,4.06,0.0,0.44
1999-11-06,0.927,4.51,4.06,0.0,0.44
1999-11-07,0.928,4.52,4.06,0.01,0.45
1999-11-08,8.137,146.25,5.66,60.17,80.43
1999-11-09,8.011,190.57,6.02,79.29,105.27
1999-11-10,2.942,100.61,4.19,40.47,55.95
1999-11-11,1.544,45.58,4.15,14.87,26.55
1999-11-12,1.089,13.94,4.1,2.73,7.11
1999-11-13,0.967,5.75,4.07,0.32,1.35
1999-11-14,0.938,4.63,4.07,0.04,0.53
1999-11-15,0.931,4.52,4.06,0.01,0.45
1999-11-16,0.931,4.51,4.06,0.01,0.44
1999-11-17,1.784,30.24,3.89,11.03,15.33
1999-11-18,2.631,53.78,4.1,20.54,29.13
1999-11-19,2.83,59.86,3.93,22.99,32.95
1999-11-20,6.228,169.37,4.88,70.35,94.14
1999-11-21,3.216,167.05,4.18,69.28,93.59
1999-11-22,1.782,77.22,4.15,27.33,45.74
1999-11-23,1.189,22.7,4.11,5.21,13.38
1999-11-24,0.994,7.08,4.08,0.58,2.42
1999-11-25,0.939,4.74,4.07,0.05,0.61
1999-11-26,0.927,4.52,4.06,0.01,0.44
1999-11-27,0.923,4.5,4.06,0.01,0.43
1999-11-28,0.921,4.49,4.06,0.01,0.42
1999-11-29,0.919,4.49,4.06,0.01,0.42
1999-11-30,0.918,4.49,4.06,0.0,0.42
1999-12-01,0.916,4.48,4.06,0.0,0.42
1999-12-02,0.915,4.48,4.06,0.0,0.42
1999-12-03,0.914,4.48,4.06,0.0,0.42
1999-12-04,0.912,4.48,4.06,0.0,0.41
1999-12-05,0.912,4.48,4.06,0.0,0.41
1999-12-06,0.911,4.48,4.06,0.0,0.41
1999-12-07,0.91,4.47,4.06,0.0,0.41
1999-12-08,0.909,4.47,4.06,0.0,0.41
1999-12-09,0.909,4.47,4.06,0.0,0.41
1999-12-10,0.986,5.38,4.04,0.28,1.06
1999-12-11,1.051,6.51,4.07,0.53,1.91
1999-12-12,0.962,5.08,4.08,0.12,0.88
1999-12-13,0.917,4.54,4.07,0.01,0.46
1999-12-14,0.906,4.47,4.06,0.0,0.4
1999-12-15,0.904,4.46,4.06,0.0,0.4
1999-12-16,0.903,4.46,4.06,0.0,0.4
1999-12-17,0.902,4.46,4.06,0.0,0.4
1999-12-18,0.902,4.46,4.06,0.0,0.4
1999-12-19,0.901,4.46,4.06,0.0,0.4
1999-12-20,0.9,4.46,4.06,0.0,0.39
1999-12-21,0.899,4.46,4.06,0.0,0.39
1999-12-22,0.982,7.28,3.95,1.27,2.06
1999-12-23,3.106,214.94,3.98,90.78,120.18
1999-12-24,2.282,177.5,4.17,72.89,100.44
1999-12-25,1.308,64.36,4.14,21.77,38.45
1999-12-26,0.994,15.36,4.09,3.22,8.05
1999-12-27,0.914,5.62,4.07,0.3,1.25
1999-12-28,0.898,4.55,4.06,0.02,0.46
1999-12-29,0.896,4.46,4.06,0.0,0.39
1999-12-30,0.895,4.45,4.06,0.0,0.38
1999-12-31,0.894,4.45,4.06,0.0,0.38
2000-01-01,0.894,4.45,4.06,0.0,0.38
2000-01-02,0.893,4.44,4.06,0.0,0.38
2000-01-03,0.893,4.44,4.06,0.0,0.38
2000-01-04,0.892,4.44,4.06,0.0,0.38
2000-01-05,0.892,4.44,4.06,0.0,0.38
2000-01-06,0.891,4.44,4.06,0.0,0.38
2000-01-07,0.891,4.44,4.06,0.0,0.38
2000-01-08,0.89,4.44,4.06,0.0,0.37
2000-01-09,0.89,4.44,4.06,0.0,0.37
2000-01-10,0.89,4.44,4.06,0.0,0.37
2000-01-11,1.341,17.58,3.73,5.79,8.05
2000-01-12,7.686,246.58,5.38,103.86,137.34
2000-01-13,3.657,198.79,4.31,83.2,111.28
2000-01-14,1.774,97.48,4.17,36.04,57.27
2000-01-15,1.125,30.43,4.11,7.9,18.43
2000-01-16,5.155,130.44,4.81,53.71,71.93
2000-01-17,5.958,208.34,5.19,87.21,115.94
2000-01-18,18.664,179.73,7.93,73.13,98.67
2000-01-19,11.974,175.5,7.33,72.19,95.98
2000-01-20,4.491,88.11,4.46,35.55,48.11
2000-01-21,2.26,50.46,4.17,18.75,27.54
2000-01-22,1.341,19.78,4.13,5.22,10.43
2000-01-23,11.66,98.79,6.93,39.19,52.67
2000-01-24,67.879,168.48,13.15,66.1,89.23
2000-01-25,48.948,256.41,13.64,101.32,141.45
2000-01-26,9.987,95.82,6.68,38.26,50.88
2000-01-27,4.281,44.16,4.25,16.89,23.02
2000-01-28,3.088,17.51,4.1,5.32,8.08
2000-01-29,2.598,7.61,4.09,1.23,2.29
2000-01-30,2.285,5.51,4.08,0.42,1.02
2000-01-31,2.089,5.16,4.07,0.29,0.8
2000-02-01,2.026,5.15,4.07,0.29,0.79
2000-02-02,1.898,5.05,4.08,0.24,0.74
2000-02-03,2.01,11.07,4.01,2.8,4.27
2000-02-04,3.326,61.2,4.02,24.19,33.0
2000-02-05,2.68,66.46,4.14,26.22,36.1
2000-02-06,1.884,23.59,4.11,7.57,11.92
2000-02-07,1.617,7.62,4.08,1.07,2.47
2000-02-08,1.517,5.07,4.07,0.17,0.83
2000-02-09,1.425,4.76,4.07,0.07,0.62
2000-02-10,1.449,5.07,4.0,0.22,0.85
2000-02-11,6.705,102.98,5.16,41.76,56.07
2000-02-12,35.25,257.96,10.64,105.68,141.65
2000-02-13,28.96,142.7,9.12,57.17,76.41
2000-02-14,57.044,254.38,12.8,103.35,138.23
2000-02-15,19.955,197.78,8.99,81.29,107.5
2000-02-16,10.631,50.21,6.26,18.82,25.13
2000-02-17,10.339,23.68,6.16,7.33,10.19
2000-02-18,8.246,17.28,5.65,4.91,6.72
2000-02-19,6.796,9.3,5.13,1.65,2.52
2000-02-20,5.76,6.65,4.67,0.72,1.25
2000-02-21,6.97,17.9,5.07,5.31,7.51
2000-02-22,8.047,48.34,5.14,18.52,24.68
2000-02-23,48.666,339.97,11.91,139.74,188.32
2000-02-24,19.568,159.34,8.64,64.92,85.78
2000-02-25,11.149,42.25,6.42,15.4,20.43
2000-02-26,9.119,12.7,5.83,2.85,4.02
2000-02-27,20.068,90.87,7.94,35.49,47.44
2000-02-28,16.92,73.78,7.86,28.39,37.52
2000-02-29,12.444,25.25,6.54,7.94,10.77
2000-03-01,11.67,21.64,6.52,6.43,8.68
2000-03-02,9.401,11.07,5.88,2.16,3.03
2000-03-03,9.802,15.2,6.07,3.87,5.26
2000-03-04,7.766,10.54,5.36,2.18,3.0
2000-03-05,18.718,76.67,7.76,29.35,39.55
2000-03-06,14.534,59.04,7.31,22.27,29.47
2000-03-07,9.665,18.34,6.07,5.24,7.03
2000-03-08,13.355,38.98,6.62,13.67,18.69
2000-03-09,21.46,73.94,8.37,28.08,37.48
2000-03-10,13.949,30.96,7.09,10.24,13.62
2000-03-11,9.942,10.91,6.12,1.99,2.8
2000-03-12,8.231,7.67,5.62,0.81,1.24
2000-03-13,6.936,6.88,5.18,0.66,1.04
2000-03-14,5.761,6.3,4.7,0.61,0.99
2000-03-15,4.853,5.78,4.25,0.57,0.95
2000-03-16,4.096,5.56,4.1,0.54,0.92
2000-03-17,3.366,5.44,4.1,0.48,0.87
2000-03-18,2.852,5.32,4.09,0.42,0.81
2000-03-19,2.536,5.22,4.08,0.36,0.78
2000-03-20,2.215,5.1,4.09,0.27,0.73
2000-03-21,1.831,4.88,4.09,0.14,0.65
2000-03-22,1.617,4.71,4.07,0.07,0.57
2000-03-23,1.568,4.7,4.07,0.07,0.56
2000-03-24,1.483,4.66,4.07,0.05,0.53
2000-03-25,1.413,4.62,4.07,0.04,0.5
2000-03-26,1.349,4.58,4.07,0.03,0.48
2000-03-27,1.287,4.54,4.07,0.02,0.45
2000-03-28,1.232,4.51,4.07,0.01,0.42
2000-03-29,1.192,4.48,4.07,0.0,0.41
2000-03-30,1.171,4.47,4.07,0.0,0.4
2000-03-31,1.157,4.46,4.07,0.0,0.4
2000-04-01,1.149,4.46,4.06,0.0,0.4
2000-04-02,1.143,4.46,4.06,0.0,0.4
2000-04-03,1.139,4.46,4.06,0.0,0.4
2000-04-04,1.135,4.46,4.06,0.0,0.4
2000-04-05,1.131,4.46,4.06,0.0,0.4
2000-04-06,1.127,4.46,4.06,0.0,0.4
2000-04-07,1.123,4.46,4.06,0.0,0.4
2000-04-08,1.119,4.46,4.06,0.0,0.4
2000-04-09,1.116,4.46,4.06,0.0,0.39
2000-04-10,1.112,4.46,4.06,0.0,0.39
2000-04-11,1.108,4.46,4.06,0.0,0.39
2000-04-12,1.105,4.46,4.06,0.0,0.39
2000-04-13,2.136,32.76,3.89,12.14,16.72
2000-04-14,2.978,67.44,4.11,26.69,36.64
2000-04-15,1.906,36.39,4.14,12.56,19.69
2000-04-16,1.356,11.94,4.1,2.5,5.34
2000-04-17,3.159,43.48,3.93,16.63,22.91
2000-04-18,6.26,87.43,4.98,35.08,47.37
2000-04-19,3.587,69.19,4.16,27.35,37.68
2000-04-20,2.123,36.53,4.14,12.59,19.79
2000-04-21,1.489,12.68,4.11,2.67,5.9
2000-04-22,1.277,5.64,4.08,0.3,1.26
2000-04-23,1.204,4.63,4.07,0.03,0.53
2000-04-24,1.161,4.51,4.07,0.01,0.43
2000-04-25,1.124,4.48,4.07,0.0,0.41
2000-04-26,1.093,4.46,4.07,0.0,0.4
2000-04-27,1.075,4.46,4.07,0.0,0.39
2000-04-28,1.064,4.46,4.06,0.0,0.39
2000-04-29,1.058,4.45,4.06,0.0,0.39
2000-04-30,1.054,4.45,4.06,0.0,0.39
2000-05-01,1.05,4.45,4.06,0.0,0.39
2000-05-02,1.048,4.45,4.06,0.0,0.39
2000-05-03,1.045,4.45,4.06,0.0,0.39
2000-05-04,1.042,4.45,4.06,0.0,0.39
2000-05-05,1.04,4.45,4.06,0.0,0.39
2000-05-06,1.037,4.45,4.06,0.0,0.39
2000-05-07,1.04,4.45,4.06,0.0,0.39
2000-05-08,4.458,42.26,4.52,15.91,21.82
2000-05-09,5.259,69.84,4.83,27.68,37.34
2000-05-10,2.497,41.93,4.17,15.52,22.24
2000-05-11,1.504,17.94,4.13,4.63,9.18
2000-05-12,1.158,6.94,4.09,0.64,2.22
2000-05-13,1.066,4.74,4.07,0.06,0.61
2000-05-14,1.033,4.48,4.07,0.0,0.4
2000-05-15,1.302,14.92,4.0,4.51,6.41
2000-05-16,2.289,48.01,4.0,18.61,25.4
2000-05-17,1.957,43.08,4.13,16.25,22.7
2000-05-18,1.317,16.35,4.12,4.65,7.57
2000-05-19,1.089,6.2,4.08,0.61,1.51
2000-05-20,1.027,4.61,4.07,0.06,0.49
2000-05-21,1.011,4.46,4.06,0.01,0.39
2000-05-22,1.005,4.45,4.06,0.0,0.38
2000-05-23,1.001,4.45,4.06,0.0,0.38
2000-05-24,0.998,4.45,4.06,0.0,0.38
2000-05-25,0.996,4.44,4.06,0.0,0.38
2000-05-26,0.994,4.44,4.06,0.0,0.38
2000-05-27,0.992,4.44,4.06,0.0,0.38
2000-05-28,0.99,4.44,4.06,0.0,0.38
2000-05-29,0.989,4.44,4.06,0.0,0.38
2000-05-30,0.987,4.44,4.06,0.0,0.38
2000-05-31,0.985,4.44,4.06,0.0,0.38
2000-06-01,0.983,4.44,4.06,0.0,0.38
2000-06-02,0.981,4.44,4.06,0.0,0.38
2000-06-03,0.98,4.44,4.06,0.0,0.38
2000-06-04,0.978,4.44,4.06,0.0,0.38
2000-06-05,0.976,4.44,4.06,0.0,0.38
2000-06-06,0.975,4.44,4.06,0.0,0.38
2000-06-07,0.973,4.44,4.06,0.0,0.38
2000-06-08,1.31,10.49,3.95,2.62,3.92
2000-06-09,2.052,28.43,4.06,9.83,14.54
2000-06-10,1.53,20.87,4.14,6.17,10.56
2000-06-11,1.115,8.39,4.1,1.24,3.05
2000-06-12,0.997,4.93,4.07,0.13,0.72
2000-06-13,0.969,4.48,4.07,0.01,0.4
2000-06-14,0.964,4.44,4.06,0.0,0.37
2000-06-15,0.961,4.44,4.06,0.0,0.37
2000-06-16,0.96,4.44,4.06,0.0,0.37
2000-06-17,0.959,4.43,4.06,0.0,0.37
2000-06-18,0.957,4.43,4.06,0.0,0.37
2000-06-19,0.956,4.43,4.06,0.0,0.37
2000-06-20,0.954,4.43,4.06,0.0,0.37
2000-06-21,0.953,4.43,4.06,0.0,0.37
2000-06-22,0.952,4.43,4.06,0.0,0.37
2000-06-23,0.951,4.43,4.06,0.0,0.37
2000-06-24,0.949,4.43,4.06,0.0,0.37
2000-06-25,0.948,4.43,4.06,0.0,0.37
2000-06-26,0.947,4.43,4.06,0.0,0.37
2000-06-27,0.946,4.43,4.06,0.0,0.37
2000-06-28,0.944,4.43,4.06,0.0,0.37
2000-06-29,0.943,4.43,4.06,0.0,0.37
2000-06-30,0.942,4.43,4.06,0.0,0.37
2000-07-01,0.941,4.43,4.06,0.0,0.37
2000-07-02,0.94,4.43,4.06,0.0,0.37
2000-07-03,0.939,4.43,4.06,0.0,0.36
2000-07-04,0.937,4.43,4.06,0.0,0.36
2000-07-05,0.936,4.43,4.06,0.0,0.36
2000-07-06,0.935,4.43,4.06,0.0,0.36
2000-07-07,0.934,4.43,4.06,0.0,0.36
2000-07-08,0.933,4.43,4.06,0.0,0.36
2000-07-09,0.932,4.43,4.06,0.0,0.36
2000-07-10,0.931,4.43,4.06,0.0,0.36
2000-07-11,0.93,4.43,4.06,0.0,0.36
2000-07-12,0.929,4.43,4.06,0.0,0.36
2000-07-13,0.928,4.43,4.06,0.0,0.36
2000-07-14,0.927,4.43,4.06,0.0,0.36
2000-07-15,0.926,4.43,4.06,0.0,0.36
2000-07-16,0.925,4.43,4.06,0.0,0.36
2000-07-17,0.924,4.43,4.06,0.0,0.36
2000-07-18,0.923,4.43,4.06,0.0,0.36
2000-07-19,0.919,4.43,4.06,0.0,0.36
2000-07-20,0.911,4.43,4.07,0.0,0.36
2000-07-21,0.902,4.43,4.07,0.0,0.36
2000-07-22,0.892,4.43,4.07,0.0,0.36
2000-07-23,0.881,4.43,4.07,0.0,0.36
2000-07-24,0.871,4.43,4.07,0.0,0.36
2000-07-25,0.861,4.43,4.07,0.0,0.36
2000-07-26,0.852,4.43,4.07,0.0,0.36
2000-07-27,0.842,4.42,4.07,0.0,0.36
2000-07-28,0.832,4.42,4.07,0.0,0.36
2000-07-29,0.823,4.42,4.07,0.0,0.36
2000-07-30,0.814,4.42,4.07,0.0,0.36
2000-07-31,0.804,4.42,4.07,0.0,0.36
2000-08-01,0.795,4.42,4.07,0.0,0.36
2000-08-02,0.786,4.42,4.07,0.0,0.36
2000-08-03,0.777,4.42,4.07,0.0,0.36
2000-08-04,0.768,4.42,4.07,0.0,0.36
2000-08-05,0.76,4.42,4.07,0.0,0.36
2000-08-06,0.751,4.42,4.07,0.0,0.36
2000-08-07,0.743,4.42,4.07,0.0,0.36
2000-08-08,0.734,4.42,4.07,0.0,0.36
2000-08-09,0.726,4.42,4.07,0.0,0.36
2000-08-10,0.718,4.42,4.07,0.0,0.36
2000-08-11,0.709,4.42,4.07,0.0,0.36
2000-08-12,0.701,4.42,4.07,0.0,0.35
2000-08-13,0.693,4.42,4.07,0.0,0.35
2000-08-14,0.686,4.42,4.07,0.0,0.35
2000-08-15,0.678,4.42,4.07,0.0,0.35
2000-08-16,0.67,4.42,4.07,0.0,0.35
2000-08-17,0.662,4.42,4.07,0.0,0.35
2000-08-18,0.655,4.42,4.07,0.0,0.35
2000-08-19,0.648,4.42,4.07,0.0,0.35
2000-08-20,0.64,4.42,4.07,0.0,0.35
2000-08-21,0.633,4.42,4.07,0.0,0.35
2000-08-22,0.626,4.42,4.07,0.0,0.35
2000-08-23,0.619,4.42,4.07,0.0,0.35
2000-08-24,0.612,4.42,4.07,0.0,0.35
2000-08-25,0.605,4.42,4.07,0.0,0.35
2000-08-26,0.598,4.42,4.07,0.0,0.35
2000-08-27,0.591,4.42,4.07,0.0,0.35
2000-08-28,0.584,4.42,4.07,0.0,0.35
2000-08-29,0.578,4.42,4.07,0.0,0.35
2000-08-30,0.571,4.42,4.07,0.0,0.35
2000-08-31,0.565,4.41,4.07,0.0,0.35
2000-09-01,0.558,4.41,4.07,0.0,0.35
2000-09-02,0.552,4.41,4.07,0.0,0.35
2000-09-03,0.546,4.41,4.07,0.0,0.35
2000-09-04,0.54,4.41,4.07,0.0,0.35
2000-09-05,0.533,4.41,4.07,0.0,0.35
2000-09-06,0.527,4.41,4.07,0.0,0.35
2000-09-07,0.521,4.41,4.07,0.0,0.35
2000-09-08,0.516,4.41,4.07,0.0,0.35
2000-09-09,0.51,4.41,4.07,0.0,0.35
2000-09-10,0.504,4.41,4.07,0.0,0.35
2000-09-11,0.498,4.41,4.07,0.0,0.35
2000-09-12,0.493,4.41,4.07,0.0,0.35
2000-09-13,0.487,4.41,4.07,0.0,0.35
2000-09-14,0.481,4.41,4.07,0.0,0.34
2000-09-15,0.476,4.41,4.07,0.0,0.34
2000-09-16,0.471,4.41,4.07,0.0,0.34
2000-09-17,0.465,4.41,4.07,0.0,0.34
2000-09-18,0.46,4.41,4.07,0.0,0.34
2000-09-19,0.455,4.41,4.07,0.0,0.34
2000-09-20,0.45,4.41,4.07,0.0,0.34
2000-09-21,0.445,4.41,4.07,0.0,0.34
2000-09-22,0.44,4.41,4.07,0.0,0.34
2000-09-23,0.435,4.41,4.07,0.0,0.34
2000-09-24,0.43,4.41,4.07,0.0,0.34
2000-09-25,0.425,4.41,4.07,0.0,0.34
2000-09-26,0.42,4.41,4.07,0.0,0.34
2000-09-27,0.415,4.41,4.07,0.0,0.34
2000-09-28,0.411,4.41,4.07,0.0,0.34
2000-09-29,0.406,4.41,4.07,0.0,0.34
2000-09-30,0.401,4.4,4.07,0.0,0.34
2000-10-01,0.397,4.4,4.07,0.0,0.34
2000-10-02,0.392,4.4,4.07,0.0,0.34
2000-10-03,0.388,4.4,4.07,0.0,0.34
2000-10-04,0.384,4.4,4.07,0.0,0.34
2000-10-05,0.379,4.4,4.07,0.0,0.34
2000-10-06,0.375,4.4,4.07,0.0,0.34
2000-10-07,0.371,4.4,4.07,0.0,0.34
2000-10-08,0.367,4.4,4.07,0.0,0.34
2000-10-09,0.362,4.4,4.07,0.0,0.34
2000-10-10,2.133,80.22,3.78,31.8,44.64
2000-10-11,4.171,91.38,4.15,36.83,50.4
2000-10-12,2.04,75.79,4.2,29.24,42.35
2000-10-13,1.047,52.85,4.17,16.21,32.48
2000-10-14,0.577,22.29,4.16,0.48,17.66
2000-10-15,0.394,8.21,4.1,0.0,4.1
2000-10-16,0.349,4.82,4.07,0.0,0.74
2000-10-17,0.338,4.44,4.07,0.0,0.38
2000-10-18,0.332,4.41,4.07,0.0,0.35
2000-10-19,0.328,4.41,4.07,0.0,0.34
2000-10-20,0.324,4.41,4.07,0.0,0.34
2000-10-21,0.32,4.41,4.07,0.0,0.34
2000-10-22,0.315,4.4,4.07,0.0,0.34
2000-10-23,0.311,4.4,4.07,0.0,0.34
2000-10-24,0.308,4.4,4.07,0.0,0.34
2000-10-25,0.304,4.4,4.07,0.0,0.34
2000-10-26,6.059,99.35,5.63,39.46,54.27
2000-10-27,15.44,140.28,7.7,56.85,75.73
2000-10-28,5.932,90.73,4.85,36.68,49.2
2000-10-29,14.381,167.71,6.89,68.68,92.14
2000-10-30,12.204,120.0,6.58,48.41,65.01
2000-10-31,7.234,96.66,5.63,38.76,52.27
2000-11-01,2.761,60.67,4.21,23.6,32.85
2000-11-02,1.188,33.33,4.2,10.17,18.96
2000-11-03,0.598,12.18,4.16,0.49,7.52
2000-11-04,0.401,5.84,4.11,0.0,1.74
2000-11-05,0.345,4.68,4.08,0.0,0.6
2000-11-06,0.325,4.54,4.07,0.0,0.47
2000-11-07,0.312,4.52,4.07,0.0,0.45
2000-11-08,0.304,4.5,4.07,0.0,0.43
2000-11-09,0.297,4.49,4.07,0.0,0.43
2000-11-10,0.291,4.49,4.07,0.0,0.42
2000-11-11,0.286,4.48,4.07,0.0,0.41
2000-11-12,0.28,4.47,4.07,0.0,0.41
2000-11-13,0.276,4.47,4.07,0.0,0.4
2000-11-14,0.271,4.46,4.07,0.0,0.4
2000-11-15,0.267,4.46,4.07,0.0,0.39
2000-11-16,0.263,4.46,4.07,0.0,0.39
2000-11-17,0.259,4.45,4.07,0.0,0.39
2000-11-18,0.255,4.45,4.07,0.0,0.38
2000-11-19,0.251,4.45,4.07,0.0,0.38
2000-11-20,0.248,4.45,4.07,0.0,0.38
2000-11-21,0.244,4.44,4.07,0.0,0.38
2000-11-22,0.246,4.47,4.05,0.0,0.42
2000-11-23,0.286,5.81,4.04,0.0,1.77
2000-11-24,0.276,5.7,4.09,0.0,1.62
2000-11-25,0.244,4.7,4.08,0.0,0.62
2000-11-26,0.232,4.46,4.07,0.0,0.39
2000-11-27,0.227,4.44,4.07,0.0,0.37
2000-11-28,0.224,4.44,4.07,0.0,0.37
2000-11-29,0.519,26.33,3.86,1.01,21.45
2000-11-30,1.361,77.6,3.98,26.49,47.13
2000-12-01,1.141,73.07,4.17,24.43,44.46
2000-12-02,0.535,28.67,4.2,1.32,23.14
2000-12-03,0.284,10.1,4.14,0.0,5.96
2000-12-04,0.224,5.12,4.08,0.0,1.03
2000-12-05,0.211,4.5,4.07,0.0,0.43
2000-12-06,0.206,4.44,4.07,0.0,0.37
2000-12-07,0.203,4.43,4.07,0.0,0.37
2000-12-08,0.201,4.43,4.07,0.0,0.36
2000-12-09,0.199,4.43,4.07,0.0,0.36
2000-12-10,0.196,4.42,4.07,0.0,0.36
2000-12-11,0.194,4.42,4.07,0.0,0.35
2000-12-12,0.861,82.35,3.83,28.92,49.6
2000-12-13,2.028,131.59,4.01,51.53,76.05
2000-12-14,1.786,97.43,4.09,38.25,55.1
2000-12-15,2.312,59.03,4.02,21.85,33.16
2000-12-16,2.032,41.83,4.12,14.53,23.18
2000-12-17,1.104,28.41,4.2,7.92,16.3
2000-12-18,0.47,13.05,4.21,0.13,8.71
2000-12-19,0.241,6.49,4.14,0.0,2.36
2000-12-20,0.19,4.65,4.08,0.0,0.57
2000-12-21,0.18,4.43,4.07,0.0,0.37
2000-12-22,0.176,4.41,4.07,0.0,0.35
2000-12-23,0.174,4.41,4.07,0.0,0.34
2000-12-24,0.171,4.4,4.07,0.0,0.34
2000-12-25,0.169,4.4,4.07,0.0,0.33
2000-12-26,0.166,4.39,4.07,0.0,0.33
2000-12-27,0.164,4.39,4.07,0.0,0.33
2000-12-28,0.162,4.39,4.07,0.0,0.32
2000-12-29,0.16,4.38,4.07,0.0,0.32
2000-12-30,0.158,4.38,4.07,0.0,0.32
2000-12-31,0.156,4.38,4.07,0.0,0.31
2001-01-01,0.154,4.38,4.07,0.0,0.31
2001-01-02,0.152,4.37,4.07,0.0,0.31
2001-01-03,0.15,4.37,4.07,0.0,0.31
2001-01-04,0.148,4.37,4.07,0.0,0.3
2001-01-05,0.146,4.37,4.07,0.0,0.3
2001-01-06,0.145,4.37,4.07,0.0,0.3
2001-01-07,0.143,4.36,4.07,0.0,0.3
2001-01-08,2.45,92.54,3.84,37.56,51.13
2001-01-09,7.051,124.36,5.42,50.84,68.1
2001-01-10,6.913,122.23,5.09,49.38,67.75
2001-01-11,18.601,176.56,7.82,72.08,96.66
2001-01-12,10.096,98.46,6.44,39.22,52.79
2001-01-13,3.614,64.46,4.34,25.27,34.85
2001-01-14,1.481,41.89,4.21,13.91,23.77
2001-01-15,0.658,18.78,4.19,1.96,12.63
2001-01-16,0.346,7.99,4.15,0.0,3.84
2001-01-17,0.244,5.17,4.1,0.0,1.07
2001-01-18,0.212,4.73,4.08,0.0,0.65
2001-01-19,0.197,4.66,4.08,0.0,0.58
2001-01-20,0.183,4.61,4.07,0.0,0.53
2001-01-21,0.173,4.57,4.07,0.0,0.5
2001-01-22,0.164,4.55,4.07,0.0,0.48
2001-01-23,0.164,4.67,4.02,0.0,0.65
2001-01-24,2.061,54.42,3.73,20.14,30.55
2001-01-25,6.963,120.16,4.91,48.69,66.57
2001-01-26,19.414,339.78,8.2,142.33,189.25
2001-01-27,5.738,223.6,5.34,93.28,124.97
2001-01-28,2.048,146.33,4.22,56.61,85.5
2001-01-29,0.881,74.88,4.2,18.01,52.68
2001-01-30,0.451,22.38,4.15,0.0,18.22
2001-01-31,0.314,7.66,4.1,0.0,3.56
2001-02-01,0.265,5.13,4.09,0.0,1.04
2001-02-02,0.234,4.84,4.08,0.0,0.75
2001-02-03,0.203,4.77,4.09,0.0,0.68
2001-02-04,0.177,4.7,4.08,0.0,0.62
2001-02-05,0.164,4.65,4.07,0.0,0.58
2001-02-06,0.154,4.63,4.07,0.0,0.55
2001-02-07,0.146,4.6,4.07,0.0,0.53
2001-02-08,0.14,4.59,4.07,0.0,0.52
2001-02-09,1.114,80.31,3.66,29.63,47.02
2001-02-10,9.453,95.09,5.79,37.03,52.26
2001-02-11,17.343,110.84,7.48,43.99,59.36
2001-02-12,22.979,126.76,8.46,50.52,67.78
2001-02-13,11.745,114.56,7.3,46.04,61.21
2001-02-14,3.474,61.0,4.27,23.84,32.89
2001-02-15,1.624,34.67,4.18,11.2,19.29
2001-02-16,0.953,13.73,4.13,2.22,7.37
2001-02-17,0.688,6.33,4.11,0.05,2.17
2001-02-18,0.553,5.12,4.09,0.0,1.04
2001-02-19,4.198,163.16,4.42,66.77,91.98
2001-02-20,10.532,159.27,6.16,65.06,88.06
2001-02-21,7.007,82.07,5.37,32.35,44.35
2001-02-22,5.429,63.29,4.34,24.72,34.23
2001-02-23,11.204,127.59,6.34,51.78,69.47
2001-02-24,19.091,160.55,7.83,65.21,87.51
2001-02-25,12.586,157.49,7.46,64.5,85.52
2001-02-26,4.44,63.61,4.41,24.85,34.34
2001-02-27,2.678,28.08,4.14,9.16,14.79
2001-02-28,1.865,11.1,4.12,2.15,4.83
2001-03-01,1.442,6.39,4.1,0.6,1.7
2001-03-02,3.022,37.5,3.9,14.04,19.57
2001-03-03,5.997,92.59,4.92,37.18,50.49
2001-03-04,6.525,90.96,4.89,36.13,49.94
2001-03-05,22.832,164.06,8.52,66.63,88.91
2001-03-06,10.389,109.29,6.6,44.03,58.66
2001-03-07,4.902,44.29,4.46,16.38,23.46
2001-03-08,3.484,16.87,4.11,4.58,8.19
2001-03-09,2.878,7.62,4.09,1.04,2.49
2001-03-10,2.489,5.96,4.09,0.56,1.3
2001-03-11,2.115,5.71,4.09,0.51,1.12
2001-03-12,1.846,5.66,4.09,0.49,1.09
2001-03-13,1.599,5.61,4.09,0.45,1.07
2001-03-14,1.393,5.53,4.09,0.39,1.06
2001-03-15,1.226,5.42,4.08,0.3,1.04
2001-03-16,1.099,5.35,4.08,0.25,1.02
2001-03-17,0.969,5.24,4.09,0.15,1.0
2001-03-18,0.841,5.09,4.09,0.03,0.97
2001-03-19,0.745,5.04,4.08,0.0,0.96
2001-03-20,0.665,5.02,4.08,0.0,0.94
2001-03-21,0.588,5.01,4.09,0.0,0.93
2001-03-22,0.52,4.99,4.08,0.0,0.9
2001-03-23,0.467,4.96,4.08,0.0,0.89
2001-03-24,0.428,4.95,4.08,0.0,0.88
2001-03-25,0.912,68.62,3.93,25.75,38.94
2001-03-26,1.495,79.31,4.03,30.4,44.88
2001-03-27,1.064,60.88,4.17,21.37,35.35
2001-03-28,0.561,18.19,4.16,0.56,13.47
2001-03-29,0.379,6.96,4.1,0.0,2.86
2001-03-30,0.334,5.1,4.08,0.0,1.02
2001-03-31,0.317,4.93,4.07,0.0,0.86
2001-04-01,0.306,4.92,4.07,0.0,0.85
2001-04-02,0.299,4.92,4.07,0.0,0.86
2001-04-03,0.294,4.93,4.07,0.0,0.86
2001-04-04,0.29,4.93,4.07,0.0,0.86
2001-04-05,0.286,4.93,4.07,0.0,0.86
2001-04-06,0.437,19.9,3.82,4.1,11.98
2001-04-07,9.662,110.49,6.02,43.94,60.53
2001-04-08,7.177,108.24,5.78,43.76,58.7
2001-04-09,3.225,74.87,4.17,29.4,41.3
2001-04-10,1.457,41.14,4.16,13.46,23.51
2001-04-11,0.881,26.08,4.15,5.57,16.37
2001-04-12,0.558,10.6,4.12,0.01,6.47
2001-04-13,0.451,5.8,4.09,0.0,1.71
2001-04-14,0.397,5.01,4.08,0.0,0.93
2001-04-15,0.354,4.91,4.08,0.0,0.83
2001-04-16,0.32,4.89,4.08,0.0,0.81
2001-04-17,0.293,4.87,4.08,0.0,0.8
2001-04-18,0.275,4.86,4.07,0.0,0.79
2001-04-19,0.263,4.86,4.07,0.0,0.79
2001-04-20,2.786,81.62,3.96,32.58,45.08
2001-04-21,11.628,168.84,6.56,69.49,92.8
2001-04-22,4.15,115.29,4.52,46.98,63.78
2001-04-23,1.744,71.17,4.21,25.81,41.15
2001-04-24,0.827,31.09,4.18,6.17,20.74
2001-04-25,0.477,10.09,4.13,0.0,5.96
2001-04-26,0.354,5.63,4.1,0.0,1.52
2001-04-27,0.295,4.96,4.09,0.0,0.87
2001-04-28,0.265,4.86,4.08,0.0,0.79
2001-04-29,0.249,4.85,4.07,0.0,0.77
2001-04-30,0.24,4.84,4.07,0.0,0.78
2001-05-01,0.234,4.84,4.07,0.0,0.78
2001-05-02,0.229,4.84,4.07,0.0,0.78
2001-05-03,0.225,4.84,4.07,0.0,0.77
2001-05-04,0.221,4.84,4.07,0.0,0.77
2001-05-05,0.219,4.83,4.07,0.0,0.77
2001-05-06,0.216,4.83,4.07,0.0,0.77
2001-05-07,0.213,4.83,4.07,0.0,0.76
2001-05-08,0.211,4.82,4.07,0.0,0.76
2001-05-09,0.208,4.82,4.07,0.0,0.75
2001-05-10,0.205,4.81,4.07,0.0,0.74
2001-05-11,0.203,4.8,4.07,0.0,0.74
2001-05-12,0.2,4.79,4.07,0.0,0.73
2001-05-13,0.198,4.79,4.07,0.0,0.72
2001-05-14,0.196,4.78,4.07,0.0,0.71
2001-05-15,0.193,4.77,4.07,0.0,0.7
2001-05-16,0.191,4.76,4.07,0.0,0.69
2001-05-17,0.189,4.75,4.07,0.0,0.68
2001-05-18,0.186,4.74,4.07,0.0,0.67
2001-05-19,0.184,4.73,4.07,0.0,0.66
2001-05-20,0.182,4.72,4.07,0.0,0.65
2001-05-21,0.179,4.71,4.07,0.0,0.64
2001-05-22,0.177,4.7,4.07,0.0,0.64
2001-05-23,0.175,4.69,4.07,0.0,0.63
2001-05-24,0.173,4.68,4.07,0.0,0.62
2001-05-25,0.171,4.68,4.07,0.0,0.61
2001-05-26,0.169,4.67,4.07,0.0,0.6
2001-05-27,0.167,4.66,4.07,0.0,0.6
2001-05-28,0.165,4.65,4.07,0.0,0.59
2001-05-29,0.163,4.65,4.07,0.0,0.58
2001-05-30,0.161,4.64,4.07,0.0,0.57
2001-05-31,0.159,4.63,4.07,0.0,0.57
2001-06-01,0.157,4.62,4.07,0.0,0.56
2001-06-02,0.155,4.62,4.07,0.0,0.55
2001-06-03,0.153,4.61,4.07,0.0,0.55
2001-06-04,0.151,4.6,4.07,0.0,0.54
2001-06-05,0.15,4.6,4.07,0.0,0.53
2001-06-06,0.148,4.59,4.07,0.0,0.53
2001-06-07,0.146,4.59,4.07,0.0,0.52
2001-06-08,0.144,4.58,4.07,0.0,0.51
2001-06-09,0.142,4.57,4.07,0.0,0.51
2001-06-10,0.141,4.57,4.07,0.0,0.5
2001-06-11,0.139,4.56,4.07,0.0,0.5
2001-06-12,0.137,4.56,4.07,0.0,0.49
2001-06-13,0.136,4.55,4.07,0.0,0.49
2001-06-14,0.134,4.55,4.07,0.0,0.48
2001-06-15,0.133,4.54,4.07,0.0,0.48
2001-06-16,0.131,4.54,4.07,0.0,0.47
2001-06-17,0.129,4.53,4.07,0.0,0.47
2001-06-18,0.128,4.53,4.07,0.0,0.46
2001-06-19,0.126,4.52,4.07,0.0,0.45
2001-06-20,0.125,4.51,4.07,0.0,0.45
2001-06-21,0.123,4.51,4.07,0.0,0.44
2001-06-22,0.122,4.5,4.07,0.0,0.44
2001-06-23,0.12,4.5,4.07,0.0,0.43
2001-06-24,0.119,4.49,4.07,0.0,0.42
2001-06-25,0.118,4.48,4.07,0.0,0.42
2001-06-26,0.116,4.48,4.07,0.0,0.41
2001-06-27,0.115,4.47,4.07,0.0,0.41
2001-06-28,0.113,4.46,4.07,0.0,0.4
2001-06-29,0.112,4.46,4.07,0.0,0.39
2001-06-30,0.111,4.45,4.07,0.0,0.39
2001-07-01,0.11,4.45,4.07,0.0,0.38
2001-07-02,0.108,4.44,4.07,0.0,0.38
2001-07-03,0.107,4.44,4.07,0.0,0.37
2001-07-04,0.106,4.43,4.07,0.0,0.37
2001-07-05,0.104,4.43,4.07,0.0,0.36
2001-07-06,0.103,4.42,4.07,0.0,0.36
2001-07-07,0.102,4.42,4.07,0.0,0.35
2001-07-08,0.101,4.41,4.07,0.0,0.35
2001-07-09,0.1,4.41,4.07,0.0,0.34
2001-07-10,0.098,4.4,4.07,0.0,0.34
2001-07-11,0.097,4.4,4.07,0.0,0.33
2001-07-12,0.096,4.39,4.07,0.0,0.33
2001-07-13,0.095,4.39,4.07,0.0,0.32
2001-07-14,0.094,4.38,4.07,0.0,0.32
2001-07-15,0.093,4.38,4.07,0.0,0.31
2001-07-16,0.092,4.38,4.07,0.0,0.31
2001-07-17,0.091,4.37,4.07,0.0,0.31
2001-07-18,0.09,4.37,4.07,0.0,0.3
2001-07-19,0.089,4.36,4.07,0.0,0.3
2001-07-20,0.088,4.36,4.07,0.0,0.3
2001-07-21,0.086,4.36,4.07,0.0,0.29
2001-07-22,0.085,4.35,4.07,0.0,0.29
2001-07-23,0.084,4.35,4.07,0.0,0.28
2001-07-24,0.084,4.35,4.07,0.0,0.28
2001-07-25,0.083,4.34,4.07,0.0,0.28
2001-07-26,0.082,4.34,4.07,0.0,0.27
2001-07-27,0.081,4.34,4.07,0.0,0.27
2001-07-28,0.08,4.33,4.07,0.0,0.27
2001-07-29,0.079,4.33,4.07,0.0,0.27
2001-07-30,0.078,4.33,4.07,0.0,0.26
2001-07-31,0.077,4.32,4.07,0.0,0.26
2001-08-01,0.076,4.32,4.07,0.0,0.26
2001-08-02,0.075,4.32,4.07,0.0,0.25
2001-08-03,0.074,4.32,4.07,0.0,0.25
2001-08-04,0.073,4.31,4.07,0.0,0.25
2001-08-05,0.073,4.31,4.07,0.0,0.24
2001-08-06,0.072,4.31,4.07,0.0,0.24
2001-08-07,0.071,4.3,4.07,0.0,0.24
2001-08-08,0.07,4.3,4.07,0.0,0.24
2001-08-09,0.069,4.3,4.07,0.0,0.23
2001-08-10,0.069,4.3,4.07,0.0,0.23
2001-08-11,0.068,4.29,4.07,0.0,0.23
2001-08-12,0.067,4.29,4.07,0.0,0.23
2001-08-13,0.066,4.29,4.07,0.0,0.22
2001-08-14,0.065,4.29,4.07,0.0,0.22
2001-08-15,0.065,4.29,4.07,0.0,0.22
2001-08-16,0.064,4.28,4.07,0.0,0.22
2001-08-17,0.063,4.28,4.07,0.0,0.22
2001-08-18,0.062,4.28,4.07,0.0,0.21
2001-08-19,0.062,4.28,4.07,0.0,0.21
2001-08-20,0.061,4.27,4.07,0.0,0.21
2001-08-21,0.06,4.27,4.07,0.0,0.21
2001-08-22,0.06,4.27,4.07,0.0,0.2
2001-08-23,0.059,4.27,4.07,0.0,0.2
2001-08-24,0.058,4.27,4.07,0.0,0.2
2001-08-25,0.058,4.26,4.07,0.0,0.2
2001-08-26,0.057,4.26,4.07,0.0,0.2
2001-08-27,0.056,4.26,4.07,0.0,0.19
2001-08-28,0.056,4.26,4.07,0.0,0.19
2001-08-29,0.055,4.26,4.07,0.0,0.19
2001-08-30,0.054,4.25,4.07,0.0,0.19
2001-08-31,0.054,4.25,4.07,0.0,0.19
2001-09-01,0.053,4.25,4.07,0.0,0.19
2001-09-02,0.053,4.25,4.07,0.0,0.18
2001-09-03,0.052,4.25,4.07,0.0,0.18
2001-09-04,0.051,4.25,4.07,0.0,0.18
2001-09-05,0.051,4.24,4.07,0.0,0.18
2001-09-06,0.05,4.24,4.07,0.0,0.18
2001-09-07,0.05,4.24,4.07,0.0,0.18
2001-09-08,0.049,4.24,4.07,0.0,0.17
2001-09-09,0.049,4.24,4.07,0.0,0.17
2001-09-10,0.048,4.24,4.07,0.0,0.17
2001-09-11,0.048,4.23,4.07,0.0,0.17
2001-09-12,0.047,4.23,4.07,0.0,0.17
2001-09-13,0.047,4.23,4.07,0.0,0.17
2001-09-14,0.046,4.23,4.07,0.0,0.16
2001-09-15,0.046,4.23,4.07,0.0,0.16
2001-09-16,0.045,4.23,4.07,0.0,0.16
2001-09-17,0.045,4.22,4.07,0.0,0.16
2001-09-18,0.044,4.22,4.07,0.0,0.16
2001-09-19,0.044,4.22,4.07,0.0,0.16
2001-09-20,0.043,4.22,4.07,0.0,0.15
2001-09-21,0.043,4.22,4.07,0.0,0.15
2001-09-22,0.042,4.22,4.07,0.0,0.15
2001-09-23,0.042,4.22,4.07,0.0,0.15
2001-09-24,0.041,4.21,4.07,0.0,0.15
2001-09-25,0.041,4.21,4.07,0.0,0.15
2001-09-26,0.04,4.21,4.07,0.0,0.15
2001-09-27,0.04,4.21,4.07,0.0,0.15
2001-09-28,0.04,4.21,4.07,0.0,0.14
2001-09-29,0.039,4.21,4.07,0.0,0.14
2001-09-30,0.039,4.21,4.07,0.0,0.14
2001-10-01,0.038,4.21,4.07,0.0,0.14
2001-10-02,0.038,4.2,4.07,0.0,0.14
2001-10-03,0.038,4.2,4.07,0.0,0.14
2001-10-04,0.037,4.2,4.07,0.0,0.14
2001-10-05,0.037,4.2,4.07,0.0,0.13
2001-10-06,0.036,4.2,4.07,0.0,0.13
2001-10-07,0.036,4.2,4.07,0.0,0.13
2001-10-08,0.036,4.2,4.07,0.0,0.13
2001-10-09,0.035,4.2,4.07,0.0,0.13
2001-10-10,0.035,4.19,4.07,0.0,0.13
2001-10-11,0.034,4.19,4.07,0.0,0.13
2001-10-12,0.034,4.19,4.07,0.0,0.13
2001-10-13,0.034,4.19,4.07,0.0,0.13
2001-10-14,0.033,4.19,4.07,0.0,0.12
2001-10-15,0.033,4.19,4.07,0.0,0.12
2001-10-16,0.033,4.19,4.07,0.0,0.12
2001-10-17,0.032,4.19,4.07,0.0,0.12
2001-10-18,0.032,4.19,4.07,0.0,0.12
2001-10-19,0.032,4.18,4.07,0.0,0.12
2001-10-20,0.031,4.18,4.07,0.0,0.12
2001-10-21,0.031,4.18,4.07,0.0,0.12
2001-10-22,0.031,4.18,4.07,0.0,0.12
2001-10-23,0.03,4.18,4.07,0.0,0.11
2001-10-24,0.03,4.18,4.07,0.0,0.11
2001-10-25,0.03,4.18,4.07,0.0,0.11
2001-10-26,0.029,4.18,4.07,0.0,0.11
2001-10-27,0.029,4.18,4.07,0.0,0.11
2001-10-28,0.029,4.18,4.07,0.0,0.11
2001-10-29,0.029,4.17,4.07,0.0,0.11
2001-10-30,0.55,40.5,3.69,5.33,31.48
2001-10-31,2.153,117.67,4.0,46.31,67.37
2001-11-01,1.404,100.49,4.21,38.42,57.86
2001-11-02,0.485,47.9,4.28,4.03,39.59
2001-11-03,0.123,22.8,4.3,0.0,18.5
2001-11-04,0.043,6.57,4.18,0.0,2.38
2001-11-05,0.03,4.29,4.09,0.0,0.2
2001-11-06,0.027,4.18,4.07,0.0,0.11
2001-11-07,0.027,4.17,4.07,0.0,0.11
2001-11-08,0.026,4.17,4.07,0.0,0.1
2001-11-09,0.026,4.16,4.07,0.0,0.1
2001-11-10,0.026,4.16,4.07,0.0,0.1
2001-11-11,0.029,4.37,3.96,0.0,0.41
2001-11-12,12.029,399.68,7.23,167.32,225.13
2001-11-13,15.099,553.36,8.27,234.65,310.43
2001-11-14,3.531,297.64,4.4,123.23,170.01
2001-11-15,1.286,212.69,4.24,72.26,136.19
2001-11-16,0.433,101.78,4.27,2.4,95.11
2001-11-17,0.141,39.4,4.23,0.0,35.18
2001-11-18,0.074,7.96,4.13,0.0,3.83
2001-11-19,0.058,4.72,4.09,0.0,0.64
2001-11-20,0.053,4.57,4.08,0.0,0.49
2001-11-21,0.049,4.54,4.07,0.0,0.46
2001-11-22,0.046,4.52,4.08,0.0,0.45
2001-11-23,0.044,4.5,4.07,0.0,0.43
2001-11-24,12.507,320.66,7.5,133.81,179.36
2001-11-25,17.503,361.79,8.61,152.06,201.13
2001-11-26,4.212,178.09,4.66,73.51,99.92
2001-11-27,1.552,125.45,4.23,44.92,76.29
2001-11-28,0.601,60.79,4.08,6.08,50.63
2001-11-29,4.402,82.79,4.42,31.6,46.77
2001-11-30,7.176,106.11,5.57,42.44,58.1
2001-12-01,3.667,62.72,4.02,24.13,34.57
2001-12-02,30.827,224.82,9.84,91.44,123.54
2001-12-03,23.085,226.12,9.53,93.02,123.57
2001-12-04,6.338,100.97,5.5,40.76,54.71
2001-12-05,2.776,64.27,4.13,24.21,35.93
2001-12-06,2.056,40.22,4.13,13.41,22.68
2001-12-07,1.691,25.91,4.1,8.12,13.69
2001-12-08,1.082,18.42,4.16,4.75,9.51
2001-12-09,0.612,8.4,4.16,0.23,4.02
2001-12-10,0.411,5.64,4.11,0.0,1.53
2001-12-11,0.341,5.16,4.09,0.0,1.07
2001-12-12,0.312,5.08,4.07,0.0,1.01
2001-12-13,0.309,5.07,4.06,0.0,1.01
2001-12-14,12.206,283.24,6.81,117.81,158.62
2001-12-15,8.552,287.91,6.36,120.77,160.77
2001-12-16,2.721,180.02,4.21,72.37,103.44
2001-12-17,1.811,95.02,4.0,32.47,58.55
2001-12-18,3.149,148.12,4.04,59.19,84.88
2001-12-19,2.061,129.45,4.18,51.18,74.09
2001-12-20,5.003,94.71,4.57,37.02,53.12
2001-12-21,16.619,165.56,7.61,67.71,90.24
2001-12-22,7.687,113.95,5.59,46.1,62.26
2001-12-23,5.83,88.7,4.82,34.91,48.98
2001-12-24,3.542,51.87,4.15,19.45,28.27
2001-12-25,2.141,23.12,4.15,7.25,11.73
2001-12-26,1.42,10.06,4.12,1.91,4.03
2001-12-27,1.156,6.15,4.08,0.51,1.56
2001-12-28,6.506,72.98,5.26,28.76,38.96
2001-12-29,43.331,190.07,11.18,76.69,102.19
2001-12-30,20.661,133.79,8.69,53.82,71.28
2001-12-31,21.922,104.64,8.49,41.31,54.84
2002-01-01,10.815,87.97,6.59,35.02,46.36
2002-01-02,14.209,54.99,6.75,20.42,27.82
2002-01-03,19.694,86.31,8.33,33.53,44.45
2002-01-04,9.821,41.68,6.21,15.14,20.33
2002-01-05,7.018,14.77,5.22,3.85,5.69
2002-01-06,6.052,7.8,4.8,1.14,1.86
2002-01-07,5.514,6.52,4.57,0.75,1.21
2002-01-08,4.854,6.04,4.23,0.69,1.12
2002-01-09,4.504,5.86,4.08,0.67,1.11
2002-01-10,4.034,5.85,4.09,0.66,1.1
2002-01-11,3.501,5.83,4.09,0.64,1.09
2002-01-12,3.01,5.78,4.09,0.61,1.08
2002-01-13,2.655,5.75,4.08,0.59,1.07
2002-01-14,2.389,5.72,4.08,0.58,1.06
2002-01-15,2.131,5.7,4.09,0.55,1.06
2002-01-16,1.846,5.63,4.09,0.5,1.04
2002-01-17,1.63,5.52,4.08,0.41,1.02
2002-01-18,1.506,5.46,4.08,0.36,1.02
2002-01-19,1.363,5.4,4.08,0.31,1.01
2002-01-20,1.208,5.3,4.08,0.22,0.99
2002-01-21,1.073,5.2,4.08,0.16,0.97
2002-01-22,0.979,5.16,4.08,0.12,0.96
2002-01-23,0.86,5.07,4.09,0.05,0.94
2002-01-24,0.783,4.99,4.07,0.0,0.91
2002-01-25,0.742,4.98,4.07,0.0,0.91
2002-01-26,0.909,19.51,4.0,6.16,9.36
2002-01-27,1.39,34.2,3.99,11.75,18.46
2002-01-28,1.478,40.59,4.11,14.7,21.78
2002-01-29,1.034,19.26,4.12,5.07,10.07
2002-01-30,0.764,7.2,4.1,0.33,2.77
2002-01-31,0.672,5.16,4.08,0.0,1.08
2002-02-01,0.64,4.95,4.07,0.0,0.88
2002-02-02,0.607,4.92,4.07,0.0,0.85
2002-02-03,0.567,4.9,4.08,0.0,0.83
2002-02-04,0.522,4.88,4.08,0.0,0.8
2002-02-05,0.476,4.85,4.08,0.0,0.78
2002-02-06,0.436,4.83,4.08,0.0,0.75
2002-02-07,0.396,4.82,4.08,0.0,0.74
2002-02-08,0.637,24.02,3.81,5.7,14.51
2002-02-09,2.116,115.32,4.0,45.73,65.59
2002-02-10,1.577,101.05,4.17,38.12,58.76
2002-02-11,0.818,40.33,4.17,9.01,27.15
2002-02-12,0.506,10.78,4.12,0.0,6.66
2002-02-13,0.401,5.52,4.09,0.0,1.42
2002-02-14,0.355,4.85,4.08,0.0,0.77
2002-02-15,0.335,4.79,4.07,0.0,0.72
2002-02-16,0.323,4.78,4.07,0.0,0.71
2002-02-17,4.509,100.02,4.51,39.87,55.64
2002-02-18,6.951,130.12,5.48,53.1,71.54
2002-02-19,3.802,67.89,4.08,26.56,37.25
2002-02-20,4.028,49.23,4.06,18.07,27.1
2002-02-21,2.932,40.71,4.16,14.88,21.68
2002-02-22,1.695,19.91,4.15,5.97,9.79
2002-02-23,1.11,8.72,4.12,1.37,3.23
2002-02-24,0.875,5.53,4.09,0.16,1.28
2002-02-25,0.767,5.02,4.08,0.01,0.94
2002-02-26,0.679,4.97,4.09,0.0,0.88
2002-02-27,0.588,4.94,4.09,0.0,0.85
2002-02-28,0.509,4.89,4.08,0.0,0.8
2002-03-01,0.438,4.86,4.09,0.0,0.77
2002-03-02,0.373,4.79,4.08,0.0,0.71
2002-03-03,0.344,4.76,4.07,0.0,0.69
2002-03-04,0.329,4.76,4.07,0.0,0.69
2002-03-05,0.313,4.75,4.07,0.0,0.68
2002-03-06,0.308,4.99,3.98,0.01,1.0
2002-03-07,3.522,68.34,4.11,25.94,38.29
2002-03-08,6.266,94.03,5.13,37.48,51.42
2002-03-09,2.711,60.02,4.2,22.85,32.96
2002-03-10,1.817,36.5,4.03,12.15,20.32
2002-03-11,2.633,66.59,4.05,25.7,36.85
2002-03-12,1.824,55.75,4.17,20.51,31.07
2002-03-13,0.975,24.16,4.16,6.12,13.87
2002-03-14,0.593,8.11,4.13,0.05,3.94
2002-03-15,0.48,5.23,4.08,0.0,1.15
2002-03-16,0.442,4.89,4.08,0.0,0.81
2002-03-17,3.502,164.57,4.14,66.99,93.45
2002-03-18,8.052,251.25,5.76,104.88,140.61
2002-03-19,3.137,146.98,4.2,59.8,82.98
2002-03-20,1.463,73.11,4.18,25.08,43.85
2002-03-21,0.836,23.94,4.14,4.26,15.54
2002-03-22,0.593,7.61,4.1,0.0,3.51
2002-03-23,7.5,128.19,5.48,51.98,70.73
2002-03-24,8.218,148.96,6.05,61.15,81.77
2002-03-25,3.126,76.94,4.18,30.08,42.67
2002-03-26,1.643,36.66,4.16,11.52,20.98
2002-03-27,1.074,12.87,4.11,2.16,6.59
2002-03-28,0.844,6.17,4.1,0.2,1.86
2002-03-29,0.701,5.08,4.09,0.0,0.99
2002-03-30,0.597,4.94,4.09,0.0,0.85
2002-03-31,0.518,4.89,4.09,0.0,0.8
2002-04-01,0.455,4.85,4.08,0.0,0.76
2002-04-02,0.403,4.8,4.08,0.0,0.72
2002-04-03,0.363,4.75,4.08,0.0,0.67
2002-04-04,0.33,4.71,4.08,0.0,0.63
2002-04-05,0.302,4.66,4.08,0.0,0.59
2002-04-06,0.276,4.62,4.08,0.0,0.55
2002-04-07,0.256,4.59,4.07,0.0,0.51
2002-04-08,0.242,4.56,4.07,0.0,0.49
2002-04-09,0.229,4.55,4.07,0.0,0.47
2002-04-10,0.219,4.53,4.07,0.0,0.46
2002-04-11,0.213,4.53,4.07,0.0,0.46
2002-04-12,0.209,4.53,4.07,0.0,0.46
2002-04-13,0.205,4.52,4.07,0.0,0.45
2002-04-14,0.203,4.51,4.07,0.0,0.45
2002-04-15,0.2,4.51,4.07,0.0,0.44
2002-04-16,0.197,4.5,4.07,0.0,0.44
2002-04-17,0.195,4.5,4.07,0.0,0.43
2002-04-18,0.193,4.49,4.07,0.0,0.42
2002-04-19,0.19,4.48,4.07,0.0,0.42
2002-04-20,0.188,4.48,4.07,0.0,0.41
2002-04-21,0.186,4.47,4.07,0.0,0.41
2002-04-22,0.183,4.47,4.07,0.0,0.4
2002-04-23,0.181,4.46,4.07,0.0,0.4
2002-04-24,0.179,4.46,4.07,0.0,0.39
2002-04-25,0.177,4.45,4.07,0.0,0.39
2002-04-26,0.175,4.45,4.07,0.0,0.38
2002-04-27,0.172,4.44,4.07,0.0,0.38
2002-04-28,0.17,4.44,4.07,0.0,0.37
2002-04-29,0.168,4.44,4.07,0.0,0.37
2002-04-30,0.166,4.43,4.07,0.0,0.37
2002-05-01,0.164,4.43,4.07,0.0,0.36
2002-05-02,0.162,4.42,4.07,0.0,0.36
2002-05-03,0.16,4.42,4.07,0.0,0.35
2002-05-04,0.158,4.42,4.07,0.0,0.35
2002-05-05,0.156,4.41,4.07,0.0,0.35
2002-05-06,0.155,4.41,4.07,0.0,0.34
2002-05-07,0.153,4.4,4.07,0.0,0.34
2002-05-08,0.151,4.4,4.07,0.0,0.33
2002-05-09,0.149,4.4,4.07,0.0,0.33
2002-05-10,0.147,4.39,4.07,0.0,0.33
2002-05-11,0.145,4.39,4.07,0.0,0.32
2002-05-12,0.144,4.39,4.07,0.0,0.32
2002-05-13,0.142,4.38,4.07,0.0,0.32
2002-05-14,0.14,4.38,4.07,0.0,0.31
2002-05-15,0.139,4.38,4.07,0.0,0.31
2002-05-16,0.137,4.37,4.07,0.0,0.31
2002-05-17,0.135,4.37,4.07,0.0,0.3
2002-05-18,0.134,4.37,4.07,0.0,0.3
2002-05-19,0.153,5.43,3.93,0.0,1.5
2002-05-20,1.969,74.23,3.72,27.63,42.88
2002-05-21,6.049,88.78,4.72,35.2,48.86
2002-05-22,3.761,75.67,4.34,29.59,41.74
2002-05-23,1.475,51.65,4.23,18.11,29.31
2002-05-24,0.544,24.63,4.24,2.06,18.33
2002-05-25,0.216,10.51,4.19,0.0,6.32
2002-05-26,0.142,5.07,4.1,0.0,0.97
2002-05-27,0.128,4.4,4.07,0.0,0.33
2002-05-28,0.123,4.36,4.07,0.0,0.29
2002-05-29,0.121,4.35,4.07,0.0,0.28
2002-05-30,0.119,4.34,4.07,0.0,0.27
2002-05-31,0.117,4.33,4.07,0.0,0.27
2002-06-01,0.116,4.33,4.07,0.0,0.26
2002-06-02,0.114,4.32,4.07,0.0,0.26
2002-06-03,0.113,4.32,4.07,0.0,0.25
2002-06-04,0.111,4.31,4.07,0.0,0.25
2002-06-05,0.11,4.31,4.07,0.0,0.25
2002-06-06,0.109,4.31,4.07,0.0,0.24
2002-06-07,0.107,4.3,4.07,0.0,0.24
2002-06-08,0.106,4.3,4.07,0.0,0.24
2002-06-09,0.105,4.3,4.07,0.0,0.23
2002-06-10,0.103,4.29,4.07,0.0,0.23
2002-06-11,0.102,4.29,4.07,0.0,0.23
2002-06-12,0.101,4.29,4.07,0.0,0.22
2002-06-13,0.1,4.29,4.07,0.0,0.22
2002-06-14,0.099,4.28,4.07,0.0,0.22
2002-06-15,0.098,4.28,4.07,0.0,0.21
2002-06-16,0.096,4.28,4.07,0.0,0.21
2002-06-17,0.095,4.27,4.07,0.0,0.21
2002-06-18,0.094,4.27,4.07,0.0,0.21
2002-06-19,0.093,4.27,4.07,0.0,0.2
2002-06-20,0.092,4.27,4.07,0.0,0.2
2002-06-21,0.091,4.26,4.07,0.0,0.2
2002-06-22,0.09,4.26,4.07,0.0,0.2
2002-06-23,0.089,4.26,4.07,0.0,0.19
2002-06-24,0.088,4.26,4.07,0.0,0.19
2002-06-25,0.087,4.25,4.07,0.0,0.19
2002-06-26,0.086,4.25,4.07,0.0,0.19
2002-06-27,0.085,4.25,4.07,0.0,0.18
2002-06-28,0.084,4.25,4.07,0.0,0.18
2002-06-29,0.083,4.25,4.07,0.0,0.18
2002-06-30,0.082,4.24,4.07,0.0,0.18
2002-07-01,0.081,4.24,4.07,0.0,0.18
2002-07-02,0.08,4.24,4.07,0.0,0.17
2002-07-03,0.079,4.24,4.07,0.0,0.17
2002-07-04,0.078,4.24,4.07,0.0,0.17
2002-07-05,0.077,4.23,4.07,0.0,0.17
2002-07-06,0.076,4.23,4.07,0.0,0.17
2002-07-07,0.075,4.23,4.07,0.0,0.16
2002-07-08,0.074,4.23,4.07,0.0,0.16
2002-07-09,0.073,4.23,4.07,0.0,0.16
2002-07-10,0.073,4.22,4.07,0.0,0.16
2002-07-11,0.072,4.22,4.07,0.0,0.16
2002-07-12,0.071,4.22,4.07,0.0,0.16
2002-07-13,0.07,4.22,4.07,0.0,0.15
2002-07-14,0.069,4.22,4.07,0.0,0.15
2002-07-15,0.069,4.22,4.07,0.0,0.15
2002-07-16,0.068,4.21,4.07,0.0,0.15
2002-07-17,0.067,4.21,4.07,0.0,0.15
2002-07-18,0.066,4.21,4.07,0.0,0.15
2002-07-19,0.065,4.21,4.07,0.0,0.14
2002-07-20,0.065,4.21,4.07,0.0,0.14
2002-07-21,0.064,4.21,4.07,0.0,0.14
2002-07-22,0.063,4.21,4.07,0.0,0.14
2002-07-23,0.062,4.2,4.07,0.0,0.14
2002-07-24,0.062,4.2,4.07,0.0,0.14
2002-07-25,0.061,4.2,4.07,0.0,0.14
2002-07-26,0.06,4.2,4.07,0.0,0.13
2002-07-27,0.06,4.2,4.07,0.0,0.13
2002-07-28,0.059,4.2,4.07,0.0,0.13
2002-07-29,0.058,4.2,4.07,0.0,0.13
2002-07-30,0.058,4.19,4.07,0.0,0.13
2002-07-31,0.057,4.19,4.07,0.0,0.13
2002-08-01,0.056,4.19,4.07,0.0,0.13
2002-08-02,0.056,4.19,4.07,0.0,0.12
2002-08-03,0.055,4.19,4.07,0.0,0.12
2002-08-04,0.054,4.19,4.07,0.0,0.12
2002-08-05,0.054,4.19,4.07,0.0,0.12
2002-08-06,0.053,4.19,4.07,0.0,0.12
2002-08-07,0.053,4.18,4.07,0.0,0.12
2002-08-08,0.052,4.18,4.07,0.0,0.12
2002-08-09,0.051,4.18,4.07,0.0,0.12
2002-08-10,0.051,4.18,4.07,0.0,0.12
2002-08-11,0.05,4.18,4.07,0.0,0.11
2002-08-12,0.05,4.18,4.07,0.0,0.11
2002-08-13,0.049,4.18,4.07,0.0,0.11
2002-08-14,0.049,4.18,4.07,0.0,0.11
2002-08-15,0.048,4.17,4.07,0.0,0.11
2002-08-16,0.047,4.17,4.07,0.0,0.11
2002-08-17,0.047,4.17,4.07,0.0,0.11
2002-08-18,0.046,4.17,4.07,0.0,0.11
2002-08-19,0.046,4.17,4.07,0.0,0.11
2002-08-20,0.045,4.17,4.07,0.0,0.1
2002-08-21,0.045,4.17,4.07,0.0,0.1
2002-08-22,0.044,4.17,4.07,0.0,0.1
2002-08-23,0.044,4.17,4.07,0.0,0.1
2002-08-24,0.044,4.17,4.07,0.0,0.1
2002-08-25,0.043,4.16,4.07,0.0,0.1
2002-08-26,0.043,4.16,4.07,0.0,0.1
2002-08-27,0.042,4.16,4.07,0.0,0.1
2002-08-28,0.042,4.16,4.07,0.0,0.1
2002-08-29,0.041,4.16,4.07,0.0,0.1
2002-08-30,0.041,4.16,4.07,0.0,0.09
2002-08-31,0.04,4.16,4.07,0.0,0.09
2002-09-01,0.04,4.16,4.07,0.0,0.09
2002-09-02,0.039,4.16,4.07,0.0,0.09
2002-09-03,0.039,4.16,4.07,0.0,0.09
2002-09-04,0.039,4.16,4.07,0.0,0.09
2002-09-05,0.038,4.15,4.07,0.0,0.09
2002-09-06,0.038,4.15,4.07,0.0,0.09
2002-09-07,0.037,4.15,4.07,0.0,0.09
2002-09-08,0.037,4.15,4.07,0.0,0.09
2002-09-09,0.037,4.15,4.07,0.0,0.09
2002-09-10,0.036,4.15,4.07,0.0,0.09
2002-09-11,0.036,4.15,4.07,0.0,0.08
2002-09-12,0.035,4.15,4.07,0.0,0.08
2002-09-13,0.035,4.15,4.07,0.0,0.08
2002-09-14,0.035,4.15,4.07,0.0,0.08
2002-09-15,0.034,4.15,4.07,0.0,0.08
2002-09-16,0.034,4.15,4.07,0.0,0.08
2002-09-17,0.034,4.14,4.07,0.0,0.08
2002-09-18,0.033,4.14,4.07,0.0,0.08
2002-09-19,0.033,4.14,4.07,0.0,0.08
2002-09-20,0.033,4.14,4.07,0.0,0.08
2002-09-21,0.032,4.14,4.07,0.0,0.08
2002-09-22,0.032,4.14,4.07,0.0,0.08
2002-09-23,0.032,4.14,4.07,0.0,0.08
2002-09-24,0.031,4.14,4.07,0.0,0.07
2002-09-25,0.031,4.14,4.07,0.0,0.07
2002-09-26,0.031,4.14,4.07,0.0,0.07
2002-09-27,0.03,4.14,4.07,0.0,0.07
2002-09-28,0.03,4.14,4.07,0.0,0.07
2002-09-29,0.03,4.14,4.07,0.0,0.07
2002-09-30,0.029,4.14,4.07,0.0,0.07
2002-10-01,0.029,4.13,4.07,0.0,0.07
2002-10-02,0.029,4.13,4.07,0.0,0.07
2002-10-03,0.028,4.13,4.07,0.0,0.07
2002-10-04,0.028,4.13,4.07,0.0,0.07
2002-10-05,0.028,4.13,4.07,0.0,0.07
2002-10-06,0.028,4.13,4.07,0.0,0.07
2002-10-07,0.027,4.13,4.07,0.0,0.07
2002-10-08,0.027,4.13,4.07,0.0,0.06
2002-10-09,0.027,4.13,4.07,0.0,0.06
2002-10-10,0.026,4.13,4.07,0.0,0.06
2002-10-11,0.026,4.13,4.07,0.0,0.06
2002-10-12,0.026,4.13,4.07,0.0,0.06
2002-10-13,0.026,4.13,4.07,0.0,0.06
2002-10-14,0.025,4.13,4.07,0.0,0.06
2002-10-15,0.025,4.13,4.07,0.0,0.06
2002-10-16,0.025,4.13,4.07,0.0,0.06
2002-10-17,0.025,4.12,4.07,0.0,0.06
2002-10-18,0.024,4.12,4.07,0.0,0.06
2002-10-19,0.024,4.12,4.07,0.0,0.06
2002-10-20,0.024,4.12,4.07,0.0,0.06
2002-10-21,0.024,4.12,4.07,0.0,0.06
2002-10-22,0.023,4.12,4.07,0.0,0.06
2002-10-23,0.023,4.12,4.07,0.0,0.06
2002-10-24,0.023,4.12,4.07,0.0,0.06
2002-10-25,0.023,4.12,4.07,0.0,0.05
2002-10-26,0.022,4.12,4.07,0.0,0.05
2002-10-27,0.022,4.12,4.07,0.0,0.05
2002-10-28,0.022,4.12,4.07,0.0,0.05
2002-10-29,0.022,4.12,4.07,0.0,0.05
2002-10-30,0.022,4.12,4.07,0.0,0.05
2002-10-31,0.021,4.12,4.07,0.0,0.05
2002-11-01,0.021,4.12,4.07,0.0,0.05
2002-11-02,0.021,4.12,4.07,0.0,0.05
2002-11-03,0.021,4.12,4.07,0.0,0.05
2002-11-04,0.02,4.11,4.07,0.0,0.05
2002-11-05,0.02,4.11,4.07,0.0,0.05
2002-11-06,0.02,4.11,4.07,0.0,0.05
2002-11-07,1.66,149.22,3.47,61.93,83.83
2002-11-08,102.046,922.29,16.89,381.39,524.02
2002-11-09,32.264,566.28,12.28,232.59,321.41
2002-11-10,6.78,236.51,5.54,97.05,133.93
2002-11-11,3.535,135.76,4.14,51.62,80.0
2002-11-12,2.004,81.65,4.18,27.79,49.69
2002-11-13,1.109,33.58,4.14,8.21,21.23
2002-11-14,0.772,10.85,4.11,0.7,6.04
2002-11-15,0.602,6.43,4.1,0.0,2.32
2002-11-16,0.48,5.98,4.1,0.0,1.88
2002-11-17,0.378,6.04,4.1,0.0,1.94
2002-11-18,0.309,6.1,4.09,0.0,2.01
2002-11-19,0.259,6.18,4.09,0.0,2.08
2002-11-20,0.21,6.33,4.1,0.0,2.22
2002-11-21,0.166,6.36,4.1,0.0,2.26
2002-11-22,0.14,6.33,4.08,0.0,2.25
2002-11-23,0.134,6.29,4.07,0.0,2.23
2002-11-24,0.13,6.3,4.07,0.0,2.22
2002-11-25,0.12,6.28,4.08,0.0,2.2
2002-11-26,0.11,6.25,4.08,0.0,2.18
2002-11-27,0.104,6.22,4.07,0.0,2.15
2002-11-28,0.1,6.2,4.07,0.0,2.13
2002-11-29,0.098,6.17,4.07,0.0,2.11
2002-11-30,0.097,6.15,4.07,0.0,2.08
2002-12-01,0.095,6.12,4.07,0.0,2.06
2002-12-02,0.094,6.1,4.07,0.0,2.04
2002-12-03,0.093,6.08,4.07,0.0,2.01
2002-12-04,0.091,6.06,4.07,0.0,1.99
2002-12-05,0.09,6.03,4.07,0.0,1.97
2002-12-06,0.089,6.01,4.07,0.0,1.95
2002-12-07,0.088,5.99,4.07,0.0,1.93
2002-12-08,0.086,5.97,4.07,0.0,1.91
2002-12-09,0.085,5.95,4.07,0.0,1.89
2002-12-10,0.098,7.43,3.94,0.0,3.5
2002-12-11,0.343,39.63,3.92,0.0,35.71
2002-12-12,0.371,40.14,4.15,0.0,35.99
2002-12-13,3.789,98.32,4.59,38.52,55.2
2002-12-14,34.293,197.66,9.72,80.29,107.64
2002-12-15,30.646,331.6,10.79,137.59,183.22
2002-12-16,58.319,429.17,12.91,175.42,240.84
2002-12-17,34.925,236.27,10.89,96.39,128.99
2002-12-18,13.624,106.97,7.52,42.73,56.72
2002-12-19,17.957,166.52,7.75,67.13,91.64
2002-12-20,42.922,289.6,11.23,119.38,158.98
2002-12-21,31.906,107.61,10.21,41.7,55.7
2002-12-22,17.474,48.77,7.93,17.19,23.64
2002-12-23,11.419,17.83,6.47,4.28,7.09
2002-12-24,9.512,9.7,5.97,1.16,2.57
2002-12-25,8.498,7.98,5.68,0.76,1.53
2002-12-26,7.512,7.37,5.37,0.72,1.27
2002-12-27,6.672,7.01,5.06,0.71,1.25
2002-12-28,8.58,32.34,5.41,11.25,15.68
2002-12-29,25.627,112.03,8.85,44.11,59.07
2002-12-30,15.152,69.99,7.55,26.83,35.62
2002-12-31,25.522,149.82,8.81,60.2,80.81
2003-01-01,18.311,108.53,8.21,42.92,57.4
2003-01-02,11.499,27.41,6.49,8.3,12.62
2003-01-03,9.278,11.6,5.92,1.88,3.79
2003-01-04,8.011,8.15,5.54,0.86,1.74
2003-01-05,7.064,7.25,5.22,0.73,1.3
2003-01-06,5.946,6.76,4.79,0.7,1.27
2003-01-07,5.01,6.26,4.32,0.67,1.27
2003-01-08,4.537,6.02,4.08,0.65,1.29
2003-01-09,4.369,6.72,4.03,0.94,1.75
2003-01-10,12.149,79.73,6.36,30.95,42.41
2003-01-11,12.313,107.34,6.88,43.14,57.32
2003-01-12,6.922,40.68,5.26,15.16,20.26
2003-01-13,5.306,13.88,4.48,3.84,5.56
2003-01-14,4.68,7.23,4.14,1.12,1.97
2003-01-15,4.284,6.17,4.08,0.7,1.39
2003-01-16,3.789,6.06,4.09,0.64,1.33
2003-01-17,3.244,6.02,4.09,0.58,1.35
2003-01-18,2.835,5.95,4.08,0.5,1.37
2003-01-19,2.567,5.91,4.08,0.43,1.4
2003-01-20,2.332,5.87,4.08,0.37,1.42
2003-01-21,2.126,5.84,4.08,0.3,1.47
2003-01-22,2.037,6.3,4.07,0.46,1.77
2003-01-23,1.912,6.58,4.08,0.53,1.96
2003-01-24,1.736,5.97,4.08,0.24,1.65
2003-01-25,1.592,5.77,4.08,0.15,1.54
2003-01-26,1.47,5.75,4.08,0.13,1.55
2003-01-27,1.345,5.76,4.08,0.11,1.57
2003-01-28,1.227,5.77,4.08,0.09,1.6
2003-01-29,1.153,5.78,4.07,0.08,1.62
2003-01-30,1.074,5.79,4.08,0.07,1.65
2003-01-31,0.987,5.8,4.08,0.05,1.68
2003-02-01,0.925,5.82,4.07,0.04,1.71
2003-02-02,0.863,5.84,4.08,0.01,1.75
2003-02-03,0.801,5.86,4.07,0.0,1.79
2003-02-04,0.766,5.89,4.07,0.0,1.82
2003-02-05,0.741,5.91,4.07,0.0,1.84
2003-02-06,0.722,5.92,4.07,0.0,1.85
2003-02-07,0.71,5.92,4.07,0.0,1.86
2003-02-08,0.702,5.92,4.07,0.0,1.85
2003-02-09,0.696,5.91,4.06,0.0,1.85
2003-02-10,0.69,5.91,4.06,0.0,1.84
2003-02-11,0.685,5.9,4.06,0.0,1.83
2003-02-12,1.004,15.91,3.89,4.34,7.68
2003-02-13,3.305,72.93,3.96,29.03,39.94
2003-02-14,3.133,62.81,4.13,24.39,34.3
2003-02-15,2.026,29.78,3.98,9.81,15.98
2003-02-16,15.634,223.26,7.29,91.88,124.1
2003-02-17,10.321,198.54,6.79,82.37,109.38
2003-02-18,4.095,83.72,4.24,33.56,45.92
2003-02-19,2.749,31.34,4.11,10.38,16.85
2003-02-20,2.221,10.46,4.09,1.82,4.55
2003-02-21,1.901,6.33,4.09,0.45,1.79
2003-02-22,1.68,5.79,4.08,0.31,1.39
2003-02-23,1.502,5.72,4.08,0.27,1.37
2003-02-24,1.316,5.66,4.07,0.21,1.38
2003-02-25,4.745,79.63,4.21,31.61,43.82
2003-02-26,5.279,70.06,4.65,27.53,37.88
2003-02-27,4.91,76.98,4.32,30.22,42.45
2003-02-28,3.48,48.27,4.13,18.04,26.09
2003-03-01,2.371,19.46,4.12,5.87,9.47
2003-03-02,1.889,7.87,4.09,1.11,2.67
2003-03-03,1.665,5.93,4.08,0.38,1.47
2003-03-04,1.51,5.72,4.08,0.29,1.35
2003-03-05,1.343,5.67,4.08,0.23,1.35
2003-03-06,1.216,5.64,4.08,0.19,1.37
2003-03-07,1.113,5.63,4.08,0.17,1.39
2003-03-08,1.014,5.63,4.08,0.14,1.41
2003-03-09,0.925,5.58,4.08,0.07,1.43
2003-03-10,0.845,5.56,4.08,0.02,1.46
2003-03-11,0.776,5.57,4.08,0.0,1.49
2003-03-12,0.714,5.59,4.08,0.0,1.52
2003-03-13,0.666,5.62,4.07,0.0,1.54
2003-03-14,0.618,5.65,4.08,0.0,1.58
2003-03-15,13.242,295.78,7.11,122.96,165.7
2003-03-16,11.694,276.24,6.93,115.43,153.88
2003-03-17,6.244,117.53,5.13,47.68,64.72
2003-03-18,3.211,55.48,4.16,21.0,30.32
2003-03-19,2.006,21.67,4.13,5.95,11.6
2003-03-20,1.531,8.65,4.1,1.03,3.52
2003-03-21,1.319,6.02,4.08,0.29,1.65
2003-03-22,1.184,5.65,4.08,0.18,1.39
2003-03-23,1.095,5.77,4.07,0.18,1.52
2003-03-24,1.163,10.34,4.05,2.17,4.12
2003-03-25,1.089,10.52,4.09,2.17,4.26
2003-03-26,0.907,6.57,4.09,0.39,2.09
2003-03-27,0.778,5.64,4.09,0.02,1.53
2003-03-28,0.675,5.59,4.09,0.0,1.5
2003-03-29,0.608,5.61,4.08,0.0,1.53
2003-03-30,0.574,5.63,4.07,0.0,1.56
2003-03-31,0.546,5.66,4.07,0.0,1.58
2003-04-01,0.512,5.69,4.07,0.0,1.61
2003-04-02,0.488,5.71,4.07,0.0,1.64
2003-04-03,0.473,5.73,4.07,0.0,1.66
2003-04-04,3.762,165.18,4.21,67.37,93.6
2003-04-05,5.977,214.93,5.08,89.55,120.3
2003-04-06,2.57,111.31,4.2,44.33,62.78
2003-04-07,1.263,50.34,4.17,15.73,30.44
2003-04-08,0.801,15.67,4.12,2.01,9.54
2003-04-09,0.632,6.72,4.09,0.0,2.63
2003-04-10,0.55,5.69,4.08,0.0,1.61
2003-04-11,0.499,5.62,4.08,0.0,1.54
2003-04-12,2.509,108.33,3.7,44.17,60.46
2003-04-13,31.174,236.63,9.74,96.83,130.05
2003-04-14,12.963,173.36,7.72,71.09,94.55
2003-04-15,4.34,73.11,4.39,28.95,39.77
2003-04-16,2.576,32.08,4.13,10.48,17.46
2003-04-17,1.903,11.61,4.1,2.1,5.41
2003-04-18,1.59,6.54,4.09,0.54,1.91
2003-04-19,1.519,13.12,4.06,3.07,5.99
2003-04-20,1.387,16.18,4.09,4.64,7.45
2003-04-21,1.175,8.84,4.08,1.48,3.27
2003-04-22,1.295,13.6,4.01,3.42,6.16
2003-04-23,1.604,28.82,4.07,10.17,14.58
2003-04-24,1.38,21.6,4.1,6.89,10.62
2003-04-25,1.131,10.78,4.08,1.84,4.86
2003-04-26,1.13,9.73,4.06,1.56,4.1
2003-04-27,1.081,10.83,3.93,2.21,4.7
2003-04-28,4.936,98.18,4.55,39.73,53.9
2003-04-29,7.785,177.79,5.76,73.7,98.33
2003-04-30,3.329,123.25,4.17,49.16,69.92
2003-05-01,1.848,52.22,4.15,16.8,31.27
2003-05-02,1.486,20.16,3.92,5.1,11.14
2003-05-03,9.9,85.73,5.84,33.64,46.25
2003-05-04,11.961,130.96,6.88,53.12,70.96
2003-05-05,4.718,92.57,4.52,36.97,51.08
2003-05-06,2.84,41.99,4.13,14.19,23.67
2003-05-07,2.165,13.62,4.1,2.7,6.81
2003-05-08,1.772,6.8,4.1,0.67,2.03
2003-05-09,1.445,5.76,4.1,0.38,1.28
2003-05-10,1.228,5.55,4.08,0.27,1.19
2003-05-11,1.079,5.49,4.09,0.21,1.19
2003-05-12,0.937,5.38,4.09,0.09,1.2
2003-05-13,0.795,5.32,4.09,0.01,1.22
2003-05-14,0.671,5.32,4.09,0.0,1.23
2003-05-15,0.594,5.32,4.08,0.0,1.24
2003-05-16,0.541,5.34,4.08,0.0,1.26
2003-05-17,0.484,5.36,4.08,0.0,1.27
2003-05-18,0.43,5.37,4.08,0.0,1.29
2003-05-19,0.398,5.38,4.07,0.0,1.31
2003-05-20,0.374,5.41,4.07,0.0,1.33
2003-05-21,0.354,5.43,4.07,0.0,1.35
2003-05-22,0.341,5.44,4.07,0.0,1.37
2003-05-23,0.333,5.45,4.07,0.0,1.38
2003-05-24,0.327,5.45,4.07,0.0,1.39
2003-05-25,0.323,5.45,4.07,0.0,1.39
2003-05-26,0.318,5.45,4.07,0.0,1.39
2003-05-27,0.314,5.45,4.07,0.0,1.38
2003-05-28,0.31,5.45,4.07,0.0,1.38
2003-05-29,0.306,5.44,4.07,0.0,1.38
2003-05-30,0.303,5.44,4.07,0.0,1.38
2003-05-31,0.3,5.76,4.06,0.0,1.7
2003-06-01,0.298,6.39,4.06,0.0,2.32
2003-06-02,0.295,5.95,4.07,0.0,1.89
2003-06-03,0.289,5.53,4.07,0.0,1.47
2003-06-04,0.285,5.44,4.07,0.0,1.37
2003-06-05,0.281,5.42,4.07,0.0,1.36
2003-06-06,0.278,5.42,4.07,0.0,1.35
2003-06-07,0.275,5.41,4.07,0.0,1.34
2003-06-08,0.271,5.4,4.07,0.0,1.34
2003-06-09,0.268,5.4,4.07,0.0,1.33
2003-06-10,0.265,5.39,4.07,0.0,1.32
2003-06-11,0.262,5.38,4.07,0.0,1.32
2003-06-12,0.258,5.38,4.07,0.0,1.31
2003-06-13,0.255,5.37,4.07,0.0,1.3
2003-06-14,0.252,5.36,4.07,0.0,1.3
2003-06-15,0.249,5.36,4.07,0.0,1.29
2003-06-16,0.246,5.35,4.07,0.0,1.29
2003-06-17,0.243,5.35,4.07,0.0,1.28
2003-06-18,0.24,5.34,4.07,0.0,1.27
2003-06-19,0.237,5.33,4.07,0.0,1.27
2003-06-20,0.234,5.33,4.07,0.0,1.26
2003-06-21,0.232,5.32,4.07,0.0,1.26
2003-06-22,0.229,5.32,4.07,0.0,1.25
2003-06-23,0.226,5.31,4.07,0.0,1.24
2003-06-24,0.223,5.3,4.07,0.0,1.24
2003-06-25,0.221,5.3,4.07,0.0,1.23
2003-06-26,0.218,5.29,4.07,0.0,1.23
2003-06-27,0.215,5.29,4.07,0.0,1.22
2003-06-28,0.213,5.28,4.07,0.0,1.22
2003-06-29,0.21,5.28,4.07,0.0,1.21
2003-06-30,0.208,5.26,4.07,0.0,1.2
2003-07-01,0.205,5.25,4.07,0.0,1.19
2003-07-02,0.203,5.24,4.07,0.0,1.17
2003-07-03,0.2,5.23,4.07,0.0,1.16
2003-07-04,0.198,5.21,4.07,0.0,1.15
2003-07-05,0.196,5.2,4.07,0.0,1.13
2003-07-06,0.193,5.18,4.07,0.0,1.12
2003-07-07,0.191,5.17,4.07,0.0,1.1
2003-07-08,0.189,5.15,4.07,0.0,1.08
2003-07-09,0.187,5.13,4.07,0.0,1.07
2003-07-10,0.184,5.12,4.07,0.0,1.05
2003-07-11,0.182,5.1,4.07,0.0,1.04
2003-07-12,0.18,5.09,4.07,0.0,1.02
2003-07-13,0.178,5.08,4.07,0.0,1.01
2003-07-14,0.176,5.06,4.07,0.0,1.0
2003-07-15,0.174,5.05,4.07,0.0,0.98
2003-07-16,0.172,5.04,4.07,0.0,0.97
2003-07-17,0.17,5.02,4.07,0.0,0.96
2003-07-18,0.168,5.01,4.07,0.0,0.94
2003-07-19,0.166,5.0,4.07,0.0,0.93
2003-07-20,0.164,4.99,4.07,0.0,0.92
2003-07-21,0.162,4.97,4.07,0.0,0.91
2003-07-22,0.16,4.96,4.07,0.0,0.9
2003-07-23,0.158,4.95,4.07,0.0,0.89
2003-07-24,0.156,4.94,4.07,0.0,0.88
2003-07-25,0.154,4.93,4.07,0.0,0.86
2003-07-26,0.152,4.92,4.07,0.0,0.85
2003-07-27,0.151,4.91,4.07,0.0,0.84
2003-07-28,0.149,4.9,4.07,0.0,0.83
2003-07-29,0.147,4.89,4.07,0.0,0.82
2003-07-30,0.145,4.88,4.07,0.0,0.81
2003-07-31,0.144,4.87,4.07,0.0,0.81
2003-08-01,0.142,4.86,4.07,0.0,0.8
2003-08-02,0.14,4.85,4.07,0.0,0.79
2003-08-03,0.139,4.85,4.06,0.0,0.79
2003-08-04,0.138,4.91,4.06,0.0,0.84
2003-08-05,0.136,4.87,4.07,0.0,0.81
2003-08-06,0.134,4.83,4.07,0.0,0.76
2003-08-07,0.132,4.81,4.07,0.0,0.75
2003-08-08,0.131,4.8,4.07,0.0,0.74
2003-08-09,0.129,4.79,4.07,0.0,0.73
2003-08-10,0.128,4.79,4.07,0.0,0.72
2003-08-11,0.126,4.78,4.07,0.0,0.71
2003-08-12,0.125,4.77,4.07,0.0,0.7
2003-08-13,0.123,4.76,4.07,0.0,0.69
2003-08-14,0.122,4.75,4.07,0.0,0.68
2003-08-15,0.12,4.74,4.07,0.0,0.67
2003-08-16,0.119,4.73,4.07,0.0,0.66
2003-08-17,0.117,4.72,4.07,0.0,0.65
2003-08-18,0.116,4.71,4.07,0.0,0.64
2003-08-19,0.115,4.7,4.07,0.0,0.63
2003-08-20,0.113,4.69,4.07,0.0,0.62
2003-08-21,0.112,4.68,4.07,0.0,0.61
2003-08-22,0.111,4.68,4.07,0.0,0.62
2003-08-23,0.11,4.78,4.06,0.0,0.71
2003-08-24,0.109,4.73,4.07,0.0,0.67
2003-08-25,0.107,4.66,4.07,0.0,0.59
2003-08-26,0.106,4.64,4.07,0.0,0.57
2003-08-27,0.105,4.65,4.06,0.0,0.59
2003-08-28,0.104,4.67,4.07,0.0,0.61
2003-08-29,0.103,4.63,4.07,0.0,0.56
2003-08-30,0.101,4.61,4.07,0.0,0.54
2003-08-31,0.1,4.6,4.07,0.0,0.53
2003-09-01,0.099,4.59,4.07,0.0,0.52
2003-09-02,0.097,4.58,4.07,0.0,0.52
2003-09-03,0.096,4.57,4.07,0.0,0.51
2003-09-04,0.095,4.57,4.07,0.0,0.5
2003-09-05,0.094,4.56,4.07,0.0,0.5
2003-09-06,0.093,4.55,4.07,0.0,0.49
2003-09-07,0.092,4.55,4.07,0.0,0.48
2003-09-08,0.091,4.54,4.07,0.0,0.48
2003-09-09,0.09,4.54,4.07,0.0,0.47
2003-09-10,0.089,4.53,4.07,0.0,0.46
2003-09-11,0.088,4.52,4.07,0.0,0.46
2003-09-12,0.087,4.52,4.07,0.0,0.45
2003-09-13,0.086,4.51,4.07,0.0,0.45
2003-09-14,0.085,4.51,4.07,0.0,0.44
2003-09-15,0.084,4.5,4.07,0.0,0.44
2003-09-16,0.083,4.5,4.07,0.0,0.43
2003-09-17,0.082,4.49,4.07,0.0,0.43
2003-09-18,0.081,4.49,4.07,0.0,0.42
2003-09-19,0.08,4.48,4.07,0.0,0.42
2003-09-20,0.079,4.48,4.07,0.0,0.41
2003-09-21,0.078,4.47,4.07,0.0,0.41
2003-09-22,0.077,4.47,4.07,0.0,0.4
2003-09-23,0.076,4.46,4.07,0.0,0.4
2003-09-24,0.076,4.46,4.07,0.0,0.39
2003-09-25,0.075,4.45,4.07,0.0,0.39
2003-09-26,0.074,4.45,4.07,0.0,0.38
2003-09-27,0.073,4.44,4.07,0.0,0.38
2003-09-28,0.072,4.44,4.07,0.0,0.37
2003-09-29,0.071,4.44,4.07,0.0,0.37
2003-09-30,0.071,4.43,4.07,0.0,0.37
2003-10-01,0.07,4.43,4.07,0.0,0.36
2003-10-02,0.069,4.42,4.07,0.0,0.36
2003-10-03,0.068,4.42,4.07,0.0,0.35
2003-10-04,0.067,4.42,4.07,0.0,0.35
2003-10-05,0.067,4.41,4.07,0.0,0.35
2003-10-06,0.066,4.41,4.07,0.0,0.34
2003-10-07,0.065,4.4,4.07,0.0,0.34
2003-10-08,0.064,4.4,4.07,0.0,0.34
2003-10-09,0.064,4.4,4.07,0.0,0.33
2003-10-10,0.063,4.39,4.07,0.0,0.33
2003-10-11,0.062,4.39,4.07,0.0,0.32
2003-10-12,0.062,4.39,4.07,0.0,0.32
2003-10-13,0.061,4.38,4.07,0.0,0.32
2003-10-14,0.06,4.38,4.07,0.0,0.31
2003-10-15,0.06,4.38,4.07,0.0,0.31
2003-10-16,0.059,4.37,4.07,0.0,0.31
2003-10-17,0.058,4.37,4.07,0.0,0.3
2003-10-18,0.058,4.37,4.07,0.0,0.3
2003-10-19,0.057,4.36,4.07,0.0,0.3
2003-10-20,0.056,4.36,4.07,0.0,0.29
2003-10-21,0.056,4.36,4.07,0.0,0.29
2003-10-22,0.055,4.35,4.07,0.0,0.29
2003-10-23,0.055,4.35,4.07,0.0,0.29
2003-10-24,0.054,4.35,4.07,0.0,0.28
2003-10-25,0.053,4.35,4.07,0.0,0.28
2003-10-26,0.053,4.34,4.07,0.0,0.28
2003-10-27,0.052,4.34,4.07,0.0,0.27
2003-10-28,0.052,4.34,4.07,0.0,0.27
2003-10-29,0.051,4.33,4.07,0.0,0.27
2003-10-30,0.05,4.33,4.07,0.0,0.27
2003-10-31,0.05,4.33,4.07,0.0,0.26
2003-11-01,0.049,4.33,4.07,0.0,0.26
2003-11-02,0.049,4.32,4.07,0.0,0.26
2003-11-03,0.909,92.71,3.8,27.03,61.88
2003-11-04,1.873,180.96,4.04,71.06,105.86
2003-11-05,1.14,136.76,4.21,49.96,82.59
2003-11-06,0.396,56.39,4.28,0.72,51.39
2003-11-07,0.893,34.01,3.85,5.96,24.2
2003-11-08,2.637,98.76,3.92,38.47,56.37
2003-11-09,23.882,268.18,8.56,111.41,148.21
2003-11-10,14.299,235.35,7.97,97.56,129.82
2003-11-11,3.566,135.46,4.4,54.97,76.09
2003-11-12,1.33,93.21,4.23,31.26,57.72
2003-11-13,0.486,43.0,4.24,1.72,37.03
2003-11-14,0.195,16.72,4.19,0.0,12.53
2003-11-15,0.127,6.06,4.08,0.0,1.97
2003-11-16,0.175,11.03,3.98,0.0,7.04
2003-11-17,0.189,13.76,4.11,0.0,9.65
2003-11-18,0.125,7.37,4.13,0.0,3.23
2003-11-19,0.094,4.86,4.09,0.0,0.77
2003-11-20,0.084,4.6,4.08,0.0,0.52
2003-11-21,0.079,4.56,4.07,0.0,0.49
2003-11-22,0.074,4.54,4.07,0.0,0.47
2003-11-23,0.071,4.52,4.07,0.0,0.45
2003-11-24,0.069,4.5,4.07,0.0,0.44
2003-11-25,0.066,4.49,4.07,0.0,0.42
2003-11-26,0.064,4.48,4.07,0.0,0.41
2003-11-27,0.062,4.47,4.07,0.0,0.4
2003-11-28,0.06,4.46,4.07,0.0,0.39
2003-11-29,0.058,4.44,4.07,0.0,0.37
2003-11-30,0.057,4.43,4.06,0.0,0.37
2003-12-01,0.1,6.8,3.84,0.02,2.95
2003-12-02,0.41,16.0,3.9,0.03,12.07
2003-12-03,0.646,20.7,4.07,0.0,16.63
2003-12-04,0.386,16.58,4.21,0.0,12.37
2003-12-05,0.154,9.59,4.16,0.0,5.43
2003-12-06,0.616,69.19,3.5,24.99,40.7
2003-12-07,7.614,172.77,5.45,70.66,96.66
2003-12-08,5.982,173.7,5.25,71.96,96.49
2003-12-09,2.181,109.0,4.2,43.21,61.59
2003-12-10,3.91,77.81,4.0,29.3,44.51
2003-12-11,11.454,119.77,6.37,48.16,65.24
2003-12-12,5.827,130.16,5.26,53.14,71.76
2003-12-13,2.107,92.1,4.23,35.65,52.21
2003-12-14,7.833,240.74,5.52,99.65,135.56
2003-12-15,7.701,344.08,5.97,145.11,193.0
2003-12-16,2.569,226.99,4.22,91.7,131.07
2003-12-17,1.018,139.1,4.22,41.41,93.46
2003-12-18,0.406,50.32,4.22,0.07,46.03
2003-12-19,0.186,15.85,4.17,0.0,11.68
2003-12-20,1.354,105.88,3.3,41.3,61.29
2003-12-21,10.309,172.98,6.06,70.78,96.14
2003-12-22,5.032,118.18,4.93,48.02,65.23
2003-12-23,1.916,67.27,4.21,24.71,38.36
2003-12-24,2.772,61.16,3.81,22.69,34.66
2003-12-25,11.226,135.87,6.17,55.06,74.64
2003-12-26,7.712,130.87,5.85,52.99,72.03
2003-12-27,2.791,85.54,4.21,33.28,48.05
2003-12-28,1.219,49.5,4.19,15.25,30.06
2003-12-29,6.375,138.42,5.38,55.85,77.19
2003-12-30,24.975,261.03,9.23,108.04,143.75
2003-12-31,8.659,143.23,6.11,58.64,78.47
2004-01-01,38.714,388.66,11.66,159.03,217.97
2004-01-02,28.258,454.02,11.37,188.09,254.57
2004-01-03,8.532,143.93,5.91,59.21,78.81
2004-01-04,4.635,61.94,4.34,23.86,33.74
2004-01-05,3.329,22.15,4.11,6.78,11.26
2004-01-06,2.678,8.91,4.1,1.63,3.19
2004-01-07,2.213,6.25,4.1,0.7,1.45
2004-01-08,1.861,5.79,4.09,0.53,1.17
2004-01-09,1.616,5.72,4.09,0.5,1.14
2004-01-10,1.431,5.62,4.07,0.44,1.1
2004-01-11,1.438,5.61,4.06,0.45,1.1
2004-01-12,1.404,5.62,4.07,0.44,1.11
2004-01-13,1.278,5.56,4.08,0.37,1.11
2004-01-14,1.156,5.46,4.08,0.29,1.09
2004-01-15,1.042,5.39,4.08,0.22,1.08
2004-01-16,0.93,5.24,4.08,0.09,1.07
2004-01-17,0.847,5.16,4.08,0.02,1.06
2004-01-18,0.767,5.14,4.08,0.0,1.05
2004-01-19,0.686,5.12,4.08,0.0,1.04
2004-01-20,0.619,5.11,4.08,0.0,1.03
2004-01-21,0.557,5.1,4.08,0.0,1.02
2004-01-22,0.487,5.08,4.09,0.0,0.99
2004-01-23,0.434,5.04,4.08,0.0,0.96
2004-01-24,1.323,83.15,3.98,31.59,47.58
2004-01-25,1.249,49.29,3.97,14.15,31.17
2004-01-26,1.76,100.05,4.09,38.91,57.05
2004-01-27,1.05,67.74,4.18,23.06,40.51
2004-01-28,0.567,18.93,4.15,0.35,14.43
2004-01-29,0.431,7.0,4.08,0.0,2.91
2004-01-30,0.401,5.18,4.07,0.0,1.11
2004-01-31,0.363,5.02,4.09,0.0,0.93
2004-02-01,0.313,4.94,4.08,0.0,0.86
2004-02-02,3.264,142.14,4.17,58.44,79.53
2004-02-03,17.151,240.05,7.45,99.9,132.69
2004-02-04,9.406,134.27,6.37,54.81,73.09
2004-02-05,3.649,68.5,4.22,26.91,37.38
2004-02-06,2.007,34.12,4.15,11.16,18.81
2004-02-07,1.334,12.95,4.12,2.47,6.36
2004-02-08,1.073,6.57,4.09,0.48,2.0
2004-02-09,0.928,5.36,4.09,0.12,1.16
2004-02-10,0.782,5.15,4.1,0.01,1.03
2004-02-11,0.655,5.06,4.08,0.0,0.97
2004-02-12,0.6,5.04,4.08,0.0,0.97
2004-02-13,0.537,5.05,4.09,0.0,0.96
2004-02-14,0.443,5.01,4.09,0.0,0.91
2004-02-15,0.391,4.95,4.08,0.0,0.87
2004-02-16,2.076,117.38,3.68,48.2,65.5
2004-02-17,6.977,259.28,5.23,108.67,145.37
2004-02-18,18.893,192.63,7.9,78.65,106.07
2004-02-19,11.429,215.48,7.0,89.57,118.91
2004-02-20,4.5,107.65,4.48,43.68,59.49
2004-02-21,2.599,44.36,4.13,15.85,24.38
2004-02-22,2.17,15.48,4.04,4.0,7.45
2004-02-23,3.018,25.04,4.04,8.66,12.34
2004-02-24,2.431,22.72,4.13,7.49,11.11
2004-02-25,14.542,145.99,7.42,58.76,79.8
2004-02-26,35.234,231.3,10.59,94.85,125.86
2004-02-27,16.813,94.12,7.98,37.01,49.14
2004-02-28,8.834,31.62,5.93,10.86,14.84
2004-02-29,6.312,12.0,4.96,2.71,4.33
2004-03-01,5.341,7.13,4.48,0.96,1.69
2004-03-02,4.856,6.15,4.24,0.7,1.21
2004-03-03,4.227,5.89,4.09,0.66,1.14
2004-03-04,3.638,5.84,4.09,0.62,1.13
2004-03-05,3.127,5.8,4.09,0.6,1.11
2004-03-06,2.757,5.77,4.08,0.58,1.11
2004-03-07,2.413,5.75,4.09,0.56,1.1
2004-03-08,2.083,5.68,4.09,0.5,1.09
2004-03-09,1.81,5.61,4.09,0.44,1.09
2004-03-10,1.548,5.55,4.09,0.38,1.08
2004-03-11,1.28,5.43,4.09,0.28,1.06
2004-03-12,1.123,5.32,4.08,0.2,1.04
2004-03-13,1.005,5.28,4.08,0.16,1.03
2004-03-14,0.889,5.17,4.08,0.07,1.02
2004-03-15,0.776,5.1,4.09,0.01,1.01
2004-03-16,0.667,5.07,4.09,0.0,0.98
2004-03-17,0.59,5.04,4.08,0.0,0.96
2004-03-18,0.534,5.03,4.08,0.0,0.95
2004-03-19,0.476,5.02,4.09,0.0,0.94
2004-03-20,0.423,5.01,4.08,0.0,0.93
2004-03-21,0.391,5.02,4.07,0.0,0.94
2004-03-22,0.371,5.02,4.07,0.0,0.95
2004-03-23,0.361,5.01,4.07,0.0,0.95
2004-03-24,0.354,5.01,4.07,0.0,0.94
2004-03-25,0.38,5.89,3.99,0.03,1.87
2004-03-26,1.362,82.63,3.87,31.36,47.39
2004-03-27,2.211,102.16,4.07,40.28,57.81
2004-03-28,1.347,81.65,4.19,30.24,47.22
2004-03-29,0.683,27.34,4.17,4.01,19.16
2004-03-30,0.438,8.29,4.11,0.0,4.18
2004-03-31,0.366,5.32,4.08,0.0,1.24
2004-04-01,0.34,5.0,4.07,0.0,0.93
2004-04-02,0.325,4.97,4.07,0.0,0.9
2004-04-03,0.316,4.96,4.07,0.0,0.9
2004-04-04,0.309,4.96,4.07,0.0,0.9
2004-04-05,0.304,4.96,4.07,0.0,0.9
2004-04-06,0.3,4.96,4.07,0.0,0.9
2004-04-07,0.296,4.96,4.07,0.0,0.89
2004-04-08,0.292,4.96,4.07,0.0,0.89
2004-04-09,0.288,4.95,4.07,0.0,0.89
2004-04-10,0.285,4.95,4.07,0.0,0.88
2004-04-11,0.281,4.95,4.07,0.0,0.88
2004-04-12,0.277,4.94,4.07,0.0,0.88
2004-04-13,0.274,4.94,4.07,0.0,0.87
2004-04-14,0.27,4.93,4.07,0.0,0.87
2004-04-15,0.267,4.93,4.07,0.0,0.87
2004-04-16,0.264,4.93,4.07,0.0,0.86
2004-04-17,0.26,4.92,4.07,0.0,0.86
2004-04-18,0.257,4.92,4.07,0.0,0.86
2004-04-19,0.255,4.96,4.06,0.0,0.9
2004-04-20,0.252,5.01,4.07,0.0,0.94
2004-04-21,0.248,4.93,4.07,0.0,0.86
2004-04-22,0.245,4.9,4.07,0.0,0.83
2004-04-23,0.241,4.89,4.07,0.0,0.83
2004-04-24,0.238,4.88,4.07,0.0,0.82
2004-04-25,0.235,4.88,4.07,0.0,0.81
2004-04-26,0.232,4.87,4.07,0.0,0.81
2004-04-27,0.229,4.86,4.07,0.0,0.8
2004-04-28,0.226,4.86,4.07,0.0,0.79
2004-04-29,0.224,4.85,4.07,0.0,0.79
2004-04-30,0.221,4.85,4.07,0.0,0.78
2004-05-01,0.218,4.84,4.07,0.0,0.77
2004-05-02,0.215,4.83,4.07,0.0,0.77
2004-05-03,0.213,4.83,4.07,0.0,0.76
2004-05-04,0.21,4.82,4.07,0.0,0.76
2004-05-05,0.207,4.81,4.07,0.0,0.75
2004-05-06,0.205,4.8,4.07,0.0,0.74
2004-05-07,0.202,4.79,4.07,0.0,0.73
2004-05-08,0.2,4.78,4.07,0.0,0.72
2004-05-09,0.197,4.77,4.07,0.0,0.71
2004-05-10,0.195,4.76,4.07,0.0,0.7
2004-05-11,0.192,4.75,4.07,0.0,0.69
2004-05-12,0.19,4.74,4.07,0.0,0.68
2004-05-13,0.188,4.74,4.07,0.0,0.67
2004-05-14,0.185,4.73,4.07,0.0,0.66
2004-05-15,0.183,4.72,4.07,0.0,0.65
2004-05-16,0.181,4.71,4.07,0.0,0.64
2004-05-17,0.178,4.7,4.07,0.0,0.64
2004-05-18,0.176,4.69,4.07,0.0,0.63
2004-05-19,0.174,4.69,4.07,0.0,0.62
2004-05-20,0.172,4.68,4.07,0.0,0.61
2004-05-21,0.17,4.67,4.07,0.0,0.61
2004-05-22,0.168,4.67,4.07,0.0,0.6
2004-05-23,0.166,4.66,4.07,0.0,0.59
2004-05-24,0.164,4.65,4.07,0.0,0.59
2004-05-25,0.162,4.64,4.07,0.0,0.58
2004-05-26,0.16,4.64,4.07,0.0,0.57
2004-05-27,0.158,4.63,4.07,0.0,0.57
2004-05-28,0.156,4.63,4.07,0.0,0.56
2004-05-29,0.154,4.62,4.07,0.0,0.55
2004-05-30,0.152,4.61,4.07,0.0,0.55
2004-05-31,0.15,4.61,4.07,0.0,0.54
2004-06-01,0.148,4.6,4.07,0.0,0.54
2004-06-02,0.147,4.6,4.07,0.0,0.53
2004-06-03,0.145,4.59,4.07,0.0,0.52
2004-06-04,0.143,4.58,4.07,0.0,0.52
2004-06-05,0.141,4.58,4.07,0.0,0.51
2004-06-06,0.14,4.57,4.07,0.0,0.51
2004-06-07,0.138,4.57,4.07,0.0,0.5
2004-06-08,0.136,4.56,4.07,0.0,0.5
2004-06-09,0.135,4.56,4.07,0.0,0.49
2004-06-10,0.133,4.55,4.07,0.0,0.49
2004-06-11,0.131,4.55,4.07,0.0,0.48
2004-06-12,0.13,4.54,4.07,0.0,0.48
2004-06-13,0.128,4.54,4.07,0.0,0.47
2004-06-14,0.127,4.53,4.07,0.0,0.47
2004-06-15,0.125,4.53,4.07,0.0,0.46
2004-06-16,0.124,4.52,4.07,0.0,0.46
2004-06-17,0.122,4.52,4.07,0.0,0.45
2004-06-18,0.121,4.51,4.07,0.0,0.45
2004-06-19,0.119,4.5,4.07,0.0,0.44
2004-06-20,0.118,4.5,4.07,0.0,0.43
2004-06-21,0.116,4.49,4.07,0.0,0.43
2004-06-22,0.115,4.48,4.07,0.0,0.42
2004-06-23,0.114,4.48,4.07,0.0,0.41
2004-06-24,0.112,4.47,4.07,0.0,0.41
2004-06-25,0.111,4.47,4.07,0.0,0.4
2004-06-26,0.11,4.46,4.07,0.0,0.4
2004-06-27,0.108,4.46,4.07,0.0,0.39
2004-06-28,0.107,4.45,4.07,0.0,0.39
2004-06-29,0.106,4.45,4.07,0.0,0.38
2004-06-30,0.104,4.44,4.07,0.0,0.37
2004-07-01,0.103,4.43,4.07,0.0,0.37
2004-07-02,0.102,4.43,4.07,0.0,0.36
2004-07-03,0.101,4.42,4.07,0.0,0.36
2004-07-04,0.1,4.42,4.07,0.0,0.35
2004-07-05,0.098,4.42,4.07,0.0,0.35
2004-07-06,0.097,4.41,4.07,0.0,0.35
2004-07-07,0.096,4.41,4.07,0.0,0.34
2004-07-08,0.095,4.4,4.07,0.0,0.34
2004-07-09,0.094,4.4,4.07,0.0,0.33
2004-07-10,0.093,4.39,4.07,0.0,0.33
2004-07-11,0.092,4.39,4.07,0.0,0.32
2004-07-12,0.091,4.38,4.07,0.0,0.32
2004-07-13,0.089,4.38,4.07,0.0,0.32
2004-07-14,0.088,4.38,4.07,0.0,0.31
2004-07-15,0.087,4.37,4.07,0.0,0.31
2004-07-16,0.086,4.37,4.07,0.0,0.3
2004-07-17,0.085,4.37,4.07,0.0,0.3
2004-07-18,0.084,4.36,4.07,0.0,0.3
2004-07-19,0.083,4.36,4.07,0.0,0.29
2004-07-20,0.082,4.36,4.07,0.0,0.29
2004-07-21,0.081,4.35,4.07,0.0,0.29
2004-07-22,0.08,4.35,4.07,0.0,0.28
2004-07-23,0.079,4.35,4.07,0.0,0.28
2004-07-24,0.079,4.34,4.07,0.0,0.28
2004-07-25,0.078,4.34,4.07,0.0,0.27
2004-07-26,0.077,4.34,4.07,0.0,0.27
2004-07-27,0.076,4.33,4.07,0.0,0.27
2004-07-28,0.075,4.33,4.07,0.0,0.26
2004-07-29,0.074,4.33,4.07,0.0,0.26
2004-07-30,0.073,4.32,4.07,0.0,0.26
2004-07-31,0.072,4.32,4.07,0.0,0.26
2004-08-01,0.072,4.32,4.07,0.0,0.25
2004-08-02,0.071,4.32,4.07,0.0,0.25
2004-08-03,0.07,4.31,4.07,0.0,0.25
2004-08-04,0.069,4.31,4.07,0.0,0.24
2004-08-05,0.068,4.31,4.07,0.0,0.24
2004-08-06,0.067,4.3,4.07,0.0,0.24
2004-08-07,0.067,4.3,4.07,0.0,0.24
2004-08-08,0.066,4.3,4.07,0.0,0.23
2004-08-09,0.065,4.3,4.07,0.0,0.23
2004-08-10,0.064,4.29,4.07,0.0,0.23
2004-08-11,0.064,4.29,4.07,0.0,0.23
2004-08-12,0.063,4.29,4.07,0.0,0.22
2004-08-13,0.062,4.29,4.07,0.0,0.22
2004-08-14,0.061,4.29,4.07,0.0,0.22
2004-08-15,0.061,4.28,4.07,0.0,0.22
2004-08-16,0.06,4.28,4.07,0.0,0.21
2004-08-17,0.059,4.28,4.07,0.0,0.21
2004-08-18,0.059,4.28,4.07,0.0,0.21
2004-08-19,0.058,4.27,4.07,0.0,0.21
2004-08-20,0.057,4.27,4.07,0.0,0.21
2004-08-21,0.057,4.35,4.06,0.0,0.29
2004-08-22,0.058,6.81,4.06,0.0,2.75
2004-08-23,0.059,7.12,4.07,0.0,3.05
2004-08-24,0.057,4.91,4.07,0.0,0.84
2004-08-25,0.055,4.32,4.07,0.0,0.25
2004-08-26,0.054,4.26,4.07,0.0,0.2
2004-08-27,0.053,4.26,4.07,0.0,0.19
2004-08-28,0.052,4.26,4.07,0.0,0.19
2004-08-29,0.052,4.25,4.07,0.0,0.19
2004-08-30,0.051,4.25,4.07,0.0,0.19
2004-08-31,0.051,4.25,4.07,0.0,0.18
2004-09-01,0.05,4.25,4.07,0.0,0.18
2004-09-02,0.049,4.25,4.07,0.0,0.18
2004-09-03,0.049,4.24,4.07,0.0,0.18
2004-09-04,0.048,4.24,4.07,0.0,0.18
2004-09-05,0.048,4.24,4.07,0.0,0.18
2004-09-06,0.047,4.24,4.07,0.0,0.17
2004-09-07,0.047,4.24,4.07,0.0,0.17
2004-09-08,0.046,4.24,4.07,0.0,0.17
2004-09-09,0.046,4.23,4.07,0.0,0.17
2004-09-10,0.045,4.23,4.07,0.0,0.17
2004-09-11,0.045,4.23,4.07,0.0,0.17
2004-09-12,0.044,4.23,4.07,0.0,0.16
2004-09-13,0.044,4.23,4.07,0.0,0.16
2004-09-14,0.043,4.23,4.07,0.0,0.16
2004-09-15,0.043,4.23,4.07,0.0,0.16
2004-09-16,0.042,4.22,4.07,0.0,0.16
2004-09-17,0.042,4.22,4.07,0.0,0.16
2004-09-18,0.041,4.22,4.07,0.0,0.16
2004-09-19,0.041,4.22,4.06,0.0,0.16
2004-09-20,0.041,4.24,4.07,0.0,0.17
2004-09-21,0.04,4.22,4.07,0.0,0.15
2004-09-22,0.04,4.21,4.07,0.0,0.15
2004-09-23,0.039,4.21,4.07,0.0,0.15
2004-09-24,0.039,4.21,4.07,0.0,0.15
2004-09-25,0.038,4.21,4.07,0.0,0.14
2004-09-26,0.038,4.21,4.07,0.0,0.14
2004-09-27,0.038,4.21,4.07,0.0,0.14
2004-09-28,0.037,4.21,4.07,0.0,0.14
2004-09-29,0.037,4.2,4.07,0.0,0.14
2004-09-30,0.036,4.2,4.07,0.0,0.14
2004-10-01,0.036,4.2,4.07,0.0,0.14
2004-10-02,0.036,4.2,4.07,0.0,0.14
2004-10-03,0.035,4.2,4.07,0.0,0.13
2004-10-04,0.035,4.2,4.07,0.0,0.13
2004-10-05,0.034,4.2,4.07,0.0,0.13
2004-10-06,0.034,4.2,4.07,0.0,0.13
2004-10-07,0.034,4.19,4.07,0.0,0.13
2004-10-08,0.033,4.19,4.07,0.0,0.13
2004-10-09,0.033,4.19,4.07,0.0,0.13
2004-10-10,0.033,4.19,4.07,0.0,0.13
2004-10-11,0.032,4.19,4.07,0.0,0.12
2004-10-12,0.032,4.19,4.07,0.0,0.12
2004-10-13,0.032,4.19,4.07,0.0,0.12
2004-10-14,0.031,4.19,4.07,0.0,0.12
2004-10-15,0.031,4.19,4.07,0.0,0.12
2004-10-16,0.031,4.18,4.07,0.0,0.12
2004-10-17,0.03,4.18,4.07,0.0,0.12
2004-10-18,0.03,4.18,4.07,0.0,0.12
2004-10-19,13.193,156.1,7.48,62.73,85.88
2004-10-20,35.569,182.59,10.81,73.77,98.0
2004-10-21,8.824,137.38,6.62,56.12,74.63
2004-10-22,2.557,92.35,4.23,36.15,51.97
2004-10-23,0.954,60.28,4.23,15.79,40.26
2004-10-24,0.444,23.56,4.06,0.0,19.49
2004-10-25,0.756,20.92,4.01,1.92,14.99
2004-10-26,27.116,490.18,9.67,205.52,274.99
2004-10-27,12.157,355.0,7.81,149.17,198.01
2004-10-28,3.08,205.26,4.23,83.59,117.43
2004-10-29,1.211,139.19,4.22,44.56,90.41
2004-10-30,0.495,54.58,4.21,1.32,49.05
2004-10-31,0.24,17.69,4.16,0.0,13.53
2004-11-01,0.156,6.42,4.12,0.0,2.29
2004-11-02,0.119,4.8,4.1,0.0,0.7
2004-11-03,0.103,4.61,4.05,0.0,0.56
2004-11-04,0.707,26.77,3.59,5.92,17.27
2004-11-05,2.939,62.58,4.03,23.37,35.18
2004-11-06,1.77,64.26,4.21,24.21,35.84
2004-11-07,0.686,38.32,4.25,7.15,26.92
2004-11-08,0.227,17.19,4.24,0.0,12.94
2004-11-09,0.104,6.51,4.15,0.0,2.36
2004-11-10,0.074,4.56,4.1,0.0,0.46
2004-11-11,2.252,56.59,3.62,20.71,32.26
2004-11-12,12.518,168.12,6.7,68.86,92.55
2004-11-13,4.222,166.91,4.61,68.73,93.57
2004-11-14,1.784,115.54,4.2,43.65,67.69
2004-11-15,0.763,56.92,4.22,11.99,40.7
2004-11-16,0.301,20.82,4.21,0.0,16.6
2004-11-17,0.153,7.6,4.15,0.0,3.46
2004-11-18,0.109,4.77,4.1,0.0,0.67
2004-11-19,0.09,4.5,4.09,0.0,0.41
2004-11-20,0.076,4.45,4.09,0.0,0.35
2004-11-21,0.064,4.39,4.09,0.0,0.3
2004-11-22,0.058,4.37,4.07,0.0,0.3
2004-11-23,0.056,4.37,4.07,0.0,0.3
2004-11-24,0.055,4.36,4.07,0.0,0.29
2004-11-25,0.053,4.35,4.07,0.0,0.28
2004-11-26,0.052,4.34,4.07,0.0,0.27
2004-11-27,0.174,16.03,3.65,0.01,12.37
2004-11-28,1.053,67.53,3.93,21.04,42.55
2004-11-29,0.969,71.14,4.18,22.39,44.57
2004-11-30,0.357,33.65,4.27,0.05,29.33
2004-12-01,0.111,14.08,4.24,0.0,9.85
2004-12-02,0.058,5.14,4.12,0.0,1.02
2004-12-03,0.049,4.36,4.08,0.0,0.28
2004-12-04,0.046,4.32,4.07,0.0,0.25
2004-12-05,0.045,4.31,4.07,0.0,0.24
2004-12-06,0.044,4.31,4.07,0.0,0.24
2004-12-07,4.402,135.2,4.4,53.59,77.21
2004-12-08,26.809,163.31,9.11,65.82,88.38
2004-12-09,14.615,146.11,8.11,59.22,78.77
2004-12-10,3.833,78.75,4.44,31.2,43.11
2004-12-11,1.575,51.72,4.21,17.78,29.74
2004-12-12,0.733,22.97,4.18,3.27,15.51
2004-12-13,0.423,8.73,4.13,0.0,4.6
2004-12-14,0.33,5.45,4.09,0.0,1.36
2004-12-15,0.279,5.0,4.1,0.0,0.91
2004-12-16,0.226,4.91,4.1,0.0,0.81
2004-12-17,0.18,4.82,4.1,0.0,0.71
2004-12-18,0.144,4.67,4.1,0.0,0.57
2004-12-19,0.119,4.57,4.09,0.0,0.48
2004-12-20,0.103,4.5,4.08,0.0,0.41
2004-12-21,0.093,4.47,4.08,0.0,0.39
2004-12-22,0.078,4.43,4.1,0.0,0.33
2004-12-23,0.063,4.38,4.1,0.0,0.28
2004-12-24,0.055,4.35,4.08,0.0,0.27
2004-12-25,0.053,4.34,4.07,0.0,0.27
2004-12-26,0.051,4.33,4.07,0.0,0.26
2004-12-27,9.256,166.35,6.34,67.42,92.59
2004-12-28,31.749,255.31,10.22,105.33,139.75
2004-12-29,14.975,108.18,7.48,43.21,57.5
2004-12-30,20.204,108.29,7.84,42.86,57.59
2004-12-31,38.061,191.5,10.89,77.51,103.1
2005-01-01,21.473,127.13,8.59,50.9,67.64
2005-01-02,14.56,64.67,6.89,24.8,32.98
2005-01-03,19.608,68.13,8.16,25.65,34.32
2005-01-04,11.182,46.91,6.54,17.29,23.08
2005-01-05,6.5,23.11,5.1,7.58,10.43
2005-01-06,4.985,9.75,4.32,2.18,3.24
2005-01-07,9.419,28.58,5.63,9.68,13.27
2005-01-08,23.214,60.14,8.5,22.11,29.53
2005-01-09,18.871,55.5,8.04,20.39,27.07
2005-01-10,13.484,36.19,6.83,12.62,16.74
2005-01-11,29.994,137.27,9.5,54.6,73.17
2005-01-12,19.646,124.2,8.58,49.83,65.79
2005-01-13,11.62,29.66,6.52,9.83,13.31
2005-01-14,9.436,11.07,5.96,2.05,3.06
2005-01-15,8.2,7.83,5.6,0.86,1.36
2005-01-16,7.091,7.11,5.23,0.73,1.14
2005-01-17,6.158,6.67,4.86,0.7,1.11
2005-01-18,5.453,6.33,4.54,0.69,1.1
2005-01-19,4.773,5.98,4.21,0.68,1.1
2005-01-20,4.192,5.83,4.08,0.66,1.09
2005-01-21,3.729,5.8,4.08,0.64,1.08
2005-01-22,3.333,5.76,4.08,0.61,1.07
2005-01-23,2.956,5.71,4.08,0.56,1.06
2005-01-24,2.622,5.64,4.08,0.51,1.05
2005-01-25,2.319,5.58,4.08,0.46,1.04
2005-01-26,2.554,11.78,3.97,3.02,4.8
2005-01-27,4.497,56.46,4.06,22.31,30.09
2005-01-28,10.526,69.4,5.93,26.9,36.56
2005-01-29,11.548,86.2,6.7,34.12,45.38
2005-01-30,5.704,32.54,4.8,11.82,15.91
2005-01-31,4.228,12.09,4.09,3.21,4.79
2005-02-01,3.605,6.78,4.09,0.97,1.72
2005-02-02,3.007,5.82,4.1,0.58,1.14
2005-02-03,2.548,5.61,4.09,0.48,1.04
2005-02-04,2.303,5.55,4.08,0.45,1.02
2005-02-05,2.091,5.51,4.08,0.42,1.01
2005-02-06,1.874,5.43,4.08,0.35,1.0
2005-02-07,1.645,5.33,4.09,0.26,0.98
2005-02-08,1.468,5.23,4.08,0.2,0.95
2005-02-09,1.339,5.18,4.08,0.17,0.94
2005-02-10,1.207,5.14,4.08,0.14,0.92
2005-02-11,1.091,5.09,4.08,0.12,0.89
2005-02-12,0.972,5.03,4.08,0.09,0.86
2005-02-13,0.896,4.95,4.07,0.04,0.83
2005-02-14,1.496,52.58,3.82,20.67,28.09
2005-02-15,27.383,179.35,9.45,72.43,97.47
2005-02-16,38.864,158.99,11.37,63.4,84.22
2005-02-17,15.936,51.88,7.68,19.01,25.2
2005-02-18,17.037,57.84,7.4,21.4,29.04
2005-02-19,17.438,74.87,7.45,28.84,38.59
2005-02-20,23.696,101.78,8.86,39.78,53.14
2005-02-21,17.47,41.18,7.57,13.83,19.77
2005-02-22,15.577,36.32,7.31,11.82,17.18
2005-02-23,11.706,17.11,6.5,3.9,6.71
2005-02-24,9.798,9.56,6.05,1.06,2.45
2005-02-25,8.466,7.89,5.69,0.75,1.45
2005-02-26,7.254,7.17,5.29,0.71,1.16
2005-02-27,6.684,11.89,4.95,2.9,4.04
2005-02-28,16.332,131.86,7.26,53.18,71.42
2005-03-01,14.233,181.61,7.21,75.19,99.21
2005-03-02,15.4,74.5,7.1,28.74,38.65
2005-03-03,12.295,42.18,6.61,15.07,20.5
2005-03-04,24.214,76.87,8.58,28.92,39.38
2005-03-05,22.197,81.44,8.9,30.64,41.9
2005-03-06,13.458,25.48,6.86,7.06,11.56
2005-03-07,10.647,12.29,6.27,1.69,4.33
2005-03-08,8.899,9.21,5.82,0.82,2.56
2005-03-09,7.468,7.7,5.37,0.71,1.62
2005-03-10,6.231,6.8,4.91,0.68,1.21
2005-03-11,5.1,6.2,4.39,0.65,1.16
2005-03-12,4.305,5.86,4.09,0.62,1.16
2005-03-13,3.734,5.81,4.09,0.56,1.16
2005-03-14,3.205,5.76,4.1,0.49,1.17
2005-03-15,2.624,5.66,4.09,0.4,1.17
2005-03-16,2.279,5.56,4.09,0.29,1.18
2005-03-17,1.977,5.49,4.09,0.22,1.19
2005-03-18,1.719,5.42,4.08,0.15,1.19
2005-03-19,2.55,28.29,3.94,9.77,14.58
2005-03-20,4.458,89.56,4.11,36.07,49.38
2005-03-21,4.418,54.38,4.04,21.06,29.28
2005-03-22,15.907,86.47,7.26,33.25,45.96
2005-03-23,40.493,144.4,11.09,57.15,76.16
2005-03-24,19.688,53.67,8.42,18.45,26.8
2005-03-25,13.065,19.1,6.77,3.93,8.4
2005-03-26,10.553,11.6,6.24,1.18,4.17
2005-03-27,9.405,13.05,5.84,2.21,5.01
2005-03-28,16.828,56.93,7.38,20.67,28.88
2005-03-29,16.25,55.41,7.38,20.08,27.95
2005-03-30,13.713,29.65,6.86,8.99,13.8
2005-03-31,10.342,22.73,6.25,6.34,10.13
2005-04-01,8.168,10.12,5.59,1.48,3.05
2005-04-02,7.104,7.41,5.25,0.74,1.43
2005-04-03,7.0,22.06,4.96,7.17,9.92
2005-04-04,19.635,126.32,7.93,50.55,67.84
2005-04-05,12.875,69.44,6.93,26.83,35.69
2005-04-06,8.33,22.6,5.71,7.05,9.84
2005-04-07,6.484,9.72,5.01,1.84,2.87
2005-04-08,8.555,41.77,5.47,14.91,21.39
2005-04-09,11.907,102.49,6.57,41.0,54.91
2005-04-10,7.937,38.16,5.6,13.87,18.7
2005-04-11,6.025,13.26,4.84,3.41,5.01
2005-04-12,4.854,7.19,4.27,1.04,1.87
2005-04-13,4.054,6.0,4.09,0.59,1.32
2005-04-14,3.431,5.82,4.09,0.48,1.25
2005-04-15,2.889,5.75,4.09,0.41,1.25
2005-04-16,2.506,5.68,4.08,0.32,1.27
2005-04-17,2.202,5.62,4.08,0.25,1.29
2005-04-18,1.94,5.58,4.08,0.19,1.31
2005-04-19,1.704,5.56,4.09,0.14,1.33
2005-04-20,1.488,5.51,4.08,0.09,1.34
2005-04-21,1.376,5.51,4.07,0.07,1.36
2005-04-22,1.282,5.51,4.08,0.06,1.38
2005-04-23,1.185,5.51,4.08,0.03,1.4
2005-04-24,1.12,5.5,4.07,0.02,1.42
2005-04-25,1.096,5.51,4.07,0.02,1.43
2005-04-26,1.074,5.51,4.07,0.01,1.43
2005-04-27,1.052,5.51,4.07,0.01,1.43
2005-04-28,6.672,135.73,5.09,55.14,75.5
2005-04-29,7.163,154.46,5.57,63.52,85.36
2005-04-30,3.447,57.5,4.15,22.19,31.16
2005-05-01,2.221,20.41,4.12,5.75,10.54
2005-05-02,1.727,8.15,4.1,0.92,3.13
2005-05-03,1.487,5.79,4.08,0.18,1.53
2005-05-04,1.45,8.7,3.93,1.57,3.2
2005-05-05,10.524,101.37,6.12,39.99,55.26
2005-05-06,9.179,108.33,6.25,43.52,58.56
2005-05-07,4.222,41.94,4.24,15.65,22.06
2005-05-08,2.959,15.9,4.05,4.21,7.65
2005-05-09,8.091,64.64,5.41,24.86,34.37
2005-05-10,8.43,86.65,5.92,34.52,46.22
2005-05-11,4.397,33.42,4.24,12.15,17.04
2005-05-12,3.182,12.34,4.11,2.88,5.34
2005-05-13,2.541,6.7,4.1,0.67,1.94
2005-05-14,2.12,5.75,4.09,0.35,1.31
2005-05-15,1.826,5.58,4.09,0.26,1.24
2005-05-16,1.602,5.52,4.09,0.2,1.24
2005-05-17,1.389,5.47,4.08,0.13,1.25
2005-05-18,1.228,5.43,4.08,0.09,1.26
2005-05-19,1.224,6.63,4.02,0.48,2.13
2005-05-20,1.827,29.38,4.02,10.25,15.11
2005-05-21,1.595,27.06,4.12,9.0,13.93
2005-05-22,1.172,10.92,4.1,2.1,4.72
2005-05-23,1.003,6.11,4.08,0.26,1.77
2005-05-24,0.931,5.44,4.07,0.04,1.33
2005-05-25,0.894,5.38,4.07,0.01,1.3
2005-05-26,0.862,5.37,4.07,0.0,1.3
2005-05-27,0.836,5.38,4.07,0.0,1.31
2005-05-28,0.818,5.38,4.07,0.0,1.31
2005-05-29,0.807,5.38,4.07,0.0,1.31
2005-05-30,0.798,5.38,4.07,0.0,1.31
2005-05-31,0.79,5.37,4.07,0.0,1.31
2005-06-01,0.783,5.37,4.06,0.0,1.31
2005-06-02,0.777,5.37,4.06,0.0,1.3
2005-06-03,0.77,5.36,4.06,0.0,1.3
2005-06-04,0.764,5.36,4.06,0.0,1.29
2005-06-05,0.758,5.35,4.06,0.0,1.29
2005-06-06,0.752,5.35,4.06,0.0,1.28
2005-06-07,0.746,5.34,4.06,0.0,1.28
2005-06-08,0.74,5.34,4.06,0.0,1.27
2005-06-09,0.783,6.73,4.05,0.3,2.39
2005-06-10,0.805,7.48,4.07,0.2,3.21
2005-06-11,0.757,5.75,4.07,0.0,1.67
2005-06-12,0.728,5.35,4.07,0.0,1.28
2005-06-13,0.715,5.31,4.07,0.0,1.24
2005-06-14,0.708,5.3,4.07,0.0,1.24
2005-06-15,0.702,5.3,4.06,0.0,1.23
2005-06-16,0.697,5.29,4.06,0.0,1.23
2005-06-17,0.691,5.29,4.06,0.0,1.22
2005-06-18,0.686,5.28,4.06,0.0,1.22
2005-06-19,0.681,5.28,4.06,0.0,1.21
2005-06-20,0.676,5.27,4.06,0.0,1.21
2005-06-21,0.671,5.26,4.06,0.0,1.2
2005-06-22,0.667,5.26,4.06,0.0,1.19
2005-06-23,0.662,5.25,4.06,0.0,1.19
2005-06-24,0.657,5.25,4.06,0.0,1.18
2005-06-25,0.653,5.24,4.06,0.0,1.18
2005-06-26,0.648,5.24,4.06,0.0,1.17
2005-06-27,0.643,5.23,4.06,0.0,1.17
2005-06-28,0.639,5.22,4.06,0.0,1.16
2005-06-29,0.635,5.22,4.06,0.0,1.15
2005-06-30,0.63,5.21,4.06,0.0,1.15
2005-07-01,0.626,5.21,4.06,0.0,1.14
2005-07-02,0.622,5.2,4.06,0.0,1.14
2005-07-03,0.618,5.2,4.06,0.0,1.13
2005-07-04,0.614,5.19,4.06,0.0,1.12
2005-07-05,0.609,5.18,4.06,0.0,1.12
2005-07-06,0.605,5.18,4.06,0.0,1.11
2005-07-07,0.602,5.17,4.06,0.0,1.11
2005-07-08,0.598,5.17,4.06,0.0,1.1
2005-07-09,0.594,5.16,4.06,0.0,1.09
2005-07-10,0.59,5.15,4.06,0.0,1.09
2005-07-11,0.586,5.15,4.06,0.0,1.08
2005-07-12,0.583,5.14,4.06,0.0,1.08
2005-07-13,0.579,5.14,4.06,0.0,1.07
2005-07-14,0.575,5.13,4.06,0.0,1.06
2005-07-15,0.572,5.12,4.06,0.0,1.06
2005-07-16,0.568,5.12,4.06,0.0,1.05
2005-07-17,0.565,5.11,4.06,0.0,1.05
2005-07-18,0.561,5.1,4.06,0.0,1.04
2005-07-19,0.558,5.1,4.06,0.0,1.03
2005-07-20,0.555,5.09,4.06,0.0,1.03
2005-07-21,0.551,5.09,4.06,0.0,1.02
2005-07-22,0.548,5.08,4.06,0.0,1.02
2005-07-23,0.545,5.07,4.06,0.0,1.01
2005-07-24,0.542,5.07,4.06,0.0,1.0
2005-07-25,0.539,5.06,4.06,0.0,1.0
2005-07-26,0.536,5.06,4.06,0.0,0.99
2005-07-27,0.533,5.05,4.06,0.0,0.98
2005-07-28,0.53,5.04,4.06,0.0,0.98
2005-07-29,0.527,5.04,4.06,0.0,0.97
2005-07-30,0.524,5.03,4.06,0.0,0.97
2005-07-31,0.521,5.02,4.06,0.0,0.96
2005-08-01,0.518,5.02,4.06,0.0,0.95
2005-08-02,0.515,5.01,4.06,0.0,0.95
2005-08-03,0.512,5.01,4.06,0.0,0.94
2005-08-04,0.51,5.0,4.06,0.0,0.93
2005-08-05,0.507,4.99,4.06,0.0,0.93
2005-08-06,0.504,4.99,4.06,0.0,0.92
2005-08-07,0.502,4.98,4.06,0.0,0.92
2005-08-08,0.499,4.97,4.06,0.0,0.91
2005-08-09,0.497,4.97,4.06,0.0,0.9
2005-08-10,0.494,4.96,4.06,0.0,0.9
2005-08-11,0.492,4.96,4.06,0.0,0.89
2005-08-12,0.489,4.95,4.06,0.0,0.89
2005-08-13,0.487,4.94,4.06,0.0,0.88
2005-08-14,0.484,4.94,4.06,0.0,0.87
2005-08-15,0.482,4.93,4.06,0.0,0.87
2005-08-16,0.479,4.92,4.06,0.0,0.86
2005-08-17,0.477,4.92,4.06,0.0,0.85
2005-08-18,0.475,4.91,4.06,0.0,0.85
2005-08-19,0.49,5.37,4.05,0.0,1.32
2005-08-20,0.51,6.45,4.07,0.0,2.39
2005-08-21,0.486,6.0,4.07,0.0,1.93
2005-08-22,0.474,5.79,4.07,0.0,1.72
2005-08-23,0.467,5.15,4.07,0.0,1.08
2005-08-24,0.462,4.91,4.06,0.0,0.85
2005-08-25,0.46,4.87,4.06,0.0,0.81
2005-08-26,0.458,4.87,4.06,0.0,0.8
2005-08-27,0.455,4.86,4.06,0.0,0.8
2005-08-28,0.453,4.85,4.06,0.0,0.79
2005-08-29,0.451,4.85,4.06,0.0,0.78
2005-08-30,0.45,4.84,4.06,0.0,0.78
2005-08-31,0.448,4.84,4.06,0.0,0.77
2005-09-01,0.446,4.83,4.06,0.0,0.77
2005-09-02,0.444,4.82,4.06,0.0,0.76
2005-09-03,0.442,4.82,4.06,0.0,0.75
2005-09-04,0.44,4.81,4.06,0.0,0.75
2005-09-05,0.438,4.81,4.06,0.0,0.74
2005-09-06,0.436,4.8,4.06,0.0,0.74
2005-09-07,0.435,4.79,4.06,0.0,0.73
2005-09-08,0.433,4.79,4.06,0.0,0.72
2005-09-09,0.431,4.78,4.06,0.0,0.72
2005-09-10,0.429,4.78,4.06,0.0,0.71
2005-09-11,0.428,4.77,4.06,0.0,0.71
2005-09-12,0.426,4.77,4.06,0.0,0.7
2005-09-13,0.424,4.76,4.06,0.0,0.7
2005-09-14,0.423,4.75,4.06,0.0,0.69
2005-09-15,0.421,4.75,4.06,0.0,0.68
2005-09-16,0.419,4.74,4.06,0.0,0.68
2005-09-17,0.418,4.74,4.06,0.0,0.67
2005-09-18,0.416,4.73,4.06,0.0,0.67
2005-09-19,0.415,4.73,4.06,0.0,0.66
2005-09-20,0.413,4.72,4.06,0.0,0.66
2005-09-21,0.412,4.71,4.06,0.0,0.65
2005-09-22,0.41,4.71,4.06,0.0,0.64
2005-09-23,0.409,4.7,4.06,0.0,0.64
2005-09-24,0.407,4.7,4.06,0.0,0.63
2005-09-25,0.406,4.69,4.06,0.0,0.63
2005-09-26,0.405,4.69,4.06,0.0,0.62
2005-09-27,0.403,4.68,4.06,0.0,0.62
2005-09-28,0.402,4.68,4.06,0.0,0.61
2005-09-29,0.4,4.67,4.06,0.0,0.61
2005-09-30,0.399,4.67,4.06,0.0,0.6
2005-10-01,0.398,4.66,4.06,0.0,0.6
2005-10-02,0.396,4.66,4.06,0.0,0.59
2005-10-03,0.395,4.65,4.06,0.0,0.59
2005-10-04,0.394,4.64,4.06,0.0,0.58
2005-10-05,0.393,4.64,4.06,0.0,0.57
2005-10-06,0.391,4.63,4.06,0.0,0.57
2005-10-07,0.39,4.62,4.06,0.0,0.56
2005-10-08,0.389,4.62,4.06,0.0,0.55
2005-10-09,0.388,4.61,4.06,0.0,0.55
2005-10-10,0.386,4.6,4.06,0.0,0.54
2005-10-11,0.385,4.6,4.06,0.0,0.53
2005-10-12,0.384,4.59,4.06,0.0,0.53
2005-10-13,0.383,4.59,4.06,0.0,0.52
2005-10-14,0.382,4.58,4.06,0.0,0.52
2005-10-15,2.122,130.37,3.71,52.67,73.99
2005-10-16,4.406,223.48,4.37,93.45,125.65
2005-10-17,1.997,162.06,4.21,63.11,94.74
2005-10-18,0.912,84.44,4.19,22.09,58.17
2005-10-19,0.506,22.47,4.14,0.01,18.32
2005-10-20,0.399,6.98,4.08,0.0,2.9
2005-10-21,0.38,4.8,4.07,0.0,0.73
2005-10-22,0.375,4.61,4.07,0.0,0.54
2005-10-23,0.371,4.59,4.07,0.0,0.52
2005-10-24,0.367,4.59,4.07,0.0,0.52
2005-10-25,0.362,4.58,4.07,0.0,0.52
2005-10-26,0.358,4.58,4.07,0.0,0.51
2005-10-27,0.353,4.58,4.07,0.0,0.51
2005-10-28,0.349,4.57,4.07,0.0,0.51
2005-10-29,0.345,4.57,4.07,0.0,0.51
2005-10-30,0.341,4.57,4.07,0.0,0.5
2005-10-31,0.337,4.57,4.07,0.0,0.5
2005-11-01,0.333,4.56,4.07,0.0,0.5
2005-11-02,0.329,4.56,4.07,0.0,0.5
2005-11-03,0.325,4.56,4.07,0.0,0.49
2005-11-04,0.321,4.56,4.07,0.0,0.49
2005-11-05,0.318,4.55,4.07,0.0,0.49
2005-11-06,0.314,4.55,4.07,0.0,0.48
2005-11-07,0.31,4.54,4.07,0.0,0.48
2005-11-08,0.344,5.36,4.03,0.0,1.32
2005-11-09,0.401,7.06,4.03,0.0,3.03
2005-11-10,0.43,8.89,4.08,0.0,4.81
2005-11-11,0.348,6.28,4.1,0.0,2.18
2005-11-12,0.303,4.77,4.08,0.0,0.7
2005-11-13,0.291,4.54,4.07,0.0,0.47
2005-11-14,0.286,4.52,4.07,0.0,0.45
2005-11-15,0.283,4.51,4.07,0.0,0.44
2005-11-16,0.279,4.51,4.07,0.0,0.44
2005-11-17,0.276,4.5,4.07,0.0,0.44
2005-11-18,0.273,4.5,4.07,0.0,0.43
2005-11-19,0.27,4.5,4.07,0.0,0.43
2005-11-20,0.266,4.49,4.07,0.0,0.43
2005-11-21,0.263,4.49,4.07,0.0,0.42
2005-11-22,0.26,4.48,4.07,0.0,0.42
2005-11-23,0.257,4.48,4.07,0.0,0.42
2005-11-24,0.254,4.48,4.07,0.0,0.41
2005-11-25,0.251,4.48,4.06,0.0,0.41
2005-11-26,0.249,4.49,4.07,0.0,0.42
2005-11-27,0.246,4.47,4.07,0.0,0.4
2005-11-28,0.308,9.59,3.73,1.53,4.32
2005-11-29,3.447,125.64,4.07,50.29,71.28
2005-11-30,4.852,113.55,4.58,46.39,62.58
2005-12-01,6.073,98.69,4.91,39.62,54.16
2005-12-02,18.347,151.17,7.89,61.26,82.02
2005-12-03,7.067,116.24,5.76,47.22,63.27
2005-12-04,2.442,83.27,4.23,32.37,46.67
2005-12-05,0.992,45.96,4.21,12.57,29.18
2005-12-06,0.46,15.77,4.17,0.02,11.57
2005-12-07,0.304,6.45,4.1,0.0,2.35
2005-12-08,0.269,4.75,4.08,0.0,0.68
2005-12-09,0.257,4.57,4.07,0.0,0.5
2005-12-10,0.249,4.55,4.07,0.0,0.48
2005-12-11,0.243,4.53,4.07,0.0,0.47
2005-12-12,0.238,4.52,4.07,0.0,0.45
2005-12-13,0.233,4.51,4.07,0.0,0.44
2005-12-14,0.229,4.5,4.07,0.0,0.43
2005-12-15,0.224,4.49,4.07,0.0,0.43
2005-12-16,0.22,4.48,4.07,0.0,0.42
2005-12-17,0.309,6.92,3.07,0.98,2.88
2005-12-18,42.35,259.56,11.67,105.18,142.72
2005-12-19,29.922,197.72,11.03,79.98,106.71
2005-12-20,6.45,104.22,5.62,42.2,56.4
2005-12-21,2.764,70.18,4.08,26.36,39.73
2005-12-22,12.202,158.6,6.53,64.36,87.71
2005-12-23,16.198,332.46,8.09,139.31,185.06
2005-12-24,4.565,207.18,4.69,86.26,116.24
2005-12-25,2.312,110.06,4.05,41.94,64.07
2005-12-26,17.279,149.47,7.67,60.4,81.41
2005-12-27,9.822,190.08,6.69,78.79,104.6
2005-12-28,7.253,117.15,5.08,46.85,65.22
2005-12-29,7.674,159.18,5.75,65.22,88.21
2005-12-30,3.251,81.36,4.14,32.17,45.05
2005-12-31,59.797,539.42,13.85,219.78,305.79
2006-01-01,24.903,369.47,10.8,152.12,206.55
2006-01-02,37.52,184.16,10.89,73.45,99.82
2006-01-03,32.141,214.64,11.42,86.33,116.9
2006-01-04,11.761,52.23,6.63,19.63,25.97
2006-01-05,8.766,16.73,5.79,4.58,6.37
2006-01-06,7.554,8.51,5.39,1.2,1.93
2006-01-07,7.674,11.94,5.34,2.7,3.9
2006-01-08,7.295,21.53,5.36,6.77,9.4
2006-01-09,5.872,9.53,4.74,1.92,2.87
2006-01-10,5.281,6.58,4.44,0.81,1.32
2006-01-11,4.831,6.06,4.21,0.69,1.15
2006-01-12,4.452,5.89,4.08,0.67,1.13
2006-01-13,3.9,5.87,4.09,0.65,1.13
2006-01-14,8.58,62.66,5.59,24.04,33.03
2006-01-15,12.471,116.63,6.89,47.03,62.72
2006-01-16,6.207,43.96,5.01,16.62,22.33
2006-01-17,4.683,14.74,4.18,4.23,6.33
2006-01-18,4.63,9.16,4.11,1.91,3.13
2006-01-19,6.991,40.41,5.15,14.91,20.35
2006-01-20,4.951,30.58,4.38,11.07,15.13
2006-01-21,3.993,11.43,4.09,2.92,4.42
2006-01-22,3.492,6.59,4.09,0.9,1.61
2006-01-23,2.952,5.84,4.09,0.58,1.16
2006-01-24,2.52,5.67,4.08,0.49,1.09
2006-01-25,2.281,5.6,4.08,0.44,1.08
2006-01-26,2.086,5.56,4.08,0.4,1.08
2006-01-27,1.883,5.49,4.08,0.34,1.07
2006-01-28,1.712,5.4,4.08,0.26,1.06
2006-01-29,1.607,5.35,4.07,0.22,1.06
2006-01-30,1.551,6.01,4.05,0.39,1.57
2006-01-31,2.111,23.54,4.01,7.65,11.88
2006-02-01,2.133,35.86,4.11,13.24,18.51
2006-02-02,1.634,16.71,4.09,4.83,7.79
2006-02-03,1.605,9.71,4.06,1.99,3.66
2006-02-04,1.496,9.41,4.09,1.96,3.36
2006-02-05,1.245,6.49,4.09,0.63,1.76
2006-02-06,1.024,5.38,4.1,0.15,1.13
2006-02-07,0.839,5.1,4.09,0.03,0.98
2006-02-08,0.751,5.02,4.07,0.0,0.95
2006-02-09,0.726,5.03,4.07,0.0,0.96
2006-02-10,0.695,5.02,4.07,0.0,0.95
2006-02-11,0.656,5.02,4.07,0.0,0.94
2006-02-12,0.616,5.01,4.07,0.0,0.93
2006-02-13,0.582,5.0,4.07,0.0,0.93
2006-02-14,0.553,5.0,4.07,0.0,0.93
2006-02-15,0.524,5.01,4.07,0.0,0.94
2006-02-16,0.498,5.01,4.07,0.0,0.94
2006-02-17,0.558,9.69,3.95,0.38,5.36
2006-02-18,1.929,86.61,3.92,32.65,50.04
2006-02-19,1.973,91.43,4.15,35.94,51.35
2006-02-20,1.124,36.69,4.15,11.92,20.62
2006-02-21,0.745,10.29,4.11,0.99,5.18
2006-02-22,0.616,5.52,4.08,0.0,1.44
2006-02-23,0.565,5.05,4.08,0.0,0.97
2006-02-24,0.525,5.01,4.08,0.0,0.93
2006-02-25,0.489,5.0,4.07,0.0,0.93
2006-02-26,0.461,5.0,4.07,0.0,0.93
2006-02-27,3.178,85.83,4.28,34.35,47.21
2006-02-28,21.747,136.65,8.27,54.48,73.9
2006-03-01,12.119,113.1,7.21,45.31,60.58
2006-03-02,7.368,61.76,5.26,23.65,32.85
2006-03-03,13.776,105.05,6.7,41.56,56.8
2006-03-04,10.272,107.81,6.49,43.39,57.93
2006-03-05,5.584,35.04,4.56,12.77,17.71
2006-03-06,18.918,102.44,7.66,40.12,54.66
2006-03-07,22.347,168.99,8.78,68.72,91.5
2006-03-08,12.049,68.51,6.73,26.54,35.24
2006-03-09,7.703,19.35,5.51,5.73,8.1
2006-03-10,5.987,8.6,4.8,1.42,2.38
2006-03-11,5.737,8.69,4.64,1.4,2.65
2006-03-12,7.301,21.12,5.12,6.52,9.48
2006-03-13,8.966,37.6,5.86,13.46,18.28
2006-03-14,14.372,97.47,6.9,38.36,52.21
2006-03-15,13.204,149.37,7.14,61.24,80.99
2006-03-16,8.23,44.58,5.5,16.44,22.63
2006-03-17,17.205,99.91,7.49,38.7,53.72
2006-03-18,13.158,92.43,7.07,36.67,48.69
2006-03-19,8.011,25.88,5.62,8.48,11.77
2006-03-20,9.401,34.37,5.64,11.89,16.84
2006-03-21,18.641,74.82,7.85,28.52,38.46
2006-03-22,11.913,36.65,6.67,12.82,17.16
2006-03-23,8.106,13.4,5.61,3.12,4.67
2006-03-24,6.665,7.73,5.09,0.98,1.66
2006-03-25,31.273,321.1,9.84,125.35,185.91
2006-03-26,18.884,192.07,8.54,78.61,104.92
2006-03-27,10.406,43.78,6.28,15.96,21.55
2006-03-28,8.465,14.07,5.65,3.18,5.25
2006-03-29,11.325,31.93,6.21,10.58,15.15
2006-03-30,10.678,58.24,6.39,22.21,29.64
2006-03-31,7.856,17.82,5.41,5.16,7.25
2006-04-01,12.137,70.05,6.45,27.1,36.5
2006-04-02,10.109,53.13,6.03,20.03,27.07
2006-04-03,20.602,72.26,8.02,26.54,37.7
2006-04-04,56.435,160.88,12.48,60.7,87.7
2006-04-05,42.2,108.2,11.7,38.2,58.3
2006-04-06,26.91,35.79,9.35,6.95,19.49
2006-04-07,20.473,22.53,8.26,1.54,12.73
2006-04-08,18.406,22.05,7.81,2.07,12.18
2006-04-09,15.52,19.85,7.24,1.76,10.85
2006-04-10,12.836,15.33,6.7,0.89,7.75
2006-04-11,10.931,12.19,6.3,0.78,5.11
2006-04-12,13.335,23.44,6.62,5.88,10.94
2006-04-13,16.236,46.2,7.51,15.65,23.03
2006-04-14,10.928,19.15,6.36,4.76,8.04
2006-04-15,8.933,10.26,5.84,1.23,3.19
2006-04-16,14.548,180.82,6.9,65.16,108.75
2006-04-17,19.763,180.25,8.31,72.03,99.9
2006-04-18,12.085,38.54,6.65,12.96,18.93
2006-04-19,8.786,14.84,5.82,2.98,6.04
2006-04-20,7.016,9.23,5.22,1.03,2.98
2006-04-21,5.801,7.05,4.72,0.72,1.62
2006-04-22,4.891,6.14,4.29,0.65,1.2
2006-04-23,4.106,5.81,4.08,0.59,1.14
2006-04-24,3.765,5.78,4.08,0.56,1.14
2006-04-25,3.188,5.75,4.09,0.51,1.14
2006-04-26,2.671,5.65,4.09,0.43,1.13
2006-04-27,2.231,5.55,4.09,0.33,1.13
2006-04-28,1.871,5.46,4.09,0.24,1.13
2006-04-29,1.607,5.4,4.09,0.18,1.12
2006-04-30,1.403,5.34,4.09,0.14,1.12
2006-05-01,1.23,5.28,4.09,0.09,1.11
2006-05-02,1.086,5.23,4.08,0.04,1.1
2006-05-03,0.973,5.2,4.08,0.02,1.11
2006-05-04,0.903,5.2,4.07,0.01,1.12
2006-05-05,0.866,5.19,4.07,0.0,1.12
2006-05-06,0.846,5.19,4.07,0.0,1.13
2006-05-07,0.834,5.19,4.07,0.0,1.13
2006-05-08,0.825,5.19,4.07,0.0,1.12
2006-05-09,0.817,5.19,4.07,0.0,1.12
2006-05-10,0.809,5.18,4.07,0.0,1.12
2006-05-11,0.801,5.18,4.07,0.0,1.12
2006-05-12,0.794,5.18,4.07,0.0,1.11
2006-05-13,0.786,5.18,4.07,0.0,1.11
2006-05-14,0.779,5.17,4.07,0.0,1.11
2006-05-15,0.772,5.17,4.07,0.0,1.1
2006-05-16,0.765,5.17,4.07,0.0,1.1
2006-05-17,0.758,5.16,4.07,0.0,1.1
2006-05-18,0.751,5.16,4.07,0.0,1.09
2006-05-19,0.744,5.16,4.07,0.0,1.09
2006-05-20,0.737,5.15,4.07,0.0,1.09
2006-05-21,0.734,5.16,4.06,0.0,1.1
2006-05-22,2.613,39.91,3.82,14.98,21.11
2006-05-23,4.617,70.79,4.39,28.08,38.33
2006-05-24,2.413,46.91,4.17,17.29,25.45
2006-05-25,1.394,20.25,4.14,5.21,10.91
2006-05-26,1.012,8.06,4.1,0.76,3.2
2006-05-27,0.849,5.46,4.09,0.07,1.31
2006-05-28,0.775,5.13,4.07,0.0,1.05
2006-05-29,0.735,5.1,4.07,0.0,1.03
2006-05-30,0.706,5.1,4.07,0.0,1.03
2006-05-31,0.686,5.1,4.07,0.0,1.04
2006-06-01,0.673,5.1,4.07,0.0,1.04
2006-06-02,0.664,5.1,4.07,0.0,1.04
2006-06-03,0.658,5.1,4.07,0.0,1.04
2006-06-04,0.652,5.1,4.06,0.0,1.03
2006-06-05,0.646,5.09,4.06,0.0,1.03
2006-06-06,0.641,5.09,4.06,0.0,1.02
2006-06-07,0.636,5.09,4.06,0.0,1.02
2006-06-08,0.631,5.08,4.06,0.0,1.02
2006-06-09,0.626,5.08,4.06,0.0,1.01
2006-06-10,0.621,5.07,4.06,0.0,1.01
2006-06-11,0.617,5.07,4.06,0.0,1.0
2006-06-12,0.612,5.06,4.06,0.0,1.0
2006-06-13,0.608,5.06,4.06,0.0,0.99
2006-06-14,0.603,5.05,4.06,0.0,0.99
2006-06-15,0.599,5.05,4.06,0.0,0.98
2006-06-16,0.594,5.04,4.06,0.0,0.98
2006-06-17,0.59,5.04,4.06,0.0,0.97
2006-06-18,0.586,5.03,4.06,0.0,0.97
2006-06-19,0.582,5.03,4.06,0.0,0.97
2006-06-20,0.578,5.03,4.06,0.0,0.96
2006-06-21,0.574,5.02,4.06,0.0,0.96
2006-06-22,0.57,5.02,4.06,0.0,0.95
2006-06-23,0.566,5.01,4.06,0.0,0.95
2006-06-24,0.562,5.01,4.06,0.0,0.94
2006-06-25,0.558,5.0,4.06,0.0,0.94
2006-06-26,0.555,5.0,4.06,0.0,0.93
2006-06-27,0.551,4.99,4.06,0.0,0.93
2006-06-28,0.547,4.99,4.06,0.0,0.92
2006-06-29,0.544,4.98,4.06,0.0,0.92
2006-06-30,0.54,4.98,4.06,0.0,0.91
2006-07-01,0.537,4.97,4.06,0.0,0.91
2006-07-02,0.533,4.97,4.06,0.0,0.9
2006-07-03,0.53,4.96,4.06,0.0,0.9
2006-07-04,0.527,4.96,4.06,0.0,0.89
2006-07-05,0.524,4.95,4.06,0.0,0.89
2006-07-06,0.52,4.95,4.06,0.0,0.88
2006-07-07,0.517,4.94,4.06,0.0,0.88
2006-07-08,0.514,4.93,4.06,0.0,0.87
2006-07-09,0.511,4.93,4.06,0.0,0.86
2006-07-10,0.508,4.92,4.06,0.0,0.86
2006-07-11,0.505,4.92,4.06,0.0,0.85
2006-07-12,0.502,4.91,4.06,0.0,0.85
2006-07-13,0.499,4.91,4.06,0.0,0.84
2006-07-14,0.497,4.9,4.06,0.0,0.84
2006-07-15,0.494,4.9,4.06,0.0,0.83
2006-07-16,0.491,4.89,4.06,0.0,0.83
2006-07-17,0.488,4.89,4.06,0.0,0.82
2006-07-18,0.486,4.88,4.06,0.0,0.82
2006-07-19,0.483,4.88,4.06,0.0,0.81
2006-07-20,0.48,4.87,4.06,0.0,0.81
2006-07-21,0.478,4.87,4.06,0.0,0.8
2006-07-22,0.475,4.86,4.06,0.0,0.8
2006-07-23,0.473,4.86,4.06,0.0,0.79
2006-07-24,0.47,4.85,4.06,0.0,0.79
2006-07-25,0.468,4.84,4.06,0.0,0.78
2006-07-26,0.466,4.84,4.06,0.0,0.77
2006-07-27,0.463,4.83,4.06,0.0,0.77
2006-07-28,0.461,4.83,4.06,0.0,0.76
2006-07-29,0.459,4.82,4.06,0.0,0.76
2006-07-30,0.456,4.82,4.06,0.0,0.75
2006-07-31,0.454,4.81,4.06,0.0,0.75
2006-08-01,0.452,4.81,4.06,0.0,0.74
2006-08-02,0.45,4.8,4.06,0.0,0.74
2006-08-03,0.448,4.8,4.06,0.0,0.73
2006-08-04,0.446,4.79,4.06,0.0,0.73
2006-08-05,0.444,4.79,4.06,0.0,0.72
2006-08-06,0.442,4.78,4.06,0.0,0.72
2006-08-07,0.44,4.78,4.06,0.0,0.71
2006-08-08,0.438,4.77,4.06,0.0,0.71
2006-08-09,0.436,4.77,4.06,0.0,0.7
2006-08-10,0.434,4.76,4.06,0.0,0.7
2006-08-11,0.432,4.75,4.06,0.0,0.69
2006-08-12,0.43,4.75,4.06,0.0,0.69
2006-08-13,0.428,4.74,4.06,0.0,0.68
2006-08-14,0.426,4.74,4.06,0.0,0.67
2006-08-15,0.424,4.73,4.06,0.0,0.67
2006-08-16,0.423,4.73,4.06,0.0,0.66
2006-08-17,0.421,4.72,4.06,0.0,0.66
2006-08-18,0.419,4.72,4.06,0.0,0.65
2006-08-19,0.418,4.71,4.06,0.0,0.65
2006-08-20,0.416,4.71,4.06,0.0,0.64
2006-08-21,0.414,4.7,4.06,0.0,0.64
2006-08-22,0.413,4.7,4.06,0.0,0.63
2006-08-23,0.411,4.69,4.06,0.0,0.63
2006-08-24,0.409,4.69,4.06,0.0,0.62
2006-08-25,0.408,4.68,4.06,0.0,0.62
2006-08-26,0.406,4.68,4.06,0.0,0.61
2006-08-27,0.405,4.67,4.06,0.0,0.61
2006-08-28,0.403,4.67,4.06,0.0,0.6
2006-08-29,0.402,4.66,4.06,0.0,0.6
2006-08-30,0.4,4.65,4.06,0.0,0.59
2006-08-31,0.399,4.65,4.06,0.0,0.58
2006-09-01,0.398,4.64,4.06,0.0,0.58
2006-09-02,0.396,4.64,4.06,0.0,0.57
2006-09-03,0.395,4.63,4.06,0.0,0.57
2006-09-04,0.393,4.62,4.06,0.0,0.56
2006-09-05,0.392,4.62,4.06,0.0,0.55
2006-09-06,0.391,4.61,4.06,0.0,0.55
2006-09-07,0.389,4.6,4.06,0.0,0.54
2006-09-08,0.388,4.6,4.06,0.0,0.54
2006-09-09,0.387,4.59,4.06,0.0,0.53
2006-09-10,0.386,4.59,4.06,0.0,0.52
2006-09-11,0.384,4.58,4.06,0.0,0.52
2006-09-12,0.383,4.58,4.06,0.0,0.51
2006-09-13,0.382,4.57,4.06,0.0,0.51
2006-09-14,0.381,4.57,4.06,0.0,0.5
2006-09-15,0.38,4.56,4.06,0.0,0.5
2006-09-16,0.378,4.55,4.06,0.0,0.49
2006-09-17,0.377,4.55,4.06,0.0,0.49
2006-09-18,0.376,4.54,4.06,0.0,0.48
2006-09-19,0.375,4.54,4.06,0.0,0.47
2006-09-20,0.374,4.53,4.06,0.0,0.47
2006-09-21,0.373,4.53,4.06,0.0,0.46
2006-09-22,0.372,4.52,4.06,0.0,0.46
2006-09-23,0.371,4.52,4.06,0.0,0.45
2006-09-24,0.37,4.51,4.06,0.0,0.45
2006-09-25,0.369,4.51,4.06,0.0,0.44
2006-09-26,0.368,4.5,4.06,0.0,0.44
2006-09-27,0.367,4.5,4.06,0.0,0.44
2006-09-28,0.366,4.49,4.06,0.0,0.43
2006-09-29,0.365,4.49,4.06,0.0,0.42
2006-09-30,0.364,4.48,4.06,0.0,0.42
2006-10-01,0.363,4.48,4.06,0.0,0.41
2006-10-02,0.362,4.47,4.06,0.0,0.41
2006-10-03,0.361,4.46,4.06,0.0,0.4
2006-10-04,0.36,4.46,4.06,0.0,0.4
2006-10-05,0.362,4.5,4.06,0.0,0.44
2006-10-06,0.501,10.19,3.96,0.01,6.22
2006-10-07,0.687,20.28,4.07,0.01,16.19
2006-10-08,0.511,13.03,4.13,0.0,8.9
2006-10-09,0.384,6.11,4.09,0.0,2.02
2006-10-10,0.349,4.6,4.07,0.0,0.53
2006-10-11,0.341,4.44,4.07,0.0,0.38
2006-10-12,0.336,4.43,4.07,0.0,0.36
2006-10-13,0.332,4.43,4.07,0.0,0.36
2006-10-14,0.328,4.42,4.07,0.0,0.36
2006-10-15,0.324,4.42,4.07,0.0,0.35
2006-10-16,0.32,4.42,4.07,0.0,0.35
2006-10-17,0.317,4.41,4.07,0.0,0.35
2006-10-18,0.313,4.41,4.07,0.0,0.35
2006-10-19,0.309,4.41,4.07,0.0,0.34
2006-10-20,0.306,4.41,4.07,0.0,0.34
2006-10-21,0.302,4.4,4.07,0.0,0.34
2006-10-22,0.298,4.4,4.07,0.0,0.34
2006-10-23,0.295,4.4,4.07,0.0,0.33
2006-10-24,0.291,4.4,4.07,0.0,0.33
2006-10-25,0.288,4.39,4.07,0.0,0.33
2006-10-26,0.285,4.39,4.07,0.0,0.33
2006-10-27,0.281,4.39,4.07,0.0,0.32
2006-10-28,0.278,4.39,4.07,0.0,0.32
2006-10-29,0.275,4.38,4.07,0.0,0.32
2006-10-30,0.272,4.38,4.07,0.0,0.32
2006-10-31,0.268,4.38,4.07,0.0,0.31
2006-11-01,0.265,4.38,4.07,0.0,0.31
2006-11-02,0.263,4.37,4.06,0.0,0.31
2006-11-03,0.446,12.8,3.88,0.22,8.7
2006-11-04,0.965,35.26,4.02,10.25,20.99
2006-11-05,0.727,24.68,4.17,4.62,15.89
2006-11-06,0.38,9.98,4.16,0.0,5.82
2006-11-07,0.27,5.18,4.09,0.0,1.09
2006-11-08,0.247,4.43,4.07,0.0,0.36
2006-11-09,0.242,4.36,4.07,0.0,0.3
2006-11-10,0.239,4.36,4.07,0.0,0.29
2006-11-11,0.68,32.16,3.8,5.72,22.64
2006-11-12,2.03,131.23,4.0,52.08,75.14
2006-11-13,1.916,105.55,3.89,41.13,60.53
2006-11-14,9.792,127.4,5.93,51.33,70.14
2006-11-15,5.857,114.54,5.19,46.62,62.72
2006-11-16,2.413,79.71,4.2,30.69,44.83
2006-11-17,1.038,53.0,4.21,15.83,32.95
2006-11-18,0.454,18.45,4.19,0.05,14.21
2006-11-19,0.278,6.85,4.11,0.0,2.74
2006-11-20,0.241,4.63,4.08,0.0,0.55
2006-11-21,0.231,4.42,4.07,0.0,0.35
2006-11-22,0.226,4.4,4.07,0.0,0.33
2006-11-23,0.222,4.39,4.07,0.0,0.32
2006-11-24,0.218,4.38,4.07,0.0,0.31
2006-11-25,0.214,4.37,4.07,0.0,0.31
2006-11-26,0.28,8.77,3.93,0.18,4.66
2006-11-27,1.141,36.2,3.84,9.79,22.57
2006-11-28,2.19,60.12,4.06,22.04,34.02
2006-11-29,1.37,50.54,4.19,17.31,29.04
2006-11-30,0.586,22.5,4.22,2.1,16.18
2006-12-01,0.283,8.7,4.15,0.0,4.55
2006-12-02,0.213,4.86,4.09,0.0,0.77
2006-12-03,0.198,4.38,4.07,0.0,0.31
2006-12-04,0.193,4.34,4.07,0.0,0.27
2006-12-05,0.19,4.33,4.07,0.0,0.26
2006-12-06,0.187,4.32,4.07,0.0,0.26
2006-12-07,0.185,4.32,4.07,0.0,0.25
2006-12-08,0.182,4.31,4.07,0.0,0.25
2006-12-09,0.541,74.13,3.58,29.58,40.98
2006-12-10,10.759,169.03,6.39,68.61,94.02
2006-12-11,9.032,220.01,6.46,91.61,121.94
2006-12-12,21.011,241.13,8.48,99.28,133.37
2006-12-13,12.89,238.89,7.87,99.28,131.74
2006-12-14,3.307,130.8,4.28,52.91,73.61
2006-12-15,1.345,85.32,4.21,28.35,52.75
2006-12-16,0.596,33.46,4.19,2.46,26.81
2006-12-17,0.334,10.83,4.13,0.0,6.7
2006-12-18,0.27,5.3,4.08,0.0,1.22
2006-12-19,0.252,4.64,4.07,0.0,0.57
2006-12-20,0.236,4.56,4.08,0.0,0.48
2006-12-21,0.676,67.12,3.74,25.41,37.96
2006-12-22,3.851,91.86,4.08,34.72,53.06
2006-12-23,3.723,112.59,4.26,45.05,63.27
2006-12-24,1.58,81.04,4.22,30.15,46.67
2006-12-25,0.648,35.9,4.22,5.23,26.46
2006-12-26,0.302,12.17,4.16,0.0,8.01
2006-12-27,2.613,77.76,3.84,30.72,43.2
2006-12-28,4.784,115.0,4.57,46.39,64.04
2006-12-29,2.015,80.8,4.22,30.46,46.12
2006-12-30,0.814,43.56,4.22,9.57,29.78
2006-12-31,0.35,15.75,4.18,0.0,11.56
2007-01-01,0.224,6.23,4.11,0.0,2.13
2007-01-02,0.193,4.59,4.08,0.0,0.51
2007-01-03,0.18,4.41,4.07,0.0,0.34
2007-01-04,0.173,4.4,4.07,0.0,0.34
2007-01-05,0.179,4.79,4.05,0.0,0.73
2007-01-06,0.179,4.78,4.08,0.0,0.7
2007-01-07,0.164,4.44,4.08,0.0,0.36
2007-01-08,0.155,4.34,4.07,0.0,0.27
2007-01-09,0.151,4.32,4.07,0.0,0.26
2007-01-10,0.149,4.32,4.07,0.0,0.25
2007-01-11,0.146,4.31,4.07,0.0,0.25
2007-01-12,0.144,4.31,4.07,0.0,0.24
2007-01-13,0.142,4.3,4.07,0.0,0.23
2007-01-14,0.14,4.3,4.07,0.0,0.23
2007-01-15,0.138,4.29,4.07,0.0,0.23
2007-01-16,0.136,4.29,4.07,0.0,0.23
2007-01-17,0.134,4.29,4.07,0.0,0.22
2007-01-18,0.133,4.3,4.07,0.0,0.23
2007-01-19,0.132,4.29,4.07,0.0,0.22
2007-01-20,0.13,4.28,4.07,0.0,0.22
2007-01-21,0.128,4.28,4.07,0.0,0.22
2007-01-22,0.126,4.28,4.07,0.0,0.21
2007-01-23,0.125,4.28,4.07,0.0,0.21
2007-01-24,0.123,4.27,4.07,0.0,0.21
2007-01-25,0.122,4.27,4.07,0.0,0.21
2007-01-26,0.12,4.27,4.07,0.0,0.2
2007-01-27,0.245,23.5,3.34,5.9,14.26
2007-01-28,1.263,46.64,4.03,12.61,30.0
2007-01-29,1.792,64.26,4.03,23.53,36.7
2007-01-30,1.204,59.04,4.19,20.23,34.62
2007-01-31,0.493,25.96,4.24,1.09,20.63
2007-02-01,0.204,10.71,4.18,0.0,6.53
2007-02-02,0.134,4.99,4.1,0.0,0.88
2007-02-03,0.118,4.32,4.07,0.0,0.24
2007-02-04,0.113,4.27,4.07,0.0,0.2
2007-02-05,0.11,4.26,4.07,0.0,0.19
2007-02-06,0.108,4.25,4.07,0.0,0.19
2007-02-07,0.107,4.25,4.07,0.0,0.18
2007-02-08,0.109,4.37,4.01,0.0,0.36
2007-02-09,2.35,64.02,3.73,24.39,35.9
2007-02-10,17.435,109.63,7.32,43.42,58.88
2007-02-11,23.803,148.03,9.09,59.62,79.32
2007-02-12,7.033,104.08,5.74,42.15,56.19
2007-02-13,3.255,75.24,4.16,29.12,41.96
2007-02-14,1.945,77.25,4.14,28.91,44.21
2007-02-15,1.078,62.86,4.18,20.87,37.81
2007-02-16,0.54,19.81,4.17,0.44,15.2
2007-02-17,0.313,7.54,4.14,0.0,3.4
2007-02-18,0.219,4.97,4.1,0.0,0.86
2007-02-19,0.189,4.61,4.08,0.0,0.53
2007-02-20,0.171,4.53,4.08,0.0,0.45
2007-02-21,0.158,4.48,4.08,0.0,0.41
2007-02-22,5.397,159.44,4.81,64.83,89.8
2007-02-23,8.77,189.82,6.09,78.51,105.22
2007-02-24,3.124,103.05,4.22,41.27,57.55
2007-02-25,2.974,61.5,3.88,22.8,34.82
2007-02-26,10.17,80.92,5.77,31.55,43.6
2007-02-27,17.611,101.57,7.74,40.12,53.71
2007-02-28,10.641,95.14,6.5,37.9,50.74
2007-03-01,3.953,72.51,4.4,28.71,39.4
2007-03-02,1.83,40.36,4.19,13.94,22.23
2007-03-03,1.0,16.86,4.14,3.45,9.27
2007-03-04,0.691,6.86,4.11,0.1,2.65
2007-03-05,0.518,5.19,4.12,0.0,1.07
2007-03-06,0.394,4.85,4.1,0.0,0.75
2007-03-07,0.334,4.79,4.09,0.0,0.7
2007-03-08,0.288,4.71,4.08,0.0,0.62
2007-03-09,0.255,4.67,4.08,0.0,0.58
2007-03-10,0.226,4.62,4.08,0.0,0.53
2007-03-11,0.203,4.55,4.08,0.0,0.47
2007-03-12,0.184,4.5,4.08,0.0,0.42
2007-03-13,0.167,4.44,4.08,0.0,0.36
2007-03-14,0.149,4.39,4.08,0.0,0.31
2007-03-15,0.135,4.33,4.08,0.0,0.25
2007-03-16,0.125,4.3,4.07,0.0,0.23
2007-03-17,0.119,4.28,4.07,0.0,0.21
2007-03-18,0.114,4.27,4.07,0.0,0.2
2007-03-19,0.11,4.27,4.07,0.0,0.2
2007-03-20,0.108,4.26,4.07,0.0,0.2
2007-03-21,0.105,4.26,4.07,0.0,0.19
2007-03-22,0.104,4.26,4.07,0.0,0.19
2007-03-23,0.102,4.26,4.07,0.0,0.19
2007-03-24,0.101,4.25,4.07,0.0,0.19
2007-03-25,0.1,4.25,4.07,0.0,0.18
2007-03-26,0.112,7.82,3.94,0.0,3.88
2007-03-27,0.318,32.62,3.92,0.0,28.7
2007-03-28,0.481,21.98,4.06,0.0,17.91
2007-03-29,0.336,14.79,4.17,0.0,10.62
2007-03-30,0.169,8.17,4.17,0.0,3.99
2007-03-31,0.108,4.74,4.11,0.0,0.64
2007-04-01,0.094,4.27,4.07,0.0,0.2
2007-04-02,0.091,4.24,4.07,0.0,0.17
2007-04-03,0.089,4.23,4.07,0.0,0.17
2007-04-04,0.088,4.23,4.07,0.0,0.17
2007-04-05,0.087,4.23,4.07,0.0,0.16
2007-04-06,0.086,4.23,4.07,0.0,0.16
2007-04-07,0.085,4.22,4.07,0.0,0.16
2007-04-08,0.084,4.22,4.07,0.0,0.16
2007-04-09,0.083,4.22,4.07,0.0,0.16
2007-04-10,0.082,4.22,4.07,0.0,0.15
2007-04-11,0.089,4.85,3.99,0.0,0.86
2007-04-12,0.211,19.1,3.95,0.0,15.14
2007-04-13,0.212,20.29,4.14,0.0,16.15
2007-04-14,0.58,66.84,3.87,17.6,45.37
2007-04-15,1.449,61.88,3.93,17.06,40.9
2007-04-16,1.733,61.62,4.13,21.55,35.94
2007-04-17,0.846,38.36,4.22,9.13,25.02
2007-04-18,0.294,17.95,4.26,0.0,13.7
2007-04-19,0.117,7.46,4.18,0.0,3.28
2007-04-20,0.477,30.36,3.92,1.24,25.2
2007-04-21,0.613,39.6,4.03,0.01,35.57
2007-04-22,3.255,108.18,3.92,41.67,62.59
2007-04-23,3.961,153.83,4.34,63.22,86.26
2007-04-24,1.566,97.87,4.23,37.62,56.01
2007-04-25,0.552,44.84,4.26,5.25,35.33
2007-04-26,0.179,18.54,4.24,0.0,14.31
2007-04-27,0.091,5.91,4.13,0.0,1.78
2007-04-28,0.075,4.31,4.08,0.0,0.23
2007-04-29,0.07,4.22,4.07,0.0,0.15
2007-04-30,0.068,4.21,4.07,0.0,0.15
2007-05-01,0.066,4.2,4.07,0.0,0.14
2007-05-02,0.065,4.2,4.07,0.0,0.13
2007-05-03,0.064,4.19,4.07,0.0,0.13
2007-05-04,0.062,4.19,4.07,0.0,0.12
2007-05-05,0.062,4.19,4.07,0.0,0.12
2007-05-06,0.061,4.18,4.07,0.0,0.12
2007-05-07,0.06,4.18,4.07,0.0,0.12
2007-05-08,0.059,4.18,4.07,0.0,0.11
2007-05-09,0.058,4.18,4.07,0.0,0.11
2007-05-10,0.058,4.18,4.07,0.0,0.11
2007-05-11,0.057,4.18,4.07,0.0,0.11
2007-05-12,0.056,4.18,4.07,0.0,0.11
2007-05-13,0.056,4.17,4.07,0.0,0.11
2007-05-14,0.055,4.17,4.07,0.0,0.11
2007-05-15,0.054,4.17,4.07,0.0,0.11
2007-05-16,0.054,4.17,4.07,0.0,0.11
2007-05-17,0.053,4.17,4.07,0.0,0.1
2007-05-18,0.052,4.17,4.07,0.0,0.1
2007-05-19,0.052,4.17,4.07,0.0,0.1
2007-05-20,0.051,4.17,4.07,0.0,0.1
2007-05-21,0.05,4.17,4.07,0.0,0.1
2007-05-22,0.05,4.16,4.07,0.0,0.1
2007-05-23,0.049,4.16,4.07,0.0,0.1
2007-05-24,0.049,4.16,4.07,0.0,0.1
2007-05-25,0.048,4.16,4.07,0.0,0.1
2007-05-26,0.047,4.16,4.07,0.0,0.09
2007-05-27,0.047,4.16,4.07,0.0,0.09
2007-05-28,0.046,4.16,4.07,0.0,0.09
2007-05-29,0.046,4.16,4.07,0.0,0.09
2007-05-30,0.045,4.16,4.07,0.0,0.09
2007-05-31,0.045,4.16,4.07,0.0,0.09
2007-06-01,0.044,4.15,4.07,0.0,0.09
2007-06-02,0.044,4.15,4.07,0.0,0.09
2007-06-03,0.043,4.15,4.07,0.0,0.09
2007-06-04,0.043,4.15,4.07,0.0,0.09
2007-06-05,0.042,4.15,4.07,0.0,0.09
2007-06-06,0.042,4.15,4.07,0.0,0.08
2007-06-07,0.041,4.15,4.07,0.0,0.08
2007-06-08,0.041,4.15,4.07,0.0,0.08
2007-06-09,0.04,4.15,4.07,0.0,0.08
2007-06-10,0.04,4.15,4.07,0.0,0.08
2007-06-11,0.039,4.15,4.07,0.0,0.08
2007-06-12,0.039,4.14,4.07,0.0,0.08
2007-06-13,0.038,4.14,4.07,0.0,0.08
2007-06-14,0.038,4.14,4.07,0.0,0.08
2007-06-15,0.037,4.14,4.07,0.0,0.08
2007-06-16,0.037,4.14,4.07,0.0,0.08
2007-06-17,0.036,4.14,4.07,0.0,0.08
2007-06-18,0.036,4.14,4.07,0.0,0.07
2007-06-19,0.036,4.14,4.07,0.0,0.07
2007-06-20,0.035,4.14,4.07,0.0,0.07
2007-06-21,0.035,4.14,4.07,0.0,0.07
2007-06-22,0.034,4.14,4.07,0.0,0.07
2007-06-23,0.034,4.14,4.07,0.0,0.07
2007-06-24,0.034,4.14,4.07,0.0,0.07
2007-06-25,0.033,4.13,4.07,0.0,0.07
2007-06-26,0.033,4.13,4.07,0.0,0.07
2007-06-27,0.032,4.13,4.07,0.0,0.07
2007-06-28,0.032,4.13,4.07,0.0,0.07
2007-06-29,0.032,4.13,4.07,0.0,0.07
2007-06-30,0.031,4.13,4.07,0.0,0.07
2007-07-01,0.031,4.13,4.07,0.0,0.07
2007-07-02,0.031,4.13,4.07,0.0,0.06
2007-07-03,0.03,4.13,4.07,0.0,0.06
2007-07-04,0.03,4.13,4.07,0.0,0.06
2007-07-05,0.03,4.13,4.07,0.0,0.06
2007-07-06,0.029,4.13,4.07,0.0,0.06
2007-07-07,0.029,4.13,4.07,0.0,0.06
2007-07-08,0.029,4.13,4.07,0.0,0.06
2007-07-09,0.028,4.13,4.07,0.0,0.06
2007-07-10,0.028,4.12,4.07,0.0,0.06
2007-07-11,0.028,4.12,4.07,0.0,0.06
2007-07-12,0.027,4.12,4.07,0.0,0.06
2007-07-13,0.027,4.12,4.07,0.0,0.06
2007-07-14,0.027,4.12,4.07,0.0,0.06
2007-07-15,0.026,4.12,4.07,0.0,0.06
2007-07-16,0.026,4.12,4.07,0.0,0.06
2007-07-17,0.026,4.12,4.07,0.0,0.05
2007-07-18,0.025,4.12,4.07,0.0,0.05
2007-07-19,0.025,4.12,4.07,0.0,0.05
2007-07-20,0.025,4.12,4.07,0.0,0.05
2007-07-21,0.025,4.12,4.07,0.0,0.05
2007-07-22,0.024,4.12,4.07,0.0,0.05
2007-07-23,0.024,4.12,4.07,0.0,0.05
2007-07-24,0.024,4.12,4.07,0.0,0.05
2007-07-25,0.024,4.12,4.07,0.0,0.05
2007-07-26,0.023,4.11,4.07,0.0,0.05
2007-07-27,0.023,4.11,4.07,0.0,0.05
2007-07-28,0.023,4.11,4.07,0.0,0.05
2007-07-29,0.023,4.11,4.07,0.0,0.05
2007-07-30,0.022,4.11,4.07,0.0,0.05
2007-07-31,0.022,4.11,4.07,0.0,0.05
2007-08-01,0.022,4.11,4.07,0.0,0.05
2007-08-02,0.022,4.11,4.07,0.0,0.05
2007-08-03,0.022,4.11,4.07,0.0,0.05
2007-08-04,0.021,4.11,4.07,0.0,0.04
2007-08-05,0.021,4.11,4.07,0.0,0.04
2007-08-06,0.021,4.11,4.07,0.0,0.04
2007-08-07,0.021,4.11,4.07,0.0,0.04
2007-08-08,0.02,4.11,4.07,0.0,0.04
2007-08-09,0.02,4.11,4.07,0.0,0.04
2007-08-10,0.02,4.11,4.07,0.0,0.04
2007-08-11,0.02,4.11,4.07,0.0,0.04
2007-08-12,0.02,4.11,4.07,0.0,0.04
2007-08-13,0.019,4.1,4.07,0.0,0.04
2007-08-14,0.019,4.1,4.07,0.0,0.04
2007-08-15,0.019,4.1,4.07,0.0,0.04
2007-08-16,0.019,4.1,4.07,0.0,0.04
2007-08-17,0.019,4.1,4.07,0.0,0.04
2007-08-18,0.019,4.1,4.07,0.0,0.04
2007-08-19,0.018,4.1,4.07,0.0,0.04
2007-08-20,0.018,4.1,4.07,0.0,0.04
2007-08-21,0.018,4.1,4.07,0.0,0.04
2007-08-22,0.018,4.1,4.07,0.0,0.04
2007-08-23,0.018,4.1,4.07,0.0,0.04
2007-08-24,0.017,4.1,4.07,0.0,0.03
2007-08-25,0.017,4.1,4.07,0.0,0.03
2007-08-26,0.017,4.1,4.07,0.0,0.03
2007-08-27,0.017,4.1,4.07,0.0,0.03
2007-08-28,0.017,4.1,4.07,0.0,0.03
2007-08-29,0.017,4.1,4.07,0.0,0.03
2007-08-30,0.016,4.1,4.07,0.0,0.03
2007-08-31,0.016,4.1,4.07,0.0,0.03
2007-09-01,0.016,4.1,4.07,0.0,0.03
2007-09-02,0.016,4.1,4.07,0.0,0.03
2007-09-03,0.016,4.1,4.07,0.0,0.03
2007-09-04,0.016,4.09,4.07,0.0,0.03
2007-09-05,0.016,4.09,4.07,0.0,0.03
2007-09-06,0.015,4.09,4.07,0.0,0.03
2007-09-07,0.015,4.09,4.07,0.0,0.03
2007-09-08,0.015,4.09,4.07,0.0,0.03
2007-09-09,0.015,4.09,4.07,0.0,0.03
2007-09-10,0.015,4.09,4.07,0.0,0.03
2007-09-11,0.015,4.09,4.07,0.0,0.03
2007-09-12,0.015,4.09,4.07,0.0,0.03
2007-09-13,0.014,4.09,4.07,0.0,0.03
2007-09-14,0.014,4.09,4.07,0.0,0.03
2007-09-15,0.014,4.09,4.07,0.0,0.03
2007-09-16,0.014,4.09,4.07,0.0,0.03
2007-09-17,0.014,4.09,4.07,0.0,0.02
2007-09-18,0.014,4.09,4.07,0.0,0.02
2007-09-19,0.014,4.09,4.07,0.0,0.02
2007-09-20,0.014,4.09,4.07,0.0,0.02
2007-09-21,0.013,4.09,4.07,0.0,0.02
2007-09-22,0.044,11.88,3.55,0.0,8.33
2007-09-23,0.367,28.8,3.91,0.0,24.89
2007-09-24,0.387,29.78,4.16,0.0,25.62
2007-09-25,0.147,19.26,4.28,0.0,14.98
2007-09-26,0.042,7.62,4.27,0.0,3.35
2007-09-27,0.018,4.42,4.15,0.0,0.27
2007-09-28,0.014,4.11,4.08,0.0,0.03
2007-09-29,0.013,4.09,4.07,0.0,0.02
2007-09-30,0.013,4.09,4.07,0.0,0.02
2007-10-01,0.013,4.09,4.07,0.0,0.02
2007-10-02,0.013,4.09,4.07,0.0,0.02
2007-10-03,0.012,4.09,4.07,0.0,0.02
2007-10-04,0.012,4.09,4.07,0.0,0.02
2007-10-05,0.012,4.09,4.07,0.0,0.02
2007-10-06,0.012,4.09,4.07,0.0,0.02
2007-10-07,0.012,4.09,4.07,0.0,0.02
2007-10-08,0.012,4.09,4.07,0.0,0.02
2007-10-09,0.012,4.09,4.06,0.0,0.02
2007-10-10,4.524,152.02,4.49,60.52,87.01
2007-10-11,4.889,211.11,4.84,87.64,118.63
2007-10-12,5.554,141.6,4.86,57.36,79.39
2007-10-13,12.95,315.47,7.06,132.27,176.13
2007-10-14,4.822,189.81,4.6,78.3,106.92
2007-10-15,2.537,128.98,4.19,50.22,74.57
2007-10-16,1.017,81.5,4.24,24.86,52.4
2007-10-17,0.313,37.18,4.29,0.01,32.88
2007-10-18,0.094,13.74,4.23,0.0,9.51
2007-10-19,0.049,5.16,4.13,0.0,1.03
2007-10-20,0.039,4.52,4.09,0.0,0.42
2007-10-21,0.033,4.46,4.09,0.0,0.37
2007-10-22,0.029,4.43,4.08,0.0,0.35
2007-10-23,0.027,4.4,4.08,0.0,0.32
2007-10-24,0.025,4.37,4.07,0.0,0.3
2007-10-25,0.024,4.35,4.07,0.0,0.28
2007-10-26,0.022,4.33,4.07,0.0,0.26
2007-10-27,0.022,4.32,4.07,0.0,0.25
2007-10-28,0.02,4.3,4.07,0.0,0.23
2007-10-29,0.019,4.28,4.07,0.0,0.21
2007-10-30,0.019,4.26,4.07,0.0,0.2
2007-10-31,0.018,4.26,4.07,0.0,0.19
2007-11-01,0.018,4.24,4.07,0.0,0.18
2007-11-02,0.017,4.23,4.07,0.0,0.16
2007-11-03,0.016,4.22,4.07,0.0,0.15
2007-11-04,0.016,4.2,4.07,0.0,0.14
2007-11-05,0.015,4.19,4.07,0.0,0.13
2007-11-06,0.015,4.18,4.07,0.0,0.12
2007-11-07,0.014,4.18,4.07,0.0,0.11
2007-11-08,0.014,4.17,4.07,0.0,0.1
2007-11-09,0.014,4.16,4.07,0.0,0.1
2007-11-10,0.014,4.16,4.07,0.0,0.09
2007-11-11,0.013,4.16,4.07,0.0,0.09
2007-11-12,0.013,4.15,4.07,0.0,0.09
2007-11-13,0.013,4.15,4.07,0.0,0.09
2007-11-14,6.336,780.46,5.19,333.3,441.98
2007-11-15,10.966,807.66,6.53,344.67,456.46
2007-11-16,4.526,429.85,4.68,180.05,245.12
2007-11-17,1.669,255.61,4.24,96.91,154.46
2007-11-18,0.562,127.34,4.27,15.91,107.16
2007-11-19,0.155,55.54,4.28,0.0,51.26
2007-11-20,0.058,11.36,4.18,0.0,7.18
2007-11-21,0.039,4.88,4.1,0.0,0.78
2007-11-22,0.033,4.56,4.08,0.0,0.48
2007-11-23,0.03,4.54,4.09,0.0,0.45
2007-11-24,0.027,4.51,4.07,0.0,0.43
2007-11-25,0.025,4.5,4.08,0.0,0.42
2007-11-26,0.024,4.47,4.07,0.0,0.4
2007-11-27,0.023,4.46,4.07,0.0,0.39
2007-11-28,0.021,4.44,4.08,0.0,0.36
2007-11-29,0.02,4.42,4.07,0.0,0.35
2007-11-30,0.02,4.42,4.07,0.0,0.35
2007-12-01,0.019,4.41,4.07,0.0,0.34
2007-12-02,0.019,4.4,4.07,0.0,0.33
2007-12-03,0.018,4.38,4.07,0.0,0.31
2007-12-04,0.017,4.36,4.07,0.0,0.3
2007-12-05,0.017,4.36,4.07,0.0,0.3
2007-12-06,0.068,11.0,2.35,0.09,8.56
2007-12-07,10.004,98.11,6.34,38.37,53.4
2007-12-08,9.027,132.95,6.33,54.18,72.44
2007-12-09,3.579,110.03,4.19,43.97,61.86
2007-12-10,1.613,109.66,4.22,41.34,64.1
2007-12-11,4.758,340.43,4.59,140.95,194.88
2007-12-12,8.807,495.82,5.96,209.35,280.51
2007-12-13,3.177,316.98,4.27,131.29,181.43
2007-12-14,1.159,197.24,4.24,67.41,125.59
2007-12-15,0.387,83.03,4.27,0.5,78.26
2007-12-16,0.139,27.96,4.2,0.0,23.76
2007-12-17,0.08,6.54,4.13,0.0,2.41
2007-12-18,0.058,4.62,4.11,0.0,0.51
2007-12-19,0.047,4.51,4.09,0.0,0.41
2007-12-20,0.041,4.48,4.08,0.0,0.39
2007-12-21,0.649,113.78,3.81,25.64,84.33
2007-12-22,6.21,302.77,5.02,124.84,172.91
2007-12-23,8.826,653.41,6.21,277.92,369.29
2007-12-24,6.493,311.62,4.87,128.41,178.34
2007-12-25,4.905,217.1,4.75,87.33,125.02
2007-12-26,39.915,1331.73,11.43,564.57,755.74
2007-12-27,11.356,873.27,7.65,372.07,493.56
2007-12-28,2.952,553.8,4.22,229.04,320.53
2007-12-29,1.19,357.15,4.21,115.8,237.14
2007-12-30,0.57,115.62,4.17,4.1,107.35
2007-12-31,0.374,26.37,4.12,0.0,22.25
2008-01-01,0.26,8.12,4.14,0.0,3.98
2008-01-02,0.173,5.34,4.11,0.0,1.23
2008-01-03,0.144,4.89,4.09,0.0,0.8
2008-01-04,27.154,249.31,10.59,100.91,137.81
2008-01-05,40.189,275.14,11.69,111.59,151.87
2008-01-06,24.2,236.12,9.62,97.33,129.17
2008-01-07,7.563,115.47,5.7,46.97,62.8
2008-01-08,4.025,57.44,4.15,21.7,31.59
2008-01-09,3.512,33.95,4.07,12.02,17.85
2008-01-10,3.012,27.82,4.08,9.89,13.86
2008-01-11,3.115,20.96,4.08,7.04,9.84
2008-01-12,2.351,15.82,4.12,4.79,6.92
2008-01-13,1.768,8.45,4.1,1.62,2.73
2008-01-14,1.505,6.08,4.09,0.6,1.4
2008-01-15,1.329,5.69,4.09,0.41,1.19
2008-01-16,1.134,5.6,4.1,0.33,1.18
2008-01-17,0.854,5.39,4.12,0.11,1.16
2008-01-18,0.666,5.21,4.09,0.0,1.12
2008-01-19,0.639,5.2,4.06,0.0,1.13
2008-01-20,0.628,5.22,4.07,0.0,1.15
2008-01-21,1.008,27.55,3.58,9.95,14.02
2008-01-22,8.162,96.02,5.45,38.47,52.11
2008-01-23,16.182,99.92,7.3,39.77,52.85
2008-01-24,11.393,87.09,6.44,34.68,45.96
2008-01-25,15.403,77.54,6.99,30.13,40.42
2008-01-26,21.756,108.37,8.73,42.6,57.03
2008-01-27,16.319,100.19,7.25,39.64,53.31
2008-01-28,19.603,108.82,8.03,43.13,57.66
2008-01-29,11.462,73.45,6.7,28.65,38.1
2008-01-30,7.416,24.46,5.38,7.87,11.22
2008-01-31,6.944,15.14,5.02,4.15,5.97
2008-02-01,11.831,53.23,6.39,19.81,27.03
2008-02-02,8.921,52.97,5.88,20.0,27.09
2008-02-03,14.908,46.79,7.0,16.92,22.87
2008-02-04,11.972,48.65,6.78,17.98,23.89
2008-02-05,7.229,19.35,5.34,5.84,8.16
2008-02-06,5.93,8.87,4.76,1.6,2.52
2008-02-07,5.26,6.58,4.45,0.81,1.32
2008-02-08,4.599,5.98,4.13,0.71,1.14
2008-02-09,3.994,5.88,4.09,0.67,1.12
2008-02-10,3.419,5.82,4.09,0.63,1.1
2008-02-11,2.995,5.78,4.08,0.6,1.1
2008-02-12,2.635,5.75,4.09,0.57,1.09
2008-02-13,2.297,5.71,4.09,0.54,1.08
2008-02-14,1.79,5.69,4.12,0.48,1.09
2008-02-15,1.259,5.39,4.1,0.27,1.02
2008-02-16,1.159,5.26,4.06,0.21,1.0
2008-02-17,1.174,5.3,4.07,0.21,1.02
2008-02-18,1.119,5.27,4.08,0.18,1.02
2008-02-19,1.471,63.08,3.67,25.4,34.02
2008-02-20,14.202,297.31,6.97,124.27,166.07
2008-02-21,10.238,223.5,6.49,93.33,123.67
2008-02-22,7.056,80.1,5.18,31.49,43.43
2008-02-23,7.013,56.53,5.14,21.48,29.91
2008-02-24,15.464,79.48,7.13,30.57,41.77
2008-02-25,15.392,83.28,7.66,32.46,43.16
2008-02-26,7.852,29.52,5.63,10.13,13.76
2008-02-27,5.648,11.57,4.66,2.71,4.2
2008-02-28,4.749,6.85,4.2,0.98,1.67
2008-02-29,4.113,5.95,4.09,0.68,1.18
2008-03-01,3.534,5.8,4.09,0.61,1.1
2008-03-02,2.946,5.76,4.1,0.58,1.08
2008-03-03,2.397,5.67,4.09,0.52,1.06
2008-03-04,2.097,5.58,4.08,0.46,1.04
2008-03-05,1.886,5.54,4.08,0.41,1.04
2008-03-06,1.652,5.46,4.09,0.35,1.03
2008-03-07,1.471,5.37,4.08,0.29,1.01
2008-03-08,1.293,5.31,4.09,0.23,0.99
2008-03-09,1.13,5.21,4.08,0.16,0.96
2008-03-10,1.002,5.14,4.08,0.11,0.94
2008-03-11,0.906,5.06,4.08,0.06,0.92
2008-03-12,0.824,5.0,4.08,0.01,0.9
2008-03-13,0.73,4.97,4.09,0.0,0.88
2008-03-14,0.635,4.92,4.08,0.0,0.84
2008-03-15,0.588,4.91,4.07,0.0,0.83
2008-03-16,0.553,4.9,4.07,0.0,0.83
2008-03-17,0.522,4.9,4.07,0.0,0.82
2008-03-18,0.495,4.89,4.07,0.0,0.82
2008-03-19,0.479,4.89,4.07,0.0,0.82
2008-03-20,0.467,4.89,4.07,0.0,0.82
2008-03-21,0.459,4.89,4.07,0.0,0.83
2008-03-22,0.452,4.89,4.07,0.0,0.83
2008-03-23,0.446,4.89,4.07,0.0,0.83
2008-03-24,0.441,4.89,4.07,0.0,0.83
2008-03-25,0.435,4.89,4.07,0.0,0.82
2008-03-26,0.429,4.89,4.07,0.0,0.82
2008-03-27,0.424,4.89,4.07,0.0,0.82
2008-03-28,0.419,4.89,4.07,0.0,0.82
2008-03-29,0.413,4.89,4.07,0.0,0.82
2008-03-30,0.408,4.89,4.07,0.0,0.82
2008-03-31,0.403,4.89,4.07,0.0,0.82
2008-04-01,0.398,4.89,4.07,0.0,0.82
2008-04-02,0.393,4.88,4.07,0.0,0.82
2008-04-03,0.388,4.88,4.07,0.0,0.82
2008-04-04,0.383,4.88,4.07,0.0,0.82
2008-04-05,0.378,4.88,4.07,0.0,0.82
2008-04-06,0.373,4.88,4.07,0.0,0.82
2008-04-07,0.368,4.88,4.07,0.0,0.82
2008-04-08,0.364,4.88,4.07,0.0,0.81
2008-04-09,0.359,4.88,4.07,0.0,0.81
2008-04-10,0.355,4.88,4.07,0.0,0.81
2008-04-11,0.35,4.88,4.07,0.0,0.81
2008-04-12,0.346,4.88,4.07,0.0,0.81
2008-04-13,0.342,4.88,4.07,0.0,0.81
2008-04-14,0.337,4.88,4.07,0.0,0.81
2008-04-15,0.333,4.88,4.07,0.0,0.81
2008-04-16,0.329,4.87,4.07,0.0,0.81
2008-04-17,0.325,4.87,4.07,0.0,0.81
2008-04-18,0.321,4.87,4.07,0.0,0.81
2008-04-19,0.317,4.87,4.07,0.0,0.81
2008-04-20,0.313,4.87,4.07,0.0,0.81
2008-04-21,0.309,4.87,4.07,0.0,0.8
2008-04-22,0.305,4.87,4.07,0.0,0.8
2008-04-23,0.301,4.87,4.07,0.0,0.8
2008-04-24,0.298,4.87,4.07,0.0,0.8
2008-04-25,0.294,4.87,4.07,0.0,0.8
2008-04-26,0.29,4.87,4.07,0.0,0.8
2008-04-27,0.287,4.86,4.07,0.0,0.8
2008-04-28,0.283,4.86,4.07,0.0,0.8
2008-04-29,0.28,4.86,4.07,0.0,0.8
2008-04-30,0.276,4.86,4.07,0.0,0.8
2008-05-01,0.273,4.86,4.07,0.0,0.79
2008-05-02,0.269,4.86,4.07,0.0,0.79
2008-05-03,0.266,4.86,4.07,0.0,0.79
2008-05-04,0.263,4.86,4.07,0.0,0.79
2008-05-05,0.26,4.86,4.07,0.0,0.79
2008-05-06,0.256,4.85,4.07,0.0,0.79
2008-05-07,0.253,4.85,4.07,0.0,0.79
2008-05-08,0.25,4.85,4.07,0.0,0.78
2008-05-09,0.247,4.84,4.07,0.0,0.78
2008-05-10,0.244,4.84,4.07,0.0,0.77
2008-05-11,0.241,4.84,4.07,0.0,0.77
2008-05-12,0.238,4.83,4.07,0.0,0.77
2008-05-13,0.235,4.83,4.07,0.0,0.76
2008-05-14,0.232,4.83,4.07,0.0,0.76
2008-05-15,0.229,4.82,4.07,0.0,0.76
2008-05-16,0.227,4.82,4.07,0.0,0.75
2008-05-17,0.224,4.82,4.07,0.0,0.75
2008-05-18,0.221,4.81,4.07,0.0,0.75
2008-05-19,0.218,4.81,4.07,0.0,0.74
2008-05-20,0.216,4.81,4.07,0.0,0.74
2008-05-21,0.213,4.8,4.07,0.0,0.74
2008-05-22,0.211,4.8,4.07,0.0,0.73
2008-05-23,0.208,4.79,4.07,0.0,0.73
2008-05-24,0.206,4.79,4.07,0.0,0.72
2008-05-25,0.203,4.78,4.07,0.0,0.71
2008-05-26,0.201,4.77,4.07,0.0,0.7
2008-05-27,0.198,4.76,4.07,0.0,0.7
2008-05-28,0.196,4.76,4.07,0.0,0.69
2008-05-29,0.193,4.75,4.07,0.0,0.68
2008-05-30,0.191,4.74,4.07,0.0,0.68
2008-05-31,0.189,4.74,4.07,0.0,0.67
2008-06-01,0.186,4.73,4.07,0.0,0.66
2008-06-02,0.184,4.72,4.07,0.0,0.66
2008-06-03,0.182,4.72,4.07,0.0,0.65
2008-06-04,0.18,4.71,4.07,0.0,0.64
2008-06-05,0.178,4.7,4.07,0.0,0.64
2008-06-06,0.176,4.7,4.07,0.0,0.63
2008-06-07,0.173,4.69,4.07,0.0,0.62
2008-06-08,0.171,4.68,4.07,0.0,0.61
2008-06-09,0.169,4.67,4.07,0.0,0.61
2008-06-10,0.167,4.66,4.07,0.0,0.6
2008-06-11,0.165,4.65,4.07,0.0,0.59
2008-06-12,0.163,4.65,4.07,0.0,0.58
2008-06-13,0.161,4.64,4.07,0.0,0.57
2008-06-14,0.159,4.63,4.07,0.0,0.57
2008-06-15,0.158,4.62,4.07,0.0,0.56
2008-06-16,0.156,4.62,4.07,0.0,0.55
2008-06-17,0.154,4.61,4.07,0.0,0.54
2008-06-18,0.152,4.6,4.07,0.0,0.54
2008-06-19,0.15,4.6,4.07,0.0,0.53
2008-06-20,0.148,4.59,4.07,0.0,0.52
2008-06-21,0.147,4.58,4.07,0.0,0.52
2008-06-22,0.145,4.58,4.07,0.0,0.51
2008-06-23,0.143,4.57,4.07,0.0,0.51
2008-06-24,0.141,4.56,4.07,0.0,0.5
2008-06-25,0.14,4.56,4.07,0.0,0.49
2008-06-26,0.138,4.55,4.07,0.0,0.49
2008-06-27,0.136,4.55,4.07,0.0,0.48
2008-06-28,0.135,4.54,4.07,0.0,0.48
2008-06-29,0.133,4.54,4.07,0.0,0.47
2008-06-30,0.132,4.53,4.07,0.0,0.47
2008-07-01,0.13,4.53,4.07,0.0,0.46
2008-07-02,0.129,4.52,4.07,0.0,0.46
2008-07-03,0.127,4.52,4.07,0.0,0.45
2008-07-04,0.126,4.51,4.07,0.0,0.44
2008-07-05,0.124,4.5,4.07,0.0,0.44
2008-07-06,0.123,4.5,4.07,0.0,0.43
2008-07-07,0.121,4.49,4.07,0.0,0.43
2008-07-08,0.12,4.48,4.07,0.0,0.42
2008-07-09,0.118,4.48,4.07,0.0,0.41
2008-07-10,0.117,4.47,4.07,0.0,0.41
2008-07-11,0.116,4.46,4.07,0.0,0.4
2008-07-12,0.114,4.46,4.07,0.0,0.39
2008-07-13,0.113,4.45,4.07,0.0,0.39
2008-07-14,0.112,4.45,4.07,0.0,0.38
2008-07-15,0.11,4.44,4.07,0.0,0.38
2008-07-16,0.109,4.44,4.07,0.0,0.37
2008-07-17,0.108,4.43,4.07,0.0,0.36
2008-07-18,0.106,4.42,4.07,0.0,0.36
2008-07-19,0.105,4.42,4.07,0.0,0.35
2008-07-20,0.104,4.41,4.07,0.0,0.35
2008-07-21,0.103,4.41,4.07,0.0,0.34
2008-07-22,0.102,4.4,4.07,0.0,0.34
2008-07-23,0.1,4.4,4.07,0.0,0.33
2008-07-24,0.099,4.4,4.07,0.0,0.33
2008-07-25,0.098,4.39,4.07,0.0,0.33
2008-07-26,0.097,4.39,4.07,0.0,0.32
2008-07-27,0.096,4.38,4.07,0.0,0.32
2008-07-28,0.095,4.38,4.07,0.0,0.31
2008-07-29,0.094,4.37,4.07,0.0,0.31
2008-07-30,0.092,4.37,4.07,0.0,0.3
2008-07-31,0.091,4.37,4.07,0.0,0.3
2008-08-01,0.09,4.36,4.07,0.0,0.3
2008-08-02,0.089,4.36,4.07,0.0,0.29
2008-08-03,0.088,4.35,4.07,0.0,0.29
2008-08-04,0.087,4.35,4.07,0.0,0.29
2008-08-05,0.086,4.35,4.07,0.0,0.28
2008-08-06,0.085,4.34,4.07,0.0,0.28
2008-08-07,0.084,4.34,4.07,0.0,0.27
2008-08-08,0.083,4.34,4.07,0.0,0.27
2008-08-09,0.082,4.33,4.07,0.0,0.27
2008-08-10,0.081,4.33,4.07,0.0,0.26
2008-08-11,0.08,4.33,4.07,0.0,0.26
2008-08-12,0.079,4.32,4.07,0.0,0.26
2008-08-13,0.079,4.32,4.07,0.0,0.26
2008-08-14,0.078,4.32,4.07,0.0,0.25
2008-08-15,0.077,4.32,4.07,0.0,0.25
2008-08-16,0.076,4.31,4.07,0.0,0.25
2008-08-17,0.075,4.31,4.07,0.0,0.24
2008-08-18,0.074,4.31,4.07,0.0,0.24
2008-08-19,0.073,4.3,4.07,0.0,0.24
2008-08-20,0.072,4.3,4.07,0.0,0.24
2008-08-21,0.072,4.3,4.07,0.0,0.23
2008-08-22,0.071,4.3,4.07,0.0,0.23
2008-08-23,0.07,4.29,4.07,0.0,0.23
2008-08-24,0.069,4.29,4.07,0.0,0.23
2008-08-25,0.068,4.29,4.07,0.0,0.22
2008-08-26,0.068,4.29,4.07,0.0,0.22
2008-08-27,0.067,4.28,4.07,0.0,0.22
2008-08-28,0.066,4.28,4.07,0.0,0.22
2008-08-29,0.065,4.28,4.07,0.0,0.21
2008-08-30,0.065,4.28,4.07,0.0,0.21
2008-08-31,0.064,4.27,4.07,0.0,0.21
2008-09-01,0.063,4.27,4.07,0.0,0.21
2008-09-02,0.062,4.27,4.07,0.0,0.2
2008-09-03,0.062,4.27,4.07,0.0,0.2
2008-09-04,0.061,4.27,4.07,0.0,0.2
2008-09-05,0.06,4.26,4.07,0.0,0.2
2008-09-06,0.06,4.26,4.07,0.0,0.2
2008-09-07,0.059,4.26,4.07,0.0,0.19
2008-09-08,0.058,4.26,4.07,0.0,0.19
2008-09-09,0.058,4.26,4.07,0.0,0.19
2008-09-10,0.057,4.25,4.07,0.0,0.19
2008-09-11,0.056,4.25,4.07,0.0,0.19
2008-09-12,0.056,4.25,4.07,0.0,0.19
2008-09-13,0.055,4.25,4.07,0.0,0.18
2008-09-14,0.054,4.25,4.07,0.0,0.18
2008-09-15,0.054,4.25,4.07,0.0,0.18
2008-09-16,0.053,4.24,4.07,0.0,0.18
2008-09-17,0.053,4.24,4.07,0.0,0.18
2008-09-18,0.052,4.24,4.07,0.0,0.17
2008-09-19,0.052,4.24,4.07,0.0,0.17
2008-09-20,0.051,4.24,4.07,0.0,0.17
2008-09-21,0.05,4.24,4.07,0.0,0.17
2008-09-22,0.05,4.23,4.07,0.0,0.17
2008-09-23,0.049,4.23,4.07,0.0,0.17
2008-09-24,0.049,4.23,4.07,0.0,0.16
2008-09-25,0.048,4.23,4.07,0.0,0.16
2008-09-26,0.048,4.23,4.07,0.0,0.16
2008-09-27,0.047,4.23,4.07,0.0,0.16
2008-09-28,0.047,4.22,4.07,0.0,0.16
2008-09-29,0.046,4.22,4.07,0.0,0.16
2008-09-30,0.046,4.22,4.07,0.0,0.16
2008-10-01,0.045,4.22,4.07,0.0,0.15
2008-10-02,0.045,4.22,4.07,0.0,0.15
2008-10-03,0.044,4.22,4.07,0.0,0.15
2008-10-04,2.442,239.74,3.78,98.7,137.27
2008-10-05,3.599,281.2,4.14,116.75,160.31
2008-10-06,1.538,161.42,4.23,62.34,94.84
2008-10-07,0.523,70.87,4.27,7.58,59.02
2008-10-08,0.15,30.13,4.27,0.0,25.87
2008-10-09,0.064,7.36,4.15,0.0,3.21
2008-10-10,0.049,4.4,4.09,0.0,0.32
2008-10-11,0.045,4.25,4.07,0.0,0.18
2008-10-12,0.043,4.24,4.07,0.0,0.17
2008-10-13,0.042,4.23,4.07,0.0,0.17
2008-10-14,0.042,4.23,4.07,0.0,0.17
2008-10-15,0.041,4.23,4.07,0.0,0.16
2008-10-16,0.04,4.22,4.07,0.0,0.16
2008-10-17,0.04,4.22,4.07,0.0,0.15
2008-10-18,0.039,4.21,4.07,0.0,0.15
2008-10-19,0.038,4.21,4.07,0.0,0.15
2008-10-20,0.038,4.21,4.07,0.0,0.14
2008-10-21,0.037,4.21,4.07,0.0,0.14
2008-10-22,0.037,4.2,4.07,0.0,0.14
2008-10-23,0.036,4.2,4.07,0.0,0.13
2008-10-24,0.036,4.2,4.07,0.0,0.13
2008-10-25,0.035,4.2,4.07,0.0,0.13
2008-10-26,0.035,4.2,4.07,0.0,0.13
2008-10-27,0.035,4.2,4.07,0.0,0.13
2008-10-28,0.034,4.19,4.07,0.0,0.13
2008-10-29,0.034,4.19,4.07,0.0,0.13
2008-10-30,0.034,4.19,4.07,0.0,0.13
2008-10-31,0.033,4.19,4.07,0.0,0.13
2008-11-01,6.921,258.15,6.08,106.78,145.29
2008-11-02,21.463,430.92,9.08,181.0,240.84
2008-11-03,6.167,230.03,5.02,95.41,129.6
2008-11-04,6.123,158.92,4.91,63.63,90.38
2008-11-05,3.141,103.6,4.19,40.74,58.67
2008-11-06,1.357,65.76,4.23,22.77,38.76
2008-11-07,0.475,30.65,4.26,1.59,24.79
2008-11-08,0.158,13.36,4.22,0.0,9.14
2008-11-09,0.087,5.44,4.12,0.0,1.32
2008-11-10,0.071,4.62,4.08,0.0,0.54
2008-11-11,0.066,4.57,4.07,0.0,0.49
2008-11-12,0.062,4.54,4.07,0.0,0.47
2008-11-13,0.058,4.52,4.07,0.0,0.45
2008-11-14,0.054,4.5,4.08,0.0,0.42
2008-11-15,0.05,4.47,4.07,0.0,0.4
2008-11-16,0.048,4.46,4.07,0.0,0.39
2008-11-17,0.047,4.45,4.07,0.0,0.38
2008-11-18,0.046,4.44,4.07,0.0,0.37
2008-11-19,0.044,4.43,4.07,0.0,0.36
2008-11-20,0.043,4.42,4.07,0.0,0.35
2008-11-21,0.042,4.41,4.07,0.0,0.34
2008-11-22,0.041,4.4,4.07,0.0,0.33
2008-11-23,0.04,4.39,4.07,0.0,0.33
2008-11-24,0.039,4.39,4.07,0.0,0.32
2008-11-25,0.038,4.38,4.07,0.0,0.31
2008-11-26,0.25,21.06,3.64,0.81,16.61
2008-11-27,2.085,67.74,3.89,23.95,39.9
2008-11-28,2.148,78.6,4.18,29.55,44.87
2008-11-29,0.898,52.91,4.24,13.89,34.79
2008-11-30,0.272,26.49,4.29,0.0,22.19
2008-12-01,0.083,10.33,4.23,0.0,6.1
2008-12-02,0.045,4.79,4.12,0.0,0.67
2008-12-03,0.038,4.39,4.08,0.0,0.31
2008-12-04,0.036,4.37,4.07,0.0,0.3
2008-12-05,0.036,4.36,4.07,0.0,0.29
2008-12-06,0.035,4.35,4.07,0.0,0.28
2008-12-07,0.034,4.34,4.07,0.0,0.28
2008-12-08,0.033,4.34,4.07,0.0,0.28
2008-12-09,0.033,4.34,4.07,0.0,0.27
2008-12-10,0.032,4.33,4.07,0.0,0.27
2008-12-11,0.031,4.33,4.07,0.0,0.26
2008-12-12,0.031,4.32,4.07,0.0,0.26
2008-12-13,0.031,4.32,4.07,0.0,0.26
2008-12-14,0.2,49.95,3.23,12.05,34.67
2008-12-15,4.104,92.53,4.29,34.14,54.1
2008-12-16,7.536,86.57,5.41,34.06,47.1
2008-12-17,4.73,65.4,4.55,25.35,35.5
2008-12-18,2.019,60.66,4.22,22.63,33.81
2008-12-19,1.237,55.42,4.08,17.22,34.12
2008-12-20,1.22,75.82,4.05,27.4,44.37
2008-12-21,0.864,62.65,4.11,16.82,41.72
2008-12-22,2.377,54.55,3.87,19.14,31.54
2008-12-23,3.583,74.62,4.09,29.25,41.28
2008-12-24,2.96,89.36,4.08,35.25,50.03
2008-12-25,11.643,121.81,6.45,48.88,66.48
2008-12-26,9.467,169.53,6.58,69.88,93.07
2008-12-27,2.873,110.22,4.22,43.88,62.12
2008-12-28,1.108,73.01,4.23,22.3,46.49
2008-12-29,0.43,29.64,4.22,0.14,25.27
2008-12-30,0.215,10.7,4.14,0.0,6.56
2008-12-31,0.156,5.34,4.1,0.0,1.24
2009-01-01,0.126,4.67,4.1,0.0,0.58
2009-01-02,0.103,4.55,4.09,0.0,0.46
2009-01-03,0.088,4.5,4.09,0.0,0.41
2009-01-04,0.08,4.46,4.08,0.0,0.38
2009-01-05,0.074,4.44,4.08,0.0,0.36
2009-01-06,0.068,4.41,4.07,0.0,0.34
2009-01-07,0.066,4.39,4.07,0.0,0.33
2009-01-08,0.062,4.38,4.07,0.0,0.31
2009-01-09,0.056,4.36,4.09,0.0,0.27
2009-01-10,0.05,4.32,4.08,0.0,0.24
2009-01-11,0.046,4.3,4.07,0.0,0.23
2009-01-12,0.043,4.28,4.07,0.0,0.21
2009-01-13,0.041,4.27,4.07,0.0,0.2
2009-01-14,0.04,4.27,4.07,0.0,0.2
2009-01-15,0.039,4.26,4.07,0.0,0.2
2009-01-16,0.038,4.26,4.07,0.0,0.19
2009-01-17,0.038,4.25,4.07,0.0,0.18
2009-01-18,0.037,4.25,4.07,0.0,0.18
2009-01-19,0.036,4.24,4.07,0.0,0.18
2009-01-20,0.036,4.24,4.07,0.0,0.17
2009-01-21,0.117,14.93,2.01,3.12,9.8
2009-01-22,22.482,196.08,8.9,79.72,107.46
2009-01-23,15.205,156.46,7.71,63.9,84.85
2009-01-24,7.718,91.33,5.63,36.46,49.23
2009-01-25,4.025,64.56,4.34,24.92,35.29
2009-01-26,1.787,48.84,4.21,17.39,27.23
2009-01-27,0.767,26.05,4.21,4.79,17.06
2009-01-28,0.344,10.76,4.18,0.0,6.58
2009-01-29,0.211,5.82,4.13,0.0,1.7
2009-01-30,0.158,4.82,4.1,0.0,0.72
2009-01-31,0.131,4.63,4.09,0.0,0.54
2009-02-01,0.112,4.56,4.09,0.0,0.46
2009-02-02,0.092,4.49,4.1,0.0,0.39
2009-02-03,0.076,4.43,4.09,0.0,0.34
2009-02-04,0.066,4.39,4.08,0.0,0.31
2009-02-05,0.06,4.37,4.07,0.0,0.3
2009-02-06,1.188,41.97,3.44,11.28,27.26
2009-02-07,7.879,96.26,5.42,37.79,53.05
2009-02-08,3.814,99.12,4.41,39.82,54.89
2009-02-09,2.046,73.92,4.11,27.63,42.19
2009-02-10,1.532,74.44,4.13,28.14,42.17
2009-02-11,0.876,54.95,4.19,15.71,35.06
2009-02-12,1.462,47.29,3.88,14.61,28.8
2009-02-13,7.229,134.15,5.19,54.65,74.32
2009-02-14,10.184,184.24,6.36,76.14,101.74
2009-02-15,9.591,99.77,5.67,39.69,54.41
2009-02-16,28.536,134.16,9.24,53.1,71.81
2009-02-17,32.725,155.99,9.77,62.78,83.44
2009-02-18,27.839,143.55,10.25,57.36,75.94
2009-02-19,7.792,68.92,5.84,26.99,36.09
2009-02-20,4.174,29.02,4.16,9.99,14.87
2009-02-21,3.128,11.89,4.1,2.79,5.0
2009-02-22,3.324,13.7,3.9,3.89,5.91
2009-02-23,11.278,69.85,6.22,27.05,36.57
2009-02-24,11.424,74.84,6.39,29.13,39.31
2009-02-25,6.745,69.95,5.38,27.29,37.28
2009-02-26,3.975,27.68,4.11,9.53,14.03
2009-02-27,3.091,10.76,4.1,2.49,4.18
2009-02-28,2.578,6.53,4.1,0.86,1.57
2009-03-01,2.182,6.0,4.05,0.66,1.29
2009-03-02,6.973,51.79,5.12,19.64,27.02
2009-03-03,23.296,129.23,8.33,51.54,69.36
2009-03-04,32.352,154.89,10.47,62.14,82.28
2009-03-05,17.788,83.03,7.7,32.28,43.05
2009-03-06,11.449,70.7,6.65,27.44,36.61
2009-03-07,7.336,20.01,5.36,5.94,8.7
2009-03-08,6.066,8.62,4.83,1.45,2.34
2009-03-09,5.149,6.44,4.4,0.77,1.27
2009-03-10,4.413,5.87,4.09,0.67,1.11
2009-03-11,3.821,5.81,4.09,0.65,1.07
2009-03-12,3.297,5.78,4.09,0.64,1.06
2009-03-13,2.826,5.75,4.09,0.62,1.04
2009-03-14,2.428,5.7,4.09,0.58,1.02
2009-03-15,2.088,5.61,4.08,0.53,1.0
2009-03-16,1.861,5.55,4.08,0.48,0.98
2009-03-17,1.647,5.5,4.09,0.45,0.96
2009-03-18,1.399,5.42,4.09,0.39,0.94
2009-03-19,1.185,5.24,4.09,0.25,0.9
2009-03-20,1.029,5.12,4.09,0.17,0.87
2009-03-21,0.899,4.99,4.09,0.07,0.84
2009-03-22,3.691,82.11,3.93,33.19,44.99
2009-03-23,4.823,91.53,4.49,36.96,50.09
2009-03-24,2.432,51.73,4.18,19.05,28.5
2009-03-25,1.353,21.17,4.14,5.54,11.49
2009-03-26,0.959,8.12,4.11,0.8,3.2
2009-03-27,0.752,5.26,4.1,0.04,1.12
2009-03-28,0.63,4.83,4.09,0.0,0.74
2009-03-29,0.564,4.75,4.08,0.0,0.67
2009-03-30,0.481,4.7,4.1,0.0,0.6
2009-03-31,0.409,4.59,4.08,0.0,0.51
2009-04-01,0.381,4.56,4.07,0.0,0.49
2009-04-02,0.359,4.54,4.07,0.0,0.46
2009-04-03,0.341,4.52,4.07,0.0,0.44
2009-04-04,0.33,4.5,4.07,0.0,0.44
2009-04-05,0.323,4.5,4.07,0.0,0.44
2009-04-06,0.318,4.5,4.07,0.0,0.43
2009-04-07,0.314,4.5,4.06,0.0,0.43
2009-04-08,0.529,13.08,3.74,2.68,6.66
2009-04-09,2.18,89.72,4.01,35.98,49.74
2009-04-10,1.583,77.98,4.15,30.8,43.03
2009-04-11,0.955,35.19,4.15,10.93,20.11
2009-04-12,0.551,11.04,4.15,0.09,6.8
2009-04-13,0.384,5.64,4.1,0.0,1.54
2009-04-14,0.327,4.65,4.08,0.0,0.57
2009-04-15,0.298,4.51,4.08,0.0,0.43
2009-04-16,0.284,4.47,4.07,0.0,0.4
2009-04-17,0.277,4.47,4.07,0.0,0.4
2009-04-18,0.273,4.46,4.07,0.0,0.4
2009-04-19,0.269,4.46,4.07,0.0,0.39
2009-04-20,0.265,4.46,4.07,0.0,0.39
2009-04-21,0.262,4.46,4.07,0.0,0.39
2009-04-22,0.259,4.45,4.07,0.0,0.39
2009-04-23,0.255,4.45,4.07,0.0,0.38
2009-04-24,0.252,4.45,4.07,0.0,0.38
2009-04-25,0.249,4.44,4.07,0.0,0.38
2009-04-26,0.246,4.44,4.07,0.0,0.38
2009-04-27,0.243,4.44,4.07,0.0,0.37
2009-04-28,0.24,4.44,4.07,0.0,0.37
2009-04-29,0.237,4.43,4.07,0.0,0.37
2009-04-30,0.234,4.43,4.07,0.0,0.37
2009-05-01,0.24,4.59,4.01,0.0,0.57
2009-05-02,1.314,48.81,3.72,16.73,28.36
2009-05-03,3.217,93.55,4.08,37.28,52.18
2009-05-04,1.79,83.98,4.2,32.23,47.55
2009-05-05,0.776,43.29,4.21,9.5,29.58
2009-05-06,0.357,14.45,4.17,0.0,10.28
2009-05-07,0.248,5.83,4.1,0.0,1.74
2009-05-08,0.222,4.54,4.07,0.0,0.47
2009-05-09,0.213,4.43,4.07,0.0,0.36
2009-05-10,0.208,4.41,4.07,0.0,0.34
2009-05-11,0.205,4.41,4.07,0.0,0.34
2009-05-12,0.202,4.4,4.07,0.0,0.33
2009-05-13,0.2,4.4,4.07,0.0,0.33
2009-05-14,0.197,4.39,4.07,0.0,0.33
2009-05-15,0.195,4.39,4.07,0.0,0.32
2009-05-16,0.192,4.38,4.07,0.0,0.32
2009-05-17,0.19,4.38,4.07,0.0,0.31
2009-05-18,0.188,4.38,4.07,0.0,0.31
2009-05-19,0.185,4.37,4.07,0.0,0.31
2009-05-20,0.183,4.37,4.07,0.0,0.3
2009-05-21,0.181,4.37,4.07,0.0,0.3
2009-05-22,0.178,4.36,4.07,0.0,0.3
2009-05-23,0.176,4.36,4.07,0.0,0.29
2009-05-24,0.174,4.36,4.07,0.0,0.29
2009-05-25,0.172,4.35,4.07,0.0,0.29
2009-05-26,0.17,4.35,4.07,0.0,0.28
2009-05-27,0.168,4.35,4.07,0.0,0.28
2009-05-28,0.166,4.34,4.07,0.0,0.28
2009-05-29,0.164,4.34,4.07,0.0,0.27
2009-05-30,0.162,4.34,4.07,0.0,0.27
2009-05-31,0.16,4.33,4.07,0.0,0.27
2009-06-01,0.158,4.33,4.07,0.0,0.27
2009-06-02,0.156,4.33,4.07,0.0,0.26
2009-06-03,0.154,4.33,4.07,0.0,0.26
2009-06-04,0.152,4.32,4.07,0.0,0.26
2009-06-05,0.15,4.32,4.07,0.0,0.25
2009-06-06,0.148,4.32,4.07,0.0,0.25
2009-06-07,0.147,4.32,4.07,0.0,0.25
2009-06-08,0.145,4.31,4.07,0.0,0.25
2009-06-09,0.143,4.31,4.07,0.0,0.24
2009-06-10,0.141,4.31,4.07,0.0,0.24
2009-06-11,0.14,4.31,4.07,0.0,0.24
2009-06-12,0.138,4.3,4.07,0.0,0.24
2009-06-13,0.136,4.3,4.07,0.0,0.24
2009-06-14,0.135,4.3,4.07,0.0,0.23
2009-06-15,0.133,4.3,4.07,0.0,0.23
2009-06-16,0.131,4.29,4.07,0.0,0.23
2009-06-17,0.13,4.29,4.07,0.0,0.23
2009-06-18,0.128,4.29,4.07,0.0,0.22
2009-06-19,0.127,4.29,4.07,0.0,0.22
2009-06-20,0.125,4.28,4.07,0.0,0.22
2009-06-21,0.124,4.28,4.07,0.0,0.22
2009-06-22,0.122,4.28,4.07,0.0,0.21
2009-06-23,0.121,4.28,4.07,0.0,0.21
2009-06-24,0.119,4.27,4.07,0.0,0.21
2009-06-25,0.118,4.27,4.07,0.0,0.2
2009-06-26,0.116,4.27,4.07,0.0,0.2
2009-06-27,0.115,4.26,4.07,0.0,0.2
2009-06-28,0.114,4.26,4.07,0.0,0.2
2009-06-29,0.112,4.26,4.07,0.0,0.19
2009-06-30,0.111,4.26,4.07,0.0,0.19
2009-07-01,0.11,4.25,4.07,0.0,0.19
2009-07-02,0.108,4.25,4.07,0.0,0.19
2009-07-03,0.107,4.25,4.07,0.0,0.18
2009-07-04,0.106,4.25,4.07,0.0,0.18
2009-07-05,0.104,4.24,4.07,0.0,0.18
2009-07-06,0.103,4.24,4.07,0.0,0.18
2009-07-07,0.102,4.24,4.07,0.0,0.17
2009-07-08,0.101,4.24,4.07,0.0,0.17
2009-07-09,0.1,4.23,4.07,0.0,0.17
2009-07-10,0.098,4.23,4.07,0.0,0.17
2009-07-11,0.097,4.23,4.07,0.0,0.16
2009-07-12,0.096,4.23,4.07,0.0,0.16
2009-07-13,0.095,4.23,4.07,0.0,0.16
2009-07-14,0.094,4.22,4.07,0.0,0.16
2009-07-15,0.093,4.22,4.07,0.0,0.16
2009-07-16,0.092,4.22,4.07,0.0,0.15
2009-07-17,0.09,4.22,4.07,0.0,0.15
2009-07-18,0.089,4.22,4.07,0.0,0.15
2009-07-19,0.088,4.21,4.07,0.0,0.15
2009-07-20,0.087,4.21,4.07,0.0,0.15
2009-07-21,0.086,4.21,4.07,0.0,0.15
2009-07-22,0.085,4.21,4.07,0.0,0.14
2009-07-23,0.084,4.21,4.07,0.0,0.14
2009-07-24,0.083,4.21,4.07,0.0,0.14
2009-07-25,0.082,4.2,4.07,0.0,0.14
2009-07-26,0.081,4.2,4.07,0.0,0.14
2009-07-27,0.08,4.2,4.07,0.0,0.13
2009-07-28,0.079,4.2,4.07,0.0,0.13
2009-07-29,0.078,4.2,4.07,0.0,0.13
2009-07-30,0.078,4.2,4.07,0.0,0.13
2009-07-31,0.077,4.19,4.07,0.0,0.13
2009-08-01,0.076,4.19,4.07,0.0,0.13
2009-08-02,0.075,4.19,4.07,0.0,0.13
2009-08-03,0.074,4.19,4.07,0.0,0.12
2009-08-04,0.073,4.19,4.07,0.0,0.12
2009-08-05,0.072,4.19,4.07,0.0,0.12
2009-08-06,0.071,4.19,4.07,0.0,0.12
2009-08-07,0.071,4.18,4.07,0.0,0.12
2009-08-08,0.07,4.18,4.07,0.0,0.12
2009-08-09,0.069,4.18,4.07,0.0,0.12
2009-08-10,0.068,4.18,4.07,0.0,0.12
2009-08-11,0.067,4.18,4.07,0.0,0.11
2009-08-12,0.067,4.18,4.07,0.0,0.11
2009-08-13,0.066,4.18,4.07,0.0,0.11
2009-08-14,0.065,4.18,4.07,0.0,0.11
2009-08-15,0.064,4.17,4.07,0.0,0.11
2009-08-16,0.064,4.17,4.07,0.0,0.11
2009-08-17,0.063,4.17,4.07,0.0,0.11
2009-08-18,0.062,4.17,4.07,0.0,0.11
2009-08-19,0.061,4.17,4.07,0.0,0.1
2009-08-20,0.061,4.17,4.07,0.0,0.1
2009-08-21,0.06,4.17,4.07,0.0,0.1
2009-08-22,0.059,4.17,4.07,0.0,0.1
2009-08-23,0.059,4.17,4.07,0.0,0.1
2009-08-24,0.058,4.16,4.07,0.0,0.1
2009-08-25,0.057,4.16,4.07,0.0,0.1
2009-08-26,0.057,4.16,4.07,0.0,0.1
2009-08-27,0.056,4.16,4.07,0.0,0.1
2009-08-28,0.055,4.16,4.07,0.0,0.09
2009-08-29,0.055,4.16,4.07,0.0,0.09
2009-08-30,0.054,4.16,4.07,0.0,0.09
2009-08-31,0.053,4.16,4.07,0.0,0.09
2009-09-01,0.053,4.16,4.07,0.0,0.09
2009-09-02,0.052,4.16,4.07,0.0,0.09
2009-09-03,0.052,4.15,4.07,0.0,0.09
2009-09-04,0.051,4.15,4.07,0.0,0.09
2009-09-05,0.05,4.15,4.07,0.0,0.09
2009-09-06,0.05,4.15,4.07,0.0,0.09
2009-09-07,0.049,4.15,4.07,0.0,0.09
2009-09-08,0.049,4.15,4.07,0.0,0.08
2009-09-09,0.048,4.15,4.07,0.0,0.08
2009-09-10,0.048,4.15,4.07,0.0,0.08
2009-09-11,0.047,4.15,4.07,0.0,0.08
2009-09-12,0.047,4.15,4.07,0.0,0.08
2009-09-13,0.046,4.15,4.07,0.0,0.08
2009-09-14,0.917,71.67,3.73,22.39,45.56
2009-09-15,2.257,131.0,4.06,51.57,75.37
2009-09-16,1.219,109.05,4.23,39.51,65.31
2009-09-17,0.401,49.21,4.29,0.91,44.02
2009-09-18,0.115,20.55,4.25,0.0,16.3
2009-09-19,0.056,5.63,4.13,0.0,1.5
2009-09-20,0.046,4.21,4.08,0.0,0.13
2009-09-21,0.044,4.15,4.07,0.0,0.08
2009-09-22,0.043,4.14,4.07,0.0,0.07
2009-09-23,0.042,4.14,4.07,0.0,0.07
2009-09-24,0.041,4.14,4.07,0.0,0.07
2009-09-25,0.041,4.14,4.07,0.0,0.07
2009-09-26,0.04,4.14,4.07,0.0,0.07
2009-09-27,0.04,4.13,4.07,0.0,0.07
2009-09-28,0.04,4.13,4.07,0.0,0.07
2009-09-29,0.039,4.13,4.07,0.0,0.07
2009-09-30,0.039,4.13,4.07,0.0,0.07
2009-10-01,0.038,4.13,4.07,0.0,0.07
2009-10-02,0.038,4.13,4.07,0.0,0.07
2009-10-03,0.037,4.13,4.07,0.0,0.07
2009-10-04,0.037,4.13,4.07,0.0,0.06
2009-10-05,0.037,4.13,4.07,0.0,0.06
2009-10-06,0.036,4.13,4.07,0.0,0.06
2009-10-07,0.036,4.13,4.07,0.0,0.06
2009-10-08,0.036,4.13,4.07,0.0,0.06
2009-10-09,0.035,4.13,4.07,0.0,0.06
2009-10-10,0.035,4.13,4.07,0.0,0.06
2009-10-11,0.034,4.13,4.07,0.0,0.06
2009-10-12,0.034,4.12,4.07,0.0,0.06
2009-10-13,59.121,487.72,14.82,196.26,276.64
2009-10-14,48.045,547.53,14.88,219.81,312.84
2009-10-15,7.628,225.56,6.05,92.79,126.73
2009-10-16,2.614,151.46,4.21,58.2,89.05
2009-10-17,1.155,86.43,4.19,24.45,57.79
2009-10-18,0.581,29.31,4.17,0.99,24.14
2009-10-19,0.532,30.04,3.92,7.2,18.92
2009-10-20,1.974,149.63,3.93,59.0,86.7
2009-10-21,1.761,178.29,4.18,73.01,101.1
2009-10-22,0.745,89.25,4.22,21.55,63.47
2009-10-23,0.302,29.0,4.2,0.0,24.8
2009-10-24,0.171,9.55,4.13,0.0,5.42
2009-10-25,0.127,5.99,4.1,0.0,1.89
2009-10-26,0.106,5.67,4.09,0.0,1.58
2009-10-27,0.095,5.64,4.08,0.0,1.56
2009-10-28,0.087,5.63,4.08,0.0,1.56
2009-10-29,0.083,5.62,4.07,0.0,1.55
2009-10-30,0.08,5.61,4.07,0.0,1.54
2009-10-31,0.078,5.6,4.07,0.0,1.53
2009-11-01,0.076,5.58,4.07,0.0,1.52
2009-11-02,0.074,5.57,4.07,0.0,1.51
2009-11-03,0.073,5.56,4.07,0.0,1.49
2009-11-04,0.071,5.55,4.07,0.0,1.48
2009-11-05,0.07,5.53,4.07,0.0,1.47
2009-11-06,0.069,5.52,4.07,0.0,1.45
2009-11-07,0.068,5.51,4.07,0.0,1.44
2009-11-08,0.067,5.49,4.07,0.0,1.43
2009-11-09,0.066,5.48,4.07,0.0,1.41
2009-11-10,0.065,5.47,4.07,0.0,1.4
2009-11-11,0.064,5.45,4.07,0.0,1.39
2009-11-12,0.063,5.44,4.07,0.0,1.37
2009-11-13,0.063,5.43,4.07,0.0,1.36
2009-11-14,0.062,5.41,4.07,0.0,1.35
2009-11-15,0.061,5.4,4.07,0.0,1.34
2009-11-16,0.06,5.39,4.07,0.0,1.32
2009-11-17,0.059,5.38,4.07,0.0,1.31
2009-11-18,0.059,5.37,4.07,0.0,1.3
2009-11-19,0.058,5.35,4.07,0.0,1.29
2009-11-20,0.057,5.34,4.06,0.0,1.28
2009-11-21,0.109,14.24,3.86,0.0,10.38
2009-11-22,0.204,29.07,4.08,0.0,24.99
2009-11-23,0.121,18.02,4.19,0.0,13.83
2009-11-24,0.067,6.91,4.13,0.0,2.79
2009-11-25,0.055,5.35,4.08,0.0,1.28
2009-11-26,0.053,5.28,4.07,0.0,1.21
2009-11-27,0.052,5.26,4.06,0.0,1.2
2009-11-28,0.216,27.47,4.01,0.67,22.8
2009-11-29,0.076,9.97,4.21,0.0,5.77
2009-11-30,0.053,5.36,4.08,0.0,1.27
2009-12-01,0.051,5.21,4.07,0.0,1.14
2009-12-02,0.049,5.2,4.07,0.0,1.14
2009-12-03,0.048,5.2,4.07,0.0,1.13
2009-12-04,0.048,5.19,4.07,0.0,1.12
2009-12-05,0.047,5.18,4.07,0.0,1.11
2009-12-06,0.046,5.17,4.07,0.0,1.1
2009-12-07,6.029,122.42,4.98,48.53,68.91
2009-12-08,8.541,142.7,6.09,58.25,78.36
2009-12-09,2.845,92.1,4.23,36.43,51.44
2009-12-10,1.056,62.66,4.24,18.7,39.73
2009-12-11,1.431,46.71,3.83,12.8,30.09
2009-12-12,7.191,84.57,5.17,33.11,46.28
2009-12-13,22.589,130.46,8.38,52.21,69.88
2009-12-14,12.006,146.26,7.42,59.66,79.17
2009-12-15,3.39,83.06,4.28,32.91,45.87
2009-12-16,1.385,54.42,4.22,17.99,32.22
2009-12-17,0.61,23.11,4.19,1.76,17.16
2009-12-18,0.38,8.74,4.1,0.0,4.63
2009-12-19,0.338,5.6,4.08,0.0,1.53
2009-12-20,0.304,5.27,4.09,0.0,1.18
2009-12-21,0.256,5.23,4.09,0.0,1.14
2009-12-22,0.219,5.78,4.09,0.0,1.69
2009-12-23,0.166,6.09,4.12,0.0,1.97
2009-12-24,0.132,5.14,4.08,0.0,1.07
2009-12-25,0.129,4.96,4.06,0.0,0.9
2009-12-26,0.241,7.1,2.81,0.3,3.99
2009-12-27,2.871,176.97,3.97,71.02,101.99
2009-12-28,3.198,166.79,4.1,67.73,94.96
2009-12-29,2.363,121.18,4.13,48.66,68.39
2009-12-30,1.429,67.86,4.16,25.23,38.47
2009-12-31,0.96,33.18,4.11,9.56,19.5
2010-01-01,0.591,20.0,4.18,0.79,15.03
2010-01-02,0.28,11.65,4.18,0.0,7.47
2010-01-03,0.183,6.14,4.1,0.0,2.03
2010-01-04,0.157,5.04,4.08,0.0,0.96
2010-01-05,0.138,4.9,4.09,0.0,0.82
2010-01-06,0.119,4.83,4.09,0.0,0.74
2010-01-07,0.102,4.77,4.09,0.0,0.68
2010-01-08,0.091,4.72,4.08,0.0,0.64
2010-01-09,0.086,4.7,4.07,0.0,0.63
2010-01-10,0.08,4.7,4.08,0.0,0.62
2010-01-11,0.074,4.69,4.08,0.0,0.61
2010-01-12,0.268,30.65,3.43,0.32,26.9
2010-01-13,5.318,118.93,4.74,46.86,67.32
2010-01-14,5.62,145.29,5.03,59.43,80.83
2010-01-15,2.189,103.95,4.23,40.17,59.55
2010-01-16,0.855,61.17,4.23,15.04,41.9
2010-01-17,0.32,24.8,4.21,0.0,20.59
2010-01-18,5.549,161.36,5.09,65.26,91.01
2010-01-19,36.829,225.44,10.36,92.07,123.02
2010-01-20,57.824,763.6,12.91,319.82,430.87
2010-01-21,21.247,649.67,8.84,275.01,365.82
2010-01-22,26.785,209.95,9.23,86.17,114.55
2010-01-23,16.948,85.14,7.74,33.19,44.21
2010-01-24,9.642,42.66,6.2,15.6,20.87
2010-01-25,7.148,17.46,5.13,5.06,7.27
2010-01-26,12.68,46.97,6.46,17.1,23.41
2010-01-27,12.139,116.94,6.84,47.33,62.76
2010-01-28,6.564,46.76,5.13,17.65,23.98
2010-01-29,5.263,15.42,4.41,4.4,6.61
2010-01-30,5.639,15.93,4.62,4.48,6.84
2010-01-31,4.671,12.59,4.18,3.44,4.97
2010-02-01,4.108,7.44,4.08,1.27,2.08
2010-02-02,3.713,6.2,4.08,0.72,1.4
2010-02-03,3.424,6.05,4.08,0.64,1.32
2010-02-04,3.282,12.24,3.98,3.36,4.9
2010-02-05,6.312,63.54,4.82,24.63,34.09
2010-02-06,11.174,123.18,6.17,49.83,67.19
2010-02-07,8.64,133.02,6.0,54.45,72.57
2010-02-08,4.731,56.45,4.31,21.93,30.21
2010-02-09,4.395,21.63,4.08,6.79,10.75
2010-02-10,5.284,32.53,4.48,11.72,16.34
2010-02-11,4.078,20.4,4.1,6.71,9.59
2010-02-12,3.337,9.55,4.09,2.03,3.43
2010-02-13,2.864,6.48,4.09,0.74,1.65
2010-02-14,2.55,5.98,4.08,0.51,1.38
2010-02-15,2.274,5.87,4.08,0.42,1.37
2010-02-16,2.029,5.82,4.08,0.35,1.39
2010-02-17,1.824,5.79,4.08,0.3,1.41
2010-02-18,1.642,5.77,4.08,0.25,1.43
2010-02-19,1.485,5.75,4.08,0.21,1.46
2010-02-20,1.337,5.75,4.08,0.18,1.49
2010-02-21,1.272,6.51,3.99,0.53,1.99
2010-02-22,3.115,32.62,3.91,11.69,17.02
2010-02-23,6.382,59.39,4.65,22.93,31.82
2010-02-24,22.13,109.7,8.44,43.14,58.13
2010-02-25,9.903,73.94,6.44,28.86,38.64
2010-02-26,7.563,68.91,5.15,26.96,36.8
2010-02-27,19.858,200.23,7.91,82.5,109.82
2010-02-28,14.519,108.73,7.37,43.62,57.75
2010-03-01,8.037,36.99,5.65,13.27,18.06
2010-03-02,7.388,26.2,5.26,8.64,12.3
2010-03-03,15.88,85.75,7.12,33.27,45.36
2010-03-04,19.868,111.18,8.37,44.08,58.73
2010-03-05,11.3,38.28,6.51,13.1,18.68
2010-03-06,8.367,14.68,5.67,3.15,5.86
2010-03-07,7.1,8.81,5.24,1.05,2.53
2010-03-08,6.079,7.07,4.82,0.73,1.52
2010-03-09,5.316,6.49,4.48,0.68,1.33
2010-03-10,4.572,6.12,4.11,0.66,1.34
2010-03-11,4.157,6.6,4.08,0.86,1.66
2010-03-12,5.45,28.65,4.53,9.95,14.17
2010-03-13,12.768,110.77,6.65,44.46,59.66
2010-03-14,6.986,72.07,5.37,28.64,38.06
2010-03-15,4.759,25.93,4.24,9.03,12.66
2010-03-16,4.023,9.89,4.09,2.15,3.65
2010-03-17,3.51,6.54,4.09,0.75,1.7
2010-03-18,3.025,6.05,4.09,0.51,1.45
2010-03-19,2.549,5.96,4.09,0.41,1.46
2010-03-20,2.178,5.91,4.08,0.32,1.51
2010-03-21,1.961,5.89,4.08,0.27,1.55
2010-03-22,1.79,5.89,4.08,0.22,1.59
2010-03-23,1.602,5.89,4.08,0.17,1.63
2010-03-24,1.414,5.89,4.08,0.12,1.68
2010-03-25,1.277,5.91,4.08,0.1,1.73
2010-03-26,1.178,5.92,4.07,0.08,1.77
2010-03-27,1.112,5.94,4.07,0.07,1.8
2010-03-28,1.041,5.97,4.08,0.06,1.84
2010-03-29,0.958,6.0,4.08,0.03,1.89
2010-03-30,0.886,6.03,4.08,0.01,1.95
2010-03-31,0.944,13.16,3.96,3.19,6.01
2010-04-01,1.764,34.79,3.99,12.24,18.56
2010-04-02,2.182,41.92,4.09,15.31,22.52
2010-04-03,1.504,24.43,4.14,7.76,12.53
2010-04-04,1.68,36.75,3.78,13.5,19.48
2010-04-05,16.124,120.23,7.28,48.01,64.94
2010-04-06,10.908,90.26,6.75,35.53,47.98
2010-04-07,4.666,38.7,4.4,14.34,19.96
2010-04-08,3.152,16.38,4.12,4.67,7.59
2010-04-09,2.493,7.83,4.09,1.03,2.7
2010-04-10,2.131,6.12,4.09,0.41,1.62
2010-04-11,4.44,60.01,4.43,23.1,32.47
2010-04-12,18.921,115.35,7.78,45.74,61.84
2010-04-13,14.334,97.61,7.09,38.74,51.77
2010-04-14,8.388,139.06,5.86,57.25,75.95
2010-04-15,5.305,60.62,4.53,23.59,32.49
2010-04-16,4.191,18.09,4.1,5.24,8.76
2010-04-17,3.417,7.68,4.1,1.04,2.54
2010-04-18,2.89,6.13,4.09,0.5,1.54
2010-04-19,2.494,5.96,4.09,0.42,1.45
2010-04-20,10.118,147.64,6.1,60.2,81.34
2010-04-21,12.295,181.27,6.81,74.94,99.52
2010-04-22,8.772,71.5,5.87,27.89,37.74
2010-04-23,5.303,31.47,4.58,11.2,15.7
2010-04-24,3.905,12.73,4.11,3.24,5.38
2010-04-25,3.088,7.13,4.1,0.9,2.13
2010-04-26,2.534,6.09,4.09,0.48,1.52
2010-04-27,2.135,5.94,4.09,0.38,1.47
2010-04-28,1.929,5.9,4.08,0.33,1.49
2010-04-29,1.845,7.19,4.07,0.88,2.25
2010-04-30,1.676,8.17,4.09,1.21,2.87
2010-05-01,1.416,6.47,4.09,0.41,1.97
2010-05-02,1.225,5.94,4.08,0.14,1.71
2010-05-03,1.093,5.89,4.08,0.08,1.73
2010-05-04,0.997,5.91,4.08,0.05,1.78
2010-05-05,0.908,5.95,4.08,0.03,1.84
2010-05-06,0.809,6.0,4.08,0.0,1.91
2010-05-07,0.751,6.04,4.07,0.0,1.97
2010-05-08,0.724,6.07,4.07,0.0,2.0
2010-05-09,0.71,6.08,4.07,0.0,2.01
2010-05-10,0.701,6.07,4.07,0.0,2.01
2010-05-11,0.695,6.08,4.06,0.0,2.02
2010-05-12,0.691,6.1,4.06,0.0,2.03
2010-05-13,0.685,6.06,4.07,0.0,2.0
2010-05-14,0.679,6.05,4.06,0.0,1.98
2010-05-15,0.673,6.04,4.06,0.0,1.97
2010-05-16,0.668,6.03,4.06,0.0,1.96
2010-05-17,0.663,6.02,4.06,0.0,1.95
2010-05-18,0.658,6.01,4.06,0.0,1.94
2010-05-19,0.654,6.0,4.06,0.0,1.93
2010-05-20,0.649,5.99,4.06,0.0,1.93
2010-05-21,0.644,5.98,4.06,0.0,1.92
2010-05-22,0.64,5.97,4.06,0.0,1.91
2010-05-23,0.635,5.96,4.06,0.0,1.9
2010-05-24,0.631,5.95,4.06,0.0,1.89
2010-05-25,0.627,5.94,4.06,0.0,1.88
2010-05-26,0.625,5.99,4.06,0.0,1.93
2010-05-27,0.626,6.0,4.06,0.0,1.94
2010-05-28,0.765,11.5,4.01,1.24,6.25
2010-05-29,0.835,15.77,4.08,2.69,9.0
2010-05-30,0.693,8.44,4.09,0.04,4.3
2010-05-31,0.62,6.22,4.07,0.0,2.15
2010-06-01,0.6,5.9,4.07,0.0,1.84
2010-06-02,0.594,5.87,4.06,0.0,1.8
2010-06-03,0.59,5.86,4.06,0.0,1.79
2010-06-04,0.586,5.85,4.06,0.0,1.78
2010-06-05,0.582,5.84,4.06,0.0,1.77
2010-06-06,0.578,5.83,4.06,0.0,1.76
2010-06-07,0.575,5.82,4.06,0.0,1.75
2010-06-08,0.571,5.81,4.06,0.0,1.74
2010-06-09,0.567,5.8,4.06,0.0,1.73
2010-06-10,0.564,5.79,4.06,0.0,1.72
2010-06-11,0.56,5.78,4.06,0.0,1.71
2010-06-12,0.557,5.77,4.06,0.0,1.7
2010-06-13,0.554,5.76,4.06,0.0,1.69
2010-06-14,0.55,5.75,4.06,0.0,1.68
2010-06-15,0.547,5.74,4.06,0.0,1.67
2010-06-16,0.544,5.73,4.06,0.0,1.66
2010-06-17,0.541,5.72,4.06,0.0,1.65
2010-06-18,0.537,5.71,4.06,0.0,1.64
2010-06-19,0.534,5.7,4.06,0.0,1.63
2010-06-20,0.531,5.69,4.06,0.0,1.62
2010-06-21,0.528,5.68,4.06,0.0,1.61
2010-06-22,0.525,5.67,4.06,0.0,1.6
2010-06-23,0.522,5.66,4.06,0.0,1.59
2010-06-24,0.519,5.65,4.06,0.0,1.58
2010-06-25,0.516,5.64,4.06,0.0,1.57
2010-06-26,0.514,5.63,4.06,0.0,1.56
2010-06-27,0.511,5.62,4.06,0.0,1.55
2010-06-28,0.508,5.61,4.06,0.0,1.54
2010-06-29,0.505,5.6,4.06,0.0,1.53
2010-06-30,0.503,5.59,4.06,0.0,1.52
2010-07-01,0.5,5.58,4.06,0.0,1.51
2010-07-02,0.497,5.57,4.06,0.0,1.5
2010-07-03,0.495,5.56,4.06,0.0,1.49
2010-07-04,0.492,5.55,4.06,0.0,1.48
2010-07-05,0.49,5.54,4.06,0.0,1.47
2010-07-06,0.487,5.53,4.06,0.0,1.46
2010-07-07,0.485,5.52,4.06,0.0,1.45
2010-07-08,0.482,5.51,4.06,0.0,1.44
2010-07-09,0.479,5.5,4.06,0.0,1.43
2010-07-10,0.474,5.49,4.07,0.0,1.43
2010-07-11,0.469,5.49,4.07,0.0,1.42
2010-07-12,0.464,5.49,4.07,0.0,1.42
2010-07-13,0.458,5.48,4.07,0.0,1.42
2010-07-14,0.453,5.48,4.07,0.0,1.42
2010-07-15,0.447,5.48,4.07,0.0,1.41
2010-07-16,0.442,5.48,4.07,0.0,1.41
2010-07-17,0.437,5.47,4.07,0.0,1.41
2010-07-18,0.431,5.47,4.07,0.0,1.41
2010-07-19,0.426,5.47,4.07,0.0,1.4
2010-07-20,0.421,5.47,4.07,0.0,1.4
2010-07-21,0.416,5.46,4.07,0.0,1.4
2010-07-22,0.411,5.46,4.07,0.0,1.39
2010-07-23,0.407,5.46,4.07,0.0,1.39
2010-07-24,0.402,5.45,4.07,0.0,1.39
2010-07-25,0.397,5.45,4.07,0.0,1.39
2010-07-26,0.392,5.45,4.07,0.0,1.38
2010-07-27,0.388,5.45,4.07,0.0,1.38
2010-07-28,0.383,5.44,4.07,0.0,1.38
2010-07-29,0.379,5.44,4.07,0.0,1.38
2010-07-30,0.374,5.44,4.07,0.0,1.37
2010-07-31,0.37,5.44,4.07,0.0,1.37
2010-08-01,0.365,5.43,4.07,0.0,1.37
2010-08-02,0.361,5.43,4.07,0.0,1.36
2010-08-03,0.357,5.43,4.07,0.0,1.36
2010-08-04,0.353,5.43,4.07,0.0,1.36
2010-08-05,0.348,5.42,4.07,0.0,1.36
2010-08-06,0.344,5.42,4.07,0.0,1.35
2010-08-07,0.34,5.42,4.07,0.0,1.35
2010-08-08,0.336,5.41,4.07,0.0,1.35
2010-08-09,0.332,5.41,4.07,0.0,1.35
2010-08-10,0.328,5.41,4.07,0.0,1.34
2010-08-11,0.325,5.41,4.07,0.0,1.34
2010-08-12,0.321,5.4,4.07,0.0,1.34
2010-08-13,0.317,5.4,4.07,0.0,1.33
2010-08-14,0.313,5.4,4.07,0.0,1.33
2010-08-15,0.31,5.39,4.07,0.0,1.33
2010-08-16,0.306,5.39,4.07,0.0,1.33
2010-08-17,0.302,5.39,4.07,0.0,1.32
2010-08-18,0.299,5.39,4.07,0.0,1.32
2010-08-19,0.295,5.38,4.07,0.0,1.32
2010-08-20,0.292,5.38,4.07,0.0,1.32
2010-08-21,0.288,5.38,4.07,0.0,1.31
2010-08-22,0.285,5.38,4.07,0.0,1.31
2010-08-23,0.282,5.37,4.07,0.0,1.31
2010-08-24,0.278,5.37,4.07,0.0,1.3
2010-08-25,0.275,5.37,4.07,0.0,1.3
2010-08-26,0.272,5.36,4.07,0.0,1.29
2010-08-27,0.269,5.35,4.07,0.0,1.29
2010-08-28,0.266,5.35,4.07,0.0,1.28
2010-08-29,0.263,5.34,4.07,0.0,1.27
2010-08-30,0.259,5.33,4.07,0.0,1.27
2010-08-31,0.256,5.33,4.07,0.0,1.26
2010-09-01,0.253,5.32,4.07,0.0,1.25
2010-09-02,0.25,5.31,4.07,0.0,1.25
2010-09-03,0.248,5.31,4.07,0.0,1.24
2010-09-04,0.245,5.3,4.07,0.0,1.24
2010-09-05,0.242,5.29,4.07,0.0,1.23
2010-09-06,0.239,5.29,4.07,0.0,1.22
2010-09-07,0.236,5.28,4.07,0.0,1.22
2010-09-08,0.233,5.28,4.07,0.0,1.21
2010-09-09,0.231,5.27,4.07,0.0,1.2
2010-09-10,0.228,5.26,4.07,0.0,1.2
2010-09-11,0.225,5.26,4.07,0.0,1.19
2010-09-12,0.223,5.25,4.07,0.0,1.19
2010-09-13,0.22,5.25,4.07,0.0,1.18
2010-09-14,0.218,5.24,4.07,0.0,1.18
2010-09-15,0.215,5.24,4.07,0.0,1.17
2010-09-16,0.213,5.23,4.07,0.0,1.16
2010-09-17,0.21,5.22,4.07,0.0,1.16
2010-09-18,0.208,5.21,4.07,0.0,1.15
2010-09-19,0.205,5.2,4.07,0.0,1.13
2010-09-20,0.203,5.19,4.07,0.0,1.12
2010-09-21,0.2,5.17,4.07,0.0,1.11
2010-09-22,0.198,5.16,4.07,0.0,1.1
2010-09-23,0.196,5.15,4.07,0.0,1.09
2010-09-24,0.194,5.14,4.07,0.0,1.07
2010-09-25,0.191,5.13,4.07,0.0,1.06
2010-09-26,0.189,5.11,4.07,0.0,1.05
2010-09-27,0.187,5.1,4.07,0.0,1.03
2010-09-28,0.185,5.08,4.07,0.0,1.02
2010-09-29,0.183,5.07,4.07,0.0,1.0
2010-09-30,0.18,5.05,4.07,0.0,0.99
2010-10-01,0.178,5.04,4.07,0.0,0.97
2010-10-02,0.176,5.03,4.07,0.0,0.96
2010-10-03,0.174,5.01,4.07,0.0,0.95
2010-10-04,0.172,5.0,4.07,0.0,0.93
2010-10-05,0.17,4.99,4.07,0.0,0.92
2010-10-06,0.168,4.97,4.07,0.0,0.91
2010-10-07,0.166,4.96,4.07,0.0,0.9
2010-10-08,0.164,4.95,4.07,0.0,0.89
2010-10-09,0.163,4.94,4.07,0.0,0.87
2010-10-10,0.161,4.93,4.07,0.0,0.86
2010-10-11,0.159,4.92,4.07,0.0,0.85
2010-10-12,0.157,4.91,4.07,0.0,0.84
2010-10-13,0.155,4.9,4.07,0.0,0.83
2010-10-14,0.153,4.89,4.07,0.0,0.82
2010-10-15,0.152,4.88,4.07,0.0,0.81
2010-10-16,0.15,4.87,4.07,0.0,0.8
2010-10-17,0.148,4.86,4.07,0.0,0.79
2010-10-18,0.146,4.85,4.07,0.0,0.78
2010-10-19,0.145,4.84,4.07,0.0,0.77
2010-10-20,0.143,4.83,4.07,0.0,0.76
2010-10-21,0.141,4.82,4.07,0.0,0.75
2010-10-22,0.14,4.81,4.07,0.0,0.75
2010-10-23,0.138,4.8,4.06,0.0,0.74
2010-10-24,0.936,41.47,3.22,13.97,24.28
2010-10-25,9.861,189.1,6.0,78.22,104.89
2010-10-26,3.775,154.33,4.45,63.44,86.45
2010-10-27,1.431,105.9,4.23,37.72,63.95
2010-10-28,0.537,49.26,4.24,3.77,41.25
2010-10-29,0.223,18.57,4.18,0.0,14.4
2010-10-30,0.156,6.65,4.08,0.0,2.57
2010-10-31,0.152,5.77,4.07,0.0,1.7
2010-11-01,0.147,5.53,4.07,0.0,1.46
2010-11-02,0.14,5.05,4.07,0.0,0.97
2010-11-03,0.134,4.81,4.07,0.0,0.74
2010-11-04,0.131,4.76,4.07,0.0,0.7
2010-11-05,0.129,4.75,4.07,0.0,0.68
2010-11-06,0.127,4.74,4.07,0.0,0.67
2010-11-07,0.986,83.99,3.6,29.55,50.85
2010-11-08,5.129,202.22,4.41,83.55,114.26
2010-11-09,2.728,177.02,4.22,71.52,101.28
2010-11-10,1.066,113.45,4.23,35.54,73.68
2010-11-11,0.39,45.9,4.24,0.1,41.56
2010-11-12,0.177,15.16,4.15,0.0,11.01
2010-11-13,0.133,5.64,4.09,0.0,1.55
2010-11-14,0.124,4.76,4.07,0.0,0.69
2010-11-15,0.12,4.69,4.07,0.0,0.62
2010-11-16,0.118,4.67,4.07,0.0,0.61
2010-11-17,0.117,4.66,4.07,0.0,0.6
2010-11-18,0.115,4.65,4.07,0.0,0.59
2010-11-19,0.234,24.48,2.66,9.19,12.63
2010-11-20,7.044,139.66,5.36,56.45,77.85
2010-11-21,22.234,185.2,8.58,75.77,100.85
2010-11-22,7.209,152.02,5.9,62.67,83.45
2010-11-23,4.298,84.48,4.1,33.0,47.38
2010-11-24,5.904,101.6,4.92,40.32,56.36
2010-11-25,2.575,94.28,4.22,36.81,53.26
2010-11-26,1.038,63.65,4.22,18.79,40.64
2010-11-27,0.525,26.97,4.05,0.08,22.84
2010-11-28,1.832,84.73,3.91,30.47,50.36
2010-11-29,1.839,84.8,4.17,32.18,48.45
2010-11-30,0.835,44.92,4.22,10.84,29.86
2010-12-01,0.339,16.83,4.2,0.0,12.63
2010-12-02,0.19,6.97,4.12,0.0,2.85
2010-12-03,0.155,4.94,4.08,0.0,0.86
2010-12-04,0.146,4.75,4.07,0.0,0.68
2010-12-05,0.448,47.55,3.7,13.77,30.08
2010-12-06,4.589,133.03,4.43,52.87,75.73
2010-12-07,4.325,127.88,4.5,51.83,71.55
2010-12-08,2.791,74.09,3.93,28.47,41.69
2010-12-09,8.763,92.44,5.69,36.53,50.22
2010-12-10,4.013,77.11,4.49,30.63,42.0
2010-12-11,1.605,49.48,4.22,17.42,27.84
2010-12-12,0.669,23.64,4.21,3.17,16.26
2010-12-13,0.331,9.46,4.15,0.0,5.31
2010-12-14,0.443,31.71,3.74,9.28,18.69
2010-12-15,3.006,94.37,3.89,35.64,54.85
2010-12-16,3.098,95.65,4.18,37.87,53.6
2010-12-17,2.561,56.63,3.9,21.1,31.63
2010-12-18,11.687,87.5,6.28,34.38,46.84
2010-12-19,38.648,297.29,10.87,121.84,164.57
2010-12-20,18.34,276.56,9.33,114.56,152.67
2010-12-21,4.627,127.59,4.63,52.26,70.7
2010-12-22,4.065,62.38,4.05,23.16,35.16
2010-12-23,4.487,69.3,4.32,26.63,38.34
2010-12-24,2.544,46.13,4.16,16.82,25.15
2010-12-25,2.52,59.78,3.86,23.07,32.86
2010-12-26,11.725,178.64,6.35,73.99,98.3
2010-12-27,5.543,133.1,5.02,54.85,73.24
2010-12-28,4.336,87.07,4.22,34.81,48.04
2010-12-29,30.117,202.69,9.74,82.71,110.24
2010-12-30,10.294,136.75,6.79,56.02,73.94
2010-12-31,4.545,59.66,4.29,23.31,32.06
2011-01-01,3.452,21.45,4.09,6.69,10.66
2011-01-02,5.709,31.57,4.67,11.21,15.7
2011-01-03,7.953,68.54,5.66,26.91,35.96
2011-01-04,4.635,34.32,4.29,12.59,17.44
2011-01-05,3.566,13.59,4.1,3.77,5.72
2011-01-06,3.055,7.09,4.08,1.1,1.9
2011-01-07,2.756,5.96,4.08,0.67,1.21
2011-01-08,2.553,5.81,4.08,0.61,1.12
2011-01-09,2.376,5.77,4.08,0.59,1.11
2011-01-10,2.168,5.74,4.08,0.56,1.1
2011-01-11,1.916,5.63,4.09,0.45,1.09
2011-01-12,1.69,5.48,4.08,0.32,1.08
2011-01-13,1.552,5.42,4.07,0.28,1.06
2011-01-14,1.503,5.41,4.07,0.28,1.06
2011-01-15,1.406,5.4,4.08,0.25,1.07
2011-01-16,1.228,5.32,4.08,0.19,1.05
2011-01-17,1.095,5.26,4.08,0.14,1.03
2011-01-18,1.003,5.2,4.07,0.11,1.02
2011-01-19,0.94,5.18,4.08,0.09,1.01
2011-01-20,0.823,5.11,4.09,0.02,1.0
2011-01-21,0.721,5.03,4.08,0.0,0.95
2011-01-22,0.688,5.01,4.07,0.0,0.94
2011-01-23,0.651,5.01,4.08,0.0,0.94
2011-01-24,0.596,4.99,4.08,0.0,0.91
2011-01-25,0.553,4.98,4.08,0.0,0.9
2011-01-26,0.518,4.97,4.07,0.0,0.9
2011-01-27,0.49,4.97,4.07,0.0,0.9
2011-01-28,0.465,4.97,4.07,0.0,0.9
2011-01-29,0.444,4.97,4.07,0.0,0.9
2011-01-30,2.806,54.94,3.77,20.87,30.3
2011-01-31,6.459,73.72,5.04,29.06,39.62
2011-02-01,3.084,57.59,4.19,22.27,31.12
2011-02-02,1.442,34.22,4.19,10.89,19.13
2011-02-03,0.789,13.79,4.14,1.8,7.84
2011-02-04,0.602,6.17,4.09,0.0,2.08
2011-02-05,0.545,5.11,4.08,0.0,1.03
2011-02-06,0.476,4.98,4.09,0.0,0.89
2011-02-07,0.425,4.95,4.08,0.0,0.87
2011-02-08,0.403,4.96,4.07,0.0,0.89
2011-02-09,0.384,4.96,4.07,0.0,0.89
2011-02-10,0.372,4.96,4.07,0.0,0.89
2011-02-11,0.365,4.96,4.07,0.0,0.9
2011-02-12,0.359,4.96,4.07,0.0,0.9
2011-02-13,0.354,4.96,4.07,0.0,0.9
2011-02-14,0.349,4.96,4.07,0.0,0.89
2011-02-15,0.345,4.96,4.07,0.0,0.89
2011-02-16,7.233,145.72,5.42,59.54,80.76
2011-02-17,17.764,132.88,7.43,53.62,71.82
2011-02-18,27.351,142.76,9.11,57.32,76.33
2011-02-19,34.064,118.69,10.32,46.48,61.9
2011-02-20,17.163,73.48,8.16,28.1,37.23
2011-02-21,7.639,31.73,5.58,11.21,14.95
2011-02-22,5.524,12.61,4.6,3.25,4.76
2011-02-23,4.677,7.04,4.16,1.09,1.79
2011-02-24,4.136,5.96,4.07,0.7,1.19
2011-02-25,17.142,86.67,7.51,33.78,45.38
2011-02-26,14.44,110.37,7.59,44.26,58.53
2011-02-27,7.281,41.55,5.4,15.31,20.84
2011-02-28,5.682,14.41,4.66,3.81,5.95
2011-03-01,4.943,7.3,4.29,1.1,1.92
2011-03-02,4.354,6.01,4.08,0.7,1.22
2011-03-03,3.974,5.84,4.08,0.64,1.13
2011-03-04,3.676,5.83,4.08,0.62,1.13
2011-03-05,3.224,5.81,4.09,0.6,1.12
2011-03-06,3.962,14.32,4.09,4.17,6.05
2011-03-07,7.633,56.98,5.42,22.12,29.43
2011-03-08,4.666,32.65,4.36,12.1,16.19
2011-03-09,3.341,14.06,4.11,4.06,5.89
2011-03-10,2.726,7.23,4.09,1.09,2.04
2011-03-11,2.396,5.81,4.08,0.49,1.23
2011-03-12,2.114,5.56,4.08,0.36,1.11
2011-03-13,1.886,5.46,4.08,0.29,1.09
2011-03-14,1.755,5.58,4.06,0.31,1.21
2011-03-15,1.883,10.03,4.06,2.23,3.74
2011-03-16,3.502,31.59,4.01,11.51,16.06
2011-03-17,4.458,52.87,4.31,20.6,27.96
2011-03-18,4.607,47.66,4.28,17.99,25.39
2011-03-19,18.258,112.19,7.43,44.82,59.95
2011-03-20,32.794,128.89,10.01,50.92,67.96
2011-03-21,19.33,71.35,8.27,26.91,36.18
2011-03-22,12.695,29.68,6.76,8.79,14.12
2011-03-23,17.11,59.86,7.42,21.35,31.09
2011-03-24,36.828,127.1,10.3,48.78,68.01
2011-03-25,43.676,156.34,12.03,61.18,83.13
2011-03-26,31.406,60.53,9.69,23.72,27.12
2011-03-27,27.175,65.86,9.42,31.7,24.73
2011-03-28,20.323,46.18,8.24,20.8,17.13
2011-03-29,16.712,24.63,7.5,4.13,13.0
2011-03-30,13.863,17.19,6.88,0.84,9.47
2011-03-31,11.356,12.81,6.43,0.74,5.64
2011-04-01,9.413,10.3,5.96,0.72,3.62
2011-04-02,7.974,9.14,5.54,0.7,2.91
2011-04-03,6.717,8.01,5.1,0.68,2.23
2011-04-04,5.535,6.73,4.6,0.64,1.49
2011-04-05,4.679,6.1,4.17,0.61,1.32
2011-04-06,4.058,5.99,4.09,0.56,1.34
2011-04-07,3.439,5.97,4.09,0.51,1.37
2011-04-08,3.017,5.89,4.08,0.41,1.4
2011-04-09,2.753,5.82,4.08,0.32,1.42
2011-04-10,2.488,5.78,4.08,0.25,1.45
2011-04-11,2.24,5.75,4.08,0.19,1.48
2011-04-12,2.024,5.74,4.08,0.15,1.51
2011-04-13,1.848,5.74,4.08,0.12,1.54
2011-04-14,1.684,5.75,4.08,0.09,1.58
2011-04-15,1.538,5.76,4.08,0.07,1.61
2011-04-16,1.415,5.77,4.07,0.06,1.63
2011-04-17,1.344,5.78,4.07,0.05,1.65
2011-04-18,1.275,5.79,4.07,0.04,1.68
2011-04-19,1.211,5.81,4.07,0.03,1.71
2011-04-20,1.176,5.82,4.07,0.02,1.73
2011-04-21,1.156,5.82,4.07,0.02,1.73
2011-04-22,1.141,5.82,4.07,0.02,1.74
2011-04-23,1.13,5.81,4.07,0.02,1.73
2011-04-24,1.119,5.81,4.07,0.02,1.73
2011-04-25,1.108,5.8,4.07,0.01,1.73
2011-04-26,1.097,5.8,4.07,0.01,1.72
2011-04-27,1.087,5.8,4.07,0.01,1.72
2011-04-28,1.076,5.79,4.07,0.01,1.71
2011-04-29,1.066,5.79,4.07,0.01,1.71
2011-04-30,1.056,5.78,4.07,0.01,1.71
2011-05-01,1.046,5.78,4.07,0.01,1.7
2011-05-02,1.037,5.77,4.07,0.01,1.7
2011-05-03,1.027,5.77,4.07,0.01,1.69
2011-05-04,1.017,5.76,4.07,0.01,1.69
2011-05-05,1.008,5.76,4.07,0.01,1.68
2011-05-06,0.999,5.75,4.07,0.01,1.68
2011-05-07,0.99,5.75,4.07,0.01,1.68
2011-05-08,0.981,5.74,4.07,0.01,1.67
2011-05-09,0.972,5.74,4.07,0.01,1.67
2011-05-10,0.963,5.73,4.07,0.0,1.66
2011-05-11,0.955,5.73,4.07,0.0,1.66
2011-05-12,0.946,5.72,4.07,0.0,1.65
2011-05-13,0.938,5.72,4.06,0.0,1.65
2011-05-14,0.936,5.67,4.04,0.0,1.63
2011-05-15,1.657,33.16,3.94,11.95,17.28
2011-05-16,2.473,57.26,4.07,21.79,31.39
2011-05-17,1.902,31.64,4.1,9.9,17.65
2011-05-18,2.826,23.93,3.94,7.41,12.58
2011-05-19,3.548,32.92,4.11,11.71,17.09
2011-05-20,2.187,24.21,4.15,7.71,12.35
2011-05-21,1.356,12.42,4.13,2.45,5.85
2011-05-22,1.04,6.89,4.09,0.38,2.41
2011-05-23,0.93,5.77,4.08,0.04,1.65
2011-05-24,0.885,5.65,4.07,0.01,1.57
2011-05-25,0.861,5.64,4.07,0.0,1.57
2011-05-26,0.847,5.64,4.07,0.0,1.57
2011-05-27,0.837,5.64,4.07,0.0,1.57
2011-05-28,0.829,5.63,4.06,0.0,1.57
2011-05-29,0.822,5.63,4.06,0.0,1.56
2011-05-30,0.815,5.62,4.06,0.0,1.56
2011-05-31,0.809,5.61,4.06,0.0,1.55
2011-06-01,0.802,5.61,4.06,0.0,1.54
2011-06-02,0.797,5.61,4.06,0.0,1.55
2011-06-03,0.792,5.62,4.06,0.0,1.55
2011-06-04,12.076,124.9,6.81,50.36,67.73
2011-06-05,14.793,162.56,7.8,66.51,88.25
2011-06-06,5.111,87.1,4.79,35.12,47.19
2011-06-07,2.519,50.66,4.17,19.04,27.45
2011-06-08,1.511,22.82,4.14,6.45,12.24
2011-06-09,1.118,9.1,4.1,1.11,3.89
2011-06-10,0.952,5.97,4.09,0.14,1.75
2011-06-11,0.852,5.54,4.08,0.02,1.44
2011-06-12,0.796,5.51,4.07,0.0,1.43
2011-06-13,0.765,5.52,4.07,0.0,1.45
2011-06-14,0.746,5.52,4.07,0.0,1.46
2011-06-15,0.734,5.52,4.07,0.0,1.46
2011-06-16,0.726,5.52,4.07,0.0,1.45
2011-06-17,0.718,5.52,4.07,0.0,1.45
2011-06-18,0.712,5.51,4.06,0.0,1.45
2011-06-19,0.706,5.5,4.06,0.0,1.44
2011-06-20,0.7,5.5,4.06,0.0,1.43
2011-06-21,0.695,5.49,4.06,0.0,1.43
2011-06-22,0.69,5.49,4.06,0.0,1.42
2011-06-23,0.685,5.48,4.06,0.0,1.41
2011-06-24,0.68,5.47,4.06,0.0,1.41
2011-06-25,0.675,5.47,4.06,0.0,1.4
2011-06-26,0.67,5.46,4.06,0.0,1.39
2011-06-27,0.666,5.45,4.06,0.0,1.39
2011-06-28,3.684,126.58,4.27,52.09,70.22
2011-06-29,15.135,281.14,7.39,117.81,155.95
2011-06-30,4.764,170.19,4.82,70.94,94.44
2011-07-01,2.016,101.59,4.19,39.12,58.27
2011-07-02,1.069,42.95,4.15,11.97,26.84
2011-07-03,0.754,12.05,4.1,0.86,7.09
2011-07-04,0.664,6.09,4.07,0.0,2.02
2011-07-05,0.642,5.46,4.07,0.0,1.39
2011-07-06,0.634,5.4,4.07,0.0,1.33
2011-07-07,0.627,5.39,4.07,0.0,1.32
2011-07-08,0.622,5.38,4.06,0.0,1.32
2011-07-09,0.617,5.37,4.06,0.0,1.31
2011-07-10,0.612,5.37,4.06,0.0,1.3
2011-07-11,0.608,5.36,4.06,0.0,1.3
2011-07-12,0.603,5.35,4.06,0.0,1.29
2011-07-13,0.599,5.35,4.06,0.0,1.28
2011-07-14,0.595,5.34,4.06,0.0,1.27
2011-07-15,0.592,5.33,4.06,0.0,1.27
2011-07-16,0.588,5.33,4.06,0.0,1.26
2011-07-17,0.584,5.32,4.06,0.0,1.25
2011-07-18,0.581,5.31,4.06,0.0,1.25
2011-07-19,0.577,5.3,4.06,0.0,1.24
2011-07-20,0.574,5.3,4.06,0.0,1.23
2011-07-21,0.57,5.29,4.06,0.0,1.22
2011-07-22,0.567,5.28,4.06,0.0,1.22
2011-07-23,0.563,5.27,4.06,0.0,1.21
2011-07-24,0.56,5.27,4.06,0.0,1.2
2011-07-25,0.557,5.26,4.06,0.0,1.2
2011-07-26,0.553,5.25,4.06,0.0,1.19
2011-07-27,0.55,5.25,4.06,0.0,1.18
2011-07-28,0.547,5.24,4.06,0.0,1.17
2011-07-29,0.544,5.23,4.06,0.0,1.17
2011-07-30,0.541,5.22,4.06,0.0,1.16
2011-07-31,0.538,5.22,4.06,0.0,1.15
2011-08-01,0.535,5.21,4.06,0.0,1.14
2011-08-02,0.532,5.2,4.06,0.0,1.14
2011-08-03,0.529,5.19,4.06,0.0,1.13
2011-08-04,0.526,5.19,4.06,0.0,1.12
2011-08-05,0.523,5.18,4.06,0.0,1.12
2011-08-06,0.52,5.17,4.06,0.0,1.11
2011-08-07,0.517,5.17,4.06,0.0,1.1
2011-08-08,0.514,5.16,4.06,0.0,1.09
2011-08-09,0.512,5.15,4.06,0.0,1.09
2011-08-10,0.509,5.14,4.06,0.0,1.08
2011-08-11,0.506,5.14,4.06,0.0,1.07
2011-08-12,0.504,5.13,4.06,0.0,1.06
2011-08-13,0.501,5.12,4.06,0.0,1.06
2011-08-14,0.499,5.11,4.06,0.0,1.05
2011-08-15,0.496,5.11,4.06,0.0,1.04
2011-08-16,0.493,5.1,4.06,0.0,1.04
2011-08-17,0.491,5.09,4.06,0.0,1.03
2011-08-18,0.489,5.09,4.06,0.0,1.02
2011-08-19,0.486,5.08,4.06,0.0,1.01
2011-08-20,0.484,5.07,4.06,0.0,1.01
2011-08-21,0.481,5.06,4.06,0.0,1.0
2011-08-22,0.479,5.06,4.06,0.0,0.99
2011-08-23,0.477,5.05,4.06,0.0,0.98
2011-08-24,0.475,5.04,4.06,0.0,0.98
2011-08-25,0.472,5.03,4.06,0.0,0.97
2011-08-26,0.47,5.03,4.06,0.0,0.96
2011-08-27,0.468,5.02,4.06,0.0,0.96
2011-08-28,0.466,5.01,4.06,0.0,0.95
2011-08-29,0.464,5.01,4.06,0.0,0.94
2011-08-30,0.462,5.0,4.06,0.0,0.93
2011-08-31,0.459,4.99,4.06,0.0,0.93
2011-09-01,0.457,4.99,4.06,0.0,0.92
2011-09-02,0.455,4.98,4.06,0.0,0.91
2011-09-03,0.453,4.97,4.06,0.0,0.91
2011-09-04,0.451,4.96,4.06,0.0,0.9
2011-09-05,0.449,4.96,4.06,0.0,0.89
2011-09-06,0.447,4.95,4.06,0.0,0.89
2011-09-07,0.446,4.94,4.06,0.0,0.88
2011-09-08,0.444,4.94,4.06,0.0,0.87
2011-09-09,0.442,4.93,4.06,0.0,0.87
2011-09-10,0.44,4.92,4.06,0.0,0.86
2011-09-11,0.438,4.92,4.06,0.0,0.85
2011-09-12,0.436,4.91,4.06,0.0,0.84
2011-09-13,0.435,4.9,4.06,0.0,0.84
2011-09-14,0.433,4.9,4.06,0.0,0.83
2011-09-15,0.431,4.89,4.06,0.0,0.82
2011-09-16,0.429,4.88,4.06,0.0,0.82
2011-09-17,0.428,4.88,4.06,0.0,0.81
2011-09-18,0.426,4.87,4.06,0.0,0.8
2011-09-19,0.424,4.86,4.06,0.0,0.8
2011-09-20,0.423,4.86,4.06,0.0,0.79
2011-09-21,0.421,4.85,4.06,0.0,0.78
2011-09-22,0.42,4.84,4.06,0.0,0.78
2011-09-23,0.418,4.84,4.06,0.0,0.77
2011-09-24,0.416,4.83,4.06,0.0,0.77
2011-09-25,0.415,4.82,4.06,0.0,0.76
2011-09-26,0.413,4.82,4.06,0.0,0.75
2011-09-27,0.412,4.81,4.06,0.0,0.75
2011-09-28,0.41,4.8,4.06,0.0,0.74
2011-09-29,0.409,4.8,4.06,0.0,0.73
2011-09-30,0.408,4.79,4.06,0.0,0.73
2011-10-01,0.406,4.78,4.06,0.0,0.72
2011-10-02,0.405,4.78,4.06,0.0,0.71
2011-10-03,0.403,4.77,4.06,0.0,0.71
2011-10-04,0.408,4.75,4.02,0.0,0.73
2011-10-05,7.647,154.46,5.43,63.49,85.55
2011-10-06,9.353,152.87,6.08,62.91,83.88
2011-10-07,5.877,104.3,4.99,41.78,57.54
2011-10-08,2.551,80.37,4.21,30.99,45.17
2011-10-09,1.131,45.43,4.19,13.55,27.69
2011-10-10,0.607,14.62,4.15,0.49,9.99
2011-10-11,0.452,6.18,4.09,0.0,2.09
2011-10-12,0.428,4.98,4.07,0.0,0.92
2011-10-13,0.413,4.83,4.07,0.0,0.76
2011-10-14,0.397,4.76,4.07,0.0,0.69
2011-10-15,0.387,4.74,4.07,0.0,0.67
2011-10-16,0.382,4.73,4.07,0.0,0.67
2011-10-17,0.376,4.73,4.07,0.0,0.66
2011-10-18,0.371,4.72,4.07,0.0,0.66
2011-10-19,0.366,4.72,4.07,0.0,0.65
2011-10-20,0.361,4.71,4.07,0.0,0.65
2011-10-21,0.357,4.71,4.07,0.0,0.64
2011-10-22,0.352,4.71,4.07,0.0,0.64
2011-10-23,0.348,4.7,4.07,0.0,0.64
2011-10-24,0.343,4.7,4.07,0.0,0.63
2011-10-25,0.339,4.69,4.07,0.0,0.63
2011-10-26,0.334,4.69,4.07,0.0,0.62
2011-10-27,0.33,4.69,4.07,0.0,0.62
2011-10-28,0.326,4.68,4.07,0.0,0.62
2011-10-29,0.322,4.68,4.07,0.0,0.61
2011-10-30,0.318,4.68,4.07,0.0,0.61
2011-10-31,0.314,4.67,4.07,0.0,0.61
2011-11-01,0.311,4.67,4.07,0.0,0.6
2011-11-02,0.307,4.67,4.07,0.0,0.6
2011-11-03,0.303,4.66,4.07,0.0,0.6
2011-11-04,0.3,4.66,4.07,0.0,0.6
2011-11-05,0.318,5.65,3.96,0.03,1.66
2011-11-06,2.732,114.08,3.83,44.93,65.32
2011-11-07,3.119,137.64,4.18,55.84,77.63
2011-11-08,1.402,88.49,4.21,31.73,52.54
2011-11-09,0.63,34.86,4.19,3.93,26.73
2011-11-10,0.356,10.81,4.13,0.0,6.69
2011-11-11,0.292,5.33,4.08,0.0,1.25
2011-11-12,0.278,4.7,4.07,0.0,0.63
2011-11-13,0.274,4.64,4.07,0.0,0.58
2011-11-14,0.27,4.63,4.07,0.0,0.57
2011-11-15,0.267,4.63,4.07,0.0,0.56
2011-11-16,0.264,4.62,4.07,0.0,0.56
2011-11-17,0.26,4.62,4.07,0.0,0.55
2011-11-18,0.257,4.61,4.07,0.0,0.55
2011-11-19,0.254,4.6,4.06,0.0,0.54
2011-11-20,1.056,40.16,3.75,13.99,22.43
2011-11-21,3.21,63.77,4.02,24.49,35.26
2011-11-22,2.103,61.34,4.19,22.8,34.34
2011-11-23,0.931,36.6,4.21,9.34,23.06
2011-11-24,0.423,13.64,4.18,0.0,9.46
2011-11-25,0.277,6.12,4.1,0.0,2.02
2011-11-26,0.247,4.74,4.07,0.0,0.66
2011-11-27,0.239,4.6,4.07,0.0,0.53
2011-11-28,0.234,4.58,4.07,0.0,0.51
2011-11-29,0.231,4.57,4.07,0.0,0.51
2011-11-30,0.228,4.57,4.07,0.0,0.5
2011-12-01,0.224,4.56,4.07,0.0,0.49
2011-12-02,0.22,4.55,4.07,0.0,0.49
2011-12-03,0.218,4.55,4.07,0.0,0.48
2011-12-04,0.215,4.55,4.07,0.0,0.48
2011-12-05,0.213,4.54,4.07,0.0,0.48
2011-12-06,0.21,4.54,4.07,0.0,0.47
2011-12-07,0.208,4.53,4.07,0.0,0.47
2011-12-08,0.205,4.53,4.07,0.0,0.46
2011-12-09,0.203,4.52,4.07,0.0,0.45
2011-12-10,0.201,4.51,4.07,0.0,0.45
2011-12-11,0.198,4.51,4.07,0.0,0.44
2011-12-12,0.196,4.5,4.07,0.0,0.44
2011-12-13,0.194,4.49,4.07,0.0,0.43
2011-12-14,0.191,4.49,4.07,0.0,0.42
2011-12-15,0.189,4.48,4.07,0.0,0.42
2011-12-16,0.187,4.48,4.07,0.0,0.41
2011-12-17,0.185,4.47,4.07,0.0,0.41
2011-12-18,0.182,4.47,4.07,0.0,0.4
2011-12-19,0.18,4.46,4.07,0.0,0.4
2011-12-20,0.178,4.46,4.07,0.0,0.39
2011-12-21,0.176,4.45,4.07,0.0,0.39
2011-12-22,0.174,4.45,4.07,0.0,0.38
2011-12-23,0.172,4.44,4.07,0.0,0.38
2011-12-24,0.17,4.44,4.07,0.0,0.37
2011-12-25,0.168,4.44,4.07,0.0,0.37
2011-12-26,0.166,4.43,4.07,0.0,0.37
2011-12-27,0.164,4.43,4.07,0.0,0.36
2011-12-28,0.162,4.42,4.07,0.0,0.36
2011-12-29,0.16,4.42,4.07,0.0,0.35
2011-12-30,0.159,4.41,4.07,0.0,0.35
2011-12-31,0.157,4.41,4.07,0.0,0.35
2012-01-01,0.155,4.41,4.07,0.0,0.34
2012-01-02,0.153,4.4,4.07,0.0,0.34
2012-01-03,0.151,4.4,4.07,0.0,0.33
2012-01-04,0.15,4.4,4.07,0.0,0.33
2012-01-05,0.148,4.39,4.07,0.0,0.33
2012-01-06,0.146,4.39,4.07,0.0,0.32
2012-01-07,0.144,4.39,4.07,0.0,0.32
2012-01-08,0.143,4.38,4.07,0.0,0.32
2012-01-09,0.141,4.38,4.07,0.0,0.31
2012-01-10,0.139,4.38,4.07,0.0,0.31
2012-01-11,0.138,4.37,4.07,0.0,0.31
2012-01-12,0.136,4.37,4.07,0.0,0.3
2012-01-13,0.135,4.37,4.07,0.0,0.3
2012-01-14,0.133,4.36,4.07,0.0,0.3
2012-01-15,0.132,4.36,4.07,0.0,0.29
2012-01-16,0.13,4.36,4.07,0.0,0.29
2012-01-17,0.129,4.35,4.07,0.0,0.29
2012-01-18,0.127,4.35,4.07,0.0,0.29
2012-01-19,0.126,4.35,4.07,0.0,0.28
2012-01-20,1.373,141.7,2.91,59.51,79.28
2012-01-21,40.722,411.08,11.23,170.24,229.62
2012-01-22,10.717,278.91,7.31,116.59,155.01
2012-01-23,7.258,129.02,5.1,51.08,72.83
2012-01-24,6.306,104.81,5.31,40.95,58.55
2012-01-25,2.431,72.25,4.22,27.32,40.71
2012-01-26,1.0,43.98,4.21,12.1,27.66
2012-01-27,0.451,16.4,4.18,0.02,12.19
2012-01-28,0.273,7.31,4.12,0.0,3.19
2012-01-29,0.21,5.41,4.1,0.0,1.31
2012-01-30,0.18,5.11,4.08,0.0,1.03
2012-01-31,0.165,5.05,4.07,0.0,0.97
2012-02-01,0.156,5.02,4.07,0.0,0.94
2012-02-02,0.15,4.99,4.07,0.0,0.92
2012-02-03,0.144,4.97,4.07,0.0,0.9
2012-02-04,0.14,4.95,4.07,0.0,0.88
2012-02-05,0.136,4.94,4.07,0.0,0.87
2012-02-06,0.132,4.92,4.07,0.0,0.85
2012-02-07,0.133,4.9,4.04,0.0,0.86
2012-02-08,0.236,10.3,3.96,0.0,6.34
2012-02-09,0.272,12.67,4.11,0.0,8.56
2012-02-10,0.177,8.06,4.14,0.0,3.93
2012-02-11,0.132,5.27,4.09,0.0,1.18
2012-02-12,0.12,4.87,4.07,0.0,0.8
2012-02-13,0.589,44.45,3.77,9.3,31.37
2012-02-14,1.543,73.1,3.97,22.22,46.9
2012-02-15,1.64,85.54,4.14,30.95,50.45
2012-02-16,0.821,58.18,4.21,13.45,40.53
2012-02-17,0.322,26.15,4.22,0.0,21.92
2012-02-18,0.161,9.75,4.14,0.0,5.61
2012-02-19,0.125,5.25,4.08,0.0,1.16
2012-02-20,0.116,4.83,4.07,0.0,0.76
2012-02-21,0.113,4.8,4.07,0.0,0.73
2012-02-22,0.11,4.78,4.07,0.0,0.71
2012-02-23,0.108,4.77,4.07,0.0,0.7
2012-02-24,0.106,4.75,4.07,0.0,0.68
2012-02-25,0.104,4.74,4.07,0.0,0.67
2012-02-26,0.103,4.73,4.07,0.0,0.66
2012-02-27,0.101,4.72,4.07,0.0,0.66
2012-02-28,0.1,4.71,4.07,0.0,0.65
2012-02-29,0.643,34.44,3.51,7.58,23.34
2012-03-01,3.461,108.67,4.02,43.18,61.46
2012-03-02,2.053,97.48,4.21,37.51,55.77
2012-03-03,0.83,59.79,4.23,14.58,40.98
2012-03-04,0.288,25.86,4.24,0.0,21.62
2012-03-05,0.132,9.02,4.15,0.0,4.87
2012-03-06,0.1,4.97,4.09,0.0,0.89
2012-03-07,0.094,4.68,4.07,0.0,0.61
2012-03-08,0.091,4.66,4.07,0.0,0.59
2012-03-09,0.09,4.65,4.07,0.0,0.58
2012-03-10,0.089,4.64,4.07,0.0,0.57
2012-03-11,0.088,4.63,4.07,0.0,0.57
2012-03-12,0.086,4.63,4.07,0.0,0.56
2012-03-13,0.089,4.63,4.01,0.0,0.62
2012-03-14,2.376,42.82,3.74,15.47,23.62
2012-03-15,7.789,82.94,5.59,32.71,44.64
2012-03-16,4.884,92.49,4.47,37.41,50.6
2012-03-17,22.99,240.56,8.71,99.52,132.33
2012-03-18,6.429,223.79,5.68,93.48,124.62
2012-03-19,2.113,162.32,4.23,62.95,95.14
2012-03-20,0.831,95.63,4.22,21.82,69.59
2012-03-21,0.336,36.22,4.2,0.0,32.02
2012-03-22,0.192,11.09,4.12,0.0,6.97
2012-03-23,0.155,5.58,4.09,0.0,1.49
2012-03-24,1.147,79.47,3.23,30.76,45.47
2012-03-25,7.871,113.63,5.39,44.57,63.67
2012-03-26,4.496,99.2,4.69,39.81,54.7
2012-03-27,2.485,86.06,3.94,33.72,48.39
2012-03-28,12.132,214.57,6.48,89.0,119.08
2012-03-29,5.095,177.64,5.03,73.75,98.86
2012-03-30,1.861,116.83,4.23,44.72,67.88
2012-03-31,1.329,73.85,3.94,22.58,47.33
2012-04-01,4.747,118.05,4.29,47.07,66.69
2012-04-02,3.303,108.11,4.21,43.35,60.56
2012-04-03,1.364,70.09,4.22,24.56,41.31
2012-04-04,0.517,31.22,4.24,1.97,25.01
2012-04-05,0.209,12.9,4.18,0.0,8.71
2012-04-06,0.134,5.78,4.11,0.0,1.67
2012-04-07,0.114,4.87,4.08,0.0,0.79
2012-04-08,0.105,4.79,4.07,0.0,0.71
2012-04-09,0.1,4.76,4.07,0.0,0.69
2012-04-10,0.884,69.23,3.42,24.73,41.09
2012-04-11,8.643,101.17,5.65,39.79,55.73
2012-04-12,7.835,107.94,5.22,43.61,59.11
2012-04-13,37.255,264.01,10.64,108.14,145.24
2012-04-14,11.76,250.16,7.64,104.06,138.46
2012-04-15,3.226,150.94,4.22,61.12,85.6
2012-04-16,1.454,90.49,4.19,30.54,55.77
2012-04-17,0.767,32.89,4.16,4.94,23.78
2012-04-18,0.481,10.32,4.13,0.0,6.19
2012-04-19,0.353,5.91,4.11,0.0,1.8
2012-04-20,0.273,5.27,4.1,0.0,1.17
2012-04-21,0.221,5.18,4.1,0.0,1.08
2012-04-22,0.18,5.11,4.1,0.0,1.01
2012-04-23,0.15,5.01,4.09,0.0,0.92
2012-04-24,0.131,4.94,4.08,0.0,0.86
2012-04-25,0.12,4.91,4.04,0.0,0.87
2012-04-26,1.038,27.5,3.7,5.35,18.45
2012-04-27,3.015,57.48,4.05,21.01,32.42
2012-04-28,1.794,60.49,4.2,21.96,34.33
2012-04-29,0.724,40.44,4.24,7.6,28.6
2012-04-30,0.253,19.66,4.23,0.0,15.42
2012-05-01,0.126,7.57,4.14,0.0,3.44
2012-05-02,0.101,5.01,4.08,0.0,0.93
2012-05-03,0.095,4.83,4.07,0.0,0.76
2012-05-04,0.093,4.81,4.07,0.0,0.74
2012-05-05,0.091,4.8,4.07,0.0,0.73
2012-05-06,0.089,4.78,4.07,0.0,0.72
2012-05-07,0.088,4.78,4.07,0.0,0.71
2012-05-08,0.086,4.77,4.07,0.0,0.7
2012-05-09,0.085,4.76,4.07,0.0,0.69
2012-05-10,0.084,4.75,4.07,0.0,0.69
2012-05-11,0.083,4.75,4.07,0.0,0.68
2012-05-12,0.082,4.74,4.07,0.0,0.67
2012-05-13,0.081,4.73,4.07,0.0,0.67
2012-05-14,0.08,4.72,4.07,0.0,0.66
2012-05-15,0.079,4.72,4.07,0.0,0.65
2012-05-16,0.078,4.71,4.07,0.0,0.64
2012-05-17,0.077,4.7,4.07,0.0,0.64
2012-05-18,0.076,4.7,4.07,0.0,0.63
2012-05-19,0.075,4.69,4.07,0.0,0.63
2012-05-20,0.074,4.68,4.07,0.0,0.62
2012-05-21,0.073,4.68,4.07,0.0,0.61
2012-05-22,0.072,4.67,4.07,0.0,0.61
2012-05-23,0.071,4.67,4.07,0.0,0.6
2012-05-24,0.07,4.66,4.07,0.0,0.6
2012-05-25,0.069,4.66,4.07,0.0,0.59
2012-05-26,0.068,4.65,4.07,0.0,0.58
2012-05-27,0.067,4.64,4.07,0.0,0.58
2012-05-28,0.066,4.64,4.07,0.0,0.57
2012-05-29,0.066,4.63,4.07,0.0,0.57
2012-05-30,0.065,4.63,4.07,0.0,0.56
2012-05-31,0.064,4.62,4.07,0.0,0.56
2012-06-01,0.063,4.62,4.07,0.0,0.55
2012-06-02,0.062,4.61,4.07,0.0,0.55
2012-06-03,0.061,4.61,4.07,0.0,0.54
2012-06-04,0.063,4.7,4.04,0.0,0.67
2012-06-05,0.08,7.5,4.05,0.0,3.45
2012-06-06,0.071,5.99,4.1,0.0,1.9
2012-06-07,0.062,4.78,4.08,0.0,0.7
2012-06-08,0.058,4.6,4.07,0.0,0.53
2012-06-09,0.057,4.58,4.07,0.0,0.51
2012-06-10,0.056,4.57,4.07,0.0,0.51
2012-06-11,0.056,4.57,4.07,0.0,0.5
2012-06-12,0.055,4.57,4.07,0.0,0.5
2012-06-13,0.054,4.56,4.07,0.0,0.5
2012-06-14,0.053,4.56,4.07,0.0,0.49
2012-06-15,0.053,4.55,4.07,0.0,0.49
2012-06-16,0.052,4.55,4.07,0.0,0.48
2012-06-17,0.051,4.54,4.07,0.0,0.48
2012-06-18,0.051,4.54,4.07,0.0,0.47
2012-06-19,0.05,4.54,4.07,0.0,0.47
2012-06-20,0.05,4.53,4.07,0.0,0.47
2012-06-21,0.049,4.53,4.07,0.0,0.46
2012-06-22,0.048,4.52,4.07,0.0,0.46
2012-06-23,0.048,4.52,4.07,0.0,0.45
2012-06-24,0.047,4.52,4.07,0.0,0.45
2012-06-25,0.047,4.51,4.07,0.0,0.45
2012-06-26,0.046,4.51,4.07,0.0,0.44
2012-06-27,0.045,4.5,4.07,0.0,0.44
2012-06-28,0.045,4.5,4.07,0.0,0.44
2012-06-29,0.044,4.5,4.07,0.0,0.43
2012-06-30,0.044,4.49,4.07,0.0,0.43
2012-07-01,0.043,4.49,4.07,0.0,0.42
2012-07-02,0.043,4.49,4.07,0.0,0.42
2012-07-03,0.042,4.48,4.07,0.0,0.42
2012-07-04,0.042,4.48,4.07,0.0,0.41
2012-07-05,0.041,4.48,4.07,0.0,0.41
2012-07-06,0.041,4.47,4.07,0.0,0.41
2012-07-07,0.04,4.47,4.07,0.0,0.4
2012-07-08,0.04,4.47,4.07,0.0,0.4
2012-07-09,0.039,4.46,4.07,0.0,0.4
2012-07-10,0.039,4.46,4.07,0.0,0.39
2012-07-11,0.038,4.46,4.07,0.0,0.39
2012-07-12,0.038,4.45,4.07,0.0,0.39
2012-07-13,0.037,4.45,4.07,0.0,0.38
2012-07-14,0.037,4.45,4.07,0.0,0.38
2012-07-15,0.037,4.44,4.07,0.0,0.38
2012-07-16,0.036,4.44,4.07,0.0,0.37
2012-07-17,0.036,4.44,4.07,0.0,0.37
2012-07-18,0.035,4.43,4.07,0.0,0.37
2012-07-19,0.035,4.43,4.07,0.0,0.36
2012-07-20,0.034,4.43,4.07,0.0,0.36
2012-07-21,0.034,4.42,4.07,0.0,0.36
2012-07-22,0.034,4.42,4.07,0.0,0.35
2012-07-23,0.033,4.42,4.07,0.0,0.35
2012-07-24,0.033,4.41,4.07,0.0,0.35
2012-07-25,0.032,4.41,4.07,0.0,0.35
2012-07-26,0.032,4.41,4.07,0.0,0.34
2012-07-27,0.032,4.41,4.07,0.0,0.34
2012-07-28,0.031,4.4,4.07,0.0,0.34
2012-07-29,0.031,4.4,4.07,0.0,0.33
2012-07-30,0.031,4.4,4.07,0.0,0.33
2012-07-31,0.03,4.39,4.07,0.0,0.33
2012-08-01,0.03,4.39,4.07,0.0,0.33
2012-08-02,0.03,4.39,4.07,0.0,0.32
2012-08-03,0.029,4.39,4.07,0.0,0.32
2012-08-04,0.029,4.38,4.07,0.0,0.32
2012-08-05,0.029,4.38,4.07,0.0,0.31
2012-08-06,0.028,4.38,4.07,0.0,0.31
2012-08-07,0.028,4.37,4.07,0.0,0.31
2012-08-08,0.028,4.37,4.07,0.0,0.31
2012-08-09,0.027,4.37,4.07,0.0,0.3
2012-08-10,0.027,4.37,4.07,0.0,0.3
2012-08-11,0.027,4.36,4.07,0.0,0.3
2012-08-12,0.026,4.36,4.07,0.0,0.3
2012-08-13,0.026,4.36,4.07,0.0,0.29
2012-08-14,0.026,4.36,4.07,0.0,0.29
2012-08-15,0.025,4.35,4.07,0.0,0.29
2012-08-16,0.025,4.35,4.07,0.0,0.29
2012-08-17,0.025,4.35,4.07,0.0,0.28
2012-08-18,0.025,4.35,4.07,0.0,0.28
2012-08-19,0.024,4.34,4.07,0.0,0.28
2012-08-20,0.024,4.34,4.07,0.0,0.27
2012-08-21,0.024,4.34,4.07,0.0,0.27
2012-08-22,0.023,4.34,4.07,0.0,0.27
2012-08-23,0.023,4.33,4.07,0.0,0.27
2012-08-24,0.023,4.33,4.07,0.0,0.26
2012-08-25,0.023,4.33,4.07,0.0,0.26
2012-08-26,0.022,4.33,4.07,0.0,0.26
2012-08-27,0.022,4.32,4.07,0.0,0.26
2012-08-28,0.022,4.32,4.07,0.0,0.26
2012-08-29,0.022,4.32,4.07,0.0,0.25
2012-08-30,0.021,4.32,4.07,0.0,0.25
2012-08-31,0.021,4.31,4.07,0.0,0.25
2012-09-01,0.021,4.31,4.07,0.0,0.25
2012-09-02,0.021,4.31,4.07,0.0,0.24
2012-09-03,0.021,4.31,4.07,0.0,0.24
2012-09-04,0.02,4.3,4.07,0.0,0.24
2012-09-05,0.02,4.3,4.07,0.0,0.24
2012-09-06,0.02,4.3,4.07,0.0,0.23
2012-09-07,0.02,4.3,4.07,0.0,0.23
2012-09-08,0.019,4.29,4.07,0.0,0.23
2012-09-09,0.019,4.29,4.07,0.0,0.23
2012-09-10,0.019,4.29,4.07,0.0,0.22
2012-09-11,0.019,4.29,4.07,0.0,0.22
2012-09-12,0.019,4.28,4.07,0.0,0.22
2012-09-13,0.019,4.28,4.07,0.0,0.22
2012-09-14,0.018,4.28,4.07,0.0,0.21
2012-09-15,0.018,4.28,4.07,0.0,0.21
2012-09-16,0.018,4.28,4.07,0.0,0.21
2012-09-17,0.018,4.27,4.07,0.0,0.21
2012-09-18,0.018,4.27,4.07,0.0,0.21
2012-09-19,0.017,4.27,4.07,0.0,0.2
2012-09-20,0.017,4.27,4.07,0.0,0.2
2012-09-21,0.017,4.26,4.07,0.0,0.2
2012-09-22,0.017,4.26,4.07,0.0,0.2
2012-09-23,0.017,4.26,4.07,0.0,0.19
2012-09-24,0.017,4.26,4.07,0.0,0.19
2012-09-25,0.017,4.25,4.07,0.0,0.19
2012-09-26,0.016,4.25,4.07,0.0,0.19
2012-09-27,0.016,4.25,4.07,0.0,0.19
2012-09-28,0.016,4.25,4.07,0.0,0.18
2012-09-29,0.016,4.25,4.07,0.0,0.18
2012-09-30,0.016,4.24,4.07,0.0,0.18
2012-10-01,0.016,4.24,4.07,0.0,0.18
2012-10-02,0.015,4.24,4.07,0.0,0.17
2012-10-03,0.015,4.24,4.07,0.0,0.17
2012-10-04,0.015,4.24,4.07,0.0,0.17
2012-10-05,0.015,4.23,4.07,0.0,0.17
2012-10-06,0.015,4.23,4.07,0.0,0.17
2012-10-07,0.015,4.23,4.07,0.0,0.16
2012-10-08,0.015,4.23,4.07,0.0,0.16
2012-10-09,0.014,4.23,4.07,0.0,0.16
2012-10-10,0.014,4.22,4.07,0.0,0.16
2012-10-11,0.014,4.22,4.07,0.0,0.16
2012-10-12,0.014,4.22,4.07,0.0,0.15
2012-10-13,0.014,4.22,4.07,0.0,0.15
2012-10-14,0.014,4.22,4.07,0.0,0.15
2012-10-15,0.014,4.21,4.07,0.0,0.15
2012-10-16,0.014,4.21,4.07,0.0,0.15
2012-10-17,0.013,4.21,4.07,0.0,0.14
2012-10-18,0.013,4.21,4.07,0.0,0.14
2012-10-19,0.013,4.21,4.07,0.0,0.14
2012-10-20,0.013,4.2,4.07,0.0,0.14
2012-10-21,0.013,4.2,4.07,0.0,0.14
2012-10-22,0.513,60.92,3.91,14.53,42.48
2012-10-23,1.73,88.19,3.9,31.61,52.68
2012-10-24,2.182,74.08,4.1,27.7,42.27
2012-10-25,1.074,58.79,4.23,18.01,36.55
2012-10-26,0.34,31.14,4.3,0.05,26.79
2012-10-27,0.081,15.23,4.31,0.0,10.92
2012-10-28,0.026,5.56,4.2,0.0,1.36
2012-10-29,0.016,4.33,4.1,0.0,0.23
2012-10-30,0.014,4.27,4.07,0.0,0.19
2012-10-31,0.014,4.26,4.07,0.0,0.19
2012-11-01,2.211,93.42,3.71,33.68,56.04
2012-11-02,4.021,149.4,4.21,60.8,84.39
2012-11-03,1.718,109.39,4.23,42.1,63.06
2012-11-04,0.592,59.74,4.27,8.97,46.49
2012-11-05,0.147,30.15,4.32,0.0,25.83
2012-11-06,0.038,9.13,4.26,0.0,4.88
2012-11-07,0.019,4.59,4.13,0.0,0.46
2012-11-08,0.015,4.3,4.09,0.0,0.21
2012-11-09,0.014,4.27,4.07,0.0,0.2
2012-11-10,0.014,4.27,4.07,0.0,0.2
2012-11-11,0.013,4.26,4.07,0.0,0.2
2012-11-12,0.013,4.26,4.07,0.0,0.19
2012-11-13,0.013,4.24,4.07,0.0,0.17
2012-11-14,0.012,4.23,4.07,0.0,0.16
2012-11-15,0.012,4.22,4.07,0.0,0.15
2012-11-16,0.011,4.2,4.07,0.0,0.13
2012-11-17,0.449,51.7,2.59,18.83,30.27
2012-11-18,11.573,148.01,6.31,60.17,81.53
2012-11-19,6.141,184.23,5.49,76.06,102.68
2012-11-20,2.046,145.63,4.24,56.2,85.2
2012-11-21,2.702,99.74,3.85,35.54,60.35
2012-11-22,4.272,134.33,4.25,54.09,75.99
2012-11-23,1.859,95.12,4.23,36.46,54.43
2012-11-24,0.669,53.17,4.26,9.65,39.26
2012-11-25,0.187,25.97,4.29,0.0,21.67
2012-11-26,0.06,8.39,4.21,0.0,4.18
2012-11-27,0.035,4.73,4.11,0.0,0.62
2012-11-28,0.831,68.66,3.58,20.61,44.47
2012-11-29,5.293,211.16,4.5,87.62,119.04
2012-11-30,50.73,319.61,13.05,127.09,179.47
2012-12-01,28.33,322.43,11.69,130.24,180.5
2012-12-02,35.841,418.54,11.11,172.64,234.79
2012-12-03,22.768,542.6,10.49,226.89,305.22
2012-12-04,4.865,268.98,4.8,112.72,151.46
2012-12-05,8.874,248.19,5.73,102.23,140.23
2012-12-06,10.764,303.73,6.73,127.59,169.41
2012-12-07,3.857,154.39,4.29,63.66,86.44
2012-12-08,2.168,68.99,4.14,25.84,39.01
2012-12-09,1.484,22.46,4.12,6.27,12.07
2012-12-10,1.127,8.67,4.1,1.1,3.47
2012-12-11,0.978,6.13,4.08,0.28,1.78
2012-12-12,0.944,5.8,4.07,0.19,1.54
2012-12-13,0.895,5.85,4.08,0.14,1.63
2012-12-14,0.833,5.71,4.07,0.03,1.61
2012-12-15,0.8,5.66,4.07,0.01,1.58
2012-12-16,0.785,6.49,4.07,0.01,2.41
2012-12-17,1.353,33.94,3.86,11.99,18.09
2012-12-18,3.486,58.01,4.02,22.51,31.48
2012-12-19,2.391,52.97,4.17,19.91,28.89
2012-12-20,1.288,29.99,4.16,9.64,16.19
2012-12-21,0.829,11.9,4.13,1.8,5.98
2012-12-22,10.852,199.37,6.7,82.58,110.09
2012-12-23,33.064,234.5,9.82,96.35,128.33
2012-12-24,35.08,322.51,11.76,132.55,178.2
2012-12-25,10.233,137.88,6.17,56.73,74.97
2012-12-26,19.657,91.36,7.95,35.88,47.54
2012-12-27,11.743,53.72,6.76,20.21,26.75
2012-12-28,7.395,18.64,5.37,5.64,7.62
2012-12-29,6.919,13.37,5.15,3.42,4.8
2012-12-30,5.741,7.41,4.67,1.04,1.7
2012-12-31,5.149,6.46,4.38,0.75,1.33
2013-01-01,4.688,6.16,4.14,0.71,1.31
2013-01-02,4.348,6.09,4.08,0.69,1.32
2013-01-03,3.965,6.08,4.08,0.67,1.33
2013-01-04,3.607,6.06,4.08,0.63,1.35
2013-01-05,3.251,6.02,4.08,0.58,1.36
2013-01-06,3.946,10.44,4.05,2.49,3.9
2013-01-07,5.744,30.73,4.72,11.05,14.96
2013-01-08,3.974,22.02,4.12,7.53,10.37
2013-01-09,3.123,10.5,4.1,2.48,3.93
2013-01-10,2.683,6.67,4.08,0.78,1.81
2013-01-11,2.429,6.01,4.08,0.48,1.46
2013-01-12,2.255,5.93,4.08,0.43,1.43
2013-01-13,2.107,5.91,4.07,0.4,1.44
2013-01-14,1.937,5.92,4.08,0.38,1.46
2013-01-15,1.731,5.89,4.08,0.33,1.49
2013-01-16,1.607,5.82,4.07,0.24,1.51
2013-01-17,1.5,5.78,4.08,0.17,1.53
2013-01-18,1.371,5.76,4.08,0.12,1.56
2013-01-19,1.253,5.75,4.08,0.09,1.58
2013-01-20,1.156,5.76,4.08,0.07,1.62
2013-01-21,1.063,5.78,4.08,0.05,1.65
2013-01-22,0.974,5.82,4.08,0.04,1.7
2013-01-23,0.883,5.85,4.08,0.02,1.75
2013-01-24,0.793,5.89,4.08,0.0,1.81
2013-01-25,1.54,28.51,3.87,9.83,14.81
2013-01-26,2.432,47.94,4.1,17.88,25.96
2013-01-27,1.571,30.23,4.15,9.76,16.32
2013-01-28,1.05,12.64,4.11,2.33,6.2
2013-01-29,0.858,6.83,4.09,0.27,2.48
2013-01-30,0.777,5.93,4.08,0.01,1.84
2013-01-31,0.718,5.88,4.07,0.0,1.81
2013-02-01,0.686,5.9,4.07,0.0,1.83
2013-02-02,0.664,5.92,4.07,0.0,1.85
2013-02-03,0.64,5.94,4.07,0.0,1.87
2013-02-04,0.619,5.96,4.07,0.0,1.9
2013-02-05,0.604,5.98,4.07,0.0,1.91
2013-02-06,0.592,5.99,4.07,0.0,1.92
2013-02-07,0.583,5.99,4.07,0.0,1.93
2013-02-08,0.575,6.0,4.07,0.0,1.93
2013-02-09,0.567,6.0,4.07,0.0,1.93
2013-02-10,0.56,6.0,4.07,0.0,1.93
2013-02-11,0.553,6.0,4.07,0.0,1.93
2013-02-12,0.546,6.0,4.07,0.0,1.93
2013-02-13,0.539,6.0,4.07,0.0,1.93
2013-02-14,0.533,6.0,4.07,0.0,1.93
2013-02-15,0.526,6.0,4.07,0.0,1.93
2013-02-16,0.52,6.0,4.07,0.0,1.93
2013-02-17,0.513,6.0,4.07,0.0,1.93
2013-02-18,0.507,6.0,4.07,0.0,1.93
2013-02-19,1.452,52.32,3.68,20.5,28.15
2013-02-20,6.182,163.69,4.85,68.11,90.73
2013-02-21,3.107,130.38,4.2,53.52,72.66
2013-02-22,1.456,70.59,4.18,24.61,41.8
2013-02-23,0.847,24.59,4.14,4.63,15.82
2013-02-24,0.614,8.37,4.1,0.0,4.27
2013-02-25,0.521,6.17,4.08,0.0,2.08
2013-02-26,0.487,5.95,4.07,0.0,1.88
2013-02-27,0.469,5.96,4.07,0.0,1.89
2013-02-28,0.456,5.97,4.07,0.0,1.9
2013-03-01,0.448,5.98,4.07,0.0,1.91
2013-03-02,0.441,5.98,4.07,0.0,1.91
2013-03-03,0.435,5.98,4.07,0.0,1.91
2013-03-04,0.43,5.98,4.07,0.0,1.91
2013-03-05,0.424,5.98,4.07,0.0,1.91
2013-03-06,0.419,5.98,4.07,0.0,1.91
2013-03-07,0.451,5.54,3.75,0.0,1.8
2013-03-08,1.457,81.56,4.05,31.16,46.34
2013-03-09,1.262,57.01,4.1,20.14,32.76
2013-03-10,0.844,27.69,4.15,5.95,17.59
2013-03-11,0.543,10.23,4.12,0.0,6.11
2013-03-12,0.442,6.53,4.08,0.0,2.45
2013-03-13,0.408,5.99,4.07,0.0,1.92
2013-03-14,0.392,5.95,4.07,0.0,1.88
2013-03-15,0.382,5.95,4.07,0.0,1.88
2013-03-16,0.376,5.95,4.07,0.0,1.89
2013-03-17,0.371,5.95,4.07,0.0,1.89
2013-03-18,0.366,5.95,4.07,0.0,1.89
2013-03-19,0.361,5.95,4.07,0.0,1.89
2013-03-20,0.357,5.96,4.07,0.0,1.89
2013-03-21,0.353,5.96,4.07,0.0,1.89
2013-03-22,0.348,5.95,4.07,0.0,1.88
2013-03-23,0.344,5.95,4.07,0.0,1.88
2013-03-24,0.339,5.95,4.07,0.0,1.88
2013-03-25,0.335,5.95,4.07,0.0,1.88
2013-03-26,0.331,5.94,4.07,0.0,1.88
2013-03-27,0.327,5.94,4.07,0.0,1.88
2013-03-28,0.323,5.94,4.07,0.0,1.88
2013-03-29,0.319,5.94,4.07,0.0,1.88
2013-03-30,0.316,5.94,4.07,0.0,1.87
2013-03-31,0.312,5.94,4.07,0.0,1.87
2013-04-01,0.369,7.84,3.94,0.02,3.88
2013-04-02,0.945,46.93,3.97,14.52,28.44
2013-04-03,0.887,46.66,4.15,13.96,28.56
2013-04-04,0.748,20.78,3.99,1.77,15.02
2013-04-05,1.56,60.51,3.99,22.43,34.09
2013-04-06,1.253,51.73,4.17,18.18,29.38
2013-04-07,0.621,20.25,4.19,2.01,14.05
2013-04-08,0.416,9.81,4.04,0.0,5.77
2013-04-09,0.573,17.49,4.04,0.0,13.45
2013-04-10,0.469,14.21,4.13,0.0,10.09
2013-04-11,0.33,7.99,4.11,0.0,3.89
2013-04-12,0.281,6.14,4.08,0.0,2.07
2013-04-13,0.269,5.93,4.07,0.0,1.86
2013-04-14,0.264,5.92,4.07,0.0,1.85
2013-04-15,0.261,5.91,4.07,0.0,1.85
2013-04-16,0.257,5.91,4.07,0.0,1.85
2013-04-17,0.254,5.91,4.07,0.0,1.85
2013-04-18,0.251,5.91,4.07,0.0,1.84
2013-04-19,0.248,5.91,4.07,0.0,1.84
2013-04-20,0.245,5.91,4.07,0.0,1.84
2013-04-21,0.242,5.9,4.07,0.0,1.84
2013-04-22,0.24,5.9,4.07,0.0,1.84
2013-04-23,0.237,5.9,4.07,0.0,1.84
2013-04-24,0.234,5.9,4.07,0.0,1.83
2013-04-25,0.231,5.9,4.07,0.0,1.83
2013-04-26,0.228,5.9,4.07,0.0,1.83
2013-04-27,0.226,5.89,4.07,0.0,1.83
2013-04-28,0.223,5.89,4.07,0.0,1.83
2013-04-29,0.22,5.89,4.07,0.0,1.82
2013-04-30,0.218,5.89,4.07,0.0,1.82
2013-05-01,0.215,5.89,4.07,0.0,1.82
2013-05-02,0.213,5.88,4.07,0.0,1.82
2013-05-03,0.21,5.88,4.07,0.0,1.81
2013-05-04,0.208,5.87,4.07,0.0,1.8
2013-05-05,0.205,5.85,4.07,0.0,1.79
2013-05-06,0.203,5.84,4.07,0.0,1.78
2013-05-07,0.2,5.83,4.07,0.0,1.76
2013-05-08,0.198,5.82,4.07,0.0,1.75
2013-05-09,0.196,5.8,4.07,0.0,1.74
2013-05-10,0.193,5.79,4.07,0.0,1.73
2013-05-11,0.191,5.78,4.07,0.0,1.71
2013-05-12,0.189,5.77,4.07,0.0,1.7
2013-05-13,0.187,5.75,4.07,0.0,1.69
2013-05-14,0.184,5.74,4.07,0.0,1.68
2013-05-15,0.182,5.73,4.07,0.0,1.67
2013-05-16,0.18,5.72,4.07,0.0,1.66
2013-05-17,0.178,5.71,4.07,0.0,1.64
2013-05-18,0.176,5.7,4.07,0.0,1.63
2013-05-19,0.174,5.69,4.07,0.0,1.62
2013-05-20,0.172,5.68,4.07,0.0,1.61
2013-05-21,0.17,5.67,4.07,0.0,1.6
2013-05-22,0.168,5.66,4.07,0.0,1.59
2013-05-23,0.166,5.65,4.07,0.0,1.58
2013-05-24,0.164,5.64,4.07,0.0,1.57
2013-05-25,0.162,5.63,4.07,0.0,1.56
2013-05-26,0.16,5.62,4.07,0.0,1.55
2013-05-27,0.158,5.61,4.07,0.0,1.54
2013-05-28,0.156,5.59,4.07,0.0,1.53
2013-05-29,0.155,5.58,4.07,0.0,1.51
2013-05-30,0.153,5.56,4.07,0.0,1.5
2013-05-31,0.151,5.55,4.07,0.0,1.48
2013-06-01,0.149,5.54,4.07,0.0,1.47
2013-06-02,0.148,5.52,4.07,0.0,1.46
2013-06-03,0.146,5.51,4.07,0.0,1.44
2013-06-04,0.144,5.5,4.07,0.0,1.43
2013-06-05,0.142,5.48,4.07,0.0,1.42
2013-06-06,0.141,5.47,4.07,0.0,1.41
2013-06-07,0.139,5.46,4.07,0.0,1.39
2013-06-08,0.138,5.45,4.07,0.0,1.38
2013-06-09,0.136,5.44,4.07,0.0,1.37
2013-06-10,0.134,5.42,4.07,0.0,1.36
2013-06-11,0.133,5.41,4.07,0.0,1.35
2013-06-12,0.131,5.4,4.07,0.0,1.34
2013-06-13,0.13,5.39,4.07,0.0,1.32
2013-06-14,0.128,5.38,4.07,0.0,1.31
2013-06-15,0.127,5.37,4.07,0.0,1.3
2013-06-16,0.125,5.35,4.07,0.0,1.29
2013-06-17,0.124,5.34,4.07,0.0,1.27
2013-06-18,0.122,5.33,4.07,0.0,1.26
2013-06-19,0.121,5.31,4.07,0.0,1.25
2013-06-20,0.12,5.29,4.07,0.0,1.23
2013-06-21,0.118,5.28,4.07,0.0,1.21
2013-06-22,0.117,5.26,4.07,0.0,1.2
2013-06-23,0.116,5.25,4.07,0.0,1.18
2013-06-24,0.114,5.23,4.07,0.0,1.17
2013-06-25,0.113,5.22,4.07,0.0,1.15
2013-06-26,0.112,5.2,4.07,0.0,1.14
2013-06-27,0.11,5.19,4.07,0.0,1.12
2013-06-28,0.109,5.17,4.07,0.0,1.1
2013-06-29,0.108,5.15,4.07,0.0,1.08
2013-06-30,0.107,5.13,4.07,0.0,1.06
2013-07-01,0.105,5.11,4.07,0.0,1.05
2013-07-02,0.104,5.09,4.07,0.0,1.03
2013-07-03,0.103,5.08,4.07,0.0,1.01
2013-07-04,0.102,5.06,4.07,0.0,0.99
2013-07-05,0.101,5.04,4.07,0.0,0.98
2013-07-06,0.1,5.03,4.07,0.0,0.96
2013-07-07,0.098,5.01,4.07,0.0,0.95
2013-07-08,0.097,5.0,4.07,0.0,0.93
2013-07-09,0.096,4.98,4.07,0.0,0.92
2013-07-10,0.095,4.97,4.07,0.0,0.9
2013-07-11,0.094,4.96,4.07,0.0,0.89
2013-07-12,0.093,4.94,4.07,0.0,0.88
2013-07-13,0.092,4.93,4.07,0.0,0.86
2013-07-14,0.091,4.92,4.07,0.0,0.85
2013-07-15,0.09,4.9,4.07,0.0,0.84
2013-07-16,0.089,4.89,4.07,0.0,0.83
2013-07-17,0.088,4.88,4.07,0.0,0.82
2013-07-18,0.087,4.87,4.07,0.0,0.8
2013-07-19,0.086,4.86,4.07,0.0,0.79
2013-07-20,0.085,4.85,4.07,0.0,0.78
2013-07-21,0.084,4.84,4.07,0.0,0.77
2013-07-22,0.083,4.83,4.07,0.0,0.76
2013-07-23,0.082,4.82,4.07,0.0,0.75
2013-07-24,0.081,4.81,4.07,0.0,0.74
2013-07-25,0.08,4.8,4.07,0.0,0.73
2013-07-26,0.079,4.79,4.07,0.0,0.72
2013-07-27,0.078,4.78,4.07,0.0,0.71
2013-07-28,0.077,4.77,4.07,0.0,0.7
2013-07-29,0.077,4.76,4.07,0.0,0.69
2013-07-30,0.076,4.75,4.07,0.0,0.68
2013-07-31,0.075,4.74,4.07,0.0,0.68
2013-08-01,0.074,4.73,4.07,0.0,0.67
2013-08-02,0.073,4.73,4.07,0.0,0.66
2013-08-03,0.072,4.72,4.07,0.0,0.65
2013-08-04,0.071,4.71,4.07,0.0,0.64
2013-08-05,0.071,4.7,4.07,0.0,0.64
2013-08-06,0.07,4.69,4.07,0.0,0.63
2013-08-07,0.069,4.69,4.07,0.0,0.62
2013-08-08,0.068,4.68,4.07,0.0,0.61
2013-08-09,0.068,4.67,4.07,0.0,0.61
2013-08-10,0.067,4.67,4.07,0.0,0.6
2013-08-11,0.066,4.66,4.07,0.0,0.59
2013-08-12,0.065,4.65,4.07,0.0,0.59
2013-08-13,0.065,4.64,4.07,0.0,0.58
2013-08-14,0.064,4.64,4.07,0.0,0.57
2013-08-15,0.063,4.63,4.07,0.0,0.57
2013-08-16,0.063,4.63,4.07,0.0,0.56
2013-08-17,0.062,4.62,4.07,0.0,0.55
2013-08-18,0.061,4.61,4.07,0.0,0.55
2013-08-19,0.061,4.61,4.07,0.0,0.54
2013-08-20,0.06,4.6,4.07,0.0,0.54
2013-08-21,0.059,4.6,4.07,0.0,0.53
2013-08-22,0.059,4.59,4.07,0.0,0.52
2013-08-23,0.058,4.58,4.07,0.0,0.52
2013-08-24,0.057,4.58,4.07,0.0,0.51
2013-08-25,0.057,4.57,4.07,0.0,0.51
2013-08-26,0.056,4.57,4.07,0.0,0.5
2013-08-27,0.055,4.56,4.07,0.0,0.5
2013-08-28,0.055,4.56,4.07,0.0,0.49
2013-08-29,0.054,4.55,4.07,0.0,0.49
2013-08-30,0.054,4.55,4.07,0.0,0.48
2013-08-31,0.053,4.54,4.07,0.0,0.48
2013-09-01,0.053,4.54,4.07,0.0,0.47
2013-09-02,0.052,4.53,4.07,0.0,0.47
2013-09-03,0.051,4.53,4.07,0.0,0.46
2013-09-04,0.051,4.52,4.07,0.0,0.46
2013-09-05,0.05,4.52,4.07,0.0,0.45
2013-09-06,0.05,4.52,4.07,0.0,0.45
2013-09-07,0.049,4.51,4.07,0.0,0.45
2013-09-08,0.049,4.51,4.07,0.0,0.44
2013-09-09,0.048,4.5,4.07,0.0,0.44
2013-09-10,0.048,4.5,4.07,0.0,0.43
2013-09-11,0.047,4.49,4.07,0.0,0.43
2013-09-12,0.047,4.49,4.07,0.0,0.42
2013-09-13,0.046,4.49,4.07,0.0,0.42
2013-09-14,0.046,4.48,4.07,0.0,0.42
2013-09-15,0.045,4.48,4.07,0.0,0.41
2013-09-16,0.045,4.47,4.07,0.0,0.41
2013-09-17,0.044,4.47,4.07,0.0,0.4
2013-09-18,0.044,4.47,4.07,0.0,0.4
2013-09-19,0.043,4.46,4.07,0.0,0.4
2013-09-20,0.043,4.46,4.07,0.0,0.39
2013-09-21,0.939,69.74,3.35,23.26,43.14
2013-09-22,7.362,303.15,5.29,126.75,171.11
2013-09-23,3.146,294.23,4.25,121.69,168.3
2013-09-24,1.165,214.27,4.24,73.07,136.95
2013-09-25,0.371,101.39,4.28,0.6,96.51
2013-09-26,0.109,39.24,4.25,0.0,35.0
2013-09-27,0.055,7.55,4.13,0.0,3.42
2013-09-28,0.045,4.63,4.08,0.0,0.55
2013-09-29,0.043,4.5,4.07,0.0,0.43
2013-09-30,0.042,4.49,4.07,0.0,0.43
2013-10-01,0.041,4.49,4.07,0.0,0.42
2013-10-02,0.04,4.48,4.07,0.0,0.42
2013-10-03,0.04,4.48,4.07,0.0,0.41
2013-10-04,0.038,4.47,4.07,0.0,0.4
2013-10-05,0.038,4.46,4.07,0.0,0.4
2013-10-06,0.037,4.46,4.07,0.0,0.4
2013-10-07,0.037,4.46,4.07,0.0,0.39
2013-10-08,0.036,4.45,4.07,0.0,0.39
2013-10-09,0.036,4.45,4.07,0.0,0.38
2013-10-10,0.036,4.45,4.07,0.0,0.38
2013-10-11,0.035,4.44,4.07,0.0,0.38
2013-10-12,0.035,4.44,4.07,0.0,0.37
2013-10-13,0.034,4.44,4.07,0.0,0.37
2013-10-14,0.034,4.43,4.07,0.0,0.37
2013-10-15,0.034,4.43,4.07,0.0,0.37
2013-10-16,0.033,4.43,4.07,0.0,0.36
2013-10-17,0.033,4.42,4.07,0.0,0.36
2013-10-18,0.033,4.42,4.07,0.0,0.36
2013-10-19,0.032,4.42,4.07,0.0,0.35
2013-10-20,0.032,4.42,4.07,0.0,0.35
2013-10-21,0.032,4.41,4.07,0.0,0.35
2013-10-22,0.031,4.41,4.07,0.0,0.34
2013-10-23,0.031,4.41,4.07,0.0,0.34
2013-10-24,0.031,4.4,4.07,0.0,0.34
2013-10-25,0.03,4.4,4.07,0.0,0.34
2013-10-26,0.03,4.4,4.07,0.0,0.33
2013-10-27,0.03,4.4,4.07,0.0,0.33
2013-10-28,0.029,4.39,4.07,0.0,0.33
2013-10-29,0.029,4.39,4.07,0.0,0.32
2013-10-30,0.029,4.39,4.07,0.0,0.32
2013-10-31,0.029,4.38,4.07,0.0,0.32
2013-11-01,0.028,4.38,4.07,0.0,0.32
2013-11-02,0.028,4.38,4.07,0.0,0.31
2013-11-03,0.028,4.38,4.07,0.0,0.31
2013-11-04,0.027,4.37,4.07,0.0,0.31
2013-11-05,0.027,4.37,4.07,0.0,0.31
2013-11-06,0.027,4.37,4.07,0.0,0.3
2013-11-07,0.027,4.37,4.07,0.0,0.3
2013-11-08,0.026,4.36,4.07,0.0,0.3
2013-11-09,0.026,4.36,4.07,0.0,0.3
2013-11-10,0.026,4.36,4.07,0.0,0.29
2013-11-11,0.025,4.36,4.07,0.0,0.29
2013-11-12,0.025,4.35,4.07,0.0,0.29
2013-11-13,0.025,4.35,4.07,0.0,0.29
2013-11-14,0.025,4.35,4.07,0.0,0.28
2013-11-15,0.024,4.35,4.07,0.0,0.28
2013-11-16,0.024,4.34,4.07,0.0,0.28
2013-11-17,0.024,4.34,4.07,0.0,0.28
2013-11-18,0.024,4.34,4.07,0.0,0.27
2013-11-19,0.025,4.04,3.79,0.0,0.25
2013-11-20,11.201,167.26,7.38,67.89,91.99
2013-11-21,27.346,402.62,10.1,168.7,223.81
2013-11-22,6.985,181.34,5.83,75.21,100.3
2013-11-23,2.243,121.19,4.24,47.24,69.71
2013-11-24,0.803,77.53,4.25,17.45,55.84
2013-11-25,0.239,38.83,4.28,0.0,34.54
2013-11-26,0.082,12.23,4.2,0.0,8.03
2013-11-27,0.051,5.01,4.11,0.0,0.9
2013-11-28,0.044,4.54,4.08,0.0,0.46
2013-11-29,0.04,4.51,4.07,0.0,0.43
2013-11-30,0.038,4.5,4.07,0.0,0.42
2013-12-01,0.036,4.48,4.07,0.0,0.41
2013-12-02,0.034,4.47,4.07,0.0,0.4
2013-12-03,0.033,4.46,4.07,0.0,0.39
2013-12-04,0.031,4.45,4.07,0.0,0.38
2013-12-05,0.03,4.45,4.07,0.0,0.38
2013-12-06,0.031,4.18,3.83,0.0,0.35
2013-12-07,11.024,323.7,6.86,135.03,181.81
2013-12-08,9.878,463.7,6.84,196.62,260.24
2013-12-09,2.756,308.85,4.24,126.84,177.77
2013-12-10,0.984,212.04,4.25,63.1,144.7
2013-12-11,0.298,101.88,4.29,0.01,97.57
2013-12-12,0.09,33.01,4.23,0.0,28.78
2013-12-13,0.048,6.58,4.12,0.0,2.45
2013-12-14,0.039,4.57,4.08,0.0,0.49
2013-12-15,0.036,4.48,4.08,0.0,0.41
2013-12-16,0.033,4.47,4.07,0.0,0.39
2013-12-17,0.031,4.45,4.07,0.0,0.38
2013-12-18,0.03,4.45,4.07,0.0,0.38
2013-12-19,0.029,4.44,4.07,0.0,0.37
2013-12-20,0.028,4.43,4.07,0.0,0.36
2013-12-21,0.027,4.42,4.07,0.0,0.35
2013-12-22,0.026,4.42,4.07,0.0,0.35
2013-12-23,0.026,4.41,4.07,0.0,0.34
2013-12-24,0.025,4.4,4.07,0.0,0.34
2013-12-25,0.024,4.4,4.07,0.0,0.33
2013-12-26,0.024,4.39,4.07,0.0,0.32
2013-12-27,0.023,4.38,4.07,0.0,0.32
2013-12-28,0.022,4.38,4.07,0.0,0.31
2013-12-29,0.022,4.37,4.07,0.0,0.31
2013-12-30,0.021,4.37,4.07,0.0,0.3
2013-12-31,0.021,4.36,4.07,0.0,0.3
2014-01-01,0.021,4.36,4.07,0.0,0.29
2014-01-02,0.02,4.36,4.07,0.0,0.29
2014-01-03,0.02,4.35,4.07,0.0,0.29
2014-01-04,0.02,4.35,4.07,0.0,0.29
2014-01-05,0.019,4.35,4.07,0.0,0.28
2014-01-06,0.019,4.35,4.07,0.0,0.28
2014-01-07,0.019,4.34,4.07,0.0,0.28
2014-01-08,0.019,4.34,4.07,0.0,0.28
2014-01-09,0.019,4.34,4.07,0.0,0.28
2014-01-10,0.018,4.34,4.07,0.0,0.27
2014-01-11,0.018,4.34,4.07,0.0,0.27
2014-01-12,0.018,4.33,4.07,0.0,0.27
2014-01-13,0.018,4.33,4.07,0.0,0.27
2014-01-14,0.017,4.33,4.07,0.0,0.26
2014-01-15,0.017,4.33,4.07,0.0,0.26
2014-01-16,0.017,4.33,4.07,0.0,0.26
2014-01-17,0.017,4.32,4.07,0.0,0.26
2014-01-18,0.017,4.32,4.07,0.0,0.26
2014-01-19,0.016,4.32,4.07,0.0,0.25
2014-01-20,0.016,4.32,4.07,0.0,0.25
2014-01-21,0.016,4.32,4.07,0.0,0.25
2014-01-22,0.016,4.31,4.07,0.0,0.25
2014-01-23,0.016,4.31,4.07,0.0,0.25
2014-01-24,0.016,4.31,4.07,0.0,0.24
2014-01-25,0.015,4.31,4.07,0.0,0.24
2014-01-26,0.015,4.31,4.07,0.0,0.24
2014-01-27,0.015,4.3,4.07,0.0,0.24
2014-01-28,0.015,4.3,4.07,0.0,0.24
2014-01-29,0.015,4.3,4.07,0.0,0.23
2014-01-30,0.015,4.3,4.06,0.0,0.24
2014-01-31,0.015,4.36,4.06,0.0,0.3
2014-02-01,0.015,4.35,4.07,0.0,0.29
2014-02-02,0.241,19.64,3.6,0.7,15.33
2014-02-03,2.418,87.51,3.92,34.22,49.38
2014-02-04,1.921,85.23,4.2,33.44,47.59
2014-02-05,0.719,49.85,4.26,10.85,34.74
2014-02-06,9.963,198.22,6.42,81.41,110.38
2014-02-07,10.127,216.93,6.73,90.05,120.16
2014-02-08,6.226,94.0,4.83,36.98,52.19
2014-02-09,6.628,54.13,4.93,20.16,29.03
2014-02-10,6.591,63.03,5.18,24.29,33.57
2014-02-11,3.202,53.35,4.2,20.27,28.88
2014-02-12,1.359,38.82,4.22,12.92,21.69
2014-02-13,0.497,20.04,4.26,1.12,14.67
2014-02-14,0.157,10.7,4.25,0.0,6.45
2014-02-15,0.067,5.32,4.17,0.0,1.15
2014-02-16,0.046,4.54,4.1,0.0,0.44
2014-02-17,0.039,4.49,4.08,0.0,0.4
2014-02-18,0.036,4.47,4.08,0.0,0.39
2014-02-19,0.033,4.45,4.07,0.0,0.38
2014-02-20,0.031,4.44,4.07,0.0,0.36
2014-02-21,0.029,4.42,4.07,0.0,0.35
2014-02-22,0.028,4.41,4.07,0.0,0.34
2014-02-23,0.027,4.4,4.07,0.0,0.33
2014-02-24,0.026,4.39,4.07,0.0,0.32
2014-02-25,0.025,4.38,4.07,0.0,0.31
2014-02-26,1.496,110.24,3.56,42.12,64.56
2014-02-27,9.661,132.28,5.87,53.34,73.07
2014-02-28,27.504,299.42,9.31,124.42,165.7
2014-03-01,16.069,311.75,8.4,130.45,172.9
2014-03-02,4.374,162.76,4.64,66.84,91.28
2014-03-03,1.765,103.69,4.21,37.53,61.95
2014-03-04,0.799,49.59,4.19,9.2,36.21
2014-03-05,0.439,16.36,4.14,0.0,12.22
2014-03-06,0.467,19.49,3.92,0.83,14.74
2014-03-07,1.005,107.98,4.02,38.55,65.41
2014-03-08,0.727,83.63,4.18,18.28,61.16
2014-03-09,0.33,32.53,4.2,0.0,28.33
2014-03-10,0.176,10.79,4.15,0.0,6.64
2014-03-11,0.117,5.55,4.12,0.0,1.43
2014-03-12,0.086,4.97,4.11,0.0,0.86
2014-03-13,0.071,4.9,4.08,0.0,0.81
2014-03-14,0.066,4.89,4.07,0.0,0.81
2014-03-15,0.063,4.88,4.07,0.0,0.81
2014-03-16,0.06,4.87,4.07,0.0,0.8
2014-03-17,0.058,4.86,4.07,0.0,0.79
2014-03-18,0.057,4.85,4.07,0.0,0.78
2014-03-19,0.055,4.84,4.07,0.0,0.78
2014-03-20,0.054,4.84,4.07,0.0,0.77
2014-03-21,0.053,4.83,4.07,0.0,0.76
2014-03-22,0.052,4.82,4.07,0.0,0.76
2014-03-23,0.051,4.82,4.07,0.0,0.75
2014-03-24,0.05,4.81,4.07,0.0,0.75
2014-03-25,0.05,4.81,4.07,0.0,0.74
2014-03-26,1.387,63.76,3.45,22.0,38.31
2014-03-27,6.118,176.19,4.91,72.76,98.52
2014-03-28,2.594,122.35,4.23,49.14,68.98
2014-03-29,1.243,70.8,4.03,22.57,44.2
2014-03-30,5.035,98.6,4.49,38.8,55.32
2014-03-31,5.8,151.44,4.67,61.9,84.87
2014-04-01,13.019,270.21,6.54,112.54,151.13
2014-04-02,11.793,165.28,6.69,67.81,90.77
2014-04-03,4.001,125.27,4.51,50.95,69.81
2014-04-04,1.616,86.59,4.21,31.87,50.51
2014-04-05,0.78,38.98,4.17,6.83,27.98
2014-04-06,0.44,15.88,4.16,0.0,11.72
2014-04-07,0.259,8.1,4.15,0.0,3.95
2014-04-08,0.168,5.52,4.13,0.0,1.39
2014-04-09,0.116,4.92,4.12,0.0,0.8
2014-04-10,0.087,4.78,4.1,0.0,0.67
2014-04-11,0.073,4.73,4.08,0.0,0.65
2014-04-12,0.066,4.72,4.07,0.0,0.64
2014-04-13,0.063,4.7,4.07,0.0,0.63
2014-04-14,0.06,4.69,4.07,0.0,0.62
2014-04-15,0.059,4.68,4.07,0.0,0.62
2014-04-16,0.057,4.68,4.07,0.0,0.61
2014-04-17,0.055,4.67,4.07,0.0,0.6
2014-04-18,0.054,4.66,4.07,0.0,0.59
2014-04-19,0.053,4.65,4.07,0.0,0.59
2014-04-20,0.052,4.65,4.07,0.0,0.58
2014-04-21,0.051,4.65,4.07,0.0,0.58
2014-04-22,0.051,4.64,4.07,0.0,0.58
2014-04-23,0.05,4.64,4.07,0.0,0.57
2014-04-24,0.049,4.63,4.07,0.0,0.57
2014-04-25,0.293,33.92,3.47,1.24,29.2
2014-04-26,5.477,112.19,4.74,43.85,63.59
2014-04-27,3.877,121.06,4.42,48.93,67.7
2014-04-28,1.489,89.94,4.23,32.0,53.7
2014-04-29,0.517,47.31,4.27,3.78,39.26
2014-04-30,0.158,22.0,4.25,0.0,17.75
2014-05-01,0.072,6.75,4.14,0.0,2.61
2014-05-02,0.056,4.73,4.09,0.0,0.65
2014-05-03,0.052,4.63,4.07,0.0,0.56
2014-05-04,0.05,4.62,4.07,0.0,0.55
2014-05-05,0.048,4.61,4.07,0.0,0.54
2014-05-06,0.047,4.6,4.07,0.0,0.54
2014-05-07,0.046,4.6,4.07,0.0,0.53
2014-05-08,0.045,4.59,4.07,0.0,0.53
2014-05-09,0.044,4.59,4.07,0.0,0.52
2014-05-10,0.044,4.58,4.07,0.0,0.52
2014-05-11,0.043,4.58,4.07,0.0,0.51
2014-05-12,0.043,4.58,4.07,0.0,0.51
2014-05-13,0.042,4.57,4.07,0.0,0.51
2014-05-14,0.041,4.57,4.07,0.0,0.5
2014-05-15,0.041,4.57,4.07,0.0,0.5
2014-05-16,0.04,4.56,4.07,0.0,0.5
2014-05-17,0.04,4.56,4.07,0.0,0.49
2014-05-18,0.039,4.56,4.07,0.0,0.49
2014-05-19,0.039,4.55,4.07,0.0,0.49
2014-05-20,0.038,4.55,4.07,0.0,0.48
2014-05-21,0.038,4.55,4.07,0.0,0.48
2014-05-22,0.037,4.54,4.07,0.0,0.48
2014-05-23,0.037,4.54,4.07,0.0,0.47
2014-05-24,0.036,4.54,4.07,0.0,0.47
2014-05-25,0.036,4.53,4.07,0.0,0.47
2014-05-26,0.035,4.53,4.07,0.0,0.46
2014-05-27,0.035,4.53,4.07,0.0,0.46
2014-05-28,0.034,4.52,4.07,0.0,0.46
2014-05-29,0.034,4.52,4.07,0.0,0.45
2014-05-30,0.033,4.52,4.07,0.0,0.45
2014-05-31,0.033,4.51,4.07,0.0,0.45
2014-06-01,0.032,4.51,4.07,0.0,0.44
2014-06-02,0.032,4.51,4.07,0.0,0.44
2014-06-03,0.032,4.5,4.07,0.0,0.44
2014-06-04,0.031,4.5,4.07,0.0,0.44
2014-06-05,0.031,4.5,4.07,0.0,0.43
2014-06-06,0.03,4.49,4.07,0.0,0.43
2014-06-07,0.03,4.49,4.07,0.0,0.43
2014-06-08,0.03,4.49,4.07,0.0,0.42
2014-06-09,0.029,4.49,4.07,0.0,0.42
2014-06-10,0.029,4.48,4.07,0.0,0.42
2014-06-11,0.028,4.48,4.07,0.0,0.41
2014-06-12,0.028,4.48,4.07,0.0,0.41
2014-06-13,0.028,4.47,4.07,0.0,0.41
2014-06-14,0.027,4.47,4.07,0.0,0.41
2014-06-15,0.027,4.47,4.07,0.0,0.4
2014-06-16,0.027,4.46,4.07,0.0,0.4
2014-06-17,0.026,4.46,4.07,0.0,0.4
2014-06-18,0.026,4.46,4.07,0.0,0.39
2014-06-19,0.026,4.46,4.07,0.0,0.39
2014-06-20,0.025,4.45,4.07,0.0,0.39
2014-06-21,0.025,4.45,4.07,0.0,0.38
2014-06-22,0.025,4.45,4.07,0.0,0.38
2014-06-23,0.024,4.44,4.07,0.0,0.38
2014-06-24,0.024,4.44,4.07,0.0,0.38
2014-06-25,0.024,4.44,4.07,0.0,0.37
2014-06-26,0.024,4.44,4.07,0.0,0.37
2014-06-27,0.023,4.43,4.07,0.0,0.37
2014-06-28,0.023,4.43,4.07,0.0,0.36
2014-06-29,0.023,4.43,4.07,0.0,0.36
2014-06-30,0.022,4.42,4.07,0.0,0.36
2014-07-01,0.022,4.42,4.07,0.0,0.36
2014-07-02,0.022,4.42,4.07,0.0,0.35
2014-07-03,0.022,4.42,4.07,0.0,0.35
2014-07-04,0.021,4.41,4.07,0.0,0.35
2014-07-05,0.021,4.41,4.07,0.0,0.35
2014-07-06,0.021,4.41,4.07,0.0,0.34
2014-07-07,0.021,4.41,4.07,0.0,0.34
2014-07-08,0.02,4.4,4.07,0.0,0.34
2014-07-09,0.02,4.4,4.07,0.0,0.33
2014-07-10,0.02,4.4,4.07,0.0,0.33
2014-07-11,0.02,4.39,4.07,0.0,0.33
2014-07-12,0.019,4.39,4.07,0.0,0.33
2014-07-13,0.019,4.39,4.07,0.0,0.32
2014-07-14,0.019,4.39,4.07,0.0,0.32
2014-07-15,0.019,4.38,4.07,0.0,0.32
2014-07-16,0.018,4.38,4.07,0.0,0.32
2014-07-17,0.018,4.38,4.07,0.0,0.31
2014-07-18,0.018,4.38,4.07,0.0,0.31
2014-07-19,0.018,4.37,4.07,0.0,0.31
2014-07-20,0.018,4.37,4.07,0.0,0.3
2014-07-21,0.017,4.37,4.07,0.0,0.3
2014-07-22,0.017,4.36,4.07,0.0,0.3
2014-07-23,0.017,4.36,4.07,0.0,0.3
2014-07-24,0.017,4.36,4.07,0.0,0.29
2014-07-25,0.017,4.36,4.07,0.0,0.29
2014-07-26,0.016,4.35,4.07,0.0,0.29
2014-07-27,0.016,4.35,4.07,0.0,0.29
2014-07-28,0.016,4.35,4.07,0.0,0.28
2014-07-29,0.016,4.35,4.07,0.0,0.28
2014-07-30,0.016,4.34,4.07,0.0,0.28
2014-07-31,0.016,4.34,4.07,0.0,0.28
2014-08-01,0.015,4.34,4.07,0.0,0.27
2014-08-02,0.015,4.34,4.07,0.0,0.27
2014-08-03,0.015,4.33,4.07,0.0,0.27
2014-08-04,0.015,4.33,4.07,0.0,0.27
2014-08-05,0.015,4.33,4.07,0.0,0.26
2014-08-06,0.015,4.33,4.07,0.0,0.26
2014-08-07,0.014,4.32,4.07,0.0,0.26
2014-08-08,0.014,4.32,4.07,0.0,0.26
2014-08-09,0.014,4.32,4.07,0.0,0.25
2014-08-10,0.014,4.32,4.07,0.0,0.25
2014-08-11,0.014,4.31,4.07,0.0,0.25
2014-08-12,0.014,4.31,4.07,0.0,0.25
2014-08-13,0.013,4.31,4.07,0.0,0.24
2014-08-14,0.013,4.31,4.07,0.0,0.24
2014-08-15,0.013,4.3,4.07,0.0,0.24
2014-08-16,0.013,4.3,4.07,0.0,0.24
2014-08-17,0.013,4.3,4.07,0.0,0.23
2014-08-18,0.013,4.3,4.07,0.0,0.23
2014-08-19,0.013,4.29,4.07,0.0,0.23
2014-08-20,0.013,4.29,4.07,0.0,0.23
2014-08-21,0.012,4.29,4.07,0.0,0.22
2014-08-22,0.012,4.29,4.07,0.0,0.22
2014-08-23,0.012,4.28,4.07,0.0,0.22
2014-08-24,0.012,4.28,4.07,0.0,0.22
2014-08-25,0.012,4.28,4.07,0.0,0.21
2014-08-26,0.012,4.28,4.07,0.0,0.21
2014-08-27,0.012,4.27,4.06,0.0,0.21
2014-08-28,0.012,4.27,4.06,0.0,0.21
2014-08-29,0.011,4.27,4.06,0.0,0.2
2014-08-30,0.011,4.27,4.06,0.0,0.2
2014-08-31,0.011,4.26,4.06,0.0,0.2
2014-09-01,0.011,4.26,4.06,0.0,0.2
2014-09-02,0.011,4.26,4.06,0.0,0.19
2014-09-03,0.011,4.26,4.06,0.0,0.19
2014-09-04,0.011,4.25,4.06,0.0,0.19
2014-09-05,0.011,4.25,4.06,0.0,0.19
2014-09-06,0.011,4.25,4.06,0.0,0.18
2014-09-07,0.011,4.25,4.06,0.0,0.18
2014-09-08,0.011,4.24,4.06,0.0,0.18
2014-09-09,0.01,4.24,4.06,0.0,0.18
2014-09-10,0.01,4.24,4.06,0.0,0.17
2014-09-11,0.01,4.24,4.06,0.0,0.17
2014-09-12,0.01,4.23,4.06,0.0,0.17
2014-09-13,0.01,4.23,4.06,0.0,0.17
2014-09-14,0.01,4.23,4.06,0.0,0.16
2014-09-15,0.01,4.23,4.06,0.0,0.16
2014-09-16,0.01,4.22,4.06,0.0,0.16
2014-09-17,0.01,4.22,4.06,0.0,0.16
2014-09-18,0.01,4.22,4.06,0.0,0.16
2014-09-19,0.01,4.22,4.06,0.0,0.15
2014-09-20,0.01,4.22,4.06,0.0,0.15
2014-09-21,0.009,4.21,4.06,0.0,0.15
2014-09-22,0.009,4.21,4.06,0.0,0.15
2014-09-23,0.009,4.21,4.06,0.0,0.14
2014-09-24,0.009,4.21,4.06,0.0,0.14
2014-09-25,2.309,218.38,3.73,90.28,124.36
2014-09-26,4.508,229.46,4.3,95.37,129.79
2014-09-27,1.965,154.38,4.23,60.25,89.9
2014-09-28,0.692,86.25,4.27,16.99,64.99
2014-09-29,0.178,43.72,4.32,0.0,39.4
2014-09-30,0.043,13.46,4.28,0.0,9.17
2014-10-01,0.018,5.0,4.15,0.0,0.85
2014-10-02,0.013,4.35,4.09,0.0,0.26
2014-10-03,0.012,4.31,4.08,0.0,0.23
2014-10-04,0.011,4.29,4.07,0.0,0.22
2014-10-05,0.01,4.28,4.07,0.0,0.21
2014-10-06,0.01,4.26,4.07,0.0,0.19
2014-10-07,0.009,4.24,4.07,0.0,0.17
2014-10-08,0.009,4.23,4.07,0.0,0.16
2014-10-09,0.009,4.22,4.07,0.0,0.15
2014-10-10,0.009,4.22,4.07,0.0,0.15
2014-10-11,0.009,4.21,4.07,0.0,0.14
2014-10-12,0.009,4.21,4.07,0.0,0.14
2014-10-13,0.009,4.2,4.06,0.0,0.14
2014-10-14,0.008,4.2,4.06,0.0,0.14
2014-10-15,0.008,4.2,4.06,0.0,0.13
2014-10-16,0.008,4.2,4.06,0.0,0.13
2014-10-17,0.008,4.2,4.06,0.0,0.13
2014-10-18,0.008,4.19,4.06,0.0,0.13
2014-10-19,0.008,4.19,4.06,0.0,0.13
2014-10-20,0.008,4.19,4.06,0.0,0.12
2014-10-21,0.008,4.19,4.06,0.0,0.12
2014-10-22,0.008,4.18,4.06,0.0,0.12
2014-10-23,0.008,4.18,4.06,0.0,0.12
2014-10-24,0.008,4.18,4.06,0.0,0.12
2014-10-25,0.008,4.18,4.06,0.0,0.11
2014-10-26,0.008,4.23,4.06,0.0,0.17
2014-10-27,0.008,4.35,4.06,0.0,0.29
2014-10-28,0.008,4.25,4.07,0.0,0.18
2014-10-29,0.008,4.19,4.07,0.0,0.12
2014-10-30,0.008,4.17,4.07,0.0,0.11
2014-10-31,0.02,12.82,3.48,0.0,9.34
2014-11-01,0.321,43.36,3.77,0.05,39.54
2014-11-02,0.936,59.86,3.99,12.96,42.9
2014-11-03,0.817,59.67,4.17,13.19,42.31
2014-11-04,0.314,37.25,4.28,0.0,32.97
2014-11-05,0.078,19.32,4.32,0.0,15.0
2014-11-06,0.021,6.61,4.25,0.0,2.36
2014-11-07,0.011,4.44,4.12,0.0,0.33
2014-11-08,0.009,4.31,4.07,0.0,0.23
2014-11-09,0.009,4.29,4.07,0.0,0.23
2014-11-10,0.009,4.29,4.07,0.0,0.22
2014-11-11,0.009,4.28,4.07,0.0,0.22
2014-11-12,0.009,4.28,4.07,0.0,0.21
2014-11-13,1.483,94.41,3.56,36.06,54.79
2014-11-14,4.102,139.05,4.18,56.67,78.2
2014-11-15,1.795,99.73,4.23,38.32,57.19
2014-11-16,0.624,57.75,4.27,9.57,43.92
2014-11-17,0.152,30.88,4.34,0.0,26.54
2014-11-18,0.033,10.34,4.3,0.0,6.04
2014-11-19,0.013,4.74,4.16,0.0,0.58
2014-11-20,0.017,3.84,3.27,0.0,0.57
2014-11-21,3.023,177.55,3.87,73.22,100.46
2014-11-22,3.096,191.09,4.2,78.56,108.34
2014-11-23,1.781,112.78,4.11,42.01,66.66
2014-11-24,1.169,84.29,4.17,27.87,52.25
2014-11-25,0.468,47.08,4.27,1.94,40.87
2014-11-26,0.119,26.38,4.32,0.0,22.05
2014-11-27,0.029,8.39,4.27,0.0,4.12
2014-11-28,0.013,4.56,4.14,0.0,0.42
2014-11-29,0.384,80.15,3.76,0.14,76.24
2014-11-30,4.61,163.19,4.56,60.14,98.5
2014-12-01,10.227,334.1,6.44,139.65,188.01
2014-12-02,35.447,293.48,10.56,120.01,162.92
2014-12-03,60.535,267.16,13.03,108.5,145.63
2014-12-04,25.998,162.34,10.29,65.37,86.68
2014-12-05,6.204,85.56,5.43,34.38,45.75
2014-12-06,4.309,69.26,4.18,27.0,38.09
2014-12-07,3.102,86.0,4.15,34.17,47.67
2014-12-08,1.668,58.78,4.17,22.71,31.9
2014-12-09,1.022,20.39,4.12,5.59,10.68
2014-12-10,0.79,7.3,4.1,0.43,2.78
2014-12-11,48.646,383.41,13.52,155.87,214.01
2014-12-12,101.893,487.8,18.56,190.08,279.16
2014-12-13,17.345,139.71,8.33,54.39,76.99
2014-12-14,9.037,50.52,5.94,18.34,26.25
2014-12-15,32.947,164.02,10.04,65.9,88.08
2014-12-16,27.848,150.99,9.78,60.82,80.39
2014-12-17,34.019,151.0,10.26,60.47,80.27
2014-12-18,22.559,63.82,8.66,23.61,31.55
2014-12-19,17.008,24.98,7.45,7.21,10.32
2014-12-20,23.913,33.14,8.67,10.24,14.23
2014-12-21,18.184,25.65,7.91,7.17,10.56
2014-12-22,14.566,12.61,6.99,1.84,3.77
2014-12-23,12.619,10.05,6.64,0.91,2.5
2014-12-24,11.253,9.3,6.36,0.79,2.15
2014-12-25,10.045,8.68,6.11,0.78,1.79
2014-12-26,8.444,7.85,5.69,0.76,1.4
2014-12-27,7.411,7.28,5.32,0.74,1.21
2014-12-28,6.866,7.06,5.12,0.73,1.2
2014-12-29,6.256,6.82,4.89,0.72,1.21
2014-12-30,5.569,6.54,4.61,0.71,1.22
2014-12-31,4.333,6.07,4.15,0.69,1.24
2015-01-01,3.525,5.89,4.08,0.58,1.23
2015-01-02,3.393,5.84,4.06,0.53,1.25
2015-01-03,3.34,5.87,4.07,0.54,1.26
2015-01-04,3.136,5.86,4.08,0.52,1.27
2015-01-05,2.865,5.82,4.08,0.47,1.27
2015-01-06,2.56,5.76,4.08,0.39,1.29
2015-01-07,2.261,5.69,4.08,0.31,1.3
2015-01-08,2.023,5.61,4.08,0.22,1.31
2015-01-09,1.881,5.56,4.07,0.16,1.33
2015-01-10,1.76,5.54,4.08,0.13,1.34
2015-01-11,1.638,5.53,4.08,0.11,1.35
2015-01-12,1.515,5.53,4.08,0.09,1.36
2015-01-13,1.418,5.53,4.07,0.09,1.37
2015-01-14,1.326,5.53,4.08,0.08,1.38
2015-01-15,1.232,5.53,4.08,0.07,1.39
2015-01-16,1.134,5.54,4.08,0.05,1.41
2015-01-17,1.031,5.54,4.08,0.03,1.43
2015-01-18,0.966,5.55,4.07,0.03,1.45
2015-01-19,0.935,5.56,4.07,0.03,1.47
2015-01-20,0.903,5.56,4.07,0.01,1.48
2015-01-21,0.871,5.57,4.07,0.01,1.5
2015-01-22,0.845,5.58,4.07,0.0,1.51
2015-01-23,0.827,5.59,4.07,0.0,1.52
2015-01-24,0.813,5.59,4.07,0.0,1.52
2015-01-25,0.802,5.59,4.07,0.0,1.52
2015-01-26,0.792,5.59,4.07,0.0,1.52
2015-01-27,0.782,5.59,4.07,0.0,1.53
2015-01-28,0.772,5.59,4.07,0.0,1.53
2015-01-29,0.762,5.59,4.07,0.0,1.53
2015-01-30,0.752,5.59,4.07,0.0,1.53
2015-01-31,0.742,5.59,4.07,0.0,1.53
2015-02-01,0.733,5.59,4.07,0.0,1.53
2015-02-02,0.723,5.59,4.07,0.0,1.53
2015-02-03,0.714,5.59,4.07,0.0,1.53
2015-02-04,0.705,5.59,4.07,0.0,1.53
2015-02-05,0.696,5.59,4.07,0.0,1.53
2015-02-06,4.718,143.07,5.0,59.04,79.04
2015-02-07,35.739,268.26,10.29,110.59,147.38
2015-02-08,29.921,192.72,9.41,78.42,104.88
2015-02-09,27.579,195.2,9.91,79.75,105.53
2015-02-10,11.528,90.51,6.65,36.14,47.73
2015-02-11,7.98,27.3,5.56,9.29,12.45
2015-02-12,6.724,10.09,5.09,2.03,2.96
2015-02-13,5.871,7.08,4.73,0.87,1.48
2015-02-14,5.192,6.42,4.41,0.7,1.31
2015-02-15,4.622,6.09,4.13,0.67,1.3
2015-02-16,4.148,6.03,4.08,0.64,1.32
2015-02-17,3.725,6.01,4.08,0.6,1.33
2015-02-18,3.364,6.0,4.08,0.57,1.35
2015-02-19,3.027,5.99,4.08,0.53,1.37
2015-02-20,2.722,5.96,4.08,0.49,1.39
2015-02-21,2.453,5.93,4.08,0.43,1.42
2015-02-22,2.183,5.87,4.09,0.33,1.45
2015-02-23,1.837,5.8,4.1,0.19,1.51
2015-02-24,1.488,5.76,4.09,0.09,1.57
2015-02-25,1.37,5.76,4.07,0.08,1.6
2015-02-26,1.339,5.77,4.07,0.08,1.62
2015-02-27,1.258,5.79,4.08,0.07,1.65
2015-02-28,1.157,5.81,4.08,0.05,1.68
2015-03-01,1.077,5.82,4.07,0.04,1.7
2015-03-02,1.028,5.84,4.07,0.04,1.73
2015-03-03,0.992,5.84,4.07,0.03,1.74
2015-03-04,0.951,5.85,4.07,0.03,1.75
2015-03-05,0.906,5.87,4.07,0.02,1.78
2015-03-06,0.861,5.89,4.07,0.01,1.81
2015-03-07,0.818,5.92,4.07,0.0,1.84
2015-03-08,0.783,5.95,4.07,0.0,1.88
2015-03-09,0.759,5.97,4.07,0.0,1.9
2015-03-10,0.744,5.98,4.07,0.0,1.91
2015-03-11,0.734,5.98,4.07,0.0,1.91
2015-03-12,0.725,5.98,4.07,0.0,1.92
2015-03-13,0.718,5.98,4.06,0.0,1.92
2015-03-14,0.711,5.98,4.07,0.0,1.91
2015-03-15,0.701,5.97,4.07,0.0,1.91
2015-03-16,0.691,5.98,4.07,0.0,1.91
2015-03-17,0.681,5.98,4.07,0.0,1.91
2015-03-18,0.673,5.98,4.07,0.0,1.91
2015-03-19,0.664,5.98,4.07,0.0,1.91
2015-03-20,0.656,5.98,4.07,0.0,1.91
2015-03-21,0.648,5.97,4.07,0.0,1.91
2015-03-22,0.64,5.97,4.07,0.0,1.91
2015-03-23,0.632,5.97,4.07,0.0,1.91
2015-03-24,0.625,5.97,4.07,0.0,1.91
2015-03-25,0.617,5.97,4.07,0.0,1.91
2015-03-26,0.609,5.97,4.07,0.0,1.91
2015-03-27,0.602,5.97,4.07,0.0,1.9
2015-03-28,0.595,5.97,4.07,0.0,1.9
2015-03-29,0.587,5.97,4.07,0.0,1.9
2015-03-30,0.58,5.97,4.07,0.0,1.9
2015-03-31,0.573,5.97,4.07,0.0,1.9
2015-04-01,0.566,5.97,4.07,0.0,1.9
2015-04-02,0.559,5.96,4.07,0.0,1.9
2015-04-03,0.552,5.96,4.07,0.0,1.9
2015-04-04,0.546,5.96,4.07,0.0,1.9
2015-04-05,0.539,5.96,4.07,0.0,1.9
2015-04-06,0.533,5.96,4.07,0.0,1.9
2015-04-07,8.251,220.21,5.92,91.81,122.48
2015-04-08,9.247,273.03,6.45,114.7,151.88
2015-04-09,3.065,162.88,4.2,66.87,91.81
2015-04-10,1.453,90.96,4.18,31.63,55.16
2015-04-11,0.863,30.66,4.13,6.03,20.5
2015-04-12,0.632,9.26,4.1,0.01,5.15
2015-04-13,0.55,6.26,4.08,0.0,2.18
2015-04-14,0.514,5.96,4.07,0.0,1.89
2015-04-15,0.494,5.96,4.07,0.0,1.89
2015-04-16,0.482,5.97,4.07,0.0,1.9
2015-04-17,0.474,5.97,4.07,0.0,1.91
2015-04-18,0.468,5.97,4.07,0.0,1.91
2015-04-19,0.461,5.97,4.07,0.0,1.91
2015-04-20,0.455,5.97,4.07,0.0,1.91
2015-04-21,0.449,5.97,4.07,0.0,1.91
2015-04-22,0.444,5.97,4.07,0.0,1.91
2015-04-23,0.438,5.97,4.07,0.0,1.91
2015-04-24,0.433,5.97,4.07,0.0,1.9
2015-04-25,5.526,164.5,5.06,68.46,90.98
2015-04-26,6.3,216.42,5.37,90.7,120.35
2015-04-27,2.409,140.31,4.21,56.35,79.75
2015-04-28,1.078,75.13,4.19,23.29,47.65
2015-04-29,0.59,21.75,4.14,0.51,17.1
2015-04-30,0.442,8.24,4.09,0.0,4.15
2015-05-01,0.409,6.17,4.07,0.0,2.1
2015-05-02,0.399,5.98,4.07,0.0,1.91
2015-05-03,0.393,5.97,4.07,0.0,1.9
2015-05-04,0.387,5.96,4.07,0.0,1.9
2015-05-05,0.382,5.96,4.07,0.0,1.9
2015-05-06,0.377,5.96,4.07,0.0,1.9
2015-05-07,0.373,5.96,4.07,0.0,1.89
2015-05-08,0.368,5.96,4.07,0.0,1.89
2015-05-09,0.364,5.96,4.07,0.0,1.89
2015-05-10,0.359,5.96,4.07,0.0,1.89
2015-05-11,0.355,5.95,4.07,0.0,1.89
2015-05-12,0.351,5.95,4.07,0.0,1.89
2015-05-13,0.346,5.95,4.07,0.0,1.89
2015-05-14,0.812,55.62,3.73,21.34,30.56
2015-05-15,5.026,186.24,4.46,77.72,104.07
2015-05-16,3.337,204.78,4.23,84.94,115.61
2015-05-17,1.42,133.23,4.21,48.21,80.81
2015-05-18,0.661,50.95,4.18,6.54,40.23
2015-05-19,0.398,14.6,4.12,0.0,10.48
2015-05-20,0.336,6.93,4.08,0.0,2.85
2015-05-21,0.322,6.03,4.07,0.0,1.97
2015-05-22,0.316,5.96,4.07,0.0,1.89
2015-05-23,0.312,5.95,4.07,0.0,1.88
2015-05-24,0.308,5.95,4.07,0.0,1.88
2015-05-25,0.304,5.95,4.07,0.0,1.88
2015-05-26,0.3,5.94,4.07,0.0,1.88
2015-05-27,0.296,5.94,4.07,0.0,1.88
2015-05-28,0.292,5.94,4.07,0.0,1.88
2015-05-29,0.288,5.94,4.07,0.0,1.87
2015-05-30,0.285,5.94,4.07,0.0,1.87
2015-05-31,0.282,5.94,4.07,0.0,1.87
2015-06-01,0.278,5.93,4.07,0.0,1.87
2015-06-02,0.275,5.93,4.07,0.0,1.87
2015-06-03,0.272,5.93,4.07,0.0,1.86
2015-06-04,0.269,5.93,4.07,0.0,1.86
2015-06-05,0.265,5.93,4.07,0.0,1.86
2015-06-06,0.262,5.92,4.07,0.0,1.86
2015-06-07,0.259,5.92,4.07,0.0,1.86
2015-06-08,0.256,5.92,4.07,0.0,1.85
2015-06-09,0.253,5.92,4.07,0.0,1.85
2015-06-10,0.256,5.88,4.04,0.0,1.85
2015-06-11,0.627,25.51,3.89,3.57,18.04
2015-06-12,0.873,41.1,4.11,10.38,26.61
2015-06-13,0.496,19.94,4.18,0.07,15.69
2015-06-14,0.292,9.07,4.12,0.0,4.95
2015-06-15,0.244,6.22,4.08,0.0,2.14
2015-06-16,0.234,5.92,4.07,0.0,1.86
2015-06-17,0.23,5.9,4.07,0.0,1.84
2015-06-18,0.227,5.9,4.07,0.0,1.83
2015-06-19,0.225,5.9,4.07,0.0,1.83
2015-06-20,0.222,5.89,4.07,0.0,1.83
2015-06-21,0.22,5.89,4.07,0.0,1.83
2015-06-22,0.217,5.89,4.07,0.0,1.82
2015-06-23,0.214,5.89,4.07,0.0,1.82
2015-06-24,0.212,5.88,4.07,0.0,1.82
2015-06-25,0.209,5.88,4.07,0.0,1.81
2015-06-26,0.207,5.87,4.07,0.0,1.8
2015-06-27,0.205,5.85,4.07,0.0,1.79
2015-06-28,0.202,5.84,4.07,0.0,1.77
2015-06-29,0.2,5.83,4.07,0.0,1.76
2015-06-30,0.197,5.81,4.07,0.0,1.75
2015-07-01,0.195,5.8,4.07,0.0,1.73
2015-07-02,0.193,5.79,4.07,0.0,1.72
2015-07-03,0.191,5.77,4.07,0.0,1.71
2015-07-04,0.188,5.76,4.07,0.0,1.7
2015-07-05,0.186,5.75,4.07,0.0,1.69
2015-07-06,0.184,5.74,4.07,0.0,1.67
2015-07-07,0.182,5.73,4.07,0.0,1.66
2015-07-08,0.18,5.72,4.07,0.0,1.65
2015-07-09,0.178,5.71,4.07,0.0,1.64
2015-07-10,0.176,5.69,4.07,0.0,1.63
2015-07-11,0.174,5.68,4.07,0.0,1.62
2015-07-12,0.172,5.67,4.07,0.0,1.61
2015-07-13,0.17,5.66,4.07,0.0,1.6
2015-07-14,0.168,5.65,4.07,0.0,1.59
2015-07-15,0.166,5.64,4.07,0.0,1.58
2015-07-16,0.164,5.63,4.07,0.0,1.57
2015-07-17,0.162,5.62,4.07,0.0,1.55
2015-07-18,0.16,5.6,4.07,0.0,1.54
2015-07-19,0.158,5.59,4.07,0.0,1.52
2015-07-20,0.156,5.58,4.07,0.0,1.51
2015-07-21,0.154,5.56,4.07,0.0,1.5
2015-07-22,0.153,5.55,4.07,0.0,1.48
2015-07-23,0.151,5.53,4.07,0.0,1.47
2015-07-24,0.149,5.52,4.07,0.0,1.45
2015-07-25,0.147,5.51,4.07,0.0,1.44
2015-07-26,0.146,5.49,4.07,0.0,1.43
2015-07-27,0.144,5.48,4.07,0.0,1.42
2015-07-28,0.142,5.47,4.07,0.0,1.4
2015-07-29,0.141,5.46,4.07,0.0,1.39
2015-07-30,0.139,5.44,4.07,0.0,1.38
2015-07-31,0.138,5.43,4.07,0.0,1.37
2015-08-01,0.136,5.42,4.07,0.0,1.35
2015-08-02,0.134,5.41,4.07,0.0,1.34
2015-08-03,0.133,5.4,4.07,0.0,1.33
2015-08-04,0.131,5.39,4.07,0.0,1.32
2015-08-05,0.13,5.38,4.07,0.0,1.31
2015-08-06,0.128,5.36,4.07,0.0,1.3
2015-08-07,0.127,5.35,4.07,0.0,1.29
2015-08-08,0.125,5.34,4.07,0.0,1.27
2015-08-09,0.124,5.32,4.07,0.0,1.26
2015-08-10,0.122,5.31,4.07,0.0,1.25
2015-08-11,0.121,5.3,4.07,0.0,1.23
2015-08-12,0.12,5.28,4.07,0.0,1.22
2015-08-13,0.118,5.26,4.07,0.0,1.2
2015-08-14,0.117,5.25,4.07,0.0,1.18
2015-08-15,0.116,5.23,4.07,0.0,1.17
2015-08-16,0.114,5.22,4.07,0.0,1.15
2015-08-17,0.113,5.2,4.07,0.0,1.14
2015-08-18,0.112,5.18,4.07,0.0,1.12
2015-08-19,0.11,5.16,4.07,0.0,1.1
2015-08-20,0.109,5.14,4.07,0.0,1.08
2015-08-21,0.108,5.13,4.07,0.0,1.06
2015-08-22,0.107,5.11,4.07,0.0,1.04
2015-08-23,0.105,5.09,4.07,0.0,1.02
2015-08-24,0.104,5.07,4.07,0.0,1.01
2015-08-25,0.103,5.06,4.07,0.0,0.99
2015-08-26,0.102,5.04,4.07,0.0,0.97
2015-08-27,0.101,5.02,4.07,0.0,0.96
2015-08-28,0.1,5.01,4.07,0.0,0.94
2015-08-29,0.098,4.99,4.07,0.0,0.93
2015-08-30,0.097,4.98,4.07,0.0,0.91
2015-08-31,0.096,4.97,4.07,0.0,0.9
2015-09-01,0.095,4.95,4.07,0.0,0.89
2015-09-02,0.094,4.94,4.07,0.0,0.87
2015-09-03,0.093,4.93,4.07,0.0,0.86
2015-09-04,0.092,4.91,4.07,0.0,0.85
2015-09-05,0.091,4.9,4.07,0.0,0.84
2015-09-06,0.09,4.89,4.07,0.0,0.82
2015-09-07,0.089,4.88,4.07,0.0,0.81
2015-09-08,0.088,4.87,4.07,0.0,0.8
2015-09-09,0.087,4.85,4.07,0.0,0.79
2015-09-10,0.086,4.84,4.07,0.0,0.78
2015-09-11,0.085,4.83,4.07,0.0,0.77
2015-09-12,0.084,4.82,4.07,0.0,0.76
2015-09-13,0.083,4.81,4.07,0.0,0.75
2015-09-14,0.082,4.8,4.07,0.0,0.74
2015-09-15,0.081,4.79,4.07,0.0,0.73
2015-09-16,0.08,4.78,4.07,0.0,0.72
2015-09-17,0.079,4.77,4.07,0.0,0.71
2015-09-18,0.078,4.76,4.07,0.0,0.7
2015-09-19,0.078,4.76,4.07,0.0,0.69
2015-09-20,0.077,4.75,4.07,0.0,0.68
2015-09-21,0.076,4.74,4.07,0.0,0.67
2015-09-22,0.075,4.73,4.07,0.0,0.66
2015-09-23,0.074,4.72,4.07,0.0,0.66
2015-09-24,0.073,4.71,4.07,0.0,0.65
2015-09-25,0.073,4.7,4.07,0.0,0.64
2015-09-26,0.072,4.7,4.07,0.0,0.63
2015-09-27,0.071,4.69,4.07,0.0,0.62
2015-09-28,0.07,4.68,4.07,0.0,0.62
2015-09-29,0.069,4.67,4.07,0.0,0.61
2015-09-30,0.069,4.67,4.07,0.0,0.6
2015-10-01,0.068,4.66,4.07,0.0,0.6
2015-10-02,0.067,4.66,4.06,0.0,0.6
2015-10-03,0.067,4.73,4.06,0.0,0.66
2015-10-04,0.066,4.7,4.07,0.0,0.63
2015-10-05,0.065,4.65,4.07,0.0,0.58
2015-10-06,0.064,4.63,4.07,0.0,0.56
2015-10-07,0.064,4.62,4.07,0.0,0.56
2015-10-08,0.063,4.62,4.07,0.0,0.55
2015-10-09,0.062,4.61,4.07,0.0,0.54
2015-10-10,0.062,4.6,4.07,0.0,0.54
2015-10-11,0.061,4.6,4.07,0.0,0.53
2015-10-12,0.06,4.59,4.07,0.0,0.53
2015-10-13,0.06,4.59,4.07,0.0,0.52
2015-10-14,0.059,4.58,4.07,0.0,0.52
2015-10-15,0.058,4.58,4.07,0.0,0.51
2015-10-16,0.058,4.57,4.07,0.0,0.51
2015-10-17,0.057,4.57,4.07,0.0,0.5
2015-10-18,0.056,4.56,4.07,0.0,0.49
2015-10-19,0.056,4.55,4.07,0.0,0.49
2015-10-20,0.055,4.55,4.07,0.0,0.48
2015-10-21,0.055,4.54,4.07,0.0,0.48
2015-10-22,0.054,4.54,4.07,0.0,0.47
2015-10-23,0.053,4.54,4.07,0.0,0.47
2015-10-24,0.053,4.53,4.07,0.0,0.47
2015-10-25,0.052,4.53,4.07,0.0,0.46
2015-10-26,0.052,4.52,4.07,0.0,0.46
2015-10-27,0.051,4.52,4.07,0.0,0.45
2015-10-28,0.051,4.51,4.07,0.0,0.45
2015-10-29,0.05,4.51,4.07,0.0,0.44
2015-10-30,0.05,4.5,4.07,0.0,0.44
2015-10-31,0.049,4.5,4.07,0.0,0.43
2015-11-01,0.049,4.5,4.07,0.0,0.43
2015-11-02,35.312,428.58,11.38,177.26,239.95
2015-11-03,19.688,384.7,9.71,160.44,214.54
2015-11-04,4.16,206.9,4.63,85.81,116.46
2015-11-05,1.568,147.14,4.23,53.01,89.9
2015-11-06,0.587,74.6,4.24,8.1,62.26
2015-11-07,0.216,30.51,4.21,0.0,26.3
2015-11-08,0.122,8.48,4.12,0.0,4.36
2015-11-09,1.08,90.89,3.65,30.97,56.27
2015-11-10,4.917,152.52,4.31,61.42,86.79
2015-11-11,2.857,120.81,4.21,48.02,68.58
2015-11-12,1.133,75.76,4.23,23.96,47.57
2015-11-13,0.399,33.13,4.25,0.18,28.7
2015-11-14,0.153,13.3,4.19,0.0,9.11
2015-11-15,1.638,93.7,3.74,34.35,55.61
2015-11-16,3.714,143.65,4.08,57.99,81.59
2015-11-17,1.908,116.16,4.22,44.86,67.09
2015-11-18,0.731,66.47,4.24,13.73,48.5
2015-11-19,0.24,29.22,4.25,0.0,24.97
2015-11-20,0.107,9.05,4.15,0.0,4.9
2015-11-21,0.08,5.0,4.09,0.0,0.91
2015-11-22,0.072,4.75,4.07,0.0,0.68
2015-11-23,0.068,4.73,4.07,0.0,0.66
2015-11-24,0.078,5.81,3.9,0.0,1.91
2015-11-25,1.318,70.88,3.8,22.38,44.7
2015-11-26,2.152,88.68,4.1,33.34,51.24
2015-11-27,1.165,57.11,4.21,18.44,34.47
2015-11-28,0.431,26.32,4.26,0.42,21.63
2015-11-29,0.144,12.77,4.23,0.0,8.55
2015-11-30,0.077,5.5,4.12,0.0,1.38
2015-12-01,0.063,4.7,4.08,0.0,0.62
2015-12-02,0.059,4.65,4.07,0.0,0.58
2015-12-03,0.059,4.61,4.03,0.0,0.58
2015-12-04,0.255,16.69,3.78,0.0,12.91
2015-12-05,0.573,26.86,4.06,0.0,22.8
2015-12-06,0.35,24.13,4.21,0.0,19.92
2015-12-07,0.135,13.56,4.22,0.0,9.34
2015-12-08,0.068,5.72,4.14,0.0,1.58
2015-12-09,0.054,4.66,4.08,0.0,0.58
2015-12-10,0.172,13.93,3.08,0.1,10.76
2015-12-11,7.675,111.73,5.54,44.39,61.8
2015-12-12,5.58,130.57,5.18,53.41,71.98
2015-12-13,6.34,194.39,4.98,80.02,109.4
2015-12-14,10.536,541.56,6.63,229.88,305.04
2015-12-15,3.156,374.92,4.26,155.43,215.23
2015-12-16,1.187,260.95,4.23,89.14,167.58
2015-12-17,0.424,110.13,4.25,1.32,104.55
2015-12-18,0.169,36.6,4.18,0.0,32.42
2015-12-19,0.243,12.39,3.78,0.01,8.6
2015-12-20,0.934,37.72,3.96,9.58,24.17
2015-12-21,3.416,51.56,4.07,18.86,28.63
2015-12-22,34.465,138.33,10.18,55.01,73.14
2015-12-23,11.729,143.97,7.55,58.67,77.74
2015-12-24,4.555,85.08,4.11,33.8,47.17
2015-12-25,5.721,101.97,4.79,40.39,56.78
2015-12-26,2.707,83.73,4.2,32.67,46.86
2015-12-27,1.285,48.25,4.18,15.94,28.13
2015-12-28,0.764,16.61,4.13,2.13,10.35
2015-12-29,0.598,6.88,4.09,0.0,2.79
2015-12-30,0.548,5.5,4.07,0.0,1.42
2015-12-31,0.522,5.29,4.07,0.0,1.22
2016-01-01,0.492,5.25,4.08,0.0,1.17
2016-01-02,0.442,5.25,4.09,0.0,1.16
2016-01-03,0.345,5.28,4.12,0.0,1.16
2016-01-04,0.229,5.25,4.13,0.0,1.11
2016-01-05,12.442,232.01,6.98,96.01,129.02
2016-01-06,23.837,236.04,8.77,97.67,129.6
2016-01-07,12.16,221.83,7.27,92.35,122.21
2016-01-08,4.168,118.47,4.41,48.47,65.59
2016-01-09,2.213,57.74,4.15,21.31,32.28
2016-01-10,1.473,20.83,4.11,5.73,10.99
2016-01-11,1.221,8.11,4.08,1.01,3.01
2016-01-12,1.12,5.88,4.08,0.32,1.48
2016-01-13,1.026,5.69,4.07,0.28,1.34
2016-01-14,1.101,15.46,4.04,4.52,6.9
2016-01-15,1.076,18.66,4.09,5.65,8.91
2016-01-16,3.667,78.01,4.21,31.36,42.44
2016-01-17,5.6,113.18,4.49,46.53,62.17
2016-01-18,35.227,265.79,10.4,109.07,146.32
2016-01-19,35.061,219.06,10.29,89.57,119.19
2016-01-20,20.016,217.61,9.3,89.6,118.71
2016-01-21,7.431,76.36,5.51,30.53,40.32
2016-01-22,5.252,23.61,4.45,7.97,11.19
2016-01-23,8.552,27.45,5.46,9.27,12.71
2016-01-24,10.544,52.66,6.32,19.93,26.41
2016-01-25,6.857,28.07,5.21,9.8,13.06
2016-01-26,5.533,10.78,4.58,2.55,3.65
2016-01-27,4.957,6.75,4.28,0.94,1.52
2016-01-28,4.498,6.05,4.08,0.73,1.24
2016-01-29,4.203,5.98,4.07,0.69,1.21
2016-01-30,4.194,7.05,4.06,1.16,1.83
2016-01-31,4.005,15.31,4.09,4.71,6.51
2016-02-01,3.341,11.64,4.09,3.09,4.45
2016-02-02,2.92,7.03,4.07,1.06,1.89
2016-02-03,2.904,6.0,4.06,0.62,1.32
2016-02-04,2.83,5.87,4.07,0.56,1.24
2016-02-05,2.593,5.83,4.08,0.52,1.23
2016-02-06,2.345,5.77,4.08,0.46,1.23
2016-02-07,2.093,5.72,4.08,0.39,1.24
2016-02-08,1.857,5.66,4.08,0.32,1.25
2016-02-09,1.629,5.59,4.09,0.24,1.26
2016-02-10,1.458,5.48,4.08,0.14,1.26
2016-02-11,1.355,5.44,4.08,0.09,1.27
2016-02-12,1.258,5.43,4.08,0.07,1.28
2016-02-13,1.163,5.42,4.08,0.05,1.29
2016-02-14,1.067,5.42,4.08,0.04,1.3
2016-02-15,0.955,5.42,4.08,0.03,1.31
2016-02-16,0.856,5.41,4.08,0.01,1.32
2016-02-17,0.836,5.77,3.96,0.23,1.57
2016-02-18,19.21,257.63,8.19,107.51,141.93
2016-02-19,9.803,179.06,6.71,74.07,98.28
2016-02-20,3.666,84.53,4.19,34.06,46.28
2016-02-21,2.345,35.62,4.12,12.79,18.71
2016-02-22,1.871,12.17,4.09,2.77,5.32
2016-02-23,1.622,6.53,4.09,0.5,1.94
2016-02-24,1.435,5.64,4.08,0.14,1.42
2016-02-25,1.304,5.51,4.08,0.07,1.36
2016-02-26,1.197,5.5,4.08,0.05,1.37
2016-02-27,1.105,5.51,4.08,0.04,1.39
2016-02-28,1.004,5.52,4.08,0.03,1.41
2016-02-29,0.912,5.53,4.08,0.02,1.42
2016-03-01,0.83,5.53,4.08,0.01,1.44
2016-03-02,0.762,5.53,4.08,0.0,1.46
2016-03-03,0.713,5.55,4.07,0.0,1.47
2016-03-04,0.698,5.91,4.04,0.09,1.79
2016-03-05,8.525,109.04,5.99,44.01,59.04
2016-03-06,45.932,280.33,11.69,114.26,154.37
2016-03-07,40.378,235.28,11.09,96.13,128.06
2016-03-08,16.119,116.32,7.91,46.62,61.79
2016-03-09,9.84,33.61,6.09,11.49,16.02
2016-03-10,9.07,13.82,5.74,3.12,4.96
2016-03-11,16.592,58.52,7.26,21.81,29.44
2016-03-12,17.938,67.23,7.79,25.51,33.93
2016-03-13,30.426,67.95,9.5,24.73,33.71
2016-03-14,34.204,81.42,10.61,29.06,41.75
2016-03-15,20.929,29.75,8.39,6.33,15.03
2016-03-16,17.034,16.2,7.56,1.37,7.27
2016-03-17,14.442,12.22,6.96,0.86,4.4
2016-03-18,12.357,10.49,6.6,0.8,3.09
2016-03-19,10.647,9.74,6.25,0.77,2.72
2016-03-20,9.235,9.11,5.9,0.75,2.47
2016-03-21,8.179,8.31,5.59,0.73,1.98
2016-03-22,7.487,9.16,5.34,1.37,2.45
2016-03-23,6.895,9.05,5.14,1.41,2.5
2016-03-24,6.222,7.85,4.88,1.0,1.97
2016-03-25,5.409,6.86,4.53,0.72,1.61
2016-03-26,4.642,6.32,4.15,0.61,1.56
2016-03-27,4.061,6.23,4.09,0.54,1.6
2016-03-28,3.552,6.22,4.09,0.47,1.66
2016-03-29,3.074,6.21,4.09,0.39,1.73
2016-03-30,2.73,6.21,4.08,0.32,1.8
2016-03-31,2.485,6.23,4.08,0.28,1.87
2016-04-01,2.265,6.24,4.08,0.23,1.94
2016-04-02,2.056,6.23,4.08,0.14,2.01
2016-04-03,1.887,6.24,4.08,0.08,2.08
2016-04-04,1.74,6.29,4.08,0.05,2.15
2016-04-05,1.603,6.35,4.08,0.04,2.23
2016-04-06,1.484,6.41,4.08,0.02,2.32
2016-04-07,1.395,6.47,4.07,0.01,2.39
2016-04-08,1.434,7.92,3.88,0.76,3.28
2016-04-09,11.679,86.62,6.44,34.22,45.96
2016-04-10,27.027,93.74,9.19,36.2,48.36
2016-04-11,12.607,70.32,7.18,27.09,36.06
2016-04-12,6.571,27.18,5.13,9.3,12.75
2016-04-13,4.962,10.83,4.32,2.5,4.01
2016-04-14,4.138,6.91,4.09,0.84,1.97
2016-04-15,3.527,6.3,4.09,0.52,1.69
2016-04-16,3.124,6.22,4.08,0.42,1.71
2016-04-17,2.81,6.21,4.08,0.36,1.77
2016-04-18,2.548,6.19,4.08,0.29,1.82
2016-04-19,2.319,6.2,4.08,0.23,1.89
2016-04-20,2.055,6.2,4.09,0.14,1.98
2016-04-21,1.82,6.22,4.08,0.06,2.08
2016-04-22,2.569,27.5,3.81,9.49,14.2
2016-04-23,7.57,126.51,5.38,51.74,69.39
2016-04-24,4.026,101.46,4.27,40.98,56.2
2016-04-25,2.472,45.57,4.13,15.98,25.47
2016-04-26,1.9,15.5,4.09,3.32,8.09
2016-04-27,1.665,7.61,4.08,0.43,3.1
2016-04-28,1.526,6.5,4.07,0.07,2.36
2016-04-29,1.477,6.41,4.07,0.03,2.31
2016-04-30,1.434,6.42,4.07,0.02,2.33
2016-05-01,1.366,6.46,4.07,0.01,2.38
2016-05-02,1.306,6.5,4.07,0.01,2.43
2016-05-03,1.273,6.53,4.07,0.0,2.46
2016-05-04,1.26,6.55,4.06,0.0,2.48
2016-05-05,1.254,6.55,4.06,0.0,2.49
2016-05-06,1.25,6.55,4.06,0.0,2.49
2016-05-07,1.26,6.6,4.06,0.0,2.54
2016-05-08,1.291,6.91,4.06,0.0,2.85
2016-05-09,1.297,6.86,4.06,0.0,2.79
2016-05-10,1.286,6.61,4.07,0.0,2.55
2016-05-11,1.272,6.54,4.07,0.0,2.47
2016-05-12,1.256,6.54,4.07,0.0,2.47
2016-05-13,1.243,6.55,4.07,0.0,2.49
2016-05-14,1.234,6.56,4.06,0.0,2.5
2016-05-15,1.229,6.56,4.06,0.0,2.5
2016-05-16,1.226,6.56,4.06,0.0,2.5
2016-05-17,1.224,6.56,4.06,0.0,2.5
2016-05-18,1.222,6.56,4.06,0.0,2.5
2016-05-19,1.22,6.56,4.06,0.0,2.49
2016-05-20,1.218,6.56,4.06,0.0,2.49
2016-05-21,1.216,6.55,4.06,0.0,2.49
2016-05-22,1.214,6.55,4.06,0.0,2.49
2016-05-23,1.212,6.55,4.06,0.0,2.49
2016-05-24,1.21,6.55,4.06,0.0,2.48
2016-05-25,1.209,6.55,4.06,0.0,2.48
2016-05-26,1.207,6.54,4.06,0.0,2.48
2016-05-27,1.205,6.54,4.06,0.0,2.48
2016-05-28,1.204,6.54,4.06,0.0,2.48
2016-05-29,1.202,6.54,4.06,0.0,2.48
2016-05-30,1.201,6.54,4.06,0.0,2.47
2016-05-31,1.199,6.54,4.06,0.0,2.47
2016-06-01,1.198,6.53,4.06,0.0,2.47
2016-06-02,1.196,6.53,4.06,0.0,2.47
2016-06-03,1.195,6.53,4.06,0.0,2.47
2016-06-04,1.193,6.53,4.06,0.0,2.47
2016-06-05,1.192,6.53,4.06,0.0,2.46
2016-06-06,1.191,6.53,4.06,0.0,2.46
2016-06-07,1.19,6.53,4.06,0.0,2.46
2016-06-08,1.188,6.52,4.06,0.0,2.46
2016-06-09,1.187,6.52,4.06,0.0,2.46
2016-06-10,1.185,6.52,4.06,0.0,2.46
2016-06-11,1.18,6.52,4.06,0.0,2.46
2016-06-12,1.171,6.52,4.06,0.0,2.45
2016-06-13,1.161,6.51,4.07,0.0,2.45
2016-06-14,1.151,6.5,4.07,0.0,2.44
2016-06-15,1.14,6.5,4.07,0.0,2.43
2016-06-16,1.13,6.49,4.07,0.0,2.42
2016-06-17,1.12,6.48,4.07,0.0,2.42
2016-06-18,1.11,6.48,4.06,0.0,2.41
2016-06-19,1.1,6.47,4.06,0.0,2.4
2016-06-20,1.091,6.46,4.06,0.0,2.4
2016-06-21,1.081,6.45,4.06,0.0,2.39
2016-06-22,1.072,6.45,4.06,0.0,2.38
2016-06-23,1.062,6.44,4.06,0.0,2.37
2016-06-24,1.053,6.43,4.06,0.0,2.37
2016-06-25,1.044,6.42,4.06,0.0,2.36
2016-06-26,1.035,6.42,4.06,0.0,2.35
2016-06-27,1.026,6.41,4.06,0.0,2.34
2016-06-28,1.017,6.4,4.06,0.0,2.34
2016-06-29,1.008,6.39,4.07,0.0,2.33
2016-06-30,0.997,6.39,4.07,0.0,2.33
2016-07-01,0.986,6.39,4.07,0.0,2.32
2016-07-02,0.974,6.39,4.07,0.0,2.32
2016-07-03,0.963,6.39,4.07,0.0,2.32
2016-07-04,0.951,6.38,4.07,0.0,2.32
2016-07-05,0.94,6.38,4.07,0.0,2.32
2016-07-06,0.929,6.38,4.07,0.0,2.32
2016-07-07,0.918,6.38,4.07,0.0,2.32
2016-07-08,0.907,6.38,4.07,0.0,2.31
2016-07-09,0.897,6.38,4.07,0.0,2.31
2016-07-10,0.886,6.38,4.07,0.0,2.31
2016-07-11,0.876,6.37,4.07,0.0,2.31
2016-07-12,0.865,6.37,4.07,0.0,2.31
2016-07-13,0.855,6.37,4.07,0.0,2.31
2016-07-14,0.845,6.37,4.07,0.0,2.3
2016-07-15,0.835,6.37,4.07,0.0,2.3
2016-07-16,0.826,6.37,4.07,0.0,2.3
2016-07-17,0.816,6.37,4.07,0.0,2.3
2016-07-18,0.806,6.36,4.07,0.0,2.3
2016-07-19,0.797,6.36,4.07,0.0,2.3
2016-07-20,0.788,6.36,4.07,0.0,2.3
2016-07-21,0.778,6.36,4.07,0.0,2.29
2016-07-22,0.769,6.36,4.07,0.0,2.29
2016-07-23,0.76,6.36,4.07,0.0,2.29
2016-07-24,0.751,6.35,4.07,0.0,2.29
2016-07-25,0.743,6.35,4.07,0.0,2.29
2016-07-26,0.734,6.35,4.07,0.0,2.29
2016-07-27,0.725,6.35,4.07,0.0,2.28
2016-07-28,0.717,6.35,4.07,0.0,2.28
2016-07-29,0.708,6.35,4.07,0.0,2.28
2016-07-30,0.7,6.34,4.07,0.0,2.28
2016-07-31,0.692,6.34,4.07,0.0,2.28
2016-08-01,0.684,6.34,4.07,0.0,2.28
2016-08-02,0.676,6.34,4.07,0.0,2.27
2016-08-03,0.668,6.34,4.07,0.0,2.27
2016-08-04,0.66,6.34,4.07,0.0,2.27
2016-08-05,0.653,6.33,4.07,0.0,2.27
2016-08-06,0.645,6.33,4.07,0.0,2.27
2016-08-07,0.637,6.33,4.07,0.0,2.27
2016-08-08,0.63,6.33,4.07,0.0,2.26
2016-08-09,0.623,6.33,4.07,0.0,2.26
2016-08-10,0.616,6.33,4.07,0.0,2.26
2016-08-11,0.608,6.32,4.07,0.0,2.26
2016-08-12,0.601,6.32,4.07,0.0,2.26
2016-08-13,0.594,6.32,4.07,0.0,2.25
2016-08-14,0.587,6.32,4.07,0.0,2.25
2016-08-15,0.581,6.32,4.07,0.0,2.25
2016-08-16,0.574,6.31,4.07,0.0,2.25
2016-08-17,0.567,6.31,4.07,0.0,2.25
2016-08-18,0.561,6.31,4.07,0.0,2.24
2016-08-19,0.554,6.31,4.07,0.0,2.24
2016-08-20,0.548,6.31,4.07,0.0,2.24
2016-08-21,0.541,6.3,4.07,0.0,2.24
2016-08-22,0.535,6.3,4.07,0.0,2.24
2016-08-23,0.529,6.3,4.07,0.0,2.23
2016-08-24,0.523,6.3,4.07,0.0,2.23
2016-08-25,0.517,6.3,4.07,0.0,2.23
2016-08-26,0.511,6.29,4.07,0.0,2.23
2016-08-27,0.505,6.29,4.07,0.0,2.23
2016-08-28,0.499,6.29,4.07,0.0,2.22
2016-08-29,0.493,6.29,4.07,0.0,2.22
2016-08-30,0.487,6.29,4.07,0.0,2.22
2016-08-31,0.482,6.28,4.07,0.0,2.22
2016-09-01,0.476,6.28,4.07,0.0,2.22
2016-09-02,0.471,6.28,4.07,0.0,2.21
2016-09-03,0.465,6.28,4.07,0.0,2.21
2016-09-04,0.46,6.28,4.07,0.0,2.21
2016-09-05,0.455,6.27,4.07,0.0,2.21
2016-09-06,0.449,6.27,4.07,0.0,2.21
2016-09-07,0.444,6.27,4.07,0.0,2.2
2016-09-08,0.439,6.27,4.07,0.0,2.2
2016-09-09,0.434,6.26,4.07,0.0,2.2
2016-09-10,0.429,6.26,4.07,0.0,2.2
2016-09-11,0.424,6.26,4.07,0.0,2.2
2016-09-12,0.419,6.26,4.07,0.0,2.19
2016-09-13,0.414,6.26,4.07,0.0,2.19
2016-09-14,0.409,6.25,4.07,0.0,2.19
2016-09-15,0.405,6.25,4.07,0.0,2.19
2016-09-16,0.4,6.25,4.07,0.0,2.18
2016-09-17,0.395,6.25,4.07,0.0,2.18
2016-09-18,0.391,6.24,4.07,0.0,2.18
2016-09-19,0.386,6.24,4.07,0.0,2.18
2016-09-20,0.382,6.24,4.07,0.0,2.17
2016-09-21,0.378,6.24,4.07,0.0,2.17
2016-09-22,0.373,6.24,4.07,0.0,2.17
2016-09-23,0.369,6.23,4.07,0.0,2.17
2016-09-24,0.365,6.23,4.07,0.0,2.17
2016-09-25,0.36,6.23,4.07,0.0,2.16
2016-09-26,0.356,6.23,4.07,0.0,2.16
2016-09-27,0.352,6.22,4.07,0.0,2.16
2016-09-28,0.348,6.22,4.07,0.0,2.16
2016-09-29,0.344,6.22,4.07,0.0,2.15
2016-09-30,0.34,6.22,4.07,0.0,2.15
2016-10-01,0.336,6.21,4.07,0.0,2.15
2016-10-02,0.332,6.21,4.07,0.0,2.15
2016-10-03,0.329,6.21,4.07,0.0,2.14
2016-10-04,0.325,6.21,4.07,0.0,2.14
2016-10-05,0.321,6.2,4.07,0.0,2.14
2016-10-06,0.317,6.2,4.07,0.0,2.14
2016-10-07,0.314,6.2,4.07,0.0,2.13
2016-10-08,0.31,6.2,4.07,0.0,2.13
2016-10-09,0.307,6.19,4.07,0.0,2.13
2016-10-10,0.303,6.19,4.07,0.0,2.13
2016-10-11,0.3,6.19,4.07,0.0,2.12
2016-10-12,0.296,6.19,4.07,0.0,2.12
2016-10-13,0.293,6.18,4.07,0.0,2.12
2016-10-14,0.336,6.15,3.86,0.03,2.26
2016-10-15,4.233,111.53,4.15,45.75,61.63
2016-10-16,28.079,157.73,9.33,63.54,84.87
2016-10-17,24.068,218.21,10.13,89.4,118.68
2016-10-18,5.171,122.7,5.07,50.26,67.38
2016-10-19,1.949,84.9,4.22,32.04,48.64
2016-10-20,0.858,43.88,4.19,9.86,29.82
2016-10-21,0.447,15.12,4.15,0.0,10.97
2016-10-22,0.331,7.54,4.09,0.0,3.45
2016-10-23,0.303,6.41,4.07,0.0,2.33
2016-10-24,0.292,6.31,4.07,0.0,2.25
2016-10-25,0.285,6.31,4.07,0.0,2.25
2016-10-26,0.28,6.32,4.07,0.0,2.25
2016-10-27,0.509,35.84,3.31,12.63,19.9
2016-10-28,24.373,154.28,9.09,62.26,82.93
2016-10-29,12.011,172.12,7.61,70.79,93.71
2016-10-30,4.005,115.76,4.08,46.89,64.8
2016-10-31,6.471,194.05,4.99,79.82,109.24
2016-11-01,3.24,141.34,4.2,57.61,79.53
2016-11-02,1.633,75.4,4.17,27.15,44.08
2016-11-03,0.918,33.92,4.16,8.18,21.58
2016-11-04,0.563,11.54,4.13,0.02,7.39
2016-11-05,0.431,6.83,4.1,0.0,2.74
2016-11-06,0.372,6.21,4.08,0.0,2.13
2016-11-07,0.335,6.23,4.08,0.0,2.15
2016-11-08,0.307,6.31,4.08,0.0,2.24
2016-11-09,0.289,6.38,4.07,0.0,2.31
2016-11-10,0.276,6.43,4.07,0.0,2.36
2016-11-11,0.266,6.47,4.07,0.0,2.4
2016-11-12,0.258,6.49,4.07,0.0,2.43
2016-11-13,0.252,6.51,4.07,0.0,2.44
2016-11-14,0.248,6.51,4.07,0.0,2.45
2016-11-15,0.244,6.52,4.07,0.0,2.45
2016-11-16,0.24,6.52,4.07,0.0,2.45
2016-11-17,0.237,6.52,4.07,0.0,2.45
2016-11-18,0.233,6.52,4.07,0.0,2.45
2016-11-19,0.23,6.52,4.07,0.0,2.45
2016-11-20,0.733,55.37,3.7,19.07,32.6
2016-11-21,4.818,179.84,4.37,74.08,101.38
2016-11-22,3.243,183.82,4.21,75.99,103.62
2016-11-23,1.461,112.1,4.18,41.38,66.54
2016-11-24,0.996,51.53,4.1,15.68,31.74
2016-11-25,0.658,24.05,4.16,2.37,17.52
2016-11-26,0.964,36.98,3.73,9.79,23.46
2016-11-27,2.934,62.72,4.02,22.82,35.88
2016-11-28,2.855,63.42,4.12,23.84,35.47
2016-11-29,1.591,53.12,4.19,18.34,30.59
2016-11-30,0.758,27.52,4.19,4.57,18.76
2016-12-01,0.427,10.71,4.13,0.0,6.58
2016-12-02,0.333,6.57,4.09,0.0,2.48
2016-12-03,0.282,6.11,4.09,0.0,2.02
2016-12-04,0.247,6.17,4.08,0.0,2.09
2016-12-05,0.231,6.23,4.07,0.0,2.16
2016-12-06,0.225,6.24,4.07,0.0,2.18
2016-12-07,0.22,6.25,4.07,0.0,2.19
2016-12-08,2.213,53.9,3.82,20.4,29.68
2016-12-09,7.021,91.13,5.32,36.47,49.34
2016-12-10,10.672,113.32,6.15,45.41,61.76
2016-12-11,16.588,219.88,8.24,90.88,120.77
2016-12-12,4.232,125.83,4.63,51.63,69.57
2016-12-13,1.711,82.2,4.21,30.28,47.72
2016-12-14,0.831,36.55,4.17,7.54,24.84
2016-12-15,2.045,77.41,3.5,30.72,43.19
2016-12-16,22.239,298.3,8.56,124.73,165.01
2016-12-17,6.514,172.76,5.62,71.83,95.31
2016-12-18,2.514,102.22,4.19,40.4,57.63
2016-12-19,1.362,47.63,4.15,15.32,28.16
2016-12-20,0.974,15.33,4.1,2.79,8.44
2016-12-21,0.796,6.91,4.1,0.23,2.59
2016-12-22,0.661,5.71,4.09,0.0,1.62
2016-12-23,8.039,279.25,6.0,117.19,156.06
2016-12-24,13.075,363.81,7.44,153.62,202.75
2016-12-25,3.879,167.35,4.4,69.68,93.28
2016-12-26,1.899,89.37,4.17,34.04,51.16
2016-12-27,1.188,32.08,4.12,9.3,18.66
2016-12-28,0.95,10.23,4.09,1.33,4.82
2016-12-29,0.824,6.07,4.09,0.12,1.87
2016-12-30,0.731,5.55,4.08,0.0,1.47
2016-12-31,0.675,5.51,4.07,0.0,1.44
2017-01-01,0.647,5.5,4.07,0.0,1.44
2017-01-02,0.625,5.52,4.07,0.0,1.44
2017-01-03,1.566,51.55,3.49,20.35,27.7
2017-01-04,19.953,117.33,7.86,47.01,62.45
2017-01-05,19.227,112.38,8.37,44.82,59.2
2017-01-06,6.556,74.62,5.46,29.79,39.37
2017-01-07,4.159,38.83,4.02,14.66,20.14
2017-01-08,31.39,133.43,9.69,53.16,70.58
2017-01-09,39.698,203.42,11.57,82.71,109.14
2017-01-10,38.014,109.9,10.39,42.53,56.98
2017-01-11,62.611,251.93,14.12,98.33,139.48
2017-01-12,30.601,70.3,9.69,23.76,36.85
2017-01-13,25.784,36.97,9.17,9.23,18.57
2017-01-14,20.374,18.96,8.23,2.08,8.66
2017-01-15,17.473,14.74,7.64,1.22,5.88
2017-01-16,15.119,12.06,7.1,1.1,3.86
2017-01-17,13.154,10.83,6.74,1.04,3.06
2017-01-18,15.91,29.36,7.05,9.01,13.29
2017-01-19,33.382,116.3,10.13,45.33,60.83
2017-01-20,51.847,149.72,11.9,57.98,79.83
2017-01-21,55.815,113.94,12.83,43.24,57.87
2017-01-22,55.473,74.46,12.2,29.54,32.72
2017-01-23,60.722,102.65,13.21,46.68,42.76
2017-01-24,42.872,60.96,11.36,34.48,15.12
2017-01-25,34.483,46.49,10.31,24.74,11.44
2017-01-26,28.625,28.38,9.46,8.96,9.95
2017-01-27,23.611,18.37,8.77,1.4,8.2
2017-01-28,19.651,15.56,8.1,0.98,6.48
2017-01-29,16.381,13.0,7.42,0.94,4.65
2017-01-30,13.729,11.4,6.84,0.9,3.66
2017-01-31,11.626,10.93,6.46,0.86,3.6
2017-02-01,9.957,10.47,6.09,0.83,3.55
2017-02-02,8.458,10.08,5.68,0.79,3.61
2017-02-03,14.449,85.95,6.98,33.07,45.91
2017-02-04,16.361,129.54,7.55,52.06,69.94
2017-02-05,12.403,49.08,6.54,17.41,25.14
2017-02-06,19.805,50.52,7.78,17.5,25.24
2017-02-07,61.235,141.1,12.92,52.61,75.56
2017-02-08,54.94,220.86,12.66,90.29,117.91
2017-02-09,50.871,79.45,11.73,30.42,37.3
2017-02-10,71.456,106.69,14.03,43.52,49.13
2017-02-11,51.269,75.79,12.28,42.65,20.86
2017-02-12,40.994,62.22,11.09,36.3,14.83
2017-02-13,34.155,71.48,10.26,43.19,18.03
2017-02-14,28.701,70.94,9.43,41.68,19.83
2017-02-15,26.285,94.84,9.09,60.35,25.4
2017-02-16,24.099,109.76,8.79,71.62,29.34
2017-02-17,29.23,102.58,9.21,56.81,36.56
2017-02-18,53.037,129.36,12.31,65.79,51.26
2017-02-19,39.469,142.69,10.9,103.03,28.77
2017-02-20,106.125,216.4,16.03,104.1,96.27
2017-02-21,152.088,649.04,19.37,285.09,344.58
2017-02-22,111.175,176.15,16.97,95.04,64.13
2017-02-23,79.623,125.96,14.74,82.64,28.58
2017-02-24,61.913,122.11,13.24,84.43,24.44
2017-02-25,49.343,124.9,11.99,86.34,26.58
2017-02-26,40.288,127.25,11.05,86.26,29.94
2017-02-27,32.615,129.5,10.04,85.21,34.25
2017-02-28,27.539,133.47,9.3,85.41,38.76
2017-03-01,23.357,138.08,8.72,85.83,43.54
2017-03-02,20.146,143.23,8.17,86.49,48.57
2017-03-03,17.589,148.71,7.66,87.22,53.84
2017-03-04,15.74,154.37,7.21,88.52,58.64
2017-03-05,27.076,162.92,9.0,82.72,71.19
2017-03-06,27.603,153.54,9.4,84.86,59.27
2017-03-07,22.48,138.46,8.58,84.56,45.32
2017-03-08,19.227,138.55,8.0,83.48,47.07
2017-03-09,16.698,142.97,7.47,83.53,51.97
2017-03-10,14.791,151.68,7.01,87.38,57.28
2017-03-11,13.422,160.81,6.76,92.03,62.02
2017-03-12,12.371,168.92,6.57,96.22,66.12
2017-03-13,11.662,175.36,6.43,99.46,69.47
2017-03-14,11.134,180.34,6.32,102.03,71.99
2017-03-15,10.701,184.33,6.22,104.2,73.91
2017-03-16,10.354,187.63,6.14,106.07,75.41
2017-03-17,8.231,183.74,5.74,99.3,78.7
2017-03-18,5.222,104.9,4.48,27.68,72.74
2017-03-19,4.724,75.95,4.14,1.67,70.14
2017-03-20,4.634,74.91,4.08,0.05,70.78
2017-03-21,10.478,86.17,5.94,16.73,63.5
2017-03-22,33.842,158.88,9.94,58.35,90.6
2017-03-23,28.702,160.03,9.76,69.41,80.86
2017-03-24,21.907,74.6,8.42,32.14,34.04
2017-03-25,21.364,64.02,8.37,20.8,34.86
2017-03-26,19.722,82.68,8.03,32.36,42.3
2017-03-27,18.82,97.0,7.9,35.62,53.48
2017-03-28,15.965,86.75,7.33,15.46,63.97
2017-03-29,13.437,78.8,6.79,1.23,70.78
2017-03-30,11.646,80.77,6.46,0.31,74.0
2017-03-31,9.903,81.75,6.09,0.24,75.43
2017-04-01,8.467,81.5,5.68,0.17,75.65
2017-04-02,7.768,81.23,5.44,0.11,75.68
2017-04-03,7.025,81.8,5.2,0.08,76.53
2017-04-04,6.11,82.71,4.84,0.04,77.82
2017-04-05,5.313,85.49,4.48,0.02,80.99
2017-04-06,5.585,87.55,4.25,4.45,78.85
2017-04-07,23.261,195.57,8.42,70.57,116.59
2017-04-08,35.505,252.98,10.32,100.02,142.65
2017-04-09,22.181,148.85,8.74,54.84,85.27
2017-04-10,16.454,52.47,7.43,9.93,35.11
2017-04-11,14.306,39.99,6.91,1.7,31.38
2017-04-12,12.91,42.43,6.69,0.65,35.09
2017-04-13,11.921,48.12,6.47,1.69,39.96
2017-04-14,11.668,54.04,6.44,3.48,44.13
2017-04-15,10.51,53.81,6.21,1.95,45.65
2017-04-16,9.294,55.54,5.9,0.73,48.91
2017-04-17,8.996,58.02,5.77,0.95,51.3
2017-04-18,13.094,63.32,6.56,7.36,49.4
2017-04-19,13.196,61.77,6.76,8.96,46.05
2017-04-20,13.367,63.39,6.68,6.18,50.53
2017-04-21,12.103,68.37,6.59,6.46,55.32
2017-04-22,9.899,64.89,6.08,1.11,57.69
2017-04-23,8.315,67.24,5.65,0.36,61.24
2017-04-24,7.039,68.66,5.21,0.24,63.2
2017-04-25,6.224,69.47,4.88,0.2,64.39
2017-04-26,5.526,71.44,4.57,0.18,66.69
2017-04-27,4.894,73.75,4.26,0.14,69.35
2017-04-28,4.338,76.55,4.09,0.1,72.36
2017-04-29,3.712,82.03,4.09,0.04,77.9
2017-04-30,3.133,88.91,4.09,0.01,84.81
2017-05-01,2.703,92.76,4.09,0.01,88.66
2017-05-02,2.358,95.51,4.08,0.0,91.42
2017-05-03,2.102,96.53,4.08,0.0,92.45
2017-05-04,1.916,95.12,4.08,0.0,91.04
2017-05-05,1.765,92.49,4.08,0.0,88.41
2017-05-06,1.625,89.2,4.08,0.0,85.13
2017-05-07,1.505,85.56,4.07,0.0,81.49
2017-05-08,1.44,82.81,4.07,0.0,78.74
2017-05-09,1.421,81.73,4.06,0.0,77.67
2017-05-10,1.417,81.19,4.06,0.0,77.13
2017-05-11,1.416,80.72,4.06,0.0,76.66
2017-05-12,1.416,80.26,4.06,0.0,76.2
2017-05-13,1.416,79.8,4.06,0.0,75.73
2017-05-14,1.416,79.34,4.06,0.0,75.27
2017-05-15,1.416,78.88,4.06,0.0,74.82
2017-05-16,1.416,78.43,4.06,0.0,74.37
2017-05-17,1.416,77.98,4.06,0.0,73.92
2017-05-18,1.416,77.54,4.06,0.0,73.48
2017-05-19,1.416,77.1,4.06,0.0,73.03
2017-05-20,1.416,76.66,4.06,0.0,72.6
2017-05-21,1.416,76.23,4.06,0.0,72.16
2017-05-22,1.416,75.8,4.06,0.0,71.73
2017-05-23,1.416,75.37,4.06,0.0,71.31
2017-05-24,1.416,74.95,4.06,0.0,70.89
2017-05-25,1.416,74.53,4.06,0.0,70.47
2017-05-26,1.416,74.11,4.06,0.0,70.05
2017-05-27,1.416,73.7,4.06,0.0,69.64
2017-05-28,1.416,73.29,4.06,0.0,69.23
2017-05-29,1.416,72.89,4.06,0.0,68.82
2017-05-30,1.416,72.48,4.06,0.0,68.42
2017-05-31,1.416,72.08,4.06,0.0,68.02
2017-06-01,1.416,71.69,4.06,0.0,67.63
2017-06-02,1.416,71.3,4.06,0.0,67.23
2017-06-03,1.416,70.91,4.06,0.0,66.84
2017-06-04,1.416,70.52,4.06,0.0,66.45
2017-06-05,1.416,70.13,4.06,0.0,66.07
2017-06-06,1.416,69.75,4.06,0.0,65.69
2017-06-07,1.416,69.37,4.06,0.0,65.31
2017-06-08,1.416,69.0,4.06,0.0,64.93
2017-06-09,1.416,68.62,4.06,0.0,64.56
2017-06-10,1.416,68.25,4.06,0.0,64.19
2017-06-11,1.416,67.89,4.06,0.0,63.82
2017-06-12,1.416,67.52,4.06,0.0,63.46
2017-06-13,1.416,67.16,4.06,0.0,63.1
2017-06-14,1.416,66.8,4.06,0.0,62.74
2017-06-15,1.416,66.44,4.06,0.0,62.38
2017-06-16,1.416,66.09,4.06,0.0,62.03
2017-06-17,1.416,65.74,4.06,0.0,61.68
2017-06-18,1.416,65.39,4.06,0.0,61.33
2017-06-19,1.416,65.05,4.06,0.0,60.98
2017-06-20,1.416,64.7,4.06,0.0,60.64
2017-06-21,1.416,64.36,4.06,0.0,60.3
2017-06-22,1.416,64.02,4.06,0.0,59.96
2017-06-23,1.416,63.69,4.06,0.0,59.62
2017-06-24,1.416,63.35,4.06,0.0,59.29
2017-06-25,1.416,63.02,4.06,0.0,58.96
2017-06-26,1.416,62.7,4.06,0.0,58.63
2017-06-27,1.416,62.37,4.06,0.0,58.31
2017-06-28,1.416,62.05,4.06,0.0,57.98
2017-06-29,1.416,61.73,4.06,0.0,57.66
2017-06-30,1.416,61.41,4.06,0.0,57.34
2017-07-01,1.416,61.09,4.06,0.0,57.03
2017-07-02,1.416,60.78,4.06,0.0,56.71
2017-07-03,1.416,60.46,4.06,0.0,56.4
2017-07-04,1.416,60.15,4.06,0.0,56.09
2017-07-05,1.416,59.85,4.06,0.0,55.78
2017-07-06,1.416,59.54,4.06,0.0,55.48
2017-07-07,1.416,59.24,4.06,0.0,55.17
2017-07-08,1.416,58.93,4.06,0.0,54.87
2017-07-09,1.416,58.63,4.06,0.0,54.57
2017-07-10,1.416,58.34,4.06,0.0,54.27
2017-07-11,1.416,58.04,4.06,0.0,53.98
2017-07-12,1.416,57.75,4.06,0.0,53.69
2017-07-13,1.416,57.46,4.06,0.0,53.39
2017-07-14,1.415,57.19,4.06,0.0,53.13
2017-07-15,1.411,57.04,4.06,0.0,52.97
2017-07-16,1.405,56.97,4.06,0.0,52.9
2017-07-17,1.399,56.91,4.06,0.0,52.85
2017-07-18,1.393,56.85,4.06,0.0,52.79
2017-07-19,1.387,56.79,4.06,0.0,52.73
2017-07-20,1.381,56.72,4.06,0.0,52.66
2017-07-21,1.376,56.66,4.06,0.0,52.59
2017-07-22,1.37,56.58,4.06,0.0,52.52
2017-07-23,1.365,56.51,4.06,0.0,52.44
2017-07-24,1.36,56.43,4.06,0.0,52.36
2017-07-25,1.354,56.35,4.06,0.0,52.28
2017-07-26,1.349,56.26,4.06,0.0,52.2
2017-07-27,1.345,56.17,4.06,0.0,52.11
2017-07-28,1.34,56.08,4.06,0.0,52.02
2017-07-29,1.335,55.99,4.06,0.0,51.92
2017-07-30,1.33,55.89,4.06,0.0,51.83
2017-07-31,1.326,55.79,4.06,0.0,51.73
2017-08-01,1.322,55.69,4.06,0.0,51.62
2017-08-02,1.317,55.58,4.06,0.0,51.52
2017-08-03,1.313,55.47,4.06,0.0,51.41
2017-08-04,1.309,55.36,4.06,0.0,51.3
2017-08-05,1.305,55.25,4.06,0.0,51.18
2017-08-06,1.301,55.13,4.06,0.0,51.07
2017-08-07,1.298,55.01,4.06,0.0,50.95
2017-08-08,1.294,54.89,4.06,0.0,50.83
2017-08-09,1.29,54.77,4.06,0.0,50.7
2017-08-10,1.287,54.64,4.06,0.0,50.58
2017-08-11,1.283,54.51,4.06,0.0,50.45
2017-08-12,1.28,54.39,4.06,0.0,50.32
2017-08-13,1.276,54.25,4.06,0.0,50.19
2017-08-14,1.273,54.12,4.06,0.0,50.06
2017-08-15,1.27,53.98,4.06,0.0,49.92
2017-08-16,1.267,53.85,4.06,0.0,49.78
2017-08-17,1.264,53.71,4.06,0.0,49.64
2017-08-18,1.261,53.57,4.06,0.0,49.5
2017-08-19,1.258,53.43,4.06,0.0,49.36
2017-08-20,1.255,53.28,4.06,0.0,49.22
2017-08-21,1.253,53.14,4.06,0.0,49.07
2017-08-22,1.25,52.99,4.06,0.0,48.93
2017-08-23,1.247,52.84,4.06,0.0,48.78
2017-08-24,1.245,52.69,4.06,0.0,48.63
2017-08-25,1.242,52.54,4.06,0.0,48.48
2017-08-26,1.24,52.39,4.06,0.0,48.33
2017-08-27,1.237,52.24,4.06,0.0,48.17
2017-08-28,1.235,52.08,4.06,0.0,48.02
2017-08-29,1.233,51.93,4.06,0.0,47.87
2017-08-30,1.23,51.77,4.06,0.0,47.71
2017-08-31,1.228,51.62,4.06,0.0,47.55
2017-09-01,1.226,51.46,4.06,0.0,47.4
2017-09-02,1.224,51.3,4.06,0.0,47.24
2017-09-03,1.222,51.14,4.06,0.0,47.08
2017-09-04,1.22,50.98,4.06,0.0,46.92
2017-09-05,1.218,50.82,4.06,0.0,46.76
2017-09-06,1.216,50.66,4.06,0.0,46.59
2017-09-07,1.214,50.5,4.06,0.0,46.43
2017-09-08,1.213,50.33,4.06,0.0,46.27
2017-09-09,1.211,50.17,4.06,0.0,46.1
2017-09-10,1.209,50.0,4.06,0.0,45.94
2017-09-11,1.207,49.84,4.06,0.0,45.77
2017-09-12,1.206,49.67,4.06,0.0,45.61
2017-09-13,1.204,49.51,4.06,0.0,45.44
2017-09-14,1.202,49.34,4.06,0.0,45.28
2017-09-15,1.201,49.17,4.06,0.0,45.11
2017-09-16,1.199,49.01,4.06,0.0,44.94
2017-09-17,1.198,48.84,4.06,0.0,44.77
2017-09-18,1.196,48.67,4.06,0.0,44.61
2017-09-19,1.195,48.5,4.06,0.0,44.44
2017-09-20,1.194,48.33,4.06,0.0,44.27
2017-09-21,1.192,48.16,4.06,0.0,44.1
2017-09-22,1.191,47.99,4.06,0.0,43.93
2017-09-23,1.19,47.83,4.06,0.0,43.76
2017-09-24,1.188,47.66,4.06,0.0,43.59
2017-09-25,1.187,47.49,4.06,0.0,43.42
2017-09-26,1.186,47.32,4.06,0.0,43.25
2017-09-27,1.185,47.15,4.06,0.0,43.09
2017-09-28,1.184,46.98,4.06,0.0,42.92
2017-09-29,1.183,46.81,4.06,0.0,42.75
2017-09-30,1.182,46.64,4.06,0.0,42.58
2017-10-01,1.181,46.47,4.06,0.0,42.41
2017-10-02,1.18,46.3,4.06,0.0,42.24
2017-10-03,1.179,46.13,4.06,0.0,42.07
2017-10-04,1.178,45.96,4.06,0.0,41.9
2017-10-05,1.177,45.8,4.06,0.0,41.73
2017-10-06,1.176,45.63,4.06,0.0,41.56
2017-10-07,1.175,45.46,4.06,0.0,41.4
2017-10-08,1.174,45.29,4.06,0.0,41.23
2017-10-09,1.173,45.12,4.06,0.0,41.06
2017-10-10,1.172,44.96,4.06,0.0,40.89
2017-10-11,1.171,44.79,4.06,0.0,40.73
2017-10-12,1.17,44.62,4.06,0.0,40.56
2017-10-13,1.17,44.46,4.06,0.0,40.39
2017-10-14,1.169,44.29,4.06,0.0,40.23
2017-10-15,1.168,44.12,4.06,0.0,40.06
2017-10-16,1.167,43.96,4.06,0.0,39.89
2017-10-17,1.166,43.79,4.06,0.0,39.73
2017-10-18,1.166,43.63,4.06,0.0,39.56
2017-10-19,1.165,43.46,4.06,0.0,39.4
2017-10-20,1.563,54.87,3.96,8.5,42.41
2017-10-21,2.291,85.09,4.07,25.19,55.83
2017-10-22,1.744,62.45,4.12,12.63,45.69
2017-10-23,1.31,44.96,4.1,2.32,38.54
2017-10-24,1.188,42.38,4.07,0.26,38.05
2017-10-25,1.167,42.36,4.06,0.03,38.27
2017-10-26,1.162,42.28,4.06,0.0,38.21
2017-10-27,1.161,42.14,4.06,0.0,38.07
2017-10-28,1.16,41.98,4.06,0.0,37.91
2017-10-29,1.159,41.82,4.06,0.0,37.76
2017-10-30,1.159,41.66,4.06,0.0,37.6
2017-10-31,1.158,41.5,4.06,0.0,37.44
2017-11-01,1.158,41.34,4.06,0.0,37.28
2017-11-02,1.157,41.18,4.06,0.0,37.12
2017-11-03,1.157,41.03,4.06,0.0,36.96
2017-11-04,1.158,40.81,4.06,0.0,36.74
2017-11-05,1.273,39.87,4.04,0.76,35.08
2017-11-06,1.313,39.87,4.08,1.25,34.55
2017-11-07,1.205,39.55,4.07,0.28,35.2
2017-11-08,1.165,39.96,4.07,0.03,35.87
2017-11-09,1.175,39.72,4.05,0.07,35.6
2017-11-10,1.366,41.78,4.05,2.31,35.42
2017-11-11,1.335,41.35,4.08,1.8,35.47
2017-11-12,1.209,39.48,4.08,0.33,35.07
2017-11-13,1.166,39.27,4.07,0.03,35.17
2017-11-14,1.155,39.24,4.06,0.0,35.18
2017-11-15,1.152,39.14,4.06,0.0,35.07
2017-11-16,26.213,194.51,10.27,77.5,106.74
2017-11-17,26.926,287.38,10.88,117.76,158.74
2017-11-18,5.722,138.62,5.21,55.31,78.1
2017-11-19,2.538,87.05,4.17,28.84,54.04
2017-11-20,1.593,51.8,4.12,8.5,39.18
2017-11-21,1.281,38.59,4.08,1.36,33.15
2017-11-22,1.208,36.83,4.07,0.18,32.58
2017-11-23,1.191,36.81,4.07,0.04,32.71
2017-11-24,1.182,36.89,4.06,0.02,32.8
2017-11-25,1.176,36.9,4.06,0.01,32.83
2017-11-26,1.172,36.87,4.06,0.01,32.8
2017-11-27,3.437,67.75,4.2,20.97,42.59
2017-11-28,5.613,116.11,4.88,44.77,66.45
2017-11-29,2.703,80.32,4.17,26.89,49.25
2017-11-30,1.622,49.58,4.13,8.38,37.08
2017-12-01,1.263,37.43,4.09,1.26,32.09
2017-12-02,1.184,35.92,4.07,0.13,31.72
2017-12-03,1.169,35.94,4.06,0.02,31.85
2017-12-04,1.163,35.92,4.06,0.01,31.85
2017-12-05,1.159,35.87,4.06,0.0,31.8
2017-12-06,1.158,35.76,4.06,0.0,31.69
2017-12-07,1.157,35.65,4.06,0.0,31.58
2017-12-08,1.156,35.53,4.06,0.0,31.46
2017-12-09,1.155,35.41,4.06,0.0,31.35
2017-12-10,1.154,35.3,4.06,0.0,31.23
2017-12-11,1.153,35.18,4.06,0.0,31.12
2017-12-12,1.152,35.06,4.06,0.0,31.0
2017-12-13,1.151,34.94,4.06,0.0,30.87
2017-12-14,1.151,34.82,4.06,0.0,30.75
2017-12-15,1.15,34.7,4.06,0.0,30.63
2017-12-16,1.149,34.57,4.06,0.0,30.51
2017-12-17,1.149,34.46,4.06,0.0,30.39
2017-12-18,1.148,34.33,4.06,0.0,30.27
2017-12-19,1.148,34.2,4.06,0.0,30.14
2017-12-20,1.148,34.06,4.06,0.0,30.0
2017-12-21,1.154,33.87,4.06,0.0,29.81
2017-12-22,1.151,33.77,4.06,0.0,29.7
2017-12-23,1.148,33.68,4.06,0.0,29.62
2017-12-24,1.147,33.57,4.06,0.0,29.51
2017-12-25,1.146,33.45,4.06,0.0,29.39
2017-12-26,1.146,33.33,4.06,0.0,29.26
2017-12-27,1.146,33.2,4.06,0.0,29.14
2017-12-28,1.145,33.08,4.06,0.0,29.02
2017-12-29,1.145,32.96,4.06,0.0,28.9
2017-12-30,1.145,32.84,4.06,0.0,28.77
2017-12-31,1.145,32.72,4.06,0.0,28.65
2018-01-01,1.144,32.59,4.06,0.0,28.53
2018-01-02,1.144,32.47,4.06,0.0,28.41
2018-01-03,1.303,35.36,3.91,2.79,28.66
2018-01-04,5.731,94.31,4.82,34.87,54.62
2018-01-05,4.931,112.63,4.62,43.88,64.13
2018-01-06,4.765,59.82,4.17,19.99,35.66
2018-01-07,3.499,45.18,4.16,13.55,27.47
2018-01-08,26.057,162.87,9.82,64.47,88.58
2018-01-09,62.618,235.84,14.0,92.95,128.89
2018-01-10,12.781,154.53,7.7,62.3,84.54
2018-01-11,4.249,84.76,4.39,32.09,48.28
2018-01-12,2.579,45.11,4.12,12.05,28.93
2018-01-13,2.013,26.26,4.09,2.41,19.76
2018-01-14,1.795,22.5,4.08,0.36,18.05
2018-01-15,1.646,23.03,4.08,0.1,18.85
2018-01-16,1.535,24.12,4.07,0.06,19.98
2018-01-17,1.467,24.93,4.07,0.05,20.81
2018-01-18,1.44,25.24,4.06,0.05,21.14
2018-01-19,2.97,50.12,3.88,14.43,31.8
2018-01-20,3.926,81.44,4.14,29.47,47.83
2018-01-21,2.33,57.98,4.14,17.37,36.47
2018-01-22,1.66,34.27,4.09,4.63,25.55
2018-01-23,1.819,34.48,4.03,5.69,24.75
2018-01-24,2.077,40.3,3.93,9.37,27.0
2018-01-25,9.857,165.84,5.92,66.68,93.24
2018-01-26,6.805,132.47,5.44,53.11,73.91
2018-01-27,3.205,66.53,4.16,23.4,38.97
2018-01-28,1.995,36.07,4.12,7.05,24.89
2018-01-29,1.579,25.66,4.09,1.13,20.44
2018-01-30,1.44,24.41,4.07,0.15,20.19
2018-01-31,1.369,24.96,4.07,0.04,20.86
2018-02-01,1.32,25.59,4.07,0.02,21.5
2018-02-02,1.275,26.19,4.07,0.01,22.11
2018-02-03,1.24,26.72,4.07,0.01,22.64
2018-02-04,1.213,27.11,4.07,0.01,23.04
2018-02-05,1.194,27.38,4.07,0.0,23.31
2018-02-06,1.181,27.56,4.06,0.0,23.5
2018-02-07,1.171,27.69,4.06,0.0,23.62
2018-02-08,1.162,27.75,4.06,0.0,23.69
2018-02-09,1.158,27.74,4.06,0.0,23.67
2018-02-10,1.156,27.67,4.06,0.0,23.6
2018-02-11,1.156,27.58,4.06,0.0,23.52
2018-02-12,1.155,27.49,4.06,0.0,23.43
2018-02-13,1.155,27.4,4.06,0.0,23.34
2018-02-14,1.154,27.31,4.06,0.0,23.25
2018-02-15,1.154,27.22,4.06,0.0,23.16
2018-02-16,1.153,27.13,4.06,0.0,23.07
2018-02-17,1.153,27.04,4.06,0.0,22.98
2018-02-18,1.152,26.95,4.06,0.0,22.89
2018-02-19,1.152,26.86,4.06,0.0,22.8
2018-02-20,1.152,26.78,4.06,0.0,22.71
2018-02-21,1.151,26.69,4.06,0.0,22.62
2018-02-22,1.151,26.6,4.06,0.0,22.54
2018-02-23,1.15,26.51,4.06,0.0,22.45
2018-02-24,1.15,26.42,4.06,0.0,22.36
2018-02-25,1.15,26.34,4.06,0.0,22.27
2018-02-26,1.221,26.23,4.0,0.49,21.74
2018-02-27,4.106,76.34,4.1,27.27,44.97
2018-02-28,3.609,70.71,4.18,25.59,40.95
2018-03-01,8.944,92.51,5.95,35.07,51.49
2018-03-02,18.929,162.12,8.16,65.57,88.4
2018-03-03,12.715,98.3,6.74,38.44,53.12
2018-03-04,7.444,66.51,5.55,24.82,36.14
2018-03-05,3.629,43.78,4.2,14.54,25.04
2018-03-06,2.158,27.47,4.13,5.05,18.29
2018-03-07,1.654,21.45,4.09,0.88,16.48
2018-03-08,1.466,21.12,4.08,0.12,16.92
2018-03-09,1.391,21.68,4.07,0.04,17.57
2018-03-10,1.343,22.17,4.07,0.03,18.07
2018-03-11,1.298,22.66,4.07,0.02,18.58
2018-03-12,1.263,23.08,4.07,0.01,19.0
2018-03-13,2.001,25.57,3.72,3.65,18.2
2018-03-14,11.089,91.0,6.09,34.97,49.93
2018-03-15,9.25,122.97,6.21,49.03,67.73
2018-03-16,8.722,73.14,5.52,27.51,40.11
2018-03-17,9.817,82.04,6.05,31.49,44.5
2018-03-18,11.274,168.53,6.52,68.86,93.16
2018-03-19,4.49,130.52,4.52,52.64,73.36
2018-03-20,2.534,64.45,4.13,21.76,38.57
2018-03-21,4.191,47.92,4.15,15.32,28.45
2018-03-22,18.104,168.99,8.02,68.4,92.57
2018-03-23,16.674,270.8,8.54,112.7,149.55
2018-03-24,5.056,146.71,4.7,59.92,82.09
2018-03-25,3.106,65.69,4.12,23.57,38.0
2018-03-26,2.532,25.65,4.09,5.29,16.28
2018-03-27,2.257,16.39,4.08,0.93,11.38
2018-03-28,2.016,15.77,4.08,0.22,11.47
2018-03-29,1.861,16.41,4.07,0.09,12.24
2018-03-30,1.745,17.07,4.07,0.05,12.95
2018-03-31,1.63,17.81,4.08,0.03,13.71
2018-04-01,1.519,18.64,4.08,0.02,14.55
2018-04-02,1.428,19.43,4.07,0.01,15.34
2018-04-03,1.363,20.05,4.07,0.01,15.98
2018-04-04,1.315,20.54,4.07,0.0,16.47
2018-04-05,1.266,21.04,4.07,0.0,16.97
2018-04-06,6.334,69.98,5.27,25.57,39.15
2018-04-07,40.78,200.41,11.0,80.94,108.47
2018-04-08,12.592,190.56,7.64,78.29,104.63
2018-04-09,4.383,101.71,4.37,40.3,57.04
2018-04-10,2.845,46.1,4.12,14.82,27.17
2018-04-11,2.257,21.35,4.09,3.18,14.07
2018-04-12,2.227,17.2,4.04,1.37,11.8
2018-04-13,2.385,21.19,4.08,3.28,13.84
2018-04-14,2.008,18.29,4.09,1.44,12.76
2018-04-15,1.743,16.82,4.08,0.28,12.46
2018-04-16,2.242,23.82,3.89,4.2,15.73
2018-04-17,4.637,56.2,4.17,19.98,32.04
2018-04-18,3.0,47.37,4.15,15.75,27.47
2018-04-19,1.97,27.64,4.12,5.24,18.28
2018-04-20,1.579,19.44,4.09,0.82,14.53
2018-04-21,1.426,18.5,4.08,0.09,14.33
2018-04-22,1.344,18.99,4.07,0.01,14.9
2018-04-23,1.284,19.56,4.07,0.0,15.49
2018-04-24,1.236,20.06,4.07,0.0,15.99
2018-04-25,1.199,20.47,4.07,0.0,16.41
2018-04-26,1.173,20.8,4.07,0.0,16.73
2018-04-27,1.149,21.08,4.07,0.0,17.01
2018-04-28,1.132,21.26,4.07,0.0,17.2
2018-04-29,1.122,21.34,4.06,0.0,17.28
2018-04-30,1.116,21.36,4.06,0.0,17.29
2018-05-01,1.112,21.35,4.06,0.0,17.28
2018-05-02,1.109,21.33,4.06,0.0,17.26
2018-05-03,1.105,21.31,4.06,0.0,17.24
2018-05-04,1.102,21.29,4.06,0.0,17.22
2018-05-05,1.099,21.27,4.06,0.0,17.2
2018-05-06,1.096,21.24,4.06,0.0,17.18
2018-05-07,1.093,21.22,4.06,0.0,17.16
2018-05-08,1.089,21.2,4.06,0.0,17.14
2018-05-09,1.086,21.18,4.06,0.0,17.11
2018-05-10,1.083,21.15,4.06,0.0,17.09
2018-05-11,1.08,21.13,4.06,0.0,17.07
2018-05-12,1.078,21.11,4.06,0.0,17.04
2018-05-13,1.075,21.08,4.06,0.0,17.02
2018-05-14,1.072,21.06,4.06,0.0,16.99
2018-05-15,1.069,21.03,4.06,0.0,16.97
2018-05-16,1.066,21.01,4.06,0.0,16.94
2018-05-17,1.064,20.98,4.06,0.0,16.92
2018-05-18,1.061,20.96,4.06,0.0,16.89
2018-05-19,1.058,20.93,4.06,0.0,16.87
2018-05-20,1.056,20.91,4.06,0.0,16.84
2018-05-21,1.053,20.88,4.06,0.0,16.81
2018-05-22,1.051,20.85,4.06,0.0,16.79
2018-05-23,1.048,20.82,4.06,0.0,16.76
2018-05-24,1.046,20.8,4.06,0.0,16.73
2018-05-25,1.043,20.77,4.06,0.0,16.71
2018-05-26,1.041,20.74,4.06,0.0,16.68
2018-05-27,1.038,20.71,4.06,0.0,16.65
2018-05-28,1.036,20.69,4.06,0.0,16.62
2018-05-29,1.034,20.66,4.06,0.0,16.59
2018-05-30,1.031,20.63,4.06,0.0,16.56
2018-05-31,1.029,20.6,4.06,0.0,16.53
2018-06-01,1.027,20.57,4.06,0.0,16.5
2018-06-02,1.025,20.54,4.06,0.0,16.47
2018-06-03,1.023,20.51,4.06,0.0,16.44
2018-06-04,1.02,20.48,4.06,0.0,16.41
2018-06-05,1.018,20.45,4.06,0.0,16.38
2018-06-06,1.016,20.42,4.06,0.0,16.35
2018-06-07,1.014,20.39,4.06,0.0,16.32
2018-06-08,1.012,20.35,4.06,0.0,16.29
2018-06-09,1.01,20.32,4.06,0.0,16.26
2018-06-10,1.008,20.29,4.06,0.0,16.23
2018-06-11,1.006,20.26,4.06,0.0,16.2
2018-06-12,1.004,20.23,4.06,0.0,16.16
2018-06-13,1.002,20.19,4.06,0.0,16.13
2018-06-14,1.0,20.16,4.06,0.0,16.1
2018-06-15,0.999,20.13,4.06,0.0,16.07
2018-06-16,0.997,20.1,4.06,0.0,16.03
2018-06-17,0.995,20.06,4.06,0.0,16.0
2018-06-18,0.993,20.03,4.06,0.0,15.97
2018-06-19,0.991,20.0,4.06,0.0,15.93
2018-06-20,0.99,19.96,4.06,0.0,15.9
2018-06-21,0.988,19.93,4.06,0.0,15.86
2018-06-22,0.986,19.89,4.06,0.0,15.83
2018-06-23,0.985,19.86,4.06,0.0,15.8
2018-06-24,0.983,19.83,4.06,0.0,15.76
2018-06-25,0.981,19.79,4.06,0.0,15.73
2018-06-26,0.98,19.76,4.06,0.0,15.69
2018-06-27,0.978,19.72,4.06,0.0,15.66
2018-06-28,0.977,19.69,4.06,0.0,15.62
2018-06-29,0.975,19.65,4.06,0.0,15.59
2018-06-30,0.974,19.62,4.06,0.0,15.55
2018-07-01,0.972,19.58,4.06,0.0,15.52
2018-07-02,0.971,19.55,4.06,0.0,15.48
2018-07-03,0.969,19.51,4.06,0.0,15.45
2018-07-04,0.968,19.48,4.06,0.0,15.41
2018-07-05,0.966,19.44,4.06,0.0,15.38
2018-07-06,0.965,19.4,4.06,0.0,15.34
2018-07-07,0.963,19.37,4.06,0.0,15.31
2018-07-08,0.962,19.33,4.06,0.0,15.27
2018-07-09,0.961,19.3,4.06,0.0,15.23
2018-07-10,0.959,19.26,4.06,0.0,15.2
2018-07-11,0.958,19.23,4.06,0.0,15.16
2018-07-12,0.957,19.19,4.06,0.0,15.13
2018-07-13,0.955,19.15,4.06,0.0,15.09
2018-07-14,0.954,19.12,4.06,0.0,15.05
2018-07-15,0.953,19.08,4.06,0.0,15.02
2018-07-16,0.952,19.04,4.06,0.0,14.98
2018-07-17,0.95,19.01,4.06,0.0,14.94
2018-07-18,0.949,18.97,4.06,0.0,14.91
2018-07-19,0.948,18.93,4.06,0.0,14.87
2018-07-20,0.947,18.9,4.06,0.0,14.83
2018-07-21,0.946,18.86,4.06,0.0,14.8
2018-07-22,0.945,18.82,4.06,0.0,14.76
2018-07-23,0.943,18.79,4.06,0.0,14.72
2018-07-24,0.942,18.75,4.06,0.0,14.69
2018-07-25,0.941,18.71,4.06,0.0,14.65
2018-07-26,0.94,18.68,4.06,0.0,14.61
2018-07-27,0.939,18.64,4.06,0.0,14.58
2018-07-28,0.938,18.6,4.06,0.0,14.54
2018-07-29,0.937,18.57,4.06,0.0,14.5
2018-07-30,0.936,18.53,4.06,0.0,14.47
2018-07-31,0.935,18.49,4.06,0.0,14.43
2018-08-01,0.934,18.46,4.06,0.0,14.39
2018-08-02,0.933,18.42,4.06,0.0,14.36
2018-08-03,0.932,18.38,4.06,0.0,14.32
2018-08-04,0.931,18.35,4.06,0.0,14.28
2018-08-05,0.93,18.31,4.06,0.0,14.25
2018-08-06,0.929,18.27,4.06,0.0,14.21
2018-08-07,0.928,18.24,4.06,0.0,14.17
2018-08-08,0.927,18.2,4.06,0.0,14.14
2018-08-09,0.926,18.16,4.06,0.0,14.1
2018-08-10,0.925,18.12,4.06,0.0,14.06
2018-08-11,0.924,18.09,4.06,0.0,14.02
2018-08-12,0.924,18.05,4.06,0.0,13.99
2018-08-13,0.923,18.01,4.06,0.0,13.95
2018-08-14,0.922,17.98,4.06,0.0,13.91
2018-08-15,0.921,17.94,4.06,0.0,13.88
2018-08-16,0.92,17.9,4.06,0.0,13.84
2018-08-17,0.919,17.86,4.06,0.0,13.8
2018-08-18,0.918,17.83,4.06,0.0,13.76
2018-08-19,0.918,17.79,4.06,0.0,13.73
2018-08-20,0.917,17.75,4.06,0.0,13.69
2018-08-21,0.916,17.72,4.06,0.0,13.65
2018-08-22,0.915,17.68,4.06,0.0,13.62
2018-08-23,0.914,17.64,4.06,0.0,13.58
2018-08-24,0.914,17.6,4.06,0.0,13.54
2018-08-25,0.913,17.57,4.06,0.0,13.5
2018-08-26,0.912,17.53,4.06,0.0,13.47
2018-08-27,0.912,17.49,4.06,0.0,13.43
2018-08-28,0.911,17.46,4.06,0.0,13.39
2018-08-29,0.91,17.42,4.06,0.0,13.36
2018-08-30,0.909,17.38,4.06,0.0,13.32
2018-08-31,0.909,17.35,4.06,0.0,13.28
2018-09-01,0.908,17.31,4.06,0.0,13.25
2018-09-02,0.907,17.27,4.06,0.0,13.21
2018-09-03,0.907,17.24,4.06,0.0,13.17
2018-09-04,0.906,17.2,4.06,0.0,13.14
2018-09-05,0.905,17.16,4.06,0.0,13.1
2018-09-06,0.905,17.13,4.06,0.0,13.06
2018-09-07,0.904,17.09,4.06,0.0,13.03
2018-09-08,0.903,17.05,4.06,0.0,12.99
2018-09-09,0.903,17.02,4.06,0.0,12.95
2018-09-10,0.902,16.98,4.06,0.0,12.92
2018-09-11,0.902,16.94,4.06,0.0,12.88
2018-09-12,0.901,16.91,4.06,0.0,12.84
2018-09-13,0.9,16.87,4.06,0.0,12.81
2018-09-14,0.9,16.84,4.06,0.0,12.77
2018-09-15,0.899,16.8,4.06,0.0,12.74
2018-09-16,0.899,16.76,4.06,0.0,12.7
2018-09-17,0.898,16.73,4.06,0.0,12.66
2018-09-18,0.897,16.69,4.06,0.0,12.63
2018-09-19,0.897,16.66,4.06,0.0,12.59
2018-09-20,0.896,16.62,4.06,0.0,12.56
2018-09-21,0.896,16.58,4.06,0.0,12.52
2018-09-22,0.895,16.55,4.06,0.0,12.49
2018-09-23,0.895,16.51,4.06,0.0,12.45
2018-09-24,0.894,16.48,4.06,0.0,12.41
2018-09-25,0.894,16.44,4.06,0.0,12.38
2018-09-26,0.893,16.41,4.06,0.0,12.34
2018-09-27,0.893,16.37,4.06,0.0,12.31
2018-09-28,0.892,16.34,4.06,0.0,12.27
2018-09-29,0.892,16.3,4.06,0.0,12.24
2018-09-30,0.891,16.27,4.06,0.0,12.2
2018-10-01,0.891,16.23,4.06,0.0,12.17
2018-10-02,0.891,16.2,4.06,0.0,12.13
2018-10-03,0.89,16.16,4.06,0.0,12.1
2018-10-04,0.89,16.13,4.06,0.0,12.06
2018-10-05,0.889,16.09,4.06,0.0,12.03
2018-10-06,0.889,16.06,4.06,0.0,12.0
2018-10-07,0.888,16.03,4.06,0.0,11.96
2018-10-08,0.888,15.99,4.06,0.0,11.93
2018-10-09,0.888,15.96,4.06,0.0,11.89
2018-10-10,0.887,15.92,4.06,0.0,11.86
2018-10-11,0.887,15.89,4.06,0.0,11.83
2018-10-12,0.886,15.86,4.06,0.0,11.79
2018-10-13,0.886,15.82,4.06,0.0,11.76
2018-10-14,0.886,15.79,4.06,0.0,11.72
2018-10-15,0.885,15.75,4.06,0.0,11.69
2018-10-16,0.885,15.72,4.06,0.0,11.66
2018-10-17,0.884,15.69,4.06,0.0,11.62
2018-10-18,0.884,15.65,4.06,0.0,11.59
2018-10-19,0.884,15.62,4.06,0.0,11.56
2018-10-20,0.883,15.59,4.06,0.0,11.52
2018-10-21,0.883,15.55,4.06,0.0,11.49
2018-10-22,0.883,15.52,4.06,0.0,11.46
2018-10-23,0.882,15.49,4.06,0.0,11.43
2018-10-24,0.882,15.46,4.06,0.0,11.39
2018-10-25,0.882,15.42,4.06,0.0,11.36
2018-10-26,0.881,15.39,4.06,0.0,11.33
2018-10-27,0.881,15.36,4.06,0.0,11.29
2018-10-28,0.88,15.32,4.06,0.0,11.26
2018-10-29,0.88,15.29,4.06,0.0,11.23
2018-10-30,0.88,15.26,4.06,0.0,11.2
2018-10-31,0.88,15.23,4.06,0.0,11.16
2018-11-01,0.879,15.2,4.06,0.0,11.13
2018-11-02,0.879,15.16,4.06,0.0,11.1
2018-11-03,0.879,15.13,4.06,0.0,11.07
2018-11-04,0.878,15.1,4.06,0.0,11.04
2018-11-05,0.878,15.07,4.06,0.0,11.0
2018-11-06,0.878,15.04,4.06,0.0,10.97
2018-11-07,0.877,15.0,4.06,0.0,10.94
2018-11-08,0.877,14.97,4.06,0.0,10.91
2018-11-09,0.877,14.94,4.06,0.0,10.88
2018-11-10,0.876,14.91,4.06,0.0,10.85
2018-11-11,0.876,14.88,4.06,0.0,10.81
2018-11-12,0.876,14.85,4.06,0.0,10.78
2018-11-13,0.876,14.82,4.06,0.0,10.75
2018-11-14,0.875,14.78,4.06,0.0,10.72
2018-11-15,0.875,14.75,4.06,0.0,10.69
2018-11-16,0.875,14.72,4.06,0.0,10.66
2018-11-17,0.875,14.69,4.06,0.0,10.63
2018-11-18,0.874,14.66,4.06,0.0,10.6
2018-11-19,0.874,14.63,4.06,0.0,10.57
2018-11-20,0.874,14.6,4.06,0.0,10.54
2018-11-21,1.056,16.88,3.86,1.81,11.21
2018-11-22,6.286,117.24,4.74,47.33,65.17
2018-11-23,16.12,125.63,7.09,50.35,68.19
2018-11-24,23.626,151.58,8.99,61.04,81.56
2018-11-25,7.258,90.54,5.85,35.89,48.8
2018-11-26,2.744,56.7,4.19,20.78,31.73
2018-11-27,1.49,31.69,4.15,7.92,19.63
2018-11-28,1.261,21.74,3.84,4.1,13.8
2018-11-29,14.84,134.34,7.11,53.99,73.25
2018-11-30,16.796,153.16,8.29,61.91,82.96
2018-12-01,6.186,90.25,4.88,35.64,49.73
2018-12-02,6.392,90.1,5.1,35.16,49.84
2018-12-03,3.104,75.89,4.18,29.05,42.66
2018-12-04,1.754,41.57,4.14,12.24,25.19
2018-12-05,1.25,19.28,4.08,2.5,12.7
2018-12-06,1.341,21.05,4.05,3.52,13.48
2018-12-07,1.332,20.04,4.07,2.49,13.47
2018-12-08,1.239,15.2,4.08,0.66,10.46
2018-12-09,1.138,12.98,4.08,0.12,8.78
2018-12-10,1.075,12.49,4.07,0.03,8.39
2018-12-11,1.036,12.57,4.07,0.02,8.49
2018-12-12,1.009,12.72,4.07,0.01,8.64
2018-12-13,0.985,12.87,4.07,0.01,8.79
2018-12-14,0.961,13.03,4.07,0.01,8.95
2018-12-15,0.939,13.19,4.07,0.01,9.11
2018-12-16,1.636,55.29,3.59,20.01,31.7
2018-12-17,16.145,143.75,7.31,58.14,78.3
2018-12-18,7.812,134.13,6.01,54.65,73.47
2018-12-19,2.959,82.85,4.18,32.04,46.62
2018-12-20,1.689,41.71,4.14,12.26,25.31
2018-12-21,1.257,18.19,4.09,2.31,11.79
2018-12-22,1.135,12.64,4.07,0.31,8.26
2018-12-23,1.084,12.04,4.07,0.06,7.91
2018-12-24,1.052,12.08,4.04,0.03,8.01
2018-12-25,5.753,66.59,5.03,25.32,36.23
2018-12-26,6.281,107.21,5.28,43.08,58.85
2018-12-27,2.731,76.61,4.18,29.28,43.16
2018-12-28,1.572,38.91,4.14,11.16,23.6
2018-12-29,1.144,17.86,4.1,2.06,11.7
2018-12-30,1.018,13.03,4.07,0.24,8.71
2018-12-31,0.995,12.36,4.06,0.03,8.27
2019-01-01,0.989,12.3,4.07,0.01,8.23
2019-01-02,0.965,12.45,4.07,0.01,8.38
2019-01-03,0.941,12.61,4.07,0.0,8.54
2019-01-04,0.933,12.65,4.06,0.0,8.58
2019-01-05,0.93,12.65,4.06,0.0,8.58
2019-01-06,9.733,87.19,6.65,33.83,46.71
2019-01-07,29.237,211.84,10.4,86.36,115.08
2019-01-08,6.491,113.0,5.56,45.8,61.65
2019-01-09,2.716,66.35,4.17,25.02,37.16
2019-01-10,1.77,29.9,4.1,7.74,18.05
2019-01-11,1.594,14.34,4.07,1.23,9.05
2019-01-12,1.496,11.21,4.08,0.19,6.94
2019-01-13,1.399,10.36,4.07,0.06,6.22
2019-01-14,1.352,10.21,4.07,0.05,6.09
2019-01-15,1.527,14.71,3.98,2.33,8.4
2019-01-16,8.805,114.15,5.79,45.97,62.39
2019-01-17,43.703,427.78,11.61,177.36,238.81
2019-01-18,12.155,248.56,7.3,103.77,137.49
2019-01-19,5.145,107.15,4.56,43.7,58.89
2019-01-20,3.871,36.05,4.07,12.82,19.16
2019-01-21,7.73,47.4,5.32,17.47,24.6
2019-01-22,5.79,55.58,4.9,21.35,29.33
2019-01-23,3.763,25.12,4.11,8.25,12.77
2019-01-24,3.174,11.2,4.08,2.0,5.11
2019-01-25,2.903,8.19,4.08,0.64,3.48
2019-01-26,2.688,7.86,4.08,0.43,3.36
2019-01-27,2.462,7.95,4.08,0.37,3.5
2019-01-28,2.235,8.12,4.08,0.33,3.71
2019-01-29,2.047,8.29,4.08,0.29,3.92
2019-01-30,1.897,8.46,4.07,0.26,4.13
2019-01-31,2.116,14.35,4.04,2.92,7.38
2019-02-01,2.046,16.35,4.08,3.68,8.59
2019-02-02,10.017,156.11,6.22,63.86,86.02
2019-02-03,18.686,196.31,8.08,80.87,107.35
2019-02-04,34.583,225.72,10.07,92.68,122.97
2019-02-05,24.524,151.52,9.38,61.22,80.92
2019-02-06,11.758,45.05,6.65,16.35,22.05
2019-02-07,8.519,15.74,5.72,3.98,6.04
2019-02-08,8.358,11.38,5.44,2.14,3.79
2019-02-09,15.034,85.02,6.97,33.38,44.67
2019-02-10,25.151,79.89,8.82,30.47,40.6
2019-02-11,15.172,53.71,7.47,19.79,26.46
2019-02-12,10.498,17.63,6.25,4.65,6.73
2019-02-13,34.164,190.61,10.6,76.47,103.55
2019-02-14,51.472,173.99,12.06,69.25,92.68
2019-02-15,44.395,117.17,11.66,44.9,60.62
2019-02-16,39.358,50.13,10.85,19.86,19.42
2019-02-17,34.223,46.61,10.24,22.69,13.67
2019-02-18,27.322,37.69,9.32,19.35,9.03
2019-02-19,22.458,20.51,8.58,6.46,5.47
2019-02-20,19.054,13.22,7.97,0.96,4.29
2019-02-21,16.146,11.46,7.36,0.78,3.31
2019-02-22,13.534,9.77,6.81,0.76,2.2
2019-02-23,11.744,8.8,6.47,0.75,1.58
2019-02-24,10.409,8.43,6.19,0.73,1.51
2019-02-25,9.121,8.13,5.88,0.72,1.54
2019-02-26,7.696,7.71,5.44,0.7,1.57
2019-02-27,12.273,51.66,6.39,19.14,26.13
2019-02-28,12.648,53.9,6.62,20.2,27.08
2019-03-01,10.293,23.78,6.22,7.38,10.18
2019-03-02,21.659,74.9,8.24,28.44,38.22
2019-03-03,30.024,101.6,9.98,39.33,52.29
2019-03-04,18.973,29.59,8.03,8.76,12.81
2019-03-05,15.182,12.45,7.13,1.95,3.37
2019-03-06,22.652,48.27,8.32,16.87,23.07
2019-03-07,24.351,57.19,8.91,20.21,28.08
2019-03-08,19.657,22.03,8.13,4.9,9.01
2019-03-09,16.241,13.04,7.37,1.45,4.22
2019-03-10,14.504,10.89,6.93,1.01,2.95
2019-03-11,13.371,12.35,6.78,1.94,3.63
2019-03-12,11.106,10.2,6.37,1.38,2.45
2019-03-13,9.173,8.38,5.91,0.84,1.64
2019-03-14,7.564,7.66,5.41,0.71,1.54
2019-03-15,6.4,7.2,4.97,0.66,1.57
2019-03-16,5.45,6.82,4.55,0.63,1.64
2019-03-17,4.632,6.44,4.15,0.58,1.72
2019-03-18,4.032,6.41,4.09,0.51,1.81
2019-03-19,3.511,6.44,4.09,0.43,1.92
2019-03-20,4.3,21.16,4.16,6.73,10.27
2019-03-21,6.311,65.24,4.95,25.62,34.66
2019-03-22,4.643,37.65,4.19,14.0,19.47
2019-03-23,10.021,64.44,5.89,24.89,33.65
2019-03-24,10.091,92.46,6.31,37.0,49.15
2019-03-25,6.78,34.14,5.08,12.28,16.78
2019-03-26,8.964,40.15,5.76,14.45,19.94
2019-03-27,8.835,40.57,5.53,14.8,20.24
2019-03-28,14.221,137.22,7.07,55.98,74.18
2019-03-29,8.399,65.87,5.76,25.75,34.36
2019-03-30,6.444,19.01,5.0,5.76,8.25
2019-03-31,5.319,8.44,4.49,1.36,2.59
2019-04-01,4.514,6.57,4.1,0.66,1.81
2019-04-02,4.085,6.37,4.08,0.53,1.76
2019-04-03,3.753,6.42,4.08,0.5,1.83
2019-04-04,3.375,6.47,4.08,0.46,1.93
2019-04-05,3.025,6.42,4.08,0.36,1.98
2019-04-06,2.788,6.37,4.08,0.27,2.03
2019-04-07,2.595,6.34,4.07,0.18,2.08
2019-04-08,2.395,6.36,4.08,0.12,2.16
2019-04-09,2.145,6.43,4.08,0.07,2.27
2019-04-10,1.887,6.54,4.08,0.05,2.41
2019-04-11,1.688,6.66,4.08,0.03,2.56
2019-04-12,1.571,6.75,4.07,0.02,2.66
2019-04-13,1.496,6.82,4.07,0.01,2.74
2019-04-14,1.44,6.87,4.07,0.01,2.8
2019-04-15,1.4,6.92,4.07,0.0,2.85
2019-04-16,1.38,6.96,4.06,0.01,2.89
2019-04-17,1.381,7.2,4.06,0.08,3.06
2019-04-18,1.391,7.35,4.06,0.03,3.25
2019-04-19,1.395,7.14,4.06,0.01,3.07
2019-04-20,1.382,6.95,4.07,0.0,2.89
2019-04-21,1.363,6.92,4.07,0.0,2.85
2019-04-22,1.347,6.92,4.07,0.0,2.86
2019-04-23,1.338,6.93,4.06,0.0,2.87
2019-04-24,1.331,6.93,4.06,0.0,2.87
2019-04-25,1.326,6.93,4.06,0.0,2.86
2019-04-26,1.322,6.92,4.06,0.0,2.86
2019-04-27,1.318,6.92,4.06,0.0,2.86
2019-04-28,1.313,6.92,4.06,0.0,2.85
2019-04-29,1.309,6.91,4.06,0.0,2.85
2019-04-30,1.305,6.91,4.06,0.0,2.84
2019-05-01,1.301,6.9,4.06,0.0,2.84
2019-05-02,1.298,6.9,4.06,0.0,2.84
2019-05-03,1.294,6.89,4.06,0.0,2.83
2019-05-04,1.29,6.89,4.06,0.0,2.83
2019-05-05,1.287,6.88,4.06,0.0,2.82
2019-05-06,1.283,6.88,4.06,0.0,2.82
2019-05-07,1.28,6.87,4.06,0.0,2.81
2019-05-08,1.277,6.87,4.06,0.0,2.81
2019-05-09,1.273,6.86,4.06,0.0,2.8
2019-05-10,1.27,6.86,4.06,0.0,2.79
2019-05-11,1.267,6.85,4.06,0.0,2.79
2019-05-12,1.264,6.85,4.06,0.0,2.78
2019-05-13,1.261,6.84,4.06,0.0,2.78
2019-05-14,1.258,6.84,4.06,0.0,2.77
2019-05-15,1.478,17.96,3.83,5.08,9.05
2019-05-16,10.966,147.04,6.19,60.33,80.52
2019-05-17,8.908,154.63,6.16,63.47,85.0
2019-05-18,4.223,73.88,4.1,29.03,40.76
2019-05-19,19.777,146.04,8.02,58.9,79.13
2019-05-20,12.524,204.79,7.34,84.98,112.47
2019-05-21,5.222,90.29,4.52,36.63,49.13
2019-05-22,4.396,39.61,4.14,14.68,20.78
2019-05-23,3.423,16.94,4.1,4.98,7.87
2019-05-24,2.944,8.15,4.08,1.16,2.9
2019-05-25,2.634,6.53,4.08,0.45,2.01
2019-05-26,2.363,6.35,4.08,0.32,1.95
2019-05-27,2.141,6.31,4.07,0.22,2.01
2019-05-28,2.041,6.29,4.07,0.17,2.05
2019-05-29,1.929,6.3,4.07,0.13,2.1
2019-05-30,1.779,6.34,4.08,0.09,2.17
2019-05-31,1.622,6.39,4.08,0.05,2.26
2019-06-01,1.503,6.44,4.08,0.03,2.34
2019-06-02,1.409,6.5,4.07,0.01,2.42
2019-06-03,1.339,6.56,4.07,0.0,2.49
2019-06-04,1.297,6.64,4.07,0.0,2.57
2019-06-05,1.271,6.65,4.07,0.0,2.58
2019-06-06,1.249,6.64,4.07,0.0,2.57
2019-06-07,1.232,6.64,4.07,0.0,2.58
2019-06-08,1.222,6.65,4.06,0.0,2.58
2019-06-09,1.217,6.65,4.06,0.0,2.59
2019-06-10,1.214,6.64,4.06,0.0,2.58
2019-06-11,1.212,6.64,4.06,0.0,2.57
2019-06-12,1.21,6.63,4.06,0.0,2.57
2019-06-13,1.209,6.62,4.06,0.0,2.56
2019-06-14,1.207,6.62,4.06,0.0,2.55
2019-06-15,1.205,6.61,4.06,0.0,2.54
2019-06-16,1.204,6.6,4.06,0.0,2.54
2019-06-17,1.202,6.59,4.06,0.0,2.53
2019-06-18,1.2,6.59,4.06,0.0,2.52
2019-06-19,1.199,6.58,4.06,0.0,2.51
2019-06-20,1.198,6.57,4.06,0.0,2.51
2019-06-21,1.196,6.56,4.06,0.0,2.5
2019-06-22,1.195,6.56,4.06,0.0,2.49
2019-06-23,1.193,6.55,4.06,0.0,2.48
2019-06-24,1.192,6.54,4.06,0.0,2.48
2019-06-25,1.191,6.53,4.06,0.0,2.47
2019-06-26,1.189,6.52,4.06,0.0,2.46
2019-06-27,1.188,6.52,4.06,0.0,2.45
2019-06-28,1.187,6.51,4.06,0.0,2.45
2019-06-29,1.186,6.5,4.06,0.0,2.44
2019-06-30,1.185,6.49,4.06,0.0,2.43
2019-07-01,1.183,6.49,4.06,0.0,2.42
2019-07-02,1.182,6.48,4.06,0.0,2.42
2019-07-03,1.181,6.47,4.06,0.0,2.41
2019-07-04,1.18,6.46,4.06,0.0,2.4
2019-07-05,1.179,6.46,4.06,0.0,2.39
2019-07-06,1.178,6.45,4.06,0.0,2.38
2019-07-07,1.177,6.44,4.06,0.0,2.38
2019-07-08,1.176,6.43,4.06,0.0,2.37
2019-07-09,1.175,6.42,4.06,0.0,2.36
2019-07-10,1.174,6.42,4.06,0.0,2.35
2019-07-11,1.173,6.41,4.06,0.0,2.35
2019-07-12,1.173,6.4,4.06,0.0,2.34
2019-07-13,1.172,6.39,4.06,0.0,2.33
2019-07-14,1.171,6.39,4.06,0.0,2.32
2019-07-15,1.17,6.38,4.06,0.0,2.31
2019-07-16,1.169,6.37,4.06,0.0,2.31
2019-07-17,1.168,6.36,4.06,0.0,2.3
2019-07-18,1.168,6.35,4.06,0.0,2.29
2019-07-19,1.167,6.35,4.06,0.0,2.28
2019-07-20,1.166,6.34,4.06,0.0,2.28
2019-07-21,1.165,6.33,4.06,0.0,2.27
2019-07-22,1.165,6.32,4.06,0.0,2.26
2019-07-23,1.164,6.32,4.06,0.0,2.25
2019-07-24,1.163,6.31,4.06,0.0,2.24
2019-07-25,1.163,6.3,4.06,0.0,2.24
2019-07-26,1.162,6.29,4.06,0.0,2.23
2019-07-27,1.161,6.28,4.06,0.0,2.22
2019-07-28,1.161,6.28,4.06,0.0,2.21
2019-07-29,1.16,6.27,4.06,0.0,2.21
2019-07-30,1.16,6.26,4.06,0.0,2.2
2019-07-31,1.159,6.25,4.06,0.0,2.19
2019-08-01,1.159,6.25,4.06,0.0,2.18
2019-08-02,1.158,6.24,4.06,0.0,2.18
2019-08-03,1.157,6.23,4.06,0.0,2.17
2019-08-04,1.157,6.22,4.06,0.0,2.16
2019-08-05,1.156,6.22,4.06,0.0,2.15
2019-08-06,1.156,6.21,4.06,0.0,2.14
2019-08-07,1.155,6.2,4.06,0.0,2.14
2019-08-08,1.155,6.19,4.06,0.0,2.13
2019-08-09,1.155,6.19,4.06,0.0,2.12
2019-08-10,1.154,6.18,4.06,0.0,2.11
2019-08-11,1.154,6.17,4.06,0.0,2.11
2019-08-12,1.153,6.16,4.06,0.0,2.1
2019-08-13,1.153,6.16,4.06,0.0,2.09
2019-08-14,1.152,6.15,4.06,0.0,2.08
2019-08-15,1.152,6.14,4.06,0.0,2.08
2019-08-16,1.152,6.13,4.06,0.0,2.07
2019-08-17,1.151,6.13,4.06,0.0,2.06
2019-08-18,1.151,6.12,4.06,0.0,2.06
2019-08-19,1.15,6.11,4.06,0.0,2.05
2019-08-20,1.15,6.1,4.06,0.0,2.04
2019-08-21,1.15,6.1,4.06,0.0,2.03
2019-08-22,1.149,6.09,4.06,0.0,2.03
2019-08-23,1.149,6.08,4.06,0.0,2.02
2019-08-24,1.149,6.08,4.06,0.0,2.01
2019-08-25,1.148,6.07,4.06,0.0,2.0
2019-08-26,1.148,6.06,4.06,0.0,2.0
2019-08-27,1.148,6.05,4.06,0.0,1.99
2019-08-28,1.147,6.05,4.06,0.0,1.98
2019-08-29,1.147,6.04,4.06,0.0,1.98
2019-08-30,1.147,6.03,4.06,0.0,1.97
2019-08-31,1.147,6.03,4.06,0.0,1.96
2019-09-01,1.146,6.02,4.06,0.0,1.96
2019-09-02,1.146,6.01,4.06,0.0,1.95
2019-09-03,1.146,6.0,4.06,0.0,1.94
2019-09-04,1.146,6.0,4.06,0.0,1.93
2019-09-05,1.145,5.99,4.06,0.0,1.93
2019-09-06,1.145,5.98,4.06,0.0,1.92
2019-09-07,1.145,5.98,4.06,0.0,1.91
2019-09-08,1.145,5.97,4.06,0.0,1.91
2019-09-09,1.144,5.96,4.06,0.0,1.9
2019-09-10,1.144,5.96,4.06,0.0,1.89
2019-09-11,1.144,5.95,4.06,0.0,1.89
2019-09-12,1.144,5.94,4.06,0.0,1.88
2019-09-13,1.143,5.94,4.06,0.0,1.87
2019-09-14,1.143,5.93,4.06,0.0,1.87
2019-09-15,1.143,5.92,4.06,0.0,1.86
2019-09-16,1.276,11.08,3.99,2.32,4.77
2019-09-17,2.457,75.32,4.0,30.01,41.31
2019-09-18,2.147,80.54,4.13,30.61,45.81
2019-09-19,1.463,34.66,4.12,10.2,20.34
2019-09-20,1.204,10.98,4.08,1.51,5.39
2019-09-21,1.154,6.45,4.07,0.16,2.23
2019-09-22,1.144,5.93,4.06,0.02,1.85
2019-09-23,1.142,5.88,4.06,0.0,1.81
2019-09-24,1.142,5.87,4.06,0.0,1.8
2019-09-25,1.142,5.86,4.06,0.0,1.79
2019-09-26,1.141,5.85,4.06,0.0,1.79
2019-09-27,1.141,5.85,4.06,0.0,1.78
2019-09-28,1.141,5.84,4.06,0.0,1.78
2019-09-29,1.141,5.83,4.06,0.0,1.77
2019-09-30,1.141,5.83,4.06,0.0,1.76
2019-10-01,1.141,5.82,4.06,0.0,1.76
2019-10-02,1.141,5.81,4.06,0.0,1.75
2019-10-03,1.14,5.81,4.06,0.0,1.74
2019-10-04,1.14,5.8,4.06,0.0,1.74
2019-10-05,1.14,5.8,4.06,0.0,1.73
2019-10-06,1.14,5.79,4.06,0.0,1.73
2019-10-07,1.14,5.78,4.06,0.0,1.72
2019-10-08,1.14,5.78,4.06,0.0,1.71
2019-10-09,1.14,5.77,4.06,0.0,1.71
2019-10-10,1.14,5.77,4.06,0.0,1.7
2019-10-11,1.139,5.76,4.06,0.0,1.7
2019-10-12,1.139,5.75,4.06,0.0,1.69
2019-10-13,1.139,5.75,4.06,0.0,1.68
2019-10-14,1.139,5.74,4.06,0.0,1.68
2019-10-15,1.139,5.74,4.06,0.0,1.67
2019-10-16,1.139,5.73,4.06,0.0,1.67
2019-10-17,1.139,5.72,4.06,0.0,1.66
2019-10-18,1.139,5.72,4.06,0.0,1.65
2019-10-19,1.139,5.71,4.06,0.0,1.65
2019-10-20,1.139,5.71,4.06,0.0,1.64
2019-10-21,1.138,5.7,4.06,0.0,1.64
2019-10-22,1.138,5.69,4.06,0.0,1.63
2019-10-23,1.138,5.69,4.06,0.0,1.63
2019-10-24,1.138,5.68,4.06,0.0,1.62
2019-10-25,1.138,5.68,4.06,0.0,1.61
2019-10-26,1.138,5.67,4.06,0.0,1.61
2019-10-27,1.138,5.67,4.06,0.0,1.6
2019-10-28,1.138,5.66,4.06,0.0,1.6
2019-10-29,1.138,5.66,4.06,0.0,1.59
2019-10-30,1.138,5.65,4.06,0.0,1.59
2019-10-31,1.138,5.64,4.06,0.0,1.58
2019-11-01,1.138,5.64,4.06,0.0,1.57
2019-11-02,1.137,5.63,4.06,0.0,1.57
2019-11-03,1.137,5.63,4.06,0.0,1.56
2019-11-04,1.137,5.62,4.06,0.0,1.56
2019-11-05,1.137,5.62,4.06,0.0,1.55
2019-11-06,1.137,5.61,4.06,0.0,1.55
2019-11-07,1.137,5.61,4.06,0.0,1.54
2019-11-08,1.137,5.6,4.06,0.0,1.54
2019-11-09,1.137,5.6,4.06,0.0,1.53
2019-11-10,1.137,5.59,4.06,0.0,1.53
2019-11-11,1.137,5.59,4.06,0.0,1.52
2019-11-12,1.137,5.58,4.06,0.0,1.52
2019-11-13,1.137,5.57,4.06,0.0,1.51
2019-11-14,1.137,5.57,4.06,0.0,1.51
2019-11-15,1.137,5.56,4.06,0.0,1.5
2019-11-16,1.137,5.56,4.06,0.0,1.5
2019-11-17,1.137,5.55,4.06,0.0,1.49
2019-11-18,1.137,5.55,4.06,0.0,1.49
2019-11-19,1.137,5.54,4.06,0.0,1.48
2019-11-20,1.137,5.54,4.06,0.0,1.48
2019-11-21,1.136,5.53,4.06,0.0,1.47
2019-11-22,1.136,5.53,4.06,0.0,1.47
2019-11-23,1.136,5.52,4.06,0.0,1.46
2019-11-24,1.136,5.52,4.06,0.0,1.46
2019-11-25,1.136,5.51,4.06,0.0,1.45
2019-11-26,2.366,157.34,4.07,65.76,87.5
2019-11-27,21.23,239.61,8.26,99.23,132.12
2019-11-28,9.839,133.28,6.64,54.38,72.26
2019-11-29,3.517,66.04,4.22,25.98,35.83
2019-11-30,1.999,32.16,4.13,10.31,17.73
2019-12-01,2.061,24.68,3.97,7.7,13.0
2019-12-02,10.236,62.57,6.04,23.92,32.61
2019-12-03,10.465,107.68,6.71,43.22,57.75
2019-12-04,7.515,66.79,5.13,25.92,35.75
2019-12-05,8.634,93.22,6.04,36.92,50.26
2019-12-06,3.471,67.42,4.19,26.34,36.89
2019-12-07,4.569,90.31,4.43,35.92,49.97
2019-12-08,21.259,229.84,8.26,95.14,126.44
2019-12-09,9.211,144.4,6.41,59.14,78.85
2019-12-10,3.552,71.87,4.19,28.39,39.29
2019-12-11,2.311,33.32,4.09,11.16,18.07
2019-12-12,2.084,30.39,4.09,10.08,16.21
2019-12-13,1.682,16.59,4.1,4.01,8.48
2019-12-14,1.463,7.23,4.08,0.54,2.61
2019-12-15,1.414,5.72,4.07,0.08,1.57
2019-12-16,1.399,5.63,4.07,0.06,1.51
2019-12-17,1.369,5.49,4.07,0.04,1.38
2019-12-18,1.308,5.44,4.07,0.03,1.34
2019-12-19,1.433,6.75,4.01,0.55,2.19
2019-12-20,1.939,14.37,4.05,3.89,6.44
2019-12-21,1.747,12.65,4.08,3.09,5.48
2019-12-22,5.985,116.38,4.82,47.48,64.08
2019-12-23,5.848,128.25,4.95,52.54,70.76
2019-12-24,2.902,64.55,4.17,25.03,35.35
2019-12-25,1.849,24.49,4.11,6.8,13.57
2019-12-26,1.712,20.46,4.06,6.06,10.34
2019-12-27,1.556,22.5,4.09,6.78,11.62
2019-12-28,1.351,9.9,4.08,1.45,4.37
2019-12-29,1.294,5.88,4.06,0.15,1.67
2019-12-30,1.629,12.31,3.99,2.95,5.37
2019-12-31,1.915,21.63,4.08,6.59,10.96
2020-01-01,1.527,12.06,4.1,2.37,5.59
2020-01-02,1.316,6.42,4.08,0.3,2.04
2020-01-03,1.257,5.43,4.07,0.03,1.33
2020-01-04,1.23,5.33,4.07,0.01,1.25
2020-01-05,1.21,5.32,4.07,0.0,1.25
2020-01-06,1.191,5.32,4.07,0.0,1.25
2020-01-07,1.177,5.32,4.07,0.0,1.25
2020-01-08,1.165,5.32,4.06,0.0,1.25
2020-01-09,1.183,5.79,4.05,0.22,1.52
2020-01-10,1.313,10.36,4.05,1.84,4.47
2020-01-11,1.354,12.49,4.07,1.51,6.92
2020-01-12,1.259,8.82,4.08,0.39,4.36
2020-01-13,1.195,6.02,4.07,0.04,1.91
2020-01-14,1.176,5.39,4.07,0.01,1.32
2020-01-15,1.166,5.31,4.06,0.0,1.25
2020-01-16,6.815,196.43,5.4,81.48,109.55
2020-01-17,16.52,329.63,7.93,138.48,183.22
2020-01-18,5.202,139.25,4.9,57.6,76.75
2020-01-19,2.538,68.11,4.16,25.63,38.32
2020-01-20,1.659,25.37,4.12,6.7,14.56
2020-01-21,1.354,8.93,4.08,0.96,3.89
2020-01-22,1.289,5.74,4.07,0.12,1.55
2020-01-23,1.276,5.35,4.06,0.04,1.25
2020-01-24,1.262,5.31,4.07,0.02,1.22
2020-01-25,1.239,5.3,4.07,0.02,1.22
2020-01-26,1.445,9.6,3.99,1.92,3.69
2020-01-27,2.292,25.62,4.03,8.57,13.03
2020-01-28,1.94,22.12,4.12,6.53,11.47
2020-01-29,1.406,10.26,4.11,1.58,4.58
2020-01-30,1.212,6.03,4.08,0.2,1.75
2020-01-31,1.155,5.36,4.07,0.03,1.27
2020-02-01,1.13,5.29,4.07,0.01,1.22
2020-02-02,1.118,5.29,4.07,0.0,1.22
2020-02-03,1.108,5.29,4.07,0.0,1.22
2020-02-04,1.096,5.29,4.07,0.0,1.22
2020-02-05,1.084,5.29,4.06,0.0,1.23
2020-02-06,1.077,5.29,4.06,0.0,1.23
2020-02-07,1.073,5.29,4.06,0.0,1.23
2020-02-08,1.07,5.29,4.06,0.0,1.23
2020-02-09,1.067,5.29,4.06,0.0,1.23
2020-02-10,1.064,5.29,4.06,0.0,1.23
2020-02-11,1.061,5.29,4.06,0.0,1.23
2020-02-12,1.059,5.29,4.06,0.0,1.22
2020-02-13,1.056,5.29,4.06,0.0,1.22
2020-02-14,1.054,5.29,4.06,0.0,1.22
2020-02-15,1.051,5.29,4.06,0.0,1.22
2020-02-16,1.049,5.29,4.06,0.0,1.22
2020-02-17,1.046,5.28,4.06,0.0,1.22
2020-02-18,1.044,5.28,4.06,0.0,1.22
2020-02-19,1.041,5.28,4.06,0.0,1.22
2020-02-20,1.039,5.28,4.06,0.0,1.22
2020-02-21,1.037,5.28,4.06,0.0,1.22
2020-02-22,1.034,5.28,4.06,0.0,1.21
2020-02-23,1.032,5.28,4.06,0.0,1.21
2020-02-24,1.03,5.28,4.06,0.0,1.21
2020-02-25,1.028,5.28,4.06,0.0,1.21
2020-02-26,1.026,5.27,4.06,0.0,1.21
2020-02-27,1.023,5.27,4.06,0.0,1.21
2020-02-28,1.021,5.27,4.06,0.0,1.21
2020-02-29,1.019,5.27,4.06,0.0,1.21
2020-03-01,1.017,5.27,4.06,0.0,1.21
2020-03-02,1.015,5.27,4.06,0.0,1.2
2020-03-03,1.013,5.27,4.06,0.0,1.2
2020-03-04,1.011,5.27,4.06,0.0,1.2
2020-03-05,1.009,5.26,4.06,0.0,1.2
2020-03-06,1.007,5.26,4.06,0.0,1.2
2020-03-07,1.005,5.26,4.06,0.0,1.2
2020-03-08,1.004,5.26,4.06,0.0,1.2
2020-03-09,1.003,5.28,4.06,0.0,1.21
2020-03-10,1.002,5.33,4.06,0.0,1.27
2020-03-11,1.0,5.29,4.06,0.0,1.23
2020-03-12,0.997,5.26,4.06,0.0,1.2
2020-03-13,0.995,5.25,4.06,0.0,1.19
2020-03-14,1.346,10.26,3.7,2.43,4.13
2020-03-15,15.738,107.14,7.12,42.95,57.07
2020-03-16,20.756,101.83,8.21,40.16,53.45
2020-03-17,9.89,99.97,6.52,40.13,53.32
2020-03-18,8.733,110.85,5.75,44.95,60.15
2020-03-19,4.231,112.68,4.45,46.05,62.19
2020-03-20,2.234,58.29,4.15,21.33,32.81
2020-03-21,1.538,20.11,4.11,5.06,10.93
2020-03-22,1.306,7.51,4.08,0.65,2.78
2020-03-23,1.235,5.5,4.07,0.09,1.35
2020-03-24,1.186,5.27,4.07,0.03,1.18
2020-03-25,1.472,13.23,3.99,3.54,5.71
2020-03-26,2.104,32.0,4.05,11.38,16.57
2020-03-27,1.64,23.77,4.13,7.48,12.16
2020-03-28,1.216,9.13,4.09,1.4,3.64
2020-03-29,1.1,5.65,4.07,0.14,1.43
2020-03-30,1.06,5.24,4.07,0.02,1.16
2020-03-31,1.045,5.2,4.07,0.01,1.13
2020-04-01,1.035,5.2,4.07,0.0,1.13
2020-04-02,1.022,5.2,4.07,0.0,1.13
2020-04-03,1.007,5.2,4.07,0.0,1.13
2020-04-04,1.845,71.21,3.74,28.85,38.62
2020-04-05,13.587,112.35,6.74,44.99,60.61
2020-04-06,16.383,125.07,7.63,50.29,67.15
2020-04-07,9.385,111.87,6.23,45.06,60.58
2020-04-08,3.775,76.93,4.27,30.7,41.96
2020-04-09,2.14,36.52,4.14,12.36,20.02
2020-04-10,1.559,12.79,4.1,2.52,6.17
2020-04-11,1.357,6.28,4.08,0.34,1.87
2020-04-12,1.271,5.35,4.07,0.07,1.21
2020-04-13,1.209,5.25,4.07,0.03,1.14
2020-04-14,1.157,5.23,4.07,0.02,1.14
2020-04-15,1.104,5.22,4.07,0.01,1.13
2020-04-16,1.064,5.2,4.07,0.01,1.12
2020-04-17,1.041,5.2,4.07,0.01,1.12
2020-04-18,1.026,5.19,4.07,0.01,1.12
2020-04-19,1.015,5.19,4.07,0.01,1.12
2020-04-20,1.004,5.19,4.07,0.0,1.12
2020-04-21,0.995,5.19,4.06,0.0,1.13
2020-04-22,0.989,5.19,4.06,0.0,1.13
2020-04-23,0.986,5.19,4.06,0.0,1.13
2020-04-24,0.983,5.19,4.06,0.0,1.13
2020-04-25,0.981,5.19,4.06,0.0,1.12
2020-04-26,0.979,5.19,4.06,0.0,1.12
2020-04-27,0.977,5.19,4.06,0.0,1.12
2020-04-28,0.976,5.19,4.06,0.0,1.12
2020-04-29,0.974,5.18,4.06,0.0,1.12
2020-04-30,0.973,5.18,4.06,0.0,1.12
2020-05-01,0.971,5.18,4.06,0.0,1.12
2020-05-02,0.969,5.18,4.06,0.0,1.12
2020-05-03,0.968,5.18,4.06,0.0,1.12
2020-05-04,0.966,5.18,4.06,0.0,1.12
2020-05-05,0.965,5.18,4.06,0.0,1.11
2020-05-06,0.964,5.18,4.06,0.0,1.11
2020-05-07,0.962,5.18,4.06,0.0,1.11
2020-05-08,0.961,5.18,4.06,0.0,1.11
2020-05-09,0.959,5.17,4.06,0.0,1.11
2020-05-10,0.958,5.17,4.06,0.0,1.11
2020-05-11,0.957,5.17,4.06,0.0,1.11
2020-05-12,0.955,5.17,4.06,0.0,1.11
2020-05-13,0.954,5.17,4.06,0.0,1.11
2020-05-14,0.953,5.17,4.06,0.0,1.1
2020-05-15,0.951,5.17,4.06,0.0,1.1
2020-05-16,0.95,5.17,4.06,0.0,1.1
2020-05-17,0.95,5.17,4.06,0.0,1.11
2020-05-18,1.735,35.33,3.9,13.16,18.27
2020-05-19,2.691,58.48,4.09,22.7,31.7
2020-05-20,1.767,35.89,4.15,11.92,19.82
2020-05-21,1.176,13.39,4.11,2.51,6.77
2020-05-22,0.999,6.36,4.08,0.29,1.99
2020-05-23,0.953,5.27,4.07,0.03,1.18
2020-05-24,0.943,5.17,4.06,0.0,1.1
2020-05-25,0.941,5.16,4.06,0.0,1.09
2020-05-26,0.939,5.15,4.06,0.0,1.09
2020-05-27,0.938,5.15,4.06,0.0,1.09
2020-05-28,0.937,5.15,4.06,0.0,1.09
2020-05-29,0.936,5.15,4.06,0.0,1.09
2020-05-30,0.943,5.19,4.05,0.03,1.11
2020-05-31,1.912,70.95,3.92,28.4,38.64
2020-06-01,2.306,123.68,4.12,50.55,69.01
2020-06-02,1.489,72.84,4.14,27.11,41.59
2020-06-03,1.08,22.26,4.1,5.75,12.42
2020-06-04,0.961,7.42,4.07,0.64,2.7
2020-06-05,0.933,5.35,4.07,0.05,1.23
2020-06-06,0.928,5.16,4.06,0.0,1.09
2020-06-07,0.927,5.14,4.06,0.0,1.08
2020-06-08,0.926,5.14,4.06,0.0,1.07
2020-06-09,0.925,5.14,4.06,0.0,1.07
2020-06-10,0.924,5.14,4.06,0.0,1.07
2020-06-11,0.923,5.13,4.06,0.0,1.07
2020-06-12,0.922,5.13,4.06,0.0,1.07
2020-06-13,0.921,5.13,4.06,0.0,1.07
2020-06-14,0.92,5.13,4.06,0.0,1.07
2020-06-15,0.919,5.13,4.06,0.0,1.07
2020-06-16,0.919,5.13,4.06,0.0,1.06
2020-06-17,0.918,5.13,4.06,0.0,1.06
2020-06-18,0.917,5.12,4.06,0.0,1.06
2020-06-19,0.916,5.12,4.06,0.0,1.06
2020-06-20,0.915,5.12,4.06,0.0,1.06
2020-06-21,0.914,5.12,4.06,0.0,1.06
2020-06-22,0.914,5.12,4.06,0.0,1.06
2020-06-23,0.913,5.12,4.06,0.0,1.05
2020-06-24,0.912,5.12,4.06,0.0,1.05
2020-06-25,0.911,5.12,4.06,0.0,1.05
2020-06-26,0.911,5.11,4.06,0.0,1.05
2020-06-27,0.91,5.11,4.06,0.0,1.05
2020-06-28,0.909,5.11,4.06,0.0,1.05
2020-06-29,0.908,5.11,4.06,0.0,1.05
2020-06-30,0.908,5.11,4.06,0.0,1.04
2020-07-01,0.907,5.11,4.06,0.0,1.04
2020-07-02,0.906,5.11,4.06,0.0,1.04
2020-07-03,0.906,5.1,4.06,0.0,1.04
2020-07-04,0.905,5.1,4.06,0.0,1.04
2020-07-05,0.904,5.1,4.06,0.0,1.04
2020-07-06,0.904,5.1,4.06,0.0,1.04
2020-07-07,0.903,5.1,4.06,0.0,1.04
2020-07-08,0.902,5.1,4.06,0.0,1.03
2020-07-09,0.902,5.1,4.06,0.0,1.03
2020-07-10,0.901,5.1,4.06,0.0,1.03
2020-07-11,0.901,5.1,4.06,0.0,1.03
2020-07-12,0.9,5.09,4.06,0.0,1.03
2020-07-13,0.899,5.09,4.06,0.0,1.03
2020-07-14,0.899,5.09,4.06,0.0,1.03
2020-07-15,0.898,5.09,4.06,0.0,1.03
2020-07-16,0.898,5.09,4.06,0.0,1.03
2020-07-17,0.897,5.09,4.06,0.0,1.03
2020-07-18,0.896,5.09,4.06,0.0,1.03
2020-07-19,0.896,5.09,4.06,0.0,1.02
2020-07-20,0.895,5.09,4.06,0.0,1.02
2020-07-21,0.895,5.09,4.06,0.0,1.02
2020-07-22,0.894,5.09,4.06,0.0,1.02
2020-07-23,0.894,5.09,4.06,0.0,1.02
2020-07-24,0.893,5.09,4.06,0.0,1.02
2020-07-25,0.89,5.09,4.06,0.0,1.02
2020-07-26,0.884,5.09,4.07,0.0,1.02
2020-07-27,0.875,5.09,4.07,0.0,1.02
2020-07-28,0.865,5.09,4.07,0.0,1.02
2020-07-29,0.855,5.08,4.07,0.0,1.02
2020-07-30,0.845,5.08,4.07,0.0,1.02
2020-07-31,0.836,5.08,4.07,0.0,1.02
2020-08-01,0.826,5.08,4.07,0.0,1.02
2020-08-02,0.817,5.08,4.07,0.0,1.02
2020-08-03,0.808,5.08,4.07,0.0,1.02
2020-08-04,0.799,5.08,4.07,0.0,1.02
2020-08-05,0.79,5.08,4.07,0.0,1.01
2020-08-06,0.781,5.08,4.07,0.0,1.01
2020-08-07,0.772,5.08,4.07,0.0,1.01
2020-08-08,0.763,5.08,4.07,0.0,1.01
2020-08-09,0.754,5.08,4.07,0.0,1.01
2020-08-10,0.746,5.08,4.07,0.0,1.01
2020-08-11,0.738,5.08,4.07,0.0,1.01
2020-08-12,0.729,5.08,4.07,0.0,1.01
2020-08-13,0.721,5.07,4.07,0.0,1.01
2020-08-14,0.713,5.07,4.07,0.0,1.01
2020-08-15,0.705,5.07,4.07,0.0,1.01
2020-08-16,0.697,5.07,4.07,0.0,1.01
2020-08-17,0.689,5.07,4.07,0.0,1.01
2020-08-18,0.681,5.07,4.07,0.0,1.01
2020-08-19,0.673,5.07,4.07,0.0,1.0
2020-08-20,0.666,5.07,4.07,0.0,1.0
2020-08-21,0.658,5.07,4.07,0.0,1.0
2020-08-22,0.651,5.07,4.07,0.0,1.0
2020-08-23,0.643,5.07,4.07,0.0,1.0
2020-08-24,0.636,5.07,4.07,0.0,1.0
2020-08-25,0.629,5.07,4.07,0.0,1.0
2020-08-26,0.622,5.06,4.07,0.0,1.0
2020-08-27,0.615,5.06,4.07,0.0,1.0
2020-08-28,0.608,5.06,4.07,0.0,1.0
2020-08-29,0.601,5.06,4.07,0.0,1.0
2020-08-30,0.594,5.06,4.07,0.0,1.0
2020-08-31,0.588,5.06,4.07,0.0,1.0
2020-09-01,0.581,5.06,4.07,0.0,0.99
2020-09-02,0.575,5.06,4.07,0.0,0.99
2020-09-03,0.568,5.06,4.07,0.0,0.99
2020-09-04,0.562,5.06,4.07,0.0,0.99
2020-09-05,0.555,5.06,4.07,0.0,0.99
2020-09-06,0.549,5.06,4.07,0.0,0.99
2020-09-07,0.543,5.06,4.07,0.0,0.99
2020-09-08,0.537,5.05,4.07,0.0,0.99
2020-09-09,0.531,5.05,4.07,0.0,0.99
2020-09-10,0.525,5.05,4.07,0.0,0.99
2020-09-11,0.519,5.05,4.07,0.0,0.99
2020-09-12,0.513,5.05,4.07,0.0,0.99
2020-09-13,0.507,5.05,4.07,0.0,0.98
2020-09-14,0.502,5.05,4.07,0.0,0.98
2020-09-15,0.496,5.05,4.07,0.0,0.98
2020-09-16,0.49,5.05,4.07,0.0,0.98
2020-09-17,0.485,5.05,4.07,0.0,0.98
2020-09-18,0.479,5.05,4.07,0.0,0.98
2020-09-19,0.474,5.04,4.07,0.0,0.98
2020-09-20,0.469,5.04,4.07,0.0,0.98
2020-09-21,0.463,5.04,4.07,0.0,0.98
2020-09-22,0.458,5.04,4.07,0.0,0.98
2020-09-23,0.453,5.04,4.07,0.0,0.98
2020-09-24,0.448,5.04,4.07,0.0,0.97
2020-09-25,0.443,5.04,4.07,0.0,0.97
2020-09-26,0.438,5.04,4.07,0.0,0.97
2020-09-27,0.433,5.04,4.07,0.0,0.97
2020-09-28,0.428,5.04,4.07,0.0,0.97
2020-09-29,0.423,5.04,4.07,0.0,0.97
2020-09-30,0.419,5.03,4.07,0.0,0.97
2020-10-01,0.414,5.03,4.07,0.0,0.97
2020-10-02,0.409,5.03,4.07,0.0,0.97
2020-10-03,0.405,5.03,4.07,0.0,0.97
2020-10-04,0.4,5.03,4.07,0.0,0.97
2020-10-05,0.396,5.03,4.07,0.0,0.96
2020-10-06,0.391,5.03,4.07,0.0,0.96
2020-10-07,0.387,5.03,4.07,0.0,0.96
2020-10-08,0.382,5.03,4.07,0.0,0.96
2020-10-09,0.378,5.03,4.07,0.0,0.96
2020-10-10,0.374,5.02,4.07,0.0,0.96
2020-10-11,0.37,5.02,4.07,0.0,0.96
2020-10-12,0.366,5.02,4.07,0.0,0.96
2020-10-13,0.361,5.02,4.07,0.0,0.96
2020-10-14,0.357,5.02,4.07,0.0,0.96
2020-10-15,0.353,5.02,4.07,0.0,0.95
2020-10-16,0.349,5.02,4.07,0.0,0.95
2020-10-17,0.345,5.02,4.07,0.0,0.95
2020-10-18,0.342,5.02,4.07,0.0,0.95
2020-10-19,0.338,5.02,4.07,0.0,0.95
2020-10-20,0.334,5.01,4.07,0.0,0.95
2020-10-21,0.33,5.01,4.07,0.0,0.95
2020-10-22,0.327,5.01,4.07,0.0,0.95
2020-10-23,0.323,5.01,4.07,0.0,0.95
2020-10-24,0.319,5.01,4.07,0.0,0.94
2020-10-25,0.316,5.01,4.07,0.0,0.94
2020-10-26,0.312,5.01,4.07,0.0,0.94
2020-10-27,0.309,5.01,4.07,0.0,0.94
2020-10-28,0.305,5.01,4.07,0.0,0.94
2020-10-29,0.302,5.0,4.07,0.0,0.94
2020-10-30,0.298,5.0,4.07,0.0,0.94
2020-10-31,0.295,5.0,4.07,0.0,0.94
2020-11-01,0.292,5.0,4.07,0.0,0.94
2020-11-02,0.288,5.0,4.07,0.0,0.93
2020-11-03,0.285,5.0,4.07,0.0,0.93
2020-11-04,0.282,5.0,4.07,0.0,0.93
2020-11-05,0.279,5.0,4.07,0.0,0.93
2020-11-06,0.276,5.0,4.07,0.0,0.93
2020-11-07,0.273,4.99,4.07,0.0,0.93
2020-11-08,0.27,4.99,4.07,0.0,0.93
2020-11-09,0.267,4.99,4.07,0.0,0.93
2020-11-10,0.264,4.99,4.07,0.0,0.93
2020-11-11,0.261,4.99,4.07,0.0,0.92
2020-11-12,0.258,4.99,4.07,0.0,0.92
2020-11-13,0.255,4.99,4.07,0.0,0.92
2020-11-14,0.409,15.62,3.88,0.28,11.46
2020-11-15,0.886,61.83,4.03,18.26,39.54
2020-11-16,0.641,41.97,4.17,4.69,33.11
2020-11-17,0.349,16.31,4.14,0.0,12.18
2020-11-18,1.758,47.14,3.67,17.33,26.15
2020-11-19,4.093,80.32,4.17,32.21,43.95
2020-11-20,1.906,61.72,4.21,23.25,34.26
2020-11-21,0.806,33.6,4.21,7.32,22.07
2020-11-22,0.367,12.61,4.17,0.0,8.43
2020-11-23,0.252,6.1,4.1,0.0,2.01
2020-11-24,0.23,5.08,4.07,0.0,1.01
2020-11-25,0.225,4.99,4.07,0.0,0.92
2020-11-26,0.222,4.98,4.07,0.0,0.92
2020-11-27,0.219,4.98,4.07,0.0,0.91
2020-11-28,0.216,4.98,4.07,0.0,0.91
2020-11-29,0.214,4.98,4.07,0.0,0.91
2020-11-30,0.212,4.98,4.07,0.0,0.91
2020-12-01,0.209,4.97,4.07,0.0,0.91
2020-12-02,0.207,4.97,4.07,0.0,0.9
2020-12-03,0.204,4.96,4.07,0.0,0.89
2020-12-04,0.202,4.95,4.07,0.0,0.89
2020-12-05,0.2,4.95,4.07,0.0,0.88
2020-12-06,0.198,4.94,4.07,0.0,0.88
2020-12-07,0.195,4.93,4.07,0.0,0.87
2020-12-08,0.193,4.93,4.07,0.0,0.86
2020-12-09,0.191,4.92,4.07,0.0,0.86
2020-12-10,0.189,4.92,4.07,0.0,0.85
2020-12-11,0.187,4.91,4.07,0.0,0.85
2020-12-12,1.985,58.33,3.73,21.17,33.44
2020-12-13,9.06,66.92,5.52,25.83,35.57
2020-12-14,12.876,118.69,7.15,47.82,63.72
2020-12-15,3.907,77.94,4.5,31.2,42.24
2020-12-16,1.504,53.35,4.22,18.77,30.35
2020-12-17,3.964,76.61,4.33,29.8,42.48
2020-12-18,5.372,102.19,4.91,41.22,56.07
2020-12-19,2.134,67.25,4.22,25.79,37.24
2020-12-20,0.873,38.24,4.21,9.4,24.62
2020-12-21,0.379,14.64,4.19,0.0,10.46
2020-12-22,0.236,6.61,4.11,0.0,2.5
2020-12-23,0.201,5.1,4.08,0.0,1.02
2020-12-24,0.189,4.93,4.07,0.0,0.86
2020-12-25,0.183,4.91,4.07,0.0,0.84
2020-12-26,0.179,4.9,4.07,0.0,0.83
2020-12-27,0.176,4.89,4.07,0.0,0.82
2020-12-28,0.173,4.88,4.07,0.0,0.81
2020-12-29,0.17,4.87,4.07,0.0,0.8
2020-12-30,0.167,4.86,4.07,0.0,0.79
2020-12-31,0.17,5.27,4.05,0.0,1.22
2021-01-01,0.172,5.63,4.08,0.0,1.55
2021-01-02,0.162,4.92,4.07,0.0,0.86
2021-01-03,0.158,4.84,4.07,0.0,0.77
2021-01-04,0.52,32.34,3.66,9.7,18.98
2021-01-05,3.439,124.09,3.98,50.95,69.17
2021-01-06,2.032,113.61,4.23,46.65,62.74
2021-01-07,0.769,59.71,4.23,15.23,40.26
2021-01-08,0.298,21.77,4.2,0.0,17.57
2021-01-09,0.176,7.66,4.11,0.0,3.55
2021-01-10,0.152,5.01,4.07,0.0,0.93
2021-01-11,0.145,4.8,4.07,0.0,0.74
2021-01-12,0.141,4.79,4.07,0.0,0.72
2021-01-13,0.139,4.78,4.07,0.0,0.72
2021-01-14,0.137,4.78,4.07,0.0,0.71
2021-01-15,0.135,4.77,4.07,0.0,0.71
2021-01-16,0.133,4.77,4.07,0.0,0.7
2021-01-17,0.131,4.76,4.07,0.0,0.7
2021-01-18,0.129,4.76,4.07,0.0,0.69
2021-01-19,0.127,4.75,4.07,0.0,0.69
2021-01-20,0.126,4.75,4.07,0.0,0.68
2021-01-21,0.124,4.74,4.07,0.0,0.68
2021-01-22,0.123,4.74,4.06,0.0,0.67
2021-01-23,0.123,4.85,4.06,0.0,0.78
2021-01-24,0.122,5.0,4.06,0.0,0.94
2021-01-25,0.245,15.31,4.0,0.1,11.21
2021-01-26,0.167,11.26,4.14,0.0,7.13
2021-01-27,14.752,203.12,7.45,83.78,111.89
2021-01-28,61.933,204.87,12.95,80.99,110.93
2021-01-29,35.351,174.06,11.54,69.31,93.22
2021-01-30,8.126,104.34,6.18,42.29,55.86
2021-01-31,3.059,60.45,4.18,23.58,32.68
2021-02-01,1.714,29.15,4.15,9.11,15.89
2021-02-02,1.379,13.21,3.99,2.99,6.23
2021-02-03,2.562,51.22,4.03,20.01,27.18
2021-02-04,1.89,43.29,4.15,16.32,22.82
2021-02-05,1.218,17.57,4.12,4.89,8.56
2021-02-06,0.952,7.59,4.1,0.78,2.71
2021-02-07,0.793,5.72,4.09,0.07,1.56
2021-02-08,0.696,5.51,4.08,0.0,1.43
2021-02-09,0.619,5.54,4.09,0.0,1.45
2021-02-10,0.517,5.59,4.09,0.0,1.49
2021-02-11,0.463,5.58,4.07,0.0,1.51
2021-02-12,2.49,101.15,3.82,41.58,55.76
2021-02-13,3.717,116.84,4.1,47.9,64.85
2021-02-14,3.015,62.14,4.11,23.4,34.63
2021-02-15,1.806,41.89,4.16,14.39,23.34
2021-02-16,1.472,36.38,4.06,12.44,19.88
2021-02-17,1.185,39.0,4.13,13.84,21.02
2021-02-18,0.75,16.56,4.14,2.63,9.79
2021-02-19,0.522,7.14,4.11,0.0,3.03
2021-02-20,0.432,5.69,4.08,0.0,1.61
2021-02-21,0.408,5.52,4.07,0.0,1.46
2021-02-22,0.395,5.52,4.07,0.0,1.45
2021-02-23,0.381,5.52,4.07,0.0,1.45
2021-02-24,0.36,5.55,4.08,0.0,1.47
2021-02-25,0.323,5.59,4.08,0.0,1.51
2021-02-26,0.291,5.64,4.08,0.0,1.56
2021-02-27,0.273,5.68,4.07,0.0,1.61
2021-02-28,0.266,5.69,4.07,0.0,1.63
2021-03-01,0.262,5.7,4.07,0.0,1.63
2021-03-02,0.259,5.69,4.07,0.0,1.63
2021-03-03,0.256,5.69,4.07,0.0,1.63
2021-03-04,0.253,5.69,4.07,0.0,1.62
2021-03-05,0.25,5.69,4.07,0.0,1.62
2021-03-06,0.548,19.73,3.71,4.31,11.72
2021-03-07,2.034,75.4,4.02,28.47,42.91
2021-03-08,1.295,63.53,4.2,21.52,37.81
2021-03-09,0.564,26.45,4.21,1.82,20.42
2021-03-10,2.511,44.91,3.91,16.49,24.5
2021-03-11,10.443,80.62,6.22,31.64,42.76
2021-03-12,4.275,68.7,4.63,27.26,36.8
2021-03-13,1.667,42.49,4.22,15.2,23.08
2021-03-14,0.743,19.71,4.19,3.22,12.3
2021-03-15,0.489,10.25,4.04,0.0,6.21
2021-03-16,0.696,21.56,4.04,0.03,17.49
2021-03-17,0.556,17.83,4.14,0.0,13.69
2021-03-18,0.382,9.11,4.05,0.0,5.06
2021-03-19,2.437,72.78,3.85,28.6,40.33
2021-03-20,2.695,80.12,4.17,31.54,44.41
2021-03-21,1.254,48.24,4.2,15.75,28.28
2021-03-22,0.586,18.8,4.18,1.1,13.52
2021-03-23,0.345,8.06,4.12,0.0,3.94
2021-03-24,0.275,5.77,4.09,0.0,1.68
2021-03-25,0.241,5.55,4.08,0.0,1.46
2021-03-26,0.223,5.55,4.07,0.0,1.48
2021-03-27,0.215,5.57,4.07,0.0,1.5
2021-03-28,0.21,5.58,4.07,0.0,1.51
2021-03-29,0.206,5.57,4.07,0.0,1.5
2021-03-30,0.203,5.56,4.07,0.0,1.49
2021-03-31,0.2,5.54,4.07,0.0,1.48
2021-04-01,0.198,5.53,4.07,0.0,1.47
2021-04-02,0.195,5.52,4.07,0.0,1.46
2021-04-03,0.193,5.51,4.07,0.0,1.45
2021-04-04,0.191,5.5,4.07,0.0,1.44
2021-04-05,0.189,5.49,4.07,0.0,1.43
2021-04-06,0.186,5.48,4.07,0.0,1.42
2021-04-07,0.184,5.47,4.07,0.0,1.41
2021-04-08,0.182,5.46,4.07,0.0,1.4
2021-04-09,0.18,5.45,4.07,0.0,1.39
2021-04-10,0.178,5.45,4.07,0.0,1.38
2021-04-11,0.176,5.44,4.07,0.0,1.37
2021-04-12,0.173,5.43,4.07,0.0,1.36
2021-04-13,0.171,5.42,4.07,0.0,1.35
2021-04-14,0.169,5.41,4.07,0.0,1.35
2021-04-15,0.167,5.4,4.07,0.0,1.34
2021-04-16,0.165,5.39,4.07,0.0,1.33
2021-04-17,0.163,5.39,4.07,0.0,1.32
2021-04-18,0.162,5.38,4.07,0.0,1.31
2021-04-19,0.16,5.37,4.07,0.0,1.31
2021-04-20,0.158,5.36,4.07,0.0,1.3
2021-04-21,0.156,5.36,4.07,0.0,1.29
2021-04-22,0.154,5.35,4.07,0.0,1.28
2021-04-23,0.152,5.33,4.07,0.0,1.27
2021-04-24,0.15,5.32,4.07,0.0,1.26
2021-04-25,0.149,5.31,4.07,0.0,1.25
2021-04-26,0.147,5.3,4.07,0.0,1.23
2021-04-27,0.145,5.29,4.07,0.0,1.22
2021-04-28,0.144,5.28,4.07,0.0,1.21
2021-04-29,0.142,5.27,4.07,0.0,1.2
2021-04-30,0.14,5.26,4.07,0.0,1.19
2021-05-01,0.139,5.25,4.07,0.0,1.18
2021-05-02,0.137,5.24,4.07,0.0,1.17
2021-05-03,0.135,5.23,4.07,0.0,1.16
2021-05-04,0.134,5.22,4.07,0.0,1.15
2021-05-05,0.132,5.21,4.07,0.0,1.14
2021-05-06,0.131,5.2,4.07,0.0,1.13
2021-05-07,0.129,5.19,4.07,0.0,1.12
2021-05-08,0.128,5.18,4.07,0.0,1.11
2021-05-09,0.126,5.17,4.07,0.0,1.1
2021-05-10,0.125,5.16,4.07,0.0,1.09
2021-05-11,0.123,5.14,4.07,0.0,1.08
2021-05-12,0.122,5.13,4.07,0.0,1.07
2021-05-13,0.12,5.12,4.07,0.0,1.05
2021-05-14,0.119,5.1,4.07,0.0,1.04
2021-05-15,0.118,5.09,4.07,0.0,1.03
2021-05-16,0.116,5.08,4.07,0.0,1.01
2021-05-17,0.115,5.06,4.07,0.0,1.0
2021-05-18,0.114,5.05,4.07,0.0,0.99
2021-05-19,0.112,5.04,4.07,0.0,0.97
2021-05-20,0.111,5.03,4.07,0.0,0.96
2021-05-21,0.11,5.02,4.07,0.0,0.95
2021-05-22,0.108,5.0,4.07,0.0,0.94
2021-05-23,0.107,4.99,4.07,0.0,0.93
2021-05-24,0.106,4.98,4.07,0.0,0.91
2021-05-25,0.105,4.96,4.07,0.0,0.89
2021-05-26,0.104,4.95,4.07,0.0,0.88
2021-05-27,0.102,4.93,4.07,0.0,0.87
2021-05-28,0.101,4.92,4.07,0.0,0.85
2021-05-29,0.1,4.9,4.07,0.0,0.84
2021-05-30,0.099,4.89,4.07,0.0,0.82
2021-05-31,0.098,4.88,4.07,0.0,0.81
2021-06-01,0.097,4.86,4.07,0.0,0.8
2021-06-02,0.095,4.85,4.07,0.0,0.79
2021-06-03,0.094,4.84,4.07,0.0,0.77
2021-06-04,0.093,4.83,4.07,0.0,0.76
2021-06-05,0.092,4.82,4.07,0.0,0.75
2021-06-06,0.091,4.8,4.07,0.0,0.74
2021-06-07,0.09,4.79,4.07,0.0,0.73
2021-06-08,0.089,4.78,4.07,0.0,0.72
2021-06-09,0.088,4.77,4.07,0.0,0.71
2021-06-10,0.087,4.76,4.07,0.0,0.7
2021-06-11,0.086,4.75,4.07,0.0,0.69
2021-06-12,0.085,4.74,4.07,0.0,0.68
2021-06-13,0.084,4.73,4.07,0.0,0.67
2021-06-14,0.083,4.72,4.07,0.0,0.66
2021-06-15,0.082,4.71,4.07,0.0,0.65
2021-06-16,0.081,4.71,4.07,0.0,0.64
2021-06-17,0.08,4.7,4.07,0.0,0.63
2021-06-18,0.079,4.69,4.07,0.0,0.62
2021-06-19,0.079,4.68,4.07,0.0,0.62
2021-06-20,0.078,4.67,4.07,0.0,0.61
2021-06-21,0.077,4.67,4.07,0.0,0.6
2021-06-22,0.076,4.66,4.07,0.0,0.59
2021-06-23,0.075,4.65,4.07,0.0,0.58
2021-06-24,0.074,4.64,4.07,0.0,0.58
2021-06-25,0.073,4.64,4.07,0.0,0.57
2021-06-26,0.073,4.63,4.07,0.0,0.56
2021-06-27,0.072,4.62,4.07,0.0,0.56
2021-06-28,0.071,4.62,4.07,0.0,0.55
2021-06-29,0.07,4.61,4.07,0.0,0.54
2021-06-30,0.069,4.6,4.07,0.0,0.54
2021-07-01,0.069,4.6,4.07,0.0,0.53
2021-07-02,0.068,4.59,4.07,0.0,0.52
2021-07-03,0.067,4.58,4.07,0.0,0.52
2021-07-04,0.066,4.58,4.07,0.0,0.51
2021-07-05,0.065,4.57,4.07,0.0,0.51
2021-07-06,0.065,4.57,4.07,0.0,0.5
2021-07-07,0.064,4.56,4.07,0.0,0.49
2021-07-08,0.063,4.55,4.07,0.0,0.49
2021-07-09,0.063,4.55,4.07,0.0,0.48
2021-07-10,0.062,4.54,4.07,0.0,0.48
2021-07-11,0.061,4.54,4.07,0.0,0.47
2021-07-12,0.061,4.53,4.07,0.0,0.47
2021-07-13,0.06,4.53,4.07,0.0,0.46
2021-07-14,0.059,4.52,4.07,0.0,0.46
2021-07-15,0.059,4.52,4.07,0.0,0.45
2021-07-16,0.058,4.51,4.07,0.0,0.45
2021-07-17,0.057,4.51,4.07,0.0,0.44
2021-07-18,0.057,4.5,4.07,0.0,0.44
2021-07-19,0.056,4.5,4.07,0.0,0.43
2021-07-20,0.055,4.5,4.07,0.0,0.43
2021-07-21,0.055,4.49,4.07,0.0,0.43
2021-07-22,0.054,4.49,4.07,0.0,0.42
2021-07-23,0.054,4.48,4.07,0.0,0.42
2021-07-24,0.053,4.48,4.07,0.0,0.41
2021-07-25,0.052,4.47,4.07,0.0,0.41
2021-07-26,0.052,4.47,4.07,0.0,0.4
2021-07-27,0.051,4.47,4.07,0.0,0.4
2021-07-28,0.051,4.46,4.07,0.0,0.4
2021-07-29,0.05,4.46,4.07,0.0,0.39
2021-07-30,0.05,4.45,4.07,0.0,0.39
2021-07-31,0.049,4.45,4.07,0.0,0.38
2021-08-01,0.049,4.45,4.07,0.0,0.38
2021-08-02,0.048,4.44,4.07,0.0,0.38
2021-08-03,0.048,4.44,4.07,0.0,0.37
2021-08-04,0.047,4.44,4.07,0.0,0.37
2021-08-05,0.047,4.43,4.07,0.0,0.37
2021-08-06,0.046,4.43,4.07,0.0,0.36
2021-08-07,0.046,4.42,4.07,0.0,0.36
2021-08-08,0.045,4.42,4.07,0.0,0.36
2021-08-09,0.045,4.42,4.07,0.0,0.35
2021-08-10,0.044,4.41,4.07,0.0,0.35
2021-08-11,0.044,4.41,4.07,0.0,0.35
2021-08-12,0.043,4.41,4.07,0.0,0.34
2021-08-13,0.043,4.41,4.07,0.0,0.34
2021-08-14,0.042,4.4,4.07,0.0,0.34
2021-08-15,0.042,4.4,4.07,0.0,0.33
2021-08-16,0.041,4.4,4.07,0.0,0.33
2021-08-17,0.041,4.39,4.07,0.0,0.33
2021-08-18,0.041,4.39,4.07,0.0,0.32
2021-08-19,0.04,4.39,4.07,0.0,0.32
2021-08-20,0.04,4.38,4.07,0.0,0.32
2021-08-21,0.039,4.38,4.07,0.0,0.32
2021-08-22,0.039,4.38,4.07,0.0,0.31
2021-08-23,0.038,4.38,4.07,0.0,0.31
2021-08-24,0.038,4.37,4.07,0.0,0.31
2021-08-25,0.038,4.37,4.07,0.0,0.3
2021-08-26,0.037,4.37,4.07,0.0,0.3
2021-08-27,0.037,4.36,4.07,0.0,0.3
2021-08-28,0.036,4.36,4.07,0.0,0.3
2021-08-29,0.036,4.36,4.07,0.0,0.29
2021-08-30,0.036,4.36,4.07,0.0,0.29
2021-08-31,0.035,4.35,4.07,0.0,0.29
2021-09-01,0.035,4.35,4.07,0.0,0.29
2021-09-02,0.035,4.35,4.07,0.0,0.28
2021-09-03,0.034,4.35,4.07,0.0,0.28
2021-09-04,0.034,4.34,4.07,0.0,0.28
2021-09-05,0.034,4.34,4.07,0.0,0.28
2021-09-06,0.033,4.34,4.07,0.0,0.27
2021-09-07,0.033,4.34,4.07,0.0,0.27
2021-09-08,0.033,4.33,4.07,0.0,0.27
2021-09-09,0.032,4.33,4.07,0.0,0.27
2021-09-10,0.032,4.33,4.07,0.0,0.26
2021-09-11,0.032,4.33,4.07,0.0,0.26
2021-09-12,0.031,4.33,4.07,0.0,0.26
2021-09-13,0.031,4.32,4.07,0.0,0.26
2021-09-14,0.031,4.32,4.07,0.0,0.26
2021-09-15,0.03,4.32,4.07,0.0,0.25
2021-09-16,0.03,4.32,4.07,0.0,0.25
2021-09-17,0.03,4.31,4.07,0.0,0.25
2021-09-18,0.029,4.31,4.07,0.0,0.25
2021-09-19,0.029,4.31,4.07,0.0,0.25
2021-09-20,0.029,4.31,4.07,0.0,0.24
2021-09-21,0.028,4.31,4.07,0.0,0.24
2021-09-22,0.028,4.3,4.07,0.0,0.24
2021-09-23,0.028,4.3,4.07,0.0,0.24
2021-09-24,0.028,4.3,4.07,0.0,0.23
2021-09-25,0.027,4.3,4.07,0.0,0.23
2021-09-26,0.027,4.3,4.07,0.0,0.23
2021-09-27,0.027,4.29,4.07,0.0,0.23
2021-09-28,0.026,4.29,4.07,0.0,0.23
2021-09-29,0.026,4.29,4.07,0.0,0.22
2021-09-30,0.026,4.29,4.07,0.0,0.22
2021-10-01,0.026,4.29,4.07,0.0,0.22
2021-10-02,0.025,4.28,4.07,0.0,0.22
2021-10-03,0.025,4.28,4.07,0.0,0.22
2021-10-04,0.025,4.28,4.07,0.0,0.22
2021-10-05,0.025,4.28,4.07,0.0,0.21
2021-10-06,0.024,4.28,4.07,0.0,0.21
2021-10-07,0.024,4.28,4.07,0.0,0.21
2021-10-08,0.024,4.27,4.07,0.0,0.21
2021-10-09,0.024,4.27,4.07,0.0,0.21
2021-10-10,0.023,4.27,4.07,0.0,0.2
2021-10-11,0.023,4.27,4.07,0.0,0.2
2021-10-12,0.023,4.27,4.07,0.0,0.2
2021-10-13,0.023,4.26,4.07,0.0,0.2
2021-10-14,0.023,4.26,4.07,0.0,0.2
2021-10-15,0.022,4.26,4.07,0.0,0.2
2021-10-16,0.022,4.26,4.07,0.0,0.19
2021-10-17,0.022,4.26,4.07,0.0,0.19
2021-10-18,0.022,4.26,4.07,0.0,0.19
2021-10-19,0.021,4.25,4.07,0.0,0.19
2021-10-20,0.022,4.22,4.03,0.0,0.19
2021-10-21,3.0,56.42,3.99,21.01,31.42
2021-10-22,7.128,76.03,5.13,29.72,41.18
2021-10-23,6.241,105.76,5.12,42.6,58.05
2021-10-24,43.263,223.99,11.67,89.92,122.41
2021-10-25,127.973,620.35,18.89,247.69,353.76
2021-10-26,20.583,318.01,10.07,128.42,179.53
2021-10-27,4.755,174.31,4.71,69.95,99.65
2021-10-28,2.42,91.86,4.16,33.08,54.63
2021-10-29,1.563,33.89,4.12,9.53,20.24
2021-10-30,1.197,11.29,4.1,1.9,5.29
2021-10-31,1.011,6.5,4.09,0.51,1.9
2021-11-01,0.853,5.53,4.09,0.11,1.33
2021-11-02,0.736,5.33,4.08,0.01,1.25
2021-11-03,0.68,5.31,4.08,0.0,1.24
2021-11-04,0.621,5.33,4.08,0.0,1.25
2021-11-05,0.537,5.34,4.09,0.0,1.25
2021-11-06,0.471,5.33,4.08,0.0,1.25
2021-11-07,0.413,5.36,4.09,0.0,1.27
2021-11-08,0.352,5.38,4.09,0.0,1.29
2021-11-09,1.691,114.99,3.56,47.44,64.0
2021-11-10,5.594,237.49,4.76,99.81,132.92
2021-11-11,2.515,159.83,4.21,65.84,89.78
2021-11-12,1.119,86.51,4.19,30.72,51.6
2021-11-13,0.577,24.78,4.16,0.93,19.69
2021-11-14,0.389,8.65,4.11,0.0,4.54
2021-11-15,0.315,5.75,4.09,0.0,1.66
2021-11-16,0.263,5.47,4.1,0.0,1.37
2021-11-17,0.217,5.47,4.09,0.0,1.38
2021-11-18,0.189,5.44,4.08,0.0,1.36
2021-11-19,0.17,5.4,4.08,0.0,1.32
2021-11-20,0.149,5.34,4.08,0.0,1.26
2021-11-21,0.136,5.28,4.08,0.0,1.2
2021-11-22,0.123,5.24,4.09,0.0,1.15
2021-11-23,0.101,5.11,4.1,0.0,1.01
2021-11-24,0.089,5.01,4.08,0.0,0.93
2021-11-25,0.08,4.99,4.08,0.0,0.9
2021-11-26,0.07,4.96,4.09,0.0,0.87
2021-11-27,0.062,4.95,4.08,0.0,0.87
2021-11-28,0.058,4.94,4.07,0.0,0.87
2021-11-29,0.054,4.95,4.08,0.0,0.87
2021-11-30,0.05,4.95,4.07,0.0,0.88
2021-12-01,0.047,4.96,4.07,0.0,0.88
2021-12-02,0.045,4.96,4.07,0.0,0.89
2021-12-03,0.044,4.96,4.07,0.0,0.89
2021-12-04,0.043,4.95,4.07,0.0,0.89
2021-12-05,0.042,4.95,4.07,0.0,0.88
2021-12-06,0.042,4.94,4.07,0.0,0.88
2021-12-07,0.041,4.94,4.07,0.0,0.87
2021-12-08,0.041,4.93,4.07,0.0,0.86
2021-12-09,0.04,4.92,4.06,0.0,0.86
2021-12-10,0.04,4.98,4.06,0.0,0.92
2021-12-11,0.042,5.08,4.06,0.0,1.03
2021-12-12,0.042,4.98,4.07,0.0,0.91
2021-12-13,14.476,107.28,7.34,42.31,57.63
2021-12-14,53.957,236.84,13.09,95.12,128.63
2021-12-15,10.96,120.13,7.26,48.37,64.5
2021-12-16,14.098,112.13,6.84,44.73,60.56
2021-12-17,8.694,108.22,6.2,43.5,58.52
2021-12-18,3.725,50.71,4.16,19.27,27.28
2021-12-19,2.545,20.76,4.11,6.52,10.12
2021-12-20,2.08,8.79,4.09,1.68,3.03
2021-12-21,1.795,6.27,4.09,0.74,1.44
2021-12-22,7.113,58.96,5.34,22.84,30.78
2021-12-23,30.875,144.5,9.67,57.65,77.17
2021-12-24,26.724,170.36,9.66,69.11,91.6
2021-12-25,20.339,76.57,7.87,29.49,39.21
2021-12-26,28.75,144.08,9.81,57.87,76.4
2021-12-27,34.993,119.73,10.2,46.93,62.6
2021-12-28,24.089,133.21,9.55,53.28,70.38
2021-12-29,17.11,33.18,7.41,11.08,14.69
2021-12-30,16.355,27.09,7.53,8.4,11.15
2021-12-31,12.279,11.3,6.6,1.99,2.72
2022-01-01,10.655,8.4,6.25,0.88,1.28
2022-01-02,9.363,7.87,5.93,0.78,1.16
2022-01-03,8.324,7.54,5.63,0.77,1.15
2022-01-04,7.88,7.58,5.44,0.85,1.29
2022-01-05,7.762,14.36,5.48,3.77,5.12
2022-01-06,6.34,9.85,4.94,2.05,2.85
2022-01-07,5.562,6.81,4.58,0.89,1.34
2022-01-08,5.06,6.24,4.34,0.74,1.16
2022-01-09,4.464,5.96,4.1,0.72,1.14
2022-01-10,3.89,5.91,4.09,0.68,1.14
2022-01-11,3.389,5.87,4.09,0.65,1.14
2022-01-12,2.979,5.83,4.09,0.61,1.14
2022-01-13,2.638,5.79,4.08,0.57,1.14
2022-01-14,2.372,5.74,4.08,0.52,1.14
2022-01-15,2.112,5.67,4.08,0.44,1.14
2022-01-16,1.862,5.52,4.09,0.3,1.14
2022-01-17,1.638,5.37,4.08,0.15,1.13
2022-01-18,1.466,5.3,4.08,0.08,1.13
2022-01-19,1.361,5.28,4.07,0.07,1.13
2022-01-20,1.293,5.28,4.07,0.07,1.13
2022-01-21,1.21,5.27,4.08,0.06,1.13
2022-01-22,1.068,5.27,4.09,0.04,1.14
2022-01-23,0.857,5.23,4.1,0.01,1.12
2022-01-24,0.758,5.17,4.07,0.0,1.1
2022-01-25,0.735,5.17,4.07,0.0,1.1
2022-01-26,0.706,5.17,4.07,0.0,1.1
2022-01-27,0.667,5.17,4.07,0.0,1.1
2022-01-28,0.629,5.18,4.07,0.0,1.11
2022-01-29,0.597,5.2,4.07,0.0,1.13
2022-01-30,0.573,5.21,4.07,0.0,1.14
2022-01-31,0.557,5.22,4.07,0.0,1.15
2022-02-01,0.547,5.22,4.07,0.0,1.15
2022-02-02,0.539,5.22,4.07,0.0,1.16
2022-02-03,0.532,5.22,4.07,0.0,1.16
2022-02-04,0.526,5.22,4.07,0.0,1.16
2022-02-05,0.519,5.22,4.07,0.0,1.16
2022-02-06,0.513,5.22,4.07,0.0,1.16
2022-02-07,0.506,5.22,4.07,0.0,1.16
2022-02-08,0.5,5.22,4.07,0.0,1.16
2022-02-09,0.494,5.22,4.07,0.0,1.15
2022-02-10,0.488,5.22,4.07,0.0,1.15
2022-02-11,0.482,5.22,4.07,0.0,1.15
2022-02-12,0.476,5.22,4.07,0.0,1.15
2022-02-13,0.47,5.22,4.07,0.0,1.15
2022-02-14,0.464,5.22,4.07,0.0,1.15
2022-02-15,0.459,5.22,4.07,0.0,1.15
2022-02-16,0.453,5.22,4.07,0.0,1.15
2022-02-17,0.447,5.22,4.07,0.0,1.15
2022-02-18,0.442,5.22,4.07,0.0,1.15
2022-02-19,0.436,5.22,4.07,0.0,1.15
2022-02-20,0.431,5.22,4.07,0.0,1.15
2022-02-21,0.426,5.22,4.07,0.0,1.15
2022-02-22,0.421,5.22,4.07,0.0,1.15
2022-02-23,0.415,5.22,4.07,0.0,1.15
2022-02-24,0.41,5.22,4.07,0.0,1.15
2022-02-25,0.405,5.21,4.07,0.0,1.15
2022-02-26,0.4,5.21,4.07,0.0,1.15
2022-02-27,0.396,5.21,4.07,0.0,1.15
2022-02-28,0.391,5.21,4.07,0.0,1.15
2022-03-01,0.386,5.21,4.07,0.0,1.15
2022-03-02,0.381,5.21,4.07,0.0,1.15
2022-03-03,0.377,5.21,4.07,0.0,1.15
2022-03-04,0.372,5.21,4.07,0.0,1.15
2022-03-05,0.368,5.21,4.07,0.0,1.15
2022-03-06,0.363,5.21,4.07,0.0,1.14
2022-03-07,0.359,5.21,4.07,0.0,1.14
2022-03-08,0.354,5.21,4.07,0.0,1.14
2022-03-09,0.35,5.21,4.07,0.0,1.14
2022-03-10,0.346,5.21,4.07,0.0,1.14
2022-03-11,0.342,5.21,4.07,0.0,1.14
2022-03-12,0.338,5.21,4.07,0.0,1.14
2022-03-13,0.333,5.21,4.07,0.0,1.14
2022-03-14,0.329,5.2,4.07,0.0,1.14
2022-03-15,0.325,5.2,4.07,0.0,1.14
2022-03-16,0.322,5.2,4.07,0.0,1.14
2022-03-17,0.318,5.2,4.07,0.0,1.14
2022-03-18,0.314,5.2,4.07,0.0,1.14
2022-03-19,0.31,5.2,4.07,0.0,1.14
2022-03-20,0.306,5.2,4.07,0.0,1.13
2022-03-21,0.303,5.2,4.07,0.0,1.13
2022-03-22,0.299,5.2,4.07,0.0,1.13
2022-03-23,0.295,5.2,4.07,0.0,1.13
2022-03-24,0.292,5.2,4.07,0.0,1.13
2022-03-25,0.288,5.2,4.07,0.0,1.13
2022-03-26,0.285,5.19,4.07,0.0,1.13
2022-03-27,0.282,5.19,4.07,0.0,1.13
2022-03-28,3.661,94.45,4.32,37.85,52.27
2022-03-29,6.343,149.49,5.25,61.77,82.47
2022-03-30,2.572,85.66,4.21,34.02,47.44
2022-03-31,1.119,46.6,4.2,14.61,27.79
2022-04-01,0.546,15.93,4.17,0.34,11.42
2022-04-02,0.351,7.03,4.11,0.0,2.92
2022-04-03,0.294,5.35,4.08,0.0,1.27
2022-04-04,0.271,5.19,4.07,0.0,1.11
2022-04-05,0.26,5.18,4.07,0.0,1.11
2022-04-06,0.254,5.18,4.07,0.0,1.12
2022-04-07,0.25,5.18,4.07,0.0,1.12
2022-04-08,0.246,5.18,4.07,0.0,1.12
2022-04-09,0.243,5.18,4.07,0.0,1.12
2022-04-10,0.24,5.18,4.07,0.0,1.12
2022-04-11,0.257,5.49,3.99,0.0,1.5
2022-04-12,0.747,52.42,3.91,13.04,35.46
2022-04-13,0.879,73.92,4.13,22.76,47.03
2022-04-14,0.468,30.93,4.18,0.06,26.69
2022-04-15,0.504,19.94,3.83,2.68,13.43
2022-04-16,3.054,70.61,3.91,28.07,38.63
2022-04-17,3.522,83.89,4.12,33.59,46.19
2022-04-18,1.857,79.43,4.2,30.42,44.82
2022-04-19,0.883,45.35,4.14,10.72,30.49
2022-04-20,1.217,43.3,3.99,13.61,25.7
2022-04-21,5.278,80.26,4.75,31.82,43.68
2022-04-22,8.862,116.38,5.85,47.33,63.2
2022-04-23,5.49,80.5,4.94,32.1,43.47
2022-04-24,2.226,54.12,4.22,20.45,29.45
2022-04-25,0.939,30.5,4.2,7.89,18.4
2022-04-26,0.43,11.88,4.18,0.0,7.7
2022-04-27,0.266,6.33,4.11,0.0,2.22
2022-04-28,0.223,5.26,4.08,0.0,1.18
2022-04-29,0.208,5.16,4.07,0.0,1.09
2022-04-30,0.201,5.14,4.07,0.0,1.07
2022-05-01,0.195,5.12,4.07,0.0,1.06
2022-05-02,0.191,5.11,4.07,0.0,1.05
2022-05-03,0.188,5.1,4.07,0.0,1.04
2022-05-04,0.185,5.1,4.07,0.0,1.03
2022-05-05,0.183,5.09,4.07,0.0,1.02
2022-05-06,0.18,5.08,4.07,0.0,1.01
2022-05-07,0.178,5.07,4.07,0.0,1.01
2022-05-08,0.176,5.07,4.07,0.0,1.0
2022-05-09,0.174,5.06,4.07,0.0,0.99
2022-05-10,0.172,5.05,4.07,0.0,0.99
2022-05-11,0.17,5.05,4.07,0.0,0.98
2022-05-12,0.168,5.04,4.07,0.0,0.98
2022-05-13,0.166,5.03,4.07,0.0,0.97
2022-05-14,0.164,5.03,4.07,0.0,0.96
2022-05-15,0.162,5.02,4.07,0.0,0.96
2022-05-16,0.16,5.02,4.07,0.0,0.95
2022-05-17,0.158,5.01,4.07,0.0,0.94
2022-05-18,0.156,5.0,4.07,0.0,0.94
2022-05-19,0.154,4.99,4.07,0.0,0.93
2022-05-20,0.152,4.98,4.07,0.0,0.92
2022-05-21,0.151,4.98,4.07,0.0,0.91
2022-05-22,0.149,4.97,4.07,0.0,0.9
2022-05-23,0.147,4.96,4.07,0.0,0.89
2022-05-24,0.145,4.95,4.07,0.0,0.89
2022-05-25,0.144,4.94,4.07,0.0,0.88
2022-05-26,0.142,4.94,4.07,0.0,0.87
2022-05-27,0.14,4.93,4.07,0.0,0.86
2022-05-28,0.139,4.92,4.07,0.0,0.86
2022-05-29,0.137,4.91,4.07,0.0,0.85
2022-05-30,0.136,4.91,4.07,0.0,0.84
2022-05-31,0.134,4.9,4.07,0.0,0.83
2022-06-01,0.132,4.89,4.07,0.0,0.83
2022-06-02,0.131,4.89,4.07,0.0,0.82
2022-06-03,0.129,4.88,4.07,0.0,0.81
2022-06-04,0.128,4.87,4.07,0.0,0.81
2022-06-05,0.126,4.86,4.07,0.0,0.8
2022-06-06,0.125,4.85,4.07,0.0,0.79
2022-06-07,0.123,4.85,4.07,0.0,0.78
2022-06-08,0.122,4.84,4.07,0.0,0.77
2022-06-09,0.121,4.83,4.07,0.0,0.76
2022-06-10,0.119,4.82,4.07,0.0,0.75
2022-06-11,0.118,4.81,4.07,0.0,0.74
2022-06-12,0.116,4.8,4.07,0.0,0.73
2022-06-13,0.115,4.79,4.07,0.0,0.72
2022-06-14,0.114,4.78,4.07,0.0,0.72
2022-06-15,0.112,4.77,4.07,0.0,0.71
2022-06-16,0.111,4.76,4.07,0.0,0.7
2022-06-17,0.11,4.75,4.07,0.0,0.69
2022-06-18,0.109,4.74,4.07,0.0,0.68
2022-06-19,0.107,4.73,4.07,0.0,0.66
2022-06-20,0.106,4.72,4.07,0.0,0.65
2022-06-21,0.105,4.71,4.07,0.0,0.64
2022-06-22,0.104,4.7,4.07,0.0,0.63
2022-06-23,0.103,4.69,4.07,0.0,0.62
2022-06-24,0.101,4.68,4.07,0.0,0.61
2022-06-25,0.1,4.67,4.07,0.0,0.6
2022-06-26,0.099,4.66,4.07,0.0,0.59
2022-06-27,0.098,4.65,4.07,0.0,0.58
2022-06-28,0.097,4.64,4.07,0.0,0.57
2022-06-29,0.096,4.63,4.07,0.0,0.56
2022-06-30,0.095,4.62,4.07,0.0,0.56
2022-07-01,0.093,4.61,4.07,0.0,0.55
2022-07-02,0.092,4.6,4.07,0.0,0.54
2022-07-03,0.091,4.6,4.07,0.0,0.53
2022-07-04,0.09,4.59,4.07,0.0,0.52
2022-07-05,0.089,4.58,4.07,0.0,0.52
2022-07-06,0.088,4.57,4.07,0.0,0.51
2022-07-07,0.087,4.57,4.07,0.0,0.5
2022-07-08,0.086,4.56,4.07,0.0,0.49
2022-07-09,0.085,4.55,4.07,0.0,0.49
2022-07-10,0.084,4.55,4.07,0.0,0.48
2022-07-11,0.083,4.54,4.07,0.0,0.47
2022-07-12,0.082,4.53,4.07,0.0,0.47
2022-07-13,0.081,4.53,4.07,0.0,0.46
2022-07-14,0.081,4.52,4.07,0.0,0.46
2022-07-15,0.08,4.51,4.07,0.0,0.45
2022-07-16,0.079,4.51,4.07,0.0,0.44
2022-07-17,0.078,4.5,4.07,0.0,0.44
2022-07-18,0.077,4.5,4.07,0.0,0.43
2022-07-19,0.076,4.49,4.07,0.0,0.43
2022-07-20,0.075,4.49,4.07,0.0,0.42
2022-07-21,0.074,4.48,4.07,0.0,0.42
2022-07-22,0.074,4.48,4.07,0.0,0.41
2022-07-23,0.073,4.47,4.07,0.0,0.41
2022-07-24,0.072,4.47,4.07,0.0,0.4
2022-07-25,0.071,4.46,4.07,0.0,0.4
2022-07-26,0.07,4.46,4.07,0.0,0.39
2022-07-27,0.069,4.45,4.07,0.0,0.39
2022-07-28,0.069,4.45,4.07,0.0,0.38
2022-07-29,0.068,4.44,4.07,0.0,0.38
2022-07-30,0.067,4.44,4.07,0.0,0.37
2022-07-31,0.066,4.43,4.07,0.0,0.37
2022-08-01,0.066,4.43,4.07,0.0,0.36
2022-08-02,0.065,4.43,4.07,0.0,0.36
2022-08-03,0.064,4.42,4.07,0.0,0.36
2022-08-04,0.063,4.42,4.07,0.0,0.35
2022-08-05,0.063,4.41,4.07,0.0,0.35
2022-08-06,0.062,4.41,4.07,0.0,0.35
2022-08-07,0.061,4.41,4.07,0.0,0.34
2022-08-08,0.061,4.4,4.07,0.0,0.34
2022-08-09,0.06,4.4,4.07,0.0,0.33
2022-08-10,0.059,4.4,4.07,0.0,0.33
2022-08-11,0.059,4.39,4.07,0.0,0.33
2022-08-12,0.058,4.39,4.07,0.0,0.32
2022-08-13,0.057,4.39,4.07,0.0,0.32
2022-08-14,0.057,4.38,4.07,0.0,0.32
2022-08-15,0.056,4.38,4.07,0.0,0.31
2022-08-16,0.056,4.38,4.07,0.0,0.31
2022-08-17,0.055,4.37,4.07,0.0,0.31
2022-08-18,0.054,4.37,4.07,0.0,0.3
2022-08-19,0.054,4.37,4.07,0.0,0.3
2022-08-20,0.053,4.36,4.07,0.0,0.3
2022-08-21,0.053,4.36,4.07,0.0,0.29
2022-08-22,0.052,4.36,4.07,0.0,0.29
2022-08-23,0.052,4.35,4.07,0.0,0.29
2022-08-24,0.051,4.35,4.07,0.0,0.29
2022-08-25,0.05,4.35,4.07,0.0,0.28
2022-08-26,0.05,4.35,4.07,0.0,0.28
2022-08-27,0.049,4.34,4.07,0.0,0.28
2022-08-28,0.049,4.34,4.07,0.0,0.27
2022-08-29,0.048,4.34,4.07,0.0,0.27
2022-08-30,0.048,4.33,4.07,0.0,0.27
2022-08-31,0.047,4.33,4.07,0.0,0.27
2022-09-01,0.047,4.33,4.07,0.0,0.26
2022-09-02,0.046,4.33,4.07,0.0,0.26
2022-09-03,0.046,4.32,4.07,0.0,0.26
2022-09-04,0.045,4.32,4.07,0.0,0.26
2022-09-05,0.045,4.32,4.07,0.0,0.25
2022-09-06,0.044,4.32,4.07,0.0,0.25
2022-09-07,0.044,4.31,4.07,0.0,0.25
2022-09-08,0.043,4.31,4.07,0.0,0.25
2022-09-09,0.043,4.31,4.07,0.0,0.24
2022-09-10,0.042,4.31,4.07,0.0,0.24
2022-09-11,0.042,4.31,4.07,0.0,0.24
2022-09-12,0.042,4.3,4.07,0.0,0.24
2022-09-13,0.041,4.3,4.07,0.0,0.24
2022-09-14,0.041,4.3,4.07,0.0,0.23
2022-09-15,0.04,4.3,4.07,0.0,0.23
2022-09-16,0.04,4.3,4.07,0.0,0.23
2022-09-17,0.039,4.29,4.07,0.0,0.23
2022-09-18,0.26,48.12,3.3,14.87,29.95
2022-09-19,2.541,88.23,3.91,32.75,51.57
2022-09-20,2.455,107.89,4.2,43.43,60.27
2022-09-21,0.938,69.11,4.25,20.89,43.98
2022-09-22,0.28,32.57,4.29,0.0,28.28
2022-09-23,0.085,12.13,4.23,0.0,7.9
2022-09-24,0.047,4.85,4.12,0.0,0.74
2022-09-25,0.04,4.32,4.08,0.0,0.24
2022-09-26,0.038,4.29,4.07,0.0,0.22
2022-09-27,0.037,4.29,4.07,0.0,0.22
2022-09-28,0.037,4.28,4.07,0.0,0.21
2022-09-29,0.036,4.28,4.07,0.0,0.21
2022-09-30,0.036,4.27,4.07,0.0,0.21
2022-10-01,0.035,4.27,4.07,0.0,0.2
2022-10-02,0.035,4.27,4.07,0.0,0.2
2022-10-03,0.034,4.27,4.07,0.0,0.2
2022-10-04,0.034,4.26,4.07,0.0,0.2
2022-10-05,0.034,4.26,4.07,0.0,0.2
2022-10-06,0.033,4.26,4.07,0.0,0.19
2022-10-07,0.033,4.26,4.07,0.0,0.19
2022-10-08,0.032,4.26,4.07,0.0,0.19
2022-10-09,0.032,4.25,4.07,0.0,0.19
2022-10-10,0.032,4.25,4.07,0.0,0.19
2022-10-11,0.031,4.25,4.07,0.0,0.19
2022-10-12,0.031,4.25,4.07,0.0,0.18
2022-10-13,0.031,4.25,4.07,0.0,0.18
2022-10-14,0.03,4.25,4.07,0.0,0.18
2022-10-15,0.03,4.25,4.07,0.0,0.18
2022-10-16,0.03,4.24,4.07,0.0,0.18
2022-10-17,0.03,4.24,4.07,0.0,0.18
2022-10-18,0.029,4.24,4.07,0.0,0.18
2022-10-19,0.029,4.24,4.07,0.0,0.17
2022-10-20,0.029,4.24,4.07,0.0,0.17
2022-10-21,0.028,4.24,4.07,0.0,0.17
2022-10-22,0.028,4.24,4.07,0.0,0.17
2022-10-23,0.028,4.23,4.07,0.0,0.17
2022-10-24,0.027,4.23,4.07,0.0,0.17
2022-10-25,0.027,4.23,4.07,0.0,0.17
2022-10-26,0.027,4.23,4.07,0.0,0.16
2022-10-27,0.027,4.23,4.07,0.0,0.16
2022-10-28,0.026,4.23,4.07,0.0,0.16
2022-10-29,0.026,4.23,4.07,0.0,0.16
2022-10-30,0.026,4.22,4.07,0.0,0.16
2022-10-31,0.026,4.22,4.07,0.0,0.16
2022-11-01,0.447,89.03,3.68,29.67,55.67
2022-11-02,2.314,110.55,3.93,40.49,66.14
2022-11-03,2.451,114.23,4.13,44.61,65.48
2022-11-04,1.334,79.42,4.2,27.83,47.39
2022-11-05,0.505,40.18,4.27,2.94,32.98
2022-11-06,0.14,20.79,4.29,0.0,16.5
2022-11-07,0.047,6.79,4.2,0.0,2.6
2022-11-08,39.469,360.99,11.98,147.34,201.67
2022-11-09,24.762,309.86,10.49,127.7,171.67
2022-11-10,5.249,141.15,5.12,57.88,78.15
2022-11-11,1.892,97.55,4.23,35.87,57.45
2022-11-12,0.749,53.34,4.22,9.39,39.73
2022-11-13,0.309,21.09,4.2,0.0,16.89
2022-11-14,0.173,8.01,4.14,0.0,3.87
2022-11-15,0.123,5.16,4.11,0.0,1.05
2022-11-16,0.097,4.84,4.1,0.0,0.74
2022-11-17,0.082,4.78,4.09,0.0,0.7
2022-11-18,0.074,4.76,4.08,0.0,0.68
2022-11-19,0.066,4.73,4.08,0.0,0.65
2022-11-20,0.061,4.71,4.08,0.0,0.63
2022-11-21,0.057,4.69,4.08,0.0,0.62
2022-11-22,0.053,4.68,4.07,0.0,0.6
2022-11-23,0.05,4.66,4.07,0.0,0.59
2022-11-24,0.047,4.65,4.07,0.0,0.58
2022-11-25,0.045,4.64,4.07,0.0,0.57
2022-11-26,0.043,4.63,4.07,0.0,0.56
2022-11-27,0.041,4.62,4.07,0.0,0.55
2022-11-28,0.04,4.61,4.07,0.0,0.54
2022-11-29,0.039,4.6,4.07,0.0,0.54
2022-11-30,0.038,4.6,4.07,0.0,0.53
2022-12-01,2.709,123.2,3.98,48.73,70.49
2022-12-02,9.866,156.52,6.14,63.67,86.71
2022-12-03,9.67,97.35,5.69,38.47,53.18
2022-12-04,30.216,179.54,10.19,72.56,96.79
2022-12-05,7.516,107.14,5.97,43.3,57.86
2022-12-06,2.826,65.52,4.2,24.86,36.46
2022-12-07,1.296,38.43,4.2,11.46,22.78
2022-12-08,0.648,15.36,4.17,1.03,10.16
2022-12-09,0.404,7.29,4.13,0.0,3.17
2022-12-10,11.474,169.04,7.44,68.9,92.71
2022-12-11,45.203,304.87,12.02,125.74,167.11
2022-12-12,18.789,110.88,8.3,43.98,58.6
2022-12-13,6.929,72.92,5.62,28.75,38.56
2022-12-14,3.189,37.98,4.15,13.84,19.98
2022-12-15,2.127,16.7,4.11,4.67,7.91
2022-12-16,1.72,7.88,4.09,1.16,2.63
2022-12-17,1.508,6.1,4.08,0.54,1.48
2022-12-18,1.359,5.8,4.08,0.4,1.33
2022-12-19,1.246,5.71,4.08,0.32,1.31
2022-12-20,1.137,5.69,4.08,0.28,1.33
2022-12-21,1.017,5.67,4.08,0.25,1.34
2022-12-22,0.917,5.55,4.08,0.13,1.34
2022-12-23,0.845,5.46,4.08,0.03,1.35
2022-12-24,0.786,5.44,4.07,0.01,1.36
2022-12-25,0.741,5.44,4.07,0.0,1.36
2022-12-26,0.687,5.45,4.08,0.0,1.37
2022-12-27,42.081,406.83,12.27,166.6,227.95
2022-12-28,21.924,325.51,10.22,134.21,181.08
2022-12-29,8.369,99.72,5.5,40.29,53.94
2022-12-30,23.38,73.95,8.36,27.99,37.6
2022-12-31,153.098,743.88,19.92,305.68,418.28
2023-01-01,287.236,16676.5,25.33,6971.31,9679.86
2023-01-02,81.978,5355.58,16.05,2300.28,3039.25
2023-01-03,90.468,371.97,15.47,150.15,206.35
2023-01-04,73.222,63.99,13.75,18.24,32.0
2023-01-05,124.93,175.32,17.13,63.11,95.09
2023-01-06,104.641,147.47,16.8,59.22,71.46
2023-01-07,74.541,61.81,14.31,26.15,21.35
2023-01-08,66.025,52.38,13.44,18.53,20.41
2023-01-09,118.896,522.1,16.91,214.9,290.3
2023-01-10,110.76,324.51,16.72,140.08,167.72
2023-01-11,97.046,97.13,15.73,47.68,33.71
2023-01-12,85.508,87.15,15.27,41.49,30.39
2023-01-13,73.703,73.73,13.88,32.34,27.51
2023-01-14,117.583,331.74,16.77,134.29,180.68
2023-01-15,123.741,207.19,17.32,87.88,101.99
2023-01-16,193.38,923.57,20.55,394.43,508.6
2023-01-17,132.452,208.32,18.32,98.97,91.03
2023-01-18,93.393,107.3,15.78,61.28,30.24
2023-01-19,74.715,99.62,14.25,59.41,25.96
2023-01-20,58.983,97.44,13.01,61.67,22.77
2023-01-21,46.426,96.83,11.69,62.1,23.04
2023-01-22,37.769,97.18,10.73,60.43,26.02
2023-01-23,30.748,98.49,9.77,58.33,30.38
2023-01-24,26.265,101.24,9.12,57.32,34.81
2023-01-25,22.836,104.16,8.63,56.72,38.81
2023-01-26,19.854,107.32,8.11,55.78,43.43
2023-01-27,17.652,110.91,7.66,55.27,47.98
2023-01-28,16.091,114.41,7.31,55.35,51.76
2023-01-29,14.779,119.39,6.99,56.97,55.44
2023-01-30,13.669,125.04,6.8,59.29,58.95
2023-01-31,12.525,131.6,6.6,61.82,63.17
2023-02-01,11.889,136.43,6.47,63.75,66.21
2023-02-02,11.452,139.31,6.38,64.88,68.06
2023-02-03,14.542,135.43,6.82,60.27,68.33
2023-02-04,19.892,112.77,7.86,48.97,55.93
2023-02-05,42.871,114.5,10.94,50.44,53.12
2023-02-06,38.813,101.67,10.92,58.0,32.75
2023-02-07,30.151,95.84,9.71,58.93,27.2
2023-02-08,24.678,97.16,8.94,57.82,30.4
2023-02-09,19.017,85.36,8.04,45.06,32.25
2023-02-10,14.249,59.06,7.01,21.29,30.76
2023-02-11,11.2,39.61,6.39,2.93,30.29
2023-02-12,9.66,39.71,6.02,0.52,33.18
2023-02-13,8.221,43.34,5.61,0.4,37.33
2023-02-14,7.258,47.43,5.28,0.31,41.84
2023-02-15,6.502,51.27,4.99,0.23,46.05
2023-02-16,5.782,54.58,4.69,0.16,49.73
2023-02-17,5.008,55.71,4.33,0.11,51.28
2023-02-18,4.367,57.18,4.09,0.07,53.02
2023-02-19,3.832,59.44,4.08,0.05,55.31
2023-02-20,3.364,61.86,4.09,0.04,57.73
2023-02-21,2.904,64.64,4.09,0.03,60.52
2023-02-22,2.487,68.44,4.09,0.01,64.34
2023-02-23,2.165,72.55,4.08,0.0,68.46
2023-02-24,40.966,399.36,11.4,157.66,230.3
2023-02-25,31.448,169.51,10.33,66.66,92.52
2023-02-26,22.161,35.77,8.48,8.82,18.47
2023-02-27,41.608,134.46,10.72,46.94,76.79
2023-02-28,68.349,302.75,13.67,122.26,166.82
2023-03-01,65.411,133.06,13.51,58.16,61.39
2023-03-02,52.489,347.99,12.3,165.94,169.76
2023-03-03,42.956,119.17,11.32,73.51,34.34
2023-03-04,35.362,87.6,10.41,57.99,19.2
2023-03-05,43.866,98.11,11.1,54.66,32.35
2023-03-06,39.458,93.12,11.0,54.6,27.52
2023-03-07,32.017,81.39,9.94,50.82,20.64
2023-03-08,29.634,79.78,9.47,47.86,22.44
2023-03-09,32.916,84.67,9.46,45.81,29.4
2023-03-10,127.171,1110.56,17.38,469.85,623.33
2023-03-11,94.464,306.71,15.67,135.5,155.54
2023-03-12,91.234,282.66,15.47,126.2,140.99
2023-03-13,65.163,91.92,13.67,47.1,31.15
2023-03-14,62.344,82.85,13.0,38.09,31.76
2023-03-15,54.656,86.05,12.6,43.16,30.29
2023-03-16,43.531,70.01,11.37,39.21,19.43
2023-03-17,36.783,67.06,10.57,34.89,21.6
2023-03-18,32.795,71.75,10.02,31.06,30.68
2023-03-19,34.485,76.45,10.07,27.51,38.87
2023-03-20,33.674,78.85,10.21,26.97,41.66
2023-03-21,53.087,178.83,11.93,61.81,105.09
2023-03-22,89.501,176.85,15.32,66.25,95.27
2023-03-23,76.285,132.97,14.26,47.87,70.84
2023-03-24,67.957,225.1,13.74,86.1,125.26
2023-03-25,52.613,217.02,12.38,81.08,123.56
2023-03-26,41.983,185.23,11.2,63.85,110.18
2023-03-27,35.418,164.3,10.42,50.28,103.6
2023-03-28,34.461,137.52,10.01,34.91,92.59
2023-03-29,56.837,122.77,12.29,37.63,72.85
2023-03-30,61.779,127.17,13.33,46.29,67.55
2023-03-31,47.667,117.16,11.79,38.93,66.44
2023-04-01,39.994,136.95,10.97,43.5,82.48
2023-04-02,33.547,130.02,10.17,36.28,83.57
2023-04-03,28.055,106.88,9.38,23.29,74.22
2023-04-04,23.663,88.47,8.76,18.6,61.1
2023-04-05,20.293,75.92,8.2,17.55,50.18
2023-04-06,17.682,72.83,7.68,18.22,46.93
2023-04-07,15.621,73.25,7.2,19.45,46.6
2023-04-08,13.802,73.92,6.86,20.84,46.22
2023-04-09,9.513,65.77,6.09,13.21,46.46
2023-04-10,7.353,52.86,5.31,1.22,46.32
2023-04-11,6.794,52.4,5.09,0.07,47.24
2023-04-12,6.39,52.77,4.93,0.02,47.81
2023-04-13,5.883,53.29,4.73,0.01,48.55
2023-04-14,5.109,53.42,4.38,0.01,49.03
2023-04-15,4.441,53.57,4.09,0.01,49.47
2023-04-16,3.899,53.8,4.09,0.0,49.71
2023-04-17,3.38,53.87,4.09,0.0,49.78
2023-04-18,2.893,53.86,4.09,0.0,49.77
2023-04-19,2.488,53.67,4.09,0.0,49.58
2023-04-20,2.15,53.41,4.09,0.0,49.32
2023-04-21,1.875,53.2,4.08,0.0,49.11
2023-04-22,1.673,53.95,4.08,0.0,49.86
2023-04-23,1.515,55.08,4.08,0.0,51.01
2023-04-24,1.435,55.75,4.07,0.0,51.68
2023-04-25,1.418,55.8,4.06,0.0,51.73
2023-04-26,1.416,55.54,4.06,0.0,51.48
2023-04-27,1.416,55.22,4.06,0.0,51.16
2023-04-28,1.416,54.9,4.06,0.0,50.84
2023-04-29,1.416,54.58,4.06,0.0,50.52
2023-04-30,1.416,54.26,4.06,0.0,50.2
2023-05-01,1.416,53.94,4.06,0.0,49.88
2023-05-02,1.971,63.01,4.02,9.57,49.42
2023-05-03,4.069,47.57,4.1,8.39,35.08
2023-05-04,5.203,38.82,4.47,7.92,26.43
2023-05-05,4.155,28.41,4.1,3.56,20.75
2023-05-06,3.481,25.73,4.09,1.06,20.58
2023-05-07,3.04,26.99,4.08,0.45,22.45
2023-05-08,2.702,29.22,4.08,0.31,24.83
2023-05-09,2.408,31.94,4.08,0.2,27.65
2023-05-10,2.152,34.81,4.08,0.12,30.61
2023-05-11,1.962,37.52,4.08,0.07,33.37
2023-05-12,1.825,39.87,4.07,0.04,35.75
2023-05-13,1.711,41.92,4.07,0.02,37.83
2023-05-14,1.613,43.88,4.07,0.01,39.8
2023-05-15,1.532,45.66,4.07,0.0,41.59
2023-05-16,1.473,47.07,4.07,0.0,43.01
2023-05-17,1.439,47.89,4.07,0.0,43.82
2023-05-18,1.424,48.16,4.06,0.0,44.09
2023-05-19,1.418,48.08,4.06,0.0,44.02
2023-05-20,1.417,47.87,4.06,0.0,43.81
2023-05-21,1.416,47.62,4.06,0.0,43.56
2023-05-22,1.416,47.36,4.06,0.0,43.3
2023-05-23,1.416,47.1,4.06,0.0,43.04
2023-05-24,1.416,46.84,4.06,0.0,42.77
2023-05-25,1.416,46.58,4.06,0.0,42.52
2023-05-26,1.416,46.32,4.06,0.0,42.26
2023-05-27,1.416,46.07,4.06,0.0,42.0
2023-05-28,1.416,45.81,4.06,0.0,41.75
2023-05-29,1.416,45.56,4.06,0.0,41.5
2023-05-30,1.416,45.31,4.06,0.0,41.25
2023-05-31,1.416,45.06,4.06,0.0,41.0
2023-06-01,1.416,44.82,4.06,0.0,40.76
2023-06-02,1.416,44.58,4.06,0.0,40.51
2023-06-03,1.416,44.33,4.06,0.0,40.27
2023-06-04,1.416,44.09,4.06,0.0,40.03
2023-06-05,1.416,43.86,4.06,0.0,39.79
2023-06-06,1.416,43.62,4.06,0.0,39.56
2023-06-07,1.416,43.39,4.06,0.0,39.32
2023-06-08,1.416,43.15,4.06,0.0,39.09
2023-06-09,1.416,42.92,4.06,0.0,38.86
2023-06-10,1.416,42.69,4.06,0.0,38.63
2023-06-11,1.416,42.47,4.06,0.0,38.4
2023-06-12,1.416,42.24,4.06,0.0,38.18
2023-06-13,1.416,42.02,4.06,0.0,37.96
2023-06-14,1.416,41.8,4.06,0.0,37.74
2023-06-15,1.416,41.58,4.06,0.0,37.52
2023-06-16,1.416,41.36,4.06,0.0,37.3
2023-06-17,1.416,41.14,4.06,0.0,37.08
2023-06-18,1.416,40.93,4.06,0.0,36.87
2023-06-19,1.416,40.72,4.06,0.0,36.65
2023-06-20,1.416,40.51,4.06,0.0,36.44
2023-06-21,1.416,40.3,4.06,0.0,36.23
2023-06-22,1.416,40.09,4.06,0.0,36.02
2023-06-23,1.416,39.88,4.06,0.0,35.82
2023-06-24,1.416,39.68,4.06,0.0,35.61
2023-06-25,1.416,39.47,4.06,0.0,35.41
2023-06-26,1.416,39.27,4.06,0.0,35.21
2023-06-27,1.416,39.07,4.06,0.0,35.01
2023-06-28,1.416,38.87,4.06,0.0,34.81
2023-06-29,1.416,38.67,4.06,0.0,34.61
2023-06-30,1.416,38.47,4.06,0.0,34.41
2023-07-01,1.416,38.28,4.06,0.0,34.22
2023-07-02,1.416,38.09,4.06,0.0,34.02
2023-07-03,1.416,37.89,4.06,0.0,33.83
2023-07-04,1.416,37.7,4.06,0.0,33.64
2023-07-05,1.416,37.51,4.06,0.0,33.45
2023-07-06,1.416,37.33,4.06,0.0,33.26
2023-07-07,1.416,37.14,4.06,0.0,33.08
2023-07-08,1.416,36.95,4.06,0.0,32.89
2023-07-09,1.416,36.77,4.06,0.0,32.71
2023-07-10,1.416,36.59,4.06,0.0,32.52
2023-07-11,1.416,36.41,4.06,0.0,32.34
2023-07-12,1.416,36.23,4.06,0.0,32.16
2023-07-13,1.416,36.05,4.06,0.0,31.98
2023-07-14,1.416,35.87,4.06,0.0,31.81
2023-07-15,1.416,35.69,4.06,0.0,31.63
2023-07-16,1.416,35.52,4.06,0.0,31.46
2023-07-17,1.416,35.35,4.06,0.0,31.28
2023-07-18,1.416,35.17,4.06,0.0,31.11
2023-07-19,1.416,35.0,4.06,0.0,30.94
2023-07-20,1.416,34.83,4.06,0.0,30.77
2023-07-21,1.416,34.67,4.06,0.0,30.6
2023-07-22,1.416,34.5,4.06,0.0,30.43
2023-07-23,1.416,34.33,4.06,0.0,30.27
2023-07-24,1.416,34.17,4.06,0.0,30.1
2023-07-25,1.416,34.0,4.06,0.0,29.94
2023-07-26,1.416,33.84,4.06,0.0,29.78
2023-07-27,1.416,33.68,4.06,0.0,29.62
2023-07-28,1.416,33.52,4.06,0.0,29.45
2023-07-29,1.416,33.36,4.06,0.0,29.3
2023-07-30,1.416,33.2,4.06,0.0,29.14
2023-07-31,1.416,33.04,4.06,0.0,28.98
2023-08-01,1.416,32.89,4.06,0.0,28.82
2023-08-02,1.416,32.73,4.06,0.0,28.67
2023-08-03,1.416,32.58,4.06,0.0,28.51
2023-08-04,1.416,32.42,4.06,0.0,28.36
2023-08-05,1.416,32.27,4.06,0.0,28.21
2023-08-06,1.416,32.12,4.06,0.0,28.06
2023-08-07,1.416,31.97,4.06,0.0,27.91
2023-08-08,1.416,31.82,4.06,0.0,27.76
2023-08-09,1.416,31.67,4.06,0.0,27.61
2023-08-10,1.416,31.53,4.06,0.0,27.46
2023-08-11,1.416,31.38,4.06,0.0,27.32
2023-08-12,1.416,31.24,4.06,0.0,27.17
2023-08-13,1.416,31.09,4.06,0.0,27.03
2023-08-14,1.416,30.95,4.06,0.0,26.88
2023-08-15,1.416,30.81,4.06,0.0,26.74
2023-08-16,1.416,30.66,4.06,0.0,26.6
2023-08-17,1.416,30.52,4.06,0.0,26.46
2023-08-18,1.416,30.39,4.06,0.0,26.32
2023-08-19,1.416,30.25,4.06,0.0,26.18
2023-08-20,1.416,30.11,4.06,0.0,26.05
2023-08-21,1.416,29.97,4.06,0.0,25.91
2023-08-22,1.416,29.84,4.06,0.0,25.77
2023-08-23,1.416,29.7,4.06,0.0,25.64
2023-08-24,1.416,29.57,4.06,0.0,25.51
2023-08-25,1.416,29.44,4.06,0.0,25.37
2023-08-26,1.416,29.31,4.06,0.0,25.24
2023-08-27,1.416,29.17,4.06,0.0,25.11
2023-08-28,1.416,29.04,4.06,0.0,24.98
2023-08-29,1.416,28.91,4.06,0.0,24.85
2023-08-30,1.416,28.79,4.06,0.0,24.72
2023-08-31,1.416,28.66,4.06,0.0,24.6
2023-09-01,1.416,28.53,4.06,0.0,24.47
2023-09-02,1.416,28.41,4.06,0.0,24.34
2023-09-03,1.416,28.28,4.06,0.0,24.22
2023-09-04,1.416,28.16,4.06,0.0,24.09
2023-09-05,1.416,28.03,4.06,0.0,23.97
2023-09-06,1.416,27.91,4.06,0.0,23.85
2023-09-07,1.413,27.83,4.06,0.0,23.76
2023-09-08,1.407,27.79,4.06,0.0,23.73
2023-09-09,1.401,27.77,4.06,0.0,23.71
2023-09-10,1.395,27.75,4.06,0.0,23.69
2023-09-11,1.389,27.73,4.06,0.0,23.66
2023-09-12,1.383,27.7,4.06,0.0,23.64
2023-09-13,1.378,27.68,4.06,0.0,23.61
2023-09-14,1.372,27.65,4.06,0.0,23.58
2023-09-15,1.367,27.62,4.06,0.0,23.55
2023-09-16,1.361,27.59,4.06,0.0,23.52
2023-09-17,1.356,27.55,4.06,0.0,23.49
2023-09-18,1.351,27.52,4.06,0.0,23.46
2023-09-19,1.346,27.49,4.06,0.0,23.42
2023-09-20,1.341,27.45,4.06,0.0,23.38
2023-09-21,1.337,27.41,4.06,0.0,23.35
2023-09-22,1.332,27.37,4.06,0.0,23.31
2023-09-23,1.328,27.33,4.06,0.0,23.27
2023-09-24,1.323,27.29,4.06,0.0,23.22
2023-09-25,1.319,27.25,4.06,0.0,23.18
2023-09-26,1.315,27.2,4.06,0.0,23.14
2023-09-27,1.311,27.16,4.06,0.0,23.09
2023-09-28,1.307,27.11,4.06,0.0,23.05
2023-09-29,1.303,27.06,4.06,0.0,23.0
2023-09-30,1.299,27.01,4.06,0.0,22.95
2023-10-01,1.295,26.96,4.06,0.0,22.9
2023-10-02,1.291,26.91,4.06,0.0,22.85
2023-10-03,1.288,26.86,4.06,0.0,22.8
2023-10-04,1.284,26.81,4.06,0.0,22.75
2023-10-05,1.281,26.76,4.06,0.0,22.69
2023-10-06,1.278,26.7,4.06,0.0,22.64
2023-10-07,1.274,26.65,4.06,0.0,22.58
2023-10-08,1.271,26.59,4.06,0.0,22.53
2023-10-09,1.268,26.53,4.06,0.0,22.47
2023-10-10,1.265,26.48,4.06,0.0,22.41
2023-10-11,1.262,26.42,4.06,0.0,22.35
2023-10-12,1.259,26.36,4.06,0.0,22.29
2023-10-13,1.256,26.3,4.06,0.0,22.23
2023-10-14,1.254,26.24,4.06,0.0,22.17
2023-10-15,1.251,26.18,4.06,0.0,22.11
2023-10-16,1.248,26.11,4.06,0.0,22.05
2023-10-17,1.246,26.05,4.06,0.0,21.99
2023-10-18,1.243,25.99,4.06,0.0,21.92
2023-10-19,1.241,25.92,4.06,0.0,21.86
2023-10-20,1.238,25.86,4.06,0.0,21.79
2023-10-21,1.236,25.79,4.06,0.0,21.73
2023-10-22,1.234,25.73,4.06,0.0,21.66
2023-10-23,1.402,26.15,4.04,1.21,20.91
2023-10-24,1.513,30.15,4.06,3.44,22.65
2023-10-25,1.362,27.95,4.09,1.86,22.0
2023-10-26,1.248,25.59,4.07,0.26,21.27
2023-10-27,1.226,25.36,4.06,0.02,21.27
2023-10-28,1.221,25.31,4.06,0.0,21.24
2023-10-29,1.219,25.25,4.06,0.0,21.18
2023-10-30,1.217,25.18,4.06,0.0,21.12
2023-10-31,1.215,25.11,4.06,0.0,21.05
2023-11-01,1.213,25.04,4.06,0.0,20.98
2023-11-02,1.212,24.97,4.06,0.0,20.91
2023-11-03,1.21,24.9,4.06,0.0,20.84
2023-11-04,1.208,24.83,4.06,0.0,20.77
2023-11-05,1.206,24.76,4.06,0.0,20.7
2023-11-06,1.535,24.76,3.92,1.52,19.32
2023-11-07,2.867,46.34,4.06,13.87,28.4
2023-11-08,2.0,40.47,4.14,10.43,25.91
2023-11-09,1.402,27.95,4.1,2.55,21.29
2023-11-10,1.231,24.53,4.07,0.27,20.19
2023-11-11,1.201,24.28,4.06,0.02,20.2
2023-11-12,1.196,24.24,4.06,0.0,20.18
2023-11-13,1.195,24.18,4.06,0.0,20.12
2023-11-14,1.193,24.11,4.06,0.0,20.05
2023-11-15,1.192,24.04,4.06,0.0,19.98
2023-11-16,1.19,23.97,4.06,0.0,19.9
2023-11-17,1.189,23.9,4.06,0.0,19.83
2023-11-18,2.914,50.82,3.94,16.45,30.43
2023-11-19,3.799,46.47,4.06,14.97,27.44
2023-11-20,2.579,42.06,4.16,12.69,25.21
2023-11-21,1.604,28.28,4.13,4.07,20.09
2023-11-22,1.271,23.6,4.08,0.57,18.94
2023-11-23,1.2,23.24,4.07,0.05,19.12
2023-11-24,1.188,23.28,4.06,0.01,19.21
2023-11-25,1.184,23.25,4.06,0.0,19.18
2023-11-26,1.182,23.19,4.06,0.0,19.13
2023-11-27,1.181,23.13,4.06,0.0,19.06
2023-11-28,1.18,23.06,4.06,0.0,18.99
2023-11-29,1.179,22.99,4.06,0.0,18.92
2023-11-30,1.179,22.9,4.06,0.0,18.84
2023-12-01,1.179,22.83,4.06,0.0,18.76
2023-12-02,1.176,22.76,4.06,0.0,18.7
2023-12-03,1.174,22.7,4.06,0.0,18.64
2023-12-04,1.173,22.64,4.06,0.0,18.57
2023-12-05,1.172,22.57,4.06,0.0,18.5
2023-12-06,1.171,22.49,4.06,0.0,18.43
2023-12-07,1.197,22.17,4.05,0.01,18.11
2023-12-08,1.473,22.02,4.03,0.91,17.08
2023-12-09,1.469,22.51,4.09,1.32,17.1
2023-12-10,1.252,21.76,4.08,0.31,17.37
2023-12-11,1.182,21.94,4.07,0.03,17.84
2023-12-12,1.169,22.03,4.06,0.0,17.96
2023-12-13,1.166,21.99,4.06,0.0,17.93
2023-12-14,1.165,21.93,4.06,0.0,17.86
2023-12-15,1.164,21.86,4.06,0.0,17.79
2023-12-16,1.163,21.79,4.06,0.0,17.72
2023-12-17,1.162,21.72,4.06,0.0,17.65
2023-12-18,10.002,114.65,6.26,45.05,63.34
2023-12-19,24.166,153.73,8.82,61.84,83.07
2023-12-20,19.194,128.28,7.9,51.24,69.14
2023-12-21,13.693,124.32,7.5,49.58,67.25
2023-12-22,4.381,78.52,4.55,30.06,43.91
2023-12-23,2.258,47.17,4.15,13.79,29.23
2023-12-24,1.561,26.19,4.11,3.08,19.0
2023-12-25,1.352,20.07,4.08,0.41,15.58
2023-12-26,1.286,19.55,4.07,0.08,15.4
2023-12-27,1.246,19.83,4.07,0.04,15.73
2023-12-28,1.221,20.08,4.07,0.03,15.98
2023-12-29,3.076,115.63,4.36,45.03,66.23
2023-12-30,24.253,174.05,8.74,70.24,95.07
2023-12-31,9.715,109.06,6.69,43.4,58.97
2024-01-01,3.536,56.62,4.18,20.41,32.02
2024-01-02,5.034,138.2,4.86,55.11,78.23
2024-01-03,24.416,297.19,8.94,123.37,164.89
2024-01-04,7.603,176.7,5.92,72.73,98.05
2024-01-05,3.209,94.61,4.16,36.13,54.32
2024-01-06,2.372,43.91,4.04,12.21,27.66
2024-01-07,3.993,106.26,4.01,41.08,61.17
2024-01-08,3.172,120.67,4.15,47.08,69.44
2024-01-09,2.079,54.82,4.12,15.81,34.9
2024-01-10,6.068,323.42,5.3,134.24,183.88
2024-01-11,6.228,377.3,5.2,158.73,213.37
2024-01-12,3.04,179.23,4.16,71.35,103.72
2024-01-13,5.409,132.39,4.79,51.44,76.15
2024-01-14,13.926,307.07,7.19,127.88,172.0
2024-01-15,4.54,199.74,4.62,82.69,112.43
2024-01-16,3.356,83.92,3.95,32.05,47.93
2024-01-17,13.46,192.18,6.78,78.6,106.8
2024-01-18,6.103,139.99,5.24,57.05,77.69
2024-01-19,3.239,61.09,4.12,22.07,34.9
2024-01-20,5.389,51.72,4.61,18.05,29.06
2024-01-21,9.365,76.4,5.59,29.35,41.46
2024-01-22,57.78,275.88,12.84,110.95,152.09
2024-01-23,20.659,162.27,9.36,65.39,87.51
2024-01-24,20.702,143.19,8.13,57.34,77.72
2024-01-25,16.199,158.76,8.0,64.59,86.18
2024-01-26,8.483,46.22,5.77,16.67,23.78
2024-01-27,6.829,16.04,5.14,3.59,7.31
2024-01-28,5.867,9.92,4.73,1.0,4.19
2024-01-29,5.215,9.06,4.42,0.64,4.0
2024-01-30,4.723,8.97,4.16,0.58,4.22
2024-01-31,8.551,46.9,5.24,16.78,24.88
2024-02-01,30.865,129.14,9.74,50.82,68.58
2024-02-02,26.486,103.69,9.16,40.29,54.25
2024-02-03,16.546,83.96,7.49,32.62,43.86
2024-02-04,42.252,115.63,10.93,44.64,60.07
2024-02-05,38.004,72.03,11.12,26.05,34.86
2024-02-06,25.217,28.46,9.03,8.07,11.36
2024-02-07,30.128,55.89,9.43,19.53,26.93
2024-02-08,34.33,105.67,10.69,40.65,54.32
2024-02-09,21.035,25.25,8.39,6.85,10.0
2024-02-10,17.255,12.19,7.62,1.52,3.05
2024-02-11,14.573,9.96,6.99,0.82,2.15
2024-02-12,12.589,9.53,6.64,0.73,2.15
2024-02-13,10.862,9.29,6.3,0.72,2.28
2024-02-14,9.684,10.07,5.96,1.14,2.97
2024-02-15,9.671,14.82,6.02,3.04,5.75
2024-02-16,8.112,11.42,5.59,1.79,4.04
2024-02-17,8.046,23.78,5.39,7.16,11.23
2024-02-18,15.48,69.24,6.89,26.07,36.27
2024-02-19,35.554,140.52,10.33,55.7,74.49
2024-02-20,26.772,60.47,9.11,21.82,29.54
2024-02-21,24.932,44.97,9.07,15.14,20.76
2024-02-22,16.934,17.45,7.59,3.9,5.96
2024-02-23,13.9,10.41,6.88,1.09,2.45
2024-02-24,11.663,9.35,6.47,0.75,2.13
2024-02-25,9.945,9.03,6.09,0.71,2.23
2024-02-26,8.4,8.75,5.67,0.69,2.39
2024-02-27,7.152,8.53,5.26,0.67,2.6
2024-02-28,6.0,8.3,4.81,0.65,2.85
2024-02-29,5.917,18.07,4.58,4.92,8.57
2024-03-01,14.312,59.54,6.7,22.09,30.75
2024-03-02,44.682,121.22,11.32,47.02,62.87
2024-03-03,32.037,59.66,10.03,21.18,28.45
2024-03-04,24.903,25.77,9.01,6.96,9.81
2024-03-05,18.986,14.11,7.99,2.31,3.81
2024-03-06,16.247,10.3,7.29,0.95,2.07
2024-03-07,17.115,26.65,7.59,7.89,11.16
2024-03-08,12.902,14.34,6.72,2.91,4.71
2024-03-09,10.76,9.47,6.28,0.92,2.27
2024-03-10,9.133,8.78,5.88,0.73,2.17
2024-03-11,7.755,8.47,5.47,0.69,2.31
2024-03-12,6.542,8.19,5.02,0.66,2.5
2024-03-13,5.66,8.0,4.65,0.64,2.71
2024-03-14,4.496,7.8,4.18,0.61,3.02
2024-03-15,3.379,8.25,4.11,0.52,3.62
2024-03-16,2.733,8.76,4.08,0.37,4.31
2024-03-17,2.549,8.99,4.07,0.26,4.65
2024-03-18,2.38,9.18,4.08,0.21,4.9
2024-03-19,2.153,9.45,4.08,0.12,5.24
2024-03-20,1.945,9.81,4.08,0.07,5.66
2024-03-21,1.767,10.23,4.08,0.04,6.11
2024-03-22,1.94,25.99,3.84,7.22,14.94
2024-03-23,15.682,94.91,7.23,36.87,50.81
2024-03-24,21.125,75.54,8.53,28.53,38.48
2024-03-25,11.531,31.1,6.57,10.2,14.34
2024-03-26,8.446,13.48,5.71,2.83,4.94
2024-03-27,6.917,8.9,5.17,0.98,2.76
2024-03-28,6.266,8.62,4.9,0.89,2.82
2024-03-29,7.552,43.34,5.25,15.67,22.42
2024-03-30,9.972,47.3,6.13,16.96,24.21
2024-03-31,6.95,21.85,5.21,6.59,10.05
2024-04-01,5.907,11.49,4.76,2.19,4.54
2024-04-02,4.877,8.94,4.28,1.14,3.52
2024-04-03,4.142,7.88,4.09,0.63,3.16
2024-04-04,7.848,52.68,5.26,19.45,27.98
2024-04-05,27.637,166.62,9.4,67.37,89.85
2024-04-06,13.206,82.77,6.98,32.44,43.35
2024-04-07,9.412,23.65,5.98,7.18,10.49
2024-04-08,7.975,10.41,5.54,1.53,3.35
2024-04-09,6.837,8.22,5.14,0.69,2.39
2024-04-10,5.88,7.7,4.74,0.55,2.41
2024-04-11,5.063,7.42,4.35,0.49,2.58
2024-04-12,4.421,7.32,4.09,0.43,2.8
2024-04-13,7.891,44.3,5.3,15.81,23.19
2024-04-14,18.192,70.64,7.6,26.56,36.47
2024-04-15,30.586,103.1,9.6,39.92,53.57
2024-04-16,23.098,69.13,8.83,25.67,34.63
2024-04-17,23.147,29.13,8.59,9.07,11.47
2024-04-18,19.349,25.75,8.07,10.66,7.01
2024-04-19,15.907,18.71,7.31,7.73,3.68
2024-04-20,13.507,13.98,6.8,4.18,3.0
2024-04-21,11.479,10.99,6.43,1.64,2.91
2024-04-22,9.901,9.5,6.07,0.51,2.91
2024-04-23,8.548,9.03,5.71,0.41,2.91
2024-04-24,7.592,8.66,5.39,0.36,2.91
2024-04-25,6.904,8.37,5.14,0.3,2.93
2024-04-26,6.314,8.09,4.91,0.24,2.94
2024-04-27,5.835,7.8,4.7,0.17,2.94
2024-04-28,5.419,7.55,4.51,0.1,2.94
2024-04-29,4.763,7.07,4.2,0.07,2.8
2024-04-30,4.15,6.93,4.09,0.05,2.79
2024-05-01,3.573,7.11,4.09,0.03,2.99
2024-05-02,3.077,7.33,4.09,0.01,3.24
2024-05-03,2.653,7.6,4.09,0.0,3.51
2024-05-04,12.113,113.19,6.83,44.82,61.54
2024-05-05,21.201,207.02,8.99,84.72,113.32
2024-05-06,7.792,83.83,5.7,32.65,45.49
2024-05-07,5.017,30.41,4.38,10.03,16.0
2024-05-08,4.045,12.06,4.1,2.3,5.66
2024-05-09,3.182,8.12,4.1,0.55,3.46
2024-05-10,2.617,7.69,4.09,0.2,3.4
2024-05-11,2.275,7.9,4.09,0.12,3.69
2024-05-12,1.963,8.22,4.09,0.07,4.07
2024-05-13,1.685,8.65,4.09,0.03,4.53
2024-05-14,1.48,9.08,4.08,0.02,4.98
2024-05-15,1.361,9.39,4.07,0.01,5.31
2024-05-16,1.292,9.6,4.07,0.0,5.53
2024-05-17,1.254,9.73,4.07,0.0,5.66
2024-05-18,1.238,9.77,4.06,0.0,5.71
2024-05-19,1.231,9.78,4.06,0.0,5.71
2024-05-20,1.227,9.77,4.06,0.0,5.7
2024-05-21,1.224,9.75,4.06,0.0,5.69
2024-05-22,1.221,9.73,4.06,0.0,5.67
2024-05-23,1.219,9.71,4.06,0.0,5.65
2024-05-24,1.217,9.69,4.06,0.0,5.63
2024-05-25,1.215,9.67,4.06,0.0,5.61
2024-05-26,1.213,9.65,4.06,0.0,5.59
2024-05-27,1.212,9.63,4.06,0.0,5.56
2024-05-28,1.21,9.61,4.06,0.0,5.54
2024-05-29,1.208,9.59,4.06,0.0,5.52
2024-05-30,1.206,9.56,4.06,0.0,5.5
2024-05-31,1.205,9.54,4.06,0.0,5.48
2024-06-01,1.203,9.52,4.06,0.0,5.46
2024-06-02,1.202,9.5,4.06,0.0,5.43
2024-06-03,1.2,9.48,4.06,0.0,5.41
2024-06-04,1.199,9.45,4.06,0.0,5.39
2024-06-05,1.197,9.43,4.06,0.0,5.37
2024-06-06,1.196,9.41,4.06,0.0,5.35
2024-06-07,1.194,9.39,4.06,0.0,5.33
2024-06-08,1.193,9.37,4.06,0.0,5.3
2024-06-09,1.192,9.35,4.06,0.0,5.28
2024-06-10,1.19,9.32,4.06,0.0,5.26
2024-06-11,1.189,9.3,4.06,0.0,5.24
2024-06-12,1.188,9.28,4.06,0.0,5.22
2024-06-13,1.187,9.26,4.06,0.0,5.2
2024-06-14,1.185,9.24,4.06,0.0,5.17
2024-06-15,1.184,9.22,4.06,0.0,5.15
2024-06-16,1.183,9.19,4.06,0.0,5.13
2024-06-17,1.182,9.17,4.06,0.0,5.11
2024-06-18,1.181,9.15,4.06,0.0,5.09
2024-06-19,1.18,9.13,4.06,0.0,5.07
2024-06-20,1.179,9.11,4.06,0.0,5.04
2024-06-21,1.178,9.09,4.06,0.0,5.02
2024-06-22,1.177,9.06,4.06,0.0,5.0
2024-06-23,1.176,9.04,4.06,0.0,4.98
2024-06-24,1.175,9.02,4.06,0.0,4.96
2024-06-25,1.174,9.0,4.06,0.0,4.94
2024-06-26,1.173,8.98,4.06,0.0,4.92
2024-06-27,1.172,8.96,4.06,0.0,4.89
2024-06-28,1.172,8.94,4.06,0.0,4.87
2024-06-29,1.171,8.92,4.06,0.0,4.85
2024-06-30,1.17,8.89,4.06,0.0,4.83
2024-07-01,1.169,8.87,4.06,0.0,4.81
2024-07-02,1.168,8.85,4.06,0.0,4.79
2024-07-03,1.167,8.83,4.06,0.0,4.77
2024-07-04,1.167,8.81,4.06,0.0,4.75
2024-07-05,1.166,8.79,4.06,0.0,4.73
2024-07-06,1.165,8.77,4.06,0.0,4.71
2024-07-07,1.165,8.75,4.06,0.0,4.68
2024-07-08,1.164,8.73,4.06,0.0,4.66
2024-07-09,1.163,8.71,4.06,0.0,4.64
2024-07-10,1.163,8.69,4.06,0.0,4.62
2024-07-11,1.162,8.67,4.06,0.0,4.6
2024-07-12,1.161,8.65,4.06,0.0,4.58
2024-07-13,1.161,8.63,4.06,0.0,4.56
2024-07-14,1.16,8.61,4.06,0.0,4.54
2024-07-15,1.16,8.58,4.06,0.0,4.52
2024-07-16,1.159,8.56,4.06,0.0,4.5
2024-07-17,1.158,8.54,4.06,0.0,4.48
2024-07-18,1.158,8.52,4.06,0.0,4.46
2024-07-19,1.157,8.5,4.06,0.0,4.44
2024-07-20,1.157,8.48,4.06,0.0,4.42
2024-07-21,1.156,8.47,4.06,0.0,4.4
2024-07-22,1.156,8.45,4.06,0.0,4.38
2024-07-23,1.155,8.43,4.06,0.0,4.36
2024-07-24,1.155,8.41,4.06,0.0,4.34
2024-07-25,1.154,8.39,4.06,0.0,4.32
2024-07-26,1.154,8.37,4.06,0.0,4.3
2024-07-27,1.154,8.35,4.06,0.0,4.28
2024-07-28,1.153,8.33,4.06,0.0,4.27
2024-07-29,1.153,8.31,4.06,0.0,4.25
2024-07-30,1.152,8.29,4.06,0.0,4.23
2024-07-31,1.152,8.27,4.06,0.0,4.21
2024-08-01,1.151,8.25,4.06,0.0,4.19
2024-08-02,1.151,8.23,4.06,0.0,4.17
2024-08-03,1.151,8.22,4.06,0.0,4.15
2024-08-04,1.15,8.2,4.06,0.0,4.13
2024-08-05,1.15,8.18,4.06,0.0,4.11
2024-08-06,1.15,8.16,4.06,0.0,4.1
2024-08-07,1.149,8.14,4.06,0.0,4.08
2024-08-08,1.149,8.12,4.06,0.0,4.06
2024-08-09,1.149,8.1,4.06,0.0,4.04
2024-08-10,1.148,8.09,4.06,0.0,4.02
2024-08-11,1.148,8.07,4.06,0.0,4.0
2024-08-12,1.148,8.05,4.06,0.0,3.99
2024-08-13,1.147,8.03,4.06,0.0,3.97
2024-08-14,1.147,8.01,4.06,0.0,3.95
2024-08-15,1.147,8.0,4.06,0.0,3.93
2024-08-16,1.147,7.98,4.06,0.0,3.91
2024-08-17,1.146,7.96,4.06,0.0,3.9
2024-08-18,1.146,7.94,4.06,0.0,3.88
2024-08-19,1.146,7.93,4.06,0.0,3.86
2024-08-20,1.145,7.91,4.06,0.0,3.84
2024-08-21,1.145,7.89,4.06,0.0,3.83
2024-08-22,1.145,7.87,4.06,0.0,3.81
2024-08-23,1.145,7.86,4.06,0.0,3.79
2024-08-24,1.145,7.84,4.06,0.0,3.78
2024-08-25,1.144,7.82,4.06,0.0,3.76
2024-08-26,1.144,7.81,4.06,0.0,3.74
2024-08-27,1.144,7.79,4.06,0.0,3.72
2024-08-28,1.144,7.77,4.06,0.0,3.71
2024-08-29,1.143,7.75,4.06,0.0,3.69
2024-08-30,1.143,7.74,4.06,0.0,3.67
2024-08-31,1.143,7.72,4.06,0.0,3.66
2024-09-01,1.143,7.71,4.06,0.0,3.64
2024-09-02,1.143,7.69,4.06,0.0,3.63
2024-09-03,1.142,7.67,4.06,0.0,3.61
2024-09-04,1.142,7.66,4.06,0.0,3.59
2024-09-05,1.142,7.64,4.06,0.0,3.58
2024-09-06,1.142,7.62,4.06,0.0,3.56
2024-09-07,1.142,7.61,4.06,0.0,3.54
2024-09-08,1.142,7.59,4.06,0.0,3.53
2024-09-09,1.141,7.58,4.06,0.0,3.51
2024-09-10,1.141,7.56,4.06,0.0,3.5
2024-09-11,1.141,7.54,4.06,0.0,3.48
2024-09-12,1.141,7.53,4.06,0.0,3.47
2024-09-13,1.141,7.51,4.06,0.0,3.45
2024-09-14,1.141,7.5,4.06,0.0,3.43
2024-09-15,1.141,7.48,4.06,0.0,3.42
2024-09-16,1.14,7.47,4.06,0.0,3.4
2024-09-17,1.14,7.45,4.06,0.0,3.39
2024-09-18,1.14,7.44,4.06,0.0,3.37
2024-09-19,1.14,7.42,4.06,0.0,3.36
2024-09-20,1.14,7.41,4.06,0.0,3.34
2024-09-21,1.14,7.39,4.06,0.0,3.33
2024-09-22,1.14,7.38,4.06,0.0,3.31
2024-09-23,1.14,7.36,4.06,0.0,3.3
2024-09-24,1.139,7.35,4.06,0.0,3.29
2024-09-25,1.139,7.33,4.06,0.0,3.27
2024-09-26,1.139,7.32,4.06,0.0,3.26
2024-09-27,1.139,7.3,4.06,0.0,3.24
2024-09-28,1.139,7.29,4.06,0.0,3.23
2024-09-29,1.139,7.28,4.06,0.0,3.21
2024-09-30,1.139,7.26,4.06,0.0,3.2
2024-10-01,1.139,7.25,4.06,0.0,3.18
2024-10-02,1.139,7.23,4.06,0.0,3.17
2024-10-03,1.139,7.22,4.06,0.0,3.16
2024-10-04,1.138,7.21,4.06,0.0,3.14
2024-10-05,1.138,7.19,4.06,0.0,3.13
2024-10-06,1.138,7.18,4.06,0.0,3.11
2024-10-07,1.138,7.16,4.06,0.0,3.1
2024-10-08,1.138,7.15,4.06,0.0,3.09
2024-10-09,1.138,7.14,4.06,0.0,3.07
2024-10-10,1.138,7.12,4.06,0.0,3.06
2024-10-11,1.138,7.11,4.06,0.0,3.05
2024-10-12,1.138,7.1,4.06,0.0,3.03
2024-10-13,1.138,7.08,4.06,0.0,3.02
2024-10-14,1.138,7.07,4.06,0.0,3.01
2024-10-15,1.138,7.06,4.06,0.0,2.99
2024-10-16,1.138,7.04,4.06,0.0,2.98
2024-10-17,1.137,7.03,4.06,0.0,2.97
2024-10-18,1.137,7.02,4.06,0.0,2.95
2024-10-19,1.137,7.0,4.06,0.0,2.94
2024-10-20,1.137,6.99,4.06,0.0,2.93
2024-10-21,1.137,6.98,4.06,0.0,2.92
2024-10-22,1.137,6.97,4.06,0.0,2.9
2024-10-23,1.137,6.95,4.06,0.0,2.89
2024-10-24,1.137,6.94,4.06,0.0,2.88
2024-10-25,1.137,6.93,4.06,0.0,2.86
2024-10-26,1.137,6.92,4.06,0.0,2.85
2024-10-27,1.137,6.9,4.06,0.0,2.84
2024-10-28,1.137,6.89,4.06,0.0,2.83
2024-10-29,1.137,6.88,4.06,0.0,2.82
2024-10-30,1.137,6.87,4.06,0.0,2.8
2024-10-31,1.137,6.85,4.06,0.0,2.79
2024-11-01,1.137,6.84,4.06,0.0,2.78
2024-11-02,1.137,6.83,4.06,0.0,2.77
2024-11-03,1.137,6.82,4.06,0.0,2.75
2024-11-04,1.136,6.81,4.06,0.0,2.74
2024-11-05,1.136,6.79,4.06,0.0,2.73
2024-11-06,1.136,6.78,4.06,0.0,2.72
2024-11-07,1.136,6.77,4.06,0.0,2.71
2024-11-08,1.136,6.76,4.06,0.0,2.7
2024-11-09,1.136,6.75,4.06,0.0,2.68
2024-11-10,1.136,6.74,4.06,0.0,2.67
2024-11-11,1.637,27.18,3.94,9.19,14.06
2024-11-12,3.58,50.63,4.0,19.38,27.26
2024-11-13,2.841,54.97,4.16,20.73,30.08
2024-11-14,1.724,30.01,4.14,8.83,17.04
2024-11-15,1.27,11.99,4.09,1.62,6.28
2024-11-16,1.164,7.31,4.07,0.17,3.07
2024-11-17,1.143,6.71,4.06,0.02,2.63
2024-11-18,1.139,6.65,4.06,0.0,2.58
2024-11-19,1.138,6.63,4.06,0.0,2.57
2024-11-20,1.137,6.62,4.06,0.0,2.56
2024-11-21,1.137,6.61,4.06,0.0,2.55
2024-11-22,6.423,143.86,5.66,59.14,79.06
2024-11-23,31.488,245.84,10.2,101.15,134.49
2024-11-24,7.982,150.98,6.14,62.17,82.67
2024-11-25,3.804,78.9,4.09,31.02,43.8
2024-11-26,4.228,43.3,4.06,15.3,23.94
2024-11-27,2.837,30.2,4.16,10.15,15.89
2024-11-28,1.716,14.89,4.13,3.21,7.55
2024-11-29,1.311,7.98,4.09,0.5,3.39
2024-11-30,1.212,6.62,4.07,0.07,2.48
2024-12-01,1.186,6.48,4.07,0.03,2.39
2024-12-02,1.175,6.47,4.06,0.02,2.38
2024-12-03,1.169,6.46,4.06,0.02,2.38
2024-12-04,1.164,6.46,4.06,0.02,2.38
2024-12-05,1.16,6.45,4.06,0.01,2.37
2024-12-06,1.157,6.44,4.06,0.01,2.37
2024-12-07,1.155,6.43,4.06,0.01,2.36
2024-12-08,1.153,6.42,4.06,0.01,2.35
2024-12-09,1.15,6.41,4.06,0.01,2.34
2024-12-10,1.148,6.4,4.06,0.0,2.34
2024-12-11,1.147,6.4,4.06,0.0,2.33
2024-12-12,10.642,156.29,6.04,64.26,85.99
2024-12-13,10.572,133.65,6.55,54.55,72.55
2024-12-14,39.767,282.84,11.02,116.16,155.66
2024-12-15,19.005,258.66,9.5,106.87,142.3
2024-12-16,6.258,114.09,4.92,46.36,62.8
2024-12-17,6.277,128.6,5.05,51.86,71.69
2024-12-18,3.024,87.37,4.17,34.74,48.46
2024-12-19,1.87,32.12,4.12,10.32,17.68
2024-12-20,1.519,10.54,4.08,1.45,5.01
2024-12-21,1.405,6.58,4.07,0.16,2.35
2024-12-22,1.341,6.17,4.07,0.05,2.05
2024-12-23,1.329,6.17,4.06,0.04,2.07
2024-12-24,8.542,72.38,5.64,28.3,38.44
2024-12-25,11.895,108.04,6.99,43.36,57.7
2024-12-26,4.361,62.73,4.23,24.79,33.71
2024-12-27,13.963,123.36,6.79,49.57,67.0
2024-12-28,7.244,111.39,5.77,45.21,60.41
2024-12-29,6.135,59.89,4.75,23.18,31.96
2024-12-30,6.032,88.91,5.04,35.59,48.28
2024-12-31,3.127,51.39,4.15,19.65,27.59
2025-01-01,2.185,18.57,4.1,5.1,9.36
2025-01-02,1.85,7.89,4.08,0.72,3.09
2025-01-03,1.724,6.09,4.06,0.11,1.91
2025-01-04,2.02,11.09,4.03,2.36,4.71
2025-01-05,2.036,14.71,4.09,3.78,6.84
2025-01-06,1.712,8.27,4.09,0.96,3.22
2025-01-07,1.575,6.16,4.07,0.12,1.97
2025-01-08,1.437,5.97,4.08,0.02,1.86
2025-01-09,1.316,5.98,4.07,0.01,1.89
2025-01-10,1.305,5.98,4.06,0.01,1.91
2025-01-11,1.307,5.98,4.06,0.01,1.9
2025-01-12,1.273,5.99,4.07,0.0,1.92
2025-01-13,1.225,6.01,4.07,0.0,1.94
2025-01-14,1.212,6.01,4.06,0.0,1.95
2025-01-15,1.207,6.01,4.06,0.0,1.95
2025-01-16,1.199,6.01,4.06,0.0,1.95
2025-01-17,1.191,6.01,4.06,0.0,1.95
2025-01-18,1.185,6.01,4.06,0.0,1.95
2025-01-19,1.179,6.01,4.06,0.0,1.95
2025-01-20,1.174,6.01,4.06,0.0,1.94
2025-01-21,1.167,6.01,4.06,0.0,1.94
2025-01-22,1.16,6.01,4.06,0.0,1.94
2025-01-23,1.155,6.01,4.06,0.0,1.94
2025-01-24,1.152,6.0,4.06,0.0,1.94
2025-01-25,1.149,6.0,4.06,0.0,1.93
2025-01-26,1.148,5.99,4.06,0.0,1.93
2025-01-27,1.148,5.98,4.06,0.0,1.92
2025-01-28,1.148,5.98,4.06,0.0,1.91
2025-01-29,1.147,5.97,4.06,0.0,1.91
2025-01-30,1.147,5.96,4.06,0.0,1.9
2025-01-31,1.147,5.96,4.06,0.0,1.89
2025-02-01,1.769,14.31,3.8,3.94,6.58
2025-02-02,6.226,94.71,4.88,38.33,51.5
2025-02-03,3.081,81.22,4.18,32.47,44.56
2025-02-04,11.182,101.2,6.51,40.27,54.42
2025-02-05,28.95,195.65,10.14,79.58,105.93
2025-02-06,12.746,113.14,6.59,45.58,60.97
2025-02-07,14.436,83.33,7.09,32.46,43.78
2025-02-08,7.427,54.49,5.67,20.79,28.03
2025-02-09,3.703,27.38,4.14,9.61,13.63
2025-02-10,2.646,11.89,4.1,2.67,5.12
2025-02-11,2.262,6.72,4.08,0.52,2.12
2025-02-12,2.19,8.86,3.92,1.6,3.34
2025-02-13,76.414,439.76,14.67,177.33,247.75
2025-02-14,41.796,199.79,12.42,78.82,108.56
2025-02-15,14.02,58.25,7.33,21.81,29.11
2025-02-16,8.938,20.36,5.86,6.09,8.41
2025-02-17,7.472,9.45,5.36,1.57,2.52
2025-02-18,6.543,7.2,5.02,0.75,1.43
2025-02-19,5.703,6.58,4.66,0.63,1.29
2025-02-20,5.132,6.26,4.38,0.6,1.29
2025-02-21,4.567,5.99,4.12,0.58,1.3
2025-02-22,4.093,5.95,4.08,0.55,1.31
2025-02-23,3.705,5.93,4.08,0.52,1.33
2025-02-24,3.38,5.93,4.08,0.5,1.35
2025-02-25,3.046,5.89,4.08,0.43,1.37
2025-02-26,2.742,5.83,4.08,0.36,1.4
2025-02-27,2.502,5.78,4.08,0.29,1.42
2025-02-28,2.291,5.74,4.08,0.22,1.45
2025-03-01,2.089,5.71,4.08,0.16,1.47
2025-03-02,2.379,9.54,3.95,1.87,3.72
2025-03-03,4.025,45.81,4.07,17.52,24.23
2025-03-04,2.778,33.4,4.13,11.86,17.4
2025-03-05,2.076,12.63,4.1,2.73,5.8
2025-03-06,1.837,6.66,4.08,0.38,2.2
2025-03-07,1.762,6.02,4.07,0.15,1.81
2025-03-08,1.737,6.01,4.07,0.1,1.84
2025-03-09,1.684,5.82,4.07,0.07,1.68
2025-03-10,1.609,5.7,4.07,0.05,1.57
2025-03-11,1.53,5.66,4.07,0.04,1.56
2025-03-12,3.13,44.26,3.96,16.97,23.32
2025-03-13,21.106,119.96,8.23,47.91,63.83
2025-03-14,13.961,82.14,6.93,32.18,43.03
2025-03-15,10.05,75.71,6.34,29.74,39.63
2025-03-16,5.043,36.3,4.51,13.52,18.28
2025-03-17,6.391,40.77,4.8,15.14,20.83
2025-03-18,6.749,34.77,5.11,12.56,17.1
2025-03-19,4.975,22.31,4.39,7.53,10.38
2025-03-20,3.897,11.19,4.1,2.75,4.34
2025-03-21,3.255,6.86,4.09,0.84,1.93
2025-03-22,2.844,5.9,4.08,0.43,1.4
2025-03-23,2.677,5.74,4.07,0.33,1.34
2025-03-24,2.483,5.71,4.08,0.28,1.35
2025-03-25,2.24,5.65,4.08,0.2,1.37
2025-03-26,2.016,5.61,4.08,0.14,1.39
2025-03-27,1.818,5.59,4.08,0.09,1.42
2025-03-28,1.686,5.57,4.07,0.07,1.43
2025-03-29,1.627,5.57,4.07,0.06,1.44
2025-03-30,1.557,5.58,4.07,0.05,1.45
2025-03-31,1.597,7.37,4.03,0.86,2.48
2025-04-01,4.125,38.49,4.12,14.29,20.08
2025-04-02,5.879,74.87,4.91,29.63,40.33
2025-04-03,3.241,43.18,4.14,16.0,23.03
2025-04-04,2.277,16.25,4.11,3.98,8.17
2025-04-05,1.916,7.33,4.08,0.6,2.65
2025-04-06,1.736,5.78,4.08,0.15,1.55
2025-04-07,1.61,5.59,4.08,0.09,1.42
2025-04-08,1.512,5.55,4.07,0.06,1.41
2025-04-09,1.448,5.54,4.07,0.04,1.42
2025-04-10,1.394,5.52,4.07,0.03,1.43
2025-04-11,1.333,5.52,4.07,0.01,1.44
2025-04-12,1.266,5.53,4.07,0.0,1.46
2025-04-13,1.222,5.54,4.07,0.0,1.47
2025-04-14,1.202,5.55,4.07,0.0,1.48
2025-04-15,1.186,5.55,4.07,0.0,1.48
2025-04-16,1.173,5.55,4.07,0.0,1.49
2025-04-17,1.166,5.55,4.06,0.0,1.49
2025-04-18,1.163,5.55,4.06,0.0,1.48
2025-04-19,1.161,5.54,4.06,0.0,1.48
2025-04-20,1.161,5.54,4.06,0.0,1.47
2025-04-21,1.16,5.53,4.06,0.0,1.47
2025-04-22,1.159,5.53,4.06,0.0,1.46
2025-04-23,1.159,5.52,4.06,0.0,1.46
2025-04-24,1.158,5.52,4.06,0.0,1.45
2025-04-25,1.158,5.51,4.06,0.0,1.45
2025-04-26,1.157,5.51,4.06,0.0,1.44
2025-04-27,1.157,5.5,4.06,0.0,1.44
2025-04-28,1.156,5.5,4.06,0.0,1.43
2025-04-29,1.156,5.49,4.06,0.0,1.43
2025-04-30,1.155,5.49,4.06,0.0,1.42
2025-05-01,1.155,5.48,4.06,0.0,1.42
2025-05-02,1.154,5.48,4.06,0.0,1.41
2025-05-03,1.154,5.47,4.06,0.0,1.41
2025-05-04,1.153,5.47,4.06,0.0,1.4
2025-05-05,1.153,5.46,4.06,0.0,1.4
2025-05-06,1.152,5.46,4.06,0.0,1.39
2025-05-07,1.152,5.45,4.06,0.0,1.39
2025-05-08,1.152,5.45,4.06,0.0,1.38
2025-05-09,1.151,5.44,4.06,0.0,1.38
2025-05-10,1.151,5.44,4.06,0.0,1.37
2025-05-11,1.15,5.43,4.06,0.0,1.37
2025-05-12,1.337,14.11,4.05,3.82,6.24
2025-05-13,1.228,7.89,4.07,0.98,2.84
2025-05-14,1.191,5.79,4.07,0.06,1.66
2025-05-15,1.163,5.46,4.07,0.0,1.39
2025-05-16,1.152,5.41,4.06,0.0,1.34
2025-05-17,1.149,5.4,4.06,0.0,1.34
2025-05-18,1.148,5.4,4.06,0.0,1.33
2025-05-19,1.148,5.39,4.06,0.0,1.33
2025-05-20,1.148,5.39,4.06,0.0,1.32
2025-05-21,1.147,5.38,4.06,0.0,1.32
2025-05-22,1.147,5.38,4.06,0.0,1.31
2025-05-23,1.147,5.37,4.06,0.0,1.31
2025-05-24,1.146,5.37,4.06,0.0,1.3
2025-05-25,1.146,5.36,4.06,0.0,1.3
2025-05-26,1.146,5.36,4.06,0.0,1.29
2025-05-27,1.146,5.35,4.06,0.0,1.29
2025-05-28,1.145,5.35,4.06,0.0,1.28
2025-05-29,1.145,5.34,4.06,0.0,1.28
2025-05-30,1.145,5.34,4.06,0.0,1.28
2025-05-31,1.145,5.33,4.06,0.0,1.27
2025-06-01,1.144,5.33,4.06,0.0,1.27
2025-06-02,1.144,5.33,4.06,0.0,1.26
2025-06-03,1.144,5.32,4.06,0.0,1.26
2025-06-04,1.144,5.32,4.06,0.0,1.25
2025-06-05,1.144,5.31,4.06,0.0,1.25
2025-06-06,1.143,5.31,4.06,0.0,1.24
2025-06-07,1.143,5.3,4.06,0.0,1.24
2025-06-08,1.143,5.3,4.06,0.0,1.23
2025-06-09,1.143,5.29,4.06,0.0,1.23
2025-06-10,1.143,5.29,4.06,0.0,1.23
2025-06-11,1.142,5.28,4.06,0.0,1.22
2025-06-12,1.142,5.28,4.06,0.0,1.22
2025-06-13,1.142,5.28,4.06,0.0,1.21
2025-06-14,1.142,5.27,4.06,0.0,1.21
2025-06-15,1.142,5.27,4.06,0.0,1.2
2025-06-16,1.142,5.26,4.06,0.0,1.2
2025-06-17,1.141,5.26,4.06,0.0,1.19
2025-06-18,1.141,5.25,4.06,0.0,1.19
2025-06-19,1.141,5.25,4.06,0.0,1.19
2025-06-20,1.141,5.25,4.06,0.0,1.18
2025-06-21,1.141,5.24,4.06,0.0,1.18
2025-06-22,1.141,5.24,4.06,0.0,1.17
2025-06-23,1.141,5.23,4.06,0.0,1.17
2025-06-24,1.14,5.23,4.06,0.0,1.17
2025-06-25,1.14,5.22,4.06,0.0,1.16
2025-06-26,1.14,5.22,4.06,0.0,1.16
2025-06-27,1.14,5.22,4.06,0.0,1.15
2025-06-28,1.14,5.21,4.06,0.0,1.15
2025-06-29,1.14,5.21,4.06,0.0,1.14
2025-06-30,1.14,5.2,4.06,0.0,1.14
2025-07-01,1.139,5.2,4.06,0.0,1.14
2025-07-02,1.139,5.2,4.06,0.0,1.13
2025-07-03,1.139,5.19,4.06,0.0,1.13
2025-07-04,1.139,5.19,4.06,0.0,1.12
2025-07-05,1.139,5.18,4.06,0.0,1.12
2025-07-06,1.139,5.18,4.06,0.0,1.12
2025-07-07,1.139,5.18,4.06,0.0,1.11
2025-07-08,1.139,5.17,4.06,0.0,1.11
2025-07-09,1.139,5.17,4.06,0.0,1.1
2025-07-10,1.139,5.16,4.06,0.0,1.1
2025-07-11,1.138,5.16,4.06,0.0,1.1
2025-07-12,1.138,5.16,4.06,0.0,1.09
2025-07-13,1.138,5.15,4.06,0.0,1.09
2025-07-14,1.137,5.15,4.06,0.0,1.09
2025-07-15,1.135,5.15,4.06,0.0,1.08
2025-07-16,1.131,5.15,4.06,0.0,1.08
2025-07-17,1.128,5.15,4.06,0.0,1.08
2025-07-18,1.125,5.14,4.06,0.0,1.08
2025-07-19,1.121,5.14,4.06,0.0,1.08
2025-07-20,1.118,5.14,4.06,0.0,1.08
2025-07-21,1.115,5.14,4.06,0.0,1.08
2025-07-22,1.112,5.14,4.06,0.0,1.08
2025-07-23,1.109,5.14,4.06,0.0,1.07
2025-07-24,1.106,5.14,4.06,0.0,1.07
2025-07-25,1.103,5.14,4.06,0.0,1.07
2025-07-26,1.1,5.14,4.06,0.0,1.07
2025-07-27,1.097,5.13,4.06,0.0,1.07
2025-07-28,1.094,5.13,4.06,0.0,1.07
2025-07-29,1.091,5.13,4.06,0.0,1.07
2025-07-30,1.088,5.13,4.06,0.0,1.07
2025-07-31,1.085,5.13,4.06,0.0,1.06
2025-08-01,1.083,5.13,4.06,0.0,1.06
2025-08-02,1.08,5.13,4.06,0.0,1.06
2025-08-03,1.077,5.12,4.06,0.0,1.06
2025-08-04,1.074,5.12,4.06,0.0,1.06
2025-08-05,1.072,5.12,4.06,0.0,1.06
2025-08-06,1.069,5.12,4.06,0.0,1.06
2025-08-07,1.067,5.12,4.06,0.0,1.06
2025-08-08,1.064,5.12,4.06,0.0,1.05
2025-08-09,1.061,5.12,4.06,0.0,1.05
2025-08-10,1.059,5.11,4.06,0.0,1.05
2025-08-11,1.056,5.11,4.06,0.0,1.05
2025-08-12,1.054,5.11,4.06,0.0,1.05
2025-08-13,1.052,5.11,4.06,0.0,1.05
2025-08-14,1.049,5.11,4.06,0.0,1.05
2025-08-15,1.047,5.11,4.06,0.0,1.04
2025-08-16,1.045,5.11,4.06,0.0,1.04
2025-08-17,1.042,5.1,4.06,0.0,1.04
2025-08-18,1.04,5.1,4.06,0.0,1.04
2025-08-19,1.038,5.1,4.06,0.0,1.04
2025-08-20,1.036,5.1,4.06,0.0,1.04
2025-08-21,1.033,5.1,4.06,0.0,1.03
2025-08-22,1.031,5.1,4.06,0.0,1.03
2025-08-23,1.029,5.1,4.06,0.0,1.03
2025-08-24,1.027,5.09,4.06,0.0,1.03
2025-08-25,1.025,5.09,4.06,0.0,1.03
2025-08-26,1.023,5.09,4.06,0.0,1.03
2025-08-27,1.021,5.09,4.06,0.0,1.03
2025-08-28,1.019,5.09,4.06,0.0,1.02
2025-08-29,1.017,5.09,4.06,0.0,1.02
2025-08-30,1.015,5.08,4.06,0.0,1.02
2025-08-31,1.013,5.08,4.06,0.0,1.02
2025-09-01,1.011,5.08,4.06,0.0,1.02
2025-09-02,1.009,5.08,4.06,0.0,1.02
2025-09-03,1.007,5.08,4.06,0.0,1.01
2025-09-04,1.005,5.08,4.06,0.0,1.01
2025-09-05,1.004,5.07,4.06,0.0,1.01
2025-09-06,1.002,5.07,4.06,0.0,1.01
2025-09-07,1.0,5.07,4.06,0.0,1.01
2025-09-08,0.998,5.07,4.06,0.0,1.01
2025-09-09,0.997,5.07,4.06,0.0,1.0
2025-09-10,0.995,5.07,4.06,0.0,1.0
2025-09-11,0.993,5.06,4.06,0.0,1.0
2025-09-12,0.991,5.06,4.06,0.0,1.0
2025-09-13,0.99,5.06,4.06,0.0,1.0
2025-09-14,0.988,5.06,4.06,0.0,0.99
2025-09-15,0.987,5.06,4.06,0.0,0.99
2025-09-16,0.985,5.05,4.06,0.0,0.99
2025-09-17,0.983,5.05,4.06,0.0,0.99
2025-09-18,0.982,5.05,4.06,0.0,0.99
2025-09-19,0.98,5.05,4.06,0.0,0.99
2025-09-20,0.979,5.05,4.06,0.0,0.98
2025-09-21,0.977,5.05,4.06,0.0,0.98
2025-09-22,0.976,5.04,4.06,0.0,0.98
2025-09-23,0.974,5.04,4.06,0.0,0.98
2025-09-24,0.973,5.04,4.06,0.0,0.98
2025-09-25,0.972,5.04,4.06,0.0,0.98
2025-09-26,0.976,5.1,4.06,0.0,1.03
2025-09-27,0.974,5.09,4.06,0.0,1.02
2025-09-28,0.969,5.04,4.06,0.0,0.98
2025-09-29,0.967,5.03,4.06,0.0,0.97
2025-09-30,0.965,5.03,4.06,0.0,0.97
